股票代码,买点类型,信号日期,前向可用日,启动天数,60日最大涨幅
000001,1买,2022-10-31,60,1,54.01
000001,2买,2022-12-26,60,1,23.84
000001,1买,2023-04-26,60,2,13.43
000001,1买,2024-01-23,60,1,25.45
000001,2买,2024-04-12,60,3,16.93
000001,3买,2024-07-08,60,4,36.35
000001,1买,2024-09-12,60,5,39.75
000001,2买,2024-11-26,60,8,7.9
000001,1买,2025-01-22,60,3,8.3
000001,2买,2025-10-20,60,17,6.39
000002,1买,2022-11-01,60,1,57.12
000002,2买,2023-04-06,60,1,8.33
000002,1买,2023-07-18,60,4,16.37
000002,1买,2024-04-26,60,1,53.8
000002,1买,2024-08-29,60,1,72.98
000002,2买,2025-01-13,60,1,25.5
000002,2买,2025-01-13,60,1,25.5
000002,1买,2025-06-23,60,4,16.26
000002,1买,2026-04-27,21,2,12.43
000006,1买,2023-06-01,60,1,30.55
000006,1买,2023-06-29,60,7,42.19
000006,1买,2024-02-06,60,1,29.18
000006,2买,2024-06-14,60,1,33.04
000006,2买,2025-01-13,60,1,30.43
000006,2买,2025-01-13,60,1,30.43
000006,3买,2025-01-13,60,1,30.43
000006,3买,2025-01-13,60,1,30.43
000006,1买,2025-04-09,60,1,42.91
000006,3买,2025-04-09,60,1,42.91
000006,2买,2025-08-04,60,3,154.52
000007,1买,2024-04-19,60,1,67.06
000007,2买,2024-08-23,60,1,106.97
000008,3买,2025-09-05,60,5,28.62
000008,1买,2026-03-24,44,1,41.73
000009,1买,2024-09-18,60,1,56.2
000009,2买,2025-02-05,60,2,9.66
000009,1买,2025-04-09,60,1,27.45
000010,1买,2022-10-11,60,1,32.78
000010,1买,2025-04-09,60,1,56.48
000010,2买,2025-12-17,60,1,48.35
000010,2买,2025-12-17,60,1,48.35
000011,1买,2022-10-25,60,1,53.98
000011,2买,2023-01-16,60,2,11.61
000011,1买,2023-04-26,60,1,10.41
000011,1买,2023-06-26,60,8,31.69
000011,1买,2023-12-27,60,3,24.03
000011,1买,2024-01-23,60,1,27.47
000011,1买,2025-04-09,60,1,24.02
000011,2买,2025-06-23,60,1,38.54
000011,2买,2025-09-23,60,1,35.19
000011,2买,2025-09-23,60,1,35.19
000011,1买,2026-05-07,16,2,10.05
000012,1买,2023-03-16,60,2,9.58
000012,1买,2023-10-24,60,3,12.16
000012,1买,2024-02-05,60,1,16.37
000012,2买,2024-04-26,60,1,14.56
000012,2买,2024-04-26,60,1,14.56
000012,1买,2024-07-25,60,4,32.57
000012,2买,2024-11-25,60,1,9.26
000012,1买,2025-01-13,60,1,6.65
000012,1买,2025-06-23,60,7,14.35
000014,1买,2022-10-31,60,1,55.75
000014,2买,2023-04-26,60,2,80.35
000014,1买,2023-12-27,60,1,38.29
000014,3买,2023-12-27,60,1,38.29
000014,1买,2024-02-07,60,1,28.21
000014,1买,2024-08-29,60,1,68.85
000014,2买,2025-01-13,60,1,24.02
000014,1买,2025-04-09,60,1,45.92
000014,2买,2025-06-23,60,1,64.66
000014,2买,2025-06-23,60,1,64.66
000014,2买,2025-06-23,60,1,64.66
000014,3买,2025-06-23,60,1,64.66
000014,1买,2026-03-04,58,2,29.37
000016,1买,2022-10-11,60,1,12.34
000016,1买,2023-01-03,60,1,19.69
000016,2买,2023-03-14,60,4,24.44
000016,1买,2024-02-06,60,1,53.11
000016,2买,2025-02-06,60,1,38.24
000016,1买,2025-04-08,60,1,58.49
000016,3买,2025-04-08,60,1,58.49
000016,2买,2025-06-23,60,1,44.77
000017,1买,2022-10-11,60,1,63.71
000017,2买,2023-02-07,60,1,15.64
000017,1买,2024-07-26,60,1,35.06
000017,3买,2024-07-26,60,1,35.06
000017,1买,2024-09-18,60,1,53.36
000017,2买,2025-01-13,60,1,27.55
000017,1买,2025-04-09,60,1,54.23
000017,2买,2025-08-04,60,4,22.56
000019,1买,2023-06-29,60,3,13.95
000019,1买,2024-02-06,60,1,31.73
000019,2买,2024-04-17,60,1,14.96
000019,1买,2024-09-18,60,1,34.66
000019,2买,2024-11-19,60,2,12.02
000020,3买,2023-12-27,60,1,75.34
000020,1买,2025-09-23,60,1,40.47
000020,2买,2025-12-31,60,1,88.82
000021,3买,2023-10-30,60,1,25.68
000021,1买,2024-02-05,60,1,54.03
000021,2买,2024-05-27,60,1,31.22
000021,1买,2025-01-13,60,1,30.76
000021,3买,2025-01-13,60,1,30.76
000021,2买,2025-11-24,60,1,59.94
000021,3买,2025-11-24,60,1,59.94
000025,1买,2023-10-24,60,1,26.78
000025,2买,2023-12-27,60,1,26.73
000025,1买,2024-02-06,60,1,43.19
000025,2买,2024-07-09,60,1,45.49
000025,1买,2025-01-13,60,1,28.88
000025,2买,2025-03-11,60,1,34.16
000025,1买,2025-04-09,60,1,53.03
000026,1买,2022-10-11,60,1,35.61
000026,2买,2022-12-20,60,5,37.05
000026,3买,2023-08-25,60,1,15.95
000026,1买,2025-04-09,60,1,111.23
000026,2买,2025-06-23,60,1,107.46
000026,3买,2025-09-05,60,1,13.12
000026,3买,2025-09-05,60,1,13.12
000027,1买,2025-04-09,60,1,15.2
000027,2买,2025-06-23,60,3,16.83
000028,1买,2025-04-09,60,1,12.46
000029,1买,2023-04-25,60,1,25.41
000029,3买,2023-04-25,60,1,25.41
000029,1买,2023-05-19,60,1,29.45
000029,2买,2023-10-24,60,1,29.93
000029,2买,2023-10-24,60,1,29.93
000029,3买,2025-03-21,60,1,49.41
000029,1买,2025-04-09,60,1,66.67
000029,2买,2026-01-28,60,1,21.55
000029,1买,2026-03-24,44,1,75.76
000030,1买,2025-04-09,60,1,42.86
000030,2买,2025-09-11,60,4,5.81
000030,3买,2025-09-11,60,4,5.81
000031,1买,2023-03-14,60,2,18.05
000031,2买,2023-04-27,60,1,21.97
000031,1买,2024-07-10,60,1,67.42
000031,2买,2025-01-24,60,1,11.11
000031,1买,2025-04-09,60,1,24.14
000031,2买,2025-06-23,60,1,38.4
000032,3买,2023-07-31,60,1,12.47
000032,1买,2023-11-02,60,2,33.32
000032,1买,2024-01-10,60,1,35.55
000032,1买,2024-02-06,60,1,59.68
000032,2买,2025-01-13,60,1,124.65
000032,2买,2025-04-09,60,1,31.55
000034,3买,2023-05-17,60,1,30.53
000034,3买,2025-04-09,60,1,37.55
000035,1买,2022-12-23,60,2,18.85
000035,1买,2025-04-09,60,1,11.89
000035,2买,2025-12-03,60,1,50.28
000035,2买,2025-12-03,60,1,50.28
000036,1买,2023-05-30,60,1,28.74
000036,2买,2023-10-23,60,2,18.36
000036,1买,2024-08-29,60,1,130.07
000036,2买,2025-01-13,60,1,23.68
000036,1买,2025-04-09,60,1,28.05
000036,2买,2025-08-04,60,5,42.06
000036,3买,2025-08-04,60,5,42.06
000036,1买,2026-03-23,45,1,43.85
000037,1买,2025-04-09,60,1,65.36
000037,2买,2025-06-23,60,1,37.8
000037,1买,2025-12-17,60,2,37.09
000039,1买,2023-10-24,60,2,34.71
000039,2买,2024-05-06,60,1,23.88
000039,1买,2025-04-09,60,1,24.43
000039,2买,2025-08-20,60,4,17.42
000039,3买,2025-08-20,60,4,17.42
000039,1买,2025-09-24,60,1,28.29
000039,2买,2025-11-12,60,2,47.8
000039,3买,2026-03-23,45,1,32.78
000042,1买,2024-08-29,60,1,67.35
000042,2买,2024-11-19,60,1,52.81
000042,1买,2025-12-17,60,2,27.12
000045,3买,2023-08-28,60,1,44.93
000045,1买,2024-11-27,60,1,23.81
000045,1买,2025-04-09,60,1,41.43
000045,2买,2025-08-04,60,3,56.66
000045,1买,2025-09-04,60,1,57.87
000045,2买,2025-12-17,60,1,20.98
000048,1买,2022-09-30,60,1,23.34
000048,2买,2022-12-29,60,1,41.85
000048,1买,2023-08-24,60,2,21.49
000048,1买,2024-09-18,60,1,52.96
000049,1买,2023-08-25,60,1,18.06
000049,2买,2023-10-24,60,1,17.29
000049,1买,2024-02-05,60,1,44.86
000049,2买,2024-06-11,60,1,50.99
000049,1买,2025-04-09,60,1,29.77
000049,2买,2025-11-24,60,1,22.53
000050,1买,2023-08-28,60,2,37.11
000050,1买,2024-08-28,60,1,66.82
000050,1买,2024-09-20,60,1,74.26
000050,2买,2025-01-06,60,1,13.5
000050,2买,2025-01-06,60,1,13.5
000050,2买,2025-01-06,60,1,13.5
000050,1买,2025-04-09,60,1,31.04
000050,2买,2025-09-11,60,1,10.46
000050,3买,2025-09-11,60,1,10.46
000055,1买,2024-07-10,60,1,35.58
000055,1买,2024-09-18,60,1,43.17
000055,2买,2025-01-13,60,1,26.24
000055,2买,2025-01-13,60,1,26.24
000055,1买,2025-04-09,60,1,29.15
000055,2买,2025-06-23,60,1,19.64
000055,3买,2025-06-23,60,1,19.64
000056,1买,2024-06-25,60,1,20.12
000056,1买,2024-07-10,60,1,57.41
000056,2买,2025-01-06,60,1,67.9
000056,2买,2025-01-06,60,1,67.9
000056,3买,2025-04-09,60,1,28.36
000056,3买,2025-04-09,60,1,28.36
000058,1买,2023-04-27,60,1,16.07
000058,2买,2023-05-30,60,3,14.26
000058,1买,2024-02-06,60,1,38.74
000058,2买,2024-11-19,60,1,34.99
000058,3买,2025-06-23,60,1,26.1
000058,1买,2026-03-24,44,1,10.85
000059,1买,2024-09-18,60,1,64.25
000059,2买,2025-01-22,60,3,25.47
000059,1买,2025-07-16,60,3,16.53
000060,1买,2024-02-05,60,1,47.06
000060,2买,2024-07-25,60,4,36.84
000060,1买,2024-09-18,60,1,40.0
000060,2买,2025-02-28,60,3,14.19
000060,1买,2025-04-09,60,1,13.7
000060,2买,2025-11-05,60,1,77.65
000060,1买,2025-11-24,60,5,83.3
000060,3买,2025-11-24,60,5,83.3
000061,1买,2023-10-23,60,1,11.2
000061,3买,2023-10-23,60,1,11.2
000061,1买,2025-03-06,60,7,25.74
000061,3买,2025-03-06,60,7,25.74
000061,2买,2025-05-06,60,1,10.28
000061,2买,2025-05-06,60,1,10.28
000061,1买,2025-05-26,60,4,11.52
000062,1买,2023-08-25,60,1,19.3
000062,2买,2025-01-13,60,1,40.32
000062,3买,2025-01-13,60,1,40.32
000062,1买,2025-04-09,60,1,70.85
000062,3买,2025-04-09,60,1,70.85
000062,2买,2025-06-23,60,1,46.3
000063,3买,2023-05-15,60,1,56.2
000063,1买,2024-02-05,60,1,49.35
000063,2买,2024-06-25,60,1,12.63
000063,1买,2024-09-11,60,5,56.27
000063,2买,2024-12-13,60,2,46.43
000065,3买,2023-05-26,60,1,26.05
000065,1买,2024-01-23,60,1,44.48
000065,1买,2024-02-06,60,1,58.4
000065,2买,2024-03-29,60,1,26.69
000065,2买,2024-03-29,60,1,26.69
000065,1买,2024-09-18,60,1,49.69
000065,2买,2025-01-13,60,1,52.37
000066,1买,2022-10-11,60,1,68.49
000066,2买,2022-12-23,60,2,47.7
000066,3买,2025-04-07,60,1,32.97
000068,1买,2023-10-23,60,1,17.49
000068,2买,2024-11-27,60,1,29.02
000068,1买,2025-04-09,60,1,25.17
000068,2买,2025-08-04,60,1,28.27
000068,1买,2026-04-28,20,1,12.14
000069,1买,2022-11-01,60,1,48.07
000069,2买,2023-02-01,60,1,9.55
000069,1买,2023-03-30,60,1,14.41
000069,1买,2023-07-17,60,3,16.74
000069,1买,2024-01-23,60,1,19.26
000069,1买,2024-08-28,60,2,97.18
000069,2买,2025-02-06,60,1,11.39
000069,1买,2025-06-23,60,1,15.14
000069,3买,2025-06-23,60,1,15.14
000070,3买,2025-04-09,60,1,63.1
000070,3买,2025-10-20,60,2,72.9
000078,1买,2022-08-04,60,1,10.84
000078,1买,2022-09-27,60,1,24.35
000078,2买,2023-04-26,60,1,10.03
000078,1买,2023-08-25,60,1,10.44
000078,1买,2023-10-24,60,2,23.59
000078,2买,2023-12-22,60,1,20.62
000088,1买,2023-04-03,60,6,14.29
000088,1买,2024-02-05,60,1,21.28
000088,2买,2024-07-11,60,12,27.15
000088,1买,2024-09-18,60,4,32.86
000088,2买,2025-01-13,60,2,11.67
000088,1买,2025-11-27,60,10,8.72
000088,2买,2026-04-27,21,9,5.38
000089,1买,2022-11-01,60,1,28.46
000089,2买,2023-06-27,60,4,8.5
000089,1买,2023-10-24,60,2,8.03
000089,1买,2024-01-23,60,1,21.96
000089,1买,2024-02-05,60,1,25.95
000089,2买,2024-09-18,60,4,32.76
000089,2买,2025-01-13,60,1,9.34
000089,2买,2025-01-13,60,1,9.34
000089,1买,2025-04-15,60,9,10.5
000090,1买,2023-03-30,60,3,10.8
000090,1买,2024-02-06,60,1,17.68
000090,1买,2026-04-07,35,1,10.95
000096,1买,2022-10-12,60,1,16.58
000096,2买,2022-12-23,60,2,15.24
000096,3买,2024-06-25,60,1,11.14
000096,1买,2024-07-25,60,1,38.81
000096,2买,2025-01-06,60,1,124.22
000096,3买,2025-01-06,60,1,124.22
000096,1买,2025-09-23,60,1,10.81
000099,3买,2023-09-27,60,4,11.72
000099,1买,2023-10-24,60,1,26.2
000099,2买,2023-12-11,60,1,69.19
000099,1买,2024-02-06,60,1,242.62
000099,2买,2024-07-25,60,1,66.76
000099,1买,2024-09-23,60,1,141.52
000099,3买,2024-09-23,60,1,141.52
000099,2买,2025-01-08,60,1,38.72
000099,1买,2025-04-09,60,1,27.99
000100,1买,2024-09-18,60,2,63.76
000100,2买,2025-04-09,60,1,23.1
000100,1买,2025-11-24,60,6,29.46
000100,3买,2025-11-24,60,6,29.46
000151,3买,2023-04-11,60,1,10.07
000151,1买,2023-08-25,60,1,23.64
000151,1买,2024-02-08,60,1,50.43
000151,2买,2024-08-23,60,1,122.61
000151,2买,2025-01-13,60,1,24.72
000151,1买,2025-04-08,60,1,34.42
000153,3买,2023-10-23,60,1,16.56
000153,1买,2024-09-18,60,1,42.54
000153,2买,2025-01-13,60,1,19.86
000153,3买,2025-09-23,60,1,12.88
000153,1买,2025-12-17,60,1,10.68
000155,1买,2023-10-20,60,3,26.57
000155,1买,2025-01-02,60,1,14.67
000155,2买,2025-02-20,60,1,11.05
000155,2买,2026-02-06,60,1,60.1
000158,3买,2025-01-06,60,1,69.01
000158,1买,2025-04-09,60,1,60.71
000158,3买,2025-04-09,60,1,60.71
000158,2买,2025-10-15,60,1,22.82
000158,1买,2025-12-17,60,3,15.38
000159,1买,2025-04-09,60,1,65.08
000166,1买,2022-09-30,60,4,11.02
000166,2买,2022-12-26,60,14,11.7
000166,1买,2023-10-23,60,1,12.65
000166,2买,2024-04-15,60,3,12.24
000166,3买,2025-01-13,60,1,11.04
000166,1买,2025-04-08,60,1,17.71
000166,2买,2025-09-23,60,4,10.04
000166,3买,2025-09-23,60,4,10.04
000301,1买,2024-09-18,60,1,51.08
000301,2买,2025-01-02,60,1,21.76
000301,1买,2025-04-08,60,1,29.08
000301,2买,2025-10-21,60,2,27.78
000333,1买,2023-06-01,60,1,26.31
000333,2买,2023-12-06,60,2,36.72
000333,1买,2025-02-26,60,1,17.18
000333,3买,2025-02-26,60,1,17.18
000333,1买,2025-04-07,60,1,21.9
000333,2买,2025-08-01,60,9,11.73
000338,3买,2024-06-24,60,1,8.97
000338,1买,2024-09-13,60,2,49.83
000401,1买,2022-11-01,60,1,20.05
000401,2买,2023-01-13,60,1,14.94
000401,1买,2023-04-27,60,1,20.98
000401,1买,2024-04-26,60,1,14.02
000401,1买,2025-06-23,60,2,34.52
000401,2买,2026-01-05,60,3,23.68
000402,1买,2022-10-31,60,2,41.89
000402,2买,2023-03-30,60,8,4.64
000402,1买,2023-07-17,60,3,19.77
000402,1买,2024-07-29,60,1,83.33
000402,1买,2024-08-29,60,1,141.54
000402,2买,2025-04-09,60,1,27.27
000402,2买,2025-04-09,60,1,27.27
000402,3买,2025-12-18,60,5,9.96
000403,1买,2023-08-23,60,1,58.66
000403,2买,2024-02-05,60,1,44.46
000403,1买,2025-06-11,60,1,14.21
000404,3买,2023-10-23,60,1,15.82
000404,1买,2024-02-07,60,1,95.59
000404,2买,2024-07-09,60,1,52.84
000404,1买,2025-04-09,60,1,34.15
000404,2买,2025-09-24,60,6,5.59
000404,3买,2025-09-24,60,6,5.59
000404,1买,2025-12-17,60,3,14.16
000407,1买,2023-04-26,60,2,8.1
000407,1买,2024-02-07,60,1,36.44
000407,2买,2024-06-24,60,1,10.71
000407,2买,2025-12-17,60,2,40.36
000408,1买,2023-04-27,60,1,15.32
000408,2买,2024-02-05,60,1,47.79
000408,1买,2024-07-25,60,1,47.2
000408,2买,2024-12-19,60,4,41.64
000409,1买,2024-08-28,60,1,58.27
000409,2买,2024-11-19,60,1,42.35
000409,3买,2024-11-19,60,1,42.35
000409,3买,2025-01-13,60,1,107.92
000409,3买,2025-06-23,60,1,29.11
000409,3买,2025-10-13,60,1,24.16
000409,1买,2025-12-17,60,1,36.3
000410,3买,2023-03-16,60,6,62.46
000410,1买,2024-02-06,60,1,47.62
000410,2买,2024-03-29,60,3,13.97
000410,3买,2024-03-29,60,3,13.97
000410,1买,2025-04-09,60,1,21.96
000410,2买,2025-06-23,60,2,25.48
000410,1买,2026-03-24,44,1,8.5
000411,1买,2022-09-27,60,1,81.22
000411,2买,2022-10-28,60,1,52.3
000411,1买,2023-04-26,60,1,21.66
000411,2买,2023-06-26,60,3,39.21
000411,3买,2023-06-26,60,3,39.21
000411,1买,2024-02-06,60,1,40.99
000411,2买,2024-04-17,60,1,20.95
000411,1买,2024-08-26,60,1,34.05
000411,2买,2025-01-13,60,1,15.43
000411,1买,2025-04-09,60,1,19.08
000415,3买,2025-04-09,60,1,38.37
000415,3买,2025-09-04,60,1,17.72
000417,1买,2022-10-11,60,1,37.34
000417,2买,2023-04-11,60,2,14.09
000417,1买,2023-10-27,60,4,19.35
000417,2买,2025-01-13,60,1,31.47
000417,3买,2025-01-13,60,1,31.47
000417,3买,2025-04-08,60,1,35.25
000419,1买,2023-04-25,60,1,14.42
000419,2买,2023-10-24,60,1,23.95
000419,3买,2025-05-26,60,2,26.89
000419,3买,2025-12-15,60,1,18.49
000420,1买,2023-10-24,60,1,17.61
000420,1买,2023-12-27,60,1,47.08
000420,1买,2024-02-06,60,1,84.86
000420,2买,2024-07-09,60,1,25.75
000420,2买,2024-07-09,60,1,25.75
000420,2买,2024-07-09,60,1,25.75
000420,1买,2024-07-25,60,1,34.24
000420,2买,2025-01-13,60,1,29.41
000420,1买,2025-04-09,60,1,66.56
000420,3买,2025-04-09,60,1,66.56
000420,2买,2025-06-23,60,1,28.03
000420,3买,2025-06-23,60,1,28.03
000421,1买,2023-10-23,60,1,109.03
000421,2买,2024-03-28,60,1,24.02
000421,1买,2025-04-09,60,1,36.73
000421,2买,2025-09-23,60,1,36.79
000422,1买,2024-02-05,60,1,90.06
000422,2买,2024-03-28,60,1,62.11
000422,3买,2025-01-13,60,1,45.12
000422,1买,2025-04-30,60,1,39.89
000422,2买,2025-09-25,60,1,32.84
000422,1买,2026-05-28,1,,3.53
000423,3买,2023-06-26,60,2,17.87
000423,1买,2024-01-23,60,1,49.43
000423,1买,2024-09-18,60,1,51.73
000423,2买,2024-11-04,60,1,16.84
000423,2买,2024-11-04,60,1,16.84
000423,3买,2025-02-27,60,1,20.18
000423,1买,2025-09-23,60,1,7.9
000425,1买,2024-09-10,60,1,43.53
000425,3买,2024-09-10,60,1,43.53
000425,2买,2025-01-13,60,1,35.34
000425,3买,2025-06-23,60,3,36.86
000426,3买,2023-12-18,60,1,31.37
000426,1买,2024-02-06,60,1,95.21
000426,2买,2024-06-28,60,1,18.58
000426,3买,2025-01-03,60,1,35.18
000426,1买,2025-04-09,60,1,75.22
000426,2买,2025-11-05,60,1,176.01
000428,1买,2022-10-12,60,1,81.89
000428,2买,2023-02-27,60,1,15.84
000428,1买,2023-03-17,60,2,18.18
000428,1买,2024-07-25,60,2,51.53
000428,2买,2025-01-13,60,1,28.47
000429,1买,2022-11-01,60,2,14.43
000429,2买,2023-02-20,60,7,14.34
000429,1买,2023-03-30,60,8,16.49
000429,2买,2023-11-07,60,2,17.45
000429,3买,2024-06-14,60,2,15.73
000429,1买,2024-07-24,60,1,25.33
000498,1买,2025-04-09,60,1,11.96
000498,2买,2025-05-06,60,5,13.06
000501,1买,2023-10-24,60,3,13.13
000501,2买,2025-03-25,60,1,35.22
000501,3买,2025-03-25,60,1,35.22
000503,1买,2024-07-18,60,1,131.25
000503,2买,2024-08-28,60,1,173.66
000503,1买,2025-04-09,60,1,17.62
000503,3买,2025-04-09,60,1,17.62
000503,2买,2025-08-14,60,1,11.1
000503,3买,2025-08-14,60,1,11.1
000503,1买,2026-01-05,60,1,41.69
000505,1买,2023-05-26,60,13,16.53
000505,1买,2023-06-26,60,5,17.17
000505,1买,2024-01-23,60,1,19.7
000505,1买,2024-02-07,60,1,35.24
000505,2买,2025-01-06,60,1,27.73
000505,2买,2025-06-23,60,4,22.55
000505,1买,2025-09-30,60,2,58.33
000506,1买,2024-02-07,60,1,178.31
000506,2买,2025-03-18,60,1,99.19
000506,3买,2025-03-18,60,1,99.19
000507,1买,2022-10-11,60,1,28.49
000507,2买,2022-12-26,60,1,14.03
000507,1买,2023-06-27,60,4,7.66
000507,2买,2023-08-14,60,5,5.11
000507,1买,2024-01-23,60,1,23.11
000507,1买,2024-02-07,60,1,26.62
000507,2买,2024-07-09,60,3,29.79
000507,1买,2024-09-18,60,4,39.72
000507,2买,2025-01-13,60,1,22.11
000507,2买,2025-01-13,60,1,22.11
000507,1买,2025-04-08,60,1,40.9
000507,2买,2025-05-12,60,1,25.1
000507,3买,2025-05-12,60,1,25.1
000507,1买,2025-10-09,60,8,8.08
000509,1买,2022-10-11,60,1,58.72
000509,2买,2022-12-23,60,1,33.52
000509,1买,2025-04-09,60,1,36.72
000509,2买,2025-06-23,60,1,18.18
000509,1买,2026-03-04,58,1,96.26
000510,3买,2025-01-06,60,1,33.74
000510,1买,2025-04-09,60,1,120.0
000510,2买,2025-08-04,60,1,33.19
000513,1买,2022-10-11,60,1,40.82
000513,2买,2022-12-29,60,4,17.06
000513,1买,2023-08-08,60,1,16.73
000513,1买,2023-10-26,60,1,16.55
000513,2买,2024-02-02,60,1,26.15
000513,2买,2024-02-02,60,1,26.15
000514,1买,2022-08-04,60,1,23.98
000514,2买,2023-01-16,60,4,14.14
000514,1买,2023-04-26,60,1,33.24
000514,2买,2023-10-19,60,1,15.94
000514,1买,2024-01-23,60,1,23.35
000514,2买,2025-06-23,60,1,81.06
000514,3买,2025-09-23,60,1,35.74
000516,1买,2023-04-06,60,1,21.13
000516,3买,2023-04-06,60,1,21.13
000516,1买,2023-06-28,60,2,15.48
000516,1买,2023-09-26,60,1,31.44
000516,1买,2024-08-27,60,1,63.59
000516,2买,2025-01-13,60,1,42.83
000516,1买,2025-12-31,60,1,44.96
000516,2买,2026-03-04,58,2,23.99
000517,1买,2022-10-28,60,1,48.1
000517,2买,2023-04-26,60,2,27.82
000517,1买,2023-07-21,60,1,25.0
000517,1买,2024-02-07,60,1,44.39
000517,2买,2024-07-25,60,3,15.29
000517,1买,2024-09-11,60,3,58.92
000517,1买,2025-06-23,60,1,32.18
000519,1买,2024-02-05,60,1,56.7
000519,2买,2024-03-27,60,1,31.93
000519,3买,2025-09-29,60,1,13.92
000519,1买,2025-12-17,60,2,31.25
000520,1买,2022-12-23,60,2,18.15
000520,1买,2023-10-23,60,1,41.44
000520,2买,2023-12-13,60,3,11.03
000520,1买,2024-09-09,60,1,277.5
000520,2买,2025-01-06,60,1,29.85
000520,2买,2025-01-06,60,1,29.85
000520,3买,2025-01-06,60,1,29.85
000520,1买,2025-04-09,60,1,79.07
000520,3买,2025-04-09,60,1,79.07
000520,2买,2025-10-09,60,2,22.48
000521,3买,2023-10-16,60,1,19.1
000521,1买,2023-12-27,60,3,73.58
000521,2买,2024-04-10,60,1,55.67
000523,1买,2023-04-26,60,1,30.59
000523,2买,2023-06-26,60,4,18.59
000523,1买,2024-09-18,60,1,57.45
000523,2买,2025-01-13,60,1,44.94
000523,3买,2025-09-29,60,10,36.89
000524,1买,2022-10-12,60,1,78.02
000524,2买,2023-03-16,60,1,27.95
000524,1买,2024-02-07,60,1,88.62
000524,2买,2024-04-17,60,1,41.53
000524,1买,2025-01-06,60,1,60.59
000524,2买,2025-06-23,60,1,60.81
000525,1买,2023-05-17,60,1,70.48
000525,2买,2023-10-24,60,1,33.05
000525,1买,2024-02-08,60,1,57.65
000525,2买,2025-07-16,60,1,21.6
000526,1买,2022-10-11,60,1,57.62
000526,2买,2022-12-13,60,1,31.03
000526,3买,2023-06-28,60,1,26.46
000526,3买,2023-08-25,60,1,62.24
000526,3买,2024-05-30,60,1,17.87
000526,1买,2026-04-07,35,1,20.87
000528,3买,2024-08-30,60,1,52.0
000528,3买,2024-10-29,60,1,11.29
000528,1买,2025-02-07,60,1,31.01
000528,2买,2025-10-13,60,1,22.01
000529,1买,2023-10-23,60,1,29.63
000529,1买,2024-09-18,60,1,42.02
000530,1买,2022-12-29,60,2,21.74
000530,1买,2023-04-24,60,1,36.09
000530,2买,2023-09-22,60,1,21.3
000530,2买,2023-09-22,60,1,21.3
000530,1买,2023-10-24,60,1,23.99
000530,2买,2025-01-07,60,1,38.97
000530,1买,2025-04-09,60,1,79.86
000530,3买,2025-04-09,60,1,79.86
000530,2买,2025-09-29,60,3,37.19
000530,3买,2025-09-29,60,3,37.19
000530,1买,2025-11-24,60,5,37.42
000531,1买,2022-12-23,60,3,19.19
000531,2买,2023-04-11,60,1,27.06
000531,3买,2023-12-11,60,2,6.52
000531,1买,2025-04-09,60,1,24.86
000531,2买,2025-06-23,60,1,25.39
000531,1买,2026-02-03,60,6,38.96
000532,1买,2023-08-25,60,1,20.65
000532,1买,2023-10-24,60,1,56.59
000532,2买,2023-12-26,60,1,55.31
000532,2买,2023-12-26,60,1,55.31
000532,1买,2024-09-04,60,1,59.39
000532,2买,2024-11-27,60,1,51.7
000532,3买,2024-11-27,60,1,51.7
000532,3买,2024-11-27,60,1,51.7
000533,3买,2025-08-01,60,1,23.04
000533,1买,2025-09-29,60,2,60.43
000534,1买,2024-09-18,60,1,57.71
000534,2买,2025-01-07,60,1,47.2
000534,3买,2025-04-09,60,1,25.06
000534,1买,2025-06-23,60,2,41.29
000534,2买,2025-09-23,60,1,76.24
000534,3买,2025-09-23,60,1,76.24
000536,1买,2024-07-25,60,1,137.71
000536,2买,2025-01-13,60,1,64.0
000536,3买,2025-01-13,60,1,64.0
000536,1买,2025-04-09,60,1,36.11
000536,3买,2025-04-09,60,1,36.11
000536,2买,2025-06-23,60,1,55.12
000537,1买,2024-04-26,60,1,28.91
000537,1买,2025-04-08,60,1,13.69
000537,2买,2025-06-25,60,6,17.01
000537,1买,2025-12-31,60,7,67.8
000537,2买,2026-05-27,2,1,13.1
000538,1买,2022-10-11,60,2,19.9
000538,2买,2023-03-21,60,8,14.1
000538,1买,2023-06-26,60,3,11.4
000538,1买,2024-02-02,60,1,29.23
000538,2买,2024-07-31,60,1,36.94
000538,2买,2025-03-06,60,17,8.01
000538,3买,2025-06-23,60,22,11.03
000539,1买,2024-09-18,60,1,35.61
000539,2买,2025-01-13,60,1,15.2
000539,3买,2025-09-05,60,1,10.82
000541,1买,2022-11-01,60,1,17.71
000541,2买,2022-11-28,60,2,19.84
000541,1买,2022-12-23,60,7,25.31
000541,2买,2023-03-17,60,3,8.52
000541,1买,2024-09-18,60,1,46.99
000541,2买,2025-01-13,60,1,81.0
000541,3买,2025-04-09,60,1,34.19
000541,3买,2025-06-23,60,1,25.84
000541,1买,2025-12-17,60,2,11.24
000543,1买,2022-12-26,60,2,23.94
000543,2买,2023-10-26,60,1,32.37
000543,3买,2023-12-26,60,1,35.67
000543,3买,2024-08-09,60,3,10.17
000543,1买,2024-09-11,60,1,24.15
000544,1买,2022-10-31,60,2,25.94
000544,2买,2023-01-13,60,4,14.43
000544,3买,2023-09-08,60,3,5.29
000544,1买,2024-02-07,60,1,62.32
000544,2买,2024-04-16,60,1,35.67
000544,1买,2025-04-09,60,1,10.39
000544,2买,2025-08-27,60,1,9.94
000545,1买,2023-06-27,60,2,17.82
000545,2买,2023-10-23,60,1,15.16
000545,3买,2026-04-27,21,1,14.13
000546,1买,2023-01-04,60,1,12.25
000546,1买,2024-07-09,60,1,75.6
000546,2买,2025-01-13,60,1,22.92
000546,1买,2025-04-09,60,1,38.42
000546,2买,2025-08-29,60,1,75.26
000546,1买,2025-09-24,60,1,77.87
000546,2买,2026-02-02,60,1,48.47
000546,1买,2026-03-23,45,1,56.33
000546,2买,2026-05-20,7,1,10.2
000547,1买,2022-12-30,60,1,32.4
000547,2买,2023-05-04,60,1,7.57
000547,1买,2023-10-24,60,1,25.81
000547,1买,2025-04-09,60,1,32.09
000547,2买,2025-09-29,60,1,359.7
000547,2买,2026-04-29,19,1,27.86
000547,1买,2026-05-22,5,1,5.1
000548,1买,2022-08-04,60,1,13.89
000548,1买,2022-10-11,60,1,46.02
000548,2买,2023-04-26,60,1,25.56
000548,2买,2023-04-26,60,1,25.56
000548,1买,2024-07-10,60,1,50.13
000548,2买,2025-01-13,60,1,22.27
000550,1买,2022-12-29,60,2,20.43
000550,2买,2023-09-01,60,1,47.33
000550,1买,2023-10-25,60,1,55.05
000550,2买,2024-07-08,60,1,71.54
000550,3买,2024-07-08,60,1,71.54
000550,3买,2024-09-18,60,1,50.83
000550,1买,2025-04-09,60,1,31.41
000550,2买,2025-08-29,60,1,12.22
000550,1买,2026-02-04,60,8,12.57
000551,1买,2022-12-23,60,2,26.92
000551,2买,2023-04-26,60,1,23.93
000551,1买,2024-09-18,60,1,82.23
000551,2买,2025-01-13,60,1,33.27
000551,1买,2025-04-09,60,1,37.37
000551,2买,2025-06-23,60,1,9.66
000552,1买,2022-12-23,60,12,17.42
000552,2买,2023-04-11,60,4,10.53
000552,1买,2023-06-26,60,2,8.23
000552,1买,2024-02-06,60,1,39.08
000552,2买,2024-11-04,60,1,13.86
000553,1买,2022-10-31,60,2,19.81
000553,2买,2022-12-30,60,12,19.93
000553,1买,2024-02-05,60,1,35.99
000553,2买,2024-11-15,60,1,22.45
000554,1买,2022-11-01,60,1,25.67
000554,2买,2023-04-26,60,2,13.69
000554,1买,2024-09-18,60,1,45.47
000554,2买,2025-01-06,60,1,17.57
000555,1买,2025-04-09,60,1,59.16
000555,2买,2025-10-22,60,1,81.48
000557,1买,2022-12-30,60,2,13.96
000557,2买,2023-02-20,60,8,24.6
000557,1买,2023-10-23,60,1,33.58
000558,1买,2024-02-07,60,1,41.4
000558,2买,2024-11-19,60,1,89.86
000559,1买,2023-10-24,60,1,14.69
000559,1买,2024-07-25,60,1,45.97
000559,2买,2025-01-08,60,1,38.74
000559,2买,2025-01-08,60,1,38.74
000559,1买,2025-04-09,60,1,79.26
000559,3买,2025-04-09,60,1,79.26
000559,2买,2025-09-04,60,1,103.92
000559,3买,2025-09-04,60,1,103.92
000560,1买,2022-08-02,60,1,45.53
000560,2买,2022-12-28,60,1,43.72
000560,3买,2025-04-08,60,1,46.72
000561,3买,2023-02-20,60,1,19.79
000561,1买,2024-02-07,60,1,76.19
000561,2买,2024-07-18,60,1,55.06
000561,1买,2025-04-09,60,1,69.91
000561,2买,2025-10-23,60,1,39.04
000561,1买,2025-11-21,60,1,39.71
000561,3买,2025-11-21,60,1,39.71
000561,2买,2026-02-13,60,5,11.99
000561,1买,2026-03-24,44,1,12.29
000563,1买,2023-06-26,60,2,21.96
000563,1买,2024-02-05,60,1,22.05
000563,2买,2024-03-28,60,3,11.07
000563,2买,2025-04-09,60,1,20.97
000564,1买,2022-10-26,60,1,190.59
000564,2买,2023-01-12,60,1,28.68
000564,3买,2023-03-02,60,1,17.24
000564,1买,2024-07-10,60,1,42.42
000564,3买,2024-07-10,60,1,42.42
000564,1买,2024-08-27,60,1,114.01
000564,2买,2025-02-06,60,1,30.47
000564,2买,2025-02-06,60,1,30.47
000564,3买,2025-02-06,60,1,30.47
000564,1买,2025-06-23,60,1,33.8
000564,2买,2025-12-05,60,1,15.35
000564,3买,2025-12-05,60,1,15.35
000565,1买,2023-06-26,60,1,29.8
000565,2买,2023-10-23,60,1,26.07
000565,1买,2024-07-25,60,1,53.58
000565,2买,2025-01-06,60,1,19.28
000565,3买,2025-03-13,60,1,180.23
000565,1买,2026-03-23,45,1,29.12
000566,1买,2022-10-12,60,1,32.73
000566,2买,2023-01-12,60,2,32.05
000566,1买,2023-07-21,60,5,8.69
000566,1买,2023-09-08,60,2,13.86
000566,1买,2023-10-24,60,1,22.88
000566,1买,2025-04-09,60,1,96.81
000566,2买,2025-09-29,60,1,75.33
000566,2买,2025-09-29,60,1,75.33
000566,2买,2025-09-29,60,1,75.33
000566,2买,2025-09-29,60,1,75.33
000567,1买,2024-02-06,60,1,41.91
000567,1买,2025-04-09,60,1,26.61
000568,1买,2024-09-19,60,2,66.47
000568,2买,2025-01-13,60,1,31.04
000568,1买,2025-06-16,60,2,33.96
000570,1买,2023-10-23,60,1,40.19
000570,1买,2024-08-29,60,1,37.05
000570,2买,2025-01-06,60,1,49.56
000570,2买,2025-06-23,60,1,17.42
000570,3买,2025-09-29,60,3,13.69
000570,3买,2025-09-29,60,3,13.69
000571,1买,2023-03-30,60,1,36.82
000571,2买,2023-10-23,60,1,47.09
000571,3买,2024-04-17,60,1,24.25
000572,1买,2024-07-09,60,1,55.81
000572,2买,2024-09-18,60,1,104.73
000572,1买,2025-04-21,60,1,36.24
000572,2买,2026-03-23,45,1,14.06
000572,3买,2026-03-23,45,1,14.06
000572,1买,2026-04-07,35,1,11.28
000573,1买,2023-06-26,60,1,43.08
000573,2买,2023-08-24,60,1,17.78
000573,1买,2024-01-23,60,1,24.75
000573,1买,2024-08-23,60,1,92.57
000573,2买,2024-12-26,60,1,115.44
000573,2买,2025-04-09,60,1,48.57
000573,3买,2025-04-09,60,1,48.57
000573,3买,2025-04-09,60,1,48.57
000576,1买,2023-08-14,60,3,6.46
000576,1买,2024-09-18,60,1,82.34
000576,2买,2025-01-06,60,1,30.0
000576,1买,2025-04-09,60,1,90.05
000576,2买,2025-10-20,60,4,11.01
000576,2买,2025-10-20,60,4,11.01
000576,3买,2025-10-20,60,4,11.01
000576,1买,2025-12-17,60,1,24.51
000581,1买,2024-01-23,60,1,37.79
000581,2买,2024-03-28,60,1,15.89
000581,1买,2025-01-13,60,3,70.37
000581,3买,2025-01-13,60,3,70.37
000581,2买,2025-08-04,60,2,25.04
000581,3买,2025-08-04,60,2,25.04
000581,3买,2025-12-16,60,3,32.32
000582,1买,2022-10-12,60,2,17.35
000582,2买,2022-12-23,60,2,12.52
000582,1买,2023-10-24,60,2,9.65
000582,1买,2024-01-23,60,1,22.63
000582,1买,2024-02-05,60,1,25.0
000582,2买,2024-09-12,60,5,32.94
000582,2买,2024-11-25,60,3,17.32
000582,2买,2024-11-25,60,3,17.32
000582,1买,2025-08-04,60,15,12.21
000582,3买,2025-08-04,60,15,12.21
000582,2买,2025-11-25,60,4,34.23
000586,1买,2025-04-09,60,1,56.45
000586,2买,2025-09-05,60,1,36.4
000589,3买,2023-11-08,60,2,11.58
000589,1买,2023-12-21,60,3,10.86
000589,1买,2024-09-18,60,1,43.88
000589,2买,2024-11-15,60,1,11.07
000589,1买,2025-01-13,60,1,11.16
000590,1买,2023-01-19,60,1,14.49
000590,1买,2023-06-26,60,3,27.17
000590,2买,2023-08-08,60,1,20.93
000590,2买,2023-12-28,60,1,30.36
000590,3买,2025-08-07,60,1,18.95
000590,3买,2025-08-07,60,1,18.95
000590,1买,2025-10-15,60,1,16.95
000591,1买,2024-02-05,60,1,27.88
000591,2买,2024-04-24,60,2,11.24
000591,1买,2025-04-09,60,1,13.27
000592,3买,2025-08-04,60,7,192.49
000592,3买,2025-08-04,60,7,192.49
000593,1买,2025-04-09,60,1,41.57
000593,2买,2025-09-23,60,1,135.53
000596,1买,2023-03-20,60,1,19.95
000596,3买,2023-03-20,60,1,19.95
000596,1买,2025-07-01,60,6,35.33
000596,2买,2025-10-29,60,2,14.5
000597,1买,2022-09-27,60,1,99.57
000597,2买,2023-06-26,60,5,14.51
000597,1买,2023-09-08,60,2,22.2
000597,1买,2023-10-24,60,1,25.26
000597,1买,2025-04-09,60,1,21.86
000597,2买,2025-09-30,60,1,13.17
000597,2买,2025-09-30,60,1,13.17
000597,2买,2025-09-30,60,1,13.17
000597,1买,2025-12-17,60,2,8.12
000597,1买,2026-03-06,56,1,12.57
000598,1买,2023-10-24,60,2,19.8
000598,2买,2023-12-06,60,4,18.78
000598,3买,2023-12-06,60,4,18.78
000598,1买,2024-01-23,60,1,37.69
000598,2买,2024-06-26,60,2,19.44
000599,1买,2023-10-23,60,1,24.14
000599,3买,2023-10-23,60,1,24.14
000599,2买,2025-04-02,60,1,43.97
000600,1买,2024-09-11,60,4,43.2
000600,2买,2024-11-27,60,2,26.67
000600,1买,2025-01-13,60,1,48.54
000600,2买,2025-03-11,60,2,40.04
000600,1买,2025-09-23,60,3,42.75
000600,3买,2025-09-23,60,3,42.75
000600,2买,2026-02-06,60,1,32.89
000601,1买,2024-02-08,60,1,53.43
000601,2买,2024-04-17,60,1,23.12
000603,1买,2022-10-25,60,1,49.79
000603,2买,2023-07-07,60,2,35.02
000603,1买,2023-11-13,60,2,16.91
000603,1买,2024-02-06,60,1,126.86
000603,2买,2024-06-28,60,1,17.39
000603,1买,2024-09-04,60,6,69.25
000603,2买,2025-01-02,60,1,43.9
000603,2买,2025-01-02,60,1,43.9
000603,1买,2025-04-09,60,1,40.94
000605,1买,2023-04-25,60,1,22.24
000605,2买,2023-06-26,60,1,18.64
000605,1买,2025-04-09,60,1,56.67
000605,3买,2025-04-09,60,1,56.67
000605,2买,2025-06-23,60,1,13.68
000607,3买,2023-04-28,60,1,20.59
000607,1买,2023-10-23,60,1,31.89
000610,1买,2022-10-12,60,1,184.58
000610,2买,2023-05-30,60,1,28.42
000610,3买,2023-07-24,60,1,13.93
000610,1买,2023-08-25,60,1,21.24
000612,1买,2024-09-11,60,2,66.4
000612,2买,2024-11-27,60,1,22.36
000612,3买,2024-11-27,60,1,22.36
000617,1买,2024-01-23,60,1,30.75
000617,2买,2024-04-12,60,1,16.54
000617,3买,2024-04-12,60,1,16.54
000617,1买,2024-07-09,60,3,55.66
000617,1买,2024-09-11,60,4,96.14
000617,2买,2025-04-08,60,1,46.1
000617,2买,2025-04-08,60,1,46.1
000617,3买,2025-05-28,60,1,64.45
000617,3买,2025-05-28,60,1,64.45
000617,1买,2026-02-13,60,2,34.82
000619,1买,2023-04-27,60,1,16.61
000619,1买,2023-06-27,60,1,21.08
000619,2买,2023-10-24,60,1,32.76
000619,1买,2025-04-09,60,1,43.13
000619,2买,2025-09-23,60,1,53.76
000619,3买,2025-09-23,60,1,53.76
000619,1买,2026-03-24,44,1,16.11
000620,1买,2024-02-07,60,1,40.15
000620,2买,2024-04-17,60,1,65.43
000620,1买,2024-08-28,60,1,103.85
000620,2买,2025-04-09,60,1,38.1
000620,3买,2026-03-04,58,1,28.52
000623,1买,2022-08-04,60,5,5.36
000623,2买,2022-12-29,60,11,8.14
000623,3买,2023-09-08,60,2,7.39
000623,1买,2023-10-24,60,3,6.55
000623,1买,2024-08-30,60,1,59.97
000623,2买,2025-01-13,60,1,10.5
000623,3买,2025-01-13,60,1,10.5
000623,1买,2025-04-09,60,1,17.04
000623,3买,2025-04-09,60,1,17.04
000623,2买,2025-09-23,60,1,19.93
000623,2买,2025-09-23,60,1,19.93
000625,1买,2023-04-26,60,1,36.95
000625,2买,2023-06-08,60,1,43.82
000626,1买,2023-06-27,60,1,18.42
000626,1买,2023-10-23,60,1,26.17
000626,2买,2025-08-15,60,3,67.3
000626,2买,2025-08-15,60,3,67.3
000626,3买,2025-08-15,60,3,67.3
000626,1买,2025-09-24,60,3,82.99
000626,2买,2025-12-17,60,1,19.6
000628,1买,2022-11-01,60,1,25.89
000628,2买,2023-03-14,60,1,22.81
000628,3买,2024-04-23,60,1,56.73
000628,1买,2024-08-28,60,1,130.59
000628,2买,2025-01-13,60,1,30.65
000628,1买,2025-04-09,60,1,41.69
000629,1买,2024-02-05,60,1,43.15
000629,1买,2024-09-18,60,1,63.8
000629,2买,2025-01-13,60,1,16.73
000629,2买,2025-01-13,60,1,16.73
000629,1买,2025-04-09,60,1,13.11
000630,1买,2022-08-04,60,2,9.79
000630,1买,2022-10-11,60,1,39.84
000630,2买,2023-03-17,60,1,13.1
000630,2买,2023-03-17,60,1,13.1
000630,1买,2023-12-21,60,3,42.16
000630,2买,2025-01-06,60,6,19.24
000631,1买,2022-12-23,60,1,18.79
000631,1买,2023-10-19,60,1,88.93
000631,1买,2024-07-09,60,1,40.99
000631,1买,2024-08-29,60,1,64.19
000631,2买,2025-01-06,60,1,29.63
000631,2买,2025-01-06,60,1,29.63
000631,2买,2025-01-06,60,1,29.63
000631,1买,2025-04-09,60,1,33.74
000631,2买,2025-12-17,60,2,41.72
000631,3买,2025-12-17,60,2,41.72
000631,2买,2026-03-24,44,1,32.36
000631,3买,2026-03-24,44,1,32.36
000633,1买,2022-10-10,60,1,40.78
000633,2买,2023-01-03,60,3,28.43
000633,1买,2023-08-25,60,1,39.17
000633,1买,2024-07-25,60,1,60.62
000633,2买,2025-01-06,60,1,62.94
000633,2买,2025-12-17,60,1,19.57
000635,1买,2022-10-31,60,1,37.17
000635,2买,2023-04-11,60,1,13.11
000635,1买,2023-06-12,60,2,26.53
000635,2买,2023-12-11,60,2,35.36
000635,1买,2025-04-09,60,1,38.07
000635,3买,2025-04-09,60,1,38.07
000635,2买,2025-08-01,60,2,7.6
000635,3买,2026-01-05,60,1,25.06
000636,1买,2023-06-28,60,1,13.34
000636,1买,2024-09-18,60,1,40.51
000636,2买,2025-01-03,60,1,17.63
000636,3买,2025-01-03,60,1,17.63
000636,1买,2025-04-09,60,1,22.59
000636,2买,2025-12-19,60,3,78.34
000636,2买,2025-12-19,60,3,78.34
000637,1买,2022-10-31,60,1,70.33
000637,1买,2023-08-29,60,3,34.67
000637,2买,2025-01-13,60,1,14.5
000639,1买,2022-08-04,60,2,10.15
000639,2买,2023-06-12,60,3,22.25
000639,1买,2023-10-23,60,1,31.58
000639,1买,2025-04-08,60,1,53.09
000639,2买,2025-08-29,60,1,18.63
000639,1买,2025-09-29,60,1,37.58
000650,1买,2023-04-26,60,1,14.21
000650,2买,2023-08-22,60,1,18.41
000650,1买,2025-01-13,60,3,5.5
000650,1买,2025-04-08,60,1,12.75
000650,2买,2025-06-23,60,8,32.2
000650,2买,2025-10-09,60,1,7.19
000651,1买,2024-01-04,60,1,31.16
000651,2买,2024-04-11,60,2,17.04
000651,3买,2024-04-11,60,2,17.04
000651,3买,2024-04-11,60,2,17.04
000651,3买,2024-07-25,60,1,43.52
000651,1买,2025-02-26,60,4,17.4
000651,2买,2025-06-20,60,5,10.08
000652,1买,2023-10-23,60,2,13.77
000652,1买,2024-02-07,60,1,26.42
000652,2买,2025-01-13,60,1,17.03
000652,1买,2025-04-09,60,1,31.53
000652,2买,2025-09-23,60,1,16.75
000655,1买,2022-10-31,60,1,24.67
000655,2买,2022-12-23,60,3,30.42
000657,1买,2024-02-05,60,1,93.88
000659,3买,2025-07-16,60,5,24.81
000659,1买,2025-09-05,60,1,26.72
000661,1买,2023-08-23,60,1,33.65
000661,2买,2023-10-23,60,1,30.62
000661,1买,2024-07-09,60,1,43.14
000661,1买,2024-09-10,60,2,62.3
000661,2买,2025-01-13,60,3,16.61
000661,2买,2025-01-13,60,3,16.61
000661,1买,2025-04-23,60,2,36.95
000661,2买,2025-06-26,60,3,40.62
000661,1买,2026-03-24,44,4,7.46
000663,1买,2022-10-31,60,2,37.3
000663,2买,2022-12-30,60,1,28.41
000663,3买,2023-04-24,60,1,39.98
000663,1买,2023-10-23,60,1,16.96
000663,1买,2023-12-27,60,1,15.18
000665,1买,2023-05-26,60,4,19.44
000665,2买,2025-09-22,60,1,29.21
000665,3买,2025-09-22,60,1,29.21
000670,1买,2025-04-09,60,1,76.65
000670,2买,2025-06-23,60,1,62.48
000672,1买,2022-10-31,60,1,30.04
000672,2买,2022-12-30,60,2,34.91
000672,3买,2025-06-16,60,4,37.02
000676,1买,2024-02-06,60,1,53.71
000676,2买,2024-08-22,60,1,133.96
000676,3买,2025-04-09,60,1,47.27
000677,1买,2022-09-26,60,1,35.84
000677,1买,2024-02-08,60,1,89.5
000677,2买,2024-06-07,60,1,56.28
000677,2买,2025-01-06,60,1,28.61
000677,3买,2025-03-05,60,9,85.68
000678,1买,2023-10-24,60,1,26.51
000678,2买,2023-12-27,60,2,20.97
000678,1买,2024-07-25,60,1,82.03
000678,2买,2025-01-13,60,1,243.01
000678,3买,2025-07-07,60,1,23.07
000678,3买,2025-07-07,60,1,23.07
000678,1买,2025-10-13,60,1,31.81
000678,1买,2025-11-21,60,1,44.31
000678,2买,2025-12-24,60,1,18.19
000679,1买,2023-10-23,60,1,45.77
000679,2买,2023-12-27,60,2,31.9
000679,3买,2025-04-07,60,1,27.96
000679,3买,2026-01-05,60,3,13.3
000679,1买,2026-03-24,44,1,18.31
000680,1买,2024-01-23,60,1,113.51
000680,2买,2024-06-11,60,1,23.89
000680,3买,2024-06-11,60,1,23.89
000680,3买,2024-08-30,60,1,73.53
000680,1买,2025-04-09,60,1,32.2
000681,1买,2022-10-11,60,1,74.01
000681,2买,2022-12-26,60,1,60.56
000681,1买,2024-02-06,60,1,71.3
000681,2买,2024-07-25,60,1,38.15
000681,1买,2024-08-28,60,1,57.49
000681,2买,2025-04-09,60,1,39.81
000681,3买,2025-06-23,60,1,26.65
000682,3买,2024-08-27,60,1,33.73
000682,3买,2025-01-13,60,1,16.04
000682,1买,2025-04-09,60,1,21.29
000683,1买,2025-04-09,60,1,6.44
000685,3买,2025-12-03,60,1,15.66
000686,1买,2022-10-31,60,1,15.81
000686,2买,2023-01-03,60,4,14.17
000686,1买,2024-02-05,60,1,21.72
000686,2买,2024-04-15,60,1,10.0
000686,1买,2025-04-09,60,1,14.08
000686,2买,2025-09-23,60,4,36.58
000688,1买,2023-03-20,60,1,28.77
000688,1买,2023-12-18,60,1,22.62
000688,2买,2025-01-06,60,1,23.31
000688,1买,2025-04-09,60,1,43.81
000688,2买,2025-10-22,60,1,127.57
000688,3买,2025-10-22,60,1,127.57
000688,2买,2026-03-20,46,1,79.17
000690,1买,2024-09-18,60,1,42.97
000690,2买,2025-01-13,60,9,8.4
000690,1买,2025-04-09,60,1,29.82
000690,2买,2025-06-03,60,10,20.43
000690,1买,2025-12-17,60,7,19.95
000690,1买,2026-01-05,60,2,47.37
000690,2买,2026-04-07,35,1,40.97
000690,2买,2026-04-07,35,1,40.97
000692,1买,2023-01-31,60,1,21.22
000692,1买,2024-09-13,60,1,63.37
000692,2买,2024-11-19,60,1,38.57
000692,2买,2024-11-19,60,1,38.57
000692,3买,2025-01-13,60,1,23.32
000692,1买,2025-04-09,60,1,34.78
000695,1买,2024-02-07,60,1,55.33
000695,2买,2024-04-16,60,1,33.84
000695,1买,2025-04-09,60,1,123.26
000695,2买,2025-08-04,60,5,15.2
000695,1买,2025-09-26,60,1,81.43
000695,3买,2025-09-26,60,1,81.43
000700,1买,2025-04-09,60,1,44.44
000700,2买,2026-01-30,60,1,30.12
000700,3买,2026-01-30,60,1,30.12
000701,1买,2023-11-01,60,1,32.68
000701,1买,2024-07-18,60,1,45.45
000701,1买,2024-09-18,60,1,85.28
000701,2买,2025-01-06,60,1,47.45
000701,2买,2025-01-06,60,1,47.45
000701,1买,2025-04-09,60,1,125.07
000701,2买,2025-10-17,60,1,59.3
000701,1买,2026-03-24,44,1,20.27
000702,3买,2024-11-19,60,1,17.89
000702,1买,2025-01-06,60,1,44.73
000702,3买,2025-01-06,60,1,44.73
000702,2买,2025-04-08,60,1,30.39
000702,1买,2025-12-15,60,1,12.56
000702,1买,2026-03-24,44,1,23.73
000703,1买,2022-12-23,60,2,26.2
000703,2买,2023-03-21,60,3,21.62
000703,1买,2024-02-05,60,1,32.94
000703,2买,2024-11-27,60,2,9.48
000703,1买,2024-12-23,60,5,10.22
000703,2买,2025-09-23,60,3,50.56
000705,1买,2022-09-26,60,2,60.69
000705,2买,2022-12-28,60,3,12.93
000705,1买,2023-04-26,60,1,10.84
000705,2买,2023-08-08,60,1,29.38
000705,1买,2025-04-09,60,1,31.23
000705,2买,2025-08-29,60,3,16.76
000707,1买,2023-10-24,60,1,29.54
000707,2买,2023-12-27,60,1,6.89
000707,1买,2025-04-09,60,1,12.83
000707,1买,2025-05-06,60,1,21.04
000707,2买,2025-06-23,60,2,18.85
000707,2买,2025-06-23,60,2,18.85
000707,1买,2025-09-29,60,3,12.64
000708,1买,2023-08-24,60,2,13.04
000708,2买,2026-02-03,60,1,24.17
000709,1买,2025-04-09,60,1,21.03
000710,1买,2022-09-26,60,1,33.33
000710,2买,2022-12-30,60,3,26.04
000710,1买,2024-08-26,60,1,63.21
000710,2买,2025-01-13,60,1,158.6
000710,3买,2025-09-24,60,1,19.36
000712,1买,2023-06-27,60,1,49.54
000712,2买,2023-10-17,60,2,53.84
000712,1买,2024-07-01,60,1,84.93
000712,2买,2024-09-18,60,1,116.47
000715,1买,2022-08-04,60,5,35.52
000715,2买,2023-05-10,60,1,40.39
000715,1买,2024-07-25,60,1,44.12
000716,1买,2023-10-24,60,1,24.61
000716,3买,2023-10-24,60,1,24.61
000716,1买,2024-02-07,60,1,55.29
000716,1买,2024-07-09,60,1,44.25
000716,2买,2025-04-08,60,1,35.18
000716,2买,2025-04-08,60,1,35.18
000716,2买,2025-06-23,60,2,21.66
000716,3买,2025-06-23,60,2,21.66
000717,1买,2024-02-07,60,1,56.02
000717,2买,2024-11-27,60,1,62.16
000717,1买,2025-04-09,60,1,24.65
000717,2买,2025-06-23,60,2,38.79
000718,1买,2024-01-23,60,1,17.62
000718,1买,2026-04-07,35,1,10.55
000719,3买,2023-07-28,60,1,49.85
000719,1买,2023-10-23,60,1,33.26
000719,1买,2024-02-06,60,1,102.6
000719,2买,2024-04-25,60,1,20.4
000720,1买,2023-06-28,60,1,8.15
000720,1买,2025-04-09,60,1,63.76
000720,2买,2025-06-23,60,1,36.73
000721,1买,2022-10-11,60,1,483.55
000721,2买,2023-05-30,60,1,46.89
000721,3买,2023-07-17,60,1,39.23
000721,1买,2024-02-07,60,1,59.42
000721,2买,2025-01-13,60,1,31.37
000721,1买,2025-04-09,60,1,27.8
000721,2买,2025-06-23,60,2,35.36
000722,1买,2022-10-11,60,1,52.02
000722,1买,2023-10-23,60,2,28.15
000722,1买,2024-02-06,60,1,80.92
000722,2买,2024-04-17,60,1,42.4
000722,2买,2024-11-27,60,1,16.12
000722,2买,2025-06-23,60,1,21.43
000722,3买,2025-10-13,60,1,18.71
000722,1买,2025-12-17,60,3,31.28
000723,1买,2023-10-24,60,1,15.14
000723,1买,2025-04-09,60,1,15.25
000725,1买,2024-01-24,60,1,25.21
000725,2买,2024-09-18,60,1,37.05
000725,1买,2025-04-09,60,1,10.71
000726,1买,2023-10-23,60,2,9.9
000726,2买,2023-12-28,60,2,9.24
000726,1买,2025-04-09,60,1,27.83
000726,2买,2025-06-23,60,1,22.67
000727,1买,2024-07-25,60,1,41.08
000727,1买,2024-09-18,60,1,113.59
000727,2买,2025-01-06,60,1,30.0
000727,2买,2025-01-06,60,1,30.0
000727,3买,2025-01-06,60,1,30.0
000727,1买,2025-04-09,60,1,21.23
000727,3买,2025-04-09,60,1,21.23
000727,2买,2025-06-23,60,1,28.7
000727,1买,2025-07-16,60,1,39.47
000727,2买,2025-11-24,60,1,15.42
000727,1买,2026-02-02,60,2,21.37
000728,1买,2024-02-05,60,1,23.05
000728,2买,2025-01-13,60,1,15.86
000728,1买,2025-04-09,60,1,16.81
000728,2买,2025-12-12,60,10,7.47
000729,1买,2024-01-24,60,1,32.94
000729,2买,2024-07-09,60,1,52.22
000729,3买,2025-02-26,60,1,31.12
000729,1买,2025-12-30,60,2,27.42
000731,1买,2023-06-26,60,5,9.15
000731,1买,2025-04-08,60,1,10.18
000733,1买,2022-10-11,60,1,29.72
000733,2买,2022-12-23,60,1,13.07
000733,1买,2023-06-14,60,1,22.15
000733,2买,2023-08-17,60,1,12.57
000733,1买,2024-02-05,60,1,52.33
000733,2买,2024-06-04,60,1,10.13
000733,1买,2024-09-20,60,2,66.78
000735,1买,2023-10-23,60,2,19.89
000735,2买,2025-01-13,60,1,27.6
000735,3买,2025-04-02,60,1,19.66
000737,1买,2023-10-24,60,1,20.32
000737,1买,2024-02-06,60,1,201.26
000737,2买,2024-09-10,60,2,52.4
000737,2买,2024-09-10,60,2,52.4
000737,3买,2025-01-02,60,1,71.28
000738,1买,2023-04-25,60,1,12.36
000738,1买,2023-06-08,60,5,12.77
000738,1买,2025-03-03,60,1,12.64
000738,1买,2025-11-21,60,1,63.95
000738,2买,2026-04-29,19,1,17.54
000739,1买,2022-09-26,60,1,52.34
000739,2买,2022-12-27,60,1,32.53
000739,1买,2023-08-23,60,1,23.74
000739,1买,2025-04-09,60,1,15.74
000739,2买,2025-09-11,60,1,9.84
000739,1买,2025-10-23,60,1,24.31
000739,2买,2026-03-23,45,1,21.52
000750,1买,2023-04-26,60,2,19.34
000750,1买,2024-07-09,60,1,112.36
000750,2买,2025-04-09,60,1,25.78
000750,2买,2025-04-09,60,1,25.78
000750,3买,2025-12-17,60,6,8.78
000750,1买,2026-04-07,35,1,7.53
000751,1买,2025-04-09,60,1,32.65
000751,2买,2025-12-17,60,1,113.66
000753,1买,2023-04-25,60,1,36.36
000753,2买,2023-08-14,60,2,16.86
000753,1买,2023-10-23,60,1,14.01
000753,2买,2025-05-16,60,1,16.14
000753,1买,2025-06-23,60,1,61.28
000753,2买,2026-03-24,44,1,28.1
000753,3买,2026-03-24,44,1,28.1
000755,1买,2022-10-12,60,1,42.44
000755,1买,2023-10-24,60,1,18.62
000755,2买,2024-03-28,60,2,18.58
000755,1买,2024-07-10,60,1,54.75
000755,2买,2024-11-27,60,1,24.73
000755,3买,2024-11-27,60,1,24.73
000755,3买,2025-01-13,60,1,11.53
000755,2买,2026-01-09,60,5,14.11
000756,1买,2023-08-08,60,1,28.88
000756,1买,2023-08-25,60,1,32.12
000756,2买,2023-10-24,60,1,26.06
000756,1买,2024-09-18,60,1,36.62
000756,2买,2025-01-24,60,2,8.65
000756,1买,2025-04-09,60,1,40.69
000756,2买,2025-06-23,60,1,25.3
000757,1买,2025-04-09,60,1,67.12
000757,2买,2025-09-04,60,1,41.9
000758,1买,2022-10-11,60,1,23.08
000758,2买,2022-12-26,60,2,34.62
000758,1买,2023-06-26,60,3,18.18
000758,1买,2024-01-23,60,1,38.18
000758,2买,2024-04-24,60,1,27.68
000758,2买,2025-01-13,60,1,16.67
000758,1买,2025-04-09,60,1,19.4
000758,2买,2025-09-24,60,1,29.82
000758,3买,2025-09-24,60,1,29.82
000758,3买,2025-09-24,60,1,29.82
000759,1买,2023-04-27,60,1,20.61
000759,2买,2023-06-27,60,4,25.52
000759,3买,2025-02-06,60,1,44.04
000759,1买,2025-04-08,60,1,49.78
000759,3买,2025-04-08,60,1,49.78
000759,2买,2025-09-29,60,3,35.71
000761,1买,2024-02-06,60,1,34.78
000761,2买,2025-01-13,60,1,48.77
000761,1买,2025-08-29,60,1,9.14
000762,1买,2023-03-30,60,1,9.11
000762,1买,2025-04-09,60,1,24.63
000762,2买,2025-06-03,60,4,36.3
000762,3买,2025-09-04,60,1,55.86
000762,3买,2026-02-06,60,1,65.59
000766,1买,2022-09-26,60,1,51.37
000766,2买,2022-12-30,60,1,10.17
000766,1买,2023-04-26,60,1,14.57
000766,1买,2023-06-26,60,3,204.42
000766,2买,2024-04-17,60,1,30.59
000766,2买,2024-04-17,60,1,30.59
000766,1买,2024-05-15,60,1,21.19
000766,3买,2024-05-15,60,1,21.19
000766,2买,2025-05-06,60,1,68.03
000767,1买,2023-06-21,60,1,30.59
000767,1买,2025-12-18,60,2,46.74
000767,2买,2026-04-07,35,1,61.49
000768,1买,2022-12-23,60,1,20.17
000768,2买,2024-12-25,60,1,13.93
000768,1买,2025-03-03,60,2,10.41
000768,3买,2025-03-03,60,2,10.41
000776,1买,2022-10-31,60,1,38.99
000776,2买,2023-03-30,60,1,12.22
000776,1买,2023-04-27,60,1,15.64
000776,2买,2023-08-23,60,3,11.13
000776,1买,2023-10-23,60,4,7.04
000776,2买,2025-01-13,60,1,11.27
000776,1买,2025-04-08,60,1,25.69
000776,3买,2025-04-08,60,1,25.69
000776,2买,2025-09-19,60,4,23.13
000776,3买,2025-09-19,60,4,23.13
000776,3买,2025-12-12,60,1,17.1
000777,3买,2024-07-25,60,1,45.96
000777,1买,2024-09-18,60,1,56.1
000777,2买,2024-12-24,60,1,28.13
000777,3买,2024-12-24,60,1,28.13
000777,3买,2025-07-10,60,2,20.01
000777,3买,2026-01-30,60,1,11.43
000778,1买,2024-05-06,60,,3.99
000778,3买,2025-09-29,60,1,22.34
000778,2买,2026-03-23,45,1,16.9
000778,1买,2026-05-22,5,1,10.82
000779,1买,2023-10-24,60,1,24.79
000779,2买,2023-12-11,60,1,23.39
000782,1买,2022-12-23,60,6,42.51
000782,2买,2023-04-12,60,1,23.89
000782,3买,2023-10-24,60,1,21.8
000782,3买,2025-08-01,60,5,36.46
000782,1买,2025-12-17,60,1,39.63
000783,1买,2024-02-05,60,1,37.14
000783,2买,2024-07-09,60,1,81.03
000783,3买,2025-06-20,60,2,39.78
000785,1买,2024-02-06,60,1,36.07
000785,1买,2024-09-18,60,1,154.55
000785,2买,2025-02-06,60,1,70.86
000785,2买,2025-02-06,60,1,70.86
000785,1买,2025-11-25,60,1,37.09
000786,1买,2022-10-31,60,1,47.39
000786,2买,2023-06-01,60,1,36.87
000788,1买,2023-04-26,60,1,18.76
000788,1买,2023-06-26,60,4,9.01
000788,3买,2025-12-31,60,1,30.4
000789,1买,2023-10-24,60,1,9.45
000789,1买,2024-09-18,60,1,49.51
000789,2买,2024-11-27,60,2,15.94
000789,1买,2025-01-09,60,1,15.99
000789,3买,2025-01-09,60,1,15.99
000789,2买,2025-04-14,60,7,31.03
000790,1买,2023-04-26,60,1,31.07
000790,2买,2023-06-28,60,1,18.76
000790,1买,2024-09-18,60,1,60.67
000790,2买,2024-11-19,60,1,16.26
000790,1买,2025-04-09,60,1,29.81
000790,2买,2025-09-24,60,1,30.52
000790,3买,2026-01-19,60,2,14.55
000790,1买,2026-03-24,44,1,30.99
000791,1买,2022-08-05,60,1,16.27
000791,2买,2025-01-13,60,2,27.14
000792,3买,2026-03-19,47,1,24.18
000795,1买,2022-10-12,60,1,18.26
000795,2买,2023-03-30,60,4,22.68
000795,1买,2023-06-09,60,4,35.66
000795,1买,2024-02-06,60,1,61.42
000795,2买,2024-06-25,60,1,14.91
000795,1买,2024-09-18,60,1,213.83
000795,2买,2025-01-02,60,1,40.15
000795,2买,2025-01-02,60,1,40.15
000795,3买,2025-02-19,60,1,19.54
000796,1买,2022-11-01,60,1,72.77
000796,2买,2023-03-21,60,1,16.67
000796,1买,2023-05-17,60,1,59.11
000796,1买,2024-04-17,60,1,31.79
000796,2买,2024-08-26,60,1,97.95
000796,2买,2024-11-19,60,1,45.15
000796,1买,2025-04-09,60,1,36.67
000796,2买,2025-10-13,60,1,52.26
000796,3买,2025-10-13,60,1,52.26
000797,1买,2022-10-31,60,2,105.18
000797,2买,2023-05-26,60,3,42.55
000797,1买,2024-01-23,60,1,23.85
000797,1买,2024-02-08,60,1,45.16
000797,2买,2024-07-10,60,1,65.92
000797,2买,2025-05-26,60,11,9.89
000797,1买,2025-06-23,60,2,14.79
000797,2买,2025-09-25,60,1,83.77
000798,1买,2024-01-23,60,1,29.93
000798,2买,2025-12-31,60,2,23.61
000798,1买,2026-01-28,60,2,25.66
000799,1买,2023-06-09,60,1,27.82
000799,1买,2024-04-19,60,5,26.3
000799,1买,2024-09-18,60,1,98.75
000799,2买,2025-02-05,60,1,24.08
000799,1买,2025-04-29,60,2,21.14
000799,1买,2025-06-16,60,1,84.53
000799,2买,2026-04-28,20,1,11.45
000800,1买,2022-10-31,60,1,41.19
000800,2买,2023-04-13,60,2,17.17
000800,1买,2023-04-26,60,1,20.65
000800,2买,2023-08-25,60,1,28.62
000800,1买,2024-09-04,60,2,38.69
000800,2买,2025-01-13,60,1,9.4
000800,1买,2025-06-23,60,6,16.29
000800,2买,2025-09-29,60,18,10.72
000801,1买,2024-09-18,60,1,171.95
000801,3买,2024-09-18,60,1,171.95
000801,2买,2024-11-18,60,1,86.35
000802,1买,2024-02-08,60,1,39.11
000802,1买,2024-07-25,60,1,46.25
000802,1买,2024-08-26,60,2,64.41
000802,1买,2025-10-13,60,1,34.59
000803,1买,2024-02-08,60,1,97.76
000803,2买,2025-01-06,60,1,42.33
000803,1买,2025-04-09,60,1,54.4
000803,2买,2025-10-13,60,1,48.45
000807,1买,2022-09-28,60,1,39.33
000807,2买,2023-03-16,60,1,32.27
000807,3买,2023-08-25,60,1,19.64
000807,1买,2024-09-11,60,2,52.29
000807,2买,2024-10-31,60,1,20.14
000807,3买,2026-02-24,60,1,22.89
000807,1买,2026-03-24,44,1,38.3
000807,3买,2026-03-24,44,1,38.3
000809,3买,2023-07-20,60,1,13.0
000810,1买,2022-12-23,60,1,58.31
000810,2买,2023-05-05,60,1,40.75
000810,1买,2024-02-06,60,1,47.62
000810,1买,2024-07-25,60,1,94.57
000810,2买,2024-11-27,60,1,57.71
000810,2买,2024-11-27,60,1,57.71
000811,3买,2023-03-15,60,1,26.42
000811,1买,2024-02-05,60,1,47.45
000811,2买,2024-04-16,60,1,13.58
000811,1买,2025-06-23,60,1,79.3
000811,2买,2025-10-23,60,1,46.63
000812,1买,2023-10-24,60,1,17.63
000812,2买,2023-12-11,60,1,19.84
000813,1买,2023-06-28,60,2,33.22
000813,1买,2024-06-28,60,1,26.7
000813,2买,2024-11-19,60,1,80.78
000813,2买,2025-12-17,60,1,19.89
000813,1买,2026-03-24,44,1,43.31
000815,1买,2023-09-18,60,11,31.69
000815,1买,2024-07-25,60,1,66.41
000815,2买,2025-01-13,60,1,98.07
000815,2买,2025-10-20,60,4,9.04
000815,1买,2025-12-17,60,3,92.25
000818,1买,2022-10-12,60,1,23.7
000818,2买,2023-03-01,60,2,39.42
000818,1买,2023-08-23,60,1,37.41
000818,2买,2023-10-24,60,1,34.24
000818,1买,2024-09-18,60,1,64.93
000818,2买,2024-12-19,60,1,168.37
000818,1买,2025-12-17,60,1,42.7
000819,1买,2025-04-09,60,1,29.82
000819,2买,2025-09-24,60,2,28.91
000819,1买,2026-03-24,44,1,24.6
000821,1买,2022-12-23,60,1,76.13
000821,2买,2023-05-10,60,1,30.27
000821,1买,2023-12-19,60,2,33.48
000821,1买,2024-02-06,60,1,54.48
000821,2买,2024-11-25,60,1,13.22
000821,1买,2025-01-13,60,1,25.94
000821,2买,2025-10-20,60,5,28.83
000823,1买,2023-08-25,60,1,15.86
000823,1买,2023-10-24,60,1,16.27
000823,1买,2024-09-19,60,1,49.02
000823,2买,2025-01-06,60,1,32.14
000823,2买,2025-01-06,60,1,32.14
000823,2买,2025-01-06,60,1,32.14
000823,3买,2025-03-03,60,2,16.77
000823,3买,2025-09-04,60,1,19.46
000823,3买,2025-11-24,60,1,44.45
000825,1买,2022-10-12,60,2,9.45
000825,1买,2022-10-31,60,1,22.11
000825,1买,2025-04-09,60,1,33.01
000825,2买,2025-09-24,60,2,45.09
000825,2买,2025-11-28,60,1,46.56
000825,3买,2025-11-28,60,1,46.56
000825,2买,2026-02-03,60,1,15.62
000826,1买,2024-07-01,60,1,34.07
000826,2买,2024-08-29,60,1,130.43
000826,1买,2025-04-09,60,1,70.75
000826,2买,2025-12-18,60,1,47.34
000828,1买,2023-04-26,60,2,13.51
000828,2买,2025-01-13,60,1,10.55
000828,3买,2025-06-23,60,2,24.16
000829,1买,2023-08-25,60,1,67.56
000829,1买,2023-10-24,60,1,72.38
000829,2买,2024-11-19,60,1,21.92
000829,2买,2024-11-19,60,1,21.92
000829,3买,2025-01-13,60,1,44.28
000829,1买,2025-04-09,60,1,36.13
000829,2买,2025-09-30,60,1,27.45
000830,1买,2023-08-17,60,2,21.88
000830,2买,2024-06-24,60,5,13.12
000830,1买,2025-06-23,60,13,54.26
000830,2买,2025-10-21,60,2,43.61
000830,3买,2025-10-21,60,2,43.61
000830,3买,2026-03-24,44,1,16.76
000831,1买,2022-09-19,60,1,60.58
000831,2买,2023-03-30,60,2,18.12
000831,1买,2023-06-12,60,3,15.71
000831,3买,2023-06-12,60,3,15.71
000831,1买,2023-06-28,60,1,22.18
000831,1买,2024-08-23,60,1,84.09
000831,2买,2025-01-02,60,1,33.09
000831,2买,2025-04-25,60,1,44.07
000831,2买,2025-04-25,60,1,44.07
000831,3买,2025-09-24,60,1,37.67
000833,1买,2022-10-31,60,2,20.38
000833,2买,2022-12-20,60,2,18.47
000833,1买,2024-02-07,60,1,79.7
000833,2买,2024-07-10,60,1,42.15
000833,3买,2025-05-26,60,2,18.42
000837,3买,2023-04-25,60,1,80.6
000837,1买,2024-09-18,60,1,67.02
000837,2买,2025-01-06,60,2,90.52
000837,3买,2025-06-23,60,1,39.17
000837,1买,2026-03-04,58,1,15.81
000838,1买,2023-02-17,60,1,43.68
000838,1买,2023-10-20,60,2,44.08
000838,1买,2024-02-08,60,1,85.38
000838,2买,2024-04-22,60,1,33.33
000838,1买,2024-08-26,60,1,79.0
000838,2买,2024-11-25,60,1,34.07
000838,3买,2025-02-07,60,1,24.89
000838,1买,2025-04-09,60,1,58.29
000839,1买,2024-08-23,60,3,97.67
000839,3买,2024-08-23,60,3,97.67
000839,2买,2025-04-09,60,1,24.68
000839,1买,2025-12-17,60,3,67.06
000839,2买,2026-04-30,18,1,27.93
000848,1买,2024-02-05,60,1,35.86
000848,2买,2024-07-24,60,5,25.07
000848,1买,2024-09-18,60,1,47.1
000848,2买,2025-02-25,60,2,37.76
000848,1买,2025-04-08,60,1,41.38
000848,2买,2025-09-24,60,6,14.1
000850,1买,2022-10-11,60,1,23.08
000850,2买,2022-12-30,60,2,32.15
000852,1买,2024-09-10,60,3,33.8
000852,2买,2025-02-05,60,1,49.02
000856,1买,2022-10-12,60,1,32.16
000856,2买,2022-12-23,60,2,29.49
000856,1买,2023-05-30,60,3,13.65
000856,2买,2023-10-23,60,1,29.83
000856,1买,2025-12-17,60,1,33.76
000858,1买,2024-09-19,60,1,68.12
000858,2买,2025-02-06,60,5,14.82
000858,1买,2025-04-07,60,1,10.81
000859,1买,2022-12-29,60,3,16.35
000859,1买,2023-06-14,60,1,26.09
000859,2买,2023-08-25,60,1,21.65
000859,1买,2023-10-24,60,1,27.35
000859,1买,2024-07-18,60,1,94.97
000859,2买,2024-11-19,60,1,64.64
000859,2买,2024-11-19,60,1,64.64
000859,3买,2025-01-06,60,1,43.56
000859,2买,2025-08-04,60,2,11.18
000859,3买,2025-08-04,60,2,11.18
000859,1买,2025-10-13,60,1,100.65
000859,2买,2026-04-29,19,1,33.6
000860,1买,2022-10-11,60,1,72.65
000860,2买,2023-02-01,60,1,46.62
000860,3买,2023-03-20,60,1,31.13
000860,1买,2024-02-05,60,1,34.83
000860,2买,2024-04-17,60,1,42.53
000860,1买,2025-06-23,60,5,14.87
000860,2买,2025-09-29,60,24,5.08
000862,1买,2023-04-06,60,1,27.06
000862,1买,2024-02-05,60,1,29.18
000862,2买,2025-06-23,60,2,15.03
000862,1买,2025-09-23,60,3,20.53
000863,3买,2023-03-30,60,2,16.13
000863,1买,2023-06-27,60,1,32.93
000863,2买,2023-10-16,60,1,57.27
000863,1买,2025-04-09,60,1,37.22
000863,2买,2025-06-23,60,1,17.31
000868,1买,2023-04-26,60,1,27.22
000868,2买,2023-07-17,60,1,13.83
000868,1买,2024-06-11,60,1,64.86
000868,2买,2025-01-06,60,1,64.45
000869,1买,2023-04-25,60,3,16.87
000869,1买,2024-09-18,60,1,43.35
000869,2买,2025-01-13,60,5,7.47
000869,1买,2025-06-23,60,8,11.69
000875,1买,2023-04-25,60,1,13.53
000875,1买,2025-04-08,60,1,19.14
000875,2买,2025-11-25,60,1,49.44
000875,2买,2025-11-25,60,1,49.44
000876,1买,2024-01-24,60,1,22.91
000876,2买,2024-04-16,60,4,23.15
000876,1买,2024-09-18,60,1,40.32
000877,1买,2025-06-23,60,1,66.97
000877,2买,2025-12-17,60,13,10.48
000878,1买,2024-02-05,60,1,69.02
000878,2买,2024-09-09,60,4,46.09
000878,3买,2025-02-28,60,4,19.71
000878,3买,2025-02-28,60,4,19.71
000878,3买,2025-11-24,60,2,85.58
000878,1买,2026-05-22,5,1,10.52
000880,1买,2022-08-08,60,1,35.59
000880,2买,2022-10-10,60,1,33.33
000880,3买,2025-06-16,60,2,91.84
000881,1买,2023-09-11,60,2,23.14
000881,1买,2023-12-27,60,1,11.32
000881,1买,2025-04-09,60,1,61.54
000881,2买,2025-09-29,60,2,28.57
000881,2买,2025-09-29,60,2,28.57
000882,1买,2022-10-11,60,1,23.75
000882,2买,2023-12-27,60,1,14.11
000883,1买,2022-11-03,60,3,8.43
000883,1买,2022-12-26,60,6,11.71
000883,2买,2023-04-25,60,4,16.51
000883,2买,2023-04-25,60,4,16.51
000883,1买,2023-10-24,60,2,8.54
000883,2买,2023-12-07,60,4,23.11
000885,1买,2022-12-29,60,3,23.01
000885,2买,2023-03-14,60,1,48.18
000885,3买,2023-06-20,60,1,9.97
000885,1买,2023-10-24,60,1,16.68
000885,2买,2023-12-11,60,2,23.71
000885,1买,2024-09-11,60,1,43.36
000885,2买,2025-01-13,60,1,12.18
000885,3买,2025-04-11,60,9,14.84
000886,1买,2022-10-12,60,1,43.11
000886,2买,2023-01-13,60,3,47.79
000886,1买,2023-10-23,60,2,10.89
000886,1买,2024-01-23,60,1,43.49
000886,1买,2024-02-06,60,1,69.05
000886,2买,2024-04-17,60,1,60.57
000886,2买,2024-04-17,60,1,60.57
000886,2买,2024-08-29,60,1,75.31
000886,3买,2025-01-13,60,1,42.58
000886,3买,2025-04-09,60,1,37.33
000887,1买,2023-10-24,60,1,20.02
000887,2买,2024-11-28,60,1,101.23
000887,1买,2025-01-09,60,1,106.13
000887,2买,2025-11-21,60,2,22.78
000887,3买,2025-11-21,60,2,22.78
000887,1买,2026-03-24,44,1,25.84
000887,3买,2026-03-24,44,1,25.84
000888,1买,2022-10-12,60,1,67.09
000888,2买,2023-02-09,60,1,20.47
000888,1买,2023-03-16,60,3,68.99
000888,3买,2023-03-16,60,3,68.99
000888,2买,2023-12-26,60,2,28.76
000888,1买,2024-02-07,60,1,115.66
000888,2买,2024-06-24,60,1,27.81
000888,3买,2024-08-29,60,1,43.96
000889,1买,2025-04-09,60,1,101.86
000889,3买,2025-04-09,60,1,101.86
000889,2买,2025-09-23,60,1,47.04
000889,3买,2025-09-23,60,1,47.04
000889,3买,2025-12-17,60,1,15.43
000889,1买,2026-03-23,45,1,95.03
000890,1买,2022-12-30,60,1,80.16
000890,2买,2023-10-23,60,1,44.44
000890,1买,2024-07-17,60,1,61.4
000890,2买,2024-11-19,60,1,37.2
000890,1买,2025-04-09,60,1,71.26
000890,2买,2025-11-24,60,1,90.05
000890,3买,2025-11-24,60,1,90.05
000890,3买,2026-05-28,1,1,6.3
000892,1买,2023-08-15,60,1,15.48
000892,1买,2024-07-25,60,1,55.31
000892,2买,2024-08-29,60,1,75.1
000892,1买,2025-04-09,60,1,82.11
000892,3买,2025-04-09,60,1,82.11
000892,2买,2025-07-22,60,1,53.57
000893,1买,2023-06-20,60,1,38.55
000893,2买,2025-04-08,60,1,42.25
000895,1买,2022-08-04,60,1,8.36
000895,1买,2024-11-27,60,3,13.15
000895,3买,2024-11-27,60,3,13.15
000895,2买,2025-01-17,60,1,13.5
000895,1买,2025-06-24,60,14,7.86
000897,1买,2022-10-31,60,2,32.38
000897,2买,2023-01-13,60,5,8.85
000897,1买,2023-03-30,60,1,6.39
000897,2买,2023-11-03,60,2,13.12
000897,1买,2023-12-27,60,3,19.05
000897,1买,2024-02-07,60,1,41.53
000897,2买,2024-04-17,60,1,44.67
000897,2买,2025-01-13,60,1,14.02
000897,1买,2025-04-09,60,1,25.76
000897,2买,2025-06-23,60,2,14.41
000897,1买,2025-09-24,60,1,19.55
000898,1买,2024-06-26,60,4,6.64
000898,1买,2024-09-18,60,1,57.39
000898,2买,2025-01-13,60,1,22.48
000898,2买,2025-01-13,60,1,22.48
000898,1买,2025-04-09,60,1,23.33
000898,2买,2025-09-24,60,3,13.2
000898,1买,2025-12-17,60,1,17.23
000898,3买,2025-12-17,60,1,17.23
000899,1买,2022-10-11,60,1,43.75
000899,2买,2023-06-08,60,2,18.17
000899,1买,2024-02-08,60,1,113.34
000899,2买,2024-09-18,60,1,38.99
000899,1买,2025-01-13,60,1,50.85
000899,2买,2025-06-23,60,3,24.34
000900,1买,2022-10-25,60,3,17.89
000900,2买,2023-01-13,60,3,18.2
000900,1买,2023-10-23,60,2,7.27
000900,1买,2024-02-07,60,1,22.49
000900,2买,2024-06-24,60,5,9.55
000900,2买,2025-01-13,60,2,6.19
000900,1买,2025-04-09,60,1,26.7
000900,2买,2025-09-23,60,7,14.5
000900,3买,2025-09-23,60,7,14.5
000901,1买,2022-07-18,60,1,16.65
000901,2买,2023-04-26,60,1,21.29
000901,3买,2025-01-13,60,1,25.72
000901,3买,2025-01-13,60,1,25.72
000901,1买,2025-04-09,60,1,37.13
000901,2买,2025-09-23,60,1,74.4
000902,1买,2023-06-14,60,4,19.33
000902,2买,2023-09-27,60,5,12.2
000902,1买,2024-07-30,60,1,40.68
000902,2买,2024-09-23,60,1,32.38
000902,3买,2025-02-26,60,2,22.88
000902,3买,2025-09-23,60,3,28.24
000902,3买,2025-09-23,60,3,28.24
000905,1买,2023-10-24,60,3,10.9
000905,2买,2023-12-11,60,1,6.29
000905,1买,2024-09-18,60,3,32.77
000905,2买,2024-12-26,60,1,50.63
000905,3买,2025-04-09,60,1,48.45
000905,3买,2025-11-24,60,1,71.72
000906,1买,2024-02-06,60,1,30.77
000906,2买,2024-04-24,60,1,14.43
000906,1买,2025-04-08,60,1,23.76
000906,2买,2025-06-20,60,2,12.42
000910,1买,2025-04-09,60,1,17.52
000910,2买,2025-08-08,60,4,12.27
000910,1买,2026-04-07,35,1,12.29
000911,1买,2022-10-31,60,1,33.97
000911,2买,2023-05-17,60,1,20.71
000911,1买,2023-10-24,60,1,14.94
000912,1买,2025-04-09,60,1,29.93
000912,3买,2025-04-09,60,1,29.93
000912,2买,2025-07-17,60,2,8.97
000912,3买,2025-07-17,60,2,8.97
000912,1买,2025-09-25,60,4,26.83
000913,1买,2022-12-23,60,1,66.92
000913,1买,2024-02-05,60,1,184.62
000913,2买,2024-07-25,60,1,57.54
000913,1买,2024-11-27,60,2,26.65
000913,3买,2024-11-27,60,2,26.65
000913,2买,2025-01-13,60,1,26.49
000915,1买,2023-04-26,60,1,13.34
000915,1买,2023-10-24,60,2,19.76
000915,2买,2024-04-18,60,1,11.02
000915,1买,2025-06-18,60,1,27.79
000915,2买,2025-09-23,60,7,16.49
000915,3买,2025-09-23,60,7,16.49
000917,1买,2024-02-06,60,1,141.32
000917,2买,2024-07-25,60,1,62.88
000917,1买,2024-08-28,60,1,141.21
000917,2买,2025-01-13,60,1,39.61
000917,3买,2025-04-09,60,1,33.33
000917,3买,2026-04-07,35,1,14.41
000919,1买,2023-04-26,60,1,17.29
000919,2买,2023-06-26,60,3,11.08
000919,1买,2024-09-19,60,1,41.44
000919,2买,2025-01-13,60,1,13.17
000919,1买,2025-04-09,60,1,23.73
000920,1买,2023-10-24,60,1,26.97
000920,2买,2023-12-11,60,2,7.98
000921,1买,2023-08-17,60,1,13.79
000921,3买,2023-08-17,60,1,13.79
000921,2买,2024-08-30,60,1,71.12
000921,1买,2024-11-29,60,3,26.34
000921,3买,2024-11-29,60,3,26.34
000921,2买,2025-02-19,60,3,14.31
000921,1买,2025-04-09,60,1,25.33
000922,1买,2022-09-02,60,1,32.88
000922,2买,2023-03-14,60,1,40.8
000922,3买,2024-04-16,60,1,39.31
000922,3买,2024-07-08,60,1,15.14
000922,1买,2024-09-18,60,4,54.6
000922,2买,2025-01-13,60,1,25.07
000922,1买,2025-04-09,60,1,25.81
000922,2买,2025-06-23,60,1,37.37
000922,1买,2026-05-22,5,1,10.28
000923,1买,2023-04-25,60,1,24.06
000923,2买,2023-08-25,60,1,28.82
000923,1买,2025-04-09,60,1,17.04
000925,1买,2022-12-23,60,2,67.88
000925,2买,2023-05-05,60,1,15.3
000925,1买,2023-08-25,60,1,64.02
000925,1买,2025-04-09,60,1,21.01
000925,2买,2025-09-05,60,1,18.36
000925,2买,2025-09-05,60,1,18.36
000926,1买,2023-04-26,60,2,27.04
000926,2买,2023-06-26,60,2,40.6
000926,1买,2024-02-07,60,1,31.4
000926,1买,2025-04-09,60,1,24.61
000926,2买,2025-10-20,60,1,15.6
000927,1买,2022-10-12,60,2,34.66
000927,2买,2023-03-31,60,2,20.64
000927,1买,2023-06-27,60,15,9.19
000927,1买,2023-10-23,60,2,12.3
000927,1买,2024-01-23,60,1,17.87
000927,1买,2024-02-05,60,1,23.11
000927,2买,2025-01-13,60,1,11.98
000927,2买,2025-01-13,60,1,11.98
000927,1买,2025-04-08,60,1,15.65
000927,2买,2025-09-29,60,5,10.47
000927,2买,2025-09-29,60,5,10.47
000927,1买,2025-12-18,60,2,25.69
000927,2买,2026-03-24,44,1,30.42
000928,1买,2024-01-23,60,1,39.0
000928,1买,2024-02-06,60,1,41.75
000928,2买,2024-07-10,60,1,39.92
000928,2买,2025-01-13,60,1,26.94
000928,1买,2025-04-09,60,1,21.71
000928,2买,2025-09-29,60,2,18.59
000928,1买,2025-12-17,60,1,18.55
000930,1买,2022-10-11,60,1,16.26
000930,2买,2023-01-13,60,1,13.1
000930,1买,2024-09-18,60,1,45.93
000930,2买,2025-01-13,60,1,22.51
000931,1买,2023-04-25,60,1,10.05
000931,1买,2023-06-26,60,4,13.38
000931,1买,2025-04-09,60,1,42.35
000931,2买,2025-09-23,60,1,14.96
000932,1买,2024-05-15,60,1,9.26
000933,3买,2023-09-25,60,1,8.71
000933,1买,2024-11-27,60,5,20.67
000933,2买,2025-06-23,60,1,25.5
000933,3买,2026-03-24,44,1,28.28
000933,3买,2026-03-24,44,1,28.28
000933,3买,2026-03-24,44,1,28.28
000935,1买,2023-10-24,60,1,29.94
000935,2买,2024-02-05,60,1,29.01
000935,1买,2024-09-10,60,3,104.76
000935,2买,2025-01-06,60,2,32.66
000935,3买,2025-04-30,60,2,43.03
000935,3买,2025-10-24,60,1,51.91
000936,3买,2023-09-21,60,1,20.93
000936,1买,2023-10-24,60,1,32.08
000936,1买,2024-02-06,60,1,66.38
000936,2买,2024-11-19,60,1,35.78
000936,1买,2025-11-24,60,2,33.33
000938,1买,2024-09-18,60,1,72.39
000938,2买,2025-01-14,60,1,44.33
000938,3买,2025-01-14,60,1,44.33
000948,3买,2023-02-20,60,1,12.64
000948,1买,2023-05-26,60,1,25.71
000948,1买,2023-06-30,60,1,34.47
000948,2买,2024-10-25,60,1,28.89
000948,2买,2024-10-25,60,1,28.89
000948,3买,2025-05-27,60,1,25.74
000949,1买,2023-10-24,60,1,14.77
000949,2买,2023-12-27,60,3,6.35
000949,1买,2024-09-18,60,1,83.56
000949,2买,2025-01-08,60,1,36.61
000949,1买,2025-04-09,60,1,25.07
000950,1买,2023-09-08,60,1,7.48
000950,1买,2023-10-27,60,1,12.86
000950,2买,2025-01-13,60,1,11.48
000950,1买,2025-04-09,60,1,20.93
000950,2买,2025-05-26,60,6,12.96
000950,3买,2026-03-24,44,1,43.05
000950,2买,2026-05-06,17,2,22.16
000951,3买,2024-07-25,60,1,42.79
000951,1买,2024-11-27,60,2,26.95
000951,2买,2025-02-26,60,1,25.48
000951,1买,2025-09-23,60,1,14.76
000951,1买,2025-11-28,60,2,37.24
000951,2买,2026-05-28,1,1,6.27
000952,1买,2022-09-27,60,1,35.67
000952,2买,2023-01-13,60,5,11.31
000952,1买,2023-05-10,60,7,28.28
000952,2买,2023-08-25,60,1,20.51
000952,1买,2023-10-24,60,1,22.06
000952,1买,2024-07-18,60,1,36.52
000952,2买,2025-01-20,60,1,18.24
000952,1买,2025-04-09,60,1,47.52
000952,2买,2025-06-23,60,1,25.78
000952,1买,2026-04-24,22,1,22.58
000953,1买,2022-09-27,60,1,51.81
000953,1买,2025-04-09,60,1,109.98
000953,3买,2025-04-09,60,1,109.98
000953,2买,2025-09-05,60,1,22.55
000953,2买,2025-09-05,60,1,22.55
000953,3买,2025-09-05,60,1,22.55
000953,1买,2026-02-03,60,6,12.75
000955,1买,2023-10-23,60,1,58.55
000955,1买,2025-04-09,60,1,51.51
000955,2买,2025-06-23,60,1,33.89
000955,2买,2025-09-05,60,1,89.01
000955,3买,2026-01-16,60,1,8.62
000957,1买,2023-01-03,60,1,13.58
000957,1买,2023-04-26,60,1,46.16
000957,1买,2023-06-08,60,1,50.92
000957,2买,2023-09-27,60,2,18.59
000957,1买,2024-02-06,60,1,125.09
000957,2买,2024-09-18,60,1,62.88
000957,2买,2025-01-06,60,1,20.98
000957,1买,2025-04-09,60,1,34.98
000957,2买,2025-06-23,60,2,14.24
000958,1买,2023-04-26,60,2,15.37
000958,2买,2023-06-15,60,10,14.56
000959,1买,2024-02-05,60,1,20.55
000959,2买,2024-03-29,60,1,12.46
000960,1买,2024-02-06,60,1,80.52
000960,2买,2024-09-18,60,1,42.06
000960,3买,2025-11-05,60,1,124.35
000962,3买,2023-03-30,60,1,18.13
000962,1买,2023-05-15,60,3,41.21
000962,3买,2023-05-15,60,3,41.21
000962,2买,2023-08-25,60,1,42.58
000962,1买,2025-04-09,60,1,60.73
000962,2买,2025-11-12,60,1,79.85
000963,1买,2022-10-12,60,1,32.35
000963,2买,2022-11-28,60,1,33.1
000963,1买,2023-06-02,60,1,20.53
000963,1买,2024-07-09,60,1,48.23
000963,2买,2024-09-20,60,1,45.22
000963,3买,2025-03-25,60,2,37.28
000963,2买,2025-10-14,60,1,12.0
000965,1买,2023-07-18,60,2,30.97
000965,1买,2024-02-08,60,1,82.08
000965,2买,2024-04-24,60,1,53.78
000965,1买,2024-08-29,60,1,68.94
000965,2买,2025-01-13,60,1,29.52
000965,1买,2025-04-08,60,1,113.81
000965,2买,2025-06-23,60,1,39.43
000965,2买,2025-09-25,60,1,20.5
000965,3买,2025-09-25,60,1,20.5
000965,1买,2026-03-24,44,1,21.16
000966,1买,2024-02-06,60,1,51.8
000966,2买,2024-04-26,60,1,27.44
000967,1买,2022-12-30,60,3,29.27
000967,2买,2023-04-26,60,1,14.98
000967,1买,2024-09-18,60,1,41.51
000967,2买,2025-01-13,60,1,64.21
000967,3买,2025-04-09,60,1,59.32
000967,3买,2025-09-05,60,1,13.21
000967,1买,2025-11-26,60,3,34.44
000967,3买,2025-11-26,60,3,34.44
000968,1买,2022-08-05,60,1,27.51
000968,1买,2022-10-31,60,1,25.0
000968,2买,2022-12-23,60,2,11.88
000968,1买,2023-04-25,60,1,11.49
000968,1买,2024-02-06,60,1,35.66
000968,2买,2024-03-28,60,1,15.23
000968,1买,2025-04-09,60,1,58.36
000968,2买,2025-09-23,60,6,16.67
000968,1买,2025-12-17,60,7,77.29
000968,2买,2026-05-15,10,1,7.69
000969,1买,2023-08-24,60,2,17.79
000969,2买,2025-01-06,60,1,37.08
000969,1买,2025-04-09,60,1,36.53
000969,3买,2025-04-09,60,1,36.53
000970,1买,2023-04-28,60,1,16.1
000970,1买,2024-02-06,60,1,41.96
000970,2买,2024-03-28,60,1,13.41
000970,3买,2025-04-18,60,1,25.83
000970,3买,2025-04-18,60,1,25.83
000970,2买,2025-09-24,60,1,17.21
000973,1买,2025-04-09,60,1,56.45
000973,2买,2025-06-23,60,1,32.84
000975,1买,2024-09-10,60,1,32.71
000975,3买,2024-09-10,60,1,32.71
000975,2买,2024-11-29,60,1,15.66
000975,1买,2024-12-31,60,1,28.84
000975,2买,2025-07-07,60,1,21.48
000975,1买,2025-08-01,60,1,45.04
000975,2买,2025-11-18,60,1,112.51
000975,3买,2025-11-18,60,1,112.51
000975,1买,2026-05-20,7,1,10.88
000977,3买,2023-07-13,60,1,31.67
000977,1买,2023-10-24,60,1,40.12
000977,1买,2024-02-05,60,1,68.26
000977,2买,2024-04-22,60,1,24.79
000977,2买,2024-04-22,60,1,24.79
000977,3买,2025-01-06,60,1,53.44
000978,1买,2022-10-12,60,1,80.57
000978,2买,2023-02-09,60,1,18.85
000978,1买,2023-03-17,60,2,21.33
000978,1买,2024-09-18,60,1,42.72
000978,2买,2025-01-13,60,1,26.92
000978,3买,2026-03-04,58,2,28.59
000980,1买,2023-06-30,60,1,128.45
000980,2买,2023-10-12,60,1,26.87
000980,1买,2025-04-09,60,1,35.29
000981,1买,2023-06-28,60,1,35.42
000981,2买,2025-04-09,60,1,61.18
000981,3买,2025-06-23,60,1,52.5
000983,1买,2022-08-05,60,1,44.66
000985,1买,2024-02-08,60,1,51.27
000985,2买,2024-04-17,60,1,21.63
000987,1买,2022-10-31,60,1,26.1
000987,2买,2023-01-03,60,2,19.73
000987,1买,2024-02-05,60,1,23.23
000987,2买,2025-01-13,60,1,13.29
000987,1买,2025-04-11,60,2,36.93
000987,2买,2025-06-23,60,1,33.02
000987,3买,2025-09-23,60,1,20.53
000989,1买,2022-09-26,60,2,32.53
000989,2买,2022-12-29,60,2,46.86
000989,1买,2023-09-08,60,1,11.89
000989,3买,2023-09-08,60,1,11.89
000989,1买,2023-10-26,60,1,18.68
000989,2买,2023-12-11,60,1,11.44
000989,2买,2023-12-11,60,1,11.44
000989,1买,2025-04-09,60,1,52.35
000989,3买,2025-04-09,60,1,52.35
000989,2买,2025-10-13,60,1,14.71
000989,1买,2025-12-17,60,2,10.52
000993,1买,2024-02-07,60,1,76.34
000993,2买,2024-08-29,60,1,34.97
000995,1买,2025-12-05,60,3,78.3
000997,3买,2023-08-17,60,1,14.27
000997,3买,2025-06-16,60,1,20.48
000997,3买,2025-12-04,60,2,28.14
000997,1买,2026-03-24,44,1,32.07
000998,1买,2022-10-12,60,1,24.35
000998,2买,2022-12-26,60,1,30.69
000998,1买,2024-08-23,60,1,39.51
000998,2买,2025-01-13,60,1,33.92
000999,1买,2023-10-23,60,1,32.03
000999,2买,2023-12-21,60,1,24.4
000999,1买,2024-09-18,60,2,45.01
000999,2买,2025-03-13,60,2,12.95
000999,1买,2025-04-29,60,1,9.8
000999,1买,2025-09-26,60,4,10.53
000999,2买,2025-12-10,60,19,9.64
001201,1买,2023-06-06,60,2,14.41
001201,1买,2023-10-23,60,1,36.09
001201,1买,2024-09-18,60,1,41.18
001201,2买,2025-01-22,60,1,11.94
001202,1买,2023-04-25,60,1,20.38
001202,2买,2023-08-29,60,1,32.28
001202,3买,2023-12-28,60,1,10.35
001203,1买,2023-08-25,60,1,9.08
001203,1买,2025-04-09,60,1,35.5
001203,2买,2025-09-04,60,1,218.28
001203,2买,2025-09-04,60,1,218.28
001203,3买,2025-09-04,60,1,218.28
001205,1买,2022-12-26,60,1,24.95
001205,1买,2023-10-24,60,1,27.55
001205,1买,2024-02-07,60,1,87.63
001205,2买,2024-08-29,60,1,86.73
001205,1买,2024-09-18,60,1,91.09
001205,2买,2024-12-25,60,1,16.33
001205,2买,2024-12-25,60,1,16.33
001205,1买,2025-01-13,60,1,19.94
001206,1买,2024-09-18,60,1,81.08
001206,2买,2024-11-27,60,1,49.74
001206,3买,2025-09-04,60,1,49.85
001207,1买,2024-09-18,60,1,88.7
001207,2买,2025-01-06,60,1,33.48
001207,1买,2025-04-09,60,1,55.03
001207,2买,2025-06-23,60,1,23.67
001207,3买,2025-06-23,60,1,23.67
001207,1买,2025-11-05,60,4,30.5
001208,1买,2024-06-25,60,1,42.53
001208,2买,2024-07-25,60,1,47.44
001208,3买,2025-06-23,60,1,42.74
001208,3买,2025-11-27,60,2,187.13
001208,1买,2026-05-22,5,1,4.64
001209,1买,2022-10-31,60,1,52.74
001209,2买,2023-04-25,60,1,46.09
001209,1买,2024-09-23,60,1,145.39
001209,2买,2025-01-13,60,1,44.34
001209,1买,2025-04-09,60,1,51.09
001209,2买,2025-06-23,60,1,26.02
001209,3买,2025-06-23,60,1,26.02
001209,1买,2025-09-23,60,1,76.29
001209,2买,2025-12-17,60,1,78.43
001210,1买,2024-02-08,60,1,56.38
001210,2买,2024-04-23,60,1,33.73
001210,1买,2025-04-09,60,1,42.97
001212,1买,2023-01-03,60,1,53.59
001212,1买,2023-10-24,60,1,26.64
001212,1买,2023-12-27,60,1,58.82
001212,2买,2025-07-14,60,1,83.85
001212,2买,2025-07-14,60,1,83.85
001212,2买,2025-07-14,60,1,83.85
001213,1买,2022-09-05,60,3,5.11
001213,1买,2024-02-06,60,1,25.92
001213,2买,2024-06-25,60,4,8.79
001213,1买,2025-04-08,60,1,12.3
001213,2买,2025-06-19,60,15,20.5
001215,1买,2022-09-08,60,1,55.57
001215,2买,2022-10-24,60,1,59.75
001215,3买,2023-07-11,60,1,14.88
001215,1买,2025-04-08,60,1,22.81
001215,2买,2025-06-23,60,1,34.26
001216,1买,2023-08-25,60,1,14.52
001216,1买,2025-04-09,60,1,33.49
001216,2买,2025-11-05,60,1,69.07
001216,2买,2025-11-05,60,1,69.07
001216,3买,2025-11-05,60,1,69.07
001216,3买,2026-03-24,44,1,22.65
001217,1买,2022-08-03,60,1,35.8
001217,2买,2023-01-13,60,6,10.15
001217,1买,2023-06-27,60,4,12.56
001217,2买,2023-12-12,60,12,73.63
001217,1买,2024-09-18,60,1,99.76
001217,2买,2025-02-06,60,1,45.64
001217,1买,2025-04-09,60,1,35.81
001217,2买,2025-07-17,60,2,10.45
001217,3买,2025-07-17,60,2,10.45
001217,1买,2025-09-04,60,2,35.87
001217,2买,2025-12-15,60,1,32.99
001217,3买,2025-12-15,60,1,32.99
001218,1买,2022-09-20,60,1,25.26
001218,2买,2023-12-27,60,1,8.59
001218,1买,2025-04-09,60,1,42.17
001218,2买,2025-06-23,60,1,19.11
001219,1买,2022-10-10,60,1,80.36
001219,2买,2022-11-23,60,1,65.14
001219,1买,2023-04-26,60,1,16.1
001222,1买,2022-12-23,60,2,18.77
001222,1买,2023-08-25,60,1,21.74
001222,2买,2023-12-26,60,2,15.47
001222,1买,2025-01-13,60,1,25.26
001222,3买,2025-01-13,60,1,25.26
001222,2买,2025-03-11,60,1,50.23
001222,1买,2025-04-09,60,1,103.88
001222,2买,2025-11-06,60,2,24.5
001222,3买,2025-11-06,60,2,24.5
001222,1买,2026-03-23,45,1,10.05
001222,3买,2026-03-23,45,1,10.05
001223,1买,2024-09-18,60,1,53.57
001223,2买,2025-01-13,60,1,55.32
001223,3买,2025-10-13,60,1,27.46
001225,1买,2024-02-06,60,1,69.19
001225,2买,2024-07-10,60,1,39.43
001225,3买,2025-03-03,60,3,17.28
001226,1买,2022-09-30,60,1,25.73
001226,1买,2022-12-30,60,4,36.48
001226,2买,2023-08-07,60,5,32.8
001226,2买,2023-12-11,60,1,36.95
001226,1买,2024-01-24,60,1,48.64
001226,2买,2025-09-04,60,1,30.42
001227,1买,2023-04-27,60,2,14.09
001227,1买,2023-06-27,60,20,22.78
001227,1买,2024-02-06,60,1,13.28
001227,1买,2025-04-15,60,9,24.22
001227,2买,2025-10-09,60,9,6.38
001228,1买,2022-12-23,60,1,40.13
001228,1买,2024-02-06,60,1,70.35
001228,2买,2024-04-23,60,1,35.25
001228,1买,2025-04-09,60,1,53.74
001228,2买,2025-07-24,60,2,17.28
001228,1买,2025-10-13,60,1,29.88
001229,1买,2022-12-23,60,1,46.85
001229,2买,2023-02-27,60,1,24.87
001229,1买,2023-10-24,60,1,35.34
001229,2买,2023-12-27,60,2,31.45
001229,1买,2024-09-18,60,1,163.74
001229,2买,2024-11-04,60,1,134.24
001229,1买,2025-04-09,60,1,32.22
001229,2买,2025-09-23,60,1,47.99
001230,1买,2023-04-26,60,3,10.13
001230,2买,2023-08-14,60,4,13.66
001230,1买,2025-04-09,60,1,84.69
001230,2买,2025-12-17,60,1,37.09
001230,3买,2025-12-17,60,1,37.09
001231,1买,2023-04-26,60,3,29.1
001231,2买,2023-08-14,60,1,15.68
001231,1买,2023-10-23,60,1,18.42
001231,1买,2024-08-26,60,2,47.36
001231,2买,2024-11-19,60,1,38.97
001231,3买,2025-03-03,60,3,19.29
001231,2买,2025-11-24,60,1,41.18
001231,1买,2025-12-17,60,1,49.13
001231,3买,2025-12-17,60,1,49.13
001231,2买,2026-02-03,60,1,13.88
001234,1买,2022-12-30,60,2,20.04
001234,1买,2023-06-26,60,1,101.0
001234,2买,2023-10-24,60,1,33.95
001234,1买,2025-04-09,60,1,102.59
001234,2买,2025-06-23,60,1,40.69
001234,2买,2026-01-30,60,1,45.13
001234,3买,2026-01-30,60,1,45.13
001236,1买,2023-01-03,60,1,73.08
001236,2买,2023-04-28,60,1,29.54
001236,1买,2023-10-23,60,1,27.82
001236,2买,2023-11-28,60,1,22.49
001236,1买,2025-04-09,60,1,127.68
001236,2买,2025-11-24,60,5,14.4
001236,1买,2026-01-29,60,5,11.73
001236,1买,2026-03-04,58,2,12.07
001238,1买,2024-02-08,60,1,76.3
001238,2买,2024-04-16,60,1,30.63
001238,3买,2025-04-09,60,1,62.17
001238,3买,2025-10-14,60,1,18.02
001239,1买,2025-04-09,60,1,29.65
001239,2买,2025-09-24,60,2,16.75
001239,1买,2025-12-17,60,1,13.3
001255,1买,2024-09-20,60,1,118.25
001255,2买,2024-11-04,60,1,78.99
001255,1买,2025-04-09,60,1,64.38
001255,2买,2025-09-23,60,1,38.43
001255,3买,2025-11-24,60,1,97.36
001256,1买,2023-04-26,60,1,21.82
001256,1买,2023-08-25,60,1,13.87
001256,1买,2023-10-23,60,1,14.84
001256,2买,2023-12-11,60,2,8.67
001256,2买,2023-12-11,60,2,8.67
001256,2买,2023-12-11,60,2,8.67
001256,1买,2024-08-23,60,4,53.0
001256,2买,2024-09-24,60,1,44.13
001256,3买,2025-06-23,60,1,28.97
001256,1买,2025-12-17,60,3,20.94
001256,3买,2025-12-17,60,3,20.94
001258,1买,2022-12-23,60,1,24.48
001258,1买,2024-02-06,60,1,31.82
001259,1买,2024-09-19,60,1,54.13
001259,2买,2025-01-13,60,1,25.07
001259,1买,2025-04-09,60,1,52.61
001259,2买,2025-09-23,60,1,45.75
001260,1买,2023-08-28,60,1,48.16
001260,1买,2024-09-19,60,1,45.42
001260,2买,2025-01-13,60,1,29.88
001260,3买,2025-04-09,60,1,40.53
001260,3买,2025-12-17,60,1,42.6
001260,2买,2026-03-04,58,1,28.6
001266,1买,2024-06-11,60,1,50.31
001266,2买,2024-08-28,60,2,33.41
001266,1买,2025-01-06,60,1,40.33
001266,2买,2025-03-04,60,1,15.54
001266,3买,2025-10-13,60,1,49.13
001267,1买,2023-06-26,60,1,23.09
001267,2买,2025-03-03,60,1,15.92
001267,3买,2025-03-03,60,1,15.92
001267,3买,2025-03-03,60,1,15.92
001267,1买,2025-04-09,60,1,61.13
001267,3买,2025-04-09,60,1,61.13
001267,2买,2025-08-26,60,1,80.08
001268,1买,2024-09-19,60,1,37.25
001268,2买,2025-01-06,60,1,67.66
001269,1买,2023-12-19,60,1,55.37
001269,2买,2024-02-06,60,1,41.47
001269,1买,2024-09-23,60,1,53.94
001269,2买,2024-11-18,60,1,27.16
001269,1买,2025-04-09,60,1,68.35
001269,2买,2025-10-23,60,3,16.73
001269,1买,2025-12-17,60,1,16.21
001278,1买,2023-08-25,60,1,88.33
001278,1买,2024-09-18,60,1,58.41
001278,2买,2025-01-06,60,1,34.66
001278,1买,2025-04-09,60,1,61.15
001282,1买,2024-07-25,60,1,28.52
001282,1买,2024-08-28,60,1,39.98
001282,2买,2025-01-06,60,1,89.46
001282,2买,2025-01-06,60,1,89.46
001283,1买,2023-05-10,60,4,21.08
001283,1买,2023-10-10,60,2,23.23
001283,1买,2023-11-03,60,1,30.41
001283,1买,2024-09-18,60,1,86.01
001283,2买,2025-04-09,60,1,55.34
001283,2买,2025-11-24,60,1,17.9
001283,2买,2025-11-24,60,1,17.9
001283,2买,2025-11-24,60,1,17.9
001283,3买,2025-11-24,60,1,17.9
001283,3买,2025-11-24,60,1,17.9
001287,1买,2024-07-30,60,1,51.86
001287,2买,2024-11-27,60,1,38.28
001288,1买,2022-10-11,60,1,17.7
001288,2买,2022-12-30,60,4,14.31
001288,1买,2023-08-28,60,1,15.62
001288,2买,2024-09-23,60,1,46.83
001289,1买,2023-04-06,60,2,32.94
001289,2买,2023-08-25,60,1,13.11
001296,1买,2023-04-26,60,1,34.32
001296,2买,2023-10-24,60,1,23.78
001296,1买,2025-04-09,60,1,58.55
001296,2买,2025-07-31,60,3,41.26
001296,3买,2025-07-31,60,3,41.26
001298,1买,2023-08-25,60,1,129.3
001298,2买,2025-01-06,60,1,51.54
001298,3买,2025-10-23,60,1,22.52
001299,1买,2024-02-08,60,1,99.52
001299,2买,2024-07-09,60,1,28.69
001299,1买,2024-09-18,60,1,47.47
001300,1买,2023-04-28,60,3,10.46
001300,1买,2023-10-23,60,1,197.89
001300,2买,2024-11-19,60,1,42.25
001300,1买,2025-04-09,60,1,65.27
001300,2买,2025-07-16,60,1,29.9
001300,2买,2025-07-16,60,1,29.9
001300,3买,2026-02-06,60,1,15.74
001301,1买,2023-07-28,60,1,16.91
001301,3买,2025-02-19,60,1,29.38
001301,1买,2025-06-03,60,1,32.62
001301,2买,2025-12-19,60,1,15.01
001301,2买,2025-12-19,60,1,15.01
001301,1买,2026-03-04,58,1,32.17
001301,3买,2026-03-04,58,1,32.17
001306,3买,2025-12-17,60,3,20.93
001308,1买,2022-12-30,60,1,45.12
001308,2买,2023-03-14,60,1,28.26
001309,3买,2023-11-23,60,1,13.8
001309,1买,2024-08-08,60,1,44.8
001309,1买,2024-09-24,60,1,60.91
001309,2买,2024-11-26,60,1,117.45
001309,2买,2024-11-26,60,1,117.45
001309,3买,2025-04-09,60,1,42.99
001309,3买,2025-06-03,60,1,29.92
001309,3买,2025-12-04,60,1,54.77
001309,3买,2025-12-04,60,1,54.77
001309,1买,2025-12-22,60,1,96.13
001309,3买,2025-12-22,60,1,96.13
001311,1买,2023-08-25,60,1,23.68
001311,1买,2023-10-24,60,1,28.29
001311,1买,2025-04-09,60,1,32.68
001313,1买,2022-10-11,60,1,26.38
001313,2买,2023-01-19,60,3,12.09
001313,1买,2023-04-26,60,4,5.62
001313,1买,2024-09-18,60,1,50.16
001313,2买,2024-11-19,60,1,47.11
001314,1买,2023-10-24,60,1,122.1
001314,1买,2024-07-25,60,1,50.43
001314,2买,2024-09-18,60,1,70.54
001316,1买,2022-12-23,60,1,21.07
001316,2买,2023-03-31,60,4,24.42
001316,1买,2023-04-26,60,1,34.75
001316,2买,2023-08-15,60,1,10.09
001316,1买,2023-10-23,60,1,18.1
001316,1买,2025-10-20,60,1,43.06
001316,2买,2025-12-18,60,1,95.18
001316,2买,2025-12-18,60,1,95.18
001316,1买,2026-05-20,7,1,9.41
001317,1买,2022-10-11,60,1,76.34
001317,2买,2023-04-26,60,1,27.25
001317,1买,2023-10-26,60,1,36.36
001317,1买,2024-07-09,60,1,36.56
001317,1买,2024-09-18,60,1,67.42
001317,2买,2025-01-06,60,1,47.85
001317,2买,2025-01-06,60,1,47.85
001317,2买,2025-06-20,60,1,40.93
001318,1买,2023-10-23,60,1,28.31
001318,1买,2024-07-25,60,4,31.69
001318,1买,2024-09-18,60,1,60.67
001318,2买,2025-01-13,60,1,81.21
001318,2买,2025-01-13,60,1,81.21
001318,2买,2025-09-23,60,1,31.98
001319,1买,2022-12-23,60,2,43.29
001319,1买,2024-08-13,60,3,113.44
001319,2买,2025-01-06,60,1,54.3
001319,2买,2025-01-06,60,1,54.3
001319,3买,2025-01-06,60,1,54.3
001319,3买,2025-03-04,60,1,29.07
001322,1买,2023-06-26,60,1,26.85
001322,1买,2023-12-27,60,1,13.47
001322,1买,2025-04-09,60,1,29.35
001322,2买,2025-06-23,60,1,18.51
001323,1买,2023-06-01,60,1,33.77
001323,2买,2023-08-24,60,1,20.21
001323,1买,2024-02-05,60,1,32.85
001323,2买,2024-03-25,60,1,24.52
001324,1买,2024-09-18,60,1,61.71
001324,2买,2024-11-04,60,1,44.71
001324,1买,2025-04-09,60,1,42.03
001324,2买,2025-06-23,60,1,38.45
001324,3买,2025-09-24,60,1,9.03
001324,1买,2025-12-17,60,1,27.97
001326,1买,2024-09-18,60,1,39.85
001326,2买,2025-01-06,60,1,36.88
001326,1买,2025-04-09,60,1,40.29
001328,1买,2024-02-06,60,1,45.55
001328,2买,2024-04-17,60,1,34.06
001328,3买,2025-11-24,60,1,27.63
001330,1买,2024-02-07,60,1,65.01
001330,2买,2024-04-22,60,1,42.27
001330,1买,2025-04-09,60,1,39.95
001330,2买,2025-08-18,60,1,58.46
001331,1买,2022-12-26,60,1,11.37
001331,1买,2023-10-13,60,1,36.69
001331,2买,2026-04-28,19,1,73.51
001332,1买,2023-10-23,60,1,27.0
001332,1买,2023-12-27,60,1,29.14
001332,1买,2024-08-27,60,1,83.44
001332,2买,2025-01-06,60,1,44.6
001332,2买,2025-01-06,60,1,44.6
001332,2买,2025-01-06,60,1,44.6
001332,3买,2025-05-23,60,1,30.18
001332,3买,2026-03-04,58,1,36.97
001333,1买,2023-04-25,60,1,9.57
001336,1买,2022-12-30,60,2,31.16
001336,2买,2023-04-27,60,1,30.95
001337,1买,2024-02-05,60,1,73.36
001337,2买,2024-03-28,60,1,33.62
001337,1买,2024-09-09,60,4,33.72
001337,2买,2024-11-19,60,1,10.06
001337,1买,2024-12-24,60,7,15.12
001337,2买,2025-02-24,60,1,38.91
001337,1买,2025-08-15,60,7,39.97
001338,1买,2024-02-06,60,1,49.45
001338,2买,2024-07-10,60,1,36.18
001338,1买,2024-09-18,60,1,44.18
001338,2买,2025-01-13,60,1,36.35
001339,1买,2023-10-23,60,1,110.0
001339,2买,2023-12-26,60,1,79.61
001339,1买,2024-06-11,60,1,25.54
001339,2买,2024-07-09,60,1,68.86
001339,1买,2025-01-06,60,1,108.12
001339,3买,2025-01-06,60,1,108.12
001339,2买,2025-04-09,60,1,58.07
001358,1买,2024-07-18,60,1,43.69
001358,2买,2024-09-18,60,1,41.96
001358,1买,2025-04-09,60,1,38.27
001358,2买,2025-06-23,60,1,37.45
001359,1买,2024-09-18,60,1,48.88
001359,2买,2024-11-27,60,1,30.38
001360,3买,2025-11-24,60,1,100.65
001366,1买,2023-06-26,60,3,35.46
001366,1买,2024-08-23,60,1,39.42
001366,2买,2025-01-06,60,1,22.79
001366,1买,2025-03-25,60,1,19.94
001366,2买,2025-09-23,60,1,34.94
001367,1买,2023-08-25,60,1,23.66
001367,1买,2025-04-09,60,1,38.79
001367,1买,2026-03-24,44,1,40.7
001373,1买,2024-07-18,60,1,40.23
001373,2买,2024-11-27,60,1,33.74
001373,3买,2025-09-23,60,1,18.48
001376,1买,2024-02-08,60,1,99.85
001376,2买,2024-03-28,60,1,73.26
001376,1买,2024-11-05,60,1,26.6
001376,1买,2025-01-13,60,1,14.47
001376,1买,2025-04-09,60,1,19.26
001376,2买,2025-06-23,60,2,13.01
001378,1买,2024-07-09,60,1,22.47
001378,1买,2024-09-18,60,4,36.89
001378,2买,2024-11-01,60,1,18.09
001378,1买,2025-04-09,60,1,20.0
001378,2买,2025-09-23,60,14,10.35
001379,1买,2024-07-10,60,1,224.92
001379,2买,2024-10-14,60,1,60.42
001379,1买,2025-01-13,60,1,38.33
001379,2买,2025-03-04,60,1,25.23
001379,3买,2025-03-04,60,1,25.23
001380,1买,2023-08-29,60,1,31.32
001387,1买,2024-09-18,60,1,39.9
001387,2买,2025-01-13,60,1,18.82
001387,1买,2025-04-09,60,1,43.32
001387,2买,2025-10-13,60,1,36.36
001388,1买,2025-11-28,60,9,10.83
001389,1买,2024-09-20,60,2,62.31
001389,2买,2024-11-27,60,1,70.55
001389,3买,2025-08-08,60,1,44.36
001395,1买,2025-12-12,60,1,8.77
001696,3买,2023-08-25,60,1,7.38
001696,1买,2023-10-24,60,1,12.97
001696,2买,2024-07-09,60,1,82.02
001696,3买,2025-01-08,60,1,40.97
001696,1买,2025-04-09,60,1,56.7
001696,2买,2025-06-23,60,1,39.93
001872,1买,2023-10-24,60,2,17.33
001872,2买,2024-01-23,60,1,32.56
001896,1买,2022-10-11,60,1,17.14
001896,1买,2023-04-27,60,2,24.12
001896,2买,2023-06-08,60,1,18.83
001896,1买,2024-02-08,60,1,99.66
001896,2买,2024-09-18,60,1,50.76
001896,1买,2025-04-09,60,1,65.81
001896,2买,2025-06-23,60,2,68.22
001896,2买,2025-09-23,60,2,30.42
001896,3买,2025-09-23,60,2,30.42
001896,3买,2025-12-31,60,4,246.51
001914,1买,2023-05-30,60,1,17.04
001914,1买,2025-12-30,60,2,15.78
001965,3买,2023-08-08,60,3,16.01
001965,1买,2024-01-23,60,1,30.69
001965,2买,2024-09-12,60,1,23.39
001965,3买,2024-11-13,60,2,25.51
001979,1买,2022-12-30,60,1,24.21
001979,2买,2023-03-28,60,2,19.69
001979,1买,2023-11-17,60,2,9.35
001979,1买,2024-01-23,60,1,24.78
001979,2买,2024-07-10,60,1,59.05
001979,1买,2024-07-31,60,1,65.72
001979,2买,2025-02-24,60,1,9.07
001979,1买,2025-06-23,60,3,15.42
002001,1买,2022-10-25,60,1,19.94
002001,2买,2022-12-27,60,4,9.99
002001,3买,2024-12-17,60,4,6.95
002001,1买,2025-01-07,60,1,7.33
002003,3买,2024-12-05,60,3,19.09
002003,1买,2025-09-26,60,4,21.23
002003,2买,2026-01-26,60,4,8.5
002004,1买,2022-12-27,60,13,11.35
002004,3买,2026-03-24,44,1,15.06
002006,1买,2022-12-23,60,1,31.14
002006,1买,2024-02-06,60,1,103.42
002006,2买,2024-06-11,60,1,16.49
002006,1买,2024-09-18,60,1,120.64
002006,2买,2025-04-09,60,1,36.85
002006,3买,2026-03-09,55,1,14.91
002006,1买,2026-04-07,35,1,15.57
002007,1买,2022-11-01,60,1,40.27
002007,2买,2022-12-27,60,1,19.0
002007,1买,2023-03-30,60,1,22.09
002007,2买,2023-06-08,60,2,10.96
002007,3买,2023-06-08,60,2,10.96
002007,1买,2023-08-24,60,1,24.13
002007,1买,2025-06-23,60,8,20.35
002007,2买,2025-09-23,60,12,7.96
002007,1买,2026-03-24,44,5,6.93
002008,1买,2024-02-05,60,1,50.52
002008,2买,2024-06-11,60,1,16.34
002008,1买,2024-07-09,60,1,39.35
002008,2买,2025-01-06,60,3,31.83
002008,1买,2025-04-09,60,1,16.83
002008,3买,2025-04-09,60,1,16.83
002009,1买,2022-12-23,60,1,21.08
002009,1买,2023-10-24,60,1,50.9
002009,2买,2025-01-07,60,1,62.4
002009,2买,2025-10-17,60,1,61.03
002010,1买,2024-09-18,60,1,84.16
002010,2买,2025-01-13,60,1,43.0
002010,3买,2025-04-09,60,1,26.11
002010,3买,2025-06-23,60,2,28.08
002011,1买,2022-12-23,60,1,43.57
002011,2买,2023-03-20,60,1,29.19
002011,1买,2023-10-26,60,1,42.39
002011,2买,2025-01-13,60,1,34.94
002014,1买,2023-08-24,60,1,12.84
002014,2买,2025-01-13,60,1,24.85
002014,3买,2025-05-06,60,3,16.35
002014,1买,2025-10-09,60,16,11.41
002015,1买,2023-03-20,60,1,65.38
002015,2买,2023-06-01,60,1,33.25
002015,1买,2024-09-23,60,1,47.62
002015,2买,2025-01-13,60,1,19.71
002015,1买,2025-04-09,60,1,136.59
002015,2买,2025-08-07,60,5,21.54
002015,1买,2025-12-04,60,7,93.17
002016,1买,2022-11-01,60,1,38.98
002016,2买,2023-01-17,60,3,31.67
002016,1买,2024-01-23,60,1,20.33
002016,2买,2024-11-04,60,1,43.83
002016,1买,2025-04-09,60,1,28.77
002016,2买,2025-09-03,60,1,34.08
002017,1买,2024-02-06,60,1,54.45
002017,2买,2024-07-18,60,1,51.26
002017,1买,2025-12-04,60,2,47.08
002019,1买,2023-10-26,60,1,40.38
002019,1买,2024-09-18,60,1,40.04
002019,2买,2025-01-13,60,1,20.87
002019,1买,2025-04-09,60,1,52.4
002019,2买,2025-12-18,60,10,25.47
002020,3买,2023-03-21,60,1,32.46
002020,1买,2025-01-08,60,1,26.32
002020,3买,2025-01-08,60,1,26.32
002020,2买,2025-05-29,60,2,59.66
002020,1买,2025-06-30,60,3,70.84
002020,2买,2025-09-11,60,1,28.09
002020,3买,2025-10-31,60,1,23.22
002021,1买,2023-02-13,60,1,17.42
002021,2买,2023-07-31,60,1,32.66
002022,3买,2022-12-26,60,1,26.04
002022,1买,2023-10-23,60,2,45.04
002022,1买,2025-04-09,60,1,31.56
002022,2买,2025-06-23,60,1,46.19
002023,1买,2024-07-25,60,1,43.13
002023,2买,2025-01-08,60,1,18.98
002023,1买,2025-04-09,60,1,32.77
002023,2买,2025-10-23,60,1,38.58
002023,1买,2025-11-24,60,1,38.83
002025,1买,2023-03-29,60,1,25.69
002025,2买,2023-06-09,60,4,18.37
002025,1买,2025-02-19,60,1,46.69
002025,2买,2025-06-23,60,1,21.66
002025,3买,2025-06-23,60,1,21.66
002025,1买,2025-11-28,60,1,80.46
002026,1买,2022-12-23,60,1,25.99
002026,1买,2024-04-16,60,1,41.16
002026,2买,2024-07-09,60,1,30.58
002026,2买,2025-06-19,60,1,47.86
002026,3买,2025-11-28,60,1,28.65
002027,1买,2023-04-26,60,1,28.24
002027,2买,2025-02-21,60,1,21.26
002028,3买,2023-06-28,60,1,21.86
002028,1买,2023-10-20,60,1,21.26
002028,2买,2024-07-17,60,1,35.28
002028,3买,2024-07-17,60,1,35.28
002028,3买,2024-08-28,60,1,30.11
002028,3买,2026-04-14,30,1,17.22
002029,3买,2023-10-23,60,1,13.67
002029,1买,2024-09-18,60,1,83.47
002029,2买,2025-01-13,60,1,20.63
002029,3买,2025-03-05,60,3,14.05
002029,3买,2026-04-07,35,1,27.16
002029,3买,2026-04-07,35,1,27.16
002030,1买,2023-08-24,60,2,20.22
002030,1买,2025-04-09,60,1,27.2
002030,2买,2025-09-24,60,2,17.93
002031,1买,2023-10-24,60,1,44.83
002031,2买,2023-11-28,60,2,27.27
002031,3买,2025-04-11,60,1,23.63
002031,1买,2025-06-23,60,1,27.25
002032,1买,2022-10-31,60,2,34.53
002032,2买,2023-02-20,60,1,15.43
002032,3买,2023-05-18,60,1,10.04
002032,1买,2023-06-02,60,2,20.25
002032,2买,2023-10-24,60,1,22.25
002032,1买,2025-10-27,60,11,8.78
002032,1买,2025-12-31,60,24,6.12
002033,1买,2022-10-12,60,1,73.91
002033,2买,2023-02-24,60,1,19.28
002033,1买,2023-03-20,60,1,21.47
002033,3买,2023-03-20,60,1,21.47
002033,1买,2023-12-27,60,1,33.6
002033,2买,2024-06-24,60,1,10.08
002033,1买,2024-09-18,60,1,37.16
002033,2买,2024-11-25,60,3,19.05
002033,1买,2026-03-24,44,1,38.83
002034,1买,2023-03-15,60,3,7.42
002035,1买,2024-02-07,60,1,82.69
002035,2买,2024-07-25,60,1,54.21
002035,3买,2024-11-27,60,1,14.29
002035,1买,2025-01-13,60,1,13.76
002035,1买,2025-04-08,60,1,9.03
002036,1买,2022-12-23,60,1,19.65
002036,1买,2024-06-26,60,1,48.4
002036,2买,2025-01-13,60,1,81.73
002037,1买,2023-06-09,60,5,24.36
002037,1买,2023-10-23,60,1,16.12
002037,2买,2025-12-16,60,1,12.04
002037,2买,2025-12-16,60,1,12.04
002037,1买,2026-03-24,44,1,22.07
002037,3买,2026-03-24,44,1,22.07
002038,1买,2024-09-18,60,1,41.4
002038,1买,2025-04-09,60,1,32.11
002038,2买,2025-09-29,60,1,19.42
002039,1买,2024-01-23,60,1,42.38
002039,1买,2024-02-06,60,1,43.5
002039,2买,2024-06-19,60,2,12.37
002039,2买,2024-06-19,60,2,12.37
002039,3买,2024-08-06,60,5,10.84
002040,1买,2023-06-26,60,2,14.06
002040,3买,2025-03-07,60,5,127.27
002040,2买,2025-09-05,60,1,48.85
002040,3买,2025-09-05,60,1,48.85
002040,3买,2025-12-17,60,3,36.34
002041,1买,2022-10-11,60,2,18.87
002041,1买,2024-09-18,60,1,58.54
002041,2买,2024-11-27,60,1,34.31
002041,3买,2024-12-26,60,1,33.75
002041,1买,2025-09-29,60,4,10.13
002042,1买,2022-10-31,60,2,18.24
002042,2买,2023-01-13,60,5,12.33
002042,3买,2025-11-10,60,4,9.13
002042,1买,2025-12-17,60,1,20.3
002043,1买,2022-11-01,60,1,156.77
002043,2买,2023-06-01,60,1,34.14
002043,1买,2023-10-24,60,1,11.61
002043,1买,2023-12-27,60,1,25.83
002043,2买,2024-03-29,60,2,36.84
002043,2买,2024-03-29,60,2,36.84
002043,1买,2025-02-06,60,1,10.6
002043,1买,2025-04-07,60,1,20.23
002043,2买,2025-09-05,60,1,39.96
002043,2买,2025-12-10,60,1,40.82
002043,3买,2026-04-13,31,1,22.04
002044,3买,2023-08-24,60,2,11.25
002044,1买,2023-10-19,60,1,18.71
002044,1买,2025-06-23,60,2,28.69
002045,3买,2022-12-23,60,1,72.47
002045,1买,2025-04-09,60,1,45.16
002045,2买,2025-08-04,60,2,26.08
002046,1买,2022-12-23,60,1,25.79
002046,2买,2023-06-09,60,4,23.05
002046,3买,2025-04-09,60,1,50.25
002046,3买,2025-10-13,60,1,91.31
002048,1买,2024-02-05,60,1,46.71
002048,2买,2024-04-16,60,1,18.38
002048,1买,2026-03-24,44,1,27.32
002049,1买,2023-03-22,60,1,26.94
002049,1买,2023-06-13,60,1,16.34
002049,1买,2024-08-23,60,1,78.45
002049,2买,2024-11-27,60,1,13.52
002049,1买,2025-01-14,60,1,29.52
002050,1买,2022-10-31,60,1,31.78
002050,3买,2022-10-31,60,1,31.78
002050,2买,2023-04-25,60,1,50.27
002050,1买,2023-08-21,60,1,19.74
002050,3买,2023-08-21,60,1,19.74
002051,1买,2023-06-26,60,1,21.05
002051,3买,2023-06-26,60,1,21.05
002051,3买,2025-09-23,60,7,16.46
002052,1买,2023-10-24,60,1,68.63
002052,2买,2025-03-05,60,1,203.41
002052,3买,2025-06-23,60,1,153.32
002053,1买,2022-08-05,60,1,25.32
002053,1买,2024-02-05,60,1,61.46
002053,2买,2024-09-18,60,3,41.05
002053,1买,2025-04-09,60,1,12.85
002053,2买,2025-08-04,60,10,44.76
002053,2买,2025-11-03,60,3,22.39
002053,1买,2025-12-12,60,1,20.78
002053,2买,2026-02-13,60,2,29.18
002053,3买,2026-02-13,60,2,29.18
002054,1买,2024-09-18,60,1,80.5
002054,2买,2025-01-06,60,1,37.57
002054,1买,2025-04-09,60,1,53.64
002054,2买,2025-06-23,60,1,20.29
002054,3买,2025-09-05,60,1,50.23
002054,3买,2026-04-24,22,4,12.05
002055,1买,2022-12-23,60,2,20.12
002055,2买,2023-03-14,60,1,13.45
002055,1买,2024-06-11,60,1,33.86
002055,2买,2024-11-19,60,1,37.54
002055,1买,2025-04-09,60,1,79.86
002055,2买,2025-10-13,60,1,8.07
002056,1买,2023-06-09,60,1,14.91
002056,1买,2023-12-21,60,1,26.86
002056,1买,2024-02-05,60,1,45.05
002056,2买,2024-07-25,60,1,38.76
002056,1买,2024-09-23,60,1,47.48
002056,2买,2024-11-27,60,3,8.81
002056,2买,2024-11-27,60,3,8.81
002056,1买,2025-01-03,60,1,31.58
002056,2买,2025-06-03,60,2,50.83
002056,2买,2025-09-23,60,1,33.72
002057,3买,2023-04-26,60,1,18.61
002057,1买,2023-10-24,60,1,13.99
002057,1买,2024-02-06,60,1,69.48
002057,2买,2024-03-28,60,1,40.27
002057,1买,2024-09-18,60,1,54.26
002057,2买,2025-01-06,60,1,39.38
002057,1买,2025-04-09,60,1,52.06
002057,2买,2025-12-04,60,1,21.17
002057,2买,2025-12-04,60,1,21.17
002057,1买,2026-03-24,44,1,19.28
002057,3买,2026-03-24,44,1,19.28
002059,1买,2022-10-12,60,1,52.21
002059,2买,2023-02-08,60,3,16.9
002059,1买,2023-03-20,60,1,22.84
002059,1买,2024-07-25,60,3,46.05
002059,2买,2024-09-18,60,1,45.07
002059,3买,2025-10-31,60,2,18.41
002060,1买,2022-10-11,60,1,36.78
002060,2买,2022-12-26,60,1,11.18
002060,1买,2024-09-18,60,1,44.04
002060,2买,2025-01-13,60,1,11.38
002060,1买,2025-04-09,60,1,15.79
002060,2买,2025-06-23,60,4,23.3
002061,1买,2024-02-06,60,1,42.22
002061,2买,2024-09-18,60,1,50.47
002062,1买,2024-02-07,60,1,38.02
002062,2买,2024-04-16,60,1,17.19
002062,1买,2024-09-18,60,1,66.67
002062,2买,2025-03-25,60,1,30.51
002062,3买,2025-03-25,60,1,30.51
002062,1买,2025-04-09,60,1,25.78
002062,3买,2025-04-09,60,1,25.78
002062,2买,2025-06-13,60,1,129.79
002062,1买,2026-03-24,44,1,53.56
002063,1买,2024-02-05,60,1,41.95
002063,2买,2024-04-17,60,1,24.08
002064,1买,2024-02-05,60,1,53.23
002064,2买,2024-03-28,60,2,30.93
002064,1买,2025-01-09,60,1,15.92
002064,3买,2025-01-09,60,1,15.92
002064,1买,2025-06-23,60,4,39.31
002064,2买,2025-09-04,60,1,41.18
002064,2买,2025-09-04,60,1,41.18
002064,3买,2025-12-12,60,1,58.86
002064,3买,2026-03-23,45,1,29.26
002065,1买,2024-02-05,60,1,42.49
002065,2买,2024-07-09,60,1,50.23
002065,1买,2024-08-28,60,1,123.99
002065,2买,2025-01-06,60,2,133.44
002065,3买,2025-04-09,60,1,38.17
002066,1买,2023-04-26,60,1,19.02
002066,2买,2023-06-12,60,1,13.1
002066,1买,2025-04-09,60,1,47.53
002066,2买,2025-11-25,60,1,44.16
002067,1买,2022-10-11,60,1,11.38
002067,2买,2022-12-26,60,6,13.1
002067,1买,2024-07-25,60,3,36.82
002067,1买,2024-09-18,60,1,63.39
002067,2买,2025-01-07,60,1,52.78
002067,2买,2025-01-07,60,1,52.78
002067,3买,2025-06-19,60,1,61.38
002068,1买,2023-05-30,60,2,62.39
002068,2买,2023-10-23,60,1,39.89
002068,1买,2024-02-06,60,1,70.75
002068,2买,2024-04-18,60,1,20.84
002068,1买,2025-12-17,60,1,27.22
002068,2买,2026-01-21,60,2,26.64
002069,1买,2024-02-08,60,1,48.08
002069,2买,2025-01-13,60,1,22.92
002069,1买,2026-03-23,45,1,18.02
002072,3买,2022-12-19,60,1,25.33
002072,1买,2023-10-23,60,1,26.0
002072,2买,2025-09-04,60,1,24.14
002072,3买,2025-10-13,60,1,19.86
002072,1买,2025-12-24,60,1,24.26
002074,1买,2022-10-31,60,1,26.44
002074,1买,2023-04-25,60,1,13.83
002074,1买,2025-04-09,60,1,87.34
002074,2买,2025-08-04,60,4,75.46
002074,2买,2025-08-04,60,4,75.46
002074,2买,2025-12-04,60,2,12.74
002074,3买,2025-12-04,60,2,12.74
002074,1买,2025-12-16,60,1,14.7
002074,1买,2026-04-07,35,1,24.04
002075,1买,2023-10-24,60,1,17.07
002075,2买,2025-01-13,60,1,30.53
002075,1买,2025-04-09,60,1,41.24
002075,3买,2025-04-09,60,1,41.24
002075,2买,2025-10-20,60,5,12.8
002077,1买,2024-05-27,60,1,26.66
002077,1买,2024-07-18,60,1,50.05
002077,2买,2024-11-27,60,1,34.86
002078,1买,2022-08-25,60,1,10.35
002078,2买,2023-10-26,60,2,9.77
002078,1买,2023-12-07,60,2,24.52
002078,2买,2024-09-10,60,5,42.75
002078,1买,2025-04-09,60,1,9.86
002078,3买,2025-04-09,60,1,9.86
002079,1买,2023-06-09,60,1,37.2
002079,1买,2024-02-06,60,1,52.21
002079,2买,2024-08-28,60,1,81.62
002079,1买,2025-04-09,60,1,31.45
002080,1买,2023-03-14,60,1,22.23
002080,1买,2024-02-05,60,1,45.19
002080,1买,2024-09-10,60,2,55.5
002080,2买,2024-12-17,60,1,24.5
002080,2买,2024-12-17,60,1,24.5
002080,1买,2025-01-08,60,1,31.96
002080,3买,2025-01-08,60,1,31.96
002080,2买,2025-04-09,60,1,97.47
002080,2买,2025-10-20,60,1,40.45
002081,1买,2022-10-25,60,2,29.98
002081,2买,2023-04-27,60,1,11.49
002081,1买,2024-07-10,60,1,43.36
002081,1买,2024-09-18,60,1,52.67
002081,2买,2024-11-27,60,1,24.71
002081,2买,2024-11-27,60,1,24.71
002081,1买,2025-04-08,60,1,18.24
002081,2买,2025-06-23,60,3,14.8
002082,1买,2023-09-04,60,1,19.53
002082,1买,2024-09-18,60,1,99.49
002082,2买,2025-04-09,60,1,89.21
002082,2买,2025-12-17,60,1,71.49
002083,1买,2022-10-31,60,3,34.75
002083,2买,2022-12-30,60,2,19.91
002083,3买,2025-01-06,60,1,19.57
002084,1买,2023-06-26,60,1,43.82
002084,2买,2023-10-24,60,1,12.0
002084,1买,2024-07-10,60,1,43.91
002084,2买,2025-01-06,60,1,78.99
002085,1买,2023-04-26,60,1,34.37
002085,1买,2023-10-24,60,1,18.5
002085,2买,2024-07-25,60,1,70.31
002085,2买,2024-07-25,60,1,70.31
002086,1买,2023-01-13,60,1,43.15
002086,1买,2023-11-06,60,1,26.45
002086,1买,2024-09-18,60,1,146.02
002086,2买,2025-01-24,60,1,63.91
002086,2买,2025-06-23,60,1,36.8
002086,2买,2025-06-23,60,1,36.8
002086,3买,2025-06-23,60,1,36.8
002088,1买,2023-06-13,60,1,14.67
002088,1买,2024-02-05,60,1,31.54
002088,1买,2025-05-06,60,1,6.82
002088,1买,2025-06-23,60,4,32.85
002088,2买,2025-11-05,60,4,20.61
002088,2买,2025-11-05,60,4,20.61
002088,1买,2025-12-31,60,3,34.59
002090,1买,2023-12-27,60,1,18.22
002091,1买,2024-02-05,60,1,48.7
002091,2买,2024-08-23,60,4,41.46
002091,1买,2025-04-09,60,1,22.1
002091,2买,2025-06-20,60,2,34.33
002092,1买,2022-10-31,60,2,34.59
002092,2买,2023-06-13,60,1,23.69
002092,1买,2024-06-25,60,2,10.33
002092,1买,2024-08-21,60,2,50.6
002092,1买,2024-09-20,60,2,51.96
002092,2买,2025-01-09,60,3,18.86
002092,2买,2025-01-09,60,3,18.86
002092,2买,2025-01-09,60,3,18.86
002092,1买,2025-04-09,60,1,31.83
002092,3买,2025-04-09,60,1,31.83
002092,2买,2025-09-30,60,1,20.62
002093,3买,2023-05-25,60,2,28.01
002093,3买,2025-01-13,60,1,129.15
002093,3买,2025-05-30,60,1,36.53
002093,3买,2025-08-01,60,7,13.4
002094,3买,2024-11-29,60,1,32.81
002094,1买,2025-01-06,60,1,41.67
002094,3买,2025-01-06,60,1,41.67
002094,2买,2025-03-31,60,2,109.43
002094,1买,2025-12-05,60,4,29.54
002095,3买,2023-05-24,60,1,27.64
002095,1买,2023-08-21,60,1,31.85
002095,2买,2023-10-26,60,1,17.01
002095,1买,2025-04-09,60,1,71.67
002095,2买,2025-06-23,60,1,27.81
002095,3买,2025-10-13,60,1,12.93
002095,1买,2025-12-17,60,1,27.74
002097,1买,2023-04-26,60,1,15.21
002097,2买,2023-09-01,60,1,14.7
002097,1买,2023-10-24,60,1,35.51
002097,1买,2024-09-18,60,1,75.83
002097,2买,2025-01-13,60,1,54.52
002097,2买,2025-01-13,60,1,54.52
002097,1买,2025-04-09,60,1,47.5
002097,2买,2025-12-17,60,3,12.79
002097,1买,2026-03-24,44,1,11.4
002097,3买,2026-03-24,44,1,11.4
002098,1买,2023-04-25,60,1,13.59
002098,2买,2023-08-25,60,1,20.85
002098,3买,2024-11-19,60,2,18.9
002099,1买,2024-02-02,60,1,69.31
002099,2买,2024-04-16,60,1,31.09
002099,1买,2025-03-07,60,1,54.89
002099,1买,2025-04-09,60,1,63.62
002099,2买,2025-09-05,60,1,13.99
002099,2买,2025-09-05,60,1,13.99
002099,1买,2025-10-31,60,1,39.67
002100,1买,2024-02-06,60,1,34.15
002100,2买,2024-04-22,60,1,39.52
002101,1买,2023-10-24,60,1,13.79
002101,1买,2025-04-09,60,1,34.89
002101,2买,2025-06-23,60,1,23.09
002102,1买,2023-10-27,60,1,15.27
002102,2买,2025-06-23,60,1,54.97
002102,3买,2025-12-24,60,1,19.57
002103,1买,2024-02-07,60,1,59.83
002103,2买,2025-01-06,60,1,41.07
002103,3买,2025-01-06,60,1,41.07
002103,1买,2025-04-09,60,1,84.28
002103,2买,2025-06-23,60,2,23.49
002103,3买,2025-08-04,60,3,13.54
002103,1买,2025-12-17,60,1,21.3
002104,3买,2025-11-24,60,1,30.44
002105,1买,2023-10-23,60,1,30.68
002105,2买,2023-12-28,60,1,24.22
002105,1买,2024-07-18,60,1,41.62
002105,2买,2024-09-18,60,1,91.51
002105,1买,2025-10-13,60,1,60.69
002105,3买,2025-10-13,60,1,60.69
002106,1买,2023-08-25,60,1,45.49
002106,2买,2024-04-16,60,1,34.54
002106,3买,2024-04-16,60,1,34.54
002106,1买,2025-04-09,60,1,47.02
002106,2买,2025-11-24,60,1,24.28
002107,1买,2022-09-19,60,4,36.94
002107,2买,2023-01-13,60,1,16.95
002107,1买,2024-09-18,60,1,63.58
002107,2买,2025-01-13,60,1,30.62
002107,1买,2025-04-09,60,1,80.28
002107,2买,2025-11-24,60,1,28.81
002107,1买,2025-12-17,60,1,35.54
002107,3买,2025-12-17,60,1,35.54
002108,1买,2024-09-18,60,1,51.92
002108,2买,2024-11-27,60,1,27.11
002108,3买,2025-01-13,60,1,11.85
002108,3买,2025-11-27,60,2,19.96
002108,1买,2026-03-24,44,1,49.07
002109,1买,2023-10-23,60,1,22.01
002109,1买,2025-04-09,60,1,75.76
002109,2买,2025-08-04,60,2,26.1
002110,1买,2023-06-26,60,4,26.6
002110,1买,2024-09-12,60,1,60.16
002110,2买,2024-11-27,60,1,27.43
002110,2买,2025-12-17,60,1,17.11
002111,1买,2023-08-29,60,1,18.62
002111,2买,2023-10-23,60,2,17.63
002111,1买,2024-09-18,60,1,49.43
002111,2买,2025-01-08,60,1,27.22
002111,1买,2025-04-09,60,1,22.93
002111,2买,2025-10-20,60,4,15.32
002112,1买,2023-10-24,60,1,24.24
002112,2买,2023-12-27,60,1,19.56
002112,3买,2024-12-26,60,1,85.89
002112,3买,2025-04-09,60,1,35.17
002112,3买,2025-09-03,60,1,34.49
002112,1买,2026-05-22,5,1,8.23
002114,1买,2023-06-26,60,2,34.84
002114,2买,2023-09-12,60,1,10.6
002114,1买,2023-10-23,60,2,21.23
002114,1买,2025-04-09,60,1,46.41
002114,2买,2025-09-24,60,1,45.53
002115,1买,2023-08-25,60,1,71.96
002115,3买,2023-08-25,60,1,71.96
002115,1买,2024-07-18,60,1,53.08
002115,2买,2025-01-07,60,1,75.8
002115,2买,2025-01-07,60,1,75.8
002116,1买,2022-08-04,60,2,34.09
002116,2买,2022-12-30,60,1,36.16
002116,3买,2023-05-30,60,1,25.23
002116,1买,2024-02-08,60,1,48.46
002116,1买,2024-09-11,60,2,49.69
002116,2买,2025-01-13,60,1,19.38
002116,2买,2025-01-13,60,1,19.38
002116,1买,2025-04-09,60,1,24.72
002116,2买,2025-06-23,60,1,9.86
002117,1买,2022-08-04,60,1,20.38
002117,2买,2023-03-16,60,1,16.34
002117,1买,2023-04-27,60,1,44.74
002117,3买,2023-04-27,60,1,44.74
002117,1买,2024-02-06,60,1,62.29
002117,2买,2024-06-07,60,1,17.32
002117,1买,2024-09-18,60,1,92.26
002117,2买,2025-04-09,60,1,27.09
002117,2买,2025-04-09,60,1,27.09
002117,3买,2025-05-30,60,1,34.81
002120,1买,2023-06-29,60,9,17.87
002120,1买,2025-04-08,60,1,12.95
002120,2买,2025-10-17,60,1,5.98
002120,1买,2026-01-05,60,5,7.61
002121,1买,2022-12-23,60,1,47.09
002121,1买,2023-10-24,60,2,24.85
002121,1买,2025-04-09,60,1,57.27
002121,2买,2025-12-04,60,2,47.33
002121,2买,2025-12-04,60,2,47.33
002124,1买,2022-10-31,60,1,10.64
002124,2买,2022-12-21,60,1,5.54
002124,1买,2023-10-24,60,1,13.41
002124,1买,2024-02-06,60,1,47.58
002124,1买,2024-07-09,60,1,34.69
002124,2买,2024-09-23,60,1,75.85
002124,2买,2025-01-07,60,1,19.92
002125,1买,2023-05-10,60,1,24.77
002125,1买,2025-04-09,60,1,110.68
002125,2买,2025-08-28,60,1,31.05
002125,2买,2025-08-28,60,1,31.05
002125,1买,2025-12-17,60,1,22.95
002125,3买,2025-12-17,60,1,22.95
002126,3买,2023-09-15,60,1,16.24
002126,1买,2023-10-23,60,1,14.65
002126,2买,2024-04-09,60,1,21.83
002127,1买,2023-10-23,60,1,37.85
002127,2买,2023-12-11,60,1,27.03
002127,3买,2025-01-13,60,1,32.99
002127,3买,2025-04-09,60,1,63.11
002127,1买,2025-08-15,60,1,11.68
002128,1买,2022-10-25,60,1,13.99
002128,2买,2022-12-23,60,2,19.55
002128,1买,2023-08-25,60,1,12.46
002128,2买,2024-01-23,60,1,53.39
002129,1买,2022-10-24,60,1,17.43
002129,1买,2022-12-23,60,1,46.32
002129,2买,2023-05-12,60,1,12.64
002129,1买,2024-02-06,60,1,33.43
002129,1买,2024-07-10,60,1,48.83
002129,1买,2024-08-26,60,1,83.67
002129,2买,2025-01-13,60,1,21.09
002129,2买,2025-01-13,60,1,21.09
002129,1买,2025-04-09,60,1,14.56
002130,3买,2023-05-05,60,1,32.48
002130,1买,2023-10-24,60,1,22.85
002130,2买,2024-06-11,60,1,47.0
002130,3买,2024-09-20,60,1,140.79
002130,3买,2025-11-24,60,1,43.37
002131,3买,2023-08-22,60,4,19.28
002131,1买,2023-10-24,60,1,23.76
002131,2买,2025-04-09,60,1,51.65
002131,3买,2025-04-09,60,1,51.65
002131,3买,2025-06-23,60,1,94.43
002132,1买,2023-06-26,60,1,11.64
002132,1买,2023-10-24,60,1,23.53
002132,2买,2025-09-04,60,1,25.63
002132,2买,2025-09-04,60,1,25.63
002133,1买,2024-02-08,60,1,43.72
002133,1买,2024-09-18,60,1,75.38
002133,2买,2025-01-06,60,1,36.12
002133,2买,2025-01-06,60,1,36.12
002133,1买,2025-04-09,60,1,44.09
002133,2买,2025-06-23,60,1,33.33
002133,3买,2025-06-23,60,1,33.33
002133,1买,2025-12-17,60,1,29.97
002133,2买,2026-03-24,44,1,13.97
002133,3买,2026-03-24,44,1,13.97
002134,3买,2023-12-21,60,1,9.58
002134,1买,2024-09-18,60,1,239.78
002134,2买,2024-11-27,60,1,63.96
002134,3买,2025-04-09,60,1,92.62
002134,1买,2025-10-20,60,1,53.11
002135,1买,2022-10-11,60,1,13.9
002135,1买,2022-12-23,60,1,15.91
002135,2买,2023-02-28,60,3,9.08
002135,2买,2023-02-28,60,3,9.08
002135,1买,2024-07-10,60,1,38.04
002135,1买,2024-09-18,60,1,55.94
002135,2买,2025-01-13,60,1,26.49
002135,2买,2025-01-13,60,1,26.49
002135,1买,2025-04-09,60,1,21.45
002135,2买,2025-09-24,60,2,23.06
002136,1买,2023-06-26,60,1,13.11
002136,2买,2023-12-21,60,5,7.5
002136,1买,2025-04-09,60,1,90.45
002136,2买,2025-09-24,60,1,74.53
002137,1买,2023-08-25,60,1,65.53
002137,2买,2023-10-24,60,1,62.48
002137,1买,2024-07-18,60,1,52.12
002137,2买,2025-04-09,60,1,58.51
002137,1买,2025-10-13,60,1,23.63
002137,3买,2025-10-13,60,1,23.63
002138,1买,2024-02-05,60,1,37.46
002138,2买,2024-05-29,60,1,25.22
002138,1买,2024-08-28,60,1,46.41
002138,1买,2024-09-20,60,1,51.29
002138,2买,2024-11-29,60,1,9.18
002138,2买,2024-11-29,60,1,9.18
002138,1买,2025-01-06,60,1,13.58
002138,3买,2025-01-06,60,1,13.58
002138,2买,2025-12-16,60,1,34.46
002139,1买,2024-09-18,60,1,66.29
002139,2买,2025-04-09,60,1,39.89
002140,1买,2023-06-26,60,1,10.97
002140,2买,2025-06-23,60,1,31.84
002141,1买,2022-12-30,60,1,21.37
002141,1买,2023-10-20,60,1,38.89
002141,1买,2024-05-10,60,1,69.23
002141,2买,2024-08-20,60,1,55.56
002141,2买,2025-08-04,60,1,38.06
002142,3买,2025-07-17,60,4,11.52
002142,3买,2026-03-24,44,2,15.63
002144,1买,2025-04-09,60,1,55.81
002144,2买,2025-06-23,60,1,25.92
002145,1买,2023-01-03,60,1,35.02
002145,1买,2023-09-27,60,1,18.29
002145,1买,2024-02-06,60,1,49.69
002145,2买,2024-04-17,60,1,34.08
002145,1买,2025-04-09,60,1,16.4
002145,3买,2025-04-09,60,1,16.4
002145,2买,2025-12-17,60,2,25.05
002145,2买,2025-12-17,60,2,25.05
002145,1买,2026-04-07,35,1,10.05
002146,1买,2022-11-01,60,1,42.27
002146,1买,2024-02-07,60,1,46.03
002146,2买,2024-07-25,60,3,47.37
002146,1买,2024-08-29,60,1,134.21
002148,1买,2023-08-28,60,1,22.89
002148,2买,2023-10-24,60,1,22.67
002148,1买,2026-03-24,44,1,18.1
002149,1买,2023-10-23,60,1,23.25
002149,1买,2023-12-21,60,1,23.43
002149,2买,2025-01-06,60,1,66.67
002150,3买,2023-06-28,60,1,22.68
002150,1买,2023-10-23,60,1,59.77
002150,1买,2024-02-07,60,1,43.04
002150,1买,2025-04-09,60,1,31.79
002150,2买,2025-06-03,60,2,32.95
002150,2买,2025-12-18,60,1,101.95
002150,2买,2025-12-18,60,1,101.95
002151,1买,2022-12-23,60,6,25.78
002151,2买,2023-03-31,60,1,28.65
002151,1买,2024-09-18,60,2,45.64
002151,2买,2025-01-24,60,3,13.65
002151,1买,2025-04-08,60,1,27.84
002151,2买,2025-06-16,60,1,31.56
002151,3买,2026-02-25,60,2,13.77
002152,3买,2023-07-24,60,1,13.47
002152,1买,2023-10-24,60,1,20.97
002153,1买,2022-08-26,60,2,35.81
002153,1买,2022-10-11,60,1,48.4
002153,2买,2023-03-22,60,1,82.84
002153,2买,2023-03-22,60,1,82.84
002153,1买,2024-02-06,60,1,41.48
002153,1买,2024-08-28,60,1,76.72
002153,2买,2025-01-13,60,1,59.94
002153,2买,2025-01-13,60,1,59.94
002153,1买,2025-11-12,60,1,84.19
002153,3买,2025-11-12,60,1,84.19
002153,2买,2026-04-07,35,1,17.1
002154,3买,2023-12-28,60,1,29.72
002154,1买,2025-04-09,60,1,16.11
002154,2买,2025-09-09,60,5,32.8
002155,1买,2023-08-17,60,5,16.77
002155,1买,2023-10-24,60,4,8.93
002155,1买,2024-01-18,60,1,49.81
002155,1买,2024-02-05,60,1,86.59
002155,2买,2024-06-27,60,1,23.84
002155,2买,2024-06-27,60,1,23.84
002155,2买,2024-06-27,60,1,23.84
002155,2买,2024-06-27,60,1,23.84
002155,3买,2024-06-27,60,1,23.84
002156,3买,2023-05-04,60,1,61.01
002156,1买,2024-09-18,60,1,111.41
002156,2买,2025-01-06,60,1,25.48
002156,3买,2025-01-06,60,1,25.48
002156,1买,2025-04-09,60,1,23.63
002156,2买,2025-06-16,60,1,62.14
002156,3买,2025-11-24,60,1,70.85
002157,1买,2022-10-31,60,1,43.16
002157,1买,2026-03-27,41,1,23.08
002158,1买,2023-06-12,60,3,19.31
002158,1买,2024-02-05,60,1,38.43
002158,2买,2024-09-23,60,1,42.22
002158,1买,2024-11-27,60,2,19.74
002158,2买,2025-11-24,60,3,31.29
002158,1买,2026-04-03,36,2,70.88
002159,3买,2023-04-25,60,1,46.84
002159,1买,2024-07-25,60,4,49.67
002159,2买,2024-09-18,60,1,57.18
002159,1买,2025-04-09,60,1,25.51
002159,2买,2025-10-13,60,6,12.68
002160,1买,2023-04-25,60,1,15.18
002160,1买,2023-10-23,60,2,20.94
002160,2买,2023-12-27,60,1,14.92
002160,2买,2023-12-27,60,1,14.92
002160,1买,2024-06-25,60,1,24.71
002160,2买,2024-09-18,60,1,55.05
002160,1买,2025-04-09,60,1,48.01
002160,2买,2025-09-04,60,2,72.21
002160,3买,2025-09-04,60,2,72.21
002160,1买,2026-03-23,45,1,31.0
002161,3买,2023-03-17,60,2,7.97
002161,1买,2023-04-27,60,1,17.44
002161,2买,2023-08-25,60,1,41.15
002161,1买,2025-12-17,60,2,36.84
002162,1买,2023-10-23,60,2,32.33
002163,1买,2023-03-16,60,1,19.42
002163,1买,2023-10-24,60,1,17.91
002163,2买,2023-12-26,60,2,7.57
002163,1买,2024-01-23,60,1,19.04
002163,1买,2025-04-09,60,1,59.19
002163,2买,2025-09-04,60,1,100.33
002163,2买,2025-09-04,60,1,100.33
002163,2买,2025-12-19,60,1,97.71
002163,3买,2026-04-07,35,1,10.51
002164,1买,2023-10-24,60,1,49.59
002164,2买,2023-12-11,60,2,31.46
002164,3买,2025-10-23,60,1,46.76
002165,1买,2023-04-20,60,1,22.01
002165,2买,2023-06-26,60,4,29.63
002165,1买,2024-09-18,60,1,89.78
002165,2买,2025-01-13,60,1,155.18
002165,3买,2025-09-23,60,1,12.05
002165,1买,2025-12-17,60,1,107.62
002166,1买,2022-10-31,60,1,23.97
002166,1买,2024-07-29,60,1,39.54
002166,1买,2024-08-26,60,3,39.97
002166,2买,2025-01-13,60,1,19.92
002166,2买,2025-01-13,60,1,19.92
002166,1买,2025-04-09,60,1,25.89
002166,2买,2025-06-23,60,3,23.82
002166,1买,2026-03-24,44,1,17.65
002167,1买,2023-10-23,60,1,24.79
002167,2买,2025-04-09,60,1,70.09
002169,1买,2022-12-23,60,1,34.11
002169,1买,2023-04-25,60,1,22.56
002169,1买,2023-10-24,60,1,10.06
002169,2买,2026-04-28,20,2,58.37
002169,2买,2026-04-28,20,2,58.37
002169,2买,2026-04-28,20,2,58.37
002170,1买,2023-12-27,60,1,20.69
002170,2买,2025-02-27,60,1,42.96
002170,3买,2025-04-09,60,1,25.42
002171,1买,2023-04-27,60,1,17.55
002171,2买,2025-02-17,60,1,36.72
002171,1买,2025-04-09,60,1,34.27
002171,2买,2025-07-14,60,1,31.63
002172,1买,2024-08-28,60,1,64.52
002172,2买,2025-01-13,60,1,44.1
002172,1买,2025-04-09,60,1,82.44
002172,3买,2025-04-09,60,1,82.44
002172,2买,2025-08-29,60,1,28.71
002172,3买,2025-12-17,60,1,20.1
002173,1买,2023-04-26,60,1,118.77
002173,2买,2023-09-08,60,1,35.36
002173,1买,2023-10-24,60,1,43.36
002173,2买,2025-01-02,60,1,70.82
002173,1买,2025-12-16,60,1,94.96
002173,3买,2025-12-16,60,1,94.96
002173,2买,2026-03-04,58,1,26.11
002174,1买,2024-02-06,60,1,53.73
002174,1买,2024-08-28,60,1,58.83
002174,2买,2025-01-13,60,1,31.66
002174,2买,2025-01-13,60,1,31.66
002174,3买,2025-03-03,60,1,50.05
002174,3买,2025-10-16,60,2,24.64
002175,1买,2023-08-25,60,1,25.46
002175,2买,2025-04-09,60,1,38.95
002176,1买,2022-10-25,60,1,29.4
002176,1买,2023-09-27,60,1,69.01
002176,2买,2023-12-01,60,1,38.19
002176,1买,2025-04-09,60,1,21.82
002176,2买,2026-02-06,60,1,92.84
002177,3买,2023-05-17,60,1,79.13
002177,3买,2025-08-04,60,2,66.4
002177,3买,2025-10-13,60,1,33.71
002177,1买,2025-12-05,60,1,61.44
002178,1买,2024-06-07,60,1,49.5
002178,2买,2024-07-18,60,1,78.83
002178,1买,2025-04-09,60,1,35.21
002178,2买,2025-06-23,60,1,47.48
002178,3买,2025-10-20,60,2,26.42
002179,1买,2022-10-10,60,1,20.45
002179,1买,2025-02-19,60,1,24.19
002180,1买,2023-10-23,60,1,35.59
002180,1买,2024-02-05,60,1,68.71
002180,2买,2024-09-19,60,1,50.41
002180,2买,2025-01-23,60,2,18.72
002180,1买,2025-04-30,60,1,24.95
002181,1买,2022-10-11,60,1,126.67
002181,2买,2023-03-16,60,2,40.5
002181,1买,2023-07-07,60,1,11.56
002181,1买,2023-10-23,60,1,46.39
002181,1买,2024-02-08,60,1,46.13
002181,2买,2025-01-24,60,1,34.54
002181,2买,2025-01-24,60,1,34.54
002181,2买,2025-01-24,60,1,34.54
002181,3买,2025-01-24,60,1,34.54
002181,1买,2025-04-18,60,1,72.76
002181,3买,2025-04-18,60,1,72.76
002181,2买,2025-12-17,60,1,63.33
002182,1买,2022-11-01,60,1,27.91
002182,2买,2023-01-19,60,1,35.16
002182,1买,2023-06-26,60,1,13.94
002182,1买,2024-09-18,60,1,65.81
002183,1买,2022-10-31,60,1,31.76
002183,1买,2023-10-24,60,4,25.06
002183,1买,2025-04-09,60,1,34.38
002183,3买,2025-04-09,60,1,34.38
002183,2买,2025-06-16,60,4,14.42
002184,1买,2023-04-25,60,1,37.69
002184,2买,2023-08-17,60,1,32.51
002185,1买,2023-08-25,60,1,14.23
002185,2买,2025-01-06,60,1,14.56
002185,1买,2025-04-09,60,1,31.01
002185,2买,2025-12-17,60,3,52.96
002186,1买,2022-10-12,60,1,202.37
002186,2买,2023-02-09,60,1,21.06
002186,1买,2023-03-16,60,3,23.94
002186,3买,2023-03-16,60,3,23.94
002186,1买,2023-10-20,60,3,33.64
002186,2买,2023-12-27,60,2,31.48
002186,1买,2024-09-18,60,1,87.73
002186,2买,2024-11-19,60,2,53.65
002186,3买,2025-02-21,60,4,20.48
002186,1买,2025-04-09,60,1,31.54
002186,2买,2025-05-26,60,6,19.38
002186,1买,2025-06-23,60,2,51.84
002187,1买,2022-08-04,60,15,13.19
002187,1买,2023-10-23,60,2,23.41
002187,1买,2024-07-10,60,1,53.62
002187,2买,2024-12-25,60,1,91.03
002187,2买,2025-02-19,60,1,28.25
002187,3买,2025-02-19,60,1,28.25
002187,3买,2025-02-19,60,1,28.25
002187,1买,2025-04-08,60,1,46.45
002188,1买,2022-09-19,60,1,99.2
002188,2买,2022-12-14,60,2,27.1
002188,1买,2023-04-26,60,1,31.61
002188,1买,2025-04-09,60,1,56.01
002188,2买,2025-06-23,60,1,24.24
002188,2买,2026-03-23,45,1,25.21
002189,1买,2025-01-13,60,1,30.69
002189,2买,2025-09-24,60,1,14.08
002189,3买,2025-09-24,60,1,14.08
002190,1买,2023-01-17,60,1,56.92
002190,2买,2023-02-28,60,2,9.15
002190,1买,2023-04-26,60,2,10.21
002190,1买,2023-06-28,60,1,9.14
002190,1买,2024-12-26,60,1,32.28
002190,2买,2025-02-19,60,1,161.44
002190,1买,2025-04-09,60,1,200.56
002190,2买,2025-12-16,60,1,21.14
002190,2买,2025-12-16,60,1,21.14
002190,2买,2025-12-16,60,1,21.14
002190,1买,2026-03-24,44,1,25.93
002190,3买,2026-03-24,44,1,25.93
002191,1买,2023-04-17,60,3,4.55
002191,1买,2025-04-09,60,1,26.87
002192,1买,2022-10-13,60,1,44.46
002193,1买,2023-06-26,60,1,30.53
002193,1买,2023-10-23,60,1,33.84
002193,3买,2025-10-17,60,1,28.06
002194,1买,2024-02-06,60,1,84.03
002194,2买,2024-07-25,60,1,59.5
002194,1买,2025-04-09,60,1,93.35
002194,2买,2025-07-16,60,1,31.86
002195,3买,2023-05-26,60,1,19.64
002195,1买,2024-09-18,60,1,179.72
002195,2买,2025-01-06,60,1,106.84
002195,3买,2025-01-06,60,1,106.84
002195,3买,2025-04-09,60,1,46.99
002195,1买,2025-12-16,60,2,104.18
002195,3买,2025-12-16,60,2,104.18
002195,2买,2026-03-24,44,1,8.5
002196,1买,2023-06-27,60,1,42.11
002196,2买,2023-10-24,60,1,24.96
002196,3买,2025-10-23,60,3,98.64
002198,3买,2023-06-12,60,1,24.49
002198,1买,2023-07-13,60,2,5.48
002198,1买,2023-09-14,60,1,19.51
002198,1买,2023-10-26,60,1,25.89
002198,2买,2025-01-09,60,1,17.67
002198,2买,2025-01-09,60,1,17.67
002198,1买,2025-04-09,60,1,25.44
002198,2买,2025-09-23,60,2,40.27
002201,1买,2024-09-18,60,1,75.13
002201,2买,2025-01-06,60,1,41.24
002201,3买,2025-09-24,60,1,51.34
002201,3买,2025-09-24,60,1,51.34
002202,1买,2022-10-31,60,1,15.18
002202,2买,2022-12-23,60,2,12.32
002202,1买,2025-04-09,60,1,37.96
002202,2买,2025-11-24,60,1,165.26
002202,3买,2025-11-24,60,1,165.26
002203,1买,2022-09-02,60,1,25.61
002203,2买,2022-12-26,60,1,15.81
002203,1买,2024-02-05,60,1,38.59
002203,2买,2024-03-06,60,1,15.36
002203,1买,2024-07-22,60,1,40.16
002203,2买,2025-04-09,60,1,27.76
002203,3买,2025-06-24,60,1,41.79
002203,3买,2025-11-05,60,3,55.13
002204,1买,2022-12-26,60,1,19.41
002204,1买,2023-10-24,60,1,10.07
002204,2买,2023-12-21,60,5,16.4
002204,1买,2024-09-10,60,2,48.82
002204,2买,2024-11-19,60,2,19.37
002204,3买,2024-11-19,60,2,19.37
002204,3买,2025-01-13,60,1,87.53
002204,2买,2025-09-24,60,2,40.58
002205,1买,2022-10-11,60,1,41.38
002205,2买,2023-04-28,60,1,25.1
002205,3买,2025-12-05,60,1,18.45
002206,1买,2023-08-24,60,2,14.31
002206,1买,2024-08-26,60,2,39.47
002206,2买,2025-01-13,60,1,39.95
002206,1买,2025-04-09,60,1,62.23
002206,2买,2025-09-24,60,1,11.9
002206,2买,2025-09-24,60,1,11.9
002206,1买,2025-11-24,60,6,39.15
002206,3买,2025-11-24,60,6,39.15
002207,1买,2023-04-26,60,1,19.22
002207,2买,2023-06-27,60,2,43.04
002207,1买,2025-04-09,60,1,150.0
002207,2买,2025-08-04,60,1,43.31
002208,1买,2022-10-31,60,2,29.77
002208,2买,2022-12-30,60,2,15.26
002208,1买,2024-07-25,60,1,114.04
002208,2买,2025-01-06,60,1,35.49
002208,1买,2025-04-09,60,1,43.46
002208,2买,2025-08-04,60,7,128.06
002208,1买,2025-09-23,60,1,142.01
002208,2买,2025-12-17,60,1,71.83
002208,3买,2025-12-17,60,1,71.83
002208,3买,2025-12-17,60,1,71.83
002209,1买,2023-06-12,60,1,18.34
002209,3买,2023-06-12,60,1,18.34
002209,2买,2023-10-23,60,1,26.95
002209,3买,2025-10-20,60,2,20.06
002209,1买,2025-11-05,60,7,34.44
002209,3买,2025-11-05,60,7,34.44
002210,1买,2022-07-13,60,1,25.62
002210,1买,2023-06-26,60,1,25.73
002210,2买,2023-09-22,60,1,11.23
002210,1买,2025-04-09,60,1,70.0
002210,3买,2025-04-09,60,1,70.0
002210,2买,2025-06-23,60,1,84.28
002210,3买,2025-06-23,60,1,84.28
002212,1买,2022-10-11,60,1,52.91
002212,2买,2022-12-22,60,3,31.64
002212,1买,2023-07-13,60,1,11.83
002212,1买,2024-07-19,60,1,55.27
002212,1买,2024-09-18,60,1,106.77
002212,2买,2024-11-27,60,1,57.73
002212,2买,2024-11-27,60,1,57.73
002212,3买,2025-01-13,60,1,88.64
002212,1买,2025-12-17,60,2,28.52
002212,3买,2025-12-17,60,2,28.52
002212,1买,2026-03-04,58,1,18.95
002213,1买,2023-05-10,60,1,54.9
002213,2买,2023-08-29,60,1,25.21
002213,1买,2023-10-24,60,1,25.9
002213,1买,2024-07-25,60,1,45.45
002213,2买,2024-11-19,60,1,80.22
002213,3买,2025-04-09,60,1,96.67
002213,2买,2025-07-23,60,1,40.57
002213,1买,2025-09-08,60,1,124.24
002213,3买,2025-09-08,60,1,124.24
002213,2买,2025-12-17,60,1,34.86
002215,3买,2025-03-07,60,1,50.41
002215,1买,2025-04-07,60,1,58.31
002215,2买,2025-06-26,60,7,35.6
002215,3买,2025-06-26,60,7,35.6
002215,1买,2026-03-24,44,1,16.33
002216,1买,2022-08-04,60,1,8.89
002216,1买,2022-09-19,60,1,29.91
002216,2买,2023-02-08,60,2,10.66
002216,1买,2023-04-24,60,1,10.18
002216,1买,2023-06-26,60,19,8.93
002216,1买,2024-02-05,60,1,22.21
002216,2买,2025-02-26,60,2,12.87
002216,1买,2025-10-09,60,15,14.69
002217,1买,2022-12-30,60,2,33.47
002217,2买,2023-03-14,60,1,65.3
002218,1买,2022-12-23,60,1,45.05
002218,2买,2023-04-25,60,1,10.96
002218,1买,2023-06-09,60,5,10.42
002218,1买,2024-07-09,60,1,54.55
002218,1买,2024-08-28,60,1,55.13
002218,2买,2024-12-23,60,1,29.43
002218,2买,2024-12-23,60,1,29.43
002218,3买,2025-01-24,60,1,10.94
002218,1买,2025-04-09,60,1,36.76
002218,2买,2025-06-19,60,3,61.18
002218,2买,2026-03-20,46,1,34.43
002218,3买,2026-03-20,46,1,34.43
002219,1买,2023-10-24,60,1,11.96
002219,1买,2024-02-06,60,1,45.69
002219,2买,2025-04-09,60,1,19.05
002219,1买,2025-07-07,60,1,28.08
002219,2买,2025-09-05,60,1,23.22
002221,1买,2022-10-11,60,1,20.56
002221,2买,2022-12-30,60,3,25.79
002221,1买,2024-02-05,60,1,26.3
002221,2买,2024-04-17,60,1,10.15
002221,1买,2024-09-11,60,1,36.14
002221,2买,2025-01-13,60,1,18.57
002221,1买,2025-04-10,60,1,35.69
002221,2买,2025-09-18,60,1,9.96
002222,3买,2023-05-23,60,1,35.24
002222,1买,2025-04-09,60,1,31.98
002222,2买,2025-11-21,60,1,86.27
002223,1买,2023-04-25,60,1,28.63
002223,3买,2023-04-25,60,1,28.63
002223,2买,2023-09-08,60,1,9.88
002223,1买,2023-11-13,60,1,14.02
002223,2买,2024-01-23,60,1,18.47
002224,1买,2025-04-09,60,1,38.3
002224,2买,2025-06-23,60,1,12.76
002224,1买,2025-10-20,60,3,12.18
002225,1买,2022-12-30,60,2,24.93
002225,2买,2023-04-10,60,2,8.48
002225,3买,2025-06-23,60,1,69.45
002225,3买,2025-10-20,60,2,18.36
002226,1买,2025-04-08,60,1,21.84
002226,2买,2025-09-04,60,3,20.2
002226,3买,2025-12-31,60,4,13.32
002227,1买,2023-10-24,60,1,19.97
002227,1买,2024-07-10,60,1,52.05
002227,2买,2025-01-13,60,1,82.8
002227,1买,2025-04-09,60,1,70.69
002227,2买,2025-07-30,60,1,14.24
002227,2买,2025-07-30,60,1,14.24
002228,1买,2023-10-23,60,1,19.42
002228,2买,2023-12-27,60,2,7.62
002228,1买,2025-04-09,60,1,47.57
002228,2买,2025-09-30,60,1,113.38
002229,3买,2023-09-14,60,1,29.61
002229,1买,2023-10-19,60,1,19.45
002229,1买,2025-04-09,60,1,114.43
002229,2买,2025-06-16,60,1,60.21
002229,3买,2025-08-08,60,1,32.74
002229,1买,2025-11-21,60,1,24.95
002230,1买,2024-08-28,60,2,72.99
002230,2买,2025-01-08,60,1,35.76
002232,1买,2025-04-09,60,1,39.34
002232,2买,2025-06-23,60,1,69.64
002232,3买,2025-06-23,60,1,69.64
002232,1买,2026-04-07,35,1,9.51
002233,1买,2024-09-20,60,2,37.19
002233,2买,2024-11-27,60,7,6.29
002233,1买,2025-01-14,60,2,16.62
002233,2买,2025-06-25,60,6,27.03
002235,3买,2023-07-19,60,4,51.03
002235,1买,2024-06-25,60,1,15.1
002235,1买,2024-07-18,60,1,53.6
002235,2买,2025-04-09,60,1,183.01
002235,2买,2025-04-09,60,1,183.01
002235,3买,2026-01-07,60,2,20.4
002235,3买,2026-01-07,60,2,20.4
002235,1买,2026-03-04,58,1,35.18
002236,3买,2023-06-12,60,1,31.71
002236,1买,2024-02-05,60,1,39.59
002236,3买,2024-02-05,60,1,39.59
002238,1买,2023-06-29,60,1,9.52
002238,3买,2023-06-29,60,1,9.52
002238,1买,2023-10-23,60,1,229.51
002238,2买,2024-02-08,60,1,85.14
002238,2买,2024-02-08,60,1,85.14
002238,1买,2024-08-28,60,1,68.72
002238,2买,2025-01-13,60,1,59.6
002238,1买,2025-04-09,60,1,31.14
002238,2买,2025-09-23,60,1,28.11
002239,1买,2023-06-09,60,1,20.16
002239,2买,2025-01-13,60,1,28.36
002239,1买,2025-04-09,60,1,32.63
002239,2买,2025-06-23,60,1,32.25
002240,1买,2024-02-05,60,1,31.36
002240,1买,2024-09-18,60,1,74.48
002240,2买,2025-01-13,60,1,11.46
002240,1买,2025-04-09,60,1,25.99
002240,2买,2025-04-29,60,3,56.49
002240,2买,2026-02-06,60,1,92.29
002240,3买,2026-02-06,60,1,92.29
002241,1买,2023-04-27,60,1,14.04
002241,2买,2024-09-19,60,1,58.76
002241,3买,2025-01-06,60,1,26.83
002242,1买,2023-10-24,60,3,12.56
002242,1买,2024-02-05,60,1,34.98
002242,2买,2024-07-25,60,1,29.44
002242,1买,2024-09-18,60,1,45.39
002242,2买,2025-01-13,60,1,15.94
002242,1买,2025-04-08,60,1,14.96
002242,2买,2025-06-23,60,2,15.27
002243,1买,2022-10-11,60,1,38.44
002243,2买,2022-12-30,60,1,28.53
002243,1买,2024-07-09,60,1,58.92
002243,2买,2025-01-03,60,1,32.56
002243,1买,2025-04-09,60,1,22.24
002243,3买,2025-04-09,60,1,22.24
002243,2买,2025-06-23,60,1,25.3
002244,1买,2022-12-29,60,1,31.21
002244,1买,2024-04-24,60,1,86.07
002244,2买,2024-06-28,60,1,26.14
002244,2买,2025-05-26,60,1,19.89
002245,1买,2023-10-26,60,1,14.79
002245,1买,2024-09-18,60,1,89.29
002245,2买,2024-12-19,60,1,67.71
002245,2买,2024-12-19,60,1,67.71
002245,3买,2025-04-09,60,1,33.24
002246,1买,2024-02-06,60,1,94.15
002246,2买,2024-04-18,60,1,68.66
002246,1买,2025-04-09,60,1,85.93
002246,2买,2025-09-05,60,1,49.09
002246,3买,2025-11-13,60,1,36.57
002246,1买,2025-12-04,60,2,57.26
002247,1买,2023-06-26,60,1,37.36
002247,2买,2023-10-24,60,1,25.0
002247,3买,2025-05-27,60,1,12.16
002248,1买,2023-01-03,60,1,20.85
002248,3买,2023-01-03,60,1,20.85
002248,2买,2023-03-22,60,2,12.28
002248,1买,2023-04-27,60,1,24.65
002248,2买,2024-11-27,60,1,22.3
002248,1买,2025-01-06,60,1,49.5
002248,1买,2025-04-09,60,1,52.96
002248,2买,2025-10-13,60,1,47.67
002248,2买,2025-10-13,60,1,47.67
002248,3买,2025-10-13,60,1,47.67
002248,3买,2026-03-24,44,1,21.33
002249,1买,2022-12-23,60,2,16.03
002249,1买,2024-02-05,60,1,48.25
002249,2买,2024-04-16,60,1,14.11
002249,2买,2024-11-28,60,1,34.41
002249,1买,2025-01-13,60,1,49.33
002249,2买,2025-04-09,60,1,31.93
002249,3买,2025-11-24,60,1,26.8
002250,1买,2024-09-18,60,1,47.17
002250,2买,2025-01-13,60,1,52.19
002250,3买,2025-08-11,60,3,39.94
002250,3买,2025-08-11,60,3,39.94
002251,1买,2022-08-04,60,1,15.6
002251,1买,2025-04-09,60,1,108.79
002251,2买,2025-08-04,60,1,62.5
002254,1买,2025-09-24,60,4,14.3
002254,1买,2025-12-12,60,1,53.37
002254,2买,2026-03-24,44,1,64.72
002255,1买,2022-12-30,60,1,37.76
002255,2买,2023-05-10,60,1,21.55
002255,3买,2025-06-23,60,1,19.17
002255,3买,2026-01-30,60,1,15.5
002255,1买,2026-04-07,35,1,12.38
002256,1买,2022-12-23,60,1,30.47
002256,2买,2024-11-04,60,1,39.24
002258,1买,2023-10-26,60,1,17.42
002258,1买,2025-01-08,60,1,33.29
002258,2买,2025-02-28,60,2,55.05
002258,2买,2025-09-23,60,1,21.93
002259,1买,2023-10-24,60,1,21.1
002259,2买,2024-01-23,60,1,17.52
002259,3买,2025-08-01,60,1,36.55
002259,1买,2025-09-24,60,1,16.41
002259,3买,2025-09-24,60,1,16.41
002259,1买,2025-12-17,60,1,75.14
002259,2买,2026-03-24,44,1,27.49
002259,2买,2026-03-24,44,1,27.49
002261,3买,2023-08-25,60,1,45.91
002262,3买,2023-03-21,60,1,37.43
002262,1买,2023-10-25,60,1,28.39
002262,1买,2024-02-02,60,1,30.81
002262,2买,2024-06-12,60,1,22.67
002262,2买,2024-06-12,60,1,22.67
002262,1买,2024-07-16,60,1,36.89
002262,2买,2024-08-26,60,6,18.73
002262,1买,2024-09-26,60,1,28.61
002262,2买,2024-11-11,60,1,7.27
002262,1买,2025-04-07,60,1,17.19
002263,1买,2025-04-09,60,1,131.68
002263,2买,2025-08-29,60,1,34.53
002263,3买,2025-08-29,60,1,34.53
002263,3买,2025-12-17,60,2,17.35
002263,1买,2026-03-24,44,1,72.03
002264,3买,2026-04-07,35,1,11.89
002265,1买,2022-10-11,60,1,47.01
002265,2买,2022-12-23,60,1,23.32
002265,1买,2023-11-24,60,1,19.15
002265,1买,2024-08-28,60,1,66.19
002265,2买,2024-11-27,60,1,232.29
002265,2买,2025-04-09,60,1,98.35
002265,3买,2025-04-09,60,1,98.35
002266,1买,2025-01-13,60,1,24.31
002266,2买,2025-04-09,60,1,15.92
002266,3买,2025-08-15,60,4,41.03
002267,1买,2022-12-23,60,2,8.3
002267,2买,2023-03-14,60,10,14.77
002267,3买,2023-03-14,60,10,14.77
002267,1买,2024-02-06,60,1,39.24
002267,2买,2024-06-26,60,3,13.69
002267,1买,2025-12-18,60,16,23.68
002267,2买,2026-04-20,26,3,8.6
002268,1买,2024-02-06,60,1,50.97
002268,1买,2024-08-28,60,1,83.73
002268,2买,2025-01-13,60,1,34.42
002268,1买,2025-04-09,60,1,35.78
002268,3买,2025-04-09,60,1,35.78
002268,2买,2025-10-20,60,3,42.4
002268,2买,2025-10-20,60,3,42.4
002268,1买,2025-11-24,60,1,43.95
002269,1买,2024-07-01,60,1,55.32
002269,2买,2025-04-09,60,1,35.14
002269,3买,2025-12-17,60,1,11.29
002270,3买,2023-08-16,60,1,25.42
002270,3买,2024-07-17,60,1,18.7
002270,1买,2025-04-08,60,1,35.69
002270,2买,2025-06-03,60,2,38.12
002271,1买,2024-02-06,60,1,24.15
002271,2买,2026-04-30,18,1,16.48
002271,1买,2026-05-28,1,1,5.86
002272,1买,2022-12-23,60,1,39.22
002272,2买,2023-12-27,60,1,38.15
002272,1买,2024-07-18,60,1,115.67
002272,2买,2024-12-18,60,1,36.32
002272,3买,2024-12-18,60,1,36.32
002272,1买,2025-01-13,60,1,73.83
002272,3买,2025-01-13,60,1,73.83
002272,2买,2025-10-20,60,1,29.32
002272,1买,2025-12-04,60,1,67.53
002273,1买,2024-02-05,60,1,84.67
002273,2买,2024-09-19,60,1,61.72
002273,3买,2025-01-14,60,1,45.47
002274,1买,2024-04-17,60,1,18.26
002274,2买,2024-06-06,60,1,15.04
002274,1买,2024-07-25,60,1,39.26
002274,2买,2024-09-18,60,1,37.77
002274,1买,2025-01-06,60,1,15.13
002274,3买,2025-01-06,60,1,15.13
002275,3买,2023-03-13,60,1,56.35
002275,1买,2023-10-24,60,3,29.5
002275,2买,2024-11-27,60,2,15.06
002275,1买,2025-01-13,60,3,11.47
002275,2买,2025-02-28,60,10,9.31
002275,1买,2025-12-31,60,7,6.25
002275,3买,2025-12-31,60,7,6.25
002275,1买,2026-03-23,45,1,12.41
002276,1买,2022-12-23,60,1,41.98
002276,2买,2023-03-17,60,2,56.81
002276,1买,2023-04-25,60,1,65.74
002276,2买,2023-08-25,60,1,15.38
002276,1买,2024-02-05,60,1,42.77
002276,1买,2024-08-28,60,1,45.51
002276,2买,2024-11-27,60,1,88.71
002276,2买,2024-11-27,60,1,88.71
002276,1买,2025-01-13,60,1,180.93
002276,2买,2025-06-23,60,1,46.45
002276,3买,2025-10-23,60,1,22.99
002276,1买,2025-11-24,60,1,22.82
002277,1买,2025-04-09,60,1,60.77
002277,3买,2025-04-09,60,1,60.77
002277,2买,2025-11-24,60,1,42.57
002278,1买,2022-09-30,60,1,28.94
002278,2买,2022-12-29,60,2,28.82
002278,1买,2024-06-06,60,1,39.43
002278,2买,2024-09-18,60,1,53.55
002278,3买,2025-10-13,60,1,76.44
002278,3买,2026-03-24,44,1,16.0
002279,3买,2023-10-24,60,1,21.1
002279,1买,2025-04-09,60,1,43.84
002279,2买,2025-09-24,60,1,66.67
002281,3买,2023-08-25,60,1,35.4
002281,1买,2024-09-10,60,1,99.85
002281,2买,2025-02-05,60,1,33.35
002281,3买,2025-02-05,60,1,33.35
002281,1买,2025-04-09,60,1,38.22
002281,2买,2025-06-03,60,2,60.88
002282,1买,2024-09-18,60,1,37.35
002282,2买,2024-11-18,60,2,32.99
002283,1买,2023-01-03,60,3,36.34
002283,2买,2023-04-25,60,1,48.79
002283,1买,2023-11-01,60,2,10.42
002284,3买,2023-06-08,60,1,55.91
002284,1买,2023-09-18,60,1,31.18
002284,3买,2023-09-18,60,1,31.18
002284,1买,2024-07-09,60,1,46.24
002284,2买,2024-09-18,60,1,42.59
002284,1买,2025-01-06,60,1,49.93
002284,2买,2025-04-09,60,1,73.62
002284,2买,2025-11-24,60,1,61.7
002285,1买,2025-04-09,60,1,33.85
002286,1买,2023-10-24,60,1,23.37
002286,2买,2025-04-21,60,1,79.14
002286,3买,2025-04-21,60,1,79.14
002286,1买,2025-09-23,60,1,26.11
002286,3买,2025-09-23,60,1,26.11
002286,2买,2026-02-03,60,1,24.84
002287,1买,2023-08-24,60,2,18.74
002287,1买,2025-01-13,60,3,21.65
002287,2买,2025-03-24,60,3,23.34
002287,3买,2025-03-24,60,3,23.34
002287,1买,2025-04-09,60,1,32.71
002287,2买,2025-06-18,60,9,75.05
002287,2买,2025-12-18,60,15,9.66
002287,3买,2025-12-18,60,15,9.66
002287,1买,2026-02-03,60,3,11.45
002290,1买,2024-02-08,60,1,126.28
002290,2买,2024-08-15,60,1,95.46
002290,1买,2025-01-13,60,1,107.29
002290,3买,2025-01-13,60,1,107.29
002290,2买,2025-04-09,60,1,97.14
002291,1买,2022-10-11,60,1,40.2
002291,2买,2023-03-16,60,1,79.59
002291,1买,2024-02-06,60,1,58.75
002291,1买,2024-07-25,60,1,61.5
002291,2买,2025-04-09,60,1,56.93
002292,1买,2023-03-16,60,1,163.56
002292,2买,2023-05-24,60,1,69.99
002292,3买,2023-10-23,60,1,63.23
002292,1买,2024-02-06,60,1,74.55
002292,2买,2024-07-25,60,1,44.01
002292,1买,2024-09-18,60,1,151.84
002292,2买,2025-01-06,60,1,57.63
002292,1买,2025-04-09,60,1,61.96
002292,3买,2025-04-09,60,1,61.96
002292,2买,2025-08-04,60,3,9.59
002292,1买,2025-10-20,60,3,30.96
002293,1买,2022-11-01,60,1,30.69
002293,2买,2023-04-17,60,1,16.35
002293,1买,2023-08-24,60,2,9.65
002293,1买,2025-09-26,60,4,31.79
002294,1买,2022-09-26,60,1,63.68
002294,2买,2022-12-27,60,1,28.66
002294,3买,2023-03-30,60,1,13.35
002294,1买,2023-09-08,60,1,32.96
002294,2买,2024-03-26,60,1,19.06
002295,3买,2023-10-24,60,1,18.75
002295,3买,2025-09-04,60,1,77.6
002295,3买,2025-11-24,60,1,30.85
002296,3买,2025-01-06,60,1,49.77
002296,3买,2025-04-09,60,1,33.07
002296,1买,2025-12-17,60,1,51.7
002297,1买,2022-12-23,60,2,32.27
002297,2买,2023-04-26,60,1,21.52
002297,1买,2024-09-18,60,1,50.0
002297,2买,2025-01-06,60,1,28.47
002297,1买,2025-04-08,60,1,66.97
002297,2买,2025-08-15,60,6,13.06
002297,3买,2025-08-15,60,6,13.06
002297,1买,2025-09-23,60,1,41.99
002297,3买,2025-09-23,60,1,41.99
002297,2买,2026-02-02,60,1,135.01
002298,3买,2025-12-04,60,2,26.53
002298,1买,2026-04-07,35,1,28.18
002299,1买,2024-09-18,60,1,53.0
002299,2买,2025-01-13,60,1,37.15
002300,3买,2023-11-27,60,1,20.95
002300,3买,2026-05-06,17,1,25.45
002302,1买,2023-03-30,60,3,22.8
002302,1买,2024-02-06,60,1,31.88
002302,2买,2024-03-29,60,1,8.93
002302,1买,2025-04-08,60,1,18.46
002302,2买,2025-06-23,60,1,48.84
002303,1买,2025-04-09,60,1,33.8
002304,1买,2022-10-31,60,1,51.08
002304,2买,2022-11-28,60,1,43.0
002304,1买,2024-01-24,60,1,15.27
002304,1买,2024-09-18,60,1,52.28
002307,1买,2024-07-10,60,1,44.7
002307,2买,2025-01-13,60,1,35.91
002307,3买,2026-01-15,60,2,14.2
002309,1买,2022-12-29,60,1,47.73
002309,2买,2023-08-29,60,1,8.97
002309,3买,2025-07-29,60,1,10.26
002309,1买,2025-10-13,60,1,54.45
002310,1买,2024-05-07,60,1,111.69
002310,2买,2024-08-27,60,1,118.85
002311,1买,2022-11-30,60,1,15.77
002311,1买,2023-08-23,60,1,12.28
002311,2买,2024-12-09,60,1,18.57
002311,3买,2025-12-25,60,1,12.5
002312,1买,2024-02-05,60,1,54.1
002312,2买,2024-04-24,60,1,41.85
002313,1买,2024-08-13,60,1,84.17
002313,2买,2024-11-19,60,1,84.99
002313,3买,2024-11-19,60,1,84.99
002313,3买,2025-06-23,60,1,73.51
002314,1买,2022-10-31,60,1,63.3
002314,2买,2023-04-26,60,1,22.9
002314,1买,2024-01-23,60,1,21.09
002314,1买,2024-02-06,60,1,26.13
002314,1买,2024-08-29,60,1,61.2
002314,2买,2024-11-15,60,1,25.4
002314,2买,2024-11-15,60,1,25.4
002314,1买,2025-04-09,60,1,78.57
002314,2买,2025-05-26,60,2,52.03
002314,3买,2025-05-26,60,2,52.03
002314,2买,2025-08-28,60,1,25.45
002314,3买,2025-08-28,60,1,25.45
002315,3买,2023-11-29,60,1,26.93
002315,3买,2025-09-23,60,1,12.37
002315,1买,2025-11-17,60,1,49.34
002316,1买,2024-08-20,60,1,38.98
002316,2买,2025-01-13,60,1,30.38
002316,3买,2026-03-23,45,1,24.52
002317,1买,2023-08-25,60,1,50.88
002317,1买,2024-09-18,60,1,40.21
002317,1买,2025-04-09,60,1,87.31
002317,2买,2025-10-13,60,1,72.65
002317,2买,2025-10-13,60,1,72.65
002317,2买,2025-10-13,60,1,72.65
002318,1买,2023-04-27,60,1,21.81
002318,2买,2023-08-25,60,1,23.57
002318,3买,2023-10-24,60,1,13.33
002318,1买,2024-02-05,60,1,40.11
002318,2买,2024-03-28,60,2,21.86
002318,3买,2025-01-08,60,1,18.79
002318,1买,2025-09-04,60,2,30.33
002318,2买,2025-12-10,60,2,51.28
002319,1买,2023-12-28,60,1,30.54
002319,1买,2024-02-19,60,1,83.18
002319,2买,2025-09-23,60,1,25.0
002320,1买,2023-10-23,60,2,15.09
002320,1买,2024-01-23,60,1,34.37
002320,1买,2024-02-06,60,1,36.76
002320,1买,2024-09-11,60,1,59.7
002320,2买,2025-01-13,60,1,29.6
002320,2买,2025-01-13,60,1,29.6
002320,2买,2025-01-13,60,1,29.6
002320,2买,2025-01-13,60,1,29.6
002320,1买,2025-04-09,60,1,26.11
002320,3买,2025-04-09,60,1,26.11
002320,2买,2025-12-19,60,1,33.98
002320,3买,2025-12-19,60,1,33.98
002320,3买,2025-12-19,60,1,33.98
002320,1买,2026-05-28,1,1,4.45
002321,1买,2022-08-03,60,8,16.96
002321,2买,2023-04-26,60,1,28.97
002321,1买,2023-06-27,60,4,16.8
002321,3买,2025-03-31,60,1,30.13
002321,1买,2025-05-06,60,1,17.35
002321,2买,2025-09-05,60,1,50.19
002321,2买,2025-09-05,60,1,50.19
002321,3买,2025-10-23,60,1,44.03
002322,1买,2024-02-07,60,1,79.5
002322,2买,2024-05-23,60,1,32.27
002322,3买,2024-07-25,60,1,21.76
002323,1买,2023-03-17,60,1,29.41
002323,1买,2023-06-01,60,1,24.12
002323,1买,2025-04-09,60,1,42.28
002324,1买,2023-04-26,60,1,18.5
002324,2买,2023-06-27,60,2,19.08
002324,1买,2025-04-09,60,1,45.85
002324,2买,2025-09-04,60,1,17.65
002324,3买,2025-11-05,60,1,105.28
002324,1买,2025-12-17,60,1,114.37
002326,1买,2024-02-06,60,1,42.62
002326,2买,2024-03-26,60,1,15.17
002326,1买,2024-08-28,60,1,54.79
002326,2买,2025-01-13,60,1,71.64
002326,3买,2025-07-07,60,1,55.35
002326,3买,2025-07-07,60,1,55.35
002326,1买,2026-03-24,44,1,33.75
002327,1买,2022-10-26,60,2,35.57
002327,2买,2023-06-26,60,1,20.08
002327,3买,2023-08-29,60,1,10.24
002327,1买,2025-08-04,60,,3.9
002327,1买,2025-09-29,60,12,7.15
002328,1买,2022-12-30,60,2,59.11
002328,2买,2023-04-25,60,1,23.27
002328,1买,2024-09-18,60,1,56.93
002328,2买,2025-01-06,60,1,38.55
002328,3买,2025-10-20,60,2,31.43
002328,3买,2025-10-20,60,2,31.43
002328,1买,2026-03-24,44,1,117.63
002328,2买,2026-05-22,5,1,10.59
002329,1买,2023-06-07,60,1,27.89
002329,1买,2025-04-09,60,1,52.12
002329,2买,2025-06-23,60,1,45.59
002329,1买,2025-09-24,60,1,41.62
002330,1买,2023-06-26,60,8,16.28
002330,1买,2025-04-08,60,1,25.89
002331,1买,2023-08-29,60,1,115.2
002331,2买,2023-10-23,60,1,106.92
002331,1买,2025-04-09,60,1,64.91
002332,3买,2023-07-21,60,1,9.7
002332,1买,2025-12-31,60,7,6.58
002333,1买,2022-10-11,60,1,42.51
002333,2买,2022-12-30,60,1,32.14
002333,1买,2023-04-25,60,1,21.36
002333,2买,2023-06-12,60,1,43.35
002333,1买,2023-06-26,60,1,45.61
002333,2买,2023-08-24,60,1,40.2
002333,1买,2024-09-18,60,1,32.21
002333,2买,2025-01-06,60,1,19.88
002333,1买,2025-04-09,60,1,23.7
002333,2买,2025-06-23,60,1,19.57
002335,1买,2023-06-09,60,2,18.01
002335,1买,2023-06-30,60,1,24.22
002335,1买,2024-08-23,60,4,75.03
002335,2买,2024-11-27,60,1,133.75
002335,2买,2026-02-06,60,1,32.14
002335,2买,2026-02-06,60,1,32.14
002335,3买,2026-02-06,60,1,32.14
002337,1买,2022-12-30,60,1,41.89
002337,3买,2022-12-30,60,1,41.89
002337,2买,2023-04-26,60,1,55.21
002337,1买,2025-04-09,60,1,43.71
002337,2买,2025-06-19,60,2,14.95
002337,3买,2026-01-29,60,1,11.81
002338,1买,2022-12-23,60,1,53.11
002338,2买,2023-08-25,60,1,61.41
002338,3买,2023-11-02,60,1,32.28
002338,3买,2025-11-21,60,2,41.39
002339,1买,2022-10-31,60,1,30.73
002339,2买,2022-12-30,60,1,70.06
002339,1买,2023-08-25,60,1,27.87
002339,1买,2024-08-28,60,2,53.86
002339,2买,2024-11-19,60,1,63.09
002339,3买,2025-01-06,60,1,31.6
002339,1买,2025-04-09,60,1,59.42
002339,2买,2025-09-24,60,1,31.66
002339,2买,2025-09-24,60,1,31.66
002339,1买,2025-11-24,60,1,77.9
002339,2买,2026-03-04,58,1,30.29
002339,3买,2026-03-04,58,1,30.29
002340,1买,2025-04-09,60,1,14.97
002340,2买,2025-12-16,60,2,41.78
002342,1买,2022-10-11,60,1,26.36
002342,2买,2022-12-23,60,1,31.23
002342,1买,2025-12-17,60,1,217.33
002343,1买,2024-02-08,60,1,169.48
002343,2买,2024-07-18,60,1,59.38
002343,3买,2025-07-16,60,1,28.11
002344,1买,2024-02-07,60,1,26.49
002344,2买,2024-04-17,60,1,17.48
002344,3买,2025-03-05,60,1,8.35
002345,1买,2023-08-22,60,2,18.63
002345,3买,2023-08-22,60,2,18.63
002345,1买,2023-10-24,60,1,29.79
002345,2买,2025-07-16,60,1,35.79
002345,2买,2025-07-16,60,1,35.79
002345,3买,2025-07-16,60,1,35.79
002345,3买,2025-11-07,60,1,34.78
002346,1买,2024-02-07,60,1,50.69
002346,2买,2024-12-19,60,3,51.43
002346,3买,2025-09-04,60,2,30.3
002347,1买,2025-11-24,60,1,123.35
002347,3买,2025-11-24,60,1,123.35
002348,3买,2023-03-14,60,1,19.15
002348,1买,2023-04-26,60,1,21.74
002349,1买,2023-04-21,60,1,9.69
002349,1买,2023-06-27,60,1,24.77
002349,2买,2023-09-22,60,1,11.86
002349,1买,2023-10-24,60,1,18.12
002349,1买,2025-04-09,60,1,28.98
002349,2买,2025-09-30,60,5,19.63
002349,1买,2026-03-24,44,1,25.74
002350,1买,2022-12-23,60,1,56.76
002351,1买,2024-02-06,60,1,51.22
002351,3买,2024-02-06,60,1,51.22
002351,2买,2024-04-16,60,1,38.1
002351,1买,2026-03-24,44,1,11.57
002351,2买,2026-04-24,22,1,7.33
002352,1买,2022-10-12,60,1,38.34
002352,2买,2023-03-20,60,2,14.5
002352,1买,2023-10-23,60,2,10.14
002352,1买,2024-02-05,60,1,21.38
002352,2买,2024-04-12,60,4,15.96
002352,1买,2024-08-28,60,1,49.82
002352,2买,2025-01-24,60,3,15.66
002352,2买,2025-04-09,60,1,30.17
002352,3买,2025-04-09,60,1,30.17
002352,3买,2025-08-04,60,4,8.3
002352,1买,2026-03-05,57,4,7.3
002353,1买,2023-03-21,60,5,10.15
002353,1买,2023-06-01,60,1,30.47
002353,2买,2023-11-17,60,1,8.55
002353,2买,2023-11-17,60,1,8.55
002353,3买,2025-02-26,60,1,12.29
002353,1买,2025-04-09,60,1,34.06
002354,3买,2023-04-24,60,1,57.33
002354,1买,2024-09-18,60,1,282.93
002354,2买,2025-04-09,60,1,62.02
002354,3买,2025-06-23,60,1,47.95
002355,1买,2022-10-11,60,1,24.12
002355,1买,2022-12-29,60,2,27.27
002355,2买,2023-07-26,60,1,52.64
002355,2买,2023-07-26,60,1,52.64
002355,3买,2025-03-04,60,1,16.37
002355,1买,2025-10-17,60,2,31.65
002356,1买,2024-05-30,60,1,37.46
002356,1买,2024-08-14,60,1,31.1
002356,1买,2024-09-09,60,1,82.02
002356,2买,2025-03-07,60,1,11.15
002356,2买,2025-03-07,60,1,11.15
002356,1买,2025-04-09,60,1,34.18
002356,2买,2025-10-13,60,1,50.31
002356,2买,2025-10-13,60,1,50.31
002356,1买,2026-02-13,60,4,27.56
002357,1买,2022-10-12,60,1,80.2
002357,2买,2023-04-25,60,1,33.27
002357,3买,2025-02-18,60,1,41.42
002357,1买,2025-10-17,60,3,24.74
002357,3买,2025-10-17,60,3,24.74
002358,3买,2023-05-10,60,1,20.76
002358,3买,2025-06-23,60,1,20.55
002360,1买,2024-02-07,60,1,44.35
002360,1买,2025-04-09,60,1,40.0
002360,2买,2025-09-23,60,1,26.6
002360,2买,2025-09-23,60,1,26.6
002360,1买,2025-12-17,60,1,51.76
002361,1买,2023-04-26,60,1,11.86
002361,1买,2023-10-23,60,2,15.62
002361,1买,2024-09-18,60,1,69.58
002361,2买,2025-04-09,60,1,38.98
002361,2买,2025-04-09,60,1,38.98
002361,2买,2025-04-09,60,1,38.98
002361,3买,2025-04-09,60,1,38.98
002361,3买,2025-09-29,60,2,139.5
002362,1买,2023-10-24,60,1,42.45
002362,3买,2023-10-24,60,1,42.45
002362,3买,2025-04-09,60,1,40.97
002362,2买,2025-09-05,60,1,19.82
002362,1买,2025-12-19,60,1,25.36
002363,3买,2023-08-25,60,1,62.67
002363,1买,2024-08-23,60,1,43.4
002363,2买,2025-01-06,60,1,50.87
002363,3买,2025-12-17,60,1,44.27
002363,3买,2026-03-04,58,1,11.12
002364,1买,2023-04-26,60,1,24.07
002364,2买,2023-09-22,60,1,34.42
002364,3买,2025-06-23,60,1,126.09
002365,1买,2024-09-18,60,1,38.29
002365,2买,2025-01-07,60,1,45.23
002365,1买,2026-05-22,5,1,6.81
002366,1买,2023-04-12,60,2,82.14
002366,2买,2023-07-21,60,1,27.29
002366,1买,2023-12-01,60,1,16.7
002366,1买,2024-02-06,60,1,51.83
002366,2买,2024-11-18,60,1,39.45
002366,1买,2025-04-09,60,1,143.17
002366,2买,2025-09-05,60,1,34.17
002366,2买,2025-09-05,60,1,34.17
002366,1买,2025-12-05,60,1,37.95
002366,3买,2025-12-05,60,1,37.95
002366,2买,2026-04-07,35,1,14.8
002367,1买,2024-08-28,60,1,43.36
002367,2买,2025-01-13,60,1,22.83
002367,1买,2025-04-09,60,1,24.87
002367,2买,2025-05-27,60,2,14.56
002368,3买,2023-03-29,60,1,30.66
002368,1买,2024-02-06,60,1,47.8
002368,1买,2024-08-28,60,1,134.15
002368,2买,2025-01-08,60,1,64.15
002368,2买,2025-01-08,60,1,64.15
002368,1买,2026-04-07,35,1,15.43
002369,1买,2023-04-27,60,1,26.37
002369,2买,2025-01-27,60,1,159.87
002369,1买,2025-10-13,60,1,32.54
002369,3买,2025-10-13,60,1,32.54
002370,1买,2025-04-09,60,1,56.11
002370,2买,2025-09-26,60,1,68.64
002370,3买,2025-12-04,60,2,14.9
002371,1买,2023-12-07,60,1,44.04
002371,2买,2024-05-17,60,2,26.52
002371,3买,2024-05-17,60,2,26.52
002371,3买,2024-09-24,60,1,76.19
002371,3买,2025-01-06,60,1,28.01
002372,1买,2024-01-23,60,1,37.17
002372,2买,2024-03-25,60,1,24.42
002372,1买,2025-02-21,60,4,11.03
002372,1买,2025-04-08,60,1,16.87
002372,1买,2025-10-09,60,4,11.35
002372,2买,2025-12-15,60,1,26.69
002373,3买,2023-05-25,60,1,26.98
002373,1买,2023-10-24,60,1,19.61
002374,1买,2023-10-24,60,1,24.02
002374,1买,2025-04-09,60,1,62.44
002374,2买,2025-08-15,60,2,72.76
002374,1买,2025-10-13,60,1,76.05
002374,2买,2026-01-28,60,1,19.88
002375,1买,2024-08-23,60,1,47.51
002375,2买,2024-11-27,60,1,26.99
002375,3买,2025-01-13,60,1,20.52
002375,1买,2025-04-09,60,1,27.47
002375,2买,2025-06-23,60,1,14.6
002376,1买,2023-10-24,60,1,21.47
002376,1买,2025-04-09,60,1,79.73
002376,2买,2025-09-23,60,1,8.98
002376,2买,2025-09-23,60,1,8.98
002377,1买,2022-10-11,60,1,30.86
002377,2买,2023-03-14,60,1,32.16
002377,1买,2023-06-27,60,3,95.22
002377,2买,2023-10-27,60,1,17.55
002377,1买,2024-01-23,60,1,31.98
002377,1买,2024-09-18,60,1,136.36
002377,2买,2025-04-09,60,1,59.91
002377,2买,2025-06-23,60,1,28.99
002377,3买,2025-06-23,60,1,28.99
002377,3买,2025-10-13,60,1,17.38
002377,1买,2025-12-17,60,1,41.16
002378,1买,2025-04-09,60,1,58.04
002378,2买,2025-10-20,60,1,54.7
002378,3买,2025-11-28,60,1,286.29
002378,1买,2026-05-20,7,1,11.14
002379,3买,2025-04-09,60,1,67.64
002380,1买,2023-05-15,60,1,55.09
002380,3买,2023-05-15,60,1,55.09
002380,2买,2023-08-28,60,1,22.71
002380,3买,2024-11-04,60,1,13.73
002380,3买,2025-06-23,60,1,36.22
002381,3买,2023-08-24,60,2,13.16
002381,1买,2023-10-23,60,1,17.03
002381,2买,2023-12-27,60,1,17.57
002381,1买,2025-04-09,60,1,20.65
002381,2买,2025-06-23,60,1,16.74
002382,1买,2023-10-24,60,1,16.83
002382,2买,2023-12-28,60,1,13.55
002382,1买,2025-04-09,60,1,44.6
002382,2买,2025-08-18,60,1,11.93
002382,3买,2025-08-18,60,1,11.93
002382,1买,2025-12-12,60,1,55.41
002382,2买,2026-05-20,7,1,9.51
002383,1买,2025-04-09,60,1,84.39
002383,2买,2025-08-04,60,1,21.95
002383,3买,2025-08-04,60,1,21.95
002384,1买,2023-09-27,60,2,19.04
002384,1买,2023-10-23,60,1,24.8
002384,2买,2024-09-19,60,1,102.49
002384,2买,2024-09-19,60,1,102.49
002384,3买,2025-03-04,60,1,31.88
002384,3买,2025-03-04,60,1,31.88
002384,1买,2025-04-09,60,1,108.09
002384,2买,2025-08-20,60,1,77.34
002385,1买,2024-07-25,60,1,42.16
002386,1买,2023-10-24,60,1,9.0
002386,1买,2024-02-07,60,1,45.43
002386,2买,2024-09-18,60,1,44.16
002386,1买,2025-04-09,60,1,35.43
002386,2买,2025-09-04,60,1,32.11
002386,2买,2025-12-17,60,2,27.66
002387,1买,2025-04-09,60,1,39.58
002387,3买,2025-04-09,60,1,39.58
002387,2买,2025-06-23,60,1,24.88
002389,3买,2022-12-23,60,1,30.16
002389,1买,2023-09-21,60,6,10.16
002389,2买,2025-09-05,60,1,12.9
002389,3买,2025-10-23,60,1,40.65
002390,1买,2024-07-29,60,2,28.66
002390,1买,2024-09-18,60,1,63.64
002390,2买,2025-04-09,60,1,16.88
002390,2买,2025-06-23,60,2,14.93
002391,1买,2024-07-25,60,1,36.34
002391,2买,2025-01-06,60,1,26.64
002391,1买,2025-04-09,60,1,53.03
002391,2买,2025-09-23,60,1,26.33
002392,1买,2025-04-09,60,1,75.49
002392,3买,2025-04-09,60,1,75.49
002392,2买,2025-11-24,60,2,27.48
002392,1买,2026-03-24,44,1,75.39
002393,1买,2023-08-22,60,1,26.76
002393,3买,2023-08-22,60,1,26.76
002393,2买,2023-10-24,60,1,21.98
002393,1买,2024-09-18,60,4,37.87
002393,2买,2024-12-19,60,2,14.6
002393,1买,2025-01-13,60,1,10.45
002393,2买,2025-12-17,60,1,19.31
002394,1买,2023-08-25,60,1,23.51
002394,1买,2025-04-09,60,1,35.25
002394,2买,2025-06-23,60,1,63.83
002394,2买,2025-06-23,60,1,63.83
002394,3买,2025-06-23,60,1,63.83
002394,1买,2026-04-27,21,1,22.24
002395,1买,2023-04-25,60,1,99.26
002395,2买,2023-10-23,60,1,134.41
002395,3买,2024-08-13,60,1,35.12
002395,1买,2024-08-23,60,1,35.45
002395,2买,2024-11-19,60,1,30.46
002395,1买,2025-04-09,60,1,51.95
002395,2买,2025-08-04,60,1,9.75
002395,3买,2025-08-04,60,1,9.75
002396,1买,2024-02-06,60,1,45.13
002396,2买,2025-01-06,60,1,45.32
002396,3买,2026-02-06,60,1,25.51
002397,1买,2022-12-09,60,1,36.8
002397,3买,2025-06-03,60,1,26.42
002398,1买,2022-08-04,60,2,30.19
002398,2买,2023-03-14,60,3,13.77
002398,1买,2024-02-07,60,1,47.42
002398,2买,2024-04-23,60,1,21.33
002399,1买,2023-06-26,60,4,12.0
002399,1买,2023-08-25,60,1,18.12
002399,2买,2023-10-24,60,3,13.47
002399,2买,2023-10-24,60,3,13.47
002399,3买,2025-03-24,60,2,19.13
002399,1买,2025-04-09,60,1,32.61
002399,2买,2025-10-14,60,6,9.97
002399,1买,2025-12-16,60,5,9.91
002399,3买,2025-12-16,60,5,9.91
002400,1买,2022-10-11,60,1,18.16
002400,2买,2022-12-23,60,1,47.29
002400,3买,2023-10-23,60,2,66.6
002400,1买,2024-09-18,60,1,189.62
002400,2买,2025-04-09,60,1,40.5
002401,1买,2022-10-10,60,2,67.91
002401,2买,2022-12-29,60,1,119.66
002401,3买,2023-08-17,60,1,22.89
002401,1买,2023-10-24,60,1,30.91
002401,1买,2024-02-07,60,1,48.56
002401,2买,2024-07-25,60,2,44.45
002401,1买,2024-08-28,60,1,56.76
002401,2买,2024-11-04,60,1,15.75
002402,1买,2024-08-23,60,1,188.34
002402,2买,2025-01-08,60,1,56.67
002402,1买,2025-04-09,60,1,61.14
002402,3买,2025-04-09,60,1,61.14
002402,2买,2025-06-16,60,1,132.85
002403,1买,2023-10-24,60,1,78.68
002403,1买,2024-07-25,60,1,49.91
002403,2买,2025-04-09,60,1,67.35
002403,2买,2025-04-09,60,1,67.35
002403,1买,2025-12-17,60,2,11.42
002404,1买,2024-09-18,60,1,49.7
002404,2买,2025-01-13,60,1,20.78
002404,1买,2025-04-09,60,1,43.15
002404,2买,2025-06-23,60,1,13.4
002404,3买,2025-06-23,60,1,13.4
002404,1买,2026-03-24,44,1,17.07
002405,1买,2022-12-23,60,1,36.39
002405,2买,2023-03-13,60,1,21.8
002405,1买,2025-01-13,60,1,25.27
002405,3买,2025-01-13,60,1,25.27
002405,2买,2026-03-04,58,1,18.01
002405,1买,2026-04-07,35,1,12.53
002406,3买,2025-01-06,60,1,90.21
002407,1买,2024-02-05,60,1,62.99
002407,2买,2025-01-13,60,1,20.88
002407,1买,2025-04-09,60,1,22.38
002407,2买,2025-06-23,60,1,69.0
002407,1买,2026-03-24,44,1,77.48
002408,1买,2023-05-30,60,2,10.66
002408,1买,2024-07-25,60,4,27.82
002408,2买,2024-11-27,60,1,14.4
002408,1买,2025-12-12,60,1,49.89
002409,1买,2024-02-05,60,1,97.41
002409,2买,2024-03-28,60,1,26.96
002409,3买,2024-03-28,60,1,26.96
002409,1买,2024-09-23,60,1,58.72
002409,2买,2025-01-06,60,1,21.76
002409,1买,2025-04-09,60,1,18.89
002410,1买,2022-10-12,60,1,47.5
002412,1买,2022-09-26,60,1,57.59
002412,2买,2023-04-26,60,1,19.64
002412,3买,2023-06-26,60,1,11.47
002412,1买,2024-09-18,60,1,39.39
002412,2买,2025-01-13,60,1,17.93
002412,1买,2025-04-09,60,1,27.83
002412,2买,2025-09-25,60,1,18.33
002413,1买,2022-12-30,60,1,40.23
002413,2买,2023-04-25,60,1,29.37
002413,1买,2025-04-09,60,1,66.84
002413,2买,2025-10-20,60,2,284.28
002413,3买,2025-10-20,60,2,284.28
002413,3买,2025-10-20,60,2,284.28
002413,1买,2026-05-22,5,1,4.59
002414,1买,2022-10-11,60,1,14.92
002414,1买,2022-12-23,60,5,21.23
002414,2买,2023-03-14,60,1,11.64
002414,2买,2023-03-14,60,1,11.64
002415,1买,2022-08-04,60,1,11.2
002415,1买,2022-09-08,60,2,24.91
002415,1买,2022-10-31,60,1,43.88
002415,2买,2023-01-12,60,1,51.72
002415,2买,2023-01-12,60,1,51.72
002415,2买,2023-01-12,60,1,51.72
002415,1买,2025-06-23,60,19,19.43
002416,1买,2023-06-26,60,4,13.42
002416,1买,2023-08-25,60,1,45.18
002416,2买,2024-02-05,60,1,75.55
002416,2买,2024-02-05,60,1,75.55
002416,1买,2025-01-13,60,1,21.18
002416,3买,2025-01-13,60,1,21.18
002418,1买,2023-04-17,60,1,35.85
002418,2买,2023-06-12,60,3,29.5
002418,1买,2026-03-24,44,1,80.25
002419,1买,2023-12-25,60,3,17.08
002419,1买,2024-09-18,60,1,61.83
002419,2买,2025-01-13,60,1,31.56
002419,3买,2025-04-08,60,1,35.76
002419,2买,2025-09-24,60,1,15.18
002419,1买,2025-11-24,60,1,21.62
002420,1买,2023-06-26,60,3,9.71
002420,1买,2025-04-09,60,1,38.41
002420,2买,2025-06-23,60,1,38.21
002421,3买,2023-07-21,60,2,7.1
002421,1买,2023-10-24,60,1,18.03
002421,2买,2025-01-06,60,1,44.08
002421,1买,2025-04-09,60,1,24.24
002421,2买,2025-06-23,60,1,33.66
002422,3买,2023-08-08,60,1,18.48
002422,1买,2024-09-24,60,1,36.82
002422,2买,2024-11-20,60,1,18.2
002422,1买,2025-01-08,60,1,40.52
002422,1买,2025-02-20,60,1,48.84
002422,2买,2025-07-14,60,2,27.43
002422,2买,2025-07-14,60,2,27.43
002423,1买,2022-10-31,60,1,68.39
002423,2买,2023-04-26,60,2,45.14
002423,1买,2023-12-27,60,1,44.27
002423,2买,2024-03-28,60,1,18.74
002423,3买,2024-03-28,60,1,18.74
002423,1买,2024-07-09,60,1,120.64
002423,1买,2024-09-12,60,3,216.5
002423,2买,2025-01-13,60,1,21.83
002423,2买,2025-01-13,60,1,21.83
002423,1买,2025-04-08,60,1,22.86
002423,3买,2025-04-08,60,1,22.86
002423,2买,2025-08-04,60,8,25.82
002423,1买,2026-03-13,51,1,12.06
002426,1买,2025-04-09,60,1,54.87
002426,3买,2025-04-09,60,1,54.87
002427,1买,2023-01-13,60,1,28.03
002427,2买,2023-03-30,60,3,28.77
002427,1买,2024-02-08,60,1,60.3
002427,2买,2024-08-23,60,1,69.89
002427,1买,2025-12-17,60,1,37.83
002427,3买,2025-12-17,60,1,37.83
002428,1买,2023-10-24,60,1,17.57
002428,2买,2025-01-06,60,1,37.15
002428,3买,2025-01-06,60,1,37.15
002428,3买,2025-04-09,60,1,16.55
002429,3买,2023-10-10,60,1,23.16
002429,1买,2024-09-18,60,1,40.62
002429,2买,2024-11-27,60,1,35.64
002429,3买,2025-11-24,60,1,112.12
002429,3买,2026-03-04,58,1,51.36
002430,1买,2023-03-20,60,1,31.91
002430,3买,2026-02-02,60,1,14.89
002431,1买,2022-08-04,60,1,26.06
002431,1买,2024-02-07,60,1,66.27
002431,2买,2025-01-06,60,1,20.43
002431,1买,2025-04-09,60,1,82.78
002431,2买,2025-09-01,60,1,51.11
002432,1买,2023-03-13,60,1,10.22
002432,1买,2023-07-17,60,2,13.69
002432,1买,2023-08-25,60,1,18.64
002432,2买,2023-10-24,60,3,33.81
002432,2买,2023-10-24,60,3,33.81
002432,3买,2024-09-23,60,1,31.98
002432,1买,2025-04-09,60,1,17.59
002432,2买,2025-09-23,60,1,19.4
002434,1买,2022-12-23,60,1,41.98
002434,2买,2023-06-08,60,2,27.89
002434,3买,2025-09-04,60,1,33.33
002436,1买,2024-09-18,60,1,86.34
002436,2买,2025-01-06,60,1,52.33
002436,1买,2025-04-09,60,1,52.16
002436,2买,2025-11-24,60,1,48.51
002437,1买,2025-04-09,60,1,53.3
002437,2买,2025-08-28,60,1,9.39
002437,3买,2025-08-28,60,1,9.39
002437,1买,2025-09-30,60,2,15.79
002438,1买,2022-10-12,60,1,24.14
002438,2买,2023-06-12,60,4,16.7
002438,1买,2023-10-24,60,1,27.22
002438,2买,2024-04-17,60,1,43.44
002438,1买,2024-09-23,60,1,58.25
002438,2买,2025-01-07,60,1,12.74
002438,1买,2025-03-03,60,1,12.06
002438,2买,2025-09-30,60,1,29.76
002439,3买,2023-10-24,60,1,22.35
002439,1买,2024-02-05,60,1,39.7
002441,1买,2024-02-07,60,1,49.27
002441,2买,2024-04-16,60,1,27.86
002442,1买,2023-04-26,60,1,12.8
002442,1买,2023-06-27,60,1,15.25
002442,2买,2023-10-24,60,1,54.07
002442,2买,2023-10-24,60,1,54.07
002442,3买,2024-12-25,60,1,39.69
002442,1买,2025-01-13,60,1,47.36
002442,2买,2025-04-09,60,1,28.88
002442,3买,2025-09-23,60,6,17.55
002442,3买,2025-09-23,60,6,17.55
002443,1买,2022-10-28,60,3,14.33
002443,1买,2022-12-23,60,4,23.68
002443,2买,2023-04-26,60,1,17.07
002443,2买,2023-04-26,60,1,17.07
002443,1买,2024-08-23,60,2,45.05
002443,2买,2024-11-04,60,2,9.05
002443,1买,2025-01-06,60,6,15.12
002443,1买,2025-04-09,60,1,30.48
002443,2买,2025-09-18,60,1,32.46
002443,2买,2025-09-18,60,1,32.46
002443,3买,2025-09-18,60,1,32.46
002443,3买,2025-09-18,60,1,32.46
002444,1买,2024-07-05,60,1,42.4
002444,2买,2024-11-18,60,1,30.43
002444,3买,2024-11-18,60,1,30.43
002445,1买,2025-04-09,60,1,32.82
002446,1买,2023-01-16,60,1,34.85
002446,1买,2023-08-25,60,1,50.33
002446,1买,2025-04-09,60,1,44.23
002446,2买,2025-10-23,60,1,83.83
002446,2买,2025-10-23,60,1,83.83
002446,1买,2025-11-21,60,1,86.88
002446,2买,2026-03-24,44,1,25.28
002446,2买,2026-03-24,44,1,25.28
002448,1买,2022-12-23,60,6,17.33
002448,2买,2023-08-14,60,1,12.1
002448,1买,2023-09-18,60,1,15.76
002448,1买,2024-09-18,60,1,40.85
002448,2买,2025-01-06,60,1,94.35
002448,2买,2025-06-23,60,1,44.94
002448,3买,2025-10-23,60,1,33.65
002449,1买,2024-09-18,60,1,53.59
002449,2买,2024-11-19,60,1,84.44
002449,3买,2025-08-04,60,5,13.23
002449,1买,2025-10-20,60,2,7.14
002449,3买,2025-10-20,60,2,7.14
002451,1买,2024-07-18,60,2,57.84
002451,2买,2025-01-06,60,1,35.37
002451,1买,2025-04-09,60,1,40.59
002451,2买,2025-06-23,60,1,17.78
002451,3买,2025-06-23,60,1,17.78
002451,3买,2025-09-23,60,1,135.14
002451,3买,2025-12-18,60,1,38.81
002451,1买,2026-03-24,44,1,14.04
002451,3买,2026-03-24,44,1,14.04
002452,1买,2023-04-25,60,1,24.64
002452,2买,2023-06-08,60,1,23.06
002452,1买,2025-04-09,60,1,14.87
002452,2买,2025-09-04,60,1,29.07
002453,1买,2025-04-09,60,1,49.3
002453,2买,2025-09-05,60,1,67.41
002454,1买,2022-10-11,60,1,27.98
002454,2买,2022-12-23,60,1,22.35
002454,1买,2024-08-29,60,1,54.39
002454,2买,2025-01-06,60,1,31.41
002454,1买,2025-04-09,60,1,53.48
002454,2买,2025-06-23,60,1,43.66
002454,3买,2025-06-23,60,1,43.66
002455,1买,2022-12-23,60,1,21.43
002455,1买,2023-08-25,60,1,32.93
002455,2买,2025-01-07,60,1,34.07
002455,1买,2025-04-09,60,1,25.49
002455,2买,2025-07-07,60,1,15.35
002456,1买,2024-06-26,60,1,24.2
002456,3买,2024-06-26,60,1,24.2
002456,2买,2024-08-13,60,2,151.87
002458,3买,2023-06-07,60,1,22.37
002458,1买,2023-10-24,60,1,24.77
002458,2买,2023-12-04,60,1,15.55
002458,1买,2024-09-18,60,1,49.47
002458,2买,2025-02-26,60,1,29.37
002458,1买,2025-12-17,60,2,25.49
002459,1买,2022-12-23,60,1,32.25
002459,1买,2023-12-21,60,1,23.94
002459,1买,2024-04-25,60,1,19.27
002459,1买,2024-07-09,60,1,54.35
002459,1买,2024-08-28,60,1,119.87
002459,2买,2025-04-30,60,1,31.23
002459,1买,2025-06-03,60,4,42.21
002459,2买,2026-01-21,60,1,25.14
002459,2买,2026-01-21,60,1,25.14
002460,1买,2023-04-07,60,2,12.33
002460,1买,2023-04-26,60,1,19.49
002460,1买,2024-02-05,60,1,35.71
002460,2买,2025-02-06,60,1,19.78
002460,1买,2025-04-09,60,1,27.25
002460,2买,2025-06-03,60,1,37.21
002460,3买,2025-12-16,60,1,29.77
002460,2买,2026-02-06,60,1,50.3
002460,3买,2026-02-06,60,1,50.3
002461,1买,2022-10-31,60,1,31.72
002461,2买,2023-03-20,60,1,16.55
002461,1买,2024-02-05,60,1,31.06
002461,2买,2024-07-09,60,1,50.5
002461,3买,2024-11-25,60,3,16.06
002461,3买,2024-11-25,60,3,16.06
002461,3买,2025-11-05,60,5,7.92
002461,1买,2026-02-04,60,1,16.52
002461,1买,2026-03-24,44,1,18.21
002461,2买,2026-05-26,3,1,8.47
002462,1买,2022-09-27,60,4,70.65
002462,2买,2023-03-30,60,5,19.61
002462,1买,2023-06-27,60,19,13.37
002462,2买,2023-08-08,60,3,12.11
002462,1买,2024-09-18,60,1,45.51
002462,2买,2025-04-09,60,1,33.33
002463,3买,2023-06-29,60,1,40.7
002463,1买,2024-02-01,60,1,80.15
002463,2买,2024-04-10,60,1,41.25
002463,3买,2024-05-30,60,2,37.75
002463,1买,2025-04-09,60,1,109.37
002463,2买,2025-11-14,60,1,28.96
002463,3买,2025-11-14,60,1,28.96
002465,1买,2024-09-18,60,1,72.21
002465,2买,2025-01-08,60,1,29.07
002465,1买,2025-04-09,60,1,54.4
002465,2买,2025-05-16,60,1,44.24
002465,3买,2025-05-16,60,1,44.24
002465,3买,2026-02-13,60,1,13.41
002465,1买,2026-03-24,44,1,32.43
002466,1买,2023-01-04,60,1,28.8
002466,1买,2025-04-09,60,1,31.99
002467,1买,2023-05-25,60,1,14.29
002467,1买,2023-08-25,60,1,24.59
002467,2买,2023-10-24,60,1,21.46
002467,2买,2025-08-04,60,3,37.35
002467,3买,2025-08-04,60,3,37.35
002468,1买,2023-03-10,60,1,20.75
002468,2买,2023-05-26,60,5,20.93
002468,1买,2024-02-05,60,1,62.28
002468,2买,2024-07-09,60,1,65.92
002468,1买,2026-02-03,60,2,43.83
002468,3买,2026-02-03,60,2,43.83
002469,1买,2022-11-28,60,1,7.61
002469,1买,2022-12-23,60,6,19.66
002469,2买,2023-04-06,60,1,24.62
002469,1买,2023-10-24,60,1,21.28
002469,2买,2023-12-26,60,2,11.23
002469,2买,2025-04-09,60,1,45.71
002469,3买,2025-06-23,60,1,20.56
002471,1买,2023-04-26,60,1,32.43
002471,2买,2023-10-24,60,1,18.64
002471,3买,2025-09-04,60,1,26.23
002472,1买,2022-12-23,60,1,37.93
002472,1买,2023-06-08,60,2,72.39
002472,1买,2024-07-25,60,1,58.75
002472,1买,2024-08-27,60,2,78.39
002472,2买,2024-11-27,60,1,64.12
002472,2买,2024-11-27,60,1,64.12
002472,2买,2024-11-27,60,1,64.12
002472,2买,2024-11-27,60,1,64.12
002472,3买,2025-01-08,60,1,56.93
002472,1买,2026-04-07,35,1,32.8
002474,1买,2023-06-29,60,1,26.93
002474,3买,2023-06-29,60,1,26.93
002474,2买,2023-08-21,60,1,20.03
002474,1买,2024-08-28,60,1,92.41
002474,2买,2025-01-06,60,1,80.65
002475,1买,2023-04-27,60,1,41.28
002475,2买,2023-07-28,60,1,14.22
002475,3买,2024-09-19,60,1,37.23
002475,1买,2025-04-09,60,1,33.46
002475,2买,2025-06-03,60,2,55.38
002476,1买,2024-09-18,60,1,62.69
002476,2买,2025-01-06,60,1,25.66
002476,3买,2025-10-31,60,1,42.42
002479,1买,2023-10-23,60,2,23.53
002479,2买,2023-12-11,60,1,13.39
002479,1买,2025-04-09,60,1,40.86
002480,1买,2023-04-27,60,1,9.77
002480,1买,2023-06-12,60,1,32.18
002480,2买,2024-11-25,60,1,40.66
002480,2买,2024-11-25,60,1,40.66
002480,3买,2025-01-06,60,1,41.22
002480,3买,2025-06-26,60,1,30.48
002480,3买,2025-12-17,60,1,27.62
002480,1买,2026-03-23,45,1,19.58
002481,1买,2023-06-27,60,1,21.7
002481,1买,2023-10-23,60,1,20.34
002481,2买,2025-01-13,60,1,20.42
002481,2买,2025-01-13,60,1,20.42
002482,1买,2022-10-31,60,1,30.95
002482,2买,2023-10-23,60,1,50.28
002482,1买,2024-04-17,60,1,39.33
002482,2买,2025-04-09,60,1,25.16
002482,1买,2026-03-24,44,1,11.32
002483,1买,2022-12-23,60,2,31.98
002483,2买,2023-08-24,60,1,18.59
002484,1买,2024-02-05,60,1,55.82
002484,2买,2024-04-17,60,1,14.17
002484,1买,2025-04-09,60,1,47.32
002484,2买,2025-12-16,60,1,38.07
002484,3买,2025-12-16,60,1,38.07
002486,1买,2023-06-26,60,2,14.08
002486,2买,2023-12-28,60,2,9.93
002486,1买,2025-04-09,60,1,77.22
002486,2买,2025-06-23,60,1,30.34
002486,3买,2025-12-17,60,1,15.73
002488,1买,2024-07-25,60,1,247.82
002488,2买,2024-11-18,60,1,28.68
002489,1买,2022-11-03,60,1,25.85
002489,2买,2023-03-30,60,6,21.05
002489,1买,2024-02-06,60,1,33.49
002489,2买,2024-06-25,60,1,34.5
002489,1买,2025-04-09,60,1,62.27
002489,2买,2025-06-23,60,1,14.81
002489,1买,2025-10-20,60,2,19.71
002489,3买,2025-10-20,60,2,19.71
002490,1买,2024-04-23,60,1,17.19
002490,1买,2024-06-28,60,1,59.42
002490,2买,2025-03-28,60,1,151.47
002490,2买,2025-03-28,60,1,151.47
002490,3买,2025-09-23,60,1,77.82
002492,1买,2022-10-11,60,1,46.56
002492,2买,2023-06-27,60,2,12.98
002492,1买,2023-10-23,60,1,17.28
002492,2买,2023-12-28,60,2,9.81
002492,1买,2025-04-09,60,1,58.62
002492,2买,2025-12-24,60,1,36.1
002492,1买,2026-03-24,44,1,22.21
002493,1买,2024-02-05,60,1,30.29
002493,2买,2024-04-24,60,2,9.35
002494,1买,2022-10-31,60,1,49.23
002494,2买,2023-04-25,60,1,19.17
002494,1买,2023-10-23,60,1,49.35
002494,2买,2023-12-11,60,1,35.29
002494,3买,2025-12-17,60,1,22.04
002495,3买,2025-03-25,60,1,26.87
002495,1买,2026-03-24,44,1,16.39
002497,1买,2023-07-24,60,2,13.79
002497,1买,2024-02-05,60,1,39.71
002497,1买,2024-08-23,60,1,58.9
002497,2买,2025-04-09,60,1,19.5
002497,2买,2025-04-09,60,1,19.5
002497,2买,2026-03-24,44,1,51.3
002498,1买,2023-04-26,60,2,8.72
002498,1买,2025-04-09,60,1,17.22
002498,2买,2025-06-23,60,2,16.72
002498,2买,2026-04-07,35,1,55.79
002498,3买,2026-04-07,35,1,55.79
002500,1买,2023-04-26,60,2,15.05
002500,2买,2023-06-30,60,9,28.8
002500,1买,2024-02-05,60,1,24.05
002500,2买,2025-04-09,60,1,14.56
002500,3买,2025-12-17,60,12,5.88
002501,1买,2023-10-24,60,1,18.38
002501,2买,2025-01-13,60,1,98.62
002501,3买,2025-04-09,60,1,47.88
002506,1买,2022-12-26,60,5,18.18
002506,1买,2023-10-24,60,1,7.89
002506,1买,2024-08-28,60,1,108.09
002506,2买,2025-01-13,60,1,12.76
002506,1买,2025-04-09,60,1,39.39
002506,2买,2025-08-15,60,1,35.89
002506,3买,2025-08-15,60,1,35.89
002506,1买,2025-10-20,60,9,38.68
002506,2买,2025-12-05,60,1,159.59
002506,2买,2026-01-21,60,1,133.82
002506,2买,2026-05-22,5,1,5.96
002507,1买,2022-10-31,60,1,25.99
002507,2买,2023-02-09,60,2,8.49
002507,1买,2023-06-27,60,3,7.86
002507,1买,2024-02-05,60,1,29.48
002507,2买,2024-04-17,60,1,19.21
002507,1买,2025-04-08,60,1,12.76
002508,1买,2022-10-31,60,1,62.56
002508,2买,2023-06-01,60,1,29.4
002508,1买,2024-04-26,60,1,24.58
002508,1买,2024-09-10,60,1,45.96
002508,2买,2025-01-17,60,1,19.63
002508,1买,2025-06-20,60,3,13.5
002510,1买,2023-04-25,60,1,14.45
002510,2买,2023-08-25,60,1,37.19
002510,1买,2025-04-09,60,1,115.28
002510,2买,2025-06-20,60,2,25.65
002510,3买,2025-06-20,60,2,25.65
002511,1买,2022-10-31,60,1,56.19
002511,2买,2023-04-17,60,1,12.6
002511,1买,2023-07-24,60,3,6.56
002511,1买,2023-09-14,60,7,11.2
002511,1买,2023-10-24,60,1,12.22
002511,1买,2024-09-18,60,1,47.55
002511,2买,2024-11-25,60,3,11.42
002511,1买,2025-01-13,60,1,8.72
002511,2买,2025-03-06,60,6,18.3
002511,1买,2025-12-24,60,1,18.44
002511,3买,2025-12-24,60,1,18.44
002511,1买,2026-02-03,60,2,19.05
002512,1买,2025-04-09,60,1,58.9
002513,3买,2023-12-28,60,1,15.35
002513,1买,2024-02-08,60,1,86.75
002513,2买,2025-01-06,60,1,32.24
002513,1买,2026-04-03,36,1,18.21
002514,1买,2023-06-09,60,1,42.52
002514,2买,2023-11-03,60,1,17.78
002515,1买,2022-10-31,60,1,37.9
002515,2买,2023-03-21,60,3,19.04
002515,3买,2025-04-29,60,1,35.48
002515,3买,2025-09-22,60,1,23.11
002515,3买,2025-09-22,60,1,23.11
002516,1买,2023-06-08,60,2,19.53
002516,2买,2023-08-25,60,1,25.58
002516,1买,2025-04-09,60,1,42.28
002516,2买,2025-08-04,60,1,40.95
002517,3买,2023-07-26,60,1,21.55
002517,1买,2024-02-05,60,1,42.79
002517,2买,2024-04-22,60,1,23.24
002517,3买,2025-04-09,60,1,40.26
002518,1买,2024-08-28,60,1,51.62
002518,2买,2024-12-19,60,1,70.79
002519,1买,2024-02-07,60,1,66.18
002519,2买,2024-04-17,60,1,33.1
002519,1买,2024-09-18,60,1,83.45
002519,2买,2024-11-19,60,1,39.6
002519,1买,2025-04-09,60,1,50.91
002519,2买,2025-09-29,60,3,60.84
002520,1买,2022-11-01,60,1,49.2
002520,2买,2022-11-28,60,1,49.29
002520,1买,2023-08-29,60,1,40.48
002520,2买,2023-12-21,60,1,15.79
002520,1买,2025-10-20,60,2,22.42
002521,3买,2024-02-06,60,1,124.72
002521,3买,2024-11-04,60,2,26.35
002521,1买,2025-01-13,60,1,12.86
002521,1买,2025-04-09,60,1,23.5
002521,2买,2025-08-19,60,1,17.05
002521,2买,2025-08-19,60,1,17.05
002522,1买,2023-07-24,60,5,6.75
002522,3买,2025-10-13,60,1,39.78
002523,1买,2023-04-27,60,1,15.41
002523,2买,2023-06-12,60,3,18.35
002523,1买,2023-10-24,60,1,32.16
002523,2买,2023-12-11,60,1,37.64
002523,1买,2025-04-09,60,1,47.83
002523,2买,2025-09-04,60,2,27.72
002524,1买,2024-07-10,60,1,57.93
002526,1买,2024-09-09,60,6,182.04
002526,2买,2025-04-09,60,1,38.54
002526,3买,2025-12-17,60,3,20.59
002527,1买,2022-12-30,60,2,33.83
002527,2买,2023-04-27,60,1,139.93
002527,1买,2024-06-26,60,1,22.03
002527,1买,2024-07-18,60,1,55.43
002527,2买,2024-08-28,60,1,98.17
002527,2买,2025-04-09,60,1,62.2
002527,3买,2025-06-18,60,2,32.93
002527,1买,2025-07-07,60,1,59.56
002530,3买,2023-10-23,60,1,22.35
002531,1买,2022-10-31,60,1,46.02
002531,2买,2023-04-25,60,1,37.75
002531,1买,2023-09-25,60,1,22.99
002531,1买,2025-04-09,60,1,20.98
002533,1买,2022-12-23,60,2,26.44
002533,2买,2023-06-09,60,1,20.51
002533,3买,2023-08-25,60,1,15.48
002533,3买,2024-08-28,60,1,38.62
002533,1买,2025-04-09,60,1,31.2
002533,2买,2025-06-23,60,1,29.41
002533,3买,2025-06-23,60,1,29.41
002534,1买,2022-12-23,60,1,33.12
002534,2买,2023-04-06,60,1,42.2
002534,1买,2024-02-06,60,1,64.89
002534,2买,2024-04-24,60,1,30.85
002534,1买,2025-04-09,60,1,22.57
002534,2买,2025-11-24,60,5,41.91
002535,1买,2023-05-17,60,1,147.18
002535,2买,2023-09-22,60,1,49.64
002535,3买,2023-09-22,60,1,49.64
002535,1买,2024-02-07,60,1,50.78
002535,1买,2024-06-26,60,1,35.32
002535,2买,2024-11-19,60,1,37.91
002535,2买,2024-11-19,60,1,37.91
002536,3买,2023-12-21,60,1,16.96
002536,3买,2025-11-24,60,1,69.41
002537,1买,2023-09-18,60,2,14.88
002537,2买,2025-05-26,60,1,87.9
002537,3买,2025-08-04,60,6,27.55
002538,1买,2022-10-31,60,1,17.22
002538,2买,2022-12-23,60,2,14.1
002538,1买,2024-02-06,60,1,38.61
002538,2买,2024-04-24,60,1,22.84
002538,1买,2025-06-23,60,7,13.86
002538,1买,2025-09-03,60,3,41.41
002538,2买,2025-12-12,60,1,34.68
002538,2买,2025-12-12,60,1,34.68
002539,1买,2023-06-01,60,1,14.3
002539,1买,2023-10-24,60,1,15.07
002539,1买,2024-02-05,60,1,44.88
002539,2买,2024-03-28,60,2,24.56
002539,2买,2025-02-21,60,1,17.32
002539,1买,2025-03-24,60,1,21.68
002539,2买,2025-06-04,60,2,40.78
002539,2买,2025-08-19,60,2,25.93
002539,3买,2025-08-19,60,2,25.93
002539,1买,2026-05-26,3,1,9.1
002540,1买,2023-04-26,60,1,13.53
002540,2买,2023-10-23,60,2,21.4
002540,1买,2024-09-10,60,5,44.23
002540,2买,2025-01-13,60,1,19.6
002540,1买,2025-04-09,60,1,13.94
002541,1买,2025-09-23,60,1,22.9
002542,1买,2023-10-24,60,1,22.89
002542,2买,2025-01-27,60,1,43.79
002542,1买,2025-04-09,60,1,44.23
002542,3买,2025-04-09,60,1,44.23
002542,2买,2025-06-23,60,1,70.39
002542,3买,2025-09-04,60,1,30.75
002542,1买,2025-10-13,60,1,35.24
002543,1买,2023-08-25,60,1,17.21
002543,2买,2023-10-24,60,1,20.79
002543,3买,2025-09-05,60,1,10.95
002544,1买,2022-12-26,60,2,55.87
002544,2买,2023-05-17,60,1,23.43
002544,1买,2024-09-18,60,1,67.76
002544,2买,2025-01-06,60,1,40.26
002545,1买,2024-02-05,60,1,45.55
002545,2买,2024-03-29,60,1,23.35
002546,3买,2023-12-27,60,1,14.62
002546,3买,2025-04-09,60,1,70.37
002547,1买,2023-08-25,60,1,53.68
002547,1买,2024-07-10,60,1,80.0
002547,2买,2025-01-06,60,1,59.34
002547,1买,2025-04-09,60,1,76.45
002547,2买,2025-06-23,60,1,68.6
002547,2买,2025-06-23,60,1,68.6
002548,1买,2023-05-15,60,4,57.49
002548,2买,2023-08-22,60,1,20.33
002548,1买,2023-11-13,60,1,23.43
002548,1买,2024-07-29,60,1,36.0
002548,2买,2024-11-19,60,1,15.37
002549,1买,2023-03-31,60,1,15.88
002549,1买,2023-07-19,60,1,18.18
002549,1买,2023-08-25,60,1,28.09
002549,1买,2024-08-27,60,1,100.43
002549,2买,2025-01-06,60,1,121.96
002549,3买,2025-04-30,60,1,67.89
002549,2买,2025-12-05,60,1,27.18
002549,2买,2025-12-05,60,1,27.18
002549,2买,2025-12-05,60,1,27.18
002549,1买,2026-03-25,43,1,24.74
002550,1买,2023-10-24,60,1,35.47
002550,2买,2024-07-30,60,1,42.46
002550,1买,2024-09-20,60,2,47.43
002550,2买,2025-02-26,60,4,28.57
002550,1买,2026-03-23,45,1,20.41
002551,1买,2022-08-04,60,2,52.39
002551,1买,2023-06-26,60,1,26.72
002551,2买,2023-10-23,60,1,17.94
002551,1买,2025-04-09,60,1,82.88
002551,2买,2025-06-20,60,1,55.52
002551,3买,2025-09-29,60,3,9.69
002552,1买,2024-02-07,60,1,68.83
002553,1买,2023-04-27,60,1,123.06
002553,2买,2023-08-29,60,1,23.24
002553,1买,2023-12-27,60,1,37.55
002553,1买,2024-02-07,60,1,122.77
002553,2买,2024-07-25,60,1,38.13
002553,1买,2024-09-18,60,1,122.58
002553,2买,2025-01-06,60,1,147.88
002553,2买,2025-01-06,60,1,147.88
002553,3买,2025-04-09,60,1,91.0
002553,3买,2025-06-23,60,1,85.47
002553,3买,2025-12-17,60,1,24.6
002554,1买,2022-12-23,60,1,26.21
002554,2买,2023-03-30,60,1,30.81
002554,3买,2023-03-30,60,1,30.81
002554,1买,2023-06-27,60,1,10.51
002554,1买,2025-04-09,60,1,60.98
002555,1买,2022-10-25,60,1,50.72
002555,2买,2023-10-26,60,1,36.6
002555,1买,2024-01-18,60,1,18.71
002555,1买,2024-02-05,60,1,32.15
002555,1买,2024-08-26,60,1,61.79
002555,2买,2024-09-24,60,1,52.05
002555,2买,2025-08-01,60,1,47.91
002555,2买,2026-05-26,3,1,5.26
002556,1买,2025-04-08,60,1,51.83
002556,2买,2025-05-26,60,1,39.63
002557,1买,2022-10-25,60,1,36.64
002557,2买,2022-11-28,60,1,23.63
002557,1买,2023-04-20,60,1,11.12
002557,1买,2023-06-07,60,1,11.93
002557,1买,2024-02-02,60,1,31.63
002557,2买,2024-04-17,60,1,17.94
002557,1买,2024-08-29,60,1,55.72
002557,2买,2025-04-08,60,1,17.38
002557,1买,2025-05-26,60,2,6.9
002557,1买,2026-03-24,44,1,29.95
002558,1买,2023-10-26,60,1,39.36
002558,3买,2023-10-26,60,1,39.36
002558,2买,2025-01-08,60,1,58.24
002559,1买,2023-08-25,60,1,100.41
002559,2买,2024-11-27,60,1,45.6
002560,3买,2022-12-23,60,1,96.17
002560,1买,2023-06-09,60,1,27.44
002560,1买,2024-02-05,60,1,49.37
002560,2买,2024-07-25,60,1,29.84
002560,1买,2024-08-26,60,1,43.56
002560,2买,2024-11-19,60,1,22.42
002560,3买,2025-06-23,60,1,26.16
002560,1买,2025-09-23,60,1,42.65
002560,3买,2025-09-23,60,1,42.65
002560,2买,2025-11-21,60,1,49.29
002560,2买,2025-11-21,60,1,49.29
002561,1买,2022-10-31,60,1,110.24
002561,2买,2023-02-09,60,1,15.12
002561,1买,2023-05-30,60,2,39.05
002561,2买,2023-12-22,60,1,23.33
002561,1买,2025-04-09,60,1,29.59
002561,2买,2025-06-23,60,1,29.4
002562,1买,2022-12-30,60,2,27.47
002562,1买,2023-10-24,60,1,11.81
002562,2买,2023-12-19,60,1,10.65
002562,3买,2025-01-06,60,1,22.08
002562,1买,2025-04-09,60,1,90.18
002562,2买,2025-06-23,60,1,82.01
002562,2买,2025-12-17,60,2,30.83
002563,1买,2023-10-23,60,1,11.92
002563,2买,2024-01-09,60,4,7.01
002564,3买,2023-02-27,60,1,17.53
002564,3买,2025-06-23,60,1,81.99
002564,3买,2025-12-17,60,1,16.48
002565,1买,2024-07-11,60,1,46.26
002565,2买,2025-01-13,60,1,29.26
002565,1买,2025-04-09,60,1,161.57
002565,2买,2025-09-05,60,1,101.38
002566,1买,2023-04-25,60,1,18.3
002566,2买,2023-06-26,60,3,14.67
002566,1买,2024-08-28,60,2,37.74
002566,2买,2025-01-13,60,1,24.68
002566,1买,2025-04-09,60,1,43.14
002566,2买,2025-09-23,60,1,29.07
002566,3买,2025-11-24,60,1,24.42
002567,1买,2023-10-20,60,1,33.0
002567,1买,2024-09-18,60,1,41.16
002567,2买,2025-01-13,60,1,16.49
002567,1买,2025-06-23,60,8,12.02
002567,2买,2025-09-05,60,1,7.37
002567,1买,2025-10-31,60,,3.38
002568,1买,2024-03-29,60,1,36.6
002568,2买,2025-02-12,60,1,39.59
002570,1买,2022-08-04,60,1,32.58
002570,2买,2022-10-11,60,1,13.81
002570,1买,2023-10-23,60,1,13.51
002570,1买,2024-08-23,60,3,168.42
002570,2买,2025-01-13,60,1,96.52
002570,2买,2025-05-19,60,1,42.12
002570,3买,2025-05-19,60,1,42.12
002570,3买,2025-05-19,60,1,42.12
002570,1买,2025-06-23,60,1,42.61
002570,2买,2025-09-29,60,3,12.85
002572,1买,2022-10-26,60,1,63.3
002572,2买,2023-01-04,60,1,34.69
002572,1买,2024-01-23,60,1,20.14
002572,1买,2024-02-05,60,1,29.9
002572,2买,2024-04-09,60,1,44.56
002572,2买,2024-04-09,60,1,44.56
002572,1买,2025-01-13,60,1,26.27
002572,1买,2025-10-13,60,1,24.57
002572,2买,2025-12-30,60,3,13.52
002573,1买,2023-10-23,60,2,13.57
002573,1买,2023-12-27,60,3,13.81
002573,1买,2025-04-09,60,1,33.74
002573,2买,2025-08-19,60,5,6.84
002574,1买,2023-06-26,60,1,28.32
002574,3买,2023-06-26,60,1,28.32
002574,1买,2024-02-07,60,1,83.38
002574,2买,2024-05-14,60,1,14.65
002574,1买,2024-07-25,60,1,44.53
002574,2买,2024-09-18,60,1,52.24
002574,3买,2025-08-01,60,4,14.77
002575,1买,2023-04-26,60,1,33.53
002575,2买,2023-08-29,60,1,13.71
002575,1买,2023-10-27,60,1,37.4
002575,2买,2023-12-28,60,1,50.0
002576,1买,2022-12-23,60,1,156.88
002576,2买,2023-04-25,60,1,44.34
002576,3买,2023-06-08,60,1,42.5
002576,1买,2024-02-06,60,1,70.49
002576,2买,2024-07-18,60,1,46.34
002577,1买,2023-04-18,60,1,33.76
002577,3买,2023-04-18,60,1,33.76
002577,2买,2023-12-26,60,1,26.0
002577,1买,2024-07-25,60,1,53.49
002577,2买,2025-04-09,60,1,38.98
002577,3买,2025-04-09,60,1,38.98
002577,3买,2025-12-17,60,1,11.38
002578,1买,2022-09-29,60,1,24.81
002578,1买,2023-10-23,60,1,58.46
002578,1买,2024-07-09,60,1,31.75
002578,1买,2024-09-09,60,4,52.12
002578,2买,2025-01-06,60,1,36.59
002578,2买,2025-01-06,60,1,36.59
002578,3买,2025-09-24,60,1,73.33
002578,2买,2026-03-24,44,1,35.16
002579,1买,2023-08-29,60,1,32.43
002579,1买,2024-07-25,60,1,49.92
002579,1买,2024-08-28,60,1,54.47
002579,2买,2024-11-19,60,1,28.74
002579,2买,2024-11-19,60,1,28.74
002579,2买,2025-11-24,60,1,26.65
002580,1买,2023-06-09,60,4,12.8
002580,2买,2025-04-09,60,1,69.49
002580,3买,2025-04-09,60,1,69.49
002580,1买,2025-12-05,60,6,13.83
002580,3买,2025-12-05,60,6,13.83
002582,1买,2022-10-31,60,1,56.33
002582,2买,2023-04-11,60,1,34.36
002582,1买,2023-10-23,60,1,32.11
002582,2买,2025-04-01,60,1,44.29
002582,3买,2025-08-05,60,4,19.79
002582,1买,2025-10-13,60,2,44.74
002583,3买,2025-04-09,60,1,58.98
002583,3买,2025-08-04,60,4,24.7
002583,1买,2025-10-13,60,1,13.17
002583,1买,2025-12-17,60,6,17.01
002583,2买,2026-02-06,60,10,8.86
002584,3买,2025-08-04,60,2,18.51
002584,3买,2025-08-04,60,2,18.51
002585,1买,2024-08-23,60,1,55.47
002585,2买,2025-01-13,60,1,17.34
002585,1买,2025-04-09,60,1,34.05
002585,2买,2025-06-20,60,1,27.61
002585,1买,2025-10-29,60,2,57.14
002585,2买,2026-02-06,60,1,39.07
002587,3买,2023-08-21,60,3,22.56
002587,1买,2023-10-30,60,1,48.77
002587,1买,2025-10-13,60,1,21.11
002587,2买,2025-12-18,60,1,19.45
002587,2买,2025-12-18,60,1,19.45
002588,1买,2024-02-06,60,1,54.24
002588,2买,2024-05-23,60,1,15.1
002588,1买,2024-06-14,60,1,16.14
002588,2买,2025-01-13,60,1,16.03
002588,1买,2025-04-07,60,1,45.8
002588,2买,2025-06-24,60,6,21.16
002589,1买,2023-04-26,60,1,11.86
002589,1买,2023-06-26,60,4,18.9
002589,1买,2025-04-09,60,1,25.5
002589,2买,2025-06-23,60,1,13.83
002590,3买,2024-01-15,60,1,34.29
002590,1买,2024-02-07,60,1,114.84
002590,2买,2024-04-16,60,1,75.0
002591,1买,2025-04-09,60,1,54.91
002593,1买,2023-04-25,60,1,23.55
002593,2买,2023-08-25,60,1,27.53
002593,1买,2024-09-18,60,1,298.01
002593,2买,2025-04-09,60,1,47.11
002594,3买,2025-04-09,60,1,32.94
002594,1买,2026-02-03,60,1,30.2
002595,1买,2022-12-23,60,2,25.76
002595,2买,2023-03-28,60,2,40.28
002595,3买,2024-06-20,60,7,15.2
002595,1买,2024-07-31,60,1,48.66
002595,2买,2024-12-17,60,2,34.97
002595,3买,2024-12-17,60,2,34.97
002595,3买,2025-04-09,60,1,28.22
002595,1买,2025-08-04,60,9,25.33
002595,3买,2025-08-04,60,9,25.33
002596,1买,2022-10-11,60,1,50.57
002596,2买,2023-01-12,60,4,36.59
002596,1买,2023-10-24,60,1,17.39
002596,1买,2024-01-23,60,1,30.51
002596,2买,2025-01-13,60,1,48.19
002596,2买,2025-01-13,60,1,48.19
002596,3买,2025-06-03,60,1,53.45
002597,1买,2023-01-05,60,1,12.64
002597,1买,2024-02-05,60,1,74.82
002597,2买,2024-07-30,60,1,49.57
002597,3买,2025-01-06,60,1,20.09
002598,1买,2023-08-25,60,1,10.16
002598,1买,2024-08-23,60,1,54.64
002598,2买,2025-01-06,60,1,41.72
002598,1买,2025-04-09,60,1,61.75
002598,3买,2025-04-09,60,1,61.75
002598,2买,2025-06-23,60,1,47.23
002599,1买,2024-02-07,60,1,100.0
002599,2买,2024-06-26,60,1,17.08
002599,1买,2024-07-25,60,3,73.45
002599,2买,2024-09-18,60,1,115.38
002599,3买,2025-04-09,60,1,44.99
002599,1买,2025-12-17,60,1,30.35
002600,3买,2023-04-27,60,1,30.43
002600,3买,2025-01-08,60,1,58.92
002600,1买,2026-03-24,44,1,43.61
002601,1买,2024-01-18,60,1,35.58
002601,2买,2024-08-27,60,2,50.53
002601,1买,2025-04-07,60,1,7.36
002601,2买,2025-11-05,60,1,33.72
002602,1买,2024-02-05,60,1,44.89
002602,2买,2025-04-09,60,1,120.65
002602,3买,2025-04-09,60,1,120.65
002603,1买,2022-08-25,60,1,138.76
002603,1买,2022-09-26,60,1,186.72
002603,2买,2023-01-31,60,1,18.61
002603,2买,2023-01-31,60,1,18.61
002603,1买,2023-03-30,60,1,20.75
002603,1买,2023-10-24,60,3,28.48
002603,1买,2024-07-09,60,1,37.07
002603,1买,2024-09-20,60,2,37.93
002603,1买,2025-04-09,60,1,26.35
002603,2买,2025-06-23,60,8,29.75
002603,2买,2025-09-30,60,1,39.05
002603,2买,2025-09-30,60,1,39.05
002603,1买,2026-03-24,44,1,14.56
002605,1买,2022-10-11,60,1,40.25
002605,2买,2022-12-30,60,1,112.86
002605,3买,2023-10-30,60,1,32.2
002605,1买,2026-03-24,44,1,7.25
002606,1买,2025-04-09,60,1,27.76
002606,2买,2025-09-24,60,4,17.39
002606,3买,2025-09-24,60,4,17.39
002607,1买,2022-10-11,60,1,65.17
002607,2买,2023-01-03,60,2,40.84
002607,1买,2023-09-27,60,1,40.11
002607,1买,2026-03-24,44,1,11.6
002608,1买,2023-11-28,60,8,13.33
002608,1买,2023-12-29,60,1,24.08
002608,2买,2024-06-27,60,1,8.48
002608,2买,2024-06-27,60,1,8.48
002608,1买,2024-09-18,60,1,37.73
002608,2买,2025-01-13,60,2,11.63
002609,3买,2023-04-26,60,1,25.43
002609,1买,2024-09-18,60,1,54.33
002609,2买,2024-11-04,60,1,25.96
002609,1买,2025-10-21,60,1,33.3
002611,1买,2024-02-06,60,1,158.5
002611,2买,2024-07-18,60,2,50.0
002611,3买,2024-07-18,60,2,50.0
002611,1买,2025-04-09,60,1,57.51
002611,3买,2025-04-09,60,1,57.51
002611,2买,2025-10-21,60,1,33.55
002612,1买,2023-07-19,60,2,13.71
002612,1买,2024-09-18,60,1,68.36
002612,2买,2025-01-13,60,1,18.93
002612,3买,2025-03-05,60,1,39.82
002613,1买,2022-10-11,60,1,35.87
002613,2买,2022-12-23,60,1,35.51
002613,1买,2024-09-18,60,1,48.73
002613,2买,2024-11-19,60,1,20.2
002613,1买,2025-04-09,60,1,31.71
002613,2买,2025-06-23,60,1,37.35
002614,1买,2023-10-24,60,1,26.05
002614,2买,2023-12-27,60,2,29.03
002614,1买,2025-04-09,60,1,35.22
002615,1买,2023-06-12,60,1,30.23
002615,2买,2023-08-25,60,1,57.07
002615,1买,2024-02-07,60,1,73.82
002615,2买,2024-06-25,60,1,23.88
002615,1买,2025-04-09,60,1,91.19
002615,2买,2025-08-04,60,1,11.88
002615,1买,2025-09-23,60,1,14.98
002616,1买,2023-10-23,60,2,10.36
002616,1买,2023-12-27,60,2,11.24
002616,2买,2025-08-04,60,4,26.32
002616,2买,2025-08-04,60,4,26.32
002616,3买,2025-08-04,60,4,26.32
002616,3买,2025-08-04,60,4,26.32
002616,1买,2025-10-17,60,1,13.0
002616,3买,2025-10-17,60,1,13.0
002616,1买,2025-12-17,60,2,22.18
002617,1买,2023-03-14,60,1,18.9
002617,1买,2023-05-15,60,1,21.57
002617,1买,2024-02-06,60,1,39.68
002617,2买,2024-04-17,60,1,17.12
002617,1买,2025-04-09,60,1,42.67
002617,3买,2025-04-09,60,1,42.67
002617,2买,2025-06-23,60,1,41.24
002617,2买,2025-06-23,60,1,41.24
002622,1买,2023-10-24,60,1,14.95
002622,2买,2023-12-28,60,1,11.07
002622,1买,2025-04-09,60,1,43.78
002622,2买,2025-10-13,60,1,24.41
002622,1买,2025-12-31,60,1,13.99
002623,1买,2022-12-15,60,2,34.16
002623,2买,2023-01-16,60,1,27.1
002623,1买,2023-06-09,60,1,25.17
002623,2买,2023-12-27,60,1,10.21
002623,1买,2025-12-17,60,1,96.47
002624,1买,2023-07-28,60,1,8.98
002624,1买,2023-10-26,60,1,23.64
002624,2买,2025-07-14,60,1,46.83
002624,3买,2025-07-14,60,1,46.83
002625,1买,2023-08-17,60,1,10.87
002625,1买,2023-10-24,60,1,14.83
002625,2买,2024-07-05,60,1,68.59
002625,2买,2024-07-05,60,1,68.59
002625,1买,2024-08-27,60,1,223.61
002625,3买,2024-08-27,60,1,223.61
002625,2买,2025-01-13,60,1,17.08
002625,1买,2025-04-09,60,1,39.21
002625,3买,2025-04-09,60,1,39.21
002626,1买,2023-08-24,60,1,10.95
002626,1买,2023-10-24,60,3,11.36
002626,1买,2024-09-18,60,1,42.13
002626,2买,2025-01-13,60,1,14.47
002626,2买,2025-06-23,60,1,23.05
002626,2买,2025-06-23,60,1,23.05
002626,3买,2025-08-15,60,1,20.58
002626,1买,2025-09-23,60,2,22.76
002627,1买,2022-10-13,60,1,45.73
002627,2买,2023-05-30,60,4,11.0
002627,1买,2023-06-27,60,1,14.31
002627,1买,2024-09-18,60,2,36.47
002627,2买,2025-01-13,60,1,22.37
002627,2买,2025-06-23,60,3,40.62
002627,3买,2026-03-09,55,1,16.71
002628,1买,2022-08-04,60,6,48.1
002628,1买,2023-10-23,60,2,13.07
002628,2买,2025-01-06,60,1,26.33
002628,2买,2025-01-06,60,1,26.33
002628,3买,2025-01-06,60,1,26.33
002628,1买,2025-04-09,60,1,40.96
002628,3买,2025-04-09,60,1,40.96
002629,1买,2023-06-27,60,1,32.34
002629,2买,2023-12-26,60,1,10.34
002631,1买,2023-04-26,60,2,10.25
002631,1买,2023-06-27,60,1,23.6
002631,2买,2023-08-24,60,1,39.03
002631,2买,2023-12-27,60,1,17.62
002631,1买,2025-12-17,60,1,63.71
002632,1买,2024-08-23,60,1,43.55
002632,2买,2024-11-18,60,1,38.94
002632,3买,2025-11-24,60,1,73.4
002632,1买,2026-05-27,2,1,10.96
002633,1买,2025-04-09,60,1,100.24
002633,3买,2025-04-09,60,1,100.24
002633,2买,2025-09-05,60,1,31.35
002634,1买,2022-09-26,60,1,154.42
002634,2买,2023-01-05,60,1,32.57
002634,3买,2023-06-12,60,1,26.63
002634,1买,2024-09-18,60,1,107.2
002634,2买,2025-01-13,60,1,43.2
002634,1买,2025-04-09,60,1,81.2
002635,1买,2023-05-05,60,2,13.02
002635,2买,2023-06-28,60,1,11.07
002635,1买,2024-06-11,60,1,17.11
002635,1买,2024-09-18,60,1,54.0
002635,2买,2024-11-04,60,1,17.2
002635,2买,2024-11-04,60,1,17.2
002635,3买,2024-11-04,60,1,17.2
002635,3买,2025-01-13,60,1,25.36
002635,3买,2025-03-04,60,1,12.0
002636,3买,2023-08-25,60,1,17.2
002636,3买,2025-07-25,60,1,31.79
002637,1买,2023-06-12,60,1,17.84
002637,1买,2023-10-23,60,1,19.59
002637,1买,2024-09-18,60,1,48.37
002637,2买,2025-03-13,60,1,11.88
002637,1买,2025-04-09,60,1,34.38
002637,2买,2025-08-25,60,1,19.77
002637,2买,2025-08-25,60,1,19.77
002637,2买,2025-08-25,60,1,19.77
002637,3买,2025-08-25,60,1,19.77
002637,1买,2025-09-25,60,1,22.47
002637,2买,2025-12-17,60,1,71.94
002637,3买,2026-03-27,41,1,22.71
002638,1买,2022-12-30,60,1,29.68
002638,3买,2022-12-30,60,1,29.68
002638,2买,2023-10-23,60,1,17.46
002638,1买,2024-02-08,60,1,109.02
002638,2买,2024-07-10,60,1,72.66
002638,1买,2025-04-09,60,1,64.67
002638,2买,2026-01-15,60,1,72.73
002639,3买,2025-04-11,60,1,111.08
002639,3买,2025-09-04,60,1,68.71
002640,3买,2023-07-19,60,1,25.81
002641,1买,2023-12-27,60,1,66.03
002641,1买,2024-08-23,60,1,37.19
002641,2买,2024-11-04,60,1,29.88
002641,1买,2025-04-09,60,1,15.38
002641,2买,2025-09-04,60,8,38.18
002641,3买,2025-09-04,60,8,38.18
002642,1买,2023-06-28,60,1,44.25
002642,3买,2023-06-28,60,1,44.25
002642,2买,2023-12-26,60,1,18.48
002642,1买,2024-02-07,60,1,79.81
002642,2买,2024-09-18,60,1,65.88
002642,1买,2025-04-09,60,1,34.05
002643,1买,2023-05-17,60,2,23.3
002643,1买,2024-07-25,60,1,34.24
002643,1买,2024-09-18,60,1,94.68
002643,2买,2024-11-27,60,1,49.3
002643,2买,2024-11-27,60,1,49.3
002643,1买,2025-04-09,60,1,24.92
002643,2买,2025-10-23,60,1,51.64
002643,3买,2025-10-23,60,1,51.64
002644,1买,2024-02-07,60,1,56.85
002644,2买,2024-07-25,60,4,41.79
002644,1买,2025-12-17,60,1,32.77
002645,1买,2023-10-24,60,1,35.2
002645,2买,2023-12-28,60,1,12.58
002645,1买,2024-08-28,60,1,58.05
002645,2买,2025-01-06,60,1,63.9
002646,1买,2023-06-27,60,4,16.37
002646,1买,2024-09-18,60,1,58.7
002646,2买,2025-01-13,60,1,13.07
002646,1买,2025-04-09,60,1,16.87
002648,1买,2023-05-31,60,1,33.66
002648,2买,2023-08-23,60,1,15.19
002648,3买,2025-03-25,60,1,11.06
002648,1买,2025-12-16,60,2,85.19
002648,2买,2026-04-21,25,1,17.15
002649,3买,2023-10-24,60,1,25.94
002649,1买,2024-02-06,60,1,61.19
002649,2买,2024-11-27,60,1,46.55
002649,1买,2025-12-17,60,6,29.41
002651,1买,2025-04-09,60,1,195.83
002651,2买,2025-06-20,60,1,58.01
002651,1买,2025-11-21,60,1,24.28
002651,3买,2025-11-21,60,1,24.28
002651,1买,2026-03-23,45,1,17.16
002652,1买,2025-04-09,60,1,59.52
002652,2买,2025-09-23,60,1,26.28
002653,3买,2023-05-09,60,1,13.71
002653,3买,2025-02-20,60,1,60.31
002653,3买,2025-10-15,60,1,27.95
002653,1买,2026-03-04,58,1,45.59
002653,2买,2026-05-26,3,2,6.1
002654,3买,2024-02-06,60,1,89.67
002654,1买,2025-01-13,60,1,54.72
002654,2买,2025-06-23,60,1,27.81
002655,1买,2023-12-14,60,1,11.61
002655,1买,2025-04-09,60,1,40.6
002655,2买,2025-06-23,60,1,22.5
002655,1买,2025-11-24,60,1,38.87
002655,2买,2026-02-03,60,1,231.27
002657,1买,2022-09-29,60,1,67.78
002657,2买,2022-12-29,60,1,37.73
002657,3买,2023-05-26,60,2,20.62
002657,1买,2024-08-28,60,1,179.78
002657,2买,2025-01-13,60,1,51.78
002657,1买,2025-04-09,60,1,106.85
002657,3买,2025-04-09,60,1,106.85
002657,2买,2025-12-05,60,1,34.35
002657,3买,2025-12-05,60,1,34.35
002658,3买,2022-12-12,60,1,25.39
002658,1买,2025-04-09,60,1,103.55
002658,2买,2025-09-23,60,1,39.01
002659,1买,2023-04-24,60,1,36.78
002659,1买,2025-04-09,60,1,41.08
002659,2买,2025-08-15,60,2,39.22
002659,2买,2025-08-15,60,2,39.22
002659,1买,2025-09-02,60,1,46.03
002659,2买,2025-10-13,60,1,31.05
002659,3买,2025-10-13,60,1,31.05
002660,1买,2023-04-25,60,1,29.66
002660,2买,2023-08-25,60,1,26.52
002660,1买,2024-08-23,60,1,44.46
002660,2买,2025-01-07,60,1,45.54
002660,3买,2025-04-09,60,1,37.94
002660,3买,2025-10-20,60,2,25.72
002661,1买,2024-02-07,60,1,42.92
002661,2买,2024-06-25,60,1,23.59
002661,3买,2025-08-04,60,4,8.1
002662,1买,2023-06-08,60,2,28.9
002662,2买,2023-08-24,60,1,23.89
002662,1买,2025-04-09,60,1,30.1
002664,1买,2024-08-23,60,1,65.25
002664,2买,2025-01-06,60,1,84.77
002664,3买,2025-12-17,60,1,34.84
002666,1买,2023-10-23,60,1,29.65
002666,1买,2024-08-26,60,1,53.17
002666,2买,2025-01-06,60,1,36.29
002666,2买,2025-06-23,60,1,21.48
002666,3买,2025-06-23,60,1,21.48
002667,1买,2023-01-03,60,1,18.12
002667,1买,2024-07-10,60,1,114.25
002667,2买,2025-01-24,60,1,79.43
002667,1买,2025-09-24,60,1,67.73
002667,3买,2025-09-24,60,1,67.73
002667,2买,2026-01-05,60,1,177.67
002668,3买,2023-04-14,60,1,54.39
002668,1买,2024-02-06,60,1,162.82
002668,2买,2024-07-25,60,1,68.82
002668,3买,2024-07-25,60,1,68.82
002669,1买,2023-12-27,60,1,20.75
002669,1买,2024-02-07,60,1,100.59
002669,2买,2024-04-17,60,1,31.95
002669,1买,2024-08-28,60,1,49.87
002669,2买,2025-01-06,60,1,23.73
002669,1买,2025-04-09,60,1,98.06
002669,2买,2025-06-23,60,1,54.6
002669,2买,2025-10-17,60,2,27.04
002669,3买,2025-10-17,60,2,27.04
002670,1买,2022-10-31,60,1,48.14
002670,2买,2022-12-29,60,2,46.33
002670,1买,2024-02-06,60,1,64.62
002670,3买,2024-02-06,60,1,64.62
002670,2买,2024-04-17,60,1,58.39
002672,1买,2024-02-06,60,1,43.4
002672,1买,2024-08-26,60,1,73.58
002672,2买,2025-01-13,60,1,22.49
002672,2买,2025-01-13,60,1,22.49
002672,1买,2025-04-09,60,1,46.51
002672,2买,2025-06-23,60,1,16.94
002672,3买,2025-08-18,60,3,25.55
002672,1买,2025-09-23,60,1,29.55
002672,2买,2026-01-21,60,2,15.23
002673,1买,2022-10-10,60,2,14.16
002673,2买,2022-12-26,60,9,15.97
002673,1买,2024-02-06,60,1,53.49
002673,2买,2024-03-28,60,1,15.99
002673,1买,2024-07-09,60,1,64.48
002673,2买,2025-01-13,60,1,18.9
002673,1买,2025-04-09,60,1,15.83
002673,2买,2025-12-04,60,2,6.12
002673,3买,2025-12-04,60,2,6.12
002673,1买,2026-04-07,35,1,5.69
002674,3买,2023-04-11,60,1,21.05
002674,1买,2023-10-23,60,1,21.36
002674,1买,2025-04-09,60,1,33.54
002674,2买,2025-11-24,60,1,27.14
002674,2买,2025-11-24,60,1,27.14
002674,3买,2025-11-24,60,1,27.14
002674,1买,2025-12-12,60,1,34.12
002675,1买,2023-08-23,60,1,53.82
002675,2买,2025-07-15,60,1,33.43
002676,1买,2024-09-18,60,1,101.85
002676,2买,2025-01-13,60,1,33.84
002676,3买,2025-03-04,60,1,24.11
002676,1买,2025-11-24,60,1,19.01
002677,1买,2023-06-01,60,1,13.86
002677,1买,2024-09-18,60,1,40.1
002677,2买,2024-11-01,60,2,24.14
002677,1买,2025-04-09,60,1,17.52
002678,1买,2024-02-06,60,1,40.75
002678,1买,2024-07-09,60,1,42.9
002678,2买,2025-01-13,60,1,27.89
002678,2买,2025-01-13,60,1,27.89
002678,1买,2025-04-09,60,1,85.25
002678,2买,2025-08-04,60,1,46.54
002678,3买,2025-08-04,60,1,46.54
002678,1买,2025-09-23,60,2,63.32
002679,1买,2022-09-26,60,1,23.88
002679,2买,2022-12-30,60,1,34.01
002679,1买,2024-07-18,60,2,44.07
002679,2买,2025-01-06,60,1,28.55
002679,3买,2025-08-28,60,1,82.33
002679,1买,2026-03-24,44,1,16.3
002681,1买,2024-02-06,60,1,53.61
002681,2买,2025-04-09,60,1,42.31
002682,1买,2024-09-18,60,1,96.97
002682,2买,2025-01-06,60,1,58.2
002682,1买,2025-04-09,60,1,70.03
002682,2买,2025-09-24,60,1,177.03
002683,1买,2023-04-25,60,1,12.05
002683,1买,2024-08-23,60,1,76.1
002683,2买,2025-02-25,60,2,38.41
002683,2买,2025-04-15,60,1,35.46
002683,3买,2025-04-15,60,1,35.46
002685,1买,2024-02-07,60,1,86.21
002685,2买,2024-06-11,60,1,85.97
002685,3买,2025-01-06,60,1,27.84
002685,1买,2025-04-09,60,1,79.78
002685,3买,2025-04-09,60,1,79.78
002685,2买,2025-06-16,60,2,61.04
002686,1买,2025-04-09,60,1,51.84
002686,2买,2025-06-20,60,1,33.05
002686,1买,2025-10-31,60,2,28.53
002687,1买,2022-10-11,60,1,29.54
002687,2买,2023-04-25,60,1,15.63
002687,1买,2025-04-09,60,1,27.96
002687,2买,2025-06-23,60,1,15.96
002687,1买,2026-03-24,44,1,22.5
002688,1买,2023-06-27,60,2,13.53
002688,2买,2023-09-08,60,2,11.33
002688,1买,2023-10-24,60,1,14.32
002688,1买,2024-09-18,60,1,47.94
002688,2买,2025-01-13,60,1,123.39
002688,2买,2025-06-20,60,8,33.0
002688,1买,2025-12-17,60,1,21.53
002688,3买,2025-12-17,60,1,21.53
002689,1买,2024-07-18,60,1,71.36
002689,2买,2025-01-06,60,1,56.54
002689,1买,2025-04-09,60,1,54.17
002689,3买,2025-04-09,60,1,54.17
002690,1买,2023-03-20,60,1,29.38
002690,1买,2024-09-23,60,1,45.21
002690,2买,2025-01-13,60,1,32.74
002691,3买,2023-09-15,60,1,59.02
002692,1买,2023-09-15,60,1,66.37
002692,2买,2023-12-26,60,2,23.95
002692,3买,2025-06-23,60,1,44.88
002692,1买,2026-03-24,44,1,44.91
002694,1买,2024-09-18,60,1,115.71
002694,2买,2025-01-22,60,1,23.67
002694,1买,2025-04-09,60,1,48.01
002694,2买,2025-09-04,60,1,18.45
002694,3买,2025-09-04,60,1,18.45
002694,1买,2025-10-13,60,1,22.31
002695,1买,2023-10-23,60,2,15.5
002695,1买,2024-09-18,60,1,107.31
002695,2买,2025-01-13,60,1,61.58
002695,3买,2025-06-23,60,1,83.31
002695,2买,2025-10-13,60,1,12.86
002696,1买,2022-09-30,60,1,27.1
002696,1买,2023-10-23,60,1,23.58
002696,1买,2024-08-26,60,1,54.72
002696,2买,2024-12-26,60,1,29.27
002696,1买,2025-04-09,60,1,61.93
002696,3买,2025-04-09,60,1,61.93
002696,2买,2025-08-01,60,1,14.8
002696,2买,2025-08-01,60,1,14.8
002696,2买,2025-08-01,60,1,14.8
002696,1买,2025-09-23,60,1,36.36
002696,2买,2025-12-15,60,1,21.78
002697,3买,2023-05-30,60,3,25.47
002697,1买,2023-06-26,60,1,20.15
002697,1买,2023-10-20,60,4,20.37
002697,2买,2025-01-13,60,1,22.69
002697,1买,2025-04-07,60,1,53.53
002697,2买,2025-06-23,60,2,25.97
002698,1买,2022-12-28,60,1,32.4
002698,2买,2023-03-20,60,1,15.96
002698,1买,2023-05-11,60,3,41.05
002700,1买,2023-08-25,60,1,26.62
002700,2买,2023-12-07,60,5,8.85
002700,3买,2024-10-11,60,1,64.1
002700,1买,2025-04-09,60,1,32.21
002700,1买,2025-08-04,60,1,13.31
002701,3买,2024-12-05,60,1,18.15
002701,3买,2025-01-15,60,1,18.61
002701,3买,2025-10-09,60,1,24.81
002701,1买,2026-03-24,44,1,15.46
002702,1买,2026-04-07,35,1,18.1
002702,3买,2026-04-07,35,1,18.1
002703,1买,2022-10-25,60,1,43.95
002703,2买,2022-12-29,60,1,13.86
002703,3买,2023-10-24,60,1,33.08
002703,1买,2024-02-06,60,1,55.58
002703,2买,2024-04-22,60,1,20.84
002703,1买,2024-07-09,60,1,33.01
002703,1买,2024-08-23,60,1,45.33
002703,2买,2025-01-06,60,1,38.52
002703,2买,2025-01-06,60,1,38.52
002703,1买,2025-04-09,60,1,55.32
002703,2买,2025-06-23,60,1,23.98
002705,1买,2023-05-08,60,5,23.73
002706,1买,2023-06-09,60,1,18.79
002706,2买,2023-07-24,60,1,12.63
002706,1买,2024-02-06,60,1,44.83
002706,2买,2024-04-16,60,1,26.07
002706,1买,2025-01-13,60,1,66.35
002706,2买,2025-04-09,60,1,39.64
002706,1买,2025-12-18,60,2,42.51
002706,3买,2025-12-18,60,2,42.51
002707,1买,2023-05-26,60,3,30.59
002707,1买,2024-02-06,60,1,51.63
002707,2买,2024-04-22,60,1,19.8
002707,2买,2025-05-26,60,7,13.23
002707,1买,2025-06-23,60,1,19.42
002708,1买,2023-01-03,60,1,70.07
002708,2买,2023-08-10,60,1,67.68
002708,3买,2025-01-13,60,1,63.78
002708,1买,2026-03-24,44,1,47.06
002709,1买,2022-10-10,60,1,27.02
002709,1买,2024-02-05,60,1,60.61
002709,2买,2024-06-11,60,1,14.21
002709,1买,2024-09-23,60,1,99.3
002709,2买,2025-01-08,60,1,29.01
002709,1买,2025-04-09,60,1,24.92
002712,3买,2023-07-31,60,1,9.85
002712,1买,2023-10-23,60,1,66.02
002712,1买,2025-04-09,60,1,45.95
002712,2买,2025-10-20,60,1,49.71
002712,2买,2025-10-20,60,1,49.71
002714,1买,2024-07-09,60,2,19.96
002714,3买,2024-07-09,60,2,19.96
002714,2买,2025-12-11,60,1,10.6
002715,1买,2023-05-15,60,2,26.55
002715,2买,2023-08-25,60,1,27.12
002715,1买,2024-09-20,60,1,114.07
002715,2买,2025-01-06,60,1,42.9
002715,3买,2025-08-01,60,1,84.21
002715,3买,2025-11-13,60,1,22.3
002715,1买,2026-01-07,60,1,24.06
002716,1买,2024-02-06,60,1,101.95
002716,2买,2024-09-09,60,1,53.56
002716,1买,2025-04-09,60,1,45.0
002716,2买,2025-11-24,60,1,273.03
002716,3买,2025-11-24,60,1,273.03
002716,3买,2026-04-29,19,1,22.92
002718,3买,2023-10-23,60,1,17.12
002718,3买,2026-03-23,40,1,79.0
002719,1买,2023-05-30,60,2,65.91
002719,2买,2023-10-23,60,1,34.62
002719,1买,2024-02-08,60,1,96.77
002719,2买,2024-04-17,60,1,31.3
002719,1买,2024-07-10,60,1,37.57
002719,2买,2025-01-13,60,1,34.93
002721,1买,2024-08-23,60,3,64.71
002721,2买,2024-11-27,60,1,26.09
002721,1买,2025-04-09,60,1,131.42
002721,2买,2025-10-31,60,3,22.98
002722,1买,2024-07-25,60,1,68.77
002722,2买,2025-01-06,60,1,41.82
002722,1买,2025-12-17,60,2,15.55
002723,1买,2023-03-23,60,1,14.08
002723,2买,2023-05-16,60,1,37.57
002723,1买,2024-09-18,60,1,87.28
002723,2买,2025-01-06,60,1,48.39
002724,1买,2023-06-07,60,1,15.29
002724,1买,2023-08-17,60,1,26.21
002724,1买,2024-07-25,60,1,41.44
002724,1买,2024-08-23,60,1,48.61
002724,2买,2024-11-27,60,1,16.7
002724,2买,2024-11-27,60,1,16.7
002724,3买,2025-01-13,60,1,105.05
002724,2买,2025-08-04,60,1,15.84
002724,3买,2025-11-27,60,2,22.64
002724,1买,2025-12-17,60,1,30.0
002725,1买,2023-05-16,60,2,55.45
002725,2买,2023-08-25,60,1,75.52
002725,1买,2024-09-18,60,1,164.11
002725,2买,2025-01-06,60,1,66.6
002725,1买,2025-04-09,60,1,61.62
002725,3买,2025-04-09,60,1,61.62
002725,2买,2025-06-23,60,1,59.73
002725,3买,2025-08-04,60,1,33.82
002725,1买,2026-03-24,44,1,28.18
002726,1买,2023-04-24,60,16,9.48
002726,1买,2024-07-12,60,1,35.31
002726,2买,2024-09-23,60,1,32.05
002726,1买,2025-04-29,60,1,15.36
002726,1买,2025-08-07,60,2,21.76
002727,1买,2024-02-05,60,1,38.13
002727,1买,2024-09-18,60,1,51.48
002727,2买,2025-01-13,60,1,16.79
002728,3买,2023-04-21,60,1,30.84
002728,1买,2023-09-22,60,1,70.95
002728,1买,2024-09-18,60,1,53.17
002728,2买,2024-11-19,60,1,16.51
002728,1买,2025-04-09,60,1,32.51
002728,2买,2025-06-23,60,1,22.15
002728,1买,2026-03-24,44,1,15.77
002728,3买,2026-03-24,44,1,15.77
002729,1买,2023-01-05,60,1,36.35
002729,1买,2023-08-29,60,1,57.35
002729,1买,2024-07-09,60,1,80.0
002729,2买,2025-01-06,60,1,49.73
002730,1买,2023-04-26,60,1,25.95
002730,2买,2023-06-09,60,1,15.03
002730,1买,2023-10-24,60,1,19.37
002730,2买,2023-12-28,60,1,8.8
002730,1买,2024-09-18,60,1,48.83
002730,2买,2024-11-18,60,1,268.18
002730,3买,2025-04-09,60,1,82.09
002731,1买,2023-03-30,60,1,19.48
002731,1买,2024-02-08,60,1,57.9
002731,2买,2024-04-24,60,1,16.85
002731,1买,2025-04-09,60,1,128.85
002731,2买,2025-08-01,60,1,19.11
002731,1买,2025-09-26,60,2,43.76
002731,3买,2025-09-26,60,2,43.76
002731,2买,2025-12-17,60,1,30.75
002732,1买,2022-10-31,60,1,52.32
002732,2买,2023-01-19,60,2,10.77
002732,1买,2023-04-25,60,1,35.57
002732,2买,2023-06-26,60,1,21.22
002732,1买,2024-02-07,60,1,27.27
002732,1买,2024-08-23,60,2,38.89
002732,2买,2025-01-13,60,1,40.34
002732,2买,2025-04-07,60,1,35.01
002732,3买,2025-06-23,60,1,18.92
002733,1买,2023-10-24,60,1,20.52
002733,1买,2024-02-06,60,1,56.49
002733,2买,2024-03-28,60,1,12.46
002733,2买,2024-03-28,60,1,12.46
002734,1买,2024-02-07,60,1,78.37
002734,2买,2024-04-16,60,1,34.32
002734,3买,2025-01-13,60,1,66.09
002734,3买,2025-12-17,60,1,48.86
002734,3买,2026-03-24,44,1,12.96
002735,1买,2023-10-19,60,1,48.17
002735,2买,2023-12-27,60,1,39.15
002735,1买,2024-08-28,60,1,62.91
002735,2买,2025-01-06,60,1,38.54
002735,1买,2025-04-09,60,1,190.95
002735,2买,2025-09-05,60,1,21.88
002735,1买,2025-09-30,60,1,31.58
002735,3买,2025-09-30,60,1,31.58
002736,1买,2022-10-11,60,3,11.39
002736,2买,2022-12-26,60,9,13.66
002736,3买,2025-09-23,60,4,14.23
002736,3买,2025-09-23,60,4,14.23
002737,3买,2023-02-10,60,1,30.53
002737,1买,2025-01-24,60,5,8.01
002737,1买,2025-06-24,60,7,12.0
002737,1买,2025-11-06,60,3,7.38
002739,1买,2023-06-26,60,1,31.04
002739,2买,2023-10-24,60,3,18.93
002739,1买,2024-02-05,60,1,68.3
002739,2买,2024-04-17,60,1,9.79
002741,1买,2025-04-09,60,1,80.83
002741,2买,2025-06-03,60,1,54.03
002743,1买,2022-10-11,60,1,14.04
002743,2买,2022-12-26,60,6,15.12
002743,1买,2023-10-23,60,1,18.8
002743,2买,2023-12-27,60,1,9.07
002743,1买,2024-09-18,60,1,156.3
002743,2买,2025-01-13,60,1,30.97
002743,1买,2025-04-09,60,1,99.12
002743,3买,2025-04-09,60,1,99.12
002743,2买,2025-06-23,60,1,19.06
002743,1买,2025-10-09,60,1,20.33
002743,2买,2025-12-17,60,2,29.86
002745,1买,2023-10-24,60,1,17.87
002745,1买,2025-01-13,60,1,41.17
002745,2买,2025-06-17,60,5,30.36
002746,1买,2022-09-26,60,1,39.6
002746,2买,2022-12-30,60,2,8.04
002746,1买,2023-04-24,60,1,12.02
002746,1买,2023-06-27,60,5,16.86
002746,1买,2025-01-13,60,1,19.27
002746,2买,2025-05-29,60,8,13.29
002746,1买,2025-06-23,60,8,17.49
002746,2买,2025-09-29,60,5,12.46
002747,1买,2022-10-11,60,1,47.72
002747,2买,2022-12-26,60,1,43.68
002747,1买,2023-06-09,60,1,33.99
002747,3买,2023-06-09,60,1,33.99
002747,1买,2024-09-18,60,1,95.97
002747,2买,2025-04-09,60,1,39.56
002747,2买,2025-09-05,60,1,23.08
002748,1买,2022-10-31,60,1,24.72
002748,1买,2023-06-26,60,1,19.63
002748,2买,2023-12-11,60,5,65.12
002748,1买,2024-05-31,60,1,37.87
002748,2买,2025-02-24,60,3,32.83
002748,1买,2025-04-09,60,1,51.36
002748,2买,2025-08-29,60,1,94.27
002748,2买,2025-11-24,60,1,34.12
002749,3买,2024-04-17,60,1,36.78
002749,1买,2025-06-24,60,1,15.38
002749,1买,2025-12-17,60,2,7.94
002752,1买,2023-12-21,60,1,8.02
002752,3买,2023-12-21,60,1,8.02
002752,2买,2025-01-13,60,1,20.91
002753,1买,2023-06-26,60,1,18.06
002753,2买,2023-12-27,60,1,8.56
002753,1买,2025-04-09,60,1,35.55
002755,1买,2024-02-08,60,1,80.15
002755,2买,2024-04-17,60,1,40.58
002755,3买,2024-11-18,60,1,19.6
002755,1买,2025-01-09,60,1,68.35
002755,2买,2025-04-09,60,1,37.85
002755,3买,2025-10-31,60,1,11.88
002756,1买,2023-03-29,60,2,20.64
002756,1买,2024-02-05,60,1,42.56
002756,2买,2025-12-05,60,1,72.76
002757,1买,2023-10-24,60,1,40.76
002757,3买,2023-10-24,60,1,40.76
002757,2买,2025-01-06,60,1,102.65
002757,1买,2025-01-21,60,1,102.79
002757,2买,2025-04-09,60,1,44.23
002758,1买,2023-05-19,60,1,19.28
002758,1买,2023-12-27,60,1,18.8
002758,1买,2025-04-21,60,1,13.85
002759,1买,2023-01-03,60,2,30.5
002759,1买,2024-08-28,60,1,126.55
002759,1买,2024-09-18,60,1,128.62
002759,2买,2025-01-13,60,1,30.59
002759,2买,2025-01-13,60,1,30.59
002759,1买,2025-04-09,60,1,96.88
002759,2买,2025-12-16,60,1,80.87
002759,2买,2025-12-16,60,1,80.87
002759,3买,2025-12-16,60,1,80.87
002759,3买,2025-12-16,60,1,80.87
002760,1买,2024-08-29,60,1,85.64
002760,2买,2025-01-06,60,1,96.18
002761,1买,2022-10-31,60,1,40.0
002761,2买,2022-12-23,60,1,15.1
002761,1买,2025-04-09,60,1,30.2
002763,1买,2023-10-23,60,1,15.3
002763,2买,2023-12-27,60,3,15.85
002763,1买,2024-09-18,60,4,32.99
002763,2买,2025-01-13,60,1,22.75
002763,1买,2025-04-09,60,1,29.85
002763,2买,2025-09-24,60,1,18.59
002765,1买,2023-09-21,60,1,28.64
002765,2买,2025-01-06,60,1,123.5
002765,3买,2025-04-09,60,1,51.46
002766,3买,2023-04-27,60,1,23.89
002766,3买,2025-01-06,60,1,40.04
002766,1买,2025-04-09,60,1,36.78
002766,2买,2025-06-23,60,1,12.22
002766,1买,2025-09-04,60,2,27.77
002767,1买,2023-04-25,60,1,26.53
002767,2买,2023-08-28,60,1,58.37
002767,3买,2023-12-27,60,1,36.78
002768,1买,2023-06-12,60,3,9.09
002768,2买,2023-07-24,60,5,4.61
002769,1买,2023-06-26,60,1,27.89
002769,2买,2023-10-24,60,1,25.64
002769,1买,2024-06-26,60,1,25.46
002769,2买,2025-01-13,60,1,39.39
002769,1买,2025-04-09,60,1,104.37
002769,2买,2025-08-29,60,1,42.45
002771,3买,2023-04-27,60,1,73.05
002771,3买,2023-11-29,60,1,46.86
002771,1买,2025-04-09,60,1,30.46
002771,2买,2025-06-23,60,1,37.52
002771,1买,2025-12-17,60,1,17.27
002772,3买,2023-03-30,60,2,43.05
002772,1买,2023-10-23,60,2,10.2
002772,2买,2026-03-30,40,1,24.81
002773,3买,2023-05-15,60,1,29.23
002773,3买,2024-11-25,60,1,11.01
002773,1买,2025-01-09,60,5,56.44
002773,2买,2025-06-20,60,1,76.69
002773,3买,2025-06-20,60,1,76.69
002773,3买,2025-12-16,60,1,21.41
002773,1买,2026-03-24,44,1,24.9
002774,1买,2022-10-12,60,1,23.1
002774,2买,2022-12-30,60,1,40.98
002774,3买,2023-08-10,60,3,14.67
002774,3买,2025-10-13,60,1,40.34
002774,1买,2025-12-12,60,1,88.43
002774,2买,2026-03-23,45,1,40.27
002775,1买,2025-04-09,60,1,58.18
002775,2买,2025-06-23,60,1,75.34
002775,3买,2025-09-23,60,1,32.92
002775,1买,2025-12-17,60,1,33.67
002777,3买,2023-07-13,60,1,28.81
002777,1买,2025-04-09,60,1,27.85
002777,2买,2025-06-23,60,1,29.19
002778,3买,2025-02-05,60,1,34.25
002778,3买,2025-07-10,60,1,26.88
002779,3买,2025-04-09,60,1,92.42
002779,1买,2025-06-11,60,1,64.22
002779,3买,2025-06-11,60,1,64.22
002779,2买,2025-11-25,60,1,35.01
002779,1买,2026-03-24,44,1,19.96
002780,1买,2022-10-31,60,1,43.47
002780,2买,2022-12-19,60,1,18.81
002780,1买,2023-10-23,60,1,51.28
002780,2买,2023-12-11,60,1,28.73
002780,3买,2023-12-11,60,1,28.73
002780,1买,2023-12-29,60,1,34.5
002780,1买,2025-04-09,60,1,60.3
002780,2买,2025-06-23,60,1,25.82
002780,2买,2025-08-15,60,1,43.93
002780,3买,2025-09-24,60,1,46.34
002780,1买,2026-03-24,44,1,31.25
002782,1买,2024-02-06,60,1,55.07
002782,2买,2024-04-16,60,1,30.06
002782,1买,2024-08-23,60,1,56.04
002782,2买,2024-12-18,60,1,28.96
002782,1买,2025-01-06,60,1,38.57
002782,2买,2025-03-03,60,2,22.33
002782,3买,2025-03-03,60,2,22.33
002783,1买,2022-09-30,60,1,23.69
002783,1买,2023-06-26,60,1,14.27
002783,2买,2023-09-22,60,7,29.56
002783,2买,2023-09-22,60,7,29.56
002783,3买,2023-12-19,60,2,39.65
002783,1买,2024-08-23,60,1,43.09
002783,2买,2025-01-13,60,1,16.8
002783,1买,2025-04-09,60,1,28.79
002783,2买,2025-06-23,60,2,47.61
002783,3买,2025-09-04,60,1,10.23
002786,3买,2025-01-06,60,1,39.57
002786,1买,2025-04-09,60,1,49.44
002786,3买,2025-04-09,60,1,49.44
002786,2买,2025-12-17,60,1,10.55
002787,3买,2023-06-26,60,1,57.4
002787,1买,2024-08-26,60,1,120.17
002787,2买,2025-01-06,60,1,39.94
002787,1买,2025-04-09,60,1,30.64
002787,2买,2025-09-23,60,1,68.07
002787,3买,2025-09-23,60,1,68.07
002788,3买,2023-04-26,60,1,18.22
002788,1买,2024-09-18,60,1,38.95
002788,2买,2025-01-13,60,1,11.69
002788,1买,2025-04-09,60,1,21.58
002788,2买,2025-09-24,60,6,159.49
002788,3买,2026-03-24,44,1,57.78
002790,3买,2023-10-27,60,1,26.14
002790,1买,2024-01-18,60,1,33.8
002790,1买,2024-02-06,60,1,95.35
002790,1买,2025-04-09,60,1,20.96
002790,2买,2025-06-20,60,1,20.0
002790,2买,2025-12-17,60,1,13.64
002791,1买,2022-10-27,60,1,53.86
002791,1买,2024-04-26,60,1,52.11
002791,1买,2024-09-18,60,1,70.55
002791,2买,2024-11-27,60,1,12.51
002791,1买,2025-01-13,60,1,33.09
002791,2买,2025-03-06,60,1,28.95
002791,1买,2025-10-13,60,1,19.06
002791,2买,2025-12-31,60,5,27.51
002792,3买,2023-08-25,60,1,72.0
002793,1买,2022-09-26,60,1,50.46
002793,2买,2022-12-28,60,1,22.8
002793,1买,2023-06-09,60,1,28.13
002793,2买,2023-10-25,60,2,23.14
002793,1买,2025-04-09,60,1,76.52
002793,2买,2025-10-13,60,1,24.26
002793,1买,2026-02-03,60,1,23.92
002793,3买,2026-02-03,60,1,23.92
002795,1买,2022-09-26,60,2,72.03
002795,2买,2023-04-25,60,1,30.95
002796,1买,2024-07-10,60,1,63.28
002796,2买,2025-01-06,60,1,38.13
002797,1买,2023-06-28,60,19,27.78
002797,2买,2023-10-23,60,1,17.47
002797,1买,2024-02-06,60,1,24.63
002797,1买,2024-07-09,60,1,65.47
002797,2买,2025-04-09,60,1,15.11
002797,2买,2025-04-09,60,1,15.11
002798,1买,2022-10-31,60,1,40.48
002798,2买,2023-08-25,60,1,28.77
002798,1买,2023-10-23,60,1,18.64
002798,2买,2023-12-27,60,1,11.48
002799,1买,2023-04-26,60,1,13.56
002799,1买,2023-08-09,60,1,25.51
002799,1买,2024-07-10,60,1,57.12
002799,2买,2025-04-09,60,1,44.89
002799,1买,2025-09-04,60,2,24.6
002799,1买,2025-09-24,60,1,30.26
002800,3买,2023-01-18,60,2,34.01
002800,1买,2025-12-17,60,1,97.62
002801,1买,2023-10-24,60,1,18.41
002801,1买,2024-02-06,60,1,58.35
002801,2买,2024-03-28,60,1,23.55
002801,2买,2024-03-28,60,1,23.55
002801,3买,2025-04-09,60,1,49.75
002801,3买,2025-10-20,60,2,15.87
002801,1买,2025-11-24,60,1,23.97
002801,2买,2026-03-04,58,1,13.98
002802,1买,2022-06-14,60,1,27.65
002803,3买,2023-09-22,60,1,51.76
002803,1买,2024-08-28,60,1,78.1
002803,2买,2025-01-06,60,1,23.16
002803,1买,2025-04-09,60,1,75.73
002803,2买,2025-06-23,60,1,53.42
002805,1买,2022-10-25,60,1,30.02
002805,1买,2023-09-22,60,1,21.7
002805,1买,2023-10-19,60,1,22.02
002805,1买,2025-04-09,60,1,63.26
002805,2买,2025-12-16,60,1,22.81
002805,2买,2025-12-16,60,1,22.81
002805,2买,2025-12-16,60,1,22.81
002805,1买,2026-03-23,45,1,75.0
002806,1买,2025-04-08,60,1,49.48
002806,2买,2025-09-04,60,1,26.42
002806,1买,2025-10-13,60,1,36.18
002807,1买,2024-08-13,60,4,30.19
002807,2买,2025-01-13,60,2,13.65
002807,3买,2025-10-13,60,1,22.5
002807,1买,2026-03-24,44,1,12.09
002809,1买,2024-08-23,60,1,41.39
002809,2买,2025-01-06,60,1,32.49
002809,1买,2025-04-09,60,1,177.79
002809,2买,2025-06-20,60,1,26.84
002809,3买,2025-08-15,60,3,10.56
002810,1买,2023-06-15,60,8,20.07
002810,1买,2023-10-24,60,1,39.53
002810,1买,2025-01-13,60,1,17.66
002810,1买,2025-04-09,60,1,36.5
002810,2买,2025-10-20,60,2,30.4
002810,2买,2025-10-20,60,2,30.4
002811,1买,2023-04-25,60,1,26.55
002811,2买,2023-06-26,60,1,27.87
002811,1买,2024-07-25,60,1,48.77
002811,2买,2024-09-09,60,4,59.88
002811,3买,2025-04-09,60,1,119.17
002812,1买,2022-10-31,60,1,26.5
002812,1买,2024-04-25,60,1,24.86
002812,1买,2024-09-18,60,1,75.57
002812,2买,2025-02-06,60,1,23.56
002812,1买,2025-04-29,60,1,18.07
002812,1买,2025-06-16,60,1,56.55
002812,2买,2025-10-23,60,1,69.63
002812,2买,2025-10-23,60,1,69.63
002813,1买,2024-09-20,60,1,47.24
002813,1买,2025-04-09,60,1,85.16
002813,2买,2025-06-20,60,1,21.0
002815,3买,2025-11-24,60,1,35.13
002815,3买,2025-11-24,60,1,35.13
002817,1买,2023-04-26,60,1,12.64
002817,2买,2023-06-26,60,4,10.34
002817,1买,2023-10-23,60,1,14.65
002817,2买,2023-12-27,60,2,9.96
002817,1买,2025-04-09,60,1,42.04
002817,2买,2025-06-23,60,1,23.75
002818,1买,2022-10-31,60,1,13.73
002818,2买,2022-12-27,60,4,14.92
002818,1买,2024-02-06,60,1,28.68
002818,2买,2025-01-13,60,1,10.85
002818,3买,2025-01-13,60,1,10.85
002819,1买,2022-09-01,60,1,53.77
002819,2买,2022-12-26,60,1,52.28
002819,1买,2023-04-25,60,1,34.26
002819,3买,2023-04-25,60,1,34.26
002819,1买,2024-07-09,60,1,88.18
002819,2买,2024-11-04,60,1,29.2
002819,2买,2024-11-04,60,1,29.2
002819,1买,2025-04-08,60,1,80.67
002819,2买,2025-06-23,60,1,32.47
002820,1买,2024-07-25,60,2,31.86
002820,2买,2025-02-06,60,1,25.28
002820,1买,2025-04-09,60,1,45.33
002820,3买,2025-04-09,60,1,45.33
002820,2买,2025-06-23,60,1,67.53
002821,1买,2022-12-21,60,1,39.95
002821,2买,2023-04-04,60,1,20.79
002821,1买,2023-04-27,60,7,13.86
002821,1买,2023-06-30,60,1,26.43
002821,1买,2024-08-27,60,2,58.32
002821,2买,2025-04-09,60,1,62.4
002823,1买,2022-12-23,60,1,25.76
002823,2买,2023-08-25,60,1,47.91
002823,1买,2024-09-23,60,1,52.77
002823,2买,2025-01-06,60,1,30.68
002823,1买,2025-04-09,60,1,34.89
002823,2买,2025-10-20,60,1,19.8
002823,1买,2025-12-17,60,1,17.75
002823,3买,2025-12-17,60,1,17.75
002824,1买,2023-06-01,60,1,28.32
002824,1买,2025-04-09,60,1,49.63
002824,2买,2025-10-17,60,1,19.0
002824,1买,2025-12-17,60,1,48.59
002824,3买,2025-12-17,60,1,48.59
002824,2买,2026-05-28,1,1,20.98
002825,1买,2022-10-31,60,1,25.04
002825,2买,2023-01-03,60,1,34.91
002825,1买,2024-02-08,60,1,69.23
002825,2买,2024-07-09,60,1,42.63
002825,1买,2025-09-24,60,1,44.76
002825,3买,2025-09-24,60,1,44.76
002825,2买,2025-11-24,60,1,27.76
002826,1买,2023-04-25,60,1,15.2
002826,2买,2023-08-25,60,1,33.47
002827,3买,2024-07-30,60,1,82.25
002827,1买,2025-04-09,60,1,72.9
002827,2买,2025-05-30,60,1,126.66
002827,3买,2025-05-30,60,1,126.66
002828,3买,2022-12-23,60,1,20.0
002828,1买,2023-04-26,60,1,13.32
002828,2买,2023-08-17,60,1,85.84
002828,1买,2025-04-09,60,1,116.99
002828,2买,2025-08-29,60,1,32.53
002828,1买,2025-09-23,60,1,36.79
002828,3买,2025-09-23,60,1,36.79
002829,1买,2024-02-07,60,1,105.13
002829,2买,2024-09-18,60,1,69.83
002829,1买,2025-04-09,60,1,60.76
002829,2买,2025-09-05,60,1,52.46
002830,1买,2022-10-11,60,1,30.96
002830,2买,2022-12-20,60,1,25.45
002830,3买,2023-02-28,60,1,12.4
002830,1买,2024-07-18,60,1,44.18
002830,2买,2024-09-18,60,1,70.49
002830,1买,2025-04-09,60,1,53.14
002830,2买,2025-10-13,60,1,58.38
002831,1买,2023-08-25,60,1,21.16
002831,2买,2024-04-17,60,1,16.76
002832,3买,2023-06-26,60,1,14.67
002833,1买,2022-10-11,60,1,31.32
002833,2买,2023-04-26,60,1,30.81
002833,3买,2023-12-11,60,1,16.88
002833,1买,2024-02-05,60,1,51.55
002833,2买,2024-03-27,60,2,22.73
002833,1买,2025-04-09,60,1,28.39
002835,1买,2022-10-11,60,1,46.48
002835,2买,2022-12-23,60,1,111.95
002835,3买,2023-10-24,60,1,29.93
002835,1买,2024-02-07,60,1,145.51
002835,2买,2024-04-11,60,1,80.9
002835,1买,2024-09-18,60,1,80.13
002836,3买,2025-04-09,60,1,60.06
002837,1买,2023-03-20,60,1,67.98
002837,1买,2024-02-05,60,1,108.65
002837,2买,2024-04-16,60,1,25.56
002837,2买,2024-04-16,60,1,25.56
002837,1买,2024-09-09,60,1,102.02
002837,2买,2025-04-09,60,1,26.35
002837,1买,2025-06-03,60,1,207.67
002837,2买,2025-11-12,60,1,81.97
002837,3买,2025-11-12,60,1,81.97
002837,3买,2025-11-12,60,1,81.97
002838,1买,2024-02-06,60,1,57.64
002838,2买,2024-04-17,60,1,25.05
002838,3买,2025-06-23,60,1,75.36
002839,1买,2024-02-05,60,1,17.34
002839,2买,2024-06-25,60,2,7.83
002839,1买,2024-09-18,60,3,39.89
002839,2买,2024-11-04,60,1,14.39
002839,1买,2025-01-13,60,3,9.23
002839,2买,2025-04-11,60,6,21.73
002839,3买,2025-09-29,60,8,14.75
002840,1买,2023-09-11,60,1,56.26
002840,2买,2024-02-01,60,1,49.81
002840,1买,2025-04-08,60,1,17.3
002841,1买,2022-12-21,60,8,45.78
002841,2买,2023-05-26,60,1,25.48
002841,1买,2024-07-09,60,1,51.08
002841,2买,2025-01-13,60,1,48.99
002842,1买,2024-07-25,60,1,43.37
002842,2买,2025-01-06,60,1,47.49
002842,1买,2025-04-09,60,1,67.83
002842,2买,2025-09-24,60,1,55.65
002843,1买,2022-10-10,60,1,70.61
002843,2买,2022-12-19,60,1,20.57
002843,1买,2024-08-13,60,1,98.81
002845,1买,2024-09-18,60,1,78.99
002845,2买,2025-01-13,60,1,26.31
002845,1买,2025-04-29,60,1,30.4
002845,3买,2025-04-29,60,1,30.4
002845,2买,2025-08-04,60,1,11.37
002846,1买,2024-02-08,60,1,101.14
002846,2买,2024-06-26,60,1,27.71
002846,1买,2024-09-18,60,1,90.95
002846,2买,2025-01-06,60,1,58.98
002846,3买,2025-08-28,60,1,57.36
002847,3买,2023-05-05,60,1,13.54
002847,1买,2023-10-13,60,1,20.34
002847,1买,2024-02-06,60,1,33.59
002847,2买,2024-03-25,60,1,21.03
002847,1买,2025-10-14,60,1,19.9
002849,1买,2024-08-28,60,1,145.56
002849,2买,2025-01-13,60,1,32.85
002849,1买,2025-04-09,60,1,65.1
002851,1买,2022-12-23,60,1,36.83
002851,2买,2023-03-20,60,1,31.43
002851,3买,2024-11-26,60,1,101.28
002851,3买,2025-02-06,60,1,29.24
002851,1买,2025-03-04,60,1,45.79
002851,2买,2025-11-24,60,1,110.48
002852,1买,2024-02-07,60,1,39.94
002852,2买,2024-04-17,60,1,31.33
002853,3买,2023-07-17,60,1,23.48
002853,1买,2023-12-27,60,1,13.01
002853,1买,2024-06-25,60,1,32.47
002853,1买,2024-07-25,60,1,56.26
002853,2买,2024-09-18,60,1,105.04
002853,2买,2025-01-13,60,1,73.82
002853,3买,2025-04-09,60,1,37.81
002853,3买,2025-04-09,60,1,37.81
002853,2买,2026-04-07,35,1,33.26
002855,1买,2023-04-26,60,2,30.83
002855,2买,2023-08-25,60,1,480.49
002855,3买,2023-12-15,60,1,64.36
002855,3买,2024-08-13,60,1,85.45
002856,1买,2022-10-11,60,1,23.26
002856,2买,2022-12-20,60,1,18.36
002856,1买,2025-04-09,60,1,86.45
002856,2买,2025-06-20,60,1,25.12
002857,3买,2023-10-24,60,1,10.76
002857,3买,2026-03-04,58,1,33.54
002858,3买,2023-11-28,60,1,43.95
002858,1买,2024-08-23,60,1,66.08
002858,2买,2025-01-06,60,1,32.68
002858,1买,2025-04-09,60,1,61.52
002858,2买,2025-09-04,60,1,25.43
002858,3买,2025-10-30,60,4,24.1
002859,1买,2025-04-09,60,1,30.97
002859,2买,2025-06-18,60,1,79.11
002859,3买,2025-10-17,60,1,13.24
002862,1买,2023-10-13,60,2,84.86
002862,2买,2025-04-09,60,1,39.77
002862,1买,2025-05-19,60,1,34.72
002862,3买,2025-05-19,60,1,34.72
002864,1买,2023-03-14,60,1,50.66
002864,2买,2023-10-23,60,1,33.56
002864,1买,2025-04-09,60,1,25.36
002864,2买,2025-09-05,60,1,49.41
002865,1买,2023-09-25,60,1,23.05
002865,1买,2025-12-05,60,3,225.29
002866,1买,2023-10-23,60,1,39.99
002866,1买,2025-04-09,60,1,77.82
002866,2买,2025-09-04,60,1,27.95
002866,1买,2025-10-23,60,2,29.3
002866,1买,2025-12-17,60,1,28.38
002866,2买,2026-03-04,58,1,64.84
002866,2买,2026-03-04,58,1,64.84
002867,1买,2023-04-26,60,1,24.87
002867,3买,2023-04-26,60,1,24.87
002867,2买,2023-06-06,60,3,14.08
002869,1买,2023-05-16,60,1,16.74
002869,1买,2023-06-29,60,1,21.14
002869,2买,2024-09-18,60,1,71.14
002869,2买,2024-11-27,60,1,21.56
002870,1买,2022-05-31,60,2,30.87
002871,3买,2022-12-23,60,1,39.14
002871,1买,2023-05-11,60,1,24.54
002871,1买,2025-04-09,60,1,71.97
002871,2买,2025-06-23,60,1,104.12
002871,2买,2025-10-13,60,1,26.92
002871,1买,2025-11-24,60,1,55.16
002871,3买,2025-11-24,60,1,55.16
002873,1买,2023-04-26,60,1,16.78
002873,1买,2023-08-25,60,1,19.07
002873,1买,2023-10-23,60,2,19.18
002873,1买,2025-04-09,60,1,42.91
002873,2买,2025-08-07,60,1,44.53
002873,3买,2025-09-24,60,1,11.19
002873,1买,2025-12-17,60,1,17.24
002875,1买,2023-06-26,60,1,26.88
002875,3买,2023-06-26,60,1,26.88
002875,2买,2024-11-19,60,1,37.27
002875,1买,2025-01-06,60,1,33.51
002876,1买,2023-06-28,60,1,35.51
002876,1买,2023-10-24,60,1,36.63
002876,1买,2024-09-20,60,1,85.08
002876,2买,2025-04-09,60,1,29.07
002876,1买,2025-12-17,60,5,31.46
002877,1买,2023-09-21,60,1,15.03
002877,3买,2023-09-21,60,1,15.03
002877,1买,2025-04-09,60,1,37.4
002878,1买,2024-09-19,60,1,113.57
002878,2买,2025-04-09,60,1,148.37
002878,1买,2025-10-13,60,1,35.09
002878,3买,2025-10-13,60,1,35.09
002879,1买,2024-07-08,60,1,23.11
002879,2买,2025-01-06,60,1,52.33
002879,1买,2025-11-24,60,1,53.66
002879,2买,2026-03-24,44,1,18.9
002880,3买,2023-05-10,60,1,39.85
002880,1买,2024-02-05,60,1,56.92
002880,2买,2024-03-28,60,1,27.58
002880,1买,2025-09-24,60,7,8.57
002881,1买,2022-12-26,60,1,37.99
002881,2买,2023-03-16,60,1,38.43
002881,1买,2024-02-07,60,1,77.3
002881,2买,2024-09-19,60,1,58.83
002882,1买,2023-08-25,60,1,31.65
002882,2买,2023-12-21,60,1,86.01
002882,3买,2024-07-09,60,1,26.34
002882,1买,2024-08-13,60,6,48.19
002882,1买,2024-09-18,60,4,53.18
002882,2买,2025-01-06,60,1,37.27
002882,2买,2025-01-06,60,1,37.27
002882,1买,2025-04-09,60,1,197.09
002882,2买,2025-08-28,60,1,36.67
002882,1买,2025-12-19,60,3,29.19
002882,3买,2025-12-19,60,3,29.19
002882,1买,2026-03-24,44,1,22.54
002883,1买,2024-01-23,60,1,38.93
002883,1买,2024-02-07,60,1,60.05
002883,2买,2024-04-16,60,1,55.86
002883,2买,2025-09-23,60,1,15.39
002884,1买,2022-11-01,60,1,17.33
002884,1买,2022-12-23,60,1,25.54
002884,2买,2023-08-25,60,1,14.6
002884,2买,2023-08-25,60,1,14.6
002884,3买,2025-02-06,60,3,5.11
002885,1买,2024-02-07,60,1,66.88
002885,2买,2024-08-23,60,1,67.69
002885,1买,2025-01-17,60,1,47.9
002885,2买,2025-06-23,60,1,35.76
002885,3买,2026-01-30,60,1,54.45
002885,1买,2026-04-07,35,1,145.6
002886,1买,2022-12-22,60,1,48.77
002887,1买,2022-08-04,60,5,30.31
002887,2买,2022-12-30,60,2,19.38
002887,1买,2023-06-26,60,1,40.24
002887,2买,2023-08-14,60,3,30.98
002887,1买,2025-04-09,60,1,65.52
002887,2买,2025-08-28,60,1,26.92
002887,3买,2025-11-24,60,1,29.8
002888,3买,2025-01-13,60,1,32.78
002888,1买,2025-04-09,60,1,41.74
002888,2买,2025-10-17,60,2,29.54
002889,1买,2022-09-26,60,1,28.43
002889,2买,2023-01-12,60,6,28.34
002889,1买,2023-06-07,60,1,31.87
002889,2买,2023-10-23,60,1,94.84
002889,1买,2025-04-09,60,1,37.47
002890,1买,2024-02-08,60,1,66.23
002890,2买,2024-04-17,60,1,23.69
002891,3买,2025-04-08,60,1,100.11
002891,3买,2025-07-17,60,1,18.81
002892,1买,2023-04-25,60,1,53.3
002892,1买,2024-07-18,60,1,67.02
002892,2买,2025-04-09,60,1,62.18
002892,2买,2025-04-09,60,1,62.18
002892,3买,2025-09-05,60,1,28.94
002893,1买,2023-04-25,60,1,127.25
002893,2买,2023-10-23,60,1,47.94
002893,1买,2024-02-08,60,1,70.14
002893,2买,2024-09-09,60,4,64.1
002893,1买,2025-04-09,60,1,33.88
002893,2买,2025-06-23,60,1,26.51
002895,1买,2023-06-01,60,1,23.14
002895,2买,2024-11-18,60,2,26.33
002895,3买,2025-02-20,60,1,26.3
002896,1买,2022-12-23,60,1,34.95
002896,2买,2023-03-16,60,3,28.24
002896,1买,2023-04-27,60,1,133.08
002896,2买,2023-10-23,60,1,32.68
002896,1买,2024-02-06,60,1,86.29
002896,2买,2024-08-27,60,1,47.7
002896,3买,2025-01-06,60,1,240.67
002896,1买,2025-07-08,60,1,103.78
002896,3买,2025-07-08,60,1,103.78
002896,2买,2025-10-23,60,1,9.02
002897,1买,2022-12-23,60,1,51.43
002897,1买,2023-08-25,60,1,32.83
002897,2买,2023-12-21,60,1,25.86
002897,1买,2025-04-09,60,1,39.95
002897,2买,2025-11-24,60,1,50.28
002897,2买,2026-04-30,18,1,54.06
002899,3买,2023-10-23,60,1,27.89
002899,3买,2025-04-09,60,1,63.12
002899,3买,2026-03-04,58,1,28.59
002899,1买,2026-03-24,44,1,42.24
002900,1买,2023-04-25,60,1,34.75
002900,2买,2023-06-26,60,1,24.83
002900,1买,2026-03-23,45,1,21.98
002900,3买,2026-03-23,45,1,21.98
002901,1买,2023-08-29,60,1,45.14
002901,1买,2024-08-26,60,3,63.97
002901,2买,2025-01-08,60,2,28.82
002901,2买,2025-01-08,60,2,28.82
002901,3买,2025-03-13,60,5,25.3
002901,3买,2025-09-23,60,1,17.03
002901,1买,2025-11-24,60,5,13.36
002902,1买,2022-12-23,60,1,42.08
002902,2买,2023-03-17,60,1,141.41
002902,1买,2024-02-08,60,1,146.52
002902,2买,2024-06-11,60,1,28.47
002902,3买,2024-06-11,60,1,28.47
002902,1买,2024-09-24,60,1,66.31
002902,2买,2025-01-13,60,1,31.87
002902,1买,2025-04-09,60,1,51.3
002902,2买,2025-07-07,60,1,37.16
002903,1买,2024-09-18,60,1,47.25
002903,2买,2025-01-06,60,1,85.81
002905,1买,2024-02-08,60,1,50.96
002905,1买,2024-09-18,60,1,87.57
002905,2买,2025-01-13,60,1,68.58
002905,2买,2025-01-13,60,1,68.58
002905,3买,2025-07-23,60,1,70.8
002905,3买,2025-09-02,60,1,69.86
002906,1买,2023-05-26,60,1,48.23
002906,2买,2023-08-25,60,1,37.98
002906,1买,2024-07-08,60,1,36.49
002907,1买,2023-06-26,60,3,37.74
002907,3买,2023-06-26,60,3,37.74
002907,1买,2024-09-20,60,1,35.88
002907,2买,2025-01-13,60,1,28.4
002907,1买,2025-04-09,60,1,98.69
002907,2买,2025-12-17,60,1,10.26
002907,2买,2025-12-17,60,1,10.26
002908,1买,2023-10-30,60,4,41.51
002908,1买,2025-04-09,60,1,66.76
002908,2买,2025-10-13,60,1,17.8
002908,1买,2025-12-17,60,1,28.72
002909,1买,2024-07-18,60,1,51.58
002910,1买,2022-08-04,60,1,31.43
002910,2买,2023-05-31,60,2,17.1
002910,1买,2023-06-26,60,1,22.85
002910,1买,2024-07-10,60,1,49.11
002910,2买,2025-01-13,60,1,109.41
002910,3买,2025-06-23,60,1,27.91
002910,3买,2025-09-23,60,1,78.88
002910,3买,2026-04-07,35,1,16.3
002911,1买,2023-05-05,60,4,19.36
002911,2买,2023-07-28,60,2,7.31
002911,1买,2023-10-23,60,2,10.82
002911,2买,2023-12-11,60,1,16.38
002911,3买,2025-12-17,60,1,51.1
002912,3买,2023-04-27,60,1,44.39
002912,1买,2025-04-09,60,1,23.95
002912,2买,2025-06-23,60,1,42.38
002913,1买,2022-10-12,60,1,23.87
002913,2买,2022-12-29,60,2,51.19
002913,1买,2025-01-08,60,1,47.09
002913,2买,2025-11-24,60,1,54.9
002913,3买,2026-01-30,60,1,53.67
002915,1买,2023-12-15,60,1,74.22
002915,2买,2025-01-06,60,1,34.86
002915,3买,2025-02-05,60,1,67.1
002915,3买,2025-07-07,60,1,98.67
002915,3买,2025-11-05,60,1,23.14
002915,1买,2025-11-24,60,1,23.17
002916,1买,2023-08-23,60,1,27.39
002916,2买,2023-10-24,60,1,24.7
002916,3买,2024-09-24,60,1,44.23
002916,3买,2025-04-09,60,1,21.21
002916,1买,2025-05-30,60,1,99.84
002916,2买,2025-11-24,60,1,57.68
002917,3买,2025-08-15,60,4,5.67
002917,3买,2025-08-15,60,4,5.67
002917,1买,2025-10-20,60,5,8.01
002918,1买,2024-09-18,60,1,66.12
002918,2买,2025-03-05,60,1,20.88
002918,1买,2025-04-29,60,2,15.78
002919,3买,2023-05-10,60,1,60.48
002919,1买,2024-01-23,60,1,19.39
002919,1买,2024-02-08,60,1,54.41
002920,1买,2023-03-20,60,1,57.91
002920,2买,2023-05-10,60,1,85.99
002920,1买,2023-10-23,60,1,22.09
002920,1买,2025-04-08,60,1,27.04
002921,1买,2022-12-30,60,1,29.77
002921,2买,2023-08-25,60,1,29.19
002921,1买,2025-06-23,60,1,52.38
002921,2买,2025-10-17,60,2,28.0
002921,1买,2025-12-17,60,1,108.03
002921,2买,2026-03-24,44,1,53.55
002921,3买,2026-03-24,44,1,53.55
002922,1买,2022-12-23,60,1,35.67
002922,1买,2023-04-26,60,1,31.03
002922,1买,2023-08-25,60,1,34.13
002922,2买,2024-08-22,60,4,53.91
002922,2买,2024-08-22,60,4,53.91
002922,2买,2024-08-22,60,4,53.91
002923,1买,2022-09-26,60,1,61.11
002923,2买,2023-03-21,60,1,14.17
002923,1买,2024-09-18,60,1,40.31
002923,2买,2025-01-13,60,1,124.83
002923,3买,2025-10-13,60,1,19.26
002923,1买,2025-12-17,60,11,38.63
002925,1买,2025-12-17,60,3,46.12
002926,1买,2024-02-06,60,1,28.24
002926,2买,2025-01-13,60,1,24.43
002927,3买,2023-08-16,60,1,21.45
002927,1买,2024-09-18,60,1,45.33
002928,1买,2024-02-06,60,1,51.53
002928,2买,2024-07-30,60,1,50.45
002928,1买,2024-09-20,60,2,82.46
002928,2买,2025-02-21,60,1,27.54
002928,3买,2025-12-09,60,2,23.05
002930,1买,2022-12-26,60,1,24.12
002930,2买,2023-04-24,60,2,24.14
002930,3买,2023-06-26,60,1,17.55
002930,1买,2025-04-09,60,1,44.44
002931,1买,2024-07-09,60,1,39.44
002931,1买,2024-08-23,60,1,88.55
002931,2买,2025-04-09,60,1,33.45
002931,2买,2025-04-09,60,1,33.45
002931,3买,2025-04-09,60,1,33.45
002932,1买,2022-09-26,60,1,46.79
002932,2买,2022-12-07,60,1,31.83
002932,1买,2023-10-23,60,1,21.6
002932,1买,2024-07-09,60,2,33.44
002932,1买,2024-07-25,60,1,36.16
002932,2买,2025-01-02,60,1,9.85
002932,2买,2025-01-02,60,1,9.85
002932,1买,2025-01-16,60,8,12.65
002932,3买,2025-01-16,60,8,12.65
002932,2买,2025-09-24,60,1,14.17
002933,1买,2023-04-24,60,1,26.49
002933,2买,2023-06-15,60,1,13.12
002933,1买,2023-08-25,60,1,15.85
002935,1买,2022-10-11,60,1,51.29
002935,2买,2022-12-23,60,1,38.49
002935,1买,2023-10-24,60,1,23.68
002935,3买,2025-01-06,60,1,18.96
002936,1买,2024-04-17,60,1,6.95
002936,2买,2026-02-04,60,21,4.79
002937,1买,2023-10-24,60,1,44.17
002937,1买,2024-09-20,60,2,37.59
002938,1买,2023-09-27,60,1,15.09
002938,1买,2023-10-23,60,1,26.54
002938,2买,2023-12-19,60,7,22.54
002938,2买,2023-12-19,60,7,22.54
002938,3买,2024-09-26,60,1,31.83
002939,1买,2023-06-29,60,18,26.93
002939,1买,2024-01-23,60,1,15.55
002939,1买,2024-02-06,60,1,22.73
002939,2买,2025-01-13,60,1,21.62
002939,2买,2025-01-13,60,1,21.62
002939,1买,2025-04-09,60,1,20.98
002939,3买,2025-04-09,60,1,20.98
002939,2买,2026-04-07,35,1,16.51
002939,2买,2026-04-07,35,1,16.51
002940,1买,2022-09-21,60,1,46.77
002940,1买,2023-06-12,60,1,17.86
002940,1买,2023-08-25,60,1,32.26
002940,2买,2023-10-24,60,1,30.96
002940,1买,2024-07-31,60,1,41.03
002940,2买,2024-11-25,60,1,13.06
002940,1买,2025-01-06,60,1,15.74
002940,2买,2025-03-25,60,1,165.59
002940,1买,2025-04-09,60,1,324.83
002940,2买,2025-10-30,60,1,35.46
002940,2买,2025-10-30,60,1,35.46
002940,2买,2025-10-30,60,1,35.46
002940,1买,2025-12-17,60,1,32.75
002940,3买,2025-12-17,60,1,32.75
002941,1买,2022-08-29,60,1,22.43
002941,2买,2023-06-26,60,1,31.34
002941,1买,2024-02-06,60,1,37.02
002941,1买,2024-07-25,60,2,48.56
002941,2买,2025-01-13,60,1,22.63
002941,2买,2025-01-13,60,1,22.63
002941,1买,2025-04-08,60,1,21.84
002941,2买,2025-06-23,60,1,74.81
002941,3买,2026-01-05,60,1,16.58
002942,1买,2023-06-26,60,1,15.17
002942,1买,2023-10-19,60,4,27.48
002942,2买,2023-12-19,60,1,19.63
002942,2买,2023-12-19,60,1,19.63
002942,1买,2024-09-23,60,1,57.7
002942,2买,2025-01-06,60,1,35.45
002942,3买,2025-09-23,60,1,58.41
002942,3买,2025-11-24,60,1,26.98
002942,1买,2026-03-24,44,1,16.08
002943,1买,2023-10-24,60,1,26.6
002943,2买,2023-12-27,60,1,20.66
002943,1买,2024-08-29,60,1,54.64
002943,2买,2025-01-22,60,1,49.71
002945,1买,2022-10-10,60,1,26.01
002945,2买,2023-06-27,60,1,50.38
002945,1买,2023-12-11,60,1,22.24
002945,1买,2024-08-28,60,1,104.89
002945,2买,2025-01-13,60,1,34.49
002945,1买,2025-04-09,60,1,15.95
002945,3买,2025-04-09,60,1,15.95
002945,2买,2025-05-28,60,5,37.21
002945,2买,2025-05-28,60,5,37.21
002946,1买,2022-10-31,60,1,38.82
002946,2买,2023-03-20,60,1,16.58
002946,3买,2023-05-31,60,1,12.8
002946,1买,2023-06-30,60,1,14.73
002946,1买,2024-07-25,60,1,70.03
002946,1买,2024-08-27,60,3,74.75
002946,2买,2025-02-06,60,1,40.14
002946,2买,2025-02-06,60,1,40.14
002946,2买,2025-08-04,60,1,24.38
002946,3买,2025-08-04,60,1,24.38
002947,1买,2022-12-23,60,1,38.02
002947,2买,2023-05-05,60,1,14.39
002947,1买,2023-08-25,60,1,95.95
002947,2买,2024-02-06,60,1,85.38
002947,3买,2024-11-27,60,1,22.8
002947,1买,2025-01-13,60,1,42.11
002948,1买,2023-04-12,60,13,15.74
002948,1买,2024-09-18,60,3,37.87
002948,2买,2024-11-27,60,1,20.11
002948,2买,2024-11-27,60,1,20.11
002948,3买,2025-04-09,60,1,43.04
002948,3买,2025-04-09,60,1,43.04
002949,1买,2023-10-23,60,1,19.35
002949,2买,2024-11-27,60,1,61.06
002950,1买,2022-09-26,60,1,43.96
002950,2买,2023-01-11,60,3,13.67
002950,1买,2023-04-26,60,1,9.81
002950,1买,2023-06-26,60,4,8.53
002950,1买,2023-08-24,60,2,10.74
002950,3买,2025-03-07,60,6,10.53
002950,1买,2025-04-09,60,1,28.43
002950,2买,2025-06-20,60,2,32.65
002950,2买,2025-12-31,60,1,20.91
002950,2买,2025-12-31,60,1,20.91
002950,2买,2025-12-31,60,1,20.91
002950,1买,2026-03-13,51,1,46.37
002950,3买,2026-03-13,51,1,46.37
002951,1买,2022-10-13,60,1,36.73
002951,2买,2023-04-26,60,1,24.58
002951,3买,2023-06-26,60,1,11.56
002951,1买,2026-02-02,60,1,55.34
002951,3买,2026-02-02,60,1,55.34
002952,1买,2023-10-23,60,1,218.1
002952,2买,2024-04-17,60,1,30.32
002952,1买,2024-07-25,60,1,73.72
002952,3买,2024-07-25,60,1,73.72
002952,2买,2024-11-27,60,1,23.49
002952,1买,2025-01-13,60,1,23.48
002952,2买,2025-03-04,60,2,9.9
002952,1买,2025-10-13,60,1,38.34
002955,3买,2024-04-16,60,1,26.82
002955,1买,2025-04-09,60,1,67.64
002956,1买,2022-10-11,60,1,36.07
002956,2买,2023-04-17,60,2,27.15
002957,1买,2023-08-25,60,1,27.57
002957,2买,2023-10-24,60,1,30.42
002957,1买,2024-08-13,60,2,72.9
002957,1买,2024-09-18,60,1,84.83
002957,2买,2025-01-06,60,1,39.29
002957,2买,2025-01-06,60,1,39.29
002957,1买,2025-04-09,60,1,38.09
002957,2买,2025-11-24,60,1,70.78
002957,3买,2025-11-24,60,1,70.78
002957,3买,2025-11-24,60,1,70.78
002957,1买,2025-12-17,60,1,72.53
002957,2买,2026-01-30,60,1,138.77
002958,1买,2022-10-31,60,1,13.24
002958,2买,2023-03-30,60,21,11.03
002958,1买,2023-06-30,60,17,16.67
002958,1买,2024-01-23,60,1,12.7
002958,2买,2024-04-15,60,2,12.17
002958,2买,2025-01-13,60,2,13.52
002958,3买,2025-03-11,60,4,24.05
002959,1买,2022-10-12,60,1,51.76
002959,2买,2022-12-13,60,1,30.47
002959,3买,2023-03-20,60,1,54.98
002959,1买,2024-02-05,60,1,51.1
002959,2买,2024-04-11,60,1,33.2
002959,1买,2024-09-18,60,1,50.09
002959,2买,2025-01-14,60,1,11.65
002959,1买,2025-04-08,60,1,42.73
002959,2买,2025-12-31,60,5,13.26
002960,1买,2022-10-12,60,1,44.45
002960,1买,2024-02-05,60,1,59.22
002960,2买,2024-04-16,60,1,13.42
002960,1买,2025-06-23,60,4,27.15
002960,2买,2025-08-28,60,1,40.08
002960,1买,2025-12-17,60,3,20.71
002961,1买,2023-06-28,60,2,42.52
002961,2买,2023-10-23,60,1,11.46
002961,1买,2024-02-06,60,1,40.85
002961,2买,2024-04-16,60,1,21.61
002961,1买,2024-08-23,60,3,80.81
002961,2买,2025-01-13,60,1,34.41
002961,3买,2025-08-05,60,5,25.05
002961,3买,2025-09-29,60,1,63.36
002962,1买,2024-09-18,60,1,73.38
002962,3买,2024-09-18,60,1,73.38
002962,2买,2025-09-23,60,1,12.2
002962,1买,2025-12-19,60,8,13.28
002963,1买,2023-01-20,60,1,40.76
002963,2买,2023-06-27,60,1,25.45
002963,1买,2023-09-18,60,1,25.6
002963,3买,2023-09-18,60,1,25.6
002963,2买,2023-12-27,60,1,8.54
002963,1买,2024-06-11,60,1,30.13
002963,2买,2024-07-10,60,1,35.93
002963,1买,2025-04-09,60,1,68.78
002963,2买,2025-06-23,60,1,34.52
002965,1买,2023-09-18,60,1,40.48
002965,1买,2024-02-06,60,1,63.61
002965,2买,2024-04-09,60,1,16.82
002966,1买,2023-06-27,60,4,14.31
002966,2买,2024-08-12,60,4,28.92
002966,1买,2024-09-12,60,2,34.39
002966,3买,2024-09-12,60,2,34.39
002966,2买,2024-11-04,60,1,11.11
002966,1买,2025-02-27,60,4,18.45
002966,2买,2025-09-05,60,1,9.77
002966,3买,2025-09-05,60,1,9.77
002966,3买,2025-09-05,60,1,9.77
002966,1买,2026-01-20,60,7,12.11
002966,1买,2026-03-23,45,1,12.82
002966,2买,2026-05-28,1,,2.63
002967,1买,2024-02-06,60,1,80.8
002967,2买,2024-07-25,60,1,58.52
002967,3买,2025-06-10,60,6,38.83
002968,1买,2022-11-04,60,1,32.97
002968,2买,2022-12-29,60,1,25.64
002968,1买,2024-02-08,60,1,69.08
002968,2买,2024-04-22,60,1,60.71
002968,1买,2024-08-29,60,1,56.67
002968,2买,2024-11-04,60,1,11.95
002968,1买,2024-11-19,60,1,15.52
002968,2买,2025-08-29,60,1,40.39
002968,1买,2026-03-24,44,1,16.17
002969,1买,2022-09-27,60,1,23.68
002970,1买,2022-12-29,60,2,71.55
002970,2买,2023-08-25,60,1,30.88
002970,1买,2023-10-23,60,1,31.7
002970,3买,2023-10-23,60,1,31.7
002970,2买,2024-08-28,60,1,81.17
002970,1买,2025-01-06,60,1,48.68
002970,3买,2025-01-06,60,1,48.68
002970,2买,2025-06-23,60,1,16.38
002970,1买,2025-08-04,60,2,16.6
002971,1买,2022-12-23,60,1,54.09
002971,2买,2023-03-21,60,1,29.05
002971,1买,2023-08-29,60,1,50.48
002971,3买,2023-08-29,60,1,50.48
002971,2买,2024-04-16,60,1,16.58
002971,1买,2025-01-06,60,1,24.11
002971,2买,2025-03-25,60,1,24.25
002971,1买,2026-03-24,44,1,66.65
002972,1买,2023-05-15,60,2,11.26
002972,1买,2023-08-29,60,1,11.13
002972,1买,2023-10-23,60,1,33.46
002972,1买,2025-01-13,60,1,30.99
002972,1买,2025-04-09,60,1,44.92
002972,2买,2025-06-23,60,1,31.34
002972,2买,2025-06-23,60,1,31.34
002972,2买,2025-06-23,60,1,31.34
002972,2买,2025-09-24,60,1,12.57
002972,3买,2025-09-24,60,1,12.57
002972,1买,2025-12-17,60,1,16.41
002973,1买,2023-04-25,60,1,27.69
002973,2买,2023-06-26,60,3,21.42
002973,1买,2024-09-23,60,1,64.83
002973,2买,2024-11-27,60,1,50.63
002973,3买,2025-09-03,60,1,27.18
002973,1买,2025-11-21,60,1,24.45
002975,1买,2022-12-23,60,1,42.62
002975,2买,2023-03-14,60,1,29.22
002975,1买,2023-10-23,60,1,56.05
002975,1买,2024-09-23,60,1,64.64
002975,2买,2025-01-06,60,1,73.88
002975,2买,2025-06-23,60,1,121.47
002976,1买,2023-04-26,60,1,91.12
002976,2买,2023-08-17,60,1,37.35
002976,1买,2023-12-21,60,4,52.78
002976,3买,2023-12-21,60,4,52.78
002976,1买,2024-08-28,60,1,52.23
002976,1买,2024-09-18,60,1,55.66
002976,2买,2024-11-01,60,1,36.47
002976,2买,2024-11-01,60,1,36.47
002976,1买,2025-04-09,60,1,85.5
002976,2买,2025-10-13,60,1,55.57
002976,3买,2026-03-04,58,1,48.78
002977,1买,2025-04-09,60,1,116.72
002977,2买,2025-08-01,60,1,22.62
002977,1买,2025-09-05,60,1,33.24
002977,3买,2025-09-05,60,1,33.24
002977,1买,2025-11-14,60,1,40.34
002977,1买,2026-03-24,43,1,23.82
002978,1买,2022-10-11,60,1,19.29
002978,2买,2022-12-23,60,1,33.18
002978,1买,2024-09-18,60,1,45.65
002978,2买,2025-01-13,60,1,31.8
002978,3买,2025-04-09,60,1,18.14
002979,1买,2023-08-25,60,1,15.56
002979,3买,2023-08-25,60,1,15.56
002979,1买,2023-10-30,60,1,45.01
002979,2买,2024-07-02,60,1,32.82
002979,1买,2024-07-25,60,3,63.04
002979,2买,2024-09-23,60,1,107.37
002979,2买,2024-09-23,60,1,107.37
002979,3买,2025-03-14,60,1,25.17
002980,3买,2023-04-26,60,1,27.91
002980,3买,2025-01-06,60,1,31.36
002981,3买,2023-06-28,60,1,30.28
002981,1买,2024-01-04,60,1,21.5
002981,3买,2024-01-04,60,1,21.5
002981,1买,2025-01-06,60,1,25.43
002981,1买,2025-04-09,60,1,89.69
002981,2买,2025-11-24,60,1,29.54
002981,2买,2025-11-24,60,1,29.54
002982,1买,2024-02-08,60,1,71.15
002982,2买,2024-04-17,60,1,64.94
002982,1买,2025-12-15,60,4,19.57
002983,3买,2023-12-26,60,1,10.85
002983,1买,2025-04-09,60,1,55.78
002983,2买,2025-09-23,60,1,31.86
002983,1买,2025-11-24,60,1,47.91
002984,1买,2023-05-10,60,1,33.97
002984,1买,2024-02-05,60,1,34.39
002984,2买,2024-03-27,60,1,18.91
002984,2买,2024-03-27,60,1,18.91
002984,1买,2025-04-09,60,1,20.46
002985,1买,2022-08-26,60,1,19.64
002985,1买,2022-10-10,60,1,23.23
002985,2买,2022-12-23,60,1,22.23
002985,1买,2023-05-15,60,1,10.92
002985,1买,2024-02-06,60,1,45.17
002985,2买,2024-04-17,60,1,16.97
002985,1买,2026-05-22,5,,3.4
002986,1买,2022-10-11,60,1,35.95
002986,2买,2022-12-23,60,1,37.34
002986,1买,2024-07-25,60,1,43.42
002986,2买,2024-11-04,60,2,24.5
002986,1买,2025-04-09,60,1,29.97
002986,2买,2025-07-16,60,3,30.17
002986,1买,2025-12-17,60,2,78.45
002987,3买,2023-04-25,60,1,20.56
002987,1买,2024-02-05,60,1,55.28
002987,2买,2024-04-11,60,2,24.83
002987,1买,2025-01-13,60,1,96.11
002987,3买,2025-01-13,60,1,96.11
002987,2买,2025-04-09,60,1,81.93
002987,1买,2025-05-26,60,2,129.3
002987,2买,2025-12-04,60,2,23.08
002987,3买,2025-12-04,60,2,23.08
002988,1买,2022-10-12,60,1,20.19
002988,1买,2022-12-23,60,1,47.8
002988,2买,2023-03-14,60,1,14.78
002988,2买,2023-03-14,60,1,14.78
002988,1买,2023-04-26,60,1,27.87
002988,2买,2023-08-29,60,1,138.12
002988,1买,2024-09-18,60,1,88.23
002988,2买,2025-04-08,60,1,113.99
002988,3买,2025-04-08,60,1,113.99
002988,3买,2025-04-08,60,1,113.99
002988,3买,2025-06-23,60,1,48.54
002989,1买,2022-11-01,60,1,61.44
002989,2买,2023-04-26,60,1,31.16
002989,1买,2023-10-23,60,1,40.23
002989,2买,2024-06-06,60,1,36.69
002989,3买,2025-08-22,60,1,35.96
002990,1买,2024-09-18,60,1,69.25
002991,3买,2023-04-13,60,1,16.78
002991,1买,2024-02-06,60,1,48.82
002991,2买,2025-03-13,60,1,30.71
002991,1买,2025-09-24,60,19,19.75
002991,2买,2025-12-15,60,1,17.19
002992,3买,2023-02-20,60,1,31.64
002992,1买,2023-03-20,60,1,79.28
002992,2买,2023-06-20,60,1,42.23
002992,3买,2023-10-26,60,1,46.4
002992,1买,2024-08-27,60,1,80.65
002992,1买,2024-09-23,60,1,96.48
002992,2买,2024-12-25,60,1,59.3
002992,2买,2024-12-25,60,1,59.3
002992,1买,2025-11-24,60,1,24.14
002993,1买,2022-12-23,60,1,23.67
002993,2买,2023-10-26,60,1,29.47
002993,1买,2025-11-24,60,1,36.81
002995,1买,2022-10-11,60,1,167.75
002995,2买,2022-12-16,60,1,42.01
002995,3买,2023-03-16,60,1,68.4
002995,1买,2024-02-08,60,1,84.32
002995,2买,2024-06-25,60,1,34.69
002995,1买,2025-12-17,60,1,143.59
002995,2买,2026-05-27,2,1,22.09
002996,1买,2023-04-25,60,1,15.77
002996,1买,2024-09-18,60,1,57.68
002996,2买,2024-11-27,60,1,17.95
002996,1买,2025-04-09,60,1,58.7
002996,2买,2025-08-01,60,2,15.25
002996,3买,2025-08-01,60,2,15.25
002996,3买,2026-03-04,58,1,8.98
002996,1买,2026-03-24,44,1,18.0
002997,1买,2024-09-18,60,1,62.27
002997,2买,2024-11-27,60,1,60.97
002998,1买,2024-08-29,60,1,54.16
002998,1买,2024-09-18,60,1,59.0
002998,2买,2025-01-13,60,1,29.29
002998,2买,2025-01-13,60,1,29.29
002998,1买,2025-04-09,60,1,75.38
002998,2买,2025-12-17,60,1,32.68
002998,3买,2026-03-05,57,1,28.85
002999,1买,2022-10-11,60,1,108.84
002999,2买,2023-01-12,60,3,19.58
002999,1买,2023-06-27,60,4,27.86
003000,3买,2023-10-23,60,1,47.88
003000,1买,2024-07-30,60,1,48.92
003000,2买,2024-11-19,60,2,26.14
003000,1买,2025-02-19,60,1,39.07
003000,2买,2025-07-16,60,4,9.16
003001,1买,2022-10-11,60,2,22.37
003001,1买,2022-10-31,60,1,17.54
003001,2买,2023-06-12,60,1,23.86
003001,2买,2023-06-12,60,1,23.86
003001,1买,2023-06-26,60,1,24.1
003001,2买,2023-10-23,60,1,18.91
003001,3买,2025-03-28,60,1,38.12
003001,1买,2025-12-17,60,1,20.9
003002,1买,2024-02-07,60,1,50.82
003002,2买,2024-04-16,60,1,26.16
003003,1买,2023-10-23,60,1,22.18
003003,3买,2023-10-23,60,1,22.18
003003,2买,2023-12-26,60,2,9.08
003003,3买,2025-09-05,60,1,20.94
003003,3买,2025-09-05,60,1,20.94
003003,1买,2025-09-24,60,1,35.09
003005,1买,2023-07-13,60,1,50.0
003005,2买,2023-09-19,60,1,37.95
003005,1买,2024-08-28,60,1,78.56
003005,2买,2025-01-07,60,1,76.12
003005,1买,2025-06-23,60,1,39.51
003005,2买,2025-09-23,60,1,17.33
003006,1买,2022-10-11,60,1,80.36
003006,2买,2023-05-17,60,1,11.14
003006,3买,2023-08-25,60,1,31.63
003006,3买,2024-07-26,60,1,47.02
003006,1买,2025-01-13,60,1,29.95
003006,2买,2025-07-17,60,1,34.69
003006,1买,2025-12-05,60,1,17.5
003006,1买,2026-04-17,27,1,18.7
003007,1买,2022-07-18,60,1,25.17
003007,2买,2023-01-18,60,1,37.72
003007,1买,2023-04-26,60,1,20.73
003007,2买,2023-09-19,60,1,94.11
003007,3买,2024-02-08,60,1,52.04
003007,1买,2024-08-28,60,1,63.73
003007,2买,2024-11-27,60,1,31.71
003007,1买,2025-12-17,60,1,93.56
003007,2买,2026-03-27,41,1,44.12
003008,1买,2026-03-23,45,1,17.29
003009,1买,2024-02-05,60,1,28.96
003009,1买,2025-04-08,60,1,54.82
003009,2买,2025-08-01,60,1,52.67
003009,2买,2025-08-01,60,1,52.67
003009,3买,2025-08-01,60,1,52.67
003010,1买,2022-10-11,60,1,63.65
003010,2买,2022-11-24,60,1,46.43
003010,1买,2023-09-15,60,1,35.59
003010,3买,2023-09-15,60,1,35.59
003010,1买,2023-10-23,60,1,39.7
003010,2买,2025-04-08,60,1,115.46
003010,2买,2025-04-08,60,1,115.46
003010,3买,2025-04-08,60,1,115.46
003010,3买,2025-05-08,60,1,83.01
003011,1买,2024-02-08,60,1,60.68
003011,2买,2024-09-18,60,1,81.17
003011,1买,2025-04-09,60,1,64.66
003011,2买,2025-06-23,60,1,36.24
003012,1买,2024-02-06,60,1,31.61
003012,2买,2024-04-30,60,1,28.18
003012,1买,2024-09-18,60,1,46.34
003012,2买,2025-01-13,60,1,15.52
003012,1买,2025-06-23,60,4,42.0
003013,1买,2022-10-31,60,3,17.5
003013,2买,2023-06-26,60,1,22.08
003013,1买,2023-10-24,60,1,26.65
003013,2买,2024-01-03,60,2,18.89
003013,1买,2024-09-18,60,1,50.86
003015,1买,2025-01-14,60,1,36.63
003015,3买,2025-01-14,60,1,36.63
003015,2买,2025-03-04,60,1,22.48
003015,1买,2025-04-09,60,1,59.9
003016,1买,2022-10-12,60,1,29.63
003016,2买,2023-06-26,60,1,43.45
003016,1买,2023-08-28,60,1,44.25
003016,1买,2024-02-08,60,1,45.52
003017,1买,2022-10-11,60,1,16.31
003017,2买,2023-04-11,60,3,21.58
003017,1买,2024-02-08,60,1,76.07
003017,2买,2024-04-17,60,1,37.42
003018,1买,2023-04-26,60,1,17.5
003018,2买,2023-08-25,60,1,17.14
003018,3买,2025-10-20,60,2,138.52
003019,1买,2022-06-28,60,1,22.74
003019,1买,2022-12-23,60,2,32.58
003019,2买,2023-03-13,60,1,12.78
003019,2买,2023-03-13,60,1,12.78
003019,3买,2025-06-10,60,1,53.66
003019,1买,2026-03-04,58,1,60.06
003020,1买,2022-08-04,60,1,61.22
003020,2买,2022-12-28,60,1,49.23
003020,3买,2023-03-31,60,1,34.69
003020,1买,2023-10-24,60,1,34.26
003020,1买,2025-06-23,60,5,93.24
003020,2买,2025-09-23,60,1,20.57
003020,2买,2025-09-23,60,1,20.57
003020,1买,2026-01-05,60,1,13.97
003021,1买,2024-07-25,60,1,33.46
003021,1买,2024-09-18,60,1,161.53
003021,2买,2025-01-06,60,1,149.29
003021,2买,2025-01-06,60,1,149.29
003021,3买,2025-04-09,60,1,52.65
003021,3买,2025-04-09,60,1,52.65
003021,3买,2025-12-17,60,3,37.15
003021,1买,2026-04-07,35,1,26.6
003022,1买,2023-04-25,60,1,15.45
003022,1买,2023-10-26,60,1,13.89
003022,1买,2024-01-11,60,1,18.83
003022,1买,2024-02-05,60,1,47.18
003022,2买,2024-03-29,60,1,14.55
003022,2买,2025-11-05,60,1,24.0
003022,2买,2025-11-05,60,1,24.0
003022,1买,2025-12-17,60,3,25.01
003022,3买,2025-12-17,60,3,25.01
003023,1买,2023-04-25,60,2,13.91
003023,2买,2023-08-17,60,1,22.86
003023,1买,2024-07-25,60,1,34.53
003023,2买,2025-01-13,60,1,18.84
003023,3买,2025-03-25,60,5,18.57
003025,1买,2025-01-06,60,1,59.77
003025,2买,2025-10-17,60,2,16.45
003025,3买,2025-12-18,60,1,18.72
003026,1买,2025-04-09,60,1,72.28
003027,1买,2024-02-08,60,1,56.83
003027,1买,2024-07-10,60,1,36.8
003027,2买,2024-08-23,60,1,56.67
003027,2买,2025-01-13,60,1,24.28
003027,1买,2025-04-09,60,1,64.35
003027,2买,2025-09-23,60,1,43.28
003027,3买,2025-12-17,60,2,31.59
003028,1买,2022-10-11,60,1,44.35
003028,1买,2022-10-31,60,1,84.82
003028,2买,2023-08-28,60,1,22.11
003028,2买,2023-08-28,60,1,22.11
003028,1买,2025-12-16,60,1,22.28
003029,3买,2023-03-08,60,1,23.18
003029,1买,2023-03-31,60,1,28.35
003029,1买,2025-04-09,60,1,114.08
003029,2买,2025-09-24,60,1,29.71
003029,3买,2025-09-24,60,1,29.71
003030,1买,2024-08-23,60,1,36.78
003030,2买,2025-01-13,60,1,76.01
003031,1买,2022-12-23,60,1,28.79
003031,3买,2022-12-23,60,1,28.79
003031,2买,2023-05-26,60,1,42.92
003031,1买,2024-02-06,60,1,64.45
003033,1买,2023-08-25,60,1,28.45
003033,2买,2023-10-23,60,1,36.32
003033,1买,2024-04-16,60,1,49.44
003033,2买,2024-07-09,60,1,38.08
003033,3买,2025-09-01,60,1,97.51
003033,1买,2026-03-27,41,1,23.28
003033,3买,2026-03-27,41,1,23.28
003035,1买,2024-02-05,60,1,32.67
003035,1买,2024-08-23,60,5,36.92
003035,1买,2025-04-08,60,1,41.09
003035,2买,2025-08-04,60,5,12.01
003035,2买,2025-08-04,60,5,12.01
003035,2买,2025-08-04,60,5,12.01
003035,1买,2025-09-23,60,3,16.85
003036,1买,2023-10-26,60,1,16.89
003036,1买,2024-08-26,60,1,96.25
003036,2买,2025-03-05,60,1,45.06
003036,1买,2025-04-09,60,1,71.12
003036,3买,2025-04-09,60,1,71.12
003036,2买,2025-09-03,60,1,41.45
003036,2买,2025-09-03,60,1,41.45
003036,1买,2025-12-17,60,2,47.04
003037,1买,2023-10-23,60,1,14.38
003037,1买,2023-12-28,60,1,8.22
003037,1买,2024-04-19,60,1,19.2
003037,1买,2025-04-08,60,1,43.45
003037,2买,2025-06-18,60,1,73.03
003037,2买,2025-10-13,60,1,16.43
003037,3买,2025-10-13,60,1,16.43
003038,1买,2023-10-27,60,1,16.27
003038,1买,2023-12-27,60,1,17.19
003038,1买,2024-09-18,60,1,88.01
003038,2买,2025-01-13,60,1,55.75
003038,3买,2025-04-09,60,1,38.71
003038,1买,2025-10-20,60,2,34.77
003038,1买,2025-12-17,60,2,32.47
003038,2买,2026-02-02,60,1,23.93
003040,1买,2023-05-26,60,3,7.38
003040,1买,2023-07-24,60,1,18.71
003040,2买,2023-12-11,60,1,16.69
003040,1买,2023-12-21,60,1,24.37
003040,1买,2024-08-28,60,1,82.58
003040,2买,2024-11-04,60,1,62.01
003040,2买,2025-12-18,60,1,18.91
003040,1买,2026-04-28,20,1,8.29
003041,1买,2022-09-20,60,1,38.71
003041,2买,2023-01-10,60,3,19.05
003041,1买,2024-09-18,60,1,210.48
003041,2买,2025-02-25,60,1,26.74
003041,3买,2025-07-04,60,3,12.44
003041,1买,2025-08-15,60,1,119.69
003041,2买,2026-03-04,54,1,40.59
003041,1买,2026-03-24,40,1,47.76
003042,1买,2022-08-04,60,1,69.79
003042,2买,2022-12-21,60,1,35.18
003042,1买,2024-06-26,60,1,22.72
003042,1买,2024-08-23,60,1,57.5
003042,2买,2025-01-06,60,1,38.73
003042,2买,2025-01-06,60,1,38.73
003043,1买,2022-12-23,60,1,25.82
003043,2买,2023-03-29,60,4,27.11
003043,1买,2023-06-09,60,1,13.46
003816,3买,2023-07-25,60,4,10.0
003816,3买,2024-11-27,60,4,9.61
003816,1买,2025-01-13,60,1,11.78
300001,1买,2023-10-24,60,1,28.49
300001,2买,2024-04-22,60,1,24.13
300001,3买,2024-04-22,60,1,24.13
300002,1买,2023-12-25,60,1,49.94
300002,3买,2023-12-25,60,1,49.94
300002,2买,2025-01-06,60,1,50.0
300002,1买,2025-04-09,60,1,32.76
300002,2买,2025-12-04,60,2,28.47
300003,1买,2022-12-23,60,1,17.35
300003,3买,2022-12-23,60,1,17.35
300003,2买,2023-03-14,60,1,15.29
300003,1买,2024-02-05,60,1,43.36
300003,2买,2024-04-22,60,1,31.22
300003,3买,2026-03-04,58,2,11.57
300003,3买,2026-03-04,58,2,11.57
300004,1买,2022-12-23,60,6,17.08
300004,1买,2023-06-27,60,1,26.85
300004,2买,2023-08-25,60,1,22.87
300004,2买,2023-08-25,60,1,22.87
300005,1买,2022-10-28,60,1,28.32
300005,2买,2023-01-12,60,6,27.32
300005,3买,2025-01-13,60,1,74.13
300006,1买,2025-04-09,60,1,46.21
300006,2买,2025-09-11,60,1,31.12
300006,1买,2025-10-13,60,1,39.76
300006,3买,2025-10-13,60,1,39.76
300007,1买,2023-10-24,60,1,51.75
300007,1买,2024-07-09,60,1,62.42
300007,2买,2025-01-06,60,1,189.84
300007,2买,2025-01-06,60,1,189.84
300007,3买,2025-04-09,60,1,76.66
300007,3买,2025-08-28,60,1,72.82
300007,1买,2026-04-07,35,1,28.21
300008,1买,2024-08-29,60,1,88.79
300008,2买,2025-01-13,60,1,81.71
300009,1买,2022-09-26,60,1,37.29
300009,2买,2022-12-28,60,2,30.31
300009,1买,2023-08-25,60,1,20.73
300009,1买,2024-08-28,60,1,52.17
300009,2买,2025-01-13,60,1,18.8
300009,2买,2025-09-29,60,2,16.72
300009,3买,2025-09-29,60,2,16.72
300009,1买,2026-01-05,60,1,17.07
300009,3买,2026-01-05,60,1,17.07
300010,3买,2025-04-09,60,1,62.0
300011,3买,2024-11-25,60,1,24.33
300011,1买,2025-01-13,60,1,53.93
300011,1买,2025-04-09,60,1,24.32
300011,2买,2025-06-19,60,1,23.02
300012,1买,2024-01-18,60,1,34.81
300012,2买,2024-03-08,60,1,14.05
300012,1买,2024-03-28,60,1,14.43
300012,2买,2024-11-01,60,1,15.84
300012,1买,2025-01-13,60,1,22.61
300012,1买,2025-05-28,60,2,19.76
300012,2买,2025-09-23,60,2,20.27
300013,1买,2022-10-11,60,1,54.87
300013,1买,2023-08-25,60,1,14.17
300013,1买,2023-10-23,60,1,19.27
300013,2买,2025-09-05,60,1,37.57
300013,2买,2025-09-05,60,1,37.57
300013,2买,2026-01-30,60,4,26.34
300014,1买,2022-11-01,60,1,28.15
300014,1买,2023-10-24,60,1,15.91
300014,1买,2023-12-21,60,1,15.58
300014,1买,2024-02-05,60,1,42.42
300014,2买,2024-04-24,60,1,32.12
300014,2买,2025-02-05,60,1,25.9
300014,2买,2025-02-05,60,1,25.9
300014,1买,2025-04-09,60,1,30.8
300015,1买,2022-09-23,60,1,23.77
300015,2买,2022-11-28,60,1,36.08
300015,1买,2023-09-22,60,1,10.73
300015,1买,2024-08-28,60,1,110.94
300015,2买,2025-01-13,60,1,23.03
300015,1买,2025-04-08,60,1,14.58
300015,3买,2025-04-08,60,1,14.58
300015,1买,2025-06-23,60,1,18.52
300016,1买,2023-04-26,60,1,27.99
300016,2买,2023-10-24,60,1,36.54
300016,1买,2025-04-09,60,1,102.4
300016,2买,2025-07-16,60,1,40.61
300016,3买,2025-07-16,60,1,40.61
300016,3买,2025-10-13,60,1,13.0
300016,1买,2025-12-17,60,2,49.15
300017,3买,2023-08-21,60,3,20.29
300017,1买,2023-09-21,60,1,23.96
300017,2买,2024-02-05,60,1,57.01
300017,1买,2024-07-25,60,1,59.69
300017,1买,2024-09-18,60,1,75.98
300017,2买,2024-11-25,60,1,80.7
300017,2买,2024-11-25,60,1,80.7
300017,3买,2024-11-25,60,1,80.7
300017,1买,2025-01-13,60,1,84.69
300017,3买,2025-01-13,60,1,84.69
300017,2买,2025-04-09,60,1,35.14
300017,3买,2025-12-17,60,3,149.48
300017,1买,2026-04-30,18,1,27.45
300018,1买,2025-04-09,60,1,54.28
300018,2买,2025-09-05,60,1,61.05
300018,3买,2025-09-05,60,1,61.05
300019,1买,2023-08-23,60,3,17.26
300019,2买,2023-10-23,60,2,16.35
300019,3买,2025-12-17,60,1,20.28
300021,1买,2024-09-18,60,1,65.07
300021,2买,2025-01-13,60,1,44.66
300021,3买,2025-06-24,60,3,59.91
300021,1买,2025-12-18,60,1,18.54
300022,1买,2022-10-11,60,1,34.31
300022,2买,2023-04-24,60,1,18.06
300022,1买,2023-10-23,60,1,26.53
300022,2买,2023-12-11,60,1,16.92
300022,1买,2024-08-23,60,1,57.74
300022,2买,2025-01-13,60,1,123.28
300022,3买,2025-04-07,60,1,66.78
300022,3买,2025-04-07,60,1,66.78
300022,3买,2025-07-30,60,1,13.9
300022,1买,2025-09-04,60,1,18.47
300022,2买,2026-02-05,60,4,31.79
300024,1买,2024-02-05,60,1,62.52
300024,2买,2024-06-11,60,1,12.94
300024,1买,2024-07-25,60,3,59.29
300024,2买,2025-01-06,60,1,40.65
300024,1买,2025-04-09,60,1,29.27
300024,3买,2025-04-09,60,1,29.27
300025,3买,2023-07-11,60,1,41.57
300025,1买,2025-04-09,60,1,31.62
300025,2买,2025-06-23,60,1,25.64
300026,1买,2023-10-24,60,3,20.19
300026,1买,2025-03-07,60,2,22.81
300026,2买,2025-09-29,60,3,10.83
300027,1买,2023-10-23,60,2,25.21
300027,1买,2025-04-09,60,1,42.5
300027,2买,2025-08-15,60,1,23.95
300030,1买,2023-08-08,60,1,20.8
300030,3买,2025-01-13,60,1,36.95
300030,2买,2025-09-24,60,1,17.1
300030,3买,2025-09-24,60,1,17.1
300030,1买,2025-12-17,60,1,21.55
300030,2买,2026-03-04,58,1,16.43
300031,1买,2024-02-06,60,1,50.57
300031,2买,2024-06-25,60,1,22.3
300031,3买,2025-12-17,60,1,28.54
300032,1买,2022-12-27,60,3,25.81
300032,2买,2023-03-14,60,1,18.01
300032,1买,2023-09-27,60,2,38.61
300032,1买,2025-04-09,60,1,90.36
300032,2买,2025-10-13,60,1,26.72
300033,3买,2023-05-15,60,1,34.47
300033,1买,2023-05-25,60,1,47.35
300033,1买,2024-02-05,60,1,48.08
300033,2买,2025-01-13,60,1,35.23
300033,2买,2025-01-13,60,1,35.23
300033,3买,2025-01-13,60,1,35.23
300033,1买,2025-04-08,60,1,28.97
300033,3买,2025-04-08,60,1,28.97
300033,2买,2025-12-17,60,2,42.23
300033,1买,2026-04-10,32,1,17.13
300034,1买,2023-12-21,60,1,18.85
300034,1买,2024-02-05,60,1,56.66
300034,2买,2024-03-29,60,1,32.65
300034,1买,2025-04-08,60,1,20.68
300034,2买,2025-06-23,60,2,26.69
300034,2买,2026-05-27,2,1,7.75
300035,1买,2023-07-24,60,1,26.83
300035,1买,2023-10-24,60,1,19.94
300035,1买,2024-08-23,60,1,150.33
300035,2买,2025-01-13,60,1,52.31
300035,2买,2025-01-13,60,1,52.31
300035,2买,2025-01-13,60,1,52.31
300035,3买,2025-01-13,60,1,52.31
300035,3买,2025-02-17,60,1,36.93
300035,3买,2025-12-16,60,1,21.63
300035,1买,2026-03-09,55,1,34.23
300036,1买,2023-10-24,60,1,22.97
300036,1买,2025-04-08,60,1,24.25
300036,2买,2025-09-05,60,1,29.07
300037,1买,2022-09-19,60,1,20.38
300037,1买,2022-10-31,60,1,45.91
300037,2买,2023-03-08,60,1,30.4
300037,2买,2023-03-08,60,1,30.4
300037,1买,2023-03-21,60,1,32.24
300037,2买,2023-07-28,60,1,9.69
300037,1买,2023-10-26,60,1,24.44
300037,1买,2025-04-09,60,1,36.13
300037,2买,2025-07-07,60,5,56.66
300037,2买,2025-10-20,60,1,53.85
300037,3买,2025-12-05,60,1,26.32
300037,1买,2026-02-06,60,1,52.87
300039,1买,2023-06-29,60,1,12.61
300039,1买,2023-08-24,60,1,21.82
300039,2买,2023-10-24,60,1,22.74
300039,1买,2024-07-25,60,3,49.31
300039,2买,2025-01-13,60,1,18.29
300040,1买,2022-12-23,60,1,21.45
300040,1买,2024-02-07,60,1,100.93
300040,2买,2024-07-25,60,1,68.25
300040,1买,2024-08-28,60,1,71.96
300040,2买,2025-01-20,60,1,45.95
300040,2买,2025-03-11,60,1,49.75
300040,3买,2025-06-23,60,1,28.88
300040,3买,2025-08-04,60,4,10.22
300040,1买,2025-12-18,60,1,62.5
300041,1买,2022-10-31,60,1,36.58
300041,1买,2023-08-25,60,1,24.49
300041,1买,2025-02-05,60,1,27.02
300041,1买,2025-04-09,60,1,34.44
300041,2买,2025-06-20,60,1,36.15
300041,2买,2025-06-20,60,1,36.15
300041,2买,2025-12-17,60,1,25.61
300042,1买,2024-02-06,60,1,67.66
300042,3买,2024-02-06,60,1,67.66
300042,1买,2025-01-13,60,1,123.2
300042,2买,2025-06-04,60,1,46.24
300043,1买,2023-08-29,60,1,25.77
300043,1买,2024-07-10,60,1,72.09
300043,2买,2025-01-06,60,1,46.11
300043,1买,2025-04-09,60,1,103.64
300043,2买,2025-12-05,60,1,44.55
300043,2买,2025-12-05,60,1,44.55
300043,1买,2026-03-24,44,1,18.29
300043,3买,2026-03-24,44,1,18.29
300045,3买,2024-02-06,60,1,97.41
300045,1买,2024-09-18,60,1,123.42
300045,2买,2024-11-27,60,1,10.29
300045,1买,2025-01-13,60,1,29.58
300046,1买,2023-08-25,60,1,16.44
300046,2买,2023-10-24,60,1,16.36
300046,3买,2025-04-09,60,1,122.02
300046,3买,2025-04-09,60,1,122.02
300047,3买,2023-08-25,60,1,65.13
300047,1买,2025-04-09,60,1,86.77
300047,3买,2025-04-09,60,1,86.77
300047,2买,2025-06-23,60,1,53.65
300048,1买,2022-12-23,60,1,39.36
300048,2买,2023-05-10,60,1,21.22
300048,1买,2024-02-05,60,1,52.07
300048,2买,2024-04-17,60,1,17.95
300048,1买,2025-04-09,60,1,47.53
300048,2买,2025-07-31,60,3,18.73
300048,3买,2025-07-31,60,3,18.73
300049,3买,2023-08-09,60,1,105.28
300049,3买,2024-02-06,60,1,100.14
300049,1买,2025-01-10,60,1,30.81
300049,2买,2025-05-22,60,2,72.65
300049,1买,2026-03-23,45,1,23.72
300049,3买,2026-03-23,45,1,23.72
300050,3买,2025-01-06,60,1,50.0
300050,1买,2025-12-17,60,1,31.03
300051,1买,2022-10-26,60,1,137.26
300051,2买,2023-04-27,60,1,49.4
300051,3买,2024-04-22,60,1,28.25
300051,3买,2026-05-15,10,1,20.76
300053,1买,2022-12-30,60,1,72.61
300053,2买,2023-08-25,60,1,70.12
300053,3买,2024-09-18,60,1,124.89
300053,1买,2025-01-13,60,1,41.16
300053,2买,2025-10-23,60,1,101.78
300054,1买,2024-02-05,60,1,57.88
300054,2买,2024-09-23,60,1,71.71
300055,1买,2025-04-09,60,1,48.11
300055,2买,2025-09-23,60,1,67.94
300055,3买,2025-12-19,60,5,60.49
300055,1买,2026-02-06,60,1,80.47
300056,1买,2022-12-23,60,1,47.23
300056,1买,2023-09-19,60,4,53.58
300056,2买,2024-04-16,60,1,51.6
300056,2买,2024-04-16,60,1,51.6
300056,1买,2025-01-13,60,1,45.67
300056,3买,2025-01-13,60,1,45.67
300057,1买,2023-04-26,60,1,39.39
300058,1买,2023-10-27,60,1,35.6
300058,3买,2023-10-27,60,1,35.6
300058,2买,2025-01-13,60,1,49.74
300058,3买,2025-06-23,60,1,27.14
300059,1买,2025-04-08,60,1,34.43
300059,3买,2025-04-08,60,1,34.43
300059,2买,2025-12-04,60,1,15.97
300061,1买,2022-09-30,60,1,24.92
300061,2买,2022-12-23,60,6,23.7
300061,1买,2023-09-22,60,6,14.03
300061,2买,2025-01-06,60,1,58.18
300061,3买,2025-01-06,60,1,58.18
300061,1买,2025-04-29,60,1,36.09
300062,1买,2022-10-10,60,1,21.29
300062,1买,2022-12-23,60,1,29.62
300062,2买,2023-04-25,60,1,33.04
300062,2买,2023-08-25,60,1,12.14
300062,3买,2025-09-24,60,1,133.96
300062,1买,2026-04-07,35,1,27.41
300062,3买,2026-04-07,35,1,27.41
300063,3买,2023-07-12,60,1,9.29
300063,1买,2023-09-22,60,1,137.92
300063,2买,2024-09-18,60,1,273.1
300063,3买,2025-06-23,60,1,33.46
300065,1买,2024-02-06,60,1,77.47
300065,2买,2024-07-18,60,1,88.44
300065,1买,2024-08-28,60,1,98.95
300065,2买,2025-01-06,60,1,188.62
300065,3买,2025-06-23,60,1,55.94
300066,1买,2024-06-26,60,1,30.43
300066,2买,2025-01-06,60,1,32.58
300066,1买,2025-04-08,60,1,39.7
300066,2买,2025-05-27,60,2,103.0
300066,1买,2025-12-17,60,3,42.04
300067,1买,2022-12-26,60,6,16.11
300067,2买,2024-04-16,60,1,80.37
300067,3买,2025-01-13,60,1,81.28
300068,1买,2025-04-09,60,1,34.46
300068,2买,2025-08-04,60,1,55.02
300069,1买,2022-10-31,60,1,21.22
300069,2买,2022-12-23,60,1,39.72
300069,3买,2025-09-29,60,2,23.61
300069,3买,2025-09-29,60,2,23.61
300069,1买,2025-12-18,60,1,22.85
300069,2买,2026-03-04,48,1,240.49
300070,1买,2023-10-23,60,1,10.59
300070,2买,2023-12-28,60,2,9.3
300070,1买,2024-02-05,60,1,26.56
300070,2买,2025-01-13,60,1,14.29
300070,1买,2025-04-08,60,1,18.89
300070,2买,2025-09-24,60,6,7.29
300070,1买,2025-12-17,60,12,12.5
300071,3买,2023-05-26,60,1,18.69
300071,1买,2023-07-10,60,1,23.06
300071,1买,2023-10-23,60,1,41.98
300071,1买,2024-07-25,60,1,157.92
300071,2买,2025-04-09,60,1,41.79
300071,2买,2025-04-09,60,1,41.79
300071,2买,2025-04-09,60,1,41.79
300071,3买,2025-06-23,60,1,27.06
300072,1买,2024-02-06,60,1,52.38
300072,2买,2025-01-27,60,2,21.05
300072,1买,2025-04-08,60,1,47.43
300072,2买,2025-08-04,60,1,23.96
300072,3买,2025-08-04,60,1,23.96
300073,1买,2022-12-26,60,1,26.71
300073,1买,2023-12-21,60,1,13.76
300073,1买,2024-02-05,60,1,102.12
300073,2买,2024-03-26,60,1,67.3
300073,2买,2025-01-13,60,1,36.74
300073,1买,2025-04-08,60,1,36.51
300073,3买,2025-04-08,60,1,36.51
300073,2买,2025-08-04,60,2,86.91
300073,3买,2025-08-04,60,2,86.91
300073,2买,2025-12-16,60,1,19.78
300074,1买,2023-08-25,60,1,36.34
300074,2买,2025-10-13,60,1,25.06
300075,1买,2023-10-24,60,1,23.65
300075,2买,2025-07-30,60,1,13.74
300076,1买,2023-08-25,60,1,35.15
300076,2买,2023-10-30,60,1,58.74
300076,3买,2025-01-06,60,1,62.48
300076,3买,2025-01-06,60,1,62.48
300076,3买,2025-04-09,60,1,24.92
300076,1买,2025-09-05,60,1,20.56
300077,1买,2024-02-05,60,1,79.84
300077,2买,2024-04-22,60,1,30.74
300077,3买,2025-01-13,60,1,51.44
300077,1买,2025-04-08,60,1,49.79
300077,3买,2025-04-08,60,1,49.79
300077,2买,2025-06-16,60,1,39.45
300078,1买,2023-09-26,60,1,28.61
300080,1买,2022-12-23,60,1,39.02
300080,2买,2023-03-14,60,1,12.59
300080,1买,2023-06-27,60,2,10.66
300080,1买,2023-08-25,60,1,12.69
300080,1买,2024-08-28,60,1,174.8
300080,2买,2025-01-27,60,1,25.66
300080,1买,2025-04-09,60,1,47.99
300080,3买,2025-04-09,60,1,47.99
300080,2买,2025-08-15,60,1,56.67
300080,1买,2025-09-03,60,1,58.55
300080,2买,2025-12-23,60,2,40.66
300080,2买,2025-12-23,60,2,40.66
300081,1买,2023-10-24,60,1,59.22
300081,1买,2024-06-07,60,1,52.91
300081,2买,2025-01-06,60,1,49.6
300081,1买,2025-04-09,60,1,45.74
300082,1买,2022-10-31,60,1,15.22
300082,1买,2022-12-30,60,1,34.7
300082,1买,2023-10-24,60,1,14.91
300082,2买,2023-12-27,60,1,9.13
300082,1买,2025-04-09,60,1,94.49
300082,2买,2025-07-16,60,2,20.39
300082,3买,2025-07-16,60,2,20.39
300082,3买,2025-09-04,60,1,98.34
300082,2买,2025-12-17,60,1,25.33
300082,2买,2025-12-17,60,1,25.33
300082,3买,2026-02-06,60,1,43.94
300082,1买,2026-03-24,44,1,52.19
300083,1买,2023-01-06,60,2,16.38
300083,1买,2023-08-25,60,1,36.51
300083,2买,2025-06-23,60,1,47.66
300083,2买,2025-12-17,60,1,17.45
300083,3买,2025-12-17,60,1,17.45
300083,3买,2025-12-17,60,1,17.45
300084,3买,2023-08-28,60,1,33.83
300084,1买,2024-07-10,60,1,51.05
300084,2买,2025-01-06,60,1,115.02
300085,1买,2022-10-12,60,1,35.14
300085,2买,2022-12-23,60,1,42.68
300085,1买,2024-06-25,60,1,30.7
300085,1买,2024-08-28,60,1,759.17
300085,2买,2025-01-06,60,1,45.4
300085,2买,2025-01-06,60,1,45.4
300085,3买,2025-01-06,60,1,45.4
300085,1买,2025-04-08,60,1,74.19
300085,3买,2025-04-08,60,1,74.19
300085,2买,2025-08-11,60,1,51.98
300085,1买,2026-03-04,58,1,40.68
300086,1买,2024-02-06,60,1,44.27
300086,2买,2024-11-19,60,1,50.21
300086,1买,2025-04-09,60,1,43.72
300086,2买,2025-09-05,60,1,120.97
300086,3买,2025-12-19,60,1,56.92
300087,1买,2024-02-02,60,1,36.42
300087,1买,2024-07-10,60,1,61.23
300087,2买,2024-09-13,60,1,152.91
300087,2买,2025-01-13,60,1,35.07
300087,1买,2025-03-25,60,2,41.7
300087,3买,2025-03-25,60,2,41.7
300087,1买,2025-10-31,60,7,39.16
300088,1买,2023-06-28,60,1,16.64
300088,1买,2025-04-09,60,1,34.98
300088,2买,2025-06-16,60,6,26.75
300091,1买,2023-10-23,60,2,12.68
300091,2买,2025-10-20,60,1,26.52
300092,3买,2023-04-04,60,1,25.93
300092,1买,2024-09-18,60,1,71.23
300092,2买,2024-11-18,60,1,15.79
300092,1买,2025-01-06,60,1,38.05
300092,1买,2025-04-09,60,1,58.98
300092,2买,2025-07-16,60,3,71.27
300092,2买,2025-07-16,60,3,71.27
300092,1买,2025-08-29,60,1,72.1
300092,3买,2025-08-29,60,1,72.1
300092,2买,2025-10-24,60,1,28.45
300092,1买,2025-12-18,60,1,39.23
300092,2买,2026-03-04,58,1,35.46
300092,3买,2026-03-04,58,1,35.46
300094,1买,2024-02-07,60,1,63.16
300094,1买,2024-06-26,60,1,20.4
300094,1买,2024-07-10,60,1,84.03
300094,2买,2025-02-06,60,1,28.11
300094,2买,2025-02-06,60,1,28.11
300094,2买,2025-02-06,60,1,28.11
300094,1买,2025-04-07,60,1,47.3
300094,3买,2025-04-07,60,1,47.3
300095,1买,2022-12-23,60,1,36.51
300095,1买,2023-10-24,60,1,20.28
300095,1买,2025-04-09,60,1,108.91
300095,2买,2025-09-23,60,1,31.84
300095,2买,2025-09-23,60,1,31.84
300095,2买,2025-09-23,60,1,31.84
300095,3买,2025-11-27,60,2,47.62
300098,1买,2025-04-09,60,1,35.64
300098,2买,2025-06-23,60,1,38.54
300099,1买,2022-12-23,60,6,28.72
300099,2买,2023-06-28,60,1,14.14
300099,3买,2025-12-18,60,1,45.83
300099,3买,2026-03-30,40,1,27.19
300100,3买,2024-06-06,60,1,43.93
300100,1买,2024-08-29,60,1,136.13
300100,2买,2024-11-27,60,1,170.65
300100,3买,2025-01-07,60,1,205.82
300100,1买,2025-11-05,60,1,11.1
300100,3买,2025-11-05,60,1,11.1
300100,1买,2025-11-21,60,1,19.49
300101,1买,2023-06-28,60,1,35.77
300101,2买,2023-08-25,60,1,35.0
300101,3买,2025-07-25,60,2,32.24
300102,1买,2025-04-09,60,1,41.28
300102,3买,2025-04-09,60,1,41.28
300102,2买,2025-10-20,60,4,294.52
300102,1买,2026-05-22,5,1,5.4
300103,1买,2022-12-30,60,1,25.89
300103,1买,2023-04-27,60,1,16.1
300103,2买,2024-11-19,60,1,19.91
300103,2买,2024-11-19,60,1,19.91
300103,3买,2024-11-19,60,1,19.91
300103,1买,2025-01-06,60,1,40.36
300103,3买,2025-01-06,60,1,40.36
300103,2买,2025-11-25,60,1,29.69
300105,1买,2023-03-20,60,1,9.36
300105,1买,2023-04-25,60,1,16.51
300105,2买,2024-05-24,60,1,27.73
300105,1买,2024-08-28,60,2,61.93
300105,2买,2025-01-13,60,1,27.57
300105,1买,2025-04-09,60,1,42.63
300105,2买,2025-08-01,60,1,9.32
300105,2买,2025-08-01,60,1,9.32
300106,1买,2023-04-27,60,1,20.6
300106,1买,2023-06-26,60,3,62.27
300106,2买,2023-10-23,60,1,39.01
300106,2买,2023-10-23,60,1,39.01
300106,3买,2025-09-29,60,1,21.47
300107,1买,2023-06-26,60,1,14.88
300107,2买,2023-08-24,60,1,12.1
300107,3买,2024-08-29,60,1,89.46
300107,1买,2025-04-09,60,1,34.12
300107,3买,2025-04-09,60,1,34.12
300109,1买,2023-01-20,60,1,29.28
300109,2买,2023-06-26,60,1,10.45
300109,1买,2023-10-23,60,1,22.64
300109,1买,2024-02-05,60,1,103.49
300109,2买,2024-03-29,60,1,33.19
300109,2买,2024-03-29,60,1,33.19
300109,1买,2024-09-23,60,1,94.47
300109,2买,2025-01-13,60,1,38.87
300109,1买,2025-04-09,60,1,50.43
300109,3买,2025-04-09,60,1,50.43
300110,1买,2023-06-28,60,8,8.44
300110,2买,2023-08-25,60,1,17.35
300110,1买,2023-10-23,60,1,17.65
300110,1买,2024-09-23,60,1,55.96
300110,2买,2025-06-23,60,1,23.76
300110,1买,2025-12-17,60,1,10.93
300111,1买,2023-10-24,60,1,28.89
300111,2买,2025-01-13,60,1,20.62
300111,1买,2025-04-09,60,1,64.38
300111,2买,2026-04-28,20,1,16.85
300111,3买,2026-04-28,20,1,16.85
300112,1买,2023-10-27,60,1,32.24
300112,2买,2023-12-11,60,2,20.68
300112,1买,2024-07-18,60,1,66.39
300112,2买,2025-01-06,60,1,31.41
300113,1买,2024-02-06,60,1,55.24
300113,2买,2025-01-13,60,1,90.51
300113,3买,2025-01-13,60,1,90.51
300115,1买,2023-06-12,60,1,14.76
300115,1买,2023-08-25,60,1,45.43
300115,2买,2023-10-24,60,1,47.63
300115,2买,2025-04-09,60,1,37.19
300115,3买,2025-06-23,60,1,39.84
300115,3买,2025-11-19,60,1,53.03
300118,1买,2023-05-12,60,1,19.82
300118,1买,2024-02-05,60,1,40.78
300118,1买,2024-07-25,60,1,61.46
300118,1买,2024-08-28,60,1,88.57
300118,2买,2025-08-14,60,1,33.9
300118,1买,2025-10-23,60,1,105.86
300118,2买,2026-04-29,19,1,35.7
300118,2买,2026-04-29,19,1,35.7
300119,1买,2024-09-18,60,1,88.89
300119,2买,2025-02-19,60,1,78.84
300119,3买,2025-04-18,60,1,75.79
300119,3买,2025-06-27,60,2,26.61
300120,1买,2023-10-23,60,2,15.34
300120,2买,2024-11-27,60,1,18.26
300120,3买,2024-11-27,60,1,18.26
300120,1买,2025-01-13,60,1,30.8
300120,3买,2025-01-13,60,1,30.8
300120,1买,2025-04-09,60,1,66.67
300120,2买,2025-06-16,60,1,40.93
300120,2买,2025-08-04,60,1,44.94
300120,1买,2026-03-04,58,1,13.6
300121,1买,2022-12-23,60,1,22.39
300121,1买,2023-08-24,60,2,20.16
300121,1买,2023-10-24,60,1,27.57
300121,2买,2025-01-13,60,1,29.68
300121,2买,2025-01-13,60,1,29.68
300121,2买,2025-01-13,60,1,29.68
300121,1买,2025-04-09,60,1,80.9
300121,2买,2025-08-04,60,2,35.97
300121,3买,2025-08-04,60,2,35.97
300121,1买,2026-04-03,36,1,23.32
300122,1买,2024-09-18,60,1,98.38
300122,2买,2025-02-06,60,1,17.1
300122,1买,2025-04-30,60,1,36.26
300122,2买,2025-10-30,60,1,13.11
300122,1买,2025-12-17,60,13,11.12
300124,1买,2023-01-12,60,1,18.46
300124,1买,2023-11-01,60,2,11.76
300124,2买,2025-04-09,60,1,20.53
300124,2买,2025-11-24,60,1,21.01
300126,3买,2025-08-29,60,1,70.57
300126,3买,2025-08-29,60,1,70.57
300127,1买,2022-12-23,60,1,19.62
300127,2买,2023-04-25,60,1,68.46
300127,3买,2025-05-30,60,2,44.45
300128,1买,2024-07-25,60,1,153.28
300128,2买,2024-09-18,60,1,122.44
300128,1买,2025-01-21,60,1,47.84
300128,3买,2025-01-21,60,1,47.84
300128,2买,2025-06-23,60,1,18.11
300128,1买,2025-08-04,60,1,73.6
300129,1买,2025-04-09,60,1,32.52
300129,2买,2025-11-24,60,1,149.93
300129,3买,2026-03-04,58,1,30.64
300129,1买,2026-04-29,19,1,21.92
300130,1买,2024-01-22,60,1,45.29
300130,3买,2024-01-22,60,1,45.29
300130,2买,2025-01-13,60,1,29.11
300130,1买,2025-04-09,60,1,144.33
300130,2买,2025-05-27,60,1,90.76
300131,1买,2023-06-29,60,1,16.17
300131,1买,2024-07-18,60,1,104.69
300131,2买,2025-01-13,60,1,29.17
300131,2买,2025-01-13,60,1,29.17
300131,3买,2025-01-13,60,1,29.17
300131,1买,2025-04-09,60,1,46.1
300131,3买,2025-04-09,60,1,46.1
300132,1买,2023-10-23,60,1,19.58
300132,3买,2025-04-09,60,1,69.13
300132,2买,2025-07-17,60,4,20.6
300133,1买,2024-02-06,60,1,185.05
300133,2买,2024-07-09,60,1,49.09
300133,1买,2024-09-18,60,1,107.92
300133,2买,2025-01-13,60,1,69.84
300133,3买,2025-01-13,60,1,69.84
300134,3买,2024-11-19,60,1,22.63
300134,1买,2025-01-13,60,1,65.2
300134,2买,2025-06-23,60,1,27.06
300136,3买,2023-12-27,60,1,13.37
300136,1买,2024-02-05,60,1,54.46
300136,2买,2024-06-26,60,1,26.02
300136,3买,2025-01-08,60,1,28.4
300136,1买,2025-04-09,60,1,37.1
300136,2买,2025-06-23,60,1,35.64
300136,3买,2025-06-23,60,1,35.64
300138,1买,2024-02-01,60,1,25.2
300138,1买,2025-01-13,60,1,58.19
300138,2买,2025-06-16,60,1,38.09
300138,2买,2025-06-16,60,1,38.09
300139,3买,2024-05-06,60,1,59.08
300139,3买,2024-06-27,60,1,37.33
300139,1买,2025-04-09,60,1,82.92
300139,2买,2025-08-15,60,1,73.17
300139,3买,2025-08-15,60,1,73.17
300139,3买,2026-04-29,19,1,22.28
300140,3买,2023-03-30,60,3,57.12
300140,1买,2025-04-08,60,1,32.57
300141,1买,2025-04-09,60,1,47.5
300141,2买,2025-06-23,60,1,28.47
300141,3买,2026-03-04,58,1,17.56
300142,1买,2023-08-29,60,1,10.83
300142,1买,2023-10-27,60,1,20.16
300142,1买,2024-09-18,60,1,94.07
300142,2买,2025-05-29,60,1,42.36
300143,1买,2023-04-25,60,1,30.6
300143,1买,2023-10-24,60,1,24.21
300143,1买,2025-04-09,60,1,29.06
300143,2买,2025-12-17,60,1,48.4
300143,2买,2025-12-17,60,1,48.4
300143,2买,2026-03-04,58,1,30.62
300144,1买,2022-10-12,60,1,49.2
300144,2买,2023-01-06,60,1,22.16
300144,1买,2024-07-30,60,1,68.43
300144,2买,2024-11-25,60,1,19.21
300144,1买,2025-01-13,60,1,26.11
300144,2买,2025-04-08,60,1,22.43
300145,3买,2023-10-23,60,2,21.9
300145,3买,2025-04-08,60,1,21.31
300145,1买,2025-12-16,60,1,40.25
300146,1买,2024-02-05,60,1,25.81
300146,1买,2025-04-08,60,1,17.75
300146,2买,2025-06-23,60,6,19.94
300146,1买,2026-03-24,44,1,6.31
300148,1买,2024-02-07,60,1,66.97
300148,2买,2024-04-16,60,1,29.88
300148,1买,2024-06-25,60,1,44.75
300148,2买,2024-11-19,60,1,46.07
300148,3买,2025-01-06,60,1,84.62
300149,1买,2023-03-20,60,2,13.16
300149,1买,2023-08-25,60,1,33.14
300149,1买,2025-04-09,60,1,179.63
300149,2买,2025-08-28,60,1,22.79
300149,2买,2025-08-28,60,1,22.79
300149,2买,2025-08-28,60,1,22.79
300149,3买,2025-10-13,60,1,11.95
300150,1买,2023-08-25,60,1,24.21
300150,2买,2023-10-24,60,1,18.48
300150,3买,2025-09-23,60,1,33.46
300150,3买,2025-09-23,60,1,33.46
300150,3买,2025-09-23,60,1,33.46
300151,1买,2023-05-08,60,1,18.62
300153,1买,2024-08-21,60,1,89.52
300153,2买,2025-06-03,60,2,96.08
300154,3买,2025-02-05,60,1,42.48
300154,3买,2025-02-05,60,1,42.48
300155,1买,2023-10-23,60,1,19.48
300155,1买,2025-04-09,60,1,46.13
300155,2买,2025-09-23,60,1,44.81
300155,2买,2025-12-23,60,1,47.45
300155,3买,2025-12-23,60,1,47.45
300157,1买,2023-06-27,60,1,22.48
300157,2买,2023-09-26,60,1,29.23
300157,1买,2025-04-09,60,1,184.65
300157,2买,2025-09-23,60,1,25.96
300157,1买,2025-12-17,60,1,134.19
300157,3买,2025-12-17,60,1,134.19
300158,1买,2023-08-24,60,2,32.7
300158,2买,2023-10-24,60,1,53.44
300158,1买,2024-09-23,60,1,78.27
300158,2买,2025-01-22,60,1,22.16
300158,1买,2025-04-09,60,1,45.3
300158,2买,2026-02-03,60,2,23.3
300158,1买,2026-03-23,45,1,19.53
300160,1买,2022-12-26,60,6,37.82
300160,1买,2023-10-23,60,2,14.04
300160,1买,2024-09-18,60,1,57.79
300160,2买,2025-01-06,60,1,17.76
300160,1买,2025-04-09,60,1,58.28
300160,2买,2025-08-01,60,4,13.78
300160,2买,2025-08-01,60,4,13.78
300160,1买,2025-09-24,60,1,10.2
300161,1买,2024-08-29,60,1,100.11
300161,2买,2025-01-06,60,1,59.76
300161,3买,2025-06-23,60,1,38.05
300161,3买,2025-12-17,60,6,36.74
300162,1买,2023-04-27,60,1,21.94
300162,2买,2023-08-25,60,1,22.81
300162,1买,2025-04-09,60,1,57.84
300162,2买,2025-10-17,60,1,27.56
300163,1买,2022-10-11,60,1,18.21
300163,2买,2022-12-29,60,2,18.09
300163,3买,2025-09-25,60,1,70.77
300163,3买,2025-12-17,60,1,52.81
300164,1买,2022-10-31,60,2,14.8
300164,1买,2022-12-23,60,2,17.83
300164,2买,2023-04-25,60,1,20.85
300164,2买,2023-04-25,60,1,20.85
300164,1买,2023-08-17,60,1,50.9
300164,1买,2025-04-09,60,1,157.96
300164,2买,2025-09-05,60,1,35.7
300164,2买,2025-09-05,60,1,35.7
300164,3买,2025-12-17,60,1,403.1
300166,1买,2024-02-06,60,1,69.1
300166,1买,2024-07-09,60,1,101.23
300166,2买,2024-08-28,60,1,107.18
300166,2买,2024-11-19,60,1,54.43
300166,1买,2025-01-13,60,1,79.97
300166,3买,2025-01-13,60,1,79.97
300166,2买,2025-04-09,60,1,38.58
300166,1买,2025-10-23,60,1,28.03
300168,1买,2024-02-06,60,1,63.06
300168,2买,2024-04-22,60,1,19.88
300168,1买,2024-07-10,60,1,113.57
300168,2买,2024-08-29,60,1,108.25
300168,3买,2025-04-09,60,1,23.59
300169,1买,2023-10-18,60,1,57.66
300169,3买,2023-10-18,60,1,57.66
300169,1买,2024-02-08,60,1,76.96
300169,2买,2024-06-07,60,1,42.86
300169,2买,2025-08-04,60,1,12.69
300169,1买,2025-10-20,60,1,15.34
300169,3买,2025-10-20,60,1,15.34
300170,1买,2023-10-24,60,1,32.08
300170,1买,2024-02-06,60,1,70.46
300170,2买,2024-04-16,60,1,26.68
300170,2买,2024-11-27,60,1,187.9
300170,3买,2024-11-27,60,1,187.9
300170,3买,2025-04-09,60,1,44.41
300170,1买,2026-04-07,35,1,31.4
300171,1买,2024-02-05,60,1,54.53
300172,1买,2022-12-23,60,6,16.13
300172,2买,2023-12-27,60,3,39.26
300172,1买,2024-02-07,60,1,88.48
300172,2买,2024-07-08,60,1,49.18
300172,1买,2024-09-19,60,1,52.76
300172,2买,2025-01-06,60,1,19.57
300172,1买,2025-04-08,60,1,47.69
300172,2买,2025-09-23,60,1,32.54
300172,3买,2025-09-23,60,1,32.54
300173,1买,2025-04-09,60,1,55.7
300173,2买,2025-09-01,60,1,32.61
300173,3买,2025-10-20,60,2,34.81
300174,1买,2023-10-23,60,1,23.3
300174,1买,2025-04-09,60,1,33.46
300174,2买,2025-05-15,60,3,33.29
300174,2买,2025-05-15,60,3,33.29
300174,1买,2025-12-05,60,1,16.8
300176,3买,2023-06-26,60,2,36.54
300176,1买,2025-04-09,60,1,40.16
300177,1买,2022-12-23,60,6,30.91
300177,2买,2023-05-16,60,2,27.5
300177,3买,2025-01-06,60,1,44.57
300177,3买,2025-01-06,60,1,44.57
300179,1买,2022-12-23,60,1,27.59
300179,1买,2023-10-23,60,2,38.41
300179,2买,2025-01-13,60,1,37.93
300179,1买,2025-04-09,60,1,52.97
300179,2买,2025-09-04,60,1,106.62
300179,3买,2025-09-04,60,1,106.62
300179,2买,2025-12-17,60,1,113.61
300180,1买,2023-06-26,60,1,16.72
300180,1买,2023-09-15,60,1,80.0
300180,2买,2025-01-06,60,1,41.68
300180,2买,2025-01-06,60,1,41.68
300181,1买,2023-08-22,60,2,20.96
300181,1买,2023-10-26,60,1,26.47
300181,2买,2023-12-11,60,1,38.16
300181,2买,2023-12-11,60,1,38.16
300181,3买,2024-07-29,60,1,38.64
300181,3买,2024-07-29,60,1,38.64
300181,1买,2024-09-18,60,1,60.45
300181,3买,2024-09-18,60,1,60.45
300181,2买,2025-01-13,60,1,25.36
300181,3买,2025-09-23,60,1,12.32
300181,1买,2025-11-24,60,11,10.95
300182,1买,2022-12-23,60,3,49.65
300182,2买,2023-05-26,60,1,37.0
300182,1买,2024-07-25,60,1,92.96
300182,2买,2025-04-09,60,1,27.11
300182,3买,2025-09-05,60,1,25.41
300183,1买,2022-12-29,60,2,58.52
300183,2买,2023-03-21,60,1,25.37
300183,1买,2023-04-27,60,1,28.55
300183,1买,2023-10-24,60,1,25.49
300183,1买,2024-07-18,60,1,98.92
300183,2买,2024-11-04,60,1,39.55
300183,2买,2024-11-04,60,1,39.55
300183,2买,2024-11-04,60,1,39.55
300183,3买,2024-11-04,60,1,39.55
300183,3买,2025-01-13,60,1,83.19
300183,1买,2025-12-17,60,1,20.9
300184,1买,2023-08-25,60,1,79.14
300184,2买,2024-11-27,60,1,18.32
300184,1买,2025-01-13,60,1,54.12
300184,3买,2025-01-13,60,1,54.12
300185,1买,2022-12-23,60,2,14.83
300185,2买,2023-04-24,60,1,19.41
300185,1买,2024-07-01,60,1,14.71
300185,2买,2025-01-13,60,1,33.04
300185,1买,2025-04-08,60,1,43.2
300185,2买,2025-09-04,60,1,30.66
300187,1买,2022-12-23,60,6,17.14
300187,1买,2023-04-27,60,2,13.8
300187,1买,2025-01-06,60,1,20.04
300187,1买,2025-04-09,60,1,26.73
300187,2买,2025-09-23,60,1,17.84
300187,2买,2025-09-23,60,1,17.84
300187,1买,2025-12-18,60,1,38.77
300188,3买,2023-10-23,60,1,26.38
300188,1买,2024-02-06,60,1,95.11
300188,2买,2024-07-09,60,1,69.03
300188,1买,2024-08-28,60,1,81.17
300188,2买,2025-01-13,60,1,41.7
300188,1买,2025-04-08,60,1,25.54
300188,2买,2025-11-24,60,1,27.0
300188,3买,2025-11-24,60,1,27.0
300188,1买,2025-12-18,60,2,29.78
300188,1买,2026-02-03,60,1,31.61
300189,3买,2025-09-24,60,1,103.33
300190,1买,2023-04-27,60,1,10.1
300190,2买,2023-10-23,60,1,14.9
300190,1买,2025-04-18,60,2,31.12
300190,2买,2025-11-24,60,2,23.04
300191,1买,2022-12-30,60,7,19.22
300191,2买,2023-03-20,60,6,12.61
300191,1买,2023-06-09,60,1,20.16
300191,2买,2023-09-26,60,1,17.3
300191,1买,2024-09-18,60,1,51.05
300191,2买,2025-01-06,60,1,97.63
300191,1买,2025-12-17,60,1,238.88
300191,3买,2025-12-17,60,1,238.88
300191,2买,2026-04-08,34,1,37.0
300191,1买,2026-05-27,2,1,8.64
300192,1买,2024-02-07,60,1,119.68
300192,2买,2024-04-16,60,1,43.64
300192,3买,2024-04-16,60,1,43.64
300192,3买,2025-05-19,60,1,18.97
300192,1买,2026-03-24,44,1,22.95
300193,1买,2025-01-06,60,1,46.58
300193,2买,2025-06-23,60,1,16.43
300194,3买,2023-10-24,60,1,25.0
300195,1买,2025-04-09,60,1,53.26
300195,3买,2025-04-09,60,1,53.26
300195,2买,2025-08-29,60,1,21.55
300195,3买,2025-08-29,60,1,21.55
300195,1买,2025-10-20,60,1,26.71
300196,1买,2025-04-08,60,1,65.68
300196,2买,2025-05-29,60,1,52.34
300197,1买,2023-10-24,60,1,9.09
300197,1买,2024-06-28,60,1,69.72
300197,2买,2024-09-09,60,1,177.31
300197,1买,2025-04-09,60,1,33.54
300197,2买,2025-09-01,60,1,28.23
300197,3买,2025-09-01,60,1,28.23
300197,1买,2025-12-17,60,1,20.93
300199,1买,2023-08-08,60,1,124.27
300199,1买,2023-08-29,60,1,141.11
300199,2买,2024-02-05,60,1,67.98
300199,2买,2024-04-16,60,1,39.1
300199,1买,2025-01-13,60,1,48.87
300199,1买,2025-04-09,60,1,90.48
300199,2买,2025-12-17,60,1,24.08
300199,2买,2025-12-17,60,1,24.08
300200,3买,2023-04-26,60,1,12.04
300200,3买,2025-06-20,60,1,24.15
300200,3买,2025-06-20,60,1,24.15
300201,3买,2023-06-13,60,1,33.74
300201,1买,2024-09-13,60,1,137.11
300201,2买,2025-01-06,60,1,38.53
300201,1买,2025-04-09,60,1,32.88
300201,3买,2025-04-09,60,1,32.88
300203,1买,2023-10-23,60,1,39.38
300203,2买,2025-03-26,60,1,64.76
300203,3买,2025-03-26,60,1,64.76
300203,1买,2025-11-21,60,1,17.38
300203,1买,2026-03-24,44,1,28.99
300204,1买,2022-07-26,60,1,16.62
300204,2买,2022-12-07,60,1,48.63
300204,1买,2023-08-25,60,1,46.48
300204,1买,2024-07-09,60,1,73.75
300204,2买,2025-01-13,60,1,30.08
300204,2买,2025-12-17,60,1,28.82
300204,1买,2026-02-02,60,1,40.59
300204,3买,2026-02-02,60,1,40.59
300204,1买,2026-03-24,44,1,55.88
300206,3买,2023-03-08,60,5,39.29
300206,1买,2024-02-05,60,1,98.6
300206,2买,2024-04-22,60,1,26.79
300206,1买,2024-07-09,60,1,72.12
300206,1买,2024-08-27,60,1,113.18
300206,2买,2024-11-04,60,1,64.67
300206,2买,2024-11-04,60,1,64.67
300206,3买,2025-01-13,60,1,49.3
300206,1买,2025-04-09,60,1,31.2
300206,2买,2025-06-23,60,1,24.77
300206,3买,2025-12-18,60,1,36.59
300207,1买,2023-01-04,60,1,16.11
300207,1买,2023-08-25,60,1,32.74
300207,2买,2024-05-27,60,3,31.95
300207,3买,2025-01-08,60,1,29.5
300207,1买,2025-04-09,60,1,29.89
300207,3买,2025-04-09,60,1,29.89
300207,2买,2025-06-16,60,3,71.39
300209,1买,2022-10-12,60,1,27.3
300209,1买,2025-04-09,60,1,79.95
300209,3买,2025-04-09,60,1,79.95
300210,3买,2024-08-27,60,1,163.11
300210,1买,2025-04-09,60,1,63.33
300212,3买,2023-05-17,60,1,38.06
300212,1买,2023-07-13,60,1,35.94
300212,1买,2023-08-29,60,1,58.17
300212,2买,2023-10-24,60,1,53.81
300212,1买,2024-08-27,60,1,154.11
300212,2买,2025-01-13,60,1,62.47
300212,1买,2025-04-08,60,1,21.0
300212,3买,2025-04-08,60,1,21.0
300213,3买,2025-01-13,60,1,63.61
300214,1买,2022-12-29,60,1,21.16
300215,1买,2023-10-24,60,1,14.35
300215,2买,2023-12-27,60,1,9.55
300215,3买,2025-06-23,60,1,45.54
300215,3买,2025-07-15,60,1,31.25
300215,1买,2025-10-13,60,1,44.96
300217,1买,2023-04-27,60,1,15.28
300217,1买,2023-08-25,60,1,17.28
300217,1买,2025-04-09,60,1,57.8
300218,3买,2024-09-18,60,1,61.71
300218,3买,2024-11-19,60,1,21.38
300218,1买,2024-12-25,60,1,20.12
300218,2买,2025-10-30,60,2,14.63
300219,1买,2025-04-09,60,1,37.11
300219,2买,2025-09-05,60,1,31.01
300219,1买,2025-12-17,60,2,33.83
300220,1买,2024-04-22,60,1,119.91
300220,2买,2024-09-23,60,1,271.01
300220,3买,2025-11-24,60,1,25.45
300220,1买,2025-12-17,60,1,22.68
300221,1买,2023-04-26,60,1,38.73
300221,2买,2023-10-23,60,1,23.81
300221,3买,2024-11-19,60,1,34.48
300222,1买,2023-04-25,60,1,49.62
300222,2买,2023-08-25,60,1,16.27
300222,1买,2023-10-24,60,1,21.79
300222,2买,2025-01-06,60,1,45.91
300222,1买,2025-04-09,60,1,41.76
300222,2买,2025-12-17,60,3,34.02
300223,1买,2023-10-23,60,1,21.83
300223,1买,2024-02-05,60,1,74.79
300223,2买,2024-05-27,60,1,13.84
300223,1买,2024-07-05,60,2,47.93
300223,2买,2024-11-27,60,1,46.79
300223,2买,2024-11-27,60,1,46.79
300223,1买,2025-01-13,60,1,59.58
300223,2买,2025-06-16,60,1,31.04
300224,1买,2023-06-08,60,5,26.52
300224,2买,2023-09-21,60,8,10.45
300224,1买,2024-08-23,60,4,118.18
300224,2买,2025-01-08,60,1,39.17
300224,3买,2025-04-18,60,3,34.74
300224,3买,2025-09-24,60,1,30.3
300226,1买,2023-10-23,60,1,36.18
300226,1买,2024-02-05,60,1,47.59
300226,1买,2024-09-18,60,1,126.48
300226,2买,2025-01-13,60,1,60.58
300226,2买,2025-01-13,60,1,60.58
300226,1买,2025-04-09,60,1,34.24
300226,2买,2025-09-24,60,1,10.53
300226,2买,2025-09-24,60,1,10.53
300226,3买,2025-09-24,60,1,10.53
300226,1买,2025-12-04,60,2,40.59
300227,1买,2023-08-25,60,1,24.6
300227,2买,2023-10-23,60,1,20.06
300227,3买,2023-10-23,60,1,20.06
300227,1买,2024-07-25,60,1,95.33
300227,2买,2025-01-13,60,1,32.87
300227,1买,2025-04-09,60,1,45.61
300227,3买,2025-04-09,60,1,45.61
300227,2买,2025-10-17,60,1,30.55
300228,1买,2022-12-30,60,1,19.57
300228,1买,2023-04-26,60,1,37.32
300228,2买,2023-08-25,60,1,63.35
300228,2买,2023-08-25,60,1,63.35
300228,1买,2024-02-07,60,1,66.29
300228,2买,2024-09-18,60,1,56.75
300228,1买,2025-04-09,60,1,47.92
300228,2买,2025-10-20,60,1,56.94
300228,3买,2026-01-21,60,1,35.12
300229,3买,2023-04-27,60,1,62.01
300229,1买,2024-02-06,60,1,103.97
300229,2买,2024-04-22,60,1,29.98
300229,1买,2024-08-28,60,1,116.53
300229,2买,2025-01-13,60,1,84.51
300230,1买,2023-06-26,60,3,20.47
300230,2买,2023-08-25,60,1,21.65
300230,1买,2025-04-09,60,1,55.43
300230,2买,2025-12-17,60,1,20.39
300230,1买,2026-03-24,44,1,16.89
300230,3买,2026-03-24,44,1,16.89
300232,1买,2023-10-30,60,1,46.05
300232,1买,2024-07-25,60,1,70.09
300232,2买,2024-11-27,60,1,38.28
300232,2买,2024-11-27,60,1,38.28
300232,3买,2024-11-27,60,1,38.28
300232,1买,2025-01-13,60,1,53.78
300232,2买,2025-11-21,60,2,28.15
300232,3买,2025-11-21,60,2,28.15
300233,1买,2022-12-28,60,1,17.76
300233,1买,2023-09-08,60,2,15.75
300233,1买,2023-10-26,60,1,17.52
300233,2买,2025-08-21,60,1,27.82
300233,2买,2025-08-21,60,1,27.82
300234,1买,2022-12-30,60,2,26.56
300234,2买,2023-03-31,60,3,14.18
300234,1买,2023-06-26,60,4,19.22
300234,1买,2025-04-09,60,1,35.88
300234,2买,2025-09-23,60,1,12.92
300234,2买,2025-09-23,60,1,12.92
300234,1买,2025-12-18,60,1,43.6
300234,3买,2025-12-18,60,1,43.6
300235,3买,2023-05-25,60,1,38.09
300235,1买,2023-07-28,60,1,16.36
300235,1买,2023-09-22,60,1,52.37
300235,2买,2025-09-04,60,2,68.23
300236,1买,2024-09-20,60,1,78.74
300236,2买,2025-01-08,60,1,17.27
300236,3买,2025-03-25,60,2,12.0
300236,3买,2025-11-12,60,1,70.88
300236,3买,2026-03-09,55,1,63.93
300238,1买,2025-04-09,60,1,80.73
300238,2买,2025-12-17,60,1,31.48
300239,1买,2022-10-11,60,1,30.92
300239,1买,2023-10-24,60,1,16.93
300239,1买,2024-09-09,60,4,51.15
300239,2买,2025-01-13,60,1,23.86
300240,1买,2022-08-08,60,4,17.77
300240,3买,2025-03-31,60,1,88.01
300240,2买,2025-06-20,60,1,19.88
300240,3买,2025-06-20,60,1,19.88
300240,1买,2025-09-05,60,1,15.58
300241,1买,2025-04-09,60,1,46.82
300241,2买,2025-10-20,60,1,20.93
300242,1买,2022-07-15,60,1,18.77
300242,2买,2022-12-22,60,1,35.28
300242,1买,2023-10-27,60,1,102.58
300242,1买,2024-06-26,60,1,65.62
300242,2买,2025-04-09,60,1,60.94
300242,2买,2025-04-09,60,1,60.94
300242,3买,2025-07-29,60,1,10.11
300243,1买,2022-11-29,60,1,30.0
300243,2买,2023-04-07,60,3,30.92
300243,1买,2023-04-27,60,1,33.93
300243,2买,2023-10-24,60,1,22.17
300243,1买,2025-04-09,60,1,53.79
300243,2买,2025-08-29,60,1,19.69
300244,1买,2024-07-09,60,1,42.23
300244,1买,2024-09-20,60,2,83.15
300244,2买,2025-01-13,60,1,113.86
300244,2买,2025-04-09,60,1,30.83
300244,3买,2025-12-16,60,1,129.97
300245,3买,2023-07-28,60,2,43.59
300245,3买,2025-01-06,60,1,148.97
300246,1买,2023-08-24,60,1,13.7
300246,1买,2023-10-30,60,1,21.64
300246,1买,2025-04-09,60,1,101.66
300246,2买,2025-10-13,60,1,16.67
300247,1买,2023-04-25,60,1,7.02
300247,1买,2023-07-17,60,9,15.2
300247,1买,2023-08-25,60,1,16.16
300247,1买,2025-04-09,60,1,49.47
300247,3买,2025-04-09,60,1,49.47
300247,2买,2025-06-23,60,1,39.18
300247,2买,2025-06-23,60,1,39.18
300247,2买,2025-06-23,60,1,39.18
300247,2买,2025-06-23,60,1,39.18
300248,1买,2023-10-24,60,1,23.12
300248,2买,2023-12-27,60,1,15.52
300248,1买,2025-10-20,60,1,36.35
300248,3买,2025-10-20,60,1,36.35
300249,1买,2023-09-28,60,1,26.82
300249,2买,2024-12-25,60,1,117.48
300249,3买,2025-04-09,60,1,43.47
300250,1买,2023-05-17,60,1,46.27
300250,3买,2023-05-17,60,1,46.27
300250,2买,2023-08-17,60,1,45.6
300250,1买,2024-06-07,60,1,31.77
300250,2买,2024-11-04,60,1,39.33
300250,1买,2025-04-09,60,1,48.76
300250,2买,2025-09-05,60,1,112.96
300250,3买,2025-11-12,60,1,53.81
300250,3买,2025-12-31,60,1,30.3
300251,1买,2023-10-23,60,2,21.38
300251,1买,2024-02-05,60,1,67.85
300251,2买,2024-05-30,60,1,8.88
300251,2买,2024-05-30,60,1,8.88
300251,1买,2024-09-18,60,1,63.14
300251,2买,2025-01-13,60,1,403.38
300251,3买,2025-01-13,60,1,403.38
300251,1买,2025-11-21,60,1,90.32
300251,3买,2025-11-21,60,1,90.32
300252,3买,2023-04-27,60,1,42.46
300252,1买,2023-08-25,60,1,39.32
300252,1买,2024-02-06,60,1,117.63
300252,2买,2024-07-18,60,1,81.98
300252,2买,2025-01-13,60,1,62.42
300252,3买,2025-03-03,60,1,30.89
300252,3买,2025-03-03,60,1,30.89
300252,1买,2025-11-24,60,1,50.5
300253,1买,2023-08-29,60,1,23.96
300253,2买,2023-10-24,60,1,23.42
300253,3买,2025-06-23,60,1,33.95
300253,3买,2025-08-15,60,1,14.34
300253,1买,2025-11-21,60,1,104.19
300254,1买,2025-12-17,60,1,33.61
300255,1买,2023-07-17,60,8,274.58
300255,2买,2024-02-06,60,1,89.68
300255,3买,2024-07-25,60,2,199.19
300255,3买,2025-03-26,60,1,216.12
300256,1买,2025-04-09,60,1,38.97
300256,2买,2025-06-03,60,2,34.55
300257,1买,2023-08-17,60,1,12.57
300257,1买,2023-10-24,60,1,29.6
300257,1买,2025-04-09,60,1,41.82
300257,2买,2025-06-23,60,1,70.8
300257,2买,2025-12-17,60,6,172.79
300257,2买,2025-12-17,60,6,172.79
300258,1买,2022-12-26,60,1,21.29
300258,2买,2023-08-28,60,1,37.16
300258,1买,2023-10-24,60,1,37.28
300258,3买,2023-10-24,60,1,37.28
300258,2买,2025-09-04,60,1,35.32
300258,3买,2025-09-04,60,1,35.32
300258,1买,2025-11-24,60,1,41.11
300258,3买,2025-11-24,60,1,41.11
300259,1买,2024-07-18,60,2,69.1
300259,2买,2024-08-28,60,1,73.77
300259,1买,2025-04-09,60,1,33.21
300259,2买,2025-12-17,60,1,29.3
300259,3买,2025-12-17,60,1,29.3
300260,1买,2024-02-06,60,1,89.12
300260,1买,2024-08-23,60,1,98.43
300260,2买,2025-01-07,60,1,91.13
300260,2买,2025-01-07,60,1,91.13
300260,1买,2025-06-19,60,1,60.12
300260,2买,2025-12-05,60,1,36.52
300260,1买,2026-04-03,36,2,52.52
300261,1买,2023-08-25,60,1,8.91
300261,1买,2025-04-09,60,1,60.94
300261,2买,2025-07-16,60,1,30.56
300261,3买,2025-09-23,60,7,24.78
300263,1买,2024-02-06,60,1,52.0
300263,2买,2024-03-28,60,1,20.59
300263,1买,2025-04-09,60,1,36.25
300263,2买,2025-09-23,60,1,19.42
300263,3买,2025-09-23,60,1,19.42
300264,1买,2023-05-25,60,1,45.39
300264,2买,2023-07-28,60,1,26.22
300264,1买,2023-08-25,60,1,44.04
300264,2买,2023-10-24,60,1,69.35
300264,1买,2025-04-09,60,1,59.71
300265,1买,2023-10-24,60,1,20.65
300265,2买,2023-12-21,60,1,10.72
300265,1买,2024-09-18,60,1,58.77
300265,2买,2025-01-13,60,1,68.44
300265,1买,2025-04-09,60,1,63.8
300265,2买,2025-09-24,60,1,70.62
300265,3买,2025-11-24,60,1,114.48
300266,1买,2023-05-29,60,1,19.26
300266,1买,2023-07-18,60,1,23.02
300266,1买,2024-06-24,60,1,58.25
300266,2买,2024-08-29,60,1,269.17
300266,1买,2025-04-09,60,1,77.35
300266,3买,2025-04-09,60,1,77.35
300266,2买,2025-07-18,60,1,11.81
300267,1买,2023-08-24,60,2,27.18
300267,2买,2023-10-24,60,1,23.58
300267,1买,2024-06-26,60,1,45.1
300267,2买,2024-09-23,60,1,83.02
300267,3买,2025-10-13,60,1,33.75
300269,1买,2023-06-28,60,1,31.01
300269,1买,2023-08-25,60,1,82.58
300269,2买,2023-10-24,60,1,82.87
300269,2买,2023-10-24,60,1,82.87
300269,1买,2024-07-25,60,1,114.22
300269,2买,2025-01-13,60,1,26.67
300269,1买,2025-04-09,60,1,136.79
300269,2买,2025-10-13,60,1,97.78
300270,3买,2023-06-28,60,1,49.3
300270,1买,2025-04-09,60,1,58.89
300270,2买,2025-08-29,60,1,74.9
300271,1买,2024-08-28,60,1,158.91
300271,2买,2025-01-13,60,1,81.22
300272,1买,2025-04-09,60,1,65.74
300272,2买,2025-09-24,60,1,49.84
300274,1买,2024-02-05,60,1,50.36
300274,1买,2025-04-09,60,1,40.81
300274,2买,2025-08-04,60,1,184.95
300274,2买,2026-03-02,60,1,34.93
300274,3买,2026-03-02,60,1,34.93
300274,1买,2026-04-07,35,1,57.47
300275,1买,2023-08-17,60,1,25.35
300275,2买,2025-01-13,60,1,68.35
300275,3买,2025-10-20,60,1,26.44
300276,3买,2025-04-09,60,1,36.39
300276,1买,2025-07-30,60,1,22.17
300277,1买,2022-10-11,60,1,30.0
300277,2买,2022-12-30,60,1,28.97
300277,1买,2024-02-07,60,1,72.15
300277,2买,2024-04-17,60,1,33.74
300277,3买,2025-01-06,60,1,64.6
300277,3买,2025-04-09,60,1,37.64
300278,1买,2024-02-06,60,1,70.93
300278,2买,2024-07-09,60,1,69.89
300278,3买,2025-01-06,60,1,54.19
300281,1买,2025-10-13,60,1,19.63
300281,3买,2025-10-13,60,1,19.63
300283,1买,2023-10-26,60,1,25.22
300283,3买,2023-10-26,60,1,25.22
300283,1买,2024-06-07,60,1,67.76
300283,2买,2025-01-06,60,1,39.09
300283,1买,2025-04-09,60,1,70.64
300283,2买,2025-10-13,60,1,34.06
300283,2买,2025-10-13,60,1,34.06
300283,3买,2025-12-17,60,1,34.66
300283,3买,2025-12-17,60,1,34.66
300284,1买,2022-10-11,60,1,13.39
300284,2买,2022-12-26,60,6,23.72
300284,3买,2024-11-27,60,1,15.42
300284,1买,2025-01-13,60,1,37.37
300284,3买,2025-01-13,60,1,37.37
300285,1买,2023-07-07,60,1,24.18
300285,1买,2025-04-09,60,1,19.06
300285,2买,2025-10-23,60,1,74.64
300285,2买,2026-03-24,44,1,87.79
300286,1买,2024-02-07,60,1,85.59
300287,1买,2023-04-26,60,1,35.82
300287,2买,2023-09-21,60,1,34.15
300287,3买,2025-01-06,60,1,140.05
300288,3买,2023-10-24,60,1,60.68
300288,1买,2024-02-07,60,1,96.21
300288,2买,2024-07-09,60,1,78.44
300289,1买,2023-04-26,60,1,10.07
300289,1买,2023-06-27,60,3,14.12
300289,2买,2023-10-24,60,1,20.36
300289,2买,2023-10-24,60,1,20.36
300289,1买,2025-04-09,60,1,41.82
300289,2买,2025-10-13,60,1,46.41
300289,1买,2025-12-17,60,1,20.44
300289,3买,2025-12-17,60,1,20.44
300290,1买,2023-08-29,60,1,108.1
300290,2买,2024-04-22,60,1,87.83
300290,3买,2024-08-28,60,1,277.1
300290,1买,2025-04-08,60,1,42.82
300290,3买,2025-04-08,60,1,42.82
300291,3买,2023-07-12,60,1,13.32
300291,1买,2023-08-21,60,1,58.02
300291,1买,2025-12-15,60,1,113.53
300292,1买,2022-12-29,60,2,35.54
300292,2买,2023-04-27,60,1,28.7
300292,1买,2025-04-09,60,1,31.76
300292,3买,2025-04-09,60,1,31.76
300293,3买,2023-04-26,60,1,25.1
300293,3买,2025-01-06,60,1,44.56
300293,1买,2025-04-29,60,1,51.91
300293,1买,2025-06-23,60,1,54.72
300293,2买,2025-12-17,60,1,19.27
300293,2买,2025-12-17,60,1,19.27
300294,1买,2023-03-30,60,1,18.24
300294,1买,2023-10-24,60,2,31.8
300294,2买,2024-06-21,60,1,15.63
300294,1买,2024-07-30,60,1,44.86
300294,2买,2024-09-23,60,1,39.93
300294,1买,2025-03-25,60,5,14.95
300295,1买,2022-07-18,60,1,16.67
300295,2买,2022-12-30,60,1,39.98
300295,3买,2023-06-29,60,1,86.36
300295,1买,2024-07-25,60,1,169.16
300295,2买,2025-01-13,60,1,34.88
300296,1买,2023-08-25,60,1,14.65
300296,2买,2025-12-17,60,3,62.75
300298,1买,2023-08-29,60,1,43.24
300298,2买,2024-11-25,60,1,27.29
300299,1买,2023-10-27,60,1,45.17
300299,2买,2023-11-30,60,1,18.43
300299,1买,2025-04-09,60,1,104.86
300299,2买,2025-10-13,60,1,57.69
300299,3买,2025-12-17,60,1,30.23
300300,1买,2023-09-04,60,1,56.56
300300,2买,2023-10-24,60,1,20.2
300302,3买,2024-06-26,60,1,38.34
300302,1买,2025-01-06,60,1,77.23
300302,2买,2025-08-04,60,1,68.47
300302,1买,2025-09-10,60,1,78.91
300302,2买,2025-12-17,60,1,63.16
300303,3买,2023-10-24,60,1,24.36
300303,1买,2025-01-13,60,1,27.81
300303,3买,2025-01-13,60,1,27.81
300304,1买,2022-12-23,60,6,19.66
300304,2买,2023-07-24,60,1,23.34
300304,3买,2023-08-24,60,1,39.42
300304,1买,2024-09-18,60,1,89.8
300304,2买,2025-01-06,60,1,30.89
300304,1买,2025-04-09,60,1,30.05
300304,2买,2025-12-18,60,1,51.65
300304,3买,2025-12-18,60,1,51.65
300304,3买,2026-03-24,44,1,19.83
300305,1买,2024-09-18,60,1,72.87
300305,2买,2025-01-06,60,1,23.96
300305,1买,2025-04-09,60,1,51.83
300305,2买,2025-09-23,60,1,27.54
300305,1买,2025-12-17,60,1,25.0
300305,3买,2025-12-17,60,1,25.0
300306,1买,2023-10-24,60,1,20.82
300306,2买,2024-11-19,60,1,22.61
300306,1买,2025-01-06,60,1,52.47
300307,1买,2024-02-07,60,1,93.4
300307,2买,2024-04-16,60,1,69.68
300307,3买,2024-11-19,60,1,58.5
300307,1买,2025-01-08,60,1,67.11
300307,3买,2025-01-08,60,1,67.11
300307,2买,2025-04-09,60,1,40.61
300308,1买,2022-12-23,60,2,119.13
300308,2买,2023-03-16,60,1,315.82
300308,3买,2024-06-12,60,1,36.46
300308,1买,2025-04-09,60,1,118.42
300308,2买,2025-10-15,60,1,95.49
300310,3买,2025-01-06,60,1,52.14
300310,1买,2025-04-09,60,1,47.9
300314,3买,2023-03-31,60,1,42.06
300314,1买,2024-08-28,60,1,71.82
300314,2买,2025-01-13,60,1,48.46
300314,3买,2025-10-31,60,6,15.19
300315,1买,2022-10-11,60,1,40.22
300315,2买,2022-12-30,60,1,48.54
300315,3买,2024-02-06,60,1,80.37
300315,1买,2025-04-09,60,1,46.56
300315,2买,2025-10-20,60,4,56.0
300315,1买,2025-12-17,60,6,65.96
300316,1买,2024-02-05,60,1,36.31
300316,1买,2025-04-09,60,1,16.38
300316,1买,2025-06-23,60,2,58.45
300316,2买,2025-12-17,60,1,98.2
300316,2买,2025-12-17,60,1,98.2
300316,2买,2025-12-17,60,1,98.2
300317,1买,2022-12-23,60,1,72.14
300317,2买,2023-06-09,60,1,25.24
300317,1买,2023-10-24,60,1,16.03
300317,1买,2025-10-20,60,1,16.15
300318,1买,2023-04-26,60,1,13.28
300318,1买,2023-06-26,60,4,8.81
300318,1买,2023-08-24,60,2,33.6
300318,2买,2025-01-13,60,1,42.22
300318,2买,2025-05-26,60,2,19.01
300318,2买,2025-05-26,60,2,19.01
300318,1买,2025-10-13,60,1,63.14
300319,1买,2023-08-25,60,1,57.79
300319,2买,2024-09-18,60,1,90.72
300319,1买,2025-04-09,60,1,31.28
300319,2买,2025-06-23,60,1,38.64
300320,1买,2023-10-23,60,1,30.37
300320,2买,2024-08-28,60,1,137.67
300320,1买,2025-04-09,60,1,31.74
300320,3买,2025-04-09,60,1,31.74
300320,2买,2025-11-05,60,1,16.13
300320,1买,2025-12-17,60,1,34.27
300320,2买,2026-04-27,21,1,13.54
300321,1买,2024-09-18,60,1,71.59
300321,2买,2025-01-06,60,1,90.56
300321,3买,2025-01-06,60,1,90.56
300321,3买,2025-06-23,60,1,46.17
300321,3买,2025-06-23,60,1,46.17
300321,1买,2025-07-18,60,1,58.15
300321,2买,2025-12-15,60,1,31.71
300322,1买,2023-08-25,60,1,153.63
300322,2买,2024-04-16,60,1,39.71
300322,1买,2025-04-09,60,1,72.16
300322,2买,2025-06-23,60,1,124.76
300322,3买,2025-06-23,60,1,124.76
300322,3买,2026-02-11,60,1,38.32
300322,1买,2026-03-24,44,1,56.72
300323,1买,2024-07-25,60,1,72.3
300323,2买,2024-09-18,60,1,88.04
300323,1买,2025-04-18,60,1,34.68
300323,3买,2025-04-18,60,1,34.68
300324,1买,2022-12-23,60,2,29.37
300324,2买,2023-05-26,60,1,20.27
300324,1买,2023-08-25,60,1,49.12
300324,2买,2025-01-06,60,1,106.46
300324,1买,2026-04-07,35,1,21.66
300327,1买,2023-10-24,60,1,25.97
300327,1买,2025-04-08,60,1,35.5
300327,2买,2025-09-05,60,1,27.32
300327,2买,2025-09-05,60,1,27.32
300328,1买,2023-04-27,60,1,21.04
300328,1买,2023-08-25,60,1,35.52
300328,1买,2024-07-09,60,1,117.87
300328,2买,2025-01-06,60,1,122.8
300328,2买,2025-01-06,60,1,122.8
300328,2买,2025-01-06,60,1,122.8
300328,3买,2025-04-09,60,1,77.98
300328,3买,2025-04-09,60,1,77.98
300329,3买,2025-04-09,60,1,70.72
300329,1买,2026-05-27,2,1,6.97
300331,1买,2023-04-27,60,1,44.6
300331,3买,2023-04-27,60,1,44.6
300331,1买,2025-04-09,60,1,57.08
300331,2买,2025-12-05,60,1,87.95
300331,2买,2025-12-05,60,1,87.95
300331,3买,2025-12-05,60,1,87.95
300331,3买,2025-12-05,60,1,87.95
300332,1买,2023-03-21,60,1,15.23
300332,1买,2024-09-23,60,1,75.77
300332,2买,2025-01-13,60,1,16.67
300332,1买,2025-04-08,60,1,47.0
300332,2买,2025-12-18,60,2,53.32
300333,3买,2025-04-09,60,1,100.92
300333,3买,2025-12-05,60,1,22.1
300334,3买,2023-12-26,60,2,9.02
300334,1买,2024-07-18,60,1,81.0
300334,2买,2024-08-28,60,1,67.47
300335,3买,2023-10-23,60,1,21.98
300335,1买,2025-04-09,60,1,72.6
300335,2买,2025-09-23,60,1,18.25
300335,1买,2025-12-17,60,1,48.9
300335,3买,2025-12-17,60,1,48.9
300335,2买,2026-04-27,21,1,15.73
300337,1买,2023-06-12,60,1,19.65
300337,1买,2023-08-25,60,1,108.89
300337,2买,2024-07-25,60,1,207.34
300337,2买,2024-07-25,60,1,207.34
300337,1买,2025-04-09,60,1,32.2
300337,3买,2025-04-09,60,1,32.2
300339,3买,2023-05-17,60,1,26.2
300339,1买,2023-08-25,60,1,68.39
300339,2买,2024-04-16,60,1,12.75
300339,1买,2024-08-13,60,2,359.34
300339,2买,2025-01-06,60,2,50.65
300339,1买,2025-04-08,60,1,44.0
300339,3买,2025-04-08,60,1,44.0
300339,2买,2025-06-23,60,1,55.71
300340,1买,2023-01-03,60,1,111.2
300340,2买,2023-05-10,60,1,28.11
300340,1买,2023-06-09,60,1,34.25
300340,1买,2024-07-18,60,1,83.12
300340,2买,2025-01-06,60,1,50.77
300340,1买,2025-04-09,60,1,197.26
300340,2买,2025-08-01,60,1,29.29
300340,2买,2025-08-01,60,1,29.29
300340,3买,2025-08-01,60,1,29.29
300340,1买,2026-03-04,58,1,15.31
300340,1买,2026-04-07,35,1,15.07
300341,1买,2023-08-29,60,1,53.83
300341,1买,2024-08-26,60,1,327.58
300341,2买,2025-01-08,60,1,39.86
300341,2买,2025-01-08,60,1,39.86
300341,3买,2025-01-08,60,1,39.86
300341,1买,2025-04-09,60,1,45.95
300341,3买,2025-04-09,60,1,45.95
300342,1买,2023-01-03,60,1,47.14
300342,2买,2023-04-25,60,1,84.42
300342,3买,2024-09-18,60,1,99.48
300342,3买,2024-09-18,60,1,99.48
300342,1买,2025-04-09,60,1,52.15
300342,2买,2025-10-23,60,1,256.65
300345,1买,2023-10-24,60,1,14.47
300345,1买,2025-04-09,60,1,142.16
300345,2买,2025-07-30,60,6,49.86
300345,1买,2025-10-13,60,1,34.11
300345,1买,2025-12-17,60,1,51.86
300345,2买,2026-04-28,20,1,21.57
300345,2买,2026-04-28,20,1,21.57
300346,1买,2024-02-05,60,1,64.74
300346,2买,2024-04-22,60,1,50.49
300346,1买,2025-03-25,60,2,17.29
300346,3买,2025-03-25,60,2,17.29
300346,2买,2025-11-18,60,1,78.09
300347,1买,2022-10-12,60,1,52.41
300347,2买,2023-04-04,60,1,21.61
300347,1买,2023-10-26,60,1,30.84
300347,1买,2025-05-19,60,1,72.8
300347,2买,2025-08-28,60,1,12.59
300348,3买,2023-05-26,60,1,20.97
300348,1买,2023-07-13,60,1,16.68
300348,2买,2025-01-13,60,1,60.11
300348,1买,2025-04-08,60,1,85.77
300348,3买,2025-04-08,60,1,85.77
300348,2买,2025-08-08,60,1,14.6
300348,1买,2025-12-04,60,1,29.75
300349,3买,2023-10-24,60,1,16.77
300349,1买,2024-02-06,60,1,77.08
300349,2买,2024-04-16,60,1,31.95
300349,1买,2024-09-18,60,1,61.33
300349,2买,2025-01-13,60,1,23.87
300349,1买,2025-04-09,60,1,16.5
300350,1买,2023-04-26,60,1,16.63
300350,1买,2023-06-27,60,2,31.78
300350,2买,2023-10-23,60,1,42.72
300350,2买,2023-12-26,60,2,35.04
300350,1买,2024-02-07,60,1,72.93
300350,2买,2024-04-16,60,1,50.48
300350,1买,2024-09-18,60,1,80.05
300350,2买,2025-01-13,60,1,45.68
300350,3买,2025-01-13,60,1,45.68
300350,1买,2025-04-07,60,1,58.69
300350,2买,2025-06-20,60,1,32.04
300350,3买,2025-12-31,60,1,11.42
300351,1买,2025-01-06,60,1,34.07
300351,2买,2025-10-23,60,1,32.04
300351,1买,2025-12-17,60,1,24.92
300352,1买,2023-08-25,60,1,24.78
300352,1买,2024-08-29,60,1,108.33
300352,2买,2024-11-27,60,1,35.36
300352,2买,2024-11-27,60,1,35.36
300353,1买,2024-01-24,60,1,48.66
300353,1买,2024-07-09,60,1,107.73
300353,2买,2024-09-09,60,1,106.08
300353,2买,2025-01-06,60,1,137.13
300354,1买,2024-07-01,60,1,14.68
300354,2买,2024-11-01,60,1,46.34
300354,3买,2025-10-23,60,1,28.97
300354,3买,2025-10-23,60,1,28.97
300355,1买,2024-07-10,60,1,144.19
300355,2买,2025-01-13,60,1,42.86
300355,3买,2025-01-13,60,1,42.86
300355,1买,2025-04-09,60,1,25.54
300355,3买,2025-04-09,60,1,25.54
300355,2买,2025-06-23,60,1,23.37
300355,1买,2025-12-18,60,1,16.33
300355,1买,2026-02-13,60,2,16.62
300357,1买,2024-02-05,60,1,50.38
300357,2买,2024-04-12,60,1,26.16
300357,1买,2024-09-18,60,1,78.98
300357,2买,2025-01-13,60,1,29.73
300357,1买,2025-03-27,60,1,11.26
300357,3买,2025-03-27,60,1,11.26
300357,2买,2025-09-29,60,1,30.0
300358,1买,2024-02-05,60,1,49.78
300358,1买,2024-07-25,60,3,39.15
300358,1买,2024-09-23,60,1,64.47
300358,2买,2025-01-13,60,1,33.5
300358,2买,2025-09-05,60,1,55.39
300359,1买,2022-10-11,60,1,132.47
300359,2买,2023-04-11,60,1,27.45
300359,1买,2023-04-28,60,1,37.4
300359,3买,2023-04-28,60,1,37.4
300359,1买,2023-10-23,60,1,20.61
300359,3买,2025-10-13,60,1,16.48
300360,1买,2022-10-26,60,1,82.66
300360,2买,2023-03-16,60,1,40.4
300360,1买,2023-12-27,60,1,47.07
300360,1买,2024-02-05,60,1,53.55
300360,2买,2024-04-17,60,1,29.17
300360,2买,2024-04-17,60,1,29.17
300360,1买,2025-04-09,60,1,14.59
300360,2买,2025-06-23,60,5,14.51
300360,3买,2025-06-23,60,5,14.51
300363,1买,2023-07-21,60,2,15.81
300363,1买,2023-09-11,60,1,38.98
300363,1买,2024-08-28,60,1,101.47
300363,2买,2025-01-13,60,1,37.58
300363,1买,2025-04-09,60,1,43.38
300363,2买,2025-11-24,60,1,35.11
300363,3买,2025-11-24,60,1,35.11
300364,1买,2022-10-11,60,1,78.08
300364,2买,2022-12-23,60,1,129.61
300364,3买,2023-10-23,60,1,201.09
300364,1买,2024-08-29,60,1,130.74
300364,3买,2024-08-29,60,1,130.74
300364,2买,2025-04-09,60,1,65.02
300364,1买,2025-12-17,60,1,91.68
300365,1买,2023-05-05,60,1,25.36
300365,1买,2023-09-21,60,1,22.56
300368,1买,2022-10-11,60,1,24.2
300368,2买,2022-12-23,60,2,40.84
300368,1买,2025-04-08,60,1,251.29
300368,2买,2025-07-14,60,1,117.92
300368,3买,2026-03-23,45,1,24.02
300369,1买,2023-10-24,60,1,23.15
300369,1买,2024-07-09,60,1,126.86
300369,2买,2024-08-13,60,2,122.01
300369,1买,2025-04-09,60,1,35.33
300370,1买,2024-06-06,60,1,30.26
300370,2买,2024-11-25,60,1,74.28
300370,1买,2025-04-09,60,1,62.22
300370,2买,2025-10-17,60,2,16.43
300371,1买,2025-10-13,60,1,14.55
300373,1买,2022-10-11,60,1,32.41
300373,2买,2022-12-23,60,1,14.13
300373,1买,2023-03-20,60,1,17.37
300373,1买,2023-08-25,60,1,26.47
300373,2买,2023-10-24,60,1,21.33
300373,1买,2024-02-01,60,1,32.91
300373,2买,2024-04-19,60,1,29.54
300373,1买,2025-01-08,60,1,28.41
300373,3买,2025-01-08,60,1,28.41
300373,1买,2025-04-08,60,1,41.53
300373,2买,2025-11-24,60,1,51.78
300373,2买,2025-11-24,60,1,51.78
300373,2买,2025-11-24,60,1,51.78
300374,3买,2023-08-25,60,1,23.71
300374,1买,2024-01-23,60,1,110.14
300374,2买,2024-03-28,60,1,42.65
300374,1买,2024-08-23,60,1,110.9
300374,2买,2025-01-06,60,1,24.32
300374,1买,2025-06-23,60,1,42.57
300375,3买,2025-01-13,60,1,37.86
300375,1买,2025-04-09,60,1,57.02
300377,1买,2023-07-13,60,1,45.89
300377,2买,2023-11-03,60,1,13.95
300377,1买,2024-07-18,60,1,241.4
300377,2买,2025-01-13,60,1,51.08
300377,1买,2025-04-08,60,1,44.91
300377,3买,2025-04-08,60,1,44.91
300378,1买,2022-12-23,60,4,65.87
300378,2买,2023-05-16,60,1,100.74
300378,3买,2025-01-13,60,1,117.27
300378,3买,2025-06-04,60,1,102.82
300378,1买,2025-06-23,60,1,112.48
300378,2买,2025-09-24,60,1,34.1
300378,1买,2025-12-17,60,1,78.96
300380,3买,2023-04-25,60,1,31.59
300380,1买,2024-01-23,60,1,25.0
300380,1买,2024-02-08,60,1,85.23
300380,2买,2025-01-13,60,1,60.02
300380,2买,2025-01-13,60,1,60.02
300380,3买,2025-01-13,60,1,60.02
300380,3买,2025-01-13,60,1,60.02
300380,3买,2025-08-08,60,2,33.37
300381,1买,2022-12-30,60,3,17.57
300381,3买,2025-03-25,60,1,23.87
300381,1买,2025-09-24,60,1,15.76
300381,1买,2025-12-15,60,3,19.94
300382,1买,2022-12-23,60,1,23.92
300382,1买,2023-10-26,60,1,20.77
300382,1买,2024-02-06,60,1,51.15
300382,2买,2024-11-19,60,1,73.04
300382,2买,2024-11-19,60,1,73.04
300382,3买,2025-01-06,60,1,95.76
300382,3买,2025-07-07,60,1,38.04
300382,3买,2025-08-28,60,1,45.59
300383,1买,2024-02-05,60,1,54.9
300383,2买,2024-07-25,60,4,63.77
300383,1买,2024-09-10,60,1,83.84
300383,2买,2025-04-09,60,1,23.0
300383,3买,2025-04-09,60,1,23.0
300383,1买,2025-06-23,60,1,42.71
300384,1买,2022-11-28,60,1,16.96
300384,2买,2023-03-20,60,1,21.54
300384,1买,2025-01-13,60,1,56.4
300384,3买,2025-01-13,60,1,56.4
300385,1买,2025-04-09,60,1,47.57
300385,2买,2025-06-23,60,1,23.58
300386,1买,2023-07-13,60,1,22.16
300386,2买,2025-01-13,60,1,55.67
300386,3买,2025-01-13,60,1,55.67
300386,3买,2025-04-09,60,1,123.05
300387,1买,2022-10-11,60,1,31.8
300387,2买,2022-12-30,60,1,24.92
300387,1买,2023-04-26,60,2,25.4
300387,2买,2023-06-26,60,1,16.42
300387,1买,2025-12-17,60,1,35.99
300387,3买,2025-12-17,60,1,35.99
300388,1买,2023-10-23,60,2,13.61
300388,1买,2024-09-18,60,1,78.52
300388,2买,2025-01-06,60,1,13.99
300388,2买,2025-01-06,60,1,13.99
300388,1买,2025-04-08,60,1,15.88
300388,3买,2025-04-08,60,1,15.88
300388,2买,2025-06-23,60,1,48.72
300388,3买,2025-09-04,60,1,44.32
300389,3买,2023-12-19,60,1,38.16
300389,1买,2024-09-18,60,1,64.12
300389,2买,2025-12-12,60,1,35.52
300390,1买,2022-10-31,60,1,15.76
300390,1买,2022-12-23,60,1,17.55
300390,1买,2023-09-27,60,1,15.09
300390,1买,2024-01-09,60,1,10.18
300390,1买,2024-02-05,60,1,48.29
300390,1买,2024-08-23,60,1,106.31
300390,2买,2025-01-13,60,1,19.34
300390,2买,2025-01-13,60,1,19.34
300390,1买,2025-06-03,60,4,29.2
300390,2买,2025-09-03,60,1,232.77
300390,3买,2025-09-03,60,1,232.77
300390,2买,2026-02-10,60,1,173.89
300390,2买,2026-02-10,60,1,173.89
300390,1买,2026-03-09,55,1,177.59
300393,1买,2022-12-23,60,1,49.24
300393,1买,2023-10-24,60,1,15.36
300393,1买,2023-12-21,60,1,20.66
300393,1买,2024-07-09,60,1,76.91
300393,1买,2024-08-28,60,1,85.03
300393,2买,2025-01-13,60,1,20.04
300393,2买,2025-01-13,60,1,20.04
300393,1买,2025-04-09,60,1,33.12
300393,2买,2025-08-04,60,10,13.58
300393,1买,2025-09-23,60,1,66.9
300393,2买,2025-12-17,60,1,100.0
300394,3买,2023-05-11,60,1,151.18
300394,3买,2024-01-30,60,1,118.75
300394,1买,2024-09-04,60,1,118.32
300394,2买,2025-01-14,60,1,42.98
300394,1买,2025-04-09,60,1,62.09
300394,2买,2025-06-24,60,1,222.42
300395,1买,2023-10-30,60,1,18.59
300395,2买,2025-05-28,60,2,139.63
300395,3买,2025-05-28,60,2,139.63
300395,1买,2025-06-13,60,1,155.51
300395,2买,2025-10-15,60,1,66.25
300396,3买,2023-03-27,60,1,43.16
300396,1买,2024-04-17,60,1,28.88
300396,1买,2025-01-13,60,1,24.13
300397,1买,2024-09-18,60,1,127.15
300397,2买,2025-01-06,60,1,69.93
300397,1买,2025-04-08,60,1,57.07
300397,2买,2025-10-20,60,4,46.72
300398,1买,2025-04-09,60,1,51.15
300398,2买,2025-06-16,60,3,43.49
300398,3买,2025-11-24,60,1,63.55
300399,3买,2023-07-13,60,1,50.66
300399,1买,2024-02-07,60,1,88.56
300399,2买,2025-04-09,60,1,168.81
300399,3买,2025-10-13,60,1,22.01
300400,1买,2023-08-17,60,1,54.62
300400,2买,2023-10-27,60,1,43.05
300401,1买,2023-06-27,60,4,11.96
300401,1买,2023-08-22,60,1,9.35
300401,2买,2024-09-10,60,2,55.0
300401,2买,2024-09-10,60,2,55.0
300401,3买,2024-11-27,60,1,15.36
300401,3买,2024-11-27,60,1,15.36
300401,1买,2025-01-24,60,3,23.7
300402,1买,2022-12-12,60,1,27.75
300402,2买,2023-03-20,60,1,15.4
300402,1买,2023-04-27,60,1,23.06
300402,2买,2023-06-09,60,1,19.79
300402,1买,2024-09-18,60,1,62.72
300402,2买,2025-01-13,60,1,84.96
300403,1买,2022-12-30,60,1,46.4
300403,3买,2022-12-30,60,1,46.4
300403,2买,2023-04-25,60,1,72.63
300403,1买,2023-10-24,60,1,34.68
300403,2买,2023-12-07,60,4,11.1
300403,1买,2023-12-19,60,1,13.19
300403,3买,2023-12-19,60,1,13.19
300403,2买,2025-04-09,60,1,66.64
300403,3买,2025-04-09,60,1,66.64
300403,3买,2025-09-05,60,1,20.27
300404,1买,2022-10-12,60,1,51.18
300404,2买,2022-12-28,60,1,62.02
300404,1买,2023-08-25,60,1,35.56
300404,1买,2023-10-24,60,1,39.73
300404,2买,2024-11-19,60,1,33.6
300404,2买,2024-11-19,60,1,33.6
300404,3买,2024-11-19,60,1,33.6
300405,1买,2022-12-14,60,1,32.17
300405,2买,2023-04-26,60,1,24.79
300405,3买,2023-12-19,60,1,38.91
300405,1买,2025-04-09,60,1,86.26
300405,2买,2025-06-20,60,1,51.0
300405,3买,2025-06-20,60,1,51.0
300406,1买,2022-09-26,60,1,24.61
300406,2买,2022-12-30,60,3,33.85
300406,1买,2023-10-27,60,1,35.62
300406,1买,2024-02-02,60,1,36.13
300407,1买,2023-10-24,60,1,25.42
300407,2买,2023-12-28,60,1,14.85
300407,3买,2024-11-04,60,1,23.33
300407,3买,2024-11-04,60,1,23.33
300407,1买,2025-01-06,60,1,27.28
300407,3买,2025-01-06,60,1,27.28
300407,1买,2025-04-09,60,1,34.04
300407,2买,2025-09-24,60,1,44.84
300408,3买,2025-01-06,60,3,15.15
300408,3买,2025-01-06,60,3,15.15
300408,3买,2025-01-06,60,3,15.15
300408,1买,2025-07-10,60,4,66.13
300409,1买,2023-10-24,60,1,13.53
300409,1买,2024-07-25,60,1,78.42
300409,2买,2025-01-13,60,1,65.0
300409,2买,2025-01-13,60,1,65.0
300409,3买,2025-01-13,60,1,65.0
300409,3买,2025-04-28,60,2,31.89
300409,3买,2026-02-02,60,1,12.27
300410,1买,2025-04-09,60,1,120.0
300410,2买,2025-08-28,60,1,48.45
300410,3买,2025-10-17,60,1,17.42
300411,1买,2022-12-29,60,2,18.23
300411,2买,2023-12-28,60,1,153.7
300411,1买,2024-09-18,60,1,118.1
300411,3买,2024-09-18,60,1,118.1
300411,2买,2024-11-18,60,1,14.82
300411,1买,2025-01-06,60,1,43.36
300411,2买,2025-09-23,60,1,13.53
300412,1买,2022-09-26,60,1,34.28
300412,1买,2023-08-25,60,1,22.18
300412,1买,2023-10-24,60,1,24.95
300412,2买,2023-12-27,60,1,10.75
300412,2买,2023-12-27,60,1,10.75
300412,1买,2025-06-23,60,1,33.33
300412,3买,2025-06-23,60,1,33.33
300412,2买,2025-10-13,60,1,27.96
300413,1买,2024-09-18,60,1,77.64
300413,2买,2025-01-07,60,1,23.36
300414,1买,2025-01-13,60,1,32.74
300414,1买,2025-04-09,60,1,172.57
300414,2买,2025-09-24,60,1,42.83
300414,2买,2025-09-24,60,1,42.83
300414,3买,2025-09-24,60,1,42.83
300414,1买,2025-12-05,60,1,71.44
300414,3买,2025-12-05,60,1,71.44
300415,1买,2022-12-23,60,1,63.36
300415,2买,2023-06-09,60,1,28.93
300415,1买,2025-01-06,60,1,39.31
300415,2买,2025-10-20,60,1,21.69
300416,1买,2023-04-06,60,1,16.01
300416,1买,2023-10-26,60,1,39.7
300416,1买,2024-02-05,60,1,50.58
300416,2买,2024-04-16,60,1,21.57
300416,1买,2024-09-18,60,1,68.29
300416,2买,2025-01-13,60,1,74.04
300416,2买,2025-11-21,60,2,51.8
300417,3买,2025-03-14,60,1,11.92
300418,1买,2023-10-26,60,1,56.61
300418,3买,2023-10-26,60,1,56.61
300418,2买,2024-01-23,60,1,47.53
300418,1买,2024-02-05,60,1,73.91
300418,2买,2024-03-27,60,1,25.5
300418,1买,2024-04-23,60,1,23.21
300420,1买,2025-04-09,60,1,70.22
300420,2买,2025-06-23,60,1,58.52
300420,3买,2025-06-23,60,1,58.52
300420,3买,2025-09-04,60,1,22.94
300420,3买,2025-10-13,60,1,14.77
300421,1买,2022-12-30,60,1,37.15
300421,1买,2023-06-08,60,2,39.07
300421,2买,2023-12-11,60,2,36.17
300421,2买,2025-09-05,60,1,130.21
300421,3买,2025-09-05,60,1,130.21
300422,1买,2025-04-09,60,1,95.36
300422,2买,2025-07-18,60,3,15.46
300423,1买,2023-10-24,60,1,37.25
300423,2买,2026-02-03,60,1,50.31
300424,3买,2023-08-29,60,1,17.47
300424,1买,2024-09-18,60,1,124.44
300424,2买,2024-12-25,60,1,26.41
300424,1买,2025-01-13,60,1,27.43
300424,2买,2025-09-29,60,1,38.55
300425,1买,2023-04-25,60,1,31.84
300425,2买,2023-06-27,60,1,26.45
300425,1买,2024-02-08,60,1,46.9
300425,2买,2024-07-10,60,1,51.78
300425,1买,2024-08-23,60,3,89.97
300425,2买,2024-11-27,60,1,35.66
300425,1买,2025-01-13,60,1,18.06
300425,3买,2025-01-13,60,1,18.06
300425,1买,2025-04-08,60,1,27.73
300425,2买,2025-09-30,60,1,12.2
300425,2买,2025-09-30,60,1,12.2
300425,1买,2025-12-17,60,2,12.89
300426,1买,2024-02-06,60,1,95.84
300426,2买,2024-07-09,60,1,99.36
300427,1买,2023-10-24,60,1,30.08
300427,2买,2025-08-01,60,1,20.03
300427,1买,2025-09-24,60,1,172.81
300427,3买,2025-09-24,60,1,172.81
300427,2买,2026-05-22,5,1,8.12
300428,1买,2023-06-08,60,1,29.22
300428,2买,2023-08-25,60,1,17.35
300428,1买,2023-10-24,60,1,13.07
300428,1买,2025-04-09,60,1,40.0
300428,2买,2025-10-20,60,1,18.93
300428,2买,2025-10-20,60,1,18.93
300428,1买,2025-11-24,60,1,26.95
300428,3买,2025-11-24,60,1,26.95
300429,1买,2022-12-30,60,2,45.9
300429,2买,2023-05-10,60,2,33.67
300429,1买,2025-04-09,60,1,62.99
300429,2买,2025-09-05,60,1,24.08
300430,1买,2023-08-08,60,1,35.35
300430,3买,2023-08-08,60,1,35.35
300430,2买,2023-11-14,60,1,12.91
300430,1买,2024-09-18,60,1,99.29
300430,2买,2025-01-07,60,1,67.97
300430,3买,2025-04-09,60,1,54.4
300430,3买,2025-08-04,60,1,35.21
300432,1买,2023-04-27,60,1,26.24
300432,1买,2023-08-28,60,1,52.29
300432,2买,2025-01-06,60,1,82.28
300432,2买,2025-01-06,60,1,82.28
300432,3买,2025-01-06,60,1,82.28
300433,1买,2023-04-27,60,1,12.69
300433,2买,2023-06-08,60,2,13.58
300433,3买,2024-09-19,60,1,66.29
300433,3买,2024-11-25,60,1,64.95
300434,3买,2023-07-20,60,16,19.43
300434,1买,2023-08-24,60,1,23.34
300434,1买,2024-08-29,60,1,56.99
300434,2买,2024-11-19,60,1,34.74
300434,1买,2025-01-03,60,1,45.87
300434,2买,2025-03-11,60,2,28.32
300434,1买,2025-04-09,60,1,64.08
300434,2买,2025-09-29,60,3,46.44
300435,1买,2023-10-27,60,1,11.93
300435,2买,2023-12-27,60,1,8.21
300435,1买,2025-04-09,60,1,67.14
300435,2买,2025-11-24,60,1,96.77
300436,1买,2022-10-11,60,1,76.39
300436,1买,2023-08-29,60,1,46.8
300436,2买,2024-12-05,60,1,57.49
300436,2买,2025-02-19,60,1,35.17
300436,3买,2025-10-10,60,1,39.55
300436,3买,2025-10-10,60,1,39.55
300436,1买,2025-12-16,60,1,77.21
300436,3买,2025-12-16,60,1,77.21
300436,1买,2026-01-22,60,1,88.61
300436,2买,2026-05-28,1,1,9.7
300437,1买,2024-02-07,60,1,83.58
300437,2买,2024-06-25,60,1,23.82
300437,1买,2024-09-18,60,1,85.41
300437,2买,2025-01-24,60,2,25.49
300437,1买,2025-04-09,60,1,67.25
300437,2买,2025-09-24,60,1,212.27
300437,1买,2026-04-03,36,1,19.15
300438,1买,2024-08-21,60,1,144.76
300438,2买,2025-02-05,60,1,35.6
300438,1买,2025-04-09,60,1,40.44
300438,2买,2025-07-21,60,4,61.96
300438,1买,2025-08-04,60,1,107.86
300438,2买,2026-01-30,60,1,114.47
300439,1买,2023-06-27,60,3,10.34
300439,1买,2025-12-17,60,2,14.39
300441,1买,2023-04-26,60,1,25.83
300441,2买,2023-06-12,60,1,23.66
300441,1买,2025-04-09,60,1,21.32
300441,1买,2025-06-23,60,1,30.99
300441,2买,2025-10-20,60,4,7.26
300441,2买,2025-10-20,60,4,7.26
300441,3买,2025-10-20,60,4,7.26
300441,1买,2025-12-17,60,2,16.39
300442,1买,2024-02-05,60,1,128.18
300442,2买,2024-08-14,60,3,85.35
300442,3买,2025-06-03,60,1,52.0
300443,1买,2022-12-23,60,1,43.51
300443,2买,2023-05-10,60,1,21.63
300443,1买,2024-02-05,60,1,63.22
300443,2买,2025-01-06,60,1,28.75
300443,1买,2025-04-09,60,1,39.07
300443,2买,2025-08-01,60,1,61.95
300444,1买,2022-12-30,60,1,46.68
300444,2买,2023-03-20,60,1,82.77
300444,3买,2024-04-17,60,1,50.78
300444,1买,2024-08-28,60,1,60.98
300444,2买,2025-01-13,60,1,61.0
300444,1买,2025-04-09,60,1,34.64
300445,3买,2023-08-29,60,1,18.12
300445,1买,2023-10-23,60,1,41.7
300445,2买,2024-04-16,60,1,18.42
300445,3买,2024-11-01,60,1,26.12
300445,1买,2025-01-06,60,1,62.54
300445,1买,2025-04-09,60,1,26.85
300445,2买,2025-06-23,60,1,32.95
300446,1买,2023-04-20,60,1,55.66
300446,2买,2023-06-27,60,2,25.27
300446,1买,2023-08-17,60,1,80.91
300446,2买,2025-01-08,60,1,41.93
300446,3买,2025-04-09,60,1,21.02
300447,1买,2023-04-27,60,1,32.45
300447,1买,2024-09-18,60,1,59.74
300447,2买,2025-01-06,60,1,34.16
300447,1买,2025-04-09,60,1,69.35
300447,2买,2025-09-26,60,1,35.2
300447,3买,2025-11-21,60,1,69.43
300448,3买,2023-07-28,60,1,28.16
300448,1买,2025-04-09,60,1,37.77
300448,3买,2025-04-09,60,1,37.77
300449,1买,2022-12-29,60,2,65.22
300449,2买,2023-04-27,60,1,37.57
300449,3买,2025-01-06,60,1,83.04
300449,3买,2025-04-08,60,1,55.54
300449,3买,2025-07-30,60,1,14.13
300449,1买,2025-10-13,60,1,16.69
300449,1买,2025-12-17,60,1,41.69
300449,2买,2026-02-02,60,1,35.22
300450,1买,2022-12-23,60,1,27.06
300450,1买,2023-10-26,60,1,17.98
300450,1买,2025-04-09,60,1,53.58
300450,2买,2025-10-13,60,1,21.65
300450,2买,2025-10-13,60,1,21.65
300450,2买,2025-10-13,60,1,21.65
300451,1买,2022-09-26,60,4,57.48
300451,2买,2022-12-22,60,1,49.59
300451,1买,2024-08-28,60,1,100.65
300452,1买,2023-03-21,60,1,21.42
300452,2买,2023-05-10,60,4,17.15
300452,1买,2023-10-23,60,1,12.71
300452,1买,2024-09-18,60,4,52.48
300452,2买,2024-11-27,60,1,10.59
300452,1买,2025-01-13,60,1,19.53
300452,1买,2025-04-11,60,2,43.51
300452,2买,2025-06-23,60,1,35.92
300452,2买,2025-06-23,60,1,35.92
300453,1买,2023-06-26,60,2,12.1
300453,1买,2023-08-25,60,1,26.43
300453,1买,2024-08-26,60,1,53.9
300453,2买,2025-01-13,60,1,20.97
300453,2买,2025-01-13,60,1,20.97
300453,2买,2025-01-13,60,1,20.97
300453,3买,2025-04-08,60,1,21.02
300453,3买,2025-06-20,60,3,51.17
300453,1买,2025-12-30,60,2,20.93
300453,3买,2025-12-30,60,2,20.93
300454,3买,2023-05-12,60,1,18.28
300454,1买,2024-08-22,60,1,91.42
300454,1买,2024-09-18,60,2,97.42
300454,2买,2025-01-13,60,1,174.08
300454,2买,2025-01-13,60,1,174.08
300454,3买,2025-04-09,60,1,25.24
300454,3买,2025-05-28,60,1,32.54
300455,3买,2023-06-28,60,1,50.43
300455,3买,2025-03-03,60,1,16.12
300455,3买,2025-10-23,60,1,157.44
300456,1买,2023-01-03,60,1,27.05
300456,2买,2023-02-20,60,3,49.5
300456,3买,2023-12-07,60,1,20.67
300456,1买,2024-08-13,60,3,68.26
300456,2买,2024-11-19,60,1,23.61
300456,1买,2025-01-13,60,1,25.26
300456,1买,2025-04-09,60,1,30.33
300456,2买,2025-06-23,60,1,78.21
300456,2买,2025-06-23,60,1,78.21
300456,3买,2025-10-23,60,1,212.07
300456,3买,2026-03-27,41,1,40.08
300457,1买,2023-06-09,60,4,99.64
300457,2买,2023-08-23,60,1,42.73
300457,1买,2023-09-11,60,1,21.31
300457,1买,2024-04-22,60,1,45.28
300457,2买,2025-01-13,60,1,35.94
300457,1买,2025-04-09,60,1,59.79
300457,2买,2025-05-27,60,2,42.26
300457,2买,2025-12-19,60,1,25.67
300457,3买,2025-12-19,60,1,25.67
300457,1买,2026-03-25,43,1,28.01
300458,1买,2024-02-06,60,1,61.73
300458,2买,2024-09-23,60,1,133.4
300458,3买,2025-06-03,60,1,28.92
300459,3买,2023-10-27,60,1,43.12
300459,1买,2024-02-06,60,1,65.3
300459,2买,2024-04-22,60,1,29.44
300459,1买,2024-07-09,60,1,79.44
300459,2买,2024-08-28,60,1,151.86
300459,3买,2025-01-06,60,1,46.94
300459,1买,2025-04-09,60,1,40.94
300459,2买,2025-10-20,60,3,49.89
300460,1买,2023-05-10,60,1,66.82
300460,2买,2023-08-17,60,1,38.61
300460,1买,2025-04-28,60,1,81.18
300460,2买,2025-10-13,60,1,32.35
300460,1买,2025-12-31,60,2,35.32
300461,3买,2023-06-14,60,1,33.71
300461,1买,2024-06-11,60,1,120.27
300461,2买,2024-08-13,60,1,70.09
300461,1买,2025-04-09,60,1,50.31
300461,2买,2025-06-23,60,1,30.14
300463,1买,2023-07-07,60,4,5.86
300463,1买,2023-08-25,60,1,15.86
300463,1买,2023-10-24,60,3,24.77
300463,1买,2025-04-09,60,1,11.93
300463,2买,2025-06-23,60,2,17.06
300465,3买,2024-11-04,60,1,96.31
300465,3买,2025-10-28,60,3,26.41
300465,1买,2026-04-27,21,1,18.23
300466,1买,2022-12-30,60,1,52.68
300466,2买,2023-02-28,60,2,49.73
300466,1买,2023-04-27,60,1,62.38
300466,2买,2023-08-25,60,1,45.66
300466,3买,2023-08-25,60,1,45.66
300466,1买,2024-08-13,60,3,87.84
300466,2买,2025-01-06,60,1,76.52
300466,3买,2025-04-09,60,1,106.7
300466,1买,2025-10-20,60,2,23.63
300467,3买,2023-04-24,60,1,64.24
300467,1买,2023-10-23,60,1,53.77
300467,1买,2024-09-18,60,1,75.9
300467,2买,2024-11-04,60,1,33.38
300467,2买,2024-11-04,60,1,33.38
300467,3买,2025-08-29,60,1,33.71
300468,1买,2022-09-29,60,1,52.74
300468,2买,2022-12-28,60,3,33.26
300468,1买,2023-10-23,60,1,23.43
300468,2买,2025-01-13,60,1,61.01
300468,3买,2025-01-13,60,1,61.01
300468,3买,2025-03-31,60,1,241.12
300469,3买,2023-08-17,60,1,12.84
300469,1买,2023-10-24,60,1,22.64
300469,2买,2025-01-13,60,1,99.28
300469,3买,2025-04-08,60,1,46.56
300470,1买,2022-10-12,60,1,30.35
300470,2买,2022-12-23,60,4,20.46
300470,3买,2022-12-23,60,4,20.46
300470,1买,2023-12-11,60,1,8.57
300470,1买,2024-02-02,60,1,26.59
300470,2买,2024-11-27,60,1,31.99
300470,1买,2025-01-13,60,1,20.88
300470,1买,2025-04-08,60,1,22.02
300470,2买,2025-10-31,60,2,15.96
300470,2买,2025-10-31,60,2,15.96
300471,1买,2022-12-30,60,1,36.89
300471,2买,2023-06-09,60,1,29.59
300471,1买,2023-10-24,60,1,17.14
300471,3买,2025-02-05,60,1,21.08
300471,1买,2025-04-09,60,1,63.1
300471,2买,2025-08-04,60,1,20.97
300471,1买,2025-09-04,60,1,45.63
300471,2买,2025-11-24,60,1,40.1
300471,2买,2026-03-24,44,1,9.32
300471,3买,2026-03-24,44,1,9.32
300473,1买,2025-01-23,60,1,70.91
300473,2买,2025-08-01,60,2,20.37
300474,1买,2022-10-11,60,1,63.16
300474,2买,2022-12-23,60,1,137.47
300474,1买,2024-02-05,60,1,120.75
300474,2买,2024-09-18,60,1,103.83
300474,3买,2025-01-27,60,1,23.62
300474,1买,2025-04-08,60,1,23.53
300474,2买,2025-12-03,60,1,16.68
300475,1买,2023-03-20,60,1,86.02
300475,2买,2023-06-28,60,1,119.74
300475,3买,2023-08-29,60,1,56.97
300475,1买,2023-10-26,60,1,73.84
300475,2买,2024-11-27,60,1,47.02
300475,1买,2025-01-13,60,1,77.15
300475,2买,2025-07-24,60,1,290.12
300476,3买,2023-06-29,60,1,34.41
300476,3买,2023-06-29,60,1,34.41
300476,1买,2023-08-21,60,1,29.11
300476,2买,2024-05-30,60,1,65.98
300476,3买,2024-09-09,60,1,101.54
300476,3买,2025-12-01,60,1,26.0
300476,1买,2026-02-06,60,1,59.64
300479,1买,2023-04-27,60,1,26.45
300479,1买,2024-08-29,60,1,88.23
300479,2买,2024-11-19,60,1,50.61
300479,2买,2025-07-15,60,3,12.31
300479,3买,2025-07-15,60,3,12.31
300479,1买,2025-07-24,60,1,13.33
300479,3买,2025-07-24,60,1,13.33
300480,1买,2022-12-26,60,1,50.14
300480,2买,2023-06-07,60,1,11.76
300480,1买,2023-07-10,60,1,14.36
300480,3买,2023-07-10,60,1,14.36
300480,1买,2024-09-23,60,1,68.13
300480,2买,2025-01-06,60,1,48.43
300480,1买,2025-04-09,60,1,64.36
300481,1买,2023-10-23,60,1,14.9
300482,1买,2023-06-29,60,9,6.52
300482,1买,2023-08-08,60,1,9.67
300482,1买,2025-04-09,60,1,14.12
300483,1买,2024-09-18,60,1,89.74
300483,2买,2025-02-05,60,1,23.4
300483,3买,2025-09-04,60,2,70.2
300484,1买,2023-08-29,60,1,24.66
300484,2买,2023-10-24,60,1,24.33
300484,1买,2025-04-09,60,1,58.63
300484,3买,2025-04-09,60,1,58.63
300484,2买,2025-08-28,60,1,25.92
300485,1买,2023-06-26,60,4,19.33
300485,2买,2023-08-24,60,1,23.94
300485,1买,2024-07-10,60,1,64.92
300485,2买,2024-09-18,60,1,54.92
300485,1买,2025-12-17,60,1,21.27
300486,1买,2023-04-26,60,1,44.35
300486,1买,2023-10-24,60,1,13.33
300486,2买,2025-10-13,60,1,36.56
300486,2买,2025-10-13,60,1,36.56
300486,1买,2026-01-07,60,1,55.49
300486,3买,2026-01-07,60,1,55.49
300487,1买,2023-01-05,60,1,63.66
300487,2买,2023-04-14,60,1,13.0
300487,1买,2023-05-05,60,3,15.2
300487,1买,2024-02-05,60,1,39.44
300487,2买,2024-03-29,60,1,20.4
300487,1买,2024-04-29,60,1,20.48
300487,2买,2025-01-09,60,1,17.89
300487,1买,2025-04-09,60,1,26.56
300489,1买,2025-04-08,60,1,63.89
300489,3买,2025-04-08,60,1,63.89
300489,2买,2025-11-24,60,1,48.43
300490,1买,2024-02-06,60,1,72.15
300490,2买,2024-03-28,60,1,28.62
300490,1买,2024-08-28,60,1,86.45
300490,2买,2025-01-13,60,1,45.97
300490,1买,2025-04-09,60,1,42.29
300490,2买,2025-08-29,60,1,70.11
300490,3买,2025-11-26,60,1,71.99
300490,3买,2025-11-26,60,1,71.99
300491,1买,2025-01-06,60,1,95.22
300491,2买,2025-04-09,60,1,66.28
300491,3买,2025-12-05,60,1,33.12
300491,3买,2025-12-05,60,1,33.12
300492,3买,2023-07-26,60,1,19.6
300492,3买,2025-01-13,60,1,48.72
300492,1买,2025-08-11,60,1,40.43
300493,1买,2024-02-07,60,1,98.6
300493,2买,2024-04-16,60,1,48.88
300493,3买,2025-04-09,60,1,58.1
300493,3买,2025-08-04,60,2,34.59
300494,1买,2024-02-06,60,1,90.33
300494,1买,2024-07-25,60,1,62.6
300494,1买,2024-08-28,60,1,78.87
300494,2买,2025-01-06,60,1,57.53
300494,2买,2025-01-06,60,1,57.53
300494,2买,2025-12-17,60,1,33.19
300494,3买,2026-04-07,35,1,10.95
300496,1买,2023-02-20,60,1,36.15
300496,1买,2024-02-05,60,1,54.03
300496,2买,2024-04-22,60,1,36.78
300496,1买,2025-01-13,60,1,50.91
300496,2买,2025-09-23,60,1,13.86
300496,3买,2025-09-23,60,1,13.86
300497,1买,2022-10-12,60,1,42.03
300497,2买,2022-12-28,60,2,17.86
300497,1买,2023-05-17,60,2,30.27
300497,1买,2023-08-24,60,1,17.16
300497,1买,2025-04-09,60,1,49.1
300497,2买,2025-09-04,60,1,131.63
300497,2买,2026-03-23,45,1,46.89
300497,2买,2026-03-23,45,1,46.89
300499,1买,2023-09-22,60,1,46.54
300499,2买,2023-12-27,60,1,13.76
300499,3买,2023-12-27,60,1,13.76
300499,1买,2024-02-07,60,1,107.94
300499,2买,2024-07-09,60,1,43.43
300499,3买,2025-04-09,60,1,49.92
300500,1买,2024-02-08,60,1,73.27
300500,2买,2024-04-16,60,1,97.03
300500,1买,2025-01-06,60,1,48.23
300500,2买,2025-06-23,60,1,54.25
300500,3买,2025-06-23,60,1,54.25
300501,1买,2023-10-23,60,1,23.39
300501,1买,2024-02-07,60,1,74.97
300501,2买,2024-07-10,60,1,63.2
300501,2买,2025-06-19,60,2,45.77
300501,3买,2025-06-19,60,2,45.77
300502,3买,2023-11-02,60,1,94.13
300502,3买,2024-04-22,60,1,104.66
300502,3买,2025-01-14,60,1,35.67
300502,1买,2025-04-09,60,1,105.67
300502,2买,2025-05-28,60,1,225.31
300502,1买,2025-11-24,60,1,64.28
300502,3买,2025-11-24,60,1,64.28
300503,1买,2022-12-23,60,1,29.07
300503,2买,2023-03-14,60,1,29.46
300503,1买,2023-11-02,60,1,55.6
300503,3买,2023-11-02,60,1,55.6
300503,1买,2024-09-24,60,1,145.14
300503,2买,2024-11-27,60,1,95.37
300503,2买,2024-11-27,60,1,95.37
300503,3买,2025-04-09,60,1,42.36
300503,3买,2025-11-24,60,1,189.23
300504,1买,2024-02-07,60,1,58.69
300505,1买,2023-04-26,60,1,32.22
300505,2买,2023-06-26,60,1,29.02
300505,1买,2023-07-07,60,1,32.06
300505,1买,2024-02-08,60,1,147.27
300505,2买,2024-09-18,60,1,85.7
300505,2买,2025-09-23,60,1,38.31
300507,1买,2022-10-11,60,1,17.11
300507,1买,2022-12-26,60,1,31.34
300507,2买,2023-05-09,60,2,23.43
300507,1买,2023-08-25,60,1,57.25
300507,2买,2025-01-06,60,1,67.69
300507,2买,2025-01-06,60,1,67.69
300507,3买,2025-09-04,60,1,38.41
300508,1买,2025-01-06,60,1,71.28
300508,2买,2025-04-09,60,1,28.93
300509,1买,2024-07-18,60,1,76.47
300509,2买,2024-08-23,60,1,69.23
300510,1买,2022-09-02,60,1,23.19
300510,2买,2023-07-11,60,1,16.59
300510,1买,2023-07-25,60,1,31.63
300510,3买,2023-07-25,60,1,31.63
300510,1买,2024-08-28,60,1,88.35
300510,2买,2025-01-22,60,1,42.25
300510,1买,2025-04-09,60,1,44.01
300510,2买,2025-09-23,60,1,19.67
300510,1买,2025-12-18,60,1,31.5
300511,1买,2022-10-11,60,1,20.67
300511,2买,2023-07-28,60,1,14.14
300511,1买,2023-10-23,60,2,6.23
300511,2买,2025-08-04,60,1,17.87
300511,1买,2025-09-15,60,1,49.12
300511,3买,2025-09-15,60,1,49.12
300511,2买,2025-12-18,60,1,29.56
300511,1买,2026-02-03,60,1,43.24
300512,1买,2022-10-11,60,1,29.48
300512,2买,2023-04-27,60,1,49.01
300512,1买,2025-04-09,60,1,58.51
300512,2买,2025-09-23,60,1,55.4
300513,1买,2025-09-05,60,1,31.79
300513,2买,2025-12-05,60,1,21.01
300513,1买,2025-12-31,60,1,23.66
300514,3买,2023-12-27,60,1,16.31
300514,1买,2025-04-09,60,1,21.0
300514,2买,2025-08-01,60,2,13.89
300514,1买,2026-03-24,44,1,9.9
300515,1买,2023-11-01,60,2,19.84
300515,1买,2024-02-07,60,1,73.72
300515,2买,2024-04-16,60,1,51.64
300515,2买,2024-11-19,60,1,71.63
300515,1买,2025-01-06,60,1,93.67
300515,3买,2025-01-06,60,1,93.67
300515,2买,2025-04-09,60,1,127.16
300515,1买,2025-12-17,60,1,17.04
300516,1买,2022-10-12,60,1,29.29
300516,2买,2022-12-23,60,2,42.16
300516,1买,2025-04-08,60,1,64.38
300516,2买,2025-09-05,60,1,84.43
300516,3买,2026-02-12,60,1,13.32
300516,1买,2026-03-24,44,1,16.32
300517,1买,2023-04-24,60,1,39.32
300517,2买,2023-08-25,60,1,12.47
300517,1买,2023-10-24,60,1,28.28
300517,2买,2026-01-30,60,1,13.44
300518,1买,2023-10-23,60,1,30.73
300518,1买,2024-07-18,60,1,103.12
300518,2买,2024-12-24,60,1,24.08
300518,1买,2025-04-09,60,1,89.61
300518,2买,2025-08-15,60,1,36.65
300518,2买,2026-03-04,58,1,93.18
300518,1买,2026-03-24,44,1,101.59
300519,1买,2022-09-26,60,1,49.04
300519,2买,2022-12-28,60,1,20.14
300519,1买,2023-04-26,60,1,15.01
300519,1买,2023-08-25,60,1,39.31
300519,2买,2023-10-24,60,1,37.1
300519,1买,2025-04-09,60,1,40.61
300519,2买,2025-06-23,60,1,48.5
300519,3买,2025-11-24,60,1,19.91
300520,3买,2023-06-29,60,1,20.07
300520,1买,2025-04-09,60,1,44.18
300520,2买,2025-06-23,60,1,25.11
300521,1买,2022-10-11,60,1,26.48
300521,2买,2022-12-23,60,1,58.36
300521,1买,2023-06-14,60,1,45.31
300521,2买,2023-08-28,60,1,34.35
300521,3买,2023-10-23,60,1,22.21
300521,1买,2025-04-09,60,1,50.92
300521,3买,2025-04-09,60,1,50.92
300522,1买,2025-12-19,60,1,14.67
300523,1买,2022-10-11,60,1,39.45
300523,2买,2022-12-29,60,1,39.38
300523,1买,2023-10-24,60,1,13.83
300523,1买,2024-02-07,60,1,53.93
300523,1买,2024-09-09,60,1,118.71
300523,2买,2025-01-13,60,1,61.51
300523,2买,2025-01-13,60,1,61.51
300523,1买,2025-04-09,60,1,42.93
300523,2买,2025-09-23,60,1,53.17
300525,1买,2023-10-27,60,1,21.55
300525,2买,2023-12-27,60,1,11.19
300525,1买,2024-08-15,60,2,85.87
300525,2买,2025-01-13,60,1,71.3
300528,1买,2022-10-12,60,1,72.62
300528,2买,2023-01-31,60,1,32.12
300528,1买,2024-06-25,60,1,46.26
300528,2买,2024-08-28,60,1,72.35
300528,1买,2025-04-09,60,1,85.41
300528,2买,2025-08-29,60,1,100.12
300529,1买,2022-11-01,60,1,16.67
300529,1买,2023-08-25,60,1,19.49
300529,1买,2023-10-26,60,1,21.9
300529,2买,2023-11-28,60,1,10.59
300529,2买,2023-11-28,60,1,10.59
300529,1买,2024-07-30,60,1,64.46
300529,3买,2024-07-30,60,1,64.46
300529,2买,2024-12-05,60,2,6.89
300529,1买,2025-03-07,60,6,8.28
300529,1买,2025-12-16,60,4,11.41
300529,1买,2026-04-07,35,10,17.02
300530,1买,2022-12-30,60,1,34.27
300530,1买,2024-02-08,60,1,168.41
300530,2买,2024-04-22,60,1,56.77
300530,1买,2024-08-13,60,1,87.1
300530,2买,2025-01-06,60,1,135.51
300530,2买,2025-08-15,60,1,37.11
300530,3买,2025-08-15,60,1,37.11
300530,1买,2025-12-17,60,1,30.85
300530,3买,2025-12-17,60,1,30.85
300531,3买,2025-08-04,60,3,26.71
300531,3买,2025-08-04,60,3,26.71
300531,1买,2025-10-13,60,1,19.81
300531,1买,2025-12-17,60,1,21.83
300531,2买,2026-04-24,22,1,14.94
300532,1买,2023-04-24,60,1,37.33
300532,3买,2023-04-24,60,1,37.33
300532,1买,2024-09-19,60,1,61.06
300532,2买,2025-01-13,60,1,43.01
300532,1买,2025-04-09,60,1,38.11
300533,1买,2024-02-06,60,1,60.66
300533,1买,2024-08-28,60,1,112.32
300533,2买,2025-01-13,60,1,72.88
300533,2买,2025-04-25,60,1,104.4
300533,3买,2025-12-16,60,2,30.55
300533,3买,2025-12-16,60,2,30.55
300534,1买,2022-10-12,60,1,74.8
300534,2买,2022-12-30,60,1,26.36
300534,1买,2023-08-25,60,1,37.03
300534,2买,2025-09-23,60,1,19.36
300534,1买,2025-12-17,60,2,26.87
300535,3买,2023-12-25,60,1,13.61
300535,1买,2025-04-09,60,1,48.16
300535,2买,2025-09-23,60,1,21.83
300535,1买,2025-12-17,60,1,41.06
300535,3买,2025-12-17,60,1,41.06
300537,3买,2023-03-06,60,1,18.12
300537,1买,2023-04-26,60,1,29.69
300537,2买,2023-08-25,60,1,106.29
300537,3买,2024-11-18,60,1,38.79
300537,1买,2025-01-24,60,1,37.45
300538,1买,2024-09-18,60,1,53.33
300538,1买,2025-04-09,60,1,38.85
300538,2买,2025-10-17,60,1,37.97
300538,2买,2025-10-17,60,1,37.97
300538,3买,2025-10-17,60,1,37.97
300539,1买,2023-04-26,60,1,69.57
300539,2买,2023-08-25,60,1,50.59
300539,1买,2023-10-23,60,1,54.21
300539,2买,2023-11-24,60,1,11.19
300539,1买,2023-12-27,60,1,8.45
300539,2买,2025-06-23,60,1,223.25
300539,3买,2025-06-23,60,1,223.25
300539,3买,2025-06-23,60,1,223.25
300539,1买,2026-03-24,44,1,40.35
300539,3买,2026-03-24,44,1,40.35
300540,1买,2024-02-06,60,1,93.64
300540,2买,2024-04-16,60,1,32.58
300541,1买,2025-04-09,60,1,68.25
300541,2买,2025-08-01,60,3,22.89
300542,1买,2024-08-29,60,1,245.79
300542,2买,2025-01-06,60,1,27.53
300542,1买,2025-04-07,60,1,92.91
300542,3买,2025-04-07,60,1,92.91
300542,2买,2025-05-26,60,1,46.48
300543,1买,2022-12-23,60,1,25.49
300543,2买,2023-04-27,60,1,27.41
300543,3买,2024-12-18,60,1,60.02
300543,3买,2025-09-02,60,1,34.2
300543,1买,2026-04-03,36,1,10.78
300545,3买,2023-08-17,60,1,58.42
300545,1买,2024-02-06,60,1,57.43
300545,2买,2024-06-11,60,1,17.12
300545,1买,2024-08-23,60,1,88.54
300546,3买,2025-12-16,60,1,20.3
300547,1买,2022-12-27,60,1,46.1
300547,2买,2023-05-09,60,1,19.52
300547,1买,2023-08-25,60,1,37.38
300547,2买,2024-12-19,60,1,154.45
300547,3买,2025-06-23,60,1,119.24
300548,3买,2023-08-25,60,1,34.35
300548,1买,2024-08-29,60,1,75.08
300548,2买,2025-04-09,60,1,157.39
300549,1买,2025-04-09,60,1,51.78
300549,2买,2025-10-17,60,1,17.23
300549,3买,2025-10-17,60,1,17.23
300549,1买,2025-12-17,60,1,17.75
300550,1买,2024-02-07,60,1,87.34
300550,2买,2024-07-18,60,1,86.67
300550,1买,2025-04-09,60,1,35.73
300551,3买,2023-10-24,60,1,59.27
300551,1买,2024-07-10,60,1,210.0
300551,2买,2025-01-06,60,1,50.95
300551,1买,2025-04-09,60,1,64.46
300552,1买,2022-12-23,60,1,39.24
300552,2买,2023-03-08,60,1,19.26
300552,3买,2024-11-25,60,1,30.74
300553,1买,2023-10-27,60,1,31.62
300553,1买,2024-02-07,60,1,123.95
300553,2买,2024-04-17,60,1,23.07
300553,3买,2025-06-23,60,1,33.18
300553,1买,2025-10-23,60,1,69.08
300553,1买,2025-11-24,60,1,80.46
300554,3买,2023-03-21,60,1,18.63
300554,1买,2023-05-10,60,1,26.09
300554,2买,2025-01-13,60,1,36.05
300554,1买,2025-04-09,60,1,99.81
300554,2买,2025-09-04,60,1,26.87
300554,1买,2025-12-17,60,1,26.34
300556,3买,2023-07-28,60,1,23.5
300556,1买,2023-08-17,60,1,25.8
300556,2买,2023-10-24,60,1,80.69
300556,1买,2024-07-25,60,1,60.12
300556,1买,2024-08-29,60,1,63.03
300556,2买,2024-11-04,60,1,64.63
300556,2买,2024-11-04,60,1,64.63
300556,3买,2025-09-23,60,1,16.81
300557,1买,2023-04-25,60,1,56.48
300557,1买,2024-09-18,60,1,68.99
300557,2买,2024-11-25,60,1,51.22
300557,1买,2025-01-06,60,1,58.25
300557,1买,2025-06-04,60,1,29.83
300557,2买,2025-10-20,60,1,71.71
300557,2买,2026-03-31,39,1,29.81
300558,1买,2023-08-08,60,1,48.45
300558,2买,2023-12-04,60,1,11.08
300559,1买,2022-10-11,60,1,71.39
300559,2买,2023-04-11,60,1,96.22
300559,3买,2023-07-28,60,1,49.67
300559,1买,2023-09-22,60,1,51.88
300559,1买,2024-09-19,60,1,88.0
300560,1买,2023-10-24,60,1,39.87
300560,3买,2023-10-24,60,1,39.87
300560,1买,2025-04-09,60,1,41.85
300562,3买,2023-12-28,60,1,13.69
300562,1买,2025-01-13,60,1,65.65
300562,3买,2025-01-13,60,1,65.65
300562,2买,2025-10-23,60,2,28.12
300562,1买,2025-11-24,60,1,32.4
300563,1买,2022-12-23,60,1,60.71
300563,2买,2023-08-25,60,1,42.54
300563,3买,2024-09-20,60,1,164.09
300564,1买,2025-04-08,60,1,57.84
300564,2买,2025-09-05,60,1,12.48
300564,1买,2025-12-17,60,2,27.95
300564,3买,2025-12-17,60,2,27.95
300564,2买,2026-03-05,57,1,23.77
300565,1买,2022-12-23,60,1,15.71
300565,1买,2023-06-28,60,1,45.9
300565,1买,2025-04-09,60,1,58.51
300565,2买,2025-09-05,60,1,17.55
300566,1买,2022-10-12,60,1,68.57
300566,1买,2023-08-25,60,1,28.27
300566,2买,2023-12-26,60,2,21.91
300566,1买,2025-01-13,60,1,43.03
300566,3买,2025-01-13,60,1,43.03
300566,2买,2025-10-20,60,4,13.38
300566,1买,2025-12-17,60,1,22.6
300567,3买,2023-03-28,60,1,93.44
300567,1买,2023-08-29,60,1,29.51
300567,3买,2023-08-29,60,1,29.51
300567,2买,2026-03-24,44,1,94.14
300568,1买,2022-10-31,60,1,37.66
300568,1买,2023-09-27,60,5,24.61
300568,2买,2023-12-21,60,1,14.13
300568,1买,2024-09-23,60,1,95.54
300568,2买,2025-01-08,60,1,42.47
300568,1买,2025-04-09,60,1,76.28
300568,2买,2025-08-04,60,1,31.97
300569,1买,2025-04-09,60,1,67.53
300570,3买,2023-09-19,60,1,51.52
300570,1买,2024-02-05,60,1,77.21
300570,2买,2024-07-25,60,1,159.2
300570,1买,2024-09-09,60,1,222.78
300570,2买,2025-04-09,60,1,82.67
300570,3买,2025-05-28,60,1,109.96
300571,1买,2023-08-17,60,1,40.2
300572,1买,2022-10-11,60,1,25.14
300572,2买,2023-08-29,60,1,29.54
300573,1买,2023-09-27,60,1,42.9
300573,1买,2026-03-24,44,1,18.22
300575,1买,2024-02-07,60,1,37.47
300575,2买,2024-04-16,60,1,41.13
300575,1买,2025-04-28,60,1,52.7
300575,2买,2025-07-16,60,2,25.63
300575,1买,2025-09-05,60,1,28.46
300576,3买,2023-05-15,60,1,43.99
300576,3买,2023-08-25,60,1,82.58
300576,1买,2024-02-06,60,1,78.75
300576,2买,2024-05-17,60,1,45.11
300576,1买,2025-06-18,60,2,25.05
300577,3买,2025-01-13,60,1,21.44
300577,1买,2025-04-09,60,1,50.0
300577,2买,2025-09-04,60,1,21.14
300578,3买,2023-05-16,60,1,25.14
300578,1买,2023-06-29,60,1,16.42
300578,1买,2025-04-09,60,1,51.78
300578,2买,2025-10-17,60,3,69.61
300578,1买,2025-12-05,60,1,93.04
300578,3买,2025-12-05,60,1,93.04
300578,2买,2026-03-24,44,1,24.8
300579,1买,2022-10-11,60,1,52.45
300579,2买,2022-12-30,60,1,63.84
300579,1买,2023-06-29,60,1,24.56
300579,3买,2023-06-29,60,1,24.56
300579,2买,2025-10-14,60,1,10.96
300579,1买,2025-12-16,60,2,30.18
300579,3买,2025-12-16,60,2,30.18
300580,1买,2022-12-23,60,1,56.19
300580,2买,2023-07-28,60,1,30.9
300580,1买,2023-08-25,60,1,90.78
300580,3买,2023-08-25,60,1,90.78
300580,2买,2023-10-24,60,1,79.91
300581,1买,2024-02-07,60,1,65.59
300581,2买,2024-07-09,60,1,63.7
300581,1买,2025-04-08,60,1,192.3
300581,2买,2025-06-12,60,1,97.17
300581,3买,2025-06-12,60,1,97.17
300581,3买,2025-06-12,60,1,97.17
300581,3买,2025-09-29,60,1,31.09
300581,1买,2025-11-13,60,1,38.98
300582,1买,2022-08-04,60,1,18.12
300582,1买,2022-12-23,60,1,39.76
300582,1买,2023-08-25,60,1,12.3
300582,2买,2025-01-08,60,1,36.25
300582,1买,2025-04-09,60,1,51.5
300582,2买,2025-11-24,60,1,53.14
300582,2买,2025-11-24,60,1,53.14
300582,3买,2025-11-24,60,1,53.14
300583,1买,2024-07-25,60,1,145.4
300583,2买,2025-01-06,60,1,46.12
300583,1买,2025-10-20,60,1,13.38
300584,1买,2023-06-26,60,6,23.24
300584,1买,2023-08-25,60,1,62.56
300584,1买,2025-03-25,60,1,150.27
300584,1买,2025-04-09,60,1,200.84
300584,2买,2025-07-16,60,1,143.47
300584,2买,2025-07-16,60,1,143.47
300584,2买,2025-07-16,60,1,143.47
300584,2买,2025-07-16,60,1,143.47
300584,3买,2025-10-24,60,1,45.35
300584,1买,2025-12-16,60,1,22.94
300585,1买,2023-10-24,60,1,29.38
300585,1买,2024-02-07,60,1,154.65
300585,2买,2024-06-07,60,1,50.37
300585,1买,2025-04-09,60,1,61.8
300586,1买,2025-04-09,60,1,70.49
300586,2买,2025-06-23,60,1,62.49
300586,3买,2025-08-22,60,1,17.5
300587,1买,2024-02-06,60,1,71.19
300587,2买,2024-07-18,60,1,62.57
300587,1买,2024-09-10,60,1,68.08
300587,2买,2025-01-13,60,1,42.15
300587,3买,2025-12-30,60,1,21.4
300587,1买,2026-04-07,35,1,34.73
300588,1买,2023-08-29,60,1,65.66
300588,2买,2023-10-24,60,1,33.75
300588,3买,2025-04-09,60,1,67.13
300588,3买,2025-09-04,60,1,94.97
300588,1买,2026-05-28,1,1,5.29
300589,1买,2022-12-23,60,1,46.91
300589,2买,2023-04-25,60,1,32.25
300590,1买,2022-10-11,60,1,24.9
300590,1买,2022-12-23,60,6,45.88
300590,2买,2023-05-16,60,2,19.53
300590,2买,2023-05-16,60,2,19.53
300590,1买,2023-08-17,60,1,16.94
300590,2买,2023-10-24,60,1,17.46
300590,1买,2024-09-19,60,1,88.88
300590,2买,2025-04-09,60,1,27.72
300591,3买,2023-08-25,60,1,35.78
300591,1买,2025-04-09,60,1,276.61
300591,2买,2025-07-25,60,1,42.38
300591,3买,2025-10-27,60,1,51.75
300592,1买,2022-09-08,60,1,27.62
300592,1买,2022-10-11,60,1,37.67
300592,2买,2023-03-16,60,1,98.46
300592,2买,2023-03-16,60,1,98.46
300592,3买,2023-05-16,60,1,46.08
300592,1买,2023-10-24,60,1,30.23
300592,1买,2024-08-26,60,1,75.94
300592,2买,2024-11-01,60,1,53.59
300592,3买,2025-01-06,60,1,24.15
300592,1买,2025-04-09,60,1,40.36
300593,1买,2023-09-01,60,2,15.71
300593,2买,2025-11-21,60,1,85.32
300594,3买,2023-07-28,60,1,16.27
300594,1买,2023-08-29,60,1,17.33
300594,1买,2023-09-18,60,1,17.82
300594,1买,2025-12-16,60,1,113.29
300594,2买,2026-03-24,43,1,28.43
300594,2买,2026-03-24,43,1,28.43
300595,1买,2022-11-01,60,1,34.97
300595,2买,2022-11-28,60,1,33.41
300595,1买,2024-09-18,60,1,90.79
300595,2买,2025-04-09,60,1,15.59
300595,1买,2025-12-17,60,11,18.14
300596,1买,2023-05-19,60,1,11.14
300596,1买,2023-06-12,60,1,13.72
300596,1买,2024-09-18,60,1,65.73
300596,2买,2024-11-04,60,1,22.57
300596,1买,2024-11-28,60,1,24.59
300596,3买,2024-11-28,60,1,24.59
300596,2买,2025-11-24,60,1,53.6
300596,2买,2026-03-24,44,1,23.89
300596,2买,2026-03-24,44,1,23.89
300597,1买,2025-04-09,60,1,47.02
300598,1买,2024-05-30,60,1,30.24
300598,2买,2025-01-13,60,1,33.54
300599,1买,2022-10-12,60,1,14.02
300599,2买,2022-12-30,60,2,13.3
300599,1买,2025-04-08,60,1,66.49
300599,2买,2025-12-15,60,1,67.62
300599,3买,2026-02-12,60,1,50.53
300600,3买,2025-04-08,60,1,147.81
300600,3买,2025-10-23,60,1,32.14
300600,1买,2026-03-23,45,1,32.29
300601,1买,2024-09-18,60,1,81.36
300601,2买,2025-01-27,60,2,18.23
300601,1买,2025-04-08,60,1,18.78
300604,1买,2024-02-05,60,1,80.23
300604,2买,2024-09-24,60,1,119.31
300604,1买,2025-04-09,60,1,31.37
300604,2买,2025-11-24,60,1,107.18
300604,3买,2025-11-24,60,1,107.18
300604,3买,2025-11-24,60,1,107.18
300605,3买,2023-07-13,60,1,16.88
300606,3买,2023-08-29,60,1,125.08
300606,3买,2023-08-29,60,1,125.08
300606,1买,2024-06-07,60,1,59.85
300606,2买,2024-08-23,60,1,67.6
300606,1买,2025-04-09,60,1,69.43
300607,3买,2023-03-14,60,1,15.41
300607,3买,2025-04-09,60,1,93.89
300607,3买,2025-06-23,60,1,30.27
300608,1买,2022-10-11,60,1,39.21
300608,2买,2022-12-23,60,1,59.5
300608,1买,2023-07-13,60,1,27.87
300608,2买,2023-12-26,60,1,34.0
300608,3买,2023-12-26,60,1,34.0
300608,1买,2024-07-18,60,1,99.75
300608,2买,2025-01-13,60,1,69.46
300608,1买,2025-04-09,60,1,34.56
300608,2买,2025-04-29,60,1,25.67
300609,1买,2022-10-11,60,1,47.8
300609,2买,2022-12-29,60,2,49.13
300609,1买,2023-05-17,60,1,59.25
300609,3买,2023-05-17,60,1,59.25
300609,2买,2023-08-02,60,1,32.4
300609,1买,2023-09-19,60,1,79.05
300609,3买,2023-09-19,60,1,79.05
300609,2买,2025-04-29,60,1,78.11
300609,1买,2025-12-17,60,1,37.61
300609,3买,2025-12-17,60,1,37.61
300610,1买,2022-12-23,60,1,20.46
300610,1买,2023-10-23,60,1,16.24
300610,2买,2023-12-25,60,1,11.34
300610,1买,2024-09-18,60,1,54.05
300610,2买,2025-01-06,60,1,41.2
300610,1买,2025-04-09,60,1,49.32
300610,2买,2025-06-20,60,1,30.36
300610,1买,2025-12-17,60,1,26.8
300610,3买,2025-12-17,60,1,26.8
300611,3买,2024-11-27,60,1,85.12
300611,1买,2025-01-06,60,1,272.19
300611,3买,2025-01-06,60,1,272.19
300611,2买,2025-06-23,60,1,34.88
300611,3买,2025-08-04,60,1,57.44
300611,1买,2025-09-05,60,1,60.63
300611,2买,2026-03-04,58,1,24.89
300612,1买,2023-08-29,60,1,16.52
300612,1买,2023-10-23,60,1,50.48
300612,1买,2025-04-09,60,1,42.57
300612,2买,2025-10-13,60,1,79.46
300613,1买,2023-01-03,60,1,60.75
300613,2买,2023-06-29,60,2,13.76
300613,1买,2023-10-24,60,1,18.82
300613,2买,2024-11-25,60,1,69.89
300613,3买,2025-04-09,60,1,22.96
300614,1买,2023-05-10,60,1,31.87
300614,1买,2024-07-25,60,1,57.18
300614,1买,2024-09-18,60,1,68.39
300614,2买,2025-01-13,60,1,49.33
300614,2买,2025-01-13,60,1,49.33
300614,3买,2025-08-08,60,1,14.03
300614,1买,2025-12-18,60,1,58.9
300615,3买,2023-08-17,60,1,24.16
300615,1买,2025-12-17,60,1,40.42
300616,1买,2022-10-25,60,1,46.5
300616,2买,2022-12-30,60,2,53.73
300616,1买,2023-08-25,60,1,23.86
300616,1买,2024-07-24,60,1,91.15
300616,1买,2024-09-18,60,1,107.44
300616,2买,2025-04-09,60,1,38.51
300616,2买,2025-09-23,60,1,29.92
300617,1买,2022-10-31,60,1,23.89
300617,2买,2022-12-26,60,1,21.21
300617,1买,2024-02-05,60,1,58.58
300617,2买,2024-04-17,60,1,29.21
300618,1买,2023-01-04,60,1,17.88
300618,1买,2023-10-24,60,1,11.61
300618,1买,2024-09-18,60,1,133.0
300618,2买,2025-01-06,60,1,36.7
300618,2买,2025-01-06,60,1,36.7
300618,3买,2025-01-06,60,1,36.7
300618,1买,2025-04-09,60,1,36.43
300618,2买,2025-05-30,60,1,36.14
300618,3买,2025-05-30,60,1,36.14
300619,1买,2023-04-26,60,1,25.67
300619,1买,2024-07-25,60,1,122.34
300619,2买,2025-01-13,60,1,61.56
300620,3买,2023-08-29,60,1,37.96
300620,1买,2023-10-24,60,1,45.95
300620,2买,2025-01-06,60,1,30.79
300620,1买,2025-04-09,60,1,46.52
300621,1买,2022-10-31,60,2,23.35
300621,2买,2022-12-30,60,2,33.89
300621,3买,2023-06-26,60,1,37.1
300621,1买,2025-04-09,60,1,35.97
300621,2买,2025-06-23,60,1,23.54
300621,3买,2025-06-23,60,1,23.54
300621,1买,2025-09-24,60,1,16.82
300622,1买,2023-10-24,60,1,31.98
300622,2买,2023-12-26,60,1,27.09
300622,1买,2024-07-18,60,1,234.9
300622,2买,2025-02-19,60,1,39.34
300622,3买,2025-02-19,60,1,39.34
300622,3买,2025-06-03,60,1,28.07
300622,1买,2025-10-13,60,1,16.03
300623,1买,2023-08-25,60,1,15.77
300623,2买,2024-09-23,60,1,201.8
300624,1买,2023-10-23,60,1,55.28
300624,3买,2023-10-23,60,1,55.28
300624,2买,2024-02-05,60,1,67.64
300624,1买,2025-12-17,60,1,91.7
300625,1买,2023-08-25,60,1,37.1
300625,2买,2023-10-24,60,1,26.08
300625,3买,2023-10-24,60,1,26.08
300625,1买,2024-09-18,60,1,55.92
300625,2买,2025-01-13,60,1,19.26
300625,1买,2025-04-08,60,1,25.52
300626,3买,2024-11-04,60,1,36.86
300627,1买,2023-04-25,60,1,36.15
300627,2买,2023-08-25,60,1,10.5
300627,1买,2023-10-24,60,1,19.86
300627,1买,2024-08-27,60,3,60.58
300627,2买,2024-11-26,60,1,34.32
300627,2买,2024-11-26,60,1,34.32
300627,1买,2025-12-03,60,1,58.78
300628,1买,2024-02-05,60,1,81.47
300628,2买,2024-03-28,60,1,69.05
300628,1买,2024-09-03,60,1,61.34
300628,3买,2024-09-03,60,1,61.34
300628,2买,2024-11-26,60,1,23.05
300628,1买,2025-08-08,60,6,23.22
300629,1买,2023-04-03,60,2,15.77
300629,1买,2023-10-24,60,1,62.68
300629,1买,2024-08-27,60,1,82.76
300629,2买,2025-01-08,60,1,31.14
300629,2买,2025-01-08,60,1,31.14
300629,1买,2025-04-08,60,1,47.59
300629,2买,2025-11-21,60,1,88.28
300629,1买,2025-12-17,60,1,89.94
300631,1买,2024-08-28,60,1,87.17
300631,2买,2025-01-07,60,1,20.43
300631,1买,2025-04-08,60,1,50.87
300631,2买,2025-11-12,60,1,22.48
300631,1买,2025-12-17,60,1,28.12
300632,1买,2024-09-19,60,1,83.88
300632,2买,2024-11-18,60,1,47.01
300632,3买,2024-11-18,60,1,47.01
300632,3买,2025-06-03,60,2,24.24
300633,3买,2023-02-20,60,2,24.38
300633,1买,2023-03-27,60,1,30.68
300633,1买,2024-02-05,60,1,40.46
300633,2买,2024-04-10,60,1,27.37
300633,1买,2025-07-08,60,3,34.65
300633,2买,2025-09-04,60,2,20.77
300634,3买,2023-02-24,60,2,90.56
300634,3买,2023-07-31,60,1,19.8
300634,1买,2023-10-24,60,1,37.51
300634,1买,2024-08-28,60,1,110.2
300634,2买,2025-01-13,60,1,92.38
300634,2买,2025-04-09,60,1,47.77
300634,1买,2025-12-17,60,2,59.11
300634,3买,2025-12-17,60,2,59.11
300635,1买,2024-01-24,60,1,32.91
300635,1买,2025-04-09,60,1,71.73
300635,2买,2025-09-05,60,1,40.22
300635,2买,2025-09-05,60,1,40.22
300636,1买,2023-08-24,60,2,15.87
300636,1买,2023-10-26,60,1,20.74
300636,1买,2025-04-09,60,1,30.25
300636,2买,2025-08-28,60,1,20.0
300637,1买,2022-12-30,60,1,44.38
300637,2买,2023-03-08,60,1,29.05
300637,3买,2025-01-06,60,1,38.78
300637,1买,2025-04-09,60,1,72.81
300637,2买,2025-06-18,60,1,81.8
300638,1买,2022-10-12,60,1,31.03
300638,2买,2022-12-23,60,1,41.56
300638,1买,2024-02-05,60,1,56.97
300639,1买,2022-09-16,60,1,19.12
300639,1买,2022-12-29,60,3,9.99
300639,2买,2023-03-14,60,6,6.43
300639,1买,2025-12-31,60,1,88.93
300639,2买,2026-03-23,45,1,27.32
300640,1买,2023-04-26,60,1,18.54
300640,2买,2023-08-25,60,1,19.37
300640,3买,2025-09-23,60,1,78.17
300641,3买,2025-03-05,60,2,27.22
300641,1买,2025-04-09,60,1,31.31
300642,1买,2023-10-26,60,1,22.37
300642,1买,2025-04-09,60,1,31.62
300642,2买,2025-05-26,60,3,69.53
300642,2买,2025-09-29,60,1,39.41
300642,1买,2025-12-17,60,1,28.41
300642,3买,2025-12-17,60,1,28.41
300642,1买,2026-03-24,44,1,13.89
300643,1买,2023-10-26,60,1,34.57
300643,2买,2025-07-10,60,1,43.76
300644,1买,2023-04-27,60,1,29.59
300644,2买,2023-08-24,60,1,21.65
300644,3买,2023-08-24,60,1,21.65
300644,3买,2025-01-06,60,1,32.64
300644,1买,2025-04-09,60,1,67.64
300644,2买,2025-11-24,60,1,29.15
300644,3买,2025-11-24,60,1,29.15
300644,3买,2025-11-24,60,1,29.15
300644,1买,2026-04-29,19,1,11.85
300645,3买,2023-04-27,60,1,18.97
300645,1买,2025-10-13,60,1,21.89
300647,1买,2023-05-10,60,5,26.15
300647,2买,2023-06-26,60,2,24.05
300647,1买,2025-04-09,60,1,62.62
300648,1买,2024-02-06,60,1,100.68
300648,2买,2024-04-22,60,1,47.84
300648,1买,2024-08-21,60,1,114.48
300648,2买,2025-01-13,60,1,53.1
300648,3买,2026-03-24,44,1,14.35
300649,1买,2023-08-16,60,1,45.09
300649,1买,2024-02-08,60,1,76.93
300649,2买,2024-04-16,60,1,61.96
300649,1买,2024-09-18,60,1,74.76
300649,2买,2025-01-06,60,1,44.68
300649,1买,2025-12-17,60,1,19.49
300649,3买,2025-12-17,60,1,19.49
300649,2买,2026-03-04,58,1,84.19
300650,1买,2023-01-03,60,1,49.18
300650,2买,2023-03-21,60,1,41.89
300650,1买,2024-09-18,60,1,64.79
300650,2买,2025-01-06,60,1,42.77
300650,3买,2025-12-17,60,1,30.39
300651,1买,2022-09-26,60,1,41.37
300651,2买,2022-12-29,60,1,21.13
300651,1买,2023-04-26,60,1,65.56
300651,2买,2023-08-28,60,1,20.67
300651,1买,2023-12-28,60,1,11.78
300651,1买,2024-02-08,60,1,67.33
300651,2买,2024-04-17,60,1,48.9
300651,1买,2024-09-18,60,1,81.63
300651,2买,2025-01-13,60,1,38.26
300651,1买,2025-04-09,60,1,263.59
300651,2买,2025-08-08,60,3,32.4
300651,2买,2025-08-08,60,3,32.4
300651,1买,2025-11-24,60,1,52.39
300651,3买,2025-11-24,60,1,52.39
300651,1买,2025-12-18,60,1,63.98
300651,2买,2026-04-03,36,1,42.32
300652,1买,2023-04-27,60,1,22.6
300652,2买,2023-06-08,60,1,18.55
300652,3买,2023-06-08,60,1,18.55
300652,3买,2025-07-10,60,1,43.18
300653,1买,2022-12-21,60,1,36.12
300653,1买,2023-08-24,60,2,17.58
300653,1买,2024-09-23,60,1,61.87
300653,2买,2025-01-13,60,1,21.78
300653,1买,2025-04-17,60,1,11.84
300654,1买,2023-04-10,60,1,204.46
300654,2买,2023-09-20,60,2,69.88
300654,1买,2023-10-23,60,1,75.14
300654,2买,2023-11-27,60,1,42.79
300654,1买,2024-08-28,60,1,96.45
300654,2买,2025-04-09,60,1,30.0
300654,3买,2025-10-13,60,1,31.22
300654,1买,2025-12-17,60,1,55.42
300654,2买,2026-03-27,41,1,18.93
300655,1买,2022-06-10,60,1,50.03
300655,2买,2022-07-26,60,2,42.53
300655,1买,2024-02-06,60,1,63.64
300656,1买,2025-04-08,60,1,59.57
300657,1买,2024-09-18,60,1,104.07
300657,3买,2024-09-18,60,1,104.07
300657,2买,2025-01-13,60,1,155.56
300657,3买,2025-04-09,60,1,23.56
300658,1买,2023-06-26,60,1,14.43
300658,2买,2023-08-25,60,1,14.86
300658,1买,2024-07-25,60,1,71.76
300658,2买,2025-01-06,60,1,43.84
300658,1买,2025-04-09,60,1,52.12
300658,3买,2025-04-09,60,1,52.12
300659,1买,2023-06-29,60,1,41.02
300659,2买,2023-10-23,60,1,40.7
300659,1买,2024-07-18,60,1,85.59
300659,2买,2025-01-06,60,1,36.77
300659,1买,2025-04-09,60,1,26.48
300660,1买,2022-12-23,60,1,54.46
300660,2买,2023-04-25,60,1,63.23
300660,1买,2023-06-09,60,1,68.65
300660,2买,2023-08-25,60,1,24.87
300660,1买,2023-10-23,60,1,34.4
300660,1买,2024-08-28,60,1,63.46
300660,2买,2025-01-07,60,1,111.48
300660,2买,2025-01-07,60,1,111.48
300660,3买,2025-06-16,60,3,61.67
300661,1买,2023-08-22,60,1,42.86
300661,2买,2024-11-26,60,1,26.67
300661,1买,2025-01-13,60,1,66.93
300661,2买,2025-03-31,60,1,48.14
300661,3买,2025-03-31,60,1,48.14
300662,1买,2022-10-25,60,1,86.35
300662,2买,2023-06-09,60,1,29.88
300662,1买,2023-10-27,60,1,14.21
300662,3买,2025-10-23,60,1,22.77
300663,3买,2025-10-23,60,2,23.64
300664,1买,2024-09-18,60,1,71.07
300664,2买,2024-12-18,60,1,12.25
300664,1买,2025-04-08,60,1,27.75
300664,2买,2025-09-24,60,2,28.12
300665,1买,2023-01-03,60,1,41.76
300665,2买,2023-08-25,60,1,18.02
300665,1买,2023-10-23,60,1,15.95
300665,2买,2025-08-15,60,1,42.15
300665,3买,2025-08-15,60,1,42.15
300666,3买,2023-03-29,60,1,27.77
300666,1买,2023-08-28,60,1,28.07
300666,2买,2025-01-06,60,1,26.71
300666,3买,2025-04-22,60,1,15.06
300666,1买,2025-07-16,60,6,69.16
300667,1买,2025-04-09,60,1,31.03
300668,3买,2023-07-21,60,1,13.47
300668,1买,2023-08-25,60,1,41.22
300668,2买,2023-10-23,60,1,38.4
300668,1买,2025-04-09,60,1,39.57
300668,2买,2025-06-23,60,1,28.59
300669,1买,2022-10-11,60,1,19.12
300669,2买,2022-12-30,60,2,48.12
300669,3买,2023-06-12,60,1,32.04
300669,3买,2023-08-29,60,1,37.42
300669,3买,2025-02-14,60,6,18.86
300669,1买,2025-12-17,60,1,61.43
300669,3买,2025-12-17,60,1,61.43
300670,1买,2023-08-25,60,1,22.43
300670,2买,2023-12-27,60,1,11.02
300670,1买,2024-08-23,60,1,65.82
300670,2买,2025-01-06,60,1,37.38
300670,1买,2025-04-09,60,1,97.46
300670,2买,2025-08-29,60,1,43.83
300670,3买,2025-11-24,60,1,26.85
300670,1买,2026-01-30,60,1,18.35
300671,1买,2023-08-28,60,1,22.77
300671,2买,2024-11-27,60,1,28.1
300671,1买,2025-01-13,60,1,25.55
300671,3买,2025-01-13,60,1,25.55
300672,1买,2022-10-12,60,1,74.36
300672,2买,2023-03-21,60,1,59.73
300672,1买,2023-08-29,60,1,16.68
300672,1买,2023-12-27,60,1,29.69
300672,2买,2025-01-13,60,1,51.14
300672,1买,2025-04-08,60,1,79.43
300672,2买,2025-07-30,60,1,29.0
300672,2买,2025-07-30,60,1,29.0
300673,1买,2024-08-27,60,1,50.52
300673,1买,2024-09-18,60,1,75.18
300673,2买,2024-11-27,60,1,37.53
300673,2买,2024-11-27,60,1,37.53
300673,3买,2024-11-27,60,1,37.53
300673,3买,2025-03-05,60,2,31.48
300673,1买,2025-04-21,60,1,57.39
300674,1买,2024-02-05,60,1,52.68
300674,2买,2024-07-25,60,1,193.11
300674,1买,2024-08-26,60,1,203.1
300674,2买,2025-01-13,60,1,97.62
300674,3买,2025-01-13,60,1,97.62
300674,3买,2025-04-09,60,1,68.08
300675,1买,2023-04-27,60,1,35.33
300675,2买,2023-06-05,60,1,39.93
300675,3买,2025-01-13,60,1,26.03
300675,1买,2025-04-09,60,1,33.79
300675,2买,2025-06-23,60,1,25.49
300676,1买,2023-10-26,60,1,20.83
300676,1买,2024-02-05,60,1,45.45
300676,2买,2024-07-09,60,1,70.69
300676,3买,2025-12-05,60,5,48.3
300677,1买,2022-09-26,60,1,49.84
300677,2买,2023-01-03,60,1,37.07
300677,1买,2023-08-25,60,1,26.82
300677,2买,2023-12-06,60,1,29.04
300677,3买,2024-11-28,60,1,14.53
300678,1买,2024-01-22,60,1,59.65
300678,3买,2024-01-22,60,1,59.65
300678,1买,2024-02-06,60,1,70.83
300678,2买,2024-06-25,60,1,21.37
300678,1买,2024-08-28,60,1,156.26
300678,2买,2025-04-09,60,1,47.89
300678,2买,2025-04-09,60,1,47.89
300678,1买,2026-03-30,40,1,9.94
300679,1买,2022-11-28,60,1,31.36
300679,1买,2023-04-27,60,1,45.91
300679,2买,2023-06-09,60,1,33.12
300679,2买,2024-04-17,60,1,20.48
300680,1买,2023-05-09,60,1,47.58
300680,2买,2023-08-29,60,1,32.61
300680,1买,2024-09-18,60,1,93.38
300680,2买,2025-01-08,60,1,139.94
300680,3买,2025-11-21,60,1,52.0
300681,1买,2023-03-20,60,1,12.5
300681,1买,2023-10-19,60,1,37.28
300683,1买,2025-04-17,60,1,43.76
300684,1买,2023-10-24,60,1,39.13
300684,2买,2024-11-27,60,1,51.48
300685,1买,2023-08-25,60,1,17.31
300685,1买,2025-04-09,60,1,21.22
300685,2买,2025-08-29,60,2,13.75
300685,2买,2025-08-29,60,2,13.75
300685,3买,2025-08-29,60,2,13.75
300686,1买,2025-01-06,60,1,31.03
300686,1买,2025-04-09,60,1,65.69
300686,2买,2025-11-24,60,1,32.2
300686,2买,2025-11-24,60,1,32.2
300686,3买,2025-11-24,60,1,32.2
300687,1买,2023-08-25,60,1,36.78
300687,2买,2023-10-24,60,1,33.41
300687,1买,2024-11-27,60,1,73.78
300687,2买,2025-04-11,60,1,27.46
300687,1买,2025-06-23,60,1,47.34
300687,3买,2025-06-23,60,1,47.34
300687,2买,2025-09-23,60,1,20.67
300688,3买,2023-08-16,60,1,37.04
300688,1买,2023-10-24,60,1,37.52
300688,1买,2023-12-27,60,1,17.11
300688,1买,2024-02-06,60,1,80.1
300688,2买,2024-04-16,60,1,41.64
300688,1买,2024-09-13,60,1,91.57
300688,2买,2024-11-25,60,1,47.7
300688,2买,2024-11-25,60,1,47.7
300688,2买,2024-11-25,60,1,47.7
300688,3买,2025-12-05,60,1,28.97
300689,1买,2022-12-30,60,1,38.01
300689,2买,2023-04-27,60,1,35.39
300689,3买,2023-06-29,60,1,13.26
300689,3买,2025-03-13,60,1,58.32
300690,1买,2023-05-05,60,1,19.73
300690,2买,2023-08-25,60,1,46.58
300690,1买,2025-04-09,60,1,61.22
300690,2买,2025-06-23,60,1,100.09
300690,3买,2025-06-23,60,1,100.09
300690,1买,2025-11-21,60,2,22.5
300690,3买,2025-11-21,60,2,22.5
300691,1买,2025-01-13,60,1,50.66
300691,2买,2025-09-11,60,1,15.54
300691,1买,2025-11-24,60,1,16.13
300691,1买,2025-12-17,60,1,14.13
300691,2买,2026-01-29,60,2,12.14
300692,1买,2024-02-07,60,1,35.62
300692,2买,2024-04-16,60,1,29.98
300692,1买,2024-07-19,60,2,49.28
300692,2买,2025-01-13,60,1,44.42
300692,3买,2025-11-26,60,1,21.84
300693,3买,2023-04-14,60,1,27.86
300693,1买,2025-10-23,60,1,41.99
300693,3买,2025-10-23,60,1,41.99
300693,2买,2025-12-04,60,1,32.72
300694,1买,2023-04-26,60,1,23.26
300694,2买,2023-08-25,60,1,40.63
300694,1买,2025-04-09,60,1,67.7
300694,2买,2025-06-03,60,1,37.46
300694,3买,2025-06-03,60,1,37.46
300694,1买,2025-09-04,60,1,11.76
300695,1买,2022-12-23,60,6,14.97
300695,2买,2023-08-25,60,1,23.35
300695,1买,2023-10-24,60,1,26.77
300695,2买,2024-01-09,60,2,7.83
300695,1买,2024-08-26,60,3,57.23
300695,2买,2024-11-27,60,1,47.52
300695,1买,2025-01-07,60,1,136.0
300695,3买,2025-01-07,60,1,136.0
300695,2买,2025-04-09,60,1,122.38
300696,1买,2022-12-23,60,1,37.01
300696,1买,2025-04-08,60,1,96.08
300696,2买,2025-06-24,60,1,78.8
300696,2买,2025-09-29,60,1,22.2
300696,3买,2025-09-29,60,1,22.2
300696,1买,2025-10-23,60,1,41.02
300698,1买,2024-02-08,60,1,87.78
300698,2买,2024-04-16,60,1,54.23
300698,3买,2024-09-19,60,3,76.8
300698,1买,2025-04-09,60,1,98.93
300698,2买,2025-11-24,60,1,26.41
300699,1买,2022-12-23,60,1,13.86
300699,1买,2023-12-11,60,2,39.1
300699,2买,2024-04-26,60,1,11.0
300699,1买,2024-06-27,60,1,19.34
300699,2买,2024-09-24,60,1,56.6
300699,1买,2025-01-24,60,1,17.83
300699,3买,2025-01-24,60,1,17.83
300699,1买,2025-10-23,60,2,69.54
300699,2买,2026-03-04,58,1,22.53
300699,2买,2026-03-04,58,1,22.53
300699,1买,2026-03-24,44,1,17.99
300699,3买,2026-03-24,44,1,17.99
300700,1买,2023-10-24,60,1,36.41
300700,1买,2025-04-08,60,1,80.03
300700,2买,2025-08-01,60,1,43.97
300701,1买,2025-04-09,60,1,38.25
300701,2买,2025-11-24,60,1,25.48
300701,1买,2026-03-24,44,1,19.98
300702,1买,2023-04-25,60,1,29.1
300702,2买,2025-10-15,60,1,20.24
300702,3买,2025-12-17,60,1,16.98
300703,1买,2022-10-31,60,2,23.84
300703,2买,2023-03-16,60,3,11.14
300703,1买,2023-04-24,60,1,11.24
300703,2买,2023-06-26,60,3,17.99
300703,3买,2025-12-17,60,1,32.01
300705,1买,2024-05-29,60,1,13.2
300705,1买,2024-07-11,60,1,19.79
300705,1买,2025-04-09,60,1,20.61
300705,2买,2025-10-31,60,7,6.83
300706,3买,2023-05-08,60,2,39.09
300706,1买,2025-01-13,60,1,25.05
300706,1买,2025-04-09,60,1,43.19
300706,2买,2025-10-20,60,1,21.13
300706,2买,2025-10-20,60,1,21.13
300706,3买,2025-10-20,60,1,21.13
300706,3买,2025-10-20,60,1,21.13
300706,1买,2025-11-24,60,1,46.4
300707,1买,2023-04-26,60,1,65.29
300707,2买,2023-08-17,60,1,88.28
300707,1买,2024-09-18,60,1,106.56
300707,2买,2025-01-06,60,1,32.85
300707,1买,2025-04-09,60,1,29.34
300707,2买,2025-06-23,60,1,34.39
300708,1买,2025-04-09,60,1,32.54
300708,1买,2025-11-24,60,4,34.7
300708,2买,2026-02-11,60,1,29.07
300709,1买,2023-03-16,60,1,69.48
300709,2买,2024-07-19,60,1,150.0
300709,1买,2025-04-09,60,1,69.94
300709,2买,2025-06-16,60,1,71.31
300709,3买,2025-06-16,60,1,71.31
300710,1买,2022-10-28,60,1,51.37
300710,1买,2022-12-30,60,1,22.1
300710,1买,2023-05-10,60,1,23.47
300710,2买,2023-06-28,60,1,10.98
300710,2买,2023-06-28,60,1,10.98
300710,2买,2023-06-28,60,1,10.98
300710,1买,2025-01-06,60,1,35.59
300710,1买,2025-04-09,60,1,63.16
300710,2买,2025-10-13,60,1,106.59
300711,1买,2024-09-18,60,1,136.25
300711,2买,2024-11-25,60,1,65.62
300711,3买,2024-11-25,60,1,65.62
300711,3买,2025-01-06,60,1,27.33
300712,1买,2025-04-08,60,1,32.58
300712,2买,2025-08-15,60,2,38.77
300713,1买,2024-02-08,60,1,101.84
300713,2买,2024-09-24,60,1,80.02
300713,3买,2025-09-24,60,1,29.64
300713,1买,2025-12-05,60,1,24.53
300715,3买,2023-04-26,60,1,16.59
300715,1买,2024-02-06,60,1,49.54
300715,1买,2024-09-19,60,1,67.37
300715,2买,2024-12-25,60,1,82.66
300715,2买,2025-02-06,60,1,67.21
300717,3买,2023-12-25,60,4,10.13
300717,1买,2025-04-09,60,1,53.14
300717,2买,2025-10-13,60,1,16.96
300717,3买,2025-10-13,60,1,16.96
300717,1买,2025-12-17,60,1,28.14
300717,3买,2025-12-17,60,1,28.14
300718,1买,2023-10-24,60,1,26.67
300718,2买,2024-11-27,60,1,597.81
300718,3买,2025-12-17,60,3,16.88
300719,1买,2024-09-18,60,1,95.75
300719,3买,2024-09-18,60,1,95.75
300719,2买,2024-11-19,60,1,15.73
300719,1买,2025-01-13,60,1,33.59
300719,2买,2025-12-03,60,1,31.3
300720,3买,2022-12-23,60,1,22.29
300720,3买,2025-04-09,60,1,49.24
300721,1买,2023-08-24,60,1,41.21
300721,1买,2024-09-18,60,1,58.1
300721,2买,2025-01-06,60,1,82.23
300721,1买,2025-12-17,60,1,52.61
300721,2买,2026-03-24,44,1,191.2
300722,1买,2025-01-06,60,1,33.18
300722,3买,2025-01-06,60,1,33.18
300723,1买,2022-09-20,60,1,69.98
300723,2买,2022-12-21,60,1,60.3
300723,1买,2024-02-05,60,1,77.14
300723,2买,2025-12-17,60,1,44.73
300723,1买,2026-03-24,44,1,56.19
300724,1买,2022-12-23,60,1,32.87
300724,1买,2023-04-26,60,1,19.13
300724,1买,2025-04-08,60,1,22.23
300724,2买,2025-10-23,60,1,41.82
300724,1买,2025-11-24,60,1,88.58
300724,3买,2025-11-24,60,1,88.58
300725,1买,2023-03-20,60,1,25.19
300725,1买,2023-09-11,60,1,21.31
300725,1买,2023-10-26,60,1,29.89
300725,1买,2024-09-20,60,1,82.9
300725,2买,2025-01-13,60,1,60.14
300726,1买,2022-12-27,60,2,24.93
300726,2买,2023-03-16,60,3,14.44
300726,1买,2025-01-06,60,1,58.17
300726,3买,2025-01-06,60,1,58.17
300726,2买,2025-06-23,60,1,27.11
300727,1买,2022-12-23,60,1,63.03
300727,2买,2023-03-14,60,1,48.65
300727,1买,2024-09-18,60,1,58.15
300727,2买,2024-11-19,60,1,51.61
300727,3买,2025-04-09,60,1,43.78
300727,3买,2025-10-13,60,1,19.9
300727,1买,2025-12-16,60,1,24.6
300727,3买,2025-12-16,60,1,24.6
300729,1买,2025-04-09,60,1,64.73
300730,1买,2023-10-27,60,1,38.21
300730,1买,2025-04-09,60,1,76.8
300730,2买,2025-08-01,60,2,81.34
300731,1买,2023-05-10,60,1,48.56
300731,2买,2023-08-28,60,1,60.64
300731,1买,2024-09-19,60,1,114.81
300731,2买,2024-11-27,60,1,40.52
300731,1买,2025-01-06,60,1,67.37
300731,3买,2025-01-06,60,1,67.37
300731,2买,2025-07-24,60,2,121.22
300731,3买,2025-07-24,60,2,121.22
300732,1买,2022-08-29,60,1,8.71
300732,1买,2024-09-18,60,1,60.3
300732,2买,2025-01-13,60,1,32.1
300732,1买,2025-04-09,60,1,41.98
300732,2买,2025-10-13,60,1,16.96
300733,1买,2022-12-26,60,1,41.39
300733,2买,2023-05-15,60,1,21.93
300733,3买,2025-10-13,60,1,14.79
300733,1买,2025-11-24,60,1,25.05
300735,1买,2022-12-23,60,6,40.64
300735,2买,2023-05-08,60,1,20.04
300735,3买,2024-06-26,60,1,22.87
300735,1买,2024-09-18,60,1,177.91
300735,2买,2025-01-13,60,1,53.01
300735,1买,2025-04-09,60,1,34.27
300736,1买,2024-01-23,60,1,46.47
300736,2买,2024-04-23,60,1,59.13
300736,3买,2024-04-23,60,1,59.13
300736,1买,2024-05-28,60,1,63.43
300736,3买,2024-05-28,60,1,63.43
300736,1买,2024-08-28,60,1,79.86
300736,2买,2025-06-23,60,1,52.32
300736,2买,2026-04-14,30,1,162.91
300737,1买,2022-09-29,60,1,58.3
300737,1买,2023-10-24,60,1,14.57
300737,1买,2025-04-09,60,1,33.81
300738,1买,2023-10-24,60,1,38.4
300738,2买,2024-04-23,60,1,35.86
300738,1买,2024-06-25,60,1,13.89
300738,1买,2024-09-19,60,1,76.65
300738,2买,2025-01-13,60,1,153.11
300738,2买,2025-01-13,60,1,153.11
300738,3买,2025-04-17,60,1,24.28
300738,1买,2025-06-23,60,1,39.03
300738,2买,2025-12-04,60,1,48.15
300738,1买,2025-12-19,60,5,52.97
300739,1买,2023-08-25,60,1,22.53
300739,2买,2023-10-27,60,1,17.4
300740,3买,2023-12-25,60,1,20.79
300740,1买,2025-01-13,60,1,20.31
300740,1买,2025-04-09,60,1,114.93
300740,2买,2025-11-25,60,1,45.83
300740,2买,2025-11-25,60,1,45.83
300741,1买,2022-10-12,60,1,24.8
300741,2买,2022-12-30,60,1,13.49
300741,1买,2023-10-23,60,2,17.01
300741,1买,2025-04-08,60,1,59.32
300741,2买,2025-08-20,60,1,14.41
300741,1买,2025-10-20,60,2,14.0
300741,3买,2025-10-20,60,2,14.0
300743,1买,2024-09-18,60,1,76.29
300743,2买,2025-01-06,60,1,37.27
300743,1买,2025-04-09,60,1,99.16
300743,3买,2025-04-09,60,1,99.16
300743,2买,2025-07-11,60,3,20.03
300743,3买,2025-07-11,60,3,20.03
300745,1买,2024-08-29,60,1,71.54
300745,2买,2025-01-06,60,1,74.3
300745,1买,2025-04-09,60,1,63.05
300745,2买,2025-12-18,60,2,28.34
300746,1买,2022-10-11,60,1,20.35
300746,2买,2022-12-30,60,2,46.29
300746,1买,2025-04-09,60,1,87.45
300746,3买,2025-04-09,60,1,87.45
300746,2买,2025-07-18,60,1,18.08
300747,1买,2023-04-24,60,1,30.93
300747,1买,2024-02-05,60,1,42.57
300747,2买,2024-04-16,60,1,18.54
300747,1买,2024-09-18,60,1,104.74
300747,2买,2025-01-08,60,1,24.42
300747,1买,2025-04-29,60,1,78.18
300747,2买,2025-11-21,60,1,56.8
300747,3买,2025-11-21,60,1,56.8
300747,3买,2025-11-21,60,1,56.8
300747,2买,2026-03-04,58,1,45.55
300747,3买,2026-03-04,58,1,45.55
300748,1买,2022-12-23,60,1,29.0
300748,2买,2023-03-20,60,1,8.19
300748,1买,2023-05-30,60,3,22.65
300748,1买,2024-09-18,60,1,165.27
300748,2买,2025-01-06,60,1,40.07
300748,2买,2025-09-24,60,1,45.15
300748,3买,2025-11-28,60,1,33.39
300749,3买,2023-10-23,60,1,14.98
300750,1买,2022-10-31,60,1,37.57
300750,2买,2023-03-20,60,1,13.59
300750,1买,2023-04-26,60,1,16.45
300750,2买,2023-07-24,60,1,17.37
300750,1买,2024-08-12,60,1,80.76
300750,2买,2025-01-08,60,4,15.85
300750,1买,2025-04-09,60,1,33.9
300750,3买,2025-04-09,60,1,33.9
300750,2买,2025-06-23,60,1,56.08
300751,1买,2023-12-14,60,1,37.99
300751,2买,2024-02-01,60,1,26.8
300751,1买,2025-04-09,60,1,26.34
300751,1买,2025-06-23,60,1,64.55
300751,2买,2025-11-25,60,1,301.08
300751,2买,2025-11-25,60,1,301.08
300751,3买,2026-04-14,30,1,53.9
300752,1买,2023-04-27,60,1,23.08
300752,1买,2023-08-29,60,1,55.64
300752,2买,2025-01-13,60,1,57.57
300752,2买,2025-01-13,60,1,57.57
300753,1买,2023-04-06,60,1,90.0
300753,1买,2023-04-26,60,1,99.71
300753,2买,2023-08-07,60,2,9.91
300753,2买,2023-08-07,60,2,9.91
300753,3买,2023-08-07,60,2,9.91
300753,1买,2023-10-23,60,1,25.55
300753,2买,2025-01-27,60,1,72.53
300753,3买,2025-01-27,60,1,72.53
300753,3买,2025-03-03,60,1,57.93
300753,3买,2026-03-04,58,1,17.51
300755,1买,2025-04-08,60,1,68.38
300755,2买,2025-08-05,60,6,33.91
300755,1买,2025-09-05,60,1,41.04
300755,2买,2025-12-05,60,1,11.84
300756,1买,2022-10-11,60,1,57.31
300756,2买,2023-03-20,60,1,36.96
300756,1买,2023-04-26,60,1,41.02
300756,3买,2023-04-26,60,1,41.02
300756,2买,2023-07-24,60,1,9.08
300757,1买,2024-09-10,60,1,274.67
300757,3买,2024-09-10,60,1,274.67
300757,2买,2024-11-27,60,1,35.73
300757,1买,2025-01-10,60,1,40.51
300757,3买,2025-01-10,60,1,40.51
300758,1买,2023-08-24,60,1,37.61
300758,2买,2023-10-23,60,1,20.63
300759,1买,2024-07-05,60,1,105.76
300759,2买,2025-01-08,60,1,23.86
300759,1买,2025-04-09,60,1,26.72
300759,2买,2025-11-24,60,1,22.91
300760,1买,2022-09-26,60,1,37.74
300760,2买,2022-11-10,60,1,17.76
300760,1买,2025-04-08,60,2,17.27
300760,2买,2025-07-16,60,2,20.09
300760,1买,2026-04-20,26,1,14.2
300761,1买,2022-11-28,60,1,22.41
300761,1买,2023-08-22,60,1,24.83
300761,2买,2024-11-27,60,1,11.82
300761,1买,2025-01-13,60,1,37.86
300761,2买,2025-05-26,60,4,17.28
300761,1买,2026-01-27,60,1,25.2
300762,1买,2022-10-11,60,1,40.14
300762,2买,2023-01-13,60,2,32.49
300763,1买,2023-12-14,60,1,38.98
300763,1买,2024-02-05,60,1,41.77
300763,2买,2024-04-26,60,1,30.48
300763,1买,2025-03-14,60,1,27.06
300763,2买,2025-12-04,60,2,44.07
300763,2买,2025-12-04,60,2,44.07
300763,3买,2026-02-24,60,1,62.96
300765,1买,2023-08-25,60,1,275.8
300765,2买,2024-02-05,60,1,81.13
300765,3买,2024-09-24,60,1,75.98
300765,1买,2025-01-08,60,1,90.37
300765,2买,2025-08-20,60,1,23.53
300765,1买,2026-03-24,44,1,25.99
300766,1买,2023-10-24,60,1,37.71
300766,3买,2023-10-24,60,1,37.71
300766,2买,2025-04-09,60,1,35.11
300766,1买,2025-12-17,60,2,70.2
300767,1买,2022-10-31,60,1,28.53
300767,2买,2022-12-23,60,1,26.86
300767,1买,2024-02-07,60,1,51.17
300767,1买,2024-07-18,60,1,81.81
300767,1买,2024-08-23,60,1,90.53
300767,2买,2024-11-04,60,1,25.25
300767,2买,2024-11-04,60,1,25.25
300767,2买,2024-11-04,60,1,25.25
300767,1买,2025-04-09,60,1,80.44
300767,2买,2025-10-22,60,1,29.8
300767,3买,2025-10-22,60,1,29.8
300767,3买,2025-10-22,60,1,29.8
300767,1买,2025-12-05,60,2,20.03
300768,1买,2022-10-11,60,1,55.31
300768,2买,2022-12-22,60,2,64.21
300768,1买,2023-05-26,60,1,21.32
300768,3买,2023-05-26,60,1,21.32
300768,1买,2024-02-06,60,1,67.96
300768,2买,2024-04-16,60,1,45.35
300768,1买,2024-07-09,60,1,82.92
300768,2买,2024-11-27,60,1,28.29
300768,2买,2024-11-27,60,1,28.29
300768,1买,2025-01-06,60,1,47.29
300768,3买,2025-01-06,60,1,47.29
300768,2买,2025-06-23,60,1,27.93
300769,1买,2023-01-04,60,1,29.25
300769,1买,2023-04-06,60,2,27.99
300769,1买,2024-02-06,60,1,41.23
300769,1买,2024-09-23,60,1,138.42
300769,2买,2025-01-06,60,1,39.18
300769,1买,2025-04-09,60,1,45.64
300769,2买,2026-02-03,60,1,125.03
300770,1买,2022-10-25,60,1,31.14
300770,2买,2022-12-20,60,4,33.43
300770,1买,2023-10-23,60,2,49.01
300770,2买,2023-11-30,60,1,30.03
300770,3买,2025-04-18,60,4,19.12
300771,1买,2023-04-27,60,1,19.56
300771,2买,2024-11-19,60,1,21.62
300772,1买,2023-06-26,60,1,8.77
300772,1买,2023-10-26,60,1,13.01
300772,2买,2024-11-22,60,1,33.82
300772,3买,2024-11-22,60,1,33.82
300772,3买,2025-03-11,60,4,15.26
300772,1买,2025-04-09,60,1,44.79
300772,2买,2025-05-28,60,2,53.73
300772,2买,2025-11-19,60,1,37.27
300772,3买,2025-11-19,60,1,37.27
300773,1买,2023-04-27,60,1,39.67
300773,1买,2024-08-28,60,1,154.14
300773,2买,2025-01-13,60,1,30.06
300773,2买,2025-01-13,60,1,30.06
300773,3买,2025-08-04,60,4,23.0
300773,1买,2025-12-05,60,1,54.16
300774,1买,2024-07-24,60,1,87.9
300774,2买,2024-11-04,60,1,22.29
300774,1买,2026-05-21,6,1,17.49
300775,1买,2023-04-03,60,2,15.63
300775,1买,2023-08-25,60,1,13.1
300775,1买,2025-04-08,60,1,42.04
300776,1买,2023-05-15,60,1,15.36
300776,1买,2024-02-05,60,1,34.7
300776,2买,2024-09-10,60,1,118.59
300776,1买,2025-04-09,60,1,15.28
300777,1买,2024-08-28,60,1,76.72
300777,2买,2024-11-27,60,1,25.77
300777,1买,2025-01-13,60,1,49.48
300777,3买,2025-01-13,60,1,49.48
300777,2买,2025-04-18,60,1,17.29
300778,1买,2022-10-12,60,1,21.98
300778,2买,2023-12-28,60,1,18.59
300778,1买,2024-02-08,60,1,113.41
300778,2买,2024-03-28,60,1,51.72
300778,1买,2024-09-24,60,1,71.9
300778,2买,2024-11-04,60,1,31.75
300778,1买,2025-01-13,60,1,33.4
300778,2买,2025-03-05,60,1,37.69
300778,3买,2025-10-13,60,1,19.08
300778,3买,2025-10-13,60,1,19.08
300779,3买,2023-08-02,60,1,37.16
300779,3买,2025-01-13,60,1,92.8
300780,1买,2024-07-09,60,1,60.74
300780,2买,2024-09-18,60,1,75.02
300780,1买,2025-04-09,60,1,46.1
300780,2买,2025-10-17,60,1,30.95
300780,1买,2025-11-24,60,1,102.39
300781,1买,2022-09-01,60,1,47.25
300781,2买,2022-12-23,60,1,107.94
300781,3买,2023-08-25,60,1,52.53
300781,1买,2023-10-23,60,1,225.94
300781,2买,2024-02-08,60,1,264.54
300781,3买,2024-06-25,60,1,48.95
300781,3买,2024-08-29,60,1,143.15
300781,1买,2025-01-07,60,1,35.24
300781,1买,2025-12-17,60,1,85.26
300781,2买,2026-04-07,35,1,15.62
300782,1买,2024-09-18,60,1,123.51
300783,1买,2022-10-31,60,1,47.48
300783,2买,2023-03-30,60,1,20.34
300783,1买,2024-02-05,60,1,87.53
300783,2买,2024-08-29,60,1,118.83
300783,3买,2025-08-04,60,8,15.27
300783,1买,2025-11-24,60,2,17.05
300784,1买,2024-11-19,60,1,31.38
300784,1买,2025-04-09,60,1,46.29
300784,2买,2025-06-23,60,1,22.28
300785,1买,2023-10-23,60,1,38.62
300785,2买,2025-04-09,60,1,63.36
300785,3买,2025-09-05,60,1,73.12
300785,1买,2026-05-28,1,1,8.55
300786,1买,2023-08-14,60,3,35.52
300786,1买,2025-01-06,60,1,50.38
300786,2买,2025-03-24,60,1,35.85
300786,1买,2025-04-09,60,1,47.33
300786,2买,2025-06-23,60,1,28.74
300787,1买,2023-10-24,60,1,14.67
300787,1买,2025-04-09,60,1,53.76
300787,2买,2025-10-17,60,2,12.53
300788,1买,2022-10-11,60,2,42.8
300788,2买,2022-12-23,60,1,61.36
300788,1买,2023-10-30,60,1,52.1
300788,3买,2023-10-30,60,1,52.1
300788,1买,2024-08-13,60,1,61.05
300788,2买,2024-09-24,60,1,71.74
300788,2买,2025-04-09,60,1,28.59
300788,3买,2025-10-20,60,1,21.02
300789,1买,2022-08-04,60,1,30.58
300789,2买,2023-06-28,60,1,38.81
300789,3买,2025-12-17,60,1,26.52
300790,1买,2023-05-10,60,4,22.07
300790,1买,2023-08-17,60,1,29.85
300790,1买,2024-07-25,60,1,54.52
300790,2买,2024-11-25,60,1,113.46
300790,2买,2024-11-25,60,1,113.46
300790,2买,2024-11-25,60,1,113.46
300790,3买,2025-04-09,60,1,30.51
300790,1买,2026-03-04,58,1,55.85
300790,3买,2026-03-04,58,1,55.85
300791,1买,2025-04-09,60,1,59.75
300791,2买,2025-06-03,60,1,26.64
300791,1买,2026-03-24,44,1,16.9
300792,1买,2023-10-23,60,1,26.54
300792,2买,2023-11-28,60,1,18.8
300792,3买,2025-11-17,60,1,85.54
300792,1买,2025-12-29,60,2,94.72
300792,3买,2025-12-29,60,2,94.72
300792,2买,2026-03-24,44,1,18.44
300793,1买,2022-10-10,60,1,51.19
300793,2买,2023-01-16,60,5,38.75
300795,3买,2023-09-22,60,1,25.46
300795,1买,2023-10-24,60,1,36.91
300796,1买,2023-08-15,60,1,58.37
300796,2买,2023-12-25,60,1,20.92
300796,1买,2024-02-06,60,1,57.0
300796,1买,2025-04-09,60,1,80.74
300796,2买,2025-10-20,60,5,8.78
300797,3买,2023-04-25,60,1,25.85
300797,1买,2024-02-06,60,1,50.39
300797,2买,2024-07-25,60,1,77.1
300797,1买,2024-08-23,60,1,91.1
300797,2买,2025-01-06,60,1,65.26
300797,3买,2025-06-23,60,1,68.59
300797,3买,2025-06-23,60,1,68.59
300798,1买,2024-09-18,60,1,83.76
300798,2买,2025-01-13,60,1,105.29
300798,1买,2025-10-30,60,2,13.48
300798,3买,2025-10-30,60,2,13.48
300798,1买,2025-12-17,60,1,63.27
300798,2买,2026-03-05,57,1,62.27
300800,1买,2022-12-23,60,7,24.0
300800,2买,2023-04-26,60,1,40.98
300801,1买,2022-12-23,60,6,15.16
300801,1买,2023-06-29,60,1,10.52
300801,2买,2025-08-04,60,1,56.62
300801,2买,2025-08-04,60,1,56.62
300802,1买,2025-04-09,60,1,37.71
300802,2买,2025-12-17,60,1,31.88
300803,1买,2022-10-11,60,1,31.28
300803,2买,2022-12-23,60,1,40.37
300803,3买,2025-11-24,60,1,33.57
300803,3买,2025-11-24,60,1,33.57
300804,1买,2024-09-18,60,1,54.43
300804,2买,2024-11-19,60,1,13.06
300804,1买,2025-12-17,60,1,72.08
300804,3买,2025-12-17,60,1,72.08
300805,1买,2023-08-22,60,1,31.14
300805,2买,2025-04-09,60,1,50.88
300806,1买,2023-08-23,60,1,26.62
300806,3买,2025-06-23,60,1,83.02
300806,2买,2025-11-24,60,1,148.58
300807,1买,2025-04-08,60,1,66.67
300807,2买,2025-06-23,60,1,42.26
300807,3买,2025-06-23,60,1,42.26
300807,1买,2026-05-26,3,1,4.51
300808,1买,2023-01-03,60,1,29.76
300808,2买,2023-12-06,60,1,22.2
300808,3买,2025-01-06,60,1,50.73
300808,1买,2025-09-29,60,1,20.38
300809,1买,2022-10-11,60,1,48.77
300809,2买,2022-12-30,60,1,34.29
300809,1买,2024-02-06,60,1,65.43
300809,2买,2024-04-17,60,1,27.19
300809,1买,2024-07-09,60,1,49.84
300809,2买,2025-01-08,60,1,119.73
300809,3买,2025-01-08,60,1,119.73
300809,3买,2025-04-09,60,1,47.22
300810,1买,2023-08-29,60,1,25.27
300810,2买,2023-10-23,60,1,35.52
300810,1买,2024-07-18,60,1,101.36
300810,2买,2024-08-28,60,1,81.2
300810,3买,2025-09-10,60,1,22.27
300811,1买,2023-10-24,60,1,75.85
300811,2买,2024-01-10,60,1,38.59
300811,1买,2024-02-05,60,1,61.01
300811,2买,2024-04-19,60,1,18.96
300811,1买,2024-09-10,60,1,51.45
300811,2买,2024-11-27,60,1,29.36
300811,3买,2025-09-09,60,1,30.72
300811,3买,2025-09-09,60,1,30.72
300812,1买,2023-05-10,60,1,97.99
300812,2买,2023-08-25,60,1,105.04
300812,3买,2023-08-25,60,1,105.04
300812,1买,2024-09-23,60,1,79.27
300812,2买,2025-01-13,60,1,23.97
300813,1买,2022-09-19,60,4,188.64
300813,1买,2024-02-08,60,1,171.57
300813,2买,2024-04-17,60,1,118.25
300813,1买,2024-08-23,60,1,63.16
300813,2买,2025-01-06,60,1,31.11
300813,1买,2025-04-09,60,1,54.64
300813,2买,2025-12-17,60,1,22.05
300814,3买,2023-08-29,60,1,94.67
300814,3买,2024-01-11,60,1,28.96
300814,1买,2024-02-06,60,1,59.57
300814,2买,2024-08-29,60,1,72.07
300814,1买,2025-01-06,60,1,68.0
300815,1买,2023-10-24,60,1,10.91
300815,1买,2023-12-28,60,1,10.63
300815,1买,2024-09-18,60,1,81.84
300815,2买,2025-01-13,60,1,31.69
300815,2买,2025-02-19,60,1,22.23
300815,2买,2025-02-19,60,1,22.23
300815,3买,2025-02-19,60,1,22.23
300815,3买,2025-12-18,60,2,29.34
300815,1买,2026-03-24,44,1,15.91
300816,1买,2023-10-23,60,1,16.12
300816,1买,2025-01-13,60,1,123.78
300816,2买,2025-04-09,60,1,66.48
300816,3买,2025-04-09,60,1,66.48
300816,2买,2025-08-01,60,1,44.94
300816,3买,2025-10-17,60,1,104.52
300817,1买,2022-06-17,60,1,51.88
300817,2买,2023-05-10,60,1,45.92
300817,1买,2023-06-12,60,1,69.4
300817,2买,2023-08-17,60,1,19.27
300817,1买,2023-08-29,60,1,28.62
300817,2买,2023-12-11,60,1,12.3
300817,3买,2025-04-09,60,1,71.77
300817,3买,2025-06-23,60,1,18.6
300817,1买,2025-12-17,60,1,28.81
300818,1买,2022-12-26,60,1,34.63
300818,1买,2025-04-09,60,1,38.04
300819,1买,2022-10-12,60,1,28.04
300819,1买,2023-06-26,60,2,25.32
300819,2买,2023-08-14,60,1,29.38
300819,2买,2023-12-12,60,1,15.25
300819,3买,2025-06-23,60,1,55.08
300820,1买,2024-02-06,60,1,92.04
300820,2买,2024-07-09,60,1,62.57
300820,1买,2025-04-09,60,1,38.82
300820,2买,2025-06-23,60,1,20.45
300821,1买,2023-10-23,60,1,18.5
300821,1买,2024-01-10,60,1,20.83
300821,2买,2024-05-27,60,1,14.78
300821,1买,2024-08-23,60,1,61.18
300821,2买,2025-01-13,60,1,30.07
300821,1买,2025-04-09,60,1,63.4
300821,2买,2025-10-23,60,1,99.41
300821,2买,2025-10-23,60,1,99.41
300821,3买,2025-10-23,60,1,99.41
300821,3买,2025-10-23,60,1,99.41
300821,1买,2026-03-24,44,1,62.69
300822,1买,2023-08-25,60,1,29.07
300822,2买,2023-10-30,60,1,37.9
300822,3买,2025-07-24,60,1,20.87
300822,1买,2025-10-13,60,1,30.98
300823,1买,2024-09-18,60,1,66.33
300823,2买,2024-11-04,60,1,32.27
300824,1买,2023-10-24,60,1,9.5
300824,3买,2025-01-13,60,1,33.58
300824,1买,2025-04-09,60,1,83.86
300824,2买,2025-06-23,60,2,21.84
300824,2买,2025-06-23,60,2,21.84
300824,3买,2025-06-23,60,2,21.84
300824,3买,2025-10-20,60,2,17.98
300825,1买,2022-12-23,60,1,34.26
300825,2买,2023-04-26,60,1,80.45
300825,1买,2024-09-23,60,1,78.11
300825,2买,2025-01-06,60,1,38.6
300826,3买,2023-08-14,60,1,61.73
300826,1买,2024-09-18,60,1,87.01
300826,2买,2025-03-05,60,1,16.57
300826,3买,2025-03-05,60,1,16.57
300826,1买,2025-04-09,60,1,45.42
300826,2买,2025-06-23,60,1,27.84
300826,3买,2025-06-23,60,1,27.84
300827,1买,2024-02-06,60,1,60.7
300827,2买,2024-04-08,60,1,20.97
300827,1买,2025-03-13,60,2,12.11
300827,3买,2025-03-13,60,2,12.11
300827,1买,2025-04-09,60,1,42.16
300827,2买,2025-06-17,60,1,44.64
300827,2买,2025-12-19,60,1,31.37
300827,1买,2026-01-05,60,1,38.12
300827,3买,2026-01-05,60,1,38.12
300827,2买,2026-02-13,60,2,34.26
300827,1买,2026-04-07,35,1,18.55
300828,1买,2022-12-23,60,2,25.69
300828,1买,2023-04-27,60,1,41.06
300828,2买,2023-08-29,60,1,46.67
300828,2买,2023-08-29,60,1,46.67
300828,1买,2025-04-09,60,1,42.35
300828,2买,2025-10-13,60,1,16.9
300828,3买,2025-10-13,60,1,16.9
300828,1买,2025-12-17,60,1,108.75
300829,1买,2023-08-28,60,1,18.19
300829,1买,2023-10-24,60,3,19.13
300829,1买,2025-04-08,60,1,66.11
300830,3买,2023-08-02,60,2,7.66
300830,1买,2023-08-17,60,1,32.22
300830,2买,2025-12-17,60,10,61.12
300830,3买,2025-12-17,60,10,61.12
300831,1买,2023-08-25,60,1,24.7
300831,1买,2024-08-23,60,2,93.67
300831,2买,2024-11-27,60,1,28.44
300831,2买,2024-11-27,60,1,28.44
300831,1买,2025-01-13,60,1,26.99
300831,1买,2025-04-09,60,1,36.26
300831,2买,2025-06-23,60,1,24.01
300832,3买,2023-03-09,60,2,10.37
300832,1买,2025-02-06,60,1,13.64
300832,1买,2025-04-22,60,2,29.71
300832,2买,2025-12-12,60,3,10.08
300833,1买,2022-12-22,60,2,41.84
300833,2买,2023-03-27,60,1,22.38
300833,1买,2023-05-10,60,3,24.87
300833,3买,2023-05-10,60,3,24.87
300833,1买,2024-09-10,60,1,57.7
300833,2买,2024-11-04,60,1,45.83
300834,1买,2023-08-25,60,1,15.39
300834,1买,2025-04-09,60,1,90.11
300834,2买,2025-07-15,60,3,15.57
300834,3买,2025-10-20,60,5,14.34
300834,1买,2025-12-17,60,3,35.67
300834,2买,2026-03-24,44,1,147.71
300835,1买,2023-10-23,60,1,34.62
300835,2买,2023-12-18,60,2,15.55
300835,1买,2024-09-18,60,1,91.48
300835,2买,2025-01-06,60,1,67.0
300835,3买,2025-04-09,60,1,59.26
300836,1买,2022-12-30,60,1,34.93
300836,2买,2023-04-25,60,1,60.63
300836,1买,2023-10-24,60,1,21.4
300836,3买,2023-10-24,60,1,21.4
300836,2买,2024-09-23,60,1,78.87
300836,3买,2024-09-23,60,1,78.87
300836,3买,2025-01-06,60,1,48.58
300836,1买,2025-04-09,60,1,56.94
300836,2买,2025-08-20,60,2,57.83
300836,1买,2025-09-10,60,1,59.97
300836,2买,2025-11-21,60,1,49.96
300837,1买,2023-10-26,60,1,16.59
300837,1买,2024-02-06,60,1,64.35
300837,2买,2024-04-23,60,1,19.05
300837,1买,2025-01-13,60,1,27.81
300837,1买,2025-04-09,60,1,39.78
300837,2买,2025-06-23,60,1,28.63
300837,2买,2025-06-23,60,1,28.63
300839,1买,2022-09-27,60,1,70.73
300839,2买,2022-12-26,60,1,28.74
300839,3买,2023-04-11,60,1,21.07
300839,1买,2024-02-07,60,1,44.39
300839,2买,2024-11-19,60,1,49.36
300840,1买,2022-10-11,60,1,29.47
300840,2买,2022-12-30,60,2,38.7
300840,1买,2024-09-18,60,1,292.34
300840,2买,2025-04-09,60,1,55.49
300840,3买,2025-04-09,60,1,55.49
300840,3买,2025-06-16,60,1,33.1
300840,3买,2025-06-16,60,1,33.1
300840,1买,2025-12-24,60,1,56.19
300840,2买,2026-03-04,58,1,52.03
300841,1买,2022-10-12,60,1,37.39
300841,2买,2022-12-23,60,4,25.09
300841,3买,2025-12-31,60,5,8.13
300842,1买,2024-02-05,60,1,39.56
300842,1买,2024-08-23,60,1,78.51
300842,1买,2024-09-23,60,1,90.35
300842,2买,2025-01-13,60,1,51.75
300842,2买,2025-01-13,60,1,51.75
300842,1买,2025-04-09,60,1,38.02
300842,2买,2025-12-03,60,1,146.07
300843,1买,2023-04-26,60,1,27.84
300843,2买,2024-07-05,60,1,47.72
300843,1买,2024-09-23,60,1,64.95
300843,2买,2024-11-07,60,1,32.82
300843,1买,2024-11-29,60,1,44.07
300843,3买,2024-11-29,60,1,44.07
300843,2买,2025-11-24,60,1,44.35
300844,1买,2022-12-30,60,2,47.02
300844,2买,2023-04-26,60,1,115.95
300844,1买,2023-12-11,60,1,13.01
300844,3买,2023-12-11,60,1,13.01
300844,2买,2025-05-23,60,1,49.57
300844,3买,2025-05-23,60,1,49.57
300844,1买,2026-03-24,44,1,14.9
300845,3买,2022-12-30,60,1,44.27
300845,1买,2023-08-29,60,1,18.33
300845,1买,2023-10-23,60,1,18.47
300845,1买,2025-06-20,60,1,37.68
300845,2买,2025-09-23,60,1,21.93
300846,1买,2023-10-24,60,1,64.35
300846,1买,2024-08-28,60,1,101.41
300846,2买,2025-01-13,60,1,230.65
300846,2买,2025-06-23,60,1,51.55
300846,3买,2025-06-23,60,1,51.55
300847,3买,2023-10-23,60,2,25.89
300847,1买,2024-01-23,60,1,46.75
300847,1买,2024-02-08,60,1,46.99
300847,2买,2024-07-25,60,1,61.05
300847,2买,2024-07-25,60,1,61.05
300847,1买,2024-09-02,60,1,62.88
300847,2买,2024-11-27,60,1,17.66
300847,1买,2025-01-13,60,1,22.52
300847,3买,2025-01-13,60,1,22.52
300847,1买,2025-04-08,60,1,54.58
300847,2买,2025-09-25,60,1,24.7
300847,2买,2025-09-25,60,1,24.7
300847,1买,2025-12-17,60,2,17.37
300847,1买,2026-03-24,44,1,11.5
300848,1买,2024-02-06,60,1,111.18
300848,2买,2024-07-25,60,2,40.31
300848,1买,2024-09-18,60,1,88.22
300848,2买,2025-01-13,60,1,36.41
300848,3买,2025-09-04,60,4,36.15
300850,1买,2022-12-23,60,1,24.26
300850,1买,2023-06-15,60,1,17.45
300850,1买,2023-08-25,60,1,37.83
300850,1买,2024-07-09,60,1,73.25
300850,2买,2024-09-23,60,1,98.7
300850,2买,2025-08-01,60,1,78.01
300850,2买,2025-12-24,60,1,37.2
300850,3买,2025-12-24,60,1,37.2
300851,1买,2023-07-24,60,2,24.09
300851,3买,2023-07-24,60,2,24.09
300851,2买,2023-12-26,60,1,21.65
300851,1买,2025-01-13,60,1,30.74
300851,2买,2025-04-28,60,1,14.65
300851,1买,2025-12-17,60,1,28.63
300852,1买,2023-10-23,60,1,19.69
300852,1买,2024-09-18,60,3,58.63
300852,2买,2024-11-25,60,1,68.05
300852,1买,2025-01-06,60,1,73.99
300852,2买,2025-07-23,60,1,59.81
300852,3买,2025-11-24,60,1,67.76
300853,1买,2022-12-29,60,1,42.8
300853,2买,2023-03-08,60,1,32.38
300853,1买,2023-10-24,60,1,36.06
300853,1买,2024-08-13,60,1,108.56
300853,1买,2024-08-28,60,1,121.19
300853,2买,2024-11-27,60,1,121.85
300853,2买,2024-11-27,60,1,121.85
300853,3买,2025-10-13,60,1,17.43
300854,1买,2023-04-25,60,1,27.79
300854,2买,2023-06-26,60,2,54.66
300855,1买,2023-10-12,60,9,9.9
300855,1买,2023-12-21,60,1,12.74
300855,1买,2025-01-08,60,1,26.36
300855,2买,2025-04-21,60,1,22.7
300855,1买,2025-11-20,60,1,63.2
300855,3买,2025-11-20,60,1,63.2
300855,2买,2026-03-24,44,1,35.59
300855,2买,2026-03-24,44,1,35.59
300856,1买,2022-12-26,60,1,38.49
300856,2买,2023-03-27,60,3,70.04
300856,1买,2024-02-05,60,1,69.38
300856,1买,2024-09-18,60,1,76.06
300856,2买,2025-01-13,60,1,13.42
300856,1买,2025-10-13,60,1,32.7
300856,2买,2026-02-03,60,2,12.73
300857,1买,2023-09-26,60,1,193.87
300857,2买,2024-02-06,60,1,110.21
300857,3买,2024-02-06,60,1,110.21
300857,3买,2024-05-30,60,1,40.95
300858,1买,2024-02-05,60,1,28.84
300858,2买,2025-10-15,60,1,27.79
300858,1买,2025-12-18,60,1,22.22
300859,3买,2025-01-13,60,1,31.48
300860,1买,2024-02-06,60,1,46.27
300860,2买,2024-04-17,60,1,32.46
300860,1买,2025-04-09,60,1,42.9
300860,2买,2025-10-20,60,3,19.66
300861,1买,2024-01-09,60,1,14.91
300861,1买,2024-02-05,60,1,45.22
300861,1买,2024-09-23,60,1,81.97
300861,2买,2024-11-18,60,1,16.91
300861,2买,2024-11-18,60,1,16.91
300861,1买,2025-04-09,60,1,34.81
300861,1买,2025-12-17,60,1,45.25
300862,1买,2025-01-13,60,1,36.71
300862,2买,2025-08-04,60,1,18.36
300862,1买,2025-10-20,60,4,41.02
300863,1买,2023-06-07,60,1,13.71
300863,1买,2023-09-21,60,2,17.16
300863,1买,2023-10-26,60,1,21.02
300863,2买,2026-04-03,36,1,80.63
300863,2买,2026-04-03,36,1,80.63
300864,1买,2024-02-06,60,1,67.91
300864,2买,2024-04-17,60,1,27.55
300864,1买,2024-09-18,60,4,51.26
300864,2买,2025-01-13,60,1,15.55
300864,1买,2025-04-08,60,1,18.17
300865,1买,2024-09-18,60,1,235.15
300865,2买,2024-11-27,60,1,18.43
300865,1买,2025-01-06,60,1,30.98
300865,3买,2025-01-06,60,1,30.98
300865,1买,2025-04-09,60,1,90.63
300865,2买,2025-10-13,60,1,23.67
300865,2买,2025-10-13,60,1,23.67
300865,1买,2025-12-17,60,1,21.94
300865,1买,2026-03-23,45,1,39.99
300865,2买,2026-05-22,5,1,5.62
300865,2买,2026-05-22,5,1,5.62
300866,3买,2024-03-29,60,1,33.89
300866,1买,2025-04-09,60,1,71.03
300866,2买,2025-11-21,60,2,17.69
300866,3买,2025-11-21,60,2,17.69
300867,1买,2023-06-26,60,3,9.02
300867,1买,2025-04-07,60,1,94.83
300867,2买,2025-08-04,60,1,27.11
300867,2买,2025-08-04,60,1,27.11
300867,1买,2025-09-05,60,2,51.79
300867,3买,2025-09-05,60,2,51.79
300868,1买,2023-04-26,60,1,101.22
300868,2买,2023-06-28,60,1,79.55
300868,1买,2024-09-19,60,1,129.13
300868,2买,2025-01-06,60,1,57.22
300868,3买,2025-01-06,60,1,57.22
300868,1买,2025-04-09,60,1,70.0
300868,2买,2025-07-23,60,2,15.71
300869,1买,2023-08-08,60,1,8.91
300869,1买,2024-07-09,60,1,59.9
300869,1买,2024-08-26,60,1,61.22
300869,2买,2025-01-13,60,1,21.25
300869,2买,2025-01-13,60,1,21.25
300869,1买,2025-04-18,60,3,23.46
300869,2买,2025-06-23,60,1,61.71
300869,3买,2025-12-31,60,1,12.43
300870,1买,2023-10-23,60,1,28.89
300870,1买,2024-08-23,60,1,136.59
300870,2买,2025-04-09,60,1,63.02
300870,2买,2025-04-09,60,1,63.02
300871,1买,2024-02-08,60,1,116.69
300871,2买,2025-01-13,60,1,341.93
300871,3买,2025-09-29,60,2,12.42
300871,1买,2025-12-10,60,1,70.96
300871,2买,2026-03-24,44,1,29.01
300872,1买,2022-09-21,60,1,40.64
300872,2买,2022-10-31,60,1,18.49
300872,1买,2023-08-21,60,2,16.15
300872,2买,2024-11-25,60,1,37.41
300872,1买,2025-01-13,60,1,49.66
300872,2买,2025-12-05,60,1,23.02
300873,1买,2023-08-25,60,1,45.85
300873,1买,2024-09-18,60,1,61.14
300873,2买,2024-11-25,60,1,46.43
300873,3买,2025-04-09,60,1,37.59
300873,2买,2025-06-23,60,1,46.38
300873,3买,2025-08-29,60,1,25.45
300875,1买,2022-12-26,60,5,35.41
300875,2买,2023-04-25,60,1,40.66
300875,1买,2024-02-07,60,1,122.22
300875,2买,2024-07-18,60,1,135.57
300875,1买,2025-04-09,60,1,157.79
300875,2买,2025-06-11,60,2,170.48
300875,3买,2025-09-29,60,1,35.43
300875,3买,2025-09-29,60,1,35.43
300876,1买,2023-04-25,60,1,13.64
300876,2买,2023-06-27,60,2,19.55
300876,3买,2025-04-28,60,1,32.72
300877,1买,2023-04-24,60,1,52.7
300877,2买,2023-06-26,60,2,42.23
300877,1买,2023-10-23,60,1,15.63
300877,1买,2025-04-09,60,1,48.73
300877,3买,2025-04-09,60,1,48.73
300877,2买,2025-06-23,60,1,122.39
300877,2买,2025-08-29,60,1,52.74
300877,3买,2025-08-29,60,1,52.74
300878,1买,2023-04-26,60,1,12.81
300878,1买,2023-08-08,60,1,80.42
300878,1买,2023-08-24,60,1,90.2
300878,2买,2023-10-23,60,1,74.57
300878,2买,2023-10-23,60,1,74.57
300878,1买,2024-07-25,60,2,50.29
300878,1买,2025-04-09,60,1,36.09
300878,2买,2025-08-29,60,1,54.59
300878,2买,2025-08-29,60,1,54.59
300879,1买,2023-04-26,60,1,47.1
300879,2买,2023-06-12,60,1,39.64
300879,1买,2024-09-19,60,1,53.47
300879,2买,2024-11-27,60,1,33.09
300879,3买,2025-08-04,60,1,29.06
300879,3买,2025-10-13,60,1,11.38
300880,1买,2023-04-26,60,1,143.58
300880,2买,2024-07-25,60,1,74.59
300880,3买,2025-01-06,60,1,32.89
300880,1买,2025-04-09,60,1,24.18
300881,3买,2023-03-20,60,1,24.56
300881,1买,2023-04-06,60,1,26.94
300881,1买,2024-02-07,60,1,111.93
300881,2买,2024-06-07,60,1,16.64
300881,3买,2025-01-06,60,1,36.96
300881,1买,2025-04-09,60,1,51.89
300881,2买,2025-06-23,60,1,61.81
300881,3买,2025-06-23,60,1,61.81
300881,2买,2025-09-23,60,1,30.86
300882,1买,2023-10-24,60,1,24.78
300882,3买,2023-10-24,60,1,24.78
300882,2买,2023-12-26,60,2,12.86
300882,1买,2025-01-13,60,1,20.82
300882,1买,2025-04-09,60,1,46.22
300882,2买,2025-08-01,60,2,38.64
300883,1买,2023-04-26,60,2,18.05
300883,2买,2023-08-25,60,1,38.23
300883,1买,2025-04-09,60,1,61.4
300883,2买,2025-06-23,60,1,25.7
300883,3买,2025-09-23,60,1,19.97
300883,3买,2026-03-04,58,2,21.77
300884,1买,2025-01-06,60,1,43.28
300884,2买,2025-10-17,60,1,55.3
300884,1买,2026-05-22,5,1,5.19
300885,1买,2023-04-26,60,1,45.85
300885,2买,2023-08-25,60,1,47.6
300885,1买,2025-04-09,60,1,68.63
300885,2买,2025-06-23,60,1,171.68
300885,3买,2025-06-23,60,1,171.68
300885,3买,2025-06-23,60,1,171.68
300885,1买,2025-11-24,60,1,93.0
300885,3买,2025-11-24,60,1,93.0
300886,3买,2025-07-31,60,2,25.29
300886,1买,2025-09-23,60,1,19.59
300886,1买,2025-12-17,60,1,25.1
300886,2买,2026-03-04,58,1,13.99
300887,1买,2022-09-26,60,1,23.96
300887,1买,2022-10-31,60,1,17.31
300887,1买,2024-07-25,60,1,54.2
300887,1买,2024-09-09,60,3,72.97
300887,2买,2024-11-04,60,1,39.07
300887,2买,2024-11-04,60,1,39.07
300887,1买,2025-04-09,60,1,47.62
300887,2买,2025-10-20,60,1,118.34
300887,1买,2025-12-19,60,1,124.77
300887,2买,2026-03-04,58,1,21.46
300887,1买,2026-04-29,19,1,17.23
300888,1买,2023-12-21,60,6,11.39
300888,1买,2024-02-05,60,1,36.03
300888,1买,2024-08-23,60,3,62.46
300888,2买,2025-02-13,60,1,49.73
300888,2买,2025-02-13,60,1,49.73
300888,2买,2025-02-13,60,1,49.73
300888,3买,2025-04-08,60,1,46.45
300888,1买,2025-09-24,60,1,17.85
300889,1买,2024-06-11,60,1,38.84
300889,2买,2024-07-18,60,1,69.9
300890,1买,2022-10-31,60,1,38.24
300890,1买,2023-09-15,60,1,16.82
300890,1买,2023-12-11,60,4,12.96
300890,1买,2025-04-09,60,1,55.78
300891,1买,2022-12-23,60,8,34.0
300891,2买,2023-04-28,60,1,5.55
300891,1买,2023-06-27,60,2,14.72
300891,2买,2023-08-24,60,1,15.77
300891,1买,2023-10-24,60,1,15.9
300891,1买,2024-09-23,60,1,65.57
300891,2买,2025-01-06,60,1,39.08
300891,1买,2025-04-09,60,1,44.53
300891,2买,2025-08-04,60,3,29.73
300891,2买,2025-08-04,60,3,29.73
300892,1买,2023-05-10,60,2,53.74
300892,2买,2023-10-23,60,1,32.54
300892,1买,2025-04-07,60,1,88.06
300892,3买,2025-04-07,60,1,88.06
300892,2买,2025-06-23,60,1,32.91
300892,1买,2026-01-05,60,1,21.13
300893,1买,2023-01-05,60,1,23.4
300893,2买,2024-04-17,60,1,18.14
300893,3买,2025-01-06,60,1,28.06
300894,1买,2024-08-29,60,1,77.68
300894,2买,2024-11-04,60,1,34.07
300895,1买,2023-08-02,60,1,36.74
300895,2买,2024-11-19,60,1,45.55
300895,1买,2025-01-13,60,1,168.86
300895,2买,2025-06-03,60,2,44.31
300896,1买,2023-12-27,60,1,36.01
300896,1买,2024-07-09,60,1,83.47
300896,1买,2024-09-18,60,1,112.88
300896,2买,2025-01-13,60,1,26.67
300896,2买,2025-01-13,60,1,26.67
300896,1买,2025-06-23,60,8,20.28
300896,2买,2025-08-19,60,1,13.01
300896,1买,2026-01-29,60,1,15.53
300898,1买,2024-02-07,60,1,45.29
300898,2买,2025-05-14,60,1,15.89
300898,1买,2025-06-23,60,1,26.94
300898,3买,2025-06-23,60,1,26.94
300898,2买,2025-10-09,60,1,22.88
300900,1买,2025-01-24,60,2,45.87
300900,2买,2025-08-01,60,1,9.95
300900,1买,2025-10-20,60,4,170.47
300900,1买,2025-11-21,60,1,191.19
300900,2买,2026-03-27,41,1,68.56
300900,2买,2026-03-27,41,1,68.56
300901,1买,2024-02-08,60,1,103.18
300901,2买,2024-04-16,60,1,64.84
300901,3买,2024-12-11,60,1,42.41
300901,3买,2025-01-13,60,1,53.47
300902,1买,2023-09-04,60,1,23.25
300902,2买,2023-10-19,60,2,22.87
300902,1买,2025-04-09,60,1,43.86
300903,1买,2022-10-31,60,1,28.03
300904,1买,2024-06-24,60,1,40.02
300904,2买,2025-02-05,60,1,35.95
300904,1买,2025-04-09,60,1,37.69
300904,2买,2025-12-18,60,1,29.12
300904,1买,2026-03-04,58,2,29.29
300905,1买,2022-12-30,60,2,33.83
300905,2买,2023-04-06,60,2,13.4
300905,1买,2023-04-26,60,2,24.95
300905,2买,2023-08-14,60,1,44.8
300905,3买,2024-11-04,60,1,36.15
300905,1买,2025-04-09,60,1,102.91
300905,2买,2025-07-16,60,2,41.12
300906,1买,2023-08-25,60,1,20.92
300906,1买,2024-09-18,60,1,78.75
300906,2买,2025-01-06,60,1,19.71
300906,2买,2025-04-18,60,1,28.09
300906,3买,2025-04-18,60,1,28.09
300907,1买,2023-04-25,60,1,33.06
300907,2买,2023-08-15,60,2,18.16
300907,3买,2025-04-09,60,1,69.68
300907,3买,2025-12-17,60,1,15.72
300907,1买,2026-03-23,45,1,80.88
300908,1买,2024-02-06,60,1,66.4
300908,1买,2025-04-08,60,1,23.95
300908,2买,2025-06-23,60,1,18.87
300909,1买,2023-08-25,60,1,66.39
300909,2买,2023-12-08,60,1,18.74
300909,1买,2025-04-09,60,1,41.39
300909,2买,2025-12-16,60,1,41.44
300910,1买,2023-10-23,60,1,41.76
300910,1买,2024-09-10,60,1,56.86
300910,2买,2025-01-14,60,1,58.24
300911,1买,2023-05-19,60,1,20.62
300911,2买,2023-11-02,60,2,11.86
300911,1买,2025-06-03,60,1,73.36
300911,3买,2025-06-03,60,1,73.36
300912,1买,2023-08-28,60,1,29.74
300912,1买,2025-04-09,60,1,64.39
300912,2买,2025-06-23,60,1,37.4
300913,1买,2024-02-06,60,1,191.82
300913,2买,2024-09-18,60,3,77.46
300913,3买,2024-09-18,60,3,77.46
300915,1买,2023-10-26,60,1,16.9
300915,1买,2024-09-18,60,1,65.9
300915,2买,2025-01-13,60,1,51.47
300915,2买,2025-04-29,60,1,14.67
300915,3买,2025-04-29,60,1,14.67
300915,1买,2025-06-23,60,2,43.92
300916,1买,2022-12-23,60,1,34.46
300916,1买,2023-04-18,60,1,46.87
300916,1买,2023-05-10,60,1,33.96
300916,1买,2024-02-07,60,1,177.77
300916,2买,2024-06-11,60,1,22.41
300916,1买,2024-09-24,60,1,84.76
300916,2买,2025-01-06,60,1,34.58
300916,1买,2025-04-09,60,1,35.45
300916,2买,2025-10-20,60,1,13.86
300916,1买,2025-12-29,60,1,16.89
300917,1买,2022-10-31,60,1,90.29
300917,2买,2023-04-06,60,1,27.06
300917,1买,2023-04-26,60,1,67.7
300917,2买,2023-07-18,60,1,75.95
300917,1买,2024-01-23,60,1,39.33
300917,1买,2024-02-07,60,1,98.92
300917,2买,2024-04-16,60,1,158.71
300917,2买,2024-07-26,60,1,147.51
300917,1买,2024-08-28,60,1,189.31
300917,3买,2024-08-28,60,1,189.31
300917,2买,2025-01-13,60,1,32.0
300917,1买,2025-04-08,60,1,55.41
300917,2买,2025-06-23,60,1,40.2
300917,3买,2025-08-04,60,2,21.4
300917,1买,2026-01-27,60,1,17.46
300918,1买,2023-12-28,60,1,8.27
300918,1买,2024-02-07,60,1,38.74
300918,2买,2024-04-16,60,1,63.99
300918,2买,2025-04-09,60,1,128.39
300918,3买,2025-04-09,60,1,128.39
300918,3买,2025-07-11,60,1,52.88
300919,1买,2023-01-04,60,1,26.12
300919,2买,2023-03-08,60,2,8.32
300919,1买,2025-04-08,60,1,13.69
300919,2买,2025-06-23,60,1,51.3
300920,3买,2025-04-09,60,1,239.65
300920,3买,2025-11-24,60,1,29.65
300920,3买,2026-01-30,60,1,19.85
300921,3买,2023-08-14,60,1,32.65
300921,1买,2023-08-29,60,1,35.07
300921,1买,2025-06-23,60,1,45.91
300921,2买,2025-10-13,60,1,21.96
300921,2买,2026-04-07,35,1,27.63
300922,1买,2023-10-24,60,1,20.2
300922,1买,2024-09-18,60,1,65.1
300922,2买,2025-01-06,60,1,57.78
300922,2买,2025-09-04,60,1,26.9
300922,3买,2025-12-17,60,1,23.43
300922,1买,2026-03-23,45,1,31.72
300923,1买,2025-01-06,60,1,35.47
300923,2买,2025-03-31,60,1,40.63
300923,3买,2025-06-23,60,1,27.41
300925,1买,2022-10-11,60,1,58.93
300925,2买,2023-02-27,60,1,39.05
300925,3买,2023-04-28,60,1,22.45
300925,1买,2023-10-24,60,1,43.48
300925,1买,2024-08-28,60,1,289.0
300925,2买,2024-10-24,60,1,41.37
300925,2买,2024-10-24,60,1,41.37
300925,3买,2025-01-06,60,1,64.9
300925,1买,2025-04-09,60,1,53.08
300925,2买,2025-05-28,60,1,36.42
300925,1买,2025-09-05,60,1,26.55
300926,1买,2024-07-25,60,1,64.28
300926,1买,2024-08-28,60,1,65.52
300926,2买,2024-12-23,60,1,59.59
300926,2买,2024-12-23,60,1,59.59
300927,1买,2024-08-29,60,1,115.55
300927,2买,2025-01-06,60,1,143.78
300927,1买,2025-10-20,60,2,25.98
300927,3买,2025-10-20,60,2,25.98
300928,1买,2022-12-26,60,1,25.07
300928,2买,2023-02-20,60,1,14.05
300928,1买,2025-04-09,60,1,33.2
300928,2买,2025-12-18,60,1,18.92
300929,1买,2022-10-31,60,1,19.57
300929,1买,2025-04-09,60,1,57.41
300929,2买,2025-09-23,60,1,26.71
300929,3买,2025-09-23,60,1,26.71
300930,1买,2023-04-26,60,1,23.38
300930,2买,2023-06-26,60,1,22.14
300930,1买,2025-04-09,60,1,68.76
300930,2买,2025-09-22,60,1,17.61
300930,3买,2025-09-22,60,1,17.61
300931,3买,2025-10-13,60,1,31.24
300932,1买,2022-12-23,60,2,37.31
300932,1买,2023-08-25,60,1,17.73
300932,2买,2023-10-23,60,1,13.76
300932,2买,2023-10-23,60,1,13.76
300932,1买,2024-06-11,60,1,45.07
300932,2买,2025-01-06,60,1,59.93
300932,1买,2025-10-13,60,1,34.79
300933,1买,2025-01-17,60,1,39.63
300933,2买,2025-12-18,60,1,32.55
300933,3买,2026-03-04,58,1,20.02
300933,1买,2026-03-24,44,1,23.62
300935,1买,2023-10-23,60,1,19.2
300935,2买,2025-12-05,60,1,56.15
300936,1买,2022-10-11,60,1,33.73
300936,2买,2022-12-26,60,1,56.85
300936,1买,2024-09-18,60,1,94.74
300936,2买,2025-01-06,60,1,45.09
300936,1买,2025-04-09,60,1,49.65
300936,2买,2025-06-17,60,1,31.23
300936,3买,2025-06-17,60,1,31.23
300936,1买,2025-11-24,60,1,27.76
300937,1买,2022-09-26,60,1,79.96
300937,2买,2023-04-20,60,1,31.98
300937,1买,2025-04-09,60,1,46.3
300938,1买,2023-04-11,60,1,26.0
300938,2买,2023-08-23,60,1,8.85
300938,1买,2024-09-18,60,1,71.6
300938,2买,2025-04-09,60,1,36.67
300938,1买,2025-06-23,60,1,44.36
300938,2买,2025-10-13,60,1,63.99
300939,1买,2022-12-23,60,2,34.8
300939,2买,2023-03-14,60,1,41.45
300939,1买,2025-01-13,60,1,20.65
300939,1买,2025-04-09,60,1,33.36
300939,2买,2025-11-12,60,9,24.79
300940,1买,2023-04-25,60,1,18.42
300940,1买,2024-07-25,60,1,57.38
300940,2买,2024-09-19,60,1,72.12
300940,1买,2025-04-09,60,1,121.31
300940,2买,2025-07-14,60,1,41.64
300940,2买,2025-07-14,60,1,41.64
300940,3买,2025-11-21,60,1,47.09
300941,1买,2022-10-11,60,1,43.74
300941,2买,2022-11-30,60,1,21.7
300941,1买,2022-12-29,60,2,38.06
300941,2买,2023-04-27,60,1,17.13
300941,1买,2023-06-28,60,1,93.05
300941,2买,2023-10-24,60,1,51.32
300941,3买,2025-10-13,60,1,41.97
300942,1买,2025-04-09,60,1,47.1
300942,2买,2025-10-13,60,1,18.8
300942,1买,2025-12-17,60,1,20.2
300942,3买,2025-12-17,60,1,20.2
300943,1买,2022-10-11,60,1,21.47
300943,1买,2022-12-23,60,1,34.03
300943,2买,2023-10-23,60,1,14.69
300943,2买,2023-10-23,60,1,14.69
300943,1买,2024-02-07,60,1,104.27
300943,2买,2024-04-16,60,1,56.17
300945,1买,2024-07-25,60,1,51.63
300945,2买,2025-02-06,60,1,41.18
300945,3买,2025-08-01,60,1,42.38
300945,1买,2025-08-15,60,2,46.63
300945,1买,2025-12-31,60,2,69.85
300946,1买,2023-09-21,60,1,11.35
300946,2买,2025-07-07,60,1,60.44
300947,1买,2023-10-24,60,1,17.99
300947,2买,2024-11-04,60,1,24.45
300947,3买,2024-11-04,60,1,24.45
300947,3买,2024-11-04,60,1,24.45
300947,1买,2024-11-25,60,1,29.05
300947,2买,2025-10-30,60,7,21.68
300947,1买,2025-12-09,60,1,25.06
300948,1买,2022-12-23,60,7,30.65
300948,2买,2023-04-27,60,1,41.18
300948,1买,2023-12-27,60,1,23.94
300948,1买,2025-04-09,60,1,44.86
300948,2买,2025-06-23,60,1,36.33
300948,2买,2025-11-24,60,1,68.79
300948,3买,2026-02-04,60,2,21.46
300949,1买,2023-04-27,60,1,71.15
300949,2买,2023-06-27,60,1,36.95
300949,3买,2023-10-23,60,1,141.69
300950,1买,2025-01-06,60,1,30.68
300950,1买,2025-04-09,60,1,189.41
300950,2买,2025-08-28,60,1,51.48
300950,2买,2025-08-28,60,1,51.48
300950,3买,2025-12-17,60,1,28.06
300951,1买,2024-06-11,60,1,39.2
300951,1买,2024-09-18,60,1,57.45
300951,2买,2025-01-06,60,1,29.32
300951,2买,2025-01-06,60,1,29.32
300951,1买,2025-04-09,60,1,51.83
300952,1买,2022-10-11,60,1,39.73
300952,2买,2023-01-16,60,1,19.13
300952,1买,2023-10-23,60,1,45.54
300952,2买,2024-11-04,60,1,50.92
300952,3买,2024-11-04,60,1,50.92
300952,1买,2025-04-09,60,1,81.08
300952,2买,2025-07-15,60,1,52.64
300952,3买,2025-09-04,60,1,53.12
300952,1买,2026-04-29,19,1,29.4
300953,1买,2023-03-20,60,1,16.88
300953,1买,2023-06-13,60,1,16.81
300953,2买,2025-06-23,60,1,94.91
300953,2买,2025-06-23,60,1,94.91
300955,1买,2024-02-08,60,1,69.96
300955,2买,2024-04-16,60,1,41.32
300955,1买,2024-09-18,60,1,97.08
300955,2买,2025-01-13,60,1,34.78
300955,3买,2025-12-10,60,1,44.04
300956,1买,2023-01-03,60,1,51.94
300956,2买,2023-08-28,60,1,32.77
300956,3买,2024-08-08,60,1,40.72
300956,1买,2024-09-19,60,1,63.02
300956,2买,2024-11-19,60,1,39.07
300956,3买,2024-11-19,60,1,39.07
300956,1买,2024-12-18,60,1,57.93
300956,2买,2025-03-05,60,1,34.88
300957,1买,2024-09-23,60,1,88.3
300958,1买,2023-12-27,60,1,13.52
300958,1买,2024-07-25,60,1,51.15
300958,2买,2025-01-06,60,1,20.02
300958,1买,2025-04-08,60,1,40.31
300958,2买,2025-09-23,60,1,16.77
300958,1买,2025-12-17,60,1,26.28
300958,3买,2025-12-17,60,1,26.28
300959,3买,2023-08-17,60,1,17.95
300960,3买,2025-10-13,60,1,21.8
300960,3买,2025-10-13,60,1,21.8
300960,1买,2025-12-05,60,1,26.51
300960,2买,2026-01-30,60,3,17.32
300961,1买,2022-12-23,60,6,25.37
300961,2买,2023-08-17,60,1,17.74
300961,1买,2024-08-29,60,1,109.1
300961,2买,2024-11-19,60,1,61.75
300961,3买,2025-04-28,60,1,76.08
300961,3买,2025-04-28,60,1,76.08
300961,1买,2025-12-17,60,1,33.58
300961,2买,2026-03-04,58,1,33.19
300962,1买,2024-02-06,60,1,70.63
300962,2买,2024-06-26,60,1,18.76
300962,1买,2024-09-18,60,1,58.86
300962,2买,2025-01-10,60,1,14.54
300962,1买,2025-04-08,60,1,63.22
300962,2买,2025-06-06,60,5,36.48
300963,1买,2024-02-07,60,1,68.97
300963,2买,2024-04-17,60,1,33.94
300963,3买,2025-11-21,60,1,47.01
300963,1买,2026-03-24,44,1,12.4
300963,1买,2026-04-24,22,1,14.0
300964,1买,2023-08-29,60,1,35.99
300964,3买,2023-08-29,60,1,35.99
300964,1买,2025-04-09,60,1,51.45
300964,2买,2025-06-17,60,1,40.02
300965,1买,2022-10-12,60,1,40.38
300965,2买,2022-11-28,60,1,34.32
300965,1买,2023-08-29,60,1,63.25
300965,1买,2024-07-05,60,1,35.56
300965,2买,2025-01-13,60,1,37.72
300965,3买,2025-05-29,60,1,135.07
300965,2买,2025-11-12,60,2,44.0
300965,1买,2026-03-24,35,1,97.26
300966,1买,2022-09-26,60,1,72.11
300966,2买,2023-04-06,60,1,6.06
300966,1买,2023-06-26,60,2,16.78
300966,2买,2023-08-08,60,1,35.75
300966,1买,2025-04-09,60,1,51.69
300966,2买,2025-09-23,60,1,14.64
300966,1买,2025-12-17,60,1,18.39
300967,1买,2023-02-16,60,1,22.71
300967,1买,2023-08-22,60,1,20.69
300967,2买,2025-06-23,60,1,59.45
300967,2买,2025-06-23,60,1,59.45
300967,3买,2025-12-12,60,1,36.65
300968,1买,2023-04-27,60,1,23.55
300968,2买,2023-08-25,60,1,93.22
300968,1买,2025-04-09,60,1,35.8
300968,3买,2025-04-09,60,1,35.8
300969,1买,2023-04-25,60,1,72.24
300969,2买,2023-08-28,60,1,69.95
300969,3买,2024-01-08,60,1,16.96
300969,1买,2024-02-06,60,1,56.71
300969,2买,2024-04-16,60,1,36.29
300970,1买,2022-10-11,60,1,30.91
300970,2买,2022-11-28,60,1,26.07
300970,1买,2024-09-18,60,1,54.14
300970,2买,2025-01-13,60,1,49.43
300970,1买,2025-09-23,60,1,38.79
300970,2买,2025-12-17,60,1,71.3
300971,1买,2022-12-23,60,1,41.44
300971,2买,2023-04-24,60,2,25.59
300972,1买,2022-10-11,60,1,29.24
300972,2买,2023-01-13,60,2,207.88
300972,1买,2024-04-11,60,1,18.76
300972,3买,2024-04-11,60,1,18.76
300972,1买,2024-07-25,60,1,259.86
300972,2买,2025-03-12,60,1,157.94
300972,2买,2025-03-12,60,1,157.94
300972,3买,2025-03-12,60,1,157.94
300973,1买,2024-08-28,60,1,92.82
300973,2买,2025-01-13,60,1,40.54
300973,3买,2025-04-07,60,1,56.93
300973,3买,2025-08-13,60,1,27.87
300973,1买,2025-12-12,60,1,27.41
300973,1买,2026-03-24,44,1,10.34
300975,1买,2024-02-06,60,1,215.29
300975,2买,2024-07-25,60,1,74.55
300975,3买,2024-07-25,60,1,74.55
300975,1买,2024-08-28,60,1,121.64
300975,2买,2025-01-13,60,1,37.08
300975,1买,2025-04-09,60,1,58.65
300975,2买,2025-08-04,60,1,31.45
300975,3买,2025-08-04,60,1,31.45
300975,1买,2025-09-05,60,1,39.13
300976,1买,2025-06-10,60,1,58.12
300977,1买,2023-12-27,60,1,12.09
300977,1买,2024-09-18,60,1,75.25
300977,2买,2025-01-06,60,1,29.24
300977,1买,2025-04-09,60,1,39.91
300977,2买,2025-10-13,60,1,17.97
300978,1买,2023-01-04,60,1,41.39
300978,2买,2023-04-20,60,1,40.72
300978,1买,2025-04-09,60,1,39.12
300979,1买,2023-06-01,60,1,46.81
300979,2买,2023-10-13,60,2,9.46
300979,1买,2023-12-06,60,1,35.61
300980,1买,2024-09-24,60,1,119.65
300980,2买,2025-01-08,60,1,70.84
300980,3买,2025-06-23,60,1,21.08
300980,3买,2025-06-23,60,1,21.08
300980,1买,2026-05-21,6,1,8.1
300981,1买,2023-08-25,60,1,24.09
300981,2买,2023-10-23,60,1,28.28
300981,1买,2025-04-18,60,2,23.04
300981,2买,2025-10-30,60,4,28.33
300981,1买,2025-12-31,60,1,47.1
300982,3买,2023-05-10,60,1,34.58
300982,1买,2024-02-06,60,1,49.82
300982,2买,2024-04-17,60,1,51.19
300982,1买,2024-09-18,60,1,60.4
300982,2买,2025-01-13,60,1,23.07
300982,1买,2025-04-09,60,1,71.91
300982,2买,2025-09-23,60,2,22.38
300982,1买,2025-12-04,60,1,61.21
300983,1买,2022-10-31,60,1,14.35
300984,1买,2023-01-03,60,1,27.29
300984,2买,2023-06-12,60,1,24.96
300985,1买,2025-01-24,60,1,27.05
300985,1买,2025-04-09,60,1,43.1
300985,2买,2025-10-13,60,1,33.86
300985,2买,2025-10-13,60,1,33.86
300986,1买,2024-02-08,60,1,74.56
300986,2买,2024-07-10,60,1,105.66
300986,3买,2025-07-01,60,1,29.38
300986,1买,2025-09-24,60,4,21.54
300986,1买,2025-12-17,60,2,370.56
300986,2买,2026-05-28,1,1,4.98
300987,1买,2022-10-31,60,1,28.31
300987,2买,2022-12-21,60,1,37.4
300987,1买,2024-02-08,60,1,87.64
300987,2买,2024-07-18,60,1,60.39
300987,3买,2025-04-17,60,1,64.65
300988,1买,2023-08-28,60,1,41.59
300988,2买,2023-10-23,60,1,31.78
300988,1买,2024-09-18,60,1,56.04
300988,2买,2024-11-27,60,1,44.43
300988,1买,2025-01-08,60,1,61.51
300989,1买,2023-10-23,60,1,26.74
300989,2买,2023-12-28,60,1,33.14
300990,1买,2023-04-07,60,1,45.88
300990,2买,2026-02-06,60,1,22.13
300990,3买,2026-02-06,60,1,22.13
300991,1买,2022-10-11,60,1,35.3
300991,2买,2022-11-28,60,3,33.33
300991,3买,2023-06-28,60,1,42.31
300991,3买,2023-12-26,60,1,14.88
300991,1买,2024-09-19,60,1,99.13
300991,2买,2025-01-13,60,1,36.49
300991,3买,2025-01-13,60,1,36.49
300992,1买,2023-04-26,60,1,21.02
300992,2买,2023-08-14,60,3,17.45
300992,1买,2024-09-20,60,1,107.66
300992,2买,2025-01-07,60,1,28.04
300992,3买,2025-09-23,60,1,13.97
300992,1买,2025-11-24,60,1,52.09
300992,2买,2026-03-04,53,1,44.12
300993,1买,2023-04-11,60,5,13.53
300993,1买,2023-04-27,60,1,14.35
300993,1买,2023-08-25,60,1,18.91
300993,2买,2023-10-23,60,1,15.09
300993,1买,2025-04-09,60,1,115.44
300993,2买,2025-06-20,60,1,89.92
300993,2买,2025-10-28,60,1,37.96
300993,2买,2025-10-28,60,1,37.96
300993,1买,2025-11-24,60,1,12.72
300993,3买,2025-11-24,60,1,12.72
300994,1买,2023-10-23,60,1,23.15
300994,1买,2025-04-09,60,1,107.9
300994,2买,2025-06-06,60,1,37.01
300994,2买,2025-06-06,60,1,37.01
300994,1买,2025-06-23,60,1,46.92
300994,3买,2025-06-23,60,1,46.92
300994,2买,2025-12-17,60,1,17.19
300994,1买,2026-03-23,45,1,21.14
300995,1买,2024-09-18,60,1,75.75
300995,2买,2025-01-06,60,1,109.92
300995,3买,2025-07-30,60,1,64.36
300995,3买,2025-11-24,60,1,29.0
300996,3买,2023-04-12,60,1,18.13
300996,1买,2023-10-24,60,1,39.82
300996,3买,2025-08-08,60,1,20.29
300996,1买,2025-09-23,60,1,29.23
300997,3买,2023-07-17,60,4,9.93
300997,3买,2023-07-17,60,4,9.93
300997,1买,2023-08-29,60,1,17.93
300997,1买,2024-08-28,60,1,94.61
300997,1买,2024-09-18,60,1,138.81
300997,2买,2025-01-13,60,1,34.46
300997,2买,2025-01-13,60,1,34.46
300997,2买,2025-01-13,60,1,34.46
300997,3买,2025-03-11,60,1,62.41
300997,3买,2026-03-24,44,1,15.32
300998,1买,2024-02-06,60,1,108.42
300998,2买,2024-04-23,60,1,43.41
300998,1买,2025-04-09,60,1,100.44
300998,2买,2025-08-20,60,1,18.77
300998,1买,2025-11-13,60,1,15.13
300998,3买,2025-11-13,60,1,15.13
300998,1买,2025-12-17,60,1,26.63
300999,1买,2022-10-31,60,1,25.41
300999,2买,2023-04-25,60,2,9.03
300999,1买,2023-06-27,60,4,8.06
300999,1买,2024-02-05,60,1,17.35
300999,2买,2024-04-16,60,2,11.81
301000,1买,2022-10-11,60,1,24.66
301000,2买,2022-12-23,60,1,24.14
301000,1买,2023-04-26,60,2,24.16
301000,1买,2024-02-06,60,1,88.2
301000,2买,2024-04-08,60,1,47.42
301000,1买,2024-09-18,60,1,202.4
301000,2买,2025-03-14,60,1,81.37
301000,2买,2025-03-14,60,1,81.37
301000,3买,2025-03-14,60,1,81.37
301000,1买,2025-04-09,60,1,104.72
301000,3买,2025-04-09,60,1,104.72
301001,1买,2022-10-11,60,1,32.58
301001,2买,2022-12-30,60,1,75.88
301001,1买,2023-10-23,60,1,28.11
301001,2买,2023-12-11,60,1,15.77
301001,3买,2024-12-18,60,1,64.77
301002,1买,2023-08-25,60,1,15.45
301002,1买,2023-10-24,60,1,19.6
301002,2买,2025-12-17,60,1,78.94
301002,2买,2025-12-17,60,1,78.94
301003,1买,2023-06-26,60,2,18.17
301003,2买,2023-08-25,60,1,16.41
301003,1买,2025-01-06,60,1,67.84
301003,2买,2025-04-09,60,1,67.63
301004,3买,2023-12-12,60,8,70.87
301004,3买,2024-07-24,60,1,64.06
301004,1买,2025-04-09,60,1,49.67
301004,1买,2025-11-10,60,2,10.97
301004,1买,2026-02-03,60,1,32.85
301005,1买,2022-10-11,60,1,65.94
301005,2买,2023-05-09,60,2,51.75
301005,3买,2025-01-06,60,1,73.8
301006,1买,2025-04-09,60,1,42.61
301006,2买,2025-06-23,60,1,31.92
301007,1买,2022-07-13,60,1,25.5
301007,1买,2023-04-26,60,1,143.34
301007,2买,2023-08-17,60,1,57.12
301007,2买,2023-08-17,60,1,57.12
301007,3买,2023-10-24,60,1,21.31
301007,3买,2023-10-24,60,1,21.31
301007,3买,2025-11-11,60,1,16.86
301007,1买,2025-11-24,60,1,32.88
301008,1买,2024-09-18,60,1,90.43
301008,2买,2025-01-06,60,1,74.48
301008,1买,2025-04-09,60,1,111.25
301008,2买,2025-12-17,60,1,23.95
301008,3买,2025-12-17,60,1,23.95
301008,1买,2026-03-24,44,1,78.7
301009,1买,2023-06-26,60,1,24.24
301009,1买,2024-07-25,60,1,52.29
301009,2买,2025-01-07,60,1,44.87
301009,1买,2025-04-09,60,1,101.34
301009,2买,2025-06-23,60,1,42.25
301009,2买,2025-06-23,60,1,42.25
301009,3买,2025-06-23,60,1,42.25
301010,1买,2022-10-11,60,1,23.78
301010,2买,2022-12-29,60,3,36.69
301010,1买,2023-10-23,60,1,14.69
301010,2买,2023-12-27,60,1,9.6
301010,3买,2025-09-24,60,1,75.86
301011,1买,2023-10-23,60,1,40.12
301011,2买,2024-11-19,60,1,137.84
301011,3买,2025-04-09,60,1,72.03
301011,3买,2025-11-24,60,1,20.19
301012,1买,2022-10-31,60,1,32.7
301012,2买,2022-12-23,60,1,46.26
301012,1买,2025-05-28,60,1,57.46
301013,1买,2022-10-11,60,1,23.39
301013,2买,2022-12-29,60,1,87.02
301013,3买,2023-07-24,60,1,60.49
301013,1买,2024-11-27,60,1,60.76
301013,2买,2025-06-20,60,2,33.59
301013,3买,2025-06-20,60,2,33.59
301015,3买,2024-04-11,60,1,13.64
301015,1买,2024-09-23,60,1,82.23
301015,2买,2025-12-05,60,2,20.2
301015,1买,2026-03-24,44,1,43.49
301016,1买,2022-10-11,60,1,51.87
301016,2买,2022-12-22,60,1,24.32
301017,1买,2023-10-24,60,1,29.23
301017,1买,2024-08-28,60,1,101.35
301017,2买,2025-01-07,60,1,32.77
301017,1买,2025-04-09,60,1,49.03
301018,1买,2022-12-23,60,1,33.23
301018,2买,2023-03-07,60,1,64.57
301018,1买,2023-08-29,60,1,24.27
301018,1买,2024-07-05,60,1,67.74
301018,2买,2024-08-23,60,1,62.87
301018,2买,2025-04-09,60,1,51.68
301018,3买,2025-10-21,60,1,18.32
301018,1买,2025-12-04,60,1,128.49
301020,1买,2025-04-09,60,1,46.28
301020,2买,2025-09-24,60,1,10.84
301020,3买,2025-09-24,60,1,10.84
301020,1买,2025-11-24,60,1,13.63
301021,1买,2023-05-09,60,5,28.97
301021,1买,2024-07-09,60,1,94.75
301021,2买,2024-08-23,60,1,164.48
301021,2买,2025-01-06,60,1,57.0
301021,3买,2025-03-03,60,1,34.14
301022,1买,2022-07-13,60,1,17.92
301022,1买,2023-04-26,60,1,21.93
301022,1买,2024-09-18,60,1,62.87
301022,2买,2024-11-27,60,1,35.14
301022,1买,2025-01-06,60,1,89.21
301022,2买,2025-04-09,60,1,151.24
301022,2买,2025-12-17,60,1,33.64
301022,1买,2026-04-03,26,1,40.18
301023,1买,2022-12-30,60,1,46.75
301023,2买,2023-05-10,60,1,49.0
301023,3买,2025-04-09,60,1,61.36
301023,1买,2025-10-20,60,1,20.91
301023,1买,2025-12-17,60,2,88.22
301023,2买,2026-03-24,44,1,38.56
301024,1买,2022-12-30,60,1,25.15
301024,2买,2023-04-25,60,1,52.02
301024,1买,2025-10-31,60,1,35.35
301025,1买,2022-10-11,60,1,29.1
301025,2买,2022-12-23,60,1,34.33
301025,1买,2023-08-21,60,1,20.05
301025,1买,2024-09-18,60,1,72.24
301026,1买,2024-07-08,60,1,71.63
301026,1买,2024-08-26,60,1,72.03
301026,2买,2024-11-27,60,1,23.84
301026,2买,2024-11-27,60,1,23.84
301026,1买,2025-01-06,60,1,27.39
301026,3买,2025-01-06,60,1,27.39
301026,2买,2025-04-18,60,1,26.73
301026,1买,2025-06-05,60,1,50.6
301027,1买,2022-12-23,60,2,29.36
301027,1买,2023-10-23,60,1,17.61
301027,2买,2023-12-26,60,2,10.14
301027,2买,2025-09-05,60,1,48.01
301027,3买,2025-09-05,60,1,48.01
301028,1买,2025-01-06,60,1,53.47
301028,2买,2025-09-23,60,1,27.39
301028,3买,2025-09-23,60,1,27.39
301029,1买,2022-09-01,60,1,44.06
301029,1买,2024-02-05,60,1,95.44
301029,2买,2024-08-28,60,1,83.31
301029,1买,2025-04-09,60,1,25.35
301029,2买,2025-12-16,60,4,26.28
301030,3买,2023-11-03,60,1,30.54
301030,1买,2025-02-06,60,1,40.36
301030,1买,2025-04-29,60,1,41.84
301030,1买,2025-12-17,60,1,51.35
301031,1买,2022-11-23,60,1,44.05
301031,1买,2023-10-19,60,2,50.73
301032,1买,2022-12-30,60,1,24.49
301032,2买,2023-08-10,60,3,12.41
301032,1买,2024-07-25,60,1,127.21
301032,2买,2025-01-06,60,1,152.93
301032,3买,2025-06-23,60,1,37.61
301032,3买,2025-06-23,60,1,37.61
301033,1买,2023-08-28,60,1,35.3
301033,2买,2023-10-23,60,1,40.0
301033,3买,2024-08-14,60,1,55.42
301033,3买,2025-06-23,60,1,72.29
301033,3买,2025-12-05,60,3,48.58
301036,1买,2023-01-12,60,6,41.35
301036,2买,2023-04-26,60,1,18.92
301036,1买,2023-06-27,60,1,59.96
301036,2买,2023-08-08,60,3,50.11
301036,3买,2025-01-06,60,1,30.32
301036,1买,2025-04-09,60,1,28.54
301037,1买,2022-12-30,60,1,18.33
301037,1买,2023-04-27,60,1,25.97
301037,2买,2023-12-26,60,2,11.35
301037,2买,2023-12-26,60,2,11.35
301037,1买,2024-02-08,60,1,87.38
301037,2买,2024-04-16,60,1,44.24
301037,1买,2024-09-18,60,1,59.25
301037,2买,2024-11-04,60,1,35.16
301037,3买,2025-04-09,60,1,42.59
301038,1买,2022-10-11,60,1,18.06
301038,2买,2023-02-27,60,2,33.0
301038,1买,2024-02-08,60,1,65.23
301038,2买,2024-04-16,60,1,44.3
301038,1买,2025-05-22,60,1,188.39
301038,2买,2025-12-23,60,6,17.31
301038,1买,2026-03-04,58,2,11.94
301038,3买,2026-03-04,58,2,11.94
301039,3买,2023-11-03,60,2,14.6
301039,1买,2024-02-05,60,1,45.99
301040,1买,2022-12-26,60,1,56.77
301040,2买,2023-05-10,60,1,14.19
301041,1买,2022-12-23,60,1,54.51
301041,2买,2023-04-26,60,1,138.07
301041,1买,2023-09-22,60,1,25.92
301041,3买,2023-09-22,60,1,25.92
301041,1买,2025-01-06,60,1,40.66
301041,2买,2025-10-13,60,1,28.99
301042,1买,2022-09-26,60,1,21.6
301042,2买,2022-12-30,60,1,32.79
301042,1买,2024-09-18,60,1,63.24
301042,2买,2024-11-04,60,1,35.76
301042,1买,2025-04-09,60,1,63.19
301042,2买,2025-09-02,60,1,97.89
301043,1买,2022-10-11,60,2,33.98
301043,2买,2023-04-26,60,1,42.77
301043,3买,2023-10-23,60,1,20.31
301043,1买,2024-09-23,60,1,53.81
301043,2买,2025-01-06,60,1,28.29
301043,3买,2025-11-05,60,1,102.05
301043,1买,2025-11-24,60,1,107.2
301045,1买,2023-01-03,60,1,42.34
301045,2买,2023-04-27,60,1,79.0
301045,1买,2024-02-08,60,1,86.11
301045,2买,2024-04-17,60,1,43.67
301045,1买,2024-09-18,60,1,61.44
301045,2买,2024-11-27,60,1,26.8
301045,1买,2025-01-06,60,1,25.33
301046,1买,2023-10-24,60,1,21.71
301046,2买,2023-12-27,60,1,14.37
301046,1买,2024-09-18,60,1,55.47
301046,2买,2025-01-06,60,1,24.18
301046,1买,2025-04-09,60,1,30.97
301046,2买,2025-10-23,60,1,39.38
301046,3买,2025-12-31,60,1,34.38
301047,1买,2024-08-30,60,1,64.12
301047,2买,2024-11-27,60,2,11.18
301047,1买,2025-01-13,60,1,19.16
301047,1买,2025-04-09,60,1,24.56
301047,2买,2025-06-23,60,1,39.25
301047,2买,2025-06-23,60,1,39.25
301047,1买,2025-12-17,60,10,30.09
301048,1买,2022-10-11,60,1,31.46
301048,2买,2022-12-23,60,6,26.98
301048,1买,2024-01-23,60,1,26.71
301048,1买,2024-02-06,60,1,50.21
301048,2买,2024-04-11,60,1,23.53
301048,1买,2024-08-28,60,2,57.82
301048,2买,2024-11-04,60,1,17.25
301048,2买,2024-11-04,60,1,17.25
301048,1买,2025-04-08,60,1,46.12
301048,2买,2025-10-13,60,1,19.23
301048,3买,2025-10-13,60,1,19.23
301048,3买,2025-10-13,60,1,19.23
301048,1买,2025-12-17,60,2,12.05
301048,1买,2026-03-24,44,1,42.09
301048,2买,2026-04-28,20,1,10.63
301049,1买,2023-04-28,60,1,55.77
301049,2买,2023-10-24,60,1,17.47
301049,1买,2023-12-27,60,1,57.99
301049,2买,2024-11-27,60,1,23.35
301050,1买,2022-10-11,60,1,32.76
301050,2买,2022-12-23,60,1,30.49
301051,3买,2023-05-09,60,2,31.42
301051,1买,2024-06-26,60,1,23.93
301051,1买,2024-08-08,60,1,64.85
301051,1买,2024-08-28,60,1,65.9
301051,2买,2024-11-04,60,1,29.76
301051,2买,2024-11-04,60,1,29.76
301051,2买,2024-11-04,60,1,29.76
301051,1买,2026-02-03,60,1,38.16
301052,1买,2023-10-23,60,1,100.59
301052,1买,2024-08-28,60,1,105.0
301052,2买,2024-11-25,60,1,35.58
301052,1买,2025-01-13,60,1,82.72
301052,3买,2025-01-13,60,1,82.72
301052,2买,2025-12-17,60,1,32.21
301052,2买,2025-12-17,60,1,32.21
301053,1买,2023-04-26,60,1,51.15
301053,2买,2023-06-26,60,1,28.33
301053,1买,2025-01-06,60,1,99.83
301053,2买,2025-04-09,60,1,69.66
301055,3买,2025-02-18,60,1,53.63
301055,3买,2025-08-01,60,3,36.99
301056,3买,2023-12-27,60,2,7.95
301056,1买,2025-04-09,60,1,64.03
301056,2买,2025-09-04,60,1,32.69
301056,3买,2025-12-17,60,1,79.81
301056,1买,2026-05-28,1,1,13.58
301057,1买,2023-04-26,60,1,20.52
301057,2买,2023-06-28,60,1,16.06
301057,1买,2025-04-09,60,1,79.98
301057,2买,2025-06-23,60,1,93.01
301058,1买,2022-10-12,60,1,50.0
301058,2买,2023-01-18,60,2,30.84
301058,1买,2023-04-25,60,1,28.85
301058,1买,2023-06-26,60,1,10.19
301058,1买,2024-02-08,60,1,48.33
301058,2买,2024-11-27,60,1,29.23
301058,1买,2025-01-13,60,1,58.47
301058,2买,2025-06-23,60,1,20.62
301059,1买,2023-04-28,60,1,15.75
301059,1买,2024-09-23,60,1,91.71
301059,2买,2024-11-25,60,1,31.43
301059,1买,2025-01-13,60,1,30.49
301059,1买,2025-04-09,60,1,55.02
301059,2买,2025-10-13,60,1,29.14
301059,2买,2025-10-13,60,1,29.14
301060,1买,2022-12-28,60,1,27.56
301060,2买,2023-03-20,60,2,45.54
301060,1买,2023-10-24,60,1,38.01
301060,1买,2025-04-09,60,1,30.68
301061,3买,2023-12-11,60,1,51.64
301061,3买,2024-09-26,60,1,44.25
301063,1买,2023-10-24,60,1,13.01
301063,3买,2026-04-07,35,1,15.75
301065,1买,2023-08-25,60,1,21.1
301065,2买,2023-10-23,60,1,16.95
301065,1买,2025-01-06,60,1,37.3
301065,2买,2025-03-25,60,1,34.28
301065,3买,2025-09-24,60,1,12.48
301065,1买,2025-12-17,60,1,24.05
301066,1买,2023-08-25,60,1,29.23
301066,3买,2023-08-25,60,1,29.23
301066,3买,2025-06-23,60,1,18.66
301067,1买,2025-04-09,60,1,76.03
301067,2买,2025-10-15,60,1,51.72
301067,3买,2025-10-15,60,1,51.72
301068,1买,2024-02-07,60,1,124.52
301068,2买,2024-07-09,60,1,45.05
301068,1买,2024-08-27,60,1,115.47
301068,2买,2024-12-05,60,1,24.36
301068,1买,2025-01-13,60,1,55.59
301068,2买,2025-04-09,60,1,36.81
301068,1买,2025-05-29,60,1,29.78
301069,1买,2023-06-26,60,4,17.73
301069,1买,2024-02-06,60,1,81.38
301069,1买,2024-09-23,60,1,80.73
301069,2买,2025-01-06,60,1,30.11
301069,2买,2025-01-06,60,1,30.11
301069,3买,2025-06-23,60,1,82.93
301070,1买,2022-12-23,60,1,62.4
301070,2买,2023-04-26,60,1,53.14
301070,1买,2024-08-29,60,1,98.78
301070,2买,2024-12-09,60,1,41.39
301070,3买,2024-12-09,60,1,41.39
301070,1买,2025-01-13,60,1,56.09
301070,2买,2025-11-24,60,1,42.84
301071,1买,2023-06-26,60,4,10.44
301071,1买,2023-10-24,60,1,33.93
301071,1买,2024-02-05,60,1,65.96
301071,2买,2025-03-05,60,1,12.32
301071,2买,2025-03-05,60,1,12.32
301071,1买,2025-04-09,60,1,25.52
301072,1买,2023-04-26,60,1,71.03
301072,2买,2023-08-29,60,1,48.92
301072,1买,2024-09-18,60,1,74.11
301072,2买,2025-01-06,60,1,41.87
301072,1买,2025-04-09,60,1,66.87
301072,2买,2025-06-23,60,1,50.28
301073,1买,2023-12-27,60,1,37.3
301073,1买,2024-02-06,60,1,130.22
301073,2买,2024-07-25,60,1,75.73
301073,1买,2024-09-18,60,1,95.94
301073,2买,2025-01-13,60,1,50.0
301073,2买,2025-08-04,60,4,26.26
301075,1买,2024-02-08,60,1,86.11
301075,2买,2024-07-18,60,1,71.88
301075,1买,2025-01-13,60,1,112.96
301075,2买,2025-11-24,60,1,62.42
301076,1买,2024-09-18,60,1,160.64
301076,2买,2025-04-09,60,1,140.59
301076,1买,2026-03-24,44,1,31.28
301076,3买,2026-03-24,44,1,31.28
301077,1买,2022-10-31,60,1,49.68
301077,2买,2023-06-12,60,1,15.85
301077,1买,2024-09-18,60,1,106.0
301077,2买,2025-06-23,60,1,44.71
301077,3买,2025-09-04,60,1,39.91
301078,1买,2024-07-09,60,1,165.91
301078,1买,2024-08-23,60,1,209.28
301078,2买,2025-01-08,60,1,66.51
301078,2买,2025-01-08,60,1,66.51
301078,1买,2025-04-07,60,1,63.97
301078,3买,2025-04-07,60,1,63.97
301079,1买,2023-08-29,60,1,29.87
301079,2买,2025-10-13,60,1,63.68
301079,1买,2025-11-21,60,1,196.95
301079,3买,2025-11-21,60,1,196.95
301079,2买,2026-02-13,60,1,29.33
301079,1买,2026-03-24,44,1,53.92
301079,3买,2026-03-24,44,1,53.92
301080,1买,2022-10-12,60,1,39.47
301080,1买,2023-07-17,60,4,28.45
301080,1买,2024-07-09,60,1,58.47
301080,1买,2024-09-18,60,1,60.54
301080,2买,2025-04-09,60,1,103.96
301080,2买,2025-04-09,60,1,103.96
301081,1买,2022-12-29,60,1,19.75
301081,1买,2025-04-09,60,1,32.63
301081,2买,2025-08-28,60,1,24.95
301082,1买,2024-02-08,60,1,68.48
301082,2买,2024-04-16,60,1,67.21
301082,1买,2025-04-09,60,1,119.27
301082,2买,2025-09-29,60,1,31.08
301082,3买,2025-09-29,60,1,31.08
301082,1买,2025-12-04,60,1,24.54
301083,3买,2023-12-27,60,1,36.1
301083,1买,2025-04-09,60,1,47.16
301083,2买,2025-12-30,60,2,23.44
301085,1买,2022-07-15,60,1,19.87
301085,2买,2023-03-21,60,1,167.24
301085,3买,2023-04-26,60,1,158.98
301085,1买,2023-09-19,60,1,48.34
301085,3买,2023-09-19,60,1,48.34
301085,1买,2024-08-23,60,1,130.35
301085,2买,2024-11-19,60,1,56.39
301085,2买,2024-11-19,60,1,56.39
301085,3买,2025-01-13,60,1,62.28
301085,1买,2025-12-17,60,4,59.37
301086,1买,2023-04-27,60,1,22.87
301086,1买,2023-10-23,60,1,23.82
301086,2买,2025-01-06,60,1,35.1
301086,1买,2025-04-09,60,1,36.17
301086,2买,2026-03-27,41,1,120.99
301086,2买,2026-03-27,41,1,120.99
301086,3买,2026-03-27,41,1,120.99
301087,1买,2022-09-26,60,2,71.42
301087,2买,2022-12-27,60,1,28.51
301087,1买,2024-02-05,60,1,54.12
301087,2买,2024-07-31,60,1,56.1
301087,1买,2024-08-26,60,2,65.51
301087,2买,2024-11-25,60,4,10.63
301087,1买,2025-01-14,60,1,44.48
301088,1买,2022-08-29,60,7,15.46
301088,1买,2022-10-11,60,2,26.42
301088,2买,2023-01-19,60,2,31.21
301088,2买,2023-03-13,60,3,24.77
301088,1买,2024-02-07,60,1,44.59
301088,2买,2024-07-25,60,3,48.76
301088,1买,2025-04-09,60,1,56.28
301088,2买,2025-06-23,60,2,16.18
301089,1买,2023-04-20,60,1,73.81
301089,1买,2024-07-09,60,1,49.31
301089,1买,2024-09-23,60,1,58.0
301089,2买,2025-01-13,60,1,16.02
301089,2买,2025-06-23,60,1,27.07
301089,1买,2025-10-13,60,1,20.98
301089,1买,2026-03-04,58,1,19.83
301090,1买,2025-04-08,60,1,27.33
301091,1买,2023-09-22,60,1,93.17
301091,2买,2024-01-10,60,1,127.26
301091,1买,2024-01-23,60,1,155.19
301091,2买,2024-06-14,60,1,51.76
301091,3买,2024-06-14,60,1,51.76
301091,1买,2024-07-09,60,1,110.3
301091,2买,2025-01-08,60,1,42.68
301091,3买,2025-01-08,60,1,42.68
301091,3买,2025-01-08,60,1,42.68
301091,1买,2025-04-08,60,1,40.34
301091,1买,2025-06-23,60,1,35.91
301091,2买,2025-09-19,60,1,19.4
301091,2买,2025-09-19,60,1,19.4
301092,1买,2023-04-26,60,1,41.71
301092,2买,2023-10-24,60,1,11.12
301092,1买,2024-02-07,60,1,100.9
301092,2买,2024-08-13,60,1,42.13
301092,1买,2024-09-18,60,1,54.39
301092,2买,2025-01-06,60,1,32.21
301092,3买,2025-04-07,60,1,44.56
301093,1买,2022-12-30,60,1,44.99
301093,2买,2023-04-25,60,1,26.09
301093,3买,2023-10-23,60,1,13.53
301093,1买,2025-01-13,60,1,39.36
301093,2买,2025-02-25,60,1,32.84
301095,1买,2022-12-23,60,1,36.98
301095,2买,2023-02-28,60,2,31.71
301095,1买,2024-09-18,60,1,138.21
301095,2买,2025-01-24,60,1,31.41
301095,3买,2025-05-28,60,1,106.81
301095,1买,2026-03-24,44,1,84.76
301096,1买,2023-04-26,60,1,21.81
301096,1买,2023-08-25,60,1,23.76
301096,2买,2023-12-11,60,1,20.71
301096,2买,2023-12-11,60,1,20.71
301096,1买,2024-02-05,60,1,52.48
301096,2买,2025-08-28,60,1,44.68
301096,1买,2025-10-13,60,1,45.49
301097,1买,2023-08-09,60,1,26.27
301097,2买,2023-10-26,60,1,29.91
301097,1买,2025-04-09,60,1,45.67
301097,2买,2025-06-20,60,1,34.67
301097,1买,2026-03-23,45,1,34.0
301098,1买,2022-08-29,60,1,15.14
301098,1买,2023-10-23,60,1,17.47
301098,1买,2024-02-07,60,1,60.59
301098,2买,2024-04-16,60,1,42.27
301098,1买,2024-09-18,60,1,61.58
301098,2买,2025-01-13,60,1,23.0
301098,1买,2025-04-09,60,1,55.97
301099,1买,2025-09-05,60,1,67.29
301100,1买,2023-06-26,60,3,16.7
301100,1买,2024-02-07,60,1,58.34
301100,2买,2024-07-19,60,1,56.39
301100,2买,2025-11-24,60,1,23.62
301101,1买,2023-03-29,60,1,36.47
301101,1买,2024-07-29,60,1,64.67
301101,2买,2024-09-18,60,1,129.31
301101,1买,2025-12-17,60,4,31.42
301101,3买,2025-12-17,60,4,31.42
301101,1买,2026-03-24,44,1,22.33
301102,1买,2023-04-06,60,1,35.57
301102,1买,2024-02-06,60,1,71.41
301102,1买,2025-04-09,60,1,33.25
301102,2买,2025-09-04,60,1,11.82
301103,1买,2024-07-09,60,1,41.91
301103,1买,2024-09-23,60,1,64.43
301103,2买,2025-01-13,60,1,24.93
301103,1买,2025-04-09,60,1,52.65
301103,2买,2025-09-24,60,1,11.86
301103,2买,2025-09-24,60,1,11.86
301105,1买,2024-09-23,60,1,53.62
301105,2买,2025-01-13,60,1,61.48
301105,3买,2025-08-29,60,1,44.89
301105,3买,2026-04-24,22,1,9.88
301106,1买,2025-04-09,60,1,49.05
301106,2买,2025-10-13,60,1,14.78
301106,1买,2025-12-17,60,1,24.74
301106,2买,2026-03-04,58,1,26.76
301107,1买,2022-12-23,60,2,25.4
301107,2买,2023-04-26,60,2,45.67
301107,1买,2023-10-23,60,1,20.38
301107,1买,2025-11-24,60,1,26.12
301107,2买,2026-03-04,58,1,16.38
301108,1买,2024-08-23,60,1,43.53
301108,1买,2024-09-20,60,1,51.8
301108,2买,2025-01-13,60,1,39.07
301108,2买,2025-01-13,60,1,39.07
301108,1买,2025-04-09,60,1,93.62
301109,1买,2023-08-17,60,1,10.83
301109,1买,2024-09-23,60,1,45.96
301109,2买,2024-11-27,60,1,34.03
301109,1买,2025-01-07,60,1,55.64
301109,3买,2025-01-07,60,1,55.64
301109,2买,2025-04-09,60,1,45.2
301109,2买,2025-04-09,60,1,45.2
301109,3买,2025-04-09,60,1,45.2
301110,1买,2023-10-23,60,1,13.71
301110,3买,2023-10-23,60,1,13.71
301110,2买,2025-07-15,60,1,68.4
301111,1买,2023-04-26,60,1,14.53
301111,1买,2023-06-26,60,3,24.81
301111,1买,2023-08-29,60,1,86.61
301111,2买,2023-10-23,60,1,83.6
301111,1买,2024-09-18,60,1,66.54
301111,2买,2025-01-13,60,1,23.91
301111,1买,2025-04-09,60,1,39.02
301112,1买,2023-10-24,60,1,17.06
301112,2买,2023-12-27,60,1,10.9
301112,1买,2025-04-09,60,1,146.67
301112,2买,2025-07-11,60,1,59.94
301112,3买,2025-07-11,60,1,59.94
301112,3买,2025-11-24,60,1,23.67
301113,1买,2022-08-04,60,1,30.96
301113,1买,2022-12-30,60,1,15.95
301113,2买,2023-08-09,60,1,48.47
301113,1买,2025-09-23,60,1,37.29
301113,2买,2026-01-29,60,1,16.52
301113,3买,2026-01-29,60,1,16.52
301115,1买,2023-06-26,60,4,17.93
301115,1买,2024-08-23,60,1,57.67
301115,2买,2025-01-13,60,1,14.81
301115,1买,2025-04-08,60,1,30.43
301115,2买,2025-09-24,60,1,15.59
301116,1买,2023-06-26,60,2,25.15
301116,1买,2025-06-23,60,1,16.19
301117,1买,2022-10-12,60,1,71.04
301117,2买,2023-01-13,60,1,40.79
301117,1买,2023-06-29,60,1,28.77
301117,1买,2025-05-28,60,1,144.42
301118,1买,2022-11-23,60,1,24.13
301118,1买,2023-12-26,60,1,20.09
301118,1买,2024-02-08,60,1,108.41
301118,2买,2024-06-25,60,1,46.56
301118,2买,2025-09-04,60,1,41.83
301118,1买,2025-12-17,60,1,43.73
301118,3买,2025-12-17,60,1,43.73
301119,1买,2022-10-12,60,1,27.43
301119,2买,2023-04-25,60,1,38.25
301119,3买,2025-09-04,60,1,44.15
301119,3买,2025-09-04,60,1,44.15
301120,1买,2022-12-23,60,1,53.25
301120,2买,2023-04-25,60,1,34.97
301120,1买,2023-05-31,60,1,28.23
301120,1买,2024-08-29,60,1,48.76
301120,2买,2025-01-13,60,1,52.44
301120,1买,2025-04-09,60,1,67.59
301120,2买,2025-09-26,60,1,80.46
301120,2买,2026-04-30,18,1,37.98
301121,1买,2023-08-29,60,1,25.6
301121,2买,2025-01-13,60,1,63.47
301122,1买,2024-09-19,60,1,78.64
301122,2买,2025-01-13,60,1,37.83
301122,1买,2025-04-09,60,1,35.73
301122,2买,2025-06-23,60,1,29.75
301123,1买,2024-02-07,60,1,106.49
301123,2买,2024-04-17,60,1,88.44
301123,3买,2025-11-24,60,1,117.62
301125,1买,2023-04-26,60,1,71.15
301125,1买,2025-04-09,60,1,111.95
301125,2买,2025-06-23,60,1,99.49
301125,1买,2025-10-13,60,1,22.11
301125,3买,2025-10-13,60,1,22.11
301126,1买,2023-04-25,60,1,7.65
301126,1买,2023-06-28,60,2,32.47
301126,1买,2023-10-23,60,1,25.04
301126,1买,2025-04-09,60,1,31.11
301126,2买,2025-06-23,60,1,47.38
301127,1买,2023-06-26,60,4,20.76
301127,2买,2025-04-09,60,1,46.97
301127,3买,2025-06-03,60,1,27.38
301127,1买,2025-09-19,60,1,24.45
301128,1买,2022-12-23,60,1,46.09
301128,2买,2023-04-07,60,9,53.07
301128,3买,2024-06-11,60,1,50.32
301128,1买,2025-01-06,60,1,95.62
301128,3买,2025-01-06,60,1,95.62
301128,2买,2025-10-13,60,1,44.7
301129,1买,2024-02-08,60,1,84.82
301129,2买,2024-04-16,60,1,114.4
301130,1买,2022-08-25,60,9,7.23
301130,1买,2022-10-11,60,1,33.46
301130,2买,2022-12-30,60,6,16.19
301130,1买,2023-04-25,60,1,15.14
301130,2买,2023-08-25,60,1,21.87
301130,3买,2025-04-16,60,1,28.89
301130,1买,2025-12-17,60,2,17.73
301131,1买,2024-09-18,60,1,61.97
301131,2买,2025-01-06,60,1,43.01
301131,1买,2025-04-09,60,1,87.58
301131,2买,2025-06-23,60,1,39.28
301131,3买,2025-12-17,60,1,21.08
301131,1买,2026-03-24,44,1,16.42
301132,1买,2022-12-23,60,1,28.54
301132,2买,2023-08-25,60,1,30.72
301132,1买,2025-01-06,60,1,25.8
301132,2买,2025-12-19,60,1,34.5
301133,1买,2022-10-11,60,1,39.6
301133,2买,2022-12-30,60,1,39.68
301133,1买,2025-04-09,60,1,38.0
301133,2买,2025-06-23,60,1,51.68
301133,1买,2026-04-07,35,1,43.88
301133,3买,2026-04-07,35,1,43.88
301135,1买,2025-04-09,60,1,84.05
301135,2买,2025-09-08,60,1,20.79
301136,1买,2023-01-13,60,1,31.46
301136,2买,2023-04-27,60,1,31.52
301136,1买,2025-04-09,60,1,60.94
301136,2买,2025-09-24,60,1,169.52
301136,1买,2026-05-28,1,1,6.42
301137,1买,2024-08-28,60,1,87.95
301137,2买,2024-11-27,60,1,17.98
301137,1买,2025-01-06,60,1,81.72
301137,2买,2025-09-24,60,1,100.34
301137,3买,2025-09-24,60,1,100.34
301137,3买,2025-11-21,60,1,83.07
301138,1买,2022-12-30,60,2,14.04
301138,2买,2023-05-17,60,1,63.93
301138,1买,2024-02-07,60,1,157.63
301138,2买,2024-06-11,60,1,25.67
301138,1买,2025-04-08,60,1,100.52
301138,2买,2025-06-23,60,1,31.71
301139,1买,2023-08-17,60,1,77.37
301139,2买,2023-10-23,60,1,57.84
301139,1买,2024-09-18,60,1,60.17
301139,2买,2024-11-04,60,1,24.52
301139,1买,2025-07-16,60,1,45.28
301139,2买,2025-12-17,60,1,24.5
301141,1买,2024-02-06,60,1,97.6
301141,1买,2024-09-18,60,1,116.6
301141,2买,2025-01-06,60,1,25.15
301141,2买,2025-01-06,60,1,25.15
301141,3买,2025-08-04,60,1,35.48
301141,3买,2025-09-24,60,1,23.8
301148,1买,2022-12-23,60,5,20.8
301148,2买,2023-04-26,60,1,25.86
301148,1买,2025-04-09,60,1,87.33
301148,2买,2025-09-04,60,1,153.86
301148,3买,2025-09-04,60,1,153.86
301149,1买,2022-12-26,60,1,13.95
301149,2买,2023-04-11,60,6,8.29
301149,1买,2023-06-26,60,5,13.62
301149,1买,2025-04-09,60,1,53.85
301149,2买,2025-06-23,60,1,26.95
301149,2买,2025-06-23,60,1,26.95
301149,1买,2025-12-17,60,3,37.92
301149,2买,2026-03-04,58,1,27.16
301150,1买,2024-02-07,60,1,91.26
301150,1买,2024-08-28,60,1,72.95
301150,2买,2025-01-06,60,1,20.96
301150,2买,2025-01-06,60,1,20.96
301150,1买,2025-04-09,60,1,75.59
301150,2买,2025-06-16,60,2,127.3
301151,1买,2022-12-26,60,6,17.69
301151,2买,2023-04-06,60,5,19.9
301151,1买,2023-04-26,60,2,31.78
301151,2买,2023-10-23,60,1,93.71
301151,1买,2024-02-07,60,1,51.65
301151,2买,2024-04-17,60,1,42.41
301151,1买,2025-04-09,60,1,46.78
301151,2买,2025-12-17,60,1,15.32
301152,1买,2023-04-27,60,1,44.18
301152,1买,2023-10-26,60,1,34.26
301152,1买,2025-04-09,60,1,72.43
301152,2买,2025-09-23,60,1,70.0
301152,2买,2025-12-16,60,1,15.99
301152,3买,2025-12-16,60,1,15.99
301153,3买,2023-02-28,60,1,63.13
301153,1买,2023-07-27,60,1,14.5
301153,1买,2023-09-21,60,1,48.99
301153,1买,2024-09-03,60,1,163.28
301153,2买,2025-01-13,60,1,47.0
301153,1买,2025-12-17,60,1,49.47
301155,1买,2023-03-20,60,1,24.16
301155,3买,2025-07-24,60,1,62.5
301155,2买,2026-01-13,60,2,22.02
301155,3买,2026-01-13,60,2,22.02
301156,1买,2025-01-13,60,1,180.82
301156,2买,2025-03-25,60,1,148.53
301156,1买,2025-09-23,60,1,24.26
301156,3买,2025-09-23,60,1,24.26
301157,1买,2023-08-29,60,1,28.27
301157,1买,2024-02-08,60,1,82.82
301157,2买,2024-04-17,60,1,46.22
301157,2买,2025-10-13,60,1,23.85
301157,3买,2025-10-13,60,1,23.85
301158,1买,2024-09-18,60,1,52.78
301158,2买,2025-01-06,60,1,83.03
301159,3买,2023-07-13,60,1,116.25
301159,1买,2024-02-08,60,1,83.58
301159,2买,2024-06-07,60,1,50.15
301159,1买,2025-01-06,60,1,41.61
301159,2买,2025-09-23,60,1,46.45
301160,1买,2023-05-15,60,1,18.12
301160,2买,2023-07-24,60,1,17.89
301160,3买,2024-11-19,60,1,72.03
301160,3买,2025-07-23,60,3,25.75
301160,1买,2025-10-13,60,1,44.41
301161,1买,2023-12-27,60,1,18.92
301161,1买,2024-09-18,60,1,109.53
301161,2买,2024-11-27,60,1,54.35
301161,2买,2025-01-17,60,1,43.45
301161,3买,2025-01-17,60,1,43.45
301161,1买,2026-03-24,44,1,29.83
301162,1买,2023-06-07,60,1,41.28
301162,1买,2023-12-27,60,1,30.76
301162,1买,2024-02-07,60,1,104.86
301162,2买,2024-04-23,60,1,55.82
301162,2买,2025-03-26,60,1,52.11
301163,1买,2022-12-23,60,1,23.57
301163,2买,2023-04-25,60,1,36.74
301163,1买,2024-07-09,60,1,41.18
301163,1买,2024-09-23,60,2,68.06
301163,2买,2024-11-27,60,1,17.32
301163,2买,2024-11-27,60,1,17.32
301163,1买,2025-01-06,60,1,48.34
301163,1买,2025-04-09,60,1,65.17
301163,2买,2025-09-23,60,1,20.11
301163,2买,2025-09-23,60,1,20.11
301165,1买,2024-07-05,60,2,78.44
301165,2买,2025-02-05,60,1,57.43
301165,3买,2025-04-11,60,1,15.53
301165,1买,2025-06-04,60,1,107.58
301166,1买,2023-06-28,60,4,9.52
301166,2买,2023-08-08,60,1,14.48
301166,1买,2024-09-23,60,1,53.34
301166,2买,2024-11-04,60,1,20.77
301166,1买,2025-04-09,60,1,29.26
301166,2买,2025-06-23,60,1,21.31
301166,1买,2025-12-17,60,1,27.43
301167,1买,2022-12-23,60,2,23.93
301167,2买,2023-04-26,60,1,18.55
301167,1买,2023-10-23,60,1,15.51
301167,2买,2023-12-26,60,3,9.46
301167,1买,2025-01-06,60,1,24.04
301167,2买,2025-03-13,60,1,18.98
301167,3买,2025-12-17,60,1,22.95
301168,1买,2024-04-25,60,1,25.27
301168,1买,2024-07-10,60,1,55.89
301168,1买,2025-04-09,60,1,74.46
301168,2买,2025-10-13,60,1,35.51
301168,2买,2025-10-13,60,1,35.51
301168,2买,2025-10-13,60,1,35.51
301169,1买,2023-08-01,60,3,106.6
301169,2买,2023-11-03,60,1,41.47
301169,1买,2024-02-07,60,1,87.41
301169,1买,2024-06-11,60,1,43.91
301169,2买,2024-09-09,60,1,109.78
301169,2买,2024-09-09,60,1,109.78
301169,1买,2025-04-08,60,1,41.33
301169,2买,2025-10-16,60,1,62.5
301169,3买,2025-10-16,60,1,62.5
301170,1买,2024-02-07,60,1,70.97
301170,2买,2024-04-17,60,1,35.6
301170,1买,2025-04-09,60,1,63.6
301170,2买,2025-10-17,60,3,21.16
301171,1买,2023-10-23,60,1,68.61
301171,1买,2024-02-06,60,1,68.92
301171,2买,2025-01-07,60,1,67.76
301171,2买,2025-01-07,60,1,67.76
301171,1买,2025-04-09,60,1,55.05
301171,2买,2025-10-23,60,1,205.05
301172,1买,2024-02-06,60,1,68.07
301172,1买,2024-09-18,60,1,81.19
301172,2买,2025-01-13,60,1,45.6
301172,1买,2025-04-09,60,1,35.24
301172,1买,2025-06-23,60,1,54.23
301172,2买,2025-10-20,60,1,27.26
301172,2买,2025-10-20,60,1,27.26
301172,1买,2025-12-18,60,1,59.0
301173,1买,2025-11-24,60,2,13.67
301175,1买,2023-07-18,60,6,13.01
301175,1买,2024-02-06,60,1,35.09
301175,2买,2024-07-10,60,1,42.35
301175,1买,2024-09-18,60,1,52.06
301175,2买,2025-01-13,60,1,24.58
301175,2买,2026-02-06,60,6,35.35
301176,1买,2023-10-23,60,1,18.6
301176,2买,2024-09-24,60,1,53.17
301176,3买,2024-11-04,60,1,32.7
301176,1买,2025-01-06,60,1,59.65
301176,2买,2025-12-17,60,1,31.21
301176,3买,2025-12-17,60,1,31.21
301177,1买,2024-07-25,60,1,58.27
301177,1买,2024-09-18,60,1,63.37
301177,2买,2025-01-07,60,1,66.43
301177,2买,2025-01-07,60,1,66.43
301178,1买,2022-10-11,60,1,46.57
301178,2买,2023-04-27,60,1,27.78
301178,3买,2025-08-20,60,1,47.8
301178,1买,2026-03-24,44,1,44.21
301179,1买,2023-10-24,60,1,17.49
301179,1买,2024-02-07,60,1,54.45
301179,1买,2024-05-22,60,1,32.23
301179,2买,2024-11-04,60,1,21.02
301179,2买,2024-11-04,60,1,21.02
301179,1买,2025-01-13,60,1,29.22
301179,1买,2025-05-23,60,2,37.13
301179,2买,2025-08-01,60,2,27.9
301179,2买,2026-03-30,40,1,37.66
301179,3买,2026-03-30,40,1,37.66
301180,1买,2023-04-26,60,1,36.98
301180,2买,2023-07-28,60,1,19.74
301180,1买,2023-08-25,60,1,36.71
301180,2买,2024-11-04,60,1,29.88
301180,1买,2024-11-27,60,1,37.61
301181,1买,2025-04-09,60,1,69.38
301181,2买,2025-06-23,60,1,61.08
301181,1买,2026-03-27,41,1,47.16
301182,1买,2022-12-30,60,1,30.65
301182,2买,2023-04-26,60,2,55.38
301182,3买,2023-10-23,60,1,18.35
301182,3买,2024-11-27,60,1,51.04
301182,1买,2025-01-06,60,1,87.93
301182,2买,2025-05-28,60,1,34.39
301182,1买,2025-11-24,60,1,77.22
301183,1买,2024-08-27,60,1,93.67
301183,3买,2024-08-27,60,1,93.67
301183,1买,2024-09-20,60,1,109.69
301183,2买,2024-11-28,60,1,36.42
301183,2买,2024-11-28,60,1,36.42
301183,1买,2025-01-06,60,1,30.59
301183,2买,2025-08-08,60,1,94.74
301185,1买,2022-10-11,60,1,40.41
301185,2买,2022-11-14,60,1,28.79
301185,1买,2023-09-22,60,1,30.35
301185,3买,2023-09-22,60,1,30.35
301185,3买,2025-09-23,60,1,21.16
301187,1买,2022-10-12,60,1,17.98
301187,2买,2022-12-23,60,2,16.04
301187,1买,2023-08-25,60,1,41.48
301187,2买,2023-10-23,60,1,47.25
301187,1买,2025-06-05,60,1,56.16
301187,3买,2025-06-05,60,1,56.16
301188,1买,2022-12-29,60,3,50.96
301188,2买,2023-03-20,60,1,21.96
301188,1买,2024-08-28,60,1,67.63
301188,2买,2025-01-03,60,1,37.76
301188,3买,2026-03-09,55,1,205.35
301189,1买,2024-02-07,60,1,79.73
301189,2买,2024-04-17,60,1,62.42
301189,1买,2024-09-19,60,1,52.51
301189,2买,2024-11-04,60,1,25.34
301189,1买,2025-01-13,60,1,44.2
301189,2买,2025-10-13,60,1,42.16
301190,1买,2023-04-26,60,2,18.12
301190,2买,2023-06-09,60,3,28.49
301191,1买,2023-08-25,60,1,91.85
301191,2买,2024-11-27,60,1,52.53
301191,1买,2024-12-18,60,1,93.66
301191,2买,2025-03-04,60,1,58.55
301192,1买,2024-02-08,60,1,92.52
301192,2买,2024-04-16,60,1,58.6
301192,3买,2025-12-17,60,1,23.65
301193,1买,2023-08-25,60,1,25.39
301193,1买,2023-10-24,60,1,29.49
301193,1买,2025-04-29,60,1,63.49
301193,2买,2025-06-23,60,1,81.58
301193,2买,2025-10-13,60,1,34.92
301193,2买,2025-10-13,60,1,34.92
301195,1买,2023-10-24,60,1,18.38
301195,1买,2024-08-28,60,1,60.19
301195,2买,2025-01-13,60,1,43.36
301195,1买,2025-04-09,60,1,54.72
301195,2买,2025-10-20,60,2,15.27
301196,1买,2023-04-26,60,2,17.26
301196,1买,2023-10-24,60,1,18.07
301196,2买,2025-04-09,60,1,102.78
301196,2买,2025-04-09,60,1,102.78
301197,1买,2025-04-09,60,1,116.33
301197,2买,2025-08-29,60,1,22.84
301197,3买,2025-10-20,60,2,17.94
301197,1买,2025-12-15,60,1,39.6
301198,1买,2023-06-07,60,3,20.17
301198,1买,2025-04-09,60,1,50.46
301198,2买,2025-06-23,60,1,26.3
301199,1买,2022-12-30,60,1,47.29
301199,2买,2023-04-24,60,1,81.44
301199,1买,2024-02-08,60,1,119.31
301199,2买,2024-04-16,60,1,53.24
301199,1买,2024-09-18,60,1,80.21
301199,2买,2024-11-27,60,1,45.96
301199,1买,2025-12-17,60,2,28.35
301199,2买,2026-03-24,44,1,15.61
301200,1买,2023-08-25,60,1,15.11
301200,1买,2024-02-05,60,1,38.06
301200,1买,2024-09-18,60,4,60.5
301200,2买,2024-11-04,60,1,30.15
301200,2买,2024-11-04,60,1,30.15
301200,1买,2025-01-06,60,2,36.21
301200,2买,2025-02-18,60,2,18.42
301200,2买,2025-02-18,60,2,18.42
301200,3买,2025-09-05,60,1,66.73
301201,1买,2024-02-07,60,1,83.01
301201,2买,2024-07-09,60,1,49.45
301201,1买,2024-09-20,60,1,56.97
301201,2买,2025-01-17,60,1,39.7
301201,3买,2025-09-11,60,1,131.65
301202,1买,2023-10-23,60,1,33.49
301202,1买,2024-07-09,60,1,76.04
301202,1买,2024-09-18,60,1,84.76
301202,2买,2025-01-13,60,1,88.4
301202,2买,2025-01-13,60,1,88.4
301202,2买,2025-01-13,60,1,88.4
301202,3买,2025-04-09,60,1,54.37
301202,3买,2025-11-24,60,1,24.85
301202,1买,2025-12-16,60,1,28.08
301205,3买,2024-02-06,60,1,100.0
301205,1买,2024-07-25,60,1,70.4
301205,1买,2024-08-28,60,1,91.29
301205,2买,2024-11-27,60,1,35.03
301205,2买,2024-11-27,60,1,35.03
301205,1买,2025-01-13,60,1,37.98
301205,3买,2025-01-13,60,1,37.98
301205,2买,2025-10-17,60,1,129.56
301205,3买,2025-10-17,60,1,129.56
301206,1买,2023-05-08,60,3,28.11
301206,1买,2023-10-23,60,4,17.18
301206,2买,2023-12-21,60,3,12.57
301206,1买,2024-09-23,60,1,47.0
301206,2买,2024-11-27,60,1,15.6
301206,1买,2025-01-13,60,1,27.37
301206,1买,2025-04-08,60,1,51.15
301206,2买,2025-06-23,60,1,27.21
301206,2买,2025-06-23,60,1,27.21
301206,3买,2025-06-23,60,1,27.21
301207,1买,2023-08-25,60,1,34.38
301207,2买,2023-10-24,60,3,18.23
301207,1买,2024-08-26,60,1,59.53
301207,2买,2025-01-22,60,4,14.75
301207,1买,2025-04-09,60,1,18.89
301207,2买,2025-06-23,60,1,32.89
301207,1买,2026-03-24,44,1,39.8
301208,1买,2023-10-23,60,1,26.12
301208,1买,2025-01-13,60,1,89.18
301208,2买,2025-03-04,60,1,41.23
301208,2买,2025-03-04,60,1,41.23
301208,1买,2026-03-24,44,1,10.23
301209,1买,2023-04-26,60,1,24.22
301209,2买,2023-06-28,60,1,22.89
301211,1买,2023-08-29,60,1,23.7
301211,1买,2023-10-23,60,1,33.56
301211,1买,2024-08-28,60,1,87.15
301211,2买,2024-12-19,60,1,35.04
301211,1买,2025-01-13,60,1,18.15
301212,1买,2024-02-07,60,1,122.46
301212,2买,2024-04-18,60,1,81.98
301212,1买,2024-09-23,60,1,73.29
301212,2买,2025-01-06,60,1,67.48
301212,1买,2025-04-09,60,1,83.13
301212,2买,2025-06-23,60,1,16.5
301212,1买,2025-09-05,60,1,49.53
301212,3买,2025-09-05,60,1,49.53
301213,1买,2023-04-27,60,1,41.81
301213,2买,2024-11-04,60,1,35.35
301215,1买,2025-04-16,60,5,24.42
301216,1买,2024-09-18,60,1,52.34
301216,2买,2025-01-13,60,1,54.75
301217,1买,2023-04-27,60,2,35.75
301217,1买,2025-04-09,60,1,105.95
301217,2买,2025-10-17,60,1,48.4
301217,2买,2025-10-17,60,1,48.4
301218,1买,2023-05-05,60,5,107.66
301218,1买,2024-09-18,60,1,66.49
301218,2买,2024-11-04,60,1,26.79
301218,2买,2024-11-04,60,1,26.79
301218,1买,2025-01-06,60,1,37.85
301219,1买,2022-10-31,60,1,19.33
301219,2买,2022-12-23,60,2,11.58
301219,1买,2024-09-10,60,1,85.78
301219,2买,2025-01-09,60,1,52.79
301219,3买,2025-02-19,60,2,46.71
301220,1买,2023-10-23,60,1,17.85
301220,1买,2024-07-26,60,2,43.02
301220,2买,2025-04-09,60,1,40.93
301220,2买,2025-04-09,60,1,40.93
301220,3买,2025-07-14,60,1,24.59
301220,1买,2025-12-17,60,1,46.03
301221,1买,2022-12-23,60,1,31.65
301221,2买,2023-03-17,60,1,54.66
301221,1买,2024-09-19,60,1,111.32
301221,2买,2024-11-18,60,1,28.0
301221,1买,2025-01-07,60,1,51.37
301221,2买,2025-10-13,60,1,25.48
301221,3买,2025-10-13,60,1,25.48
301221,3买,2025-10-13,60,1,25.48
301221,1买,2025-11-24,60,1,42.7
301222,1买,2025-04-09,60,1,38.93
301222,2买,2025-08-29,60,1,28.41
301223,1买,2023-10-23,60,1,13.32
301223,1买,2025-04-09,60,1,28.25
301223,2买,2025-06-23,60,1,17.87
301223,2买,2025-12-17,60,2,23.83
301226,1买,2023-05-12,60,1,61.81
301226,2买,2023-08-29,60,1,24.64
301226,1买,2023-10-24,60,1,15.24
301226,2买,2025-11-24,60,1,35.74
301227,1买,2024-02-05,60,1,80.4
301227,1买,2024-09-18,60,1,56.74
301227,2买,2024-11-19,60,1,19.77
301227,1买,2025-04-09,60,1,94.88
301227,2买,2025-10-29,60,1,36.78
301227,2买,2025-10-29,60,1,36.78
301228,1买,2022-10-11,60,1,20.8
301228,1买,2023-06-27,60,2,109.2
301228,2买,2023-08-14,60,2,98.44
301228,1买,2025-01-06,60,1,110.77
301228,2买,2025-03-25,60,1,61.07
301228,2买,2025-03-25,60,1,61.07
301228,3买,2025-03-25,60,1,61.07
301228,3买,2025-04-08,60,1,64.11
301229,1买,2023-01-03,60,2,17.33
301229,2买,2023-08-17,60,1,38.97
301230,1买,2023-06-28,60,1,34.94
301230,1买,2024-09-18,60,1,73.82
301230,2买,2025-01-13,60,1,103.77
301230,1买,2025-12-17,60,1,135.19
301230,3买,2025-12-17,60,1,135.19
301231,1买,2023-10-23,60,1,41.85
301231,2买,2023-11-30,60,1,28.99
301231,3买,2023-11-30,60,1,28.99
301231,3买,2025-10-13,60,1,88.0
301232,1买,2024-11-27,60,1,16.73
301232,2买,2026-03-24,44,1,73.22
301232,1买,2026-05-27,2,1,12.88
301233,1买,2022-12-23,60,2,75.05
301233,2买,2023-04-26,60,1,33.12
301233,3买,2025-01-06,60,1,23.45
301233,1买,2025-04-09,60,1,69.97
301233,2买,2025-06-10,60,2,37.3
301233,3买,2025-10-20,60,2,14.1
301234,1买,2022-09-26,60,1,39.67
301234,2买,2022-12-27,60,1,12.89
301234,1买,2023-04-26,60,1,16.29
301234,2买,2023-10-24,60,1,23.08
301234,1买,2024-02-08,60,1,63.26
301234,2买,2024-06-07,60,1,36.92
301235,1买,2023-03-08,60,4,7.28
301235,1买,2023-08-25,60,1,34.13
301235,1买,2024-09-19,60,1,49.77
301235,2买,2025-01-08,60,4,21.11
301235,2买,2025-06-20,60,1,82.34
301235,3买,2025-09-24,60,1,55.23
301235,2买,2026-02-13,60,1,81.17
301236,1买,2023-03-23,60,1,65.98
301236,2买,2024-06-11,60,1,17.23
301236,1买,2024-08-29,60,1,162.33
301236,2买,2025-01-08,60,1,62.96
301236,1买,2025-04-08,60,1,37.18
301236,3买,2025-04-08,60,1,37.18
301237,1买,2022-12-29,60,2,23.03
301237,1买,2023-08-25,60,1,22.26
301237,2买,2023-10-23,60,1,17.23
301237,1买,2025-04-09,60,1,57.49
301237,2买,2025-09-04,60,1,45.03
301237,2买,2025-09-04,60,1,45.03
301237,3买,2025-11-12,60,1,77.65
301237,1买,2026-03-24,44,1,62.16
301238,1买,2023-01-03,60,2,35.75
301238,1买,2024-02-05,60,1,129.92
301238,2买,2024-08-28,60,1,71.64
301239,1买,2022-10-31,60,1,91.9
301239,2买,2023-04-25,60,1,70.25
301239,3买,2023-08-21,60,1,30.79
301239,1买,2024-07-09,60,1,68.5
301239,1买,2024-09-23,60,1,120.56
301239,2买,2025-04-08,60,1,23.04
301239,2买,2025-04-08,60,1,23.04
301239,1买,2025-06-23,60,2,23.82
301239,1买,2025-12-16,60,3,21.18
301246,1买,2023-08-24,60,2,6.85
301246,1买,2023-10-24,60,1,13.54
301246,1买,2025-04-09,60,1,41.87
301246,2买,2025-06-19,60,2,19.54
301246,1买,2026-03-23,45,1,83.4
301248,1买,2023-10-24,60,1,20.88
301248,2买,2025-07-23,60,3,35.9
301251,1买,2025-01-06,60,1,51.96
301251,2买,2025-12-16,60,1,54.12
301252,1买,2024-09-18,60,4,58.07
301255,1买,2023-06-12,60,1,197.87
301255,2买,2023-08-10,60,1,53.43
301255,1买,2023-11-02,60,1,36.76
301255,1买,2024-02-08,60,1,77.98
301255,2买,2024-07-25,60,1,43.73
301255,1买,2024-09-18,60,1,65.43
301255,2买,2024-11-01,60,1,36.57
301255,1买,2025-12-17,60,1,19.26
301256,1买,2025-01-06,60,1,131.31
301256,2买,2025-06-23,60,1,22.35
301256,3买,2025-09-23,60,1,90.56
301256,3买,2026-03-24,44,1,22.95
301257,1买,2024-02-06,60,1,80.57
301257,1买,2024-08-28,60,1,71.0
301257,2买,2025-01-13,60,1,40.12
301257,1买,2025-04-09,60,1,39.78
301257,2买,2025-08-28,60,1,58.88
301257,2买,2025-08-28,60,1,58.88
301258,1买,2023-06-28,60,2,19.05
301258,2买,2023-08-08,60,1,17.83
301258,1买,2024-09-18,60,1,60.47
301258,2买,2025-01-13,60,1,27.42
301258,1买,2025-12-17,60,2,25.61
301259,1买,2022-10-25,60,1,26.06
301259,1买,2023-04-26,60,1,22.33
301259,1买,2024-02-05,60,1,79.11
301259,2买,2024-04-15,60,1,15.75
301259,2买,2024-04-15,60,1,15.75
301259,2买,2024-04-15,60,1,15.75
301259,3买,2024-07-09,60,1,88.18
301259,3买,2025-04-09,60,1,83.8
301259,1买,2025-11-10,60,1,20.82
301259,1买,2025-12-17,60,1,20.54
301259,1买,2026-03-24,44,1,54.37
301259,2买,2026-05-27,2,1,11.86
301259,2买,2026-05-27,2,1,11.86
301260,1买,2024-09-18,60,1,53.83
301260,2买,2025-01-06,60,1,30.3
301260,1买,2025-04-09,60,1,133.96
301260,2买,2025-12-17,60,2,15.38
301260,1买,2026-03-24,44,1,32.58
301261,1买,2024-09-18,60,1,66.5
301261,2买,2025-01-06,60,1,268.73
301262,1买,2024-08-27,60,1,64.83
301262,2买,2025-08-01,60,1,16.85
301262,3买,2025-10-20,60,1,30.81
301263,1买,2023-10-24,60,1,28.53
301263,2买,2025-08-27,60,1,17.26
301263,3买,2025-08-27,60,1,17.26
301263,1买,2025-10-24,60,1,10.44
301263,3买,2025-10-24,60,1,10.44
301265,1买,2024-09-19,60,1,49.39
301265,2买,2025-01-06,60,1,21.62
301265,1买,2025-04-08,60,1,45.07
301265,2买,2025-08-15,60,1,16.97
301265,1买,2025-09-23,60,1,35.94
301265,3买,2025-09-23,60,1,35.94
301265,2买,2025-11-05,60,8,42.37
301266,1买,2023-06-08,60,1,51.86
301266,1买,2023-12-18,60,1,58.81
301266,1买,2024-07-09,60,1,61.51
301266,1买,2024-09-23,60,1,122.55
301266,2买,2025-01-13,60,1,38.98
301266,2买,2025-01-13,60,1,38.98
301266,1买,2025-04-09,60,1,37.74
301267,1买,2024-07-30,60,1,58.23
301267,1买,2024-09-18,60,1,84.91
301267,2买,2025-01-13,60,1,34.63
301267,2买,2025-09-05,60,1,16.68
301268,1买,2023-05-10,60,1,26.88
301268,1买,2023-10-09,60,1,29.42
301268,1买,2024-09-18,60,1,89.05
301268,2买,2025-01-13,60,1,71.74
301268,1买,2025-04-09,60,1,41.24
301268,2买,2025-09-24,60,1,12.75
301269,1买,2023-08-21,60,1,17.92
301269,1买,2023-10-24,60,1,17.41
301269,2买,2025-01-07,60,1,33.11
301269,2买,2025-01-07,60,1,33.11
301270,1买,2023-09-21,60,1,32.69
301270,1买,2025-12-17,60,1,45.09
301270,2买,2026-02-06,60,1,17.41
301270,2买,2026-02-06,60,1,17.41
301272,1买,2024-09-18,60,1,48.89
301272,2买,2024-11-19,60,1,16.84
301273,1买,2024-01-23,60,1,24.9
301273,1买,2024-02-08,60,1,86.28
301273,2买,2024-04-16,60,1,38.81
301273,1买,2024-07-18,60,1,48.98
301273,2买,2024-12-25,60,1,59.54
301273,2买,2025-09-24,60,1,18.39
301276,1买,2025-01-13,60,1,17.72
301277,1买,2023-10-23,60,1,31.67
301277,1买,2024-09-18,60,1,57.17
301277,2买,2025-01-13,60,1,52.83
301277,1买,2025-04-22,60,1,61.8
301277,2买,2025-09-24,60,1,10.81
301278,1买,2023-10-26,60,1,35.39
301278,1买,2024-07-09,60,1,60.93
301278,1买,2024-08-28,60,1,70.15
301278,2买,2024-12-19,60,1,16.72
301278,2买,2024-12-19,60,1,16.72
301278,1买,2025-01-06,60,1,20.8
301279,1买,2024-02-08,60,1,80.74
301279,2买,2024-04-22,60,1,91.83
301279,1买,2025-04-09,60,1,52.97
301279,2买,2025-10-20,60,1,72.73
301279,3买,2026-03-24,44,1,20.2
301280,1买,2023-10-23,60,1,44.38
301280,1买,2024-09-18,60,1,64.49
301280,2买,2024-11-27,60,1,50.58
301280,2买,2024-11-27,60,1,50.58
301280,1买,2025-01-06,60,1,106.62
301280,3买,2025-01-06,60,1,106.62
301280,2买,2025-10-23,60,1,25.03
301280,1买,2025-12-17,60,1,38.23
301280,2买,2026-03-24,44,1,29.32
301280,3买,2026-03-24,44,1,29.32
301281,1买,2024-02-07,60,1,87.23
301281,2买,2024-07-29,60,1,187.41
301281,1买,2024-09-18,60,1,216.74
301281,2买,2025-01-13,60,1,33.51
301281,1买,2025-04-09,60,1,54.07
301281,2买,2025-06-23,60,1,38.8
301281,3买,2025-06-23,60,1,38.8
301281,1买,2025-12-17,60,2,108.7
301282,1买,2024-09-19,60,1,68.77
301282,2买,2025-01-06,60,1,36.75
301282,1买,2025-04-09,60,1,69.23
301282,2买,2025-09-05,60,1,20.24
301283,1买,2023-10-23,60,1,23.57
301283,2买,2025-06-20,60,2,52.55
301285,1买,2023-05-10,60,1,60.1
301285,2买,2023-06-28,60,1,29.76
301285,1买,2024-05-17,60,1,30.29
301285,3买,2024-05-17,60,1,30.29
301285,2买,2024-11-18,60,1,44.4
301285,3买,2025-10-13,60,1,61.47
301286,1买,2022-10-11,60,2,78.01
301286,2买,2023-10-24,60,1,29.62
301286,3买,2023-12-20,60,1,18.37
301286,1买,2025-04-09,60,1,35.86
301286,2买,2025-06-23,60,1,24.7
301286,3买,2026-03-24,44,1,64.02
301289,1买,2024-02-06,60,1,59.94
301289,2买,2024-04-17,60,1,27.75
301290,1买,2023-10-23,60,1,15.46
301290,1买,2025-04-09,60,1,50.86
301290,2买,2025-09-23,60,1,22.04
301290,1买,2025-12-17,60,1,25.11
301290,3买,2025-12-17,60,1,25.11
301290,2买,2026-03-04,58,2,39.4
301291,1买,2024-02-06,60,1,101.67
301291,2买,2024-07-03,60,1,24.56
301291,1买,2024-08-27,60,1,70.91
301291,2买,2024-11-29,60,1,52.35
301291,3买,2025-02-11,60,1,27.71
301292,1买,2025-04-09,60,1,146.3
301292,2买,2025-08-29,60,1,385.65
301292,1买,2025-09-26,60,1,407.79
301292,2买,2026-01-30,60,1,115.66
301292,3买,2026-01-30,60,1,115.66
301293,1买,2024-01-23,60,1,63.62
301293,2买,2024-04-17,60,1,28.1
301293,1买,2024-07-09,60,1,47.15
301293,1买,2024-09-19,60,1,98.28
301293,2买,2025-01-07,60,1,47.28
301293,2买,2025-01-07,60,1,47.28
301293,1买,2025-04-08,60,1,42.46
301293,3买,2025-04-08,60,1,42.46
301293,2买,2025-10-23,60,1,84.69
301293,1买,2025-12-16,60,1,98.12
301293,2买,2026-02-06,60,1,31.64
301293,1买,2026-03-04,58,1,37.89
301295,1买,2024-06-07,60,1,49.46
301295,2买,2024-09-23,60,1,67.75
301295,1买,2025-04-09,60,1,63.9
301296,1买,2024-09-18,60,1,84.33
301296,2买,2025-01-13,60,1,24.41
301296,1买,2025-04-08,60,1,30.77
301296,2买,2025-06-20,60,2,13.84
301297,3买,2024-11-27,60,1,15.42
301297,1买,2025-03-26,60,1,36.7
301297,3买,2025-03-26,60,1,36.7
301298,1买,2022-12-23,60,2,27.75
301298,2买,2023-02-20,60,3,18.14
301298,1买,2025-04-09,60,1,61.64
301298,2买,2025-09-24,60,1,9.78
301298,3买,2025-12-17,60,1,18.79
301299,1买,2024-02-08,60,1,92.21
301299,2买,2024-04-22,60,1,52.08
301299,1买,2024-09-18,60,1,103.5
301299,2买,2025-04-09,60,1,41.07
301299,3买,2025-08-15,60,1,7.62
301299,3买,2025-08-15,60,1,7.62
301299,1买,2025-12-17,60,1,45.38
301300,1买,2023-04-26,60,1,24.55
301300,2买,2023-08-08,60,1,11.71
301300,3买,2025-09-24,60,1,47.65
301300,3买,2025-12-17,60,1,18.43
301301,1买,2023-05-11,60,2,24.04
301301,1买,2024-02-05,60,1,164.12
301301,2买,2024-03-29,60,1,102.32
301301,2买,2024-03-29,60,1,102.32
301301,3买,2024-07-26,60,1,45.55
301301,3买,2024-07-26,60,1,45.55
301301,1买,2024-09-23,60,1,59.27
301301,2买,2025-01-13,60,1,31.21
301301,1买,2025-04-30,60,2,28.96
301301,2买,2025-06-23,60,6,10.79
301301,1买,2025-09-29,60,3,10.95
301302,1买,2023-04-27,60,1,24.23
301302,1买,2024-01-18,60,1,51.38
301302,1买,2024-02-07,60,1,94.97
301302,2买,2024-07-09,60,1,43.53
301302,1买,2024-08-29,60,1,89.9
301302,2买,2024-11-04,60,1,83.16
301302,2买,2025-07-08,60,1,32.2
301302,3买,2025-07-08,60,1,32.2
301303,1买,2024-09-18,60,3,62.4
301303,2买,2024-11-25,60,1,16.83
301303,3买,2025-10-20,60,1,11.41
301303,1买,2025-12-17,60,3,24.4
301305,1买,2024-09-18,60,1,50.03
301305,2买,2024-11-21,60,1,14.32
301305,1买,2025-01-06,60,1,15.64
301305,1买,2025-04-09,60,1,34.1
301305,2买,2025-12-04,60,2,42.74
301305,2买,2025-12-04,60,2,42.74
301306,1买,2023-05-15,60,1,36.63
301306,1买,2023-10-24,60,1,61.05
301306,2买,2025-01-06,60,1,54.4
301306,2买,2025-09-29,60,1,158.4
301306,1买,2025-10-23,60,1,238.34
301306,2买,2026-02-24,60,1,90.4
301306,1买,2026-03-09,55,1,96.03
301306,3买,2026-03-09,55,1,96.03
301307,1买,2024-09-18,60,1,104.02
301307,2买,2025-01-06,60,1,63.92
301307,1买,2025-04-09,60,1,60.56
301307,2买,2026-01-15,60,1,39.51
301307,1买,2026-02-02,60,1,79.91
301308,3买,2024-05-30,60,1,20.62
301308,1买,2024-11-25,60,1,30.76
301308,2买,2025-09-04,60,1,288.26
301308,3买,2025-11-24,60,1,70.0
301309,1买,2023-08-25,60,1,17.3
301309,1买,2024-09-18,60,4,50.58
301309,2买,2025-01-06,60,1,27.37
301309,1买,2025-04-09,60,1,36.71
301309,2买,2025-09-23,60,1,12.83
301309,2买,2025-09-23,60,1,12.83
301309,1买,2025-12-17,60,2,41.79
301310,1买,2023-10-24,60,1,33.72
301310,3买,2026-03-04,58,2,82.48
301311,1买,2024-02-06,60,1,65.45
301311,2买,2024-11-29,60,1,11.24
301311,1买,2025-01-06,60,1,34.36
301311,1买,2025-04-08,60,1,64.76
301311,2买,2025-06-11,60,2,36.06
301311,2买,2025-06-11,60,2,36.06
301312,1买,2024-02-08,60,1,78.12
301312,1买,2024-07-09,60,1,72.47
301313,3买,2023-08-01,60,1,45.7
301313,1买,2023-10-24,60,1,60.94
301313,1买,2024-02-07,60,1,115.79
301313,2买,2024-11-04,60,1,50.84
301314,1买,2023-08-25,60,1,22.05
301314,1买,2025-04-09,60,1,49.06
301314,2买,2025-10-13,60,1,26.93
301314,3买,2025-12-17,60,2,30.23
301316,1买,2023-07-13,60,1,136.33
301316,2买,2023-10-30,60,1,22.75
301316,1买,2024-02-06,60,1,76.09
301316,2买,2024-11-25,60,1,62.64
301316,1买,2025-12-05,60,1,27.95
301318,1买,2024-02-07,60,1,280.21
301318,2买,2024-07-18,60,1,51.83
301318,1买,2024-09-18,60,1,71.97
301318,2买,2024-11-04,60,1,40.61
301318,1买,2026-04-07,35,1,9.19
301319,1买,2023-05-10,60,3,31.09
301319,1买,2024-09-18,60,1,55.42
301319,2买,2025-01-06,60,1,54.9
301319,1买,2025-04-09,60,1,61.09
301319,2买,2025-09-05,60,1,86.38
301320,1买,2023-12-27,60,1,24.41
301320,1买,2024-08-13,60,2,47.9
301320,1买,2024-09-18,60,1,51.75
301320,2买,2024-11-27,60,1,23.58
301320,2买,2024-11-27,60,1,23.58
301320,1买,2025-01-06,60,1,55.8
301320,2买,2025-12-17,60,1,20.01
301320,1买,2026-03-24,44,1,17.0
301321,1买,2024-07-18,60,1,122.21
301321,2买,2024-11-19,60,1,13.34
301321,1买,2025-01-13,60,1,42.07
301322,1买,2024-08-23,60,2,84.44
301322,2买,2024-11-27,60,1,16.46
301322,1买,2025-01-06,60,1,42.78
301322,3买,2025-01-06,60,1,42.78
301322,1买,2025-04-09,60,1,78.66
301322,2买,2025-07-22,60,6,39.35
301323,1买,2023-12-27,60,1,9.97
301323,1买,2024-08-28,60,1,65.49
301323,2买,2024-11-18,60,1,32.21
301326,3买,2025-01-13,60,1,34.15
301326,1买,2025-04-09,60,1,87.43
301326,3买,2025-04-09,60,1,87.43
301326,2买,2025-12-05,60,1,68.02
301327,1买,2023-06-26,60,1,16.11
301327,1买,2023-10-26,60,1,38.32
301327,1买,2024-02-05,60,1,45.14
301327,2买,2024-04-22,60,1,42.2
301327,2买,2024-08-28,60,1,56.39
301328,1买,2023-10-26,60,1,50.27
301328,1买,2024-02-07,60,1,84.4
301328,2买,2024-04-17,60,1,36.68
301328,1买,2024-09-20,60,1,62.32
301328,2买,2024-11-04,60,1,43.14
301329,1买,2025-04-09,60,1,36.76
301330,1买,2023-10-24,60,1,31.21
301330,1买,2025-04-09,60,1,49.71
301330,2买,2025-12-17,60,2,83.1
301330,2买,2026-03-24,44,1,16.75
301331,1买,2023-04-13,60,7,19.04
301331,2买,2023-10-27,60,1,20.96
301331,1买,2024-08-28,60,1,60.49
301331,2买,2024-11-25,60,1,15.07
301331,1买,2025-01-13,60,1,41.58
301331,2买,2025-04-09,60,1,60.63
301331,3买,2025-10-14,60,1,12.58
301332,1买,2024-07-09,60,1,53.79
301332,1买,2024-09-18,60,1,61.87
301332,2买,2024-11-19,60,1,15.62
301332,2买,2024-11-19,60,1,15.62
301332,1买,2025-01-06,60,1,32.27
301332,2买,2025-12-17,60,16,9.22
301333,1买,2024-07-05,60,1,78.06
301333,2买,2024-09-20,60,1,95.92
301333,1买,2025-04-09,60,1,32.69
301335,1买,2023-10-24,60,1,19.98
301335,1买,2025-04-09,60,1,173.85
301335,3买,2025-04-09,60,1,173.85
301335,2买,2025-08-04,60,1,22.81
301335,2买,2025-08-04,60,1,22.81
301335,1买,2025-10-30,60,2,11.58
301335,1买,2025-12-17,60,1,19.31
301336,1买,2023-08-25,60,1,35.99
301336,1买,2023-10-23,60,1,12.23
301336,2买,2023-12-27,60,1,10.62
301336,2买,2025-06-23,60,1,24.76
301336,3买,2025-06-23,60,1,24.76
301336,1买,2025-10-13,60,1,30.55
301337,1买,2024-08-28,60,1,101.3
301337,2买,2025-01-06,60,1,43.3
301337,1买,2025-04-09,60,1,39.94
301337,2买,2025-06-23,60,1,20.44
301337,1买,2025-10-13,60,1,27.03
301338,1买,2023-08-29,60,1,42.74
301338,1买,2025-04-09,60,1,93.04
301338,2买,2025-10-17,60,1,67.66
301338,2买,2025-10-17,60,1,67.66
301338,3买,2025-10-17,60,1,67.66
301339,1买,2023-07-24,60,1,26.81
301339,3买,2023-07-24,60,1,26.81
301339,1买,2025-10-20,60,3,10.24
301339,1买,2025-12-17,60,2,15.43
301345,1买,2025-04-09,60,1,175.4
301345,2买,2025-11-25,60,1,37.16
301345,3买,2025-11-25,60,1,37.16
301345,1买,2026-03-09,55,1,54.12
301349,1买,2023-06-26,60,1,45.63
301349,1买,2024-02-07,60,1,78.82
301349,2买,2024-12-23,60,1,44.3
301349,1买,2025-01-13,60,1,52.41
301349,2买,2025-04-09,60,1,50.76
301349,1买,2026-03-04,58,2,57.34
301349,3买,2026-03-04,58,2,57.34
301353,1买,2025-01-06,60,1,33.25
301355,1买,2025-04-09,60,1,53.03
301356,1买,2024-08-23,60,1,81.16
301356,2买,2025-01-06,60,1,41.57
301356,1买,2025-04-09,60,1,63.47
301356,2买,2025-06-23,60,1,37.81
301357,1买,2024-09-18,60,1,118.65
301357,2买,2025-01-24,60,1,42.26
301357,1买,2025-04-08,60,1,279.81
301357,2买,2025-09-29,60,1,70.91
301359,1买,2023-10-23,60,1,22.16
301359,1买,2025-04-09,60,1,47.75
301359,1买,2025-12-17,60,1,24.93
301359,2买,2026-03-04,58,1,22.85
301360,1买,2024-04-16,60,1,28.34
301360,2买,2024-06-26,60,1,53.02
301360,1买,2025-04-09,60,1,35.78
301360,2买,2025-06-23,60,1,62.56
301361,1买,2023-10-23,60,1,15.91
301361,2买,2025-01-06,60,1,65.09
301361,3买,2025-06-23,60,1,30.58
301361,1买,2025-10-13,60,1,40.98
301362,1买,2024-08-23,60,1,56.03
301362,2买,2025-01-06,60,1,18.84
301362,1买,2025-04-09,60,1,35.02
301363,1买,2024-04-22,60,1,35.51
301363,2买,2024-09-24,60,1,58.69
301363,1买,2025-03-21,60,2,7.96
301363,2买,2026-02-06,60,1,16.19
301363,1买,2026-03-24,44,1,47.16
301365,1买,2023-10-23,60,1,14.05
301365,2买,2023-12-27,60,1,8.15
301365,3买,2025-06-23,60,1,40.0
301366,1买,2024-02-07,60,1,96.98
301366,2买,2024-04-16,60,1,68.37
301366,3买,2025-02-05,60,1,71.98
301366,1买,2025-06-10,60,1,36.01
301366,2买,2025-07-23,60,3,26.15
301367,1买,2023-10-27,60,1,38.17
301367,1买,2025-04-09,60,1,61.89
301367,2买,2025-06-20,60,1,40.5
301367,3买,2025-10-15,60,1,23.59
301367,1买,2025-10-30,60,1,27.21
301367,2买,2025-12-23,60,2,23.77
301368,1买,2023-04-28,60,1,240.33
301368,2买,2023-08-17,60,1,39.81
301368,1买,2023-10-24,60,1,48.8
301368,3买,2023-10-24,60,1,48.8
301368,2买,2024-11-27,60,1,103.39
301368,1买,2026-04-07,35,1,17.84
301369,1买,2024-02-07,60,1,104.59
301369,2买,2024-04-17,60,1,51.64
301369,1买,2025-04-28,60,2,35.05
301370,1买,2024-08-28,60,1,67.84
301371,1买,2025-04-09,60,1,34.74
301371,1买,2025-09-24,60,10,20.63
301372,1买,2024-09-23,60,1,54.37
301372,2买,2024-11-04,60,1,24.56
301372,1买,2025-04-09,60,1,66.67
301372,2买,2025-09-23,60,1,30.85
301372,3买,2025-12-17,60,1,22.73
301373,1买,2024-09-19,60,1,56.66
301376,1买,2025-04-09,60,1,55.1
301377,1买,2023-10-24,60,1,39.16
301377,2买,2023-12-19,60,1,23.07
301377,1买,2024-09-19,60,3,61.84
301377,2买,2025-01-06,60,1,89.2
301377,3买,2025-04-09,60,1,95.37
301377,3买,2025-12-04,60,1,123.69
301378,1买,2023-10-23,60,1,15.94
301378,1买,2025-12-17,60,1,103.77
301379,1买,2023-04-27,60,1,97.78
301379,2买,2023-10-23,60,1,19.96
301379,1买,2024-02-07,60,1,78.85
301379,2买,2024-04-16,60,1,40.15
301379,1买,2025-01-06,60,1,100.67
301380,1买,2024-02-07,60,1,65.5
301380,2买,2024-06-11,60,1,25.77
301380,3买,2025-01-13,60,1,46.38
301381,1买,2024-01-10,60,1,16.24
301381,1买,2024-02-05,60,1,36.43
301381,2买,2024-04-16,60,1,47.07
301381,1买,2024-08-26,60,1,61.26
301381,2买,2024-11-04,60,1,28.05
301381,1买,2025-01-13,60,1,20.44
301381,1买,2025-04-09,60,1,57.67
301382,1买,2024-11-25,60,1,151.24
301382,2买,2025-04-09,60,1,48.32
301383,1买,2024-06-25,60,1,45.48
301386,1买,2025-01-06,60,1,26.51
301386,1买,2025-04-09,60,1,35.06
301386,2买,2025-06-23,60,1,28.12
301386,2买,2025-06-23,60,1,28.12
301387,1买,2023-10-23,60,1,75.84
301387,1买,2024-08-08,60,1,41.45
301387,1买,2024-08-28,60,1,46.25
301387,2买,2025-01-27,60,1,34.64
301387,2买,2025-01-27,60,1,34.64
301387,1买,2025-04-09,60,1,67.06
301387,2买,2025-10-13,60,1,65.79
301387,2买,2026-03-24,44,1,154.96
301388,1买,2023-10-23,60,1,15.32
301388,3买,2025-01-06,60,1,35.78
301388,1买,2025-04-09,60,1,124.06
301388,2买,2025-09-24,60,1,28.02
301388,2买,2025-09-24,60,1,28.02
301388,1买,2025-11-24,60,1,32.41
301389,1买,2023-05-05,60,4,15.81
301389,1买,2023-10-24,60,1,41.05
301389,2买,2025-11-24,60,1,21.63
301389,2买,2025-11-24,60,1,21.63
301389,1买,2026-03-09,55,1,101.63
301391,1买,2023-05-10,60,1,54.19
301391,2买,2024-02-05,60,1,46.43
301391,1买,2025-04-09,60,1,46.23
301391,2买,2026-02-02,60,1,29.92
301391,1买,2026-03-24,44,1,41.85
301391,3买,2026-03-24,44,1,41.85
301392,1买,2026-03-04,58,1,111.13
301393,1买,2024-09-18,60,1,64.61
301393,2买,2024-11-19,60,1,22.35
301393,1买,2025-01-13,60,1,38.14
301393,2买,2025-03-25,60,1,49.08
301393,1买,2025-12-17,60,1,30.54
301395,1买,2025-12-17,60,1,66.86
301396,1买,2023-10-24,60,1,24.37
301396,2买,2025-04-22,60,1,69.59
301396,3买,2025-04-22,60,1,69.59
301396,1买,2025-08-01,60,1,75.26
301398,1买,2024-02-06,60,1,137.0
301398,2买,2024-09-18,60,1,85.2
301399,1买,2024-07-09,60,1,43.59
301399,1买,2024-09-18,60,1,74.65
301399,2买,2024-11-04,60,1,63.03
301399,2买,2024-11-04,60,1,63.03
301399,1买,2025-12-17,60,1,32.13
301408,1买,2024-02-06,60,1,36.02
301408,1买,2024-06-26,60,1,28.17
301408,1买,2024-08-28,60,1,53.6
301408,1买,2024-09-23,60,1,55.91
301408,2买,2024-11-27,60,1,19.77
301408,2买,2024-11-27,60,1,19.77
301408,2买,2024-11-27,60,1,19.77
301408,2买,2024-11-27,60,1,19.77
301408,1买,2025-01-13,60,1,35.24
301408,2买,2025-04-22,60,5,54.71
301408,3买,2025-06-23,60,1,43.74
301413,1买,2024-09-18,60,1,131.04
301413,2买,2025-01-06,60,1,135.45
301413,1买,2026-03-24,44,1,33.87
301413,3买,2026-03-24,44,1,33.87
301418,1买,2025-04-09,60,1,39.64
301418,2买,2025-09-04,60,2,7.45
301419,1买,2023-05-11,60,1,57.78
301421,1买,2025-04-09,60,1,131.06
301421,2买,2025-06-16,60,1,63.29
301421,3买,2025-11-24,60,1,39.76
301428,1买,2024-02-07,60,1,67.8
301428,2买,2024-04-17,60,1,42.3
301428,3买,2025-08-15,60,1,9.03
301428,1买,2025-11-24,60,1,51.79
301428,1买,2025-12-17,60,1,58.51
301429,1买,2025-04-09,60,1,44.71
301429,2买,2025-09-23,60,1,16.2
301429,1买,2025-12-17,60,1,22.84
301429,3买,2025-12-17,60,1,22.84
301446,1买,2024-06-11,60,1,40.59
301446,2买,2024-09-23,60,1,48.91
301446,1买,2025-04-09,60,1,43.47
301446,2买,2025-06-03,60,2,45.0
301448,1买,2024-09-18,60,1,53.43
301448,2买,2025-01-06,60,1,44.46
301448,1买,2026-03-24,44,1,18.45
301448,3买,2026-03-24,44,1,18.45
301456,1买,2025-04-09,60,1,40.83
301456,2买,2025-12-17,60,3,25.78
301459,1买,2024-09-23,60,1,54.01
301459,2买,2025-01-06,60,1,103.58
301459,1买,2025-06-23,60,1,36.7
301468,1买,2025-04-09,60,1,37.59
301469,1买,2024-07-08,60,1,33.69
301469,2买,2024-11-04,60,1,27.74
301469,1买,2025-01-06,60,1,25.33
301469,1买,2025-04-08,60,1,53.05
301469,2买,2025-06-23,60,1,32.16
301486,1买,2023-10-24,60,1,27.14
301486,1买,2024-09-24,60,1,77.85
301486,2买,2024-11-27,60,1,100.07
301486,1买,2025-01-06,60,1,109.91
301486,2买,2025-11-24,60,1,249.42
301486,2买,2025-11-24,60,1,249.42
301487,1买,2025-04-09,60,1,53.27
301487,2买,2025-06-05,60,2,31.57
301487,1买,2025-12-17,60,1,22.85
301487,3买,2025-12-17,60,1,22.85
301488,1买,2024-02-06,60,1,95.22
301488,2买,2024-04-17,60,1,59.79
301488,1买,2025-04-09,60,1,88.3
301488,2买,2026-04-07,35,1,38.61
301488,1买,2026-04-29,19,2,40.85
301489,1买,2024-08-13,60,1,57.8
301489,2买,2025-01-09,60,1,18.42
301489,1买,2025-04-09,60,1,86.53
301489,2买,2025-06-04,60,1,289.11
301489,1买,2026-02-06,60,1,67.5
301498,3买,2024-11-20,60,1,67.93
301498,3买,2025-08-06,60,1,13.45
301498,1买,2025-12-05,60,3,12.5
301498,1买,2026-01-05,60,2,14.74
301499,1买,2024-02-07,60,1,96.18
301499,2买,2024-04-17,60,1,45.0
301499,1买,2025-01-06,60,1,32.53
301499,1买,2025-04-09,60,1,52.78
301499,2买,2025-10-13,60,1,29.99
301499,2买,2025-10-13,60,1,29.99
301500,1买,2024-07-25,60,1,59.94
301500,1买,2024-08-23,60,1,64.1
301500,2买,2025-01-13,60,1,44.39
301500,2买,2025-01-13,60,1,44.39
301500,1买,2025-09-05,60,1,27.29
301502,1买,2024-08-13,60,1,65.13
301502,2买,2024-11-04,60,1,24.65
301502,1买,2025-04-09,60,1,52.51
301502,2买,2025-12-17,60,1,17.95
301503,1买,2024-09-20,60,1,55.61
301503,2买,2025-01-06,60,1,64.44
301503,3买,2025-10-13,60,1,12.92
301503,1买,2025-12-17,60,1,19.64
301505,1买,2024-02-08,60,1,102.25
301505,2买,2024-03-28,60,1,49.46
301505,1买,2025-04-16,60,1,20.19
301505,1买,2025-05-28,60,5,59.39
301505,2买,2025-12-17,60,1,53.73
301505,2买,2026-03-23,45,1,17.03
301507,1买,2026-03-24,44,1,14.62
301508,1买,2024-09-18,60,1,59.43
301508,2买,2024-10-31,60,1,16.02
301508,1买,2024-11-27,60,1,18.46
301509,1买,2024-09-20,60,1,63.92
301509,2买,2024-12-05,60,1,14.53
301509,1买,2025-01-13,60,1,23.69
301509,1买,2025-04-09,60,1,90.05
301509,2买,2025-06-23,60,1,37.49
301509,2买,2025-06-23,60,1,37.49
301509,1买,2025-11-24,60,1,26.54
301510,1买,2024-09-23,60,1,75.79
301511,1买,2024-02-06,60,1,109.43
301511,1买,2024-08-21,60,1,92.7
301511,2买,2025-01-08,60,1,49.91
301511,2买,2025-10-20,60,1,40.69
301511,1买,2026-02-06,60,1,278.64
301511,3买,2026-02-06,60,1,278.64
301512,1买,2024-09-18,60,4,65.17
301512,2买,2024-11-27,60,1,43.84
301512,1买,2025-01-06,60,1,70.96
301512,2买,2025-09-02,60,1,26.11
301515,1买,2025-12-17,60,1,52.22
301516,1买,2025-01-06,60,1,23.53
301516,1买,2025-04-09,60,1,41.1
301518,1买,2023-12-27,60,1,7.63
301518,1买,2024-08-28,60,2,51.11
301518,2买,2025-01-06,60,1,46.42
301518,2买,2025-12-17,60,1,64.21
301518,3买,2026-04-07,35,1,19.11
301519,1买,2024-02-07,60,1,47.01
301519,2买,2024-04-17,60,1,45.27
301519,1买,2025-01-13,60,1,20.42
301519,1买,2025-04-09,60,1,34.38
301519,2买,2025-05-26,60,2,25.87
301520,1买,2024-02-06,60,1,39.86
301520,1买,2024-09-13,60,1,56.4
301520,2买,2025-01-13,60,1,25.15
301520,1买,2025-12-17,60,2,29.06
301522,1买,2025-04-08,60,1,26.03
301525,3买,2025-11-21,60,1,34.15
301526,1买,2025-04-18,60,1,83.69
301526,2买,2025-06-23,60,1,145.11
301528,1买,2024-07-09,60,1,36.2
301528,1买,2025-04-09,60,1,66.16
301528,2买,2025-08-29,60,1,29.74
301529,1买,2025-04-09,60,1,65.89
301529,2买,2025-08-28,60,1,45.69
301533,1买,2024-02-08,60,1,70.59
301533,2买,2024-04-09,60,1,20.58
301533,1买,2024-04-22,60,1,34.82
301539,1买,2025-04-09,60,1,34.67
301548,1买,2025-04-09,60,1,47.62
301552,1买,2025-11-24,60,1,16.68
301552,2买,2026-03-04,58,4,17.84
301555,1买,2025-01-06,60,1,33.11
301558,1买,2024-07-25,60,1,43.16
301558,1买,2024-09-20,60,1,80.5
301558,2买,2025-06-23,60,1,26.47
301558,2买,2025-06-23,60,1,26.47
301558,1买,2025-12-17,60,1,28.97
301559,3买,2025-08-14,60,1,16.66
301566,1买,2024-09-19,60,1,58.6
301567,1买,2025-04-09,60,1,59.9
301568,1买,2024-08-12,60,2,75.58
301568,2买,2024-11-27,60,1,45.47
301568,1买,2025-04-09,60,1,47.51
301568,2买,2025-11-24,60,1,36.96
301571,1买,2025-04-08,60,1,60.27
301571,2买,2025-06-20,60,2,17.04
301577,1买,2025-04-09,60,1,66.35
301578,1买,2024-06-11,60,1,60.42
301578,2买,2024-11-01,60,1,61.53
301578,1买,2025-04-09,60,1,46.06
301578,2买,2025-10-13,60,1,16.31
301580,1买,2024-11-27,60,1,18.08
301580,1买,2025-12-17,60,1,127.93
301580,2买,2026-05-27,2,1,4.06
301585,1买,2025-10-13,60,10,5.77
301586,1买,2025-04-08,60,1,45.66
301586,2买,2025-12-05,60,1,27.77
301586,1买,2025-12-17,60,1,28.79
301586,2买,2026-01-30,60,3,16.07
301587,1买,2024-09-23,60,1,59.57
301587,2买,2025-01-06,60,1,29.77
301587,1买,2025-04-09,60,1,35.68
301588,1买,2025-12-17,60,1,63.46
301589,1买,2025-01-22,60,1,15.41
301591,1买,2025-01-06,60,1,42.55
301591,2买,2025-06-23,60,1,47.78
301591,1买,2025-12-17,60,3,49.1
301592,1买,2025-04-08,60,1,39.08
301592,2买,2025-12-17,60,1,19.94
301596,1买,2026-03-24,44,1,51.61
301600,1买,2026-03-24,44,1,30.2
301603,1买,2025-01-06,60,1,63.73
301603,2买,2025-06-23,60,1,81.59
301603,1买,2026-03-24,44,1,140.73
301606,3买,2025-10-20,60,5,28.44
301607,1买,2025-04-09,60,1,50.78
301608,1买,2026-03-24,44,1,39.61
301611,1买,2025-04-08,60,1,26.53
301613,1买,2025-11-24,60,1,36.98
301613,1买,2026-03-27,41,1,15.16
301616,1买,2025-12-17,60,1,17.36
301617,1买,2026-04-07,35,1,35.05
301617,3买,2026-04-07,35,1,35.05
301618,1买,2025-04-09,60,1,50.28
301618,1买,2025-06-23,60,1,17.47
301618,1买,2025-10-13,60,1,9.11
301633,1买,2025-04-09,60,1,30.83
301633,2买,2025-06-23,60,1,37.41
301665,1买,2025-12-17,60,1,24.9
600000,1买,2022-11-03,60,6,12.37
600000,2买,2023-03-14,60,21,17.43
600000,1买,2024-01-18,60,1,17.3
600000,2买,2024-09-12,60,3,34.55
600000,3买,2024-09-12,60,3,34.55
600000,3买,2024-11-27,60,2,16.56
600000,1买,2025-04-07,60,1,55.92
600000,2买,2025-09-02,60,4,6.42
600000,3买,2025-12-05,60,5,12.03
600000,1买,2026-03-04,58,1,10.92
600004,1买,2023-05-25,60,1,16.79
600004,1买,2024-01-23,60,1,17.16
600004,1买,2024-02-05,60,1,18.46
600004,2买,2024-03-28,60,2,7.29
600006,1买,2024-02-06,60,1,101.66
600006,2买,2024-07-09,60,1,30.93
600006,1买,2024-09-18,60,1,64.04
600006,2买,2025-01-13,60,1,35.26
600006,1买,2025-04-09,60,1,39.69
600006,2买,2025-04-29,60,2,30.7
600006,3买,2025-06-23,60,2,30.51
600006,1买,2026-03-04,58,1,9.37
600007,3买,2023-05-17,60,4,16.82
600007,3买,2024-11-25,60,5,14.96
600007,1买,2025-08-28,60,7,11.23
600007,1买,2025-10-13,60,7,6.62
600007,2买,2026-05-18,9,1,8.35
600008,1买,2025-06-23,60,10,11.41
600009,1买,2023-10-23,60,2,10.59
600009,1买,2024-01-08,60,4,23.13
600009,2买,2024-06-27,60,4,13.59
600009,1买,2025-04-08,60,1,12.84
600009,2买,2025-06-23,60,21,7.15
600010,1买,2024-02-05,60,1,27.94
600010,2买,2024-09-12,60,6,70.07
600010,1买,2025-04-08,60,1,15.43
600010,3买,2025-04-08,60,1,15.43
600010,2买,2025-09-25,60,3,35.24
600010,3买,2025-12-17,60,3,48.26
600010,1买,2026-01-20,60,1,51.56
600011,3买,2024-05-23,60,2,13.92
600011,1买,2025-07-18,60,1,13.75
600011,2买,2025-09-30,60,1,21.29
600012,3买,2023-07-21,60,1,28.92
600015,3买,2023-11-13,60,10,12.73
600015,3买,2025-03-11,60,3,14.43
600015,1买,2026-01-27,60,7,18.99
600016,1买,2024-01-23,60,1,13.28
600016,3买,2024-01-23,60,1,13.28
600016,2买,2024-05-16,60,4,4.39
600016,3买,2025-10-13,60,1,10.08
600017,1买,2024-09-18,60,4,37.11
600017,2买,2025-01-13,60,3,26.74
600018,1买,2022-10-31,60,5,11.22
600018,2买,2023-02-17,60,10,14.97
600018,3买,2025-07-01,60,,3.87
600019,1买,2022-11-01,60,3,32.64
600019,2买,2023-03-29,60,4,18.7
600019,3买,2023-08-25,60,1,12.09
600019,1买,2024-01-23,60,1,34.77
600019,2买,2025-01-22,60,2,19.34
600019,1买,2025-06-24,60,6,20.74
600019,2买,2025-09-25,60,1,16.17
600019,3买,2025-12-17,60,2,7.71
600019,1买,2026-02-24,60,1,6.21
600019,3买,2026-02-24,60,1,6.21
600019,1买,2026-03-24,44,2,5.48
600020,1买,2023-10-23,60,2,16.51
600020,2买,2024-01-23,60,1,19.16
600020,3买,2024-11-29,60,1,8.89
600020,1买,2025-01-13,60,2,18.8
600020,2买,2025-10-09,60,2,15.0
600020,1买,2026-02-03,60,5,6.8
600021,1买,2024-02-05,60,1,34.26
600021,2买,2024-09-18,60,1,35.78
600021,1买,2025-04-09,60,1,11.52
600021,2买,2025-12-05,60,1,28.36
600021,1买,2026-05-19,8,1,34.96
600022,1买,2024-06-12,60,2,17.86
600022,2买,2024-09-11,60,2,50.0
600022,1买,2025-04-08,60,1,16.39
600022,2买,2025-09-29,60,1,19.58
600023,1买,2022-09-20,60,1,16.5
600023,2买,2022-12-26,60,2,22.7
600023,3买,2023-10-24,60,2,28.12
600023,1买,2025-01-13,60,1,16.14
600023,2买,2025-03-11,60,2,11.11
600023,3买,2025-03-11,60,2,11.11
600023,1买,2025-07-17,60,4,13.41
600025,3买,2023-06-20,60,5,9.84
600025,3买,2024-09-20,60,2,23.15
600026,1买,2023-12-15,60,1,35.94
600026,2买,2024-02-06,60,1,54.24
600026,1买,2025-01-02,60,1,22.18
600026,2买,2026-04-28,20,1,16.46
600027,1买,2023-10-26,60,1,23.64
600027,2买,2024-05-23,60,1,17.22
600027,1买,2025-01-13,60,1,20.37
600027,2买,2025-04-07,60,1,20.24
600027,1买,2026-02-04,60,11,14.76
600028,3买,2023-08-03,60,2,8.09
600028,1买,2024-01-19,60,1,31.65
600028,2买,2024-03-13,60,12,11.88
600029,1买,2023-10-24,60,1,15.58
600029,1买,2024-01-08,60,1,12.07
600029,1买,2024-02-05,60,1,14.85
600029,2买,2024-06-25,60,2,7.6
600029,2买,2024-06-25,60,2,7.6
600029,2买,2024-06-25,60,2,7.6
600029,1买,2025-04-08,60,1,17.38
600030,1买,2022-10-31,60,1,30.81
600030,2买,2023-01-03,60,1,16.17
600030,1买,2024-01-18,60,1,16.08
600030,2买,2025-01-13,60,1,9.63
600030,1买,2025-04-08,60,1,19.58
600030,3买,2025-04-08,60,1,19.58
600030,2买,2025-12-04,60,2,11.95
600031,3买,2025-01-13,60,1,36.24
600031,3买,2025-09-04,60,1,20.25
600031,3买,2025-11-28,60,4,21.75
600032,1买,2023-04-25,60,1,24.09
600032,1买,2024-09-18,60,1,40.18
600032,2买,2025-01-13,60,4,37.37
600032,1买,2025-06-23,60,2,9.52
600033,3买,2023-08-31,60,2,13.55
600033,1买,2024-02-06,60,1,20.55
600033,2买,2024-04-24,60,5,15.6
600033,1买,2025-10-09,60,6,50.0
600033,2买,2026-03-24,44,1,12.72
600035,1买,2023-10-23,60,2,13.69
600035,2买,2023-12-29,60,1,18.47
600035,3买,2023-12-29,60,1,18.47
600035,1买,2024-01-23,60,1,31.84
600035,2买,2024-06-18,60,1,8.89
600035,1买,2025-12-17,60,22,6.02
600036,1买,2022-10-31,60,1,62.09
600036,2买,2023-04-13,60,1,9.32
600036,1买,2023-07-19,60,4,15.29
600036,2买,2024-11-26,60,7,18.53
600036,1买,2026-01-26,60,4,8.17
600037,1买,2023-10-24,60,1,19.32
600038,1买,2023-06-08,60,1,15.2
600038,2买,2024-04-12,60,1,22.8
600038,1买,2024-09-23,60,1,33.06
600038,2买,2025-01-22,60,6,8.77
600038,1买,2025-04-30,60,2,13.14
600048,1买,2023-03-28,60,3,10.2
600048,1买,2024-04-16,60,1,53.62
600048,2买,2025-02-24,60,2,14.22
600048,1买,2025-04-07,60,1,21.04
600048,2买,2025-06-23,60,4,9.9
600048,1买,2026-04-07,35,1,25.41
600050,1买,2024-01-23,60,1,28.21
600050,3买,2024-01-23,60,1,28.21
600050,2买,2024-04-12,60,1,9.78
600050,1买,2024-06-13,60,2,10.98
600050,2买,2024-09-19,60,3,39.95
600051,1买,2023-10-23,60,1,14.33
600051,2买,2023-12-27,60,3,8.44
600051,1买,2025-04-09,60,1,62.43
600051,2买,2025-06-23,60,1,19.0
600052,1买,2023-04-27,60,1,17.84
600052,1买,2024-09-04,60,1,62.84
600052,2买,2024-11-19,60,1,19.0
600052,2买,2024-11-19,60,1,19.0
600052,3买,2026-02-03,60,5,9.13
600053,1买,2025-10-13,60,1,37.38
600054,1买,2023-12-27,60,1,21.31
600055,1买,2022-09-26,60,1,21.6
600055,2买,2022-12-28,60,4,29.15
600055,1买,2024-02-05,60,1,47.11
600055,2买,2024-07-25,60,1,44.1
600055,1买,2025-09-05,60,1,12.58
600055,3买,2025-09-05,60,1,12.58
600055,1买,2026-03-24,44,1,12.06
600056,1买,2022-10-11,60,1,98.67
600056,2买,2023-02-09,60,5,12.76
600056,1买,2023-04-20,60,1,17.42
600056,1买,2023-06-29,60,19,11.46
600056,1买,2023-09-22,60,8,6.32
600056,1买,2023-10-24,60,3,12.3
600056,1买,2024-09-18,60,1,46.57
600056,2买,2025-01-13,60,1,8.33
600056,1买,2025-04-09,60,1,11.74
600056,2买,2025-06-20,60,11,15.98
600057,1买,2025-04-08,60,1,32.42
600057,2买,2026-02-03,60,1,17.73
600057,3买,2026-02-03,60,1,17.73
600058,1买,2022-08-03,60,2,14.22
600058,2买,2023-03-17,60,6,18.48
600058,1买,2023-08-25,60,1,8.22
600058,1买,2025-04-09,60,1,27.97
600058,2买,2025-11-24,60,5,98.09
600058,2买,2026-03-23,45,1,14.73
600058,1买,2026-05-22,5,1,5.19
600059,1买,2022-10-12,60,1,25.06
600059,2买,2022-12-29,60,1,19.36
600059,1买,2024-09-18,60,1,36.61
600059,2买,2025-01-13,60,1,12.45
600059,1买,2025-12-05,60,14,21.0
600059,3买,2025-12-05,60,14,21.0
600061,1买,2024-02-05,60,1,18.75
600061,2买,2025-04-08,60,1,21.25
600061,3买,2025-11-24,60,10,10.33
600061,1买,2026-04-07,35,3,5.37
600061,3买,2026-04-07,35,3,5.37
600062,1买,2023-03-27,60,5,32.03
600062,1买,2023-10-24,60,1,35.14
600062,2买,2024-02-05,60,1,51.38
600062,2买,2024-04-12,60,1,27.47
600062,1买,2025-12-17,60,17,5.07
600063,1买,2022-12-26,60,1,29.98
600063,1买,2024-04-24,60,1,19.73
600063,2买,2024-11-15,60,2,16.67
600063,3买,2025-11-25,60,1,33.39
600064,1买,2022-11-01,60,3,23.09
600064,2买,2023-03-31,60,5,13.5
600064,1买,2023-10-24,60,4,8.49
600064,1买,2024-01-23,60,1,16.46
600064,2买,2024-04-30,60,1,15.25
600064,2买,2024-04-30,60,1,15.25
600064,3买,2025-09-23,60,1,23.95
600064,3买,2025-09-23,60,1,23.95
600066,1买,2022-10-12,60,2,17.39
600066,2买,2022-12-23,60,1,47.34
600066,1买,2023-11-13,60,2,30.66
600066,3买,2023-11-13,60,2,30.66
600066,2买,2024-06-12,60,1,12.83
600066,1买,2024-08-08,60,1,45.9
600066,3买,2024-08-08,60,1,45.9
600066,2买,2024-11-28,60,1,38.31
600066,1买,2025-04-09,60,1,18.51
600066,2买,2025-06-10,60,2,24.08
600067,1买,2023-10-23,60,1,16.8
600067,1买,2023-12-28,60,1,10.42
600067,1买,2025-04-09,60,1,54.82
600067,2买,2025-09-05,60,1,83.27
600067,2买,2025-09-05,60,1,83.27
600067,2买,2025-09-05,60,1,83.27
600067,3买,2025-09-05,60,1,83.27
600067,3买,2026-03-23,45,1,14.44
600071,1买,2022-10-11,60,1,54.14
600071,2买,2022-12-23,60,1,27.14
600071,1买,2023-05-05,60,2,20.05
600071,2买,2025-01-03,60,1,28.53
600071,1买,2025-04-09,60,1,37.77
600071,2买,2025-09-05,60,1,24.5
600072,3买,2023-12-11,60,1,21.14
600072,1买,2024-02-06,60,1,34.2
600072,1买,2025-01-13,60,1,25.28
600072,1买,2025-04-08,60,1,22.96
600072,2买,2025-10-13,60,1,9.0
600073,1买,2023-10-24,60,1,8.37
600073,1买,2024-02-06,60,1,24.95
600073,2买,2024-04-17,60,1,13.22
600073,2买,2025-09-24,60,1,10.85
600075,1买,2022-11-01,60,1,16.37
600075,2买,2022-12-26,60,6,11.82
600075,1买,2025-04-08,60,1,10.13
600075,2买,2025-06-23,60,9,22.6
600076,1买,2023-10-23,60,1,22.92
600076,1买,2024-06-25,60,1,70.97
600076,2买,2025-01-13,60,1,50.55
600076,1买,2025-04-09,60,1,52.98
600076,2买,2025-06-23,60,1,46.08
600076,3买,2025-08-04,60,1,37.83
600076,2买,2026-03-23,45,1,49.84
600078,1买,2022-12-29,60,1,21.51
600078,1买,2023-10-24,60,1,35.39
600078,1买,2024-02-08,60,1,69.69
600078,2买,2025-03-07,60,2,13.79
600078,1买,2025-04-09,60,1,32.96
600078,2买,2025-12-19,60,1,56.22
600078,2买,2025-12-19,60,1,56.22
600078,3买,2025-12-19,60,1,56.22
600079,3买,2023-08-08,60,1,19.49
600079,1买,2024-07-04,60,1,35.4
600079,2买,2025-02-26,60,1,14.71
600079,1买,2025-10-21,60,4,6.2
600079,1买,2025-12-17,60,1,21.22
600079,2买,2026-01-27,60,3,12.92
600079,1买,2026-03-24,44,4,7.8
600080,1买,2022-09-27,60,1,57.16
600080,2买,2022-12-30,60,1,13.78
600080,1买,2023-04-26,60,1,12.97
600080,1买,2023-06-26,60,5,13.04
600080,1买,2024-09-18,60,1,53.05
600080,2买,2025-04-09,60,1,22.63
600080,2买,2025-12-31,60,1,26.36
600080,2买,2025-12-31,60,1,26.36
600081,1买,2024-09-18,60,1,63.71
600081,2买,2025-01-06,60,1,75.61
600081,3买,2025-04-09,60,1,46.38
600081,3买,2025-06-23,60,1,23.51
600082,1买,2023-04-26,60,1,26.74
600082,2买,2023-06-27,60,1,34.9
600082,1买,2024-01-23,60,1,24.25
600082,1买,2025-04-09,60,1,110.13
600082,2买,2025-12-17,60,1,18.28
600082,2买,2025-12-17,60,1,18.28
600085,1买,2022-09-23,60,1,36.58
600085,2买,2022-12-23,60,1,20.14
600085,1买,2023-10-20,60,2,15.98
600085,1买,2025-02-26,60,12,6.57
600088,3买,2023-10-23,60,1,50.04
600088,3买,2025-01-17,60,1,17.86
600088,1买,2025-03-25,60,1,10.65
600088,1买,2025-06-23,60,3,25.49
600088,2买,2025-10-20,60,2,21.78
600088,2买,2025-10-20,60,2,21.78
600089,1买,2023-09-08,60,13,5.06
600089,1买,2023-10-24,60,1,7.62
600089,1买,2025-04-08,60,1,14.29
600089,2买,2025-06-23,60,4,36.02
600089,2买,2026-04-07,35,1,17.64
600089,2买,2026-04-07,35,1,17.64
600094,1买,2023-10-23,60,1,12.16
600094,1买,2024-01-23,60,1,55.27
600094,1买,2024-02-06,60,1,99.56
600094,2买,2024-07-26,60,1,54.13
600094,2买,2024-07-26,60,1,54.13
600094,2买,2024-07-26,60,1,54.13
600094,1买,2024-09-11,60,1,55.67
600094,2买,2024-10-31,60,1,15.86
600094,1买,2025-06-23,60,2,33.44
600094,2买,2025-09-05,60,1,85.0
600094,1买,2026-03-24,44,1,36.29
600095,1买,2022-10-11,60,3,63.68
600095,2买,2023-01-03,60,1,53.73
600095,3买,2025-08-04,60,1,39.96
600095,3买,2025-12-04,60,1,12.9
600095,1买,2026-04-07,35,1,7.51
600096,1买,2023-06-26,60,1,19.19
600096,2买,2024-09-20,60,1,36.61
600096,1买,2025-02-26,60,3,18.01
600096,3买,2025-02-26,60,3,18.01
600096,2买,2025-06-03,60,2,31.65
600096,3买,2025-12-16,60,1,59.51
600097,1买,2023-10-23,60,2,40.07
600097,2买,2024-01-23,60,1,36.01
600097,1买,2024-09-09,60,1,51.83
600097,2买,2025-01-13,60,1,47.6
600097,1买,2025-04-08,60,1,37.23
600097,3买,2025-04-08,60,1,37.23
600097,2买,2025-06-23,60,1,31.76
600097,3买,2025-09-05,60,1,43.69
600097,1买,2025-09-24,60,1,46.64
600098,1买,2024-01-23,60,1,42.51
600098,1买,2024-02-05,60,1,45.42
600098,2买,2024-06-27,60,1,12.56
600098,2买,2024-06-27,60,1,12.56
600099,1买,2023-04-25,60,2,23.85
600099,2买,2023-10-23,60,1,59.86
600099,1买,2025-04-09,60,1,47.44
600099,2买,2025-09-23,60,1,14.58
600099,1买,2025-12-17,60,1,22.15
600099,1买,2026-03-23,45,1,23.57
600099,2买,2026-05-18,9,1,4.98
600100,1买,2024-02-06,60,1,55.37
600100,3买,2024-02-06,60,1,55.37
600100,1买,2024-07-09,60,1,53.44
600100,2买,2024-08-22,60,1,94.52
600100,2买,2025-01-13,60,1,66.99
600101,3买,2025-08-15,60,5,9.36
600103,1买,2024-02-07,60,1,23.33
600103,2买,2025-04-09,60,1,18.75
600103,1买,2025-11-24,60,1,41.27
600104,1买,2022-10-31,60,2,13.19
600104,2买,2023-01-04,60,8,8.67
600104,1买,2023-03-14,60,13,5.13
600104,2买,2023-10-24,60,2,8.85
600104,1买,2025-04-08,60,1,25.72
600104,2买,2025-06-04,60,3,37.9
600104,1买,2026-03-04,58,5,8.01
600105,3买,2025-01-06,60,1,70.48
600106,1买,2023-06-02,60,3,16.9
600106,2买,2023-08-31,60,11,45.26
600106,1买,2025-04-09,60,1,48.67
600106,2买,2025-09-29,60,1,21.87
600106,1买,2025-11-24,60,4,16.04
600108,1买,2022-10-31,60,1,11.82
600108,2买,2023-01-12,60,6,9.93
600108,1买,2023-06-29,60,6,12.79
600108,1买,2024-09-18,60,1,48.23
600108,2买,2025-01-13,60,1,33.33
600108,1买,2025-09-29,60,3,17.77
600108,3买,2025-09-29,60,3,17.77
600108,2买,2025-12-18,60,1,141.41
600109,1买,2023-06-27,60,4,36.9
600109,2买,2023-10-23,60,2,15.11
600109,1买,2024-02-05,60,1,23.09
600109,2买,2025-01-13,60,1,14.97
600109,1买,2026-03-24,44,12,13.76
600110,1买,2023-01-03,60,1,13.2
600110,1买,2023-06-12,60,1,17.42
600110,1买,2024-07-25,60,1,45.49
600110,1买,2024-09-18,60,1,104.91
600110,2买,2025-01-06,60,1,23.5
600110,2买,2025-01-06,60,1,23.5
600110,1买,2025-04-30,60,1,161.25
600110,2买,2025-10-20,60,1,44.14
600110,3买,2025-10-20,60,1,44.14
600110,3买,2025-10-20,60,1,44.14
600111,1买,2023-05-30,60,2,15.3
600111,2买,2025-09-24,60,1,36.94
600111,3买,2025-09-24,60,1,36.94
600111,1买,2025-12-16,60,2,46.07
600113,1买,2023-10-23,60,1,40.72
600113,2买,2024-07-10,60,1,40.08
600113,1买,2024-08-28,60,2,103.61
600113,2买,2025-01-13,60,1,23.89
600113,3买,2025-03-04,60,1,19.23
600113,3买,2025-11-07,60,1,57.51
600114,1买,2023-12-08,60,1,24.44
600114,3买,2023-12-08,60,1,24.44
600114,2买,2024-04-22,60,1,20.33
600114,1买,2024-07-05,60,1,39.56
600114,2买,2024-09-24,60,1,51.96
600115,1买,2023-09-08,60,2,8.51
600115,1买,2024-04-16,60,2,21.01
600115,2买,2024-07-10,60,1,20.7
600115,2买,2026-01-29,60,2,21.89
600116,1买,2024-09-18,60,1,31.65
600116,2买,2025-01-13,60,10,6.41
600116,1买,2025-12-15,60,4,12.91
600117,1买,2023-12-20,60,1,21.3
600117,1买,2025-04-09,60,1,28.13
600117,2买,2025-12-17,60,2,12.92
600118,1买,2023-08-25,60,1,19.79
600118,3买,2023-08-25,60,1,19.79
600118,2买,2025-01-08,60,1,16.59
600118,1买,2025-04-08,60,1,24.34
600118,2买,2026-04-07,35,1,60.06
600119,1买,2022-10-11,60,2,47.64
600119,2买,2023-04-26,60,1,17.25
600119,1买,2023-06-27,60,2,17.38
600119,2买,2023-10-23,60,1,69.23
600119,3买,2025-12-31,60,6,14.03
600119,1买,2026-03-23,44,1,21.9
600120,1买,2024-02-06,60,1,35.64
600120,2买,2024-04-17,60,1,15.13
600120,3买,2025-04-09,60,1,28.88
600120,3买,2025-12-18,60,2,30.95
600121,1买,2023-12-27,60,1,20.0
600121,1买,2024-09-09,60,6,84.85
600121,2买,2025-03-06,60,1,17.58
600121,1买,2025-04-09,60,1,24.85
600121,3买,2025-04-09,60,1,24.85
600121,2买,2025-08-20,60,4,50.5
600121,2买,2025-08-20,60,4,50.5
600121,3买,2025-08-20,60,4,50.5
600121,1买,2025-09-04,60,6,54.71
600123,1买,2024-09-18,60,1,47.05
600123,2买,2024-10-31,60,3,12.73
600123,1买,2025-06-24,60,6,16.9
600125,1买,2024-02-05,60,1,41.04
600125,2买,2024-07-19,60,1,21.59
600125,1买,2024-09-18,60,1,36.04
600125,2买,2025-04-08,60,1,18.1
600126,1买,2023-10-24,60,1,57.62
600126,1买,2024-08-28,60,2,44.44
600126,2买,2024-11-27,60,1,279.38
600126,2买,2024-11-27,60,1,279.38
600126,3买,2025-06-23,60,1,37.01
600126,3买,2025-06-23,60,1,37.01
600126,3买,2025-10-23,60,1,11.93
600126,1买,2025-12-17,60,3,30.46
600127,1买,2022-11-28,60,1,12.19
600127,1买,2023-01-12,60,8,8.67
600127,1买,2023-04-19,60,2,5.37
600127,1买,2023-05-29,60,2,44.3
600127,2买,2023-10-13,60,1,10.87
600127,1买,2024-02-06,60,1,47.06
600127,2买,2024-03-26,60,1,15.31
600127,1买,2025-09-30,60,3,11.72
600127,1买,2025-12-18,60,1,18.9
600127,2买,2026-02-13,60,5,18.18
600128,1买,2024-07-10,60,1,50.34
600128,2买,2025-01-08,60,1,89.61
600128,3买,2025-03-25,60,1,22.39
600128,3买,2025-03-25,60,1,22.39
600128,1买,2025-04-09,60,1,44.73
600128,2买,2025-09-24,60,1,15.54
600129,1买,2023-10-23,60,1,46.35
600129,3买,2023-10-23,60,1,46.35
600129,1买,2025-02-05,60,2,22.51
600129,2买,2025-03-31,60,1,13.82
600131,3买,2023-04-27,60,1,21.78
600131,1买,2024-02-05,60,1,60.28
600131,2买,2024-04-26,60,1,28.82
600131,1买,2024-07-19,60,1,45.04
600131,2买,2025-01-09,60,1,25.92
600131,3买,2025-01-09,60,1,25.92
600131,1买,2025-04-08,60,1,12.7
600131,1买,2025-09-23,60,2,15.71
600131,2买,2026-04-07,35,1,9.48
600131,2买,2026-04-07,35,1,9.48
600132,1买,2022-10-31,60,1,57.07
600132,2买,2023-02-01,60,1,19.29
600132,1买,2025-06-23,60,21,6.0
600133,3买,2024-06-06,60,1,26.41
600133,1买,2024-08-29,60,1,104.73
600137,3买,2023-10-23,60,1,27.36
600137,1买,2025-04-09,60,1,120.42
600137,2买,2025-06-23,60,1,25.29
600137,3买,2025-09-23,60,1,25.01
600137,1买,2026-01-08,60,2,27.35
600138,1买,2023-10-24,60,1,10.58
600138,2买,2023-12-27,60,1,14.79
600138,1买,2024-01-23,60,1,25.0
600138,1买,2024-09-18,60,3,38.13
600141,1买,2025-04-09,60,1,14.09
600141,2买,2025-06-23,60,4,47.62
600141,3买,2025-06-23,60,4,47.62
600141,3买,2025-10-23,60,1,67.2
600143,3买,2025-12-17,60,1,28.71
600148,1买,2022-09-28,60,1,24.01
600148,2买,2022-12-26,60,8,17.41
600148,3买,2025-01-06,60,1,33.33
600148,1买,2025-04-09,60,1,59.17
600148,3买,2025-04-09,60,1,59.17
600148,2买,2025-06-23,60,1,41.56
600148,1买,2025-12-17,60,1,15.87
600149,1买,2023-06-26,60,1,33.74
600149,2买,2023-10-24,60,1,46.09
600149,1买,2025-04-09,60,1,94.87
600149,2买,2025-09-23,60,1,27.16
600149,1买,2025-12-17,60,1,56.97
600149,3买,2025-12-17,60,1,56.97
600150,3买,2022-12-23,60,2,29.78
600151,1买,2023-06-09,60,1,24.47
600151,1买,2024-02-06,60,1,50.77
600151,2买,2024-07-09,60,1,98.0
600151,1买,2025-04-09,60,1,34.1
600151,2买,2025-10-20,60,1,204.41
600151,2买,2025-10-20,60,1,204.41
600152,1买,2023-10-24,60,1,46.2
600152,1买,2025-04-09,60,1,81.96
600152,2买,2025-08-15,60,2,34.95
600152,1买,2025-10-20,60,1,40.75
600152,3买,2025-10-20,60,1,40.75
600153,1买,2024-01-23,60,1,17.36
600153,2买,2024-04-15,60,1,22.2
600155,1买,2023-01-03,60,2,22.48
600155,2买,2023-02-27,60,4,11.6
600155,1买,2023-03-31,60,1,9.97
600156,1买,2025-04-09,60,1,113.05
600156,2买,2025-10-13,60,1,30.64
600156,1买,2025-12-17,60,1,16.07
600157,1买,2024-02-05,60,1,15.57
600157,2买,2025-04-09,60,1,15.2
600158,1买,2024-01-23,60,1,26.8
600158,1买,2024-02-06,60,1,50.72
600158,2买,2024-04-16,60,1,20.43
600159,1买,2022-10-31,60,2,55.14
600159,2买,2023-10-19,60,1,94.49
600159,1买,2024-08-29,60,1,63.4
600159,2买,2025-01-06,60,1,17.81
600159,1买,2025-04-09,60,1,44.72
600159,2买,2025-09-05,60,1,41.2
600160,3买,2025-02-21,60,1,20.59
600160,3买,2025-11-05,60,1,28.95
600161,1买,2022-10-12,60,1,29.59
600161,2买,2023-06-09,60,1,10.1
600161,1买,2023-08-24,60,2,34.26
600161,3买,2023-08-24,60,2,34.26
600161,2买,2024-02-05,60,1,28.39
600161,1买,2025-01-13,60,6,25.05
600161,2买,2025-05-26,60,8,16.89
600162,1买,2022-10-31,60,1,29.09
600162,2买,2023-01-13,60,3,15.91
600162,1买,2024-01-23,60,1,19.11
600162,1买,2024-02-07,60,1,34.37
600162,1买,2024-08-29,60,1,92.91
600162,2买,2025-04-09,60,1,23.65
600162,2买,2025-04-09,60,1,23.65
600162,2买,2025-08-04,60,6,92.12
600166,1买,2025-04-09,60,1,28.38
600166,2买,2025-06-23,60,1,18.8
600167,1买,2022-10-31,60,1,14.26
600167,2买,2023-07-07,60,1,8.89
600167,1买,2023-10-24,60,1,11.78
600167,1买,2024-02-05,60,1,38.69
600167,2买,2024-03-28,60,2,17.27
600167,1买,2024-09-11,60,4,33.13
600167,2买,2025-01-13,60,3,24.52
600167,2买,2025-08-01,60,1,77.48
600167,3买,2026-03-23,45,1,18.52
600170,1买,2022-10-13,60,2,14.4
600170,2买,2022-12-26,60,6,12.65
600170,1买,2025-04-09,60,1,14.47
600170,2买,2025-08-20,60,3,62.34
600170,1买,2025-09-05,60,5,63.71
600170,2买,2025-12-17,60,2,26.36
600171,1买,2022-10-11,60,1,24.85
600171,2买,2023-01-03,60,1,31.66
600171,1买,2023-06-12,60,1,13.78
600171,1买,2024-01-23,60,1,31.74
600171,1买,2024-02-06,60,1,40.77
600171,2买,2024-04-17,60,1,95.16
600171,2买,2024-08-29,60,1,183.37
600171,2买,2024-08-29,60,1,183.37
600171,3买,2024-08-29,60,1,183.37
600171,3买,2025-04-09,60,1,45.84
600172,1买,2023-08-25,60,1,38.64
600172,1买,2023-10-24,60,1,46.55
600172,1买,2024-07-10,60,1,52.75
600172,2买,2025-02-05,60,1,29.82
600172,2买,2025-02-05,60,1,29.82
600172,2买,2025-02-05,60,1,29.82
600172,1买,2025-04-09,60,1,48.3
600172,2买,2025-09-05,60,1,91.22
600172,3买,2025-09-05,60,1,91.22
600172,3买,2025-09-05,60,1,91.22
600173,1买,2022-10-31,60,2,28.19
600173,2买,2023-01-03,60,1,12.65
600173,1买,2023-04-25,60,3,15.96
600173,1买,2023-05-26,60,5,22.97
600173,1买,2024-08-28,60,2,45.16
600173,2买,2025-01-03,60,1,98.94
600173,2买,2025-06-23,60,1,67.82
600173,2买,2025-06-23,60,1,67.82
600173,3买,2025-09-02,60,1,81.5
600176,1买,2024-09-18,60,1,47.05
600176,2买,2025-01-24,60,1,23.83
600177,1买,2024-09-20,60,2,54.42
600177,2买,2025-02-07,60,2,5.95
600178,1买,2024-08-29,60,1,137.22
600178,3买,2024-08-29,60,1,137.22
600178,2买,2025-01-07,60,1,46.11
600178,1买,2025-04-09,60,1,77.82
600178,2买,2025-06-20,60,1,35.48
600178,1买,2025-12-15,60,1,18.88
600179,1买,2023-10-24,60,1,14.46
600179,1买,2024-02-05,60,1,27.08
600179,2买,2024-09-11,60,4,67.48
600179,2买,2025-01-13,60,2,24.22
600179,1买,2025-02-21,60,1,26.77
600179,2买,2025-06-20,60,1,40.67
600179,3买,2026-02-06,60,1,11.72
600179,1买,2026-03-23,45,1,12.56
600180,1买,2022-11-01,60,1,24.23
600180,2买,2023-04-11,60,1,30.63
600180,1买,2023-08-25,60,1,13.81
600180,1买,2024-09-18,60,1,55.03
600180,2买,2025-01-13,60,1,56.59
600180,1买,2025-04-07,60,1,56.59
600180,2买,2025-06-23,60,1,13.48
600180,3买,2025-06-23,60,1,13.48
600180,1买,2025-10-09,60,1,16.55
600182,1买,2024-09-23,60,1,63.52
600182,2买,2025-01-13,60,1,14.77
600182,1买,2025-04-09,60,1,27.94
600182,2买,2025-09-04,60,3,10.48
600183,1买,2023-08-25,60,1,30.85
600183,2买,2023-12-07,60,2,15.59
600183,3买,2025-04-09,60,1,55.38
600184,1买,2023-04-26,60,1,15.46
600184,2买,2023-08-17,60,1,10.52
600184,1买,2025-01-06,60,1,61.8
600184,2买,2025-04-09,60,1,63.95
600184,3买,2025-04-09,60,1,63.95
600184,3买,2025-09-29,60,1,35.57
600185,1买,2024-02-06,60,1,38.81
600185,1买,2024-06-25,60,1,34.62
600185,2买,2025-02-25,60,1,28.88
600185,2买,2025-02-25,60,1,28.88
600185,1买,2025-04-08,60,1,30.56
600185,2买,2025-06-19,60,1,12.15
600185,1买,2025-09-04,60,1,40.36
600185,2买,2025-12-05,60,1,26.99
600186,1买,2024-09-18,60,1,114.04
600186,3买,2024-09-18,60,1,114.04
600186,2买,2024-12-26,60,1,77.11
600186,1买,2025-01-13,60,1,93.85
600186,2买,2025-06-23,60,1,20.07
600186,1买,2025-12-15,60,1,35.17
600186,2买,2026-03-04,58,1,147.74
600187,1买,2022-12-23,60,1,70.18
600187,2买,2023-04-27,60,1,29.24
600187,3买,2023-10-24,60,1,12.25
600187,3买,2025-04-09,60,1,56.03
600188,1买,2023-03-21,60,1,19.93
600188,1买,2023-06-01,60,2,27.07
600188,1买,2024-04-29,60,1,18.02
600188,3买,2024-04-29,60,1,18.02
600188,1买,2025-04-09,60,1,11.34
600189,1买,2024-07-09,60,1,60.17
600189,2买,2024-08-28,60,1,51.17
600189,1买,2025-04-09,60,1,41.5
600189,2买,2025-10-20,60,10,12.89
600189,1买,2025-12-31,60,4,33.67
600189,2买,2026-03-24,44,1,26.93
600191,1买,2024-04-17,60,1,29.36
600191,2买,2024-08-23,60,2,45.03
600191,3买,2025-04-08,60,1,26.13
600192,3买,2025-04-09,60,1,144.03
600192,1买,2025-12-05,60,1,37.19
600192,3买,2025-12-05,60,1,37.19
600192,2买,2026-03-04,58,1,11.52
600195,1买,2023-10-24,60,3,20.63
600196,1买,2023-08-24,60,2,7.59
600197,1买,2024-09-18,60,1,55.25
600197,2买,2025-01-13,60,1,7.32
600197,1买,2025-04-08,60,1,7.63
600197,2买,2025-06-16,60,10,19.94
600198,1买,2022-10-11,60,1,25.95
600198,2买,2022-12-29,60,2,38.32
600198,1买,2023-08-25,60,1,44.02
600198,2买,2024-11-27,60,1,42.61
600198,1买,2025-01-13,60,1,37.5
600198,1买,2025-04-09,60,1,47.16
600198,2买,2025-06-23,60,1,24.17
600198,2买,2025-06-23,60,1,24.17
600199,1买,2024-07-09,60,1,43.57
600199,1买,2024-09-18,60,1,64.08
600199,2买,2025-02-05,60,2,14.21
600199,1买,2025-04-29,60,1,18.72
600199,2买,2025-07-08,60,1,12.55
600199,1买,2025-08-04,60,11,13.53
600199,1买,2025-12-05,60,3,17.34
600201,1买,2022-09-26,60,1,27.64
600201,2买,2023-06-26,60,4,15.09
600201,1买,2023-10-24,60,3,32.1
600201,1买,2024-09-18,60,1,44.84
600201,2买,2024-11-27,60,1,25.04
600201,1买,2025-01-13,60,2,23.25
600201,2买,2025-09-05,60,1,84.23
600201,2买,2026-03-24,44,1,18.8
600201,3买,2026-03-24,44,1,18.8
600202,1买,2022-08-08,60,1,30.21
600202,2买,2023-03-14,60,1,19.66
600202,3买,2025-12-17,60,1,19.86
600203,1买,2023-08-25,60,1,75.18
600203,2买,2024-04-25,60,1,41.38
600203,1买,2024-07-26,60,1,111.21
600203,2买,2025-01-13,60,1,69.71
600203,1买,2025-04-09,60,1,49.57
600203,3买,2025-04-09,60,1,49.57
600203,2买,2025-06-23,60,1,122.78
600206,1买,2023-10-24,60,1,24.17
600206,2买,2025-04-09,60,1,52.21
600206,3买,2025-06-03,60,1,28.82
600207,1买,2023-10-24,60,1,19.91
600207,1买,2025-04-09,60,1,62.35
600207,2买,2025-09-29,60,2,24.11
600207,2买,2025-09-29,60,2,24.11
600207,1买,2026-02-02,60,2,66.67
600207,2买,2026-04-16,28,1,57.93
600208,1买,2023-10-24,60,1,8.33
600208,1买,2024-02-05,60,1,22.87
600208,2买,2024-04-17,60,1,18.18
600208,2买,2025-01-13,60,1,22.91
600208,3买,2025-03-13,60,1,18.6
600210,1买,2023-08-25,60,1,13.5
600210,2买,2025-01-13,60,1,27.89
600210,3买,2025-02-26,60,1,23.02
600211,3买,2023-10-23,60,1,25.11
600211,1买,2024-02-05,60,1,38.41
600211,2买,2024-03-29,60,1,11.73
600211,3买,2026-03-06,56,2,8.94
600212,1买,2023-10-24,60,1,23.57
600212,2买,2025-01-13,60,1,56.17
600212,1买,2025-11-24,60,1,17.39
600215,3买,2023-12-27,60,1,26.5
600215,1买,2024-02-06,60,1,78.02
600215,2买,2025-01-07,60,1,73.62
600216,1买,2023-08-23,60,1,12.25
600216,2买,2024-08-30,60,1,42.12
600216,3买,2024-08-30,60,1,42.12
600216,3买,2025-02-19,60,3,8.71
600216,1买,2025-04-09,60,1,40.86
600216,2买,2025-09-23,60,2,9.01
600217,1买,2023-12-27,60,3,20.37
600217,2买,2025-02-12,60,3,18.2
600217,1买,2025-04-09,60,1,10.93
600218,1买,2024-08-23,60,1,38.47
600218,2买,2025-01-06,60,1,47.56
600219,1买,2024-09-19,60,1,40.23
600219,2买,2024-12-23,60,7,10.16
600219,1买,2025-04-09,60,1,24.53
600219,2买,2025-09-26,60,1,44.95
600219,3买,2025-09-26,60,1,44.95
600221,1买,2023-06-30,60,1,8.92
600221,1买,2024-01-23,60,1,15.91
600222,1买,2023-03-30,60,2,9.84
600222,1买,2023-04-26,60,1,13.22
600222,1买,2023-08-25,60,1,65.24
600222,2买,2024-11-19,60,1,16.93
600222,1买,2025-04-09,60,1,37.25
600222,2买,2025-08-08,60,1,20.79
600222,2买,2025-08-08,60,1,20.79
600222,2买,2025-08-08,60,1,20.79
600223,3买,2023-04-26,60,1,16.8
600223,1买,2023-06-01,60,2,15.38
600223,1买,2023-07-18,60,2,16.1
600223,1买,2024-09-18,60,1,48.08
600223,2买,2024-11-04,60,1,38.81
600223,1买,2025-01-13,60,1,30.03
600226,1买,2024-07-09,60,2,32.28
600226,1买,2024-09-11,60,8,60.99
600226,2买,2025-04-09,60,1,26.78
600226,2买,2025-04-09,60,1,26.78
600226,3买,2025-06-23,60,2,52.87
600227,1买,2025-04-09,60,1,71.35
600227,2买,2025-07-16,60,2,17.83
600227,3买,2025-07-16,60,2,17.83
600227,1买,2025-09-29,60,2,37.17
600227,2买,2026-01-05,60,1,127.85
600229,1买,2023-10-23,60,1,46.61
600229,2买,2023-11-30,60,1,26.4
600229,3买,2023-11-30,60,1,26.4
600229,1买,2024-07-25,60,2,39.27
600229,2买,2024-08-29,60,1,37.66
600229,1买,2025-04-09,60,1,31.19
600229,2买,2025-08-15,60,1,10.63
600229,3买,2025-08-15,60,1,10.63
600230,1买,2022-12-26,60,1,31.23
600230,2买,2023-04-11,60,4,8.63
600230,1买,2023-05-31,60,2,17.39
600230,1买,2024-02-07,60,1,47.69
600230,2买,2024-04-17,60,1,30.75
600230,1买,2025-04-09,60,1,25.03
600230,2买,2025-09-23,60,2,20.19
600230,3买,2025-11-24,60,4,100.84
600231,1买,2022-11-01,60,4,15.27
600231,2买,2023-01-13,60,6,20.28
600231,1买,2024-02-07,60,1,25.16
600231,2买,2025-01-13,60,1,22.01
600231,1买,2025-04-09,60,1,41.1
600231,2买,2025-09-05,60,1,35.9
600231,3买,2025-12-17,60,2,29.7
600232,1买,2025-04-09,60,1,108.64
600232,2买,2025-09-24,60,1,33.17
600233,1买,2025-03-13,60,1,12.13
600233,2买,2025-11-18,60,1,15.9
600233,3买,2025-12-30,60,7,29.95
600234,1买,2022-12-30,60,1,15.45
600234,2买,2023-12-11,60,1,41.79
600234,3买,2025-09-05,60,1,64.46
600234,1买,2025-12-12,60,1,44.93
600234,3买,2025-12-12,60,1,44.93
600235,1买,2025-04-09,60,1,34.02
600235,2买,2025-06-23,60,1,23.33
600235,1买,2025-09-23,60,1,22.06
600235,3买,2025-09-23,60,1,22.06
600235,1买,2026-03-24,44,1,21.5
600236,1买,2022-12-23,60,3,7.34
600236,1买,2023-04-26,60,1,11.32
600236,1买,2023-10-25,60,2,12.74
600236,2买,2023-11-29,60,11,7.57
600236,2买,2023-11-29,60,11,7.57
600236,2买,2023-11-29,60,11,7.57
600236,1买,2024-11-27,60,3,18.15
600236,3买,2024-11-27,60,3,18.15
600236,2买,2025-03-04,60,11,8.01
600236,1买,2025-04-09,60,1,18.47
600237,1买,2023-10-26,60,1,32.09
600237,2买,2025-10-13,60,1,39.83
600237,3买,2025-10-13,60,1,39.83
600237,3买,2025-10-13,60,1,39.83
600237,3买,2026-05-18,9,1,27.7
600239,3买,2025-01-06,60,1,25.21
600239,1买,2025-04-09,60,1,39.3
600241,1买,2024-08-23,60,1,75.1
600241,2买,2024-12-25,60,1,25.99
600241,1买,2025-04-09,60,1,120.34
600241,2买,2025-08-29,60,1,33.84
600246,1买,2023-02-21,60,1,35.57
600246,2买,2024-04-25,60,1,56.72
600246,1买,2024-09-10,60,1,160.52
600246,1买,2025-04-09,60,1,54.86
600246,2买,2025-06-24,60,1,159.66
600246,2买,2025-06-24,60,1,159.66
600248,1买,2022-10-11,60,1,19.11
600248,2买,2022-12-26,60,1,16.91
600248,1买,2024-01-23,60,1,21.59
600248,1买,2024-02-05,60,1,24.78
600248,2买,2025-01-13,60,3,8.56
600248,2买,2025-01-13,60,3,8.56
600248,1买,2025-06-23,60,8,12.9
600249,1买,2023-04-25,60,2,23.86
600249,2买,2023-06-12,60,2,15.51
600249,1买,2025-04-09,60,1,80.14
600249,2买,2025-06-23,60,1,28.36
600249,3买,2026-01-05,60,5,34.55
600250,1买,2024-06-24,60,1,47.36
600250,3买,2024-06-24,60,1,47.36
600250,2买,2024-08-23,60,1,78.9
600250,1买,2025-04-09,60,1,105.48
600250,2买,2025-08-04,60,7,21.91
600250,1买,2025-10-13,60,1,59.84
600250,3买,2025-10-13,60,1,59.84
600250,1买,2025-12-05,60,1,62.26
600250,2买,2026-03-04,58,1,38.42
600251,1买,2024-09-18,60,1,39.16
600251,2买,2025-01-13,60,1,14.43
600251,3买,2025-12-16,60,3,45.55
600252,1买,2023-06-13,60,29,10.0
600252,2买,2025-06-23,60,6,30.77
600252,3买,2025-09-05,60,5,16.54
600252,1买,2025-09-26,60,1,17.87
600255,1买,2023-10-24,60,1,27.57
600255,2买,2025-04-09,60,1,35.8
600255,3买,2025-06-23,60,1,63.11
600255,1买,2026-03-23,45,1,30.26
600256,1买,2023-01-05,60,1,29.57
600256,1买,2024-02-05,60,1,39.52
600256,2买,2024-04-26,60,1,16.41
600256,1买,2025-04-09,60,1,15.96
600257,3买,2023-10-24,60,1,28.18
600257,1买,2024-02-07,60,1,120.66
600257,2买,2024-07-25,60,1,43.83
600257,3买,2026-03-24,44,1,26.91
600258,1买,2023-05-22,60,1,14.73
600258,1买,2023-10-24,60,1,13.89
600258,1买,2024-02-05,60,1,20.82
600258,2买,2024-03-29,60,1,13.38
600258,1买,2024-08-29,60,1,46.74
600258,2买,2025-02-19,60,4,35.27
600259,1买,2023-10-24,60,1,17.59
600259,1买,2024-09-18,60,1,53.04
600259,2买,2025-01-03,60,1,45.65
600259,2买,2025-09-24,60,1,29.26
600259,3买,2025-09-24,60,1,29.26
600259,1买,2025-11-05,60,2,77.2
600259,3买,2025-11-05,60,2,77.2
600259,1买,2025-12-17,60,1,130.1
600259,2买,2026-03-27,41,1,49.15
600259,2买,2026-03-27,41,1,49.15
600261,1买,2025-04-09,60,1,30.97
600262,1买,2022-10-11,60,1,23.55
600262,2买,2022-12-23,60,1,28.82
600262,3买,2023-12-28,60,1,8.18
600262,1买,2024-07-18,60,1,47.28
600262,2买,2024-08-29,60,1,41.99
600262,3买,2025-03-04,60,1,37.23
600262,3买,2025-09-23,60,2,48.11
600266,1买,2022-11-01,60,1,77.2
600266,2买,2023-01-13,60,2,24.17
600266,1买,2024-02-06,60,1,30.03
600266,2买,2024-07-25,60,1,82.24
600266,3买,2025-01-13,60,1,17.18
600266,1买,2025-04-08,60,1,26.38
600266,2买,2025-08-04,60,5,24.12
600267,3买,2025-09-26,60,3,13.42
600267,1买,2025-12-31,60,1,15.13
600267,2买,2026-03-04,58,2,24.14
600267,1买,2026-03-24,44,1,30.07
600268,1买,2024-02-06,60,1,53.81
600268,2买,2024-07-25,60,1,49.41
600268,1买,2025-04-09,60,1,37.29
600268,2买,2025-06-23,60,1,61.57
600269,3买,2024-01-23,60,1,30.42
600269,3买,2024-09-18,60,4,40.39
600271,1买,2022-10-10,60,2,20.93
600271,2买,2022-11-29,60,1,22.34
600271,1买,2024-06-25,60,1,21.3
600271,2买,2025-01-13,60,1,26.67
600271,1买,2025-04-09,60,1,20.2
600271,2买,2025-09-23,60,1,43.21
600272,1买,2024-01-23,60,1,64.54
600272,2买,2025-01-13,60,1,32.98
600272,1买,2025-04-09,60,1,25.77
600272,3买,2025-04-09,60,1,25.77
600272,2买,2025-06-23,60,1,14.9
600272,1买,2025-09-29,60,10,46.96
600272,2买,2025-12-31,60,2,12.66
600273,1买,2022-12-23,60,19,10.09
600273,2买,2023-03-30,60,1,23.54
600273,1买,2024-02-05,60,1,18.12
600273,2买,2024-04-01,60,2,8.09
600273,1买,2025-04-09,60,1,22.27
600276,1买,2022-09-26,60,1,35.54
600276,2买,2022-12-21,60,3,28.0
600276,3买,2023-03-20,60,1,25.47
600276,1买,2023-08-21,60,1,34.07
600276,2买,2023-10-23,60,3,17.51
600276,3买,2025-06-30,60,2,45.2
600276,3买,2025-11-24,60,2,10.99
600276,1买,2025-12-18,60,1,12.18
600278,1买,2022-10-11,60,1,15.28
600278,2买,2023-01-13,60,2,11.77
600278,1买,2024-01-23,60,1,31.71
600278,1买,2025-04-08,60,1,50.44
600278,2买,2025-06-23,60,1,23.36
600278,2买,2025-06-23,60,1,23.36
600278,3买,2025-09-23,60,1,25.86
600279,1买,2022-08-04,60,6,24.41
600279,2买,2022-12-26,60,5,18.59
600279,1买,2024-09-12,60,4,79.77
600279,2买,2025-01-06,60,1,35.83
600279,3买,2025-01-06,60,1,35.83
600279,3买,2025-04-08,60,1,62.75
600279,1买,2025-10-09,60,3,23.87
600279,1买,2025-11-24,60,6,26.85
600279,2买,2026-02-03,60,5,9.06
600280,1买,2022-10-13,60,1,69.96
600280,2买,2023-01-13,60,1,94.29
600280,3买,2023-10-23,60,1,44.77
600280,1买,2024-02-07,60,1,62.78
600280,2买,2024-04-17,60,1,26.02
600280,1买,2024-06-24,60,1,77.31
600280,2买,2025-02-05,60,1,28.62
600280,1买,2025-04-08,60,1,26.77
600280,2买,2025-06-23,60,2,16.77
600281,1买,2023-10-23,60,1,40.52
600281,1买,2024-07-18,60,1,65.68
600281,2买,2025-01-06,60,1,53.92
600281,1买,2025-04-09,60,1,191.38
600281,2买,2025-11-28,60,1,20.91
600281,2买,2025-11-28,60,1,20.91
600281,3买,2025-11-28,60,1,20.91
600281,1买,2025-12-17,60,1,19.4
600283,1买,2024-02-07,60,1,52.17
600283,2买,2024-07-18,60,3,7.9
600283,1买,2025-10-29,60,8,4.18
600284,1买,2024-02-07,60,1,21.88
600284,1买,2024-09-09,60,6,36.89
600284,2买,2025-01-13,60,3,24.78
600284,2买,2025-01-13,60,3,24.78
600284,3买,2025-06-23,60,4,55.02
600284,1买,2026-03-24,44,1,22.26
600285,3买,2023-09-08,60,1,18.87
600285,3买,2024-09-13,60,1,47.43
600285,1买,2025-02-19,60,1,21.79
600287,1买,2024-07-22,60,1,47.15
600287,2买,2025-03-11,60,1,29.02
600287,1买,2025-04-09,60,1,69.04
600287,2买,2025-09-24,60,1,17.81
600287,3买,2026-01-05,60,3,14.63
600288,1买,2023-05-15,60,1,12.52
600288,1买,2023-10-23,60,2,68.17
600288,1买,2025-04-09,60,1,46.53
600288,2买,2025-09-05,60,1,47.68
600288,2买,2025-09-05,60,1,47.68
600288,2买,2025-09-05,60,1,47.68
600288,3买,2025-12-17,60,1,18.12
600292,1买,2023-04-25,60,3,11.68
600292,2买,2023-06-26,60,2,40.55
600292,3买,2025-01-07,60,1,31.23
600292,1买,2025-03-25,60,1,40.65
600292,3买,2025-03-25,60,1,40.65
600293,1买,2022-12-30,60,1,21.77
600293,2买,2023-08-14,60,1,39.62
600293,1买,2025-04-09,60,1,36.18
600293,2买,2025-10-13,60,1,26.78
600295,1买,2022-08-05,60,1,19.7
600295,1买,2024-09-18,60,1,41.66
600295,2买,2025-01-13,60,2,11.78
600295,1买,2025-04-11,60,1,14.42
600295,2买,2025-07-02,60,1,25.93
600295,3买,2026-04-07,35,1,13.19
600298,1买,2023-08-29,60,1,15.85
600298,2买,2023-10-23,60,2,15.31
600298,1买,2024-06-27,60,4,22.15
600298,2买,2025-01-14,60,1,14.57
600298,1买,2025-04-07,60,1,20.59
600298,2买,2025-07-10,60,6,24.71
600299,1买,2023-01-03,60,3,11.68
600299,2买,2023-03-14,60,2,11.14
600299,1买,2023-10-31,60,3,13.42
600299,2买,2023-12-11,60,1,16.32
600299,3买,2024-07-05,60,3,30.94
600299,3买,2024-07-05,60,3,30.94
600299,1买,2024-11-27,60,1,22.85
600299,3买,2024-11-27,60,1,22.85
600299,1买,2025-12-17,60,2,90.3
600299,2买,2026-05-11,14,1,7.35
600300,1买,2023-06-29,60,15,10.03
600300,1买,2024-09-18,60,1,86.73
600300,2买,2025-01-13,60,1,48.92
600300,2买,2025-03-11,60,3,43.91
600301,1买,2022-10-31,60,1,62.69
600301,2买,2023-04-06,60,1,31.46
600301,3买,2023-06-29,60,1,22.25
600301,1买,2024-02-06,60,1,119.03
600301,2买,2024-09-18,60,1,58.98
600301,3买,2025-01-06,60,1,61.44
600301,3买,2025-10-23,60,1,107.15
600302,1买,2023-04-26,60,1,16.99
600302,2买,2023-08-14,60,3,11.55
600302,3买,2023-08-14,60,3,11.55
600302,3买,2025-12-18,60,1,58.21
600302,3买,2025-12-18,60,1,58.21
600303,1买,2023-05-19,60,1,39.22
600303,2买,2023-09-08,60,1,20.81
600303,1买,2024-09-19,60,1,54.67
600303,2买,2025-01-06,60,2,37.08
600303,3买,2025-07-16,60,1,17.24
600303,1买,2025-09-23,60,1,20.0
600305,1买,2022-10-31,60,1,28.9
600305,2买,2023-01-12,60,1,12.52
600305,1买,2024-02-05,60,1,22.15
600305,1买,2024-07-09,60,1,39.14
600305,1买,2024-09-18,60,1,41.88
600305,2买,2025-01-13,60,1,10.18
600305,2买,2025-01-13,60,1,10.18
600305,2买,2025-05-23,60,2,7.28
600307,1买,2025-04-09,60,1,25.2
600307,2买,2025-06-23,60,7,46.32
600307,1买,2025-09-29,60,1,16.56
600307,3买,2025-09-29,60,1,16.56
600308,1买,2024-02-06,60,1,38.04
600308,2买,2024-04-24,60,3,13.06
600308,1买,2025-04-09,60,1,39.47
600308,2买,2025-06-23,60,7,13.47
600308,1买,2026-03-24,44,1,16.9
600309,1买,2022-11-01,60,1,26.75
600309,2买,2023-05-31,60,2,22.35
600309,1买,2025-01-13,60,2,13.05
600309,1买,2025-06-23,60,5,35.85
600309,2买,2025-10-21,60,4,38.05
600309,2买,2026-03-24,44,1,26.96
600310,1买,2022-10-31,60,2,14.04
600310,2买,2022-12-23,60,1,16.26
600310,1买,2024-02-07,60,1,38.11
600310,2买,2024-04-26,60,1,67.76
600310,3买,2024-09-18,60,1,73.78
600310,3买,2025-02-06,60,1,41.58
600312,3买,2023-08-17,60,1,14.71
600312,3买,2024-02-05,60,1,54.91
600312,3买,2024-09-11,60,1,30.04
600312,1买,2024-11-26,60,1,16.7
600312,2买,2026-04-07,35,1,20.47
600313,1买,2022-09-30,60,1,30.01
600313,2买,2022-12-23,60,1,20.44
600313,1买,2023-10-26,60,2,8.96
600313,1买,2024-02-06,60,1,42.5
600313,1买,2024-09-18,60,1,57.23
600313,2买,2025-01-13,60,1,33.28
600313,2买,2025-01-13,60,1,33.28
600313,1买,2025-06-23,60,10,9.48
600313,3买,2025-06-23,60,10,9.48
600313,2买,2025-09-05,60,4,13.22
600315,1买,2023-09-11,60,4,8.39
600315,1买,2024-09-18,60,1,49.96
600315,2买,2025-02-05,60,2,58.82
600315,3买,2025-08-15,60,3,38.63
600315,2买,2025-09-23,60,3,17.45
600316,1买,2023-10-24,60,1,19.54
600316,2买,2025-01-06,60,3,46.14
600316,3买,2025-01-06,60,3,46.14
600318,1买,2023-06-27,60,1,41.54
600318,2买,2023-10-23,60,1,27.33
600318,1买,2024-08-28,60,2,138.28
600318,2买,2025-01-13,60,1,49.38
600319,1买,2022-10-11,60,1,22.22
600319,2买,2022-12-30,60,1,24.4
600319,3买,2026-01-15,60,2,23.71
600320,1买,2023-06-27,60,1,13.31
600320,3买,2023-06-27,60,1,13.31
600320,2买,2025-01-13,60,3,65.28
600322,1买,2022-08-05,60,1,41.71
600322,1买,2023-05-30,60,1,123.84
600322,2买,2024-04-25,60,1,36.18
600322,2买,2025-01-13,60,1,24.64
600322,1买,2025-04-09,60,1,66.32
600322,2买,2025-09-05,60,1,43.08
600322,1买,2025-09-29,60,1,29.15
600322,3买,2025-09-29,60,1,29.15
600323,1买,2022-12-23,60,2,10.83
600323,2买,2023-03-28,60,6,17.77
600323,1买,2023-10-24,60,1,8.01
600323,2买,2024-09-20,60,2,29.76
600323,3买,2024-11-27,60,1,14.03
600323,3买,2024-11-27,60,1,14.03
600323,1买,2025-02-17,60,1,28.58
600323,2买,2025-07-07,60,5,19.81
600323,3买,2025-09-04,60,1,21.39
600323,1买,2026-02-26,60,1,20.27
600323,3买,2026-02-26,60,1,20.27
600325,3买,2022-12-30,60,1,33.18
600325,1买,2023-07-18,60,1,32.2
600325,2买,2023-08-24,60,1,16.48
600325,1买,2024-01-23,60,1,25.28
600325,1买,2025-06-23,60,4,20.68
600325,2买,2025-08-04,60,9,21.35
600325,1买,2026-04-27,21,1,13.21
600326,1买,2024-02-07,60,1,79.62
600326,2买,2024-04-17,60,1,71.2
600326,3买,2025-01-13,60,1,30.99
600326,1买,2025-04-09,60,1,60.64
600326,3买,2025-04-09,60,1,60.64
600326,2买,2025-12-17,60,3,14.43
600326,1买,2026-03-24,44,1,11.63
600326,3买,2026-03-24,44,1,11.63
600327,1买,2022-11-01,60,4,17.93
600327,2买,2023-03-31,60,9,11.4
600327,1买,2023-06-26,60,18,9.53
600327,1买,2023-08-22,60,1,29.15
600327,1买,2023-10-26,60,1,51.26
600327,1买,2024-07-01,60,1,10.06
600327,1买,2024-09-18,60,1,196.07
600327,2买,2025-02-05,60,1,29.55
600327,2买,2025-02-05,60,1,29.55
600327,2买,2025-02-05,60,1,29.55
600327,2买,2025-02-05,60,1,29.55
600327,2买,2025-02-05,60,1,29.55
600327,1买,2025-04-09,60,1,20.42
600327,3买,2025-04-09,60,1,20.42
600327,2买,2025-08-04,60,7,6.57
600328,1买,2023-04-27,60,1,12.11
600328,1买,2023-10-26,60,1,8.15
600328,1买,2025-04-08,60,1,18.63
600328,2买,2025-07-17,60,1,15.98
600329,3买,2023-09-22,60,1,12.23
600329,1买,2023-11-01,60,1,28.76
600329,2买,2024-11-04,60,3,9.22
600329,1买,2025-01-13,60,1,12.99
600329,1买,2025-04-08,60,1,23.48
600329,2买,2025-10-30,60,1,22.77
600329,2买,2025-10-30,60,1,22.77
600329,3买,2025-10-30,60,1,22.77
600330,1买,2022-12-23,60,1,41.58
600330,1买,2025-04-09,60,1,24.41
600330,2买,2025-11-24,60,1,113.51
600330,2买,2026-01-21,60,1,145.58
600332,1买,2023-08-25,60,1,5.74
600333,1买,2022-10-31,60,2,28.16
600333,1买,2023-04-25,60,2,10.61
600333,2买,2023-09-01,60,2,16.33
600333,2买,2026-01-07,60,1,22.49
600333,1买,2026-04-07,35,1,26.4
600335,1买,2023-10-20,60,1,54.55
600335,1买,2024-07-09,60,1,39.32
600335,1买,2024-09-18,60,1,44.23
600335,2买,2025-01-13,60,1,25.84
600335,2买,2025-01-13,60,1,25.84
600335,1买,2025-04-09,60,1,21.82
600335,2买,2025-09-30,60,12,12.73
600336,1买,2023-05-31,60,2,10.43
600336,2买,2023-12-11,60,2,16.73
600336,1买,2025-04-09,60,1,65.94
600336,2买,2025-06-23,60,1,24.53
600336,3买,2025-06-23,60,1,24.53
600337,1买,2024-02-20,60,1,41.12
600337,1买,2025-04-09,60,1,52.26
600337,2买,2025-09-05,60,1,52.04
600337,2买,2025-10-31,60,1,106.28
600338,1买,2024-04-24,60,1,29.32
600338,2买,2024-09-18,60,1,55.21
600338,1买,2025-04-09,60,1,39.83
600338,2买,2025-12-16,60,1,71.87
600339,1买,2024-02-06,60,1,39.54
600339,2买,2024-07-10,60,1,34.24
600339,1买,2024-09-18,60,1,45.68
600339,2买,2024-11-27,60,1,15.06
600339,3买,2024-11-27,60,1,15.06
600339,1买,2025-04-09,60,1,20.13
600339,2买,2025-09-30,60,1,14.67
600340,1买,2023-06-27,60,3,32.24
600340,2买,2025-02-06,60,1,34.4
600340,1买,2025-04-09,60,1,81.08
600340,2买,2025-06-23,60,1,26.32
600345,3买,2023-08-25,60,1,22.2
600345,1买,2023-10-24,60,1,24.33
600345,2买,2025-01-13,60,1,46.59
600346,1买,2023-06-12,60,2,13.82
600346,1买,2024-09-11,60,2,42.04
600346,2买,2025-01-22,60,3,13.25
600346,2买,2025-01-22,60,3,13.25
600346,1买,2025-04-08,60,1,11.95
600346,2买,2025-12-15,60,1,49.78
600346,3买,2025-12-15,60,1,49.78
600348,1买,2022-12-26,60,1,19.18
600348,1买,2025-04-09,60,1,14.26
600348,2买,2025-09-04,60,2,32.21
600350,1买,2022-08-04,60,20,16.04
600350,2买,2023-06-26,60,1,20.89
600350,3买,2023-11-01,60,1,17.97
600351,3买,2023-10-23,60,1,25.35
600351,1买,2024-09-18,60,1,37.65
600351,2买,2025-01-13,60,5,10.24
600351,1买,2025-04-09,60,1,20.75
600351,2买,2025-05-30,60,5,43.71
600352,1买,2025-04-09,60,3,21.9
600352,2买,2025-08-20,60,3,9.97
600352,3买,2025-08-20,60,3,9.97
600353,1买,2023-08-28,60,1,44.77
600353,2买,2025-01-06,60,1,55.73
600354,1买,2023-10-24,60,1,15.64
600354,1买,2024-07-25,60,1,39.91
600354,2买,2025-01-06,60,1,45.92
600354,3买,2025-03-31,60,3,40.84
600354,2买,2025-06-23,60,5,19.63
600356,1买,2023-10-23,60,1,20.76
600356,2买,2023-12-27,60,2,12.35
600356,3买,2023-12-27,60,2,12.35
600356,1买,2024-07-10,60,1,38.42
600356,2买,2024-08-23,60,2,68.8
600356,1买,2025-04-09,60,1,26.64
600356,3买,2025-04-09,60,1,26.64
600356,2买,2025-06-23,60,1,42.52
600359,1买,2022-10-31,60,1,26.49
600359,2买,2023-01-12,60,6,13.84
600359,1买,2023-04-26,60,2,9.41
600361,1买,2023-01-18,60,1,20.51
600361,1买,2025-04-09,60,1,26.61
600362,1买,2022-09-05,60,1,12.5
600362,2买,2023-03-17,60,1,18.7
600362,1买,2024-01-23,60,1,70.91
600362,2买,2024-09-11,60,4,45.89
600362,3买,2025-02-25,60,7,22.31
600363,3买,2023-12-22,60,1,16.4
600363,1买,2024-02-05,60,1,52.59
600363,2买,2024-03-28,60,1,18.77
600366,1买,2023-10-24,60,1,28.73
600366,2买,2025-01-06,60,1,38.08
600366,3买,2025-04-09,60,1,81.38
600366,1买,2025-11-24,60,1,29.19
600366,3买,2025-11-24,60,1,29.19
600367,1买,2023-05-15,60,6,44.9
600367,2买,2023-08-14,60,1,19.59
600367,1买,2023-08-29,60,1,18.04
600367,1买,2023-12-21,60,3,11.79
600367,1买,2024-09-18,60,1,80.64
600367,2买,2025-01-06,60,1,58.81
600367,2买,2025-02-19,60,1,32.99
600367,2买,2025-02-19,60,1,32.99
600367,1买,2025-04-09,60,1,58.58
600367,2买,2025-10-23,60,5,31.43
600367,3买,2025-10-23,60,5,31.43
600368,3买,2025-06-23,60,7,8.7
600369,1买,2023-04-25,60,2,13.89
600369,2买,2023-10-09,60,6,8.44
600369,1买,2023-11-03,60,1,8.98
600369,2买,2025-01-13,60,1,12.89
600369,1买,2025-04-09,60,1,17.88
600369,2买,2025-09-26,60,1,7.02
600369,3买,2025-09-26,60,1,7.02
600370,1买,2022-10-11,60,1,19.71
600370,2买,2023-01-13,60,6,11.99
600370,1买,2025-04-09,60,1,54.73
600371,1买,2023-10-24,60,1,14.81
600371,1买,2024-07-10,60,1,33.23
600371,1买,2024-09-18,60,1,76.77
600371,2买,2024-11-19,60,1,12.37
600371,2买,2024-11-19,60,1,12.37
600371,1买,2025-01-06,60,1,51.95
600371,3买,2025-01-06,60,1,51.95
600371,2买,2025-05-29,60,5,15.1
600371,1买,2025-06-23,60,1,20.63
600372,1买,2025-04-29,60,3,18.53
600372,2买,2025-09-05,60,1,10.62
600373,1买,2022-10-26,60,1,22.88
600373,2买,2023-09-08,60,1,32.95
600373,3买,2023-12-25,60,1,53.51
600375,1买,2023-09-22,60,1,33.58
600375,2买,2024-01-10,60,2,14.53
600375,3买,2025-08-01,60,1,33.74
600375,1买,2025-08-28,60,1,34.96
600375,3买,2025-08-28,60,1,34.96
600376,1买,2022-10-25,60,1,82.81
600376,2买,2023-04-03,60,1,8.83
600376,1买,2023-07-18,60,1,41.73
600376,1买,2024-07-25,60,1,86.08
600376,2买,2024-08-29,60,1,84.18
600376,1买,2025-04-09,60,1,25.0
600376,2买,2025-10-20,60,1,37.52
600376,2买,2025-10-20,60,1,37.52
600376,1买,2025-12-19,60,1,48.45
600376,3买,2025-12-19,60,1,48.45
600376,2买,2026-03-09,55,1,26.33
600377,1买,2022-10-10,60,6,18.03
600377,2买,2023-02-20,60,7,38.03
600377,3买,2023-04-03,60,7,34.02
600377,3买,2024-04-08,60,2,20.63
600377,1买,2024-04-30,60,2,22.27
600377,2买,2024-11-13,60,1,23.95
600377,3买,2025-02-12,60,3,14.45
600378,1买,2025-05-29,60,5,25.2
600379,1买,2025-04-09,60,1,63.66
600379,2买,2025-09-05,60,1,25.66
600379,1买,2025-11-24,60,5,21.29
600380,1买,2022-09-27,60,1,35.9
600380,2买,2022-12-29,60,2,20.4
600380,1买,2023-08-23,60,1,13.91
600380,1买,2023-10-26,60,1,20.35
600380,2买,2025-03-24,60,4,7.97
600380,2买,2025-03-24,60,4,7.97
600380,1买,2025-04-09,60,1,19.46
600380,2买,2025-08-29,60,1,17.24
600380,3买,2025-08-29,60,1,17.24
600382,1买,2023-10-24,60,5,10.6
600382,1买,2024-02-07,60,1,36.47
600382,2买,2025-01-06,60,1,21.03
600382,2买,2025-03-11,60,3,30.32
600382,3买,2025-09-24,60,1,43.94
600382,3买,2026-03-04,58,1,25.21
600382,1买,2026-03-24,44,1,41.12
600383,1买,2024-07-25,60,1,108.3
600383,2买,2025-01-13,60,1,21.82
600383,1买,2026-04-07,35,1,26.36
600386,1买,2024-06-25,60,1,117.24
600386,2买,2024-09-18,60,1,75.32
600386,1买,2025-04-09,60,1,41.23
600386,3买,2025-04-09,60,1,41.23
600386,2买,2025-09-05,60,1,20.81
600386,1买,2026-03-23,45,1,17.2
600388,1买,2023-10-24,60,1,18.43
600388,1买,2024-02-02,60,1,41.07
600388,2买,2024-09-13,60,1,38.22
600388,2买,2026-01-15,60,2,36.63
600388,3买,2026-01-15,60,2,36.63
600389,1买,2022-10-31,60,2,22.67
600389,2买,2022-12-23,60,1,20.62
600389,1买,2023-10-24,60,1,13.4
600389,1买,2024-02-05,60,1,65.05
600389,2买,2024-03-29,60,1,46.03
600389,2买,2025-06-23,60,6,50.08
600390,3买,2023-04-26,60,1,32.88
600390,3买,2025-12-17,60,2,20.53
600391,1买,2024-02-06,60,1,40.54
600391,2买,2024-07-09,60,1,43.55
600391,1买,2025-01-08,60,1,38.72
600391,2买,2025-05-29,60,1,54.81
600391,3买,2025-09-10,60,2,18.62
600391,1买,2026-04-29,19,1,36.19
600392,1买,2023-06-28,60,1,12.86
600392,1买,2024-08-23,60,1,93.77
600392,2买,2025-01-08,60,1,24.24
600392,1买,2025-04-08,60,1,47.41
600392,3买,2025-04-08,60,1,47.41
600392,2买,2025-09-05,60,1,27.49
600392,2买,2025-09-05,60,1,27.49
600395,1买,2022-12-23,60,2,22.78
600395,1买,2024-02-06,60,1,28.25
600395,2买,2024-04-24,60,1,20.74
600395,1买,2024-09-18,60,1,39.01
600395,2买,2025-03-06,60,7,6.99
600395,1买,2025-04-09,60,1,10.43
600395,2买,2025-06-19,60,6,19.42
600396,1买,2022-10-31,60,4,19.92
600396,2买,2022-12-23,60,3,19.46
600396,1买,2025-04-09,60,1,81.61
600396,2买,2025-06-23,60,2,44.56
600396,3买,2025-09-24,60,6,11.11
600397,1买,2023-06-27,60,1,25.0
600397,2买,2023-10-23,60,1,28.78
600397,3买,2025-04-09,60,1,56.15
600397,3买,2025-11-24,60,1,230.21
600397,1买,2026-05-22,5,1,18.4
600398,3买,2023-11-08,60,1,12.14
600398,1买,2026-01-05,60,5,12.04
600399,1买,2022-10-12,60,1,34.61
600399,2买,2023-01-05,60,1,12.59
600399,1买,2023-10-24,60,1,32.04
600399,1买,2024-08-29,60,1,59.43
600399,2买,2025-01-24,60,3,25.71
600399,1买,2025-04-09,60,1,11.36
600400,1买,2022-11-01,60,1,23.73
600400,1买,2023-04-25,60,1,13.52
600400,1买,2023-06-26,60,2,17.16
600400,1买,2023-12-27,60,1,15.97
600400,1买,2025-04-09,60,1,27.46
600403,1买,2022-08-04,60,2,18.26
600403,2买,2026-01-19,60,1,24.29
600403,3买,2026-01-19,60,1,24.29
600406,1买,2022-09-29,60,1,15.74
600406,2买,2023-01-05,60,2,17.97
600406,1买,2023-12-13,60,1,26.84
600406,2买,2024-04-11,60,1,12.44
600406,3买,2024-12-17,60,2,6.39
600406,1买,2025-01-17,60,2,8.78
600406,1买,2025-09-04,60,2,22.68
600406,2买,2025-11-28,60,6,31.48
600406,2买,2026-05-22,5,1,4.63
600408,1买,2022-11-01,60,1,21.46
600408,1买,2023-06-27,60,1,64.42
600408,2买,2023-10-24,60,1,26.69
600408,1买,2024-09-09,60,1,81.82
600408,2买,2025-03-06,60,1,25.29
600408,1买,2025-04-09,60,1,54.11
600408,2买,2025-09-05,60,1,220.93
600408,1买,2025-09-24,60,1,225.47
600408,3买,2025-09-24,60,1,225.47
600408,2买,2026-01-05,60,1,24.75
600408,2买,2026-01-05,60,1,24.75
600408,1买,2026-03-11,53,1,25.97
600409,1买,2025-01-13,60,1,20.32
600409,2买,2025-10-29,60,1,38.69
600409,1买,2026-05-26,3,1,7.7
600410,3买,2023-07-28,60,5,20.12
600410,1买,2023-08-29,60,1,35.8
600410,2买,2025-10-24,60,1,45.7
600410,1买,2025-12-18,60,1,109.21
600410,3买,2025-12-18,60,1,109.21
600415,3买,2023-08-14,60,1,26.6
600415,3买,2025-02-19,60,1,41.35
600415,3买,2025-02-19,60,1,41.35
600415,3买,2025-07-03,60,1,28.22
600416,1买,2023-05-30,60,1,24.12
600416,1买,2025-04-09,60,1,61.88
600416,2买,2025-10-23,60,1,29.31
600416,1买,2025-12-05,60,2,35.24
600416,3买,2025-12-05,60,2,35.24
600418,3买,2025-01-06,60,1,29.89
600418,1买,2025-03-24,60,1,43.94
600418,1买,2025-04-09,60,1,58.92
600418,2买,2025-06-06,60,1,62.46
600418,2买,2025-06-06,60,1,62.46
600419,3买,2023-03-23,60,1,34.55
600419,1买,2024-09-18,60,1,68.84
600419,2买,2025-01-13,60,1,46.54
600419,3买,2025-05-15,60,1,27.02
600420,1买,2023-10-24,60,2,14.09
600420,2买,2024-06-25,60,4,23.39
600420,1买,2024-09-18,60,1,45.7
600420,2买,2025-08-28,60,3,6.61
600422,1买,2024-01-25,60,1,31.94
600422,2买,2024-04-22,60,1,23.96
600423,1买,2024-09-18,60,1,58.88
600423,2买,2025-01-06,60,1,69.06
600423,3买,2025-08-29,60,1,34.88
600425,1买,2023-10-24,60,1,15.32
600425,1买,2024-02-06,60,1,30.1
600425,1买,2024-08-23,60,1,45.76
600425,2买,2025-01-13,60,1,13.97
600425,2买,2025-01-13,60,1,13.97
600425,2买,2025-02-21,60,4,12.4
600425,3买,2025-02-21,60,4,12.4
600425,3买,2025-09-29,60,1,20.43
600426,1买,2025-01-13,60,1,16.52
600426,2买,2025-02-21,60,4,15.82
600426,3买,2025-09-24,60,2,29.4
600426,1买,2025-10-22,60,1,45.83
600426,2买,2026-03-25,43,1,16.9
600428,1买,2022-12-23,60,1,38.33
600428,3买,2022-12-23,60,1,38.33
600428,2买,2023-03-30,60,1,32.35
600428,1买,2024-02-06,60,1,48.59
600428,2买,2024-08-26,60,4,52.44
600428,1买,2025-04-09,60,1,32.48
600428,2买,2025-08-28,60,1,16.39
600428,3买,2025-08-28,60,1,16.39
600428,1买,2025-09-29,60,2,17.65
600429,1买,2023-04-25,60,2,14.22
600429,1买,2024-02-07,60,1,33.14
600429,2买,2024-04-17,60,1,15.82
600429,1买,2024-09-18,60,1,67.14
600429,2买,2025-01-13,60,1,23.0
600429,2买,2026-03-06,56,1,24.56
600429,3买,2026-03-06,56,1,24.56
600433,1买,2024-02-07,60,1,35.65
600433,2买,2024-07-25,60,1,40.4
600435,3买,2023-05-15,60,1,20.5
600435,1买,2023-08-25,60,1,21.78
600435,1买,2023-10-27,60,1,40.13
600435,2买,2024-11-26,60,1,13.37
600435,2买,2024-11-26,60,1,13.37
600435,1买,2025-01-06,60,1,38.14
600435,2买,2025-04-08,60,1,61.64
600435,3买,2025-04-08,60,1,61.64
600435,3买,2025-09-10,60,1,14.17
600435,1买,2025-11-21,60,1,71.35
600435,3买,2025-11-21,60,1,71.35
600435,2买,2026-03-23,45,1,13.47
600436,1买,2022-10-31,60,1,48.45
600436,2买,2023-04-25,60,1,23.7
600438,1买,2025-04-30,60,2,42.49
600438,1买,2025-06-23,60,1,64.54
600438,2买,2025-08-15,60,1,42.89
600439,1买,2024-02-07,60,1,89.39
600439,2买,2024-07-19,60,1,69.19
600439,3买,2025-01-06,60,1,52.32
600439,1买,2025-04-09,60,1,50.0
600439,2买,2025-06-23,60,1,13.8
600439,3买,2025-06-23,60,1,13.8
600439,1买,2025-12-17,60,1,14.29
600444,1买,2023-04-25,60,1,19.66
600444,2买,2023-06-07,60,4,11.68
600444,1买,2025-09-24,60,1,29.44
600444,3买,2025-09-24,60,1,29.44
600446,1买,2024-07-18,60,1,86.89
600446,2买,2025-01-27,60,1,47.82
600446,3买,2025-01-27,60,1,47.82
600446,3买,2025-01-27,60,1,47.82
600446,3买,2025-04-09,60,1,49.96
600448,1买,2022-08-04,60,6,16.16
600448,1买,2025-04-09,60,1,156.76
600448,2买,2025-06-20,60,1,13.5
600448,1买,2025-10-13,60,1,17.34
600449,3买,2023-08-25,60,1,52.53
600449,1买,2024-07-25,60,2,51.11
600449,1买,2024-08-13,60,1,75.14
600449,2买,2024-11-20,60,1,17.47
600449,2买,2024-11-20,60,1,17.47
600449,3买,2024-12-17,60,1,29.25
600449,1买,2025-12-17,60,3,16.08
600452,1买,2024-02-05,60,1,58.23
600452,1买,2025-02-24,60,6,13.88
600452,1买,2025-03-11,60,3,14.75
600452,2买,2026-04-07,35,1,31.84
600452,2买,2026-04-07,35,1,31.84
600455,3买,2025-10-13,60,1,17.53
600455,1买,2025-12-17,60,1,22.28
600456,1买,2023-06-09,60,1,13.94
600456,3买,2025-11-25,60,1,44.93
600458,1买,2024-02-06,60,1,82.63
600458,2买,2024-09-10,60,2,74.88
600458,1买,2025-04-09,60,1,29.6
600458,2买,2025-08-04,60,1,33.81
600459,1买,2022-07-13,60,1,11.79
600459,1买,2022-12-23,60,2,29.07
600459,2买,2023-03-17,60,1,19.39
600459,1买,2023-08-23,60,2,14.86
600459,1买,2023-12-27,60,3,10.87
600459,1买,2025-04-09,60,1,35.85
600459,2买,2026-03-24,44,1,30.82
600459,2买,2026-03-24,44,1,30.82
600459,2买,2026-03-24,44,1,30.82
600459,2买,2026-03-24,44,1,30.82
600460,1买,2024-02-05,60,1,40.6
600460,2买,2024-07-03,60,1,47.98
600460,1买,2025-04-09,60,1,23.45
600460,2买,2025-06-16,60,6,43.7
600460,3买,2025-06-16,60,6,43.7
600461,1买,2022-12-27,60,20,7.89
600461,2买,2023-04-12,60,10,23.0
600461,1买,2023-07-05,60,2,18.59
600461,3买,2023-07-05,60,2,18.59
600461,2买,2023-11-07,60,5,18.32
600461,3买,2025-03-07,60,11,18.35
600461,1买,2025-09-26,60,6,15.41
600463,1买,2025-04-09,60,1,93.78
600463,2买,2025-10-13,60,1,19.53
600463,3买,2026-02-02,60,1,18.05
600463,1买,2026-03-24,44,1,25.16
600468,1买,2022-12-26,60,5,38.73
600468,2买,2023-07-24,60,2,60.25
600468,3买,2023-10-26,60,1,43.62
600468,1买,2025-04-09,60,1,158.87
600468,2买,2025-09-03,60,1,33.01
600468,1买,2025-11-24,60,1,40.81
600468,3买,2025-11-24,60,1,40.81
600468,2买,2026-01-30,60,1,47.31
600469,3买,2023-10-23,60,2,21.83
600469,1买,2024-02-07,60,1,62.72
600469,2买,2024-04-17,60,1,23.05
600469,1买,2025-01-13,60,1,10.44
600469,2买,2025-03-04,60,8,8.15
600469,3买,2026-01-15,60,1,29.04
600469,3买,2026-01-15,60,1,29.04
600470,1买,2023-10-23,60,1,31.11
600470,2买,2025-01-06,60,1,51.52
600470,1买,2025-04-09,60,1,37.6
600470,2买,2025-08-28,60,1,31.17
600470,1买,2025-09-24,60,2,36.07
600470,3买,2025-09-24,60,2,36.07
600475,1买,2023-06-21,60,1,26.22
600475,3买,2023-06-21,60,1,26.22
600475,1买,2024-09-18,60,1,34.29
600475,2买,2025-01-13,60,3,11.11
600475,1买,2025-03-05,60,5,24.68
600475,2买,2025-07-31,60,1,101.5
600475,2买,2025-07-31,60,1,101.5
600476,1买,2022-10-11,60,1,67.8
600476,2买,2023-02-27,60,1,43.92
600476,1买,2023-07-28,60,1,15.08
600476,1买,2023-08-29,60,1,60.54
600476,1买,2024-08-28,60,1,70.21
600476,2买,2025-01-06,60,1,47.86
600476,2买,2025-09-23,60,1,12.28
600477,1买,2024-02-06,60,1,29.58
600477,1买,2024-07-10,60,1,41.01
600477,1买,2024-08-23,60,1,51.64
600477,2买,2025-01-13,60,1,33.62
600477,2买,2025-01-13,60,1,33.62
600477,2买,2025-04-09,60,1,12.81
600477,3买,2025-06-23,60,1,14.52
600477,1买,2025-09-24,60,6,25.77
600478,1买,2023-09-27,60,1,8.82
600478,1买,2024-09-18,60,1,69.41
600478,2买,2025-01-13,60,1,65.78
600478,2买,2025-08-04,60,1,42.29
600478,3买,2025-10-20,60,3,37.8
600478,1买,2026-05-20,7,1,4.15
600479,1买,2024-09-11,60,2,53.82
600479,2买,2025-01-13,60,2,11.84
600480,1买,2024-02-06,60,1,70.03
600480,2买,2024-04-16,60,1,36.96
600480,3买,2025-04-09,60,1,56.32
600480,3买,2025-12-17,60,2,13.36
600481,1买,2024-07-10,60,1,32.9
600481,1买,2024-09-23,60,1,141.33
600481,2买,2025-01-13,60,1,30.75
600481,2买,2025-01-13,60,1,30.75
600481,1买,2025-04-09,60,1,44.94
600481,2买,2025-09-24,60,1,34.34
600482,1买,2023-01-13,60,3,17.11
600482,2买,2023-04-25,60,1,55.83
600482,3买,2023-11-10,60,1,19.16
600482,3买,2023-11-10,60,1,19.16
600482,1买,2023-12-26,60,2,36.66
600482,2买,2024-03-28,60,1,16.99
600483,1买,2022-10-12,60,1,14.12
600483,1买,2024-01-23,60,1,38.22
600483,2买,2024-04-29,60,1,28.06
600483,3买,2024-09-12,60,2,27.67
600483,1买,2025-03-11,60,3,14.3
600483,2买,2025-06-24,60,2,6.1
600483,1买,2025-07-18,60,15,9.39
600483,2买,2026-04-15,29,2,17.65
600486,1买,2022-10-25,60,1,23.33
600486,2买,2022-12-23,60,1,15.1
600486,1买,2025-02-27,60,6,12.48
600486,2买,2025-11-05,60,1,36.24
600487,1买,2024-02-05,60,1,56.28
600487,2买,2024-08-27,60,1,59.69
600487,3买,2025-01-13,60,1,21.46
600487,1买,2025-04-09,60,1,16.67
600487,2买,2025-06-23,60,2,50.65
600488,1买,2023-10-24,60,1,17.63
600488,3买,2023-10-24,60,1,17.63
600488,1买,2025-04-09,60,1,22.59
600488,2买,2025-06-23,60,1,18.86
600488,1买,2026-03-24,44,1,129.35
600488,2买,2026-05-06,17,1,41.18
600488,2买,2026-05-06,17,1,41.18
600488,1买,2026-05-28,1,1,14.23
600489,3买,2023-06-26,60,1,20.32
600489,1买,2023-11-09,60,6,9.36
600489,2买,2024-06-11,60,1,33.69
600489,3买,2024-09-10,60,3,35.84
600489,1买,2024-12-25,60,5,20.99
600489,2买,2025-03-03,60,2,30.4
600489,1买,2026-05-28,1,1,6.2
600490,1买,2023-10-24,60,1,9.38
600490,1买,2024-02-06,60,1,119.07
600490,2买,2024-09-05,60,5,75.98
600490,2买,2024-12-18,60,1,40.58
600490,1买,2025-01-13,60,1,45.3
600490,2买,2025-11-24,60,1,72.18
600490,3买,2025-11-24,60,1,72.18
600490,3买,2025-11-24,60,1,72.18
600491,1买,2023-10-23,60,1,17.07
600491,3买,2025-02-24,60,1,20.06
600493,1买,2023-04-25,60,1,22.7
600493,2买,2023-08-25,60,1,31.0
600493,1买,2023-10-23,60,1,34.37
600493,2买,2023-12-27,60,2,19.17
600493,1买,2025-04-09,60,1,59.76
600493,2买,2025-06-20,60,1,30.74
600493,3买,2025-12-18,60,1,27.41
600495,1买,2024-02-07,60,1,34.55
600495,2买,2024-08-29,60,1,40.26
600495,1买,2025-04-08,60,1,64.27
600495,3买,2025-04-08,60,1,64.27
600495,2买,2025-09-26,60,4,10.02
600495,3买,2025-09-26,60,4,10.02
600495,1买,2025-12-18,60,2,8.3
600495,3买,2025-12-18,60,2,8.3
600495,1买,2026-03-24,44,1,33.17
600496,1买,2022-09-26,60,1,19.58
600496,2买,2022-12-23,60,2,15.1
600496,1买,2024-07-10,60,1,42.79
600496,2买,2025-01-13,60,3,20.94
600497,1买,2023-06-30,60,2,23.89
600497,2买,2024-04-24,60,1,13.99
600497,1买,2025-04-09,60,1,14.62
600497,2买,2025-05-28,60,9,18.4
600498,3买,2023-08-25,60,1,40.1
600498,1买,2024-09-18,60,1,56.31
600498,2买,2025-01-06,60,1,71.92
600499,1买,2022-12-23,60,1,17.84
600499,1买,2023-08-25,60,1,23.72
600499,1买,2024-02-05,60,1,28.87
600499,1买,2025-04-09,60,1,47.66
600499,2买,2025-06-27,60,2,25.05
600499,2买,2026-03-04,58,1,29.79
600499,2买,2026-03-04,58,1,29.79
600499,2买,2026-03-04,58,1,29.79
600499,3买,2026-03-04,58,1,29.79
600499,1买,2026-03-23,45,1,39.93
600500,1买,2023-01-03,60,3,13.91
600500,1买,2024-04-24,60,1,13.47
600500,1买,2025-04-08,60,1,22.25
600500,2买,2025-06-23,60,1,33.33
600500,2买,2025-10-20,60,9,11.33
600500,1买,2025-12-12,60,6,34.13
600501,1买,2023-10-24,60,1,30.05
600501,3买,2023-10-24,60,1,30.05
600501,2买,2023-12-27,60,2,20.96
600501,1买,2024-02-06,60,1,49.43
600501,2买,2024-04-16,60,1,80.71
600501,1买,2025-04-09,60,1,45.97
600501,3买,2025-04-09,60,1,45.97
600501,2买,2025-06-23,60,1,51.64
600501,3买,2025-06-23,60,1,51.64
600501,1买,2025-11-21,60,1,101.77
600501,3买,2025-11-21,60,1,101.77
600501,2买,2026-02-24,60,2,8.52
600502,1买,2022-10-31,60,2,23.8
600502,2买,2022-12-23,60,2,34.04
600502,1买,2023-10-23,60,2,13.54
600502,1买,2024-01-23,60,1,21.69
600502,1买,2024-02-06,60,1,31.28
600502,2买,2024-12-05,60,3,5.56
600502,2买,2024-12-05,60,3,5.56
600502,2买,2024-12-05,60,3,5.56
600502,1买,2025-01-13,60,3,12.99
600502,2买,2025-09-26,60,7,16.81
600502,1买,2026-03-24,44,1,39.73
600502,2买,2026-05-28,1,1,8.32
600503,1买,2023-04-26,60,2,48.44
600503,2买,2023-06-27,60,1,23.97
600503,1买,2024-08-29,60,1,67.07
600503,2买,2025-04-09,60,1,50.25
600505,1买,2024-02-08,60,1,172.58
600505,2买,2024-06-21,60,1,23.03
600505,1买,2024-08-28,60,2,72.73
600505,2买,2025-01-13,60,1,62.4
600505,3买,2025-09-23,60,1,19.19
600505,1买,2025-11-24,60,5,24.3
600506,1买,2023-09-27,60,1,94.41
600506,1买,2023-10-23,60,2,101.65
600506,2买,2024-08-23,60,1,83.79
600506,2买,2024-08-23,60,1,83.79
600507,1买,2022-11-04,60,1,12.01
600507,1买,2023-10-24,60,1,14.55
600507,2买,2025-09-24,60,2,23.79
600507,3买,2025-09-24,60,2,23.79
600507,3买,2026-04-09,33,1,21.27
600508,1买,2022-11-01,60,1,14.81
600508,2买,2022-12-23,60,2,13.17
600508,1买,2023-08-25,60,1,13.48
600508,2买,2023-11-08,60,13,23.18
600508,1买,2024-01-23,60,1,30.68
600509,3买,2023-05-11,60,1,38.97
600509,1买,2023-10-25,60,1,20.82
600509,2买,2023-11-28,60,1,18.59
600509,1买,2025-04-09,60,1,33.57
600509,2买,2025-06-23,60,4,41.0
600509,3买,2025-08-04,60,2,54.15
600510,1买,2023-05-30,60,1,25.13
600510,1买,2024-02-07,60,1,35.59
600510,2买,2025-01-13,60,1,30.61
600510,1买,2025-04-09,60,1,35.1
600510,2买,2025-06-23,60,2,77.85
600510,2买,2025-12-17,60,1,31.71
600511,1买,2022-08-04,60,2,13.39
600511,2买,2023-08-08,60,3,9.45
600511,1买,2023-08-25,60,1,9.54
600511,3买,2023-08-25,60,1,9.54
600511,1买,2024-09-20,60,1,40.12
600511,2买,2025-01-13,60,1,15.68
600511,1买,2025-04-08,60,1,14.44
600512,1买,2024-06-24,60,1,24.86
600512,2买,2025-01-13,60,1,13.15
600512,1买,2025-04-09,60,1,19.6
600512,2买,2025-06-23,60,2,19.63
600513,1买,2022-09-26,60,2,34.13
600513,2买,2022-12-28,60,1,24.56
600513,1买,2025-01-17,60,2,17.26
600513,2买,2025-03-05,60,7,15.15
600513,1买,2025-04-09,60,1,57.59
600513,2买,2025-10-13,60,1,37.0
600513,1买,2025-12-17,60,2,40.58
600513,3买,2025-12-17,60,2,40.58
600515,1买,2023-06-29,60,2,8.52
600515,3买,2023-06-29,60,2,8.52
600515,1买,2023-10-23,60,2,19.44
600515,1买,2024-09-11,60,1,47.64
600515,2买,2025-01-13,60,1,15.84
600515,1买,2025-04-08,60,1,20.43
600515,2买,2025-09-04,60,2,57.75
600515,2买,2025-09-04,60,2,57.75
600515,2买,2025-12-05,60,1,23.87
600515,3买,2025-12-05,60,1,23.87
600516,1买,2023-04-26,60,1,8.03
600516,1买,2024-04-23,60,2,15.91
600516,1买,2024-09-18,60,1,53.99
600516,2买,2025-02-05,60,2,24.28
600516,1买,2025-04-09,60,1,11.38
600516,1买,2025-06-16,60,7,24.27
600516,2买,2025-12-18,60,2,32.07
600516,2买,2025-12-18,60,2,32.07
600516,2买,2025-12-18,60,2,32.07
600516,3买,2025-12-18,60,2,32.07
600516,1买,2026-02-03,60,1,34.75
600516,3买,2026-02-03,60,1,34.75
600517,1买,2022-10-10,60,2,20.0
600517,2买,2022-11-28,60,1,11.38
600517,1买,2022-12-23,60,6,13.95
600517,2买,2023-04-26,60,1,24.38
600517,3买,2023-07-24,60,1,11.86
600517,1买,2024-02-05,60,1,35.17
600517,2买,2024-03-29,60,1,12.45
600517,1买,2024-04-24,60,2,14.96
600517,2买,2025-08-04,60,7,32.13
600518,1买,2024-02-06,60,1,38.69
600519,1买,2023-06-01,60,2,19.59
600519,2买,2024-04-12,60,8,8.8
600519,1买,2024-09-20,60,2,53.31
600519,2买,2025-02-06,60,5,18.43
600519,1买,2025-07-02,60,7,9.86
600520,3买,2023-08-25,60,1,241.73
600520,1买,2025-04-09,60,1,29.23
600520,3买,2025-04-09,60,1,29.23
600521,1买,2023-08-24,60,1,9.33
600521,1买,2024-09-23,60,2,38.76
600521,3买,2024-09-23,60,2,38.76
600521,2买,2024-11-25,60,1,17.35
600521,2买,2024-11-25,60,1,17.35
600521,1买,2025-01-21,60,1,14.68
600521,1买,2025-04-09,60,1,76.65
600521,2买,2025-12-17,60,1,13.12
600521,2买,2025-12-17,60,1,13.12
600521,1买,2026-03-24,44,1,22.96
600522,1买,2022-12-23,60,1,35.09
600522,2买,2023-03-14,60,1,26.27
600522,1买,2025-04-09,60,1,23.8
600522,2买,2025-06-04,60,2,24.75
600523,1买,2023-10-24,60,1,56.13
600523,1买,2024-07-09,60,1,50.27
600523,2买,2024-11-18,60,2,12.95
600523,2买,2024-11-18,60,2,12.95
600523,1买,2025-01-06,60,1,27.42
600523,2买,2025-06-20,60,3,29.47
600523,3买,2025-06-20,60,3,29.47
600526,1买,2023-10-23,60,2,21.59
600526,2买,2023-12-28,60,2,7.55
600526,1买,2024-08-23,60,3,53.78
600526,2买,2025-01-13,60,1,25.0
600527,1买,2023-10-23,60,1,9.09
600527,2买,2025-12-17,60,1,33.17
600527,3买,2025-12-17,60,1,33.17
600528,1买,2022-10-31,60,1,20.08
600528,2买,2022-12-30,60,2,43.4
600528,3买,2023-09-11,60,13,7.08
600528,1买,2024-01-23,60,1,26.21
600528,1买,2024-02-05,60,1,29.92
600528,2买,2024-03-29,60,1,12.63
600528,2买,2024-03-29,60,1,12.63
600528,1买,2025-12-18,60,5,14.14
600529,1买,2022-09-26,60,1,33.05
600529,2买,2022-12-23,60,1,18.33
600529,1买,2024-02-05,60,1,49.61
600529,2买,2024-08-26,60,1,47.87
600529,1买,2025-04-08,60,1,7.5
600529,1买,2025-05-29,60,13,13.54
600529,1买,2025-12-05,60,20,9.2
600530,1买,2024-09-19,60,1,72.13
600530,2买,2025-04-09,60,1,187.11
600530,3买,2025-08-11,60,1,27.11
600530,1买,2025-12-17,60,1,20.26
600531,1买,2024-02-06,60,1,78.72
600531,2买,2024-08-23,60,1,46.04
600531,3买,2025-01-06,60,1,30.21
600533,1买,2024-01-23,60,1,20.16
600533,1买,2024-02-08,60,1,38.46
600533,1买,2024-08-29,60,1,73.05
600533,2买,2025-02-05,60,1,15.24
600533,2买,2025-02-05,60,1,15.24
600533,1买,2025-04-09,60,1,51.08
600533,2买,2025-09-05,60,1,17.18
600533,2买,2025-09-05,60,1,17.18
600533,3买,2025-09-05,60,1,17.18
600533,1买,2025-09-29,60,1,17.76
600533,3买,2025-09-29,60,1,17.76
600535,3买,2023-08-09,60,1,18.79
600536,3买,2023-06-30,60,1,27.11
600536,1买,2023-10-26,60,1,22.37
600536,1买,2024-02-05,60,1,57.92
600536,2买,2025-01-06,60,1,31.01
600536,2买,2025-01-06,60,1,31.01
600536,3买,2025-04-02,60,1,25.65
600537,1买,2022-12-23,60,1,73.75
600537,2买,2023-04-25,60,1,26.92
600537,1买,2023-11-02,60,2,17.42
600537,1买,2023-12-21,60,1,31.58
600537,1买,2024-07-10,60,1,47.53
600537,1买,2024-08-28,60,1,88.68
600537,2买,2025-01-24,60,1,27.07
600537,2买,2025-01-24,60,1,27.07
600537,1买,2025-04-09,60,1,48.08
600537,3买,2025-04-09,60,1,48.08
600537,2买,2025-06-23,60,1,65.07
600537,3买,2025-12-24,60,2,17.37
600537,1买,2026-01-19,60,1,68.2
600538,1买,2022-10-11,60,1,22.35
600538,1买,2023-06-26,60,2,15.27
600538,2买,2023-10-23,60,1,25.93
600538,2买,2025-04-09,60,1,37.73
600539,1买,2023-06-26,60,1,18.57
600539,2买,2023-10-23,60,1,24.68
600539,1买,2024-07-18,60,1,53.12
600539,2买,2024-12-24,60,1,133.28
600539,1买,2025-01-24,60,1,139.64
600539,3买,2025-01-24,60,1,139.64
600539,2买,2025-09-23,60,1,19.92
600539,1买,2025-12-17,60,1,33.99
600539,3买,2025-12-17,60,1,33.99
600540,1买,2024-02-08,60,1,51.61
600540,2买,2024-06-24,60,1,13.75
600543,1买,2022-09-19,60,1,26.38
600543,2买,2023-02-09,60,2,8.35
600543,1买,2023-04-12,60,1,18.85
600543,2买,2023-08-14,60,1,15.14
600545,1买,2022-12-30,60,2,10.11
600545,1买,2024-08-23,60,1,86.4
600546,1买,2024-01-23,60,1,28.26
600546,1买,2024-09-13,60,1,45.86
600546,1买,2025-06-25,60,5,27.09
600547,3买,2024-01-23,60,2,69.38
600547,1买,2024-09-10,60,3,30.02
600547,2买,2025-05-15,60,4,20.97
600548,1买,2024-08-30,60,1,29.55
600548,2买,2025-03-25,60,4,9.07
600548,3买,2025-03-25,60,4,9.07
600549,1买,2023-05-19,60,1,11.88
600550,1买,2024-02-06,60,1,42.5
600550,2买,2024-04-23,60,1,41.07
600550,3买,2025-03-14,60,2,41.2
600550,1买,2026-05-28,1,1,4.57
600552,1买,2025-04-09,60,1,32.62
600556,1买,2023-06-30,60,1,13.48
600557,1买,2024-02-05,60,1,80.31
600557,2买,2025-10-30,60,1,15.83
600557,1买,2026-03-05,57,6,8.47
600558,1买,2024-02-07,60,1,55.86
600558,2买,2024-09-18,60,1,57.42
600558,3买,2025-01-06,60,1,68.65
600559,1买,2022-10-31,60,1,54.34
600559,2买,2023-07-19,60,2,26.93
600559,1买,2024-02-05,60,1,51.42
600559,2买,2024-04-19,60,1,41.71
600559,1买,2024-09-18,60,1,61.54
600559,2买,2025-03-05,60,5,10.58
600559,1买,2025-04-08,60,1,8.66
600559,1买,2025-06-23,60,5,17.02
600560,3买,2023-10-23,60,1,64.43
600561,1买,2025-04-09,60,1,62.88
600561,2买,2025-09-23,60,1,23.8
600561,3买,2025-09-23,60,1,23.8
600561,3买,2025-12-17,60,1,17.2
600562,1买,2024-02-05,60,1,55.89
600562,2买,2024-04-16,60,1,19.61
600562,3买,2025-04-08,60,1,87.64
600563,1买,2023-04-06,60,1,14.43
600563,1买,2023-05-10,60,1,21.45
600563,1买,2024-07-09,60,1,59.39
600563,2买,2025-01-13,60,1,18.25
600563,1买,2025-04-09,60,1,28.44
600566,1买,2023-08-09,60,2,16.08
600566,2买,2023-10-23,60,1,39.38
600566,1买,2024-07-31,60,1,15.72
600566,1买,2025-04-28,60,1,17.2
600566,2买,2026-02-03,60,1,16.22
600567,1买,2023-09-26,60,2,9.22
600567,1买,2025-04-09,60,1,34.67
600567,2买,2025-07-21,60,2,12.9
600569,1买,2023-06-27,60,19,29.38
600569,2买,2023-10-23,60,1,16.75
600569,1买,2025-04-09,60,1,45.57
600570,1买,2023-03-23,60,1,35.83
600570,3买,2023-03-23,60,1,35.83
600570,1买,2024-02-05,60,1,41.4
600570,2买,2025-01-13,60,1,51.76
600570,1买,2026-03-27,41,1,14.33
600571,1买,2022-10-11,60,1,92.41
600571,2买,2022-12-30,60,1,37.43
600571,3买,2024-11-27,60,1,50.63
600571,3买,2025-04-09,60,1,68.94
600573,1买,2024-02-06,60,1,40.19
600573,2买,2024-04-16,60,1,23.53
600573,3买,2025-01-13,60,1,16.45
600573,3买,2025-04-23,60,2,29.81
600573,3买,2025-08-01,60,2,6.43
600575,1买,2023-01-13,60,5,10.68
600575,2买,2023-10-11,60,3,4.81
600575,3买,2023-10-11,60,3,4.81
600575,1买,2024-02-05,60,1,52.58
600575,2买,2024-09-12,60,3,42.41
600575,3买,2024-09-12,60,3,42.41
600575,3买,2024-09-12,60,3,42.41
600575,3买,2024-11-15,60,1,35.23
600576,1买,2022-08-04,60,2,31.79
600576,2买,2022-10-11,60,1,58.2
600576,3买,2023-03-30,60,1,34.9
600576,1买,2023-10-23,60,2,21.41
600576,2买,2025-08-15,60,1,28.57
600576,1买,2025-10-21,60,1,34.42
600577,1买,2023-06-09,60,1,29.8
600577,2买,2025-04-09,60,1,58.96
600577,3买,2025-04-09,60,1,58.96
600577,3买,2025-06-23,60,1,33.14
600578,1买,2024-02-05,60,1,37.93
600578,2买,2024-06-28,60,1,15.48
600578,1买,2024-09-11,60,3,37.76
600578,2买,2025-03-11,60,2,41.05
600578,3买,2025-03-11,60,2,41.05
600578,3买,2025-08-04,60,4,22.57
600579,1买,2023-10-24,60,1,56.65
600579,1买,2024-07-25,60,1,73.56
600579,2买,2024-11-19,60,1,121.83
600579,2买,2024-11-19,60,1,121.83
600579,1买,2025-04-09,60,1,48.7
600579,2买,2025-06-23,60,1,55.66
600579,3买,2025-06-23,60,1,55.66
600580,1买,2023-04-25,60,1,33.57
600580,2买,2023-06-15,60,1,30.25
600580,1买,2024-02-05,60,1,127.2
600580,2买,2024-09-18,60,1,78.79
600580,1买,2025-07-07,60,2,197.13
600580,3买,2025-07-07,60,2,197.13
600580,2买,2025-11-24,60,1,31.83
600580,1买,2026-04-07,35,1,33.21
600581,1买,2022-10-31,60,1,36.53
600581,2买,2023-01-13,60,1,25.45
600581,1买,2026-03-24,43,1,22.31
600582,3买,2023-09-08,60,2,5.69
600582,1买,2023-10-24,60,2,21.07
600582,2买,2024-01-23,60,1,53.33
600582,1买,2024-09-11,60,4,38.95
600582,2买,2025-01-13,60,4,20.0
600583,3买,2023-11-09,60,1,14.24
600583,1买,2024-09-20,60,2,34.74
600583,2买,2024-11-26,60,4,8.85
600583,1买,2025-03-10,60,4,28.83
600584,1买,2024-02-05,60,1,55.79
600584,2买,2024-04-25,60,1,57.58
600584,3买,2024-11-27,60,1,18.09
600585,1买,2023-07-12,60,9,18.34
600585,1买,2023-12-11,60,4,17.42
600585,2买,2024-01-24,60,1,17.09
600585,1买,2025-06-23,60,8,30.29
600585,2买,2025-09-23,60,2,8.77
600586,1买,2024-02-06,60,1,36.02
600586,2买,2024-04-24,60,1,18.04
600586,1买,2025-04-09,60,1,27.15
600586,2买,2025-06-23,60,5,24.78
600586,1买,2026-04-07,35,1,19.41
600587,3买,2023-06-26,60,2,13.11
600587,1买,2024-02-06,60,1,42.64
600587,2买,2024-04-19,60,1,21.98
600587,1买,2024-09-19,60,1,39.14
600587,2买,2024-11-05,60,1,13.24
600587,1买,2025-04-09,60,1,9.0
600588,1买,2024-02-06,60,1,46.76
600588,2买,2024-04-22,60,1,13.68
600589,1买,2023-01-31,60,1,41.03
600589,2买,2023-08-01,60,1,158.09
600589,3买,2024-02-06,60,1,89.43
600589,1买,2024-09-18,60,1,219.81
600589,2买,2024-11-19,60,1,64.27
600589,3买,2024-11-19,60,1,64.27
600589,1买,2025-10-13,60,1,29.12
600589,3买,2025-10-13,60,1,29.12
600589,2买,2026-02-05,60,1,75.09
600590,1买,2025-01-06,60,1,186.21
600590,2买,2025-04-09,60,1,39.41
600590,3买,2025-04-09,60,1,39.41
600592,3买,2025-01-07,60,1,142.59
600592,3买,2025-04-09,60,1,120.26
600592,3买,2025-07-11,60,1,59.6
600592,1买,2026-04-07,35,1,15.79
600593,3买,2025-03-06,60,2,54.9
600594,1买,2025-04-09,60,1,40.82
600594,2买,2025-09-24,60,1,14.82
600596,1买,2024-09-18,60,1,43.11
600596,2买,2025-01-13,60,1,20.05
600596,1买,2025-04-30,60,2,40.69
600596,2买,2025-08-15,60,1,34.58
600597,1买,2025-04-07,60,1,15.54
600598,1买,2022-10-25,60,1,17.16
600598,2买,2022-12-29,60,15,8.23
600598,3买,2025-06-23,60,10,10.67
600598,1买,2025-09-29,60,4,9.62
600598,2买,2026-02-13,60,2,20.49
600598,3买,2026-04-28,20,1,9.13
600600,1买,2025-10-09,60,4,5.04
600600,1买,2025-12-31,60,19,5.63
600600,1买,2026-01-28,60,1,7.6
600601,3买,2025-03-04,60,1,23.75
600601,1买,2025-04-09,60,1,60.81
600602,3买,2023-07-13,60,1,43.03
600602,1买,2024-02-06,60,1,119.44
600602,2买,2024-08-28,60,1,106.11
600602,1买,2025-01-13,60,1,152.59
600602,2买,2025-04-09,60,1,37.84
600602,3买,2025-04-09,60,1,37.84
600603,1买,2023-09-11,60,1,29.51
600603,2买,2023-11-30,60,6,30.03
600603,1买,2024-08-21,60,1,137.08
600603,2买,2024-12-24,60,1,28.35
600603,3买,2025-04-09,60,1,33.33
600604,1买,2023-06-27,60,9,20.79
600604,1买,2024-01-23,60,1,22.28
600604,1买,2024-02-06,60,1,28.65
600604,2买,2025-01-13,60,1,27.4
600604,2买,2025-01-13,60,1,27.4
600604,1买,2025-04-09,60,1,46.25
600604,2买,2025-09-23,60,1,38.34
600604,2买,2025-09-23,60,1,38.34
600604,3买,2025-12-18,60,2,20.45
600604,1买,2026-04-30,18,1,25.85
600605,1买,2023-03-20,60,1,86.19
600605,2买,2023-05-22,60,1,63.64
600605,3买,2023-08-24,60,1,32.11
600605,3买,2024-07-09,60,1,50.87
600605,1买,2025-04-09,60,1,54.58
600605,3买,2025-04-09,60,1,54.58
600605,2买,2025-12-17,60,1,19.1
600605,1买,2026-03-04,58,1,37.66
600606,1买,2022-08-04,60,2,10.77
600606,1买,2022-11-01,60,1,44.31
600606,2买,2023-04-03,60,3,12.24
600606,1买,2023-04-27,60,1,17.95
600606,1买,2024-01-23,60,1,18.54
600606,3买,2025-08-04,60,8,14.52
600609,1买,2022-10-31,60,1,16.0
600609,2买,2022-12-29,60,2,10.73
600610,1买,2023-07-13,60,1,44.04
600610,2买,2025-08-04,60,1,18.88
600610,3买,2025-08-04,60,1,18.88
600610,1买,2025-09-24,60,1,17.38
600611,1买,2022-10-31,60,2,24.55
600611,2买,2023-04-25,60,3,21.84
600611,1买,2023-10-24,60,1,12.28
600611,1买,2024-01-23,60,1,22.93
600611,1买,2024-02-07,60,1,44.05
600611,2买,2024-04-18,60,1,94.34
600611,2买,2024-09-23,60,1,66.56
600611,2买,2024-09-23,60,1,66.56
600611,3买,2025-01-06,60,1,32.07
600611,1买,2025-04-09,60,1,43.57
600611,2买,2025-11-24,60,2,24.29
600611,1买,2026-04-07,35,1,46.44
600612,1买,2023-10-26,60,1,28.72
600612,3买,2023-10-26,60,1,28.72
600612,2买,2024-02-01,60,1,46.23
600613,1买,2023-04-26,60,1,11.93
600613,3买,2023-04-26,60,1,11.93
600613,1买,2023-06-28,60,1,45.92
600613,2买,2023-10-24,60,1,27.87
600613,2买,2023-10-24,60,1,27.87
600613,1买,2024-09-18,60,1,76.34
600615,1买,2022-12-23,60,1,21.34
600615,2买,2025-01-06,60,1,38.8
600615,1买,2025-04-09,60,1,49.7
600615,2买,2025-06-23,60,1,47.66
600615,1买,2026-03-23,45,1,22.68
600615,2买,2026-05-18,9,1,18.54
600616,1买,2024-02-06,60,1,51.81
600616,2买,2024-07-10,60,1,41.86
600616,1买,2024-08-26,60,3,55.32
600616,2买,2025-01-13,60,1,15.07
600616,3买,2025-06-23,60,2,14.94
600617,1买,2022-12-23,60,8,10.0
600617,1买,2023-04-26,60,2,19.17
600617,1买,2025-04-09,60,1,51.18
600617,2买,2025-09-11,60,2,75.64
600618,1买,2022-11-01,60,1,15.41
600618,1买,2023-08-31,60,1,16.78
600618,1买,2023-10-23,60,1,15.41
600618,2买,2023-12-25,60,1,9.88
600618,2买,2023-12-25,60,1,9.88
600618,1买,2024-09-18,60,1,64.57
600618,2买,2024-11-27,60,1,39.89
600618,2买,2025-03-06,60,2,15.53
600618,1买,2025-04-09,60,1,19.04
600618,2买,2025-06-23,60,1,26.01
600618,3买,2025-09-23,60,2,43.83
600618,3买,2026-03-04,58,1,16.23
600619,1买,2023-08-25,60,1,68.83
600619,2买,2025-01-06,60,1,45.22
600619,1买,2025-04-09,60,1,38.98
600619,3买,2025-04-09,60,1,38.98
600619,2买,2025-06-23,60,1,168.82
600620,1买,2022-12-07,60,1,32.11
600620,2买,2023-06-05,60,1,22.39
600620,1买,2025-04-09,60,1,39.01
600620,2买,2025-09-26,60,1,14.14
600621,1买,2022-12-29,60,1,33.03
600621,2买,2023-03-30,60,1,11.55
600621,1买,2023-06-28,60,3,46.94
600621,2买,2023-10-13,60,4,27.81
600621,1买,2025-01-13,60,1,11.88
600621,3买,2025-01-13,60,1,11.88
600621,1买,2025-04-09,60,1,31.96
600621,2买,2025-09-24,60,3,13.84
600621,2买,2025-09-24,60,3,13.84
600622,1买,2022-10-31,60,2,59.14
600622,2买,2023-01-16,60,3,19.81
600622,1买,2023-05-30,60,3,29.79
600622,1买,2024-07-25,60,1,148.84
600622,1买,2024-08-29,60,1,281.65
600622,2买,2025-01-06,60,1,45.77
600622,2买,2025-01-06,60,1,45.77
600622,2买,2025-01-06,60,1,45.77
600622,1买,2025-04-09,60,1,39.08
600622,3买,2025-04-09,60,1,39.08
600622,2买,2025-06-23,60,1,41.09
600622,1买,2026-04-07,35,1,11.84
600623,1买,2022-10-31,60,4,13.41
600623,2买,2025-01-13,60,1,18.29
600626,1买,2025-04-09,60,1,27.59
600626,2买,2025-06-23,60,1,42.86
600628,1买,2022-10-31,60,2,25.89
600628,2买,2023-01-19,60,5,16.54
600628,1买,2025-04-09,60,1,28.09
600628,2买,2025-06-20,60,3,15.13
600629,1买,2022-10-28,60,1,21.34
600629,2买,2022-12-30,60,2,32.41
600629,1买,2024-01-22,60,1,62.25
600629,1买,2024-08-23,60,1,182.29
600629,2买,2025-01-06,60,1,26.68
600629,2买,2025-01-06,60,1,26.68
600629,3买,2025-01-06,60,1,26.68
600629,3买,2025-01-06,60,1,26.68
600629,1买,2025-04-09,60,1,48.23
600629,3买,2025-04-09,60,1,48.23
600629,2买,2025-06-23,60,1,114.21
600630,1买,2023-04-25,60,2,23.33
600630,2买,2023-05-30,60,4,22.61
600630,1买,2023-06-27,60,1,39.19
600630,2买,2023-09-01,60,1,107.99
600630,1买,2024-07-10,60,1,33.88
600630,3买,2024-07-10,60,1,33.88
600630,1买,2024-08-29,60,1,74.74
600630,2买,2025-01-13,60,1,23.43
600633,3买,2023-07-31,60,1,37.7
600633,1买,2024-02-06,60,1,51.27
600633,2买,2025-01-13,60,1,124.24
600633,1买,2025-12-17,60,5,45.46
600633,3买,2025-12-17,60,5,45.46
600635,1买,2023-11-02,60,11,12.33
600635,1买,2024-02-06,60,1,24.02
600635,2买,2024-03-29,60,4,10.53
600635,2买,2025-01-13,60,1,21.55
600635,1买,2025-04-09,60,1,28.09
600635,3买,2025-04-09,60,1,28.09
600635,2买,2025-09-05,60,3,108.44
600635,3买,2026-02-06,60,11,19.81
600637,3买,2023-07-07,60,1,9.27
600637,1买,2024-07-16,60,1,42.41
600637,2买,2025-01-13,60,1,24.5
600637,1买,2025-04-09,60,1,9.05
600637,2买,2025-06-23,60,4,34.35
600637,3买,2025-12-17,60,1,79.11
600638,1买,2024-02-07,60,1,36.34
600638,2买,2024-07-25,60,1,57.82
600638,1买,2025-04-09,60,1,58.33
600638,2买,2025-06-23,60,1,26.7
600639,1买,2024-01-22,60,1,65.28
600639,2买,2024-04-16,60,2,18.98
600639,1买,2024-08-29,60,1,44.43
600639,2买,2025-01-13,60,1,12.49
600639,1买,2025-08-07,60,11,12.83
600640,1买,2023-10-24,60,1,52.24
600640,2买,2023-11-30,60,1,73.69
600640,1买,2024-08-28,60,1,59.26
600640,2买,2025-01-13,60,1,34.53
600640,1买,2025-04-09,60,1,20.67
600640,2买,2025-06-23,60,1,19.59
600640,3买,2025-09-04,60,2,29.69
600641,1买,2024-09-10,60,1,125.93
600641,2买,2025-01-06,60,1,27.35
600641,3买,2025-01-06,60,1,27.35
600641,1买,2025-04-09,60,1,18.25
600641,3买,2025-04-09,60,1,18.25
600642,3买,2024-06-27,60,1,12.77
600642,1买,2024-12-02,60,2,18.8
600642,2买,2025-03-28,60,1,9.88
600643,1买,2023-06-26,60,17,31.62
600643,2买,2023-10-23,60,2,8.86
600643,1买,2024-02-06,60,1,26.89
600643,2买,2024-04-17,60,1,13.76
600643,3买,2025-10-20,60,3,8.09
600644,1买,2022-12-27,60,1,15.25
600644,2买,2025-06-23,60,1,36.89
600644,3买,2025-09-30,60,1,20.0
600644,1买,2025-10-24,60,1,23.46
600645,1买,2025-04-09,60,1,44.39
600645,2买,2025-10-24,60,1,27.6
600648,1买,2024-02-06,60,1,24.81
600648,2买,2024-07-11,60,4,42.42
600648,1买,2024-09-12,60,2,52.85
600648,2买,2025-01-13,60,2,17.61
600648,1买,2025-04-08,60,1,23.96
600648,3买,2025-04-08,60,1,23.96
600649,1买,2024-01-23,60,1,22.36
600649,1买,2024-02-06,60,1,26.73
600649,2买,2024-07-25,60,3,65.55
600649,1买,2024-08-29,60,1,94.46
600649,2买,2025-01-08,60,2,16.08
600649,2买,2025-01-08,60,2,16.08
600649,3买,2025-03-11,60,3,26.6
600649,3买,2025-06-23,60,2,21.15
600650,1买,2023-10-24,60,3,15.17
600650,2买,2023-12-28,60,2,15.85
600650,3买,2025-01-07,60,1,39.41
600650,3买,2025-01-07,60,1,39.41
600650,1买,2025-04-09,60,1,70.17
600650,2买,2025-06-23,60,1,40.58
600651,1买,2023-09-01,60,3,8.65
600651,2买,2025-01-13,60,1,41.49
600651,1买,2025-04-09,60,1,39.24
600651,2买,2025-09-11,60,1,52.24
600651,3买,2025-12-24,60,7,31.32
600653,1买,2022-10-31,60,1,12.9
600653,2买,2023-01-13,60,6,9.09
600653,1买,2024-05-30,60,1,70.64
600653,2买,2024-07-25,60,2,76.92
600654,1买,2023-08-29,60,1,32.8
600654,2买,2024-02-08,60,1,55.96
600654,1买,2024-09-19,60,1,176.1
600654,2买,2025-01-06,60,1,35.62
600654,1买,2025-04-09,60,1,27.67
600654,3买,2025-04-09,60,1,27.67
600654,2买,2025-09-29,60,1,48.24
600655,1买,2023-11-13,60,,3.32
600655,1买,2023-12-27,60,2,20.27
600655,1买,2024-01-23,60,1,22.53
600655,1买,2024-09-18,60,1,44.06
600655,2买,2025-03-05,60,4,6.49
600655,1买,2025-04-08,60,1,16.5
600655,2买,2025-06-23,60,3,19.59
600657,1买,2022-10-31,60,1,77.67
600657,2买,2023-01-13,60,3,14.54
600657,1买,2023-10-20,60,1,16.0
600657,1买,2024-01-23,60,1,37.42
600657,1买,2024-02-07,60,1,45.88
600657,1买,2024-08-23,60,1,134.2
600657,2买,2025-04-08,60,1,26.86
600657,2买,2025-04-08,60,1,26.86
600657,2买,2025-04-08,60,1,26.86
600657,2买,2025-04-08,60,1,26.86
600657,1买,2025-06-23,60,1,18.5
600657,3买,2025-06-23,60,1,18.5
600657,2买,2025-08-04,60,9,16.84
600657,1买,2026-04-27,21,1,16.14
600658,1买,2024-02-07,60,1,49.83
600658,2买,2024-04-17,60,1,28.66
600658,1买,2024-07-10,60,1,68.21
600658,2买,2025-01-13,60,1,40.66
600658,1买,2025-04-09,60,1,50.45
600658,2买,2025-12-04,60,1,20.19
600658,1买,2026-03-24,44,1,31.0
600658,3买,2026-03-24,44,1,31.0
600660,1买,2022-10-31,60,1,19.46
600660,1买,2023-06-02,60,6,21.92
600660,2买,2023-12-11,60,1,29.47
600660,2买,2023-12-11,60,1,29.47
600660,3买,2024-08-06,60,1,51.63
600660,3买,2024-08-06,60,1,51.63
600660,3买,2025-03-07,60,2,11.82
600660,1买,2025-04-09,60,1,17.76
600660,2买,2025-08-04,60,2,37.65
600661,1买,2022-10-12,60,1,75.17
600661,2买,2023-02-28,60,1,15.2
600661,1买,2023-04-24,60,1,27.72
600661,2买,2024-09-13,60,1,61.4
600661,3买,2024-09-13,60,1,61.4
600661,1买,2025-01-13,60,1,25.36
600661,1买,2025-04-09,60,1,31.67
600661,2买,2025-10-13,60,1,17.25
600662,1买,2024-02-06,60,1,36.36
600662,2买,2024-07-09,60,1,47.35
600662,3买,2025-12-16,60,18,37.6
600663,1买,2022-10-31,60,2,34.59
600663,2买,2023-03-14,60,2,14.1
600663,1买,2023-05-26,60,3,14.71
600663,1买,2024-08-29,60,1,58.79
600664,1买,2023-09-08,60,1,24.6
600664,3买,2023-09-08,60,1,24.6
600664,2买,2023-10-24,60,1,21.12
600664,3买,2025-01-14,60,1,8.54
600664,1买,2025-03-05,60,7,12.54
600664,3买,2025-03-05,60,7,12.54
600664,1买,2025-04-09,60,1,31.37
600664,2买,2025-06-23,60,4,16.25
600664,2买,2025-06-23,60,4,16.25
600665,1买,2022-08-04,60,2,22.0
600665,2买,2023-01-13,60,1,31.99
600665,1买,2024-02-08,60,1,73.17
600665,2买,2024-08-29,60,1,74.88
600665,1买,2025-04-09,60,1,41.56
600665,2买,2025-08-01,60,2,16.82
600666,1买,2023-09-14,60,2,23.23
600666,2买,2025-01-13,60,1,74.41
600666,1买,2025-12-17,60,3,53.46
600666,3买,2025-12-17,60,3,53.46
600667,1买,2023-01-03,60,10,41.33
600667,2买,2023-10-24,60,1,46.69
600667,1买,2024-02-06,60,1,58.72
600667,2买,2024-07-09,60,1,33.84
600667,1买,2024-09-18,60,1,97.77
600667,2买,2025-01-13,60,1,27.11
600667,3买,2025-01-13,60,1,27.11
600667,1买,2025-04-09,60,1,19.25
600667,2买,2025-05-28,60,18,13.42
600667,3买,2025-05-28,60,18,13.42
600668,1买,2023-10-24,60,1,14.74
600668,2买,2023-12-11,60,2,11.22
600668,1买,2025-10-13,60,1,7.91
600671,3买,2024-01-18,60,1,11.84
600671,3买,2025-09-19,60,1,13.19
600671,1买,2025-12-16,60,1,42.32
600671,3买,2025-12-16,60,1,42.32
600673,1买,2022-12-23,60,1,22.18
600673,1买,2024-01-31,60,1,55.33
600673,2买,2024-08-27,60,1,41.77
600673,2买,2025-04-08,60,1,61.51
600674,1买,2024-11-29,60,1,13.92
600674,3买,2024-11-29,60,1,13.92
600674,1买,2025-03-04,60,9,19.76
600674,1买,2026-01-29,60,5,21.01
600675,1买,2022-10-31,60,2,73.53
600675,2买,2023-04-26,60,1,43.46
600675,1买,2023-05-30,60,1,65.61
600675,2买,2023-11-02,60,1,29.94
600675,1买,2024-01-23,60,1,64.77
600675,1买,2024-07-10,60,1,53.36
600675,2买,2024-08-29,60,1,51.45
600675,1买,2025-04-09,60,1,22.98
600675,2买,2025-08-04,60,3,13.94
600675,2买,2025-08-04,60,3,13.94
600675,3买,2025-08-28,60,1,10.47
600675,1买,2026-03-24,44,1,9.13
600676,1买,2025-04-09,60,1,74.55
600676,2买,2025-09-09,60,1,27.48
600676,3买,2025-12-17,60,2,86.11
600676,1买,2026-05-27,2,1,6.04
600678,1买,2023-10-23,60,1,132.6
600678,2买,2025-01-06,60,1,82.21
600678,1买,2025-04-09,60,1,66.07
600678,2买,2025-09-29,60,2,73.56
600678,3买,2026-03-23,44,1,26.92
600679,1买,2024-02-08,60,1,39.74
600679,2买,2024-04-17,60,1,25.0
600681,1买,2025-04-09,60,1,17.36
600681,2买,2025-12-17,60,1,23.39
600682,3买,2025-12-05,60,1,28.25
600683,1买,2023-04-26,60,1,83.3
600683,2买,2023-07-12,60,1,62.68
600683,1买,2024-01-23,60,1,58.06
600683,1买,2024-02-08,60,1,100.3
600683,2买,2024-07-11,60,1,58.62
600683,1买,2024-08-29,60,1,68.29
600683,2买,2024-11-19,60,1,18.36
600683,1买,2025-04-09,60,1,24.33
600683,2买,2025-06-23,60,2,27.87
600683,1买,2025-09-29,60,1,54.87
600683,2买,2025-12-31,60,2,174.4
600684,1买,2022-10-13,60,1,60.67
600684,2买,2023-02-20,60,3,13.08
600684,1买,2023-06-27,60,1,76.87
600684,2买,2023-10-19,60,1,26.24
600684,1买,2024-01-23,60,1,27.97
600684,1买,2024-02-08,60,1,40.17
600684,2买,2024-06-24,60,1,35.2
600684,1买,2025-04-09,60,1,59.03
600684,2买,2025-12-17,60,1,31.03
600684,2买,2025-12-17,60,1,31.03
600684,3买,2025-12-17,60,1,31.03
600684,3买,2025-12-17,60,1,31.03
600685,1买,2024-02-06,60,1,36.82
600685,2买,2024-03-27,60,1,17.82
600685,3买,2024-03-27,60,1,17.82
600685,1买,2025-04-08,60,1,41.14
600685,2买,2025-10-23,60,2,34.35
600686,1买,2022-10-11,60,1,28.83
600686,2买,2022-12-23,60,1,18.54
600686,1买,2024-02-06,60,1,101.02
600686,2买,2024-07-09,60,1,186.81
600686,3买,2025-02-25,60,1,23.94
600686,1买,2025-04-09,60,1,47.91
600686,2买,2025-11-21,60,1,57.89
600688,1买,2023-06-26,60,2,10.07
600688,1买,2025-09-29,60,5,9.36
600688,1买,2025-12-17,60,8,49.04
600688,2买,2026-04-27,21,2,17.45
600689,1买,2024-02-08,60,1,39.42
600689,2买,2025-01-13,60,1,52.94
600689,1买,2025-04-09,60,1,52.47
600689,2买,2025-12-17,60,1,18.98
600689,1买,2026-03-23,45,1,23.04
600689,3买,2026-03-23,45,1,23.04
600690,1买,2023-12-18,60,4,27.14
600690,2买,2024-07-25,60,1,41.25
600690,1买,2024-08-30,60,1,53.12
600690,3买,2024-08-30,60,1,53.12
600690,2买,2024-11-26,60,1,11.33
600690,3买,2024-11-26,60,1,11.33
600690,1买,2025-01-06,60,1,8.69
600691,1买,2025-04-09,60,1,56.07
600691,2买,2026-01-05,60,1,78.39
600692,1买,2022-08-04,60,2,21.08
600692,2买,2023-03-20,60,4,6.24
600692,1买,2023-04-26,60,1,17.72
600692,1买,2023-06-27,60,1,25.71
600692,2买,2023-10-23,60,1,54.85
600692,1买,2024-02-08,60,1,43.78
600692,2买,2024-06-25,60,1,67.61
600692,2买,2025-04-09,60,1,19.44
600693,1买,2022-08-04,60,1,23.16
600693,2买,2023-03-21,60,6,10.2
600693,1买,2023-04-26,60,3,10.47
600693,2买,2023-08-31,60,2,11.83
600693,1买,2023-10-23,60,2,19.03
600693,2买,2025-02-19,60,1,50.47
600693,3买,2025-02-19,60,1,50.47
600693,3买,2025-06-23,60,1,26.98
600693,1买,2026-05-25,4,1,13.15
600694,1买,2022-11-01,60,1,17.32
600694,2买,2023-06-26,60,5,16.58
600694,1买,2023-12-27,60,2,14.66
600694,2买,2024-06-24,60,2,10.95
600694,1买,2024-09-18,60,1,104.89
600694,2买,2025-01-13,60,1,27.06
600697,1买,2022-07-06,60,1,18.01
600697,2买,2023-10-23,60,1,34.88
600697,1买,2024-09-18,60,1,74.31
600697,2买,2025-01-13,60,1,45.65
600697,3买,2026-01-05,60,3,10.81
600698,1买,2022-08-26,60,1,19.31
600698,1买,2023-05-26,60,1,15.01
600698,1买,2024-07-25,60,1,78.8
600698,2买,2024-08-28,60,1,105.61
600698,2买,2024-11-27,60,1,33.26
600698,2买,2024-11-27,60,1,33.26
600698,1买,2024-12-31,60,1,86.22
600698,3买,2024-12-31,60,1,86.22
600698,2买,2025-04-09,60,1,144.44
600698,1买,2026-03-23,45,1,33.73
600699,3买,2023-04-25,60,1,58.56
600699,1买,2023-09-15,60,1,19.92
600699,3买,2023-09-15,60,1,19.92
600699,1买,2024-07-08,60,1,37.14
600699,2买,2025-01-08,60,1,45.04
600699,1买,2025-04-09,60,1,51.03
600699,2买,2025-11-24,60,1,32.61
600699,2买,2025-11-24,60,1,32.61
600699,1买,2026-03-24,44,1,46.08
600702,1买,2022-10-31,60,1,60.07
600702,2买,2023-07-03,60,1,35.59
600702,1买,2024-07-09,60,1,48.76
600702,1买,2024-09-18,60,1,118.02
600702,2买,2025-02-05,60,2,19.47
600702,2买,2025-02-05,60,2,19.47
600702,1买,2026-01-28,60,1,16.19
600702,1买,2026-04-07,35,1,10.23
600703,1买,2023-08-29,60,1,10.68
600703,1买,2023-12-21,60,5,8.13
600703,1买,2024-02-05,60,1,34.93
600703,2买,2024-04-16,60,1,16.29
600703,1买,2025-04-09,60,1,27.86
600703,2买,2025-11-24,60,3,37.31
600703,2买,2026-02-09,60,1,26.57
600704,1买,2023-10-24,60,3,9.26
600704,1买,2024-02-05,60,1,26.2
600704,2买,2024-03-28,60,2,16.4
600704,2买,2024-03-28,60,2,16.4
600704,1买,2024-09-18,60,1,44.22
600704,2买,2025-01-13,60,1,16.01
600704,3买,2025-04-09,60,1,30.57
600706,1买,2022-10-12,60,1,90.94
600706,2买,2023-02-20,60,1,109.33
600706,3买,2023-08-24,60,1,41.38
600706,1买,2024-09-18,60,1,87.6
600706,2买,2025-01-13,60,1,37.63
600706,1买,2025-04-09,60,1,52.41
600706,2买,2025-08-15,60,2,42.61
600707,1买,2024-02-05,60,1,77.82
600707,3买,2024-02-05,60,1,77.82
600707,2买,2024-07-09,60,1,29.0
600707,1买,2024-07-25,60,1,39.73
600707,2买,2024-11-27,60,1,37.89
600707,1买,2025-04-09,60,1,18.91
600708,1买,2022-11-01,60,1,40.5
600708,2买,2023-01-13,60,5,8.81
600708,1买,2023-06-27,60,1,50.49
600708,2买,2023-10-23,60,1,18.69
600708,1买,2024-01-23,60,1,47.12
600708,2买,2025-03-11,60,3,27.87
600708,3买,2025-03-11,60,3,27.87
600708,1买,2025-04-09,60,1,52.94
600708,3买,2025-04-09,60,1,52.94
600710,1买,2023-10-24,60,1,11.63
600710,3买,2023-10-24,60,1,11.63
600710,2买,2024-07-09,60,1,42.39
600711,1买,2023-10-24,60,1,9.72
600711,1买,2024-02-06,60,1,71.1
600711,2买,2024-06-06,60,1,75.75
600711,2买,2024-11-27,60,1,17.03
600711,3买,2025-08-15,60,1,76.75
600711,3买,2025-08-15,60,1,76.75
600712,1买,2022-10-11,60,1,45.69
600712,2买,2023-06-27,60,3,36.9
600712,1买,2025-04-08,60,1,69.2
600712,3买,2025-04-08,60,1,69.2
600713,1买,2023-08-25,60,1,6.92
600713,1买,2023-10-23,60,2,22.13
600713,1买,2024-09-18,60,1,38.92
600713,2买,2025-01-13,60,3,11.5
600713,1买,2025-04-09,60,1,17.8
600713,3买,2025-04-09,60,1,17.8
600713,2买,2025-05-27,60,4,7.37
600713,2买,2025-05-27,60,4,7.37
600714,1买,2023-06-27,60,2,20.42
600714,2买,2024-12-26,60,1,66.59
600714,1买,2025-04-09,60,1,66.09
600714,2买,2025-06-03,60,1,43.29
600714,3买,2025-08-04,60,5,12.74
600714,1买,2025-09-24,60,1,31.72
600715,1买,2025-04-09,60,1,41.3
600715,2买,2025-12-17,60,1,23.47
600715,1买,2026-03-24,44,1,16.84
600716,1买,2023-06-27,60,1,34.58
600716,2买,2024-01-02,60,1,14.75
600716,1买,2024-08-26,60,1,56.5
600716,2买,2025-01-13,60,1,21.57
600716,3买,2025-03-13,60,1,16.46
600716,3买,2025-12-17,60,1,37.82
600717,1买,2022-08-04,60,14,11.2
600717,2买,2022-11-01,60,3,13.66
600717,1买,2023-10-24,60,1,6.39
600717,1买,2024-01-23,60,1,23.02
600717,2买,2024-06-24,60,5,18.07
600717,2买,2024-06-24,60,5,18.07
600717,3买,2024-06-24,60,5,18.07
600717,1买,2025-04-09,60,1,16.24
600717,2买,2025-09-29,60,3,7.61
600717,1买,2025-12-16,60,16,12.24
600718,1买,2024-02-06,60,1,47.29
600718,2买,2024-04-23,60,1,18.92
600718,3买,2025-12-16,60,2,31.98
600719,1买,2023-10-20,60,1,39.45
600719,3买,2023-10-20,60,1,39.45
600719,2买,2023-12-11,60,1,30.7
600719,1买,2025-04-09,60,1,36.61
600719,2买,2025-09-23,60,1,11.55
600719,1买,2025-12-17,60,1,31.4
600720,1买,2024-09-10,60,2,42.54
600720,2买,2025-01-13,60,3,8.78
600720,1买,2025-06-23,60,13,23.85
600721,1买,2022-09-26,60,1,51.02
600721,2买,2022-12-28,60,1,12.58
600721,1买,2023-03-21,60,1,11.89
600721,2买,2023-06-12,60,7,29.3
600721,1买,2023-08-25,60,1,70.88
600721,1买,2025-01-17,60,2,26.56
600721,2买,2025-03-25,60,1,30.0
600721,2买,2025-06-23,60,1,65.61
600721,3买,2025-06-23,60,1,65.61
600721,3买,2026-03-04,53,2,31.81
600721,3买,2026-03-04,53,2,31.81
600722,1买,2025-04-09,60,1,102.4
600722,2买,2025-08-01,60,5,35.03
600722,1买,2025-12-17,60,2,251.23
600724,1买,2022-10-31,60,2,29.52
600724,2买,2022-12-30,60,2,17.73
600724,1买,2024-02-07,60,1,41.98
600724,2买,2024-09-09,60,6,96.75
600724,3买,2025-02-25,60,2,17.49
600724,1买,2025-04-09,60,1,26.14
600724,2买,2025-06-19,60,3,20.99
600725,1买,2024-02-08,60,1,62.43
600725,2买,2024-04-17,60,1,45.42
600725,1买,2025-04-09,60,1,32.44
600725,2买,2025-06-23,60,1,26.64
600726,1买,2024-01-23,60,1,25.0
600726,1买,2024-02-08,60,1,38.42
600726,2买,2024-09-12,60,3,40.74
600726,2买,2025-01-13,60,1,11.9
600726,1买,2025-04-09,60,1,40.8
600726,2买,2025-06-20,60,7,27.31
600726,3买,2025-09-30,60,1,22.46
600727,1买,2022-08-04,60,2,9.37
600727,1买,2024-09-18,60,1,55.77
600727,2买,2025-01-06,60,1,43.07
600728,1买,2023-01-12,60,4,51.84
600728,2买,2023-05-26,60,1,24.53
600728,1买,2024-02-06,60,1,41.34
600728,1买,2024-07-10,60,1,45.92
600728,1买,2024-08-23,60,2,71.19
600728,2买,2025-01-13,60,1,56.97
600728,2买,2025-01-13,60,1,56.97
600728,2买,2025-01-13,60,1,56.97
600728,3买,2025-04-09,60,1,37.35
600729,1买,2022-10-25,60,1,33.96
600729,2买,2023-04-12,60,1,40.81
600729,3买,2023-06-28,60,2,29.79
600729,1买,2024-04-10,60,3,12.51
600729,2买,2025-02-24,60,1,36.71
600729,1买,2025-09-30,60,3,10.71
600730,1买,2023-04-24,60,1,52.79
600730,1买,2024-02-07,60,1,56.68
600730,2买,2024-07-11,60,1,50.9
600730,1买,2025-04-09,60,1,28.76
600730,2买,2025-10-13,60,1,104.5
600730,2买,2025-10-13,60,1,104.5
600730,3买,2025-10-13,60,1,104.5
600730,3买,2025-10-13,60,1,104.5
600731,1买,2024-02-07,60,1,38.22
600731,2买,2025-01-06,60,1,25.88
600732,1买,2023-04-25,60,1,47.01
600732,1买,2024-02-06,60,1,29.88
600733,1买,2023-09-27,60,1,63.6
600733,2买,2024-05-13,60,1,79.22
600733,1买,2025-04-09,60,1,29.83
600733,2买,2025-10-20,60,2,17.72
600733,3买,2025-10-20,60,2,17.72
600734,1买,2022-12-30,60,1,38.44
600734,2买,2023-04-03,60,4,13.57
600734,1买,2023-06-26,60,1,16.39
600734,2买,2025-09-11,60,1,95.42
600734,3买,2025-09-11,60,1,95.42
600734,1买,2025-09-29,60,1,105.97
600736,1买,2023-05-30,60,3,26.61
600736,1买,2024-02-07,60,1,37.2
600736,2买,2024-07-10,60,1,37.34
600736,1买,2024-08-29,60,1,94.46
600736,2买,2025-01-13,60,1,32.66
600736,2买,2025-01-13,60,1,32.66
600736,1买,2025-04-09,60,1,18.46
600736,3买,2025-04-09,60,1,18.46
600736,2买,2025-09-23,60,1,16.51
600737,1买,2022-10-31,60,2,17.02
600737,2买,2023-05-17,60,3,14.2
600737,3买,2024-11-28,60,1,14.97
600737,1买,2025-02-26,60,9,8.48
600737,1买,2025-04-07,60,1,11.01
600737,2买,2025-10-28,60,1,42.43
600737,2买,2025-10-28,60,1,42.43
600737,3买,2025-10-28,60,1,42.43
600737,3买,2026-01-14,60,2,15.23
600737,1买,2026-04-03,36,2,19.17
600738,1买,2022-10-11,60,1,37.78
600738,2买,2022-11-30,60,2,24.38
600738,1买,2023-04-28,60,1,19.76
600738,2买,2023-10-24,60,3,32.81
600738,1买,2025-11-25,60,1,18.35
600739,1买,2022-10-31,60,1,14.76
600739,2买,2022-12-29,60,6,10.74
600739,1买,2023-04-26,60,2,15.75
600739,2买,2023-06-26,60,17,16.22
600739,1买,2024-08-28,60,1,92.29
600739,2买,2025-04-09,60,1,26.43
600739,1买,2026-03-24,44,1,13.38
600740,1买,2022-12-23,60,10,14.15
600740,1买,2023-08-25,60,1,10.98
600740,1买,2025-04-09,60,1,13.95
600741,1买,2023-04-25,60,1,21.38
600741,2买,2023-07-17,60,3,11.99
600741,1买,2024-02-05,60,1,17.36
600741,2买,2024-06-14,60,1,5.9
600741,1买,2024-08-22,60,3,49.58
600741,2买,2025-01-14,60,1,18.34
600741,3买,2025-08-04,60,3,23.79
600741,3买,2025-11-28,60,3,8.98
600742,1买,2024-09-18,60,1,42.28
600742,2买,2025-01-08,60,1,18.19
600742,1买,2025-04-09,60,1,34.16
600742,2买,2025-06-19,60,3,18.36
600742,3买,2025-06-19,60,3,18.36
600742,3买,2025-09-05,60,3,10.46
600742,1买,2025-11-24,60,1,19.96
600742,2买,2026-01-15,60,2,19.83
600743,1买,2023-05-30,60,1,74.5
600743,2买,2023-08-24,60,1,18.32
600743,1买,2024-01-23,60,1,20.74
600743,1买,2024-02-07,60,1,54.0
600743,2买,2025-04-09,60,1,58.11
600743,2买,2025-04-09,60,1,58.11
600743,3买,2025-08-01,60,7,17.14
600743,1买,2025-09-05,60,2,19.42
600743,3买,2025-09-05,60,2,19.42
600744,1买,2023-10-24,60,1,37.7
600744,2买,2023-12-27,60,3,33.76
600744,3买,2025-09-30,60,1,17.21
600745,1买,2023-08-25,60,1,32.94
600745,2买,2023-10-24,60,1,29.02
600745,1买,2024-08-28,60,1,111.89
600745,2买,2024-12-26,60,1,12.98
600745,1买,2025-01-13,60,1,24.0
600745,2买,2025-06-16,60,6,46.67
600746,1买,2022-10-31,60,1,16.84
600746,2买,2023-01-03,60,9,13.95
600746,1买,2024-02-06,60,1,74.78
600746,2买,2024-06-25,60,1,12.5
600746,1买,2025-12-15,60,4,43.67
600746,3买,2025-12-15,60,4,43.67
600746,2买,2026-03-24,44,1,42.37
600748,1买,2024-01-23,60,1,37.1
600748,1买,2024-02-08,60,1,22.5
600748,1买,2024-08-29,60,1,77.78
600748,2买,2025-01-13,60,1,18.39
600748,2买,2025-01-13,60,1,18.39
600748,1买,2025-04-09,60,1,24.54
600748,2买,2026-03-24,44,1,38.11
600748,2买,2026-03-24,44,1,38.11
600748,3买,2026-03-24,44,1,38.11
600748,3买,2026-03-24,44,1,38.11
600748,1买,2026-05-28,1,1,12.5
600749,1买,2023-03-17,60,1,43.55
600749,2买,2025-10-13,60,1,13.62
600749,1买,2025-12-16,60,2,10.13
600750,3买,2023-10-23,60,1,28.54
600750,3买,2025-02-25,60,3,13.78
600750,1买,2025-09-23,60,43,16.02
600750,1买,2025-11-06,60,4,20.1
600750,2买,2026-05-25,4,1,13.35
600751,1买,2024-08-28,60,2,68.93
600751,2买,2025-01-13,60,1,32.91
600751,3买,2025-03-04,60,1,29.63
600751,3买,2025-12-17,60,3,21.04
600754,1买,2022-10-25,60,1,21.66
600754,2买,2023-03-27,60,1,18.67
600754,1买,2023-10-24,60,1,11.2
600754,1买,2024-02-06,60,1,42.19
600754,2买,2025-01-13,60,1,17.34
600754,1买,2025-06-23,60,3,12.81
600754,2买,2025-10-30,60,2,29.5
600754,1买,2026-03-24,44,1,15.16
600755,1买,2023-10-24,60,3,8.66
600755,1买,2024-01-23,60,1,20.62
600755,1买,2025-04-09,60,1,13.79
600755,2买,2025-09-04,60,12,16.89
600755,2买,2026-02-13,60,6,6.76
600756,1买,2022-10-11,60,1,47.35
600756,2买,2022-11-28,60,1,32.4
600756,1买,2025-04-09,60,1,39.57
600756,2买,2025-09-23,60,1,80.76
600756,3买,2025-09-23,60,1,80.76
600757,1买,2023-10-23,60,1,28.88
600757,3买,2023-10-23,60,1,28.88
600757,2买,2024-04-25,60,1,27.22
600759,1买,2022-11-01,60,4,14.42
600759,2买,2022-12-30,60,1,11.98
600759,1买,2023-03-30,60,1,41.86
600759,2买,2023-05-23,60,1,25.32
600759,1买,2025-04-09,60,1,47.4
600759,2买,2025-09-23,60,1,37.84
600760,1买,2023-03-29,60,7,16.3
600760,2买,2023-06-09,60,4,9.59
600760,1买,2023-10-20,60,1,11.44
600760,2买,2025-01-08,60,1,13.51
600760,1买,2025-04-08,60,1,55.43
600760,2买,2025-09-08,60,1,37.94
600760,3买,2025-09-08,60,1,37.94
600760,3买,2025-09-08,60,1,37.94
600760,3买,2025-12-16,60,1,23.72
600760,1买,2026-03-24,44,1,12.92
600761,1买,2023-05-16,60,1,42.98
600761,3买,2023-05-16,60,1,42.98
600761,2买,2023-08-25,60,1,12.97
600761,1买,2025-04-09,60,1,31.24
600763,1买,2023-10-24,60,1,17.14
600763,1买,2025-04-23,60,3,10.41
600763,2买,2025-06-23,60,5,24.52
600764,1买,2023-10-24,60,2,34.56
600764,2买,2023-12-21,60,1,25.86
600764,1买,2024-07-25,60,1,100.4
600764,2买,2024-12-05,60,3,19.32
600764,1买,2025-01-08,60,1,45.95
600764,3买,2025-01-08,60,1,45.95
600764,2买,2025-02-19,60,2,38.5
600764,3买,2025-11-18,60,1,17.82
600764,1买,2025-12-17,60,5,19.45
600764,1买,2026-03-24,44,1,9.44
600765,1买,2022-10-12,60,1,32.88
600765,2买,2022-12-23,60,1,16.43
600765,1买,2023-03-29,60,1,19.98
600765,2买,2023-06-08,60,5,16.64
600765,1买,2025-04-08,60,1,22.3
600765,2买,2025-06-20,60,3,13.71
600765,1买,2025-11-05,60,1,35.52
600765,2买,2026-02-02,60,1,20.57
600765,3买,2026-02-02,60,1,20.57
600768,3买,2023-12-27,60,1,11.92
600768,1买,2025-04-09,60,1,55.54
600768,2买,2025-09-23,60,1,26.12
600769,1买,2023-03-30,60,2,39.02
600769,2买,2023-06-07,60,1,40.63
600769,1买,2024-08-23,60,1,154.06
600769,2买,2025-01-13,60,1,29.67
600769,3买,2025-01-13,60,1,29.67
600769,3买,2025-03-25,60,1,25.77
600769,1买,2025-04-09,60,1,37.37
600769,2买,2025-06-23,60,1,21.06
600770,1买,2022-10-31,60,1,18.91
600770,1买,2022-12-23,60,3,13.88
600770,1买,2023-10-24,60,1,16.67
600770,1买,2025-04-09,60,1,122.71
600770,2买,2025-10-20,60,1,13.67
600770,2买,2025-10-20,60,1,13.67
600770,3买,2025-10-20,60,1,13.67
600770,1买,2025-12-05,60,5,44.93
600770,3买,2025-12-05,60,5,44.93
600771,1买,2023-10-23,60,2,21.51
600771,1买,2025-12-18,60,4,6.48
600773,1买,2023-06-26,60,1,29.17
600773,1买,2023-10-23,60,1,15.49
600773,1买,2024-02-06,60,1,77.66
600773,2买,2024-07-01,60,1,27.7
600773,1买,2025-04-09,60,1,23.72
600774,1买,2023-06-28,60,2,13.9
600774,1买,2024-02-08,60,1,77.67
600774,2买,2024-04-16,60,1,78.46
600774,1买,2025-04-09,60,1,70.64
600774,2买,2025-05-26,60,1,59.31
600774,1买,2025-06-23,60,1,65.18
600774,2买,2025-09-24,60,1,13.49
600774,1买,2025-12-15,60,1,29.77
600775,1买,2024-08-27,60,2,92.39
600775,2买,2025-01-06,60,1,33.18
600775,1买,2025-04-09,60,1,47.27
600775,2买,2025-06-13,60,2,56.02
600775,3买,2025-06-13,60,2,56.02
600775,3买,2025-10-13,60,1,49.17
600775,1买,2025-12-17,60,1,89.41
600775,2买,2026-03-04,58,1,28.23
600775,1买,2026-04-29,19,2,13.5
600776,1买,2024-02-06,60,1,49.4
600776,2买,2024-06-11,60,1,9.96
600776,1买,2024-08-29,60,1,93.77
600776,2买,2025-01-13,60,1,28.28
600776,1买,2025-04-09,60,1,31.19
600776,2买,2025-11-21,60,1,119.53
600778,1买,2023-01-17,60,1,17.66
600778,2买,2023-06-27,60,2,34.07
600778,1买,2024-07-18,60,1,85.14
600778,2买,2024-09-18,60,1,165.6
600778,3买,2025-02-19,60,1,23.03
600778,1买,2025-04-08,60,1,41.14
600778,2买,2025-06-23,60,1,32.83
600778,1买,2026-03-23,45,1,18.32
600779,1买,2023-10-24,60,1,20.0
600779,2买,2023-12-06,60,1,8.56
600779,1买,2026-03-30,40,1,15.14
600780,1买,2023-04-28,60,1,31.88
600780,3买,2023-04-28,60,1,31.88
600780,2买,2023-09-01,60,2,38.53
600780,1买,2024-07-25,60,1,43.79
600780,1买,2024-09-11,60,1,45.87
600780,2买,2025-01-13,60,1,17.36
600780,2买,2025-01-13,60,1,17.36
600783,1买,2022-10-31,60,1,33.48
600783,2买,2022-12-22,60,1,28.79
600783,1买,2023-10-24,60,3,18.82
600783,2买,2025-01-06,60,1,20.92
600784,1买,2022-12-30,60,1,15.38
600784,2买,2023-06-01,60,3,15.31
600784,1买,2025-04-09,60,1,25.58
600784,2买,2025-09-05,60,9,12.58
600784,3买,2025-12-17,60,1,29.24
600784,3买,2026-02-13,60,2,16.03
600785,1买,2023-03-30,60,1,24.26
600785,2买,2024-04-18,60,1,21.85
600785,3买,2024-04-18,60,1,21.85
600785,1买,2025-04-07,60,1,29.68
600785,2买,2025-06-23,60,1,46.32
600785,1买,2026-05-28,1,1,8.85
600787,1买,2024-02-06,60,1,33.82
600787,2买,2024-09-18,60,1,121.96
600787,3买,2025-05-28,60,1,17.44
600787,1买,2025-12-17,60,3,8.14
600789,1买,2023-06-12,60,23,6.73
600789,1买,2023-08-24,60,2,31.15
600789,2买,2024-07-09,60,1,44.58
600789,2买,2024-07-09,60,1,44.58
600789,1买,2024-07-29,60,1,44.8
600789,2买,2024-09-18,60,1,58.92
600790,3买,2023-04-11,60,1,21.16
600790,1买,2024-02-07,60,1,29.93
600790,2买,2024-06-25,60,3,8.68
600790,3买,2025-06-20,60,3,19.27
600791,1买,2023-04-26,60,1,37.89
600792,1买,2022-10-31,60,4,14.45
600792,2买,2022-12-23,60,3,9.01
600792,1买,2023-06-26,60,1,67.92
600792,2买,2023-08-14,60,7,60.36
600792,1买,2025-04-09,60,1,60.79
600792,2买,2025-08-15,60,4,59.19
600792,3买,2025-08-15,60,4,59.19
600792,1买,2025-09-29,60,2,62.26
600792,3买,2025-09-29,60,2,62.26
600793,3买,2025-04-08,60,1,178.24
600793,3买,2025-09-24,60,1,16.76
600794,1买,2024-09-18,60,1,45.67
600794,2买,2025-01-06,60,4,9.17
600794,1买,2025-04-09,60,1,97.73
600794,2买,2025-10-31,60,7,4.9
600794,3买,2025-10-31,60,7,4.9
600795,1买,2023-03-30,60,1,16.57
600795,2买,2024-01-23,60,1,38.92
600796,1买,2024-02-07,60,1,63.29
600796,2买,2024-04-18,60,1,41.9
600796,1买,2025-04-09,60,1,32.91
600796,2买,2025-06-23,60,1,12.79
600797,3买,2023-04-28,60,1,24.45
600797,1买,2023-05-25,60,1,29.55
600797,2买,2025-04-09,60,1,43.95
600797,3买,2025-04-09,60,1,43.95
600797,3买,2025-10-23,60,1,19.3
600798,1买,2023-06-28,60,4,12.75
600798,1买,2025-04-09,60,1,109.27
600798,2买,2025-09-05,60,1,26.67
600798,2买,2025-09-05,60,1,26.67
600798,1买,2025-12-17,60,2,35.28
600798,3买,2025-12-17,60,2,35.28
600800,1买,2022-10-11,60,1,12.71
600800,1买,2023-01-13,60,5,22.25
600800,1买,2023-10-24,60,1,27.61
600800,2买,2023-12-26,60,4,11.08
600800,2买,2023-12-26,60,4,11.08
600800,2买,2025-08-04,60,2,22.51
600800,3买,2025-08-04,60,2,22.51
600801,1买,2022-10-31,60,1,23.97
600801,2买,2022-12-16,60,1,25.7
600801,1买,2024-01-23,60,1,34.13
600801,2买,2024-03-22,60,1,23.2
600801,1买,2025-06-23,60,2,66.34
600801,2买,2026-01-14,60,1,15.16
600801,3买,2026-01-14,60,1,15.16
600802,1买,2024-08-23,60,1,86.82
600802,2买,2025-01-06,60,1,44.74
600802,3买,2025-04-09,60,1,58.82
600802,3买,2025-09-23,60,1,80.59
600802,3买,2026-02-03,60,1,9.14
600803,1买,2023-12-07,60,1,31.24
600803,2买,2024-04-29,60,1,25.39
600803,1买,2025-04-07,60,1,10.05
600803,3买,2025-04-07,60,1,10.05
600803,2买,2026-02-13,60,1,28.8
600805,1买,2022-12-30,60,1,15.71
600805,1买,2023-10-24,60,1,65.41
600805,2买,2023-12-11,60,1,48.65
600805,2买,2023-12-11,60,1,48.65
600805,1买,2025-04-09,60,1,55.44
600805,2买,2025-08-18,60,1,21.6
600807,1买,2023-04-26,60,2,12.42
600807,2买,2023-11-30,60,1,48.15
600807,1买,2024-08-26,60,1,137.85
600807,1买,2025-04-09,60,1,64.55
600807,2买,2025-06-23,60,1,22.03
600807,2买,2025-06-23,60,1,22.03
600807,1买,2025-09-01,60,3,29.87
600808,1买,2023-10-24,60,1,13.55
600808,2买,2023-12-12,60,1,8.78
600808,3买,2025-12-17,60,2,25.07
600809,1买,2022-10-31,60,1,40.25
600809,2买,2024-04-19,60,2,15.72
600809,1买,2025-06-16,60,1,23.59
600809,2买,2025-10-27,60,1,11.92
600810,1买,2024-02-06,60,1,57.03
600810,2买,2024-07-25,60,1,44.15
600810,1买,2025-04-09,60,1,49.63
600810,2买,2025-08-01,60,1,37.83
600810,3买,2025-12-17,60,1,17.47
600812,1买,2023-04-26,60,1,12.81
600812,3买,2025-09-24,60,5,10.35
600812,1买,2025-12-17,60,2,10.97
600812,1买,2026-03-06,56,1,11.79
600814,1买,2022-10-25,60,1,49.63
600814,2买,2023-01-12,60,1,19.79
600814,3买,2023-04-11,60,2,32.88
600814,3买,2023-08-25,60,1,51.05
600814,1买,2024-02-07,60,1,45.14
600814,2买,2024-04-22,60,1,28.31
600814,1买,2024-08-29,60,1,38.18
600814,2买,2025-01-13,60,1,46.68
600814,1买,2025-10-30,60,7,26.24
600814,3买,2025-10-30,60,7,26.24
600815,1买,2023-10-24,60,1,19.35
600815,1买,2025-04-09,60,1,31.56
600815,2买,2025-09-05,60,5,83.52
600816,1买,2023-07-14,60,1,11.48
600816,1买,2024-02-05,60,1,34.17
600816,2买,2024-07-25,60,1,48.18
600816,1买,2024-09-18,60,1,91.23
600816,2买,2025-04-08,60,1,22.66
600817,1买,2023-10-24,60,1,31.38
600817,2买,2025-01-06,60,1,27.76
600817,1买,2025-04-09,60,1,48.34
600817,2买,2025-08-20,60,4,9.83
600817,3买,2025-08-20,60,4,9.83
600817,1买,2025-12-17,60,3,20.72
600818,1买,2023-10-24,60,1,23.44
600818,1买,2023-12-26,60,1,112.26
600818,1买,2024-01-23,60,1,167.24
600818,2买,2024-08-19,60,1,54.08
600818,1买,2025-01-13,60,1,33.87
600818,1买,2025-04-09,60,1,35.47
600818,2买,2025-06-23,60,1,18.09
600819,1买,2023-10-24,60,1,69.3
600819,2买,2023-12-27,60,1,57.56
600819,3买,2026-01-19,60,1,13.92
600820,1买,2022-10-11,60,2,15.98
600820,2买,2023-11-30,60,12,18.83
600820,3买,2024-06-27,60,2,13.48
600820,1买,2024-07-10,60,7,15.19
600820,2买,2024-11-27,60,2,11.67
600820,1买,2025-03-11,60,1,8.18
600820,2买,2025-08-28,60,11,15.59
600821,1买,2023-08-24,60,1,14.15
600821,2买,2023-10-24,60,1,10.69
600821,1买,2024-09-18,60,1,31.57
600821,2买,2025-01-13,60,5,27.98
600821,1买,2025-06-23,60,9,13.66
600822,1买,2022-10-11,60,2,24.19
600822,2买,2023-01-13,60,3,16.56
600822,1买,2024-01-22,60,1,62.25
600822,1买,2024-02-06,60,1,41.65
600822,2买,2025-03-11,60,3,25.35
600822,2买,2025-03-11,60,3,25.35
600822,1买,2025-04-09,60,1,50.51
600822,2买,2025-06-23,60,1,75.6
600822,3买,2025-08-29,60,1,17.16
600822,1买,2025-12-17,60,1,20.39
600822,3买,2025-12-17,60,1,20.39
600822,1买,2026-03-24,44,1,15.05
600824,1买,2022-10-31,60,1,25.0
600824,2买,2023-04-24,60,4,12.57
600824,3买,2025-03-31,60,7,21.32
600824,1买,2025-06-23,60,2,15.0
600824,2买,2025-09-30,60,2,31.07
600824,3买,2025-12-15,60,1,28.57
600825,1买,2022-10-31,60,1,22.89
600825,2买,2022-12-20,60,1,45.53
600825,1买,2023-10-23,60,1,40.3
600825,2买,2023-12-28,60,1,46.19
600825,3买,2023-12-28,60,1,46.19
600825,3买,2025-01-13,60,1,55.35
600825,1买,2025-04-09,60,1,43.87
600825,3买,2025-04-09,60,1,43.87
600825,2买,2025-06-23,60,1,22.71
600826,3买,2023-06-28,60,1,27.09
600826,1买,2024-01-23,60,1,30.2
600826,1买,2025-04-09,60,1,32.82
600826,3买,2025-04-09,60,1,32.82
600826,2买,2025-10-13,60,1,30.26
600826,2买,2025-10-13,60,1,30.26
600826,3买,2025-12-17,60,1,28.04
600827,1买,2024-02-05,60,1,30.05
600827,2买,2024-03-08,60,2,10.73
600827,1买,2024-09-03,60,2,54.35
600827,2买,2025-04-08,60,1,25.33
600827,3买,2025-06-23,60,14,15.87
600828,1买,2022-11-01,60,2,29.77
600828,2买,2023-01-13,60,6,17.99
600828,1买,2024-07-10,60,1,53.85
600828,2买,2025-04-07,60,1,104.23
600828,3买,2025-10-13,60,1,106.86
600829,1买,2022-09-27,60,2,48.4
600829,2买,2022-12-29,60,1,14.03
600829,3买,2023-10-23,60,2,24.68
600829,1买,2024-08-26,60,4,64.4
600829,2买,2025-01-13,60,1,33.63
600829,1买,2025-04-09,60,1,51.56
600829,2买,2025-06-23,60,6,42.7
600829,3买,2025-09-24,60,1,136.68
600830,1买,2022-08-04,60,1,15.59
600830,2买,2022-12-26,60,1,21.29
600830,1买,2023-06-27,60,2,25.74
600830,2买,2023-10-23,60,1,32.54
600830,3买,2023-10-23,60,1,32.54
600830,3买,2025-04-09,60,1,45.73
600830,1买,2025-12-18,60,2,12.89
600830,3买,2025-12-18,60,2,12.89
600831,1买,2022-10-11,60,1,27.59
600831,2买,2023-09-21,60,5,20.37
600831,1买,2023-10-23,60,2,26.89
600831,3买,2025-12-31,60,1,19.22
600833,1买,2022-10-11,60,1,80.94
600833,2买,2023-01-13,60,1,22.69
600833,1买,2023-04-26,60,1,38.83
600833,3买,2023-04-26,60,1,38.83
600833,2买,2023-07-18,60,5,14.36
600833,1买,2023-08-25,60,1,18.93
600833,1买,2023-10-23,60,2,30.04
600833,2买,2024-06-06,60,1,12.9
600833,2买,2025-01-13,60,1,14.74
600833,1买,2025-04-09,60,1,41.01
600833,2买,2025-08-28,60,1,26.08
600833,3买,2025-10-13,60,1,21.48
600834,1买,2024-02-07,60,1,29.31
600834,2买,2024-04-23,60,3,12.28
600834,1买,2024-06-25,60,5,65.2
600834,2买,2025-01-13,60,1,19.68
600834,1买,2025-04-09,60,1,40.29
600834,2买,2025-09-23,60,1,14.1
600834,1买,2025-12-17,60,3,13.24
600834,3买,2025-12-17,60,3,13.24
600834,1买,2026-03-24,44,1,14.62
600835,3买,2025-01-08,60,1,74.21
600838,1买,2022-10-31,60,1,40.0
600838,2买,2023-02-28,60,4,5.07
600838,1买,2023-03-15,60,11,8.68
600838,2买,2023-09-11,60,1,33.73
600838,1买,2024-02-07,60,1,27.88
600838,2买,2025-01-13,60,1,19.82
600838,1买,2025-04-08,60,1,35.62
600838,2买,2025-06-23,60,1,23.92
600839,3买,2023-04-27,60,1,43.49
600839,3买,2025-04-09,60,1,38.0
600841,1买,2023-10-24,60,1,28.78
600841,2买,2025-10-13,60,1,13.4
600841,1买,2025-11-21,60,1,91.22
600841,1买,2025-12-31,60,2,91.86
600841,2买,2026-05-27,2,1,7.37
600843,1买,2024-02-07,60,1,161.67
600843,2买,2024-07-25,60,1,124.19
600843,3买,2024-08-28,60,1,181.05
600843,1买,2025-04-09,60,1,40.93
600843,2买,2025-06-23,60,1,30.94
600843,3买,2025-06-23,60,1,30.94
600844,1买,2023-05-31,60,2,12.41
600844,2买,2023-08-25,60,1,29.0
600844,1买,2023-10-23,60,1,62.17
600844,2买,2023-12-27,60,4,44.33
600845,1买,2023-10-27,60,1,19.39
600845,1买,2024-11-05,60,1,16.52
600845,2买,2024-12-19,60,1,43.99
600845,1买,2025-01-10,60,2,46.44
600845,1买,2025-06-23,60,2,18.42
600846,1买,2023-10-24,60,1,39.9
600846,2买,2023-12-08,60,1,19.67
600846,3买,2023-12-08,60,1,19.67
600846,1买,2025-04-09,60,1,50.79
600847,1买,2022-12-15,60,1,30.42
600847,1买,2023-10-24,60,1,29.08
600847,2买,2023-12-27,60,1,11.91
600847,3买,2025-09-24,60,1,34.32
600848,1买,2022-10-31,60,1,14.5
600848,2买,2023-01-12,60,6,13.42
600848,1买,2023-06-29,60,15,11.46
600848,1买,2024-01-23,60,1,31.57
600848,2买,2025-01-13,60,1,13.65
600848,1买,2025-04-09,60,1,18.36
600848,2买,2025-05-26,60,16,12.39
600848,1买,2025-06-23,60,4,13.02
600850,1买,2025-01-08,60,1,54.5
600850,3买,2025-01-08,60,1,54.5
600850,2买,2025-04-09,60,1,19.81
600851,1买,2022-12-29,60,1,13.73
600851,2买,2023-09-08,60,2,10.03
600851,1买,2023-10-23,60,1,16.4
600851,2买,2025-09-24,60,1,21.09
600851,3买,2025-11-24,60,1,37.63
600853,1买,2022-10-31,60,1,64.23
600853,2买,2023-08-25,60,1,35.11
600853,1买,2023-10-24,60,1,39.74
600853,3买,2023-10-24,60,1,39.74
600853,2买,2025-09-23,60,4,22.65
600853,3买,2025-11-24,60,2,22.38
600854,1买,2025-04-09,60,1,49.87
600854,2买,2025-06-23,60,1,22.65
600854,1买,2025-12-17,60,1,15.0
600855,1买,2025-01-13,60,1,23.51
600855,3买,2025-01-13,60,1,23.51
600855,2买,2025-09-24,60,1,71.13
600855,3买,2025-09-24,60,1,71.13
600855,1买,2026-03-24,44,1,37.84
600857,1买,2023-04-11,60,16,11.66
600857,1买,2023-06-27,60,1,15.5
600857,1买,2024-07-25,60,1,42.32
600857,2买,2024-12-25,60,1,52.46
600857,3买,2025-03-28,60,1,33.29
600857,2买,2025-09-05,60,1,48.25
600857,2买,2025-09-05,60,1,48.25
600858,1买,2022-10-13,60,1,31.92
600858,2买,2023-04-11,60,4,32.86
600858,1买,2024-07-25,60,3,40.8
600858,2买,2025-04-09,60,1,53.94
600858,3买,2025-06-23,60,1,30.39
600859,1买,2023-06-30,60,1,26.1
600859,1买,2024-07-01,60,2,34.95
600859,2买,2025-01-24,60,4,36.92
600859,1买,2025-04-08,60,1,43.7
600859,2买,2025-06-23,60,2,16.77
600860,1买,2023-10-24,60,1,30.92
600860,1买,2024-09-18,60,1,66.44
600860,2买,2025-01-06,60,1,80.45
600860,3买,2025-04-09,60,1,59.36
600861,1买,2025-10-09,60,4,9.41
600862,1买,2022-09-05,60,1,26.73
600862,1买,2023-04-25,60,1,27.14
600862,2买,2023-08-16,60,1,15.15
600862,2买,2023-08-16,60,1,15.15
600862,1买,2024-02-05,60,1,42.58
600862,2买,2024-04-15,60,1,20.46
600862,1买,2025-04-08,60,1,24.66
600862,2买,2026-02-02,60,1,18.6
600862,3买,2026-02-02,60,1,18.6
600863,1买,2022-12-23,60,3,11.14
600864,1买,2023-04-25,60,1,23.45
600864,2买,2023-06-27,60,4,49.4
600864,1买,2024-01-10,60,1,30.17
600864,2买,2025-06-23,60,1,59.67
600864,3买,2025-12-17,60,7,8.9
600865,1买,2022-06-01,60,1,7.9
600865,1买,2023-10-24,60,1,25.73
600865,1买,2024-09-18,60,1,112.25
600865,2买,2024-12-25,60,1,47.43
600865,2买,2024-12-25,60,1,47.43
600865,1买,2025-01-13,60,1,31.55
600865,3买,2025-01-13,60,1,31.55
600865,1买,2025-04-09,60,1,66.67
600865,2买,2025-06-20,60,2,29.81
600865,2买,2025-06-20,60,2,29.81
600865,1买,2025-11-24,60,2,160.43
600866,3买,2024-11-27,60,1,27.02
600867,1买,2023-08-24,60,2,36.44
600867,2买,2024-03-26,60,3,12.47
600867,1买,2024-09-18,60,1,37.32
600867,2买,2025-01-13,60,1,9.17
600867,1买,2025-04-17,60,6,14.9
600867,2买,2025-09-23,60,1,20.72
600868,3买,2025-11-24,60,1,96.03
600868,1买,2026-04-29,19,1,16.82
600868,3买,2026-04-29,19,1,16.82
600869,1买,2022-12-23,60,1,36.27
600869,2买,2023-04-24,60,1,11.13
600869,1买,2023-10-24,60,3,6.62
600869,1买,2025-04-09,60,1,35.28
600869,2买,2025-06-23,60,1,60.34
600869,2买,2025-06-23,60,1,60.34
600871,1买,2025-04-09,60,1,26.59
600871,2买,2025-12-17,60,2,113.53
600872,1买,2023-04-26,60,1,20.57
600873,1买,2023-06-02,60,32,6.97
600873,1买,2023-08-25,60,1,16.57
600873,2买,2024-03-28,60,2,17.17
600873,2买,2024-03-28,60,2,17.17
600873,3买,2025-01-13,60,1,18.56
600873,1买,2025-03-04,60,2,25.3
600874,1买,2023-04-25,60,3,10.92
600874,1买,2023-12-11,60,3,5.33
600874,1买,2024-02-05,60,1,38.04
600874,2买,2024-07-09,60,2,21.43
600874,2买,2025-03-06,60,6,6.91
600874,2买,2025-08-04,60,15,16.41
600874,1买,2025-09-23,60,7,18.23
600874,3买,2025-09-23,60,7,18.23
600874,2买,2026-04-07,35,2,8.7
600875,1买,2023-04-25,60,1,21.17
600875,1买,2024-02-05,60,1,41.4
600875,2买,2025-01-13,60,1,14.95
600875,2买,2025-08-15,60,4,25.89
600875,1买,2025-09-24,60,1,41.83
600876,1买,2023-06-01,60,1,10.46
600876,1买,2023-10-24,60,1,10.81
600876,1买,2024-02-06,60,1,38.87
600876,2买,2024-05-13,60,1,22.96
600876,1买,2024-08-28,60,1,44.42
600876,2买,2025-01-14,60,1,38.4
600876,1买,2025-09-23,60,1,15.28
600877,3买,2023-01-13,60,1,34.93
600877,1买,2023-08-25,60,1,37.22
600877,2买,2025-01-13,60,1,13.37
600877,3买,2025-03-04,60,1,9.44
600879,3买,2023-10-24,60,1,19.66
600879,1买,2024-09-11,60,1,62.12
600879,2买,2025-01-13,60,1,24.17
600879,1买,2025-04-09,60,1,32.04
600879,2买,2025-09-05,60,1,39.46
600880,1买,2024-02-07,60,1,59.76
600880,2买,2025-01-13,60,1,29.43
600880,1买,2025-04-09,60,1,47.35
600880,2买,2025-06-23,60,1,27.79
600880,3买,2025-06-23,60,1,27.79
600880,1买,2025-10-20,60,1,67.31
600882,1买,2022-11-28,60,1,49.63
600882,1买,2024-02-06,60,1,38.0
600882,2买,2024-07-09,60,1,55.15
600882,1买,2024-09-18,60,1,86.33
600882,2买,2025-01-06,60,1,69.01
600883,1买,2024-09-18,60,1,61.57
600883,2买,2024-11-19,60,1,23.35
600883,3买,2025-01-06,60,1,29.52
600884,1买,2023-06-13,60,2,10.44
600884,1买,2023-08-25,60,1,19.03
600884,1买,2025-04-09,60,1,79.01
600884,2买,2025-11-24,60,1,38.44
600884,3买,2025-11-24,60,1,38.44
600885,1买,2022-10-28,60,1,20.21
600885,1买,2022-12-23,60,1,23.23
600885,1买,2024-08-29,60,1,46.58
600885,2买,2024-10-31,60,1,17.51
600886,1买,2022-11-02,60,2,11.96
600886,2买,2023-10-25,60,1,18.65
600886,3买,2023-10-25,60,1,18.65
600886,3买,2024-09-12,60,5,23.49
600886,1买,2024-11-28,60,3,12.82
600886,1买,2026-01-29,60,15,19.29
600887,1买,2023-09-08,60,10,9.34
600887,1买,2023-10-24,60,1,11.07
600887,2买,2023-12-21,60,5,15.95
600887,2买,2024-04-12,60,4,10.92
600887,1买,2024-09-19,60,1,51.25
600887,2买,2025-02-06,60,9,13.5
600887,3买,2025-03-11,60,3,14.62
600888,1买,2023-05-31,60,12,10.3
600888,1买,2025-04-09,60,1,10.74
600888,2买,2025-12-17,60,1,35.33
600888,2买,2026-03-24,44,1,60.16
600889,1买,2023-04-25,60,1,16.59
600889,2买,2023-10-23,60,1,50.64
600889,3买,2025-01-07,60,1,39.2
600889,1买,2025-04-09,60,1,51.93
600889,3买,2025-04-09,60,1,51.93
600893,1买,2024-02-05,60,1,35.84
600893,2买,2024-07-09,60,2,30.33
600893,1买,2025-01-08,60,1,7.54
600893,2买,2026-05-26,3,1,4.07
600894,3买,2023-12-27,60,2,31.82
600894,1买,2024-08-21,60,1,49.95
600894,3买,2024-08-21,60,1,49.95
600894,2买,2025-06-23,60,3,12.11
600894,1买,2025-07-18,60,3,12.68
600895,3买,2024-02-06,60,1,66.34
600895,1买,2024-08-28,60,2,132.96
600895,2买,2025-02-05,60,1,19.83
600895,1买,2025-04-08,60,1,24.75
600895,3买,2025-04-08,60,1,24.75
600895,2买,2025-09-10,60,1,69.67
600895,3买,2025-12-17,60,1,33.24
600895,1买,2026-03-24,44,1,20.8
600897,1买,2023-10-24,60,1,11.53
600897,1买,2024-02-06,60,1,31.84
600897,2买,2024-09-03,60,10,29.6
600897,2买,2024-09-03,60,10,29.6
600897,1买,2025-04-09,60,1,13.21
600897,3买,2025-04-09,60,1,13.21
600897,2买,2025-08-01,60,14,29.13
600897,1买,2026-03-24,44,1,16.19
600900,1买,2023-03-28,60,2,16.53
600900,2买,2023-04-20,60,5,11.2
600900,1买,2023-07-28,60,7,9.65
600900,3买,2023-07-28,60,7,9.65
600900,2买,2023-10-26,60,4,9.9
600900,3买,2024-04-03,60,1,22.22
600900,1买,2024-11-26,60,5,11.22
600900,3买,2024-11-26,60,5,11.22
600900,2买,2025-03-12,60,13,14.99
600900,1买,2026-01-29,60,1,8.94
600901,1买,2025-03-11,60,6,29.81
600901,3买,2025-03-11,60,6,29.81
600901,2买,2025-09-15,60,2,22.41
600903,1买,2025-09-23,60,7,13.41
600905,1买,2024-06-27,60,2,17.02
600905,1买,2025-04-07,60,1,9.38
600906,1买,2022-10-11,60,1,44.39
600906,2买,2023-03-14,60,1,7.55
600906,1买,2023-06-26,60,5,54.07
600906,1买,2025-04-09,60,1,23.19
600906,2买,2026-01-05,60,1,7.82
600906,1买,2026-03-24,44,1,12.68
600908,1买,2023-07-06,60,13,14.9
600908,2买,2024-06-25,60,3,8.56
600908,1买,2024-08-13,60,3,33.2
600908,2买,2025-04-09,60,1,27.39
600908,1买,2025-09-22,60,10,9.48
600908,2买,2025-11-25,60,5,6.39
600909,1买,2024-02-05,60,1,22.52
600909,2买,2024-04-15,60,1,11.99
600909,1买,2025-04-09,60,1,26.12
600909,2买,2025-09-23,60,4,17.03
600909,3买,2025-09-23,60,4,17.03
600916,1买,2023-04-26,60,2,15.64
600916,2买,2023-06-27,60,4,4.7
600916,1买,2025-01-13,60,3,16.71
600916,1买,2025-12-17,60,17,86.09
600916,2买,2026-04-29,19,1,6.6
600916,2买,2026-04-29,19,1,6.6
600917,1买,2023-04-25,60,3,9.9
600917,1买,2023-06-13,60,3,9.91
600917,2买,2023-09-22,60,,3.52
600917,1买,2024-08-23,60,20,35.34
600917,2买,2025-04-09,60,1,10.63
600918,1买,2025-04-09,60,1,14.96
600919,1买,2023-07-24,60,5,5.32
600919,2买,2024-06-17,60,9,15.2
600919,3买,2025-02-26,60,2,25.28
600919,1买,2026-01-19,60,8,16.58
600925,1买,2025-04-08,60,1,8.71
600925,2买,2025-08-04,60,,1.82
600925,1买,2025-10-09,60,10,4.58
600926,3买,2025-04-07,60,1,31.44
600926,1买,2026-01-20,60,4,16.98
600926,2买,2026-03-24,44,1,9.6
600926,3买,2026-03-24,44,1,9.6
600927,1买,2022-12-23,60,1,19.94
600927,2买,2023-03-14,60,1,11.26
600927,1买,2023-04-25,60,2,14.48
600927,1买,2024-08-23,60,3,58.1
600927,2买,2025-01-13,60,1,13.53
600927,1买,2025-04-09,60,1,49.26
600927,2买,2025-10-20,60,1,18.11
600927,1买,2025-11-24,60,9,19.69
600928,1买,2022-10-31,60,5,13.17
600928,2买,2023-04-11,60,5,47.77
600928,1买,2023-12-27,60,6,15.69
600928,1买,2024-01-23,60,1,20.13
600928,2买,2025-04-14,60,5,28.79
600928,2买,2025-04-14,60,5,28.79
600928,3买,2025-08-15,60,3,21.93
600928,3买,2026-01-19,60,8,9.42
600928,1买,2026-03-24,44,1,13.7
600929,1买,2023-06-09,60,1,19.95
600929,1买,2023-10-24,60,1,14.72
600929,1买,2024-09-18,60,1,38.52
600929,2买,2025-01-16,60,7,6.37
600929,1买,2025-04-09,60,1,8.56
600929,2买,2025-10-31,60,5,15.33
600933,1买,2024-08-23,60,1,47.63
600933,2买,2025-01-03,60,1,51.13
600935,1买,2023-10-24,60,1,14.15
600935,1买,2025-04-09,60,1,25.12
600936,1买,2023-06-30,60,1,39.1
600936,3买,2025-03-05,60,1,41.61
600936,1买,2025-04-09,60,1,50.5
600938,3买,2023-11-08,60,4,26.77
600938,3买,2024-08-07,60,1,25.23
600938,1买,2024-09-11,60,1,36.16
600938,2买,2024-11-18,60,1,17.18
600938,1买,2025-08-20,60,9,18.2
600938,2买,2025-12-22,60,5,62.85
600938,3买,2026-05-15,10,1,6.59
600939,1买,2022-10-31,60,2,15.63
600939,2买,2023-01-12,60,5,15.7
600939,1买,2026-04-27,21,1,13.41
600941,1买,2023-11-29,60,1,22.59
600941,3买,2023-11-29,60,1,22.59
600941,2买,2024-05-20,60,8,17.76
600941,1买,2024-09-12,60,6,21.3
600941,2买,2024-11-13,60,1,18.92
600941,1买,2025-03-20,60,10,13.46
600941,3买,2025-03-20,60,10,13.46
600941,2买,2025-08-20,60,,3.65
600955,1买,2025-06-20,60,1,21.78
600956,1买,2022-12-23,60,3,10.06
600956,1买,2023-06-26,60,1,10.09
600958,1买,2022-10-28,60,1,53.19
600958,2买,2023-03-30,60,2,27.85
600958,3买,2023-06-29,60,1,25.0
600958,1买,2024-07-09,60,1,74.13
600958,2买,2025-04-08,60,1,18.39
600958,1买,2025-12-04,60,1,12.92
600959,1买,2024-02-05,60,1,26.92
600959,2买,2025-01-13,60,1,22.7
600959,1买,2025-04-09,60,1,21.38
600959,2买,2025-10-20,60,1,13.22
600960,1买,2023-04-26,60,1,32.81
600960,2买,2023-08-25,60,1,46.7
600960,1买,2025-04-09,60,1,107.19
600960,2买,2025-06-23,60,1,51.58
600960,3买,2025-06-23,60,1,51.58
600960,3买,2025-07-30,60,2,48.89
600960,1买,2025-09-04,60,1,52.95
600960,2买,2025-11-24,60,4,32.3
600960,1买,2026-03-24,44,1,15.6
600961,1买,2022-10-31,60,1,32.54
600961,2买,2022-12-20,60,2,27.05
600961,3买,2024-04-23,60,1,28.03
600961,3买,2025-05-28,60,3,36.62
600962,1买,2024-02-07,60,1,42.15
600962,2买,2024-04-16,60,1,60.81
600962,3买,2024-07-10,60,1,42.83
600962,1买,2025-04-09,60,1,112.97
600962,2买,2025-10-13,60,1,27.27
600962,1买,2025-12-04,60,7,32.84
600963,1买,2022-10-11,60,1,22.89
600963,2买,2022-12-29,60,3,49.63
600963,3买,2023-09-11,60,1,13.24
600963,1买,2023-10-19,60,1,19.66
600963,1买,2024-07-25,60,1,100.66
600963,2买,2024-08-23,60,1,111.73
600963,3买,2025-04-08,60,1,22.57
600963,1买,2025-12-17,60,1,63.08
600963,2买,2026-03-24,44,1,13.14
600965,1买,2023-10-23,60,1,22.97
600965,1买,2024-09-18,60,1,62.01
600965,2买,2024-11-19,60,1,60.65
600965,3买,2025-06-23,60,1,16.38
600966,1买,2023-10-23,60,1,17.35
600966,1买,2025-04-09,60,1,18.66
600966,2买,2025-06-19,60,3,27.36
600967,3买,2023-05-26,60,3,12.27
600967,1买,2023-06-08,60,2,13.01
600967,1买,2024-02-05,60,1,29.86
600967,2买,2024-03-27,60,1,11.22
600967,2买,2025-09-29,60,1,20.6
600967,1买,2025-12-17,60,1,39.41
600968,3买,2023-03-22,60,2,22.58
600968,1买,2023-08-17,60,1,16.55
600968,2买,2024-08-07,60,1,36.34
600968,3买,2025-01-10,60,2,16.03
600968,1买,2025-04-08,60,1,25.64
600968,2买,2025-09-23,60,6,8.22
600968,1买,2025-11-27,60,3,49.73
600969,1买,2022-12-26,60,2,12.36
600969,1买,2024-08-28,60,2,52.19
600969,2买,2025-01-13,60,1,29.02
600969,3买,2025-09-23,60,3,44.78
600970,3买,2024-03-26,60,1,27.86
600970,1买,2024-09-20,60,1,47.09
600970,2买,2025-01-13,60,3,13.97
600970,1买,2025-04-08,60,1,12.63
600970,1买,2025-06-20,60,2,21.82
600970,2买,2025-09-23,60,5,24.56
600971,3买,2024-01-23,60,1,44.08
600971,3买,2024-03-21,60,1,22.44
600971,1买,2025-06-23,60,4,17.14
600973,1买,2025-04-09,60,1,38.5
600973,2买,2025-09-29,60,1,44.86
600973,1买,2025-11-24,60,5,86.85
600975,1买,2024-04-19,60,1,28.22
600976,1买,2022-10-11,60,1,76.91
600976,2买,2022-12-23,60,1,78.17
600976,3买,2023-05-10,60,1,25.99
600976,1买,2023-10-25,60,2,27.58
600976,1买,2025-02-25,60,7,21.11
600976,2买,2025-08-28,60,1,7.66
600977,1买,2022-10-10,60,2,55.3
600977,2买,2023-02-24,60,6,64.22
600977,3买,2023-06-30,60,1,18.5
600977,1买,2023-10-24,60,1,15.16
600977,1买,2024-02-06,60,1,29.29
600977,1买,2024-09-18,60,1,38.31
600977,2买,2025-04-08,60,1,16.38
600977,2买,2025-12-23,60,3,38.4
600977,2买,2025-12-23,60,3,38.4
600977,3买,2025-12-23,60,3,38.4
600977,1买,2026-03-23,45,1,24.19
600979,1买,2023-04-26,60,2,26.38
600979,1买,2024-02-07,60,1,72.87
600979,2买,2024-04-17,60,1,55.08
600979,2买,2025-06-23,60,1,24.9
600979,1买,2025-12-17,60,16,35.32
600979,3买,2025-12-17,60,16,35.32
600980,1买,2024-07-25,60,1,39.26
600980,2买,2024-09-09,60,7,38.32
600980,3买,2025-09-24,60,1,25.65
600980,1买,2025-12-17,60,1,26.82
600981,1买,2022-10-11,60,1,19.6
600981,2买,2023-01-13,60,6,10.15
600981,1买,2024-07-10,60,1,72.3
600981,2买,2025-01-13,60,1,38.94
600981,1买,2025-04-09,60,1,46.83
600981,2买,2025-06-23,60,1,30.04
600981,1买,2025-11-24,60,4,49.09
600981,2买,2026-01-05,60,1,14.52
600982,1买,2023-05-05,60,5,27.97
600982,1买,2024-02-07,60,1,35.96
600982,2买,2024-09-10,60,5,34.37
600983,1买,2022-08-04,60,3,10.93
600983,2买,2023-06-01,60,1,15.79
600983,1买,2023-06-26,60,1,19.2
600983,2买,2024-04-17,60,1,39.97
600983,3买,2025-04-09,60,1,54.42
600983,3买,2025-06-23,60,1,24.49
600983,3买,2025-12-17,60,11,36.38
600984,1买,2023-06-12,60,1,20.71
600984,1买,2024-09-18,60,1,108.65
600984,2买,2025-01-13,60,1,39.19
600985,1买,2023-06-26,60,4,24.52
600985,2买,2023-08-22,60,1,29.64
600985,3买,2024-07-25,60,1,42.4
600985,1买,2024-09-09,60,1,51.57
600985,1买,2025-04-30,60,7,17.35
600985,1买,2025-06-24,60,7,23.32
600985,2买,2025-09-05,60,2,17.51
600986,1买,2022-10-11,60,1,32.11
600986,2买,2022-12-22,60,1,48.83
600986,1买,2024-02-06,60,1,84.44
600986,2买,2024-08-28,60,1,71.92
600986,3买,2025-10-13,60,1,38.96
600986,1买,2025-12-18,60,1,133.76
600986,2买,2026-04-07,35,1,43.06
600987,3买,2023-06-21,60,1,26.18
600987,1买,2025-01-13,60,2,10.74
600987,2买,2025-04-09,60,1,18.7
600988,3买,2022-12-26,60,5,19.52
600988,3买,2024-09-10,60,3,31.39
600988,3买,2025-10-22,60,1,26.29
600988,1买,2026-05-22,5,1,12.76
600989,1买,2022-11-01,60,1,26.78
600989,2买,2022-12-29,60,1,38.77
600989,1买,2025-04-07,60,1,25.92
600990,1买,2024-02-06,60,1,161.9
600990,2买,2024-04-17,60,1,97.18
600990,1买,2024-08-29,60,1,116.19
600990,2买,2025-01-06,60,1,32.62
600990,1买,2025-04-09,60,1,87.43
600990,2买,2025-08-01,60,1,43.11
600990,3买,2025-09-08,60,1,21.76
600990,1买,2025-11-24,60,1,57.6
600992,3买,2023-08-29,60,1,8.37
600992,1买,2023-10-24,60,1,27.18
600992,2买,2023-12-11,60,1,19.54
600992,1买,2025-04-09,60,1,46.61
600993,1买,2022-08-05,60,1,23.71
600993,2买,2022-12-27,60,1,32.37
600993,3买,2023-04-26,60,1,32.89
600993,3买,2025-07-08,60,6,7.98
600993,1买,2025-09-29,60,2,16.62
600995,1买,2023-06-07,60,7,8.38
600995,1买,2023-10-24,60,1,19.82
600995,1买,2024-02-05,60,1,49.23
600995,2买,2024-07-18,60,4,31.12
600995,2买,2024-07-18,60,4,31.12
600995,1买,2024-09-23,60,1,40.9
600995,2买,2025-04-08,60,1,19.5
600995,2买,2025-11-26,60,1,27.08
600997,1买,2022-12-26,60,2,15.28
600997,2买,2023-04-28,60,1,8.92
600997,1买,2024-09-18,60,1,41.4
600997,2买,2025-01-13,60,1,16.83
600997,1买,2025-06-03,60,6,16.37
600998,1买,2024-01-23,60,1,37.27
600998,1买,2024-09-18,60,1,45.06
600998,2买,2025-01-13,60,3,13.08
600998,1买,2025-04-16,60,5,19.23
600999,1买,2022-10-11,60,3,15.68
600999,2买,2023-03-16,60,6,16.37
600999,1买,2023-06-27,60,4,20.44
600999,2买,2023-10-23,60,4,7.52
600999,1买,2024-01-19,60,1,14.82
600999,2买,2024-04-12,60,1,13.31
600999,1买,2025-04-08,60,1,12.51
600999,3买,2025-04-08,60,1,12.51
600999,1买,2025-06-03,60,4,25.93
600999,2买,2025-10-23,60,2,6.76
600999,2买,2025-10-23,60,2,6.76
601000,3买,2023-06-27,60,1,17.75
601000,1买,2023-09-06,60,2,14.55
601000,2买,2024-04-01,60,1,19.9
601000,3买,2024-05-24,60,1,37.47
601000,1买,2024-11-28,60,2,15.18
601001,1买,2025-12-25,60,2,46.03
601002,3买,2025-06-23,60,1,34.93
601002,1买,2025-12-17,60,1,20.37
601003,1买,2022-10-31,60,1,36.47
601003,2买,2023-01-17,60,4,36.31
601003,1买,2023-06-27,60,1,23.83
601003,1买,2024-06-25,60,1,13.88
601003,1买,2024-09-18,60,1,43.62
601003,2买,2025-01-13,60,1,30.74
601003,2买,2025-01-13,60,1,30.74
601003,2买,2025-12-12,60,1,20.83
601003,1买,2026-03-24,36,1,13.55
601003,3买,2026-03-24,36,1,13.55
601005,1买,2023-06-29,60,18,39.42
601005,2买,2023-10-24,60,1,9.15
601005,1买,2024-02-06,60,1,18.64
601005,2买,2025-09-05,60,1,18.44
601005,3买,2025-09-05,60,1,18.44
601005,3买,2025-09-05,60,1,18.44
601006,3买,2024-03-14,60,18,6.5
601006,1买,2024-05-07,60,23,5.93
601006,2买,2024-06-26,60,6,4.27
601006,1买,2026-01-19,60,24,9.7
601007,1买,2022-10-12,60,1,86.57
601007,2买,2023-02-09,60,1,19.46
601007,1买,2023-04-06,60,1,14.64
601007,1买,2024-07-25,60,4,33.0
601007,2买,2025-01-13,60,1,23.83
601007,1买,2025-04-09,60,1,52.12
601007,2买,2025-10-13,60,6,20.28
601008,1买,2023-06-27,60,3,18.92
601008,2买,2023-08-25,60,1,11.74
601008,1买,2024-09-18,60,1,34.16
601008,2买,2025-01-13,60,2,101.41
601008,3买,2025-09-05,60,1,19.13
601008,1买,2025-12-17,60,3,24.06
601008,3买,2025-12-17,60,3,24.06
601009,1买,2023-12-19,60,7,27.82
601009,2买,2024-07-26,60,2,22.86
601009,1买,2024-09-12,60,1,25.18
601009,3买,2024-09-12,60,1,25.18
601010,1买,2022-07-18,60,1,8.49
601010,1买,2022-08-29,60,5,9.34
601010,2买,2023-01-13,60,6,4.94
601010,2买,2023-01-13,60,6,4.94
601010,1买,2024-09-18,60,1,167.48
601010,2买,2025-01-13,60,1,55.79
601010,3买,2025-08-04,60,6,23.14
601011,1买,2023-06-26,60,2,15.2
601011,2买,2023-08-25,60,1,18.55
601011,1买,2025-04-09,60,1,35.47
601011,2买,2026-01-16,60,1,27.24
601012,1买,2022-12-26,60,1,25.27
601012,1买,2024-07-09,60,1,51.17
601012,1买,2024-09-23,60,1,66.56
601012,2买,2025-01-13,60,1,25.89
601012,2买,2025-01-13,60,1,25.89
601012,1买,2025-04-09,60,1,17.77
601012,2买,2025-06-23,60,2,31.04
601012,3买,2026-01-21,60,1,17.25
601015,1买,2022-11-01,60,1,23.32
601015,2买,2022-12-26,60,11,22.49
601015,1买,2025-04-09,60,1,31.84
601015,2买,2025-09-04,60,2,49.12
601015,1买,2025-09-29,60,1,51.34
601018,1买,2023-10-24,60,3,14.2
601018,2买,2024-02-08,60,1,14.07
601018,1买,2025-04-08,60,1,24.56
601018,2买,2025-09-05,60,6,11.83
601019,1买,2023-08-21,60,1,16.96
601019,3买,2023-08-21,60,1,16.96
601019,2买,2024-04-30,60,1,44.25
601019,3买,2024-08-09,60,1,34.72
601019,1买,2025-09-29,60,18,18.54
601020,1买,2022-10-26,60,1,21.91
601020,2买,2023-03-30,60,1,11.15
601020,1买,2023-05-31,60,2,12.6
601020,1买,2023-11-10,60,3,32.28
601020,2买,2024-07-15,60,1,29.07
601020,1买,2024-09-18,60,1,65.34
601020,3买,2024-09-18,60,1,65.34
601020,2买,2025-01-07,60,1,121.53
601020,2买,2025-05-30,60,1,53.87
601020,3买,2025-08-01,60,1,69.51
601021,1买,2023-06-06,60,1,23.54
601021,3买,2023-06-06,60,1,23.54
601021,2买,2024-05-14,60,3,10.2
601021,1买,2025-09-04,60,2,17.37
601022,1买,2023-06-08,60,1,28.23
601022,1买,2025-04-09,60,1,92.4
601022,2买,2025-06-20,60,1,17.17
601033,1买,2024-09-18,60,4,39.0
601033,2买,2024-11-27,60,1,15.31
601033,1买,2025-01-08,60,1,23.37
601038,1买,2023-04-14,60,1,16.6
601038,2买,2023-10-24,60,1,32.91
601038,3买,2024-07-25,60,1,48.26
601038,1买,2025-01-13,60,1,24.1
601038,1买,2025-04-07,60,1,18.79
601038,2买,2025-09-23,60,15,17.48
601058,3买,2024-01-26,60,1,61.51
601058,3买,2025-02-25,60,1,11.98
601058,1买,2026-03-24,44,1,16.57
601059,1买,2023-06-29,60,1,71.34
601059,2买,2023-10-13,60,1,39.66
601059,1买,2024-02-06,60,1,35.59
601061,1买,2023-10-23,60,1,18.12
601061,2买,2023-11-30,60,2,19.35
601061,3买,2025-12-18,60,1,30.33
601065,1买,2024-02-06,60,1,40.74
601065,2买,2024-07-25,60,3,28.12
601065,1买,2024-09-18,60,1,35.62
601066,1买,2022-10-10,60,2,21.82
601066,2买,2023-04-25,60,3,20.89
601066,1买,2023-06-27,60,3,25.11
601066,2买,2023-10-23,60,10,15.76
601066,1买,2024-01-18,60,1,16.63
601066,2买,2024-04-15,60,1,14.33
601066,1买,2025-05-29,60,4,23.74
601066,2买,2025-08-08,60,4,14.73
601068,3买,2023-06-27,60,1,12.72
601068,1买,2023-10-24,60,1,13.26
601068,1买,2024-01-23,60,1,44.64
601068,2买,2024-04-16,60,1,29.05
601068,1买,2024-09-10,60,3,45.8
601068,2买,2025-01-13,60,1,23.38
601069,1买,2022-12-26,60,1,45.45
601069,2买,2023-04-03,60,1,15.11
601069,1买,2025-01-06,60,1,60.91
601069,2买,2025-08-28,60,1,93.65
601069,3买,2025-11-24,60,1,99.68
601077,1买,2022-10-31,60,19,6.98
601077,2买,2023-06-30,60,9,12.99
601077,3买,2024-01-23,60,1,19.9
601077,3买,2024-08-12,60,1,26.02
601077,3买,2025-02-27,60,4,41.02
601077,3买,2025-12-15,60,3,15.07
601077,1买,2026-01-26,60,1,25.42
601083,1买,2025-04-08,60,1,62.2
601086,1买,2022-08-04,60,2,36.84
601086,2买,2023-03-16,60,2,49.25
601086,1买,2023-04-26,60,1,58.73
601086,2买,2023-06-26,60,2,97.66
601086,3买,2023-06-26,60,2,97.66
601086,3买,2023-12-28,60,1,46.0
601086,1买,2024-07-25,60,1,53.55
601086,2买,2025-01-13,60,1,136.89
601086,3买,2025-03-31,60,1,249.67
601086,3买,2025-08-04,60,3,35.37
601086,3买,2025-10-30,60,2,14.47
601086,1买,2025-11-24,60,1,15.62
601086,2买,2026-01-05,60,4,10.28
601088,1买,2022-12-23,60,12,9.41
601088,1买,2023-02-17,60,2,21.67
601088,2买,2023-04-11,60,3,19.14
601088,2买,2023-04-11,60,3,19.14
601088,1买,2024-09-11,60,1,32.13
601088,3买,2024-09-11,60,1,32.13
601088,2买,2025-06-19,60,5,7.67
601088,1买,2026-05-14,11,3,7.55
601089,1买,2022-10-12,60,1,30.43
601089,2买,2022-12-28,60,6,9.76
601089,1买,2024-02-05,60,1,33.88
601089,2买,2024-07-09,60,1,41.88
601089,1买,2025-04-09,60,1,38.33
601089,2买,2025-09-29,60,1,23.65
601089,3买,2025-09-29,60,1,23.65
601089,3买,2025-09-29,60,1,23.65
601089,1买,2025-11-24,60,1,46.04
601096,1买,2025-04-09,60,1,19.57
601096,2买,2025-06-23,60,9,16.13
601096,3买,2026-04-28,20,1,13.46
601098,1买,2023-08-21,60,1,18.47
601098,3买,2023-08-21,60,1,18.47
601098,2买,2024-04-30,60,1,24.02
601098,1买,2026-02-04,60,2,9.77
601098,1买,2026-03-24,44,1,13.68
601098,2买,2026-05-28,1,,2.13
601099,1买,2023-04-24,60,4,12.5
601099,2买,2023-10-23,60,1,25.07
601099,1买,2024-02-06,60,1,34.26
601099,2买,2024-07-09,60,2,79.53
601099,3买,2024-08-27,60,3,83.28
601100,3买,2023-05-31,60,1,36.91
601100,1买,2023-12-14,60,1,18.81
601100,2买,2024-10-31,60,1,29.08
601100,1买,2025-01-06,60,3,99.66
601100,2买,2025-06-05,60,1,32.18
601101,1买,2023-06-26,60,2,11.96
601101,1买,2023-08-25,60,1,18.87
601101,2买,2024-01-23,60,1,50.43
601101,2买,2024-01-23,60,1,50.43
601101,3买,2024-07-30,60,1,42.97
601101,1买,2024-09-11,60,1,46.4
601106,1买,2025-04-09,60,1,17.14
601106,2买,2025-06-23,60,3,22.81
601106,3买,2025-06-23,60,3,22.81
601106,3买,2026-04-29,19,1,17.04
601106,1买,2026-05-22,5,1,4.44
601107,1买,2022-11-01,60,5,9.76
601107,2买,2023-04-12,60,12,22.79
601107,1买,2024-02-06,60,1,49.75
601107,2买,2024-09-12,60,5,39.13
601107,1买,2025-03-11,60,8,38.4
601107,3买,2025-03-11,60,8,38.4
601107,2买,2025-09-23,60,9,20.11
601107,3买,2026-01-27,60,1,11.58
601108,1买,2022-10-10,60,3,17.12
601108,2买,2023-01-03,60,2,15.88
601108,1买,2023-06-27,60,4,31.59
601108,2买,2023-10-26,60,1,11.76
601108,1买,2024-02-05,60,1,22.49
601108,2买,2025-01-13,60,1,20.77
601108,1买,2025-04-09,60,1,17.1
601108,3买,2025-04-09,60,1,17.1
601111,1买,2022-11-01,60,1,30.88
601111,2买,2023-02-07,60,4,16.08
601111,1买,2023-10-24,60,1,19.2
601111,1买,2024-01-08,60,1,14.1
601111,2买,2024-07-10,60,7,22.16
601111,2买,2024-07-10,60,7,22.16
601111,1买,2025-04-08,60,1,22.35
601113,1买,2022-10-12,60,1,17.82
601113,2买,2025-09-05,60,6,31.4
601116,1买,2023-03-20,60,2,63.78
601116,2买,2023-05-30,60,1,44.21
601116,3买,2023-08-28,60,1,21.14
601116,1买,2023-10-24,60,1,30.06
601116,1买,2024-08-29,60,1,68.03
601116,2买,2025-01-13,60,1,70.91
601116,3买,2025-04-09,60,1,33.2
601116,2买,2025-08-15,60,4,72.09
601117,1买,2023-08-25,60,1,9.93
601117,2买,2024-12-17,60,4,7.15
601117,1买,2025-04-07,60,1,24.2
601117,2买,2025-06-23,60,1,11.7
601118,1买,2024-05-27,60,1,21.24
601118,2买,2024-11-27,60,1,24.34
601118,1买,2025-01-08,60,1,13.73
601118,3买,2025-01-08,60,1,13.73
601118,1买,2025-04-09,60,1,12.33
601118,2买,2025-12-18,60,1,61.55
601118,2买,2025-12-18,60,1,61.55
601121,1买,2023-06-26,60,5,20.46
601121,1买,2023-08-29,60,1,21.12
601121,1买,2025-04-09,60,1,27.15
601121,2买,2025-09-24,60,1,26.86
601126,1买,2023-12-11,60,1,29.14
601126,1买,2024-02-05,60,1,52.19
601126,2买,2024-04-29,60,1,37.67
601126,2买,2024-04-29,60,1,37.67
601126,1买,2024-08-29,60,1,38.81
601127,1买,2023-02-20,60,1,17.53
601127,1买,2023-06-08,60,1,107.19
601127,2买,2024-02-06,60,1,95.35
601127,2买,2024-02-06,60,1,95.35
601127,3买,2024-07-25,60,1,43.51
601127,3买,2024-07-25,60,1,43.51
601127,1买,2024-08-29,60,1,112.81
601127,2买,2025-01-06,60,1,15.31
601127,3买,2025-04-07,60,1,30.08
601133,1买,2023-10-24,60,1,32.22
601133,1买,2024-08-28,60,2,65.37
601133,1买,2024-09-18,60,1,71.11
601133,2买,2025-01-13,60,1,27.25
601133,2买,2025-01-13,60,1,27.25
601133,1买,2025-04-09,60,1,50.27
601133,2买,2025-09-23,60,1,58.88
601133,2买,2025-09-23,60,1,58.88
601133,1买,2025-10-31,60,1,64.91
601133,3买,2025-10-31,60,1,64.91
601136,1买,2024-09-18,60,1,61.62
601136,2买,2025-01-13,60,1,24.11
601136,1买,2025-04-30,60,2,12.62
601137,1买,2023-06-12,60,1,22.19
601137,2买,2023-10-24,60,1,20.1
601138,3买,2024-06-04,60,1,28.69
601138,1买,2024-09-09,60,1,56.35
601138,2买,2024-12-16,60,1,16.15
601138,1买,2025-01-13,60,1,24.95
601138,2买,2026-02-05,60,1,41.76
601138,1买,2026-03-24,44,1,68.17
601139,1买,2022-12-26,60,8,16.36
601139,2买,2023-04-25,60,2,17.29
601139,1买,2024-09-18,60,4,34.09
601139,2买,2025-01-13,60,13,5.89
601139,1买,2025-04-09,60,1,7.48
601139,2买,2025-05-27,60,53,17.21
601139,1买,2025-06-24,60,20,19.27
601155,1买,2022-10-31,60,1,95.0
601155,2买,2023-01-03,60,1,15.8
601155,1买,2023-10-23,60,2,21.84
601155,1买,2024-01-24,60,1,19.71
601155,2买,2025-02-06,60,1,32.39
601155,2买,2025-10-30,60,1,19.28
601155,3买,2026-04-07,35,1,22.52
601156,1买,2022-10-31,60,1,13.4
601156,1买,2023-10-24,60,3,50.05
601156,2买,2024-02-05,60,1,64.94
601158,1买,2024-09-12,60,6,30.86
601162,1买,2023-04-25,60,3,19.51
601162,2买,2023-06-28,60,4,47.59
601162,3买,2025-01-06,60,1,32.58
601162,1买,2025-04-09,60,1,44.54
601162,3买,2025-04-09,60,1,44.54
601162,2买,2025-12-18,60,1,11.6
601163,3买,2023-12-21,60,6,20.32
601163,1买,2024-02-05,60,1,58.99
601163,2买,2024-09-10,60,2,35.42
601163,1买,2025-01-13,60,3,10.34
601163,3买,2025-01-13,60,3,10.34
601163,1买,2025-04-09,60,1,9.07
601166,1买,2023-12-07,60,3,21.27
601166,2买,2024-03-20,60,26,14.38
601166,1买,2024-04-08,60,6,20.51
601166,2买,2024-08-07,60,8,30.42
601166,1买,2024-09-11,60,6,34.25
601166,2买,2024-11-26,60,5,20.09
601166,3买,2025-10-13,60,1,13.18
601168,1买,2022-10-12,60,1,28.98
601168,2买,2022-12-23,60,2,25.88
601168,3买,2024-09-11,60,2,47.33
601168,1买,2025-04-09,60,1,27.97
601169,1买,2023-08-14,60,10,6.56
601169,3买,2023-08-14,60,10,6.56
601169,2买,2024-09-18,60,3,30.99
601169,3买,2024-11-26,60,3,14.16
601169,1买,2026-01-19,60,10,6.53
601177,3买,2023-04-25,60,1,42.05
601177,1买,2024-02-06,60,1,38.54
601177,2买,2024-07-09,60,1,40.0
601177,3买,2025-12-17,60,3,14.19
601179,3买,2023-06-15,60,1,8.11
601179,1买,2024-07-25,60,1,47.45
601179,3买,2024-07-25,60,1,47.45
601179,1买,2024-08-29,60,1,51.43
601179,2买,2024-11-27,60,4,7.08
601179,2买,2024-11-27,60,4,7.08
601179,1买,2025-04-08,60,1,8.22
601179,1买,2025-06-23,60,3,29.61
601179,2买,2025-08-15,60,2,73.12
601179,2买,2025-08-15,60,2,73.12
601186,1买,2022-10-31,60,5,32.94
601186,2买,2023-01-13,60,5,44.78
601186,3买,2024-04-15,60,1,11.47
601186,1买,2026-01-05,60,,2.61
601187,1买,2024-02-05,60,1,19.33
601187,2买,2024-03-20,60,13,16.92
601187,1买,2024-08-15,60,2,16.73
601187,2买,2025-01-13,60,3,17.41
601187,3买,2025-10-09,60,2,26.81
601188,1买,2024-02-07,60,1,46.57
601188,2买,2024-06-26,60,2,50.0
601188,1买,2024-09-18,60,4,49.48
601188,2买,2025-01-13,60,1,19.37
601188,1买,2025-04-07,60,1,32.29
601188,2买,2025-06-23,60,1,13.17
601188,3买,2025-09-04,60,1,15.13
601188,3买,2025-11-25,60,4,11.49
601198,1买,2023-06-27,60,4,27.16
601198,1买,2024-02-05,60,1,29.83
601198,2买,2024-04-16,60,1,21.65
601198,2买,2025-01-06,60,1,28.83
601198,1买,2025-04-09,60,1,17.14
601198,3买,2025-04-09,60,1,17.14
601199,1买,2025-04-09,60,1,23.17
601199,2买,2025-06-23,60,4,32.68
601200,1买,2024-01-23,60,1,15.84
601200,1买,2024-02-05,60,1,21.59
601200,2买,2024-03-28,60,2,9.24
601200,2买,2024-03-28,60,2,9.24
601200,1买,2025-04-09,60,1,10.63
601200,2买,2025-06-20,60,5,9.87
601208,1买,2024-08-21,60,1,51.63
601208,2买,2025-01-08,60,1,53.88
601211,1买,2022-11-01,60,8,11.36
601211,2买,2022-12-26,60,14,10.31
601211,1买,2024-02-05,60,1,10.29
601211,2买,2025-01-13,60,1,10.58
601211,1买,2025-04-08,60,1,31.91
601211,2买,2025-09-23,60,4,14.5
601212,1买,2025-04-09,60,1,40.41
601212,2买,2025-11-24,60,1,233.11
601212,3买,2026-04-29,19,1,15.88
601216,1买,2023-06-29,60,5,14.25
601216,1买,2024-02-05,60,1,39.26
601216,2买,2024-03-28,60,3,25.41
601218,1买,2022-12-23,60,1,14.14
601218,1买,2023-10-24,60,1,16.91
601218,1买,2025-04-09,60,1,112.84
601218,2买,2025-09-04,60,1,60.86
601218,2买,2025-09-04,60,1,60.86
601218,2买,2025-09-04,60,1,60.86
601222,1买,2024-02-05,60,1,42.97
601225,1买,2022-12-23,60,1,15.11
601225,2买,2023-03-21,60,2,14.05
601225,1买,2024-08-09,60,1,34.01
601225,3买,2024-08-09,60,1,34.01
601225,1买,2024-09-12,60,1,38.29
601225,2买,2024-11-26,60,5,11.52
601225,2买,2024-11-26,60,5,11.52
601225,1买,2026-02-03,60,1,35.37
601225,2买,2026-04-20,26,1,10.78
601225,3买,2026-04-20,26,1,10.78
601226,1买,2025-04-09,60,1,32.83
601226,2买,2025-08-04,60,4,22.64
601228,1买,2024-01-23,60,1,30.36
601228,2买,2024-07-09,60,15,29.47
601228,1买,2024-09-18,60,3,32.54
601228,2买,2025-01-13,60,5,6.39
601228,1买,2025-03-04,60,10,12.18
601228,2买,2025-10-09,60,3,7.93
601229,1买,2022-11-01,60,8,10.27
601229,2买,2023-06-29,60,11,10.41
601229,3买,2024-08-08,60,6,21.46
601229,1买,2024-09-19,60,2,32.3
601229,2买,2025-06-16,60,2,11.14
601231,1买,2023-10-26,60,1,16.76
601231,2买,2024-05-30,60,1,17.93
601231,1买,2024-07-05,60,1,21.09
601231,1买,2024-11-28,60,1,47.44
601231,2买,2026-04-07,35,1,41.93
601231,2买,2026-04-07,35,1,41.93
601231,3买,2026-04-07,35,1,41.93
601231,3买,2026-04-07,35,1,41.93
601233,1买,2025-04-09,60,1,20.66
601233,2买,2025-10-20,60,2,43.42
601233,3买,2026-03-24,44,1,49.45
601236,1买,2022-10-31,60,1,24.42
601236,2买,2023-03-16,60,2,18.46
601236,1买,2023-06-26,60,21,35.65
601236,1买,2024-07-08,60,1,61.27
601236,2买,2024-08-23,60,5,53.43
601236,2买,2025-01-09,60,1,9.61
601236,1买,2025-04-09,60,1,26.75
601236,2买,2025-06-23,60,1,28.39
601238,1买,2023-05-31,60,8,17.56
601238,1买,2023-10-24,60,1,10.05
601238,1买,2024-02-05,60,1,26.42
601238,1买,2024-09-18,60,2,53.32
601238,2买,2025-01-09,60,2,16.69
601238,2买,2025-01-09,60,2,16.69
601238,1买,2025-04-08,60,1,13.59
601238,1买,2025-06-23,60,18,11.32
601279,1买,2024-07-24,60,1,32.84
601279,1买,2025-04-09,60,1,66.67
601279,2买,2026-05-22,5,,3.59
601288,1买,2022-11-03,60,7,9.26
601288,2买,2023-07-19,60,6,11.87
601288,3买,2023-12-11,60,2,25.71
601288,3买,2024-09-05,60,3,16.44
601298,1买,2023-08-25,60,1,7.04
601298,3买,2023-08-25,60,1,7.04
601298,2买,2024-03-13,60,3,28.32
601311,1买,2022-12-23,60,2,21.37
601311,2买,2023-03-20,60,2,14.65
601311,1买,2023-10-24,60,2,7.57
601311,1买,2025-04-09,60,1,36.36
601311,2买,2025-12-18,60,2,14.5
601311,2买,2025-12-18,60,2,14.5
601318,1买,2022-10-31,60,1,49.3
601318,2买,2023-02-28,60,1,17.87
601318,1买,2023-03-16,60,1,25.14
601318,1买,2024-01-11,60,6,18.16
601318,2买,2024-04-15,60,3,22.3
601318,1买,2024-08-12,60,5,55.79
601318,2买,2025-01-13,60,5,12.89
601318,2买,2025-01-13,60,5,12.89
601318,3买,2025-01-13,60,5,12.89
601318,3买,2025-03-04,60,8,10.36
601318,3买,2025-03-04,60,8,10.36
601318,3买,2026-03-30,40,2,9.44
601319,3买,2024-11-25,60,2,14.0
601319,3买,2025-08-04,60,2,14.16
601326,1买,2024-01-23,60,1,31.7
601326,1买,2024-02-05,60,1,32.7
601326,2买,2024-06-13,60,2,16.72
601326,2买,2024-06-13,60,2,16.72
601326,3买,2024-06-13,60,2,16.72
601326,3买,2026-01-19,60,5,14.29
601326,1买,2026-02-24,60,1,16.32
601328,1买,2022-10-31,60,10,10.81
601328,2买,2023-05-25,60,1,10.69
601328,3买,2023-07-19,60,6,9.69
601328,1买,2023-08-14,60,10,10.09
601328,2买,2023-12-11,60,1,16.61
601328,3买,2024-09-18,60,3,25.39
601328,1买,2026-01-29,60,2,10.03
601330,1买,2023-10-24,60,1,8.51
601330,1买,2023-12-27,60,2,10.45
601330,2买,2024-04-16,60,1,8.73
601333,3买,2024-06-28,60,1,21.79
601333,1买,2026-03-24,44,1,12.76
601336,1买,2022-10-31,60,1,50.61
601336,2买,2023-03-30,60,1,52.6
601336,1买,2024-01-23,60,1,25.78
601336,2买,2024-04-12,60,1,28.83
601336,3买,2025-01-13,60,1,23.8
601336,3买,2025-04-09,60,1,32.86
601336,3买,2025-11-24,60,9,33.66
601339,3买,2023-05-04,60,1,16.96
601339,1买,2023-06-26,60,4,9.67
601339,2买,2023-09-11,60,7,6.61
601339,1买,2025-04-09,60,1,24.44
601339,2买,2025-11-04,60,4,41.31
601339,1买,2025-12-15,60,1,52.24
601339,2买,2026-03-09,55,1,40.12
601360,3买,2023-05-25,60,1,26.25
601360,1买,2023-07-28,60,1,6.36
601360,3买,2023-07-28,60,1,6.36
601360,1买,2024-08-28,60,1,131.96
601360,2买,2025-01-06,60,1,56.35
601360,1买,2025-04-09,60,1,26.39
601360,2买,2025-06-23,60,1,27.56
601360,2买,2026-02-06,60,1,15.9
601369,1买,2023-05-15,60,6,5.88
601369,1买,2023-06-09,60,4,14.89
601369,1买,2024-02-05,60,1,60.58
601369,2买,2024-05-27,60,1,11.23
601369,2买,2025-08-15,60,53,11.34
601375,1买,2022-10-11,60,1,15.84
601375,2买,2023-03-14,60,15,13.21
601375,1买,2024-02-05,60,1,19.69
601375,2买,2024-07-09,60,1,63.11
601375,1买,2025-04-09,60,1,20.99
601375,2买,2025-11-24,60,10,7.55
601375,1买,2026-03-24,44,1,7.24
601377,1买,2022-10-11,60,2,18.42
601377,2买,2022-12-26,60,7,26.33
601377,1买,2023-06-28,60,2,26.06
601377,2买,2023-11-02,60,2,7.13
601377,1买,2024-02-05,60,1,16.54
601377,1买,2024-07-09,60,3,55.6
601377,2买,2025-04-08,60,1,21.46
601377,2买,2025-04-08,60,1,21.46
601388,1买,2023-06-26,60,1,16.67
601388,1买,2025-04-09,60,1,32.04
601388,2买,2025-12-17,60,1,74.55
601388,2买,2025-12-17,60,1,74.55
601388,3买,2026-03-24,44,1,34.15
601390,1买,2022-11-03,60,2,31.65
601390,2买,2023-06-26,60,1,17.78
601390,1买,2023-12-19,60,3,31.1
601390,2买,2025-01-13,60,3,5.06
601390,1买,2025-04-07,60,1,11.63
601390,2买,2025-06-23,60,1,17.5
601390,1买,2025-12-17,60,13,20.93
601398,1买,2022-11-03,60,7,9.23
601398,2买,2023-08-14,60,10,9.69
601398,3买,2023-12-11,60,12,18.71
601398,3买,2024-09-12,60,2,22.2
601398,3买,2025-01-22,60,1,14.22
601399,1买,2024-09-10,60,2,52.28
601399,2买,2025-01-13,60,1,17.73
601399,1买,2025-04-09,60,1,23.66
601399,2买,2025-09-05,60,1,56.97
601399,3买,2025-09-05,60,1,56.97
601399,1买,2025-11-28,60,1,107.17
601399,2买,2026-05-22,5,4,4.15
601456,1买,2022-09-30,60,1,43.54
601456,2买,2023-03-14,60,1,13.24
601456,1买,2023-06-26,60,1,45.68
601456,2买,2023-10-16,60,1,31.82
601456,1买,2024-02-06,60,1,41.01
601456,2买,2024-07-10,60,1,48.82
601500,3买,2024-08-23,60,4,40.38
601500,1买,2024-09-10,60,1,42.07
601500,2买,2024-11-27,60,1,27.74
601500,1买,2025-01-13,60,1,28.75
601500,3买,2025-01-13,60,1,28.75
601500,1买,2025-04-09,60,1,18.87
601512,1买,2022-10-31,60,5,14.79
601512,2买,2022-12-30,60,4,31.48
601512,1买,2023-10-23,60,2,5.6
601512,1买,2024-02-07,60,1,38.54
601512,2买,2024-11-15,60,1,22.5
601512,1买,2025-04-09,60,1,13.47
601512,2买,2025-06-23,60,3,32.2
601512,2买,2025-10-31,60,1,17.72
601512,3买,2025-10-31,60,1,17.72
601515,1买,2022-08-04,60,5,23.5
601515,2买,2022-09-22,60,1,23.21
601515,1买,2023-04-26,60,3,7.4
601515,1买,2025-04-09,60,1,62.22
601515,2买,2025-09-29,60,1,25.88
601515,2买,2025-09-29,60,1,25.88
601515,3买,2026-02-04,60,2,29.03
601518,1买,2024-09-18,60,4,39.38
601518,2买,2025-01-13,60,1,13.44
601519,1买,2024-01-10,60,1,28.44
601519,2买,2025-01-13,60,1,29.56
601519,3买,2025-01-13,60,1,29.56
601519,1买,2026-04-27,21,1,18.97
601528,1买,2024-02-05,60,1,17.39
601528,1买,2024-09-18,60,3,37.88
601528,2买,2025-04-09,60,1,27.74
601528,2买,2025-04-09,60,1,27.74
601555,1买,2022-09-30,60,3,16.34
601555,2买,2023-01-03,60,3,14.95
601555,1买,2025-04-08,60,1,31.38
601555,2买,2025-12-17,60,5,12.54
601555,1买,2026-03-30,40,1,14.72
601555,2买,2026-05-25,4,,3.18
601566,3买,2023-06-26,60,1,14.81
601566,1买,2023-10-23,60,1,19.08
601566,1买,2025-04-09,60,1,38.22
601566,2买,2025-06-23,60,3,15.93
601567,1买,2022-12-21,60,1,25.92
601567,3买,2022-12-21,60,1,25.92
601567,2买,2023-11-07,60,2,38.23
601568,1买,2022-11-01,60,23,5.89
601568,1买,2024-02-05,60,1,26.58
601568,2买,2025-03-24,60,3,8.0
601568,1买,2025-04-09,60,1,18.36
601577,3买,2023-06-27,60,4,18.78
601577,1买,2024-09-18,60,3,40.8
601577,2买,2025-01-13,60,2,17.57
601577,3买,2026-01-19,60,7,11.43
601579,1买,2022-10-12,60,1,79.49
601579,2买,2022-11-24,60,1,47.2
601579,3买,2025-08-04,60,1,50.8
601579,3买,2025-08-04,60,1,50.8
601579,3买,2025-11-25,60,1,15.3
601588,1买,2025-04-09,60,1,26.17
601588,2买,2025-12-18,60,1,17.96
601595,1买,2022-10-11,60,3,37.06
601595,2买,2023-02-09,60,5,320.36
601595,1买,2023-10-23,60,1,66.51
601595,3买,2023-10-23,60,1,66.51
601595,2买,2024-01-18,60,1,73.43
601595,1买,2024-02-08,60,1,100.44
601595,1买,2024-08-23,60,3,98.22
601595,2买,2025-01-13,60,1,44.22
601595,2买,2025-01-13,60,1,44.22
601598,3买,2023-11-01,60,4,34.63
601598,1买,2025-04-08,60,1,14.72
601598,2买,2025-10-29,60,1,15.63
601598,1买,2026-01-26,60,2,14.84
601598,1买,2026-03-24,44,1,18.18
601598,2买,2026-05-06,17,2,10.26
601598,2买,2026-05-06,17,2,10.26
601599,1买,2023-10-23,60,1,66.67
601599,2买,2025-01-13,60,1,38.15
601599,1买,2025-04-09,60,1,44.63
601600,1买,2022-10-31,60,2,38.96
601600,2买,2023-03-30,60,1,28.52
601600,3买,2025-01-08,60,1,15.8
601600,1买,2025-04-09,60,1,21.31
601600,2买,2025-09-24,60,1,65.32
601600,3买,2026-03-24,44,1,17.54
601601,1买,2022-10-31,60,1,51.23
601601,2买,2023-03-28,60,1,42.66
601601,3买,2023-06-30,60,1,23.27
601601,1买,2024-04-12,60,1,36.41
601601,2买,2024-06-27,60,3,14.18
601601,1买,2024-07-12,60,1,58.59
601601,3买,2024-07-12,60,1,58.59
601601,2买,2025-01-13,60,3,10.29
601601,3买,2025-01-13,60,3,10.29
601601,1买,2025-03-11,60,3,18.83
601601,3买,2025-03-11,60,3,18.83
601601,2买,2025-07-22,60,1,18.46
601607,1买,2022-10-11,60,2,26.61
601607,2买,2022-12-30,60,7,22.18
601607,1买,2023-10-25,60,2,9.84
601607,2买,2024-09-13,60,1,29.75
601607,3买,2024-11-01,60,4,17.08
601608,1买,2024-02-05,60,1,55.69
601608,2买,2024-09-18,60,1,52.13
601609,1买,2023-10-24,60,1,11.59
601609,1买,2024-09-18,60,1,61.49
601609,2买,2025-01-09,60,1,27.14
601609,1买,2025-04-09,60,1,44.49
601609,2买,2025-11-24,60,1,31.67
601609,2买,2025-11-24,60,1,31.67
601609,3买,2025-11-24,60,1,31.67
601609,1买,2026-03-24,44,1,61.38
601611,1买,2024-01-23,60,1,35.75
601611,1买,2024-02-05,60,1,36.2
601611,2买,2024-03-28,60,2,23.48
601611,2买,2024-03-28,60,2,23.48
601611,3买,2024-07-26,60,1,22.19
601611,1买,2025-01-13,60,5,22.32
601611,2买,2025-08-15,60,4,66.23
601611,3买,2025-08-15,60,4,66.23
601611,1买,2025-09-24,60,4,79.36
601611,2买,2025-11-24,60,1,79.79
601615,1买,2025-04-09,60,1,32.49
601615,2买,2025-08-07,60,1,72.74
601616,1买,2023-04-26,60,1,15.03
601616,2买,2023-10-24,60,1,23.45
601616,1买,2024-07-25,60,1,34.6
601616,2买,2024-12-25,60,1,46.67
601616,1买,2025-01-06,60,1,53.04
601616,3买,2025-01-06,60,1,53.04
601616,2买,2025-08-29,60,1,33.15
601618,1买,2025-04-08,60,1,10.55
601618,2买,2025-09-23,60,2,32.31
601619,1买,2022-12-23,60,3,28.49
601619,2买,2025-09-03,60,2,62.86
601628,1买,2024-08-12,60,3,75.69
601628,2买,2025-04-08,60,1,26.87
601628,3买,2025-09-23,60,4,26.51
601633,1买,2023-05-31,60,2,40.72
601633,2买,2023-09-27,60,5,22.75
601633,1买,2025-02-06,60,1,15.5
601636,1买,2024-09-18,60,1,68.7
601636,2买,2025-01-13,60,1,17.82
601636,1买,2025-04-08,60,1,7.88
601658,1买,2022-11-01,60,3,29.17
601658,2买,2023-07-13,60,1,13.77
601658,1买,2023-12-27,60,3,19.95
601658,2买,2024-04-12,60,2,13.54
601658,3买,2024-06-18,60,4,11.06
601665,1买,2023-12-27,60,2,25.0
601665,2买,2024-07-22,60,1,28.38
601665,3买,2024-07-22,60,1,28.38
601665,1买,2024-09-18,60,1,45.45
601665,3买,2024-09-18,60,1,45.45
601665,2买,2024-11-26,60,2,22.94
601665,3买,2025-04-09,60,1,21.0
601665,1买,2026-01-19,60,3,19.43
601666,1买,2023-04-11,60,5,8.97
601666,2买,2023-11-08,60,1,27.72
601666,3买,2024-01-22,60,1,44.57
601666,1买,2024-09-13,60,1,53.83
601666,2买,2025-04-09,60,1,8.65
601666,1买,2025-06-24,60,3,28.12
601668,1买,2025-04-07,60,1,19.76
601668,2买,2025-08-20,60,3,6.78
601668,1买,2025-09-29,60,3,8.01
601669,1买,2023-09-26,60,1,9.7
601669,1买,2024-01-18,60,1,21.12
601669,2买,2024-04-12,60,1,18.69
601669,2买,2024-07-25,60,2,18.55
601669,3买,2025-09-29,60,2,11.01
601669,1买,2025-12-18,60,12,39.88
601669,3买,2025-12-18,60,12,39.88
601669,2买,2026-04-13,31,6,9.82
601678,1买,2025-01-13,60,1,29.58
601678,1买,2025-04-09,60,1,27.14
601678,2买,2025-09-24,60,5,20.1
601678,2买,2025-09-24,60,5,20.1
601686,1买,2023-12-21,60,6,10.68
601686,1买,2025-04-09,60,1,22.58
601688,1买,2022-10-31,60,2,15.09
601688,2买,2023-01-12,60,2,18.66
601688,1买,2024-02-05,60,1,15.02
601688,2买,2024-04-16,60,1,12.14
601688,1买,2025-04-09,60,1,26.44
601688,2买,2025-09-24,60,3,26.7
601688,3买,2025-09-24,60,3,26.7
601689,1买,2022-11-01,60,1,24.88
601689,3买,2022-11-01,60,1,24.88
601689,1买,2023-01-04,60,1,32.33
601689,2买,2023-08-21,60,1,23.48
601689,2买,2023-08-21,60,1,23.48
601689,1买,2023-10-23,60,1,30.37
601689,2买,2025-10-17,60,1,26.71
601696,1买,2022-10-31,60,1,18.49
601696,2买,2023-04-26,60,2,20.5
601696,1买,2024-01-23,60,1,25.36
601696,2买,2024-04-15,60,1,11.06
601696,1买,2024-07-09,60,1,68.93
601696,2买,2025-04-09,60,1,19.07
601696,1买,2025-12-04,60,1,30.24
601698,1买,2023-08-25,60,1,37.62
601698,3买,2023-08-25,60,1,37.62
601698,2买,2025-01-08,60,1,25.46
601698,1买,2025-04-08,60,1,26.63
601698,2买,2025-09-24,60,1,30.83
601698,1买,2025-11-21,60,1,168.46
601698,2买,2026-03-24,44,1,33.42
601699,3买,2024-01-23,60,1,35.13
601699,1买,2025-03-06,60,2,9.44
601699,1买,2025-06-25,60,6,47.04
601699,2买,2025-09-04,60,1,30.59
601699,2买,2025-09-04,60,1,30.59
601699,1买,2025-12-31,60,2,33.3
601700,1买,2025-04-09,60,1,32.05
601700,2买,2025-08-28,60,1,23.3
601700,1买,2025-09-24,60,6,39.11
601700,2买,2026-02-06,60,1,31.67
601702,1买,2022-12-23,60,1,37.36
601702,1买,2023-04-04,60,1,28.9
601702,1买,2023-05-10,60,1,34.73
601702,2买,2023-08-16,60,1,30.12
601702,2买,2023-08-16,60,1,30.12
601702,2买,2023-08-16,60,1,30.12
601702,3买,2023-09-27,60,1,24.1
601702,3买,2024-04-23,60,1,19.05
601702,1买,2024-09-18,60,1,50.94
601702,2买,2024-10-30,60,2,29.35
601702,1买,2024-11-19,60,1,40.23
601718,1买,2023-10-24,60,6,7.17
601718,1买,2024-02-05,60,1,23.05
601718,2买,2025-02-24,60,2,8.91
601718,1买,2025-04-09,60,1,97.91
601718,2买,2026-02-13,60,2,7.12
601718,2买,2026-02-13,60,2,7.12
601727,1买,2022-10-11,60,1,15.12
601727,2买,2023-01-03,60,14,20.92
601727,1买,2024-07-10,60,1,45.32
601727,2买,2025-04-09,60,1,26.16
601727,3买,2025-06-23,60,5,33.33
601728,1买,2023-11-29,60,1,24.1
601728,3买,2023-11-29,60,1,24.1
601728,2买,2024-01-12,60,1,26.84
601728,3买,2024-06-18,60,4,14.21
601728,3买,2025-01-22,60,1,29.86
601728,3买,2025-07-28,60,19,5.64
601766,3买,2024-06-17,60,1,21.16
601766,1买,2025-04-07,60,1,18.85
601766,2买,2025-08-19,60,2,14.46
601766,3买,2025-08-19,60,2,14.46
601777,1买,2022-09-02,60,1,20.22
601777,1买,2023-06-08,60,2,51.53
601777,2买,2023-10-24,60,1,36.39
601777,1买,2024-06-14,60,1,72.16
601777,2买,2025-01-13,60,1,86.83
601777,2买,2025-01-13,60,1,86.83
601777,3买,2025-04-09,60,1,42.71
601788,1买,2022-10-11,60,2,30.86
601788,2买,2022-12-26,60,1,14.67
601788,1买,2023-04-25,60,3,25.5
601788,2买,2023-08-22,60,1,13.39
601788,1买,2023-10-23,60,1,11.95
601788,2买,2025-01-13,60,1,11.32
601788,1买,2025-04-08,60,1,22.21
601788,2买,2025-06-23,60,1,28.41
601788,1买,2026-04-07,35,3,6.32
601789,1买,2024-01-23,60,1,37.29
601789,1买,2024-02-07,60,1,59.81
601789,2买,2024-07-10,60,1,34.22
601789,1买,2024-09-18,60,1,70.43
601789,2买,2025-01-06,60,1,86.5
601789,2买,2025-01-06,60,1,86.5
601789,3买,2025-04-09,60,1,35.84
601789,3买,2025-08-06,60,4,14.1
601789,1买,2025-09-05,60,3,15.62
601789,1买,2026-03-04,58,2,64.27
601798,1买,2023-10-24,60,1,38.18
601798,2买,2023-12-26,60,1,54.2
601798,3买,2025-01-13,60,1,65.34
601798,1买,2025-11-24,60,4,15.03
601798,3买,2025-11-24,60,4,15.03
601799,1买,2024-06-28,60,1,22.42
601799,2买,2024-08-29,60,1,46.84
601799,1买,2025-02-24,60,1,18.9
601799,1买,2025-09-04,60,4,21.01
601800,1买,2022-10-31,60,1,50.23
601800,2买,2023-05-25,60,2,22.14
601800,1买,2024-09-18,60,4,73.69
601800,2买,2025-02-21,60,1,9.13
601800,3买,2025-02-21,60,1,9.13
601800,1买,2025-04-07,60,1,15.26
601800,2买,2025-09-29,60,2,5.95
601800,1买,2026-01-05,60,6,8.17
601801,1买,2024-02-06,60,1,69.44
601801,3买,2024-02-06,60,1,69.44
601801,2买,2024-07-25,60,1,45.71
601801,1买,2025-09-26,60,18,9.23
601801,2买,2025-12-15,60,4,12.67
601801,1买,2025-12-30,60,4,12.85
601808,1买,2023-03-31,60,1,18.33
601808,3买,2023-03-31,60,1,18.33
601808,1买,2023-06-26,60,4,27.59
601808,2买,2023-08-25,60,1,17.03
601808,2买,2023-08-25,60,1,17.03
601808,1买,2024-01-23,60,1,45.74
601808,1买,2024-02-08,60,1,50.23
601808,2买,2024-05-06,60,1,9.47
601808,2买,2024-05-06,60,1,9.47
601808,1买,2024-09-12,60,6,34.73
601808,2买,2024-11-28,60,4,10.44
601808,1买,2025-03-11,60,3,16.23
601808,1买,2025-04-08,60,1,20.31
601808,2买,2025-09-30,60,2,13.38
601811,1买,2024-02-06,60,1,45.58
601811,3买,2024-02-06,60,1,45.58
601811,2买,2024-05-06,60,1,14.08
601811,1买,2024-07-16,60,1,34.98
601811,2买,2024-09-23,60,2,28.44
601811,1买,2025-06-24,60,2,19.18
601816,1买,2022-10-31,60,1,22.1
601816,2买,2023-02-10,60,8,24.31
601816,3买,2023-05-26,60,1,7.25
601816,1买,2024-01-09,60,4,12.31
601816,2买,2024-03-26,60,7,9.74
601818,1买,2023-12-21,60,9,18.37
601818,2买,2024-04-15,60,2,9.6
601818,3买,2025-04-09,60,1,27.35
601825,3买,2024-08-15,60,1,35.68
601827,1买,2022-12-30,60,13,15.88
601827,2买,2023-03-30,60,1,21.66
601827,1买,2023-10-24,60,2,16.86
601827,2买,2023-12-06,60,5,7.85
601827,3买,2024-09-23,60,1,27.84
601827,1买,2025-01-13,60,5,12.16
601827,2买,2025-10-13,60,13,10.58
601828,1买,2024-02-06,60,1,33.81
601828,1买,2024-07-25,60,1,60.52
601828,1买,2024-09-18,60,1,120.3
601828,2买,2025-05-26,60,3,14.39
601828,2买,2025-05-26,60,3,14.39
601828,1买,2025-06-23,60,1,16.91
601828,3买,2025-06-23,60,1,16.91
601828,2买,2025-08-15,60,3,10.14
601838,1买,2023-06-26,60,11,22.2
601838,1买,2023-12-11,60,1,31.5
601838,2买,2024-03-22,60,2,25.79
601838,2买,2024-03-22,60,2,25.79
601838,1买,2024-09-12,60,1,34.29
601838,2买,2025-02-27,60,4,22.46
601838,3买,2025-09-22,60,9,10.5
601857,1买,2022-11-01,60,3,12.39
601857,2买,2023-05-26,60,1,19.12
601857,3买,2023-08-03,60,1,15.01
601857,3买,2025-08-04,60,4,15.48
601857,1买,2025-10-09,60,5,30.22
601857,2买,2025-12-16,60,2,46.73
601858,1买,2022-10-11,60,3,124.6
601858,2买,2023-08-21,60,1,43.96
601858,1买,2023-10-23,60,1,41.93
601858,3买,2023-10-23,60,1,41.93
601858,1买,2024-08-28,60,1,76.83
601860,1买,2024-02-06,60,1,14.58
601860,2买,2024-03-29,60,12,11.81
601860,1买,2025-04-11,60,6,27.0
601860,2买,2025-10-09,60,3,6.81
601860,1买,2025-12-15,60,19,6.64
601860,2买,2026-03-05,57,5,6.25
601865,1买,2024-02-05,60,1,81.39
601865,1买,2024-09-24,60,1,104.8
601865,2买,2025-01-13,60,1,27.02
601865,2买,2025-01-13,60,1,27.02
601865,1买,2025-04-29,60,1,23.15
601865,1买,2025-06-19,60,1,41.01
601865,2买,2025-08-15,60,1,27.34
601866,1买,2022-08-04,60,5,23.26
601866,1买,2022-12-23,60,19,10.83
601866,2买,2023-04-04,60,7,13.47
601866,1买,2025-12-17,60,3,34.3
601868,1买,2024-01-23,60,1,13.93
601868,2买,2024-06-27,60,2,9.66
601868,1买,2025-04-08,60,1,8.92
601869,1买,2024-02-05,60,1,62.49
601869,2买,2024-06-11,60,1,13.8
601869,1买,2024-07-25,60,1,33.72
601869,2买,2025-01-13,60,1,77.25
601869,3买,2025-04-09,60,1,46.42
601872,3买,2026-05-18,9,1,18.9
601877,1买,2022-10-31,60,1,35.58
601877,2买,2022-12-23,60,2,31.97
601878,1买,2022-10-11,60,1,22.37
601878,2买,2022-12-29,60,4,13.89
601878,1买,2023-04-26,60,2,14.65
601878,1买,2024-02-05,60,1,52.64
601878,2买,2024-04-15,60,3,39.92
601878,2买,2024-07-25,60,1,55.44
601881,1买,2023-06-28,60,2,33.58
601881,3买,2023-06-28,60,2,33.58
601881,1买,2024-01-23,60,1,24.15
601881,1买,2024-02-06,60,1,29.04
601881,2买,2024-04-17,60,1,19.37
601881,2买,2024-04-17,60,1,19.37
601881,2买,2025-01-13,60,1,47.22
601881,3买,2025-04-09,60,1,22.78
601882,3买,2023-03-20,60,1,33.47
601882,1买,2024-09-18,60,1,45.89
601882,2买,2025-01-09,60,1,26.45
601882,1买,2025-04-09,60,1,16.34
601886,1买,2022-12-23,60,1,15.2
601886,1买,2023-04-25,60,1,52.83
601886,2买,2023-06-02,60,6,27.95
601886,2买,2023-06-02,60,6,27.95
601886,1买,2024-08-23,60,1,47.31
601886,2买,2024-11-27,60,1,13.31
601886,1买,2025-01-13,60,1,32.86
601886,3买,2025-01-13,60,1,32.86
601886,2买,2025-06-23,60,2,63.25
601886,3买,2025-09-23,60,1,21.08
601888,1买,2022-11-01,60,1,53.34
601888,1买,2024-01-08,60,1,21.78
601888,1买,2024-04-24,60,2,11.48
601888,1买,2025-04-07,60,1,34.17
601888,2买,2025-06-23,60,2,25.12
601888,2买,2025-12-19,60,1,30.47
601888,2买,2025-12-19,60,1,30.47
601890,3买,2023-06-09,60,5,19.72
601890,3买,2025-05-28,60,1,46.28
601898,1买,2023-02-17,60,1,19.12
601898,1买,2023-03-31,60,10,25.38
601898,2买,2023-06-26,60,2,13.76
601898,1买,2023-08-25,60,1,16.35
601898,2买,2023-11-08,60,1,51.62
601898,2买,2023-11-08,60,1,51.62
601898,3买,2024-07-31,60,1,38.31
601898,3买,2025-12-31,60,2,60.21
601898,3买,2026-04-20,26,1,18.87
601898,1买,2026-05-27,2,1,6.79
601899,3买,2023-08-17,60,1,14.02
601899,1买,2024-01-23,60,1,72.44
601899,2买,2024-06-05,60,1,16.66
601899,3买,2024-09-11,60,2,42.54
601900,1买,2022-10-31,60,2,19.11
601900,2买,2023-09-21,60,1,20.65
601900,1买,2023-10-23,60,1,34.15
601900,3买,2023-10-23,60,1,34.15
601900,2买,2023-11-30,60,1,26.68
601901,1买,2024-08-29,60,1,54.67
601901,2买,2025-01-13,60,1,12.96
601901,3买,2025-01-13,60,1,12.96
601901,1买,2025-04-09,60,1,17.49
601901,2买,2025-06-23,60,1,20.54
601908,1买,2022-12-23,60,1,20.23
601908,2买,2023-03-20,60,2,6.16
601908,1买,2023-10-24,60,1,14.89
601908,1买,2024-09-18,60,1,70.05
601908,2买,2025-04-09,60,1,86.55
601908,3买,2025-10-24,60,3,16.62
601908,1买,2025-11-25,60,1,26.05
601916,1买,2023-10-24,60,6,8.54
601916,2买,2023-12-19,60,12,18.88
601916,3买,2025-04-08,60,2,35.25
601916,1买,2026-01-29,60,8,9.38
601918,1买,2023-01-16,60,4,10.32
601918,2买,2023-08-22,60,4,25.06
601918,3买,2024-01-23,60,1,91.41
601918,3买,2024-09-20,60,1,38.33
601918,1买,2025-04-09,60,1,17.64
601919,1买,2023-01-13,60,5,15.83
601919,2买,2023-04-11,60,2,10.04
601919,3买,2024-09-11,60,1,50.65
601921,1买,2024-02-06,60,1,49.92
601921,2买,2024-07-18,60,1,45.24
601921,1买,2025-01-13,60,1,43.78
601921,2买,2025-04-07,60,1,16.85
601921,1买,2025-12-17,60,2,17.21
601928,3买,2023-08-21,60,1,21.67
601928,1买,2023-09-08,60,5,24.95
601928,3买,2023-09-08,60,5,24.95
601928,2买,2024-03-27,60,1,9.73
601928,1买,2024-04-26,60,3,18.89
601928,2买,2024-11-04,60,3,20.02
601929,1买,2022-10-11,60,1,30.36
601929,2买,2023-04-27,60,1,21.78
601929,1买,2025-04-09,60,1,30.67
601929,2买,2025-10-20,60,1,41.67
601929,3买,2025-10-20,60,1,41.67
601929,1买,2025-12-17,60,1,48.9
601933,1买,2023-10-24,60,3,5.37
601933,1买,2024-02-05,60,1,24.43
601933,2买,2024-05-27,60,1,32.33
601933,2买,2025-03-31,60,1,46.87
601933,3买,2025-06-23,60,2,20.47
601933,1买,2025-08-04,60,5,20.73
601939,1买,2023-08-14,60,10,16.44
601939,2买,2024-03-20,60,4,11.69
601939,3买,2024-03-20,60,4,11.69
601939,3买,2024-05-31,60,6,18.14
601949,1买,2022-10-11,60,2,44.93
601949,2买,2023-01-12,60,7,69.39
601949,1买,2023-10-23,60,1,28.86
601949,3买,2023-10-23,60,1,28.86
601949,1买,2024-07-16,60,3,42.55
601949,2买,2025-01-13,60,1,19.87
601949,1买,2025-04-30,60,3,10.97
601952,1买,2022-10-11,60,1,18.89
601952,2买,2023-04-17,60,3,9.07
601952,1买,2023-06-26,60,9,12.06
601956,1买,2023-10-24,60,1,15.41
601958,1买,2022-10-11,60,1,63.8
601958,2买,2023-05-12,60,1,20.39
601958,1买,2024-01-23,60,1,41.68
601958,1买,2024-02-05,60,1,52.35
601958,2买,2024-05-08,60,1,12.64
601958,2买,2024-05-08,60,1,12.64
601958,3买,2024-05-08,60,1,12.64
601958,3买,2025-01-02,60,1,14.29
601958,3买,2025-11-24,60,1,80.37
601958,3买,2025-11-24,60,1,80.37
601963,3买,2023-08-14,60,6,8.14
601965,3买,2023-09-08,60,1,13.66
601965,1买,2023-10-26,60,1,34.94
601965,1买,2025-12-12,60,2,27.63
601965,2买,2026-03-24,44,1,9.7
601966,1买,2023-12-21,60,1,31.26
601966,2买,2024-03-29,60,2,21.62
601966,1买,2025-01-14,60,2,8.8
601968,1买,2024-01-23,60,1,37.87
601968,1买,2024-02-08,60,1,48.7
601968,2买,2024-09-11,60,1,42.86
601968,2买,2025-01-13,60,1,12.0
601968,1买,2025-04-09,60,1,26.68
601969,1买,2023-10-24,60,1,14.78
601969,2买,2024-11-27,60,1,30.15
601969,1买,2025-01-13,60,1,23.63
601969,2买,2025-04-09,60,1,23.44
601975,1买,2025-04-09,60,1,32.95
601985,3买,2024-09-13,60,4,26.35
601988,1买,2023-09-13,60,8,10.93
601988,3买,2023-09-13,60,8,10.93
601988,2买,2024-03-20,60,5,11.94
601988,3买,2024-05-31,60,17,15.68
601990,1买,2023-10-23,60,10,10.76
601990,1买,2024-02-05,60,1,29.02
601990,2买,2024-04-16,60,2,14.6
601990,2买,2025-09-26,60,1,5.56
601990,1买,2025-12-17,60,12,6.15
601991,1买,2024-01-23,60,1,44.75
601991,2买,2024-06-26,60,1,13.24
601991,1买,2025-01-13,60,8,17.83
601991,2买,2025-04-09,60,1,30.86
601992,1买,2022-11-01,60,4,17.75
601992,2买,2023-01-12,60,6,11.3
601992,1买,2025-04-09,60,1,14.48
601995,3买,2025-04-29,60,3,15.11
601995,1买,2025-05-28,60,4,19.6
601995,2买,2025-09-24,60,3,10.81
601995,1买,2025-11-19,60,1,10.57
601996,1买,2025-04-09,60,1,31.4
601997,1买,2026-03-05,57,5,12.35
601998,1买,2023-10-31,60,2,10.21
601998,3买,2023-10-31,60,2,10.21
601998,1买,2023-12-11,60,2,30.95
601998,2买,2024-09-12,60,4,35.34
601998,2买,2024-09-12,60,4,35.34
601998,3买,2025-02-13,60,3,20.69
601999,1买,2023-10-23,60,1,63.44
601999,2买,2025-09-05,60,1,19.36
601999,3买,2025-09-05,60,1,19.36
601999,1买,2025-09-24,60,1,24.62
603000,3买,2023-05-29,60,1,126.83
603000,1买,2025-12-17,60,10,68.29
603000,2买,2026-03-24,44,1,9.89
603001,1买,2025-04-09,60,1,66.06
603001,2买,2025-06-23,60,1,79.86
603002,1买,2023-06-26,60,3,29.08
603002,2买,2023-10-25,60,1,82.72
603002,1买,2024-08-28,60,1,50.0
603002,2买,2025-01-06,60,1,46.99
603002,1买,2025-04-09,60,1,70.18
603002,2买,2025-10-20,60,1,19.94
603002,3买,2025-10-20,60,1,19.94
603004,1买,2024-07-09,60,1,39.68
603004,1买,2024-08-28,60,2,107.05
603004,2买,2025-01-06,60,1,46.05
603004,2买,2025-01-06,60,1,46.05
603004,1买,2025-04-09,60,1,47.75
603004,2买,2025-10-21,60,4,17.21
603005,1买,2022-10-11,60,1,27.54
603005,2买,2023-06-29,60,1,32.41
603005,1买,2023-08-25,60,1,49.5
603005,2买,2023-10-25,60,1,31.96
603005,1买,2025-01-06,60,1,59.17
603005,2买,2025-06-18,60,3,33.2
603006,1买,2025-04-09,60,1,67.37
603006,2买,2025-08-29,60,1,33.05
603006,3买,2025-08-29,60,1,33.05
603006,1买,2025-12-15,60,2,18.33
603006,1买,2026-03-24,44,1,26.79
603006,2买,2026-05-27,2,1,17.56
603008,1买,2024-02-06,60,1,61.74
603008,2买,2024-09-18,60,1,60.74
603008,1买,2025-04-09,60,1,31.06
603008,2买,2025-06-18,60,1,25.67
603008,1买,2025-08-01,60,5,26.32
603009,1买,2022-12-30,60,1,36.97
603009,2买,2023-08-17,60,1,105.29
603009,3买,2024-07-25,60,1,103.1
603009,3买,2024-07-25,60,1,103.1
603010,1买,2023-08-28,60,1,17.27
603010,1买,2025-04-09,60,1,22.43
603010,2买,2025-06-23,60,1,15.46
603010,2买,2026-01-15,60,3,31.55
603010,3买,2026-01-15,60,3,31.55
603011,1买,2023-03-20,60,1,9.1
603011,1买,2023-04-26,60,1,30.11
603011,2买,2024-04-17,60,1,33.75
603011,1买,2024-07-18,60,1,42.31
603011,2买,2025-01-06,60,1,135.86
603011,2买,2025-06-23,60,1,24.66
603011,1买,2025-09-05,60,1,98.48
603011,3买,2025-09-05,60,1,98.48
603011,2买,2025-11-24,60,1,71.7
603011,3买,2026-04-07,35,1,25.48
603012,1买,2022-12-23,60,6,15.07
603013,3买,2023-08-25,60,1,62.97
603013,1买,2025-04-09,60,1,56.73
603013,2买,2025-06-23,60,1,63.53
603013,3买,2025-08-04,60,1,52.13
603014,1买,2026-03-24,44,1,6.12
603015,1买,2023-04-25,60,1,78.01
603015,2买,2023-10-23,60,2,49.61
603015,1买,2025-04-09,60,1,33.21
603015,2买,2025-06-23,60,1,13.22
603015,3买,2025-06-23,60,1,13.22
603015,1买,2025-09-04,60,2,16.08
603015,2买,2026-03-24,44,1,13.83
603016,1买,2022-10-12,60,1,43.11
603016,2买,2022-12-23,60,1,32.06
603016,1买,2024-02-06,60,1,43.31
603016,2买,2024-03-29,60,1,24.39
603016,3买,2024-11-25,60,1,66.98
603016,3买,2025-04-09,60,1,60.08
603016,1买,2025-09-04,60,2,18.64
603017,1买,2022-08-04,60,1,17.09
603017,2买,2022-12-23,60,1,29.68
603017,1买,2023-10-23,60,1,12.06
603017,2买,2023-12-27,60,2,10.39
603017,1买,2025-04-09,60,1,74.75
603017,2买,2025-09-05,60,2,35.33
603018,1买,2022-12-30,60,2,42.27
603018,2买,2023-04-27,60,1,42.36
603018,1买,2024-02-05,60,1,84.34
603018,2买,2024-07-09,60,1,11.94
603018,1买,2024-09-18,60,1,70.15
603018,2买,2025-04-09,60,1,18.18
603018,1买,2025-12-15,60,2,17.89
603018,2买,2026-01-19,60,5,13.94
603019,3买,2023-10-24,60,1,25.88
603019,1买,2024-02-05,60,1,97.77
603019,3买,2024-02-05,60,1,97.77
603019,2买,2024-06-25,60,1,19.73
603019,1买,2024-08-28,60,2,158.27
603019,2买,2025-01-13,60,1,31.29
603019,1买,2025-04-08,60,1,24.55
603019,3买,2025-04-08,60,1,24.55
603019,2买,2025-08-05,60,7,89.22
603020,1买,2023-10-23,60,2,8.62
603020,1买,2024-08-26,60,2,32.26
603020,2买,2025-01-06,60,1,30.77
603020,3买,2025-04-09,60,1,26.86
603020,2买,2025-08-25,60,3,36.16
603020,3买,2025-08-25,60,3,36.16
603020,3买,2025-12-17,60,1,23.71
603020,1买,2026-03-24,44,1,36.01
603022,1买,2022-12-30,60,2,15.33
603022,1买,2023-04-25,60,1,18.82
603022,2买,2023-10-23,60,1,20.86
603022,2买,2023-10-23,60,1,20.86
603022,1买,2025-12-17,60,1,27.3
603022,3买,2025-12-17,60,1,27.3
603023,1买,2024-06-27,60,1,33.99
603023,2买,2025-01-13,60,1,31.17
603023,1买,2025-11-24,60,1,64.16
603023,3买,2025-11-24,60,1,64.16
603023,2买,2026-03-23,45,1,24.15
603025,3买,2024-11-18,60,1,25.47
603025,3买,2025-10-17,60,1,37.89
603026,1买,2022-12-23,60,1,16.22
603026,1买,2023-08-25,60,1,12.25
603026,1买,2023-10-26,60,1,21.44
603026,1买,2024-02-06,60,1,77.07
603026,2买,2025-01-08,60,1,25.66
603026,2买,2026-03-09,55,1,103.33
603027,1买,2022-09-23,60,1,61.03
603027,2买,2023-04-13,60,1,20.92
603027,3买,2023-04-13,60,1,20.92
603027,3买,2023-09-22,60,3,11.1
603027,1买,2023-10-24,60,1,20.33
603027,1买,2024-07-09,60,2,22.2
603027,1买,2024-09-18,60,1,56.45
603027,2买,2025-01-13,60,1,19.3
603027,1买,2025-04-08,60,1,18.08
603028,3买,2023-08-25,60,1,26.82
603028,1买,2025-04-09,60,1,61.95
603028,2买,2025-09-04,60,1,15.38
603028,1买,2025-09-24,60,1,19.43
603029,1买,2023-10-24,60,1,36.18
603029,2买,2023-12-29,60,1,21.86
603029,1买,2024-09-18,60,1,74.01
603029,2买,2025-01-06,60,1,34.16
603030,1买,2024-06-21,60,1,72.18
603030,2买,2024-09-18,60,1,140.59
603030,1买,2025-04-09,60,1,65.8
603030,2买,2025-12-17,60,1,17.63
603031,1买,2025-04-09,60,1,27.74
603031,2买,2025-08-04,60,1,80.5
603032,1买,2023-10-26,60,1,22.6
603032,1买,2023-12-21,60,1,50.03
603032,1买,2025-04-09,60,1,77.27
603032,2买,2025-06-05,60,1,53.53
603032,2买,2025-10-23,60,1,22.58
603032,2买,2025-10-23,60,1,22.58
603032,1买,2025-12-16,60,1,18.94
603032,3买,2025-12-16,60,1,18.94
603032,1买,2026-03-04,58,2,63.88
603033,1买,2022-10-12,60,1,27.24
603033,2买,2023-05-05,60,1,23.75
603033,1买,2025-04-09,60,1,19.76
603033,1买,2025-06-23,60,1,36.73
603033,2买,2026-01-22,60,1,18.97
603035,1买,2024-08-23,60,1,46.28
603035,2买,2024-11-27,60,1,8.62
603035,1买,2025-01-13,60,1,20.26
603035,2买,2025-12-16,60,4,14.12
603035,3买,2025-12-16,60,4,14.12
603036,1买,2023-05-09,60,2,14.29
603036,2买,2023-08-16,60,1,42.48
603036,3买,2024-04-22,60,1,23.08
603036,1买,2025-02-17,60,1,13.33
603036,3买,2025-02-17,60,1,13.33
603036,1买,2025-04-09,60,1,62.01
603036,2买,2025-07-30,60,4,48.87
603036,2买,2025-07-30,60,4,48.87
603037,1买,2022-10-11,60,1,18.65
603037,2买,2022-12-26,60,1,26.13
603037,1买,2024-09-18,60,1,56.76
603038,1买,2023-04-25,60,1,45.21
603038,2买,2023-06-01,60,1,54.36
603038,3买,2025-01-06,60,1,26.84
603038,1买,2025-03-25,60,4,17.42
603038,3买,2025-03-25,60,4,17.42
603038,1买,2025-04-09,60,1,49.04
603038,2买,2025-06-23,60,1,44.01
603038,2买,2025-12-17,60,1,26.25
603039,3买,2023-03-01,60,1,57.89
603039,1买,2024-08-28,60,1,122.04
603039,2买,2025-01-08,60,1,107.25
603039,1买,2025-07-11,60,1,37.78
603039,3买,2025-07-11,60,1,37.78
603040,3买,2023-04-25,60,1,67.25
603041,1买,2025-04-09,60,1,34.58
603042,3买,2023-08-29,60,1,59.93
603042,3买,2026-01-29,60,1,47.25
603042,1买,2026-05-28,1,1,8.09
603043,3买,2023-05-16,60,1,10.36
603043,1买,2024-07-30,60,1,30.56
603043,1买,2024-09-18,60,1,49.41
603043,2买,2025-01-13,60,3,13.0
603043,2买,2025-01-13,60,3,13.0
603043,1买,2025-04-08,60,1,22.61
603043,2买,2025-06-16,60,28,19.26
603045,1买,2023-04-25,60,1,69.89
603045,2买,2023-06-27,60,2,60.89
603045,3买,2025-08-01,60,2,37.86
603048,1买,2022-12-23,60,3,30.68
603048,2买,2023-06-27,60,1,39.4
603048,3买,2025-10-13,60,1,26.21
603050,3买,2023-04-12,60,1,37.92
603050,1买,2023-12-27,60,1,66.12
603050,2买,2025-01-06,60,1,26.93
603050,1买,2025-04-08,60,1,32.87
603051,1买,2023-06-07,60,1,27.49
603051,1买,2023-10-23,60,1,24.85
603051,1买,2024-02-06,60,1,64.06
603051,2买,2024-04-17,60,1,36.36
603051,1买,2025-12-17,60,1,57.74
603052,1买,2023-03-14,60,3,20.65
603052,1买,2023-08-29,60,1,44.99
603052,2买,2023-10-23,60,1,96.63
603052,1买,2024-08-20,60,1,104.14
603052,2买,2025-01-06,60,1,29.78
603052,1买,2025-04-09,60,1,49.58
603052,1买,2025-06-23,60,1,42.19
603052,2买,2025-11-03,60,1,127.2
603053,1买,2024-09-18,60,3,32.28
603053,2买,2025-03-05,60,8,9.08
603055,1买,2025-01-13,60,2,17.79
603055,1买,2025-04-09,60,1,28.27
603057,1买,2023-06-26,60,2,18.54
603057,2买,2026-03-24,44,1,26.61
603058,3买,2025-06-03,60,1,42.17
603058,1买,2025-06-20,60,2,44.61
603058,2买,2025-12-12,60,1,65.74
603058,3买,2026-03-24,44,1,16.38
603059,1买,2023-04-25,60,1,17.88
603059,3买,2023-04-25,60,1,17.88
603059,2买,2023-06-21,60,2,21.55
603059,1买,2024-09-18,60,1,40.13
603059,2买,2025-01-13,60,1,33.56
603059,1买,2025-12-05,60,4,47.72
603059,3买,2025-12-05,60,4,47.72
603059,2买,2026-04-07,35,1,14.98
603060,3买,2023-04-28,60,1,13.69
603060,1买,2023-06-26,60,4,15.38
603060,1买,2024-07-25,60,1,45.72
603060,1买,2024-08-23,60,1,61.68
603060,2买,2025-01-13,60,1,16.06
603060,2买,2025-01-13,60,1,16.06
603060,1买,2025-04-09,60,1,24.02
603060,3买,2025-04-09,60,1,24.02
603060,2买,2025-09-23,60,7,8.32
603060,1买,2025-12-17,60,3,20.24
603061,1买,2024-02-01,60,1,40.0
603061,1买,2024-07-08,60,1,32.37
603061,1买,2024-09-24,60,1,76.32
603061,2买,2025-01-06,60,1,23.98
603061,2买,2025-01-06,60,1,23.98
603061,2买,2025-01-06,60,1,23.98
603061,3买,2025-03-03,60,1,24.95
603061,1买,2025-04-09,60,1,40.83
603061,2买,2026-03-24,44,1,64.13
603062,1买,2024-09-18,60,1,66.64
603063,1买,2023-12-21,60,1,19.53
603063,2买,2025-03-04,60,1,43.22
603063,1买,2025-04-09,60,1,49.14
603063,2买,2025-06-03,60,1,49.73
603063,3买,2025-09-05,60,1,13.28
603063,1买,2025-11-24,60,1,26.77
603065,1买,2023-08-29,60,1,25.06
603065,2买,2023-12-26,60,2,39.89
603065,1买,2025-04-09,60,1,67.28
603065,2买,2025-09-23,60,7,13.7
603066,1买,2025-04-09,60,1,46.86
603066,2买,2025-07-31,60,2,7.35
603067,1买,2022-12-23,60,1,26.57
603067,2买,2025-07-28,60,1,52.0
603067,3买,2025-07-28,60,1,52.0
603067,1买,2025-10-20,60,1,139.05
603067,3买,2025-10-20,60,1,139.05
603068,1买,2023-08-25,60,1,37.59
603068,2买,2023-10-24,60,1,26.8
603068,3买,2025-03-03,60,1,19.29
603068,3买,2025-03-03,60,1,19.29
603068,1买,2025-04-09,60,1,38.21
603069,1买,2022-09-05,60,1,27.72
603069,2买,2023-02-01,60,1,23.06
603069,1买,2024-02-07,60,1,76.04
603069,2买,2024-04-16,60,1,14.14
603069,1买,2024-07-09,60,1,41.02
603069,2买,2025-01-13,60,1,32.12
603069,1买,2025-04-08,60,1,50.66
603069,2买,2025-09-04,60,1,60.76
603071,1买,2023-01-13,60,5,8.69
603071,1买,2023-03-14,60,2,12.59
603071,2买,2023-04-11,60,5,12.52
603071,1买,2025-01-13,60,3,12.06
603072,1买,2025-09-24,60,5,17.7
603073,1买,2024-09-18,60,1,46.65
603073,2买,2025-01-06,60,1,43.09
603073,1买,2025-04-09,60,1,34.61
603073,2买,2025-06-23,60,1,25.33
603073,1买,2026-03-23,45,1,19.51
603075,1买,2024-02-06,60,1,45.61
603075,2买,2024-07-09,60,1,32.07
603075,1买,2024-09-18,60,1,34.28
603075,2买,2025-01-06,60,1,22.37
603075,1买,2025-04-09,60,1,26.28
603075,2买,2025-10-13,60,1,12.9
603075,1买,2025-11-24,60,3,33.16
603076,1买,2024-02-07,60,1,91.49
603076,2买,2024-04-17,60,1,53.28
603076,1买,2025-04-09,60,1,118.2
603076,2买,2025-08-15,60,3,13.9
603076,1买,2025-10-13,60,1,12.67
603077,1买,2023-06-26,60,4,16.38
603077,1买,2023-10-18,60,2,8.52
603077,2买,2023-12-19,60,10,14.41
603078,1买,2025-11-24,60,5,82.64
603079,3买,2025-09-24,60,2,32.69
603080,1买,2024-08-23,60,1,41.18
603080,2买,2025-01-13,60,1,17.3
603080,1买,2025-04-09,60,1,42.35
603080,2买,2025-11-24,60,1,21.71
603080,1买,2026-04-07,35,1,22.78
603081,3买,2025-11-24,60,5,24.85
603082,1买,2024-09-18,60,1,59.32
603082,2买,2025-01-06,60,1,56.49
603082,1买,2026-03-24,44,1,56.59
603083,3买,2024-01-17,60,1,66.83
603083,1买,2024-06-11,60,1,29.63
603083,1买,2024-08-29,60,1,144.35
603083,2买,2024-12-18,60,1,24.41
603083,2买,2024-12-18,60,1,24.41
603083,1买,2025-01-03,60,1,24.06
603083,2买,2025-11-05,60,1,47.79
603083,3买,2025-11-05,60,1,47.79
603083,3买,2025-11-05,60,1,47.79
603086,1买,2023-03-30,60,12,4.44
603086,1买,2024-02-07,60,1,68.87
603086,2买,2024-04-19,60,1,40.94
603086,3买,2026-03-05,57,1,13.61
603087,1买,2023-04-26,60,2,34.15
603087,2买,2023-06-26,60,3,27.88
603087,1买,2023-09-07,60,2,60.46
603087,3买,2023-09-07,60,2,60.46
603087,2买,2024-05-27,60,1,12.9
603087,1买,2025-04-09,60,1,46.44
603087,2买,2025-11-21,60,2,22.89
603087,3买,2025-11-21,60,2,22.89
603087,1买,2026-03-24,44,1,19.3
603087,3买,2026-03-24,44,1,19.3
603088,1买,2022-12-23,60,1,41.89
603088,2买,2023-03-20,60,1,10.62
603088,1买,2023-06-08,60,2,33.02
603088,2买,2023-12-11,60,1,13.83
603088,1买,2025-06-23,60,1,35.28
603088,2买,2025-08-04,60,1,46.99
603088,1买,2025-12-17,60,1,47.38
603089,1买,2024-09-18,60,1,48.4
603089,2买,2025-01-06,60,1,41.3
603089,3买,2025-06-23,60,1,64.1
603089,3买,2025-06-23,60,1,64.1
603089,3买,2025-08-29,60,1,21.6
603089,1买,2026-03-24,44,1,12.8
603091,1买,2025-04-09,60,1,96.17
603091,2买,2025-08-29,60,1,42.67
603093,3买,2023-10-23,60,1,11.09
603093,1买,2024-02-07,60,1,35.13
603093,1买,2024-07-09,60,1,76.46
603093,2买,2024-10-30,60,1,16.15
603093,2买,2024-10-30,60,1,16.15
603093,1买,2025-04-09,60,1,136.03
603093,2买,2025-11-24,60,1,12.84
603093,3买,2025-11-24,60,1,12.84
603093,3买,2025-11-24,60,1,12.84
603093,1买,2026-02-24,60,3,47.11
603095,1买,2025-04-09,60,1,33.28
603095,1买,2025-09-04,60,2,28.92
603096,1买,2023-10-23,60,1,34.98
603096,2买,2025-01-13,60,1,21.01
603096,1买,2025-04-09,60,1,33.4
603096,2买,2025-09-23,60,1,12.94
603097,1买,2022-12-26,60,1,49.76
603097,2买,2023-04-25,60,1,60.39
603097,1买,2024-02-07,60,1,104.04
603097,2买,2024-09-23,60,1,38.97
603097,1买,2025-04-09,60,1,27.03
603097,2买,2025-06-27,60,7,11.69
603097,1买,2025-09-04,60,2,39.43
603098,1买,2024-04-16,60,1,34.0
603098,1买,2024-07-10,60,1,46.73
603098,1买,2024-08-23,60,1,94.24
603098,2买,2025-01-13,60,1,31.89
603098,2买,2025-01-13,60,1,31.89
603098,2买,2025-01-13,60,1,31.89
603098,1买,2025-04-09,60,1,32.09
603098,3买,2025-04-09,60,1,32.09
603098,2买,2025-06-23,60,1,91.01
603098,3买,2025-12-12,60,1,44.72
603098,3买,2026-02-13,60,1,27.37
603099,1买,2023-03-16,60,1,45.72
603099,2买,2023-08-23,60,1,32.69
603099,1买,2023-10-09,60,1,37.12
603099,3买,2023-10-09,60,1,37.12
603099,2买,2024-04-17,60,1,45.91
603099,3买,2024-07-25,60,1,76.81
603099,3买,2025-08-04,60,1,62.98
603099,1买,2026-04-07,35,1,15.72
603100,1买,2024-02-05,60,1,57.45
603100,2买,2024-12-17,60,6,13.81
603100,1买,2025-07-17,60,3,25.45
603101,3买,2025-12-05,60,1,21.21
603102,1买,2023-03-20,60,1,21.24
603102,2买,2023-06-27,60,2,20.05
603102,1买,2025-02-28,60,8,60.09
603102,3买,2025-02-28,60,8,60.09
603102,2买,2025-06-23,60,1,19.12
603102,3买,2025-09-04,60,1,25.98
603103,1买,2022-10-12,60,1,48.07
603103,2买,2023-02-27,60,3,51.72
603103,1买,2024-02-06,60,1,49.66
603103,2买,2025-01-13,60,1,52.84
603105,1买,2022-12-23,60,1,68.53
603106,1买,2022-07-15,60,1,27.85
603106,2买,2022-12-23,60,1,49.6
603106,3买,2023-10-23,60,1,51.72
603106,1买,2024-07-18,60,1,197.11
603106,2买,2024-11-27,60,1,30.29
603106,3买,2024-11-27,60,1,30.29
603106,1买,2025-01-06,60,1,54.12
603106,3买,2025-01-06,60,1,54.12
603107,1买,2025-01-13,60,1,20.61
603107,2买,2025-03-13,60,2,7.06
603107,1买,2025-04-09,60,1,20.27
603107,2买,2025-10-20,60,7,6.21
603107,1买,2025-12-17,60,3,8.26
603107,1买,2026-03-24,44,2,5.21
603108,1买,2022-10-12,60,1,25.55
603108,2买,2022-12-22,60,1,81.58
603108,3买,2024-02-06,60,1,108.8
603108,1买,2024-08-28,60,1,101.87
603110,1买,2024-09-18,60,1,151.5
603110,2买,2025-01-06,60,1,92.4
603111,3买,2024-04-17,60,1,35.0
603111,1买,2024-09-18,60,1,33.87
603111,2买,2025-01-06,60,1,40.67
603111,1买,2026-03-24,44,1,17.93
603111,3买,2026-03-24,44,1,17.93
603112,3买,2025-06-23,60,1,22.5
603112,3买,2025-06-23,60,1,22.5
603113,1买,2025-01-13,60,1,19.07
603113,1买,2025-04-09,60,1,52.39
603113,2买,2025-11-24,60,3,27.35
603115,1买,2023-04-26,60,2,13.15
603115,2买,2025-12-17,60,1,91.69
603116,1买,2022-10-31,60,2,17.46
603116,2买,2023-01-12,60,6,19.88
603116,3买,2023-12-28,60,1,20.83
603116,3买,2023-12-28,60,1,20.83
603116,1买,2025-04-09,60,1,51.81
603116,2买,2025-06-23,60,1,35.85
603117,3买,2023-04-27,60,1,30.07
603117,3买,2025-01-13,60,1,39.23
603118,1买,2022-12-23,60,6,37.32
603118,2买,2023-05-17,60,1,77.51
603118,1买,2023-09-21,60,1,23.15
603118,3买,2023-09-21,60,1,23.15
603118,2买,2025-07-24,60,2,34.76
603119,1买,2024-02-06,60,1,50.05
603119,2买,2024-04-17,60,1,15.34
603119,3买,2025-06-23,60,1,182.45
603119,3买,2025-06-23,60,1,182.45
603121,1买,2022-10-11,60,1,39.46
603121,2买,2022-12-30,60,1,27.86
603121,3买,2025-05-30,60,1,16.41
603121,1买,2025-06-18,60,1,19.34
603121,1买,2025-11-13,60,3,73.13
603122,1买,2023-10-23,60,1,19.68
603122,1买,2024-01-23,60,1,28.24
603122,1买,2024-02-08,60,1,51.73
603122,2买,2025-01-13,60,1,28.3
603122,1买,2025-04-09,60,1,26.44
603122,2买,2025-10-13,60,1,410.13
603122,2买,2026-03-24,44,1,49.56
603122,2买,2026-03-24,44,1,49.56
603122,3买,2026-03-24,44,1,49.56
603122,1买,2026-05-28,1,,3.43
603123,1买,2023-06-26,60,1,20.98
603123,2买,2023-08-25,60,1,79.91
603123,1买,2024-07-10,60,1,67.03
603123,2买,2024-11-19,60,1,35.24
603123,1买,2025-04-09,60,1,176.25
603123,2买,2025-12-05,60,1,60.27
603125,1买,2025-11-05,60,4,27.54
603126,1买,2023-06-26,60,1,8.94
603126,1买,2023-10-23,60,1,18.85
603126,1买,2024-02-08,60,1,31.0
603126,1买,2024-08-26,60,14,36.8
603126,2买,2025-02-05,60,2,27.35
603126,2买,2025-02-05,60,2,27.35
603126,1买,2025-04-09,60,1,24.86
603126,2买,2025-09-23,60,2,22.97
603126,2买,2025-09-23,60,2,22.97
603126,3买,2025-09-23,60,2,22.97
603126,2买,2026-03-04,58,1,32.84
603127,1买,2023-10-27,60,1,34.86
603127,1买,2024-07-10,60,1,61.2
603127,2买,2024-08-26,60,3,56.6
603127,2买,2025-08-29,60,1,47.93
603128,1买,2023-06-26,60,18,8.23
603128,1买,2024-02-05,60,1,30.96
603128,1买,2024-04-24,60,1,18.11
603128,1买,2025-09-30,60,2,10.36
603128,1买,2025-12-18,60,1,14.24
603128,2买,2026-02-03,60,13,5.63
603129,3买,2024-11-25,60,1,53.42
603129,3买,2024-11-25,60,1,53.42
603129,1买,2025-04-09,60,1,83.22
603129,2买,2025-11-18,60,1,32.37
603129,3买,2026-03-04,58,1,24.15
603130,1买,2023-10-23,60,1,25.96
603130,1买,2024-09-19,60,3,47.72
603130,2买,2025-04-09,60,1,89.39
603130,2买,2025-09-05,60,1,33.12
603131,1买,2023-01-03,60,1,53.16
603131,2买,2023-06-09,60,1,45.24
603131,1买,2024-02-07,60,1,106.27
603131,2买,2024-04-17,60,1,51.92
603131,1买,2025-04-09,60,1,34.26
603131,2买,2025-09-05,60,1,68.6
603132,1买,2024-02-06,60,1,63.76
603132,2买,2024-06-14,60,1,18.54
603132,1买,2025-04-09,60,1,41.92
603132,2买,2025-11-03,60,1,65.4
603132,1买,2025-11-24,60,1,87.51
603135,1买,2024-02-02,60,1,76.17
603135,1买,2025-04-09,60,1,47.62
603135,2买,2025-09-05,60,2,26.2
603136,1买,2023-12-26,60,2,32.01
603137,1买,2024-02-07,60,1,26.22
603137,1买,2024-09-18,60,1,45.72
603137,2买,2024-11-19,60,1,27.06
603137,2买,2025-09-29,60,10,11.8
603137,1买,2025-12-17,60,1,11.04
603138,3买,2023-03-21,60,1,36.34
603138,3买,2026-04-30,18,1,22.56
603139,1买,2024-07-18,60,1,34.36
603139,1买,2024-09-18,60,1,57.66
603139,2买,2025-01-06,60,1,77.61
603139,2买,2025-01-06,60,1,77.61
603139,1买,2025-12-30,60,1,44.1
603150,1买,2024-09-18,60,1,34.92
603150,2买,2024-11-27,60,1,52.16
603151,1买,2023-03-30,60,1,11.02
603151,1买,2023-06-27,60,2,12.6
603151,1买,2024-09-18,60,1,45.64
603151,2买,2025-01-06,60,1,46.48
603151,2买,2025-12-17,60,2,16.37
603151,3买,2026-03-05,57,1,9.74
603153,1买,2023-10-23,60,1,109.94
603153,2买,2024-07-25,60,1,29.34
603153,1买,2024-09-18,60,1,58.51
603153,2买,2025-01-13,60,1,20.71
603155,1买,2022-10-11,60,1,26.53
603155,2买,2022-12-26,60,3,17.92
603155,1买,2025-01-06,60,1,30.94
603155,3买,2025-01-06,60,1,30.94
603155,2买,2025-06-19,60,1,57.52
603155,3买,2026-01-05,60,1,31.83
603156,1买,2023-03-20,60,1,37.34
603156,2买,2023-06-12,60,1,16.05
603156,1买,2024-09-10,60,1,44.52
603156,2买,2025-02-26,60,2,27.26
603156,1买,2025-09-23,60,1,65.24
603156,2买,2025-12-18,60,2,41.93
603158,3买,2023-12-18,60,1,20.11
603158,3买,2023-12-18,60,1,20.11
603158,1买,2024-02-07,60,1,54.31
603158,2买,2024-07-25,60,1,36.18
603158,3买,2025-10-13,60,1,19.64
603158,1买,2025-12-05,60,1,29.22
603158,3买,2025-12-05,60,1,29.22
603159,1买,2022-09-19,60,1,21.79
603159,1买,2022-10-11,60,1,23.12
603159,2买,2022-12-23,60,4,14.68
603159,2买,2022-12-23,60,4,14.68
603159,1买,2023-04-26,60,3,40.2
603159,2买,2023-08-17,60,1,23.73
603159,1买,2024-07-09,60,1,32.82
603159,2买,2025-04-09,60,1,60.56
603160,1买,2023-06-29,60,3,48.25
603160,2买,2023-08-25,60,1,61.9
603160,3买,2025-01-08,60,1,19.81
603160,1买,2025-04-09,60,1,16.53
603160,2买,2025-09-05,60,1,19.34
603161,1买,2025-04-09,60,1,52.75
603162,1买,2023-10-24,60,2,38.63
603162,1买,2024-09-11,60,1,40.83
603162,2买,2025-01-13,60,1,13.28
603162,1买,2025-04-09,60,1,26.01
603162,2买,2025-09-29,60,1,63.02
603163,1买,2023-09-21,60,1,35.56
603163,2买,2025-10-15,60,1,125.92
603165,1买,2023-08-25,60,1,22.2
603165,3买,2023-08-25,60,1,22.2
603165,1买,2024-09-18,60,1,45.3
603165,2买,2025-01-09,60,1,30.11
603165,3买,2025-10-30,60,1,22.05
603165,1买,2025-12-12,60,5,35.24
603166,3买,2025-04-09,60,1,86.25
603166,3买,2025-06-23,60,1,44.23
603167,1买,2023-10-23,60,2,57.83
603167,2买,2024-02-07,60,1,31.32
603167,3买,2024-03-28,60,1,26.7
603168,1买,2023-04-18,60,1,42.45
603168,2买,2023-06-26,60,2,19.95
603168,1买,2023-12-25,60,1,46.25
603168,3买,2023-12-25,60,1,46.25
603168,1买,2024-09-18,60,1,63.73
603168,2买,2025-01-13,60,1,26.38
603168,1买,2025-04-09,60,1,44.15
603168,2买,2025-10-13,60,1,20.36
603168,3买,2025-11-24,60,1,15.92
603169,1买,2024-02-06,60,1,49.87
603169,2买,2024-09-18,60,1,52.67
603169,1买,2025-09-04,60,1,65.75
603169,3买,2025-09-04,60,1,65.75
603169,2买,2025-12-04,60,1,55.65
603170,1买,2024-09-18,60,1,67.63
603170,2买,2025-03-25,60,1,15.08
603170,1买,2025-04-29,60,1,17.37
603170,2买,2025-12-12,60,1,13.05
603170,1买,2026-03-24,44,1,16.35
603171,3买,2023-02-17,60,1,38.92
603171,1买,2023-06-29,60,1,18.0
603171,2买,2025-06-04,60,1,65.82
603171,3买,2025-06-04,60,1,65.82
603171,1买,2025-06-23,60,1,77.03
603172,1买,2023-10-23,60,1,21.3
603172,2买,2023-12-19,60,1,12.33
603172,1买,2025-04-09,60,1,47.86
603172,2买,2025-06-23,60,1,24.84
603172,1买,2025-09-23,60,1,26.68
603173,1买,2023-10-24,60,1,16.7
603173,1买,2024-08-28,60,1,54.86
603173,2买,2025-01-06,60,1,25.5
603173,1买,2025-04-09,60,1,86.68
603173,2买,2025-06-23,60,1,71.42
603173,2买,2025-06-23,60,1,71.42
603173,3买,2025-11-24,60,1,41.11
603176,1买,2022-10-25,60,1,46.23
603176,2买,2022-12-23,60,2,12.67
603176,1买,2023-04-11,60,1,13.57
603176,1买,2025-04-09,60,1,44.5
603176,2买,2025-06-23,60,1,79.91
603176,1买,2025-10-31,60,1,23.76
603177,1买,2023-06-26,60,1,38.67
603177,2买,2023-09-08,60,1,15.38
603177,1买,2023-10-24,60,1,21.4
603177,1买,2024-08-23,60,1,40.77
603177,2买,2024-11-19,60,1,35.67
603177,1买,2025-12-18,60,1,25.23
603177,3买,2025-12-18,60,1,25.23
603177,1买,2026-03-23,45,1,25.02
603178,1买,2023-04-26,60,1,90.23
603178,2买,2023-06-08,60,2,78.41
603178,3买,2024-02-06,60,1,68.83
603178,3买,2024-02-06,60,1,68.83
603178,1买,2024-07-25,60,1,34.0
603178,1买,2024-08-29,60,1,40.47
603178,2买,2024-11-19,60,1,21.64
603179,1买,2023-03-13,60,1,25.29
603179,2买,2023-05-09,60,1,37.8
603179,1买,2024-07-01,60,1,18.89
603179,2买,2025-01-03,60,1,34.75
603179,1买,2025-04-09,60,1,30.67
603179,2买,2025-08-01,60,2,115.93
603180,1买,2023-10-24,60,1,12.54
603180,1买,2024-02-06,60,1,38.9
603180,2买,2024-04-16,60,1,35.72
603180,1买,2025-04-09,60,1,23.05
603181,1买,2025-04-09,60,1,37.47
603181,2买,2025-12-04,60,15,27.58
603181,1买,2026-03-23,45,1,18.68
603181,3买,2026-03-23,45,1,18.68
603182,1买,2023-06-26,60,3,19.01
603182,3买,2025-08-29,60,1,25.75
603182,2买,2025-12-15,60,2,11.31
603182,1买,2026-03-24,39,1,29.61
603182,3买,2026-03-24,39,1,29.61
603183,1买,2022-09-28,60,1,17.78
603183,2买,2022-12-26,60,3,9.62
603183,1买,2025-04-09,60,1,29.46
603183,2买,2025-09-04,60,1,17.88
603183,1买,2025-09-24,60,1,20.72
603183,3买,2025-09-24,60,1,20.72
603185,1买,2025-04-09,60,1,36.93
603186,3买,2023-06-26,60,1,14.39
603187,1买,2023-03-21,60,8,18.74
603187,1买,2024-09-23,60,1,43.54
603187,2买,2024-11-27,60,1,20.86
603187,1买,2025-01-13,60,1,17.12
603187,1买,2025-04-09,60,1,28.97
603187,2买,2025-06-24,60,1,45.62
603188,1买,2023-04-25,60,1,12.61
603188,2买,2023-08-25,60,1,13.26
603189,1买,2023-07-13,60,1,13.12
603189,1买,2023-08-25,60,1,21.66
603189,2买,2024-11-19,60,1,46.54
603189,2买,2024-11-19,60,1,46.54
603190,1买,2025-04-09,60,1,42.9
603191,1买,2023-10-24,60,1,20.0
603191,2买,2023-12-27,60,1,35.53
603191,1买,2025-04-09,60,1,21.42
603191,2买,2025-10-23,60,2,30.98
603192,1买,2023-04-25,60,1,16.71
603192,2买,2023-06-27,60,1,24.55
603192,1买,2024-07-25,60,1,41.91
603192,2买,2024-09-18,60,1,37.06
603193,3买,2025-11-20,60,1,8.28
603195,1买,2022-11-01,60,1,31.59
603195,1买,2024-01-18,60,1,27.26
603195,1买,2025-04-08,60,1,14.17
603195,1买,2025-12-31,60,15,8.85
603195,1买,2026-03-24,44,7,11.49
603195,2买,2026-05-27,2,1,4.19
603196,1买,2024-07-10,60,1,86.08
603196,1买,2024-07-30,60,1,228.32
603196,2买,2025-01-07,60,1,60.84
603196,2买,2025-01-07,60,1,60.84
603196,3买,2025-01-07,60,1,60.84
603196,1买,2025-04-09,60,1,66.04
603196,3买,2025-04-09,60,1,66.04
603196,2买,2026-02-05,60,2,44.46
603197,1买,2023-03-14,60,1,42.49
603197,2买,2023-08-23,60,1,29.51
603198,1买,2023-06-07,60,2,42.91
603198,2买,2023-10-24,60,1,19.87
603198,1买,2024-09-18,60,1,72.08
603198,2买,2024-11-01,60,1,16.75
603198,1买,2025-06-16,60,2,25.09
603198,2买,2025-10-29,60,1,15.13
603199,1买,2022-10-12,60,1,44.18
603199,2买,2023-02-09,60,2,36.53
603199,3买,2024-09-12,60,2,32.6
603200,1买,2022-12-30,60,2,94.11
603200,2买,2023-06-01,60,1,28.15
603200,1买,2023-08-17,60,1,13.3
603200,1买,2023-10-24,60,1,45.88
603200,2买,2023-12-27,60,1,22.84
603200,2买,2023-12-27,60,1,22.84
603200,3买,2024-06-26,60,1,13.28
603200,1买,2024-08-08,60,1,37.38
603200,2买,2024-12-25,60,1,104.03
603200,3买,2025-12-17,60,1,34.95
603201,1买,2022-12-26,60,6,23.66
603201,2买,2023-03-30,60,2,10.17
603201,1买,2024-02-06,60,1,84.79
603201,1买,2025-04-09,60,1,45.99
603201,2买,2025-07-18,60,1,34.73
603203,1买,2022-10-12,60,1,47.37
603203,2买,2022-12-23,60,1,42.37
603203,1买,2023-10-24,60,1,43.46
603203,1买,2025-04-09,60,1,42.71
603203,2买,2025-11-24,60,1,46.92
603203,2买,2025-11-24,60,1,46.92
603203,3买,2025-11-24,60,1,46.92
603205,1买,2025-04-09,60,1,51.52
603206,1买,2022-12-29,60,6,31.4
603206,2买,2023-04-26,60,1,17.48
603206,1买,2023-08-29,60,1,48.45
603206,2买,2023-09-21,60,1,41.97
603206,1买,2024-02-07,60,1,52.68
603206,2买,2024-07-18,60,1,58.54
603207,1买,2025-04-09,60,1,49.07
603207,2买,2025-12-17,60,2,14.79
603208,1买,2024-02-06,60,1,41.47
603208,2买,2024-04-26,60,1,31.8
603208,1买,2025-04-09,60,1,34.7
603208,2买,2025-09-29,60,1,18.75
603209,1买,2023-11-02,60,1,26.07
603209,2买,2023-12-21,60,1,24.43
603209,1买,2025-04-09,60,1,37.62
603211,1买,2024-09-18,60,1,57.14
603211,2买,2025-01-06,60,1,72.73
603212,1买,2023-10-24,60,1,35.47
603212,1买,2023-12-21,60,1,40.14
603212,1买,2024-07-25,60,1,42.86
603212,1买,2024-08-28,60,1,67.92
603212,2买,2025-01-13,60,1,23.41
603212,1买,2025-04-09,60,1,72.54
603212,2买,2025-08-04,60,5,19.28
603212,2买,2025-08-04,60,5,19.28
603212,1买,2025-08-28,60,1,25.82
603213,1买,2022-10-11,60,1,18.9
603213,2买,2022-12-20,60,1,39.04
603213,1买,2023-06-29,60,2,8.64
603213,1买,2025-04-09,60,1,60.36
603213,2买,2025-12-17,60,17,9.62
603213,2买,2025-12-17,60,17,9.62
603213,1买,2026-03-24,44,1,17.68
603214,1买,2023-06-26,60,3,12.82
603214,1买,2024-08-23,60,1,113.4
603214,2买,2024-11-19,60,1,68.86
603214,2买,2025-03-12,60,1,34.22
603214,3买,2025-03-12,60,1,34.22
603214,1买,2025-06-23,60,1,27.45
603214,1买,2025-12-05,60,3,14.74
603215,1买,2022-09-19,60,1,16.06
603215,2买,2023-12-27,60,1,20.55
603215,1买,2026-03-23,45,1,23.44
603216,1买,2022-10-13,60,1,19.64
603216,2买,2023-01-03,60,1,21.5
603216,1买,2023-08-25,60,1,32.41
603216,2买,2025-11-05,60,1,281.58
603216,3买,2026-03-24,44,1,20.0
603217,1买,2023-05-09,60,1,9.06
603217,1买,2024-01-09,60,1,37.68
603217,1买,2024-09-18,60,1,68.56
603217,2买,2024-11-18,60,1,21.83
603217,2买,2024-11-18,60,1,21.83
603218,1买,2022-11-28,60,1,35.8
603218,2买,2023-04-25,60,1,18.79
603218,1买,2025-01-13,60,1,26.14
603218,1买,2025-04-09,60,1,22.8
603218,2买,2025-08-04,60,2,29.99
603219,1买,2023-10-23,60,1,59.86
603219,2买,2023-12-27,60,1,31.48
603219,1买,2024-09-24,60,1,37.18
603219,2买,2024-11-27,60,1,67.42
603221,1买,2024-09-18,60,1,54.46
603221,2买,2025-01-06,60,1,74.16
603221,3买,2025-03-31,60,1,60.11
603221,3买,2025-10-09,60,1,24.78
603221,3买,2025-10-09,60,1,24.78
603222,1买,2024-02-07,60,1,98.51
603222,2买,2024-04-17,60,1,74.72
603222,1买,2024-08-26,60,1,63.5
603222,2买,2024-11-27,60,1,15.02
603222,3买,2025-12-12,60,1,12.63
603223,1买,2022-12-21,60,1,20.52
603223,1买,2023-12-01,60,1,9.27
603223,1买,2024-02-07,60,1,25.42
603223,2买,2024-09-26,60,1,39.71
603223,1买,2025-12-17,60,2,21.04
603225,1买,2022-11-01,60,1,59.73
603225,2买,2022-12-26,60,1,30.48
603225,3买,2023-11-13,60,1,26.88
603226,1买,2024-06-07,60,1,25.85
603226,1买,2024-09-18,60,1,116.67
603226,2买,2025-01-06,60,1,92.13
603226,2买,2025-01-06,60,1,92.13
603226,3买,2025-04-09,60,1,178.78
603228,1买,2023-08-25,60,1,18.73
603228,1买,2023-10-26,60,1,23.88
603228,2买,2024-08-08,60,1,39.46
603228,2买,2024-08-08,60,1,39.46
603229,1买,2024-02-06,60,1,51.12
603229,2买,2025-10-13,60,1,10.26
603229,1买,2025-12-17,60,2,17.63
603229,2买,2026-04-30,18,1,13.97
603230,1买,2022-10-11,60,1,30.43
603230,2买,2022-12-29,60,1,20.11
603230,1买,2023-10-23,60,1,114.03
603230,1买,2024-08-29,60,1,37.41
603230,2买,2025-01-13,60,1,16.39
603230,2买,2025-01-13,60,1,16.39
603230,1买,2025-04-09,60,1,26.45
603230,2买,2025-05-26,60,8,9.81
603230,3买,2025-05-26,60,8,9.81
603230,1买,2025-06-23,60,1,28.24
603231,1买,2024-09-18,60,1,35.54
603231,2买,2024-11-27,60,1,15.01
603231,1买,2025-01-07,60,3,12.16
603231,1买,2025-04-08,60,1,27.5
603231,2买,2025-06-23,60,2,27.98
603231,2买,2025-06-23,60,2,27.98
603231,1买,2026-03-24,44,1,13.64
603232,3买,2023-02-27,60,2,31.53
603232,1买,2023-09-22,60,1,30.18
603232,2买,2025-06-20,60,1,35.67
603232,3买,2025-09-24,60,1,116.45
603232,1买,2026-01-27,60,1,36.02
603233,1买,2023-06-09,60,1,17.0
603233,1买,2024-02-05,60,1,29.42
603233,1买,2024-03-28,60,2,12.37
603233,1买,2024-09-18,60,1,50.34
603233,2买,2025-01-17,60,6,33.93
603233,3买,2025-08-28,60,1,19.45
603233,1买,2025-10-09,60,3,22.38
603233,2买,2025-12-12,60,4,27.37
603235,1买,2024-11-04,60,1,21.05
603235,3买,2024-11-04,60,1,21.05
603235,1买,2025-01-07,60,1,18.66
603235,2买,2025-05-26,60,4,11.24
603235,2买,2025-05-26,60,4,11.24
603235,1买,2025-06-23,60,4,15.91
603236,1买,2023-10-24,60,1,41.12
603236,2买,2023-12-22,60,4,10.45
603236,1买,2024-09-24,60,1,82.72
603236,2买,2024-11-27,60,1,101.35
603236,1买,2025-04-09,60,1,56.58
603236,3买,2025-04-09,60,1,56.58
603236,2买,2025-11-24,60,1,29.76
603237,1买,2023-10-23,60,1,18.99
603238,1买,2023-04-25,60,1,24.03
603238,2买,2023-06-26,60,1,19.86
603238,3买,2023-06-26,60,1,19.86
603238,1买,2023-12-28,60,1,12.44
603238,1买,2024-09-18,60,1,117.67
603238,2买,2025-04-09,60,1,57.6
603238,2买,2025-08-05,60,1,38.74
603239,1买,2023-08-29,60,1,46.95
603239,2买,2024-06-28,60,1,17.08
603239,1买,2024-09-18,60,1,43.13
603239,2买,2024-11-04,60,1,28.54
603255,1买,2023-10-23,60,1,23.4
603255,1买,2024-07-10,60,1,65.08
603255,2买,2025-03-11,60,2,18.86
603256,3买,2024-11-19,60,1,55.75
603256,1买,2025-04-09,60,1,236.05
603256,2买,2025-10-13,60,1,37.44
603256,1买,2025-11-24,60,1,206.54
603258,3买,2023-08-25,60,1,33.9
603258,1买,2023-10-23,60,1,21.35
603258,1买,2024-07-25,60,1,50.68
603258,2买,2024-08-28,60,1,68.12
603259,1买,2023-06-08,60,1,33.69
603259,1买,2023-06-30,60,1,36.27
603259,3买,2025-04-09,60,1,47.79
603259,2买,2025-10-15,60,1,17.03
603259,2买,2025-10-15,60,1,17.03
603259,1买,2025-12-03,60,2,22.72
603259,3买,2025-12-03,60,2,22.72
603260,1买,2024-07-08,60,2,50.41
603260,2买,2025-01-13,60,1,14.3
603266,1买,2023-01-03,60,1,18.62
603266,2买,2023-08-25,60,1,279.35
603266,1买,2024-09-18,60,1,68.27
603266,2买,2025-01-06,60,1,34.65
603266,3买,2025-11-28,60,2,25.62
603267,1买,2023-06-15,60,1,37.1
603267,2买,2023-08-16,60,1,33.17
603267,3买,2025-10-23,60,1,20.16
603267,1买,2025-11-21,60,1,37.75
603269,1买,2023-06-02,60,1,63.92
603269,1买,2025-06-23,60,1,50.89
603269,2买,2025-11-21,60,1,24.78
603269,2买,2025-11-21,60,1,24.78
603270,1买,2024-02-08,60,1,57.14
603271,1买,2025-11-24,60,3,42.07
603271,2买,2026-03-24,44,1,37.63
603272,1买,2022-10-10,60,1,16.4
603272,1买,2024-06-24,60,1,13.61
603272,1买,2024-07-19,60,1,47.37
603272,2买,2025-04-09,60,1,47.49
603272,2买,2025-04-09,60,1,47.49
603272,3买,2025-06-23,60,1,29.12
603272,2买,2025-08-29,60,1,32.16
603273,1买,2025-04-09,60,1,47.01
603273,2买,2025-06-23,60,1,48.94
603273,1买,2026-03-04,58,1,14.2
603275,1买,2024-09-18,60,4,64.33
603275,2买,2025-01-06,60,1,63.24
603275,3买,2025-09-02,60,1,30.52
603276,1买,2024-09-23,60,2,35.62
603276,2买,2025-01-06,60,1,44.81
603276,1买,2025-04-09,60,1,61.69
603276,2买,2025-12-17,60,1,17.43
603276,1买,2026-03-24,44,1,23.22
603277,3买,2023-08-22,60,2,27.71
603277,3买,2024-02-06,60,1,78.77
603278,1买,2022-12-30,60,1,29.91
603278,2买,2023-04-26,60,1,79.82
603278,1买,2024-07-25,60,1,72.33
603278,1买,2024-08-26,60,1,59.6
603278,2买,2025-04-09,60,1,57.0
603278,2买,2025-04-09,60,1,57.0
603278,3买,2025-06-23,60,1,38.03
603279,1买,2022-10-12,60,1,38.07
603279,2买,2023-04-25,60,1,26.93
603279,1买,2025-10-31,60,3,23.75
603279,2买,2026-03-23,45,1,24.3
603280,1买,2023-08-14,60,1,25.65
603280,2买,2025-06-23,60,1,166.61
603280,3买,2025-09-04,60,1,15.68
603280,3买,2025-09-04,60,1,15.68
603280,1买,2025-09-29,60,1,36.53
603281,1买,2023-08-25,60,1,9.36
603281,1买,2023-10-24,60,1,9.27
603281,1买,2025-04-09,60,1,19.36
603281,2买,2025-06-23,60,2,19.57
603281,2买,2026-03-19,47,1,35.82
603282,1买,2024-02-07,60,1,34.65
603282,1买,2024-07-25,60,1,21.16
603282,1买,2024-08-28,60,2,44.1
603282,2买,2025-01-06,60,1,27.97
603282,1买,2025-04-09,60,1,38.39
603282,2买,2025-06-23,60,1,27.82
603282,2买,2025-06-23,60,1,27.82
603282,2买,2025-09-23,60,1,28.65
603282,3买,2025-09-23,60,1,28.65
603283,3买,2024-02-06,60,1,77.51
603285,1买,2025-04-09,60,1,36.36
603285,2买,2025-06-23,60,1,52.98
603286,1买,2023-04-26,60,1,53.96
603286,2买,2023-08-17,60,1,43.36
603286,1买,2024-07-09,60,1,57.16
603286,2买,2024-09-18,60,1,55.53
603286,3买,2025-04-09,60,1,73.72
603288,1买,2022-10-31,60,1,44.64
603288,1买,2024-01-18,60,1,29.01
603288,2买,2024-04-15,60,1,12.19
603288,1买,2024-07-09,60,2,59.7
603288,1买,2024-07-30,60,1,60.19
603288,2买,2025-04-07,60,1,20.05
603288,2买,2025-04-07,60,1,20.05
603288,1买,2025-06-23,60,2,11.16
603288,3买,2025-06-23,60,2,11.16
603288,1买,2025-08-04,60,10,11.21
603288,1买,2026-01-29,60,1,21.88
603289,1买,2023-10-23,60,1,33.1
603289,1买,2024-07-18,60,1,26.35
603289,2买,2025-01-06,60,1,57.16
603289,1买,2025-04-09,60,1,45.2
603289,2买,2025-06-23,60,1,26.06
603289,2买,2025-06-23,60,1,26.06
603289,3买,2025-08-29,60,1,22.48
603289,3买,2026-03-04,58,1,25.92
603289,1买,2026-03-24,44,1,33.44
603290,1买,2023-10-26,60,1,27.28
603290,1买,2024-02-05,60,1,43.12
603290,2买,2024-04-22,60,1,16.45
603290,1买,2025-04-09,60,1,18.16
603291,1买,2025-12-18,60,1,38.27
603296,1买,2024-09-09,60,1,55.7
603296,2买,2025-04-09,60,1,59.28
603296,3买,2025-10-23,60,1,24.68
603297,1买,2023-06-09,60,1,33.76
603297,2买,2023-10-24,60,1,41.54
603297,1买,2024-09-03,60,1,137.81
603297,2买,2024-11-26,60,1,43.07
603298,3买,2023-10-25,60,1,27.0
603298,3买,2026-02-03,60,1,20.42
603299,1买,2023-06-06,60,4,33.89
603299,2买,2023-08-21,60,1,29.58
603299,1买,2023-12-21,60,5,9.11
603299,2买,2024-08-26,60,1,45.8
603299,1买,2025-01-13,60,1,14.2
603299,3买,2025-01-13,60,1,14.2
603300,3买,2025-04-09,60,1,55.18
603300,3买,2025-08-20,60,2,12.36
603300,1买,2025-12-18,60,1,28.68
603301,1买,2024-02-05,60,1,46.94
603301,2买,2024-08-23,60,2,36.8
603301,1买,2025-04-09,60,1,14.05
603301,2买,2025-12-16,60,1,58.5
603303,1买,2023-02-09,60,2,24.98
603303,3买,2023-02-09,60,2,24.98
603303,1买,2023-06-27,60,1,15.84
603303,1买,2024-09-18,60,1,37.67
603303,2买,2025-01-13,60,1,20.86
603303,1买,2025-04-09,60,1,22.32
603303,2买,2025-11-26,60,1,25.46
603305,1买,2023-01-04,60,1,38.54
603305,1买,2024-09-18,60,1,110.84
603306,3买,2023-03-31,60,1,18.76
603306,1买,2023-08-17,60,1,50.8
603306,2买,2025-04-09,60,1,69.99
603307,1买,2023-06-28,60,1,15.14
603307,1买,2023-08-25,60,1,21.82
603307,2买,2023-09-21,60,2,7.18
603307,2买,2023-09-21,60,2,7.18
603307,1买,2024-06-25,60,1,23.8
603307,1买,2024-09-18,60,1,52.05
603307,2买,2025-04-09,60,1,33.21
603307,2买,2025-06-23,60,1,22.14
603308,3买,2022-10-12,60,1,26.94
603308,1买,2024-02-06,60,1,94.15
603308,2买,2024-09-18,60,1,67.98
603308,1买,2025-01-03,60,1,73.95
603308,2买,2025-04-09,60,1,65.19
603309,1买,2023-03-20,60,1,20.9
603309,2买,2023-05-15,60,1,13.22
603309,3买,2023-05-15,60,1,13.22
603309,1买,2024-02-06,60,1,58.45
603309,2买,2024-06-26,60,1,11.84
603309,1买,2024-07-09,60,1,28.44
603309,2买,2025-01-13,60,1,14.39
603309,3买,2025-12-17,60,1,25.06
603309,1买,2026-01-08,60,1,28.58
603309,2买,2026-03-04,58,2,19.42
603309,3买,2026-03-04,58,2,19.42
603311,1买,2023-10-24,60,1,18.07
603311,1买,2024-09-18,60,1,73.48
603311,2买,2025-01-06,60,1,26.38
603311,1买,2025-04-09,60,1,45.44
603311,2买,2025-06-23,60,1,21.65
603311,2买,2025-09-23,60,1,39.98
603312,3买,2025-06-17,60,2,42.11
603313,1买,2023-06-12,60,1,38.87
603313,2买,2023-12-11,60,1,23.12
603313,1买,2024-09-18,60,1,55.7
603313,2买,2024-11-04,60,1,34.26
603315,1买,2022-12-23,60,1,26.5
603315,1买,2023-10-24,60,1,51.98
603315,1买,2024-09-18,60,1,38.89
603315,2买,2024-12-25,60,1,94.87
603315,2买,2025-10-30,60,1,34.82
603316,1买,2024-07-10,60,1,76.99
603316,2买,2025-01-06,60,1,74.15
603316,3买,2025-04-09,60,1,195.29
603316,3买,2025-12-17,60,1,29.59
603317,1买,2023-08-24,60,2,22.98
603317,1买,2023-10-23,60,1,24.39
603317,2买,2025-03-06,60,3,20.31
603317,2买,2025-03-06,60,3,20.31
603317,1买,2025-05-16,60,1,17.52
603318,1买,2025-04-09,60,1,26.36
603319,3买,2025-07-10,60,1,109.55
603319,3买,2026-01-08,60,1,21.08
603320,3买,2023-10-24,60,1,38.39
603320,3买,2025-09-03,60,1,18.38
603320,3买,2025-09-03,60,1,18.38
603320,3买,2025-09-03,60,1,18.38
603321,1买,2025-04-09,60,1,52.7
603321,2买,2025-06-23,60,1,29.93
603321,3买,2026-03-04,58,1,11.92
603322,1买,2022-09-07,60,1,19.09
603322,1买,2022-10-12,60,1,38.6
603322,2买,2022-12-23,60,1,25.05
603322,2买,2023-08-29,60,1,95.31
603323,3买,2025-09-23,60,9,9.72
603323,1买,2026-01-21,60,12,5.88
603323,1买,2026-03-24,44,1,7.45
603324,1买,2023-08-17,60,1,41.91
603324,2买,2023-11-02,60,1,13.84
603324,1买,2025-04-09,60,1,29.5
603325,1买,2025-06-20,60,2,26.0
603325,3买,2025-06-20,60,2,26.0
603326,1买,2022-10-28,60,1,35.98
603326,2买,2023-03-13,60,1,11.53
603326,3买,2023-10-23,60,5,10.4
603326,1买,2024-02-08,60,1,69.09
603326,2买,2024-04-16,60,1,35.95
603327,1买,2024-08-23,60,1,58.6
603327,1买,2024-09-18,60,1,66.7
603327,1买,2025-07-02,60,4,20.26
603327,1买,2025-10-13,60,1,72.92
603328,3买,2024-11-25,60,4,30.06
603328,3买,2024-11-25,60,4,30.06
603328,3买,2025-01-13,60,1,33.99
603329,1买,2024-02-06,60,1,45.96
603329,1买,2024-08-23,60,3,47.56
603329,2买,2025-01-06,60,1,36.74
603330,1买,2022-12-26,60,1,48.15
603330,1买,2024-02-08,60,1,73.14
603330,2买,2025-01-07,60,1,60.56
603330,3买,2025-04-28,60,1,18.54
603331,1买,2023-04-25,60,1,23.35
603331,1买,2024-08-27,60,1,42.35
603331,2买,2025-01-06,60,1,28.21
603331,1买,2025-04-09,60,1,54.58
603331,2买,2025-06-23,60,1,20.56
603331,3买,2025-09-23,60,1,29.13
603332,1买,2023-01-13,60,6,11.44
603332,1买,2023-04-25,60,2,16.51
603332,1买,2023-10-24,60,1,80.93
603332,2买,2023-12-21,60,1,53.05
603332,1买,2025-04-09,60,1,192.27
603332,2买,2025-08-15,60,3,23.42
603332,2买,2025-08-15,60,3,23.42
603332,2买,2025-08-15,60,3,23.42
603332,3买,2025-08-15,60,3,23.42
603332,3买,2025-08-15,60,3,23.42
603332,1买,2025-10-13,60,1,14.18
603332,3买,2025-10-13,60,1,14.18
603332,1买,2025-12-17,60,1,31.3
603332,2买,2026-03-04,58,2,21.59
603332,2买,2026-03-04,58,2,21.59
603333,1买,2022-10-31,60,1,20.0
603333,2买,2023-04-14,60,2,8.25
603333,1买,2023-06-09,60,1,47.2
603333,2买,2023-10-24,60,1,73.53
603333,1买,2024-07-18,60,1,46.81
603333,2买,2024-11-19,60,1,53.32
603333,3买,2025-10-17,60,1,17.15
603333,1买,2025-11-21,60,1,27.0
603333,3买,2025-11-21,60,1,27.0
603335,1买,2023-04-25,60,1,73.43
603335,2买,2023-09-22,60,1,47.86
603335,1买,2025-04-09,60,1,77.48
603335,2买,2025-06-23,60,1,26.68
603335,3买,2025-12-17,60,1,21.48
603336,1买,2022-10-25,60,2,31.25
603336,2买,2023-01-12,60,7,19.4
603336,1买,2024-02-08,60,1,43.93
603336,2买,2025-01-06,60,1,82.94
603336,1买,2026-03-24,44,1,63.91
603337,1买,2023-06-13,60,1,24.17
603337,2买,2023-10-26,60,1,15.36
603337,3买,2024-12-13,60,8,24.08
603337,1买,2025-01-14,60,1,25.22
603337,2买,2025-07-11,60,1,68.62
603338,1买,2022-10-11,60,1,60.12
603338,2买,2023-01-09,60,1,35.91
603338,3买,2023-12-11,60,2,38.17
603339,3买,2023-03-20,60,1,17.91
603339,1买,2023-04-25,60,1,22.85
603339,2买,2023-06-07,60,8,14.48
603339,3买,2025-02-19,60,1,14.05
603339,1买,2026-03-24,44,1,24.02
603341,1买,2024-07-25,60,3,39.19
603341,1买,2024-08-13,60,1,47.75
603341,2买,2024-12-19,60,1,26.6
603341,2买,2024-12-19,60,1,26.6
603345,1买,2022-10-31,60,1,31.08
603345,2买,2023-01-12,60,1,14.27
603345,1买,2024-09-18,60,1,60.22
603345,2买,2025-02-06,60,2,18.36
603345,1买,2025-04-07,60,1,20.14
603345,2买,2025-07-21,60,4,6.23
603345,1买,2025-10-09,60,14,22.47
603348,1买,2022-12-23,60,1,27.84
603348,1买,2024-09-18,60,1,49.9
603348,2买,2025-01-13,60,1,27.54
603348,1买,2025-04-09,60,1,21.12
603348,2买,2025-12-17,60,12,16.08
603351,3买,2023-10-26,60,1,14.36
603351,1买,2024-09-18,60,1,44.44
603351,2买,2025-01-13,60,2,25.86
603351,1买,2025-04-09,60,1,66.95
603351,2买,2025-06-23,60,1,31.05
603351,3买,2025-09-29,60,1,16.45
603351,1买,2025-12-17,60,3,13.49
603353,1买,2022-08-22,60,1,27.82
603353,2买,2023-01-19,60,2,13.13
603353,1买,2023-04-26,60,1,31.2
603353,2买,2023-10-09,60,1,105.64
603353,3买,2025-12-29,60,1,120.77
603355,1买,2024-02-05,60,1,81.74
603355,2买,2024-07-09,60,2,36.04
603355,3买,2026-04-13,31,2,34.06
603356,1买,2023-10-23,60,1,41.73
603356,2买,2023-12-27,60,1,43.0
603356,1买,2025-04-09,60,1,35.57
603356,2买,2025-06-23,60,1,16.43
603357,1买,2024-02-06,60,1,79.34
603357,2买,2024-07-25,60,2,31.07
603357,1买,2024-09-18,60,1,38.89
603357,2买,2025-01-13,60,3,19.16
603358,1买,2023-06-09,60,1,12.24
603358,2买,2024-07-25,60,1,40.61
603359,1买,2023-04-25,60,1,18.31
603359,2买,2023-06-29,60,1,10.0
603359,1买,2024-07-10,60,1,49.07
603359,2买,2025-01-13,60,1,106.75
603359,1买,2025-04-09,60,1,114.63
603359,2买,2025-11-24,60,1,40.0
603359,1买,2026-02-02,60,3,11.36
603359,3买,2026-02-02,60,3,11.36
603360,1买,2024-08-08,60,3,152.11
603360,2买,2025-05-29,60,1,20.87
603360,3买,2025-05-29,60,1,20.87
603360,3买,2025-07-25,60,2,54.32
603363,1买,2023-03-13,60,1,9.8
603363,1买,2023-09-22,60,8,9.1
603363,1买,2023-10-24,60,1,14.08
603363,1买,2024-10-14,60,1,42.42
603363,2买,2025-03-06,60,2,39.37
603365,1买,2025-04-09,60,1,57.23
603365,2买,2025-08-04,60,4,36.4
603365,1买,2025-10-10,60,3,44.14
603365,3买,2025-10-10,60,3,44.14
603365,2买,2025-12-12,60,10,10.47
603365,1买,2026-03-05,57,1,27.89
603365,3买,2026-03-05,57,1,27.89
603366,1买,2022-12-23,60,1,24.66
603366,2买,2025-04-09,60,1,40.49
603366,3买,2025-08-15,60,2,31.95
603367,1买,2023-04-04,60,1,25.31
603367,3买,2023-04-04,60,1,25.31
603367,2买,2025-10-13,60,1,28.96
603367,1买,2025-12-31,60,1,11.69
603367,3买,2025-12-31,60,1,11.69
603368,3买,2023-08-25,60,1,12.54
603368,1买,2023-10-25,60,1,15.44
603368,2买,2024-04-11,60,1,21.9
603368,1买,2025-04-09,60,1,9.67
603368,2买,2025-06-20,60,6,19.49
603369,1买,2022-10-31,60,1,68.76
603369,2买,2023-03-20,60,1,16.61
603369,3买,2023-06-08,60,2,22.47
603369,1买,2023-07-11,60,2,26.92
603369,1买,2024-09-18,60,1,60.37
603369,2买,2024-10-31,60,1,21.05
603369,1买,2025-01-13,60,1,38.62
603369,1买,2025-11-10,60,2,5.44
603373,1买,2024-09-18,60,1,43.16
603373,2买,2025-01-13,60,1,23.65
603373,1买,2025-04-09,60,1,102.45
603373,2买,2025-12-17,60,2,27.82
603375,1买,2024-07-18,60,1,39.26
603375,2买,2024-11-18,60,1,37.25
603375,1买,2025-01-06,60,1,33.37
603375,2买,2025-09-05,60,1,19.5
603379,3买,2025-07-30,60,1,41.66
603379,1买,2025-12-02,60,1,52.97
603379,3买,2025-12-02,60,1,52.97
603379,2买,2026-03-23,45,1,10.95
603380,1买,2022-12-23,60,1,25.49
603380,1买,2023-06-28,60,1,30.96
603380,2买,2023-08-25,60,1,45.79
603380,1买,2024-08-23,60,1,49.14
603380,2买,2024-11-27,60,1,28.29
603380,3买,2024-11-27,60,1,28.29
603380,3买,2025-01-06,60,1,25.75
603380,2买,2025-12-17,60,2,26.36
603380,1买,2026-03-24,44,1,40.69
603381,1买,2025-04-09,60,1,32.22
603383,3买,2023-05-26,60,1,61.43
603383,1买,2024-08-29,60,1,104.65
603383,2买,2025-01-13,60,1,40.85
603385,1买,2025-04-09,60,1,36.01
603387,1买,2023-01-04,60,8,14.59
603387,1买,2023-10-24,60,1,18.85
603387,1买,2024-09-23,60,2,40.55
603387,2买,2025-01-09,60,1,17.62
603387,1买,2025-04-09,60,1,15.6
603390,3买,2023-12-28,60,1,22.27
603390,1买,2024-02-08,60,1,75.34
603390,2买,2024-04-17,60,1,52.56
603390,3买,2025-10-13,60,1,18.03
603391,1买,2025-04-30,60,1,15.49
603392,1买,2023-06-08,60,1,25.86
603392,1买,2023-10-26,60,1,119.23
603392,2买,2023-12-12,60,1,87.83
603392,2买,2024-04-08,60,1,28.53
603392,1买,2024-05-27,60,1,22.1
603392,3买,2024-05-27,60,1,22.1
603392,1买,2025-07-15,60,2,8.61
603392,1买,2025-08-15,60,2,15.34
603393,1买,2023-05-05,60,1,31.05
603393,2买,2024-02-06,60,1,46.57
603393,3买,2024-11-19,60,1,11.11
603393,1买,2025-01-13,60,1,13.59
603396,1买,2022-12-23,60,1,31.66
603396,1买,2023-06-15,60,1,25.67
603396,1买,2023-12-21,60,1,48.13
603396,1买,2025-04-09,60,1,29.74
603396,2买,2025-06-23,60,1,37.03
603399,1买,2022-10-31,60,1,30.04
603399,1买,2022-12-30,60,1,37.37
603399,1买,2023-09-27,60,1,45.05
603399,2买,2023-11-27,60,4,24.77
603399,1买,2025-04-09,60,1,36.32
603399,2买,2025-09-24,60,1,41.81
603399,3买,2026-02-06,60,1,156.74
603406,1买,2026-04-07,35,1,7.04
603408,1买,2023-08-24,60,1,21.05
603408,2买,2023-10-23,60,1,33.46
603408,1买,2025-01-14,60,1,17.68
603416,3买,2022-10-10,60,1,60.88
603416,1买,2023-06-12,60,1,26.11
603416,2买,2023-08-22,60,1,24.46
603416,3买,2025-04-09,60,1,61.55
603416,1买,2026-03-24,44,1,45.97
603421,1买,2024-07-09,60,1,71.15
603421,1买,2024-08-14,60,1,102.33
603421,2买,2025-04-09,60,1,39.54
603421,2买,2025-04-09,60,1,39.54
603421,3买,2025-09-05,60,4,40.97
603421,1买,2026-05-22,5,1,6.45
603429,1买,2023-06-26,60,4,31.64
603429,1买,2024-02-07,60,1,42.42
603429,2买,2025-01-13,60,1,64.93
603429,2买,2025-07-25,60,1,66.43
603429,3买,2025-07-25,60,1,66.43
603439,1买,2022-09-26,60,1,98.14
603439,2买,2022-12-28,60,1,35.15
603439,3买,2023-12-29,60,1,11.32
603439,1买,2025-04-09,60,1,12.49
603439,2买,2025-08-29,60,3,10.26
603439,1买,2025-10-31,60,7,12.67
603444,1买,2022-10-25,60,1,60.17
603444,2买,2022-12-29,60,1,56.42
603444,3买,2023-05-22,60,1,30.1
603444,1买,2026-03-24,44,1,20.01
603444,3买,2026-03-24,44,1,20.01
603456,1买,2022-10-31,60,1,38.15
603456,2买,2022-12-21,60,1,31.8
603456,1买,2023-08-25,60,1,26.81
603456,1买,2024-08-23,60,2,55.62
603456,2买,2025-01-13,60,1,17.54
603456,1买,2025-04-09,60,1,34.96
603456,2买,2025-08-28,60,1,29.96
603458,1买,2023-12-27,60,3,7.75
603458,1买,2025-04-09,60,1,72.1
603458,2买,2025-06-23,60,1,54.39
603458,3买,2025-12-16,60,1,79.4
603458,2买,2026-03-04,58,1,42.51
603458,1买,2026-03-24,44,1,52.97
603466,1买,2022-10-11,60,1,60.69
603466,2买,2022-12-13,60,1,47.11
603466,1买,2025-12-17,60,2,60.55
603477,1买,2023-09-08,60,2,55.38
603477,2买,2024-02-01,60,1,29.28
603486,1买,2022-10-31,60,1,62.89
603486,2买,2023-03-20,60,1,15.95
603486,1买,2023-05-09,60,1,29.51
603486,1买,2025-04-09,60,1,42.88
603486,2买,2025-12-02,60,1,13.71
603486,2买,2025-12-02,60,1,13.71
603486,1买,2026-03-24,44,1,21.37
603488,3买,2023-10-23,60,1,73.37
603488,1买,2024-07-10,60,1,43.94
603488,2买,2024-09-24,60,1,46.52
603488,1买,2025-04-09,60,1,56.17
603488,2买,2025-06-20,60,1,35.15
603488,1买,2025-12-17,60,1,70.3
603489,1买,2022-12-23,60,1,37.86
603489,1买,2023-08-29,60,1,21.37
603496,3买,2023-06-08,60,1,67.21
603496,1买,2024-08-28,60,1,58.06
603496,3买,2024-08-28,60,1,58.06
603496,1买,2024-09-18,60,1,64.35
603496,2买,2024-12-18,60,1,76.31
603496,2买,2024-12-18,60,1,76.31
603496,1买,2025-01-09,60,1,94.84
603496,2买,2025-04-09,60,1,28.16
603496,3买,2025-09-05,60,1,34.53
603496,3买,2025-09-05,60,1,34.53
603496,1买,2025-12-17,60,2,55.55
603499,3买,2023-12-26,60,1,166.1
603499,1买,2024-08-29,60,1,213.25
603499,3买,2024-08-29,60,1,213.25
603499,2买,2025-04-09,60,1,21.45
603499,1买,2025-06-23,60,1,42.56
603499,2买,2025-10-23,60,1,56.2
603499,3买,2026-03-04,58,1,27.62
603500,1买,2022-10-11,60,1,11.77
603500,2买,2023-06-28,60,1,10.55
603500,1买,2024-09-23,60,1,45.58
603500,2买,2024-12-19,60,1,47.04
603500,3买,2025-11-24,60,4,30.31
603501,3买,2025-08-04,60,7,33.14
603505,1买,2024-02-05,60,1,74.3
603505,2买,2024-09-10,60,1,48.62
603505,1买,2025-04-09,60,1,12.71
603506,1买,2022-11-01,60,1,24.98
603506,1买,2024-02-07,60,1,91.58
603506,2买,2024-04-16,60,1,73.58
603506,1买,2024-08-28,60,2,53.2
603506,2买,2025-01-13,60,1,58.45
603506,2买,2025-12-05,60,1,27.36
603507,1买,2022-12-23,60,1,63.99
603507,2买,2023-04-25,60,1,22.32
603507,1买,2025-04-11,60,1,42.49
603507,2买,2025-06-23,60,1,32.46
603507,1买,2025-11-24,60,3,51.68
603508,1买,2022-08-04,60,1,10.81
603508,2买,2023-03-08,60,3,33.57
603508,3买,2023-08-25,60,1,11.94
603508,1买,2023-10-24,60,1,15.69
603508,2买,2024-07-18,60,1,44.46
603508,1买,2025-04-09,60,1,39.29
603508,3买,2025-04-09,60,1,39.29
603508,2买,2026-03-05,57,3,7.78
603511,1买,2025-09-03,60,1,29.42
603511,2买,2025-10-13,60,1,16.13
603515,3买,2023-06-01,60,2,8.95
603515,1买,2023-06-27,60,1,15.56
603515,2买,2023-07-28,60,1,13.18
603515,1买,2024-02-06,60,1,52.49
603515,2买,2024-09-18,60,1,50.04
603515,1买,2025-04-09,60,1,29.07
603516,3买,2023-10-24,60,1,77.2
603516,1买,2024-02-08,60,1,251.53
603516,2买,2024-07-09,60,1,30.59
603516,1买,2024-09-04,60,1,109.69
603516,3买,2024-09-04,60,1,109.69
603516,2买,2025-04-09,60,1,29.45
603516,1买,2026-05-18,9,1,20.05
603518,1买,2024-02-07,60,1,47.58
603518,2买,2024-12-19,60,1,32.85
603518,3买,2024-12-19,60,1,32.85
603518,1买,2025-04-09,60,1,76.25
603518,2买,2025-07-31,60,1,23.4
603518,1买,2025-10-30,60,9,20.93
603518,2买,2026-02-02,60,3,7.8
603518,1买,2026-03-24,44,1,24.6
603519,1买,2024-02-06,60,1,29.02
603519,2买,2024-04-11,60,1,16.41
603519,1买,2025-04-09,60,1,44.55
603520,1买,2023-08-29,60,1,24.92
603520,1买,2024-02-07,60,1,73.28
603520,2买,2024-07-30,60,1,21.58
603520,1买,2024-09-23,60,1,55.05
603520,2买,2025-01-13,60,1,16.32
603520,1买,2025-04-09,60,1,47.18
603527,1买,2023-04-25,60,1,19.86
603527,1买,2024-02-07,60,1,88.76
603529,1买,2022-12-23,60,2,57.29
603529,2买,2023-02-27,60,1,33.14
603529,1买,2023-08-23,60,1,11.62
603529,1买,2023-10-23,60,1,13.81
603529,2买,2025-02-27,60,1,26.78
603529,2买,2025-02-27,60,1,26.78
603529,3买,2025-06-23,60,2,15.06
603529,1买,2025-12-15,60,5,7.33
603530,1买,2023-10-24,60,1,98.16
603530,2买,2024-02-06,60,1,94.98
603530,3买,2024-11-25,60,1,36.73
603533,1买,2022-10-11,60,1,32.18
603533,2买,2022-12-30,60,1,105.0
603533,3买,2023-10-23,60,1,54.62
603533,1买,2024-02-07,60,1,196.11
603533,2买,2024-06-25,60,1,21.7
603533,1买,2024-07-25,60,1,36.9
603533,2买,2025-07-15,60,1,16.7
603533,3买,2025-10-20,60,2,63.73
603533,1买,2026-05-26,3,1,12.39
603535,1买,2023-06-01,60,2,19.6
603535,2买,2023-08-25,60,1,16.28
603536,1买,2022-10-25,60,1,36.94
603536,2买,2023-10-23,60,1,173.24
603536,3买,2024-04-23,60,1,16.35
603536,1买,2024-06-25,60,1,16.58
603536,2买,2025-01-13,60,1,19.73
603536,1买,2025-04-09,60,1,39.8
603536,2买,2025-05-26,60,1,22.77
603538,1买,2023-08-08,60,1,34.35
603538,1买,2023-08-25,60,1,43.55
603538,1买,2024-09-23,60,1,46.65
603538,2买,2025-01-13,60,1,30.93
603538,1买,2025-04-09,60,1,145.61
603538,2买,2025-12-17,60,2,55.25
603538,2买,2025-12-17,60,2,55.25
603551,3买,2023-08-25,60,1,35.69
603551,1买,2023-09-14,60,2,12.36
603551,1买,2024-07-25,60,1,25.51
603551,2买,2025-01-13,60,1,15.31
603551,1买,2025-04-16,60,1,19.2
603551,2买,2025-06-20,60,2,38.8
603556,3买,2023-09-21,60,1,20.35
603556,3买,2024-08-06,60,1,32.38
603556,1买,2025-01-14,60,1,13.23
603558,1买,2022-10-31,60,4,13.69
603558,2买,2022-12-30,60,2,14.48
603565,1买,2022-10-31,60,2,32.15
603565,1买,2023-05-19,60,1,18.48
603566,1买,2023-10-24,60,1,23.35
603566,1买,2024-09-18,60,1,43.8
603566,2买,2025-01-13,60,1,25.53
603566,3买,2025-09-25,60,5,9.21
603567,1买,2022-08-04,60,1,28.91
603567,2买,2022-09-26,60,1,51.65
603567,1买,2024-09-18,60,1,38.94
603567,2买,2025-01-13,60,1,10.1
603567,1买,2025-04-09,60,1,28.28
603568,1买,2023-04-24,60,2,8.72
603568,1买,2023-06-09,60,7,11.28
603568,2买,2023-10-24,60,1,9.98
603568,2买,2025-03-05,60,4,23.86
603568,1买,2025-04-09,60,1,12.64
603569,1买,2022-08-03,60,1,63.42
603569,2买,2022-10-12,60,1,36.72
603569,1买,2024-09-18,60,1,62.25
603569,2买,2025-01-13,60,1,34.03
603569,3买,2025-12-17,60,2,10.75
603577,1买,2022-12-30,60,4,13.67
603577,1买,2023-12-27,60,1,65.35
603577,1买,2025-04-09,60,1,91.37
603577,2买,2025-09-24,60,6,20.55
603577,2买,2025-09-24,60,6,20.55
603577,1买,2025-11-24,60,1,31.17
603577,3买,2025-11-24,60,1,31.17
603577,2买,2026-04-07,35,1,19.34
603577,3买,2026-04-07,35,1,19.34
603578,1买,2022-09-20,60,1,22.85
603578,2买,2022-12-23,60,5,44.84
603578,1买,2024-08-23,60,1,44.44
603578,2买,2025-01-13,60,1,45.28
603578,1买,2025-04-09,60,1,35.51
603579,1买,2023-06-27,60,1,25.33
603579,2买,2023-11-02,60,2,19.88
603579,3买,2025-06-16,60,1,107.98
603579,3买,2025-12-17,60,1,34.64
603579,1买,2026-03-24,44,1,21.78
603583,1买,2023-08-29,60,1,34.31
603583,2买,2024-06-11,60,1,17.12
603583,1买,2024-09-18,60,1,103.82
603583,2买,2024-11-27,60,1,134.0
603585,1买,2022-12-23,60,2,15.49
603585,1买,2025-12-16,60,1,42.91
603585,3买,2025-12-16,60,1,42.91
603585,2买,2026-03-24,44,1,59.72
603586,1买,2022-12-23,60,2,25.02
603586,2买,2023-03-14,60,4,9.55
603586,1买,2023-04-25,60,1,21.1
603586,1买,2024-06-11,60,1,82.0
603586,2买,2024-08-29,60,1,58.78
603586,1买,2025-04-09,60,1,87.84
603586,2买,2025-06-23,60,1,45.31
603586,2买,2025-06-23,60,1,45.31
603586,3买,2025-07-31,60,3,40.33
603586,1买,2026-03-23,45,1,25.05
603587,1买,2024-02-06,60,1,24.23
603587,2买,2024-06-25,60,1,8.82
603587,1买,2025-04-09,60,1,45.15
603588,1买,2025-04-09,60,1,30.39
603588,2买,2025-06-23,60,2,37.41
603589,1买,2024-07-09,60,1,48.94
603589,1买,2024-08-29,60,1,55.67
603589,2买,2024-10-31,60,3,18.27
603589,2买,2024-10-31,60,3,18.27
603589,1买,2025-04-08,60,1,12.14
603590,1买,2024-07-31,60,1,21.46
603590,1买,2024-09-23,60,1,39.51
603590,2买,2025-01-13,60,1,40.3
603590,2买,2025-03-13,60,2,51.96
603590,1买,2025-03-25,60,2,53.9
603590,2买,2025-08-27,60,1,33.13
603590,3买,2025-08-27,60,1,33.13
603596,1买,2022-09-26,60,1,27.1
603596,1买,2023-10-11,60,1,16.04
603596,1买,2023-11-15,60,1,16.92
603598,3买,2024-04-17,60,1,29.97
603598,1买,2024-07-25,60,1,54.04
603598,1买,2024-08-28,60,1,60.76
603598,2买,2024-11-19,60,1,100.07
603598,2买,2024-11-19,60,1,100.07
603598,1买,2025-04-09,60,1,41.06
603599,1买,2022-10-10,60,1,39.18
603599,1买,2024-01-09,60,1,12.31
603599,1买,2024-02-05,60,1,39.82
603599,2买,2024-04-01,60,6,12.23
603599,2买,2024-04-01,60,6,12.23
603599,1买,2025-04-22,60,1,20.81
603599,2买,2025-06-23,60,19,19.61
603600,3买,2023-12-11,60,1,44.15
603600,1买,2025-04-09,60,1,48.06
603601,1买,2025-04-09,60,1,96.47
603601,2买,2025-11-24,60,1,231.22
603602,1买,2023-05-16,60,2,12.93
603602,2买,2023-08-17,60,1,40.99
603602,3买,2025-01-13,60,1,61.34
603605,1买,2022-09-08,60,1,19.57
603605,2买,2022-12-26,60,1,25.18
603605,1买,2025-01-13,60,1,13.44
603605,1买,2025-04-09,60,1,37.38
603606,1买,2022-09-02,60,1,22.34
603606,1买,2023-04-21,60,1,29.79
603606,2买,2024-07-03,60,1,20.58
603607,3买,2025-01-06,60,1,35.09
603607,1买,2025-09-23,60,1,19.47
603607,3买,2025-09-23,60,1,19.47
603608,3买,2025-10-13,60,1,64.2
603609,1买,2023-03-27,60,1,13.3
603609,3买,2023-03-27,60,1,13.3
603609,1买,2023-10-24,60,1,11.79
603609,2买,2025-06-24,60,6,12.87
603610,1买,2022-08-04,60,1,34.35
603610,2买,2022-11-03,60,1,13.02
603610,1买,2023-08-25,60,1,18.68
603610,2买,2023-10-23,60,2,12.51
603610,3买,2026-01-30,60,1,22.91
603610,1买,2026-04-07,35,1,33.02
603611,1买,2023-05-15,60,1,41.19
603611,3买,2023-05-15,60,1,41.19
603611,1买,2024-02-06,60,1,81.19
603611,2买,2024-08-28,60,1,55.08
603611,1买,2025-04-09,60,1,63.51
603611,2买,2025-10-20,60,1,15.11
603611,2买,2025-10-20,60,1,15.11
603611,1买,2025-11-24,60,2,14.24
603612,1买,2025-11-24,60,1,57.74
603612,3买,2025-11-24,60,1,57.74
603612,2买,2026-04-07,35,1,18.7
603613,1买,2023-08-25,60,1,29.52
603613,1买,2026-03-05,57,1,17.52
603615,1买,2023-09-18,60,1,96.2
603615,3买,2023-09-18,60,1,96.2
603615,2买,2024-02-07,60,1,111.72
603615,3买,2025-04-09,60,1,32.88
603616,1买,2025-04-09,60,1,100.0
603616,2买,2025-09-26,60,1,35.93
603616,3买,2025-12-17,60,1,86.32
603617,1买,2025-12-17,60,1,20.5
603617,3买,2025-12-17,60,1,20.5
603617,2买,2026-03-04,58,1,14.58
603618,1买,2022-12-23,60,2,20.32
603618,2买,2023-04-25,60,1,41.97
603618,1买,2024-08-28,60,2,48.15
603618,2买,2025-01-06,60,1,91.32
603618,3买,2025-11-03,60,1,22.25
603618,3买,2025-11-03,60,1,22.25
603619,1买,2022-12-23,60,1,19.94
603619,2买,2024-01-23,60,1,79.47
603619,1买,2024-02-05,60,1,87.13
603619,2买,2024-06-27,60,1,13.79
603619,1买,2024-09-18,60,2,41.63
603619,2买,2025-08-04,60,6,18.6
603619,1买,2025-09-23,60,1,45.13
603619,2买,2026-05-27,2,1,6.97
603626,1买,2023-08-25,60,1,41.52
603626,2买,2024-11-27,60,1,34.53
603626,1买,2025-01-06,60,1,68.66
603626,2买,2025-06-23,60,1,138.4
603626,3买,2025-10-30,60,1,107.52
603626,1买,2025-11-24,60,1,163.3
603626,3买,2025-11-24,60,1,163.3
603628,1买,2025-04-09,60,1,31.13
603629,1买,2023-03-17,60,2,111.1
603629,2买,2023-08-01,60,1,103.51
603629,1买,2024-09-18,60,1,51.51
603630,1买,2022-09-27,60,1,25.3
603630,2买,2022-12-13,60,1,21.13
603630,1买,2023-10-23,60,1,20.61
603630,1买,2024-09-18,60,1,68.71
603630,2买,2024-11-19,60,1,27.42
603630,3买,2025-01-08,60,1,67.79
603630,2买,2025-07-16,60,1,62.28
603630,3买,2025-07-16,60,1,62.28
603630,1买,2025-12-31,60,1,28.99
603630,3买,2025-12-31,60,1,28.99
603630,1买,2026-03-24,44,1,20.12
603633,1买,2023-04-24,60,1,30.27
603633,1买,2023-10-24,60,1,30.98
603633,2买,2025-10-21,60,1,17.64
603636,1买,2024-02-06,60,1,71.59
603636,1买,2024-07-09,60,1,60.14
603636,2买,2025-01-03,60,1,103.37
603637,3买,2025-06-23,60,1,26.5
603638,1买,2024-02-02,60,1,33.96
603638,2买,2024-03-28,60,1,18.41
603638,1买,2025-09-11,60,3,16.34
603638,3买,2025-09-11,60,3,16.34
603639,1买,2023-12-21,60,5,9.14
603639,1买,2024-02-05,60,1,38.8
603639,1买,2024-09-18,60,1,36.78
603639,2买,2025-02-21,60,16,12.8
603639,2买,2025-02-21,60,16,12.8
603639,1买,2025-04-08,60,1,48.4
603648,1买,2022-08-25,60,1,11.25
603648,1买,2023-04-26,60,1,23.33
603648,2买,2023-06-27,60,1,11.74
603648,2买,2023-06-27,60,1,11.74
603648,1买,2024-08-26,60,4,34.75
603648,2买,2025-04-08,60,1,42.4
603648,3买,2025-09-23,60,1,11.06
603648,3买,2025-09-23,60,1,11.06
603650,1买,2024-02-06,60,1,51.57
603650,2买,2024-04-16,60,1,40.16
603650,3买,2025-09-11,60,1,44.25
603650,3买,2025-09-11,60,1,44.25
603650,3买,2025-11-18,60,1,71.67
603655,1买,2023-10-26,60,3,19.55
603655,1买,2024-09-18,60,1,119.83
603655,2买,2025-01-06,60,1,18.7
603655,2买,2025-01-06,60,1,18.7
603655,1买,2025-04-09,60,1,68.98
603655,3买,2025-04-09,60,1,68.98
603655,2买,2025-10-13,60,1,36.89
603656,1买,2023-04-07,60,1,22.47
603656,3买,2023-04-07,60,1,22.47
603656,2买,2023-12-25,60,1,34.19
603656,3买,2025-01-13,60,1,19.66
603656,1买,2025-04-09,60,1,25.64
603656,3买,2025-04-09,60,1,25.64
603657,1买,2024-09-18,60,1,88.28
603657,2买,2025-01-13,60,1,52.8
603657,3买,2025-04-10,60,1,180.78
603657,3买,2025-08-04,60,1,69.86
603658,1买,2023-06-29,60,2,14.36
603658,1买,2023-08-28,60,1,13.29
603658,1买,2023-10-24,60,2,41.84
603658,2买,2024-01-29,60,1,45.53
603658,2买,2024-01-29,60,1,45.53
603659,1买,2023-01-04,60,1,16.14
603659,1买,2023-03-16,60,1,16.73
603659,1买,2024-09-20,60,1,110.1
603659,2买,2025-01-08,60,1,37.06
603660,1买,2022-10-11,60,1,48.56
603660,2买,2022-12-30,60,1,62.6
603660,3买,2023-07-28,60,5,7.8
603660,1买,2023-09-21,60,1,104.05
603660,1买,2023-10-30,60,1,109.36
603660,2买,2024-11-19,60,1,68.74
603660,2买,2024-11-19,60,1,68.74
603660,1买,2025-04-09,60,1,39.56
603661,1买,2023-06-26,60,1,18.54
603661,1买,2023-08-14,60,1,19.78
603661,2买,2024-02-06,60,1,48.75
603661,2买,2024-02-06,60,1,48.75
603661,3买,2024-03-28,60,2,31.01
603661,1买,2025-04-09,60,1,35.33
603662,1买,2023-05-16,60,1,145.99
603662,3买,2023-05-16,60,1,145.99
603662,2买,2023-08-17,60,1,43.39
603662,1买,2023-10-24,60,1,53.18
603662,3买,2023-10-24,60,1,53.18
603662,2买,2025-04-09,60,1,44.44
603662,3买,2025-09-05,60,1,30.02
603663,1买,2022-12-26,60,1,44.63
603663,2买,2023-03-20,60,1,16.71
603663,1买,2023-05-15,60,1,20.91
603663,1买,2024-02-06,60,1,190.6
603663,2买,2024-07-09,60,1,40.15
603663,1买,2024-08-21,60,1,64.7
603663,2买,2025-01-02,60,1,95.24
603663,2买,2025-01-02,60,1,95.24
603663,3买,2025-04-09,60,1,52.82
603665,1买,2023-06-13,60,2,24.6
603665,1买,2023-07-28,60,1,20.41
603665,2买,2025-10-24,60,1,42.55
603665,2买,2025-10-24,60,1,42.55
603666,1买,2023-04-26,60,1,33.48
603666,1买,2024-07-25,60,1,68.66
603666,2买,2025-01-07,60,1,96.41
603666,3买,2025-08-04,60,1,15.8
603666,1买,2025-09-05,60,1,25.06
603667,1买,2023-05-15,60,1,63.16
603667,2买,2023-08-14,60,1,74.65
603667,3买,2024-11-28,60,1,224.98
603667,3买,2025-06-23,60,1,52.35
603668,1买,2023-07-14,60,1,24.86
603668,2买,2023-09-21,60,4,23.59
603668,1买,2024-04-17,60,1,30.72
603669,1买,2023-06-29,60,1,24.32
603669,2买,2023-10-24,60,1,26.2
603669,1买,2025-12-17,60,1,17.0
603676,1买,2022-09-26,60,1,70.58
603676,2买,2022-12-22,60,1,35.76
603676,1买,2023-10-24,60,1,16.68
603676,3买,2025-02-28,60,1,30.11
603676,2买,2025-06-23,60,1,51.06
603677,3买,2023-10-24,60,1,20.67
603677,1买,2023-12-26,60,2,14.2
603677,2买,2025-06-23,60,1,12.96
603677,3买,2025-06-23,60,1,12.96
603677,1买,2025-09-11,60,2,15.53
603677,3买,2025-09-11,60,2,15.53
603677,1买,2025-10-13,60,1,18.13
603678,1买,2024-09-23,60,1,75.41
603678,2买,2025-02-18,60,2,70.09
603678,3买,2025-06-20,60,1,30.35
603678,3买,2026-02-06,60,1,18.12
603679,3买,2023-08-25,60,1,45.72
603679,1买,2025-04-09,60,1,77.44
603679,2买,2025-09-24,60,1,41.6
603679,1买,2025-11-24,60,1,45.68
603680,3买,2023-10-24,60,1,17.25
603680,1买,2024-02-08,60,1,55.84
603680,2买,2024-04-16,60,1,23.41
603680,1买,2025-04-09,60,1,110.21
603680,2买,2025-11-24,60,1,75.81
603681,3买,2025-09-26,60,1,34.88
603682,1买,2022-10-11,60,1,21.5
603682,2买,2023-01-13,60,5,18.06
603682,1买,2024-08-23,60,1,44.9
603682,2买,2025-04-09,60,1,50.0
603682,3买,2026-01-21,60,1,37.48
603683,1买,2022-07-18,60,1,17.92
603683,2买,2023-10-23,60,1,24.63
603683,1买,2024-08-23,60,1,60.64
603683,2买,2025-01-06,60,1,75.15
603683,3买,2025-04-09,60,1,91.21
603683,3买,2026-03-04,58,1,32.65
603685,1买,2022-12-30,60,2,31.03
603685,2买,2023-04-27,60,1,71.57
603685,1买,2023-08-29,60,1,15.13
603685,3买,2023-08-29,60,1,15.13
603685,2买,2023-10-23,60,1,13.73
603685,3买,2025-12-30,60,1,77.49
603686,1买,2023-10-23,60,1,33.56
603686,2买,2023-12-27,60,2,13.49
603686,3买,2023-12-27,60,2,13.49
603686,1买,2024-02-06,60,1,33.95
603686,2买,2024-07-09,60,1,44.14
603686,3买,2025-12-05,60,1,32.13
603686,3买,2025-12-05,60,1,32.13
603686,1买,2026-03-24,44,1,15.36
603687,1买,2023-06-26,60,3,25.62
603687,2买,2023-08-25,60,1,34.37
603687,3买,2023-10-23,60,1,29.35
603687,1买,2025-04-09,60,1,34.26
603687,2买,2025-06-23,60,1,30.87
603689,1买,2024-02-07,60,1,51.19
603689,2买,2024-06-25,60,3,21.9
603689,1买,2025-04-09,60,1,12.69
603690,1买,2022-10-12,60,1,50.51
603690,2买,2023-01-13,60,1,35.58
603690,1买,2023-12-27,60,1,24.34
603690,1买,2024-02-06,60,1,42.16
603690,2买,2024-04-22,60,1,12.04
603690,1买,2024-05-27,60,1,11.44
603690,2买,2024-11-27,60,1,17.41
603693,1买,2023-04-25,60,1,26.27
603693,2买,2023-08-25,60,1,8.73
603693,1买,2023-12-07,60,6,14.21
603693,1买,2024-02-05,60,1,57.95
603693,2买,2024-03-28,60,2,48.35
603693,2买,2025-09-23,60,1,8.18
603693,1买,2025-12-18,60,12,62.22
603696,1买,2022-10-11,60,1,44.61
603696,2买,2023-04-26,60,1,20.96
603696,1买,2025-08-04,60,2,33.14
603696,3买,2025-08-04,60,2,33.14
603696,2买,2025-10-09,60,1,161.22
603697,1买,2022-10-31,60,1,37.39
603697,2买,2023-01-19,60,2,44.39
603697,1买,2023-10-23,60,1,45.12
603697,1买,2024-07-10,60,1,39.6
603697,1买,2024-09-18,60,1,120.64
603697,2买,2025-03-06,60,2,87.95
603697,2买,2025-03-06,60,2,87.95
603697,2买,2025-03-06,60,2,87.95
603697,3买,2025-07-31,60,2,29.62
603698,3买,2025-04-09,60,1,20.27
603699,3买,2023-12-27,60,1,34.39
603699,1买,2024-02-06,60,1,88.53
603699,2买,2024-03-27,60,2,32.15
603699,3买,2025-01-06,60,1,41.15
603699,1买,2025-04-09,60,1,59.51
603699,2买,2025-08-01,60,1,92.26
603701,1买,2023-10-23,60,1,39.24
603701,1买,2024-07-09,60,1,52.22
603701,2买,2025-01-06,60,1,46.82
603701,2买,2025-01-06,60,1,46.82
603701,3买,2025-04-09,60,1,54.85
603701,1买,2025-11-24,60,2,43.38
603701,3买,2025-11-24,60,2,43.38
603703,1买,2023-05-17,60,2,10.83
603703,1买,2024-02-06,60,1,48.08
603703,2买,2024-07-19,60,1,30.88
603703,1买,2024-09-18,60,1,64.74
603706,1买,2022-10-31,60,2,18.87
603706,1买,2022-12-23,60,6,13.83
603706,2买,2023-04-25,60,1,18.96
603706,2买,2023-06-26,60,1,14.86
603706,1买,2023-10-23,60,1,43.33
603706,1买,2024-09-18,60,1,75.08
603706,2买,2025-01-13,60,1,15.21
603706,2买,2025-01-13,60,1,15.21
603706,3买,2025-02-25,60,4,13.75
603706,1买,2025-12-17,60,3,26.37
603706,3买,2025-12-17,60,3,26.37
603707,1买,2023-09-08,60,1,45.02
603707,2买,2024-02-05,60,1,34.79
603707,1买,2024-03-29,60,1,32.93
603707,2买,2024-07-17,60,1,48.65
603707,1买,2024-08-27,60,1,53.21
603707,2买,2025-01-09,60,1,27.12
603707,1买,2025-05-06,60,1,21.25
603707,2买,2025-06-23,60,4,16.19
603708,1买,2022-10-25,60,2,39.12
603708,2买,2023-01-12,60,1,17.67
603708,1买,2023-04-25,60,1,34.88
603708,2买,2023-07-07,60,1,17.54
603708,1买,2023-10-23,60,2,46.41
603708,1买,2024-07-25,60,2,35.38
603708,1买,2024-09-04,60,1,61.26
603708,2买,2025-01-13,60,1,25.13
603708,2买,2025-01-13,60,1,25.13
603708,1买,2025-04-08,60,1,36.66
603708,3买,2025-04-08,60,1,36.66
603708,2买,2025-06-23,60,2,17.25
603711,1买,2024-02-06,60,1,102.78
603711,2买,2025-01-14,60,1,19.26
603711,1买,2025-04-08,60,1,27.68
603712,1买,2024-02-05,60,1,37.94
603713,1买,2022-11-30,60,1,28.04
603713,1买,2024-02-05,60,1,95.86
603713,2买,2024-09-18,60,1,59.45
603713,1买,2025-04-09,60,1,29.25
603716,1买,2024-02-08,60,1,122.88
603716,2买,2024-09-19,60,1,102.02
603716,3买,2025-12-17,60,1,64.74
603716,3买,2025-12-17,60,1,64.74
603717,1买,2022-10-11,60,1,25.46
603717,2买,2022-12-30,60,1,58.01
603717,1买,2026-03-23,45,1,31.47
603719,1买,2024-02-06,60,1,36.79
603719,1买,2024-07-30,60,1,41.87
603719,1买,2024-09-18,60,1,84.67
603719,2买,2025-04-08,60,1,24.59
603719,2买,2025-04-08,60,1,24.59
603722,1买,2025-04-09,60,1,46.35
603725,3买,2025-10-09,60,3,21.34
603725,3买,2025-10-09,60,3,21.34
603725,1买,2025-12-17,60,1,22.86
603726,1买,2022-12-30,60,2,14.97
603726,1买,2023-04-26,60,2,24.55
603726,2买,2023-12-27,60,1,7.65
603726,2买,2023-12-27,60,1,7.65
603726,1买,2024-02-08,60,1,86.95
603726,2买,2024-07-08,60,1,42.66
603726,1买,2025-04-09,60,1,50.68
603726,2买,2025-09-05,60,1,57.95
603727,1买,2023-04-26,60,1,12.04
603727,2买,2025-01-13,60,1,49.08
603727,1买,2025-09-23,60,1,23.87
603727,2买,2025-12-17,60,3,62.61
603728,1买,2024-08-27,60,1,94.38
603728,2买,2025-01-06,60,2,89.9
603728,3买,2025-12-17,60,3,28.23
603728,1买,2026-04-07,35,1,33.31
603729,1买,2023-09-14,60,2,136.57
603729,3买,2023-09-14,60,2,136.57
603729,1买,2023-10-19,60,1,218.72
603729,2买,2023-11-30,60,1,146.23
603729,2买,2023-11-30,60,1,146.23
603729,1买,2024-09-18,60,1,93.51
603729,2买,2024-11-19,60,1,47.93
603729,1买,2025-04-09,60,1,45.83
603730,3买,2023-02-20,60,1,16.72
603730,1买,2025-06-23,60,8,14.26
603730,1买,2025-08-04,60,2,47.71
603730,2买,2026-03-24,44,1,73.92
603733,3买,2022-12-28,60,1,12.64
603733,1买,2023-02-20,60,2,11.04
603733,1买,2024-09-18,60,1,46.38
603733,2买,2024-12-24,60,1,27.55
603733,3买,2025-04-08,60,1,16.09
603733,3买,2025-10-20,60,2,16.47
603737,1买,2022-09-23,60,1,62.88
603737,2买,2022-10-31,60,1,55.22
603737,3买,2023-02-17,60,1,10.47
603737,1买,2024-02-06,60,1,33.62
603737,1买,2024-04-17,60,1,84.49
603737,2买,2025-01-16,60,1,45.88
603737,2买,2025-01-16,60,1,45.88
603737,1买,2025-06-03,60,1,62.97
603737,2买,2025-11-10,60,1,39.27
603737,3买,2026-01-16,60,1,38.94
603738,1买,2024-02-06,60,1,68.22
603738,2买,2024-04-16,60,1,23.04
603738,1买,2025-04-09,60,1,22.28
603739,1买,2023-06-27,60,1,14.65
603739,2买,2023-08-10,60,3,9.58
603739,1买,2024-09-18,60,1,73.17
603739,2买,2025-01-13,60,1,60.07
603739,3买,2025-09-29,60,13,23.62
603739,1买,2026-03-24,44,1,17.86
603739,2买,2026-05-15,10,1,7.64
603755,1买,2023-10-24,60,1,15.74
603755,1买,2025-04-09,60,1,19.57
603755,2买,2025-09-05,60,1,59.64
603755,3买,2025-09-05,60,1,59.64
603755,2买,2025-12-23,60,1,24.96
603757,1买,2022-12-23,60,1,57.1
603757,2买,2023-03-17,60,1,39.14
603757,1买,2024-08-27,60,1,44.51
603757,2买,2024-11-04,60,1,20.55
603757,1买,2025-01-13,60,1,45.95
603757,2买,2025-12-05,60,1,50.9
603757,3买,2026-01-27,60,1,54.69
603758,1买,2022-10-31,60,1,45.08
603758,2买,2023-04-26,60,1,38.51
603758,1买,2024-09-18,60,1,66.77
603758,2买,2025-01-06,60,1,99.74
603758,3买,2025-09-05,60,1,44.07
603759,1买,2022-10-11,60,1,21.77
603759,2买,2022-12-23,60,3,17.31
603759,1买,2024-02-07,60,1,37.18
603759,2买,2024-04-17,60,1,20.03
603759,3买,2025-12-19,60,1,35.76
603766,1买,2023-05-24,60,2,23.28
603766,2买,2023-08-25,60,1,23.09
603766,3买,2024-07-25,60,1,53.17
603766,3买,2025-04-09,60,1,59.65
603767,1买,2022-10-11,60,1,19.09
603767,1买,2022-12-26,60,1,18.66
603767,2买,2023-08-01,60,1,103.64
603767,2买,2023-08-01,60,1,103.64
603767,3买,2024-01-24,60,1,64.42
603767,1买,2024-09-18,60,1,56.39
603767,2买,2025-01-06,60,1,100.69
603767,1买,2026-03-24,44,1,45.38
603768,1买,2023-04-25,60,1,49.25
603768,2买,2023-09-15,60,1,113.75
603768,1买,2025-04-09,60,1,48.9
603768,2买,2025-07-07,60,1,9.3
603768,1买,2025-10-13,60,1,11.08
603768,1买,2025-12-15,60,4,12.21
603773,3买,2023-08-22,60,1,46.58
603773,1买,2024-09-24,60,1,97.65
603773,2买,2024-12-18,60,1,26.43
603773,1买,2025-01-08,60,1,35.74
603773,3买,2025-01-08,60,1,35.74
603773,2买,2025-03-03,60,1,26.71
603776,1买,2023-06-27,60,1,20.54
603776,2买,2025-12-30,60,3,18.82
603776,3买,2025-12-30,60,3,18.82
603776,3买,2026-02-09,60,1,32.99
603777,1买,2023-10-24,60,1,21.3
603777,1买,2024-02-07,60,1,28.48
603777,2买,2024-04-16,60,1,16.39
603777,2买,2025-02-19,60,1,24.17
603777,1买,2025-04-08,60,1,40.87
603777,2买,2025-06-23,60,1,23.29
603777,3买,2025-06-23,60,1,23.29
603778,1买,2022-10-11,60,1,188.81
603778,2买,2023-04-25,60,1,33.05
603778,3买,2023-06-27,60,1,29.36
603778,1买,2024-07-26,60,1,58.66
603778,1买,2024-08-23,60,1,77.87
603778,2买,2025-01-06,60,1,36.92
603778,2买,2025-01-06,60,1,36.92
603778,1买,2025-04-09,60,1,53.01
603778,2买,2025-06-20,60,1,84.23
603778,1买,2025-09-23,60,1,363.47
603779,1买,2024-02-07,60,1,36.44
603779,3买,2024-02-07,60,1,36.44
603779,1买,2024-08-23,60,2,77.81
603779,1买,2025-04-09,60,1,29.32
603779,2买,2025-08-15,60,3,4.86
603786,1买,2026-03-24,44,1,16.14
603787,1买,2022-12-23,60,1,22.07
603787,2买,2023-02-17,60,2,9.82
603787,1买,2024-02-07,60,1,85.18
603787,2买,2024-07-09,60,1,46.89
603787,1买,2024-08-23,60,1,49.12
603787,2买,2024-11-04,60,1,25.57
603788,1买,2025-01-06,60,1,82.4
603788,2买,2025-12-17,60,2,11.96
603788,3买,2025-12-17,60,2,11.96
603790,1买,2023-10-24,60,1,23.96
603790,3买,2023-10-24,60,1,23.96
603790,2买,2023-12-27,60,1,9.26
603790,3买,2025-08-01,60,1,55.03
603790,1买,2025-11-25,60,1,39.98
603790,3买,2025-11-25,60,1,39.98
603797,1买,2023-10-23,60,2,14.95
603797,2买,2023-12-27,60,3,9.43
603797,1买,2024-09-18,60,1,53.69
603797,2买,2024-11-27,60,1,14.79
603797,3买,2025-01-13,60,1,15.26
603798,1买,2026-03-23,45,1,69.72
603798,3买,2026-03-23,45,1,69.72
603799,1买,2023-04-25,60,1,17.8
603799,1买,2023-07-07,60,1,20.8
603799,1买,2024-02-05,60,1,52.06
603799,2买,2024-03-28,60,1,26.48
603799,1买,2025-04-09,60,1,44.32
603799,3买,2025-04-09,60,1,44.32
603799,2买,2025-07-16,60,2,98.48
603799,3买,2025-07-16,60,2,98.48
603799,2买,2025-11-05,60,1,43.33
603799,2买,2025-11-05,60,1,43.33
603799,1买,2025-12-16,60,1,44.16
603800,1买,2023-05-24,60,1,54.98
603800,2买,2023-08-25,60,1,19.32
603800,1买,2024-02-06,60,1,56.15
603800,2买,2024-04-17,60,1,21.71
603800,3买,2025-11-21,60,1,40.09
603801,1买,2024-01-23,60,1,22.63
603801,1买,2024-02-06,60,1,39.48
603801,2买,2024-04-26,60,1,42.17
603801,1买,2025-06-23,60,3,19.07
603801,1买,2025-11-04,60,2,9.04
603803,3买,2025-04-09,60,1,50.14
603806,1买,2022-10-12,60,1,44.73
603806,1买,2024-02-05,60,1,64.25
603808,1买,2022-10-12,60,1,24.09
603808,2买,2022-12-30,60,5,29.24
603808,1买,2023-08-25,60,1,9.83
603808,3买,2023-08-25,60,1,9.83
603808,1买,2024-02-07,60,1,38.64
603808,1买,2024-09-18,60,1,58.57
603808,2买,2024-12-25,60,1,34.16
603808,2买,2024-12-25,60,1,34.16
603808,1买,2025-01-24,60,5,9.32
603809,1买,2022-10-10,60,1,40.04
603809,2买,2025-01-06,60,1,82.7
603810,1买,2023-10-23,60,1,26.15
603810,2买,2023-12-28,60,1,44.01
603810,3买,2025-08-01,60,1,15.77
603810,3买,2025-09-25,60,1,40.51
603811,1买,2023-05-15,60,1,18.58
603811,3买,2023-05-15,60,1,18.58
603811,1买,2023-10-27,60,1,14.64
603811,1买,2025-04-09,60,1,60.33
603811,2买,2025-06-20,60,2,93.5
603811,2买,2025-12-17,60,1,23.84
603811,3买,2025-12-17,60,1,23.84
603811,1买,2026-03-23,45,1,17.95
603815,1买,2022-10-13,60,1,43.21
603815,2买,2022-12-30,60,1,13.17
603815,1买,2023-06-27,60,3,23.58
603815,2买,2023-10-23,60,2,29.59
603816,1买,2023-05-19,60,1,33.25
603816,1买,2024-02-05,60,1,26.05
603817,1买,2023-01-13,60,6,9.19
603817,2买,2023-04-06,60,18,12.24
603817,3买,2026-04-07,35,1,14.5
603818,1买,2023-10-23,60,2,17.42
603818,1买,2024-09-18,60,1,94.58
603818,2买,2025-01-13,60,1,38.93
603818,1买,2025-04-09,60,1,148.44
603818,2买,2025-08-04,60,1,23.47
603818,1买,2025-10-13,60,1,17.66
603818,3买,2025-10-13,60,1,17.66
603818,1买,2025-12-31,60,1,17.92
603819,1买,2024-02-08,60,1,51.31
603819,2买,2025-01-07,60,1,64.65
603819,1买,2025-12-17,60,1,26.29
603822,1买,2023-06-26,60,1,28.79
603822,2买,2023-10-23,60,1,11.81
603822,3买,2025-04-09,60,1,31.91
603823,3买,2022-12-20,60,1,40.87
603823,1买,2023-10-23,60,1,20.46
603823,1买,2024-02-08,60,1,158.7
603823,2买,2024-04-16,60,1,137.85
603823,2买,2024-07-25,60,2,28.12
603823,1买,2024-08-23,60,1,32.01
603823,1买,2024-09-18,60,1,38.65
603823,2买,2025-01-13,60,1,30.26
603823,1买,2025-04-09,60,1,86.6
603823,2买,2025-08-04,60,1,54.87
603823,2买,2025-08-04,60,1,54.87
603826,1买,2024-07-24,60,3,41.41
603826,1买,2024-08-12,60,1,41.47
603826,1买,2025-01-08,60,1,14.52
603826,1买,2025-04-09,60,1,23.05
603826,2买,2025-06-23,60,7,12.39
603829,3买,2023-08-29,60,1,15.47
603829,1买,2023-10-23,60,1,30.83
603829,3买,2023-10-23,60,1,30.83
603829,2买,2023-12-26,60,2,21.34
603829,1买,2024-06-07,60,1,37.18
603829,2买,2024-08-28,60,2,53.26
603829,3买,2025-11-13,60,1,85.39
603833,1买,2024-02-05,60,1,28.24
603833,1买,2024-09-10,60,1,98.68
603833,2买,2024-11-25,60,1,22.92
603833,2买,2024-11-25,60,1,22.92
603833,3买,2025-02-21,60,1,22.6
603833,1买,2025-04-07,60,1,24.87
603833,1买,2025-08-04,60,1,16.88
603833,2买,2025-11-06,60,3,22.24
603836,1买,2023-08-29,60,1,30.83
603836,2买,2023-12-11,60,1,32.16
603839,1买,2022-10-11,60,2,40.73
603839,2买,2023-04-26,60,1,28.32
603839,3买,2025-12-17,60,1,14.42
603848,1买,2023-06-26,60,1,36.83
603848,2买,2023-10-23,60,1,15.49
603848,3买,2023-12-27,60,1,13.36
603848,1买,2025-04-08,60,1,24.66
603848,2买,2025-06-23,60,1,129.83
603848,1买,2026-01-28,60,1,19.71
603855,1买,2022-10-11,60,1,29.77
603856,1买,2022-12-29,60,1,23.95
603856,2买,2023-04-07,60,3,34.47
603856,1买,2023-12-11,60,8,13.3
603856,2买,2024-11-04,60,1,15.33
603856,1买,2025-01-13,60,1,16.62
603856,1买,2025-04-09,60,1,16.6
603856,2买,2025-09-23,60,1,27.02
603856,2买,2025-09-23,60,1,27.02
603858,1买,2023-08-29,60,5,5.99
603858,1买,2023-10-24,60,3,11.43
603858,1买,2024-09-11,60,2,38.93
603858,2买,2024-11-01,60,2,8.1
603858,2买,2024-11-01,60,2,8.1
603858,1买,2025-04-08,60,1,23.5
603858,2买,2025-06-23,60,8,30.25
603859,3买,2023-06-28,60,1,16.56
603859,1买,2023-09-22,60,1,16.0
603859,2买,2025-12-16,60,1,58.86
603860,3买,2023-08-17,60,1,15.78
603860,1买,2024-02-08,60,1,104.74
603860,2买,2024-06-11,60,1,27.48
603860,1买,2025-04-09,60,1,24.53
603860,2买,2025-06-23,60,1,24.43
603860,1买,2025-12-17,60,1,19.42
603860,1买,2026-03-24,44,1,21.25
603860,2买,2026-05-22,5,1,5.03
603861,3买,2023-09-20,60,1,47.41
603861,1买,2024-02-07,60,1,50.97
603861,2买,2024-08-23,60,1,55.93
603861,1买,2025-04-09,60,1,35.89
603861,2买,2025-08-15,60,1,53.89
603861,3买,2026-03-24,44,1,22.5
603863,3买,2023-08-25,60,1,132.57
603866,1买,2022-10-31,60,1,54.55
603866,1买,2023-10-23,60,1,12.85
603866,1买,2024-07-09,60,1,50.62
603866,1买,2024-09-18,60,1,69.36
603866,2买,2024-11-01,60,2,38.18
603866,2买,2024-11-01,60,2,38.18
603866,1买,2024-11-27,60,1,39.35
603866,1买,2025-04-08,60,1,17.27
603866,2买,2025-08-04,60,12,9.58
603867,1买,2024-02-05,60,1,53.46
603868,1买,2023-12-11,60,1,11.1
603868,1买,2024-02-02,60,1,35.01
603868,2买,2024-12-19,60,1,25.63
603868,1买,2025-04-08,60,1,15.45
603868,2买,2025-10-13,60,2,24.24
603876,1买,2025-04-09,60,1,29.03
603877,1买,2024-01-08,60,1,46.58
603877,1买,2024-09-18,60,1,55.46
603877,2买,2024-11-04,60,1,33.83
603877,1买,2025-10-09,60,4,30.99
603877,2买,2025-12-31,60,3,24.27
603878,1买,2023-08-25,60,1,13.06
603878,1买,2023-11-09,60,1,15.73
603878,2买,2024-04-29,60,1,14.2
603878,2买,2024-04-29,60,1,14.2
603878,1买,2025-04-09,60,1,23.55
603878,2买,2025-06-20,60,2,42.29
603878,1买,2026-03-24,44,1,22.08
603879,3买,2025-04-09,60,1,88.27
603879,3买,2025-09-23,60,1,26.51
603879,1买,2025-12-05,60,1,37.93
603879,1买,2025-12-18,60,1,47.57
603879,2买,2026-02-13,60,2,9.54
603879,2买,2026-02-13,60,2,9.54
603880,1买,2024-07-18,60,1,48.7
603880,2买,2025-01-13,60,1,55.58
603880,3买,2025-09-23,60,1,30.27
603881,1买,2022-12-30,60,1,74.35
603881,1买,2023-10-23,60,1,18.78
603881,1买,2024-08-23,60,2,57.36
603881,2买,2025-06-23,60,1,76.89
603881,2买,2025-06-23,60,1,76.89
603881,3买,2025-06-23,60,1,76.89
603881,2买,2025-08-11,60,1,71.26
603881,3买,2025-08-11,60,1,71.26
603881,1买,2025-12-19,60,2,56.07
603881,3买,2025-12-19,60,2,56.07
603882,1买,2023-10-27,60,1,31.82
603882,1买,2024-01-18,60,1,32.92
603882,1买,2025-01-24,60,2,72.48
603882,2买,2025-04-28,60,1,23.21
603882,1买,2025-06-23,60,1,32.03
603882,2买,2025-10-20,60,6,45.44
603883,1买,2022-09-23,60,1,62.72
603883,1买,2026-03-24,44,1,13.98
603885,1买,2024-07-05,60,2,42.31
603885,1买,2024-09-23,60,1,57.56
603885,2买,2025-02-20,60,2,13.51
603885,2买,2025-02-20,60,2,13.51
603885,1买,2025-04-08,60,1,21.58
603886,3买,2023-04-17,60,2,11.8
603886,1买,2023-06-26,60,2,16.0
603888,3买,2023-08-01,60,1,41.77
603888,1买,2023-10-23,60,1,28.23
603888,1买,2024-08-27,60,1,44.14
603888,2买,2025-01-13,60,1,33.28
603888,1买,2025-07-29,60,3,19.33
603888,1买,2025-09-24,60,1,14.38
603888,2买,2026-03-24,44,1,11.59
603888,2买,2026-03-24,44,1,11.59
603889,3买,2023-04-06,60,2,24.87
603889,1买,2023-05-30,60,1,49.48
603889,2买,2023-10-23,60,1,26.14
603889,1买,2025-04-09,60,1,24.75
603890,1买,2023-08-25,60,1,69.7
603890,2买,2023-12-26,60,1,21.85
603890,3买,2024-11-27,60,1,36.9
603890,1买,2025-01-13,60,1,39.53
603893,1买,2023-09-21,60,1,21.15
603893,2买,2024-11-27,60,1,153.46
603893,3买,2025-06-23,60,1,78.56
603895,1买,2023-06-27,60,1,9.29
603895,3买,2025-04-09,60,1,45.71
603896,1买,2022-08-19,60,1,23.6
603896,1买,2022-09-26,60,1,30.33
603896,2买,2023-08-23,60,1,20.31
603896,2买,2023-08-23,60,1,20.31
603896,1买,2023-10-24,60,1,9.0
603896,1买,2024-02-05,60,1,28.57
603896,1买,2025-01-13,60,3,13.42
603896,1买,2025-04-09,60,1,29.86
603896,2买,2025-06-23,60,3,10.61
603896,2买,2025-06-23,60,3,10.61
603897,1买,2023-04-27,60,1,16.4
603897,1买,2023-10-24,60,1,34.54
603897,2买,2024-04-16,60,1,29.98
603897,2买,2025-04-09,60,1,59.09
603897,3买,2025-09-24,60,1,12.04
603898,1买,2023-06-26,60,1,27.48
603898,2买,2023-08-25,60,1,19.49
603898,1买,2024-09-18,60,1,51.6
603898,2买,2025-01-13,60,1,30.93
603898,1买,2025-04-09,60,1,44.69
603898,2买,2025-08-01,60,1,31.43
603898,1买,2025-10-21,60,1,68.65
603899,1买,2023-10-23,60,1,23.65
603899,1买,2024-02-05,60,1,34.76
603899,2买,2024-04-26,60,1,18.96
603899,2买,2024-04-26,60,1,18.96
603899,1买,2025-02-26,60,2,22.43
603900,1买,2023-06-26,60,3,15.99
603900,2买,2023-12-25,60,1,9.77
603900,1买,2025-12-05,60,1,32.91
603900,3买,2025-12-05,60,1,32.91
603900,1买,2025-12-31,60,6,35.27
603901,1买,2023-10-24,60,1,18.22
603901,2买,2025-11-21,60,1,46.25
603903,1买,2025-04-09,60,1,40.81
603906,1买,2022-12-23,60,2,15.25
603906,1买,2023-10-26,60,1,20.53
603906,1买,2023-12-21,60,1,18.23
603906,2买,2025-10-23,60,1,61.18
603906,2买,2025-10-23,60,1,61.18
603906,3买,2025-10-23,60,1,61.18
603908,1买,2023-08-25,60,1,16.75
603908,1买,2023-10-24,60,1,19.17
603908,1买,2023-12-27,60,1,22.39
603908,1买,2024-09-18,60,1,69.03
603908,2买,2025-01-13,60,1,42.61
603908,3买,2025-09-03,60,2,18.32
603908,1买,2025-10-13,60,8,18.52
603908,1买,2026-03-23,45,1,19.92
603909,1买,2022-12-26,60,2,63.96
603909,2买,2023-05-26,60,1,36.98
603909,1买,2023-10-23,60,1,13.78
603909,1买,2024-02-20,60,1,39.74
603909,2买,2024-04-16,60,1,26.21
603909,2买,2026-01-07,60,2,14.68
603909,3买,2026-01-07,60,2,14.68
603909,1买,2026-03-24,44,1,43.15
603912,1买,2022-10-11,60,1,70.98
603912,2买,2023-03-16,60,2,50.0
603912,1买,2023-10-09,60,1,42.97
603912,1买,2024-08-23,60,1,48.51
603912,2买,2025-01-06,60,1,66.38
603912,2买,2025-03-03,60,1,32.6
603915,1买,2023-10-24,60,1,20.75
603915,2买,2025-03-14,60,1,30.94
603916,1买,2023-06-27,60,1,15.19
603916,1买,2025-04-09,60,1,45.77
603916,2买,2025-06-23,60,1,64.56
603916,1买,2025-12-17,60,2,55.88
603916,3买,2025-12-17,60,2,55.88
603917,1买,2023-06-08,60,1,29.24
603917,1买,2023-08-29,60,1,23.78
603917,1买,2023-10-23,60,1,26.28
603917,3买,2025-11-24,60,1,18.95
603918,1买,2023-08-21,60,1,38.72
603918,3买,2023-08-21,60,1,38.72
603918,1买,2024-08-28,60,2,136.06
603918,2买,2024-11-04,60,1,82.53
603918,1买,2026-03-24,44,1,9.37
603919,1买,2025-06-17,60,1,34.92
603919,2买,2025-12-04,60,1,34.23
603922,1买,2023-03-20,60,2,22.6
603922,2买,2023-06-27,60,1,10.93
603922,1买,2023-08-25,60,1,34.73
603922,2买,2023-12-27,60,1,20.53
603922,1买,2025-04-28,60,1,34.92
603927,1买,2022-09-21,60,1,52.05
603927,2买,2022-12-21,60,1,37.16
603927,3买,2023-05-25,60,1,24.66
603927,1买,2024-08-28,60,1,85.37
603927,2买,2025-01-08,60,1,30.3
603927,1买,2025-04-09,60,1,18.3
603927,3买,2025-04-09,60,1,18.3
603928,1买,2024-09-18,60,2,58.44
603928,2买,2025-01-06,60,1,114.08
603928,1买,2025-04-09,60,1,167.59
603928,3买,2025-04-09,60,1,167.59
603928,2买,2025-10-23,60,2,24.88
603928,1买,2026-03-24,44,1,25.61
603929,3买,2023-08-17,60,1,116.43
603929,3买,2025-01-06,60,1,51.44
603929,3买,2025-10-20,60,4,265.11
603931,3买,2022-12-23,60,1,33.95
603931,1买,2024-09-23,60,1,90.19
603931,2买,2025-01-06,60,1,64.68
603933,3买,2023-06-28,60,1,39.62
603933,1买,2023-08-17,60,1,32.01
603933,3买,2023-08-17,60,1,32.01
603933,3买,2025-06-16,60,2,22.82
603936,1买,2023-06-29,60,1,13.53
603936,1买,2025-04-09,60,1,86.18
603936,2买,2025-11-24,60,1,34.33
603936,2买,2026-02-02,60,1,76.9
603937,1买,2025-04-09,60,1,60.2
603937,2买,2025-06-23,60,1,46.44
603938,1买,2024-02-06,60,1,40.74
603938,1买,2024-09-18,60,1,41.7
603938,2买,2025-01-06,60,1,63.11
603938,2买,2025-09-23,60,1,83.26
603939,1买,2023-10-26,60,1,37.28
603939,2买,2023-12-07,60,9,24.52
603939,1买,2025-12-17,60,1,23.98
603948,1买,2023-06-12,60,11,51.26
603948,2买,2023-10-23,60,1,16.28
603948,1买,2024-02-06,60,1,59.34
603948,2买,2024-12-19,60,2,19.99
603948,1买,2025-01-17,60,4,14.4
603948,2买,2025-08-15,60,4,72.77
603948,3买,2025-12-17,60,3,27.7
603949,1买,2023-04-26,60,1,25.65
603949,2买,2023-08-02,60,3,74.66
603949,1买,2024-08-23,60,1,63.3
603949,2买,2025-01-06,60,1,174.1
603949,3买,2025-12-16,60,1,38.89
603949,1买,2026-03-04,58,4,39.21
603950,1买,2024-02-08,60,1,81.6
603950,2买,2024-04-17,60,1,32.03
603950,3买,2025-04-09,60,1,41.42
603955,1买,2023-06-27,60,1,25.99
603955,2买,2023-12-27,60,1,55.97
603955,1买,2024-02-08,60,1,70.96
603955,2买,2024-04-17,60,1,28.42
603955,1买,2024-07-18,60,1,35.87
603955,2买,2025-01-06,60,1,37.91
603955,1买,2025-04-09,60,1,176.03
603955,3买,2025-04-09,60,1,176.03
603955,2买,2025-06-26,60,1,50.17
603955,3买,2026-01-05,60,1,15.66
603956,1买,2022-12-29,60,1,35.17
603956,2买,2023-03-16,60,1,16.33
603956,1买,2023-06-28,60,1,24.33
603956,1买,2023-08-22,60,1,29.17
603956,1买,2025-06-23,60,1,17.92
603956,2买,2025-08-15,60,1,16.52
603958,3买,2023-12-28,60,1,125.09
603958,1买,2024-08-21,60,1,132.99
603958,2买,2024-11-29,60,1,88.15
603958,3买,2025-04-09,60,1,36.15
603959,1买,2023-01-13,60,3,24.68
603959,1买,2023-04-26,60,1,33.67
603959,3买,2025-05-12,60,1,90.59
603960,1买,2023-10-24,60,1,21.16
603960,1买,2024-01-24,60,1,295.84
603960,2买,2024-07-25,60,1,21.24
603960,2买,2024-07-25,60,1,21.24
603960,1买,2024-09-18,60,1,63.56
603960,2买,2025-01-06,60,1,51.34
603960,1买,2025-04-09,60,1,54.47
603960,2买,2025-09-04,60,1,19.4
603960,1买,2025-11-27,60,1,60.07
603966,1买,2025-04-09,60,1,63.08
603966,2买,2025-09-23,60,1,18.3
603966,1买,2025-12-17,60,2,42.91
603966,3买,2025-12-17,60,2,42.91
603967,1买,2022-10-11,60,1,33.03
603967,2买,2023-06-27,60,3,11.5
603969,3买,2024-01-10,60,1,18.25
603969,3买,2025-01-13,60,1,26.86
603970,1买,2023-04-25,60,1,22.46
603970,1买,2023-12-26,60,2,36.84
603970,1买,2024-02-07,60,1,50.68
603970,2买,2024-04-15,60,1,25.59
603970,2买,2024-04-15,60,1,25.59
603970,1买,2025-04-07,60,1,30.11
603970,2买,2025-06-23,60,4,11.49
603976,3买,2025-12-17,60,1,13.53
603977,1买,2022-12-30,60,1,22.57
603977,2买,2023-03-30,60,2,11.1
603977,1买,2023-04-26,60,1,17.01
603977,2买,2024-07-25,60,4,44.93
603977,1买,2024-09-10,60,1,71.89
603977,2买,2025-01-24,60,4,38.24
603977,3买,2025-01-24,60,4,38.24
603977,3买,2025-06-23,60,2,35.23
603977,1买,2026-04-28,20,1,18.96
603978,1买,2022-12-23,60,1,36.15
603978,2买,2023-04-06,60,2,7.29
603978,1买,2023-04-27,60,1,15.04
603978,1买,2025-04-09,60,1,82.88
603978,2买,2025-09-04,60,1,156.74
603978,2买,2026-03-05,57,1,48.14
603978,3买,2026-03-05,57,1,48.14
603979,1买,2023-07-10,60,1,38.54
603979,3买,2023-07-10,60,1,38.54
603979,2买,2023-11-08,60,4,18.83
603979,3买,2024-09-12,60,1,51.01
603979,1买,2025-01-02,60,1,38.32
603979,2买,2025-03-05,60,1,31.92
603980,3买,2025-08-29,60,3,29.98
603982,1买,2023-04-26,60,1,15.13
603982,1买,2023-06-12,60,1,30.11
603982,2买,2023-11-27,60,1,14.67
603982,2买,2023-11-27,60,1,14.67
603982,1买,2024-07-09,60,1,33.06
603982,1买,2024-09-18,60,1,54.52
603982,2买,2025-01-06,60,1,33.66
603982,1买,2025-04-09,60,1,92.77
603982,2买,2025-08-28,60,1,17.28
603982,2买,2025-08-28,60,1,17.28
603982,1买,2025-12-18,60,1,13.66
603983,1买,2022-09-26,60,1,83.84
603983,2买,2023-01-20,60,1,31.25
603983,3买,2023-04-24,60,1,23.17
603983,1买,2023-10-24,60,1,30.36
603983,2买,2023-12-27,60,1,41.45
603983,3买,2025-08-04,60,1,19.54
603985,1买,2022-12-23,60,1,33.41
603985,1买,2024-09-18,60,1,83.98
603986,1买,2023-08-25,60,1,24.71
603986,2买,2023-10-26,60,1,19.79
603986,3买,2025-07-17,60,1,106.14
603986,3买,2025-07-17,60,1,106.14
603987,1买,2023-08-29,60,1,18.65
603987,1买,2023-10-26,60,1,17.6
603987,1买,2024-07-09,60,1,38.79
603987,1买,2024-09-18,60,1,44.41
603987,2买,2025-01-13,60,1,16.74
603987,2买,2025-01-13,60,1,16.74
603987,1买,2025-04-09,60,1,28.08
603987,2买,2025-09-24,60,1,11.24
603987,3买,2025-09-24,60,1,11.24
603988,1买,2022-12-23,60,1,19.42
603988,2买,2023-04-25,60,1,38.38
603989,1买,2023-10-25,60,1,19.8
603989,1买,2024-06-11,60,1,14.95
603989,1买,2024-08-23,60,3,49.01
603989,2买,2024-11-27,60,1,21.24
603989,2买,2024-11-27,60,1,21.24
603989,1买,2025-01-06,60,1,26.43
603989,2买,2025-12-17,60,2,28.72
603989,1买,2026-03-24,44,1,147.87
603990,1买,2023-04-27,60,1,61.92
603990,2买,2023-06-15,60,1,32.96
603990,1买,2024-02-08,60,1,56.77
603990,2买,2024-04-17,60,1,30.45
603990,1买,2024-08-20,60,1,85.43
603990,2买,2024-11-19,60,1,70.17
603990,3买,2025-09-23,60,1,29.42
603991,1买,2023-08-29,60,1,89.88
603991,2买,2023-10-24,60,1,78.98
603991,1买,2024-05-14,60,1,61.22
603991,2买,2024-12-26,60,1,70.47
603991,1买,2025-04-09,60,1,71.37
603991,2买,2025-09-02,60,1,33.44
603991,1买,2025-09-23,60,1,36.76
603992,1买,2022-10-12,60,1,30.19
603992,1买,2023-10-24,60,1,64.63
603992,2买,2024-02-07,60,1,59.92
603992,2买,2024-06-07,60,2,20.86
603992,1买,2024-09-24,60,1,55.08
603992,2买,2025-01-06,60,1,52.88
603992,3买,2025-01-06,60,1,52.88
603993,3买,2024-09-12,60,2,47.38
603993,1买,2025-04-09,60,1,47.55
603993,2买,2025-05-30,60,2,69.66
603993,3买,2025-11-24,60,1,90.98
603995,1买,2023-10-23,60,2,22.7
603995,1买,2024-02-05,60,1,44.73
603998,1买,2022-09-26,60,1,83.78
603998,2买,2023-08-25,60,1,37.61
603998,3买,2023-12-28,60,1,18.81
603998,1买,2024-09-23,60,1,41.16
603998,1买,2025-04-09,60,1,33.53
603998,2买,2025-11-06,60,3,15.68
603998,2买,2025-11-06,60,3,15.68
603999,1买,2022-08-04,60,2,15.81
603999,2买,2022-12-23,60,1,25.58
603999,1买,2023-08-21,60,1,21.43
603999,3买,2023-08-21,60,1,21.43
603999,2买,2025-03-24,60,1,22.17
603999,1买,2025-04-09,60,1,28.73
603999,2买,2025-09-23,60,1,41.82
605001,1买,2022-09-19,60,1,117.75
605001,2买,2023-04-25,60,1,15.38
605001,1买,2023-10-23,60,1,21.06
605001,2买,2025-09-23,60,1,18.09
605001,3买,2025-09-23,60,1,18.09
605001,3买,2025-12-17,60,2,22.56
605003,1买,2024-09-18,60,1,49.15
605003,2买,2025-01-13,60,1,27.89
605003,1买,2025-04-09,60,1,52.31
605003,2买,2025-05-26,60,5,27.83
605005,1买,2023-05-05,60,1,47.14
605005,2买,2023-08-25,60,1,29.76
605005,1买,2025-04-09,60,1,96.97
605006,1买,2022-12-30,60,4,20.02
605006,1买,2023-10-24,60,1,15.62
605007,1买,2023-08-25,60,1,26.96
605007,1买,2024-09-18,60,1,44.43
605007,2买,2024-11-18,60,2,11.32
605007,1买,2025-01-13,60,1,15.75
605007,1买,2025-04-09,60,1,9.27
605007,2买,2025-10-20,60,3,36.57
605007,1买,2025-12-17,60,5,58.55
605007,2买,2026-03-30,40,2,23.76
605007,2买,2026-03-30,40,2,23.76
605008,1买,2023-03-20,60,2,10.89
605008,1买,2025-01-22,60,6,58.57
605008,2买,2025-04-09,60,1,43.12
605008,1买,2025-09-29,60,1,43.39
605009,3买,2023-04-14,60,1,35.85
605009,1买,2024-02-05,60,1,51.03
605009,2买,2024-04-12,60,1,34.2
605009,1买,2025-01-13,60,1,58.0
605009,2买,2025-06-30,60,1,11.83
605009,1买,2025-10-09,60,1,10.35
605009,1买,2026-03-24,44,1,8.11
605011,1买,2023-04-26,60,1,225.36
605011,2买,2023-12-11,60,1,44.95
605011,1买,2024-02-06,60,1,83.45
605011,2买,2024-08-29,60,1,42.54
605011,3买,2025-06-23,60,3,19.04
605011,1买,2025-12-16,60,4,12.46
605016,1买,2023-06-05,60,1,28.08
605016,2买,2024-02-06,60,1,32.46
605016,1买,2024-11-25,60,1,27.71
605016,2买,2025-01-15,60,3,38.93
605016,1买,2025-10-21,60,4,20.37
605016,2买,2026-03-23,45,1,29.56
605018,1买,2023-04-27,60,1,24.02
605018,2买,2023-10-24,60,1,45.26
605018,3买,2025-10-17,60,2,9.42
605018,1买,2025-12-17,60,2,21.7
605020,1买,2023-10-26,60,1,30.05
605020,2买,2025-11-05,60,1,21.13
605020,1买,2025-11-24,60,1,25.64
605028,1买,2023-04-25,60,2,58.41
605028,2买,2023-10-24,60,1,31.61
605028,1买,2024-08-29,60,1,117.21
605028,2买,2025-01-06,60,1,14.74
605028,1买,2025-04-09,60,1,66.31
605028,2买,2025-05-28,60,2,62.0
605028,3买,2025-05-28,60,2,62.0
605028,3买,2026-03-23,45,1,19.26
605028,1买,2026-05-18,9,1,14.93
605033,1买,2022-10-31,60,1,15.51
605033,1买,2022-12-30,60,12,14.51
605033,1买,2023-04-25,60,1,18.42
605033,2买,2023-10-23,60,1,15.1
605033,2买,2023-10-23,60,1,15.1
605033,1买,2024-09-19,60,1,49.54
605033,2买,2024-12-26,60,1,180.85
605033,2买,2025-10-20,60,1,18.48
605033,3买,2025-10-20,60,1,18.48
605033,1买,2025-11-25,60,1,79.65
605050,1买,2023-06-26,60,2,8.42
605050,1买,2024-08-23,60,1,37.27
605050,2买,2024-11-19,60,1,20.86
605050,2买,2025-12-17,60,3,18.55
605050,1买,2026-03-18,48,1,22.26
605055,1买,2025-04-09,60,1,172.3
605055,2买,2025-07-16,60,3,73.57
605055,3买,2025-07-16,60,3,73.57
605056,1买,2023-10-24,60,1,53.67
605056,1买,2024-08-20,60,1,59.21
605056,2买,2025-01-06,60,1,36.48
605056,2买,2025-01-06,60,1,36.48
605056,1买,2025-04-09,60,1,45.11
605056,2买,2025-09-04,60,2,47.81
605056,3买,2026-03-23,45,1,45.47
605058,1买,2024-09-18,60,1,36.79
605058,2买,2024-11-18,60,1,35.71
605058,1买,2025-01-06,60,1,55.63
605058,2买,2025-03-03,60,1,29.47
605058,3买,2025-10-20,60,1,29.27
605060,3买,2023-04-07,60,1,13.6
605060,1买,2024-09-18,60,1,56.82
605060,2买,2024-12-25,60,1,77.29
605060,3买,2026-01-07,60,1,112.64
605066,1买,2024-07-25,60,1,37.0
605066,2买,2024-09-24,60,1,30.12
605066,3买,2025-04-09,60,1,35.02
605066,3买,2025-09-24,60,4,16.9
605068,1买,2024-06-24,60,1,29.18
605068,1买,2024-09-18,60,1,39.75
605068,2买,2025-01-07,60,1,58.87
605068,2买,2025-12-02,60,1,27.13
605068,1买,2026-01-15,60,2,17.7
605069,1买,2023-06-26,60,3,91.93
605069,2买,2023-12-28,60,1,20.13
605069,1买,2024-02-08,60,1,88.62
605069,2买,2024-07-25,60,1,44.08
605069,3买,2025-09-24,60,1,32.31
605069,1买,2025-12-17,60,1,82.42
605069,2买,2026-04-07,35,1,55.07
605077,1买,2024-01-10,60,2,7.02
605080,1买,2022-10-31,60,1,22.43
605080,1买,2023-10-24,60,1,28.64
605080,1买,2023-12-27,60,1,40.17
605080,2买,2025-07-24,60,2,20.54
605080,2买,2025-07-24,60,2,20.54
605080,3买,2025-07-24,60,2,20.54
605086,1买,2025-04-09,60,1,30.67
605086,2买,2025-06-03,60,3,19.88
605086,3买,2025-06-03,60,3,19.88
605088,3买,2023-04-26,60,1,29.07
605088,1买,2024-08-23,60,1,60.67
605088,2买,2025-01-08,60,1,100.53
605088,3买,2025-04-09,60,1,67.36
605088,3买,2025-09-04,60,1,21.27
605088,1买,2025-11-21,60,1,41.88
605089,1买,2022-10-25,60,1,62.38
605089,1买,2023-10-26,60,1,29.09
605089,1买,2025-04-08,60,1,20.34
605089,2买,2025-06-19,60,1,18.87
605090,1买,2022-12-23,60,8,27.73
605090,2买,2023-03-29,60,2,12.55
605090,1买,2023-06-07,60,7,14.76
605090,2买,2023-08-14,60,1,17.76
605090,1买,2024-05-27,60,1,25.13
605090,2买,2024-10-31,60,1,18.6
605098,1买,2022-10-12,60,1,45.37
605098,2买,2023-04-18,60,1,26.82
605098,1买,2023-05-05,60,1,39.09
605098,3买,2023-05-05,60,1,39.09
605098,2买,2023-10-23,60,1,21.66
605098,1买,2024-02-06,60,1,69.59
605099,1买,2022-10-11,60,1,35.61
605099,2买,2022-12-23,60,2,20.01
605099,1买,2023-04-27,60,1,22.67
605099,2买,2023-06-12,60,1,22.61
605099,1买,2023-12-27,60,1,15.08
605099,2买,2025-02-19,60,1,19.28
605099,1买,2025-04-09,60,1,185.94
605099,2买,2025-07-24,60,2,31.67
605099,1买,2025-10-13,60,1,35.34
605099,3买,2025-10-13,60,1,35.34
605100,1买,2022-10-11,60,1,42.21
605100,2买,2023-04-26,60,2,44.81
605100,1买,2024-08-28,60,1,71.56
605100,2买,2025-01-13,60,1,172.85
605100,3买,2025-06-20,60,2,58.26
605100,3买,2025-06-20,60,2,58.26
605100,3买,2026-03-04,58,1,52.07
605108,1买,2023-05-19,60,1,18.17
605108,3买,2023-05-19,60,1,18.17
605108,1买,2025-04-08,60,1,29.35
605111,1买,2022-12-23,60,1,26.48
605111,1买,2023-10-19,60,1,40.17
605111,2买,2023-12-27,60,1,20.14
605111,1买,2024-02-06,60,1,59.53
605111,2买,2024-04-22,60,2,30.91
605111,1买,2025-01-08,60,1,22.02
605116,1买,2023-06-13,60,3,13.03
605116,3买,2023-06-13,60,3,13.03
605116,1买,2023-08-24,60,2,33.82
605116,2买,2023-12-25,60,4,7.33
605116,2买,2023-12-25,60,4,7.33
605116,1买,2025-01-10,60,1,19.11
605116,2买,2025-06-23,60,5,30.48
605116,1买,2025-12-17,60,4,65.41
605116,2买,2026-03-24,44,1,33.2
605117,1买,2024-06-12,60,1,64.84
605117,2买,2024-09-04,60,1,33.13
605117,1买,2024-09-24,60,1,35.5
605118,3买,2025-10-13,60,1,17.24
605118,3买,2025-10-13,60,1,17.24
605118,1买,2025-11-24,60,1,83.52
605118,3买,2025-11-24,60,1,83.52
605122,1买,2022-12-30,60,10,20.65
605122,1买,2023-06-26,60,5,14.13
605122,1买,2024-09-18,60,1,63.28
605122,2买,2025-01-06,60,1,40.68
605122,1买,2025-04-09,60,1,61.68
605122,2买,2025-09-23,60,1,19.49
605122,1买,2025-12-15,60,1,22.97
605123,1买,2023-10-24,60,1,24.96
605123,1买,2025-09-25,60,1,53.75
605123,3买,2025-09-25,60,1,53.75
605123,1买,2025-11-21,60,1,98.29
605123,2买,2026-03-24,44,1,39.84
605123,2买,2026-03-24,44,1,39.84
605128,1买,2023-05-10,60,1,47.12
605128,2买,2023-08-29,60,1,58.11
605128,1买,2024-07-25,60,1,76.56
605128,2买,2025-01-09,60,1,38.27
605128,3买,2025-04-09,60,1,45.06
605133,1买,2022-12-23,60,1,81.67
605133,2买,2023-04-25,60,1,43.55
605133,1买,2023-10-23,60,1,39.46
605133,1买,2024-08-23,60,1,67.43
605133,2买,2025-01-07,60,1,68.6
605133,2买,2025-07-15,60,1,81.31
605136,1买,2024-02-07,60,1,41.11
605136,2买,2024-11-01,60,1,54.69
605136,1买,2025-10-30,60,1,54.13
605138,1买,2023-10-23,60,1,16.07
605138,2买,2023-12-27,60,1,10.92
605138,1买,2025-04-09,60,1,80.08
605138,2买,2025-06-23,60,1,50.96
605138,3买,2025-06-23,60,1,50.96
605151,1买,2023-04-26,60,1,26.06
605151,2买,2023-08-25,60,1,32.22
605151,1买,2024-02-07,60,1,69.12
605151,2买,2024-06-25,60,1,12.06
605151,1买,2024-09-09,60,1,38.75
605151,2买,2024-11-27,60,1,24.45
605151,1买,2025-04-09,60,1,75.15
605151,2买,2025-06-23,60,1,43.02
605155,1买,2022-10-11,60,1,23.66
605162,1买,2024-02-08,60,1,92.18
605162,2买,2024-09-18,60,1,34.86
605162,1买,2025-12-17,60,2,36.06
605162,3买,2025-12-17,60,2,36.06
605162,2买,2026-02-03,60,4,71.62
605166,1买,2022-11-03,60,1,11.97
605166,1买,2022-12-23,60,1,17.36
605166,1买,2023-10-23,60,1,18.65
605166,2买,2023-12-27,60,1,11.77
605166,1买,2024-08-27,60,1,37.93
605166,1买,2024-09-18,60,1,51.87
605166,2买,2025-01-13,60,1,39.02
605166,2买,2025-01-13,60,1,39.02
605166,3买,2025-01-13,60,1,39.02
605166,3买,2025-06-23,60,1,25.48
605166,1买,2025-12-17,60,2,23.43
605167,3买,2023-05-15,60,2,30.75
605167,1买,2023-10-23,60,2,67.35
605167,1买,2023-12-26,60,2,69.18
605167,2买,2025-01-06,60,1,20.98
605167,2买,2025-01-06,60,1,20.98
605167,1买,2025-09-24,60,1,40.88
605167,3买,2025-09-24,60,1,40.88
605167,2买,2026-03-19,47,1,25.45
605167,1买,2026-05-26,3,1,14.18
605168,3买,2023-05-26,60,1,31.8
605168,1买,2024-07-25,60,1,56.96
605168,1买,2024-08-28,60,1,66.64
605168,2买,2025-01-13,60,1,24.09
605168,2买,2025-01-13,60,1,24.09
605168,1买,2025-04-09,60,1,50.69
605168,2买,2025-06-23,60,1,35.91
605169,1买,2022-10-31,60,2,20.56
605169,2买,2022-12-29,60,4,8.1
605169,1买,2023-04-26,60,3,12.69
605169,1买,2023-06-26,60,5,10.94
605169,2买,2023-12-12,60,1,6.68
605169,2买,2023-12-12,60,1,6.68
605169,1买,2024-07-25,60,1,49.93
605169,2买,2025-01-13,60,1,14.68
605169,1买,2025-04-09,60,1,64.2
605169,2买,2025-06-13,60,1,106.1
605177,1买,2025-04-09,60,1,40.54
605178,3买,2025-09-04,60,1,298.19
605179,1买,2024-09-18,60,1,322.85
605179,2买,2025-04-08,60,1,54.17
605179,3买,2025-04-08,60,1,54.17
605179,3买,2025-06-23,60,1,34.21
605180,1买,2023-04-26,60,1,26.03
605180,1买,2025-04-09,60,1,57.29
605180,2买,2025-06-23,60,1,37.53
605183,1买,2023-04-25,60,1,13.39
605183,1买,2024-02-06,60,1,86.54
605183,2买,2024-03-29,60,1,43.53
605183,1买,2025-01-13,60,3,15.72
605183,3买,2025-01-13,60,3,15.72
605183,1买,2025-04-09,60,1,37.28
605183,2买,2025-11-05,60,2,19.19
605183,2买,2025-11-05,60,2,19.19
605183,2买,2025-11-05,60,2,19.19
605186,1买,2024-09-18,60,1,73.59
605186,2买,2025-06-23,60,1,28.16
605188,1买,2023-04-25,60,1,67.56
605188,2买,2023-10-17,60,1,49.7
605188,3买,2023-10-17,60,1,49.7
605188,3买,2025-07-16,60,1,121.36
605188,3买,2026-03-23,45,1,17.81
605189,1买,2022-09-27,60,1,8.28
605189,1买,2022-12-30,60,15,31.6
605189,1买,2023-10-23,60,1,20.57
605189,2买,2023-12-28,60,2,7.05
605189,1买,2025-01-06,60,1,20.77
605189,1买,2025-04-09,60,1,45.25
605189,2买,2025-06-27,60,1,53.71
605189,2买,2025-06-27,60,1,53.71
605196,1买,2022-10-11,60,1,29.77
605196,2买,2022-12-23,60,1,19.37
605196,1买,2023-04-26,60,2,30.29
605196,2买,2023-10-19,60,1,20.03
605196,1买,2024-02-07,60,1,111.17
605196,2买,2024-09-18,60,3,79.64
605196,3买,2025-03-04,60,1,54.77
605208,1买,2023-06-08,60,2,22.4
605208,1买,2023-10-23,60,1,32.54
605208,1买,2024-09-18,60,1,52.75
605208,2买,2024-12-26,60,1,155.09
605208,2买,2025-04-21,60,1,57.56
605208,2买,2025-04-21,60,1,57.56
605208,3买,2025-04-21,60,1,57.56
605218,3买,2024-08-29,60,1,128.04
605218,1买,2025-12-17,60,1,18.86
605218,2买,2026-03-04,58,1,27.46
605222,1买,2024-02-05,60,1,43.07
605222,2买,2024-04-17,60,1,24.84
605222,1买,2025-04-09,60,1,13.32
605228,1买,2022-12-29,60,1,53.74
605228,2买,2023-04-13,60,2,56.69
605228,1买,2023-05-10,60,1,59.0
605228,2买,2024-04-17,60,1,35.54
605228,1买,2024-08-28,60,1,53.48
605228,2买,2024-11-01,60,1,53.5
605228,3买,2025-06-23,60,1,80.97
605228,1买,2026-03-16,50,1,28.57
605228,3买,2026-03-16,50,1,28.57
605255,1买,2022-12-29,60,1,22.75
605255,2买,2023-08-29,60,1,80.62
605255,3买,2023-12-27,60,1,32.61
605258,1买,2025-01-06,60,1,44.94
605258,2买,2025-03-03,60,1,16.81
605259,3买,2023-04-26,60,1,19.5
605259,1买,2025-04-09,60,1,66.85
605259,2买,2025-06-27,60,1,67.35
605266,1买,2022-09-26,60,1,139.71
605266,2买,2023-04-25,60,1,25.15
605266,3买,2023-04-25,60,1,25.15
605266,1买,2023-10-24,60,1,39.92
605266,2买,2023-12-25,60,1,11.88
605266,3买,2023-12-25,60,1,11.88
605266,1买,2024-09-18,60,1,71.36
605266,2买,2025-01-13,60,1,20.54
605266,1买,2025-04-09,60,1,32.01
605266,2买,2025-06-23,60,2,11.01
605266,1买,2025-12-17,60,1,11.2
605268,1买,2024-08-26,60,3,78.7
605268,2买,2024-12-25,60,1,20.95
605268,1买,2025-01-14,60,1,24.22
605268,3买,2025-01-14,60,1,24.22
605268,2买,2025-07-16,60,3,42.87
605268,3买,2025-09-23,60,1,17.14
605268,3买,2026-01-08,60,1,78.19
605268,1买,2026-03-04,58,1,80.98
605277,1买,2022-12-23,60,1,37.95
605277,2买,2023-05-10,60,4,53.87
605277,1买,2024-02-06,60,1,113.79
605277,2买,2024-04-16,60,1,46.51
605277,1买,2024-09-18,60,1,46.56
605277,2买,2024-11-18,60,1,57.01
605286,1买,2023-10-24,60,1,52.99
605286,1买,2024-08-23,60,1,75.9
605286,2买,2025-01-06,60,1,70.93
605286,2买,2025-01-06,60,1,70.93
605287,1买,2022-09-21,60,1,25.54
605287,1买,2023-04-25,60,1,19.47
605287,1买,2025-04-09,60,1,54.2
605287,2买,2025-06-23,60,1,72.04
605287,2买,2025-12-05,60,1,180.28
605287,2买,2025-12-05,60,1,180.28
605288,3买,2025-07-11,60,1,161.81
605289,1买,2025-01-14,60,1,30.71
605289,2买,2025-11-21,60,1,78.87
605296,3买,2024-07-29,60,1,18.21
605296,3买,2024-07-29,60,1,18.21
605298,1买,2022-10-11,60,1,20.74
605298,2买,2022-12-26,60,1,24.62
605298,1买,2023-08-25,60,1,23.69
605298,1买,2024-09-18,60,1,132.32
605298,2买,2025-01-06,60,1,54.99
605298,1买,2025-04-09,60,1,50.58
605298,3买,2025-04-09,60,1,50.58
605298,2买,2025-11-24,60,1,26.48
605299,1买,2023-10-23,60,1,18.02
605299,1买,2024-09-18,60,1,58.16
605299,2买,2025-04-09,60,1,58.7
605299,1买,2025-10-20,60,3,94.92
605299,3买,2025-10-20,60,3,94.92
605299,2买,2026-01-30,60,1,154.93
605299,2买,2026-01-30,60,1,154.93
605299,3买,2026-01-30,60,1,154.93
605299,3买,2026-05-26,3,1,11.09
605300,1买,2022-10-12,60,1,63.24
605300,2买,2023-01-20,60,1,40.49
605300,3买,2023-06-27,60,1,22.16
605300,1买,2023-11-13,60,1,15.13
605300,1买,2026-03-24,44,2,10.95
605303,1买,2023-04-26,60,1,23.12
605303,2买,2023-10-23,60,1,42.67
605303,1买,2024-09-18,60,1,79.23
605303,2买,2025-01-13,60,1,97.68
605303,3买,2026-01-05,60,1,16.08
605305,1买,2025-04-09,60,1,41.59
605305,2买,2025-08-29,60,1,37.25
605318,1买,2022-12-30,60,1,14.04
605318,2买,2024-03-28,60,1,21.75
605319,3买,2023-12-08,60,1,21.89
605333,1买,2023-05-10,60,1,30.85
605333,1买,2023-08-25,60,1,88.12
605333,2买,2024-02-05,60,1,116.42
605333,2买,2024-02-05,60,1,116.42
605333,3买,2024-06-07,60,2,15.63
605333,3买,2024-08-08,60,1,72.18
605333,1买,2025-04-09,60,1,30.37
605336,1买,2022-10-31,60,1,25.54
605336,2买,2022-11-28,60,1,36.29
605336,1买,2024-02-07,60,1,66.18
605336,2买,2024-07-09,60,1,20.54
605336,1买,2024-09-18,60,1,136.71
605336,2买,2025-04-09,60,1,44.43
605336,3买,2025-07-02,60,1,24.52
605336,3买,2025-07-02,60,1,24.52
605337,1买,2023-10-23,60,1,14.03
605337,1买,2025-11-25,60,4,27.56
605338,1买,2022-08-04,60,1,9.81
605338,1买,2022-09-26,60,1,36.09
605338,2买,2023-01-31,60,2,22.22
605338,2买,2023-01-31,60,2,22.22
605338,1买,2023-10-24,60,1,22.02
605338,1买,2024-08-23,60,2,43.93
605338,2买,2025-01-13,60,1,32.36
605338,3买,2025-06-23,60,2,38.04
605338,2买,2025-12-12,60,1,31.1
605338,3买,2026-03-13,51,3,11.77
605358,1买,2023-10-24,60,1,19.36
605358,1买,2025-04-09,60,1,35.79
605358,2买,2025-09-05,60,1,57.51
605358,2买,2026-03-24,44,1,89.05
605365,1买,2023-08-25,60,1,74.46
605365,2买,2023-12-26,60,2,42.1
605365,3买,2023-12-26,60,2,42.1
605365,1买,2024-02-06,60,1,54.16
605365,2买,2024-04-16,60,1,21.86
605366,1买,2022-12-23,60,1,28.48
605366,1买,2025-04-09,60,1,38.77
605368,3买,2024-05-09,60,2,12.12
605368,1买,2025-06-17,60,25,5.35
605368,2买,2025-09-05,60,12,5.07
605369,1买,2023-08-28,60,1,22.85
605369,2买,2023-10-23,60,1,19.92
605369,1买,2025-07-14,60,5,13.08
605369,1买,2025-09-05,60,1,9.1
605376,1买,2023-10-26,60,1,20.09
605376,1买,2024-02-06,60,1,84.18
605376,2买,2024-07-09,60,1,47.06
605376,1买,2024-08-29,60,1,69.73
605376,2买,2025-01-08,60,1,77.41
605376,2买,2025-04-09,60,1,62.96
605377,1买,2023-07-04,60,1,29.41
605377,2买,2023-12-27,60,1,23.15
605377,1买,2024-02-05,60,1,39.78
605378,1买,2025-06-20,60,1,85.32
605378,2买,2025-12-16,60,1,12.7
605378,1买,2026-03-04,58,2,12.82
605378,3买,2026-03-04,58,2,12.82
605388,1买,2023-10-24,60,1,20.86
605388,1买,2025-10-31,60,1,19.86
605389,1买,2023-04-25,60,1,30.04
605389,1买,2024-02-07,60,1,51.43
605389,2买,2024-03-28,60,1,19.86
605389,2买,2025-04-09,60,1,94.35
605389,3买,2025-09-05,60,1,77.25
605398,1买,2024-08-16,60,1,58.47
605398,2买,2024-11-04,60,1,86.69
605399,1买,2024-01-10,60,1,56.22
605399,1买,2024-09-18,60,1,55.31
605399,2买,2024-11-04,60,1,27.22
605399,1买,2025-04-09,60,1,37.07
605399,2买,2025-09-04,60,1,53.83
605399,2买,2025-09-04,60,1,53.83
605399,3买,2025-09-04,60,1,53.83
605399,1买,2025-09-24,60,1,61.76
605488,1买,2022-10-11,60,1,21.13
605488,2买,2022-12-29,60,1,15.99
605488,1买,2024-09-23,60,1,97.18
605488,2买,2025-07-11,60,1,42.37
605488,3买,2025-07-11,60,1,42.37
605499,3买,2023-10-23,60,2,14.66
605499,3买,2024-10-18,60,1,33.89
605499,1买,2025-09-23,60,1,12.25
605500,1买,2022-09-27,60,1,25.89
605500,2买,2022-12-30,60,2,15.49
605500,1买,2023-04-24,60,1,9.47
605500,1买,2024-07-09,60,1,36.35
605500,2买,2024-09-18,60,3,41.3
605500,3买,2025-03-05,60,8,9.38
605500,1买,2025-10-31,60,3,12.22
605500,3买,2025-10-31,60,3,12.22
605500,1买,2025-12-17,60,2,19.81
605500,2买,2026-02-03,60,3,10.22
605507,1买,2023-06-21,60,18,7.95
605507,1买,2023-08-25,60,1,8.41
605507,1买,2023-10-24,60,3,9.85
605507,2买,2024-11-04,60,1,18.98
605507,1买,2025-04-21,60,1,14.73
605507,2买,2025-09-03,60,1,10.96
605507,2买,2025-09-03,60,1,10.96
605507,2买,2025-09-03,60,1,10.96
605507,3买,2025-09-03,60,1,10.96
605507,1买,2025-09-23,60,5,12.96
605507,2买,2025-12-23,60,2,32.19
605555,1买,2023-04-26,60,1,11.3
605555,2买,2025-01-06,60,1,47.83
605555,1买,2025-06-23,60,1,27.08
605555,2买,2025-09-05,60,1,27.15
605566,1买,2022-12-30,60,3,21.01
605566,1买,2024-09-18,60,1,60.6
605566,2买,2024-12-25,60,1,25.9
605566,3买,2025-03-03,60,1,17.66
605566,2买,2025-12-19,60,1,27.42
605567,1买,2022-09-30,60,1,23.74
605567,2买,2023-03-21,60,5,13.0
605567,1买,2023-10-23,60,1,32.95
605567,1买,2026-03-23,45,1,16.55
605577,1买,2023-09-14,60,3,224.31
605577,2买,2024-02-08,60,1,51.22
605577,1买,2024-06-11,60,1,24.1
605577,3买,2024-06-11,60,1,24.1
605577,1买,2024-07-25,60,1,25.32
605577,1买,2024-09-03,60,2,54.4
605577,2买,2025-01-13,60,1,20.77
605577,1买,2025-04-09,60,1,27.03
605580,1买,2023-10-23,60,1,19.59
605588,3买,2023-12-26,60,1,19.13
605588,1买,2024-02-08,60,1,82.2
605589,1买,2023-10-26,60,2,18.67
605589,1买,2024-08-23,60,1,48.89
605589,2买,2025-01-08,60,1,48.13
605589,2买,2025-01-08,60,1,48.13
605598,1买,2022-08-29,60,2,88.84
605598,2买,2023-01-03,60,1,41.65
605598,3买,2023-03-31,60,2,107.82
605598,1买,2024-02-06,60,1,50.14
605598,2买,2024-04-16,60,1,58.69
605598,1买,2025-04-09,60,1,32.09
605598,2买,2025-06-23,60,1,60.77
605598,1买,2026-04-29,19,1,41.08
605599,1买,2023-09-07,60,6,13.15
605599,3买,2023-09-07,60,6,13.15
605599,2买,2023-10-26,60,1,16.13
605599,3买,2026-05-28,1,,3.38
