分组,方案,支持数,盈利覆盖率,非盈利覆盖率,提升度,条件内胜率,基线胜率,胜率增益,层级
全样本,多头排列,928,0.035,0.0479,0.731,0.3534,0.428,-0.0745,L1
全样本,空头排列,14638,0.6978,0.6456,1.081,0.4471,0.428,0.0192,L1
全样本,趋势多头,2478,0.0914,0.1293,0.707,0.3458,0.428,-0.0821,L1
全样本,趋势空头,15208,0.7235,0.6718,1.077,0.4462,0.428,0.0182,L1
全样本,上升中回调,3906,0.1277,0.216,0.591,0.3067,0.428,-0.1213,L1
全样本,突破前高,222,0.0101,0.0101,1.0,0.4279,0.428,-0.0,L1
全样本,站上MA5,20316,0.9352,0.9209,1.015,0.4317,0.428,0.0038,L1
全样本,站上MA13,8863,0.3766,0.4253,0.886,0.3985,0.428,-0.0295,L1
全样本,站上MA34,4864,0.197,0.2406,0.819,0.3799,0.428,-0.048,L1
全样本,站上MA55,5500,0.2077,0.2833,0.733,0.3542,0.428,-0.0738,L1
全样本,站上MA89,6679,0.227,0.363,0.625,0.3188,0.428,-0.1092,L1
全样本,站上MA144,8566,0.2919,0.4649,0.628,0.3196,0.428,-0.1083,L1
全样本,站上MA233,9637,0.3475,0.5088,0.683,0.3382,0.428,-0.0898,L1
全样本,斐波短中多头,1122,0.0405,0.0592,0.685,0.3387,0.428,-0.0893,L1
全样本,斐波长多头,5910,0.2067,0.3168,0.653,0.3281,0.428,-0.0999,L1
全样本,斐波全多头,419,0.0133,0.0235,0.568,0.2983,0.428,-0.1296,L1
全样本,MA55上穿MA89,485,0.0239,0.0208,1.147,0.4619,0.428,0.0339,L1
全样本,放量,15281,0.745,0.6616,1.126,0.4572,0.428,0.0293,L1
全样本,缩量,19669,0.8662,0.9209,0.941,0.413,0.428,-0.0149,L1
全样本,量比大于1,19920,0.9252,0.8969,1.032,0.4356,0.428,0.0076,L1
全样本,量比大于1_3,14505,0.7042,0.6302,1.118,0.4554,0.428,0.0274,L1
全样本,量比大于2,5493,0.288,0.2227,1.293,0.4917,0.428,0.0637,L1
全样本,量能递增,11958,0.6013,0.504,1.193,0.4717,0.428,0.0437,L1
全样本,价涨量增,12733,0.6259,0.5475,1.143,0.461,0.428,0.033,L1
全样本,价涨量缩,16272,0.7218,0.758,0.952,0.4161,0.428,-0.0119,L1
全样本,MACD_DIF大于0,4400,0.1682,0.2251,0.747,0.3586,0.428,-0.0693,L1
全样本,MACD金叉态,6472,0.2827,0.3048,0.927,0.4096,0.428,-0.0184,L1
全样本,MACD柱递增,19636,0.9036,0.8903,1.015,0.4316,0.428,0.0036,L1
全样本,MACD零轴上金叉,512,0.0204,0.0256,0.795,0.373,0.428,-0.0549,L1
全样本,MACD底背离,10928,0.4345,0.5467,0.795,0.3729,0.428,-0.0551,L1
全样本,BOLL收上中轨,6263,0.2597,0.3053,0.851,0.389,0.428,-0.039,L1
全样本,BOLL突破上轨,834,0.0353,0.0401,0.88,0.3969,0.428,-0.0311,L1
全样本,BOLL触下轨反弹,14371,0.6864,0.6328,1.085,0.448,0.428,0.02,L1
全样本,BOLL开口扩张,20149,0.9342,0.9083,1.028,0.4349,0.428,0.0069,L1
全样本,KDJ金叉态,18761,0.8721,0.8441,1.033,0.436,0.428,0.008,L1
全样本,KDJ_J超卖,20224,0.9338,0.9146,1.021,0.433,0.428,0.0051,L1
全样本,KDJ低位金叉,10793,0.5292,0.4651,1.138,0.4598,0.428,0.0319,L1
全样本,KDJ_D小于30,16651,0.7769,0.747,1.04,0.4376,0.428,0.0097,L1
全样本,RSI6大于50,10686,0.4592,0.5089,0.902,0.4031,0.428,-0.0249,L1
全样本,RSI金叉,16752,0.7711,0.7594,1.015,0.4317,0.428,0.0037,L1
全样本,RSI6超卖,18340,0.8739,0.8092,1.08,0.4469,0.428,0.0189,L1
全样本,RSI底背离,9674,0.4146,0.4615,0.899,0.402,0.428,-0.026,L1
全样本,威科夫得分大于4,2849,0.104,0.1495,0.695,0.3422,0.428,-0.0857,L1
全样本,威科夫得分大于7,1069,0.0384,0.0566,0.679,0.3368,0.428,-0.0912,L1
全样本,积累阶段,8251,0.3074,0.4282,0.718,0.3494,0.428,-0.0786,L1
全样本,威科夫B3弹簧,214,0.0074,0.0116,0.636,0.3224,0.428,-0.1055,L1
全样本,威科夫B1突破,144,0.0063,0.0068,0.928,0.4097,0.428,-0.0182,L1
全样本,黄金柱,1006,0.0393,0.0508,0.774,0.3668,0.428,-0.0612,L1
全样本,量能金叉,4408,0.2382,0.1734,1.373,0.5068,0.428,0.0788,L1
全样本,六脉红灯大于5,14063,0.6241,0.6549,0.953,0.4162,0.428,-0.0118,L1
全样本,六脉红灯大于6,9065,0.3962,0.4267,0.929,0.4099,0.428,-0.018,L1
全样本,六脉6红首发,9065,0.3962,0.4267,0.929,0.4099,0.428,-0.018,L1
全样本,六脉5红首发,14063,0.6241,0.6549,0.953,0.4162,0.428,-0.0118,L1
全样本,偏多共振,2327,0.0881,0.1197,0.736,0.355,0.428,-0.073,L1
全样本,多头共振,2319,0.088,0.1192,0.738,0.3558,0.428,-0.0722,L1
全样本,火箭信号,1372,0.0748,0.0534,1.4,0.5117,0.428,0.0837,L1
全样本,二连板,113,0.0068,0.0039,1.746,0.5664,0.428,0.1384,L1
全样本,二次涨停,143,0.0066,0.0065,1.023,0.4336,0.428,0.0056,L1
全样本,纳财,75,0.0027,0.004,0.668,0.3333,0.428,-0.0946,L1
全样本,极限抄底,1454,0.0977,0.0429,2.276,0.63,0.428,0.202,L1
全样本,中枢进机会区,9116,0.4475,0.3924,1.14,0.4604,0.428,0.0324,L1
全样本,中枢极限底,11180,0.5514,0.4793,1.151,0.4626,0.428,0.0346,L1
全样本,中枢上穿中轴,3826,0.1774,0.1725,1.029,0.4349,0.428,0.0069,L1
全样本,中枢底部蓄力,15694,0.7141,0.7176,0.995,0.4268,0.428,-0.0012,L1
全样本,中枢底部回升,18492,0.8803,0.8165,1.078,0.4465,0.428,0.0185,L1
全样本,大盘多头,6518,0.2025,0.3685,0.55,0.2913,0.428,-0.1366,L1
全样本,大盘空头,10176,0.4953,0.4412,1.122,0.4565,0.428,0.0285,L1
全样本,大盘安全,10204,0.3677,0.5388,0.682,0.338,0.428,-0.09,L1
全样本,SID等于1,6518,0.2025,0.3685,0.55,0.2913,0.428,-0.1366,L1
全样本,SID等于2,14028,0.6348,0.6441,0.986,0.4244,0.428,-0.0035,L1
全样本,SID小于等于2,15877,0.681,0.757,0.9,0.4023,0.428,-0.0257,L1
全样本,大盘5日上涨,14409,0.5816,0.7143,0.814,0.3786,0.428,-0.0494,L1
全样本,相对强弱大于0,8489,0.3803,0.3926,0.969,0.4202,0.428,-0.0078,L1
全样本,相对强弱大于5,1908,0.0868,0.0873,0.995,0.4266,0.428,-0.0013,L1
全样本,量比>=1.3,4552,0.2639,0.1657,1.593,0.5437,0.428,0.1157,L1
全样本,量比>=2,784,0.0422,0.031,1.364,0.5051,0.428,0.0771,L1
全样本,距前高<=10%,1866,0.0713,0.0955,0.747,0.3585,0.428,-0.0695,L1
全样本,深跌(距前高>40%),1068,0.0563,0.0431,1.307,0.4944,0.428,0.0664,L1
全样本,距前低<=10%,15353,0.7035,0.6984,1.007,0.4298,0.428,0.0018,L1
全样本,相对强弱>=0,1871,0.0844,0.0861,0.981,0.4233,0.428,-0.0047,L1
全样本,相对强弱>=5,149,0.0066,0.0069,0.953,0.4161,0.428,-0.0119,L1
全样本,多头排列 + 趋势多头,672,0.0245,0.0353,0.696,0.3423,0.428,-0.0857,L2
全样本,多头排列 + 趋势空头,64,0.0036,0.0024,1.515,0.5312,0.428,0.1033,L2
全样本,多头排列 + 上升中回调,709,0.0231,0.0392,0.59,0.3061,0.428,-0.1219,L2
全样本,多头排列 + 突破前高,89,0.0042,0.004,1.043,0.4382,0.428,0.0102,L2
全样本,多头排列 + 站上MA5,815,0.03,0.0426,0.703,0.3448,0.428,-0.0832,L2
全样本,多头排列 + 站上MA13,629,0.0226,0.0333,0.68,0.337,0.428,-0.0909,L2
全样本,多头排列 + 站上MA34,766,0.0277,0.0404,0.687,0.3394,0.428,-0.0885,L2
全样本,多头排列 + 站上MA55,843,0.03,0.0448,0.668,0.3333,0.428,-0.0946,L2
全样本,多头排列 + 站上MA89,846,0.0297,0.0452,0.658,0.3298,0.428,-0.0982,L2
全样本,多头排列 + 站上MA144,803,0.0284,0.0428,0.662,0.3313,0.428,-0.0967,L2
全样本,多头排列 + 站上MA233,745,0.0262,0.0398,0.659,0.3302,0.428,-0.0978,L2
全样本,多头排列 + 斐波短中多头,671,0.0258,0.0342,0.754,0.3607,0.428,-0.0673,L2
全样本,多头排列 + 斐波长多头,379,0.0128,0.0207,0.619,0.3166,0.428,-0.1113,L2
全样本,多头排列 + 斐波全多头,256,0.009,0.0137,0.653,0.3281,0.428,-0.0998,L2
全样本,多头排列 + 放量,670,0.0251,0.0347,0.722,0.3507,0.428,-0.0772,L2
全样本,多头排列 + 缩量,828,0.0304,0.0433,0.702,0.3442,0.428,-0.0838,L2
全样本,多头排列 + 量比大于1,769,0.0277,0.0406,0.683,0.3381,0.428,-0.0899,L2
全样本,多头排列 + 量比大于1_3,540,0.0194,0.0286,0.68,0.337,0.428,-0.0909,L2
全样本,多头排列 + 量比大于2,252,0.0097,0.0128,0.755,0.3611,0.428,-0.0669,L2
全样本,多头排列 + 量能递增,666,0.0273,0.0327,0.835,0.3844,0.428,-0.0436,L2
全样本,多头排列 + 价涨量增,528,0.0196,0.0274,0.715,0.3485,0.428,-0.0795,L2
全样本,多头排列 + 价涨量缩,730,0.0276,0.0376,0.735,0.3548,0.428,-0.0732,L2
全样本,多头排列 + MACD_DIF大于0,910,0.0347,0.0467,0.743,0.3571,0.428,-0.0708,L2
全样本,多头排列 + MACD金叉态,417,0.0178,0.0199,0.893,0.4005,0.428,-0.0275,L2
全样本,多头排列 + MACD柱递增,575,0.0197,0.0311,0.634,0.3217,0.428,-0.1062,L2
全样本,多头排列 + MACD零轴上金叉,204,0.0079,0.0104,0.761,0.3627,0.428,-0.0652,L2
全样本,多头排列 + MACD底背离,192,0.0064,0.0105,0.608,0.3125,0.428,-0.1155,L2
全样本,多头排列 + BOLL收上中轨,682,0.0248,0.0358,0.694,0.3416,0.428,-0.0863,L2
全样本,多头排列 + BOLL突破上轨,191,0.0068,0.0101,0.674,0.3351,0.428,-0.0929,L2
全样本,多头排列 + BOLL触下轨反弹,542,0.0218,0.027,0.807,0.3764,0.428,-0.0516,L2
全样本,多头排列 + BOLL开口扩张,783,0.0304,0.0397,0.765,0.364,0.428,-0.064,L2
全样本,多头排列 + KDJ金叉态,539,0.0198,0.0282,0.704,0.3451,0.428,-0.0829,L2
全样本,多头排列 + KDJ_J超卖,792,0.0304,0.0404,0.751,0.3598,0.428,-0.0681,L2
全样本,多头排列 + KDJ_D小于30,117,0.0049,0.0057,0.866,0.3932,0.428,-0.0348,L2
全样本,多头排列 + RSI6大于50,676,0.0241,0.0359,0.671,0.3343,0.428,-0.0937,L2
全样本,多头排列 + RSI金叉,562,0.0209,0.0292,0.716,0.3488,0.428,-0.0792,L2
全样本,多头排列 + RSI6超卖,450,0.0189,0.0218,0.867,0.3933,0.428,-0.0346,L2
全样本,多头排列 + RSI底背离,96,0.0039,0.0047,0.838,0.3854,0.428,-0.0426,L2
全样本,多头排列 + 威科夫得分大于4,770,0.0296,0.0392,0.755,0.361,0.428,-0.0669,L2
全样本,多头排列 + 威科夫得分大于7,489,0.0179,0.0256,0.7,0.3436,0.428,-0.0844,L2
全样本,多头排列 + 积累阶段,131,0.0058,0.0061,0.937,0.4122,0.428,-0.0158,L2
全样本,多头排列 + 黄金柱,69,0.0031,0.0032,0.969,0.4203,0.428,-0.0077,L2
全样本,多头排列 + 量能金叉,208,0.0069,0.0114,0.608,0.3125,0.428,-0.1155,L2
全样本,多头排列 + 六脉红灯大于5,452,0.0176,0.0229,0.768,0.365,0.428,-0.0629,L2
全样本,多头排列 + 六脉红灯大于6,345,0.0124,0.0183,0.677,0.3362,0.428,-0.0917,L2
全样本,多头排列 + 六脉6红首发,345,0.0124,0.0183,0.677,0.3362,0.428,-0.0917,L2
全样本,多头排列 + 六脉5红首发,452,0.0176,0.0229,0.768,0.365,0.428,-0.0629,L2
全样本,多头排列 + 偏多共振,559,0.0195,0.03,0.651,0.3274,0.428,-0.1006,L2
全样本,多头排列 + 多头共振,558,0.0195,0.0299,0.652,0.328,0.428,-0.1,L2
全样本,多头排列 + 火箭信号,132,0.006,0.0061,0.985,0.4242,0.428,-0.0037,L2
全样本,多头排列 + 中枢进机会区,284,0.0136,0.0124,1.097,0.4507,0.428,0.0227,L2
全样本,多头排列 + 中枢极限底,133,0.0074,0.0051,1.441,0.5188,0.428,0.0908,L2
全样本,多头排列 + 中枢上穿中轴,418,0.0148,0.0223,0.666,0.3325,0.428,-0.0954,L2
全样本,多头排列 + 中枢底部蓄力,92,0.0034,0.0048,0.713,0.3478,0.428,-0.0801,L2
全样本,多头排列 + 中枢底部回升,300,0.0136,0.0137,0.995,0.4267,0.428,-0.0013,L2
全样本,多头排列 + 大盘多头,540,0.0166,0.0306,0.543,0.2889,0.428,-0.1391,L2
全样本,多头排列 + 大盘空头,193,0.006,0.0109,0.546,0.2902,0.428,-0.1378,L2
全样本,多头排列 + 大盘安全,620,0.0197,0.0347,0.568,0.2984,0.428,-0.1296,L2
全样本,多头排列 + SID等于1,540,0.0166,0.0306,0.543,0.2889,0.428,-0.1391,L2
全样本,多头排列 + SID等于2,649,0.0276,0.0311,0.888,0.3991,0.428,-0.0289,L2
全样本,多头排列 + SID小于等于2,820,0.0318,0.0416,0.763,0.3634,0.428,-0.0646,L2
全样本,多头排列 + 大盘5日上涨,598,0.0188,0.0337,0.557,0.2943,0.428,-0.1337,L2
全样本,多头排列 + 相对强弱大于0,742,0.0295,0.0371,0.796,0.3733,0.428,-0.0547,L2
全样本,多头排列 + 相对强弱大于5,323,0.0133,0.0158,0.844,0.387,0.428,-0.041,L2
全样本,多头排列 + 量比>=1.3,128,0.0057,0.006,0.945,0.4141,0.428,-0.0139,L2
全样本,多头排列 + 距前高<=10%,276,0.0092,0.0152,0.605,0.3116,0.428,-0.1164,L2
全样本,多头排列 + 距前低<=10%,233,0.01,0.0111,0.904,0.4034,0.428,-0.0245,L2
全样本,多头排列 + 相对强弱>=0,226,0.0084,0.0117,0.718,0.3496,0.428,-0.0784,L2
全样本,空头排列 + 趋势多头,57,0.0034,0.002,1.711,0.5614,0.428,0.1334,L2
全样本,空头排列 + 趋势空头,14598,0.6963,0.6435,1.082,0.4474,0.428,0.0194,L2
全样本,空头排列 + 站上MA5,13608,0.6556,0.595,1.102,0.4519,0.428,0.0239,L2
全样本,空头排列 + 站上MA13,5688,0.2583,0.2604,0.992,0.426,0.428,-0.002,L2
全样本,空头排列 + 站上MA34,1682,0.0796,0.0746,1.068,0.4441,0.428,0.0161,L2
全样本,空头排列 + 站上MA55,997,0.0485,0.0432,1.122,0.4564,0.428,0.0284,L2
全样本,空头排列 + 站上MA89,1610,0.0561,0.0865,0.649,0.3267,0.428,-0.1013,L2
全样本,空头排列 + 站上MA144,3454,0.1121,0.1917,0.585,0.3043,0.428,-0.1237,L2
全样本,空头排列 + 站上MA233,4627,0.1607,0.2489,0.646,0.3257,0.428,-0.1023,L2
全样本,空头排列 + 斐波长多头,3067,0.1037,0.167,0.621,0.3172,0.428,-0.1107,L2
全样本,空头排列 + MA55上穿MA89,171,0.0083,0.0074,1.121,0.4561,0.428,0.0282,L2
全样本,空头排列 + 放量,10782,0.5428,0.454,1.196,0.4722,0.428,0.0442,L2
全样本,空头排列 + 缩量,12927,0.5903,0.5896,1.001,0.4283,0.428,0.0003,L2
全样本,空头排列 + 量比大于1,13549,0.657,0.5893,1.115,0.4548,0.428,0.0268,L2
全样本,空头排列 + 量比大于1_3,10058,0.5073,0.4228,1.2,0.4731,0.428,0.0451,L2
全样本,空头排列 + 量比大于2,3748,0.2047,0.1458,1.404,0.5123,0.428,0.0843,L2
全样本,空头排列 + 量能递增,8396,0.4334,0.3455,1.255,0.4842,0.428,0.0562,L2
全样本,空头排列 + 价涨量增,9092,0.4676,0.3754,1.246,0.4824,0.428,0.0544,L2
全样本,空头排列 + 价涨量缩,10607,0.4865,0.4821,1.009,0.4302,0.428,0.0022,L2
全样本,空头排列 + MACD_DIF大于0,264,0.0144,0.0103,1.399,0.5114,0.428,0.0834,L2
全样本,空头排列 + MACD金叉态,5128,0.2252,0.2406,0.936,0.4119,0.428,-0.0161,L2
全样本,空头排列 + MACD柱递增,13461,0.6462,0.5903,1.095,0.4503,0.428,0.0223,L2
全样本,空头排列 + MACD底背离,8872,0.3704,0.4306,0.86,0.3916,0.428,-0.0364,L2
全样本,空头排列 + BOLL收上中轨,3431,0.1539,0.1586,0.97,0.4206,0.428,-0.0074,L2
全样本,空头排列 + BOLL突破上轨,364,0.0175,0.016,1.096,0.4505,0.428,0.0226,L2
全样本,空头排列 + BOLL触下轨反弹,9779,0.4883,0.4147,1.177,0.4684,0.428,0.0404,L2
全样本,空头排列 + BOLL开口扩张,13300,0.6452,0.5783,1.116,0.455,0.428,0.027,L2
全样本,空头排列 + KDJ金叉态,13019,0.6315,0.566,1.116,0.455,0.428,0.027,L2
全样本,空头排列 + KDJ_J超卖,13597,0.6538,0.5955,1.098,0.451,0.428,0.023,L2
全样本,空头排列 + KDJ低位金叉,8242,0.4176,0.345,1.211,0.4752,0.428,0.0473,L2
全样本,空头排列 + KDJ_D小于30,12163,0.59,0.5288,1.116,0.455,0.428,0.027,L2
全样本,空头排列 + RSI6大于50,6824,0.3126,0.3105,1.007,0.4297,0.428,0.0017,L2
全样本,空头排列 + RSI金叉,12273,0.5901,0.5375,1.098,0.451,0.428,0.023,L2
全样本,空头排列 + RSI6超卖,13049,0.6345,0.5662,1.121,0.4561,0.428,0.0281,L2
全样本,空头排列 + RSI底背离,8029,0.3553,0.3747,0.948,0.415,0.428,-0.013,L2
全样本,空头排列 + 威科夫得分大于4,505,0.0176,0.0271,0.649,0.3267,0.428,-0.1012,L2
全样本,空头排列 + 威科夫得分大于7,134,0.0046,0.0073,0.632,0.3209,0.428,-0.1071,L2
全样本,空头排列 + 积累阶段,6054,0.2201,0.3183,0.691,0.3409,0.428,-0.087,L2
全样本,空头排列 + 威科夫B3弹簧,202,0.0068,0.011,0.62,0.3168,0.428,-0.1111,L2
全样本,空头排列 + 威科夫B1突破,109,0.0048,0.0051,0.94,0.4128,0.428,-0.0151,L2
全样本,空头排列 + 黄金柱,657,0.0264,0.0326,0.81,0.3775,0.428,-0.0505,L2
全样本,空头排列 + 量能金叉,2928,0.1672,0.1085,1.541,0.5355,0.428,0.1075,L2
全样本,空头排列 + 六脉红灯大于5,10265,0.4797,0.46,1.043,0.4383,0.428,0.0103,L2
全样本,空头排列 + 六脉红灯大于6,6303,0.2908,0.2853,1.019,0.4327,0.428,0.0047,L2
全样本,空头排列 + 六脉6红首发,6303,0.2908,0.2853,1.019,0.4327,0.428,0.0047,L2
全样本,空头排列 + 六脉5红首发,10265,0.4797,0.46,1.043,0.4383,0.428,0.0103,L2
全样本,空头排列 + 偏多共振,192,0.0083,0.0091,0.915,0.4062,0.428,-0.0217,L2
全样本,空头排列 + 多头共振,190,0.0083,0.0089,0.931,0.4105,0.428,-0.0174,L2
全样本,空头排列 + 火箭信号,820,0.0487,0.029,1.683,0.5573,0.428,0.1293,L2
全样本,空头排列 + 二连板,74,0.0047,0.0024,1.96,0.5946,0.428,0.1666,L2
全样本,空头排列 + 纳财,50,0.0019,0.0026,0.752,0.36,0.428,-0.068,L2
全样本,空头排列 + 极限抄底,1207,0.0785,0.0376,2.089,0.6098,0.428,0.1818,L2
全样本,空头排列 + 中枢进机会区,5660,0.2757,0.2452,1.124,0.4569,0.428,0.0289,L2
全样本,空头排列 + 中枢极限底,8753,0.4224,0.3822,1.105,0.4526,0.428,0.0247,L2
全样本,空头排列 + 中枢上穿中轴,1731,0.0923,0.069,1.338,0.5003,0.428,0.0723,L2
全样本,空头排列 + 中枢底部蓄力,13089,0.6106,0.5873,1.04,0.4375,0.428,0.0096,L2
全样本,空头排列 + 中枢底部回升,14147,0.6738,0.6244,1.079,0.4467,0.428,0.0188,L2
全样本,空头排列 + 大盘多头,3202,0.1,0.1806,0.554,0.2929,0.428,-0.135,L2
全样本,空头排列 + 大盘空头,8418,0.4271,0.3519,1.214,0.4759,0.428,0.0479,L2
全样本,空头排列 + 大盘安全,6172,0.24,0.3128,0.767,0.3647,0.428,-0.0633,L2
全样本,空头排列 + SID等于1,3202,0.1,0.1806,0.554,0.2929,0.428,-0.135,L2
全样本,空头排列 + SID等于2,8657,0.3958,0.3945,1.003,0.4288,0.428,0.0008,L2
全样本,空头排列 + SID小于等于2,9551,0.4196,0.448,0.937,0.412,0.428,-0.016,L2
全样本,空头排列 + 大盘5日上涨,9668,0.423,0.4548,0.93,0.4103,0.428,-0.0176,L2
全样本,空头排列 + 相对强弱大于0,5353,0.254,0.237,1.072,0.445,0.428,0.017,L2
全样本,空头排列 + 相对强弱大于5,1011,0.0472,0.0453,1.042,0.4382,0.428,0.0102,L2
全样本,空头排列 + 量比>=1.3,3317,0.1965,0.1176,1.671,0.5556,0.428,0.1277,L2
全样本,空头排列 + 量比>=2,540,0.0295,0.021,1.408,0.513,0.428,0.085,L2
全样本,空头排列 + 距前高<=10%,470,0.0191,0.0232,0.822,0.3809,0.428,-0.0471,L2
全样本,空头排列 + 深跌(距前高>40%),959,0.0522,0.0374,1.396,0.5109,0.428,0.083,L2
全样本,空头排列 + 距前低<=10%,12679,0.576,0.5805,0.992,0.4261,0.428,-0.0019,L2
全样本,空头排列 + 相对强弱>=0,1130,0.0531,0.0504,1.053,0.4407,0.428,0.0127,L2
全样本,空头排列 + 相对强弱>=5,62,0.0025,0.0031,0.788,0.371,0.428,-0.057,L2
全样本,趋势多头 + 趋势空头,117,0.0062,0.0047,1.314,0.4957,0.428,0.0678,L2
全样本,趋势多头 + 上升中回调,1789,0.0598,0.098,0.611,0.3136,0.428,-0.1144,L2
全样本,趋势多头 + 突破前高,191,0.0088,0.0086,1.027,0.4346,0.428,0.0066,L2
全样本,趋势多头 + 站上MA5,2403,0.0886,0.1254,0.707,0.3458,0.428,-0.0822,L2
全样本,趋势多头 + 站上MA13,2315,0.0854,0.1208,0.707,0.346,0.428,-0.082,L2
全样本,趋势多头 + 站上MA34,2265,0.0861,0.1162,0.741,0.3567,0.428,-0.0712,L2
全样本,趋势多头 + 站上MA55,2462,0.0912,0.1282,0.711,0.3473,0.428,-0.0807,L2
全样本,趋势多头 + 站上MA89,2328,0.0841,0.1228,0.685,0.3389,0.428,-0.0891,L2
全样本,趋势多头 + 站上MA144,2135,0.0772,0.1126,0.686,0.3391,0.428,-0.0889,L2
全样本,趋势多头 + 站上MA233,1933,0.0698,0.1019,0.685,0.3389,0.428,-0.0891,L2
全样本,趋势多头 + 斐波短中多头,771,0.0259,0.0421,0.615,0.3152,0.428,-0.1128,L2
全样本,趋势多头 + 斐波长多头,869,0.0276,0.0487,0.568,0.298,0.428,-0.1299,L2
全样本,趋势多头 + 斐波全多头,290,0.0083,0.0169,0.492,0.269,0.428,-0.159,L2
全样本,趋势多头 + MA55上穿MA89,121,0.0048,0.0061,0.791,0.3719,0.428,-0.0561,L2
全样本,趋势多头 + 放量,2109,0.0784,0.1096,0.715,0.3485,0.428,-0.0795,L2
全样本,趋势多头 + 缩量,2204,0.078,0.1174,0.665,0.3321,0.428,-0.0958,L2
全样本,趋势多头 + 量比大于1,2386,0.0872,0.1251,0.697,0.3428,0.428,-0.0851,L2
全样本,趋势多头 + 量比大于1_3,1982,0.0736,0.1031,0.714,0.3481,0.428,-0.0798,L2
全样本,趋势多头 + 量比大于2,1000,0.0412,0.049,0.84,0.386,0.428,-0.042,L2
全样本,趋势多头 + 量能递增,1548,0.0626,0.0767,0.816,0.3792,0.428,-0.0488,L2
全样本,趋势多头 + 价涨量增,1972,0.0741,0.1019,0.727,0.3524,0.428,-0.0755,L2
全样本,趋势多头 + 价涨量缩,1725,0.0625,0.0909,0.688,0.3397,0.428,-0.0883,L2
全样本,趋势多头 + MACD_DIF大于0,1970,0.0715,0.1036,0.69,0.3406,0.428,-0.0874,L2
全样本,趋势多头 + MACD金叉态,850,0.0357,0.0411,0.869,0.3941,0.428,-0.0339,L2
全样本,趋势多头 + MACD柱递增,2169,0.0792,0.1138,0.696,0.3426,0.428,-0.0854,L2
全样本,趋势多头 + MACD零轴上金叉,462,0.0186,0.023,0.808,0.3766,0.428,-0.0513,L2
全样本,趋势多头 + MACD底背离,663,0.0208,0.0373,0.557,0.2941,0.428,-0.1339,L2
全样本,趋势多头 + BOLL收上中轨,2478,0.0914,0.1293,0.707,0.3458,0.428,-0.0821,L2
全样本,趋势多头 + BOLL突破上轨,387,0.0151,0.0195,0.775,0.3669,0.428,-0.061,L2
全样本,趋势多头 + BOLL触下轨反弹,1553,0.0606,0.0786,0.771,0.3657,0.428,-0.0622,L2
全样本,趋势多头 + BOLL开口扩张,2226,0.0835,0.1151,0.725,0.3518,0.428,-0.0762,L2
全样本,趋势多头 + KDJ金叉态,2250,0.0836,0.1169,0.715,0.3484,0.428,-0.0795,L2
全样本,趋势多头 + KDJ_J超卖,2107,0.0799,0.1083,0.737,0.3555,0.428,-0.0725,L2
全样本,趋势多头 + KDJ低位金叉,308,0.0118,0.0157,0.753,0.3604,0.428,-0.0676,L2
全样本,趋势多头 + KDJ_D小于30,986,0.037,0.051,0.726,0.3519,0.428,-0.076,L2
全样本,趋势多头 + RSI6大于50,2395,0.0883,0.125,0.706,0.3457,0.428,-0.0823,L2
全样本,趋势多头 + RSI金叉,2237,0.0828,0.1165,0.711,0.3473,0.428,-0.0806,L2
全样本,趋势多头 + RSI6超卖,1386,0.0563,0.0684,0.823,0.381,0.428,-0.047,L2
全样本,趋势多头 + RSI底背离,478,0.0171,0.0254,0.673,0.3347,0.428,-0.0932,L2
全样本,趋势多头 + 威科夫得分大于4,1485,0.0546,0.0776,0.703,0.3448,0.428,-0.0832,L2
全样本,趋势多头 + 威科夫得分大于7,732,0.0272,0.0381,0.715,0.3484,0.428,-0.0796,L2
全样本,趋势多头 + 积累阶段,633,0.0267,0.0306,0.872,0.3949,0.428,-0.033,L2
全样本,趋势多头 + 黄金柱,281,0.0103,0.0147,0.705,0.3452,0.428,-0.0828,L2
全样本,趋势多头 + 量能金叉,745,0.0286,0.0381,0.751,0.3597,0.428,-0.0682,L2
全样本,趋势多头 + 六脉红灯大于5,2109,0.0791,0.109,0.726,0.3518,0.428,-0.0761,L2
全样本,趋势多头 + 六脉红灯大于6,1883,0.0699,0.0979,0.715,0.3484,0.428,-0.0796,L2
全样本,趋势多头 + 六脉6红首发,1883,0.0699,0.0979,0.715,0.3484,0.428,-0.0796,L2
全样本,趋势多头 + 六脉5红首发,2109,0.0791,0.109,0.726,0.3518,0.428,-0.0761,L2
全样本,趋势多头 + 偏多共振,971,0.0313,0.054,0.58,0.3028,0.428,-0.1252,L2
全样本,趋势多头 + 多头共振,970,0.0313,0.0539,0.581,0.3031,0.428,-0.1249,L2
全样本,趋势多头 + 火箭信号,419,0.0195,0.0188,1.036,0.4368,0.428,0.0088,L2
全样本,趋势多头 + 二次涨停,56,0.0022,0.0028,0.802,0.375,0.428,-0.053,L2
全样本,趋势多头 + 中枢进机会区,791,0.0338,0.0378,0.894,0.4008,0.428,-0.0272,L2
全样本,趋势多头 + 中枢极限底,454,0.0194,0.0217,0.894,0.4009,0.428,-0.0271,L2
全样本,趋势多头 + 中枢上穿中轴,1542,0.0606,0.0777,0.779,0.3684,0.428,-0.0596,L2
全样本,趋势多头 + 中枢底部蓄力,484,0.0171,0.0258,0.66,0.3306,0.428,-0.0974,L2
全样本,趋势多头 + 中枢底部回升,1035,0.0414,0.0516,0.802,0.3749,0.428,-0.0531,L2
全样本,趋势多头 + 大盘多头,1455,0.0463,0.0814,0.568,0.2983,0.428,-0.1297,L2
全样本,趋势多头 + 大盘空头,589,0.0218,0.0307,0.708,0.3463,0.428,-0.0816,L2
全样本,趋势多头 + 大盘安全,1715,0.0561,0.0948,0.591,0.3067,0.428,-0.1213,L2
全样本,趋势多头 + SID等于1,1455,0.0463,0.0814,0.568,0.2983,0.428,-0.1297,L2
全样本,趋势多头 + SID等于2,1728,0.0692,0.0861,0.804,0.3756,0.428,-0.0524,L2
全样本,趋势多头 + SID小于等于2,2165,0.0795,0.1132,0.703,0.3446,0.428,-0.0834,L2
全样本,趋势多头 + 大盘5日上涨,1869,0.0635,0.1015,0.626,0.3189,0.428,-0.1091,L2
全样本,趋势多头 + 相对强弱大于0,1845,0.0701,0.0948,0.739,0.3561,0.428,-0.0719,L2
全样本,趋势多头 + 相对强弱大于5,676,0.0289,0.0323,0.894,0.4009,0.428,-0.0271,L2
全样本,趋势多头 + 量比>=1.3,434,0.0191,0.0203,0.938,0.4124,0.428,-0.0155,L2
全样本,趋势多头 + 量比>=2,116,0.0063,0.0045,1.384,0.5086,0.428,0.0806,L2
全样本,趋势多头 + 距前高<=10%,834,0.0313,0.0431,0.728,0.3525,0.428,-0.0755,L2
全样本,趋势多头 + 距前低<=10%,635,0.0289,0.029,0.995,0.4268,0.428,-0.0012,L2
全样本,趋势多头 + 相对强弱>=0,426,0.0174,0.021,0.828,0.3826,0.428,-0.0453,L2
全样本,趋势多头 + 相对强弱>=5,61,0.0034,0.0023,1.475,0.5246,0.428,0.0966,L2
全样本,趋势空头 + 站上MA5,14135,0.679,0.6196,1.096,0.4505,0.428,0.0225,L2
全样本,趋势空头 + 站上MA13,6068,0.2748,0.2785,0.987,0.4247,0.428,-0.0033,L2
全样本,趋势空头 + 站上MA34,2006,0.0945,0.0893,1.057,0.4417,0.428,0.0137,L2
全样本,趋势空头 + 站上MA55,1222,0.0596,0.0529,1.127,0.4574,0.428,0.0295,L2
全样本,趋势空头 + 站上MA89,1809,0.0639,0.0965,0.662,0.3311,0.428,-0.0968,L2
全样本,趋势空头 + 站上MA144,3673,0.1206,0.2028,0.595,0.3079,0.428,-0.12,L2
全样本,趋势空头 + 站上MA233,4879,0.1693,0.2625,0.645,0.3255,0.428,-0.1025,L2
全样本,趋势空头 + 斐波长多头,3192,0.1076,0.1741,0.618,0.3161,0.428,-0.1119,L2
全样本,趋势空头 + MA55上穿MA89,175,0.0085,0.0076,1.126,0.4571,0.428,0.0292,L2
全样本,趋势空头 + 放量,11242,0.563,0.4756,1.184,0.4697,0.428,0.0417,L2
全样本,趋势空头 + 缩量,13404,0.6122,0.6112,1.002,0.4284,0.428,0.0004,L2
全样本,趋势空头 + 量比大于1,14033,0.6783,0.6119,1.109,0.4534,0.428,0.0254,L2
全样本,趋势空头 + 量比大于1_3,10422,0.5224,0.4405,1.186,0.4702,0.428,0.0422,L2
全样本,趋势空头 + 量比大于2,3916,0.2124,0.1535,1.384,0.5087,0.428,0.0807,L2
全样本,趋势空头 + 量能递增,8878,0.4554,0.3675,1.239,0.4811,0.428,0.0531,L2
全样本,趋势空头 + 价涨量增,9472,0.4851,0.3926,1.236,0.4804,0.428,0.0524,L2
全样本,趋势空头 + 价涨量缩,11008,0.5044,0.5007,1.007,0.4298,0.428,0.0018,L2
全样本,趋势空头 + MACD_DIF大于0,518,0.0259,0.0219,1.181,0.4691,0.428,0.0411,L2
全样本,趋势空头 + MACD金叉态,5639,0.2484,0.264,0.941,0.4132,0.428,-0.0148,L2
全样本,趋势空头 + MACD柱递增,13834,0.6631,0.6075,1.092,0.4495,0.428,0.0216,L2
全样本,趋势空头 + MACD零轴上金叉,84,0.0035,0.0041,0.865,0.3929,0.428,-0.0351,L2
全样本,趋势空头 + MACD底背离,9068,0.3782,0.4404,0.859,0.3912,0.428,-0.0368,L2
全样本,趋势空头 + BOLL收上中轨,3855,0.173,0.178,0.972,0.421,0.428,-0.007,L2
全样本,趋势空头 + BOLL突破上轨,469,0.0215,0.0213,1.011,0.4307,0.428,0.0027,L2
全样本,趋势空头 + BOLL触下轨反弹,10110,0.503,0.4301,1.17,0.4667,0.428,0.0387,L2
全样本,趋势空头 + BOLL开口扩张,13827,0.6684,0.6029,1.109,0.4534,0.428,0.0254,L2
全样本,趋势空头 + KDJ金叉态,13374,0.647,0.5828,1.11,0.4537,0.428,0.0257,L2
全样本,趋势空头 + KDJ_J超卖,14068,0.6759,0.6165,1.096,0.4506,0.428,0.0226,L2
全样本,趋势空头 + KDJ低位金叉,8248,0.4177,0.3454,1.209,0.475,0.428,0.0471,L2
全样本,趋势空头 + KDJ_D小于30,12259,0.5949,0.5328,1.117,0.4552,0.428,0.0272,L2
全样本,趋势空头 + RSI6大于50,7251,0.3319,0.3301,1.006,0.4293,0.428,0.0013,L2
全样本,趋势空头 + RSI金叉,12735,0.6108,0.5589,1.093,0.4499,0.428,0.0219,L2
全样本,趋势空头 + RSI6超卖,13352,0.649,0.5795,1.12,0.4559,0.428,0.0279,L2
全样本,趋势空头 + RSI底背离,8207,0.3637,0.3826,0.951,0.4156,0.428,-0.0124,L2
全样本,趋势空头 + 威科夫得分大于4,720,0.0263,0.0377,0.698,0.3431,0.428,-0.0849,L2
全样本,趋势空头 + 威科夫得分大于7,222,0.0079,0.0118,0.668,0.3333,0.428,-0.0946,L2
全样本,趋势空头 + 积累阶段,6413,0.2354,0.3354,0.702,0.3443,0.428,-0.0837,L2
全样本,趋势空头 + 威科夫B3弹簧,205,0.0069,0.0112,0.621,0.3171,0.428,-0.1109,L2
全样本,趋势空头 + 威科夫B1突破,131,0.0057,0.0062,0.908,0.4046,0.428,-0.0234,L2
全样本,趋势空头 + 黄金柱,695,0.0281,0.0344,0.819,0.3799,0.428,-0.0481,L2
全样本,趋势空头 + 量能金叉,3073,0.1736,0.1153,1.506,0.5298,0.428,0.1018,L2
全样本,趋势空头 + 六脉红灯大于5,10597,0.4943,0.4755,1.04,0.4375,0.428,0.0095,L2
全样本,趋势空头 + 六脉红灯大于6,6584,0.303,0.2985,1.015,0.4317,0.428,0.0037,L2
全样本,趋势空头 + 六脉6红首发,6584,0.303,0.2985,1.015,0.4317,0.428,0.0037,L2
全样本,趋势空头 + 六脉5红首发,10597,0.4943,0.4755,1.04,0.4375,0.428,0.0095,L2
全样本,趋势空头 + 偏多共振,259,0.0113,0.0122,0.926,0.4093,0.428,-0.0187,L2
全样本,趋势空头 + 多头共振,257,0.0113,0.012,0.938,0.4125,0.428,-0.0155,L2
全样本,趋势空头 + 火箭信号,883,0.0515,0.0319,1.614,0.547,0.428,0.119,L2
全样本,趋势空头 + 二连板,79,0.0051,0.0025,2.07,0.6076,0.428,0.1796,L2
全样本,趋势空头 + 二次涨停,64,0.0034,0.0026,1.337,0.5,0.428,0.072,L2
全样本,趋势空头 + 纳财,51,0.0019,0.0026,0.729,0.3529,0.428,-0.075,L2
全样本,趋势空头 + 极限抄底,1207,0.0785,0.0376,2.089,0.6098,0.428,0.1818,L2
全样本,趋势空头 + 中枢进机会区,6010,0.2914,0.2614,1.115,0.4547,0.428,0.0268,L2
全样本,趋势空头 + 中枢极限底,8903,0.4282,0.3898,1.098,0.4511,0.428,0.0231,L2
全样本,趋势空头 + 中枢上穿中轴,1966,0.1027,0.08,1.283,0.4898,0.428,0.0619,L2
全样本,趋势空头 + 中枢底部蓄力,13258,0.6168,0.5961,1.035,0.4363,0.428,0.0084,L2
全样本,趋势空头 + 中枢底部回升,14518,0.6899,0.6419,1.075,0.4457,0.428,0.0178,L2
全样本,趋势空头 + 大盘多头,3392,0.1069,0.1906,0.561,0.2957,0.428,-0.1323,L2
全样本,趋势空头 + 大盘空头,8710,0.4422,0.364,1.215,0.4761,0.428,0.0481,L2
全样本,趋势空头 + 大盘安全,6504,0.2531,0.3295,0.768,0.365,0.428,-0.063,L2
全样本,趋势空头 + SID等于1,3392,0.1069,0.1906,0.561,0.2957,0.428,-0.1323,L2
全样本,趋势空头 + SID等于2,9000,0.41,0.4112,0.997,0.4272,0.428,-0.0007,L2
全样本,趋势空头 + SID小于等于2,9950,0.4354,0.4679,0.931,0.4105,0.428,-0.0175,L2
全样本,趋势空头 + 大盘5日上涨,10084,0.4423,0.4735,0.934,0.4113,0.428,-0.0166,L2
全样本,趋势空头 + 相对强弱大于0,5814,0.2757,0.2575,1.071,0.4448,0.428,0.0168,L2
全样本,趋势空头 + 相对强弱大于5,1188,0.0562,0.0527,1.066,0.4436,0.428,0.0156,L2
全样本,趋势空头 + 量比>=1.3,3435,0.2013,0.1234,1.631,0.5496,0.428,0.1217,L2
全样本,趋势空头 + 量比>=2,573,0.031,0.0225,1.379,0.5079,0.428,0.0799,L2
全样本,趋势空头 + 距前高<=10%,548,0.0223,0.027,0.824,0.3814,0.428,-0.0466,L2
全样本,趋势空头 + 深跌(距前高>40%),968,0.0525,0.038,1.382,0.5083,0.428,0.0803,L2
全样本,趋势空头 + 距前低<=10%,13130,0.5965,0.6011,0.992,0.4261,0.428,-0.0018,L2
全样本,趋势空头 + 相对强弱>=0,1307,0.0612,0.0585,1.047,0.4392,0.428,0.0112,L2
全样本,趋势空头 + 相对强弱>=5,86,0.0034,0.0043,0.792,0.3721,0.428,-0.0559,L2
全样本,上升中回调 + 突破前高,128,0.005,0.0065,0.776,0.3672,0.428,-0.0608,L2
全样本,上升中回调 + 站上MA5,3643,0.1199,0.2009,0.597,0.3088,0.428,-0.1192,L2
全样本,上升中回调 + 站上MA13,2107,0.0719,0.1143,0.629,0.3199,0.428,-0.1081,L2
全样本,上升中回调 + 站上MA34,2336,0.0785,0.1276,0.615,0.3151,0.428,-0.1129,L2
全样本,上升中回调 + 站上MA55,3653,0.1204,0.2013,0.598,0.3091,0.428,-0.1189,L2
全样本,上升中回调 + 站上MA89,3644,0.1153,0.2045,0.564,0.2967,0.428,-0.1313,L2
全样本,上升中回调 + 站上MA144,3415,0.1084,0.1913,0.567,0.2978,0.428,-0.1302,L2
全样本,上升中回调 + 站上MA233,3110,0.0997,0.1735,0.575,0.3006,0.428,-0.1273,L2
全样本,上升中回调 + 斐波短中多头,920,0.0286,0.052,0.549,0.2913,0.428,-0.1367,L2
全样本,上升中回调 + 斐波长多头,1705,0.0511,0.0978,0.522,0.2809,0.428,-0.147,L2
全样本,上升中回调 + 斐波全多头,351,0.01,0.0205,0.489,0.2678,0.428,-0.1602,L2
全样本,上升中回调 + MA55上穿MA89,185,0.0065,0.0099,0.658,0.3297,0.428,-0.0982,L2
全样本,上升中回调 + 放量,2367,0.0849,0.1253,0.677,0.3363,0.428,-0.0917,L2
全样本,上升中回调 + 缩量,3671,0.1173,0.2051,0.572,0.2996,0.428,-0.1283,L2
全样本,上升中回调 + 量比大于1,3449,0.114,0.1899,0.6,0.3099,0.428,-0.118,L2
全样本,上升中回调 + 量比大于1_3,2361,0.0824,0.1267,0.651,0.3274,0.428,-0.1006,L2
全样本,上升中回调 + 量比大于2,860,0.0321,0.0446,0.72,0.35,0.428,-0.078,L2
全样本,上升中回调 + 量能递增,1694,0.0648,0.0866,0.748,0.3589,0.428,-0.0691,L2
全样本,上升中回调 + 价涨量增,1984,0.0713,0.1049,0.68,0.3372,0.428,-0.0908,L2
全样本,上升中回调 + 价涨量缩,3035,0.0982,0.1686,0.582,0.3035,0.428,-0.1245,L2
全样本,上升中回调 + MACD_DIF大于0,3120,0.101,0.1733,0.582,0.3035,0.428,-0.1244,L2
全样本,上升中回调 + MACD金叉态,505,0.0199,0.0254,0.786,0.3703,0.428,-0.0577,L2
全样本,上升中回调 + MACD柱递增,3289,0.1068,0.1824,0.586,0.3047,0.428,-0.1233,L2
全样本,上升中回调 + MACD零轴上金叉,300,0.0107,0.016,0.668,0.3333,0.428,-0.0946,L2
全样本,上升中回调 + MACD底背离,1053,0.0278,0.0632,0.44,0.2479,0.428,-0.1801,L2
全样本,上升中回调 + BOLL收上中轨,1805,0.0603,0.0988,0.611,0.3136,0.428,-0.1144,L2
全样本,上升中回调 + BOLL突破上轨,270,0.009,0.0148,0.604,0.3111,0.428,-0.1169,L2
全样本,上升中回调 + BOLL触下轨反弹,2381,0.0824,0.1283,0.643,0.3247,0.428,-0.1033,L2
全样本,上升中回调 + BOLL开口扩张,3558,0.118,0.1955,0.604,0.3111,0.428,-0.1168,L2
全样本,上升中回调 + KDJ金叉态,3159,0.1054,0.1731,0.609,0.3131,0.428,-0.1149,L2
全样本,上升中回调 + KDJ_J超卖,3483,0.1153,0.1916,0.602,0.3104,0.428,-0.1176,L2
全样本,上升中回调 + KDJ低位金叉,1098,0.0343,0.0619,0.555,0.2933,0.428,-0.1347,L2
全样本,上升中回调 + KDJ_D小于30,2197,0.0703,0.1227,0.573,0.3,0.428,-0.128,L2
全样本,上升中回调 + RSI6大于50,2587,0.0895,0.1394,0.642,0.3243,0.428,-0.1037,L2
全样本,上升中回调 + RSI金叉,2596,0.0907,0.1392,0.652,0.3278,0.428,-0.1002,L2
全样本,上升中回调 + RSI6超卖,2449,0.0867,0.1305,0.664,0.332,0.428,-0.096,L2
全样本,上升中回调 + RSI底背离,754,0.0226,0.0432,0.523,0.2812,0.428,-0.1468,L2
全样本,上升中回调 + 威科夫得分大于4,1602,0.0534,0.0878,0.608,0.3127,0.428,-0.1152,L2
全样本,上升中回调 + 威科夫得分大于7,649,0.0216,0.0356,0.608,0.3128,0.428,-0.1152,L2
全样本,上升中回调 + 积累阶段,906,0.0331,0.0475,0.695,0.3422,0.428,-0.0858,L2
全样本,上升中回调 + 黄金柱,234,0.0079,0.0128,0.618,0.3162,0.428,-0.1117,L2
全样本,上升中回调 + 量能金叉,699,0.0241,0.0377,0.639,0.3233,0.428,-0.1047,L2
全样本,上升中回调 + 六脉红灯大于5,2355,0.0824,0.1262,0.653,0.3282,0.428,-0.0997,L2
全样本,上升中回调 + 六脉红灯大于6,1781,0.0631,0.0948,0.665,0.3324,0.428,-0.0956,L2
全样本,上升中回调 + 六脉6红首发,1781,0.0631,0.0948,0.665,0.3324,0.428,-0.0956,L2
全样本,上升中回调 + 六脉5红首发,2355,0.0824,0.1262,0.653,0.3282,0.428,-0.0997,L2
全样本,上升中回调 + 偏多共振,1615,0.0488,0.0923,0.529,0.2836,0.428,-0.1444,L2
全样本,上升中回调 + 多头共振,1609,0.0488,0.0918,0.532,0.2846,0.428,-0.1433,L2
全样本,上升中回调 + 火箭信号,314,0.0135,0.0149,0.908,0.4045,0.428,-0.0235,L2
全样本,上升中回调 + 二次涨停,61,0.0022,0.0032,0.702,0.3443,0.428,-0.0837,L2
全样本,上升中回调 + 中枢进机会区,1324,0.0492,0.0688,0.714,0.3482,0.428,-0.0798,L2
全样本,上升中回调 + 中枢极限底,609,0.0257,0.0294,0.875,0.3957,0.428,-0.0322,L2
全样本,上升中回调 + 中枢上穿中轴,1399,0.0515,0.0731,0.705,0.3452,0.428,-0.0827,L2
全样本,上升中回调 + 中枢底部蓄力,776,0.0232,0.0445,0.522,0.2809,0.428,-0.147,L2
全样本,上升中回调 + 中枢底部回升,1520,0.0563,0.0791,0.711,0.3474,0.428,-0.0806,L2
全样本,上升中回调 + 大盘多头,2288,0.0651,0.1338,0.487,0.267,0.428,-0.1609,L2
全样本,上升中回调 + 大盘空头,739,0.024,0.041,0.585,0.3045,0.428,-0.1235,L2
全样本,上升中回调 + 大盘安全,2623,0.0753,0.1529,0.492,0.2692,0.428,-0.1588,L2
全样本,上升中回调 + SID等于1,2288,0.0651,0.1338,0.487,0.267,0.428,-0.1609,L2
全样本,上升中回调 + SID等于2,2832,0.0983,0.1524,0.645,0.3256,0.428,-0.1024,L2
全样本,上升中回调 + SID小于等于2,3527,0.1141,0.196,0.582,0.3034,0.428,-0.1246,L2
全样本,上升中回调 + 大盘5日上涨,2868,0.0854,0.1649,0.518,0.2793,0.428,-0.1487,L2
全样本,上升中回调 + 相对强弱大于0,1911,0.0663,0.1028,0.645,0.3255,0.428,-0.1025,L2
全样本,上升中回调 + 相对强弱大于5,495,0.0191,0.0252,0.757,0.3616,0.428,-0.0664,L2
全样本,上升中回调 + 量比>=1.3,534,0.0219,0.0262,0.833,0.3839,0.428,-0.0441,L2
全样本,上升中回调 + 量比>=2,118,0.005,0.0057,0.885,0.3983,0.428,-0.0297,L2
全样本,上升中回调 + 距前高<=10%,968,0.0334,0.0522,0.639,0.3233,0.428,-0.1046,L2
全样本,上升中回调 + 距前低<=10%,667,0.026,0.0337,0.771,0.3658,0.428,-0.0622,L2
全样本,上升中回调 + 相对强弱>=0,417,0.0157,0.0215,0.728,0.3525,0.428,-0.0755,L2
全样本,突破前高 + 站上MA5,222,0.0101,0.0101,1.0,0.4279,0.428,-0.0,L2
全样本,突破前高 + 站上MA13,222,0.0101,0.0101,1.0,0.4279,0.428,-0.0,L2
全样本,突破前高 + 站上MA34,222,0.0101,0.0101,1.0,0.4279,0.428,-0.0,L2
全样本,突破前高 + 站上MA55,222,0.0101,0.0101,1.0,0.4279,0.428,-0.0,L2
全样本,突破前高 + 站上MA89,222,0.0101,0.0101,1.0,0.4279,0.428,-0.0,L2
全样本,突破前高 + 站上MA144,211,0.0096,0.0097,0.994,0.4265,0.428,-0.0014,L2
全样本,突破前高 + 站上MA233,185,0.0085,0.0084,1.018,0.4324,0.428,0.0045,L2
全样本,突破前高 + 斐波短中多头,96,0.0038,0.0048,0.802,0.375,0.428,-0.053,L2
全样本,突破前高 + 斐波长多头,50,0.0022,0.0023,0.968,0.42,0.428,-0.008,L2
全样本,突破前高 + 放量,222,0.0101,0.0101,1.0,0.4279,0.428,-0.0,L2
全样本,突破前高 + 缩量,177,0.0076,0.0085,0.895,0.4011,0.428,-0.0268,L2
全样本,突破前高 + 量比大于1,222,0.0101,0.0101,1.0,0.4279,0.428,-0.0,L2
全样本,突破前高 + 量比大于1_3,221,0.01,0.0101,0.989,0.4253,0.428,-0.0026,L2
全样本,突破前高 + 量比大于2,194,0.0091,0.0087,1.042,0.4381,0.428,0.0102,L2
全样本,突破前高 + 量能递增,207,0.0094,0.0095,0.988,0.4251,0.428,-0.0029,L2
全样本,突破前高 + 价涨量增,221,0.0101,0.0101,1.008,0.4299,0.428,0.0019,L2
全样本,突破前高 + 价涨量缩,117,0.005,0.0056,0.897,0.4017,0.428,-0.0263,L2
全样本,突破前高 + MACD_DIF大于0,204,0.0092,0.0094,0.974,0.4216,0.428,-0.0064,L2
全样本,突破前高 + MACD金叉态,187,0.0087,0.0084,1.044,0.4385,0.428,0.0105,L2
全样本,突破前高 + MACD柱递增,213,0.0097,0.0097,0.997,0.4272,0.428,-0.0007,L2
全样本,突破前高 + MACD零轴上金叉,142,0.0065,0.0065,1.007,0.4296,0.428,0.0016,L2
全样本,突破前高 + MACD底背离,50,0.002,0.0025,0.819,0.38,0.428,-0.048,L2
全样本,突破前高 + BOLL收上中轨,222,0.0101,0.0101,1.0,0.4279,0.428,-0.0,L2
全样本,突破前高 + BOLL突破上轨,199,0.009,0.0092,0.976,0.4221,0.428,-0.0059,L2
全样本,突破前高 + BOLL触下轨反弹,149,0.0068,0.0068,1.006,0.4295,0.428,0.0016,L2
全样本,突破前高 + BOLL开口扩张,221,0.0101,0.0101,1.008,0.4299,0.428,0.0019,L2
全样本,突破前高 + KDJ金叉态,222,0.0101,0.0101,1.0,0.4279,0.428,-0.0,L2
全样本,突破前高 + KDJ_J超卖,186,0.0084,0.0085,0.987,0.4247,0.428,-0.0032,L2
全样本,突破前高 + KDJ_D小于30,75,0.0035,0.0034,1.05,0.44,0.428,0.012,L2
全样本,突破前高 + RSI6大于50,222,0.0101,0.0101,1.0,0.4279,0.428,-0.0,L2
全样本,突破前高 + RSI金叉,222,0.0101,0.0101,1.0,0.4279,0.428,-0.0,L2
全样本,突破前高 + RSI6超卖,119,0.006,0.005,1.188,0.4706,0.428,0.0426,L2
全样本,突破前高 + RSI底背离,53,0.0021,0.0026,0.81,0.3774,0.428,-0.0506,L2
全样本,突破前高 + 威科夫得分大于4,167,0.0077,0.0076,1.013,0.4311,0.428,0.0032,L2
全样本,突破前高 + 威科夫得分大于7,123,0.006,0.0053,1.117,0.4553,0.428,0.0273,L2
全样本,突破前高 + 黄金柱,62,0.0026,0.003,0.844,0.3871,0.428,-0.0409,L2
全样本,突破前高 + 量能金叉,121,0.006,0.0052,1.152,0.4628,0.428,0.0348,L2
全样本,突破前高 + 六脉红灯大于5,222,0.0101,0.0101,1.0,0.4279,0.428,-0.0,L2
全样本,突破前高 + 六脉红灯大于6,221,0.01,0.0101,0.989,0.4253,0.428,-0.0026,L2
全样本,突破前高 + 六脉6红首发,221,0.01,0.0101,0.989,0.4253,0.428,-0.0026,L2
全样本,突破前高 + 六脉5红首发,222,0.0101,0.0101,1.0,0.4279,0.428,-0.0,L2
全样本,突破前高 + 偏多共振,88,0.0035,0.0044,0.802,0.375,0.428,-0.053,L2
全样本,突破前高 + 多头共振,88,0.0035,0.0044,0.802,0.375,0.428,-0.053,L2
全样本,突破前高 + 火箭信号,127,0.0067,0.0051,1.316,0.4961,0.428,0.0681,L2
全样本,突破前高 + 中枢进机会区,84,0.0038,0.0038,1.002,0.4286,0.428,0.0006,L2
全样本,突破前高 + 中枢上穿中轴,177,0.0082,0.008,1.029,0.435,0.428,0.0071,L2
全样本,突破前高 + 中枢底部回升,102,0.0051,0.0043,1.188,0.4706,0.428,0.0426,L2
全样本,突破前高 + 大盘多头,100,0.0038,0.0051,0.752,0.36,0.428,-0.068,L2
全样本,突破前高 + 大盘空头,70,0.0026,0.0037,0.697,0.3429,0.428,-0.0851,L2
全样本,突破前高 + 大盘安全,134,0.0052,0.0068,0.771,0.3657,0.428,-0.0623,L2
全样本,突破前高 + SID等于1,100,0.0038,0.0051,0.752,0.36,0.428,-0.068,L2
全样本,突破前高 + SID等于2,156,0.0079,0.0065,1.206,0.4744,0.428,0.0464,L2
全样本,突破前高 + SID小于等于2,187,0.0088,0.0083,1.067,0.4439,0.428,0.0159,L2
全样本,突破前高 + 大盘5日上涨,141,0.006,0.0068,0.881,0.3972,0.428,-0.0308,L2
全样本,突破前高 + 相对强弱大于0,220,0.0099,0.0101,0.979,0.4227,0.428,-0.0052,L2
全样本,突破前高 + 相对强弱大于5,174,0.0083,0.0077,1.086,0.4483,0.428,0.0203,L2
全样本,突破前高 + 量比>=1.3,78,0.0041,0.0032,1.27,0.4872,0.428,0.0592,L2
全样本,突破前高 + 距前高<=10%,127,0.0051,0.0063,0.812,0.378,0.428,-0.05,L2
全样本,突破前高 + 距前低<=10%,90,0.0046,0.0037,1.223,0.4778,0.428,0.0498,L2
全样本,突破前高 + 相对强弱>=0,60,0.0031,0.0025,1.25,0.4833,0.428,0.0554,L2
全样本,站上MA5 + 站上MA13,8791,0.373,0.4222,0.883,0.3979,0.428,-0.0301,L2
全样本,站上MA5 + 站上MA34,4705,0.1911,0.2324,0.822,0.3809,0.428,-0.0471,L2
全样本,站上MA5 + 站上MA55,5230,0.1985,0.2687,0.739,0.356,0.428,-0.0719,L2
全样本,站上MA5 + 站上MA89,6227,0.2125,0.3377,0.629,0.3201,0.428,-0.1079,L2
全样本,站上MA5 + 站上MA144,7895,0.2689,0.4286,0.627,0.3194,0.428,-0.1085,L2
全样本,站上MA5 + 站上MA233,8920,0.3239,0.4692,0.69,0.3406,0.428,-0.0874,L2
全样本,站上MA5 + 斐波短中多头,991,0.0351,0.0528,0.664,0.332,0.428,-0.096,L2
全样本,站上MA5 + 斐波长多头,5364,0.1897,0.286,0.663,0.3317,0.428,-0.0963,L2
全样本,站上MA5 + 斐波全多头,356,0.0113,0.0199,0.567,0.2978,0.428,-0.1302,L2
全样本,站上MA5 + MA55上穿MA89,448,0.022,0.0193,1.138,0.4598,0.428,0.0318,L2
全样本,站上MA5 + 放量,14419,0.7075,0.6209,1.14,0.4602,0.428,0.0323,L2
全样本,站上MA5 + 缩量,18142,0.8048,0.8451,0.952,0.4161,0.428,-0.0119,L2
全样本,站上MA5 + 量比大于1,18631,0.8722,0.8337,1.046,0.4391,0.428,0.0111,L2
全样本,站上MA5 + 量比大于1_3,13744,0.6706,0.5946,1.128,0.4577,0.428,0.0297,L2
全样本,站上MA5 + 量比大于2,5267,0.2773,0.2127,1.304,0.4938,0.428,0.0659,L2
全样本,站上MA5 + 量能递增,11233,0.5679,0.4712,1.205,0.4741,0.428,0.0462,L2
全样本,站上MA5 + 价涨量增,12403,0.6116,0.5318,1.15,0.4625,0.428,0.0345,L2
全样本,站上MA5 + 价涨量缩,15002,0.6741,0.6924,0.974,0.4214,0.428,-0.0066,L2
全样本,站上MA5 + MACD_DIF大于0,3983,0.1507,0.205,0.735,0.3548,0.428,-0.0732,L2
全样本,站上MA5 + MACD金叉态,6191,0.2679,0.2934,0.913,0.4059,0.428,-0.0221,L2
全样本,站上MA5 + MACD柱递增,18797,0.8728,0.8464,1.031,0.4355,0.428,0.0075,L2
全样本,站上MA5 + MACD零轴上金叉,512,0.0204,0.0256,0.795,0.373,0.428,-0.0549,L2
全样本,站上MA5 + MACD底背离,10071,0.4027,0.5021,0.802,0.375,0.428,-0.0529,L2
全样本,站上MA5 + BOLL收上中轨,6157,0.2554,0.3001,0.851,0.389,0.428,-0.039,L2
全样本,站上MA5 + BOLL突破上轨,834,0.0353,0.0401,0.88,0.3969,0.428,-0.0311,L2
全样本,站上MA5 + BOLL触下轨反弹,13221,0.6394,0.5763,1.11,0.4536,0.428,0.0256,L2
全样本,站上MA5 + BOLL开口扩张,18622,0.8717,0.8333,1.046,0.4391,0.428,0.0111,L2
全样本,站上MA5 + KDJ金叉态,18122,0.8467,0.8121,1.043,0.4382,0.428,0.0102,L2
全样本,站上MA5 + KDJ_J超卖,18684,0.8718,0.8381,1.04,0.4376,0.428,0.0097,L2
全样本,站上MA5 + KDJ低位金叉,10304,0.5103,0.4402,1.159,0.4645,0.428,0.0365,L2
全样本,站上MA5 + KDJ_D小于30,15423,0.73,0.6841,1.067,0.4439,0.428,0.016,L2
全样本,站上MA5 + RSI6大于50,10641,0.4572,0.5068,0.902,0.403,0.428,-0.025,L2
全样本,站上MA5 + RSI金叉,16618,0.765,0.7533,1.016,0.4318,0.428,0.0038,L2
全样本,站上MA5 + RSI6超卖,16875,0.8137,0.7373,1.104,0.4523,0.428,0.0243,L2
全样本,站上MA5 + RSI底背离,8956,0.3859,0.4257,0.906,0.4041,0.428,-0.0239,L2
全样本,站上MA5 + 威科夫得分大于4,2632,0.0957,0.1383,0.692,0.3412,0.428,-0.0868,L2
全样本,站上MA5 + 威科夫得分大于7,994,0.0355,0.0527,0.673,0.335,0.428,-0.093,L2
全样本,站上MA5 + 积累阶段,7693,0.2868,0.3991,0.719,0.3497,0.428,-0.0783,L2
全样本,站上MA5 + 威科夫B3弹簧,206,0.007,0.0112,0.63,0.3204,0.428,-0.1076,L2
全样本,站上MA5 + 威科夫B1突破,144,0.0063,0.0068,0.928,0.4097,0.428,-0.0182,L2
全样本,站上MA5 + 黄金柱,1006,0.0393,0.0508,0.774,0.3668,0.428,-0.0612,L2
全样本,站上MA5 + 量能金叉,4193,0.2286,0.1634,1.399,0.5113,0.428,0.0834,L2
全样本,站上MA5 + 六脉红灯大于5,14018,0.6223,0.6526,0.954,0.4164,0.428,-0.0116,L2
全样本,站上MA5 + 六脉红灯大于6,9063,0.3961,0.4266,0.928,0.4099,0.428,-0.0181,L2
全样本,站上MA5 + 六脉6红首发,9063,0.3961,0.4266,0.928,0.4099,0.428,-0.0181,L2
全样本,站上MA5 + 六脉5红首发,14018,0.6223,0.6526,0.954,0.4164,0.428,-0.0116,L2
全样本,站上MA5 + 偏多共振,2072,0.0774,0.1074,0.721,0.3504,0.428,-0.0776,L2
全样本,站上MA5 + 多头共振,2065,0.0773,0.1069,0.723,0.3511,0.428,-0.0769,L2
全样本,站上MA5 + 火箭信号,1366,0.0745,0.0532,1.401,0.5117,0.428,0.0837,L2
全样本,站上MA5 + 二连板,113,0.0068,0.0039,1.746,0.5664,0.428,0.1384,L2
全样本,站上MA5 + 二次涨停,141,0.0065,0.0064,1.019,0.4326,0.428,0.0047,L2
全样本,站上MA5 + 纳财,75,0.0027,0.004,0.668,0.3333,0.428,-0.0946,L2
全样本,站上MA5 + 极限抄底,1308,0.0906,0.0365,2.481,0.6498,0.428,0.2219,L2
全样本,站上MA5 + 中枢进机会区,8223,0.4062,0.352,1.154,0.4633,0.428,0.0354,L2
全样本,站上MA5 + 中枢极限底,10331,0.5128,0.4404,1.164,0.4656,0.428,0.0376,L2
全样本,站上MA5 + 中枢上穿中轴,3801,0.1766,0.1711,1.032,0.4357,0.428,0.0077,L2
全样本,站上MA5 + 中枢底部蓄力,14543,0.6698,0.659,1.016,0.432,0.428,0.004,L2
全样本,站上MA5 + 中枢底部回升,17243,0.8277,0.7562,1.095,0.4502,0.428,0.0222,L2
全样本,站上MA5 + 大盘多头,5955,0.1865,0.3355,0.556,0.2937,0.428,-0.1343,L2
全样本,站上MA5 + 大盘空头,9551,0.4656,0.4135,1.126,0.4572,0.428,0.0293,L2
全样本,站上MA5 + 大盘安全,9490,0.3472,0.4973,0.698,0.3431,0.428,-0.0849,L2
全样本,站上MA5 + SID等于1,5955,0.1865,0.3355,0.556,0.2937,0.428,-0.1343,L2
全样本,站上MA5 + SID等于2,12966,0.5984,0.5866,1.02,0.4328,0.428,0.0049,L2
全样本,站上MA5 + SID小于等于2,14653,0.6402,0.6899,0.928,0.4097,0.428,-0.0182,L2
全样本,站上MA5 + 大盘5日上涨,13428,0.5449,0.6634,0.821,0.3806,0.428,-0.0473,L2
全样本,站上MA5 + 相对强弱大于0,8103,0.3596,0.3773,0.953,0.4163,0.428,-0.0117,L2
全样本,站上MA5 + 相对强弱大于5,1842,0.0832,0.0847,0.982,0.4235,0.428,-0.0045,L2
全样本,站上MA5 + 量比>=1.3,4303,0.2511,0.1554,1.616,0.5473,0.428,0.1193,L2
全样本,站上MA5 + 量比>=2,727,0.0396,0.0284,1.393,0.5103,0.428,0.0823,L2
全样本,站上MA5 + 距前高<=10%,1783,0.0689,0.0907,0.759,0.3623,0.428,-0.0657,L2
全样本,站上MA5 + 深跌(距前高>40%),987,0.0532,0.0389,1.367,0.5056,0.428,0.0776,L2
全样本,站上MA5 + 距前低<=10%,14128,0.6509,0.64,1.017,0.4321,0.428,0.0041,L2
全样本,站上MA5 + 相对强弱>=0,1802,0.0812,0.083,0.979,0.4229,0.428,-0.0051,L2
全样本,站上MA5 + 相对强弱>=5,144,0.0065,0.0066,0.982,0.4236,0.428,-0.0044,L2
全样本,站上MA13 + 站上MA34,4118,0.1709,0.2006,0.852,0.3893,0.428,-0.0387,L2
全样本,站上MA13 + 站上MA55,3825,0.1532,0.1905,0.804,0.3757,0.428,-0.0523,L2
全样本,站上MA13 + 站上MA89,3844,0.1395,0.2023,0.689,0.3403,0.428,-0.0877,L2
全样本,站上MA13 + 站上MA144,4237,0.1471,0.2279,0.646,0.3257,0.428,-0.1023,L2
全样本,站上MA13 + 站上MA233,4412,0.1532,0.2373,0.646,0.3257,0.428,-0.1023,L2
全样本,站上MA13 + 斐波短中多头,723,0.0238,0.0399,0.596,0.3084,0.428,-0.1195,L2
全样本,站上MA13 + 斐波长多头,2164,0.0661,0.1232,0.537,0.2865,0.428,-0.1415,L2
全样本,站上MA13 + 斐波全多头,267,0.007,0.016,0.439,0.2472,0.428,-0.1808,L2
全样本,站上MA13 + MA55上穿MA89,195,0.0078,0.0097,0.8,0.3744,0.428,-0.0536,L2
全样本,站上MA13 + 放量,7656,0.3328,0.3618,0.92,0.4077,0.428,-0.0203,L2
全样本,站上MA13 + 缩量,7627,0.3091,0.3772,0.82,0.3801,0.428,-0.0479,L2
全样本,站上MA13 + 量比大于1,8631,0.3674,0.4136,0.888,0.3993,0.428,-0.0287,L2
全样本,站上MA13 + 量比大于1_3,7350,0.3178,0.3485,0.912,0.4056,0.428,-0.0224,L2
全样本,站上MA13 + 量比大于2,3474,0.1541,0.1619,0.952,0.4159,0.428,-0.012,L2
全样本,站上MA13 + 量能递增,5776,0.2607,0.2657,0.981,0.4233,0.428,-0.0047,L2
全样本,站上MA13 + 价涨量增,7321,0.3205,0.3442,0.931,0.4106,0.428,-0.0174,L2
全样本,站上MA13 + 价涨量缩,5744,0.234,0.2831,0.827,0.3821,0.428,-0.0458,L2
全样本,站上MA13 + MACD_DIF大于0,2278,0.0835,0.1193,0.7,0.3437,0.428,-0.0842,L2
全样本,站上MA13 + MACD金叉态,4993,0.2135,0.2386,0.895,0.401,0.428,-0.027,L2
全样本,站上MA13 + MACD柱递增,8354,0.3564,0.3997,0.892,0.4002,0.428,-0.0278,L2
全样本,站上MA13 + MACD零轴上金叉,512,0.0204,0.0256,0.795,0.373,0.428,-0.0549,L2
全样本,站上MA13 + MACD底背离,4731,0.1919,0.2338,0.821,0.3805,0.428,-0.0475,L2
全样本,站上MA13 + BOLL收上中轨,5993,0.2482,0.2924,0.849,0.3885,0.428,-0.0395,L2
全样本,站上MA13 + BOLL突破上轨,834,0.0353,0.0401,0.88,0.3969,0.428,-0.0311,L2
全样本,站上MA13 + BOLL触下轨反弹,5545,0.248,0.2568,0.966,0.4195,0.428,-0.0085,L2
全样本,站上MA13 + BOLL开口扩张,7779,0.3362,0.369,0.911,0.4053,0.428,-0.0226,L2
全样本,站上MA13 + KDJ金叉态,8613,0.3674,0.4122,0.891,0.4001,0.428,-0.0279,L2
全样本,站上MA13 + KDJ_J超卖,7557,0.329,0.3567,0.923,0.4084,0.428,-0.0196,L2
全样本,站上MA13 + KDJ低位金叉,2915,0.1384,0.129,1.073,0.4453,0.428,0.0173,L2
全样本,站上MA13 + KDJ_D小于30,5633,0.255,0.2585,0.986,0.4246,0.428,-0.0033,L2
全样本,站上MA13 + RSI6大于50,8697,0.3704,0.4166,0.889,0.3994,0.428,-0.0285,L2
全样本,站上MA13 + RSI金叉,8597,0.3665,0.4116,0.89,0.3998,0.428,-0.0282,L2
全样本,站上MA13 + RSI6超卖,6277,0.2838,0.2884,0.984,0.4241,0.428,-0.0039,L2
全样本,站上MA13 + RSI底背离,4224,0.1825,0.2004,0.911,0.4053,0.428,-0.0227,L2
全样本,站上MA13 + 威科夫得分大于4,1944,0.0683,0.1039,0.658,0.3297,0.428,-0.0982,L2
全样本,站上MA13 + 威科夫得分大于7,844,0.0293,0.0454,0.646,0.3258,0.428,-0.1021,L2
全样本,站上MA13 + 积累阶段,3999,0.1542,0.2037,0.757,0.3616,0.428,-0.0664,L2
全样本,站上MA13 + 威科夫B3弹簧,125,0.0051,0.0061,0.833,0.384,0.428,-0.044,L2
全样本,站上MA13 + 威科夫B1突破,144,0.0063,0.0068,0.928,0.4097,0.428,-0.0182,L2
全样本,站上MA13 + 黄金柱,977,0.038,0.0495,0.766,0.3644,0.428,-0.0636,L2
全样本,站上MA13 + 量能金叉,2439,0.1131,0.1099,1.029,0.435,0.428,0.007,L2
全样本,站上MA13 + 六脉红灯大于5,8488,0.3635,0.4052,0.897,0.4016,0.428,-0.0263,L2
全样本,站上MA13 + 六脉红灯大于6,7883,0.3412,0.3736,0.913,0.4059,0.428,-0.022,L2
全样本,站上MA13 + 六脉6红首发,7883,0.3412,0.3736,0.913,0.4059,0.428,-0.022,L2
全样本,站上MA13 + 六脉5红首发,8488,0.3635,0.4052,0.897,0.4016,0.428,-0.0263,L2
全样本,站上MA13 + 偏多共振,1060,0.0329,0.0599,0.55,0.2915,0.428,-0.1365,L2
全样本,站上MA13 + 多头共振,1056,0.0329,0.0596,0.553,0.2926,0.428,-0.1354,L2
全样本,站上MA13 + 火箭信号,1132,0.0583,0.0467,1.25,0.4832,0.428,0.0552,L2
全样本,站上MA13 + 二连板,104,0.0059,0.0039,1.5,0.5288,0.428,0.1009,L2
全样本,站上MA13 + 二次涨停,94,0.0043,0.0043,0.99,0.4255,0.428,-0.0024,L2
全样本,站上MA13 + 纳财,66,0.0025,0.0034,0.715,0.3485,0.428,-0.0795,L2
全样本,站上MA13 + 极限抄底,149,0.0085,0.0055,1.55,0.5369,0.428,0.1089,L2
全样本,站上MA13 + 中枢进机会区,3327,0.1461,0.1561,0.936,0.4118,0.428,-0.0162,L2
全样本,站上MA13 + 中枢极限底,3849,0.1695,0.1802,0.941,0.4131,0.428,-0.0149,L2
全样本,站上MA13 + 中枢上穿中轴,3376,0.1555,0.153,1.016,0.4319,0.428,0.0039,L2
全样本,站上MA13 + 中枢底部蓄力,5763,0.2516,0.2715,0.927,0.4095,0.428,-0.0185,L2
全样本,站上MA13 + 中枢底部回升,6955,0.3077,0.3246,0.948,0.415,0.428,-0.013,L2
全样本,站上MA13 + 大盘多头,3187,0.0998,0.1796,0.556,0.2937,0.428,-0.1343,L2
全样本,站上MA13 + 大盘空头,4340,0.2138,0.1863,1.148,0.462,0.428,0.034,L2
全样本,站上MA13 + 大盘安全,4986,0.177,0.2653,0.667,0.3329,0.428,-0.095,L2
全样本,站上MA13 + SID等于1,3187,0.0998,0.1796,0.556,0.2937,0.428,-0.1343,L2
全样本,站上MA13 + SID等于2,5317,0.2164,0.2622,0.825,0.3818,0.428,-0.0462,L2
全样本,站上MA13 + SID小于等于2,6292,0.2394,0.3228,0.741,0.3568,0.428,-0.0712,L2
全样本,站上MA13 + 大盘5日上涨,6702,0.2634,0.3376,0.78,0.3685,0.428,-0.0594,L2
全样本,站上MA13 + 相对强弱大于0,6080,0.2645,0.2871,0.921,0.4081,0.428,-0.0199,L2
全样本,站上MA13 + 相对强弱大于5,1771,0.0793,0.0819,0.968,0.4201,0.428,-0.0079,L2
全样本,站上MA13 + 量比>=1.3,1971,0.0955,0.0858,1.114,0.4546,0.428,0.0266,L2
全样本,站上MA13 + 量比>=2,446,0.0212,0.0197,1.077,0.4462,0.428,0.0182,L2
全样本,站上MA13 + 距前高<=10%,1205,0.0473,0.0607,0.78,0.3685,0.428,-0.0595,L2
全样本,站上MA13 + 深跌(距前高>40%),259,0.0098,0.0133,0.736,0.3552,0.428,-0.0728,L2
全样本,站上MA13 + 距前低<=10%,5999,0.268,0.278,0.964,0.4191,0.428,-0.0089,L2
全样本,站上MA13 + 相对强弱>=0,1409,0.063,0.0653,0.966,0.4194,0.428,-0.0085,L2
全样本,站上MA13 + 相对强弱>=5,139,0.0065,0.0062,1.045,0.4388,0.428,0.0109,L2
全样本,站上MA34 + 站上MA55,3994,0.1579,0.2005,0.788,0.3708,0.428,-0.0572,L2
全样本,站上MA34 + 站上MA89,3501,0.1283,0.1833,0.7,0.3436,0.428,-0.0844,L2
全样本,站上MA34 + 站上MA144,3328,0.1206,0.1753,0.688,0.3398,0.428,-0.0881,L2
全样本,站上MA34 + 站上MA233,3137,0.1147,0.1644,0.698,0.343,0.428,-0.085,L2
全样本,站上MA34 + 斐波短中多头,939,0.0313,0.0515,0.609,0.3131,0.428,-0.1149,L2
全样本,站上MA34 + 斐波长多头,1333,0.0429,0.0743,0.577,0.3016,0.428,-0.1264,L2
全样本,站上MA34 + 斐波全多头,347,0.0104,0.0199,0.526,0.2824,0.428,-0.1456,L2
全样本,站上MA34 + MA55上穿MA89,162,0.0058,0.0086,0.668,0.3333,0.428,-0.0946,L2
全样本,站上MA34 + 放量,4068,0.171,0.1966,0.87,0.3943,0.428,-0.0337,L2
全样本,站上MA34 + 缩量,4205,0.1643,0.2125,0.773,0.3665,0.428,-0.0615,L2
全样本,站上MA34 + 量比大于1,4622,0.1866,0.2291,0.814,0.3786,0.428,-0.0493,L2
全样本,站上MA34 + 量比大于1_3,3885,0.1606,0.1898,0.846,0.3876,0.428,-0.0403,L2
全样本,站上MA34 + 量比大于2,2213,0.096,0.1047,0.916,0.4067,0.428,-0.0213,L2
全样本,站上MA34 + 量能递增,3335,0.1455,0.1571,0.926,0.4093,0.428,-0.0187,L2
全样本,站上MA34 + 价涨量增,3793,0.161,0.1821,0.884,0.3981,0.428,-0.0299,L2
全样本,站上MA34 + 价涨量缩,3223,0.1256,0.1631,0.77,0.3655,0.428,-0.0625,L2
全样本,站上MA34 + MACD_DIF大于0,2844,0.1034,0.1495,0.692,0.3411,0.428,-0.0869,L2
全样本,站上MA34 + MACD金叉态,2482,0.1111,0.1149,0.967,0.4198,0.428,-0.0081,L2
全样本,站上MA34 + MACD柱递增,4226,0.1725,0.208,0.829,0.3829,0.428,-0.0451,L2
全样本,站上MA34 + MACD零轴上金叉,512,0.0204,0.0256,0.795,0.373,0.428,-0.0549,L2
全样本,站上MA34 + MACD底背离,1516,0.0591,0.0767,0.77,0.3654,0.428,-0.0625,L2
全样本,站上MA34 + BOLL收上中轨,4114,0.172,0.1995,0.862,0.3921,0.428,-0.0359,L2
全样本,站上MA34 + BOLL突破上轨,825,0.0352,0.0395,0.891,0.4,0.428,-0.028,L2
全样本,站上MA34 + BOLL触下轨反弹,3182,0.1362,0.152,0.896,0.4013,0.428,-0.0267,L2
全样本,站上MA34 + BOLL开口扩张,4495,0.1856,0.2197,0.845,0.3873,0.428,-0.0407,L2
全样本,站上MA34 + KDJ金叉态,4322,0.1781,0.2116,0.842,0.3864,0.428,-0.0416,L2
全样本,站上MA34 + KDJ_J超卖,4228,0.1741,0.207,0.841,0.3862,0.428,-0.0417,L2
全样本,站上MA34 + KDJ低位金叉,850,0.036,0.0408,0.882,0.3976,0.428,-0.0303,L2
全样本,站上MA34 + KDJ_D小于30,2326,0.0988,0.1116,0.886,0.3985,0.428,-0.0294,L2
全样本,站上MA34 + RSI6大于50,4412,0.1824,0.2155,0.847,0.3878,0.428,-0.0402,L2
全样本,站上MA34 + RSI金叉,4156,0.1739,0.2014,0.863,0.3924,0.428,-0.0355,L2
全样本,站上MA34 + RSI6超卖,2984,0.1306,0.1403,0.931,0.4105,0.428,-0.0174,L2
全样本,站上MA34 + RSI底背离,1361,0.0567,0.0661,0.858,0.3909,0.428,-0.0371,L2
全样本,站上MA34 + 威科夫得分大于4,1913,0.0716,0.099,0.724,0.3513,0.428,-0.0767,L2
全样本,站上MA34 + 威科夫得分大于7,872,0.032,0.0456,0.701,0.344,0.428,-0.0839,L2
全样本,站上MA34 + 积累阶段,1734,0.0724,0.0842,0.86,0.3916,0.428,-0.0364,L2
全样本,站上MA34 + 威科夫B1突破,142,0.0063,0.0066,0.95,0.4155,0.428,-0.0125,L2
全样本,站上MA34 + 黄金柱,568,0.0232,0.0279,0.833,0.3838,0.428,-0.0442,L2
全样本,站上MA34 + 量能金叉,1644,0.0703,0.0786,0.894,0.4009,0.428,-0.0271,L2
全样本,站上MA34 + 六脉红灯大于5,3950,0.1663,0.1907,0.872,0.3949,0.428,-0.033,L2
全样本,站上MA34 + 六脉红灯大于6,3569,0.1514,0.1714,0.883,0.3979,0.428,-0.0301,L2
全样本,站上MA34 + 六脉6红首发,3569,0.1514,0.1714,0.883,0.3979,0.428,-0.0301,L2
全样本,站上MA34 + 六脉5红首发,3950,0.1663,0.1907,0.872,0.3949,0.428,-0.033,L2
全样本,站上MA34 + 偏多共振,1452,0.0445,0.0826,0.539,0.2872,0.428,-0.1408,L2
全样本,站上MA34 + 多头共振,1447,0.0445,0.0822,0.541,0.2882,0.428,-0.1398,L2
全样本,站上MA34 + 火箭信号,858,0.0416,0.0373,1.114,0.4545,0.428,0.0266,L2
全样本,站上MA34 + 二连板,88,0.0046,0.0036,1.277,0.4886,0.428,0.0607,L2
全样本,站上MA34 + 二次涨停,95,0.0042,0.0045,0.931,0.4105,0.428,-0.0174,L2
全样本,站上MA34 + 中枢进机会区,1724,0.0806,0.0772,1.044,0.4385,0.428,0.0105,L2
全样本,站上MA34 + 中枢极限底,1256,0.0586,0.0563,1.041,0.4379,0.428,0.0099,L2
全样本,站上MA34 + 中枢上穿中轴,3160,0.1344,0.1515,0.888,0.3991,0.428,-0.0289,L2
全样本,站上MA34 + 中枢底部蓄力,1617,0.072,0.0751,0.958,0.4174,0.428,-0.0105,L2
全样本,站上MA34 + 中枢底部回升,2629,0.119,0.1207,0.986,0.4245,0.428,-0.0035,L2
全样本,站上MA34 + 大盘多头,2366,0.0769,0.1312,0.586,0.3047,0.428,-0.1232,L2
全样本,站上MA34 + 大盘空头,1710,0.0809,0.0759,1.067,0.4439,0.428,0.0159,L2
全样本,站上MA34 + 大盘安全,3131,0.1089,0.1683,0.647,0.3261,0.428,-0.1019,L2
全样本,站上MA34 + SID等于1,2366,0.0769,0.1312,0.586,0.3047,0.428,-0.1232,L2
全样本,站上MA34 + SID等于2,3228,0.1294,0.1607,0.806,0.3761,0.428,-0.0519,L2
全样本,站上MA34 + SID小于等于2,3905,0.1469,0.2016,0.729,0.3529,0.428,-0.0751,L2
全样本,站上MA34 + 大盘5日上涨,3574,0.1325,0.1859,0.713,0.3478,0.428,-0.0802,L2
全样本,站上MA34 + 相对强弱大于0,3603,0.1524,0.1734,0.879,0.3966,0.428,-0.0314,L2
全样本,站上MA34 + 相对强弱大于5,1454,0.0665,0.0662,1.005,0.4292,0.428,0.0012,L2
全样本,站上MA34 + 量比>=1.3,1023,0.0483,0.0455,1.062,0.4428,0.428,0.0148,L2
全样本,站上MA34 + 量比>=2,277,0.0132,0.0122,1.083,0.4477,0.428,0.0197,L2
全样本,站上MA34 + 距前高<=10%,1139,0.0429,0.0588,0.729,0.3529,0.428,-0.075,L2
全样本,站上MA34 + 距前低<=10%,2371,0.1085,0.1079,1.006,0.4294,0.428,0.0014,L2
全样本,站上MA34 + 相对强弱>=0,852,0.0374,0.04,0.936,0.412,0.428,-0.016,L2
全样本,站上MA34 + 相对强弱>=5,116,0.0058,0.0049,1.164,0.4655,0.428,0.0375,L2
全样本,站上MA55 + 站上MA89,4644,0.1638,0.2479,0.661,0.3307,0.428,-0.0972,L2
全样本,站上MA55 + 站上MA144,4272,0.1488,0.2294,0.649,0.3268,0.428,-0.1012,L2
全样本,站上MA55 + 站上MA233,3957,0.1405,0.2105,0.668,0.3331,0.428,-0.0949,L2
全样本,站上MA55 + 斐波短中多头,1028,0.0343,0.0563,0.61,0.3132,0.428,-0.1147,L2
全样本,站上MA55 + 斐波长多头,1914,0.061,0.1071,0.57,0.2989,0.428,-0.1291,L2
全样本,站上MA55 + 斐波全多头,384,0.0114,0.0221,0.516,0.2786,0.428,-0.1493,L2
全样本,站上MA55 + MA55上穿MA89,208,0.008,0.0106,0.754,0.3606,0.428,-0.0674,L2
全样本,站上MA55 + 放量,3977,0.1625,0.1957,0.83,0.3832,0.428,-0.0448,L2
全样本,站上MA55 + 缩量,4928,0.1796,0.2588,0.694,0.3417,0.428,-0.0863,L2
全样本,站上MA55 + 量比大于1,5045,0.193,0.2581,0.748,0.3588,0.428,-0.0692,L2
全样本,站上MA55 + 量比大于1_3,3899,0.1561,0.1942,0.804,0.3755,0.428,-0.0525,L2
全样本,站上MA55 + 量比大于2,1976,0.0864,0.093,0.929,0.4099,0.428,-0.0181,L2
全样本,站上MA55 + 量能递增,3135,0.1342,0.1496,0.897,0.4016,0.428,-0.0264,L2
全样本,站上MA55 + 价涨量增,3570,0.1477,0.1743,0.847,0.388,0.428,-0.04,L2
全样本,站上MA55 + 价涨量缩,3907,0.1419,0.2055,0.691,0.3407,0.428,-0.0873,L2
全样本,站上MA55 + MACD_DIF大于0,3685,0.1291,0.1974,0.654,0.3286,0.428,-0.0993,L2
全样本,站上MA55 + MACD金叉态,1829,0.0818,0.0847,0.965,0.4194,0.428,-0.0086,L2
全样本,站上MA55 + MACD柱递增,4771,0.1815,0.2448,0.741,0.3567,0.428,-0.0712,L2
全样本,站上MA55 + MACD零轴上金叉,512,0.0204,0.0256,0.795,0.373,0.428,-0.0549,L2
全样本,站上MA55 + MACD底背离,1707,0.0575,0.0932,0.617,0.3158,0.428,-0.1122,L2
全样本,站上MA55 + BOLL收上中轨,3583,0.1442,0.178,0.81,0.3773,0.428,-0.0506,L2
全样本,站上MA55 + BOLL突破上轨,756,0.0326,0.0359,0.909,0.4048,0.428,-0.0232,L2
全样本,站上MA55 + BOLL触下轨反弹,3528,0.1416,0.1755,0.807,0.3764,0.428,-0.0516,L2
全样本,站上MA55 + BOLL开口扩张,5101,0.1958,0.2604,0.752,0.3599,0.428,-0.068,L2
全样本,站上MA55 + KDJ金叉态,4698,0.1822,0.2384,0.764,0.3638,0.428,-0.0642,L2
全样本,站上MA55 + KDJ_J超卖,4849,0.1853,0.2482,0.747,0.3584,0.428,-0.0695,L2
全样本,站上MA55 + KDJ低位金叉,1316,0.0479,0.0692,0.692,0.3412,0.428,-0.0868,L2
全样本,站上MA55 + KDJ_D小于30,2970,0.1117,0.1533,0.729,0.3529,0.428,-0.0751,L2
全样本,站上MA55 + RSI6大于50,4294,0.1719,0.2139,0.803,0.3754,0.428,-0.0526,L2
全样本,站上MA55 + RSI金叉,4201,0.1692,0.2085,0.811,0.3778,0.428,-0.0502,L2
全样本,站上MA55 + RSI6超卖,3542,0.1437,0.175,0.821,0.3806,0.428,-0.0474,L2
全样本,站上MA55 + RSI底背离,1373,0.0505,0.0717,0.705,0.3452,0.428,-0.0827,L2
全样本,站上MA55 + 威科夫得分大于4,2134,0.0778,0.112,0.695,0.3421,0.428,-0.0859,L2
全样本,站上MA55 + 威科夫得分大于7,922,0.0341,0.048,0.71,0.3471,0.428,-0.0809,L2
全样本,站上MA55 + 积累阶段,1687,0.0695,0.0826,0.842,0.3865,0.428,-0.0415,L2
全样本,站上MA55 + 威科夫B1突破,119,0.005,0.0057,0.873,0.395,0.428,-0.033,L2
全样本,站上MA55 + 黄金柱,504,0.0197,0.0254,0.775,0.3671,0.428,-0.0609,L2
全样本,站上MA55 + 量能金叉,1521,0.0631,0.0741,0.852,0.3892,0.428,-0.0388,L2
全样本,站上MA55 + 六脉红灯大于5,3937,0.1591,0.195,0.816,0.379,0.428,-0.049,L2
全样本,站上MA55 + 六脉红灯大于6,3364,0.1374,0.1655,0.83,0.3832,0.428,-0.0448,L2
全样本,站上MA55 + 六脉6红首发,3364,0.1374,0.1655,0.83,0.3832,0.428,-0.0448,L2
全样本,站上MA55 + 六脉5红首发,3937,0.1591,0.195,0.816,0.379,0.428,-0.049,L2
全样本,站上MA55 + 偏多共振,1751,0.0548,0.0987,0.555,0.2935,0.428,-0.1344,L2
全样本,站上MA55 + 多头共振,1746,0.0548,0.0983,0.558,0.2944,0.428,-0.1336,L2
全样本,站上MA55 + 火箭信号,776,0.0373,0.034,1.098,0.451,0.428,0.0231,L2
全样本,站上MA55 + 二连板,75,0.0042,0.0029,1.448,0.52,0.428,0.092,L2
全样本,站上MA55 + 二次涨停,89,0.0038,0.0042,0.908,0.4045,0.428,-0.0235,L2
全样本,站上MA55 + 中枢进机会区,2087,0.0888,0.1,0.888,0.3991,0.428,-0.0288,L2
全样本,站上MA55 + 中枢极限底,1224,0.0563,0.0555,1.014,0.4314,0.428,0.0034,L2
全样本,站上MA55 + 中枢上穿中轴,2774,0.1189,0.1323,0.898,0.4019,0.428,-0.026,L2
全样本,站上MA55 + 中枢底部蓄力,1566,0.0616,0.0788,0.782,0.3691,0.428,-0.0589,L2
全样本,站上MA55 + 中枢底部回升,2751,0.1182,0.131,0.903,0.4031,0.428,-0.0248,L2
全样本,站上MA55 + 大盘多头,2929,0.093,0.1641,0.567,0.2977,0.428,-0.1303,L2
全样本,站上MA55 + 大盘空头,1491,0.0634,0.0715,0.888,0.3991,0.428,-0.0289,L2
全样本,站上MA55 + 大盘安全,3608,0.1187,0.199,0.596,0.3085,0.428,-0.1195,L2
全样本,站上MA55 + SID等于1,2929,0.093,0.1641,0.567,0.2977,0.428,-0.1303,L2
全样本,站上MA55 + SID等于2,3834,0.1488,0.1945,0.765,0.3641,0.428,-0.0639,L2
全样本,站上MA55 + SID小于等于2,4698,0.1696,0.2478,0.684,0.3387,0.428,-0.0893,L2
全样本,站上MA55 + 大盘5日上涨,4071,0.14,0.22,0.636,0.3225,0.428,-0.1054,L2
全样本,站上MA55 + 相对强弱大于0,3395,0.1379,0.1677,0.822,0.3809,0.428,-0.0471,L2
全样本,站上MA55 + 相对强弱大于5,1256,0.058,0.0568,1.021,0.4331,0.428,0.0051,L2
全样本,站上MA55 + 量比>=1.3,984,0.046,0.0441,1.042,0.438,0.428,0.01,L2
全样本,站上MA55 + 量比>=2,254,0.013,0.0105,1.235,0.4803,0.428,0.0523,L2
全样本,站上MA55 + 距前高<=10%,1308,0.0495,0.0673,0.735,0.3547,0.428,-0.0732,L2
全样本,站上MA55 + 距前低<=10%,1894,0.0868,0.0862,1.007,0.4298,0.428,0.0018,L2
全样本,站上MA55 + 相对强弱>=0,783,0.0338,0.0372,0.909,0.4049,0.428,-0.0231,L2
全样本,站上MA55 + 相对强弱>=5,104,0.0051,0.0045,1.146,0.4615,0.428,0.0336,L2
全样本,站上MA89 + 站上MA144,6033,0.2006,0.3312,0.606,0.3118,0.428,-0.1162,L2
全样本,站上MA89 + 站上MA233,5441,0.1814,0.2983,0.608,0.3126,0.428,-0.1153,L2
全样本,站上MA89 + 斐波短中多头,1015,0.0331,0.0562,0.588,0.3054,0.428,-0.1226,L2
全样本,站上MA89 + 斐波长多头,3267,0.1002,0.1856,0.54,0.2877,0.428,-0.1402,L2
全样本,站上MA89 + 斐波全多头,405,0.0125,0.023,0.543,0.2889,0.428,-0.1391,L2
全样本,站上MA89 + MA55上穿MA89,215,0.008,0.0112,0.716,0.3488,0.428,-0.0791,L2
全样本,站上MA89 + 放量,4333,0.158,0.2274,0.695,0.342,0.428,-0.0859,L2
全样本,站上MA89 + 缩量,6157,0.2031,0.3392,0.599,0.3094,0.428,-0.1186,L2
全样本,站上MA89 + 量比大于1,5954,0.2048,0.3217,0.637,0.3226,0.428,-0.1053,L2
全样本,站上MA89 + 量比大于1_3,4318,0.1557,0.228,0.683,0.3381,0.428,-0.0899,L2
全样本,站上MA89 + 量比大于2,1902,0.0748,0.0957,0.782,0.3691,0.428,-0.0589,L2
全样本,站上MA89 + 量能递增,3323,0.1272,0.1699,0.749,0.359,0.428,-0.069,L2
全样本,站上MA89 + 价涨量增,3780,0.1391,0.1974,0.705,0.3452,0.428,-0.0827,L2
全样本,站上MA89 + 价涨量缩,4986,0.1638,0.2752,0.595,0.3081,0.428,-0.1199,L2
全样本,站上MA89 + MACD_DIF大于0,3672,0.1265,0.1983,0.638,0.323,0.428,-0.105,L2
全样本,站上MA89 + MACD金叉态,1729,0.0672,0.0877,0.766,0.3644,0.428,-0.0636,L2
全样本,站上MA89 + MACD柱递增,5821,0.1977,0.3164,0.625,0.3185,0.428,-0.1095,L2
全样本,站上MA89 + MACD零轴上金叉,487,0.0192,0.0245,0.784,0.3696,0.428,-0.0584,L2
全样本,站上MA89 + MACD底背离,2741,0.0816,0.1576,0.517,0.2791,0.428,-0.1489,L2
全样本,站上MA89 + BOLL收上中轨,3383,0.1231,0.1777,0.693,0.3414,0.428,-0.0866,L2
全样本,站上MA89 + BOLL突破上轨,654,0.0269,0.0321,0.838,0.3853,0.428,-0.0427,L2
全样本,站上MA89 + BOLL触下轨反弹,4105,0.1477,0.217,0.681,0.3374,0.428,-0.0906,L2
全样本,站上MA89 + BOLL开口扩张,6111,0.2107,0.3299,0.639,0.3234,0.428,-0.1046,L2
全样本,站上MA89 + KDJ金叉态,5529,0.191,0.2982,0.64,0.3239,0.428,-0.104,L2
全样本,站上MA89 + KDJ_J超卖,5961,0.2058,0.3216,0.64,0.3238,0.428,-0.1042,L2
全样本,站上MA89 + KDJ低位金叉,2093,0.0688,0.1155,0.595,0.3082,0.428,-0.1198,L2
全样本,站上MA89 + KDJ_D小于30,4133,0.1402,0.2248,0.624,0.3182,0.428,-0.1098,L2
全样本,站上MA89 + RSI6大于50,4425,0.1599,0.2333,0.685,0.339,0.428,-0.089,L2
全样本,站上MA89 + RSI金叉,4764,0.1706,0.2524,0.676,0.3359,0.428,-0.0921,L2
全样本,站上MA89 + RSI6超卖,4615,0.1669,0.2433,0.686,0.3391,0.428,-0.0889,L2
全样本,站上MA89 + RSI底背离,2023,0.0639,0.1136,0.562,0.2961,0.428,-0.1319,L2
全样本,站上MA89 + 威科夫得分大于4,2406,0.0844,0.1287,0.656,0.3292,0.428,-0.0988,L2
全样本,站上MA89 + 威科夫得分大于7,996,0.0355,0.0529,0.671,0.3343,0.428,-0.0936,L2
全样本,站上MA89 + 积累阶段,2597,0.0881,0.1413,0.623,0.3181,0.428,-0.1099,L2
全样本,站上MA89 + 威科夫B1突破,83,0.0034,0.0041,0.839,0.3855,0.428,-0.0424,L2
全样本,站上MA89 + 黄金柱,505,0.0173,0.0274,0.631,0.3208,0.428,-0.1072,L2
全样本,站上MA89 + 量能金叉,1364,0.0524,0.0696,0.752,0.36,0.428,-0.068,L2
全样本,站上MA89 + 六脉红灯大于5,4376,0.1571,0.2316,0.678,0.3366,0.428,-0.0914,L2
全样本,站上MA89 + 六脉红灯大于6,3479,0.1288,0.1812,0.711,0.3472,0.428,-0.0807,L2
全样本,站上MA89 + 六脉6红首发,3479,0.1288,0.1812,0.711,0.3472,0.428,-0.0807,L2
全样本,站上MA89 + 六脉5红首发,4376,0.1571,0.2316,0.678,0.3366,0.428,-0.0914,L2
全样本,站上MA89 + 偏多共振,2004,0.0649,0.1113,0.584,0.3039,0.428,-0.1241,L2
全样本,站上MA89 + 多头共振,1998,0.0649,0.1108,0.586,0.3048,0.428,-0.1232,L2
全样本,站上MA89 + 火箭信号,748,0.0342,0.0341,1.005,0.4291,0.428,0.0012,L2
全样本,站上MA89 + 二连板,72,0.0038,0.0029,1.337,0.5,0.428,0.072,L2
全样本,站上MA89 + 二次涨停,90,0.0036,0.0045,0.812,0.3778,0.428,-0.0502,L2
全样本,站上MA89 + 极限抄底,122,0.0051,0.0059,0.867,0.3934,0.428,-0.0345,L2
全样本,站上MA89 + 中枢进机会区,2727,0.1026,0.1408,0.729,0.3528,0.428,-0.0752,L2
全样本,站上MA89 + 中枢极限底,2040,0.0762,0.1057,0.721,0.3505,0.428,-0.0775,L2
全样本,站上MA89 + 中枢上穿中轴,2378,0.0943,0.1192,0.791,0.3717,0.428,-0.0562,L2
全样本,站上MA89 + 中枢底部蓄力,2852,0.0929,0.158,0.588,0.3054,0.428,-0.1226,L2
全样本,站上MA89 + 中枢底部回升,4002,0.1452,0.2106,0.69,0.3403,0.428,-0.0876,L2
全样本,站上MA89 + 大盘多头,3373,0.0985,0.1954,0.504,0.2739,0.428,-0.154,L2
全样本,站上MA89 + 大盘空头,1826,0.0649,0.0971,0.669,0.3335,0.428,-0.0945,L2
全样本,站上MA89 + 大盘安全,4124,0.1227,0.2372,0.517,0.2791,0.428,-0.1489,L2
全样本,站上MA89 + SID等于1,3373,0.0985,0.1954,0.504,0.2739,0.428,-0.154,L2
全样本,站上MA89 + SID等于2,4602,0.1635,0.2448,0.668,0.3331,0.428,-0.0949,L2
全样本,站上MA89 + SID小于等于2,5704,0.1886,0.3139,0.601,0.3101,0.428,-0.1178,L2
全样本,站上MA89 + 大盘5日上涨,4826,0.151,0.272,0.555,0.2934,0.428,-0.1346,L2
全样本,站上MA89 + 相对强弱大于0,3508,0.1311,0.1817,0.722,0.3506,0.428,-0.0773,L2
全样本,站上MA89 + 相对强弱大于5,1206,0.052,0.0573,0.908,0.4046,0.428,-0.0233,L2
全样本,站上MA89 + 量比>=1.3,1030,0.0419,0.0508,0.825,0.3816,0.428,-0.0464,L2
全样本,站上MA89 + 量比>=2,239,0.0106,0.0112,0.945,0.4142,0.428,-0.0137,L2
全样本,站上MA89 + 距前高<=10%,1259,0.0446,0.0671,0.664,0.332,0.428,-0.096,L2
全样本,站上MA89 + 深跌(距前高>40%),148,0.0038,0.0089,0.43,0.2432,0.428,-0.1847,L2
全样本,站上MA89 + 距前低<=10%,2367,0.0923,0.1197,0.771,0.3659,0.428,-0.0621,L2
全样本,站上MA89 + 相对强弱>=0,756,0.0292,0.0384,0.76,0.3624,0.428,-0.0655,L2
全样本,站上MA89 + 相对强弱>=5,103,0.0045,0.0049,0.92,0.4078,0.428,-0.0202,L2
全样本,站上MA144 + 站上MA233,7516,0.2548,0.4089,0.623,0.318,0.428,-0.11,L2
全样本,站上MA144 + 斐波短中多头,965,0.0323,0.0528,0.612,0.314,0.428,-0.114,L2
全样本,站上MA144 + 斐波长多头,4839,0.1533,0.2713,0.565,0.2972,0.428,-0.1308,L2
全样本,站上MA144 + 斐波全多头,415,0.013,0.0234,0.557,0.294,0.428,-0.134,L2
全样本,站上MA144 + MA55上穿MA89,209,0.0096,0.0095,1.011,0.4306,0.428,0.0027,L2
全样本,站上MA144 + 放量,5377,0.1974,0.2813,0.702,0.3442,0.428,-0.0837,L2
全样本,站上MA144 + 缩量,7957,0.264,0.4372,0.604,0.3112,0.428,-0.1168,L2
全样本,站上MA144 + 量比大于1,7616,0.263,0.4107,0.64,0.3239,0.428,-0.104,L2
全样本,站上MA144 + 量比大于1_3,5395,0.1948,0.2846,0.684,0.3386,0.428,-0.0893,L2
全样本,站上MA144 + 量比大于2,2175,0.0882,0.1075,0.82,0.3802,0.428,-0.0477,L2
全样本,站上MA144 + 量能递增,4027,0.1544,0.2057,0.75,0.3596,0.428,-0.0684,L2
全样本,站上MA144 + 价涨量增,4565,0.1673,0.239,0.7,0.3437,0.428,-0.0843,L2
全样本,站上MA144 + 价涨量缩,6534,0.2167,0.3591,0.603,0.311,0.428,-0.117,L2
全样本,站上MA144 + MACD_DIF大于0,3519,0.1244,0.1876,0.663,0.3316,0.428,-0.0963,L2
全样本,站上MA144 + MACD金叉态,2137,0.0738,0.1153,0.64,0.3238,0.428,-0.1042,L2
全样本,站上MA144 + MACD柱递增,7535,0.2562,0.4094,0.626,0.3189,0.428,-0.1091,L2
全样本,站上MA144 + MACD零轴上金叉,447,0.0174,0.0227,0.767,0.3647,0.428,-0.0633,L2
全样本,站上MA144 + MACD底背离,4101,0.1197,0.2376,0.504,0.2738,0.428,-0.1541,L2
全样本,站上MA144 + BOLL收上中轨,3453,0.1223,0.184,0.665,0.3322,0.428,-0.0958,L2
全样本,站上MA144 + BOLL突破上轨,619,0.0239,0.0315,0.758,0.3619,0.428,-0.0661,L2
全样本,站上MA144 + BOLL触下轨反弹,5216,0.189,0.2746,0.688,0.3399,0.428,-0.0881,L2
全样本,站上MA144 + BOLL开口扩张,7774,0.271,0.4174,0.649,0.327,0.428,-0.101,L2
全样本,站上MA144 + KDJ金叉态,7119,0.246,0.3839,0.641,0.3241,0.428,-0.1039,L2
全样本,站上MA144 + KDJ_J超卖,7678,0.266,0.4134,0.643,0.325,0.428,-0.103,L2
全样本,站上MA144 + KDJ低位金叉,3297,0.1136,0.178,0.638,0.323,0.428,-0.105,L2
全样本,站上MA144 + KDJ_D小于30,5827,0.1998,0.3153,0.634,0.3216,0.428,-0.1064,L2
全样本,站上MA144 + RSI6大于50,4941,0.1721,0.2654,0.648,0.3267,0.428,-0.1013,L2
全样本,站上MA144 + RSI金叉,6052,0.2109,0.325,0.649,0.3268,0.428,-0.1011,L2
全样本,站上MA144 + RSI6超卖,6376,0.23,0.3366,0.683,0.3383,0.428,-0.0897,L2
全样本,站上MA144 + RSI底背离,3086,0.0925,0.1769,0.523,0.2813,0.428,-0.1467,L2
全样本,站上MA144 + 威科夫得分大于4,2540,0.0885,0.1364,0.649,0.3268,0.428,-0.1012,L2
全样本,站上MA144 + 威科夫得分大于7,1019,0.0357,0.0546,0.655,0.3288,0.428,-0.0992,L2
全样本,站上MA144 + 积累阶段,3902,0.125,0.2178,0.574,0.3004,0.428,-0.1276,L2
全样本,站上MA144 + 威科夫B3弹簧,69,0.0016,0.0043,0.371,0.2174,0.428,-0.2106,L2
全样本,站上MA144 + 威科夫B1突破,79,0.003,0.0041,0.734,0.3544,0.428,-0.0735,L2
全样本,站上MA144 + 黄金柱,553,0.0174,0.0311,0.559,0.2948,0.428,-0.1332,L2
全样本,站上MA144 + 量能金叉,1496,0.0586,0.0755,0.777,0.3676,0.428,-0.0603,L2
全样本,站上MA144 + 六脉红灯大于5,5458,0.1879,0.2948,0.637,0.3228,0.428,-0.1051,L2
全样本,站上MA144 + 六脉红灯大于6,3923,0.1386,0.2092,0.662,0.3314,0.428,-0.0966,L2
全样本,站上MA144 + 六脉6红首发,3923,0.1386,0.2092,0.662,0.3314,0.428,-0.0966,L2
全样本,站上MA144 + 六脉5红首发,5458,0.1879,0.2948,0.637,0.3228,0.428,-0.1051,L2
全样本,站上MA144 + 偏多共振,2153,0.0729,0.1172,0.622,0.3177,0.428,-0.1103,L2
全样本,站上MA144 + 多头共振,2146,0.0729,0.1166,0.625,0.3187,0.428,-0.1092,L2
全样本,站上MA144 + 火箭信号,783,0.0347,0.0365,0.948,0.4151,0.428,-0.0129,L2
全样本,站上MA144 + 二连板,66,0.0032,0.0029,1.114,0.4545,0.428,0.0266,L2
全样本,站上MA144 + 二次涨停,94,0.0036,0.0048,0.757,0.3617,0.428,-0.0663,L2
全样本,站上MA144 + 极限抄底,309,0.0132,0.0148,0.896,0.4013,0.428,-0.0267,L2
全样本,站上MA144 + 中枢进机会区,3557,0.1342,0.1833,0.732,0.3539,0.428,-0.074,L2
全样本,站上MA144 + 中枢极限底,3289,0.1201,0.1725,0.696,0.3424,0.428,-0.0856,L2
全样本,站上MA144 + 中枢上穿中轴,2289,0.0909,0.1146,0.794,0.3727,0.428,-0.0553,L2
全样本,站上MA144 + 中枢底部蓄力,4730,0.1519,0.2636,0.576,0.3013,0.428,-0.1267,L2
全样本,站上MA144 + 中枢底部回升,5979,0.2111,0.319,0.662,0.3312,0.428,-0.0968,L2
全样本,站上MA144 + 大盘多头,3883,0.1127,0.2254,0.5,0.2722,0.428,-0.1558,L2
全样本,站上MA144 + 大盘空头,2512,0.0796,0.1408,0.566,0.2974,0.428,-0.1306,L2
全样本,站上MA144 + 大盘安全,4827,0.1385,0.2814,0.492,0.2691,0.428,-0.1589,L2
全样本,站上MA144 + SID等于1,3883,0.1127,0.2254,0.5,0.2722,0.428,-0.1558,L2
全样本,站上MA144 + SID等于2,5888,0.2125,0.3107,0.684,0.3385,0.428,-0.0895,L2
全样本,站上MA144 + SID小于等于2,7164,0.2426,0.39,0.622,0.3176,0.428,-0.1104,L2
全样本,站上MA144 + 大盘5日上涨,5970,0.1787,0.3425,0.522,0.2807,0.428,-0.1472,L2
全样本,站上MA144 + 相对强弱大于0,3908,0.142,0.2055,0.691,0.3408,0.428,-0.0871,L2
全样本,站上MA144 + 相对强弱大于5,1208,0.0502,0.0588,0.854,0.3899,0.428,-0.0381,L2
全样本,站上MA144 + 量比>=1.3,1325,0.058,0.0623,0.931,0.4106,0.428,-0.0174,L2
全样本,站上MA144 + 量比>=2,296,0.0146,0.0127,1.152,0.4628,0.428,0.0349,L2
全样本,站上MA144 + 距前高<=10%,1153,0.0414,0.061,0.678,0.3365,0.428,-0.0915,L2
全样本,站上MA144 + 深跌(距前高>40%),337,0.0094,0.0199,0.472,0.2611,0.428,-0.1668,L2
全样本,站上MA144 + 距前低<=10%,4163,0.1464,0.2226,0.658,0.3298,0.428,-0.0982,L2
全样本,站上MA144 + 相对强弱>=0,814,0.0308,0.0419,0.736,0.355,0.428,-0.0729,L2
全样本,站上MA144 + 相对强弱>=5,95,0.0042,0.0045,0.931,0.4105,0.428,-0.0174,L2
全样本,站上MA233 + 斐波短中多头,877,0.0301,0.0475,0.633,0.3216,0.428,-0.1064,L2
全样本,站上MA233 + 斐波长多头,5497,0.1816,0.3026,0.6,0.3098,0.428,-0.1182,L2
全样本,站上MA233 + 斐波全多头,419,0.0133,0.0235,0.568,0.2983,0.428,-0.1296,L2
全样本,站上MA233 + MA55上穿MA89,230,0.0115,0.0097,1.183,0.4696,0.428,0.0416,L2
全样本,站上MA233 + 放量,6204,0.2433,0.3129,0.778,0.3678,0.428,-0.0601,L2
全样本,站上MA233 + 缩量,8906,0.3122,0.4769,0.655,0.3288,0.428,-0.0992,L2
全样本,站上MA233 + 量比大于1,8621,0.3153,0.4518,0.698,0.343,0.428,-0.085,L2
全样本,站上MA233 + 量比大于1_3,6144,0.2372,0.3126,0.759,0.3621,0.428,-0.0658,L2
全样本,站上MA233 + 量比大于2,2478,0.1094,0.1158,0.944,0.414,0.428,-0.0139,L2
全样本,站上MA233 + 量能递增,4637,0.1936,0.225,0.86,0.3916,0.428,-0.0363,L2
全样本,站上MA233 + 价涨量增,5227,0.204,0.2644,0.772,0.366,0.428,-0.062,L2
全样本,站上MA233 + 价涨量缩,7378,0.2606,0.3936,0.662,0.3313,0.428,-0.0967,L2
全样本,站上MA233 + MACD_DIF大于0,3286,0.1217,0.1711,0.711,0.3472,0.428,-0.0807,L2
全样本,站上MA233 + MACD金叉态,2489,0.0811,0.1378,0.589,0.3057,0.428,-0.1222,L2
全样本,站上MA233 + MACD柱递增,8527,0.3085,0.4494,0.686,0.3393,0.428,-0.0887,L2
全样本,站上MA233 + MACD零轴上金叉,402,0.0154,0.0206,0.746,0.3582,0.428,-0.0698,L2
全样本,站上MA233 + MACD底背离,4644,0.1372,0.2678,0.512,0.2771,0.428,-0.1508,L2
全样本,站上MA233 + BOLL收上中轨,3475,0.1233,0.185,0.666,0.3327,0.428,-0.0953,L2
全样本,站上MA233 + BOLL突破上轨,578,0.0222,0.0295,0.751,0.3599,0.428,-0.0681,L2
全样本,站上MA233 + BOLL触下轨反弹,6012,0.2305,0.3071,0.751,0.3596,0.428,-0.0684,L2
全样本,站上MA233 + BOLL开口扩张,8797,0.3254,0.4583,0.71,0.3469,0.428,-0.081,L2
全样本,站上MA233 + KDJ金叉态,8113,0.2982,0.4241,0.703,0.3448,0.428,-0.0832,L2
全样本,站上MA233 + KDJ_J超卖,8716,0.3198,0.456,0.701,0.3441,0.428,-0.0839,L2
全样本,站上MA233 + KDJ低位金叉,4083,0.155,0.2097,0.739,0.3561,0.428,-0.0719,L2
全样本,站上MA233 + KDJ_D小于30,6824,0.2498,0.3575,0.699,0.3433,0.428,-0.0846,L2
全样本,站上MA233 + RSI6大于50,5209,0.1825,0.279,0.654,0.3287,0.428,-0.0993,L2
全样本,站上MA233 + RSI金叉,6896,0.2502,0.3629,0.69,0.3403,0.428,-0.0876,L2
全样本,站上MA233 + RSI6超卖,7475,0.2859,0.3824,0.747,0.3587,0.428,-0.0693,L2
全样本,站上MA233 + RSI底背离,3527,0.1053,0.2025,0.52,0.2801,0.428,-0.1478,L2
全样本,站上MA233 + 威科夫得分大于4,2399,0.0851,0.1277,0.666,0.3326,0.428,-0.0953,L2
全样本,站上MA233 + 威科夫得分大于7,941,0.0331,0.0503,0.657,0.3294,0.428,-0.0985,L2
全样本,站上MA233 + 积累阶段,4349,0.139,0.2429,0.572,0.2998,0.428,-0.1281,L2
全样本,站上MA233 + 威科夫B3弹簧,88,0.0025,0.0052,0.473,0.2614,0.428,-0.1666,L2
全样本,站上MA233 + 威科夫B1突破,82,0.0031,0.0042,0.731,0.3537,0.428,-0.0743,L2
全样本,站上MA233 + 黄金柱,548,0.0171,0.031,0.551,0.292,0.428,-0.136,L2
全样本,站上MA233 + 量能金叉,1671,0.0737,0.0782,0.942,0.4135,0.428,-0.0144,L2
全样本,站上MA233 + 六脉红灯大于5,6030,0.2113,0.3229,0.654,0.3287,0.428,-0.0993,L2
全样本,站上MA233 + 六脉红灯大于6,4231,0.1502,0.2251,0.667,0.333,0.428,-0.095,L2
全样本,站上MA233 + 六脉6红首发,4231,0.1502,0.2251,0.667,0.333,0.428,-0.095,L2
全样本,站上MA233 + 六脉5红首发,6030,0.2113,0.3229,0.654,0.3287,0.428,-0.0993,L2
全样本,站上MA233 + 偏多共振,2093,0.0751,0.1108,0.677,0.3364,0.428,-0.0916,L2
全样本,站上MA233 + 多头共振,2085,0.075,0.1102,0.68,0.3372,0.428,-0.0908,L2
全样本,站上MA233 + 火箭信号,803,0.0364,0.0369,0.987,0.4247,0.428,-0.0033,L2
全样本,站上MA233 + 二连板,60,0.003,0.0026,1.17,0.4667,0.428,0.0387,L2
全样本,站上MA233 + 二次涨停,99,0.0037,0.0051,0.731,0.3535,0.428,-0.0744,L2
全样本,站上MA233 + 极限抄底,470,0.0251,0.0187,1.337,0.5,0.428,0.072,L2
全样本,站上MA233 + 中枢进机会区,4080,0.1641,0.2027,0.81,0.3772,0.428,-0.0508,L2
全样本,站上MA233 + 中枢极限底,4129,0.1613,0.2087,0.773,0.3664,0.428,-0.0615,L2
全样本,站上MA233 + 中枢上穿中轴,2248,0.0925,0.1101,0.841,0.3861,0.428,-0.0419,L2
全样本,站上MA233 + 中枢底部蓄力,5776,0.1955,0.3145,0.622,0.3175,0.428,-0.1105,L2
全样本,站上MA233 + 中枢底部回升,7224,0.2708,0.3736,0.725,0.3516,0.428,-0.0764,L2
全样本,站上MA233 + 大盘多头,4110,0.1203,0.2379,0.506,0.2745,0.428,-0.1535,L2
全样本,站上MA233 + 大盘空头,2901,0.0885,0.1652,0.536,0.2861,0.428,-0.1419,L2
全样本,站上MA233 + 大盘安全,5387,0.1551,0.3137,0.495,0.2701,0.428,-0.1579,L2
全样本,站上MA233 + SID等于1,4110,0.1203,0.2379,0.506,0.2745,0.428,-0.1535,L2
全样本,站上MA233 + SID等于2,6903,0.2673,0.3507,0.762,0.3632,0.428,-0.0648,L2
全样本,站上MA233 + SID小于等于2,8210,0.2981,0.4319,0.69,0.3406,0.428,-0.0874,L2
全样本,站上MA233 + 大盘5日上涨,6370,0.1882,0.3673,0.512,0.2771,0.428,-0.1509,L2
全样本,站上MA233 + 相对强弱大于0,3995,0.1477,0.2082,0.709,0.3467,0.428,-0.0813,L2
全样本,站上MA233 + 相对强弱大于5,1192,0.0492,0.0583,0.843,0.3867,0.428,-0.0412,L2
全样本,站上MA233 + 量比>=1.3,1780,0.0879,0.0763,1.152,0.4629,0.428,0.0349,L2
全样本,站上MA233 + 量比>=2,376,0.0194,0.0155,1.254,0.484,0.428,0.0561,L2
全样本,站上MA233 + 距前高<=10%,1023,0.0381,0.0531,0.716,0.349,0.428,-0.079,L2
全样本,站上MA233 + 深跌(距前高>40%),412,0.014,0.0224,0.623,0.318,0.428,-0.11,L2
全样本,站上MA233 + 距前低<=10%,5112,0.1785,0.2743,0.651,0.3275,0.428,-0.1005,L2
全样本,站上MA233 + 相对强弱>=0,815,0.0307,0.042,0.73,0.3534,0.428,-0.0746,L2
全样本,站上MA233 + 相对强弱>=5,91,0.0038,0.0044,0.875,0.3956,0.428,-0.0324,L2
全样本,斐波短中多头 + 斐波长多头,440,0.0146,0.0242,0.604,0.3114,0.428,-0.1166,L2
全样本,斐波短中多头 + 斐波全多头,419,0.0133,0.0235,0.568,0.2983,0.428,-0.1296,L2
全样本,斐波短中多头 + MA55上穿MA89,65,0.0027,0.0032,0.835,0.3846,0.428,-0.0434,L2
全样本,斐波短中多头 + 放量,797,0.0287,0.0421,0.681,0.3375,0.428,-0.0905,L2
全样本,斐波短中多头 + 缩量,1016,0.0359,0.0542,0.663,0.3317,0.428,-0.0963,L2
全样本,斐波短中多头 + 量比大于1,939,0.0318,0.0511,0.621,0.3174,0.428,-0.1106,L2
全样本,斐波短中多头 + 量比大于1_3,647,0.0211,0.0358,0.589,0.306,0.428,-0.1219,L2
全样本,斐波短中多头 + 量比大于2,286,0.0107,0.0148,0.719,0.3497,0.428,-0.0783,L2
全样本,斐波短中多头 + 量能递增,740,0.0312,0.0357,0.876,0.3959,0.428,-0.032,L2
全样本,斐波短中多头 + 价涨量增,616,0.0219,0.0328,0.667,0.3328,0.428,-0.0952,L2
全样本,斐波短中多头 + 价涨量缩,903,0.034,0.0466,0.73,0.3533,0.428,-0.0747,L2
全样本,斐波短中多头 + MACD_DIF大于0,1119,0.0403,0.0591,0.682,0.3378,0.428,-0.0902,L2
全样本,斐波短中多头 + MACD金叉态,352,0.0149,0.0169,0.883,0.3977,0.428,-0.0302,L2
全样本,斐波短中多头 + MACD柱递增,733,0.0244,0.0402,0.607,0.3124,0.428,-0.1156,L2
全样本,斐波短中多头 + MACD零轴上金叉,192,0.0071,0.01,0.716,0.349,0.428,-0.079,L2
全样本,斐波短中多头 + MACD底背离,190,0.0067,0.0101,0.663,0.3316,0.428,-0.0964,L2
全样本,斐波短中多头 + BOLL收上中轨,781,0.0264,0.0425,0.622,0.3175,0.428,-0.1104,L2
全样本,斐波短中多头 + BOLL突破上轨,193,0.0064,0.0106,0.603,0.3109,0.428,-0.1171,L2
全样本,斐波短中多头 + BOLL触下轨反弹,637,0.0249,0.0321,0.776,0.3673,0.428,-0.0606,L2
全样本,斐波短中多头 + BOLL开口扩张,986,0.0361,0.0516,0.7,0.3438,0.428,-0.0842,L2
全样本,斐波短中多头 + KDJ金叉态,685,0.0231,0.0373,0.62,0.3168,0.428,-0.1112,L2
全样本,斐波短中多头 + KDJ_J超卖,951,0.0357,0.0491,0.727,0.3523,0.428,-0.0757,L2
全样本,斐波短中多头 + KDJ_D小于30,159,0.0057,0.0085,0.668,0.3333,0.428,-0.0946,L2
全样本,斐波短中多头 + RSI6大于50,790,0.0265,0.0432,0.615,0.3152,0.428,-0.1128,L2
全样本,斐波短中多头 + RSI金叉,668,0.0237,0.0356,0.665,0.3323,0.428,-0.0956,L2
全样本,斐波短中多头 + RSI6超卖,563,0.0229,0.0278,0.826,0.3819,0.428,-0.0461,L2
全样本,斐波短中多头 + RSI底背离,87,0.0047,0.0034,1.368,0.5057,0.428,0.0778,L2
全样本,斐波短中多头 + 威科夫得分大于4,796,0.0294,0.0415,0.709,0.3467,0.428,-0.0812,L2
全样本,斐波短中多头 + 威科夫得分大于7,445,0.0162,0.0234,0.693,0.3416,0.428,-0.0864,L2
全样本,斐波短中多头 + 积累阶段,133,0.0058,0.0063,0.914,0.406,0.428,-0.022,L2
全样本,斐波短中多头 + 黄金柱,70,0.0022,0.0039,0.573,0.3,0.428,-0.128,L2
全样本,斐波短中多头 + 量能金叉,237,0.0073,0.0135,0.538,0.2869,0.428,-0.1411,L2
全样本,斐波短中多头 + 六脉红灯大于5,562,0.0196,0.0302,0.651,0.3274,0.428,-0.1006,L2
全样本,斐波短中多头 + 六脉红灯大于6,416,0.0138,0.0229,0.601,0.3101,0.428,-0.1179,L2
全样本,斐波短中多头 + 六脉6红首发,416,0.0138,0.0229,0.601,0.3101,0.428,-0.1179,L2
全样本,斐波短中多头 + 六脉5红首发,562,0.0196,0.0302,0.651,0.3274,0.428,-0.1006,L2
全样本,斐波短中多头 + 偏多共振,700,0.0235,0.0383,0.613,0.3143,0.428,-0.1137,L2
全样本,斐波短中多头 + 多头共振,700,0.0235,0.0383,0.613,0.3143,0.428,-0.1137,L2
全样本,斐波短中多头 + 火箭信号,135,0.0058,0.0065,0.891,0.4,0.428,-0.028,L2
全样本,斐波短中多头 + 中枢进机会区,250,0.0144,0.0092,1.569,0.54,0.428,0.112,L2
全样本,斐波短中多头 + 中枢极限底,121,0.0084,0.0034,2.514,0.6529,0.428,0.2249,L2
全样本,斐波短中多头 + 中枢上穿中轴,502,0.0174,0.027,0.643,0.3247,0.428,-0.1033,L2
全样本,斐波短中多头 + 中枢底部蓄力,64,0.0032,0.0027,1.179,0.4688,0.428,0.0408,L2
全样本,斐波短中多头 + 中枢底部回升,272,0.0147,0.0107,1.377,0.5074,0.428,0.0794,L2
全样本,斐波短中多头 + 大盘多头,695,0.0207,0.04,0.518,0.2791,0.428,-0.1488,L2
全样本,斐波短中多头 + 大盘空头,203,0.0062,0.0116,0.535,0.2857,0.428,-0.1423,L2
全样本,斐波短中多头 + 大盘安全,771,0.0228,0.0444,0.514,0.2776,0.428,-0.1504,L2
全样本,斐波短中多头 + SID等于1,695,0.0207,0.04,0.518,0.2791,0.428,-0.1488,L2
全样本,斐波短中多头 + SID等于2,798,0.0323,0.0395,0.818,0.3797,0.428,-0.0483,L2
全样本,斐波短中多头 + SID小于等于2,1004,0.0368,0.0526,0.7,0.3436,0.428,-0.0843,L2
全样本,斐波短中多头 + 大盘5日上涨,732,0.0226,0.0415,0.545,0.2896,0.428,-0.1384,L2
全样本,斐波短中多头 + 相对强弱大于0,845,0.0322,0.0433,0.743,0.3574,0.428,-0.0706,L2
全样本,斐波短中多头 + 相对强弱大于5,325,0.0136,0.0157,0.868,0.3938,0.428,-0.0341,L2
全样本,斐波短中多头 + 量比>=1.3,149,0.0055,0.0077,0.717,0.349,0.428,-0.079,L2
全样本,斐波短中多头 + 距前高<=10%,369,0.0111,0.0211,0.525,0.2818,0.428,-0.1461,L2
全样本,斐波短中多头 + 距前低<=10%,246,0.0108,0.0116,0.931,0.4106,0.428,-0.0174,L2
全样本,斐波短中多头 + 相对强弱>=0,235,0.0097,0.0115,0.845,0.3872,0.428,-0.0407,L2
全样本,斐波长多头 + 斐波全多头,419,0.0133,0.0235,0.568,0.2983,0.428,-0.1296,L2
全样本,斐波长多头 + MA55上穿MA89,189,0.013,0.0053,2.434,0.6455,0.428,0.2175,L2
全样本,斐波长多头 + 放量,3546,0.1359,0.1812,0.75,0.3596,0.428,-0.0684,L2
全样本,斐波长多头 + 缩量,5535,0.1894,0.2999,0.631,0.3209,0.428,-0.1071,L2
全样本,斐波长多头 + 量比大于1,5194,0.1849,0.276,0.67,0.3338,0.428,-0.0941,L2
全样本,斐波长多头 + 量比大于1_3,3574,0.1358,0.1835,0.74,0.3565,0.428,-0.0715,L2
全样本,斐波长多头 + 量比大于2,1264,0.057,0.0582,0.981,0.4233,0.428,-0.0047,L2
全样本,斐波长多头 + 量能递增,2576,0.1046,0.1272,0.822,0.3808,0.428,-0.0471,L2
全样本,斐波长多头 + 价涨量增,2830,0.1065,0.1461,0.729,0.353,0.428,-0.075,L2
全样本,斐波长多头 + 价涨量缩,4695,0.1627,0.2528,0.644,0.325,0.428,-0.1029,L2
全样本,斐波长多头 + MACD_DIF大于0,1722,0.0597,0.0927,0.644,0.3252,0.428,-0.1028,L2
全样本,斐波长多头 + MACD金叉态,1219,0.0345,0.0714,0.484,0.2658,0.428,-0.1622,L2
全样本,斐波长多头 + MACD柱递增,5210,0.1829,0.2788,0.656,0.3292,0.428,-0.0988,L2
全样本,斐波长多头 + MACD零轴上金叉,163,0.0053,0.009,0.591,0.3067,0.428,-0.1212,L2
全样本,斐波长多头 + MACD底背离,3189,0.0909,0.1863,0.488,0.2675,0.428,-0.1605,L2
全样本,斐波长多头 + BOLL收上中轨,1555,0.0477,0.0884,0.539,0.2875,0.428,-0.1405,L2
全样本,斐波长多头 + BOLL突破上轨,213,0.0076,0.0113,0.668,0.3333,0.428,-0.0946,L2
全样本,斐波长多头 + BOLL触下轨反弹,3494,0.1277,0.1832,0.697,0.3429,0.428,-0.0851,L2
全样本,斐波长多头 + BOLL开口扩张,5379,0.1943,0.2837,0.685,0.3387,0.428,-0.0892,L2
全样本,斐波长多头 + KDJ金叉态,4844,0.1722,0.2576,0.669,0.3334,0.428,-0.0946,L2
全样本,斐波长多头 + KDJ_J超卖,5375,0.1935,0.284,0.681,0.3377,0.428,-0.0903,L2
全样本,斐波长多头 + KDJ低位金叉,2790,0.1073,0.1423,0.754,0.3606,0.428,-0.0674,L2
全样本,斐波长多头 + KDJ_D小于30,4445,0.1609,0.2342,0.687,0.3395,0.428,-0.0885,L2
全样本,斐波长多头 + RSI6大于50,2614,0.0819,0.1473,0.556,0.2938,0.428,-0.1342,L2
全样本,斐波长多头 + RSI金叉,3938,0.1341,0.2138,0.627,0.3195,0.428,-0.1085,L2
全样本,斐波长多头 + RSI6超卖,4753,0.1778,0.2461,0.723,0.3509,0.428,-0.077,L2
全样本,斐波长多头 + RSI底背离,2250,0.0623,0.1329,0.469,0.2596,0.428,-0.1684,L2
全样本,斐波长多头 + 威科夫得分大于4,1371,0.0471,0.0741,0.636,0.3224,0.428,-0.1056,L2
全样本,斐波长多头 + 威科夫得分大于7,541,0.017,0.0305,0.556,0.2939,0.428,-0.1341,L2
全样本,斐波长多头 + 积累阶段,2818,0.082,0.1634,0.502,0.2729,0.428,-0.1551,L2
全样本,斐波长多头 + 威科夫B3弹簧,62,0.0018,0.0036,0.505,0.2742,0.428,-0.1538,L2
全样本,斐波长多头 + 黄金柱,243,0.006,0.0149,0.4,0.2305,0.428,-0.1975,L2
全样本,斐波长多头 + 量能金叉,776,0.035,0.0357,0.979,0.4227,0.428,-0.0053,L2
全样本,斐波长多头 + 六脉红灯大于5,3359,0.1075,0.1875,0.573,0.3001,0.428,-0.1279,L2
全样本,斐波长多头 + 六脉红灯大于6,2087,0.0657,0.1173,0.56,0.2952,0.428,-0.1328,L2
全样本,斐波长多头 + 六脉6红首发,2087,0.0657,0.1173,0.56,0.2952,0.428,-0.1328,L2
全样本,斐波长多头 + 六脉5红首发,3359,0.1075,0.1875,0.573,0.3001,0.428,-0.1279,L2
全样本,斐波长多头 + 偏多共振,1342,0.0489,0.0704,0.695,0.342,0.428,-0.0859,L2
全样本,斐波长多头 + 多头共振,1339,0.0489,0.0702,0.697,0.3428,0.428,-0.0852,L2
全样本,斐波长多头 + 火箭信号,415,0.0158,0.0213,0.741,0.3566,0.428,-0.0713,L2
全样本,斐波长多头 + 二次涨停,66,0.0018,0.0039,0.464,0.2576,0.428,-0.1704,L2
全样本,斐波长多头 + 极限抄底,429,0.0252,0.0154,1.634,0.5501,0.428,0.1221,L2
全样本,斐波长多头 + 中枢进机会区,2466,0.0966,0.1244,0.776,0.3674,0.428,-0.0606,L2
全样本,斐波长多头 + 中枢极限底,2655,0.1012,0.1361,0.744,0.3574,0.428,-0.0705,L2
全样本,斐波长多头 + 中枢上穿中轴,887,0.0335,0.0457,0.732,0.354,0.428,-0.074,L2
全样本,斐波长多头 + 中枢底部蓄力,3920,0.1315,0.2143,0.613,0.3145,0.428,-0.1134,L2
全样本,斐波长多头 + 中枢底部回升,4676,0.1713,0.2448,0.7,0.3437,0.428,-0.0843,L2
全样本,斐波长多头 + 大盘多头,2430,0.0646,0.1455,0.444,0.2494,0.428,-0.1786,L2
全样本,斐波长多头 + 大盘空头,1822,0.0549,0.1043,0.527,0.2827,0.428,-0.1453,L2
全样本,斐波长多头 + 大盘安全,3173,0.0853,0.1893,0.451,0.2521,0.428,-0.1758,L2
全样本,斐波长多头 + SID等于1,2430,0.0646,0.1455,0.444,0.2494,0.428,-0.1786,L2
全样本,斐波长多头 + SID等于2,4090,0.1553,0.21,0.74,0.3562,0.428,-0.0717,L2
全样本,斐波长多头 + SID小于等于2,5000,0.1764,0.2669,0.661,0.3308,0.428,-0.0972,L2
全样本,斐波长多头 + 大盘5日上涨,3934,0.1101,0.2314,0.476,0.2626,0.428,-0.1654,L2
全样本,斐波长多头 + 相对强弱大于0,1970,0.0654,0.1082,0.604,0.3112,0.428,-0.1168,L2
全样本,斐波长多头 + 相对强弱大于5,540,0.0189,0.029,0.652,0.3278,0.428,-0.1002,L2
全样本,斐波长多头 + 量比>=1.3,1002,0.0501,0.0424,1.181,0.4691,0.428,0.0411,L2
全样本,斐波长多头 + 量比>=2,191,0.0097,0.008,1.216,0.4764,0.428,0.0485,L2
全样本,斐波长多头 + 距前高<=10%,369,0.0135,0.0193,0.701,0.3442,0.428,-0.0838,L2
全样本,斐波长多头 + 深跌(距前高>40%),380,0.0138,0.02,0.687,0.3395,0.428,-0.0885,L2
全样本,斐波长多头 + 距前低<=10%,3133,0.1063,0.1704,0.624,0.3182,0.428,-0.1097,L2
全样本,斐波长多头 + 相对强弱>=0,363,0.0118,0.0201,0.589,0.3058,0.428,-0.1222,L2
全样本,斐波全多头 + 放量,290,0.0094,0.0161,0.582,0.3034,0.428,-0.1245,L2
全样本,斐波全多头 + 缩量,381,0.0116,0.0217,0.536,0.2861,0.428,-0.1419,L2
全样本,斐波全多头 + 量比大于1,349,0.01,0.0203,0.493,0.2693,0.428,-0.1586,L2
全样本,斐波全多头 + 量比大于1_3,227,0.0063,0.0134,0.469,0.2599,0.428,-0.1681,L2
全样本,斐波全多头 + 量比大于2,96,0.0032,0.0053,0.608,0.3125,0.428,-0.1155,L2
全样本,斐波全多头 + 量能递增,275,0.0106,0.014,0.752,0.36,0.428,-0.068,L2
全样本,斐波全多头 + 价涨量增,217,0.0069,0.0121,0.572,0.2995,0.428,-0.1284,L2
全样本,斐波全多头 + 价涨量缩,335,0.0115,0.0181,0.636,0.3224,0.428,-0.1056,L2
全样本,斐波全多头 + MACD_DIF大于0,418,0.0132,0.0235,0.564,0.2967,0.428,-0.1313,L2
全样本,斐波全多头 + MACD金叉态,134,0.0049,0.007,0.699,0.3433,0.428,-0.0847,L2
全样本,斐波全多头 + MACD柱递增,262,0.0068,0.0158,0.432,0.2443,0.428,-0.1837,L2
全样本,斐波全多头 + MACD零轴上金叉,73,0.0019,0.0044,0.437,0.2466,0.428,-0.1814,L2
全样本,斐波全多头 + MACD底背离,100,0.0029,0.0058,0.494,0.27,0.428,-0.158,L2
全样本,斐波全多头 + BOLL收上中轨,292,0.0084,0.017,0.496,0.2705,0.428,-0.1574,L2
全样本,斐波全多头 + BOLL突破上轨,77,0.0019,0.0047,0.408,0.2338,0.428,-0.1942,L2
全样本,斐波全多头 + BOLL触下轨反弹,238,0.0076,0.0133,0.568,0.2983,0.428,-0.1297,L2
全样本,斐波全多头 + BOLL开口扩张,376,0.0119,0.0211,0.567,0.2979,0.428,-0.1301,L2
全样本,斐波全多头 + KDJ金叉态,244,0.0064,0.0147,0.436,0.2459,0.428,-0.1821,L2
全样本,斐波全多头 + KDJ_J超卖,340,0.0116,0.0184,0.631,0.3206,0.428,-0.1074,L2
全样本,斐波全多头 + KDJ_D小于30,62,0.002,0.0034,0.591,0.3065,0.428,-0.1215,L2
全样本,斐波全多头 + RSI6大于50,285,0.0077,0.017,0.452,0.2526,0.428,-0.1753,L2
全样本,斐波全多头 + RSI金叉,237,0.0069,0.0137,0.505,0.2743,0.428,-0.1537,L2
全样本,斐波全多头 + RSI6超卖,192,0.0068,0.0102,0.668,0.3333,0.428,-0.0946,L2
全样本,斐波全多头 + 威科夫得分大于4,361,0.012,0.0198,0.609,0.313,0.428,-0.115,L2
全样本,斐波全多头 + 威科夫得分大于7,223,0.0073,0.0124,0.586,0.3049,0.428,-0.123,L2
全样本,斐波全多头 + 量能金叉,79,0.0018,0.0049,0.366,0.2152,0.428,-0.2128,L2
全样本,斐波全多头 + 六脉红灯大于5,203,0.0052,0.0123,0.425,0.2414,0.428,-0.1866,L2
全样本,斐波全多头 + 六脉红灯大于6,155,0.0037,0.0096,0.39,0.2258,0.428,-0.2022,L2
全样本,斐波全多头 + 六脉6红首发,155,0.0037,0.0096,0.39,0.2258,0.428,-0.2022,L2
全样本,斐波全多头 + 六脉5红首发,203,0.0052,0.0123,0.425,0.2414,0.428,-0.1866,L2
全样本,斐波全多头 + 偏多共振,379,0.0123,0.0211,0.582,0.3034,0.428,-0.1245,L2
全样本,斐波全多头 + 多头共振,379,0.0123,0.0211,0.582,0.3034,0.428,-0.1245,L2
全样本,斐波全多头 + 火箭信号,60,0.0015,0.0037,0.407,0.2333,0.428,-0.1946,L2
全样本,斐波全多头 + 中枢进机会区,96,0.005,0.0039,1.282,0.4896,0.428,0.0616,L2
全样本,斐波全多头 + 中枢上穿中轴,188,0.0059,0.0106,0.553,0.2926,0.428,-0.1354,L2
全样本,斐波全多头 + 中枢底部回升,106,0.0052,0.0045,1.149,0.4623,0.428,0.0343,L2
全样本,斐波全多头 + 大盘多头,265,0.0069,0.016,0.434,0.2453,0.428,-0.1827,L2
全样本,斐波全多头 + 大盘空头,57,0.0014,0.0035,0.395,0.2281,0.428,-0.1999,L2
全样本,斐波全多头 + 大盘安全,298,0.0078,0.0179,0.434,0.245,0.428,-0.183,L2
全样本,斐波全多头 + SID等于1,265,0.0069,0.016,0.434,0.2453,0.428,-0.1827,L2
全样本,斐波全多头 + SID等于2,268,0.0097,0.0141,0.687,0.3396,0.428,-0.0884,L2
全样本,斐波全多头 + SID小于等于2,394,0.0129,0.0218,0.592,0.3071,0.428,-0.1209,L2
全样本,斐波全多头 + 大盘5日上涨,303,0.0079,0.0183,0.432,0.2442,0.428,-0.1837,L2
全样本,斐波全多头 + 相对强弱大于0,306,0.0098,0.0171,0.575,0.3007,0.428,-0.1273,L2
全样本,斐波全多头 + 相对强弱大于5,140,0.005,0.0074,0.675,0.3357,0.428,-0.0923,L2
全样本,斐波全多头 + 量比>=1.3,55,0.0019,0.003,0.65,0.3273,0.428,-0.1007,L2
全样本,斐波全多头 + 距前高<=10%,99,0.0029,0.0057,0.501,0.2727,0.428,-0.1552,L2
全样本,斐波全多头 + 距前低<=10%,71,0.0031,0.0034,0.923,0.4085,0.428,-0.0195,L2
全样本,斐波全多头 + 相对强弱>=0,78,0.0028,0.0041,0.668,0.3333,0.428,-0.0946,L2
全样本,MA55上穿MA89 + 放量,342,0.0177,0.014,1.261,0.4854,0.428,0.0574,L2
全样本,MA55上穿MA89 + 缩量,444,0.0216,0.0192,1.126,0.4572,0.428,0.0292,L2
全样本,MA55上穿MA89 + 量比大于1,440,0.0211,0.0193,1.094,0.45,0.428,0.022,L2
全样本,MA55上穿MA89 + 量比大于1_3,320,0.0159,0.0136,1.165,0.4656,0.428,0.0377,L2
全样本,MA55上穿MA89 + 量比大于2,130,0.008,0.0044,1.823,0.5769,0.428,0.149,L2
全样本,MA55上穿MA89 + 量能递增,261,0.0145,0.01,1.454,0.5211,0.428,0.0931,L2
全样本,MA55上穿MA89 + 价涨量增,278,0.0136,0.012,1.141,0.4604,0.428,0.0325,L2
全样本,MA55上穿MA89 + 价涨量缩,381,0.019,0.0162,1.172,0.4672,0.428,0.0392,L2
全样本,MA55上穿MA89 + MACD_DIF大于0,193,0.0087,0.0089,0.987,0.4249,0.428,-0.0031,L2
全样本,MA55上穿MA89 + MACD金叉态,87,0.0035,0.0043,0.817,0.3793,0.428,-0.0487,L2
全样本,MA55上穿MA89 + MACD柱递增,419,0.0209,0.0178,1.175,0.4678,0.428,0.0398,L2
全样本,MA55上穿MA89 + MACD底背离,165,0.007,0.0079,0.891,0.4,0.428,-0.028,L2
全样本,MA55上穿MA89 + BOLL收上中轨,161,0.0058,0.0085,0.675,0.3354,0.428,-0.0926,L2
全样本,MA55上穿MA89 + BOLL触下轨反弹,307,0.0152,0.0131,1.165,0.4658,0.428,0.0378,L2
全样本,MA55上穿MA89 + BOLL开口扩张,459,0.0232,0.0192,1.209,0.4749,0.428,0.047,L2
全样本,MA55上穿MA89 + KDJ金叉态,409,0.0205,0.0173,1.183,0.4694,0.428,0.0415,L2
全样本,MA55上穿MA89 + KDJ_J超卖,445,0.0226,0.0186,1.216,0.4764,0.428,0.0484,L2
全样本,MA55上穿MA89 + KDJ低位金叉,220,0.0117,0.0088,1.337,0.5,0.428,0.072,L2
全样本,MA55上穿MA89 + KDJ_D小于30,332,0.0165,0.0141,1.17,0.4669,0.428,0.0389,L2
全样本,MA55上穿MA89 + RSI6大于50,234,0.0088,0.012,0.735,0.3547,0.428,-0.0733,L2
全样本,MA55上穿MA89 + RSI金叉,347,0.0161,0.0156,1.03,0.4352,0.428,0.0072,L2
全样本,MA55上穿MA89 + RSI6超卖,377,0.0205,0.0148,1.387,0.5093,0.428,0.0813,L2
全样本,MA55上穿MA89 + RSI底背离,135,0.005,0.007,0.714,0.3481,0.428,-0.0798,L2
全样本,MA55上穿MA89 + 威科夫得分大于4,73,0.0035,0.0032,1.103,0.4521,0.428,0.0241,L2
全样本,MA55上穿MA89 + 积累阶段,113,0.0043,0.0058,0.732,0.354,0.428,-0.074,L2
全样本,MA55上穿MA89 + 量能金叉,108,0.0059,0.0042,1.387,0.5093,0.428,0.0813,L2
全样本,MA55上穿MA89 + 六脉红灯大于5,268,0.0114,0.0128,0.888,0.3993,0.428,-0.0287,L2
全样本,MA55上穿MA89 + 六脉红灯大于6,169,0.0065,0.0086,0.755,0.3609,0.428,-0.067,L2
全样本,MA55上穿MA89 + 六脉6红首发,169,0.0065,0.0086,0.755,0.3609,0.428,-0.067,L2
全样本,MA55上穿MA89 + 六脉5红首发,268,0.0114,0.0128,0.888,0.3993,0.428,-0.0287,L2
全样本,MA55上穿MA89 + 偏多共振,100,0.0058,0.0037,1.569,0.54,0.428,0.112,L2
全样本,MA55上穿MA89 + 多头共振,100,0.0058,0.0037,1.569,0.54,0.428,0.112,L2
全样本,MA55上穿MA89 + 中枢进机会区,214,0.0128,0.0075,1.706,0.5607,0.428,0.1328,L2
全样本,MA55上穿MA89 + 中枢极限底,211,0.0124,0.0076,1.632,0.5498,0.428,0.1218,L2
全样本,MA55上穿MA89 + 中枢上穿中轴,108,0.0043,0.0054,0.786,0.3704,0.428,-0.0576,L2
全样本,MA55上穿MA89 + 中枢底部蓄力,254,0.0117,0.0115,1.021,0.4331,0.428,0.0051,L2
全样本,MA55上穿MA89 + 中枢底部回升,352,0.0189,0.014,1.352,0.5028,0.428,0.0749,L2
全样本,MA55上穿MA89 + 大盘多头,164,0.0046,0.0097,0.475,0.2622,0.428,-0.1658,L2
全样本,MA55上穿MA89 + 大盘空头,111,0.0048,0.0053,0.911,0.4054,0.428,-0.0226,L2
全样本,MA55上穿MA89 + 大盘安全,217,0.0064,0.0125,0.511,0.2765,0.428,-0.1515,L2
全样本,MA55上穿MA89 + SID等于1,164,0.0046,0.0097,0.475,0.2622,0.428,-0.1658,L2
全样本,MA55上穿MA89 + SID等于2,381,0.02,0.0154,1.302,0.4934,0.428,0.0655,L2
全样本,MA55上穿MA89 + SID小于等于2,428,0.021,0.0184,1.14,0.4603,0.428,0.0323,L2
全样本,MA55上穿MA89 + 大盘5日上涨,287,0.0094,0.0159,0.591,0.3066,0.428,-0.1214,L2
全样本,MA55上穿MA89 + 相对强弱大于0,197,0.0087,0.0092,0.953,0.4162,0.428,-0.0117,L2
全样本,MA55上穿MA89 + 量比>=1.3,115,0.0073,0.0037,1.934,0.5913,0.428,0.1633,L2
全样本,MA55上穿MA89 + 距前高<=10%,100,0.003,0.0057,0.52,0.28,0.428,-0.148,L2
全样本,MA55上穿MA89 + 距前低<=10%,224,0.0098,0.0105,0.932,0.4107,0.428,-0.0173,L2
全样本,MA55上穿MA89 + 相对强弱>=0,64,0.0031,0.0028,1.107,0.4531,0.428,0.0252,L2
全样本,放量 + 缩量,13074,0.6134,0.584,1.05,0.44,0.428,0.0121,L2
全样本,放量 + 量比大于1,15145,0.7382,0.6558,1.126,0.4572,0.428,0.0292,L2
全样本,放量 + 量比大于1_3,12999,0.6395,0.5585,1.145,0.4614,0.428,0.0334,L2
全样本,放量 + 量比大于2,5438,0.2847,0.2208,1.289,0.491,0.428,0.063,L2
全样本,放量 + 量能递增,10785,0.5506,0.4484,1.228,0.4788,0.428,0.0508,L2
全样本,放量 + 价涨量增,12733,0.6259,0.5475,1.143,0.461,0.428,0.033,L2
全样本,放量 + 价涨量缩,10535,0.5071,0.461,1.1,0.4514,0.428,0.0235,L2
全样本,放量 + MACD_DIF大于0,2880,0.1185,0.1411,0.839,0.3858,0.428,-0.0422,L2
全样本,放量 + MACD金叉态,5635,0.246,0.2655,0.927,0.4094,0.428,-0.0186,L2
全样本,放量 + MACD柱递增,13742,0.6784,0.5886,1.153,0.463,0.428,0.0351,L2
全样本,放量 + MACD零轴上金叉,503,0.02,0.0251,0.798,0.3738,0.428,-0.0542,L2
全样本,放量 + MACD底背离,7663,0.3204,0.3716,0.862,0.3921,0.428,-0.0358,L2
全样本,放量 + BOLL收上中轨,5676,0.2373,0.2752,0.862,0.3922,0.428,-0.0358,L2
全样本,放量 + BOLL突破上轨,829,0.0352,0.0398,0.884,0.3981,0.428,-0.0299,L2
全样本,放量 + BOLL触下轨反弹,10682,0.5367,0.4505,1.191,0.4713,0.428,0.0433,L2
全样本,放量 + BOLL开口扩张,14161,0.7016,0.6047,1.16,0.4647,0.428,0.0367,L2
全样本,放量 + KDJ金叉态,13567,0.6692,0.5816,1.151,0.4626,0.428,0.0346,L2
全样本,放量 + KDJ_J超卖,13953,0.6908,0.5962,1.159,0.4643,0.428,0.0364,L2
全样本,放量 + KDJ低位金叉,6946,0.3748,0.2737,1.369,0.506,0.428,0.0781,L2
全样本,放量 + KDJ_D小于30,11037,0.5582,0.4628,1.206,0.4743,0.428,0.0463,L2
全样本,放量 + RSI6大于50,8962,0.3966,0.4182,0.949,0.4151,0.428,-0.0129,L2
全样本,放量 + RSI金叉,12887,0.6193,0.5647,1.097,0.4507,0.428,0.0227,L2
全样本,放量 + RSI6超卖,12821,0.6536,0.5337,1.225,0.4781,0.428,0.0502,L2
全样本,放量 + RSI底背离,6879,0.3109,0.3161,0.983,0.4239,0.428,-0.0041,L2
全样本,放量 + 威科夫得分大于4,2227,0.0803,0.1176,0.683,0.3381,0.428,-0.0898,L2
全样本,放量 + 威科夫得分大于7,920,0.0326,0.049,0.666,0.3326,0.428,-0.0954,L2
全样本,放量 + 积累阶段,5980,0.2333,0.3025,0.771,0.3659,0.428,-0.0621,L2
全样本,放量 + 威科夫B3弹簧,172,0.0068,0.0086,0.792,0.3721,0.428,-0.0559,L2
全样本,放量 + 威科夫B1突破,144,0.0063,0.0068,0.928,0.4097,0.428,-0.0182,L2
全样本,放量 + 黄金柱,985,0.0385,0.0498,0.773,0.3665,0.428,-0.0615,L2
全样本,放量 + 量能金叉,4292,0.2326,0.1683,1.382,0.5084,0.428,0.0804,L2
全样本,放量 + 六脉红灯大于5,10860,0.5024,0.4904,1.024,0.4339,0.428,0.0059,L2
全样本,放量 + 六脉红灯大于6,7911,0.3532,0.3668,0.963,0.4188,0.428,-0.0092,L2
全样本,放量 + 六脉6红首发,7911,0.3532,0.3668,0.963,0.4188,0.428,-0.0092,L2
全样本,放量 + 六脉5红首发,10860,0.5024,0.4904,1.024,0.4339,0.428,0.0059,L2
全样本,放量 + 偏多共振,1426,0.0591,0.0696,0.849,0.3885,0.428,-0.0395,L2
全样本,放量 + 多头共振,1422,0.059,0.0693,0.851,0.3889,0.428,-0.0391,L2
全样本,放量 + 火箭信号,1322,0.0722,0.0515,1.403,0.5121,0.428,0.0841,L2
全样本,放量 + 二连板,112,0.0067,0.0039,1.718,0.5625,0.428,0.1345,L2
全样本,放量 + 二次涨停,116,0.0052,0.0053,0.978,0.4224,0.428,-0.0056,L2
全样本,放量 + 纳财,72,0.0026,0.0038,0.668,0.3333,0.428,-0.0946,L2
全样本,放量 + 极限抄底,1123,0.0823,0.028,2.94,0.6874,0.428,0.2595,L2
全样本,放量 + 中枢进机会区,6523,0.341,0.2652,1.286,0.4903,0.428,0.0623,L2
全样本,放量 + 中枢极限底,7952,0.4157,0.3233,1.286,0.4903,0.428,0.0623,L2
全样本,放量 + 中枢上穿中轴,3484,0.1641,0.1552,1.058,0.4417,0.428,0.0138,L2
全样本,放量 + 中枢底部蓄力,10842,0.526,0.4714,1.116,0.455,0.428,0.027,L2
全样本,放量 + 中枢底部回升,13114,0.6636,0.5496,1.207,0.4746,0.428,0.0466,L2
全样本,放量 + 大盘多头,4183,0.1372,0.231,0.594,0.3077,0.428,-0.1203,L2
全样本,放量 + 大盘空头,7465,0.3752,0.3148,1.192,0.4714,0.428,0.0434,L2
全样本,放量 + 大盘安全,7018,0.2736,0.3551,0.77,0.3656,0.428,-0.0623,L2
全样本,放量 + SID等于1,4183,0.1372,0.231,0.594,0.3077,0.428,-0.1203,L2
全样本,放量 + SID等于2,9661,0.4789,0.4123,1.162,0.465,0.428,0.037,L2
全样本,放量 + SID小于等于2,10939,0.5126,0.4891,1.048,0.4395,0.428,0.0116,L2
全样本,放量 + 大盘5日上涨,9859,0.4207,0.4717,0.892,0.4002,0.428,-0.0277,L2
全样本,放量 + 相对强弱大于0,6907,0.3159,0.3146,1.004,0.429,0.428,0.001,L2
全样本,放量 + 相对强弱大于5,1754,0.0796,0.0803,0.992,0.4259,0.428,-0.0021,L2
全样本,放量 + 量比>=1.3,4230,0.2444,0.1546,1.581,0.5418,0.428,0.1139,L2
全样本,放量 + 量比>=2,777,0.0418,0.0307,1.361,0.5045,0.428,0.0765,L2
全样本,放量 + 距前高<=10%,1501,0.0595,0.0752,0.791,0.3718,0.428,-0.0562,L2
全样本,放量 + 深跌(距前高>40%),765,0.0455,0.027,1.689,0.5582,0.428,0.1302,L2
全样本,放量 + 距前低<=10%,11097,0.533,0.4864,1.096,0.4505,0.428,0.0225,L2
全样本,放量 + 相对强弱>=0,1495,0.0693,0.0674,1.028,0.4348,0.428,0.0068,L2
全样本,放量 + 相对强弱>=5,130,0.0062,0.0057,1.077,0.4462,0.428,0.0182,L2
全样本,缩量 + 量比大于1,17696,0.7928,0.8184,0.969,0.4202,0.428,-0.0078,L2
全样本,缩量 + 量比大于1_3,12421,0.5798,0.557,1.041,0.4378,0.428,0.0098,L2
全样本,缩量 + 量比大于2,4464,0.229,0.1847,1.24,0.4812,0.428,0.0532,L2
全样本,缩量 + 量能递增,9783,0.4707,0.4282,1.099,0.4513,0.428,0.0233,L2
全样本,缩量 + 价涨量增,10654,0.5014,0.4747,1.056,0.4414,0.428,0.0135,L2
全样本,缩量 + 价涨量缩,15227,0.6588,0.7218,0.913,0.4058,0.428,-0.0222,L2
全样本,缩量 + MACD_DIF大于0,4035,0.1516,0.2084,0.727,0.3524,0.428,-0.0756,L2
全样本,缩量 + MACD金叉态,5614,0.239,0.269,0.889,0.3994,0.428,-0.0286,L2
全样本,缩量 + MACD柱递增,17583,0.7783,0.8203,0.949,0.4152,0.428,-0.0128,L2
全样本,缩量 + MACD零轴上金叉,417,0.0159,0.0214,0.743,0.3573,0.428,-0.0707,L2
全样本,缩量 + MACD底背离,9954,0.3836,0.507,0.757,0.3615,0.428,-0.0665,L2
全样本,缩量 + BOLL收上中轨,5340,0.2127,0.2668,0.797,0.3736,0.428,-0.0544,L2
全样本,缩量 + BOLL突破上轨,670,0.0281,0.0324,0.869,0.394,0.428,-0.0339,L2
全样本,缩量 + BOLL触下轨反弹,12516,0.5728,0.5699,1.005,0.4292,0.428,0.0012,L2
全样本,缩量 + BOLL开口扩张,17969,0.8031,0.8326,0.965,0.4192,0.428,-0.0088,L2
全样本,缩量 + KDJ金叉态,16667,0.7459,0.7715,0.967,0.4198,0.428,-0.0082,L2
全样本,缩量 + KDJ_J超卖,18218,0.8118,0.8459,0.96,0.4179,0.428,-0.01,L2
全样本,缩量 + KDJ低位金叉,9689,0.4574,0.4307,1.062,0.4428,0.428,0.0148,L2
全样本,缩量 + KDJ_D小于30,15061,0.676,0.6957,0.972,0.421,0.428,-0.007,L2
全样本,缩量 + RSI6大于50,9224,0.3772,0.4536,0.832,0.3836,0.428,-0.0444,L2
全样本,缩量 + RSI金叉,14665,0.6451,0.6872,0.939,0.4125,0.428,-0.0154,L2
全样本,缩量 + RSI6超卖,16370,0.751,0.7439,1.01,0.4303,0.428,0.0023,L2
全样本,缩量 + RSI底背离,8624,0.3528,0.424,0.832,0.3837,0.428,-0.0443,L2
全样本,缩量 + 威科夫得分大于4,2538,0.0903,0.1349,0.669,0.3337,0.428,-0.0942,L2
全样本,缩量 + 威科夫得分大于7,930,0.0324,0.0499,0.649,0.3269,0.428,-0.1011,L2
全样本,缩量 + 积累阶段,7645,0.2816,0.3992,0.705,0.3455,0.428,-0.0825,L2
全样本,缩量 + 威科夫B3弹簧,195,0.0062,0.0109,0.566,0.2974,0.428,-0.1305,L2
全样本,缩量 + 威科夫B1突破,114,0.0053,0.0051,1.044,0.4386,0.428,0.0106,L2
全样本,缩量 + 黄金柱,889,0.0347,0.045,0.77,0.3656,0.428,-0.0624,L2
全样本,缩量 + 量能金叉,3344,0.1759,0.1351,1.302,0.4934,0.428,0.0654,L2
全样本,缩量 + 六脉红灯大于5,12285,0.5167,0.5934,0.871,0.3945,0.428,-0.0335,L2
全样本,缩量 + 六脉红灯大于6,7747,0.3218,0.3772,0.853,0.3896,0.428,-0.0384,L2
全样本,缩量 + 六脉6红首发,7747,0.3218,0.3772,0.853,0.3896,0.428,-0.0384,L2
全样本,缩量 + 六脉5红首发,12285,0.5167,0.5934,0.871,0.3945,0.428,-0.0335,L2
全样本,缩量 + 偏多共振,2177,0.0812,0.1129,0.72,0.35,0.428,-0.0779,L2
全样本,缩量 + 多头共振,2169,0.0811,0.1123,0.722,0.3509,0.428,-0.0771,L2
全样本,缩量 + 火箭信号,990,0.0483,0.0428,1.128,0.4576,0.428,0.0296,L2
全样本,缩量 + 二连板,64,0.0037,0.0023,1.613,0.5469,0.428,0.1189,L2
全样本,缩量 + 二次涨停,126,0.0058,0.0057,1.002,0.4286,0.428,0.0006,L2
全样本,缩量 + 纳财,69,0.0025,0.0037,0.668,0.3333,0.428,-0.0946,L2
全样本,缩量 + 极限抄底,1148,0.0734,0.0367,1.999,0.5993,0.428,0.1713,L2
全样本,缩量 + 中枢进机会区,8191,0.3936,0.3589,1.097,0.4507,0.428,0.0228,L2
全样本,缩量 + 中枢极限底,10034,0.4795,0.4417,1.086,0.4482,0.428,0.0202,L2
全样本,缩量 + 中枢上穿中轴,3049,0.1317,0.1447,0.91,0.4051,0.428,-0.0229,L2
全样本,缩量 + 中枢底部蓄力,14050,0.6128,0.6623,0.925,0.409,0.428,-0.0189,L2
全样本,缩量 + 中枢底部回升,16472,0.7565,0.748,1.011,0.4307,0.428,0.0028,L2
全样本,缩量 + 大盘多头,6108,0.1868,0.3475,0.538,0.2868,0.428,-0.1411,L2
全样本,缩量 + 大盘空头,8899,0.4154,0.3991,1.041,0.4378,0.428,0.0098,L2
全样本,缩量 + 大盘安全,8950,0.2917,0.4957,0.589,0.3057,0.428,-0.1223,L2
全样本,缩量 + SID等于1,6108,0.1868,0.3475,0.538,0.2868,0.428,-0.1411,L2
全样本,缩量 + SID等于2,12384,0.5264,0.594,0.886,0.3987,0.428,-0.0293,L2
全样本,缩量 + SID小于等于2,14076,0.5679,0.698,0.814,0.3784,0.428,-0.0496,L2
全样本,缩量 + 大盘5日上涨,12888,0.4943,0.6583,0.751,0.3597,0.428,-0.0683,L2
全样本,缩量 + 相对强弱大于0,7484,0.3274,0.352,0.93,0.4103,0.428,-0.0176,L2
全样本,缩量 + 相对强弱大于5,1541,0.0679,0.0721,0.942,0.4134,0.428,-0.0146,L2
全样本,缩量 + 量比>=1.3,3356,0.1868,0.128,1.46,0.5221,0.428,0.0941,L2
全样本,缩量 + 量比>=2,558,0.0277,0.0238,1.166,0.4659,0.428,0.038,L2
全样本,缩量 + 距前高<=10%,1670,0.0619,0.0869,0.713,0.3479,0.428,-0.0801,L2
全样本,缩量 + 深跌(距前高>40%),786,0.0327,0.0382,0.857,0.3906,0.428,-0.0374,L2
全样本,缩量 + 距前低<=10%,13805,0.6169,0.6397,0.964,0.4191,0.428,-0.0088,L2
全样本,缩量 + 相对强弱>=0,1579,0.0686,0.0747,0.918,0.4072,0.428,-0.0208,L2
全样本,缩量 + 相对强弱>=5,99,0.0038,0.005,0.764,0.3636,0.428,-0.0643,L2
全样本,量比大于1 + 量比大于1_3,14505,0.7042,0.6302,1.118,0.4554,0.428,0.0274,L2
全样本,量比大于1 + 量比大于2,5493,0.288,0.2227,1.293,0.4917,0.428,0.0637,L2
全样本,量比大于1 + 量能递增,11002,0.5591,0.4593,1.217,0.4766,0.428,0.0487,L2
全样本,量比大于1 + 价涨量增,12665,0.622,0.5449,1.142,0.4606,0.428,0.0327,L2
全样本,量比大于1 + 价涨量缩,14331,0.6495,0.6572,0.988,0.4251,0.428,-0.0029,L2
全样本,量比大于1 + MACD_DIF大于0,3808,0.1451,0.1952,0.743,0.3574,0.428,-0.0706,L2
全样本,量比大于1 + MACD金叉态,6159,0.2685,0.2904,0.924,0.4088,0.428,-0.0191,L2
全样本,量比大于1 + MACD柱递增,18016,0.8447,0.8052,1.049,0.4397,0.428,0.0117,L2
全样本,量比大于1 + MACD零轴上金叉,509,0.02,0.0256,0.783,0.3694,0.428,-0.0586,L2
全样本,量比大于1 + MACD底背离,10026,0.4056,0.4963,0.817,0.3794,0.428,-0.0486,L2
全样本,量比大于1 + BOLL收上中轨,6091,0.2521,0.2973,0.848,0.3881,0.428,-0.0399,L2
全样本,量比大于1 + BOLL突破上轨,832,0.0352,0.04,0.879,0.3966,0.428,-0.0313,L2
全样本,量比大于1 + BOLL触下轨反弹,13159,0.6402,0.5708,1.122,0.4563,0.428,0.0283,L2
全样本,量比大于1 + BOLL开口扩张,18321,0.8651,0.8142,1.063,0.4429,0.428,0.0149,L2
全样本,量比大于1 + KDJ金叉态,17647,0.8306,0.7863,1.056,0.4414,0.428,0.0135,L2
全样本,量比大于1 + KDJ_J超卖,18328,0.8624,0.8168,1.056,0.4413,0.428,0.0133,L2
全样本,量比大于1 + KDJ低位金叉,10011,0.5001,0.4245,1.178,0.4685,0.428,0.0405,L2
全样本,量比大于1 + KDJ_D小于30,15089,0.7209,0.6643,1.085,0.4481,0.428,0.0201,L2
全样本,量比大于1 + RSI6大于50,10364,0.4457,0.4933,0.903,0.4033,0.428,-0.0247,L2
全样本,量比大于1 + RSI金叉,15889,0.7374,0.7158,1.03,0.4353,0.428,0.0073,L2
全样本,量比大于1 + RSI6超卖,16784,0.8142,0.7297,1.116,0.455,0.428,0.027,L2
全样本,量比大于1 + RSI底背离,8819,0.3836,0.4165,0.921,0.408,0.428,-0.02,L2
全样本,量比大于1 + 威科夫得分大于4,2518,0.0901,0.1335,0.675,0.3356,0.428,-0.0924,L2
全样本,量比大于1 + 威科夫得分大于7,971,0.0339,0.0521,0.651,0.3275,0.428,-0.1005,L2
全样本,量比大于1 + 积累阶段,7574,0.2866,0.3898,0.735,0.3549,0.428,-0.0731,L2
全样本,量比大于1 + 威科夫B3弹簧,198,0.0069,0.0106,0.653,0.3283,0.428,-0.0997,L2
全样本,量比大于1 + 威科夫B1突破,143,0.0063,0.0067,0.939,0.4126,0.428,-0.0154,L2
全样本,量比大于1 + 黄金柱,1006,0.0393,0.0508,0.774,0.3668,0.428,-0.0612,L2
全样本,量比大于1 + 量能金叉,4378,0.2373,0.1717,1.383,0.5085,0.428,0.0805,L2
全样本,量比大于1 + 六脉红灯大于5,13483,0.602,0.6252,0.963,0.4187,0.428,-0.0092,L2
全样本,量比大于1 + 六脉红灯大于6,8893,0.3899,0.4177,0.934,0.4112,0.428,-0.0167,L2
全样本,量比大于1 + 六脉6红首发,8893,0.3899,0.4177,0.934,0.4112,0.428,-0.0167,L2
全样本,量比大于1 + 六脉5红首发,13483,0.602,0.6252,0.963,0.4187,0.428,-0.0092,L2
全样本,量比大于1 + 偏多共振,1952,0.0735,0.1007,0.729,0.353,0.428,-0.075,L2
全样本,量比大于1 + 多头共振,1945,0.0734,0.1003,0.732,0.3537,0.428,-0.0742,L2
全样本,量比大于1 + 火箭信号,1355,0.0739,0.0528,1.399,0.5114,0.428,0.0835,L2
全样本,量比大于1 + 二连板,113,0.0068,0.0039,1.746,0.5664,0.428,0.1384,L2
全样本,量比大于1 + 二次涨停,131,0.006,0.006,0.998,0.4275,0.428,-0.0005,L2
全样本,量比大于1 + 纳财,75,0.0027,0.004,0.668,0.3333,0.428,-0.0946,L2
全样本,量比大于1 + 极限抄底,1401,0.0949,0.0408,2.328,0.6353,0.428,0.2073,L2
全样本,量比大于1 + 中枢进机会区,8196,0.4113,0.346,1.189,0.4707,0.428,0.0427,L2
全样本,量比大于1 + 中枢极限底,10224,0.5131,0.4317,1.188,0.4707,0.428,0.0427,L2
全样本,量比大于1 + 中枢上穿中轴,3732,0.1724,0.1687,1.022,0.4333,0.428,0.0053,L2
全样本,量比大于1 + 中枢底部蓄力,14305,0.6642,0.6441,1.031,0.4355,0.428,0.0075,L2
全样本,量比大于1 + 中枢底部回升,16885,0.8182,0.7348,1.114,0.4545,0.428,0.0265,L2
全样本,量比大于1 + 大盘多头,5783,0.182,0.3251,0.56,0.2952,0.428,-0.1328,L2
全样本,量比大于1 + 大盘空头,9290,0.4588,0.3978,1.153,0.4632,0.428,0.0352,L2
全样本,量比大于1 + 大盘安全,9146,0.3364,0.4779,0.704,0.345,0.428,-0.083,L2
全样本,量比大于1 + SID等于1,5783,0.182,0.3251,0.56,0.2952,0.428,-0.1328,L2
全样本,量比大于1 + SID等于2,12694,0.5869,0.5735,1.024,0.4337,0.428,0.0057,L2
全样本,量比大于1 + SID小于等于2,14386,0.6298,0.6764,0.931,0.4106,0.428,-0.0174,L2
全样本,量比大于1 + 大盘5日上涨,13019,0.5343,0.6388,0.836,0.3849,0.428,-0.0431,L2
全样本,量比大于1 + 相对强弱大于0,7963,0.3575,0.3677,0.972,0.4211,0.428,-0.0069,L2
全样本,量比大于1 + 相对强弱大于5,1818,0.0822,0.0835,0.984,0.4241,0.428,-0.0039,L2
全样本,量比大于1 + 量比>=1.3,4552,0.2639,0.1657,1.593,0.5437,0.428,0.1157,L2
全样本,量比大于1 + 量比>=2,784,0.0422,0.031,1.364,0.5051,0.428,0.0771,L2
全样本,量比大于1 + 距前高<=10%,1754,0.0679,0.0891,0.762,0.3632,0.428,-0.0648,L2
全样本,量比大于1 + 深跌(距前高>40%),983,0.0535,0.0384,1.395,0.5107,0.428,0.0827,L2
全样本,量比大于1 + 距前低<=10%,14075,0.654,0.6335,1.032,0.4358,0.428,0.0078,L2
全样本,量比大于1 + 相对强弱>=0,1745,0.0793,0.0799,0.993,0.4264,0.428,-0.0016,L2
全样本,量比大于1 + 相对强弱>=5,138,0.0064,0.0062,1.028,0.4348,0.428,0.0068,L2
全样本,量比大于1_3 + 量比大于2,5493,0.288,0.2227,1.293,0.4917,0.428,0.0637,L2
全样本,量比大于1_3 + 量能递增,9214,0.4757,0.3791,1.255,0.4843,0.428,0.0563,L2
全样本,量比大于1_3 + 价涨量增,11223,0.5562,0.4791,1.161,0.4648,0.428,0.0369,L2
全样本,量比大于1_3 + 价涨量缩,9779,0.4671,0.4306,1.085,0.448,0.428,0.02,L2
全样本,量比大于1_3 + MACD_DIF大于0,2673,0.1061,0.1339,0.793,0.3722,0.428,-0.0557,L2
全样本,量比大于1_3 + MACD金叉态,5072,0.2217,0.2388,0.928,0.4099,0.428,-0.0181,L2
全样本,量比大于1_3 + MACD柱递增,13279,0.654,0.57,1.147,0.4619,0.428,0.034,L2
全样本,量比大于1_3 + MACD零轴上金叉,484,0.0192,0.0243,0.791,0.3719,0.428,-0.0561,L2
全样本,量比大于1_3 + MACD底背离,7262,0.3007,0.3543,0.849,0.3883,0.428,-0.0396,L2
全样本,量比大于1_3 + BOLL收上中轨,5360,0.224,0.26,0.862,0.392,0.428,-0.036,L2
全样本,量比大于1_3 + BOLL突破上轨,819,0.0351,0.0391,0.897,0.4017,0.428,-0.0263,L2
全样本,量比大于1_3 + BOLL触下轨反弹,9726,0.4963,0.4045,1.227,0.4786,0.428,0.0506,L2
全样本,量比大于1_3 + BOLL开口扩张,13410,0.663,0.5737,1.156,0.4637,0.428,0.0357,L2
全样本,量比大于1_3 + KDJ金叉态,13265,0.6504,0.5716,1.138,0.4599,0.428,0.0319,L2
全样本,量比大于1_3 + KDJ_J超卖,13235,0.6531,0.5672,1.151,0.4628,0.428,0.0348,L2
全样本,量比大于1_3 + KDJ低位金叉,7079,0.3741,0.2848,1.314,0.4957,0.428,0.0677,L2
全样本,量比大于1_3 + KDJ_D小于30,10828,0.5445,0.4564,1.193,0.4716,0.428,0.0437,L2
全样本,量比大于1_3 + RSI6大于50,8545,0.3753,0.4008,0.936,0.4119,0.428,-0.016,L2
全样本,量比大于1_3 + RSI金叉,12253,0.5861,0.5389,1.088,0.4486,0.428,0.0207,L2
全样本,量比大于1_3 + RSI6超卖,12240,0.6235,0.5099,1.223,0.4778,0.428,0.0498,L2
全样本,量比大于1_3 + RSI底背离,6354,0.2827,0.2954,0.957,0.4172,0.428,-0.0108,L2
全样本,量比大于1_3 + 威科夫得分大于4,1955,0.0709,0.1029,0.689,0.3402,0.428,-0.0878,L2
全样本,量比大于1_3 + 威科夫得分大于7,793,0.0281,0.0422,0.667,0.3329,0.428,-0.0951,L2
全样本,量比大于1_3 + 积累阶段,5496,0.213,0.279,0.763,0.3635,0.428,-0.0644,L2
全样本,量比大于1_3 + 威科夫B3弹簧,137,0.0047,0.0074,0.632,0.3212,0.428,-0.1068,L2
全样本,量比大于1_3 + 威科夫B1突破,143,0.0063,0.0067,0.939,0.4126,0.428,-0.0154,L2
全样本,量比大于1_3 + 黄金柱,990,0.0385,0.0502,0.767,0.3646,0.428,-0.0633,L2
全样本,量比大于1_3 + 量能金叉,4189,0.2287,0.1631,1.403,0.5121,0.428,0.0841,L2
全样本,量比大于1_3 + 六脉红灯大于5,10461,0.4808,0.4748,1.013,0.431,0.428,0.0031,L2
全样本,量比大于1_3 + 六脉红灯大于6,7572,0.3368,0.352,0.957,0.4172,0.428,-0.0108,L2
全样本,量比大于1_3 + 六脉6红首发,7572,0.3368,0.352,0.957,0.4172,0.428,-0.0108,L2
全样本,量比大于1_3 + 六脉5红首发,10461,0.4808,0.4748,1.013,0.431,0.428,0.0031,L2
全样本,量比大于1_3 + 偏多共振,1349,0.0525,0.0684,0.767,0.3647,0.428,-0.0633,L2
全样本,量比大于1_3 + 多头共振,1345,0.0524,0.0681,0.768,0.3651,0.428,-0.0629,L2
全样本,量比大于1_3 + 火箭信号,1310,0.0712,0.0512,1.391,0.5099,0.428,0.082,L2
全样本,量比大于1_3 + 二连板,107,0.0065,0.0037,1.772,0.5701,0.428,0.1421,L2
全样本,量比大于1_3 + 二次涨停,109,0.0049,0.005,0.976,0.422,0.428,-0.006,L2
全样本,量比大于1_3 + 纳财,71,0.0023,0.0039,0.6,0.3099,0.428,-0.1181,L2
全样本,量比大于1_3 + 极限抄底,1150,0.0831,0.0296,2.807,0.6774,0.428,0.2494,L2
全样本,量比大于1_3 + 中枢进机会区,5984,0.3149,0.2418,1.302,0.4935,0.428,0.0655,L2
全样本,量比大于1_3 + 中枢极限底,7580,0.3983,0.3066,1.299,0.4929,0.428,0.0649,L2
全样本,量比大于1_3 + 中枢上穿中轴,3291,0.1544,0.147,1.05,0.44,0.428,0.012,L2
全样本,量比大于1_3 + 中枢底部蓄力,10382,0.5044,0.4508,1.119,0.4557,0.428,0.0277,L2
全样本,量比大于1_3 + 中枢底部回升,12422,0.6293,0.5201,1.21,0.4751,0.428,0.0472,L2
全样本,量比大于1_3 + 大盘多头,3980,0.1278,0.2218,0.576,0.3013,0.428,-0.1267,L2
全样本,量比大于1_3 + 大盘空头,6809,0.3431,0.2865,1.198,0.4726,0.428,0.0446,L2
全样本,量比大于1_3 + 大盘安全,6498,0.2502,0.3311,0.756,0.3612,0.428,-0.0668,L2
全样本,量比大于1_3 + SID等于1,3980,0.1278,0.2218,0.576,0.3013,0.428,-0.1267,L2
全样本,量比大于1_3 + SID等于2,9294,0.4579,0.3988,1.148,0.4621,0.428,0.0342,L2
全样本,量比大于1_3 + SID小于等于2,10527,0.4898,0.4733,1.035,0.4364,0.428,0.0084,L2
全样本,量比大于1_3 + 大盘5日上涨,9250,0.3897,0.4463,0.873,0.3951,0.428,-0.0328,L2
全样本,量比大于1_3 + 相对强弱大于0,6430,0.2909,0.2953,0.985,0.4243,0.428,-0.0037,L2
全样本,量比大于1_3 + 相对强弱大于5,1664,0.0758,0.076,0.997,0.4273,0.428,-0.0007,L2
全样本,量比大于1_3 + 量比>=1.3,4552,0.2639,0.1657,1.593,0.5437,0.428,0.1157,L2
全样本,量比大于1_3 + 量比>=2,784,0.0422,0.031,1.364,0.5051,0.428,0.0771,L2
全样本,量比大于1_3 + 距前高<=10%,1280,0.0505,0.0643,0.786,0.3703,0.428,-0.0577,L2
全样本,量比大于1_3 + 深跌(距前高>40%),753,0.0448,0.0266,1.686,0.5578,0.428,0.1298,L2
全样本,量比大于1_3 + 距前低<=10%,10250,0.4916,0.4498,1.093,0.4499,0.428,0.0219,L2
全样本,量比大于1_3 + 相对强弱>=0,1331,0.0608,0.0607,1.001,0.4282,0.428,0.0003,L2
全样本,量比大于1_3 + 相对强弱>=5,108,0.005,0.0049,1.03,0.4352,0.428,0.0072,L2
全样本,量比大于2 + 量能递增,4523,0.2412,0.1804,1.337,0.5001,0.428,0.0721,L2
全样本,量比大于2 + 价涨量增,5002,0.2619,0.2031,1.289,0.491,0.428,0.063,L2
全样本,量比大于2 + 价涨量缩,3451,0.1864,0.1358,1.372,0.5065,0.428,0.0785,L2
全样本,量比大于2 + MACD_DIF大于0,1124,0.0479,0.0538,0.889,0.3995,0.428,-0.0285,L2
全样本,量比大于2 + MACD金叉态,2501,0.1101,0.1171,0.941,0.413,0.428,-0.0149,L2
全样本,量比大于2 + MACD柱递增,5062,0.2695,0.2021,1.333,0.4994,0.428,0.0714,L2
全样本,量比大于2 + MACD零轴上金叉,358,0.0144,0.0178,0.809,0.3771,0.428,-0.0509,L2
全样本,量比大于2 + MACD底背离,2578,0.1127,0.1213,0.929,0.41,0.428,-0.018,L2
全样本,量比大于2 + BOLL收上中轨,2915,0.1265,0.1379,0.917,0.4069,0.428,-0.0211,L2
全样本,量比大于2 + BOLL突破上轨,713,0.0306,0.034,0.9,0.4025,0.428,-0.0254,L2
全样本,量比大于2 + BOLL触下轨反弹,3769,0.203,0.1488,1.365,0.5052,0.428,0.0772,L2
全样本,量比大于2 + BOLL开口扩张,5159,0.2753,0.2056,1.339,0.5005,0.428,0.0725,L2
全样本,量比大于2 + KDJ金叉态,5151,0.2714,0.2079,1.305,0.4941,0.428,0.0661,L2
全样本,量比大于2 + KDJ_J超卖,4963,0.2639,0.1985,1.33,0.4987,0.428,0.0707,L2
全样本,量比大于2 + KDJ低位金叉,2405,0.1439,0.0842,1.71,0.5613,0.428,0.1334,L2
全样本,量比大于2 + KDJ_D小于30,4022,0.2223,0.1545,1.439,0.5184,0.428,0.0904,L2
全样本,量比大于2 + RSI6大于50,3744,0.1696,0.1717,0.988,0.4249,0.428,-0.003,L2
全样本,量比大于2 + RSI金叉,4831,0.2465,0.2009,1.227,0.4786,0.428,0.0506,L2
全样本,量比大于2 + RSI6超卖,4600,0.2544,0.1766,1.44,0.5187,0.428,0.0907,L2
全样本,量比大于2 + RSI底背离,2206,0.1001,0.1011,0.991,0.4257,0.428,-0.0023,L2
全样本,量比大于2 + 威科夫得分大于4,1021,0.0397,0.0518,0.766,0.3643,0.428,-0.0636,L2
全样本,量比大于2 + 威科夫得分大于7,475,0.0177,0.0246,0.718,0.3495,0.428,-0.0785,L2
全样本,量比大于2 + 积累阶段,2053,0.0842,0.1007,0.836,0.3848,0.428,-0.0432,L2
全样本,量比大于2 + 威科夫B1突破,136,0.0061,0.0063,0.964,0.4191,0.428,-0.0089,L2
全样本,量比大于2 + 黄金柱,724,0.0288,0.0362,0.795,0.3729,0.428,-0.055,L2
全样本,量比大于2 + 量能金叉,2631,0.147,0.0999,1.472,0.5241,0.428,0.0962,L2
全样本,量比大于2 + 六脉红灯大于5,4199,0.2011,0.1845,1.09,0.4492,0.428,0.0212,L2
全样本,量比大于2 + 六脉红灯大于6,3496,0.1575,0.1611,0.978,0.4225,0.428,-0.0055,L2
全样本,量比大于2 + 六脉6红首发,3496,0.1575,0.1611,0.978,0.4225,0.428,-0.0055,L2
全样本,量比大于2 + 六脉5红首发,4199,0.2011,0.1845,1.09,0.4492,0.428,0.0212,L2
全样本,量比大于2 + 偏多共振,516,0.0207,0.0257,0.805,0.376,0.428,-0.052,L2
全样本,量比大于2 + 多头共振,515,0.0207,0.0256,0.808,0.3767,0.428,-0.0513,L2
全样本,量比大于2 + 火箭信号,931,0.0478,0.0385,1.24,0.4812,0.428,0.0532,L2
全样本,量比大于2 + 二连板,84,0.0048,0.0031,1.542,0.5357,0.428,0.1077,L2
全样本,量比大于2 + 极限抄底,543,0.0422,0.0117,3.601,0.7293,0.428,0.3013,L2
全样本,量比大于2 + 中枢进机会区,2337,0.1306,0.0887,1.472,0.5242,0.428,0.0962,L2
全样本,量比大于2 + 中枢极限底,2856,0.164,0.1051,1.56,0.5385,0.428,0.1105,L2
全样本,量比大于2 + 中枢上穿中轴,1914,0.0887,0.0863,1.028,0.4347,0.428,0.0067,L2
全样本,量比大于2 + 中枢底部蓄力,3864,0.2051,0.1548,1.326,0.4979,0.428,0.07,L2
全样本,量比大于2 + 中枢底部回升,4706,0.2575,0.1828,1.409,0.5132,0.428,0.0852,L2
全样本,量比大于2 + 大盘多头,1512,0.0502,0.083,0.605,0.3115,0.428,-0.1165,L2
全样本,量比大于2 + 大盘空头,2258,0.1176,0.0921,1.276,0.4885,0.428,0.0605,L2
全样本,量比大于2 + 大盘安全,2348,0.0916,0.1188,0.771,0.3658,0.428,-0.0621,L2
全样本,量比大于2 + SID等于1,1512,0.0502,0.083,0.605,0.3115,0.428,-0.1165,L2
全样本,量比大于2 + SID等于2,3611,0.1994,0.1389,1.436,0.5179,0.428,0.0899,L2
全样本,量比大于2 + SID小于等于2,4132,0.2135,0.1699,1.256,0.4845,0.428,0.0565,L2
全样本,量比大于2 + 大盘5日上涨,3229,0.1359,0.1559,0.872,0.3949,0.428,-0.0331,L2
全样本,量比大于2 + 相对强弱大于0,3072,0.1415,0.1392,1.016,0.432,0.428,0.004,L2
全样本,量比大于2 + 相对强弱大于5,1234,0.0576,0.0554,1.04,0.4376,0.428,0.0096,L2
全样本,量比大于2 + 量比>=1.3,2221,0.1365,0.0751,1.818,0.5763,0.428,0.1483,L2
全样本,量比大于2 + 量比>=2,784,0.0422,0.031,1.364,0.5051,0.428,0.0771,L2
全样本,量比大于2 + 距前高<=10%,507,0.0222,0.0239,0.93,0.4103,0.428,-0.0177,L2
全样本,量比大于2 + 深跌(距前高>40%),279,0.0159,0.0104,1.532,0.5341,0.428,0.1061,L2
全样本,量比大于2 + 距前低<=10%,3740,0.1935,0.1536,1.26,0.4853,0.428,0.0573,L2
全样本,量比大于2 + 相对强弱>=0,591,0.0283,0.026,1.087,0.4484,0.428,0.0204,L2
全样本,量比大于2 + 相对强弱>=5,64,0.0032,0.0027,1.179,0.4688,0.428,0.0408,L2
全样本,量能递增 + 价涨量增,9330,0.4821,0.3835,1.257,0.4847,0.428,0.0567,L2
全样本,量能递增 + 价涨量缩,8354,0.4157,0.3554,1.17,0.4667,0.428,0.0388,L2
全样本,量能递增 + MACD_DIF大于0,2393,0.1044,0.1128,0.925,0.4091,0.428,-0.0189,L2
全样本,量能递增 + MACD金叉态,4604,0.2043,0.2144,0.953,0.4162,0.428,-0.0118,L2
全样本,量能递增 + MACD柱递增,10564,0.5392,0.4393,1.227,0.4787,0.428,0.0507,L2
全样本,量能递增 + MACD零轴上金叉,451,0.018,0.0225,0.801,0.3747,0.428,-0.0532,L2
全样本,量能递增 + MACD底背离,5737,0.2453,0.2741,0.895,0.4011,0.428,-0.0269,L2
全样本,量能递增 + BOLL收上中轨,4580,0.199,0.2165,0.919,0.4074,0.428,-0.0205,L2
全样本,量能递增 + BOLL突破上轨,783,0.0337,0.0373,0.904,0.4036,0.428,-0.0244,L2
全样本,量能递增 + BOLL触下轨反弹,8772,0.4476,0.3649,1.227,0.4786,0.428,0.0506,L2
全样本,量能递增 + BOLL开口扩张,11290,0.5758,0.4698,1.225,0.4783,0.428,0.0503,L2
全样本,量能递增 + KDJ金叉态,10059,0.5151,0.417,1.235,0.4803,0.428,0.0523,L2
全样本,量能递增 + KDJ_J超卖,10911,0.5557,0.4546,1.222,0.4777,0.428,0.0497,L2
全样本,量能递增 + KDJ低位金叉,4892,0.2756,0.184,1.498,0.5284,0.428,0.1004,L2
全样本,量能递增 + KDJ_D小于30,8266,0.4326,0.3358,1.288,0.4908,0.428,0.0628,L2
全样本,量能递增 + RSI6大于50,6742,0.3081,0.3073,1.003,0.4287,0.428,0.0007,L2
全样本,量能递增 + RSI金叉,9794,0.4889,0.4155,1.176,0.4681,0.428,0.0402,L2
全样本,量能递增 + RSI6超卖,9925,0.5214,0.4016,1.298,0.4927,0.428,0.0647,L2
全样本,量能递增 + RSI底背离,5411,0.2499,0.2447,1.022,0.4332,0.428,0.0052,L2
全样本,量能递增 + 威科夫得分大于4,2103,0.0803,0.1077,0.746,0.3581,0.428,-0.0699,L2
全样本,量能递增 + 威科夫得分大于7,931,0.0336,0.0491,0.683,0.3383,0.428,-0.0896,L2
全样本,量能递增 + 积累阶段,4561,0.1835,0.2265,0.81,0.3773,0.428,-0.0506,L2
全样本,量能递增 + 威科夫B3弹簧,157,0.0062,0.0079,0.783,0.3694,0.428,-0.0585,L2
全样本,量能递增 + 威科夫B1突破,140,0.0061,0.0066,0.918,0.4071,0.428,-0.0208,L2
全样本,量能递增 + 黄金柱,724,0.0285,0.0365,0.781,0.3688,0.428,-0.0592,L2
全样本,量能递增 + 量能金叉,3916,0.2133,0.1528,1.397,0.511,0.428,0.083,L2
全样本,量能递增 + 六脉红灯大于5,8017,0.3879,0.3493,1.11,0.4538,0.428,0.0258,L2
全样本,量能递增 + 六脉红灯大于6,5918,0.2727,0.268,1.018,0.4322,0.428,0.0043,L2
全样本,量能递增 + 六脉6红首发,5918,0.2727,0.268,1.018,0.4322,0.428,0.0043,L2
全样本,量能递增 + 六脉5红首发,8017,0.3879,0.3493,1.11,0.4538,0.428,0.0258,L2
全样本,量能递增 + 偏多共振,1170,0.0509,0.0553,0.92,0.4077,0.428,-0.0203,L2
全样本,量能递增 + 多头共振,1168,0.0508,0.0552,0.919,0.4075,0.428,-0.0204,L2
全样本,量能递增 + 火箭信号,1158,0.0655,0.0434,1.509,0.5302,0.428,0.1023,L2
全样本,量能递增 + 二连板,108,0.0064,0.0038,1.671,0.5556,0.428,0.1276,L2
全样本,量能递增 + 二次涨停,91,0.0044,0.004,1.096,0.4505,0.428,0.0226,L2
全样本,量能递增 + 纳财,52,0.0021,0.0026,0.835,0.3846,0.428,-0.0434,L2
全样本,量能递增 + 极限抄底,929,0.0687,0.0227,3.02,0.6932,0.428,0.2652,L2
全样本,量能递增 + 中枢进机会区,5389,0.2813,0.2194,1.282,0.4895,0.428,0.0615,L2
全样本,量能递增 + 中枢极限底,6252,0.3335,0.2492,1.338,0.5003,0.428,0.0723,L2
全样本,量能递增 + 中枢上穿中轴,3007,0.1456,0.1309,1.113,0.4543,0.428,0.0263,L2
全样本,量能递增 + 中枢底部蓄力,8342,0.4152,0.3548,1.17,0.4668,0.428,0.0388,L2
全样本,量能递增 + 中枢底部回升,10344,0.5356,0.4245,1.262,0.4856,0.428,0.0576,L2
全样本,量能递增 + 大盘多头,3145,0.1088,0.1695,0.642,0.3243,0.428,-0.1036,L2
全样本,量能递增 + 大盘空头,5944,0.3006,0.2493,1.206,0.4743,0.428,0.0463,L2
全样本,量能递增 + 大盘安全,5556,0.2316,0.2699,0.858,0.3909,0.428,-0.037,L2
全样本,量能递增 + SID等于1,3145,0.1088,0.1695,0.642,0.3243,0.428,-0.1036,L2
全样本,量能递增 + SID等于2,7626,0.401,0.3083,1.301,0.4932,0.428,0.0652,L2
全样本,量能递增 + SID小于等于2,8633,0.4287,0.3679,1.165,0.4658,0.428,0.0378,L2
全样本,量能递增 + 大盘5日上涨,7613,0.337,0.3551,0.949,0.4152,0.428,-0.0128,L2
全样本,量能递增 + 相对强弱大于0,5602,0.2607,0.2518,1.035,0.4365,0.428,0.0085,L2
全样本,量能递增 + 相对强弱大于5,1634,0.0757,0.0737,1.027,0.4345,0.428,0.0065,L2
全样本,量能递增 + 量比>=1.3,3452,0.2051,0.1219,1.683,0.5574,0.428,0.1294,L2
全样本,量能递增 + 量比>=2,694,0.0375,0.0273,1.376,0.5072,0.428,0.0792,L2
全样本,量能递增 + 距前高<=10%,1245,0.0516,0.0607,0.85,0.3888,0.428,-0.0392,L2
全样本,量能递增 + 深跌(距前高>40%),648,0.0419,0.0203,2.06,0.6065,0.428,0.1785,L2
全样本,量能递增 + 距前低<=10%,8766,0.4273,0.3795,1.126,0.4572,0.428,0.0292,L2
全样本,量能递增 + 相对强弱>=0,1306,0.0599,0.0593,1.01,0.4303,0.428,0.0023,L2
全样本,量能递增 + 相对强弱>=5,127,0.0061,0.0056,1.088,0.4488,0.428,0.0208,L2
全样本,价涨量增 + 价涨量缩,8112,0.3938,0.3525,1.117,0.4553,0.428,0.0273,L2
全样本,价涨量增 + MACD_DIF大于0,2315,0.0922,0.1157,0.797,0.3737,0.428,-0.0543,L2
全样本,价涨量增 + MACD金叉态,5121,0.2252,0.24,0.938,0.4124,0.428,-0.0156,L2
全样本,价涨量增 + MACD柱递增,11824,0.5867,0.5042,1.164,0.4654,0.428,0.0374,L2
全样本,价涨量增 + MACD零轴上金叉,496,0.0197,0.0248,0.795,0.373,0.428,-0.055,L2
全样本,价涨量增 + MACD底背离,6386,0.2723,0.3057,0.891,0.3999,0.428,-0.028,L2
全样本,价涨量增 + BOLL收上中轨,5416,0.2282,0.2613,0.873,0.3951,0.428,-0.0328,L2
全样本,价涨量增 + BOLL突破上轨,823,0.0348,0.0396,0.877,0.3961,0.428,-0.0319,L2
全样本,价涨量增 + BOLL触下轨反弹,8804,0.4498,0.3657,1.23,0.4792,0.428,0.0512,L2
全样本,价涨量增 + BOLL开口扩张,11757,0.5867,0.4989,1.176,0.4681,0.428,0.0401,L2
全样本,价涨量增 + KDJ金叉态,11912,0.5885,0.5099,1.154,0.4634,0.428,0.0354,L2
全样本,价涨量增 + KDJ_J超卖,11564,0.5778,0.4902,1.179,0.4686,0.428,0.0406,L2
全样本,价涨量增 + KDJ低位金叉,5920,0.3223,0.2311,1.395,0.5106,0.428,0.0827,L2
全样本,价涨量增 + KDJ_D小于30,9313,0.4749,0.3876,1.225,0.4783,0.428,0.0503,L2
全样本,价涨量增 + RSI6大于50,8469,0.3774,0.3932,0.96,0.418,0.428,-0.01,L2
全样本,价涨量增 + RSI金叉,11562,0.5603,0.5031,1.114,0.4545,0.428,0.0265,L2
全样本,价涨量增 + RSI6超卖,10565,0.5446,0.4353,1.251,0.4835,0.428,0.0555,L2
全样本,价涨量增 + RSI底背离,5865,0.2704,0.2656,1.018,0.4324,0.428,0.0044,L2
全样本,价涨量增 + 威科夫得分大于4,1896,0.0682,0.1002,0.681,0.3376,0.428,-0.0904,L2
全样本,价涨量增 + 威科夫得分大于7,786,0.0285,0.0414,0.688,0.3397,0.428,-0.0883,L2
全样本,价涨量增 + 积累阶段,5079,0.2006,0.2551,0.786,0.3703,0.428,-0.0576,L2
全样本,价涨量增 + 威科夫B3弹簧,156,0.0065,0.0076,0.858,0.391,0.428,-0.0369,L2
全样本,价涨量增 + 威科夫B1突破,144,0.0063,0.0068,0.928,0.4097,0.428,-0.0182,L2
全样本,价涨量增 + 黄金柱,982,0.0383,0.0497,0.77,0.3656,0.428,-0.0624,L2
全样本,价涨量增 + 量能金叉,3872,0.2109,0.1511,1.396,0.5108,0.428,0.0829,L2
全样本,价涨量增 + 六脉红灯大于5,10046,0.4702,0.4496,1.046,0.439,0.428,0.011,L2
全样本,价涨量增 + 六脉红灯大于6,7617,0.3414,0.3522,0.969,0.4204,0.428,-0.0076,L2
全样本,价涨量增 + 六脉6红首发,7617,0.3414,0.3522,0.969,0.4204,0.428,-0.0076,L2
全样本,价涨量增 + 六脉5红首发,10046,0.4702,0.4496,1.046,0.439,0.428,0.011,L2
全样本,价涨量增 + 偏多共振,1108,0.0424,0.0566,0.749,0.3592,0.428,-0.0688,L2
全样本,价涨量增 + 多头共振,1104,0.0423,0.0564,0.751,0.3596,0.428,-0.0684,L2
全样本,价涨量增 + 火箭信号,1275,0.0693,0.0499,1.39,0.5098,0.428,0.0818,L2
全样本,价涨量增 + 二连板,108,0.0063,0.0039,1.609,0.5463,0.428,0.1183,L2
全样本,价涨量增 + 二次涨停,110,0.0048,0.0052,0.925,0.4091,0.428,-0.0189,L2
全样本,价涨量增 + 纳财,72,0.0026,0.0038,0.668,0.3333,0.428,-0.0946,L2
全样本,价涨量增 + 极限抄底,911,0.0679,0.0219,3.107,0.6992,0.428,0.2713,L2
全样本,价涨量增 + 中枢进机会区,5166,0.2693,0.2106,1.279,0.489,0.428,0.061,L2
全样本,价涨量增 + 中枢极限底,6591,0.3456,0.2672,1.293,0.4917,0.428,0.0638,L2
全样本,价涨量增 + 中枢上穿中轴,3348,0.1585,0.1485,1.068,0.4441,0.428,0.0162,L2
全样本,价涨量增 + 中枢底部蓄力,9115,0.4516,0.3892,1.16,0.4647,0.428,0.0368,L2
全样本,价涨量增 + 中枢底部回升,10960,0.5598,0.4555,1.229,0.479,0.428,0.051,L2
全样本,价涨量增 + 大盘多头,3401,0.1115,0.1879,0.594,0.3076,0.428,-0.1204,L2
全样本,价涨量增 + 大盘空头,6446,0.3303,0.2671,1.237,0.4806,0.428,0.0526,L2
全样本,价涨量增 + 大盘安全,5848,0.2337,0.2916,0.801,0.3748,0.428,-0.0531,L2
全样本,价涨量增 + SID等于1,3401,0.1115,0.1879,0.594,0.3076,0.428,-0.1204,L2
全样本,价涨量增 + SID等于2,7864,0.395,0.3318,1.191,0.4711,0.428,0.0432,L2
全样本,价涨量增 + SID小于等于2,8901,0.422,0.3943,1.07,0.4447,0.428,0.0167,L2
全样本,价涨量增 + 大盘5日上涨,8362,0.3623,0.396,0.915,0.4064,0.428,-0.0216,L2
全样本,价涨量增 + 相对强弱大于0,6213,0.2839,0.2832,1.003,0.4286,0.428,0.0006,L2
全样本,价涨量增 + 相对强弱大于5,1687,0.0762,0.0775,0.983,0.4238,0.428,-0.0041,L2
全样本,价涨量增 + 量比>=1.3,3900,0.2266,0.1416,1.6,0.5449,0.428,0.1169,L2
全样本,价涨量增 + 量比>=2,748,0.0406,0.0293,1.388,0.5094,0.428,0.0814,L2
全样本,价涨量增 + 距前高<=10%,1255,0.0513,0.0617,0.831,0.3833,0.428,-0.0447,L2
全样本,价涨量增 + 深跌(距前高>40%),694,0.0416,0.0243,1.715,0.562,0.428,0.134,L2
全样本,价涨量增 + 距前低<=10%,9149,0.4477,0.3949,1.134,0.459,0.428,0.031,L2
全样本,价涨量增 + 相对强弱>=0,1334,0.0619,0.0601,1.031,0.4355,0.428,0.0076,L2
全样本,价涨量增 + 相对强弱>=5,121,0.0058,0.0053,1.077,0.4463,0.428,0.0183,L2
全样本,价涨量缩 + MACD_DIF大于0,3445,0.1319,0.1761,0.749,0.3591,0.428,-0.0689,L2
全样本,价涨量缩 + MACD金叉态,4174,0.172,0.2043,0.842,0.3864,0.428,-0.0415,L2
全样本,价涨量缩 + MACD柱递增,14464,0.6463,0.6702,0.964,0.4191,0.428,-0.0089,L2
全样本,价涨量缩 + MACD零轴上金叉,284,0.0117,0.0139,0.845,0.3873,0.428,-0.0406,L2
全样本,价涨量缩 + MACD底背离,7768,0.2899,0.4028,0.72,0.35,0.428,-0.0779,L2
全样本,价涨量缩 + BOLL收上中轨,3989,0.1588,0.1994,0.796,0.3733,0.428,-0.0547,L2
全样本,价涨量缩 + BOLL突破上轨,452,0.018,0.0226,0.798,0.3739,0.428,-0.0541,L2
全样本,价涨量缩 + BOLL触下轨反弹,10580,0.4868,0.4797,1.015,0.4316,0.428,0.0036,L2
全样本,价涨量缩 + BOLL开口扩张,14971,0.6776,0.6873,0.986,0.4245,0.428,-0.0035,L2
全样本,价涨量缩 + KDJ金叉态,13545,0.6141,0.621,0.989,0.4252,0.428,-0.0027,L2
全样本,价涨量缩 + KDJ_J超卖,15052,0.6756,0.6953,0.972,0.4209,0.428,-0.007,L2
全样本,价涨量缩 + KDJ低位金叉,8088,0.3865,0.356,1.086,0.4482,0.428,0.0202,L2
全样本,价涨量缩 + KDJ_D小于30,12363,0.5616,0.566,0.992,0.426,0.428,-0.0019,L2
全样本,价涨量缩 + RSI6大于50,7094,0.2917,0.3476,0.839,0.3857,0.428,-0.0423,L2
全样本,价涨量缩 + RSI金叉,11810,0.525,0.5493,0.956,0.4169,0.428,-0.011,L2
全样本,价涨量缩 + RSI6超卖,13450,0.6242,0.6059,1.03,0.4352,0.428,0.0073,L2
全样本,价涨量缩 + RSI底背离,6844,0.276,0.3394,0.813,0.3783,0.428,-0.0497,L2
全样本,价涨量缩 + 威科夫得分大于4,2097,0.0763,0.1102,0.693,0.3414,0.428,-0.0865,L2
全样本,价涨量缩 + 威科夫得分大于7,770,0.0272,0.0411,0.662,0.3312,0.428,-0.0968,L2
全样本,价涨量缩 + 积累阶段,5965,0.2116,0.3175,0.667,0.3328,0.428,-0.0952,L2
全样本,价涨量缩 + 威科夫B3弹簧,168,0.0052,0.0095,0.55,0.2917,0.428,-0.1363,L2
全样本,价涨量缩 + 威科夫B1突破,68,0.0032,0.003,1.055,0.4412,0.428,0.0132,L2
全样本,价涨量缩 + 黄金柱,594,0.0226,0.0305,0.742,0.3569,0.428,-0.0711,L2
全样本,价涨量缩 + 量能金叉,2706,0.1476,0.1055,1.399,0.5115,0.428,0.0835,L2
全样本,价涨量缩 + 六脉红灯大于5,9704,0.4131,0.4651,0.888,0.3992,0.428,-0.0288,L2
全样本,价涨量缩 + 六脉红灯大于6,5846,0.2443,0.2836,0.861,0.3919,0.428,-0.0361,L2
全样本,价涨量缩 + 六脉6红首发,5846,0.2443,0.2836,0.861,0.3919,0.428,-0.0361,L2
全样本,价涨量缩 + 六脉5红首发,9704,0.4131,0.4651,0.888,0.3992,0.428,-0.0288,L2
全样本,价涨量缩 + 偏多共振,1874,0.0721,0.0956,0.754,0.3607,0.428,-0.0672,L2
全样本,价涨量缩 + 多头共振,1869,0.072,0.0952,0.756,0.3612,0.428,-0.0668,L2
全样本,价涨量缩 + 火箭信号,686,0.0375,0.0266,1.409,0.5131,0.428,0.0851,L2
全样本,价涨量缩 + 二连板,57,0.0035,0.0019,1.838,0.5789,0.428,0.151,L2
全样本,价涨量缩 + 二次涨停,104,0.005,0.0045,1.102,0.4519,0.428,0.024,L2
全样本,价涨量缩 + 纳财,55,0.0014,0.0034,0.414,0.2364,0.428,-0.1916,L2
全样本,价涨量缩 + 极限抄底,1129,0.0759,0.0333,2.282,0.6306,0.428,0.2027,L2
全样本,价涨量缩 + 中枢进机会区,6784,0.3265,0.2969,1.1,0.4514,0.428,0.0234,L2
全样本,价涨量缩 + 中枢极限底,8178,0.3946,0.3571,1.105,0.4526,0.428,0.0246,L2
全样本,价涨量缩 + 中枢上穿中轴,2339,0.1032,0.1094,0.944,0.4139,0.428,-0.0141,L2
全样本,价涨量缩 + 中枢底部蓄力,11543,0.5038,0.5439,0.926,0.4093,0.428,-0.0186,L2
全样本,价涨量缩 + 中枢底部回升,13659,0.6309,0.6176,1.022,0.4332,0.428,0.0052,L2
全样本,价涨量缩 + 大盘多头,5144,0.1569,0.2929,0.536,0.2862,0.428,-0.1418,L2
全样本,价涨量缩 + 大盘空头,7062,0.327,0.3187,1.026,0.4343,0.428,0.0063,L2
全样本,价涨量缩 + 大盘安全,7717,0.2653,0.4171,0.636,0.3224,0.428,-0.1056,L2
全样本,价涨量缩 + SID等于1,5144,0.1569,0.2929,0.536,0.2862,0.428,-0.1418,L2
全样本,价涨量缩 + SID等于2,10756,0.4782,0.5002,0.956,0.417,0.428,-0.011,L2
全样本,价涨量缩 + SID小于等于2,12173,0.5131,0.5872,0.874,0.3953,0.428,-0.0327,L2
全样本,价涨量缩 + 大盘5日上涨,10509,0.3985,0.5401,0.738,0.3557,0.428,-0.0723,L2
全样本,价涨量缩 + 相对强弱大于0,5569,0.2394,0.2652,0.903,0.4031,0.428,-0.0248,L2
全样本,价涨量缩 + 相对强弱大于5,1032,0.0449,0.0487,0.921,0.4079,0.428,-0.02,L2
全样本,价涨量缩 + 量比>=1.3,2529,0.1533,0.087,1.762,0.5686,0.428,0.1406,L2
全样本,价涨量缩 + 量比>=2,351,0.0194,0.0135,1.439,0.5185,0.428,0.0905,L2
全样本,价涨量缩 + 距前高<=10%,1347,0.0505,0.0696,0.726,0.3519,0.428,-0.0761,L2
全样本,价涨量缩 + 深跌(距前高>40%),709,0.0372,0.0287,1.296,0.4922,0.428,0.0643,L2
全样本,价涨量缩 + 距前低<=10%,11234,0.4958,0.5252,0.944,0.4139,0.428,-0.014,L2
全样本,价涨量缩 + 相对强弱>=0,1201,0.0515,0.0573,0.899,0.4022,0.428,-0.0258,L2
全样本,价涨量缩 + 相对强弱>=5,80,0.0035,0.0037,0.938,0.4125,0.428,-0.0155,L2
全样本,MACD_DIF大于0 + MACD金叉态,1037,0.0455,0.0487,0.936,0.4118,0.428,-0.0162,L2
全样本,MACD_DIF大于0 + MACD柱递增,3422,0.1274,0.1776,0.717,0.3492,0.428,-0.0788,L2
全样本,MACD_DIF大于0 + MACD零轴上金叉,512,0.0204,0.0256,0.795,0.373,0.428,-0.0549,L2
全样本,MACD_DIF大于0 + MACD底背离,884,0.0284,0.0493,0.575,0.3009,0.428,-0.1271,L2
全样本,MACD_DIF大于0 + BOLL收上中轨,2249,0.0842,0.1164,0.724,0.3513,0.428,-0.0767,L2
全样本,MACD_DIF大于0 + BOLL突破上轨,486,0.0192,0.0244,0.786,0.3704,0.428,-0.0576,L2
全样本,MACD_DIF大于0 + BOLL触下轨反弹,2786,0.1104,0.1397,0.79,0.3715,0.428,-0.0565,L2
全样本,MACD_DIF大于0 + BOLL开口扩张,4071,0.1587,0.206,0.77,0.3655,0.428,-0.0625,L2
全样本,MACD_DIF大于0 + KDJ金叉态,3163,0.1196,0.1628,0.735,0.3547,0.428,-0.0732,L2
全样本,MACD_DIF大于0 + KDJ_J超卖,3974,0.1551,0.2009,0.772,0.3661,0.428,-0.0618,L2
全样本,MACD_DIF大于0 + KDJ低位金叉,824,0.0286,0.0444,0.644,0.3252,0.428,-0.1027,L2
全样本,MACD_DIF大于0 + KDJ_D小于30,2112,0.0773,0.1106,0.699,0.3433,0.428,-0.0847,L2
全样本,MACD_DIF大于0 + RSI6大于50,2728,0.1008,0.1422,0.708,0.3464,0.428,-0.0816,L2
全样本,MACD_DIF大于0 + RSI金叉,2633,0.0994,0.1357,0.732,0.354,0.428,-0.074,L2
全样本,MACD_DIF大于0 + RSI6超卖,2825,0.1183,0.1368,0.865,0.3929,0.428,-0.0351,L2
全样本,MACD_DIF大于0 + RSI底背离,630,0.0228,0.0332,0.688,0.3397,0.428,-0.0883,L2
全样本,MACD_DIF大于0 + 威科夫得分大于4,1930,0.0734,0.0991,0.74,0.3565,0.428,-0.0715,L2
全样本,MACD_DIF大于0 + 威科夫得分大于7,884,0.034,0.0451,0.755,0.3609,0.428,-0.0671,L2
全样本,MACD_DIF大于0 + 积累阶段,1034,0.0435,0.0499,0.871,0.3946,0.428,-0.0334,L2
全样本,MACD_DIF大于0 + 黄金柱,268,0.01,0.0139,0.722,0.3507,0.428,-0.0772,L2
全样本,MACD_DIF大于0 + 量能金叉,958,0.0376,0.0483,0.78,0.3685,0.428,-0.0595,L2
全样本,MACD_DIF大于0 + 六脉红灯大于5,2258,0.0851,0.1165,0.731,0.3534,0.428,-0.0746,L2
全样本,MACD_DIF大于0 + 六脉红灯大于6,1772,0.0661,0.0919,0.719,0.3499,0.428,-0.0781,L2
全样本,MACD_DIF大于0 + 六脉6红首发,1772,0.0661,0.0919,0.719,0.3499,0.428,-0.0781,L2
全样本,MACD_DIF大于0 + 六脉5红首发,2258,0.0851,0.1165,0.731,0.3534,0.428,-0.0746,L2
全样本,MACD_DIF大于0 + 偏多共振,2025,0.0734,0.1067,0.688,0.3398,0.428,-0.0882,L2
全样本,MACD_DIF大于0 + 多头共振,2019,0.0734,0.1062,0.691,0.3408,0.428,-0.0872,L2
全样本,MACD_DIF大于0 + 火箭信号,434,0.0204,0.0194,1.051,0.4401,0.428,0.0121,L2
全样本,MACD_DIF大于0 + 二连板,50,0.0028,0.0019,1.448,0.52,0.428,0.092,L2
全样本,MACD_DIF大于0 + 二次涨停,82,0.0036,0.0038,0.947,0.4146,0.428,-0.0133,L2
全样本,MACD_DIF大于0 + 极限抄底,66,0.0051,0.0014,3.564,0.7273,0.428,0.2993,L2
全样本,MACD_DIF大于0 + 中枢进机会区,1673,0.0794,0.074,1.073,0.4453,0.428,0.0173,L2
全样本,MACD_DIF大于0 + 中枢极限底,823,0.0444,0.0325,1.366,0.5055,0.428,0.0775,L2
全样本,MACD_DIF大于0 + 中枢上穿中轴,1761,0.0686,0.0892,0.769,0.3651,0.428,-0.0628,L2
全样本,MACD_DIF大于0 + 中枢底部蓄力,670,0.0265,0.0336,0.791,0.3716,0.428,-0.0563,L2
全样本,MACD_DIF大于0 + 中枢底部回升,1778,0.084,0.079,1.064,0.4432,0.428,0.0152,L2
全样本,MACD_DIF大于0 + 大盘多头,2384,0.0748,0.1342,0.558,0.2945,0.428,-0.1335,L2
全样本,MACD_DIF大于0 + 大盘空头,955,0.0347,0.0503,0.69,0.3403,0.428,-0.0877,L2
全样本,MACD_DIF大于0 + 大盘安全,2779,0.0888,0.1552,0.572,0.2997,0.428,-0.1282,L2
全样本,MACD_DIF大于0 + SID等于1,2384,0.0748,0.1342,0.558,0.2945,0.428,-0.1335,L2
全样本,MACD_DIF大于0 + SID等于2,3168,0.1305,0.1551,0.842,0.3864,0.428,-0.0416,L2
全样本,MACD_DIF大于0 + SID小于等于2,3876,0.1478,0.1986,0.744,0.3576,0.428,-0.0704,L2
全样本,MACD_DIF大于0 + 大盘5日上涨,3004,0.0977,0.1666,0.586,0.3049,0.428,-0.123,L2
全样本,MACD_DIF大于0 + 相对强弱大于0,2364,0.0947,0.1177,0.804,0.3756,0.428,-0.0523,L2
全样本,MACD_DIF大于0 + 相对强弱大于5,753,0.0324,0.0358,0.905,0.4037,0.428,-0.0243,L2
全样本,MACD_DIF大于0 + 量比>=1.3,637,0.028,0.0298,0.94,0.4129,0.428,-0.0151,L2
全样本,MACD_DIF大于0 + 量比>=2,156,0.0075,0.0069,1.088,0.4487,0.428,0.0207,L2
全样本,MACD_DIF大于0 + 距前高<=10%,1099,0.0401,0.0577,0.695,0.3421,0.428,-0.0858,L2
全样本,MACD_DIF大于0 + 距前低<=10%,1290,0.0603,0.0578,1.045,0.4388,0.428,0.0108,L2
全样本,MACD_DIF大于0 + 相对强弱>=0,559,0.0229,0.0274,0.835,0.3846,0.428,-0.0434,L2
全样本,MACD_DIF大于0 + 相对强弱>=5,86,0.0044,0.0036,1.218,0.4767,0.428,0.0488,L2
全样本,MACD金叉态 + MACD柱递增,5690,0.2487,0.2678,0.929,0.41,0.428,-0.018,L2
全样本,MACD金叉态 + MACD零轴上金叉,512,0.0204,0.0256,0.795,0.373,0.428,-0.0549,L2
全样本,MACD金叉态 + MACD底背离,4207,0.1776,0.2027,0.876,0.396,0.428,-0.032,L2
全样本,MACD金叉态 + BOLL收上中轨,4046,0.1746,0.1921,0.909,0.4048,0.428,-0.0231,L2
全样本,MACD金叉态 + BOLL突破上轨,777,0.0336,0.0369,0.911,0.4054,0.428,-0.0226,L2
全样本,MACD金叉态 + BOLL触下轨反弹,4130,0.1863,0.1901,0.98,0.423,0.428,-0.005,L2
全样本,MACD金叉态 + BOLL开口扩张,5540,0.2416,0.2612,0.925,0.409,0.428,-0.0189,L2
全样本,MACD金叉态 + KDJ金叉态,5757,0.2508,0.2716,0.923,0.4085,0.428,-0.0194,L2
全样本,MACD金叉态 + KDJ_J超卖,5508,0.2436,0.2571,0.948,0.4149,0.428,-0.0131,L2
全样本,MACD金叉态 + KDJ低位金叉,1862,0.0872,0.0833,1.047,0.4393,0.428,0.0113,L2
全样本,MACD金叉态 + KDJ_D小于30,3804,0.1744,0.1729,1.009,0.4301,0.428,0.0021,L2
全样本,MACD金叉态 + RSI6大于50,5226,0.2256,0.2481,0.909,0.4049,0.428,-0.0231,L2
全样本,MACD金叉态 + RSI金叉,5990,0.2587,0.2843,0.91,0.405,0.428,-0.023,L2
全样本,MACD金叉态 + RSI6超卖,4640,0.2092,0.2136,0.979,0.4228,0.428,-0.0051,L2
全样本,MACD金叉态 + RSI底背离,3791,0.1639,0.1798,0.911,0.4054,0.428,-0.0225,L2
全样本,MACD金叉态 + 威科夫得分大于4,1194,0.0454,0.0613,0.741,0.3568,0.428,-0.0712,L2
全样本,MACD金叉态 + 威科夫得分大于7,609,0.0223,0.0319,0.698,0.3432,0.428,-0.0848,L2
全样本,MACD金叉态 + 积累阶段,3607,0.1392,0.1836,0.759,0.3621,0.428,-0.0659,L2
全样本,MACD金叉态 + 威科夫B3弹簧,128,0.0048,0.0066,0.725,0.3516,0.428,-0.0764,L2
全样本,MACD金叉态 + 威科夫B1突破,144,0.0063,0.0068,0.928,0.4097,0.428,-0.0182,L2
全样本,MACD金叉态 + 黄金柱,745,0.0292,0.0376,0.778,0.3678,0.428,-0.0602,L2
全样本,MACD金叉态 + 量能金叉,1741,0.0808,0.0784,1.031,0.4354,0.428,0.0074,L2
全样本,MACD金叉态 + 六脉红灯大于5,5559,0.2401,0.2638,0.91,0.4051,0.428,-0.0229,L2
全样本,MACD金叉态 + 六脉红灯大于6,4810,0.2074,0.2285,0.907,0.4044,0.428,-0.0236,L2
全样本,MACD金叉态 + 六脉6红首发,4810,0.2074,0.2285,0.907,0.4044,0.428,-0.0236,L2
全样本,MACD金叉态 + 六脉5红首发,5559,0.2401,0.2638,0.91,0.4051,0.428,-0.0229,L2
全样本,MACD金叉态 + 偏多共振,409,0.0148,0.0215,0.688,0.3399,0.428,-0.0881,L2
全样本,MACD金叉态 + 多头共振,406,0.0148,0.0213,0.696,0.3424,0.428,-0.0856,L2
全样本,MACD金叉态 + 火箭信号,765,0.0366,0.0337,1.086,0.4484,0.428,0.0204,L2
全样本,MACD金叉态 + 二连板,86,0.0046,0.0034,1.337,0.5,0.428,0.072,L2
全样本,MACD金叉态 + 二次涨停,53,0.0021,0.0026,0.81,0.3774,0.428,-0.0506,L2
全样本,MACD金叉态 + 极限抄底,118,0.0066,0.0045,1.48,0.5254,0.428,0.0975,L2
全样本,MACD金叉态 + 中枢进机会区,2739,0.1251,0.1249,1.001,0.4283,0.428,0.0003,L2
全样本,MACD金叉态 + 中枢极限底,3280,0.1407,0.1563,0.9,0.4024,0.428,-0.0255,L2
全样本,MACD金叉态 + 中枢上穿中轴,1971,0.0898,0.0901,0.997,0.4272,0.428,-0.0008,L2
全样本,MACD金叉态 + 中枢底部蓄力,4829,0.207,0.2304,0.898,0.4019,0.428,-0.026,L2
全样本,MACD金叉态 + 中枢底部回升,5671,0.2482,0.2667,0.931,0.4105,0.428,-0.0175,L2
全样本,MACD金叉态 + 大盘多头,1892,0.0601,0.1059,0.568,0.2981,0.428,-0.1299,L2
全样本,MACD金叉态 + 大盘空头,3734,0.1864,0.1584,1.176,0.4681,0.428,0.0402,L2
全样本,MACD金叉态 + 大盘安全,3393,0.1168,0.1833,0.637,0.3227,0.428,-0.1052,L2
全样本,MACD金叉态 + SID等于1,1892,0.0601,0.1059,0.568,0.2981,0.428,-0.1299,L2
全样本,MACD金叉态 + SID等于2,3533,0.135,0.1808,0.746,0.3583,0.428,-0.0696,L2
全样本,MACD金叉态 + SID小于等于2,4152,0.1498,0.2191,0.684,0.3384,0.428,-0.0896,L2
全样本,MACD金叉态 + 大盘5日上涨,4871,0.2018,0.2376,0.85,0.3886,0.428,-0.0393,L2
全样本,MACD金叉态 + 相对强弱大于0,4622,0.2143,0.2084,1.029,0.4349,0.428,0.0069,L2
全样本,MACD金叉态 + 相对强弱大于5,1518,0.0693,0.0692,1.001,0.4282,0.428,0.0002,L2
全样本,MACD金叉态 + 量比>=1.3,1474,0.0683,0.0664,1.029,0.4349,0.428,0.0069,L2
全样本,MACD金叉态 + 量比>=2,351,0.016,0.016,0.997,0.4274,0.428,-0.0006,L2
全样本,MACD金叉态 + 距前高<=10%,556,0.0224,0.0276,0.811,0.3777,0.428,-0.0503,L2
全样本,MACD金叉态 + 深跌(距前高>40%),289,0.0097,0.0158,0.614,0.3149,0.428,-0.1131,L2
全样本,MACD金叉态 + 距前低<=10%,5415,0.2374,0.2543,0.934,0.4113,0.428,-0.0167,L2
全样本,MACD金叉态 + 相对强弱>=0,1208,0.0567,0.0539,1.052,0.4404,0.428,0.0124,L2
全样本,MACD金叉态 + 相对强弱>=5,124,0.0055,0.0057,0.965,0.4194,0.428,-0.0086,L2
全样本,MACD柱递增 + MACD零轴上金叉,494,0.0197,0.0246,0.8,0.3745,0.428,-0.0535,L2
全样本,MACD柱递增 + MACD底背离,9940,0.3978,0.4953,0.803,0.3754,0.428,-0.0526,L2
全样本,MACD柱递增 + BOLL收上中轨,5698,0.2376,0.2768,0.858,0.391,0.428,-0.037,L2
全样本,MACD柱递增 + BOLL突破上轨,801,0.0343,0.0382,0.899,0.402,0.428,-0.026,L2
全样本,MACD柱递增 + BOLL触下轨反弹,12723,0.6182,0.5524,1.119,0.4557,0.428,0.0277,L2
全样本,MACD柱递增 + BOLL开口扩张,18013,0.8432,0.8061,1.046,0.439,0.428,0.011,L2
全样本,MACD柱递增 + KDJ金叉态,17875,0.8347,0.8014,1.042,0.438,0.428,0.01,L2
全样本,MACD柱递增 + KDJ_J超卖,18074,0.8431,0.811,1.039,0.4375,0.428,0.0095,L2
全样本,MACD柱递增 + KDJ低位金叉,10464,0.5139,0.4502,1.141,0.4606,0.428,0.0327,L2
全样本,MACD柱递增 + KDJ_D小于30,15417,0.7235,0.6885,1.051,0.4402,0.428,0.0122,L2
全样本,MACD柱递增 + RSI6大于50,10054,0.4338,0.4774,0.909,0.4047,0.428,-0.0233,L2
全样本,MACD柱递增 + RSI金叉,15801,0.7323,0.7126,1.028,0.4347,0.428,0.0067,L2
全样本,MACD柱递增 + RSI6超卖,16565,0.797,0.7251,1.099,0.4513,0.428,0.0233,L2
全样本,MACD柱递增 + RSI底背离,8760,0.3777,0.4162,0.907,0.4043,0.428,-0.0236,L2
全样本,MACD柱递增 + 威科夫得分大于4,2217,0.08,0.117,0.683,0.3383,0.428,-0.0897,L2
全样本,MACD柱递增 + 威科夫得分大于7,815,0.0297,0.0428,0.696,0.3423,0.428,-0.0856,L2
全样本,MACD柱递增 + 积累阶段,7353,0.2755,0.3804,0.724,0.3514,0.428,-0.0766,L2
全样本,MACD柱递增 + 威科夫B3弹簧,188,0.0063,0.0103,0.611,0.3138,0.428,-0.1141,L2
全样本,MACD柱递增 + 威科夫B1突破,138,0.0062,0.0064,0.969,0.4203,0.428,-0.0077,L2
全样本,MACD柱递增 + 黄金柱,967,0.0374,0.0491,0.762,0.363,0.428,-0.065,L2
全样本,MACD柱递增 + 量能金叉,4008,0.222,0.1536,1.445,0.5195,0.428,0.0915,L2
全样本,MACD柱递增 + 六脉红灯大于5,13645,0.6076,0.6339,0.959,0.4177,0.428,-0.0103,L2
全样本,MACD柱递增 + 六脉红灯大于6,8824,0.3874,0.4141,0.935,0.4117,0.428,-0.0163,L2
全样本,MACD柱递增 + 六脉6红首发,8824,0.3874,0.4141,0.935,0.4117,0.428,-0.0163,L2
全样本,MACD柱递增 + 六脉5红首发,13645,0.6076,0.6339,0.959,0.4177,0.428,-0.0103,L2
全样本,MACD柱递增 + 偏多共振,1790,0.0656,0.0937,0.7,0.3436,0.428,-0.0844,L2
全样本,MACD柱递增 + 多头共振,1784,0.0655,0.0933,0.701,0.3442,0.428,-0.0838,L2
全样本,MACD柱递增 + 火箭信号,1310,0.0715,0.051,1.404,0.5122,0.428,0.0842,L2
全样本,MACD柱递增 + 二连板,111,0.0068,0.0037,1.82,0.5766,0.428,0.1486,L2
全样本,MACD柱递增 + 二次涨停,125,0.0059,0.0056,1.05,0.44,0.428,0.012,L2
全样本,MACD柱递增 + 纳财,71,0.0025,0.0038,0.64,0.3239,0.428,-0.104,L2
全样本,MACD柱递增 + 极限抄底,1335,0.0896,0.0395,2.268,0.6292,0.428,0.2012,L2
全样本,MACD柱递增 + 中枢进机会区,7780,0.3854,0.3322,1.16,0.4647,0.428,0.0367,L2
全样本,MACD柱递增 + 中枢极限底,10198,0.5068,0.4343,1.167,0.4661,0.428,0.0381,L2
全样本,MACD柱递增 + 中枢上穿中轴,3558,0.1675,0.1585,1.057,0.4415,0.428,0.0136,L2
全样本,MACD柱递增 + 中枢底部蓄力,14489,0.6655,0.6579,1.012,0.4308,0.428,0.0028,L2
全样本,MACD柱递增 + 中枢底部回升,16951,0.8113,0.7452,1.089,0.4489,0.428,0.0209,L2
全样本,MACD柱递增 + 大盘多头,5631,0.1756,0.3178,0.553,0.2925,0.428,-0.1355,L2
全样本,MACD柱递增 + 大盘空头,9246,0.4519,0.3995,1.131,0.4584,0.428,0.0304,L2
全样本,MACD柱递增 + 大盘安全,8980,0.3292,0.47,0.701,0.3439,0.428,-0.0841,L2
全样本,MACD柱递增 + SID等于1,5631,0.1756,0.3178,0.553,0.2925,0.428,-0.1355,L2
全样本,MACD柱递增 + SID等于2,12600,0.5771,0.5733,1.007,0.4296,0.428,0.0016,L2
全样本,MACD柱递增 + SID小于等于2,14167,0.6158,0.6694,0.92,0.4077,0.428,-0.0203,L2
全样本,MACD柱递增 + 大盘5日上涨,12832,0.5219,0.6331,0.824,0.3815,0.428,-0.0465,L2
全样本,MACD柱递增 + 相对强弱大于0,7490,0.3345,0.3472,0.963,0.4188,0.428,-0.0091,L2
全样本,MACD柱递增 + 相对强弱大于5,1719,0.0771,0.0795,0.97,0.4206,0.428,-0.0074,L2
全样本,MACD柱递增 + 量比>=1.3,4167,0.247,0.1476,1.674,0.556,0.428,0.1281,L2
全样本,MACD柱递增 + 量比>=2,676,0.0374,0.0259,1.444,0.5192,0.428,0.0913,L2
全样本,MACD柱递增 + 距前高<=10%,1578,0.0621,0.0795,0.781,0.3688,0.428,-0.0592,L2
全样本,MACD柱递增 + 深跌(距前高>40%),995,0.0527,0.04,1.318,0.4965,0.428,0.0685,L2
全样本,MACD柱递增 + 距前低<=10%,13754,0.6332,0.6234,1.016,0.4318,0.428,0.0038,L2
全样本,MACD柱递增 + 相对强弱>=0,1651,0.0745,0.0759,0.981,0.4234,0.428,-0.0046,L2
全样本,MACD柱递增 + 相对强弱>=5,135,0.0059,0.0064,0.919,0.4074,0.428,-0.0206,L2
全样本,MACD零轴上金叉 + MACD底背离,148,0.0048,0.0082,0.584,0.3041,0.428,-0.1239,L2
全样本,MACD零轴上金叉 + BOLL收上中轨,512,0.0204,0.0256,0.795,0.373,0.428,-0.0549,L2
全样本,MACD零轴上金叉 + BOLL突破上轨,311,0.0117,0.016,0.731,0.3537,0.428,-0.0743,L2
全样本,MACD零轴上金叉 + BOLL触下轨反弹,335,0.0142,0.0161,0.88,0.397,0.428,-0.031,L2
全样本,MACD零轴上金叉 + BOLL开口扩张,499,0.0197,0.025,0.787,0.3707,0.428,-0.0572,L2
全样本,MACD零轴上金叉 + KDJ金叉态,508,0.0204,0.0253,0.805,0.376,0.428,-0.052,L2
全样本,MACD零轴上金叉 + KDJ_J超卖,407,0.017,0.0198,0.857,0.3907,0.428,-0.0373,L2
全样本,MACD零轴上金叉 + KDJ_D小于30,142,0.006,0.0069,0.87,0.3944,0.428,-0.0336,L2
全样本,MACD零轴上金叉 + RSI6大于50,512,0.0204,0.0256,0.795,0.373,0.428,-0.0549,L2
全样本,MACD零轴上金叉 + RSI金叉,505,0.0199,0.0254,0.786,0.3703,0.428,-0.0577,L2
全样本,MACD零轴上金叉 + RSI6超卖,230,0.0102,0.0107,0.958,0.4174,0.428,-0.0106,L2
全样本,MACD零轴上金叉 + RSI底背离,108,0.0039,0.0057,0.697,0.3426,0.428,-0.0854,L2
全样本,MACD零轴上金叉 + 威科夫得分大于4,406,0.0155,0.0208,0.743,0.3571,0.428,-0.0708,L2
全样本,MACD零轴上金叉 + 威科夫得分大于7,286,0.0111,0.0145,0.764,0.3636,0.428,-0.0643,L2
全样本,MACD零轴上金叉 + 积累阶段,153,0.0065,0.0073,0.886,0.3987,0.428,-0.0293,L2
全样本,MACD零轴上金叉 + 黄金柱,125,0.0047,0.0065,0.726,0.352,0.428,-0.076,L2
全样本,MACD零轴上金叉 + 量能金叉,256,0.0103,0.0127,0.815,0.3789,0.428,-0.0491,L2
全样本,MACD零轴上金叉 + 六脉红灯大于5,509,0.0204,0.0254,0.803,0.3752,0.428,-0.0527,L2
全样本,MACD零轴上金叉 + 六脉红灯大于6,498,0.0198,0.0249,0.797,0.3735,0.428,-0.0545,L2
全样本,MACD零轴上金叉 + 六脉6红首发,498,0.0198,0.0249,0.797,0.3735,0.428,-0.0545,L2
全样本,MACD零轴上金叉 + 六脉5红首发,509,0.0204,0.0254,0.803,0.3752,0.428,-0.0527,L2
全样本,MACD零轴上金叉 + 偏多共振,185,0.006,0.0103,0.58,0.3027,0.428,-0.1253,L2
全样本,MACD零轴上金叉 + 多头共振,184,0.006,0.0102,0.585,0.3043,0.428,-0.1236,L2
全样本,MACD零轴上金叉 + 火箭信号,185,0.0077,0.009,0.852,0.3892,0.428,-0.0388,L2
全样本,MACD零轴上金叉 + 中枢进机会区,165,0.0073,0.0077,0.937,0.4121,0.428,-0.0159,L2
全样本,MACD零轴上金叉 + 中枢极限底,76,0.003,0.0038,0.78,0.3684,0.428,-0.0596,L2
全样本,MACD零轴上金叉 + 中枢上穿中轴,413,0.0165,0.0206,0.803,0.3753,0.428,-0.0527,L2
全样本,MACD零轴上金叉 + 中枢底部蓄力,61,0.0016,0.0037,0.436,0.2459,0.428,-0.1821,L2
全样本,MACD零轴上金叉 + 中枢底部回升,210,0.0082,0.0106,0.774,0.3667,0.428,-0.0613,L2
全样本,MACD零轴上金叉 + 大盘多头,286,0.0104,0.015,0.697,0.3427,0.428,-0.0853,L2
全样本,MACD零轴上金叉 + 大盘空头,134,0.005,0.0069,0.722,0.3507,0.428,-0.0772,L2
全样本,MACD零轴上金叉 + 大盘安全,350,0.0126,0.0185,0.68,0.3371,0.428,-0.0908,L2
全样本,MACD零轴上金叉 + SID等于1,286,0.0104,0.015,0.697,0.3427,0.428,-0.0853,L2
全样本,MACD零轴上金叉 + SID等于2,335,0.0146,0.0158,0.925,0.409,0.428,-0.019,L2
全样本,MACD零轴上金叉 + SID小于等于2,435,0.0172,0.0219,0.785,0.3701,0.428,-0.0579,L2
全样本,MACD零轴上金叉 + 大盘5日上涨,379,0.014,0.0198,0.706,0.3456,0.428,-0.0823,L2
全样本,MACD零轴上金叉 + 相对强弱大于0,484,0.0193,0.0242,0.798,0.374,0.428,-0.054,L2
全样本,MACD零轴上金叉 + 相对强弱大于5,299,0.0117,0.0151,0.778,0.3679,0.428,-0.0601,L2
全样本,MACD零轴上金叉 + 量比>=1.3,142,0.0059,0.0069,0.845,0.3873,0.428,-0.0406,L2
全样本,MACD零轴上金叉 + 距前高<=10%,218,0.0087,0.0108,0.806,0.3761,0.428,-0.0518,L2
全样本,MACD零轴上金叉 + 距前低<=10%,164,0.0076,0.0074,1.02,0.4329,0.428,0.005,L2
全样本,MACD零轴上金叉 + 相对强弱>=0,150,0.0059,0.0076,0.774,0.3667,0.428,-0.0613,L2
全样本,MACD底背离 + BOLL收上中轨,3015,0.118,0.1522,0.775,0.3672,0.428,-0.0608,L2
全样本,MACD底背离 + BOLL突破上轨,368,0.0152,0.0179,0.849,0.3886,0.428,-0.0394,L2
全样本,MACD底背离 + BOLL触下轨反弹,6775,0.2804,0.3306,0.848,0.3882,0.428,-0.0398,L2
全样本,MACD底背离 + BOLL开口扩张,9752,0.3897,0.4864,0.801,0.3748,0.428,-0.0532,L2
全样本,MACD底背离 + KDJ金叉态,9606,0.3877,0.4762,0.814,0.3785,0.428,-0.0495,L2
全样本,MACD底背离 + KDJ_J超卖,10193,0.4055,0.5097,0.795,0.3731,0.428,-0.0549,L2
全样本,MACD底背离 + KDJ低位金叉,5543,0.2304,0.2698,0.854,0.3899,0.428,-0.0381,L2
全样本,MACD底背离 + KDJ_D小于30,8590,0.348,0.4249,0.819,0.38,0.428,-0.048,L2
全样本,MACD底背离 + RSI6大于50,5506,0.2227,0.2726,0.817,0.3794,0.428,-0.0486,L2
全样本,MACD底背离 + RSI金叉,9064,0.3713,0.4453,0.834,0.3842,0.428,-0.0438,L2
全样本,MACD底背离 + RSI6超卖,9710,0.3917,0.4815,0.814,0.3784,0.428,-0.0496,L2
全样本,MACD底背离 + RSI底背离,7920,0.3201,0.3923,0.816,0.379,0.428,-0.0489,L2
全样本,MACD底背离 + 威科夫得分大于4,1072,0.0325,0.0612,0.532,0.2845,0.428,-0.1435,L2
全样本,MACD底背离 + 威科夫得分大于7,379,0.0116,0.0215,0.54,0.2876,0.428,-0.1404,L2
全样本,MACD底背离 + 积累阶段,5178,0.1775,0.2802,0.633,0.3216,0.428,-0.1064,L2
全样本,MACD底背离 + 威科夫B3弹簧,145,0.0045,0.0082,0.545,0.2897,0.428,-0.1383,L2
全样本,MACD底背离 + 威科夫B1突破,86,0.0039,0.0039,1.009,0.4302,0.428,0.0023,L2
全样本,MACD底背离 + 黄金柱,605,0.0239,0.0304,0.786,0.3702,0.428,-0.0577,L2
全样本,MACD底背离 + 量能金叉,1826,0.0869,0.0806,1.077,0.4463,0.428,0.0184,L2
全样本,MACD底背离 + 六脉红灯大于5,8000,0.326,0.3942,0.827,0.3822,0.428,-0.0457,L2
全样本,MACD底背离 + 六脉红灯大于6,5035,0.2073,0.2466,0.841,0.3861,0.428,-0.0419,L2
全样本,MACD底背离 + 六脉6红首发,5035,0.2073,0.2466,0.841,0.3861,0.428,-0.0419,L2
全样本,MACD底背离 + 六脉5红首发,8000,0.326,0.3942,0.827,0.3822,0.428,-0.0457,L2
全样本,MACD底背离 + 偏多共振,409,0.0141,0.0221,0.637,0.3227,0.428,-0.1052,L2
全样本,MACD底背离 + 多头共振,406,0.0141,0.0219,0.644,0.3251,0.428,-0.1028,L2
全样本,MACD底背离 + 火箭信号,633,0.0294,0.0285,1.033,0.436,0.428,0.008,L2
全样本,MACD底背离 + 二次涨停,53,0.002,0.0027,0.747,0.3585,0.428,-0.0695,L2
全样本,MACD底背离 + 极限抄底,539,0.0248,0.0244,1.018,0.4323,0.428,0.0043,L2
全样本,MACD底背离 + 中枢进机会区,4453,0.1797,0.2208,0.814,0.3784,0.428,-0.0496,L2
全样本,MACD底背离 + 中枢极限底,6586,0.2664,0.326,0.817,0.3794,0.428,-0.0485,L2
全样本,MACD底背离 + 中枢上穿中轴,1282,0.0543,0.0617,0.88,0.397,0.428,-0.0309,L2
全样本,MACD底背离 + 中枢底部蓄力,9487,0.3785,0.4736,0.799,0.3742,0.428,-0.0538,L2
全样本,MACD底背离 + 中枢底部回升,10247,0.4159,0.5062,0.822,0.3807,0.428,-0.0473,L2
全样本,MACD底背离 + 大盘多头,3058,0.0821,0.1825,0.45,0.2518,0.428,-0.1762,L2
全样本,MACD底背离 + 大盘空头,5853,0.2668,0.2673,0.998,0.4275,0.428,-0.0005,L2
全样本,MACD底背离 + 大盘安全,5077,0.1563,0.2881,0.543,0.2888,0.428,-0.1392,L2
全样本,MACD底背离 + SID等于1,3058,0.0821,0.1825,0.45,0.2518,0.428,-0.1762,L2
全样本,MACD底背离 + SID等于2,6315,0.2243,0.3359,0.668,0.3332,0.428,-0.0948,L2
全样本,MACD底背离 + SID小于等于2,7299,0.2467,0.3977,0.62,0.317,0.428,-0.1109,L2
全样本,MACD底背离 + 大盘5日上涨,7802,0.2949,0.4017,0.734,0.3545,0.428,-0.0734,L2
全样本,MACD底背离 + 相对强弱大于0,4619,0.2029,0.2167,0.937,0.412,0.428,-0.016,L2
全样本,MACD底背离 + 相对强弱大于5,990,0.0421,0.0475,0.887,0.399,0.428,-0.029,L2
全样本,MACD底背离 + 量比>=1.3,2044,0.0961,0.0912,1.054,0.4408,0.428,0.0128,L2
全样本,MACD底背离 + 量比>=2,382,0.0179,0.0171,1.049,0.4398,0.428,0.0118,L2
全样本,MACD底背离 + 距前高<=10%,503,0.0172,0.0273,0.629,0.3201,0.428,-0.1079,L2
全样本,MACD底背离 + 深跌(距前高>40%),566,0.0224,0.0284,0.788,0.371,0.428,-0.0569,L2
全样本,MACD底背离 + 距前低<=10%,8670,0.3539,0.4269,0.829,0.3828,0.428,-0.0452,L2
全样本,MACD底背离 + 相对强弱>=0,931,0.0412,0.0435,0.947,0.4146,0.428,-0.0134,L2
全样本,MACD底背离 + 相对强弱>=5,53,0.002,0.0027,0.747,0.3585,0.428,-0.0695,L2
全样本,BOLL收上中轨 + BOLL突破上轨,834,0.0353,0.0401,0.88,0.3969,0.428,-0.0311,L2
全样本,BOLL收上中轨 + BOLL触下轨反弹,4165,0.1809,0.1969,0.919,0.4074,0.428,-0.0205,L2
全样本,BOLL收上中轨 + BOLL开口扩张,5540,0.2341,0.2668,0.878,0.3964,0.428,-0.0316,L2
全样本,BOLL收上中轨 + KDJ金叉态,5888,0.245,0.2864,0.856,0.3903,0.428,-0.0377,L2
全样本,BOLL收上中轨 + KDJ_J超卖,5339,0.2263,0.2566,0.882,0.3975,0.428,-0.0305,L2
全样本,BOLL收上中轨 + KDJ低位金叉,1246,0.0575,0.0564,1.019,0.4326,0.428,0.0046,L2
全样本,BOLL收上中轨 + KDJ_D小于30,3242,0.1439,0.1509,0.954,0.4164,0.428,-0.0116,L2
全样本,BOLL收上中轨 + RSI6大于50,6132,0.2546,0.2987,0.853,0.3894,0.428,-0.0385,L2
全样本,BOLL收上中轨 + RSI金叉,5939,0.2474,0.2887,0.857,0.3906,0.428,-0.0373,L2
全样本,BOLL收上中轨 + RSI6超卖,4105,0.1805,0.1924,0.938,0.4124,0.428,-0.0155,L2
全样本,BOLL收上中轨 + RSI底背离,2602,0.1086,0.1263,0.86,0.3916,0.428,-0.0363,L2
全样本,BOLL收上中轨 + 威科夫得分大于4,1945,0.0693,0.1033,0.671,0.3342,0.428,-0.0938,L2
全样本,BOLL收上中轨 + 威科夫得分大于7,880,0.0311,0.0469,0.664,0.3318,0.428,-0.0962,L2
全样本,BOLL收上中轨 + 积累阶段,2975,0.118,0.149,0.792,0.3721,0.428,-0.0559,L2
全样本,BOLL收上中轨 + 威科夫B3弹簧,88,0.0035,0.0044,0.802,0.375,0.428,-0.053,L2
全样本,BOLL收上中轨 + 威科夫B1突破,144,0.0063,0.0068,0.928,0.4097,0.428,-0.0182,L2
全样本,BOLL收上中轨 + 黄金柱,820,0.0317,0.0417,0.759,0.3622,0.428,-0.0658,L2
全样本,BOLL收上中轨 + 量能金叉,1995,0.0893,0.0923,0.968,0.4201,0.428,-0.0079,L2
全样本,BOLL收上中轨 + 六脉红灯大于5,5737,0.2401,0.278,0.864,0.3925,0.428,-0.0354,L2
全样本,BOLL收上中轨 + 六脉红灯大于6,5426,0.2272,0.2628,0.864,0.3927,0.428,-0.0352,L2
全样本,BOLL收上中轨 + 六脉6红首发,5426,0.2272,0.2628,0.864,0.3927,0.428,-0.0352,L2
全样本,BOLL收上中轨 + 六脉5红首发,5737,0.2401,0.278,0.864,0.3925,0.428,-0.0354,L2
全样本,BOLL收上中轨 + 偏多共振,1057,0.0342,0.0587,0.583,0.3037,0.428,-0.1243,L2
全样本,BOLL收上中轨 + 多头共振,1056,0.0342,0.0586,0.584,0.304,0.428,-0.124,L2
全样本,BOLL收上中轨 + 火箭信号,996,0.0481,0.0435,1.106,0.4528,0.428,0.0248,L2
全样本,BOLL收上中轨 + 二连板,96,0.0052,0.0037,1.393,0.5104,0.428,0.0824,L2
全样本,BOLL收上中轨 + 二次涨停,96,0.0041,0.0046,0.876,0.3958,0.428,-0.0321,L2
全样本,BOLL收上中轨 + 纳财,52,0.0019,0.0027,0.708,0.3462,0.428,-0.0818,L2
全样本,BOLL收上中轨 + 极限抄底,66,0.0038,0.0024,1.604,0.5455,0.428,0.1175,L2
全样本,BOLL收上中轨 + 中枢进机会区,2483,0.1101,0.1157,0.952,0.416,0.428,-0.0119,L2
全样本,BOLL收上中轨 + 中枢极限底,2378,0.1028,0.1128,0.911,0.4054,0.428,-0.0226,L2
全样本,BOLL收上中轨 + 中枢上穿中轴,3162,0.1398,0.1477,0.947,0.4146,0.428,-0.0134,L2
全样本,BOLL收上中轨 + 中枢底部蓄力,3410,0.1442,0.1642,0.878,0.3965,0.428,-0.0315,L2
全样本,BOLL收上中轨 + 中枢底部回升,4488,0.195,0.2121,0.919,0.4075,0.428,-0.0204,L2
全样本,BOLL收上中轨 + 大盘多头,2532,0.0798,0.1423,0.56,0.2954,0.428,-0.1326,L2
全样本,BOLL收上中轨 + 大盘空头,2816,0.1376,0.1216,1.132,0.4585,0.428,0.0305,L2
全样本,BOLL收上中轨 + 大盘安全,3775,0.1304,0.2036,0.641,0.324,0.428,-0.104,L2
全样本,BOLL收上中轨 + SID等于1,2532,0.0798,0.1423,0.56,0.2954,0.428,-0.1326,L2
全样本,BOLL收上中轨 + SID等于2,3858,0.1524,0.1938,0.786,0.3704,0.428,-0.0576,L2
全样本,BOLL收上中轨 + SID小于等于2,4639,0.1709,0.2422,0.706,0.3455,0.428,-0.0824,L2
全样本,BOLL收上中轨 + 大盘5日上涨,4756,0.184,0.2417,0.761,0.3629,0.428,-0.0651,L2
全样本,BOLL收上中轨 + 相对强弱大于0,4868,0.2089,0.2321,0.9,0.4024,0.428,-0.0255,L2
全样本,BOLL收上中轨 + 相对强弱大于5,1691,0.0767,0.0775,0.989,0.4252,0.428,-0.0028,L2
全样本,BOLL收上中轨 + 量比>=1.3,1391,0.0639,0.0632,1.011,0.4306,0.428,0.0027,L2
全样本,BOLL收上中轨 + 量比>=2,360,0.0167,0.0162,1.034,0.4361,0.428,0.0081,L2
全样本,BOLL收上中轨 + 距前高<=10%,1098,0.0428,0.0556,0.769,0.3652,0.428,-0.0628,L2
全样本,BOLL收上中轨 + 深跌(距前高>40%),105,0.003,0.0061,0.486,0.2667,0.428,-0.1613,L2
全样本,BOLL收上中轨 + 距前低<=10%,3919,0.1761,0.1808,0.974,0.4215,0.428,-0.0064,L2
全样本,BOLL收上中轨 + 相对强弱>=0,1177,0.0531,0.0542,0.98,0.4231,0.428,-0.0049,L2
全样本,BOLL收上中轨 + 相对强弱>=5,132,0.0065,0.0057,1.148,0.4621,0.428,0.0341,L2
全样本,BOLL突破上轨 + BOLL触下轨反弹,577,0.0255,0.027,0.945,0.4142,0.428,-0.0138,L2
全样本,BOLL突破上轨 + BOLL开口扩张,821,0.0351,0.0392,0.894,0.4007,0.428,-0.0272,L2
全样本,BOLL突破上轨 + KDJ金叉态,829,0.0353,0.0397,0.888,0.3993,0.428,-0.0287,L2
全样本,BOLL突破上轨 + KDJ_J超卖,656,0.0285,0.031,0.917,0.407,0.428,-0.021,L2
全样本,BOLL突破上轨 + KDJ低位金叉,76,0.0041,0.003,1.337,0.5,0.428,0.072,L2
全样本,BOLL突破上轨 + KDJ_D小于30,312,0.0152,0.0135,1.131,0.4583,0.428,0.0304,L2
全样本,BOLL突破上轨 + RSI6大于50,834,0.0353,0.0401,0.88,0.3969,0.428,-0.0311,L2
全样本,BOLL突破上轨 + RSI金叉,824,0.035,0.0396,0.884,0.3981,0.428,-0.0299,L2
全样本,BOLL突破上轨 + RSI6超卖,429,0.0203,0.0191,1.063,0.4429,0.428,0.0149,L2
全样本,BOLL突破上轨 + RSI底背离,314,0.0132,0.0152,0.872,0.3949,0.428,-0.0331,L2
全样本,BOLL突破上轨 + 威科夫得分大于4,512,0.0194,0.0263,0.737,0.3555,0.428,-0.0725,L2
全样本,BOLL突破上轨 + 威科夫得分大于7,345,0.0127,0.018,0.704,0.3449,0.428,-0.083,L2
全样本,BOLL突破上轨 + 积累阶段,361,0.0156,0.0172,0.908,0.4044,0.428,-0.0235,L2
全样本,BOLL突破上轨 + 威科夫B1突破,128,0.006,0.0057,1.04,0.4375,0.428,0.0095,L2
全样本,BOLL突破上轨 + 黄金柱,209,0.0084,0.0104,0.812,0.378,0.428,-0.05,L2
全样本,BOLL突破上轨 + 量能金叉,497,0.0229,0.0225,1.019,0.4326,0.428,0.0046,L2
全样本,BOLL突破上轨 + 六脉红灯大于5,833,0.0353,0.04,0.881,0.3974,0.428,-0.0306,L2
全样本,BOLL突破上轨 + 六脉红灯大于6,827,0.0352,0.0396,0.887,0.399,0.428,-0.0289,L2
全样本,BOLL突破上轨 + 六脉6红首发,827,0.0352,0.0396,0.887,0.399,0.428,-0.0289,L2
全样本,BOLL突破上轨 + 六脉5红首发,833,0.0353,0.04,0.881,0.3974,0.428,-0.0306,L2
全样本,BOLL突破上轨 + 偏多共振,191,0.006,0.0108,0.554,0.2932,0.428,-0.1348,L2
全样本,BOLL突破上轨 + 多头共振,191,0.006,0.0108,0.554,0.2932,0.428,-0.1348,L2
全样本,BOLL突破上轨 + 火箭信号,346,0.0166,0.0152,1.097,0.4509,0.428,0.0229,L2
全样本,BOLL突破上轨 + 二连板,52,0.0032,0.0018,1.823,0.5769,0.428,0.149,L2
全样本,BOLL突破上轨 + 中枢进机会区,319,0.014,0.015,0.931,0.4107,0.428,-0.0173,L2
全样本,BOLL突破上轨 + 中枢极限底,257,0.0125,0.0112,1.117,0.4553,0.428,0.0273,L2
全样本,BOLL突破上轨 + 中枢上穿中轴,678,0.0302,0.0315,0.958,0.4174,0.428,-0.0106,L2
全样本,BOLL突破上轨 + 中枢底部蓄力,356,0.0158,0.0166,0.951,0.4157,0.428,-0.0122,L2
全样本,BOLL突破上轨 + 中枢底部回升,523,0.0232,0.0243,0.955,0.4168,0.428,-0.0111,L2
全样本,BOLL突破上轨 + 大盘多头,390,0.0133,0.0211,0.63,0.3205,0.428,-0.1075,L2
全样本,BOLL突破上轨 + 大盘空头,318,0.0156,0.0137,1.135,0.4591,0.428,0.0311,L2
全样本,BOLL突破上轨 + 大盘安全,550,0.0197,0.0291,0.677,0.3364,0.428,-0.0916,L2
全样本,BOLL突破上轨 + SID等于1,390,0.0133,0.0211,0.63,0.3205,0.428,-0.1075,L2
全样本,BOLL突破上轨 + SID等于2,506,0.0212,0.0245,0.866,0.3933,0.428,-0.0347,L2
全样本,BOLL突破上轨 + SID小于等于2,658,0.0253,0.0336,0.752,0.3602,0.428,-0.0678,L2
全样本,BOLL突破上轨 + 大盘5日上涨,613,0.0236,0.0313,0.754,0.3605,0.428,-0.0674,L2
全样本,BOLL突破上轨 + 相对强弱大于0,811,0.0345,0.0388,0.889,0.3995,0.428,-0.0285,L2
全样本,BOLL突破上轨 + 相对强弱大于5,580,0.0265,0.0264,1.005,0.4293,0.428,0.0013,L2
全样本,BOLL突破上轨 + 量比>=1.3,258,0.0112,0.0122,0.917,0.407,0.428,-0.021,L2
全样本,BOLL突破上轨 + 量比>=2,93,0.0044,0.0041,1.054,0.4409,0.428,0.0129,L2
全样本,BOLL突破上轨 + 距前高<=10%,217,0.0082,0.0112,0.735,0.3548,0.428,-0.0731,L2
全样本,BOLL突破上轨 + 距前低<=10%,474,0.0219,0.0215,1.019,0.4325,0.428,0.0045,L2
全样本,BOLL突破上轨 + 相对强弱>=0,210,0.0088,0.0101,0.874,0.3952,0.428,-0.0327,L2
全样本,BOLL触下轨反弹 + BOLL开口扩张,13761,0.6596,0.6043,1.092,0.4495,0.428,0.0216,L2
全样本,BOLL触下轨反弹 + KDJ金叉态,12255,0.6013,0.5277,1.14,0.4602,0.428,0.0322,L2
全样本,BOLL触下轨反弹 + KDJ_J超卖,13395,0.644,0.5867,1.098,0.4509,0.428,0.0229,L2
全样本,BOLL触下轨反弹 + KDJ低位金叉,6818,0.3532,0.2796,1.263,0.4859,0.428,0.0579,L2
全样本,BOLL触下轨反弹 + KDJ_D小于30,10625,0.5214,0.4575,1.14,0.4602,0.428,0.0323,L2
全样本,BOLL触下轨反弹 + RSI6大于50,6883,0.3125,0.3153,0.991,0.4258,0.428,-0.0021,L2
全样本,BOLL触下轨反弹 + RSI金叉,11039,0.5397,0.4768,1.132,0.4586,0.428,0.0306,L2
全样本,BOLL触下轨反弹 + RSI6超卖,12522,0.6172,0.5371,1.149,0.4623,0.428,0.0343,L2
全样本,BOLL触下轨反弹 + RSI底背离,6071,0.2725,0.2804,0.972,0.421,0.428,-0.007,L2
全样本,BOLL触下轨反弹 + 威科夫得分大于4,1963,0.0724,0.1024,0.707,0.3459,0.428,-0.0821,L2
全样本,BOLL触下轨反弹 + 威科夫得分大于7,736,0.0272,0.0384,0.709,0.3465,0.428,-0.0815,L2
全样本,BOLL触下轨反弹 + 积累阶段,5762,0.2238,0.2922,0.766,0.3643,0.428,-0.0637,L2
全样本,BOLL触下轨反弹 + 威科夫B3弹簧,164,0.0059,0.0087,0.674,0.3354,0.428,-0.0926,L2
全样本,BOLL触下轨反弹 + 威科夫B1突破,108,0.0046,0.0052,0.884,0.3981,0.428,-0.0298,L2
全样本,BOLL触下轨反弹 + 黄金柱,521,0.0216,0.0254,0.853,0.3896,0.428,-0.0383,L2
全样本,BOLL触下轨反弹 + 量能金叉,3219,0.1781,0.1236,1.441,0.5188,0.428,0.0908,L2
全样本,BOLL触下轨反弹 + 六脉红灯大于5,8934,0.4255,0.3943,1.079,0.4467,0.428,0.0187,L2
全样本,BOLL触下轨反弹 + 六脉红灯大于6,6031,0.2763,0.2744,1.007,0.4296,0.428,0.0016,L2
全样本,BOLL触下轨反弹 + 六脉6红首发,6031,0.2763,0.2744,1.007,0.4296,0.428,0.0016,L2
全样本,BOLL触下轨反弹 + 六脉5红首发,8934,0.4255,0.3943,1.079,0.4467,0.428,0.0187,L2
全样本,BOLL触下轨反弹 + 偏多共振,1395,0.0535,0.0712,0.751,0.3599,0.428,-0.0681,L2
全样本,BOLL触下轨反弹 + 多头共振,1389,0.0534,0.0708,0.754,0.3607,0.428,-0.0673,L2
全样本,BOLL触下轨反弹 + 火箭信号,892,0.0528,0.0317,1.667,0.5549,0.428,0.127,L2
全样本,BOLL触下轨反弹 + 二连板,79,0.0051,0.0025,2.07,0.6076,0.428,0.1796,L2
全样本,BOLL触下轨反弹 + 二次涨停,79,0.0046,0.0029,1.596,0.5443,0.428,0.1163,L2
全样本,BOLL触下轨反弹 + 极限抄底,853,0.0567,0.0256,2.215,0.6237,0.428,0.1957,L2
全样本,BOLL触下轨反弹 + 中枢进机会区,6412,0.3204,0.2718,1.179,0.4687,0.428,0.0407,L2
全样本,BOLL触下轨反弹 + 中枢极限底,7283,0.3784,0.2979,1.27,0.4873,0.428,0.0593,L2
全样本,BOLL触下轨反弹 + 中枢上穿中轴,2861,0.1386,0.1245,1.113,0.4544,0.428,0.0264,L2
全样本,BOLL触下轨反弹 + 中枢底部蓄力,10162,0.4857,0.4473,1.086,0.4482,0.428,0.0203,L2
全样本,BOLL触下轨反弹 + 中枢底部回升,12337,0.6108,0.5271,1.159,0.4644,0.428,0.0364,L2
全样本,BOLL触下轨反弹 + 大盘多头,4079,0.1315,0.227,0.579,0.3023,0.428,-0.1257,L2
全样本,BOLL触下轨反弹 + 大盘空头,6763,0.3434,0.2825,1.215,0.4763,0.428,0.0483,L2
全样本,BOLL触下轨反弹 + 大盘安全,6701,0.2595,0.3404,0.762,0.3632,0.428,-0.0647,L2
全样本,BOLL触下轨反弹 + SID等于1,4079,0.1315,0.227,0.579,0.3023,0.428,-0.1257,L2
全样本,BOLL触下轨反弹 + SID等于2,9575,0.4547,0.4236,1.074,0.4454,0.428,0.0175,L2
全样本,BOLL触下轨反弹 + SID小于等于2,10663,0.4827,0.4895,0.986,0.4246,0.428,-0.0034,L2
全样本,BOLL触下轨反弹 + 大盘5日上涨,9140,0.3951,0.4335,0.912,0.4055,0.428,-0.0225,L2
全样本,BOLL触下轨反弹 + 相对强弱大于0,5517,0.2566,0.2481,1.034,0.4363,0.428,0.0083,L2
全样本,BOLL触下轨反弹 + 相对强弱大于5,1173,0.0565,0.0513,1.102,0.4518,0.428,0.0239,L2
全样本,BOLL触下轨反弹 + 量比>=1.3,3463,0.2068,0.1215,1.703,0.5602,0.428,0.1322,L2
全样本,BOLL触下轨反弹 + 量比>=2,614,0.0339,0.0236,1.436,0.5179,0.428,0.0899,L2
全样本,BOLL触下轨反弹 + 距前高<=10%,1388,0.0549,0.0696,0.788,0.371,0.428,-0.0569,L2
全样本,BOLL触下轨反弹 + 深跌(距前高>40%),613,0.0385,0.0201,1.915,0.5889,0.428,0.1609,L2
全样本,BOLL触下轨反弹 + 距前低<=10%,10164,0.4755,0.455,1.045,0.4388,0.428,0.0108,L2
全样本,BOLL触下轨反弹 + 相对强弱>=0,1270,0.0586,0.0574,1.021,0.4331,0.428,0.0051,L2
全样本,BOLL触下轨反弹 + 相对强弱>=5,76,0.0039,0.0031,1.268,0.4868,0.428,0.0589,L2
全样本,BOLL开口扩张 + KDJ金叉态,17165,0.8117,0.762,1.065,0.4435,0.428,0.0155,L2
全样本,BOLL开口扩张 + KDJ_J超卖,18850,0.8828,0.8432,1.047,0.4393,0.428,0.0113,L2
全样本,BOLL开口扩张 + KDJ低位金叉,10188,0.5049,0.435,1.161,0.4648,0.428,0.0368,L2
全样本,BOLL开口扩张 + KDJ_D小于30,15511,0.7329,0.689,1.064,0.4432,0.428,0.0152,L2
全样本,BOLL开口扩张 + RSI6大于50,9514,0.4154,0.4481,0.927,0.4095,0.428,-0.0185,L2
全样本,BOLL开口扩张 + RSI金叉,15227,0.7132,0.6811,1.047,0.4393,0.428,0.0113,L2
全样本,BOLL开口扩张 + RSI6超卖,17178,0.8287,0.7503,1.104,0.4524,0.428,0.0245,L2
全样本,BOLL开口扩张 + RSI底背离,8611,0.3724,0.4083,0.912,0.4056,0.428,-0.0223,L2
全样本,BOLL开口扩张 + 威科夫得分大于4,2635,0.096,0.1384,0.693,0.3416,0.428,-0.0864,L2
全样本,BOLL开口扩张 + 威科夫得分大于7,978,0.0348,0.052,0.668,0.3333,0.428,-0.0946,L2
全样本,BOLL开口扩张 + 积累阶段,7357,0.2773,0.3794,0.731,0.3535,0.428,-0.0744,L2
全样本,BOLL开口扩张 + 威科夫B3弹簧,199,0.007,0.0106,0.663,0.3317,0.428,-0.0963,L2
全样本,BOLL开口扩张 + 威科夫B1突破,144,0.0063,0.0068,0.928,0.4097,0.428,-0.0182,L2
全样本,BOLL开口扩张 + 黄金柱,850,0.034,0.0424,0.803,0.3753,0.428,-0.0527,L2
全样本,BOLL开口扩张 + 量能金叉,4218,0.2312,0.1635,1.414,0.514,0.428,0.086,L2
全样本,BOLL开口扩张 + 六脉红灯大于5,12617,0.5687,0.581,0.979,0.4228,0.428,-0.0052,L2
全样本,BOLL开口扩张 + 六脉红灯大于6,8175,0.3613,0.3818,0.946,0.4146,0.428,-0.0134,L2
全样本,BOLL开口扩张 + 六脉6红首发,8175,0.3613,0.3818,0.946,0.4146,0.428,-0.0134,L2
全样本,BOLL开口扩张 + 六脉5红首发,12617,0.5687,0.581,0.979,0.4228,0.428,-0.0052,L2
全样本,BOLL开口扩张 + 偏多共振,2131,0.0824,0.1083,0.761,0.3627,0.428,-0.0652,L2
全样本,BOLL开口扩张 + 多头共振,2123,0.0823,0.1078,0.764,0.3636,0.428,-0.0643,L2
全样本,BOLL开口扩张 + 火箭信号,1323,0.0732,0.0507,1.444,0.5193,0.428,0.0913,L2
全样本,BOLL开口扩张 + 二连板,112,0.0068,0.0038,1.782,0.5714,0.428,0.1435,L2
全样本,BOLL开口扩张 + 二次涨停,136,0.0064,0.0061,1.055,0.4412,0.428,0.0132,L2
全样本,BOLL开口扩张 + 纳财,65,0.0022,0.0035,0.638,0.3231,0.428,-0.1049,L2
全样本,BOLL开口扩张 + 极限抄底,1416,0.0968,0.0405,2.389,0.6412,0.428,0.2133,L2
全样本,BOLL开口扩张 + 中枢进机会区,8622,0.4286,0.3671,1.168,0.4662,0.428,0.0383,L2
全样本,BOLL开口扩张 + 中枢极限底,10357,0.5205,0.4367,1.192,0.4714,0.428,0.0434,L2
全样本,BOLL开口扩张 + 中枢上穿中轴,3673,0.1723,0.1641,1.05,0.44,0.428,0.012,L2
全样本,BOLL开口扩张 + 中枢底部蓄力,14362,0.663,0.6496,1.021,0.4329,0.428,0.005,L2
全样本,BOLL开口扩张 + 中枢底部回升,17098,0.8266,0.7455,1.109,0.4534,0.428,0.0255,L2
全样本,BOLL开口扩张 + 大盘多头,5875,0.1865,0.3291,0.567,0.2977,0.428,-0.1303,L2
全样本,BOLL开口扩张 + 大盘空头,9239,0.4511,0.3995,1.129,0.4579,0.428,0.03,L2
全样本,BOLL开口扩张 + 大盘安全,9234,0.3418,0.4809,0.711,0.3472,0.428,-0.0808,L2
全样本,BOLL开口扩张 + SID等于1,5875,0.1865,0.3291,0.567,0.2977,0.428,-0.1303,L2
全样本,BOLL开口扩张 + SID等于2,13122,0.6097,0.5906,1.032,0.4358,0.428,0.0078,L2
全样本,BOLL开口扩张 + SID小于等于2,14767,0.651,0.6909,0.942,0.4135,0.428,-0.0145,L2
全样本,BOLL开口扩张 + 大盘5日上涨,12914,0.5266,0.6362,0.828,0.3825,0.428,-0.0455,L2
全样本,BOLL开口扩张 + 相对强弱大于0,7443,0.3335,0.3442,0.969,0.4203,0.428,-0.0077,L2
全样本,BOLL开口扩张 + 相对强弱大于5,1743,0.0809,0.0785,1.031,0.4355,0.428,0.0075,L2
全样本,BOLL开口扩张 + 量比>=1.3,4313,0.255,0.1532,1.664,0.5546,0.428,0.1266,L2
全样本,BOLL开口扩张 + 量比>=2,743,0.0408,0.0287,1.422,0.5155,0.428,0.0875,L2
全样本,BOLL开口扩张 + 距前高<=10%,1726,0.0674,0.0873,0.772,0.3662,0.428,-0.0618,L2
全样本,BOLL开口扩张 + 深跌(距前高>40%),976,0.0548,0.0369,1.487,0.5266,0.428,0.0987,L2
全样本,BOLL开口扩张 + 距前低<=10%,14080,0.6528,0.6347,1.029,0.4349,0.428,0.0069,L2
全样本,BOLL开口扩张 + 相对强弱>=0,1556,0.0683,0.073,0.936,0.412,0.428,-0.016,L2
全样本,BOLL开口扩张 + 相对强弱>=5,128,0.0058,0.0059,0.975,0.4219,0.428,-0.0061,L2
全样本,KDJ金叉态 + KDJ_J超卖,17110,0.808,0.7604,1.063,0.4429,0.428,0.0149,L2
全样本,KDJ金叉态 + KDJ低位金叉,10793,0.5292,0.4651,1.138,0.4598,0.428,0.0319,L2
全样本,KDJ金叉态 + KDJ_D小于30,14723,0.7034,0.6482,1.085,0.4481,0.428,0.0201,L2
全样本,KDJ金叉态 + RSI6大于50,10296,0.4444,0.4888,0.909,0.4048,0.428,-0.0232,L2
全样本,KDJ金叉态 + RSI金叉,15830,0.7346,0.7131,1.03,0.4352,0.428,0.0073,L2
全样本,KDJ金叉态 + RSI6超卖,15659,0.7622,0.6788,1.123,0.4565,0.428,0.0286,L2
全样本,KDJ金叉态 + RSI底背离,8520,0.3708,0.4022,0.922,0.4082,0.428,-0.0198,L2
全样本,KDJ金叉态 + 威科夫得分大于4,2126,0.0778,0.1114,0.699,0.3434,0.428,-0.0846,L2
全样本,KDJ金叉态 + 威科夫得分大于7,805,0.0292,0.0424,0.69,0.3404,0.428,-0.0876,L2
全样本,KDJ金叉态 + 积累阶段,7070,0.2664,0.3646,0.731,0.3535,0.428,-0.0745,L2
全样本,KDJ金叉态 + 威科夫B3弹簧,198,0.007,0.0105,0.668,0.3333,0.428,-0.0946,L2
全样本,KDJ金叉态 + 威科夫B1突破,143,0.0063,0.0067,0.939,0.4126,0.428,-0.0154,L2
全样本,KDJ金叉态 + 黄金柱,995,0.0392,0.05,0.784,0.3698,0.428,-0.0581,L2
全样本,KDJ金叉态 + 量能金叉,4047,0.2228,0.1561,1.427,0.5164,0.428,0.0885,L2
全样本,KDJ金叉态 + 六脉红灯大于5,13995,0.622,0.651,0.955,0.4169,0.428,-0.0111,L2
全样本,KDJ金叉态 + 六脉红灯大于6,9059,0.3961,0.4263,0.929,0.4101,0.428,-0.0179,L2
全样本,KDJ金叉态 + 六脉6红首发,9059,0.3961,0.4263,0.929,0.4101,0.428,-0.0179,L2
全样本,KDJ金叉态 + 六脉5红首发,13995,0.622,0.651,0.955,0.4169,0.428,-0.0111,L2
全样本,KDJ金叉态 + 偏多共振,1598,0.0587,0.0835,0.703,0.3448,0.428,-0.0832,L2
全样本,KDJ金叉态 + 多头共振,1591,0.0586,0.083,0.706,0.3457,0.428,-0.0823,L2
全样本,KDJ金叉态 + 火箭信号,1330,0.0727,0.0517,1.407,0.5128,0.428,0.0848,L2
全样本,KDJ金叉态 + 二连板,113,0.0068,0.0039,1.746,0.5664,0.428,0.1384,L2
全样本,KDJ金叉态 + 二次涨停,118,0.0055,0.0053,1.053,0.4407,0.428,0.0127,L2
全样本,KDJ金叉态 + 纳财,74,0.0027,0.0039,0.682,0.3378,0.428,-0.0901,L2
全样本,KDJ金叉态 + 极限抄底,1301,0.0877,0.0381,2.301,0.6326,0.428,0.2046,L2
全样本,KDJ金叉态 + 中枢进机会区,7280,0.3629,0.3092,1.174,0.4676,0.428,0.0396,L2
全样本,KDJ金叉态 + 中枢极限底,9615,0.4828,0.4058,1.19,0.4709,0.428,0.043,L2
全样本,KDJ金叉态 + 中枢上穿中轴,3634,0.1714,0.1616,1.061,0.4425,0.428,0.0145,L2
全样本,KDJ金叉态 + 中枢底部蓄力,13817,0.6423,0.6216,1.033,0.436,0.428,0.008,L2
全样本,KDJ金叉态 + 中枢底部回升,16109,0.7766,0.704,1.103,0.4522,0.428,0.0242,L2
全样本,KDJ金叉态 + 大盘多头,5294,0.1661,0.298,0.557,0.2943,0.428,-0.1337,L2
全样本,KDJ金叉态 + 大盘空头,8941,0.4411,0.3832,1.151,0.4627,0.428,0.0347,L2
全样本,KDJ金叉态 + 大盘安全,8577,0.3187,0.4458,0.715,0.3485,0.428,-0.0795,L2
全样本,KDJ金叉态 + SID等于1,5294,0.1661,0.298,0.557,0.2943,0.428,-0.1337,L2
全样本,KDJ金叉态 + SID等于2,11914,0.5538,0.5361,1.033,0.436,0.428,0.008,L2
全样本,KDJ金叉态 + SID小于等于2,13434,0.5916,0.629,0.941,0.4131,0.428,-0.0149,L2
全样本,KDJ金叉态 + 大盘5日上涨,12418,0.5089,0.6098,0.834,0.3844,0.428,-0.0436,L2
全样本,KDJ金叉态 + 相对强弱大于0,7486,0.3338,0.3474,0.961,0.4182,0.428,-0.0097,L2
全样本,KDJ金叉态 + 相对强弱大于5,1754,0.0791,0.0807,0.98,0.423,0.428,-0.0049,L2
全样本,KDJ金叉态 + 量比>=1.3,4295,0.2509,0.1549,1.619,0.5478,0.428,0.1199,L2
全样本,KDJ金叉态 + 量比>=2,729,0.0396,0.0286,1.385,0.5089,0.428,0.0809,L2
全样本,KDJ金叉态 + 距前高<=10%,1561,0.0611,0.0788,0.775,0.3671,0.428,-0.0609,L2
全样本,KDJ金叉态 + 深跌(距前高>40%),954,0.0516,0.0375,1.376,0.5073,0.428,0.0794,L2
全样本,KDJ金叉态 + 距前低<=10%,13166,0.6092,0.5944,1.025,0.434,0.428,0.006,L2
全样本,KDJ金叉态 + 相对强弱>=0,1654,0.0744,0.0763,0.976,0.422,0.428,-0.006,L2
全样本,KDJ金叉态 + 相对强弱>=5,137,0.0061,0.0064,0.952,0.4161,0.428,-0.0119,L2
全样本,KDJ_J超卖 + KDJ低位金叉,10579,0.5198,0.455,1.142,0.4608,0.428,0.0328,L2
全样本,KDJ_J超卖 + KDJ_D小于30,16002,0.7498,0.7155,1.048,0.4394,0.428,0.0115,L2
全样本,KDJ_J超卖 + RSI6大于50,9371,0.4109,0.4401,0.934,0.4113,0.428,-0.0167,L2
全样本,KDJ_J超卖 + RSI金叉,15272,0.7152,0.6832,1.047,0.4392,0.428,0.0113,L2
全样本,KDJ_J超卖 + RSI6超卖,17629,0.8406,0.7774,1.081,0.4472,0.428,0.0192,L2
全样本,KDJ_J超卖 + RSI底背离,9009,0.3885,0.428,0.908,0.4045,0.428,-0.0235,L2
全样本,KDJ_J超卖 + 威科夫得分大于4,2414,0.0903,0.125,0.722,0.3509,0.428,-0.0771,L2
全样本,KDJ_J超卖 + 威科夫得分大于7,840,0.0308,0.044,0.701,0.344,0.428,-0.0839,L2
全样本,KDJ_J超卖 + 积累阶段,7527,0.284,0.3879,0.732,0.3539,0.428,-0.074,L2
全样本,KDJ_J超卖 + 威科夫B3弹簧,197,0.0066,0.0108,0.614,0.3147,0.428,-0.1133,L2
全样本,KDJ_J超卖 + 威科夫B1突破,131,0.0059,0.0061,0.967,0.4198,0.428,-0.0081,L2
全样本,KDJ_J超卖 + 黄金柱,817,0.0335,0.0401,0.834,0.3843,0.428,-0.0436,L2
全样本,KDJ_J超卖 + 量能金叉,3962,0.2179,0.153,1.424,0.5159,0.428,0.0879,L2
全样本,KDJ_J超卖 + 六脉红灯大于5,12567,0.5678,0.5777,0.983,0.4237,0.428,-0.0042,L2
全样本,KDJ_J超卖 + 六脉红灯大于6,7908,0.3528,0.3669,0.962,0.4184,0.428,-0.0095,L2
全样本,KDJ_J超卖 + 六脉6红首发,7908,0.3528,0.3669,0.962,0.4184,0.428,-0.0095,L2
全样本,KDJ_J超卖 + 六脉5红首发,12567,0.5678,0.5777,0.983,0.4237,0.428,-0.0042,L2
全样本,KDJ_J超卖 + 偏多共振,2120,0.0823,0.1075,0.765,0.3642,0.428,-0.0638,L2
全样本,KDJ_J超卖 + 多头共振,2114,0.0822,0.1071,0.767,0.3647,0.428,-0.0633,L2
全样本,KDJ_J超卖 + 火箭信号,1289,0.0714,0.0494,1.447,0.5198,0.428,0.0918,L2
全样本,KDJ_J超卖 + 二连板,108,0.0067,0.0036,1.871,0.5833,0.428,0.1554,L2
全样本,KDJ_J超卖 + 二次涨停,140,0.0065,0.0063,1.032,0.4357,0.428,0.0077,L2
全样本,KDJ_J超卖 + 纳财,55,0.0017,0.0031,0.548,0.2909,0.428,-0.1371,L2
全样本,KDJ_J超卖 + 极限抄底,1444,0.0969,0.0427,2.271,0.6295,0.428,0.2015,L2
全样本,KDJ_J超卖 + 中枢进机会区,8386,0.4159,0.3578,1.163,0.4652,0.428,0.0372,L2
全样本,KDJ_J超卖 + 中枢极限底,10889,0.5402,0.4644,1.163,0.4653,0.428,0.0374,L2
全样本,KDJ_J超卖 + 中枢上穿中轴,3391,0.1585,0.1519,1.044,0.4385,0.428,0.0105,L2
全样本,KDJ_J超卖 + 中枢底部蓄力,14779,0.6781,0.6716,1.01,0.4303,0.428,0.0024,L2
全样本,KDJ_J超卖 + 中枢底部回升,17340,0.8331,0.7599,1.096,0.4506,0.428,0.0227,L2
全样本,KDJ_J超卖 + 大盘多头,5877,0.1868,0.3291,0.568,0.2981,0.428,-0.1299,L2
全样本,KDJ_J超卖 + 大盘空头,9438,0.4609,0.408,1.13,0.458,0.428,0.0301,L2
全样本,KDJ_J超卖 + 大盘安全,9271,0.3396,0.4855,0.699,0.3435,0.428,-0.0844,L2
全样本,KDJ_J超卖 + SID等于1,5877,0.1868,0.3291,0.568,0.2981,0.428,-0.1299,L2
全样本,KDJ_J超卖 + SID等于2,13077,0.5955,0.5976,0.996,0.4271,0.428,-0.0009,L2
全样本,KDJ_J超卖 + SID小于等于2,14621,0.6356,0.6908,0.92,0.4077,0.428,-0.0203,L2
全样本,KDJ_J超卖 + 大盘5日上涨,13106,0.5371,0.6437,0.834,0.3843,0.428,-0.0436,L2
全样本,KDJ_J超卖 + 相对强弱大于0,7309,0.3323,0.3344,0.994,0.4265,0.428,-0.0015,L2
全样本,KDJ_J超卖 + 相对强弱大于5,1523,0.0695,0.0695,1.001,0.4281,0.428,0.0001,L2
全样本,KDJ_J超卖 + 量比>=1.3,4148,0.2459,0.1469,1.673,0.5559,0.428,0.128,L2
全样本,KDJ_J超卖 + 量比>=2,688,0.0369,0.0273,1.352,0.5029,0.428,0.0749,L2
全样本,KDJ_J超卖 + 距前高<=10%,1567,0.0596,0.0804,0.741,0.3567,0.428,-0.0712,L2
全样本,KDJ_J超卖 + 深跌(距前高>40%),1028,0.0555,0.0404,1.374,0.5068,0.428,0.0788,L2
全样本,KDJ_J超卖 + 距前低<=10%,14197,0.6552,0.6423,1.02,0.4328,0.428,0.0049,L2
全样本,KDJ_J超卖 + 相对强弱>=0,1385,0.0621,0.0641,0.969,0.4202,0.428,-0.0078,L2
全样本,KDJ_J超卖 + 相对强弱>=5,84,0.0037,0.0039,0.955,0.4167,0.428,-0.0113,L2
全样本,KDJ低位金叉 + KDJ_D小于30,10793,0.5292,0.4651,1.138,0.4598,0.428,0.0319,L2
全样本,KDJ低位金叉 + RSI6大于50,3886,0.1839,0.1724,1.067,0.4439,0.428,0.0159,L2
全样本,KDJ低位金叉 + RSI金叉,8559,0.4266,0.3636,1.173,0.4675,0.428,0.0395,L2
全样本,KDJ低位金叉 + RSI6超卖,10073,0.5054,0.4254,1.188,0.4706,0.428,0.0426,L2
全样本,KDJ低位金叉 + RSI底背离,4907,0.2212,0.2259,0.979,0.4229,0.428,-0.0051,L2
全样本,KDJ低位金叉 + 威科夫得分大于4,312,0.0099,0.0175,0.568,0.2981,0.428,-0.1299,L2
全样本,KDJ低位金叉 + 积累阶段,3392,0.1268,0.1757,0.721,0.3505,0.428,-0.0774,L2
全样本,KDJ低位金叉 + 威科夫B3弹簧,93,0.0028,0.0053,0.519,0.2796,0.428,-0.1484,L2
全样本,KDJ低位金叉 + 黄金柱,295,0.0123,0.0144,0.854,0.3898,0.428,-0.0381,L2
全样本,KDJ低位金叉 + 量能金叉,1878,0.1146,0.0641,1.789,0.5724,0.428,0.1444,L2
全样本,KDJ低位金叉 + 六脉红灯大于5,7179,0.3418,0.3169,1.079,0.4466,0.428,0.0186,L2
全样本,KDJ低位金叉 + 六脉红灯大于6,3512,0.1697,0.1532,1.108,0.4533,0.428,0.0253,L2
全样本,KDJ低位金叉 + 六脉6红首发,3512,0.1697,0.1532,1.108,0.4533,0.428,0.0253,L2
全样本,KDJ低位金叉 + 六脉5红首发,7179,0.3418,0.3169,1.079,0.4466,0.428,0.0186,L2
全样本,KDJ低位金叉 + 偏多共振,495,0.0188,0.0254,0.737,0.3556,0.428,-0.0724,L2
全样本,KDJ低位金叉 + 多头共振,492,0.0188,0.0252,0.744,0.3577,0.428,-0.0702,L2
全样本,KDJ低位金叉 + 火箭信号,513,0.0308,0.0179,1.724,0.5634,0.428,0.1354,L2
全样本,KDJ低位金叉 + 极限抄底,1197,0.0812,0.0347,2.341,0.6366,0.428,0.2086,L2
全样本,KDJ低位金叉 + 中枢进机会区,3452,0.1834,0.1382,1.327,0.4983,0.428,0.0703,L2
全样本,KDJ低位金叉 + 中枢极限底,6230,0.3286,0.2511,1.309,0.4947,0.428,0.0667,L2
全样本,KDJ低位金叉 + 中枢上穿中轴,768,0.0392,0.0319,1.23,0.4792,0.428,0.0512,L2
全样本,KDJ低位金叉 + 中枢底部蓄力,9452,0.4652,0.406,1.146,0.4616,0.428,0.0336,L2
全样本,KDJ低位金叉 + 中枢底部回升,10091,0.5068,0.4258,1.19,0.471,0.428,0.043,L2
全样本,KDJ低位金叉 + 大盘多头,2416,0.0806,0.1324,0.609,0.3129,0.428,-0.1151,L2
全样本,KDJ低位金叉 + 大盘空头,5318,0.268,0.2237,1.198,0.4727,0.428,0.0448,L2
全样本,KDJ低位金叉 + 大盘安全,4195,0.1713,0.2064,0.83,0.3831,0.428,-0.0449,L2
全样本,KDJ低位金叉 + SID等于1,2416,0.0806,0.1324,0.609,0.3129,0.428,-0.1151,L2
全样本,KDJ低位金叉 + SID等于2,6925,0.3413,0.2971,1.149,0.4622,0.428,0.0343,L2
全样本,KDJ低位金叉 + SID小于等于2,7586,0.3589,0.3366,1.066,0.4437,0.428,0.0157,L2
全样本,KDJ低位金叉 + 大盘5日上涨,6627,0.287,0.3139,0.914,0.4062,0.428,-0.0218,L2
全样本,KDJ低位金叉 + 相对强弱大于0,2455,0.1126,0.1116,1.009,0.4301,0.428,0.0022,L2
全样本,KDJ低位金叉 + 相对强弱大于5,377,0.0173,0.0172,1.007,0.4297,0.428,0.0017,L2
全样本,KDJ低位金叉 + 量比>=1.3,2555,0.1616,0.0829,1.95,0.5933,0.428,0.1654,L2
全样本,KDJ低位金叉 + 量比>=2,344,0.0213,0.0115,1.856,0.5814,0.428,0.1534,L2
全样本,KDJ低位金叉 + 距前高<=10%,358,0.0132,0.0187,0.708,0.3464,0.428,-0.0816,L2
全样本,KDJ低位金叉 + 深跌(距前高>40%),796,0.047,0.0283,1.66,0.554,0.428,0.126,L2
全样本,KDJ低位金叉 + 距前低<=10%,7937,0.3772,0.3509,1.075,0.4458,0.428,0.0178,L2
全样本,KDJ低位金叉 + 相对强弱>=0,372,0.0163,0.0175,0.934,0.4113,0.428,-0.0167,L2
全样本,KDJ_D小于30 + RSI6大于50,7077,0.321,0.3243,0.99,0.4255,0.428,-0.0025,L2
全样本,KDJ_D小于30 + RSI金叉,12658,0.6043,0.5576,1.084,0.4478,0.428,0.0198,L2
全样本,KDJ_D小于30 + RSI6超卖,14966,0.7182,0.6565,1.094,0.4501,0.428,0.0221,L2
全样本,KDJ_D小于30 + RSI底背离,7775,0.3386,0.3669,0.923,0.4085,0.428,-0.0195,L2
全样本,KDJ_D小于30 + 威科夫得分大于4,1039,0.0377,0.0546,0.691,0.3407,0.428,-0.0873,L2
全样本,KDJ_D小于30 + 威科夫得分大于7,213,0.0095,0.0099,0.959,0.4178,0.428,-0.0101,L2
全样本,KDJ_D小于30 + 积累阶段,5964,0.2212,0.3102,0.713,0.3479,0.428,-0.0801,L2
全样本,KDJ_D小于30 + 威科夫B3弹簧,157,0.0047,0.009,0.52,0.2803,0.428,-0.1477,L2
全样本,KDJ_D小于30 + 威科夫B1突破,63,0.003,0.0028,1.069,0.4444,0.428,0.0165,L2
全样本,KDJ_D小于30 + 黄金柱,649,0.0255,0.0327,0.779,0.3683,0.428,-0.0597,L2
全样本,KDJ_D小于30 + 量能金叉,3135,0.1806,0.1149,1.571,0.5404,0.428,0.1124,L2
全样本,KDJ_D小于30 + 六脉红灯大于5,10684,0.4918,0.4843,1.016,0.4318,0.428,0.0038,L2
全样本,KDJ_D小于30 + 六脉红灯大于6,6347,0.2918,0.288,1.013,0.4312,0.428,0.0033,L2
全样本,KDJ_D小于30 + 六脉6红首发,6347,0.2918,0.288,1.013,0.4312,0.428,0.0033,L2
全样本,KDJ_D小于30 + 六脉5红首发,10684,0.4918,0.4843,1.016,0.4318,0.428,0.0038,L2
全样本,KDJ_D小于30 + 偏多共振,1188,0.0445,0.0615,0.723,0.351,0.428,-0.077,L2
全样本,KDJ_D小于30 + 多头共振,1183,0.0445,0.0611,0.728,0.3525,0.428,-0.0755,L2
全样本,KDJ_D小于30 + 火箭信号,984,0.0559,0.0367,1.523,0.5325,0.428,0.1045,L2
全样本,KDJ_D小于30 + 二连板,89,0.0054,0.003,1.794,0.573,0.428,0.1451,L2
全样本,KDJ_D小于30 + 二次涨停,80,0.0037,0.0036,1.04,0.4375,0.428,0.0095,L2
全样本,KDJ_D小于30 + 纳财,60,0.0021,0.0032,0.668,0.3333,0.428,-0.0946,L2
全样本,KDJ_D小于30 + 极限抄底,1379,0.092,0.0412,2.235,0.6258,0.428,0.1978,L2
全样本,KDJ_D小于30 + 中枢进机会区,6319,0.3153,0.2682,1.176,0.468,0.428,0.04,L2
全样本,KDJ_D小于30 + 中枢极限底,9478,0.4718,0.4031,1.17,0.4669,0.428,0.0389,L2
全样本,KDJ_D小于30 + 中枢上穿中轴,1977,0.0981,0.0843,1.163,0.4654,0.428,0.0374,L2
全样本,KDJ_D小于30 + 中枢底部蓄力,13744,0.643,0.6153,1.045,0.4388,0.428,0.0108,L2
全样本,KDJ_D小于30 + 中枢底部回升,15019,0.7243,0.6562,1.104,0.4523,0.428,0.0243,L2
全样本,KDJ_D小于30 + 大盘多头,4341,0.1413,0.2406,0.587,0.3052,0.428,-0.1227,L2
全样本,KDJ_D小于30 + 大盘空头,8162,0.399,0.3526,1.132,0.4585,0.428,0.0305,L2
全样本,KDJ_D小于30 + 大盘安全,7120,0.2687,0.3669,0.732,0.3539,0.428,-0.074,L2
全样本,KDJ_D小于30 + SID等于1,4341,0.1413,0.2406,0.587,0.3052,0.428,-0.1227,L2
全样本,KDJ_D小于30 + SID等于2,10491,0.4843,0.4746,1.02,0.4329,0.428,0.005,L2
全样本,KDJ_D小于30 + SID小于等于2,11697,0.5153,0.5475,0.941,0.4132,0.428,-0.0148,L2
全样本,KDJ_D小于30 + 大盘5日上涨,10739,0.4461,0.5229,0.853,0.3896,0.428,-0.0384,L2
全样本,KDJ_D小于30 + 相对强弱大于0,5034,0.2319,0.2281,1.017,0.4321,0.428,0.0041,L2
全样本,KDJ_D小于30 + 相对强弱大于5,946,0.0447,0.042,1.063,0.4429,0.428,0.0149,L2
全样本,KDJ_D小于30 + 量比>=1.3,3499,0.2115,0.1209,1.75,0.567,0.428,0.139,L2
全样本,KDJ_D小于30 + 量比>=2,571,0.0327,0.0211,1.554,0.5377,0.428,0.1097,L2
全样本,KDJ_D小于30 + 距前高<=10%,838,0.0308,0.0438,0.704,0.3449,0.428,-0.0831,L2
全样本,KDJ_D小于30 + 深跌(距前高>40%),1016,0.0546,0.0402,1.358,0.5039,0.428,0.076,L2
全样本,KDJ_D小于30 + 距前低<=10%,12089,0.5595,0.5457,1.025,0.4341,0.428,0.0061,L2
全样本,KDJ_D小于30 + 相对强弱>=0,816,0.0379,0.0368,1.029,0.435,0.428,0.0071,L2
全样本,RSI6大于50 + RSI金叉,10346,0.4477,0.4903,0.913,0.4059,0.428,-0.0221,L2
全样本,RSI6大于50 + RSI6超卖,7886,0.3591,0.3604,0.996,0.4271,0.428,-0.0009,L2
全样本,RSI6大于50 + RSI底背离,4971,0.2173,0.234,0.929,0.41,0.428,-0.018,L2
全样本,RSI6大于50 + 威科夫得分大于4,2113,0.0754,0.1122,0.672,0.3346,0.428,-0.0934,L2
全样本,RSI6大于50 + 威科夫得分大于7,872,0.0304,0.0468,0.649,0.3268,0.428,-0.1011,L2
全样本,RSI6大于50 + 积累阶段,4742,0.1833,0.2411,0.76,0.3625,0.428,-0.0655,L2
全样本,RSI6大于50 + 威科夫B3弹簧,147,0.0057,0.0075,0.754,0.3605,0.428,-0.0674,L2
全样本,RSI6大于50 + 威科夫B1突破,144,0.0063,0.0068,0.928,0.4097,0.428,-0.0182,L2
全样本,RSI6大于50 + 黄金柱,989,0.0389,0.0498,0.782,0.3691,0.428,-0.0589,L2
全样本,RSI6大于50 + 量能金叉,2756,0.1305,0.1222,1.068,0.4441,0.428,0.0162,L2
全样本,RSI6大于50 + 六脉红灯大于5,10013,0.4345,0.4737,0.917,0.407,0.428,-0.021,L2
全样本,RSI6大于50 + 六脉红灯大于6,8977,0.3923,0.4226,0.928,0.4098,0.428,-0.0181,L2
全样本,RSI6大于50 + 六脉6红首发,8977,0.3923,0.4226,0.928,0.4098,0.428,-0.0181,L2
全样本,RSI6大于50 + 六脉5红首发,10013,0.4345,0.4737,0.917,0.407,0.428,-0.021,L2
全样本,RSI6大于50 + 偏多共振,1279,0.0407,0.0716,0.569,0.2987,0.428,-0.1293,L2
全样本,RSI6大于50 + 多头共振,1274,0.0407,0.0712,0.572,0.2998,0.428,-0.1281,L2
全样本,RSI6大于50 + 火箭信号,1213,0.0642,0.0487,1.317,0.4963,0.428,0.0683,L2
全样本,RSI6大于50 + 二连板,109,0.0064,0.0039,1.637,0.5505,0.428,0.1225,L2
全样本,RSI6大于50 + 二次涨停,121,0.0055,0.0055,1.007,0.4298,0.428,0.0018,L2
全样本,RSI6大于50 + 纳财,70,0.0026,0.0037,0.697,0.3429,0.428,-0.0851,L2
全样本,RSI6大于50 + 极限抄底,209,0.0128,0.0071,1.802,0.5742,0.428,0.1462,L2
全样本,RSI6大于50 + 中枢进机会区,4068,0.1809,0.1891,0.957,0.4172,0.428,-0.0108,L2
全样本,RSI6大于50 + 中枢极限底,4728,0.2116,0.2188,0.967,0.4198,0.428,-0.0081,L2
全样本,RSI6大于50 + 中枢上穿中轴,3639,0.1686,0.1642,1.027,0.4345,0.428,0.0065,L2
全样本,RSI6大于50 + 中枢底部蓄力,6976,0.3072,0.3267,0.94,0.413,0.428,-0.015,L2
全样本,RSI6大于50 + 中枢底部回升,8450,0.3774,0.3917,0.964,0.4189,0.428,-0.009,L2
全样本,RSI6大于50 + 大盘多头,3722,0.1187,0.2081,0.57,0.299,0.428,-0.1289,L2
全样本,RSI6大于50 + 大盘空头,5312,0.262,0.2277,1.15,0.4625,0.428,0.0346,L2
全样本,RSI6大于50 + 大盘安全,5869,0.2132,0.3086,0.691,0.3408,0.428,-0.0872,L2
全样本,RSI6大于50 + SID等于1,3722,0.1187,0.2081,0.57,0.299,0.428,-0.1289,L2
全样本,RSI6大于50 + SID等于2,6445,0.2661,0.315,0.845,0.3873,0.428,-0.0407,L2
全样本,RSI6大于50 + SID小于等于2,7515,0.292,0.381,0.767,0.3645,0.428,-0.0635,L2
全样本,RSI6大于50 + 大盘5日上涨,7962,0.3173,0.3977,0.798,0.3738,0.428,-0.0542,L2
全样本,RSI6大于50 + 相对强弱大于0,6604,0.2884,0.311,0.927,0.4096,0.428,-0.0184,L2
全样本,RSI6大于50 + 相对强弱大于5,1779,0.0798,0.0822,0.97,0.4205,0.428,-0.0075,L2
全样本,RSI6大于50 + 量比>=1.3,2302,0.1132,0.0989,1.145,0.4613,0.428,0.0334,L2
全样本,RSI6大于50 + 量比>=2,484,0.0232,0.0212,1.095,0.4504,0.428,0.0224,L2
全样本,RSI6大于50 + 距前高<=10%,1378,0.0536,0.0698,0.768,0.365,0.428,-0.0629,L2
全样本,RSI6大于50 + 深跌(距前高>40%),323,0.0139,0.0154,0.9,0.4025,0.428,-0.0255,L2
全样本,RSI6大于50 + 距前低<=10%,7283,0.3267,0.3366,0.971,0.4207,0.428,-0.0073,L2
全样本,RSI6大于50 + 相对强弱>=0,1481,0.0661,0.0687,0.962,0.4186,0.428,-0.0093,L2
全样本,RSI6大于50 + 相对强弱>=5,140,0.0066,0.0062,1.062,0.4429,0.428,0.0149,L2
全样本,RSI金叉 + RSI6超卖,13823,0.6662,0.6043,1.102,0.452,0.428,0.024,L2
全样本,RSI金叉 + RSI底背离,8225,0.3611,0.3859,0.936,0.4118,0.428,-0.0162,L2
全样本,RSI金叉 + 威科夫得分大于4,2111,0.0762,0.1114,0.685,0.3387,0.428,-0.0893,L2
全样本,RSI金叉 + 威科夫得分大于7,809,0.0288,0.043,0.67,0.3337,0.428,-0.0942,L2
全样本,RSI金叉 + 积累阶段,6710,0.2526,0.3463,0.729,0.3531,0.428,-0.0749,L2
全样本,RSI金叉 + 威科夫B3弹簧,199,0.0066,0.0109,0.605,0.3116,0.428,-0.1164,L2
全样本,RSI金叉 + 威科夫B1突破,144,0.0063,0.0068,0.928,0.4097,0.428,-0.0182,L2
全样本,RSI金叉 + 黄金柱,998,0.0391,0.0503,0.777,0.3677,0.428,-0.0602,L2
全样本,RSI金叉 + 量能金叉,3753,0.2,0.1497,1.336,0.4999,0.428,0.0719,L2
全样本,RSI金叉 + 六脉红灯大于5,13683,0.6107,0.6346,0.962,0.4186,0.428,-0.0094,L2
全样本,RSI金叉 + 六脉红灯大于6,8971,0.3923,0.4221,0.929,0.4101,0.428,-0.0179,L2
全样本,RSI金叉 + 六脉6红首发,8971,0.3923,0.4221,0.929,0.4101,0.428,-0.0179,L2
全样本,RSI金叉 + 六脉5红首发,13683,0.6107,0.6346,0.962,0.4186,0.428,-0.0094,L2
全样本,RSI金叉 + 偏多共振,1214,0.0421,0.0653,0.645,0.3254,0.428,-0.1026,L2
全样本,RSI金叉 + 多头共振,1209,0.0421,0.0649,0.649,0.3267,0.428,-0.1013,L2
全样本,RSI金叉 + 火箭信号,1345,0.0735,0.0523,1.404,0.5123,0.428,0.0843,L2
全样本,RSI金叉 + 二连板,113,0.0068,0.0039,1.746,0.5664,0.428,0.1384,L2
全样本,RSI金叉 + 二次涨停,129,0.0062,0.0057,1.092,0.4496,0.428,0.0216,L2
全样本,RSI金叉 + 纳财,73,0.0026,0.0039,0.655,0.3288,0.428,-0.0992,L2
全样本,RSI金叉 + 极限抄底,933,0.064,0.0266,2.408,0.6431,0.428,0.2151,L2
全样本,RSI金叉 + 中枢进机会区,6531,0.3104,0.2888,1.075,0.4457,0.428,0.0177,L2
全样本,RSI金叉 + 中枢极限底,8744,0.4206,0.3828,1.099,0.4512,0.428,0.0232,L2
全样本,RSI金叉 + 中枢上穿中轴,3621,0.1711,0.1608,1.064,0.4432,0.428,0.0153,L2
全样本,RSI金叉 + 中枢底部蓄力,12569,0.5811,0.5679,1.023,0.4336,0.428,0.0056,L2
全样本,RSI金叉 + 中枢底部回升,14608,0.6899,0.6491,1.063,0.443,0.428,0.015,L2
全样本,RSI金叉 + 大盘多头,4776,0.1536,0.266,0.578,0.3017,0.428,-0.1263,L2
全样本,RSI金叉 + 大盘空头,8619,0.4283,0.3671,1.167,0.4661,0.428,0.0381,L2
全样本,RSI金叉 + 大盘安全,7999,0.304,0.4107,0.74,0.3564,0.428,-0.0716,L2
全样本,RSI金叉 + SID等于1,4776,0.1536,0.266,0.578,0.3017,0.428,-0.1263,L2
全样本,RSI金叉 + SID等于2,10255,0.4665,0.469,0.994,0.4266,0.428,-0.0014,L2
全样本,RSI金叉 + SID小于等于2,11582,0.4995,0.5502,0.908,0.4045,0.428,-0.0235,L2
全样本,RSI金叉 + 大盘5日上涨,11617,0.4861,0.563,0.863,0.3924,0.428,-0.0355,L2
全样本,RSI金叉 + 相对强弱大于0,7465,0.3321,0.347,0.957,0.4173,0.428,-0.0107,L2
全样本,RSI金叉 + 相对强弱大于5,1745,0.0788,0.0802,0.982,0.4235,0.428,-0.0045,L2
全样本,RSI金叉 + 量比>=1.3,3830,0.2187,0.1419,1.541,0.5355,0.428,0.1075,L2
全样本,RSI金叉 + 量比>=2,680,0.0366,0.0269,1.36,0.5044,0.428,0.0764,L2
全样本,RSI金叉 + 距前高<=10%,1469,0.0583,0.0735,0.793,0.3724,0.428,-0.0556,L2
全样本,RSI金叉 + 深跌(距前高>40%),834,0.0464,0.0318,1.457,0.5216,0.428,0.0936,L2
全样本,RSI金叉 + 距前低<=10%,12237,0.5575,0.559,0.997,0.4273,0.428,-0.0007,L2
全样本,RSI金叉 + 相对强弱>=0,1661,0.0746,0.0767,0.974,0.4214,0.428,-0.0065,L2
全样本,RSI金叉 + 相对强弱>=5,128,0.0058,0.0059,0.975,0.4219,0.428,-0.0061,L2
全样本,RSI6超卖 + RSI底背离,8390,0.3679,0.394,0.934,0.4113,0.428,-0.0166,L2
全样本,RSI6超卖 + 威科夫得分大于4,1697,0.0663,0.0858,0.773,0.3665,0.428,-0.0614,L2
全样本,RSI6超卖 + 威科夫得分大于7,520,0.0207,0.026,0.795,0.3731,0.428,-0.0549,L2
全样本,RSI6超卖 + 积累阶段,6781,0.2547,0.3504,0.727,0.3523,0.428,-0.0757,L2
全样本,RSI6超卖 + 威科夫B3弹簧,164,0.0054,0.009,0.603,0.311,0.428,-0.117,L2
全样本,RSI6超卖 + 威科夫B1突破,93,0.0043,0.0042,1.009,0.4301,0.428,0.0021,L2
全样本,RSI6超卖 + 黄金柱,631,0.0262,0.0307,0.854,0.3899,0.428,-0.0381,L2
全样本,RSI6超卖 + 量能金叉,3716,0.2126,0.1374,1.548,0.5366,0.428,0.1086,L2
全样本,RSI6超卖 + 六脉红灯大于5,11300,0.5252,0.5085,1.033,0.4359,0.428,0.008,L2
全样本,RSI6超卖 + 六脉红灯大于6,6851,0.3157,0.3103,1.017,0.4322,0.428,0.0042,L2
全样本,RSI6超卖 + 六脉6红首发,6851,0.3157,0.3103,1.017,0.4322,0.428,0.0042,L2
全样本,RSI6超卖 + 六脉5红首发,11300,0.5252,0.5085,1.033,0.4359,0.428,0.008,L2
全样本,RSI6超卖 + 偏多共振,1521,0.0655,0.0724,0.905,0.4037,0.428,-0.0243,L2
全样本,RSI6超卖 + 多头共振,1517,0.0654,0.0721,0.906,0.4041,0.428,-0.0239,L2
全样本,RSI6超卖 + 火箭信号,1128,0.0653,0.0412,1.585,0.5426,0.428,0.1146,L2
全样本,RSI6超卖 + 二连板,99,0.006,0.0034,1.741,0.5657,0.428,0.1377,L2
全样本,RSI6超卖 + 二次涨停,99,0.0053,0.0039,1.364,0.5051,0.428,0.0771,L2
全样本,RSI6超卖 + 极限抄底,1454,0.0977,0.0429,2.276,0.63,0.428,0.202,L2
全样本,RSI6超卖 + 中枢进机会区,7791,0.3973,0.3243,1.225,0.4782,0.428,0.0503,L2
全样本,RSI6超卖 + 中枢极限底,10440,0.5252,0.4399,1.194,0.4718,0.428,0.0439,L2
全样本,RSI6超卖 + 中枢上穿中轴,2739,0.1357,0.1169,1.161,0.4648,0.428,0.0368,L2
全样本,RSI6超卖 + 中枢底部蓄力,14131,0.6577,0.6351,1.036,0.4366,0.428,0.0086,L2
全样本,RSI6超卖 + 中枢底部回升,16465,0.8037,0.7121,1.129,0.4578,0.428,0.0298,L2
全样本,RSI6超卖 + 大盘多头,4810,0.155,0.2677,0.579,0.3023,0.428,-0.1257,L2
全样本,RSI6超卖 + 大盘空头,8850,0.4333,0.3818,1.135,0.4592,0.428,0.0312,L2
全样本,RSI6超卖 + 大盘安全,7904,0.2972,0.4082,0.728,0.3526,0.428,-0.0754,L2
全样本,RSI6超卖 + SID等于1,4810,0.155,0.2677,0.579,0.3023,0.428,-0.1257,L2
全样本,RSI6超卖 + SID等于2,11902,0.5641,0.5274,1.07,0.4445,0.428,0.0166,L2
全样本,RSI6超卖 + SID小于等于2,13083,0.5946,0.5988,0.993,0.4263,0.428,-0.0017,L2
全样本,RSI6超卖 + 大盘5日上涨,11514,0.4857,0.5551,0.875,0.3956,0.428,-0.0324,L2
全样本,RSI6超卖 + 相对强弱大于0,6153,0.2903,0.2736,1.061,0.4425,0.428,0.0146,L2
全样本,RSI6超卖 + 相对强弱大于5,1212,0.0591,0.0525,1.125,0.4571,0.428,0.0291,L2
全样本,RSI6超卖 + 量比>=1.3,4082,0.2455,0.1419,1.73,0.5642,0.428,0.1362,L2
全样本,RSI6超卖 + 量比>=2,680,0.0376,0.0261,1.443,0.5191,0.428,0.0911,L2
全样本,RSI6超卖 + 距前高<=10%,1230,0.0494,0.0612,0.807,0.3764,0.428,-0.0515,L2
全样本,RSI6超卖 + 深跌(距前高>40%),1013,0.0555,0.0392,1.415,0.5143,0.428,0.0863,L2
全样本,RSI6超卖 + 距前低<=10%,13533,0.6299,0.6082,1.036,0.4366,0.428,0.0086,L2
全样本,RSI6超卖 + 相对强弱>=0,1134,0.053,0.0508,1.043,0.4383,0.428,0.0103,L2
全样本,RSI6超卖 + 相对强弱>=5,56,0.0023,0.0027,0.865,0.3929,0.428,-0.0351,L2
全样本,RSI底背离 + 威科夫得分大于4,736,0.0229,0.0416,0.552,0.2921,0.428,-0.1359,L2
全样本,RSI底背离 + 威科夫得分大于7,234,0.0071,0.0133,0.536,0.2863,0.428,-0.1416,L2
全样本,RSI底背离 + 积累阶段,4227,0.1489,0.2257,0.66,0.3305,0.428,-0.0975,L2
全样本,RSI底背离 + 威科夫B3弹簧,146,0.0046,0.0082,0.558,0.2945,0.428,-0.1335,L2
全样本,RSI底背离 + 威科夫B1突破,76,0.0034,0.0035,0.972,0.4211,0.428,-0.0069,L2
全样本,RSI底背离 + 黄金柱,545,0.0218,0.0272,0.8,0.3743,0.428,-0.0537,L2
全样本,RSI底背离 + 量能金叉,1720,0.0868,0.0723,1.201,0.4733,0.428,0.0453,L2
全样本,RSI底背离 + 六脉红灯大于5,7158,0.3113,0.3381,0.921,0.4079,0.428,-0.02,L2
全样本,RSI底背离 + 六脉红灯大于6,4572,0.2029,0.2129,0.953,0.4162,0.428,-0.0117,L2
全样本,RSI底背离 + 六脉6红首发,4572,0.2029,0.2129,0.953,0.4162,0.428,-0.0117,L2
全样本,RSI底背离 + 六脉5红首发,7158,0.3113,0.3381,0.921,0.4079,0.428,-0.02,L2
全样本,RSI底背离 + 偏多共振,275,0.0103,0.0142,0.728,0.3527,0.428,-0.0752,L2
全样本,RSI底背离 + 多头共振,273,0.0103,0.014,0.737,0.3553,0.428,-0.0727,L2
全样本,RSI底背离 + 火箭信号,630,0.0338,0.025,1.354,0.5032,0.428,0.0752,L2
全样本,RSI底背离 + 二次涨停,57,0.003,0.0023,1.291,0.4912,0.428,0.0633,L2
全样本,RSI底背离 + 极限抄底,452,0.024,0.0181,1.325,0.4978,0.428,0.0698,L2
全样本,RSI底背离 + 中枢进机会区,4142,0.1811,0.1949,0.93,0.4102,0.428,-0.0178,L2
全样本,RSI底背离 + 中枢极限底,6055,0.2593,0.289,0.897,0.4017,0.428,-0.0263,L2
全样本,RSI底背离 + 中枢上穿中轴,1256,0.0593,0.0558,1.062,0.4427,0.428,0.0147,L2
全样本,RSI底背离 + 中枢底部蓄力,8403,0.3576,0.4028,0.888,0.3991,0.428,-0.0288,L2
全样本,RSI底背离 + 中枢底部回升,9112,0.396,0.4306,0.92,0.4076,0.428,-0.0204,L2
全样本,RSI底背离 + 大盘多头,2521,0.0698,0.1489,0.469,0.2598,0.428,-0.1682,L2
全样本,RSI底背离 + 大盘空头,5644,0.2797,0.241,1.161,0.4647,0.428,0.0368,L2
全样本,RSI底背离 + 大盘安全,4604,0.1629,0.2454,0.664,0.3319,0.428,-0.0961,L2
全样本,RSI底背离 + SID等于1,2521,0.0698,0.1489,0.469,0.2598,0.428,-0.1682,L2
全样本,RSI底背离 + SID等于2,5545,0.2144,0.2819,0.761,0.3627,0.428,-0.0653,L2
全样本,RSI底背离 + SID小于等于2,6281,0.2326,0.327,0.712,0.3474,0.428,-0.0806,L2
全样本,RSI底背离 + 大盘5日上涨,7254,0.2979,0.3558,0.837,0.3852,0.428,-0.0428,L2
全样本,RSI底背离 + 相对强弱大于0,4042,0.1849,0.1841,1.004,0.429,0.428,0.001,L2
全样本,RSI底背离 + 相对强弱大于5,857,0.0377,0.0401,0.941,0.4131,0.428,-0.0149,L2
全样本,RSI底背离 + 量比>=1.3,1807,0.0896,0.0771,1.161,0.4649,0.428,0.0369,L2
全样本,RSI底背离 + 量比>=2,316,0.0143,0.0145,0.984,0.4241,0.428,-0.0039,L2
全样本,RSI底背离 + 距前高<=10%,511,0.017,0.0281,0.604,0.3112,0.428,-0.1168,L2
全样本,RSI底背离 + 深跌(距前高>40%),537,0.0262,0.0232,1.13,0.4581,0.428,0.0301,L2
全样本,RSI底背离 + 距前低<=10%,7992,0.3475,0.3776,0.92,0.4078,0.428,-0.0202,L2
全样本,RSI底背离 + 相对强弱>=0,828,0.036,0.0391,0.922,0.4082,0.428,-0.0198,L2
全样本,威科夫得分大于4 + 威科夫得分大于7,1069,0.0384,0.0566,0.679,0.3368,0.428,-0.0912,L2
全样本,威科夫得分大于4 + 积累阶段,956,0.0344,0.0505,0.682,0.3379,0.428,-0.0901,L2
全样本,威科夫得分大于4 + 威科夫B1突破,64,0.0029,0.003,0.975,0.4219,0.428,-0.0061,L2
全样本,威科夫得分大于4 + 黄金柱,277,0.0096,0.0149,0.643,0.3249,0.428,-0.1031,L2
全样本,威科夫得分大于4 + 量能金叉,767,0.0296,0.039,0.76,0.3625,0.428,-0.0655,L2
全样本,威科夫得分大于4 + 六脉红灯大于5,1878,0.0681,0.0988,0.689,0.3403,0.428,-0.0877,L2
全样本,威科夫得分大于4 + 六脉红灯大于6,1615,0.0576,0.0858,0.671,0.3344,0.428,-0.0936,L2
全样本,威科夫得分大于4 + 六脉6红首发,1615,0.0576,0.0858,0.671,0.3344,0.428,-0.0936,L2
全样本,威科夫得分大于4 + 六脉5红首发,1878,0.0681,0.0988,0.689,0.3403,0.428,-0.0877,L2
全样本,威科夫得分大于4 + 偏多共振,1131,0.0403,0.0601,0.671,0.3342,0.428,-0.0938,L2
全样本,威科夫得分大于4 + 多头共振,1127,0.0403,0.0597,0.675,0.3354,0.428,-0.0926,L2
全样本,威科夫得分大于4 + 火箭信号,391,0.0164,0.0189,0.869,0.3939,0.428,-0.0341,L2
全样本,威科夫得分大于4 + 二次涨停,50,0.0018,0.0026,0.689,0.34,0.428,-0.088,L2
全样本,威科夫得分大于4 + 中枢进机会区,1191,0.0474,0.0595,0.797,0.3736,0.428,-0.0543,L2
全样本,威科夫得分大于4 + 中枢极限底,754,0.0299,0.0378,0.79,0.3714,0.428,-0.0566,L2
全样本,威科夫得分大于4 + 中枢上穿中轴,1291,0.0503,0.0653,0.77,0.3656,0.428,-0.0624,L2
全样本,威科夫得分大于4 + 中枢底部蓄力,902,0.0297,0.0497,0.599,0.3093,0.428,-0.1187,L2
全样本,威科夫得分大于4 + 中枢底部回升,1557,0.0586,0.0803,0.73,0.3532,0.428,-0.0747,L2
全样本,威科夫得分大于4 + 大盘多头,1546,0.0497,0.0862,0.577,0.3014,0.428,-0.1265,L2
全样本,威科夫得分大于4 + 大盘空头,700,0.0231,0.0385,0.601,0.31,0.428,-0.118,L2
全样本,威科夫得分大于4 + 大盘安全,1871,0.0593,0.1049,0.565,0.2972,0.428,-0.1308,L2
全样本,威科夫得分大于4 + SID等于1,1546,0.0497,0.0862,0.577,0.3014,0.428,-0.1265,L2
全样本,威科夫得分大于4 + SID等于2,1950,0.0779,0.0972,0.802,0.3749,0.428,-0.0531,L2
全样本,威科夫得分大于4 + SID小于等于2,2488,0.0905,0.1307,0.692,0.3412,0.428,-0.0867,L2
全样本,威科夫得分大于4 + 大盘5日上涨,2063,0.0667,0.1146,0.582,0.3034,0.428,-0.1245,L2
全样本,威科夫得分大于4 + 相对强弱大于0,1928,0.0728,0.0993,0.733,0.3543,0.428,-0.0737,L2
全样本,威科夫得分大于4 + 相对强弱大于5,760,0.0301,0.0381,0.789,0.3711,0.428,-0.0569,L2
全样本,威科夫得分大于4 + 量比>=1.3,530,0.0208,0.0267,0.778,0.3679,0.428,-0.06,L2
全样本,威科夫得分大于4 + 量比>=2,161,0.0069,0.0077,0.905,0.4037,0.428,-0.0242,L2
全样本,威科夫得分大于4 + 距前高<=10%,657,0.0251,0.0337,0.744,0.3577,0.428,-0.0703,L2
全样本,威科夫得分大于4 + 距前低<=10%,1033,0.0393,0.053,0.743,0.3572,0.428,-0.0708,L2
全样本,威科夫得分大于4 + 相对强弱>=0,472,0.0176,0.0245,0.718,0.3496,0.428,-0.0784,L2
全样本,威科夫得分大于4 + 相对强弱>=5,80,0.0035,0.0037,0.938,0.4125,0.428,-0.0155,L2
全样本,威科夫得分大于7 + 积累阶段,261,0.01,0.0133,0.752,0.3602,0.428,-0.0678,L2
全样本,威科夫得分大于7 + 黄金柱,124,0.0045,0.0065,0.685,0.3387,0.428,-0.0893,L2
全样本,威科夫得分大于7 + 量能金叉,349,0.0135,0.0177,0.765,0.3639,0.428,-0.0641,L2
全样本,威科夫得分大于7 + 六脉红灯大于5,750,0.027,0.0396,0.68,0.3373,0.428,-0.0906,L2
全样本,威科夫得分大于7 + 六脉红灯大于6,668,0.0237,0.0356,0.665,0.3323,0.428,-0.0956,L2
全样本,威科夫得分大于7 + 六脉6红首发,668,0.0237,0.0356,0.665,0.3323,0.428,-0.0956,L2
全样本,威科夫得分大于7 + 六脉5红首发,750,0.027,0.0396,0.68,0.3373,0.428,-0.0906,L2
全样本,威科夫得分大于7 + 偏多共振,552,0.0193,0.0296,0.652,0.3279,0.428,-0.1001,L2
全样本,威科夫得分大于7 + 多头共振,550,0.0193,0.0294,0.656,0.3291,0.428,-0.0989,L2
全样本,威科夫得分大于7 + 火箭信号,204,0.0081,0.0102,0.794,0.3725,0.428,-0.0554,L2
全样本,威科夫得分大于7 + 中枢进机会区,411,0.0156,0.0211,0.736,0.3552,0.428,-0.0727,L2
全样本,威科夫得分大于7 + 中枢极限底,221,0.0088,0.011,0.804,0.3756,0.428,-0.0524,L2
全样本,威科夫得分大于7 + 中枢上穿中轴,610,0.0231,0.0313,0.738,0.3557,0.428,-0.0722,L2
全样本,威科夫得分大于7 + 中枢底部蓄力,258,0.0077,0.0148,0.517,0.2791,0.428,-0.1489,L2
全样本,威科夫得分大于7 + 中枢底部回升,503,0.018,0.0266,0.676,0.336,0.428,-0.092,L2
全样本,威科夫得分大于7 + 大盘多头,632,0.0211,0.0346,0.61,0.3133,0.428,-0.1147,L2
全样本,威科夫得分大于7 + 大盘空头,233,0.0074,0.0131,0.562,0.2961,0.428,-0.1318,L2
全样本,威科夫得分大于7 + 大盘安全,759,0.0246,0.0421,0.585,0.3043,0.428,-0.1236,L2
全样本,威科夫得分大于7 + SID等于1,632,0.0211,0.0346,0.61,0.3133,0.428,-0.1147,L2
全样本,威科夫得分大于7 + SID等于2,697,0.0274,0.0351,0.781,0.3687,0.428,-0.0592,L2
全样本,威科夫得分大于7 + SID小于等于2,952,0.0341,0.0504,0.677,0.3361,0.428,-0.0918,L2
全样本,威科夫得分大于7 + 大盘5日上涨,797,0.0253,0.0447,0.566,0.2974,0.428,-0.1306,L2
全样本,威科夫得分大于7 + 相对强弱大于0,843,0.0311,0.044,0.708,0.3464,0.428,-0.0816,L2
全样本,威科夫得分大于7 + 相对强弱大于5,424,0.0164,0.0215,0.762,0.3632,0.428,-0.0648,L2
全样本,威科夫得分大于7 + 量比>=1.3,219,0.0088,0.0108,0.816,0.379,0.428,-0.049,L2
全样本,威科夫得分大于7 + 量比>=2,72,0.0032,0.0034,0.955,0.4167,0.428,-0.0113,L2
全样本,威科夫得分大于7 + 距前高<=10%,295,0.0112,0.0152,0.739,0.3559,0.428,-0.072,L2
全样本,威科夫得分大于7 + 距前低<=10%,336,0.0128,0.0172,0.743,0.3571,0.428,-0.0708,L2
全样本,威科夫得分大于7 + 相对强弱>=0,222,0.0085,0.0113,0.753,0.3604,0.428,-0.0676,L2
全样本,威科夫得分大于7 + 相对强弱>=5,54,0.0022,0.0026,0.851,0.3889,0.428,-0.0391,L2
全样本,积累阶段 + 威科夫B3弹簧,201,0.007,0.0108,0.653,0.3284,0.428,-0.0996,L2
全样本,积累阶段 + 威科夫B1突破,144,0.0063,0.0068,0.928,0.4097,0.428,-0.0182,L2
全样本,积累阶段 + 黄金柱,534,0.019,0.0284,0.668,0.3333,0.428,-0.0946,L2
全样本,积累阶段 + 量能金叉,1358,0.0585,0.0645,0.907,0.4043,0.428,-0.0237,L2
全样本,积累阶段 + 六脉红灯大于5,5825,0.2172,0.3022,0.719,0.3497,0.428,-0.0783,L2
全样本,积累阶段 + 六脉红灯大于6,4220,0.1623,0.2152,0.754,0.3607,0.428,-0.0673,L2
全样本,积累阶段 + 六脉6红首发,4220,0.1623,0.2152,0.754,0.3607,0.428,-0.0673,L2
全样本,积累阶段 + 六脉5红首发,5825,0.2172,0.3022,0.719,0.3497,0.428,-0.0783,L2
全样本,积累阶段 + 偏多共振,417,0.0162,0.0211,0.767,0.3645,0.428,-0.0635,L2
全样本,积累阶段 + 多头共振,414,0.0162,0.0209,0.775,0.3671,0.428,-0.0608,L2
全样本,积累阶段 + 火箭信号,444,0.0203,0.0203,1.0,0.4279,0.428,-0.0,L2
全样本,积累阶段 + 极限抄底,243,0.0092,0.0125,0.732,0.3539,0.428,-0.0741,L2
全样本,积累阶段 + 中枢进机会区,3776,0.151,0.1883,0.802,0.375,0.428,-0.053,L2
全样本,积累阶段 + 中枢极限底,4381,0.1642,0.2266,0.725,0.3515,0.428,-0.0765,L2
全样本,积累阶段 + 中枢上穿中轴,1402,0.0603,0.0667,0.905,0.4037,0.428,-0.0243,L2
全样本,积累阶段 + 中枢底部蓄力,6346,0.2242,0.3385,0.662,0.3314,0.428,-0.0966,L2
全样本,积累阶段 + 中枢底部回升,7353,0.2711,0.3837,0.707,0.3458,0.428,-0.0821,L2
全样本,积累阶段 + 大盘多头,2961,0.0929,0.1667,0.557,0.2942,0.428,-0.1338,L2
全样本,积累阶段 + 大盘空头,3741,0.1534,0.1836,0.836,0.3847,0.428,-0.0433,L2
全样本,积累阶段 + 大盘安全,4261,0.1321,0.2411,0.548,0.2908,0.428,-0.1372,L2
全样本,积累阶段 + SID等于1,2961,0.0929,0.1667,0.557,0.2942,0.428,-0.1338,L2
全样本,积累阶段 + SID等于2,5064,0.1752,0.2729,0.642,0.3244,0.428,-0.1035,L2
全样本,积累阶段 + SID小于等于2,5897,0.1956,0.324,0.604,0.3112,0.428,-0.1168,L2
全样本,积累阶段 + 大盘5日上涨,5998,0.2129,0.3192,0.667,0.3329,0.428,-0.095,L2
全样本,积累阶段 + 相对强弱大于0,3741,0.1527,0.1842,0.829,0.3828,0.428,-0.0452,L2
全样本,积累阶段 + 相对强弱大于5,787,0.0328,0.0382,0.859,0.3914,0.428,-0.0366,L2
全样本,积累阶段 + 量比>=1.3,1401,0.0594,0.0673,0.882,0.3976,0.428,-0.0304,L2
全样本,积累阶段 + 量比>=2,267,0.0111,0.013,0.853,0.3895,0.428,-0.0385,L2
全样本,积累阶段 + 距前高<=10%,592,0.0213,0.0313,0.682,0.3378,0.428,-0.0901,L2
全样本,积累阶段 + 深跌(距前高>40%),383,0.0102,0.0229,0.447,0.2507,0.428,-0.1773,L2
全样本,积累阶段 + 距前低<=10%,6180,0.2278,0.3225,0.706,0.3458,0.428,-0.0822,L2
全样本,积累阶段 + 相对强弱>=0,812,0.0318,0.041,0.775,0.367,0.428,-0.061,L2
全样本,积累阶段 + 相对强弱>=5,52,0.0019,0.0027,0.708,0.3462,0.428,-0.0818,L2
全样本,威科夫B3弹簧 + 六脉红灯大于5,179,0.0065,0.0094,0.691,0.3408,0.428,-0.0872,L2
全样本,威科夫B3弹簧 + 六脉红灯大于6,141,0.0053,0.0073,0.734,0.3546,0.428,-0.0734,L2
全样本,威科夫B3弹簧 + 六脉6红首发,141,0.0053,0.0073,0.734,0.3546,0.428,-0.0734,L2
全样本,威科夫B3弹簧 + 六脉5红首发,179,0.0065,0.0094,0.691,0.3408,0.428,-0.0872,L2
全样本,威科夫B3弹簧 + 中枢进机会区,97,0.0033,0.0053,0.628,0.3196,0.428,-0.1084,L2
全样本,威科夫B3弹簧 + 中枢极限底,141,0.0045,0.0079,0.567,0.2979,0.428,-0.1301,L2
全样本,威科夫B3弹簧 + 中枢底部蓄力,190,0.0061,0.0106,0.573,0.3,0.428,-0.128,L2
全样本,威科夫B3弹簧 + 中枢底部回升,206,0.0069,0.0112,0.616,0.3155,0.428,-0.1124,L2
全样本,威科夫B3弹簧 + 大盘多头,85,0.0021,0.0052,0.411,0.2353,0.428,-0.1927,L2
全样本,威科夫B3弹簧 + 大盘空头,106,0.0044,0.0052,0.843,0.3868,0.428,-0.0412,L2
全样本,威科夫B3弹簧 + 大盘安全,130,0.0036,0.0077,0.473,0.2615,0.428,-0.1664,L2
全样本,威科夫B3弹簧 + SID等于1,85,0.0021,0.0052,0.411,0.2353,0.428,-0.1927,L2
全样本,威科夫B3弹簧 + SID等于2,115,0.0034,0.0066,0.515,0.2783,0.428,-0.1497,L2
全样本,威科夫B3弹簧 + SID小于等于2,152,0.0044,0.0089,0.494,0.2697,0.428,-0.1582,L2
全样本,威科夫B3弹簧 + 大盘5日上涨,188,0.0061,0.0104,0.582,0.3032,0.428,-0.1248,L2
全样本,威科夫B3弹簧 + 相对强弱大于0,109,0.0038,0.0058,0.659,0.3303,0.428,-0.0977,L2
全样本,威科夫B3弹簧 + 距前低<=10%,190,0.0063,0.0104,0.602,0.3105,0.428,-0.1174,L2
全样本,威科夫B1突破 + 量能金叉,113,0.0052,0.0051,1.023,0.4336,0.428,0.0057,L2
全样本,威科夫B1突破 + 六脉红灯大于5,144,0.0063,0.0068,0.928,0.4097,0.428,-0.0182,L2
全样本,威科夫B1突破 + 六脉红灯大于6,143,0.0063,0.0067,0.939,0.4126,0.428,-0.0154,L2
全样本,威科夫B1突破 + 六脉6红首发,143,0.0063,0.0067,0.939,0.4126,0.428,-0.0154,L2
全样本,威科夫B1突破 + 六脉5红首发,144,0.0063,0.0068,0.928,0.4097,0.428,-0.0182,L2
全样本,威科夫B1突破 + 火箭信号,61,0.0032,0.0025,1.293,0.4918,0.428,0.0638,L2
全样本,威科夫B1突破 + 中枢进机会区,57,0.0027,0.0026,1.044,0.4386,0.428,0.0106,L2
全样本,威科夫B1突破 + 中枢极限底,63,0.0031,0.0027,1.14,0.4603,0.428,0.0323,L2
全样本,威科夫B1突破 + 中枢上穿中轴,124,0.0058,0.0056,1.031,0.4355,0.428,0.0075,L2
全样本,威科夫B1突破 + 中枢底部蓄力,87,0.0039,0.004,0.989,0.4253,0.428,-0.0027,L2
全样本,威科夫B1突破 + 中枢底部回升,113,0.0052,0.0051,1.023,0.4336,0.428,0.0057,L2
全样本,威科夫B1突破 + 大盘多头,60,0.0021,0.0032,0.668,0.3333,0.428,-0.0946,L2
全样本,威科夫B1突破 + 大盘空头,69,0.0036,0.0028,1.298,0.4928,0.428,0.0648,L2
全样本,威科夫B1突破 + 大盘安全,97,0.0034,0.0052,0.658,0.3299,0.428,-0.0981,L2
全样本,威科夫B1突破 + SID等于1,60,0.0021,0.0032,0.668,0.3333,0.428,-0.0946,L2
全样本,威科夫B1突破 + SID等于2,87,0.0033,0.0045,0.74,0.3563,0.428,-0.0716,L2
全样本,威科夫B1突破 + SID小于等于2,110,0.0039,0.0058,0.677,0.3364,0.428,-0.0916,L2
全样本,威科夫B1突破 + 大盘5日上涨,113,0.0042,0.0059,0.704,0.3451,0.428,-0.0828,L2
全样本,威科夫B1突破 + 相对强弱大于0,141,0.0063,0.0065,0.962,0.4184,0.428,-0.0095,L2
全样本,威科夫B1突破 + 相对强弱大于5,103,0.0049,0.0045,1.079,0.4466,0.428,0.0186,L2
全样本,威科夫B1突破 + 距前低<=10%,115,0.0053,0.0052,1.028,0.4348,0.428,0.0068,L2
全样本,黄金柱 + 量能金叉,347,0.0152,0.0163,0.937,0.4121,0.428,-0.0159,L2
全样本,黄金柱 + 六脉红灯大于5,996,0.0391,0.0502,0.78,0.3685,0.428,-0.0595,L2
全样本,黄金柱 + 六脉红灯大于6,946,0.0372,0.0476,0.781,0.3689,0.428,-0.059,L2
全样本,黄金柱 + 六脉6红首发,946,0.0372,0.0476,0.781,0.3689,0.428,-0.059,L2
全样本,黄金柱 + 六脉5红首发,996,0.0391,0.0502,0.78,0.3685,0.428,-0.0595,L2
全样本,黄金柱 + 偏多共振,96,0.0035,0.005,0.7,0.3438,0.428,-0.0842,L2
全样本,黄金柱 + 多头共振,96,0.0035,0.005,0.7,0.3438,0.428,-0.0842,L2
全样本,黄金柱 + 火箭信号,176,0.0076,0.0084,0.904,0.4034,0.428,-0.0246,L2
全样本,黄金柱 + 中枢进机会区,390,0.0154,0.0196,0.782,0.3692,0.428,-0.0587,L2
全样本,黄金柱 + 中枢极限底,459,0.018,0.0231,0.779,0.3682,0.428,-0.0598,L2
全样本,黄金柱 + 中枢上穿中轴,429,0.0176,0.0211,0.835,0.3846,0.428,-0.0434,L2
全样本,黄金柱 + 中枢底部蓄力,666,0.0261,0.0336,0.778,0.3679,0.428,-0.0601,L2
全样本,黄金柱 + 中枢底部回升,794,0.0317,0.0396,0.799,0.3741,0.428,-0.0539,L2
全样本,黄金柱 + 大盘多头,407,0.0134,0.0224,0.599,0.3096,0.428,-0.1184,L2
全样本,黄金柱 + 大盘空头,443,0.0192,0.021,0.915,0.4063,0.428,-0.0217,L2
全样本,黄金柱 + 大盘安全,588,0.0191,0.0326,0.585,0.3044,0.428,-0.1235,L2
全样本,黄金柱 + SID等于1,407,0.0134,0.0224,0.599,0.3096,0.428,-0.1184,L2
全样本,黄金柱 + SID等于2,556,0.0203,0.0292,0.694,0.3417,0.428,-0.0862,L2
全样本,黄金柱 + SID小于等于2,724,0.0251,0.039,0.642,0.3246,0.428,-0.1034,L2
全样本,黄金柱 + 大盘5日上涨,806,0.0294,0.0423,0.696,0.3424,0.428,-0.0855,L2
全样本,黄金柱 + 相对强弱大于0,797,0.0321,0.0396,0.811,0.3777,0.428,-0.0503,L2
全样本,黄金柱 + 相对强弱大于5,318,0.0133,0.0154,0.866,0.3931,0.428,-0.0349,L2
全样本,黄金柱 + 量比>=1.3,215,0.0086,0.0107,0.808,0.3767,0.428,-0.0512,L2
全样本,黄金柱 + 量比>=2,70,0.0033,0.0031,1.062,0.4429,0.428,0.0149,L2
全样本,黄金柱 + 距前高<=10%,171,0.0064,0.0089,0.722,0.3509,0.428,-0.0771,L2
全样本,黄金柱 + 距前低<=10%,688,0.0284,0.0337,0.843,0.3866,0.428,-0.0413,L2
全样本,黄金柱 + 相对强弱>=0,193,0.0083,0.0092,0.907,0.4041,0.428,-0.0238,L2
全样本,量能金叉 + 六脉红灯大于5,3130,0.1581,0.1314,1.204,0.4738,0.428,0.0458,L2
全样本,量能金叉 + 六脉红灯大于6,2476,0.1191,0.1084,1.099,0.4511,0.428,0.0232,L2
全样本,量能金叉 + 六脉6红首发,2476,0.1191,0.1084,1.099,0.4511,0.428,0.0232,L2
全样本,量能金叉 + 六脉5红首发,3130,0.1581,0.1314,1.204,0.4738,0.428,0.0458,L2
全样本,量能金叉 + 偏多共振,455,0.0179,0.0229,0.782,0.3692,0.428,-0.0587,L2
全样本,量能金叉 + 多头共振,455,0.0179,0.0229,0.782,0.3692,0.428,-0.0587,L2
全样本,量能金叉 + 火箭信号,626,0.0356,0.0233,1.529,0.5335,0.428,0.1056,L2
全样本,量能金叉 + 二连板,69,0.0045,0.0022,2.079,0.6087,0.428,0.1807,L2
全样本,量能金叉 + 极限抄底,408,0.0321,0.0085,3.76,0.7377,0.428,0.3098,L2
全样本,量能金叉 + 中枢进机会区,2107,0.1221,0.0767,1.591,0.5434,0.428,0.1155,L2
全样本,量能金叉 + 中枢极限底,2272,0.1382,0.0779,1.775,0.5704,0.428,0.1425,L2
全样本,量能金叉 + 中枢上穿中轴,1552,0.0737,0.0687,1.073,0.4452,0.428,0.0173,L2
全样本,量能金叉 + 中枢底部蓄力,2872,0.1593,0.1099,1.449,0.5202,0.428,0.0922,L2
全样本,量能金叉 + 中枢底部回升,3722,0.2125,0.1379,1.541,0.5355,0.428,0.1075,L2
全样本,量能金叉 + 大盘多头,1129,0.0386,0.0612,0.631,0.3206,0.428,-0.1073,L2
全样本,量能金叉 + 大盘空头,1997,0.1088,0.0779,1.395,0.5108,0.428,0.0828,L2
全样本,量能金叉 + 大盘安全,1938,0.0821,0.0932,0.881,0.3973,0.428,-0.0307,L2
全样本,量能金叉 + SID等于1,1129,0.0386,0.0612,0.631,0.3206,0.428,-0.1073,L2
全样本,量能金叉 + SID等于2,2902,0.1648,0.1082,1.524,0.5327,0.428,0.1048,L2
全样本,量能金叉 + SID小于等于2,3265,0.1748,0.1297,1.347,0.502,0.428,0.074,L2
全样本,量能金叉 + 大盘5日上涨,2631,0.1182,0.1214,0.974,0.4215,0.428,-0.0065,L2
全样本,量能金叉 + 相对强弱大于0,2271,0.1084,0.1,1.084,0.4478,0.428,0.0198,L2
全样本,量能金叉 + 相对强弱大于5,825,0.0406,0.0354,1.147,0.4618,0.428,0.0338,L2
全样本,量能金叉 + 量比>=1.3,1855,0.1138,0.0629,1.81,0.5752,0.428,0.1472,L2
全样本,量能金叉 + 量比>=2,461,0.0256,0.0176,1.452,0.5206,0.428,0.0926,L2
全样本,量能金叉 + 距前高<=10%,529,0.0214,0.0262,0.819,0.38,0.428,-0.048,L2
全样本,量能金叉 + 深跌(距前高>40%),229,0.017,0.0056,3.036,0.6943,0.428,0.2664,L2
全样本,量能金叉 + 距前低<=10%,3186,0.1702,0.1268,1.342,0.5009,0.428,0.073,L2
全样本,量能金叉 + 相对强弱>=0,506,0.0244,0.0221,1.105,0.4526,0.428,0.0246,L2
全样本,量能金叉 + 相对强弱>=5,58,0.003,0.0024,1.247,0.4828,0.428,0.0548,L2
全样本,六脉红灯大于5 + 六脉红灯大于6,9065,0.3962,0.4267,0.929,0.4099,0.428,-0.018,L2
全样本,六脉红灯大于5 + 六脉6红首发,9065,0.3962,0.4267,0.929,0.4099,0.428,-0.018,L2
全样本,六脉红灯大于5 + 六脉5红首发,14063,0.6241,0.6549,0.953,0.4162,0.428,-0.0118,L2
全样本,六脉红灯大于5 + 偏多共振,1029,0.0334,0.0571,0.584,0.3042,0.428,-0.1238,L2
全样本,六脉红灯大于5 + 多头共振,1024,0.0334,0.0567,0.588,0.3057,0.428,-0.1223,L2
全样本,六脉红灯大于5 + 火箭信号,1259,0.0686,0.0491,1.395,0.5107,0.428,0.0828,L2
全样本,六脉红灯大于5 + 二连板,110,0.0067,0.0037,1.792,0.5727,0.428,0.1448,L2
全样本,六脉红灯大于5 + 二次涨停,98,0.0049,0.0041,1.182,0.4694,0.428,0.0414,L2
全样本,六脉红灯大于5 + 纳财,72,0.0027,0.0037,0.711,0.3472,0.428,-0.0807,L2
全样本,六脉红灯大于5 + 极限抄底,683,0.0434,0.022,1.971,0.5959,0.428,0.1679,L2
全样本,六脉红灯大于5 + 中枢进机会区,4984,0.2235,0.2304,0.97,0.4205,0.428,-0.0074,L2
全样本,六脉红灯大于5 + 中枢极限底,7087,0.3269,0.3208,1.019,0.4326,0.428,0.0047,L2
全样本,六脉红灯大于5 + 中枢上穿中轴,3447,0.1639,0.1524,1.076,0.4459,0.428,0.0179,L2
全样本,六脉红灯大于5 + 中枢底部蓄力,10663,0.48,0.4915,0.977,0.4222,0.428,-0.0058,L2
全样本,六脉红灯大于5 + 中枢底部回升,12127,0.5517,0.5546,0.995,0.4267,0.428,-0.0013,L2
全样本,六脉红灯大于5 + 大盘多头,4136,0.1311,0.2318,0.566,0.2974,0.428,-0.1306,L2
全样本,六脉红灯大于5 + 大盘空头,7379,0.3668,0.3142,1.167,0.4662,0.428,0.0382,L2
全样本,六脉红灯大于5 + 大盘安全,6962,0.2631,0.3585,0.734,0.3545,0.428,-0.0735,L2
全样本,六脉红灯大于5 + SID等于1,4136,0.1311,0.2318,0.566,0.2974,0.428,-0.1306,L2
全样本,六脉红灯大于5 + SID等于2,8402,0.3635,0.3983,0.913,0.4057,0.428,-0.0222,L2
全样本,六脉红灯大于5 + SID小于等于2,9596,0.3919,0.4722,0.83,0.3831,0.428,-0.0449,L2
全样本,六脉红灯大于5 + 大盘5日上涨,10190,0.4188,0.4995,0.838,0.3855,0.428,-0.0425,L2
全样本,六脉红灯大于5 + 相对强弱大于0,6879,0.3036,0.3216,0.944,0.4139,0.428,-0.0141,L2
全样本,六脉红灯大于5 + 相对强弱大于5,1712,0.0774,0.0787,0.984,0.4241,0.428,-0.0039,L2
全样本,六脉红灯大于5 + 量比>=1.3,3058,0.1656,0.1201,1.379,0.5078,0.428,0.0799,L2
全样本,六脉红灯大于5 + 量比>=2,582,0.0301,0.0239,1.256,0.4845,0.428,0.0566,L2
全样本,六脉红灯大于5 + 距前高<=10%,1287,0.0518,0.0639,0.811,0.3776,0.428,-0.0503,L2
全样本,六脉红灯大于5 + 深跌(距前高>40%),733,0.0387,0.0295,1.311,0.4952,0.428,0.0673,L2
全样本,六脉红灯大于5 + 距前低<=10%,10177,0.4542,0.472,0.962,0.4186,0.428,-0.0094,L2
全样本,六脉红灯大于5 + 相对强弱>=0,1540,0.0694,0.0709,0.979,0.4227,0.428,-0.0052,L2
全样本,六脉红灯大于5 + 相对强弱>=5,131,0.0061,0.0059,1.03,0.4351,0.428,0.0071,L2
全样本,六脉红灯大于6 + 六脉6红首发,9065,0.3962,0.4267,0.929,0.4099,0.428,-0.018,L2
全样本,六脉红灯大于6 + 六脉5红首发,9065,0.3962,0.4267,0.929,0.4099,0.428,-0.018,L2
全样本,六脉红灯大于6 + 偏多共振,771,0.0246,0.0431,0.572,0.2996,0.428,-0.1284,L2
全样本,六脉红灯大于6 + 多头共振,767,0.0246,0.0428,0.576,0.3012,0.428,-0.1268,L2
全样本,六脉红灯大于6 + 火箭信号,1131,0.0596,0.0456,1.306,0.4943,0.428,0.0663,L2
全样本,六脉红灯大于6 + 二连板,105,0.0062,0.0037,1.649,0.5524,0.428,0.1244,L2
全样本,六脉红灯大于6 + 二次涨停,79,0.0038,0.0034,1.119,0.4557,0.428,0.0277,L2
全样本,六脉红灯大于6 + 纳财,67,0.0025,0.0035,0.699,0.3433,0.428,-0.0847,L2
全样本,六脉红灯大于6 + 极限抄底,171,0.0107,0.0057,1.883,0.5848,0.428,0.1568,L2
全样本,六脉红灯大于6 + 中枢进机会区,3458,0.1541,0.1606,0.959,0.4179,0.428,-0.0101,L2
全样本,六脉红灯大于6 + 中枢极限底,4286,0.1928,0.1977,0.975,0.4218,0.428,-0.0061,L2
全样本,六脉红灯大于6 + 中枢上穿中轴,3151,0.1495,0.1395,1.071,0.4449,0.428,0.017,L2
全样本,六脉红灯大于6 + 中枢底部蓄力,6447,0.2872,0.2994,0.959,0.4179,0.428,-0.0101,L2
全样本,六脉红灯大于6 + 中枢底部回升,7616,0.3431,0.3508,0.978,0.4225,0.428,-0.0054,L2
全样本,六脉红灯大于6 + 大盘多头,2938,0.0944,0.1638,0.576,0.3012,0.428,-0.1267,L2
全样本,六脉红灯大于6 + 大盘空头,4732,0.2369,0.2002,1.183,0.4696,0.428,0.0416,L2
全样本,六脉红灯大于6 + 大盘安全,4874,0.1808,0.2535,0.713,0.348,0.428,-0.08,L2
全样本,六脉红灯大于6 + SID等于1,2938,0.0944,0.1638,0.576,0.3012,0.428,-0.1267,L2
全样本,六脉红灯大于6 + SID等于2,5403,0.2264,0.2616,0.865,0.3929,0.428,-0.035,L2
全样本,六脉红灯大于6 + SID小于等于2,6259,0.2464,0.3149,0.782,0.3692,0.428,-0.0587,L2
全样本,六脉红灯大于6 + 大盘5日上涨,6770,0.2752,0.3342,0.824,0.3812,0.428,-0.0467,L2
全样本,六脉红灯大于6 + 相对强弱大于0,5762,0.2529,0.2704,0.935,0.4117,0.428,-0.0163,L2
全样本,六脉红灯大于6 + 相对强弱大于5,1642,0.0737,0.0759,0.971,0.4208,0.428,-0.0071,L2
全样本,六脉红灯大于6 + 量比>=1.3,2046,0.1024,0.0866,1.182,0.4692,0.428,0.0412,L2
全样本,六脉红灯大于6 + 量比>=2,447,0.0216,0.0195,1.112,0.4541,0.428,0.0262,L2
全样本,六脉红灯大于6 + 距前高<=10%,1078,0.0431,0.0538,0.801,0.3748,0.428,-0.0532,L2
全样本,六脉红灯大于6 + 深跌(距前高>40%),290,0.0124,0.0139,0.891,0.4,0.428,-0.028,L2
全样本,六脉红灯大于6 + 距前低<=10%,6460,0.2921,0.2967,0.984,0.4241,0.428,-0.0038,L2
全样本,六脉红灯大于6 + 相对强弱>=0,1283,0.0579,0.059,0.981,0.4232,0.428,-0.0047,L2
全样本,六脉红灯大于6 + 相对强弱>=5,121,0.0055,0.0055,1.007,0.4298,0.428,0.0018,L2
全样本,六脉6红首发 + 六脉5红首发,9065,0.3962,0.4267,0.929,0.4099,0.428,-0.018,L2
全样本,六脉6红首发 + 偏多共振,771,0.0246,0.0431,0.572,0.2996,0.428,-0.1284,L2
全样本,六脉6红首发 + 多头共振,767,0.0246,0.0428,0.576,0.3012,0.428,-0.1268,L2
全样本,六脉6红首发 + 火箭信号,1131,0.0596,0.0456,1.306,0.4943,0.428,0.0663,L2
全样本,六脉6红首发 + 二连板,105,0.0062,0.0037,1.649,0.5524,0.428,0.1244,L2
全样本,六脉6红首发 + 二次涨停,79,0.0038,0.0034,1.119,0.4557,0.428,0.0277,L2
全样本,六脉6红首发 + 纳财,67,0.0025,0.0035,0.699,0.3433,0.428,-0.0847,L2
全样本,六脉6红首发 + 极限抄底,171,0.0107,0.0057,1.883,0.5848,0.428,0.1568,L2
全样本,六脉6红首发 + 中枢进机会区,3458,0.1541,0.1606,0.959,0.4179,0.428,-0.0101,L2
全样本,六脉6红首发 + 中枢极限底,4286,0.1928,0.1977,0.975,0.4218,0.428,-0.0061,L2
全样本,六脉6红首发 + 中枢上穿中轴,3151,0.1495,0.1395,1.071,0.4449,0.428,0.017,L2
全样本,六脉6红首发 + 中枢底部蓄力,6447,0.2872,0.2994,0.959,0.4179,0.428,-0.0101,L2
全样本,六脉6红首发 + 中枢底部回升,7616,0.3431,0.3508,0.978,0.4225,0.428,-0.0054,L2
全样本,六脉6红首发 + 大盘多头,2938,0.0944,0.1638,0.576,0.3012,0.428,-0.1267,L2
全样本,六脉6红首发 + 大盘空头,4732,0.2369,0.2002,1.183,0.4696,0.428,0.0416,L2
全样本,六脉6红首发 + 大盘安全,4874,0.1808,0.2535,0.713,0.348,0.428,-0.08,L2
全样本,六脉6红首发 + SID等于1,2938,0.0944,0.1638,0.576,0.3012,0.428,-0.1267,L2
全样本,六脉6红首发 + SID等于2,5403,0.2264,0.2616,0.865,0.3929,0.428,-0.035,L2
全样本,六脉6红首发 + SID小于等于2,6259,0.2464,0.3149,0.782,0.3692,0.428,-0.0587,L2
全样本,六脉6红首发 + 大盘5日上涨,6770,0.2752,0.3342,0.824,0.3812,0.428,-0.0467,L2
全样本,六脉6红首发 + 相对强弱大于0,5762,0.2529,0.2704,0.935,0.4117,0.428,-0.0163,L2
全样本,六脉6红首发 + 相对强弱大于5,1642,0.0737,0.0759,0.971,0.4208,0.428,-0.0071,L2
全样本,六脉6红首发 + 量比>=1.3,2046,0.1024,0.0866,1.182,0.4692,0.428,0.0412,L2
全样本,六脉6红首发 + 量比>=2,447,0.0216,0.0195,1.112,0.4541,0.428,0.0262,L2
全样本,六脉6红首发 + 距前高<=10%,1078,0.0431,0.0538,0.801,0.3748,0.428,-0.0532,L2
全样本,六脉6红首发 + 深跌(距前高>40%),290,0.0124,0.0139,0.891,0.4,0.428,-0.028,L2
全样本,六脉6红首发 + 距前低<=10%,6460,0.2921,0.2967,0.984,0.4241,0.428,-0.0038,L2
全样本,六脉6红首发 + 相对强弱>=0,1283,0.0579,0.059,0.981,0.4232,0.428,-0.0047,L2
全样本,六脉6红首发 + 相对强弱>=5,121,0.0055,0.0055,1.007,0.4298,0.428,0.0018,L2
全样本,六脉5红首发 + 偏多共振,1029,0.0334,0.0571,0.584,0.3042,0.428,-0.1238,L2
全样本,六脉5红首发 + 多头共振,1024,0.0334,0.0567,0.588,0.3057,0.428,-0.1223,L2
全样本,六脉5红首发 + 火箭信号,1259,0.0686,0.0491,1.395,0.5107,0.428,0.0828,L2
全样本,六脉5红首发 + 二连板,110,0.0067,0.0037,1.792,0.5727,0.428,0.1448,L2
全样本,六脉5红首发 + 二次涨停,98,0.0049,0.0041,1.182,0.4694,0.428,0.0414,L2
全样本,六脉5红首发 + 纳财,72,0.0027,0.0037,0.711,0.3472,0.428,-0.0807,L2
全样本,六脉5红首发 + 极限抄底,683,0.0434,0.022,1.971,0.5959,0.428,0.1679,L2
全样本,六脉5红首发 + 中枢进机会区,4984,0.2235,0.2304,0.97,0.4205,0.428,-0.0074,L2
全样本,六脉5红首发 + 中枢极限底,7087,0.3269,0.3208,1.019,0.4326,0.428,0.0047,L2
全样本,六脉5红首发 + 中枢上穿中轴,3447,0.1639,0.1524,1.076,0.4459,0.428,0.0179,L2
全样本,六脉5红首发 + 中枢底部蓄力,10663,0.48,0.4915,0.977,0.4222,0.428,-0.0058,L2
全样本,六脉5红首发 + 中枢底部回升,12127,0.5517,0.5546,0.995,0.4267,0.428,-0.0013,L2
全样本,六脉5红首发 + 大盘多头,4136,0.1311,0.2318,0.566,0.2974,0.428,-0.1306,L2
全样本,六脉5红首发 + 大盘空头,7379,0.3668,0.3142,1.167,0.4662,0.428,0.0382,L2
全样本,六脉5红首发 + 大盘安全,6962,0.2631,0.3585,0.734,0.3545,0.428,-0.0735,L2
全样本,六脉5红首发 + SID等于1,4136,0.1311,0.2318,0.566,0.2974,0.428,-0.1306,L2
全样本,六脉5红首发 + SID等于2,8402,0.3635,0.3983,0.913,0.4057,0.428,-0.0222,L2
全样本,六脉5红首发 + SID小于等于2,9596,0.3919,0.4722,0.83,0.3831,0.428,-0.0449,L2
全样本,六脉5红首发 + 大盘5日上涨,10190,0.4188,0.4995,0.838,0.3855,0.428,-0.0425,L2
全样本,六脉5红首发 + 相对强弱大于0,6879,0.3036,0.3216,0.944,0.4139,0.428,-0.0141,L2
全样本,六脉5红首发 + 相对强弱大于5,1712,0.0774,0.0787,0.984,0.4241,0.428,-0.0039,L2
全样本,六脉5红首发 + 量比>=1.3,3058,0.1656,0.1201,1.379,0.5078,0.428,0.0799,L2
全样本,六脉5红首发 + 量比>=2,582,0.0301,0.0239,1.256,0.4845,0.428,0.0566,L2
全样本,六脉5红首发 + 距前高<=10%,1287,0.0518,0.0639,0.811,0.3776,0.428,-0.0503,L2
全样本,六脉5红首发 + 深跌(距前高>40%),733,0.0387,0.0295,1.311,0.4952,0.428,0.0673,L2
全样本,六脉5红首发 + 距前低<=10%,10177,0.4542,0.472,0.962,0.4186,0.428,-0.0094,L2
全样本,六脉5红首发 + 相对强弱>=0,1540,0.0694,0.0709,0.979,0.4227,0.428,-0.0052,L2
全样本,六脉5红首发 + 相对强弱>=5,131,0.0061,0.0059,1.03,0.4351,0.428,0.0071,L2
全样本,偏多共振 + 多头共振,2319,0.088,0.1192,0.738,0.3558,0.428,-0.0722,L2
全样本,偏多共振 + 火箭信号,219,0.0101,0.0099,1.024,0.4338,0.428,0.0058,L2
全样本,偏多共振 + 二次涨停,53,0.0022,0.0026,0.877,0.3962,0.428,-0.0317,L2
全样本,偏多共振 + 极限抄底,70,0.0062,0.001,6.46,0.8286,0.428,0.4006,L2
全样本,偏多共振 + 中枢进机会区,907,0.0483,0.0362,1.334,0.4994,0.428,0.0715,L2
全样本,偏多共振 + 中枢极限底,523,0.0319,0.0179,1.784,0.5717,0.428,0.1437,L2
全样本,偏多共振 + 中枢上穿中轴,851,0.0278,0.0471,0.591,0.3067,0.428,-0.1213,L2
全样本,偏多共振 + 中枢底部蓄力,434,0.0191,0.0203,0.938,0.4124,0.428,-0.0155,L2
全样本,偏多共振 + 中枢底部回升,1017,0.0521,0.0421,1.238,0.4808,0.428,0.0529,L2
全样本,偏多共振 + 大盘多头,1247,0.0316,0.0759,0.416,0.2374,0.428,-0.1906,L2
全样本,偏多共振 + 大盘空头,397,0.0128,0.0221,0.579,0.3023,0.428,-0.1257,L2
全样本,偏多共振 + 大盘安全,1443,0.0371,0.0873,0.425,0.2412,0.428,-0.1868,L2
全样本,偏多共振 + SID等于1,1247,0.0316,0.0759,0.416,0.2374,0.428,-0.1906,L2
全样本,偏多共振 + SID等于2,1686,0.0719,0.0807,0.89,0.3998,0.428,-0.0282,L2
全样本,偏多共振 + SID小于等于2,2147,0.0822,0.1098,0.749,0.3591,0.428,-0.0689,L2
全样本,偏多共振 + 大盘5日上涨,1469,0.0396,0.0876,0.452,0.2526,0.428,-0.1754,L2
全样本,偏多共振 + 相对强弱大于0,1102,0.041,0.0572,0.718,0.3494,0.428,-0.0786,L2
全样本,偏多共振 + 相对强弱大于5,371,0.0148,0.0185,0.801,0.3747,0.428,-0.0533,L2
全样本,偏多共振 + 量比>=1.3,307,0.0141,0.014,1.008,0.43,0.428,0.002,L2
全样本,偏多共振 + 量比>=2,74,0.0031,0.0036,0.861,0.3919,0.428,-0.0361,L2
全样本,偏多共振 + 距前高<=10%,434,0.0139,0.0243,0.572,0.2995,0.428,-0.1284,L2
全样本,偏多共振 + 距前低<=10%,665,0.032,0.0291,1.099,0.4511,0.428,0.0232,L2
全样本,偏多共振 + 相对强弱>=0,244,0.0093,0.0125,0.741,0.3566,0.428,-0.0714,L2
全样本,多头共振 + 火箭信号,219,0.0101,0.0099,1.024,0.4338,0.428,0.0058,L2
全样本,多头共振 + 二次涨停,53,0.0022,0.0026,0.877,0.3962,0.428,-0.0317,L2
全样本,多头共振 + 极限抄底,70,0.0062,0.001,6.46,0.8286,0.428,0.4006,L2
全样本,多头共振 + 中枢进机会区,905,0.0482,0.0361,1.334,0.4994,0.428,0.0715,L2
全样本,多头共振 + 中枢极限底,522,0.0319,0.0178,1.792,0.5728,0.428,0.1448,L2
全样本,多头共振 + 中枢上穿中轴,848,0.0278,0.0468,0.594,0.3078,0.428,-0.1202,L2
全样本,多头共振 + 中枢底部蓄力,434,0.0191,0.0203,0.938,0.4124,0.428,-0.0155,L2
全样本,多头共振 + 中枢底部回升,1014,0.052,0.042,1.24,0.4813,0.428,0.0533,L2
全样本,多头共振 + 大盘多头,1245,0.0316,0.0757,0.417,0.2378,0.428,-0.1902,L2
全样本,多头共振 + 大盘空头,396,0.0128,0.022,0.581,0.303,0.428,-0.1249,L2
全样本,多头共振 + 大盘安全,1439,0.0371,0.087,0.426,0.2418,0.428,-0.1861,L2
全样本,多头共振 + SID等于1,1245,0.0316,0.0757,0.417,0.2378,0.428,-0.1902,L2
全样本,多头共振 + SID等于2,1680,0.0718,0.0803,0.893,0.4006,0.428,-0.0274,L2
全样本,多头共振 + SID小于等于2,2140,0.0821,0.1093,0.751,0.3598,0.428,-0.0682,L2
全样本,多头共振 + 大盘5日上涨,1462,0.0396,0.087,0.455,0.2538,0.428,-0.1742,L2
全样本,多头共振 + 相对强弱大于0,1098,0.041,0.0569,0.722,0.3506,0.428,-0.0773,L2
全样本,多头共振 + 相对强弱大于5,371,0.0148,0.0185,0.801,0.3747,0.428,-0.0533,L2
全样本,多头共振 + 量比>=1.3,305,0.0141,0.0138,1.02,0.4328,0.428,0.0048,L2
全样本,多头共振 + 量比>=2,74,0.0031,0.0036,0.861,0.3919,0.428,-0.0361,L2
全样本,多头共振 + 距前高<=10%,433,0.0139,0.0242,0.573,0.3002,0.428,-0.1277,L2
全样本,多头共振 + 距前低<=10%,663,0.032,0.029,1.105,0.4525,0.428,0.0245,L2
全样本,多头共振 + 相对强弱>=0,244,0.0093,0.0125,0.741,0.3566,0.428,-0.0714,L2
全样本,火箭信号 + 二连板,113,0.0068,0.0039,1.746,0.5664,0.428,0.1384,L2
全样本,火箭信号 + 二次涨停,143,0.0066,0.0065,1.023,0.4336,0.428,0.0056,L2
全样本,火箭信号 + 极限抄底,125,0.0092,0.0031,2.947,0.688,0.428,0.26,L2
全样本,火箭信号 + 中枢进机会区,559,0.0315,0.0211,1.494,0.5277,0.428,0.0998,L2
全样本,火箭信号 + 中枢极限底,714,0.043,0.0248,1.732,0.5644,0.428,0.1365,L2
全样本,火箭信号 + 中枢上穿中轴,809,0.0422,0.0329,1.282,0.4895,0.428,0.0615,L2
全样本,火箭信号 + 中枢底部蓄力,919,0.0525,0.0341,1.54,0.5354,0.428,0.1074,L2
全样本,火箭信号 + 中枢底部回升,1147,0.0663,0.0419,1.584,0.5423,0.428,0.1143,L2
全样本,火箭信号 + 大盘多头,350,0.0127,0.0184,0.689,0.34,0.428,-0.088,L2
全样本,火箭信号 + 大盘空头,680,0.0392,0.0249,1.577,0.5412,0.428,0.1132,L2
全样本,火箭信号 + 大盘安全,741,0.0371,0.0313,1.184,0.4696,0.428,0.0417,L2
全样本,火箭信号 + SID等于1,350,0.0127,0.0184,0.689,0.34,0.428,-0.088,L2
全样本,火箭信号 + SID等于2,971,0.0565,0.0352,1.606,0.5458,0.428,0.1179,L2
全样本,火箭信号 + SID小于等于2,1094,0.0599,0.0424,1.412,0.5137,0.428,0.0857,L2
全样本,火箭信号 + 大盘5日上涨,903,0.0454,0.0381,1.194,0.4718,0.428,0.0438,L2
全样本,火箭信号 + 相对强弱大于0,1000,0.0503,0.0421,1.195,0.472,0.428,0.044,L2
全样本,火箭信号 + 相对强弱大于5,667,0.0327,0.0287,1.14,0.4603,0.428,0.0323,L2
全样本,火箭信号 + 量比>=1.3,496,0.0322,0.0155,2.081,0.6089,0.428,0.1809,L2
全样本,火箭信号 + 量比>=2,138,0.0084,0.0047,1.79,0.5725,0.428,0.1445,L2
全样本,火箭信号 + 距前高<=10%,63,0.0032,0.0026,1.215,0.4762,0.428,0.0482,L2
全样本,火箭信号 + 深跌(距前高>40%),169,0.0107,0.0055,1.937,0.5917,0.428,0.1637,L2
全样本,火箭信号 + 距前低<=10%,731,0.0416,0.0272,1.529,0.5335,0.428,0.1055,L2
全样本,火箭信号 + 相对强弱>=0,157,0.0083,0.0063,1.32,0.4968,0.428,0.0688,L2
全样本,二连板 + 中枢极限底,66,0.0039,0.0023,1.705,0.5606,0.428,0.1326,L2
全样本,二连板 + 中枢上穿中轴,94,0.0053,0.0035,1.519,0.5319,0.428,0.1039,L2
全样本,二连板 + 中枢底部蓄力,80,0.0048,0.0028,1.718,0.5625,0.428,0.1345,L2
全样本,二连板 + 中枢底部回升,102,0.0063,0.0034,1.834,0.5784,0.428,0.1505,L2
全样本,二连板 + 大盘空头,67,0.0041,0.0023,1.751,0.5672,0.428,0.1392,L2
全样本,二连板 + 大盘安全,63,0.0043,0.0018,2.325,0.6349,0.428,0.2069,L2
全样本,二连板 + SID等于2,84,0.0054,0.0026,2.066,0.6071,0.428,0.1792,L2
全样本,二连板 + SID小于等于2,90,0.0057,0.003,1.915,0.5889,0.428,0.1609,L2
全样本,二连板 + 大盘5日上涨,73,0.0044,0.0026,1.713,0.5616,0.428,0.1337,L2
全样本,二连板 + 相对强弱大于0,92,0.0052,0.0034,1.523,0.5326,0.428,0.1046,L2
全样本,二连板 + 相对强弱大于5,75,0.0042,0.0029,1.448,0.52,0.428,0.092,L2
全样本,二连板 + 量比>=1.3,57,0.0033,0.0021,1.594,0.5439,0.428,0.1159,L2
全样本,二连板 + 距前低<=10%,70,0.0045,0.0022,2.005,0.6,0.428,0.172,L2
全样本,二次涨停 + 中枢进机会区,73,0.0033,0.0034,0.987,0.4247,0.428,-0.0033,L2
全样本,二次涨停 + 中枢极限底,58,0.0029,0.0025,1.164,0.4655,0.428,0.0375,L2
全样本,二次涨停 + 中枢上穿中轴,63,0.0029,0.0029,1.002,0.4286,0.428,0.0006,L2
全样本,二次涨停 + 中枢底部蓄力,58,0.0029,0.0025,1.164,0.4655,0.428,0.0375,L2
全样本,二次涨停 + 中枢底部回升,100,0.005,0.0042,1.185,0.47,0.428,0.042,L2
全样本,二次涨停 + 大盘空头,66,0.0035,0.0026,1.337,0.5,0.428,0.072,L2
全样本,二次涨停 + 大盘安全,75,0.0033,0.0035,0.942,0.4133,0.428,-0.0146,L2
全样本,二次涨停 + SID等于2,106,0.005,0.0047,1.065,0.4434,0.428,0.0154,L2
全样本,二次涨停 + SID小于等于2,116,0.0052,0.0053,0.978,0.4224,0.428,-0.0056,L2
全样本,二次涨停 + 大盘5日上涨,94,0.0039,0.0045,0.868,0.3936,0.428,-0.0344,L2
全样本,二次涨停 + 相对强弱大于0,87,0.0042,0.0038,1.086,0.4483,0.428,0.0203,L2
全样本,纳财 + 中枢底部蓄力,56,0.0021,0.0029,0.743,0.3571,0.428,-0.0708,L2
全样本,纳财 + 中枢底部回升,59,0.002,0.0032,0.635,0.322,0.428,-0.1059,L2
全样本,纳财 + SID等于2,56,0.0021,0.0029,0.743,0.3571,0.428,-0.0708,L2
全样本,纳财 + SID小于等于2,65,0.0025,0.0034,0.732,0.3538,0.428,-0.0741,L2
全样本,纳财 + 大盘5日上涨,61,0.0021,0.0033,0.652,0.3279,0.428,-0.1001,L2
全样本,极限抄底 + 中枢进机会区,413,0.0312,0.0096,3.264,0.7094,0.428,0.2815,L2
全样本,极限抄底 + 中枢极限底,940,0.0667,0.025,2.665,0.666,0.428,0.238,L2
全样本,极限抄底 + 中枢底部蓄力,1331,0.0866,0.0414,2.091,0.6101,0.428,0.1821,L2
全样本,极限抄底 + 中枢底部回升,1436,0.0965,0.0424,2.278,0.6302,0.428,0.2023,L2
全样本,极限抄底 + 大盘多头,157,0.0069,0.0073,0.944,0.414,0.428,-0.014,L2
全样本,极限抄底 + 大盘空头,600,0.0365,0.0206,1.772,0.57,0.428,0.142,L2
全样本,极限抄底 + 大盘安全,470,0.0306,0.0146,2.096,0.6106,0.428,0.1827,L2
全样本,极限抄底 + SID等于1,157,0.0069,0.0073,0.944,0.414,0.428,-0.014,L2
全样本,极限抄底 + SID等于2,1159,0.0839,0.0297,2.828,0.679,0.428,0.2511,L2
全样本,极限抄底 + SID小于等于2,1200,0.0854,0.0318,2.683,0.6675,0.428,0.2395,L2
全样本,极限抄底 + 大盘5日上涨,660,0.038,0.0243,1.565,0.5394,0.428,0.1114,L2
全样本,极限抄底 + 相对强弱大于0,111,0.0067,0.0038,1.754,0.5676,0.428,0.1396,L2
全样本,极限抄底 + 量比>=1.3,621,0.0514,0.0111,4.635,0.7762,0.428,0.3482,L2
全样本,极限抄底 + 量比>=2,112,0.0082,0.0028,2.941,0.6875,0.428,0.2595,L2
全样本,极限抄底 + 深跌(距前高>40%),330,0.0242,0.0082,2.946,0.6879,0.428,0.2599,L2
全样本,极限抄底 + 距前低<=10%,1029,0.0634,0.0346,1.832,0.5782,0.428,0.1503,L2
全样本,中枢进机会区 + 中枢极限底,5379,0.2818,0.2183,1.291,0.4914,0.428,0.0634,L2
全样本,中枢进机会区 + 中枢上穿中轴,1584,0.0842,0.0633,1.33,0.4987,0.428,0.0708,L2
全样本,中枢进机会区 + 中枢底部蓄力,6297,0.2809,0.2921,0.962,0.4185,0.428,-0.0095,L2
全样本,中枢进机会区 + 中枢底部回升,8647,0.4279,0.3697,1.157,0.4641,0.428,0.0361,L2
全样本,中枢进机会区 + 大盘多头,2558,0.081,0.1434,0.565,0.2971,0.428,-0.1309,L2
全样本,中枢进机会区 + 大盘空头,4023,0.1994,0.1717,1.161,0.4648,0.428,0.0369,L2
全样本,中枢进机会区 + 大盘安全,3885,0.1327,0.2106,0.63,0.3205,0.428,-0.1075,L2
全样本,中枢进机会区 + SID等于1,2558,0.081,0.1434,0.565,0.2971,0.428,-0.1309,L2
全样本,中枢进机会区 + SID等于2,5992,0.2889,0.2618,1.104,0.4523,0.428,0.0243,L2
全样本,中枢进机会区 + SID小于等于2,6634,0.3069,0.2996,1.024,0.4338,0.428,0.0059,L2
全样本,中枢进机会区 + 大盘5日上涨,5616,0.2281,0.2774,0.822,0.3809,0.428,-0.0471,L2
全样本,中枢进机会区 + 相对强弱大于0,3793,0.1838,0.165,1.114,0.4545,0.428,0.0265,L2
全样本,中枢进机会区 + 相对强弱大于5,851,0.0417,0.0367,1.136,0.4595,0.428,0.0315,L2
全样本,中枢进机会区 + 量比>=1.3,1867,0.1129,0.0645,1.752,0.5672,0.428,0.1392,L2
全样本,中枢进机会区 + 量比>=2,334,0.0184,0.0128,1.436,0.518,0.428,0.09,L2
全样本,中枢进机会区 + 距前高<=10%,682,0.0291,0.0326,0.892,0.4003,0.428,-0.0277,L2
全样本,中枢进机会区 + 深跌(距前高>40%),232,0.0113,0.0101,1.124,0.4569,0.428,0.0289,L2
全样本,中枢进机会区 + 距前低<=10%,6655,0.3201,0.2914,1.098,0.4511,0.428,0.0231,L2
全样本,中枢进机会区 + 相对强弱>=0,857,0.0403,0.0382,1.055,0.4411,0.428,0.0131,L2
全样本,中枢进机会区 + 相对强弱>=5,59,0.0025,0.0029,0.854,0.3898,0.428,-0.0381,L2
全样本,中枢极限底 + 中枢上穿中轴,1190,0.064,0.0471,1.359,0.5042,0.428,0.0762,L2
全样本,中枢极限底 + 中枢底部蓄力,9830,0.4573,0.442,1.035,0.4363,0.428,0.0083,L2
全样本,中枢极限底 + 中枢底部回升,11028,0.5442,0.4726,1.152,0.4628,0.428,0.0349,L2
全样本,中枢极限底 + 大盘多头,2320,0.0707,0.1322,0.535,0.2858,0.428,-0.1422,L2
全样本,中枢极限底 + 大盘空头,5734,0.2809,0.2472,1.136,0.4595,0.428,0.0316,L2
全样本,中枢极限底 + 大盘安全,4268,0.1565,0.2234,0.701,0.344,0.428,-0.084,L2
全样本,中枢极限底 + SID等于1,2320,0.0707,0.1322,0.535,0.2858,0.428,-0.1422,L2
全样本,中枢极限底 + SID等于2,7043,0.3503,0.2998,1.168,0.4664,0.428,0.0384,L2
全样本,中枢极限底 + SID小于等于2,7596,0.3637,0.3338,1.089,0.4491,0.428,0.0211,L2
全样本,中枢极限底 + 大盘5日上涨,7042,0.2938,0.3419,0.859,0.3914,0.428,-0.0366,L2
全样本,中枢极限底 + 相对强弱大于0,3907,0.1848,0.1734,1.065,0.4436,0.428,0.0156,L2
全样本,中枢极限底 + 相对强弱大于5,806,0.0376,0.0361,1.042,0.438,0.428,0.01,L2
全样本,中枢极限底 + 量比>=1.3,2501,0.1588,0.0807,1.967,0.5954,0.428,0.1674,L2
全样本,中枢极限底 + 量比>=2,396,0.023,0.0144,1.604,0.5455,0.428,0.1175,L2
全样本,中枢极限底 + 距前高<=10%,423,0.0183,0.02,0.916,0.4066,0.428,-0.0214,L2
全样本,中枢极限底 + 深跌(距前高>40%),627,0.0361,0.023,1.573,0.5407,0.428,0.1127,L2
全样本,中枢极限底 + 距前低<=10%,8723,0.4068,0.3915,1.039,0.4373,0.428,0.0094,L2
全样本,中枢极限底 + 相对强弱>=0,766,0.035,0.0349,1.001,0.4282,0.428,0.0002,L2
全样本,中枢上穿中轴 + 中枢底部蓄力,1498,0.075,0.0634,1.182,0.4693,0.428,0.0413,L2
全样本,中枢上穿中轴 + 中枢底部回升,2444,0.1252,0.1013,1.236,0.4804,0.428,0.0524,L2
全样本,中枢上穿中轴 + 大盘多头,1512,0.0514,0.0822,0.625,0.3188,0.428,-0.1092,L2
全样本,中枢上穿中轴 + 大盘空头,1579,0.0825,0.0642,1.285,0.4902,0.428,0.0622,L2
全样本,中枢上穿中轴 + 大盘安全,2282,0.0895,0.1151,0.777,0.3677,0.428,-0.0603,L2
全样本,中枢上穿中轴 + SID等于1,1512,0.0514,0.0822,0.625,0.3188,0.428,-0.1092,L2
全样本,中枢上穿中轴 + SID等于2,2593,0.1223,0.1153,1.06,0.4423,0.428,0.0144,L2
全样本,中枢上穿中轴 + SID小于等于2,3044,0.1334,0.143,0.933,0.411,0.428,-0.017,L2
全样本,中枢上穿中轴 + 大盘5日上涨,2670,0.1106,0.1303,0.849,0.3884,0.428,-0.0396,L2
全样本,中枢上穿中轴 + 相对强弱大于0,2862,0.1337,0.1283,1.042,0.4382,0.428,0.0102,L2
全样本,中枢上穿中轴 + 相对强弱大于5,1176,0.0561,0.0519,1.082,0.4473,0.428,0.0193,L2
全样本,中枢上穿中轴 + 量比>=1.3,1048,0.0568,0.0411,1.383,0.5086,0.428,0.0806,L2
全样本,中枢上穿中轴 + 量比>=2,268,0.0139,0.011,1.259,0.4851,0.428,0.0571,L2
全样本,中枢上穿中轴 + 距前高<=10%,837,0.0355,0.0402,0.883,0.3978,0.428,-0.0301,L2
全样本,中枢上穿中轴 + 距前低<=10%,2168,0.109,0.0914,1.192,0.4714,0.428,0.0434,L2
全样本,中枢上穿中轴 + 相对强弱>=0,632,0.0301,0.0279,1.077,0.4462,0.428,0.0182,L2
全样本,中枢上穿中轴 + 相对强弱>=5,84,0.0041,0.0037,1.104,0.4524,0.428,0.0244,L2
全样本,中枢底部蓄力 + 中枢底部回升,15565,0.7107,0.7099,1.001,0.4283,0.428,0.0003,L2
全样本,中枢底部蓄力 + 大盘多头,3712,0.1097,0.214,0.513,0.2772,0.428,-0.1508,L2
全样本,中枢底部蓄力 + 大盘空头,8465,0.4145,0.3651,1.135,0.4593,0.428,0.0313,L2
全样本,中枢底部蓄力 + 大盘安全,6691,0.2432,0.3518,0.691,0.3409,0.428,-0.0871,L2
全样本,中枢底部蓄力 + SID等于1,3712,0.1097,0.214,0.513,0.2772,0.428,-0.1508,L2
全样本,中枢底部蓄力 + SID等于2,9578,0.4178,0.4514,0.926,0.4092,0.428,-0.0188,L2
全样本,中枢底部蓄力 + SID小于等于2,10626,0.4438,0.5156,0.861,0.3917,0.428,-0.0363,L2
全样本,中枢底部蓄力 + 大盘5日上涨,10414,0.4289,0.5098,0.841,0.3863,0.428,-0.0417,L2
全样本,中枢底部蓄力 + 相对强弱大于0,5276,0.2389,0.2421,0.987,0.4248,0.428,-0.0032,L2
全样本,中枢底部蓄力 + 相对强弱大于5,1042,0.0474,0.0476,0.996,0.4271,0.428,-0.0009,L2
全样本,中枢底部蓄力 + 量比>=1.3,3321,0.1954,0.1187,1.647,0.5519,0.428,0.124,L2
全样本,中枢底部蓄力 + 量比>=2,554,0.0305,0.0214,1.426,0.5162,0.428,0.0883,L2
全样本,中枢底部蓄力 + 距前高<=10%,509,0.0176,0.0274,0.641,0.3242,0.428,-0.1038,L2
全样本,中枢底部蓄力 + 深跌(距前高>40%),1025,0.0543,0.0412,1.318,0.4966,0.428,0.0686,L2
全样本,中枢底部蓄力 + 距前低<=10%,12707,0.5638,0.5918,0.953,0.4161,0.428,-0.0118,L2
全样本,中枢底部蓄力 + 相对强弱>=0,1013,0.046,0.0464,0.99,0.4255,0.428,-0.0025,L2
全样本,中枢底部回升 + 大盘多头,4460,0.1396,0.2514,0.555,0.2935,0.428,-0.1345,L2
全样本,中枢底部回升 + 大盘空头,9411,0.4628,0.4044,1.144,0.4613,0.428,0.0333,L2
全样本,中枢底部回升 + 大盘安全,7775,0.2898,0.4034,0.718,0.3496,0.428,-0.0784,L2
全样本,中枢底部回升 + SID等于1,4460,0.1396,0.2514,0.555,0.2935,0.428,-0.1345,L2
全样本,中枢底部回升 + SID等于2,11698,0.5498,0.5218,1.054,0.4408,0.428,0.0129,L2
全样本,中枢底部回升 + SID小于等于2,12883,0.5806,0.5933,0.978,0.4227,0.428,-0.0053,L2
全样本,中枢底部回升 + 大盘5日上涨,11807,0.4951,0.5714,0.867,0.3933,0.428,-0.0346,L2
全样本,中枢底部回升 + 相对强弱大于0,6701,0.3129,0.3004,1.042,0.438,0.428,0.01,L2
全样本,中枢底部回升 + 相对强弱大于5,1435,0.068,0.0636,1.07,0.4446,0.428,0.0166,L2
全样本,中枢底部回升 + 量比>=1.3,4042,0.243,0.1406,1.728,0.5638,0.428,0.1359,L2
全样本,中枢底部回升 + 量比>=2,656,0.0364,0.0251,1.447,0.5198,0.428,0.0918,L2
全样本,中枢底部回升 + 距前高<=10%,911,0.0365,0.0454,0.803,0.3754,0.428,-0.0526,L2
全样本,中枢底部回升 + 深跌(距前高>40%),1048,0.0555,0.042,1.321,0.4971,0.428,0.0692,L2
全样本,中枢底部回升 + 距前低<=10%,14385,0.6616,0.6525,1.014,0.4314,0.428,0.0034,L2
全样本,中枢底部回升 + 相对强弱>=0,1376,0.064,0.0619,1.033,0.436,0.428,0.0081,L2
全样本,中枢底部回升 + 相对强弱>=5,88,0.0037,0.0042,0.883,0.3977,0.428,-0.0302,L2
全样本,大盘多头 + 大盘安全,6518,0.2025,0.3685,0.55,0.2913,0.428,-0.1366,L2
全样本,大盘多头 + SID等于1,6518,0.2025,0.3685,0.55,0.2913,0.428,-0.1366,L2
全样本,大盘多头 + SID等于2,4669,0.1563,0.2555,0.612,0.314,0.428,-0.114,L2
全样本,大盘多头 + SID小于等于2,6518,0.2025,0.3685,0.55,0.2913,0.428,-0.1366,L2
全样本,大盘多头 + 大盘5日上涨,6021,0.1868,0.3405,0.549,0.291,0.428,-0.137,L2
全样本,大盘多头 + 相对强弱大于0,1990,0.0632,0.1114,0.567,0.298,0.428,-0.13,L2
全样本,大盘多头 + 相对强弱大于5,409,0.0149,0.0215,0.696,0.3423,0.428,-0.0857,L2
全样本,大盘多头 + 量比>=1.3,823,0.0285,0.0444,0.642,0.3244,0.428,-0.1035,L2
全样本,大盘多头 + 量比>=2,174,0.0059,0.0095,0.618,0.3161,0.428,-0.1119,L2
全样本,大盘多头 + 距前高<=10%,935,0.0304,0.0519,0.586,0.3048,0.428,-0.1232,L2
全样本,大盘多头 + 深跌(距前高>40%),148,0.0059,0.0074,0.79,0.3716,0.428,-0.0564,L2
全样本,大盘多头 + 距前低<=10%,3489,0.1048,0.1999,0.524,0.2817,0.428,-0.1462,L2
全样本,大盘多头 + 相对强弱>=0,272,0.009,0.015,0.597,0.3088,0.428,-0.1191,L2
全样本,大盘空头 + 大盘安全,3283,0.154,0.1467,1.05,0.4398,0.428,0.0119,L2
全样本,大盘空头 + SID等于2,4138,0.1762,0.1982,0.889,0.3995,0.428,-0.0285,L2
全样本,大盘空头 + SID小于等于2,4138,0.1762,0.1982,0.889,0.3995,0.428,-0.0285,L2
全样本,大盘空头 + 大盘5日上涨,6937,0.3451,0.2951,1.169,0.4666,0.428,0.0387,L2
全样本,大盘空头 + 相对强弱大于0,4789,0.231,0.2092,1.105,0.4525,0.428,0.0245,L2
全样本,大盘空头 + 相对强弱大于5,1017,0.0458,0.0468,0.979,0.4228,0.428,-0.0052,L2
全样本,大盘空头 + 量比>=1.3,2030,0.1098,0.0798,1.377,0.5074,0.428,0.0794,L2
全样本,大盘空头 + 量比>=2,300,0.016,0.012,1.337,0.5,0.428,0.072,L2
全样本,大盘空头 + 距前高<=10%,652,0.0277,0.0313,0.887,0.3988,0.428,-0.0292,L2
全样本,大盘空头 + 深跌(距前高>40%),698,0.04,0.0258,1.552,0.5372,0.428,0.1093,L2
全样本,大盘空头 + 距前低<=10%,8782,0.4337,0.376,1.153,0.4632,0.428,0.0352,L2
全样本,大盘空头 + 相对强弱>=0,1166,0.0544,0.0523,1.039,0.4374,0.428,0.0094,L2
全样本,大盘空头 + 相对强弱>=5,68,0.0026,0.0035,0.729,0.3529,0.428,-0.075,L2
全样本,大盘安全 + SID等于1,6518,0.2025,0.3685,0.55,0.2913,0.428,-0.1366,L2
全样本,大盘安全 + SID等于2,8355,0.3216,0.4259,0.755,0.361,0.428,-0.067,L2
全样本,大盘安全 + SID小于等于2,10204,0.3677,0.5388,0.682,0.338,0.428,-0.09,L2
全样本,大盘安全 + 大盘5日上涨,9703,0.3521,0.5106,0.689,0.3403,0.428,-0.0877,L2
全样本,大盘安全 + 相对强弱大于0,3167,0.1095,0.1707,0.641,0.3243,0.428,-0.1037,L2
全样本,大盘安全 + 相对强弱大于5,651,0.0255,0.0329,0.775,0.3671,0.428,-0.0608,L2
全样本,大盘安全 + 量比>=1.3,1728,0.0824,0.0762,1.082,0.4473,0.428,0.0194,L2
全样本,大盘安全 + 量比>=2,305,0.0135,0.0142,0.954,0.4164,0.428,-0.0116,L2
全样本,大盘安全 + 距前高<=10%,1199,0.0405,0.0653,0.62,0.3169,0.428,-0.111,L2
全样本,大盘安全 + 深跌(距前高>40%),579,0.0369,0.0186,1.985,0.5976,0.428,0.1696,L2
全样本,大盘安全 + 距前低<=10%,6332,0.2265,0.3357,0.675,0.3354,0.428,-0.0925,L2
全样本,大盘安全 + 相对强弱>=0,491,0.0181,0.0256,0.708,0.3462,0.428,-0.0817,L2
全样本,SID等于1 + SID等于2,4669,0.1563,0.2555,0.612,0.314,0.428,-0.114,L2
全样本,SID等于1 + SID小于等于2,6518,0.2025,0.3685,0.55,0.2913,0.428,-0.1366,L2
全样本,SID等于1 + 大盘5日上涨,6021,0.1868,0.3405,0.549,0.291,0.428,-0.137,L2
全样本,SID等于1 + 相对强弱大于0,1990,0.0632,0.1114,0.567,0.298,0.428,-0.13,L2
全样本,SID等于1 + 相对强弱大于5,409,0.0149,0.0215,0.696,0.3423,0.428,-0.0857,L2
全样本,SID等于1 + 量比>=1.3,823,0.0285,0.0444,0.642,0.3244,0.428,-0.1035,L2
全样本,SID等于1 + 量比>=2,174,0.0059,0.0095,0.618,0.3161,0.428,-0.1119,L2
全样本,SID等于1 + 距前高<=10%,935,0.0304,0.0519,0.586,0.3048,0.428,-0.1232,L2
全样本,SID等于1 + 深跌(距前高>40%),148,0.0059,0.0074,0.79,0.3716,0.428,-0.0564,L2
全样本,SID等于1 + 距前低<=10%,3489,0.1048,0.1999,0.524,0.2817,0.428,-0.1462,L2
全样本,SID等于1 + 相对强弱>=0,272,0.009,0.015,0.597,0.3088,0.428,-0.1191,L2
全样本,SID等于2 + SID小于等于2,14028,0.6348,0.6441,0.986,0.4244,0.428,-0.0035,L2
全样本,SID等于2 + 大盘5日上涨,9041,0.3488,0.4603,0.758,0.3618,0.428,-0.0662,L2
全样本,SID等于2 + 相对强弱大于0,4700,0.1921,0.2312,0.831,0.3834,0.428,-0.0446,L2
全样本,SID等于2 + 相对强弱大于5,1119,0.051,0.0511,0.997,0.4272,0.428,-0.0008,L2
全样本,SID等于2 + 量比>=1.3,3243,0.2017,0.1078,1.872,0.5834,0.428,0.1554,L2
全样本,SID等于2 + 量比>=2,551,0.0312,0.0206,1.518,0.5318,0.428,0.1038,L2
全样本,SID等于2 + 距前高<=10%,1195,0.0476,0.0597,0.796,0.3732,0.428,-0.0547,L2
全样本,SID等于2 + 深跌(距前高>40%),776,0.0462,0.0274,1.687,0.558,0.428,0.13,L2
全样本,SID等于2 + 距前低<=10%,8795,0.3734,0.4222,0.884,0.3982,0.428,-0.0298,L2
全样本,SID等于2 + 相对强弱>=0,1001,0.0412,0.0491,0.839,0.3856,0.428,-0.0424,L2
全样本,SID等于2 + 相对强弱>=5,99,0.0044,0.0046,0.945,0.4141,0.428,-0.0138,L2
全样本,SID小于等于2 + 大盘5日上涨,10854,0.3944,0.5708,0.691,0.3408,0.428,-0.0872,L2
全样本,SID小于等于2 + 相对强弱大于0,5157,0.2031,0.2594,0.783,0.3694,0.428,-0.0586,L2
全样本,SID小于等于2 + 相对强弱大于5,1226,0.0537,0.0576,0.933,0.4111,0.428,-0.0169,L2
全样本,SID小于等于2 + 量比>=1.3,3505,0.209,0.1232,1.696,0.5592,0.428,0.1312,L2
全样本,SID小于等于2 + 量比>=2,610,0.0332,0.0239,1.39,0.5098,0.428,0.0819,L2
全样本,SID小于等于2 + 距前高<=10%,1507,0.0553,0.0788,0.702,0.3444,0.428,-0.0836,L2
全样本,SID小于等于2 + 深跌(距前高>40%),830,0.0479,0.0304,1.575,0.541,0.428,0.113,L2
全样本,SID小于等于2 + 距前低<=10%,9803,0.4008,0.4821,0.831,0.3835,0.428,-0.0445,L2
全样本,SID小于等于2 + 相对强弱>=0,1043,0.0421,0.0517,0.815,0.3787,0.428,-0.0493,L2
全样本,SID小于等于2 + 相对强弱>=5,109,0.0047,0.0052,0.905,0.4037,0.428,-0.0243,L2
全样本,大盘5日上涨 + 相对强弱大于0,5254,0.2203,0.2543,0.866,0.3932,0.428,-0.0347,L2
全样本,大盘5日上涨 + 相对强弱大于5,1052,0.0446,0.0506,0.881,0.3973,0.428,-0.0306,L2
全样本,大盘5日上涨 + 量比>=1.3,2438,0.1203,0.1045,1.151,0.4627,0.428,0.0347,L2
全样本,大盘5日上涨 + 量比>=2,424,0.019,0.0196,0.967,0.4198,0.428,-0.0082,L2
全样本,大盘5日上涨 + 距前高<=10%,1423,0.0518,0.0747,0.693,0.3415,0.428,-0.0864,L2
全样本,大盘5日上涨 + 深跌(距前高>40%),741,0.0414,0.0282,1.469,0.5236,0.428,0.0956,L2
全样本,大盘5日上涨 + 距前低<=10%,10138,0.4263,0.4898,0.87,0.3944,0.428,-0.0336,L2
全样本,大盘5日上涨 + 相对强弱>=0,980,0.0429,0.0461,0.93,0.4102,0.428,-0.0178,L2
全样本,大盘5日上涨 + 相对强弱>=5,67,0.0027,0.0034,0.796,0.3731,0.428,-0.0548,L2
全样本,相对强弱大于0 + 相对强弱大于5,1908,0.0868,0.0873,0.995,0.4266,0.428,-0.0013,L2
全样本,相对强弱大于0 + 量比>=1.3,1908,0.0927,0.0829,1.118,0.4555,0.428,0.0275,L2
全样本,相对强弱大于0 + 量比>=2,433,0.0218,0.0183,1.191,0.4711,0.428,0.0432,L2
全样本,相对强弱大于0 + 距前高<=10%,1089,0.0452,0.053,0.852,0.3893,0.428,-0.0386,L2
全样本,相对强弱大于0 + 深跌(距前高>40%),195,0.0067,0.0105,0.638,0.3231,0.428,-0.1049,L2
全样本,相对强弱大于0 + 距前低<=10%,6060,0.2892,0.2671,1.083,0.4475,0.428,0.0196,L2
全样本,相对强弱大于0 + 相对强弱>=0,1871,0.0844,0.0861,0.981,0.4233,0.428,-0.0047,L2
全样本,相对强弱大于0 + 相对强弱>=5,149,0.0066,0.0069,0.953,0.4161,0.428,-0.0119,L2
全样本,相对强弱大于5 + 量比>=1.3,614,0.0306,0.0261,1.173,0.4674,0.428,0.0395,L2
全样本,相对强弱大于5 + 量比>=2,201,0.0113,0.0076,1.491,0.5274,0.428,0.0994,L2
全样本,相对强弱大于5 + 距前高<=10%,218,0.0095,0.0103,0.922,0.4083,0.428,-0.0197,L2
全样本,相对强弱大于5 + 深跌(距前高>40%),60,0.0022,0.0031,0.72,0.35,0.428,-0.078,L2
全样本,相对强弱大于5 + 距前低<=10%,1172,0.0568,0.051,1.115,0.4548,0.428,0.0268,L2
全样本,相对强弱大于5 + 相对强弱>=0,639,0.0287,0.0295,0.972,0.421,0.428,-0.007,L2
全样本,相对强弱大于5 + 相对强弱>=5,149,0.0066,0.0069,0.953,0.4161,0.428,-0.0119,L2
全样本,量比>=1.3 + 量比>=2,784,0.0422,0.031,1.364,0.5051,0.428,0.0771,L2
全样本,量比>=1.3 + 距前高<=10%,383,0.017,0.0179,0.949,0.4151,0.428,-0.0128,L2
全样本,量比>=1.3 + 深跌(距前高>40%),348,0.0262,0.0081,3.224,0.7069,0.428,0.2789,L2
全样本,量比>=1.3 + 距前低<=10%,2935,0.1567,0.1169,1.341,0.5009,0.428,0.0729,L2
全样本,量比>=1.3 + 相对强弱>=0,610,0.0279,0.0278,1.006,0.4295,0.428,0.0015,L2
全样本,量比>=1.3 + 相对强弱>=5,88,0.0039,0.0041,0.97,0.4205,0.428,-0.0075,L2
全样本,量比>=2 + 距前高<=10%,101,0.0047,0.0045,1.032,0.4356,0.428,0.0077,L2
全样本,量比>=2 + 深跌(距前高>40%),55,0.0038,0.0015,2.533,0.6545,0.428,0.2266,L2
全样本,量比>=2 + 距前低<=10%,446,0.0229,0.0184,1.244,0.4821,0.428,0.0541,L2
全样本,量比>=2 + 相对强弱>=0,217,0.0104,0.0095,1.101,0.4516,0.428,0.0236,L2
全样本,距前高<=10% + 距前低<=10%,1074,0.043,0.0535,0.803,0.3752,0.428,-0.0527,L2
全样本,距前高<=10% + 相对强弱>=0,467,0.0206,0.0219,0.941,0.4133,0.428,-0.0147,L2
全样本,深跌(距前高>40%) + 距前低<=10%,653,0.031,0.0289,1.074,0.4456,0.428,0.0177,L2
全样本,距前低<=10% + 相对强弱>=0,1324,0.0627,0.0587,1.068,0.4441,0.428,0.0161,L2
全样本,相对强弱>=0 + 相对强弱>=5,149,0.0066,0.0069,0.953,0.4161,0.428,-0.0119,L2
全样本,极限抄底 + 量比>=1.3 + 火箭信号,69,0.0052,0.0016,3.275,0.7101,0.428,0.2822,L3
全样本,极限抄底 + 量比>=1.3 + 量能金叉,243,0.0203,0.0042,4.792,0.7819,0.428,0.3539,L3
全样本,极限抄底 + 量比>=1.3 + 量比>=2,112,0.0082,0.0028,2.941,0.6875,0.428,0.2595,L3
全样本,极限抄底 + 量比>=1.3 + 深跌(距前高>40%),170,0.0145,0.0027,5.346,0.8,0.428,0.372,L3
全样本,极限抄底 + 量比>=1.3 + 量比大于2,372,0.0316,0.0061,5.206,0.7957,0.428,0.3677,L3
全样本,极限抄底 + 量比>=1.3 + 量能递增,496,0.041,0.0089,4.636,0.7762,0.428,0.3482,L3
全样本,极限抄底 + 量比>=1.3 + 中枢极限底,407,0.0352,0.0061,5.728,0.8108,0.428,0.3828,L3
全样本,极限抄底 + 量比>=1.3 + 价涨量增,514,0.0426,0.0091,4.69,0.7782,0.428,0.3502,L3
全样本,极限抄底 + 量比>=1.3 + 中枢进机会区,186,0.0152,0.0034,4.445,0.7688,0.428,0.3408,L3
全样本,极限抄底 + 量比>=1.3 + KDJ低位金叉,538,0.0454,0.0089,5.084,0.7918,0.428,0.3638,L3
全样本,极限抄底 + 量比>=1.3 + 放量,574,0.0474,0.0103,4.611,0.7753,0.428,0.3473,L3
全样本,极限抄底 + 量比>=1.3 + 大盘空头,185,0.0145,0.0039,3.71,0.7351,0.428,0.3072,L3
全样本,极限抄底 + 量比>=1.3 + 量比大于1_3,621,0.0514,0.0111,4.635,0.7762,0.428,0.3482,L3
全样本,极限抄底 + 量比>=1.3 + BOLL触下轨反弹,399,0.0321,0.0078,4.105,0.7544,0.428,0.3264,L3
全样本,极限抄底 + 火箭信号 + 量能金叉,51,0.0038,0.0012,3.208,0.7059,0.428,0.2779,L3
全样本,极限抄底 + 火箭信号 + 深跌(距前高>40%),60,0.0042,0.0017,2.482,0.65,0.428,0.222,L3
全样本,极限抄底 + 火箭信号 + 量比大于2,66,0.0046,0.0018,2.499,0.6515,0.428,0.2235,L3
全样本,极限抄底 + 火箭信号 + 量能递增,113,0.0084,0.0027,3.106,0.6991,0.428,0.2711,L3
全样本,极限抄底 + 火箭信号 + 中枢极限底,97,0.0074,0.0022,3.294,0.7113,0.428,0.2834,L3
全样本,极限抄底 + 火箭信号 + 价涨量增,109,0.0083,0.0025,3.363,0.7156,0.428,0.2876,L3
全样本,极限抄底 + 火箭信号 + KDJ低位金叉,100,0.0075,0.0024,3.119,0.7,0.428,0.272,L3
全样本,极限抄底 + 火箭信号 + 放量,120,0.0088,0.003,2.998,0.6917,0.428,0.2637,L3
全样本,极限抄底 + 火箭信号 + 大盘空头,78,0.0058,0.0019,3.007,0.6923,0.428,0.2643,L3
全样本,极限抄底 + 火箭信号 + 量比大于1_3,118,0.0086,0.003,2.926,0.6864,0.428,0.2585,L3
全样本,极限抄底 + 火箭信号 + BOLL触下轨反弹,83,0.006,0.0022,2.772,0.6747,0.428,0.2467,L3
全样本,极限抄底 + 量能金叉 + 量比>=2,62,0.0046,0.0015,3.025,0.6935,0.428,0.2656,L3
全样本,极限抄底 + 量能金叉 + 深跌(距前高>40%),108,0.0092,0.0018,5.225,0.7963,0.428,0.3683,L3
全样本,极限抄底 + 量能金叉 + 量比大于2,259,0.0204,0.0054,3.754,0.7375,0.428,0.3095,L3
全样本,极限抄底 + 量能金叉 + 量能递增,360,0.0279,0.0078,3.573,0.7278,0.428,0.2998,L3
全样本,极限抄底 + 量能金叉 + 中枢极限底,273,0.0227,0.0048,4.745,0.7802,0.428,0.3522,L3
全样本,极限抄底 + 量能金叉 + 价涨量增,337,0.0268,0.0069,3.901,0.7448,0.428,0.3168,L3
全样本,极限抄底 + 量能金叉 + 中枢进机会区,148,0.0127,0.0023,5.485,0.8041,0.428,0.3761,L3
全样本,极限抄底 + 量能金叉 + KDJ低位金叉,317,0.0254,0.0063,4.027,0.7508,0.428,0.3228,L3
全样本,极限抄底 + 量能金叉 + 放量,398,0.031,0.0085,3.635,0.7312,0.428,0.3032,L3
全样本,极限抄底 + 量能金叉 + 大盘空头,167,0.0122,0.0042,2.875,0.6826,0.428,0.2547,L3
全样本,极限抄底 + 量能金叉 + 量比大于1_3,401,0.0316,0.0084,3.768,0.7382,0.428,0.3102,L3
全样本,极限抄底 + 量能金叉 + BOLL触下轨反弹,225,0.017,0.0053,3.22,0.7067,0.428,0.2787,L3
全样本,极限抄底 + 量比>=2 + 量比大于2,112,0.0082,0.0028,2.941,0.6875,0.428,0.2595,L3
全样本,极限抄底 + 量比>=2 + 量能递增,98,0.0076,0.0022,3.515,0.7245,0.428,0.2965,L3
全样本,极限抄底 + 量比>=2 + 中枢极限底,59,0.0048,0.0011,4.296,0.7627,0.428,0.3347,L3
全样本,极限抄底 + 量比>=2 + 价涨量增,106,0.0079,0.0026,3.091,0.6981,0.428,0.2701,L3
全样本,极限抄底 + 量比>=2 + KDJ低位金叉,86,0.0068,0.0018,3.888,0.7442,0.428,0.3162,L3
全样本,极限抄底 + 量比>=2 + 放量,111,0.0082,0.0027,3.027,0.6937,0.428,0.2657,L3
全样本,极限抄底 + 量比>=2 + 量比大于1_3,112,0.0082,0.0028,2.941,0.6875,0.428,0.2595,L3
全样本,极限抄底 + 量比>=2 + BOLL触下轨反弹,70,0.0051,0.0018,2.916,0.6857,0.428,0.2577,L3
全样本,极限抄底 + 深跌(距前高>40%) + 量比大于2,123,0.0095,0.0027,3.499,0.7236,0.428,0.2956,L3
全样本,极限抄底 + 深跌(距前高>40%) + 量能递增,257,0.0206,0.0051,4.031,0.751,0.428,0.323,L3
全样本,极限抄底 + 深跌(距前高>40%) + 中枢极限底,212,0.017,0.0042,4.01,0.75,0.428,0.322,L3
全样本,极限抄底 + 深跌(距前高>40%) + 价涨量增,257,0.0199,0.0056,3.571,0.7276,0.428,0.2997,L3
全样本,极限抄底 + 深跌(距前高>40%) + 中枢进机会区,55,0.0037,0.0016,2.339,0.6364,0.428,0.2084,L3
全样本,极限抄底 + 深跌(距前高>40%) + KDJ低位金叉,285,0.0219,0.0064,3.425,0.7193,0.428,0.2913,L3
全样本,极限抄底 + 深跌(距前高>40%) + 放量,278,0.0214,0.0061,3.489,0.723,0.428,0.295,L3
全样本,极限抄底 + 深跌(距前高>40%) + 大盘空头,218,0.0172,0.0045,3.775,0.7385,0.428,0.3106,L3
全样本,极限抄底 + 深跌(距前高>40%) + 量比大于1_3,273,0.0214,0.0057,3.731,0.7363,0.428,0.3083,L3
全样本,极限抄底 + 深跌(距前高>40%) + BOLL触下轨反弹,234,0.0177,0.0054,3.263,0.7094,0.428,0.2814,L3
全样本,极限抄底 + 量比大于2 + 量能递增,463,0.0365,0.0097,3.778,0.7387,0.428,0.3107,L3
全样本,极限抄底 + 量比大于2 + 中枢极限底,341,0.0279,0.0063,4.433,0.7683,0.428,0.3404,L3
全样本,极限抄底 + 量比大于2 + 价涨量增,459,0.0363,0.0095,3.819,0.7407,0.428,0.3128,L3
全样本,极限抄底 + 量比大于2 + 中枢进机会区,170,0.0138,0.0033,4.205,0.7588,0.428,0.3309,L3
全样本,极限抄底 + 量比大于2 + KDJ低位金叉,433,0.035,0.0084,4.175,0.7575,0.428,0.3295,L3
全样本,极限抄底 + 量比大于2 + 放量,529,0.0412,0.0114,3.608,0.7297,0.428,0.3017,L3
全样本,极限抄底 + 量比大于2 + 大盘空头,160,0.0116,0.0041,2.857,0.6813,0.428,0.2533,L3
全样本,极限抄底 + 量比大于2 + 量比大于1_3,543,0.0422,0.0117,3.601,0.7293,0.428,0.3013,L3
全样本,极限抄底 + 量比大于2 + BOLL触下轨反弹,310,0.0227,0.0077,2.935,0.6871,0.428,0.2591,L3
全样本,极限抄底 + 量能递增 + 中枢极限底,610,0.0472,0.0133,3.546,0.7262,0.428,0.2983,L3
全样本,极限抄底 + 量能递增 + 价涨量增,762,0.0587,0.0168,3.49,0.7231,0.428,0.2951,L3
全样本,极限抄底 + 量能递增 + 中枢进机会区,266,0.0214,0.0052,4.133,0.7556,0.428,0.3277,L3
全样本,极限抄底 + 量能递增 + KDJ低位金叉,731,0.0557,0.0167,3.338,0.7141,0.428,0.2861,L3
全样本,极限抄底 + 量能递增 + 放量,898,0.0671,0.0215,3.125,0.7004,0.428,0.2725,L3
全样本,极限抄底 + 量能递增 + 大盘空头,397,0.0274,0.0112,2.454,0.6474,0.428,0.2194,L3
全样本,极限抄底 + 量能递增 + 量比大于1_3,833,0.0628,0.0195,3.226,0.7071,0.428,0.2791,L3
全样本,极限抄底 + 量能递增 + BOLL触下轨反弹,557,0.0398,0.0147,2.71,0.6697,0.428,0.2417,L3
全样本,极限抄底 + 中枢极限底 + 价涨量增,588,0.0461,0.0124,3.701,0.7347,0.428,0.3067,L3
全样本,极限抄底 + 中枢极限底 + 中枢进机会区,340,0.0269,0.007,3.828,0.7412,0.428,0.3132,L3
全样本,极限抄底 + 中枢极限底 + KDJ低位金叉,744,0.0546,0.0185,2.95,0.6882,0.428,0.2602,L3
全样本,极限抄底 + 中枢极限底 + 放量,740,0.0568,0.0165,3.442,0.7203,0.428,0.2923,L3
全样本,极限抄底 + 中枢极限底 + 大盘空头,416,0.0258,0.0139,1.859,0.5817,0.428,0.1538,L3
全样本,极限抄底 + 中枢极限底 + 量比大于1_3,754,0.0567,0.0177,3.203,0.7056,0.428,0.2776,L3
全样本,极限抄底 + 中枢极限底 + BOLL触下轨反弹,527,0.0374,0.014,2.666,0.666,0.428,0.2381,L3
全样本,极限抄底 + 价涨量增 + 中枢进机会区,249,0.0203,0.0047,4.304,0.7631,0.428,0.3351,L3
全样本,极限抄底 + 价涨量增 + KDJ低位金叉,758,0.0581,0.017,3.42,0.719,0.428,0.291,L3
全样本,极限抄底 + 价涨量增 + 放量,911,0.0679,0.0219,3.107,0.6992,0.428,0.2713,L3
全样本,极限抄底 + 价涨量增 + 大盘空头,393,0.0283,0.0102,2.767,0.6743,0.428,0.2463,L3
全样本,极限抄底 + 价涨量增 + 量比大于1_3,855,0.0642,0.0202,3.18,0.7041,0.428,0.2761,L3
全样本,极限抄底 + 价涨量增 + BOLL触下轨反弹,557,0.0417,0.0132,3.148,0.702,0.428,0.274,L3
全样本,极限抄底 + 中枢进机会区 + KDJ低位金叉,279,0.0219,0.0059,3.703,0.7348,0.428,0.3068,L3
全样本,极限抄底 + 中枢进机会区 + 放量,339,0.0277,0.0063,4.399,0.767,0.428,0.339,L3
全样本,极限抄底 + 中枢进机会区 + 大盘空头,106,0.0066,0.0035,1.883,0.5849,0.428,0.1569,L3
全样本,极限抄底 + 中枢进机会区 + 量比大于1_3,344,0.0274,0.0069,3.948,0.7471,0.428,0.3191,L3
全样本,极限抄底 + 中枢进机会区 + BOLL触下轨反弹,204,0.0134,0.0062,2.159,0.6176,0.428,0.1897,L3
全样本,极限抄底 + KDJ低位金叉 + 放量,899,0.0678,0.021,3.232,0.7075,0.428,0.2795,L3
全样本,极限抄底 + KDJ低位金叉 + 大盘空头,511,0.0318,0.017,1.87,0.5832,0.428,0.1552,L3
全样本,极限抄底 + KDJ低位金叉 + 量比大于1_3,952,0.0705,0.0232,3.036,0.6943,0.428,0.2664,L3
全样本,极限抄底 + KDJ低位金叉 + BOLL触下轨反弹,723,0.0494,0.0207,2.38,0.6404,0.428,0.2124,L3
全样本,极限抄底 + 放量 + 大盘空头,457,0.0313,0.013,2.411,0.6433,0.428,0.2154,L3
全样本,极限抄底 + 放量 + 量比大于1_3,1034,0.0767,0.0251,3.051,0.6954,0.428,0.2674,L3
全样本,极限抄底 + 放量 + BOLL触下轨反弹,661,0.0476,0.0172,2.773,0.6747,0.428,0.2468,L3
全样本,极限抄底 + 大盘空头 + 量比大于1_3,444,0.0293,0.0135,2.175,0.6194,0.428,0.1914,L3
全样本,极限抄底 + 大盘空头 + BOLL触下轨反弹,377,0.0255,0.011,2.315,0.634,0.428,0.206,L3
全样本,极限抄底 + 量比大于1_3 + BOLL触下轨反弹,678,0.0488,0.0175,2.783,0.6755,0.428,0.2475,L3
全样本,二连板 + 量比>=1.3 + 火箭信号,57,0.0033,0.0021,1.594,0.5439,0.428,0.1159,L3
全样本,二连板 + 量比>=1.3 + 量能递增,56,0.0032,0.0021,1.542,0.5357,0.428,0.1077,L3
全样本,二连板 + 量比>=1.3 + 价涨量增,56,0.0032,0.0021,1.542,0.5357,0.428,0.1077,L3
全样本,二连板 + 量比>=1.3 + 放量,57,0.0033,0.0021,1.594,0.5439,0.428,0.1159,L3
全样本,二连板 + 量比>=1.3 + 量比大于1_3,57,0.0033,0.0021,1.594,0.5439,0.428,0.1159,L3
全样本,二连板 + 火箭信号 + 量能金叉,69,0.0045,0.0022,2.079,0.6087,0.428,0.1807,L3
全样本,二连板 + 火箭信号 + 量比大于2,84,0.0048,0.0031,1.542,0.5357,0.428,0.1077,L3
全样本,二连板 + 火箭信号 + 量能递增,108,0.0064,0.0038,1.671,0.5556,0.428,0.1276,L3
全样本,二连板 + 火箭信号 + 中枢极限底,66,0.0039,0.0023,1.705,0.5606,0.428,0.1326,L3
全样本,二连板 + 火箭信号 + 价涨量增,108,0.0063,0.0039,1.609,0.5463,0.428,0.1183,L3
全样本,二连板 + 火箭信号 + 放量,112,0.0067,0.0039,1.718,0.5625,0.428,0.1345,L3
全样本,二连板 + 火箭信号 + 大盘空头,67,0.0041,0.0023,1.751,0.5672,0.428,0.1392,L3
全样本,二连板 + 火箭信号 + 量比大于1_3,107,0.0065,0.0037,1.772,0.5701,0.428,0.1421,L3
全样本,二连板 + 火箭信号 + BOLL触下轨反弹,79,0.0051,0.0025,2.07,0.6076,0.428,0.1796,L3
全样本,二连板 + 量能金叉 + 量比大于2,61,0.0037,0.0021,1.799,0.5738,0.428,0.1458,L3
全样本,二连板 + 量能金叉 + 量能递增,68,0.0044,0.0022,2.03,0.6029,0.428,0.175,L3
全样本,二连板 + 量能金叉 + 价涨量增,68,0.0044,0.0022,2.03,0.6029,0.428,0.175,L3
全样本,二连板 + 量能金叉 + 放量,69,0.0045,0.0022,2.079,0.6087,0.428,0.1807,L3
全样本,二连板 + 量能金叉 + 量比大于1_3,69,0.0045,0.0022,2.079,0.6087,0.428,0.1807,L3
全样本,二连板 + 量能金叉 + BOLL触下轨反弹,51,0.0033,0.0016,2.072,0.6078,0.428,0.1799,L3
全样本,二连板 + 量比大于2 + 量能递增,81,0.0046,0.003,1.512,0.5309,0.428,0.1029,L3
全样本,二连板 + 量比大于2 + 中枢极限底,51,0.0029,0.0019,1.504,0.5294,0.428,0.1014,L3
全样本,二连板 + 量比大于2 + 价涨量增,82,0.0046,0.0031,1.474,0.5244,0.428,0.0964,L3
全样本,二连板 + 量比大于2 + 放量,84,0.0048,0.0031,1.542,0.5357,0.428,0.1077,L3
全样本,二连板 + 量比大于2 + 量比大于1_3,84,0.0048,0.0031,1.542,0.5357,0.428,0.1077,L3
全样本,二连板 + 量比大于2 + BOLL触下轨反弹,58,0.0034,0.0021,1.645,0.5517,0.428,0.1238,L3
全样本,二连板 + 量能递增 + 中枢极限底,63,0.0037,0.0022,1.671,0.5556,0.428,0.1276,L3
全样本,二连板 + 量能递增 + 价涨量增,104,0.006,0.0038,1.559,0.5385,0.428,0.1105,L3
全样本,二连板 + 量能递增 + 放量,108,0.0064,0.0038,1.671,0.5556,0.428,0.1276,L3
全样本,二连板 + 量能递增 + 大盘空头,64,0.0037,0.0023,1.613,0.5469,0.428,0.1189,L3
全样本,二连板 + 量能递增 + 量比大于1_3,103,0.0062,0.0036,1.723,0.5631,0.428,0.1351,L3
全样本,二连板 + 量能递增 + BOLL触下轨反弹,75,0.0048,0.0024,2.005,0.6,0.428,0.172,L3
全样本,二连板 + 中枢极限底 + 价涨量增,62,0.0035,0.0023,1.521,0.5323,0.428,0.1043,L3
全样本,二连板 + 中枢极限底 + 放量,65,0.0038,0.0023,1.659,0.5538,0.428,0.1259,L3
全样本,二连板 + 中枢极限底 + 量比大于1_3,61,0.0036,0.0022,1.683,0.5574,0.428,0.1294,L3
全样本,二连板 + 价涨量增 + 放量,108,0.0063,0.0039,1.609,0.5463,0.428,0.1183,L3
全样本,二连板 + 价涨量增 + 大盘空头,63,0.0036,0.0023,1.567,0.5397,0.428,0.1117,L3
全样本,二连板 + 价涨量增 + 量比大于1_3,104,0.0062,0.0037,1.685,0.5577,0.428,0.1297,L3
全样本,二连板 + 价涨量增 + BOLL触下轨反弹,75,0.0047,0.0025,1.897,0.5867,0.428,0.1587,L3
全样本,二连板 + 放量 + 大盘空头,66,0.0039,0.0023,1.705,0.5606,0.428,0.1326,L3
全样本,二连板 + 放量 + 量比大于1_3,107,0.0065,0.0037,1.772,0.5701,0.428,0.1421,L3
全样本,二连板 + 放量 + BOLL触下轨反弹,78,0.005,0.0025,2.026,0.6026,0.428,0.1746,L3
全样本,二连板 + 大盘空头 + 量比大于1_3,62,0.0038,0.0021,1.851,0.5806,0.428,0.1527,L3
全样本,二连板 + 量比大于1_3 + BOLL触下轨反弹,76,0.0048,0.0025,1.94,0.5921,0.428,0.1641,L3
全样本,量比>=1.3 + 火箭信号 + 量能金叉,289,0.0184,0.0093,1.993,0.5986,0.428,0.1706,L3
全样本,量比>=1.3 + 火箭信号 + 量比>=2,138,0.0084,0.0047,1.79,0.5725,0.428,0.1445,L3
全样本,量比>=1.3 + 火箭信号 + 深跌(距前高>40%),72,0.0054,0.0017,3.246,0.7083,0.428,0.2804,L3
全样本,量比>=1.3 + 火箭信号 + 量比大于2,352,0.0215,0.012,1.8,0.5739,0.428,0.1459,L3
全样本,量比>=1.3 + 火箭信号 + 量能递增,457,0.0301,0.014,2.154,0.6171,0.428,0.1891,L3
全样本,量比>=1.3 + 火箭信号 + 中枢极限底,293,0.0203,0.0082,2.466,0.6485,0.428,0.2205,L3
全样本,量比>=1.3 + 火箭信号 + 价涨量增,477,0.0309,0.0149,2.073,0.608,0.428,0.18,L3
全样本,量比>=1.3 + 火箭信号 + 中枢进机会区,180,0.0115,0.0057,2.005,0.6,0.428,0.172,L3
全样本,量比>=1.3 + 火箭信号 + KDJ低位金叉,237,0.0165,0.0065,2.527,0.654,0.428,0.226,L3
全样本,量比>=1.3 + 火箭信号 + 放量,488,0.0317,0.0152,2.078,0.6086,0.428,0.1806,L3
全样本,量比>=1.3 + 火箭信号 + 大盘空头,247,0.0162,0.0076,2.139,0.6154,0.428,0.1874,L3
全样本,量比>=1.3 + 火箭信号 + 量比大于1_3,496,0.0322,0.0155,2.081,0.6089,0.428,0.1809,L3
全样本,量比>=1.3 + 火箭信号 + BOLL触下轨反弹,372,0.0254,0.0107,2.374,0.6398,0.428,0.2118,L3
全样本,量比>=1.3 + 量能金叉 + 量比>=2,461,0.0256,0.0176,1.452,0.5206,0.428,0.0926,L3
全样本,量比>=1.3 + 量能金叉 + 深跌(距前高>40%),140,0.011,0.003,3.721,0.7357,0.428,0.3077,L3
全样本,量比>=1.3 + 量能金叉 + 量比大于2,1267,0.0774,0.0432,1.794,0.573,0.428,0.145,L3
全样本,量比>=1.3 + 量能金叉 + 量能递增,1718,0.1044,0.059,1.771,0.5698,0.428,0.1419,L3
全样本,量比>=1.3 + 量能金叉 + 中枢极限底,1022,0.0698,0.0293,2.385,0.6409,0.428,0.2129,L3
全样本,量比>=1.3 + 量能金叉 + MA55上穿MA89,53,0.0032,0.0018,1.743,0.566,0.428,0.1381,L3
全样本,量比>=1.3 + 量能金叉 + 价涨量增,1751,0.1067,0.0598,1.784,0.5717,0.428,0.1437,L3
全样本,量比>=1.3 + 量能金叉 + 中枢进机会区,869,0.0552,0.028,1.973,0.5961,0.428,0.1681,L3
全样本,量比>=1.3 + 量能金叉 + KDJ低位金叉,952,0.0641,0.028,2.289,0.6313,0.428,0.2033,L3
全样本,量比>=1.3 + 量能金叉 + 放量,1830,0.1116,0.0625,1.787,0.5721,0.428,0.1442,L3
全样本,量比>=1.3 + 量能金叉 + 大盘空头,810,0.0458,0.0303,1.512,0.5309,0.428,0.1029,L3
全样本,量比>=1.3 + 量能金叉 + 量比大于1_3,1855,0.1138,0.0629,1.81,0.5752,0.428,0.1472,L3
全样本,量比>=1.3 + 量能金叉 + BOLL触下轨反弹,1441,0.089,0.0483,1.842,0.5795,0.428,0.1515,L3
全样本,量比>=1.3 + 量比>=2 + 深跌(距前高>40%),55,0.0038,0.0015,2.533,0.6545,0.428,0.2266,L3
全样本,量比>=1.3 + 量比>=2 + 量比大于2,784,0.0422,0.031,1.364,0.5051,0.428,0.0771,L3
全样本,量比>=1.3 + 量比>=2 + 量能递增,694,0.0375,0.0273,1.376,0.5072,0.428,0.0792,L3
全样本,量比>=1.3 + 量比>=2 + 中枢极限底,396,0.023,0.0144,1.604,0.5455,0.428,0.1175,L3
全样本,量比>=1.3 + 量比>=2 + 价涨量增,748,0.0406,0.0293,1.388,0.5094,0.428,0.0814,L3
全样本,量比>=1.3 + 量比>=2 + 中枢进机会区,334,0.0184,0.0128,1.436,0.518,0.428,0.09,L3
全样本,量比>=1.3 + 量比>=2 + KDJ低位金叉,344,0.0213,0.0115,1.856,0.5814,0.428,0.1534,L3
全样本,量比>=1.3 + 量比>=2 + 放量,777,0.0418,0.0307,1.361,0.5045,0.428,0.0765,L3
全样本,量比>=1.3 + 量比>=2 + 大盘空头,300,0.016,0.012,1.337,0.5,0.428,0.072,L3
全样本,量比>=1.3 + 量比>=2 + 量比大于1_3,784,0.0422,0.031,1.364,0.5051,0.428,0.0771,L3
全样本,量比>=1.3 + 量比>=2 + BOLL触下轨反弹,614,0.0339,0.0236,1.436,0.5179,0.428,0.0899,L3
全样本,量比>=1.3 + 深跌(距前高>40%) + 量比大于2,152,0.0112,0.0037,2.986,0.6908,0.428,0.2628,L3
全样本,量比>=1.3 + 深跌(距前高>40%) + 量能递增,305,0.0239,0.0065,3.696,0.7344,0.428,0.3065,L3
全样本,量比>=1.3 + 深跌(距前高>40%) + 中枢极限底,216,0.0168,0.0046,3.641,0.7315,0.428,0.3035,L3
全样本,量比>=1.3 + 深跌(距前高>40%) + 价涨量增,314,0.0238,0.0073,3.275,0.7102,0.428,0.2822,L3
全样本,量比>=1.3 + 深跌(距前高>40%) + 中枢进机会区,54,0.0036,0.0016,2.272,0.6296,0.428,0.2017,L3
全样本,量比>=1.3 + 深跌(距前高>40%) + KDJ低位金叉,308,0.0239,0.0067,3.564,0.7273,0.428,0.2993,L3
全样本,量比>=1.3 + 深跌(距前高>40%) + 放量,328,0.0247,0.0077,3.23,0.7073,0.428,0.2793,L3
全样本,量比>=1.3 + 深跌(距前高>40%) + 大盘空头,234,0.0187,0.0047,3.965,0.7479,0.428,0.3199,L3
全样本,量比>=1.3 + 深跌(距前高>40%) + 量比大于1_3,348,0.0262,0.0081,3.224,0.7069,0.428,0.2789,L3
全样本,量比>=1.3 + 深跌(距前高>40%) + BOLL触下轨反弹,263,0.021,0.0053,3.99,0.749,0.428,0.3211,L3
全样本,量比>=1.3 + 量比大于2 + 量能递增,1984,0.1215,0.0673,1.805,0.5746,0.428,0.1466,L3
全样本,量比>=1.3 + 量比大于2 + 中枢极限底,1238,0.0825,0.037,2.23,0.6252,0.428,0.1972,L3
全样本,量比>=1.3 + 量比大于2 + MA55上穿MA89,73,0.0051,0.002,2.566,0.6575,0.428,0.2296,L3
全样本,量比>=1.3 + 量比大于2 + 价涨量增,2092,0.1273,0.0716,1.777,0.5707,0.428,0.1428,L3
全样本,量比>=1.3 + 量比大于2 + 中枢进机会区,931,0.0585,0.0305,1.921,0.5897,0.428,0.1617,L3
全样本,量比>=1.3 + 量比大于2 + KDJ低位金叉,1190,0.0809,0.0344,2.354,0.6378,0.428,0.2098,L3
全样本,量比>=1.3 + 量比大于2 + 放量,2186,0.1339,0.0742,1.805,0.5746,0.428,0.1466,L3
全样本,量比>=1.3 + 量比大于2 + 大盘空头,794,0.0428,0.0313,1.364,0.505,0.428,0.0771,L3
全样本,量比>=1.3 + 量比大于2 + 量比大于1_3,2221,0.1365,0.0751,1.818,0.5763,0.428,0.1483,L3
全样本,量比>=1.3 + 量比大于2 + BOLL触下轨反弹,1691,0.105,0.0563,1.865,0.5825,0.428,0.1545,L3
全样本,量比>=1.3 + 量能递增 + 中枢极限底,1907,0.1213,0.0613,1.978,0.5967,0.428,0.1688,L3
全样本,量比>=1.3 + 量能递增 + MA55上穿MA89,86,0.0055,0.0027,2.044,0.6047,0.428,0.1767,L3
全样本,量比>=1.3 + 量能递增 + 价涨量增,3308,0.1984,0.1154,1.719,0.5626,0.428,0.1346,L3
全样本,量比>=1.3 + 量能递增 + 中枢进机会区,1396,0.084,0.0485,1.732,0.5645,0.428,0.1365,L3
全样本,量比>=1.3 + 量能递增 + KDJ低位金叉,1826,0.1202,0.0558,2.155,0.6172,0.428,0.1892,L3
全样本,量比>=1.3 + 量能递增 + 放量,3449,0.2049,0.1218,1.682,0.5573,0.428,0.1293,L3
全样本,量比>=1.3 + 量能递增 + 大盘空头,1617,0.09,0.0617,1.459,0.522,0.428,0.094,L3
全样本,量比>=1.3 + 量能递增 + 量比大于1_3,3452,0.2051,0.1219,1.683,0.5574,0.428,0.1294,L3
全样本,量比>=1.3 + 量能递增 + BOLL触下轨反弹,2719,0.1639,0.0943,1.738,0.5653,0.428,0.1373,L3
全样本,量比>=1.3 + 中枢极限底 + MA55上穿MA89,66,0.0046,0.0018,2.499,0.6515,0.428,0.2235,L3
全样本,量比>=1.3 + 中枢极限底 + 价涨量增,2146,0.1349,0.0703,1.919,0.5895,0.428,0.1615,L3
全样本,量比>=1.3 + 中枢极限底 + 中枢进机会区,1206,0.0799,0.0365,2.191,0.6211,0.428,0.1931,L3
全样本,量比>=1.3 + 中枢极限底 + KDJ低位金叉,1582,0.108,0.0454,2.38,0.6403,0.428,0.2124,L3
全样本,量比>=1.3 + 中枢极限底 + 放量,2318,0.1461,0.0756,1.932,0.591,0.428,0.1631,L3
全样本,量比>=1.3 + 中枢极限底 + 大盘空头,1058,0.0585,0.0406,1.442,0.5189,0.428,0.0909,L3
全样本,量比>=1.3 + 中枢极限底 + 量比大于1_3,2501,0.1588,0.0807,1.967,0.5954,0.428,0.1674,L3
全样本,量比>=1.3 + 中枢极限底 + BOLL触下轨反弹,1878,0.1207,0.0595,2.028,0.6028,0.428,0.1748,L3
全样本,量比>=1.3 + MA55上穿MA89 + 价涨量增,95,0.0061,0.003,2.005,0.6,0.428,0.172,L3
全样本,量比>=1.3 + MA55上穿MA89 + 中枢进机会区,56,0.0041,0.0014,2.822,0.6786,0.428,0.2506,L3
全样本,量比>=1.3 + MA55上穿MA89 + KDJ低位金叉,67,0.0044,0.0021,2.108,0.6119,0.428,0.184,L3
全样本,量比>=1.3 + MA55上穿MA89 + 放量,103,0.0065,0.0034,1.941,0.5922,0.428,0.1643,L3
全样本,量比>=1.3 + MA55上穿MA89 + 量比大于1_3,115,0.0073,0.0037,1.934,0.5913,0.428,0.1633,L3
全样本,量比>=1.3 + MA55上穿MA89 + BOLL触下轨反弹,76,0.0047,0.0026,1.838,0.5789,0.428,0.151,L3
全样本,量比>=1.3 + 价涨量增 + 中枢进机会区,1569,0.0941,0.0547,1.72,0.5628,0.428,0.1348,L3
全样本,量比>=1.3 + 价涨量增 + KDJ低位金叉,2134,0.1358,0.0686,1.98,0.597,0.428,0.169,L3
全样本,量比>=1.3 + 价涨量增 + 放量,3900,0.2266,0.1416,1.6,0.5449,0.428,0.1169,L3
全样本,量比>=1.3 + 价涨量增 + 大盘空头,1812,0.0985,0.0708,1.391,0.5099,0.428,0.082,L3
全样本,量比>=1.3 + 价涨量增 + 量比大于1_3,3900,0.2266,0.1416,1.6,0.5449,0.428,0.1169,L3
全样本,量比>=1.3 + 价涨量增 + BOLL触下轨反弹,2989,0.1793,0.1043,1.72,0.5627,0.428,0.1348,L3
全样本,量比>=1.3 + 中枢进机会区 + KDJ低位金叉,829,0.0551,0.0249,2.215,0.6236,0.428,0.1957,L3
全样本,量比>=1.3 + 中枢进机会区 + 放量,1732,0.1044,0.0601,1.738,0.5652,0.428,0.1373,L3
全样本,量比>=1.3 + 中枢进机会区 + 大盘空头,728,0.0381,0.0296,1.286,0.4904,0.428,0.0624,L3
全样本,量比>=1.3 + 中枢进机会区 + 量比大于1_3,1867,0.1129,0.0645,1.752,0.5672,0.428,0.1392,L3
全样本,量比>=1.3 + 中枢进机会区 + BOLL触下轨反弹,1459,0.0883,0.0503,1.754,0.5675,0.428,0.1395,L3
全样本,量比>=1.3 + KDJ低位金叉 + 放量,2298,0.1458,0.0743,1.963,0.5949,0.428,0.1669,L3
全样本,量比>=1.3 + KDJ低位金叉 + 大盘空头,1076,0.0595,0.0413,1.44,0.5186,0.428,0.0906,L3
全样本,量比>=1.3 + KDJ低位金叉 + 量比大于1_3,2555,0.1616,0.0829,1.95,0.5933,0.428,0.1654,L3
全样本,量比>=1.3 + KDJ低位金叉 + BOLL触下轨反弹,1889,0.1236,0.0582,2.122,0.6136,0.428,0.1856,L3
全样本,量比>=1.3 + 放量 + 大盘空头,1938,0.1051,0.0759,1.384,0.5088,0.428,0.0808,L3
全样本,量比>=1.3 + 放量 + 量比大于1_3,4230,0.2444,0.1546,1.581,0.5418,0.428,0.1139,L3
全样本,量比>=1.3 + 放量 + BOLL触下轨反弹,3248,0.1925,0.1151,1.672,0.5557,0.428,0.1278,L3
全样本,量比>=1.3 + 大盘空头 + 量比大于1_3,2030,0.1098,0.0798,1.377,0.5074,0.428,0.0794,L3
全样本,量比>=1.3 + 大盘空头 + BOLL触下轨反弹,1580,0.0896,0.059,1.517,0.5316,0.428,0.1037,L3
全样本,量比>=1.3 + 量比大于1_3 + BOLL触下轨反弹,3463,0.2068,0.1215,1.703,0.5602,0.428,0.1322,L3
全样本,火箭信号 + 量能金叉 + 量比>=2,104,0.0064,0.0035,1.823,0.5769,0.428,0.149,L3
全样本,火箭信号 + 量能金叉 + 量比大于2,544,0.0297,0.0211,1.407,0.5129,0.428,0.0849,L3
全样本,火箭信号 + 量能金叉 + 量能递增,589,0.034,0.0215,1.579,0.5416,0.428,0.1136,L3
全样本,火箭信号 + 量能金叉 + 中枢极限底,345,0.0208,0.012,1.738,0.5652,0.428,0.1372,L3
全样本,火箭信号 + 量能金叉 + 价涨量增,609,0.0343,0.0229,1.5,0.5287,0.428,0.1008,L3
全样本,火箭信号 + 量能金叉 + 中枢进机会区,257,0.0156,0.0089,1.758,0.5681,0.428,0.1401,L3
全样本,火箭信号 + 量能金叉 + KDJ低位金叉,208,0.0135,0.0065,2.096,0.6106,0.428,0.1826,L3
全样本,火箭信号 + 量能金叉 + 放量,623,0.0353,0.0233,1.515,0.5313,0.428,0.1033,L3
全样本,火箭信号 + 量能金叉 + 大盘空头,306,0.0177,0.0112,1.585,0.5425,0.428,0.1145,L3
全样本,火箭信号 + 量能金叉 + 量比大于1_3,626,0.0356,0.0233,1.529,0.5335,0.428,0.1056,L3
全样本,火箭信号 + 量能金叉 + BOLL触下轨反弹,421,0.0254,0.0146,1.738,0.5653,0.428,0.1373,L3
全样本,火箭信号 + 量比>=2 + 量比大于2,138,0.0084,0.0047,1.79,0.5725,0.428,0.1445,L3
全样本,火箭信号 + 量比>=2 + 量能递增,130,0.0081,0.0043,1.881,0.5846,0.428,0.1566,L3
全样本,火箭信号 + 量比>=2 + 中枢极限底,78,0.0049,0.0026,1.921,0.5897,0.428,0.1618,L3
全样本,火箭信号 + 量比>=2 + 价涨量增,135,0.0082,0.0046,1.774,0.5704,0.428,0.1424,L3
全样本,火箭信号 + 量比>=2 + 中枢进机会区,54,0.0034,0.0018,1.944,0.5926,0.428,0.1646,L3
全样本,火箭信号 + 量比>=2 + KDJ低位金叉,53,0.0035,0.0016,2.205,0.6226,0.428,0.1947,L3
全样本,火箭信号 + 量比>=2 + 放量,137,0.0084,0.0046,1.821,0.5766,0.428,0.1487,L3
全样本,火箭信号 + 量比>=2 + 量比大于1_3,138,0.0084,0.0047,1.79,0.5725,0.428,0.1445,L3
全样本,火箭信号 + 量比>=2 + BOLL触下轨反弹,101,0.0064,0.0033,1.956,0.5941,0.428,0.1661,L3
全样本,火箭信号 + 深跌(距前高>40%) + 量比大于2,85,0.0044,0.0035,1.245,0.4824,0.428,0.0544,L3
全样本,火箭信号 + 深跌(距前高>40%) + 量能递增,145,0.0101,0.004,2.54,0.6552,0.428,0.2272,L3
全样本,火箭信号 + 深跌(距前高>40%) + 中枢极限底,114,0.0078,0.0033,2.38,0.6404,0.428,0.2124,L3
全样本,火箭信号 + 深跌(距前高>40%) + 价涨量增,151,0.0097,0.0048,2.027,0.6026,0.428,0.1747,L3
全样本,火箭信号 + 深跌(距前高>40%) + KDJ低位金叉,130,0.0091,0.0036,2.525,0.6538,0.428,0.2259,L3
全样本,火箭信号 + 深跌(距前高>40%) + 放量,160,0.0102,0.0051,2.005,0.6,0.428,0.172,L3
全样本,火箭信号 + 深跌(距前高>40%) + 大盘空头,127,0.0091,0.0034,2.705,0.6693,0.428,0.2413,L3
全样本,火箭信号 + 深跌(距前高>40%) + 量比大于1_3,161,0.0101,0.0053,1.924,0.5901,0.428,0.1621,L3
全样本,火箭信号 + 深跌(距前高>40%) + BOLL触下轨反弹,104,0.0078,0.0025,3.147,0.7019,0.428,0.274,L3
全样本,火箭信号 + 量比大于2 + 量能递增,836,0.0436,0.0341,1.28,0.4892,0.428,0.0613,L3
全样本,火箭信号 + 量比大于2 + 中枢极限底,487,0.0273,0.0184,1.481,0.5257,0.428,0.0977,L3
全样本,火箭信号 + 量比大于2 + 价涨量增,914,0.0471,0.0377,1.252,0.4836,0.428,0.0556,L3
全样本,火箭信号 + 量比大于2 + 中枢进机会区,374,0.0206,0.0144,1.425,0.516,0.428,0.0881,L3
全样本,火箭信号 + 量比大于2 + KDJ低位金叉,303,0.0167,0.0116,1.437,0.5182,0.428,0.0902,L3
全样本,火箭信号 + 量比大于2 + 放量,929,0.0477,0.0384,1.24,0.4812,0.428,0.0532,L3
全样本,火箭信号 + 量比大于2 + 大盘空头,418,0.0218,0.0171,1.274,0.488,0.428,0.0601,L3
全样本,火箭信号 + 量比大于2 + 量比大于1_3,931,0.0478,0.0385,1.24,0.4812,0.428,0.0532,L3
全样本,火箭信号 + 量比大于2 + BOLL触下轨反弹,593,0.032,0.0234,1.369,0.5059,0.428,0.0779,L3
全样本,火箭信号 + 量能递增 + 中枢极限底,642,0.0386,0.0223,1.728,0.5639,0.428,0.1359,L3
全样本,火箭信号 + 量能递增 + 价涨量增,1113,0.0624,0.0421,1.481,0.5256,0.428,0.0976,L3
全样本,火箭信号 + 量能递增 + 中枢进机会区,493,0.0279,0.0184,1.516,0.5314,0.428,0.1035,L3
全样本,火箭信号 + 量能递增 + KDJ低位金叉,409,0.0265,0.0128,2.08,0.6088,0.428,0.1808,L3
全样本,火箭信号 + 量能递增 + 放量,1143,0.0646,0.0428,1.508,0.5302,0.428,0.1022,L3
全样本,火箭信号 + 量能递增 + 大盘空头,590,0.0354,0.0206,1.72,0.5627,0.428,0.1347,L3
全样本,火箭信号 + 量能递增 + 量比大于1_3,1114,0.0627,0.042,1.494,0.5278,0.428,0.0999,L3
全样本,火箭信号 + 量能递增 + BOLL触下轨反弹,795,0.0472,0.0281,1.682,0.5572,0.428,0.1293,L3
全样本,火箭信号 + 中枢极限底 + 价涨量增,664,0.0392,0.0236,1.662,0.5542,0.428,0.1262,L3
全样本,火箭信号 + 中枢极限底 + 中枢进机会区,333,0.02,0.0116,1.733,0.5646,0.428,0.1366,L3
全样本,火箭信号 + 中枢极限底 + KDJ低位金叉,313,0.0204,0.0097,2.093,0.6102,0.428,0.1823,L3
全样本,火箭信号 + 中枢极限底 + 放量,689,0.0413,0.0241,1.713,0.5617,0.428,0.1337,L3
全样本,火箭信号 + 中枢极限底 + 大盘空头,393,0.0234,0.0139,1.682,0.5573,0.428,0.1293,L3
全样本,火箭信号 + 中枢极限底 + 量比大于1_3,674,0.0405,0.0235,1.728,0.5638,0.428,0.1358,L3
全样本,火箭信号 + 中枢极限底 + BOLL触下轨反弹,501,0.0322,0.0159,2.028,0.6028,0.428,0.1748,L3
全样本,火箭信号 + 价涨量增 + 中枢进机会区,518,0.0289,0.0197,1.466,0.5232,0.428,0.0952,L3
全样本,火箭信号 + 价涨量增 + KDJ低位金叉,458,0.0277,0.0158,1.755,0.5677,0.428,0.1397,L3
全样本,火箭信号 + 价涨量增 + 放量,1275,0.0693,0.0499,1.39,0.5098,0.428,0.0818,L3
全样本,火箭信号 + 价涨量增 + 大盘空头,625,0.0363,0.0227,1.595,0.544,0.428,0.116,L3
全样本,火箭信号 + 价涨量增 + 量比大于1_3,1252,0.0679,0.0491,1.384,0.5088,0.428,0.0808,L3
全样本,火箭信号 + 价涨量增 + BOLL触下轨反弹,835,0.0489,0.03,1.632,0.5497,0.428,0.1217,L3
全样本,火箭信号 + 中枢进机会区 + KDJ低位金叉,146,0.0087,0.0051,1.713,0.5616,0.428,0.1337,L3
全样本,火箭信号 + 中枢进机会区 + 放量,536,0.0302,0.0202,1.495,0.528,0.428,0.1,L3
全样本,火箭信号 + 中枢进机会区 + 大盘空头,225,0.0124,0.0087,1.422,0.5156,0.428,0.0876,L3
全样本,火箭信号 + 中枢进机会区 + 量比大于1_3,523,0.0295,0.0196,1.505,0.5296,0.428,0.1017,L3
全样本,火箭信号 + 中枢进机会区 + BOLL触下轨反弹,386,0.0225,0.014,1.612,0.5466,0.428,0.1187,L3
全样本,火箭信号 + KDJ低位金叉 + 放量,485,0.0293,0.0168,1.75,0.567,0.428,0.139,L3
全样本,火箭信号 + KDJ低位金叉 + 大盘空头,296,0.0187,0.0097,1.933,0.5912,0.428,0.1632,L3
全样本,火箭信号 + KDJ低位金叉 + 量比大于1_3,490,0.0294,0.0171,1.724,0.5633,0.428,0.1353,L3
全样本,火箭信号 + KDJ低位金叉 + BOLL触下轨反弹,345,0.0227,0.0105,2.157,0.6174,0.428,0.1894,L3
全样本,火箭信号 + 放量 + 大盘空头,653,0.0377,0.0239,1.582,0.5421,0.428,0.1141,L3
全样本,火箭信号 + 放量 + 量比大于1_3,1292,0.0702,0.0506,1.387,0.5093,0.428,0.0813,L3
全样本,火箭信号 + 放量 + BOLL触下轨反弹,861,0.0509,0.0306,1.66,0.554,0.428,0.126,L3
全样本,火箭信号 + 大盘空头 + 量比大于1_3,647,0.0373,0.0237,1.575,0.541,0.428,0.113,L3
全样本,火箭信号 + 大盘空头 + BOLL触下轨反弹,465,0.029,0.0154,1.884,0.5849,0.428,0.157,L3
全样本,火箭信号 + 量比大于1_3 + BOLL触下轨反弹,849,0.0499,0.0304,1.642,0.5512,0.428,0.1233,L3
全样本,量能金叉 + 量比>=2 + 量比大于2,461,0.0256,0.0176,1.452,0.5206,0.428,0.0926,L3
全样本,量能金叉 + 量比>=2 + 量能递增,441,0.0242,0.0171,1.418,0.5147,0.428,0.0868,L3
全样本,量能金叉 + 量比>=2 + 中枢极限底,230,0.0145,0.0075,1.934,0.5913,0.428,0.1633,L3
全样本,量能金叉 + 量比>=2 + 价涨量增,446,0.0249,0.0169,1.475,0.5247,0.428,0.0967,L3
全样本,量能金叉 + 量比>=2 + 中枢进机会区,215,0.0132,0.0073,1.821,0.5767,0.428,0.1488,L3
全样本,量能金叉 + 量比>=2 + KDJ低位金叉,169,0.0106,0.0056,1.89,0.5858,0.428,0.1578,L3
全样本,量能金叉 + 量比>=2 + 放量,461,0.0256,0.0176,1.452,0.5206,0.428,0.0926,L3
全样本,量能金叉 + 量比>=2 + 大盘空头,185,0.01,0.0073,1.381,0.5081,0.428,0.0801,L3
全样本,量能金叉 + 量比>=2 + 量比大于1_3,461,0.0256,0.0176,1.452,0.5206,0.428,0.0926,L3
全样本,量能金叉 + 量比>=2 + BOLL触下轨反弹,365,0.0205,0.0138,1.483,0.526,0.428,0.0981,L3
全样本,量能金叉 + 深跌(距前高>40%) + 量比大于2,106,0.0078,0.0026,2.957,0.6887,0.428,0.2607,L3
全样本,量能金叉 + 深跌(距前高>40%) + 量能递增,206,0.0156,0.0048,3.252,0.7087,0.428,0.2808,L3
全样本,量能金叉 + 深跌(距前高>40%) + 中枢极限底,148,0.0114,0.0033,3.488,0.723,0.428,0.295,L3
全样本,量能金叉 + 深跌(距前高>40%) + 价涨量增,208,0.0156,0.0049,3.147,0.7019,0.428,0.274,L3
全样本,量能金叉 + 深跌(距前高>40%) + KDJ低位金叉,183,0.0144,0.0038,3.759,0.7377,0.428,0.3097,L3
全样本,量能金叉 + 深跌(距前高>40%) + 放量,216,0.016,0.0053,3.038,0.6944,0.428,0.2665,L3
全样本,量能金叉 + 深跌(距前高>40%) + 大盘空头,162,0.0129,0.0033,3.945,0.7469,0.428,0.3189,L3
全样本,量能金叉 + 深跌(距前高>40%) + 量比大于1_3,216,0.0163,0.005,3.246,0.7083,0.428,0.2804,L3
全样本,量能金叉 + 深跌(距前高>40%) + BOLL触下轨反弹,167,0.0129,0.0037,3.516,0.7246,0.428,0.2966,L3
全样本,量能金叉 + 量比大于2 + 量能递增,2460,0.1371,0.0937,1.464,0.5228,0.428,0.0948,L3
全样本,量能金叉 + 量比大于2 + 中枢极限底,1351,0.0848,0.0444,1.911,0.5885,0.428,0.1605,L3
全样本,量能金叉 + 量比大于2 + MA55上穿MA89,59,0.0032,0.0023,1.383,0.5085,0.428,0.0805,L3
全样本,量能金叉 + 量比大于2 + 价涨量增,2444,0.1371,0.0924,1.484,0.5262,0.428,0.0982,L3
全样本,量能金叉 + 量比大于2 + 中枢进机会区,1274,0.0764,0.0444,1.721,0.5628,0.428,0.1348,L3
全样本,量能金叉 + 量比大于2 + KDJ低位金叉,1034,0.0658,0.0333,1.978,0.5967,0.428,0.1687,L3
全样本,量能金叉 + 量比大于2 + 放量,2630,0.1469,0.0999,1.471,0.524,0.428,0.096,L3
全样本,量能金叉 + 量比大于2 + 大盘空头,1095,0.0592,0.0431,1.374,0.5068,0.428,0.0789,L3
全样本,量能金叉 + 量比大于2 + 量比大于1_3,2631,0.147,0.0999,1.472,0.5241,0.428,0.0962,L3
全样本,量能金叉 + 量比大于2 + BOLL触下轨反弹,1890,0.1072,0.0706,1.518,0.5317,0.428,0.1038,L3
全样本,量能金叉 + 量能递增 + 中枢极限底,2036,0.122,0.0712,1.714,0.5619,0.428,0.1339,L3
全样本,量能金叉 + 量能递增 + MA55上穿MA89,89,0.0046,0.0037,1.249,0.4831,0.428,0.0552,L3
全样本,量能金叉 + 量能递增 + 价涨量增,3557,0.1971,0.1362,1.447,0.5198,0.428,0.0918,L3
全样本,量能金叉 + 量能递增 + 中枢进机会区,1876,0.1066,0.0699,1.526,0.533,0.428,0.1051,L3
全样本,量能金叉 + 量能递增 + KDJ低位金叉,1625,0.0994,0.0553,1.798,0.5735,0.428,0.1456,L3
全样本,量能金叉 + 量能递增 + 放量,3883,0.2123,0.1509,1.407,0.5127,0.428,0.0848,L3
全样本,量能金叉 + 量能递增 + 大盘空头,1841,0.1003,0.0718,1.397,0.5111,0.428,0.0832,L3
全样本,量能金叉 + 量能递增 + 量比大于1_3,3747,0.2058,0.1449,1.42,0.5151,0.428,0.0871,L3
全样本,量能金叉 + 量能递增 + BOLL触下轨反弹,2936,0.1624,0.1127,1.441,0.5187,0.428,0.0908,L3
全样本,量能金叉 + 中枢极限底 + MA55上穿MA89,56,0.0037,0.0017,2.228,0.625,0.428,0.197,L3
全样本,量能金叉 + 中枢极限底 + 价涨量增,1978,0.1211,0.0672,1.803,0.5743,0.428,0.1463,L3
全样本,量能金叉 + 中枢极限底 + 中枢进机会区,1290,0.0822,0.0414,1.986,0.5977,0.428,0.1697,L3
全样本,量能金叉 + 中枢极限底 + KDJ低位金叉,1141,0.0752,0.0348,2.161,0.6179,0.428,0.1899,L3
全样本,量能金叉 + 中枢极限底 + 放量,2215,0.1346,0.076,1.77,0.5698,0.428,0.1418,L3
全样本,量能金叉 + 中枢极限底 + 大盘空头,1071,0.0603,0.0403,1.498,0.5285,0.428,0.1005,L3
全样本,量能金叉 + 中枢极限底 + 量比大于1_3,2160,0.133,0.0728,1.826,0.5773,0.428,0.1493,L3
全样本,量能金叉 + 中枢极限底 + BOLL触下轨反弹,1674,0.1031,0.0564,1.828,0.5777,0.428,0.1497,L3
全样本,量能金叉 + MA55上穿MA89 + 价涨量增,88,0.0044,0.0037,1.166,0.4659,0.428,0.0379,L3
全样本,量能金叉 + MA55上穿MA89 + 中枢进机会区,71,0.0043,0.0025,1.725,0.5634,0.428,0.1354,L3
全样本,量能金叉 + MA55上穿MA89 + 放量,103,0.0055,0.0041,1.363,0.5049,0.428,0.0769,L3
全样本,量能金叉 + MA55上穿MA89 + 量比大于1_3,103,0.0057,0.004,1.417,0.5146,0.428,0.0866,L3
全样本,量能金叉 + MA55上穿MA89 + BOLL触下轨反弹,69,0.0036,0.0028,1.298,0.4928,0.428,0.0648,L3
全样本,量能金叉 + 价涨量增 + 中枢进机会区,1806,0.1045,0.0659,1.586,0.5426,0.428,0.1147,L3
全样本,量能金叉 + 价涨量增 + KDJ低位金叉,1662,0.101,0.057,1.77,0.5698,0.428,0.1418,L3
全样本,量能金叉 + 价涨量增 + 放量,3872,0.2109,0.1511,1.396,0.5108,0.428,0.0829,L3
全样本,量能金叉 + 价涨量增 + 大盘空头,1797,0.0993,0.0691,1.437,0.5181,0.428,0.0901,L3
全样本,量能金叉 + 价涨量增 + 量比大于1_3,3749,0.205,0.1457,1.408,0.5129,0.428,0.085,L3
全样本,量能金叉 + 价涨量增 + BOLL触下轨反弹,2843,0.1591,0.1078,1.476,0.5248,0.428,0.0968,L3
全样本,量能金叉 + 中枢进机会区 + KDJ低位金叉,729,0.0484,0.0219,2.207,0.6228,0.428,0.1948,L3
全样本,量能金叉 + 中枢进机会区 + 放量,2054,0.119,0.0748,1.59,0.5433,0.428,0.1154,L3
全样本,量能金叉 + 中枢进机会区 + 大盘空头,857,0.0464,0.0337,1.378,0.5076,0.428,0.0796,L3
全样本,量能金叉 + 中枢进机会区 + 量比大于1_3,2000,0.1171,0.072,1.627,0.549,0.428,0.121,L3
全样本,量能金叉 + 中枢进机会区 + BOLL触下轨反弹,1616,0.0935,0.059,1.586,0.5427,0.428,0.1147,L3
全样本,量能金叉 + KDJ低位金叉 + 放量,1819,0.1106,0.0624,1.772,0.5701,0.428,0.1421,L3
全样本,量能金叉 + KDJ低位金叉 + 大盘空头,927,0.053,0.0343,1.545,0.5361,0.428,0.1082,L3
全样本,量能金叉 + KDJ低位金叉 + 量比大于1_3,1785,0.1097,0.0603,1.819,0.5765,0.428,0.1485,L3
全样本,量能金叉 + KDJ低位金叉 + BOLL触下轨反弹,1365,0.0849,0.0454,1.87,0.5832,0.428,0.1552,L3
全样本,量能金叉 + 放量 + 大盘空头,1954,0.1066,0.0761,1.401,0.5118,0.428,0.0838,L3
全样本,量能金叉 + 放量 + 量比大于1_3,4133,0.2253,0.1611,1.398,0.5113,0.428,0.0833,L3
全样本,量能金叉 + 放量 + BOLL触下轨反弹,3148,0.1739,0.121,1.437,0.5181,0.428,0.0901,L3
全样本,量能金叉 + 大盘空头 + 量比大于1_3,1883,0.103,0.0731,1.408,0.513,0.428,0.085,L3
全样本,量能金叉 + 大盘空头 + BOLL触下轨反弹,1546,0.0857,0.0592,1.448,0.5201,0.428,0.0921,L3
全样本,量能金叉 + 量比大于1_3 + BOLL触下轨反弹,3058,0.1703,0.1165,1.461,0.5222,0.428,0.0943,L3
全样本,量比>=2 + 深跌(距前高>40%) + 量比大于2,55,0.0038,0.0015,2.533,0.6545,0.428,0.2266,L3
全样本,量比>=2 + 深跌(距前高>40%) + 量能递增,50,0.0036,0.0013,2.84,0.68,0.428,0.252,L3
全样本,量比>=2 + 深跌(距前高>40%) + 价涨量增,51,0.0035,0.0014,2.45,0.6471,0.428,0.2191,L3
全样本,量比>=2 + 深跌(距前高>40%) + 放量,53,0.0037,0.0014,2.599,0.6604,0.428,0.2324,L3
全样本,量比>=2 + 深跌(距前高>40%) + 量比大于1_3,55,0.0038,0.0015,2.533,0.6545,0.428,0.2266,L3
全样本,量比>=2 + 量比大于2 + 量能递增,694,0.0375,0.0273,1.376,0.5072,0.428,0.0792,L3
全样本,量比>=2 + 量比大于2 + 中枢极限底,396,0.023,0.0144,1.604,0.5455,0.428,0.1175,L3
全样本,量比>=2 + 量比大于2 + 价涨量增,748,0.0406,0.0293,1.388,0.5094,0.428,0.0814,L3
全样本,量比>=2 + 量比大于2 + 中枢进机会区,334,0.0184,0.0128,1.436,0.518,0.428,0.09,L3
全样本,量比>=2 + 量比大于2 + KDJ低位金叉,344,0.0213,0.0115,1.856,0.5814,0.428,0.1534,L3
全样本,量比>=2 + 量比大于2 + 放量,777,0.0418,0.0307,1.361,0.5045,0.428,0.0765,L3
全样本,量比>=2 + 量比大于2 + 大盘空头,300,0.016,0.012,1.337,0.5,0.428,0.072,L3
全样本,量比>=2 + 量比大于2 + 量比大于1_3,784,0.0422,0.031,1.364,0.5051,0.428,0.0771,L3
全样本,量比>=2 + 量比大于2 + BOLL触下轨反弹,614,0.0339,0.0236,1.436,0.5179,0.428,0.0899,L3
全样本,量比>=2 + 量能递增 + 中枢极限底,349,0.0206,0.0124,1.654,0.553,0.428,0.125,L3
全样本,量比>=2 + 量能递增 + 价涨量增,674,0.0368,0.0262,1.402,0.5119,0.428,0.0839,L3
全样本,量比>=2 + 量能递增 + 中枢进机会区,289,0.0162,0.0109,1.483,0.526,0.428,0.098,L3
全样本,量比>=2 + 量能递增 + KDJ低位金叉,283,0.018,0.0091,1.981,0.5972,0.428,0.1692,L3
全样本,量比>=2 + 量能递增 + 放量,694,0.0375,0.0273,1.376,0.5072,0.428,0.0792,L3
全样本,量比>=2 + 量能递增 + 大盘空头,276,0.0146,0.0111,1.317,0.4964,0.428,0.0684,L3
全样本,量比>=2 + 量能递增 + 量比大于1_3,694,0.0375,0.0273,1.376,0.5072,0.428,0.0792,L3
全样本,量比>=2 + 量能递增 + BOLL触下轨反弹,557,0.0304,0.0217,1.4,0.5117,0.428,0.0837,L3
全样本,量比>=2 + 中枢极限底 + 价涨量增,386,0.0224,0.014,1.595,0.544,0.428,0.1161,L3
全样本,量比>=2 + 中枢极限底 + 中枢进机会区,213,0.0128,0.0074,1.725,0.5634,0.428,0.1354,L3
全样本,量比>=2 + 中枢极限底 + KDJ低位金叉,193,0.0128,0.0058,2.197,0.6218,0.428,0.1938,L3
全样本,量比>=2 + 中枢极限底 + 放量,394,0.0228,0.0144,1.589,0.5431,0.428,0.1152,L3
全样本,量比>=2 + 中枢极限底 + 大盘空头,143,0.008,0.0054,1.474,0.5245,0.428,0.0965,L3
全样本,量比>=2 + 中枢极限底 + 量比大于1_3,396,0.023,0.0144,1.604,0.5455,0.428,0.1175,L3
全样本,量比>=2 + 中枢极限底 + BOLL触下轨反弹,310,0.0183,0.011,1.666,0.5548,0.428,0.1269,L3
全样本,量比>=2 + 价涨量增 + 中枢进机会区,321,0.0177,0.0124,1.431,0.5171,0.428,0.0892,L3
全样本,量比>=2 + 价涨量增 + KDJ低位金叉,325,0.0206,0.0105,1.954,0.5938,0.428,0.1659,L3
全样本,量比>=2 + 价涨量增 + 放量,748,0.0406,0.0293,1.388,0.5094,0.428,0.0814,L3
全样本,量比>=2 + 价涨量增 + 大盘空头,286,0.0151,0.0115,1.318,0.4965,0.428,0.0685,L3
全样本,量比>=2 + 价涨量增 + 量比大于1_3,748,0.0406,0.0293,1.388,0.5094,0.428,0.0814,L3
全样本,量比>=2 + 价涨量增 + BOLL触下轨反弹,587,0.0329,0.0222,1.486,0.5264,0.428,0.0984,L3
全样本,量比>=2 + 中枢进机会区 + KDJ低位金叉,116,0.0075,0.0037,2.034,0.6034,0.428,0.1755,L3
全样本,量比>=2 + 中枢进机会区 + 放量,332,0.0182,0.0128,1.42,0.5151,0.428,0.0871,L3
全样本,量比>=2 + 中枢进机会区 + 大盘空头,129,0.0069,0.0051,1.357,0.5039,0.428,0.0759,L3
全样本,量比>=2 + 中枢进机会区 + 量比大于1_3,334,0.0184,0.0128,1.436,0.518,0.428,0.09,L3
全样本,量比>=2 + 中枢进机会区 + BOLL触下轨反弹,270,0.015,0.0103,1.461,0.5222,0.428,0.0943,L3
全样本,量比>=2 + KDJ低位金叉 + 放量,338,0.021,0.0112,1.867,0.5828,0.428,0.1549,L3
全样本,量比>=2 + KDJ低位金叉 + 大盘空头,127,0.007,0.0049,1.446,0.5197,0.428,0.0917,L3
全样本,量比>=2 + KDJ低位金叉 + 量比大于1_3,344,0.0213,0.0115,1.856,0.5814,0.428,0.1534,L3
全样本,量比>=2 + KDJ低位金叉 + BOLL触下轨反弹,262,0.0165,0.0085,1.936,0.5916,0.428,0.1636,L3
全样本,量比>=2 + 放量 + 大盘空头,299,0.0159,0.012,1.328,0.4983,0.428,0.0704,L3
全样本,量比>=2 + 放量 + 量比大于1_3,777,0.0418,0.0307,1.361,0.5045,0.428,0.0765,L3
全样本,量比>=2 + 放量 + BOLL触下轨反弹,610,0.0337,0.0235,1.437,0.518,0.428,0.0901,L3
全样本,量比>=2 + 大盘空头 + 量比大于1_3,300,0.016,0.012,1.337,0.5,0.428,0.072,L3
全样本,量比>=2 + 大盘空头 + BOLL触下轨反弹,237,0.0129,0.0093,1.394,0.5105,0.428,0.0826,L3
全样本,量比>=2 + 量比大于1_3 + BOLL触下轨反弹,614,0.0339,0.0236,1.436,0.5179,0.428,0.0899,L3
全样本,深跌(距前高>40%) + 量比大于2 + 量能递增,242,0.0149,0.0081,1.835,0.5785,0.428,0.1505,L3
全样本,深跌(距前高>40%) + 量比大于2 + 中枢极限底,168,0.0101,0.0058,1.739,0.5655,0.428,0.1375,L3
全样本,深跌(距前高>40%) + 量比大于2 + 价涨量增,263,0.0149,0.0098,1.521,0.5323,0.428,0.1043,L3
全样本,深跌(距前高>40%) + 量比大于2 + 中枢进机会区,57,0.003,0.0023,1.291,0.4912,0.428,0.0633,L3
全样本,深跌(距前高>40%) + 量比大于2 + KDJ低位金叉,205,0.0134,0.0063,2.132,0.6146,0.428,0.1867,L3
全样本,深跌(距前高>40%) + 量比大于2 + 放量,276,0.0158,0.0102,1.545,0.5362,0.428,0.1083,L3
全样本,深跌(距前高>40%) + 量比大于2 + 大盘空头,175,0.0106,0.0061,1.741,0.5657,0.428,0.1377,L3
全样本,深跌(距前高>40%) + 量比大于2 + 量比大于1_3,279,0.0159,0.0104,1.532,0.5341,0.428,0.1061,L3
全样本,深跌(距前高>40%) + 量比大于2 + BOLL触下轨反弹,171,0.0112,0.0053,2.126,0.614,0.428,0.1861,L3
全样本,深跌(距前高>40%) + 量能递增 + 中枢极限底,412,0.0274,0.0124,2.216,0.6238,0.428,0.1958,L3
全样本,深跌(距前高>40%) + 量能递增 + 价涨量增,560,0.0371,0.0169,2.194,0.6214,0.428,0.1935,L3
全样本,深跌(距前高>40%) + 量能递增 + 中枢进机会区,135,0.0071,0.0054,1.317,0.4963,0.428,0.0683,L3
全样本,深跌(距前高>40%) + 量能递增 + KDJ低位金叉,473,0.0349,0.0116,2.994,0.6913,0.428,0.2634,L3
全样本,深跌(距前高>40%) + 量能递增 + 放量,600,0.04,0.0179,2.228,0.625,0.428,0.197,L3
全样本,深跌(距前高>40%) + 量能递增 + 大盘空头,458,0.0315,0.013,2.419,0.6441,0.428,0.2161,L3
全样本,深跌(距前高>40%) + 量能递增 + 量比大于1_3,535,0.0368,0.0152,2.427,0.6449,0.428,0.2169,L3
全样本,深跌(距前高>40%) + 量能递增 + BOLL触下轨反弹,439,0.0315,0.0115,2.738,0.672,0.428,0.244,L3
全样本,深跌(距前高>40%) + 中枢极限底 + 价涨量增,430,0.0268,0.0143,1.874,0.5837,0.428,0.1557,L3
全样本,深跌(距前高>40%) + 中枢极限底 + 中枢进机会区,160,0.0085,0.0064,1.337,0.5,0.428,0.072,L3
全样本,深跌(距前高>40%) + 中枢极限底 + KDJ低位金叉,444,0.0302,0.0128,2.349,0.6374,0.428,0.2094,L3
全样本,深跌(距前高>40%) + 中枢极限底 + 放量,476,0.0301,0.0155,1.943,0.5924,0.428,0.1645,L3
全样本,深跌(距前高>40%) + 中枢极限底 + 大盘空头,468,0.0288,0.0158,1.823,0.5769,0.428,0.149,L3
全样本,深跌(距前高>40%) + 中枢极限底 + 量比大于1_3,455,0.029,0.0146,1.987,0.5978,0.428,0.1698,L3
全样本,深跌(距前高>40%) + 中枢极限底 + BOLL触下轨反弹,365,0.0259,0.0097,2.662,0.6658,0.428,0.2378,L3
全样本,深跌(距前高>40%) + 价涨量增 + 中枢进机会区,132,0.0076,0.0049,1.556,0.5379,0.428,0.1099,L3
全样本,深跌(距前高>40%) + 价涨量增 + KDJ低位金叉,516,0.0351,0.0149,2.352,0.6376,0.428,0.2096,L3
全样本,深跌(距前高>40%) + 价涨量增 + 放量,694,0.0416,0.0243,1.715,0.562,0.428,0.134,L3
全样本,深跌(距前高>40%) + 价涨量增 + 大盘空头,483,0.031,0.0153,2.026,0.6025,0.428,0.1745,L3
全样本,深跌(距前高>40%) + 价涨量增 + 量比大于1_3,625,0.0387,0.0209,1.852,0.5808,0.428,0.1528,L3
全样本,深跌(距前高>40%) + 价涨量增 + BOLL触下轨反弹,438,0.0301,0.0124,2.416,0.6438,0.428,0.2159,L3
全样本,深跌(距前高>40%) + 中枢进机会区 + KDJ低位金叉,131,0.0069,0.0053,1.316,0.4962,0.428,0.0682,L3
全样本,深跌(距前高>40%) + 中枢进机会区 + 放量,153,0.0086,0.0057,1.504,0.5294,0.428,0.1014,L3
全样本,深跌(距前高>40%) + 中枢进机会区 + 大盘空头,141,0.0067,0.0062,1.08,0.4468,0.428,0.0188,L3
全样本,深跌(距前高>40%) + 中枢进机会区 + 量比大于1_3,141,0.008,0.0053,1.519,0.5319,0.428,0.1039,L3
全样本,深跌(距前高>40%) + 中枢进机会区 + BOLL触下轨反弹,136,0.0074,0.0053,1.377,0.5074,0.428,0.0794,L3
全样本,深跌(距前高>40%) + KDJ低位金叉 + 放量,568,0.0381,0.0168,2.261,0.6285,0.428,0.2005,L3
全样本,深跌(距前高>40%) + KDJ低位金叉 + 大盘空头,522,0.0342,0.016,2.135,0.6149,0.428,0.187,L3
全样本,深跌(距前高>40%) + KDJ低位金叉 + 量比大于1_3,589,0.0386,0.0181,2.131,0.6146,0.428,0.1866,L3
全样本,深跌(距前高>40%) + KDJ低位金叉 + BOLL触下轨反弹,490,0.0337,0.0139,2.427,0.6449,0.428,0.2169,L3
全样本,深跌(距前高>40%) + 放量 + 大盘空头,537,0.0339,0.0175,1.941,0.5922,0.428,0.1642,L3
全样本,深跌(距前高>40%) + 放量 + 量比大于1_3,672,0.0413,0.0227,1.815,0.5759,0.428,0.1479,L3
全样本,深跌(距前高>40%) + 放量 + BOLL触下轨反弹,484,0.0324,0.0144,2.257,0.6281,0.428,0.2001,L3
全样本,深跌(距前高>40%) + 大盘空头 + 量比大于1_3,502,0.0324,0.0158,2.052,0.6056,0.428,0.1776,L3
全样本,深跌(距前高>40%) + 大盘空头 + BOLL触下轨反弹,426,0.0294,0.012,2.459,0.6479,0.428,0.2199,L3
全样本,深跌(距前高>40%) + 量比大于1_3 + BOLL触下轨反弹,465,0.0323,0.0129,2.5,0.6516,0.428,0.2236,L3
全样本,量比大于2 + 量能递增 + 中枢极限底,2411,0.1391,0.0882,1.577,0.5413,0.428,0.1133,L3
全样本,量比大于2 + 量能递增 + MA55上穿MA89,99,0.006,0.0034,1.741,0.5657,0.428,0.1377,L3
全样本,量比大于2 + 量能递增 + 价涨量增,4217,0.2263,0.1671,1.354,0.5032,0.428,0.0752,L3
全样本,量比大于2 + 量能递增 + 中枢进机会区,1965,0.1105,0.0741,1.491,0.5272,0.428,0.0993,L3
全样本,量比大于2 + 量能递增 + KDJ低位金叉,1853,0.1147,0.062,1.851,0.5807,0.428,0.1527,L3
全样本,量比大于2 + 量能递增 + 放量,4519,0.241,0.1802,1.337,0.5001,0.428,0.0721,L3
全样本,量比大于2 + 量能递增 + 大盘空头,1921,0.0998,0.0786,1.27,0.4872,0.428,0.0593,L3
全样本,量比大于2 + 量能递增 + 量比大于1_3,4523,0.2412,0.1804,1.337,0.5001,0.428,0.0721,L3
全样本,量比大于2 + 量能递增 + BOLL触下轨反弹,3272,0.1759,0.1294,1.36,0.5043,0.428,0.0763,L3
全样本,量比大于2 + 中枢极限底 + MA55上穿MA89,68,0.0046,0.002,2.299,0.6324,0.428,0.2044,L3
全样本,量比大于2 + 中枢极限底 + 价涨量增,2601,0.1482,0.0966,1.534,0.5344,0.428,0.1064,L3
全样本,量比大于2 + 中枢极限底 + 中枢进机会区,1424,0.0852,0.0499,1.709,0.5611,0.428,0.1331,L3
全样本,量比大于2 + 中枢极限底 + KDJ低位金叉,1414,0.0913,0.0445,2.05,0.6054,0.428,0.1774,L3
全样本,量比大于2 + 中枢极限底 + 放量,2827,0.1619,0.1044,1.55,0.537,0.428,0.109,L3
全样本,量比大于2 + 中枢极限底 + 大盘空头,1269,0.0686,0.0499,1.373,0.5067,0.428,0.0787,L3
全样本,量比大于2 + 中枢极限底 + 量比大于1_3,2856,0.164,0.1051,1.56,0.5385,0.428,0.1105,L3
全样本,量比大于2 + 中枢极限底 + BOLL触下轨反弹,1942,0.1149,0.0689,1.668,0.5551,0.428,0.1271,L3
全样本,量比大于2 + MA55上穿MA89 + 价涨量增,114,0.0068,0.004,1.711,0.5614,0.428,0.1334,L3
全样本,量比大于2 + MA55上穿MA89 + 中枢进机会区,62,0.0041,0.0019,2.116,0.6129,0.428,0.1849,L3
全样本,量比大于2 + MA55上穿MA89 + KDJ低位金叉,67,0.0046,0.0019,2.395,0.6418,0.428,0.2138,L3
全样本,量比大于2 + MA55上穿MA89 + 放量,126,0.0077,0.0043,1.782,0.5714,0.428,0.1435,L3
全样本,量比大于2 + MA55上穿MA89 + 量比大于1_3,130,0.008,0.0044,1.823,0.5769,0.428,0.149,L3
全样本,量比大于2 + MA55上穿MA89 + BOLL触下轨反弹,79,0.0046,0.0029,1.596,0.5443,0.428,0.1163,L3
全样本,量比大于2 + 价涨量增 + 中枢进机会区,2070,0.1155,0.0787,1.467,0.5232,0.428,0.0952,L3
全样本,量比大于2 + 价涨量增 + KDJ低位金叉,2170,0.1298,0.076,1.707,0.5608,0.428,0.1329,L3
全样本,量比大于2 + 价涨量增 + 放量,5002,0.2619,0.2031,1.289,0.491,0.428,0.063,L3
全样本,量比大于2 + 价涨量增 + 大盘空头,2072,0.1089,0.0838,1.298,0.4928,0.428,0.0648,L3
全样本,量比大于2 + 价涨量增 + 量比大于1_3,5002,0.2619,0.2031,1.289,0.491,0.428,0.063,L3
全样本,量比大于2 + 价涨量增 + BOLL触下轨反弹,3406,0.184,0.134,1.373,0.5068,0.428,0.0788,L3
全样本,量比大于2 + 中枢进机会区 + KDJ低位金叉,798,0.0517,0.025,2.071,0.6078,0.428,0.1798,L3
全样本,量比大于2 + 中枢进机会区 + 放量,2321,0.1295,0.0882,1.468,0.5235,0.428,0.0955,L3
全样本,量比大于2 + 中枢进机会区 + 大盘空头,894,0.0458,0.037,1.239,0.481,0.428,0.053,L3
全样本,量比大于2 + 中枢进机会区 + 量比大于1_3,2337,0.1306,0.0887,1.472,0.5242,0.428,0.0962,L3
全样本,量比大于2 + 中枢进机会区 + BOLL触下轨反弹,1693,0.0949,0.0641,1.481,0.5257,0.428,0.0977,L3
全样本,量比大于2 + KDJ低位金叉 + 放量,2359,0.1411,0.0826,1.707,0.5608,0.428,0.1329,L3
全样本,量比大于2 + KDJ低位金叉 + 大盘空头,979,0.0553,0.0367,1.508,0.5301,0.428,0.1022,L3
全样本,量比大于2 + KDJ低位金叉 + 量比大于1_3,2405,0.1439,0.0842,1.71,0.5613,0.428,0.1334,L3
全样本,量比大于2 + KDJ低位金叉 + BOLL触下轨反弹,1621,0.0994,0.055,1.808,0.575,0.428,0.147,L3
全样本,量比大于2 + 放量 + 大盘空头,2250,0.1172,0.0918,1.276,0.4884,0.428,0.0605,L3
全样本,量比大于2 + 放量 + 量比大于1_3,5438,0.2847,0.2208,1.289,0.491,0.428,0.063,L3
全样本,量比大于2 + 放量 + BOLL触下轨反弹,3731,0.2006,0.1476,1.359,0.5042,0.428,0.0762,L3
全样本,量比大于2 + 大盘空头 + 量比大于1_3,2258,0.1176,0.0921,1.276,0.4885,0.428,0.0605,L3
全样本,量比大于2 + 大盘空头 + BOLL触下轨反弹,1543,0.0822,0.0616,1.335,0.4997,0.428,0.0717,L3
全样本,量比大于2 + 量比大于1_3 + BOLL触下轨反弹,3769,0.203,0.1488,1.365,0.5052,0.428,0.0772,L3
全样本,量能递增 + 中枢极限底 + MA55上穿MA89,126,0.0084,0.0037,2.247,0.627,0.428,0.199,L3
全样本,量能递增 + 中枢极限底 + 价涨量增,4899,0.2689,0.1896,1.418,0.5148,0.428,0.0868,L3
全样本,量能递增 + 中枢极限底 + 中枢进机会区,3243,0.1793,0.1245,1.44,0.5187,0.428,0.0907,L3
全样本,量能递增 + 中枢极限底 + KDJ低位金叉,2927,0.1725,0.1044,1.652,0.5528,0.428,0.1248,L3
全样本,量能递增 + 中枢极限底 + 放量,5676,0.3078,0.2225,1.384,0.5086,0.428,0.0807,L3
全样本,量能递增 + 中枢极限底 + 大盘空头,3296,0.1673,0.1378,1.214,0.476,0.428,0.0481,L3
全样本,量能递增 + 中枢极限底 + 量比大于1_3,4878,0.2694,0.1875,1.437,0.518,0.428,0.0901,L3
全样本,量能递增 + 中枢极限底 + BOLL触下轨反弹,4547,0.2458,0.1788,1.374,0.5069,0.428,0.079,L3
全样本,量能递增 + MA55上穿MA89 + 价涨量增,195,0.0108,0.0075,1.436,0.5179,0.428,0.09,L3
全样本,量能递增 + MA55上穿MA89 + 中枢进机会区,138,0.0085,0.0046,1.844,0.5797,0.428,0.1517,L3
全样本,量能递增 + MA55上穿MA89 + KDJ低位金叉,96,0.0058,0.0034,1.718,0.5625,0.428,0.1345,L3
全样本,量能递增 + MA55上穿MA89 + 放量,235,0.0132,0.0089,1.493,0.5277,0.428,0.0997,L3
全样本,量能递增 + MA55上穿MA89 + 大盘空头,66,0.0029,0.0031,0.925,0.4091,0.428,-0.0189,L3
全样本,量能递增 + MA55上穿MA89 + 量比大于1_3,192,0.0108,0.0073,1.483,0.526,0.428,0.0981,L3
全样本,量能递增 + MA55上穿MA89 + BOLL触下轨反弹,172,0.0091,0.0069,1.306,0.4942,0.428,0.0662,L3
全样本,量能递增 + 价涨量增 + 中枢进机会区,3968,0.2117,0.1581,1.339,0.5005,0.428,0.0725,L3
全样本,量能递增 + 价涨量增 + KDJ低位金叉,4077,0.2369,0.148,1.601,0.545,0.428,0.117,L3
全样本,量能递增 + 价涨量增 + 放量,9330,0.4821,0.3835,1.257,0.4847,0.428,0.0567,L3
全样本,量能递增 + 价涨量增 + 大盘空头,4741,0.2486,0.1922,1.294,0.4919,0.428,0.0639,L3
全样本,量能递增 + 价涨量增 + 量比大于1_3,8226,0.4304,0.3342,1.288,0.4908,0.428,0.0628,L3
全样本,量能递增 + 价涨量增 + BOLL触下轨反弹,6927,0.3672,0.2778,1.322,0.4972,0.428,0.0692,L3
全样本,量能递增 + 中枢进机会区 + KDJ低位金叉,1525,0.0902,0.0542,1.665,0.5548,0.428,0.1268,L3
全样本,量能递增 + 中枢进机会区 + 放量,4805,0.2553,0.1923,1.327,0.4982,0.428,0.0703,L3
全样本,量能递增 + 中枢进机会区 + 大盘空头,2495,0.1227,0.1072,1.145,0.4613,0.428,0.0334,L3
全样本,量能递增 + 中枢进机会区 + 量比大于1_3,4045,0.2178,0.1597,1.364,0.5051,0.428,0.0771,L3
全样本,量能递增 + 中枢进机会区 + BOLL触下轨反弹,4063,0.2112,0.1661,1.272,0.4876,0.428,0.0596,L3
全样本,量能递增 + KDJ低位金叉 + 放量,4542,0.2607,0.1673,1.558,0.5383,0.428,0.1103,L3
全样本,量能递增 + KDJ低位金叉 + 大盘空头,2668,0.1444,0.1048,1.377,0.5075,0.428,0.0795,L3
全样本,量能递增 + KDJ低位金叉 + 量比大于1_3,3964,0.2305,0.1437,1.604,0.5454,0.428,0.1174,L3
全样本,量能递增 + KDJ低位金叉 + BOLL触下轨反弹,3532,0.2028,0.13,1.56,0.5385,0.428,0.1105,L3
全样本,量能递增 + 放量 + 大盘空头,5349,0.2751,0.2209,1.245,0.4823,0.428,0.0544,L3
全样本,量能递增 + 放量 + 量比大于1_3,9194,0.4748,0.3782,1.255,0.4843,0.428,0.0564,L3
全样本,量能递增 + 放量 + BOLL触下轨反弹,8019,0.4155,0.3288,1.264,0.486,0.428,0.058,L3
全样本,量能递增 + 大盘空头 + 量比大于1_3,4505,0.2337,0.1845,1.267,0.4866,0.428,0.0586,L3
全样本,量能递增 + 大盘空头 + BOLL触下轨反弹,4479,0.2336,0.1825,1.28,0.4892,0.428,0.0612,L3
全样本,量能递增 + 量比大于1_3 + BOLL触下轨反弹,6839,0.3602,0.2761,1.305,0.4939,0.428,0.066,L3
全样本,中枢极限底 + MA55上穿MA89 + 价涨量增,125,0.0071,0.0046,1.544,0.536,0.428,0.108,L3
全样本,中枢极限底 + MA55上穿MA89 + 中枢进机会区,129,0.0085,0.0039,2.182,0.6202,0.428,0.1922,L3
全样本,中枢极限底 + MA55上穿MA89 + KDJ低位金叉,136,0.0079,0.0049,1.595,0.5441,0.428,0.1161,L3
全样本,中枢极限底 + MA55上穿MA89 + 放量,151,0.0093,0.0051,1.817,0.5762,0.428,0.1482,L3
全样本,中枢极限底 + MA55上穿MA89 + 量比大于1_3,144,0.0088,0.0049,1.819,0.5764,0.428,0.1484,L3
全样本,中枢极限底 + MA55上穿MA89 + BOLL触下轨反弹,132,0.0075,0.0049,1.509,0.5303,0.428,0.1023,L3
全样本,中枢极限底 + 价涨量增 + 中枢进机会区,3081,0.1681,0.12,1.401,0.5118,0.428,0.0839,L3
全样本,中枢极限底 + 价涨量增 + KDJ低位金叉,3494,0.2002,0.1289,1.553,0.5375,0.428,0.1095,L3
全样本,中枢极限底 + 价涨量增 + 放量,6591,0.3456,0.2672,1.293,0.4917,0.428,0.0638,L3
全样本,中枢极限底 + 价涨量增 + 大盘空头,3596,0.1845,0.1489,1.239,0.4811,0.428,0.0531,L3
全样本,中枢极限底 + 价涨量增 + 量比大于1_3,5840,0.3112,0.233,1.336,0.4998,0.428,0.0719,L3
全样本,中枢极限底 + 价涨量增 + BOLL触下轨反弹,4502,0.2454,0.1755,1.399,0.5113,0.428,0.0834,L3
全样本,中枢极限底 + 中枢进机会区 + KDJ低位金叉,2272,0.1314,0.083,1.583,0.5423,0.428,0.1143,L3
全样本,中枢极限底 + 中枢进机会区 + 放量,3931,0.2161,0.1519,1.423,0.5156,0.428,0.0877,L3
全样本,中枢极限底 + 中枢进机会区 + 大盘空头,2371,0.1153,0.1029,1.12,0.4559,0.428,0.028,L3
全样本,中枢极限底 + 中枢进机会区 + 量比大于1_3,3620,0.2028,0.137,1.48,0.5254,0.428,0.0974,L3
全样本,中枢极限底 + 中枢进机会区 + BOLL触下轨反弹,3672,0.1969,0.1456,1.353,0.503,0.428,0.075,L3
全样本,中枢极限底 + KDJ低位金叉 + 放量,4114,0.2358,0.1517,1.554,0.5377,0.428,0.1097,L3
全样本,中枢极限底 + KDJ低位金叉 + 大盘空头,3172,0.1649,0.1296,1.272,0.4877,0.428,0.0597,L3
全样本,中枢极限底 + KDJ低位金叉 + 量比大于1_3,4190,0.2378,0.1563,1.521,0.5322,0.428,0.1042,L3
全样本,中枢极限底 + KDJ低位金叉 + BOLL触下轨反弹,3897,0.2215,0.1452,1.525,0.533,0.428,0.105,L3
全样本,中枢极限底 + 放量 + 大盘空头,4159,0.2111,0.1738,1.215,0.4761,0.428,0.0481,L3
全样本,中枢极限底 + 放量 + 量比大于1_3,6787,0.3608,0.2715,1.329,0.4986,0.428,0.0706,L3
全样本,中枢极限底 + 放量 + BOLL触下轨反弹,5483,0.2944,0.2171,1.356,0.5036,0.428,0.0756,L3
全样本,中枢极限底 + 大盘空头 + 量比大于1_3,3816,0.1949,0.1586,1.229,0.479,0.428,0.0511,L3
全样本,中枢极限底 + 大盘空头 + BOLL触下轨反弹,3713,0.1946,0.1506,1.292,0.4915,0.428,0.0635,L3
全样本,中枢极限底 + 量比大于1_3 + BOLL触下轨反弹,4999,0.2759,0.1923,1.435,0.5177,0.428,0.0897,L3
全样本,MA55上穿MA89 + 价涨量增 + 中枢进机会区,124,0.0067,0.0049,1.38,0.5081,0.428,0.0801,L3
全样本,MA55上穿MA89 + 价涨量增 + KDJ低位金叉,123,0.0064,0.005,1.273,0.4878,0.428,0.0598,L3
全样本,MA55上穿MA89 + 价涨量增 + 放量,278,0.0136,0.012,1.141,0.4604,0.428,0.0325,L3
全样本,MA55上穿MA89 + 价涨量增 + 大盘空头,71,0.0031,0.0034,0.923,0.4085,0.428,-0.0195,L3
全样本,MA55上穿MA89 + 价涨量增 + 量比大于1_3,240,0.0122,0.0101,1.209,0.475,0.428,0.047,L3
全样本,MA55上穿MA89 + 价涨量增 + BOLL触下轨反弹,186,0.0087,0.0083,1.054,0.4409,0.428,0.0129,L3
全样本,MA55上穿MA89 + 中枢进机会区 + KDJ低位金叉,90,0.0058,0.0029,2.005,0.6,0.428,0.172,L3
全样本,MA55上穿MA89 + 中枢进机会区 + 放量,162,0.0097,0.0057,1.713,0.5617,0.428,0.1338,L3
全样本,MA55上穿MA89 + 中枢进机会区 + 量比大于1_3,143,0.0086,0.0049,1.746,0.5664,0.428,0.1385,L3
全样本,MA55上穿MA89 + 中枢进机会区 + BOLL触下轨反弹,142,0.0077,0.0056,1.375,0.507,0.428,0.0791,L3
全样本,MA55上穿MA89 + KDJ低位金叉 + 放量,147,0.0081,0.0057,1.431,0.517,0.428,0.089,L3
全样本,MA55上穿MA89 + KDJ低位金叉 + 大盘空头,53,0.0022,0.0026,0.877,0.3962,0.428,-0.0317,L3
全样本,MA55上穿MA89 + KDJ低位金叉 + 量比大于1_3,147,0.0081,0.0057,1.431,0.517,0.428,0.089,L3
全样本,MA55上穿MA89 + KDJ低位金叉 + BOLL触下轨反弹,152,0.0079,0.0062,1.268,0.4868,0.428,0.0589,L3
全样本,MA55上穿MA89 + 放量 + 大盘空头,84,0.0035,0.0041,0.865,0.3929,0.428,-0.0351,L3
全样本,MA55上穿MA89 + 放量 + 量比大于1_3,282,0.0144,0.0117,1.227,0.4787,0.428,0.0508,L3
全样本,MA55上穿MA89 + 放量 + BOLL触下轨反弹,222,0.0112,0.0093,1.2,0.473,0.428,0.045,L3
全样本,MA55上穿MA89 + 大盘空头 + 量比大于1_3,75,0.0032,0.0036,0.891,0.4,0.428,-0.028,L3
全样本,MA55上穿MA89 + 大盘空头 + BOLL触下轨反弹,79,0.0034,0.0037,0.91,0.4051,0.428,-0.0229,L3
全样本,MA55上穿MA89 + 量比大于1_3 + BOLL触下轨反弹,200,0.0102,0.0083,1.234,0.48,0.428,0.052,L3
全样本,价涨量增 + 中枢进机会区 + KDJ低位金叉,1756,0.1025,0.0634,1.616,0.5473,0.428,0.1193,L3
全样本,价涨量增 + 中枢进机会区 + 放量,5166,0.2693,0.2106,1.279,0.489,0.428,0.061,L3
全样本,价涨量增 + 中枢进机会区 + 大盘空头,2466,0.1265,0.1021,1.238,0.4809,0.428,0.053,L3
全样本,价涨量增 + 中枢进机会区 + 量比大于1_3,4535,0.2393,0.1828,1.309,0.4948,0.428,0.0668,L3
全样本,价涨量增 + 中枢进机会区 + BOLL触下轨反弹,3773,0.2009,0.1507,1.333,0.4993,0.428,0.0714,L3
全样本,价涨量增 + KDJ低位金叉 + 放量,5920,0.3223,0.2311,1.395,0.5106,0.428,0.0827,L3
全样本,价涨量增 + KDJ低位金叉 + 大盘空头,3215,0.1732,0.1269,1.364,0.5051,0.428,0.0772,L3
全样本,价涨量增 + KDJ低位金叉 + 量比大于1_3,5235,0.2884,0.2018,1.429,0.5167,0.428,0.0887,L3
全样本,价涨量增 + KDJ低位金叉 + BOLL触下轨反弹,3970,0.2249,0.1485,1.515,0.5312,0.428,0.1033,L3
全样本,价涨量增 + 放量 + 大盘空头,6446,0.3303,0.2671,1.237,0.4806,0.428,0.0526,L3
全样本,价涨量增 + 放量 + 量比大于1_3,11223,0.5562,0.4791,1.161,0.4648,0.428,0.0369,L3
全样本,价涨量增 + 放量 + BOLL触下轨反弹,8804,0.4498,0.3657,1.23,0.4792,0.428,0.0512,L3
全样本,价涨量增 + 大盘空头 + 量比大于1_3,5514,0.2848,0.2268,1.256,0.4844,0.428,0.0564,L3
全样本,价涨量增 + 大盘空头 + BOLL触下轨反弹,4533,0.2419,0.1806,1.34,0.5006,0.428,0.0726,L3
全样本,价涨量增 + 量比大于1_3 + BOLL触下轨反弹,7700,0.3979,0.3165,1.257,0.4847,0.428,0.0567,L3
全样本,中枢进机会区 + KDJ低位金叉 + 放量,2157,0.1274,0.0767,1.66,0.554,0.428,0.126,L3
全样本,中枢进机会区 + KDJ低位金叉 + 大盘空头,1446,0.0757,0.0587,1.289,0.491,0.428,0.063,L3
全样本,中枢进机会区 + KDJ低位金叉 + 量比大于1_3,2222,0.1288,0.0809,1.592,0.5437,0.428,0.1157,L3
全样本,中枢进机会区 + KDJ低位金叉 + BOLL触下轨反弹,2317,0.1259,0.0906,1.39,0.5097,0.428,0.0817,L3
全样本,中枢进机会区 + 放量 + 大盘空头,2965,0.1503,0.124,1.212,0.4755,0.428,0.0476,L3
全样本,中枢进机会区 + 放量 + 量比大于1_3,5465,0.2896,0.2193,1.321,0.497,0.428,0.069,L3
全样本,中枢进机会区 + 放量 + BOLL触下轨反弹,4801,0.2527,0.1939,1.303,0.4936,0.428,0.0657,L3
全样本,中枢进机会区 + 大盘空头 + 量比大于1_3,2608,0.1326,0.1088,1.219,0.477,0.428,0.049,L3
全样本,中枢进机会区 + 大盘空头 + BOLL触下轨反弹,2849,0.1468,0.1174,1.25,0.4833,0.428,0.0554,L3
全样本,中枢进机会区 + 量比大于1_3 + BOLL触下轨反弹,4292,0.2308,0.1697,1.36,0.5044,0.428,0.0765,L3
全样本,KDJ低位金叉 + 放量 + 大盘空头,3675,0.1947,0.1475,1.32,0.4969,0.428,0.0689,L3
全样本,KDJ低位金叉 + 放量 + 量比大于1_3,5991,0.326,0.234,1.394,0.5104,0.428,0.0825,L3
全样本,KDJ低位金叉 + 放量 + BOLL触下轨反弹,4705,0.2625,0.1789,1.467,0.5233,0.428,0.0953,L3
全样本,KDJ低位金叉 + 大盘空头 + 量比大于1_3,3495,0.1819,0.1427,1.275,0.4881,0.428,0.0602,L3
全样本,KDJ低位金叉 + 大盘空头 + BOLL触下轨反弹,3308,0.1744,0.1334,1.308,0.4946,0.428,0.0666,L3
全样本,KDJ低位金叉 + 量比大于1_3 + BOLL触下轨反弹,4567,0.2551,0.1734,1.471,0.524,0.428,0.096,L3
全样本,放量 + 大盘空头 + 量比大于1_3,6237,0.316,0.2611,1.21,0.4752,0.428,0.0473,L3
全样本,放量 + 大盘空头 + BOLL触下轨反弹,5342,0.2792,0.2172,1.286,0.4903,0.428,0.0623,L3
全样本,放量 + 量比大于1_3 + BOLL触下轨反弹,8997,0.4592,0.3741,1.227,0.4787,0.428,0.0507,L3
全样本,大盘空头 + 量比大于1_3 + BOLL触下轨反弹,4632,0.245,0.1862,1.316,0.4961,0.428,0.0681,L3
全样本,量比>=1.0,9622,0.5174,0.3804,1.36,0.5044,0.428,0.0764,L4
全样本,极限抄底 + 量比>=1.0,938,0.0747,0.0189,3.953,0.7473,0.428,0.3194,L4
全样本,量能金叉 + 量比>=1.0,2992,0.1772,0.1061,1.67,0.5555,0.428,0.1275,L4
全样本,大盘安全 + 量比>=1.0,3911,0.1708,0.1842,0.927,0.4096,0.428,-0.0184,L4
全样本,偏多共振 + 量比>=1.0,748,0.0329,0.035,0.941,0.4131,0.428,-0.0149,L4
全样本,中枢进机会区 + 量比>=1.0,4064,0.2355,0.148,1.592,0.5436,0.428,0.1156,L4
全样本,量比>=1.3,4552,0.2639,0.1657,1.593,0.5437,0.428,0.1157,L4
全样本,极限抄底 + 量比>=1.3,621,0.0514,0.0111,4.635,0.7762,0.428,0.3482,L4
全样本,量能金叉 + 量比>=1.3,1855,0.1138,0.0629,1.81,0.5752,0.428,0.1472,L4
全样本,大盘安全 + 量比>=1.3,1728,0.0824,0.0762,1.082,0.4473,0.428,0.0194,L4
全样本,偏多共振 + 量比>=1.3,307,0.0141,0.014,1.008,0.43,0.428,0.002,L4
全样本,中枢进机会区 + 量比>=1.3,1867,0.1129,0.0645,1.752,0.5672,0.428,0.1392,L4
全样本,量比>=1.5,2724,0.1575,0.0995,1.583,0.5422,0.428,0.1142,L4
全样本,极限抄底 + 量比>=1.5,390,0.0307,0.0081,3.774,0.7385,0.428,0.3105,L4
全样本,量能金叉 + 量比>=1.5,1234,0.0753,0.0421,1.787,0.5721,0.428,0.1442,L4
全样本,大盘安全 + 量比>=1.5,1009,0.0487,0.044,1.107,0.4529,0.428,0.025,L4
全样本,偏多共振 + 量比>=1.5,182,0.0077,0.0088,0.875,0.3956,0.428,-0.0324,L4
全样本,中枢进机会区 + 量比>=1.5,1071,0.0632,0.0381,1.658,0.5537,0.428,0.1257,L4
全样本,量比>=2.0,784,0.0422,0.031,1.364,0.5051,0.428,0.0771,L4
全样本,极限抄底 + 量比>=2.0,112,0.0082,0.0028,2.941,0.6875,0.428,0.2595,L4
全样本,量能金叉 + 量比>=2.0,461,0.0256,0.0176,1.452,0.5206,0.428,0.0926,L4
全样本,大盘安全 + 量比>=2.0,305,0.0135,0.0142,0.954,0.4164,0.428,-0.0116,L4
全样本,偏多共振 + 量比>=2.0,74,0.0031,0.0036,0.861,0.3919,0.428,-0.0361,L4
全样本,中枢进机会区 + 量比>=2.0,334,0.0184,0.0128,1.436,0.518,0.428,0.09,L4
全样本,量比>=2.5,301,0.0155,0.0124,1.242,0.4817,0.428,0.0538,L4
全样本,量能金叉 + 量比>=2.5,203,0.0109,0.0081,1.35,0.5025,0.428,0.0745,L4
全样本,大盘安全 + 量比>=2.5,138,0.006,0.0065,0.913,0.4058,0.428,-0.0222,L4
全样本,中枢进机会区 + 量比>=2.5,109,0.0062,0.0041,1.52,0.5321,0.428,0.1041,L4
全样本,量比>=3.0,162,0.0074,0.0074,0.992,0.4259,0.428,-0.002,L4
全样本,量能金叉 + 量比>=3.0,120,0.006,0.0051,1.17,0.4667,0.428,0.0387,L4
全样本,大盘安全 + 量比>=3.0,79,0.0031,0.004,0.775,0.3671,0.428,-0.0609,L4
全样本,中枢进机会区 + 量比>=3.0,67,0.0035,0.0027,1.297,0.4925,0.428,0.0646,L4
全样本,距60日高点>=0.85,5646,0.2328,0.2762,0.843,0.3866,0.428,-0.0413,L4
全样本,量能金叉 + 距60日高点>=0.85,1480,0.0665,0.0683,0.974,0.4216,0.428,-0.0064,L4
全样本,大盘安全 + 距60日高点>=0.85,3280,0.1102,0.1792,0.615,0.3152,0.428,-0.1127,L4
全样本,偏多共振 + 距60日高点>=0.85,992,0.034,0.0537,0.634,0.3216,0.428,-0.1064,L4
全样本,中枢进机会区 + 距60日高点>=0.85,2496,0.1117,0.1155,0.967,0.4199,0.428,-0.0081,L4
全样本,距60日高点>=0.9,1866,0.0713,0.0955,0.747,0.3585,0.428,-0.0695,L4
全样本,量能金叉 + 距60日高点>=0.9,529,0.0214,0.0262,0.819,0.38,0.428,-0.048,L4
全样本,大盘安全 + 距60日高点>=0.9,1199,0.0405,0.0653,0.62,0.3169,0.428,-0.111,L4
全样本,偏多共振 + 距60日高点>=0.9,434,0.0139,0.0243,0.572,0.2995,0.428,-0.1284,L4
全样本,中枢进机会区 + 距60日高点>=0.9,682,0.0291,0.0326,0.892,0.4003,0.428,-0.0277,L4
全样本,距60日高点>=0.95,163,0.0057,0.0088,0.644,0.3252,0.428,-0.1028,L4
全样本,量能金叉 + 距60日高点>=0.95,60,0.002,0.0033,0.619,0.3167,0.428,-0.1113,L4
全样本,大盘安全 + 距60日高点>=0.95,107,0.0034,0.006,0.57,0.2991,0.428,-0.1289,L4
全样本,偏多共振 + 距60日高点>=0.95,55,0.0012,0.0035,0.334,0.2,0.428,-0.228,L4
全样本,距60日高点<=0.5,198,0.0132,0.0059,2.24,0.6263,0.428,0.1983,L4
全样本,极限抄底 + 距60日高点<=0.5,107,0.0086,0.0021,4.164,0.757,0.428,0.329,L4
全样本,量能金叉 + 距60日高点<=0.5,52,0.0051,0.0003,16.039,0.9231,0.428,0.4951,L4
全样本,大盘安全 + 距60日高点<=0.5,131,0.0106,0.0026,4.135,0.7557,0.428,0.3278,L4
全样本,距60日高点<=0.6,1068,0.0563,0.0431,1.307,0.4944,0.428,0.0664,L4
全样本,极限抄底 + 距60日高点<=0.6,330,0.0242,0.0082,2.946,0.6879,0.428,0.2599,L4
全样本,量能金叉 + 距60日高点<=0.6,229,0.017,0.0056,3.036,0.6943,0.428,0.2664,L4
全样本,大盘安全 + 距60日高点<=0.6,579,0.0369,0.0186,1.985,0.5976,0.428,0.1696,L4
全样本,中枢进机会区 + 距60日高点<=0.6,232,0.0113,0.0101,1.124,0.4569,0.428,0.0289,L4
全样本,距60日高点<=0.7,4156,0.2035,0.1792,1.136,0.4593,0.428,0.0314,L4
全样本,极限抄底 + 距60日高点<=0.7,779,0.0518,0.0234,2.217,0.6239,0.428,0.1959,L4
全样本,量能金叉 + 距60日高点<=0.7,645,0.0424,0.0197,2.154,0.6171,0.428,0.1891,L4
全样本,大盘安全 + 距60日高点<=0.7,1776,0.0866,0.0769,1.126,0.4572,0.428,0.0292,L4
全样本,偏多共振 + 距60日高点<=0.7,182,0.0085,0.0081,1.048,0.4396,0.428,0.0116,L4
全样本,中枢进机会区 + 距60日高点<=0.7,1187,0.0602,0.0496,1.214,0.476,0.428,0.048,L4
全样本,距60日高点<=0.8,11658,0.5588,0.5119,1.092,0.4496,0.428,0.0216,L4
全样本,极限抄底 + 距60日高点<=0.8,1353,0.0898,0.0408,2.202,0.6223,0.428,0.1943,L4
全样本,量能金叉 + 距60日高点<=0.8,1946,0.1193,0.066,1.809,0.575,0.428,0.1471,L4
全样本,大盘安全 + 距60日高点<=0.8,4719,0.185,0.238,0.777,0.3677,0.428,-0.0603,L4
全样本,偏多共振 + 距60日高点<=0.8,797,0.0348,0.0376,0.925,0.409,0.428,-0.0189,L4
全样本,中枢进机会区 + 距60日高点<=0.8,4357,0.2219,0.1816,1.222,0.4776,0.428,0.0497,L4
全样本,距60日低点<=1.0,53,0.0016,0.003,0.528,0.283,0.428,-0.145,L4
全样本,距60日低点<=1.05,11485,0.5074,0.5365,0.946,0.4144,0.428,-0.0136,L4
全样本,极限抄底 + 距60日低点<=1.05,597,0.0297,0.0254,1.173,0.4673,0.428,0.0394,L4
全样本,量能金叉 + 距60日低点<=1.05,2182,0.1095,0.0921,1.188,0.4707,0.428,0.0427,L4
全样本,大盘安全 + 距60日低点<=1.05,4594,0.156,0.2498,0.625,0.3185,0.428,-0.1095,L4
全样本,偏多共振 + 距60日低点<=1.05,277,0.0138,0.0118,1.165,0.4657,0.428,0.0377,L4
全样本,中枢进机会区 + 距60日低点<=1.05,4820,0.2173,0.2219,0.979,0.4228,0.428,-0.0052,L4
全样本,距60日低点<=1.1,15353,0.7035,0.6984,1.007,0.4298,0.428,0.0018,L4
全样本,极限抄底 + 距60日低点<=1.1,1029,0.0634,0.0346,1.832,0.5782,0.428,0.1503,L4
全样本,量能金叉 + 距60日低点<=1.1,3186,0.1702,0.1268,1.342,0.5009,0.428,0.073,L4
全样本,大盘安全 + 距60日低点<=1.1,6332,0.2265,0.3357,0.675,0.3354,0.428,-0.0925,L4
全样本,偏多共振 + 距60日低点<=1.1,665,0.032,0.0291,1.099,0.4511,0.428,0.0232,L4
全样本,中枢进机会区 + 距60日低点<=1.1,6655,0.3201,0.2914,1.098,0.4511,0.428,0.0231,L4
全样本,距60日低点<=1.2,19096,0.9045,0.8466,1.068,0.4442,0.428,0.0163,L4
全样本,极限抄底 + 距60日低点<=1.2,1393,0.0943,0.0406,2.321,0.6346,0.428,0.2066,L4
全样本,量能金叉 + 距60日低点<=1.2,3997,0.2245,0.1508,1.489,0.5269,0.428,0.0989,L4
全样本,大盘安全 + 距60日低点<=1.2,8215,0.302,0.4294,0.703,0.3447,0.428,-0.0832,L4
全样本,偏多共振 + 距60日低点<=1.2,1350,0.0598,0.0629,0.95,0.4156,0.428,-0.0124,L4
全样本,中枢进机会区 + 距60日低点<=1.2,8253,0.4132,0.3492,1.183,0.4695,0.428,0.0416,L4
全样本,相对强弱>=-5.0,10814,0.4588,0.5194,0.883,0.3979,0.428,-0.0301,L4
全样本,极限抄底 + 相对强弱>=-5.0,115,0.007,0.0039,1.8,0.5739,0.428,0.1459,L4
全样本,量能金叉 + 相对强弱>=-5.0,2177,0.1044,0.0956,1.092,0.4497,0.428,0.0217,L4
全样本,大盘安全 + 相对强弱>=-5.0,4622,0.1443,0.2608,0.553,0.2927,0.428,-0.1352,L4
全样本,偏多共振 + 相对强弱>=-5.0,1056,0.037,0.0566,0.654,0.3286,0.428,-0.0994,L4
全样本,中枢进机会区 + 相对强弱>=-5.0,4694,0.2172,0.2119,1.025,0.434,0.428,0.006,L4
全样本,相对强弱>=0.0,1871,0.0844,0.0861,0.981,0.4233,0.428,-0.0047,L4
全样本,量能金叉 + 相对强弱>=0.0,506,0.0244,0.0221,1.105,0.4526,0.428,0.0246,L4
全样本,大盘安全 + 相对强弱>=0.0,491,0.0181,0.0256,0.708,0.3462,0.428,-0.0817,L4
全样本,偏多共振 + 相对强弱>=0.0,244,0.0093,0.0125,0.741,0.3566,0.428,-0.0714,L4
全样本,中枢进机会区 + 相对强弱>=0.0,857,0.0403,0.0382,1.055,0.4411,0.428,0.0131,L4
全样本,相对强弱>=5.0,149,0.0066,0.0069,0.953,0.4161,0.428,-0.0119,L4
全样本,量能金叉 + 相对强弱>=5.0,58,0.003,0.0024,1.247,0.4828,0.428,0.0548,L4
全样本,中枢进机会区 + 相对强弱>=5.0,59,0.0025,0.0029,0.854,0.3898,0.428,-0.0381,L4
全样本,S-威科夫突破［威科夫B1突破 + SID小于等于2 + 放量］,110,0.0039,0.0058,0.677,0.3364,0.428,-0.0916,L5
全样本,S-斐波趋势［斐波全多头 + 价涨量增 + 相对强弱>=0］,52,0.0019,0.0027,0.708,0.3462,0.428,-0.0818,L5
全样本,S-六脉震荡［六脉6红首发 + SID等于2 + 量能递增］,3472,0.1592,0.1579,1.008,0.43,0.428,0.002,L5
全样本,S-MACD金叉多头［MACD零轴上金叉 + 趋势多头 + 放量］,454,0.0182,0.0226,0.808,0.3767,0.428,-0.0513,L5
全样本,S-超跌反弹［深跌(距前高>40%) + 大盘5日上涨 + MACD金叉态］,221,0.0069,0.0124,0.557,0.2941,0.428,-0.1339,L5
全样本,S-极限抄底反弹［极限抄底 + 大盘安全］,470,0.0306,0.0146,2.096,0.6106,0.428,0.1827,L5
全样本,S-中枢机会区［中枢进机会区 + 量比>=1.3］,1867,0.1129,0.0645,1.752,0.5672,0.428,0.1392,L5
1买,多头排列,156,0.0155,0.0144,1.075,0.5641,0.5463,0.0178,L1
1买,空头排列,8774,0.8205,0.8694,0.944,0.5319,0.5463,-0.0144,L1
1买,趋势多头,286,0.0269,0.0282,0.955,0.535,0.5463,-0.0113,L1
1买,趋势空头,9083,0.847,0.9028,0.938,0.5304,0.5463,-0.0159,L1
1买,上升中回调,278,0.0264,0.0271,0.973,0.5396,0.5463,-0.0067,L1
1买,突破前高,58,0.0065,0.0044,1.463,0.6379,0.5463,0.0916,L1
1买,站上MA5,9644,0.9385,0.9115,1.03,0.5535,0.5463,0.0072,L1
1买,站上MA13,3649,0.327,0.3787,0.863,0.5097,0.5463,-0.0366,L1
1买,站上MA34,1359,0.1218,0.141,0.864,0.5099,0.5463,-0.0364,L1
1买,站上MA55,970,0.0905,0.0963,0.94,0.5309,0.5463,-0.0154,L1
1买,站上MA89,878,0.0733,0.0976,0.751,0.4749,0.5463,-0.0713,L1
1买,站上MA144,1313,0.0948,0.1638,0.578,0.4105,0.5463,-0.1358,L1
1买,站上MA233,2015,0.1486,0.2477,0.6,0.4194,0.5463,-0.1269,L1
1买,斐波短中多头,151,0.0158,0.0129,1.225,0.596,0.5463,0.0497,L1
1买,斐波长多头,1142,0.0948,0.1276,0.742,0.472,0.5463,-0.0743,L1
1买,MA55上穿MA89,198,0.0218,0.0157,1.392,0.6263,0.5463,0.08,L1
1买,放量,8032,0.7918,0.7468,1.06,0.5608,0.5463,0.0145,L1
1买,缩量,8882,0.8325,0.8779,0.948,0.5331,0.5463,-0.0132,L1
1买,量比大于1,9648,0.9364,0.9149,1.023,0.552,0.5463,0.0057,L1
1买,量比大于1_3,7398,0.7365,0.6793,1.084,0.5662,0.5463,0.0199,L1
1买,量比大于2,2918,0.3049,0.2506,1.216,0.5942,0.5463,0.0479,L1
1买,量能递增,6700,0.6624,0.6207,1.067,0.5624,0.5463,0.0161,L1
1买,价涨量增,6647,0.6653,0.6061,1.098,0.5693,0.5463,0.023,L1
1买,价涨量缩,7475,0.7018,0.7373,0.952,0.534,0.5463,-0.0122,L1
1买,MACD_DIF大于0,767,0.0758,0.0711,1.065,0.5619,0.5463,0.0156,L1
1买,MACD金叉态,3418,0.3015,0.3605,0.836,0.5018,0.5463,-0.0445,L1
1买,MACD柱递增,9397,0.911,0.8923,1.021,0.5515,0.5463,0.0052,L1
1买,MACD零轴上金叉,87,0.0081,0.0087,0.932,0.5287,0.5463,-0.0176,L1
1买,MACD底背离,5072,0.4283,0.558,0.768,0.4803,0.5463,-0.066,L1
1买,BOLL收上中轨,2307,0.2059,0.2405,0.856,0.5076,0.5463,-0.0387,L1
1买,BOLL突破上轨,256,0.0232,0.0262,0.884,0.5156,0.5463,-0.0307,L1
1买,BOLL触下轨反弹,7380,0.7205,0.6948,1.037,0.5553,0.5463,0.009,L1
1买,BOLL开口扩张,9835,0.9474,0.9412,1.007,0.5479,0.5463,0.0016,L1
1买,KDJ金叉态,8999,0.8739,0.8527,1.025,0.5524,0.5463,0.0061,L1
1买,KDJ_J超卖,9825,0.9439,0.9433,1.001,0.5465,0.5463,0.0002,L1
1买,KDJ低位金叉,5751,0.5666,0.5351,1.059,0.5604,0.5463,0.0141,L1
1买,KDJ_D小于30,8371,0.8043,0.8036,1.001,0.5465,0.5463,0.0002,L1
1买,RSI6大于50,4503,0.4086,0.4613,0.886,0.5161,0.5463,-0.0302,L1
1买,RSI金叉,8293,0.7864,0.8086,0.972,0.5394,0.5463,-0.0069,L1
1买,RSI6超卖,9538,0.9235,0.9071,1.018,0.5507,0.5463,0.0045,L1
1买,RSI底背离,5026,0.4522,0.5195,0.87,0.5117,0.5463,-0.0346,L1
1买,威科夫得分大于4,476,0.0404,0.0521,0.777,0.4832,0.5463,-0.0631,L1
1买,威科夫得分大于7,158,0.0144,0.0161,0.896,0.519,0.5463,-0.0273,L1
1买,积累阶段,2814,0.2199,0.3309,0.665,0.4446,0.5463,-0.1017,L1
1买,威科夫B3弹簧,90,0.0069,0.0108,0.635,0.4333,0.5463,-0.113,L1
1买,威科夫B1突破,57,0.0044,0.0068,0.649,0.4386,0.5463,-0.1077,L1
1买,黄金柱,332,0.0297,0.0345,0.861,0.509,0.5463,-0.0373,L1
1买,量能金叉,2630,0.2787,0.2212,1.26,0.6027,0.5463,0.0564,L1
1买,六脉红灯大于5,6557,0.6064,0.6579,0.922,0.526,0.5463,-0.0203,L1
1买,六脉红灯大于6,4073,0.3697,0.417,0.887,0.5163,0.5463,-0.03,L1
1买,六脉6红首发,4073,0.3697,0.417,0.887,0.5163,0.5463,-0.03,L1
1买,六脉5红首发,6557,0.6064,0.6579,0.922,0.526,0.5463,-0.0203,L1
1买,偏多共振,459,0.0501,0.0368,1.36,0.6209,0.5463,0.0746,L1
1买,多头共振,457,0.0499,0.0366,1.363,0.6214,0.5463,0.0752,L1
1买,火箭信号,675,0.0738,0.054,1.368,0.6222,0.5463,0.0759,L1
1买,二连板,74,0.0091,0.0047,1.963,0.7027,0.5463,0.1564,L1
1买,二次涨停,60,0.0058,0.0057,1.015,0.55,0.5463,0.0037,L1
1买,极限抄底,976,0.1246,0.0565,2.205,0.7264,0.5463,0.1801,L1
1买,中枢进机会区,4639,0.4696,0.4166,1.127,0.5758,0.5463,0.0295,L1
1买,中枢极限底,6346,0.6261,0.5895,1.062,0.5611,0.5463,0.0148,L1
1买,中枢上穿中轴,1462,0.1436,0.1365,1.052,0.5588,0.5463,0.0125,L1
1买,中枢底部蓄力,8561,0.7897,0.8613,0.917,0.5247,0.5463,-0.0216,L1
1买,中枢底部回升,10039,0.9664,0.9615,1.005,0.5476,0.5463,0.0013,L1
1买,大盘多头,1397,0.0835,0.1952,0.428,0.34,0.5463,-0.2063,L1
1买,大盘空头,6320,0.6007,0.6145,0.978,0.5407,0.5463,-0.0056,L1
1买,大盘安全,3634,0.2901,0.42,0.691,0.454,0.5463,-0.0922,L1
1买,SID等于1,1397,0.0835,0.1952,0.428,0.34,0.5463,-0.2063,L1
1买,SID等于2,6301,0.5995,0.612,0.98,0.5412,0.5463,-0.0051,L1
1买,SID小于等于2,6635,0.6183,0.66,0.937,0.5301,0.5463,-0.0162,L1
1买,大盘5日上涨,6122,0.5392,0.6467,0.834,0.501,0.5463,-0.0453,L1
1买,相对强弱大于0,3828,0.3543,0.3838,0.923,0.5264,0.5463,-0.0199,L1
1买,相对强弱大于5,782,0.0731,0.0775,0.944,0.532,0.5463,-0.0143,L1
1买,量比>=1.3,2769,0.3059,0.2178,1.404,0.6284,0.5463,0.0821,L1
1买,量比>=2,427,0.0431,0.0385,1.118,0.5738,0.5463,0.0275,L1
1买,距前高<=10%,435,0.0373,0.0472,0.79,0.4874,0.5463,-0.0589,L1
1买,深跌(距前高>40%),607,0.0689,0.0455,1.514,0.6458,0.5463,0.0995,L1
1买,距前低<=10%,8961,0.81,0.9217,0.879,0.5141,0.5463,-0.0322,L1
1买,相对强弱>=0,894,0.0832,0.0891,0.933,0.5291,0.5463,-0.0172,L1
1买,相对强弱>=5,59,0.0056,0.0057,0.984,0.5424,0.5463,-0.0039,L1
1买,多头排列 + 趋势多头,86,0.0076,0.0091,0.831,0.5,0.5463,-0.0463,L2
1买,多头排列 + 上升中回调,59,0.0044,0.0072,0.611,0.4237,0.5463,-0.1226,L2
1买,多头排列 + 站上MA5,119,0.0116,0.0112,1.034,0.5546,0.5463,0.0083,L2
1买,多头排列 + 站上MA13,81,0.0069,0.0089,0.771,0.4815,0.5463,-0.0648,L2
1买,多头排列 + 站上MA34,95,0.0083,0.0102,0.813,0.4947,0.5463,-0.0516,L2
1买,多头排列 + 站上MA55,108,0.0097,0.0112,0.862,0.5093,0.5463,-0.037,L2
1买,多头排列 + 站上MA89,110,0.0098,0.0114,0.861,0.5091,0.5463,-0.0372,L2
1买,多头排列 + 站上MA144,105,0.0093,0.011,0.846,0.5048,0.5463,-0.0415,L2
1买,多头排列 + 站上MA233,108,0.01,0.0108,0.928,0.5278,0.5463,-0.0185,L2
1买,多头排列 + 斐波短中多头,90,0.009,0.0083,1.086,0.5667,0.5463,0.0204,L2
1买,多头排列 + 斐波长多头,54,0.004,0.0066,0.616,0.4259,0.5463,-0.1204,L2
1买,多头排列 + 放量,126,0.0116,0.0127,0.914,0.5238,0.5463,-0.0225,L2
1买,多头排列 + 缩量,126,0.0127,0.0114,1.107,0.5714,0.5463,0.0251,L2
1买,多头排列 + 量比大于1,125,0.0116,0.0125,0.929,0.528,0.5463,-0.0183,L2
1买,多头排列 + 量比大于1_3,89,0.0077,0.0095,0.812,0.4944,0.5463,-0.0519,L2
1买,多头排列 + 量能递增,147,0.0148,0.0133,1.107,0.5714,0.5463,0.0251,L2
1买,多头排列 + 价涨量增,93,0.0083,0.0097,0.849,0.5054,0.5463,-0.0409,L2
1买,多头排列 + 价涨量缩,122,0.0121,0.0112,1.081,0.5656,0.5463,0.0193,L2
1买,多头排列 + MACD_DIF大于0,153,0.0153,0.014,1.095,0.5686,0.5463,0.0223,L2
1买,多头排列 + MACD金叉态,99,0.0093,0.0097,0.957,0.5354,0.5463,-0.0109,L2
1买,多头排列 + MACD柱递增,75,0.0067,0.0078,0.853,0.5067,0.5463,-0.0396,L2
1买,多头排列 + MACD底背离,60,0.0055,0.0061,0.888,0.5167,0.5463,-0.0296,L2
1买,多头排列 + BOLL收上中轨,91,0.0079,0.0097,0.812,0.4945,0.5463,-0.0518,L2
1买,多头排列 + BOLL触下轨反弹,123,0.0114,0.0123,0.931,0.5285,0.5463,-0.0178,L2
1买,多头排列 + BOLL开口扩张,153,0.0149,0.0144,1.038,0.5556,0.5463,0.0093,L2
1买,多头排列 + KDJ金叉态,71,0.006,0.0078,0.763,0.4789,0.5463,-0.0674,L2
1买,多头排列 + KDJ_J超卖,139,0.0135,0.0131,1.031,0.554,0.5463,0.0077,L2
1买,多头排列 + RSI6大于50,88,0.0072,0.0099,0.724,0.4659,0.5463,-0.0804,L2
1买,多头排列 + RSI金叉,84,0.0069,0.0095,0.72,0.4643,0.5463,-0.082,L2
1买,多头排列 + RSI6超卖,111,0.0113,0.0099,1.131,0.5766,0.5463,0.0303,L2
1买,多头排列 + 威科夫得分大于4,116,0.0116,0.0106,1.096,0.569,0.5463,0.0227,L2
1买,多头排列 + 威科夫得分大于7,73,0.0074,0.0066,1.125,0.5753,0.5463,0.029,L2
1买,多头排列 + 六脉红灯大于5,55,0.0049,0.0057,0.861,0.5091,0.5463,-0.0372,L2
1买,多头排列 + 六脉5红首发,55,0.0049,0.0057,0.861,0.5091,0.5463,-0.0372,L2
1买,多头排列 + 偏多共振,86,0.0079,0.0087,0.912,0.5233,0.5463,-0.023,L2
1买,多头排列 + 多头共振,85,0.0079,0.0085,0.934,0.5294,0.5463,-0.0169,L2
1买,多头排列 + 中枢进机会区,116,0.0123,0.0097,1.264,0.6034,0.5463,0.0572,L2
1买,多头排列 + 中枢极限底,71,0.0077,0.0057,1.353,0.6197,0.5463,0.0734,L2
1买,多头排列 + 中枢上穿中轴,65,0.0055,0.0072,0.757,0.4769,0.5463,-0.0694,L2
1买,多头排列 + 中枢底部回升,118,0.0123,0.0102,1.211,0.5932,0.5463,0.0469,L2
1买,多头排列 + 大盘安全,56,0.004,0.007,0.579,0.4107,0.5463,-0.1356,L2
1买,多头排列 + SID等于2,121,0.013,0.0099,1.308,0.6116,0.5463,0.0653,L2
1买,多头排列 + SID小于等于2,132,0.0137,0.0114,1.2,0.5909,0.5463,0.0446,L2
1买,多头排列 + 大盘5日上涨,71,0.0051,0.0089,0.573,0.4085,0.5463,-0.1378,L2
1买,多头排列 + 相对强弱大于0,135,0.0137,0.0121,1.137,0.5778,0.5463,0.0315,L2
1买,多头排列 + 相对强弱大于5,65,0.0063,0.0061,1.031,0.5538,0.5463,0.0076,L2
1买,多头排列 + 距前低<=10%,88,0.0095,0.0072,1.319,0.6136,0.5463,0.0673,L2
1买,空头排列 + 趋势空头,8772,0.8203,0.8692,0.944,0.5319,0.5463,-0.0144,L2
1买,空头排列 + 站上MA5,8155,0.7725,0.7961,0.97,0.5388,0.5463,-0.0075,L2
1买,空头排列 + 站上MA13,3155,0.2834,0.3266,0.868,0.5109,0.5463,-0.0354,L2
1买,空头排列 + 站上MA34,901,0.081,0.0931,0.87,0.5117,0.5463,-0.0346,L2
1买,空头排列 + 站上MA55,466,0.0427,0.0472,0.905,0.5215,0.5463,-0.0248,L2
1买,空头排列 + 站上MA89,395,0.0301,0.0474,0.634,0.4329,0.5463,-0.1134,L2
1买,空头排列 + 站上MA144,747,0.0448,0.1041,0.43,0.3414,0.5463,-0.2049,L2
1买,空头排列 + 站上MA233,1289,0.0802,0.1763,0.455,0.3538,0.5463,-0.1925,L2
1买,空头排列 + 斐波长多头,743,0.0554,0.0906,0.611,0.424,0.5463,-0.1223,L2
1买,空头排列 + MA55上穿MA89,105,0.0093,0.011,0.846,0.5048,0.5463,-0.0415,L2
1买,空头排列 + 放量,6820,0.6575,0.652,1.008,0.5484,0.5463,0.0021,L2
1买,空头排列 + 缩量,7446,0.673,0.7659,0.879,0.5141,0.5463,-0.0322,L2
1买,空头排列 + 量比大于1,8202,0.7764,0.8014,0.969,0.5384,0.5463,-0.0079,L2
1买,空头排列 + 量比大于1_3,6270,0.6111,0.5914,1.033,0.5544,0.5463,0.0081,L2
1买,空头排列 + 量比大于2,2376,0.2449,0.2081,1.177,0.5863,0.5463,0.04,L2
1买,空头排列 + 量能递增,5571,0.5404,0.5286,1.022,0.5518,0.5463,0.0055,L2
1买,空头排列 + 价涨量增,5734,0.5673,0.5307,1.069,0.5628,0.5463,0.0165,L2
1买,空头排列 + 价涨量缩,6186,0.5596,0.6357,0.88,0.5145,0.5463,-0.0317,L2
1买,空头排列 + MACD_DIF大于0,132,0.0125,0.0129,0.967,0.5379,0.5463,-0.0084,L2
1买,空头排列 + MACD金叉态,2985,0.2623,0.316,0.83,0.4998,0.5463,-0.0465,L2
1买,空头排列 + MACD柱递增,8065,0.7598,0.7923,0.959,0.5359,0.5463,-0.0104,L2
1买,空头排列 + MACD底背离,4761,0.4042,0.5212,0.776,0.4829,0.5463,-0.0634,L2
1买,空头排列 + BOLL收上中轨,1829,0.1637,0.1901,0.861,0.509,0.5463,-0.0373,L2
1买,空头排列 + BOLL突破上轨,173,0.0153,0.0182,0.84,0.5029,0.5463,-0.0434,L2
1买,空头排列 + BOLL触下轨反弹,6226,0.5962,0.6001,0.993,0.5447,0.5463,-0.0016,L2
1买,空头排列 + BOLL开口扩张,8212,0.7697,0.8116,0.948,0.5331,0.5463,-0.0132,L2
1买,空头排列 + KDJ金叉态,7784,0.7386,0.7585,0.974,0.5397,0.5463,-0.0066,L2
1买,空头排列 + KDJ_J超卖,8307,0.7765,0.8235,0.943,0.5317,0.5463,-0.0146,L2
1买,空头排列 + KDJ低位金叉,5185,0.4993,0.4964,1.006,0.5477,0.5463,0.0014,L2
1买,空头排列 + KDJ_D小于30,7425,0.6971,0.7324,0.952,0.534,0.5463,-0.0123,L2
1买,空头排列 + RSI6大于50,3885,0.3534,0.3969,0.89,0.5174,0.5463,-0.0289,L2
1买,空头排列 + RSI金叉,7403,0.6967,0.7282,0.957,0.5353,0.5463,-0.011,L2
1买,空头排列 + RSI6超卖,8118,0.763,0.7997,0.954,0.5346,0.5463,-0.0117,L2
1买,空头排列 + RSI底背离,4686,0.4207,0.4854,0.867,0.5107,0.5463,-0.0356,L2
1买,空头排列 + 威科夫得分大于4,138,0.0098,0.0174,0.567,0.4058,0.5463,-0.1405,L2
1买,空头排列 + 积累阶段,2458,0.1913,0.29,0.66,0.4426,0.5463,-0.1037,L2
1买,空头排列 + 威科夫B3弹簧,85,0.0065,0.0102,0.64,0.4353,0.5463,-0.111,L2
1买,空头排列 + 威科夫B1突破,50,0.0039,0.0059,0.653,0.44,0.5463,-0.1063,L2
1买,空头排列 + 黄金柱,293,0.0262,0.0305,0.859,0.5085,0.5463,-0.0378,L2
1买,空头排列 + 量能金叉,2134,0.2224,0.184,1.209,0.5928,0.5463,0.0465,L2
1买,空头排列 + 六脉红灯大于5,5973,0.5522,0.5995,0.921,0.5259,0.5463,-0.0204,L2
1买,空头排列 + 六脉红灯大于6,3634,0.3303,0.3715,0.889,0.5171,0.5463,-0.0292,L2
1买,空头排列 + 六脉6红首发,3634,0.3303,0.3715,0.889,0.5171,0.5463,-0.0292,L2
1买,空头排列 + 六脉5红首发,5973,0.5522,0.5995,0.921,0.5259,0.5463,-0.0204,L2
1买,空头排列 + 偏多共振,87,0.0076,0.0093,0.812,0.4943,0.5463,-0.052,L2
1买,空头排列 + 多头共振,86,0.0076,0.0091,0.831,0.5,0.5463,-0.0463,L2
1买,空头排列 + 火箭信号,542,0.0594,0.0432,1.376,0.6236,0.5463,0.0773,L2
1买,空头排列 + 二连板,56,0.0063,0.0042,1.495,0.6429,0.5463,0.0966,L2
1买,空头排列 + 极限抄底,826,0.103,0.0508,2.028,0.7094,0.5463,0.1632,L2
1买,空头排列 + 中枢进机会区,3421,0.3302,0.3266,1.011,0.549,0.5463,0.0027,L2
1买,空头排列 + 中枢极限底,5398,0.5111,0.5273,0.969,0.5385,0.5463,-0.0078,L2
1买,空头排列 + 中枢上穿中轴,1055,0.1044,0.0976,1.07,0.563,0.5463,0.0167,L2
1买,空头排列 + 中枢底部蓄力,7895,0.7252,0.7981,0.909,0.5225,0.5463,-0.0238,L2
1买,空头排列 + 中枢底部回升,8589,0.804,0.8501,0.946,0.5324,0.5463,-0.0139,L2
1买,空头排列 + 大盘多头,1184,0.0691,0.1674,0.413,0.3319,0.5463,-0.2144,L2
1买,空头排列 + 大盘空头,5783,0.5554,0.5555,1.0,0.5463,0.5463,-0.0,L2
1买,空头排列 + 大盘安全,3233,0.2607,0.3704,0.704,0.4587,0.5463,-0.0876,L2
1买,空头排列 + SID等于1,1184,0.0691,0.1674,0.413,0.3319,0.5463,-0.2144,L2
1买,空头排列 + SID等于2,5020,0.4513,0.5193,0.869,0.5114,0.5463,-0.0349,L2
1买,空头排列 + SID小于等于2,5295,0.4669,0.5586,0.836,0.5016,0.5463,-0.0447,L2
1买,空头排列 + 大盘5日上涨,5496,0.4896,0.5739,0.853,0.5067,0.5463,-0.0396,L2
1买,空头排列 + 相对强弱大于0,3134,0.2874,0.3173,0.906,0.5217,0.5463,-0.0246,L2
1买,空头排列 + 相对强弱大于5,533,0.0482,0.0548,0.879,0.5141,0.5463,-0.0322,L2
1买,空头排列 + 量比>=1.3,2290,0.2488,0.1852,1.343,0.6179,0.5463,0.0716,L2
1买,空头排列 + 量比>=2,338,0.0332,0.0315,1.053,0.5592,0.5463,0.0129,L2
1买,空头排列 + 距前高<=10%,248,0.02,0.0284,0.707,0.4597,0.5463,-0.0866,L2
1买,空头排列 + 深跌(距前高>40%),588,0.0675,0.0432,1.563,0.6531,0.5463,0.1068,L2
1买,空头排列 + 距前低<=10%,7850,0.6941,0.826,0.84,0.5029,0.5463,-0.0434,L2
1买,空头排列 + 相对强弱>=0,683,0.0629,0.0688,0.915,0.5242,0.5463,-0.0221,L2
1买,趋势多头 + 上升中回调,109,0.0091,0.0121,0.758,0.4771,0.5463,-0.0692,L2
1买,趋势多头 + 站上MA5,270,0.0253,0.0267,0.949,0.5333,0.5463,-0.013,L2
1买,趋势多头 + 站上MA13,262,0.0243,0.0262,0.924,0.5267,0.5463,-0.0196,L2
1买,趋势多头 + 站上MA34,271,0.0257,0.0265,0.97,0.5387,0.5463,-0.0075,L2
1买,趋势多头 + 站上MA55,284,0.0267,0.0279,0.956,0.5352,0.5463,-0.0111,L2
1买,趋势多头 + 站上MA89,240,0.0227,0.0235,0.965,0.5375,0.5463,-0.0088,L2
1买,趋势多头 + 站上MA144,215,0.0204,0.021,0.973,0.5395,0.5463,-0.0068,L2
1买,趋势多头 + 站上MA233,197,0.0178,0.0203,0.874,0.5127,0.5463,-0.0336,L2
1买,趋势多头 + 斐波短中多头,71,0.006,0.0078,0.763,0.4789,0.5463,-0.0674,L2
1买,趋势多头 + 斐波长多头,77,0.0055,0.0097,0.56,0.4026,0.5463,-0.1437,L2
1买,趋势多头 + 放量,270,0.0257,0.0262,0.978,0.5407,0.5463,-0.0056,L2
1买,趋势多头 + 缩量,216,0.0199,0.0218,0.911,0.5231,0.5463,-0.0231,L2
1买,趋势多头 + 量比大于1,275,0.0258,0.0271,0.954,0.5345,0.5463,-0.0117,L2
1买,趋势多头 + 量比大于1_3,251,0.0241,0.0241,0.998,0.5458,0.5463,-0.0005,L2
1买,趋势多头 + 量比大于2,162,0.0167,0.0142,1.178,0.5864,0.5463,0.0401,L2
1买,趋势多头 + 量能递增,246,0.023,0.0243,0.946,0.5325,0.5463,-0.0138,L2
1买,趋势多头 + 价涨量增,254,0.0243,0.0246,0.988,0.5433,0.5463,-0.003,L2
1买,趋势多头 + 价涨量缩,185,0.0158,0.0201,0.787,0.4865,0.5463,-0.0598,L2
1买,趋势多头 + MACD_DIF大于0,209,0.0186,0.0218,0.855,0.5072,0.5463,-0.0391,L2
1买,趋势多头 + MACD金叉态,160,0.016,0.0146,1.095,0.5687,0.5463,0.0225,L2
1买,趋势多头 + MACD柱递增,240,0.0227,0.0235,0.965,0.5375,0.5463,-0.0088,L2
1买,趋势多头 + MACD零轴上金叉,67,0.0069,0.0059,1.157,0.5821,0.5463,0.0358,L2
1买,趋势多头 + MACD底背离,68,0.0049,0.0085,0.581,0.4118,0.5463,-0.1345,L2
1买,趋势多头 + BOLL收上中轨,286,0.0269,0.0282,0.955,0.535,0.5463,-0.0113,L2
1买,趋势多头 + BOLL触下轨反弹,223,0.0213,0.0216,0.985,0.5426,0.5463,-0.0037,L2
1买,趋势多头 + BOLL开口扩张,282,0.0262,0.0282,0.93,0.5284,0.5463,-0.0179,L2
1买,趋势多头 + KDJ金叉态,248,0.0234,0.0243,0.961,0.5363,0.5463,-0.01,L2
1买,趋势多头 + KDJ_J超卖,247,0.0227,0.025,0.908,0.5223,0.5463,-0.024,L2
1买,趋势多头 + KDJ_D小于30,96,0.0095,0.0089,1.068,0.5625,0.5463,0.0162,L2
1买,趋势多头 + RSI6大于50,272,0.0255,0.0269,0.948,0.5331,0.5463,-0.0132,L2
1买,趋势多头 + RSI金叉,253,0.0237,0.025,0.95,0.5336,0.5463,-0.0127,L2
1买,趋势多头 + RSI6超卖,207,0.02,0.0197,1.018,0.5507,0.5463,0.0044,L2
1买,趋势多头 + RSI底背离,57,0.0055,0.0055,0.99,0.5439,0.5463,-0.0024,L2
1买,趋势多头 + 威科夫得分大于4,145,0.0132,0.0148,0.89,0.5172,0.5463,-0.0291,L2
1买,趋势多头 + 威科夫得分大于7,90,0.0084,0.0089,0.949,0.5333,0.5463,-0.013,L2
1买,趋势多头 + 积累阶段,63,0.0046,0.0078,0.584,0.4127,0.5463,-0.1336,L2
1买,趋势多头 + 量能金叉,114,0.0107,0.0112,0.956,0.5351,0.5463,-0.0112,L2
1买,趋势多头 + 六脉红灯大于5,233,0.0223,0.0224,0.995,0.5451,0.5463,-0.0012,L2
1买,趋势多头 + 六脉红灯大于6,218,0.0207,0.0212,0.98,0.5413,0.5463,-0.005,L2
1买,趋势多头 + 六脉6红首发,218,0.0207,0.0212,0.98,0.5413,0.5463,-0.005,L2
1买,趋势多头 + 六脉5红首发,233,0.0223,0.0224,0.995,0.5451,0.5463,-0.0012,L2
1买,趋势多头 + 偏多共振,99,0.0077,0.0116,0.664,0.4444,0.5463,-0.1018,L2
1买,趋势多头 + 多头共振,99,0.0077,0.0116,0.664,0.4444,0.5463,-0.1018,L2
1买,趋势多头 + 火箭信号,85,0.0098,0.0061,1.604,0.6588,0.5463,0.1125,L2
1买,趋势多头 + 中枢进机会区,182,0.0178,0.0171,1.036,0.5549,0.5463,0.0087,L2
1买,趋势多头 + 中枢极限底,115,0.012,0.0099,1.202,0.5913,0.5463,0.045,L2
1买,趋势多头 + 中枢上穿中轴,220,0.0211,0.0212,0.997,0.5455,0.5463,-0.0008,L2
1买,趋势多头 + 中枢底部蓄力,86,0.0081,0.0085,0.955,0.5349,0.5463,-0.0114,L2
1买,趋势多头 + 中枢底部回升,220,0.0204,0.022,0.926,0.5273,0.5463,-0.019,L2
1买,趋势多头 + 大盘多头,62,0.0046,0.0076,0.6,0.4194,0.5463,-0.1269,L2
1买,趋势多头 + 大盘空头,114,0.0088,0.0135,0.649,0.4386,0.5463,-0.1077,L2
1买,趋势多头 + 大盘安全,104,0.0081,0.0123,0.659,0.4423,0.5463,-0.104,L2
1买,趋势多头 + SID等于1,62,0.0046,0.0076,0.6,0.4194,0.5463,-0.1269,L2
1买,趋势多头 + SID等于2,210,0.0213,0.0188,1.129,0.5762,0.5463,0.0299,L2
1买,趋势多头 + SID小于等于2,230,0.0225,0.0216,1.042,0.5565,0.5463,0.0102,L2
1买,趋势多头 + 大盘5日上涨,151,0.012,0.0176,0.68,0.4503,0.5463,-0.096,L2
1买,趋势多头 + 相对强弱大于0,257,0.0251,0.0241,1.042,0.5564,0.5463,0.0101,L2
1买,趋势多头 + 相对强弱大于5,132,0.0141,0.011,1.278,0.6061,0.5463,0.0598,L2
1买,趋势多头 + 量比>=1.3,99,0.0113,0.0074,1.519,0.6465,0.5463,0.1002,L2
1买,趋势多头 + 距前高<=10%,80,0.0079,0.0074,1.068,0.5625,0.5463,0.0162,L2
1买,趋势多头 + 距前低<=10%,185,0.02,0.015,1.334,0.6162,0.5463,0.0699,L2
1买,趋势多头 + 相对强弱>=0,82,0.0083,0.0074,1.115,0.5732,0.5463,0.0269,L2
1买,趋势空头 + 站上MA5,8437,0.7968,0.8266,0.964,0.5372,0.5463,-0.0091,L2
1买,趋势空头 + 站上MA13,3349,0.2996,0.3482,0.86,0.5088,0.5463,-0.0375,L2
1买,趋势空头 + 站上MA34,1064,0.0948,0.1111,0.853,0.5066,0.5463,-0.0397,L2
1买,趋势空头 + 站上MA55,580,0.0534,0.0584,0.915,0.5241,0.5463,-0.0222,L2
1买,趋势空头 + 站上MA89,478,0.0366,0.0572,0.64,0.4351,0.5463,-0.1111,L2
1买,趋势空头 + 站上MA144,830,0.051,0.1143,0.446,0.3494,0.5463,-0.1969,L2
1买,趋势空头 + 站上MA233,1376,0.0853,0.1886,0.452,0.3525,0.5463,-0.1938,L2
1买,趋势空头 + 斐波长多头,784,0.0577,0.0965,0.597,0.4184,0.5463,-0.1279,L2
1买,趋势空头 + MA55上穿MA89,108,0.0095,0.0114,0.831,0.5,0.5463,-0.0463,L2
1买,趋势空头 + 放量,7075,0.6793,0.6797,0.999,0.5461,0.5463,-0.0001,L2
1买,趋势空头 + 缩量,7699,0.6948,0.7932,0.876,0.5133,0.5463,-0.033,L2
1买,趋势空头 + 量比大于1,8463,0.7989,0.8296,0.963,0.5369,0.5463,-0.0094,L2
1买,趋势空头 + 量比大于1_3,6468,0.6268,0.6145,1.02,0.5512,0.5463,0.0049,L2
1买,趋势空头 + 量比大于2,2473,0.2533,0.2185,1.16,0.5827,0.5463,0.0364,L2
1买,趋势空头 + 量能递增,5846,0.5636,0.5588,1.009,0.5484,0.5463,0.0021,L2
1买,趋势空头 + 价涨量增,5942,0.586,0.5523,1.061,0.5609,0.5463,0.0146,L2
1买,趋势空头 + 价涨量缩,6406,0.5781,0.66,0.876,0.5133,0.5463,-0.033,L2
1买,趋势空头 + MACD_DIF大于0,247,0.0211,0.0269,0.785,0.4858,0.5463,-0.0605,L2
1买,趋势空头 + MACD金叉态,3263,0.2866,0.3457,0.829,0.4995,0.5463,-0.0468,L2
1买,趋势空头 + MACD柱递增,8270,0.7773,0.8148,0.954,0.5346,0.5463,-0.0117,L2
1买,趋势空头 + MACD底背离,4890,0.4144,0.5362,0.773,0.482,0.5463,-0.0643,L2
1买,趋势空头 + BOLL收上中轨,2054,0.1832,0.2142,0.855,0.5073,0.5463,-0.039,L2
1买,趋势空头 + BOLL突破上轨,217,0.019,0.0231,0.823,0.4977,0.5463,-0.0486,L2
1买,趋势空头 + BOLL触下轨反弹,6425,0.6125,0.6226,0.984,0.5423,0.5463,-0.004,L2
1买,趋势空头 + BOLL开口扩张,8512,0.7952,0.8444,0.942,0.5314,0.5463,-0.0149,L2
1买,趋势空头 + KDJ金叉态,7965,0.7535,0.7788,0.968,0.5381,0.5463,-0.0082,L2
1买,趋势空头 + KDJ_J超卖,8580,0.7999,0.8531,0.938,0.5303,0.5463,-0.016,L2
1买,趋势空头 + KDJ低位金叉,5187,0.4995,0.4966,1.006,0.5477,0.5463,0.0014,L2
1买,趋势空头 + KDJ_D小于30,7486,0.7034,0.7377,0.953,0.5345,0.5463,-0.0118,L2
1买,趋势空头 + RSI6大于50,4103,0.3724,0.4202,0.886,0.5162,0.5463,-0.0301,L2
1买,趋势空头 + RSI金叉,7649,0.7185,0.754,0.953,0.5343,0.5463,-0.012,L2
1买,趋势空头 + RSI6超卖,8318,0.7795,0.8222,0.948,0.5331,0.5463,-0.0132,L2
1买,趋势空头 + RSI底背离,4809,0.432,0.4979,0.868,0.5109,0.5463,-0.0354,L2
1买,趋势空头 + 威科夫得分大于4,216,0.0167,0.0256,0.652,0.4398,0.5463,-0.1065,L2
1买,趋势空头 + 威科夫得分大于7,54,0.0044,0.0061,0.716,0.463,0.5463,-0.0833,L2
1买,趋势空头 + 积累阶段,2622,0.2041,0.3093,0.66,0.4428,0.5463,-0.1035,L2
1买,趋势空头 + 威科夫B3弹簧,88,0.0067,0.0106,0.631,0.4318,0.5463,-0.1145,L2
1买,趋势空头 + 威科夫B1突破,57,0.0044,0.0068,0.649,0.4386,0.5463,-0.1077,L2
1买,趋势空头 + 黄金柱,311,0.028,0.0322,0.869,0.5113,0.5463,-0.035,L2
1买,趋势空头 + 量能金叉,2208,0.2286,0.1922,1.189,0.5888,0.5463,0.0425,L2
1买,趋势空头 + 六脉红灯大于5,6144,0.5672,0.6177,0.918,0.5251,0.5463,-0.0212,L2
1买,趋势空头 + 六脉红灯大于6,3783,0.343,0.3878,0.884,0.5157,0.5463,-0.0306,L2
1买,趋势空头 + 六脉6红首发,3783,0.343,0.3878,0.884,0.5157,0.5463,-0.0306,L2
1买,趋势空头 + 六脉5红首发,6144,0.5672,0.6177,0.918,0.5251,0.5463,-0.0212,L2
1买,趋势空头 + 偏多共振,125,0.0109,0.0133,0.817,0.496,0.5463,-0.0503,L2
1买,趋势空头 + 多头共振,124,0.0109,0.0131,0.831,0.5,0.5463,-0.0463,L2
1买,趋势空头 + 火箭信号,576,0.0626,0.0466,1.344,0.6181,0.5463,0.0718,L2
1买,趋势空头 + 二连板,61,0.007,0.0044,1.582,0.6557,0.5463,0.1094,L2
1买,趋势空头 + 极限抄底,826,0.103,0.0508,2.028,0.7094,0.5463,0.1632,L2
1买,趋势空头 + 中枢进机会区,3642,0.349,0.3508,0.995,0.545,0.5463,-0.0013,L2
1买,趋势空头 + 中枢极限底,5495,0.5192,0.5381,0.965,0.5374,0.5463,-0.0089,L2
1买,趋势空头 + 中枢上穿中轴,1184,0.1152,0.112,1.028,0.5532,0.5463,0.0069,L2
1买,趋势空头 + 中枢底部蓄力,7992,0.7333,0.8088,0.907,0.5219,0.5463,-0.0244,L2
1买,趋势空头 + 中枢底部回升,8835,0.8252,0.8766,0.941,0.5313,0.5463,-0.015,L2
1买,趋势空头 + 大盘多头,1244,0.0728,0.1757,0.414,0.3328,0.5463,-0.2135,L2
1买,趋势空头 + 大盘空头,5993,0.5751,0.5762,0.998,0.5458,0.5463,-0.0005,L2
1买,趋势空头 + 大盘安全,3381,0.2716,0.3887,0.699,0.457,0.5463,-0.0893,L2
1买,趋势空头 + SID等于1,1244,0.0728,0.1757,0.414,0.3328,0.5463,-0.2135,L2
1买,趋势空头 + SID等于2,5186,0.4636,0.5396,0.859,0.5085,0.5463,-0.0378,L2
1买,趋势空头 + SID小于等于2,5484,0.4808,0.5819,0.826,0.4987,0.5463,-0.0476,L2
1买,趋势空头 + 大盘5日上涨,5722,0.51,0.5972,0.854,0.507,0.5463,-0.0393,L2
1买,趋势空头 + 相对强弱大于0,3398,0.311,0.3448,0.902,0.5206,0.5463,-0.0257,L2
1买,趋势空头 + 相对强弱大于5,646,0.0592,0.0654,0.906,0.5217,0.5463,-0.0246,L2
1买,趋势空头 + 量比>=1.3,2353,0.2544,0.1918,1.326,0.615,0.5463,0.0687,L2
1买,趋势空头 + 量比>=2,358,0.0353,0.0332,1.063,0.5615,0.5463,0.0152,L2
1买,趋势空头 + 距前高<=10%,285,0.0229,0.0328,0.697,0.4561,0.5463,-0.0902,L2
1买,趋势空头 + 深跌(距前高>40%),590,0.0675,0.0436,1.548,0.6508,0.5463,0.1046,L2
1买,趋势空头 + 距前低<=10%,8127,0.7182,0.8556,0.839,0.5026,0.5463,-0.0436,L2
1买,趋势空头 + 相对强弱>=0,782,0.0723,0.0785,0.92,0.5256,0.5463,-0.0207,L2
1买,上升中回调 + 站上MA5,253,0.0239,0.0248,0.965,0.5375,0.5463,-0.0087,L2
1买,上升中回调 + 站上MA13,140,0.0127,0.0144,0.879,0.5143,0.5463,-0.032,L2
1买,上升中回调 + 站上MA34,159,0.0141,0.0167,0.841,0.5031,0.5463,-0.0431,L2
1买,上升中回调 + 站上MA55,252,0.0239,0.0246,0.974,0.5397,0.5463,-0.0066,L2
1买,上升中回调 + 站上MA89,205,0.0185,0.0212,0.872,0.5122,0.5463,-0.0341,L2
1买,上升中回调 + 站上MA144,193,0.0167,0.0207,0.805,0.4922,0.5463,-0.0541,L2
1买,上升中回调 + 站上MA233,187,0.0164,0.0199,0.822,0.4973,0.5463,-0.049,L2
1买,上升中回调 + 斐波短中多头,55,0.0044,0.0064,0.692,0.4545,0.5463,-0.0917,L2
1买,上升中回调 + 斐波长多头,74,0.0053,0.0093,0.566,0.4054,0.5463,-0.1409,L2
1买,上升中回调 + 放量,234,0.0227,0.0222,1.02,0.5513,0.5463,0.005,L2
1买,上升中回调 + 缩量,238,0.022,0.0239,0.919,0.5252,0.5463,-0.0211,L2
1买,上升中回调 + 量比大于1,256,0.0243,0.025,0.971,0.5391,0.5463,-0.0072,L2
1买,上升中回调 + 量比大于1_3,217,0.0204,0.0214,0.954,0.5346,0.5463,-0.0117,L2
1买,上升中回调 + 量比大于2,112,0.0113,0.0102,1.107,0.5714,0.5463,0.0251,L2
1买,上升中回调 + 量能递增,205,0.0204,0.0188,1.082,0.5659,0.5463,0.0196,L2
1买,上升中回调 + 价涨量增,199,0.0186,0.0197,0.947,0.5327,0.5463,-0.0136,L2
1买,上升中回调 + 价涨量缩,199,0.0176,0.021,0.839,0.5025,0.5463,-0.0438,L2
1买,上升中回调 + MACD_DIF大于0,202,0.0186,0.0203,0.917,0.5248,0.5463,-0.0215,L2
1买,上升中回调 + MACD金叉态,69,0.0067,0.0066,1.018,0.5507,0.5463,0.0044,L2
1买,上升中回调 + MACD柱递增,221,0.0206,0.022,0.934,0.5294,0.5463,-0.0169,L2
1买,上升中回调 + MACD底背离,56,0.0039,0.0072,0.537,0.3929,0.5463,-0.1534,L2
1买,上升中回调 + BOLL收上中轨,113,0.0095,0.0125,0.76,0.4779,0.5463,-0.0684,L2
1买,上升中回调 + BOLL触下轨反弹,232,0.0232,0.0212,1.096,0.569,0.5463,0.0227,L2
1买,上升中回调 + BOLL开口扩张,273,0.0257,0.0269,0.955,0.5348,0.5463,-0.0115,L2
1买,上升中回调 + KDJ金叉态,227,0.0209,0.0229,0.915,0.5242,0.5463,-0.0221,L2
1买,上升中回调 + KDJ_J超卖,243,0.0227,0.0241,0.94,0.5309,0.5463,-0.0154,L2
1买,上升中回调 + KDJ低位金叉,60,0.0047,0.007,0.68,0.45,0.5463,-0.0963,L2
1买,上升中回调 + KDJ_D小于30,132,0.0123,0.0131,0.938,0.5303,0.5463,-0.016,L2
1买,上升中回调 + RSI6大于50,179,0.0162,0.0184,0.878,0.514,0.5463,-0.0323,L2
1买,上升中回调 + RSI金叉,203,0.0186,0.0205,0.908,0.5222,0.5463,-0.0241,L2
1买,上升中回调 + RSI6超卖,217,0.0214,0.0201,1.067,0.5622,0.5463,0.0159,L2
1买,上升中回调 + RSI底背离,52,0.0055,0.0044,1.226,0.5962,0.5463,0.0499,L2
1买,上升中回调 + 威科夫得分大于4,104,0.0088,0.0114,0.769,0.4808,0.5463,-0.0655,L2
1买,上升中回调 + 积累阶段,51,0.0033,0.0068,0.493,0.3725,0.5463,-0.1737,L2
1买,上升中回调 + 量能金叉,84,0.0084,0.0076,1.107,0.5714,0.5463,0.0251,L2
1买,上升中回调 + 六脉红灯大于5,159,0.0148,0.0159,0.93,0.5283,0.5463,-0.018,L2
1买,上升中回调 + 六脉红灯大于6,130,0.0123,0.0127,0.969,0.5385,0.5463,-0.0078,L2
1买,上升中回调 + 六脉6红首发,130,0.0123,0.0127,0.969,0.5385,0.5463,-0.0078,L2
1买,上升中回调 + 六脉5红首发,159,0.0148,0.0159,0.93,0.5283,0.5463,-0.018,L2
1买,上升中回调 + 偏多共振,99,0.0084,0.0108,0.782,0.4848,0.5463,-0.0614,L2
1买,上升中回调 + 多头共振,98,0.0084,0.0106,0.797,0.4898,0.5463,-0.0565,L2
1买,上升中回调 + 中枢进机会区,190,0.019,0.0174,1.094,0.5684,0.5463,0.0221,L2
1买,上升中回调 + 中枢极限底,100,0.0102,0.0089,1.147,0.58,0.5463,0.0337,L2
1买,上升中回调 + 中枢上穿中轴,132,0.0132,0.0121,1.093,0.5682,0.5463,0.0219,L2
1买,上升中回调 + 中枢底部蓄力,65,0.0046,0.0083,0.554,0.4,0.5463,-0.1463,L2
1买,上升中回调 + 中枢底部回升,212,0.02,0.0207,0.966,0.5377,0.5463,-0.0086,L2
1买,上升中回调 + 大盘多头,56,0.0037,0.0074,0.498,0.375,0.5463,-0.1713,L2
1买,上升中回调 + 大盘空头,86,0.0065,0.0104,0.627,0.4302,0.5463,-0.1161,L2
1买,上升中回调 + 大盘安全,83,0.0058,0.0106,0.548,0.3976,0.5463,-0.1487,L2
1买,上升中回调 + SID等于1,56,0.0037,0.0074,0.498,0.375,0.5463,-0.1713,L2
1买,上升中回调 + SID等于2,218,0.022,0.0197,1.116,0.5734,0.5463,0.0271,L2
1买,上升中回调 + SID小于等于2,235,0.0227,0.0224,1.011,0.5489,0.5463,0.0026,L2
1买,上升中回调 + 大盘5日上涨,121,0.0084,0.0155,0.546,0.3967,0.5463,-0.1496,L2
1买,上升中回调 + 相对强弱大于0,183,0.0167,0.0186,0.897,0.5191,0.5463,-0.0272,L2
1买,上升中回调 + 相对强弱大于5,56,0.0056,0.0051,1.107,0.5714,0.5463,0.0251,L2
1买,上升中回调 + 量比>=1.3,98,0.0104,0.0083,1.256,0.602,0.5463,0.0557,L2
1买,上升中回调 + 距前高<=10%,60,0.0053,0.0064,0.831,0.5,0.5463,-0.0463,L2
1买,上升中回调 + 距前低<=10%,150,0.0153,0.0133,1.147,0.58,0.5463,0.0337,L2
1买,上升中回调 + 相对强弱>=0,53,0.0055,0.0047,1.17,0.5849,0.5463,0.0386,L2
1买,突破前高 + 站上MA5,58,0.0065,0.0044,1.463,0.6379,0.5463,0.0916,L2
1买,突破前高 + 站上MA13,58,0.0065,0.0044,1.463,0.6379,0.5463,0.0916,L2
1买,突破前高 + 站上MA34,58,0.0065,0.0044,1.463,0.6379,0.5463,0.0916,L2
1买,突破前高 + 站上MA55,58,0.0065,0.0044,1.463,0.6379,0.5463,0.0916,L2
1买,突破前高 + 站上MA89,58,0.0065,0.0044,1.463,0.6379,0.5463,0.0916,L2
1买,突破前高 + 站上MA144,50,0.0058,0.0036,1.612,0.66,0.5463,0.1137,L2
1买,突破前高 + 放量,58,0.0065,0.0044,1.463,0.6379,0.5463,0.0916,L2
1买,突破前高 + 量比大于1,58,0.0065,0.0044,1.463,0.6379,0.5463,0.0916,L2
1买,突破前高 + 量比大于1_3,58,0.0065,0.0044,1.463,0.6379,0.5463,0.0916,L2
1买,突破前高 + 量比大于2,51,0.006,0.0036,1.661,0.6667,0.5463,0.1204,L2
1买,突破前高 + 量能递增,56,0.0062,0.0044,1.384,0.625,0.5463,0.0787,L2
1买,突破前高 + 价涨量增,58,0.0065,0.0044,1.463,0.6379,0.5463,0.0916,L2
1买,突破前高 + MACD金叉态,57,0.0063,0.0044,1.424,0.6316,0.5463,0.0853,L2
1买,突破前高 + MACD柱递增,56,0.0063,0.0042,1.495,0.6429,0.5463,0.0966,L2
1买,突破前高 + BOLL收上中轨,58,0.0065,0.0044,1.463,0.6379,0.5463,0.0916,L2
1买,突破前高 + BOLL开口扩张,58,0.0065,0.0044,1.463,0.6379,0.5463,0.0916,L2
1买,突破前高 + KDJ金叉态,58,0.0065,0.0044,1.463,0.6379,0.5463,0.0916,L2
1买,突破前高 + KDJ_J超卖,50,0.0055,0.004,1.355,0.62,0.5463,0.0737,L2
1买,突破前高 + RSI6大于50,58,0.0065,0.0044,1.463,0.6379,0.5463,0.0916,L2
1买,突破前高 + RSI金叉,58,0.0065,0.0044,1.463,0.6379,0.5463,0.0916,L2
1买,突破前高 + 六脉红灯大于5,58,0.0065,0.0044,1.463,0.6379,0.5463,0.0916,L2
1买,突破前高 + 六脉红灯大于6,58,0.0065,0.0044,1.463,0.6379,0.5463,0.0916,L2
1买,突破前高 + 六脉6红首发,58,0.0065,0.0044,1.463,0.6379,0.5463,0.0916,L2
1买,突破前高 + 六脉5红首发,58,0.0065,0.0044,1.463,0.6379,0.5463,0.0916,L2
1买,突破前高 + 中枢上穿中轴,57,0.0065,0.0042,1.536,0.6491,0.5463,0.1028,L2
1买,突破前高 + 相对强弱大于0,58,0.0065,0.0044,1.463,0.6379,0.5463,0.0916,L2
1买,突破前高 + 相对强弱大于5,54,0.0062,0.004,1.53,0.6481,0.5463,0.1019,L2
1买,站上MA5 + 站上MA13,3622,0.3242,0.3764,0.861,0.5091,0.5463,-0.0372,L2
1买,站上MA5 + 站上MA34,1327,0.1188,0.1378,0.862,0.5094,0.5463,-0.0369,L2
1买,站上MA5 + 站上MA55,932,0.0868,0.0927,0.937,0.53,0.5463,-0.0162,L2
1买,站上MA5 + 站上MA89,810,0.0675,0.0902,0.749,0.4741,0.5463,-0.0722,L2
1买,站上MA5 + 站上MA144,1171,0.0844,0.1463,0.577,0.4099,0.5463,-0.1364,L2
1买,站上MA5 + 站上MA233,1834,0.137,0.2233,0.613,0.4248,0.5463,-0.1215,L2
1买,站上MA5 + 斐波短中多头,117,0.0125,0.0097,1.282,0.6068,0.5463,0.0605,L2
1买,站上MA5 + 斐波长多头,1015,0.0867,0.1105,0.784,0.4857,0.5463,-0.0606,L2
1买,站上MA5 + MA55上穿MA89,184,0.0202,0.0146,1.384,0.625,0.5463,0.0787,L2
1买,站上MA5 + 放量,7534,0.7519,0.6895,1.091,0.5677,0.5463,0.0214,L2
1买,站上MA5 + 缩量,8167,0.7746,0.7961,0.973,0.5395,0.5463,-0.0068,L2
1买,站上MA5 + 量比大于1,8995,0.884,0.8398,1.053,0.559,0.5463,0.0127,L2
1买,站上MA5 + 量比大于1_3,6947,0.7004,0.6272,1.117,0.5735,0.5463,0.0272,L2
1买,站上MA5 + 量比大于2,2758,0.2915,0.2329,1.252,0.6012,0.5463,0.0549,L2
1买,站上MA5 + 量能递增,6277,0.6278,0.5728,1.096,0.5689,0.5463,0.0226,L2
1买,站上MA5 + 价涨量增,6440,0.6477,0.5834,1.11,0.572,0.5463,0.0258,L2
1买,站上MA5 + 价涨量缩,6900,0.66,0.666,0.991,0.5441,0.5463,-0.0022,L2
1买,站上MA5 + MACD_DIF大于0,646,0.0638,0.0599,1.065,0.5619,0.5463,0.0156,L2
1买,站上MA5 + MACD金叉态,3242,0.2848,0.3434,0.829,0.4997,0.5463,-0.0466,L2
1买,站上MA5 + MACD柱递增,9001,0.8817,0.8438,1.045,0.5572,0.5463,0.0109,L2
1买,站上MA5 + MACD零轴上金叉,87,0.0081,0.0087,0.932,0.5287,0.5463,-0.0176,L2
1买,站上MA5 + MACD底背离,4658,0.3972,0.5078,0.782,0.485,0.5463,-0.0613,L2
1买,站上MA5 + BOLL收上中轨,2274,0.2029,0.2371,0.856,0.5075,0.5463,-0.0388,L2
1买,站上MA5 + BOLL突破上轨,256,0.0232,0.0262,0.884,0.5156,0.5463,-0.0307,L2
1买,站上MA5 + BOLL触下轨反弹,6818,0.6755,0.63,1.072,0.5635,0.5463,0.0172,L2
1买,站上MA5 + BOLL开口扩张,9089,0.8884,0.8544,1.04,0.5559,0.5463,0.0097,L2
1买,站上MA5 + KDJ金叉态,8685,0.85,0.815,1.043,0.5567,0.5463,0.0104,L2
1买,站上MA5 + KDJ_J超卖,9080,0.885,0.8565,1.033,0.5544,0.5463,0.0081,L2
1买,站上MA5 + KDJ低位金叉,5503,0.548,0.5051,1.085,0.5664,0.5463,0.0201,L2
1买,站上MA5 + KDJ_D小于30,7769,0.7588,0.7309,1.038,0.5555,0.5463,0.0092,L2
1买,站上MA5 + RSI6大于50,4488,0.407,0.46,0.885,0.5158,0.5463,-0.0305,L2
1买,站上MA5 + RSI金叉,8189,0.7773,0.7976,0.974,0.5399,0.5463,-0.0064,L2
1买,站上MA5 + RSI6超卖,8800,0.8646,0.8218,1.052,0.5589,0.5463,0.0126,L2
1买,站上MA5 + RSI底背离,4665,0.4228,0.4784,0.884,0.5155,0.5463,-0.0308,L2
1买,站上MA5 + 威科夫得分大于4,416,0.036,0.0447,0.807,0.4928,0.5463,-0.0535,L2
1买,站上MA5 + 威科夫得分大于7,137,0.0128,0.0135,0.947,0.5328,0.5463,-0.0134,L2
1买,站上MA5 + 积累阶段,2631,0.2066,0.3082,0.67,0.4466,0.5463,-0.0997,L2
1买,站上MA5 + 威科夫B3弹簧,88,0.0067,0.0106,0.631,0.4318,0.5463,-0.1145,L2
1买,站上MA5 + 威科夫B1突破,57,0.0044,0.0068,0.649,0.4386,0.5463,-0.1077,L2
1买,站上MA5 + 黄金柱,332,0.0297,0.0345,0.861,0.509,0.5463,-0.0373,L2
1买,站上MA5 + 量能金叉,2479,0.2667,0.2036,1.31,0.6119,0.5463,0.0656,L2
1买,站上MA5 + 六脉红灯大于5,6531,0.6048,0.6543,0.924,0.5267,0.5463,-0.0196,L2
1买,站上MA5 + 六脉红灯大于6,4073,0.3697,0.417,0.887,0.5163,0.5463,-0.03,L2
1买,站上MA5 + 六脉6红首发,4073,0.3697,0.417,0.887,0.5163,0.5463,-0.03,L2
1买,站上MA5 + 六脉5红首发,6531,0.6048,0.6543,0.924,0.5267,0.5463,-0.0196,L2
1买,站上MA5 + 偏多共振,382,0.0431,0.029,1.485,0.6414,0.5463,0.0951,L2
1买,站上MA5 + 多头共振,381,0.0429,0.029,1.479,0.6404,0.5463,0.0941,L2
1买,站上MA5 + 火箭信号,672,0.0735,0.0538,1.367,0.622,0.5463,0.0757,L2
1买,站上MA5 + 二连板,74,0.0091,0.0047,1.963,0.7027,0.5463,0.1564,L2
1买,站上MA5 + 二次涨停,59,0.0056,0.0057,0.984,0.5424,0.5463,-0.0039,L2
1买,站上MA5 + 极限抄底,878,0.1157,0.0466,2.484,0.7494,0.5463,0.2031,L2
1买,站上MA5 + 中枢进机会区,4185,0.4309,0.3671,1.174,0.5857,0.5463,0.0394,L2
1买,站上MA5 + 中枢极限底,5850,0.5847,0.5343,1.094,0.5685,0.5463,0.0223,L2
1买,站上MA5 + 中枢上穿中轴,1458,0.1431,0.1363,1.05,0.5583,0.5463,0.012,L2
1买,站上MA5 + 中枢底部蓄力,7945,0.744,0.786,0.947,0.5327,0.5463,-0.0136,L2
1买,站上MA5 + 中枢底部回升,9347,0.9107,0.8821,1.032,0.5542,0.5463,0.0079,L2
1买,站上MA5 + 大盘多头,1245,0.0759,0.1721,0.441,0.347,0.5463,-0.1993,L2
1买,站上MA5 + 大盘空头,5891,0.5626,0.5696,0.988,0.5432,0.5463,-0.0031,L2
1买,站上MA5 + 大盘安全,3403,0.2781,0.3855,0.722,0.4649,0.5463,-0.0814,L2
1买,站上MA5 + SID等于1,1245,0.0759,0.1721,0.441,0.347,0.5463,-0.1993,L2
1买,站上MA5 + SID等于2,5851,0.5726,0.5491,1.043,0.5567,0.5463,0.0104,L2
1买,站上MA5 + SID小于等于2,6155,0.5897,0.5929,0.994,0.5449,0.5463,-0.0014,L2
1买,站上MA5 + 大盘5日上涨,5679,0.5047,0.5944,0.849,0.5055,0.5463,-0.0407,L2
1买,站上MA5 + 相对强弱大于0,3621,0.3333,0.3652,0.913,0.5236,0.5463,-0.0227,L2
1买,站上MA5 + 相对强弱大于5,756,0.0703,0.0754,0.933,0.5291,0.5463,-0.0172,L2
1买,站上MA5 + 量比>=1.3,2610,0.2911,0.2019,1.442,0.6345,0.5463,0.0882,L2
1买,站上MA5 + 量比>=2,386,0.0397,0.0339,1.173,0.5855,0.5463,0.0392,L2
1买,站上MA5 + 距前高<=10%,416,0.0359,0.0449,0.799,0.4904,0.5463,-0.0559,L2
1买,站上MA5 + 深跌(距前高>40%),567,0.0658,0.0409,1.609,0.6596,0.5463,0.1133,L2
1买,站上MA5 + 距前低<=10%,8237,0.7528,0.8372,0.899,0.5198,0.5463,-0.0264,L2
1买,站上MA5 + 相对强弱>=0,857,0.0795,0.0857,0.927,0.5274,0.5463,-0.0189,L2
1买,站上MA5 + 相对强弱>=5,58,0.0056,0.0055,1.022,0.5517,0.5463,0.0054,L2
1买,站上MA13 + 站上MA34,1262,0.113,0.131,0.863,0.5095,0.5463,-0.0368,L2
1买,站上MA13 + 站上MA55,833,0.0759,0.0849,0.895,0.5186,0.5463,-0.0277,L2
1买,站上MA13 + 站上MA89,602,0.0519,0.065,0.798,0.49,0.5463,-0.0563,L2
1买,站上MA13 + 站上MA144,636,0.0454,0.08,0.567,0.4057,0.5463,-0.1406,L2
1买,站上MA13 + 站上MA233,792,0.0515,0.1056,0.488,0.3699,0.5463,-0.1763,L2
1买,站上MA13 + 斐波短中多头,64,0.0053,0.0072,0.733,0.4688,0.5463,-0.0775,L2
1买,站上MA13 + 斐波长多头,267,0.0158,0.0375,0.422,0.3371,0.5463,-0.2092,L2
1买,站上MA13 + 放量,3334,0.3031,0.3408,0.889,0.5171,0.5463,-0.0292,L2
1买,站上MA13 + 缩量,2895,0.2495,0.3124,0.798,0.4902,0.5463,-0.0561,L2
1买,站上MA13 + 量比大于1,3584,0.3233,0.3694,0.875,0.5131,0.5463,-0.0332,L2
1买,站上MA13 + 量比大于1_3,3143,0.2852,0.322,0.886,0.5161,0.5463,-0.0302,L2
1买,站上MA13 + 量比大于2,1525,0.1389,0.1556,0.893,0.518,0.5463,-0.0283,L2
1买,站上MA13 + 量能递增,2720,0.2467,0.2788,0.885,0.5158,0.5463,-0.0305,L2
1买,站上MA13 + 价涨量增,3207,0.2932,0.3258,0.9,0.5201,0.5463,-0.0262,L2
1买,站上MA13 + 价涨量缩,2154,0.1862,0.2318,0.803,0.4916,0.5463,-0.0546,L2
1买,站上MA13 + MACD_DIF大于0,308,0.0258,0.0341,0.758,0.4773,0.5463,-0.069,L2
1买,站上MA13 + MACD金叉态,2454,0.2117,0.2646,0.8,0.4906,0.5463,-0.0557,L2
1买,站上MA13 + MACD柱递增,3471,0.3135,0.3573,0.877,0.5137,0.5463,-0.0326,L2
1买,站上MA13 + MACD零轴上金叉,87,0.0081,0.0087,0.932,0.5287,0.5463,-0.0176,L2
1买,站上MA13 + MACD底背离,2142,0.1804,0.2362,0.764,0.479,0.5463,-0.0673,L2
1买,站上MA13 + BOLL收上中轨,2219,0.1966,0.2331,0.843,0.5038,0.5463,-0.0425,L2
1买,站上MA13 + BOLL突破上轨,256,0.0232,0.0262,0.884,0.5156,0.5463,-0.0307,L2
1买,站上MA13 + BOLL触下轨反弹,2521,0.2328,0.2534,0.919,0.5252,0.5463,-0.0211,L2
1买,站上MA13 + BOLL开口扩张,3307,0.2987,0.3404,0.878,0.5138,0.5463,-0.0325,L2
1买,站上MA13 + KDJ金叉态,3565,0.3194,0.37,0.863,0.5097,0.5463,-0.0366,L2
1买,站上MA13 + KDJ_J超卖,3240,0.2904,0.3362,0.864,0.5099,0.5463,-0.0364,L2
1买,站上MA13 + KDJ低位金叉,1498,0.1387,0.1501,0.924,0.5267,0.5463,-0.0196,L2
1买,站上MA13 + KDJ_D小于30,2586,0.2384,0.2604,0.916,0.5244,0.5463,-0.0219,L2
1买,站上MA13 + RSI6大于50,3577,0.3226,0.3688,0.875,0.513,0.5463,-0.0333,L2
1买,站上MA13 + RSI金叉,3579,0.3216,0.3704,0.868,0.511,0.5463,-0.0353,L2
1买,站上MA13 + RSI6超卖,3003,0.2714,0.3088,0.879,0.5142,0.5463,-0.0321,L2
1买,站上MA13 + RSI底背离,2110,0.1878,0.2206,0.851,0.5062,0.5463,-0.0401,L2
1买,站上MA13 + 威科夫得分大于4,250,0.0185,0.0307,0.601,0.42,0.5463,-0.1263,L2
1买,站上MA13 + 威科夫得分大于7,109,0.009,0.0123,0.73,0.4679,0.5463,-0.0784,L2
1买,站上MA13 + 积累阶段,1424,0.1101,0.1689,0.652,0.4396,0.5463,-0.1067,L2
1买,站上MA13 + 威科夫B3弹簧,57,0.0051,0.0059,0.86,0.5088,0.5463,-0.0375,L2
1买,站上MA13 + 威科夫B1突破,57,0.0044,0.0068,0.649,0.4386,0.5463,-0.1077,L2
1买,站上MA13 + 黄金柱,324,0.029,0.0337,0.862,0.5093,0.5463,-0.037,L2
1买,站上MA13 + 量能金叉,1207,0.1127,0.1198,0.941,0.5311,0.5463,-0.0152,L2
1买,站上MA13 + 六脉红灯大于5,3557,0.3191,0.3688,0.865,0.5103,0.5463,-0.036,L2
1买,站上MA13 + 六脉红灯大于6,3399,0.3077,0.3491,0.881,0.5149,0.5463,-0.0314,L2
1买,站上MA13 + 六脉6红首发,3399,0.3077,0.3491,0.881,0.5149,0.5463,-0.0314,L2
1买,站上MA13 + 六脉5红首发,3557,0.3191,0.3688,0.865,0.5103,0.5463,-0.036,L2
1买,站上MA13 + 偏多共振,122,0.009,0.015,0.597,0.418,0.5463,-0.1283,L2
1买,站上MA13 + 多头共振,122,0.009,0.015,0.597,0.418,0.5463,-0.1283,L2
1买,站上MA13 + 火箭信号,513,0.0538,0.0438,1.228,0.5965,0.5463,0.0502,L2
1买,站上MA13 + 二连板,66,0.0077,0.0047,1.661,0.6667,0.5463,0.1204,L2
1买,站上MA13 + 极限抄底,92,0.0095,0.008,1.18,0.587,0.5463,0.0407,L2
1买,站上MA13 + 中枢进机会区,1536,0.1394,0.1573,0.886,0.5163,0.5463,-0.03,L2
1买,站上MA13 + 中枢极限底,1980,0.1753,0.2081,0.842,0.5035,0.5463,-0.0428,L2
1买,站上MA13 + 中枢上穿中轴,1319,0.1268,0.1266,1.001,0.5466,0.5463,0.0003,L2
1买,站上MA13 + 中枢底部蓄力,2969,0.2635,0.3112,0.847,0.5049,0.5463,-0.0414,L2
1买,站上MA13 + 中枢底部回升,3459,0.3103,0.3586,0.865,0.5103,0.5463,-0.036,L2
1买,站上MA13 + 大盘多头,576,0.0336,0.0815,0.412,0.3316,0.5463,-0.2147,L2
1买,站上MA13 + 大盘空头,2525,0.243,0.242,1.004,0.5473,0.5463,0.001,L2
1买,站上MA13 + 大盘安全,1592,0.1222,0.1899,0.643,0.4366,0.5463,-0.1097,L2
1买,站上MA13 + SID等于1,576,0.0336,0.0815,0.412,0.3316,0.5463,-0.2147,L2
1买,站上MA13 + SID等于2,1983,0.1649,0.2212,0.745,0.473,0.5463,-0.0733,L2
1买,站上MA13 + SID小于等于2,2145,0.1733,0.2453,0.707,0.4597,0.5463,-0.0866,L2
1买,站上MA13 + 大盘5日上涨,2549,0.2148,0.2809,0.765,0.4794,0.5463,-0.0669,L2
1买,站上MA13 + 相对强弱大于0,2564,0.2319,0.2635,0.88,0.5144,0.5463,-0.0319,L2
1买,站上MA13 + 相对强弱大于5,713,0.0654,0.0722,0.906,0.5217,0.5463,-0.0246,L2
1买,站上MA13 + 量比>=1.3,1061,0.103,0.1006,1.025,0.5523,0.5463,0.006,L2
1买,站上MA13 + 量比>=2,220,0.0211,0.0212,0.997,0.5455,0.5463,-0.0008,L2
1买,站上MA13 + 距前高<=10%,252,0.0223,0.0265,0.844,0.504,0.5463,-0.0423,L2
1买,站上MA13 + 深跌(距前高>40%),118,0.0107,0.0121,0.889,0.5169,0.5463,-0.0293,L2
1买,站上MA13 + 距前低<=10%,3301,0.2911,0.3482,0.836,0.5017,0.5463,-0.0446,L2
1买,站上MA13 + 相对强弱>=0,645,0.0601,0.0641,0.937,0.5302,0.5463,-0.0161,L2
1买,站上MA13 + 相对强弱>=5,57,0.0056,0.0053,1.063,0.5614,0.5463,0.0151,L2
1买,站上MA34 + 站上MA55,851,0.0784,0.0857,0.915,0.5241,0.5463,-0.0222,L2
1买,站上MA34 + 站上MA89,581,0.0513,0.0612,0.839,0.5026,0.5463,-0.0437,L2
1买,站上MA34 + 站上MA144,502,0.0396,0.0586,0.675,0.4482,0.5463,-0.0981,L2
1买,站上MA34 + 站上MA233,504,0.0367,0.0624,0.588,0.4147,0.5463,-0.1316,L2
1买,站上MA34 + 斐波短中多头,84,0.007,0.0093,0.755,0.4762,0.5463,-0.0701,L2
1买,站上MA34 + 斐波长多头,162,0.0097,0.0227,0.427,0.3395,0.5463,-0.2068,L2
1买,站上MA34 + 放量,1318,0.119,0.1357,0.877,0.5137,0.5463,-0.0326,L2
1买,站上MA34 + 缩量,1028,0.09,0.1092,0.824,0.4981,0.5463,-0.0482,L2
1买,站上MA34 + 量比大于1,1339,0.1201,0.1389,0.865,0.5101,0.5463,-0.0362,L2
1买,站上MA34 + 量比大于1_3,1234,0.1109,0.1276,0.869,0.5113,0.5463,-0.0349,L2
1买,站上MA34 + 量比大于2,822,0.0731,0.0859,0.851,0.5061,0.5463,-0.0402,L2
1买,站上MA34 + 量能递增,1214,0.1074,0.1276,0.842,0.5033,0.5463,-0.043,L2
1买,站上MA34 + 价涨量增,1257,0.1141,0.1287,0.887,0.5163,0.5463,-0.03,L2
1买,站上MA34 + 价涨量缩,758,0.0652,0.0819,0.796,0.4894,0.5463,-0.0568,L2
1买,站上MA34 + MACD_DIF大于0,371,0.0318,0.0402,0.791,0.4879,0.5463,-0.0584,L2
1买,站上MA34 + MACD金叉态,1040,0.0937,0.1073,0.873,0.5125,0.5463,-0.0338,L2
1买,站上MA34 + MACD柱递增,1225,0.1115,0.1251,0.891,0.5176,0.5463,-0.0287,L2
1买,站上MA34 + MACD零轴上金叉,87,0.0081,0.0087,0.932,0.5287,0.5463,-0.0176,L2
1买,站上MA34 + MACD底背离,572,0.0457,0.066,0.692,0.4545,0.5463,-0.0917,L2
1买,站上MA34 + BOLL收上中轨,1274,0.1143,0.1321,0.865,0.5102,0.5463,-0.0361,L2
1买,站上MA34 + BOLL突破上轨,255,0.0232,0.026,0.891,0.5176,0.5463,-0.0286,L2
1买,站上MA34 + BOLL触下轨反弹,1050,0.0951,0.1077,0.883,0.5152,0.5463,-0.0311,L2
1买,站上MA34 + BOLL开口扩张,1336,0.1199,0.1384,0.866,0.5105,0.5463,-0.0358,L2
1买,站上MA34 + KDJ金叉态,1267,0.1136,0.1315,0.864,0.5099,0.5463,-0.0364,L2
1买,站上MA34 + KDJ_J超卖,1192,0.1065,0.124,0.859,0.5084,0.5463,-0.0379,L2
1买,站上MA34 + KDJ低位金叉,278,0.0248,0.029,0.855,0.5072,0.5463,-0.0391,L2
1买,站上MA34 + KDJ_D小于30,696,0.0652,0.0688,0.948,0.533,0.5463,-0.0132,L2
1买,站上MA34 + RSI6大于50,1307,0.1178,0.1348,0.874,0.5126,0.5463,-0.0337,L2
1买,站上MA34 + RSI金叉,1283,0.115,0.1331,0.864,0.5097,0.5463,-0.0365,L2
1买,站上MA34 + RSI6超卖,1035,0.0937,0.1063,0.882,0.515,0.5463,-0.0313,L2
1买,站上MA34 + RSI底背离,566,0.0499,0.0597,0.836,0.5018,0.5463,-0.0445,L2
1买,站上MA34 + 威科夫得分大于4,250,0.0197,0.0292,0.674,0.448,0.5463,-0.0983,L2
1买,站上MA34 + 威科夫得分大于7,112,0.0097,0.0121,0.801,0.4911,0.5463,-0.0552,L2
1买,站上MA34 + 积累阶段,536,0.041,0.0641,0.639,0.4347,0.5463,-0.1116,L2
1买,站上MA34 + 威科夫B1突破,56,0.0044,0.0066,0.67,0.4464,0.5463,-0.0999,L2
1买,站上MA34 + 黄金柱,149,0.0141,0.0146,0.963,0.5369,0.5463,-0.0094,L2
1买,站上MA34 + 量能金叉,611,0.0541,0.0641,0.844,0.5041,0.5463,-0.0422,L2
1买,站上MA34 + 六脉红灯大于5,1230,0.1115,0.1262,0.883,0.5154,0.5463,-0.0308,L2
1买,站上MA34 + 六脉红灯大于6,1185,0.1067,0.1224,0.872,0.5122,0.5463,-0.0341,L2
1买,站上MA34 + 六脉6红首发,1185,0.1067,0.1224,0.872,0.5122,0.5463,-0.0341,L2
1买,站上MA34 + 六脉5红首发,1230,0.1115,0.1262,0.883,0.5154,0.5463,-0.0308,L2
1买,站上MA34 + 偏多共振,149,0.0109,0.0184,0.592,0.4161,0.5463,-0.1302,L2
1买,站上MA34 + 多头共振,149,0.0109,0.0184,0.592,0.4161,0.5463,-0.1302,L2
1买,站上MA34 + 火箭信号,341,0.0323,0.0332,0.973,0.5396,0.5463,-0.0067,L2
1买,站上MA34 + 二连板,51,0.0058,0.0038,1.523,0.6471,0.5463,0.1008,L2
1买,站上MA34 + 中枢进机会区,795,0.0735,0.0798,0.921,0.5258,0.5463,-0.0205,L2
1买,站上MA34 + 中枢极限底,620,0.0573,0.0622,0.921,0.5258,0.5463,-0.0205,L2
1买,站上MA34 + 中枢上穿中轴,1043,0.0948,0.1067,0.888,0.5168,0.5463,-0.0295,L2
1买,站上MA34 + 中枢底部蓄力,776,0.0684,0.0819,0.835,0.5013,0.5463,-0.045,L2
1买,站上MA34 + 中枢底部回升,1194,0.1071,0.1238,0.865,0.5101,0.5463,-0.0362,L2
1买,站上MA34 + 大盘多头,273,0.0167,0.0377,0.443,0.348,0.5463,-0.1983,L2
1买,站上MA34 + 大盘空头,830,0.0795,0.08,0.993,0.5446,0.5463,-0.0017,L2
1买,站上MA34 + 大盘安全,640,0.0478,0.0779,0.614,0.425,0.5463,-0.1213,L2
1买,站上MA34 + SID等于1,273,0.0167,0.0377,0.443,0.348,0.5463,-0.1983,L2
1买,站上MA34 + SID等于2,835,0.0693,0.0934,0.742,0.4719,0.5463,-0.0744,L2
1买,站上MA34 + SID小于等于2,912,0.074,0.1039,0.712,0.4616,0.5463,-0.0847,L2
1买,站上MA34 + 大盘5日上涨,898,0.0726,0.1027,0.707,0.4599,0.5463,-0.0864,L2
1买,站上MA34 + 相对强弱大于0,1191,0.1081,0.1219,0.887,0.5164,0.5463,-0.0299,L2
1买,站上MA34 + 相对强弱大于5,572,0.0538,0.0563,0.955,0.535,0.5463,-0.0113,L2
1买,站上MA34 + 量比>=1.3,450,0.044,0.0423,1.038,0.5556,0.5463,0.0093,L2
1买,站上MA34 + 量比>=2,119,0.012,0.0108,1.107,0.5714,0.5463,0.0251,L2
1买,站上MA34 + 距前高<=10%,188,0.0164,0.0201,0.813,0.4947,0.5463,-0.0516,L2
1买,站上MA34 + 距前低<=10%,1175,0.1058,0.1213,0.873,0.5123,0.5463,-0.034,L2
1买,站上MA34 + 相对强弱>=0,326,0.0301,0.0328,0.916,0.5245,0.5463,-0.0218,L2
1买,站上MA55 + 站上MA89,601,0.0556,0.0603,0.921,0.5258,0.5463,-0.0205,L2
1买,站上MA55 + 站上MA144,492,0.042,0.0536,0.785,0.4858,0.5463,-0.0605,L2
1买,站上MA55 + 站上MA233,462,0.0382,0.0519,0.736,0.4697,0.5463,-0.0766,L2
1买,站上MA55 + 斐波短中多头,95,0.0084,0.0099,0.848,0.5053,0.5463,-0.041,L2
1买,站上MA55 + 斐波长多头,149,0.0109,0.0184,0.592,0.4161,0.5463,-0.1302,L2
1买,站上MA55 + 放量,915,0.086,0.0902,0.953,0.5344,0.5463,-0.0119,L2
1买,站上MA55 + 缩量,730,0.0668,0.0741,0.902,0.5205,0.5463,-0.0257,L2
1买,站上MA55 + 量比大于1,939,0.0877,0.0931,0.942,0.5314,0.5463,-0.0149,L2
1买,站上MA55 + 量比大于1_3,862,0.0798,0.0864,0.924,0.5267,0.5463,-0.0196,L2
1买,站上MA55 + 量比大于2,601,0.0568,0.0588,0.965,0.5374,0.5463,-0.0089,L2
1买,站上MA55 + 量能递增,852,0.0793,0.0849,0.934,0.5293,0.5463,-0.017,L2
1买,站上MA55 + 价涨量增,860,0.0807,0.0849,0.951,0.5337,0.5463,-0.0126,L2
1买,站上MA55 + 价涨量缩,548,0.0498,0.0561,0.887,0.5164,0.5463,-0.0299,L2
1买,站上MA55 + MACD_DIF大于0,409,0.0371,0.0419,0.885,0.5159,0.5463,-0.0304,L2
1买,站上MA55 + MACD金叉态,629,0.0587,0.0624,0.94,0.531,0.5463,-0.0153,L2
1买,站上MA55 + MACD柱递增,861,0.0809,0.0849,0.953,0.5343,0.5463,-0.012,L2
1买,站上MA55 + MACD零轴上金叉,87,0.0081,0.0087,0.932,0.5287,0.5463,-0.0176,L2
1买,站上MA55 + MACD底背离,333,0.0278,0.037,0.75,0.4745,0.5463,-0.0718,L2
1买,站上MA55 + BOLL收上中轨,823,0.0752,0.0836,0.9,0.52,0.5463,-0.0262,L2
1买,站上MA55 + BOLL突破上轨,224,0.0209,0.0222,0.941,0.5312,0.5463,-0.015,L2
1买,站上MA55 + BOLL触下轨反弹,759,0.0723,0.0737,0.981,0.5415,0.5463,-0.0048,L2
1买,站上MA55 + BOLL开口扩张,960,0.0895,0.0955,0.937,0.5302,0.5463,-0.0161,L2
1买,站上MA55 + KDJ金叉态,882,0.0818,0.0883,0.926,0.5272,0.5463,-0.0191,L2
1买,站上MA55 + KDJ_J超卖,849,0.0788,0.0849,0.928,0.5277,0.5463,-0.0186,L2
1买,站上MA55 + KDJ低位金叉,190,0.0171,0.0197,0.866,0.5105,0.5463,-0.0358,L2
1买,站上MA55 + KDJ_D小于30,484,0.0452,0.0481,0.94,0.531,0.5463,-0.0153,L2
1买,站上MA55 + RSI6大于50,878,0.0809,0.0885,0.914,0.5239,0.5463,-0.0224,L2
1买,站上MA55 + RSI金叉,875,0.0805,0.0883,0.912,0.5234,0.5463,-0.0229,L2
1买,站上MA55 + RSI6超卖,755,0.0721,0.073,0.987,0.543,0.5463,-0.0032,L2
1买,站上MA55 + RSI底背离,335,0.0299,0.0349,0.856,0.5075,0.5463,-0.0388,L2
1买,站上MA55 + 威科夫得分大于4,243,0.0211,0.026,0.81,0.4938,0.5463,-0.0525,L2
1买,站上MA55 + 威科夫得分大于7,116,0.0111,0.0112,0.987,0.5431,0.5463,-0.0032,L2
1买,站上MA55 + 积累阶段,277,0.0206,0.0339,0.607,0.4224,0.5463,-0.1239,L2
1买,站上MA55 + 黄金柱,99,0.0093,0.0097,0.957,0.5354,0.5463,-0.0109,L2
1买,站上MA55 + 量能金叉,453,0.0413,0.0461,0.895,0.5188,0.5463,-0.0275,L2
1买,站上MA55 + 六脉红灯大于5,820,0.0758,0.0823,0.92,0.5256,0.5463,-0.0207,L2
1买,站上MA55 + 六脉红灯大于6,775,0.0714,0.0781,0.914,0.5239,0.5463,-0.0224,L2
1买,站上MA55 + 六脉6红首发,775,0.0714,0.0781,0.914,0.5239,0.5463,-0.0224,L2
1买,站上MA55 + 六脉5红首发,820,0.0758,0.0823,0.92,0.5256,0.5463,-0.0207,L2
1买,站上MA55 + 偏多共振,160,0.0137,0.0174,0.79,0.4875,0.5463,-0.0588,L2
1买,站上MA55 + 多头共振,160,0.0137,0.0174,0.79,0.4875,0.5463,-0.0588,L2
1买,站上MA55 + 火箭信号,273,0.026,0.0265,0.983,0.5421,0.5463,-0.0042,L2
1买,站上MA55 + 中枢进机会区,594,0.0577,0.0563,1.024,0.5522,0.5463,0.0059,L2
1买,站上MA55 + 中枢极限底,417,0.0404,0.0396,1.021,0.5516,0.5463,0.0053,L2
1买,站上MA55 + 中枢上穿中轴,754,0.0714,0.0737,0.969,0.5385,0.5463,-0.0078,L2
1买,站上MA55 + 中枢底部蓄力,456,0.0401,0.0483,0.831,0.5,0.5463,-0.0463,L2
1买,站上MA55 + 中枢底部回升,828,0.0774,0.0821,0.942,0.5314,0.5463,-0.0149,L2
1买,站上MA55 + 大盘多头,193,0.0132,0.025,0.528,0.3886,0.5463,-0.1577,L2
1买,站上MA55 + 大盘空头,514,0.048,0.051,0.941,0.5311,0.5463,-0.0152,L2
1买,站上MA55 + 大盘安全,423,0.0323,0.0506,0.639,0.435,0.5463,-0.1113,L2
1买,站上MA55 + SID等于1,193,0.0132,0.025,0.528,0.3886,0.5463,-0.1577,L2
1买,站上MA55 + SID等于2,654,0.0598,0.0665,0.899,0.5199,0.5463,-0.0264,L2
1买,站上MA55 + SID小于等于2,709,0.0628,0.0745,0.842,0.5035,0.5463,-0.0428,L2
1买,站上MA55 + 大盘5日上涨,592,0.0475,0.0682,0.696,0.4561,0.5463,-0.0902,L2
1买,站上MA55 + 相对强弱大于0,838,0.0782,0.0832,0.94,0.531,0.5463,-0.0153,L2
1买,站上MA55 + 相对强弱大于5,443,0.0429,0.0421,1.018,0.5508,0.5463,0.0045,L2
1买,站上MA55 + 量比>=1.3,351,0.0348,0.0324,1.075,0.5641,0.5463,0.0178,L2
1买,站上MA55 + 量比>=2,96,0.0104,0.0078,1.324,0.6146,0.5463,0.0683,L2
1买,站上MA55 + 距前高<=10%,187,0.0167,0.0195,0.858,0.508,0.5463,-0.0383,L2
1买,站上MA55 + 距前低<=10%,760,0.0724,0.0737,0.983,0.5421,0.5463,-0.0042,L2
1买,站上MA55 + 相对强弱>=0,237,0.0229,0.0227,1.009,0.5485,0.5463,0.0022,L2
1买,站上MA89 + 站上MA144,678,0.0527,0.08,0.659,0.4425,0.5463,-0.1038,L2
1买,站上MA89 + 站上MA233,587,0.0448,0.0703,0.638,0.4344,0.5463,-0.1119,L2
1买,站上MA89 + 斐波短中多头,95,0.0086,0.0097,0.885,0.5158,0.5463,-0.0305,L2
1买,站上MA89 + 斐波长多头,305,0.0179,0.043,0.417,0.3344,0.5463,-0.2119,L2
1买,站上MA89 + 放量,726,0.0622,0.0787,0.79,0.4876,0.5463,-0.0587,L2
1买,站上MA89 + 缩量,713,0.0573,0.0819,0.7,0.4572,0.5463,-0.0891,L2
1买,站上MA89 + 量比大于1,808,0.0682,0.0889,0.767,0.4802,0.5463,-0.0661,L2
1买,站上MA89 + 量比大于1_3,676,0.0577,0.0737,0.783,0.4852,0.5463,-0.0611,L2
1买,站上MA89 + 量比大于2,418,0.038,0.0428,0.888,0.5167,0.5463,-0.0295,L2
1买,站上MA89 + 量能递增,688,0.0584,0.0754,0.775,0.4826,0.5463,-0.0637,L2
1买,站上MA89 + 价涨量增,658,0.0568,0.0709,0.801,0.4909,0.5463,-0.0554,L2
1买,站上MA89 + 价涨量缩,557,0.0436,0.0654,0.667,0.4452,0.5463,-0.1011,L2
1买,站上MA89 + MACD_DIF大于0,400,0.0352,0.0423,0.831,0.5,0.5463,-0.0463,L2
1买,站上MA89 + MACD金叉态,440,0.0397,0.0453,0.877,0.5136,0.5463,-0.0327,L2
1买,站上MA89 + MACD柱递增,743,0.0629,0.0815,0.772,0.4818,0.5463,-0.0645,L2
1买,站上MA89 + MACD零轴上金叉,80,0.0074,0.008,0.918,0.525,0.5463,-0.0213,L2
1买,站上MA89 + MACD底背离,350,0.0246,0.0445,0.554,0.4,0.5463,-0.1463,L2
1买,站上MA89 + BOLL收上中轨,584,0.0503,0.0631,0.797,0.4897,0.5463,-0.0566,L2
1买,站上MA89 + BOLL突破上轨,161,0.0164,0.0144,1.136,0.5776,0.5463,0.0313,L2
1买,站上MA89 + BOLL触下轨反弹,649,0.0571,0.0686,0.833,0.5008,0.5463,-0.0455,L2
1买,站上MA89 + BOLL开口扩张,863,0.0723,0.0957,0.755,0.4762,0.5463,-0.07,L2
1买,站上MA89 + KDJ金叉态,719,0.0603,0.0796,0.758,0.4771,0.5463,-0.0692,L2
1买,站上MA89 + KDJ_J超卖,797,0.0661,0.0891,0.742,0.4718,0.5463,-0.0745,L2
1买,站上MA89 + KDJ低位金叉,189,0.0141,0.0231,0.61,0.4233,0.5463,-0.123,L2
1买,站上MA89 + KDJ_D小于30,479,0.039,0.0544,0.717,0.4635,0.5463,-0.0828,L2
1买,站上MA89 + RSI6大于50,665,0.0571,0.072,0.794,0.4887,0.5463,-0.0576,L2
1买,站上MA89 + RSI金叉,712,0.06,0.0785,0.763,0.4789,0.5463,-0.0674,L2
1买,站上MA89 + RSI6超卖,701,0.0601,0.076,0.791,0.4879,0.5463,-0.0584,L2
1买,站上MA89 + RSI底背离,310,0.0227,0.0383,0.592,0.4161,0.5463,-0.1302,L2
1买,站上MA89 + 威科夫得分大于4,294,0.0243,0.033,0.735,0.4694,0.5463,-0.0769,L2
1买,站上MA89 + 威科夫得分大于7,135,0.0125,0.0135,0.921,0.5259,0.5463,-0.0204,L2
1买,站上MA89 + 积累阶段,319,0.0202,0.0432,0.468,0.3605,0.5463,-0.1858,L2
1买,站上MA89 + 黄金柱,68,0.0063,0.0068,0.934,0.5294,0.5463,-0.0169,L2
1买,站上MA89 + 量能金叉,307,0.0271,0.0324,0.836,0.5016,0.5463,-0.0447,L2
1买,站上MA89 + 六脉红灯大于5,622,0.0536,0.0671,0.799,0.4904,0.5463,-0.0559,L2
1买,站上MA89 + 六脉红灯大于6,577,0.0503,0.0616,0.816,0.4957,0.5463,-0.0506,L2
1买,站上MA89 + 六脉6红首发,577,0.0503,0.0616,0.816,0.4957,0.5463,-0.0506,L2
1买,站上MA89 + 六脉5红首发,622,0.0536,0.0671,0.799,0.4904,0.5463,-0.0559,L2
1买,站上MA89 + 偏多共振,229,0.0186,0.026,0.716,0.4629,0.5463,-0.0834,L2
1买,站上MA89 + 多头共振,228,0.0186,0.0258,0.722,0.4649,0.5463,-0.0814,L2
1买,站上MA89 + 火箭信号,206,0.02,0.0195,1.029,0.5534,0.5463,0.0071,L2
1买,站上MA89 + 中枢进机会区,548,0.0475,0.0588,0.807,0.4927,0.5463,-0.0536,L2
1买,站上MA89 + 中枢极限底,404,0.0352,0.0432,0.814,0.495,0.5463,-0.0512,L2
1买,站上MA89 + 中枢上穿中轴,504,0.0455,0.0519,0.878,0.5139,0.5463,-0.0324,L2
1买,站上MA89 + 中枢底部蓄力,450,0.0343,0.054,0.635,0.4333,0.5463,-0.113,L2
1买,站上MA89 + 中枢底部回升,755,0.0638,0.083,0.769,0.4808,0.5463,-0.0655,L2
1买,站上MA89 + 大盘多头,235,0.0169,0.0294,0.574,0.4085,0.5463,-0.1378,L2
1买,站上MA89 + 大盘空头,400,0.0327,0.0453,0.722,0.465,0.5463,-0.0813,L2
1买,站上MA89 + 大盘安全,391,0.0287,0.0483,0.594,0.4169,0.5463,-0.1294,L2
1买,站上MA89 + SID等于1,235,0.0169,0.0294,0.574,0.4085,0.5463,-0.1378,L2
1买,站上MA89 + SID等于2,605,0.0508,0.0669,0.76,0.4777,0.5463,-0.0686,L2
1买,站上MA89 + SID小于等于2,671,0.0541,0.0768,0.705,0.459,0.5463,-0.0873,L2
1买,站上MA89 + 大盘5日上涨,546,0.041,0.0663,0.618,0.4267,0.5463,-0.1196,L2
1买,站上MA89 + 相对强弱大于0,642,0.0568,0.0675,0.841,0.5031,0.5463,-0.0432,L2
1买,站上MA89 + 相对强弱大于5,332,0.0327,0.0309,1.058,0.5602,0.5463,0.0139,L2
1买,站上MA89 + 量比>=1.3,243,0.0229,0.0239,0.955,0.535,0.5463,-0.0113,L2
1买,站上MA89 + 量比>=2,58,0.0063,0.0047,1.359,0.6207,0.5463,0.0744,L2
1买,站上MA89 + 距前高<=10%,138,0.012,0.0148,0.807,0.4928,0.5463,-0.0535,L2
1买,站上MA89 + 距前低<=10%,648,0.0561,0.0696,0.805,0.4923,0.5463,-0.054,L2
1买,站上MA89 + 相对强弱>=0,170,0.0153,0.0176,0.871,0.5118,0.5463,-0.0345,L2
1买,站上MA144 + 站上MA233,1109,0.0767,0.1425,0.538,0.3931,0.5463,-0.1531,L2
1买,站上MA144 + 斐波短中多头,97,0.0088,0.0099,0.884,0.5155,0.5463,-0.0308,L2
1买,站上MA144 + 斐波长多头,638,0.0397,0.0872,0.456,0.3542,0.5463,-0.1921,L2
1买,站上MA144 + 放量,965,0.0726,0.1169,0.621,0.428,0.5463,-0.1183,L2
1买,站上MA144 + 缩量,1133,0.0786,0.1452,0.541,0.3945,0.5463,-0.1518,L2
1买,站上MA144 + 量比大于1,1187,0.086,0.1478,0.582,0.412,0.5463,-0.1343,L2
1买,站上MA144 + 量比大于1_3,933,0.068,0.1156,0.589,0.4148,0.5463,-0.1315,L2
1买,站上MA144 + 量比大于2,484,0.039,0.0555,0.704,0.4587,0.5463,-0.0876,L2
1买,站上MA144 + 量能递增,855,0.0661,0.1014,0.652,0.4398,0.5463,-0.1065,L2
1买,站上MA144 + 价涨量增,817,0.0607,0.0999,0.607,0.4223,0.5463,-0.124,L2
1买,站上MA144 + 价涨量缩,944,0.0654,0.1211,0.54,0.3941,0.5463,-0.1522,L2
1买,站上MA144 + MACD_DIF大于0,420,0.0373,0.044,0.846,0.5048,0.5463,-0.0415,L2
1买,站上MA144 + MACD金叉态,458,0.0341,0.0559,0.61,0.4236,0.5463,-0.1227,L2
1买,站上MA144 + MACD柱递增,1108,0.081,0.137,0.592,0.4161,0.5463,-0.1302,L2
1买,站上MA144 + MACD零轴上金叉,66,0.0062,0.0066,0.938,0.5303,0.5463,-0.016,L2
1买,站上MA144 + MACD底背离,558,0.0331,0.0783,0.422,0.3369,0.5463,-0.2094,L2
1买,站上MA144 + BOLL收上中轨,561,0.0425,0.0675,0.63,0.4314,0.5463,-0.1149,L2
1买,站上MA144 + BOLL突破上轨,125,0.0111,0.0131,0.844,0.504,0.5463,-0.0423,L2
1买,站上MA144 + BOLL触下轨反弹,912,0.071,0.1075,0.66,0.443,0.5463,-0.1033,L2
1买,站上MA144 + BOLL开口扩张,1268,0.0925,0.1571,0.589,0.4148,0.5463,-0.1315,L2
1买,站上MA144 + KDJ金叉态,1044,0.0745,0.1312,0.568,0.4061,0.5463,-0.1402,L2
1买,站上MA144 + KDJ_J超卖,1207,0.0868,0.1509,0.575,0.4093,0.5463,-0.137,L2
1买,站上MA144 + KDJ低位金叉,456,0.0288,0.0618,0.466,0.3596,0.5463,-0.1866,L2
1买,站上MA144 + KDJ_D小于30,864,0.0585,0.1124,0.521,0.3854,0.5463,-0.1609,L2
1买,站上MA144 + RSI6大于50,739,0.0531,0.0925,0.574,0.4087,0.5463,-0.1376,L2
1买,站上MA144 + RSI金叉,954,0.0675,0.1207,0.56,0.4025,0.5463,-0.1438,L2
1买,站上MA144 + RSI6超卖,1109,0.0807,0.1376,0.586,0.4139,0.5463,-0.1324,L2
1买,站上MA144 + RSI底背离,485,0.0299,0.0667,0.448,0.3505,0.5463,-0.1958,L2
1买,站上MA144 + 威科夫得分大于4,347,0.0269,0.0411,0.655,0.4409,0.5463,-0.1054,L2
1买,站上MA144 + 威科夫得分大于7,143,0.0127,0.015,0.842,0.5035,0.5463,-0.0428,L2
1买,站上MA144 + 积累阶段,607,0.036,0.0851,0.424,0.3377,0.5463,-0.2086,L2
1买,站上MA144 + 黄金柱,63,0.0047,0.0076,0.623,0.4286,0.5463,-0.1177,L2
1买,站上MA144 + 量能金叉,343,0.0281,0.0387,0.726,0.4665,0.5463,-0.0798,L2
1买,站上MA144 + 六脉红灯大于5,783,0.0547,0.0999,0.547,0.3972,0.5463,-0.1491,L2
1买,站上MA144 + 六脉红灯大于6,630,0.0452,0.079,0.572,0.4079,0.5463,-0.1384,L2
1买,站上MA144 + 六脉6红首发,630,0.0452,0.079,0.572,0.4079,0.5463,-0.1384,L2
1买,站上MA144 + 六脉5红首发,783,0.0547,0.0999,0.547,0.3972,0.5463,-0.1491,L2
1买,站上MA144 + 偏多共振,310,0.0265,0.0337,0.789,0.4871,0.5463,-0.0592,L2
1买,站上MA144 + 多头共振,309,0.0265,0.0334,0.794,0.4887,0.5463,-0.0576,L2
1买,站上MA144 + 火箭信号,201,0.0172,0.0218,0.79,0.4876,0.5463,-0.0587,L2
1买,站上MA144 + 极限抄底,55,0.0044,0.0064,0.692,0.4545,0.5463,-0.0917,L2
1买,站上MA144 + 中枢进机会区,792,0.0631,0.0917,0.689,0.4533,0.5463,-0.093,L2
1买,站上MA144 + 中枢极限底,712,0.0538,0.0859,0.626,0.4298,0.5463,-0.1165,L2
1买,站上MA144 + 中枢上穿中轴,448,0.0374,0.0497,0.753,0.4754,0.5463,-0.0708,L2
1买,站上MA144 + 中枢底部蓄力,826,0.0505,0.1141,0.442,0.3475,0.5463,-0.1988,L2
1买,站上MA144 + 中枢底部回升,1181,0.0846,0.1482,0.571,0.4073,0.5463,-0.139,L2
1买,站上MA144 + 大盘多头,364,0.0227,0.0497,0.456,0.3544,0.5463,-0.1919,L2
1买,站上MA144 + 大盘空头,462,0.0271,0.0652,0.415,0.3333,0.5463,-0.213,L2
1买,站上MA144 + 大盘安全,522,0.0299,0.0745,0.401,0.3257,0.5463,-0.2206,L2
1买,站上MA144 + SID等于1,364,0.0227,0.0497,0.456,0.3544,0.5463,-0.1919,L2
1买,站上MA144 + SID等于2,962,0.0719,0.1171,0.614,0.4252,0.5463,-0.1211,L2
1买,站上MA144 + SID小于等于2,1061,0.0777,0.131,0.593,0.4166,0.5463,-0.1297,L2
1买,站上MA144 + 大盘5日上涨,751,0.0443,0.1056,0.419,0.3356,0.5463,-0.2107,L2
1买,站上MA144 + 相对强弱大于0,712,0.0538,0.0859,0.626,0.4298,0.5463,-0.1165,L2
1买,站上MA144 + 相对强弱大于5,293,0.0265,0.0301,0.883,0.5154,0.5463,-0.0309,L2
1买,站上MA144 + 量比>=1.3,318,0.0278,0.0339,0.82,0.4969,0.5463,-0.0494,L2
1买,站上MA144 + 量比>=2,80,0.0081,0.0072,1.124,0.575,0.5463,0.0287,L2
1买,站上MA144 + 距前高<=10%,125,0.0107,0.0135,0.792,0.488,0.5463,-0.0583,L2
1买,站上MA144 + 距前低<=10%,1013,0.0693,0.131,0.529,0.3889,0.5463,-0.1573,L2
1买,站上MA144 + 相对强弱>=0,184,0.016,0.0197,0.813,0.4946,0.5463,-0.0517,L2
1买,站上MA233 + 斐波短中多头,104,0.0105,0.0093,1.133,0.5769,0.5463,0.0306,L2
1买,站上MA233 + 斐波长多头,884,0.0603,0.1145,0.527,0.388,0.5463,-0.1583,L2
1买,站上MA233 + MA55上穿MA89,78,0.0083,0.0066,1.259,0.6026,0.5463,0.0563,L2
1买,站上MA233 + 放量,1495,0.1174,0.1751,0.671,0.4468,0.5463,-0.0995,L2
1买,站上MA233 + 缩量,1763,0.1259,0.2216,0.568,0.4061,0.5463,-0.1402,L2
1买,站上MA233 + 量比大于1,1841,0.1363,0.2257,0.604,0.421,0.5463,-0.1253,L2
1买,站上MA233 + 量比大于1_3,1454,0.1102,0.1751,0.63,0.4312,0.5463,-0.1151,L2
1买,站上MA233 + 量比大于2,714,0.061,0.0777,0.785,0.486,0.5463,-0.0603,L2
1买,站上MA233 + 量能递增,1256,0.1046,0.1399,0.748,0.4737,0.5463,-0.0726,L2
1买,站上MA233 + 价涨量增,1244,0.0951,0.1488,0.639,0.4349,0.5463,-0.1114,L2
1买,站上MA233 + 价涨量缩,1490,0.1071,0.1865,0.574,0.4087,0.5463,-0.1376,L2
1买,站上MA233 + MACD_DIF大于0,437,0.0415,0.0425,0.975,0.54,0.5463,-0.0062,L2
1买,站上MA233 + MACD金叉态,586,0.0355,0.0813,0.437,0.3447,0.5463,-0.2016,L2
1买,站上MA233 + MACD柱递增,1760,0.1308,0.2151,0.608,0.4227,0.5463,-0.1236,L2
1买,站上MA233 + MACD零轴上金叉,57,0.0053,0.0057,0.923,0.5263,0.5463,-0.02,L2
1买,站上MA233 + MACD底背离,858,0.0462,0.126,0.367,0.3065,0.5463,-0.2398,L2
1买,站上MA233 + BOLL收上中轨,625,0.0431,0.0804,0.535,0.392,0.5463,-0.1543,L2
1买,站上MA233 + BOLL突破上轨,112,0.009,0.0129,0.694,0.4554,0.5463,-0.0909,L2
1买,站上MA233 + BOLL触下轨反弹,1411,0.109,0.1674,0.651,0.4394,0.5463,-0.1069,L2
1买,站上MA233 + BOLL开口扩张,1944,0.1461,0.2356,0.62,0.4275,0.5463,-0.1188,L2
1买,站上MA233 + KDJ金叉态,1661,0.1231,0.2034,0.605,0.4214,0.5463,-0.1249,L2
1买,站上MA233 + KDJ_J超卖,1878,0.1396,0.2295,0.608,0.4228,0.5463,-0.1235,L2
1买,站上MA233 + KDJ低位金叉,897,0.0635,0.1135,0.559,0.4025,0.5463,-0.1438,L2
1买,站上MA233 + KDJ_D小于30,1468,0.1037,0.1859,0.558,0.4019,0.5463,-0.1444,L2
1买,站上MA233 + RSI6大于50,949,0.0624,0.1257,0.496,0.3741,0.5463,-0.1722,L2
1买,站上MA233 + RSI金叉,1445,0.1016,0.1835,0.554,0.4,0.5463,-0.1463,L2
1买,站上MA233 + RSI6超卖,1786,0.1363,0.214,0.637,0.4339,0.5463,-0.1124,L2
1买,站上MA233 + RSI底背离,721,0.039,0.1056,0.369,0.3079,0.5463,-0.2384,L2
1买,站上MA233 + 威科夫得分大于4,342,0.0273,0.0396,0.688,0.4532,0.5463,-0.0931,L2
1买,站上MA233 + 威科夫得分大于7,134,0.012,0.014,0.856,0.5075,0.5463,-0.0388,L2
1买,站上MA233 + 积累阶段,778,0.0438,0.112,0.391,0.3201,0.5463,-0.2262,L2
1买,站上MA233 + 黄金柱,79,0.0047,0.011,0.431,0.3418,0.5463,-0.2045,L2
1买,站上MA233 + 量能金叉,508,0.0462,0.0519,0.892,0.5177,0.5463,-0.0286,L2
1买,站上MA233 + 六脉红灯大于5,1122,0.073,0.1497,0.488,0.3699,0.5463,-0.1764,L2
1买,站上MA233 + 六脉红灯大于6,816,0.0541,0.1075,0.504,0.3775,0.5463,-0.1688,L2
1买,站上MA233 + 六脉6红首发,816,0.0541,0.1075,0.504,0.3775,0.5463,-0.1688,L2
1买,站上MA233 + 六脉5红首发,1122,0.073,0.1497,0.488,0.3699,0.5463,-0.1764,L2
1买,站上MA233 + 偏多共振,351,0.0341,0.0332,1.026,0.5527,0.5463,0.0064,L2
1买,站上MA233 + 多头共振,349,0.0339,0.033,1.028,0.553,0.5463,0.0067,L2
1买,站上MA233 + 火箭信号,224,0.019,0.0246,0.773,0.4821,0.5463,-0.0641,L2
1买,站上MA233 + 极限抄底,157,0.0164,0.0135,1.207,0.5924,0.5463,0.0461,L2
1买,站上MA233 + 中枢进机会区,1149,0.0969,0.1266,0.765,0.4795,0.5463,-0.0667,L2
1买,站上MA233 + 中枢极限底,1209,0.0962,0.1401,0.686,0.4524,0.5463,-0.0939,L2
1买,站上MA233 + 中枢上穿中轴,490,0.0408,0.0546,0.747,0.4735,0.5463,-0.0728,L2
1买,站上MA233 + 中枢底部蓄力,1377,0.0856,0.1884,0.454,0.3537,0.5463,-0.1926,L2
1买,站上MA233 + 中枢底部回升,1886,0.1394,0.2314,0.603,0.4205,0.5463,-0.1258,L2
1买,站上MA233 + 大盘多头,462,0.0232,0.0699,0.332,0.2857,0.5463,-0.2606,L2
1买,站上MA233 + 大盘空头,680,0.0329,0.1044,0.315,0.275,0.5463,-0.2713,L2
1买,站上MA233 + 大盘安全,760,0.0362,0.1173,0.309,0.2711,0.5463,-0.2752,L2
1买,站上MA233 + SID等于1,462,0.0232,0.0699,0.332,0.2857,0.5463,-0.2606,L2
1买,站上MA233 + SID等于2,1593,0.1262,0.1852,0.682,0.4507,0.5463,-0.0956,L2
1买,站上MA233 + SID小于等于2,1721,0.1324,0.2049,0.646,0.4375,0.5463,-0.1088,L2
1买,站上MA233 + 大盘5日上涨,968,0.0475,0.1478,0.321,0.2789,0.5463,-0.2674,L2
1买,站上MA233 + 相对强弱大于0,849,0.0619,0.1052,0.588,0.4146,0.5463,-0.1317,L2
1买,站上MA233 + 相对强弱大于5,302,0.0251,0.0337,0.747,0.4735,0.5463,-0.0728,L2
1买,站上MA233 + 量比>=1.3,598,0.0554,0.0599,0.924,0.5268,0.5463,-0.0195,L2
1买,站上MA233 + 量比>=2,127,0.0116,0.0129,0.899,0.5197,0.5463,-0.0266,L2
1买,站上MA233 + 距前高<=10%,117,0.01,0.0127,0.789,0.4872,0.5463,-0.0591,L2
1买,站上MA233 + 深跌(距前高>40%),63,0.004,0.0085,0.478,0.3651,0.5463,-0.1812,L2
1买,站上MA233 + 距前低<=10%,1500,0.0949,0.2032,0.467,0.36,0.5463,-0.1863,L2
1买,站上MA233 + 相对强弱>=0,202,0.0156,0.0239,0.654,0.4406,0.5463,-0.1057,L2
1买,斐波短中多头 + 斐波长多头,53,0.0051,0.0051,1.004,0.5472,0.5463,0.0009,L2
1买,斐波短中多头 + 放量,116,0.0111,0.0112,0.987,0.5431,0.5463,-0.0032,L2
1买,斐波短中多头 + 缩量,127,0.0132,0.011,1.198,0.5906,0.5463,0.0443,L2
1买,斐波短中多头 + 量比大于1,112,0.0107,0.0108,0.993,0.5446,0.5463,-0.0016,L2
1买,斐波短中多头 + 量比大于1_3,80,0.0069,0.0087,0.79,0.4875,0.5463,-0.0588,L2
1买,斐波短中多头 + 量能递增,141,0.0149,0.0119,1.261,0.6028,0.5463,0.0565,L2
1买,斐波短中多头 + 价涨量增,86,0.0077,0.0089,0.87,0.5116,0.5463,-0.0347,L2
1买,斐波短中多头 + 价涨量缩,128,0.0135,0.0108,1.254,0.6016,0.5463,0.0553,L2
1买,斐波短中多头 + MACD_DIF大于0,148,0.0155,0.0127,1.218,0.5946,0.5463,0.0483,L2
1买,斐波短中多头 + MACD金叉态,70,0.0067,0.0068,0.986,0.5429,0.5463,-0.0034,L2
1买,斐波短中多头 + MACD柱递增,77,0.0076,0.0072,1.05,0.5584,0.5463,0.0121,L2
1买,斐波短中多头 + BOLL收上中轨,76,0.0065,0.0083,0.788,0.4868,0.5463,-0.0595,L2
1买,斐波短中多头 + BOLL触下轨反弹,118,0.0116,0.011,1.054,0.5593,0.5463,0.013,L2
1买,斐波短中多头 + BOLL开口扩张,149,0.0155,0.0129,1.198,0.5906,0.5463,0.0443,L2
1买,斐波短中多头 + KDJ金叉态,66,0.0058,0.007,0.831,0.5,0.5463,-0.0463,L2
1买,斐波短中多头 + KDJ_J超卖,140,0.0146,0.0121,1.209,0.5929,0.5463,0.0466,L2
1买,斐波短中多头 + RSI6大于50,74,0.0063,0.008,0.787,0.4865,0.5463,-0.0598,L2
1买,斐波短中多头 + RSI金叉,77,0.007,0.0078,0.898,0.5195,0.5463,-0.0268,L2
1买,斐波短中多头 + RSI6超卖,112,0.0128,0.0083,1.555,0.6518,0.5463,0.1055,L2
1买,斐波短中多头 + 威科夫得分大于4,96,0.0098,0.0085,1.163,0.5833,0.5463,0.037,L2
1买,斐波短中多头 + 威科夫得分大于7,54,0.0053,0.0051,1.038,0.5556,0.5463,0.0093,L2
1买,斐波短中多头 + 六脉红灯大于5,53,0.0049,0.0053,0.93,0.5283,0.5463,-0.018,L2
1买,斐波短中多头 + 六脉5红首发,53,0.0049,0.0053,0.93,0.5283,0.5463,-0.018,L2
1买,斐波短中多头 + 偏多共振,89,0.009,0.008,1.115,0.573,0.5463,0.0267,L2
1买,斐波短中多头 + 多头共振,89,0.009,0.008,1.115,0.573,0.5463,0.0267,L2
1买,斐波短中多头 + 中枢进机会区,112,0.0125,0.0087,1.438,0.6339,0.5463,0.0876,L2
1买,斐波短中多头 + 中枢极限底,69,0.0086,0.0042,2.035,0.7101,0.5463,0.1639,L2
1买,斐波短中多头 + 中枢上穿中轴,57,0.0053,0.0057,0.923,0.5263,0.5463,-0.02,L2
1买,斐波短中多头 + 中枢底部回升,116,0.0132,0.0087,1.519,0.6466,0.5463,0.1003,L2
1买,斐波短中多头 + SID等于2,121,0.0139,0.0089,1.562,0.6529,0.5463,0.1066,L2
1买,斐波短中多头 + SID小于等于2,130,0.0144,0.0102,1.419,0.6308,0.5463,0.0845,L2
1买,斐波短中多头 + 大盘5日上涨,61,0.0046,0.0074,0.617,0.4262,0.5463,-0.1201,L2
1买,斐波短中多头 + 相对强弱大于0,120,0.0123,0.0106,1.163,0.5833,0.5463,0.037,L2
1买,斐波短中多头 + 相对强弱大于5,56,0.0058,0.0049,1.192,0.5893,0.5463,0.043,L2
1买,斐波短中多头 + 距前低<=10%,90,0.01,0.007,1.435,0.6333,0.5463,0.087,L2
1买,斐波长多头 + MA55上穿MA89,110,0.0144,0.0059,2.432,0.7455,0.5463,0.1992,L2
1买,斐波长多头 + 放量,766,0.0679,0.0804,0.844,0.5039,0.5463,-0.0424,L2
1买,斐波长多头 + 缩量,1030,0.0856,0.1149,0.745,0.4728,0.5463,-0.0735,L2
1买,斐波长多头 + 量比大于1,1015,0.0853,0.1122,0.76,0.4778,0.5463,-0.0685,L2
1买,斐波长多头 + 量比大于1_3,758,0.0659,0.0811,0.813,0.4947,0.5463,-0.0516,L2
1买,斐波长多头 + 量比大于2,337,0.0323,0.0324,0.999,0.546,0.5463,-0.0003,L2
1买,斐波长多头 + 量能递增,640,0.0573,0.0665,0.862,0.5094,0.5463,-0.0369,L2
1买,斐波长多头 + 价涨量增,586,0.0499,0.0639,0.781,0.4846,0.5463,-0.0617,L2
1买,斐波长多头 + 价涨量缩,913,0.0761,0.1016,0.749,0.4743,0.5463,-0.072,L2
1买,斐波长多头 + MACD_DIF大于0,208,0.0178,0.0227,0.784,0.4856,0.5463,-0.0607,L2
1买,斐波长多头 + MACD金叉态,197,0.0114,0.0279,0.409,0.3299,0.5463,-0.2163,L2
1买,斐波长多头 + MACD柱递增,986,0.0846,0.1069,0.791,0.4878,0.5463,-0.0585,L2
1买,斐波长多头 + MACD底背离,497,0.0308,0.0682,0.451,0.3521,0.5463,-0.1942,L2
1买,斐波长多头 + BOLL收上中轨,200,0.012,0.0279,0.428,0.34,0.5463,-0.2063,L2
1买,斐波长多头 + BOLL触下轨反弹,720,0.0612,0.0787,0.777,0.4833,0.5463,-0.063,L2
1买,斐波长多头 + BOLL开口扩张,1109,0.093,0.1228,0.757,0.477,0.5463,-0.0693,L2
1买,斐波长多头 + KDJ金叉态,887,0.0767,0.0955,0.803,0.4915,0.5463,-0.0547,L2
1买,斐波长多头 + KDJ_J超卖,1097,0.0916,0.1219,0.751,0.4749,0.5463,-0.0714,L2
1买,斐波长多头 + KDJ低位金叉,585,0.0538,0.0591,0.911,0.5231,0.5463,-0.0232,L2
1买,斐波长多头 + KDJ_D小于30,895,0.0747,0.0995,0.751,0.4749,0.5463,-0.0714,L2
1买,斐波长多头 + RSI6大于50,346,0.0216,0.0472,0.458,0.3555,0.5463,-0.1908,L2
1买,斐波长多头 + RSI金叉,706,0.054,0.0845,0.639,0.4348,0.5463,-0.1114,L2
1买,斐波长多头 + RSI6超卖,1053,0.0902,0.1143,0.789,0.4872,0.5463,-0.0591,L2
1买,斐波长多头 + RSI底背离,373,0.0222,0.0523,0.424,0.3378,0.5463,-0.2085,L2
1买,斐波长多头 + 威科夫得分大于4,197,0.0151,0.0235,0.643,0.4365,0.5463,-0.1097,L2
1买,斐波长多头 + 威科夫得分大于7,70,0.0047,0.0091,0.521,0.3857,0.5463,-0.1606,L2
1买,斐波长多头 + 积累阶段,430,0.025,0.061,0.409,0.3302,0.5463,-0.2161,L2
1买,斐波长多头 + 量能金叉,216,0.0222,0.0191,1.163,0.5833,0.5463,0.037,L2
1买,斐波长多头 + 六脉红灯大于5,476,0.032,0.0622,0.514,0.3824,0.5463,-0.1639,L2
1买,斐波长多头 + 六脉红灯大于6,274,0.0171,0.0375,0.455,0.354,0.5463,-0.1923,L2
1买,斐波长多头 + 六脉6红首发,274,0.0171,0.0375,0.455,0.354,0.5463,-0.1923,L2
1买,斐波长多头 + 六脉5红首发,476,0.032,0.0622,0.514,0.3824,0.5463,-0.1639,L2
1买,斐波长多头 + 偏多共振,240,0.0227,0.0235,0.965,0.5375,0.5463,-0.0088,L2
1买,斐波长多头 + 多头共振,239,0.0227,0.0233,0.974,0.5397,0.5463,-0.0065,L2
1买,斐波长多头 + 火箭信号,76,0.0049,0.0102,0.484,0.3684,0.5463,-0.1779,L2
1买,斐波长多头 + 极限抄底,165,0.0202,0.0106,1.91,0.697,0.5463,0.1507,L2
1买,斐波长多头 + 中枢进机会区,629,0.0547,0.0673,0.812,0.4944,0.5463,-0.0519,L2
1买,斐波长多头 + 中枢极限底,701,0.0636,0.0718,0.887,0.5164,0.5463,-0.0299,L2
1买,斐波长多头 + 中枢上穿中轴,138,0.0095,0.0178,0.534,0.3913,0.5463,-0.155,L2
1买,斐波长多头 + 中枢底部蓄力,831,0.0633,0.0997,0.635,0.4332,0.5463,-0.1131,L2
1买,斐波长多头 + 中枢底部回升,1080,0.0902,0.12,0.751,0.475,0.5463,-0.0713,L2
1买,斐波长多头 + 大盘多头,246,0.0134,0.036,0.371,0.3089,0.5463,-0.2373,L2
1买,斐波长多头 + 大盘空头,375,0.0222,0.0527,0.42,0.336,0.5463,-0.2103,L2
1买,斐波长多头 + 大盘安全,371,0.0206,0.0538,0.383,0.3154,0.5463,-0.2309,L2
1买,斐波长多头 + SID等于1,246,0.0134,0.036,0.371,0.3089,0.5463,-0.2373,L2
1买,斐波长多头 + SID等于2,900,0.0802,0.094,0.853,0.5067,0.5463,-0.0396,L2
1买,斐波长多头 + SID小于等于2,961,0.0837,0.1027,0.815,0.4953,0.5463,-0.051,L2
1买,斐波长多头 + 大盘5日上涨,522,0.0295,0.0749,0.394,0.3218,0.5463,-0.2245,L2
1买,斐波长多头 + 相对强弱大于0,335,0.0216,0.0449,0.482,0.3672,0.5463,-0.1791,L2
1买,斐波长多头 + 相对强弱大于5,91,0.006,0.0121,0.495,0.3736,0.5463,-0.1727,L2
1买,斐波长多头 + 量比>=1.3,295,0.0306,0.0256,1.194,0.5898,0.5463,0.0435,L2
1买,斐波长多头 + 深跌(距前高>40%),71,0.006,0.0078,0.763,0.4789,0.5463,-0.0674,L2
1买,斐波长多头 + 距前低<=10%,807,0.057,0.1022,0.557,0.4015,0.5463,-0.1448,L2
1买,斐波长多头 + 相对强弱>=0,66,0.0044,0.0087,0.506,0.3788,0.5463,-0.1675,L2
1买,MA55上穿MA89 + 放量,157,0.0176,0.0121,1.457,0.6369,0.5463,0.0906,L2
1买,MA55上穿MA89 + 缩量,178,0.02,0.0135,1.479,0.6404,0.5463,0.0942,L2
1买,MA55上穿MA89 + 量比大于1,184,0.0202,0.0146,1.384,0.625,0.5463,0.0787,L2
1买,MA55上穿MA89 + 量比大于1_3,142,0.0158,0.011,1.437,0.6338,0.5463,0.0875,L2
1买,MA55上穿MA89 + 量比大于2,70,0.0083,0.0049,1.697,0.6714,0.5463,0.1251,L2
1买,MA55上穿MA89 + 量能递增,136,0.016,0.0095,1.679,0.6691,0.5463,0.1228,L2
1买,MA55上穿MA89 + 价涨量增,124,0.0132,0.0104,1.271,0.6048,0.5463,0.0585,L2
1买,MA55上穿MA89 + 价涨量缩,160,0.0183,0.0119,1.542,0.65,0.5463,0.1037,L2
1买,MA55上穿MA89 + MACD柱递增,180,0.0195,0.0146,1.336,0.6167,0.5463,0.0704,L2
1买,MA55上穿MA89 + MACD底背离,70,0.0055,0.0083,0.66,0.4429,0.5463,-0.1034,L2
1买,MA55上穿MA89 + BOLL触下轨反弹,129,0.0135,0.011,1.23,0.5969,0.5463,0.0506,L2
1买,MA55上穿MA89 + BOLL开口扩张,195,0.0213,0.0157,1.358,0.6205,0.5463,0.0742,L2
1买,MA55上穿MA89 + KDJ金叉态,171,0.0188,0.0135,1.389,0.6257,0.5463,0.0794,L2
1买,MA55上穿MA89 + KDJ_J超卖,191,0.0209,0.0152,1.373,0.623,0.5463,0.0767,L2
1买,MA55上穿MA89 + KDJ低位金叉,110,0.0118,0.0091,1.294,0.6091,0.5463,0.0628,L2
1买,MA55上穿MA89 + KDJ_D小于30,149,0.0156,0.0127,1.232,0.5973,0.5463,0.051,L2
1买,MA55上穿MA89 + RSI6大于50,59,0.0049,0.0066,0.75,0.4746,0.5463,-0.0717,L2
1买,MA55上穿MA89 + RSI金叉,136,0.0134,0.0127,1.052,0.5588,0.5463,0.0125,L2
1买,MA55上穿MA89 + RSI6超卖,187,0.0207,0.0146,1.42,0.631,0.5463,0.0847,L2
1买,MA55上穿MA89 + RSI底背离,51,0.0039,0.0061,0.63,0.4314,0.5463,-0.1149,L2
1买,MA55上穿MA89 + 量能金叉,57,0.0063,0.0044,1.424,0.6316,0.5463,0.0853,L2
1买,MA55上穿MA89 + 六脉红灯大于5,85,0.0076,0.0089,0.85,0.5059,0.5463,-0.0404,L2
1买,MA55上穿MA89 + 六脉红灯大于6,50,0.0044,0.0053,0.831,0.5,0.5463,-0.0463,L2
1买,MA55上穿MA89 + 六脉6红首发,50,0.0044,0.0053,0.831,0.5,0.5463,-0.0463,L2
1买,MA55上穿MA89 + 六脉5红首发,85,0.0076,0.0089,0.85,0.5059,0.5463,-0.0404,L2
1买,MA55上穿MA89 + 中枢进机会区,117,0.0148,0.007,2.114,0.7179,0.5463,0.1717,L2
1买,MA55上穿MA89 + 中枢极限底,120,0.0149,0.0074,2.017,0.7083,0.5463,0.162,L2
1买,MA55上穿MA89 + 中枢底部蓄力,123,0.0109,0.0129,0.844,0.5041,0.5463,-0.0422,L2
1买,MA55上穿MA89 + 中枢底部回升,187,0.0204,0.015,1.357,0.6203,0.5463,0.074,L2
1买,MA55上穿MA89 + SID等于2,161,0.0186,0.0116,1.601,0.6584,0.5463,0.1121,L2
1买,MA55上穿MA89 + SID小于等于2,170,0.0192,0.0129,1.484,0.6412,0.5463,0.0949,L2
1买,MA55上穿MA89 + 大盘5日上涨,69,0.0049,0.0087,0.567,0.4058,0.5463,-0.1405,L2
1买,MA55上穿MA89 + 相对强弱大于0,54,0.0053,0.0051,1.038,0.5556,0.5463,0.0093,L2
1买,MA55上穿MA89 + 量比>=1.3,68,0.0079,0.0049,1.625,0.6618,0.5463,0.1155,L2
1买,MA55上穿MA89 + 距前低<=10%,114,0.0107,0.0112,0.956,0.5351,0.5463,-0.0112,L2
1买,放量 + 缩量,6530,0.6275,0.6268,1.001,0.5466,0.5463,0.0003,L2
1买,放量 + 量比大于1,7957,0.7848,0.7394,1.061,0.561,0.5463,0.0147,L2
1买,放量 + 量比大于1_3,6822,0.6807,0.6245,1.09,0.5676,0.5463,0.0213,L2
1买,放量 + 量比大于2,2887,0.3019,0.2477,1.219,0.5947,0.5463,0.0484,L2
1买,放量 + 量能递增,6126,0.6116,0.5603,1.092,0.5679,0.5463,0.0216,L2
1买,放量 + 价涨量增,6647,0.6653,0.6061,1.098,0.5693,0.5463,0.023,L2
1买,放量 + 价涨量缩,5452,0.5311,0.5146,1.032,0.5541,0.5463,0.0078,L2
1买,放量 + MACD_DIF大于0,611,0.0598,0.0574,1.042,0.5565,0.5463,0.0102,L2
1买,放量 + MACD金叉态,2999,0.2635,0.3175,0.83,0.4998,0.5463,-0.0465,L2
1买,放量 + MACD柱递增,7282,0.7275,0.6655,1.093,0.5683,0.5463,0.022,L2
1买,放量 + MACD零轴上金叉,87,0.0081,0.0087,0.932,0.5287,0.5463,-0.0176,L2
1买,放量 + MACD底背离,3902,0.3333,0.4246,0.785,0.4859,0.5463,-0.0604,L2
1买,放量 + BOLL收上中轨,2202,0.1969,0.229,0.86,0.5086,0.5463,-0.0377,L2
1买,放量 + BOLL突破上轨,256,0.0232,0.0262,0.884,0.5156,0.5463,-0.0307,L2
1买,放量 + BOLL触下轨反弹,5923,0.5877,0.5461,1.076,0.5644,0.5463,0.0181,L2
1买,放量 + BOLL开口扩张,7602,0.7528,0.7028,1.071,0.5633,0.5463,0.017,L2
1买,放量 + KDJ金叉态,7142,0.711,0.6558,1.084,0.5662,0.5463,0.0199,L2
1买,放量 + KDJ_J超卖,7535,0.7435,0.6998,1.062,0.5612,0.5463,0.015,L2
1买,放量 + KDJ低位金叉,4225,0.4325,0.3736,1.158,0.5822,0.5463,0.036,L2
1买,放量 + KDJ_D小于30,6228,0.6188,0.5732,1.08,0.5652,0.5463,0.0189,L2
1买,放量 + RSI6大于50,4067,0.375,0.4094,0.916,0.5245,0.5463,-0.0218,L2
1买,放量 + RSI金叉,6770,0.6568,0.6423,1.023,0.5518,0.5463,0.0056,L2
1买,放量 + RSI6超卖,7352,0.7319,0.6751,1.084,0.5662,0.5463,0.0199,L2
1买,放量 + RSI底背离,3868,0.3553,0.391,0.909,0.5225,0.5463,-0.0238,L2
1买,放量 + 威科夫得分大于4,397,0.0318,0.0457,0.696,0.4559,0.5463,-0.0904,L2
1买,放量 + 威科夫得分大于7,139,0.0123,0.0146,0.843,0.5036,0.5463,-0.0427,L2
1买,放量 + 积累阶段,2323,0.1844,0.2697,0.684,0.4516,0.5463,-0.0947,L2
1买,放量 + 威科夫B3弹簧,82,0.0067,0.0093,0.717,0.4634,0.5463,-0.0829,L2
1买,放量 + 威科夫B1突破,57,0.0044,0.0068,0.649,0.4386,0.5463,-0.1077,L2
1买,放量 + 黄金柱,326,0.0288,0.0343,0.841,0.5031,0.5463,-0.0432,L2
1买,放量 + 量能金叉,2573,0.2718,0.2174,1.25,0.6009,0.5463,0.0546,L2
1买,放量 + 六脉红灯大于5,5397,0.5105,0.5277,0.967,0.5381,0.5463,-0.0082,L2
1买,放量 + 六脉红灯大于6,3718,0.3423,0.3749,0.913,0.5237,0.5463,-0.0226,L2
1买,放量 + 六脉6红首发,3718,0.3423,0.3749,0.913,0.5237,0.5463,-0.0226,L2
1买,放量 + 六脉5红首发,5397,0.5105,0.5277,0.967,0.5381,0.5463,-0.0082,L2
1买,放量 + 偏多共振,331,0.0364,0.0262,1.386,0.6254,0.5463,0.0791,L2
1买,放量 + 多头共振,329,0.0362,0.026,1.391,0.6261,0.5463,0.0798,L2
1买,放量 + 火箭信号,649,0.071,0.0519,1.37,0.6225,0.5463,0.0762,L2
1买,放量 + 二连板,73,0.009,0.0047,1.925,0.6986,0.5463,0.1523,L2
1买,放量 + 极限抄底,823,0.1088,0.0432,2.52,0.7521,0.5463,0.2058,L2
1买,放量 + 中枢进机会区,3673,0.3803,0.3196,1.19,0.5889,0.5463,0.0426,L2
1买,放量 + 中枢极限底,4874,0.4958,0.4348,1.14,0.5786,0.5463,0.0323,L2
1买,放量 + 中枢上穿中轴,1442,0.1414,0.1351,1.047,0.5576,0.5463,0.0113,L2
1买,放量 + 中枢底部蓄力,6446,0.6123,0.6272,0.976,0.5403,0.5463,-0.006,L2
1买,放量 + 中枢底部回升,7732,0.7646,0.7161,1.068,0.5625,0.5463,0.0162,L2
1买,放量 + 大盘多头,1012,0.0619,0.1397,0.443,0.3478,0.5463,-0.1985,L2
1买,放量 + 大盘空头,4897,0.4724,0.4678,1.01,0.5487,0.5463,0.0024,L2
1买,放量 + 大盘安全,2831,0.2384,0.3122,0.764,0.479,0.5463,-0.0673,L2
1买,放量 + SID等于1,1012,0.0619,0.1397,0.443,0.3478,0.5463,-0.1985,L2
1买,放量 + SID等于2,4919,0.49,0.4513,1.086,0.5666,0.5463,0.0203,L2
1买,放量 + SID小于等于2,5181,0.5055,0.4881,1.035,0.5549,0.5463,0.0086,L2
1买,放量 + 大盘5日上涨,4642,0.4174,0.4801,0.869,0.5114,0.5463,-0.0349,L2
1买,放量 + 相对强弱大于0,3288,0.3045,0.3294,0.924,0.5268,0.5463,-0.0195,L2
1买,放量 + 相对强弱大于5,733,0.0686,0.0726,0.944,0.5321,0.5463,-0.0142,L2
1买,放量 + 量比>=1.3,2618,0.2882,0.2072,1.39,0.6261,0.5463,0.0798,L2
1买,放量 + 量比>=2,424,0.0427,0.0383,1.115,0.5731,0.5463,0.0268,L2
1买,放量 + 距前高<=10%,386,0.0338,0.0411,0.822,0.4974,0.5463,-0.0489,L2
1买,放量 + 深跌(距前高>40%),492,0.0594,0.0326,1.823,0.687,0.5463,0.1407,L2
1买,放量 + 距前低<=10%,6862,0.6368,0.6859,0.928,0.5278,0.5463,-0.0185,L2
1买,放量 + 相对强弱>=0,760,0.071,0.0754,0.943,0.5316,0.5463,-0.0147,L2
1买,放量 + 相对强弱>=5,56,0.0055,0.0053,1.03,0.5536,0.5463,0.0073,L2
1买,缩量 + 量比大于1,8136,0.7707,0.7942,0.97,0.5388,0.5463,-0.0075,L2
1买,缩量 + 量比大于1_3,5988,0.5812,0.5677,1.024,0.5521,0.5463,0.0058,L2
1买,缩量 + 量比大于2,2245,0.2342,0.1933,1.212,0.5933,0.5463,0.047,L2
1买,缩量 + 量能递增,5203,0.4981,0.5017,0.993,0.5445,0.5463,-0.0018,L2
1买,缩量 + 价涨量增,5227,0.5086,0.4941,1.029,0.5535,0.5463,0.0072,L2
1买,缩量 + 价涨量缩,6740,0.622,0.6778,0.918,0.5249,0.5463,-0.0214,L2
1买,缩量 + MACD_DIF大于0,646,0.0649,0.0586,1.106,0.5712,0.5463,0.0249,L2
1买,缩量 + MACD金叉态,2890,0.2514,0.3091,0.813,0.4948,0.5463,-0.0515,L2
1买,缩量 + MACD柱递增,7988,0.7537,0.7834,0.962,0.5367,0.5463,-0.0096,L2
1买,缩量 + MACD零轴上金叉,63,0.0051,0.0072,0.708,0.4603,0.5463,-0.086,L2
1买,缩量 + MACD底背离,4440,0.3657,0.4996,0.732,0.4685,0.5463,-0.0778,L2
1买,缩量 + BOLL收上中轨,1799,0.1568,0.192,0.817,0.4958,0.5463,-0.0505,L2
1买,缩量 + BOLL突破上轨,193,0.0176,0.0197,0.893,0.5181,0.5463,-0.0282,L2
1买,缩量 + BOLL触下轨反弹,6085,0.5758,0.5948,0.968,0.5382,0.5463,-0.0081,L2
1买,缩量 + BOLL开口扩张,8336,0.7823,0.8226,0.951,0.5338,0.5463,-0.0125,L2
1买,缩量 + KDJ金叉态,7576,0.7161,0.7415,0.966,0.5376,0.5463,-0.0087,L2
1买,缩量 + KDJ_J超卖,8412,0.7887,0.8311,0.949,0.5333,0.5463,-0.013,L2
1买,缩量 + KDJ低位金叉,4926,0.4719,0.4746,0.994,0.5449,0.5463,-0.0014,L2
1买,缩量 + KDJ_D小于30,7211,0.6732,0.7159,0.94,0.531,0.5463,-0.0153,L2
1买,缩量 + RSI6大于50,3584,0.3119,0.3831,0.814,0.495,0.5463,-0.0513,L2
1买,缩量 + RSI金叉,6858,0.6268,0.6971,0.899,0.5198,0.5463,-0.0265,L2
1买,缩量 + RSI6超卖,8110,0.7644,0.7964,0.96,0.5361,0.5463,-0.0102,L2
1买,缩量 + RSI底背离,4248,0.3673,0.457,0.804,0.4918,0.5463,-0.0545,L2
1买,缩量 + 威科夫得分大于4,390,0.0331,0.0428,0.773,0.4821,0.5463,-0.0642,L2
1买,缩量 + 威科夫得分大于7,125,0.0109,0.0133,0.817,0.496,0.5463,-0.0503,L2
1买,缩量 + 积累阶段,2511,0.1967,0.2947,0.668,0.4456,0.5463,-0.1007,L2
1买,缩量 + 威科夫B3弹簧,78,0.0056,0.0097,0.578,0.4103,0.5463,-0.136,L2
1买,缩量 + 黄金柱,288,0.0262,0.0294,0.89,0.5174,0.5463,-0.0289,L2
1买,缩量 + 量能金叉,1912,0.2009,0.1628,1.234,0.5978,0.5463,0.0515,L2
1买,缩量 + 六脉红灯大于5,5355,0.4717,0.5656,0.834,0.501,0.5463,-0.0453,L2
1买,缩量 + 六脉红灯大于6,3231,0.2809,0.3457,0.813,0.4946,0.5463,-0.0517,L2
1买,缩量 + 六脉6红首发,3231,0.2809,0.3457,0.813,0.4946,0.5463,-0.0517,L2
1买,缩量 + 六脉5红首发,5355,0.4717,0.5656,0.834,0.501,0.5463,-0.0453,L2
1买,缩量 + 偏多共振,412,0.045,0.033,1.363,0.6214,0.5463,0.0751,L2
1买,缩量 + 多头共振,410,0.0448,0.0328,1.366,0.622,0.5463,0.0757,L2
1买,缩量 + 火箭信号,404,0.0396,0.0379,1.044,0.5569,0.5463,0.0106,L2
1买,缩量 + 极限抄底,713,0.0898,0.0428,2.101,0.7167,0.5463,0.1704,L2
1买,缩量 + 中枢进机会区,4014,0.4031,0.3643,1.107,0.5713,0.5463,0.025,L2
1买,缩量 + 中枢极限底,5503,0.5308,0.5258,1.009,0.5486,0.5463,0.0023,L2
1买,缩量 + 中枢上穿中轴,991,0.0918,0.0993,0.924,0.5267,0.5463,-0.0196,L2
1买,缩量 + 中枢底部蓄力,7332,0.6549,0.7635,0.858,0.508,0.5463,-0.0382,L2
1买,缩量 + 中枢底部回升,8570,0.8047,0.8453,0.952,0.5341,0.5463,-0.0122,L2
1买,缩量 + 大盘多头,1258,0.0745,0.1765,0.422,0.337,0.5463,-0.2092,L2
1买,缩量 + 大盘空头,5272,0.4838,0.5334,0.907,0.522,0.5463,-0.0243,L2
1买,缩量 + 大盘安全,2792,0.1911,0.3609,0.529,0.3893,0.5463,-0.157,L2
1买,缩量 + SID等于1,1258,0.0745,0.1765,0.422,0.337,0.5463,-0.2092,L2
1买,缩量 + SID等于2,5149,0.4626,0.533,0.868,0.511,0.5463,-0.0353,L2
1买,缩量 + SID小于等于2,5441,0.478,0.5762,0.83,0.4997,0.5463,-0.0466,L2
1买,缩量 + 大盘5日上涨,5080,0.426,0.5624,0.757,0.477,0.5463,-0.0693,L2
1买,缩量 + 相对强弱大于0,3219,0.2955,0.3256,0.908,0.5222,0.5463,-0.0241,L2
1买,缩量 + 相对强弱大于5,583,0.055,0.0572,0.963,0.5369,0.5463,-0.0094,L2
1买,缩量 + 量比>=1.3,1918,0.2076,0.156,1.331,0.6157,0.5463,0.0695,L2
1买,缩量 + 量比>=2,272,0.0262,0.026,1.006,0.5478,0.5463,0.0015,L2
1买,缩量 + 距前高<=10%,361,0.0294,0.0411,0.715,0.4626,0.5463,-0.0837,L2
1买,缩量 + 深跌(距前高>40%),350,0.0327,0.0347,0.942,0.5314,0.5463,-0.0149,L2
1买,缩量 + 距前低<=10%,7816,0.6932,0.8199,0.846,0.5045,0.5463,-0.0418,L2
1买,缩量 + 相对强弱>=0,710,0.0643,0.0728,0.884,0.5155,0.5463,-0.0308,L2
1买,量比大于1 + 量比大于1_3,7398,0.7365,0.6793,1.084,0.5662,0.5463,0.0199,L2
1买,量比大于1 + 量比大于2,2918,0.3049,0.2506,1.216,0.5942,0.5463,0.0479,L2
1买,量比大于1 + 量能递增,6212,0.6194,0.5692,1.088,0.5671,0.5463,0.0208,L2
1买,量比大于1 + 价涨量增,6605,0.661,0.6022,1.098,0.5693,0.5463,0.023,L2
1买,量比大于1 + 价涨量缩,6731,0.6401,0.6541,0.979,0.5409,0.5463,-0.0054,L2
1买,量比大于1 + MACD_DIF大于0,651,0.0638,0.061,1.047,0.5576,0.5463,0.0113,L2
1买,量比大于1 + MACD金叉态,3267,0.289,0.3436,0.841,0.5032,0.5463,-0.0431,L2
1买,量比大于1 + MACD柱递增,8779,0.8608,0.822,1.047,0.5577,0.5463,0.0114,L2
1买,量比大于1 + MACD零轴上金叉,86,0.0079,0.0087,0.912,0.5233,0.5463,-0.023,L2
1买,量比大于1 + MACD底背离,4739,0.4042,0.5165,0.783,0.4851,0.5463,-0.0612,L2
1买,量比大于1 + BOLL收上中轨,2258,0.2018,0.235,0.859,0.5084,0.5463,-0.0379,L2
1买,量比大于1 + BOLL突破上轨,256,0.0232,0.0262,0.884,0.5156,0.5463,-0.0307,L2
1买,量比大于1 + BOLL触下轨反弹,6874,0.6777,0.6391,1.061,0.5608,0.5463,0.0145,L2
1买,量比大于1 + BOLL开口扩张,9107,0.8866,0.8603,1.031,0.5537,0.5463,0.0075,L2
1买,量比大于1 + KDJ金叉态,8579,0.8393,0.8055,1.042,0.5565,0.5463,0.0102,L2
1买,量比大于1 + KDJ_J超卖,9086,0.882,0.8613,1.024,0.5522,0.5463,0.0059,L2
1买,量比大于1 + KDJ低位金叉,5428,0.5399,0.4989,1.082,0.5658,0.5463,0.0195,L2
1买,量比大于1 + KDJ_D小于30,7739,0.7533,0.7312,1.03,0.5537,0.5463,0.0074,L2
1买,量比大于1 + RSI6大于50,4409,0.4023,0.449,0.896,0.5189,0.5463,-0.0274,L2
1买,量比大于1 + RSI金叉,7906,0.7551,0.7644,0.988,0.5433,0.5463,-0.003,L2
1买,量比大于1 + RSI6超卖,8873,0.8678,0.8334,1.041,0.5563,0.5463,0.01,L2
1买,量比大于1 + RSI底背离,4651,0.4233,0.4748,0.892,0.5177,0.5463,-0.0286,L2
1买,量比大于1 + 威科夫得分大于4,411,0.0338,0.0464,0.728,0.4672,0.5463,-0.0791,L2
1买,量比大于1 + 威科夫得分大于7,140,0.0125,0.0146,0.855,0.5071,0.5463,-0.0391,L2
1买,量比大于1 + 积累阶段,2647,0.2094,0.3082,0.679,0.4499,0.5463,-0.0963,L2
1买,量比大于1 + 威科夫B3弹簧,86,0.0065,0.0104,0.627,0.4302,0.5463,-0.1161,L2
1买,量比大于1 + 威科夫B1突破,57,0.0044,0.0068,0.649,0.4386,0.5463,-0.1077,L2
1买,量比大于1 + 黄金柱,332,0.0297,0.0345,0.861,0.509,0.5463,-0.0373,L2
1买,量比大于1 + 量能金叉,2615,0.2781,0.2187,1.272,0.605,0.5463,0.0587,L2
1买,量比大于1 + 六脉红灯大于5,6321,0.5884,0.6296,0.935,0.5295,0.5463,-0.0168,L2
1买,量比大于1 + 六脉红灯大于6,4014,0.3664,0.4086,0.897,0.5192,0.5463,-0.0271,L2
1买,量比大于1 + 六脉6红首发,4014,0.3664,0.4086,0.897,0.5192,0.5463,-0.0271,L2
1买,量比大于1 + 六脉5红首发,6321,0.5884,0.6296,0.935,0.5295,0.5463,-0.0168,L2
1买,量比大于1 + 偏多共振,379,0.0417,0.0301,1.386,0.6253,0.5463,0.079,L2
1买,量比大于1 + 多头共振,377,0.0415,0.0298,1.39,0.626,0.5463,0.0797,L2
1买,量比大于1 + 火箭信号,665,0.073,0.0529,1.379,0.6241,0.5463,0.0778,L2
1买,量比大于1 + 二连板,74,0.0091,0.0047,1.963,0.7027,0.5463,0.1564,L2
1买,量比大于1 + 二次涨停,53,0.0051,0.0051,1.004,0.5472,0.5463,0.0009,L2
1买,量比大于1 + 极限抄底,944,0.1211,0.054,2.244,0.7299,0.5463,0.1836,L2
1买,量比大于1 + 中枢进机会区,4278,0.4365,0.38,1.149,0.5804,0.5463,0.0341,L2
1买,量比大于1 + 中枢极限底,5880,0.5868,0.5381,1.091,0.5677,0.5463,0.0214,L2
1买,量比大于1 + 中枢上穿中轴,1450,0.1422,0.1357,1.048,0.5579,0.5463,0.0116,L2
1买,量比大于1 + 中枢底部蓄力,7932,0.7405,0.7875,0.94,0.531,0.5463,-0.0153,L2
1买,量比大于1 + 中枢底部回升,9312,0.9052,0.8812,1.027,0.5529,0.5463,0.0066,L2
1买,量比大于1 + 大盘多头,1266,0.0761,0.1763,0.432,0.342,0.5463,-0.2043,L2
1买,量比大于1 + 大盘空头,5845,0.5617,0.561,1.001,0.5466,0.5463,0.0003,L2
1买,量比大于1 + 大盘安全,3337,0.2707,0.3804,0.712,0.4615,0.5463,-0.0848,L2
1买,量比大于1 + SID等于1,1266,0.0761,0.1763,0.432,0.342,0.5463,-0.2043,L2
1买,量比大于1 + SID等于2,5840,0.5626,0.5588,1.007,0.5479,0.5463,0.0017,L2
1买,量比大于1 + SID小于等于2,6156,0.5809,0.6037,0.962,0.5367,0.5463,-0.0096,L2
1买,量比大于1 + 大盘5日上涨,5643,0.5016,0.5906,0.849,0.5056,0.5463,-0.0407,L2
1买,量比大于1 + 相对强弱大于0,3645,0.3386,0.3639,0.931,0.5284,0.5463,-0.0179,L2
1买,量比大于1 + 相对强弱大于5,743,0.07,0.073,0.958,0.5357,0.5463,-0.0106,L2
1买,量比大于1 + 量比>=1.3,2769,0.3059,0.2178,1.404,0.6284,0.5463,0.0821,L2
1买,量比大于1 + 量比>=2,427,0.0431,0.0385,1.118,0.5738,0.5463,0.0275,L2
1买,量比大于1 + 距前高<=10%,423,0.0367,0.0453,0.811,0.4941,0.5463,-0.0522,L2
1买,量比大于1 + 深跌(距前高>40%),566,0.0654,0.0411,1.593,0.6572,0.5463,0.111,L2
1买,量比大于1 + 距前低<=10%,8302,0.7588,0.8438,0.899,0.5199,0.5463,-0.0264,L2
1买,量比大于1 + 相对强弱>=0,856,0.08,0.0849,0.942,0.5315,0.5463,-0.0148,L2
1买,量比大于1 + 相对强弱>=5,57,0.0055,0.0055,0.99,0.5439,0.5463,-0.0024,L2
1买,量比大于1_3 + 量比大于2,2918,0.3049,0.2506,1.216,0.5942,0.5463,0.0479,L2
1买,量比大于1_3 + 量能递增,5251,0.5299,0.4735,1.119,0.574,0.5463,0.0277,L2
1买,量比大于1_3 + 价涨量增,5822,0.5898,0.5222,1.129,0.5763,0.5463,0.03,L2
1买,量比大于1_3 + 价涨量缩,4886,0.4798,0.4566,1.051,0.5585,0.5463,0.0122,L2
1买,量比大于1_3 + MACD_DIF大于0,512,0.0487,0.0497,0.979,0.541,0.5463,-0.0053,L2
1买,量比大于1_3 + MACD金叉态,2666,0.2368,0.2792,0.848,0.5053,0.5463,-0.041,L2
1买,量比大于1_3 + MACD柱递增,6801,0.6879,0.6113,1.125,0.5754,0.5463,0.0291,L2
1买,量比大于1_3 + MACD零轴上金叉,82,0.0076,0.0083,0.916,0.5244,0.5463,-0.0219,L2
1买,量比大于1_3 + MACD底背离,3562,0.3052,0.3865,0.79,0.4874,0.5463,-0.0589,L2
1买,量比大于1_3 + BOLL收上中轨,2065,0.1851,0.2142,0.864,0.5099,0.5463,-0.0364,L2
1买,量比大于1_3 + BOLL突破上轨,256,0.0232,0.0262,0.884,0.5156,0.5463,-0.0307,L2
1买,量比大于1_3 + BOLL触下轨反弹,5331,0.5399,0.4784,1.129,0.5761,0.5463,0.0298,L2
1买,量比大于1_3 + BOLL开口扩张,7001,0.7004,0.6387,1.097,0.5691,0.5463,0.0228,L2
1买,量比大于1_3 + KDJ金叉态,6738,0.6777,0.6103,1.111,0.5721,0.5463,0.0258,L2
1买,量比大于1_3 + KDJ_J超卖,6931,0.6906,0.6357,1.086,0.5667,0.5463,0.0204,L2
1买,量比大于1_3 + KDJ低位金叉,4069,0.4197,0.3561,1.179,0.5866,0.5463,0.0403,L2
1买,量比大于1_3 + KDJ_D小于30,5858,0.5884,0.5315,1.107,0.5714,0.5463,0.0251,L2
1买,量比大于1_3 + RSI6大于50,3773,0.3469,0.381,0.91,0.5229,0.5463,-0.0234,L2
1买,量比大于1_3 + RSI金叉,6229,0.6099,0.5843,1.044,0.5569,0.5463,0.0106,L2
1买,量比大于1_3 + RSI6超卖,6819,0.686,0.6175,1.111,0.5722,0.5463,0.0259,L2
1买,量比大于1_3 + RSI底背离,3447,0.3182,0.3465,0.918,0.5251,0.5463,-0.0212,L2
1买,量比大于1_3 + 威科夫得分大于4,328,0.0251,0.0392,0.642,0.436,0.5463,-0.1103,L2
1买,量比大于1_3 + 威科夫得分大于7,118,0.01,0.0129,0.776,0.4831,0.5463,-0.0632,L2
1买,量比大于1_3 + 积累阶段,2039,0.1619,0.2367,0.684,0.4517,0.5463,-0.0946,L2
1买,量比大于1_3 + 威科夫B3弹簧,66,0.0047,0.0083,0.575,0.4091,0.5463,-0.1372,L2
1买,量比大于1_3 + 威科夫B1突破,57,0.0044,0.0068,0.649,0.4386,0.5463,-0.1077,L2
1买,量比大于1_3 + 黄金柱,327,0.0292,0.0341,0.856,0.5076,0.5463,-0.0386,L2
1买,量比大于1_3 + 量能金叉,2511,0.2681,0.2087,1.285,0.6073,0.5463,0.061,L2
1买,量比大于1_3 + 六脉红灯大于5,5020,0.4782,0.4869,0.982,0.5418,0.5463,-0.0045,L2
1买,量比大于1_3 + 六脉红灯大于6,3472,0.32,0.3497,0.915,0.5242,0.5463,-0.0221,L2
1买,量比大于1_3 + 六脉6红首发,3472,0.32,0.3497,0.915,0.5242,0.5463,-0.0221,L2
1买,量比大于1_3 + 六脉5红首发,5020,0.4782,0.4869,0.982,0.5418,0.5463,-0.0045,L2
1买,量比大于1_3 + 偏多共振,278,0.029,0.0239,1.213,0.5935,0.5463,0.0472,L2
1买,量比大于1_3 + 多头共振,276,0.0288,0.0237,1.216,0.5942,0.5463,0.0479,L2
1买,量比大于1_3 + 火箭信号,635,0.0696,0.0506,1.376,0.6236,0.5463,0.0773,L2
1买,量比大于1_3 + 二连板,70,0.0086,0.0044,1.938,0.7,0.5463,0.1537,L2
1买,量比大于1_3 + 极限抄底,808,0.1076,0.0415,2.593,0.7574,0.5463,0.2111,L2
1买,量比大于1_3 + 中枢进机会区,3298,0.343,0.2851,1.203,0.5916,0.5463,0.0453,L2
1买,量比大于1_3 + 中枢极限底,4528,0.4671,0.3961,1.179,0.5868,0.5463,0.0405,L2
1买,量比大于1_3 + 中枢上穿中轴,1353,0.1326,0.1268,1.045,0.5573,0.5463,0.011,L2
1买,量比大于1_3 + 中枢底部蓄力,5996,0.5763,0.5754,1.002,0.5467,0.5463,0.0004,L2
1买,量比大于1_3 + 中枢底部回升,7131,0.7127,0.6514,1.094,0.5685,0.5463,0.0222,L2
1买,量比大于1_3 + 大盘多头,893,0.0552,0.1226,0.45,0.3516,0.5463,-0.1947,L2
1买,量比大于1_3 + 大盘空头,4391,0.4283,0.4138,1.035,0.5548,0.5463,0.0085,L2
1买,量比大于1_3 + 大盘安全,2502,0.2131,0.2731,0.78,0.4844,0.5463,-0.0619,L2
1买,量比大于1_3 + SID等于1,893,0.0552,0.1226,0.45,0.3516,0.5463,-0.1947,L2
1买,量比大于1_3 + SID等于2,4616,0.4597,0.4236,1.085,0.5665,0.5463,0.0202,L2
1买,量比大于1_3 + SID小于等于2,4849,0.4747,0.4549,1.043,0.5568,0.5463,0.0105,L2
1买,量比大于1_3 + 大盘5日上涨,4190,0.379,0.4306,0.88,0.5146,0.5463,-0.0317,L2
1买,量比大于1_3 + 相对强弱大于0,3015,0.2788,0.3025,0.922,0.526,0.5463,-0.0203,L2
1买,量比大于1_3 + 相对强弱大于5,685,0.0642,0.0677,0.947,0.5328,0.5463,-0.0134,L2
1买,量比大于1_3 + 量比>=1.3,2769,0.3059,0.2178,1.404,0.6284,0.5463,0.0821,L2
1买,量比大于1_3 + 量比>=2,427,0.0431,0.0385,1.118,0.5738,0.5463,0.0275,L2
1买,量比大于1_3 + 距前高<=10%,329,0.0287,0.0351,0.816,0.4954,0.5463,-0.0509,L2
1买,量比大于1_3 + 深跌(距前高>40%),458,0.0566,0.0288,1.966,0.7031,0.5463,0.1568,L2
1买,量比大于1_3 + 距前低<=10%,6256,0.5849,0.62,0.943,0.5318,0.5463,-0.0145,L2
1买,量比大于1_3 + 相对强弱>=0,663,0.0626,0.065,0.963,0.537,0.5463,-0.0093,L2
1买,量比大于2 + 量能递增,2522,0.2632,0.217,1.213,0.5936,0.5463,0.0473,L2
1买,量比大于2 + 价涨量增,2605,0.2739,0.2216,1.236,0.5981,0.5463,0.0518,L2
1买,量比大于2 + 价涨量缩,1843,0.2008,0.1484,1.353,0.6196,0.5463,0.0733,L2
1买,量比大于2 + MACD_DIF大于0,269,0.0258,0.0258,1.001,0.5465,0.5463,0.0002,L2
1买,量比大于2 + MACD金叉态,1241,0.1097,0.1306,0.84,0.5028,0.5463,-0.0435,L2
1买,量比大于2 + MACD柱递增,2691,0.2874,0.2235,1.286,0.6076,0.5463,0.0613,L2
1买,量比大于2 + MACD零轴上金叉,65,0.0062,0.0064,0.969,0.5385,0.5463,-0.0078,L2
1买,量比大于2 + MACD底背离,1287,0.1129,0.1365,0.827,0.4988,0.5463,-0.0475,L2
1买,量比大于2 + BOLL收上中轨,1189,0.1072,0.1226,0.875,0.513,0.5463,-0.0333,L2
1买,量比大于2 + BOLL突破上轨,234,0.0214,0.0237,0.905,0.5214,0.5463,-0.0249,L2
1买,量比大于2 + BOLL触下轨反弹,2112,0.2208,0.1812,1.219,0.5947,0.5463,0.0484,L2
1买,量比大于2 + BOLL开口扩张,2790,0.2941,0.2365,1.244,0.5996,0.5463,0.0533,L2
1买,量比大于2 + KDJ金叉态,2715,0.285,0.2316,1.231,0.5971,0.5463,0.0508,L2
1买,量比大于2 + KDJ_J超卖,2689,0.2823,0.2293,1.232,0.5972,0.5463,0.051,L2
1买,量比大于2 + KDJ低位金叉,1492,0.167,0.1147,1.456,0.6367,0.5463,0.0904,L2
1买,量比大于2 + KDJ_D小于30,2284,0.2444,0.1892,1.291,0.6086,0.5463,0.0623,L2
1买,量比大于2 + RSI6大于50,1690,0.1566,0.1691,0.926,0.5272,0.5463,-0.0191,L2
1买,量比大于2 + RSI金叉,2479,0.2549,0.2178,1.17,0.5849,0.5463,0.0386,L2
1买,量比大于2 + RSI6超卖,2668,0.2829,0.2242,1.262,0.6031,0.5463,0.0568,L2
1买,量比大于2 + RSI底背离,1201,0.1101,0.1217,0.904,0.5212,0.5463,-0.0251,L2
1买,量比大于2 + 威科夫得分大于4,192,0.0162,0.0212,0.764,0.4792,0.5463,-0.0671,L2
1买,量比大于2 + 威科夫得分大于7,74,0.0076,0.0066,1.152,0.5811,0.5463,0.0348,L2
1买,量比大于2 + 积累阶段,816,0.0663,0.0929,0.713,0.462,0.5463,-0.0843,L2
1买,量比大于2 + 威科夫B1突破,55,0.0042,0.0066,0.643,0.4364,0.5463,-0.1099,L2
1买,量比大于2 + 黄金柱,248,0.0229,0.025,0.915,0.5242,0.5463,-0.0221,L2
1买,量比大于2 + 量能金叉,1550,0.1667,0.1274,1.308,0.6116,0.5463,0.0653,L2
1买,量比大于2 + 六脉红灯大于5,2014,0.1959,0.1905,1.028,0.5531,0.5463,0.0068,L2
1买,量比大于2 + 六脉红灯大于6,1590,0.1464,0.1602,0.914,0.5239,0.5463,-0.0224,L2
1买,量比大于2 + 六脉6红首发,1590,0.1464,0.1602,0.914,0.5239,0.5463,-0.0224,L2
1买,量比大于2 + 六脉5红首发,2014,0.1959,0.1905,1.028,0.5531,0.5463,0.0068,L2
1买,量比大于2 + 偏多共振,117,0.0121,0.0102,1.194,0.5897,0.5463,0.0435,L2
1买,量比大于2 + 多头共振,117,0.0121,0.0102,1.194,0.5897,0.5463,0.0435,L2
1买,量比大于2 + 火箭信号,425,0.0438,0.0373,1.175,0.5859,0.5463,0.0396,L2
1买,量比大于2 + 二连板,53,0.0065,0.0034,1.921,0.6981,0.5463,0.1518,L2
1买,量比大于2 + 极限抄底,406,0.055,0.0197,2.795,0.7709,0.5463,0.2246,L2
1买,量比大于2 + 中枢进机会区,1352,0.147,0.1092,1.346,0.6183,0.5463,0.0721,L2
1买,量比大于2 + 中枢极限底,1764,0.1944,0.1393,1.396,0.627,0.5463,0.0807,L2
1买,量比大于2 + 中枢上穿中轴,824,0.0774,0.0813,0.952,0.534,0.5463,-0.0123,L2
1买,量比大于2 + 中枢底部蓄力,2299,0.2335,0.2055,1.136,0.5776,0.5463,0.0313,L2
1买,量比大于2 + 中枢底部回升,2792,0.2941,0.2369,1.242,0.5992,0.5463,0.0529,L2
1买,量比大于2 + 大盘多头,370,0.023,0.0506,0.455,0.3541,0.5463,-0.1922,L2
1买,量比大于2 + 大盘空头,1469,0.1457,0.1355,1.076,0.5643,0.5463,0.018,L2
1买,量比大于2 + 大盘安全,895,0.0758,0.0982,0.771,0.4816,0.5463,-0.0647,L2
1买,量比大于2 + SID等于1,370,0.023,0.0506,0.455,0.3541,0.5463,-0.1922,L2
1买,量比大于2 + SID等于2,1921,0.2069,0.1575,1.314,0.6127,0.5463,0.0664,L2
1买,量比大于2 + SID小于等于2,2028,0.2138,0.1719,1.244,0.5996,0.5463,0.0533,L2
1买,量比大于2 + 大盘5日上涨,1476,0.1301,0.1558,0.835,0.5014,0.5463,-0.0449,L2
1买,量比大于2 + 相对强弱大于0,1432,0.1324,0.1437,0.921,0.5258,0.5463,-0.0205,L2
1买,量比大于2 + 相对强弱大于5,521,0.0487,0.0517,0.943,0.5317,0.5463,-0.0146,L2
1买,量比大于2 + 量比>=1.3,1384,0.157,0.1039,1.51,0.6452,0.5463,0.0989,L2
1买,量比大于2 + 量比>=2,427,0.0431,0.0385,1.118,0.5738,0.5463,0.0275,L2
1买,量比大于2 + 距前高<=10%,156,0.0146,0.0155,0.944,0.5321,0.5463,-0.0142,L2
1买,量比大于2 + 深跌(距前高>40%),164,0.0199,0.0108,1.84,0.689,0.5463,0.1427,L2
1买,量比大于2 + 距前低<=10%,2356,0.2301,0.2216,1.038,0.5556,0.5463,0.0093,L2
1买,量比大于2 + 相对强弱>=0,304,0.0288,0.0296,0.973,0.5395,0.5463,-0.0068,L2
1买,量能递增 + 价涨量增,5288,0.5364,0.4735,1.133,0.577,0.5463,0.0307,L2
1买,量能递增 + 价涨量缩,4635,0.4564,0.4316,1.057,0.5601,0.5463,0.0138,L2
1买,量能递增 + MACD_DIF大于0,621,0.0603,0.0588,1.025,0.5523,0.5463,0.006,L2
1买,量能递增 + MACD金叉态,2478,0.215,0.2657,0.809,0.4935,0.5463,-0.0527,L2
1买,量能递增 + MACD柱递增,5994,0.6016,0.5445,1.105,0.5709,0.5463,0.0246,L2
1买,量能递增 + MACD零轴上金叉,83,0.0074,0.0087,0.851,0.506,0.5463,-0.0403,L2
1买,量能递增 + MACD底背离,3108,0.2641,0.34,0.777,0.4833,0.5463,-0.063,L2
1买,量能递增 + BOLL收上中轨,1949,0.1726,0.2047,0.843,0.5038,0.5463,-0.0424,L2
1买,量能递增 + BOLL突破上轨,252,0.0229,0.0258,0.885,0.5159,0.5463,-0.0304,L2
1买,量能递增 + BOLL触下轨反弹,5075,0.5016,0.4704,1.066,0.5622,0.5463,0.0159,L2
1买,量能递增 + BOLL开口扩张,6432,0.6406,0.5902,1.086,0.5665,0.5463,0.0202,L2
1买,量能递增 + KDJ金叉态,5690,0.5698,0.5184,1.099,0.5696,0.5463,0.0233,L2
1买,量能递增 + KDJ_J超卖,6273,0.621,0.5802,1.07,0.563,0.5463,0.0168,L2
1买,量能递增 + KDJ低位金叉,3244,0.3354,0.2828,1.186,0.5882,0.5463,0.0419,L2
1买,量能递增 + KDJ_D小于30,5055,0.5037,0.4636,1.087,0.5668,0.5463,0.0205,L2
1买,量能递增 + RSI6大于50,3299,0.3036,0.3328,0.912,0.5235,0.5463,-0.0228,L2
1买,量能递增 + RSI金叉,5542,0.5413,0.5214,1.038,0.5556,0.5463,0.0093,L2
1买,量能递增 + RSI6超卖,6071,0.6069,0.5544,1.095,0.5686,0.5463,0.0223,L2
1买,量能递增 + RSI底背离,3200,0.2931,0.3245,0.903,0.5209,0.5463,-0.0254,L2
1买,量能递增 + 威科夫得分大于4,435,0.0367,0.0478,0.768,0.4805,0.5463,-0.0658,L2
1买,量能递增 + 威科夫得分大于7,148,0.0135,0.015,0.901,0.5203,0.5463,-0.026,L2
1买,量能递增 + 积累阶段,1964,0.1558,0.2282,0.683,0.4511,0.5463,-0.0952,L2
1买,量能递增 + 威科夫B3弹簧,81,0.0065,0.0093,0.698,0.4568,0.5463,-0.0895,L2
1买,量能递增 + 威科夫B1突破,57,0.0044,0.0068,0.649,0.4386,0.5463,-0.1077,L2
1买,量能递增 + 黄金柱,253,0.0222,0.0269,0.824,0.498,0.5463,-0.0483,L2
1买,量能递增 + 量能金叉,2379,0.2486,0.2043,1.217,0.5944,0.5463,0.0481,L2
1买,量能递增 + 六脉红灯大于5,4320,0.4135,0.4166,0.993,0.5444,0.5463,-0.0018,L2
1买,量能递增 + 六脉红灯大于6,2990,0.2758,0.3008,0.917,0.5247,0.5463,-0.0215,L2
1买,量能递增 + 六脉6红首发,2990,0.2758,0.3008,0.917,0.5247,0.5463,-0.0215,L2
1买,量能递增 + 六脉5红首发,4320,0.4135,0.4166,0.993,0.5444,0.5463,-0.0018,L2
1买,量能递增 + 偏多共振,328,0.036,0.026,1.384,0.625,0.5463,0.0787,L2
1买,量能递增 + 多头共振,327,0.0359,0.026,1.377,0.6239,0.5463,0.0776,L2
1买,量能递增 + 火箭信号,620,0.0687,0.0485,1.418,0.6306,0.5463,0.0844,L2
1买,量能递增 + 二连板,71,0.0086,0.0047,1.85,0.6901,0.5463,0.1438,L2
1买,量能递增 + 二次涨停,51,0.0049,0.0049,1.011,0.549,0.5463,0.0027,L2
1买,量能递增 + 极限抄底,708,0.0923,0.0387,2.383,0.7415,0.5463,0.1952,L2
1买,量能递增 + 中枢进机会区,3118,0.3228,0.2714,1.189,0.5888,0.5463,0.0425,L2
1买,量能递增 + 中枢极限底,4031,0.4095,0.3603,1.136,0.5778,0.5463,0.0315,L2
1买,量能递增 + 中枢上穿中轴,1348,0.1324,0.126,1.051,0.5586,0.5463,0.0123,L2
1买,量能递增 + 中枢底部蓄力,5262,0.5,0.5119,0.977,0.5405,0.5463,-0.0058,L2
1买,量能递增 + 中枢底部回升,6412,0.6368,0.5906,1.078,0.5649,0.5463,0.0186,L2
1买,量能递增 + 大盘多头,862,0.0549,0.1164,0.471,0.3619,0.5463,-0.1843,L2
1买,量能递增 + 大盘空头,4086,0.3892,0.3963,0.982,0.5419,0.5463,-0.0044,L2
1买,量能递增 + 大盘安全,2518,0.2189,0.2695,0.812,0.4944,0.5463,-0.0519,L2
1买,量能递增 + SID等于1,862,0.0549,0.1164,0.471,0.3619,0.5463,-0.1843,L2
1买,量能递增 + SID等于2,4196,0.4302,0.3702,1.162,0.5832,0.5463,0.0369,L2
1买,量能递增 + SID小于等于2,4427,0.4441,0.4024,1.104,0.5706,0.5463,0.0243,L2
1买,量能递增 + 大盘5日上涨,3905,0.3514,0.4035,0.871,0.5119,0.5463,-0.0344,L2
1买,量能递增 + 相对强弱大于0,2796,0.2565,0.283,0.906,0.5218,0.5463,-0.0245,L2
1买,量能递增 + 相对强弱大于5,722,0.0672,0.072,0.933,0.5291,0.5463,-0.0172,L2
1买,量能递增 + 量比>=1.3,2214,0.2465,0.1719,1.434,0.6332,0.5463,0.087,L2
1买,量能递增 + 量比>=2,384,0.039,0.0343,1.138,0.5781,0.5463,0.0318,L2
1买,量能递增 + 距前高<=10%,352,0.0308,0.0375,0.821,0.4972,0.5463,-0.0491,L2
1买,量能递增 + 深跌(距前高>40%),442,0.055,0.0273,2.015,0.7081,0.5463,0.1619,L2
1买,量能递增 + 距前低<=10%,5651,0.5225,0.5671,0.921,0.5259,0.5463,-0.0204,L2
1买,量能递增 + 相对强弱>=0,666,0.0615,0.0669,0.92,0.5255,0.5463,-0.0208,L2
1买,量能递增 + 相对强弱>=5,54,0.0055,0.0049,1.119,0.5741,0.5463,0.0278,L2
1买,价涨量增 + 价涨量缩,4128,0.4105,0.3796,1.082,0.5656,0.5463,0.0194,L2
1买,价涨量增 + MACD_DIF大于0,444,0.0417,0.0438,0.951,0.5338,0.5463,-0.0125,L2
1买,价涨量增 + MACD金叉态,2695,0.2398,0.2818,0.851,0.5061,0.5463,-0.0402,L2
1买,价涨量增 + MACD柱递增,6203,0.6275,0.5576,1.125,0.5754,0.5463,0.0291,L2
1买,价涨量增 + MACD零轴上金叉,85,0.0081,0.0083,0.98,0.5412,0.5463,-0.0051,L2
1买,价涨量增 + MACD底背离,3255,0.2838,0.3474,0.817,0.4959,0.5463,-0.0504,L2
1买,价涨量增 + BOLL收上中轨,2111,0.1899,0.2182,0.87,0.5116,0.5463,-0.0347,L2
1买,价涨量增 + BOLL突破上轨,253,0.0229,0.026,0.878,0.5138,0.5463,-0.0325,L2
1买,价涨量增 + BOLL触下轨反弹,4887,0.4972,0.4359,1.141,0.5787,0.5463,0.0324,L2
1买,价涨量增 + BOLL开口扩张,6274,0.6305,0.569,1.108,0.5716,0.5463,0.0253,L2
1买,价涨量增 + KDJ金叉态,6198,0.6232,0.5616,1.11,0.572,0.5463,0.0257,L2
1买,价涨量增 + KDJ_J超卖,6213,0.6229,0.5652,1.102,0.5703,0.5463,0.024,L2
1买,价涨量增 + KDJ低位金叉,3591,0.3732,0.3108,1.201,0.5912,0.5463,0.0449,L2
1买,价涨量增 + KDJ_D小于30,5205,0.5267,0.4676,1.126,0.5756,0.5463,0.0293,L2
1买,价涨量增 + RSI6大于50,3868,0.3588,0.3867,0.928,0.5277,0.5463,-0.0186,L2
1买,价涨量增 + RSI金叉,6003,0.5916,0.5584,1.059,0.5606,0.5463,0.0143,L2
1买,价涨量增 + RSI6超卖,6043,0.6118,0.5425,1.128,0.5759,0.5463,0.0296,L2
1买,价涨量增 + RSI底背离,3305,0.3105,0.3258,0.953,0.5343,0.5463,-0.012,L2
1买,价涨量增 + 威科夫得分大于4,315,0.0248,0.0368,0.673,0.4476,0.5463,-0.0987,L2
1买,价涨量增 + 威科夫得分大于7,115,0.0104,0.0119,0.875,0.513,0.5463,-0.0332,L2
1买,价涨量增 + 积累阶段,1976,0.1609,0.2246,0.716,0.4631,0.5463,-0.0832,L2
1买,价涨量增 + 威科夫B3弹簧,73,0.0065,0.0076,0.854,0.5068,0.5463,-0.0394,L2
1买,价涨量增 + 威科夫B1突破,57,0.0044,0.0068,0.649,0.4386,0.5463,-0.1077,L2
1买,价涨量增 + 黄金柱,325,0.0287,0.0343,0.836,0.5015,0.5463,-0.0448,L2
1买,价涨量增 + 量能金叉,2310,0.2445,0.1945,1.257,0.6022,0.5463,0.0559,L2
1买,价涨量增 + 六脉红灯大于5,4971,0.4789,0.4757,1.007,0.548,0.5463,0.0017,L2
1买,价涨量增 + 六脉红灯大于6,3569,0.3305,0.3575,0.924,0.5268,0.5463,-0.0195,L2
1买,价涨量增 + 六脉6红首发,3569,0.3305,0.3575,0.924,0.5268,0.5463,-0.0195,L2
1买,价涨量增 + 六脉5红首发,4971,0.4789,0.4757,1.007,0.548,0.5463,0.0017,L2
1买,价涨量增 + 偏多共振,218,0.0218,0.0199,1.096,0.5688,0.5463,0.0225,L2
1买,价涨量增 + 多头共振,216,0.0216,0.0197,1.098,0.5694,0.5463,0.0232,L2
1买,价涨量增 + 火箭信号,625,0.068,0.0504,1.35,0.6192,0.5463,0.0729,L2
1买,价涨量增 + 二连板,69,0.0083,0.0047,1.774,0.6812,0.5463,0.1349,L2
1买,价涨量增 + 极限抄底,661,0.0893,0.0324,2.758,0.7685,0.5463,0.2222,L2
1买,价涨量增 + 中枢进机会区,2881,0.3013,0.247,1.22,0.5949,0.5463,0.0486,L2
1买,价涨量增 + 中枢极限底,3994,0.411,0.3506,1.173,0.5854,0.5463,0.0391,L2
1买,价涨量增 + 中枢上穿中轴,1393,0.1375,0.1293,1.063,0.5614,0.5463,0.0151,L2
1买,价涨量增 + 中枢底部蓄力,5412,0.5265,0.5116,1.029,0.5534,0.5463,0.0071,L2
1买,价涨量增 + 中枢底部回升,6420,0.6436,0.584,1.102,0.5702,0.5463,0.024,L2
1买,价涨量增 + 大盘多头,793,0.048,0.1101,0.436,0.3443,0.5463,-0.202,L2
1买,价涨量增 + 大盘空头,4211,0.4175,0.3887,1.074,0.564,0.5463,0.0177,L2
1买,价涨量增 + 大盘安全,2380,0.2087,0.2525,0.826,0.4987,0.5463,-0.0476,L2
1买,价涨量增 + SID等于1,793,0.048,0.1101,0.436,0.3443,0.5463,-0.202,L2
1买,价涨量增 + SID等于2,3943,0.4026,0.3499,1.151,0.5808,0.5463,0.0345,L2
1买,价涨量增 + SID小于等于2,4156,0.4149,0.3802,1.091,0.5679,0.5463,0.0216,L2
1买,价涨量增 + 大盘5日上涨,3952,0.3641,0.3982,0.914,0.524,0.5463,-0.0223,L2
1买,价涨量增 + 相对强弱大于0,2927,0.2727,0.2913,0.936,0.5299,0.5463,-0.0164,L2
1买,价涨量增 + 相对强弱大于5,698,0.0654,0.069,0.948,0.533,0.5463,-0.0133,L2
1买,价涨量增 + 量比>=1.3,2421,0.2671,0.1909,1.399,0.6274,0.5463,0.0811,L2
1买,价涨量增 + 量比>=2,404,0.0408,0.0364,1.12,0.5743,0.5463,0.028,L2
1买,价涨量增 + 距前高<=10%,324,0.0297,0.0328,0.906,0.5216,0.5463,-0.0247,L2
1买,价涨量增 + 深跌(距前高>40%),438,0.054,0.0277,1.946,0.7009,0.5463,0.1546,L2
1买,价涨量增 + 距前低<=10%,5655,0.5353,0.5525,0.969,0.5385,0.5463,-0.0078,L2
1买,价涨量增 + 相对强弱>=0,670,0.0636,0.0652,0.976,0.5403,0.5463,-0.006,L2
1买,价涨量增 + 相对强弱>=5,52,0.0053,0.0047,1.133,0.5769,0.5463,0.0306,L2
1买,价涨量缩 + MACD_DIF大于0,602,0.0592,0.0561,1.056,0.5598,0.5463,0.0135,L2
1买,价涨量缩 + MACD金叉态,2104,0.1756,0.2339,0.751,0.4748,0.5463,-0.0715,L2
1买,价涨量缩 + MACD柱递增,6700,0.6355,0.653,0.973,0.5396,0.5463,-0.0067,L2
1买,价涨量缩 + MACD底背离,3404,0.2681,0.3978,0.674,0.448,0.5463,-0.0983,L2
1买,价涨量缩 + BOLL收上中轨,1313,0.1129,0.142,0.795,0.489,0.5463,-0.0573,L2
1买,价涨量缩 + BOLL突破上轨,122,0.0107,0.0129,0.831,0.5,0.5463,-0.0463,L2
1买,价涨量缩 + BOLL触下轨反弹,5251,0.4954,0.515,0.962,0.5367,0.5463,-0.0096,L2
1买,价涨量缩 + BOLL开口扩张,7106,0.6726,0.6943,0.969,0.5384,0.5463,-0.0079,L2
1买,价涨量缩 + KDJ金叉态,6294,0.5997,0.6103,0.983,0.5419,0.5463,-0.0043,L2
1买,价涨量缩 + KDJ_J超卖,7067,0.6637,0.6969,0.952,0.5342,0.5463,-0.0121,L2
1买,价涨量缩 + KDJ低位金叉,4223,0.4077,0.403,1.012,0.5491,0.5463,0.0028,L2
1买,价涨量缩 + KDJ_D小于30,6041,0.568,0.5948,0.955,0.5348,0.5463,-0.0114,L2
1买,价涨量缩 + RSI6大于50,2740,0.2387,0.2925,0.816,0.4956,0.5463,-0.0507,L2
1买,价涨量缩 + RSI金叉,5657,0.5192,0.5724,0.907,0.522,0.5463,-0.0243,L2
1买,价涨量缩 + RSI6超卖,6817,0.6477,0.6632,0.977,0.5404,0.5463,-0.0059,L2
1买,价涨量缩 + RSI底背离,3380,0.286,0.3711,0.771,0.4814,0.5463,-0.0649,L2
1买,价涨量缩 + 威科夫得分大于4,347,0.0285,0.0392,0.727,0.4669,0.5463,-0.0794,L2
1买,价涨量缩 + 威科夫得分大于7,111,0.0091,0.0125,0.732,0.4685,0.5463,-0.0778,L2
1买,价涨量缩 + 积累阶段,1890,0.1401,0.2314,0.606,0.4217,0.5463,-0.1246,L2
1买,价涨量缩 + 威科夫B3弹簧,65,0.0046,0.0083,0.554,0.4,0.5463,-0.1463,L2
1买,价涨量缩 + 黄金柱,184,0.0164,0.0193,0.849,0.5054,0.5463,-0.0409,L2
1买,价涨量缩 + 量能金叉,1620,0.1744,0.1329,1.312,0.6123,0.5463,0.0661,L2
1买,价涨量缩 + 六脉红灯大于5,4296,0.3822,0.4492,0.851,0.5061,0.5463,-0.0402,L2
1买,价涨量缩 + 六脉红灯大于6,2438,0.2122,0.2606,0.814,0.4951,0.5463,-0.0512,L2
1买,价涨量缩 + 六脉6红首发,2438,0.2122,0.2606,0.814,0.4951,0.5463,-0.0512,L2
1买,价涨量缩 + 六脉5红首发,4296,0.3822,0.4492,0.851,0.5061,0.5463,-0.0402,L2
1买,价涨量缩 + 偏多共振,380,0.0417,0.0303,1.376,0.6237,0.5463,0.0774,L2
1买,价涨量缩 + 多头共振,379,0.0415,0.0303,1.371,0.6227,0.5463,0.0764,L2
1买,价涨量缩 + 火箭信号,324,0.0355,0.0258,1.375,0.6235,0.5463,0.0772,L2
1买,价涨量缩 + 极限抄底,752,0.0969,0.0425,2.277,0.7327,0.5463,0.1864,L2
1买,价涨量缩 + 中枢进机会区,3358,0.3383,0.3036,1.114,0.573,0.5463,0.0267,L2
1买,价涨量缩 + 中枢极限底,4569,0.4448,0.4316,1.031,0.5537,0.5463,0.0074,L2
1买,价涨量缩 + 中枢上穿中轴,775,0.0719,0.0775,0.928,0.5277,0.5463,-0.0186,L2
1买,价涨量缩 + 中枢底部蓄力,6091,0.5447,0.6336,0.86,0.5086,0.5463,-0.0377,L2
1买,价涨量缩 + 中枢底部回升,7215,0.6793,0.7094,0.958,0.5356,0.5463,-0.0107,L2
1买,价涨量缩 + 大盘多头,1101,0.0656,0.1541,0.426,0.3388,0.5463,-0.2075,L2
1买,价涨量缩 + 大盘空头,4269,0.3831,0.4424,0.866,0.5104,0.5463,-0.0359,L2
1买,价涨量缩 + 大盘安全,2576,0.1957,0.3097,0.632,0.4321,0.5463,-0.1142,L2
1买,价涨量缩 + SID等于1,1101,0.0656,0.1541,0.426,0.3388,0.5463,-0.2075,L2
1买,价涨量缩 + SID等于2,4713,0.4469,0.4596,0.972,0.5394,0.5463,-0.0069,L2
1买,价涨量缩 + SID小于等于2,4954,0.4603,0.4945,0.931,0.5285,0.5463,-0.0178,L2
1买,价涨量缩 + 大盘5日上涨,4153,0.3427,0.4666,0.734,0.4693,0.5463,-0.077,L2
1买,价涨量缩 + 相对强弱大于0,2339,0.2062,0.2468,0.836,0.5015,0.5463,-0.0448,L2
1买,价涨量缩 + 相对强弱大于5,381,0.0339,0.0398,0.853,0.5066,0.5463,-0.0397,L2
1买,价涨量缩 + 量比>=1.3,1575,0.1788,0.1181,1.514,0.6457,0.5463,0.0994,L2
1买,价涨量缩 + 量比>=2,194,0.0197,0.0174,1.134,0.5773,0.5463,0.031,L2
1买,价涨量缩 + 距前高<=10%,306,0.0246,0.0351,0.7,0.4575,0.5463,-0.0888,L2
1买,价涨量缩 + 深跌(距前高>40%),392,0.0462,0.0273,1.693,0.6709,0.5463,0.1246,L2
1买,价涨量缩 + 距前低<=10%,6380,0.5561,0.681,0.817,0.4958,0.5463,-0.0505,L2
1买,价涨量缩 + 相对强弱>=0,528,0.0447,0.058,0.77,0.4811,0.5463,-0.0652,L2
1买,MACD_DIF大于0 + MACD金叉态,302,0.0278,0.0305,0.911,0.5232,0.5463,-0.0231,L2
1买,MACD_DIF大于0 + MACD柱递增,512,0.0515,0.0464,1.111,0.5723,0.5463,0.026,L2
1买,MACD_DIF大于0 + MACD零轴上金叉,87,0.0081,0.0087,0.932,0.5287,0.5463,-0.0176,L2
1买,MACD_DIF大于0 + MACD底背离,169,0.0151,0.0176,0.861,0.5089,0.5463,-0.0374,L2
1买,MACD_DIF大于0 + BOLL收上中轨,334,0.0285,0.0364,0.782,0.485,0.5463,-0.0613,L2
1买,MACD_DIF大于0 + BOLL突破上轨,84,0.0083,0.0078,1.055,0.5595,0.5463,0.0132,L2
1买,MACD_DIF大于0 + BOLL触下轨反弹,565,0.054,0.0546,0.988,0.5434,0.5463,-0.0029,L2
1买,MACD_DIF大于0 + BOLL开口扩张,760,0.0749,0.0707,1.059,0.5605,0.5463,0.0142,L2
1买,MACD_DIF大于0 + KDJ金叉态,454,0.044,0.0432,1.018,0.5507,0.5463,0.0044,L2
1买,MACD_DIF大于0 + KDJ_J超卖,709,0.0707,0.065,1.088,0.567,0.5463,0.0207,L2
1买,MACD_DIF大于0 + KDJ低位金叉,78,0.0077,0.0072,1.075,0.5641,0.5463,0.0178,L2
1买,MACD_DIF大于0 + KDJ_D小于30,294,0.0292,0.0271,1.077,0.5646,0.5463,0.0183,L2
1买,MACD_DIF大于0 + RSI6大于50,369,0.0316,0.04,0.791,0.4878,0.5463,-0.0585,L2
1买,MACD_DIF大于0 + RSI金叉,396,0.0336,0.0434,0.774,0.4823,0.5463,-0.064,L2
1买,MACD_DIF大于0 + RSI6超卖,635,0.0647,0.0565,1.145,0.5795,0.5463,0.0332,L2
1买,MACD_DIF大于0 + RSI底背离,136,0.0123,0.014,0.881,0.5147,0.5463,-0.0316,L2
1买,MACD_DIF大于0 + 威科夫得分大于4,284,0.0258,0.029,0.891,0.5176,0.5463,-0.0287,L2
1买,MACD_DIF大于0 + 威科夫得分大于7,136,0.0134,0.0127,1.052,0.5588,0.5463,0.0125,L2
1买,MACD_DIF大于0 + 积累阶段,160,0.0125,0.0188,0.663,0.4437,0.5463,-0.1025,L2
1买,MACD_DIF大于0 + 量能金叉,189,0.0181,0.0182,0.995,0.545,0.5463,-0.0013,L2
1买,MACD_DIF大于0 + 六脉红灯大于5,292,0.0255,0.0311,0.819,0.4966,0.5463,-0.0497,L2
1买,MACD_DIF大于0 + 六脉红灯大于6,246,0.0214,0.0262,0.817,0.4959,0.5463,-0.0504,L2
1买,MACD_DIF大于0 + 六脉6红首发,246,0.0214,0.0262,0.817,0.4959,0.5463,-0.0504,L2
1买,MACD_DIF大于0 + 六脉5红首发,292,0.0255,0.0311,0.819,0.4966,0.5463,-0.0497,L2
1买,MACD_DIF大于0 + 偏多共振,327,0.0348,0.0273,1.275,0.6055,0.5463,0.0592,L2
1买,MACD_DIF大于0 + 多头共振,326,0.0348,0.0271,1.285,0.6074,0.5463,0.0611,L2
1买,MACD_DIF大于0 + 火箭信号,106,0.0109,0.0093,1.17,0.5849,0.5463,0.0386,L2
1买,MACD_DIF大于0 + 中枢进机会区,604,0.0624,0.0527,1.184,0.5877,0.5463,0.0415,L2
1买,MACD_DIF大于0 + 中枢极限底,390,0.0425,0.0313,1.358,0.6205,0.5463,0.0742,L2
1买,MACD_DIF大于0 + 中枢上穿中轴,289,0.0258,0.0301,0.86,0.5087,0.5463,-0.0376,L2
1买,MACD_DIF大于0 + 中枢底部蓄力,197,0.0176,0.0205,0.856,0.5076,0.5463,-0.0387,L2
1买,MACD_DIF大于0 + 中枢底部回升,625,0.0645,0.0546,1.181,0.5872,0.5463,0.0409,L2
1买,MACD_DIF大于0 + 大盘多头,147,0.0104,0.0186,0.557,0.4014,0.5463,-0.1449,L2
1买,MACD_DIF大于0 + 大盘空头,261,0.0188,0.0326,0.577,0.41,0.5463,-0.1363,L2
1买,MACD_DIF大于0 + 大盘安全,237,0.0156,0.0313,0.499,0.3755,0.5463,-0.1708,L2
1买,MACD_DIF大于0 + SID等于1,147,0.0104,0.0186,0.557,0.4014,0.5463,-0.1449,L2
1买,MACD_DIF大于0 + SID等于2,589,0.0612,0.051,1.199,0.5908,0.5463,0.0445,L2
1买,MACD_DIF大于0 + SID小于等于2,629,0.064,0.0561,1.141,0.5787,0.5463,0.0324,L2
1买,MACD_DIF大于0 + 大盘5日上涨,326,0.0225,0.0419,0.537,0.3926,0.5463,-0.1537,L2
1买,MACD_DIF大于0 + 相对强弱大于0,483,0.0462,0.0466,0.993,0.5445,0.5463,-0.0018,L2
1买,MACD_DIF大于0 + 相对强弱大于5,195,0.0186,0.0188,0.989,0.5436,0.5463,-0.0027,L2
1买,MACD_DIF大于0 + 量比>=1.3,195,0.0192,0.0182,1.053,0.559,0.5463,0.0127,L2
1买,MACD_DIF大于0 + 量比>=2,52,0.0058,0.004,1.442,0.6346,0.5463,0.0883,L2
1买,MACD_DIF大于0 + 距前高<=10%,130,0.0116,0.0135,0.856,0.5077,0.5463,-0.0386,L2
1买,MACD_DIF大于0 + 距前低<=10%,517,0.0496,0.0497,0.997,0.5455,0.5463,-0.0008,L2
1买,MACD_DIF大于0 + 相对强弱>=0,139,0.0132,0.0135,0.973,0.5396,0.5463,-0.0067,L2
1买,MACD金叉态 + MACD柱递增,2995,0.2649,0.315,0.841,0.5032,0.5463,-0.0431,L2
1买,MACD金叉态 + MACD零轴上金叉,87,0.0081,0.0087,0.932,0.5287,0.5463,-0.0176,L2
1买,MACD金叉态 + MACD底背离,2340,0.2004,0.254,0.789,0.4872,0.5463,-0.0591,L2
1买,MACD金叉态 + BOLL收上中轨,1878,0.1658,0.1979,0.838,0.5021,0.5463,-0.0442,L2
1买,MACD金叉态 + BOLL突破上轨,256,0.0232,0.0262,0.884,0.5156,0.5463,-0.0307,L2
1买,MACD金叉态 + BOLL触下轨反弹,2320,0.2078,0.2409,0.863,0.5095,0.5463,-0.0368,L2
1买,MACD金叉态 + BOLL开口扩张,2978,0.2607,0.3165,0.824,0.498,0.5463,-0.0483,L2
1买,MACD金叉态 + KDJ金叉态,3013,0.2644,0.3194,0.828,0.4992,0.5463,-0.0471,L2
1买,MACD金叉态 + KDJ_J超卖,3023,0.2658,0.3199,0.831,0.5002,0.5463,-0.0461,L2
1买,MACD金叉态 + KDJ低位金叉,1128,0.1011,0.1171,0.864,0.5098,0.5463,-0.0365,L2
1买,MACD金叉态 + KDJ_D小于30,2167,0.1955,0.2233,0.875,0.5132,0.5463,-0.0331,L2
1买,MACD金叉态 + RSI6大于50,2621,0.2286,0.2796,0.817,0.496,0.5463,-0.0503,L2
1买,MACD金叉态 + RSI金叉,3154,0.2773,0.3338,0.831,0.5,0.5463,-0.0463,L2
1买,MACD金叉态 + RSI6超卖,2741,0.2426,0.2881,0.842,0.5035,0.5463,-0.0428,L2
1买,MACD金叉态 + RSI底背离,2192,0.1923,0.2324,0.827,0.4991,0.5463,-0.0472,L2
1买,MACD金叉态 + 威科夫得分大于4,260,0.0214,0.0292,0.734,0.4692,0.5463,-0.0771,L2
1买,MACD金叉态 + 威科夫得分大于7,112,0.0098,0.0119,0.831,0.5,0.5463,-0.0463,L2
1买,MACD金叉态 + 积累阶段,1631,0.1319,0.1865,0.707,0.4598,0.5463,-0.0865,L2
1买,MACD金叉态 + 威科夫B3弹簧,61,0.0053,0.0066,0.804,0.4918,0.5463,-0.0545,L2
1买,MACD金叉态 + 威科夫B1突破,57,0.0044,0.0068,0.649,0.4386,0.5463,-0.1077,L2
1买,MACD金叉态 + 黄金柱,286,0.0251,0.0303,0.831,0.5,0.5463,-0.0463,L2
1买,MACD金叉态 + 量能金叉,961,0.0874,0.0982,0.89,0.5172,0.5463,-0.0291,L2
1买,MACD金叉态 + 六脉红灯大于5,2883,0.2521,0.3067,0.822,0.4974,0.5463,-0.0489,L2
1买,MACD金叉态 + 六脉红灯大于6,2426,0.2117,0.2587,0.818,0.4963,0.5463,-0.05,L2
1买,MACD金叉态 + 六脉6红首发,2426,0.2117,0.2587,0.818,0.4963,0.5463,-0.05,L2
1买,MACD金叉态 + 六脉5红首发,2883,0.2521,0.3067,0.822,0.4974,0.5463,-0.0489,L2
1买,MACD金叉态 + 偏多共振,110,0.0091,0.0123,0.745,0.4727,0.5463,-0.0736,L2
1买,MACD金叉态 + 多头共振,109,0.0091,0.0121,0.758,0.4771,0.5463,-0.0692,L2
1买,MACD金叉态 + 火箭信号,358,0.0343,0.0345,0.994,0.5447,0.5463,-0.0016,L2
1买,MACD金叉态 + 二连板,54,0.006,0.0042,1.412,0.6296,0.5463,0.0833,L2
1买,MACD金叉态 + 极限抄底,81,0.0083,0.0072,1.148,0.5802,0.5463,0.034,L2
1买,MACD金叉态 + 中枢进机会区,1567,0.1433,0.1592,0.9,0.5201,0.5463,-0.0262,L2
1买,MACD金叉态 + 中枢极限底,1898,0.1646,0.2036,0.808,0.4932,0.5463,-0.0531,L2
1买,MACD金叉态 + 中枢上穿中轴,910,0.0835,0.0921,0.907,0.522,0.5463,-0.0243,L2
1买,MACD金叉态 + 中枢底部蓄力,2767,0.2398,0.297,0.807,0.493,0.5463,-0.0533,L2
1买,MACD金叉态 + 中枢底部回升,3235,0.2846,0.3421,0.832,0.5005,0.5463,-0.0458,L2
1买,MACD金叉态 + 大盘多头,551,0.0323,0.0777,0.416,0.3339,0.5463,-0.2124,L2
1买,MACD金叉态 + 大盘空头,2438,0.2342,0.2341,1.0,0.5463,0.5463,0.0001,L2
1买,MACD金叉态 + 大盘安全,1425,0.0985,0.1831,0.538,0.393,0.5463,-0.1533,L2
1买,MACD金叉态 + SID等于1,551,0.0323,0.0777,0.416,0.3339,0.5463,-0.2124,L2
1买,MACD金叉态 + SID等于2,1678,0.1234,0.2066,0.597,0.4184,0.5463,-0.1279,L2
1买,MACD金叉态 + SID小于等于2,1841,0.1326,0.2301,0.576,0.4096,0.5463,-0.1367,L2
1买,MACD金叉态 + 大盘5日上涨,2446,0.2085,0.2667,0.782,0.4849,0.5463,-0.0614,L2
1买,MACD金叉态 + 相对强弱大于0,2426,0.225,0.2426,0.928,0.5276,0.5463,-0.0187,L2
1买,MACD金叉态 + 相对强弱大于5,686,0.0629,0.0694,0.906,0.5219,0.5463,-0.0244,L2
1买,MACD金叉态 + 量比>=1.3,870,0.0786,0.0895,0.878,0.5138,0.5463,-0.0325,L2
1买,MACD金叉态 + 量比>=2,190,0.0169,0.0199,0.848,0.5053,0.5463,-0.041,L2
1买,MACD金叉态 + 距前高<=10%,190,0.0158,0.0212,0.747,0.4737,0.5463,-0.0726,L2
1买,MACD金叉态 + 深跌(距前高>40%),140,0.0111,0.0163,0.68,0.45,0.5463,-0.0963,L2
1买,MACD金叉态 + 距前低<=10%,3214,0.2809,0.3421,0.821,0.4972,0.5463,-0.0491,L2
1买,MACD金叉态 + 相对强弱>=0,653,0.0624,0.0631,0.989,0.5436,0.5463,-0.0026,L2
1买,MACD金叉态 + 相对强弱>=5,56,0.0053,0.0055,0.958,0.5357,0.5463,-0.0106,L2
1买,MACD柱递增 + MACD零轴上金叉,84,0.0079,0.0083,0.958,0.5357,0.5463,-0.0106,L2
1买,MACD柱递增 + MACD底背离,4572,0.3903,0.4979,0.784,0.4856,0.5463,-0.0607,L2
1买,MACD柱递增 + BOLL收上中轨,2134,0.1922,0.2204,0.872,0.5122,0.5463,-0.0341,L2
1买,MACD柱递增 + BOLL突破上轨,250,0.023,0.0252,0.914,0.524,0.5463,-0.0223,L2
1买,MACD柱递增 + BOLL触下轨反弹,6609,0.6552,0.6101,1.074,0.5639,0.5463,0.0176,L2
1买,MACD柱递增 + BOLL开口扩张,8846,0.8611,0.8357,1.03,0.5537,0.5463,0.0074,L2
1买,MACD柱递增 + KDJ金叉态,8601,0.8409,0.8082,1.04,0.5561,0.5463,0.0098,L2
1买,MACD柱递增 + KDJ_J超卖,8847,0.8583,0.8393,1.023,0.5518,0.5463,0.0055,L2
1买,MACD柱递增 + KDJ低位金叉,5562,0.5494,0.5159,1.065,0.5618,0.5463,0.0156,L2
1买,MACD柱递增 + KDJ_D小于30,7745,0.7502,0.7362,1.019,0.5509,0.5463,0.0046,L2
1买,MACD柱递增 + RSI6大于50,4292,0.3915,0.4371,0.896,0.5189,0.5463,-0.0274,L2
1买,MACD柱递增 + RSI金叉,7845,0.7496,0.758,0.989,0.5435,0.5463,-0.0028,L2
1买,MACD柱递增 + RSI6超卖,8633,0.8449,0.8101,1.043,0.5567,0.5463,0.0104,L2
1买,MACD柱递增 + RSI底背离,4546,0.4112,0.4672,0.88,0.5145,0.5463,-0.0318,L2
1买,MACD柱递增 + 威科夫得分大于4,327,0.028,0.0356,0.786,0.4862,0.5463,-0.0601,L2
1买,MACD柱递增 + 威科夫得分大于7,106,0.0109,0.0093,1.17,0.5849,0.5463,0.0386,L2
1买,MACD柱递增 + 积累阶段,2449,0.1943,0.2845,0.683,0.4512,0.5463,-0.0951,L2
1买,MACD柱递增 + 威科夫B3弹簧,75,0.0058,0.0089,0.653,0.44,0.5463,-0.1063,L2
1买,MACD柱递增 + 威科夫B1突破,56,0.0044,0.0066,0.67,0.4464,0.5463,-0.0999,L2
1买,MACD柱递增 + 黄金柱,325,0.029,0.0339,0.856,0.5077,0.5463,-0.0386,L2
1买,MACD柱递增 + 量能金叉,2407,0.2618,0.1943,1.347,0.6186,0.5463,0.0723,L2
1买,MACD柱递增 + 六脉红灯大于5,6385,0.5941,0.6363,0.934,0.5292,0.5463,-0.0171,L2
1买,MACD柱递增 + 六脉红灯大于6,3964,0.3627,0.4024,0.901,0.5204,0.5463,-0.0259,L2
1买,MACD柱递增 + 六脉6红首发,3964,0.3627,0.4024,0.901,0.5204,0.5463,-0.0259,L2
1买,MACD柱递增 + 六脉5红首发,6385,0.5941,0.6363,0.934,0.5292,0.5463,-0.0171,L2
1买,MACD柱递增 + 偏多共振,324,0.0374,0.0235,1.594,0.6574,0.5463,0.1111,L2
1买,MACD柱递增 + 多头共振,323,0.0373,0.0235,1.586,0.6563,0.5463,0.1101,L2
1买,MACD柱递增 + 火箭信号,647,0.0716,0.0508,1.408,0.6291,0.5463,0.0828,L2
1买,MACD柱递增 + 二连板,73,0.0091,0.0044,2.057,0.7123,0.5463,0.166,L2
1买,MACD柱递增 + 二次涨停,50,0.0051,0.0044,1.147,0.58,0.5463,0.0337,L2
1买,MACD柱递增 + 极限抄底,882,0.1141,0.0493,2.313,0.7358,0.5463,0.1895,L2
1买,MACD柱递增 + 中枢进机会区,3908,0.404,0.3408,1.185,0.588,0.5463,0.0417,L2
1买,MACD柱递增 + 中枢极限底,5731,0.5738,0.5222,1.099,0.5695,0.5463,0.0232,L2
1买,MACD柱递增 + 中枢上穿中轴,1397,0.1389,0.1285,1.081,0.5655,0.5463,0.0192,L2
1买,MACD柱递增 + 中枢底部蓄力,7869,0.7345,0.7813,0.94,0.5309,0.5463,-0.0153,L2
1买,MACD柱递增 + 中枢底部回升,9150,0.8885,0.8671,1.025,0.5523,0.5463,0.0061,L2
1买,MACD柱递增 + 大盘多头,1207,0.0716,0.1693,0.423,0.3372,0.5463,-0.2091,L2
1买,MACD柱递增 + 大盘空头,5730,0.5468,0.5546,0.986,0.5428,0.5463,-0.0035,L2
1买,MACD柱递增 + 大盘安全,3266,0.2653,0.3719,0.713,0.462,0.5463,-0.0843,L2
1买,MACD柱递增 + SID等于1,1207,0.0716,0.1693,0.423,0.3372,0.5463,-0.2091,L2
1买,MACD柱递增 + SID等于2,5724,0.5545,0.544,1.019,0.551,0.5463,0.0047,L2
1买,MACD柱递增 + SID小于等于2,6003,0.5693,0.5853,0.973,0.5394,0.5463,-0.0069,L2
1买,MACD柱递增 + 大盘5日上涨,5476,0.4865,0.5735,0.848,0.5053,0.5463,-0.041,L2
1买,MACD柱递增 + 相对强弱大于0,3374,0.3124,0.3381,0.924,0.5267,0.5463,-0.0196,L2
1买,MACD柱递增 + 相对强弱大于5,704,0.0659,0.0696,0.947,0.5327,0.5463,-0.0136,L2
1买,MACD柱递增 + 量比>=1.3,2559,0.2874,0.1956,1.47,0.6389,0.5463,0.0926,L2
1买,MACD柱递增 + 量比>=2,360,0.0382,0.0303,1.26,0.6028,0.5463,0.0565,L2
1买,MACD柱递增 + 距前高<=10%,381,0.0341,0.0396,0.862,0.5092,0.5463,-0.0371,L2
1买,MACD柱递增 + 深跌(距前高>40%),556,0.064,0.0406,1.575,0.6547,0.5463,0.1084,L2
1买,MACD柱递增 + 距前低<=10%,8058,0.7329,0.8232,0.89,0.5174,0.5463,-0.0289,L2
1买,MACD柱递增 + 相对强弱>=0,798,0.0749,0.0787,0.951,0.5338,0.5463,-0.0125,L2
1买,MACD柱递增 + 相对强弱>=5,56,0.0055,0.0053,1.03,0.5536,0.5463,0.0073,L2
1买,MACD零轴上金叉 + BOLL收上中轨,87,0.0081,0.0087,0.932,0.5287,0.5463,-0.0176,L2
1买,MACD零轴上金叉 + BOLL触下轨反弹,67,0.0063,0.0066,0.964,0.5373,0.5463,-0.009,L2
1买,MACD零轴上金叉 + BOLL开口扩张,87,0.0081,0.0087,0.932,0.5287,0.5463,-0.0176,L2
1买,MACD零轴上金叉 + KDJ金叉态,87,0.0081,0.0087,0.932,0.5287,0.5463,-0.0176,L2
1买,MACD零轴上金叉 + KDJ_J超卖,73,0.0067,0.0074,0.902,0.5205,0.5463,-0.0257,L2
1买,MACD零轴上金叉 + RSI6大于50,87,0.0081,0.0087,0.932,0.5287,0.5463,-0.0176,L2
1买,MACD零轴上金叉 + RSI金叉,86,0.0081,0.0085,0.955,0.5349,0.5463,-0.0114,L2
1买,MACD零轴上金叉 + RSI6超卖,54,0.0049,0.0055,0.894,0.5185,0.5463,-0.0278,L2
1买,MACD零轴上金叉 + 六脉红灯大于5,87,0.0081,0.0087,0.932,0.5287,0.5463,-0.0176,L2
1买,MACD零轴上金叉 + 六脉红灯大于6,86,0.0079,0.0087,0.912,0.5233,0.5463,-0.023,L2
1买,MACD零轴上金叉 + 六脉6红首发,86,0.0079,0.0087,0.912,0.5233,0.5463,-0.023,L2
1买,MACD零轴上金叉 + 六脉5红首发,87,0.0081,0.0087,0.932,0.5287,0.5463,-0.0176,L2
1买,MACD零轴上金叉 + 中枢进机会区,53,0.0049,0.0053,0.93,0.5283,0.5463,-0.018,L2
1买,MACD零轴上金叉 + 中枢上穿中轴,87,0.0081,0.0087,0.932,0.5287,0.5463,-0.0176,L2
1买,MACD零轴上金叉 + 中枢底部回升,62,0.0055,0.0066,0.831,0.5,0.5463,-0.0463,L2
1买,MACD零轴上金叉 + SID等于2,66,0.006,0.0068,0.882,0.5152,0.5463,-0.0311,L2
1买,MACD零轴上金叉 + SID小于等于2,71,0.0063,0.0074,0.854,0.507,0.5463,-0.0393,L2
1买,MACD零轴上金叉 + 大盘5日上涨,52,0.0037,0.0066,0.563,0.4038,0.5463,-0.1424,L2
1买,MACD零轴上金叉 + 相对强弱大于0,85,0.0081,0.0083,0.98,0.5412,0.5463,-0.0051,L2
1买,MACD零轴上金叉 + 相对强弱大于5,59,0.0055,0.0059,0.92,0.5254,0.5463,-0.0209,L2
1买,MACD零轴上金叉 + 距前低<=10%,57,0.0055,0.0055,0.99,0.5439,0.5463,-0.0024,L2
1买,MACD底背离 + BOLL收上中轨,1293,0.1079,0.1437,0.751,0.4749,0.5463,-0.0714,L2
1买,MACD底背离 + BOLL突破上轨,144,0.012,0.0161,0.743,0.4722,0.5463,-0.0741,L2
1买,MACD底背离 + BOLL触下轨反弹,3388,0.2915,0.3662,0.796,0.4894,0.5463,-0.0569,L2
1买,MACD底背离 + BOLL开口扩张,4597,0.3847,0.5099,0.754,0.476,0.5463,-0.0703,L2
1买,MACD底背离 + KDJ金叉态,4463,0.3799,0.4873,0.78,0.4842,0.5463,-0.0621,L2
1买,MACD底背离 + KDJ_J超卖,4809,0.4033,0.5324,0.758,0.477,0.5463,-0.0693,L2
1买,MACD底背离 + KDJ低位金叉,2672,0.227,0.2923,0.776,0.4832,0.5463,-0.0631,L2
1买,MACD底背离 + KDJ_D小于30,4043,0.3416,0.4445,0.768,0.4806,0.5463,-0.0657,L2
1买,MACD底背离 + RSI6大于50,2518,0.2143,0.275,0.779,0.4841,0.5463,-0.0622,L2
1买,MACD底背离 + RSI金叉,4407,0.378,0.4778,0.791,0.4879,0.5463,-0.0584,L2
1买,MACD底背离 + RSI6超卖,4698,0.3957,0.518,0.764,0.4791,0.5463,-0.0672,L2
1买,MACD底背离 + RSI底背离,3864,0.333,0.417,0.798,0.4902,0.5463,-0.0561,L2
1买,MACD底背离 + 威科夫得分大于4,199,0.0139,0.0254,0.547,0.397,0.5463,-0.1493,L2
1买,MACD底背离 + 威科夫得分大于7,69,0.0053,0.0083,0.639,0.4348,0.5463,-0.1115,L2
1买,MACD底背离 + 积累阶段,1798,0.1341,0.2191,0.612,0.4244,0.5463,-0.1219,L2
1买,MACD底背离 + 威科夫B3弹簧,63,0.0044,0.008,0.546,0.3968,0.5463,-0.1495,L2
1买,MACD底背离 + 黄金柱,230,0.0209,0.0235,0.89,0.5174,0.5463,-0.0289,L2
1买,MACD底背离 + 量能金叉,1085,0.0999,0.1094,0.912,0.5235,0.5463,-0.0228,L2
1买,MACD底背离 + 六脉红灯大于5,3758,0.3221,0.4077,0.79,0.4875,0.5463,-0.0588,L2
1买,MACD底背离 + 六脉红灯大于6,2361,0.2018,0.2568,0.786,0.4862,0.5463,-0.0601,L2
1买,MACD底背离 + 六脉6红首发,2361,0.2018,0.2568,0.786,0.4862,0.5463,-0.0601,L2
1买,MACD底背离 + 六脉5红首发,3758,0.3221,0.4077,0.79,0.4875,0.5463,-0.0588,L2
1买,MACD底背离 + 偏多共振,100,0.0088,0.0106,0.831,0.5,0.5463,-0.0463,L2
1买,MACD底背离 + 多头共振,99,0.0088,0.0104,0.847,0.5051,0.5463,-0.0412,L2
1买,MACD底背离 + 火箭信号,295,0.0288,0.0277,1.04,0.5559,0.5463,0.0096,L2
1买,MACD底背离 + 极限抄底,261,0.0255,0.0246,1.038,0.5556,0.5463,0.0093,L2
1买,MACD底背离 + 中枢进机会区,1974,0.1693,0.214,0.791,0.4878,0.5463,-0.0585,L2
1买,MACD底背离 + 中枢极限底,3216,0.2695,0.3563,0.756,0.4767,0.5463,-0.0696,L2
1买,MACD底背离 + 中枢上穿中轴,562,0.048,0.0612,0.785,0.4858,0.5463,-0.0605,L2
1买,MACD底背离 + 中枢底部蓄力,4626,0.3873,0.5129,0.755,0.4762,0.5463,-0.0701,L2
1买,MACD底背离 + 中枢底部回升,4981,0.4218,0.5466,0.772,0.4816,0.5463,-0.0647,L2
1买,MACD底背离 + 大盘多头,786,0.0403,0.1179,0.341,0.2913,0.5463,-0.2549,L2
1买,MACD底背离 + 大盘空头,3493,0.3191,0.3552,0.898,0.5196,0.5463,-0.0267,L2
1买,MACD底背离 + 大盘安全,1924,0.1282,0.253,0.507,0.3789,0.5463,-0.1674,L2
1买,MACD底背离 + SID等于1,786,0.0403,0.1179,0.341,0.2913,0.5463,-0.2549,L2
1买,MACD底背离 + SID等于2,2649,0.1911,0.3307,0.578,0.4103,0.5463,-0.1359,L2
1买,MACD底背离 + SID小于等于2,2858,0.2024,0.3613,0.56,0.4027,0.5463,-0.1436,L2
1买,MACD底背离 + 大盘5日上涨,3464,0.2899,0.3842,0.755,0.476,0.5463,-0.0703,L2
1买,MACD底背离 + 相对强弱大于0,2283,0.2055,0.2358,0.872,0.512,0.5463,-0.0342,L2
1买,MACD底背离 + 相对强弱大于5,433,0.0369,0.0472,0.782,0.485,0.5463,-0.0613,L2
1买,MACD底背离 + 量比>=1.3,1156,0.1062,0.1169,0.909,0.5225,0.5463,-0.0238,L2
1买,MACD底背离 + 量比>=2,199,0.0178,0.0207,0.856,0.5075,0.5463,-0.0388,L2
1买,MACD底背离 + 距前高<=10%,149,0.0107,0.0186,0.576,0.4094,0.5463,-0.1369,L2
1买,MACD底背离 + 深跌(距前高>40%),249,0.023,0.025,0.922,0.5261,0.5463,-0.0202,L2
1买,MACD底背离 + 距前低<=10%,4698,0.3887,0.5265,0.738,0.4706,0.5463,-0.0757,L2
1买,MACD底背离 + 相对强弱>=0,499,0.0452,0.0512,0.882,0.515,0.5463,-0.0313,L2
1买,BOLL收上中轨 + BOLL突破上轨,256,0.0232,0.0262,0.884,0.5156,0.5463,-0.0307,L2
1买,BOLL收上中轨 + BOLL触下轨反弹,1714,0.1547,0.1765,0.876,0.5134,0.5463,-0.0329,L2
1买,BOLL收上中轨 + BOLL开口扩张,2101,0.19,0.2159,0.88,0.5145,0.5463,-0.0318,L2
1买,BOLL收上中轨 + KDJ金叉态,2185,0.1944,0.2284,0.851,0.5062,0.5463,-0.0401,L2
1买,BOLL收上中轨 + KDJ_J超卖,2027,0.1809,0.2113,0.856,0.5076,0.5463,-0.0386,L2
1买,BOLL收上中轨 + KDJ低位金叉,575,0.0531,0.0578,0.919,0.5252,0.5463,-0.0211,L2
1买,BOLL收上中轨 + KDJ_D小于30,1322,0.1225,0.1323,0.926,0.5272,0.5463,-0.0191,L2
1买,BOLL收上中轨 + RSI6大于50,2262,0.202,0.2356,0.857,0.508,0.5463,-0.0383,L2
1买,BOLL收上中轨 + RSI金叉,2229,0.1992,0.232,0.859,0.5083,0.5463,-0.038,L2
1买,BOLL收上中轨 + RSI6超卖,1781,0.1595,0.185,0.862,0.5093,0.5463,-0.037,L2
1买,BOLL收上中轨 + RSI底背离,1232,0.1092,0.1293,0.844,0.5041,0.5463,-0.0422,L2
1买,BOLL收上中轨 + 威科夫得分大于4,266,0.0209,0.0311,0.672,0.4474,0.5463,-0.0989,L2
1买,BOLL收上中轨 + 威科夫得分大于7,117,0.0098,0.0129,0.762,0.4786,0.5463,-0.0677,L2
1买,BOLL收上中轨 + 积累阶段,1091,0.0863,0.127,0.68,0.45,0.5463,-0.0962,L2
1买,BOLL收上中轨 + 威科夫B1突破,57,0.0044,0.0068,0.649,0.4386,0.5463,-0.1077,L2
1买,BOLL收上中轨 + 黄金柱,257,0.0232,0.0265,0.877,0.5136,0.5463,-0.0327,L2
1买,BOLL收上中轨 + 量能金叉,884,0.0818,0.0887,0.922,0.526,0.5463,-0.0203,L2
1买,BOLL收上中轨 + 六脉红灯大于5,2174,0.1937,0.2269,0.854,0.5069,0.5463,-0.0394,L2
1买,BOLL收上中轨 + 六脉红灯大于6,2106,0.1876,0.2199,0.853,0.5066,0.5463,-0.0396,L2
1买,BOLL收上中轨 + 六脉6红首发,2106,0.1876,0.2199,0.853,0.5066,0.5463,-0.0396,L2
1买,BOLL收上中轨 + 六脉5红首发,2174,0.1937,0.2269,0.854,0.5069,0.5463,-0.0394,L2
1买,BOLL收上中轨 + 偏多共振,133,0.0097,0.0165,0.586,0.4135,0.5463,-0.1328,L2
1买,BOLL收上中轨 + 多头共振,133,0.0097,0.0165,0.586,0.4135,0.5463,-0.1328,L2
1买,BOLL收上中轨 + 火箭信号,422,0.0406,0.0404,1.004,0.5474,0.5463,0.0011,L2
1买,BOLL收上中轨 + 二连板,59,0.0069,0.0042,1.62,0.661,0.5463,0.1147,L2
1买,BOLL收上中轨 + 中枢进机会区,1149,0.1058,0.1158,0.914,0.5239,0.5463,-0.0224,L2
1买,BOLL收上中轨 + 中枢极限底,1163,0.1048,0.12,0.873,0.5125,0.5463,-0.0338,L2
1买,BOLL收上中轨 + 中枢上穿中轴,1179,0.1085,0.119,0.912,0.5233,0.5463,-0.023,L2
1买,BOLL收上中轨 + 中枢底部蓄力,1661,0.1463,0.1755,0.834,0.5009,0.5463,-0.0454,L2
1买,BOLL收上中轨 + 中枢底部回升,2135,0.1906,0.2225,0.857,0.5077,0.5463,-0.0386,L2
1买,BOLL收上中轨 + 大盘多头,410,0.0218,0.0605,0.36,0.3024,0.5463,-0.2439,L2
1买,BOLL收上中轨 + 大盘空头,1549,0.1524,0.1444,1.056,0.5597,0.5463,0.0134,L2
1买,BOLL收上中轨 + 大盘安全,1058,0.0756,0.1329,0.569,0.4064,0.5463,-0.1399,L2
1买,BOLL收上中轨 + SID等于1,410,0.0218,0.0605,0.36,0.3024,0.5463,-0.2439,L2
1买,BOLL收上中轨 + SID等于2,1280,0.1013,0.149,0.68,0.45,0.5463,-0.0963,L2
1买,BOLL收上中轨 + SID小于等于2,1406,0.1072,0.1685,0.636,0.4339,0.5463,-0.1124,L2
1买,BOLL收上中轨 + 大盘5日上涨,1651,0.1378,0.1835,0.751,0.4749,0.5463,-0.0714,L2
1买,BOLL收上中轨 + 相对强弱大于0,1941,0.1777,0.1969,0.903,0.5209,0.5463,-0.0254,L2
1买,BOLL收上中轨 + 相对强弱大于5,683,0.0636,0.068,0.937,0.53,0.5463,-0.0163,L2
1买,BOLL收上中轨 + 量比>=1.3,682,0.0649,0.0663,0.979,0.5411,0.5463,-0.0052,L2
1买,BOLL收上中轨 + 量比>=2,167,0.0155,0.0167,0.925,0.5269,0.5463,-0.0193,L2
1买,BOLL收上中轨 + 距前高<=10%,222,0.0199,0.0231,0.861,0.509,0.5463,-0.0373,L2
1买,BOLL收上中轨 + 距前低<=10%,2080,0.1871,0.2151,0.87,0.5115,0.5463,-0.0348,L2
1买,BOLL收上中轨 + 相对强弱>=0,507,0.0489,0.0485,1.008,0.5483,0.5463,0.002,L2
1买,BOLL收上中轨 + 相对强弱>=5,53,0.0055,0.0047,1.17,0.5849,0.5463,0.0386,L2
1买,BOLL突破上轨 + BOLL触下轨反弹,196,0.0176,0.0203,0.865,0.5102,0.5463,-0.0361,L2
1买,BOLL突破上轨 + BOLL开口扩张,254,0.0232,0.0258,0.899,0.5197,0.5463,-0.0266,L2
1买,BOLL突破上轨 + KDJ金叉态,256,0.0232,0.0262,0.884,0.5156,0.5463,-0.0307,L2
1买,BOLL突破上轨 + KDJ_J超卖,213,0.0195,0.0216,0.904,0.5211,0.5463,-0.0252,L2
1买,BOLL突破上轨 + KDJ_D小于30,118,0.0118,0.0108,1.091,0.5678,0.5463,0.0215,L2
1买,BOLL突破上轨 + RSI6大于50,256,0.0232,0.0262,0.884,0.5156,0.5463,-0.0307,L2
1买,BOLL突破上轨 + RSI金叉,254,0.023,0.026,0.885,0.5157,0.5463,-0.0305,L2
1买,BOLL突破上轨 + RSI6超卖,173,0.0162,0.0171,0.943,0.5318,0.5463,-0.0145,L2
1买,BOLL突破上轨 + RSI底背离,132,0.0107,0.015,0.714,0.4621,0.5463,-0.0842,L2
1买,BOLL突破上轨 + 威科夫得分大于4,77,0.0063,0.0087,0.729,0.4675,0.5463,-0.0788,L2
1买,BOLL突破上轨 + 积累阶段,116,0.0091,0.0135,0.675,0.4483,0.5463,-0.098,L2
1买,BOLL突破上轨 + 威科夫B1突破,52,0.0044,0.0057,0.769,0.4808,0.5463,-0.0655,L2
1买,BOLL突破上轨 + 黄金柱,53,0.0055,0.0047,1.17,0.5849,0.5463,0.0386,L2
1买,BOLL突破上轨 + 量能金叉,174,0.0167,0.0167,0.999,0.546,0.5463,-0.0003,L2
1买,BOLL突破上轨 + 六脉红灯大于5,256,0.0232,0.0262,0.884,0.5156,0.5463,-0.0307,L2
1买,BOLL突破上轨 + 六脉红灯大于6,256,0.0232,0.0262,0.884,0.5156,0.5463,-0.0307,L2
1买,BOLL突破上轨 + 六脉6红首发,256,0.0232,0.0262,0.884,0.5156,0.5463,-0.0307,L2
1买,BOLL突破上轨 + 六脉5红首发,256,0.0232,0.0262,0.884,0.5156,0.5463,-0.0307,L2
1买,BOLL突破上轨 + 火箭信号,128,0.0127,0.0119,1.068,0.5625,0.5463,0.0162,L2
1买,BOLL突破上轨 + 中枢进机会区,140,0.0132,0.0138,0.958,0.5357,0.5463,-0.0106,L2
1买,BOLL突破上轨 + 中枢极限底,124,0.0114,0.0125,0.915,0.5242,0.5463,-0.0221,L2
1买,BOLL突破上轨 + 中枢上穿中轴,237,0.0222,0.0235,0.943,0.5316,0.5463,-0.0146,L2
1买,BOLL突破上轨 + 中枢底部蓄力,159,0.0139,0.0169,0.82,0.4969,0.5463,-0.0494,L2
1买,BOLL突破上轨 + 中枢底部回升,235,0.0213,0.0241,0.882,0.5149,0.5463,-0.0314,L2
1买,BOLL突破上轨 + 大盘多头,59,0.0033,0.0085,0.394,0.322,0.5463,-0.2243,L2
1买,BOLL突破上轨 + 大盘空头,157,0.0153,0.0148,1.032,0.5541,0.5463,0.0078,L2
1买,BOLL突破上轨 + 大盘安全,130,0.0086,0.0171,0.502,0.3769,0.5463,-0.1694,L2
1买,BOLL突破上轨 + SID等于1,59,0.0033,0.0085,0.394,0.322,0.5463,-0.2243,L2
1买,BOLL突破上轨 + SID等于2,152,0.0114,0.0184,0.621,0.4276,0.5463,-0.1187,L2
1买,BOLL突破上轨 + SID小于等于2,168,0.0127,0.0203,0.623,0.4286,0.5463,-0.1177,L2
1买,BOLL突破上轨 + 大盘5日上涨,174,0.0134,0.0207,0.644,0.4368,0.5463,-0.1095,L2
1买,BOLL突破上轨 + 相对强弱大于0,253,0.0229,0.026,0.878,0.5138,0.5463,-0.0325,L2
1买,BOLL突破上轨 + 相对强弱大于5,214,0.0204,0.0207,0.983,0.5421,0.5463,-0.0042,L2
1买,BOLL突破上轨 + 量比>=1.3,103,0.0093,0.0106,0.88,0.5146,0.5463,-0.0317,L2
1买,BOLL突破上轨 + 距前低<=10%,223,0.0199,0.0233,0.853,0.5067,0.5463,-0.0396,L2
1买,BOLL突破上轨 + 相对强弱>=0,83,0.0077,0.0083,0.937,0.5301,0.5463,-0.0162,L2
1买,BOLL触下轨反弹 + BOLL开口扩张,7103,0.6922,0.6702,1.033,0.5543,0.5463,0.008,L2
1买,BOLL触下轨反弹 + KDJ金叉态,6384,0.634,0.5881,1.078,0.5648,0.5463,0.0186,L2
1买,BOLL触下轨反弹 + KDJ_J超卖,6973,0.6804,0.6569,1.036,0.555,0.5463,0.0087,L2
1买,BOLL触下轨反弹 + KDJ低位金叉,3920,0.3957,0.3533,1.12,0.5742,0.5463,0.0279,L2
1买,BOLL触下轨反弹 + KDJ_D小于30,5767,0.567,0.5381,1.054,0.5592,0.5463,0.0129,L2
1买,BOLL触下轨反弹 + RSI6大于50,3218,0.3012,0.3186,0.945,0.5323,0.5463,-0.014,L2
1买,BOLL触下轨反弹 + RSI金叉,5972,0.5846,0.5603,1.043,0.5568,0.5463,0.0105,L2
1买,BOLL触下轨反弹 + RSI6超卖,6829,0.6707,0.638,1.051,0.5586,0.5463,0.0124,L2
1买,BOLL触下轨反弹 + RSI底背离,3393,0.3142,0.34,0.924,0.5267,0.5463,-0.0196,L2
1买,BOLL触下轨反弹 + 威科夫得分大于4,362,0.0295,0.0411,0.719,0.4641,0.5463,-0.0822,L2
1买,BOLL触下轨反弹 + 威科夫得分大于7,129,0.0116,0.0133,0.87,0.5116,0.5463,-0.0347,L2
1买,BOLL触下轨反弹 + 积累阶段,2190,0.1748,0.2532,0.69,0.4539,0.5463,-0.0924,L2
1买,BOLL触下轨反弹 + 威科夫B3弹簧,78,0.006,0.0093,0.642,0.4359,0.5463,-0.1104,L2
1买,BOLL触下轨反弹 + 黄金柱,167,0.0162,0.0159,1.019,0.5509,0.5463,0.0046,L2
1买,BOLL触下轨反弹 + 量能金叉,2000,0.2104,0.17,1.238,0.5985,0.5463,0.0522,L2
1买,BOLL触下轨反弹 + 六脉红灯大于5,4583,0.4418,0.4382,1.008,0.5483,0.5463,0.002,L2
1买,BOLL触下轨反弹 + 六脉红灯大于6,2930,0.2751,0.289,0.952,0.5341,0.5463,-0.0122,L2
1买,BOLL触下轨反弹 + 六脉6红首发,2930,0.2751,0.289,0.952,0.5341,0.5463,-0.0122,L2
1买,BOLL触下轨反弹 + 六脉5红首发,4583,0.4418,0.4382,1.008,0.5483,0.5463,0.002,L2
1买,BOLL触下轨反弹 + 偏多共振,312,0.0323,0.0271,1.194,0.5897,0.5463,0.0435,L2
1买,BOLL触下轨反弹 + 多头共振,310,0.0322,0.0269,1.197,0.5903,0.5463,0.044,L2
1买,BOLL触下轨反弹 + 火箭信号,502,0.0566,0.0381,1.486,0.6414,0.5463,0.0951,L2
1买,BOLL触下轨反弹 + 二连板,57,0.0072,0.0034,2.128,0.7193,0.5463,0.173,L2
1买,BOLL触下轨反弹 + 极限抄底,564,0.0703,0.0347,2.026,0.7092,0.5463,0.1629,L2
1买,BOLL触下轨反弹 + 中枢进机会区,3418,0.3493,0.3029,1.153,0.5813,0.5463,0.035,L2
1买,BOLL触下轨反弹 + 中枢极限底,4413,0.4439,0.3997,1.111,0.5722,0.5463,0.0259,L2
1买,BOLL触下轨反弹 + 中枢上穿中轴,1216,0.1215,0.1111,1.093,0.5683,0.5463,0.022,L2
1买,BOLL触下轨反弹 + 中枢底部蓄力,5946,0.5624,0.5815,0.967,0.538,0.5463,-0.0083,L2
1买,BOLL触下轨反弹 + 中枢底部回升,7095,0.6936,0.6668,1.04,0.556,0.5463,0.0097,L2
1买,BOLL触下轨反弹 + 大盘多头,939,0.0566,0.1306,0.433,0.3429,0.5463,-0.2034,L2
1买,BOLL触下轨反弹 + 大盘空头,4548,0.4415,0.4312,1.024,0.5521,0.5463,0.0058,L2
1买,BOLL触下轨反弹 + 大盘安全,2681,0.2273,0.2938,0.774,0.4823,0.5463,-0.064,L2
1买,BOLL触下轨反弹 + SID等于1,939,0.0566,0.1306,0.433,0.3429,0.5463,-0.2034,L2
1买,BOLL触下轨反弹 + SID等于2,4619,0.4495,0.4365,1.03,0.5536,0.5463,0.0073,L2
1买,BOLL触下轨反弹 + SID小于等于2,4841,0.4624,0.468,0.988,0.5433,0.5463,-0.003,L2
1买,BOLL触下轨反弹 + 大盘5日上涨,4305,0.3989,0.431,0.926,0.5271,0.5463,-0.0192,L2
1买,BOLL触下轨反弹 + 相对强弱大于0,2735,0.2563,0.2703,0.948,0.5331,0.5463,-0.0132,L2
1买,BOLL触下轨反弹 + 相对强弱大于5,548,0.0515,0.054,0.954,0.5347,0.5463,-0.0116,L2
1买,BOLL触下轨反弹 + 量比>=1.3,2160,0.2426,0.1651,1.469,0.6389,0.5463,0.0926,L2
1买,BOLL触下轨反弹 + 量比>=2,346,0.0352,0.0309,1.138,0.578,0.5463,0.0317,L2
1买,BOLL触下轨反弹 + 距前高<=10%,363,0.0315,0.039,0.808,0.4931,0.5463,-0.0532,L2
1买,BOLL触下轨反弹 + 深跌(距前高>40%),402,0.0498,0.0252,1.975,0.704,0.5463,0.1577,L2
1买,BOLL触下轨反弹 + 距前低<=10%,6202,0.5642,0.6336,0.89,0.5174,0.5463,-0.0289,L2
1买,BOLL触下轨反弹 + 相对强弱>=0,674,0.0615,0.0686,0.897,0.5193,0.5463,-0.027,L2
1买,BOLL开口扩张 + KDJ金叉态,8452,0.8247,0.7961,1.036,0.555,0.5463,0.0087,L2
1买,BOLL开口扩张 + KDJ_J超卖,9362,0.9017,0.8961,1.006,0.5479,0.5463,0.0016,L2
1买,BOLL开口扩张 + KDJ低位金叉,5503,0.5445,0.5093,1.069,0.5628,0.5463,0.0165,L2
1买,BOLL开口扩张 + KDJ_D小于30,7962,0.7667,0.7623,1.006,0.5477,0.5463,0.0014,L2
1买,BOLL开口扩张 + RSI6大于50,4147,0.3771,0.4238,0.89,0.5172,0.5463,-0.0291,L2
1买,BOLL开口扩张 + RSI金叉,7758,0.7375,0.7542,0.978,0.5407,0.5463,-0.0056,L2
1买,BOLL开口扩张 + RSI6超卖,9085,0.882,0.8611,1.024,0.5522,0.5463,0.0059,L2
1买,BOLL开口扩张 + RSI底背离,4575,0.4105,0.4742,0.866,0.5104,0.5463,-0.0359,L2
1买,BOLL开口扩张 + 威科夫得分大于4,468,0.0394,0.0517,0.762,0.4786,0.5463,-0.0677,L2
1买,BOLL开口扩张 + 威科夫得分大于7,158,0.0144,0.0161,0.896,0.519,0.5463,-0.0273,L2
1买,BOLL开口扩张 + 积累阶段,2548,0.1974,0.3017,0.655,0.4407,0.5463,-0.1056,L2
1买,BOLL开口扩张 + 威科夫B3弹簧,88,0.0067,0.0106,0.631,0.4318,0.5463,-0.1145,L2
1买,BOLL开口扩张 + 威科夫B1突破,57,0.0044,0.0068,0.649,0.4386,0.5463,-0.1077,L2
1买,BOLL开口扩张 + 黄金柱,277,0.0257,0.0277,0.926,0.5271,0.5463,-0.0192,L2
1买,BOLL开口扩张 + 量能金叉,2547,0.2711,0.2127,1.274,0.6054,0.5463,0.0591,L2
1买,BOLL开口扩张 + 六脉红灯大于5,6040,0.5601,0.6041,0.927,0.5275,0.5463,-0.0188,L2
1买,BOLL开口扩张 + 六脉红灯大于6,3743,0.3402,0.3827,0.889,0.517,0.5463,-0.0293,L2
1买,BOLL开口扩张 + 六脉6红首发,3743,0.3402,0.3827,0.889,0.517,0.5463,-0.0293,L2
1买,BOLL开口扩张 + 六脉5红首发,6040,0.5601,0.6041,0.927,0.5275,0.5463,-0.0188,L2
1买,BOLL开口扩张 + 偏多共振,457,0.0499,0.0366,1.363,0.6214,0.5463,0.0752,L2
1买,BOLL开口扩张 + 多头共振,455,0.0498,0.0364,1.366,0.622,0.5463,0.0757,L2
1买,BOLL开口扩张 + 火箭信号,667,0.0733,0.0529,1.385,0.6252,0.5463,0.0789,L2
1买,BOLL开口扩张 + 二连板,74,0.0091,0.0047,1.963,0.7027,0.5463,0.1564,L2
1买,BOLL开口扩张 + 二次涨停,60,0.0058,0.0057,1.015,0.55,0.5463,0.0037,L2
1买,BOLL开口扩张 + 极限抄底,964,0.1238,0.055,2.249,0.7303,0.5463,0.184,L2
1买,BOLL开口扩张 + 中枢进机会区,4465,0.4529,0.3999,1.133,0.5769,0.5463,0.0306,L2
1买,BOLL开口扩张 + 中枢极限底,6009,0.5958,0.5546,1.074,0.564,0.5463,0.0177,L2
1买,BOLL开口扩张 + 中枢上穿中轴,1443,0.1426,0.1338,1.066,0.562,0.5463,0.0157,L2
1买,BOLL开口扩张 + 中枢底部蓄力,8022,0.7409,0.8061,0.919,0.5253,0.5463,-0.021,L2
1买,BOLL开口扩张 + 中枢底部回升,9479,0.9156,0.9041,1.013,0.5494,0.5463,0.0031,L2
1买,BOLL开口扩张 + 大盘多头,1312,0.0791,0.1825,0.434,0.343,0.5463,-0.2033,L2
1买,BOLL开口扩张 + 大盘空头,5898,0.5566,0.5783,0.962,0.5368,0.5463,-0.0095,L2
1买,BOLL开口扩张 + 大盘安全,3414,0.2774,0.3887,0.714,0.4622,0.5463,-0.0841,L2
1买,BOLL开口扩张 + SID等于1,1312,0.0791,0.1825,0.434,0.343,0.5463,-0.2033,L2
1买,BOLL开口扩张 + SID等于2,6061,0.586,0.5775,1.015,0.5499,0.5463,0.0036,L2
1买,BOLL开口扩张 + SID小于等于2,6365,0.6028,0.6215,0.97,0.5387,0.5463,-0.0076,L2
1买,BOLL开口扩张 + 大盘5日上涨,5652,0.4953,0.6001,0.825,0.4984,0.5463,-0.0479,L2
1买,BOLL开口扩张 + 相对强弱大于0,3442,0.3145,0.3499,0.899,0.5198,0.5463,-0.0265,L2
1买,BOLL开口扩张 + 相对强弱大于5,740,0.0703,0.072,0.977,0.5405,0.5463,-0.0058,L2
1买,BOLL开口扩张 + 量比>=1.3,2667,0.2985,0.2051,1.455,0.6367,0.5463,0.0904,L2
1买,BOLL开口扩张 + 量比>=2,413,0.042,0.0368,1.141,0.5787,0.5463,0.0324,L2
1买,BOLL开口扩张 + 距前高<=10%,407,0.0353,0.0436,0.81,0.4939,0.5463,-0.0524,L2
1买,BOLL开口扩张 + 深跌(距前高>40%),584,0.0677,0.0421,1.607,0.6592,0.5463,0.113,L2
1买,BOLL开口扩张 + 距前低<=10%,8396,0.7584,0.8641,0.878,0.5138,0.5463,-0.0325,L2
1买,BOLL开口扩张 + 相对强弱>=0,753,0.067,0.0787,0.851,0.506,0.5463,-0.0403,L2
1买,BOLL开口扩张 + 相对强弱>=5,54,0.0053,0.0051,1.038,0.5556,0.5463,0.0093,L2
1买,KDJ金叉态 + KDJ_J超卖,8425,0.8194,0.7968,1.028,0.5532,0.5463,0.0069,L2
1买,KDJ金叉态 + KDJ低位金叉,5751,0.5666,0.5351,1.059,0.5604,0.5463,0.0141,L2
1买,KDJ金叉态 + KDJ_D小于30,7461,0.7303,0.7,1.043,0.5568,0.5463,0.0105,L2
1买,KDJ金叉态 + RSI6大于50,4377,0.397,0.4486,0.885,0.5159,0.5463,-0.0304,L2
1买,KDJ金叉态 + RSI金叉,7821,0.7458,0.7576,0.984,0.5424,0.5463,-0.0039,L2
1买,KDJ金叉态 + RSI6超卖,8229,0.8066,0.7707,1.047,0.5575,0.5463,0.0112,L2
1买,KDJ金叉态 + RSI底背离,4441,0.4028,0.4551,0.885,0.5159,0.5463,-0.0304,L2
1买,KDJ金叉态 + 威科夫得分大于4,293,0.023,0.0343,0.672,0.4471,0.5463,-0.0992,L2
1买,KDJ金叉态 + 威科夫得分大于7,103,0.009,0.011,0.815,0.4951,0.5463,-0.0511,L2
1买,KDJ金叉态 + 积累阶段,2392,0.189,0.2788,0.678,0.4494,0.5463,-0.0969,L2
1买,KDJ金叉态 + 威科夫B3弹簧,82,0.0065,0.0095,0.683,0.4512,0.5463,-0.0951,L2
1买,KDJ金叉态 + 威科夫B1突破,57,0.0044,0.0068,0.649,0.4386,0.5463,-0.1077,L2
1买,KDJ金叉态 + 黄金柱,330,0.0295,0.0343,0.861,0.5091,0.5463,-0.0372,L2
1买,KDJ金叉态 + 量能金叉,2422,0.2598,0.1998,1.3,0.6102,0.5463,0.0639,L2
1买,KDJ金叉态 + 六脉红灯大于5,6525,0.6039,0.6541,0.923,0.5264,0.5463,-0.0199,L2
1买,KDJ金叉态 + 六脉红灯大于6,4071,0.3695,0.4168,0.887,0.5163,0.5463,-0.03,L2
1买,KDJ金叉态 + 六脉6红首发,4071,0.3695,0.4168,0.887,0.5163,0.5463,-0.03,L2
1买,KDJ金叉态 + 六脉5红首发,6525,0.6039,0.6541,0.923,0.5264,0.5463,-0.0199,L2
1买,KDJ金叉态 + 偏多共振,271,0.0294,0.022,1.334,0.6162,0.5463,0.0699,L2
1买,KDJ金叉态 + 多头共振,269,0.0292,0.0218,1.339,0.6171,0.5463,0.0708,L2
1买,KDJ金叉态 + 火箭信号,654,0.0723,0.0514,1.405,0.6284,0.5463,0.0821,L2
1买,KDJ金叉态 + 二连板,74,0.0091,0.0047,1.963,0.7027,0.5463,0.1564,L2
1买,KDJ金叉态 + 极限抄底,853,0.1111,0.0468,2.375,0.7409,0.5463,0.1946,L2
1买,KDJ金叉态 + 中枢进机会区,3684,0.3785,0.3241,1.168,0.5844,0.5463,0.0381,L2
1买,KDJ金叉态 + 中枢极限底,5427,0.5457,0.4917,1.11,0.572,0.5463,0.0257,L2
1买,KDJ金叉态 + 中枢上穿中轴,1436,0.1417,0.1334,1.063,0.5613,0.5463,0.015,L2
1买,KDJ金叉态 + 中枢底部蓄力,7548,0.7085,0.7447,0.951,0.5339,0.5463,-0.0124,L2
1买,KDJ金叉态 + 中枢底部回升,8733,0.8493,0.826,1.028,0.5532,0.5463,0.0069,L2
1买,KDJ金叉态 + 大盘多头,1127,0.0658,0.1594,0.413,0.3319,0.5463,-0.2144,L2
1买,KDJ金叉态 + 大盘空头,5524,0.5308,0.5303,1.001,0.5465,0.5463,0.0002,L2
1买,KDJ金叉态 + 大盘安全,3167,0.259,0.3586,0.722,0.4651,0.5463,-0.0812,L2
1买,KDJ金叉态 + SID等于1,1127,0.0658,0.1594,0.413,0.3319,0.5463,-0.2144,L2
1买,KDJ金叉态 + SID等于2,5468,0.5313,0.5178,1.026,0.5527,0.5463,0.0064,L2
1买,KDJ金叉态 + SID小于等于2,5737,0.5459,0.5572,0.98,0.5412,0.5463,-0.0051,L2
1买,KDJ金叉态 + 大盘5日上涨,5317,0.472,0.5572,0.847,0.505,0.5463,-0.0413,L2
1买,KDJ金叉态 + 相对强弱大于0,3354,0.3077,0.3395,0.906,0.5218,0.5463,-0.0245,L2
1买,KDJ金叉态 + 相对强弱大于5,706,0.0652,0.0709,0.92,0.5255,0.5463,-0.0208,L2
1买,KDJ金叉态 + 量比>=1.3,2617,0.2906,0.2041,1.424,0.6316,0.5463,0.0853,L2
1买,KDJ金叉态 + 量比>=2,392,0.0403,0.0345,1.167,0.5842,0.5463,0.0379,L2
1买,KDJ金叉态 + 距前高<=10%,375,0.0323,0.0404,0.8,0.4907,0.5463,-0.0556,L2
1买,KDJ金叉态 + 深跌(距前高>40%),539,0.0633,0.0379,1.67,0.6679,0.5463,0.1216,L2
1买,KDJ金叉态 + 距前低<=10%,7681,0.6988,0.7845,0.891,0.5175,0.5463,-0.0288,L2
1买,KDJ金叉态 + 相对强弱>=0,787,0.0731,0.0785,0.931,0.5286,0.5463,-0.0177,L2
1买,KDJ金叉态 + 相对强弱>=5,56,0.0053,0.0055,0.958,0.5357,0.5463,-0.0106,L2
1买,KDJ_J超卖 + KDJ低位金叉,5656,0.558,0.5254,1.062,0.5612,0.5463,0.0149,L2
1买,KDJ_J超卖 + KDJ_D小于30,8111,0.7801,0.7777,1.003,0.547,0.5463,0.0007,L2
1买,KDJ_J超卖 + RSI6大于50,4086,0.3706,0.4187,0.885,0.5159,0.5463,-0.0304,L2
1买,KDJ_J超卖 + RSI金叉,7785,0.738,0.7593,0.972,0.5392,0.5463,-0.0071,L2
1买,KDJ_J超卖 + RSI6超卖,9216,0.8903,0.8789,1.013,0.5495,0.5463,0.0032,L2
1买,KDJ_J超卖 + RSI底背离,4775,0.4284,0.4949,0.866,0.5104,0.5463,-0.0359,L2
1买,KDJ_J超卖 + 威科夫得分大于4,416,0.0353,0.0455,0.776,0.4832,0.5463,-0.0631,L2
1买,KDJ_J超卖 + 威科夫得分大于7,129,0.0114,0.0135,0.843,0.5039,0.5463,-0.0424,L2
1买,KDJ_J超卖 + 积累阶段,2586,0.2025,0.3036,0.667,0.4455,0.5463,-0.1008,L2
1买,KDJ_J超卖 + 威科夫B3弹簧,83,0.0062,0.0102,0.606,0.4217,0.5463,-0.1246,L2
1买,KDJ_J超卖 + 威科夫B1突破,51,0.004,0.0059,0.682,0.451,0.5463,-0.0953,L2
1买,KDJ_J超卖 + 黄金柱,279,0.0258,0.0279,0.925,0.5269,0.5463,-0.0194,L2
1买,KDJ_J超卖 + 量能金叉,2432,0.2584,0.2036,1.269,0.6044,0.5463,0.0581,L2
1买,KDJ_J超卖 + 六脉红灯大于5,6050,0.5596,0.6069,0.922,0.5261,0.5463,-0.0202,L2
1买,KDJ_J超卖 + 六脉红灯大于6,3680,0.3339,0.377,0.886,0.516,0.5463,-0.0303,L2
1买,KDJ_J超卖 + 六脉6红首发,3680,0.3339,0.377,0.886,0.516,0.5463,-0.0303,L2
1买,KDJ_J超卖 + 六脉5红首发,6050,0.5596,0.6069,0.922,0.5261,0.5463,-0.0202,L2
1买,KDJ_J超卖 + 偏多共振,438,0.0483,0.0345,1.401,0.6279,0.5463,0.0816,L2
1买,KDJ_J超卖 + 多头共振,436,0.0482,0.0343,1.405,0.6284,0.5463,0.0821,L2
1买,KDJ_J超卖 + 火箭信号,657,0.0721,0.0523,1.379,0.624,0.5463,0.0778,L2
1买,KDJ_J超卖 + 二连板,73,0.0091,0.0044,2.057,0.7123,0.5463,0.166,L2
1买,KDJ_J超卖 + 二次涨停,60,0.0058,0.0057,1.015,0.55,0.5463,0.0037,L2
1买,KDJ_J超卖 + 极限抄底,970,0.1239,0.0561,2.209,0.7268,0.5463,0.1805,L2
1买,KDJ_J超卖 + 中枢进机会区,4347,0.4402,0.3901,1.128,0.576,0.5463,0.0297,L2
1买,KDJ_J超卖 + 中枢极限底,6244,0.6171,0.5787,1.066,0.5621,0.5463,0.0158,L2
1买,KDJ_J超卖 + 中枢上穿中轴,1310,0.129,0.1219,1.058,0.5603,0.5463,0.014,L2
1买,KDJ_J超卖 + 中枢底部蓄力,8202,0.756,0.826,0.915,0.5243,0.5463,-0.022,L2
1买,KDJ_J超卖 + 中枢底部回升,9574,0.9218,0.9168,1.005,0.5476,0.5463,0.0013,L2
1买,KDJ_J超卖 + 大盘多头,1294,0.0779,0.1801,0.432,0.3423,0.5463,-0.2039,L2
1买,KDJ_J超卖 + 大盘空头,5979,0.5665,0.5836,0.971,0.5389,0.5463,-0.0074,L2
1买,KDJ_J超卖 + 大盘安全,3397,0.2718,0.3918,0.694,0.4551,0.5463,-0.0912,L2
1买,KDJ_J超卖 + SID等于1,1294,0.0779,0.1801,0.432,0.3423,0.5463,-0.2039,L2
1买,KDJ_J超卖 + SID等于2,5957,0.5647,0.5811,0.972,0.5392,0.5463,-0.0071,L2
1买,KDJ_J超卖 + SID小于等于2,6243,0.5823,0.6204,0.938,0.5305,0.5463,-0.0158,L2
1买,KDJ_J超卖 + 大盘5日上涨,5737,0.5067,0.6044,0.838,0.5024,0.5463,-0.0439,L2
1买,KDJ_J超卖 + 相对强弱大于0,3412,0.3138,0.3444,0.911,0.5232,0.5463,-0.0231,L2
1买,KDJ_J超卖 + 相对强弱大于5,643,0.0592,0.0648,0.915,0.5241,0.5463,-0.0222,L2
1买,KDJ_J超卖 + 量比>=1.3,2596,0.2883,0.2024,1.425,0.6317,0.5463,0.0854,L2
1买,KDJ_J超卖 + 量比>=2,383,0.0382,0.0351,1.086,0.5666,0.5463,0.0203,L2
1买,KDJ_J超卖 + 距前高<=10%,364,0.0304,0.0404,0.752,0.4753,0.5463,-0.071,L2
1买,KDJ_J超卖 + 深跌(距前高>40%),598,0.0682,0.0445,1.534,0.6488,0.5463,0.1025,L2
1买,KDJ_J超卖 + 距前低<=10%,8445,0.7625,0.8696,0.877,0.5136,0.5463,-0.0327,L2
1买,KDJ_J超卖 + 相对强弱>=0,689,0.0612,0.0722,0.848,0.5051,0.5463,-0.0412,L2
1买,KDJ低位金叉 + KDJ_D小于30,5751,0.5666,0.5351,1.059,0.5604,0.5463,0.0141,L2
1买,KDJ低位金叉 + RSI6大于50,1988,0.1848,0.1983,0.932,0.5287,0.5463,-0.0176,L2
1买,KDJ低位金叉 + RSI金叉,4837,0.4703,0.4577,1.028,0.553,0.5463,0.0067,L2
1买,KDJ低位金叉 + RSI6超卖,5575,0.5506,0.5171,1.065,0.5618,0.5463,0.0155,L2
1买,KDJ低位金叉 + RSI底背离,2695,0.2454,0.275,0.893,0.518,0.5463,-0.0283,L2
1买,KDJ低位金叉 + 积累阶段,1035,0.083,0.1192,0.696,0.456,0.5463,-0.0903,L2
1买,KDJ低位金叉 + 黄金柱,111,0.0107,0.0106,1.013,0.5495,0.5463,0.0033,L2
1买,KDJ低位金叉 + 量能金叉,1359,0.1507,0.1063,1.418,0.6306,0.5463,0.0843,L2
1买,KDJ低位金叉 + 六脉红灯大于5,3843,0.3634,0.376,0.967,0.5379,0.5463,-0.0084,L2
1买,KDJ低位金叉 + 六脉红灯大于6,1881,0.176,0.1863,0.945,0.5322,0.5463,-0.0141,L2
1买,KDJ低位金叉 + 六脉6红首发,1881,0.176,0.1863,0.945,0.5322,0.5463,-0.0141,L2
1买,KDJ低位金叉 + 六脉5红首发,3843,0.3634,0.376,0.967,0.5379,0.5463,-0.0084,L2
1买,KDJ低位金叉 + 偏多共振,104,0.0113,0.0085,1.329,0.6154,0.5463,0.0691,L2
1买,KDJ低位金叉 + 多头共振,103,0.0113,0.0083,1.363,0.6214,0.5463,0.0751,L2
1买,KDJ低位金叉 + 火箭信号,308,0.035,0.0231,1.516,0.6461,0.5463,0.0998,L2
1买,KDJ低位金叉 + 极限抄底,791,0.1043,0.0419,2.487,0.7497,0.5463,0.2034,L2
1买,KDJ低位金叉 + 中枢进机会区,1747,0.189,0.1423,1.329,0.6153,0.5463,0.069,L2
1买,KDJ低位金叉 + 中枢极限底,3626,0.375,0.316,1.187,0.5883,0.5463,0.042,L2
1买,KDJ低位金叉 + 中枢上穿中轴,352,0.036,0.0311,1.158,0.5824,0.5463,0.0361,L2
1买,KDJ低位金叉 + 中枢底部蓄力,5405,0.5206,0.5174,1.006,0.5478,0.5463,0.0015,L2
1买,KDJ低位金叉 + 中枢底部回升,5717,0.5638,0.5313,1.061,0.561,0.5463,0.0147,L2
1买,KDJ低位金叉 + 大盘多头,658,0.0411,0.0898,0.458,0.3556,0.5463,-0.1907,L2
1买,KDJ低位金叉 + 大盘空头,3483,0.3351,0.3338,1.004,0.5472,0.5463,0.0009,L2
1买,KDJ低位金叉 + 大盘安全,1864,0.1639,0.1973,0.831,0.5,0.5463,-0.0463,L2
1买,KDJ低位金叉 + SID等于1,658,0.0411,0.0898,0.458,0.3556,0.5463,-0.1907,L2
1买,KDJ低位金叉 + SID等于2,3521,0.3532,0.3201,1.104,0.5706,0.5463,0.0243,L2
1买,KDJ低位金叉 + SID小于等于2,3656,0.3606,0.3398,1.061,0.561,0.5463,0.0147,L2
1买,KDJ低位金叉 + 大盘5日上涨,3229,0.2934,0.3302,0.889,0.5169,0.5463,-0.0294,L2
1买,KDJ低位金叉 + 相对强弱大于0,1272,0.1109,0.1357,0.818,0.4961,0.5463,-0.0502,L2
1买,KDJ低位金叉 + 相对强弱大于5,172,0.0141,0.0195,0.722,0.4651,0.5463,-0.0812,L2
1买,KDJ低位金叉 + 量比>=1.3,1700,0.193,0.1274,1.515,0.6459,0.5463,0.0996,L2
1买,KDJ低位金叉 + 量比>=2,213,0.0225,0.018,1.251,0.6009,0.5463,0.0546,L2
1买,KDJ低位金叉 + 距前高<=10%,99,0.0086,0.0106,0.814,0.4949,0.5463,-0.0513,L2
1买,KDJ低位金叉 + 深跌(距前高>40%),474,0.0591,0.0292,2.022,0.7089,0.5463,0.1626,L2
1买,KDJ低位金叉 + 距前低<=10%,4871,0.4441,0.4964,0.895,0.5186,0.5463,-0.0277,L2
1买,KDJ低位金叉 + 相对强弱>=0,193,0.0158,0.0218,0.726,0.4663,0.5463,-0.08,L2
1买,KDJ_D小于30 + RSI6大于50,3285,0.3052,0.3279,0.931,0.5285,0.5463,-0.0178,L2
1买,KDJ_D小于30 + RSI金叉,6685,0.6412,0.6431,0.997,0.5455,0.5463,-0.0007,L2
1买,KDJ_D小于30 + RSI6超卖,7944,0.7662,0.7591,1.009,0.5486,0.5463,0.0023,L2
1买,KDJ_D小于30 + RSI底背离,4102,0.3713,0.4213,0.881,0.5149,0.5463,-0.0314,L2
1买,KDJ_D小于30 + 威科夫得分大于4,152,0.0116,0.0182,0.637,0.4342,0.5463,-0.1121,L2
1买,KDJ_D小于30 + 积累阶段,1936,0.1501,0.229,0.656,0.4411,0.5463,-0.1052,L2
1买,KDJ_D小于30 + 威科夫B3弹簧,58,0.004,0.0074,0.546,0.3966,0.5463,-0.1497,L2
1买,KDJ_D小于30 + 黄金柱,239,0.0218,0.0243,0.896,0.5188,0.5463,-0.0275,L2
1买,KDJ_D小于30 + 量能金叉,2092,0.227,0.1696,1.339,0.6171,0.5463,0.0708,L2
1买,KDJ_D小于30 + 六脉红灯大于5,5318,0.4998,0.5239,0.954,0.5346,0.5463,-0.0117,L2
1买,KDJ_D小于30 + 六脉红灯大于6,3079,0.2853,0.3082,0.926,0.5271,0.5463,-0.0192,L2
1买,KDJ_D小于30 + 六脉6红首发,3079,0.2853,0.3082,0.926,0.5271,0.5463,-0.0192,L2
1买,KDJ_D小于30 + 六脉5红首发,5318,0.4998,0.5239,0.954,0.5346,0.5463,-0.0117,L2
1买,KDJ_D小于30 + 偏多共振,235,0.0253,0.0193,1.314,0.6128,0.5463,0.0665,L2
1买,KDJ_D小于30 + 多头共振,234,0.0253,0.0191,1.329,0.6154,0.5463,0.0691,L2
1买,KDJ_D小于30 + 火箭信号,526,0.0592,0.04,1.481,0.6407,0.5463,0.0944,L2
1买,KDJ_D小于30 + 二连板,60,0.0074,0.0038,1.938,0.7,0.5463,0.1537,L2
1买,KDJ_D小于30 + 极限抄底,920,0.1173,0.0536,2.19,0.725,0.5463,0.1787,L2
1买,KDJ_D小于30 + 中枢进机会区,3176,0.3228,0.2837,1.138,0.5781,0.5463,0.0318,L2
1买,KDJ_D小于30 + 中枢极限底,5391,0.5357,0.4962,1.08,0.5652,0.5463,0.0189,L2
1买,KDJ_D小于30 + 中枢上穿中轴,822,0.0851,0.0715,1.189,0.5888,0.5463,0.0425,L2
1买,KDJ_D小于30 + 中枢底部蓄力,7640,0.7129,0.7589,0.939,0.5308,0.5463,-0.0155,L2
1买,KDJ_D小于30 + 中枢底部回升,8270,0.7955,0.7928,1.003,0.5472,0.5463,0.0009,L2
1买,KDJ_D小于30 + 大盘多头,1080,0.0663,0.1488,0.445,0.3491,0.5463,-0.1972,L2
1买,KDJ_D小于30 + 大盘空头,5148,0.4912,0.4983,0.986,0.5427,0.5463,-0.0036,L2
1买,KDJ_D小于30 + 大盘安全,2830,0.2324,0.3192,0.728,0.4671,0.5463,-0.0792,L2
1买,KDJ_D小于30 + SID等于1,1080,0.0663,0.1488,0.445,0.3491,0.5463,-0.1972,L2
1买,KDJ_D小于30 + SID等于2,4984,0.4745,0.4837,0.981,0.5415,0.5463,-0.0048,L2
1买,KDJ_D小于30 + SID小于等于2,5222,0.4873,0.5186,0.94,0.5308,0.5463,-0.0155,L2
1买,KDJ_D小于30 + 大盘5日上涨,4893,0.4353,0.5116,0.851,0.506,0.5463,-0.0403,L2
1买,KDJ_D小于30 + 相对强弱大于0,2453,0.2254,0.2479,0.909,0.5226,0.5463,-0.0237,L2
1买,KDJ_D小于30 + 相对强弱大于5,413,0.0383,0.0413,0.928,0.5278,0.5463,-0.0184,L2
1买,KDJ_D小于30 + 量比>=1.3,2226,0.2489,0.1715,1.452,0.6361,0.5463,0.0898,L2
1买,KDJ_D小于30 + 量比>=2,333,0.0338,0.0298,1.131,0.5766,0.5463,0.0303,L2
1买,KDJ_D小于30 + 距前高<=10%,206,0.0171,0.0231,0.739,0.4709,0.5463,-0.0754,L2
1买,KDJ_D小于30 + 深跌(距前高>40%),582,0.0672,0.0423,1.586,0.6564,0.5463,0.1101,L2
1买,KDJ_D小于30 + 距前低<=10%,7248,0.6514,0.75,0.868,0.5112,0.5463,-0.0351,L2
1买,KDJ_D小于30 + 相对强弱>=0,431,0.0392,0.044,0.89,0.5174,0.5463,-0.0289,L2
1买,RSI6大于50 + RSI金叉,4442,0.4037,0.4543,0.889,0.5169,0.5463,-0.0294,L2
1买,RSI6大于50 + RSI6超卖,3820,0.3493,0.388,0.9,0.5202,0.5463,-0.0261,L2
1买,RSI6大于50 + RSI底背离,2522,0.2296,0.2574,0.892,0.5178,0.5463,-0.0284,L2
1买,RSI6大于50 + 威科夫得分大于4,279,0.022,0.0326,0.674,0.448,0.5463,-0.0983,L2
1买,RSI6大于50 + 威科夫得分大于7,112,0.0095,0.0123,0.773,0.4821,0.5463,-0.0641,L2
1买,RSI6大于50 + 积累阶段,1696,0.1326,0.1994,0.665,0.4446,0.5463,-0.1017,L2
1买,RSI6大于50 + 威科夫B3弹簧,68,0.0055,0.0078,0.696,0.4559,0.5463,-0.0904,L2
1买,RSI6大于50 + 威科夫B1突破,57,0.0044,0.0068,0.649,0.4386,0.5463,-0.1077,L2
1买,RSI6大于50 + 黄金柱,326,0.0295,0.0334,0.883,0.5153,0.5463,-0.031,L2
1买,RSI6大于50 + 量能金叉,1403,0.1334,0.1363,0.979,0.541,0.5463,-0.0053,L2
1买,RSI6大于50 + 六脉红灯大于5,4340,0.394,0.4443,0.887,0.5164,0.5463,-0.0299,L2
1买,RSI6大于50 + 六脉红灯大于6,4017,0.3639,0.4122,0.883,0.5153,0.5463,-0.031,L2
1买,RSI6大于50 + 六脉6红首发,4017,0.3639,0.4122,0.883,0.5153,0.5463,-0.031,L2
1买,RSI6大于50 + 六脉5红首发,4340,0.394,0.4443,0.887,0.5164,0.5463,-0.0299,L2
1买,RSI6大于50 + 偏多共振,151,0.012,0.0176,0.68,0.4503,0.5463,-0.096,L2
1买,RSI6大于50 + 多头共振,151,0.012,0.0176,0.68,0.4503,0.5463,-0.096,L2
1买,RSI6大于50 + 火箭信号,563,0.0603,0.0466,1.295,0.6092,0.5463,0.0629,L2
1买,RSI6大于50 + 二连板,70,0.0084,0.0047,1.812,0.6857,0.5463,0.1394,L2
1买,RSI6大于50 + 极限抄底,133,0.0151,0.0099,1.52,0.6466,0.5463,0.1003,L2
1买,RSI6大于50 + 中枢进机会区,1903,0.1753,0.1918,0.914,0.5239,0.5463,-0.0224,L2
1买,RSI6大于50 + 中枢极限底,2506,0.2243,0.2604,0.862,0.5092,0.5463,-0.0371,L2
1买,RSI6大于50 + 中枢上穿中轴,1411,0.1371,0.1336,1.027,0.5528,0.5463,0.0065,L2
1买,RSI6大于50 + 中枢底部蓄力,3671,0.3295,0.3804,0.866,0.5105,0.5463,-0.0358,L2
1买,RSI6大于50 + 中枢底部回升,4292,0.3887,0.4405,0.882,0.5151,0.5463,-0.0311,L2
1买,RSI6大于50 + 大盘多头,668,0.0392,0.0942,0.416,0.3338,0.5463,-0.2125,L2
1买,RSI6大于50 + 大盘空头,3148,0.3047,0.2995,1.017,0.5505,0.5463,0.0042,L2
1买,RSI6大于50 + 大盘安全,1897,0.1503,0.2206,0.681,0.4507,0.5463,-0.0956,L2
1买,RSI6大于50 + SID等于1,668,0.0392,0.0942,0.416,0.3338,0.5463,-0.2125,L2
1买,RSI6大于50 + SID等于2,2437,0.2068,0.2669,0.775,0.4826,0.5463,-0.0637,L2
1买,RSI6大于50 + SID小于等于2,2610,0.2166,0.2917,0.743,0.472,0.5463,-0.0743,L2
1买,RSI6大于50 + 大盘5日上涨,3083,0.266,0.3323,0.8,0.4908,0.5463,-0.0555,L2
1买,RSI6大于50 + 相对强弱大于0,2838,0.2576,0.2906,0.886,0.5162,0.5463,-0.0301,L2
1买,RSI6大于50 + 相对强弱大于5,719,0.0659,0.0728,0.905,0.5216,0.5463,-0.0247,L2
1买,RSI6大于50 + 量比>=1.3,1266,0.1234,0.1194,1.034,0.5545,0.5463,0.0082,L2
1买,RSI6大于50 + 量比>=2,242,0.0234,0.0231,1.013,0.5496,0.5463,0.0033,L2
1买,RSI6大于50 + 距前高<=10%,293,0.026,0.0307,0.848,0.5051,0.5463,-0.0412,L2
1买,RSI6大于50 + 深跌(距前高>40%),168,0.0169,0.0152,1.107,0.5714,0.5463,0.0251,L2
1买,RSI6大于50 + 距前低<=10%,4065,0.3629,0.4236,0.857,0.5077,0.5463,-0.0385,L2
1买,RSI6大于50 + 相对强弱>=0,683,0.0633,0.0684,0.926,0.5271,0.5463,-0.0192,L2
1买,RSI6大于50 + 相对强弱>=5,58,0.0056,0.0055,1.022,0.5517,0.5463,0.0054,L2
1买,RSI金叉 + RSI6超卖,7520,0.7189,0.7263,0.99,0.5437,0.5463,-0.0025,L2
1买,RSI金叉 + RSI底背离,4418,0.4028,0.4503,0.895,0.5186,0.5463,-0.0277,L2
1买,RSI金叉 + 威科夫得分大于4,310,0.0248,0.0358,0.693,0.4548,0.5463,-0.0915,L2
1买,RSI金叉 + 威科夫得分大于7,109,0.0097,0.0114,0.846,0.5046,0.5463,-0.0417,L2
1买,RSI金叉 + 积累阶段,2408,0.1893,0.2818,0.672,0.4473,0.5463,-0.099,L2
1买,RSI金叉 + 威科夫B3弹簧,85,0.0063,0.0104,0.61,0.4235,0.5463,-0.1228,L2
1买,RSI金叉 + 威科夫B1突破,57,0.0044,0.0068,0.649,0.4386,0.5463,-0.1077,L2
1买,RSI金叉 + 黄金柱,329,0.0295,0.0341,0.867,0.5106,0.5463,-0.0357,L2
1买,RSI金叉 + 量能金叉,2212,0.2307,0.1905,1.211,0.5931,0.5463,0.0468,L2
1买,RSI金叉 + 六脉红灯大于5,6451,0.5981,0.6454,0.927,0.5274,0.5463,-0.0189,L2
1买,RSI金叉 + 六脉红灯大于6,4037,0.3667,0.413,0.888,0.5167,0.5463,-0.0296,L2
1买,RSI金叉 + 六脉6红首发,4037,0.3667,0.413,0.888,0.5167,0.5463,-0.0296,L2
1买,RSI金叉 + 六脉5红首发,6451,0.5981,0.6454,0.927,0.5274,0.5463,-0.0189,L2
1买,RSI金叉 + 偏多共振,190,0.0164,0.0205,0.796,0.4895,0.5463,-0.0568,L2
1买,RSI金叉 + 多头共振,190,0.0164,0.0205,0.796,0.4895,0.5463,-0.0568,L2
1买,RSI金叉 + 火箭信号,667,0.0731,0.0531,1.376,0.6237,0.5463,0.0774,L2
1买,RSI金叉 + 二连板,74,0.0091,0.0047,1.963,0.7027,0.5463,0.1564,L2
1买,RSI金叉 + 二次涨停,55,0.0055,0.0051,1.073,0.5636,0.5463,0.0173,L2
1买,RSI金叉 + 极限抄底,635,0.0812,0.0366,2.218,0.7276,0.5463,0.1813,L2
1买,RSI金叉 + 中枢进机会区,3341,0.3268,0.3137,1.042,0.5564,0.5463,0.0101,L2
1买,RSI金叉 + 中枢极限底,4957,0.477,0.475,1.004,0.5473,0.5463,0.001,L2
1买,RSI金叉 + 中枢上穿中轴,1447,0.1428,0.1344,1.062,0.5612,0.5463,0.0149,L2
1买,RSI金叉 + 中枢底部蓄力,7064,0.6565,0.7049,0.931,0.5286,0.5463,-0.0177,L2
1买,RSI金叉 + 中枢底部回升,8060,0.763,0.7875,0.969,0.5385,0.5463,-0.0078,L2
1买,RSI金叉 + 大盘多头,1091,0.0659,0.1516,0.435,0.3437,0.5463,-0.2026,L2
1买,RSI金叉 + 大盘空头,5460,0.526,0.5224,1.007,0.548,0.5463,0.0017,L2
1买,RSI金叉 + 大盘安全,3127,0.2604,0.3484,0.747,0.4736,0.5463,-0.0727,L2
1买,RSI金叉 + SID等于1,1091,0.0659,0.1516,0.435,0.3437,0.5463,-0.2026,L2
1买,RSI金叉 + SID等于2,4797,0.448,0.4761,0.941,0.5312,0.5463,-0.0151,L2
1买,RSI金叉 + SID小于等于2,5059,0.4631,0.5133,0.902,0.5207,0.5463,-0.0256,L2
1买,RSI金叉 + 大盘5日上涨,5232,0.4696,0.5421,0.866,0.5105,0.5463,-0.0358,L2
1买,RSI金叉 + 相对强弱大于0,3428,0.3138,0.3478,0.902,0.5207,0.5463,-0.0256,L2
1买,RSI金叉 + 相对强弱大于5,725,0.0679,0.0718,0.946,0.5324,0.5463,-0.0139,L2
1买,RSI金叉 + 量比>=1.3,2349,0.2547,0.1905,1.337,0.6169,0.5463,0.0706,L2
1买,RSI金叉 + 量比>=2,364,0.0371,0.0324,1.145,0.5797,0.5463,0.0334,L2
1买,RSI金叉 + 距前高<=10%,361,0.0313,0.0387,0.808,0.4931,0.5463,-0.0532,L2
1买,RSI金叉 + 深跌(距前高>40%),512,0.0603,0.0358,1.686,0.6699,0.5463,0.1236,L2
1买,RSI金叉 + 距前低<=10%,7212,0.6464,0.7483,0.864,0.5098,0.5463,-0.0364,L2
1买,RSI金叉 + 相对强弱>=0,823,0.0761,0.0826,0.922,0.5261,0.5463,-0.0202,L2
1买,RSI金叉 + 相对强弱>=5,57,0.0055,0.0055,0.99,0.5439,0.5463,-0.0024,L2
1买,RSI6超卖 + RSI底背离,4602,0.4156,0.4738,0.877,0.5137,0.5463,-0.0326,L2
1买,RSI6超卖 + 威科夫得分大于4,345,0.0299,0.037,0.807,0.4928,0.5463,-0.0535,L2
1买,RSI6超卖 + 威科夫得分大于7,108,0.0097,0.0112,0.862,0.5093,0.5463,-0.037,L2
1买,RSI6超卖 + 积累阶段,2363,0.1828,0.2801,0.653,0.4401,0.5463,-0.1062,L2
1买,RSI6超卖 + 威科夫B3弹簧,72,0.0053,0.0089,0.593,0.4167,0.5463,-0.1296,L2
1买,RSI6超卖 + 黄金柱,246,0.0218,0.0258,0.844,0.5041,0.5463,-0.0422,L2
1买,RSI6超卖 + 量能金叉,2426,0.2602,0.2003,1.299,0.6101,0.5463,0.0638,L2
1买,RSI6超卖 + 六脉红灯大于5,5837,0.5445,0.58,0.939,0.5306,0.5463,-0.0157,L2
1买,RSI6超卖 + 六脉红灯大于6,3466,0.3175,0.3514,0.904,0.5211,0.5463,-0.0252,L2
1买,RSI6超卖 + 六脉6红首发,3466,0.3175,0.3514,0.904,0.5211,0.5463,-0.0252,L2
1买,RSI6超卖 + 六脉5红首发,5837,0.5445,0.58,0.939,0.5306,0.5463,-0.0157,L2
1买,RSI6超卖 + 偏多共振,404,0.0462,0.0298,1.549,0.651,0.5463,0.1047,L2
1买,RSI6超卖 + 多头共振,402,0.0461,0.0296,1.554,0.6517,0.5463,0.1054,L2
1买,RSI6超卖 + 火箭信号,626,0.0696,0.0487,1.43,0.6326,0.5463,0.0863,L2
1买,RSI6超卖 + 二连板,70,0.0084,0.0047,1.812,0.6857,0.5463,0.1394,L2
1买,RSI6超卖 + 二次涨停,53,0.0055,0.0047,1.17,0.5849,0.5463,0.0386,L2
1买,RSI6超卖 + 极限抄底,976,0.1246,0.0565,2.205,0.7264,0.5463,0.1801,L2
1买,RSI6超卖 + 中枢进机会区,4173,0.4279,0.3681,1.162,0.5833,0.5463,0.037,L2
1买,RSI6超卖 + 中枢极限底,6068,0.6021,0.5595,1.076,0.5644,0.5463,0.0181,L2
1买,RSI6超卖 + 中枢上穿中轴,1218,0.122,0.1109,1.1,0.5698,0.5463,0.0235,L2
1买,RSI6超卖 + 中枢底部蓄力,7983,0.7405,0.7983,0.928,0.5276,0.5463,-0.0187,L2
1买,RSI6超卖 + 中枢底部回升,9294,0.9023,0.881,1.024,0.5522,0.5463,0.0059,L2
1买,RSI6超卖 + 大盘多头,1211,0.0731,0.1683,0.435,0.3435,0.5463,-0.2028,L2
1买,RSI6超卖 + 大盘空头,5732,0.5415,0.5614,0.965,0.5373,0.5463,-0.009,L2
1买,RSI6超卖 + 大盘安全,3228,0.26,0.3702,0.702,0.4582,0.5463,-0.0881,L2
1买,RSI6超卖 + SID等于1,1211,0.0731,0.1683,0.435,0.3435,0.5463,-0.2028,L2
1买,RSI6超卖 + SID等于2,5864,0.565,0.561,1.007,0.5481,0.5463,0.0018,L2
1买,RSI6超卖 + SID小于等于2,6123,0.5802,0.5976,0.971,0.539,0.5463,-0.0073,L2
1买,RSI6超卖 + 大盘5日上涨,5445,0.4836,0.5703,0.848,0.5052,0.5463,-0.0411,L2
1买,RSI6超卖 + 相对强弱大于0,3189,0.2964,0.3182,0.932,0.5287,0.5463,-0.0176,L2
1买,RSI6超卖 + 相对强弱大于5,578,0.0547,0.0565,0.967,0.5381,0.5463,-0.0082,L2
1买,RSI6超卖 + 量比>=1.3,2612,0.2904,0.2032,1.429,0.6325,0.5463,0.0862,L2
1买,RSI6超卖 + 量比>=2,386,0.0389,0.0349,1.112,0.5725,0.5463,0.0262,L2
1买,RSI6超卖 + 距前高<=10%,349,0.0294,0.0385,0.762,0.4785,0.5463,-0.0678,L2
1买,RSI6超卖 + 深跌(距前高>40%),596,0.0687,0.0434,1.584,0.656,0.5463,0.1097,L2
1买,RSI6超卖 + 距前低<=10%,8197,0.7433,0.8402,0.885,0.5158,0.5463,-0.0305,L2
1买,RSI6超卖 + 相对强弱>=0,645,0.0577,0.0671,0.859,0.5085,0.5463,-0.0378,L2
1买,RSI底背离 + 威科夫得分大于4,144,0.0102,0.0182,0.56,0.4028,0.5463,-0.1435,L2
1买,RSI底背离 + 积累阶段,1565,0.121,0.1856,0.652,0.4396,0.5463,-0.1067,L2
1买,RSI底背离 + 威科夫B3弹簧,65,0.0044,0.0085,0.519,0.3846,0.5463,-0.1617,L2
1买,RSI底背离 + 黄金柱,220,0.0195,0.0231,0.846,0.5045,0.5463,-0.0417,L2
1买,RSI底背离 + 量能金叉,1093,0.1051,0.1048,1.003,0.5471,0.5463,0.0008,L2
1买,RSI底背离 + 六脉红灯大于5,3725,0.339,0.3804,0.891,0.5176,0.5463,-0.0287,L2
1买,RSI底背离 + 六脉红灯大于6,2375,0.2164,0.2422,0.894,0.5183,0.5463,-0.028,L2
1买,RSI底背离 + 六脉6红首发,2375,0.2164,0.2422,0.894,0.5183,0.5463,-0.028,L2
1买,RSI底背离 + 六脉5红首发,3725,0.339,0.3804,0.891,0.5176,0.5463,-0.0287,L2
1买,RSI底背离 + 偏多共振,75,0.0076,0.0068,1.116,0.5733,0.5463,0.027,L2
1买,RSI底背离 + 多头共振,75,0.0076,0.0068,1.116,0.5733,0.5463,0.027,L2
1买,RSI底背离 + 火箭信号,369,0.039,0.0311,1.254,0.6016,0.5463,0.0553,L2
1买,RSI底背离 + 极限抄底,287,0.0322,0.022,1.461,0.6376,0.5463,0.0913,L2
1买,RSI底背离 + 中枢进机会区,2073,0.1906,0.2094,0.91,0.5229,0.5463,-0.0234,L2
1买,RSI底背离 + 中枢极限底,3279,0.2906,0.3442,0.844,0.5041,0.5463,-0.0422,L2
1买,RSI底背离 + 中枢上穿中轴,623,0.0601,0.0595,1.011,0.549,0.5463,0.0027,L2
1买,RSI底背离 + 中枢底部蓄力,4575,0.4065,0.479,0.849,0.5054,0.5463,-0.0409,L2
1买,RSI底背离 + 中枢底部回升,4930,0.4437,0.5093,0.871,0.512,0.5463,-0.0343,L2
1买,RSI底背离 + 大盘多头,719,0.0382,0.1063,0.359,0.3018,0.5463,-0.2445,L2
1买,RSI底背离 + 大盘空头,3627,0.3551,0.3402,1.044,0.5569,0.5463,0.0106,L2
1买,RSI底背离 + 大盘安全,2069,0.163,0.2417,0.674,0.448,0.5463,-0.0983,L2
1买,RSI底背离 + SID等于1,719,0.0382,0.1063,0.359,0.3018,0.5463,-0.2445,L2
1买,RSI底背离 + SID等于2,2696,0.2171,0.3093,0.702,0.4581,0.5463,-0.0882,L2
1买,RSI底背离 + SID小于等于2,2878,0.2266,0.3364,0.674,0.4479,0.5463,-0.0984,L2
1买,RSI底背离 + 大盘5日上涨,3608,0.323,0.3749,0.861,0.5091,0.5463,-0.0371,L2
1买,RSI底背离 + 相对强弱大于0,2154,0.1999,0.2153,0.929,0.5279,0.5463,-0.0184,L2
1买,RSI底背离 + 相对强弱大于5,405,0.0362,0.0421,0.86,0.5086,0.5463,-0.0377,L2
1买,RSI底背离 + 量比>=1.3,1146,0.1104,0.1097,1.007,0.548,0.5463,0.0017,L2
1买,RSI底背离 + 量比>=2,175,0.0153,0.0186,0.821,0.4971,0.5463,-0.0491,L2
1买,RSI底背离 + 距前高<=10%,149,0.0109,0.0184,0.592,0.4161,0.5463,-0.1302,L2
1买,RSI底背离 + 深跌(距前高>40%),323,0.0353,0.0258,1.368,0.6223,0.5463,0.076,L2
1买,RSI底背离 + 距前低<=10%,4637,0.4065,0.4922,0.826,0.4986,0.5463,-0.0477,L2
1买,RSI底背离 + 相对强弱>=0,483,0.0432,0.0502,0.862,0.5093,0.5463,-0.037,L2
1买,威科夫得分大于4 + 威科夫得分大于7,158,0.0144,0.0161,0.896,0.519,0.5463,-0.0273,L2
1买,威科夫得分大于4 + 积累阶段,177,0.0116,0.0235,0.494,0.3729,0.5463,-0.1734,L2
1买,威科夫得分大于4 + 量能金叉,142,0.0116,0.0161,0.721,0.4648,0.5463,-0.0815,L2
1买,威科夫得分大于4 + 六脉红灯大于5,241,0.0188,0.0284,0.663,0.444,0.5463,-0.1023,L2
1买,威科夫得分大于4 + 六脉红灯大于6,213,0.0155,0.0265,0.585,0.4131,0.5463,-0.1331,L2
1买,威科夫得分大于4 + 六脉6红首发,213,0.0155,0.0265,0.585,0.4131,0.5463,-0.1331,L2
1买,威科夫得分大于4 + 六脉5红首发,241,0.0188,0.0284,0.663,0.444,0.5463,-0.1023,L2
1买,威科夫得分大于4 + 偏多共振,187,0.0174,0.0186,0.934,0.5294,0.5463,-0.0169,L2
1买,威科夫得分大于4 + 多头共振,186,0.0174,0.0184,0.945,0.5323,0.5463,-0.014,L2
1买,威科夫得分大于4 + 火箭信号,75,0.0067,0.0078,0.853,0.5067,0.5463,-0.0396,L2
1买,威科夫得分大于4 + 中枢进机会区,337,0.0297,0.0356,0.835,0.5015,0.5463,-0.0448,L2
1买,威科夫得分大于4 + 中枢极限底,221,0.0202,0.0224,0.901,0.5204,0.5463,-0.0259,L2
1买,威科夫得分大于4 + 中枢上穿中轴,200,0.0164,0.0227,0.722,0.465,0.5463,-0.0813,L2
1买,威科夫得分大于4 + 中枢底部蓄力,193,0.0148,0.0231,0.64,0.4352,0.5463,-0.1111,L2
1买,威科夫得分大于4 + 中枢底部回升,392,0.0331,0.0432,0.765,0.4796,0.5463,-0.0667,L2
1买,威科夫得分大于4 + 大盘多头,135,0.0083,0.0186,0.444,0.3481,0.5463,-0.1981,L2
1买,威科夫得分大于4 + 大盘空头,163,0.0114,0.0207,0.551,0.3988,0.5463,-0.1475,L2
1买,威科夫得分大于4 + 大盘安全,193,0.0116,0.0269,0.432,0.342,0.5463,-0.2043,L2
1买,威科夫得分大于4 + SID等于1,135,0.0083,0.0186,0.444,0.3481,0.5463,-0.1981,L2
1买,威科夫得分大于4 + SID等于2,340,0.0308,0.0349,0.881,0.5147,0.5463,-0.0316,L2
1买,威科夫得分大于4 + SID小于等于2,384,0.0331,0.0415,0.797,0.4896,0.5463,-0.0567,L2
1买,威科夫得分大于4 + 大盘5日上涨,266,0.0176,0.0351,0.5,0.3759,0.5463,-0.1704,L2
1买,威科夫得分大于4 + 相对强弱大于0,330,0.0292,0.0347,0.841,0.503,0.5463,-0.0433,L2
1买,威科夫得分大于4 + 相对强弱大于5,149,0.0135,0.0152,0.888,0.5168,0.5463,-0.0295,L2
1买,威科夫得分大于4 + 量比>=1.3,122,0.0111,0.0125,0.887,0.5164,0.5463,-0.0299,L2
1买,威科夫得分大于4 + 距前高<=10%,73,0.0065,0.0076,0.854,0.5068,0.5463,-0.0394,L2
1买,威科夫得分大于4 + 距前低<=10%,323,0.0265,0.0364,0.729,0.4675,0.5463,-0.0788,L2
1买,威科夫得分大于4 + 相对强弱>=0,101,0.0102,0.0091,1.12,0.5743,0.5463,0.028,L2
1买,威科夫得分大于7 + 量能金叉,52,0.0047,0.0053,0.897,0.5192,0.5463,-0.0271,L2
1买,威科夫得分大于7 + 六脉红灯大于5,95,0.0083,0.0102,0.813,0.4947,0.5463,-0.0516,L2
1买,威科夫得分大于7 + 六脉红灯大于6,88,0.0076,0.0095,0.794,0.4886,0.5463,-0.0577,L2
1买,威科夫得分大于7 + 六脉6红首发,88,0.0076,0.0095,0.794,0.4886,0.5463,-0.0577,L2
1买,威科夫得分大于7 + 六脉5红首发,95,0.0083,0.0102,0.813,0.4947,0.5463,-0.0516,L2
1买,威科夫得分大于7 + 偏多共振,90,0.0076,0.0099,0.76,0.4778,0.5463,-0.0685,L2
1买,威科夫得分大于7 + 多头共振,89,0.0076,0.0097,0.776,0.4831,0.5463,-0.0631,L2
1买,威科夫得分大于7 + 中枢进机会区,105,0.0098,0.0104,0.949,0.5333,0.5463,-0.013,L2
1买,威科夫得分大于7 + 中枢极限底,71,0.007,0.0066,1.072,0.5634,0.5463,0.0171,L2
1买,威科夫得分大于7 + 中枢上穿中轴,91,0.0077,0.0099,0.778,0.4835,0.5463,-0.0628,L2
1买,威科夫得分大于7 + 中枢底部蓄力,51,0.0042,0.0057,0.738,0.4706,0.5463,-0.0757,L2
1买,威科夫得分大于7 + 中枢底部回升,119,0.0109,0.0121,0.903,0.521,0.5463,-0.0253,L2
1买,威科夫得分大于7 + 大盘多头,55,0.0044,0.0064,0.692,0.4545,0.5463,-0.0917,L2
1买,威科夫得分大于7 + 大盘空头,51,0.0032,0.007,0.453,0.3529,0.5463,-0.1934,L2
1买,威科夫得分大于7 + 大盘安全,73,0.0051,0.0093,0.547,0.3973,0.5463,-0.149,L2
1买,威科夫得分大于7 + SID等于1,55,0.0044,0.0064,0.692,0.4545,0.5463,-0.0917,L2
1买,威科夫得分大于7 + SID等于2,112,0.0111,0.0104,1.068,0.5625,0.5463,0.0162,L2
1买,威科夫得分大于7 + SID小于等于2,131,0.0123,0.0129,0.953,0.5344,0.5463,-0.0119,L2
1买,威科夫得分大于7 + 大盘5日上涨,91,0.0063,0.0116,0.544,0.3956,0.5463,-0.1507,L2
1买,威科夫得分大于7 + 相对强弱大于0,128,0.0118,0.0129,0.912,0.5234,0.5463,-0.0229,L2
1买,威科夫得分大于7 + 相对强弱大于5,76,0.0074,0.0072,1.026,0.5526,0.5463,0.0063,L2
1买,威科夫得分大于7 + 量比>=1.3,52,0.0055,0.0044,1.226,0.5962,0.5463,0.0499,L2
1买,威科夫得分大于7 + 距前低<=10%,95,0.0088,0.0095,0.923,0.5263,0.5463,-0.02,L2
1买,积累阶段 + 威科夫B3弹簧,85,0.0067,0.0099,0.671,0.4471,0.5463,-0.0992,L2
1买,积累阶段 + 威科夫B1突破,57,0.0044,0.0068,0.649,0.4386,0.5463,-0.1077,L2
1买,积累阶段 + 黄金柱,157,0.0125,0.0182,0.686,0.4522,0.5463,-0.0941,L2
1买,积累阶段 + 量能金叉,635,0.0524,0.0713,0.734,0.4693,0.5463,-0.077,L2
1买,积累阶段 + 六脉红灯大于5,2015,0.1559,0.2388,0.653,0.4402,0.5463,-0.1061,L2
1买,积累阶段 + 六脉红灯大于6,1547,0.1195,0.1835,0.651,0.4396,0.5463,-0.1067,L2
1买,积累阶段 + 六脉6红首发,1547,0.1195,0.1835,0.651,0.4396,0.5463,-0.1067,L2
1买,积累阶段 + 六脉5红首发,2015,0.1559,0.2388,0.653,0.4402,0.5463,-0.1061,L2
1买,积累阶段 + 偏多共振,96,0.007,0.0119,0.593,0.4167,0.5463,-0.1296,L2
1买,积累阶段 + 多头共振,95,0.007,0.0116,0.604,0.4211,0.5463,-0.1252,L2
1买,积累阶段 + 火箭信号,167,0.0146,0.0178,0.821,0.497,0.5463,-0.0493,L2
1买,积累阶段 + 极限抄底,71,0.0056,0.0083,0.681,0.4507,0.5463,-0.0956,L2
1买,积累阶段 + 中枢进机会区,1404,0.1169,0.1564,0.747,0.4736,0.5463,-0.0726,L2
1买,积累阶段 + 中枢极限底,1685,0.1331,0.1964,0.677,0.4493,0.5463,-0.097,L2
1买,积累阶段 + 中枢上穿中轴,471,0.0364,0.0559,0.651,0.4395,0.5463,-0.1068,L2
1买,积累阶段 + 中枢底部蓄力,2319,0.1779,0.2767,0.643,0.4364,0.5463,-0.1099,L2
1买,积累阶段 + 中枢底部回升,2700,0.2113,0.3171,0.666,0.4452,0.5463,-0.1011,L2
1买,积累阶段 + 大盘多头,568,0.0322,0.0815,0.395,0.3222,0.5463,-0.2241,L2
1买,积累阶段 + 大盘空头,1749,0.15,0.1897,0.791,0.4877,0.5463,-0.0586,L2
1买,积累阶段 + 大盘安全,1100,0.0654,0.1541,0.424,0.3382,0.5463,-0.2081,L2
1买,积累阶段 + SID等于1,568,0.0322,0.0815,0.395,0.3222,0.5463,-0.2241,L2
1买,积累阶段 + SID等于2,1448,0.0951,0.192,0.495,0.3736,0.5463,-0.1727,L2
1买,积累阶段 + SID小于等于2,1616,0.1048,0.2159,0.485,0.3688,0.5463,-0.1775,L2
1买,积累阶段 + 大盘5日上涨,1955,0.1484,0.2352,0.631,0.4317,0.5463,-0.1146,L2
1买,积累阶段 + 相对强弱大于0,1501,0.1234,0.1691,0.73,0.4677,0.5463,-0.0786,L2
1买,积累阶段 + 相对强弱大于5,298,0.0236,0.0347,0.679,0.4497,0.5463,-0.0966,L2
1买,积累阶段 + 量比>=1.3,606,0.0526,0.065,0.809,0.4934,0.5463,-0.0529,L2
1买,积累阶段 + 量比>=2,117,0.0093,0.0135,0.688,0.453,0.5463,-0.0933,L2
1买,积累阶段 + 距前高<=10%,120,0.0084,0.0152,0.554,0.4,0.5463,-0.1463,L2
1买,积累阶段 + 深跌(距前高>40%),100,0.0069,0.0129,0.531,0.39,0.5463,-0.1563,L2
1买,积累阶段 + 距前低<=10%,2626,0.2029,0.3116,0.651,0.4395,0.5463,-0.1068,L2
1买,积累阶段 + 相对强弱>=0,356,0.0294,0.04,0.734,0.4691,0.5463,-0.0772,L2
1买,威科夫B3弹簧 + 六脉红灯大于5,78,0.0063,0.0089,0.712,0.4615,0.5463,-0.0848,L2
1买,威科夫B3弹簧 + 六脉红灯大于6,66,0.0053,0.0076,0.692,0.4545,0.5463,-0.0917,L2
1买,威科夫B3弹簧 + 六脉6红首发,66,0.0053,0.0076,0.692,0.4545,0.5463,-0.0917,L2
1买,威科夫B3弹簧 + 六脉5红首发,78,0.0063,0.0089,0.712,0.4615,0.5463,-0.0848,L2
1买,威科夫B3弹簧 + 中枢极限底,58,0.0039,0.0076,0.508,0.3793,0.5463,-0.167,L2
1买,威科夫B3弹簧 + 中枢底部蓄力,83,0.0063,0.0099,0.636,0.4337,0.5463,-0.1126,L2
1买,威科夫B3弹簧 + 中枢底部回升,88,0.0069,0.0104,0.661,0.4432,0.5463,-0.1031,L2
1买,威科夫B3弹簧 + 大盘空头,63,0.0049,0.0074,0.664,0.4444,0.5463,-0.1018,L2
1买,威科夫B3弹簧 + SID小于等于2,52,0.0037,0.0066,0.563,0.4038,0.5463,-0.1424,L2
1买,威科夫B3弹簧 + 大盘5日上涨,80,0.0056,0.0102,0.554,0.4,0.5463,-0.1463,L2
1买,威科夫B3弹簧 + 相对强弱大于0,52,0.0039,0.0064,0.609,0.4231,0.5463,-0.1232,L2
1买,威科夫B3弹簧 + 距前低<=10%,85,0.0062,0.0106,0.581,0.4118,0.5463,-0.1345,L2
1买,威科夫B1突破 + 六脉红灯大于5,57,0.0044,0.0068,0.649,0.4386,0.5463,-0.1077,L2
1买,威科夫B1突破 + 六脉红灯大于6,57,0.0044,0.0068,0.649,0.4386,0.5463,-0.1077,L2
1买,威科夫B1突破 + 六脉6红首发,57,0.0044,0.0068,0.649,0.4386,0.5463,-0.1077,L2
1买,威科夫B1突破 + 六脉5红首发,57,0.0044,0.0068,0.649,0.4386,0.5463,-0.1077,L2
1买,威科夫B1突破 + 中枢上穿中轴,50,0.004,0.0057,0.707,0.46,0.5463,-0.0863,L2
1买,威科夫B1突破 + 中枢底部回升,54,0.0044,0.0061,0.716,0.463,0.5463,-0.0833,L2
1买,威科夫B1突破 + 相对强弱大于0,57,0.0044,0.0068,0.649,0.4386,0.5463,-0.1077,L2
1买,威科夫B1突破 + 距前低<=10%,53,0.0044,0.0059,0.742,0.4717,0.5463,-0.0746,L2
1买,黄金柱 + 量能金叉,131,0.0121,0.0131,0.924,0.5267,0.5463,-0.0196,L2
1买,黄金柱 + 六脉红灯大于5,331,0.0297,0.0343,0.866,0.5106,0.5463,-0.0357,L2
1买,黄金柱 + 六脉红灯大于6,316,0.0287,0.0324,0.885,0.5158,0.5463,-0.0305,L2
1买,黄金柱 + 六脉6红首发,316,0.0287,0.0324,0.885,0.5158,0.5463,-0.0305,L2
1买,黄金柱 + 六脉5红首发,331,0.0297,0.0343,0.866,0.5106,0.5463,-0.0357,L2
1买,黄金柱 + 火箭信号,59,0.0049,0.0066,0.75,0.4746,0.5463,-0.0717,L2
1买,黄金柱 + 中枢进机会区,155,0.0127,0.0176,0.72,0.4645,0.5463,-0.0818,L2
1买,黄金柱 + 中枢极限底,192,0.0167,0.0205,0.813,0.4948,0.5463,-0.0515,L2
1买,黄金柱 + 中枢上穿中轴,118,0.0111,0.0116,0.951,0.5339,0.5463,-0.0124,L2
1买,黄金柱 + 中枢底部蓄力,283,0.0251,0.0296,0.848,0.5053,0.5463,-0.041,L2
1买,黄金柱 + 中枢底部回升,321,0.0285,0.0337,0.846,0.5047,0.5463,-0.0416,L2
1买,黄金柱 + 大盘多头,63,0.0039,0.0087,0.446,0.3492,0.5463,-0.1971,L2
1买,黄金柱 + 大盘空头,215,0.0206,0.0207,0.992,0.5442,0.5463,-0.0021,L2
1买,黄金柱 + 大盘安全,139,0.0091,0.0184,0.496,0.3741,0.5463,-0.1722,L2
1买,黄金柱 + SID等于1,63,0.0039,0.0087,0.446,0.3492,0.5463,-0.1971,L2
1买,黄金柱 + SID等于2,165,0.0123,0.0201,0.612,0.4242,0.5463,-0.1221,L2
1买,黄金柱 + SID小于等于2,189,0.0137,0.0235,0.584,0.4127,0.5463,-0.1336,L2
1买,黄金柱 + 大盘5日上涨,242,0.0202,0.0269,0.752,0.4752,0.5463,-0.0711,L2
1买,黄金柱 + 相对强弱大于0,273,0.0255,0.0271,0.941,0.5311,0.5463,-0.0152,L2
1买,黄金柱 + 相对强弱大于5,108,0.01,0.0108,0.928,0.5278,0.5463,-0.0185,L2
1买,黄金柱 + 量比>=1.3,88,0.0076,0.0095,0.794,0.4886,0.5463,-0.0577,L2
1买,黄金柱 + 距前低<=10%,310,0.0274,0.0326,0.841,0.5032,0.5463,-0.0431,L2
1买,黄金柱 + 相对强弱>=0,80,0.0083,0.007,1.183,0.5875,0.5463,0.0412,L2
1买,量能金叉 + 六脉红灯大于5,1760,0.1763,0.1602,1.1,0.5699,0.5463,0.0236,L2
1买,量能金叉 + 六脉红灯大于6,1318,0.1255,0.1279,0.982,0.5417,0.5463,-0.0046,L2
1买,量能金叉 + 六脉6红首发,1318,0.1255,0.1279,0.982,0.5417,0.5463,-0.0046,L2
1买,量能金叉 + 六脉5红首发,1760,0.1763,0.1602,1.1,0.5699,0.5463,0.0236,L2
1买,量能金叉 + 偏多共振,97,0.0114,0.0068,1.687,0.6701,0.5463,0.1238,L2
1买,量能金叉 + 多头共振,97,0.0114,0.0068,1.687,0.6701,0.5463,0.1238,L2
1买,量能金叉 + 火箭信号,337,0.0369,0.0269,1.373,0.6231,0.5463,0.0769,L2
1买,量能金叉 + 极限抄底,336,0.0452,0.0167,2.702,0.7649,0.5463,0.2186,L2
1买,量能金叉 + 中枢进机会区,1319,0.1464,0.1029,1.424,0.6315,0.5463,0.0852,L2
1买,量能金叉 + 中枢极限底,1616,0.18,0.1253,1.437,0.6337,0.5463,0.0874,L2
1买,量能金叉 + 中枢上穿中轴,709,0.0672,0.0692,0.97,0.5388,0.5463,-0.0075,L2
1买,量能金叉 + 中枢底部蓄力,2020,0.2059,0.1797,1.146,0.5797,0.5463,0.0334,L2
1买,量能金叉 + 中枢底部回升,2524,0.2685,0.211,1.272,0.605,0.5463,0.0587,L2
1买,量能金叉 + 大盘多头,321,0.0211,0.0425,0.496,0.3738,0.5463,-0.1725,L2
1买,量能金叉 + 大盘空头,1441,0.1447,0.1308,1.106,0.5711,0.5463,0.0248,L2
1买,量能金叉 + 大盘安全,880,0.0791,0.091,0.869,0.5114,0.5463,-0.0349,L2
1买,量能金叉 + SID等于1,321,0.0211,0.0425,0.496,0.3738,0.5463,-0.1725,L2
1买,量能金叉 + SID等于2,1710,0.1886,0.1348,1.399,0.6275,0.5463,0.0812,L2
1买,量能金叉 + SID小于等于2,1801,0.1946,0.1469,1.325,0.6147,0.5463,0.0684,L2
1买,量能金叉 + 大盘5日上涨,1401,0.1275,0.1431,0.891,0.5175,0.5463,-0.0288,L2
1买,量能金叉 + 相对强弱大于0,1156,0.1104,0.1118,0.988,0.5433,0.5463,-0.003,L2
1买,量能金叉 + 相对强弱大于5,370,0.0364,0.0345,1.055,0.5595,0.5463,0.0132,L2
1买,量能金叉 + 量比>=1.3,1240,0.1414,0.0923,1.532,0.6484,0.5463,0.1021,L2
1买,量能金叉 + 量比>=2,272,0.0287,0.0231,1.242,0.5993,0.5463,0.053,L2
1买,量能金叉 + 距前高<=10%,153,0.013,0.0167,0.778,0.4837,0.5463,-0.0626,L2
1买,量能金叉 + 深跌(距前高>40%),175,0.0237,0.0085,2.803,0.7714,0.5463,0.2251,L2
1买,量能金叉 + 距前低<=10%,2185,0.2157,0.2028,1.064,0.5616,0.5463,0.0153,L2
1买,量能金叉 + 相对强弱>=0,263,0.0258,0.0246,1.052,0.5589,0.5463,0.0126,L2
1买,六脉红灯大于5 + 六脉红灯大于6,4073,0.3697,0.417,0.887,0.5163,0.5463,-0.03,L2
1买,六脉红灯大于5 + 六脉6红首发,4073,0.3697,0.417,0.887,0.5163,0.5463,-0.03,L2
1买,六脉红灯大于5 + 六脉5红首发,6557,0.6064,0.6579,0.922,0.526,0.5463,-0.0203,L2
1买,六脉红灯大于5 + 偏多共振,120,0.0097,0.0138,0.703,0.4583,0.5463,-0.088,L2
1买,六脉红灯大于5 + 多头共振,120,0.0097,0.0138,0.703,0.4583,0.5463,-0.088,L2
1买,六脉红灯大于5 + 火箭信号,617,0.068,0.0487,1.397,0.6272,0.5463,0.0809,L2
1买,六脉红灯大于5 + 二连板,72,0.009,0.0044,2.017,0.7083,0.5463,0.162,L2
1买,六脉红灯大于5 + 极限抄底,435,0.054,0.0271,1.992,0.7057,0.5463,0.1595,L2
1买,六脉红灯大于5 + 中枢进机会区,2355,0.2198,0.2339,0.94,0.5308,0.5463,-0.0155,L2
1买,六脉红灯大于5 + 中枢极限底,3823,0.3564,0.3802,0.937,0.5302,0.5463,-0.0161,L2
1买,六脉红灯大于5 + 中枢上穿中轴,1391,0.1371,0.1293,1.06,0.5607,0.5463,0.0145,L2
1买,六脉红灯大于5 + 中枢底部蓄力,5740,0.5265,0.5811,0.906,0.5218,0.5463,-0.0245,L2
1买,六脉红灯大于5 + 中枢底部回升,6362,0.5881,0.6387,0.921,0.5258,0.5463,-0.0205,L2
1买,六脉红灯大于5 + 大盘多头,900,0.0531,0.1266,0.419,0.3356,0.5463,-0.2107,L2
1买,六脉红灯大于5 + 大盘空头,4510,0.4402,0.4246,1.037,0.5552,0.5463,0.0089,L2
1买,六脉红灯大于5 + 大盘安全,2654,0.221,0.2957,0.747,0.4736,0.5463,-0.0727,L2
1买,六脉红灯大于5 + SID等于1,900,0.0531,0.1266,0.419,0.3356,0.5463,-0.2107,L2
1买,六脉红灯大于5 + SID等于2,3657,0.3247,0.3831,0.847,0.5051,0.5463,-0.0412,L2
1买,六脉红灯大于5 + SID小于等于2,3875,0.3368,0.4147,0.812,0.4945,0.5463,-0.0518,L2
1买,六脉红灯大于5 + 大盘5日上涨,4407,0.3908,0.4623,0.845,0.5044,0.5463,-0.0419,L2
1买,六脉红灯大于5 + 相对强弱大于0,3086,0.279,0.3173,0.879,0.5143,0.5463,-0.032,L2
1买,六脉红灯大于5 + 相对强弱大于5,688,0.0642,0.0684,0.939,0.5305,0.5463,-0.0158,L2
1买,六脉红灯大于5 + 量比>=1.3,1791,0.1864,0.1547,1.204,0.5918,0.5463,0.0456,L2
1买,六脉红灯大于5 + 量比>=2,299,0.0301,0.0271,1.11,0.5719,0.5463,0.0256,L2
1买,六脉红灯大于5 + 距前高<=10%,307,0.0271,0.0324,0.836,0.5016,0.5463,-0.0447,L2
1买,六脉红灯大于5 + 深跌(距前高>40%),427,0.0496,0.0307,1.615,0.6604,0.5463,0.1141,L2
1买,六脉红灯大于5 + 距前低<=10%,5812,0.5153,0.6099,0.845,0.5043,0.5463,-0.042,L2
1买,六脉红灯大于5 + 相对强弱>=0,742,0.0693,0.0737,0.94,0.531,0.5463,-0.0153,L2
1买,六脉红灯大于5 + 相对强弱>=5,55,0.0055,0.0051,1.073,0.5636,0.5463,0.0173,L2
1买,六脉红灯大于6 + 六脉6红首发,4073,0.3697,0.417,0.887,0.5163,0.5463,-0.03,L2
1买,六脉红灯大于6 + 六脉5红首发,4073,0.3697,0.417,0.887,0.5163,0.5463,-0.03,L2
1买,六脉红灯大于6 + 偏多共振,103,0.0083,0.0119,0.697,0.4563,0.5463,-0.09,L2
1买,六脉红灯大于6 + 多头共振,103,0.0083,0.0119,0.697,0.4563,0.5463,-0.09,L2
1买,六脉红灯大于6 + 火箭信号,533,0.0571,0.044,1.298,0.6098,0.5463,0.0635,L2
1买,六脉红灯大于6 + 二连板,67,0.0081,0.0044,1.819,0.6866,0.5463,0.1403,L2
1买,六脉红灯大于6 + 极限抄底,111,0.0125,0.0085,1.474,0.6396,0.5463,0.0933,L2
1买,六脉红灯大于6 + 中枢进机会区,1624,0.1493,0.1641,0.91,0.5228,0.5463,-0.0235,L2
1买,六脉红灯大于6 + 中枢极限底,2286,0.205,0.2371,0.865,0.5101,0.5463,-0.0362,L2
1买,六脉红灯大于6 + 中枢上穿中轴,1302,0.1271,0.1226,1.037,0.5553,0.5463,0.009,L2
1买,六脉红灯大于6 + 中枢底部蓄力,3449,0.3098,0.3571,0.867,0.5109,0.5463,-0.0354,L2
1买,六脉红灯大于6 + 中枢底部回升,3925,0.3564,0.4018,0.887,0.5164,0.5463,-0.0299,L2
1买,六脉红灯大于6 + 大盘多头,583,0.0336,0.083,0.405,0.3276,0.5463,-0.2187,L2
1买,六脉红灯大于6 + 大盘空头,2879,0.2797,0.2727,1.026,0.5526,0.5463,0.0063,L2
1买,六脉红灯大于6 + 大盘安全,1726,0.1382,0.199,0.694,0.4554,0.5463,-0.0909,L2
1买,六脉红灯大于6 + SID等于1,583,0.0336,0.083,0.405,0.3276,0.5463,-0.2187,L2
1买,六脉红灯大于6 + SID等于2,2206,0.1883,0.2403,0.784,0.4855,0.5463,-0.0608,L2
1买,六脉红灯大于6 + SID小于等于2,2350,0.1957,0.2619,0.747,0.4736,0.5463,-0.0727,L2
1买,六脉红灯大于6 + 大盘5日上涨,2803,0.2419,0.3021,0.801,0.4909,0.5463,-0.0554,L2
1买,六脉红灯大于6 + 相对强弱大于0,2590,0.2331,0.2676,0.871,0.512,0.5463,-0.0343,L2
1买,六脉红灯大于6 + 相对强弱大于5,670,0.0619,0.0673,0.919,0.5254,0.5463,-0.0209,L2
1买,六脉红灯大于6 + 量比>=1.3,1155,0.1123,0.1092,1.028,0.5532,0.5463,0.007,L2
1买,六脉红灯大于6 + 量比>=2,231,0.0222,0.0222,0.997,0.5455,0.5463,-0.0008,L2
1买,六脉红灯大于6 + 距前高<=10%,253,0.0223,0.0267,0.837,0.502,0.5463,-0.0443,L2
1买,六脉红灯大于6 + 深跌(距前高>40%),151,0.0151,0.0138,1.099,0.5695,0.5463,0.0232,L2
1买,六脉红灯大于6 + 距前低<=10%,3690,0.3277,0.3865,0.848,0.5051,0.5463,-0.0411,L2
1买,六脉红灯大于6 + 相对强弱>=0,623,0.0577,0.0624,0.923,0.5265,0.5463,-0.0198,L2
1买,六脉红灯大于6 + 相对强弱>=5,54,0.0053,0.0051,1.038,0.5556,0.5463,0.0093,L2
1买,六脉6红首发 + 六脉5红首发,4073,0.3697,0.417,0.887,0.5163,0.5463,-0.03,L2
1买,六脉6红首发 + 偏多共振,103,0.0083,0.0119,0.697,0.4563,0.5463,-0.09,L2
1买,六脉6红首发 + 多头共振,103,0.0083,0.0119,0.697,0.4563,0.5463,-0.09,L2
1买,六脉6红首发 + 火箭信号,533,0.0571,0.044,1.298,0.6098,0.5463,0.0635,L2
1买,六脉6红首发 + 二连板,67,0.0081,0.0044,1.819,0.6866,0.5463,0.1403,L2
1买,六脉6红首发 + 极限抄底,111,0.0125,0.0085,1.474,0.6396,0.5463,0.0933,L2
1买,六脉6红首发 + 中枢进机会区,1624,0.1493,0.1641,0.91,0.5228,0.5463,-0.0235,L2
1买,六脉6红首发 + 中枢极限底,2286,0.205,0.2371,0.865,0.5101,0.5463,-0.0362,L2
1买,六脉6红首发 + 中枢上穿中轴,1302,0.1271,0.1226,1.037,0.5553,0.5463,0.009,L2
1买,六脉6红首发 + 中枢底部蓄力,3449,0.3098,0.3571,0.867,0.5109,0.5463,-0.0354,L2
1买,六脉6红首发 + 中枢底部回升,3925,0.3564,0.4018,0.887,0.5164,0.5463,-0.0299,L2
1买,六脉6红首发 + 大盘多头,583,0.0336,0.083,0.405,0.3276,0.5463,-0.2187,L2
1买,六脉6红首发 + 大盘空头,2879,0.2797,0.2727,1.026,0.5526,0.5463,0.0063,L2
1买,六脉6红首发 + 大盘安全,1726,0.1382,0.199,0.694,0.4554,0.5463,-0.0909,L2
1买,六脉6红首发 + SID等于1,583,0.0336,0.083,0.405,0.3276,0.5463,-0.2187,L2
1买,六脉6红首发 + SID等于2,2206,0.1883,0.2403,0.784,0.4855,0.5463,-0.0608,L2
1买,六脉6红首发 + SID小于等于2,2350,0.1957,0.2619,0.747,0.4736,0.5463,-0.0727,L2
1买,六脉6红首发 + 大盘5日上涨,2803,0.2419,0.3021,0.801,0.4909,0.5463,-0.0554,L2
1买,六脉6红首发 + 相对强弱大于0,2590,0.2331,0.2676,0.871,0.512,0.5463,-0.0343,L2
1买,六脉6红首发 + 相对强弱大于5,670,0.0619,0.0673,0.919,0.5254,0.5463,-0.0209,L2
1买,六脉6红首发 + 量比>=1.3,1155,0.1123,0.1092,1.028,0.5532,0.5463,0.007,L2
1买,六脉6红首发 + 量比>=2,231,0.0222,0.0222,0.997,0.5455,0.5463,-0.0008,L2
1买,六脉6红首发 + 距前高<=10%,253,0.0223,0.0267,0.837,0.502,0.5463,-0.0443,L2
1买,六脉6红首发 + 深跌(距前高>40%),151,0.0151,0.0138,1.099,0.5695,0.5463,0.0232,L2
1买,六脉6红首发 + 距前低<=10%,3690,0.3277,0.3865,0.848,0.5051,0.5463,-0.0411,L2
1买,六脉6红首发 + 相对强弱>=0,623,0.0577,0.0624,0.923,0.5265,0.5463,-0.0198,L2
1买,六脉6红首发 + 相对强弱>=5,54,0.0053,0.0051,1.038,0.5556,0.5463,0.0093,L2
1买,六脉5红首发 + 偏多共振,120,0.0097,0.0138,0.703,0.4583,0.5463,-0.088,L2
1买,六脉5红首发 + 多头共振,120,0.0097,0.0138,0.703,0.4583,0.5463,-0.088,L2
1买,六脉5红首发 + 火箭信号,617,0.068,0.0487,1.397,0.6272,0.5463,0.0809,L2
1买,六脉5红首发 + 二连板,72,0.009,0.0044,2.017,0.7083,0.5463,0.162,L2
1买,六脉5红首发 + 极限抄底,435,0.054,0.0271,1.992,0.7057,0.5463,0.1595,L2
1买,六脉5红首发 + 中枢进机会区,2355,0.2198,0.2339,0.94,0.5308,0.5463,-0.0155,L2
1买,六脉5红首发 + 中枢极限底,3823,0.3564,0.3802,0.937,0.5302,0.5463,-0.0161,L2
1买,六脉5红首发 + 中枢上穿中轴,1391,0.1371,0.1293,1.06,0.5607,0.5463,0.0145,L2
1买,六脉5红首发 + 中枢底部蓄力,5740,0.5265,0.5811,0.906,0.5218,0.5463,-0.0245,L2
1买,六脉5红首发 + 中枢底部回升,6362,0.5881,0.6387,0.921,0.5258,0.5463,-0.0205,L2
1买,六脉5红首发 + 大盘多头,900,0.0531,0.1266,0.419,0.3356,0.5463,-0.2107,L2
1买,六脉5红首发 + 大盘空头,4510,0.4402,0.4246,1.037,0.5552,0.5463,0.0089,L2
1买,六脉5红首发 + 大盘安全,2654,0.221,0.2957,0.747,0.4736,0.5463,-0.0727,L2
1买,六脉5红首发 + SID等于1,900,0.0531,0.1266,0.419,0.3356,0.5463,-0.2107,L2
1买,六脉5红首发 + SID等于2,3657,0.3247,0.3831,0.847,0.5051,0.5463,-0.0412,L2
1买,六脉5红首发 + SID小于等于2,3875,0.3368,0.4147,0.812,0.4945,0.5463,-0.0518,L2
1买,六脉5红首发 + 大盘5日上涨,4407,0.3908,0.4623,0.845,0.5044,0.5463,-0.0419,L2
1买,六脉5红首发 + 相对强弱大于0,3086,0.279,0.3173,0.879,0.5143,0.5463,-0.032,L2
1买,六脉5红首发 + 相对强弱大于5,688,0.0642,0.0684,0.939,0.5305,0.5463,-0.0158,L2
1买,六脉5红首发 + 量比>=1.3,1791,0.1864,0.1547,1.204,0.5918,0.5463,0.0456,L2
1买,六脉5红首发 + 量比>=2,299,0.0301,0.0271,1.11,0.5719,0.5463,0.0256,L2
1买,六脉5红首发 + 距前高<=10%,307,0.0271,0.0324,0.836,0.5016,0.5463,-0.0447,L2
1买,六脉5红首发 + 深跌(距前高>40%),427,0.0496,0.0307,1.615,0.6604,0.5463,0.1141,L2
1买,六脉5红首发 + 距前低<=10%,5812,0.5153,0.6099,0.845,0.5043,0.5463,-0.042,L2
1买,六脉5红首发 + 相对强弱>=0,742,0.0693,0.0737,0.94,0.531,0.5463,-0.0153,L2
1买,六脉5红首发 + 相对强弱>=5,55,0.0055,0.0051,1.073,0.5636,0.5463,0.0173,L2
1买,偏多共振 + 多头共振,457,0.0499,0.0366,1.363,0.6214,0.5463,0.0752,L2
1买,偏多共振 + 火箭信号,51,0.0047,0.0051,0.934,0.5294,0.5463,-0.0169,L2
1买,偏多共振 + 中枢进机会区,389,0.045,0.0282,1.599,0.6581,0.5463,0.1118,L2
1买,偏多共振 + 中枢极限底,283,0.0345,0.0184,1.871,0.6926,0.5463,0.1463,L2
1买,偏多共振 + 中枢上穿中轴,113,0.0095,0.0125,0.76,0.4779,0.5463,-0.0684,L2
1买,偏多共振 + 中枢底部蓄力,159,0.0149,0.0157,0.954,0.5346,0.5463,-0.0117,L2
1买,偏多共振 + 中枢底部回升,408,0.0466,0.0303,1.539,0.6495,0.5463,0.1032,L2
1买,偏多共振 + 大盘多头,90,0.0055,0.0125,0.436,0.3444,0.5463,-0.2018,L2
1买,偏多共振 + 大盘空头,94,0.0058,0.0129,0.449,0.3511,0.5463,-0.1952,L2
1买,偏多共振 + 大盘安全,124,0.0069,0.018,0.381,0.3145,0.5463,-0.2318,L2
1买,偏多共振 + SID等于1,90,0.0055,0.0125,0.436,0.3444,0.5463,-0.2018,L2
1买,偏多共振 + SID等于2,391,0.0452,0.0284,1.593,0.6573,0.5463,0.111,L2
1买,偏多共振 + SID小于等于2,417,0.0471,0.0315,1.494,0.6427,0.5463,0.0964,L2
1买,偏多共振 + 大盘5日上涨,154,0.009,0.0218,0.411,0.3312,0.5463,-0.2151,L2
1买,偏多共振 + 相对强弱大于0,195,0.019,0.0184,1.031,0.5538,0.5463,0.0076,L2
1买,偏多共振 + 相对强弱大于5,81,0.0076,0.008,0.94,0.5309,0.5463,-0.0154,L2
1买,偏多共振 + 量比>=1.3,92,0.0107,0.0066,1.634,0.663,0.5463,0.1168,L2
1买,偏多共振 + 距前低<=10%,286,0.0294,0.0252,1.166,0.5839,0.5463,0.0376,L2
1买,多头共振 + 火箭信号,51,0.0047,0.0051,0.934,0.5294,0.5463,-0.0169,L2
1买,多头共振 + 中枢进机会区,387,0.0448,0.0279,1.604,0.6589,0.5463,0.1126,L2
1买,多头共振 + 中枢极限底,282,0.0345,0.0182,1.893,0.695,0.5463,0.1487,L2
1买,多头共振 + 中枢上穿中轴,113,0.0095,0.0125,0.76,0.4779,0.5463,-0.0684,L2
1买,多头共振 + 中枢底部蓄力,159,0.0149,0.0157,0.954,0.5346,0.5463,-0.0117,L2
1买,多头共振 + 中枢底部回升,407,0.0464,0.0303,1.533,0.6486,0.5463,0.1024,L2
1买,多头共振 + 大盘多头,90,0.0055,0.0125,0.436,0.3444,0.5463,-0.2018,L2
1买,多头共振 + 大盘空头,93,0.0058,0.0127,0.457,0.3548,0.5463,-0.1915,L2
1买,多头共振 + 大盘安全,124,0.0069,0.018,0.381,0.3145,0.5463,-0.2318,L2
1买,多头共振 + SID等于1,90,0.0055,0.0125,0.436,0.3444,0.5463,-0.2018,L2
1买,多头共振 + SID等于2,390,0.045,0.0284,1.587,0.6564,0.5463,0.1101,L2
1买,多头共振 + SID小于等于2,416,0.0469,0.0315,1.488,0.6418,0.5463,0.0955,L2
1买,多头共振 + 大盘5日上涨,153,0.009,0.0216,0.415,0.3333,0.5463,-0.213,L2
1买,多头共振 + 相对强弱大于0,195,0.019,0.0184,1.031,0.5538,0.5463,0.0076,L2
1买,多头共振 + 相对强弱大于5,81,0.0076,0.008,0.94,0.5309,0.5463,-0.0154,L2
1买,多头共振 + 量比>=1.3,91,0.0107,0.0064,1.689,0.6703,0.5463,0.124,L2
1买,多头共振 + 距前低<=10%,286,0.0294,0.0252,1.166,0.5839,0.5463,0.0376,L2
1买,火箭信号 + 二连板,74,0.0091,0.0047,1.963,0.7027,0.5463,0.1564,L2
1买,火箭信号 + 二次涨停,60,0.0058,0.0057,1.015,0.55,0.5463,0.0037,L2
1买,火箭信号 + 极限抄底,93,0.0121,0.0051,2.388,0.7419,0.5463,0.1956,L2
1买,火箭信号 + 中枢进机会区,284,0.0306,0.0233,1.314,0.6127,0.5463,0.0664,L2
1买,火箭信号 + 中枢极限底,437,0.0496,0.0328,1.511,0.6453,0.5463,0.099,L2
1买,火箭信号 + 中枢上穿中轴,383,0.039,0.0341,1.145,0.5796,0.5463,0.0333,L2
1买,火箭信号 + 中枢底部蓄力,547,0.06,0.0436,1.375,0.6234,0.5463,0.0771,L2
1买,火箭信号 + 中枢底部回升,662,0.0723,0.0531,1.36,0.6208,0.5463,0.0746,L2
1买,火箭信号 + 大盘多头,60,0.003,0.0091,0.328,0.2833,0.5463,-0.263,L2
1买,火箭信号 + 大盘空头,440,0.0508,0.032,1.59,0.6568,0.5463,0.1105,L2
1买,火箭信号 + 大盘安全,338,0.0367,0.0273,1.346,0.6183,0.5463,0.0721,L2
1买,火箭信号 + SID等于1,60,0.003,0.0091,0.328,0.2833,0.5463,-0.263,L2
1买,火箭信号 + SID等于2,499,0.0559,0.0383,1.459,0.6373,0.5463,0.091,L2
1买,火箭信号 + SID小于等于2,519,0.0566,0.0417,1.358,0.6204,0.5463,0.0741,L2
1买,火箭信号 + 大盘5日上涨,441,0.0466,0.0373,1.25,0.6009,0.5463,0.0546,L2
1买,火箭信号 + 相对强弱大于0,434,0.0432,0.0398,1.087,0.5668,0.5463,0.0205,L2
1买,火箭信号 + 相对强弱大于5,270,0.0267,0.025,1.07,0.563,0.5463,0.0167,L2
1买,火箭信号 + 量比>=1.3,303,0.0369,0.0197,1.875,0.6931,0.5463,0.1468,L2
1买,火箭信号 + 量比>=2,70,0.0084,0.0047,1.812,0.6857,0.5463,0.1394,L2
1买,火箭信号 + 深跌(距前高>40%),108,0.0146,0.0053,2.757,0.7685,0.5463,0.2222,L2
1买,火箭信号 + 距前低<=10%,474,0.0496,0.0406,1.22,0.5949,0.5463,0.0486,L2
1买,火箭信号 + 相对强弱>=0,75,0.0081,0.0061,1.317,0.6133,0.5463,0.067,L2
1买,二连板 + 中枢上穿中轴,60,0.0072,0.004,1.792,0.6833,0.5463,0.137,L2
1买,二连板 + 中枢底部蓄力,58,0.0067,0.0042,1.578,0.6552,0.5463,0.1089,L2
1买,二连板 + 中枢底部回升,73,0.009,0.0047,1.925,0.6986,0.5463,0.1523,L2
1买,二连板 + 大盘空头,53,0.0063,0.0036,1.759,0.6792,0.5463,0.133,L2
1买,二连板 + SID等于2,56,0.007,0.0034,2.076,0.7143,0.5463,0.168,L2
1买,二连板 + SID小于等于2,57,0.0072,0.0034,2.128,0.7193,0.5463,0.173,L2
1买,二连板 + 相对强弱大于0,58,0.0067,0.0042,1.578,0.6552,0.5463,0.1089,L2
1买,二连板 + 距前低<=10%,54,0.0063,0.0038,1.661,0.6667,0.5463,0.1204,L2
1买,二次涨停 + 中枢底部回升,57,0.0056,0.0053,1.063,0.5614,0.5463,0.0151,L2
1买,极限抄底 + 中枢进机会区,301,0.0418,0.0133,3.138,0.7907,0.5463,0.2444,L2
1买,极限抄底 + 中枢极限底,675,0.0902,0.0343,2.63,0.76,0.5463,0.2137,L2
1买,极限抄底 + 中枢底部蓄力,876,0.1094,0.0538,2.034,0.71,0.5463,0.1638,L2
1买,极限抄底 + 中枢底部回升,963,0.1234,0.0552,2.234,0.729,0.5463,0.1827,L2
1买,极限抄底 + 大盘多头,90,0.0079,0.0095,0.831,0.5,0.5463,-0.0463,L2
1买,极限抄底 + 大盘空头,445,0.0526,0.0309,1.701,0.6719,0.5463,0.1256,L2
1买,极限抄底 + 大盘安全,369,0.0452,0.0237,1.906,0.6965,0.5463,0.1502,L2
1买,极限抄底 + SID等于1,90,0.0079,0.0095,0.831,0.5,0.5463,-0.0463,L2
1买,极限抄底 + SID等于2,803,0.1081,0.0398,2.717,0.7659,0.5463,0.2196,L2
1买,极限抄底 + SID小于等于2,817,0.1092,0.0415,2.631,0.7601,0.5463,0.2138,L2
1买,极限抄底 + 大盘5日上涨,474,0.0536,0.0358,1.499,0.6435,0.5463,0.0972,L2
1买,极限抄底 + 相对强弱大于0,63,0.0069,0.0051,1.35,0.619,0.5463,0.0728,L2
1买,极限抄底 + 量比>=1.3,463,0.0659,0.0186,3.539,0.8099,0.5463,0.2636,L2
1买,极限抄底 + 量比>=2,70,0.0086,0.0044,1.938,0.7,0.5463,0.1537,L2
1买,极限抄底 + 深跌(距前高>40%),237,0.0338,0.0095,3.544,0.8101,0.5463,0.2638,L2
1买,极限抄底 + 距前低<=10%,713,0.0849,0.0487,1.744,0.6774,0.5463,0.1311,L2
1买,中枢进机会区 + 中枢极限底,3009,0.3142,0.2587,1.215,0.5939,0.5463,0.0476,L2
1买,中枢进机会区 + 中枢上穿中轴,848,0.0867,0.0751,1.153,0.5814,0.5463,0.0351,L2
1买,中枢进机会区 + 中枢底部蓄力,3162,0.2943,0.315,0.934,0.5294,0.5463,-0.0169,L2
1买,中枢进机会区 + 中枢底部回升,4511,0.4575,0.4041,1.132,0.5768,0.5463,0.0305,L2
1买,中枢进机会区 + 大盘多头,617,0.0374,0.0855,0.438,0.3452,0.5463,-0.2011,L2
1买,中枢进机会区 + 大盘空头,2533,0.2402,0.247,0.972,0.5393,0.5463,-0.007,L2
1买,中枢进机会区 + 大盘安全,1383,0.0985,0.1742,0.565,0.4049,0.5463,-0.1414,L2
1买,中枢进机会区 + SID等于1,617,0.0374,0.0855,0.438,0.3452,0.5463,-0.2011,L2
1买,中枢进机会区 + SID等于2,2881,0.2892,0.2616,1.105,0.571,0.5463,0.0247,L2
1买,中枢进机会区 + SID小于等于2,3031,0.2991,0.2815,1.062,0.5612,0.5463,0.0149,L2
1买,中枢进机会区 + 大盘5日上涨,2437,0.208,0.2655,0.783,0.4854,0.5463,-0.0609,L2
1买,中枢进机会区 + 相对强弱大于0,1982,0.1923,0.188,1.023,0.552,0.5463,0.0057,L2
1买,中枢进机会区 + 相对强弱大于5,431,0.0422,0.0404,1.044,0.5568,0.5463,0.0106,L2
1买,中枢进机会区 + 量比>=1.3,1163,0.1331,0.0859,1.549,0.6509,0.5463,0.1046,L2
1买,中枢进机会区 + 量比>=2,187,0.02,0.0155,1.297,0.6096,0.5463,0.0633,L2
1买,中枢进机会区 + 距前高<=10%,256,0.0214,0.0284,0.756,0.4766,0.5463,-0.0697,L2
1买,中枢进机会区 + 深跌(距前高>40%),115,0.0123,0.0095,1.292,0.6087,0.5463,0.0624,L2
1买,中枢进机会区 + 距前低<=10%,3917,0.3729,0.3802,0.981,0.5415,0.5463,-0.0048,L2
1买,中枢进机会区 + 相对强弱>=0,462,0.0432,0.0457,0.946,0.5325,0.5463,-0.0138,L2
1买,中枢极限底 + 中枢上穿中轴,674,0.0696,0.0588,1.183,0.5875,0.5463,0.0412,L2
1买,中枢极限底 + 中枢底部蓄力,5474,0.5134,0.5406,0.95,0.5334,0.5463,-0.0129,L2
1买,中枢极限底 + 中枢底部回升,6287,0.6213,0.5828,1.066,0.5621,0.5463,0.0158,L2
1买,中枢极限底 + 大盘多头,705,0.0374,0.1041,0.36,0.3021,0.5463,-0.2442,L2
1买,中枢极限底 + 大盘空头,3730,0.3565,0.3603,0.99,0.5437,0.5463,-0.0026,L2
1买,中枢极限底 + 大盘安全,1963,0.1517,0.2329,0.652,0.4396,0.5463,-0.1067,L2
1买,中枢极限底 + SID等于1,705,0.0374,0.1041,0.36,0.3021,0.5463,-0.2442,L2
1买,中枢极限底 + SID等于2,3885,0.3838,0.3603,1.065,0.5619,0.5463,0.0156,L2
1买,中枢极限底 + SID小于等于2,4029,0.3914,0.3817,1.025,0.5525,0.5463,0.0062,L2
1买,中枢极限底 + 大盘5日上涨,3600,0.3128,0.3855,0.811,0.4942,0.5463,-0.0521,L2
1买,中枢极限底 + 相对强弱大于0,2151,0.1995,0.2151,0.928,0.5277,0.5463,-0.0186,L2
1买,中枢极限底 + 相对强弱大于5,404,0.036,0.0421,0.856,0.5074,0.5463,-0.0389,L2
1买,中枢极限底 + 量比>=1.3,1682,0.1944,0.1219,1.595,0.6576,0.5463,0.1113,L2
1买,中枢极限底 + 量比>=2,231,0.0243,0.0197,1.232,0.5974,0.5463,0.0511,L2
1买,中枢极限底 + 距前高<=10%,181,0.0172,0.0176,0.981,0.5414,0.5463,-0.0049,L2
1买,中枢极限底 + 深跌(距前高>40%),398,0.0487,0.0256,1.901,0.696,0.5463,0.1497,L2
1买,中枢极限底 + 距前低<=10%,5380,0.4916,0.547,0.899,0.5197,0.5463,-0.0266,L2
1买,中枢极限底 + 相对强弱>=0,429,0.0385,0.0445,0.866,0.5105,0.5463,-0.0358,L2
1买,中枢上穿中轴 + 中枢底部蓄力,846,0.0823,0.08,1.028,0.5532,0.5463,0.0069,L2
1买,中枢上穿中轴 + 中枢底部回升,1311,0.1297,0.1213,1.07,0.5629,0.5463,0.0166,L2
1买,中枢上穿中轴 + 大盘多头,218,0.0134,0.0301,0.445,0.3486,0.5463,-0.1977,L2
1买,中枢上穿中轴 + 大盘空头,920,0.0921,0.0838,1.099,0.5696,0.5463,0.0233,L2
1买,中枢上穿中轴 + 大盘安全,678,0.0587,0.0728,0.806,0.4926,0.5463,-0.0537,L2
1买,中枢上穿中轴 + SID等于1,218,0.0134,0.0301,0.445,0.3486,0.5463,-0.1977,L2
1买,中枢上穿中轴 + SID等于2,975,0.0948,0.0923,1.027,0.5528,0.5463,0.0065,L2
1买,中枢上穿中轴 + SID小于等于2,1033,0.0983,0.1003,0.979,0.5411,0.5463,-0.0052,L2
1买,中枢上穿中轴 + 大盘5日上涨,896,0.0791,0.0944,0.838,0.5022,0.5463,-0.0441,L2
1买,中枢上穿中轴 + 相对强弱大于0,1178,0.113,0.1133,0.998,0.5458,0.5463,-0.0005,L2
1买,中枢上穿中轴 + 相对强弱大于5,518,0.0498,0.0497,1.0,0.5463,0.5463,0.0,L2
1买,中枢上穿中轴 + 量比>=1.3,577,0.0619,0.0476,1.299,0.6101,0.5463,0.0638,L2
1买,中枢上穿中轴 + 量比>=2,140,0.0148,0.0119,1.246,0.6,0.5463,0.0537,L2
1买,中枢上穿中轴 + 距前高<=10%,192,0.0183,0.0186,0.982,0.5417,0.5463,-0.0046,L2
1买,中枢上穿中轴 + 距前低<=10%,1213,0.1176,0.1152,1.021,0.5515,0.5463,0.0052,L2
1买,中枢上穿中轴 + 相对强弱>=0,301,0.0288,0.029,0.994,0.5449,0.5463,-0.0014,L2
1买,中枢底部蓄力 + 中枢底部回升,8525,0.788,0.8558,0.921,0.5257,0.5463,-0.0205,L2
1买,中枢底部蓄力 + 大盘多头,1173,0.0689,0.1653,0.417,0.3342,0.5463,-0.2121,L2
1买,中枢底部蓄力 + 大盘空头,5551,0.5253,0.5425,0.968,0.5383,0.5463,-0.008,L2
1买,中枢底部蓄力 + 大盘安全,3093,0.246,0.3586,0.686,0.4523,0.5463,-0.094,L2
1买,中枢底部蓄力 + SID等于1,1173,0.0689,0.1653,0.417,0.3342,0.5463,-0.2121,L2
1买,中枢底部蓄力 + SID等于2,4917,0.4357,0.5163,0.844,0.504,0.5463,-0.0423,L2
1买,中枢底部蓄力 + SID小于等于2,5184,0.4502,0.5552,0.811,0.494,0.5463,-0.0523,L2
1买,中枢底部蓄力 + 大盘5日上涨,5323,0.4652,0.5667,0.821,0.4971,0.5463,-0.0492,L2
1买,中枢底部蓄力 + 相对强弱大于0,2851,0.2562,0.2951,0.868,0.511,0.5463,-0.0352,L2
1买,中枢底部蓄力 + 相对强弱大于5,500,0.0448,0.0519,0.864,0.51,0.5463,-0.0363,L2
1买,中枢底部蓄力 + 量比>=1.3,2193,0.2363,0.1797,1.315,0.6129,0.5463,0.0666,L2
1买,中枢底部蓄力 + 量比>=2,328,0.032,0.0309,1.035,0.5549,0.5463,0.0086,L2
1买,中枢底部蓄力 + 距前高<=10%,202,0.0158,0.0237,0.667,0.4455,0.5463,-0.1007,L2
1买,中枢底部蓄力 + 深跌(距前高>40%),596,0.0677,0.0447,1.515,0.646,0.5463,0.0997,L2
1买,中枢底部蓄力 + 距前低<=10%,7612,0.6653,0.8103,0.821,0.4971,0.5463,-0.0492,L2
1买,中枢底部蓄力 + 相对强弱>=0,571,0.0517,0.0586,0.881,0.5149,0.5463,-0.0314,L2
1买,中枢底部回升 + 大盘多头,1302,0.0774,0.1825,0.424,0.3379,0.5463,-0.2084,L2
1买,中枢底部回升 + 大盘空头,6130,0.5823,0.5965,0.976,0.5403,0.5463,-0.006,L2
1买,中枢底部回升 + 大盘安全,3436,0.2746,0.3967,0.692,0.4546,0.5463,-0.0917,L2
1买,中枢底部回升 + SID等于1,1302,0.0774,0.1825,0.424,0.3379,0.5463,-0.2084,L2
1买,中枢底部回升 + SID等于2,6039,0.5759,0.5849,0.985,0.5425,0.5463,-0.0038,L2
1买,中枢底部回升 + SID小于等于2,6340,0.5932,0.6279,0.945,0.5322,0.5463,-0.0141,L2
1买,中枢底部回升 + 大盘5日上涨,5861,0.5169,0.6183,0.836,0.5016,0.5463,-0.0447,L2
1买,中枢底部回升 + 相对强弱大于0,3589,0.3319,0.3601,0.922,0.5261,0.5463,-0.0202,L2
1买,中枢底部回升 + 相对强弱大于5,707,0.0659,0.0703,0.938,0.5304,0.5463,-0.0159,L2
1买,中枢底部回升 + 量比>=1.3,2648,0.2943,0.2062,1.427,0.6322,0.5463,0.0859,L2
1买,中枢底部回升 + 量比>=2,388,0.039,0.0351,1.111,0.5722,0.5463,0.0259,L2
1买,中枢底部回升 + 距前高<=10%,351,0.0287,0.0398,0.72,0.4644,0.5463,-0.0819,L2
1买,中枢底部回升 + 深跌(距前高>40%),602,0.0686,0.0449,1.528,0.6478,0.5463,0.1015,L2
1买,中枢底部回升 + 距前低<=10%,8678,0.7848,0.892,0.88,0.5144,0.5463,-0.0319,L2
1买,中枢底部回升 + 相对强弱>=0,788,0.0724,0.0796,0.91,0.5228,0.5463,-0.0235,L2
1买,大盘多头 + 大盘安全,1397,0.0835,0.1952,0.428,0.34,0.5463,-0.2063,L2
1买,大盘多头 + SID等于1,1397,0.0835,0.1952,0.428,0.34,0.5463,-0.2063,L2
1买,大盘多头 + SID等于2,1063,0.0647,0.1471,0.44,0.3462,0.5463,-0.2001,L2
1买,大盘多头 + SID小于等于2,1397,0.0835,0.1952,0.428,0.34,0.5463,-0.2063,L2
1买,大盘多头 + 大盘5日上涨,1339,0.0793,0.188,0.422,0.3368,0.5463,-0.2095,L2
1买,大盘多头 + 相对强弱大于0,344,0.0206,0.0481,0.428,0.3401,0.5463,-0.2062,L2
1买,大盘多头 + 相对强弱大于5,69,0.0047,0.0089,0.534,0.3913,0.5463,-0.155,L2
1买,大盘多头 + 量比>=1.3,220,0.0148,0.0288,0.513,0.3818,0.5463,-0.1645,L2
1买,大盘多头 + 量比>=2,51,0.0028,0.0074,0.38,0.3137,0.5463,-0.2326,L2
1买,大盘多头 + 距前高<=10%,114,0.0069,0.0159,0.432,0.3421,0.5463,-0.2042,L2
1买,大盘多头 + 距前低<=10%,1289,0.0758,0.1816,0.417,0.3344,0.5463,-0.2119,L2
1买,大盘空头 + 大盘安全,2101,0.199,0.2051,0.97,0.5388,0.5463,-0.0075,L2
1买,大盘空头 + SID等于2,2543,0.2191,0.2746,0.798,0.49,0.5463,-0.0563,L2
1买,大盘空头 + SID小于等于2,2543,0.2191,0.2746,0.798,0.49,0.5463,-0.0563,L2
1买,大盘空头 + 大盘5日上涨,4175,0.4161,0.3827,1.087,0.5669,0.5463,0.0207,L2
1买,大盘空头 + 相对强弱大于0,2761,0.2604,0.271,0.961,0.5364,0.5463,-0.0099,L2
1买,大盘空头 + 相对强弱大于5,515,0.0471,0.0523,0.901,0.5204,0.5463,-0.0259,L2
1买,大盘空头 + 量比>=1.3,1480,0.1507,0.1319,1.142,0.5791,0.5463,0.0328,L2
1买,大盘空头 + 量比>=2,212,0.0214,0.0191,1.126,0.5755,0.5463,0.0292,L2
1买,大盘空头 + 距前高<=10%,227,0.0199,0.0241,0.823,0.4978,0.5463,-0.0485,L2
1买,大盘空头 + 深跌(距前高>40%),497,0.0585,0.0347,1.686,0.67,0.5463,0.1237,L2
1买,大盘空头 + 距前低<=10%,5844,0.5429,0.5834,0.931,0.5284,0.5463,-0.0179,L2
1买,大盘空头 + 相对强弱>=0,660,0.0615,0.0656,0.938,0.5303,0.5463,-0.016,L2
1买,大盘安全 + SID等于1,1397,0.0835,0.1952,0.428,0.34,0.5463,-0.2063,L2
1买,大盘安全 + SID等于2,3300,0.2713,0.3719,0.729,0.4676,0.5463,-0.0787,L2
1买,大盘安全 + SID小于等于2,3634,0.2901,0.42,0.691,0.454,0.5463,-0.0922,L2
1买,大盘安全 + 大盘5日上涨,3572,0.2859,0.4119,0.694,0.4552,0.5463,-0.0911,L2
1买,大盘安全 + 相对强弱大于0,988,0.071,0.1236,0.575,0.4089,0.5463,-0.1374,L2
1买,大盘安全 + 相对强弱大于5,205,0.0162,0.0239,0.676,0.4488,0.5463,-0.0975,L2
1买,大盘安全 + 量比>=1.3,896,0.0923,0.0785,1.175,0.5859,0.5463,0.0396,L2
1买,大盘安全 + 量比>=2,145,0.0132,0.0148,0.89,0.5172,0.5463,-0.0291,L2
1买,大盘安全 + 距前高<=10%,207,0.0139,0.0271,0.513,0.3816,0.5463,-0.1647,L2
1买,大盘安全 + 深跌(距前高>40%),393,0.0522,0.0203,2.569,0.7557,0.5463,0.2094,L2
1买,大盘安全 + 距前低<=10%,3134,0.2312,0.3851,0.6,0.4196,0.5463,-0.1267,L2
1买,大盘安全 + 相对强弱>=0,192,0.0155,0.022,0.703,0.4583,0.5463,-0.088,L2
1买,SID等于1 + SID等于2,1063,0.0647,0.1471,0.44,0.3462,0.5463,-0.2001,L2
1买,SID等于1 + SID小于等于2,1397,0.0835,0.1952,0.428,0.34,0.5463,-0.2063,L2
1买,SID等于1 + 大盘5日上涨,1339,0.0793,0.188,0.422,0.3368,0.5463,-0.2095,L2
1买,SID等于1 + 相对强弱大于0,344,0.0206,0.0481,0.428,0.3401,0.5463,-0.2062,L2
1买,SID等于1 + 相对强弱大于5,69,0.0047,0.0089,0.534,0.3913,0.5463,-0.155,L2
1买,SID等于1 + 量比>=1.3,220,0.0148,0.0288,0.513,0.3818,0.5463,-0.1645,L2
1买,SID等于1 + 量比>=2,51,0.0028,0.0074,0.38,0.3137,0.5463,-0.2326,L2
1买,SID等于1 + 距前高<=10%,114,0.0069,0.0159,0.432,0.3421,0.5463,-0.2042,L2
1买,SID等于1 + 距前低<=10%,1289,0.0758,0.1816,0.417,0.3344,0.5463,-0.2119,L2
1买,SID等于2 + SID小于等于2,6301,0.5995,0.612,0.98,0.5412,0.5463,-0.0051,L2
1买,SID等于2 + 大盘5日上涨,3774,0.3068,0.4295,0.714,0.4624,0.5463,-0.0839,L2
1买,SID等于2 + 相对强弱大于0,1792,0.1482,0.2009,0.738,0.4704,0.5463,-0.0759,L2
1买,SID等于2 + 相对强弱大于5,424,0.0385,0.0434,0.887,0.5165,0.5463,-0.0298,L2
1买,SID等于2 + 量比>=1.3,1959,0.2298,0.138,1.665,0.6672,0.5463,0.1209,L2
1买,SID等于2 + 量比>=2,289,0.0306,0.0243,1.257,0.6021,0.5463,0.0558,L2
1买,SID等于2 + 距前高<=10%,284,0.0237,0.0315,0.752,0.4754,0.5463,-0.0709,L2
1买,SID等于2 + 深跌(距前高>40%),454,0.0571,0.0273,2.092,0.7159,0.5463,0.1696,L2
1买,SID等于2 + 距前低<=10%,4948,0.417,0.5453,0.765,0.4794,0.5463,-0.0669,L2
1买,SID等于2 + 相对强弱>=0,431,0.0366,0.0472,0.775,0.4826,0.5463,-0.0637,L2
1买,SID小于等于2 + 大盘5日上涨,4103,0.3252,0.4769,0.682,0.4509,0.5463,-0.0954,L2
1买,SID小于等于2 + 相对强弱大于0,1870,0.1517,0.2132,0.712,0.4615,0.5463,-0.0848,L2
1买,SID小于等于2 + 相对强弱大于5,438,0.0392,0.0455,0.861,0.5091,0.5463,-0.0372,L2
1买,SID小于等于2 + 量比>=1.3,2027,0.2344,0.1469,1.595,0.6576,0.5463,0.1113,L2
1买,SID小于等于2 + 量比>=2,306,0.0315,0.0269,1.171,0.585,0.5463,0.0387,L2
1买,SID小于等于2 + 距前高<=10%,325,0.0264,0.037,0.712,0.4615,0.5463,-0.0848,L2
1买,SID小于等于2 + 深跌(距前高>40%),467,0.0584,0.0286,2.042,0.7109,0.5463,0.1646,L2
1买,SID小于等于2 + 距前低<=10%,5249,0.4342,0.5883,0.738,0.4706,0.5463,-0.0757,L2
1买,SID小于等于2 + 相对强弱>=0,435,0.0367,0.0478,0.768,0.4805,0.5463,-0.0658,L2
1买,大盘5日上涨 + 相对强弱大于0,2185,0.1983,0.2238,0.886,0.5162,0.5463,-0.03,L2
1买,大盘5日上涨 + 相对强弱大于5,415,0.0366,0.0438,0.835,0.5012,0.5463,-0.0451,L2
1买,大盘5日上涨 + 量比>=1.3,1392,0.1408,0.1251,1.126,0.5754,0.5463,0.0291,L2
1买,大盘5日上涨 + 量比>=2,228,0.0204,0.0237,0.86,0.5088,0.5463,-0.0375,L2
1买,大盘5日上涨 + 距前高<=10%,284,0.0232,0.0322,0.721,0.4648,0.5463,-0.0815,L2
1买,大盘5日上涨 + 深跌(距前高>40%),480,0.0573,0.0326,1.758,0.6792,0.5463,0.1329,L2
1买,大盘5日上涨 + 距前低<=10%,5547,0.4749,0.6025,0.788,0.4869,0.5463,-0.0594,L2
1买,大盘5日上涨 + 相对强弱>=0,463,0.0455,0.0432,1.054,0.5594,0.5463,0.0131,L2
1买,相对强弱大于0 + 相对强弱大于5,782,0.0731,0.0775,0.944,0.532,0.5463,-0.0143,L2
1买,相对强弱大于0 + 量比>=1.3,1059,0.1004,0.1033,0.972,0.5392,0.5463,-0.0071,L2
1买,相对强弱大于0 + 量比>=2,229,0.0227,0.0212,1.071,0.5633,0.5463,0.017,L2
1买,相对强弱大于0 + 距前高<=10%,285,0.0264,0.0286,0.923,0.5263,0.5463,-0.02,L2
1买,相对强弱大于0 + 深跌(距前高>40%),85,0.0058,0.011,0.527,0.3882,0.5463,-0.1581,L2
1买,相对强弱大于0 + 距前低<=10%,3511,0.3231,0.3541,0.912,0.5235,0.5463,-0.0228,L2
1买,相对强弱大于0 + 相对强弱>=0,894,0.0832,0.0891,0.933,0.5291,0.5463,-0.0172,L2
1买,相对强弱大于0 + 相对强弱>=5,59,0.0056,0.0057,0.984,0.5424,0.5463,-0.0039,L2
1买,相对强弱大于5 + 量比>=1.3,303,0.0294,0.0288,1.02,0.5512,0.5463,0.0049,L2
1买,相对强弱大于5 + 量比>=2,101,0.0111,0.008,1.377,0.6238,0.5463,0.0775,L2
1买,相对强弱大于5 + 距前高<=10%,65,0.0067,0.0057,1.169,0.5846,0.5463,0.0383,L2
1买,相对强弱大于5 + 距前低<=10%,657,0.0607,0.066,0.918,0.5251,0.5463,-0.0212,L2
1买,相对强弱大于5 + 相对强弱>=0,274,0.0258,0.0269,0.961,0.5365,0.5463,-0.0098,L2
1买,相对强弱大于5 + 相对强弱>=5,59,0.0056,0.0057,0.984,0.5424,0.5463,-0.0039,L2
1买,量比>=1.3 + 量比>=2,427,0.0431,0.0385,1.118,0.5738,0.5463,0.0275,L2
1买,量比>=1.3 + 距前高<=10%,131,0.0128,0.0123,1.045,0.5573,0.5463,0.011,L2
1买,量比>=1.3 + 深跌(距前高>40%),251,0.0336,0.0127,2.644,0.761,0.5463,0.2147,L2
1买,量比>=1.3 + 距前低<=10%,2037,0.2045,0.185,1.105,0.5709,0.5463,0.0246,L2
1买,量比>=1.3 + 相对强弱>=0,319,0.0308,0.0305,1.009,0.5486,0.5463,0.0023,L2
1买,量比>=2 + 距前低<=10%,310,0.0295,0.0301,0.983,0.5419,0.5463,-0.0044,L2
1买,量比>=2 + 相对强弱>=0,113,0.0116,0.0099,1.166,0.5841,0.5463,0.0378,L2
1买,距前高<=10% + 距前低<=10%,393,0.0338,0.0425,0.793,0.4885,0.5463,-0.0577,L2
1买,距前高<=10% + 相对强弱>=0,160,0.0155,0.0152,1.015,0.55,0.5463,0.0037,L2
1买,深跌(距前高>40%) + 距前低<=10%,414,0.0417,0.0375,1.112,0.5725,0.5463,0.0262,L2
1买,距前低<=10% + 相对强弱>=0,787,0.0723,0.0796,0.908,0.5222,0.5463,-0.0241,L2
1买,相对强弱>=0 + 相对强弱>=5,59,0.0056,0.0057,0.984,0.5424,0.5463,-0.0039,L2
1买,极限抄底 + 深跌(距前高>40%) + 量比>=1.3,126,0.019,0.0038,4.983,0.8571,0.5463,0.3109,L3
1买,极限抄底 + 深跌(距前高>40%) + 量能金叉,93,0.0137,0.0032,4.319,0.8387,0.5463,0.2924,L3
1买,极限抄底 + 深跌(距前高>40%) + 量比大于2,88,0.0128,0.0032,4.042,0.8295,0.5463,0.2833,L3
1买,极限抄底 + 深跌(距前高>40%) + 价涨量增,196,0.0283,0.0074,3.82,0.8214,0.5463,0.2751,L3
1买,极限抄底 + 深跌(距前高>40%) + 量比大于1_3,203,0.0299,0.007,4.278,0.8374,0.5463,0.2911,L3
1买,极限抄底 + 深跌(距前高>40%) + 量能递增,207,0.0295,0.0083,3.578,0.8116,0.5463,0.2653,L3
1买,极限抄底 + 深跌(距前高>40%) + 中枢极限底,172,0.0255,0.0057,4.46,0.843,0.5463,0.2967,L3
1买,极限抄底 + 量比>=1.3 + 量能金叉,196,0.0278,0.008,3.453,0.8061,0.5463,0.2598,L3
1买,极限抄底 + 量比>=1.3 + 量比大于2,282,0.0401,0.0114,3.507,0.8085,0.5463,0.2622,L3
1买,极限抄底 + 量比>=1.3 + 中枢进机会区,144,0.0199,0.0066,3.027,0.7847,0.5463,0.2384,L3
1买,极限抄底 + 量比>=1.3 + 量比>=2,70,0.0086,0.0044,1.938,0.7,0.5463,0.1537,L3
1买,极限抄底 + 量比>=1.3 + 价涨量增,387,0.0552,0.0155,3.572,0.8114,0.5463,0.2651,L3
1买,极限抄底 + 量比>=1.3 + 量比大于1_3,463,0.0659,0.0186,3.539,0.8099,0.5463,0.2636,L3
1买,极限抄底 + 量比>=1.3 + 量能递增,375,0.0531,0.0155,3.436,0.8053,0.5463,0.259,L3
1买,极限抄底 + 量比>=1.3 + 中枢极限底,328,0.048,0.0116,4.122,0.8323,0.5463,0.286,L3
1买,极限抄底 + 火箭信号 + 价涨量增,81,0.0109,0.004,2.71,0.7654,0.5463,0.2191,L3
1买,极限抄底 + 火箭信号 + 量比大于1_3,86,0.0113,0.0047,2.416,0.7442,0.5463,0.1979,L3
1买,极限抄底 + 火箭信号 + 量能递增,86,0.0113,0.0047,2.416,0.7442,0.5463,0.1979,L3
1买,极限抄底 + 火箭信号 + 中枢极限底,79,0.0102,0.0044,2.294,0.7342,0.5463,0.1879,L3
1买,极限抄底 + 量能金叉 + 量比大于2,208,0.028,0.0104,2.695,0.7644,0.5463,0.2181,L3
1买,极限抄底 + 量能金叉 + 中枢进机会区,120,0.0176,0.0042,4.153,0.8333,0.5463,0.287,L3
1买,极限抄底 + 量能金叉 + 价涨量增,272,0.0371,0.0129,2.873,0.7757,0.5463,0.2294,L3
1买,极限抄底 + 量能金叉 + 量比大于1_3,329,0.0443,0.0163,2.718,0.766,0.5463,0.2197,L3
1买,极限抄底 + 量能金叉 + 量能递增,296,0.0387,0.0161,2.404,0.7432,0.5463,0.197,L3
1买,极限抄底 + 量能金叉 + 中枢极限底,237,0.0336,0.0097,3.448,0.8059,0.5463,0.2596,L3
1买,极限抄底 + 量比大于2 + 中枢进机会区,134,0.0186,0.0059,3.144,0.791,0.5463,0.2448,L3
1买,极限抄底 + 量比大于2 + 量比>=2,70,0.0086,0.0044,1.938,0.7,0.5463,0.1537,L3
1买,极限抄底 + 量比大于2 + 价涨量增,337,0.0469,0.0148,3.168,0.7923,0.5463,0.246,L3
1买,极限抄底 + 量比大于2 + 量比大于1_3,406,0.055,0.0197,2.795,0.7709,0.5463,0.2246,L3
1买,极限抄底 + 量比大于2 + 量能递增,350,0.0476,0.0167,2.849,0.7743,0.5463,0.228,L3
1买,极限抄底 + 量比大于2 + 中枢极限底,274,0.0387,0.0114,3.384,0.8029,0.5463,0.2566,L3
1买,极限抄底 + 中枢进机会区 + 价涨量增,191,0.0271,0.0078,3.457,0.8063,0.5463,0.26,L3
1买,极限抄底 + 中枢进机会区 + 量比大于1_3,258,0.0364,0.0108,3.371,0.8023,0.5463,0.256,L3
1买,极限抄底 + 中枢进机会区 + 量能递增,215,0.0294,0.0102,2.89,0.7767,0.5463,0.2305,L3
1买,极限抄底 + 中枢进机会区 + 中枢极限底,264,0.0374,0.0108,3.469,0.8068,0.5463,0.2605,L3
1买,极限抄底 + 量比>=2 + 价涨量增,65,0.0081,0.004,2.011,0.7077,0.5463,0.1614,L3
1买,极限抄底 + 量比>=2 + 量比大于1_3,70,0.0086,0.0044,1.938,0.7,0.5463,0.1537,L3
1买,极限抄底 + 量比>=2 + 量能递增,62,0.0081,0.0034,2.388,0.7419,0.5463,0.1956,L3
1买,极限抄底 + 价涨量增 + 量比大于1_3,620,0.0844,0.0296,2.847,0.7742,0.5463,0.2279,L3
1买,极限抄底 + 价涨量增 + 量能递增,578,0.0784,0.0279,2.806,0.7716,0.5463,0.2253,L3
1买,极限抄底 + 价涨量增 + 中枢极限底,455,0.0645,0.0186,3.464,0.8066,0.5463,0.2603,L3
1买,极限抄底 + 量比大于1_3 + 量能递增,633,0.0839,0.033,2.539,0.7536,0.5463,0.2073,L3
1买,极限抄底 + 量比大于1_3 + 中枢极限底,561,0.0777,0.0252,3.085,0.7879,0.5463,0.2416,L3
1买,极限抄底 + 量能递增 + 中枢极限底,491,0.0668,0.0235,2.843,0.7739,0.5463,0.2276,L3
1买,深跌(距前高>40%) + 量比>=1.3 + 火箭信号,51,0.0072,0.0021,3.405,0.8039,0.5463,0.2576,L3
1买,深跌(距前高>40%) + 量比>=1.3 + 量能金叉,109,0.0151,0.0049,3.105,0.789,0.5463,0.2427,L3
1买,深跌(距前高>40%) + 量比>=1.3 + 量比大于2,105,0.0139,0.0055,2.524,0.7524,0.5463,0.2061,L3
1买,深跌(距前高>40%) + 量比>=1.3 + 价涨量增,234,0.0313,0.0119,2.64,0.7607,0.5463,0.2144,L3
1买,深跌(距前高>40%) + 量比>=1.3 + 量比大于1_3,251,0.0336,0.0127,2.644,0.761,0.5463,0.2147,L3
1买,深跌(距前高>40%) + 量比>=1.3 + 量能递增,230,0.0315,0.0108,2.915,0.7783,0.5463,0.232,L3
1买,深跌(距前高>40%) + 量比>=1.3 + 中枢极限底,167,0.0234,0.0072,3.249,0.7964,0.5463,0.2501,L3
1买,深跌(距前高>40%) + 火箭信号 + 价涨量增,97,0.0132,0.0047,2.831,0.7732,0.5463,0.2269,L3
1买,深跌(距前高>40%) + 火箭信号 + 量比大于1_3,101,0.0137,0.0049,2.817,0.7723,0.5463,0.226,L3
1买,深跌(距前高>40%) + 火箭信号 + 量能递增,100,0.0141,0.0042,3.322,0.8,0.5463,0.2537,L3
1买,深跌(距前高>40%) + 火箭信号 + 中枢极限底,80,0.0114,0.0032,3.599,0.8125,0.5463,0.2662,L3
1买,深跌(距前高>40%) + 量能金叉 + 量比大于2,80,0.0111,0.0036,3.078,0.7875,0.5463,0.2412,L3
1买,深跌(距前高>40%) + 量能金叉 + 价涨量增,160,0.0222,0.0072,3.078,0.7875,0.5463,0.2412,L3
1买,深跌(距前高>40%) + 量能金叉 + 量比大于1_3,169,0.023,0.008,2.863,0.7751,0.5463,0.2289,L3
1买,深跌(距前高>40%) + 量能金叉 + 量能递增,162,0.0222,0.0076,2.907,0.7778,0.5463,0.2315,L3
1买,深跌(距前高>40%) + 量能金叉 + 中枢极限底,122,0.0169,0.0055,3.067,0.7869,0.5463,0.2406,L3
1买,深跌(距前高>40%) + 量比大于2 + 价涨量增,153,0.0185,0.0102,1.817,0.6863,0.5463,0.14,L3
1买,深跌(距前高>40%) + 量比大于2 + 量比大于1_3,164,0.0199,0.0108,1.84,0.689,0.5463,0.1427,L3
1买,深跌(距前高>40%) + 量比大于2 + 量能递增,152,0.019,0.0093,2.039,0.7105,0.5463,0.1642,L3
1买,深跌(距前高>40%) + 量比大于2 + 中枢极限底,109,0.0142,0.0059,2.403,0.7431,0.5463,0.1968,L3
1买,深跌(距前高>40%) + 中枢进机会区 + 价涨量增,76,0.0093,0.0049,1.914,0.6974,0.5463,0.1511,L3
1买,深跌(距前高>40%) + 中枢进机会区 + 量比大于1_3,78,0.0095,0.0051,1.869,0.6923,0.5463,0.146,L3
1买,深跌(距前高>40%) + 中枢进机会区 + 量能递增,75,0.0086,0.0055,1.565,0.6533,0.5463,0.107,L3
1买,深跌(距前高>40%) + 中枢进机会区 + 中枢极限底,82,0.0097,0.0057,1.692,0.6707,0.5463,0.1244,L3
1买,深跌(距前高>40%) + 价涨量增 + 量比大于1_3,399,0.0508,0.0233,2.182,0.7243,0.5463,0.178,L3
1买,深跌(距前高>40%) + 价涨量增 + 量能递增,383,0.0492,0.0218,2.258,0.7311,0.5463,0.1848,L3
1买,深跌(距前高>40%) + 价涨量增 + 中枢极限底,297,0.0378,0.0174,2.178,0.7239,0.5463,0.1776,L3
1买,深跌(距前高>40%) + 量比大于1_3 + 量能递增,372,0.0491,0.0197,2.492,0.75,0.5463,0.2037,L3
1买,深跌(距前高>40%) + 量比大于1_3 + 中枢极限底,306,0.0397,0.0169,2.346,0.7386,0.5463,0.1923,L3
1买,深跌(距前高>40%) + 量能递增 + 中枢极限底,300,0.039,0.0165,2.364,0.74,0.5463,0.1937,L3
1买,量比>=1.3 + MA55上穿MA89 + 价涨量增,57,0.0067,0.004,1.661,0.6667,0.5463,0.1204,L3
1买,量比>=1.3 + MA55上穿MA89 + 量比大于1_3,68,0.0079,0.0049,1.625,0.6618,0.5463,0.1155,L3
1买,量比>=1.3 + MA55上穿MA89 + 量能递增,53,0.0065,0.0034,1.921,0.6981,0.5463,0.1518,L3
1买,量比>=1.3 + 火箭信号 + 量能金叉,175,0.0213,0.0114,1.861,0.6914,0.5463,0.1451,L3
1买,量比>=1.3 + 火箭信号 + 量比大于2,200,0.0236,0.014,1.686,0.67,0.5463,0.1237,L3
1买,量比>=1.3 + 火箭信号 + 中枢进机会区,106,0.013,0.0068,1.921,0.6981,0.5463,0.1518,L3
1买,量比>=1.3 + 火箭信号 + 量比>=2,70,0.0084,0.0047,1.812,0.6857,0.5463,0.1394,L3
1买,量比>=1.3 + 火箭信号 + 价涨量增,292,0.0357,0.0188,1.894,0.6952,0.5463,0.1489,L3
1买,量比>=1.3 + 火箭信号 + 量比大于1_3,303,0.0369,0.0197,1.875,0.6931,0.5463,0.1468,L3
1买,量比>=1.3 + 火箭信号 + 量能递增,288,0.0355,0.0182,1.951,0.7014,0.5463,0.1551,L3
1买,量比>=1.3 + 火箭信号 + 中枢极限底,196,0.0248,0.0116,2.129,0.7194,0.5463,0.1731,L3
1买,量比>=1.3 + 多头共振 + 偏多共振,91,0.0107,0.0064,1.689,0.6703,0.5463,0.124,L3
1买,量比>=1.3 + 多头共振 + 量比大于2,52,0.0063,0.0034,1.869,0.6923,0.5463,0.146,L3
1买,量比>=1.3 + 多头共振 + 中枢进机会区,71,0.0086,0.0047,1.85,0.6901,0.5463,0.1438,L3
1买,量比>=1.3 + 多头共振 + 价涨量增,69,0.0083,0.0047,1.774,0.6812,0.5463,0.1349,L3
1买,量比>=1.3 + 多头共振 + 量比大于1_3,91,0.0107,0.0064,1.689,0.6703,0.5463,0.124,L3
1买,量比>=1.3 + 多头共振 + 量能递增,66,0.0077,0.0047,1.661,0.6667,0.5463,0.1204,L3
1买,量比>=1.3 + 多头共振 + MACD_DIF大于0,58,0.0065,0.0044,1.463,0.6379,0.5463,0.0916,L3
1买,量比>=1.3 + 多头共振 + 中枢极限底,60,0.0081,0.003,2.729,0.7667,0.5463,0.2204,L3
1买,量比>=1.3 + 偏多共振 + 量比大于2,52,0.0063,0.0034,1.869,0.6923,0.5463,0.146,L3
1买,量比>=1.3 + 偏多共振 + 中枢进机会区,72,0.0086,0.0049,1.769,0.6806,0.5463,0.1343,L3
1买,量比>=1.3 + 偏多共振 + 价涨量增,70,0.0083,0.0049,1.697,0.6714,0.5463,0.1251,L3
1买,量比>=1.3 + 偏多共振 + 量比大于1_3,92,0.0107,0.0066,1.634,0.663,0.5463,0.1168,L3
1买,量比>=1.3 + 偏多共振 + 量能递增,66,0.0077,0.0047,1.661,0.6667,0.5463,0.1204,L3
1买,量比>=1.3 + 偏多共振 + MACD_DIF大于0,59,0.0065,0.0047,1.397,0.6271,0.5463,0.0808,L3
1买,量比>=1.3 + 偏多共振 + 中枢极限底,61,0.0081,0.0032,2.547,0.7541,0.5463,0.2078,L3
1买,量比>=1.3 + 量能金叉 + 量比大于2,830,0.0939,0.0627,1.498,0.6434,0.5463,0.0971,L3
1买,量比>=1.3 + 量能金叉 + 中枢进机会区,587,0.0698,0.0402,1.735,0.6763,0.5463,0.13,L3
1买,量比>=1.3 + 量能金叉 + 量比>=2,272,0.0287,0.0231,1.242,0.5993,0.5463,0.053,L3
1买,量比>=1.3 + 量能金叉 + 价涨量增,1163,0.132,0.0872,1.514,0.6457,0.5463,0.0995,L3
1买,量比>=1.3 + 量能金叉 + 量比大于1_3,1240,0.1414,0.0923,1.532,0.6484,0.5463,0.1021,L3
1买,量比>=1.3 + 量能金叉 + 量能递增,1143,0.1285,0.0872,1.474,0.6395,0.5463,0.0933,L3
1买,量比>=1.3 + 量能金叉 + MACD_DIF大于0,98,0.01,0.0087,1.155,0.5816,0.5463,0.0353,L3
1买,量比>=1.3 + 量能金叉 + 中枢极限底,764,0.0919,0.051,1.802,0.6846,0.5463,0.1383,L3
1买,量比>=1.3 + 量比大于2 + 中枢进机会区,608,0.0712,0.043,1.657,0.6661,0.5463,0.1198,L3
1买,量比>=1.3 + 量比大于2 + 量比>=2,427,0.0431,0.0385,1.118,0.5738,0.5463,0.0275,L3
1买,量比>=1.3 + 量比大于2 + 价涨量增,1291,0.1456,0.098,1.485,0.6414,0.5463,0.0951,L3
1买,量比>=1.3 + 量比大于2 + 量比大于1_3,1384,0.157,0.1039,1.51,0.6452,0.5463,0.0989,L3
1买,量比>=1.3 + 量比大于2 + 量能递增,1238,0.1403,0.0931,1.506,0.6446,0.5463,0.0983,L3
1买,量比>=1.3 + 量比大于2 + MACD_DIF大于0,128,0.013,0.0114,1.138,0.5781,0.5463,0.0318,L3
1买,量比>=1.3 + 量比大于2 + 中枢极限底,849,0.102,0.0569,1.791,0.6832,0.5463,0.1369,L3
1买,量比>=1.3 + 中枢进机会区 + 量比>=2,187,0.02,0.0155,1.297,0.6096,0.5463,0.0633,L3
1买,量比>=1.3 + 中枢进机会区 + 价涨量增,995,0.1134,0.0741,1.531,0.6482,0.5463,0.1019,L3
1买,量比>=1.3 + 中枢进机会区 + 量比大于1_3,1163,0.1331,0.0859,1.549,0.6509,0.5463,0.1046,L3
1买,量比>=1.3 + 中枢进机会区 + 量能递增,904,0.1023,0.0682,1.501,0.6438,0.5463,0.0975,L3
1买,量比>=1.3 + 中枢进机会区 + MACD_DIF大于0,137,0.0141,0.0121,1.166,0.5839,0.5463,0.0376,L3
1买,量比>=1.3 + 中枢进机会区 + 中枢极限底,803,0.0965,0.0538,1.795,0.6837,0.5463,0.1374,L3
1买,量比>=1.3 + 量比>=2 + 价涨量增,404,0.0408,0.0364,1.12,0.5743,0.5463,0.028,L3
1买,量比>=1.3 + 量比>=2 + 量比大于1_3,427,0.0431,0.0385,1.118,0.5738,0.5463,0.0275,L3
1买,量比>=1.3 + 量比>=2 + 量能递增,384,0.039,0.0343,1.138,0.5781,0.5463,0.0318,L3
1买,量比>=1.3 + 量比>=2 + MACD_DIF大于0,52,0.0058,0.004,1.442,0.6346,0.5463,0.0883,L3
1买,量比>=1.3 + 量比>=2 + 中枢极限底,231,0.0243,0.0197,1.232,0.5974,0.5463,0.0511,L3
1买,量比>=1.3 + 价涨量增 + 量比大于1_3,2421,0.2671,0.1909,1.399,0.6274,0.5463,0.0811,L3
1买,量比>=1.3 + 价涨量增 + 量能递增,2125,0.2382,0.163,1.462,0.6376,0.5463,0.0914,L3
1买,量比>=1.3 + 价涨量增 + MACD_DIF大于0,171,0.0169,0.0159,1.063,0.5614,0.5463,0.0151,L3
1买,量比>=1.3 + 价涨量增 + 中枢极限底,1460,0.1682,0.1065,1.58,0.6555,0.5463,0.1092,L3
1买,量比>=1.3 + 量比大于1_3 + 量能递增,2214,0.2465,0.1719,1.434,0.6332,0.5463,0.087,L3
1买,量比>=1.3 + 量比大于1_3 + MACD_DIF大于0,195,0.0192,0.0182,1.053,0.559,0.5463,0.0127,L3
1买,量比>=1.3 + 量比大于1_3 + 中枢极限底,1682,0.1944,0.1219,1.595,0.6576,0.5463,0.1113,L3
1买,量比>=1.3 + 量能递增 + MACD_DIF大于0,170,0.0165,0.0161,1.027,0.5529,0.5463,0.0066,L3
1买,量比>=1.3 + 量能递增 + 中枢极限底,1322,0.1528,0.0959,1.593,0.6573,0.5463,0.111,L3
1买,量比>=1.3 + MACD_DIF大于0 + 中枢极限底,91,0.0102,0.007,1.46,0.6374,0.5463,0.0911,L3
1买,MA55上穿MA89 + 量能金叉 + 量比大于1_3,55,0.006,0.0044,1.345,0.6182,0.5463,0.0719,L3
1买,MA55上穿MA89 + 量比大于2 + 价涨量增,60,0.007,0.0042,1.661,0.6667,0.5463,0.1204,L3
1买,MA55上穿MA89 + 量比大于2 + 量比大于1_3,70,0.0083,0.0049,1.697,0.6714,0.5463,0.1251,L3
1买,MA55上穿MA89 + 量比大于2 + 量能递增,57,0.0069,0.0038,1.799,0.6842,0.5463,0.1379,L3
1买,MA55上穿MA89 + 中枢进机会区 + 价涨量增,67,0.0076,0.0051,1.488,0.6418,0.5463,0.0955,L3
1买,MA55上穿MA89 + 中枢进机会区 + 量比大于1_3,82,0.0104,0.0049,2.13,0.7195,0.5463,0.1732,L3
1买,MA55上穿MA89 + 中枢进机会区 + 量能递增,87,0.0109,0.0053,2.06,0.7126,0.5463,0.1664,L3
1买,MA55上穿MA89 + 中枢进机会区 + 中枢极限底,83,0.0113,0.004,2.798,0.7711,0.5463,0.2248,L3
1买,MA55上穿MA89 + 价涨量增 + 量比大于1_3,107,0.0118,0.0085,1.391,0.6262,0.5463,0.0799,L3
1买,MA55上穿MA89 + 价涨量增 + 量能递增,104,0.0116,0.008,1.442,0.6346,0.5463,0.0883,L3
1买,MA55上穿MA89 + 价涨量增 + 中枢极限底,74,0.0091,0.0047,1.963,0.7027,0.5463,0.1564,L3
1买,MA55上穿MA89 + 量比大于1_3 + 量能递增,102,0.012,0.0072,1.661,0.6667,0.5463,0.1204,L3
1买,MA55上穿MA89 + 量比大于1_3 + 中枢极限底,87,0.0113,0.0049,2.311,0.7356,0.5463,0.1893,L3
1买,MA55上穿MA89 + 量能递增 + 中枢极限底,89,0.0114,0.0051,2.249,0.7303,0.5463,0.184,L3
1买,火箭信号 + 多头共振 + 偏多共振,51,0.0047,0.0051,0.934,0.5294,0.5463,-0.0169,L3
1买,火箭信号 + 量能金叉 + 量比大于2,280,0.0294,0.0239,1.227,0.5964,0.5463,0.0501,L3
1买,火箭信号 + 量能金叉 + 中枢进机会区,133,0.0151,0.0099,1.52,0.6466,0.5463,0.1003,L3
1买,火箭信号 + 量能金叉 + 量比>=2,56,0.0069,0.0036,1.905,0.6964,0.5463,0.1501,L3
1买,火箭信号 + 量能金叉 + 价涨量增,327,0.0357,0.0262,1.36,0.6208,0.5463,0.0745,L3
1买,火箭信号 + 量能金叉 + 量比大于1_3,337,0.0369,0.0269,1.373,0.6231,0.5463,0.0769,L3
1买,火箭信号 + 量能金叉 + 量能递增,326,0.0359,0.0258,1.389,0.6258,0.5463,0.0795,L3
1买,火箭信号 + 量能金叉 + 中枢极限底,225,0.0246,0.018,1.368,0.6222,0.5463,0.0759,L3
1买,火箭信号 + 量比大于2 + 中枢进机会区,182,0.0193,0.0152,1.269,0.6044,0.5463,0.0581,L3
1买,火箭信号 + 量比大于2 + 量比>=2,70,0.0084,0.0047,1.812,0.6857,0.5463,0.1394,L3
1买,火箭信号 + 量比大于2 + 价涨量增,417,0.0431,0.0364,1.183,0.5875,0.5463,0.0412,L3
1买,火箭信号 + 量比大于2 + 量比大于1_3,425,0.0438,0.0373,1.175,0.5859,0.5463,0.0396,L3
1买,火箭信号 + 量比大于2 + 量能递增,408,0.0424,0.0354,1.199,0.5907,0.5463,0.0444,L3
1买,火箭信号 + 量比大于2 + MACD_DIF大于0,71,0.0079,0.0055,1.437,0.6338,0.5463,0.0875,L3
1买,火箭信号 + 量比大于2 + 中枢极限底,280,0.0301,0.0231,1.303,0.6107,0.5463,0.0644,L3
1买,火箭信号 + 中枢进机会区 + 价涨量增,262,0.0281,0.0216,1.303,0.6107,0.5463,0.0644,L3
1买,火箭信号 + 中枢进机会区 + 量比大于1_3,262,0.0287,0.021,1.367,0.6221,0.5463,0.0758,L3
1买,火箭信号 + 中枢进机会区 + 量能递增,261,0.0287,0.0207,1.381,0.6245,0.5463,0.0782,L3
1买,火箭信号 + 中枢进机会区 + MACD_DIF大于0,88,0.0091,0.0076,1.2,0.5909,0.5463,0.0446,L3
1买,火箭信号 + 中枢进机会区 + 中枢极限底,180,0.0209,0.0129,1.62,0.6611,0.5463,0.1148,L3
1买,火箭信号 + 量比>=2 + 价涨量增,68,0.0081,0.0047,1.737,0.6765,0.5463,0.1302,L3
1买,火箭信号 + 量比>=2 + 量比大于1_3,70,0.0084,0.0047,1.812,0.6857,0.5463,0.1394,L3
1买,火箭信号 + 量比>=2 + 量能递增,68,0.0084,0.0042,1.993,0.7059,0.5463,0.1596,L3
1买,火箭信号 + 价涨量增 + 量比大于1_3,611,0.0666,0.0491,1.357,0.6203,0.5463,0.074,L3
1买,火箭信号 + 价涨量增 + 量能递增,587,0.0649,0.0461,1.406,0.6286,0.5463,0.0823,L3
1买,火箭信号 + 价涨量增 + MACD_DIF大于0,96,0.0102,0.008,1.268,0.6042,0.5463,0.0579,L3
1买,火箭信号 + 价涨量增 + 中枢极限底,399,0.045,0.0303,1.487,0.6416,0.5463,0.0953,L3
1买,火箭信号 + 量比大于1_3 + 量能递增,589,0.0652,0.0461,1.413,0.6299,0.5463,0.0836,L3
1买,火箭信号 + 量比大于1_3 + MACD_DIF大于0,92,0.01,0.0074,1.353,0.6196,0.5463,0.0733,L3
1买,火箭信号 + 量比大于1_3 + 中枢极限底,407,0.0464,0.0303,1.533,0.6486,0.5463,0.1024,L3
1买,火箭信号 + 量能递增 + MACD_DIF大于0,100,0.01,0.0091,1.101,0.57,0.5463,0.0237,L3
1买,火箭信号 + 量能递增 + 中枢极限底,403,0.0459,0.0301,1.527,0.6476,0.5463,0.1013,L3
1买,火箭信号 + MACD_DIF大于0 + 中枢极限底,59,0.0067,0.0044,1.503,0.6441,0.5463,0.0978,L3
1买,多头共振 + 偏多共振 + 量能金叉,97,0.0114,0.0068,1.687,0.6701,0.5463,0.1238,L3
1买,多头共振 + 偏多共振 + 斐波短中多头,89,0.009,0.008,1.115,0.573,0.5463,0.0267,L3
1买,多头共振 + 偏多共振 + 量比大于2,117,0.0121,0.0102,1.194,0.5897,0.5463,0.0435,L3
1买,多头共振 + 偏多共振 + 中枢进机会区,387,0.0448,0.0279,1.604,0.6589,0.5463,0.1126,L3
1买,多头共振 + 偏多共振 + 价涨量增,216,0.0216,0.0197,1.098,0.5694,0.5463,0.0232,L3
1买,多头共振 + 偏多共振 + 量比大于1_3,276,0.0288,0.0237,1.216,0.5942,0.5463,0.0479,L3
1买,多头共振 + 偏多共振 + 多头排列,85,0.0079,0.0085,0.934,0.5294,0.5463,-0.0169,L3
1买,多头共振 + 偏多共振 + 量能递增,327,0.0359,0.026,1.377,0.6239,0.5463,0.0776,L3
1买,多头共振 + 偏多共振 + MACD_DIF大于0,326,0.0348,0.0271,1.285,0.6074,0.5463,0.0611,L3
1买,多头共振 + 偏多共振 + 中枢极限底,282,0.0345,0.0182,1.893,0.695,0.5463,0.1487,L3
1买,多头共振 + 量能金叉 + 量比大于2,64,0.0072,0.0049,1.48,0.6406,0.5463,0.0943,L3
1买,多头共振 + 量能金叉 + 中枢进机会区,81,0.0098,0.0053,1.86,0.6914,0.5463,0.1451,L3
1买,多头共振 + 量能金叉 + 价涨量增,77,0.0088,0.0057,1.538,0.6494,0.5463,0.1031,L3
1买,多头共振 + 量能金叉 + 量比大于1_3,95,0.0113,0.0066,1.715,0.6737,0.5463,0.1274,L3
1买,多头共振 + 量能金叉 + 量能递增,74,0.0081,0.0059,1.364,0.6216,0.5463,0.0753,L3
1买,多头共振 + 量能金叉 + MACD_DIF大于0,59,0.0058,0.0055,1.054,0.5593,0.5463,0.013,L3
1买,多头共振 + 量能金叉 + 中枢极限底,57,0.0081,0.0023,3.473,0.807,0.5463,0.2607,L3
1买,多头共振 + 斐波短中多头 + 中枢进机会区,65,0.0072,0.0051,1.419,0.6308,0.5463,0.0845,L3
1买,多头共振 + 斐波短中多头 + 多头排列,56,0.0053,0.0055,0.958,0.5357,0.5463,-0.0106,L3
1买,多头共振 + 斐波短中多头 + 量能递增,83,0.0084,0.0074,1.139,0.5783,0.5463,0.032,L3
1买,多头共振 + 斐波短中多头 + MACD_DIF大于0,88,0.0088,0.008,1.093,0.5682,0.5463,0.0219,L3
1买,多头共振 + 量比大于2 + 中枢进机会区,95,0.0105,0.0074,1.424,0.6316,0.5463,0.0853,L3
1买,多头共振 + 量比大于2 + 价涨量增,97,0.0102,0.0083,1.235,0.5979,0.5463,0.0516,L3
1买,多头共振 + 量比大于2 + 量比大于1_3,117,0.0121,0.0102,1.194,0.5897,0.5463,0.0435,L3
1买,多头共振 + 量比大于2 + 量能递增,99,0.0104,0.0085,1.225,0.596,0.5463,0.0497,L3
1买,多头共振 + 量比大于2 + MACD_DIF大于0,86,0.0083,0.0083,1.001,0.5465,0.5463,0.0002,L3
1买,多头共振 + 量比大于2 + 中枢极限底,68,0.0083,0.0044,1.859,0.6912,0.5463,0.1449,L3
1买,多头共振 + 中枢进机会区 + 价涨量增,173,0.0192,0.0135,1.414,0.6301,0.5463,0.0838,L3
1买,多头共振 + 中枢进机会区 + 量比大于1_3,225,0.0255,0.0169,1.505,0.6444,0.5463,0.0982,L3
1买,多头共振 + 中枢进机会区 + 多头排列,63,0.0069,0.0051,1.35,0.619,0.5463,0.0728,L3
1买,多头共振 + 中枢进机会区 + 量能递增,273,0.032,0.0193,1.661,0.6667,0.5463,0.1204,L3
1买,多头共振 + 中枢进机会区 + MACD_DIF大于0,276,0.0313,0.0207,1.508,0.6449,0.5463,0.0986,L3
1买,多头共振 + 中枢进机会区 + 中枢极限底,265,0.0331,0.0163,2.028,0.7094,0.5463,0.1631,L3
1买,多头共振 + 价涨量增 + 量比大于1_3,184,0.0185,0.0167,1.104,0.5707,0.5463,0.0244,L3
1买,多头共振 + 价涨量增 + 量能递增,181,0.0183,0.0163,1.122,0.5746,0.5463,0.0283,L3
1买,多头共振 + 价涨量增 + MACD_DIF大于0,158,0.0153,0.015,1.018,0.5506,0.5463,0.0043,L3
1买,多头共振 + 价涨量增 + 中枢极限底,114,0.0141,0.0072,1.954,0.7018,0.5463,0.1555,L3
1买,多头共振 + 量比大于1_3 + 量能递增,196,0.0199,0.0176,1.131,0.5765,0.5463,0.0302,L3
1买,多头共振 + 量比大于1_3 + MACD_DIF大于0,192,0.019,0.0178,1.068,0.5625,0.5463,0.0162,L3
1买,多头共振 + 量比大于1_3 + 中枢极限底,158,0.0193,0.0102,1.903,0.6962,0.5463,0.1499,L3
1买,多头共振 + 多头排列 + 量能递增,81,0.0076,0.008,0.94,0.5309,0.5463,-0.0154,L3
1买,多头共振 + 多头排列 + MACD_DIF大于0,85,0.0079,0.0085,0.934,0.5294,0.5463,-0.0169,L3
1买,多头共振 + 量能递增 + MACD_DIF大于0,253,0.0269,0.0212,1.271,0.6047,0.5463,0.0585,L3
1买,多头共振 + 量能递增 + 中枢极限底,187,0.0236,0.0112,2.1,0.7166,0.5463,0.1703,L3
1买,多头共振 + MACD_DIF大于0 + 中枢极限底,180,0.022,0.0116,1.888,0.6944,0.5463,0.1482,L3
1买,偏多共振 + 量能金叉 + 量比大于2,64,0.0072,0.0049,1.48,0.6406,0.5463,0.0943,L3
1买,偏多共振 + 量能金叉 + 中枢进机会区,81,0.0098,0.0053,1.86,0.6914,0.5463,0.1451,L3
1买,偏多共振 + 量能金叉 + 价涨量增,77,0.0088,0.0057,1.538,0.6494,0.5463,0.1031,L3
1买,偏多共振 + 量能金叉 + 量比大于1_3,95,0.0113,0.0066,1.715,0.6737,0.5463,0.1274,L3
1买,偏多共振 + 量能金叉 + 量能递增,74,0.0081,0.0059,1.364,0.6216,0.5463,0.0753,L3
1买,偏多共振 + 量能金叉 + MACD_DIF大于0,59,0.0058,0.0055,1.054,0.5593,0.5463,0.013,L3
1买,偏多共振 + 量能金叉 + 中枢极限底,57,0.0081,0.0023,3.473,0.807,0.5463,0.2607,L3
1买,偏多共振 + 斐波短中多头 + 中枢进机会区,65,0.0072,0.0051,1.419,0.6308,0.5463,0.0845,L3
1买,偏多共振 + 斐波短中多头 + 多头排列,56,0.0053,0.0055,0.958,0.5357,0.5463,-0.0106,L3
1买,偏多共振 + 斐波短中多头 + 量能递增,83,0.0084,0.0074,1.139,0.5783,0.5463,0.032,L3
1买,偏多共振 + 斐波短中多头 + MACD_DIF大于0,88,0.0088,0.008,1.093,0.5682,0.5463,0.0219,L3
1买,偏多共振 + 量比大于2 + 中枢进机会区,95,0.0105,0.0074,1.424,0.6316,0.5463,0.0853,L3
1买,偏多共振 + 量比大于2 + 价涨量增,97,0.0102,0.0083,1.235,0.5979,0.5463,0.0516,L3
1买,偏多共振 + 量比大于2 + 量比大于1_3,117,0.0121,0.0102,1.194,0.5897,0.5463,0.0435,L3
1买,偏多共振 + 量比大于2 + 量能递增,99,0.0104,0.0085,1.225,0.596,0.5463,0.0497,L3
1买,偏多共振 + 量比大于2 + MACD_DIF大于0,86,0.0083,0.0083,1.001,0.5465,0.5463,0.0002,L3
1买,偏多共振 + 量比大于2 + 中枢极限底,68,0.0083,0.0044,1.859,0.6912,0.5463,0.1449,L3
1买,偏多共振 + 中枢进机会区 + 价涨量增,175,0.0193,0.0138,1.405,0.6286,0.5463,0.0823,L3
1买,偏多共振 + 中枢进机会区 + 量比大于1_3,227,0.0257,0.0171,1.497,0.6432,0.5463,0.0969,L3
1买,偏多共振 + 中枢进机会区 + 多头排列,64,0.0069,0.0053,1.296,0.6094,0.5463,0.0631,L3
1买,偏多共振 + 中枢进机会区 + 量能递增,274,0.0322,0.0193,1.67,0.6679,0.5463,0.1216,L3
1买,偏多共振 + 中枢进机会区 + MACD_DIF大于0,277,0.0313,0.021,1.493,0.6426,0.5463,0.0963,L3
1买,偏多共振 + 中枢进机会区 + 中枢极限底,266,0.0331,0.0165,2.002,0.7068,0.5463,0.1605,L3
1买,偏多共振 + 价涨量增 + 量比大于1_3,186,0.0186,0.0169,1.1,0.5699,0.5463,0.0236,L3
1买,偏多共振 + 价涨量增 + 量能递增,182,0.0185,0.0163,1.133,0.5769,0.5463,0.0306,L3
1买,偏多共振 + 价涨量增 + MACD_DIF大于0,159,0.0153,0.0152,1.004,0.5472,0.5463,0.0009,L3
1买,偏多共振 + 价涨量增 + 中枢极限底,115,0.0141,0.0074,1.898,0.6957,0.5463,0.1494,L3
1买,偏多共振 + 量比大于1_3 + 量能递增,197,0.02,0.0176,1.141,0.5787,0.5463,0.0324,L3
1买,偏多共振 + 量比大于1_3 + MACD_DIF大于0,193,0.019,0.018,1.055,0.5596,0.5463,0.0133,L3
1买,偏多共振 + 量比大于1_3 + 中枢极限底,159,0.0193,0.0104,1.864,0.6918,0.5463,0.1455,L3
1买,偏多共振 + 多头排列 + 量能递增,81,0.0076,0.008,0.94,0.5309,0.5463,-0.0154,L3
1买,偏多共振 + 多头排列 + MACD_DIF大于0,86,0.0079,0.0087,0.912,0.5233,0.5463,-0.023,L3
1买,偏多共振 + 量能递增 + MACD_DIF大于0,253,0.0269,0.0212,1.271,0.6047,0.5463,0.0585,L3
1买,偏多共振 + 量能递增 + 中枢极限底,187,0.0236,0.0112,2.1,0.7166,0.5463,0.1703,L3
1买,偏多共振 + MACD_DIF大于0 + 中枢极限底,181,0.022,0.0119,1.854,0.6906,0.5463,0.1443,L3
1买,量能金叉 + 量比大于2 + 中枢进机会区,790,0.0907,0.058,1.564,0.6532,0.5463,0.1069,L3
1买,量能金叉 + 量比大于2 + 量比>=2,272,0.0287,0.0231,1.242,0.5993,0.5463,0.053,L3
1买,量能金叉 + 量比大于2 + 价涨量增,1421,0.1538,0.1156,1.331,0.6158,0.5463,0.0695,L3
1买,量能金叉 + 量比大于2 + 量比大于1_3,1550,0.1667,0.1274,1.308,0.6116,0.5463,0.0653,L3
1买,量能金叉 + 量比大于2 + 量能递增,1460,0.1552,0.1221,1.271,0.6048,0.5463,0.0585,L3
1买,量能金叉 + 量比大于2 + MACD_DIF大于0,147,0.0141,0.0142,0.992,0.5442,0.5463,-0.0021,L3
1买,量能金叉 + 量比大于2 + 中枢极限底,946,0.1078,0.0705,1.529,0.648,0.5463,0.1017,L3
1买,量能金叉 + 中枢进机会区 + 量比>=2,135,0.016,0.0093,1.718,0.6741,0.5463,0.1278,L3
1买,量能金叉 + 中枢进机会区 + 价涨量增,1130,0.125,0.0887,1.409,0.6292,0.5463,0.0829,L3
1买,量能金叉 + 中枢进机会区 + 量比大于1_3,1260,0.1408,0.0972,1.449,0.6357,0.5463,0.0894,L3
1买,量能金叉 + 中枢进机会区 + 量能递增,1169,0.1268,0.0948,1.337,0.6168,0.5463,0.0705,L3
1买,量能金叉 + 中枢进机会区 + MACD_DIF大于0,137,0.0137,0.0125,1.098,0.5693,0.5463,0.0231,L3
1买,量能金叉 + 中枢进机会区 + 中枢极限底,882,0.1055,0.0597,1.767,0.6803,0.5463,0.134,L3
1买,量能金叉 + 量比>=2 + 价涨量增,260,0.0276,0.0218,1.266,0.6038,0.5463,0.0576,L3
1买,量能金叉 + 量比>=2 + 量比大于1_3,272,0.0287,0.0231,1.242,0.5993,0.5463,0.053,L3
1买,量能金叉 + 量比>=2 + 量能递增,257,0.0267,0.0222,1.202,0.5914,0.5463,0.0451,L3
1买,量能金叉 + 量比>=2 + 中枢极限底,149,0.0171,0.011,1.549,0.651,0.5463,0.1047,L3
1买,量能金叉 + 价涨量增 + 量比大于1_3,2237,0.2377,0.1873,1.269,0.6044,0.5463,0.0581,L3
1买,量能金叉 + 价涨量增 + 量能递增,2161,0.2293,0.1814,1.264,0.6034,0.5463,0.0571,L3
1买,量能金叉 + 价涨量增 + MACD_DIF大于0,166,0.0155,0.0165,0.937,0.5301,0.5463,-0.0162,L3
1买,量能金叉 + 价涨量增 + 中枢极限底,1405,0.1577,0.1075,1.466,0.6384,0.5463,0.0921,L3
1买,量能金叉 + 量比大于1_3 + 量能递增,2283,0.2402,0.1941,1.237,0.5983,0.5463,0.052,L3
1买,量能金叉 + 量比大于1_3 + MACD_DIF大于0,184,0.0179,0.0174,1.033,0.5543,0.5463,0.0081,L3
1买,量能金叉 + 量比大于1_3 + 中枢极限底,1541,0.1733,0.1175,1.475,0.6398,0.5463,0.0936,L3
1买,量能金叉 + 量能递增 + MACD_DIF大于0,170,0.0153,0.0176,0.871,0.5118,0.5463,-0.0345,L3
1买,量能金叉 + 量能递增 + 中枢极限底,1441,0.1581,0.1147,1.378,0.6239,0.5463,0.0776,L3
1买,量能金叉 + MACD_DIF大于0 + 中枢极限底,81,0.0093,0.0059,1.572,0.6543,0.5463,0.108,L3
1买,斐波短中多头 + 中枢进机会区 + 价涨量增,58,0.0056,0.0055,1.022,0.5517,0.5463,0.0054,L3
1买,斐波短中多头 + 中枢进机会区 + 量比大于1_3,52,0.0047,0.0053,0.897,0.5192,0.5463,-0.0271,L3
1买,斐波短中多头 + 中枢进机会区 + 多头排列,63,0.0069,0.0051,1.35,0.619,0.5463,0.0728,L3
1买,斐波短中多头 + 中枢进机会区 + 量能递增,107,0.0121,0.008,1.508,0.6449,0.5463,0.0986,L3
1买,斐波短中多头 + 中枢进机会区 + MACD_DIF大于0,109,0.0121,0.0085,1.433,0.633,0.5463,0.0867,L3
1买,斐波短中多头 + 中枢进机会区 + 中枢极限底,68,0.0086,0.004,2.142,0.7206,0.5463,0.1743,L3
1买,斐波短中多头 + 价涨量增 + 量比大于1_3,70,0.0063,0.0072,0.879,0.5143,0.5463,-0.032,L3
1买,斐波短中多头 + 价涨量增 + 多头排列,51,0.004,0.0059,0.682,0.451,0.5463,-0.0953,L3
1买,斐波短中多头 + 价涨量增 + 量能递增,82,0.0074,0.0085,0.872,0.5122,0.5463,-0.0341,L3
1买,斐波短中多头 + 价涨量增 + MACD_DIF大于0,83,0.0074,0.0087,0.851,0.506,0.5463,-0.0403,L3
1买,斐波短中多头 + 量比大于1_3 + 量能递增,74,0.0065,0.0078,0.831,0.5,0.5463,-0.0463,L3
1买,斐波短中多头 + 量比大于1_3 + MACD_DIF大于0,78,0.0067,0.0085,0.789,0.4872,0.5463,-0.0591,L3
1买,斐波短中多头 + 多头排列 + 量能递增,85,0.0086,0.0076,1.13,0.5765,0.5463,0.0302,L3
1买,斐波短中多头 + 多头排列 + MACD_DIF大于0,89,0.0088,0.0083,1.065,0.5618,0.5463,0.0155,L3
1买,斐波短中多头 + 量能递增 + MACD_DIF大于0,138,0.0146,0.0116,1.253,0.6014,0.5463,0.0552,L3
1买,斐波短中多头 + 量能递增 + 中枢极限底,67,0.0084,0.004,2.098,0.7164,0.5463,0.1701,L3
1买,斐波短中多头 + MACD_DIF大于0 + 中枢极限底,68,0.0084,0.0042,1.993,0.7059,0.5463,0.1596,L3
1买,量比大于2 + 中枢进机会区 + 量比>=2,187,0.02,0.0155,1.297,0.6096,0.5463,0.0633,L3
1买,量比大于2 + 中枢进机会区 + 价涨量增,1182,0.1297,0.094,1.38,0.6244,0.5463,0.0781,L3
1买,量比大于2 + 中枢进机会区 + 量比大于1_3,1352,0.147,0.1092,1.346,0.6183,0.5463,0.0721,L3
1买,量比大于2 + 中枢进机会区 + 量能递增,1171,0.1271,0.0948,1.34,0.6174,0.5463,0.0711,L3
1买,量比大于2 + 中枢进机会区 + MACD_DIF大于0,194,0.0197,0.0174,1.134,0.5773,0.5463,0.031,L3
1买,量比大于2 + 中枢进机会区 + 中枢极限底,879,0.1011,0.0644,1.571,0.6542,0.5463,0.1079,L3
1买,量比大于2 + 量比>=2 + 价涨量增,404,0.0408,0.0364,1.12,0.5743,0.5463,0.028,L3
1买,量比大于2 + 量比>=2 + 量比大于1_3,427,0.0431,0.0385,1.118,0.5738,0.5463,0.0275,L3
1买,量比大于2 + 量比>=2 + 量能递增,384,0.039,0.0343,1.138,0.5781,0.5463,0.0318,L3
1买,量比大于2 + 量比>=2 + MACD_DIF大于0,52,0.0058,0.004,1.442,0.6346,0.5463,0.0883,L3
1买,量比大于2 + 量比>=2 + 中枢极限底,231,0.0243,0.0197,1.232,0.5974,0.5463,0.0511,L3
1买,量比大于2 + 价涨量增 + 量比大于1_3,2605,0.2739,0.2216,1.236,0.5981,0.5463,0.0518,L3
1买,量比大于2 + 价涨量增 + 量能递增,2319,0.2454,0.1954,1.256,0.602,0.5463,0.0557,L3
1买,量比大于2 + 价涨量增 + MACD_DIF大于0,240,0.023,0.0231,0.998,0.5458,0.5463,-0.0005,L3
1买,量比大于2 + 价涨量增 + 中枢极限底,1578,0.1756,0.1226,1.433,0.6331,0.5463,0.0868,L3
1买,量比大于2 + 量比大于1_3 + 量能递增,2522,0.2632,0.217,1.213,0.5936,0.5463,0.0473,L3
1买,量比大于2 + 量比大于1_3 + MACD_DIF大于0,269,0.0258,0.0258,1.001,0.5465,0.5463,0.0002,L3
1买,量比大于2 + 量比大于1_3 + 中枢极限底,1764,0.1944,0.1393,1.396,0.627,0.5463,0.0807,L3
1买,量比大于2 + 量能递增 + MACD_DIF大于0,245,0.023,0.0241,0.954,0.5347,0.5463,-0.0116,L3
1买,量比大于2 + 量能递增 + 中枢极限底,1536,0.1686,0.1221,1.38,0.6243,0.5463,0.0781,L3
1买,量比大于2 + MACD_DIF大于0 + 中枢极限底,117,0.0127,0.0095,1.329,0.6154,0.5463,0.0691,L3
1买,中枢进机会区 + 量比>=2 + 价涨量增,177,0.019,0.0146,1.3,0.6102,0.5463,0.0639,L3
1买,中枢进机会区 + 量比>=2 + 量比大于1_3,187,0.02,0.0155,1.297,0.6096,0.5463,0.0633,L3
1买,中枢进机会区 + 量比>=2 + 量能递增,166,0.0179,0.0135,1.324,0.6145,0.5463,0.0682,L3
1买,中枢进机会区 + 量比>=2 + 中枢极限底,121,0.0139,0.0089,1.562,0.6529,0.5463,0.1066,L3
1买,中枢进机会区 + 价涨量增 + 量比大于1_3,2526,0.2669,0.2134,1.251,0.601,0.5463,0.0547,L3
1买,中枢进机会区 + 价涨量增 + 多头排列,67,0.0065,0.0064,1.024,0.5522,0.5463,0.0059,L3
1买,中枢进机会区 + 价涨量增 + 量能递增,2343,0.2456,0.2003,1.226,0.5962,0.5463,0.05,L3
1买,中枢进机会区 + 价涨量增 + MACD_DIF大于0,328,0.0323,0.0305,1.061,0.561,0.5463,0.0147,L3
1买,中枢进机会区 + 价涨量增 + 中枢极限底,1841,0.1981,0.1511,1.311,0.6122,0.5463,0.0659,L3
1买,中枢进机会区 + 量比大于1_3 + 多头排列,61,0.006,0.0057,1.046,0.5574,0.5463,0.0111,L3
1买,中枢进机会区 + 量比大于1_3 + 量能递增,2402,0.2511,0.2062,1.218,0.5945,0.5463,0.0482,L3
1买,中枢进机会区 + 量比大于1_3 + MACD_DIF大于0,382,0.0383,0.0347,1.104,0.5707,0.5463,0.0244,L3
1买,中枢进机会区 + 量比大于1_3 + 中枢极限底,2146,0.2333,0.1734,1.346,0.6184,0.5463,0.0721,L3
1买,中枢进机会区 + 多头排列 + 量能递增,111,0.012,0.0091,1.313,0.6126,0.5463,0.0663,L3
1买,中枢进机会区 + 多头排列 + MACD_DIF大于0,114,0.0121,0.0095,1.273,0.6053,0.5463,0.059,L3
1买,中枢进机会区 + 多头排列 + 中枢极限底,69,0.0077,0.0053,1.462,0.6377,0.5463,0.0914,L3
1买,中枢进机会区 + 量能递增 + MACD_DIF大于0,478,0.0487,0.0425,1.145,0.5795,0.5463,0.0332,L3
1买,中枢进机会区 + 量能递增 + 中枢极限底,2024,0.2168,0.1674,1.295,0.6092,0.5463,0.0629,L3
1买,中枢进机会区 + MACD_DIF大于0 + 中枢极限底,378,0.0418,0.0296,1.412,0.6296,0.5463,0.0833,L3
1买,量比>=2 + 价涨量增 + 量比大于1_3,404,0.0408,0.0364,1.12,0.5743,0.5463,0.028,L3
1买,量比>=2 + 价涨量增 + 量能递增,370,0.0378,0.0328,1.152,0.5811,0.5463,0.0348,L3
1买,量比>=2 + 价涨量增 + 中枢极限底,224,0.0234,0.0193,1.214,0.5938,0.5463,0.0475,L3
1买,量比>=2 + 量比大于1_3 + 量能递增,384,0.039,0.0343,1.138,0.5781,0.5463,0.0318,L3
1买,量比>=2 + 量比大于1_3 + MACD_DIF大于0,52,0.0058,0.004,1.442,0.6346,0.5463,0.0883,L3
1买,量比>=2 + 量比大于1_3 + 中枢极限底,231,0.0243,0.0197,1.232,0.5974,0.5463,0.0511,L3
1买,量比>=2 + 量能递增 + MACD_DIF大于0,50,0.0056,0.0038,1.476,0.64,0.5463,0.0937,L3
1买,量比>=2 + 量能递增 + 中枢极限底,205,0.022,0.0169,1.298,0.6098,0.5463,0.0635,L3
1买,价涨量增 + 量比大于1_3 + 多头排列,75,0.0069,0.0076,0.9,0.52,0.5463,-0.0263,L3
1买,价涨量增 + 量比大于1_3 + 量能递增,4662,0.4793,0.4098,1.169,0.5847,0.5463,0.0384,L3
1买,价涨量增 + 量比大于1_3 + MACD_DIF大于0,392,0.0369,0.0385,0.958,0.5357,0.5463,-0.0106,L3
1买,价涨量增 + 量比大于1_3 + 中枢极限底,3523,0.3699,0.3004,1.231,0.5972,0.5463,0.0509,L3
1买,价涨量增 + 多头排列 + 量能递增,88,0.0077,0.0093,0.831,0.5,0.5463,-0.0463,L3
1买,价涨量增 + 多头排列 + MACD_DIF大于0,92,0.0081,0.0097,0.831,0.5,0.5463,-0.0463,L3
1买,价涨量增 + 量能递增 + MACD_DIF大于0,395,0.0364,0.0398,0.914,0.5241,0.5463,-0.0222,L3
1买,价涨量增 + 量能递增 + 中枢极限底,3168,0.3318,0.2712,1.223,0.5956,0.5463,0.0494,L3
1买,价涨量增 + MACD_DIF大于0 + 中枢极限底,193,0.0206,0.0161,1.279,0.6062,0.5463,0.0599,L3
1买,量比大于1_3 + 多头排列 + 量能递增,82,0.007,0.0089,0.791,0.4878,0.5463,-0.0585,L3
1买,量比大于1_3 + 多头排列 + MACD_DIF大于0,88,0.0077,0.0093,0.831,0.5,0.5463,-0.0463,L3
1买,量比大于1_3 + 量能递增 + MACD_DIF大于0,421,0.0389,0.0423,0.918,0.5249,0.5463,-0.0214,L3
1买,量比大于1_3 + 量能递增 + 中枢极限底,3167,0.3318,0.271,1.224,0.5958,0.5463,0.0495,L3
1买,量比大于1_3 + MACD_DIF大于0 + 中枢极限底,234,0.0253,0.0191,1.329,0.6154,0.5463,0.0691,L3
1买,多头排列 + 量能递增 + MACD_DIF大于0,145,0.0146,0.0131,1.112,0.5724,0.5463,0.0261,L3
1买,多头排列 + 量能递增 + 中枢极限底,67,0.0074,0.0053,1.395,0.6269,0.5463,0.0806,L3
1买,多头排列 + MACD_DIF大于0 + 中枢极限底,69,0.0076,0.0055,1.374,0.6232,0.5463,0.0769,L3
1买,量能递增 + MACD_DIF大于0 + 中枢极限底,306,0.0329,0.0252,1.305,0.6111,0.5463,0.0648,L3
1买,量比>=1.0,5478,0.5802,0.461,1.258,0.6024,0.5463,0.0561,L4
1买,极限抄底 + 量比>=1.0,699,0.0979,0.0301,3.258,0.7969,0.5463,0.2506,L4
1买,量能金叉 + 量比>=1.0,1958,0.2194,0.1503,1.46,0.6374,0.5463,0.0911,L4
1买,大盘安全 + 量比>=1.0,1782,0.1681,0.1749,0.961,0.5365,0.5463,-0.0098,L4
1买,偏多共振 + 量比>=1.0,198,0.0237,0.0133,1.78,0.6818,0.5463,0.1355,L4
1买,中枢进机会区 + 量比>=1.0,2407,0.2688,0.1859,1.446,0.6352,0.5463,0.0889,L4
1买,量比>=1.3,2769,0.3059,0.2178,1.404,0.6284,0.5463,0.0821,L4
1买,极限抄底 + 量比>=1.3,463,0.0659,0.0186,3.539,0.8099,0.5463,0.2636,L4
1买,量能金叉 + 量比>=1.3,1240,0.1414,0.0923,1.532,0.6484,0.5463,0.1021,L4
1买,大盘安全 + 量比>=1.3,896,0.0923,0.0785,1.175,0.5859,0.5463,0.0396,L4
1买,偏多共振 + 量比>=1.3,92,0.0107,0.0066,1.634,0.663,0.5463,0.1168,L4
1买,中枢进机会区 + 量比>=1.3,1163,0.1331,0.0859,1.549,0.6509,0.5463,0.1046,L4
1买,量比>=1.5,1641,0.1799,0.1308,1.375,0.6234,0.5463,0.0771,L4
1买,极限抄底 + 量比>=1.5,272,0.036,0.0142,2.541,0.7537,0.5463,0.2074,L4
1买,量能金叉 + 量比>=1.5,818,0.0927,0.0616,1.504,0.6443,0.5463,0.098,L4
1买,大盘安全 + 量比>=1.5,525,0.055,0.0449,1.226,0.5962,0.5463,0.0499,L4
1买,偏多共振 + 量比>=1.5,56,0.0058,0.0049,1.192,0.5893,0.5463,0.043,L4
1买,中枢进机会区 + 量比>=1.5,659,0.073,0.0517,1.413,0.6297,0.5463,0.0834,L4
1买,量比>=2.0,427,0.0431,0.0385,1.118,0.5738,0.5463,0.0275,L4
1买,极限抄底 + 量比>=2.0,70,0.0086,0.0044,1.938,0.7,0.5463,0.1537,L4
1买,量能金叉 + 量比>=2.0,272,0.0287,0.0231,1.242,0.5993,0.5463,0.053,L4
1买,大盘安全 + 量比>=2.0,145,0.0132,0.0148,0.89,0.5172,0.5463,-0.0291,L4
1买,中枢进机会区 + 量比>=2.0,187,0.02,0.0155,1.297,0.6096,0.5463,0.0633,L4
1买,量比>=2.5,158,0.0162,0.014,1.158,0.5823,0.5463,0.036,L4
1买,量能金叉 + 量比>=2.5,111,0.0125,0.0085,1.474,0.6396,0.5463,0.0933,L4
1买,大盘安全 + 量比>=2.5,62,0.0056,0.0064,0.886,0.5161,0.5463,-0.0302,L4
1买,中枢进机会区 + 量比>=2.5,61,0.007,0.0044,1.582,0.6557,0.5463,0.1094,L4
1买,量比>=3.0,78,0.0079,0.007,1.133,0.5769,0.5463,0.0306,L4
1买,量能金叉 + 量比>=3.0,57,0.0063,0.0044,1.424,0.6316,0.5463,0.0853,L4
1买,距60日高点>=0.85,2067,0.1746,0.2273,0.768,0.4804,0.5463,-0.0659,L4
1买,量能金叉 + 距60日高点>=0.85,634,0.0563,0.0665,0.846,0.5047,0.5463,-0.0416,L4
1买,大盘安全 + 距60日高点>=0.85,853,0.0503,0.12,0.419,0.3353,0.5463,-0.211,L4
1买,偏多共振 + 距60日高点>=0.85,119,0.0123,0.0104,1.186,0.5882,0.5463,0.0419,L4
1买,中枢进机会区 + 距60日高点>=0.85,1147,0.1009,0.1213,0.832,0.5004,0.5463,-0.0459,L4
1买,距60日高点>=0.9,435,0.0373,0.0472,0.79,0.4874,0.5463,-0.0589,L4
1买,量能金叉 + 距60日高点>=0.9,153,0.013,0.0167,0.778,0.4837,0.5463,-0.0626,L4
1买,大盘安全 + 距60日高点>=0.9,207,0.0139,0.0271,0.513,0.3816,0.5463,-0.1647,L4
1买,中枢进机会区 + 距60日高点>=0.9,256,0.0214,0.0284,0.756,0.4766,0.5463,-0.0697,L4
1买,距60日高点<=0.5,138,0.0188,0.0066,2.867,0.7754,0.5463,0.2291,L4
1买,极限抄底 + 距60日高点<=0.5,86,0.0132,0.0023,5.663,0.8721,0.5463,0.3258,L4
1买,大盘安全 + 距60日高点<=0.5,112,0.0162,0.0042,3.82,0.8214,0.5463,0.2751,L4
1买,距60日高点<=0.6,607,0.0689,0.0455,1.514,0.6458,0.5463,0.0995,L4
1买,极限抄底 + 距60日高点<=0.6,237,0.0338,0.0095,3.544,0.8101,0.5463,0.2638,L4
1买,量能金叉 + 距60日高点<=0.6,175,0.0237,0.0085,2.803,0.7714,0.5463,0.2251,L4
1买,大盘安全 + 距60日高点<=0.6,393,0.0522,0.0203,2.569,0.7557,0.5463,0.2094,L4
1买,中枢进机会区 + 距60日高点<=0.6,115,0.0123,0.0095,1.292,0.6087,0.5463,0.0624,L4
1买,距60日高点<=0.7,2136,0.2206,0.1865,1.183,0.5875,0.5463,0.0413,L4
1买,极限抄底 + 距60日高点<=0.7,503,0.0656,0.0275,2.383,0.7416,0.5463,0.1953,L4
1买,量能金叉 + 距60日高点<=0.7,477,0.0578,0.0313,1.846,0.6897,0.5463,0.1434,L4
1买,大盘安全 + 距60日高点<=0.7,963,0.1076,0.0743,1.448,0.6355,0.5463,0.0892,L4
1买,偏多共振 + 距60日高点<=0.7,59,0.0072,0.0038,1.892,0.6949,0.5463,0.1486,L4
1买,中枢进机会区 + 距60日高点<=0.7,593,0.0621,0.0508,1.222,0.5953,0.5463,0.049,L4
1买,距60日高点<=0.8,6054,0.6048,0.5533,1.093,0.5682,0.5463,0.0219,L4
1买,极限抄底 + 距60日高点<=0.8,894,0.1132,0.0529,2.139,0.7204,0.5463,0.1741,L4
1买,量能金叉 + 距60日高点<=0.8,1382,0.1575,0.1029,1.531,0.6483,0.5463,0.102,L4
1买,大盘安全 + 距60日高点<=0.8,2065,0.1904,0.2079,0.916,0.5245,0.5463,-0.0218,L4
1买,偏多共振 + 距60日高点<=0.8,230,0.0255,0.018,1.417,0.6304,0.5463,0.0841,L4
1买,中枢进机会区 + 距60日高点<=0.8,2276,0.2391,0.1939,1.233,0.5975,0.5463,0.0512,L4
1买,距60日低点<=1.05,7221,0.6123,0.7913,0.774,0.4823,0.5463,-0.0639,L4
1买,极限抄底 + 距60日低点<=1.05,378,0.0373,0.0351,1.061,0.5608,0.5463,0.0146,L4
1买,量能金叉 + 距60日低点<=1.05,1574,0.1419,0.1624,0.874,0.5127,0.5463,-0.0336,L4
1买,大盘安全 + 距60日低点<=1.05,2557,0.1725,0.3336,0.517,0.3837,0.5463,-0.1626,L4
1买,偏多共振 + 距60日低点<=1.05,152,0.013,0.0165,0.788,0.4868,0.5463,-0.0595,L4
1买,中枢进机会区 + 距60日低点<=1.05,3013,0.2616,0.3228,0.81,0.4939,0.5463,-0.0524,L4
1买,距60日低点<=1.1,8961,0.81,0.9217,0.879,0.5141,0.5463,-0.0322,L4
1买,极限抄底 + 距60日低点<=1.1,713,0.0849,0.0487,1.744,0.6774,0.5463,0.1311,L4
1买,量能金叉 + 距60日低点<=1.1,2185,0.2157,0.2028,1.064,0.5616,0.5463,0.0153,L4
1买,大盘安全 + 距60日低点<=1.1,3134,0.2312,0.3851,0.6,0.4196,0.5463,-0.1267,L4
1买,偏多共振 + 距60日低点<=1.1,286,0.0294,0.0252,1.166,0.5839,0.5463,0.0376,L4
1买,中枢进机会区 + 距60日低点<=1.1,3917,0.3729,0.3802,0.981,0.5415,0.5463,-0.0048,L4
1买,距60日低点<=1.2,10270,0.987,0.9856,1.001,0.5466,0.5463,0.0003,L4
1买,极限抄底 + 距60日低点<=1.2,963,0.1227,0.0561,2.188,0.7248,0.5463,0.1785,L4
1买,量能金叉 + 距60日低点<=1.2,2605,0.2757,0.2195,1.256,0.6019,0.5463,0.0556,L4
1买,大盘安全 + 距60日低点<=1.2,3557,0.2827,0.4126,0.685,0.4521,0.5463,-0.0942,L4
1买,偏多共振 + 距60日低点<=1.2,427,0.0483,0.0322,1.503,0.644,0.5463,0.0977,L4
1买,中枢进机会区 + 距60日低点<=1.2,4573,0.4624,0.4113,1.124,0.5751,0.5463,0.0288,L4
1买,相对强弱>=-5.0,4944,0.4415,0.515,0.857,0.5079,0.5463,-0.0384,L4
1买,极限抄底 + 相对强弱>=-5.0,67,0.0086,0.0038,2.261,0.7313,0.5463,0.1851,L4
1买,量能金叉 + 相对强弱>=-5.0,1163,0.1097,0.1141,0.961,0.5365,0.5463,-0.0097,L4
1买,大盘安全 + 相对强弱>=-5.0,1421,0.0911,0.1912,0.476,0.3645,0.5463,-0.1818,L4
1买,偏多共振 + 相对强弱>=-5.0,160,0.0162,0.0144,1.124,0.575,0.5463,0.0287,L4
1买,中枢进机会区 + 相对强弱>=-5.0,2421,0.2305,0.235,0.981,0.5415,0.5463,-0.0048,L4
1买,相对强弱>=0.0,894,0.0832,0.0891,0.933,0.5291,0.5463,-0.0172,L4
1买,量能金叉 + 相对强弱>=0.0,263,0.0258,0.0246,1.052,0.5589,0.5463,0.0126,L4
1买,大盘安全 + 相对强弱>=0.0,192,0.0155,0.022,0.703,0.4583,0.5463,-0.088,L4
1买,中枢进机会区 + 相对强弱>=0.0,462,0.0432,0.0457,0.946,0.5325,0.5463,-0.0138,L4
1买,相对强弱>=5.0,59,0.0056,0.0057,0.984,0.5424,0.5463,-0.0039,L4
1买,S-六脉震荡［六脉6红首发 + SID等于2 + 量能递增］,1671,0.1503,0.1727,0.87,0.5117,0.5463,-0.0346,L5
1买,S-MACD金叉多头［MACD零轴上金叉 + 趋势多头 + 放量］,67,0.0069,0.0059,1.157,0.5821,0.5463,0.0358,L5
1买,S-超跌反弹［深跌(距前高>40%) + 大盘5日上涨 + MACD金叉态］,96,0.007,0.0119,0.593,0.4167,0.5463,-0.1296,L5
1买,S-极限抄底反弹［极限抄底 + 大盘安全］,369,0.0452,0.0237,1.906,0.6965,0.5463,0.1502,L5
1买,S-中枢机会区［中枢进机会区 + 量比>=1.3］,1163,0.1331,0.0859,1.549,0.6509,0.5463,0.1046,L5
2买,多头排列,529,0.068,0.0688,0.989,0.2911,0.2934,-0.0023,L1
2买,空头排列,3806,0.5022,0.4895,1.026,0.2987,0.2934,0.0053,L1
2买,趋势多头,1583,0.2116,0.2025,1.045,0.3026,0.2934,0.0092,L1
2买,趋势空头,3962,0.5221,0.5099,1.024,0.2983,0.2934,0.0049,L1
2买,上升中回调,2573,0.3039,0.3457,0.879,0.2674,0.2934,-0.026,L1
2买,突破前高,122,0.0186,0.0147,1.264,0.3443,0.2934,0.0508,L1
2买,站上MA5,7180,0.9324,0.9298,1.003,0.294,0.2934,0.0006,L1
2买,站上MA13,3591,0.4828,0.4582,1.054,0.3044,0.2934,0.011,L1
2买,站上MA34,2467,0.3344,0.3136,1.066,0.3069,0.2934,0.0134,L1
2买,站上MA55,3202,0.4187,0.4134,1.013,0.2961,0.2934,0.0026,L1
2买,站上MA89,3990,0.4669,0.538,0.868,0.2649,0.2934,-0.0285,L1
2买,站上MA144,4645,0.5398,0.6278,0.86,0.2631,0.2934,-0.0303,L1
2买,站上MA233,4446,0.5243,0.5978,0.877,0.267,0.2934,-0.0264,L1
2买,斐波短中多头,690,0.0857,0.091,0.942,0.2812,0.2934,-0.0123,L1
2买,斐波长多头,2561,0.2646,0.3599,0.735,0.2339,0.2934,-0.0595,L1
2买,斐波全多头,195,0.0172,0.0286,0.602,0.2,0.2934,-0.0934,L1
2买,MA55上穿MA89,202,0.0247,0.0268,0.924,0.2772,0.2934,-0.0162,L1
2买,放量,4800,0.6678,0.6031,1.107,0.315,0.2934,0.0216,L1
2买,缩量,7287,0.9302,0.9503,0.979,0.289,0.2934,-0.0044,L1
2买,量比大于1,6889,0.9125,0.8846,1.032,0.2999,0.2934,0.0065,L1
2买,量比大于1_3,4725,0.6542,0.595,1.099,0.3134,0.2934,0.02,L1
2买,量比大于2,1668,0.2473,0.2032,1.217,0.3357,0.2934,0.0423,L1
2买,量能递增,3452,0.4978,0.4264,1.167,0.3265,0.2934,0.0331,L1
2买,价涨量增,4052,0.5627,0.5095,1.104,0.3144,0.2934,0.021,L1
2买,价涨量缩,5886,0.7482,0.7689,0.973,0.2878,0.2934,-0.0056,L1
2买,MACD_DIF大于0,2538,0.3202,0.3325,0.963,0.2857,0.2934,-0.0078,L1
2买,MACD金叉态,2011,0.261,0.2605,1.002,0.2939,0.2934,0.0005,L1
2买,MACD柱递增,6892,0.9002,0.8903,1.011,0.2957,0.2934,0.0023,L1
2买,MACD零轴上金叉,302,0.0433,0.0374,1.157,0.3245,0.2934,0.0311,L1
2买,MACD底背离,3910,0.4549,0.5282,0.861,0.2634,0.2934,-0.03,L1
2买,BOLL收上中轨,2734,0.36,0.352,1.023,0.2981,0.2934,0.0047,L1
2买,BOLL突破上轨,392,0.0552,0.049,1.127,0.3189,0.2934,0.0255,L1
2买,BOLL触下轨反弹,4681,0.6347,0.595,1.067,0.307,0.2934,0.0136,L1
2买,BOLL开口扩张,6866,0.905,0.8835,1.024,0.2984,0.2934,0.005,L1
2买,KDJ金叉态,6578,0.8781,0.8419,1.043,0.3022,0.2934,0.0088,L1
2买,KDJ_J超卖,6964,0.9178,0.8962,1.024,0.2984,0.2934,0.005,L1
2买,KDJ低位金叉,3326,0.4642,0.4173,1.113,0.316,0.2934,0.0226,L1
2买,KDJ_D小于30,5514,0.7292,0.7085,1.029,0.2994,0.2934,0.006,L1
2买,RSI6大于50,4247,0.561,0.546,1.027,0.299,0.2934,0.0056,L1
2买,RSI金叉,5731,0.7646,0.7337,1.042,0.302,0.2934,0.0086,L1
2买,RSI6超卖,5867,0.7955,0.7458,1.067,0.307,0.2934,0.0136,L1
2买,RSI底背离,3128,0.3697,0.4202,0.88,0.2676,0.2934,-0.0258,L1
2买,威科夫得分大于4,1583,0.2005,0.2071,0.968,0.2868,0.2934,-0.0066,L1
2买,威科夫得分大于7,602,0.0751,0.0792,0.948,0.2824,0.2934,-0.011,L1
2买,积累阶段,3671,0.4572,0.4835,0.946,0.2819,0.2934,-0.0115,L1
2买,威科夫B3弹簧,83,0.0093,0.0114,0.816,0.253,0.2934,-0.0404,L1
2买,威科夫B1突破,54,0.0084,0.0064,1.307,0.3519,0.2934,0.0584,L1
2买,黄金柱,485,0.0614,0.0635,0.967,0.2866,0.2934,-0.0068,L1
2买,量能金叉,1163,0.1714,0.1421,1.206,0.3336,0.2934,0.0402,L1
2买,六脉红灯大于5,5145,0.6784,0.662,1.025,0.2985,0.2934,0.0051,L1
2买,六脉红灯大于6,3409,0.4572,0.4354,1.05,0.3036,0.2934,0.0102,L1
2买,六脉6红首发,3409,0.4572,0.4354,1.05,0.3036,0.2934,0.0102,L1
2买,六脉5红首发,5145,0.6784,0.662,1.025,0.2985,0.2934,0.0051,L1
2买,偏多共振,1149,0.1206,0.1607,0.75,0.2376,0.2934,-0.0558,L1
2买,多头共振,1145,0.1206,0.1599,0.754,0.2384,0.2934,-0.055,L1
2买,火箭信号,417,0.0663,0.049,1.353,0.3597,0.2934,0.0663,L1
2买,二次涨停,50,0.0062,0.0066,0.936,0.28,0.2934,-0.0134,L1
2买,极限抄底,302,0.0486,0.0352,1.38,0.3642,0.2934,0.0708,L1
2买,中枢进机会区,2939,0.3993,0.3733,1.07,0.3076,0.2934,0.0142,L1
2买,中枢极限底,3218,0.432,0.4109,1.051,0.3039,0.2934,0.0105,L1
2买,中枢上穿中轴,1644,0.2412,0.2014,1.197,0.3321,0.2934,0.0387,L1
2买,中枢底部蓄力,4678,0.5835,0.6157,0.948,0.2824,0.2934,-0.011,L1
2买,中枢底部回升,5533,0.7231,0.7146,1.012,0.2959,0.2934,0.0024,L1
2买,大盘多头,3503,0.4095,0.4725,0.867,0.2646,0.2934,-0.0288,L1
2买,大盘空头,2624,0.3529,0.3347,1.054,0.3045,0.2934,0.0111,L1
2买,大盘安全,4359,0.4943,0.5943,0.832,0.2567,0.2934,-0.0367,L1
2买,SID等于1,3503,0.4095,0.4725,0.867,0.2646,0.2934,-0.0288,L1
2买,SID等于2,5085,0.6617,0.6579,1.006,0.2946,0.2934,0.0012,L1
2买,SID小于等于2,6052,0.7438,0.8012,0.928,0.2783,0.2934,-0.0152,L1
2买,大盘5日上涨,5695,0.693,0.7568,0.916,0.2755,0.2934,-0.0179,L1
2买,相对强弱大于0,3213,0.4377,0.4076,1.074,0.3084,0.2934,0.015,L1
2买,相对强弱大于5,726,0.0985,0.0923,1.068,0.3072,0.2934,0.0137,L1
2买,量比>=1.3,1109,0.182,0.1278,1.423,0.3715,0.2934,0.0781,L1
2买,量比>=2,213,0.0322,0.0257,1.256,0.3427,0.2934,0.0493,L1
2买,距前高<=10%,1098,0.1519,0.1383,1.099,0.3133,0.2934,0.0199,L1
2买,深跌(距前高>40%),277,0.0309,0.038,0.814,0.2527,0.2934,-0.0407,L1
2买,距前低<=10%,4175,0.5265,0.5471,0.962,0.2855,0.2934,-0.0079,L1
2买,相对强弱>=0,656,0.0892,0.0833,1.071,0.3079,0.2934,0.0145,L1
2买,相对强弱>=5,55,0.0062,0.0075,0.822,0.2545,0.2934,-0.0389,L1
2买,多头排列 + 趋势多头,408,0.0552,0.0519,1.064,0.3064,0.2934,0.013,L2
2买,多头排列 + 上升中回调,455,0.0543,0.0609,0.892,0.2703,0.2934,-0.0231,L2
2买,多头排列 + 突破前高,58,0.0106,0.0062,1.7,0.4138,0.2934,0.1204,L2
2买,多头排列 + 站上MA5,477,0.0618,0.0618,1.0,0.2935,0.2934,0.0001,L2
2买,多头排列 + 站上MA13,380,0.0521,0.0481,1.085,0.3105,0.2934,0.0171,L2
2买,多头排列 + 站上MA34,463,0.061,0.0596,1.023,0.2981,0.2934,0.0046,L2
2买,多头排列 + 站上MA55,505,0.0645,0.0658,0.979,0.2891,0.2934,-0.0043,L2
2买,多头排列 + 站上MA89,499,0.0618,0.0658,0.939,0.2806,0.2934,-0.0129,L2
2买,多头排列 + 站上MA144,465,0.0574,0.0614,0.934,0.2796,0.2934,-0.0138,L2
2买,多头排列 + 站上MA233,402,0.0459,0.0547,0.84,0.2587,0.2934,-0.0347,L2
2买,多头排列 + 斐波短中多头,415,0.0561,0.0528,1.062,0.306,0.2934,0.0126,L2
2买,多头排列 + 斐波长多头,175,0.0181,0.0246,0.737,0.2343,0.2934,-0.0591,L2
2买,多头排列 + 斐波全多头,121,0.0119,0.0172,0.692,0.2231,0.2934,-0.0703,L2
2买,多头排列 + 放量,369,0.0504,0.0468,1.077,0.3089,0.2934,0.0155,L2
2买,多头排列 + 缩量,482,0.0614,0.0629,0.976,0.2884,0.2934,-0.005,L2
2买,多头排列 + 量比大于1,443,0.0574,0.0574,1.0,0.2935,0.2934,0.0,L2
2买,多头排列 + 量比大于1_3,312,0.0424,0.0396,1.07,0.3077,0.2934,0.0143,L2
2买,多头排列 + 量比大于2,145,0.0212,0.0178,1.192,0.331,0.2934,0.0376,L2
2买,多头排列 + 量能递增,346,0.049,0.0431,1.137,0.3208,0.2934,0.0274,L2
2买,多头排列 + 价涨量增,296,0.042,0.0369,1.138,0.3209,0.2934,0.0275,L2
2买,多头排列 + 价涨量缩,421,0.0539,0.0548,0.983,0.2898,0.2934,-0.0036,L2
2买,多头排列 + MACD_DIF大于0,521,0.0676,0.0675,1.001,0.2937,0.2934,0.0002,L2
2买,多头排列 + MACD金叉态,207,0.0305,0.0253,1.204,0.3333,0.2934,0.0399,L2
2买,多头排列 + MACD柱递增,348,0.0464,0.0446,1.041,0.3017,0.2934,0.0083,L2
2买,多头排列 + MACD零轴上金叉,125,0.0199,0.0147,1.355,0.36,0.2934,0.0666,L2
2买,多头排列 + MACD底背离,75,0.0057,0.0114,0.505,0.1733,0.2934,-0.1201,L2
2买,多头排列 + BOLL收上中轨,410,0.0552,0.0523,1.056,0.3049,0.2934,0.0115,L2
2买,多头排列 + BOLL突破上轨,121,0.0172,0.015,1.145,0.3223,0.2934,0.0289,L2
2买,多头排列 + BOLL触下轨反弹,287,0.0406,0.0358,1.136,0.3206,0.2934,0.0271,L2
2买,多头排列 + BOLL开口扩张,431,0.0574,0.0552,1.04,0.3016,0.2934,0.0082,L2
2买,多头排列 + KDJ金叉态,327,0.0468,0.0405,1.155,0.3242,0.2934,0.0307,L2
2买,多头排列 + KDJ_J超卖,449,0.0596,0.0576,1.035,0.3007,0.2934,0.0073,L2
2买,多头排列 + KDJ_D小于30,65,0.0084,0.0084,0.995,0.2923,0.2934,-0.0011,L2
2买,多头排列 + RSI6大于50,410,0.0557,0.0521,1.068,0.3073,0.2934,0.0139,L2
2买,多头排列 + RSI金叉,331,0.0486,0.0405,1.199,0.3323,0.2934,0.0389,L2
2买,多头排列 + RSI6超卖,223,0.0305,0.0282,1.079,0.3094,0.2934,0.016,L2
2买,多头排列 + 威科夫得分大于4,443,0.0605,0.0561,1.078,0.3093,0.2934,0.0158,L2
2买,多头排列 + 威科夫得分大于7,272,0.0358,0.035,1.021,0.2978,0.2934,0.0044,L2
2买,多头排列 + 积累阶段,72,0.0124,0.0081,1.532,0.3889,0.2934,0.0955,L2
2买,多头排列 + 黄金柱,50,0.0093,0.0053,1.744,0.42,0.2934,0.1266,L2
2买,多头排列 + 量能金叉,127,0.0168,0.0163,1.028,0.2992,0.2934,0.0058,L2
2买,多头排列 + 六脉红灯大于5,280,0.0437,0.0332,1.317,0.3536,0.2934,0.0602,L2
2买,多头排列 + 六脉红灯大于6,208,0.0305,0.0255,1.195,0.3317,0.2934,0.0383,L2
2买,多头排列 + 六脉6红首发,208,0.0305,0.0255,1.195,0.3317,0.2934,0.0383,L2
2买,多头排列 + 六脉5红首发,280,0.0437,0.0332,1.317,0.3536,0.2934,0.0602,L2
2买,多头排列 + 偏多共振,297,0.0318,0.0413,0.771,0.2424,0.2934,-0.051,L2
2买,多头排列 + 多头共振,297,0.0318,0.0413,0.771,0.2424,0.2934,-0.051,L2
2买,多头排列 + 火箭信号,67,0.011,0.0077,1.433,0.3731,0.2934,0.0797,L2
2买,多头排列 + 中枢进机会区,100,0.0141,0.0125,1.133,0.32,0.2934,0.0266,L2
2买,多头排列 + 中枢上穿中轴,243,0.0331,0.0308,1.075,0.3086,0.2934,0.0152,L2
2买,多头排列 + 中枢底部回升,99,0.0137,0.0125,1.098,0.3131,0.2934,0.0197,L2
2买,多头排列 + 大盘多头,361,0.0433,0.0482,0.897,0.2715,0.2934,-0.0219,L2
2买,多头排列 + 大盘空头,95,0.011,0.0128,0.86,0.2632,0.2934,-0.0303,L2
2买,多头排列 + 大盘安全,399,0.0486,0.053,0.917,0.2757,0.2934,-0.0177,L2
2买,多头排列 + SID等于1,361,0.0433,0.0482,0.897,0.2715,0.2934,-0.0219,L2
2买,多头排列 + SID等于2,369,0.053,0.0457,1.161,0.3252,0.2934,0.0318,L2
2买,多头排列 + SID小于等于2,473,0.0618,0.0611,1.012,0.296,0.2934,0.0026,L2
2买,多头排列 + 大盘5日上涨,364,0.0433,0.0488,0.887,0.2692,0.2934,-0.0242,L2
2买,多头排列 + 相对强弱大于0,417,0.0561,0.0532,1.055,0.3046,0.2934,0.0111,L2
2买,多头排列 + 相对强弱大于5,170,0.0239,0.0213,1.121,0.3176,0.2934,0.0242,L2
2买,多头排列 + 量比>=1.3,61,0.0097,0.0072,1.358,0.3607,0.2934,0.0672,L2
2买,多头排列 + 距前高<=10%,178,0.0239,0.0227,1.049,0.3034,0.2934,0.01,L2
2买,多头排列 + 距前低<=10%,91,0.0088,0.013,0.678,0.2198,0.2934,-0.0736,L2
2买,多头排列 + 相对强弱>=0,120,0.0177,0.0147,1.204,0.3333,0.2934,0.0399,L2
2买,空头排列 + 趋势空头,3776,0.4987,0.4855,1.027,0.299,0.2934,0.0056,L2
2买,空头排列 + 站上MA5,3544,0.4704,0.4547,1.035,0.3005,0.2934,0.0071,L2
2买,空头排列 + 站上MA13,1674,0.2279,0.2124,1.073,0.3082,0.2934,0.0148,L2
2买,空头排列 + 站上MA34,526,0.0799,0.0633,1.263,0.3441,0.2934,0.0507,L2
2买,空头排列 + 站上MA55,365,0.0605,0.0418,1.447,0.3753,0.2934,0.0819,L2
2买,空头排列 + 站上MA89,813,0.0936,0.1102,0.849,0.2608,0.2934,-0.0327,L2
2买,空头排列 + 站上MA144,1656,0.1829,0.2278,0.803,0.25,0.2934,-0.0434,L2
2买,空头排列 + 站上MA233,1780,0.2094,0.2395,0.874,0.2663,0.2934,-0.0271,L2
2买,空头排列 + 斐波长多头,1257,0.1303,0.1764,0.738,0.2347,0.2934,-0.0587,L2
2买,空头排列 + 放量,2563,0.364,0.319,1.141,0.3215,0.2934,0.0281,L2
2买,空头排列 + 缩量,3588,0.4616,0.4664,0.99,0.2912,0.2934,-0.0022,L2
2买,空头排列 + 量比大于1,3475,0.47,0.4422,1.063,0.3062,0.2934,0.0128,L2
2买,空头排列 + 量比大于1_3,2460,0.3454,0.3078,1.122,0.3179,0.2934,0.0245,L2
2买,空头排列 + 量比大于2,870,0.1356,0.1033,1.313,0.3529,0.2934,0.0595,L2
2买,空头排列 + 量能递增,1809,0.2619,0.223,1.174,0.3278,0.2934,0.0344,L2
2买,空头排列 + 价涨量增,2176,0.311,0.27,1.152,0.3235,0.2934,0.0301,L2
2买,空头排列 + 价涨量缩,2839,0.3657,0.3689,0.992,0.2917,0.2934,-0.0018,L2
2买,空头排列 + MACD_DIF大于0,93,0.0172,0.0099,1.739,0.4194,0.2934,0.1259,L2
2买,空头排列 + MACD金叉态,1389,0.1758,0.1818,0.967,0.2865,0.2934,-0.0069,L2
2买,空头排列 + MACD柱递增,3521,0.466,0.4523,1.03,0.2996,0.2934,0.0062,L2
2买,空头排列 + MACD底背离,2720,0.3291,0.3623,0.908,0.2739,0.2934,-0.0195,L2
2买,空头排列 + BOLL收上中轨,1050,0.1396,0.1346,1.037,0.301,0.2934,0.0075,L2
2买,空头排列 + BOLL突破上轨,118,0.0194,0.0136,1.432,0.3729,0.2934,0.0795,L2
2买,空头排列 + BOLL触下轨反弹,2306,0.3189,0.2905,1.098,0.3131,0.2934,0.0197,L2
2买,空头排列 + BOLL开口扩张,3256,0.4399,0.4145,1.061,0.3059,0.2934,0.0125,L2
2买,空头排列 + KDJ金叉态,3414,0.4651,0.4331,1.074,0.3084,0.2934,0.015,L2
2买,空头排列 + KDJ_J超卖,3413,0.4549,0.4371,1.041,0.3018,0.2934,0.0084,L2
2买,空头排列 + KDJ低位金叉,1952,0.2836,0.2403,1.18,0.3289,0.2934,0.0355,L2
2买,空头排列 + KDJ_D小于30,3055,0.4161,0.3876,1.074,0.3083,0.2934,0.0149,L2
2买,空头排列 + RSI6大于50,1936,0.2549,0.2493,1.022,0.298,0.2934,0.0046,L2
2买,空头排列 + RSI金叉,3193,0.4293,0.4074,1.054,0.3044,0.2934,0.011,L2
2买,空头排列 + RSI6超卖,3214,0.4333,0.4096,1.058,0.3052,0.2934,0.0118,L2
2买,空头排列 + RSI底背离,2221,0.2615,0.2988,0.875,0.2665,0.2934,-0.0269,L2
2买,空头排列 + 威科夫得分大于4,234,0.0287,0.031,0.926,0.2778,0.2934,-0.0156,L2
2买,空头排列 + 威科夫得分大于7,69,0.0075,0.0095,0.787,0.2464,0.2934,-0.047,L2
2买,空头排列 + 积累阶段,2359,0.2628,0.3236,0.812,0.2522,0.2934,-0.0412,L2
2买,空头排列 + 威科夫B3弹簧,77,0.008,0.0108,0.735,0.2338,0.2934,-0.0597,L2
2买,空头排列 + 黄金柱,257,0.0309,0.0343,0.901,0.2724,0.2934,-0.021,L2
2买,空头排列 + 量能金叉,493,0.0791,0.0576,1.373,0.3631,0.2934,0.0697,L2
2买,空头排列 + 六脉红灯大于5,2849,0.3763,0.3663,1.027,0.2991,0.2934,0.0056,L2
2买,空头排列 + 六脉红灯大于6,1747,0.2341,0.2232,1.049,0.3034,0.2934,0.01,L2
2买,空头排列 + 六脉6红首发,1747,0.2341,0.2232,1.049,0.3034,0.2934,0.01,L2
2买,空头排列 + 六脉5红首发,2849,0.3763,0.3663,1.027,0.2991,0.2934,0.0056,L2
2买,空头排列 + 火箭信号,164,0.0274,0.0187,1.464,0.378,0.2934,0.0846,L2
2买,空头排列 + 极限抄底,251,0.0393,0.0297,1.323,0.3546,0.2934,0.0612,L2
2买,空头排列 + 中枢进机会区,1469,0.1917,0.1898,1.01,0.2954,0.2934,0.002,L2
2买,空头排列 + 中枢极限底,2212,0.288,0.2861,1.006,0.2948,0.2934,0.0013,L2
2买,空头排列 + 中枢上穿中轴,458,0.0755,0.0526,1.435,0.3734,0.2934,0.0799,L2
2买,空头排列 + 中枢底部蓄力,3352,0.428,0.4371,0.979,0.2891,0.2934,-0.0043,L2
2买,空头排列 + 中枢底部回升,3600,0.4678,0.4661,1.004,0.2942,0.2934,0.0008,L2
2买,空头排列 + 大盘多头,1297,0.1453,0.1775,0.818,0.2537,0.2934,-0.0398,L2
2买,空头排列 + 大盘空头,1768,0.2429,0.2234,1.087,0.3111,0.2934,0.0177,L2
2买,空头排列 + 大盘安全,1816,0.1943,0.2524,0.77,0.2423,0.2934,-0.0511,L2
2买,空头排列 + SID等于1,1297,0.1453,0.1775,0.818,0.2537,0.2934,-0.0398,L2
2买,空头排列 + SID等于2,2243,0.2814,0.2946,0.955,0.284,0.2934,-0.0094,L2
2买,空头排列 + SID小于等于2,2629,0.3154,0.3512,0.898,0.2716,0.2934,-0.0218,L2
2买,空头排列 + 大盘5日上涨,2757,0.3308,0.3683,0.898,0.2717,0.2934,-0.0217,L2
2买,空头排列 + 相对强弱大于0,1501,0.2125,0.1871,1.136,0.3205,0.2934,0.027,L2
2买,空头排列 + 相对强弱大于5,293,0.0406,0.0369,1.102,0.314,0.2934,0.0206,L2
2买,空头排列 + 量比>=1.3,640,0.1082,0.0725,1.494,0.3828,0.2934,0.0894,L2
2买,空头排列 + 量比>=2,119,0.0186,0.0141,1.314,0.3529,0.2934,0.0595,L2
2买,空头排列 + 距前高<=10%,168,0.0216,0.0218,0.992,0.2917,0.2934,-0.0017,L2
2买,空头排列 + 深跌(距前高>40%),223,0.0256,0.0303,0.846,0.2601,0.2934,-0.0333,L2
2买,空头排列 + 距前低<=10%,3122,0.3931,0.4094,0.96,0.2851,0.2934,-0.0083,L2
2买,空头排列 + 相对强弱>=0,293,0.0406,0.0369,1.102,0.314,0.2934,0.0206,L2
2买,趋势多头 + 上升中回调,1228,0.1533,0.1616,0.948,0.2826,0.2934,-0.0108,L2
2买,趋势多头 + 突破前高,112,0.0172,0.0134,1.287,0.3482,0.2934,0.0548,L2
2买,趋势多头 + 站上MA5,1540,0.2072,0.1964,1.055,0.3045,0.2934,0.0111,L2
2买,趋势多头 + 站上MA13,1489,0.2019,0.1893,1.066,0.3069,0.2934,0.0135,L2
2买,趋势多头 + 站上MA34,1442,0.1979,0.1823,1.085,0.3107,0.2934,0.0173,L2
2买,趋势多头 + 站上MA55,1576,0.2111,0.2014,1.048,0.3033,0.2934,0.0099,L2
2买,趋势多头 + 站上MA89,1499,0.1957,0.1937,1.01,0.2955,0.2934,0.0021,L2
2买,趋势多头 + 站上MA144,1343,0.1754,0.1735,1.011,0.2956,0.2934,0.0022,L2
2买,趋势多头 + 站上MA233,1160,0.1484,0.1511,0.982,0.2897,0.2934,-0.0038,L2
2买,趋势多头 + 斐波短中多头,508,0.0645,0.0664,0.971,0.2874,0.2934,-0.006,L2
2买,趋势多头 + 斐波长多头,435,0.0428,0.062,0.691,0.223,0.2934,-0.0704,L2
2买,趋势多头 + 斐波全多头,146,0.0119,0.0218,0.546,0.1849,0.2934,-0.1085,L2
2买,趋势多头 + MA55上穿MA89,77,0.0124,0.009,1.376,0.3636,0.2934,0.0702,L2
2买,趋势多头 + 放量,1317,0.1784,0.1675,1.066,0.3068,0.2934,0.0133,L2
2买,趋势多头 + 缩量,1453,0.1917,0.1869,1.026,0.2987,0.2934,0.0053,L2
2买,趋势多头 + 量比大于1,1525,0.2032,0.1953,1.04,0.3016,0.2934,0.0082,L2
2买,趋势多头 + 量比大于1_3,1240,0.1678,0.1577,1.064,0.3065,0.2934,0.013,L2
2买,趋势多头 + 量比大于2,593,0.0866,0.0728,1.189,0.3305,0.2934,0.0371,L2
2买,趋势多头 + 量能递增,925,0.1356,0.1134,1.196,0.3319,0.2934,0.0385,L2
2买,趋势多头 + 价涨量增,1236,0.1705,0.1559,1.094,0.3123,0.2934,0.0189,L2
2买,趋势多头 + 价涨量缩,1126,0.1515,0.1436,1.055,0.3046,0.2934,0.0112,L2
2买,趋势多头 + MACD_DIF大于0,1272,0.1687,0.1632,1.034,0.3003,0.2934,0.0069,L2
2买,趋势多头 + MACD金叉态,485,0.0707,0.0596,1.186,0.3299,0.2934,0.0365,L2
2买,趋势多头 + MACD柱递增,1406,0.1895,0.1792,1.057,0.3051,0.2934,0.0117,L2
2买,趋势多头 + MACD零轴上金叉,282,0.0406,0.0348,1.166,0.3262,0.2934,0.0328,L2
2买,趋势多头 + MACD底背离,408,0.0446,0.0563,0.792,0.2475,0.2934,-0.0459,L2
2买,趋势多头 + BOLL收上中轨,1583,0.2116,0.2025,1.045,0.3026,0.2934,0.0092,L2
2买,趋势多头 + BOLL突破上轨,248,0.0349,0.031,1.126,0.3185,0.2934,0.0251,L2
2买,趋势多头 + BOLL触下轨反弹,960,0.133,0.1209,1.1,0.3135,0.2934,0.0201,L2
2买,趋势多头 + BOLL开口扩张,1404,0.1908,0.1783,1.07,0.3077,0.2934,0.0143,L2
2买,趋势多头 + KDJ金叉态,1456,0.1983,0.1847,1.074,0.3084,0.2934,0.015,L2
2买,趋势多头 + KDJ_J超卖,1351,0.1895,0.1691,1.12,0.3175,0.2934,0.0241,L2
2买,趋势多头 + KDJ低位金叉,199,0.0287,0.0246,1.168,0.3266,0.2934,0.0332,L2
2买,趋势多头 + KDJ_D小于30,667,0.095,0.0829,1.145,0.3223,0.2934,0.0289,L2
2买,趋势多头 + RSI6大于50,1534,0.2072,0.1953,1.06,0.3057,0.2934,0.0123,L2
2买,趋势多头 + RSI金叉,1438,0.1966,0.1821,1.079,0.3095,0.2934,0.016,L2
2买,趋势多头 + RSI6超卖,848,0.1259,0.1033,1.219,0.3361,0.2934,0.0427,L2
2买,趋势多头 + RSI底背离,299,0.0384,0.0389,0.988,0.291,0.2934,-0.0024,L2
2买,趋势多头 + 威科夫得分大于4,923,0.1254,0.1172,1.07,0.3077,0.2934,0.0143,L2
2买,趋势多头 + 威科夫得分大于7,434,0.0583,0.0554,1.053,0.3041,0.2934,0.0107,L2
2买,趋势多头 + 积累阶段,423,0.0707,0.0482,1.465,0.3783,0.2934,0.0848,L2
2买,趋势多头 + 黄金柱,198,0.0269,0.0251,1.072,0.3081,0.2934,0.0147,L2
2买,趋势多头 + 量能金叉,451,0.0623,0.0569,1.095,0.3126,0.2934,0.0192,L2
2买,趋势多头 + 六脉红灯大于5,1370,0.1904,0.1722,1.105,0.3146,0.2934,0.0212,L2
2买,趋势多头 + 六脉红灯大于6,1207,0.1656,0.1526,1.085,0.3107,0.2934,0.0173,L2
2买,趋势多头 + 六脉6红首发,1207,0.1656,0.1526,1.085,0.3107,0.2934,0.0173,L2
2买,趋势多头 + 六脉5红首发,1370,0.1904,0.1722,1.105,0.3146,0.2934,0.0212,L2
2买,趋势多头 + 偏多共振,566,0.0623,0.078,0.799,0.2491,0.2934,-0.0443,L2
2买,趋势多头 + 多头共振,565,0.0623,0.0778,0.801,0.2496,0.2934,-0.0439,L2
2买,趋势多头 + 火箭信号,212,0.034,0.0248,1.374,0.3632,0.2934,0.0698,L2
2买,趋势多头 + 中枢进机会区,414,0.0587,0.0515,1.14,0.3213,0.2934,0.0278,L2
2买,趋势多头 + 中枢极限底,237,0.0322,0.0301,1.072,0.308,0.2934,0.0146,L2
2买,趋势多头 + 中枢上穿中轴,940,0.1347,0.1165,1.157,0.3245,0.2934,0.0311,L2
2买,趋势多头 + 中枢底部蓄力,282,0.0353,0.0371,0.954,0.2837,0.2934,-0.0097,L2
2买,趋势多头 + 中枢底部回升,557,0.0755,0.0708,1.067,0.307,0.2934,0.0136,L2
2买,趋势多头 + 大盘多头,1023,0.1277,0.1346,0.948,0.2825,0.2934,-0.0109,L2
2买,趋势多头 + 大盘空头,344,0.049,0.0427,1.147,0.3227,0.2934,0.0293,L2
2买,趋势多头 + 大盘安全,1173,0.1471,0.1541,0.955,0.2839,0.2934,-0.0095,L2
2买,趋势多头 + SID等于1,1023,0.1277,0.1346,0.948,0.2825,0.2934,-0.0109,L2
2买,趋势多头 + SID等于2,1113,0.159,0.1381,1.151,0.3235,0.2934,0.03,L2
2买,趋势多头 + SID小于等于2,1392,0.182,0.1798,1.012,0.296,0.2934,0.0026,L2
2买,趋势多头 + 大盘5日上涨,1261,0.1661,0.1623,1.023,0.2982,0.2934,0.0048,L2
2买,趋势多头 + 相对强弱大于0,1125,0.1502,0.144,1.043,0.3022,0.2934,0.0088,L2
2买,趋势多头 + 相对强弱大于5,373,0.0526,0.0466,1.128,0.319,0.2934,0.0256,L2
2买,趋势多头 + 量比>=1.3,221,0.0331,0.0268,1.237,0.3394,0.2934,0.046,L2
2买,趋势多头 + 量比>=2,60,0.0102,0.0068,1.497,0.3833,0.2934,0.0899,L2
2买,趋势多头 + 距前高<=10%,579,0.0857,0.0706,1.213,0.3351,0.2934,0.0416,L2
2买,趋势多头 + 距前低<=10%,324,0.0451,0.0407,1.106,0.3148,0.2934,0.0214,L2
2买,趋势多头 + 相对强弱>=0,233,0.0318,0.0295,1.077,0.309,0.2934,0.0156,L2
2买,趋势空头 + 站上MA5,3692,0.4885,0.4743,1.03,0.2996,0.2934,0.0062,L2
2买,趋势空头 + 站上MA13,1787,0.242,0.2273,1.065,0.3067,0.2934,0.0132,L2
2买,趋势空头 + 站上MA34,629,0.0945,0.0761,1.242,0.3402,0.2934,0.0468,L2
2买,趋势空头 + 站上MA55,431,0.0698,0.0501,1.394,0.3666,0.2934,0.0732,L2
2买,趋势空头 + 站上MA89,868,0.0972,0.1189,0.818,0.2535,0.2934,-0.04,L2
2买,趋势空头 + 站上MA144,1714,0.1868,0.2368,0.789,0.2468,0.2934,-0.0466,L2
2买,趋势空头 + 站上MA233,1852,0.2142,0.2507,0.854,0.2619,0.2934,-0.0315,L2
2买,趋势空头 + 斐波长多头,1289,0.1307,0.1821,0.718,0.2296,0.2934,-0.0638,L2
2买,趋势空头 + 放量,2688,0.379,0.3357,1.129,0.3192,0.2934,0.0258,L2
2买,趋势空头 + 缩量,3719,0.4792,0.4831,0.992,0.2917,0.2934,-0.0017,L2
2买,趋势空头 + 量比大于1,3609,0.4867,0.4598,1.059,0.3053,0.2934,0.0119,L2
2买,趋势空头 + 量比大于1_3,2556,0.3573,0.3204,1.115,0.3165,0.2934,0.0231,L2
2买,趋势空头 + 量比大于2,906,0.1391,0.1084,1.284,0.3477,0.2934,0.0543,L2
2买,趋势空头 + 量能递增,1942,0.2805,0.2397,1.17,0.327,0.2934,0.0336,L2
2买,趋势空头 + 价涨量增,2284,0.3251,0.2839,1.145,0.3222,0.2934,0.0288,L2
2买,趋势空头 + 价涨量缩,2945,0.3794,0.3826,0.992,0.2917,0.2934,-0.0017,L2
2买,趋势空头 + MACD_DIF大于0,175,0.03,0.0196,1.53,0.3886,0.2934,0.0952,L2
2买,趋势空头 + MACD金叉态,1532,0.193,0.2008,0.961,0.2852,0.2934,-0.0082,L2
2买,趋势空头 + MACD柱递增,3620,0.4784,0.4653,1.028,0.2992,0.2934,0.0058,L2
2买,趋势空头 + MACD底背离,2748,0.3304,0.3668,0.901,0.2722,0.2934,-0.0212,L2
2买,趋势空头 + BOLL收上中轨,1169,0.1546,0.1502,1.029,0.2994,0.2934,0.006,L2
2买,趋势空头 + BOLL突破上轨,154,0.0225,0.0189,1.192,0.3312,0.2934,0.0378,L2
2买,趋势空头 + BOLL触下轨反弹,2390,0.3299,0.3014,1.095,0.3126,0.2934,0.0191,L2
2买,趋势空头 + BOLL开口扩张,3392,0.4563,0.4327,1.055,0.3045,0.2934,0.0111,L2
2买,趋势空头 + KDJ金叉态,3522,0.4792,0.447,1.072,0.3081,0.2934,0.0146,L2
2买,趋势空头 + KDJ_J超卖,3531,0.4722,0.4516,1.046,0.3027,0.2934,0.0093,L2
2买,趋势空头 + KDJ低位金叉,1955,0.2845,0.2405,1.183,0.3294,0.2934,0.036,L2
2买,趋势空头 + KDJ_D小于30,3073,0.4192,0.3896,1.076,0.3088,0.2934,0.0154,L2
2买,趋势空头 + RSI6大于50,2063,0.2721,0.2654,1.025,0.2986,0.2934,0.0052,L2
2买,趋势空头 + RSI金叉,3328,0.4461,0.4252,1.049,0.3035,0.2934,0.0101,L2
2买,趋势空头 + RSI6超卖,3275,0.4426,0.4169,1.062,0.306,0.2934,0.0125,L2
2买,趋势空头 + RSI底背离,2246,0.2628,0.3028,0.868,0.2649,0.2934,-0.0285,L2
2买,趋势空头 + 威科夫得分大于4,308,0.0362,0.0415,0.874,0.2662,0.2934,-0.0272,L2
2买,趋势空头 + 威科夫得分大于7,101,0.0102,0.0143,0.71,0.2277,0.2934,-0.0657,L2
2买,趋势空头 + 积累阶段,2485,0.2814,0.339,0.83,0.2563,0.2934,-0.0371,L2
2买,趋势空头 + 威科夫B3弹簧,77,0.008,0.0108,0.735,0.2338,0.2934,-0.0597,L2
2买,趋势空头 + 黄金柱,263,0.0314,0.0352,0.891,0.27,0.2934,-0.0235,L2
2买,趋势空头 + 量能金叉,539,0.0852,0.0635,1.343,0.3581,0.2934,0.0647,L2
2买,趋势空头 + 六脉红灯大于5,2947,0.3883,0.3793,1.024,0.2983,0.2934,0.0049,L2
2买,趋势空头 + 六脉红灯大于6,1827,0.2434,0.234,1.04,0.3016,0.2934,0.0082,L2
2买,趋势空头 + 六脉6红首发,1827,0.2434,0.234,1.04,0.3016,0.2934,0.0082,L2
2买,趋势空头 + 六脉5红首发,2947,0.3883,0.3793,1.024,0.2983,0.2934,0.0049,L2
2买,趋势空头 + 偏多共振,55,0.0044,0.0083,0.535,0.1818,0.2934,-0.1116,L2
2买,趋势空头 + 多头共振,55,0.0044,0.0083,0.535,0.1818,0.2934,-0.1116,L2
2买,趋势空头 + 火箭信号,177,0.0269,0.0213,1.266,0.3446,0.2934,0.0512,L2
2买,趋势空头 + 极限抄底,251,0.0393,0.0297,1.323,0.3546,0.2934,0.0612,L2
2买,趋势空头 + 中枢进机会区,1535,0.1988,0.199,0.999,0.2932,0.2934,-0.0003,L2
2买,趋势空头 + 中枢极限底,2236,0.2871,0.2909,0.987,0.2907,0.2934,-0.0027,L2
2买,趋势空头 + 中枢上穿中轴,526,0.0839,0.0616,1.362,0.3612,0.2934,0.0678,L2
2买,趋势空头 + 中枢底部蓄力,3388,0.4289,0.4433,0.967,0.2866,0.2934,-0.0068,L2
2买,趋势空头 + 中枢底部回升,3663,0.4722,0.4758,0.992,0.2918,0.2934,-0.0016,L2
2买,趋势空头 + 大盘多头,1374,0.1564,0.1871,0.836,0.2576,0.2934,-0.0358,L2
2买,趋势空头 + 大盘空头,1820,0.2491,0.2304,1.081,0.3099,0.2934,0.0165,L2
2买,趋势空头 + 大盘安全,1923,0.2076,0.2665,0.779,0.2444,0.2934,-0.049,L2
2买,趋势空头 + SID等于1,1374,0.1564,0.1871,0.836,0.2576,0.2934,-0.0358,L2
2买,趋势空头 + SID等于2,2349,0.2955,0.3081,0.959,0.2848,0.2934,-0.0086,L2
2买,趋势空头 + SID小于等于2,2747,0.3295,0.367,0.898,0.2716,0.2934,-0.0218,L2
2买,趋势空头 + 大盘5日上涨,2866,0.3441,0.3828,0.899,0.2718,0.2934,-0.0216,L2
2买,趋势空头 + 相对强弱大于0,1619,0.2261,0.203,1.114,0.3162,0.2934,0.0228,L2
2买,趋势空头 + 相对强弱大于5,326,0.0424,0.0422,1.005,0.2945,0.2934,0.0011,L2
2买,趋势空头 + 量比>=1.3,678,0.1117,0.078,1.434,0.3732,0.2934,0.0797,L2
2买,趋势空头 + 量比>=2,126,0.0186,0.0154,1.204,0.3333,0.2934,0.0399,L2
2买,趋势空头 + 距前高<=10%,197,0.0252,0.0257,0.98,0.2893,0.2934,-0.0041,L2
2买,趋势空头 + 深跌(距前高>40%),228,0.0261,0.031,0.841,0.2588,0.2934,-0.0346,L2
2买,趋势空头 + 距前低<=10%,3230,0.4059,0.4239,0.958,0.2845,0.2934,-0.0089,L2
2买,趋势空头 + 相对强弱>=0,347,0.0455,0.0448,1.017,0.2968,0.2934,0.0034,L2
2买,上升中回调 + 突破前高,88,0.0124,0.011,1.124,0.3182,0.2934,0.0248,L2
2买,上升中回调 + 站上MA5,2412,0.288,0.3228,0.892,0.2703,0.2934,-0.0231,L2
2买,上升中回调 + 站上MA13,1424,0.1815,0.1858,0.977,0.2886,0.2934,-0.0048,L2
2买,上升中回调 + 站上MA34,1572,0.1961,0.2069,0.948,0.2824,0.2934,-0.011,L2
2买,上升中回调 + 站上MA55,2425,0.2933,0.323,0.908,0.2738,0.2934,-0.0196,L2
2买,上升中回调 + 站上MA89,2421,0.2787,0.3283,0.849,0.2606,0.2934,-0.0328,L2
2买,上升中回调 + 站上MA144,2205,0.2549,0.2986,0.853,0.2617,0.2934,-0.0317,L2
2买,上升中回调 + 站上MA233,1916,0.2169,0.2614,0.83,0.2563,0.2934,-0.0372,L2
2买,上升中回调 + 斐波短中多头,622,0.072,0.0842,0.855,0.2621,0.2934,-0.0314,L2
2买,上升中回调 + 斐波长多头,913,0.0914,0.1295,0.706,0.2267,0.2934,-0.0667,L2
2买,上升中回调 + 斐波全多头,180,0.0159,0.0264,0.602,0.2,0.2934,-0.0934,L2
2买,上升中回调 + MA55上穿MA89,124,0.015,0.0165,0.91,0.2742,0.2934,-0.0192,L2
2买,上升中回调 + 放量,1507,0.1939,0.1959,0.99,0.2913,0.2934,-0.0021,L2
2买,上升中回调 + 缩量,2446,0.2889,0.3287,0.879,0.2674,0.2934,-0.026,L2
2买,上升中回调 + 量比大于1,2269,0.2725,0.303,0.899,0.2719,0.2934,-0.0215,L2
2买,上升中回调 + 量比大于1_3,1508,0.1899,0.1977,0.961,0.2851,0.2934,-0.0083,L2
2买,上升中回调 + 量比大于2,525,0.0658,0.069,0.954,0.2838,0.2934,-0.0096,L2
2买,上升中回调 + 量能递增,1043,0.1418,0.1324,1.071,0.3078,0.2934,0.0143,L2
2买,上升中回调 + 价涨量增,1266,0.1634,0.1643,0.994,0.2923,0.2934,-0.0012,L2
2买,上升中回调 + 价涨量缩,2028,0.2398,0.2724,0.881,0.2678,0.2934,-0.0257,L2
2买,上升中回调 + MACD_DIF大于0,2078,0.2416,0.2808,0.86,0.2632,0.2934,-0.0302,L2
2买,上升中回调 + MACD金叉态,310,0.0406,0.04,1.016,0.2968,0.2934,0.0034,L2
2买,上升中回调 + MACD柱递增,2177,0.2615,0.2907,0.899,0.2719,0.2934,-0.0215,L2
2买,上升中回调 + MACD零轴上金叉,208,0.0261,0.0273,0.954,0.2837,0.2934,-0.0098,L2
2买,上升中回调 + MACD底背离,681,0.0649,0.0979,0.663,0.2159,0.2934,-0.0776,L2
2买,上升中回调 + BOLL收上中轨,1236,0.1537,0.1629,0.944,0.2816,0.2934,-0.0119,L2
2买,上升中回调 + BOLL突破上轨,190,0.0234,0.0251,0.932,0.2789,0.2934,-0.0145,L2
2买,上升中回调 + BOLL触下轨反弹,1516,0.1873,0.2003,0.935,0.2797,0.2934,-0.0137,L2
2买,上升中回调 + BOLL开口扩张,2325,0.2787,0.3107,0.897,0.2714,0.2934,-0.022,L2
2买,上升中回调 + KDJ金叉态,2087,0.2562,0.2764,0.927,0.2779,0.2934,-0.0155,L2
2买,上升中回调 + KDJ_J超卖,2301,0.2774,0.3069,0.904,0.2729,0.2934,-0.0205,L2
2买,上升中回调 + KDJ低位金叉,735,0.0866,0.0989,0.876,0.2667,0.2934,-0.0267,L2
2买,上升中回调 + KDJ_D小于30,1462,0.1709,0.1972,0.867,0.2647,0.2934,-0.0287,L2
2买,上升中回调 + RSI6大于50,1742,0.2231,0.2269,0.983,0.2899,0.2934,-0.0035,L2
2买,上升中回调 + RSI金叉,1718,0.22,0.2238,0.983,0.2899,0.2934,-0.0035,L2
2买,上升中回调 + RSI6超卖,1560,0.2014,0.2025,0.995,0.2923,0.2934,-0.0011,L2
2买,上升中回调 + RSI底背离,498,0.0543,0.0688,0.79,0.247,0.2934,-0.0464,L2
2买,上升中回调 + 威科夫得分大于4,1037,0.1254,0.1381,0.908,0.2739,0.2934,-0.0195,L2
2买,上升中回调 + 威科夫得分大于7,417,0.0517,0.055,0.939,0.2806,0.2934,-0.0128,L2
2买,上升中回调 + 积累阶段,621,0.0883,0.0772,1.144,0.3221,0.2934,0.0286,L2
2买,上升中回调 + 黄金柱,177,0.0216,0.0235,0.922,0.2768,0.2934,-0.0166,L2
2买,上升中回调 + 量能金叉,443,0.0517,0.0598,0.864,0.2641,0.2934,-0.0293,L2
2买,上升中回调 + 六脉红灯大于5,1592,0.2076,0.2058,1.009,0.2952,0.2934,0.0018,L2
2买,上升中回调 + 六脉红灯大于6,1192,0.1559,0.1539,1.013,0.2961,0.2934,0.0027,L2
2买,上升中回调 + 六脉6红首发,1192,0.1559,0.1539,1.013,0.2961,0.2934,0.0027,L2
2买,上升中回调 + 六脉5红首发,1592,0.2076,0.2058,1.009,0.2952,0.2934,0.0018,L2
2买,上升中回调 + 偏多共振,990,0.1029,0.1388,0.741,0.2354,0.2934,-0.0581,L2
2买,上升中回调 + 多头共振,986,0.1029,0.1381,0.745,0.2363,0.2934,-0.0571,L2
2买,上升中回调 + 火箭信号,173,0.0269,0.0205,1.312,0.3526,0.2934,0.0592,L2
2买,上升中回调 + 中枢进机会区,778,0.0972,0.1023,0.949,0.2828,0.2934,-0.0106,L2
2买,上升中回调 + 中枢极限底,351,0.0512,0.0431,1.189,0.3305,0.2934,0.0371,L2
2买,上升中回调 + 中枢上穿中轴,906,0.1206,0.1161,1.039,0.3013,0.2934,0.0079,L2
2买,上升中回调 + 中枢底部蓄力,493,0.0521,0.0688,0.758,0.2394,0.2934,-0.0541,L2
2买,上升中回调 + 中枢底部回升,895,0.1109,0.1181,0.939,0.2804,0.2934,-0.013,L2
2买,上升中回调 + 大盘多头,1608,0.1784,0.2208,0.808,0.2512,0.2934,-0.0422,L2
2买,上升中回调 + 大盘空头,456,0.0557,0.0605,0.919,0.2763,0.2934,-0.0171,L2
2买,上升中回调 + 大盘安全,1807,0.1992,0.2487,0.801,0.2496,0.2934,-0.0438,L2
2买,上升中回调 + SID等于1,1608,0.1784,0.2208,0.808,0.2512,0.2934,-0.0422,L2
2买,上升中回调 + SID等于2,1874,0.2319,0.2474,0.937,0.2801,0.2934,-0.0133,L2
2买,上升中回调 + SID小于等于2,2327,0.2694,0.3149,0.856,0.2621,0.2934,-0.0313,L2
2买,上升中回调 + 大盘5日上涨,1978,0.2297,0.2674,0.859,0.2629,0.2934,-0.0305,L2
2买,上升中回调 + 相对强弱大于0,1230,0.1515,0.1627,0.931,0.2789,0.2934,-0.0146,L2
2买,上升中回调 + 相对强弱大于5,309,0.0406,0.0398,1.021,0.2977,0.2934,0.0043,L2
2买,上升中回调 + 量比>=1.3,287,0.0384,0.0367,1.048,0.3031,0.2934,0.0097,L2
2买,上升中回调 + 量比>=2,64,0.008,0.0084,0.942,0.2812,0.2934,-0.0122,L2
2买,上升中回调 + 距前高<=10%,697,0.0963,0.0879,1.096,0.3128,0.2934,0.0194,L2
2买,上升中回调 + 距前低<=10%,356,0.0402,0.0486,0.827,0.2556,0.2934,-0.0378,L2
2买,上升中回调 + 相对强弱>=0,255,0.0327,0.0332,0.985,0.2902,0.2934,-0.0032,L2
2买,突破前高 + 站上MA5,122,0.0186,0.0147,1.264,0.3443,0.2934,0.0508,L2
2买,突破前高 + 站上MA13,122,0.0186,0.0147,1.264,0.3443,0.2934,0.0508,L2
2买,突破前高 + 站上MA34,122,0.0186,0.0147,1.264,0.3443,0.2934,0.0508,L2
2买,突破前高 + 站上MA55,122,0.0186,0.0147,1.264,0.3443,0.2934,0.0508,L2
2买,突破前高 + 站上MA89,122,0.0186,0.0147,1.264,0.3443,0.2934,0.0508,L2
2买,突破前高 + 站上MA144,119,0.0181,0.0143,1.266,0.3445,0.2934,0.0511,L2
2买,突破前高 + 站上MA233,98,0.0146,0.0119,1.223,0.3367,0.2934,0.0433,L2
2买,突破前高 + 斐波短中多头,59,0.0093,0.007,1.331,0.3559,0.2934,0.0625,L2
2买,突破前高 + 放量,122,0.0186,0.0147,1.264,0.3443,0.2934,0.0508,L2
2买,突破前高 + 缩量,104,0.015,0.0128,1.17,0.3269,0.2934,0.0335,L2
2买,突破前高 + 量比大于1,122,0.0186,0.0147,1.264,0.3443,0.2934,0.0508,L2
2买,突破前高 + 量比大于1_3,121,0.0181,0.0147,1.234,0.3388,0.2934,0.0454,L2
2买,突破前高 + 量比大于2,107,0.0168,0.0127,1.326,0.3551,0.2934,0.0617,L2
2买,突破前高 + 量能递增,112,0.0172,0.0134,1.287,0.3482,0.2934,0.0548,L2
2买,突破前高 + 价涨量增,121,0.0186,0.0145,1.28,0.3471,0.2934,0.0537,L2
2买,突破前高 + 价涨量缩,68,0.0102,0.0083,1.231,0.3382,0.2934,0.0448,L2
2买,突破前高 + MACD_DIF大于0,117,0.0181,0.0139,1.299,0.3504,0.2934,0.057,L2
2买,突破前高 + MACD金叉态,98,0.015,0.0117,1.279,0.3469,0.2934,0.0535,L2
2买,突破前高 + MACD柱递增,117,0.0177,0.0141,1.251,0.3419,0.2934,0.0485,L2
2买,突破前高 + MACD零轴上金叉,83,0.0137,0.0095,1.436,0.3735,0.2934,0.0801,L2
2买,突破前高 + BOLL收上中轨,122,0.0186,0.0147,1.264,0.3443,0.2934,0.0508,L2
2买,突破前高 + BOLL突破上轨,111,0.0163,0.0136,1.204,0.3333,0.2934,0.0399,L2
2买,突破前高 + BOLL触下轨反弹,80,0.0119,0.0097,1.227,0.3375,0.2934,0.0441,L2
2买,突破前高 + BOLL开口扩张,121,0.0186,0.0145,1.28,0.3471,0.2934,0.0537,L2
2买,突破前高 + KDJ金叉态,122,0.0186,0.0147,1.264,0.3443,0.2934,0.0508,L2
2买,突破前高 + KDJ_J超卖,101,0.0159,0.0119,1.334,0.3564,0.2934,0.063,L2
2买,突破前高 + RSI6大于50,122,0.0186,0.0147,1.264,0.3443,0.2934,0.0508,L2
2买,突破前高 + RSI金叉,122,0.0186,0.0147,1.264,0.3443,0.2934,0.0508,L2
2买,突破前高 + RSI6超卖,57,0.0093,0.0066,1.405,0.3684,0.2934,0.075,L2
2买,突破前高 + 威科夫得分大于4,101,0.0168,0.0116,1.453,0.3762,0.2934,0.0828,L2
2买,突破前高 + 威科夫得分大于7,71,0.0124,0.0079,1.568,0.3944,0.2934,0.1009,L2
2买,突破前高 + 量能金叉,68,0.0133,0.007,1.901,0.4412,0.2934,0.1478,L2
2买,突破前高 + 六脉红灯大于5,122,0.0186,0.0147,1.264,0.3443,0.2934,0.0508,L2
2买,突破前高 + 六脉红灯大于6,121,0.0181,0.0147,1.234,0.3388,0.2934,0.0454,L2
2买,突破前高 + 六脉6红首发,121,0.0181,0.0147,1.234,0.3388,0.2934,0.0454,L2
2买,突破前高 + 六脉5红首发,122,0.0186,0.0147,1.264,0.3443,0.2934,0.0508,L2
2买,突破前高 + 火箭信号,65,0.0106,0.0075,1.41,0.3692,0.2934,0.0758,L2
2买,突破前高 + 中枢上穿中轴,87,0.0128,0.0106,1.204,0.3333,0.2934,0.0399,L2
2买,突破前高 + 大盘多头,62,0.0102,0.0072,1.42,0.371,0.2934,0.0776,L2
2买,突破前高 + 大盘安全,79,0.0124,0.0094,1.322,0.3544,0.2934,0.061,L2
2买,突破前高 + SID等于1,62,0.0102,0.0072,1.42,0.371,0.2934,0.0776,L2
2买,突破前高 + SID等于2,82,0.0141,0.0092,1.541,0.3902,0.2934,0.0968,L2
2买,突破前高 + SID小于等于2,101,0.0168,0.0116,1.453,0.3762,0.2934,0.0828,L2
2买,突破前高 + 大盘5日上涨,79,0.0133,0.009,1.474,0.3797,0.2934,0.0863,L2
2买,突破前高 + 相对强弱大于0,121,0.0181,0.0147,1.234,0.3388,0.2934,0.0454,L2
2买,突破前高 + 相对强弱大于5,91,0.0141,0.0108,1.306,0.3516,0.2934,0.0582,L2
2买,突破前高 + 距前高<=10%,78,0.0115,0.0095,1.204,0.3333,0.2934,0.0399,L2
2买,站上MA5 + 站上MA13,3562,0.4784,0.4547,1.052,0.304,0.2934,0.0106,L2
2买,站上MA5 + 站上MA34,2378,0.3238,0.3017,1.073,0.3082,0.2934,0.0148,L2
2买,站上MA5 + 站上MA55,3046,0.4011,0.3921,1.023,0.2981,0.2934,0.0047,L2
2买,站上MA5 + 站上MA89,3740,0.4426,0.5022,0.881,0.2679,0.2934,-0.0255,L2
2买,站上MA5 + 站上MA144,4324,0.5062,0.5829,0.868,0.265,0.2934,-0.0284,L2
2买,站上MA5 + 站上MA233,4148,0.4947,0.5554,0.891,0.27,0.2934,-0.0234,L2
2买,站上MA5 + 斐波短中多头,622,0.0777,0.0818,0.95,0.283,0.2934,-0.0105,L2
2买,站上MA5 + 斐波长多头,2336,0.2456,0.3265,0.752,0.238,0.2934,-0.0554,L2
2买,站上MA5 + 斐波全多头,164,0.015,0.0238,0.63,0.2073,0.2934,-0.0861,L2
2买,站上MA5 + MA55上穿MA89,188,0.023,0.0249,0.921,0.2766,0.2934,-0.0168,L2
2买,站上MA5 + 放量,4566,0.6352,0.5737,1.107,0.3149,0.2934,0.0215,L2
2买,站上MA5 + 缩量,6762,0.8648,0.8811,0.981,0.2896,0.2934,-0.0039,L2
2买,站上MA5 + 量比大于1,6476,0.8578,0.8316,1.031,0.2999,0.2934,0.0065,L2
2买,站上MA5 + 量比大于1_3,4524,0.6219,0.5715,1.088,0.3112,0.2934,0.0178,L2
2买,站上MA5 + 量比大于2,1625,0.2416,0.1977,1.222,0.3366,0.2934,0.0432,L2
2买,站上MA5 + 量能递增,3247,0.4678,0.4013,1.166,0.3261,0.2934,0.0327,L2
2买,站上MA5 + 价涨量增,3977,0.5561,0.4985,1.115,0.3166,0.2934,0.0232,L2
2买,站上MA5 + 价涨量缩,5442,0.6948,0.7096,0.979,0.289,0.2934,-0.0044,L2
2买,站上MA5 + MACD_DIF大于0,2345,0.2959,0.3072,0.963,0.2857,0.2934,-0.0077,L2
2买,站上MA5 + MACD金叉态,1953,0.2491,0.2548,0.978,0.2888,0.2934,-0.0046,L2
2买,站上MA5 + MACD柱递增,6611,0.8666,0.8527,1.016,0.2968,0.2934,0.0034,L2
2买,站上MA5 + MACD零轴上金叉,302,0.0433,0.0374,1.157,0.3245,0.2934,0.0311,L2
2买,站上MA5 + MACD底背离,3625,0.4223,0.4895,0.863,0.2637,0.2934,-0.0297,L2
2买,站上MA5 + BOLL收上中轨,2684,0.3542,0.3452,1.026,0.2988,0.2934,0.0054,L2
2买,站上MA5 + BOLL突破上轨,392,0.0552,0.049,1.127,0.3189,0.2934,0.0255,L2
2买,站上MA5 + BOLL触下轨反弹,4282,0.5804,0.5444,1.066,0.3069,0.2934,0.0134,L2
2买,站上MA5 + BOLL开口扩张,6364,0.8401,0.8184,1.027,0.2989,0.2934,0.0055,L2
2买,站上MA5 + KDJ金叉态,6374,0.8485,0.8168,1.039,0.3014,0.2934,0.008,L2
2买,站上MA5 + KDJ_J超卖,6451,0.8538,0.8287,1.03,0.2996,0.2934,0.0062,L2
2买,站上MA5 + KDJ低位金叉,3178,0.4426,0.3991,1.109,0.3153,0.2934,0.0219,L2
2买,站上MA5 + KDJ_D小于30,5117,0.6824,0.6552,1.042,0.3019,0.2934,0.0085,L2
2买,站上MA5 + RSI6大于50,4228,0.5587,0.5435,1.028,0.2992,0.2934,0.0058,L2
2买,站上MA5 + RSI金叉,5714,0.7633,0.7311,1.044,0.3024,0.2934,0.009,L2
2买,站上MA5 + RSI6超卖,5394,0.7345,0.6843,1.073,0.3083,0.2934,0.0149,L2
2买,站上MA5 + RSI底背离,2896,0.341,0.3896,0.875,0.2666,0.2934,-0.0268,L2
2买,站上MA5 + 威科夫得分大于4,1481,0.1895,0.193,0.982,0.2897,0.2934,-0.0037,L2
2买,站上MA5 + 威科夫得分大于7,564,0.0702,0.0743,0.945,0.2819,0.2934,-0.0115,L2
2买,站上MA5 + 积累阶段,3429,0.4258,0.4521,0.942,0.2811,0.2934,-0.0123,L2
2买,站上MA5 + 威科夫B3弹簧,78,0.0088,0.0106,0.83,0.2564,0.2934,-0.037,L2
2买,站上MA5 + 威科夫B1突破,54,0.0084,0.0064,1.307,0.3519,0.2934,0.0584,L2
2买,站上MA5 + 黄金柱,485,0.0614,0.0635,0.967,0.2866,0.2934,-0.0068,L2
2买,站上MA5 + 量能金叉,1123,0.1643,0.1377,1.193,0.3313,0.2934,0.0378,L2
2买,站上MA5 + 六脉红灯大于5,5133,0.6762,0.6607,1.024,0.2983,0.2934,0.0048,L2
2买,站上MA5 + 六脉红灯大于6,3407,0.4567,0.4353,1.049,0.3035,0.2934,0.0101,L2
2买,站上MA5 + 六脉6红首发,3407,0.4567,0.4353,1.049,0.3035,0.2934,0.0101,L2
2买,站上MA5 + 六脉5红首发,5133,0.6762,0.6607,1.024,0.2983,0.2934,0.0048,L2
2买,站上MA5 + 偏多共振,1045,0.1073,0.1471,0.73,0.2325,0.2934,-0.0609,L2
2买,站上MA5 + 多头共振,1041,0.1073,0.1464,0.733,0.2334,0.2934,-0.06,L2
2买,站上MA5 + 火箭信号,415,0.0658,0.0488,1.349,0.359,0.2934,0.0656,L2
2买,站上MA5 + 极限抄底,272,0.0451,0.0312,1.445,0.375,0.2934,0.0816,L2
2买,站上MA5 + 中枢进机会区,2663,0.3573,0.3401,1.051,0.3038,0.2934,0.0104,L2
2买,站上MA5 + 中枢极限底,2985,0.3975,0.3824,1.039,0.3015,0.2934,0.0081,L2
2买,站上MA5 + 中枢上穿中轴,1628,0.2403,0.1988,1.209,0.3342,0.2934,0.0407,L2
2买,站上MA5 + 中枢底部蓄力,4346,0.5473,0.5699,0.96,0.2851,0.2934,-0.0083,L2
2买,站上MA5 + 中枢底部回升,5181,0.6793,0.6682,1.017,0.2969,0.2934,0.0034,L2
2买,站上MA5 + 大盘多头,3226,0.3768,0.4353,0.866,0.2644,0.2934,-0.029,L2
2买,站上MA5 + 大盘空头,2503,0.3388,0.3184,1.064,0.3064,0.2934,0.013,L2
2买,站上MA5 + 大盘安全,4043,0.458,0.5514,0.831,0.2565,0.2934,-0.0369,L2
2买,站上MA5 + SID等于1,3226,0.3768,0.4353,0.866,0.2644,0.2934,-0.029,L2
2买,站上MA5 + SID等于2,4694,0.6144,0.6058,1.014,0.2963,0.2934,0.0029,L2
2买,站上MA5 + SID小于等于2,5575,0.6864,0.7375,0.931,0.2787,0.2934,-0.0147,L2
2买,站上MA5 + 大盘5日上涨,5347,0.6515,0.7102,0.917,0.2759,0.2934,-0.0176,L2
2买,站上MA5 + 相对强弱大于0,3092,0.4187,0.3933,1.065,0.3066,0.2934,0.0132,L2
2买,站上MA5 + 相对强弱大于5,698,0.095,0.0886,1.072,0.308,0.2934,0.0146,L2
2买,站上MA5 + 量比>=1.3,1049,0.1714,0.1212,1.414,0.3699,0.2934,0.0765,L2
2买,站上MA5 + 量比>=2,204,0.0309,0.0246,1.258,0.3431,0.2934,0.0497,L2
2买,站上MA5 + 距前高<=10%,1049,0.1471,0.1313,1.12,0.3174,0.2934,0.024,L2
2买,站上MA5 + 深跌(距前高>40%),251,0.0278,0.0345,0.807,0.251,0.2934,-0.0424,L2
2买,站上MA5 + 距前低<=10%,3872,0.4872,0.5079,0.959,0.2849,0.2934,-0.0086,L2
2买,站上MA5 + 相对强弱>=0,634,0.087,0.0802,1.086,0.3107,0.2934,0.0173,L2
2买,站上MA5 + 相对强弱>=5,51,0.0057,0.007,0.824,0.2549,0.2934,-0.0385,L2
2买,站上MA13 + 站上MA34,2020,0.2809,0.2539,1.107,0.3149,0.2934,0.0214,L2
2买,站上MA13 + 站上MA55,2125,0.2951,0.2672,1.104,0.3144,0.2934,0.0209,L2
2买,站上MA13 + 站上MA89,2271,0.2906,0.2959,0.982,0.2897,0.2934,-0.0037,L2
2买,站上MA13 + 站上MA144,2379,0.2981,0.3125,0.954,0.2837,0.2934,-0.0097,L2
2买,站上MA13 + 站上MA233,2190,0.2752,0.2874,0.957,0.2845,0.2934,-0.0089,L2
2买,站上MA13 + 斐波短中多头,471,0.0596,0.0616,0.968,0.2866,0.2934,-0.0068,L2
2买,站上MA13 + 斐波长多头,1024,0.1025,0.1453,0.705,0.2266,0.2934,-0.0669,L2
2买,站上MA13 + 斐波全多头,129,0.0097,0.0196,0.495,0.1705,0.2934,-0.1229,L2
2买,站上MA13 + MA55上穿MA89,112,0.0168,0.0136,1.237,0.3393,0.2934,0.0459,L2
2买,站上MA13 + 放量,2963,0.4037,0.3758,1.074,0.3085,0.2934,0.0151,L2
2买,站上MA13 + 缩量,3298,0.4399,0.4222,1.042,0.302,0.2934,0.0086,L2
2买,站上MA13 + 量比大于1,3485,0.4673,0.4452,1.05,0.3036,0.2934,0.0102,L2
2买,站上MA13 + 量比大于1_3,2886,0.3905,0.3672,1.063,0.3063,0.2934,0.0129,L2
2买,站上MA13 + 量比大于2,1323,0.1837,0.1664,1.104,0.3144,0.2934,0.021,L2
2买,站上MA13 + 量能递增,2081,0.2968,0.2584,1.149,0.3229,0.2934,0.0295,L2
2买,站上MA13 + 价涨量增,2820,0.3878,0.3562,1.089,0.3113,0.2934,0.0179,L2
2买,站上MA13 + 价涨量缩,2489,0.3344,0.3177,1.053,0.3041,0.2934,0.0107,L2
2买,站上MA13 + MACD_DIF大于0,1408,0.1868,0.1807,1.034,0.3004,0.2934,0.007,L2
2买,站上MA13 + MACD金叉态,1686,0.2231,0.2166,1.03,0.2995,0.2934,0.0061,L2
2买,站上MA13 + MACD柱递增,3372,0.4523,0.4307,1.05,0.3037,0.2934,0.0103,L2
2买,站上MA13 + MACD零轴上金叉,302,0.0433,0.0374,1.157,0.3245,0.2934,0.0311,L2
2买,站上MA13 + MACD底背离,1727,0.2173,0.2265,0.959,0.2849,0.2934,-0.0085,L2
2买,站上MA13 + BOLL收上中轨,2616,0.3476,0.3355,1.036,0.3008,0.2934,0.0074,L2
2买,站上MA13 + BOLL突破上轨,392,0.0552,0.049,1.127,0.3189,0.2934,0.0255,L2
2买,站上MA13 + BOLL触下轨反弹,2114,0.2906,0.2671,1.088,0.3113,0.2934,0.0178,L2
2买,站上MA13 + BOLL开口扩张,3080,0.4174,0.3916,1.066,0.3068,0.2934,0.0134,L2
2买,站上MA13 + KDJ金叉态,3483,0.4717,0.443,1.065,0.3066,0.2934,0.0132,L2
2买,站上MA13 + KDJ_J超卖,2966,0.417,0.3709,1.124,0.3183,0.2934,0.0249,L2
2买,站上MA13 + KDJ低位金叉,952,0.148,0.1132,1.307,0.3519,0.2934,0.0585,L2
2买,站上MA13 + KDJ_D小于30,2079,0.3004,0.2566,1.17,0.3271,0.2934,0.0337,L2
2买,站上MA13 + RSI6大于50,3538,0.4739,0.4521,1.048,0.3033,0.2934,0.0099,L2
2买,站上MA13 + RSI金叉,3463,0.4678,0.4409,1.061,0.3058,0.2934,0.0124,L2
2买,站上MA13 + RSI6超卖,2252,0.3273,0.2771,1.181,0.329,0.2934,0.0356,L2
2买,站上MA13 + RSI底背离,1428,0.186,0.1847,1.007,0.2948,0.2934,0.0014,L2
2买,站上MA13 + 威科夫得分大于4,1155,0.1528,0.1484,1.03,0.2996,0.2934,0.0062,L2
2买,站上MA13 + 威科夫得分大于7,489,0.0605,0.0646,0.937,0.2802,0.2934,-0.0133,L2
2买,站上MA13 + 积累阶段,1759,0.2376,0.224,1.061,0.3059,0.2934,0.0124,L2
2买,站上MA13 + 威科夫B1突破,54,0.0084,0.0064,1.307,0.3519,0.2934,0.0584,L2
2买,站上MA13 + 黄金柱,469,0.0587,0.0616,0.953,0.2836,0.2934,-0.0098,L2
2买,站上MA13 + 量能金叉,848,0.1201,0.1056,1.137,0.3208,0.2934,0.0273,L2
2买,站上MA13 + 六脉红灯大于5,3403,0.4633,0.4318,1.073,0.3083,0.2934,0.0148,L2
2买,站上MA13 + 六脉红灯大于6,3079,0.4192,0.3907,1.073,0.3082,0.2934,0.0148,L2
2买,站上MA13 + 六脉6红首发,3079,0.4192,0.3907,1.073,0.3082,0.2934,0.0148,L2
2买,站上MA13 + 六脉5红首发,3403,0.4633,0.4318,1.073,0.3083,0.2934,0.0148,L2
2买,站上MA13 + 偏多共振,593,0.0618,0.0831,0.744,0.2361,0.2934,-0.0573,L2
2买,站上MA13 + 多头共振,589,0.0618,0.0824,0.751,0.2377,0.2934,-0.0557,L2
2买,站上MA13 + 火箭信号,372,0.0557,0.0451,1.233,0.3387,0.2934,0.0453,L2
2买,站上MA13 + 中枢进机会区,1204,0.1586,0.155,1.023,0.2982,0.2934,0.0048,L2
2买,站上MA13 + 中枢极限底,1245,0.1652,0.1598,1.034,0.3004,0.2934,0.007,L2
2买,站上MA13 + 中枢上穿中轴,1434,0.212,0.175,1.212,0.3347,0.2934,0.0413,L2
2买,站上MA13 + 中枢底部蓄力,1861,0.2456,0.2394,1.026,0.2988,0.2934,0.0053,L2
2买,站上MA13 + 中枢底部回升,2329,0.314,0.2968,1.058,0.3053,0.2934,0.0119,L2
2买,站上MA13 + 大盘多头,1830,0.2244,0.2425,0.925,0.2776,0.2934,-0.0158,L2
2买,站上MA13 + 大盘空头,1249,0.1837,0.1528,1.203,0.3331,0.2934,0.0397,L2
2买,站上MA13 + 大盘安全,2298,0.2761,0.3069,0.9,0.272,0.2934,-0.0214,L2
2买,站上MA13 + SID等于1,1830,0.2244,0.2425,0.925,0.2776,0.2934,-0.0158,L2
2买,站上MA13 + SID等于2,2257,0.3052,0.2872,1.063,0.3062,0.2934,0.0127,L2
2买,站上MA13 + SID小于等于2,2798,0.3507,0.3676,0.954,0.2838,0.2934,-0.0096,L2
2买,站上MA13 + 大盘5日上涨,2888,0.3719,0.3753,0.991,0.2916,0.2934,-0.0019,L2
2买,站上MA13 + 相对强弱大于0,2414,0.3322,0.3048,1.09,0.3115,0.2934,0.0181,L2
2买,站上MA13 + 相对强弱大于5,683,0.0932,0.0866,1.077,0.3089,0.2934,0.0155,L2
2买,站上MA13 + 量比>=1.3,603,0.0852,0.0752,1.134,0.3201,0.2934,0.0267,L2
2买,站上MA13 + 量比>=2,146,0.019,0.0189,1.005,0.2945,0.2934,0.0011,L2
2买,站上MA13 + 距前高<=10%,736,0.1082,0.0901,1.202,0.3329,0.2934,0.0395,L2
2买,站上MA13 + 深跌(距前高>40%),85,0.0066,0.0128,0.516,0.1765,0.2934,-0.1169,L2
2买,站上MA13 + 距前低<=10%,1806,0.2412,0.2311,1.044,0.3023,0.2934,0.0089,L2
2买,站上MA13 + 相对强弱>=0,520,0.0711,0.0658,1.08,0.3096,0.2934,0.0162,L2
2买,站上MA13 + 相对强弱>=5,50,0.0062,0.0066,0.936,0.28,0.2934,-0.0134,L2
2买,站上MA34 + 站上MA55,2228,0.3012,0.2836,1.062,0.3061,0.2934,0.0127,L2
2买,站上MA34 + 站上MA89,2057,0.2633,0.268,0.982,0.2897,0.2934,-0.0037,L2
2买,站上MA34 + 站上MA144,1902,0.2447,0.2472,0.99,0.2913,0.2934,-0.0021,L2
2买,站上MA34 + 站上MA233,1672,0.2169,0.2166,1.001,0.2937,0.2934,0.0002,L2
2买,站上MA34 + 斐波短中多头,610,0.076,0.0803,0.946,0.282,0.2934,-0.0114,L2
2买,站上MA34 + 斐波长多头,623,0.0636,0.0879,0.724,0.2311,0.2934,-0.0623,L2
2买,站上MA34 + 斐波全多头,167,0.0146,0.0246,0.593,0.1976,0.2934,-0.0958,L2
2买,站上MA34 + MA55上穿MA89,102,0.015,0.0125,1.204,0.3333,0.2934,0.0399,L2
2买,站上MA34 + 放量,1919,0.2677,0.2408,1.111,0.3158,0.2934,0.0224,L2
2买,站上MA34 + 缩量,2250,0.3048,0.2861,1.065,0.3067,0.2934,0.0133,L2
2买,站上MA34 + 量比大于1,2312,0.3096,0.2955,1.048,0.3032,0.2934,0.0098,L2
2买,站上MA34 + 量比大于1_3,1858,0.2544,0.2351,1.082,0.31,0.2934,0.0166,L2
2买,站上MA34 + 量比大于2,961,0.1374,0.1192,1.152,0.3236,0.2934,0.0302,L2
2买,站上MA34 + 量能递增,1481,0.2169,0.1816,1.194,0.3315,0.2934,0.0381,L2
2买,站上MA34 + 价涨量增,1774,0.2504,0.2214,1.131,0.3196,0.2934,0.0262,L2
2买,站上MA34 + 价涨量缩,1750,0.2341,0.2238,1.046,0.3029,0.2934,0.0094,L2
2买,站上MA34 + MACD_DIF大于0,1759,0.2288,0.2276,1.005,0.2945,0.2934,0.0011,L2
2买,站上MA34 + MACD金叉态,986,0.1418,0.122,1.162,0.3256,0.2934,0.0321,L2
2买,站上MA34 + MACD柱递增,2126,0.292,0.2687,1.087,0.3109,0.2934,0.0175,L2
2买,站上MA34 + MACD零轴上金叉,302,0.0433,0.0374,1.157,0.3245,0.2934,0.0311,L2
2买,站上MA34 + MACD底背离,634,0.0808,0.0827,0.977,0.2886,0.2934,-0.0048,L2
2买,站上MA34 + BOLL收上中轨,2008,0.2787,0.2526,1.104,0.3142,0.2934,0.0208,L2
2买,站上MA34 + BOLL突破上轨,386,0.0552,0.0479,1.153,0.3238,0.2934,0.0304,L2
2买,站上MA34 + BOLL触下轨反弹,1506,0.2147,0.1871,1.147,0.3227,0.2934,0.0293,L2
2买,站上MA34 + BOLL开口扩张,2213,0.3052,0.2792,1.093,0.3122,0.2934,0.0188,L2
2买,站上MA34 + KDJ金叉态,2163,0.3004,0.272,1.104,0.3144,0.2934,0.021,L2
2买,站上MA34 + KDJ_J超卖,2139,0.2999,0.2678,1.12,0.3174,0.2934,0.024,L2
2买,站上MA34 + KDJ低位金叉,392,0.0526,0.0501,1.05,0.3036,0.2934,0.0102,L2
2买,站上MA34 + KDJ_D小于30,1155,0.1652,0.1433,1.153,0.3238,0.2934,0.0304,L2
2买,站上MA34 + RSI6大于50,2198,0.3052,0.2764,1.104,0.3144,0.2934,0.021,L2
2买,站上MA34 + RSI金叉,2024,0.2853,0.2528,1.129,0.3192,0.2934,0.0258,L2
2买,站上MA34 + RSI6超卖,1367,0.2027,0.1665,1.217,0.3358,0.2934,0.0424,L2
2买,站上MA34 + RSI底背离,543,0.0698,0.0706,0.988,0.291,0.2934,-0.0024,L2
2买,站上MA34 + 威科夫得分大于4,1127,0.1564,0.1418,1.103,0.3141,0.2934,0.0207,L2
2买,站上MA34 + 威科夫得分大于7,506,0.0663,0.0653,1.015,0.2964,0.2934,0.003,L2
2买,站上MA34 + 积累阶段,836,0.1294,0.0996,1.299,0.3505,0.2934,0.0571,L2
2买,站上MA34 + 威科夫B1突破,53,0.0084,0.0062,1.346,0.3585,0.2934,0.0651,L2
2买,站上MA34 + 黄金柱,312,0.0415,0.04,1.038,0.3013,0.2934,0.0079,L2
2买,站上MA34 + 量能金叉,728,0.1025,0.091,1.126,0.3187,0.2934,0.0253,L2
2买,站上MA34 + 六脉红灯大于5,1934,0.2734,0.2412,1.134,0.3201,0.2934,0.0266,L2
2买,站上MA34 + 六脉红灯大于6,1688,0.239,0.2104,1.136,0.3205,0.2934,0.0271,L2
2买,站上MA34 + 六脉6红首发,1688,0.239,0.2104,1.136,0.3205,0.2934,0.0271,L2
2买,站上MA34 + 六脉5红首发,1934,0.2734,0.2412,1.134,0.3201,0.2934,0.0266,L2
2买,站上MA34 + 偏多共振,834,0.0861,0.1172,0.735,0.2338,0.2934,-0.0596,L2
2买,站上MA34 + 多头共振,830,0.0861,0.1165,0.74,0.2349,0.2934,-0.0585,L2
2买,站上MA34 + 火箭信号,319,0.0504,0.0376,1.339,0.3574,0.2934,0.064,L2
2买,站上MA34 + 中枢进机会区,627,0.0919,0.0769,1.195,0.3317,0.2934,0.0383,L2
2买,站上MA34 + 中枢极限底,429,0.0618,0.053,1.167,0.3263,0.2934,0.0329,L2
2买,站上MA34 + 中枢上穿中轴,1471,0.2085,0.1832,1.138,0.3209,0.2934,0.0275,L2
2买,站上MA34 + 中枢底部蓄力,571,0.0813,0.071,1.145,0.3222,0.2934,0.0288,L2
2买,站上MA34 + 中枢底部回升,955,0.1369,0.1183,1.157,0.3246,0.2934,0.0312,L2
2买,站上MA34 + 大盘多头,1507,0.189,0.1979,0.955,0.284,0.2934,-0.0094,L2
2买,站上MA34 + 大盘空头,620,0.0954,0.0741,1.288,0.3484,0.2934,0.055,L2
2买,站上MA34 + 大盘安全,1762,0.2191,0.2322,0.943,0.2815,0.2934,-0.0119,L2
2买,站上MA34 + SID等于1,1507,0.189,0.1979,0.955,0.284,0.2934,-0.0094,L2
2买,站上MA34 + SID等于2,1688,0.2319,0.2133,1.087,0.311,0.2934,0.0176,L2
2买,站上MA34 + SID小于等于2,2088,0.2681,0.2716,0.987,0.2907,0.2934,-0.0027,L2
2买,站上MA34 + 大盘5日上涨,1907,0.2518,0.2452,1.027,0.2989,0.2934,0.0055,L2
2买,站上MA34 + 相对强弱大于0,1675,0.2306,0.2115,1.09,0.3116,0.2934,0.0182,L2
2买,站上MA34 + 相对强弱大于5,570,0.0813,0.0708,1.148,0.3228,0.2934,0.0294,L2
2买,站上MA34 + 量比>=1.3,381,0.0574,0.046,1.247,0.3412,0.2934,0.0478,L2
2买,站上MA34 + 量比>=2,107,0.0146,0.0136,1.074,0.3084,0.2934,0.015,L2
2买,站上MA34 + 距前高<=10%,724,0.106,0.0888,1.194,0.3315,0.2934,0.0381,L2
2买,站上MA34 + 距前低<=10%,798,0.1109,0.1003,1.105,0.3145,0.2934,0.0211,L2
2买,站上MA34 + 相对强弱>=0,362,0.0495,0.0459,1.079,0.3094,0.2934,0.016,L2
2买,站上MA55 + 站上MA89,2837,0.3511,0.3745,0.938,0.2802,0.2934,-0.0132,L2
2买,站上MA55 + 站上MA144,2544,0.3154,0.3357,0.94,0.2807,0.2934,-0.0128,L2
2买,站上MA55 + 站上MA233,2241,0.2805,0.2946,0.952,0.2834,0.2934,-0.0101,L2
2买,站上MA55 + 斐波短中多头,665,0.0808,0.0884,0.914,0.2752,0.2934,-0.0182,L2
2买,站上MA55 + 斐波长多头,959,0.1016,0.1337,0.76,0.2398,0.2934,-0.0536,L2
2买,站上MA55 + 斐波全多头,187,0.0159,0.0277,0.574,0.1925,0.2934,-0.1009,L2
2买,站上MA55 + MA55上穿MA89,133,0.0177,0.0171,1.036,0.3008,0.2934,0.0073,L2
2买,站上MA55 + 放量,2147,0.3017,0.2685,1.123,0.3181,0.2934,0.0247,L2
2买,站上MA55 + 缩量,2987,0.3883,0.3866,1.004,0.2943,0.2934,0.0009,L2
2买,站上MA55 + 量比大于1,2905,0.3847,0.3731,1.031,0.2998,0.2934,0.0064,L2
2买,站上MA55 + 量比大于1_3,2121,0.2928,0.2674,1.095,0.3126,0.2934,0.0192,L2
2买,站上MA55 + 量比大于2,946,0.1374,0.1165,1.179,0.3288,0.2934,0.0353,L2
2买,站上MA55 + 量能递增,1585,0.2328,0.1941,1.2,0.3325,0.2934,0.0391,L2
2买,站上MA55 + 价涨量增,1906,0.2694,0.2377,1.133,0.32,0.2934,0.0266,L2
2买,站上MA55 + 价涨量缩,2394,0.311,0.31,1.003,0.2941,0.2934,0.0007,L2
2买,站上MA55 + MACD_DIF大于0,2317,0.2884,0.3052,0.945,0.2818,0.2934,-0.0116,L2
2买,站上MA55 + MACD金叉态,826,0.1201,0.1016,1.182,0.3293,0.2934,0.0359,L2
2买,站上MA55 + MACD柱递增,2772,0.3693,0.3551,1.04,0.3016,0.2934,0.0082,L2
2买,站上MA55 + MACD零轴上金叉,302,0.0433,0.0374,1.157,0.3245,0.2934,0.0311,L2
2买,站上MA55 + MACD底背离,934,0.106,0.1273,0.833,0.257,0.2934,-0.0365,L2
2买,站上MA55 + BOLL收上中轨,1966,0.269,0.2489,1.081,0.3098,0.2934,0.0163,L2
2买,站上MA55 + BOLL突破上轨,363,0.0521,0.0449,1.16,0.3251,0.2934,0.0317,L2
2买,站上MA55 + BOLL触下轨反弹,1967,0.2703,0.2485,1.088,0.3111,0.2934,0.0177,L2
2买,站上MA55 + BOLL开口扩张,2917,0.3865,0.3745,1.032,0.3,0.2934,0.0065,L2
2买,站上MA55 + KDJ金叉态,2715,0.3688,0.3448,1.07,0.3076,0.2934,0.0141,L2
2买,站上MA55 + KDJ_J超卖,2833,0.3803,0.3617,1.051,0.3039,0.2934,0.0105,L2
2买,站上MA55 + KDJ低位金叉,799,0.1034,0.1036,0.997,0.2929,0.2934,-0.0006,L2
2买,站上MA55 + KDJ_D小于30,1759,0.2328,0.226,1.03,0.2996,0.2934,0.0062,L2
2买,站上MA55 + RSI6大于50,2431,0.3392,0.305,1.112,0.3159,0.2934,0.0225,L2
2买,站上MA55 + RSI金叉,2359,0.3313,0.2951,1.122,0.3179,0.2934,0.0245,L2
2买,站上MA55 + RSI6超卖,1963,0.2778,0.2447,1.135,0.3204,0.2934,0.027,L2
2买,站上MA55 + RSI底背离,722,0.0892,0.0954,0.935,0.2798,0.2934,-0.0136,L2
2买,站上MA55 + 威科夫得分大于4,1287,0.1714,0.1649,1.039,0.3015,0.2934,0.0081,L2
2买,站上MA55 + 威科夫得分大于7,539,0.0711,0.0693,1.026,0.2987,0.2934,0.0053,L2
2买,站上MA55 + 积累阶段,1016,0.1621,0.119,1.362,0.3612,0.2934,0.0678,L2
2买,站上MA55 + 黄金柱,300,0.0406,0.0382,1.065,0.3067,0.2934,0.0133,L2
2买,站上MA55 + 量能金叉,752,0.1025,0.0954,1.074,0.3085,0.2934,0.0151,L2
2买,站上MA55 + 六脉红灯大于5,2231,0.3158,0.2781,1.136,0.3205,0.2934,0.0271,L2
2买,站上MA55 + 六脉红灯大于6,1841,0.261,0.2293,1.139,0.321,0.2934,0.0276,L2
2买,站上MA55 + 六脉6红首发,1841,0.261,0.2293,1.139,0.321,0.2934,0.0276,L2
2买,站上MA55 + 六脉5红首发,2231,0.3158,0.2781,1.136,0.3205,0.2934,0.0271,L2
2买,站上MA55 + 偏多共振,1018,0.1056,0.1429,0.739,0.2348,0.2934,-0.0586,L2
2买,站上MA55 + 多头共振,1014,0.1056,0.1421,0.743,0.2357,0.2934,-0.0577,L2
2买,站上MA55 + 火箭信号,306,0.0481,0.0361,1.332,0.3562,0.2934,0.0628,L2
2买,站上MA55 + 中枢进机会区,1031,0.1427,0.1299,1.099,0.3133,0.2934,0.0199,L2
2买,站上MA55 + 中枢极限底,558,0.0857,0.0668,1.283,0.3477,0.2934,0.0543,L2
2买,站上MA55 + 中枢上穿中轴,1415,0.2054,0.1742,1.179,0.3286,0.2934,0.0352,L2
2买,站上MA55 + 中枢底部蓄力,768,0.0998,0.0994,1.004,0.2943,0.2934,0.0009,L2
2买,站上MA55 + 中枢底部回升,1312,0.1855,0.1636,1.134,0.3201,0.2934,0.0267,L2
2买,站上MA55 + 大盘多头,1962,0.242,0.2594,0.933,0.2793,0.2934,-0.0141,L2
2买,站上MA55 + 大盘空头,688,0.0994,0.0849,1.17,0.327,0.2934,0.0336,L2
2买,站上MA55 + 大盘安全,2249,0.2747,0.2984,0.921,0.2766,0.2934,-0.0168,L2
2买,站上MA55 + SID等于1,1962,0.242,0.2594,0.933,0.2793,0.2934,-0.0141,L2
2买,站上MA55 + SID等于2,2262,0.3057,0.288,1.061,0.3059,0.2934,0.0125,L2
2买,站上MA55 + SID小于等于2,2797,0.352,0.3668,0.96,0.2849,0.2934,-0.0085,L2
2买,站上MA55 + 大盘5日上涨,2493,0.3198,0.3245,0.986,0.2904,0.2934,-0.003,L2
2买,站上MA55 + 相对强弱大于0,1793,0.242,0.2284,1.06,0.3056,0.2934,0.0122,L2
2买,站上MA55 + 相对强弱大于5,533,0.0777,0.0655,1.187,0.3302,0.2934,0.0368,L2
2买,站上MA55 + 量比>=1.3,412,0.0632,0.0493,1.28,0.3471,0.2934,0.0537,L2
2买,站上MA55 + 量比>=2,107,0.0159,0.013,1.221,0.3364,0.2934,0.043,L2
2买,站上MA55 + 距前高<=10%,858,0.125,0.1055,1.185,0.3298,0.2934,0.0364,L2
2买,站上MA55 + 距前低<=10%,778,0.1087,0.0976,1.114,0.3162,0.2934,0.0228,L2
2买,站上MA55 + 相对强弱>=0,376,0.0517,0.0475,1.088,0.3112,0.2934,0.0178,L2
2买,站上MA89 + 站上MA144,3591,0.4178,0.4851,0.861,0.2634,0.2934,-0.03,L2
2买,站上MA89 + 站上MA233,3118,0.3573,0.4235,0.844,0.2595,0.2934,-0.034,L2
2买,站上MA89 + 斐波短中多头,650,0.0755,0.0879,0.86,0.2631,0.2934,-0.0303,L2
2买,站上MA89 + 斐波长多头,1634,0.159,0.2337,0.68,0.2203,0.2934,-0.0731,L2
2买,站上MA89 + 斐波全多头,193,0.0172,0.0282,0.61,0.2021,0.2934,-0.0913,L2
2买,站上MA89 + MA55上穿MA89,139,0.0181,0.018,1.007,0.295,0.2934,0.0015,L2
2买,站上MA89 + 放量,2452,0.3074,0.3221,0.954,0.2838,0.2934,-0.0096,L2
2买,站上MA89 + 缩量,3760,0.4373,0.5081,0.861,0.2633,0.2934,-0.0301,L2
2买,站上MA89 + 量比大于1,3546,0.4214,0.4754,0.886,0.269,0.2934,-0.0244,L2
2买,站上MA89 + 量比大于1_3,2491,0.311,0.3278,0.949,0.2826,0.2934,-0.0108,L2
2买,站上MA89 + 量比大于2,1011,0.1356,0.1291,1.05,0.3037,0.2934,0.0102,L2
2买,站上MA89 + 量能递增,1777,0.2314,0.2298,1.007,0.2949,0.2934,0.0015,L2
2买,站上MA89 + 价涨量增,2141,0.2712,0.2801,0.968,0.2868,0.2934,-0.0066,L2
2买,站上MA89 + 价涨量缩,3047,0.3525,0.4125,0.854,0.2619,0.2934,-0.0315,L2
2买,站上MA89 + MACD_DIF大于0,2272,0.2721,0.3037,0.896,0.2711,0.2934,-0.0223,L2
2买,站上MA89 + MACD金叉态,874,0.1087,0.1152,0.943,0.2815,0.2934,-0.012,L2
2买,站上MA89 + MACD柱递增,3508,0.4178,0.4699,0.889,0.2697,0.2934,-0.0237,L2
2买,站上MA89 + MACD零轴上金叉,289,0.0415,0.0358,1.161,0.3253,0.2934,0.0318,L2
2买,站上MA89 + MACD底背离,1626,0.1678,0.2285,0.734,0.2337,0.2934,-0.0597,L2
2买,站上MA89 + BOLL收上中轨,1964,0.2478,0.2573,0.963,0.2856,0.2934,-0.0078,L2
2买,站上MA89 + BOLL突破上轨,341,0.0451,0.0438,1.028,0.2991,0.2934,0.0057,L2
2买,站上MA89 + BOLL触下轨反弹,2386,0.2933,0.3158,0.929,0.2783,0.2934,-0.0151,L2
2买,站上MA89 + BOLL开口扩张,3594,0.4254,0.4826,0.881,0.2679,0.2934,-0.0255,L2
2买,站上MA89 + KDJ金叉态,3338,0.405,0.4441,0.912,0.2747,0.2934,-0.0187,L2
2买,站上MA89 + KDJ_J超卖,3551,0.4245,0.4751,0.894,0.2706,0.2934,-0.0228,L2
2买,站上MA89 + KDJ低位金叉,1314,0.1564,0.1761,0.888,0.2694,0.2934,-0.024,L2
2买,站上MA89 + KDJ_D小于30,2527,0.3021,0.338,0.894,0.2707,0.2934,-0.0227,L2
2买,站上MA89 + RSI6大于50,2625,0.3317,0.3437,0.965,0.2861,0.2934,-0.0073,L2
2买,站上MA89 + RSI金叉,2811,0.3503,0.3701,0.946,0.2821,0.2934,-0.0113,L2
2买,站上MA89 + RSI6超卖,2674,0.333,0.3522,0.946,0.282,0.2934,-0.0114,L2
2买,站上MA89 + RSI底背离,1179,0.1307,0.162,0.807,0.2511,0.2934,-0.0424,L2
2买,站上MA89 + 威科夫得分大于4,1424,0.1749,0.1886,0.928,0.2781,0.2934,-0.0153,L2
2买,站上MA89 + 威科夫得分大于7,572,0.0698,0.0759,0.919,0.2762,0.2934,-0.0172,L2
2买,站上MA89 + 积累阶段,1538,0.1882,0.204,0.923,0.277,0.2934,-0.0164,L2
2买,站上MA89 + 黄金柱,326,0.0406,0.0429,0.947,0.2822,0.2934,-0.0112,L2
2买,站上MA89 + 量能金叉,736,0.095,0.0956,0.994,0.2921,0.2934,-0.0013,L2
2买,站上MA89 + 六脉红灯大于5,2635,0.333,0.345,0.965,0.2861,0.2934,-0.0073,L2
2买,站上MA89 + 六脉红灯大于6,2030,0.2633,0.263,1.001,0.2936,0.2934,0.0002,L2
2买,站上MA89 + 六脉6红首发,2030,0.2633,0.263,1.001,0.2936,0.2934,0.0002,L2
2买,站上MA89 + 六脉5红首发,2635,0.333,0.345,0.965,0.2861,0.2934,-0.0073,L2
2买,站上MA89 + 偏多共振,1110,0.1148,0.1559,0.737,0.2342,0.2934,-0.0592,L2
2买,站上MA89 + 多头共振,1106,0.1148,0.1552,0.74,0.2351,0.2934,-0.0583,L2
2买,站上MA89 + 火箭信号,327,0.0481,0.04,1.204,0.3333,0.2934,0.0399,L2
2买,站上MA89 + 极限抄底,70,0.0088,0.0092,0.963,0.2857,0.2934,-0.0077,L2
2买,站上MA89 + 中枢进机会区,1428,0.1731,0.19,0.911,0.2745,0.2934,-0.0189,L2
2买,站上MA89 + 中枢极限底,1126,0.1409,0.148,0.952,0.2833,0.2934,-0.0101,L2
2买,站上MA89 + 中枢上穿中轴,1306,0.178,0.1656,1.075,0.3086,0.2934,0.0152,L2
2买,站上MA89 + 中枢底部蓄力,1644,0.1829,0.2256,0.811,0.2518,0.2934,-0.0416,L2
2买,站上MA89 + 中枢底部回升,2178,0.2597,0.2916,0.891,0.27,0.2934,-0.0234,L2
2买,站上MA89 + 大盘多头,2177,0.2354,0.3015,0.781,0.2448,0.2934,-0.0486,L2
2买,站上MA89 + 大盘空头,993,0.1188,0.1328,0.895,0.2709,0.2934,-0.0225,L2
2买,站上MA89 + 大盘安全,2547,0.2734,0.3536,0.773,0.243,0.2934,-0.0504,L2
2买,站上MA89 + SID等于1,2177,0.2354,0.3015,0.781,0.2448,0.2934,-0.0486,L2
2买,站上MA89 + SID等于2,2752,0.3357,0.3654,0.919,0.2762,0.2934,-0.0173,L2
2买,站上MA89 + SID小于等于2,3428,0.3931,0.4655,0.844,0.2596,0.2934,-0.0338,L2
2买,站上MA89 + 大盘5日上涨,2971,0.3375,0.4048,0.834,0.2572,0.2934,-0.0363,L2
2买,站上MA89 + 相对强弱大于0,1999,0.2504,0.2627,0.953,0.2836,0.2934,-0.0098,L2
2买,站上MA89 + 相对强弱大于5,584,0.0791,0.0743,1.064,0.3065,0.2934,0.0131,L2
2买,站上MA89 + 量比>=1.3,516,0.0698,0.0657,1.063,0.3062,0.2934,0.0128,L2
2买,站上MA89 + 量比>=2,119,0.015,0.0156,0.963,0.2857,0.2934,-0.0077,L2
2买,站上MA89 + 距前高<=10%,844,0.114,0.1075,1.06,0.3057,0.2934,0.0123,L2
2买,站上MA89 + 深跌(距前高>40%),78,0.0066,0.0116,0.573,0.1923,0.2934,-0.1011,L2
2买,站上MA89 + 距前低<=10%,1145,0.1356,0.1537,0.882,0.2681,0.2934,-0.0253,L2
2买,站上MA89 + 相对强弱>=0,397,0.0499,0.0521,0.958,0.2846,0.2934,-0.0088,L2
2买,站上MA144 + 站上MA233,3905,0.4435,0.5321,0.833,0.2571,0.2934,-0.0363,L2
2买,站上MA144 + 斐波短中多头,595,0.0711,0.0796,0.893,0.2706,0.2934,-0.0228,L2
2买,站上MA144 + 斐波长多头,2286,0.2314,0.3232,0.716,0.2292,0.2934,-0.0642,L2
2买,站上MA144 + 斐波全多头,195,0.0172,0.0286,0.602,0.2,0.2934,-0.0934,L2
2买,站上MA144 + MA55上穿MA89,106,0.0159,0.0128,1.238,0.3396,0.2934,0.0462,L2
2买,站上MA144 + 放量,2769,0.3494,0.3628,0.963,0.2857,0.2934,-0.0078,L2
2买,站上MA144 + 缩量,4392,0.5053,0.5957,0.848,0.2605,0.2934,-0.0329,L2
2买,站上MA144 + 量比大于1,4110,0.4876,0.5514,0.884,0.2686,0.2934,-0.0248,L2
2买,站上MA144 + 量比大于1_3,2823,0.3534,0.3711,0.952,0.2834,0.2934,-0.01,L2
2买,站上MA144 + 量比大于2,1054,0.148,0.1319,1.122,0.3178,0.2934,0.0244,L2
2买,站上MA144 + 量能递增,1977,0.2571,0.2559,1.005,0.2944,0.2934,0.001,L2
2买,站上MA144 + 价涨量增,2389,0.3039,0.312,0.974,0.288,0.2934,-0.0054,L2
2买,站上MA144 + 价涨量缩,3571,0.4059,0.4864,0.834,0.2574,0.2934,-0.0361,L2
2买,站上MA144 + MACD_DIF大于0,2070,0.2504,0.2757,0.908,0.2739,0.2934,-0.0195,L2
2买,站上MA144 + MACD金叉态,1048,0.1197,0.1425,0.84,0.2586,0.2934,-0.0348,L2
2买,站上MA144 + MACD柱递增,4137,0.4859,0.557,0.872,0.2659,0.2934,-0.0275,L2
2买,站上MA144 + MACD零轴上金叉,266,0.038,0.033,1.151,0.3233,0.2934,0.0299,L2
2买,站上MA144 + MACD底背离,2281,0.235,0.3208,0.732,0.2332,0.2934,-0.0602,L2
2买,站上MA144 + BOLL收上中轨,1920,0.2394,0.2528,0.947,0.2823,0.2934,-0.0111,L2
2买,站上MA144 + BOLL突破上轨,329,0.0428,0.0426,1.007,0.2948,0.2934,0.0014,L2
2买,站上MA144 + BOLL触下轨反弹,2748,0.3357,0.3646,0.921,0.2766,0.2934,-0.0169,L2
2买,站上MA144 + BOLL开口扩张,4127,0.489,0.5539,0.883,0.2682,0.2934,-0.0252,L2
2买,站上MA144 + KDJ金叉态,3917,0.4713,0.5227,0.902,0.2724,0.2934,-0.021,L2
2买,站上MA144 + KDJ_J超卖,4133,0.4916,0.5539,0.887,0.2693,0.2934,-0.0241,L2
2买,站上MA144 + KDJ低位金叉,1808,0.2231,0.239,0.933,0.2793,0.2934,-0.0141,L2
2买,站上MA144 + KDJ_D小于30,3175,0.3799,0.4246,0.895,0.2709,0.2934,-0.0226,L2
2买,站上MA144 + RSI6大于50,2753,0.3388,0.3643,0.93,0.2786,0.2934,-0.0148,L2
2买,站上MA144 + RSI金叉,3298,0.4015,0.4382,0.916,0.2756,0.2934,-0.0178,L2
2买,站上MA144 + RSI6超卖,3344,0.4156,0.4408,0.943,0.2814,0.2934,-0.012,L2
2买,站上MA144 + RSI底背离,1685,0.1767,0.2357,0.75,0.2374,0.2934,-0.056,L2
2买,站上MA144 + 威科夫得分大于4,1437,0.1758,0.1906,0.922,0.277,0.2934,-0.0165,L2
2买,站上MA144 + 威科夫得分大于7,570,0.0685,0.0761,0.899,0.2719,0.2934,-0.0215,L2
2买,站上MA144 + 积累阶段,2059,0.2314,0.2815,0.822,0.2545,0.2934,-0.0389,L2
2买,站上MA144 + 黄金柱,349,0.0406,0.0471,0.862,0.2636,0.2934,-0.0298,L2
2买,站上MA144 + 量能金叉,736,0.0976,0.0945,1.033,0.3003,0.2934,0.0069,L2
2买,站上MA144 + 六脉红灯大于5,3073,0.3763,0.4074,0.924,0.2773,0.2934,-0.0162,L2
2买,站上MA144 + 六脉红灯大于6,2149,0.2712,0.2815,0.963,0.2857,0.2934,-0.0077,L2
2买,站上MA144 + 六脉6红首发,2149,0.2712,0.2815,0.963,0.2857,0.2934,-0.0077,L2
2买,站上MA144 + 六脉5红首发,3073,0.3763,0.4074,0.924,0.2773,0.2934,-0.0162,L2
2买,站上MA144 + 偏多共振,1131,0.1184,0.1583,0.748,0.237,0.2934,-0.0565,L2
2买,站上MA144 + 多头共振,1127,0.1184,0.1576,0.751,0.2378,0.2934,-0.0556,L2
2买,站上MA144 + 火箭信号,343,0.0521,0.0413,1.263,0.344,0.2934,0.0506,L2
2买,站上MA144 + 极限抄底,168,0.0234,0.0211,1.11,0.3155,0.2934,0.0221,L2
2买,站上MA144 + 中枢进机会区,1664,0.1974,0.2232,0.884,0.2686,0.2934,-0.0248,L2
2买,站上MA144 + 中枢极限底,1647,0.2001,0.219,0.914,0.275,0.2934,-0.0184,L2
2买,站上MA144 + 中枢上穿中轴,1223,0.1705,0.1535,1.111,0.3156,0.2934,0.0222,L2
2买,站上MA144 + 中枢底部蓄力,2456,0.2712,0.3379,0.803,0.25,0.2934,-0.0434,L2
2买,站上MA144 + 中枢底部回升,2979,0.3481,0.4019,0.866,0.2645,0.2934,-0.0289,L2
2买,站上MA144 + 大盘多头,2279,0.2412,0.3179,0.759,0.2396,0.2934,-0.0538,L2
2买,站上MA144 + 大盘空头,1355,0.1519,0.1854,0.819,0.2539,0.2934,-0.0395,L2
2买,站上MA144 + 大盘安全,2739,0.2845,0.3843,0.74,0.2351,0.2934,-0.0583,L2
2买,站上MA144 + SID等于1,2279,0.2412,0.3179,0.759,0.2396,0.2934,-0.0538,L2
2买,站上MA144 + SID等于2,3109,0.3803,0.4123,0.922,0.2769,0.2934,-0.0165,L2
2买,站上MA144 + SID小于等于2,3842,0.4413,0.5215,0.846,0.26,0.2934,-0.0334,L2
2买,站上MA144 + 大盘5日上涨,3406,0.371,0.4707,0.788,0.2466,0.2934,-0.0468,L2
2买,站上MA144 + 相对强弱大于0,2098,0.2641,0.2751,0.96,0.285,0.2934,-0.0084,L2
2买,站上MA144 + 相对强弱大于5,584,0.0777,0.0748,1.039,0.3014,0.2934,0.008,L2
2买,站上MA144 + 量比>=1.3,597,0.0888,0.0726,1.222,0.3367,0.2934,0.0433,L2
2买,站上MA144 + 量比>=2,128,0.0199,0.0152,1.306,0.3516,0.2934,0.0581,L2
2买,站上MA144 + 距前高<=10%,738,0.1029,0.0926,1.111,0.3157,0.2934,0.0223,L2
2买,站上MA144 + 深跌(距前高>40%),171,0.0155,0.0249,0.62,0.2047,0.2934,-0.0887,L2
2买,站上MA144 + 距前低<=10%,1905,0.2169,0.2594,0.836,0.2577,0.2934,-0.0357,L2
2买,站上MA144 + 相对强弱>=0,393,0.0477,0.0523,0.913,0.2748,0.2934,-0.0186,L2
2买,站上MA233 + 斐波短中多头,505,0.0574,0.0688,0.835,0.2574,0.2934,-0.036,L2
2买,站上MA233 + 斐波长多头,2457,0.2553,0.3446,0.741,0.2352,0.2934,-0.0582,L2
2买,站上MA233 + 斐波全多头,195,0.0172,0.0286,0.602,0.2,0.2934,-0.0934,L2
2买,站上MA233 + MA55上穿MA89,78,0.0102,0.0101,1.007,0.2949,0.2934,0.0015,L2
2买,站上MA233 + 放量,2669,0.3445,0.3465,0.994,0.2922,0.2934,-0.0012,L2
2买,站上MA233 + 缩量,4199,0.4885,0.5673,0.861,0.2634,0.2934,-0.03,L2
2买,站上MA233 + 量比大于1,3931,0.4748,0.5238,0.906,0.2735,0.2934,-0.0199,L2
2买,站上MA233 + 量比大于1_3,2682,0.3476,0.3476,1.0,0.2934,0.2934,0.0,L2
2买,站上MA233 + 量比大于2,987,0.1453,0.1207,1.204,0.3333,0.2934,0.0399,L2
2买,站上MA233 + 量能递增,1900,0.258,0.2414,1.069,0.3074,0.2934,0.014,L2
2买,站上MA233 + 价涨量增,2277,0.2968,0.2944,1.008,0.2951,0.2934,0.0017,L2
2买,站上MA233 + 价涨量缩,3430,0.3949,0.4652,0.849,0.2606,0.2934,-0.0328,L2
2买,站上MA233 + MACD_DIF大于0,1817,0.2208,0.2416,0.914,0.2752,0.2934,-0.0182,L2
2买,站上MA233 + MACD金叉态,1059,0.1206,0.1442,0.836,0.2578,0.2934,-0.0356,L2
2买,站上MA233 + MACD柱递增,3962,0.4748,0.5295,0.897,0.2713,0.2934,-0.0221,L2
2买,站上MA233 + MACD零轴上金叉,230,0.0314,0.0292,1.075,0.3087,0.2934,0.0153,L2
2买,站上MA233 + MACD底背离,2200,0.2261,0.3096,0.73,0.2327,0.2934,-0.0607,L2
2买,站上MA233 + BOLL收上中轨,1742,0.2195,0.2284,0.961,0.2853,0.2934,-0.0081,L2
2买,站上MA233 + BOLL突破上轨,291,0.0398,0.0369,1.078,0.3093,0.2934,0.0159,L2
2买,站上MA233 + BOLL触下轨反弹,2677,0.3361,0.3514,0.956,0.2843,0.2934,-0.0091,L2
2买,站上MA233 + BOLL开口扩张,3957,0.4779,0.5273,0.906,0.2734,0.2934,-0.02,L2
2买,站上MA233 + KDJ金叉态,3776,0.4642,0.4998,0.929,0.2783,0.2934,-0.0151,L2
2买,站上MA233 + KDJ_J超卖,3977,0.4788,0.5306,0.902,0.2726,0.2934,-0.0208,L2
2买,站上MA233 + KDJ低位金叉,1807,0.2328,0.2348,0.991,0.2916,0.2934,-0.0018,L2
2买,站上MA233 + KDJ_D小于30,3095,0.3794,0.4101,0.925,0.2775,0.2934,-0.0159,L2
2买,站上MA233 + RSI6大于50,2570,0.3171,0.3397,0.934,0.2794,0.2934,-0.014,L2
2买,站上MA233 + RSI金叉,3187,0.394,0.4209,0.936,0.2799,0.2934,-0.0135,L2
2买,站上MA233 + RSI6超卖,3278,0.4156,0.4287,0.97,0.2871,0.2934,-0.0064,L2
2买,站上MA233 + RSI底背离,1614,0.1692,0.2258,0.749,0.2373,0.2934,-0.0561,L2
2买,站上MA233 + 威科夫得分大于4,1298,0.1586,0.1722,0.921,0.2766,0.2934,-0.0168,L2
2买,站上MA233 + 威科夫得分大于7,509,0.0601,0.0684,0.878,0.2672,0.2934,-0.0262,L2
2买,站上MA233 + 积累阶段,2066,0.2341,0.2817,0.831,0.2565,0.2934,-0.0369,L2
2买,站上MA233 + 黄金柱,301,0.0349,0.0407,0.857,0.2625,0.2934,-0.031,L2
2买,站上MA233 + 量能金叉,661,0.0941,0.0822,1.145,0.3222,0.2934,0.0288,L2
2买,站上MA233 + 六脉红灯大于5,2917,0.3587,0.3861,0.929,0.2784,0.2934,-0.015,L2
2买,站上MA233 + 六脉红灯大于6,2041,0.2597,0.2665,0.975,0.2881,0.2934,-0.0053,L2
2买,站上MA233 + 六脉6红首发,2041,0.2597,0.2665,0.975,0.2881,0.2934,-0.0053,L2
2买,站上MA233 + 六脉5红首发,2917,0.3587,0.3861,0.929,0.2784,0.2934,-0.015,L2
2买,站上MA233 + 偏多共振,1043,0.1091,0.146,0.747,0.2368,0.2934,-0.0566,L2
2买,站上MA233 + 多头共振,1039,0.1091,0.1453,0.751,0.2377,0.2934,-0.0557,L2
2买,站上MA233 + 火箭信号,311,0.0481,0.0371,1.299,0.3505,0.2934,0.0571,L2
2买,站上MA233 + 极限抄底,168,0.0265,0.0198,1.338,0.3571,0.2934,0.0637,L2
2买,站上MA233 + 中枢进机会区,1613,0.1939,0.2153,0.9,0.2722,0.2934,-0.0213,L2
2买,站上MA233 + 中枢极限底,1634,0.1974,0.2177,0.907,0.2736,0.2934,-0.0199,L2
2买,站上MA233 + 中枢上穿中轴,1093,0.1586,0.1346,1.178,0.3285,0.2934,0.035,L2
2买,站上MA233 + 中枢底部蓄力,2460,0.2769,0.3362,0.824,0.2549,0.2934,-0.0385,L2
2买,站上MA233 + 中枢底部回升,2970,0.3564,0.3967,0.898,0.2717,0.2934,-0.0217,L2
2买,站上MA233 + 大盘多头,2229,0.2407,0.3089,0.779,0.2445,0.2934,-0.0489,L2
2买,站上MA233 + 大盘空头,1286,0.1413,0.1772,0.798,0.2488,0.2934,-0.0446,L2
2买,站上MA233 + 大盘安全,2736,0.2862,0.383,0.747,0.2368,0.2934,-0.0566,L2
2买,站上MA233 + SID等于1,2229,0.2407,0.3089,0.779,0.2445,0.2934,-0.0489,L2
2买,站上MA233 + SID等于2,3070,0.3825,0.4043,0.946,0.2821,0.2934,-0.0113,L2
2买,站上MA233 + SID小于等于2,3749,0.4377,0.5059,0.865,0.2643,0.2934,-0.0291,L2
2买,站上MA233 + 大盘5日上涨,3242,0.3503,0.4492,0.78,0.2446,0.2934,-0.0488,L2
2买,站上MA233 + 相对强弱大于0,1881,0.2345,0.2476,0.947,0.2823,0.2934,-0.0111,L2
2买,站上MA233 + 相对强弱大于5,519,0.0685,0.0668,1.025,0.2987,0.2934,0.0052,L2
2买,站上MA233 + 量比>=1.3,621,0.1029,0.0712,1.446,0.3752,0.2934,0.0818,L2
2买,站上MA233 + 量比>=2,123,0.0203,0.0141,1.439,0.374,0.2934,0.0806,L2
2买,站上MA233 + 距前高<=10%,611,0.087,0.0759,1.146,0.3224,0.2934,0.029,L2
2买,站上MA233 + 深跌(距前高>40%),200,0.023,0.0271,0.846,0.26,0.2934,-0.0334,L2
2买,站上MA233 + 距前低<=10%,1898,0.2173,0.2579,0.843,0.2592,0.2934,-0.0342,L2
2买,站上MA233 + 相对强弱>=0,331,0.0411,0.0437,0.941,0.281,0.2934,-0.0124,L2
2买,斐波短中多头 + 斐波长多头,207,0.0199,0.0297,0.669,0.2174,0.2934,-0.076,L2
2买,斐波短中多头 + 斐波全多头,195,0.0172,0.0286,0.602,0.2,0.2934,-0.0934,L2
2买,斐波短中多头 + 放量,483,0.0627,0.0625,1.003,0.294,0.2934,0.0006,L2
2买,斐波短中多头 + 缩量,629,0.0782,0.0829,0.943,0.2814,0.2934,-0.012,L2
2买,斐波短中多头 + 量比大于1,592,0.0729,0.0783,0.931,0.2787,0.2934,-0.0147,L2
2买,斐波短中多头 + 量比大于1_3,402,0.0499,0.053,0.942,0.2811,0.2934,-0.0123,L2
2买,斐波短中多头 + 量比大于2,172,0.0261,0.0207,1.257,0.343,0.2934,0.0496,L2
2买,斐波短中多头 + 量能递增,418,0.0623,0.0508,1.226,0.3373,0.2934,0.0439,L2
2买,斐波短中多头 + 价涨量增,382,0.0508,0.049,1.037,0.301,0.2934,0.0076,L2
2买,斐波短中多头 + 价涨量缩,551,0.0693,0.0723,0.96,0.2849,0.2934,-0.0085,L2
2买,斐波短中多头 + MACD_DIF大于0,690,0.0857,0.091,0.942,0.2812,0.2934,-0.0123,L2
2买,斐波短中多头 + MACD金叉态,188,0.0278,0.0229,1.214,0.3351,0.2934,0.0417,L2
2买,斐波短中多头 + MACD柱递增,469,0.0605,0.0609,0.994,0.2921,0.2934,-0.0013,L2
2买,斐波短中多头 + MACD零轴上金叉,119,0.0181,0.0143,1.266,0.3445,0.2934,0.0511,L2
2买,斐波短中多头 + MACD底背离,89,0.0075,0.0132,0.569,0.191,0.2934,-0.1024,L2
2买,斐波短中多头 + BOLL收上中轨,510,0.0645,0.0668,0.966,0.2863,0.2934,-0.0071,L2
2买,斐波短中多头 + BOLL突破上轨,130,0.0177,0.0165,1.07,0.3077,0.2934,0.0143,L2
2买,斐波短中多头 + BOLL触下轨反弹,370,0.0526,0.046,1.142,0.3216,0.2934,0.0282,L2
2买,斐波短中多头 + BOLL开口扩张,591,0.0746,0.0774,0.964,0.286,0.2934,-0.0075,L2
2买,斐波短中多头 + KDJ金叉态,441,0.0583,0.0567,1.029,0.2993,0.2934,0.0059,L2
2买,斐波短中多头 + KDJ_J超卖,582,0.0755,0.0754,1.002,0.2938,0.2934,0.0004,L2
2买,斐波短中多头 + KDJ_D小于30,94,0.0106,0.0128,0.826,0.2553,0.2934,-0.0381,L2
2买,斐波短中多头 + RSI6大于50,516,0.0663,0.0671,0.987,0.2907,0.2934,-0.0027,L2
2买,斐波短中多头 + RSI金叉,428,0.0587,0.0541,1.086,0.3107,0.2934,0.0173,L2
2买,斐波短中多头 + RSI6超卖,317,0.0415,0.0409,1.015,0.2965,0.2934,0.0031,L2
2买,斐波短中多头 + 威科夫得分大于4,482,0.0658,0.0611,1.078,0.3091,0.2934,0.0157,L2
2买,斐波短中多头 + 威科夫得分大于7,263,0.0358,0.0334,1.072,0.308,0.2934,0.0146,L2
2买,斐波短中多头 + 积累阶段,84,0.0155,0.009,1.72,0.4167,0.2934,0.1233,L2
2买,斐波短中多头 + 黄金柱,52,0.0071,0.0066,1.07,0.3077,0.2934,0.0143,L2
2买,斐波短中多头 + 量能金叉,151,0.0194,0.0196,0.99,0.2914,0.2934,-0.002,L2
2买,斐波短中多头 + 六脉红灯大于5,371,0.0512,0.0468,1.095,0.3127,0.2934,0.0193,L2
2买,斐波短中多头 + 六脉红灯大于6,265,0.0358,0.0337,1.06,0.3057,0.2934,0.0122,L2
2买,斐波短中多头 + 六脉6红首发,265,0.0358,0.0337,1.06,0.3057,0.2934,0.0122,L2
2买,斐波短中多头 + 六脉5红首发,371,0.0512,0.0468,1.095,0.3127,0.2934,0.0193,L2
2买,斐波短中多头 + 偏多共振,397,0.0415,0.0556,0.747,0.2368,0.2934,-0.0566,L2
2买,斐波短中多头 + 多头共振,397,0.0415,0.0556,0.747,0.2368,0.2934,-0.0566,L2
2买,斐波短中多头 + 火箭信号,75,0.0128,0.0084,1.518,0.3867,0.2934,0.0933,L2
2买,斐波短中多头 + 中枢进机会区,89,0.0168,0.0094,1.794,0.427,0.2934,0.1336,L2
2买,斐波短中多头 + 中枢上穿中轴,317,0.042,0.0407,1.031,0.2997,0.2934,0.0063,L2
2买,斐波短中多头 + 中枢底部回升,91,0.0159,0.0101,1.576,0.3956,0.2934,0.1022,L2
2买,斐波短中多头 + 大盘多头,499,0.0579,0.0675,0.857,0.2625,0.2934,-0.0309,L2
2买,斐波短中多头 + 大盘空头,106,0.0137,0.0138,0.995,0.2925,0.2934,-0.001,L2
2买,斐波短中多头 + 大盘安全,535,0.0614,0.0726,0.845,0.2598,0.2934,-0.0336,L2
2买,斐波短中多头 + SID等于1,499,0.0579,0.0675,0.857,0.2625,0.2934,-0.0309,L2
2买,斐波短中多头 + SID等于2,494,0.068,0.0624,1.091,0.3117,0.2934,0.0183,L2
2买,斐波短中多头 + SID小于等于2,623,0.0764,0.0825,0.926,0.2777,0.2934,-0.0157,L2
2买,斐波短中多头 + 大盘5日上涨,488,0.0587,0.0651,0.902,0.2725,0.2934,-0.0209,L2
2买,斐波短中多头 + 相对强弱大于0,506,0.0693,0.064,1.083,0.3103,0.2934,0.0169,L2
2买,斐波短中多头 + 相对强弱大于5,179,0.0261,0.022,1.184,0.3296,0.2934,0.0362,L2
2买,斐波短中多头 + 量比>=1.3,80,0.0106,0.0103,1.032,0.3,0.2934,0.0066,L2
2买,斐波短中多头 + 距前高<=10%,240,0.0287,0.0321,0.894,0.2708,0.2934,-0.0226,L2
2买,斐波短中多头 + 距前低<=10%,96,0.0106,0.0132,0.803,0.25,0.2934,-0.0434,L2
2买,斐波短中多头 + 相对强弱>=0,138,0.0221,0.0161,1.368,0.3623,0.2934,0.0689,L2
2买,斐波长多头 + 斐波全多头,195,0.0172,0.0286,0.602,0.2,0.2934,-0.0934,L2
2买,斐波长多头 + 放量,1445,0.1665,0.1959,0.85,0.2609,0.2934,-0.0325,L2
2买,斐波长多头 + 缩量,2430,0.2469,0.3432,0.719,0.23,0.2934,-0.0634,L2
2买,斐波长多头 + 量比大于1,2226,0.2363,0.3102,0.762,0.2403,0.2934,-0.0531,L2
2买,斐波长多头 + 量比大于1_3,1474,0.1696,0.1999,0.848,0.2605,0.2934,-0.0329,L2
2买,斐波长多头 + 量比大于2,449,0.0627,0.0563,1.114,0.3163,0.2934,0.0228,L2
2买,斐波长多头 + 量能递增,997,0.1201,0.133,0.903,0.2728,0.2934,-0.0206,L2
2买,斐波长多头 + 价涨量增,1164,0.1325,0.1585,0.836,0.2577,0.2934,-0.0357,L2
2买,斐波长多头 + 价涨量缩,2025,0.2049,0.2863,0.716,0.2291,0.2934,-0.0643,L2
2买,斐波长多头 + MACD_DIF大于0,817,0.0866,0.1139,0.76,0.2399,0.2934,-0.0535,L2
2买,斐波长多头 + MACD金叉态,543,0.0495,0.0791,0.626,0.2063,0.2934,-0.0872,L2
2买,斐波长多头 + MACD柱递增,2276,0.239,0.3182,0.751,0.2377,0.2934,-0.0557,L2
2买,斐波长多头 + MACD零轴上金叉,88,0.011,0.0116,0.956,0.2841,0.2934,-0.0093,L2
2买,斐波长多头 + MACD底背离,1503,0.14,0.2175,0.644,0.2109,0.2934,-0.0825,L2
2买,斐波长多头 + BOLL收上中轨,722,0.0693,0.1036,0.669,0.2175,0.2934,-0.076,L2
2买,斐波长多头 + BOLL突破上轨,103,0.0137,0.0132,1.037,0.301,0.2934,0.0076,L2
2买,斐波长多头 + BOLL触下轨反弹,1476,0.1617,0.2036,0.794,0.248,0.2934,-0.0454,L2
2买,斐波长多头 + BOLL开口扩张,2263,0.2429,0.3142,0.773,0.243,0.2934,-0.0504,L2
2买,斐波长多头 + KDJ金叉态,2129,0.2284,0.2957,0.772,0.2428,0.2934,-0.0506,L2
2买,斐波长多头 + KDJ_J超卖,2289,0.2456,0.3179,0.773,0.2429,0.2934,-0.0505,L2
2买,斐波长多头 + KDJ低位金叉,1185,0.1431,0.1579,0.906,0.2734,0.2934,-0.02,L2
2买,斐波长多头 + KDJ_D小于30,1920,0.2138,0.2634,0.812,0.2521,0.2934,-0.0413,L2
2买,斐波长多头 + RSI6大于50,1217,0.1219,0.1726,0.706,0.2268,0.2934,-0.0666,L2
2买,斐波长多头 + RSI金叉,1749,0.1842,0.2443,0.754,0.2384,0.2934,-0.055,L2
2买,斐波长多头 + RSI6超卖,1989,0.2235,0.272,0.822,0.2544,0.2934,-0.039,L2
2买,斐波长多头 + RSI底背离,1048,0.0963,0.1522,0.632,0.208,0.2934,-0.0854,L2
2买,斐波长多头 + 威科夫得分大于4,641,0.0671,0.0897,0.749,0.2371,0.2934,-0.0563,L2
2买,斐波长多头 + 威科夫得分大于7,264,0.0252,0.038,0.663,0.2159,0.2934,-0.0775,L2
2买,斐波长多头 + 积累阶段,1315,0.1219,0.1906,0.64,0.2099,0.2934,-0.0835,L2
2买,斐波长多头 + 黄金柱,134,0.0141,0.0187,0.755,0.2388,0.2934,-0.0546,L2
2买,斐波长多头 + 量能金叉,273,0.0362,0.035,1.034,0.3004,0.2934,0.007,L2
2买,斐波长多头 + 六脉红灯大于5,1579,0.1652,0.221,0.747,0.2369,0.2934,-0.0566,L2
2买,斐波长多头 + 六脉红灯大于6,969,0.1016,0.1355,0.749,0.2374,0.2934,-0.0561,L2
2买,斐波长多头 + 六脉6红首发,969,0.1016,0.1355,0.749,0.2374,0.2934,-0.0561,L2
2买,斐波长多头 + 六脉5红首发,1579,0.1652,0.221,0.747,0.2369,0.2934,-0.0566,L2
2买,斐波长多头 + 偏多共振,549,0.053,0.0787,0.674,0.2186,0.2934,-0.0748,L2
2买,斐波长多头 + 多头共振,549,0.053,0.0787,0.674,0.2186,0.2934,-0.0748,L2
2买,斐波长多头 + 火箭信号,163,0.0208,0.0213,0.976,0.2883,0.2934,-0.0051,L2
2买,斐波长多头 + 极限抄底,142,0.0243,0.016,1.522,0.3873,0.2934,0.0939,L2
2买,斐波长多头 + 中枢进机会区,947,0.0994,0.1324,0.75,0.2376,0.2934,-0.0558,L2
2买,斐波长多头 + 中枢极限底,1087,0.1148,0.1517,0.757,0.2392,0.2934,-0.0542,L2
2买,斐波长多头 + 中枢上穿中轴,378,0.0486,0.0492,0.988,0.291,0.2934,-0.0024,L2
2买,斐波长多头 + 中枢底部蓄力,1696,0.1723,0.2395,0.719,0.23,0.2934,-0.0635,L2
2买,斐波长多头 + 中枢底部回升,1933,0.2045,0.2696,0.758,0.2395,0.2934,-0.0539,L2
2买,斐波长多头 + 大盘多头,1206,0.1064,0.177,0.601,0.1998,0.2934,-0.0936,L2
2买,斐波长多头 + 大盘空头,805,0.0804,0.1143,0.703,0.2261,0.2934,-0.0673,L2
2买,斐波长多头 + 大盘安全,1516,0.1316,0.2234,0.589,0.1966,0.2934,-0.0968,L2
2买,斐波长多头 + SID等于1,1206,0.1064,0.177,0.601,0.1998,0.2934,-0.0936,L2
2买,斐波长多头 + SID等于2,1668,0.1815,0.2306,0.787,0.2464,0.2934,-0.047,L2
2买,斐波长多头 + SID小于等于2,2138,0.2164,0.3023,0.716,0.2292,0.2934,-0.0642,L2
2买,斐波长多头 + 大盘5日上涨,1887,0.1749,0.2735,0.64,0.2099,0.2934,-0.0836,L2
2买,斐波长多头 + 相对强弱大于0,866,0.0905,0.1212,0.747,0.2367,0.2934,-0.0567,L2
2买,斐波长多头 + 相对强弱大于5,231,0.023,0.0328,0.7,0.2251,0.2934,-0.0683,L2
2买,斐波长多头 + 量比>=1.3,348,0.0539,0.0415,1.3,0.3506,0.2934,0.0572,L2
2买,斐波长多头 + 量比>=2,65,0.0119,0.007,1.711,0.4154,0.2934,0.122,L2
2买,斐波长多头 + 距前高<=10%,179,0.0239,0.0229,1.04,0.3017,0.2934,0.0083,L2
2买,斐波长多头 + 深跌(距前高>40%),174,0.0199,0.0237,0.84,0.2586,0.2934,-0.0348,L2
2买,斐波长多头 + 距前低<=10%,1200,0.1201,0.1702,0.706,0.2267,0.2934,-0.0667,L2
2买,斐波长多头 + 相对强弱>=0,138,0.0128,0.02,0.641,0.2101,0.2934,-0.0833,L2
2买,斐波全多头 + 放量,128,0.0124,0.0183,0.674,0.2188,0.2934,-0.0747,L2
2买,斐波全多头 + 缩量,176,0.0159,0.0257,0.619,0.2045,0.2934,-0.0889,L2
2买,斐波全多头 + 量比大于1,166,0.0146,0.0244,0.598,0.1988,0.2934,-0.0946,L2
2买,斐波全多头 + 量比大于1_3,102,0.0093,0.0149,0.624,0.2059,0.2934,-0.0875,L2
2买,斐波全多头 + 量能递增,116,0.0137,0.0156,0.878,0.2672,0.2934,-0.0262,L2
2买,斐波全多头 + 价涨量增,95,0.0088,0.0138,0.642,0.2105,0.2934,-0.0829,L2
2买,斐波全多头 + 价涨量缩,151,0.0137,0.022,0.622,0.2053,0.2934,-0.0881,L2
2买,斐波全多头 + MACD_DIF大于0,195,0.0172,0.0286,0.602,0.2,0.2934,-0.0934,L2
2买,斐波全多头 + MACD金叉态,58,0.0062,0.0081,0.766,0.2414,0.2934,-0.052,L2
2买,斐波全多头 + MACD柱递增,121,0.0106,0.0178,0.596,0.1983,0.2934,-0.0951,L2
2买,斐波全多头 + BOLL收上中轨,146,0.0119,0.0218,0.546,0.1849,0.2934,-0.1085,L2
2买,斐波全多头 + BOLL触下轨反弹,106,0.0106,0.015,0.705,0.2264,0.2934,-0.067,L2
2买,斐波全多头 + BOLL开口扩张,170,0.0155,0.0248,0.624,0.2059,0.2934,-0.0875,L2
2买,斐波全多头 + KDJ金叉态,118,0.0106,0.0172,0.615,0.2034,0.2934,-0.09,L2
2买,斐波全多头 + KDJ_J超卖,154,0.015,0.022,0.682,0.2208,0.2934,-0.0726,L2
2买,斐波全多头 + RSI6大于50,138,0.011,0.0207,0.533,0.1812,0.2934,-0.1123,L2
2买,斐波全多头 + RSI金叉,110,0.0102,0.016,0.637,0.2091,0.2934,-0.0843,L2
2买,斐波全多头 + RSI6超卖,80,0.008,0.0114,0.699,0.225,0.2934,-0.0684,L2
2买,斐波全多头 + 威科夫得分大于4,167,0.0163,0.0238,0.685,0.2216,0.2934,-0.0719,L2
2买,斐波全多头 + 威科夫得分大于7,105,0.0102,0.015,0.675,0.219,0.2934,-0.0744,L2
2买,斐波全多头 + 六脉红灯大于5,102,0.0093,0.0149,0.624,0.2059,0.2934,-0.0875,L2
2买,斐波全多头 + 六脉红灯大于6,76,0.0071,0.011,0.642,0.2105,0.2934,-0.0829,L2
2买,斐波全多头 + 六脉6红首发,76,0.0071,0.011,0.642,0.2105,0.2934,-0.0829,L2
2买,斐波全多头 + 六脉5红首发,102,0.0093,0.0149,0.624,0.2059,0.2934,-0.0875,L2
2买,斐波全多头 + 偏多共振,173,0.0159,0.0251,0.633,0.2081,0.2934,-0.0853,L2
2买,斐波全多头 + 多头共振,173,0.0159,0.0251,0.633,0.2081,0.2934,-0.0853,L2
2买,斐波全多头 + 中枢上穿中轴,86,0.0088,0.0121,0.73,0.2326,0.2934,-0.0609,L2
2买,斐波全多头 + 大盘多头,148,0.0124,0.022,0.562,0.1892,0.2934,-0.1042,L2
2买,斐波全多头 + 大盘安全,158,0.0128,0.0237,0.541,0.1835,0.2934,-0.1099,L2
2买,斐波全多头 + SID等于1,148,0.0124,0.022,0.562,0.1892,0.2934,-0.1042,L2
2买,斐波全多头 + SID等于2,113,0.0115,0.016,0.72,0.2301,0.2934,-0.0633,L2
2买,斐波全多头 + SID小于等于2,187,0.0168,0.0273,0.614,0.2032,0.2934,-0.0902,L2
2买,斐波全多头 + 大盘5日上涨,158,0.0128,0.0237,0.541,0.1835,0.2934,-0.1099,L2
2买,斐波全多头 + 相对强弱大于0,138,0.0133,0.0198,0.669,0.2174,0.2934,-0.076,L2
2买,斐波全多头 + 相对强弱大于5,58,0.0057,0.0083,0.696,0.2241,0.2934,-0.0693,L2
2买,MA55上穿MA89 + 放量,126,0.0141,0.0172,0.82,0.254,0.2934,-0.0394,L2
2买,MA55上穿MA89 + 缩量,193,0.023,0.0259,0.888,0.2694,0.2934,-0.024,L2
2买,MA55上穿MA89 + 量比大于1,177,0.019,0.0246,0.773,0.2429,0.2934,-0.0505,L2
2买,MA55上穿MA89 + 量比大于1_3,123,0.0124,0.0174,0.71,0.2276,0.2934,-0.0658,L2
2买,MA55上穿MA89 + 量能递增,85,0.0106,0.0112,0.947,0.2824,0.2934,-0.0111,L2
2买,MA55上穿MA89 + 价涨量增,105,0.0115,0.0145,0.793,0.2476,0.2934,-0.0458,L2
2买,MA55上穿MA89 + 价涨量缩,168,0.0203,0.0224,0.908,0.2738,0.2934,-0.0196,L2
2买,MA55上穿MA89 + MACD_DIF大于0,115,0.0159,0.0145,1.097,0.313,0.2934,0.0196,L2
2买,MA55上穿MA89 + MACD柱递增,169,0.0208,0.0224,0.928,0.2781,0.2934,-0.0153,L2
2买,MA55上穿MA89 + MACD底背离,68,0.0088,0.0088,1.003,0.2941,0.2934,0.0007,L2
2买,MA55上穿MA89 + BOLL收上中轨,93,0.0137,0.0114,1.204,0.3333,0.2934,0.0399,L2
2买,MA55上穿MA89 + BOLL触下轨反弹,123,0.0168,0.0156,1.077,0.3089,0.2934,0.0155,L2
2买,MA55上穿MA89 + BOLL开口扩张,185,0.0243,0.0238,1.019,0.2973,0.2934,0.0039,L2
2买,MA55上穿MA89 + KDJ金叉态,169,0.0212,0.0222,0.955,0.284,0.2934,-0.0094,L2
2买,MA55上穿MA89 + KDJ_J超卖,181,0.0225,0.0238,0.945,0.2818,0.2934,-0.0116,L2
2买,MA55上穿MA89 + KDJ低位金叉,70,0.008,0.0095,0.834,0.2571,0.2934,-0.0363,L2
2买,MA55上穿MA89 + KDJ_D小于30,127,0.015,0.0171,0.88,0.2677,0.2934,-0.0257,L2
2买,MA55上穿MA89 + RSI6大于50,132,0.0181,0.0167,1.085,0.3106,0.2934,0.0172,L2
2买,MA55上穿MA89 + RSI金叉,150,0.019,0.0196,0.968,0.2867,0.2934,-0.0067,L2
2买,MA55上穿MA89 + RSI6超卖,127,0.015,0.0171,0.88,0.2677,0.2934,-0.0257,L2
2买,MA55上穿MA89 + RSI底背离,60,0.0062,0.0084,0.733,0.2333,0.2934,-0.0601,L2
2买,MA55上穿MA89 + 积累阶段,62,0.0066,0.0086,0.769,0.2419,0.2934,-0.0515,L2
2买,MA55上穿MA89 + 六脉红灯大于5,138,0.0186,0.0176,1.054,0.3043,0.2934,0.0109,L2
2买,MA55上穿MA89 + 六脉红灯大于6,89,0.0119,0.0114,1.049,0.3034,0.2934,0.01,L2
2买,MA55上穿MA89 + 六脉6红首发,89,0.0119,0.0114,1.049,0.3034,0.2934,0.01,L2
2买,MA55上穿MA89 + 六脉5红首发,138,0.0186,0.0176,1.054,0.3043,0.2934,0.0109,L2
2买,MA55上穿MA89 + 中枢进机会区,69,0.0075,0.0095,0.787,0.2464,0.2934,-0.047,L2
2买,MA55上穿MA89 + 中枢极限底,59,0.0044,0.009,0.491,0.1695,0.2934,-0.1239,L2
2买,MA55上穿MA89 + 中枢上穿中轴,58,0.0084,0.0072,1.173,0.3276,0.2934,0.0342,L2
2买,MA55上穿MA89 + 中枢底部蓄力,87,0.0088,0.0123,0.719,0.2299,0.2934,-0.0635,L2
2买,MA55上穿MA89 + 中枢底部回升,108,0.011,0.0152,0.725,0.2315,0.2934,-0.0619,L2
2买,MA55上穿MA89 + 大盘多头,96,0.0097,0.0136,0.716,0.2292,0.2934,-0.0642,L2
2买,MA55上穿MA89 + 大盘安全,126,0.0133,0.0176,0.753,0.2381,0.2934,-0.0553,L2
2买,MA55上穿MA89 + SID等于1,96,0.0097,0.0136,0.716,0.2292,0.2934,-0.0642,L2
2买,MA55上穿MA89 + SID等于2,155,0.0199,0.0202,0.985,0.2903,0.2934,-0.0031,L2
2买,MA55上穿MA89 + SID小于等于2,179,0.0208,0.0242,0.857,0.2626,0.2934,-0.0308,L2
2买,MA55上穿MA89 + 大盘5日上涨,163,0.0181,0.0224,0.809,0.2515,0.2934,-0.0419,L2
2买,MA55上穿MA89 + 相对强弱大于0,104,0.0163,0.0123,1.33,0.3558,0.2934,0.0624,L2
2买,MA55上穿MA89 + 距前高<=10%,71,0.0093,0.0092,1.011,0.2958,0.2934,0.0024,L2
2买,MA55上穿MA89 + 距前低<=10%,83,0.0075,0.0121,0.62,0.2048,0.2934,-0.0886,L2
2买,放量 + 缩量,4378,0.5994,0.5541,1.082,0.31,0.2934,0.0165,L2
2买,放量 + 量比大于1,4762,0.6625,0.5983,1.107,0.315,0.2934,0.0216,L2
2买,放量 + 量比大于1_3,4094,0.5698,0.5143,1.108,0.3151,0.2934,0.0217,L2
2买,放量 + 量比大于2,1656,0.2447,0.2021,1.211,0.3345,0.2934,0.0411,L2
2买,放量 + 量能递增,3052,0.4505,0.3727,1.209,0.3342,0.2934,0.0408,L2
2买,放量 + 价涨量增,4052,0.5627,0.5095,1.104,0.3144,0.2934,0.021,L2
2买,放量 + 价涨量缩,3351,0.4664,0.4209,1.108,0.3151,0.2934,0.0217,L2
2买,放量 + MACD_DIF大于0,1574,0.2173,0.1985,1.095,0.3126,0.2934,0.0192,L2
2买,放量 + MACD金叉态,1749,0.2292,0.2256,1.016,0.2967,0.2934,0.0033,L2
2买,放量 + MACD柱递增,4300,0.6007,0.5393,1.114,0.3163,0.2934,0.0229,L2
2买,放量 + MACD零轴上金叉,297,0.0424,0.0369,1.15,0.3232,0.2934,0.0298,L2
2买,放量 + MACD底背离,2484,0.3074,0.328,0.937,0.2802,0.2934,-0.0132,L2
2买,放量 + BOLL收上中轨,2381,0.3158,0.3056,1.033,0.3003,0.2934,0.0069,L2
2买,放量 + BOLL突破上轨,388,0.0548,0.0484,1.131,0.3196,0.2934,0.0262,L2
2买,放量 + BOLL触下轨反弹,3147,0.4523,0.3894,1.162,0.3254,0.2934,0.032,L2
2买,放量 + BOLL开口扩张,4321,0.6104,0.5391,1.132,0.3198,0.2934,0.0264,L2
2买,放量 + KDJ金叉态,4276,0.6025,0.5341,1.128,0.319,0.2934,0.0256,L2
2买,放量 + KDJ_J超卖,4231,0.6034,0.5255,1.148,0.3229,0.2934,0.0294,L2
2买,放量 + KDJ低位金叉,1730,0.2677,0.2062,1.298,0.3503,0.2934,0.0569,L2
2买,放量 + KDJ_D小于30,3139,0.4483,0.3896,1.151,0.3234,0.2934,0.0299,L2
2买,放量 + RSI6大于50,3339,0.4466,0.427,1.046,0.3028,0.2934,0.0094,L2
2买,放量 + RSI金叉,4100,0.572,0.5145,1.112,0.3159,0.2934,0.0224,L2
2买,放量 + RSI6超卖,3595,0.5247,0.4415,1.189,0.3305,0.2934,0.037,L2
2买,放量 + RSI底背离,2006,0.2491,0.2645,0.942,0.2812,0.2934,-0.0123,L2
2买,放量 + 威科夫得分大于4,1206,0.1568,0.1561,1.005,0.2944,0.2934,0.0009,L2
2买,放量 + 威科夫得分大于7,513,0.0649,0.0671,0.967,0.2865,0.2934,-0.0069,L2
2买,放量 + 积累阶段,2475,0.3242,0.3193,1.015,0.2966,0.2934,0.0031,L2
2买,放量 + 威科夫B3弹簧,61,0.0084,0.0077,1.089,0.3115,0.2934,0.0181,L2
2买,放量 + 威科夫B1突破,54,0.0084,0.0064,1.307,0.3519,0.2934,0.0584,L2
2买,放量 + 黄金柱,476,0.0605,0.0622,0.973,0.2878,0.2934,-0.0056,L2
2买,放量 + 量能金叉,1119,0.1674,0.1357,1.233,0.3387,0.2934,0.0453,L2
2买,放量 + 六脉红灯大于5,3707,0.5057,0.4699,1.076,0.3089,0.2934,0.0155,L2
2买,放量 + 六脉红灯大于6,2851,0.386,0.3626,1.065,0.3066,0.2934,0.0131,L2
2买,放量 + 六脉6红首发,2851,0.386,0.3626,1.065,0.3066,0.2934,0.0131,L2
2买,放量 + 六脉5红首发,3707,0.5057,0.4699,1.076,0.3089,0.2934,0.0155,L2
2买,放量 + 偏多共振,657,0.0773,0.0884,0.874,0.2664,0.2934,-0.0271,L2
2买,放量 + 多头共振,655,0.0773,0.088,0.878,0.2672,0.2934,-0.0262,L2
2买,放量 + 火箭信号,402,0.0636,0.0473,1.344,0.3582,0.2934,0.0648,L2
2买,放量 + 极限抄底,177,0.0336,0.0185,1.812,0.4294,0.2934,0.136,L2
2买,放量 + 中枢进机会区,1852,0.2668,0.2289,1.165,0.3261,0.2934,0.0327,L2
2买,放量 + 中枢极限底,2005,0.2827,0.2504,1.129,0.3192,0.2934,0.0258,L2
2买,放量 + 中枢上穿中轴,1403,0.2045,0.1724,1.186,0.33,0.2934,0.0366,L2
2买,放量 + 中枢底部蓄力,2840,0.3785,0.3637,1.041,0.3018,0.2934,0.0083,L2
2买,放量 + 中枢底部回升,3462,0.4832,0.4343,1.113,0.316,0.2934,0.0226,L2
2买,放量 + 大盘多头,2199,0.2765,0.2885,0.958,0.2847,0.2934,-0.0087,L2
2买,放量 + 大盘空头,1726,0.2398,0.217,1.105,0.3146,0.2934,0.0212,L2
2买,放量 + 大盘安全,2807,0.3419,0.3729,0.917,0.2757,0.2934,-0.0177,L2
2买,放量 + SID等于1,2199,0.2765,0.2885,0.958,0.2847,0.2934,-0.0087,L2
2买,放量 + SID等于2,3066,0.439,0.38,1.155,0.3242,0.2934,0.0308,L2
2买,放量 + SID小于等于2,3726,0.4969,0.4771,1.042,0.3019,0.2934,0.0085,L2
2买,放量 + 大盘5日上涨,3595,0.4642,0.4666,0.995,0.2924,0.2934,-0.0011,L2
2买,放量 + 相对强弱大于0,2453,0.3489,0.305,1.144,0.3221,0.2934,0.0286,L2
2买,放量 + 相对强弱大于5,653,0.0897,0.0825,1.086,0.3109,0.2934,0.0175,L2
2买,放量 + 量比>=1.3,1005,0.1608,0.1176,1.367,0.3622,0.2934,0.0688,L2
2买,放量 + 量比>=2,211,0.0318,0.0255,1.247,0.3412,0.2934,0.0478,L2
2买,放量 + 距前高<=10%,840,0.1206,0.104,1.159,0.325,0.2934,0.0316,L2
2买,放量 + 深跌(距前高>40%),164,0.0203,0.0216,0.939,0.2805,0.2934,-0.0129,L2
2买,放量 + 距前低<=10%,2741,0.3657,0.3509,1.042,0.3021,0.2934,0.0087,L2
2买,放量 + 相对强弱>=0,487,0.0689,0.0607,1.135,0.3203,0.2934,0.0269,L2
2买,缩量 + 量比大于1,6463,0.8436,0.8351,1.01,0.2955,0.2934,0.0021,L2
2买,缩量 + 量比大于1_3,4323,0.5883,0.5486,1.072,0.3081,0.2934,0.0147,L2
2买,缩量 + 量比大于2,1464,0.2169,0.1785,1.215,0.3354,0.2934,0.042,L2
2买,缩量 + 量能递增,3044,0.4302,0.3797,1.133,0.32,0.2934,0.0266,L2
2买,缩量 + 价涨量增,3661,0.5004,0.4637,1.079,0.3095,0.2934,0.0161,L2
2买,缩量 + 价涨量缩,5708,0.7169,0.7493,0.957,0.2843,0.2934,-0.0091,L2
2买,缩量 + MACD_DIF大于0,2375,0.2968,0.3124,0.95,0.2829,0.2934,-0.0105,L2
2买,缩量 + MACD金叉态,1805,0.2328,0.2344,0.993,0.292,0.2934,-0.0014,L2
2买,缩量 + MACD柱递增,6506,0.8339,0.847,0.985,0.2902,0.2934,-0.0032,L2
2买,缩量 + MACD零轴上金叉,249,0.0362,0.0306,1.182,0.3293,0.2934,0.0359,L2
2买,缩量 + MACD底背离,3704,0.4245,0.5031,0.844,0.2594,0.2934,-0.034,L2
2买,缩量 + BOLL收上中轨,2479,0.3242,0.3201,1.013,0.2961,0.2934,0.0027,L2
2买,缩量 + BOLL突破上轨,318,0.0455,0.0394,1.154,0.3239,0.2934,0.0305,L2
2买,缩量 + BOLL触下轨反弹,4342,0.5777,0.5565,1.038,0.3012,0.2934,0.0078,L2
2买,缩量 + BOLL开口扩张,6461,0.8383,0.8369,1.002,0.2938,0.2934,0.0003,L2
2买,缩量 + KDJ金叉态,6174,0.8118,0.7953,1.021,0.2977,0.2934,0.0043,L2
2买,缩量 + KDJ_J超卖,6621,0.8578,0.8582,0.999,0.2933,0.2934,-0.0001,L2
2买,缩量 + KDJ低位金叉,3172,0.4355,0.401,1.086,0.3108,0.2934,0.0174,L2
2买,缩量 + KDJ_D小于30,5267,0.682,0.6829,0.999,0.2931,0.2934,-0.0003,L2
2买,缩量 + RSI6大于50,3921,0.5115,0.5068,1.009,0.2953,0.2934,0.0019,L2
2买,缩量 + RSI金叉,5337,0.701,0.6878,1.019,0.2974,0.2934,0.0039,L2
2买,缩量 + RSI6超卖,5554,0.7376,0.7124,1.035,0.3007,0.2934,0.0073,L2
2买,缩量 + RSI底背离,2959,0.345,0.3995,0.864,0.2639,0.2934,-0.0295,L2
2买,缩量 + 威科夫得分大于4,1441,0.1789,0.19,0.941,0.2811,0.2934,-0.0124,L2
2买,缩量 + 威科夫得分大于7,533,0.0658,0.0704,0.934,0.2795,0.2934,-0.0139,L2
2买,缩量 + 积累阶段,3472,0.4267,0.4596,0.928,0.2782,0.2934,-0.0152,L2
2买,缩量 + 威科夫B3弹簧,78,0.008,0.011,0.722,0.2308,0.2934,-0.0626,L2
2买,缩量 + 黄金柱,431,0.0552,0.0561,0.984,0.29,0.2934,-0.0034,L2
2买,缩量 + 量能金叉,965,0.1418,0.1181,1.2,0.3326,0.2934,0.0392,L2
2买,缩量 + 六脉红灯大于5,4796,0.621,0.6218,0.999,0.2932,0.2934,-0.0003,L2
2买,缩量 + 六脉红灯大于6,3123,0.4125,0.4015,1.027,0.2991,0.2934,0.0057,L2
2买,缩量 + 六脉6红首发,3123,0.4125,0.4015,1.027,0.2991,0.2934,0.0057,L2
2买,缩量 + 六脉5红首发,4796,0.621,0.6218,0.999,0.2932,0.2934,-0.0003,L2
2买,缩量 + 偏多共振,1090,0.1157,0.1519,0.762,0.2404,0.2934,-0.053,L2
2买,缩量 + 多头共振,1086,0.1157,0.1511,0.766,0.2413,0.2934,-0.0522,L2
2买,缩量 + 火箭信号,359,0.057,0.0422,1.351,0.3593,0.2934,0.0659,L2
2买,缩量 + 极限抄底,277,0.042,0.0334,1.257,0.343,0.2934,0.0495,L2
2买,缩量 + 中枢进机会区,2772,0.371,0.3544,1.047,0.303,0.2934,0.0096,L2
2买,缩量 + 中枢极限底,3052,0.4033,0.3923,1.028,0.2991,0.2934,0.0057,L2
2买,缩量 + 中枢上穿中轴,1452,0.2111,0.1787,1.182,0.3292,0.2934,0.0358,L2
2买,缩量 + 中枢底部蓄力,4448,0.5424,0.5906,0.918,0.2761,0.2934,-0.0173,L2
2买,缩量 + 中枢底部回升,5220,0.6687,0.6798,0.984,0.29,0.2934,-0.0034,L2
2买,缩量 + 大盘多头,3310,0.3799,0.4494,0.845,0.2598,0.2934,-0.0336,L2
2买,缩量 + 大盘空头,2487,0.3339,0.3175,1.052,0.304,0.2934,0.0106,L2
2买,缩量 + 大盘安全,4092,0.4554,0.5614,0.811,0.252,0.2934,-0.0415,L2
2买,缩量 + SID等于1,3310,0.3799,0.4494,0.845,0.2598,0.2934,-0.0336,L2
2买,缩量 + SID等于2,4804,0.6091,0.6282,0.97,0.2871,0.2934,-0.0064,L2
2买,缩量 + SID小于等于2,5690,0.6842,0.7595,0.901,0.2722,0.2934,-0.0212,L2
2买,缩量 + 大盘5日上涨,5385,0.6466,0.7192,0.899,0.2719,0.2934,-0.0215,L2
2买,缩量 + 相对强弱大于0,2975,0.4028,0.3784,1.065,0.3066,0.2934,0.0131,L2
2买,缩量 + 相对强弱大于5,633,0.083,0.0816,1.017,0.297,0.2934,0.0036,L2
2买,缩量 + 量比>=1.3,906,0.1458,0.1056,1.38,0.3642,0.2934,0.0708,L2
2买,缩量 + 量比>=2,179,0.0265,0.0218,1.214,0.3352,0.2934,0.0418,L2
2买,缩量 + 距前高<=10%,1008,0.1378,0.1277,1.08,0.3095,0.2934,0.0161,L2
2买,缩量 + 深跌(距前高>40%),263,0.0274,0.0369,0.743,0.2357,0.2934,-0.0577,L2
2买,缩量 + 距前低<=10%,3941,0.492,0.5185,0.949,0.2827,0.2934,-0.0107,L2
2买,缩量 + 相对强弱>=0,591,0.0813,0.0747,1.089,0.3113,0.2934,0.0179,L2
2买,量比大于1 + 量比大于1_3,4725,0.6542,0.595,1.099,0.3134,0.2934,0.02,L2
2买,量比大于1 + 量比大于2,1668,0.2473,0.2032,1.217,0.3357,0.2934,0.0423,L2
2买,量比大于1 + 量能递增,3138,0.4607,0.3843,1.199,0.3324,0.2934,0.039,L2
2买,量比大于1 + 价涨量增,4036,0.5605,0.5075,1.104,0.3144,0.2934,0.021,L2
2买,量比大于1 + 价涨量缩,5079,0.663,0.6563,1.01,0.2955,0.2934,0.0021,L2
2买,量比大于1 + MACD_DIF大于0,2206,0.2809,0.288,0.976,0.2883,0.2934,-0.0051,L2
2买,量比大于1 + MACD金叉态,1910,0.2482,0.2472,1.004,0.2942,0.2934,0.0008,L2
2买,量比大于1 + MACD柱递增,6220,0.8295,0.7964,1.042,0.3019,0.2934,0.0085,L2
2买,量比大于1 + MACD零轴上金叉,301,0.0428,0.0374,1.145,0.3223,0.2934,0.0288,L2
2买,量比大于1 + MACD底背离,3539,0.4218,0.474,0.89,0.2699,0.2934,-0.0236,L2
2买,量比大于1 + BOLL收上中轨,2649,0.3485,0.3412,1.022,0.2978,0.2934,0.0044,L2
2买,量比大于1 + BOLL突破上轨,391,0.0548,0.049,1.118,0.3171,0.2934,0.0237,L2
2买,量比大于1 + BOLL触下轨反弹,4191,0.5835,0.5264,1.108,0.3152,0.2934,0.0218,L2
2买,量比大于1 + BOLL开口扩张,6130,0.8255,0.7815,1.056,0.3049,0.2934,0.0115,L2
2买,量比大于1 + KDJ金叉态,6112,0.8255,0.7782,1.061,0.3058,0.2934,0.0124,L2
2买,量比大于1 + KDJ_J超卖,6181,0.8344,0.7872,1.06,0.3056,0.2934,0.0122,L2
2买,量比大于1 + KDJ低位金叉,3020,0.4284,0.376,1.139,0.3212,0.2934,0.0278,L2
2买,量比大于1 + KDJ_D小于30,4884,0.6639,0.6201,1.071,0.3077,0.2934,0.0143,L2
2买,量比大于1 + RSI6大于50,4093,0.5367,0.5279,1.017,0.2968,0.2934,0.0034,L2
2买,量比大于1 + RSI金叉,5400,0.7288,0.6878,1.06,0.3056,0.2934,0.0121,L2
2买,量比大于1 + RSI6超卖,5269,0.7306,0.6631,1.102,0.3139,0.2934,0.0205,L2
2买,量比大于1 + RSI底背离,2814,0.3357,0.3767,0.891,0.2701,0.2934,-0.0233,L2
2买,量比大于1 + 威科夫得分大于4,1399,0.1798,0.182,0.988,0.2909,0.2934,-0.0025,L2
2买,量比大于1 + 威科夫得分大于7,550,0.068,0.0726,0.936,0.28,0.2934,-0.0134,L2
2买,量比大于1 + 积累阶段,3322,0.424,0.4332,0.979,0.289,0.2934,-0.0044,L2
2买,量比大于1 + 威科夫B3弹簧,75,0.0088,0.0101,0.876,0.2667,0.2934,-0.0267,L2
2买,量比大于1 + 威科夫B1突破,54,0.0084,0.0064,1.307,0.3519,0.2934,0.0584,L2
2买,量比大于1 + 黄金柱,485,0.0614,0.0635,0.967,0.2866,0.2934,-0.0068,L2
2买,量比大于1 + 量能金叉,1153,0.1705,0.1407,1.212,0.3348,0.2934,0.0414,L2
2买,量比大于1 + 六脉红灯大于5,4907,0.6493,0.6304,1.03,0.2996,0.2934,0.0062,L2
2买,量比大于1 + 六脉红灯大于6,3335,0.4461,0.4264,1.046,0.3028,0.2934,0.0094,L2
2买,量比大于1 + 六脉6红首发,3335,0.4461,0.4264,1.046,0.3028,0.2934,0.0094,L2
2买,量比大于1 + 六脉5红首发,4907,0.6493,0.6304,1.03,0.2996,0.2934,0.0062,L2
2买,量比大于1 + 偏多共振,967,0.1029,0.1346,0.764,0.241,0.2934,-0.0525,L2
2买,量比大于1 + 多头共振,963,0.1029,0.1339,0.769,0.242,0.2934,-0.0515,L2
2买,量比大于1 + 火箭信号,413,0.0654,0.0486,1.345,0.3584,0.2934,0.0649,L2
2买,量比大于1 + 极限抄底,291,0.0473,0.0337,1.4,0.3677,0.2934,0.0743,L2
2买,量比大于1 + 中枢进机会区,2575,0.3631,0.3215,1.129,0.3192,0.2934,0.0258,L2
2买,量比大于1 + 中枢极限底,2885,0.3944,0.3654,1.08,0.3095,0.2934,0.0161,L2
2买,量比大于1 + 中枢上穿中轴,1583,0.2292,0.1952,1.175,0.3279,0.2934,0.0344,L2
2买,量比大于1 + 中枢底部蓄力,4174,0.5345,0.5437,0.983,0.2899,0.2934,-0.0035,L2
2买,量比大于1 + 中枢底部回升,4946,0.6617,0.6324,1.046,0.3029,0.2934,0.0095,L2
2买,量比大于1 + 大盘多头,3104,0.3706,0.4154,0.892,0.2703,0.2934,-0.0231,L2
2买,量比大于1 + 大盘空头,2349,0.3229,0.2968,1.088,0.3112,0.2934,0.0178,L2
2买,量比大于1 + 大盘安全,3877,0.4505,0.524,0.86,0.2631,0.2934,-0.0303,L2
2买,量比大于1 + SID等于1,3104,0.3706,0.4154,0.892,0.2703,0.2934,-0.0231,L2
2买,量比大于1 + SID等于2,4504,0.5998,0.577,1.039,0.3015,0.2934,0.0081,L2
2买,量比大于1 + SID小于等于2,5394,0.6776,0.708,0.957,0.2844,0.2934,-0.009,L2
2买,量比大于1 + 大盘5日上涨,5099,0.6374,0.6706,0.95,0.283,0.2934,-0.0104,L2
2买,量比大于1 + 相对强弱大于0,2963,0.4064,0.3747,1.084,0.3105,0.2934,0.0171,L2
2买,量比大于1 + 相对强弱大于5,698,0.0945,0.0888,1.065,0.3066,0.2934,0.0132,L2
2买,量比大于1 + 量比>=1.3,1109,0.182,0.1278,1.423,0.3715,0.2934,0.0781,L2
2买,量比大于1 + 量比>=2,213,0.0322,0.0257,1.256,0.3427,0.2934,0.0493,L2
2买,量比大于1 + 距前高<=10%,1015,0.1431,0.1267,1.129,0.3192,0.2934,0.0258,L2
2买,量比大于1 + 深跌(距前高>40%),246,0.0292,0.033,0.883,0.2683,0.2934,-0.0251,L2
2买,量比大于1 + 距前低<=10%,3766,0.4832,0.4901,0.986,0.2905,0.2934,-0.0029,L2
2买,量比大于1 + 相对强弱>=0,593,0.0826,0.0745,1.109,0.3153,0.2934,0.0219,L2
2买,量比大于1_3 + 量比大于2,1668,0.2473,0.2032,1.217,0.3357,0.2934,0.0423,L2
2买,量比大于1_3 + 量能递增,2601,0.3847,0.3173,1.212,0.3349,0.2934,0.0415,L2
2买,量比大于1_3 + 价涨量增,3598,0.5018,0.4516,1.111,0.3157,0.2934,0.0223,L2
2买,量比大于1_3 + 价涨量缩,3240,0.4443,0.4098,1.084,0.3105,0.2934,0.0171,L2
2买,量比大于1_3 + MACD_DIF大于0,1500,0.2014,0.1915,1.052,0.304,0.2934,0.0106,L2
2买,量比大于1_3 + MACD金叉态,1611,0.208,0.2091,0.995,0.2924,0.2934,-0.0011,L2
2买,量比大于1_3 + MACD柱递增,4320,0.6025,0.5422,1.111,0.3157,0.2934,0.0223,L2
2买,量比大于1_3 + MACD零轴上金叉,290,0.0411,0.0361,1.137,0.3207,0.2934,0.0273,L2
2买,量比大于1_3 + MACD底背离,2471,0.3026,0.3276,0.924,0.2772,0.2934,-0.0162,L2
2买,量比大于1_3 + BOLL收上中轨,2265,0.3004,0.2907,1.033,0.3002,0.2934,0.0068,L2
2买,量比大于1_3 + BOLL突破上轨,381,0.0543,0.0473,1.148,0.3228,0.2934,0.0294,L2
2买,量比大于1_3 + BOLL触下轨反弹,2903,0.4209,0.3577,1.177,0.3283,0.2934,0.0349,L2
2买,量比大于1_3 + BOLL开口扩张,4229,0.5941,0.529,1.123,0.318,0.2934,0.0246,L2
2买,量比大于1_3 + KDJ金叉态,4350,0.6078,0.5455,1.114,0.3163,0.2934,0.0229,L2
2买,量比大于1_3 + KDJ_J超卖,4166,0.5914,0.5185,1.141,0.3214,0.2934,0.028,L2
2买,量比大于1_3 + KDJ低位金叉,1941,0.2902,0.2355,1.232,0.3385,0.2934,0.0451,L2
2买,量比大于1_3 + KDJ_D小于30,3257,0.4655,0.4041,1.152,0.3236,0.2934,0.0302,L2
2买,量比大于1_3 + RSI6大于50,3260,0.4355,0.4171,1.044,0.3025,0.2934,0.009,L2
2买,量比大于1_3 + RSI金叉,4043,0.5587,0.5095,1.097,0.3129,0.2934,0.0195,L2
2买,量比大于1_3 + RSI6超卖,3570,0.5194,0.4391,1.183,0.3294,0.2934,0.036,L2
2买,量比大于1_3 + RSI底背离,1967,0.2376,0.2621,0.907,0.2735,0.2934,-0.0199,L2
2买,量比大于1_3 + 威科夫得分大于4,1075,0.1444,0.1372,1.053,0.3042,0.2934,0.0108,L2
2买,量比大于1_3 + 威科夫得分大于7,447,0.0565,0.0585,0.966,0.2864,0.2934,-0.0071,L2
2买,量比大于1_3 + 积累阶段,2351,0.3096,0.3026,1.023,0.2982,0.2934,0.0048,L2
2买,量比大于1_3 + 威科夫B1突破,54,0.0084,0.0064,1.307,0.3519,0.2934,0.0584,L2
2买,量比大于1_3 + 黄金柱,477,0.0605,0.0624,0.97,0.2872,0.2934,-0.0062,L2
2买,量比大于1_3 + 量能金叉,1095,0.1639,0.1328,1.234,0.3388,0.2934,0.0454,L2
2买,量比大于1_3 + 六脉红灯大于5,3692,0.5009,0.4692,1.068,0.3072,0.2934,0.0137,L2
2买,量比大于1_3 + 六脉红灯大于6,2791,0.3763,0.3556,1.058,0.3053,0.2934,0.0119,L2
2买,量比大于1_3 + 六脉6红首发,2791,0.3763,0.3556,1.058,0.3053,0.2934,0.0119,L2
2买,量比大于1_3 + 六脉5红首发,3692,0.5009,0.4692,1.068,0.3072,0.2934,0.0137,L2
2买,量比大于1_3 + 偏多共振,646,0.0751,0.0873,0.86,0.2632,0.2934,-0.0303,L2
2买,量比大于1_3 + 多头共振,644,0.0751,0.0869,0.864,0.264,0.2934,-0.0294,L2
2买,量比大于1_3 + 火箭信号,404,0.0636,0.0477,1.334,0.3564,0.2934,0.063,L2
2买,量比大于1_3 + 极限抄底,204,0.0362,0.0224,1.619,0.402,0.2934,0.1085,L2
2买,量比大于1_3 + 中枢进机会区,1754,0.2633,0.2124,1.239,0.3398,0.2934,0.0464,L2
2买,量比大于1_3 + 中枢极限底,1993,0.2814,0.2487,1.131,0.3196,0.2934,0.0262,L2
2买,量比大于1_3 + 中枢上穿中轴,1330,0.1935,0.1636,1.182,0.3293,0.2934,0.0359,L2
2买,量比大于1_3 + 中枢底部蓄力,2850,0.3816,0.3643,1.048,0.3032,0.2934,0.0097,L2
2买,量比大于1_3 + 中枢底部回升,3435,0.4832,0.4294,1.125,0.3185,0.2934,0.0251,L2
2买,量比大于1_3 + 大盘多头,2137,0.2628,0.2828,0.929,0.2784,0.2934,-0.015,L2
2买,量比大于1_3 + 大盘空头,1637,0.2284,0.2054,1.112,0.3158,0.2934,0.0224,L2
2买,量比大于1_3 + 大盘安全,2685,0.3229,0.3584,0.901,0.2723,0.2934,-0.0212,L2
2买,量比大于1_3 + SID等于1,2137,0.2628,0.2828,0.929,0.2784,0.2934,-0.015,L2
2买,量比大于1_3 + SID等于2,3033,0.4333,0.3764,1.151,0.3234,0.2934,0.03,L2
2买,量比大于1_3 + SID小于等于2,3692,0.4907,0.4734,1.037,0.3009,0.2934,0.0075,L2
2买,量比大于1_3 + 大盘5日上涨,3511,0.4483,0.4578,0.979,0.2891,0.2934,-0.0043,L2
2买,量比大于1_3 + 相对强弱大于0,2320,0.3224,0.2916,1.106,0.3147,0.2934,0.0212,L2
2买,量比大于1_3 + 相对强弱大于5,634,0.0879,0.0798,1.102,0.3139,0.2934,0.0205,L2
2买,量比大于1_3 + 量比>=1.3,1109,0.182,0.1278,1.423,0.3715,0.2934,0.0781,L2
2买,量比大于1_3 + 量比>=2,213,0.0322,0.0257,1.256,0.3427,0.2934,0.0493,L2
2买,量比大于1_3 + 距前高<=10%,724,0.1042,0.0895,1.165,0.326,0.2934,0.0326,L2
2买,量比大于1_3 + 深跌(距前高>40%),175,0.0221,0.0229,0.963,0.2857,0.2934,-0.0077,L2
2买,量比大于1_3 + 距前低<=10%,2602,0.3419,0.3353,1.02,0.2975,0.2934,0.004,L2
2买,量比大于1_3 + 相对强弱>=0,446,0.061,0.0565,1.079,0.3094,0.2934,0.016,L2
2买,量比大于2 + 量能递增,1300,0.1966,0.1568,1.253,0.3423,0.2934,0.0489,L2
2买,量比大于2 + 价涨量增,1557,0.2341,0.1884,1.243,0.3404,0.2934,0.047,L2
2买,量比大于2 + 价涨量缩,1047,0.1555,0.1275,1.22,0.3362,0.2934,0.0428,L2
2买,量比大于2 + MACD_DIF大于0,582,0.0826,0.0725,1.14,0.3213,0.2934,0.0279,L2
2买,量比大于2 + MACD金叉态,852,0.117,0.1077,1.087,0.311,0.2934,0.0176,L2
2买,量比大于2 + MACD柱递增,1540,0.2279,0.1878,1.213,0.3351,0.2934,0.0416,L2
2买,量比大于2 + MACD零轴上金叉,210,0.0305,0.0259,1.178,0.3286,0.2934,0.0352,L2
2买,量比大于2 + MACD底背离,848,0.1113,0.1093,1.018,0.2972,0.2934,0.0038,L2
2买,量比大于2 + BOLL收上中轨,1183,0.1634,0.1491,1.096,0.3128,0.2934,0.0193,L2
2买,量比大于2 + BOLL突破上轨,325,0.0468,0.0402,1.166,0.3262,0.2934,0.0327,L2
2买,量比大于2 + BOLL触下轨反弹,1077,0.1621,0.1302,1.245,0.3408,0.2934,0.0473,L2
2买,量比大于2 + BOLL开口扩张,1525,0.2292,0.1845,1.242,0.3403,0.2934,0.0469,L2
2买,量比大于2 + KDJ金叉态,1578,0.2354,0.1917,1.228,0.3378,0.2934,0.0444,L2
2买,量比大于2 + KDJ_J超卖,1463,0.2213,0.1764,1.254,0.3424,0.2934,0.049,L2
2买,量比大于2 + KDJ低位金叉,537,0.0879,0.062,1.418,0.3706,0.2934,0.0772,L2
2买,量比大于2 + KDJ_D小于30,1087,0.1692,0.1291,1.31,0.3523,0.2934,0.0589,L2
2买,量比大于2 + RSI6大于50,1390,0.1935,0.1746,1.108,0.3151,0.2934,0.0217,L2
2买,量比大于2 + RSI金叉,1547,0.2275,0.1893,1.202,0.3329,0.2934,0.0395,L2
2买,量比大于2 + RSI6超卖,1226,0.1935,0.1445,1.339,0.3573,0.2934,0.0638,L2
2买,量比大于2 + RSI底背离,678,0.087,0.0882,0.986,0.2906,0.2934,-0.0029,L2
2买,量比大于2 + 威科夫得分大于4,556,0.0795,0.069,1.153,0.3237,0.2934,0.0303,L2
2买,量比大于2 + 威科夫得分大于7,271,0.0349,0.0352,0.991,0.2915,0.2934,-0.0019,L2
2买,量比大于2 + 积累阶段,826,0.1157,0.1034,1.119,0.3172,0.2934,0.0238,L2
2买,量比大于2 + 威科夫B1突破,51,0.0084,0.0059,1.43,0.3725,0.2934,0.0791,L2
2买,量比大于2 + 黄金柱,343,0.0442,0.0446,0.991,0.2915,0.2934,-0.0019,L2
2买,量比大于2 + 量能金叉,699,0.1104,0.0824,1.341,0.3577,0.2934,0.0642,L2
2买,量比大于2 + 六脉红灯大于5,1453,0.2067,0.1807,1.144,0.3221,0.2934,0.0287,L2
2买,量比大于2 + 六脉红灯大于6,1289,0.1802,0.1616,1.115,0.3165,0.2934,0.0231,L2
2买,量比大于2 + 六脉6红首发,1289,0.1802,0.1616,1.115,0.3165,0.2934,0.0231,L2
2买,量比大于2 + 六脉5红首发,1453,0.2067,0.1807,1.144,0.3221,0.2934,0.0287,L2
2买,量比大于2 + 偏多共振,229,0.0292,0.0299,0.975,0.2882,0.2934,-0.0052,L2
2买,量比大于2 + 多头共振,228,0.0292,0.0297,0.981,0.2895,0.2934,-0.0039,L2
2买,量比大于2 + 火箭信号,307,0.0473,0.0367,1.288,0.3485,0.2934,0.0551,L2
2买,量比大于2 + 极限抄底,62,0.015,0.0051,2.924,0.5484,0.2934,0.255,L2
2买,量比大于2 + 中枢进机会区,624,0.0919,0.0763,1.204,0.3333,0.2934,0.0399,L2
2买,量比大于2 + 中枢极限底,682,0.1003,0.0835,1.201,0.3328,0.2934,0.0394,L2
2买,量比大于2 + 中枢上穿中轴,738,0.1069,0.091,1.175,0.3279,0.2934,0.0345,L2
2买,量比大于2 + 中枢底部蓄力,987,0.1471,0.12,1.226,0.3374,0.2934,0.044,L2
2买,量比大于2 + 中枢底部回升,1202,0.1793,0.146,1.228,0.3378,0.2934,0.0444,L2
2买,量比大于2 + 大盘多头,788,0.0998,0.1031,0.968,0.2868,0.2934,-0.0066,L2
2买,量比大于2 + 大盘空头,535,0.0786,0.0655,1.201,0.3327,0.2934,0.0393,L2
2买,量比大于2 + 大盘安全,971,0.1193,0.1286,0.928,0.2781,0.2934,-0.0154,L2
2买,量比大于2 + SID等于1,788,0.0998,0.1031,0.968,0.2868,0.2934,-0.0066,L2
2买,量比大于2 + SID等于2,1057,0.1674,0.1244,1.346,0.3586,0.2934,0.0651,L2
2买,量比大于2 + SID小于等于2,1334,0.1921,0.1649,1.165,0.3261,0.2934,0.0327,L2
2买,量比大于2 + 大盘5日上涨,1208,0.1568,0.1565,1.002,0.2939,0.2934,0.0005,L2
2买,量比大于2 + 相对强弱大于0,1119,0.1603,0.1387,1.156,0.3244,0.2934,0.031,L2
2买,量比大于2 + 相对强弱大于5,464,0.0685,0.0567,1.208,0.3341,0.2934,0.0406,L2
2买,量比大于2 + 量比>=1.3,490,0.087,0.0537,1.619,0.402,0.2934,0.1086,L2
2买,量比大于2 + 量比>=2,213,0.0322,0.0257,1.256,0.3427,0.2934,0.0493,L2
2买,量比大于2 + 距前高<=10%,260,0.0402,0.031,1.297,0.35,0.2934,0.0566,L2
2买,量比大于2 + 深跌(距前高>40%),68,0.0084,0.009,0.934,0.2794,0.2934,-0.014,L2
2买,量比大于2 + 距前低<=10%,871,0.129,0.1062,1.214,0.3352,0.2934,0.0418,L2
2买,量比大于2 + 相对强弱>=0,196,0.0274,0.0246,1.114,0.3163,0.2934,0.0229,L2
2买,量能递增 + 价涨量增,2657,0.3931,0.3241,1.213,0.335,0.2934,0.0415,L2
2买,量能递增 + 价涨量缩,2429,0.3441,0.3026,1.137,0.3207,0.2934,0.0273,L2
2买,量能递增 + MACD_DIF大于0,1209,0.1754,0.1489,1.177,0.3284,0.2934,0.035,L2
2买,量能递增 + MACD金叉态,1418,0.1957,0.1788,1.094,0.3124,0.2934,0.019,L2
2买,量能递增 + MACD柱递增,3015,0.439,0.3707,1.184,0.3297,0.2934,0.0363,L2
2买,量能递增 + MACD零轴上金叉,259,0.0384,0.0315,1.218,0.3359,0.2934,0.0425,L2
2买,量能递增 + MACD底背离,1705,0.2155,0.2232,0.966,0.2862,0.2934,-0.0072,L2
2买,量能递增 + BOLL收上中轨,1785,0.246,0.2252,1.092,0.312,0.2934,0.0186,L2
2买,量能递增 + BOLL突破上轨,363,0.0526,0.0448,1.174,0.3278,0.2934,0.0344,L2
2买,量能递增 + BOLL触下轨反弹,2447,0.3622,0.2984,1.214,0.3351,0.2934,0.0417,L2
2买,量能递增 + BOLL开口扩张,3180,0.4655,0.3899,1.194,0.3314,0.2934,0.038,L2
2买,量能递增 + KDJ金叉态,2886,0.4267,0.3522,1.212,0.3347,0.2934,0.0413,L2
2买,量能递增 + KDJ_J超卖,3024,0.4457,0.3696,1.206,0.3337,0.2934,0.0402,L2
2买,量能递增 + KDJ低位金叉,1021,0.1661,0.1183,1.404,0.3683,0.2934,0.0749,L2
2买,量能递增 + KDJ_D小于30,2066,0.3057,0.252,1.213,0.3349,0.2934,0.0415,L2
2买,量能递增 + RSI6大于50,2336,0.3255,0.2933,1.11,0.3155,0.2934,0.0221,L2
2买,量能递增 + RSI金叉,2824,0.4117,0.347,1.186,0.33,0.2934,0.0366,L2
2买,量能递增 + RSI6超卖,2498,0.3768,0.3017,1.249,0.3415,0.2934,0.0481,L2
2买,量能递增 + RSI底背离,1451,0.1851,0.1893,0.978,0.2888,0.2934,-0.0046,L2
2买,量能递增 + 威科夫得分大于4,1111,0.1493,0.1418,1.053,0.3042,0.2934,0.0108,L2
2买,量能递增 + 威科夫得分大于7,518,0.0654,0.0679,0.963,0.2857,0.2934,-0.0077,L2
2买,量能递增 + 积累阶段,1772,0.2398,0.2254,1.064,0.3064,0.2934,0.013,L2
2买,量能递增 + 威科夫B1突破,52,0.008,0.0062,1.275,0.3462,0.2934,0.0527,L2
2买,量能递增 + 黄金柱,342,0.0446,0.0442,1.009,0.2953,0.2934,0.0019,L2
2买,量能递增 + 量能金叉,1004,0.1546,0.12,1.289,0.3486,0.2934,0.0552,L2
2买,量能递增 + 六脉红灯大于5,2489,0.3551,0.3091,1.149,0.323,0.2934,0.0296,L2
2买,量能递增 + 六脉红灯大于6,1979,0.2783,0.2474,1.125,0.3183,0.2934,0.0249,L2
2买,量能递增 + 六脉6红首发,1979,0.2783,0.2474,1.125,0.3183,0.2934,0.0249,L2
2买,量能递增 + 六脉5红首发,2489,0.3551,0.3091,1.149,0.323,0.2934,0.0296,L2
2买,量能递增 + 偏多共振,494,0.0574,0.0668,0.86,0.2632,0.2934,-0.0303,L2
2买,量能递增 + 多头共振,493,0.0574,0.0666,0.862,0.2637,0.2934,-0.0297,L2
2买,量能递增 + 火箭信号,317,0.0504,0.0372,1.352,0.3596,0.2934,0.0662,L2
2买,量能递增 + 极限抄底,120,0.0252,0.0116,2.179,0.475,0.2934,0.1816,L2
2买,量能递增 + 中枢进机会区,1465,0.2067,0.1829,1.13,0.3195,0.2934,0.026,L2
2买,量能递增 + 中枢极限底,1424,0.2072,0.1752,1.183,0.3294,0.2934,0.0359,L2
2买,量能递增 + 中枢上穿中轴,1142,0.1696,0.139,1.22,0.3363,0.2934,0.0428,L2
2买,量能递增 + 中枢底部蓄力,1952,0.2677,0.2469,1.084,0.3105,0.2934,0.017,L2
2买,量能递增 + 中枢底部回升,2498,0.3573,0.3098,1.153,0.3239,0.2934,0.0304,L2
2买,量能递增 + 大盘多头,1592,0.216,0.2023,1.068,0.3072,0.2934,0.0137,L2
2买,量能递增 + 大盘空头,1233,0.1678,0.1565,1.073,0.3082,0.2934,0.0148,L2
2买,量能递增 + 大盘安全,2041,0.2641,0.2647,0.998,0.293,0.2934,-0.0004,L2
2买,量能递增 + SID等于1,1592,0.216,0.2023,1.068,0.3072,0.2934,0.0137,L2
2买,量能递增 + SID等于2,2206,0.337,0.2647,1.273,0.3459,0.2934,0.0525,L2
2买,量能递增 + SID小于等于2,2710,0.3847,0.3373,1.141,0.3214,0.2934,0.028,L2
2买,量能递增 + 大盘5日上涨,2529,0.3375,0.3237,1.042,0.3021,0.2934,0.0087,L2
2买,量能递增 + 相对强弱大于0,1903,0.2752,0.2348,1.172,0.3274,0.2934,0.034,L2
2买,量能递增 + 相对强弱大于5,571,0.0782,0.0723,1.082,0.31,0.2934,0.0166,L2
2买,量能递增 + 量比>=1.3,766,0.129,0.0869,1.483,0.3812,0.2934,0.0878,L2
2买,量能递增 + 量比>=2,186,0.0278,0.0226,1.233,0.3387,0.2934,0.0453,L2
2买,量能递增 + 距前高<=10%,674,0.1011,0.0816,1.239,0.3398,0.2934,0.0463,L2
2买,量能递增 + 深跌(距前高>40%),129,0.0199,0.0154,1.29,0.3488,0.2934,0.0554,L2
2买,量能递增 + 距前低<=10%,2005,0.269,0.2561,1.051,0.3037,0.2934,0.0103,L2
2买,量能递增 + 相对强弱>=0,420,0.0557,0.0539,1.032,0.3,0.2934,0.0066,L2
2买,价涨量增 + 价涨量缩,2647,0.3675,0.3329,1.104,0.3143,0.2934,0.0209,L2
2买,价涨量增 + MACD_DIF大于0,1311,0.1784,0.1664,1.073,0.3082,0.2934,0.0147,L2
2买,价涨量增 + MACD金叉态,1614,0.2129,0.2076,1.025,0.2986,0.2934,0.0052,L2
2买,价涨量增 + MACD柱递增,3757,0.523,0.4719,1.108,0.3151,0.2934,0.0217,L2
2买,价涨量增 + MACD零轴上金叉,294,0.042,0.0365,1.15,0.3231,0.2934,0.0297,L2
2买,价涨量增 + MACD底背离,2068,0.2588,0.2718,0.952,0.2834,0.2934,-0.0101,L2
2买,价涨量增 + BOLL收上中轨,2272,0.3052,0.29,1.053,0.3041,0.2934,0.0107,L2
2买,价涨量增 + BOLL突破上轨,386,0.0543,0.0482,1.126,0.3187,0.2934,0.0252,L2
2买,价涨量增 + BOLL触下轨反弹,2603,0.3693,0.3241,1.139,0.3212,0.2934,0.0278,L2
2买,价涨量增 + BOLL开口扩张,3634,0.5097,0.4549,1.121,0.3176,0.2934,0.0241,L2
2买,价涨量增 + KDJ金叉态,3816,0.5345,0.478,1.118,0.3171,0.2934,0.0237,L2
2买,价涨量增 + KDJ_J超卖,3545,0.5031,0.4413,1.14,0.3213,0.2934,0.0279,L2
2买,价涨量增 + KDJ低位金叉,1486,0.2266,0.1785,1.27,0.3452,0.2934,0.0518,L2
2买,价涨量增 + KDJ_D小于30,2697,0.3816,0.3362,1.135,0.3204,0.2934,0.0269,L2
2买,价涨量增 + RSI6大于50,3147,0.4249,0.4008,1.06,0.3057,0.2934,0.0123,L2
2买,价涨量增 + RSI金叉,3744,0.5225,0.4697,1.112,0.316,0.2934,0.0226,L2
2买,价涨量增 + RSI6超卖,2986,0.4329,0.3679,1.176,0.3282,0.2934,0.0348,L2
2买,价涨量增 + RSI底背离,1709,0.2138,0.2247,0.951,0.2832,0.2934,-0.0102,L2
2买,价涨量增 + 威科夫得分大于4,1055,0.1396,0.1355,1.03,0.2995,0.2934,0.0061,L2
2买,价涨量增 + 威科夫得分大于7,444,0.0579,0.0574,1.008,0.295,0.2934,0.0016,L2
2买,价涨量增 + 积累阶段,2115,0.2756,0.2735,1.008,0.295,0.2934,0.0016,L2
2买,价涨量增 + 威科夫B3弹簧,55,0.0075,0.007,1.077,0.3091,0.2934,0.0157,L2
2买,价涨量增 + 威科夫B1突破,54,0.0084,0.0064,1.307,0.3519,0.2934,0.0584,L2
2买,价涨量增 + 黄金柱,475,0.0605,0.062,0.976,0.2884,0.2934,-0.005,L2
2买,价涨量增 + 量能金叉,1013,0.1546,0.1216,1.271,0.3455,0.2934,0.0521,L2
2买,价涨量增 + 六脉红灯大于5,3451,0.4717,0.4371,1.079,0.3095,0.2934,0.0161,L2
2买,价涨量增 + 六脉红灯大于6,2753,0.3741,0.3496,1.07,0.3077,0.2934,0.0142,L2
2买,价涨量增 + 六脉6红首发,2753,0.3741,0.3496,1.07,0.3077,0.2934,0.0142,L2
2买,价涨量增 + 六脉5红首发,3451,0.4717,0.4371,1.079,0.3095,0.2934,0.0161,L2
2买,价涨量增 + 偏多共振,543,0.0623,0.0737,0.845,0.2597,0.2934,-0.0337,L2
2买,价涨量增 + 多头共振,541,0.0623,0.0734,0.849,0.2606,0.2934,-0.0328,L2
2买,价涨量增 + 火箭信号,387,0.0601,0.046,1.305,0.3514,0.2934,0.058,L2
2买,价涨量增 + 极限抄底,148,0.0283,0.0154,1.835,0.4324,0.2934,0.139,L2
2买,价涨量增 + 中枢进机会区,1498,0.2089,0.188,1.111,0.3158,0.2934,0.0223,L2
2买,价涨量增 + 中枢极限底,1694,0.2345,0.2133,1.099,0.3135,0.2934,0.02,L2
2买,价涨量增 + 中枢上穿中轴,1344,0.1979,0.1643,1.204,0.3333,0.2934,0.0399,L2
2买,价涨量增 + 中枢底部蓄力,2396,0.3242,0.3048,1.064,0.3063,0.2934,0.0129,L2
2买,价涨量增 + 中枢底部回升,2928,0.409,0.3672,1.114,0.3163,0.2934,0.0228,L2
2买,价涨量增 + 大盘多头,1815,0.2288,0.2379,0.962,0.2854,0.2934,-0.008,L2
2买,价涨量增 + 大盘空头,1517,0.2107,0.1908,1.104,0.3144,0.2934,0.021,L2
2买,价涨量增 + 大盘安全,2326,0.2827,0.3092,0.914,0.2752,0.2934,-0.0183,L2
2买,价涨量增 + SID等于1,1815,0.2288,0.2379,0.962,0.2854,0.2934,-0.008,L2
2买,价涨量增 + SID等于2,2533,0.3626,0.314,1.155,0.3241,0.2934,0.0307,L2
2买,价涨量增 + SID小于等于2,3073,0.4095,0.3936,1.04,0.3017,0.2934,0.0082,L2
2买,价涨量增 + 大盘5日上涨,3059,0.3953,0.3969,0.996,0.2926,0.2934,-0.0008,L2
2买,价涨量增 + 相对强弱大于0,2238,0.3154,0.2795,1.128,0.319,0.2934,0.0256,L2
2买,价涨量增 + 相对强弱大于5,634,0.0861,0.0805,1.07,0.3076,0.2934,0.0142,L2
2买,价涨量增 + 量比>=1.3,919,0.1497,0.1064,1.408,0.3689,0.2934,0.0755,L2
2买,价涨量增 + 量比>=2,204,0.0318,0.0242,1.314,0.3529,0.2934,0.0595,L2
2买,价涨量增 + 距前高<=10%,711,0.1042,0.0871,1.196,0.3319,0.2934,0.0385,L2
2买,价涨量增 + 深跌(距前高>40%),156,0.0181,0.0211,0.859,0.2628,0.2934,-0.0306,L2
2买,价涨量增 + 距前低<=10%,2282,0.3092,0.2902,1.066,0.3067,0.2934,0.0133,L2
2买,价涨量增 + 相对强弱>=0,435,0.0601,0.0548,1.095,0.3126,0.2934,0.0192,L2
2买,价涨量缩 + MACD_DIF大于0,2000,0.2522,0.2621,0.962,0.2855,0.2934,-0.0079,L2
2买,价涨量缩 + MACD金叉态,1365,0.1705,0.1796,0.949,0.2828,0.2934,-0.0106,L2
2买,价涨量缩 + MACD柱递增,5217,0.6683,0.6794,0.984,0.29,0.2934,-0.0034,L2
2买,价涨量缩 + MACD零轴上金叉,171,0.0261,0.0205,1.269,0.345,0.2934,0.0516,L2
2买,价涨量缩 + MACD底背离,2903,0.3304,0.3953,0.836,0.2577,0.2934,-0.0358,L2
2买,价涨量缩 + BOLL收上中轨,1866,0.2434,0.2412,1.009,0.2953,0.2934,0.0019,L2
2买,价涨量缩 + BOLL突破上轨,223,0.0305,0.0282,1.079,0.3094,0.2934,0.016,L2
2买,价涨量缩 + BOLL触下轨反弹,3554,0.4713,0.4562,1.033,0.3002,0.2934,0.0068,L2
2买,价涨量缩 + BOLL开口扩张,5223,0.6745,0.6779,0.995,0.2924,0.2934,-0.0011,L2
2买,价涨量缩 + KDJ金叉态,4881,0.6431,0.6282,1.024,0.2983,0.2934,0.0049,L2
2买,价涨量缩 + KDJ_J超卖,5329,0.6873,0.692,0.993,0.292,0.2934,-0.0014,L2
2买,价涨量缩 + KDJ低位金叉,2525,0.3414,0.3213,1.062,0.3061,0.2934,0.0127,L2
2买,价涨量缩 + KDJ_D小于30,4183,0.5406,0.5427,0.996,0.2926,0.2934,-0.0008,L2
2买,价涨量缩 + RSI6大于50,3001,0.3927,0.3874,1.014,0.2962,0.2934,0.0028,L2
2买,价涨量缩 + RSI金叉,4171,0.5468,0.538,1.016,0.2968,0.2934,0.0034,L2
2买,价涨量缩 + RSI6超卖,4395,0.5808,0.5649,1.028,0.2992,0.2934,0.0058,L2
2买,价涨量缩 + RSI底背离,2328,0.2681,0.3157,0.849,0.2607,0.2934,-0.0327,L2
2买,价涨量缩 + 威科夫得分大于4,1165,0.148,0.1522,0.972,0.2876,0.2934,-0.0059,L2
2买,价涨量缩 + 威科夫得分大于7,433,0.0543,0.0569,0.955,0.2841,0.2934,-0.0094,L2
2买,价涨量缩 + 积累阶段,2715,0.3264,0.3624,0.901,0.2722,0.2934,-0.0212,L2
2买,价涨量缩 + 威科夫B3弹簧,74,0.0075,0.0105,0.718,0.2297,0.2934,-0.0637,L2
2买,价涨量缩 + 黄金柱,294,0.0362,0.0389,0.931,0.2789,0.2934,-0.0145,L2
2买,价涨量缩 + 量能金叉,706,0.1038,0.0864,1.202,0.3329,0.2934,0.0394,L2
2买,价涨量缩 + 六脉红灯大于5,3720,0.4854,0.4807,1.01,0.2954,0.2934,0.002,L2
2买,价涨量缩 + 六脉红灯大于6,2335,0.3114,0.299,1.042,0.3019,0.2934,0.0085,L2
2买,价涨量缩 + 六脉6红首发,2335,0.3114,0.299,1.042,0.3019,0.2934,0.0085,L2
2买,价涨量缩 + 六脉5红首发,3720,0.4854,0.4807,1.01,0.2954,0.2934,0.002,L2
2买,价涨量缩 + 偏多共振,920,0.0981,0.128,0.766,0.2413,0.2934,-0.0521,L2
2买,价涨量缩 + 多头共振,918,0.0981,0.1277,0.768,0.2418,0.2934,-0.0516,L2
2买,价涨量缩 + 火箭信号,222,0.0384,0.0248,1.552,0.3919,0.2934,0.0985,L2
2买,价涨量缩 + 极限抄底,237,0.038,0.0277,1.372,0.3629,0.2934,0.0695,L2
2买,价涨量缩 + 中枢进机会区,2239,0.2951,0.2882,1.024,0.2983,0.2934,0.0049,L2
2买,价涨量缩 + 中枢极限底,2372,0.3101,0.3063,1.012,0.296,0.2934,0.0025,L2
2买,价涨量缩 + 中枢上穿中轴,1107,0.1639,0.135,1.214,0.3351,0.2934,0.0417,L2
2买,价涨量缩 + 中枢底部蓄力,3548,0.4276,0.4732,0.904,0.2728,0.2934,-0.0206,L2
2买,价涨量缩 + 中枢底部回升,4186,0.5331,0.5464,0.976,0.2883,0.2934,-0.0051,L2
2买,价涨量缩 + 大盘多头,2754,0.3132,0.3751,0.835,0.2574,0.2934,-0.036,L2
2买,价涨量缩 + 大盘空头,1884,0.2509,0.2414,1.039,0.3015,0.2934,0.0081,L2
2买,价涨量缩 + 大盘安全,3395,0.3737,0.4675,0.799,0.2492,0.2934,-0.0442,L2
2买,价涨量缩 + SID等于1,2754,0.3132,0.3751,0.835,0.2574,0.2934,-0.036,L2
2买,价涨量缩 + SID等于2,3964,0.5004,0.5193,0.964,0.2858,0.2934,-0.0076,L2
2买,价涨量缩 + SID小于等于2,4727,0.5671,0.6315,0.898,0.2716,0.2934,-0.0218,L2
2买,价涨量缩 + 大盘5日上涨,4331,0.5097,0.5827,0.875,0.2665,0.2934,-0.027,L2
2买,价涨量缩 + 相对强弱大于0,2233,0.3048,0.283,1.077,0.309,0.2934,0.0156,L2
2买,价涨量缩 + 相对强弱大于5,425,0.057,0.0543,1.049,0.3035,0.2934,0.0101,L2
2买,价涨量缩 + 量比>=1.3,582,0.1011,0.0647,1.562,0.3935,0.2934,0.1001,L2
2买,价涨量缩 + 量比>=2,92,0.0146,0.0108,1.347,0.3587,0.2934,0.0653,L2
2买,价涨量缩 + 距前高<=10%,798,0.11,0.1007,1.092,0.312,0.2934,0.0186,L2
2买,价涨量缩 + 深跌(距前高>40%),191,0.0203,0.0266,0.764,0.2408,0.2934,-0.0526,L2
2买,价涨量缩 + 距前低<=10%,3140,0.3878,0.4149,0.935,0.2796,0.2934,-0.0138,L2
2买,价涨量缩 + 相对强弱>=0,447,0.0658,0.0547,1.204,0.3333,0.2934,0.0399,L2
2买,MACD_DIF大于0 + MACD金叉态,499,0.0716,0.0618,1.158,0.3246,0.2934,0.0312,L2
2买,MACD_DIF大于0 + MACD柱递增,2045,0.2602,0.2671,0.974,0.288,0.2934,-0.0054,L2
2买,MACD_DIF大于0 + MACD零轴上金叉,302,0.0433,0.0374,1.157,0.3245,0.2934,0.0311,L2
2买,MACD_DIF大于0 + MACD底背离,464,0.0428,0.0673,0.636,0.2091,0.2934,-0.0844,L2
2买,MACD_DIF大于0 + BOLL收上中轨,1370,0.1824,0.1755,1.039,0.3015,0.2934,0.008,L2
2买,MACD_DIF大于0 + BOLL突破上轨,285,0.0393,0.036,1.093,0.3123,0.2934,0.0189,L2
2买,MACD_DIF大于0 + BOLL触下轨反弹,1540,0.2058,0.197,1.045,0.3026,0.2934,0.0092,L2
2买,MACD_DIF大于0 + BOLL开口扩张,2302,0.2951,0.2997,0.984,0.2902,0.2934,-0.0032,L2
2买,MACD_DIF大于0 + KDJ金叉态,1918,0.2509,0.2476,1.013,0.2961,0.2934,0.0027,L2
2买,MACD_DIF大于0 + KDJ_J超卖,2282,0.2951,0.296,0.997,0.2927,0.2934,-0.0007,L2
2买,MACD_DIF大于0 + KDJ低位金叉,523,0.0618,0.0702,0.88,0.2677,0.2934,-0.0257,L2
2买,MACD_DIF大于0 + KDJ_D小于30,1276,0.1559,0.1693,0.921,0.2766,0.2934,-0.0168,L2
2买,MACD_DIF大于0 + RSI6大于50,1684,0.2231,0.2163,1.031,0.2999,0.2934,0.0065,L2
2买,MACD_DIF大于0 + RSI金叉,1590,0.212,0.2036,1.041,0.3019,0.2934,0.0085,L2
2买,MACD_DIF大于0 + RSI6超卖,1494,0.2027,0.1898,1.068,0.3072,0.2934,0.0138,L2
2买,MACD_DIF大于0 + RSI底背离,324,0.0367,0.0442,0.829,0.2562,0.2934,-0.0372,L2
2买,MACD_DIF大于0 + 威科夫得分大于4,1116,0.1484,0.1431,1.037,0.3011,0.2934,0.0077,L2
2买,MACD_DIF大于0 + 威科夫得分大于7,494,0.0671,0.0627,1.07,0.3077,0.2934,0.0143,L2
2买,MACD_DIF大于0 + 积累阶段,619,0.0994,0.0723,1.375,0.3635,0.2934,0.0701,L2
2买,MACD_DIF大于0 + 黄金柱,186,0.0247,0.0238,1.037,0.3011,0.2934,0.0077,L2
2买,MACD_DIF大于0 + 量能金叉,549,0.0724,0.0706,1.026,0.2987,0.2934,0.0053,L2
2买,MACD_DIF大于0 + 六脉红灯大于5,1418,0.193,0.1799,1.073,0.3082,0.2934,0.0148,L2
2买,MACD_DIF大于0 + 六脉红灯大于6,1094,0.1475,0.1394,1.058,0.3053,0.2934,0.0119,L2
2买,MACD_DIF大于0 + 六脉6红首发,1094,0.1475,0.1394,1.058,0.3053,0.2934,0.0119,L2
2买,MACD_DIF大于0 + 六脉5红首发,1418,0.193,0.1799,1.073,0.3082,0.2934,0.0148,L2
2买,MACD_DIF大于0 + 偏多共振,1071,0.1131,0.1495,0.756,0.239,0.2934,-0.0544,L2
2买,MACD_DIF大于0 + 多头共振,1067,0.1131,0.1488,0.76,0.2399,0.2934,-0.0535,L2
2买,MACD_DIF大于0 + 火箭信号,203,0.0318,0.024,1.324,0.3547,0.2934,0.0613,L2
2买,MACD_DIF大于0 + 中枢进机会区,694,0.0967,0.0871,1.11,0.3156,0.2934,0.0221,L2
2买,MACD_DIF大于0 + 中枢极限底,276,0.0406,0.0337,1.204,0.3333,0.2934,0.0399,L2
2买,MACD_DIF大于0 + 中枢上穿中轴,1034,0.144,0.1299,1.109,0.3153,0.2934,0.0219,L2
2买,MACD_DIF大于0 + 中枢底部蓄力,306,0.0349,0.0416,0.838,0.2582,0.2934,-0.0352,L2
2买,MACD_DIF大于0 + 中枢底部回升,745,0.1034,0.0937,1.103,0.3141,0.2934,0.0207,L2
2买,MACD_DIF大于0 + 大盘多头,1611,0.1948,0.2146,0.908,0.2737,0.2934,-0.0197,L2
2买,MACD_DIF大于0 + 大盘空头,475,0.0623,0.0613,1.017,0.2968,0.2934,0.0034,L2
2买,MACD_DIF大于0 + 大盘安全,1797,0.2178,0.2392,0.91,0.2743,0.2934,-0.0191,L2
2买,MACD_DIF大于0 + SID等于1,1611,0.1948,0.2146,0.908,0.2737,0.2934,-0.0197,L2
2买,MACD_DIF大于0 + SID等于2,1806,0.2425,0.2306,1.052,0.304,0.2934,0.0106,L2
2买,MACD_DIF大于0 + SID小于等于2,2251,0.28,0.2966,0.944,0.2817,0.2934,-0.0118,L2
2买,MACD_DIF大于0 + 大盘5日上涨,1908,0.235,0.2524,0.931,0.2788,0.2934,-0.0146,L2
2买,MACD_DIF大于0 + 相对强弱大于0,1309,0.174,0.1678,1.037,0.301,0.2934,0.0076,L2
2买,MACD_DIF大于0 + 相对强弱大于5,367,0.0499,0.0466,1.071,0.3079,0.2934,0.0145,L2
2买,MACD_DIF大于0 + 量比>=1.3,289,0.0415,0.0358,1.161,0.3253,0.2934,0.0318,L2
2买,MACD_DIF大于0 + 量比>=2,64,0.0088,0.0081,1.095,0.3125,0.2934,0.0191,L2
2买,MACD_DIF大于0 + 距前高<=10%,729,0.1016,0.0915,1.11,0.3155,0.2934,0.0221,L2
2买,MACD_DIF大于0 + 距前低<=10%,502,0.0658,0.0647,1.016,0.2968,0.2934,0.0034,L2
2买,MACD_DIF大于0 + 相对强弱>=0,286,0.0384,0.0365,1.053,0.3042,0.2934,0.0108,L2
2买,MACD金叉态 + MACD柱递增,1785,0.2323,0.2309,1.006,0.2947,0.2934,0.0013,L2
2买,MACD金叉态 + MACD零轴上金叉,302,0.0433,0.0374,1.157,0.3245,0.2934,0.0311,L2
2买,MACD金叉态 + MACD底背离,1197,0.1475,0.1583,0.932,0.279,0.2934,-0.0144,L2
2买,MACD金叉态 + BOLL收上中轨,1451,0.1917,0.1865,1.028,0.2991,0.2934,0.0057,L2
2买,MACD金叉态 + BOLL突破上轨,351,0.0504,0.0435,1.158,0.3248,0.2934,0.0314,L2
2买,MACD金叉态 + BOLL触下轨反弹,1228,0.1634,0.1574,1.038,0.3013,0.2934,0.0079,L2
2买,MACD金叉态 + BOLL开口扩张,1687,0.2191,0.2185,1.003,0.294,0.2934,0.0006,L2
2买,MACD金叉态 + KDJ金叉态,1823,0.2394,0.235,1.019,0.2973,0.2934,0.0039,L2
2买,MACD金叉态 + KDJ_J超卖,1624,0.2173,0.2076,1.047,0.303,0.2934,0.0095,L2
2买,MACD金叉态 + KDJ低位金叉,466,0.0654,0.0583,1.121,0.3176,0.2934,0.0242,L2
2买,MACD金叉态 + KDJ_D小于30,1066,0.148,0.1341,1.104,0.3143,0.2934,0.0208,L2
2买,MACD金叉态 + RSI6大于50,1733,0.2284,0.223,1.024,0.2983,0.2934,0.0049,L2
2买,MACD金叉态 + RSI金叉,1877,0.2398,0.2447,0.98,0.2893,0.2934,-0.0041,L2
2买,MACD金叉态 + RSI6超卖,1248,0.167,0.1596,1.046,0.3029,0.2934,0.0095,L2
2买,MACD金叉态 + RSI底背离,1024,0.1228,0.1368,0.897,0.2715,0.2934,-0.0219,L2
2买,MACD金叉态 + 威科夫得分大于4,615,0.0822,0.0787,1.044,0.3024,0.2934,0.009,L2
2买,MACD金叉态 + 威科夫得分大于7,322,0.0393,0.0427,0.92,0.2764,0.2934,-0.017,L2
2买,MACD金叉态 + 积累阶段,1313,0.1581,0.1752,0.903,0.2727,0.2934,-0.0208,L2
2买,MACD金叉态 + 威科夫B1突破,54,0.0084,0.0064,1.307,0.3519,0.2934,0.0584,L2
2买,MACD金叉态 + 黄金柱,327,0.0406,0.0431,0.943,0.2813,0.2934,-0.0121,L2
2买,MACD金叉态 + 量能金叉,535,0.0755,0.0668,1.131,0.3196,0.2934,0.0262,L2
2买,MACD金叉态 + 六脉红灯大于5,1772,0.2306,0.2293,1.006,0.2946,0.2934,0.0012,L2
2买,MACD金叉态 + 六脉红灯大于6,1594,0.2111,0.2047,1.031,0.2999,0.2934,0.0065,L2
2买,MACD金叉态 + 六脉6红首发,1594,0.2111,0.2047,1.031,0.2999,0.2934,0.0065,L2
2买,MACD金叉态 + 六脉5红首发,1772,0.2306,0.2293,1.006,0.2946,0.2934,0.0012,L2
2买,MACD金叉态 + 偏多共振,160,0.0155,0.0229,0.674,0.2188,0.2934,-0.0747,L2
2买,MACD金叉态 + 多头共振,159,0.0155,0.0227,0.68,0.2201,0.2934,-0.0733,L2
2买,MACD金叉态 + 火箭信号,252,0.0349,0.0317,1.1,0.3135,0.2934,0.0201,L2
2买,MACD金叉态 + 中枢进机会区,767,0.0998,0.0992,1.006,0.2947,0.2934,0.0012,L2
2买,MACD金叉态 + 中枢极限底,885,0.1064,0.1181,0.901,0.2723,0.2934,-0.0211,L2
2买,MACD金叉态 + 中枢上穿中轴,731,0.1051,0.0904,1.163,0.3256,0.2934,0.0322,L2
2买,MACD金叉态 + 中枢底部蓄力,1329,0.1625,0.1763,0.922,0.2769,0.2934,-0.0165,L2
2买,MACD金叉态 + 中枢底部回升,1564,0.1961,0.2054,0.955,0.2839,0.2934,-0.0095,L2
2买,MACD金叉态 + 大盘多头,904,0.1104,0.12,0.921,0.2765,0.2934,-0.0169,L2
2买,MACD金叉态 + 大盘空头,869,0.1228,0.1084,1.133,0.3199,0.2934,0.0265,L2
2买,MACD金叉态 + 大盘安全,1279,0.1471,0.1735,0.848,0.2604,0.2934,-0.0331,L2
2买,MACD金叉态 + SID等于1,904,0.1104,0.12,0.921,0.2765,0.2934,-0.0169,L2
2买,MACD金叉态 + SID等于2,1182,0.1471,0.1557,0.945,0.2817,0.2934,-0.0117,L2
2买,MACD金叉态 + SID小于等于2,1478,0.1714,0.1999,0.857,0.2625,0.2934,-0.0309,L2
2买,MACD金叉态 + 大盘5日上涨,1605,0.2032,0.21,0.967,0.2866,0.2934,-0.0068,L2
2买,MACD金叉态 + 相对强弱大于0,1458,0.2014,0.1838,1.096,0.3128,0.2934,0.0193,L2
2买,MACD金叉态 + 相对强弱大于5,520,0.0698,0.0664,1.051,0.3038,0.2934,0.0104,L2
2买,MACD金叉态 + 量比>=1.3,406,0.0552,0.0515,1.071,0.3079,0.2934,0.0145,L2
2买,MACD金叉态 + 量比>=2,107,0.0137,0.0139,0.982,0.2897,0.2934,-0.0037,L2
2买,MACD金叉态 + 距前高<=10%,281,0.0411,0.0345,1.191,0.331,0.2934,0.0375,L2
2买,MACD金叉态 + 深跌(距前高>40%),95,0.0075,0.0143,0.525,0.1789,0.2934,-0.1145,L2
2买,MACD金叉态 + 距前低<=10%,1423,0.1754,0.1882,0.932,0.279,0.2934,-0.0144,L2
2买,MACD金叉态 + 相对强弱>=0,369,0.0481,0.0477,1.01,0.2954,0.2934,0.002,L2
2买,MACD柱递增 + MACD零轴上金叉,292,0.042,0.0361,1.161,0.3253,0.2934,0.0319,L2
2买,MACD柱递增 + MACD底背离,3607,0.4205,0.487,0.863,0.2639,0.2934,-0.0295,L2
2买,MACD柱递增 + BOLL收上中轨,2476,0.3277,0.318,1.03,0.2997,0.2934,0.0063,L2
2买,MACD柱递增 + BOLL突破上轨,372,0.0526,0.0464,1.133,0.3199,0.2934,0.0265,L2
2买,MACD柱递增 + BOLL触下轨反弹,4110,0.5636,0.5198,1.084,0.3105,0.2934,0.017,L2
2买,MACD柱递增 + BOLL开口扩张,6123,0.8145,0.7848,1.038,0.3012,0.2934,0.0077,L2
2买,MACD柱递增 + KDJ金叉态,6267,0.8335,0.8034,1.037,0.3011,0.2934,0.0077,L2
2买,MACD柱递增 + KDJ_J超卖,6204,0.8269,0.7946,1.041,0.3017,0.2934,0.0083,L2
2买,MACD柱递增 + KDJ低位金叉,3245,0.4514,0.4077,1.107,0.3149,0.2934,0.0215,L2
2买,MACD柱递增 + KDJ_D小于30,5133,0.6815,0.6585,1.035,0.3006,0.2934,0.0072,L2
2买,MACD柱递增 + RSI6大于50,3972,0.5247,0.5106,1.028,0.2991,0.2934,0.0057,L2
2买,MACD柱递增 + RSI金叉,5415,0.7244,0.6924,1.046,0.3029,0.2934,0.0094,L2
2买,MACD柱递增 + RSI6超卖,5305,0.727,0.6711,1.083,0.3103,0.2934,0.0169,L2
2买,MACD柱递增 + RSI底背离,2857,0.341,0.3824,0.892,0.2702,0.2934,-0.0232,L2
2买,MACD柱递增 + 威科夫得分大于4,1275,0.167,0.1645,1.015,0.2965,0.2934,0.0031,L2
2买,MACD柱递增 + 威科夫得分大于7,467,0.0601,0.0607,0.989,0.2912,0.2934,-0.0022,L2
2买,MACD柱递增 + 积累阶段,3336,0.4165,0.4389,0.949,0.2827,0.2934,-0.0107,L2
2买,MACD柱递增 + 威科夫B3弹簧,76,0.0075,0.0108,0.694,0.2237,0.2934,-0.0697,L2
2买,MACD柱递增 + 威科夫B1突破,51,0.0084,0.0059,1.43,0.3725,0.2934,0.0791,L2
2买,MACD柱递增 + 黄金柱,465,0.057,0.0616,0.925,0.2774,0.2934,-0.016,L2
2买,MACD柱递增 + 量能金叉,1049,0.1564,0.1275,1.227,0.3375,0.2934,0.044,L2
2买,MACD柱递增 + 六脉红灯大于5,4997,0.6564,0.644,1.019,0.2974,0.2934,0.004,L2
2买,MACD柱递增 + 六脉红灯大于6,3323,0.4448,0.4248,1.047,0.303,0.2934,0.0096,L2
2买,MACD柱递增 + 六脉6红首发,3323,0.4448,0.4248,1.047,0.303,0.2934,0.0096,L2
2买,MACD柱递增 + 六脉5红首发,4997,0.6564,0.644,1.019,0.2974,0.2934,0.004,L2
2买,MACD柱递增 + 偏多共振,906,0.0919,0.128,0.718,0.2296,0.2934,-0.0638,L2
2买,MACD柱递增 + 多头共振,902,0.0919,0.1273,0.722,0.2306,0.2934,-0.0628,L2
2买,MACD柱递增 + 火箭信号,398,0.0627,0.047,1.336,0.3568,0.2934,0.0634,L2
2买,MACD柱递增 + 极限抄底,293,0.0455,0.0348,1.305,0.3515,0.2934,0.0581,L2
2买,MACD柱递增 + 中枢进机会区,2560,0.3489,0.3247,1.075,0.3086,0.2934,0.0152,L2
2买,MACD柱递增 + 中枢极限底,2996,0.4015,0.3828,1.049,0.3034,0.2934,0.01,L2
2买,MACD柱递增 + 中枢上穿中轴,1507,0.2257,0.1827,1.235,0.3391,0.2934,0.0457,L2
2买,MACD柱递增 + 中枢底部蓄力,4369,0.5499,0.573,0.96,0.285,0.2934,-0.0085,L2
2买,MACD柱递增 + 中枢底部回升,5137,0.6745,0.6621,1.019,0.2973,0.2934,0.0038,L2
2买,MACD柱递增 + 大盘多头,3024,0.3582,0.4059,0.883,0.2682,0.2934,-0.0252,L2
2买,MACD柱递增 + 大盘空头,2411,0.326,0.3069,1.062,0.3061,0.2934,0.0127,L2
2买,MACD柱递增 + 大盘安全,3791,0.4351,0.5147,0.845,0.2598,0.2934,-0.0336,L2
2买,MACD柱递增 + SID等于1,3024,0.3582,0.4059,0.883,0.2682,0.2934,-0.0252,L2
2买,MACD柱递增 + SID等于2,4531,0.5928,0.5849,1.013,0.2962,0.2934,0.0028,L2
2买,MACD柱递增 + SID小于等于2,5353,0.663,0.7065,0.938,0.2804,0.2934,-0.013,L2
2买,MACD柱递增 + 大盘5日上涨,5084,0.6237,0.6735,0.926,0.2777,0.2934,-0.0157,L2
2买,MACD柱递增 + 相对强弱大于0,2851,0.3896,0.3612,1.079,0.3094,0.2934,0.0159,L2
2买,MACD柱递增 + 相对强弱大于5,659,0.0888,0.084,1.057,0.305,0.2934,0.0116,L2
2买,MACD柱递增 + 量比>=1.3,998,0.1692,0.1128,1.5,0.3838,0.2934,0.0904,L2
2买,MACD柱递增 + 量比>=2,189,0.0283,0.0229,1.233,0.3386,0.2934,0.0452,L2
2买,MACD柱递增 + 距前高<=10%,921,0.1321,0.1141,1.158,0.3246,0.2934,0.0312,L2
2买,MACD柱递增 + 深跌(距前高>40%),267,0.0296,0.0367,0.807,0.2509,0.2934,-0.0425,L2
2买,MACD柱递增 + 距前低<=10%,3753,0.4757,0.4908,0.969,0.287,0.2934,-0.0064,L2
2买,MACD柱递增 + 相对强弱>=0,578,0.0782,0.0736,1.063,0.3062,0.2934,0.0128,L2
2买,MACD零轴上金叉 + MACD底背离,84,0.0088,0.0117,0.753,0.2381,0.2934,-0.0553,L2
2买,MACD零轴上金叉 + BOLL收上中轨,302,0.0433,0.0374,1.157,0.3245,0.2934,0.0311,L2
2买,MACD零轴上金叉 + BOLL突破上轨,196,0.0278,0.0244,1.141,0.3214,0.2934,0.028,L2
2买,MACD零轴上金叉 + BOLL触下轨反弹,192,0.0292,0.0231,1.261,0.3438,0.2934,0.0503,L2
2买,MACD零轴上金叉 + BOLL开口扩张,293,0.042,0.0363,1.155,0.3242,0.2934,0.0308,L2
2买,MACD零轴上金叉 + KDJ金叉态,299,0.0433,0.0369,1.174,0.3278,0.2934,0.0343,L2
2买,MACD零轴上金叉 + KDJ_J超卖,236,0.0362,0.0282,1.282,0.3475,0.2934,0.054,L2
2买,MACD零轴上金叉 + KDJ_D小于30,91,0.0133,0.0112,1.184,0.3297,0.2934,0.0363,L2
2买,MACD零轴上金叉 + RSI6大于50,302,0.0433,0.0374,1.157,0.3245,0.2934,0.0311,L2
2买,MACD零轴上金叉 + RSI金叉,297,0.042,0.0371,1.133,0.3199,0.2934,0.0264,L2
2买,MACD零轴上金叉 + RSI6超卖,124,0.0199,0.0145,1.372,0.3629,0.2934,0.0695,L2
2买,MACD零轴上金叉 + RSI底背离,60,0.0066,0.0083,0.803,0.25,0.2934,-0.0434,L2
2买,MACD零轴上金叉 + 威科夫得分大于4,252,0.0375,0.0306,1.226,0.3373,0.2934,0.0439,L2
2买,MACD零轴上金叉 + 威科夫得分大于7,167,0.0243,0.0205,1.183,0.3293,0.2934,0.0359,L2
2买,MACD零轴上金叉 + 积累阶段,93,0.0159,0.0105,1.521,0.3871,0.2934,0.0937,L2
2买,MACD零轴上金叉 + 黄金柱,90,0.0115,0.0117,0.978,0.2889,0.2934,-0.0045,L2
2买,MACD零轴上金叉 + 量能金叉,161,0.0247,0.0193,1.284,0.3478,0.2934,0.0544,L2
2买,MACD零轴上金叉 + 六脉红灯大于5,299,0.0433,0.0369,1.174,0.3278,0.2934,0.0343,L2
2买,MACD零轴上金叉 + 六脉红灯大于6,293,0.042,0.0363,1.155,0.3242,0.2934,0.0308,L2
2买,MACD零轴上金叉 + 六脉6红首发,293,0.042,0.0363,1.155,0.3242,0.2934,0.0308,L2
2买,MACD零轴上金叉 + 六脉5红首发,299,0.0433,0.0369,1.174,0.3278,0.2934,0.0343,L2
2买,MACD零轴上金叉 + 偏多共振,100,0.0115,0.0136,0.846,0.26,0.2934,-0.0334,L2
2买,MACD零轴上金叉 + 多头共振,99,0.0115,0.0134,0.858,0.2626,0.2934,-0.0308,L2
2买,MACD零轴上金叉 + 火箭信号,93,0.0119,0.0121,0.985,0.2903,0.2934,-0.0031,L2
2买,MACD零轴上金叉 + 中枢进机会区,73,0.0102,0.0092,1.108,0.3151,0.2934,0.0217,L2
2买,MACD零轴上金叉 + 中枢上穿中轴,226,0.0327,0.0279,1.172,0.3274,0.2934,0.034,L2
2买,MACD零轴上金叉 + 中枢底部回升,95,0.0119,0.0125,0.956,0.2842,0.2934,-0.0092,L2
2买,MACD零轴上金叉 + 大盘多头,187,0.0278,0.0227,1.223,0.3369,0.2934,0.0435,L2
2买,MACD零轴上金叉 + 大盘空头,77,0.0093,0.0103,0.903,0.2727,0.2934,-0.0207,L2
2买,MACD零轴上金叉 + 大盘安全,222,0.0322,0.0273,1.18,0.3288,0.2934,0.0354,L2
2买,MACD零轴上金叉 + SID等于1,187,0.0278,0.0227,1.223,0.3369,0.2934,0.0435,L2
2买,MACD零轴上金叉 + SID等于2,189,0.0305,0.022,1.385,0.3651,0.2934,0.0717,L2
2买,MACD零轴上金叉 + SID小于等于2,257,0.0375,0.0315,1.19,0.3307,0.2934,0.0373,L2
2买,MACD零轴上金叉 + 大盘5日上涨,235,0.034,0.029,1.174,0.3277,0.2934,0.0342,L2
2买,MACD零轴上金叉 + 相对强弱大于0,281,0.0398,0.035,1.135,0.3203,0.2934,0.0269,L2
2买,MACD零轴上金叉 + 相对强弱大于5,163,0.0225,0.0205,1.097,0.3129,0.2934,0.0195,L2
2买,MACD零轴上金叉 + 量比>=1.3,78,0.011,0.0097,1.136,0.3205,0.2934,0.0271,L2
2买,MACD零轴上金叉 + 距前高<=10%,143,0.0234,0.0165,1.418,0.3706,0.2934,0.0772,L2
2买,MACD零轴上金叉 + 距前低<=10%,75,0.0102,0.0095,1.065,0.3067,0.2934,0.0133,L2
2买,MACD零轴上金叉 + 相对强弱>=0,76,0.0102,0.0097,1.045,0.3026,0.2934,0.0092,L2
2买,MACD底背离 + BOLL收上中轨,1138,0.1325,0.1537,0.862,0.2636,0.2934,-0.0298,L2
2买,MACD底背离 + BOLL突破上轨,145,0.0186,0.0189,0.982,0.2897,0.2934,-0.0038,L2
2买,MACD底背离 + BOLL触下轨反弹,2257,0.2686,0.3025,0.888,0.2694,0.2934,-0.024,L2
2买,MACD底背离 + BOLL开口扩张,3410,0.4037,0.4578,0.882,0.268,0.2934,-0.0254,L2
2买,MACD底背离 + KDJ金叉态,3449,0.4125,0.4613,0.894,0.2708,0.2934,-0.0226,L2
2买,MACD底背离 + KDJ_J超卖,3600,0.4227,0.4848,0.872,0.2658,0.2934,-0.0276,L2
2买,MACD底背离 + KDJ低位金叉,1928,0.246,0.2515,0.978,0.2889,0.2934,-0.0045,L2
2买,MACD底背离 + KDJ_D小于30,3057,0.3706,0.4068,0.911,0.2745,0.2934,-0.019,L2
2买,MACD底背离 + RSI6大于50,1996,0.2412,0.266,0.907,0.2735,0.2934,-0.0199,L2
2买,MACD底背离 + RSI金叉,3140,0.3768,0.4195,0.898,0.2717,0.2934,-0.0218,L2
2买,MACD底背离 + RSI6超卖,3376,0.4019,0.4523,0.889,0.2695,0.2934,-0.0239,L2
2买,MACD底背离 + RSI底背离,2739,0.3163,0.3711,0.852,0.2614,0.2934,-0.032,L2
2买,MACD底背离 + 威科夫得分大于4,555,0.0565,0.0783,0.722,0.2306,0.2934,-0.0628,L2
2买,MACD底背离 + 威科夫得分大于7,195,0.0172,0.0286,0.602,0.2,0.2934,-0.0934,L2
2买,MACD底背离 + 积累阶段,2281,0.2535,0.3131,0.81,0.2516,0.2934,-0.0418,L2
2买,MACD底背离 + 威科夫B3弹簧,53,0.0044,0.0079,0.56,0.1887,0.2934,-0.1047,L2
2买,MACD底背离 + 黄金柱,263,0.0318,0.035,0.908,0.2738,0.2934,-0.0197,L2
2买,MACD底背离 + 量能金叉,493,0.0693,0.0616,1.125,0.3185,0.2934,0.025,L2
2买,MACD底背离 + 六脉红灯大于5,2873,0.3467,0.383,0.905,0.2732,0.2934,-0.0202,L2
2买,MACD底背离 + 六脉红灯大于6,1771,0.2204,0.2333,0.945,0.2818,0.2934,-0.0117,L2
2买,MACD底背离 + 六脉6红首发,1771,0.2204,0.2333,0.945,0.2818,0.2934,-0.0117,L2
2买,MACD底背离 + 六脉5红首发,2873,0.3467,0.383,0.905,0.2732,0.2934,-0.0202,L2
2买,MACD底背离 + 偏多共振,168,0.0137,0.0251,0.545,0.1845,0.2934,-0.1089,L2
2买,MACD底背离 + 多头共振,167,0.0137,0.0249,0.549,0.1856,0.2934,-0.1078,L2
2买,MACD底背离 + 火箭信号,196,0.0256,0.0253,1.012,0.2959,0.2934,0.0025,L2
2买,MACD底背离 + 极限抄底,193,0.0261,0.0246,1.06,0.3057,0.2934,0.0123,L2
2买,MACD底背离 + 中枢进机会区,1651,0.197,0.221,0.891,0.2701,0.2934,-0.0233,L2
2买,MACD底背离 + 中枢极限底,2285,0.2765,0.3043,0.909,0.274,0.2934,-0.0195,L2
2买,MACD底背离 + 中枢上穿中轴,484,0.064,0.0622,1.03,0.2996,0.2934,0.0062,L2
2买,MACD底背离 + 中枢底部蓄力,3254,0.3772,0.4402,0.857,0.2624,0.2934,-0.031,L2
2买,MACD底背离 + 中枢底部回升,3520,0.4174,0.4723,0.884,0.2685,0.2934,-0.025,L2
2买,MACD底背离 + 大盘多头,1469,0.1458,0.2089,0.698,0.2246,0.2934,-0.0688,L2
2买,MACD底背离 + 大盘空头,1638,0.2054,0.2152,0.955,0.2839,0.2934,-0.0095,L2
2买,MACD底背离 + 大盘安全,1989,0.1899,0.286,0.664,0.2162,0.2934,-0.0772,L2
2买,MACD底背离 + SID等于1,1469,0.1458,0.2089,0.698,0.2246,0.2934,-0.0688,L2
2买,MACD底背离 + SID等于2,2352,0.2628,0.3223,0.816,0.253,0.2934,-0.0404,L2
2买,MACD底背离 + SID小于等于2,2842,0.3012,0.3962,0.76,0.24,0.2934,-0.0534,L2
2买,MACD底背离 + 大盘5日上涨,2921,0.3171,0.4041,0.785,0.2458,0.2934,-0.0476,L2
2买,MACD底背离 + 相对强弱大于0,1601,0.2089,0.2069,1.01,0.2954,0.2934,0.002,L2
2买,MACD底背离 + 相对强弱大于5,355,0.0455,0.0462,0.984,0.2901,0.2934,-0.0033,L2
2买,MACD底背离 + 量比>=1.3,568,0.0795,0.0712,1.117,0.3169,0.2934,0.0235,L2
2买,MACD底背离 + 量比>=2,115,0.0155,0.0147,1.054,0.3043,0.2934,0.0109,L2
2买,MACD底背离 + 距前高<=10%,266,0.0318,0.0356,0.894,0.2707,0.2934,-0.0227,L2
2买,MACD底背离 + 深跌(距前高>40%),199,0.0203,0.0281,0.724,0.2312,0.2934,-0.0623,L2
2买,MACD底背离 + 距前低<=10%,2647,0.3158,0.3544,0.891,0.2701,0.2934,-0.0233,L2
2买,MACD底背离 + 相对强弱>=0,278,0.0349,0.0365,0.956,0.2842,0.2934,-0.0092,L2
2买,BOLL收上中轨 + BOLL突破上轨,392,0.0552,0.049,1.127,0.3189,0.2934,0.0255,L2
2买,BOLL收上中轨 + BOLL触下轨反弹,1714,0.2332,0.2175,1.072,0.3081,0.2934,0.0146,L2
2买,BOLL收上中轨 + BOLL开口扩张,2377,0.3163,0.3047,1.038,0.3012,0.2934,0.0078,L2
2买,BOLL收上中轨 + KDJ金叉态,2571,0.3428,0.3292,1.041,0.3018,0.2934,0.0084,L2
2买,BOLL收上中轨 + KDJ_J超卖,2287,0.3149,0.2887,1.091,0.3118,0.2934,0.0183,L2
2买,BOLL收上中轨 + KDJ低位金叉,455,0.0645,0.0567,1.138,0.3209,0.2934,0.0275,L2
2买,BOLL收上中轨 + KDJ_D小于30,1325,0.1882,0.1649,1.141,0.3215,0.2934,0.0281,L2
2买,BOLL收上中轨 + RSI6大于50,2675,0.3547,0.3434,1.033,0.3002,0.2934,0.0068,L2
2买,BOLL收上中轨 + RSI金叉,2566,0.3419,0.3287,1.04,0.3016,0.2934,0.0082,L2
2买,BOLL收上中轨 + RSI6超卖,1610,0.2275,0.2008,1.133,0.3199,0.2934,0.0265,L2
2买,BOLL收上中轨 + RSI底背离,912,0.1087,0.1222,0.889,0.2697,0.2934,-0.0237,L2
2买,BOLL收上中轨 + 威科夫得分大于4,1140,0.1489,0.1473,1.011,0.2956,0.2934,0.0022,L2
2买,BOLL收上中轨 + 威科夫得分大于7,507,0.0636,0.0666,0.955,0.284,0.2934,-0.0094,L2
2买,BOLL收上中轨 + 积累阶段,1284,0.1749,0.1629,1.074,0.3084,0.2934,0.015,L2
2买,BOLL收上中轨 + 威科夫B1突破,54,0.0084,0.0064,1.307,0.3519,0.2934,0.0584,L2
2买,BOLL收上中轨 + 黄金柱,404,0.0508,0.053,0.958,0.2847,0.2934,-0.0088,L2
2买,BOLL收上中轨 + 量能金叉,768,0.1056,0.097,1.088,0.3112,0.2934,0.0178,L2
2买,BOLL收上中轨 + 六脉红灯大于5,2474,0.333,0.3155,1.056,0.3048,0.2934,0.0114,L2
2买,BOLL收上中轨 + 六脉红灯大于6,2294,0.3065,0.2935,1.045,0.3025,0.2934,0.0091,L2
2买,BOLL收上中轨 + 六脉6红首发,2294,0.3065,0.2935,1.045,0.3025,0.2934,0.0091,L2
2买,BOLL收上中轨 + 六脉5红首发,2474,0.333,0.3155,1.056,0.3048,0.2934,0.0114,L2
2买,BOLL收上中轨 + 偏多共振,584,0.0627,0.0811,0.774,0.2432,0.2934,-0.0503,L2
2买,BOLL收上中轨 + 多头共振,583,0.0627,0.0809,0.775,0.2436,0.2934,-0.0498,L2
2买,BOLL收上中轨 + 火箭信号,351,0.0526,0.0426,1.235,0.339,0.2934,0.0456,L2
2买,BOLL收上中轨 + 中枢进机会区,885,0.1148,0.1146,1.002,0.2938,0.2934,0.0004,L2
2买,BOLL收上中轨 + 中枢极限底,799,0.0994,0.1053,0.944,0.2816,0.2934,-0.0118,L2
2买,BOLL收上中轨 + 中枢上穿中轴,1382,0.1996,0.1706,1.17,0.3271,0.2934,0.0336,L2
2买,BOLL收上中轨 + 中枢底部蓄力,1154,0.1444,0.1517,0.952,0.2834,0.2934,-0.0101,L2
2买,BOLL收上中轨 + 中枢底部回升,1549,0.2019,0.2003,1.008,0.295,0.2934,0.0016,L2
2买,BOLL收上中轨 + 大盘多头,1513,0.1877,0.1996,0.941,0.2809,0.2934,-0.0125,L2
2买,BOLL收上中轨 + 大盘空头,868,0.1228,0.1082,1.135,0.3203,0.2934,0.0269,L2
2买,BOLL收上中轨 + 大盘安全,1870,0.2261,0.2491,0.908,0.2738,0.2934,-0.0196,L2
2买,BOLL收上中轨 + SID等于1,1513,0.1877,0.1996,0.941,0.2809,0.2934,-0.0125,L2
2买,BOLL收上中轨 + SID等于2,1763,0.2372,0.2249,1.055,0.3046,0.2934,0.0112,L2
2买,BOLL收上中轨 + SID小于等于2,2204,0.2739,0.2905,0.943,0.2813,0.2934,-0.0121,L2
2买,BOLL收上中轨 + 大盘5日上涨,2169,0.2787,0.2821,0.988,0.2909,0.2934,-0.0025,L2
2买,BOLL收上中轨 + 相对强弱大于0,2002,0.2655,0.257,1.033,0.3002,0.2934,0.0068,L2
2买,BOLL收上中轨 + 相对强弱大于5,650,0.0892,0.0822,1.086,0.3108,0.2934,0.0174,L2
2买,BOLL收上中轨 + 量比>=1.3,469,0.064,0.0594,1.078,0.3092,0.2934,0.0158,L2
2买,BOLL收上中轨 + 量比>=2,125,0.0163,0.0161,1.013,0.296,0.2934,0.0026,L2
2买,BOLL收上中轨 + 距前高<=10%,673,0.0989,0.0824,1.201,0.3328,0.2934,0.0394,L2
2买,BOLL收上中轨 + 距前低<=10%,1230,0.1617,0.1585,1.02,0.2976,0.2934,0.0041,L2
2买,BOLL收上中轨 + 相对强弱>=0,456,0.0605,0.0585,1.034,0.3004,0.2934,0.007,L2
2买,BOLL突破上轨 + BOLL触下轨反弹,267,0.0384,0.033,1.164,0.3258,0.2934,0.0324,L2
2买,BOLL突破上轨 + BOLL开口扩张,385,0.0552,0.0477,1.158,0.3247,0.2934,0.0313,L2
2买,BOLL突破上轨 + KDJ金叉态,389,0.0552,0.0484,1.14,0.3213,0.2934,0.0279,L2
2买,BOLL突破上轨 + KDJ_J超卖,293,0.0433,0.0358,1.21,0.3345,0.2934,0.0411,L2
2买,BOLL突破上轨 + KDJ_D小于30,126,0.0199,0.0149,1.338,0.3571,0.2934,0.0637,L2
2买,BOLL突破上轨 + RSI6大于50,392,0.0552,0.049,1.127,0.3189,0.2934,0.0255,L2
2买,BOLL突破上轨 + RSI金叉,386,0.0543,0.0482,1.126,0.3187,0.2934,0.0252,L2
2买,BOLL突破上轨 + RSI6超卖,175,0.0269,0.0209,1.289,0.3486,0.2934,0.0552,L2
2买,BOLL突破上轨 + RSI底背离,120,0.0155,0.0156,0.992,0.2917,0.2934,-0.0017,L2
2买,BOLL突破上轨 + 威科夫得分大于4,302,0.0437,0.0372,1.174,0.3278,0.2934,0.0344,L2
2买,BOLL突破上轨 + 威科夫得分大于7,207,0.0269,0.0268,1.006,0.2947,0.2934,0.0013,L2
2买,BOLL突破上轨 + 积累阶段,162,0.0265,0.0187,1.417,0.3704,0.2934,0.077,L2
2买,BOLL突破上轨 + 黄金柱,115,0.0137,0.0154,0.889,0.2696,0.2934,-0.0239,L2
2买,BOLL突破上轨 + 量能金叉,229,0.0371,0.0266,1.395,0.3668,0.2934,0.0734,L2
2买,BOLL突破上轨 + 六脉红灯大于5,391,0.0552,0.0488,1.132,0.3197,0.2934,0.0263,L2
2买,BOLL突破上轨 + 六脉红灯大于6,387,0.0548,0.0482,1.135,0.3204,0.2934,0.027,L2
2买,BOLL突破上轨 + 六脉6红首发,387,0.0548,0.0482,1.135,0.3204,0.2934,0.027,L2
2买,BOLL突破上轨 + 六脉5红首发,391,0.0552,0.0488,1.132,0.3197,0.2934,0.0263,L2
2买,BOLL突破上轨 + 偏多共振,100,0.0102,0.0141,0.719,0.23,0.2934,-0.0634,L2
2买,BOLL突破上轨 + 多头共振,100,0.0102,0.0141,0.719,0.23,0.2934,-0.0634,L2
2买,BOLL突破上轨 + 火箭信号,137,0.0203,0.0167,1.217,0.3358,0.2934,0.0424,L2
2买,BOLL突破上轨 + 中枢进机会区,114,0.0137,0.0152,0.899,0.2719,0.2934,-0.0215,L2
2买,BOLL突破上轨 + 中枢极限底,82,0.0128,0.0097,1.318,0.3537,0.2934,0.0602,L2
2买,BOLL突破上轨 + 中枢上穿中轴,299,0.0433,0.0369,1.174,0.3278,0.2934,0.0343,L2
2买,BOLL突破上轨 + 中枢底部蓄力,120,0.0172,0.0149,1.159,0.325,0.2934,0.0316,L2
2买,BOLL突破上轨 + 中枢底部回升,176,0.0239,0.0224,1.066,0.3068,0.2934,0.0134,L2
2买,BOLL突破上轨 + 大盘多头,237,0.0318,0.0303,1.051,0.3038,0.2934,0.0104,L2
2买,BOLL突破上轨 + 大盘空头,107,0.0163,0.0128,1.273,0.3458,0.2934,0.0524,L2
2买,BOLL突破上轨 + 大盘安全,290,0.0384,0.0372,1.032,0.3,0.2934,0.0066,L2
2买,BOLL突破上轨 + SID等于1,237,0.0318,0.0303,1.051,0.3038,0.2934,0.0104,L2
2买,BOLL突破上轨 + SID等于2,237,0.0371,0.0281,1.322,0.3544,0.2934,0.061,L2
2买,BOLL突破上轨 + SID小于等于2,334,0.0455,0.0424,1.074,0.3084,0.2934,0.015,L2
2买,BOLL突破上轨 + 大盘5日上涨,301,0.0424,0.0376,1.128,0.3189,0.2934,0.0255,L2
2买,BOLL突破上轨 + 相对强弱大于0,377,0.0543,0.0466,1.166,0.3263,0.2934,0.0328,L2
2买,BOLL突破上轨 + 相对强弱大于5,236,0.0362,0.0282,1.282,0.3475,0.2934,0.054,L2
2买,BOLL突破上轨 + 量比>=1.3,105,0.0155,0.0128,1.204,0.3333,0.2934,0.0399,L2
2买,BOLL突破上轨 + 距前高<=10%,132,0.0194,0.0161,1.204,0.3333,0.2934,0.0399,L2
2买,BOLL突破上轨 + 距前低<=10%,153,0.0216,0.0191,1.135,0.3203,0.2934,0.0268,L2
2买,BOLL突破上轨 + 相对强弱>=0,82,0.0106,0.0106,0.996,0.2927,0.2934,-0.0007,L2
2买,BOLL触下轨反弹 + BOLL开口扩张,4447,0.6091,0.5627,1.082,0.3101,0.2934,0.0167,L2
2买,BOLL触下轨反弹 + KDJ金叉态,3947,0.5512,0.495,1.114,0.3162,0.2934,0.0228,L2
2买,BOLL触下轨反弹 + KDJ_J超卖,4293,0.591,0.542,1.09,0.3117,0.2934,0.0183,L2
2买,BOLL触下轨反弹 + KDJ低位金叉,1884,0.2761,0.2309,1.195,0.3317,0.2934,0.0383,L2
2买,BOLL触下轨反弹 + KDJ_D小于30,3217,0.4417,0.4066,1.086,0.3108,0.2934,0.0174,L2
2买,BOLL触下轨反弹 + RSI6大于50,2536,0.3454,0.3217,1.074,0.3084,0.2934,0.0149,L2
2买,BOLL触下轨反弹 + RSI金叉,3422,0.4775,0.4294,1.112,0.3159,0.2934,0.0225,L2
2买,BOLL触下轨反弹 + RSI6超卖,3775,0.534,0.4707,1.135,0.3203,0.2934,0.0268,L2
2买,BOLL触下轨反弹 + RSI底背离,1811,0.2151,0.2428,0.886,0.2689,0.2934,-0.0245,L2
2买,BOLL触下轨反弹 + 威科夫得分大于4,1070,0.1422,0.1372,1.037,0.3009,0.2934,0.0075,L2
2买,BOLL触下轨反弹 + 威科夫得分大于7,406,0.0521,0.0528,0.987,0.2906,0.2934,-0.0028,L2
2买,BOLL触下轨反弹 + 积累阶段,2441,0.3145,0.3171,0.992,0.2917,0.2934,-0.0017,L2
2买,BOLL触下轨反弹 + 威科夫B3弹簧,55,0.0066,0.0073,0.903,0.2727,0.2934,-0.0207,L2
2买,BOLL触下轨反弹 + 黄金柱,267,0.0327,0.0354,0.923,0.2772,0.2934,-0.0163,L2
2买,BOLL触下轨反弹 + 量能金叉,806,0.1263,0.0954,1.324,0.3548,0.2934,0.0614,L2
2买,BOLL触下轨反弹 + 六脉红灯大于5,2994,0.4139,0.3773,1.097,0.313,0.2934,0.0195,L2
2买,BOLL触下轨反弹 + 六脉红灯大于6,2147,0.2924,0.2724,1.074,0.3083,0.2934,0.0149,L2
2买,BOLL触下轨反弹 + 六脉6红首发,2147,0.2924,0.2724,1.074,0.3083,0.2934,0.0149,L2
2买,BOLL触下轨反弹 + 六脉5红首发,2994,0.4139,0.3773,1.097,0.313,0.2934,0.0195,L2
2买,BOLL触下轨反弹 + 偏多共振,650,0.0698,0.0902,0.773,0.2431,0.2934,-0.0503,L2
2买,BOLL触下轨反弹 + 多头共振,647,0.0698,0.0897,0.778,0.2442,0.2934,-0.0492,L2
2买,BOLL触下轨反弹 + 火箭信号,233,0.0402,0.026,1.543,0.3906,0.2934,0.0971,L2
2买,BOLL触下轨反弹 + 极限抄底,180,0.0318,0.0198,1.605,0.4,0.2934,0.1066,L2
2买,BOLL触下轨反弹 + 中枢进机会区,1970,0.2668,0.2506,1.065,0.3066,0.2934,0.0132,L2
2买,BOLL触下轨反弹 + 中枢极限底,1876,0.2663,0.2335,1.141,0.3214,0.2934,0.028,L2
2买,BOLL触下轨反弹 + 中枢上穿中轴,1153,0.1731,0.1396,1.24,0.34,0.2934,0.0466,L2
2买,BOLL触下轨反弹 + 中枢底部蓄力,2738,0.3525,0.3558,0.991,0.2915,0.2934,-0.002,L2
2买,BOLL触下轨反弹 + 中枢底部回升,3416,0.4629,0.4343,1.066,0.3068,0.2934,0.0134,L2
2买,BOLL触下轨反弹 + 大盘多头,2170,0.2663,0.2874,0.927,0.2779,0.2934,-0.0155,L2
2买,BOLL触下轨反弹 + 大盘空头,1474,0.2036,0.1858,1.096,0.3128,0.2934,0.0193,L2
2买,BOLL触下轨反弹 + 大盘安全,2680,0.3189,0.3591,0.888,0.2694,0.2934,-0.024,L2
2买,BOLL触下轨反弹 + SID等于1,2170,0.2663,0.2874,0.927,0.2779,0.2934,-0.0155,L2
2买,BOLL触下轨反弹 + SID等于2,3263,0.4483,0.4123,1.087,0.3111,0.2934,0.0176,L2
2买,BOLL触下轨反弹 + SID小于等于2,3819,0.4943,0.4952,0.998,0.293,0.2934,-0.0004,L2
2买,BOLL触下轨反弹 + 大盘5日上涨,3328,0.4249,0.434,0.979,0.2891,0.2934,-0.0044,L2
2买,BOLL触下轨反弹 + 相对强弱大于0,1936,0.2712,0.2425,1.118,0.3171,0.2934,0.0237,L2
2买,BOLL触下轨反弹 + 相对强弱大于5,402,0.0592,0.0492,1.204,0.3333,0.2934,0.0399,L2
2买,BOLL触下轨反弹 + 量比>=1.3,819,0.1409,0.0917,1.536,0.3895,0.2934,0.0961,L2
2买,BOLL触下轨反弹 + 量比>=2,164,0.0261,0.0193,1.353,0.3598,0.2934,0.0663,L2
2买,BOLL触下轨反弹 + 距前高<=10%,795,0.1135,0.0987,1.15,0.3233,0.2934,0.0299,L2
2买,BOLL触下轨反弹 + 深跌(距前高>40%),128,0.0199,0.0152,1.306,0.3516,0.2934,0.0581,L2
2买,BOLL触下轨反弹 + 距前低<=10%,2596,0.3313,0.3386,0.978,0.2889,0.2934,-0.0045,L2
2买,BOLL触下轨反弹 + 相对强弱>=0,401,0.0548,0.0508,1.078,0.3092,0.2934,0.0158,L2
2买,BOLL开口扩张 + KDJ金叉态,5827,0.7911,0.7403,1.069,0.3074,0.2934,0.0139,L2
2买,BOLL开口扩张 + KDJ_J超卖,6319,0.8463,0.8076,1.048,0.3032,0.2934,0.0098,L2
2买,BOLL开口扩张 + KDJ低位金叉,3075,0.4315,0.3848,1.121,0.3177,0.2934,0.0243,L2
2买,BOLL开口扩张 + KDJ_D小于30,4977,0.6643,0.637,1.043,0.3022,0.2934,0.0088,L2
2买,BOLL开口扩张 + RSI6大于50,3676,0.4907,0.4705,1.043,0.3022,0.2934,0.0088,L2
2买,BOLL开口扩张 + RSI金叉,5018,0.6829,0.6368,1.072,0.3081,0.2934,0.0147,L2
2买,BOLL开口扩张 + RSI6超卖,5345,0.7359,0.6748,1.09,0.3117,0.2934,0.0183,L2
2买,BOLL开口扩张 + RSI底背离,2695,0.3224,0.3604,0.895,0.2709,0.2934,-0.0225,L2
2买,BOLL开口扩张 + 威科夫得分大于4,1437,0.1815,0.1882,0.965,0.286,0.2934,-0.0074,L2
2买,BOLL开口扩张 + 威科夫得分大于7,542,0.0663,0.0719,0.921,0.2768,0.2934,-0.0167,L2
2买,BOLL开口扩张 + 积累阶段,3230,0.4121,0.4213,0.978,0.2889,0.2934,-0.0046,L2
2买,BOLL开口扩张 + 威科夫B3弹簧,76,0.0093,0.0101,0.919,0.2763,0.2934,-0.0171,L2
2买,BOLL开口扩张 + 威科夫B1突破,54,0.0084,0.0064,1.307,0.3519,0.2934,0.0584,L2
2买,BOLL开口扩张 + 黄金柱,414,0.0521,0.0543,0.96,0.285,0.2934,-0.0084,L2
2买,BOLL开口扩张 + 量能金叉,1089,0.1648,0.1313,1.255,0.3425,0.2934,0.0491,L2
2买,BOLL开口扩张 + 六脉红灯大于5,4479,0.6003,0.5723,1.049,0.3034,0.2934,0.01,L2
2买,BOLL开口扩张 + 六脉红灯大于6,3021,0.4072,0.385,1.058,0.3052,0.2934,0.0118,L2
2买,BOLL开口扩张 + 六脉6红首发,3021,0.4072,0.385,1.058,0.3052,0.2934,0.0118,L2
2买,BOLL开口扩张 + 六脉5红首发,4479,0.6003,0.5723,1.049,0.3034,0.2934,0.01,L2
2买,BOLL开口扩张 + 偏多共振,1015,0.1064,0.142,0.75,0.2374,0.2934,-0.056,L2
2买,BOLL开口扩张 + 多头共振,1011,0.1064,0.1412,0.754,0.2384,0.2934,-0.055,L2
2买,BOLL开口扩张 + 火箭信号,389,0.0627,0.0453,1.384,0.365,0.2934,0.0716,L2
2买,BOLL开口扩张 + 极限抄底,281,0.0473,0.0319,1.481,0.3808,0.2934,0.0874,L2
2买,BOLL开口扩张 + 中枢进机会区,2712,0.3754,0.3415,1.099,0.3134,0.2934,0.02,L2
2买,BOLL开口扩张 + 中枢极限底,2863,0.3949,0.3612,1.093,0.3123,0.2934,0.0188,L2
2买,BOLL开口扩张 + 中枢上穿中轴,1541,0.2266,0.1886,1.202,0.3329,0.2934,0.0395,L2
2买,BOLL开口扩张 + 中枢底部蓄力,4114,0.5216,0.538,0.97,0.2871,0.2934,-0.0063,L2
2买,BOLL开口扩张 + 中枢底部回升,4941,0.6581,0.633,1.04,0.3016,0.2934,0.0081,L2
2买,BOLL开口扩张 + 大盘多头,3111,0.3732,0.4156,0.898,0.2716,0.2934,-0.0218,L2
2买,BOLL开口扩张 + 大盘空头,2237,0.3021,0.2848,1.061,0.3058,0.2934,0.0124,L2
2买,BOLL开口扩张 + 大盘安全,3848,0.447,0.5202,0.859,0.263,0.2934,-0.0304,L2
2买,BOLL开口扩张 + SID等于1,3111,0.3732,0.4156,0.898,0.2716,0.2934,-0.0218,L2
2买,BOLL开口扩张 + SID等于2,4633,0.6184,0.593,1.043,0.3022,0.2934,0.0088,L2
2买,BOLL开口扩张 + SID小于等于2,5483,0.6904,0.719,0.96,0.2851,0.2934,-0.0084,L2
2买,BOLL开口扩张 + 大盘5日上涨,4964,0.614,0.6555,0.937,0.28,0.2934,-0.0134,L2
2买,BOLL开口扩张 + 相对强弱大于0,2737,0.3737,0.3468,1.077,0.3091,0.2934,0.0157,L2
2买,BOLL开口扩张 + 相对强弱大于5,646,0.0905,0.0809,1.119,0.3173,0.2934,0.0239,L2
2买,BOLL开口扩张 + 量比>=1.3,1009,0.1678,0.1154,1.455,0.3766,0.2934,0.0832,L2
2买,BOLL开口扩张 + 量比>=2,194,0.03,0.0231,1.3,0.3505,0.2934,0.0571,L2
2买,BOLL开口扩张 + 距前高<=10%,1015,0.1453,0.1258,1.155,0.3241,0.2934,0.0307,L2
2买,BOLL开口扩张 + 深跌(距前高>40%),228,0.0287,0.0299,0.96,0.2851,0.2934,-0.0083,L2
2买,BOLL开口扩张 + 距前低<=10%,3672,0.4713,0.4778,0.986,0.2906,0.2934,-0.0028,L2
2买,BOLL开口扩张 + 相对强弱>=0,541,0.0729,0.069,1.057,0.305,0.2934,0.0116,L2
2买,KDJ金叉态 + KDJ_J超卖,5846,0.7986,0.7406,1.078,0.3093,0.2934,0.0159,L2
2买,KDJ金叉态 + KDJ低位金叉,3326,0.4642,0.4173,1.113,0.316,0.2934,0.0226,L2
2买,KDJ金叉态 + KDJ_D小于30,4847,0.6612,0.6145,1.076,0.3089,0.2934,0.0154,L2
2买,KDJ金叉态 + RSI6大于50,4075,0.5411,0.5227,1.035,0.3006,0.2934,0.0072,L2
2买,KDJ金叉态 + RSI金叉,5435,0.7354,0.6915,1.064,0.3063,0.2934,0.0129,L2
2买,KDJ金叉态 + RSI6超卖,4979,0.6996,0.6227,1.124,0.3181,0.2934,0.0247,L2
2买,KDJ金叉态 + RSI底背离,2758,0.3361,0.3663,0.918,0.2759,0.2934,-0.0175,L2
2买,KDJ金叉态 + 威科夫得分大于4,1241,0.1683,0.1577,1.067,0.307,0.2934,0.0136,L2
2买,KDJ金叉态 + 威科夫得分大于7,471,0.0614,0.0609,1.008,0.2951,0.2934,0.0017,L2
2买,KDJ金叉态 + 积累阶段,3175,0.4024,0.4153,0.969,0.2869,0.2934,-0.0065,L2
2买,KDJ金叉态 + 威科夫B3弹簧,78,0.0088,0.0106,0.83,0.2564,0.2934,-0.037,L2
2买,KDJ金叉态 + 威科夫B1突破,53,0.0084,0.0062,1.346,0.3585,0.2934,0.0651,L2
2买,KDJ金叉态 + 黄金柱,479,0.0614,0.0624,0.984,0.2902,0.2934,-0.0032,L2
2买,KDJ金叉态 + 量能金叉,1065,0.1603,0.1288,1.245,0.3408,0.2934,0.0474,L2
2买,KDJ金叉态 + 六脉红灯大于5,5126,0.6771,0.659,1.027,0.2991,0.2934,0.0056,L2
2买,KDJ金叉态 + 六脉红灯大于6,3407,0.4572,0.4351,1.051,0.3038,0.2934,0.0104,L2
2买,KDJ金叉态 + 六脉6红首发,3407,0.4572,0.4351,1.051,0.3038,0.2934,0.0104,L2
2买,KDJ金叉态 + 六脉5红首发,5126,0.6771,0.659,1.027,0.2991,0.2934,0.0056,L2
2买,KDJ金叉态 + 偏多共振,830,0.0892,0.1152,0.775,0.2434,0.2934,-0.05,L2
2买,KDJ金叉态 + 多头共振,826,0.0892,0.1145,0.78,0.2446,0.2934,-0.0489,L2
2买,KDJ金叉态 + 火箭信号,405,0.0632,0.0481,1.314,0.3531,0.2934,0.0597,L2
2买,KDJ金叉态 + 极限抄底,288,0.0451,0.0341,1.321,0.3542,0.2934,0.0608,L2
2买,KDJ金叉态 + 中枢进机会区,2382,0.3313,0.2993,1.107,0.3149,0.2934,0.0214,L2
2买,KDJ金叉态 + 中枢极限底,2802,0.3825,0.3551,1.077,0.3091,0.2934,0.0156,L2
2买,KDJ金叉态 + 中枢上穿中轴,1536,0.2292,0.1865,1.229,0.3379,0.2934,0.0445,L2
2买,KDJ金叉态 + 中枢底部蓄力,4144,0.5358,0.5376,0.997,0.2927,0.2934,-0.0007,L2
2买,KDJ金叉态 + 中枢底部回升,4860,0.6493,0.6218,1.044,0.3025,0.2934,0.0091,L2
2买,KDJ金叉态 + 大盘多头,2831,0.3383,0.3788,0.893,0.2706,0.2934,-0.0228,L2
2买,KDJ金叉态 + 大盘空头,2355,0.3273,0.296,1.106,0.3146,0.2934,0.0212,L2
2买,KDJ金叉态 + 大盘安全,3575,0.4143,0.4837,0.857,0.2624,0.2934,-0.031,L2
2买,KDJ金叉态 + SID等于1,2831,0.3383,0.3788,0.893,0.2706,0.2934,-0.0228,L2
2买,KDJ金叉态 + SID等于2,4250,0.5667,0.5442,1.041,0.3019,0.2934,0.0085,L2
2买,KDJ金叉态 + SID小于等于2,5040,0.6352,0.6607,0.961,0.2853,0.2934,-0.0081,L2
2买,KDJ金叉态 + 大盘5日上涨,4910,0.6126,0.6462,0.948,0.2825,0.2934,-0.0109,L2
2买,KDJ金叉态 + 相对强弱大于0,2861,0.3962,0.3602,1.1,0.3135,0.2934,0.0201,L2
2买,KDJ金叉态 + 相对强弱大于5,678,0.0941,0.0853,1.103,0.3142,0.2934,0.0207,L2
2买,KDJ金叉态 + 量比>=1.3,1046,0.1736,0.1198,1.449,0.3757,0.2934,0.0823,L2
2买,KDJ金叉态 + 量比>=2,202,0.03,0.0246,1.222,0.3366,0.2934,0.0432,L2
2买,KDJ金叉态 + 距前高<=10%,921,0.133,0.1137,1.169,0.3268,0.2934,0.0334,L2
2买,KDJ金叉态 + 深跌(距前高>40%),249,0.0283,0.0339,0.833,0.257,0.2934,-0.0364,L2
2买,KDJ金叉态 + 距前低<=10%,3622,0.4708,0.4688,1.004,0.2943,0.2934,0.0009,L2
2买,KDJ金叉态 + 相对强弱>=0,586,0.0808,0.0739,1.094,0.3123,0.2934,0.0189,L2
2买,KDJ金叉态 + 相对强弱>=5,50,0.0062,0.0066,0.936,0.28,0.2934,-0.0134,L2
2买,KDJ_J超卖 + KDJ低位金叉,3256,0.4545,0.4085,1.113,0.316,0.2934,0.0226,L2
2买,KDJ_J超卖 + KDJ_D小于30,5256,0.6966,0.6748,1.032,0.3,0.2934,0.0066,L2
2买,KDJ_J超卖 + RSI6大于50,3620,0.4951,0.4584,1.08,0.3097,0.2934,0.0163,L2
2买,KDJ_J超卖 + RSI金叉,5054,0.6948,0.6385,1.088,0.3112,0.2934,0.0178,L2
2买,KDJ_J超卖 + RSI6超卖,5614,0.7615,0.7135,1.067,0.3071,0.2934,0.0137,L2
2买,KDJ_J超卖 + RSI底背离,2846,0.3428,0.3797,0.903,0.2727,0.2934,-0.0208,L2
2买,KDJ_J超卖 + 威科夫得分大于4,1328,0.1758,0.1706,1.031,0.2997,0.2934,0.0063,L2
2买,KDJ_J超卖 + 威科夫得分大于7,457,0.0614,0.0583,1.053,0.3042,0.2934,0.0107,L2
2买,KDJ_J超卖 + 积累阶段,3332,0.4218,0.436,0.968,0.2866,0.2934,-0.0068,L2
2买,KDJ_J超卖 + 威科夫B3弹簧,76,0.008,0.0106,0.747,0.2368,0.2934,-0.0566,L2
2买,KDJ_J超卖 + 黄金柱,388,0.0521,0.0495,1.052,0.3041,0.2934,0.0107,L2
2买,KDJ_J超卖 + 量能金叉,988,0.1506,0.1187,1.269,0.3451,0.2934,0.0517,L2
2买,KDJ_J超卖 + 六脉红灯大于5,4462,0.6051,0.5671,1.067,0.307,0.2934,0.0136,L2
2买,KDJ_J超卖 + 六脉红灯大于6,2874,0.3997,0.3612,1.107,0.3149,0.2934,0.0215,L2
2买,KDJ_J超卖 + 六脉6红首发,2874,0.3997,0.3612,1.107,0.3149,0.2934,0.0215,L2
2买,KDJ_J超卖 + 六脉5红首发,4462,0.6051,0.5671,1.067,0.307,0.2934,0.0136,L2
2买,KDJ_J超卖 + 偏多共振,1028,0.1109,0.1425,0.778,0.2442,0.2934,-0.0493,L2
2买,KDJ_J超卖 + 多头共振,1026,0.1109,0.1421,0.78,0.2446,0.2934,-0.0488,L2
2买,KDJ_J超卖 + 火箭信号,372,0.061,0.0429,1.42,0.371,0.2934,0.0776,L2
2买,KDJ_J超卖 + 极限抄底,300,0.0481,0.035,1.374,0.3633,0.2934,0.0699,L2
2买,KDJ_J超卖 + 中枢进机会区,2640,0.3648,0.3327,1.097,0.3129,0.2934,0.0195,L2
2买,KDJ_J超卖 + 中枢极限底,3091,0.4174,0.3936,1.06,0.3057,0.2934,0.0123,L2
2买,KDJ_J超卖 + 中枢上穿中轴,1453,0.2173,0.1763,1.233,0.3386,0.2934,0.0452,L2
2买,KDJ_J超卖 + 中枢底部蓄力,4302,0.542,0.564,0.961,0.2852,0.2934,-0.0082,L2
2买,KDJ_J超卖 + 中枢底部回升,5070,0.6709,0.6513,1.03,0.2996,0.2934,0.0062,L2
2买,KDJ_J超卖 + 大盘多头,3137,0.379,0.418,0.907,0.2735,0.2934,-0.0199,L2
2买,KDJ_J超卖 + 大盘空头,2342,0.3149,0.2988,1.054,0.3044,0.2934,0.011,L2
2买,KDJ_J超卖 + 大盘安全,3891,0.4532,0.5255,0.862,0.2637,0.2934,-0.0297,L2
2买,KDJ_J超卖 + SID等于1,3137,0.379,0.418,0.907,0.2735,0.2934,-0.0199,L2
2买,KDJ_J超卖 + SID等于2,4678,0.617,0.6018,1.025,0.2986,0.2934,0.0052,L2
2买,KDJ_J超卖 + SID小于等于2,5478,0.6882,0.719,0.957,0.2844,0.2934,-0.009,L2
2买,KDJ_J超卖 + 大盘5日上涨,5056,0.6263,0.6673,0.939,0.2805,0.2934,-0.013,L2
2买,KDJ_J超卖 + 相对强弱大于0,2678,0.3763,0.3349,1.124,0.3181,0.2934,0.0247,L2
2买,KDJ_J超卖 + 相对强弱大于5,564,0.0791,0.0706,1.12,0.3174,0.2934,0.024,L2
2买,KDJ_J超卖 + 量比>=1.3,954,0.1639,0.1069,1.532,0.3889,0.2934,0.0955,L2
2买,KDJ_J超卖 + 量比>=2,177,0.0278,0.0209,1.331,0.3559,0.2934,0.0625,L2
2买,KDJ_J超卖 + 距前高<=10%,932,0.1307,0.1167,1.121,0.3176,0.2934,0.0242,L2
2买,KDJ_J超卖 + 深跌(距前高>40%),258,0.0305,0.0347,0.879,0.2674,0.2934,-0.026,L2
2买,KDJ_J超卖 + 距前低<=10%,3737,0.4761,0.4877,0.976,0.2885,0.2934,-0.0049,L2
2买,KDJ_J超卖 + 相对强弱>=0,472,0.0671,0.0587,1.144,0.322,0.2934,0.0286,L2
2买,KDJ低位金叉 + KDJ_D小于30,3326,0.4642,0.4173,1.113,0.316,0.2934,0.0226,L2
2买,KDJ低位金叉 + RSI6大于50,1277,0.1868,0.1566,1.193,0.3312,0.2934,0.0378,L2
2买,KDJ低位金叉 + RSI金叉,2467,0.3587,0.3036,1.182,0.3291,0.2934,0.0357,L2
2买,KDJ低位金叉 + RSI6超卖,2961,0.4293,0.3648,1.177,0.3283,0.2934,0.0349,L2
2买,KDJ低位金叉 + RSI底背离,1496,0.1957,0.1931,1.013,0.2961,0.2934,0.0027,L2
2买,KDJ低位金叉 + 威科夫得分大于4,184,0.0212,0.0249,0.85,0.2609,0.2934,-0.0325,L2
2买,KDJ低位金叉 + 积累阶段,1579,0.2001,0.2065,0.969,0.2869,0.2934,-0.0065,L2
2买,KDJ低位金叉 + 黄金柱,127,0.0159,0.0167,0.953,0.2835,0.2934,-0.01,L2
2买,KDJ低位金叉 + 量能金叉,302,0.0504,0.0345,1.46,0.3775,0.2934,0.0841,L2
2买,KDJ低位金叉 + 六脉红灯大于5,2255,0.3167,0.2821,1.123,0.318,0.2934,0.0245,L2
2买,KDJ低位金叉 + 六脉红灯大于6,1084,0.1621,0.1315,1.233,0.3386,0.2934,0.0451,L2
2买,KDJ低位金叉 + 六脉6红首发,1084,0.1621,0.1315,1.233,0.3386,0.2934,0.0451,L2
2买,KDJ低位金叉 + 六脉5红首发,2255,0.3167,0.2821,1.123,0.318,0.2934,0.0245,L2
2买,KDJ低位金叉 + 偏多共振,231,0.023,0.0328,0.7,0.2251,0.2934,-0.0683,L2
2买,KDJ低位金叉 + 多头共振,230,0.023,0.0326,0.703,0.2261,0.2934,-0.0673,L2
2买,KDJ低位金叉 + 火箭信号,124,0.0208,0.0141,1.47,0.379,0.2934,0.0856,L2
2买,KDJ低位金叉 + 极限抄底,262,0.0406,0.0312,1.303,0.3511,0.2934,0.0577,L2
2买,KDJ低位金叉 + 中枢进机会区,1125,0.1723,0.1348,1.278,0.3467,0.2934,0.0533,L2
2买,KDJ低位金叉 + 中枢极限底,1759,0.2544,0.217,1.173,0.3275,0.2934,0.034,L2
2买,KDJ低位金叉 + 中枢上穿中轴,282,0.0433,0.0337,1.283,0.3475,0.2934,0.0541,L2
2买,KDJ低位金叉 + 中枢底部蓄力,2649,0.3706,0.332,1.116,0.3167,0.2934,0.0233,L2
2买,KDJ低位金叉 + 中枢底部回升,2860,0.4055,0.3562,1.138,0.321,0.2934,0.0276,L2
2买,KDJ低位金叉 + 大盘多头,1138,0.1427,0.1495,0.954,0.2838,0.2934,-0.0096,L2
2买,KDJ低位金叉 + 大盘空头,1240,0.1745,0.155,1.126,0.3185,0.2934,0.0251,L2
2买,KDJ低位金叉 + 大盘安全,1459,0.174,0.1953,0.891,0.27,0.2934,-0.0234,L2
2买,KDJ低位金叉 + SID等于1,1138,0.1427,0.1495,0.954,0.2838,0.2934,-0.0096,L2
2买,KDJ低位金叉 + SID等于2,2189,0.3012,0.2764,1.09,0.3116,0.2934,0.0181,L2
2买,KDJ低位金叉 + SID小于等于2,2500,0.3299,0.3215,1.026,0.2988,0.2934,0.0054,L2
2买,KDJ低位金叉 + 大盘5日上涨,2311,0.2959,0.301,0.983,0.2899,0.2934,-0.0035,L2
2买,KDJ低位金叉 + 相对强弱大于0,819,0.1215,0.0998,1.217,0.3358,0.2934,0.0424,L2
2买,KDJ低位金叉 + 相对强弱大于5,136,0.0203,0.0165,1.231,0.3382,0.2934,0.0448,L2
2买,KDJ低位金叉 + 量比>=1.3,496,0.0941,0.0519,1.812,0.4294,0.2934,0.136,L2
2买,KDJ低位金叉 + 量比>=2,67,0.0137,0.0066,2.074,0.4627,0.2934,0.1693,L2
2买,KDJ低位金叉 + 距前高<=10%,208,0.0265,0.0271,0.976,0.2885,0.2934,-0.005,L2
2买,KDJ低位金叉 + 深跌(距前高>40%),191,0.0243,0.0249,0.974,0.288,0.2934,-0.0055,L2
2买,KDJ低位金叉 + 距前低<=10%,1992,0.2708,0.2529,1.07,0.3077,0.2934,0.0143,L2
2买,KDJ低位金叉 + 相对强弱>=0,121,0.019,0.0143,1.328,0.3554,0.2934,0.062,L2
2买,KDJ_D小于30 + RSI6大于50,2591,0.3587,0.3263,1.099,0.3134,0.2934,0.02,L2
2买,KDJ_D小于30 + RSI金叉,4023,0.5543,0.5077,1.092,0.312,0.2934,0.0185,L2
2买,KDJ_D小于30 + RSI6超卖,4669,0.64,0.5906,1.084,0.3103,0.2934,0.0169,L2
2买,KDJ_D小于30 + RSI底背离,2480,0.3012,0.3298,0.913,0.275,0.2934,-0.0184,L2
2买,KDJ_D小于30 + 威科夫得分大于4,612,0.0804,0.0789,1.019,0.2974,0.2934,0.004,L2
2买,KDJ_D小于30 + 威科夫得分大于7,125,0.0203,0.0145,1.402,0.368,0.2934,0.0746,L2
2买,KDJ_D小于30 + 积累阶段,2701,0.3375,0.3553,0.95,0.2829,0.2934,-0.0106,L2
2买,KDJ_D小于30 + 威科夫B3弹簧,68,0.0057,0.0101,0.569,0.1912,0.2934,-0.1022,L2
2买,KDJ_D小于30 + 黄金柱,294,0.0353,0.0393,0.9,0.2721,0.2934,-0.0213,L2
2买,KDJ_D小于30 + 量能金叉,649,0.0994,0.0778,1.278,0.3467,0.2934,0.0533,L2
2买,KDJ_D小于30 + 六脉红灯大于5,3656,0.4947,0.4652,1.064,0.3063,0.2934,0.0129,L2
2买,KDJ_D小于30 + 六脉红灯大于6,2207,0.3123,0.2751,1.135,0.3203,0.2934,0.0269,L2
2买,KDJ_D小于30 + 六脉6红首发,2207,0.3123,0.2751,1.135,0.3203,0.2934,0.0269,L2
2买,KDJ_D小于30 + 六脉5红首发,3656,0.4947,0.4652,1.064,0.3063,0.2934,0.0129,L2
2买,KDJ_D小于30 + 偏多共振,583,0.061,0.0816,0.747,0.2367,0.2934,-0.0567,L2
2买,KDJ_D小于30 + 多头共振,581,0.061,0.0813,0.75,0.2375,0.2934,-0.0559,L2
2买,KDJ_D小于30 + 火箭信号,273,0.0437,0.0319,1.37,0.3626,0.2934,0.0692,L2
2买,KDJ_D小于30 + 极限抄底,295,0.0473,0.0345,1.371,0.3627,0.2934,0.0693,L2
2买,KDJ_D小于30 + 中枢进机会区,2069,0.292,0.2583,1.131,0.3195,0.2934,0.0261,L2
2买,KDJ_D小于30 + 中枢极限底,2736,0.3675,0.3492,1.052,0.3041,0.2934,0.0107,L2
2买,KDJ_D小于30 + 中枢上穿中轴,804,0.1259,0.0952,1.322,0.3545,0.2934,0.0611,L2
2买,KDJ_D小于30 + 中枢底部蓄力,4000,0.5194,0.518,1.003,0.294,0.2934,0.0006,L2
2买,KDJ_D小于30 + 中枢底部回升,4428,0.5941,0.5655,1.051,0.3037,0.2934,0.0103,L2
2买,KDJ_D小于30 + 大盘多头,2161,0.2659,0.286,0.93,0.2786,0.2934,-0.0148,L2
2买,KDJ_D小于30 + 大盘空头,2071,0.2734,0.2663,1.027,0.2989,0.2934,0.0055,L2
2买,KDJ_D小于30 + 大盘安全,2769,0.3216,0.3744,0.859,0.2629,0.2934,-0.0305,L2
2买,KDJ_D小于30 + SID等于1,2161,0.2659,0.286,0.93,0.2786,0.2934,-0.0148,L2
2买,KDJ_D小于30 + SID等于2,3576,0.4708,0.4604,1.023,0.2981,0.2934,0.0047,L2
2买,KDJ_D小于30 + SID小于等于2,4170,0.5256,0.5466,0.962,0.2854,0.2934,-0.008,L2
2买,KDJ_D小于30 + 大盘5日上涨,4001,0.4965,0.5277,0.941,0.2809,0.2934,-0.0125,L2
2买,KDJ_D小于30 + 相对强弱大于0,1801,0.2535,0.2251,1.127,0.3187,0.2934,0.0253,L2
2买,KDJ_D小于30 + 相对强弱大于5,350,0.0508,0.0431,1.178,0.3286,0.2934,0.0352,L2
2买,KDJ_D小于30 + 量比>=1.3,760,0.1356,0.0831,1.632,0.4039,0.2934,0.1105,L2
2买,KDJ_D小于30 + 量比>=2,134,0.0239,0.0147,1.625,0.403,0.2934,0.1096,L2
2买,KDJ_D小于30 + 距前高<=10%,505,0.0676,0.0646,1.047,0.303,0.2934,0.0096,L2
2买,KDJ_D小于30 + 深跌(距前高>40%),263,0.0292,0.0361,0.807,0.251,0.2934,-0.0425,L2
2买,KDJ_D小于30 + 距前低<=10%,3150,0.4086,0.4081,1.001,0.2937,0.2934,0.0002,L2
2买,KDJ_D小于30 + 相对强弱>=0,264,0.0389,0.0323,1.204,0.3333,0.2934,0.0399,L2
2买,RSI6大于50 + RSI金叉,4048,0.5384,0.5189,1.038,0.3011,0.2934,0.0077,L2
2买,RSI6大于50 + RSI6超卖,2787,0.3922,0.3483,1.126,0.3186,0.2934,0.0252,L2
2买,RSI6大于50 + RSI底背离,1647,0.2041,0.2174,0.939,0.2805,0.2934,-0.0129,L2
2买,RSI6大于50 + 威科夫得分大于4,1247,0.1648,0.1603,1.028,0.2991,0.2934,0.0057,L2
2买,RSI6大于50 + 威科夫得分大于7,504,0.0632,0.0662,0.954,0.2837,0.2934,-0.0097,L2
2买,RSI6大于50 + 积累阶段,2076,0.2743,0.2669,1.028,0.2991,0.2934,0.0057,L2
2买,RSI6大于50 + 威科夫B3弹簧,55,0.0066,0.0073,0.903,0.2727,0.2934,-0.0207,L2
2买,RSI6大于50 + 威科夫B1突破,54,0.0084,0.0064,1.307,0.3519,0.2934,0.0584,L2
2买,RSI6大于50 + 黄金柱,477,0.0601,0.0625,0.96,0.2851,0.2934,-0.0083,L2
2买,RSI6大于50 + 量能金叉,915,0.1299,0.1139,1.14,0.3213,0.2934,0.0279,L2
2买,RSI6大于50 + 六脉红灯大于5,3904,0.5203,0.5,1.041,0.3017,0.2934,0.0083,L2
2买,RSI6大于50 + 六脉红灯大于6,3392,0.4554,0.4331,1.052,0.304,0.2934,0.0105,L2
2买,RSI6大于50 + 六脉6红首发,3392,0.4554,0.4331,1.052,0.304,0.2934,0.0105,L2
2买,RSI6大于50 + 六脉5红首发,3904,0.5203,0.5,1.041,0.3017,0.2934,0.0083,L2
2买,RSI6大于50 + 偏多共振,713,0.0746,0.0998,0.748,0.237,0.2934,-0.0564,L2
2买,RSI6大于50 + 多头共振,709,0.0746,0.099,0.754,0.2384,0.2934,-0.0551,L2
2买,RSI6大于50 + 火箭信号,390,0.0601,0.0466,1.289,0.3487,0.2934,0.0553,L2
2买,RSI6大于50 + 中枢进机会区,1449,0.1904,0.1867,1.02,0.2974,0.2934,0.004,L2
2买,RSI6大于50 + 中枢极限底,1473,0.1921,0.1904,1.009,0.2953,0.2934,0.0019,L2
2买,RSI6大于50 + 中枢上穿中轴,1547,0.2288,0.1887,1.212,0.3348,0.2934,0.0414,L2
2买,RSI6大于50 + 中枢底部蓄力,2202,0.28,0.2876,0.974,0.2879,0.2934,-0.0055,L2
2买,RSI6大于50 + 中枢底部回升,2768,0.3626,0.3571,1.015,0.2966,0.2934,0.0032,L2
2买,RSI6大于50 + 大盘多头,2145,0.2624,0.2845,0.922,0.2769,0.2934,-0.0165,L2
2买,RSI6大于50 + 大盘空头,1484,0.2116,0.1843,1.148,0.3228,0.2934,0.0294,L2
2买,RSI6大于50 + 大盘安全,2691,0.3216,0.3601,0.893,0.2705,0.2934,-0.0229,L2
2买,RSI6大于50 + SID等于1,2145,0.2624,0.2845,0.922,0.2769,0.2934,-0.0165,L2
2买,RSI6大于50 + SID等于2,2702,0.3617,0.3454,1.047,0.3031,0.2934,0.0097,L2
2买,RSI6大于50 + SID小于等于2,3298,0.4099,0.4347,0.943,0.2814,0.2934,-0.012,L2
2买,RSI6大于50 + 大盘5日上涨,3396,0.4293,0.4446,0.966,0.2862,0.2934,-0.0072,L2
2买,RSI6大于50 + 相对强弱大于0,2590,0.3525,0.3287,1.072,0.3081,0.2934,0.0147,L2
2买,RSI6大于50 + 相对强弱大于5,684,0.0932,0.0868,1.074,0.3085,0.2934,0.0151,L2
2买,RSI6大于50 + 量比>=1.3,681,0.0985,0.084,1.173,0.3275,0.2934,0.034,L2
2买,RSI6大于50 + 量比>=2,158,0.0199,0.0207,0.959,0.2848,0.2934,-0.0086,L2
2买,RSI6大于50 + 距前高<=10%,833,0.1215,0.1023,1.187,0.3301,0.2934,0.0367,L2
2买,RSI6大于50 + 深跌(距前高>40%),97,0.008,0.0145,0.549,0.1856,0.2934,-0.1078,L2
2买,RSI6大于50 + 距前低<=10%,2144,0.2734,0.2797,0.977,0.2887,0.2934,-0.0047,L2
2买,RSI6大于50 + 相对强弱>=0,540,0.0738,0.0684,1.078,0.3093,0.2934,0.0158,L2
2买,RSI6大于50 + 相对强弱>=5,50,0.0062,0.0066,0.936,0.28,0.2934,-0.0134,L2
2买,RSI金叉 + RSI6超卖,4257,0.5998,0.5317,1.128,0.319,0.2934,0.0256,L2
2买,RSI金叉 + RSI底背离,2586,0.3101,0.3456,0.897,0.2715,0.2934,-0.022,L2
2买,RSI金叉 + 威科夫得分大于4,1215,0.1612,0.1559,1.034,0.3004,0.2934,0.007,L2
2买,RSI金叉 + 威科夫得分大于7,462,0.0592,0.0602,0.984,0.29,0.2934,-0.0034,L2
2买,RSI金叉 + 积累阶段,2926,0.3666,0.3844,0.954,0.2837,0.2934,-0.0098,L2
2买,RSI金叉 + 威科夫B3弹簧,75,0.008,0.0105,0.76,0.24,0.2934,-0.0534,L2
2买,RSI金叉 + 威科夫B1突破,54,0.0084,0.0064,1.307,0.3519,0.2934,0.0584,L2
2买,RSI金叉 + 黄金柱,482,0.0614,0.0629,0.976,0.2884,0.2934,-0.005,L2
2买,RSI金叉 + 量能金叉,1018,0.1506,0.1242,1.213,0.335,0.2934,0.0416,L2
2买,RSI金叉 + 六脉红灯大于5,4960,0.6564,0.6372,1.03,0.2996,0.2934,0.0062,L2
2买,RSI金叉 + 六脉红灯大于6,3369,0.4519,0.4303,1.05,0.3037,0.2934,0.0102,L2
2买,RSI金叉 + 六脉6红首发,3369,0.4519,0.4303,1.05,0.3037,0.2934,0.0102,L2
2买,RSI金叉 + 六脉5红首发,4960,0.6564,0.6372,1.03,0.2996,0.2934,0.0062,L2
2买,RSI金叉 + 偏多共振,627,0.068,0.0868,0.784,0.2456,0.2934,-0.0478,L2
2买,RSI金叉 + 多头共振,623,0.068,0.086,0.791,0.2472,0.2934,-0.0462,L2
2买,RSI金叉 + 火箭信号,404,0.0636,0.0477,1.334,0.3564,0.2934,0.063,L2
2买,RSI金叉 + 极限抄底,187,0.0336,0.0204,1.649,0.4064,0.2934,0.113,L2
2买,RSI金叉 + 中枢进机会区,2140,0.2867,0.2735,1.048,0.3033,0.2934,0.0099,L2
2买,RSI金叉 + 中枢极限底,2545,0.3388,0.3261,1.039,0.3014,0.2934,0.008,L2
2买,RSI金叉 + 中枢上穿中轴,1506,0.2257,0.1825,1.237,0.3393,0.2934,0.0459,L2
2买,RSI金叉 + 中枢底部蓄力,3656,0.4686,0.476,0.985,0.2902,0.2934,-0.0032,L2
2买,RSI金叉 + 中枢底部回升,4337,0.5755,0.5565,1.034,0.3004,0.2934,0.007,L2
2买,RSI金叉 + 大盘多头,2525,0.3052,0.3364,0.907,0.2737,0.2934,-0.0198,L2
2买,RSI金叉 + 大盘空头,2181,0.3008,0.2751,1.093,0.3122,0.2934,0.0188,L2
2买,RSI金叉 + 大盘安全,3235,0.3737,0.4382,0.853,0.2615,0.2934,-0.0319,L2
2买,RSI金叉 + SID等于1,2525,0.3052,0.3364,0.907,0.2737,0.2934,-0.0198,L2
2买,RSI金叉 + SID等于2,3604,0.4845,0.4598,1.054,0.3044,0.2934,0.011,L2
2买,RSI金叉 + SID小于等于2,4288,0.5398,0.5624,0.96,0.285,0.2934,-0.0084,L2
2买,RSI金叉 + 大盘5日上涨,4425,0.5504,0.5831,0.944,0.2816,0.2934,-0.0118,L2
2买,RSI金叉 + 相对强弱大于0,2792,0.3821,0.3534,1.081,0.3098,0.2934,0.0164,L2
2买,RSI金叉 + 相对强弱大于5,662,0.0901,0.084,1.073,0.3082,0.2934,0.0147,L2
2买,RSI金叉 + 量比>=1.3,935,0.1546,0.1073,1.441,0.3743,0.2934,0.0809,L2
2买,RSI金叉 + 量比>=2,191,0.0292,0.0229,1.271,0.3455,0.2934,0.0521,L2
2买,RSI金叉 + 距前高<=10%,858,0.125,0.1055,1.185,0.3298,0.2934,0.0364,L2
2买,RSI金叉 + 深跌(距前高>40%),194,0.0208,0.027,0.77,0.2423,0.2934,-0.0511,L2
2买,RSI金叉 + 距前低<=10%,3332,0.4249,0.4347,0.977,0.2887,0.2934,-0.0047,L2
2买,RSI金叉 + 相对强弱>=0,563,0.0746,0.0723,1.033,0.3002,0.2934,0.0068,L2
2买,RSI6超卖 + RSI底背离,2575,0.3132,0.3423,0.915,0.2753,0.2934,-0.0181,L2
2买,RSI6超卖 + 威科夫得分大于4,883,0.1206,0.1119,1.078,0.3092,0.2934,0.0158,L2
2买,RSI6超卖 + 威科夫得分大于7,267,0.0375,0.0334,1.125,0.3184,0.2934,0.0249,L2
2买,RSI6超卖 + 积累阶段,3005,0.3821,0.3925,0.973,0.2879,0.2934,-0.0056,L2
2买,RSI6超卖 + 威科夫B3弹簧,59,0.0057,0.0084,0.681,0.2203,0.2934,-0.0731,L2
2买,RSI6超卖 + 黄金柱,277,0.0375,0.0352,1.066,0.3069,0.2934,0.0134,L2
2买,RSI6超卖 + 量能金叉,820,0.1316,0.0957,1.375,0.3634,0.2934,0.07,L2
2买,RSI6超卖 + 六脉红灯大于5,3744,0.5181,0.4716,1.099,0.3133,0.2934,0.0199,L2
2买,RSI6超卖 + 六脉红灯大于6,2312,0.3299,0.2871,1.149,0.3231,0.2934,0.0297,L2
2买,RSI6超卖 + 六脉6红首发,2312,0.3299,0.2871,1.149,0.3231,0.2934,0.0297,L2
2买,RSI6超卖 + 六脉5红首发,3744,0.5181,0.4716,1.099,0.3133,0.2934,0.0199,L2
2买,RSI6超卖 + 偏多共振,650,0.0707,0.0899,0.786,0.2462,0.2934,-0.0473,L2
2买,RSI6超卖 + 多头共振,650,0.0707,0.0899,0.786,0.2462,0.2934,-0.0473,L2
2买,RSI6超卖 + 火箭信号,299,0.0504,0.0339,1.484,0.3813,0.2934,0.0879,L2
2买,RSI6超卖 + 极限抄底,302,0.0486,0.0352,1.38,0.3642,0.2934,0.0708,L2
2买,RSI6超卖 + 中枢进机会区,2382,0.3405,0.2955,1.152,0.3237,0.2934,0.0303,L2
2买,RSI6超卖 + 中枢极限底,2930,0.4028,0.3701,1.088,0.3113,0.2934,0.0178,L2
2买,RSI6超卖 + 中枢上穿中轴,1057,0.1665,0.1247,1.335,0.3567,0.2934,0.0633,L2
2买,RSI6超卖 + 中枢底部蓄力,4046,0.5181,0.527,0.983,0.2899,0.2934,-0.0035,L2
2买,RSI6超卖 + 中枢底部回升,4705,0.6307,0.6011,1.049,0.3035,0.2934,0.0101,L2
2买,RSI6超卖 + 大盘多头,2452,0.3043,0.3234,0.941,0.281,0.2934,-0.0124,L2
2买,RSI6超卖 + 大盘空头,2125,0.2836,0.272,1.042,0.3021,0.2934,0.0087,L2
2买,RSI6超卖 + 大盘安全,3075,0.3653,0.4123,0.886,0.2689,0.2934,-0.0245,L2
2买,RSI6超卖 + SID等于1,2452,0.3043,0.3234,0.941,0.281,0.2934,-0.0124,L2
2买,RSI6超卖 + SID等于2,3917,0.5371,0.4954,1.084,0.3104,0.2934,0.017,L2
2买,RSI6超卖 + SID小于等于2,4496,0.587,0.5809,1.011,0.2956,0.2934,0.0022,L2
2买,RSI6超卖 + 大盘5日上涨,4177,0.5318,0.5453,0.975,0.2882,0.2934,-0.0052,L2
2买,RSI6超卖 + 相对强弱大于0,2051,0.2973,0.2528,1.176,0.3281,0.2934,0.0347,L2
2买,RSI6超卖 + 相对强弱大于5,411,0.0605,0.0503,1.204,0.3333,0.2934,0.0399,L2
2买,RSI6超卖 + 量比>=1.3,897,0.1595,0.0983,1.622,0.4025,0.2934,0.109,L2
2买,RSI6超卖 + 量比>=2,172,0.0287,0.0196,1.463,0.3779,0.2934,0.0845,L2
2买,RSI6超卖 + 距前高<=10%,681,0.0994,0.0836,1.188,0.3304,0.2934,0.037,L2
2买,RSI6超卖 + 深跌(距前高>40%),249,0.0296,0.0334,0.887,0.2691,0.2934,-0.0243,L2
2买,RSI6超卖 + 距前低<=10%,3493,0.447,0.4551,0.982,0.2897,0.2934,-0.0037,L2
2买,RSI6超卖 + 相对强弱>=0,328,0.0481,0.0402,1.199,0.3323,0.2934,0.0389,L2
2买,RSI底背离 + 威科夫得分大于4,387,0.0415,0.0537,0.773,0.2429,0.2934,-0.0505,L2
2买,RSI底背离 + 威科夫得分大于7,124,0.0102,0.0185,0.548,0.1855,0.2934,-0.1079,L2
2买,RSI底背离 + 积累阶段,1815,0.2014,0.2493,0.808,0.2512,0.2934,-0.0422,L2
2买,RSI底背离 + 威科夫B3弹簧,53,0.0053,0.0075,0.705,0.2264,0.2934,-0.067,L2
2买,RSI底背离 + 黄金柱,231,0.0296,0.0301,0.984,0.29,0.2934,-0.0034,L2
2买,RSI底背离 + 量能金叉,414,0.0587,0.0515,1.14,0.3213,0.2934,0.0278,L2
2买,RSI底背离 + 六脉红灯大于5,2342,0.2809,0.3129,0.898,0.2716,0.2934,-0.0219,L2
2买,RSI底背离 + 六脉红灯大于6,1470,0.189,0.1911,0.989,0.2912,0.2934,-0.0023,L2
2买,RSI底背离 + 六脉6红首发,1470,0.189,0.1911,0.989,0.2912,0.2934,-0.0023,L2
2买,RSI底背离 + 六脉5红首发,2342,0.2809,0.3129,0.898,0.2716,0.2934,-0.0219,L2
2买,RSI底背离 + 偏多共振,100,0.0084,0.0149,0.565,0.19,0.2934,-0.1034,L2
2买,RSI底背离 + 多头共振,99,0.0084,0.0147,0.572,0.1919,0.2934,-0.1015,L2
2买,RSI底背离 + 火箭信号,155,0.0203,0.02,1.016,0.2968,0.2934,0.0034,L2
2买,RSI底背离 + 极限抄底,121,0.0141,0.0163,0.866,0.2645,0.2934,-0.029,L2
2买,RSI底背离 + 中枢进机会区,1400,0.174,0.1845,0.943,0.2814,0.2934,-0.012,L2
2买,RSI底背离 + 中枢极限底,1888,0.2279,0.2517,0.906,0.2733,0.2934,-0.0201,L2
2买,RSI底背离 + 中枢上穿中轴,433,0.0579,0.0554,1.045,0.3025,0.2934,0.0091,L2
2买,RSI底背离 + 中枢底部蓄力,2579,0.2937,0.3511,0.837,0.2579,0.2934,-0.0356,L2
2买,RSI底背离 + 中枢底部回升,2810,0.3339,0.3767,0.886,0.269,0.2934,-0.0244,L2
2买,RSI底背离 + 大盘多头,1166,0.1206,0.1638,0.736,0.2341,0.2934,-0.0593,L2
2买,RSI底背离 + 大盘空头,1406,0.1771,0.1843,0.961,0.2852,0.2934,-0.0082,L2
2买,RSI底背离 + 大盘安全,1606,0.1577,0.2291,0.688,0.2223,0.2934,-0.0711,L2
2买,RSI底背离 + SID等于1,1166,0.1206,0.1638,0.736,0.2341,0.2934,-0.0593,L2
2买,RSI底背离 + SID等于2,1838,0.2041,0.2524,0.809,0.2514,0.2934,-0.0421,L2
2买,RSI底背离 + SID小于等于2,2195,0.2354,0.3048,0.772,0.2428,0.2934,-0.0506,L2
2买,RSI底背离 + 大盘5日上涨,2464,0.2721,0.339,0.803,0.25,0.2934,-0.0434,L2
2买,RSI底背离 + 相对强弱大于0,1316,0.1754,0.1686,1.04,0.3017,0.2934,0.0083,L2
2买,RSI底背离 + 相对强弱大于5,292,0.0371,0.0382,0.973,0.2877,0.2934,-0.0057,L2
2买,RSI底背离 + 量比>=1.3,432,0.0605,0.0541,1.118,0.3171,0.2934,0.0237,L2
2买,RSI底背离 + 量比>=2,89,0.0106,0.0119,0.889,0.2697,0.2934,-0.0238,L2
2买,RSI底背离 + 距前高<=10%,280,0.0314,0.0383,0.818,0.2536,0.2934,-0.0398,L2
2买,RSI底背离 + 深跌(距前高>40%),141,0.0119,0.0209,0.57,0.1915,0.2934,-0.1019,L2
2买,RSI底背离 + 距前低<=10%,2229,0.261,0.3004,0.869,0.2651,0.2934,-0.0283,L2
2买,RSI底背离 + 相对强弱>=0,222,0.0247,0.0304,0.812,0.2523,0.2934,-0.0412,L2
2买,威科夫得分大于4 + 威科夫得分大于7,602,0.0751,0.0792,0.948,0.2824,0.2934,-0.011,L2
2买,威科夫得分大于4 + 积累阶段,506,0.0689,0.0642,1.073,0.3083,0.2934,0.0149,L2
2买,威科夫得分大于4 + 黄金柱,181,0.0234,0.0235,0.997,0.2928,0.2934,-0.0006,L2
2买,威科夫得分大于4 + 量能金叉,427,0.0623,0.0525,1.187,0.3302,0.2934,0.0368,L2
2买,威科夫得分大于4 + 六脉红灯大于5,1114,0.1524,0.141,1.08,0.3097,0.2934,0.0163,L2
2买,威科夫得分大于4 + 六脉红灯大于6,955,0.1307,0.1209,1.082,0.3099,0.2934,0.0165,L2
2买,威科夫得分大于4 + 六脉6红首发,955,0.1307,0.1209,1.082,0.3099,0.2934,0.0165,L2
2买,威科夫得分大于4 + 六脉5红首发,1114,0.1524,0.141,1.08,0.3097,0.2934,0.0163,L2
2买,威科夫得分大于4 + 偏多共振,583,0.064,0.0803,0.797,0.2487,0.2934,-0.0447,L2
2买,威科夫得分大于4 + 多头共振,580,0.064,0.0798,0.803,0.25,0.2934,-0.0434,L2
2买,威科夫得分大于4 + 火箭信号,192,0.0283,0.0235,1.204,0.3333,0.2934,0.0399,L2
2买,威科夫得分大于4 + 中枢进机会区,529,0.0663,0.0695,0.953,0.2836,0.2934,-0.0099,L2
2买,威科夫得分大于4 + 中枢极限底,332,0.0428,0.0431,0.994,0.2922,0.2934,-0.0012,L2
2买,威科夫得分大于4 + 中枢上穿中轴,729,0.1056,0.0899,1.175,0.3278,0.2934,0.0344,L2
2买,威科夫得分大于4 + 中枢底部蓄力,452,0.0499,0.0622,0.803,0.25,0.2934,-0.0434,L2
2买,威科夫得分大于4 + 中枢底部回升,733,0.0897,0.0972,0.922,0.2769,0.2934,-0.0165,L2
2买,威科夫得分大于4 + 大盘多头,986,0.1254,0.1288,0.974,0.288,0.2934,-0.0054,L2
2买,威科夫得分大于4 + 大盘空头,341,0.0393,0.0462,0.85,0.261,0.2934,-0.0324,L2
2买,威科夫得分大于4 + 大盘安全,1137,0.14,0.1504,0.931,0.2788,0.2934,-0.0146,L2
2买,威科夫得分大于4 + SID等于1,986,0.1254,0.1288,0.974,0.288,0.2934,-0.0054,L2
2买,威科夫得分大于4 + SID等于2,1075,0.1506,0.1346,1.119,0.3172,0.2934,0.0238,L2
2买,威科夫得分大于4 + SID小于等于2,1402,0.1771,0.1836,0.965,0.286,0.2934,-0.0074,L2
2买,威科夫得分大于4 + 大盘5日上涨,1216,0.1497,0.1609,0.931,0.2788,0.2934,-0.0146,L2
2买,威科夫得分大于4 + 相对强弱大于0,1064,0.1391,0.1374,1.013,0.2961,0.2934,0.0026,L2
2买,威科夫得分大于4 + 相对强弱大于5,396,0.0517,0.0512,1.01,0.2955,0.2934,0.002,L2
2买,威科夫得分大于4 + 量比>=1.3,256,0.0367,0.0317,1.155,0.3242,0.2934,0.0308,L2
2买,威科夫得分大于4 + 量比>=2,77,0.0106,0.0097,1.09,0.3117,0.2934,0.0183,L2
2买,威科夫得分大于4 + 距前高<=10%,418,0.0632,0.0504,1.252,0.3421,0.2934,0.0487,L2
2买,威科夫得分大于4 + 距前低<=10%,435,0.0512,0.0585,0.876,0.2667,0.2934,-0.0267,L2
2买,威科夫得分大于4 + 相对强弱>=0,241,0.0256,0.0336,0.763,0.2407,0.2934,-0.0528,L2
2买,威科夫得分大于7 + 积累阶段,142,0.0212,0.0172,1.23,0.338,0.2934,0.0446,L2
2买,威科夫得分大于7 + 黄金柱,81,0.011,0.0103,1.075,0.3086,0.2934,0.0152,L2
2买,威科夫得分大于7 + 量能金叉,204,0.0296,0.0251,1.178,0.3284,0.2934,0.035,L2
2买,威科夫得分大于7 + 六脉红灯大于5,440,0.057,0.057,0.999,0.2932,0.2934,-0.0002,L2
2买,威科夫得分大于7 + 六脉红灯大于6,386,0.0495,0.0503,0.984,0.2902,0.2934,-0.0033,L2
2买,威科夫得分大于7 + 六脉6红首发,386,0.0495,0.0503,0.984,0.2902,0.2934,-0.0033,L2
2买,威科夫得分大于7 + 六脉5红首发,440,0.057,0.057,0.999,0.2932,0.2934,-0.0002,L2
2买,威科夫得分大于7 + 偏多共振,280,0.0327,0.0378,0.865,0.2643,0.2934,-0.0291,L2
2买,威科夫得分大于7 + 多头共振,279,0.0327,0.0376,0.869,0.2652,0.2934,-0.0282,L2
2买,威科夫得分大于7 + 火箭信号,98,0.0141,0.0121,1.168,0.3265,0.2934,0.0331,L2
2买,威科夫得分大于7 + 中枢进机会区,188,0.0225,0.0251,0.896,0.2713,0.2934,-0.0221,L2
2买,威科夫得分大于7 + 中枢极限底,88,0.0097,0.0121,0.803,0.25,0.2934,-0.0434,L2
2买,威科夫得分大于7 + 中枢上穿中轴,341,0.0464,0.0433,1.071,0.3079,0.2934,0.0145,L2
2买,威科夫得分大于7 + 中枢底部蓄力,130,0.011,0.0193,0.573,0.1923,0.2934,-0.1011,L2
2买,威科夫得分大于7 + 中枢底部回升,235,0.0261,0.0323,0.807,0.2511,0.2934,-0.0424,L2
2买,威科夫得分大于7 + 大盘多头,396,0.0499,0.0519,0.962,0.2854,0.2934,-0.0081,L2
2买,威科夫得分大于7 + 大盘空头,112,0.0119,0.0156,0.765,0.2411,0.2934,-0.0523,L2
2买,威科夫得分大于7 + 大盘安全,462,0.0561,0.0614,0.913,0.2749,0.2934,-0.0185,L2
2买,威科夫得分大于7 + SID等于1,396,0.0499,0.0519,0.962,0.2854,0.2934,-0.0081,L2
2买,威科夫得分大于7 + SID等于2,387,0.0539,0.0486,1.109,0.3152,0.2934,0.0218,L2
2买,威科夫得分大于7 + SID小于等于2,546,0.068,0.0719,0.946,0.2821,0.2934,-0.0114,L2
2买,威科夫得分大于7 + 大盘5日上涨,476,0.0552,0.0644,0.858,0.2626,0.2934,-0.0308,L2
2买,威科夫得分大于7 + 相对强弱大于0,459,0.0587,0.0598,0.982,0.2898,0.2934,-0.0037,L2
2买,威科夫得分大于7 + 相对强弱大于5,217,0.0278,0.0282,0.985,0.2903,0.2934,-0.0031,L2
2买,威科夫得分大于7 + 量比>=1.3,107,0.0146,0.0136,1.074,0.3084,0.2934,0.015,L2
2买,威科夫得分大于7 + 距前高<=10%,181,0.0269,0.022,1.224,0.337,0.2934,0.0436,L2
2买,威科夫得分大于7 + 距前低<=10%,148,0.0172,0.02,0.862,0.2635,0.2934,-0.0299,L2
2买,威科夫得分大于7 + 相对强弱>=0,113,0.0137,0.015,0.91,0.2743,0.2934,-0.0191,L2
2买,积累阶段 + 威科夫B3弹簧,78,0.0088,0.0106,0.83,0.2564,0.2934,-0.037,L2
2买,积累阶段 + 威科夫B1突破,54,0.0084,0.0064,1.307,0.3519,0.2934,0.0584,L2
2买,积累阶段 + 黄金柱,264,0.0322,0.035,0.92,0.2765,0.2934,-0.0169,L2
2买,积累阶段 + 量能金叉,494,0.0729,0.0603,1.208,0.334,0.2934,0.0406,L2
2买,积累阶段 + 六脉红灯大于5,2603,0.3291,0.3408,0.966,0.2862,0.2934,-0.0072,L2
2买,积累阶段 + 六脉红灯大于6,1815,0.2394,0.2335,1.025,0.2986,0.2934,0.0052,L2
2买,积累阶段 + 六脉6红首发,1815,0.2394,0.2335,1.025,0.2986,0.2934,0.0052,L2
2买,积累阶段 + 六脉5红首发,2603,0.3291,0.3408,0.966,0.2862,0.2934,-0.0072,L2
2买,积累阶段 + 偏多共振,174,0.023,0.0224,1.026,0.2989,0.2934,0.0054,L2
2买,积累阶段 + 多头共振,174,0.023,0.0224,1.026,0.2989,0.2934,0.0054,L2
2买,积累阶段 + 火箭信号,167,0.0234,0.0209,1.12,0.3174,0.2934,0.0239,L2
2买,积累阶段 + 极限抄底,114,0.0137,0.0152,0.899,0.2719,0.2934,-0.0215,L2
2买,积累阶段 + 中枢进机会区,1589,0.2116,0.2036,1.039,0.3014,0.2934,0.008,L2
2买,积累阶段 + 中枢极限底,1823,0.2222,0.2421,0.918,0.2759,0.2934,-0.0175,L2
2买,积累阶段 + 中枢上穿中轴,656,0.1056,0.0765,1.38,0.3643,0.2934,0.0709,L2
2买,积累阶段 + 中枢底部蓄力,2694,0.3012,0.369,0.816,0.2532,0.2934,-0.0403,L2
2买,积累阶段 + 中枢底部回升,3120,0.3715,0.418,0.889,0.2696,0.2934,-0.0239,L2
2买,积累阶段 + 大盘多头,1625,0.1957,0.2168,0.903,0.2726,0.2934,-0.0208,L2
2买,积累阶段 + 大盘空头,1381,0.1718,0.182,0.944,0.2817,0.2934,-0.0117,L2
2买,积累阶段 + 大盘安全,2091,0.2394,0.2841,0.843,0.2592,0.2934,-0.0342,L2
2买,积累阶段 + SID等于1,1625,0.1957,0.2168,0.903,0.2726,0.2934,-0.0208,L2
2买,积累阶段 + SID等于2,2403,0.303,0.3149,0.962,0.2855,0.2934,-0.0079,L2
2买,积累阶段 + SID小于等于2,2816,0.3357,0.3771,0.89,0.2699,0.2934,-0.0235,L2
2买,积累阶段 + 大盘5日上涨,2752,0.3339,0.3661,0.912,0.2747,0.2934,-0.0187,L2
2买,积累阶段 + 相对强弱大于0,1554,0.2111,0.1974,1.07,0.3076,0.2934,0.0142,L2
2买,积累阶段 + 相对强弱大于5,314,0.0433,0.0396,1.093,0.3121,0.2934,0.0187,L2
2买,积累阶段 + 量比>=1.3,543,0.0742,0.0688,1.079,0.3094,0.2934,0.016,L2
2买,积累阶段 + 量比>=2,101,0.0133,0.013,1.018,0.297,0.2934,0.0036,L2
2买,积累阶段 + 距前高<=10%,373,0.0521,0.0468,1.114,0.3164,0.2934,0.0229,L2
2买,积累阶段 + 深跌(距前高>40%),178,0.0137,0.027,0.508,0.1742,0.2934,-0.1193,L2
2买,积累阶段 + 距前低<=10%,2336,0.2624,0.3195,0.821,0.2543,0.2934,-0.0391,L2
2买,积累阶段 + 相对强弱>=0,301,0.0362,0.0402,0.902,0.2724,0.2934,-0.021,L2
2买,威科夫B3弹簧 + 六脉红灯大于5,68,0.008,0.0092,0.867,0.2647,0.2934,-0.0287,L2
2买,威科夫B3弹簧 + 六脉红灯大于6,53,0.0057,0.0073,0.783,0.2453,0.2934,-0.0481,L2
2买,威科夫B3弹簧 + 六脉6红首发,53,0.0057,0.0073,0.783,0.2453,0.2934,-0.0481,L2
2买,威科夫B3弹簧 + 六脉5红首发,68,0.008,0.0092,0.867,0.2647,0.2934,-0.0287,L2
2买,威科夫B3弹簧 + 中枢极限底,55,0.0066,0.0073,0.903,0.2727,0.2934,-0.0207,L2
2买,威科夫B3弹簧 + 中枢底部蓄力,69,0.0057,0.0103,0.559,0.1884,0.2934,-0.105,L2
2买,威科夫B3弹簧 + 中枢底部回升,78,0.0075,0.0112,0.671,0.2179,0.2934,-0.0755,L2
2买,威科夫B3弹簧 + 大盘安全,56,0.0044,0.0084,0.524,0.1786,0.2934,-0.1148,L2
2买,威科夫B3弹簧 + SID小于等于2,63,0.0053,0.0094,0.567,0.1905,0.2934,-0.1029,L2
2买,威科夫B3弹簧 + 大盘5日上涨,72,0.008,0.0099,0.803,0.25,0.2934,-0.0434,L2
2买,威科夫B3弹簧 + 距前低<=10%,72,0.008,0.0099,0.803,0.25,0.2934,-0.0434,L2
2买,威科夫B1突破 + 六脉红灯大于5,54,0.0084,0.0064,1.307,0.3519,0.2934,0.0584,L2
2买,威科夫B1突破 + 六脉红灯大于6,53,0.0084,0.0062,1.346,0.3585,0.2934,0.0651,L2
2买,威科夫B1突破 + 六脉6红首发,53,0.0084,0.0062,1.346,0.3585,0.2934,0.0651,L2
2买,威科夫B1突破 + 六脉5红首发,54,0.0084,0.0064,1.307,0.3519,0.2934,0.0584,L2
2买,威科夫B1突破 + 相对强弱大于0,51,0.0084,0.0059,1.43,0.3725,0.2934,0.0791,L2
2买,黄金柱 + 量能金叉,157,0.023,0.0193,1.193,0.3312,0.2934,0.0378,L2
2买,黄金柱 + 六脉红灯大于5,477,0.061,0.0622,0.98,0.2893,0.2934,-0.0041,L2
2买,黄金柱 + 六脉红灯大于6,454,0.057,0.0596,0.956,0.2841,0.2934,-0.0093,L2
2买,黄金柱 + 六脉6红首发,454,0.057,0.0596,0.956,0.2841,0.2934,-0.0093,L2
2买,黄金柱 + 六脉5红首发,477,0.061,0.0622,0.98,0.2893,0.2934,-0.0041,L2
2买,黄金柱 + 偏多共振,60,0.0084,0.0075,1.116,0.3167,0.2934,0.0233,L2
2买,黄金柱 + 多头共振,60,0.0084,0.0075,1.116,0.3167,0.2934,0.0233,L2
2买,黄金柱 + 火箭信号,78,0.011,0.0097,1.136,0.3205,0.2934,0.0271,L2
2买,黄金柱 + 中枢进机会区,151,0.0186,0.02,0.928,0.2781,0.2934,-0.0153,L2
2买,黄金柱 + 中枢极限底,186,0.0212,0.0253,0.838,0.2581,0.2934,-0.0354,L2
2买,黄金柱 + 中枢上穿中轴,228,0.03,0.0293,1.023,0.2982,0.2934,0.0048,L2
2买,黄金柱 + 中枢底部蓄力,266,0.0322,0.0354,0.911,0.2744,0.2934,-0.019,L2
2买,黄金柱 + 中枢底部回升,329,0.0402,0.0437,0.921,0.2766,0.2934,-0.0168,L2
2买,黄金柱 + 大盘多头,242,0.0305,0.0317,0.96,0.2851,0.2934,-0.0083,L2
2买,黄金柱 + 大盘空头,170,0.0208,0.0226,0.92,0.2765,0.2934,-0.0169,L2
2买,黄金柱 + 大盘安全,309,0.0375,0.0411,0.914,0.2751,0.2934,-0.0183,L2
2买,黄金柱 + SID等于1,242,0.0305,0.0317,0.96,0.2851,0.2934,-0.0083,L2
2买,黄金柱 + SID等于2,272,0.0362,0.0348,1.039,0.3015,0.2934,0.0081,L2
2买,黄金柱 + SID小于等于2,374,0.0473,0.049,0.965,0.2861,0.2934,-0.0073,L2
2买,黄金柱 + 大盘5日上涨,405,0.0504,0.0534,0.943,0.2815,0.2934,-0.0119,L2
2买,黄金柱 + 相对强弱大于0,382,0.0477,0.0503,0.949,0.2827,0.2934,-0.0107,L2
2买,黄金柱 + 相对强弱大于5,151,0.0194,0.0196,0.99,0.2914,0.2934,-0.002,L2
2买,黄金柱 + 量比>=1.3,89,0.0119,0.0114,1.049,0.3034,0.2934,0.01,L2
2买,黄金柱 + 距前高<=10%,107,0.015,0.0134,1.122,0.3178,0.2934,0.0243,L2
2买,黄金柱 + 距前低<=10%,267,0.0349,0.0345,1.012,0.2959,0.2934,0.0025,L2
2买,黄金柱 + 相对强弱>=0,84,0.0097,0.0114,0.854,0.2619,0.2934,-0.0315,L2
2买,量能金叉 + 六脉红灯大于5,929,0.133,0.1152,1.154,0.324,0.2934,0.0306,L2
2买,量能金叉 + 六脉红灯大于6,794,0.1144,0.0981,1.166,0.3262,0.2934,0.0328,L2
2买,量能金叉 + 六脉6红首发,794,0.1144,0.0981,1.166,0.3262,0.2934,0.0328,L2
2买,量能金叉 + 六脉5红首发,929,0.133,0.1152,1.154,0.324,0.2934,0.0306,L2
2买,量能金叉 + 偏多共振,226,0.0252,0.031,0.812,0.2522,0.2934,-0.0412,L2
2买,量能金叉 + 多头共振,226,0.0252,0.031,0.812,0.2522,0.2934,-0.0412,L2
2买,量能金叉 + 火箭信号,173,0.03,0.0193,1.56,0.3931,0.2934,0.0996,L2
2买,量能金叉 + 中枢进机会区,514,0.0799,0.0611,1.309,0.3521,0.2934,0.0587,L2
2买,量能金叉 + 中枢极限底,407,0.068,0.0464,1.466,0.3784,0.2934,0.085,L2
2买,量能金叉 + 中枢上穿中轴,570,0.0826,0.0702,1.176,0.3281,0.2934,0.0347,L2
2买,量能金叉 + 中枢底部蓄力,514,0.0799,0.0611,1.309,0.3521,0.2934,0.0587,L2
2买,量能金叉 + 中枢底部回升,739,0.1162,0.0873,1.331,0.3559,0.2934,0.0625,L2
2买,量能金叉 + 大盘多头,576,0.076,0.0741,1.025,0.2986,0.2934,0.0052,L2
2买,量能金叉 + 大盘空头,365,0.0557,0.0438,1.27,0.3452,0.2934,0.0518,L2
2买,量能金叉 + 大盘安全,722,0.0958,0.0926,1.035,0.3006,0.2934,0.0071,L2
2买,量能金叉 + SID等于1,576,0.076,0.0741,1.025,0.2986,0.2934,0.0052,L2
2买,量能金叉 + SID等于2,765,0.1228,0.0893,1.375,0.3634,0.2934,0.07,L2
2买,量能金叉 + SID小于等于2,947,0.1383,0.1163,1.189,0.3305,0.2934,0.0371,L2
2买,量能金叉 + 大盘5日上涨,851,0.1175,0.1073,1.095,0.3126,0.2934,0.0192,L2
2买,量能金叉 + 相对强弱大于0,756,0.1082,0.0937,1.155,0.3241,0.2934,0.0307,L2
2买,量能金叉 + 相对强弱大于5,289,0.0446,0.0345,1.294,0.3495,0.2934,0.0561,L2
2买,量能金叉 + 量比>=1.3,370,0.0632,0.0416,1.517,0.3865,0.2934,0.0931,L2
2买,量能金叉 + 量比>=2,118,0.0163,0.0149,1.1,0.3136,0.2934,0.0201,L2
2买,量能金叉 + 距前高<=10%,279,0.0424,0.0336,1.263,0.3441,0.2934,0.0507,L2
2买,量能金叉 + 距前低<=10%,626,0.0963,0.0748,1.287,0.3482,0.2934,0.0548,L2
2买,量能金叉 + 相对强弱>=0,165,0.0216,0.0213,1.017,0.297,0.2934,0.0036,L2
2买,六脉红灯大于5 + 六脉红灯大于6,3409,0.4572,0.4354,1.05,0.3036,0.2934,0.0102,L2
2买,六脉红灯大于5 + 六脉6红首发,3409,0.4572,0.4354,1.05,0.3036,0.2934,0.0102,L2
2买,六脉红灯大于5 + 六脉5红首发,5145,0.6784,0.662,1.025,0.2985,0.2934,0.0051,L2
2买,六脉红灯大于5 + 偏多共振,578,0.0623,0.0802,0.777,0.2439,0.2934,-0.0495,L2
2买,六脉红灯大于5 + 多头共振,574,0.0623,0.0794,0.784,0.2456,0.2934,-0.0478,L2
2买,六脉红灯大于5 + 火箭信号,382,0.0592,0.0455,1.301,0.3508,0.2934,0.0574,L2
2买,六脉红灯大于5 + 极限抄底,167,0.0256,0.02,1.281,0.3473,0.2934,0.0539,L2
2买,六脉红灯大于5 + 中枢进机会区,1791,0.231,0.2326,0.993,0.292,0.2934,-0.0014,L2
2买,六脉红灯大于5 + 中枢极限底,2213,0.2858,0.2872,0.995,0.2924,0.2934,-0.0011,L2
2买,六脉红灯大于5 + 中枢上穿中轴,1432,0.216,0.173,1.249,0.3415,0.2934,0.0481,L2
2买,六脉红灯大于5 + 中枢底部蓄力,3305,0.417,0.4331,0.963,0.2856,0.2934,-0.0078,L2
2买,六脉红灯大于5 + 中枢底部回升,3867,0.4996,0.5018,0.995,0.2925,0.2934,-0.0009,L2
2买,六脉红灯大于5 + 大盘多头,2230,0.2694,0.2971,0.907,0.2735,0.2934,-0.0199,L2
2买,六脉红灯大于5 + 大盘空头,2015,0.2787,0.2539,1.098,0.3132,0.2934,0.0197,L2
2买,六脉红灯大于5 + 大盘安全,2873,0.3335,0.3885,0.858,0.2628,0.2934,-0.0306,L2
2买,六脉红灯大于5 + SID等于1,2230,0.2694,0.2971,0.907,0.2735,0.2934,-0.0199,L2
2买,六脉红灯大于5 + SID等于2,3157,0.4187,0.4052,1.033,0.3003,0.2934,0.0069,L2
2买,六脉红灯大于5 + SID小于等于2,3790,0.4695,0.5002,0.939,0.2805,0.2934,-0.0129,L2
2买,六脉红灯大于5 + 大盘5日上涨,4048,0.5049,0.5328,0.948,0.2824,0.2934,-0.0111,L2
2买,六脉红灯大于5 + 相对强弱大于0,2618,0.3613,0.3302,1.094,0.3125,0.2934,0.019,L2
2买,六脉红灯大于5 + 相对强弱大于5,661,0.0919,0.0831,1.106,0.3147,0.2934,0.0213,L2
2买,六脉红灯大于5 + 量比>=1.3,797,0.1268,0.0935,1.355,0.3601,0.2934,0.0667,L2
2买,六脉红灯大于5 + 量比>=2,173,0.0239,0.0218,1.093,0.3121,0.2934,0.0187,L2
2买,六脉红灯大于5 + 距前高<=10%,769,0.1144,0.0935,1.223,0.3368,0.2934,0.0434,L2
2买,六脉红灯大于5 + 深跌(距前高>40%),188,0.019,0.0266,0.714,0.2287,0.2934,-0.0647,L2
2买,六脉红灯大于5 + 距前低<=10%,2941,0.3719,0.385,0.966,0.2863,0.2934,-0.0071,L2
2买,六脉红灯大于5 + 相对强弱>=0,536,0.0738,0.0677,1.09,0.3116,0.2934,0.0182,L2
2买,六脉红灯大于6 + 六脉6红首发,3409,0.4572,0.4354,1.05,0.3036,0.2934,0.0102,L2
2买,六脉红灯大于6 + 六脉5红首发,3409,0.4572,0.4354,1.05,0.3036,0.2934,0.0102,L2
2买,六脉红灯大于6 + 偏多共振,420,0.0437,0.0589,0.743,0.2357,0.2934,-0.0577,L2
2买,六脉红灯大于6 + 多头共振,416,0.0437,0.0581,0.752,0.238,0.2934,-0.0554,L2
2买,六脉红灯大于6 + 火箭信号,358,0.053,0.0437,1.214,0.3352,0.2934,0.0418,L2
2买,六脉红灯大于6 + 中枢进机会区,1235,0.1625,0.159,1.022,0.298,0.2934,0.0046,L2
2买,六脉红灯大于6 + 中枢极限底,1326,0.1745,0.1708,1.022,0.2979,0.2934,0.0045,L2
2买,六脉红灯大于6 + 中枢上穿中轴,1286,0.1943,0.1552,1.252,0.3421,0.2934,0.0487,L2
2买,六脉红灯大于6 + 中枢底部蓄力,1985,0.2593,0.2564,1.011,0.2957,0.2934,0.0023,L2
2买,六脉红灯大于6 + 中枢底部回升,2453,0.3273,0.314,1.042,0.3021,0.2934,0.0087,L2
2买,六脉红灯大于6 + 大盘多头,1645,0.2036,0.2172,0.938,0.2802,0.2934,-0.0132,L2
2买,六脉红灯大于6 + 大盘空头,1270,0.1846,0.1563,1.181,0.3291,0.2934,0.0357,L2
2买,六脉红灯大于6 + 大盘安全,2118,0.2549,0.2826,0.902,0.2724,0.2934,-0.021,L2
2买,六脉红灯大于6 + SID等于1,1645,0.2036,0.2172,0.938,0.2802,0.2934,-0.0132,L2
2买,六脉红灯大于6 + SID等于2,2131,0.2867,0.2718,1.055,0.3046,0.2934,0.0111,L2
2买,六脉红灯大于6 + SID小于等于2,2608,0.3269,0.3426,0.954,0.2837,0.2934,-0.0097,L2
2买,六脉红灯大于6 + 大盘5日上涨,2752,0.3542,0.3577,0.99,0.2914,0.2934,-0.002,L2
2买,六脉红灯大于6 + 相对强弱大于0,2173,0.2981,0.2748,1.085,0.3106,0.2934,0.0172,L2
2买,六脉红灯大于6 + 相对强弱大于5,628,0.0866,0.0792,1.093,0.3121,0.2934,0.0187,L2
2买,六脉红灯大于6 + 量比>=1.3,583,0.0883,0.0702,1.258,0.3431,0.2934,0.0496,L2
2买,六脉红灯大于6 + 量比>=2,138,0.0181,0.0178,1.018,0.2971,0.2934,0.0037,L2
2买,六脉红灯大于6 + 距前高<=10%,647,0.0963,0.0787,1.224,0.3369,0.2934,0.0435,L2
2买,六脉红灯大于6 + 深跌(距前高>40%),83,0.0071,0.0123,0.575,0.1928,0.2934,-0.1006,L2
2买,六脉红灯大于6 + 距前低<=10%,1847,0.2425,0.2381,1.019,0.2972,0.2934,0.0038,L2
2买,六脉红灯大于6 + 相对强弱>=0,451,0.0623,0.0569,1.095,0.3126,0.2934,0.0192,L2
2买,六脉6红首发 + 六脉5红首发,3409,0.4572,0.4354,1.05,0.3036,0.2934,0.0102,L2
2买,六脉6红首发 + 偏多共振,420,0.0437,0.0589,0.743,0.2357,0.2934,-0.0577,L2
2买,六脉6红首发 + 多头共振,416,0.0437,0.0581,0.752,0.238,0.2934,-0.0554,L2
2买,六脉6红首发 + 火箭信号,358,0.053,0.0437,1.214,0.3352,0.2934,0.0418,L2
2买,六脉6红首发 + 中枢进机会区,1235,0.1625,0.159,1.022,0.298,0.2934,0.0046,L2
2买,六脉6红首发 + 中枢极限底,1326,0.1745,0.1708,1.022,0.2979,0.2934,0.0045,L2
2买,六脉6红首发 + 中枢上穿中轴,1286,0.1943,0.1552,1.252,0.3421,0.2934,0.0487,L2
2买,六脉6红首发 + 中枢底部蓄力,1985,0.2593,0.2564,1.011,0.2957,0.2934,0.0023,L2
2买,六脉6红首发 + 中枢底部回升,2453,0.3273,0.314,1.042,0.3021,0.2934,0.0087,L2
2买,六脉6红首发 + 大盘多头,1645,0.2036,0.2172,0.938,0.2802,0.2934,-0.0132,L2
2买,六脉6红首发 + 大盘空头,1270,0.1846,0.1563,1.181,0.3291,0.2934,0.0357,L2
2买,六脉6红首发 + 大盘安全,2118,0.2549,0.2826,0.902,0.2724,0.2934,-0.021,L2
2买,六脉6红首发 + SID等于1,1645,0.2036,0.2172,0.938,0.2802,0.2934,-0.0132,L2
2买,六脉6红首发 + SID等于2,2131,0.2867,0.2718,1.055,0.3046,0.2934,0.0111,L2
2买,六脉6红首发 + SID小于等于2,2608,0.3269,0.3426,0.954,0.2837,0.2934,-0.0097,L2
2买,六脉6红首发 + 大盘5日上涨,2752,0.3542,0.3577,0.99,0.2914,0.2934,-0.002,L2
2买,六脉6红首发 + 相对强弱大于0,2173,0.2981,0.2748,1.085,0.3106,0.2934,0.0172,L2
2买,六脉6红首发 + 相对强弱大于5,628,0.0866,0.0792,1.093,0.3121,0.2934,0.0187,L2
2买,六脉6红首发 + 量比>=1.3,583,0.0883,0.0702,1.258,0.3431,0.2934,0.0496,L2
2买,六脉6红首发 + 量比>=2,138,0.0181,0.0178,1.018,0.2971,0.2934,0.0037,L2
2买,六脉6红首发 + 距前高<=10%,647,0.0963,0.0787,1.224,0.3369,0.2934,0.0435,L2
2买,六脉6红首发 + 深跌(距前高>40%),83,0.0071,0.0123,0.575,0.1928,0.2934,-0.1006,L2
2买,六脉6红首发 + 距前低<=10%,1847,0.2425,0.2381,1.019,0.2972,0.2934,0.0038,L2
2买,六脉6红首发 + 相对强弱>=0,451,0.0623,0.0569,1.095,0.3126,0.2934,0.0192,L2
2买,六脉5红首发 + 偏多共振,578,0.0623,0.0802,0.777,0.2439,0.2934,-0.0495,L2
2买,六脉5红首发 + 多头共振,574,0.0623,0.0794,0.784,0.2456,0.2934,-0.0478,L2
2买,六脉5红首发 + 火箭信号,382,0.0592,0.0455,1.301,0.3508,0.2934,0.0574,L2
2买,六脉5红首发 + 极限抄底,167,0.0256,0.02,1.281,0.3473,0.2934,0.0539,L2
2买,六脉5红首发 + 中枢进机会区,1791,0.231,0.2326,0.993,0.292,0.2934,-0.0014,L2
2买,六脉5红首发 + 中枢极限底,2213,0.2858,0.2872,0.995,0.2924,0.2934,-0.0011,L2
2买,六脉5红首发 + 中枢上穿中轴,1432,0.216,0.173,1.249,0.3415,0.2934,0.0481,L2
2买,六脉5红首发 + 中枢底部蓄力,3305,0.417,0.4331,0.963,0.2856,0.2934,-0.0078,L2
2买,六脉5红首发 + 中枢底部回升,3867,0.4996,0.5018,0.995,0.2925,0.2934,-0.0009,L2
2买,六脉5红首发 + 大盘多头,2230,0.2694,0.2971,0.907,0.2735,0.2934,-0.0199,L2
2买,六脉5红首发 + 大盘空头,2015,0.2787,0.2539,1.098,0.3132,0.2934,0.0197,L2
2买,六脉5红首发 + 大盘安全,2873,0.3335,0.3885,0.858,0.2628,0.2934,-0.0306,L2
2买,六脉5红首发 + SID等于1,2230,0.2694,0.2971,0.907,0.2735,0.2934,-0.0199,L2
2买,六脉5红首发 + SID等于2,3157,0.4187,0.4052,1.033,0.3003,0.2934,0.0069,L2
2买,六脉5红首发 + SID小于等于2,3790,0.4695,0.5002,0.939,0.2805,0.2934,-0.0129,L2
2买,六脉5红首发 + 大盘5日上涨,4048,0.5049,0.5328,0.948,0.2824,0.2934,-0.0111,L2
2买,六脉5红首发 + 相对强弱大于0,2618,0.3613,0.3302,1.094,0.3125,0.2934,0.019,L2
2买,六脉5红首发 + 相对强弱大于5,661,0.0919,0.0831,1.106,0.3147,0.2934,0.0213,L2
2买,六脉5红首发 + 量比>=1.3,797,0.1268,0.0935,1.355,0.3601,0.2934,0.0667,L2
2买,六脉5红首发 + 量比>=2,173,0.0239,0.0218,1.093,0.3121,0.2934,0.0187,L2
2买,六脉5红首发 + 距前高<=10%,769,0.1144,0.0935,1.223,0.3368,0.2934,0.0434,L2
2买,六脉5红首发 + 深跌(距前高>40%),188,0.019,0.0266,0.714,0.2287,0.2934,-0.0647,L2
2买,六脉5红首发 + 距前低<=10%,2941,0.3719,0.385,0.966,0.2863,0.2934,-0.0071,L2
2买,六脉5红首发 + 相对强弱>=0,536,0.0738,0.0677,1.09,0.3116,0.2934,0.0182,L2
2买,偏多共振 + 多头共振,1145,0.1206,0.1599,0.754,0.2384,0.2934,-0.055,L2
2买,偏多共振 + 火箭信号,88,0.0141,0.0103,1.376,0.3636,0.2934,0.0702,L2
2买,偏多共振 + 中枢进机会区,271,0.034,0.0356,0.956,0.2841,0.2934,-0.0093,L2
2买,偏多共振 + 中枢极限底,119,0.0177,0.0145,1.219,0.3361,0.2934,0.0427,L2
2买,偏多共振 + 中枢上穿中轴,454,0.0464,0.064,0.725,0.2313,0.2934,-0.0621,L2
2买,偏多共振 + 中枢底部蓄力,134,0.015,0.0183,0.819,0.2537,0.2934,-0.0397,L2
2买,偏多共振 + 中枢底部回升,315,0.0389,0.0416,0.934,0.2794,0.2934,-0.0141,L2
2买,偏多共振 + 大盘多头,754,0.0663,0.1108,0.598,0.1989,0.2934,-0.0945,L2
2买,偏多共振 + 大盘空头,173,0.0186,0.024,0.772,0.2428,0.2934,-0.0506,L2
2买,偏多共振 + 大盘安全,833,0.0724,0.1227,0.59,0.1969,0.2934,-0.0965,L2
2买,偏多共振 + SID等于1,754,0.0663,0.1108,0.598,0.1989,0.2934,-0.0945,L2
2买,偏多共振 + SID等于2,790,0.0905,0.1073,0.844,0.2595,0.2934,-0.0339,L2
2买,偏多共振 + SID小于等于2,1060,0.11,0.1488,0.739,0.2349,0.2934,-0.0585,L2
2买,偏多共振 + 大盘5日上涨,813,0.0729,0.1189,0.613,0.203,0.2934,-0.0905,L2
2买,偏多共振 + 相对强弱大于0,564,0.0658,0.0761,0.865,0.2642,0.2934,-0.0292,L2
2买,偏多共振 + 相对强弱大于5,172,0.0199,0.0233,0.853,0.2616,0.2934,-0.0318,L2
2买,偏多共振 + 量比>=1.3,119,0.015,0.0156,0.963,0.2857,0.2934,-0.0077,L2
2买,偏多共振 + 距前高<=10%,263,0.0318,0.035,0.908,0.2738,0.2934,-0.0197,L2
2买,偏多共振 + 距前低<=10%,187,0.0221,0.0251,0.879,0.2674,0.2934,-0.026,L2
2买,偏多共振 + 相对强弱>=0,121,0.015,0.016,0.941,0.281,0.2934,-0.0124,L2
2买,多头共振 + 火箭信号,88,0.0141,0.0103,1.376,0.3636,0.2934,0.0702,L2
2买,多头共振 + 中枢进机会区,271,0.034,0.0356,0.956,0.2841,0.2934,-0.0093,L2
2买,多头共振 + 中枢极限底,119,0.0177,0.0145,1.219,0.3361,0.2934,0.0427,L2
2买,多头共振 + 中枢上穿中轴,452,0.0464,0.0636,0.729,0.2323,0.2934,-0.0611,L2
2买,多头共振 + 中枢底部蓄力,134,0.015,0.0183,0.819,0.2537,0.2934,-0.0397,L2
2买,多头共振 + 中枢底部回升,313,0.0389,0.0413,0.942,0.2812,0.2934,-0.0123,L2
2买,多头共振 + 大盘多头,753,0.0663,0.1106,0.599,0.1992,0.2934,-0.0942,L2
2买,多头共振 + 大盘空头,173,0.0186,0.024,0.772,0.2428,0.2934,-0.0506,L2
2买,多头共振 + 大盘安全,831,0.0724,0.1223,0.592,0.1974,0.2934,-0.0961,L2
2买,多头共振 + SID等于1,753,0.0663,0.1106,0.599,0.1992,0.2934,-0.0942,L2
2买,多头共振 + SID等于2,787,0.0905,0.1067,0.848,0.2605,0.2934,-0.0329,L2
2买,多头共振 + SID小于等于2,1056,0.11,0.148,0.743,0.2358,0.2934,-0.0576,L2
2买,多头共振 + 大盘5日上涨,809,0.0729,0.1181,0.617,0.204,0.2934,-0.0895,L2
2买,多头共振 + 相对强弱大于0,560,0.0658,0.0754,0.873,0.2661,0.2934,-0.0273,L2
2买,多头共振 + 相对强弱大于5,172,0.0199,0.0233,0.853,0.2616,0.2934,-0.0318,L2
2买,多头共振 + 量比>=1.3,118,0.015,0.0154,0.975,0.2881,0.2934,-0.0053,L2
2买,多头共振 + 距前高<=10%,263,0.0318,0.035,0.908,0.2738,0.2934,-0.0197,L2
2买,多头共振 + 距前低<=10%,187,0.0221,0.0251,0.879,0.2674,0.2934,-0.026,L2
2买,多头共振 + 相对强弱>=0,121,0.015,0.016,0.941,0.281,0.2934,-0.0124,L2
2买,火箭信号 + 二次涨停,50,0.0062,0.0066,0.936,0.28,0.2934,-0.0134,L2
2买,火箭信号 + 中枢进机会区,157,0.0261,0.018,1.45,0.3758,0.2934,0.0824,L2
2买,火箭信号 + 中枢极限底,172,0.0292,0.0194,1.499,0.3837,0.2934,0.0903,L2
2买,火箭信号 + 中枢上穿中轴,247,0.0375,0.0297,1.264,0.3441,0.2934,0.0507,L2
2买,火箭信号 + 中枢底部蓄力,223,0.0345,0.0266,1.295,0.3498,0.2934,0.0564,L2
2买,火箭信号 + 中枢底部回升,277,0.0459,0.0317,1.448,0.3755,0.2934,0.082,L2
2买,火箭信号 + 大盘多头,188,0.0292,0.0224,1.303,0.3511,0.2934,0.0576,L2
2买,火箭信号 + 大盘空头,153,0.0212,0.0193,1.101,0.3137,0.2934,0.0203,L2
2买,火箭信号 + 大盘安全,251,0.0367,0.0308,1.19,0.3307,0.2934,0.0373,L2
2买,火箭信号 + SID等于1,188,0.0292,0.0224,1.303,0.3511,0.2934,0.0576,L2
2买,火箭信号 + SID等于2,277,0.0481,0.0308,1.562,0.3935,0.2934,0.1001,L2
2买,火箭信号 + SID小于等于2,333,0.0543,0.0385,1.41,0.3694,0.2934,0.076,L2
2买,火箭信号 + 大盘5日上涨,297,0.0446,0.036,1.241,0.3401,0.2934,0.0467,L2
2买,火箭信号 + 相对强弱大于0,340,0.0534,0.0402,1.331,0.3559,0.2934,0.0625,L2
2买,火箭信号 + 相对强弱大于5,245,0.0371,0.0295,1.256,0.3429,0.2934,0.0494,L2
2买,火箭信号 + 量比>=1.3,109,0.0181,0.0125,1.452,0.3761,0.2934,0.0827,L2
2买,火箭信号 + 距前低<=10%,144,0.0239,0.0165,1.445,0.375,0.2934,0.0816,L2
2买,极限抄底 + 中枢进机会区,60,0.0097,0.007,1.394,0.3667,0.2934,0.0733,L2
2买,极限抄底 + 中枢极限底,171,0.0256,0.0207,1.236,0.3392,0.2934,0.0458,L2
2买,极限抄底 + 中枢底部蓄力,292,0.0459,0.0345,1.332,0.3562,0.2934,0.0627,L2
2买,极限抄底 + 中枢底部回升,299,0.0477,0.035,1.362,0.3612,0.2934,0.0678,L2
2买,极限抄底 + 大盘空头,116,0.0133,0.0158,0.84,0.2586,0.2934,-0.0348,L2
2买,极限抄底 + 大盘安全,51,0.0066,0.0066,1.003,0.2941,0.2934,0.0007,L2
2买,极限抄底 + SID等于2,212,0.0384,0.0229,1.676,0.4104,0.2934,0.117,L2
2买,极限抄底 + SID小于等于2,225,0.0398,0.0248,1.605,0.4,0.2934,0.1066,L2
2买,极限抄底 + 大盘5日上涨,126,0.0146,0.0171,0.854,0.2619,0.2934,-0.0315,L2
2买,极限抄底 + 量比>=1.3,79,0.0208,0.0059,3.537,0.5949,0.2934,0.3015,L2
2买,极限抄底 + 深跌(距前高>40%),53,0.0088,0.0061,1.459,0.3774,0.2934,0.0839,L2
2买,极限抄底 + 距前低<=10%,214,0.0305,0.0266,1.146,0.3224,0.2934,0.029,L2
2买,中枢进机会区 + 中枢极限底,1564,0.2248,0.1935,1.162,0.3254,0.2934,0.032,L2
2买,中枢进机会区 + 中枢上穿中轴,497,0.0804,0.0578,1.391,0.3662,0.2934,0.0728,L2
2买,中枢进机会区 + 中枢底部蓄力,2063,0.2513,0.274,0.917,0.2758,0.2934,-0.0176,L2
2买,中枢进机会区 + 中枢底部回升,2702,0.3635,0.3446,1.055,0.3046,0.2934,0.0112,L2
2买,中枢进机会区 + 大盘多头,1297,0.1586,0.172,0.922,0.2768,0.2934,-0.0166,L2
2买,中枢进机会区 + 大盘空头,1021,0.1453,0.1269,1.145,0.3222,0.2934,0.0288,L2
2买,中枢进机会区 + 大盘安全,1624,0.1904,0.2188,0.87,0.2654,0.2934,-0.028,L2
2买,中枢进机会区 + SID等于1,1297,0.1586,0.172,0.922,0.2768,0.2934,-0.0166,L2
2买,中枢进机会区 + SID等于2,1990,0.2663,0.2544,1.047,0.303,0.2934,0.0096,L2
2买,中枢进机会区 + SID小于等于2,2292,0.2928,0.2988,0.98,0.2893,0.2934,-0.0041,L2
2买,中枢进机会区 + 大盘5日上涨,2155,0.2809,0.2786,1.008,0.2951,0.2934,0.0017,L2
2买,中枢进机会区 + 相对强弱大于0,1228,0.1674,0.1557,1.075,0.3086,0.2934,0.0152,L2
2买,中枢进机会区 + 相对强弱大于5,264,0.0331,0.0347,0.956,0.2841,0.2934,-0.0093,L2
2买,中枢进机会区 + 量比>=1.3,429,0.0716,0.049,1.461,0.3776,0.2934,0.0842,L2
2买,中枢进机会区 + 量比>=2,87,0.0124,0.0108,1.143,0.3218,0.2934,0.0284,L2
2买,中枢进机会区 + 距前高<=10%,327,0.0499,0.0393,1.272,0.3456,0.2934,0.0521,L2
2买,中枢进机会区 + 深跌(距前高>40%),73,0.0088,0.0097,0.909,0.274,0.2934,-0.0194,L2
2买,中枢进机会区 + 距前低<=10%,1772,0.2288,0.23,0.995,0.2923,0.2934,-0.0011,L2
2买,中枢进机会区 + 相对强弱>=0,253,0.0345,0.0321,1.073,0.3083,0.2934,0.0149,L2
2买,中枢极限底 + 中枢上穿中轴,343,0.0539,0.0405,1.329,0.3557,0.2934,0.0623,L2
2买,中枢极限底 + 中枢底部蓄力,2918,0.3693,0.3819,0.967,0.2865,0.2934,-0.0069,L2
2买,中枢极限底 + 中枢底部回升,3146,0.4183,0.4033,1.037,0.301,0.2934,0.0076,L2
2买,中枢极限底 + 大盘多头,1072,0.1316,0.142,0.927,0.278,0.2934,-0.0154,L2
2买,中枢极限底 + 大盘空头,1395,0.1807,0.1809,0.999,0.2932,0.2934,-0.0002,L2
2买,中枢极限底 + 大盘安全,1471,0.1661,0.2008,0.827,0.2556,0.2934,-0.0378,L2
2买,中枢极限底 + SID等于1,1072,0.1316,0.142,0.927,0.278,0.2934,-0.0154,L2
2买,中枢极限底 + SID等于2,1989,0.2712,0.2522,1.075,0.3087,0.2934,0.0153,L2
2买,中枢极限底 + SID小于等于2,2253,0.2933,0.2915,1.006,0.2947,0.2934,0.0013,L2
2买,中枢极限底 + 大盘5日上涨,2390,0.2933,0.3166,0.926,0.2778,0.2934,-0.0156,L2
2买,中枢极限底 + 相对强弱大于0,1187,0.1661,0.1488,1.116,0.3168,0.2934,0.0233,L2
2买,中枢极限底 + 相对强弱大于5,248,0.0349,0.031,1.126,0.3185,0.2934,0.0251,L2
2买,中枢极限底 + 量比>=1.3,488,0.0866,0.0536,1.616,0.4016,0.2934,0.1082,L2
2买,中枢极限底 + 量比>=2,87,0.0141,0.0101,1.401,0.3678,0.2934,0.0744,L2
2买,中枢极限底 + 距前高<=10%,188,0.0234,0.0248,0.945,0.2819,0.2934,-0.0115,L2
2买,中枢极限底 + 深跌(距前高>40%),144,0.0141,0.0205,0.688,0.2222,0.2934,-0.0712,L2
2买,中枢极限底 + 距前低<=10%,2208,0.2787,0.2893,0.964,0.2858,0.2934,-0.0076,L2
2买,中枢极限底 + 相对强弱>=0,216,0.0305,0.027,1.13,0.3194,0.2934,0.026,L2
2买,中枢上穿中轴 + 中枢底部蓄力,439,0.0645,0.0537,1.2,0.3326,0.2934,0.0392,L2
2买,中枢上穿中轴 + 中枢底部回升,754,0.1162,0.0901,1.29,0.3488,0.2934,0.0554,L2
2买,中枢上穿中轴 + 大盘多头,934,0.125,0.1194,1.047,0.303,0.2934,0.0096,L2
2买,中枢上穿中轴 + 大盘空头,452,0.0746,0.0519,1.438,0.3739,0.2934,0.0805,L2
2买,中枢上穿中轴 + 大盘安全,1131,0.148,0.146,1.013,0.2962,0.2934,0.0028,L2
2买,中枢上穿中轴 + SID等于1,934,0.125,0.1194,1.047,0.303,0.2934,0.0096,L2
2买,中枢上穿中轴 + SID等于2,1124,0.1683,0.1363,1.235,0.339,0.2934,0.0456,L2
2买,中枢上穿中轴 + SID小于等于2,1387,0.1904,0.1753,1.086,0.3107,0.2934,0.0173,L2
2买,中枢上穿中轴 + 大盘5日上涨,1264,0.1793,0.1574,1.14,0.3212,0.2934,0.0278,L2
2买,中枢上穿中轴 + 相对强弱大于0,1148,0.1709,0.1396,1.225,0.3371,0.2934,0.0437,L2
2买,中枢上穿中轴 + 相对强弱大于5,424,0.0614,0.0523,1.174,0.3278,0.2934,0.0344,L2
2买,中枢上穿中轴 + 量比>=1.3,304,0.0468,0.0363,1.289,0.3487,0.2934,0.0553,L2
2买,中枢上穿中轴 + 量比>=2,80,0.0084,0.0112,0.75,0.2375,0.2934,-0.0559,L2
2买,中枢上穿中轴 + 距前高<=10%,482,0.0751,0.0572,1.312,0.3527,0.2934,0.0593,L2
2买,中枢上穿中轴 + 距前低<=10%,654,0.0954,0.0803,1.188,0.3303,0.2934,0.0369,L2
2买,中枢上穿中轴 + 相对强弱>=0,220,0.0314,0.0273,1.147,0.3227,0.2934,0.0293,L2
2买,中枢底部蓄力 + 中枢底部回升,4622,0.5786,0.6075,0.952,0.2834,0.2934,-0.01,L2
2买,中枢底部蓄力 + 大盘多头,1644,0.1718,0.2302,0.746,0.2366,0.2934,-0.0568,L2
2买,中枢底部蓄力 + 大盘空头,1963,0.254,0.2546,0.998,0.2929,0.2934,-0.0005,L2
2买,中枢底部蓄力 + 大盘安全,2251,0.2253,0.3193,0.705,0.2266,0.2934,-0.0669,L2
2买,中枢底部蓄力 + SID等于1,1644,0.1718,0.2302,0.746,0.2366,0.2934,-0.0568,L2
2买,中枢底部蓄力 + SID等于2,2951,0.3587,0.3923,0.914,0.2752,0.2934,-0.0183,L2
2买,中枢底部蓄力 + SID小于等于2,3437,0.3984,0.465,0.857,0.2624,0.2934,-0.031,L2
2买,中枢底部蓄力 + 大盘5日上涨,3415,0.3887,0.465,0.836,0.2577,0.2934,-0.0357,L2
2买,中枢底部蓄力 + 相对强弱大于0,1659,0.2231,0.2117,1.054,0.3044,0.2934,0.011,L2
2买,中枢底部蓄力 + 相对强弱大于5,344,0.0468,0.0437,1.073,0.3081,0.2934,0.0147,L2
2买,中枢底部蓄力 + 量比>=1.3,667,0.1135,0.0752,1.509,0.3853,0.2934,0.0919,L2
2买,中枢底部蓄力 + 量比>=2,123,0.0208,0.0139,1.489,0.3821,0.2934,0.0887,L2
2买,中枢底部蓄力 + 距前高<=10%,241,0.0269,0.033,0.816,0.2531,0.2934,-0.0403,L2
2买,中枢底部蓄力 + 深跌(距前高>40%),257,0.0274,0.0358,0.766,0.2412,0.2934,-0.0522,L2
2买,中枢底部蓄力 + 距前低<=10%,3315,0.4037,0.4404,0.917,0.2757,0.2934,-0.0177,L2
2买,中枢底部蓄力 + 相对强弱>=0,293,0.0411,0.0367,1.12,0.3174,0.2934,0.024,L2
2买,中枢底部回升 + 大盘多头,2077,0.2403,0.2812,0.855,0.2619,0.2934,-0.0315,L2
2买,中枢底部回升 + 大盘空头,2221,0.2928,0.2858,1.025,0.2985,0.2934,0.0051,L2
2买,中枢底部回升 + 大盘安全,2770,0.3048,0.3815,0.799,0.2491,0.2934,-0.0443,L2
2买,中枢底部回升 + SID等于1,2077,0.2403,0.2812,0.855,0.2619,0.2934,-0.0315,L2
2买,中枢底部回升 + SID等于2,3584,0.4647,0.4644,1.001,0.2935,0.2934,0.0001,L2
2买,中枢底部回升 + SID小于等于2,4136,0.511,0.5464,0.935,0.2797,0.2934,-0.0137,L2
2买,中枢底部回升 + 大盘5日上涨,4012,0.485,0.5345,0.907,0.2737,0.2934,-0.0197,L2
2买,中枢底部回升 + 相对强弱大于0,2095,0.288,0.2647,1.088,0.3112,0.2934,0.0178,L2
2买,中枢底部回升 + 相对强弱大于5,449,0.0627,0.0563,1.114,0.3163,0.2934,0.0228,L2
2买,中枢底部回升 + 量比>=1.3,837,0.1422,0.0945,1.506,0.3847,0.2934,0.0913,L2
2买,中枢底部回升 + 量比>=2,146,0.023,0.0172,1.332,0.3562,0.2934,0.0627,L2
2买,中枢底部回升 + 距前高<=10%,428,0.0587,0.0541,1.086,0.3107,0.2934,0.0173,L2
2买,中枢底部回升 + 深跌(距前高>40%),269,0.0296,0.0371,0.799,0.2491,0.2934,-0.0443,L2
2买,中枢底部回升 + 距前低<=10%,3699,0.462,0.4866,0.949,0.2828,0.2934,-0.0106,L2
2买,中枢底部回升 + 相对强弱>=0,382,0.0526,0.0482,1.09,0.3115,0.2934,0.0181,L2
2买,大盘多头 + 大盘安全,3503,0.4095,0.4725,0.867,0.2646,0.2934,-0.0288,L2
2买,大盘多头 + SID等于1,3503,0.4095,0.4725,0.867,0.2646,0.2934,-0.0288,L2
2买,大盘多头 + SID等于2,2536,0.3273,0.3292,0.994,0.2922,0.2934,-0.0012,L2
2买,大盘多头 + SID小于等于2,3503,0.4095,0.4725,0.867,0.2646,0.2934,-0.0288,L2
2买,大盘多头 + 大盘5日上涨,3178,0.375,0.4272,0.878,0.2671,0.2934,-0.0263,L2
2买,大盘多头 + 相对强弱大于0,1152,0.1378,0.1541,0.894,0.2708,0.2934,-0.0226,L2
2买,大盘多头 + 相对强弱大于5,229,0.0318,0.0288,1.104,0.3144,0.2934,0.021,L2
2买,大盘多头 + 量比>=1.3,434,0.0618,0.0539,1.147,0.3226,0.2934,0.0292,L2
2买,大盘多头 + 量比>=2,85,0.0115,0.0108,1.061,0.3059,0.2934,0.0125,L2
2买,大盘多头 + 距前高<=10%,640,0.0844,0.0824,1.024,0.2984,0.2934,0.005,L2
2买,大盘多头 + 深跌(距前高>40%),69,0.0088,0.009,0.983,0.2899,0.2934,-0.0036,L2
2买,大盘多头 + 距前低<=10%,1398,0.1374,0.1994,0.689,0.2225,0.2934,-0.071,L2
2买,大盘多头 + 相对强弱>=0,153,0.0203,0.0196,1.035,0.3007,0.2934,0.0072,L2
2买,大盘空头 + 大盘安全,709,0.0738,0.0994,0.742,0.2355,0.2934,-0.0579,L2
2买,大盘空头 + SID等于2,960,0.0967,0.1359,0.712,0.2281,0.2934,-0.0653,L2
2买,大盘空头 + SID小于等于2,960,0.0967,0.1359,0.712,0.2281,0.2934,-0.0653,L2
2买,大盘空头 + 大盘5日上涨,1896,0.2509,0.2436,1.03,0.2996,0.2934,0.0062,L2
2买,大盘空头 + 相对强弱大于0,1443,0.2085,0.1781,1.171,0.3271,0.2934,0.0337,L2
2买,大盘空头 + 相对强弱大于5,333,0.042,0.0437,0.961,0.2853,0.2934,-0.0081,L2
2买,大盘空头 + 量比>=1.3,355,0.0512,0.0438,1.169,0.3268,0.2934,0.0333,L2
2买,大盘空头 + 量比>=2,60,0.0088,0.0073,1.204,0.3333,0.2934,0.0399,L2
2买,大盘空头 + 距前高<=10%,328,0.0495,0.0396,1.249,0.3415,0.2934,0.048,L2
2买,大盘空头 + 深跌(距前高>40%),125,0.0093,0.0191,0.486,0.168,0.2934,-0.1254,L2
2买,大盘空头 + 距前低<=10%,1985,0.2792,0.2482,1.125,0.3184,0.2934,0.025,L2
2买,大盘空头 + 相对强弱>=0,359,0.0499,0.0451,1.106,0.3148,0.2934,0.0213,L2
2买,大盘安全 + SID等于1,3503,0.4095,0.4725,0.867,0.2646,0.2934,-0.0288,L2
2买,大盘安全 + SID等于2,3392,0.4121,0.451,0.914,0.2751,0.2934,-0.0184,L2
2买,大盘安全 + SID小于等于2,4359,0.4943,0.5943,0.832,0.2567,0.2934,-0.0367,L2
2买,大盘安全 + 大盘5日上涨,4034,0.4598,0.549,0.838,0.2581,0.2934,-0.0354,L2
2买,大盘安全 + 相对强弱大于0,1473,0.1731,0.1983,0.873,0.2661,0.2934,-0.0273,L2
2买,大盘安全 + 相对强弱大于5,284,0.038,0.0363,1.046,0.3028,0.2934,0.0094,L2
2买,大盘安全 + 量比>=1.3,578,0.0804,0.0726,1.107,0.3149,0.2934,0.0215,L2
2买,大盘安全 + 量比>=2,108,0.0141,0.0139,1.014,0.2963,0.2934,0.0029,L2
2买,大盘安全 + 距前高<=10%,766,0.1007,0.0987,1.021,0.2977,0.2934,0.0042,L2
2买,大盘安全 + 深跌(距前高>40%),120,0.0137,0.0163,0.839,0.2583,0.2934,-0.0351,L2
2买,大盘安全 + 距前低<=10%,1971,0.1939,0.281,0.69,0.2227,0.2934,-0.0707,L2
2买,大盘安全 + 相对强弱>=0,202,0.0252,0.0266,0.947,0.2822,0.2934,-0.0112,L2
2买,SID等于1 + SID等于2,2536,0.3273,0.3292,0.994,0.2922,0.2934,-0.0012,L2
2买,SID等于1 + SID小于等于2,3503,0.4095,0.4725,0.867,0.2646,0.2934,-0.0288,L2
2买,SID等于1 + 大盘5日上涨,3178,0.375,0.4272,0.878,0.2671,0.2934,-0.0263,L2
2买,SID等于1 + 相对强弱大于0,1152,0.1378,0.1541,0.894,0.2708,0.2934,-0.0226,L2
2买,SID等于1 + 相对强弱大于5,229,0.0318,0.0288,1.104,0.3144,0.2934,0.021,L2
2买,SID等于1 + 量比>=1.3,434,0.0618,0.0539,1.147,0.3226,0.2934,0.0292,L2
2买,SID等于1 + 量比>=2,85,0.0115,0.0108,1.061,0.3059,0.2934,0.0125,L2
2买,SID等于1 + 距前高<=10%,640,0.0844,0.0824,1.024,0.2984,0.2934,0.005,L2
2买,SID等于1 + 深跌(距前高>40%),69,0.0088,0.009,0.983,0.2899,0.2934,-0.0036,L2
2买,SID等于1 + 距前低<=10%,1398,0.1374,0.1994,0.689,0.2225,0.2934,-0.071,L2
2买,SID等于1 + 相对强弱>=0,153,0.0203,0.0196,1.035,0.3007,0.2934,0.0072,L2
2买,SID等于2 + SID小于等于2,5085,0.6617,0.6579,1.006,0.2946,0.2934,0.0012,L2
2买,SID等于2 + 大盘5日上涨,3588,0.4377,0.4763,0.919,0.2762,0.2934,-0.0172,L2
2买,SID等于2 + 相对强弱大于0,1926,0.2522,0.2485,1.015,0.2965,0.2934,0.0031,L2
2买,SID等于2 + 相对强弱大于5,437,0.0614,0.0547,1.123,0.3181,0.2934,0.0247,L2
2买,SID等于2 + 量比>=1.3,773,0.1365,0.0851,1.604,0.3997,0.2934,0.1063,L2
2买,SID等于2 + 量比>=2,145,0.0221,0.0174,1.267,0.3448,0.2934,0.0514,L2
2买,SID等于2 + 距前高<=10%,705,0.1042,0.086,1.212,0.3348,0.2934,0.0413,L2
2买,SID等于2 + 深跌(距前高>40%),190,0.0261,0.024,1.085,0.3105,0.2934,0.0171,L2
2买,SID等于2 + 距前低<=10%,2384,0.2721,0.3243,0.839,0.2584,0.2934,-0.035,L2
2买,SID等于2 + 相对强弱>=0,363,0.0446,0.0481,0.928,0.2782,0.2934,-0.0152,L2
2买,SID小于等于2 + 大盘5日上涨,4533,0.5194,0.6157,0.844,0.2594,0.2934,-0.034,L2
2买,SID小于等于2 + 相对强弱大于0,2176,0.2739,0.2854,0.96,0.2849,0.2934,-0.0085,L2
2买,SID小于等于2 + 相对强弱大于5,495,0.0676,0.0627,1.077,0.3091,0.2934,0.0157,L2
2买,SID小于等于2 + 量比>=1.3,898,0.1493,0.1027,1.453,0.3764,0.2934,0.083,L2
2买,SID小于等于2 + 量比>=2,173,0.0256,0.0211,1.215,0.3353,0.2934,0.0418,L2
2买,SID小于等于2 + 距前高<=10%,898,0.1197,0.115,1.041,0.3018,0.2934,0.0084,L2
2买,SID小于等于2 + 深跌(距前高>40%),213,0.0274,0.0277,0.989,0.2911,0.2934,-0.0023,L2
2买,SID小于等于2 + 距前低<=10%,2829,0.311,0.3898,0.798,0.2489,0.2934,-0.0446,L2
2买,SID小于等于2 + 相对强弱>=0,386,0.0473,0.0512,0.924,0.2772,0.2934,-0.0162,L2
2买,大盘5日上涨 + 相对强弱大于0,2160,0.2818,0.2792,1.009,0.2954,0.2934,0.002,L2
2买,大盘5日上涨 + 相对强弱大于5,419,0.0565,0.0534,1.059,0.3055,0.2934,0.0121,L2
2买,大盘5日上涨 + 量比>=1.3,737,0.1082,0.0902,1.199,0.3324,0.2934,0.039,L2
2买,大盘5日上涨 + 量比>=2,141,0.019,0.018,1.057,0.305,0.2934,0.0115,L2
2买,大盘5日上涨 + 距前高<=10%,880,0.1201,0.1115,1.077,0.3091,0.2934,0.0157,L2
2买,大盘5日上涨 + 深跌(距前高>40%),168,0.0159,0.0242,0.657,0.2143,0.2934,-0.0791,L2
2买,大盘5日上涨 + 距前低<=10%,3038,0.3507,0.4116,0.852,0.2614,0.2934,-0.0321,L2
2买,大盘5日上涨 + 相对强弱>=0,364,0.0481,0.0468,1.029,0.2995,0.2934,0.006,L2
2买,相对强弱大于0 + 相对强弱大于5,726,0.0985,0.0923,1.068,0.3072,0.2934,0.0137,L2
2买,相对强弱大于0 + 量比>=1.3,549,0.0764,0.069,1.108,0.3151,0.2934,0.0217,L2
2买,相对强弱大于0 + 量比>=2,134,0.0168,0.0176,0.953,0.2836,0.2934,-0.0098,L2
2买,相对强弱大于0 + 距前高<=10%,601,0.0919,0.0721,1.275,0.3461,0.2934,0.0527,L2
2买,相对强弱大于0 + 深跌(距前高>40%),70,0.008,0.0095,0.834,0.2571,0.2934,-0.0363,L2
2买,相对强弱大于0 + 距前低<=10%,1728,0.2456,0.215,1.142,0.3218,0.2934,0.0283,L2
2买,相对强弱大于0 + 相对强弱>=0,656,0.0892,0.0833,1.071,0.3079,0.2934,0.0145,L2
2买,相对强弱大于0 + 相对强弱>=5,55,0.0062,0.0075,0.822,0.2545,0.2934,-0.0389,L2
2买,相对强弱大于5 + 量比>=1.3,185,0.0274,0.0226,1.214,0.3351,0.2934,0.0417,L2
2买,相对强弱大于5 + 量比>=2,58,0.0084,0.0072,1.173,0.3276,0.2934,0.0342,L2
2买,相对强弱大于5 + 距前高<=10%,105,0.0155,0.0128,1.204,0.3333,0.2934,0.0399,L2
2买,相对强弱大于5 + 距前低<=10%,314,0.0433,0.0396,1.093,0.3121,0.2934,0.0187,L2
2买,相对强弱大于5 + 相对强弱>=0,232,0.0283,0.0308,0.917,0.2759,0.2934,-0.0176,L2
2买,相对强弱大于5 + 相对强弱>=5,55,0.0062,0.0075,0.822,0.2545,0.2934,-0.0389,L2
2买,量比>=1.3 + 量比>=2,213,0.0322,0.0257,1.256,0.3427,0.2934,0.0493,L2
2买,量比>=1.3 + 距前高<=10%,185,0.0283,0.0222,1.274,0.3459,0.2934,0.0525,L2
2买,量比>=1.3 + 深跌(距前高>40%),57,0.0141,0.0046,3.082,0.5614,0.2934,0.268,L2
2买,量比>=1.3 + 距前低<=10%,562,0.076,0.0715,1.062,0.306,0.2934,0.0126,L2
2买,量比>=1.3 + 相对强弱>=0,187,0.0216,0.0253,0.855,0.262,0.2934,-0.0314,L2
2买,量比>=2 + 距前高<=10%,50,0.0071,0.0062,1.133,0.32,0.2934,0.0266,L2
2买,量比>=2 + 距前低<=10%,82,0.0102,0.0108,0.939,0.2805,0.2934,-0.0129,L2
2买,量比>=2 + 相对强弱>=0,72,0.008,0.0099,0.803,0.25,0.2934,-0.0434,L2
2买,距前高<=10% + 距前低<=10%,516,0.0654,0.0675,0.968,0.2868,0.2934,-0.0066,L2
2买,距前高<=10% + 相对强弱>=0,218,0.0322,0.0266,1.212,0.3349,0.2934,0.0414,L2
2买,深跌(距前高>40%) + 距前低<=10%,137,0.011,0.0205,0.538,0.1825,0.2934,-0.1109,L2
2买,距前低<=10% + 相对强弱>=0,354,0.0495,0.0444,1.115,0.3164,0.2934,0.023,L2
2买,相对强弱>=0 + 相对强弱>=5,55,0.0062,0.0075,0.822,0.2545,0.2934,-0.0389,L2
2买,量比>=1.3 + 极限抄底 + 量能递增,61,0.0168,0.0042,3.979,0.623,0.2934,0.3295,L3
2买,量比>=1.3 + 极限抄底 + KDJ低位金叉,67,0.0172,0.0051,3.354,0.5821,0.2934,0.2887,L3
2买,量比>=1.3 + 极限抄底 + 放量,74,0.019,0.0057,3.34,0.5811,0.2934,0.2877,L3
2买,量比>=1.3 + 极限抄底 + 价涨量增,64,0.0168,0.0048,3.52,0.5938,0.2934,0.3003,L3
2买,量比>=1.3 + 极限抄底 + 量比大于1_3,79,0.0208,0.0059,3.537,0.5949,0.2934,0.3015,L3
2买,量比>=1.3 + 火箭信号 + 量比大于2,83,0.0133,0.0097,1.363,0.3614,0.2934,0.068,L3
2买,量比>=1.3 + 火箭信号 + 量能金叉,62,0.0102,0.0072,1.42,0.371,0.2934,0.0776,L3
2买,量比>=1.3 + 火箭信号 + 中枢上穿中轴,60,0.0084,0.0075,1.116,0.3167,0.2934,0.0233,L3
2买,量比>=1.3 + 火箭信号 + 量能递增,96,0.0163,0.0108,1.51,0.3854,0.2934,0.092,L3
2买,量比>=1.3 + 火箭信号 + 放量,106,0.0172,0.0123,1.402,0.3679,0.2934,0.0745,L3
2买,量比>=1.3 + 火箭信号 + 价涨量增,104,0.0168,0.0121,1.386,0.3654,0.2934,0.072,L3
2买,量比>=1.3 + 火箭信号 + 量比大于1_3,109,0.0181,0.0125,1.452,0.3761,0.2934,0.0827,L3
2买,量比>=1.3 + 火箭信号 + 相对强弱大于0,85,0.0133,0.0101,1.314,0.3529,0.2934,0.0595,L3
2买,量比>=1.3 + 量比>=2 + 量比大于2,213,0.0322,0.0257,1.256,0.3427,0.2934,0.0493,L3
2买,量比>=1.3 + 量比>=2 + 量能金叉,118,0.0163,0.0149,1.1,0.3136,0.2934,0.0201,L3
2买,量比>=1.3 + 量比>=2 + 中枢上穿中轴,80,0.0084,0.0112,0.75,0.2375,0.2934,-0.0559,L3
2买,量比>=1.3 + 量比>=2 + 量能递增,186,0.0278,0.0226,1.233,0.3387,0.2934,0.0453,L3
2买,量比>=1.3 + 量比>=2 + KDJ低位金叉,67,0.0137,0.0066,2.074,0.4627,0.2934,0.1693,L3
2买,量比>=1.3 + 量比>=2 + 放量,211,0.0318,0.0255,1.247,0.3412,0.2934,0.0478,L3
2买,量比>=1.3 + 量比>=2 + 价涨量增,204,0.0318,0.0242,1.314,0.3529,0.2934,0.0595,L3
2买,量比>=1.3 + 量比>=2 + 量比大于1_3,213,0.0322,0.0257,1.256,0.3427,0.2934,0.0493,L3
2买,量比>=1.3 + 量比>=2 + 距前高<=10%,50,0.0071,0.0062,1.133,0.32,0.2934,0.0266,L3
2买,量比>=1.3 + 量比>=2 + 相对强弱大于0,134,0.0168,0.0176,0.953,0.2836,0.2934,-0.0098,L3
2买,量比>=1.3 + 量比>=2 + 相对强弱>=0,72,0.008,0.0099,0.803,0.25,0.2934,-0.0434,L3
2买,量比>=1.3 + 量比大于2 + 量能金叉,256,0.042,0.0295,1.421,0.3711,0.2934,0.0777,L3
2买,量比>=1.3 + 量比大于2 + 中枢上穿中轴,203,0.0296,0.0249,1.186,0.33,0.2934,0.0366,L3
2买,量比>=1.3 + 量比大于2 + 量能递增,441,0.0786,0.0482,1.63,0.4036,0.2934,0.1102,L3
2买,量比>=1.3 + 量比大于2 + MACD零轴上金叉,60,0.0084,0.0075,1.116,0.3167,0.2934,0.0233,L3
2买,量比>=1.3 + 量比大于2 + BOLL突破上轨,91,0.0137,0.011,1.244,0.3407,0.2934,0.0472,L3
2买,量比>=1.3 + 量比大于2 + KDJ低位金叉,180,0.0375,0.0174,2.155,0.4722,0.2934,0.1788,L3
2买,量比>=1.3 + 量比大于2 + 放量,487,0.0861,0.0536,1.608,0.4004,0.2934,0.107,L3
2买,量比>=1.3 + 量比大于2 + 价涨量增,472,0.0839,0.0517,1.622,0.4025,0.2934,0.1091,L3
2买,量比>=1.3 + 量比大于2 + 量比大于1_3,490,0.087,0.0537,1.619,0.402,0.2934,0.1086,L3
2买,量比>=1.3 + 量比大于2 + 距前高<=10%,86,0.0146,0.0097,1.499,0.3837,0.2934,0.0903,L3
2买,量比>=1.3 + 量比大于2 + 相对强弱大于0,302,0.0442,0.0371,1.192,0.3311,0.2934,0.0377,L3
2买,量比>=1.3 + 量比大于2 + 相对强弱>=0,111,0.0141,0.0145,0.975,0.2883,0.2934,-0.0051,L3
2买,量比>=1.3 + 量能金叉 + 中枢上穿中轴,185,0.0274,0.0226,1.214,0.3351,0.2934,0.0417,L3
2买,量比>=1.3 + 量能金叉 + 量能递增,349,0.0596,0.0393,1.519,0.3868,0.2934,0.0934,L3
2买,量比>=1.3 + 量能金叉 + BOLL突破上轨,73,0.011,0.0088,1.254,0.3425,0.2934,0.049,L3
2买,量比>=1.3 + 量能金叉 + KDJ低位金叉,114,0.0212,0.0121,1.751,0.4211,0.2934,0.1276,L3
2买,量比>=1.3 + 量能金叉 + 放量,366,0.0623,0.0413,1.509,0.3852,0.2934,0.0918,L3
2买,量比>=1.3 + 量能金叉 + 价涨量增,353,0.0605,0.0396,1.527,0.3881,0.2934,0.0947,L3
2买,量比>=1.3 + 量能金叉 + 量比大于1_3,370,0.0632,0.0416,1.517,0.3865,0.2934,0.0931,L3
2买,量比>=1.3 + 量能金叉 + 距前高<=10%,94,0.0155,0.0108,1.429,0.3723,0.2934,0.0789,L3
2买,量比>=1.3 + 量能金叉 + 相对强弱大于0,225,0.0358,0.0264,1.355,0.36,0.2934,0.0666,L3
2买,量比>=1.3 + 量能金叉 + 相对强弱>=0,87,0.0119,0.011,1.084,0.3103,0.2934,0.0169,L3
2买,量比>=1.3 + 中枢上穿中轴 + 量能递增,266,0.0406,0.0319,1.273,0.3459,0.2934,0.0524,L3
2买,量比>=1.3 + 中枢上穿中轴 + MACD零轴上金叉,56,0.008,0.007,1.141,0.3214,0.2934,0.028,L3
2买,量比>=1.3 + 中枢上穿中轴 + BOLL突破上轨,79,0.0124,0.0094,1.322,0.3544,0.2934,0.061,L3
2买,量比>=1.3 + 中枢上穿中轴 + KDJ低位金叉,61,0.0084,0.0077,1.089,0.3115,0.2934,0.0181,L3
2买,量比>=1.3 + 中枢上穿中轴 + 放量,299,0.0455,0.036,1.265,0.3445,0.2934,0.0511,L3
2买,量比>=1.3 + 中枢上穿中轴 + 价涨量增,294,0.0451,0.0352,1.279,0.3469,0.2934,0.0535,L3
2买,量比>=1.3 + 中枢上穿中轴 + 量比大于1_3,304,0.0468,0.0363,1.289,0.3487,0.2934,0.0553,L3
2买,量比>=1.3 + 中枢上穿中轴 + 距前高<=10%,95,0.015,0.0112,1.342,0.3579,0.2934,0.0645,L3
2买,量比>=1.3 + 中枢上穿中轴 + 相对强弱大于0,231,0.0367,0.0271,1.351,0.3593,0.2934,0.0659,L3
2买,量比>=1.3 + 中枢上穿中轴 + 相对强弱>=0,77,0.0102,0.0099,1.026,0.2987,0.2934,0.0053,L3
2买,量比>=1.3 + 量能递增 + MACD零轴上金叉,72,0.0106,0.0088,1.204,0.3333,0.2934,0.0399,L3
2买,量比>=1.3 + 量能递增 + BOLL突破上轨,101,0.0155,0.0121,1.277,0.3465,0.2934,0.0531,L3
2买,量比>=1.3 + 量能递增 + KDJ低位金叉,291,0.0579,0.0293,1.972,0.4502,0.2934,0.1568,L3
2买,量比>=1.3 + 量能递增 + 放量,766,0.129,0.0869,1.483,0.3812,0.2934,0.0878,L3
2买,量比>=1.3 + 量能递增 + 价涨量增,728,0.125,0.0816,1.531,0.3887,0.2934,0.0953,L3
2买,量比>=1.3 + 量能递增 + 量比大于1_3,766,0.129,0.0869,1.483,0.3812,0.2934,0.0878,L3
2买,量比>=1.3 + 量能递增 + 距前高<=10%,149,0.0239,0.0174,1.369,0.3624,0.2934,0.069,L3
2买,量比>=1.3 + 量能递增 + 相对强弱大于0,418,0.0592,0.0521,1.136,0.3206,0.2934,0.0272,L3
2买,量比>=1.3 + 量能递增 + 相对强弱>=0,149,0.0181,0.0198,0.914,0.2752,0.2934,-0.0182,L3
2买,量比>=1.3 + MACD零轴上金叉 + BOLL突破上轨,53,0.0075,0.0066,1.137,0.3208,0.2934,0.0273,L3
2买,量比>=1.3 + MACD零轴上金叉 + 放量,78,0.011,0.0097,1.136,0.3205,0.2934,0.0271,L3
2买,量比>=1.3 + MACD零轴上金叉 + 价涨量增,78,0.011,0.0097,1.136,0.3205,0.2934,0.0271,L3
2买,量比>=1.3 + MACD零轴上金叉 + 量比大于1_3,78,0.011,0.0097,1.136,0.3205,0.2934,0.0271,L3
2买,量比>=1.3 + MACD零轴上金叉 + 相对强弱大于0,74,0.0106,0.0092,1.156,0.3243,0.2934,0.0309,L3
2买,量比>=1.3 + BOLL突破上轨 + 放量,105,0.0155,0.0128,1.204,0.3333,0.2934,0.0399,L3
2买,量比>=1.3 + BOLL突破上轨 + 价涨量增,105,0.0155,0.0128,1.204,0.3333,0.2934,0.0399,L3
2买,量比>=1.3 + BOLL突破上轨 + 量比大于1_3,105,0.0155,0.0128,1.204,0.3333,0.2934,0.0399,L3
2买,量比>=1.3 + BOLL突破上轨 + 相对强弱大于0,102,0.015,0.0125,1.204,0.3333,0.2934,0.0399,L3
2买,量比>=1.3 + BOLL突破上轨 + 相对强弱>=0,54,0.0062,0.0073,0.843,0.2593,0.2934,-0.0342,L3
2买,量比>=1.3 + KDJ低位金叉 + 放量,423,0.0786,0.0449,1.75,0.4208,0.2934,0.1274,L3
2买,量比>=1.3 + KDJ低位金叉 + 价涨量增,394,0.0733,0.0418,1.753,0.4213,0.2934,0.1279,L3
2买,量比>=1.3 + KDJ低位金叉 + 量比大于1_3,496,0.0941,0.0519,1.812,0.4294,0.2934,0.136,L3
2买,量比>=1.3 + KDJ低位金叉 + 相对强弱大于0,141,0.0208,0.0172,1.204,0.3333,0.2934,0.0399,L3
2买,量比>=1.3 + 放量 + 价涨量增,919,0.1497,0.1064,1.408,0.3689,0.2934,0.0755,L3
2买,量比>=1.3 + 放量 + 量比大于1_3,1005,0.1608,0.1176,1.367,0.3622,0.2934,0.0688,L3
2买,量比>=1.3 + 放量 + 距前高<=10%,181,0.0278,0.0216,1.286,0.3481,0.2934,0.0547,L3
2买,量比>=1.3 + 放量 + 相对强弱大于0,518,0.0733,0.0646,1.136,0.3205,0.2934,0.027,L3
2买,量比>=1.3 + 放量 + 相对强弱>=0,173,0.0208,0.0231,0.898,0.2717,0.2934,-0.0217,L3
2买,量比>=1.3 + 价涨量增 + 量比大于1_3,919,0.1497,0.1064,1.408,0.3689,0.2934,0.0755,L3
2买,量比>=1.3 + 价涨量增 + 距前高<=10%,174,0.0278,0.0204,1.367,0.3621,0.2934,0.0687,L3
2买,量比>=1.3 + 价涨量增 + 相对强弱大于0,495,0.0707,0.0614,1.15,0.3232,0.2934,0.0298,L3
2买,量比>=1.3 + 价涨量增 + 相对强弱>=0,171,0.0208,0.0227,0.913,0.2749,0.2934,-0.0186,L3
2买,量比>=1.3 + 量比大于1_3 + 距前高<=10%,185,0.0283,0.0222,1.274,0.3459,0.2934,0.0525,L3
2买,量比>=1.3 + 量比大于1_3 + 相对强弱大于0,549,0.0764,0.069,1.108,0.3151,0.2934,0.0217,L3
2买,量比>=1.3 + 量比大于1_3 + 相对强弱>=0,187,0.0216,0.0253,0.855,0.262,0.2934,-0.0314,L3
2买,量比>=1.3 + 距前高<=10% + 相对强弱大于0,118,0.0177,0.0143,1.235,0.339,0.2934,0.0456,L3
2买,量比>=1.3 + 距前高<=10% + 相对强弱>=0,63,0.0071,0.0086,0.82,0.254,0.2934,-0.0394,L3
2买,量比>=1.3 + 相对强弱大于0 + 相对强弱>=0,187,0.0216,0.0253,0.855,0.262,0.2934,-0.0314,L3
2买,极限抄底 + 量比大于2 + 量能递增,53,0.0137,0.004,3.393,0.5849,0.2934,0.2915,L3
2买,极限抄底 + 量比大于2 + 放量,62,0.015,0.0051,2.924,0.5484,0.2934,0.255,L3
2买,极限抄底 + 量比大于2 + 价涨量增,57,0.0137,0.0048,2.871,0.5439,0.2934,0.2504,L3
2买,极限抄底 + 量比大于2 + 量比大于1_3,62,0.015,0.0051,2.924,0.5484,0.2934,0.255,L3
2买,极限抄底 + 量能递增 + KDJ低位金叉,95,0.0203,0.009,2.261,0.4842,0.2934,0.1908,L3
2买,极限抄底 + 量能递增 + 放量,114,0.0247,0.0106,2.325,0.4912,0.2934,0.1978,L3
2买,极限抄底 + 量能递增 + 价涨量增,102,0.0234,0.009,2.605,0.5196,0.2934,0.2262,L3
2买,极限抄底 + 量能递增 + 量比大于1_3,109,0.0243,0.0099,2.453,0.5046,0.2934,0.2112,L3
2买,极限抄底 + KDJ低位金叉 + 放量,142,0.0269,0.0149,1.814,0.4296,0.2934,0.1362,L3
2买,极限抄底 + KDJ低位金叉 + 价涨量增,118,0.0234,0.0119,1.964,0.4492,0.2934,0.1557,L3
2买,极限抄底 + KDJ低位金叉 + 量比大于1_3,172,0.0292,0.0194,1.499,0.3837,0.2934,0.0903,L3
2买,极限抄底 + 放量 + 价涨量增,148,0.0283,0.0154,1.835,0.4324,0.2934,0.139,L3
2买,极限抄底 + 放量 + 量比大于1_3,161,0.0314,0.0165,1.9,0.441,0.2934,0.1476,L3
2买,极限抄底 + 价涨量增 + 量比大于1_3,137,0.0265,0.0141,1.876,0.438,0.2934,0.1445,L3
2买,火箭信号 + 突破前高 + 量比大于2,60,0.0102,0.0068,1.497,0.3833,0.2934,0.0899,L3
2买,火箭信号 + 突破前高 + 量能递增,56,0.0093,0.0064,1.445,0.375,0.2934,0.0816,L3
2买,火箭信号 + 突破前高 + BOLL突破上轨,58,0.0093,0.0068,1.367,0.3621,0.2934,0.0687,L3
2买,火箭信号 + 突破前高 + 放量,65,0.0106,0.0075,1.41,0.3692,0.2934,0.0758,L3
2买,火箭信号 + 突破前高 + 价涨量增,64,0.0106,0.0073,1.445,0.375,0.2934,0.0816,L3
2买,火箭信号 + 突破前高 + 量比大于1_3,65,0.0106,0.0075,1.41,0.3692,0.2934,0.0758,L3
2买,火箭信号 + 突破前高 + 相对强弱大于0,64,0.0102,0.0075,1.351,0.3594,0.2934,0.066,L3
2买,火箭信号 + 量比大于2 + 量能金叉,155,0.0256,0.0178,1.44,0.3742,0.2934,0.0808,L3
2买,火箭信号 + 量比大于2 + 中枢上穿中轴,202,0.0305,0.0244,1.249,0.3416,0.2934,0.0482,L3
2买,火箭信号 + 量比大于2 + 量能递增,255,0.038,0.031,1.225,0.3373,0.2934,0.0438,L3
2买,火箭信号 + 量比大于2 + MACD零轴上金叉,85,0.0115,0.0108,1.061,0.3059,0.2934,0.0125,L3
2买,火箭信号 + 量比大于2 + BOLL突破上轨,128,0.019,0.0156,1.218,0.3359,0.2934,0.0425,L3
2买,火箭信号 + 量比大于2 + KDJ低位金叉,75,0.0115,0.009,1.278,0.3467,0.2934,0.0533,L3
2买,火箭信号 + 量比大于2 + 放量,306,0.0468,0.0367,1.276,0.3464,0.2934,0.053,L3
2买,火箭信号 + 量比大于2 + 价涨量增,302,0.0468,0.036,1.302,0.351,0.2934,0.0576,L3
2买,火箭信号 + 量比大于2 + 量比大于1_3,307,0.0473,0.0367,1.288,0.3485,0.2934,0.0551,L3
2买,火箭信号 + 量比大于2 + 相对强弱大于0,272,0.0424,0.0323,1.314,0.3529,0.2934,0.0595,L3
2买,火箭信号 + 量能金叉 + 中枢上穿中轴,122,0.0177,0.015,1.175,0.3279,0.2934,0.0345,L3
2买,火箭信号 + 量能金叉 + 量能递增,156,0.0269,0.0174,1.546,0.391,0.2934,0.0976,L3
2买,火箭信号 + 量能金叉 + MACD零轴上金叉,58,0.0084,0.0072,1.173,0.3276,0.2934,0.0342,L3
2买,火箭信号 + 量能金叉 + BOLL突破上轨,86,0.0137,0.0101,1.357,0.3605,0.2934,0.067,L3
2买,火箭信号 + 量能金叉 + 放量,172,0.0296,0.0193,1.537,0.3895,0.2934,0.0961,L3
2买,火箭信号 + 量能金叉 + 价涨量增,168,0.0283,0.0191,1.482,0.381,0.2934,0.0875,L3
2买,火箭信号 + 量能金叉 + 量比大于1_3,173,0.03,0.0193,1.56,0.3931,0.2934,0.0996,L3
2买,火箭信号 + 量能金叉 + 相对强弱大于0,152,0.0247,0.0176,1.405,0.3684,0.2934,0.075,L3
2买,火箭信号 + 中枢上穿中轴 + 量能递增,206,0.0314,0.0248,1.266,0.3447,0.2934,0.0512,L3
2买,火箭信号 + 中枢上穿中轴 + MACD零轴上金叉,73,0.0088,0.0097,0.909,0.274,0.2934,-0.0194,L3
2买,火箭信号 + 中枢上穿中轴 + BOLL突破上轨,108,0.0155,0.0134,1.155,0.3241,0.2934,0.0307,L3
2买,火箭信号 + 中枢上穿中轴 + 放量,240,0.0358,0.0292,1.227,0.3375,0.2934,0.0441,L3
2买,火箭信号 + 中枢上穿中轴 + 价涨量增,237,0.0353,0.0288,1.227,0.3376,0.2934,0.0441,L3
2买,火箭信号 + 中枢上穿中轴 + 量比大于1_3,238,0.0353,0.029,1.219,0.3361,0.2934,0.0427,L3
2买,火箭信号 + 中枢上穿中轴 + 相对强弱大于0,229,0.0349,0.0275,1.268,0.345,0.2934,0.0516,L3
2买,火箭信号 + 量能递增 + MACD零轴上金叉,84,0.0115,0.0106,1.08,0.3095,0.2934,0.0161,L3
2买,火箭信号 + 量能递增 + BOLL突破上轨,125,0.0186,0.0152,1.219,0.336,0.2934,0.0426,L3
2买,火箭信号 + 量能递增 + KDJ低位金叉,82,0.0133,0.0095,1.389,0.3659,0.2934,0.0724,L3
2买,火箭信号 + 量能递增 + 放量,316,0.0504,0.0371,1.359,0.3608,0.2934,0.0673,L3
2买,火箭信号 + 量能递增 + 价涨量增,308,0.0477,0.0367,1.3,0.3506,0.2934,0.0572,L3
2买,火箭信号 + 量能递增 + 量比大于1_3,310,0.049,0.0365,1.343,0.3581,0.2934,0.0646,L3
2买,火箭信号 + 量能递增 + 相对强弱大于0,268,0.0428,0.0314,1.366,0.3619,0.2934,0.0685,L3
2买,火箭信号 + MACD零轴上金叉 + BOLL突破上轨,80,0.0106,0.0103,1.032,0.3,0.2934,0.0066,L3
2买,火箭信号 + MACD零轴上金叉 + 放量,93,0.0119,0.0121,0.985,0.2903,0.2934,-0.0031,L3
2买,火箭信号 + MACD零轴上金叉 + 价涨量增,90,0.0115,0.0117,0.978,0.2889,0.2934,-0.0045,L3
2买,火箭信号 + MACD零轴上金叉 + 量比大于1_3,91,0.0115,0.0119,0.963,0.2857,0.2934,-0.0077,L3
2买,火箭信号 + MACD零轴上金叉 + 相对强弱大于0,90,0.0115,0.0117,0.978,0.2889,0.2934,-0.0045,L3
2买,火箭信号 + BOLL突破上轨 + 放量,137,0.0203,0.0167,1.217,0.3358,0.2934,0.0424,L3
2买,火箭信号 + BOLL突破上轨 + 价涨量增,135,0.0199,0.0165,1.204,0.3333,0.2934,0.0399,L3
2买,火箭信号 + BOLL突破上轨 + 量比大于1_3,136,0.0199,0.0167,1.191,0.3309,0.2934,0.0375,L3
2买,火箭信号 + BOLL突破上轨 + 相对强弱大于0,136,0.0199,0.0167,1.191,0.3309,0.2934,0.0375,L3
2买,火箭信号 + KDJ低位金叉 + 放量,115,0.0194,0.013,1.492,0.3826,0.2934,0.0892,L3
2买,火箭信号 + KDJ低位金叉 + 价涨量增,108,0.0177,0.0125,1.417,0.3704,0.2934,0.077,L3
2买,火箭信号 + KDJ低位金叉 + 量比大于1_3,120,0.0203,0.0136,1.497,0.3833,0.2934,0.0899,L3
2买,火箭信号 + KDJ低位金叉 + 相对强弱大于0,71,0.0115,0.0083,1.391,0.3662,0.2934,0.0728,L3
2买,火箭信号 + 放量 + 价涨量增,387,0.0601,0.046,1.305,0.3514,0.2934,0.058,L3
2买,火箭信号 + 放量 + 量比大于1_3,396,0.0623,0.0468,1.332,0.3561,0.2934,0.0626,L3
2买,火箭信号 + 放量 + 相对强弱大于0,331,0.0517,0.0393,1.317,0.3535,0.2934,0.0601,L3
2买,火箭信号 + 价涨量增 + 量比大于1_3,382,0.0592,0.0455,1.301,0.3508,0.2934,0.0574,L3
2买,火箭信号 + 价涨量增 + 相对强弱大于0,324,0.0508,0.0383,1.325,0.3549,0.2934,0.0615,L3
2买,火箭信号 + 量比大于1_3 + 相对强弱大于0,329,0.0508,0.0393,1.294,0.3495,0.2934,0.0561,L3
2买,突破前高 + 量比大于2 + 量能金叉,67,0.0133,0.0068,1.953,0.4478,0.2934,0.1543,L3
2买,突破前高 + 量比大于2 + 中枢上穿中轴,78,0.0119,0.0094,1.275,0.3462,0.2934,0.0527,L3
2买,突破前高 + 量比大于2 + 量能递增,101,0.0159,0.0119,1.334,0.3564,0.2934,0.063,L3
2买,突破前高 + 量比大于2 + MACD零轴上金叉,75,0.0137,0.0081,1.697,0.4133,0.2934,0.1199,L3
2买,突破前高 + 量比大于2 + BOLL突破上轨,97,0.015,0.0116,1.3,0.3505,0.2934,0.0571,L3
2买,突破前高 + 量比大于2 + 放量,107,0.0168,0.0127,1.326,0.3551,0.2934,0.0617,L3
2买,突破前高 + 量比大于2 + 价涨量增,106,0.0168,0.0125,1.346,0.3585,0.2934,0.0651,L3
2买,突破前高 + 量比大于2 + 量比大于1_3,107,0.0168,0.0127,1.326,0.3551,0.2934,0.0617,L3
2买,突破前高 + 量比大于2 + 距前高<=10%,68,0.0106,0.0081,1.314,0.3529,0.2934,0.0595,L3
2买,突破前高 + 量比大于2 + 相对强弱大于0,106,0.0163,0.0127,1.291,0.3491,0.2934,0.0556,L3
2买,突破前高 + 量能金叉 + 量能递增,64,0.0124,0.0066,1.873,0.4375,0.2934,0.1441,L3
2买,突破前高 + 量能金叉 + MACD零轴上金叉,52,0.0102,0.0053,1.91,0.4423,0.2934,0.1489,L3
2买,突破前高 + 量能金叉 + BOLL突破上轨,61,0.0115,0.0064,1.789,0.4262,0.2934,0.1328,L3
2买,突破前高 + 量能金叉 + 放量,68,0.0133,0.007,1.901,0.4412,0.2934,0.1478,L3
2买,突破前高 + 量能金叉 + 价涨量增,68,0.0133,0.007,1.901,0.4412,0.2934,0.1478,L3
2买,突破前高 + 量能金叉 + 量比大于1_3,68,0.0133,0.007,1.901,0.4412,0.2934,0.1478,L3
2买,突破前高 + 量能金叉 + 相对强弱大于0,67,0.0128,0.007,1.838,0.4328,0.2934,0.1394,L3
2买,突破前高 + 中枢上穿中轴 + 量能递增,87,0.0128,0.0106,1.204,0.3333,0.2934,0.0399,L3
2买,突破前高 + 中枢上穿中轴 + MACD零轴上金叉,58,0.0097,0.0066,1.472,0.3793,0.2934,0.0859,L3
2买,突破前高 + 中枢上穿中轴 + BOLL突破上轨,78,0.011,0.0097,1.136,0.3205,0.2934,0.0271,L3
2买,突破前高 + 中枢上穿中轴 + 放量,87,0.0128,0.0106,1.204,0.3333,0.2934,0.0399,L3
2买,突破前高 + 中枢上穿中轴 + 价涨量增,87,0.0128,0.0106,1.204,0.3333,0.2934,0.0399,L3
2买,突破前高 + 中枢上穿中轴 + 量比大于1_3,86,0.0124,0.0106,1.163,0.3256,0.2934,0.0322,L3
2买,突破前高 + 中枢上穿中轴 + 距前高<=10%,52,0.0071,0.0066,1.07,0.3077,0.2934,0.0143,L3
2买,突破前高 + 中枢上穿中轴 + 相对强弱大于0,86,0.0124,0.0106,1.163,0.3256,0.2934,0.0322,L3
2买,突破前高 + 量能递增 + MACD零轴上金叉,77,0.0133,0.0086,1.537,0.3896,0.2934,0.0962,L3
2买,突破前高 + 量能递增 + BOLL突破上轨,102,0.015,0.0125,1.204,0.3333,0.2934,0.0399,L3
2买,突破前高 + 量能递增 + 放量,112,0.0172,0.0134,1.287,0.3482,0.2934,0.0548,L3
2买,突破前高 + 量能递增 + 价涨量增,112,0.0172,0.0134,1.287,0.3482,0.2934,0.0548,L3
2买,突破前高 + 量能递增 + 量比大于1_3,111,0.0168,0.0134,1.254,0.3423,0.2934,0.0489,L3
2买,突破前高 + 量能递增 + 距前高<=10%,73,0.011,0.0088,1.254,0.3425,0.2934,0.049,L3
2买,突破前高 + 量能递增 + 相对强弱大于0,111,0.0168,0.0134,1.254,0.3423,0.2934,0.0489,L3
2买,突破前高 + MACD零轴上金叉 + BOLL突破上轨,80,0.0128,0.0094,1.369,0.3625,0.2934,0.0691,L3
2买,突破前高 + MACD零轴上金叉 + 放量,83,0.0137,0.0095,1.436,0.3735,0.2934,0.0801,L3
2买,突破前高 + MACD零轴上金叉 + 价涨量增,82,0.0137,0.0094,1.464,0.378,0.2934,0.0846,L3
2买,突破前高 + MACD零轴上金叉 + 量比大于1_3,83,0.0137,0.0095,1.436,0.3735,0.2934,0.0801,L3
2买,突破前高 + MACD零轴上金叉 + 距前高<=10%,58,0.0097,0.0066,1.472,0.3793,0.2934,0.0859,L3
2买,突破前高 + MACD零轴上金叉 + 相对强弱大于0,82,0.0133,0.0095,1.389,0.3659,0.2934,0.0724,L3
2买,突破前高 + BOLL突破上轨 + 放量,111,0.0163,0.0136,1.204,0.3333,0.2934,0.0399,L3
2买,突破前高 + BOLL突破上轨 + 价涨量增,111,0.0163,0.0136,1.204,0.3333,0.2934,0.0399,L3
2买,突破前高 + BOLL突破上轨 + 量比大于1_3,111,0.0163,0.0136,1.204,0.3333,0.2934,0.0399,L3
2买,突破前高 + BOLL突破上轨 + 距前高<=10%,73,0.0106,0.009,1.179,0.3288,0.2934,0.0354,L3
2买,突破前高 + BOLL突破上轨 + 相对强弱大于0,110,0.0159,0.0136,1.172,0.3273,0.2934,0.0339,L3
2买,突破前高 + 放量 + 价涨量增,121,0.0186,0.0145,1.28,0.3471,0.2934,0.0537,L3
2买,突破前高 + 放量 + 量比大于1_3,121,0.0181,0.0147,1.234,0.3388,0.2934,0.0454,L3
2买,突破前高 + 放量 + 距前高<=10%,78,0.0115,0.0095,1.204,0.3333,0.2934,0.0399,L3
2买,突破前高 + 放量 + 相对强弱大于0,121,0.0181,0.0147,1.234,0.3388,0.2934,0.0454,L3
2买,突破前高 + 价涨量增 + 量比大于1_3,120,0.0181,0.0145,1.25,0.3417,0.2934,0.0483,L3
2买,突破前高 + 价涨量增 + 距前高<=10%,77,0.0115,0.0094,1.228,0.3377,0.2934,0.0442,L3
2买,突破前高 + 价涨量增 + 相对强弱大于0,120,0.0181,0.0145,1.25,0.3417,0.2934,0.0483,L3
2买,突破前高 + 量比大于1_3 + 距前高<=10%,77,0.011,0.0095,1.158,0.3247,0.2934,0.0313,L3
2买,突破前高 + 量比大于1_3 + 相对强弱大于0,120,0.0177,0.0147,1.204,0.3333,0.2934,0.0399,L3
2买,突破前高 + 距前高<=10% + 相对强弱大于0,77,0.011,0.0095,1.158,0.3247,0.2934,0.0313,L3
2买,量比>=2 + 量比大于2 + 量能金叉,118,0.0163,0.0149,1.1,0.3136,0.2934,0.0201,L3
2买,量比>=2 + 量比大于2 + 中枢上穿中轴,80,0.0084,0.0112,0.75,0.2375,0.2934,-0.0559,L3
2买,量比>=2 + 量比大于2 + 量能递增,186,0.0278,0.0226,1.233,0.3387,0.2934,0.0453,L3
2买,量比>=2 + 量比大于2 + KDJ低位金叉,67,0.0137,0.0066,2.074,0.4627,0.2934,0.1693,L3
2买,量比>=2 + 量比大于2 + 放量,211,0.0318,0.0255,1.247,0.3412,0.2934,0.0478,L3
2买,量比>=2 + 量比大于2 + 价涨量增,204,0.0318,0.0242,1.314,0.3529,0.2934,0.0595,L3
2买,量比>=2 + 量比大于2 + 量比大于1_3,213,0.0322,0.0257,1.256,0.3427,0.2934,0.0493,L3
2买,量比>=2 + 量比大于2 + 距前高<=10%,50,0.0071,0.0062,1.133,0.32,0.2934,0.0266,L3
2买,量比>=2 + 量比大于2 + 相对强弱大于0,134,0.0168,0.0176,0.953,0.2836,0.2934,-0.0098,L3
2买,量比>=2 + 量比大于2 + 相对强弱>=0,72,0.008,0.0099,0.803,0.25,0.2934,-0.0434,L3
2买,量比>=2 + 量能金叉 + 中枢上穿中轴,64,0.0057,0.0094,0.614,0.2031,0.2934,-0.0903,L3
2买,量比>=2 + 量能金叉 + 量能递增,115,0.0159,0.0145,1.097,0.313,0.2934,0.0196,L3
2买,量比>=2 + 量能金叉 + 放量,118,0.0163,0.0149,1.1,0.3136,0.2934,0.0201,L3
2买,量比>=2 + 量能金叉 + 价涨量增,115,0.0163,0.0143,1.142,0.3217,0.2934,0.0283,L3
2买,量比>=2 + 量能金叉 + 量比大于1_3,118,0.0163,0.0149,1.1,0.3136,0.2934,0.0201,L3
2买,量比>=2 + 量能金叉 + 相对强弱大于0,83,0.0106,0.0108,0.98,0.2892,0.2934,-0.0043,L3
2买,量比>=2 + 中枢上穿中轴 + 量能递增,78,0.0075,0.0112,0.671,0.2179,0.2934,-0.0755,L3
2买,量比>=2 + 中枢上穿中轴 + 放量,80,0.0084,0.0112,0.75,0.2375,0.2934,-0.0559,L3
2买,量比>=2 + 中枢上穿中轴 + 价涨量增,80,0.0084,0.0112,0.75,0.2375,0.2934,-0.0559,L3
2买,量比>=2 + 中枢上穿中轴 + 量比大于1_3,80,0.0084,0.0112,0.75,0.2375,0.2934,-0.0559,L3
2买,量比>=2 + 中枢上穿中轴 + 相对强弱大于0,64,0.0066,0.009,0.737,0.2344,0.2934,-0.059,L3
2买,量比>=2 + 量能递增 + KDJ低位金叉,51,0.011,0.0048,2.316,0.4902,0.2934,0.1968,L3
2买,量比>=2 + 量能递增 + 放量,186,0.0278,0.0226,1.233,0.3387,0.2934,0.0453,L3
2买,量比>=2 + 量能递增 + 价涨量增,181,0.0278,0.0216,1.286,0.3481,0.2934,0.0547,L3
2买,量比>=2 + 量能递增 + 量比大于1_3,186,0.0278,0.0226,1.233,0.3387,0.2934,0.0453,L3
2买,量比>=2 + 量能递增 + 相对强弱大于0,121,0.0146,0.0161,0.903,0.2727,0.2934,-0.0207,L3
2买,量比>=2 + 量能递增 + 相对强弱>=0,68,0.0075,0.0094,0.803,0.25,0.2934,-0.0434,L3
2买,量比>=2 + KDJ低位金叉 + 放量,66,0.0137,0.0064,2.133,0.4697,0.2934,0.1763,L3
2买,量比>=2 + KDJ低位金叉 + 价涨量增,63,0.0137,0.0059,2.333,0.4921,0.2934,0.1986,L3
2买,量比>=2 + KDJ低位金叉 + 量比大于1_3,67,0.0137,0.0066,2.074,0.4627,0.2934,0.1693,L3
2买,量比>=2 + 放量 + 价涨量增,204,0.0318,0.0242,1.314,0.3529,0.2934,0.0595,L3
2买,量比>=2 + 放量 + 量比大于1_3,211,0.0318,0.0255,1.247,0.3412,0.2934,0.0478,L3
2买,量比>=2 + 放量 + 距前高<=10%,50,0.0071,0.0062,1.133,0.32,0.2934,0.0266,L3
2买,量比>=2 + 放量 + 相对强弱大于0,133,0.0168,0.0174,0.963,0.2857,0.2934,-0.0077,L3
2买,量比>=2 + 放量 + 相对强弱>=0,71,0.008,0.0097,0.818,0.2535,0.2934,-0.0399,L3
2买,量比>=2 + 价涨量增 + 量比大于1_3,204,0.0318,0.0242,1.314,0.3529,0.2934,0.0595,L3
2买,量比>=2 + 价涨量增 + 距前高<=10%,50,0.0071,0.0062,1.133,0.32,0.2934,0.0266,L3
2买,量比>=2 + 价涨量增 + 相对强弱大于0,130,0.0168,0.0169,0.995,0.2923,0.2934,-0.0011,L3
2买,量比>=2 + 价涨量增 + 相对强弱>=0,71,0.008,0.0097,0.818,0.2535,0.2934,-0.0399,L3
2买,量比>=2 + 量比大于1_3 + 距前高<=10%,50,0.0071,0.0062,1.133,0.32,0.2934,0.0266,L3
2买,量比>=2 + 量比大于1_3 + 相对强弱大于0,134,0.0168,0.0176,0.953,0.2836,0.2934,-0.0098,L3
2买,量比>=2 + 量比大于1_3 + 相对强弱>=0,72,0.008,0.0099,0.803,0.25,0.2934,-0.0434,L3
2买,量比>=2 + 相对强弱大于0 + 相对强弱>=0,72,0.008,0.0099,0.803,0.25,0.2934,-0.0434,L3
2买,量比大于2 + 量能金叉 + 中枢上穿中轴,420,0.0618,0.0514,1.204,0.3333,0.2934,0.0399,L3
2买,量比大于2 + 量能金叉 + 量能递增,647,0.1034,0.0758,1.364,0.3617,0.2934,0.0683,L3
2买,量比大于2 + 量能金叉 + MACD零轴上金叉,140,0.0221,0.0165,1.338,0.3571,0.2934,0.0637,L3
2买,量比大于2 + 量能金叉 + BOLL突破上轨,211,0.0349,0.0242,1.441,0.3744,0.2934,0.081,L3
2买,量比大于2 + 量能金叉 + KDJ低位金叉,153,0.0269,0.0169,1.597,0.3987,0.2934,0.1053,L3
2买,量比大于2 + 量能金叉 + 放量,699,0.1104,0.0824,1.341,0.3577,0.2934,0.0642,L3
2买,量比大于2 + 量能金叉 + 价涨量增,660,0.1069,0.0767,1.394,0.3667,0.2934,0.0733,L3
2买,量比大于2 + 量能金叉 + 量比大于1_3,699,0.1104,0.0824,1.341,0.3577,0.2934,0.0642,L3
2买,量比大于2 + 量能金叉 + 距前高<=10%,161,0.0269,0.0183,1.469,0.3789,0.2934,0.0855,L3
2买,量比大于2 + 量能金叉 + 相对强弱大于0,528,0.0804,0.0635,1.267,0.3447,0.2934,0.0513,L3
2买,量比大于2 + 量能金叉 + 相对强弱>=0,109,0.015,0.0138,1.092,0.3119,0.2934,0.0185,L3
2买,量比大于2 + 中枢上穿中轴 + 量能递增,631,0.0905,0.0781,1.159,0.3249,0.2934,0.0315,L3
2买,量比大于2 + 中枢上穿中轴 + MACD零轴上金叉,163,0.023,0.0204,1.128,0.319,0.2934,0.0256,L3
2买,量比大于2 + 中枢上穿中轴 + BOLL突破上轨,253,0.0367,0.0312,1.176,0.3281,0.2934,0.0346,L3
2买,量比大于2 + 中枢上穿中轴 + KDJ低位金叉,139,0.0199,0.0172,1.153,0.3237,0.2934,0.0303,L3
2买,量比大于2 + 中枢上穿中轴 + 放量,735,0.1064,0.0906,1.175,0.3279,0.2934,0.0345,L3
2买,量比大于2 + 中枢上穿中轴 + 价涨量增,727,0.1064,0.0891,1.194,0.3315,0.2934,0.0381,L3
2买,量比大于2 + 中枢上穿中轴 + 量比大于1_3,738,0.1069,0.091,1.175,0.3279,0.2934,0.0345,L3
2买,量比大于2 + 中枢上穿中轴 + 距前高<=10%,168,0.0252,0.0204,1.237,0.3393,0.2934,0.0459,L3
2买,量比大于2 + 中枢上穿中轴 + 相对强弱大于0,619,0.0883,0.0769,1.149,0.3231,0.2934,0.0297,L3
2买,量比大于2 + 中枢上穿中轴 + 相对强弱>=0,99,0.0115,0.0134,0.858,0.2626,0.2934,-0.0308,L3
2买,量比大于2 + 量能递增 + MACD零轴上金叉,193,0.0283,0.0237,1.195,0.3316,0.2934,0.0382,L3
2买,量比大于2 + 量能递增 + BOLL突破上轨,306,0.0451,0.0374,1.204,0.3333,0.2934,0.0399,L3
2买,量比大于2 + 量能递增 + KDJ低位金叉,360,0.0614,0.0405,1.515,0.3861,0.2934,0.0927,L3
2买,量比大于2 + 量能递增 + 放量,1300,0.1966,0.1568,1.253,0.3423,0.2934,0.0489,L3
2买,量比大于2 + 量能递增 + 价涨量增,1232,0.189,0.1475,1.282,0.3474,0.2934,0.054,L3
2买,量比大于2 + 量能递增 + 量比大于1_3,1300,0.1966,0.1568,1.253,0.3423,0.2934,0.0489,L3
2买,量比大于2 + 量能递增 + 距前高<=10%,236,0.0371,0.0279,1.331,0.3559,0.2934,0.0625,L3
2买,量比大于2 + 量能递增 + 相对强弱大于0,913,0.1307,0.1132,1.155,0.3242,0.2934,0.0308,L3
2买,量比大于2 + 量能递增 + 相对强弱>=0,173,0.0225,0.0224,1.007,0.2948,0.2934,0.0014,L3
2买,量比大于2 + MACD零轴上金叉 + BOLL突破上轨,165,0.0243,0.0202,1.204,0.3333,0.2934,0.0399,L3
2买,量比大于2 + MACD零轴上金叉 + 放量,210,0.0305,0.0259,1.178,0.3286,0.2934,0.0352,L3
2买,量比大于2 + MACD零轴上金叉 + 价涨量增,208,0.0305,0.0255,1.195,0.3317,0.2934,0.0383,L3
2买,量比大于2 + MACD零轴上金叉 + 量比大于1_3,210,0.0305,0.0259,1.178,0.3286,0.2934,0.0352,L3
2买,量比大于2 + MACD零轴上金叉 + 距前高<=10%,94,0.0155,0.0108,1.429,0.3723,0.2934,0.0789,L3
2买,量比大于2 + MACD零轴上金叉 + 相对强弱大于0,202,0.0292,0.0249,1.169,0.3267,0.2934,0.0333,L3
2买,量比大于2 + BOLL突破上轨 + 放量,325,0.0468,0.0402,1.166,0.3262,0.2934,0.0327,L3
2买,量比大于2 + BOLL突破上轨 + 价涨量增,324,0.0468,0.04,1.171,0.3272,0.2934,0.0337,L3
2买,量比大于2 + BOLL突破上轨 + 量比大于1_3,325,0.0468,0.0402,1.166,0.3262,0.2934,0.0327,L3
2买,量比大于2 + BOLL突破上轨 + 距前高<=10%,102,0.0155,0.0123,1.258,0.3431,0.2934,0.0497,L3
2买,量比大于2 + BOLL突破上轨 + 相对强弱大于0,315,0.0459,0.0387,1.187,0.3302,0.2934,0.0367,L3
2买,量比大于2 + BOLL突破上轨 + 相对强弱>=0,69,0.0093,0.0088,1.054,0.3043,0.2934,0.0109,L3
2买,量比大于2 + KDJ低位金叉 + 放量,531,0.0866,0.0614,1.409,0.3691,0.2934,0.0757,L3
2买,量比大于2 + KDJ低位金叉 + 价涨量增,500,0.0822,0.0576,1.426,0.372,0.2934,0.0786,L3
2买,量比大于2 + KDJ低位金叉 + 量比大于1_3,537,0.0879,0.062,1.418,0.3706,0.2934,0.0772,L3
2买,量比大于2 + KDJ低位金叉 + 相对强弱大于0,271,0.042,0.0323,1.3,0.3506,0.2934,0.0571,L3
2买,量比大于2 + 放量 + 价涨量增,1557,0.2341,0.1884,1.243,0.3404,0.2934,0.047,L3
2买,量比大于2 + 放量 + 量比大于1_3,1656,0.2447,0.2021,1.211,0.3345,0.2934,0.0411,L3
2买,量比大于2 + 放量 + 距前高<=10%,260,0.0402,0.031,1.297,0.35,0.2934,0.0566,L3
2买,量比大于2 + 放量 + 相对强弱大于0,1116,0.1603,0.1381,1.161,0.3253,0.2934,0.0319,L3
2买,量比大于2 + 放量 + 相对强弱>=0,195,0.0274,0.0244,1.123,0.3179,0.2934,0.0245,L3
2买,量比大于2 + 价涨量增 + 量比大于1_3,1557,0.2341,0.1884,1.243,0.3404,0.2934,0.047,L3
2买,量比大于2 + 价涨量增 + 距前高<=10%,250,0.0398,0.0293,1.355,0.36,0.2934,0.0666,L3
2买,量比大于2 + 价涨量增 + 相对强弱大于0,1092,0.1581,0.1346,1.175,0.3278,0.2934,0.0344,L3
2买,量比大于2 + 价涨量增 + 相对强弱>=0,191,0.0265,0.024,1.103,0.3141,0.2934,0.0207,L3
2买,量比大于2 + 量比大于1_3 + 距前高<=10%,260,0.0402,0.031,1.297,0.35,0.2934,0.0566,L3
2买,量比大于2 + 量比大于1_3 + 相对强弱大于0,1119,0.1603,0.1387,1.156,0.3244,0.2934,0.031,L3
2买,量比大于2 + 量比大于1_3 + 相对强弱>=0,196,0.0274,0.0246,1.114,0.3163,0.2934,0.0229,L3
2买,量比大于2 + 距前高<=10% + 相对强弱大于0,201,0.0314,0.0238,1.315,0.3532,0.2934,0.0598,L3
2买,量比大于2 + 距前高<=10% + 相对强弱>=0,59,0.008,0.0075,1.057,0.3051,0.2934,0.0117,L3
2买,量比大于2 + 相对强弱大于0 + 相对强弱>=0,196,0.0274,0.0246,1.114,0.3163,0.2934,0.0229,L3
2买,量能金叉 + 中枢上穿中轴 + 量能递增,521,0.0773,0.0635,1.218,0.3359,0.2934,0.0425,L3
2买,量能金叉 + 中枢上穿中轴 + MACD零轴上金叉,122,0.0181,0.0149,1.219,0.3361,0.2934,0.0426,L3
2买,量能金叉 + 中枢上穿中轴 + BOLL突破上轨,184,0.0292,0.0216,1.347,0.3587,0.2934,0.0653,L3
2买,量能金叉 + 中枢上穿中轴 + KDJ低位金叉,89,0.011,0.0117,0.941,0.2809,0.2934,-0.0125,L3
2买,量能金叉 + 中枢上穿中轴 + 放量,563,0.0822,0.0691,1.188,0.3304,0.2934,0.037,L3
2买,量能金叉 + 中枢上穿中轴 + 价涨量增,548,0.0813,0.0668,1.217,0.3358,0.2934,0.0424,L3
2买,量能金叉 + 中枢上穿中轴 + 量比大于1_3,553,0.0813,0.0677,1.201,0.3327,0.2934,0.0393,L3
2买,量能金叉 + 中枢上穿中轴 + 距前高<=10%,167,0.0265,0.0196,1.35,0.3593,0.2934,0.0659,L3
2买,量能金叉 + 中枢上穿中轴 + 相对强弱大于0,461,0.068,0.0563,1.208,0.3341,0.2934,0.0406,L3
2买,量能金叉 + 中枢上穿中轴 + 相对强弱>=0,91,0.0106,0.0123,0.863,0.2637,0.2934,-0.0297,L3
2买,量能金叉 + 量能递增 + MACD零轴上金叉,150,0.023,0.018,1.278,0.3467,0.2934,0.0533,L3
2买,量能金叉 + 量能递增 + BOLL突破上轨,223,0.0362,0.0259,1.4,0.3677,0.2934,0.0743,L3
2买,量能金叉 + 量能递增 + KDJ低位金叉,249,0.0428,0.0279,1.537,0.3896,0.2934,0.0961,L3
2买,量能金叉 + 量能递增 + 放量,991,0.1533,0.1181,1.298,0.3502,0.2934,0.0567,L3
2买,量能金叉 + 量能递增 + 价涨量增,904,0.1431,0.1064,1.345,0.3584,0.2934,0.065,L3
2买,量能金叉 + 量能递增 + 量比大于1_3,954,0.1484,0.1134,1.309,0.3522,0.2934,0.0588,L3
2买,量能金叉 + 量能递增 + 距前高<=10%,250,0.0389,0.0297,1.308,0.352,0.2934,0.0586,L3
2买,量能金叉 + 量能递增 + 相对强弱大于0,668,0.0998,0.0811,1.231,0.3383,0.2934,0.0449,L3
2买,量能金叉 + 量能递增 + 相对强弱>=0,146,0.019,0.0189,1.005,0.2945,0.2934,0.0011,L3
2买,量能金叉 + MACD零轴上金叉 + BOLL突破上轨,113,0.0168,0.0138,1.22,0.3363,0.2934,0.0429,L3
2买,量能金叉 + MACD零轴上金叉 + 放量,159,0.0247,0.0189,1.309,0.3522,0.2934,0.0588,L3
2买,量能金叉 + MACD零轴上金叉 + 价涨量增,159,0.0247,0.0189,1.309,0.3522,0.2934,0.0588,L3
2买,量能金叉 + MACD零轴上金叉 + 量比大于1_3,160,0.0247,0.0191,1.297,0.35,0.2934,0.0566,L3
2买,量能金叉 + MACD零轴上金叉 + 距前高<=10%,69,0.0119,0.0077,1.548,0.3913,0.2934,0.0979,L3
2买,量能金叉 + MACD零轴上金叉 + 相对强弱大于0,151,0.023,0.0182,1.265,0.3444,0.2934,0.051,L3
2买,量能金叉 + BOLL突破上轨 + 放量,229,0.0371,0.0266,1.395,0.3668,0.2934,0.0734,L3
2买,量能金叉 + BOLL突破上轨 + 价涨量增,229,0.0371,0.0266,1.395,0.3668,0.2934,0.0734,L3
2买,量能金叉 + BOLL突破上轨 + 量比大于1_3,229,0.0371,0.0266,1.395,0.3668,0.2934,0.0734,L3
2买,量能金叉 + BOLL突破上轨 + 距前高<=10%,68,0.0124,0.0073,1.686,0.4118,0.2934,0.1183,L3
2买,量能金叉 + BOLL突破上轨 + 相对强弱大于0,221,0.0362,0.0255,1.421,0.371,0.2934,0.0776,L3
2买,量能金叉 + BOLL突破上轨 + 相对强弱>=0,55,0.0075,0.007,1.077,0.3091,0.2934,0.0157,L3
2买,量能金叉 + KDJ低位金叉 + 放量,290,0.0486,0.033,1.472,0.3793,0.2934,0.0859,L3
2买,量能金叉 + KDJ低位金叉 + 价涨量增,267,0.0437,0.0308,1.419,0.3708,0.2934,0.0774,L3
2买,量能金叉 + KDJ低位金叉 + 量比大于1_3,281,0.0459,0.0325,1.415,0.3701,0.2934,0.0767,L3
2买,量能金叉 + KDJ低位金叉 + 相对强弱大于0,130,0.019,0.016,1.19,0.3308,0.2934,0.0374,L3
2买,量能金叉 + 放量 + 价涨量增,1013,0.1546,0.1216,1.271,0.3455,0.2934,0.0521,L3
2买,量能金叉 + 放量 + 量比大于1_3,1076,0.1621,0.13,1.247,0.3411,0.2934,0.0477,L3
2买,量能金叉 + 放量 + 距前高<=10%,275,0.042,0.033,1.271,0.3455,0.2934,0.052,L3
2买,量能金叉 + 放量 + 相对强弱大于0,735,0.1064,0.0906,1.175,0.3279,0.2934,0.0345,L3
2买,量能金叉 + 放量 + 相对强弱>=0,157,0.0208,0.0202,1.029,0.2994,0.2934,0.0059,L3
2买,量能金叉 + 价涨量增 + 量比大于1_3,982,0.1511,0.1174,1.287,0.3483,0.2934,0.0549,L3
2买,量能金叉 + 价涨量增 + 距前高<=10%,249,0.0389,0.0295,1.316,0.3534,0.2934,0.06,L3
2买,量能金叉 + 价涨量增 + 相对强弱大于0,699,0.1038,0.0851,1.22,0.3362,0.2934,0.0428,L3
2买,量能金叉 + 价涨量增 + 相对强弱>=0,149,0.0199,0.0191,1.042,0.302,0.2934,0.0086,L3
2买,量能金叉 + 量比大于1_3 + 距前高<=10%,266,0.0402,0.0321,1.252,0.3421,0.2934,0.0487,L3
2买,量能金叉 + 量比大于1_3 + 相对强弱大于0,723,0.1051,0.089,1.182,0.3292,0.2934,0.0358,L3
2买,量能金叉 + 量比大于1_3 + 相对强弱>=0,158,0.0208,0.0204,1.02,0.2975,0.2934,0.0041,L3
2买,量能金叉 + 距前高<=10% + 相对强弱大于0,198,0.0318,0.0231,1.376,0.3636,0.2934,0.0702,L3
2买,量能金叉 + 距前高<=10% + 相对强弱>=0,68,0.0084,0.009,0.934,0.2794,0.2934,-0.014,L3
2买,量能金叉 + 相对强弱大于0 + 相对强弱>=0,165,0.0216,0.0213,1.017,0.297,0.2934,0.0036,L3
2买,中枢上穿中轴 + 量能递增 + MACD零轴上金叉,205,0.0296,0.0253,1.169,0.3268,0.2934,0.0334,L3
2买,中枢上穿中轴 + 量能递增 + BOLL突破上轨,286,0.0424,0.0348,1.217,0.3357,0.2934,0.0422,L3
2买,中枢上穿中轴 + 量能递增 + KDJ低位金叉,162,0.0243,0.0196,1.238,0.3395,0.2934,0.0461,L3
2买,中枢上穿中轴 + 量能递增 + 放量,1095,0.1621,0.1335,1.214,0.3352,0.2934,0.0417,L3
2买,中枢上穿中轴 + 量能递增 + 价涨量增,1052,0.1568,0.1278,1.227,0.3375,0.2934,0.044,L3
2买,中枢上穿中轴 + 量能递增 + 量比大于1_3,1002,0.1475,0.1225,1.204,0.3333,0.2934,0.0399,L3
2买,中枢上穿中轴 + 量能递增 + 距前高<=10%,361,0.0557,0.0431,1.291,0.349,0.2934,0.0556,L3
2买,中枢上穿中轴 + 量能递增 + 相对强弱大于0,877,0.133,0.1056,1.258,0.3432,0.2934,0.0498,L3
2买,中枢上穿中轴 + 量能递增 + 相对强弱>=0,183,0.0252,0.0231,1.089,0.3115,0.2934,0.0181,L3
2买,中枢上穿中轴 + MACD零轴上金叉 + BOLL突破上轨,153,0.0216,0.0191,1.135,0.3203,0.2934,0.0268,L3
2买,中枢上穿中轴 + MACD零轴上金叉 + 放量,223,0.0322,0.0275,1.172,0.3274,0.2934,0.0339,L3
2买,中枢上穿中轴 + MACD零轴上金叉 + 价涨量增,221,0.0318,0.0273,1.164,0.3258,0.2934,0.0324,L3
2买,中枢上穿中轴 + MACD零轴上金叉 + 量比大于1_3,215,0.0309,0.0266,1.163,0.3256,0.2934,0.0322,L3
2买,中枢上穿中轴 + MACD零轴上金叉 + 距前高<=10%,100,0.0168,0.0114,1.476,0.38,0.2934,0.0866,L3
2买,中枢上穿中轴 + MACD零轴上金叉 + 相对强弱大于0,210,0.03,0.026,1.153,0.3238,0.2934,0.0304,L3
2买,中枢上穿中轴 + BOLL突破上轨 + 放量,295,0.0428,0.0363,1.18,0.3288,0.2934,0.0354,L3
2买,中枢上穿中轴 + BOLL突破上轨 + 价涨量增,293,0.0424,0.0361,1.174,0.3276,0.2934,0.0342,L3
2买,中枢上穿中轴 + BOLL突破上轨 + 量比大于1_3,293,0.0424,0.0361,1.174,0.3276,0.2934,0.0342,L3
2买,中枢上穿中轴 + BOLL突破上轨 + 距前高<=10%,89,0.0133,0.0108,1.224,0.3371,0.2934,0.0437,L3
2买,中枢上穿中轴 + BOLL突破上轨 + 相对强弱大于0,289,0.0428,0.0352,1.217,0.3356,0.2934,0.0422,L3
2买,中枢上穿中轴 + BOLL突破上轨 + 相对强弱>=0,54,0.0066,0.0072,0.926,0.2778,0.2934,-0.0156,L3
2买,中枢上穿中轴 + KDJ低位金叉 + 放量,237,0.0371,0.0281,1.322,0.3544,0.2934,0.061,L3
2买,中枢上穿中轴 + KDJ低位金叉 + 价涨量增,235,0.0371,0.0277,1.34,0.3574,0.2934,0.064,L3
2买,中枢上穿中轴 + KDJ低位金叉 + 量比大于1_3,244,0.0375,0.0292,1.287,0.3484,0.2934,0.0549,L3
2买,中枢上穿中轴 + KDJ低位金叉 + 相对强弱大于0,186,0.0278,0.0226,1.233,0.3387,0.2934,0.0453,L3
2买,中枢上穿中轴 + 放量 + 价涨量增,1344,0.1979,0.1643,1.204,0.3333,0.2934,0.0399,L3
2买,中枢上穿中轴 + 放量 + 量比大于1_3,1280,0.186,0.1576,1.18,0.3289,0.2934,0.0355,L3
2买,中枢上穿中轴 + 放量 + 距前高<=10%,417,0.0649,0.0495,1.311,0.3525,0.2934,0.0591,L3
2买,中枢上穿中轴 + 放量 + 相对强弱大于0,1039,0.1542,0.1266,1.218,0.3359,0.2934,0.0425,L3
2买,中枢上穿中轴 + 放量 + 相对强弱>=0,189,0.0278,0.0231,1.204,0.3333,0.2934,0.0399,L3
2买,中枢上穿中轴 + 价涨量增 + 量比大于1_3,1242,0.1811,0.1526,1.187,0.3301,0.2934,0.0367,L3
2买,中枢上穿中轴 + 价涨量增 + 距前高<=10%,388,0.0618,0.0455,1.359,0.3608,0.2934,0.0674,L3
2买,中枢上穿中轴 + 价涨量增 + 相对强弱大于0,1009,0.1502,0.1227,1.224,0.337,0.2934,0.0436,L3
2买,中枢上穿中轴 + 价涨量增 + 相对强弱>=0,182,0.0261,0.0226,1.155,0.3242,0.2934,0.0308,L3
2买,中枢上穿中轴 + 量比大于1_3 + 距前高<=10%,371,0.0574,0.0442,1.299,0.3504,0.2934,0.057,L3
2买,中枢上穿中轴 + 量比大于1_3 + 相对强弱大于0,984,0.144,0.1207,1.193,0.3313,0.2934,0.0379,L3
2买,中枢上穿中轴 + 量比大于1_3 + 相对强弱>=0,168,0.023,0.0213,1.08,0.3095,0.2934,0.0161,L3
2买,中枢上穿中轴 + 距前高<=10% + 相对强弱大于0,316,0.0521,0.0363,1.435,0.3734,0.2934,0.08,L3
2买,中枢上穿中轴 + 距前高<=10% + 相对强弱>=0,102,0.0146,0.0127,1.152,0.3235,0.2934,0.0301,L3
2买,中枢上穿中轴 + 相对强弱大于0 + 相对强弱>=0,220,0.0314,0.0273,1.147,0.3227,0.2934,0.0293,L3
2买,量能递增 + MACD零轴上金叉 + BOLL突破上轨,181,0.0265,0.0222,1.194,0.3315,0.2934,0.0381,L3
2买,量能递增 + MACD零轴上金叉 + 放量,258,0.0384,0.0314,1.225,0.3372,0.2934,0.0438,L3
2买,量能递增 + MACD零轴上金叉 + 价涨量增,256,0.038,0.0312,1.218,0.3359,0.2934,0.0425,L3
2买,量能递增 + MACD零轴上金叉 + 量比大于1_3,249,0.0371,0.0303,1.226,0.3373,0.2934,0.0439,L3
2买,量能递增 + MACD零轴上金叉 + 距前高<=10%,123,0.0203,0.0141,1.439,0.374,0.2934,0.0806,L3
2买,量能递增 + MACD零轴上金叉 + 相对强弱大于0,243,0.0358,0.0297,1.204,0.3333,0.2934,0.0399,L3
2买,量能递增 + MACD零轴上金叉 + 相对强弱>=0,62,0.0088,0.0077,1.147,0.3226,0.2934,0.0292,L3
2买,量能递增 + BOLL突破上轨 + 放量,363,0.0526,0.0448,1.174,0.3278,0.2934,0.0344,L3
2买,量能递增 + BOLL突破上轨 + 价涨量增,361,0.0521,0.0446,1.169,0.3269,0.2934,0.0335,L3
2买,量能递增 + BOLL突破上轨 + 量比大于1_3,356,0.0521,0.0437,1.194,0.3315,0.2934,0.038,L3
2买,量能递增 + BOLL突破上轨 + 距前高<=10%,122,0.0186,0.0147,1.264,0.3443,0.2934,0.0508,L3
2买,量能递增 + BOLL突破上轨 + 相对强弱大于0,350,0.0517,0.0427,1.209,0.3343,0.2934,0.0409,L3
2买,量能递增 + BOLL突破上轨 + 相对强弱>=0,76,0.0093,0.0101,0.919,0.2763,0.2934,-0.0171,L3
2买,量能递增 + KDJ低位金叉 + 放量,918,0.1524,0.1051,1.45,0.3758,0.2934,0.0824,L3
2买,量能递增 + KDJ低位金叉 + 价涨量增,826,0.136,0.095,1.432,0.3729,0.2934,0.0795,L3
2买,量能递增 + KDJ低位金叉 + 量比大于1_3,794,0.1325,0.0906,1.462,0.3778,0.2934,0.0844,L3
2买,量能递增 + KDJ低位金叉 + 距前高<=10%,89,0.0124,0.0112,1.105,0.3146,0.2934,0.0212,L3
2买,量能递增 + KDJ低位金叉 + 相对强弱大于0,374,0.0587,0.0442,1.329,0.3556,0.2934,0.0622,L3
2买,量能递增 + KDJ低位金叉 + 相对强弱>=0,50,0.0084,0.0057,1.476,0.38,0.2934,0.0866,L3
2买,量能递增 + 放量 + 价涨量增,2657,0.3931,0.3241,1.213,0.335,0.2934,0.0415,L3
2买,量能递增 + 放量 + 量比大于1_3,2595,0.3838,0.3166,1.212,0.3349,0.2934,0.0415,L3
2买,量能递增 + 放量 + 距前高<=10%,621,0.0941,0.0748,1.257,0.343,0.2934,0.0496,L3
2买,量能递增 + 放量 + 相对强弱大于0,1729,0.254,0.2117,1.2,0.3326,0.2934,0.0391,L3
2买,量能递增 + 放量 + 相对强弱>=0,364,0.0481,0.0468,1.029,0.2995,0.2934,0.006,L3
2买,量能递增 + 价涨量增 + 量比大于1_3,2344,0.3498,0.2847,1.229,0.3379,0.2934,0.0445,L3
2买,量能递增 + 价涨量增 + 距前高<=10%,539,0.083,0.0644,1.29,0.3488,0.2934,0.0554,L3
2买,量能递增 + 价涨量增 + 相对强弱大于0,1602,0.2328,0.1972,1.181,0.329,0.2934,0.0355,L3
2买,量能递增 + 价涨量增 + 相对强弱>=0,333,0.0428,0.0433,0.99,0.2913,0.2934,-0.0021,L3
2买,量能递增 + 量比大于1_3 + 距前高<=10%,517,0.0782,0.0624,1.254,0.3424,0.2934,0.0489,L3
2买,量能递增 + 量比大于1_3 + 相对强弱大于0,1531,0.2213,0.1889,1.171,0.3272,0.2934,0.0338,L3
2买,量能递增 + 量比大于1_3 + 相对强弱>=0,323,0.0415,0.042,0.988,0.291,0.2934,-0.0024,L3
2买,量能递增 + 距前高<=10% + 相对强弱大于0,415,0.0671,0.0482,1.392,0.3663,0.2934,0.0728,L3
2买,量能递增 + 距前高<=10% + 相对强弱>=0,153,0.0212,0.0193,1.101,0.3137,0.2934,0.0203,L3
2买,量能递增 + 相对强弱大于0 + 相对强弱>=0,420,0.0557,0.0539,1.032,0.3,0.2934,0.0066,L3
2买,MACD零轴上金叉 + BOLL突破上轨 + 放量,195,0.0274,0.0244,1.123,0.3179,0.2934,0.0245,L3
2买,MACD零轴上金叉 + BOLL突破上轨 + 价涨量增,193,0.0269,0.0242,1.113,0.3161,0.2934,0.0226,L3
2买,MACD零轴上金叉 + BOLL突破上轨 + 量比大于1_3,193,0.0269,0.0242,1.113,0.3161,0.2934,0.0226,L3
2买,MACD零轴上金叉 + BOLL突破上轨 + 距前高<=10%,96,0.015,0.0114,1.321,0.3542,0.2934,0.0608,L3
2买,MACD零轴上金叉 + BOLL突破上轨 + 相对强弱大于0,190,0.0274,0.0235,1.166,0.3263,0.2934,0.0329,L3
2买,MACD零轴上金叉 + 放量 + 价涨量增,294,0.042,0.0365,1.15,0.3231,0.2934,0.0297,L3
2买,MACD零轴上金叉 + 放量 + 量比大于1_3,288,0.0411,0.0358,1.148,0.3229,0.2934,0.0295,L3
2买,MACD零轴上金叉 + 放量 + 距前高<=10%,141,0.023,0.0163,1.407,0.3688,0.2934,0.0754,L3
2买,MACD零轴上金叉 + 放量 + 相对强弱大于0,277,0.0389,0.0347,1.121,0.3177,0.2934,0.0243,L3
2买,MACD零轴上金叉 + 放量 + 相对强弱>=0,74,0.0097,0.0095,1.019,0.2973,0.2934,0.0039,L3
2买,MACD零轴上金叉 + 价涨量增 + 量比大于1_3,286,0.0411,0.0354,1.16,0.3252,0.2934,0.0318,L3
2买,MACD零轴上金叉 + 价涨量增 + 距前高<=10%,140,0.023,0.0161,1.423,0.3714,0.2934,0.078,L3
2买,MACD零轴上金叉 + 价涨量增 + 相对强弱大于0,274,0.0384,0.0343,1.12,0.3175,0.2934,0.0241,L3
2买,MACD零轴上金叉 + 价涨量增 + 相对强弱>=0,73,0.0097,0.0094,1.039,0.3014,0.2934,0.008,L3
2买,MACD零轴上金叉 + 量比大于1_3 + 距前高<=10%,138,0.0225,0.016,1.412,0.3696,0.2934,0.0761,L3
2买,MACD零轴上金叉 + 量比大于1_3 + 相对强弱大于0,269,0.0375,0.0337,1.112,0.316,0.2934,0.0226,L3
2买,MACD零轴上金叉 + 量比大于1_3 + 相对强弱>=0,72,0.0097,0.0092,1.06,0.3056,0.2934,0.0121,L3
2买,MACD零轴上金叉 + 距前高<=10% + 相对强弱大于0,133,0.0216,0.0154,1.405,0.3684,0.2934,0.075,L3
2买,MACD零轴上金叉 + 相对强弱大于0 + 相对强弱>=0,76,0.0102,0.0097,1.045,0.3026,0.2934,0.0092,L3
2买,BOLL突破上轨 + 放量 + 价涨量增,386,0.0543,0.0482,1.126,0.3187,0.2934,0.0252,L3
2买,BOLL突破上轨 + 放量 + 量比大于1_3,381,0.0543,0.0473,1.148,0.3228,0.2934,0.0294,L3
2买,BOLL突破上轨 + 放量 + 距前高<=10%,132,0.0194,0.0161,1.204,0.3333,0.2934,0.0399,L3
2买,BOLL突破上轨 + 放量 + 相对强弱大于0,373,0.0539,0.046,1.17,0.3271,0.2934,0.0337,L3
2买,BOLL突破上轨 + 放量 + 相对强弱>=0,82,0.0106,0.0106,0.996,0.2927,0.2934,-0.0007,L3
2买,BOLL突破上轨 + 价涨量增 + 量比大于1_3,380,0.0543,0.0471,1.153,0.3237,0.2934,0.0303,L3
2买,BOLL突破上轨 + 价涨量增 + 距前高<=10%,132,0.0194,0.0161,1.204,0.3333,0.2934,0.0399,L3
2买,BOLL突破上轨 + 价涨量增 + 相对强弱大于0,371,0.0534,0.0459,1.166,0.3261,0.2934,0.0327,L3
2买,BOLL突破上轨 + 价涨量增 + 相对强弱>=0,81,0.0106,0.0105,1.014,0.2963,0.2934,0.0029,L3
2买,BOLL突破上轨 + 量比大于1_3 + 距前高<=10%,128,0.0194,0.0154,1.261,0.3438,0.2934,0.0503,L3
2买,BOLL突破上轨 + 量比大于1_3 + 相对强弱大于0,366,0.0534,0.0449,1.189,0.3306,0.2934,0.0372,L3
2买,BOLL突破上轨 + 量比大于1_3 + 相对强弱>=0,82,0.0106,0.0106,0.996,0.2927,0.2934,-0.0007,L3
2买,BOLL突破上轨 + 距前高<=10% + 相对强弱大于0,126,0.019,0.0152,1.248,0.3413,0.2934,0.0479,L3
2买,BOLL突破上轨 + 相对强弱大于0 + 相对强弱>=0,82,0.0106,0.0106,0.996,0.2927,0.2934,-0.0007,L3
2买,KDJ低位金叉 + 放量 + 价涨量增,1486,0.2266,0.1785,1.27,0.3452,0.2934,0.0518,L3
2买,KDJ低位金叉 + 放量 + 量比大于1_3,1512,0.2332,0.1805,1.292,0.3492,0.2934,0.0558,L3
2买,KDJ低位金叉 + 放量 + 距前高<=10%,129,0.0186,0.016,1.163,0.3256,0.2934,0.0322,L3
2买,KDJ低位金叉 + 放量 + 相对强弱大于0,568,0.091,0.0664,1.37,0.3627,0.2934,0.0693,L3
2买,KDJ低位金叉 + 放量 + 相对强弱>=0,78,0.015,0.0081,1.861,0.4359,0.2934,0.1425,L3
2买,KDJ低位金叉 + 价涨量增 + 量比大于1_3,1339,0.2058,0.1601,1.285,0.348,0.2934,0.0546,L3
2买,KDJ低位金叉 + 价涨量增 + 距前高<=10%,112,0.015,0.0143,1.05,0.3036,0.2934,0.0102,L3
2买,KDJ低位金叉 + 价涨量增 + 相对强弱大于0,528,0.0808,0.0633,1.277,0.3466,0.2934,0.0532,L3
2买,KDJ低位金叉 + 价涨量增 + 相对强弱>=0,67,0.0124,0.0072,1.729,0.4179,0.2934,0.1245,L3
2买,KDJ低位金叉 + 量比大于1_3 + 距前高<=10%,117,0.0159,0.0149,1.07,0.3077,0.2934,0.0143,L3
2买,KDJ低位金叉 + 量比大于1_3 + 相对强弱大于0,585,0.0866,0.0713,1.213,0.335,0.2934,0.0416,L3
2买,KDJ低位金叉 + 量比大于1_3 + 相对强弱>=0,84,0.0141,0.0095,1.482,0.381,0.2934,0.0875,L3
2买,KDJ低位金叉 + 距前高<=10% + 相对强弱大于0,65,0.0097,0.0079,1.232,0.3385,0.2934,0.045,L3
2买,KDJ低位金叉 + 相对强弱大于0 + 相对强弱>=0,121,0.019,0.0143,1.328,0.3554,0.2934,0.062,L3
2买,放量 + 价涨量增 + 量比大于1_3,3598,0.5018,0.4516,1.111,0.3157,0.2934,0.0223,L3
2买,放量 + 价涨量增 + 距前高<=10%,711,0.1042,0.0871,1.196,0.3319,0.2934,0.0385,L3
2买,放量 + 价涨量增 + 相对强弱大于0,2238,0.3154,0.2795,1.128,0.319,0.2934,0.0256,L3
2买,放量 + 价涨量增 + 相对强弱>=0,435,0.0601,0.0548,1.095,0.3126,0.2934,0.0192,L3
2买,放量 + 量比大于1_3 + 距前高<=10%,685,0.0981,0.0849,1.155,0.3241,0.2934,0.0307,L3
2买,放量 + 量比大于1_3 + 相对强弱大于0,2159,0.3034,0.27,1.124,0.3182,0.2934,0.0248,L3
2买,放量 + 量比大于1_3 + 相对强弱>=0,420,0.0579,0.053,1.092,0.3119,0.2934,0.0185,L3
2买,放量 + 距前高<=10% + 相对强弱大于0,515,0.0808,0.0609,1.327,0.3553,0.2934,0.0619,L3
2买,放量 + 距前高<=10% + 相对强弱>=0,175,0.0256,0.0215,1.194,0.3314,0.2934,0.038,L3
2买,放量 + 相对强弱大于0 + 相对强弱>=0,487,0.0689,0.0607,1.135,0.3203,0.2934,0.0269,L3
2买,价涨量增 + 量比大于1_3 + 距前高<=10%,611,0.0901,0.0747,1.207,0.3339,0.2934,0.0405,L3
2买,价涨量增 + 量比大于1_3 + 相对强弱大于0,2032,0.2853,0.2542,1.122,0.3179,0.2934,0.0245,L3
2买,价涨量增 + 量比大于1_3 + 相对强弱>=0,391,0.053,0.0497,1.066,0.3069,0.2934,0.0135,L3
2买,价涨量增 + 距前高<=10% + 相对强弱大于0,462,0.0729,0.0545,1.338,0.3571,0.2934,0.0637,L3
2买,价涨量增 + 距前高<=10% + 相对强弱>=0,151,0.0212,0.0189,1.122,0.3179,0.2934,0.0245,L3
2买,价涨量增 + 相对强弱大于0 + 相对强弱>=0,435,0.0601,0.0548,1.095,0.3126,0.2934,0.0192,L3
2买,量比大于1_3 + 距前高<=10% + 相对强弱大于0,447,0.0702,0.0528,1.329,0.3557,0.2934,0.0623,L3
2买,量比大于1_3 + 距前高<=10% + 相对强弱>=0,146,0.0208,0.0182,1.143,0.3219,0.2934,0.0285,L3
2买,量比大于1_3 + 相对强弱大于0 + 相对强弱>=0,446,0.061,0.0565,1.079,0.3094,0.2934,0.016,L3
2买,距前高<=10% + 相对强弱大于0 + 相对强弱>=0,218,0.0322,0.0266,1.212,0.3349,0.2934,0.0414,L3
2买,量比>=1.0,2656,0.4002,0.321,1.247,0.3411,0.2934,0.0477,L4
2买,极限抄底 + 量比>=1.0,133,0.0309,0.0116,2.676,0.5263,0.2934,0.2329,L4
2买,量能金叉 + 量比>=1.0,648,0.1038,0.0758,1.37,0.3627,0.2934,0.0692,L4
2买,大盘安全 + 量比>=1.0,1419,0.1877,0.1823,1.03,0.2995,0.2934,0.0061,L4
2买,偏多共振 + 量比>=1.0,325,0.0384,0.0437,0.88,0.2677,0.2934,-0.0257,L4
2买,中枢进机会区 + 量比>=1.0,1058,0.174,0.1218,1.429,0.3724,0.2934,0.079,L4
2买,量比>=1.3,1109,0.182,0.1278,1.423,0.3715,0.2934,0.0781,L4
2买,极限抄底 + 量比>=1.3,79,0.0208,0.0059,3.537,0.5949,0.2934,0.3015,L4
2买,量能金叉 + 量比>=1.3,370,0.0632,0.0416,1.517,0.3865,0.2934,0.0931,L4
2买,大盘安全 + 量比>=1.3,578,0.0804,0.0726,1.107,0.3149,0.2934,0.0215,L4
2买,偏多共振 + 量比>=1.3,119,0.015,0.0156,0.963,0.2857,0.2934,-0.0077,L4
2买,中枢进机会区 + 量比>=1.3,429,0.0716,0.049,1.461,0.3776,0.2934,0.0842,L4
2买,量比>=1.5,670,0.1073,0.0783,1.37,0.3627,0.2934,0.0693,L4
2买,极限抄底 + 量比>=1.5,55,0.0155,0.0037,4.214,0.6364,0.2934,0.3429,L4
2买,量能金叉 + 量比>=1.5,255,0.0428,0.029,1.478,0.3804,0.2934,0.087,L4
2买,大盘安全 + 量比>=1.5,343,0.0459,0.0438,1.048,0.3032,0.2934,0.0098,L4
2买,偏多共振 + 量比>=1.5,71,0.0075,0.0099,0.758,0.2394,0.2934,-0.054,L4
2买,中枢进机会区 + 量比>=1.5,248,0.0411,0.0284,1.445,0.375,0.2934,0.0816,L4
2买,量比>=2.0,213,0.0322,0.0257,1.256,0.3427,0.2934,0.0493,L4
2买,量能金叉 + 量比>=2.0,118,0.0163,0.0149,1.1,0.3136,0.2934,0.0201,L4
2买,大盘安全 + 量比>=2.0,108,0.0141,0.0139,1.014,0.2963,0.2934,0.0029,L4
2买,中枢进机会区 + 量比>=2.0,87,0.0124,0.0108,1.143,0.3218,0.2934,0.0284,L4
2买,量比>=2.5,85,0.0128,0.0103,1.247,0.3412,0.2934,0.0478,L4
2买,量能金叉 + 量比>=2.5,59,0.0075,0.0077,0.975,0.2881,0.2934,-0.0053,L4
2买,距60日高点>=0.85,2589,0.3564,0.3269,1.091,0.3117,0.2934,0.0183,L4
2买,量能金叉 + 距60日高点>=0.85,603,0.0932,0.0719,1.296,0.3499,0.2934,0.0565,L4
2买,大盘安全 + 距60日高点>=0.85,1737,0.2204,0.2271,0.971,0.2873,0.2934,-0.0061,L4
2买,偏多共振 + 距60日高点>=0.85,564,0.0632,0.0772,0.818,0.2535,0.2934,-0.0399,L4
2买,中枢进机会区 + 距60日高点>=0.85,949,0.1369,0.1172,1.168,0.3267,0.2934,0.0332,L4
2买,距60日高点>=0.9,1098,0.1519,0.1383,1.099,0.3133,0.2934,0.0199,L4
2买,量能金叉 + 距60日高点>=0.9,279,0.0424,0.0336,1.263,0.3441,0.2934,0.0507,L4
2买,大盘安全 + 距60日高点>=0.9,766,0.1007,0.0987,1.021,0.2977,0.2934,0.0042,L4
2买,偏多共振 + 距60日高点>=0.9,263,0.0318,0.035,0.908,0.2738,0.2934,-0.0197,L4
2买,中枢进机会区 + 距60日高点>=0.9,327,0.0499,0.0393,1.272,0.3456,0.2934,0.0521,L4
2买,距60日高点>=0.95,119,0.0177,0.0145,1.219,0.3361,0.2934,0.0427,L4
2买,大盘安全 + 距60日高点>=0.95,81,0.0115,0.0101,1.138,0.321,0.2934,0.0276,L4
2买,距60日高点<=0.6,277,0.0309,0.038,0.814,0.2527,0.2934,-0.0407,L4
2买,极限抄底 + 距60日高点<=0.6,53,0.0088,0.0061,1.459,0.3774,0.2934,0.0839,L4
2买,大盘安全 + 距60日高点<=0.6,120,0.0137,0.0163,0.839,0.2583,0.2934,-0.0351,L4
2买,中枢进机会区 + 距60日高点<=0.6,73,0.0088,0.0097,0.909,0.274,0.2934,-0.0194,L4
2买,距60日高点<=0.7,1253,0.1617,0.1627,0.994,0.2921,0.2934,-0.0013,L4
2买,极限抄底 + 距60日高点<=0.7,176,0.0278,0.0207,1.343,0.358,0.2934,0.0645,L4
2买,量能金叉 + 距60日高点<=0.7,90,0.0155,0.0101,1.532,0.3889,0.2934,0.0955,L4
2买,大盘安全 + 距60日高点<=0.7,509,0.0539,0.071,0.759,0.2397,0.2934,-0.0537,L4
2买,偏多共振 + 距60日高点<=0.7,61,0.0044,0.0094,0.472,0.1639,0.2934,-0.1295,L4
2买,中枢进机会区 + 距60日高点<=0.7,379,0.0517,0.0481,1.075,0.3087,0.2934,0.0153,L4
2买,距60日高点<=0.8,3543,0.4541,0.4613,0.984,0.2901,0.2934,-0.0033,L4
2买,极限抄底 + 距60日高点<=0.8,291,0.0464,0.0341,1.359,0.3608,0.2934,0.0674,L4
2买,量能金叉 + 距60日高点<=0.8,318,0.0481,0.0383,1.256,0.3428,0.2934,0.0494,L4
2买,大盘安全 + 距60日高点<=0.8,1642,0.167,0.2318,0.72,0.2302,0.2934,-0.0632,L4
2买,偏多共振 + 距60日高点<=0.8,310,0.0331,0.0431,0.769,0.2419,0.2934,-0.0515,L4
2买,中枢进机会区 + 距60日高点<=0.8,1308,0.1784,0.1658,1.076,0.3089,0.2934,0.0155,L4
2买,距60日低点<=1.05,2731,0.3317,0.3632,0.913,0.275,0.2934,-0.0184,L4
2买,极限抄底 + 距60日低点<=1.05,153,0.0212,0.0193,1.101,0.3137,0.2934,0.0203,L4
2买,量能金叉 + 距60日低点<=1.05,371,0.0579,0.044,1.314,0.3531,0.2934,0.0597,L4
2买,大盘安全 + 距60日低点<=1.05,1197,0.1056,0.1757,0.601,0.1997,0.2934,-0.0938,L4
2买,偏多共振 + 距60日低点<=1.05,51,0.0057,0.007,0.824,0.2549,0.2934,-0.0385,L4
2买,中枢进机会区 + 距60日低点<=1.05,1150,0.1387,0.1533,0.904,0.273,0.2934,-0.0204,L4
2买,距60日低点<=1.1,4175,0.5265,0.5471,0.962,0.2855,0.2934,-0.0079,L4
2买,极限抄底 + 距60日低点<=1.1,214,0.0305,0.0266,1.146,0.3224,0.2934,0.029,L4
2买,量能金叉 + 距60日低点<=1.1,626,0.0963,0.0748,1.287,0.3482,0.2934,0.0548,L4
2买,大盘安全 + 距60日低点<=1.1,1971,0.1939,0.281,0.69,0.2227,0.2934,-0.0707,L4
2买,偏多共振 + 距60日低点<=1.1,187,0.0221,0.0251,0.879,0.2674,0.2934,-0.026,L4
2买,中枢进机会区 + 距60日低点<=1.1,1772,0.2288,0.23,0.995,0.2923,0.2934,-0.0011,L4
2买,距60日低点<=1.2,5821,0.7571,0.7533,1.005,0.2945,0.2934,0.001,L4
2买,极限抄底 + 距60日低点<=1.2,277,0.0451,0.0321,1.404,0.3682,0.2934,0.0748,L4
2买,量能金叉 + 距60日低点<=1.2,885,0.1369,0.1055,1.298,0.3503,0.2934,0.0569,L4
2买,大盘安全 + 距60日低点<=1.2,2984,0.3145,0.4167,0.755,0.2386,0.2934,-0.0548,L4
2买,偏多共振 + 距60日低点<=1.2,523,0.0552,0.073,0.756,0.239,0.2934,-0.0544,L4
2买,中枢进机会区 + 距60日低点<=1.2,2381,0.3163,0.3054,1.036,0.3007,0.2934,0.0073,L4
2买,相对强弱>=-5.0,4114,0.5221,0.5378,0.971,0.2873,0.2934,-0.0061,L4
2买,量能金叉 + 相对强弱>=-5.0,698,0.0976,0.0875,1.116,0.3166,0.2934,0.0232,L4
2买,大盘安全 + 相对强弱>=-5.0,2207,0.2429,0.3039,0.799,0.2492,0.2934,-0.0442,L4
2买,偏多共振 + 相对强弱>=-5.0,583,0.0649,0.08,0.812,0.2521,0.2934,-0.0413,L4
2买,中枢进机会区 + 相对强弱>=-5.0,1549,0.2041,0.1994,1.024,0.2983,0.2934,0.0048,L4
2买,相对强弱>=0.0,656,0.0892,0.0833,1.071,0.3079,0.2934,0.0145,L4
2买,量能金叉 + 相对强弱>=0.0,165,0.0216,0.0213,1.017,0.297,0.2934,0.0036,L4
2买,大盘安全 + 相对强弱>=0.0,202,0.0252,0.0266,0.947,0.2822,0.2934,-0.0112,L4
2买,偏多共振 + 相对强弱>=0.0,121,0.015,0.016,0.941,0.281,0.2934,-0.0124,L4
2买,中枢进机会区 + 相对强弱>=0.0,253,0.0345,0.0321,1.073,0.3083,0.2934,0.0149,L4
2买,相对强弱>=5.0,55,0.0062,0.0075,0.822,0.2545,0.2934,-0.0389,L4
2买,S-六脉震荡［六脉6红首发 + SID等于2 + 量能递增］,1184,0.1736,0.1451,1.196,0.3319,0.2934,0.0385,L5
2买,S-MACD金叉多头［MACD零轴上金叉 + 趋势多头 + 放量］,277,0.0398,0.0343,1.159,0.3249,0.2934,0.0315,L5
2买,S-超跌反弹［深跌(距前高>40%) + 大盘5日上涨 + MACD金叉态］,78,0.0066,0.0116,0.573,0.1923,0.2934,-0.1011,L5
2买,S-极限抄底反弹［极限抄底 + 大盘安全］,51,0.0066,0.0066,1.003,0.2941,0.2934,0.0007,L5
2买,S-中枢机会区［中枢进机会区 + 量比>=1.3］,429,0.0716,0.049,1.461,0.3776,0.2934,0.0842,L5
3买,多头排列,243,0.0603,0.0665,0.906,0.3539,0.3768,-0.0229,L1
3买,空头排列,2058,0.5193,0.5581,0.931,0.3601,0.3768,-0.0168,L1
3买,趋势多头,609,0.1577,0.1627,0.969,0.3695,0.3768,-0.0074,L1
3买,趋势空头,2163,0.5508,0.5835,0.944,0.3634,0.3768,-0.0134,L1
3买,上升中回调,1055,0.2523,0.2945,0.857,0.3412,0.3768,-0.0356,L1
3买,站上MA5,3492,0.9264,0.9195,1.008,0.3786,0.3768,0.0018,L1
3买,站上MA13,1623,0.4057,0.4424,0.917,0.3567,0.3768,-0.0201,L1
3买,站上MA34,1038,0.2789,0.2712,1.028,0.3834,0.3768,0.0066,L1
3买,站上MA55,1328,0.3399,0.3572,0.951,0.3652,0.3768,-0.0116,L1
3买,站上MA89,1811,0.459,0.4898,0.937,0.3617,0.3768,-0.0151,L1
3买,站上MA144,2608,0.6847,0.6911,0.991,0.3746,0.3768,-0.0022,L1
3买,站上MA233,3176,0.8598,0.8258,1.041,0.3863,0.3768,0.0095,L1
3买,斐波短中多头,281,0.0673,0.0784,0.858,0.3416,0.3768,-0.0352,L1
3买,斐波长多头,2207,0.5613,0.5958,0.942,0.3629,0.3768,-0.0139,L1
3买,斐波全多头,175,0.0427,0.0483,0.885,0.3486,0.3768,-0.0282,L1
3买,MA55上穿MA89,85,0.0308,0.0174,1.775,0.5176,0.3768,0.1408,L1
3买,放量,2449,0.6804,0.6263,1.087,0.3965,0.3768,0.0197,L1
3买,缩量,3500,0.8991,0.9394,0.957,0.3666,0.3768,-0.0102,L1
3买,量比大于1,3383,0.9005,0.889,1.013,0.3798,0.3768,0.003,L1
3买,量比大于1_3,2382,0.6552,0.6131,1.069,0.3925,0.3768,0.0157,L1
3买,量比大于2,907,0.2852,0.2119,1.346,0.4487,0.3768,0.0719,L1
3买,量能递增,1806,0.5221,0.4496,1.161,0.4125,0.3768,0.0357,L1
3买,价涨量增,2034,0.569,0.5178,1.099,0.3992,0.3768,0.0224,L1
3买,价涨量缩,2911,0.7596,0.7742,0.981,0.3724,0.3768,-0.0044,L1
3买,MACD_DIF大于0,1095,0.2957,0.2852,1.037,0.3854,0.3768,0.0086,L1
3买,MACD金叉态,1043,0.2418,0.2958,0.817,0.3308,0.3768,-0.046,L1
3买,MACD柱递增,3347,0.8795,0.8864,0.992,0.375,0.3768,-0.0019,L1
3买,MACD零轴上金叉,123,0.0329,0.0322,1.023,0.3821,0.3768,0.0053,L1
3买,MACD底背离,1946,0.4268,0.5665,0.753,0.3129,0.3768,-0.0639,L1
3买,BOLL收上中轨,1222,0.3153,0.3271,0.964,0.3682,0.3768,-0.0086,L1
3买,BOLL突破上轨,186,0.0519,0.0475,1.093,0.3978,0.3768,0.021,L1
3买,BOLL触下轨反弹,2310,0.6328,0.5962,1.061,0.3909,0.3768,0.0141,L1
3买,BOLL开口扩张,3448,0.9278,0.9,1.031,0.384,0.3768,0.0072,L1
3买,KDJ金叉态,3184,0.8549,0.8322,1.027,0.3832,0.3768,0.0064,L1
3买,KDJ_J超卖,3435,0.9187,0.9,1.021,0.3817,0.3768,0.0048,L1
3买,KDJ低位金叉,1716,0.4828,0.4352,1.11,0.4015,0.3768,0.0247,L1
3买,KDJ_D小于30,2766,0.7435,0.7225,1.029,0.3836,0.3768,0.0068,L1
3买,RSI6大于50,1936,0.4996,0.5182,0.964,0.3683,0.3768,-0.0085,L1
3买,RSI金叉,2728,0.7204,0.7203,1.0,0.3768,0.3768,0.0,L1
3买,RSI6超卖,2935,0.8003,0.7597,1.053,0.3891,0.3768,0.0123,L1
3买,RSI底背离,1520,0.3364,0.4407,0.763,0.3158,0.3768,-0.061,L1
3买,威科夫得分大于4,790,0.2039,0.2114,0.964,0.3684,0.3768,-0.0085,L1
3买,威科夫得分大于7,309,0.0757,0.0852,0.889,0.3495,0.3768,-0.0273,L1
3买,积累阶段,1766,0.4184,0.4953,0.845,0.3381,0.3768,-0.0388,L1
3买,黄金柱,189,0.0427,0.0542,0.788,0.3228,0.3768,-0.0541,L1
3买,量能金叉,615,0.1829,0.15,1.219,0.4244,0.3768,0.0476,L1
3买,六脉红灯大于5,2361,0.6083,0.6326,0.961,0.3676,0.3768,-0.0092,L1
3买,六脉红灯大于6,1583,0.405,0.4258,0.951,0.3651,0.3768,-0.0117,L1
3买,六脉6红首发,1583,0.405,0.4258,0.951,0.3651,0.3768,-0.0117,L1
3买,六脉5红首发,2361,0.6083,0.6326,0.961,0.3676,0.3768,-0.0092,L1
3买,偏多共振,719,0.1878,0.1911,0.983,0.3727,0.3768,-0.0041,L1
3买,多头共振,717,0.1878,0.1903,0.987,0.3738,0.3768,-0.003,L1
3买,火箭信号,280,0.0925,0.0627,1.475,0.4714,0.3768,0.0946,L1
3买,极限抄底,176,0.068,0.0335,2.031,0.5511,0.3768,0.1743,L1
3买,中枢进机会区,1538,0.4359,0.3881,1.123,0.4044,0.3768,0.0276,L1
3买,中枢极限底,1616,0.4436,0.4165,1.065,0.3917,0.3768,0.0149,L1
3买,中枢上穿中轴,720,0.2109,0.1775,1.188,0.4181,0.3768,0.0412,L1
3买,中枢底部蓄力,2455,0.6202,0.6653,0.932,0.3605,0.3768,-0.0163,L1
3买,中枢底部回升,2920,0.7863,0.7619,1.032,0.3842,0.3768,0.0074,L1
3买,大盘多头,1618,0.3483,0.475,0.733,0.3072,0.3768,-0.0696,L1
3买,大盘空头,1232,0.3006,0.3403,0.884,0.3482,0.3768,-0.0286,L1
3买,大盘安全,2211,0.4765,0.6487,0.735,0.3076,0.3768,-0.0693,L1
3买,SID等于1,1618,0.3483,0.475,0.733,0.3072,0.3768,-0.0696,L1
3买,SID等于2,2642,0.733,0.6763,1.084,0.3959,0.3768,0.0191,L1
3买,SID小于等于2,3190,0.8311,0.8492,0.979,0.3718,0.3768,-0.005,L1
3买,大盘5日上涨,2592,0.5739,0.7513,0.764,0.316,0.3768,-0.0608,L1
3买,相对强弱大于0,1448,0.3931,0.3758,1.046,0.3874,0.3768,0.0106,L1
3买,相对强弱大于5,400,0.1226,0.0953,1.286,0.4375,0.3768,0.0607,L1
3买,量比>=1.3,674,0.2263,0.1487,1.522,0.4792,0.3768,0.1024,L1
3买,量比>=2,144,0.0547,0.028,1.955,0.5417,0.3768,0.1649,L1
3买,距前高<=10%,333,0.0792,0.0932,0.849,0.3393,0.3768,-0.0375,L1
3买,深跌(距前高>40%),184,0.0463,0.05,0.925,0.3587,0.3768,-0.0181,L1
3买,距前低<=10%,2217,0.5599,0.6008,0.932,0.3604,0.3768,-0.0164,L1
3买,相对强弱>=0,321,0.082,0.0864,0.949,0.3645,0.3768,-0.0123,L1
3买,多头排列 + 趋势多头,178,0.0434,0.0492,0.884,0.3483,0.3768,-0.0285,L2
3买,多头排列 + 上升中回调,195,0.0484,0.0534,0.906,0.3538,0.3768,-0.023,L2
3买,多头排列 + 站上MA5,219,0.0526,0.061,0.861,0.3425,0.3768,-0.0343,L2
3买,多头排列 + 站上MA13,168,0.0385,0.0479,0.805,0.3274,0.3768,-0.0494,L2
3买,多头排列 + 站上MA34,208,0.0526,0.0564,0.933,0.3606,0.3768,-0.0162,L2
3买,多头排列 + 站上MA55,230,0.0561,0.0636,0.882,0.3478,0.3768,-0.029,L2
3买,多头排列 + 站上MA89,237,0.0582,0.0653,0.891,0.3502,0.3768,-0.0266,L2
3买,多头排列 + 站上MA144,233,0.0582,0.0636,0.915,0.3562,0.3768,-0.0206,L2
3买,多头排列 + 站上MA233,235,0.0596,0.0636,0.937,0.3617,0.3768,-0.0151,L2
3买,多头排列 + 斐波短中多头,166,0.0448,0.0432,1.038,0.3855,0.3768,0.0087,L2
3买,多头排列 + 斐波长多头,150,0.0392,0.0398,0.985,0.3733,0.3768,-0.0035,L2
3买,多头排列 + 斐波全多头,105,0.0308,0.0258,1.193,0.419,0.3768,0.0422,L2
3买,多头排列 + 放量,175,0.0385,0.0508,0.758,0.3143,0.3768,-0.0625,L2
3买,多头排列 + 缩量,220,0.0519,0.0619,0.838,0.3364,0.3768,-0.0405,L2
3买,多头排列 + 量比大于1,201,0.0448,0.0581,0.773,0.3184,0.3768,-0.0584,L2
3买,多头排列 + 量比大于1_3,139,0.0294,0.0411,0.716,0.3022,0.3768,-0.0747,L2
3买,多头排列 + 量比大于2,64,0.0147,0.0182,0.808,0.3281,0.3768,-0.0487,L2
3买,多头排列 + 量能递增,173,0.0427,0.0475,0.901,0.3526,0.3768,-0.0242,L2
3买,多头排列 + 价涨量增,139,0.0294,0.0411,0.716,0.3022,0.3768,-0.0747,L2
3买,多头排列 + 价涨量缩,187,0.0477,0.0504,0.945,0.3636,0.3768,-0.0132,L2
3买,多头排列 + MACD_DIF大于0,236,0.0596,0.064,0.931,0.3602,0.3768,-0.0166,L2
3买,多头排列 + MACD金叉态,111,0.0315,0.028,1.128,0.4054,0.3768,0.0286,L2
3买,多头排列 + MACD柱递增,152,0.0294,0.0466,0.631,0.2763,0.3768,-0.1005,L2
3买,多头排列 + MACD零轴上金叉,54,0.0119,0.0157,0.76,0.3148,0.3768,-0.062,L2
3买,多头排列 + MACD底背离,57,0.0112,0.0174,0.645,0.2807,0.3768,-0.0961,L2
3买,多头排列 + BOLL收上中轨,181,0.0441,0.05,0.883,0.3481,0.3768,-0.0287,L2
3买,多头排列 + BOLL突破上轨,54,0.0126,0.0153,0.827,0.3333,0.3768,-0.0435,L2
3买,多头排列 + BOLL触下轨反弹,132,0.0329,0.036,0.914,0.3561,0.3768,-0.0208,L2
3买,多头排列 + BOLL开口扩张,199,0.0491,0.0547,0.897,0.3518,0.3768,-0.0251,L2
3买,多头排列 + KDJ金叉态,141,0.0322,0.0403,0.801,0.3262,0.3768,-0.0506,L2
3买,多头排列 + KDJ_J超卖,204,0.0512,0.0555,0.922,0.3578,0.3768,-0.019,L2
3买,多头排列 + RSI6大于50,178,0.0413,0.0504,0.82,0.3315,0.3768,-0.0454,L2
3买,多头排列 + RSI金叉,147,0.0329,0.0424,0.777,0.3197,0.3768,-0.0571,L2
3买,多头排列 + RSI6超卖,116,0.0308,0.0305,1.011,0.3793,0.3768,0.0025,L2
3买,多头排列 + 威科夫得分大于4,211,0.0526,0.0576,0.912,0.3555,0.3768,-0.0214,L2
3买,多头排列 + 威科夫得分大于7,144,0.0315,0.0419,0.752,0.3125,0.3768,-0.0643,L2
3买,多头排列 + 量能金叉,54,0.0119,0.0157,0.76,0.3148,0.3768,-0.062,L2
3买,多头排列 + 六脉红灯大于5,117,0.0266,0.0335,0.796,0.3248,0.3768,-0.052,L2
3买,多头排列 + 六脉红灯大于6,92,0.0189,0.0275,0.687,0.2935,0.3768,-0.0833,L2
3买,多头排列 + 六脉6红首发,92,0.0189,0.0275,0.687,0.2935,0.3768,-0.0833,L2
3买,多头排列 + 六脉5红首发,117,0.0266,0.0335,0.796,0.3248,0.3768,-0.052,L2
3买,多头排列 + 偏多共振,176,0.0463,0.0466,0.992,0.375,0.3768,-0.0018,L2
3买,多头排列 + 多头共振,176,0.0463,0.0466,0.992,0.375,0.3768,-0.0018,L2
3买,多头排列 + 中枢进机会区,68,0.0182,0.0178,1.024,0.3824,0.3768,0.0055,L2
3买,多头排列 + 中枢上穿中轴,110,0.0231,0.0326,0.709,0.3,0.3768,-0.0768,L2
3买,多头排列 + 中枢底部回升,83,0.0189,0.0237,0.797,0.3253,0.3768,-0.0515,L2
3买,多头排列 + 大盘多头,140,0.028,0.0424,0.662,0.2857,0.3768,-0.0911,L2
3买,多头排列 + 大盘空头,51,0.0112,0.0148,0.756,0.3137,0.3768,-0.0631,L2
3买,多头排列 + 大盘安全,165,0.0364,0.0479,0.761,0.3152,0.3768,-0.0617,L2
3买,多头排列 + SID等于1,140,0.028,0.0424,0.662,0.2857,0.3768,-0.0911,L2
3买,多头排列 + SID等于2,159,0.0456,0.0398,1.144,0.4088,0.3768,0.032,L2
3买,多头排列 + SID小于等于2,215,0.0561,0.0572,0.98,0.3721,0.3768,-0.0047,L2
3买,多头排列 + 大盘5日上涨,163,0.0343,0.0483,0.711,0.3006,0.3768,-0.0762,L2
3买,多头排列 + 相对强弱大于0,190,0.0505,0.05,1.009,0.3789,0.3768,0.0021,L2
3买,多头排列 + 相对强弱大于5,88,0.0245,0.0225,1.092,0.3977,0.3768,0.0209,L2
3买,多头排列 + 距前高<=10%,69,0.014,0.0208,0.675,0.2899,0.3768,-0.087,L2
3买,多头排列 + 距前低<=10%,54,0.014,0.0144,0.973,0.3704,0.3768,-0.0064,L2
3买,多头排列 + 相对强弱>=0,64,0.014,0.0186,0.752,0.3125,0.3768,-0.0643,L2
3买,空头排列 + 趋势空头,2050,0.5158,0.5568,0.926,0.359,0.3768,-0.0178,L2
3买,空头排列 + 站上MA5,1909,0.4835,0.5165,0.936,0.3614,0.3768,-0.0154,L2
3买,空头排列 + 站上MA13,859,0.2067,0.239,0.865,0.3434,0.3768,-0.0334,L2
3买,空头排列 + 站上MA34,255,0.0736,0.0636,1.158,0.4118,0.3768,0.0349,L2
3买,空头排列 + 站上MA55,166,0.0526,0.0386,1.363,0.4518,0.3768,0.075,L2
3买,空头排列 + 站上MA89,402,0.1002,0.1097,0.913,0.3557,0.3768,-0.0211,L2
3买,空头排列 + 站上MA144,1051,0.2677,0.2835,0.944,0.3635,0.3768,-0.0134,L2
3买,空头排列 + 站上MA233,1558,0.4043,0.4157,0.973,0.3703,0.3768,-0.0065,L2
3买,空头排列 + 斐波长多头,1067,0.2544,0.2983,0.853,0.3402,0.3768,-0.0366,L2
3买,空头排列 + 放量,1399,0.3693,0.3695,0.999,0.3767,0.3768,-0.0001,L2
3买,空头排列 + 缩量,1893,0.4646,0.5212,0.891,0.3502,0.3768,-0.0266,L2
3买,空头排列 + 量比大于1,1872,0.4779,0.5042,0.948,0.3643,0.3768,-0.0125,L2
3买,空头排列 + 量比大于1_3,1328,0.3504,0.3508,0.999,0.3765,0.3768,-0.0003,L2
3买,空头排列 + 量比大于2,502,0.1542,0.1195,1.29,0.4382,0.3768,0.0614,L2
3买,空头排列 + 量能递增,1016,0.2789,0.2619,1.065,0.3917,0.3768,0.0149,L2
3买,空头排列 + 价涨量增,1182,0.3189,0.3081,1.035,0.3849,0.3768,0.0081,L2
3买,空头排列 + 价涨量缩,1582,0.3868,0.4364,0.886,0.3489,0.3768,-0.0279,L2
3买,空头排列 + MACD金叉态,754,0.1556,0.2254,0.69,0.2944,0.3768,-0.0824,L2
3买,空头排列 + MACD柱递增,1875,0.4793,0.5047,0.95,0.3648,0.3768,-0.012,L2
3买,空头排列 + MACD底背离,1391,0.3013,0.4072,0.74,0.3091,0.3768,-0.0677,L2
3买,空头排列 + BOLL收上中轨,552,0.1374,0.1508,0.911,0.3551,0.3768,-0.0217,L2
3买,空头排列 + BOLL突破上轨,73,0.0231,0.0169,1.364,0.4521,0.3768,0.0752,L2
3买,空头排列 + BOLL触下轨反弹,1247,0.3273,0.3305,0.99,0.3745,0.3768,-0.0023,L2
3买,空头排列 + BOLL开口扩张,1832,0.4744,0.4894,0.969,0.3695,0.3768,-0.0073,L2
3买,空头排列 + KDJ金叉态,1821,0.4688,0.4881,0.96,0.3674,0.3768,-0.0094,L2
3买,空头排列 + KDJ_J超卖,1877,0.48,0.5051,0.95,0.3649,0.3768,-0.0119,L2
3买,空头排列 + KDJ低位金叉,1105,0.3048,0.2839,1.074,0.3937,0.3768,0.0168,L2
3买,空头排列 + KDJ_D小于30,1683,0.4394,0.4475,0.982,0.3725,0.3768,-0.0043,L2
3买,空头排列 + RSI6大于50,1003,0.2418,0.2788,0.867,0.344,0.3768,-0.0328,L2
3买,空头排列 + RSI金叉,1677,0.4205,0.4564,0.921,0.3578,0.3768,-0.019,L2
3买,空头排列 + RSI6超卖,1717,0.4415,0.4606,0.959,0.3669,0.3768,-0.0099,L2
3买,空头排列 + RSI底背离,1122,0.2432,0.3284,0.74,0.3093,0.3768,-0.0675,L2
3买,空头排列 + 威科夫得分大于4,133,0.0308,0.0377,0.818,0.3308,0.3768,-0.046,L2
3买,空头排列 + 积累阶段,1237,0.267,0.3627,0.736,0.308,0.3768,-0.0688,L2
3买,空头排列 + 黄金柱,107,0.0203,0.0331,0.615,0.271,0.3768,-0.1058,L2
3买,空头排列 + 量能金叉,301,0.0869,0.075,1.159,0.412,0.3768,0.0351,L2
3买,空头排列 + 六脉红灯大于5,1443,0.3546,0.397,0.893,0.3507,0.3768,-0.0262,L2
3买,空头排列 + 六脉红灯大于6,922,0.2228,0.2559,0.871,0.3449,0.3768,-0.0319,L2
3买,空头排列 + 六脉6红首发,922,0.2228,0.2559,0.871,0.3449,0.3768,-0.0319,L2
3买,空头排列 + 六脉5红首发,1443,0.3546,0.397,0.893,0.3507,0.3768,-0.0262,L2
3买,空头排列 + 偏多共振,58,0.0175,0.014,1.253,0.431,0.3768,0.0542,L2
3买,空头排列 + 多头共振,57,0.0175,0.0136,1.292,0.4386,0.3768,0.0618,L2
3买,空头排列 + 火箭信号,114,0.0399,0.0242,1.654,0.5,0.3768,0.1232,L2
3买,空头排列 + 极限抄底,130,0.0427,0.0292,1.462,0.4692,0.3768,0.0924,L2
3买,空头排列 + 中枢进机会区,770,0.192,0.2102,0.914,0.3558,0.3768,-0.021,L2
3买,空头排列 + 中枢极限底,1143,0.2824,0.3136,0.901,0.3526,0.3768,-0.0242,L2
3买,空头排列 + 中枢上穿中轴,218,0.0708,0.0496,1.428,0.4633,0.3768,0.0865,L2
3买,空头排列 + 中枢底部蓄力,1842,0.4436,0.5123,0.866,0.3436,0.3768,-0.0332,L2
3买,空头排列 + 中枢底部回升,1958,0.4821,0.5381,0.896,0.3514,0.3768,-0.0254,L2
3买,空头排列 + 大盘多头,721,0.1514,0.214,0.707,0.2996,0.3768,-0.0772,L2
3买,空头排列 + 大盘空头,867,0.2081,0.2415,0.862,0.3426,0.3768,-0.0343,L2
3买,空头排列 + 大盘安全,1123,0.2299,0.3369,0.682,0.2921,0.3768,-0.0847,L2
3买,空头排列 + SID等于1,721,0.1514,0.214,0.707,0.2996,0.3768,-0.0772,L2
3买,空头排列 + SID等于2,1394,0.356,0.3754,0.948,0.3644,0.3768,-0.0124,L2
3买,空头排列 + SID小于等于2,1627,0.3959,0.45,0.88,0.3473,0.3768,-0.0296,L2
3买,空头排列 + 大盘5日上涨,1415,0.3034,0.4161,0.729,0.306,0.3768,-0.0708,L2
3买,空头排列 + 相对强弱大于0,718,0.1864,0.1915,0.973,0.3705,0.3768,-0.0063,L2
3买,空头排列 + 相对强弱大于5,185,0.054,0.0458,1.179,0.4162,0.3768,0.0394,L2
3买,空头排列 + 量比>=1.3,387,0.1282,0.0864,1.484,0.4729,0.3768,0.0961,L2
3买,空头排列 + 量比>=2,83,0.0322,0.0157,2.056,0.5542,0.3768,0.1774,L2
3买,空头排列 + 距前高<=10%,54,0.0112,0.0161,0.696,0.2963,0.3768,-0.0805,L2
3买,空头排列 + 深跌(距前高>40%),148,0.0336,0.0424,0.794,0.3243,0.3768,-0.0525,L2
3买,空头排列 + 距前低<=10%,1707,0.3952,0.4843,0.816,0.3304,0.3768,-0.0464,L2
3买,空头排列 + 相对强弱>=0,154,0.0336,0.0449,0.749,0.3117,0.3768,-0.0651,L2
3买,趋势多头 + 上升中回调,452,0.1135,0.1229,0.924,0.3584,0.3768,-0.0184,L2
3买,趋势多头 + 站上MA5,593,0.1528,0.1589,0.961,0.3676,0.3768,-0.0092,L2
3买,趋势多头 + 站上MA13,564,0.1444,0.1517,0.952,0.3652,0.3768,-0.0116,L2
3买,趋势多头 + 站上MA34,552,0.15,0.1432,1.047,0.3877,0.3768,0.0109,L2
3买,趋势多头 + 站上MA55,602,0.1577,0.1597,0.987,0.3738,0.3768,-0.0031,L2
3买,趋势多头 + 站上MA89,589,0.1521,0.1576,0.965,0.3684,0.3768,-0.0084,L2
3买,趋势多头 + 站上MA144,577,0.1479,0.1551,0.953,0.3657,0.3768,-0.0111,L2
3买,趋势多头 + 站上MA233,576,0.1528,0.1517,1.007,0.3785,0.3768,0.0017,L2
3买,趋势多头 + 斐波短中多头,192,0.0441,0.0547,0.808,0.3281,0.3768,-0.0487,L2
3买,趋势多头 + 斐波长多头,357,0.0918,0.0958,0.959,0.3669,0.3768,-0.0099,L2
3买,趋势多头 + 斐波全多头,117,0.0294,0.0318,0.926,0.359,0.3768,-0.0178,L2
3买,趋势多头 + 放量,522,0.1296,0.1428,0.908,0.3544,0.3768,-0.0224,L2
3买,趋势多头 + 缩量,535,0.1296,0.1483,0.874,0.3458,0.3768,-0.031,L2
3买,趋势多头 + 量比大于1,586,0.1479,0.1589,0.931,0.3601,0.3768,-0.0167,L2
3买,趋势多头 + 量比大于1_3,491,0.1212,0.1347,0.9,0.3523,0.3768,-0.0245,L2
3买,趋势多头 + 量比大于2,245,0.0666,0.0636,1.047,0.3878,0.3768,0.0109,L2
3买,趋势多头 + 量能递增,377,0.1044,0.0966,1.081,0.3952,0.3768,0.0184,L2
3买,趋势多头 + 价涨量增,482,0.1198,0.1318,0.909,0.3548,0.3768,-0.022,L2
3买,趋势多头 + 价涨量缩,414,0.1072,0.1106,0.969,0.3696,0.3768,-0.0073,L2
3买,趋势多头 + MACD_DIF大于0,489,0.1282,0.1297,0.989,0.3742,0.3768,-0.0026,L2
3买,趋势多头 + MACD金叉态,205,0.0589,0.0513,1.148,0.4098,0.3768,0.0329,L2
3买,趋势多头 + MACD柱递增,523,0.1296,0.1432,0.905,0.3537,0.3768,-0.0231,L2
3买,趋势多头 + MACD零轴上金叉,113,0.0301,0.0297,1.016,0.3805,0.3768,0.0037,L2
3买,趋势多头 + MACD底背离,187,0.0463,0.0513,0.902,0.3529,0.3768,-0.0239,L2
3买,趋势多头 + BOLL收上中轨,609,0.1577,0.1627,0.969,0.3695,0.3768,-0.0074,L2
3买,趋势多头 + BOLL突破上轨,94,0.0231,0.0258,0.895,0.3511,0.3768,-0.0258,L2
3买,趋势多头 + BOLL触下轨反弹,370,0.1023,0.0949,1.078,0.3946,0.3768,0.0178,L2
3买,趋势多头 + BOLL开口扩张,540,0.1416,0.1432,0.988,0.3741,0.3768,-0.0027,L2
3买,趋势多头 + KDJ金叉态,546,0.1416,0.1458,0.971,0.37,0.3768,-0.0069,L2
3买,趋势多头 + KDJ_J超卖,509,0.1338,0.1347,0.993,0.3752,0.3768,-0.0016,L2
3买,趋势多头 + KDJ低位金叉,69,0.0175,0.0186,0.94,0.3623,0.3768,-0.0145,L2
3买,趋势多头 + KDJ_D小于30,223,0.0547,0.0614,0.89,0.3498,0.3768,-0.027,L2
3买,趋势多头 + RSI6大于50,589,0.15,0.1589,0.944,0.3633,0.3768,-0.0135,L2
3买,趋势多头 + RSI金叉,546,0.1381,0.1479,0.934,0.3608,0.3768,-0.016,L2
3买,趋势多头 + RSI6超卖,331,0.0904,0.0856,1.056,0.3897,0.3768,0.0129,L2
3买,趋势多头 + RSI底背离,122,0.0294,0.0339,0.868,0.3443,0.3768,-0.0326,L2
3买,趋势多头 + 威科夫得分大于4,417,0.1072,0.1119,0.958,0.3669,0.3768,-0.0099,L2
3买,趋势多头 + 威科夫得分大于7,208,0.0526,0.0564,0.933,0.3606,0.3768,-0.0162,L2
3买,趋势多头 + 积累阶段,147,0.0448,0.0352,1.275,0.4354,0.3768,0.0586,L2
3买,趋势多头 + 黄金柱,63,0.0175,0.0161,1.088,0.3968,0.3768,0.02,L2
3买,趋势多头 + 量能金叉,180,0.0463,0.0483,0.957,0.3667,0.3768,-0.0101,L2
3买,趋势多头 + 六脉红灯大于5,506,0.1289,0.1364,0.945,0.3636,0.3768,-0.0132,L2
3买,趋势多头 + 六脉红灯大于6,458,0.1142,0.125,0.914,0.3559,0.3768,-0.0209,L2
3买,趋势多头 + 六脉6红首发,458,0.1142,0.125,0.914,0.3559,0.3768,-0.0209,L2
3买,趋势多头 + 六脉5红首发,506,0.1289,0.1364,0.945,0.3636,0.3768,-0.0132,L2
3买,趋势多头 + 偏多共振,306,0.0764,0.0835,0.915,0.3562,0.3768,-0.0206,L2
3买,趋势多头 + 多头共振,306,0.0764,0.0835,0.915,0.3562,0.3768,-0.0206,L2
3买,趋势多头 + 火箭信号,122,0.035,0.0305,1.148,0.4098,0.3768,0.033,L2
3买,趋势多头 + 中枢进机会区,195,0.0582,0.0475,1.226,0.4256,0.3768,0.0488,L2
3买,趋势多头 + 中枢极限底,102,0.0287,0.0258,1.112,0.402,0.3768,0.0251,L2
3买,趋势多头 + 中枢上穿中轴,382,0.1002,0.1013,0.99,0.3743,0.3768,-0.0025,L2
3买,趋势多头 + 中枢底部蓄力,116,0.0238,0.0347,0.686,0.2931,0.3768,-0.0837,L2
3买,趋势多头 + 中枢底部回升,258,0.0708,0.0665,1.064,0.3915,0.3768,0.0147,L2
3买,趋势多头 + 大盘多头,370,0.0834,0.1064,0.784,0.3216,0.3768,-0.0552,L2
3买,趋势多头 + 大盘空头,131,0.0301,0.0373,0.808,0.3282,0.3768,-0.0486,L2
3买,趋势多头 + 大盘安全,438,0.103,0.1233,0.835,0.3356,0.3768,-0.0412,L2
3买,趋势多头 + SID等于1,370,0.0834,0.1064,0.784,0.3216,0.3768,-0.0552,L2
3买,趋势多头 + SID等于2,405,0.1177,0.1004,1.172,0.4148,0.3768,0.038,L2
3买,趋势多头 + SID小于等于2,543,0.1444,0.1428,1.011,0.3794,0.3768,0.0026,L2
3买,趋势多头 + 大盘5日上涨,457,0.1065,0.1292,0.824,0.3326,0.3768,-0.0442,L2
3买,趋势多头 + 相对强弱大于0,463,0.1219,0.1225,0.996,0.3758,0.3768,-0.001,L2
3买,趋势多头 + 相对强弱大于5,171,0.0505,0.0419,1.203,0.4211,0.3768,0.0442,L2
3买,趋势多头 + 量比>=1.3,114,0.028,0.0314,0.894,0.3509,0.3768,-0.0259,L2
3买,趋势多头 + 距前高<=10%,175,0.0385,0.0508,0.758,0.3143,0.3768,-0.0625,L2
3买,趋势多头 + 距前低<=10%,126,0.0385,0.0301,1.281,0.4365,0.3768,0.0597,L2
3买,趋势多头 + 相对强弱>=0,111,0.0308,0.0284,1.086,0.3964,0.3768,0.0196,L2
3买,趋势空头 + 站上MA5,2006,0.5116,0.5407,0.946,0.3639,0.3768,-0.0129,L2
3买,趋势空头 + 站上MA13,932,0.2278,0.2572,0.885,0.3487,0.3768,-0.0281,L2
3买,趋势空头 + 站上MA34,313,0.0932,0.0763,1.222,0.4249,0.3768,0.0481,L2
3买,趋势空头 + 站上MA55,211,0.068,0.0483,1.407,0.4597,0.3768,0.0829,L2
3买,趋势空头 + 站上MA89,463,0.1198,0.1237,0.969,0.3693,0.3768,-0.0075,L2
3买,趋势空头 + 站上MA144,1129,0.2929,0.3013,0.972,0.3702,0.3768,-0.0066,L2
3买,趋势空头 + 站上MA233,1651,0.4331,0.4377,0.989,0.3743,0.3768,-0.0025,L2
3买,趋势空头 + 斐波长多头,1119,0.2698,0.311,0.867,0.3441,0.3768,-0.0328,L2
3买,趋势空头 + 放量,1479,0.391,0.3903,1.002,0.3773,0.3768,0.0005,L2
3买,趋势空头 + 缩量,1986,0.494,0.5428,0.91,0.355,0.3768,-0.0218,L2
3买,趋势空头 + 量比大于1,1961,0.5018,0.5275,0.951,0.3651,0.3768,-0.0117,L2
3买,趋势空头 + 量比大于1_3,1398,0.3686,0.3695,0.998,0.3763,0.3768,-0.0006,L2
3买,趋势空头 + 量比大于2,537,0.1654,0.1275,1.297,0.4395,0.3768,0.0627,L2
3买,趋势空头 + 量能递增,1090,0.3013,0.2797,1.077,0.3945,0.3768,0.0177,L2
3买,趋势空头 + 价涨量增,1246,0.3371,0.3242,1.04,0.386,0.3768,0.0092,L2
3买,趋势空头 + 价涨量缩,1657,0.4093,0.4547,0.9,0.3524,0.3768,-0.0244,L2
3买,趋势空头 + MACD_DIF大于0,96,0.0385,0.0174,2.219,0.5729,0.3768,0.1961,L2
3买,趋势空头 + MACD金叉态,844,0.1843,0.2462,0.749,0.3116,0.3768,-0.0652,L2
3买,趋势空头 + MACD柱递增,1944,0.5011,0.5208,0.962,0.3678,0.3768,-0.009,L2
3买,趋势空头 + MACD底背离,1430,0.3097,0.4186,0.74,0.3091,0.3768,-0.0677,L2
3买,趋势空头 + BOLL收上中轨,632,0.1619,0.1699,0.953,0.3655,0.3768,-0.0113,L2
3买,趋势空头 + BOLL突破上轨,98,0.0301,0.0233,1.293,0.4388,0.3768,0.062,L2
3买,趋势空头 + BOLL触下轨反弹,1295,0.3413,0.3424,0.997,0.3761,0.3768,-0.0008,L2
3买,趋势空头 + BOLL开口扩张,1923,0.4996,0.5127,0.975,0.3708,0.3768,-0.006,L2
3买,趋势空头 + KDJ金叉态,1887,0.4884,0.5042,0.969,0.3694,0.3768,-0.0074,L2
3买,趋势空头 + KDJ_J超卖,1957,0.5046,0.5242,0.963,0.3679,0.3768,-0.0089,L2
3买,趋势空头 + KDJ低位金叉,1106,0.3034,0.2852,1.064,0.3915,0.3768,0.0147,L2
3买,趋势空头 + KDJ_D小于30,1700,0.4415,0.4534,0.974,0.3706,0.3768,-0.0062,L2
3买,趋势空头 + RSI6大于50,1085,0.2656,0.2992,0.888,0.3493,0.3768,-0.0275,L2
3买,趋势空头 + RSI金叉,1758,0.4429,0.4771,0.928,0.3595,0.3768,-0.0173,L2
3买,趋势空头 + RSI6超卖,1759,0.4562,0.4695,0.972,0.3701,0.3768,-0.0067,L2
3买,趋势空头 + RSI底背离,1152,0.2516,0.336,0.749,0.3116,0.3768,-0.0652,L2
3买,趋势空头 + 威科夫得分大于4,196,0.0491,0.0534,0.919,0.3571,0.3768,-0.0197,L2
3买,趋势空头 + 威科夫得分大于7,67,0.0182,0.0174,1.049,0.3881,0.3768,0.0112,L2
3买,趋势空头 + 积累阶段,1306,0.2873,0.3797,0.757,0.3139,0.3768,-0.0629,L2
3买,趋势空头 + 黄金柱,121,0.0238,0.0369,0.646,0.281,0.3768,-0.0958,L2
3买,趋势空头 + 量能金叉,326,0.0946,0.0809,1.169,0.4141,0.3768,0.0373,L2
3买,趋势空头 + 六脉红灯大于5,1506,0.3721,0.4131,0.901,0.3526,0.3768,-0.0242,L2
3买,趋势空头 + 六脉红灯大于6,974,0.2383,0.2686,0.887,0.3491,0.3768,-0.0277,L2
3买,趋势空头 + 六脉6红首发,974,0.2383,0.2686,0.887,0.3491,0.3768,-0.0277,L2
3买,趋势空头 + 六脉5红首发,1506,0.3721,0.4131,0.901,0.3526,0.3768,-0.0242,L2
3买,趋势空头 + 偏多共振,79,0.0238,0.0191,1.25,0.4304,0.3768,0.0536,L2
3买,趋势空头 + 多头共振,78,0.0238,0.0186,1.278,0.4359,0.3768,0.0591,L2
3买,趋势空头 + 火箭信号,130,0.0463,0.0271,1.706,0.5077,0.3768,0.1309,L2
3买,趋势空头 + 极限抄底,130,0.0427,0.0292,1.462,0.4692,0.3768,0.0924,L2
3买,趋势空头 + 中枢进机会区,833,0.2088,0.2267,0.921,0.3577,0.3768,-0.0191,L2
3买,趋势空头 + 中枢极限底,1172,0.2894,0.3216,0.9,0.3524,0.3768,-0.0244,L2
3买,趋势空头 + 中枢上穿中轴,256,0.0827,0.0585,1.414,0.4609,0.3768,0.0841,L2
3买,趋势空头 + 中枢底部蓄力,1878,0.4506,0.5233,0.861,0.3424,0.3768,-0.0344,L2
3买,趋势空头 + 中枢底部回升,2020,0.4961,0.5559,0.892,0.3505,0.3768,-0.0263,L2
3买,趋势空头 + 大盘多头,774,0.1647,0.2284,0.721,0.3036,0.3768,-0.0732,L2
3买,趋势空头 + 大盘空头,897,0.2186,0.2479,0.882,0.3478,0.3768,-0.029,L2
3买,趋势空头 + 大盘安全,1200,0.2516,0.3564,0.706,0.2992,0.3768,-0.0776,L2
3买,趋势空头 + SID等于1,774,0.1647,0.2284,0.721,0.3036,0.3768,-0.0732,L2
3买,趋势空头 + SID等于2,1465,0.3777,0.3924,0.963,0.3679,0.3768,-0.0089,L2
3买,趋势空头 + SID小于等于2,1719,0.4226,0.4729,0.894,0.3508,0.3768,-0.026,L2
3买,趋势空头 + 大盘5日上涨,1496,0.328,0.4356,0.753,0.3128,0.3768,-0.064,L2
3买,趋势空头 + 相对强弱大于0,797,0.2137,0.2085,1.025,0.3827,0.3768,0.0059,L2
3买,趋势空头 + 相对强弱大于5,216,0.0659,0.0517,1.274,0.4352,0.3768,0.0584,L2
3买,趋势空头 + 量比>=1.3,404,0.1317,0.0915,1.439,0.4653,0.3768,0.0885,L2
3买,趋势空头 + 量比>=2,89,0.0336,0.0174,1.936,0.5393,0.3768,0.1625,L2
3买,趋势空头 + 距前高<=10%,66,0.0154,0.0186,0.827,0.3333,0.3768,-0.0435,L2
3买,趋势空头 + 深跌(距前高>40%),150,0.0343,0.0428,0.802,0.3267,0.3768,-0.0501,L2
3买,趋势空头 + 距前低<=10%,1773,0.4142,0.5008,0.827,0.3333,0.3768,-0.0435,L2
3买,趋势空头 + 相对强弱>=0,178,0.042,0.05,0.841,0.3371,0.3768,-0.0397,L2
3买,上升中回调 + 站上MA5,978,0.2362,0.2716,0.869,0.3446,0.3768,-0.0322,L2
3买,上升中回调 + 站上MA13,543,0.1338,0.1492,0.897,0.3517,0.3768,-0.0251,L2
3买,上升中回调 + 站上MA34,605,0.1486,0.1665,0.892,0.3504,0.3768,-0.0264,L2
3买,上升中回调 + 站上MA55,976,0.2306,0.2742,0.841,0.3371,0.3768,-0.0397,L2
3买,上升中回调 + 站上MA89,1018,0.2418,0.2852,0.848,0.3389,0.3768,-0.0379,L2
3买,上升中回调 + 站上MA144,1017,0.2418,0.2847,0.849,0.3392,0.3768,-0.0376,L2
3买,上升中回调 + 站上MA233,1007,0.246,0.278,0.885,0.3486,0.3768,-0.0283,L2
3买,上升中回调 + 斐波短中多头,243,0.0561,0.0691,0.812,0.3292,0.3768,-0.0476,L2
3买,上升中回调 + 斐波长多头,718,0.1696,0.2017,0.841,0.337,0.3768,-0.0398,L2
3买,上升中回调 + 斐波全多头,154,0.0357,0.0436,0.819,0.3312,0.3768,-0.0456,L2
3买,上升中回调 + 放量,626,0.1598,0.1686,0.947,0.3642,0.3768,-0.0126,L2
3买,上升中回调 + 缩量,987,0.2249,0.2822,0.797,0.3252,0.3768,-0.0516,L2
3买,上升中回调 + 量比大于1,924,0.22,0.2585,0.851,0.3398,0.3768,-0.037,L2
3买,上升中回调 + 量比大于1_3,636,0.1591,0.1733,0.918,0.3569,0.3768,-0.0199,L2
3买,上升中回调 + 量比大于2,223,0.0617,0.0572,1.078,0.3946,0.3768,0.0178,L2
3买,上升中回调 + 量能递增,446,0.1198,0.1165,1.028,0.3834,0.3768,0.0066,L2
3买,上升中回调 + 价涨量增,519,0.1352,0.1381,0.979,0.3719,0.3768,-0.0049,L2
3买,上升中回调 + 价涨量缩,808,0.1948,0.2246,0.867,0.3441,0.3768,-0.0328,L2
3买,上升中回调 + MACD_DIF大于0,840,0.206,0.2314,0.891,0.35,0.3768,-0.0268,L2
3买,上升中回调 + MACD金叉态,126,0.0399,0.0292,1.366,0.4524,0.3768,0.0756,L2
3买,上升中回调 + MACD柱递增,891,0.2053,0.2534,0.81,0.3288,0.3768,-0.048,L2
3买,上升中回调 + MACD零轴上金叉,71,0.0189,0.0186,1.015,0.3803,0.3768,0.0035,L2
3买,上升中回调 + MACD底背离,316,0.0645,0.0949,0.679,0.2911,0.3768,-0.0857,L2
3买,上升中回调 + BOLL收上中轨,456,0.1149,0.1237,0.929,0.3596,0.3768,-0.0172,L2
3买,上升中回调 + BOLL突破上轨,67,0.0161,0.0186,0.864,0.3433,0.3768,-0.0335,L2
3买,上升中回调 + BOLL触下轨反弹,633,0.1521,0.1763,0.863,0.3428,0.3768,-0.034,L2
3买,上升中回调 + BOLL开口扩张,960,0.2313,0.2669,0.866,0.3438,0.3768,-0.0331,L2
3买,上升中回调 + KDJ金叉态,845,0.2032,0.2352,0.864,0.3432,0.3768,-0.0336,L2
3买,上升中回调 + KDJ_J超卖,939,0.227,0.2606,0.871,0.345,0.3768,-0.0318,L2
3买,上升中回调 + KDJ低位金叉,303,0.0694,0.0864,0.803,0.3267,0.3768,-0.0501,L2
3买,上升中回调 + KDJ_D小于30,603,0.1416,0.1699,0.833,0.335,0.3768,-0.0418,L2
3买,上升中回调 + RSI6大于50,666,0.1696,0.1797,0.944,0.3634,0.3768,-0.0135,L2
3买,上升中回调 + RSI金叉,675,0.1731,0.1814,0.954,0.3659,0.3768,-0.0109,L2
3买,上升中回调 + RSI6超卖,672,0.1647,0.1852,0.889,0.3497,0.3768,-0.0271,L2
3买,上升中回调 + RSI底背离,204,0.0406,0.0619,0.657,0.2843,0.3768,-0.0925,L2
3买,上升中回调 + 威科夫得分大于4,461,0.117,0.1246,0.939,0.3623,0.3768,-0.0146,L2
3买,上升中回调 + 威科夫得分大于7,188,0.0441,0.053,0.834,0.3351,0.3768,-0.0417,L2
3买,上升中回调 + 积累阶段,234,0.0638,0.0606,1.052,0.3889,0.3768,0.0121,L2
3买,上升中回调 + 黄金柱,50,0.0147,0.0123,1.198,0.42,0.3768,0.0432,L2
3买,上升中回调 + 量能金叉,172,0.0427,0.047,0.909,0.3547,0.3768,-0.0222,L2
3买,上升中回调 + 六脉红灯大于5,604,0.1535,0.1631,0.941,0.3626,0.3768,-0.0142,L2
3买,上升中回调 + 六脉红灯大于6,459,0.1184,0.1229,0.964,0.3682,0.3768,-0.0086,L2
3买,上升中回调 + 六脉6红首发,459,0.1184,0.1229,0.964,0.3682,0.3768,-0.0086,L2
3买,上升中回调 + 六脉5红首发,604,0.1535,0.1631,0.941,0.3626,0.3768,-0.0142,L2
3买,上升中回调 + 偏多共振,526,0.124,0.1479,0.839,0.3365,0.3768,-0.0403,L2
3买,上升中回调 + 多头共振,525,0.124,0.1475,0.841,0.3371,0.3768,-0.0397,L2
3买,上升中回调 + 火箭信号,102,0.0287,0.0258,1.112,0.402,0.3768,0.0251,L2
3买,上升中回调 + 中枢进机会区,356,0.0932,0.0945,0.986,0.3736,0.3768,-0.0032,L2
3买,上升中回调 + 中枢极限底,158,0.047,0.0386,1.218,0.4241,0.3768,0.0472,L2
3买,上升中回调 + 中枢上穿中轴,361,0.0946,0.0958,0.988,0.374,0.3768,-0.0029,L2
3买,上升中回调 + 中枢底部蓄力,218,0.0519,0.061,0.85,0.3394,0.3768,-0.0374,L2
3买,上升中回调 + 中枢底部回升,413,0.1142,0.1059,1.078,0.3947,0.3768,0.0179,L2
3买,上升中回调 + 大盘多头,624,0.1303,0.1856,0.702,0.2981,0.3768,-0.0787,L2
3买,上升中回调 + 大盘空头,197,0.0434,0.0572,0.76,0.3147,0.3768,-0.0621,L2
3买,上升中回调 + 大盘安全,733,0.1556,0.2165,0.718,0.3029,0.3768,-0.074,L2
3买,上升中回调 + SID等于1,624,0.1303,0.1856,0.702,0.2981,0.3768,-0.0787,L2
3买,上升中回调 + SID等于2,740,0.1906,0.1983,0.961,0.3676,0.3768,-0.0092,L2
3买,上升中回调 + SID小于等于2,965,0.232,0.2686,0.863,0.343,0.3768,-0.0338,L2
3买,上升中回调 + 大盘5日上涨,769,0.1633,0.2271,0.719,0.303,0.3768,-0.0738,L2
3买,上升中回调 + 相对强弱大于0,498,0.1289,0.1331,0.969,0.3695,0.3768,-0.0073,L2
3买,上升中回调 + 相对强弱大于5,130,0.0385,0.0318,1.213,0.4231,0.3768,0.0463,L2
3买,上升中回调 + 量比>=1.3,149,0.0413,0.0381,1.084,0.396,0.3768,0.0192,L2
3买,上升中回调 + 距前高<=10%,211,0.0456,0.0619,0.736,0.3081,0.3768,-0.0688,L2
3买,上升中回调 + 距前低<=10%,161,0.0463,0.0403,1.149,0.4099,0.3768,0.0331,L2
3买,上升中回调 + 相对强弱>=0,109,0.0294,0.0284,1.037,0.3853,0.3768,0.0085,L2
3买,站上MA5 + 站上MA13,1607,0.4001,0.439,0.912,0.3553,0.3768,-0.0215,L2
3买,站上MA5 + 站上MA34,1000,0.2684,0.2614,1.027,0.383,0.3768,0.0062,L2
3买,站上MA5 + 站上MA55,1252,0.3224,0.3356,0.961,0.3674,0.3768,-0.0094,L2
3买,站上MA5 + 站上MA89,1677,0.4254,0.4534,0.938,0.362,0.3768,-0.0149,L2
3买,站上MA5 + 站上MA144,2400,0.6279,0.6373,0.985,0.3733,0.3768,-0.0035,L2
3买,站上MA5 + 站上MA233,2938,0.7982,0.7623,1.047,0.3877,0.3768,0.0109,L2
3买,站上MA5 + 斐波短中多头,252,0.0575,0.072,0.798,0.3254,0.3768,-0.0514,L2
3买,站上MA5 + 斐波长多头,2013,0.5116,0.5436,0.941,0.3626,0.3768,-0.0142,L2
3买,站上MA5 + 斐波全多头,157,0.0371,0.0441,0.843,0.3376,0.3768,-0.0392,L2
3买,站上MA5 + MA55上穿MA89,76,0.0273,0.0157,1.743,0.5132,0.3768,0.1363,L2
3买,站上MA5 + 放量,2319,0.6454,0.5924,1.09,0.3972,0.3768,0.0203,L2
3买,站上MA5 + 缩量,3213,0.8297,0.8597,0.965,0.3685,0.3768,-0.0083,L2
3买,站上MA5 + 量比大于1,3160,0.8479,0.8263,1.026,0.3829,0.3768,0.0061,L2
3买,站上MA5 + 量比大于1_3,2273,0.6293,0.5826,1.08,0.3951,0.3768,0.0183,L2
3买,站上MA5 + 量比大于2,884,0.2775,0.2068,1.342,0.448,0.3768,0.0711,L2
3买,站上MA5 + 量能递增,1709,0.4877,0.4292,1.136,0.4073,0.3768,0.0304,L2
3买,站上MA5 + 价涨量增,1986,0.5557,0.5055,1.099,0.3993,0.3768,0.0225,L2
3买,站上MA5 + 价涨量缩,2660,0.6973,0.7055,0.988,0.3741,0.3768,-0.0028,L2
3买,站上MA5 + MACD_DIF大于0,992,0.2663,0.2593,1.027,0.3831,0.3768,0.0062,L2
3买,站上MA5 + MACD金叉态,996,0.2306,0.2826,0.816,0.3303,0.3768,-0.0465,L2
3买,站上MA5 + MACD柱递增,3185,0.8472,0.8373,1.012,0.3796,0.3768,0.0028,L2
3买,站上MA5 + MACD零轴上金叉,123,0.0329,0.0322,1.023,0.3821,0.3768,0.0053,L2
3买,站上MA5 + MACD底背离,1788,0.3938,0.5195,0.758,0.3143,0.3768,-0.0625,L2
3买,站上MA5 + BOLL收上中轨,1199,0.3076,0.322,0.955,0.3661,0.3768,-0.0107,L2
3买,站上MA5 + BOLL突破上轨,186,0.0519,0.0475,1.093,0.3978,0.3768,0.021,L2
3买,站上MA5 + BOLL触下轨反弹,2121,0.5893,0.5424,1.087,0.3965,0.3768,0.0197,L2
3买,站上MA5 + BOLL开口扩张,3169,0.8556,0.8254,1.037,0.3853,0.3768,0.0085,L2
3买,站上MA5 + KDJ金叉态,3063,0.8304,0.7958,1.044,0.3869,0.3768,0.0101,L2
3买,站上MA5 + KDJ_J超卖,3153,0.8479,0.8233,1.03,0.3838,0.3768,0.0069,L2
3买,站上MA5 + KDJ低位金叉,1623,0.4674,0.4051,1.154,0.411,0.3768,0.0342,L2
3买,站上MA5 + KDJ_D小于30,2537,0.691,0.6572,1.051,0.3886,0.3768,0.0118,L2
3买,站上MA5 + RSI6大于50,1925,0.4961,0.5157,0.962,0.3678,0.3768,-0.009,L2
3买,站上MA5 + RSI金叉,2715,0.719,0.7157,1.005,0.3779,0.3768,0.0011,L2
3买,站上MA5 + RSI6超卖,2681,0.7365,0.6907,1.066,0.392,0.3768,0.0152,L2
3买,站上MA5 + RSI底背离,1395,0.3097,0.4038,0.767,0.3168,0.3768,-0.06,L2
3买,站上MA5 + 威科夫得分大于4,735,0.185,0.1996,0.927,0.3592,0.3768,-0.0176,L2
3买,站上MA5 + 威科夫得分大于7,293,0.0708,0.0814,0.87,0.3447,0.3768,-0.0321,L2
3买,站上MA5 + 积累阶段,1633,0.3861,0.4585,0.842,0.3374,0.3768,-0.0394,L2
3买,站上MA5 + 黄金柱,189,0.0427,0.0542,0.788,0.3228,0.3768,-0.0541,L2
3买,站上MA5 + 量能金叉,591,0.1787,0.1424,1.255,0.4315,0.3768,0.0547,L2
3买,站上MA5 + 六脉红灯大于5,2354,0.6069,0.6305,0.963,0.3679,0.3768,-0.0089,L2
3买,站上MA5 + 六脉红灯大于6,1583,0.405,0.4258,0.951,0.3651,0.3768,-0.0117,L2
3买,站上MA5 + 六脉6红首发,1583,0.405,0.4258,0.951,0.3651,0.3768,-0.0117,L2
3买,站上MA5 + 六脉5红首发,2354,0.6069,0.6305,0.963,0.3679,0.3768,-0.0089,L2
3买,站上MA5 + 偏多共振,645,0.1668,0.1725,0.967,0.369,0.3768,-0.0078,L2
3买,站上MA5 + 多头共振,643,0.1668,0.1716,0.972,0.3701,0.3768,-0.0067,L2
3买,站上MA5 + 火箭信号,279,0.0925,0.0623,1.485,0.4731,0.3768,0.0963,L2
3买,站上MA5 + 极限抄底,158,0.0631,0.0288,2.189,0.5696,0.3768,0.1928,L2
3买,站上MA5 + 中枢进机会区,1375,0.3854,0.3496,1.103,0.4,0.3768,0.0232,L2
3买,站上MA5 + 中枢极限底,1496,0.4093,0.3864,1.059,0.3904,0.3768,0.0136,L2
3买,站上MA5 + 中枢上穿中轴,715,0.2088,0.1767,1.182,0.4168,0.3768,0.04,L2
3买,站上MA5 + 中枢底部蓄力,2252,0.5683,0.6106,0.931,0.3601,0.3768,-0.0167,L2
3买,站上MA5 + 中枢底部回升,2715,0.7323,0.7076,1.035,0.3849,0.3768,0.0081,L2
3买,站上MA5 + 大盘多头,1484,0.3252,0.4322,0.752,0.3127,0.3768,-0.0641,L2
3买,站上MA5 + 大盘空头,1157,0.2803,0.3208,0.874,0.3457,0.3768,-0.0311,L2
3买,站上MA5 + 大盘安全,2044,0.4464,0.5962,0.749,0.3116,0.3768,-0.0652,L2
3买,站上MA5 + SID等于1,1484,0.3252,0.4322,0.752,0.3127,0.3768,-0.0641,L2
3买,站上MA5 + SID等于2,2421,0.6755,0.6174,1.094,0.3982,0.3768,0.0214,L2
3买,站上MA5 + SID小于等于2,2923,0.768,0.7742,0.992,0.375,0.3768,-0.0019,L2
3买,站上MA5 + 大盘5日上涨,2402,0.5361,0.6936,0.773,0.3185,0.3768,-0.0583,L2
3买,站上MA5 + 相对强弱大于0,1390,0.3707,0.3648,1.016,0.3806,0.3768,0.0038,L2
3买,站上MA5 + 相对强弱大于5,388,0.1156,0.0945,1.224,0.4253,0.3768,0.0484,L2
3买,站上MA5 + 量比>=1.3,644,0.2179,0.1411,1.545,0.4829,0.3768,0.1061,L2
3买,站上MA5 + 量比>=2,137,0.0526,0.0263,2.001,0.5474,0.3768,0.1706,L2
3买,站上MA5 + 距前高<=10%,318,0.0764,0.0886,0.863,0.3428,0.3768,-0.034,L2
3买,站上MA5 + 深跌(距前高>40%),169,0.0434,0.0453,0.958,0.3669,0.3768,-0.01,L2
3买,站上MA5 + 距前低<=10%,2019,0.5046,0.5504,0.917,0.3566,0.3768,-0.0202,L2
3买,站上MA5 + 相对强弱>=0,311,0.0792,0.0839,0.944,0.3633,0.3768,-0.0135,L2
3买,站上MA13 + 站上MA34,836,0.227,0.2169,1.047,0.3876,0.3768,0.0107,L2
3买,站上MA13 + 站上MA55,867,0.2362,0.2246,1.052,0.3887,0.3768,0.0119,L2
3买,站上MA13 + 站上MA89,971,0.2488,0.261,0.953,0.3656,0.3768,-0.0112,L2
3买,站上MA13 + 站上MA144,1222,0.3132,0.3284,0.954,0.3658,0.3768,-0.011,L2
3买,站上MA13 + 站上MA233,1430,0.3651,0.3852,0.948,0.3643,0.3768,-0.0125,L2
3买,站上MA13 + 斐波短中多头,188,0.0406,0.0551,0.738,0.3085,0.3768,-0.0683,L2
3买,站上MA13 + 斐波长多头,873,0.2088,0.2436,0.857,0.3414,0.3768,-0.0355,L2
3买,站上MA13 + 斐波全多头,114,0.0252,0.0331,0.763,0.3158,0.3768,-0.061,L2
3买,站上MA13 + 放量,1359,0.3385,0.3712,0.912,0.3554,0.3768,-0.0214,L2
3买,站上MA13 + 缩量,1434,0.3392,0.4025,0.843,0.3375,0.3768,-0.0393,L2
3买,站上MA13 + 量比大于1,1562,0.3847,0.4292,0.896,0.3515,0.3768,-0.0253,L2
3买,站上MA13 + 量比大于1_3,1321,0.3329,0.3585,0.929,0.3596,0.3768,-0.0172,L2
3买,站上MA13 + 量比大于2,626,0.1675,0.164,1.021,0.3818,0.3768,0.005,L2
3买,站上MA13 + 量能递增,975,0.2593,0.2564,1.011,0.3795,0.3768,0.0027,L2
3买,站上MA13 + 价涨量增,1294,0.3224,0.3534,0.912,0.3555,0.3768,-0.0213,L2
3买,站上MA13 + 价涨量缩,1101,0.2656,0.3059,0.868,0.3442,0.3768,-0.0326,L2
3买,站上MA13 + MACD_DIF大于0,562,0.1493,0.1479,1.009,0.379,0.3768,0.0022,L2
3买,站上MA13 + MACD金叉态,853,0.2053,0.2373,0.865,0.3435,0.3768,-0.0333,L2
3买,站上MA13 + MACD柱递增,1511,0.3756,0.4131,0.909,0.3547,0.3768,-0.0221,L2
3买,站上MA13 + MACD零轴上金叉,123,0.0329,0.0322,1.023,0.3821,0.3768,0.0053,L2
3买,站上MA13 + MACD底背离,862,0.1976,0.2458,0.804,0.3271,0.3768,-0.0497,L2
3买,站上MA13 + BOLL收上中轨,1158,0.2964,0.3114,0.952,0.3653,0.3768,-0.0115,L2
3买,站上MA13 + BOLL突破上轨,186,0.0519,0.0475,1.093,0.3978,0.3768,0.021,L2
3买,站上MA13 + BOLL触下轨反弹,910,0.2411,0.2398,1.005,0.378,0.3768,0.0012,L2
3买,站上MA13 + BOLL开口扩张,1392,0.3567,0.3742,0.953,0.3657,0.3768,-0.0112,L2
3买,站上MA13 + KDJ金叉态,1565,0.3931,0.4254,0.924,0.3585,0.3768,-0.0183,L2
3买,站上MA13 + KDJ_J超卖,1351,0.3434,0.3648,0.941,0.3627,0.3768,-0.0141,L2
3买,站上MA13 + KDJ低位金叉,465,0.1219,0.1233,0.989,0.3742,0.3768,-0.0026,L2
3买,站上MA13 + KDJ_D小于30,968,0.2495,0.2593,0.962,0.3678,0.3768,-0.009,L2
3买,站上MA13 + RSI6大于50,1582,0.3966,0.4305,0.921,0.3578,0.3768,-0.019,L2
3买,站上MA13 + RSI金叉,1555,0.3847,0.4263,0.903,0.3531,0.3768,-0.0238,L2
3买,站上MA13 + RSI6超卖,1022,0.2642,0.2733,0.967,0.3689,0.3768,-0.0079,L2
3买,站上MA13 + RSI底背离,686,0.1563,0.1962,0.797,0.3251,0.3768,-0.0517,L2
3买,站上MA13 + 威科夫得分大于4,539,0.1331,0.1479,0.9,0.3525,0.3768,-0.0243,L2
3买,站上MA13 + 威科夫得分大于7,246,0.061,0.0674,0.905,0.3537,0.3768,-0.0232,L2
3买,站上MA13 + 积累阶段,816,0.1976,0.2263,0.873,0.3456,0.3768,-0.0312,L2
3买,站上MA13 + 黄金柱,184,0.0406,0.0534,0.761,0.3152,0.3768,-0.0616,L2
3买,站上MA13 + 量能金叉,384,0.1037,0.1,1.037,0.3854,0.3768,0.0086,L2
3买,站上MA13 + 六脉红灯大于5,1528,0.3819,0.4165,0.917,0.3567,0.3768,-0.0201,L2
3买,站上MA13 + 六脉红灯大于6,1405,0.3511,0.3831,0.917,0.3566,0.3768,-0.0202,L2
3买,站上MA13 + 六脉6红首发,1405,0.3511,0.3831,0.917,0.3566,0.3768,-0.0202,L2
3买,站上MA13 + 六脉5红首发,1528,0.3819,0.4165,0.917,0.3567,0.3768,-0.0201,L2
3买,站上MA13 + 偏多共振,345,0.0827,0.0962,0.86,0.342,0.3768,-0.0348,L2
3买,站上MA13 + 多头共振,345,0.0827,0.0962,0.86,0.342,0.3768,-0.0348,L2
3买,站上MA13 + 火箭信号,247,0.0806,0.0559,1.441,0.4656,0.3768,0.0888,L2
3买,站上MA13 + 中枢进机会区,587,0.1528,0.1564,0.977,0.3714,0.3768,-0.0054,L2
3买,站上MA13 + 中枢极限底,624,0.1535,0.1716,0.894,0.351,0.3768,-0.0259,L2
3买,站上MA13 + 中枢上穿中轴,623,0.1801,0.1551,1.161,0.4125,0.3768,0.0357,L2
3买,站上MA13 + 中枢底部蓄力,933,0.2137,0.2661,0.803,0.3269,0.3768,-0.0499,L2
3买,站上MA13 + 中枢底部回升,1167,0.2873,0.3208,0.896,0.3513,0.3768,-0.0255,L2
3买,站上MA13 + 大盘多头,781,0.1661,0.2305,0.721,0.3035,0.3768,-0.0734,L2
3买,站上MA13 + 大盘空头,566,0.1451,0.1521,0.954,0.3657,0.3768,-0.0111,L2
3买,站上MA13 + 大盘安全,1096,0.2383,0.3203,0.744,0.3102,0.3768,-0.0666,L2
3买,站上MA13 + SID等于1,781,0.1661,0.2305,0.721,0.3035,0.3768,-0.0734,L2
3买,站上MA13 + SID等于2,1077,0.281,0.2864,0.981,0.3723,0.3768,-0.0045,L2
3买,站上MA13 + SID小于等于2,1349,0.3259,0.3746,0.87,0.3447,0.3768,-0.0321,L2
3买,站上MA13 + 大盘5日上涨,1265,0.2845,0.364,0.782,0.3209,0.3768,-0.0559,L2
3买,站上MA13 + 相对强弱大于0,1102,0.2873,0.2932,0.98,0.3721,0.3768,-0.0048,L2
3买,站上MA13 + 相对强弱大于5,375,0.1128,0.0907,1.244,0.4293,0.3768,0.0525,L2
3买,站上MA13 + 量比>=1.3,307,0.082,0.0805,1.018,0.3811,0.3768,0.0043,L2
3买,站上MA13 + 量比>=2,80,0.0252,0.0186,1.353,0.45,0.3768,0.0732,L2
3买,站上MA13 + 距前高<=10%,217,0.0505,0.0614,0.821,0.3318,0.3768,-0.045,L2
3买,站上MA13 + 深跌(距前高>40%),56,0.0112,0.0169,0.662,0.2857,0.3768,-0.0911,L2
3买,站上MA13 + 距前低<=10%,892,0.2186,0.2458,0.89,0.3498,0.3768,-0.027,L2
3买,站上MA13 + 相对强弱>=0,244,0.0617,0.0661,0.933,0.3607,0.3768,-0.0162,L2
3买,站上MA34 + 站上MA55,915,0.2474,0.2381,1.039,0.3858,0.3768,0.009,L2
3买,站上MA34 + 站上MA89,863,0.2207,0.2322,0.951,0.365,0.3768,-0.0118,L2
3买,站上MA34 + 站上MA144,924,0.2467,0.2424,1.018,0.381,0.3768,0.0041,L2
3买,站上MA34 + 站上MA233,961,0.2635,0.2479,1.063,0.3913,0.3768,0.0144,L2
3买,站上MA34 + 斐波短中多头,245,0.0575,0.0691,0.832,0.3347,0.3768,-0.0421,L2
3买,站上MA34 + 斐波长多头,548,0.1423,0.1462,0.973,0.3704,0.3768,-0.0064,L2
3买,站上MA34 + 斐波全多头,149,0.0378,0.0403,0.94,0.3624,0.3768,-0.0144,L2
3买,站上MA34 + 放量,831,0.2249,0.2161,1.041,0.3863,0.3768,0.0095,L2
3买,站上MA34 + 缩量,927,0.2376,0.2492,0.953,0.3657,0.3768,-0.0111,L2
3买,站上MA34 + 量比大于1,971,0.2565,0.2564,1.0,0.3769,0.3768,0.0001,L2
3买,站上MA34 + 量比大于1_3,793,0.2095,0.2093,1.001,0.377,0.3768,0.0002,L2
3买,站上MA34 + 量比大于2,430,0.1212,0.1089,1.113,0.4023,0.3768,0.0255,L2
3买,站上MA34 + 量能递增,640,0.1843,0.1597,1.154,0.4109,0.3768,0.0341,L2
3买,站上MA34 + 价涨量增,762,0.206,0.1983,1.039,0.3858,0.3768,0.009,L2
3买,站上MA34 + 价涨量缩,715,0.1941,0.1856,1.046,0.3874,0.3768,0.0106,L2
3买,站上MA34 + MACD_DIF大于0,714,0.1899,0.1877,1.012,0.3796,0.3768,0.0027,L2
3买,站上MA34 + MACD金叉态,456,0.1317,0.1136,1.16,0.4123,0.3768,0.0355,L2
3买,站上MA34 + MACD柱递增,875,0.2263,0.2339,0.968,0.3691,0.3768,-0.0077,L2
3买,站上MA34 + MACD零轴上金叉,123,0.0329,0.0322,1.023,0.3821,0.3768,0.0053,L2
3买,站上MA34 + MACD底背离,310,0.0778,0.0843,0.922,0.3581,0.3768,-0.0188,L2
3买,站上MA34 + BOLL收上中轨,832,0.2327,0.2119,1.098,0.399,0.3768,0.0222,L2
3买,站上MA34 + BOLL突破上轨,184,0.0512,0.047,1.088,0.3967,0.3768,0.0199,L2
3买,站上MA34 + BOLL触下轨反弹,626,0.1752,0.1593,1.1,0.3994,0.3768,0.0225,L2
3买,站上MA34 + BOLL开口扩张,946,0.2579,0.2449,1.053,0.389,0.3768,0.0122,L2
3买,站上MA34 + KDJ金叉态,892,0.2411,0.2322,1.038,0.3857,0.3768,0.0088,L2
3买,站上MA34 + KDJ_J超卖,897,0.2439,0.2326,1.048,0.388,0.3768,0.0111,L2
3买,站上MA34 + KDJ低位金叉,180,0.0547,0.0432,1.265,0.4333,0.3768,0.0565,L2
3买,站上MA34 + KDJ_D小于30,475,0.1275,0.1242,1.027,0.3832,0.3768,0.0063,L2
3买,站上MA34 + RSI6大于50,907,0.2453,0.236,1.039,0.3859,0.3768,0.0091,L2
3买,站上MA34 + RSI金叉,849,0.232,0.2195,1.057,0.3899,0.3768,0.0131,L2
3买,站上MA34 + RSI6超卖,582,0.1633,0.1479,1.104,0.4003,0.3768,0.0235,L2
3买,站上MA34 + RSI底背离,252,0.0631,0.0686,0.919,0.3571,0.3768,-0.0197,L2
3买,站上MA34 + 威科夫得分大于4,536,0.1444,0.1398,1.032,0.3843,0.3768,0.0075,L2
3买,站上MA34 + 威科夫得分大于7,254,0.0666,0.0674,0.988,0.374,0.3768,-0.0028,L2
3买,站上MA34 + 积累阶段,362,0.1072,0.0886,1.211,0.4227,0.3768,0.0458,L2
3买,站上MA34 + 黄金柱,107,0.0308,0.0267,1.155,0.4112,0.3768,0.0344,L2
3买,站上MA34 + 量能金叉,305,0.0834,0.0788,1.058,0.3902,0.3768,0.0133,L2
3买,站上MA34 + 六脉红灯大于5,786,0.2151,0.203,1.06,0.3906,0.3768,0.0138,L2
3买,站上MA34 + 六脉红灯大于6,696,0.1906,0.1797,1.061,0.3908,0.3768,0.014,L2
3买,站上MA34 + 六脉6红首发,696,0.1906,0.1797,1.061,0.3908,0.3768,0.014,L2
3买,站上MA34 + 六脉5红首发,786,0.2151,0.203,1.06,0.3906,0.3768,0.0138,L2
3买,站上MA34 + 偏多共振,469,0.1121,0.1309,0.856,0.3412,0.3768,-0.0357,L2
3买,站上MA34 + 多头共振,468,0.1121,0.1305,0.859,0.3419,0.3768,-0.0349,L2
3买,站上MA34 + 火箭信号,198,0.0645,0.0449,1.435,0.4646,0.3768,0.0878,L2
3买,站上MA34 + 中枢进机会区,302,0.0911,0.0729,1.25,0.4305,0.3768,0.0536,L2
3买,站上MA34 + 中枢极限底,207,0.0589,0.0521,1.129,0.4058,0.3768,0.029,L2
3买,站上MA34 + 中枢上穿中轴,646,0.1752,0.1678,1.044,0.387,0.3768,0.0102,L2
3买,站上MA34 + 中枢底部蓄力,270,0.0715,0.0712,1.004,0.3778,0.3768,0.001,L2
3买,站上MA34 + 中枢底部回升,480,0.1381,0.1199,1.151,0.4104,0.3768,0.0336,L2
3买,站上MA34 + 大盘多头,586,0.1388,0.1644,0.844,0.3379,0.3768,-0.0389,L2
3买,站上MA34 + 大盘空头,260,0.0638,0.0716,0.891,0.35,0.3768,-0.0268,L2
3买,站上MA34 + 大盘安全,729,0.1773,0.2017,0.879,0.3471,0.3768,-0.0298,L2
3买,站上MA34 + SID等于1,586,0.1388,0.1644,0.844,0.3379,0.3768,-0.0389,L2
3买,站上MA34 + SID等于2,705,0.2067,0.1737,1.19,0.4184,0.3768,0.0416,L2
3买,站上MA34 + SID小于等于2,905,0.2453,0.2352,1.043,0.3867,0.3768,0.0099,L2
3买,站上MA34 + 大盘5日上涨,769,0.1822,0.2157,0.845,0.3381,0.3768,-0.0387,L2
3买,站上MA34 + 相对强弱大于0,737,0.2046,0.1886,1.085,0.3962,0.3768,0.0194,L2
3买,站上MA34 + 相对强弱大于5,312,0.0939,0.0754,1.245,0.4295,0.3768,0.0527,L2
3买,站上MA34 + 量比>=1.3,192,0.0512,0.0504,1.015,0.3802,0.3768,0.0034,L2
3买,站上MA34 + 量比>=2,51,0.0161,0.0119,1.358,0.451,0.3768,0.0742,L2
3买,站上MA34 + 距前高<=10%,227,0.0484,0.0669,0.722,0.304,0.3768,-0.0729,L2
3买,站上MA34 + 距前低<=10%,398,0.1156,0.0987,1.171,0.4146,0.3768,0.0378,L2
3买,站上MA34 + 相对强弱>=0,164,0.0477,0.0407,1.171,0.4146,0.3768,0.0378,L2
3买,站上MA55 + 站上MA89,1206,0.2978,0.3309,0.9,0.3524,0.3768,-0.0244,L2
3买,站上MA55 + 站上MA144,1236,0.3104,0.336,0.924,0.3584,0.3768,-0.0184,L2
3买,站上MA55 + 站上MA233,1254,0.3266,0.3339,0.978,0.3716,0.3768,-0.0052,L2
3买,站上MA55 + 斐波短中多头,268,0.0638,0.075,0.85,0.3396,0.3768,-0.0373,L2
3买,站上MA55 + 斐波长多头,806,0.1962,0.2229,0.88,0.3474,0.3768,-0.0294,L2
3买,站上MA55 + 斐波全多头,164,0.0406,0.0449,0.905,0.3537,0.3768,-0.0232,L2
3买,站上MA55 + 放量,915,0.2467,0.2386,1.034,0.3847,0.3768,0.0079,L2
3买,站上MA55 + 缩量,1211,0.2978,0.3331,0.894,0.3509,0.3768,-0.0259,L2
3买,站上MA55 + 量比大于1,1201,0.3083,0.3225,0.956,0.3664,0.3768,-0.0105,L2
3买,站上MA55 + 量比大于1_3,916,0.2432,0.2411,1.009,0.3788,0.3768,0.002,L2
3买,站上MA55 + 量比大于2,429,0.1233,0.1072,1.15,0.4103,0.3768,0.0334,L2
3买,站上MA55 + 量能递增,698,0.1969,0.1767,1.114,0.4026,0.3768,0.0258,L2
3买,站上MA55 + 价涨量增,804,0.2214,0.2068,1.071,0.393,0.3768,0.0162,L2
3买,站上MA55 + 价涨量缩,965,0.2411,0.2631,0.916,0.3565,0.3768,-0.0203,L2
3买,站上MA55 + MACD_DIF大于0,959,0.2432,0.2593,0.938,0.3618,0.3768,-0.015,L2
3买,站上MA55 + MACD金叉态,374,0.1128,0.0903,1.25,0.4305,0.3768,0.0537,L2
3买,站上MA55 + MACD柱递增,1138,0.2845,0.3102,0.917,0.3568,0.3768,-0.02,L2
3买,站上MA55 + MACD零轴上金叉,123,0.0329,0.0322,1.023,0.3821,0.3768,0.0053,L2
3买,站上MA55 + MACD底背离,440,0.0988,0.1267,0.78,0.3205,0.3768,-0.0564,L2
3买,站上MA55 + BOLL收上中轨,794,0.2207,0.203,1.088,0.3967,0.3768,0.0199,L2
3买,站上MA55 + BOLL突破上轨,169,0.0484,0.0424,1.141,0.4083,0.3768,0.0315,L2
3买,站上MA55 + BOLL触下轨反弹,802,0.2137,0.2106,1.015,0.3803,0.3768,0.0035,L2
3买,站上MA55 + BOLL开口扩张,1224,0.3167,0.3271,0.968,0.3693,0.3768,-0.0075,L2
3买,站上MA55 + KDJ金叉态,1101,0.2866,0.2932,0.977,0.3715,0.3768,-0.0053,L2
3买,站上MA55 + KDJ_J超卖,1167,0.3006,0.3127,0.961,0.3676,0.3768,-0.0092,L2
3买,站上MA55 + KDJ低位金叉,327,0.0827,0.0886,0.934,0.3609,0.3768,-0.016,L2
3买,站上MA55 + KDJ_D小于30,727,0.185,0.1962,0.943,0.3631,0.3768,-0.0137,L2
3买,站上MA55 + RSI6大于50,985,0.2691,0.2547,1.057,0.3898,0.3768,0.013,L2
3买,站上MA55 + RSI金叉,967,0.2656,0.2492,1.066,0.3919,0.3768,0.0151,L2
3买,站上MA55 + RSI6超卖,824,0.2165,0.2182,0.992,0.375,0.3768,-0.0018,L2
3买,站上MA55 + RSI底背离,316,0.0715,0.0907,0.788,0.3228,0.3768,-0.054,L2
3买,站上MA55 + 威科夫得分大于4,604,0.1556,0.1619,0.961,0.3675,0.3768,-0.0093,L2
3买,站上MA55 + 威科夫得分大于7,267,0.0673,0.0725,0.928,0.3596,0.3768,-0.0173,L2
3买,站上MA55 + 积累阶段,394,0.1177,0.0958,1.229,0.4264,0.3768,0.0496,L2
3买,站上MA55 + 黄金柱,105,0.028,0.0275,1.018,0.381,0.3768,0.0041,L2
3买,站上MA55 + 量能金叉,316,0.0876,0.0809,1.082,0.3956,0.3768,0.0188,L2
3买,站上MA55 + 六脉红灯大于5,886,0.2425,0.2288,1.06,0.3905,0.3768,0.0137,L2
3买,站上MA55 + 六脉红灯大于6,748,0.2046,0.1932,1.059,0.3904,0.3768,0.0136,L2
3买,站上MA55 + 六脉6红首发,748,0.2046,0.1932,1.059,0.3904,0.3768,0.0136,L2
3买,站上MA55 + 六脉5红首发,886,0.2425,0.2288,1.06,0.3905,0.3768,0.0137,L2
3买,站上MA55 + 偏多共振,573,0.1381,0.1593,0.866,0.3438,0.3768,-0.033,L2
3买,站上MA55 + 多头共振,572,0.1381,0.1589,0.869,0.3444,0.3768,-0.0324,L2
3买,站上MA55 + 火箭信号,197,0.0652,0.0441,1.479,0.4721,0.3768,0.0953,L2
3买,站上MA55 + 中枢进机会区,462,0.1275,0.1186,1.075,0.3939,0.3768,0.0171,L2
3买,站上MA55 + 中枢极限底,249,0.0729,0.0614,1.186,0.4177,0.3768,0.0409,L2
3买,站上MA55 + 中枢上穿中轴,605,0.171,0.153,1.118,0.4033,0.3768,0.0265,L2
3买,站上MA55 + 中枢底部蓄力,342,0.0869,0.0924,0.941,0.3626,0.3768,-0.0142,L2
3买,站上MA55 + 中枢底部回升,611,0.1745,0.1534,1.138,0.4075,0.3768,0.0307,L2
3买,站上MA55 + 大盘多头,774,0.1745,0.2225,0.784,0.3217,0.3768,-0.0551,L2
3买,站上MA55 + 大盘空头,289,0.068,0.0814,0.836,0.3356,0.3768,-0.0412,L2
3买,站上MA55 + 大盘安全,936,0.2151,0.2665,0.807,0.328,0.3768,-0.0488,L2
3买,站上MA55 + SID等于1,774,0.1745,0.2225,0.784,0.3217,0.3768,-0.0551,L2
3买,站上MA55 + SID等于2,918,0.2551,0.2347,1.087,0.3965,0.3768,0.0197,L2
3买,站上MA55 + SID小于等于2,1192,0.3062,0.3199,0.957,0.3666,0.3768,-0.0102,L2
3买,站上MA55 + 大盘5日上涨,986,0.2235,0.2826,0.791,0.3235,0.3768,-0.0533,L2
3买,站上MA55 + 相对强弱大于0,764,0.2102,0.1966,1.069,0.3927,0.3768,0.0159,L2
3买,站上MA55 + 相对强弱大于5,280,0.0869,0.0661,1.315,0.4429,0.3768,0.066,L2
3买,站上MA55 + 量比>=1.3,221,0.0631,0.0555,1.136,0.4072,0.3768,0.0304,L2
3买,站上MA55 + 量比>=2,51,0.0189,0.0102,1.861,0.5294,0.3768,0.1526,L2
3买,站上MA55 + 距前高<=10%,263,0.0603,0.075,0.804,0.327,0.3768,-0.0498,L2
3买,站上MA55 + 距前低<=10%,356,0.1093,0.0847,1.29,0.4382,0.3768,0.0614,L2
3买,站上MA55 + 相对强弱>=0,170,0.0491,0.0424,1.158,0.4118,0.3768,0.0349,L2
3买,站上MA89 + 站上MA144,1764,0.445,0.4784,0.93,0.36,0.3768,-0.0168,L2
3买,站上MA89 + 站上MA233,1736,0.4464,0.4657,0.959,0.3669,0.3768,-0.0099,L2
3买,站上MA89 + 斐波短中多头,270,0.0631,0.0763,0.827,0.3333,0.3768,-0.0435,L2
3买,站上MA89 + 斐波长多头,1328,0.335,0.3602,0.93,0.3599,0.3768,-0.0169,L2
3买,站上MA89 + 斐波全多头,172,0.042,0.0475,0.886,0.3488,0.3768,-0.028,L2
3买,站上MA89 + 放量,1155,0.3027,0.3064,0.988,0.374,0.3768,-0.0028,L2
3买,站上MA89 + 缩量,1684,0.4128,0.464,0.89,0.3498,0.3768,-0.0271,L2
3买,站上MA89 + 量比大于1,1600,0.4057,0.4326,0.938,0.3619,0.3768,-0.0149,L2
3买,站上MA89 + 量比大于1_3,1151,0.2999,0.3064,0.979,0.3719,0.3768,-0.005,L2
3买,站上MA89 + 量比大于2,473,0.1254,0.1246,1.007,0.3784,0.3768,0.0016,L2
3买,站上MA89 + 量能递增,858,0.2362,0.2208,1.07,0.3928,0.3768,0.016,L2
3买,站上MA89 + 价涨量增,981,0.2579,0.2597,0.993,0.3751,0.3768,-0.0017,L2
3买,站上MA89 + 价涨量缩,1382,0.3434,0.378,0.908,0.3546,0.3768,-0.0223,L2
3买,站上MA89 + MACD_DIF大于0,1000,0.2593,0.2669,0.971,0.37,0.3768,-0.0068,L2
3买,站上MA89 + MACD金叉态,415,0.1107,0.1089,1.017,0.3807,0.3768,0.0039,L2
3买,站上MA89 + MACD柱递增,1570,0.3854,0.4322,0.892,0.3503,0.3768,-0.0265,L2
3买,站上MA89 + MACD零轴上金叉,118,0.0308,0.0314,0.983,0.3729,0.3768,-0.0039,L2
3买,站上MA89 + MACD底背离,765,0.1717,0.2203,0.779,0.3203,0.3768,-0.0566,L2
3买,站上MA89 + BOLL收上中轨,835,0.2158,0.2233,0.967,0.3689,0.3768,-0.008,L2
3买,站上MA89 + BOLL突破上轨,152,0.0399,0.0403,0.992,0.375,0.3768,-0.0018,L2
3买,站上MA89 + BOLL触下轨反弹,1070,0.2775,0.2856,0.972,0.3701,0.3768,-0.0067,L2
3买,站上MA89 + BOLL开口扩张,1654,0.4219,0.4458,0.946,0.364,0.3768,-0.0128,L2
3买,站上MA89 + KDJ金叉态,1472,0.3721,0.3987,0.933,0.3607,0.3768,-0.0161,L2
3买,站上MA89 + KDJ_J超卖,1613,0.4156,0.4322,0.961,0.3676,0.3768,-0.0092,L2
3买,站上MA89 + KDJ低位金叉,590,0.1479,0.1606,0.921,0.3576,0.3768,-0.0192,L2
3买,站上MA89 + KDJ_D小于30,1127,0.2866,0.3042,0.942,0.3629,0.3768,-0.0139,L2
3买,站上MA89 + RSI6大于50,1135,0.2971,0.3013,0.986,0.3736,0.3768,-0.0032,L2
3买,站上MA89 + RSI金叉,1241,0.3266,0.3284,0.994,0.3755,0.3768,-0.0013,L2
3买,站上MA89 + RSI6超卖,1240,0.3287,0.3267,1.006,0.3782,0.3768,0.0014,L2
3买,站上MA89 + RSI底背离,534,0.1219,0.1525,0.799,0.3258,0.3768,-0.051,L2
3买,站上MA89 + 威科夫得分大于4,688,0.1808,0.1822,0.992,0.375,0.3768,-0.0018,L2
3买,站上MA89 + 威科夫得分大于7,289,0.0729,0.0784,0.93,0.3599,0.3768,-0.017,L2
3买,站上MA89 + 积累阶段,740,0.1997,0.1928,1.036,0.3851,0.3768,0.0083,L2
3买,站上MA89 + 黄金柱,111,0.0238,0.0326,0.73,0.3063,0.3768,-0.0705,L2
3买,站上MA89 + 量能金叉,321,0.0855,0.0843,1.014,0.3801,0.3768,0.0032,L2
3买,站上MA89 + 六脉红灯大于5,1119,0.2901,0.2987,0.971,0.37,0.3768,-0.0068,L2
3买,站上MA89 + 六脉红灯大于6,872,0.2285,0.2314,0.987,0.3739,0.3768,-0.003,L2
3买,站上MA89 + 六脉6红首发,872,0.2285,0.2314,0.987,0.3739,0.3768,-0.003,L2
3买,站上MA89 + 六脉5红首发,1119,0.2901,0.2987,0.971,0.37,0.3768,-0.0068,L2
3买,站上MA89 + 偏多共振,665,0.1703,0.1788,0.952,0.3654,0.3768,-0.0114,L2
3买,站上MA89 + 多头共振,664,0.1703,0.1784,0.955,0.366,0.3768,-0.0109,L2
3买,站上MA89 + 火箭信号,215,0.0687,0.0496,1.385,0.4558,0.3768,0.079,L2
3买,站上MA89 + 中枢进机会区,751,0.2102,0.1911,1.1,0.3995,0.3768,0.0227,L2
3买,站上MA89 + 中枢极限底,510,0.1374,0.1331,1.032,0.3843,0.3768,0.0075,L2
3买,站上MA89 + 中枢上穿中轴,568,0.1556,0.1466,1.061,0.3908,0.3768,0.014,L2
3买,站上MA89 + 中枢底部蓄力,758,0.1836,0.2102,0.874,0.3456,0.3768,-0.0312,L2
3买,站上MA89 + 中枢底部回升,1069,0.288,0.2788,1.033,0.3845,0.3768,0.0077,L2
3买,站上MA89 + 大盘多头,961,0.2067,0.2822,0.733,0.307,0.3768,-0.0698,L2
3买,站上MA89 + 大盘空头,433,0.1079,0.1182,0.913,0.3557,0.3768,-0.0212,L2
3买,站上MA89 + 大盘安全,1186,0.2586,0.3462,0.747,0.3111,0.3768,-0.0657,L2
3买,站上MA89 + SID等于1,961,0.2067,0.2822,0.733,0.307,0.3768,-0.0698,L2
3买,站上MA89 + SID等于2,1245,0.3392,0.3225,1.052,0.3888,0.3768,0.0119,L2
3买,站上MA89 + SID小于等于2,1605,0.4001,0.4381,0.913,0.3558,0.3768,-0.0211,L2
3买,站上MA89 + 大盘5日上涨,1309,0.2936,0.3771,0.779,0.3201,0.3768,-0.0567,L2
3买,站上MA89 + 相对强弱大于0,867,0.2383,0.2233,1.067,0.3922,0.3768,0.0153,L2
3买,站上MA89 + 相对强弱大于5,290,0.0862,0.0708,1.218,0.4241,0.3768,0.0473,L2
3买,站上MA89 + 量比>=1.3,271,0.0736,0.0703,1.046,0.3875,0.3768,0.0106,L2
3买,站上MA89 + 量比>=2,62,0.0203,0.014,1.453,0.4677,0.3768,0.0909,L2
3买,站上MA89 + 距前高<=10%,277,0.0645,0.0784,0.822,0.3321,0.3768,-0.0447,L2
3买,站上MA89 + 深跌(距前高>40%),55,0.0126,0.0157,0.805,0.3273,0.3768,-0.0495,L2
3买,站上MA89 + 距前低<=10%,574,0.1682,0.1415,1.188,0.4181,0.3768,0.0413,L2
3买,站上MA89 + 相对强弱>=0,189,0.0519,0.0487,1.064,0.3915,0.3768,0.0147,L2
3买,站上MA144 + 站上MA233,2502,0.6657,0.6576,1.012,0.3797,0.3768,0.0029,L2
3买,站上MA144 + 斐波短中多头,273,0.0645,0.0767,0.841,0.337,0.3768,-0.0398,L2
3买,站上MA144 + 斐波长多头,1915,0.4821,0.5199,0.927,0.3593,0.3768,-0.0175,L2
3买,站上MA144 + 斐波全多头,175,0.0427,0.0483,0.885,0.3486,0.3768,-0.0282,L2
3买,站上MA144 + MA55上穿MA89,62,0.0182,0.0153,1.194,0.4194,0.3768,0.0425,L2
3买,站上MA144 + 放量,1643,0.4534,0.422,1.074,0.3938,0.3768,0.017,L2
3买,站上MA144 + 缩量,2432,0.6202,0.6555,0.946,0.3639,0.3768,-0.0129,L2
3买,站上MA144 + 量比大于1,2319,0.6125,0.6123,1.0,0.3769,0.3768,0.0001,L2
3买,站上MA144 + 量比大于1_3,1639,0.4485,0.4233,1.06,0.3905,0.3768,0.0137,L2
3买,站上MA144 + 量比大于2,637,0.1892,0.1555,1.217,0.4239,0.3768,0.047,L2
3买,站上MA144 + 量能递增,1195,0.3434,0.2987,1.149,0.41,0.3768,0.0332,L2
3买,站上MA144 + 价涨量增,1359,0.3756,0.3487,1.077,0.3944,0.3768,0.0176,L2
3买,站上MA144 + 价涨量缩,2019,0.5193,0.5415,0.959,0.367,0.3768,-0.0098,L2
3买,站上MA144 + MACD_DIF大于0,1029,0.2719,0.2716,1.001,0.3771,0.3768,0.0002,L2
3买,站上MA144 + MACD金叉态,631,0.1591,0.1712,0.929,0.3597,0.3768,-0.0171,L2
3买,站上MA144 + MACD柱递增,2290,0.59,0.6136,0.962,0.3677,0.3768,-0.0091,L2
3买,站上MA144 + MACD零轴上金叉,115,0.0294,0.0309,0.952,0.3652,0.3768,-0.0116,L2
3买,站上MA144 + MACD底背离,1262,0.2824,0.364,0.776,0.3193,0.3768,-0.0575,L2
3买,站上MA144 + BOLL收上中轨,972,0.2544,0.2581,0.986,0.3735,0.3768,-0.0034,L2
3买,站上MA144 + BOLL突破上轨,165,0.0448,0.0428,1.048,0.3879,0.3768,0.0111,L2
3买,站上MA144 + BOLL触下轨反弹,1556,0.4268,0.4013,1.064,0.3914,0.3768,0.0146,L2
3买,站上MA144 + BOLL开口扩张,2379,0.637,0.6229,1.023,0.3821,0.3768,0.0053,L2
3买,站上MA144 + KDJ金叉态,2158,0.5718,0.5686,1.006,0.3781,0.3768,0.0013,L2
3买,站上MA144 + KDJ_J超卖,2338,0.6223,0.6144,1.013,0.3798,0.3768,0.003,L2
3买,站上MA144 + KDJ低位金叉,1033,0.2775,0.2699,1.028,0.3833,0.3768,0.0065,L2
3买,站上MA144 + KDJ_D小于30,1788,0.4772,0.4691,1.017,0.3809,0.3768,0.0041,L2
3买,站上MA144 + RSI6大于50,1449,0.3819,0.3831,0.997,0.3761,0.3768,-0.0007,L2
3买,站上MA144 + RSI金叉,1800,0.48,0.4725,1.016,0.3806,0.3768,0.0037,L2
3买,站上MA144 + RSI6超卖,1923,0.5305,0.4941,1.074,0.3937,0.3768,0.0168,L2
3买,站上MA144 + RSI底背离,916,0.2088,0.2619,0.797,0.3253,0.3768,-0.0515,L2
3买,站上MA144 + 威科夫得分大于4,756,0.1955,0.2021,0.967,0.369,0.3768,-0.0078,L2
3买,站上MA144 + 威科夫得分大于7,306,0.0757,0.0839,0.902,0.3529,0.3768,-0.0239,L2
3买,站上MA144 + 积累阶段,1236,0.3104,0.336,0.924,0.3584,0.3768,-0.0184,L2
3买,站上MA144 + 黄金柱,141,0.0308,0.0411,0.75,0.3121,0.3768,-0.0648,L2
3买,站上MA144 + 量能金叉,417,0.1184,0.1051,1.127,0.4053,0.3768,0.0285,L2
3买,站上MA144 + 六脉红灯大于5,1602,0.4198,0.425,0.988,0.3739,0.3768,-0.0029,L2
3买,站上MA144 + 六脉红灯大于6,1144,0.3006,0.303,0.992,0.375,0.3768,-0.0018,L2
3买,站上MA144 + 六脉6红首发,1144,0.3006,0.303,0.992,0.375,0.3768,-0.0018,L2
3买,站上MA144 + 六脉5红首发,1602,0.4198,0.425,0.988,0.3739,0.3768,-0.0029,L2
3买,站上MA144 + 偏多共振,712,0.1857,0.1894,0.98,0.3722,0.3768,-0.0046,L2
3买,站上MA144 + 多头共振,710,0.1857,0.1886,0.985,0.3732,0.3768,-0.0036,L2
3买,站上MA144 + 火箭信号,239,0.0764,0.0551,1.387,0.4561,0.3768,0.0793,L2
3买,站上MA144 + 极限抄底,86,0.0322,0.0169,1.902,0.5349,0.3768,0.1581,L2
3买,站上MA144 + 中枢进机会区,1101,0.3174,0.2746,1.156,0.4114,0.3768,0.0346,L2
3买,站上MA144 + 中枢极限底,930,0.2572,0.2386,1.078,0.3946,0.3768,0.0178,L2
3买,站上MA144 + 中枢上穿中轴,618,0.178,0.1542,1.154,0.411,0.3768,0.0342,L2
3买,站上MA144 + 中枢底部蓄力,1448,0.3672,0.3915,0.938,0.3619,0.3768,-0.0149,L2
3买,站上MA144 + 中枢底部回升,1819,0.4982,0.4695,1.061,0.3909,0.3768,0.0141,L2
3买,站上MA144 + 大盘多头,1240,0.2677,0.3636,0.736,0.3081,0.3768,-0.0688,L2
3买,站上MA144 + 大盘空头,695,0.1745,0.189,0.923,0.3583,0.3768,-0.0185,L2
3买,站上MA144 + 大盘安全,1566,0.3399,0.4581,0.742,0.3097,0.3768,-0.0671,L2
3买,站上MA144 + SID等于1,1240,0.2677,0.3636,0.736,0.3081,0.3768,-0.0688,L2
3买,站上MA144 + SID等于2,1817,0.5067,0.4636,1.093,0.3979,0.3768,0.0211,L2
3买,站上MA144 + SID小于等于2,2261,0.5844,0.6047,0.967,0.3689,0.3768,-0.008,L2
3买,站上MA144 + 大盘5日上涨,1813,0.4093,0.5208,0.786,0.3221,0.3768,-0.0547,L2
3买,站上MA144 + 相对强弱大于0,1098,0.2999,0.2839,1.056,0.3898,0.3768,0.013,L2
3买,站上MA144 + 相对强弱大于5,331,0.1009,0.0792,1.274,0.435,0.3768,0.0582,L2
3买,站上MA144 + 量比>=1.3,410,0.1296,0.0953,1.36,0.4512,0.3768,0.0744,L2
3买,站上MA144 + 量比>=2,88,0.0322,0.0178,1.811,0.5227,0.3768,0.1459,L2
3买,站上MA144 + 距前高<=10%,290,0.0659,0.0831,0.793,0.3241,0.3768,-0.0527,L2
3买,站上MA144 + 深跌(距前高>40%),124,0.0308,0.0339,0.91,0.3548,0.3768,-0.022,L2
3买,站上MA144 + 距前低<=10%,1245,0.342,0.3208,1.066,0.392,0.3768,0.0152,L2
3买,站上MA144 + 相对强弱>=0,237,0.0631,0.0623,1.013,0.3797,0.3768,0.0029,L2
3买,站上MA233 + 斐波短中多头,268,0.0645,0.0746,0.864,0.3433,0.3768,-0.0335,L2
3买,站上MA233 + 斐波长多头,2156,0.548,0.5822,0.941,0.3627,0.3768,-0.0141,L2
3买,站上MA233 + 斐波全多头,175,0.0427,0.0483,0.885,0.3486,0.3768,-0.0282,L2
3买,站上MA233 + MA55上穿MA89,74,0.0266,0.0153,1.746,0.5135,0.3768,0.1367,L2
3买,站上MA233 + 放量,2040,0.5844,0.511,1.144,0.4088,0.3768,0.032,L2
3买,站上MA233 + 缩量,2944,0.7751,0.7788,0.995,0.3757,0.3768,-0.0011,L2
3买,站上MA233 + 量比大于1,2849,0.7758,0.7381,1.051,0.3886,0.3768,0.0117,L2
3买,站上MA233 + 量比大于1_3,2008,0.5683,0.5072,1.121,0.4039,0.3768,0.0271,L2
3买,站上MA233 + 量比大于2,777,0.2453,0.1809,1.356,0.4505,0.3768,0.0736,L2
3买,站上MA233 + 量能递增,1481,0.4464,0.3576,1.248,0.4301,0.3768,0.0533,L2
3买,站上MA233 + 价涨量增,1706,0.4905,0.4263,1.151,0.4103,0.3768,0.0335,L2
3买,站上MA233 + 价涨量缩,2458,0.6594,0.6428,1.026,0.3828,0.3768,0.006,L2
3买,站上MA233 + MACD_DIF大于0,1032,0.2838,0.2657,1.068,0.3924,0.3768,0.0156,L2
3买,站上MA233 + MACD金叉态,844,0.2004,0.2364,0.848,0.3389,0.3768,-0.038,L2
3买,站上MA233 + MACD柱递增,2805,0.7526,0.7335,1.026,0.3829,0.3768,0.0061,L2
3买,站上MA233 + MACD零轴上金叉,115,0.0301,0.0305,0.988,0.3739,0.3768,-0.0029,L2
3买,站上MA233 + MACD底背离,1586,0.3588,0.4551,0.788,0.3228,0.3768,-0.054,L2
3买,站上MA233 + BOLL收上中轨,1108,0.2901,0.2941,0.987,0.3736,0.3768,-0.0032,L2
3买,站上MA233 + BOLL突破上轨,175,0.047,0.0458,1.026,0.3829,0.3768,0.006,L2
3买,站上MA233 + BOLL触下轨反弹,1924,0.5473,0.4843,1.13,0.4059,0.3768,0.0291,L2
3买,站上MA233 + BOLL开口扩张,2896,0.7982,0.7445,1.072,0.3933,0.3768,0.0165,L2
3买,站上MA233 + KDJ金叉态,2676,0.733,0.6907,1.061,0.3909,0.3768,0.0141,L2
3买,站上MA233 + KDJ_J超卖,2861,0.7856,0.7373,1.065,0.3918,0.3768,0.015,L2
3买,站上MA233 + KDJ低位金叉,1379,0.3966,0.3445,1.151,0.4104,0.3768,0.0336,L2
3买,站上MA233 + KDJ_D小于30,2261,0.6265,0.5792,1.082,0.3954,0.3768,0.0186,L2
3买,站上MA233 + RSI6大于50,1690,0.4478,0.4453,1.006,0.3781,0.3768,0.0013,L2
3买,站上MA233 + RSI金叉,2264,0.6146,0.5877,1.046,0.3874,0.3768,0.0106,L2
3买,站上MA233 + RSI6超卖,2411,0.6762,0.6127,1.104,0.4002,0.3768,0.0234,L2
3买,站上MA233 + RSI底背离,1192,0.2684,0.3428,0.783,0.3213,0.3768,-0.0555,L2
3买,站上MA233 + 威科夫得分大于4,759,0.199,0.2013,0.989,0.3742,0.3768,-0.0026,L2
3买,站上MA233 + 威科夫得分大于7,298,0.0743,0.0814,0.913,0.3557,0.3768,-0.0211,L2
3买,站上MA233 + 积累阶段,1505,0.3679,0.4153,0.886,0.3488,0.3768,-0.028,L2
3买,站上MA233 + 黄金柱,168,0.0378,0.0483,0.783,0.3214,0.3768,-0.0554,L2
3买,站上MA233 + 量能金叉,502,0.1507,0.1216,1.239,0.4283,0.3768,0.0515,L2
3买,站上MA233 + 六脉红灯大于5,1991,0.5291,0.5237,1.01,0.3792,0.3768,0.0024,L2
3买,站上MA233 + 六脉红灯大于6,1374,0.3595,0.3648,0.985,0.3734,0.3768,-0.0035,L2
3买,站上MA233 + 六脉6红首发,1374,0.3595,0.3648,0.985,0.3734,0.3768,-0.0035,L2
3买,站上MA233 + 六脉5红首发,1991,0.5291,0.5237,1.01,0.3792,0.3768,0.0024,L2
3买,站上MA233 + 偏多共振,699,0.1843,0.1847,0.998,0.3763,0.3768,-0.0006,L2
3买,站上MA233 + 多头共振,697,0.1843,0.1839,1.002,0.3773,0.3768,0.0005,L2
3买,站上MA233 + 火箭信号,268,0.0869,0.061,1.424,0.4627,0.3768,0.0859,L2
3买,站上MA233 + 极限抄底,145,0.0575,0.0267,2.153,0.5655,0.3768,0.1887,L2
3买,站上MA233 + 中枢进机会区,1318,0.3847,0.3258,1.181,0.4165,0.3768,0.0397,L2
3买,站上MA233 + 中枢极限底,1286,0.3637,0.325,1.119,0.4036,0.3768,0.0268,L2
3买,站上MA233 + 中枢上穿中轴,665,0.1941,0.1644,1.181,0.4165,0.3768,0.0397,L2
3买,站上MA233 + 中枢底部蓄力,1939,0.5046,0.5165,0.977,0.3713,0.3768,-0.0055,L2
3买,站上MA233 + 中枢底部回升,2368,0.6587,0.6051,1.089,0.397,0.3768,0.0201,L2
3买,站上MA233 + 大盘多头,1419,0.316,0.4102,0.771,0.3178,0.3768,-0.059,L2
3买,站上MA233 + 大盘空头,935,0.2263,0.2593,0.873,0.3455,0.3768,-0.0314,L2
3买,站上MA233 + 大盘安全,1891,0.4212,0.5466,0.771,0.3178,0.3768,-0.059,L2
3买,站上MA233 + SID等于1,1419,0.316,0.4102,0.771,0.3178,0.3768,-0.059,L2
3买,站上MA233 + SID等于2,2240,0.6468,0.5581,1.159,0.4121,0.3768,0.0352,L2
3买,站上MA233 + SID小于等于2,2740,0.7372,0.7153,1.031,0.3839,0.3768,0.0071,L2
3买,站上MA233 + 大盘5日上涨,2160,0.4919,0.6178,0.796,0.325,0.3768,-0.0518,L2
3买,站上MA233 + 相对强弱大于0,1265,0.3518,0.3233,1.088,0.3968,0.3768,0.02,L2
3买,站上MA233 + 相对强弱大于5,371,0.1142,0.0881,1.296,0.4394,0.3768,0.0625,L2
3买,站上MA233 + 量比>=1.3,561,0.1934,0.1208,1.602,0.492,0.3768,0.1152,L2
3买,站上MA233 + 量比>=2,126,0.0491,0.0237,2.067,0.5556,0.3768,0.1787,L2
3买,站上MA233 + 距前高<=10%,295,0.0722,0.0814,0.887,0.3492,0.3768,-0.0277,L2
3买,站上MA233 + 深跌(距前高>40%),149,0.0392,0.0394,0.996,0.3758,0.3768,-0.001,L2
3买,站上MA233 + 距前低<=10%,1714,0.4499,0.4542,0.99,0.3746,0.3768,-0.0023,L2
3买,站上MA233 + 相对强弱>=0,282,0.0743,0.0746,0.996,0.3759,0.3768,-0.0009,L2
3买,斐波短中多头 + 斐波长多头,180,0.0441,0.0496,0.891,0.35,0.3768,-0.0268,L2
3买,斐波短中多头 + 斐波全多头,175,0.0427,0.0483,0.885,0.3486,0.3768,-0.0282,L2
3买,斐波短中多头 + 放量,198,0.0448,0.0568,0.79,0.3232,0.3768,-0.0536,L2
3买,斐波短中多头 + 缩量,260,0.0596,0.0742,0.803,0.3269,0.3768,-0.0499,L2
3买,斐波短中多头 + 量比大于1,235,0.0505,0.0691,0.731,0.3064,0.3768,-0.0704,L2
3买,斐波短中多头 + 量比大于1_3,165,0.0322,0.0504,0.639,0.2788,0.3768,-0.098,L2
3买,斐波短中多头 + 量比大于2,72,0.0133,0.0225,0.593,0.2639,0.3768,-0.1129,L2
3买,斐波短中多头 + 量能递增,181,0.047,0.0483,0.972,0.3702,0.3768,-0.0066,L2
3买,斐波短中多头 + 价涨量增,148,0.0322,0.0432,0.746,0.3108,0.3768,-0.066,L2
3买,斐波短中多头 + 价涨量缩,224,0.0596,0.0589,1.011,0.3795,0.3768,0.0026,L2
3买,斐波短中多头 + MACD_DIF大于0,281,0.0673,0.0784,0.858,0.3416,0.3768,-0.0352,L2
3买,斐波短中多头 + MACD金叉态,94,0.0273,0.0233,1.173,0.4149,0.3768,0.0381,L2
3买,斐波短中多头 + MACD柱递增,187,0.0343,0.0585,0.587,0.262,0.3768,-0.1148,L2
3买,斐波短中多头 + MACD零轴上金叉,54,0.0091,0.0174,0.524,0.2407,0.3768,-0.1361,L2
3买,斐波短中多头 + MACD底背离,53,0.0126,0.0148,0.851,0.3396,0.3768,-0.0372,L2
3买,斐波短中多头 + BOLL收上中轨,195,0.0456,0.0551,0.827,0.3333,0.3768,-0.0435,L2
3买,斐波短中多头 + BOLL突破上轨,50,0.0091,0.0157,0.581,0.26,0.3768,-0.1168,L2
3买,斐波短中多头 + BOLL触下轨反弹,149,0.0343,0.0424,0.81,0.3289,0.3768,-0.048,L2
3买,斐波短中多头 + BOLL开口扩张,246,0.0575,0.0695,0.827,0.3333,0.3768,-0.0435,L2
3买,斐波短中多头 + KDJ金叉态,178,0.0364,0.0534,0.683,0.2921,0.3768,-0.0847,L2
3买,斐波短中多头 + KDJ_J超卖,229,0.0568,0.0627,0.905,0.3537,0.3768,-0.0231,L2
3买,斐波短中多头 + RSI6大于50,200,0.0441,0.0581,0.761,0.315,0.3768,-0.0618,L2
3买,斐波短中多头 + RSI金叉,163,0.0343,0.0483,0.711,0.3006,0.3768,-0.0762,L2
3买,斐波短中多头 + RSI6超卖,134,0.0336,0.0364,0.923,0.3582,0.3768,-0.0186,L2
3买,斐波短中多头 + 威科夫得分大于4,218,0.0498,0.0623,0.799,0.3257,0.3768,-0.0511,L2
3买,斐波短中多头 + 威科夫得分大于7,128,0.0287,0.0369,0.779,0.3203,0.3768,-0.0565,L2
3买,斐波短中多头 + 量能金叉,62,0.0098,0.0203,0.482,0.2258,0.3768,-0.151,L2
3买,斐波短中多头 + 六脉红灯大于5,138,0.028,0.0415,0.675,0.2899,0.3768,-0.087,L2
3买,斐波短中多头 + 六脉红灯大于6,109,0.0196,0.0343,0.572,0.2569,0.3768,-0.1199,L2
3买,斐波短中多头 + 六脉6红首发,109,0.0196,0.0343,0.572,0.2569,0.3768,-0.1199,L2
3买,斐波短中多头 + 六脉5红首发,138,0.028,0.0415,0.675,0.2899,0.3768,-0.087,L2
3买,斐波短中多头 + 偏多共振,214,0.0526,0.0589,0.892,0.3505,0.3768,-0.0263,L2
3买,斐波短中多头 + 多头共振,214,0.0526,0.0589,0.892,0.3505,0.3768,-0.0263,L2
3买,斐波短中多头 + 中枢上穿中轴,128,0.0266,0.0381,0.698,0.2969,0.3768,-0.0799,L2
3买,斐波短中多头 + 中枢底部回升,65,0.0189,0.0161,1.175,0.4154,0.3768,0.0386,L2
3买,斐波短中多头 + 大盘多头,160,0.0336,0.0475,0.709,0.3,0.3768,-0.0768,L2
3买,斐波短中多头 + 大盘空头,56,0.0091,0.0182,0.5,0.2321,0.3768,-0.1447,L2
3买,斐波短中多头 + 大盘安全,188,0.0392,0.0559,0.702,0.2979,0.3768,-0.0789,L2
3买,斐波短中多头 + SID等于1,160,0.0336,0.0475,0.709,0.3,0.3768,-0.0768,L2
3买,斐波短中多头 + SID等于2,183,0.0491,0.0479,1.024,0.3825,0.3768,0.0057,L2
3买,斐波短中多头 + SID小于等于2,251,0.0631,0.0682,0.924,0.3586,0.3768,-0.0182,L2
3买,斐波短中多头 + 大盘5日上涨,183,0.0371,0.0551,0.674,0.2896,0.3768,-0.0872,L2
3买,斐波短中多头 + 相对强弱大于0,219,0.0526,0.061,0.861,0.3425,0.3768,-0.0343,L2
3买,斐波短中多头 + 相对强弱大于5,90,0.0252,0.0229,1.103,0.4,0.3768,0.0232,L2
3买,斐波短中多头 + 距前高<=10%,95,0.0182,0.0292,0.623,0.2737,0.3768,-0.1031,L2
3买,斐波短中多头 + 距前低<=10%,60,0.014,0.0169,0.827,0.3333,0.3768,-0.0435,L2
3买,斐波短中多头 + 相对强弱>=0,64,0.0175,0.0165,1.06,0.3906,0.3768,0.0138,L2
3买,斐波长多头 + 斐波全多头,175,0.0427,0.0483,0.885,0.3486,0.3768,-0.0282,L2
3买,斐波长多头 + MA55上穿MA89,54,0.0217,0.0097,2.229,0.5741,0.3768,0.1973,L2
3买,斐波长多头 + 放量,1335,0.3588,0.3487,1.029,0.3835,0.3768,0.0067,L2
3买,斐波长多头 + 缩量,2075,0.5116,0.5699,0.898,0.3518,0.3768,-0.025,L2
3买,斐波长多头 + 量比大于1,1953,0.5004,0.525,0.953,0.3656,0.3768,-0.0112,L2
3买,斐波长多头 + 量比大于1_3,1342,0.3609,0.3504,1.03,0.3838,0.3768,0.0069,L2
3买,斐波长多头 + 量比大于2,478,0.1465,0.114,1.285,0.4372,0.3768,0.0604,L2
3买,斐波长多头 + 量能递增,939,0.2684,0.2356,1.139,0.4079,0.3768,0.0311,L2
3买,斐波长多头 + 价涨量增,1080,0.2908,0.2818,1.032,0.3843,0.3768,0.0074,L2
3买,斐波长多头 + 价涨量缩,1757,0.4408,0.478,0.922,0.358,0.3768,-0.0188,L2
3买,斐波长多头 + MACD_DIF大于0,697,0.1843,0.1839,1.002,0.3773,0.3768,0.0005,L2
3买,斐波长多头 + MACD金叉态,479,0.103,0.1407,0.732,0.3069,0.3768,-0.0699,L2
3买,斐波长多头 + MACD柱递增,1948,0.4856,0.5318,0.913,0.3557,0.3768,-0.0211,L2
3买,斐波长多头 + MACD零轴上金叉,60,0.0154,0.0161,0.957,0.3667,0.3768,-0.0101,L2
3买,斐波长多头 + MACD底背离,1189,0.253,0.3508,0.721,0.3036,0.3768,-0.0732,L2
3买,斐波长多头 + BOLL收上中轨,633,0.1556,0.1742,0.893,0.3507,0.3768,-0.0261,L2
3买,斐波长多头 + BOLL突破上轨,88,0.0231,0.0233,0.992,0.375,0.3768,-0.0018,L2
3买,斐波长多头 + BOLL触下轨反弹,1298,0.3392,0.3449,0.983,0.3729,0.3768,-0.0039,L2
3买,斐波长多头 + BOLL开口扩张,2007,0.5207,0.5356,0.972,0.3702,0.3768,-0.0066,L2
3买,斐波长多头 + KDJ金叉态,1828,0.4639,0.4941,0.939,0.3621,0.3768,-0.0147,L2
3买,斐波长多头 + KDJ_J超卖,1989,0.5172,0.5301,0.976,0.371,0.3768,-0.0058,L2
3买,斐波长多头 + KDJ低位金叉,1020,0.2635,0.2729,0.966,0.3686,0.3768,-0.0082,L2
3买,斐波长多头 + KDJ_D小于30,1630,0.4205,0.4364,0.963,0.3681,0.3768,-0.0087,L2
3买,斐波长多头 + RSI6大于50,1051,0.2586,0.289,0.895,0.3511,0.3768,-0.0257,L2
3买,斐波长多头 + RSI金叉,1483,0.3742,0.4021,0.931,0.3601,0.3768,-0.0167,L2
3买,斐波长多头 + RSI6超卖,1711,0.4548,0.45,1.011,0.3793,0.3768,0.0025,L2
3买,斐波长多头 + RSI底背离,829,0.1682,0.2496,0.674,0.2895,0.3768,-0.0873,L2
3买,斐波长多头 + 威科夫得分大于4,533,0.143,0.1394,1.025,0.3827,0.3768,0.0059,L2
3买,斐波长多头 + 威科夫得分大于7,207,0.0526,0.0559,0.94,0.3623,0.3768,-0.0145,L2
3买,斐波长多头 + 积累阶段,1073,0.246,0.3059,0.804,0.3271,0.3768,-0.0497,L2
3买,斐波长多头 + 黄金柱,87,0.0126,0.0292,0.431,0.2069,0.3768,-0.1699,L2
3买,斐波长多头 + 量能金叉,287,0.0841,0.0708,1.188,0.4181,0.3768,0.0413,L2
3买,斐波长多头 + 六脉红灯大于5,1304,0.3167,0.361,0.877,0.3466,0.3768,-0.0302,L2
3买,斐波长多头 + 六脉红灯大于6,844,0.2025,0.2352,0.861,0.3424,0.3768,-0.0344,L2
3买,斐波长多头 + 六脉6红首发,844,0.2025,0.2352,0.861,0.3424,0.3768,-0.0344,L2
3买,斐波长多头 + 六脉5红首发,1304,0.3167,0.361,0.877,0.3466,0.3768,-0.0302,L2
3买,斐波长多头 + 偏多共振,553,0.1472,0.1453,1.013,0.3797,0.3768,0.0029,L2
3买,斐波长多头 + 多头共振,551,0.1472,0.1445,1.018,0.3811,0.3768,0.0043,L2
3买,斐波长多头 + 火箭信号,176,0.0512,0.0436,1.172,0.4148,0.3768,0.038,L2
3买,斐波长多头 + 极限抄底,122,0.0463,0.0237,1.949,0.541,0.3768,0.1642,L2
3买,斐波长多头 + 中枢进机会区,890,0.2593,0.2203,1.177,0.4157,0.3768,0.0389,L2
3买,斐波长多头 + 中枢极限底,867,0.2292,0.2288,1.001,0.3772,0.3768,0.0003,L2
3买,斐波长多头 + 中枢上穿中轴,371,0.1051,0.0936,1.123,0.4043,0.3768,0.0275,L2
3买,斐波长多头 + 中枢底部蓄力,1393,0.3385,0.3856,0.878,0.3467,0.3768,-0.0301,L2
3买,斐波长多头 + 中枢底部回升,1663,0.4422,0.4373,1.011,0.3794,0.3768,0.0026,L2
3买,斐波长多头 + 大盘多头,978,0.2025,0.2919,0.694,0.2955,0.3768,-0.0813,L2
3买,斐波长多头 + 大盘空头,642,0.1451,0.1843,0.787,0.3224,0.3768,-0.0544,L2
3买,斐波长多头 + 大盘安全,1286,0.2698,0.3818,0.707,0.2994,0.3768,-0.0774,L2
3买,斐波长多头 + SID等于1,978,0.2025,0.2919,0.694,0.2955,0.3768,-0.0813,L2
3买,斐波长多头 + SID等于2,1522,0.4135,0.3949,1.047,0.3876,0.3768,0.0108,L2
3买,斐波长多头 + SID小于等于2,1901,0.4821,0.514,0.938,0.3619,0.3768,-0.0149,L2
3买,斐波长多头 + 大盘5日上涨,1525,0.3287,0.4475,0.735,0.3075,0.3768,-0.0693,L2
3买,斐波长多头 + 相对强弱大于0,769,0.1997,0.2051,0.974,0.3706,0.3768,-0.0062,L2
3买,斐波长多头 + 相对强弱大于5,218,0.0638,0.0538,1.185,0.4174,0.3768,0.0406,L2
3买,斐波长多头 + 量比>=1.3,359,0.1219,0.0784,1.555,0.4847,0.3768,0.1079,L2
3买,斐波长多头 + 量比>=2,81,0.0322,0.0148,2.174,0.5679,0.3768,0.1911,L2
3买,斐波长多头 + 距前高<=10%,158,0.0399,0.0428,0.933,0.3608,0.3768,-0.0161,L2
3买,斐波长多头 + 深跌(距前高>40%),135,0.035,0.036,0.973,0.3704,0.3768,-0.0064,L2
3买,斐波长多头 + 距前低<=10%,1126,0.281,0.3072,0.915,0.3561,0.3768,-0.0207,L2
3买,斐波长多头 + 相对强弱>=0,159,0.0399,0.0432,0.924,0.3585,0.3768,-0.0183,L2
3买,斐波全多头 + 放量,125,0.0301,0.0347,0.867,0.344,0.3768,-0.0328,L2
3买,斐波全多头 + 缩量,162,0.035,0.0475,0.738,0.3086,0.3768,-0.0682,L2
3买,斐波全多头 + 量比大于1,146,0.0308,0.0432,0.713,0.3014,0.3768,-0.0754,L2
3买,斐波全多头 + 量比大于1_3,98,0.0189,0.0301,0.629,0.2755,0.3768,-0.1013,L2
3买,斐波全多头 + 量能递增,115,0.0329,0.0288,1.143,0.4087,0.3768,0.0319,L2
3买,斐波全多头 + 价涨量增,92,0.0224,0.0254,0.882,0.3478,0.3768,-0.029,L2
3买,斐波全多头 + 价涨量缩,140,0.0378,0.0364,1.038,0.3857,0.3768,0.0089,L2
3买,斐波全多头 + MACD_DIF大于0,175,0.0427,0.0483,0.885,0.3486,0.3768,-0.0282,L2
3买,斐波全多头 + MACD金叉态,54,0.0168,0.0127,1.323,0.4444,0.3768,0.0676,L2
3买,斐波全多头 + MACD柱递增,118,0.021,0.0373,0.564,0.2542,0.3768,-0.1226,L2
3买,斐波全多头 + BOLL收上中轨,118,0.0294,0.0322,0.914,0.3559,0.3768,-0.0209,L2
3买,斐波全多头 + BOLL触下轨反弹,95,0.021,0.0275,0.763,0.3158,0.3768,-0.061,L2
3买,斐波全多头 + BOLL开口扩张,157,0.0364,0.0445,0.819,0.3312,0.3768,-0.0456,L2
3买,斐波全多头 + KDJ金叉态,109,0.0217,0.0331,0.657,0.2844,0.3768,-0.0924,L2
3买,斐波全多头 + KDJ_J超卖,139,0.0357,0.0373,0.958,0.3669,0.3768,-0.0099,L2
3买,斐波全多头 + RSI6大于50,121,0.0259,0.0356,0.728,0.3058,0.3768,-0.071,L2
3买,斐波全多头 + RSI金叉,103,0.0224,0.0301,0.745,0.3107,0.3768,-0.0661,L2
3买,斐波全多头 + RSI6超卖,78,0.0182,0.022,0.827,0.3333,0.3768,-0.0435,L2
3买,斐波全多头 + 威科夫得分大于4,151,0.0378,0.0411,0.921,0.3576,0.3768,-0.0192,L2
3买,斐波全多头 + 威科夫得分大于7,91,0.0224,0.025,0.897,0.3516,0.3768,-0.0252,L2
3买,斐波全多头 + 六脉红灯大于5,88,0.0168,0.0271,0.62,0.2727,0.3768,-0.1041,L2
3买,斐波全多头 + 六脉红灯大于6,67,0.0112,0.0216,0.519,0.2388,0.3768,-0.138,L2
3买,斐波全多头 + 六脉6红首发,67,0.0112,0.0216,0.519,0.2388,0.3768,-0.138,L2
3买,斐波全多头 + 六脉5红首发,88,0.0168,0.0271,0.62,0.2727,0.3768,-0.1041,L2
3买,斐波全多头 + 偏多共振,161,0.0392,0.0445,0.882,0.3478,0.3768,-0.029,L2
3买,斐波全多头 + 多头共振,161,0.0392,0.0445,0.882,0.3478,0.3768,-0.029,L2
3买,斐波全多头 + 中枢上穿中轴,85,0.0203,0.0237,0.856,0.3412,0.3768,-0.0356,L2
3买,斐波全多头 + 大盘多头,96,0.0203,0.0284,0.716,0.3021,0.3768,-0.0747,L2
3买,斐波全多头 + 大盘安全,116,0.0245,0.0343,0.715,0.3017,0.3768,-0.0751,L2
3买,斐波全多头 + SID等于1,96,0.0203,0.0284,0.716,0.3021,0.3768,-0.0747,L2
3买,斐波全多头 + SID等于2,116,0.0308,0.0305,1.011,0.3793,0.3768,0.0025,L2
3买,斐波全多头 + SID小于等于2,161,0.0413,0.0432,0.957,0.3665,0.3768,-0.0104,L2
3买,斐波全多头 + 大盘5日上涨,119,0.0245,0.0356,0.689,0.2941,0.3768,-0.0827,L2
3买,斐波全多头 + 相对强弱大于0,135,0.0329,0.0373,0.883,0.3481,0.3768,-0.0287,L2
3买,斐波全多头 + 相对强弱大于5,61,0.0175,0.0153,1.148,0.4098,0.3768,0.033,L2
3买,MA55上穿MA89 + 放量,59,0.0238,0.0106,2.249,0.5763,0.3768,0.1995,L2
3买,MA55上穿MA89 + 缩量,73,0.0259,0.0153,1.7,0.5068,0.3768,0.13,L2
3买,MA55上穿MA89 + 量比大于1,79,0.028,0.0165,1.696,0.5063,0.3768,0.1295,L2
3买,MA55上穿MA89 + 量比大于1_3,55,0.0217,0.0102,2.136,0.5636,0.3768,0.1868,L2
3买,MA55上穿MA89 + 价涨量缩,53,0.0196,0.0106,1.852,0.5283,0.3768,0.1515,L2
3买,MA55上穿MA89 + MACD柱递增,70,0.0266,0.0136,1.964,0.5429,0.3768,0.166,L2
3买,MA55上穿MA89 + BOLL触下轨反弹,55,0.0196,0.0114,1.715,0.5091,0.3768,0.1323,L2
3买,MA55上穿MA89 + BOLL开口扩张,79,0.0294,0.0157,1.877,0.5316,0.3768,0.1548,L2
3买,MA55上穿MA89 + KDJ金叉态,69,0.0259,0.0136,1.912,0.5362,0.3768,0.1594,L2
3买,MA55上穿MA89 + KDJ_J超卖,73,0.0294,0.0131,2.241,0.5753,0.3768,0.1985,L2
3买,MA55上穿MA89 + KDJ_D小于30,56,0.0224,0.0102,2.205,0.5714,0.3768,0.1946,L2
3买,MA55上穿MA89 + RSI金叉,61,0.0224,0.0123,1.825,0.5246,0.3768,0.1478,L2
3买,MA55上穿MA89 + RSI6超卖,63,0.028,0.0097,2.876,0.6349,0.3768,0.2581,L2
3买,MA55上穿MA89 + 中枢底部回升,57,0.0252,0.0089,2.835,0.6316,0.3768,0.2548,L2
3买,MA55上穿MA89 + SID等于2,65,0.0259,0.0119,2.185,0.5692,0.3768,0.1924,L2
3买,MA55上穿MA89 + SID小于等于2,79,0.0287,0.0161,1.784,0.519,0.3768,0.1422,L2
3买,MA55上穿MA89 + 大盘5日上涨,55,0.0133,0.0153,0.873,0.3455,0.3768,-0.0314,L2
3买,放量 + 缩量,2166,0.5795,0.5674,1.021,0.3818,0.3768,0.005,L2
3买,放量 + 量比大于1,2426,0.6727,0.6212,1.083,0.3957,0.3768,0.0189,L2
3买,放量 + 量比大于1_3,2083,0.5858,0.5284,1.109,0.4013,0.3768,0.0245,L2
3买,放量 + 量比大于2,895,0.2796,0.2102,1.33,0.4458,0.3768,0.069,L2
3买,放量 + 量能递增,1607,0.466,0.3992,1.168,0.4138,0.3768,0.037,L2
3买,放量 + 价涨量增,2034,0.569,0.5178,1.099,0.3992,0.3768,0.0224,L2
3买,放量 + 价涨量缩,1732,0.4758,0.4462,1.066,0.392,0.3768,0.0152,L2
3买,放量 + MACD_DIF大于0,695,0.1955,0.1763,1.109,0.4014,0.3768,0.0246,L2
3买,放量 + MACD金叉态,887,0.2025,0.2534,0.799,0.3258,0.3768,-0.051,L2
3买,放量 + MACD柱递增,2160,0.6062,0.5487,1.105,0.4005,0.3768,0.0236,L2
3买,放量 + MACD零轴上金叉,119,0.0322,0.0309,1.042,0.3866,0.3768,0.0097,L2
3买,放量 + MACD底背离,1277,0.2894,0.3661,0.791,0.3234,0.3768,-0.0534,L2
3买,放量 + BOLL收上中轨,1093,0.274,0.2975,0.921,0.3577,0.3768,-0.0191,L2
3买,放量 + BOLL突破上轨,185,0.0519,0.047,1.103,0.4,0.3768,0.0232,L2
3买,放量 + BOLL触下轨反弹,1612,0.4674,0.4004,1.167,0.4138,0.3768,0.037,L2
3买,放量 + BOLL开口扩张,2238,0.6419,0.5602,1.146,0.4093,0.3768,0.0325,L2
3买,放量 + KDJ金叉态,2149,0.6083,0.5428,1.121,0.4039,0.3768,0.0271,L2
3买,放量 + KDJ_J超卖,2187,0.6195,0.5521,1.122,0.4042,0.3768,0.0274,L2
3买,放量 + KDJ低位金叉,991,0.3146,0.2297,1.37,0.4531,0.3768,0.0763,L2
3买,放量 + KDJ_D小于30,1670,0.4905,0.411,1.193,0.4192,0.3768,0.0423,L2
3买,放量 + RSI6大于50,1556,0.4036,0.4153,0.972,0.3702,0.3768,-0.0066,L2
3买,放量 + RSI金叉,2017,0.5445,0.5254,1.036,0.3852,0.3768,0.0084,L2
3买,放量 + RSI6超卖,1874,0.5459,0.464,1.177,0.4157,0.3768,0.0389,L2
3买,放量 + RSI底背离,1005,0.232,0.2856,0.812,0.3294,0.3768,-0.0475,L2
3买,放量 + 威科夫得分大于4,624,0.1521,0.1725,0.882,0.3478,0.3768,-0.0291,L2
3买,放量 + 威科夫得分大于7,268,0.0624,0.0758,0.822,0.3321,0.3768,-0.0447,L2
3买,放量 + 积累阶段,1182,0.2838,0.3292,0.862,0.3426,0.3768,-0.0342,L2
3买,放量 + 黄金柱,183,0.042,0.0521,0.807,0.3279,0.3768,-0.0489,L2
3买,放量 + 量能金叉,600,0.1801,0.1453,1.239,0.4283,0.3768,0.0515,L2
3买,放量 + 六脉红灯大于5,1756,0.4646,0.4631,1.003,0.3776,0.3768,0.0007,L2
3买,放量 + 六脉红灯大于6,1342,0.3448,0.3602,0.957,0.3666,0.3768,-0.0102,L2
3买,放量 + 六脉6红首发,1342,0.3448,0.3602,0.957,0.3666,0.3768,-0.0102,L2
3买,放量 + 六脉5红首发,1756,0.4646,0.4631,1.003,0.3776,0.3768,0.0007,L2
3买,放量 + 偏多共振,438,0.1205,0.1127,1.069,0.3927,0.3768,0.0159,L2
3买,放量 + 多头共振,438,0.1205,0.1127,1.069,0.3927,0.3768,0.0159,L2
3买,放量 + 火箭信号,271,0.0904,0.0602,1.502,0.476,0.3768,0.0992,L2
3买,放量 + 极限抄底,123,0.054,0.0195,2.768,0.626,0.3768,0.2492,L2
3买,放量 + 中枢进机会区,998,0.302,0.2403,1.257,0.4319,0.3768,0.055,L2
3买,放量 + 中枢极限底,1073,0.3076,0.2686,1.145,0.4091,0.3768,0.0323,L2
3买,放量 + 中枢上穿中轴,639,0.1906,0.1555,1.226,0.4257,0.3768,0.0488,L2
3买,放量 + 中枢底部蓄力,1556,0.4156,0.4081,1.018,0.3811,0.3768,0.0043,L2
3买,放量 + 中枢底部回升,1920,0.5473,0.4826,1.134,0.4068,0.3768,0.03,L2
3买,放量 + 大盘多头,972,0.2165,0.2809,0.771,0.3179,0.3768,-0.0589,L2
3买,放量 + 大盘空头,842,0.2025,0.2343,0.864,0.3432,0.3768,-0.0336,L2
3买,放量 + 大盘安全,1380,0.3055,0.4,0.764,0.3159,0.3768,-0.0609,L2
3买,放量 + SID等于1,972,0.2165,0.2809,0.771,0.3179,0.3768,-0.0589,L2
3买,放量 + SID等于2,1676,0.4982,0.4089,1.219,0.4242,0.3768,0.0474,L2
3买,放量 + SID小于等于2,2032,0.5662,0.5186,1.092,0.3976,0.3768,0.0208,L2
3买,放量 + 大盘5日上涨,1622,0.3651,0.4665,0.783,0.3212,0.3768,-0.0556,L2
3买,放量 + 相对强弱大于0,1166,0.309,0.3072,1.006,0.3782,0.3768,0.0014,L2
3买,放量 + 相对强弱大于5,368,0.1079,0.0907,1.19,0.4185,0.3768,0.0417,L2
3买,放量 + 量比>=1.3,607,0.2025,0.1347,1.503,0.4761,0.3768,0.0993,L2
3买,放量 + 量比>=2,142,0.054,0.0275,1.959,0.5423,0.3768,0.1654,L2
3买,放量 + 距前高<=10%,275,0.0652,0.0771,0.845,0.3382,0.3768,-0.0386,L2
3买,放量 + 深跌(距前高>40%),109,0.0301,0.028,1.077,0.3945,0.3768,0.0177,L2
3买,放量 + 距前低<=10%,1494,0.3847,0.4004,0.961,0.3675,0.3768,-0.0093,L2
3买,放量 + 相对强弱>=0,248,0.0631,0.0669,0.942,0.3629,0.3768,-0.0139,L2
3买,缩量 + 量比大于1,3097,0.8003,0.8284,0.966,0.3687,0.3768,-0.0081,L2
3买,缩量 + 量比大于1_3,2110,0.5606,0.5551,1.01,0.3791,0.3768,0.0023,L2
3买,缩量 + 量比大于2,755,0.2278,0.1822,1.25,0.4305,0.3768,0.0536,L2
3买,缩量 + 量能递增,1536,0.4261,0.3932,1.084,0.3958,0.3768,0.019,L2
3买,缩量 + 价涨量增,1766,0.4744,0.4614,1.028,0.3834,0.3768,0.0065,L2
3买,缩量 + 价涨量缩,2779,0.7134,0.7462,0.956,0.3663,0.3768,-0.0105,L2
3买,缩量 + MACD_DIF大于0,1014,0.267,0.2682,0.995,0.3757,0.3768,-0.0011,L2
3买,缩量 + MACD金叉态,919,0.1997,0.2686,0.743,0.3101,0.3768,-0.0667,L2
3买,缩量 + MACD柱递增,3089,0.7884,0.8322,0.947,0.3642,0.3768,-0.0126,L2
3买,缩量 + MACD零轴上金叉,105,0.0266,0.0284,0.938,0.3619,0.3768,-0.0149,L2
3买,缩量 + MACD底背离,1810,0.3903,0.5309,0.735,0.3077,0.3768,-0.0691,L2
3买,缩量 + BOLL收上中轨,1062,0.2586,0.2936,0.881,0.3475,0.3768,-0.0294,L2
3买,缩量 + BOLL突破上轨,159,0.0427,0.0415,1.029,0.3836,0.3768,0.0068,L2
3买,缩量 + BOLL触下轨反弹,2089,0.5529,0.5508,1.004,0.3777,0.3768,0.0009,L2
3买,缩量 + BOLL开口扩张,3172,0.8297,0.8424,0.985,0.3733,0.3768,-0.0035,L2
3买,缩量 + KDJ金叉态,2917,0.7603,0.7763,0.979,0.372,0.3768,-0.0049,L2
3买,缩量 + KDJ_J超卖,3185,0.8311,0.847,0.981,0.3724,0.3768,-0.0044,L2
3买,缩量 + KDJ低位金叉,1591,0.4345,0.4114,1.056,0.3897,0.3768,0.0129,L2
3买,缩量 + KDJ_D小于30,2583,0.6776,0.6847,0.99,0.3744,0.3768,-0.0024,L2
3买,缩量 + RSI6大于50,1719,0.4247,0.4716,0.9,0.3525,0.3768,-0.0243,L2
3买,缩量 + RSI金叉,2470,0.6293,0.6661,0.945,0.3636,0.3768,-0.0133,L2
3买,缩量 + RSI6超卖,2706,0.719,0.7119,1.01,0.3792,0.3768,0.0023,L2
3买,缩量 + RSI底背离,1417,0.3076,0.4144,0.742,0.3098,0.3768,-0.067,L2
3买,缩量 + 威科夫得分大于4,707,0.178,0.1919,0.927,0.3593,0.3768,-0.0176,L2
3买,缩量 + 威科夫得分大于7,272,0.0652,0.0758,0.859,0.3419,0.3768,-0.0349,L2
3买,缩量 + 积累阶段,1662,0.3896,0.4686,0.831,0.3345,0.3768,-0.0423,L2
3买,缩量 + 黄金柱,170,0.0357,0.0504,0.709,0.3,0.3768,-0.0768,L2
3买,缩量 + 量能金叉,467,0.1303,0.1191,1.095,0.3983,0.3768,0.0215,L2
3买,缩量 + 六脉红灯大于5,2134,0.5305,0.5835,0.909,0.3547,0.3768,-0.0221,L2
3买,缩量 + 六脉红灯大于6,1393,0.3406,0.3843,0.886,0.3489,0.3768,-0.0279,L2
3买,缩量 + 六脉6红首发,1393,0.3406,0.3843,0.886,0.3489,0.3768,-0.0279,L2
3买,缩量 + 六脉5红首发,2134,0.5305,0.5835,0.909,0.3547,0.3768,-0.0221,L2
3买,缩量 + 偏多共振,675,0.171,0.1826,0.936,0.3615,0.3768,-0.0153,L2
3买,缩量 + 多头共振,673,0.171,0.1818,0.941,0.3626,0.3768,-0.0143,L2
3买,缩量 + 火箭信号,227,0.0694,0.0542,1.279,0.4361,0.3768,0.0593,L2
3买,缩量 + 极限抄底,158,0.0575,0.0322,1.784,0.519,0.3768,0.1422,L2
3买,缩量 + 中枢进机会区,1405,0.3917,0.3585,1.093,0.3979,0.3768,0.021,L2
3买,缩量 + 中枢极限底,1479,0.3959,0.3873,1.022,0.382,0.3768,0.0052,L2
3买,缩量 + 中枢上穿中轴,606,0.1647,0.1572,1.048,0.3878,0.3768,0.011,L2
3买,缩量 + 中枢底部蓄力,2270,0.5564,0.6254,0.89,0.3498,0.3768,-0.027,L2
3买,缩量 + 中枢底部回升,2682,0.7036,0.711,0.99,0.3743,0.3768,-0.0025,L2
3买,缩量 + 大盘多头,1540,0.328,0.4542,0.722,0.3039,0.3768,-0.0729,L2
3买,缩量 + 大盘空头,1140,0.2719,0.3186,0.853,0.3404,0.3768,-0.0365,L2
3买,缩量 + 大盘安全,2066,0.4331,0.6136,0.706,0.2991,0.3768,-0.0777,L2
3买,缩量 + SID等于1,1540,0.328,0.4542,0.722,0.3039,0.3768,-0.0729,L2
3买,缩量 + SID等于2,2431,0.6496,0.6373,1.019,0.3813,0.3768,0.0045,L2
3买,缩量 + SID小于等于2,2945,0.7414,0.7996,0.927,0.3593,0.3768,-0.0176,L2
3买,缩量 + 大盘5日上涨,2423,0.5249,0.7093,0.74,0.3091,0.3768,-0.0677,L2
3买,缩量 + 相对强弱大于0,1290,0.335,0.3441,0.974,0.3705,0.3768,-0.0063,L2
3买,缩量 + 相对强弱大于5,325,0.0953,0.0801,1.19,0.4185,0.3768,0.0416,L2
3买,缩量 + 量比>=1.3,532,0.1689,0.1233,1.37,0.453,0.3768,0.0762,L2
3买,缩量 + 量比>=2,107,0.0357,0.0237,1.506,0.4766,0.3768,0.0998,L2
3买,缩量 + 距前高<=10%,301,0.0715,0.0843,0.848,0.3389,0.3768,-0.0379,L2
3买,缩量 + 深跌(距前高>40%),173,0.0413,0.0483,0.856,0.341,0.3768,-0.0358,L2
3买,缩量 + 距前低<=10%,2048,0.5109,0.5589,0.914,0.356,0.3768,-0.0209,L2
3买,缩量 + 相对强弱>=0,278,0.0652,0.0784,0.831,0.3345,0.3768,-0.0423,L2
3买,量比大于1 + 量比大于1_3,2382,0.6552,0.6131,1.069,0.3925,0.3768,0.0157,L2
3买,量比大于1 + 量比大于2,907,0.2852,0.2119,1.346,0.4487,0.3768,0.0719,L2
3买,量比大于1 + 量能递增,1652,0.4751,0.4127,1.151,0.4104,0.3768,0.0336,L2
3买,量比大于1 + 价涨量增,2024,0.5641,0.5165,1.092,0.3977,0.3768,0.0209,L2
3买,量比大于1 + 价涨量缩,2521,0.6657,0.6657,1.0,0.3768,0.3768,0.0,L2
3买,量比大于1 + MACD_DIF大于0,951,0.2537,0.2496,1.016,0.3807,0.3768,0.0038,L2
3买,量比大于1 + MACD金叉态,982,0.2186,0.2839,0.77,0.3177,0.3768,-0.0591,L2
3买,量比大于1 + MACD柱递增,3017,0.8045,0.7919,1.016,0.3805,0.3768,0.0037,L2
3买,量比大于1 + MACD零轴上金叉,122,0.0322,0.0322,1.001,0.377,0.3768,0.0002,L2
3买,量比大于1 + MACD底背离,1748,0.3854,0.5076,0.759,0.3146,0.3768,-0.0622,L2
3买,量比大于1 + BOLL收上中轨,1184,0.2992,0.3208,0.933,0.3606,0.3768,-0.0162,L2
3买,量比大于1 + BOLL突破上轨,185,0.0519,0.047,1.103,0.4,0.3768,0.0232,L2
3买,量比大于1 + BOLL触下轨反弹,2094,0.5802,0.5364,1.082,0.3954,0.3768,0.0186,L2
3买,量比大于1 + BOLL开口扩张,3084,0.8423,0.7975,1.056,0.3898,0.3768,0.0129,L2
3买,量比大于1 + KDJ金叉态,2956,0.8038,0.7665,1.049,0.388,0.3768,0.0112,L2
3买,量比大于1 + KDJ_J超卖,3061,0.8283,0.7962,1.04,0.3861,0.3768,0.0093,L2
3买,量比大于1 + KDJ低位金叉,1563,0.4548,0.3873,1.174,0.4152,0.3768,0.0384,L2
3买,量比大于1 + KDJ_D小于30,2466,0.6819,0.6326,1.078,0.3946,0.3768,0.0178,L2
3买,量比大于1 + RSI6大于50,1862,0.4744,0.5021,0.945,0.3636,0.3768,-0.0132,L2
3买,量比大于1 + RSI金叉,2583,0.6804,0.6831,0.996,0.3759,0.3768,-0.0009,L2
3买,量比大于1 + RSI6超卖,2642,0.733,0.6763,1.084,0.3959,0.3768,0.0191,L2
3买,量比大于1 + RSI底背离,1354,0.3013,0.3915,0.77,0.3176,0.3768,-0.0592,L2
3买,量比大于1 + 威科夫得分大于4,708,0.1724,0.1958,0.881,0.3475,0.3768,-0.0294,L2
3买,量比大于1 + 威科夫得分大于7,281,0.0652,0.0797,0.818,0.331,0.3768,-0.0459,L2
3买,量比大于1 + 积累阶段,1605,0.3763,0.4525,0.832,0.3346,0.3768,-0.0422,L2
3买,量比大于1 + 黄金柱,189,0.0427,0.0542,0.788,0.3228,0.3768,-0.0541,L2
3买,量比大于1 + 量能金叉,610,0.1808,0.1492,1.212,0.423,0.3768,0.0461,L2
3买,量比大于1 + 六脉红灯大于5,2255,0.5809,0.6042,0.961,0.3676,0.3768,-0.0092,L2
3买,量比大于1 + 六脉红灯大于6,1544,0.3945,0.4157,0.949,0.3646,0.3768,-0.0122,L2
3买,量比大于1 + 六脉6红首发,1544,0.3945,0.4157,0.949,0.3646,0.3768,-0.0122,L2
3买,量比大于1 + 六脉5红首发,2255,0.5809,0.6042,0.961,0.3676,0.3768,-0.0092,L2
3买,量比大于1 + 偏多共振,606,0.1535,0.164,0.936,0.3614,0.3768,-0.0154,L2
3买,量比大于1 + 多头共振,605,0.1535,0.1636,0.938,0.362,0.3768,-0.0148,L2
3买,量比大于1 + 火箭信号,277,0.0911,0.0623,1.463,0.4693,0.3768,0.0925,L2
3买,量比大于1 + 极限抄底,166,0.0659,0.0305,2.159,0.5663,0.3768,0.1894,L2
3买,量比大于1 + 中枢进机会区,1343,0.3875,0.3347,1.158,0.4118,0.3768,0.0349,L2
3买,量比大于1 + 中枢极限底,1459,0.4071,0.372,1.094,0.3982,0.3768,0.0214,L2
3买,量比大于1 + 中枢上穿中轴,699,0.2025,0.1737,1.166,0.4134,0.3768,0.0366,L2
3买,量比大于1 + 中枢底部蓄力,2199,0.5662,0.5894,0.961,0.3674,0.3768,-0.0094,L2
3买,量比大于1 + 中枢底部回升,2627,0.7197,0.678,1.062,0.3909,0.3768,0.0141,L2
3买,量比大于1 + 大盘多头,1413,0.3048,0.4144,0.736,0.3079,0.3768,-0.069,L2
3买,量比大于1 + 大盘空头,1096,0.2642,0.3047,0.867,0.344,0.3768,-0.0328,L2
3买,量比大于1 + 大盘安全,1932,0.417,0.5665,0.736,0.308,0.3768,-0.0688,L2
3买,量比大于1 + SID等于1,1413,0.3048,0.4144,0.736,0.3079,0.3768,-0.069,L2
3买,量比大于1 + SID等于2,2350,0.6636,0.5945,1.116,0.403,0.3768,0.0262,L2
3买,量比大于1 + SID小于等于2,2836,0.7491,0.7487,1.001,0.3769,0.3768,0.0001,L2
3买,量比大于1 + 大盘5日上涨,2277,0.5011,0.6619,0.757,0.314,0.3768,-0.0628,L2
3买,量比大于1 + 相对强弱大于0,1355,0.3553,0.3593,0.989,0.3742,0.3768,-0.0026,L2
3买,量比大于1 + 相对强弱大于5,377,0.1114,0.0924,1.206,0.4218,0.3768,0.0449,L2
3买,量比大于1 + 量比>=1.3,674,0.2263,0.1487,1.522,0.4792,0.3768,0.1024,L2
3买,量比大于1 + 量比>=2,144,0.0547,0.028,1.955,0.5417,0.3768,0.1649,L2
3买,量比大于1 + 距前高<=10%,316,0.0729,0.0898,0.811,0.3291,0.3768,-0.0477,L2
3买,量比大于1 + 深跌(距前高>40%),171,0.0448,0.0453,0.989,0.3743,0.3768,-0.0025,L2
3买,量比大于1 + 距前低<=10%,2007,0.5074,0.5436,0.933,0.3607,0.3768,-0.0161,L2
3买,量比大于1 + 相对强弱>=0,296,0.0715,0.0822,0.87,0.3446,0.3768,-0.0322,L2
3买,量比大于1_3 + 量比大于2,907,0.2852,0.2119,1.346,0.4487,0.3768,0.0719,L2
3买,量比大于1_3 + 量能递增,1362,0.4043,0.3326,1.216,0.4236,0.3768,0.0468,L2
3买,量比大于1_3 + 价涨量增,1803,0.5088,0.4564,1.115,0.4027,0.3768,0.0258,L2
3买,量比大于1_3 + 价涨量缩,1653,0.4527,0.4267,1.061,0.3908,0.3768,0.014,L2
3买,量比大于1_3 + MACD_DIF大于0,661,0.1836,0.1691,1.086,0.3964,0.3768,0.0196,L2
3买,量比大于1_3 + MACD金叉态,795,0.1829,0.2263,0.808,0.3283,0.3768,-0.0485,L2
3买,量比大于1_3 + MACD柱递增,2158,0.6006,0.5513,1.089,0.3971,0.3768,0.0203,L2
3买,量比大于1_3 + MACD零轴上金叉,112,0.0308,0.0288,1.07,0.3929,0.3768,0.016,L2
3买,量比大于1_3 + MACD底背离,1229,0.2796,0.3517,0.795,0.3247,0.3768,-0.0522,L2
3买,量比大于1_3 + BOLL收上中轨,1030,0.2579,0.2805,0.919,0.3573,0.3768,-0.0195,L2
3买,量比大于1_3 + BOLL突破上轨,182,0.0519,0.0458,1.133,0.4066,0.3768,0.0298,L2
3买,量比大于1_3 + BOLL触下轨反弹,1492,0.4422,0.3648,1.212,0.4229,0.3768,0.0461,L2
3买,量比大于1_3 + BOLL开口扩张,2180,0.623,0.547,1.139,0.4078,0.3768,0.031,L2
3买,量比大于1_3 + KDJ金叉态,2177,0.609,0.5542,1.099,0.3992,0.3768,0.0224,L2
3买,量比大于1_3 + KDJ_J超卖,2138,0.6013,0.5424,1.109,0.4013,0.3768,0.0245,L2
3买,量比大于1_3 + KDJ低位金叉,1069,0.3259,0.2559,1.273,0.435,0.3768,0.0582,L2
3买,量比大于1_3 + KDJ_D小于30,1713,0.4947,0.4267,1.159,0.4121,0.3768,0.0353,L2
3买,量比大于1_3 + RSI6大于50,1512,0.3931,0.403,0.976,0.371,0.3768,-0.0058,L2
3买,量比大于1_3 + RSI金叉,1981,0.5347,0.5161,1.036,0.3852,0.3768,0.0083,L2
3买,量比大于1_3 + RSI6超卖,1851,0.5396,0.4581,1.178,0.416,0.3768,0.0392,L2
3买,量比大于1_3 + RSI底背离,940,0.2123,0.2699,0.787,0.3223,0.3768,-0.0545,L2
3买,量比大于1_3 + 威科夫得分大于4,552,0.1367,0.1513,0.903,0.3533,0.3768,-0.0236,L2
3买,量比大于1_3 + 威科夫得分大于7,228,0.0554,0.0631,0.877,0.3465,0.3768,-0.0303,L2
3买,量比大于1_3 + 积累阶段,1106,0.2635,0.3093,0.852,0.34,0.3768,-0.0369,L2
3买,量比大于1_3 + 黄金柱,186,0.0406,0.0542,0.749,0.3118,0.3768,-0.065,L2
3买,量比大于1_3 + 量能金叉,583,0.1745,0.1415,1.233,0.4271,0.3768,0.0503,L2
3买,量比大于1_3 + 六脉红灯大于5,1749,0.459,0.4636,0.99,0.3745,0.3768,-0.0023,L2
3买,量比大于1_3 + 六脉红灯大于6,1309,0.3413,0.3483,0.98,0.372,0.3768,-0.0048,L2
3买,量比大于1_3 + 六脉6红首发,1309,0.3413,0.3483,0.98,0.372,0.3768,-0.0048,L2
3买,量比大于1_3 + 六脉5红首发,1749,0.459,0.4636,0.99,0.3745,0.3768,-0.0023,L2
3买,量比大于1_3 + 偏多共振,425,0.11,0.1136,0.969,0.3694,0.3768,-0.0074,L2
3买,量比大于1_3 + 多头共振,425,0.11,0.1136,0.969,0.3694,0.3768,-0.0074,L2
3买,量比大于1_3 + 火箭信号,271,0.0897,0.0606,1.48,0.4723,0.3768,0.0955,L2
3买,量比大于1_3 + 极限抄底,138,0.0596,0.0225,2.652,0.6159,0.3768,0.2391,L2
3买,量比大于1_3 + 中枢进机会区,932,0.2845,0.2229,1.277,0.4356,0.3768,0.0588,L2
3买,量比大于1_3 + 中枢极限底,1059,0.3097,0.2614,1.185,0.4174,0.3768,0.0406,L2
3买,量比大于1_3 + 中枢上穿中轴,608,0.1794,0.1492,1.203,0.4211,0.3768,0.0442,L2
3买,量比大于1_3 + 中枢底部蓄力,1536,0.4128,0.4013,1.029,0.3835,0.3768,0.0066,L2
3买,量比大于1_3 + 中枢底部回升,1856,0.5284,0.4669,1.132,0.4062,0.3768,0.0294,L2
3买,量比大于1_3 + 大盘多头,950,0.2032,0.2797,0.727,0.3053,0.3768,-0.0716,L2
3买,量比大于1_3 + 大盘空头,781,0.1857,0.2186,0.849,0.3393,0.3768,-0.0375,L2
3买,量比大于1_3 + 大盘安全,1311,0.2831,0.3843,0.737,0.3082,0.3768,-0.0687,L2
3买,量比大于1_3 + SID等于1,950,0.2032,0.2797,0.727,0.3053,0.3768,-0.0716,L2
3买,量比大于1_3 + SID等于2,1645,0.4898,0.4008,1.222,0.4249,0.3768,0.0481,L2
3买,量比大于1_3 + SID小于等于2,1986,0.5487,0.5097,1.076,0.3943,0.3768,0.0174,L2
3买,量比大于1_3 + 大盘5日上涨,1549,0.3392,0.4513,0.752,0.3125,0.3768,-0.0644,L2
3买,量比大于1_3 + 相对强弱大于0,1095,0.2887,0.2894,0.998,0.3763,0.3768,-0.0006,L2
3买,量比大于1_3 + 相对强弱大于5,345,0.103,0.0839,1.228,0.4261,0.3768,0.0493,L2
3买,量比大于1_3 + 量比>=1.3,674,0.2263,0.1487,1.522,0.4792,0.3768,0.1024,L2
3买,量比大于1_3 + 量比>=2,144,0.0547,0.028,1.955,0.5417,0.3768,0.1649,L2
3买,量比大于1_3 + 距前高<=10%,227,0.0526,0.0644,0.816,0.3304,0.3768,-0.0464,L2
3买,量比大于1_3 + 深跌(距前高>40%),120,0.0336,0.0305,1.103,0.4,0.3768,0.0232,L2
3买,量比大于1_3 + 距前低<=10%,1392,0.3574,0.3737,0.956,0.3664,0.3768,-0.0104,L2
3买,量比大于1_3 + 相对强弱>=0,222,0.0533,0.0619,0.861,0.3423,0.3768,-0.0345,L2
3买,量比大于2 + 量能递增,701,0.2242,0.1614,1.389,0.4565,0.3768,0.0797,L2
3买,量比大于2 + 价涨量增,840,0.2579,0.2,1.289,0.4381,0.3768,0.0613,L2
3买,量比大于2 + 价涨量缩,561,0.178,0.1301,1.368,0.4528,0.3768,0.0759,L2
3买,量比大于2 + MACD_DIF大于0,273,0.0806,0.0669,1.204,0.4212,0.3768,0.0444,L2
3买,量比大于2 + MACD金叉态,408,0.1009,0.1119,0.902,0.3529,0.3768,-0.0239,L2
3买,量比大于2 + MACD柱递增,831,0.2642,0.1924,1.373,0.4537,0.3768,0.0769,L2
3买,量比大于2 + MACD零轴上金叉,83,0.0217,0.022,0.986,0.3735,0.3768,-0.0033,L2
3买,量比大于2 + MACD底背离,443,0.1142,0.1186,0.963,0.3679,0.3768,-0.0089,L2
3买,量比大于2 + BOLL收上中轨,543,0.1444,0.1428,1.011,0.3794,0.3768,0.0026,L2
3买,量比大于2 + BOLL突破上轨,154,0.0413,0.0403,1.027,0.3831,0.3768,0.0063,L2
3买,量比大于2 + BOLL触下轨反弹,580,0.1969,0.1267,1.554,0.4845,0.3768,0.1077,L2
3买,量比大于2 + BOLL开口扩张,844,0.2733,0.1924,1.421,0.4621,0.3768,0.0853,L2
3买,量比大于2 + KDJ金叉态,858,0.274,0.1979,1.385,0.4557,0.3768,0.0789,L2
3买,量比大于2 + KDJ_J超卖,811,0.2579,0.1877,1.374,0.4538,0.3768,0.0769,L2
3买,量比大于2 + KDJ低位金叉,376,0.1409,0.0742,1.9,0.5346,0.3768,0.1578,L2
3买,量比大于2 + KDJ_D小于30,651,0.2186,0.1436,1.522,0.4793,0.3768,0.1024,L2
3买,量比大于2 + RSI6大于50,664,0.1836,0.1703,1.078,0.3946,0.3768,0.0178,L2
3买,量比大于2 + RSI金叉,805,0.2432,0.1941,1.253,0.4311,0.3768,0.0542,L2
3买,量比大于2 + RSI6超卖,706,0.2376,0.1555,1.528,0.4802,0.3768,0.1034,L2
3买,量比大于2 + RSI底背离,327,0.0813,0.0894,0.909,0.3547,0.3768,-0.0221,L2
3买,量比大于2 + 威科夫得分大于4,273,0.0701,0.0733,0.956,0.3663,0.3768,-0.0105,L2
3买,量比大于2 + 威科夫得分大于7,130,0.0308,0.0364,0.846,0.3385,0.3768,-0.0384,L2
3买,量比大于2 + 积累阶段,411,0.1058,0.1102,0.96,0.3674,0.3768,-0.0094,L2
3买,量比大于2 + 黄金柱,133,0.028,0.0394,0.711,0.3008,0.3768,-0.0761,L2
3买,量比大于2 + 量能金叉,382,0.1268,0.0852,1.489,0.4738,0.3768,0.097,L2
3买,量比大于2 + 六脉红灯大于5,732,0.213,0.1814,1.175,0.4153,0.3768,0.0385,L2
3买,量比大于2 + 六脉红灯大于6,617,0.1654,0.1614,1.024,0.3825,0.3768,0.0057,L2
3买,量比大于2 + 六脉6红首发,617,0.1654,0.1614,1.024,0.3825,0.3768,0.0057,L2
3买,量比大于2 + 六脉5红首发,732,0.213,0.1814,1.175,0.4153,0.3768,0.0385,L2
3买,量比大于2 + 偏多共振,170,0.0413,0.047,0.879,0.3471,0.3768,-0.0298,L2
3买,量比大于2 + 多头共振,170,0.0413,0.047,0.879,0.3471,0.3768,-0.0298,L2
3买,量比大于2 + 火箭信号,199,0.0645,0.0453,1.422,0.4623,0.3768,0.0855,L2
3买,量比大于2 + 极限抄底,75,0.0343,0.011,3.117,0.6533,0.3768,0.2765,L2
3买,量比大于2 + 中枢进机会区,361,0.1268,0.0763,1.663,0.5014,0.3768,0.1246,L2
3买,量比大于2 + 中枢极限底,410,0.1437,0.0869,1.654,0.5,0.3768,0.1232,L2
3买,量比大于2 + 中枢上穿中轴,352,0.1051,0.0856,1.228,0.4261,0.3768,0.0493,L2
3买,量比大于2 + 中枢底部蓄力,578,0.1843,0.1335,1.381,0.455,0.3768,0.0782,L2
3买,量比大于2 + 中枢底部回升,712,0.2355,0.1593,1.478,0.4719,0.3768,0.0951,L2
3买,量比大于2 + 大盘多头,354,0.0799,0.1017,0.786,0.322,0.3768,-0.0548,L2
3买,量比大于2 + 大盘空头,254,0.0673,0.0669,1.005,0.378,0.3768,0.0011,L2
3买,量比大于2 + 大盘安全,482,0.1107,0.1373,0.806,0.3278,0.3768,-0.049,L2
3买,量比大于2 + SID等于1,354,0.0799,0.1017,0.786,0.322,0.3768,-0.0548,L2
3买,量比大于2 + SID等于2,633,0.22,0.1352,1.628,0.4961,0.3768,0.1192,L2
3买,量比大于2 + SID小于等于2,770,0.246,0.1775,1.385,0.4558,0.3768,0.079,L2
3买,量比大于2 + 大盘5日上涨,545,0.1261,0.1547,0.816,0.3303,0.3768,-0.0465,L2
3买,量比大于2 + 相对强弱大于0,521,0.1479,0.1314,1.126,0.405,0.3768,0.0282,L2
3买,量比大于2 + 相对强弱大于5,249,0.0757,0.0597,1.267,0.4337,0.3768,0.0569,L2
3买,量比大于2 + 量比>=1.3,347,0.1331,0.0665,2.001,0.5476,0.3768,0.1707,L2
3买,量比大于2 + 量比>=2,144,0.0547,0.028,1.955,0.5417,0.3768,0.1649,L2
3买,量比大于2 + 距前高<=10%,91,0.0238,0.0242,0.986,0.3736,0.3768,-0.0032,L2
3买,量比大于2 + 距前低<=10%,513,0.15,0.1267,1.184,0.4172,0.3768,0.0403,L2
3买,量比大于2 + 相对强弱>=0,91,0.0273,0.022,1.24,0.4286,0.3768,0.0518,L2
3买,量能递增 + 价涨量增,1385,0.4071,0.3407,1.195,0.4195,0.3768,0.0427,L2
3买,量能递增 + 价涨量缩,1290,0.3672,0.3246,1.131,0.4062,0.3768,0.0294,L2
3买,量能递增 + MACD_DIF大于0,563,0.1675,0.1373,1.22,0.4245,0.3768,0.0477,L2
3买,量能递增 + MACD金叉态,708,0.1752,0.1941,0.903,0.3531,0.3768,-0.0237,L2
3买,量能递增 + MACD柱递增,1555,0.4492,0.3873,1.16,0.4122,0.3768,0.0354,L2
3买,量能递增 + MACD零轴上金叉,109,0.028,0.0292,0.959,0.367,0.3768,-0.0098,L2
3买,量能递增 + MACD底背离,924,0.2179,0.2597,0.839,0.3366,0.3768,-0.0402,L2
3买,量能递增 + BOLL收上中轨,846,0.2292,0.2199,1.042,0.3865,0.3768,0.0097,L2
3买,量能递增 + BOLL突破上轨,168,0.047,0.0428,1.097,0.3988,0.3768,0.022,L2
3买,量能递增 + BOLL触下轨反弹,1250,0.3679,0.3072,1.198,0.42,0.3768,0.0432,L2
3买,量能递增 + BOLL开口扩张,1678,0.4919,0.4136,1.19,0.4184,0.3768,0.0415,L2
3买,量能递增 + KDJ金叉态,1483,0.4373,0.364,1.201,0.4208,0.3768,0.044,L2
3买,量能递增 + KDJ_J超卖,1614,0.4702,0.3996,1.177,0.4157,0.3768,0.0389,L2
3买,量能递增 + KDJ低位金叉,627,0.2109,0.1381,1.527,0.4801,0.3768,0.1032,L2
3买,量能递增 + KDJ_D小于30,1145,0.3504,0.2733,1.282,0.4367,0.3768,0.0599,L2
3买,量能递增 + RSI6大于50,1107,0.2985,0.2886,1.035,0.3848,0.3768,0.008,L2
3买,量能递增 + RSI金叉,1428,0.4022,0.3619,1.112,0.402,0.3768,0.0251,L2
3买,量能递增 + RSI6超卖,1356,0.41,0.3267,1.255,0.4314,0.3768,0.0546,L2
3买,量能递增 + RSI底背离,760,0.1808,0.2127,0.85,0.3395,0.3768,-0.0373,L2
3买,量能递增 + 威科夫得分大于4,557,0.1444,0.1487,0.971,0.3698,0.3768,-0.007,L2
3买,量能递增 + 威科夫得分大于7,265,0.0631,0.0742,0.851,0.3396,0.3768,-0.0372,L2
3买,量能递增 + 积累阶段,825,0.2046,0.2258,0.906,0.3539,0.3768,-0.0229,L2
3买,量能递增 + 黄金柱,129,0.028,0.0377,0.743,0.3101,0.3768,-0.0667,L2
3买,量能递增 + 量能金叉,533,0.1661,0.1254,1.324,0.4447,0.3768,0.0678,L2
3买,量能递增 + 六脉红灯大于5,1208,0.3378,0.3076,1.098,0.399,0.3768,0.0222,L2
3买,量能递增 + 六脉红灯大于6,949,0.2516,0.25,1.006,0.3783,0.3768,0.0015,L2
3买,量能递增 + 六脉6红首发,949,0.2516,0.25,1.006,0.3783,0.3768,0.0015,L2
3买,量能递增 + 六脉5红首发,1208,0.3378,0.3076,1.098,0.399,0.3768,0.0222,L2
3买,量能递增 + 偏多共振,348,0.0995,0.0873,1.14,0.408,0.3768,0.0312,L2
3买,量能递增 + 多头共振,348,0.0995,0.0873,1.14,0.408,0.3768,0.0312,L2
3买,量能递增 + 火箭信号,221,0.0764,0.0475,1.61,0.4932,0.3768,0.1164,L2
3买,量能递增 + 极限抄底,101,0.0434,0.0165,2.629,0.6139,0.3768,0.237,L2
3买,量能递增 + 中枢进机会区,806,0.2341,0.2,1.17,0.4144,0.3768,0.0376,L2
3买,量能递增 + 中枢极限底,797,0.2313,0.1979,1.169,0.4141,0.3768,0.0372,L2
3买,量能递增 + 中枢上穿中轴,517,0.1605,0.122,1.315,0.4429,0.3768,0.0661,L2
3买,量能递增 + 中枢底部蓄力,1128,0.3111,0.2898,1.074,0.3936,0.3768,0.0168,L2
3买,量能递增 + 中枢底部回升,1434,0.4149,0.3568,1.163,0.4128,0.3768,0.036,L2
3买,量能递增 + 大盘多头,691,0.1535,0.2,0.767,0.3169,0.3768,-0.0599,L2
3买,量能递增 + 大盘空头,625,0.1577,0.1695,0.93,0.36,0.3768,-0.0168,L2
3买,量能递增 + 大盘安全,997,0.2306,0.2831,0.815,0.33,0.3768,-0.0468,L2
3买,量能递增 + SID等于1,691,0.1535,0.2,0.767,0.3169,0.3768,-0.0599,L2
3买,量能递增 + SID等于2,1224,0.3861,0.2852,1.354,0.4502,0.3768,0.0733,L2
3买,量能递增 + SID小于等于2,1496,0.4373,0.3695,1.183,0.4171,0.3768,0.0403,L2
3买,量能递增 + 大盘5日上涨,1179,0.2789,0.3309,0.843,0.3376,0.3768,-0.0392,L2
3买,量能递增 + 相对强弱大于0,903,0.2544,0.2288,1.112,0.402,0.3768,0.0252,L2
3买,量能递增 + 相对强弱大于5,341,0.1058,0.0805,1.314,0.4428,0.3768,0.066,L2
3买,量能递增 + 量比>=1.3,472,0.1612,0.1025,1.572,0.4873,0.3768,0.1105,L2
3买,量能递增 + 量比>=2,124,0.047,0.0242,1.944,0.5403,0.3768,0.1635,L2
3买,量能递增 + 距前高<=10%,219,0.0561,0.0589,0.952,0.3653,0.3768,-0.0115,L2
3买,量能递增 + 深跌(距前高>40%),77,0.0245,0.0178,1.378,0.4545,0.3768,0.0777,L2
3买,量能递增 + 距前低<=10%,1110,0.2992,0.2894,1.034,0.3847,0.3768,0.0079,L2
3买,量能递增 + 相对强弱>=0,220,0.0603,0.0568,1.061,0.3909,0.3768,0.0141,L2
3买,价涨量增 + 价涨量缩,1337,0.3686,0.3436,1.073,0.3934,0.3768,0.0166,L2
3买,价涨量增 + MACD_DIF大于0,560,0.157,0.1424,1.103,0.4,0.3768,0.0232,L2
3买,价涨量增 + MACD金叉态,812,0.1864,0.2314,0.806,0.3276,0.3768,-0.0492,L2
3买,价涨量增 + MACD柱递增,1864,0.5256,0.472,1.113,0.4024,0.3768,0.0255,L2
3买,价涨量增 + MACD零轴上金叉,117,0.0308,0.0309,0.997,0.3761,0.3768,-0.0007,L2
3买,价涨量增 + MACD底背离,1063,0.2481,0.3004,0.826,0.333,0.3768,-0.0438,L2
3买,价涨量增 + BOLL收上中轨,1033,0.2586,0.2814,0.919,0.3572,0.3768,-0.0196,L2
3买,价涨量增 + BOLL突破上轨,184,0.0512,0.047,1.088,0.3967,0.3768,0.0199,L2
3买,价涨量增 + BOLL触下轨反弹,1314,0.3889,0.3216,1.209,0.4224,0.3768,0.0456,L2
3买,价涨量增 + BOLL开口扩张,1849,0.5347,0.4602,1.162,0.4127,0.3768,0.0358,L2
3买,价涨量增 + KDJ金叉态,1898,0.5361,0.4801,1.117,0.4031,0.3768,0.0262,L2
3买,价涨量增 + KDJ_J超卖,1806,0.5165,0.453,1.14,0.4081,0.3768,0.0313,L2
3买,价涨量增 + KDJ低位金叉,843,0.2712,0.1932,1.404,0.4591,0.3768,0.0823,L2
3买,价涨量增 + KDJ_D小于30,1411,0.4163,0.3462,1.202,0.421,0.3768,0.0442,L2
3买,价涨量增 + RSI6大于50,1454,0.3763,0.3886,0.968,0.3693,0.3768,-0.0075,L2
3买,价涨量增 + RSI金叉,1815,0.4954,0.4695,1.055,0.3895,0.3768,0.0127,L2
3买,价涨量增 + RSI6超卖,1536,0.4541,0.3763,1.207,0.4219,0.3768,0.0451,L2
3买,价涨量增 + RSI底背离,851,0.2004,0.2394,0.837,0.3361,0.3768,-0.0407,L2
3买,价涨量增 + 威科夫得分大于4,526,0.1282,0.1453,0.882,0.3479,0.3768,-0.0289,L2
3买,价涨量增 + 威科夫得分大于7,227,0.054,0.0636,0.849,0.3392,0.3768,-0.0376,L2
3买,价涨量增 + 积累阶段,988,0.2397,0.2737,0.876,0.3462,0.3768,-0.0307,L2
3买,价涨量增 + 黄金柱,182,0.0413,0.0521,0.793,0.3242,0.3768,-0.0526,L2
3买,价涨量增 + 量能金叉,549,0.1661,0.1322,1.256,0.4317,0.3768,0.0549,L2
3买,价涨量增 + 六脉红灯大于5,1624,0.4331,0.4263,1.016,0.3805,0.3768,0.0037,L2
3买,价涨量增 + 六脉红灯大于6,1295,0.3329,0.3475,0.958,0.3668,0.3768,-0.01,L2
3买,价涨量增 + 六脉6红首发,1295,0.3329,0.3475,0.958,0.3668,0.3768,-0.01,L2
3买,价涨量增 + 六脉5红首发,1624,0.4331,0.4263,1.016,0.3805,0.3768,0.0037,L2
3买,价涨量增 + 偏多共振,347,0.0932,0.0907,1.028,0.3833,0.3768,0.0065,L2
3买,价涨量增 + 多头共振,347,0.0932,0.0907,1.028,0.3833,0.3768,0.0065,L2
3买,价涨量增 + 火箭信号,263,0.089,0.0576,1.544,0.4829,0.3768,0.1061,L2
3买,价涨量增 + 极限抄底,102,0.0456,0.0157,2.905,0.6373,0.3768,0.2604,L2
3买,价涨量增 + 中枢进机会区,787,0.2376,0.1898,1.251,0.4307,0.3768,0.0539,L2
3买,价涨量增 + 中枢极限底,903,0.2607,0.225,1.159,0.412,0.3768,0.0351,L2
3买,价涨量增 + 中枢上穿中轴,611,0.1801,0.15,1.201,0.4206,0.3768,0.0438,L2
3买,价涨量增 + 中枢底部蓄力,1307,0.3553,0.339,1.048,0.3879,0.3768,0.0111,L2
3买,价涨量增 + 中枢底部回升,1612,0.4646,0.4021,1.155,0.4113,0.3768,0.0345,L2
3买,价涨量增 + 大盘多头,793,0.1787,0.228,0.784,0.3216,0.3768,-0.0553,L2
3买,价涨量增 + 大盘空头,718,0.1724,0.2,0.862,0.3426,0.3768,-0.0342,L2
3买,价涨量增 + 大盘安全,1142,0.2558,0.3292,0.777,0.3196,0.3768,-0.0572,L2
3买,价涨量增 + SID等于1,793,0.1787,0.228,0.784,0.3216,0.3768,-0.0553,L2
3买,价涨量增 + SID等于2,1388,0.4163,0.3364,1.237,0.428,0.3768,0.0511,L2
3买,价涨量增 + SID小于等于2,1672,0.4702,0.4242,1.109,0.4013,0.3768,0.0245,L2
3买,价涨量增 + 大盘5日上涨,1351,0.3027,0.3894,0.777,0.3198,0.3768,-0.0571,L2
3买,价涨量增 + 相对强弱大于0,1048,0.2789,0.2754,1.013,0.3798,0.3768,0.003,L2
3买,价涨量增 + 相对强弱大于5,355,0.1037,0.0877,1.182,0.4169,0.3768,0.0401,L2
3买,价涨量增 + 量比>=1.3,560,0.1871,0.1242,1.507,0.4768,0.3768,0.1,L2
3买,价涨量增 + 量比>=2,140,0.054,0.0267,2.021,0.55,0.3768,0.1732,L2
3买,价涨量增 + 距前高<=10%,220,0.0533,0.061,0.873,0.3455,0.3768,-0.0314,L2
3买,价涨量增 + 深跌(距前高>40%),100,0.0294,0.0246,1.198,0.42,0.3768,0.0432,L2
3买,价涨量增 + 距前低<=10%,1212,0.3181,0.3212,0.991,0.3746,0.3768,-0.0022,L2
3买,价涨量增 + 相对强弱>=0,229,0.0582,0.0619,0.94,0.3624,0.3768,-0.0144,L2
3买,价涨量缩 + MACD_DIF大于0,843,0.2306,0.2178,1.059,0.3903,0.3768,0.0135,L2
3买,价涨量缩 + MACD金叉态,705,0.1598,0.2021,0.791,0.3234,0.3768,-0.0534,L2
3买,价涨量缩 + MACD柱递增,2547,0.6545,0.6835,0.958,0.3667,0.3768,-0.0101,L2
3买,价涨量缩 + MACD零轴上金叉,65,0.0189,0.0161,1.175,0.4154,0.3768,0.0386,L2
3买,价涨量缩 + MACD底背离,1461,0.3125,0.4301,0.727,0.3053,0.3768,-0.0715,L2
3买,价涨量缩 + BOLL收上中轨,810,0.2074,0.2178,0.952,0.3654,0.3768,-0.0114,L2
3买,价涨量缩 + BOLL突破上轨,107,0.0273,0.0288,0.949,0.3645,0.3768,-0.0123,L2
3买,价涨量缩 + BOLL触下轨反弹,1775,0.4772,0.4636,1.029,0.3837,0.3768,0.0068,L2
3买,价涨量缩 + BOLL开口扩张,2642,0.7022,0.6949,1.01,0.3793,0.3768,0.0024,L2
3买,价涨量缩 + KDJ金叉态,2370,0.6258,0.6258,1.0,0.3768,0.3768,-0.0,L2
3买,价涨量缩 + KDJ_J超卖,2656,0.7043,0.6996,1.007,0.3784,0.3768,0.0016,L2
3买,价涨量缩 + KDJ低位金叉,1340,0.3735,0.3419,1.092,0.3978,0.3768,0.0209,L2
3买,价涨量缩 + KDJ_D小于30,2139,0.569,0.5623,1.012,0.3796,0.3768,0.0028,L2
3买,价涨量缩 + RSI6大于50,1353,0.3427,0.3661,0.936,0.3614,0.3768,-0.0154,L2
3买,价涨量缩 + RSI金叉,1982,0.5137,0.5292,0.971,0.3698,0.3768,-0.007,L2
3买,价涨量缩 + RSI6超卖,2238,0.5992,0.586,1.022,0.382,0.3768,0.0052,L2
3买,价涨量缩 + RSI底背离,1136,0.2488,0.3309,0.752,0.3125,0.3768,-0.0643,L2
3买,价涨量缩 + 威科夫得分大于4,585,0.1535,0.1551,0.99,0.3744,0.3768,-0.0025,L2
3买,价涨量缩 + 威科夫得分大于7,226,0.0561,0.0619,0.906,0.354,0.3768,-0.0228,L2
3买,价涨量缩 + 积累阶段,1360,0.3146,0.386,0.815,0.3301,0.3768,-0.0467,L2
3买,价涨量缩 + 黄金柱,116,0.0259,0.0335,0.775,0.319,0.3768,-0.0578,L2
3买,价涨量缩 + 量能金叉,380,0.11,0.0945,1.164,0.4132,0.3768,0.0363,L2
3买,价涨量缩 + 六脉红灯大于5,1688,0.4212,0.4606,0.914,0.356,0.3768,-0.0208,L2
3买,价涨量缩 + 六脉红灯大于6,1073,0.2656,0.2941,0.903,0.3532,0.3768,-0.0236,L2
3买,价涨量缩 + 六脉6红首发,1073,0.2656,0.2941,0.903,0.3532,0.3768,-0.0236,L2
3买,价涨量缩 + 六脉5红首发,1688,0.4212,0.4606,0.914,0.356,0.3768,-0.0208,L2
3买,价涨量缩 + 偏多共振,574,0.1521,0.1513,1.005,0.378,0.3768,0.0012,L2
3买,价涨量缩 + 多头共振,572,0.1521,0.1504,1.011,0.3794,0.3768,0.0026,L2
3买,价涨量缩 + 火箭信号,140,0.0441,0.0326,1.353,0.45,0.3768,0.0732,L2
3买,价涨量缩 + 极限抄底,140,0.0526,0.0275,1.908,0.5357,0.3768,0.1589,L2
3买,价涨量缩 + 中枢进机会区,1187,0.3294,0.3038,1.084,0.396,0.3768,0.0191,L2
3买,价涨量缩 + 中枢极限底,1237,0.3287,0.3254,1.01,0.3791,0.3768,0.0023,L2
3买,价涨量缩 + 中枢上穿中轴,457,0.1317,0.114,1.156,0.4114,0.3768,0.0346,L2
3买,价涨量缩 + 中枢底部蓄力,1904,0.4618,0.5275,0.875,0.3461,0.3768,-0.0307,L2
3买,价涨量缩 + 中枢底部回升,2258,0.5929,0.5983,0.991,0.3747,0.3768,-0.0021,L2
3买,价涨量缩 + 大盘多头,1289,0.2733,0.3809,0.717,0.3026,0.3768,-0.0743,L2
3买,价涨量缩 + 大盘空头,909,0.2242,0.2496,0.899,0.352,0.3768,-0.0248,L2
3买,价涨量缩 + 大盘安全,1746,0.3707,0.5157,0.719,0.303,0.3768,-0.0738,L2
3买,价涨量缩 + SID等于1,1289,0.2733,0.3809,0.717,0.3026,0.3768,-0.0743,L2
3买,价涨量缩 + SID等于2,2079,0.5676,0.5377,1.056,0.3896,0.3768,0.0128,L2
3买,价涨量缩 + SID小于等于2,2492,0.6377,0.6703,0.951,0.3652,0.3768,-0.0116,L2
3买,价涨量缩 + 大盘5日上涨,2025,0.445,0.589,0.756,0.3136,0.3768,-0.0632,L2
3买,价涨量缩 + 相对强弱大于0,997,0.2677,0.2606,1.027,0.3831,0.3768,0.0063,L2
3买,价涨量缩 + 相对强弱大于5,226,0.0694,0.0538,1.289,0.4381,0.3768,0.0612,L2
3买,价涨量缩 + 量比>=1.3,372,0.1345,0.0763,1.764,0.5161,0.3768,0.1393,L2
3买,价涨量缩 + 量比>=2,65,0.0259,0.0119,2.185,0.5692,0.3768,0.1924,L2
3买,价涨量缩 + 距前高<=10%,243,0.0596,0.0669,0.89,0.3498,0.3768,-0.027,L2
3买,价涨量缩 + 深跌(距前高>40%),126,0.028,0.0364,0.769,0.3175,0.3768,-0.0594,L2
3买,价涨量缩 + 距前低<=10%,1714,0.4268,0.4682,0.911,0.3553,0.3768,-0.0215,L2
3买,价涨量缩 + 相对强弱>=0,226,0.0561,0.0619,0.906,0.354,0.3768,-0.0228,L2
3买,MACD_DIF大于0 + MACD金叉态,236,0.075,0.0547,1.372,0.4534,0.3768,0.0766,L2
3买,MACD_DIF大于0 + MACD柱递增,865,0.2193,0.2339,0.938,0.3618,0.3768,-0.015,L2
3买,MACD_DIF大于0 + MACD零轴上金叉,123,0.0329,0.0322,1.023,0.3821,0.3768,0.0053,L2
3买,MACD_DIF大于0 + MACD底背离,251,0.0582,0.0712,0.817,0.3307,0.3768,-0.0461,L2
3买,MACD_DIF大于0 + BOLL收上中轨,545,0.1507,0.1398,1.077,0.3945,0.3768,0.0177,L2
3买,MACD_DIF大于0 + BOLL突破上轨,117,0.0308,0.0309,0.997,0.3761,0.3768,-0.0007,L2
3买,MACD_DIF大于0 + BOLL触下轨反弹,681,0.1836,0.1775,1.034,0.3847,0.3768,0.0079,L2
3买,MACD_DIF大于0 + BOLL开口扩张,1009,0.2761,0.2606,1.06,0.3905,0.3768,0.0137,L2
3买,MACD_DIF大于0 + KDJ金叉态,791,0.213,0.2064,1.032,0.3843,0.3768,0.0075,L2
3买,MACD_DIF大于0 + KDJ_J超卖,983,0.2698,0.2534,1.065,0.3917,0.3768,0.0148,L2
3买,MACD_DIF大于0 + KDJ低位金叉,223,0.0589,0.0589,0.999,0.3767,0.3768,-0.0001,L2
3买,MACD_DIF大于0 + KDJ_D小于30,542,0.1444,0.1424,1.014,0.3801,0.3768,0.0033,L2
3买,MACD_DIF大于0 + RSI6大于50,675,0.1822,0.1758,1.036,0.3852,0.3768,0.0084,L2
3买,MACD_DIF大于0 + RSI金叉,647,0.1829,0.1636,1.118,0.4034,0.3768,0.0266,L2
3买,MACD_DIF大于0 + RSI6超卖,696,0.1983,0.175,1.133,0.4066,0.3768,0.0298,L2
3买,MACD_DIF大于0 + RSI底背离,170,0.0427,0.0462,0.926,0.3588,0.3768,-0.018,L2
3买,MACD_DIF大于0 + 威科夫得分大于4,530,0.1437,0.1377,1.043,0.3868,0.3768,0.01,L2
3买,MACD_DIF大于0 + 威科夫得分大于7,254,0.0638,0.0691,0.923,0.3583,0.3768,-0.0185,L2
3买,MACD_DIF大于0 + 积累阶段,255,0.0785,0.0606,1.295,0.4392,0.3768,0.0624,L2
3买,MACD_DIF大于0 + 黄金柱,55,0.0154,0.014,1.103,0.4,0.3768,0.0232,L2
3买,MACD_DIF大于0 + 量能金叉,220,0.0603,0.0568,1.061,0.3909,0.3768,0.0141,L2
3买,MACD_DIF大于0 + 六脉红灯大于5,548,0.1514,0.1407,1.076,0.3942,0.3768,0.0173,L2
3买,MACD_DIF大于0 + 六脉红灯大于6,432,0.1149,0.1136,1.012,0.3796,0.3768,0.0028,L2
3买,MACD_DIF大于0 + 六脉6红首发,432,0.1149,0.1136,1.012,0.3796,0.3768,0.0028,L2
3买,MACD_DIF大于0 + 六脉5红首发,548,0.1514,0.1407,1.076,0.3942,0.3768,0.0173,L2
3买,MACD_DIF大于0 + 偏多共振,627,0.164,0.1665,0.985,0.3732,0.3768,-0.0036,L2
3买,MACD_DIF大于0 + 多头共振,626,0.164,0.1661,0.987,0.3738,0.3768,-0.003,L2
3买,MACD_DIF大于0 + 火箭信号,125,0.0399,0.0288,1.386,0.456,0.3768,0.0792,L2
3买,MACD_DIF大于0 + 中枢进机会区,375,0.1198,0.0864,1.386,0.456,0.3768,0.0792,L2
3买,MACD_DIF大于0 + 中枢极限底,157,0.0575,0.0318,1.808,0.5223,0.3768,0.1455,L2
3买,MACD_DIF大于0 + 中枢上穿中轴,438,0.1191,0.1136,1.049,0.3881,0.3768,0.0113,L2
3买,MACD_DIF大于0 + 中枢底部蓄力,167,0.0491,0.0411,1.193,0.4192,0.3768,0.0423,L2
3买,MACD_DIF大于0 + 中枢底部回升,408,0.131,0.0936,1.399,0.4583,0.3768,0.0815,L2
3买,MACD_DIF大于0 + 大盘多头,626,0.1416,0.1797,0.788,0.3227,0.3768,-0.0541,L2
3买,MACD_DIF大于0 + 大盘空头,219,0.054,0.0602,0.897,0.3516,0.3768,-0.0252,L2
3买,MACD_DIF大于0 + 大盘安全,745,0.1759,0.2093,0.84,0.3369,0.3768,-0.0399,L2
3买,MACD_DIF大于0 + SID等于1,626,0.1416,0.1797,0.788,0.3227,0.3768,-0.0541,L2
3买,MACD_DIF大于0 + SID等于2,773,0.2292,0.189,1.213,0.423,0.3768,0.0462,L2
3买,MACD_DIF大于0 + SID小于等于2,996,0.2719,0.2576,1.055,0.3896,0.3768,0.0127,L2
3买,MACD_DIF大于0 + 大盘5日上涨,770,0.1794,0.2178,0.824,0.3325,0.3768,-0.0443,L2
3买,MACD_DIF大于0 + 相对强弱大于0,572,0.1619,0.1445,1.12,0.4038,0.3768,0.027,L2
3买,MACD_DIF大于0 + 相对强弱大于5,191,0.0596,0.0449,1.326,0.445,0.3768,0.0682,L2
3买,MACD_DIF大于0 + 量比>=1.3,153,0.042,0.0394,1.067,0.3922,0.3768,0.0153,L2
3买,MACD_DIF大于0 + 距前高<=10%,240,0.0561,0.0678,0.827,0.3333,0.3768,-0.0435,L2
3买,MACD_DIF大于0 + 距前低<=10%,271,0.0946,0.0576,1.642,0.4982,0.3768,0.1213,L2
3买,MACD_DIF大于0 + 相对强弱>=0,134,0.0371,0.0343,1.082,0.3955,0.3768,0.0187,L2
3买,MACD金叉态 + MACD柱递增,910,0.2102,0.2585,0.813,0.3297,0.3768,-0.0471,L2
3买,MACD金叉态 + MACD零轴上金叉,123,0.0329,0.0322,1.023,0.3821,0.3768,0.0053,L2
3买,MACD金叉态 + MACD底背离,670,0.1345,0.2025,0.664,0.2866,0.3768,-0.0902,L2
3买,MACD金叉态 + BOLL收上中轨,717,0.1829,0.1932,0.947,0.364,0.3768,-0.0128,L2
3买,MACD金叉态 + BOLL突破上轨,170,0.0484,0.0428,1.13,0.4059,0.3768,0.0291,L2
3买,MACD金叉态 + BOLL触下轨反弹,582,0.1367,0.164,0.833,0.3351,0.3768,-0.0418,L2
3买,MACD金叉态 + BOLL开口扩张,875,0.2011,0.2492,0.807,0.328,0.3768,-0.0488,L2
3买,MACD金叉态 + KDJ金叉态,921,0.2144,0.2606,0.823,0.3322,0.3768,-0.0446,L2
3买,MACD金叉态 + KDJ_J超卖,861,0.1969,0.2458,0.801,0.3264,0.3768,-0.0505,L2
3买,MACD金叉态 + KDJ低位金叉,268,0.0666,0.0733,0.908,0.3545,0.3768,-0.0223,L2
3买,MACD金叉态 + KDJ_D小于30,571,0.1324,0.1619,0.818,0.331,0.3768,-0.0458,L2
3买,MACD金叉态 + RSI6大于50,872,0.2095,0.2428,0.863,0.3429,0.3768,-0.0339,L2
3买,MACD金叉态 + RSI金叉,959,0.2144,0.2767,0.775,0.3191,0.3768,-0.0577,L2
3买,MACD金叉态 + RSI6超卖,651,0.143,0.1894,0.755,0.3134,0.3768,-0.0635,L2
3买,MACD金叉态 + RSI底背离,575,0.1156,0.1737,0.666,0.287,0.3768,-0.0899,L2
3买,MACD金叉态 + 威科夫得分大于4,319,0.0827,0.0852,0.971,0.3699,0.3768,-0.0069,L2
3买,MACD金叉态 + 威科夫得分大于7,175,0.0448,0.047,0.954,0.3657,0.3768,-0.0111,L2
3买,MACD金叉态 + 积累阶段,663,0.1388,0.197,0.704,0.2986,0.3768,-0.0782,L2
3买,MACD金叉态 + 黄金柱,132,0.0273,0.0394,0.694,0.2955,0.3768,-0.0814,L2
3买,MACD金叉态 + 量能金叉,245,0.0631,0.0657,0.96,0.3673,0.3768,-0.0095,L2
3买,MACD金叉态 + 六脉红灯大于5,904,0.2074,0.2576,0.805,0.3274,0.3768,-0.0494,L2
3买,MACD金叉态 + 六脉红灯大于6,790,0.1843,0.2233,0.825,0.3329,0.3768,-0.0439,L2
3买,MACD金叉态 + 六脉6红首发,790,0.1843,0.2233,0.825,0.3329,0.3768,-0.0439,L2
3买,MACD金叉态 + 六脉5红首发,904,0.2074,0.2576,0.805,0.3274,0.3768,-0.0494,L2
3买,MACD金叉态 + 偏多共振,139,0.0364,0.0369,0.988,0.3741,0.3768,-0.0027,L2
3买,MACD金叉态 + 多头共振,138,0.0364,0.0364,1.0,0.3768,0.3768,-0.0,L2
3买,MACD金叉态 + 火箭信号,155,0.0484,0.0364,1.327,0.4452,0.3768,0.0683,L2
3买,MACD金叉态 + 中枢进机会区,405,0.0925,0.1157,0.8,0.3259,0.3768,-0.0509,L2
3买,MACD金叉态 + 中枢极限底,497,0.1002,0.15,0.668,0.2877,0.3768,-0.0891,L2
3买,MACD金叉态 + 中枢上穿中轴,330,0.0904,0.0852,1.061,0.3909,0.3768,0.0141,L2
3买,MACD金叉态 + 中枢底部蓄力,733,0.1465,0.222,0.66,0.2851,0.3768,-0.0917,L2
3买,MACD金叉态 + 中枢底部回升,872,0.1857,0.2572,0.722,0.3039,0.3768,-0.0729,L2
3买,MACD金叉态 + 大盘多头,437,0.0911,0.1301,0.7,0.2975,0.3768,-0.0793,L2
3买,MACD金叉态 + 大盘空头,427,0.0967,0.1225,0.79,0.3232,0.3768,-0.0536,L2
3买,MACD金叉态 + 大盘安全,689,0.1416,0.2064,0.686,0.2932,0.3768,-0.0836,L2
3买,MACD金叉态 + SID等于1,437,0.0911,0.1301,0.7,0.2975,0.3768,-0.0793,L2
3买,MACD金叉态 + SID等于2,673,0.1619,0.1873,0.864,0.3432,0.3768,-0.0336,L2
3买,MACD金叉态 + SID小于等于2,833,0.1843,0.2415,0.763,0.3157,0.3768,-0.0611,L2
3买,MACD金叉态 + 大盘5日上涨,820,0.1731,0.2428,0.713,0.3012,0.3768,-0.0756,L2
3买,MACD金叉态 + 相对强弱大于0,738,0.192,0.1966,0.977,0.3713,0.3768,-0.0055,L2
3买,MACD金叉态 + 相对强弱大于5,312,0.0939,0.0754,1.245,0.4295,0.3768,0.0527,L2
3买,MACD金叉态 + 量比>=1.3,198,0.0484,0.0547,0.885,0.3485,0.3768,-0.0283,L2
3买,MACD金叉态 + 量比>=2,54,0.0161,0.0131,1.227,0.4259,0.3768,0.0491,L2
3买,MACD金叉态 + 距前高<=10%,85,0.0189,0.0246,0.77,0.3176,0.3768,-0.0592,L2
3买,MACD金叉态 + 深跌(距前高>40%),54,0.0077,0.0182,0.423,0.2037,0.3768,-0.1731,L2
3买,MACD金叉态 + 距前低<=10%,778,0.1626,0.2314,0.703,0.2982,0.3768,-0.0786,L2
3买,MACD金叉态 + 相对强弱>=0,186,0.0477,0.05,0.953,0.3656,0.3768,-0.0112,L2
3买,MACD柱递增 + MACD零轴上金叉,118,0.0315,0.0309,1.019,0.3814,0.3768,0.0045,L2
3买,MACD柱递增 + MACD底背离,1761,0.3917,0.5093,0.769,0.3174,0.3768,-0.0594,L2
3买,MACD柱递增 + BOLL收上中轨,1088,0.2754,0.2945,0.935,0.3612,0.3768,-0.0156,L2
3买,MACD柱递增 + BOLL突破上轨,179,0.0505,0.0453,1.113,0.4022,0.3768,0.0254,L2
3买,MACD柱递增 + BOLL触下轨反弹,2004,0.5571,0.5123,1.087,0.3967,0.3768,0.0199,L2
3买,MACD柱递增 + BOLL开口扩张,3044,0.8171,0.7958,1.027,0.383,0.3768,0.0062,L2
3买,MACD柱递增 + KDJ金叉态,3007,0.8122,0.7831,1.037,0.3854,0.3768,0.0086,L2
3买,MACD柱递增 + KDJ_J超卖,3023,0.808,0.7924,1.02,0.3814,0.3768,0.0046,L2
3买,MACD柱递增 + KDJ低位金叉,1657,0.4716,0.4169,1.131,0.4062,0.3768,0.0293,L2
3买,MACD柱递增 + KDJ_D小于30,2539,0.684,0.6623,1.033,0.3844,0.3768,0.0076,L2
3买,MACD柱递增 + RSI6大于50,1790,0.4583,0.4814,0.952,0.3654,0.3768,-0.0115,L2
3买,MACD柱递增 + RSI金叉,2541,0.6755,0.6682,1.011,0.3794,0.3768,0.0026,L2
3买,MACD柱递增 + RSI6超卖,2627,0.7169,0.6797,1.055,0.3894,0.3768,0.0126,L2
3买,MACD柱递增 + RSI底背离,1357,0.302,0.3924,0.77,0.3176,0.3768,-0.0592,L2
3买,MACD柱递增 + 威科夫得分大于4,615,0.1493,0.1703,0.876,0.3463,0.3768,-0.0305,L2
3买,MACD柱递增 + 威科夫得分大于7,242,0.0568,0.0682,0.832,0.3347,0.3768,-0.0421,L2
3买,MACD柱递增 + 积累阶段,1568,0.3756,0.4373,0.859,0.3418,0.3768,-0.035,L2
3买,MACD柱递增 + 黄金柱,177,0.0399,0.0508,0.786,0.322,0.3768,-0.0548,L2
3买,MACD柱递增 + 量能金叉,552,0.1675,0.1326,1.263,0.433,0.3768,0.0562,L2
3买,MACD柱递增 + 六脉红灯大于5,2263,0.5844,0.6055,0.965,0.3685,0.3768,-0.0083,L2
3买,MACD柱递增 + 六脉红灯大于6,1537,0.3945,0.4127,0.956,0.3663,0.3768,-0.0105,L2
3买,MACD柱递增 + 六脉6红首发,1537,0.3945,0.4127,0.956,0.3663,0.3768,-0.0105,L2
3买,MACD柱递增 + 六脉5红首发,2263,0.5844,0.6055,0.965,0.3685,0.3768,-0.0083,L2
3买,MACD柱递增 + 偏多共振,560,0.1359,0.1551,0.877,0.3464,0.3768,-0.0304,L2
3买,MACD柱递增 + 多头共振,559,0.1359,0.1547,0.879,0.347,0.3768,-0.0298,L2
3买,MACD柱递增 + 火箭信号,265,0.0855,0.0606,1.411,0.4604,0.3768,0.0836,L2
3买,MACD柱递增 + 极限抄底,160,0.0617,0.0305,2.021,0.55,0.3768,0.1732,L2
3买,MACD柱递增 + 中枢进机会区,1312,0.3693,0.3326,1.11,0.4017,0.3768,0.0249,L2
3买,MACD柱递增 + 中枢极限底,1471,0.4064,0.3775,1.077,0.3943,0.3768,0.0175,L2
3买,MACD柱递增 + 中枢上穿中轴,654,0.1892,0.1627,1.163,0.4128,0.3768,0.036,L2
3买,MACD柱递增 + 中枢底部蓄力,2251,0.5739,0.6068,0.946,0.3638,0.3768,-0.013,L2
3买,MACD柱递增 + 中枢底部回升,2664,0.7204,0.6932,1.039,0.3859,0.3768,0.0091,L2
3买,MACD柱递增 + 大盘多头,1400,0.3006,0.4114,0.731,0.3064,0.3768,-0.0704,L2
3买,MACD柱递增 + 大盘空头,1105,0.2733,0.303,0.902,0.3529,0.3768,-0.0239,L2
3买,MACD柱递增 + 大盘安全,1923,0.4163,0.5631,0.739,0.3089,0.3768,-0.0679,L2
3买,MACD柱递增 + SID等于1,1400,0.3006,0.4114,0.731,0.3064,0.3768,-0.0704,L2
3买,MACD柱递增 + SID等于2,2345,0.6426,0.6051,1.062,0.391,0.3768,0.0142,L2
3买,MACD柱递增 + SID小于等于2,2811,0.7267,0.7517,0.967,0.3689,0.3768,-0.0079,L2
3买,MACD柱递增 + 大盘5日上涨,2272,0.5018,0.6593,0.761,0.3151,0.3768,-0.0617,L2
3买,MACD柱递增 + 相对强弱大于0,1265,0.335,0.3335,1.004,0.3779,0.3768,0.0011,L2
3买,MACD柱递增 + 相对强弱大于5,356,0.103,0.0886,1.163,0.4129,0.3768,0.0361,L2
3买,MACD柱递增 + 量比>=1.3,610,0.2095,0.1318,1.59,0.4902,0.3768,0.1133,L2
3买,MACD柱递增 + 量比>=2,127,0.0491,0.0242,2.031,0.5512,0.3768,0.1744,L2
3买,MACD柱递增 + 距前高<=10%,276,0.0624,0.0792,0.787,0.3225,0.3768,-0.0544,L2
3买,MACD柱递增 + 深跌(距前高>40%),172,0.0441,0.0462,0.956,0.3663,0.3768,-0.0105,L2
3买,MACD柱递增 + 距前低<=10%,1943,0.4856,0.5297,0.917,0.3567,0.3768,-0.0202,L2
3买,MACD柱递增 + 相对强弱>=0,275,0.0673,0.0758,0.887,0.3491,0.3768,-0.0277,L2
3买,MACD零轴上金叉 + BOLL收上中轨,123,0.0329,0.0322,1.023,0.3821,0.3768,0.0053,L2
3买,MACD零轴上金叉 + BOLL突破上轨,74,0.0182,0.0203,0.896,0.3514,0.3768,-0.0255,L2
3买,MACD零轴上金叉 + BOLL触下轨反弹,76,0.0217,0.0191,1.139,0.4079,0.3768,0.0311,L2
3买,MACD零轴上金叉 + BOLL开口扩张,119,0.0308,0.0318,0.97,0.3697,0.3768,-0.0071,L2
3买,MACD零轴上金叉 + KDJ金叉态,122,0.0329,0.0318,1.036,0.3852,0.3768,0.0084,L2
3买,MACD零轴上金叉 + KDJ_J超卖,98,0.0273,0.025,1.093,0.398,0.3768,0.0211,L2
3买,MACD零轴上金叉 + RSI6大于50,123,0.0329,0.0322,1.023,0.3821,0.3768,0.0053,L2
3买,MACD零轴上金叉 + RSI金叉,122,0.0322,0.0322,1.001,0.377,0.3768,0.0002,L2
3买,MACD零轴上金叉 + RSI6超卖,52,0.0161,0.0123,1.312,0.4423,0.3768,0.0655,L2
3买,MACD零轴上金叉 + 威科夫得分大于4,107,0.0259,0.0297,0.874,0.3458,0.3768,-0.031,L2
3买,MACD零轴上金叉 + 威科夫得分大于7,79,0.0196,0.0216,0.908,0.3544,0.3768,-0.0224,L2
3买,MACD零轴上金叉 + 量能金叉,56,0.0154,0.0144,1.07,0.3929,0.3768,0.016,L2
3买,MACD零轴上金叉 + 六脉红灯大于5,123,0.0329,0.0322,1.023,0.3821,0.3768,0.0053,L2
3买,MACD零轴上金叉 + 六脉红灯大于6,119,0.0322,0.0309,1.042,0.3866,0.3768,0.0097,L2
3买,MACD零轴上金叉 + 六脉6红首发,119,0.0322,0.0309,1.042,0.3866,0.3768,0.0097,L2
3买,MACD零轴上金叉 + 六脉5红首发,123,0.0329,0.0322,1.023,0.3821,0.3768,0.0053,L2
3买,MACD零轴上金叉 + 偏多共振,57,0.0119,0.0169,0.703,0.2982,0.3768,-0.0786,L2
3买,MACD零轴上金叉 + 多头共振,57,0.0119,0.0169,0.703,0.2982,0.3768,-0.0786,L2
3买,MACD零轴上金叉 + 火箭信号,51,0.0147,0.0127,1.158,0.4118,0.3768,0.0349,L2
3买,MACD零轴上金叉 + 中枢上穿中轴,100,0.0245,0.0275,0.891,0.35,0.3768,-0.0268,L2
3买,MACD零轴上金叉 + 中枢底部回升,53,0.0133,0.0144,0.924,0.3585,0.3768,-0.0183,L2
3买,MACD零轴上金叉 + 大盘多头,75,0.0182,0.0208,0.878,0.3467,0.3768,-0.0301,L2
3买,MACD零轴上金叉 + 大盘安全,90,0.0224,0.0246,0.912,0.3556,0.3768,-0.0213,L2
3买,MACD零轴上金叉 + SID等于1,75,0.0182,0.0208,0.878,0.3467,0.3768,-0.0301,L2
3买,MACD零轴上金叉 + SID等于2,80,0.0238,0.0195,1.222,0.425,0.3768,0.0482,L2
3买,MACD零轴上金叉 + SID小于等于2,107,0.028,0.0284,0.987,0.3738,0.3768,-0.003,L2
3买,MACD零轴上金叉 + 大盘5日上涨,92,0.0231,0.025,0.925,0.3587,0.3768,-0.0181,L2
3买,MACD零轴上金叉 + 相对强弱大于0,118,0.0315,0.0309,1.019,0.3814,0.3768,0.0045,L2
3买,MACD零轴上金叉 + 相对强弱大于5,77,0.0196,0.0208,0.945,0.3636,0.3768,-0.0132,L2
3买,MACD底背离 + BOLL收上中轨,584,0.1352,0.1657,0.816,0.3305,0.3768,-0.0463,L2
3买,MACD底背离 + BOLL突破上轨,79,0.0231,0.0195,1.186,0.4177,0.3768,0.0409,L2
3买,MACD底背离 + BOLL触下轨反弹,1130,0.2551,0.3246,0.786,0.3221,0.3768,-0.0547,L2
3买,MACD底背离 + BOLL开口扩张,1745,0.3875,0.5051,0.767,0.3169,0.3768,-0.0599,L2
3买,MACD底背离 + KDJ金叉态,1694,0.3791,0.4886,0.776,0.3194,0.3768,-0.0575,L2
3买,MACD底背离 + KDJ_J超卖,1784,0.3868,0.522,0.741,0.3094,0.3768,-0.0674,L2
3买,MACD底背离 + KDJ低位金叉,943,0.2193,0.2669,0.822,0.3319,0.3768,-0.0449,L2
3买,MACD底背离 + KDJ_D小于30,1490,0.3378,0.4271,0.791,0.3235,0.3768,-0.0533,L2
3买,MACD底背离 + RSI6大于50,992,0.227,0.2831,0.802,0.3266,0.3768,-0.0502,L2
3买,MACD底背离 + RSI金叉,1517,0.3357,0.4398,0.763,0.3158,0.3768,-0.0611,L2
3买,MACD底背离 + RSI6超卖,1636,0.3595,0.4758,0.755,0.3136,0.3768,-0.0632,L2
3买,MACD底背离 + RSI底背离,1317,0.2747,0.3919,0.701,0.2976,0.3768,-0.0792,L2
3买,MACD底背离 + 威科夫得分大于4,318,0.0687,0.0932,0.737,0.3082,0.3768,-0.0686,L2
3买,MACD底背离 + 威科夫得分大于7,115,0.028,0.0318,0.882,0.3478,0.3768,-0.029,L2
3买,MACD底背离 + 积累阶段,1099,0.2299,0.3267,0.704,0.2985,0.3768,-0.0784,L2
3买,MACD底背离 + 黄金柱,112,0.0231,0.0335,0.691,0.2946,0.3768,-0.0822,L2
3买,MACD底背离 + 量能金叉,248,0.0631,0.0669,0.942,0.3629,0.3768,-0.0139,L2
3买,MACD底背离 + 六脉红灯大于5,1369,0.309,0.3932,0.786,0.3221,0.3768,-0.0547,L2
3买,MACD底背离 + 六脉红灯大于6,903,0.2081,0.2568,0.811,0.3289,0.3768,-0.0479,L2
3买,MACD底背离 + 六脉6红首发,903,0.2081,0.2568,0.811,0.3289,0.3768,-0.0479,L2
3买,MACD底背离 + 六脉5红首发,1369,0.309,0.3932,0.786,0.3221,0.3768,-0.0547,L2
3买,MACD底背离 + 偏多共振,141,0.0357,0.0381,0.937,0.3617,0.3768,-0.0151,L2
3买,MACD底背离 + 多头共振,140,0.0357,0.0377,0.948,0.3643,0.3768,-0.0125,L2
3买,MACD底背离 + 火箭信号,142,0.0378,0.0373,1.015,0.3803,0.3768,0.0035,L2
3买,MACD底背离 + 极限抄底,85,0.0203,0.0237,0.856,0.3412,0.3768,-0.0356,L2
3买,MACD底背离 + 中枢进机会区,828,0.1934,0.2339,0.827,0.3333,0.3768,-0.0435,L2
3买,MACD底背离 + 中枢极限底,1085,0.2383,0.3157,0.755,0.3134,0.3768,-0.0635,L2
3买,MACD底背离 + 中枢上穿中轴,236,0.0638,0.0614,1.038,0.3856,0.3768,0.0088,L2
3买,MACD底背离 + 中枢底部蓄力,1607,0.3455,0.472,0.732,0.3068,0.3768,-0.07,L2
3买,MACD底背离 + 中枢底部回升,1746,0.3903,0.5038,0.775,0.319,0.3768,-0.0578,L2
3买,MACD底背离 + 大盘多头,803,0.1479,0.2508,0.589,0.2628,0.3768,-0.1141,L2
3买,MACD底背离 + 大盘空头,722,0.1556,0.2119,0.734,0.3075,0.3768,-0.0693,L2
3买,MACD底背离 + 大盘安全,1164,0.2151,0.3631,0.592,0.2637,0.3768,-0.1131,L2
3买,MACD底背离 + SID等于1,803,0.1479,0.2508,0.589,0.2628,0.3768,-0.1141,L2
3买,MACD底背离 + SID等于2,1314,0.2957,0.378,0.782,0.3212,0.3768,-0.0557,L2
3买,MACD底背离 + SID小于等于2,1599,0.3371,0.4737,0.712,0.3008,0.3768,-0.076,L2
3买,MACD底背离 + 大盘5日上涨,1417,0.2796,0.4314,0.648,0.2816,0.3768,-0.0952,L2
3买,MACD底背离 + 相对强弱大于0,735,0.1829,0.2008,0.911,0.3551,0.3768,-0.0217,L2
3买,MACD底背离 + 相对强弱大于5,202,0.0575,0.0508,1.13,0.4059,0.3768,0.0291,L2
3买,MACD底背离 + 量比>=1.3,320,0.082,0.086,0.953,0.3656,0.3768,-0.0112,L2
3买,MACD底背离 + 量比>=2,68,0.0224,0.0153,1.47,0.4706,0.3768,0.0938,L2
3买,MACD底背离 + 距前高<=10%,88,0.0196,0.0254,0.772,0.3182,0.3768,-0.0586,L2
3买,MACD底背离 + 深跌(距前高>40%),118,0.0231,0.036,0.642,0.2797,0.3768,-0.0972,L2
3买,MACD底背离 + 距前低<=10%,1325,0.2754,0.3949,0.697,0.2966,0.3768,-0.0802,L2
3买,MACD底背离 + 相对强弱>=0,154,0.035,0.0441,0.795,0.3247,0.3768,-0.0521,L2
3买,BOLL收上中轨 + BOLL突破上轨,186,0.0519,0.0475,1.093,0.3978,0.3768,0.021,L2
3买,BOLL收上中轨 + BOLL触下轨反弹,737,0.2025,0.1898,1.067,0.3921,0.3768,0.0153,L2
3买,BOLL收上中轨 + BOLL开口扩张,1062,0.2796,0.2809,0.995,0.3757,0.3768,-0.0011,L2
3买,BOLL收上中轨 + KDJ金叉态,1132,0.2915,0.3034,0.961,0.3675,0.3768,-0.0093,L2
3买,BOLL收上中轨 + KDJ_J超卖,1025,0.2663,0.2733,0.974,0.3707,0.3768,-0.0061,L2
3买,BOLL收上中轨 + KDJ低位金叉,216,0.0638,0.053,1.204,0.4213,0.3768,0.0445,L2
3买,BOLL收上中轨 + KDJ_D小于30,595,0.1591,0.1559,1.02,0.3815,0.3768,0.0047,L2
3买,BOLL收上中轨 + RSI6大于50,1195,0.3055,0.3216,0.95,0.3649,0.3768,-0.012,L2
3买,BOLL收上中轨 + RSI金叉,1144,0.2894,0.3097,0.934,0.361,0.3768,-0.0158,L2
3买,BOLL收上中轨 + RSI6超卖,714,0.1899,0.1877,1.012,0.3796,0.3768,0.0027,L2
3买,BOLL收上中轨 + RSI底背离,458,0.1065,0.1297,0.822,0.3319,0.3768,-0.0449,L2
3买,BOLL收上中轨 + 威科夫得分大于4,539,0.1359,0.1462,0.93,0.3599,0.3768,-0.0169,L2
3买,BOLL收上中轨 + 威科夫得分大于7,256,0.0645,0.0695,0.928,0.3594,0.3768,-0.0174,L2
3买,BOLL收上中轨 + 积累阶段,600,0.1542,0.161,0.957,0.3667,0.3768,-0.0101,L2
3买,BOLL收上中轨 + 黄金柱,159,0.035,0.0462,0.759,0.3145,0.3768,-0.0624,L2
3买,BOLL收上中轨 + 量能金叉,343,0.0939,0.0886,1.06,0.3907,0.3768,0.0139,L2
3买,BOLL收上中轨 + 六脉红灯大于5,1089,0.2775,0.2936,0.945,0.3636,0.3768,-0.0132,L2
3买,BOLL收上中轨 + 六脉红灯大于6,1026,0.2593,0.278,0.933,0.3606,0.3768,-0.0162,L2
3买,BOLL收上中轨 + 六脉6红首发,1026,0.2593,0.278,0.933,0.3606,0.3768,-0.0162,L2
3买,BOLL收上中轨 + 六脉5红首发,1089,0.2775,0.2936,0.945,0.3636,0.3768,-0.0132,L2
3买,BOLL收上中轨 + 偏多共振,340,0.0869,0.0915,0.949,0.3647,0.3768,-0.0121,L2
3买,BOLL收上中轨 + 多头共振,340,0.0869,0.0915,0.949,0.3647,0.3768,-0.0121,L2
3买,BOLL收上中轨 + 火箭信号,223,0.0708,0.0517,1.369,0.4529,0.3768,0.0761,L2
3买,BOLL收上中轨 + 中枢进机会区,449,0.1198,0.1178,1.017,0.3808,0.3768,0.004,L2
3买,BOLL收上中轨 + 中枢极限底,416,0.1002,0.1157,0.866,0.3438,0.3768,-0.0331,L2
3买,BOLL收上中轨 + 中枢上穿中轴,601,0.1696,0.1521,1.115,0.4027,0.3768,0.0258,L2
3买,BOLL收上中轨 + 中枢底部蓄力,595,0.1352,0.1703,0.794,0.3244,0.3768,-0.0524,L2
3买,BOLL收上中轨 + 中枢底部回升,804,0.2018,0.2186,0.923,0.3582,0.3768,-0.0186,L2
3买,BOLL收上中轨 + 大盘多头,609,0.1395,0.1737,0.803,0.3268,0.3768,-0.0501,L2
3买,BOLL收上中轨 + 大盘空头,399,0.1023,0.1072,0.954,0.3659,0.3768,-0.0109,L2
3买,BOLL收上中轨 + 大盘安全,847,0.1969,0.2398,0.821,0.3318,0.3768,-0.0451,L2
3买,BOLL收上中轨 + SID等于1,609,0.1395,0.1737,0.803,0.3268,0.3768,-0.0501,L2
3买,BOLL收上中轨 + SID等于2,815,0.2214,0.2114,1.047,0.3877,0.3768,0.0109,L2
3买,BOLL收上中轨 + SID小于等于2,1029,0.2614,0.278,0.94,0.3625,0.3768,-0.0143,L2
3买,BOLL收上中轨 + 大盘5日上涨,936,0.2179,0.2648,0.823,0.3323,0.3768,-0.0446,L2
3买,BOLL收上中轨 + 相对强弱大于0,925,0.2432,0.2449,0.993,0.3751,0.3768,-0.0017,L2
3买,BOLL收上中轨 + 相对强弱大于5,358,0.1086,0.086,1.263,0.433,0.3768,0.0561,L2
3买,BOLL收上中轨 + 量比>=1.3,240,0.0596,0.0657,0.907,0.3542,0.3768,-0.0226,L2
3买,BOLL收上中轨 + 量比>=2,68,0.0224,0.0153,1.47,0.4706,0.3768,0.0938,L2
3买,BOLL收上中轨 + 距前高<=10%,203,0.0448,0.0589,0.761,0.3153,0.3768,-0.0615,L2
3买,BOLL收上中轨 + 距前低<=10%,609,0.1556,0.164,0.949,0.3645,0.3768,-0.0123,L2
3买,BOLL收上中轨 + 相对强弱>=0,214,0.0582,0.0555,1.048,0.3879,0.3768,0.011,L2
3买,BOLL突破上轨 + BOLL触下轨反弹,114,0.0364,0.0263,1.387,0.4561,0.3768,0.0793,L2
3买,BOLL突破上轨 + BOLL开口扩张,182,0.0505,0.0466,1.082,0.3956,0.3768,0.0188,L2
3买,BOLL突破上轨 + KDJ金叉态,184,0.0519,0.0466,1.113,0.4022,0.3768,0.0254,L2
3买,BOLL突破上轨 + KDJ_J超卖,150,0.0406,0.039,1.043,0.3867,0.3768,0.0099,L2
3买,BOLL突破上轨 + KDJ_D小于30,68,0.0217,0.0157,1.386,0.4559,0.3768,0.0791,L2
3买,BOLL突破上轨 + RSI6大于50,186,0.0519,0.0475,1.093,0.3978,0.3768,0.021,L2
3买,BOLL突破上轨 + RSI金叉,184,0.0519,0.0466,1.113,0.4022,0.3768,0.0254,L2
3买,BOLL突破上轨 + RSI6超卖,81,0.0259,0.0186,1.391,0.4568,0.3768,0.08,L2
3买,BOLL突破上轨 + RSI底背离,62,0.0196,0.0144,1.362,0.4516,0.3768,0.0748,L2
3买,BOLL突破上轨 + 威科夫得分大于4,133,0.0329,0.0364,0.904,0.3534,0.3768,-0.0234,L2
3买,BOLL突破上轨 + 威科夫得分大于7,96,0.0238,0.0263,0.907,0.3542,0.3768,-0.0226,L2
3买,BOLL突破上轨 + 积累阶段,83,0.0238,0.0208,1.148,0.4096,0.3768,0.0328,L2
3买,BOLL突破上轨 + 量能金叉,94,0.0252,0.0246,1.027,0.383,0.3768,0.0062,L2
3买,BOLL突破上轨 + 六脉红灯大于5,186,0.0519,0.0475,1.093,0.3978,0.3768,0.021,L2
3买,BOLL突破上轨 + 六脉红灯大于6,184,0.0519,0.0466,1.113,0.4022,0.3768,0.0254,L2
3买,BOLL突破上轨 + 六脉6红首发,184,0.0519,0.0466,1.113,0.4022,0.3768,0.0254,L2
3买,BOLL突破上轨 + 六脉5红首发,186,0.0519,0.0475,1.093,0.3978,0.3768,0.021,L2
3买,BOLL突破上轨 + 偏多共振,66,0.0147,0.0191,0.772,0.3182,0.3768,-0.0586,L2
3买,BOLL突破上轨 + 多头共振,66,0.0147,0.0191,0.772,0.3182,0.3768,-0.0586,L2
3买,BOLL突破上轨 + 火箭信号,81,0.0266,0.0182,1.462,0.4691,0.3768,0.0923,L2
3买,BOLL突破上轨 + 中枢进机会区,65,0.0175,0.0169,1.034,0.3846,0.3768,0.0078,L2
3买,BOLL突破上轨 + 中枢极限底,51,0.0161,0.0119,1.358,0.451,0.3768,0.0742,L2
3买,BOLL突破上轨 + 中枢上穿中轴,142,0.0413,0.0352,1.176,0.4155,0.3768,0.0387,L2
3买,BOLL突破上轨 + 中枢底部蓄力,77,0.021,0.0199,1.056,0.3896,0.3768,0.0128,L2
3买,BOLL突破上轨 + 中枢底部回升,112,0.0301,0.0292,1.031,0.3839,0.3768,0.0071,L2
3买,BOLL突破上轨 + 大盘多头,94,0.0238,0.0254,0.937,0.3617,0.3768,-0.0151,L2
3买,BOLL突破上轨 + 大盘空头,54,0.0154,0.0136,1.137,0.4074,0.3768,0.0306,L2
3买,BOLL突破上轨 + 大盘安全,130,0.0343,0.0343,1.0,0.3769,0.3768,0.0001,L2
3买,BOLL突破上轨 + SID等于1,94,0.0238,0.0254,0.937,0.3617,0.3768,-0.0151,L2
3买,BOLL突破上轨 + SID等于2,117,0.035,0.0284,1.234,0.4274,0.3768,0.0505,L2
3买,BOLL突破上轨 + SID小于等于2,156,0.0434,0.0398,1.091,0.3974,0.3768,0.0206,L2
3买,BOLL突破上轨 + 大盘5日上涨,138,0.0343,0.0377,0.911,0.3551,0.3768,-0.0217,L2
3买,BOLL突破上轨 + 相对强弱大于0,181,0.0498,0.0466,1.067,0.3923,0.3768,0.0154,L2
3买,BOLL突破上轨 + 相对强弱大于5,130,0.0357,0.0335,1.068,0.3923,0.3768,0.0155,L2
3买,BOLL突破上轨 + 量比>=1.3,50,0.0119,0.014,0.852,0.34,0.3768,-0.0368,L2
3买,BOLL突破上轨 + 距前低<=10%,98,0.0301,0.0233,1.293,0.4388,0.3768,0.062,L2
3买,BOLL触下轨反弹 + BOLL开口扩张,2211,0.6097,0.5682,1.073,0.3935,0.3768,0.0167,L2
3买,BOLL触下轨反弹 + KDJ金叉态,1924,0.5508,0.4822,1.142,0.4085,0.3768,0.0317,L2
3买,BOLL触下轨反弹 + KDJ_J超卖,2129,0.583,0.5496,1.061,0.3908,0.3768,0.014,L2
3买,BOLL触下轨反弹 + KDJ低位金叉,1014,0.3062,0.2445,1.253,0.431,0.3768,0.0542,L2
3买,BOLL触下轨反弹 + KDJ_D小于30,1641,0.466,0.4136,1.127,0.4052,0.3768,0.0284,L2
3买,BOLL触下轨反弹 + RSI6大于50,1129,0.3055,0.2936,1.04,0.3862,0.3768,0.0094,L2
3买,BOLL触下轨反弹 + RSI金叉,1645,0.4597,0.4191,1.097,0.3988,0.3768,0.022,L2
3买,BOLL触下轨反弹 + RSI6超卖,1918,0.5361,0.4886,1.097,0.3989,0.3768,0.022,L2
3买,BOLL触下轨反弹 + RSI底背离,867,0.1976,0.2479,0.797,0.3253,0.3768,-0.0516,L2
3买,BOLL触下轨反弹 + 威科夫得分大于4,531,0.1324,0.1449,0.914,0.3559,0.3768,-0.0209,L2
3买,BOLL触下轨反弹 + 威科夫得分大于7,201,0.0498,0.0551,0.903,0.3532,0.3768,-0.0236,L2
3买,BOLL触下轨反弹 + 积累阶段,1131,0.2754,0.3127,0.881,0.3475,0.3768,-0.0293,L2
3买,BOLL触下轨反弹 + 黄金柱,87,0.0259,0.0212,1.224,0.4253,0.3768,0.0485,L2
3买,BOLL触下轨反弹 + 量能金叉,413,0.131,0.0958,1.368,0.4528,0.3768,0.076,L2
3买,BOLL触下轨反弹 + 六脉红灯大于5,1357,0.3791,0.3458,1.096,0.3987,0.3768,0.0219,L2
3买,BOLL触下轨反弹 + 六脉红灯大于6,954,0.2551,0.25,1.02,0.3816,0.3768,0.0047,L2
3买,BOLL触下轨反弹 + 六脉6红首发,954,0.2551,0.25,1.02,0.3816,0.3768,0.0047,L2
3买,BOLL触下轨反弹 + 六脉5红首发,1357,0.3791,0.3458,1.096,0.3987,0.3768,0.0219,L2
3买,BOLL触下轨反弹 + 偏多共振,433,0.1121,0.1157,0.969,0.3695,0.3768,-0.0073,L2
3买,BOLL触下轨反弹 + 多头共振,432,0.1121,0.1153,0.973,0.3704,0.3768,-0.0064,L2
3买,BOLL触下轨反弹 + 火箭信号,157,0.0575,0.0318,1.808,0.5223,0.3768,0.1455,L2
3买,BOLL触下轨反弹 + 极限抄底,109,0.042,0.0208,2.025,0.5505,0.3768,0.1736,L2
3买,BOLL触下轨反弹 + 中枢进机会区,1024,0.2901,0.2585,1.122,0.4043,0.3768,0.0275,L2
3买,BOLL触下轨反弹 + 中枢极限底,994,0.295,0.2428,1.215,0.4235,0.3768,0.0467,L2
3买,BOLL触下轨反弹 + 中枢上穿中轴,492,0.1521,0.1165,1.305,0.4411,0.3768,0.0642,L2
3买,BOLL触下轨反弹 + 中枢底部蓄力,1478,0.391,0.3898,1.003,0.3775,0.3768,0.0007,L2
3买,BOLL触下轨反弹 + 中枢底部回升,1826,0.5158,0.4619,1.117,0.4031,0.3768,0.0263,L2
3买,BOLL触下轨反弹 + 大盘多头,970,0.2158,0.2805,0.769,0.3175,0.3768,-0.0593,L2
3买,BOLL触下轨反弹 + 大盘空头,741,0.1745,0.2085,0.837,0.336,0.3768,-0.0408,L2
3买,BOLL触下轨反弹 + 大盘安全,1340,0.2936,0.3903,0.752,0.3127,0.3768,-0.0641,L2
3买,BOLL触下轨反弹 + SID等于1,970,0.2158,0.2805,0.769,0.3175,0.3768,-0.0593,L2
3买,BOLL触下轨反弹 + SID等于2,1693,0.4856,0.4237,1.146,0.4093,0.3768,0.0325,L2
3买,BOLL触下轨反弹 + SID小于等于2,2003,0.5452,0.5191,1.05,0.3884,0.3768,0.0116,L2
3买,BOLL触下轨反弹 + 大盘5日上涨,1507,0.3329,0.4373,0.761,0.3152,0.3768,-0.0616,L2
3买,BOLL触下轨反弹 + 相对强弱大于0,846,0.2348,0.2165,1.084,0.396,0.3768,0.0192,L2
3买,BOLL触下轨反弹 + 相对强弱大于5,223,0.0722,0.0508,1.42,0.4619,0.3768,0.0851,L2
3买,BOLL触下轨反弹 + 量比>=1.3,484,0.1689,0.103,1.64,0.4979,0.3768,0.1211,L2
3买,BOLL触下轨反弹 + 量比>=2,104,0.0413,0.0191,2.168,0.5673,0.3768,0.1905,L2
3买,BOLL触下轨反弹 + 距前高<=10%,230,0.0554,0.064,0.865,0.3435,0.3768,-0.0333,L2
3买,BOLL触下轨反弹 + 深跌(距前高>40%),83,0.0231,0.0212,1.092,0.3976,0.3768,0.0208,L2
3买,BOLL触下轨反弹 + 距前低<=10%,1366,0.3511,0.3665,0.958,0.3668,0.3768,-0.0101,L2
3买,BOLL触下轨反弹 + 相对强弱>=0,195,0.0533,0.0504,1.056,0.3897,0.3768,0.0129,L2
3买,BOLL开口扩张 + KDJ金叉态,2886,0.7926,0.7436,1.066,0.3919,0.3768,0.0151,L2
3买,BOLL开口扩张 + KDJ_J超卖,3169,0.8655,0.8195,1.056,0.3897,0.3768,0.0129,L2
3买,BOLL开口扩张 + KDJ低位金叉,1610,0.4632,0.4021,1.152,0.4106,0.3768,0.0337,L2
3买,BOLL开口扩张 + KDJ_D小于30,2572,0.7071,0.6623,1.068,0.3923,0.3768,0.0155,L2
3买,BOLL开口扩张 + RSI6大于50,1691,0.4485,0.4453,1.007,0.3785,0.3768,0.0017,L2
3买,BOLL开口扩张 + RSI金叉,2451,0.6643,0.6369,1.043,0.3868,0.3768,0.01,L2
3买,BOLL开口扩张 + RSI6超卖,2748,0.7631,0.703,1.086,0.3963,0.3768,0.0195,L2
3买,BOLL开口扩张 + RSI底背离,1341,0.2999,0.3869,0.775,0.3192,0.3768,-0.0577,L2
3买,BOLL开口扩张 + 威科夫得分大于4,730,0.1857,0.197,0.942,0.363,0.3768,-0.0138,L2
3买,BOLL开口扩张 + 威科夫得分大于7,278,0.0659,0.078,0.845,0.3381,0.3768,-0.0387,L2
3买,BOLL开口扩张 + 积累阶段,1579,0.3819,0.4381,0.872,0.3452,0.3768,-0.0317,L2
3买,BOLL开口扩张 + 黄金柱,159,0.0385,0.0441,0.875,0.3459,0.3768,-0.0309,L2
3买,BOLL开口扩张 + 量能金叉,582,0.1773,0.1394,1.272,0.4347,0.3768,0.0579,L2
3买,BOLL开口扩张 + 六脉红灯大于5,2098,0.5529,0.5547,0.997,0.3761,0.3768,-0.0007,L2
3买,BOLL开口扩张 + 六脉红灯大于6,1411,0.3728,0.3725,1.001,0.377,0.3768,0.0002,L2
3买,BOLL开口扩张 + 六脉6红首发,1411,0.3728,0.3725,1.001,0.377,0.3768,0.0002,L2
3买,BOLL开口扩张 + 六脉5红首发,2098,0.5529,0.5547,0.997,0.3761,0.3768,-0.0007,L2
3买,BOLL开口扩张 + 偏多共振,659,0.1738,0.1742,0.998,0.3763,0.3768,-0.0005,L2
3买,BOLL开口扩张 + 多头共振,657,0.1738,0.1733,1.003,0.3775,0.3768,0.0007,L2
3买,BOLL开口扩张 + 火箭信号,267,0.0897,0.0589,1.523,0.4794,0.3768,0.1026,L2
3买,BOLL开口扩张 + 极限抄底,171,0.068,0.0314,2.168,0.5673,0.3768,0.1904,L2
3买,BOLL开口扩张 + 中枢进机会区,1445,0.4163,0.3606,1.154,0.4111,0.3768,0.0343,L2
3买,BOLL开口扩张 + 中枢极限底,1485,0.4198,0.3754,1.118,0.4034,0.3768,0.0266,L2
3买,BOLL开口扩张 + 中枢上穿中轴,689,0.2046,0.1682,1.216,0.4238,0.3768,0.047,L2
3买,BOLL开口扩张 + 中枢底部蓄力,2226,0.5767,0.5945,0.97,0.3697,0.3768,-0.0071,L2
3买,BOLL开口扩张 + 中枢底部回升,2678,0.7393,0.6877,1.075,0.394,0.3768,0.0171,L2
3买,BOLL开口扩张 + 大盘多头,1452,0.3181,0.4229,0.752,0.3127,0.3768,-0.0641,L2
3买,BOLL开口扩张 + 大盘空头,1104,0.267,0.3064,0.872,0.3451,0.3768,-0.0317,L2
3买,BOLL开口扩张 + 大盘安全,1972,0.4317,0.5746,0.751,0.3124,0.3768,-0.0644,L2
3买,BOLL开口扩张 + SID等于1,1452,0.3181,0.4229,0.752,0.3127,0.3768,-0.0641,L2
3买,BOLL开口扩张 + SID等于2,2428,0.6903,0.6114,1.129,0.4057,0.3768,0.0289,L2
3买,BOLL开口扩张 + SID小于等于2,2919,0.7807,0.7648,1.021,0.3816,0.3768,0.0048,L2
3买,BOLL开口扩张 + 大盘5日上涨,2298,0.513,0.6636,0.773,0.3185,0.3768,-0.0583,L2
3买,BOLL开口扩张 + 相对强弱大于0,1264,0.3455,0.3267,1.058,0.39,0.3768,0.0132,L2
3买,BOLL开口扩张 + 相对强弱大于5,357,0.1079,0.086,1.255,0.4314,0.3768,0.0546,L2
3买,BOLL开口扩张 + 量比>=1.3,637,0.22,0.1369,1.608,0.4929,0.3768,0.1161,L2
3买,BOLL开口扩张 + 量比>=2,136,0.0533,0.0254,2.095,0.5588,0.3768,0.182,L2
3买,BOLL开口扩张 + 距前高<=10%,304,0.0715,0.0856,0.835,0.3355,0.3768,-0.0413,L2
3买,BOLL开口扩张 + 深跌(距前高>40%),164,0.0448,0.0424,1.058,0.3902,0.3768,0.0134,L2
3买,BOLL开口扩张 + 距前低<=10%,2012,0.52,0.5381,0.966,0.3688,0.3768,-0.008,L2
3买,BOLL开口扩张 + 相对强弱>=0,262,0.0666,0.0708,0.941,0.3626,0.3768,-0.0142,L2
3买,KDJ金叉态 + KDJ_J超卖,2839,0.7772,0.7331,1.06,0.3906,0.3768,0.0138,L2
3买,KDJ金叉态 + KDJ低位金叉,1716,0.4828,0.4352,1.11,0.4015,0.3768,0.0247,L2
3买,KDJ金叉态 + KDJ_D小于30,2415,0.6629,0.6225,1.065,0.3917,0.3768,0.0149,L2
3买,KDJ金叉态 + RSI6大于50,1844,0.48,0.4911,0.977,0.3715,0.3768,-0.0053,L2
3买,KDJ金叉态 + RSI金叉,2574,0.6889,0.6742,1.022,0.3819,0.3768,0.0051,L2
3买,KDJ金叉态 + RSI6超卖,2451,0.6847,0.6246,1.096,0.3986,0.3768,0.0218,L2
3买,KDJ金叉态 + RSI底背离,1321,0.2985,0.3792,0.787,0.3225,0.3768,-0.0543,L2
3买,KDJ金叉态 + 威科夫得分大于4,592,0.1528,0.1585,0.964,0.3682,0.3768,-0.0086,L2
3买,KDJ金叉态 + 威科夫得分大于7,231,0.0589,0.0623,0.945,0.3636,0.3768,-0.0132,L2
3买,KDJ金叉态 + 积累阶段,1503,0.3595,0.4195,0.857,0.3413,0.3768,-0.0355,L2
3买,KDJ金叉态 + 黄金柱,186,0.0427,0.053,0.807,0.328,0.3768,-0.0489,L2
3买,KDJ金叉态 + 量能金叉,560,0.1745,0.1318,1.324,0.4446,0.3768,0.0678,L2
3买,KDJ金叉态 + 六脉红灯大于5,2344,0.6069,0.6263,0.969,0.3695,0.3768,-0.0074,L2
3买,KDJ金叉态 + 六脉红灯大于6,1581,0.405,0.425,0.953,0.3656,0.3768,-0.0112,L2
3买,KDJ金叉态 + 六脉6红首发,1581,0.405,0.425,0.953,0.3656,0.3768,-0.0112,L2
3买,KDJ金叉态 + 六脉5红首发,2344,0.6069,0.6263,0.969,0.3695,0.3768,-0.0074,L2
3买,KDJ金叉态 + 偏多共振,497,0.1275,0.1335,0.956,0.3662,0.3768,-0.0106,L2
3买,KDJ金叉态 + 多头共振,496,0.1275,0.1331,0.959,0.3669,0.3768,-0.0099,L2
3买,KDJ金叉态 + 火箭信号,271,0.0897,0.0606,1.48,0.4723,0.3768,0.0955,L2
3买,KDJ金叉态 + 极限抄底,160,0.0624,0.0301,2.073,0.5563,0.3768,0.1794,L2
3买,KDJ金叉态 + 中枢进机会区,1214,0.3511,0.3021,1.162,0.4127,0.3768,0.0359,L2
3买,KDJ金叉态 + 中枢极限底,1386,0.391,0.3508,1.115,0.4026,0.3768,0.0258,L2
3买,KDJ金叉态 + 中枢上穿中轴,662,0.1983,0.1606,1.235,0.4275,0.3768,0.0507,L2
3买,KDJ金叉态 + 中枢底部蓄力,2125,0.5473,0.5695,0.961,0.3675,0.3768,-0.0093,L2
3买,KDJ金叉态 + 中枢底部回升,2516,0.6889,0.6496,1.06,0.3907,0.3768,0.0139,L2
3买,KDJ金叉态 + 大盘多头,1336,0.2929,0.389,0.753,0.3129,0.3768,-0.0639,L2
3买,KDJ金叉态 + 大盘空头,1062,0.2642,0.2903,0.91,0.355,0.3768,-0.0218,L2
3买,KDJ金叉态 + 大盘安全,1835,0.405,0.5326,0.76,0.315,0.3768,-0.0618,L2
3买,KDJ金叉态 + SID等于1,1336,0.2929,0.389,0.753,0.3129,0.3768,-0.0639,L2
3买,KDJ金叉态 + SID等于2,2196,0.623,0.5538,1.125,0.4048,0.3768,0.028,L2
3买,KDJ金叉态 + SID小于等于2,2657,0.705,0.6996,1.008,0.3786,0.3768,0.0018,L2
3买,KDJ金叉态 + 大盘5日上涨,2191,0.4912,0.6314,0.778,0.3199,0.3768,-0.0569,L2
3买,KDJ金叉态 + 相对强弱大于0,1271,0.3392,0.3335,1.017,0.3808,0.3768,0.004,L2
3买,KDJ金叉态 + 相对强弱大于5,370,0.1107,0.0898,1.233,0.427,0.3768,0.0502,L2
3买,KDJ金叉态 + 量比>=1.3,632,0.2151,0.1377,1.562,0.4858,0.3768,0.1089,L2
3买,KDJ金叉态 + 量比>=2,135,0.0519,0.0258,2.006,0.5481,0.3768,0.1713,L2
3买,KDJ金叉态 + 距前高<=10%,265,0.0617,0.075,0.822,0.3321,0.3768,-0.0447,L2
3买,KDJ金叉态 + 深跌(距前高>40%),166,0.042,0.0449,0.936,0.3614,0.3768,-0.0154,L2
3买,KDJ金叉态 + 距前低<=10%,1863,0.4716,0.5042,0.935,0.3612,0.3768,-0.0156,L2
3买,KDJ金叉态 + 相对强弱>=0,281,0.0694,0.0771,0.9,0.3523,0.3768,-0.0245,L2
3买,KDJ_J超卖 + KDJ低位金叉,1667,0.4709,0.4216,1.117,0.4031,0.3768,0.0263,L2
3买,KDJ_J超卖 + KDJ_D小于30,2635,0.7134,0.6852,1.041,0.3863,0.3768,0.0095,L2
3买,KDJ_J超卖 + RSI6大于50,1665,0.438,0.4407,0.994,0.3754,0.3768,-0.0014,L2
3买,KDJ_J超卖 + RSI金叉,2433,0.6566,0.6339,1.036,0.3851,0.3768,0.0083,L2
3买,KDJ_J超卖 + RSI6超卖,2799,0.768,0.7216,1.064,0.3916,0.3768,0.0148,L2
3买,KDJ_J超卖 + RSI底背离,1388,0.302,0.4055,0.745,0.3105,0.3768,-0.0663,L2
3买,KDJ_J超卖 + 威科夫得分大于4,670,0.1738,0.1788,0.972,0.3701,0.3768,-0.0067,L2
3买,KDJ_J超卖 + 威科夫得分大于7,254,0.0596,0.0716,0.832,0.3346,0.3768,-0.0422,L2
3买,KDJ_J超卖 + 积累阶段,1609,0.3903,0.4458,0.876,0.3462,0.3768,-0.0306,L2
3买,KDJ_J超卖 + 黄金柱,150,0.0343,0.0428,0.802,0.3267,0.3768,-0.0501,L2
3买,KDJ_J超卖 + 量能金叉,542,0.1633,0.1309,1.247,0.4299,0.3768,0.0531,L2
3买,KDJ_J超卖 + 六脉红灯大于5,2055,0.541,0.5436,0.995,0.3757,0.3768,-0.0011,L2
3买,KDJ_J超卖 + 六脉红灯大于6,1354,0.3539,0.3597,0.984,0.373,0.3768,-0.0038,L2
3买,KDJ_J超卖 + 六脉6红首发,1354,0.3539,0.3597,0.984,0.373,0.3768,-0.0038,L2
3买,KDJ_J超卖 + 六脉5红首发,2055,0.541,0.5436,0.995,0.3757,0.3768,-0.0011,L2
3买,KDJ_J超卖 + 偏多共振,654,0.1724,0.1729,0.997,0.3761,0.3768,-0.0007,L2
3买,KDJ_J超卖 + 多头共振,652,0.1724,0.172,1.002,0.3773,0.3768,0.0005,L2
3买,KDJ_J超卖 + 火箭信号,260,0.0855,0.0585,1.462,0.4692,0.3768,0.0924,L2
3买,KDJ_J超卖 + 极限抄底,174,0.0666,0.0335,1.989,0.546,0.3768,0.1692,L2
3买,KDJ_J超卖 + 中枢进机会区,1399,0.4001,0.3508,1.14,0.4081,0.3768,0.0313,L2
3买,KDJ_J超卖 + 中枢极限底,1554,0.4289,0.3992,1.074,0.3938,0.3768,0.017,L2
3买,KDJ_J超卖 + 中枢上穿中轴,628,0.1829,0.1555,1.176,0.4156,0.3768,0.0388,L2
3买,KDJ_J超卖 + 中枢底部蓄力,2275,0.5837,0.611,0.955,0.3662,0.3768,-0.0107,L2
3买,KDJ_J超卖 + 中枢底部回升,2696,0.7372,0.6966,1.058,0.3902,0.3768,0.0134,L2
3买,KDJ_J超卖 + 大盘多头,1446,0.316,0.4216,0.75,0.3119,0.3768,-0.0649,L2
3买,KDJ_J超卖 + 大盘空头,1117,0.2719,0.3089,0.88,0.3474,0.3768,-0.0295,L2
3买,KDJ_J超卖 + 大盘安全,1983,0.4296,0.5805,0.74,0.3091,0.3768,-0.0677,L2
3买,KDJ_J超卖 + SID等于1,1446,0.316,0.4216,0.75,0.3119,0.3768,-0.0649,L2
3买,KDJ_J超卖 + SID等于2,2442,0.684,0.6212,1.101,0.3997,0.3768,0.0229,L2
3买,KDJ_J超卖 + SID小于等于2,2900,0.7645,0.7665,0.997,0.3762,0.3768,-0.0006,L2
3买,KDJ_J超卖 + 大盘5日上涨,2313,0.5165,0.6678,0.773,0.3186,0.3768,-0.0582,L2
3买,KDJ_J超卖 + 相对强弱大于0,1219,0.3364,0.3131,1.074,0.3938,0.3768,0.0169,L2
3买,KDJ_J超卖 + 相对强弱大于5,316,0.0953,0.0763,1.25,0.4304,0.3768,0.0536,L2
3买,KDJ_J超卖 + 量比>=1.3,598,0.2067,0.1284,1.61,0.4933,0.3768,0.1165,L2
3买,KDJ_J超卖 + 量比>=2,128,0.0463,0.0263,1.761,0.5156,0.3768,0.1388,L2
3买,KDJ_J超卖 + 距前高<=10%,271,0.0631,0.0767,0.822,0.3321,0.3768,-0.0447,L2
3买,KDJ_J超卖 + 深跌(距前高>40%),172,0.0448,0.0458,0.98,0.3721,0.3768,-0.0047,L2
3买,KDJ_J超卖 + 距前低<=10%,2015,0.5116,0.5445,0.94,0.3623,0.3768,-0.0145,L2
3买,KDJ_J超卖 + 相对强弱>=0,224,0.0575,0.0602,0.955,0.3661,0.3768,-0.0107,L2
3买,KDJ低位金叉 + KDJ_D小于30,1716,0.4828,0.4352,1.11,0.4015,0.3768,0.0247,L2
3买,KDJ低位金叉 + RSI6大于50,621,0.1759,0.1568,1.122,0.4042,0.3768,0.0274,L2
3买,KDJ低位金叉 + RSI金叉,1255,0.3602,0.314,1.147,0.4096,0.3768,0.0327,L2
3买,KDJ低位金叉 + RSI6超卖,1537,0.4457,0.3818,1.167,0.4138,0.3768,0.037,L2
3买,KDJ低位金叉 + RSI底背离,716,0.1654,0.2034,0.813,0.3296,0.3768,-0.0472,L2
3买,KDJ低位金叉 + 威科夫得分大于4,87,0.0217,0.0237,0.916,0.3563,0.3768,-0.0205,L2
3买,KDJ低位金叉 + 积累阶段,778,0.185,0.2178,0.849,0.3393,0.3768,-0.0375,L2
3买,KDJ低位金叉 + 黄金柱,57,0.0126,0.0165,0.763,0.3158,0.3768,-0.061,L2
3买,KDJ低位金叉 + 量能金叉,217,0.0729,0.0479,1.522,0.4793,0.3768,0.1024,L2
3买,KDJ低位金叉 + 六脉红灯大于5,1081,0.2957,0.2792,1.059,0.3904,0.3768,0.0136,L2
3买,KDJ低位金叉 + 六脉红灯大于6,547,0.157,0.1369,1.147,0.4095,0.3768,0.0327,L2
3买,KDJ低位金叉 + 六脉6红首发,547,0.157,0.1369,1.147,0.4095,0.3768,0.0327,L2
3买,KDJ低位金叉 + 六脉5红首发,1081,0.2957,0.2792,1.059,0.3904,0.3768,0.0136,L2
3买,KDJ低位金叉 + 偏多共振,160,0.042,0.0424,0.992,0.375,0.3768,-0.0018,L2
3买,KDJ低位金叉 + 多头共振,159,0.042,0.0419,1.002,0.3774,0.3768,0.0005,L2
3买,KDJ低位金叉 + 火箭信号,81,0.0301,0.0161,1.871,0.5309,0.3768,0.154,L2
3买,KDJ低位金叉 + 极限抄底,144,0.054,0.0284,1.901,0.5347,0.3768,0.1579,L2
3买,KDJ低位金叉 + 中枢进机会区,580,0.1787,0.1377,1.298,0.4397,0.3768,0.0628,L2
3买,KDJ低位金叉 + 中枢极限底,845,0.2614,0.2,1.307,0.4414,0.3768,0.0646,L2
3买,KDJ低位金叉 + 中枢上穿中轴,134,0.0456,0.0292,1.558,0.4851,0.3768,0.1083,L2
3买,KDJ低位金叉 + 中枢底部蓄力,1398,0.3945,0.3538,1.115,0.4027,0.3768,0.0259,L2
3买,KDJ低位金叉 + 中枢底部回升,1514,0.4401,0.3754,1.172,0.4148,0.3768,0.038,L2
3买,KDJ低位金叉 + 大盘多头,620,0.1395,0.1784,0.782,0.321,0.3768,-0.0558,L2
3买,KDJ低位金叉 + 大盘空头,595,0.1493,0.1619,0.922,0.358,0.3768,-0.0188,L2
3买,KDJ低位金叉 + 大盘安全,872,0.1969,0.2504,0.786,0.3222,0.3768,-0.0546,L2
3买,KDJ低位金叉 + SID等于1,620,0.1395,0.1784,0.782,0.321,0.3768,-0.0558,L2
3买,KDJ低位金叉 + SID等于2,1215,0.3574,0.2987,1.196,0.4198,0.3768,0.0429,L2
3买,KDJ低位金叉 + SID小于等于2,1430,0.398,0.3653,1.09,0.3972,0.3768,0.0204,L2
3买,KDJ低位金叉 + 大盘5日上涨,1087,0.2474,0.311,0.795,0.3247,0.3768,-0.0521,L2
3买,KDJ低位金叉 + 相对强弱大于0,364,0.1051,0.0907,1.159,0.4121,0.3768,0.0353,L2
3买,KDJ低位金叉 + 相对强弱大于5,69,0.0252,0.014,1.804,0.5217,0.3768,0.1449,L2
3买,KDJ低位金叉 + 量比>=1.3,359,0.1437,0.0653,2.202,0.571,0.3768,0.1942,L2
3买,KDJ低位金叉 + 量比>=2,64,0.0287,0.0097,2.948,0.6406,0.3768,0.2638,L2
3买,KDJ低位金叉 + 距前高<=10%,51,0.0105,0.0153,0.689,0.2941,0.3768,-0.0827,L2
3买,KDJ低位金叉 + 深跌(距前高>40%),131,0.035,0.0343,1.021,0.3817,0.3768,0.0049,L2
3买,KDJ低位金叉 + 距前低<=10%,1074,0.2796,0.286,0.978,0.3715,0.3768,-0.0053,L2
3买,KDJ低位金叉 + 相对强弱>=0,58,0.014,0.0161,0.87,0.3448,0.3768,-0.032,L2
3买,KDJ_D小于30 + RSI6大于50,1201,0.3245,0.3127,1.038,0.3855,0.3768,0.0087,L2
3买,KDJ_D小于30 + RSI金叉,1950,0.5368,0.5017,1.07,0.3928,0.3768,0.016,L2
3买,KDJ_D小于30 + RSI6超卖,2353,0.651,0.6034,1.079,0.3948,0.3768,0.018,L2
3买,KDJ_D小于30 + RSI底背离,1193,0.2677,0.3436,0.779,0.3202,0.3768,-0.0566,L2
3买,KDJ_D小于30 + 威科夫得分大于4,275,0.0743,0.0716,1.037,0.3855,0.3768,0.0086,L2
3买,KDJ_D小于30 + 威科夫得分大于7,57,0.0168,0.014,1.203,0.4211,0.3768,0.0442,L2
3买,KDJ_D小于30 + 积累阶段,1327,0.3203,0.3686,0.869,0.3444,0.3768,-0.0324,L2
3买,KDJ_D小于30 + 黄金柱,116,0.0245,0.0343,0.715,0.3017,0.3768,-0.0751,L2
3买,KDJ_D小于30 + 量能金叉,394,0.1247,0.0915,1.363,0.4518,0.3768,0.075,L2
3买,KDJ_D小于30 + 六脉红灯大于5,1710,0.4555,0.4492,1.014,0.3801,0.3768,0.0033,L2
3买,KDJ_D小于30 + 六脉红灯大于6,1061,0.2852,0.2771,1.029,0.3836,0.3768,0.0068,L2
3买,KDJ_D小于30 + 六脉6红首发,1061,0.2852,0.2771,1.029,0.3836,0.3768,0.0068,L2
3买,KDJ_D小于30 + 六脉5红首发,1710,0.4555,0.4492,1.014,0.3801,0.3768,0.0033,L2
3买,KDJ_D小于30 + 偏多共振,370,0.0946,0.0996,0.95,0.3649,0.3768,-0.012,L2
3买,KDJ_D小于30 + 多头共振,368,0.0946,0.0987,0.958,0.3668,0.3768,-0.01,L2
3买,KDJ_D小于30 + 火箭信号,185,0.0617,0.0411,1.5,0.4757,0.3768,0.0989,L2
3买,KDJ_D小于30 + 极限抄底,164,0.0624,0.0318,1.963,0.5427,0.3768,0.1659,L2
3买,KDJ_D小于30 + 中枢进机会区,1074,0.3224,0.2602,1.239,0.4283,0.3768,0.0515,L2
3买,KDJ_D小于30 + 中枢极限底,1351,0.3826,0.3411,1.122,0.4041,0.3768,0.0273,L2
3买,KDJ_D小于30 + 中枢上穿中轴,351,0.1058,0.0847,1.249,0.4302,0.3768,0.0534,L2
3买,KDJ_D小于30 + 中枢底部蓄力,2104,0.5606,0.5525,1.015,0.3802,0.3768,0.0034,L2
3买,KDJ_D小于30 + 中枢底部回升,2321,0.6468,0.5924,1.092,0.3977,0.3768,0.0209,L2
3买,KDJ_D小于30 + 大盘多头,1100,0.2425,0.3195,0.759,0.3145,0.3768,-0.0623,L2
3买,KDJ_D小于30 + 大盘空头,943,0.2306,0.2602,0.886,0.3489,0.3768,-0.0279,L2
3买,KDJ_D小于30 + 大盘安全,1521,0.3294,0.4453,0.74,0.309,0.3768,-0.0678,L2
3买,KDJ_D小于30 + SID等于1,1100,0.2425,0.3195,0.759,0.3145,0.3768,-0.0623,L2
3买,KDJ_D小于30 + SID等于2,1931,0.5445,0.489,1.114,0.4024,0.3768,0.0256,L2
3买,KDJ_D小于30 + SID小于等于2,2305,0.6104,0.6076,1.005,0.3779,0.3768,0.0011,L2
3买,KDJ_D小于30 + 大盘5日上涨,1845,0.4093,0.5343,0.766,0.3165,0.3768,-0.0603,L2
3买,KDJ_D小于30 + 相对强弱大于0,780,0.2235,0.1953,1.144,0.409,0.3768,0.0322,L2
3买,KDJ_D小于30 + 相对强弱大于5,183,0.0603,0.0411,1.466,0.4699,0.3768,0.0931,L2
3买,KDJ_D小于30 + 量比>=1.3,513,0.1829,0.1068,1.713,0.5088,0.3768,0.132,L2
3买,KDJ_D小于30 + 量比>=2,104,0.0427,0.0182,2.346,0.5865,0.3768,0.2097,L2
3买,KDJ_D小于30 + 距前高<=10%,127,0.0273,0.0373,0.733,0.3071,0.3768,-0.0697,L2
3买,KDJ_D小于30 + 深跌(距前高>40%),171,0.0448,0.0453,0.989,0.3743,0.3768,-0.0025,L2
3买,KDJ_D小于30 + 距前低<=10%,1691,0.4331,0.4547,0.953,0.3655,0.3768,-0.0114,L2
3买,KDJ_D小于30 + 相对强弱>=0,121,0.0308,0.0326,0.945,0.3636,0.3768,-0.0132,L2
3买,RSI6大于50 + RSI金叉,1856,0.4793,0.4966,0.965,0.3685,0.3768,-0.0083,L2
3买,RSI6大于50 + RSI6超卖,1279,0.3455,0.3331,1.037,0.3855,0.3768,0.0086,L2
3买,RSI6大于50 + RSI底背离,802,0.1892,0.2254,0.839,0.3367,0.3768,-0.0402,L2
3买,RSI6大于50 + 威科夫得分大于4,587,0.1465,0.1602,0.914,0.356,0.3768,-0.0208,L2
3买,RSI6大于50 + 威科夫得分大于7,256,0.0617,0.0712,0.866,0.3438,0.3768,-0.0331,L2
3买,RSI6大于50 + 积累阶段,970,0.2411,0.2653,0.909,0.3546,0.3768,-0.0222,L2
3买,RSI6大于50 + 黄金柱,186,0.0427,0.053,0.807,0.328,0.3768,-0.0489,L2
3买,RSI6大于50 + 量能金叉,438,0.1198,0.1131,1.059,0.3904,0.3768,0.0136,L2
3买,RSI6大于50 + 六脉红灯大于5,1769,0.4597,0.4716,0.975,0.3708,0.3768,-0.006,L2
3买,RSI6大于50 + 六脉红灯大于6,1568,0.405,0.4195,0.966,0.3686,0.3768,-0.0082,L2
3买,RSI6大于50 + 六脉6红首发,1568,0.405,0.4195,0.966,0.3686,0.3768,-0.0082,L2
3买,RSI6大于50 + 六脉5红首发,1769,0.4597,0.4716,0.975,0.3708,0.3768,-0.006,L2
3买,RSI6大于50 + 偏多共振,415,0.1016,0.1144,0.888,0.3494,0.3768,-0.0274,L2
3买,RSI6大于50 + 多头共振,414,0.1016,0.114,0.891,0.3502,0.3768,-0.0266,L2
3买,RSI6大于50 + 火箭信号,260,0.0862,0.0581,1.485,0.4731,0.3768,0.0963,L2
3买,RSI6大于50 + 中枢进机会区,716,0.1885,0.1894,0.995,0.3757,0.3768,-0.0011,L2
3买,RSI6大于50 + 中枢极限底,749,0.192,0.2013,0.954,0.3658,0.3768,-0.011,L2
3买,RSI6大于50 + 中枢上穿中轴,681,0.1983,0.1686,1.176,0.4156,0.3768,0.0387,L2
3买,RSI6大于50 + 中枢底部蓄力,1103,0.2614,0.3093,0.845,0.3382,0.3768,-0.0386,L2
3买,RSI6大于50 + 中枢底部回升,1390,0.356,0.3737,0.953,0.3655,0.3768,-0.0113,L2
3买,RSI6大于50 + 大盘多头,909,0.2074,0.2597,0.799,0.3256,0.3768,-0.0512,L2
3买,RSI6大于50 + 大盘空头,680,0.1717,0.1843,0.931,0.3603,0.3768,-0.0165,L2
3买,RSI6大于50 + 大盘安全,1281,0.2922,0.3661,0.798,0.3255,0.3768,-0.0513,L2
3买,RSI6大于50 + SID等于1,909,0.2074,0.2597,0.799,0.3256,0.3768,-0.0512,L2
3买,RSI6大于50 + SID等于2,1306,0.3511,0.3411,1.029,0.3836,0.3768,0.0068,L2
3买,RSI6大于50 + SID小于等于2,1607,0.4057,0.4356,0.931,0.3603,0.3768,-0.0165,L2
3买,RSI6大于50 + 大盘5日上涨,1483,0.3441,0.4203,0.819,0.3311,0.3768,-0.0457,L2
3买,RSI6大于50 + 相对强弱大于0,1176,0.3097,0.311,0.996,0.3759,0.3768,-0.001,L2
3买,RSI6大于50 + 相对强弱大于5,376,0.1135,0.0907,1.252,0.4309,0.3768,0.054,L2
3买,RSI6大于50 + 量比>=1.3,355,0.096,0.0924,1.039,0.3859,0.3768,0.0091,L2
3买,RSI6大于50 + 量比>=2,84,0.028,0.0186,1.503,0.4762,0.3768,0.0994,L2
3买,RSI6大于50 + 距前高<=10%,252,0.0561,0.0729,0.769,0.3175,0.3768,-0.0594,L2
3买,RSI6大于50 + 深跌(距前高>40%),58,0.0112,0.0178,0.63,0.2759,0.3768,-0.101,L2
3买,RSI6大于50 + 距前低<=10%,1074,0.267,0.2936,0.909,0.3547,0.3768,-0.0221,L2
3买,RSI6大于50 + 相对强弱>=0,258,0.0652,0.0699,0.932,0.3605,0.3768,-0.0164,L2
3买,RSI金叉 + RSI6超卖,2046,0.5613,0.5275,1.064,0.3915,0.3768,0.0147,L2
3买,RSI金叉 + RSI底背离,1221,0.2761,0.3504,0.788,0.3227,0.3768,-0.0541,L2
3买,RSI金叉 + 威科夫得分大于4,586,0.1465,0.1597,0.917,0.3567,0.3768,-0.0202,L2
3买,RSI金叉 + 威科夫得分大于7,238,0.0568,0.0665,0.853,0.3403,0.3768,-0.0365,L2
3买,RSI金叉 + 积累阶段,1376,0.3238,0.3873,0.836,0.3358,0.3768,-0.0411,L2
3买,RSI金叉 + 黄金柱,187,0.042,0.0538,0.781,0.3209,0.3768,-0.056,L2
3买,RSI金叉 + 量能金叉,523,0.1563,0.1271,1.229,0.4264,0.3768,0.0496,L2
3买,RSI金叉 + 六脉红灯大于5,2272,0.5886,0.6068,0.97,0.3697,0.3768,-0.0071,L2
3买,RSI金叉 + 六脉红灯大于6,1565,0.3994,0.4216,0.947,0.3642,0.3768,-0.0126,L2
3买,RSI金叉 + 六脉6红首发,1565,0.3994,0.4216,0.947,0.3642,0.3768,-0.0126,L2
3买,RSI金叉 + 六脉5红首发,2272,0.5886,0.6068,0.97,0.3697,0.3768,-0.0071,L2
3买,RSI金叉 + 偏多共振,397,0.1037,0.1055,0.983,0.3728,0.3768,-0.004,L2
3买,RSI金叉 + 多头共振,396,0.1037,0.1051,0.987,0.3737,0.3768,-0.0031,L2
3买,RSI金叉 + 火箭信号,274,0.0904,0.0614,1.471,0.4708,0.3768,0.094,L2
3买,RSI金叉 + 极限抄底,111,0.0434,0.0208,2.093,0.5586,0.3768,0.1817,L2
3买,RSI金叉 + 中枢进机会区,1050,0.2824,0.2742,1.03,0.3838,0.3768,0.007,L2
3买,RSI金叉 + 中枢极限底,1242,0.3259,0.3292,0.99,0.3744,0.3768,-0.0024,L2
3买,RSI金叉 + 中枢上穿中轴,668,0.1976,0.1636,1.208,0.4222,0.3768,0.0453,L2
3买,RSI金叉 + 中枢底部蓄力,1849,0.459,0.5059,0.907,0.3542,0.3768,-0.0226,L2
3买,RSI金叉 + 中枢底部回升,2211,0.5802,0.586,0.99,0.3745,0.3768,-0.0023,L2
3买,RSI金叉 + 大盘多头,1160,0.2628,0.3326,0.79,0.3233,0.3768,-0.0535,L2
3买,RSI金叉 + 大盘空头,978,0.2411,0.2686,0.897,0.3517,0.3768,-0.0251,L2
3买,RSI金叉 + 大盘安全,1637,0.3672,0.4716,0.779,0.3201,0.3768,-0.0567,L2
3买,RSI金叉 + SID等于1,1160,0.2628,0.3326,0.79,0.3233,0.3768,-0.0535,L2
3买,RSI金叉 + SID等于2,1854,0.5116,0.4763,1.074,0.3937,0.3768,0.0169,L2
3买,RSI金叉 + SID小于等于2,2235,0.5809,0.5958,0.975,0.3709,0.3768,-0.0059,L2
3买,RSI金叉 + 大盘5日上涨,1960,0.4499,0.5585,0.806,0.3276,0.3768,-0.0493,L2
3买,RSI金叉 + 相对强弱大于0,1245,0.3259,0.3305,0.986,0.3735,0.3768,-0.0033,L2
3买,RSI金叉 + 相对强弱大于5,358,0.1044,0.0886,1.179,0.4162,0.3768,0.0394,L2
3买,RSI金叉 + 量比>=1.3,546,0.1766,0.1246,1.418,0.4615,0.3768,0.0847,L2
3买,RSI金叉 + 量比>=2,125,0.0463,0.025,1.85,0.528,0.3768,0.1512,L2
3买,RSI金叉 + 距前高<=10%,250,0.0603,0.0695,0.867,0.344,0.3768,-0.0328,L2
3买,RSI金叉 + 深跌(距前高>40%),128,0.0315,0.0352,0.897,0.3516,0.3768,-0.0253,L2
3买,RSI金叉 + 距前低<=10%,1693,0.4135,0.4674,0.885,0.3485,0.3768,-0.0283,L2
3买,RSI金叉 + 相对强弱>=0,275,0.0687,0.075,0.916,0.3564,0.3768,-0.0205,L2
3买,RSI6超卖 + RSI底背离,1213,0.2649,0.3538,0.749,0.3116,0.3768,-0.0652,L2
3买,RSI6超卖 + 威科夫得分大于4,469,0.1254,0.1229,1.021,0.3817,0.3768,0.0048,L2
3买,RSI6超卖 + 威科夫得分大于7,145,0.0378,0.0386,0.981,0.3724,0.3768,-0.0044,L2
3买,RSI6超卖 + 积累阶段,1413,0.3392,0.3936,0.862,0.3425,0.3768,-0.0343,L2
3买,RSI6超卖 + 黄金柱,108,0.0259,0.0301,0.862,0.3426,0.3768,-0.0342,L2
3买,RSI6超卖 + 量能金叉,470,0.1514,0.1076,1.406,0.4596,0.3768,0.0828,L2
3买,RSI6超卖 + 六脉红灯大于5,1719,0.4597,0.4504,1.021,0.3816,0.3768,0.0048,L2
3买,RSI6超卖 + 六脉红灯大于6,1073,0.2859,0.2818,1.015,0.3802,0.3768,0.0034,L2
3买,RSI6超卖 + 六脉6红首发,1073,0.2859,0.2818,1.015,0.3802,0.3768,0.0034,L2
3买,RSI6超卖 + 六脉5红首发,1719,0.4597,0.4504,1.021,0.3816,0.3768,0.0048,L2
3买,RSI6超卖 + 偏多共振,467,0.1338,0.1169,1.144,0.409,0.3768,0.0322,L2
3买,RSI6超卖 + 多头共振,465,0.1338,0.1161,1.153,0.4108,0.3768,0.0339,L2
3买,RSI6超卖 + 火箭信号,203,0.0715,0.0428,1.67,0.5025,0.3768,0.1256,L2
3买,RSI6超卖 + 极限抄底,176,0.068,0.0335,2.031,0.5511,0.3768,0.1743,L2
3买,RSI6超卖 + 中枢进机会区,1236,0.3651,0.303,1.205,0.4215,0.3768,0.0447,L2
3买,RSI6超卖 + 中枢极限底,1442,0.4128,0.3614,1.142,0.4085,0.3768,0.0316,L2
3买,RSI6超卖 + 中枢上穿中轴,464,0.1416,0.111,1.275,0.4353,0.3768,0.0585,L2
3买,RSI6超卖 + 中枢底部蓄力,2102,0.5494,0.5585,0.984,0.373,0.3768,-0.0038,L2
3买,RSI6超卖 + 中枢底部回升,2466,0.6854,0.6305,1.087,0.3966,0.3768,0.0198,L2
3买,RSI6超卖 + 大盘多头,1147,0.2446,0.3381,0.723,0.3043,0.3768,-0.0725,L2
3买,RSI6超卖 + 大盘空头,993,0.2397,0.2758,0.869,0.3444,0.3768,-0.0324,L2
3买,RSI6超卖 + 大盘安全,1601,0.3371,0.4746,0.71,0.3004,0.3768,-0.0764,L2
3买,RSI6超卖 + SID等于1,1147,0.2446,0.3381,0.723,0.3043,0.3768,-0.0725,L2
3买,RSI6超卖 + SID等于2,2121,0.6034,0.5339,1.13,0.4059,0.3768,0.0291,L2
3买,RSI6超卖 + SID小于等于2,2464,0.6643,0.6424,1.034,0.3847,0.3768,0.0079,L2
3买,RSI6超卖 + 大盘5日上涨,1892,0.4205,0.5475,0.768,0.3171,0.3768,-0.0597,L2
3买,RSI6超卖 + 相对强弱大于0,913,0.2551,0.2326,1.097,0.3987,0.3768,0.0219,L2
3买,RSI6超卖 + 相对强弱大于5,223,0.0743,0.0496,1.498,0.4753,0.3768,0.0985,L2
3买,RSI6超卖 + 量比>=1.3,573,0.2032,0.1199,1.695,0.5061,0.3768,0.1293,L2
3买,RSI6超卖 + 量比>=2,122,0.047,0.0233,2.015,0.5492,0.3768,0.1724,L2
3买,RSI6超卖 + 距前高<=10%,200,0.0498,0.0547,0.91,0.355,0.3768,-0.0218,L2
3买,RSI6超卖 + 深跌(距前高>40%),168,0.0441,0.0445,0.992,0.375,0.3768,-0.0018,L2
3买,RSI6超卖 + 距前低<=10%,1843,0.4681,0.4979,0.94,0.3625,0.3768,-0.0144,L2
3买,RSI6超卖 + 相对强弱>=0,161,0.042,0.0428,0.982,0.3727,0.3768,-0.0041,L2
3买,RSI底背离 + 威科夫得分大于4,205,0.0441,0.0602,0.734,0.3073,0.3768,-0.0695,L2
3买,RSI底背离 + 威科夫得分大于7,69,0.0168,0.0191,0.882,0.3478,0.3768,-0.029,L2
3买,RSI底背离 + 积累阶段,847,0.1773,0.2517,0.704,0.2987,0.3768,-0.0781,L2
3买,RSI底背离 + 黄金柱,94,0.0182,0.0288,0.632,0.2766,0.3768,-0.1002,L2
3买,RSI底背离 + 量能金叉,213,0.0582,0.0551,1.056,0.3897,0.3768,0.0129,L2
3买,RSI底背离 + 六脉红灯大于5,1091,0.2495,0.3114,0.801,0.3263,0.3768,-0.0505,L2
3买,RSI底背离 + 六脉红灯大于6,727,0.171,0.2047,0.835,0.3356,0.3768,-0.0412,L2
3买,RSI底背离 + 六脉6红首发,727,0.171,0.2047,0.835,0.3356,0.3768,-0.0412,L2
3买,RSI底背离 + 六脉5红首发,1091,0.2495,0.3114,0.801,0.3263,0.3768,-0.0505,L2
3买,RSI底背离 + 偏多共振,100,0.0245,0.0275,0.891,0.35,0.3768,-0.0268,L2
3买,RSI底背离 + 多头共振,99,0.0245,0.0271,0.904,0.3535,0.3768,-0.0233,L2
3买,RSI底背离 + 火箭信号,106,0.0343,0.0242,1.422,0.4623,0.3768,0.0854,L2
3买,RSI底背离 + 中枢进机会区,669,0.1549,0.1898,0.816,0.3303,0.3768,-0.0465,L2
3买,RSI底背离 + 中枢极限底,888,0.1843,0.2648,0.696,0.2962,0.3768,-0.0806,L2
3买,RSI底背离 + 中枢上穿中轴,200,0.0582,0.0496,1.173,0.415,0.3768,0.0382,L2
3买,RSI底背离 + 中枢底部蓄力,1249,0.2642,0.3695,0.715,0.3018,0.3768,-0.075,L2
3买,RSI底背离 + 中枢底部回升,1372,0.3041,0.3975,0.765,0.3163,0.3768,-0.0605,L2
3买,RSI底背离 + 大盘多头,636,0.1156,0.1996,0.579,0.2594,0.3768,-0.1174,L2
3买,RSI底背离 + 大盘空头,611,0.1416,0.1733,0.817,0.3306,0.3768,-0.0462,L2
3买,RSI底背离 + 大盘安全,929,0.171,0.2903,0.589,0.2626,0.3768,-0.1142,L2
3买,RSI底背离 + SID等于1,636,0.1156,0.1996,0.579,0.2594,0.3768,-0.1174,L2
3买,RSI底背离 + SID等于2,1011,0.22,0.2953,0.745,0.3106,0.3768,-0.0662,L2
3买,RSI底背离 + SID小于等于2,1208,0.2523,0.3593,0.702,0.298,0.3768,-0.0788,L2
3买,RSI底背离 + 大盘5日上涨,1182,0.239,0.3564,0.671,0.2885,0.3768,-0.0883,L2
3买,RSI底背离 + 相对强弱大于0,572,0.1402,0.1576,0.889,0.3497,0.3768,-0.0272,L2
3买,RSI底背离 + 相对强弱大于5,160,0.0448,0.0407,1.103,0.4,0.3768,0.0232,L2
3买,RSI底背离 + 量比>=1.3,229,0.0526,0.0653,0.805,0.3275,0.3768,-0.0493,L2
3买,RSI底背离 + 量比>=2,52,0.0161,0.0123,1.312,0.4423,0.3768,0.0655,L2
3买,RSI底背离 + 距前高<=10%,82,0.0182,0.0237,0.768,0.3171,0.3768,-0.0597,L2
3买,RSI底背离 + 深跌(距前高>40%),73,0.0126,0.0233,0.541,0.2466,0.3768,-0.1302,L2
3买,RSI底背离 + 距前低<=10%,1126,0.2495,0.3263,0.765,0.3162,0.3768,-0.0607,L2
3买,RSI底背离 + 相对强弱>=0,123,0.0252,0.0369,0.684,0.2927,0.3768,-0.0841,L2
3买,威科夫得分大于4 + 威科夫得分大于7,309,0.0757,0.0852,0.889,0.3495,0.3768,-0.0273,L2
3买,威科夫得分大于4 + 积累阶段,273,0.0708,0.0729,0.971,0.37,0.3768,-0.0069,L2
3买,威科夫得分大于4 + 黄金柱,67,0.0147,0.0195,0.755,0.3134,0.3768,-0.0634,L2
3买,威科夫得分大于4 + 量能金叉,198,0.0498,0.0538,0.925,0.3586,0.3768,-0.0182,L2
3买,威科夫得分大于4 + 六脉红灯大于5,523,0.131,0.1424,0.92,0.3576,0.3768,-0.0193,L2
3买,威科夫得分大于4 + 六脉红灯大于6,447,0.1093,0.1233,0.887,0.349,0.3768,-0.0278,L2
3买,威科夫得分大于4 + 六脉6红首发,447,0.1093,0.1233,0.887,0.349,0.3768,-0.0278,L2
3买,威科夫得分大于4 + 六脉5红首发,523,0.131,0.1424,0.92,0.3576,0.3768,-0.0193,L2
3买,威科夫得分大于4 + 偏多共振,361,0.0939,0.0962,0.976,0.3712,0.3768,-0.0056,L2
3买,威科夫得分大于4 + 多头共振,361,0.0939,0.0962,0.976,0.3712,0.3768,-0.0056,L2
3买,威科夫得分大于4 + 火箭信号,124,0.0364,0.0305,1.194,0.4194,0.3768,0.0425,L2
3买,威科夫得分大于4 + 中枢进机会区,325,0.0883,0.0843,1.047,0.3877,0.3768,0.0109,L2
3买,威科夫得分大于4 + 中枢极限底,201,0.0477,0.0564,0.846,0.3383,0.3768,-0.0385,L2
3买,威科夫得分大于4 + 中枢上穿中轴,362,0.0981,0.0941,1.043,0.3867,0.3768,0.0099,L2
3买,威科夫得分大于4 + 中枢底部蓄力,257,0.0575,0.0742,0.775,0.3191,0.3768,-0.0577,L2
3买,威科夫得分大于4 + 中枢底部回升,432,0.1114,0.1157,0.963,0.3681,0.3768,-0.0088,L2
3买,威科夫得分大于4 + 大盘多头,425,0.0946,0.1229,0.77,0.3176,0.3768,-0.0592,L2
3买,威科夫得分大于4 + 大盘空头,196,0.0441,0.0564,0.783,0.3214,0.3768,-0.0554,L2
3买,威科夫得分大于4 + 大盘安全,541,0.1212,0.1559,0.777,0.3198,0.3768,-0.057,L2
3买,威科夫得分大于4 + SID等于1,425,0.0946,0.1229,0.77,0.3176,0.3768,-0.0592,L2
3买,威科夫得分大于4 + SID等于2,535,0.1507,0.1356,1.111,0.4019,0.3768,0.0251,L2
3买,威科夫得分大于4 + SID小于等于2,702,0.1822,0.1873,0.973,0.3704,0.3768,-0.0064,L2
3买,威科夫得分大于4 + 大盘5日上涨,581,0.131,0.1669,0.785,0.3219,0.3768,-0.055,L2
3买,威科夫得分大于4 + 相对强弱大于0,534,0.1416,0.1407,1.006,0.3783,0.3768,0.0015,L2
3买,威科夫得分大于4 + 相对强弱大于5,215,0.0617,0.0538,1.146,0.4093,0.3768,0.0325,L2
3买,威科夫得分大于4 + 量比>=1.3,152,0.0343,0.0436,0.787,0.3224,0.3768,-0.0544,L2
3买,威科夫得分大于4 + 距前高<=10%,166,0.0385,0.047,0.819,0.3313,0.3768,-0.0455,L2
3买,威科夫得分大于4 + 距前低<=10%,275,0.0715,0.0733,0.975,0.3709,0.3768,-0.0059,L2
3买,威科夫得分大于4 + 相对强弱>=0,130,0.0343,0.0343,1.0,0.3769,0.3768,0.0001,L2
3买,威科夫得分大于7 + 积累阶段,74,0.0196,0.0195,1.007,0.3784,0.3768,0.0016,L2
3买,威科夫得分大于7 + 量能金叉,93,0.0231,0.0254,0.91,0.3548,0.3768,-0.022,L2
3买,威科夫得分大于7 + 六脉红灯大于5,215,0.054,0.0585,0.923,0.3581,0.3768,-0.0187,L2
3买,威科夫得分大于7 + 六脉红灯大于6,194,0.047,0.0538,0.872,0.3454,0.3768,-0.0315,L2
3买,威科夫得分大于7 + 六脉6红首发,194,0.047,0.0538,0.872,0.3454,0.3768,-0.0315,L2
3买,威科夫得分大于7 + 六脉5红首发,215,0.054,0.0585,0.923,0.3581,0.3768,-0.0187,L2
3买,威科夫得分大于7 + 偏多共振,182,0.0448,0.05,0.897,0.3516,0.3768,-0.0252,L2
3买,威科夫得分大于7 + 多头共振,182,0.0448,0.05,0.897,0.3516,0.3768,-0.0252,L2
3买,威科夫得分大于7 + 火箭信号,70,0.0168,0.0195,0.863,0.3429,0.3768,-0.034,L2
3买,威科夫得分大于7 + 中枢进机会区,118,0.0273,0.0335,0.816,0.3305,0.3768,-0.0463,L2
3买,威科夫得分大于7 + 中枢极限底,62,0.0147,0.0174,0.847,0.3387,0.3768,-0.0381,L2
3买,威科夫得分大于7 + 中枢上穿中轴,178,0.0477,0.0466,1.022,0.382,0.3768,0.0052,L2
3买,威科夫得分大于7 + 中枢底部蓄力,77,0.0161,0.0229,0.704,0.2987,0.3768,-0.0781,L2
3买,威科夫得分大于7 + 中枢底部回升,149,0.0336,0.0428,0.786,0.3221,0.3768,-0.0547,L2
3买,威科夫得分大于7 + 大盘多头,181,0.042,0.0513,0.82,0.3315,0.3768,-0.0453,L2
3买,威科夫得分大于7 + 大盘空头,70,0.0168,0.0195,0.863,0.3429,0.3768,-0.034,L2
3买,威科夫得分大于7 + 大盘安全,224,0.0526,0.0631,0.832,0.3348,0.3768,-0.042,L2
3买,威科夫得分大于7 + SID等于1,181,0.042,0.0513,0.82,0.3315,0.3768,-0.0453,L2
3买,威科夫得分大于7 + SID等于2,198,0.0505,0.0534,0.945,0.3636,0.3768,-0.0132,L2
3买,威科夫得分大于7 + SID小于等于2,275,0.0673,0.0758,0.887,0.3491,0.3768,-0.0277,L2
3买,威科夫得分大于7 + 大盘5日上涨,230,0.0533,0.0653,0.816,0.3304,0.3768,-0.0464,L2
3买,威科夫得分大于7 + 相对强弱大于0,256,0.0645,0.0695,0.928,0.3594,0.3768,-0.0174,L2
3买,威科夫得分大于7 + 相对强弱大于5,131,0.0343,0.0347,0.988,0.374,0.3768,-0.0028,L2
3买,威科夫得分大于7 + 量比>=1.3,60,0.0133,0.0174,0.766,0.3167,0.3768,-0.0601,L2
3买,威科夫得分大于7 + 距前高<=10%,78,0.0168,0.0229,0.735,0.3077,0.3768,-0.0691,L2
3买,威科夫得分大于7 + 距前低<=10%,93,0.0217,0.0263,0.827,0.3333,0.3768,-0.0435,L2
3买,威科夫得分大于7 + 相对强弱>=0,63,0.0154,0.0174,0.887,0.3492,0.3768,-0.0276,L2
3买,积累阶段 + 黄金柱,113,0.0238,0.0335,0.712,0.3009,0.3768,-0.0759,L2
3买,积累阶段 + 量能金叉,229,0.0603,0.0606,0.995,0.3755,0.3768,-0.0013,L2
3买,积累阶段 + 六脉红灯大于5,1207,0.2838,0.3398,0.835,0.3355,0.3768,-0.0413,L2
3买,积累阶段 + 六脉红灯大于6,858,0.2102,0.2364,0.889,0.3497,0.3768,-0.0272,L2
3买,积累阶段 + 六脉6红首发,858,0.2102,0.2364,0.889,0.3497,0.3768,-0.0272,L2
3买,积累阶段 + 六脉5红首发,1207,0.2838,0.3398,0.835,0.3355,0.3768,-0.0413,L2
3买,积累阶段 + 偏多共振,147,0.042,0.0369,1.141,0.4082,0.3768,0.0313,L2
3买,积累阶段 + 多头共振,145,0.042,0.036,1.167,0.4138,0.3768,0.037,L2
3买,积累阶段 + 火箭信号,110,0.0378,0.0237,1.595,0.4909,0.3768,0.1141,L2
3买,积累阶段 + 极限抄底,58,0.0161,0.0148,1.087,0.3966,0.3768,0.0197,L2
3买,积累阶段 + 中枢进机会区,783,0.1906,0.2165,0.88,0.3474,0.3768,-0.0294,L2
3买,积累阶段 + 中枢极限底,873,0.1962,0.2513,0.781,0.3207,0.3768,-0.0561,L2
3买,积累阶段 + 中枢上穿中轴,275,0.0841,0.0657,1.28,0.4364,0.3768,0.0595,L2
3买,积累阶段 + 中枢底部蓄力,1333,0.2866,0.3915,0.732,0.3068,0.3768,-0.07,L2
3买,积累阶段 + 中枢底部回升,1533,0.3504,0.4377,0.8,0.3262,0.3768,-0.0507,L2
3买,积累阶段 + 大盘多头,768,0.1717,0.2216,0.775,0.319,0.3768,-0.0578,L2
3买,积累阶段 + 大盘空头,611,0.1381,0.1754,0.787,0.3224,0.3768,-0.0544,L2
3买,积累阶段 + 大盘安全,1070,0.2278,0.3157,0.721,0.3037,0.3768,-0.0731,L2
3买,积累阶段 + SID等于1,768,0.1717,0.2216,0.775,0.319,0.3768,-0.0578,L2
3买,积累阶段 + SID等于2,1213,0.2915,0.3377,0.863,0.343,0.3768,-0.0339,L2
3买,积累阶段 + SID小于等于2,1465,0.3357,0.4178,0.803,0.327,0.3768,-0.0499,L2
3买,积累阶段 + 大盘5日上涨,1291,0.2782,0.3788,0.734,0.3075,0.3768,-0.0693,L2
3买,积累阶段 + 相对强弱大于0,686,0.1766,0.1839,0.96,0.3673,0.3768,-0.0095,L2
3买,积累阶段 + 相对强弱大于5,175,0.0533,0.0419,1.27,0.4343,0.3768,0.0575,L2
3买,积累阶段 + 量比>=1.3,252,0.0631,0.0686,0.919,0.3571,0.3768,-0.0197,L2
3买,积累阶段 + 距前高<=10%,99,0.0238,0.0275,0.865,0.3434,0.3768,-0.0334,L2
3买,积累阶段 + 深跌(距前高>40%),105,0.0182,0.0335,0.544,0.2476,0.3768,-0.1292,L2
3买,积累阶段 + 距前低<=10%,1218,0.2726,0.3513,0.776,0.3194,0.3768,-0.0574,L2
3买,积累阶段 + 相对强弱>=0,155,0.0343,0.0449,0.765,0.3161,0.3768,-0.0607,L2
3买,黄金柱 + 量能金叉,59,0.0154,0.0157,0.983,0.3729,0.3768,-0.0039,L2
3买,黄金柱 + 六脉红灯大于5,188,0.042,0.0542,0.775,0.3191,0.3768,-0.0577,L2
3买,黄金柱 + 六脉红灯大于6,176,0.0399,0.0504,0.792,0.3239,0.3768,-0.053,L2
3买,黄金柱 + 六脉6红首发,176,0.0399,0.0504,0.792,0.3239,0.3768,-0.053,L2
3买,黄金柱 + 六脉5红首发,188,0.042,0.0542,0.775,0.3191,0.3768,-0.0577,L2
3买,黄金柱 + 中枢进机会区,84,0.021,0.0229,0.919,0.3571,0.3768,-0.0197,L2
3买,黄金柱 + 中枢极限底,81,0.0182,0.0233,0.782,0.321,0.3768,-0.0558,L2
3买,黄金柱 + 中枢上穿中轴,83,0.0238,0.0208,1.148,0.4096,0.3768,0.0328,L2
3买,黄金柱 + 中枢底部蓄力,117,0.0203,0.0373,0.545,0.2479,0.3768,-0.129,L2
3买,黄金柱 + 中枢底部回升,144,0.0308,0.0424,0.728,0.3056,0.3768,-0.0713,L2
3买,黄金柱 + 大盘多头,102,0.0245,0.0284,0.864,0.3431,0.3768,-0.0337,L2
3买,黄金柱 + 大盘空头,58,0.0112,0.0178,0.63,0.2759,0.3768,-0.101,L2
3买,黄金柱 + 大盘安全,140,0.0294,0.0415,0.709,0.3,0.3768,-0.0768,L2
3买,黄金柱 + SID等于1,102,0.0245,0.0284,0.864,0.3431,0.3768,-0.0337,L2
3买,黄金柱 + SID等于2,119,0.0266,0.0343,0.776,0.3193,0.3768,-0.0575,L2
3买,黄金柱 + SID小于等于2,161,0.035,0.047,0.745,0.3106,0.3768,-0.0663,L2
3买,黄金柱 + 大盘5日上涨,159,0.0329,0.0475,0.694,0.2956,0.3768,-0.0812,L2
3买,黄金柱 + 相对强弱大于0,142,0.0336,0.0398,0.845,0.338,0.3768,-0.0388,L2
3买,黄金柱 + 相对强弱大于5,59,0.0168,0.0148,1.134,0.4068,0.3768,0.03,L2
3买,黄金柱 + 距前低<=10%,111,0.0217,0.0339,0.641,0.2793,0.3768,-0.0975,L2
3买,量能金叉 + 六脉红灯大于5,441,0.1254,0.111,1.13,0.4059,0.3768,0.0291,L2
3买,量能金叉 + 六脉红灯大于6,364,0.1009,0.0932,1.082,0.3956,0.3768,0.0188,L2
3买,量能金叉 + 六脉6红首发,364,0.1009,0.0932,1.082,0.3956,0.3768,0.0188,L2
3买,量能金叉 + 六脉5红首发,441,0.1254,0.111,1.13,0.4059,0.3768,0.0291,L2
3买,量能金叉 + 偏多共振,132,0.0322,0.0364,0.885,0.3485,0.3768,-0.0283,L2
3买,量能金叉 + 多头共振,132,0.0322,0.0364,0.885,0.3485,0.3768,-0.0283,L2
3买,量能金叉 + 火箭信号,116,0.0392,0.0254,1.544,0.4828,0.3768,0.1059,L2
3买,量能金叉 + 中枢进机会区,274,0.0918,0.0606,1.515,0.4781,0.3768,0.1013,L2
3买,量能金叉 + 中枢极限底,249,0.0827,0.0555,1.49,0.4739,0.3768,0.0971,L2
3买,量能金叉 + 中枢上穿中轴,273,0.0855,0.064,1.336,0.4469,0.3768,0.0701,L2
3买,量能金叉 + 中枢底部蓄力,338,0.0995,0.0831,1.198,0.4201,0.3768,0.0433,L2
3买,量能金叉 + 中枢底部回升,459,0.1423,0.1085,1.311,0.4423,0.3768,0.0655,L2
3买,量能金叉 + 大盘多头,232,0.0491,0.0686,0.715,0.3017,0.3768,-0.0751,L2
3买,量能金叉 + 大盘空头,191,0.0498,0.0508,0.979,0.3717,0.3768,-0.0051,L2
3买,量能金叉 + 大盘安全,336,0.0722,0.0987,0.731,0.3065,0.3768,-0.0703,L2
3买,量能金叉 + SID等于1,232,0.0491,0.0686,0.715,0.3017,0.3768,-0.0751,L2
3买,量能金叉 + SID等于2,427,0.1367,0.0983,1.39,0.4567,0.3768,0.0799,L2
3买,量能金叉 + SID小于等于2,517,0.1535,0.1263,1.215,0.4236,0.3768,0.0468,L2
3买,量能金叉 + 大盘5日上涨,379,0.0827,0.1106,0.748,0.3113,0.3768,-0.0655,L2
3买,量能金叉 + 相对强弱大于0,359,0.1009,0.0911,1.108,0.4011,0.3768,0.0243,L2
3买,量能金叉 + 相对强弱大于5,166,0.0512,0.0394,1.298,0.4398,0.3768,0.0629,L2
3买,量能金叉 + 量比>=1.3,245,0.0841,0.053,1.588,0.4898,0.3768,0.113,L2
3买,量能金叉 + 量比>=2,71,0.028,0.0131,2.134,0.5634,0.3768,0.1866,L2
3买,量能金叉 + 距前高<=10%,97,0.0217,0.028,0.777,0.3196,0.3768,-0.0572,L2
3买,量能金叉 + 距前低<=10%,375,0.1058,0.0949,1.115,0.4027,0.3768,0.0259,L2
3买,量能金叉 + 相对强弱>=0,78,0.0231,0.0191,1.213,0.4231,0.3768,0.0463,L2
3买,六脉红灯大于5 + 六脉红灯大于6,1583,0.405,0.4258,0.951,0.3651,0.3768,-0.0117,L2
3买,六脉红灯大于5 + 六脉6红首发,1583,0.405,0.4258,0.951,0.3651,0.3768,-0.0117,L2
3买,六脉红灯大于5 + 六脉5红首发,2361,0.6083,0.6326,0.961,0.3676,0.3768,-0.0092,L2
3买,六脉红灯大于5 + 偏多共振,331,0.082,0.0907,0.904,0.3535,0.3768,-0.0233,L2
3买,六脉红灯大于5 + 多头共振,330,0.082,0.0903,0.908,0.3545,0.3768,-0.0223,L2
3买,六脉红灯大于5 + 火箭信号,260,0.0855,0.0585,1.462,0.4692,0.3768,0.0924,L2
3买,六脉红灯大于5 + 极限抄底,81,0.0294,0.0165,1.781,0.5185,0.3768,0.1417,L2
3买,六脉红灯大于5 + 中枢进机会区,838,0.2263,0.2182,1.037,0.3854,0.3768,0.0086,L2
3买,六脉红灯大于5 + 中枢极限底,1051,0.2747,0.2792,0.984,0.373,0.3768,-0.0038,L2
3买,六脉红灯大于5 + 中枢上穿中轴,624,0.1878,0.1508,1.245,0.4295,0.3768,0.0527,L2
3买,六脉红灯大于5 + 中枢底部蓄力,1618,0.3945,0.447,0.883,0.348,0.3768,-0.0289,L2
3买,六脉红灯大于5 + 中枢底部回升,1898,0.4891,0.5085,0.962,0.3678,0.3768,-0.0091,L2
3买,六脉红灯大于5 + 大盘多头,1006,0.2228,0.2915,0.764,0.3161,0.3768,-0.0607,L2
3买,六脉红灯大于5 + 大盘空头,854,0.2137,0.2326,0.919,0.3571,0.3768,-0.0197,L2
3买,六脉红灯大于5 + 大盘安全,1435,0.3196,0.4148,0.77,0.3178,0.3768,-0.059,L2
3买,六脉红灯大于5 + SID等于1,1006,0.2228,0.2915,0.764,0.3161,0.3768,-0.0607,L2
3买,六脉红灯大于5 + SID等于2,1588,0.4303,0.4127,1.043,0.3866,0.3768,0.0098,L2
3买,六脉红灯大于5 + SID小于等于2,1931,0.4884,0.5229,0.934,0.361,0.3768,-0.0159,L2
3买,六脉红灯大于5 + 大盘5日上涨,1735,0.3938,0.497,0.792,0.3239,0.3768,-0.0529,L2
3买,六脉红灯大于5 + 相对强弱大于0,1175,0.3097,0.3106,0.997,0.3762,0.3768,-0.0006,L2
3买,六脉红灯大于5 + 相对强弱大于5,363,0.1072,0.089,1.205,0.4215,0.3768,0.0447,L2
3买,六脉红灯大于5 + 量比>=1.3,470,0.1444,0.1119,1.29,0.4383,0.3768,0.0615,L2
3买,六脉红灯大于5 + 量比>=2,110,0.0399,0.0225,1.779,0.5182,0.3768,0.1414,L2
3买,六脉红灯大于5 + 距前高<=10%,211,0.0512,0.0585,0.875,0.346,0.3768,-0.0308,L2
3买,六脉红灯大于5 + 深跌(距前高>40%),118,0.0266,0.0339,0.786,0.322,0.3768,-0.0548,L2
3买,六脉红灯大于5 + 距前低<=10%,1424,0.3413,0.397,0.86,0.342,0.3768,-0.0348,L2
3买,六脉红灯大于5 + 相对强弱>=0,262,0.0631,0.0729,0.865,0.3435,0.3768,-0.0333,L2
3买,六脉红灯大于6 + 六脉6红首发,1583,0.405,0.4258,0.951,0.3651,0.3768,-0.0117,L2
3买,六脉红灯大于6 + 六脉5红首发,1583,0.405,0.4258,0.951,0.3651,0.3768,-0.0117,L2
3买,六脉红灯大于6 + 偏多共振,248,0.0596,0.0691,0.862,0.3427,0.3768,-0.0341,L2
3买,六脉红灯大于6 + 多头共振,248,0.0596,0.0691,0.862,0.3427,0.3768,-0.0341,L2
3买,六脉红灯大于6 + 火箭信号,240,0.0799,0.0534,1.496,0.475,0.3768,0.0982,L2
3买,六脉红灯大于6 + 中枢进机会区,599,0.1598,0.1572,1.016,0.3806,0.3768,0.0038,L2
3买,六脉红灯大于6 + 中枢极限底,674,0.1731,0.1809,0.957,0.3665,0.3768,-0.0103,L2
3买,六脉红灯大于6 + 中枢上穿中轴,563,0.1675,0.1373,1.22,0.4245,0.3768,0.0477,L2
3买,六脉红灯大于6 + 中枢底部蓄力,1013,0.2418,0.2831,0.854,0.3406,0.3768,-0.0362,L2
3买,六脉红灯大于6 + 中枢底部回升,1238,0.3153,0.3339,0.944,0.3635,0.3768,-0.0133,L2
3买,六脉红灯大于6 + 大盘多头,710,0.1633,0.2021,0.808,0.3282,0.3768,-0.0486,L2
3买,六脉红灯大于6 + 大盘空头,583,0.1493,0.1568,0.952,0.3654,0.3768,-0.0115,L2
3买,六脉红灯大于6 + 大盘安全,1030,0.2334,0.2953,0.79,0.3233,0.3768,-0.0535,L2
3买,六脉红灯大于6 + SID等于1,710,0.1633,0.2021,0.808,0.3282,0.3768,-0.0486,L2
3买,六脉红灯大于6 + SID等于2,1066,0.2824,0.2809,1.005,0.378,0.3768,0.0012,L2
3买,六脉红灯大于6 + SID小于等于2,1301,0.321,0.3572,0.899,0.352,0.3768,-0.0248,L2
3买,六脉红灯大于6 + 大盘5日上涨,1215,0.2824,0.3441,0.821,0.3317,0.3768,-0.0451,L2
3买,六脉红灯大于6 + 相对强弱大于0,999,0.26,0.2661,0.977,0.3714,0.3768,-0.0054,L2
3买,六脉红灯大于6 + 相对强弱大于5,344,0.1002,0.0852,1.177,0.4157,0.3768,0.0389,L2
3买,六脉红灯大于6 + 量比>=1.3,308,0.0848,0.0792,1.07,0.3929,0.3768,0.016,L2
3买,六脉红灯大于6 + 量比>=2,78,0.0252,0.0178,1.418,0.4615,0.3768,0.0847,L2
3买,六脉红灯大于6 + 距前高<=10%,178,0.0413,0.0504,0.82,0.3315,0.3768,-0.0454,L2
3买,六脉红灯大于6 + 深跌(距前高>40%),56,0.0098,0.0178,0.551,0.25,0.3768,-0.1268,L2
3买,六脉红灯大于6 + 距前低<=10%,923,0.2292,0.2525,0.907,0.3543,0.3768,-0.0225,L2
3买,六脉红灯大于6 + 相对强弱>=0,209,0.0519,0.0572,0.907,0.3541,0.3768,-0.0227,L2
3买,六脉6红首发 + 六脉5红首发,1583,0.405,0.4258,0.951,0.3651,0.3768,-0.0117,L2
3买,六脉6红首发 + 偏多共振,248,0.0596,0.0691,0.862,0.3427,0.3768,-0.0341,L2
3买,六脉6红首发 + 多头共振,248,0.0596,0.0691,0.862,0.3427,0.3768,-0.0341,L2
3买,六脉6红首发 + 火箭信号,240,0.0799,0.0534,1.496,0.475,0.3768,0.0982,L2
3买,六脉6红首发 + 中枢进机会区,599,0.1598,0.1572,1.016,0.3806,0.3768,0.0038,L2
3买,六脉6红首发 + 中枢极限底,674,0.1731,0.1809,0.957,0.3665,0.3768,-0.0103,L2
3买,六脉6红首发 + 中枢上穿中轴,563,0.1675,0.1373,1.22,0.4245,0.3768,0.0477,L2
3买,六脉6红首发 + 中枢底部蓄力,1013,0.2418,0.2831,0.854,0.3406,0.3768,-0.0362,L2
3买,六脉6红首发 + 中枢底部回升,1238,0.3153,0.3339,0.944,0.3635,0.3768,-0.0133,L2
3买,六脉6红首发 + 大盘多头,710,0.1633,0.2021,0.808,0.3282,0.3768,-0.0486,L2
3买,六脉6红首发 + 大盘空头,583,0.1493,0.1568,0.952,0.3654,0.3768,-0.0115,L2
3买,六脉6红首发 + 大盘安全,1030,0.2334,0.2953,0.79,0.3233,0.3768,-0.0535,L2
3买,六脉6红首发 + SID等于1,710,0.1633,0.2021,0.808,0.3282,0.3768,-0.0486,L2
3买,六脉6红首发 + SID等于2,1066,0.2824,0.2809,1.005,0.378,0.3768,0.0012,L2
3买,六脉6红首发 + SID小于等于2,1301,0.321,0.3572,0.899,0.352,0.3768,-0.0248,L2
3买,六脉6红首发 + 大盘5日上涨,1215,0.2824,0.3441,0.821,0.3317,0.3768,-0.0451,L2
3买,六脉6红首发 + 相对强弱大于0,999,0.26,0.2661,0.977,0.3714,0.3768,-0.0054,L2
3买,六脉6红首发 + 相对强弱大于5,344,0.1002,0.0852,1.177,0.4157,0.3768,0.0389,L2
3买,六脉6红首发 + 量比>=1.3,308,0.0848,0.0792,1.07,0.3929,0.3768,0.016,L2
3买,六脉6红首发 + 量比>=2,78,0.0252,0.0178,1.418,0.4615,0.3768,0.0847,L2
3买,六脉6红首发 + 距前高<=10%,178,0.0413,0.0504,0.82,0.3315,0.3768,-0.0454,L2
3买,六脉6红首发 + 深跌(距前高>40%),56,0.0098,0.0178,0.551,0.25,0.3768,-0.1268,L2
3买,六脉6红首发 + 距前低<=10%,923,0.2292,0.2525,0.907,0.3543,0.3768,-0.0225,L2
3买,六脉6红首发 + 相对强弱>=0,209,0.0519,0.0572,0.907,0.3541,0.3768,-0.0227,L2
3买,六脉5红首发 + 偏多共振,331,0.082,0.0907,0.904,0.3535,0.3768,-0.0233,L2
3买,六脉5红首发 + 多头共振,330,0.082,0.0903,0.908,0.3545,0.3768,-0.0223,L2
3买,六脉5红首发 + 火箭信号,260,0.0855,0.0585,1.462,0.4692,0.3768,0.0924,L2
3买,六脉5红首发 + 极限抄底,81,0.0294,0.0165,1.781,0.5185,0.3768,0.1417,L2
3买,六脉5红首发 + 中枢进机会区,838,0.2263,0.2182,1.037,0.3854,0.3768,0.0086,L2
3买,六脉5红首发 + 中枢极限底,1051,0.2747,0.2792,0.984,0.373,0.3768,-0.0038,L2
3买,六脉5红首发 + 中枢上穿中轴,624,0.1878,0.1508,1.245,0.4295,0.3768,0.0527,L2
3买,六脉5红首发 + 中枢底部蓄力,1618,0.3945,0.447,0.883,0.348,0.3768,-0.0289,L2
3买,六脉5红首发 + 中枢底部回升,1898,0.4891,0.5085,0.962,0.3678,0.3768,-0.0091,L2
3买,六脉5红首发 + 大盘多头,1006,0.2228,0.2915,0.764,0.3161,0.3768,-0.0607,L2
3买,六脉5红首发 + 大盘空头,854,0.2137,0.2326,0.919,0.3571,0.3768,-0.0197,L2
3买,六脉5红首发 + 大盘安全,1435,0.3196,0.4148,0.77,0.3178,0.3768,-0.059,L2
3买,六脉5红首发 + SID等于1,1006,0.2228,0.2915,0.764,0.3161,0.3768,-0.0607,L2
3买,六脉5红首发 + SID等于2,1588,0.4303,0.4127,1.043,0.3866,0.3768,0.0098,L2
3买,六脉5红首发 + SID小于等于2,1931,0.4884,0.5229,0.934,0.361,0.3768,-0.0159,L2
3买,六脉5红首发 + 大盘5日上涨,1735,0.3938,0.497,0.792,0.3239,0.3768,-0.0529,L2
3买,六脉5红首发 + 相对强弱大于0,1175,0.3097,0.3106,0.997,0.3762,0.3768,-0.0006,L2
3买,六脉5红首发 + 相对强弱大于5,363,0.1072,0.089,1.205,0.4215,0.3768,0.0447,L2
3买,六脉5红首发 + 量比>=1.3,470,0.1444,0.1119,1.29,0.4383,0.3768,0.0615,L2
3买,六脉5红首发 + 量比>=2,110,0.0399,0.0225,1.779,0.5182,0.3768,0.1414,L2
3买,六脉5红首发 + 距前高<=10%,211,0.0512,0.0585,0.875,0.346,0.3768,-0.0308,L2
3买,六脉5红首发 + 深跌(距前高>40%),118,0.0266,0.0339,0.786,0.322,0.3768,-0.0548,L2
3买,六脉5红首发 + 距前低<=10%,1424,0.3413,0.397,0.86,0.342,0.3768,-0.0348,L2
3买,六脉5红首发 + 相对强弱>=0,262,0.0631,0.0729,0.865,0.3435,0.3768,-0.0333,L2
3买,偏多共振 + 多头共振,717,0.1878,0.1903,0.987,0.3738,0.3768,-0.003,L2
3买,偏多共振 + 火箭信号,80,0.0252,0.0186,1.353,0.45,0.3768,0.0732,L2
3买,偏多共振 + 中枢进机会区,247,0.0841,0.0538,1.563,0.4858,0.3768,0.109,L2
3买,偏多共振 + 中枢极限底,121,0.0441,0.0246,1.796,0.5207,0.3768,0.1438,L2
3买,偏多共振 + 中枢上穿中轴,284,0.0715,0.0771,0.927,0.3592,0.3768,-0.0177,L2
3买,偏多共振 + 中枢底部蓄力,141,0.042,0.0343,1.225,0.4255,0.3768,0.0487,L2
3买,偏多共振 + 中枢底部回升,294,0.0953,0.0669,1.424,0.4626,0.3768,0.0858,L2
3买,偏多共振 + 大盘多头,403,0.0806,0.122,0.66,0.2854,0.3768,-0.0915,L2
3买,偏多共振 + 大盘空头,130,0.0315,0.036,0.876,0.3462,0.3768,-0.0307,L2
3买,偏多共振 + 大盘安全,486,0.1016,0.1445,0.703,0.2984,0.3768,-0.0785,L2
3买,偏多共振 + SID等于1,403,0.0806,0.122,0.66,0.2854,0.3768,-0.0915,L2
3买,偏多共振 + SID等于2,505,0.1486,0.1242,1.197,0.4198,0.3768,0.043,L2
3买,偏多共振 + SID小于等于2,670,0.178,0.1763,1.01,0.3791,0.3768,0.0023,L2
3买,偏多共振 + 大盘5日上涨,502,0.1086,0.147,0.739,0.3088,0.3768,-0.0681,L2
3买,偏多共振 + 相对强弱大于0,343,0.0897,0.0911,0.985,0.3732,0.3768,-0.0036,L2
3买,偏多共振 + 相对强弱大于5,118,0.0357,0.0284,1.259,0.4322,0.3768,0.0554,L2
3买,偏多共振 + 量比>=1.3,96,0.0259,0.025,1.037,0.3854,0.3768,0.0086,L2
3买,偏多共振 + 距前高<=10%,131,0.0252,0.0403,0.627,0.2748,0.3768,-0.102,L2
3买,偏多共振 + 距前低<=10%,192,0.0582,0.0462,1.259,0.4323,0.3768,0.0555,L2
3买,偏多共振 + 相对强弱>=0,77,0.0182,0.0216,0.843,0.3377,0.3768,-0.0392,L2
3买,多头共振 + 火箭信号,80,0.0252,0.0186,1.353,0.45,0.3768,0.0732,L2
3买,多头共振 + 中枢进机会区,247,0.0841,0.0538,1.563,0.4858,0.3768,0.109,L2
3买,多头共振 + 中枢极限底,121,0.0441,0.0246,1.796,0.5207,0.3768,0.1438,L2
3买,多头共振 + 中枢上穿中轴,283,0.0715,0.0767,0.932,0.3604,0.3768,-0.0164,L2
3买,多头共振 + 中枢底部蓄力,141,0.042,0.0343,1.225,0.4255,0.3768,0.0487,L2
3买,多头共振 + 中枢底部回升,294,0.0953,0.0669,1.424,0.4626,0.3768,0.0858,L2
3买,多头共振 + 大盘多头,402,0.0806,0.1216,0.663,0.2861,0.3768,-0.0907,L2
3买,多头共振 + 大盘空头,130,0.0315,0.036,0.876,0.3462,0.3768,-0.0307,L2
3买,多头共振 + 大盘安全,484,0.1016,0.1436,0.707,0.2996,0.3768,-0.0772,L2
3买,多头共振 + SID等于1,402,0.0806,0.1216,0.663,0.2861,0.3768,-0.0907,L2
3买,多头共振 + SID等于2,503,0.1486,0.1233,1.205,0.4215,0.3768,0.0447,L2
3买,多头共振 + SID小于等于2,668,0.178,0.1754,1.015,0.3802,0.3768,0.0034,L2
3买,多头共振 + 大盘5日上涨,500,0.1086,0.1462,0.743,0.31,0.3768,-0.0668,L2
3买,多头共振 + 相对强弱大于0,343,0.0897,0.0911,0.985,0.3732,0.3768,-0.0036,L2
3买,多头共振 + 相对强弱大于5,118,0.0357,0.0284,1.259,0.4322,0.3768,0.0554,L2
3买,多头共振 + 量比>=1.3,96,0.0259,0.025,1.037,0.3854,0.3768,0.0086,L2
3买,多头共振 + 距前高<=10%,130,0.0252,0.0398,0.633,0.2769,0.3768,-0.0999,L2
3买,多头共振 + 距前低<=10%,190,0.0582,0.0453,1.283,0.4368,0.3768,0.06,L2
3买,多头共振 + 相对强弱>=0,77,0.0182,0.0216,0.843,0.3377,0.3768,-0.0392,L2
3买,火箭信号 + 中枢进机会区,118,0.0434,0.0237,1.831,0.5254,0.3768,0.1486,L2
3买,火箭信号 + 中枢极限底,105,0.0385,0.0212,1.819,0.5238,0.3768,0.147,L2
3买,火箭信号 + 中枢上穿中轴,179,0.0624,0.0381,1.635,0.4972,0.3768,0.1204,L2
3买,火箭信号 + 中枢底部蓄力,149,0.0512,0.0322,1.589,0.4899,0.3768,0.1131,L2
3买,火箭信号 + 中枢底部回升,208,0.075,0.0428,1.752,0.5144,0.3768,0.1376,L2
3买,火箭信号 + 大盘多头,102,0.0252,0.028,0.902,0.3529,0.3768,-0.0239,L2
3买,火箭信号 + 大盘空头,87,0.0217,0.0237,0.916,0.3563,0.3768,-0.0205,L2
3买,火箭信号 + 大盘安全,152,0.0392,0.0407,0.965,0.3684,0.3768,-0.0084,L2
3买,火箭信号 + SID等于1,102,0.0252,0.028,0.902,0.3529,0.3768,-0.0239,L2
3买,火箭信号 + SID等于2,195,0.0722,0.039,1.852,0.5282,0.3768,0.1514,L2
3买,火箭信号 + SID小于等于2,242,0.082,0.053,1.548,0.4835,0.3768,0.1067,L2
3买,火箭信号 + 大盘5日上涨,165,0.042,0.0445,0.945,0.3636,0.3768,-0.0132,L2
3买,火箭信号 + 相对强弱大于0,226,0.0736,0.0513,1.435,0.4646,0.3768,0.0878,L2
3买,火箭信号 + 相对强弱大于5,152,0.0498,0.0343,1.45,0.4671,0.3768,0.0903,L2
3买,火箭信号 + 量比>=1.3,84,0.0357,0.014,2.556,0.6071,0.3768,0.2303,L2
3买,火箭信号 + 距前低<=10%,113,0.0378,0.025,1.514,0.4779,0.3768,0.1011,L2
3买,极限抄底 + 中枢进机会区,52,0.0231,0.0081,2.872,0.6346,0.3768,0.2578,L2
3买,极限抄底 + 中枢极限底,94,0.0385,0.0165,2.332,0.5851,0.3768,0.2083,L2
3买,极限抄底 + 中枢底部蓄力,163,0.0603,0.0326,1.847,0.5276,0.3768,0.1508,L2
3买,极限抄底 + 中枢底部回升,174,0.0666,0.0335,1.989,0.546,0.3768,0.1692,L2
3买,极限抄底 + 大盘安全,50,0.0105,0.0148,0.709,0.3,0.3768,-0.0768,L2
3买,极限抄底 + SID等于2,144,0.0596,0.025,2.383,0.5903,0.3768,0.2135,L2
3买,极限抄底 + SID小于等于2,158,0.0631,0.0288,2.189,0.5696,0.3768,0.1928,L2
3买,极限抄底 + 大盘5日上涨,60,0.0126,0.0178,0.709,0.3,0.3768,-0.0768,L2
3买,极限抄底 + 量比>=1.3,79,0.042,0.0081,5.223,0.7595,0.3768,0.3827,L2
3买,极限抄底 + 距前低<=10%,102,0.0301,0.025,1.205,0.4216,0.3768,0.0448,L2
3买,中枢进机会区 + 中枢极限底,806,0.2432,0.1945,1.25,0.4305,0.3768,0.0537,L2
3买,中枢进机会区 + 中枢上穿中轴,239,0.0806,0.0525,1.534,0.4812,0.3768,0.1044,L2
3买,中枢进机会区 + 中枢底部蓄力,1072,0.2747,0.2881,0.953,0.3657,0.3768,-0.0111,L2
3买,中枢进机会区 + 中枢底部回升,1434,0.4121,0.3585,1.149,0.41,0.3768,0.0332,L2
3买,中枢进机会区 + 大盘多头,644,0.1317,0.1932,0.682,0.2919,0.3768,-0.0849,L2
3买,中枢进机会区 + 大盘空头,469,0.1226,0.1246,0.984,0.3731,0.3768,-0.0037,L2
3买,中枢进机会区 + 大盘安全,878,0.178,0.2644,0.673,0.2893,0.3768,-0.0875,L2
3买,中枢进机会区 + SID等于1,644,0.1317,0.1932,0.682,0.2919,0.3768,-0.0849,L2
3买,中枢进机会区 + SID等于2,1121,0.3238,0.2792,1.159,0.4121,0.3768,0.0353,L2
3买,中枢进机会区 + SID小于等于2,1311,0.3602,0.3377,1.067,0.3921,0.3768,0.0153,L2
3买,中枢进机会区 + 大盘5日上涨,1024,0.2242,0.2983,0.752,0.3125,0.3768,-0.0643,L2
3买,中枢进机会区 + 相对强弱大于0,583,0.1759,0.1407,1.25,0.4305,0.3768,0.0537,L2
3买,中枢进机会区 + 相对强弱大于5,156,0.0533,0.0339,1.571,0.4872,0.3768,0.1104,L2
3买,中枢进机会区 + 量比>=1.3,275,0.0981,0.0572,1.715,0.5091,0.3768,0.1323,L2
3买,中枢进机会区 + 量比>=2,60,0.0217,0.0123,1.768,0.5167,0.3768,0.1399,L2
3买,中枢进机会区 + 距前高<=10%,99,0.0266,0.0258,1.03,0.3838,0.3768,0.007,L2
3买,中枢进机会区 + 距前低<=10%,966,0.2544,0.2555,0.996,0.3758,0.3768,-0.001,L2
3买,中枢进机会区 + 相对强弱>=0,142,0.0378,0.0373,1.015,0.3803,0.3768,0.0035,L2
3买,中枢极限底 + 中枢上穿中轴,173,0.0575,0.0386,1.49,0.474,0.3768,0.0972,L2
3买,中枢极限底 + 中枢底部蓄力,1438,0.3735,0.3835,0.974,0.3707,0.3768,-0.0062,L2
3买,中枢极限底 + 中枢底部回升,1595,0.4366,0.4119,1.06,0.3906,0.3768,0.0138,L2
3买,中枢极限底 + 大盘多头,543,0.1065,0.1657,0.643,0.2799,0.3768,-0.0969,L2
3买,中枢极限底 + 大盘空头,609,0.1388,0.1742,0.797,0.3251,0.3768,-0.0517,L2
3买,中枢极限底 + 大盘安全,834,0.1605,0.2564,0.626,0.2746,0.3768,-0.1022,L2
3买,中枢极限底 + SID等于1,543,0.1065,0.1657,0.643,0.2799,0.3768,-0.0969,L2
3买,中枢极限底 + SID等于2,1169,0.342,0.2886,1.185,0.4175,0.3768,0.0406,L2
3买,中枢极限底 + SID小于等于2,1314,0.3651,0.336,1.087,0.3965,0.3768,0.0197,L2
3买,中枢极限底 + 大盘5日上涨,1052,0.2193,0.3131,0.7,0.2975,0.3768,-0.0793,L2
3买,中枢极限底 + 相对强弱大于0,569,0.1556,0.147,1.058,0.3902,0.3768,0.0133,L2
3买,中枢极限底 + 相对强弱大于5,154,0.0484,0.036,1.343,0.4481,0.3768,0.0712,L2
3买,中枢极限底 + 量比>=1.3,331,0.131,0.061,2.148,0.565,0.3768,0.1881,L2
3买,中枢极限底 + 量比>=2,78,0.0322,0.0136,2.377,0.5897,0.3768,0.2129,L2
3买,中枢极限底 + 距前高<=10%,54,0.0147,0.014,1.052,0.3889,0.3768,0.0121,L2
3买,中枢极限底 + 深跌(距前高>40%),85,0.021,0.0233,0.902,0.3529,0.3768,-0.0239,L2
3买,中枢极限底 + 距前低<=10%,1135,0.2719,0.3165,0.859,0.3419,0.3768,-0.035,L2
3买,中枢极限底 + 相对强弱>=0,121,0.028,0.0343,0.817,0.3306,0.3768,-0.0462,L2
3买,中枢上穿中轴 + 中枢底部蓄力,213,0.0624,0.0525,1.187,0.4178,0.3768,0.041,L2
3买,中枢上穿中轴 + 中枢底部回升,379,0.1212,0.0873,1.389,0.4565,0.3768,0.0796,L2
3买,中枢上穿中轴 + 大盘多头,360,0.0862,0.1004,0.858,0.3417,0.3768,-0.0351,L2
3买,中枢上穿中轴 + 大盘空头,207,0.0568,0.0534,1.063,0.3913,0.3768,0.0145,L2
3买,中枢上穿中轴 + 大盘安全,473,0.1191,0.1284,0.928,0.3594,0.3768,-0.0174,L2
3买,中枢上穿中轴 + SID等于1,360,0.0862,0.1004,0.858,0.3417,0.3768,-0.0351,L2
3买,中枢上穿中轴 + SID等于2,494,0.1591,0.1131,1.406,0.4595,0.3768,0.0827,L2
3买,中枢上穿中轴 + SID小于等于2,624,0.1829,0.1538,1.189,0.4183,0.3768,0.0415,L2
3买,中枢上穿中轴 + 大盘5日上涨,510,0.1268,0.1394,0.91,0.3549,0.3768,-0.0219,L2
3买,中枢上穿中轴 + 相对强弱大于0,536,0.157,0.1322,1.187,0.4179,0.3768,0.0411,L2
3买,中枢上穿中轴 + 相对强弱大于5,234,0.0729,0.0551,1.323,0.4444,0.3768,0.0676,L2
3买,中枢上穿中轴 + 量比>=1.3,167,0.0526,0.039,1.348,0.4491,0.3768,0.0723,L2
3买,中枢上穿中轴 + 距前高<=10%,163,0.0413,0.0441,0.938,0.362,0.3768,-0.0149,L2
3买,中枢上穿中轴 + 距前低<=10%,301,0.096,0.0695,1.382,0.4551,0.3768,0.0783,L2
3买,中枢上穿中轴 + 相对强弱>=0,111,0.0329,0.0271,1.215,0.4234,0.3768,0.0466,L2
3买,中枢底部蓄力 + 中枢底部回升,2418,0.6125,0.6542,0.936,0.3615,0.3768,-0.0154,L2
3买,中枢底部蓄力 + 大盘多头,895,0.1738,0.2742,0.634,0.2771,0.3768,-0.0997,L2
3买,中枢底部蓄力 + 大盘空头,951,0.2278,0.2653,0.859,0.3417,0.3768,-0.0351,L2
3买,中枢底部蓄力 + 大盘安全,1347,0.2607,0.4131,0.631,0.2762,0.3768,-0.1006,L2
3买,中枢底部蓄力 + SID等于1,895,0.1738,0.2742,0.634,0.2771,0.3768,-0.0997,L2
3买,中枢底部蓄力 + SID等于2,1710,0.4408,0.4581,0.962,0.3678,0.3768,-0.009,L2
3买,中枢底部蓄力 + SID小于等于2,2005,0.4898,0.5534,0.885,0.3486,0.3768,-0.0282,L2
3买,中枢底部蓄力 + 大盘5日上涨,1676,0.3483,0.4996,0.697,0.2965,0.3768,-0.0803,L2
3买,中枢底部蓄力 + 相对强弱大于0,766,0.1955,0.2064,0.947,0.3642,0.3768,-0.0126,L2
3买,中枢底部蓄力 + 相对强弱大于5,198,0.0589,0.0483,1.219,0.4242,0.3768,0.0474,L2
3买,中枢底部蓄力 + 量比>=1.3,461,0.1626,0.097,1.675,0.5033,0.3768,0.1264,L2
3买,中枢底部蓄力 + 量比>=2,103,0.0399,0.0195,2.049,0.5534,0.3768,0.1766,L2
3买,中枢底部蓄力 + 距前高<=10%,66,0.0098,0.022,0.445,0.2121,0.3768,-0.1647,L2
3买,中枢底部蓄力 + 深跌(距前高>40%),172,0.0434,0.0466,0.932,0.3605,0.3768,-0.0164,L2
3买,中枢底部蓄力 + 距前低<=10%,1780,0.4135,0.5042,0.82,0.3315,0.3768,-0.0454,L2
3买,中枢底部蓄力 + 相对强弱>=0,149,0.0308,0.0445,0.693,0.2953,0.3768,-0.0815,L2
3买,中枢底部回升 + 大盘多头,1081,0.2278,0.3203,0.711,0.3006,0.3768,-0.0762,L2
3买,中枢底部回升 + 大盘空头,1060,0.2565,0.2941,0.872,0.3453,0.3768,-0.0315,L2
3买,中枢底部回升 + 大盘安全,1569,0.3266,0.4674,0.699,0.297,0.3768,-0.0798,L2
3买,中枢底部回升 + SID等于1,1081,0.2278,0.3203,0.711,0.3006,0.3768,-0.0762,L2
3买,中枢底部回升 + SID等于2,2075,0.5809,0.528,1.1,0.3995,0.3768,0.0227,L2
3买,中枢底部回升 + SID小于等于2,2407,0.6405,0.6326,1.012,0.3797,0.3768,0.0029,L2
3买,中枢底部回升 + 大盘5日上涨,1934,0.4247,0.5627,0.755,0.3133,0.3768,-0.0635,L2
3买,中枢底部回升 + 相对强弱大于0,1017,0.2768,0.2636,1.05,0.3884,0.3768,0.0116,L2
3买,中枢底部回升 + 相对强弱大于5,279,0.0848,0.0669,1.267,0.4337,0.3768,0.0569,L2
3买,中枢底部回升 + 量比>=1.3,557,0.1983,0.1161,1.708,0.5081,0.3768,0.1313,L2
3买,中枢底部回升 + 量比>=2,122,0.047,0.0233,2.015,0.5492,0.3768,0.1724,L2
3买,中枢底部回升 + 距前高<=10%,132,0.0322,0.0364,0.885,0.3485,0.3768,-0.0283,L2
3买,中枢底部回升 + 深跌(距前高>40%),177,0.0448,0.0479,0.937,0.3616,0.3768,-0.0152,L2
3买,中枢底部回升 + 距前低<=10%,2008,0.487,0.5564,0.875,0.3461,0.3768,-0.0307,L2
3买,中枢底部回升 + 相对强弱>=0,206,0.0484,0.0581,0.833,0.335,0.3768,-0.0419,L2
3买,大盘多头 + 大盘安全,1618,0.3483,0.475,0.733,0.3072,0.3768,-0.0696,L2
3买,大盘多头 + SID等于1,1618,0.3483,0.475,0.733,0.3072,0.3768,-0.0696,L2
3买,大盘多头 + SID等于2,1070,0.2502,0.3021,0.828,0.3336,0.3768,-0.0432,L2
3买,大盘多头 + SID小于等于2,1618,0.3483,0.475,0.733,0.3072,0.3768,-0.0696,L2
3买,大盘多头 + 大盘5日上涨,1504,0.3167,0.4458,0.711,0.3005,0.3768,-0.0763,L2
3买,大盘多头 + 相对强弱大于0,494,0.1149,0.1398,0.822,0.332,0.3768,-0.0448,L2
3买,大盘多头 + 相对强弱大于5,111,0.0287,0.0297,0.969,0.3694,0.3768,-0.0074,L2
3买,大盘多头 + 量比>=1.3,169,0.0301,0.0534,0.564,0.2544,0.3768,-0.1224,L2
3买,大盘多头 + 距前高<=10%,181,0.0385,0.0534,0.722,0.3039,0.3768,-0.0729,L2
3买,大盘多头 + 距前低<=10%,802,0.1689,0.2377,0.71,0.3005,0.3768,-0.0763,L2
3买,大盘多头 + 相对强弱>=0,73,0.0147,0.022,0.668,0.2877,0.3768,-0.0891,L2
3买,大盘空头 + 大盘安全,473,0.1016,0.139,0.731,0.3066,0.3768,-0.0703,L2
3买,大盘空头 + SID等于2,635,0.1317,0.1894,0.696,0.2961,0.3768,-0.0808,L2
3买,大盘空头 + SID小于等于2,635,0.1317,0.1894,0.696,0.2961,0.3768,-0.0808,L2
3买,大盘空头 + 大盘5日上涨,866,0.2116,0.239,0.886,0.3487,0.3768,-0.0281,L2
3买,大盘空头 + 相对强弱大于0,585,0.15,0.1572,0.954,0.3658,0.3768,-0.011,L2
3买,大盘空头 + 相对强弱大于5,169,0.047,0.0432,1.086,0.3964,0.3768,0.0196,L2
3买,大盘空头 + 量比>=1.3,195,0.0399,0.0585,0.683,0.2923,0.3768,-0.0845,L2
3买,大盘空头 + 距前高<=10%,97,0.0245,0.0263,0.934,0.3608,0.3768,-0.016,L2
3买,大盘空头 + 深跌(距前高>40%),76,0.0147,0.0233,0.631,0.2763,0.3768,-0.1005,L2
3买,大盘空头 + 距前低<=10%,953,0.2439,0.2564,0.951,0.3652,0.3768,-0.0117,L2
3买,大盘空头 + 相对强弱>=0,147,0.0329,0.0424,0.777,0.3197,0.3768,-0.0571,L2
3买,大盘安全 + SID等于1,1618,0.3483,0.475,0.733,0.3072,0.3768,-0.0696,L2
3买,大盘安全 + SID等于2,1663,0.3784,0.4758,0.795,0.3247,0.3768,-0.0521,L2
3买,大盘安全 + SID小于等于2,2211,0.4765,0.6487,0.735,0.3076,0.3768,-0.0693,L2
3买,大盘安全 + 大盘5日上涨,2097,0.445,0.6195,0.718,0.3028,0.3768,-0.074,L2
3买,大盘安全 + 相对强弱大于0,706,0.1619,0.2013,0.804,0.3272,0.3768,-0.0496,L2
3买,大盘安全 + 相对强弱大于5,162,0.0427,0.0428,0.999,0.3765,0.3768,-0.0003,L2
3买,大盘安全 + 量比>=1.3,254,0.0463,0.0797,0.581,0.2598,0.3768,-0.117,L2
3买,大盘安全 + 量比>=2,52,0.014,0.0136,1.034,0.3846,0.3768,0.0078,L2
3买,大盘安全 + 距前高<=10%,226,0.0512,0.0648,0.789,0.323,0.3768,-0.0538,L2
3买,大盘安全 + 深跌(距前高>40%),66,0.0126,0.0203,0.62,0.2727,0.3768,-0.1041,L2
3买,大盘安全 + 距前低<=10%,1227,0.2593,0.3631,0.714,0.3015,0.3768,-0.0753,L2
3买,大盘安全 + 相对强弱>=0,97,0.0175,0.0305,0.574,0.2577,0.3768,-0.1191,L2
3买,SID等于1 + SID等于2,1070,0.2502,0.3021,0.828,0.3336,0.3768,-0.0432,L2
3买,SID等于1 + SID小于等于2,1618,0.3483,0.475,0.733,0.3072,0.3768,-0.0696,L2
3买,SID等于1 + 大盘5日上涨,1504,0.3167,0.4458,0.711,0.3005,0.3768,-0.0763,L2
3买,SID等于1 + 相对强弱大于0,494,0.1149,0.1398,0.822,0.332,0.3768,-0.0448,L2
3买,SID等于1 + 相对强弱大于5,111,0.0287,0.0297,0.969,0.3694,0.3768,-0.0074,L2
3买,SID等于1 + 量比>=1.3,169,0.0301,0.0534,0.564,0.2544,0.3768,-0.1224,L2
3买,SID等于1 + 距前高<=10%,181,0.0385,0.0534,0.722,0.3039,0.3768,-0.0729,L2
3买,SID等于1 + 距前低<=10%,802,0.1689,0.2377,0.71,0.3005,0.3768,-0.0763,L2
3买,SID等于1 + 相对强弱>=0,73,0.0147,0.022,0.668,0.2877,0.3768,-0.0891,L2
3买,SID等于2 + SID小于等于2,2642,0.733,0.6763,1.084,0.3959,0.3768,0.0191,L2
3买,SID等于2 + 大盘5日上涨,1679,0.3749,0.4847,0.773,0.3186,0.3768,-0.0582,L2
3买,SID等于2 + 相对强弱大于0,982,0.2719,0.2517,1.08,0.3951,0.3768,0.0183,L2
3买,SID等于2 + 相对强弱大于5,258,0.0841,0.0585,1.438,0.4651,0.3768,0.0883,L2
3买,SID等于2 + 量比>=1.3,511,0.1934,0.0996,1.942,0.5401,0.3768,0.1633,L2
3买,SID等于2 + 量比>=2,117,0.0484,0.0203,2.377,0.5897,0.3768,0.2129,L2
3买,SID等于2 + 距前高<=10%,206,0.0526,0.0555,0.947,0.3641,0.3768,-0.0127,L2
3买,SID等于2 + 深跌(距前高>40%),132,0.0343,0.0352,0.976,0.3712,0.3768,-0.0056,L2
3买,SID等于2 + 距前低<=10%,1463,0.3602,0.4021,0.896,0.3513,0.3768,-0.0255,L2
3买,SID等于2 + 相对强弱>=0,207,0.054,0.0551,0.98,0.372,0.3768,-0.0048,L2
3买,SID小于等于2 + 大盘5日上涨,2218,0.4716,0.6547,0.72,0.3034,0.3768,-0.0734,L2
3买,SID小于等于2 + 相对强弱大于0,1111,0.2957,0.2919,1.013,0.3798,0.3768,0.003,L2
3买,SID小于等于2 + 相对强弱大于5,293,0.0897,0.0699,1.283,0.4369,0.3768,0.06,L2
3买,SID小于等于2 + 量比>=1.3,580,0.2025,0.1233,1.642,0.4983,0.3768,0.1215,L2
3买,SID小于等于2 + 量比>=2,131,0.0519,0.0242,2.147,0.5649,0.3768,0.1881,L2
3买,SID小于等于2 + 距前高<=10%,284,0.0687,0.0788,0.871,0.3451,0.3768,-0.0317,L2
3买,SID小于等于2 + 深跌(距前高>40%),150,0.0385,0.0403,0.957,0.3667,0.3768,-0.0101,L2
3买,SID小于等于2 + 距前低<=10%,1725,0.41,0.4831,0.849,0.3391,0.3768,-0.0377,L2
3买,SID小于等于2 + 相对强弱>=0,222,0.0554,0.0606,0.914,0.3559,0.3768,-0.021,L2
3买,大盘5日上涨 + 相对强弱大于0,909,0.2102,0.2581,0.815,0.33,0.3768,-0.0468,L2
3买,大盘5日上涨 + 相对强弱大于5,218,0.0575,0.0576,0.997,0.3761,0.3768,-0.0007,L2
3买,大盘5日上涨 + 量比>=1.3,309,0.0575,0.0962,0.597,0.2654,0.3768,-0.1114,L2
3买,大盘5日上涨 + 量比>=2,55,0.0133,0.0153,0.873,0.3455,0.3768,-0.0314,L2
3买,大盘5日上涨 + 距前高<=10%,259,0.0575,0.075,0.766,0.3166,0.3768,-0.0602,L2
3买,大盘5日上涨 + 深跌(距前高>40%),93,0.0182,0.0284,0.642,0.2796,0.3768,-0.0972,L2
3买,大盘5日上涨 + 距前低<=10%,1553,0.3525,0.4449,0.792,0.3239,0.3768,-0.0529,L2
3买,大盘5日上涨 + 相对强弱>=0,153,0.0238,0.0504,0.473,0.2222,0.3768,-0.1546,L2
3买,相对强弱大于0 + 相对强弱大于5,400,0.1226,0.0953,1.286,0.4375,0.3768,0.0607,L2
3买,相对强弱大于0 + 量比>=1.3,300,0.0876,0.0742,1.181,0.4167,0.3768,0.0399,L2
3买,相对强弱大于0 + 量比>=2,70,0.0259,0.014,1.854,0.5286,0.3768,0.1518,L2
3买,相对强弱大于0 + 距前高<=10%,203,0.0463,0.0581,0.797,0.3251,0.3768,-0.0517,L2
3买,相对强弱大于0 + 距前低<=10%,821,0.2228,0.2131,1.046,0.3873,0.3768,0.0105,L2
3买,相对强弱大于0 + 相对强弱>=0,321,0.082,0.0864,0.949,0.3645,0.3768,-0.0123,L2
3买,相对强弱大于5 + 量比>=1.3,126,0.0406,0.0288,1.411,0.4603,0.3768,0.0835,L2
3买,相对强弱大于5 + 距前低<=10%,201,0.0631,0.047,1.341,0.4478,0.3768,0.0709,L2
3买,相对强弱大于5 + 相对强弱>=0,133,0.0406,0.0318,1.279,0.4361,0.3768,0.0593,L2
3买,量比>=1.3 + 量比>=2,144,0.0547,0.028,1.955,0.5417,0.3768,0.1649,L2
3买,量比>=1.3 + 距前高<=10%,67,0.0154,0.0191,0.809,0.3284,0.3768,-0.0485,L2
3买,量比>=1.3 + 距前低<=10%,336,0.0946,0.0852,1.111,0.4018,0.3768,0.025,L2
3买,量比>=1.3 + 相对强弱>=0,104,0.0266,0.028,0.952,0.3654,0.3768,-0.0114,L2
3买,量比>=2 + 距前低<=10%,54,0.0168,0.0127,1.323,0.4444,0.3768,0.0676,L2
3买,距前高<=10% + 距前低<=10%,165,0.0441,0.0432,1.021,0.3818,0.3768,0.005,L2
3买,距前高<=10% + 相对强弱>=0,89,0.0224,0.0242,0.928,0.3596,0.3768,-0.0173,L2
3买,深跌(距前高>40%) + 距前低<=10%,102,0.0203,0.0309,0.657,0.2843,0.3768,-0.0925,L2
3买,距前低<=10% + 相对强弱>=0,183,0.0456,0.05,0.911,0.3552,0.3768,-0.0216,L2
3买,极限抄底 + 量比>=1.3 + 量比大于2,53,0.0294,0.0047,6.315,0.7925,0.3768,0.4156,L3
3买,极限抄底 + 量比>=1.3 + 量能递增,60,0.0315,0.0064,4.961,0.75,0.3768,0.3732,L3
3买,极限抄底 + 量比>=1.3 + KDJ低位金叉,68,0.035,0.0076,4.594,0.7353,0.3768,0.3585,L3
3买,极限抄底 + 量比>=1.3 + 价涨量增,63,0.0336,0.0064,5.292,0.7619,0.3768,0.3851,L3
3买,极限抄底 + 量比>=1.3 + 放量,68,0.0364,0.0068,5.375,0.7647,0.3768,0.3879,L3
3买,极限抄底 + 量比>=1.3 + SID等于2,72,0.0399,0.0064,6.285,0.7917,0.3768,0.4149,L3
3买,极限抄底 + 量比>=1.3 + 量比大于1_3,79,0.042,0.0081,5.223,0.7595,0.3768,0.3827,L3
3买,极限抄底 + 量比>=1.3 + BOLL触下轨反弹,51,0.0273,0.0051,5.375,0.7647,0.3768,0.3879,L3
3买,极限抄底 + 量比大于2 + 量能递增,60,0.028,0.0085,3.308,0.6667,0.3768,0.2899,L3
3买,极限抄底 + 量比大于2 + KDJ低位金叉,60,0.0273,0.0089,3.071,0.65,0.3768,0.2732,L3
3买,极限抄底 + 量比大于2 + 价涨量增,65,0.0294,0.0097,3.02,0.6462,0.3768,0.2693,L3
3买,极限抄底 + 量比大于2 + 放量,71,0.0322,0.0106,3.043,0.6479,0.3768,0.2711,L3
3买,极限抄底 + 量比大于2 + SID等于2,69,0.0322,0.0097,3.308,0.6667,0.3768,0.2899,L3
3买,极限抄底 + 量比大于2 + 量比大于1_3,75,0.0343,0.011,3.117,0.6533,0.3768,0.2765,L3
3买,极限抄底 + 量能递增 + KDJ低位金叉,78,0.0329,0.0131,2.507,0.6026,0.3768,0.2257,L3
3买,极限抄底 + 量能递增 + 价涨量增,82,0.0364,0.0127,2.867,0.6341,0.3768,0.2573,L3
3买,极限抄底 + 量能递增 + 放量,96,0.042,0.0153,2.756,0.625,0.3768,0.2482,L3
3买,极限抄底 + 量能递增 + SID等于2,84,0.0385,0.0123,3.137,0.6548,0.3768,0.2779,L3
3买,极限抄底 + 量能递增 + 量比大于1_3,91,0.0399,0.0144,2.773,0.6264,0.3768,0.2496,L3
3买,极限抄底 + 量能递增 + 中枢极限底,57,0.0259,0.0085,3.06,0.6491,0.3768,0.2723,L3
3买,极限抄底 + 量能递增 + BOLL触下轨反弹,57,0.0238,0.0097,2.445,0.5965,0.3768,0.2197,L3
3买,极限抄底 + KDJ低位金叉 + 价涨量增,82,0.0364,0.0127,2.867,0.6341,0.3768,0.2573,L3
3买,极限抄底 + KDJ低位金叉 + 放量,97,0.042,0.0157,2.682,0.6186,0.3768,0.2417,L3
3买,极限抄底 + KDJ低位金叉 + SID等于2,120,0.0491,0.0212,2.315,0.5833,0.3768,0.2065,L3
3买,极限抄底 + KDJ低位金叉 + 量比大于1_3,112,0.0484,0.0182,2.654,0.6161,0.3768,0.2393,L3
3买,极限抄底 + KDJ低位金叉 + 中枢极限底,71,0.0294,0.0123,2.395,0.5915,0.3768,0.2147,L3
3买,极限抄底 + KDJ低位金叉 + BOLL触下轨反弹,92,0.0343,0.0182,1.885,0.5326,0.3768,0.1558,L3
3买,极限抄底 + 价涨量增 + 放量,102,0.0456,0.0157,2.905,0.6373,0.3768,0.2604,L3
3买,极限抄底 + 价涨量增 + SID等于2,85,0.0399,0.0119,3.367,0.6706,0.3768,0.2938,L3
3买,极限抄底 + 价涨量增 + 量比大于1_3,98,0.0434,0.0153,2.848,0.6327,0.3768,0.2558,L3
3买,极限抄底 + 价涨量增 + 中枢极限底,52,0.0245,0.0072,3.405,0.6731,0.3768,0.2963,L3
3买,极限抄底 + 价涨量增 + BOLL触下轨反弹,61,0.028,0.0089,3.15,0.6557,0.3768,0.2789,L3
3买,极限抄底 + 放量 + SID等于2,102,0.0477,0.0144,3.308,0.6667,0.3768,0.2899,L3
3买,极限抄底 + 放量 + 量比大于1_3,116,0.0505,0.0186,2.706,0.6207,0.3768,0.2439,L3
3买,极限抄底 + 放量 + 中枢极限底,66,0.0301,0.0097,3.092,0.6515,0.3768,0.2747,L3
3买,极限抄底 + 放量 + BOLL触下轨反弹,72,0.0315,0.0114,2.756,0.625,0.3768,0.2482,L3
3买,极限抄底 + SID等于2 + 量比大于1_3,115,0.0533,0.0165,3.223,0.6609,0.3768,0.2841,L3
3买,极限抄底 + SID等于2 + 中枢极限底,74,0.035,0.0102,3.445,0.6757,0.3768,0.2989,L3
3买,极限抄底 + SID等于2 + BOLL触下轨反弹,92,0.0364,0.0169,2.15,0.5652,0.3768,0.1884,L3
3买,极限抄底 + 量比大于1_3 + 中枢极限底,73,0.0329,0.011,2.99,0.6438,0.3768,0.267,L3
3买,极限抄底 + 量比大于1_3 + BOLL触下轨反弹,88,0.0378,0.0144,2.627,0.6136,0.3768,0.2368,L3
3买,极限抄底 + 中枢极限底 + BOLL触下轨反弹,57,0.0238,0.0097,2.445,0.5965,0.3768,0.2197,L3
3买,量比>=2 + 量比>=1.3 + 量比大于2,144,0.0547,0.028,1.955,0.5417,0.3768,0.1649,L3
3买,量比>=2 + 量比>=1.3 + 量能金叉,71,0.028,0.0131,2.134,0.5634,0.3768,0.1866,L3
3买,量比>=2 + 量比>=1.3 + 量能递增,124,0.047,0.0242,1.944,0.5403,0.3768,0.1635,L3
3买,量比>=2 + 量比>=1.3 + 中枢进机会区,60,0.0217,0.0123,1.768,0.5167,0.3768,0.1399,L3
3买,量比>=2 + 量比>=1.3 + KDJ低位金叉,64,0.0287,0.0097,2.948,0.6406,0.3768,0.2638,L3
3买,量比>=2 + 量比>=1.3 + 价涨量增,140,0.054,0.0267,2.021,0.55,0.3768,0.1732,L3
3买,量比>=2 + 量比>=1.3 + 放量,142,0.054,0.0275,1.959,0.5423,0.3768,0.1654,L3
3买,量比>=2 + 量比>=1.3 + SID等于2,117,0.0484,0.0203,2.377,0.5897,0.3768,0.2129,L3
3买,量比>=2 + 量比>=1.3 + 量比大于1_3,144,0.0547,0.028,1.955,0.5417,0.3768,0.1649,L3
3买,量比>=2 + 量比>=1.3 + 中枢极限底,78,0.0322,0.0136,2.377,0.5897,0.3768,0.2129,L3
3买,量比>=2 + 量比>=1.3 + BOLL触下轨反弹,104,0.0413,0.0191,2.168,0.5673,0.3768,0.1905,L3
3买,量比>=2 + 量比大于2 + 量能金叉,71,0.028,0.0131,2.134,0.5634,0.3768,0.1866,L3
3买,量比>=2 + 量比大于2 + 量能递增,124,0.047,0.0242,1.944,0.5403,0.3768,0.1635,L3
3买,量比>=2 + 量比大于2 + 中枢进机会区,60,0.0217,0.0123,1.768,0.5167,0.3768,0.1399,L3
3买,量比>=2 + 量比大于2 + KDJ低位金叉,64,0.0287,0.0097,2.948,0.6406,0.3768,0.2638,L3
3买,量比>=2 + 量比大于2 + 价涨量增,140,0.054,0.0267,2.021,0.55,0.3768,0.1732,L3
3买,量比>=2 + 量比大于2 + 放量,142,0.054,0.0275,1.959,0.5423,0.3768,0.1654,L3
3买,量比>=2 + 量比大于2 + SID等于2,117,0.0484,0.0203,2.377,0.5897,0.3768,0.2129,L3
3买,量比>=2 + 量比大于2 + 量比大于1_3,144,0.0547,0.028,1.955,0.5417,0.3768,0.1649,L3
3买,量比>=2 + 量比大于2 + 中枢极限底,78,0.0322,0.0136,2.377,0.5897,0.3768,0.2129,L3
3买,量比>=2 + 量比大于2 + BOLL触下轨反弹,104,0.0413,0.0191,2.168,0.5673,0.3768,0.1905,L3
3买,量比>=2 + 量能金叉 + 量能递增,69,0.0273,0.0127,2.15,0.5652,0.3768,0.1884,L3
3买,量比>=2 + 量能金叉 + 价涨量增,71,0.028,0.0131,2.134,0.5634,0.3768,0.1866,L3
3买,量比>=2 + 量能金叉 + 放量,71,0.028,0.0131,2.134,0.5634,0.3768,0.1866,L3
3买,量比>=2 + 量能金叉 + SID等于2,60,0.0252,0.0102,2.481,0.6,0.3768,0.2232,L3
3买,量比>=2 + 量能金叉 + 量比大于1_3,71,0.028,0.0131,2.134,0.5634,0.3768,0.1866,L3
3买,量比>=2 + 量能金叉 + BOLL触下轨反弹,50,0.021,0.0085,2.481,0.6,0.3768,0.2232,L3
3买,量比>=2 + 量能递增 + 中枢进机会区,54,0.0196,0.011,1.781,0.5185,0.3768,0.1417,L3
3买,量比>=2 + 量能递增 + 价涨量增,123,0.047,0.0237,1.979,0.5447,0.3768,0.1679,L3
3买,量比>=2 + 量能递增 + 放量,124,0.047,0.0242,1.944,0.5403,0.3768,0.1635,L3
3买,量比>=2 + 量能递增 + SID等于2,102,0.0413,0.0182,2.269,0.5784,0.3768,0.2016,L3
3买,量比>=2 + 量能递增 + 量比大于1_3,124,0.047,0.0242,1.944,0.5403,0.3768,0.1635,L3
3买,量比>=2 + 量能递增 + 中枢极限底,66,0.028,0.011,2.544,0.6061,0.3768,0.2292,L3
3买,量比>=2 + 量能递增 + BOLL触下轨反弹,91,0.035,0.0174,2.017,0.5495,0.3768,0.1726,L3
3买,量比>=2 + 中枢进机会区 + 价涨量增,60,0.0217,0.0123,1.768,0.5167,0.3768,0.1399,L3
3买,量比>=2 + 中枢进机会区 + 放量,60,0.0217,0.0123,1.768,0.5167,0.3768,0.1399,L3
3买,量比>=2 + 中枢进机会区 + SID等于2,50,0.0189,0.0097,1.941,0.54,0.3768,0.1632,L3
3买,量比>=2 + 中枢进机会区 + 量比大于1_3,60,0.0217,0.0123,1.768,0.5167,0.3768,0.1399,L3
3买,量比>=2 + KDJ低位金叉 + 价涨量增,60,0.028,0.0085,3.308,0.6667,0.3768,0.2899,L3
3买,量比>=2 + KDJ低位金叉 + 放量,62,0.028,0.0093,3.007,0.6452,0.3768,0.2683,L3
3买,量比>=2 + KDJ低位金叉 + SID等于2,55,0.0273,0.0068,4.031,0.7091,0.3768,0.3323,L3
3买,量比>=2 + KDJ低位金叉 + 量比大于1_3,64,0.0287,0.0097,2.948,0.6406,0.3768,0.2638,L3
3买,量比>=2 + 价涨量增 + 放量,140,0.054,0.0267,2.021,0.55,0.3768,0.1732,L3
3买,量比>=2 + 价涨量增 + SID等于2,114,0.0477,0.0195,2.445,0.5965,0.3768,0.2197,L3
3买,量比>=2 + 价涨量增 + 量比大于1_3,140,0.054,0.0267,2.021,0.55,0.3768,0.1732,L3
3买,量比>=2 + 价涨量增 + 中枢极限底,78,0.0322,0.0136,2.377,0.5897,0.3768,0.2129,L3
3买,量比>=2 + 价涨量增 + BOLL触下轨反弹,100,0.0406,0.0178,2.284,0.58,0.3768,0.2032,L3
3买,量比>=2 + 放量 + SID等于2,115,0.0477,0.0199,2.393,0.5913,0.3768,0.2145,L3
3买,量比>=2 + 放量 + 量比大于1_3,142,0.054,0.0275,1.959,0.5423,0.3768,0.1654,L3
3买,量比>=2 + 放量 + 中枢极限底,78,0.0322,0.0136,2.377,0.5897,0.3768,0.2129,L3
3买,量比>=2 + 放量 + BOLL触下轨反弹,102,0.0406,0.0186,2.18,0.5686,0.3768,0.1918,L3
3买,量比>=2 + SID等于2 + 量比大于1_3,117,0.0484,0.0203,2.377,0.5897,0.3768,0.2129,L3
3买,量比>=2 + SID等于2 + 中枢极限底,66,0.0301,0.0097,3.092,0.6515,0.3768,0.2747,L3
3买,量比>=2 + SID等于2 + BOLL触下轨反弹,88,0.0378,0.0144,2.627,0.6136,0.3768,0.2368,L3
3买,量比>=2 + 量比大于1_3 + 中枢极限底,78,0.0322,0.0136,2.377,0.5897,0.3768,0.2129,L3
3买,量比>=2 + 量比大于1_3 + BOLL触下轨反弹,104,0.0413,0.0191,2.168,0.5673,0.3768,0.1905,L3
3买,量比>=2 + 中枢极限底 + BOLL触下轨反弹,61,0.0259,0.0102,2.55,0.6066,0.3768,0.2297,L3
3买,量比>=1.3 + 火箭信号 + 量比大于2,69,0.0266,0.0131,2.027,0.5507,0.3768,0.1739,L3
3买,量比>=1.3 + 火箭信号 + 相对强弱大于5,50,0.0182,0.0102,1.792,0.52,0.3768,0.1432,L3
3买,量比>=1.3 + 火箭信号 + 量能金叉,52,0.0203,0.0097,2.085,0.5577,0.3768,0.1809,L3
3买,量比>=1.3 + 火箭信号 + 量能递增,73,0.0301,0.0127,2.37,0.589,0.3768,0.2122,L3
3买,量比>=1.3 + 火箭信号 + 价涨量增,81,0.0343,0.0136,2.532,0.6049,0.3768,0.2281,L3
3买,量比>=1.3 + 火箭信号 + 放量,82,0.035,0.0136,2.584,0.6098,0.3768,0.2329,L3
3买,量比>=1.3 + 火箭信号 + SID等于2,67,0.0329,0.0085,3.886,0.7015,0.3768,0.3247,L3
3买,量比>=1.3 + 火箭信号 + 量比大于1_3,84,0.0357,0.014,2.556,0.6071,0.3768,0.2303,L3
3买,量比>=1.3 + 火箭信号 + BOLL触下轨反弹,55,0.0266,0.0072,3.697,0.6909,0.3768,0.3141,L3
3买,量比>=1.3 + 量比大于2 + 相对强弱大于5,94,0.0322,0.0203,1.585,0.4894,0.3768,0.1125,L3
3买,量比>=1.3 + 量比大于2 + 量能金叉,181,0.068,0.0356,1.91,0.5359,0.3768,0.1591,L3
3买,量比>=1.3 + 量比大于2 + 中枢上穿中轴,119,0.0406,0.0258,1.572,0.4874,0.3768,0.1106,L3
3买,量比>=1.3 + 量比大于2 + 量能递增,305,0.1149,0.0597,1.924,0.5377,0.3768,0.1609,L3
3买,量比>=1.3 + 量比大于2 + 中枢进机会区,137,0.0547,0.025,2.186,0.5693,0.3768,0.1925,L3
3买,量比>=1.3 + 量比大于2 + KDJ低位金叉,185,0.0827,0.0284,2.913,0.6378,0.3768,0.261,L3
3买,量比>=1.3 + 量比大于2 + 价涨量增,329,0.1233,0.0648,1.902,0.535,0.3768,0.1581,L3
3买,量比>=1.3 + 量比大于2 + 放量,338,0.1282,0.0657,1.953,0.5414,0.3768,0.1646,L3
3买,量比>=1.3 + 量比大于2 + SID等于2,273,0.1177,0.0445,2.646,0.6154,0.3768,0.2386,L3
3买,量比>=1.3 + 量比大于2 + 量比大于1_3,347,0.1331,0.0665,2.001,0.5476,0.3768,0.1707,L3
3买,量比>=1.3 + 量比大于2 + 中枢极限底,177,0.0764,0.0288,2.651,0.6158,0.3768,0.239,L3
3买,量比>=1.3 + 量比大于2 + BOLL触下轨反弹,253,0.1009,0.0462,2.185,0.5692,0.3768,0.1924,L3
3买,量比>=1.3 + 相对强弱大于5 + 量能金叉,78,0.0259,0.0174,1.492,0.4744,0.3768,0.0975,L3
3买,量比>=1.3 + 相对强弱大于5 + 中枢上穿中轴,81,0.0273,0.0178,1.536,0.4815,0.3768,0.1047,L3
3买,量比>=1.3 + 相对强弱大于5 + 量能递增,119,0.0378,0.0275,1.374,0.4538,0.3768,0.077,L3
3买,量比>=1.3 + 相对强弱大于5 + 价涨量增,124,0.0392,0.0288,1.362,0.4516,0.3768,0.0748,L3
3买,量比>=1.3 + 相对强弱大于5 + 放量,124,0.0392,0.0288,1.362,0.4516,0.3768,0.0748,L3
3买,量比>=1.3 + 相对强弱大于5 + SID等于2,87,0.0336,0.0165,2.035,0.5517,0.3768,0.1749,L3
3买,量比>=1.3 + 相对强弱大于5 + 量比大于1_3,126,0.0406,0.0288,1.411,0.4603,0.3768,0.0835,L3
3买,量比>=1.3 + 相对强弱大于5 + 中枢极限底,54,0.0182,0.0119,1.536,0.4815,0.3768,0.1047,L3
3买,量比>=1.3 + 相对强弱大于5 + BOLL触下轨反弹,82,0.0294,0.0169,1.737,0.5122,0.3768,0.1354,L3
3买,量比>=1.3 + 量能金叉 + 中枢上穿中轴,106,0.0371,0.0225,1.654,0.5,0.3768,0.1232,L3
3买,量比>=1.3 + 量能金叉 + 量能递增,226,0.0792,0.0479,1.654,0.5,0.3768,0.1232,L3
3买,量比>=1.3 + 量能金叉 + 中枢进机会区,113,0.0406,0.0233,1.744,0.5133,0.3768,0.1365,L3
3买,量比>=1.3 + 量能金叉 + KDJ低位金叉,104,0.0427,0.0182,2.346,0.5865,0.3768,0.2097,L3
3买,量比>=1.3 + 量能金叉 + 价涨量增,235,0.0792,0.0517,1.532,0.4809,0.3768,0.104,L3
3买,量比>=1.3 + 量能金叉 + 放量,243,0.0834,0.0525,1.587,0.4897,0.3768,0.1129,L3
3买,量比>=1.3 + 量能金叉 + SID等于2,182,0.0722,0.0335,2.156,0.5659,0.3768,0.1891,L3
3买,量比>=1.3 + 量能金叉 + 量比大于1_3,245,0.0841,0.053,1.588,0.4898,0.3768,0.113,L3
3买,量比>=1.3 + 量能金叉 + 中枢极限底,119,0.0505,0.0199,2.534,0.605,0.3768,0.2282,L3
3买,量比>=1.3 + 量能金叉 + BOLL触下轨反弹,180,0.0624,0.0386,1.617,0.4944,0.3768,0.1176,L3
3买,量比>=1.3 + 中枢上穿中轴 + 量能递增,146,0.0477,0.0331,1.442,0.4658,0.3768,0.0889,L3
3买,量比>=1.3 + 中枢上穿中轴 + 中枢进机会区,65,0.0238,0.0131,1.814,0.5231,0.3768,0.1463,L3
3买,量比>=1.3 + 中枢上穿中轴 + 价涨量增,162,0.0519,0.0373,1.391,0.4568,0.3768,0.08,L3
3买,量比>=1.3 + 中枢上穿中轴 + 放量,163,0.0519,0.0377,1.375,0.454,0.3768,0.0772,L3
3买,量比>=1.3 + 中枢上穿中轴 + SID等于2,121,0.0448,0.0242,1.857,0.5289,0.3768,0.1521,L3
3买,量比>=1.3 + 中枢上穿中轴 + 量比大于1_3,167,0.0526,0.039,1.348,0.4491,0.3768,0.0723,L3
3买,量比>=1.3 + 中枢上穿中轴 + 中枢极限底,63,0.0231,0.0127,1.819,0.5238,0.3768,0.147,L3
3买,量比>=1.3 + 中枢上穿中轴 + BOLL触下轨反弹,131,0.0456,0.028,1.629,0.4962,0.3768,0.1194,L3
3买,量比>=1.3 + 量能递增 + 中枢进机会区,200,0.0694,0.0428,1.621,0.495,0.3768,0.1182,L3
3买,量比>=1.3 + 量能递增 + KDJ低位金叉,232,0.0967,0.0398,2.428,0.5948,0.3768,0.218,L3
3买,量比>=1.3 + 量能递增 + 价涨量增,455,0.1563,0.0983,1.59,0.4901,0.3768,0.1133,L3
3买,量比>=1.3 + 量能递增 + 放量,471,0.1605,0.1025,1.565,0.4862,0.3768,0.1094,L3
3买,量比>=1.3 + 量能递增 + SID等于2,357,0.1367,0.0686,1.991,0.5462,0.3768,0.1694,L3
3买,量比>=1.3 + 量能递增 + 量比大于1_3,472,0.1612,0.1025,1.572,0.4873,0.3768,0.1105,L3
3买,量比>=1.3 + 量能递增 + 中枢极限底,240,0.0939,0.0449,2.091,0.5583,0.3768,0.1815,L3
3买,量比>=1.3 + 量能递增 + BOLL触下轨反弹,349,0.1205,0.075,1.607,0.4928,0.3768,0.116,L3
3买,量比>=1.3 + 中枢进机会区 + KDJ低位金叉,131,0.0582,0.0203,2.86,0.6336,0.3768,0.2568,L3
3买,量比>=1.3 + 中枢进机会区 + 价涨量增,224,0.0778,0.0479,1.625,0.4955,0.3768,0.1187,L3
3买,量比>=1.3 + 中枢进机会区 + 放量,244,0.0876,0.0504,1.737,0.5123,0.3768,0.1355,L3
3买,量比>=1.3 + 中枢进机会区 + SID等于2,216,0.0834,0.0411,2.029,0.5509,0.3768,0.1741,L3
3买,量比>=1.3 + 中枢进机会区 + 量比大于1_3,275,0.0981,0.0572,1.715,0.5091,0.3768,0.1323,L3
3买,量比>=1.3 + 中枢进机会区 + 中枢极限底,165,0.0701,0.0275,2.544,0.6061,0.3768,0.2292,L3
3买,量比>=1.3 + 中枢进机会区 + BOLL触下轨反弹,206,0.0729,0.0432,1.686,0.5049,0.3768,0.128,L3
3买,量比>=1.3 + KDJ低位金叉 + 价涨量增,279,0.1135,0.0496,2.29,0.5806,0.3768,0.2038,L3
3买,量比>=1.3 + KDJ低位金叉 + 放量,305,0.1226,0.0551,2.226,0.5738,0.3768,0.197,L3
3买,量比>=1.3 + KDJ低位金叉 + SID等于2,290,0.1275,0.0458,2.787,0.6276,0.3768,0.2508,L3
3买,量比>=1.3 + KDJ低位金叉 + 量比大于1_3,359,0.1437,0.0653,2.202,0.571,0.3768,0.1942,L3
3买,量比>=1.3 + KDJ低位金叉 + 中枢极限底,203,0.0946,0.0288,3.283,0.665,0.3768,0.2882,L3
3买,量比>=1.3 + KDJ低位金叉 + BOLL触下轨反弹,255,0.1079,0.0428,2.522,0.6039,0.3768,0.2271,L3
3买,量比>=1.3 + 价涨量增 + BOLL突破上轨,50,0.0119,0.014,0.852,0.34,0.3768,-0.0368,L3
3买,量比>=1.3 + 价涨量增 + 放量,560,0.1871,0.1242,1.507,0.4768,0.3768,0.1,L3
3买,量比>=1.3 + 价涨量增 + SID等于2,420,0.1591,0.0818,1.945,0.5405,0.3768,0.1637,L3
3买,量比>=1.3 + 价涨量增 + 量比大于1_3,560,0.1871,0.1242,1.507,0.4768,0.3768,0.1,L3
3买,量比>=1.3 + 价涨量增 + 中枢极限底,279,0.1058,0.0542,1.951,0.5412,0.3768,0.1644,L3
3买,量比>=1.3 + 价涨量增 + BOLL触下轨反弹,405,0.1395,0.0873,1.598,0.4914,0.3768,0.1145,L3
3买,量比>=1.3 + BOLL突破上轨 + 放量,50,0.0119,0.014,0.852,0.34,0.3768,-0.0368,L3
3买,量比>=1.3 + BOLL突破上轨 + 量比大于1_3,50,0.0119,0.014,0.852,0.34,0.3768,-0.0368,L3
3买,量比>=1.3 + 放量 + SID等于2,456,0.1731,0.0886,1.955,0.5417,0.3768,0.1649,L3
3买,量比>=1.3 + 放量 + 量比大于1_3,607,0.2025,0.1347,1.503,0.4761,0.3768,0.0993,L3
3买,量比>=1.3 + 放量 + 中枢极限底,299,0.1163,0.0564,2.064,0.5552,0.3768,0.1784,L3
3买,量比>=1.3 + 放量 + BOLL触下轨反弹,445,0.1521,0.0966,1.574,0.4876,0.3768,0.1108,L3
3买,量比>=1.3 + SID等于2 + 量比大于1_3,511,0.1934,0.0996,1.942,0.5401,0.3768,0.1633,L3
3买,量比>=1.3 + SID等于2 + 中枢极限底,273,0.1191,0.0436,2.73,0.6227,0.3768,0.2459,L3
3买,量比>=1.3 + SID等于2 + BOLL触下轨反弹,389,0.1514,0.0733,2.065,0.5553,0.3768,0.1785,L3
3买,量比>=1.3 + 量比大于1_3 + 中枢极限底,331,0.131,0.061,2.148,0.565,0.3768,0.1881,L3
3买,量比>=1.3 + 量比大于1_3 + BOLL触下轨反弹,484,0.1689,0.103,1.64,0.4979,0.3768,0.1211,L3
3买,量比>=1.3 + 中枢极限底 + BOLL触下轨反弹,245,0.1002,0.0432,2.319,0.5837,0.3768,0.2069,L3
3买,火箭信号 + 量比大于2 + 相对强弱大于5,122,0.0406,0.0271,1.499,0.4754,0.3768,0.0986,L3
3买,火箭信号 + 量比大于2 + 量能金叉,109,0.0378,0.0233,1.624,0.4954,0.3768,0.1186,L3
3买,火箭信号 + 量比大于2 + 中枢上穿中轴,137,0.0441,0.0314,1.408,0.4599,0.3768,0.083,L3
3买,火箭信号 + 量比大于2 + 量能递增,173,0.0575,0.0386,1.49,0.474,0.3768,0.0972,L3
3买,火箭信号 + 量比大于2 + 中枢进机会区,78,0.0294,0.0153,1.929,0.5385,0.3768,0.1616,L3
3买,火箭信号 + 量比大于2 + KDJ低位金叉,59,0.0224,0.0114,1.96,0.5424,0.3768,0.1656,L3
3买,火箭信号 + 量比大于2 + 价涨量增,195,0.0638,0.0441,1.447,0.4667,0.3768,0.0899,L3
3买,火箭信号 + 量比大于2 + BOLL突破上轨,75,0.0231,0.0178,1.299,0.44,0.3768,0.0632,L3
3买,火箭信号 + 量比大于2 + 放量,198,0.0645,0.0449,1.435,0.4646,0.3768,0.0878,L3
3买,火箭信号 + 量比大于2 + SID等于2,131,0.0484,0.0263,1.841,0.5267,0.3768,0.1499,L3
3买,火箭信号 + 量比大于2 + 量比大于1_3,199,0.0645,0.0453,1.422,0.4623,0.3768,0.0855,L3
3买,火箭信号 + 量比大于2 + 中枢极限底,81,0.0301,0.0161,1.871,0.5309,0.3768,0.154,L3
3买,火箭信号 + 量比大于2 + BOLL触下轨反弹,116,0.0406,0.0246,1.654,0.5,0.3768,0.1232,L3
3买,火箭信号 + 相对强弱大于5 + 量能金叉,84,0.0266,0.0195,1.366,0.4524,0.3768,0.0756,L3
3买,火箭信号 + 相对强弱大于5 + 中枢上穿中轴,116,0.0385,0.0258,1.491,0.4741,0.3768,0.0973,L3
3买,火箭信号 + 相对强弱大于5 + 量能递增,133,0.0448,0.0292,1.534,0.4812,0.3768,0.1044,L3
3买,火箭信号 + 相对强弱大于5 + 中枢进机会区,56,0.021,0.011,1.908,0.5357,0.3768,0.1589,L3
3买,火箭信号 + 相对强弱大于5 + 价涨量增,150,0.0498,0.0335,1.486,0.4733,0.3768,0.0965,L3
3买,火箭信号 + 相对强弱大于5 + BOLL突破上轨,70,0.0238,0.0153,1.562,0.4857,0.3768,0.1089,L3
3买,火箭信号 + 相对强弱大于5 + 放量,151,0.0498,0.0339,1.468,0.4702,0.3768,0.0934,L3
3买,火箭信号 + 相对强弱大于5 + SID等于2,104,0.0371,0.0216,1.719,0.5096,0.3768,0.1328,L3
3买,火箭信号 + 相对强弱大于5 + 量比大于1_3,149,0.0484,0.0339,1.426,0.4631,0.3768,0.0863,L3
3买,火箭信号 + 相对强弱大于5 + 中枢极限底,57,0.0217,0.011,1.972,0.5439,0.3768,0.167,L3
3买,火箭信号 + 相对强弱大于5 + BOLL触下轨反弹,86,0.0301,0.0182,1.654,0.5,0.3768,0.1232,L3
3买,火箭信号 + 量能金叉 + 中枢上穿中轴,86,0.0301,0.0182,1.654,0.5,0.3768,0.1232,L3
3买,火箭信号 + 量能金叉 + 量能递增,107,0.0378,0.0225,1.685,0.5047,0.3768,0.1279,L3
3买,火箭信号 + 量能金叉 + 中枢进机会区,50,0.021,0.0085,2.481,0.6,0.3768,0.2232,L3
3买,火箭信号 + 量能金叉 + 价涨量增,114,0.0385,0.025,1.542,0.4825,0.3768,0.1056,L3
3买,火箭信号 + 量能金叉 + BOLL突破上轨,50,0.0154,0.0119,1.299,0.44,0.3768,0.0632,L3
3买,火箭信号 + 量能金叉 + 放量,116,0.0392,0.0254,1.544,0.4828,0.3768,0.1059,L3
3买,火箭信号 + 量能金叉 + SID等于2,84,0.0322,0.0161,2.002,0.5476,0.3768,0.1708,L3
3买,火箭信号 + 量能金叉 + 量比大于1_3,116,0.0392,0.0254,1.544,0.4828,0.3768,0.1059,L3
3买,火箭信号 + 量能金叉 + BOLL触下轨反弹,73,0.0273,0.0144,1.897,0.5342,0.3768,0.1574,L3
3买,火箭信号 + 中枢上穿中轴 + 量能递增,153,0.0526,0.0331,1.59,0.4902,0.3768,0.1134,L3
3买,火箭信号 + 中枢上穿中轴 + 中枢进机会区,80,0.0329,0.014,2.355,0.5875,0.3768,0.2107,L3
3买,火箭信号 + 中枢上穿中轴 + 价涨量增,175,0.0603,0.0377,1.598,0.4914,0.3768,0.1146,L3
3买,火箭信号 + 中枢上穿中轴 + BOLL突破上轨,70,0.0224,0.0161,1.393,0.4571,0.3768,0.0803,L3
3买,火箭信号 + 中枢上穿中轴 + 放量,176,0.061,0.0377,1.617,0.4943,0.3768,0.1175,L3
3买,火箭信号 + 中枢上穿中轴 + SID等于2,126,0.0484,0.0242,2.002,0.5476,0.3768,0.1708,L3
3买,火箭信号 + 中枢上穿中轴 + 量比大于1_3,175,0.061,0.0373,1.635,0.4971,0.3768,0.1203,L3
3买,火箭信号 + 中枢上穿中轴 + 中枢极限底,61,0.0238,0.0114,2.083,0.5574,0.3768,0.1806,L3
3买,火箭信号 + 中枢上穿中轴 + BOLL触下轨反弹,115,0.0434,0.0225,1.935,0.5391,0.3768,0.1623,L3
3买,火箭信号 + 量能递增 + 中枢进机会区,102,0.0378,0.0203,1.861,0.5294,0.3768,0.1526,L3
3买,火箭信号 + 量能递增 + KDJ低位金叉,54,0.0259,0.0072,3.599,0.6852,0.3768,0.3084,L3
3买,火箭信号 + 量能递增 + 价涨量增,218,0.0757,0.0466,1.624,0.4954,0.3768,0.1186,L3
3买,火箭信号 + 量能递增 + BOLL突破上轨,75,0.0238,0.0174,1.371,0.4533,0.3768,0.0765,L3
3买,火箭信号 + 量能递增 + 放量,219,0.0764,0.0466,1.639,0.4977,0.3768,0.1209,L3
3买,火箭信号 + 量能递增 + SID等于2,151,0.0596,0.028,2.13,0.5629,0.3768,0.1861,L3
3买,火箭信号 + 量能递增 + 量比大于1_3,215,0.0743,0.0462,1.608,0.493,0.3768,0.1162,L3
3买,火箭信号 + 量能递增 + 中枢极限底,91,0.0329,0.0186,1.767,0.5165,0.3768,0.1397,L3
3买,火箭信号 + 量能递增 + BOLL触下轨反弹,136,0.0491,0.028,1.754,0.5147,0.3768,0.1379,L3
3买,火箭信号 + 中枢进机会区 + 价涨量增,113,0.0427,0.022,1.94,0.5398,0.3768,0.163,L3
3买,火箭信号 + 中枢进机会区 + 放量,116,0.0427,0.0233,1.834,0.5259,0.3768,0.149,L3
3买,火箭信号 + 中枢进机会区 + SID等于2,89,0.035,0.0165,2.12,0.5618,0.3768,0.185,L3
3买,火箭信号 + 中枢进机会区 + 量比大于1_3,112,0.0406,0.0229,1.776,0.5179,0.3768,0.141,L3
3买,火箭信号 + 中枢进机会区 + 中枢极限底,58,0.0203,0.0123,1.654,0.5,0.3768,0.1232,L3
3买,火箭信号 + 中枢进机会区 + BOLL触下轨反弹,74,0.0273,0.0148,1.843,0.527,0.3768,0.1502,L3
3买,火箭信号 + KDJ低位金叉 + 价涨量增,71,0.0287,0.0127,2.26,0.5775,0.3768,0.2006,L3
3买,火箭信号 + KDJ低位金叉 + 放量,77,0.0294,0.0148,1.985,0.5455,0.3768,0.1686,L3
3买,火箭信号 + KDJ低位金叉 + SID等于2,67,0.0266,0.0123,2.167,0.5672,0.3768,0.1903,L3
3买,火箭信号 + KDJ低位金叉 + 量比大于1_3,80,0.0301,0.0157,1.922,0.5375,0.3768,0.1607,L3
3买,火箭信号 + 价涨量增 + BOLL突破上轨,80,0.0266,0.0178,1.496,0.475,0.3768,0.0982,L3
3买,火箭信号 + 价涨量增 + 放量,263,0.089,0.0576,1.544,0.4829,0.3768,0.1061,L3
3买,火箭信号 + 价涨量增 + SID等于2,181,0.0694,0.0347,1.997,0.547,0.3768,0.1701,L3
3买,火箭信号 + 价涨量增 + 量比大于1_3,259,0.0869,0.0572,1.519,0.4788,0.3768,0.1019,L3
3买,火箭信号 + 价涨量增 + 中枢极限底,102,0.0378,0.0203,1.861,0.5294,0.3768,0.1526,L3
3买,火箭信号 + 价涨量增 + BOLL触下轨反弹,149,0.0561,0.0292,1.917,0.5369,0.3768,0.1601,L3
3买,火箭信号 + BOLL突破上轨 + 放量,80,0.0266,0.0178,1.496,0.475,0.3768,0.0982,L3
3买,火箭信号 + BOLL突破上轨 + 量比大于1_3,80,0.0266,0.0178,1.496,0.475,0.3768,0.0982,L3
3买,火箭信号 + 放量 + SID等于2,186,0.0701,0.0364,1.923,0.5376,0.3768,0.1608,L3
3买,火箭信号 + 放量 + 量比大于1_3,267,0.0883,0.0597,1.478,0.4719,0.3768,0.0951,L3
3买,火箭信号 + 放量 + 中枢极限底,103,0.0385,0.0203,1.895,0.534,0.3768,0.1572,L3
3买,火箭信号 + 放量 + BOLL触下轨反弹,153,0.0568,0.0305,1.861,0.5294,0.3768,0.1526,L3
3买,火箭信号 + SID等于2 + 量比大于1_3,188,0.0701,0.0373,1.879,0.5319,0.3768,0.1551,L3
3买,火箭信号 + SID等于2 + 中枢极限底,76,0.0315,0.0131,2.401,0.5921,0.3768,0.2153,L3
3买,火箭信号 + SID等于2 + BOLL触下轨反弹,118,0.047,0.0216,2.173,0.5678,0.3768,0.191,L3
3买,火箭信号 + 量比大于1_3 + 中枢极限底,100,0.0371,0.0199,1.865,0.53,0.3768,0.1532,L3
3买,火箭信号 + 量比大于1_3 + BOLL触下轨反弹,154,0.0561,0.0314,1.788,0.5195,0.3768,0.1427,L3
3买,火箭信号 + 中枢极限底 + BOLL触下轨反弹,63,0.0259,0.011,2.354,0.5873,0.3768,0.2105,L3
3买,量比大于2 + 相对强弱大于5 + 量能金叉,148,0.047,0.0343,1.368,0.4527,0.3768,0.0759,L3
3买,量比大于2 + 相对强弱大于5 + 中枢上穿中轴,178,0.0554,0.0419,1.32,0.4438,0.3768,0.067,L3
3买,量比大于2 + 相对强弱大于5 + 量能递增,225,0.0701,0.053,1.323,0.4444,0.3768,0.0676,L3
3买,量比大于2 + 相对强弱大于5 + 中枢进机会区,93,0.035,0.0182,1.923,0.5376,0.3768,0.1608,L3
3买,量比大于2 + 相对强弱大于5 + KDJ低位金叉,54,0.021,0.0102,2.067,0.5556,0.3768,0.1787,L3
3买,量比大于2 + 相对强弱大于5 + 价涨量增,247,0.0743,0.0597,1.243,0.4291,0.3768,0.0523,L3
3买,量比大于2 + 相对强弱大于5 + BOLL突破上轨,112,0.0301,0.0292,1.031,0.3839,0.3768,0.0071,L3
3买,量比大于2 + 相对强弱大于5 + 放量,249,0.0757,0.0597,1.267,0.4337,0.3768,0.0569,L3
3买,量比大于2 + 相对强弱大于5 + SID等于2,164,0.054,0.0369,1.464,0.4695,0.3768,0.0927,L3
3买,量比大于2 + 相对强弱大于5 + 量比大于1_3,249,0.0757,0.0597,1.267,0.4337,0.3768,0.0569,L3
3买,量比大于2 + 相对强弱大于5 + 中枢极限底,104,0.0343,0.0233,1.473,0.4712,0.3768,0.0943,L3
3买,量比大于2 + 相对强弱大于5 + BOLL触下轨反弹,146,0.0498,0.0318,1.566,0.4863,0.3768,0.1095,L3
3买,量比大于2 + 量能金叉 + 中枢上穿中轴,206,0.0687,0.0458,1.501,0.4757,0.3768,0.0989,L3
3买,量比大于2 + 量能金叉 + 量能递增,353,0.1184,0.078,1.519,0.4788,0.3768,0.1019,L3
3买,量比大于2 + 量能金叉 + 中枢进机会区,174,0.0645,0.0347,1.856,0.5287,0.3768,0.1519,L3
3买,量比大于2 + 量能金叉 + KDJ低位金叉,131,0.0498,0.0254,1.957,0.542,0.3768,0.1652,L3
3买,量比大于2 + 量能金叉 + 价涨量增,363,0.1184,0.0822,1.441,0.4656,0.3768,0.0887,L3
3买,量比大于2 + 量能金叉 + BOLL突破上轨,89,0.0238,0.0233,1.022,0.382,0.3768,0.0052,L3
3买,量比大于2 + 量能金叉 + 放量,382,0.1268,0.0852,1.489,0.4738,0.3768,0.097,L3
3买,量比大于2 + 量能金叉 + SID等于2,279,0.1009,0.0572,1.764,0.5161,0.3768,0.1393,L3
3买,量比大于2 + 量能金叉 + 量比大于1_3,382,0.1268,0.0852,1.489,0.4738,0.3768,0.097,L3
3买,量比大于2 + 量能金叉 + 中枢极限底,163,0.061,0.0322,1.893,0.5337,0.3768,0.1569,L3
3买,量比大于2 + 量能金叉 + BOLL触下轨反弹,252,0.0883,0.0534,1.654,0.5,0.3768,0.1232,L3
3买,量比大于2 + 中枢上穿中轴 + 量能递增,302,0.0918,0.0725,1.267,0.4338,0.3768,0.057,L3
3买,量比大于2 + 中枢上穿中轴 + 中枢进机会区,136,0.0498,0.0275,1.806,0.5221,0.3768,0.1452,L3
3买,量比大于2 + 中枢上穿中轴 + KDJ低位金叉,82,0.0287,0.0174,1.654,0.5,0.3768,0.1232,L3
3买,量比大于2 + 中枢上穿中轴 + 价涨量增,348,0.103,0.0852,1.21,0.4224,0.3768,0.0456,L3
3买,量比大于2 + 中枢上穿中轴 + BOLL突破上轨,121,0.0336,0.0309,1.087,0.3967,0.3768,0.0199,L3
3买,量比大于2 + 中枢上穿中轴 + 放量,352,0.1051,0.0856,1.228,0.4261,0.3768,0.0493,L3
3买,量比大于2 + 中枢上穿中轴 + SID等于2,230,0.0757,0.0517,1.464,0.4696,0.3768,0.0927,L3
3买,量比大于2 + 中枢上穿中轴 + 量比大于1_3,352,0.1051,0.0856,1.228,0.4261,0.3768,0.0493,L3
3买,量比大于2 + 中枢上穿中轴 + 中枢极限底,121,0.0413,0.0263,1.574,0.4876,0.3768,0.1108,L3
3买,量比大于2 + 中枢上穿中轴 + BOLL触下轨反弹,238,0.0764,0.0547,1.397,0.458,0.3768,0.0812,L3
3买,量比大于2 + 量能递增 + 中枢进机会区,293,0.1023,0.0623,1.643,0.4983,0.3768,0.1215,L3
3买,量比大于2 + 量能递增 + KDJ低位金叉,255,0.1051,0.0445,2.363,0.5882,0.3768,0.2114,L3
3买,量比大于2 + 量能递增 + 价涨量增,666,0.2088,0.1559,1.339,0.4474,0.3768,0.0706,L3
3买,量比大于2 + 量能递增 + BOLL突破上轨,142,0.0385,0.0369,1.046,0.3873,0.3768,0.0105,L3
3买,量比大于2 + 量能递增 + 放量,700,0.2235,0.1614,1.385,0.4557,0.3768,0.0789,L3
3买,量比大于2 + 量能递增 + SID等于2,476,0.1703,0.0987,1.725,0.5105,0.3768,0.1337,L3
3买,量比大于2 + 量能递增 + 量比大于1_3,701,0.2242,0.1614,1.389,0.4565,0.3768,0.0797,L3
3买,量比大于2 + 量能递增 + 中枢极限底,327,0.1135,0.0699,1.624,0.4954,0.3768,0.1186,L3
3买,量比大于2 + 量能递增 + BOLL触下轨反弹,479,0.1605,0.1059,1.515,0.4781,0.3768,0.1013,L3
3买,量比大于2 + 中枢进机会区 + KDJ低位金叉,120,0.0519,0.0195,2.66,0.6167,0.3768,0.2399,L3
3买,量比大于2 + 中枢进机会区 + 价涨量增,320,0.1086,0.0699,1.554,0.4844,0.3768,0.1076,L3
3买,量比大于2 + 中枢进机会区 + BOLL突破上轨,54,0.0154,0.0136,1.137,0.4074,0.3768,0.0306,L3
3买,量比大于2 + 中枢进机会区 + 放量,357,0.1254,0.0754,1.663,0.5014,0.3768,0.1246,L3
3买,量比大于2 + 中枢进机会区 + SID等于2,269,0.1002,0.0534,1.877,0.5316,0.3768,0.1548,L3
3买,量比大于2 + 中枢进机会区 + 量比大于1_3,361,0.1268,0.0763,1.663,0.5014,0.3768,0.1246,L3
3买,量比大于2 + 中枢进机会区 + 中枢极限底,204,0.0757,0.0407,1.861,0.5294,0.3768,0.1526,L3
3买,量比大于2 + 中枢进机会区 + BOLL触下轨反弹,254,0.0904,0.053,1.707,0.5079,0.3768,0.1311,L3
3买,量比大于2 + KDJ低位金叉 + 价涨量增,340,0.1247,0.0686,1.817,0.5235,0.3768,0.1467,L3
3买,量比大于2 + KDJ低位金叉 + 放量,365,0.1352,0.0729,1.856,0.5288,0.3768,0.152,L3
3买,量比大于2 + KDJ低位金叉 + SID等于2,287,0.1163,0.0513,2.269,0.5784,0.3768,0.2016,L3
3买,量比大于2 + KDJ低位金叉 + 量比大于1_3,376,0.1409,0.0742,1.9,0.5346,0.3768,0.1578,L3
3买,量比大于2 + KDJ低位金叉 + 中枢极限底,193,0.082,0.0322,2.546,0.6062,0.3768,0.2294,L3
3买,量比大于2 + KDJ低位金叉 + BOLL触下轨反弹,236,0.0939,0.0432,2.173,0.5678,0.3768,0.191,L3
3买,量比大于2 + 价涨量增 + BOLL突破上轨,154,0.0413,0.0403,1.027,0.3831,0.3768,0.0063,L3
3买,量比大于2 + 价涨量增 + 放量,840,0.2579,0.2,1.289,0.4381,0.3768,0.0613,L3
3买,量比大于2 + 价涨量增 + SID等于2,589,0.2004,0.1284,1.561,0.4856,0.3768,0.1088,L3
3买,量比大于2 + 价涨量增 + 量比大于1_3,840,0.2579,0.2,1.289,0.4381,0.3768,0.0613,L3
3买,量比大于2 + 价涨量增 + 中枢极限底,383,0.1289,0.0843,1.529,0.4804,0.3768,0.1036,L3
3买,量比大于2 + 价涨量增 + BOLL触下轨反弹,527,0.1759,0.1169,1.504,0.4763,0.3768,0.0995,L3
3买,量比大于2 + BOLL突破上轨 + 放量,154,0.0413,0.0403,1.027,0.3831,0.3768,0.0063,L3
3买,量比大于2 + BOLL突破上轨 + SID等于2,97,0.028,0.0242,1.161,0.4124,0.3768,0.0356,L3
3买,量比大于2 + BOLL突破上轨 + 量比大于1_3,154,0.0413,0.0403,1.027,0.3831,0.3768,0.0063,L3
3买,量比大于2 + BOLL突破上轨 + BOLL触下轨反弹,93,0.0287,0.022,1.304,0.4409,0.3768,0.064,L3
3买,量比大于2 + 放量 + SID等于2,623,0.2151,0.1339,1.607,0.4928,0.3768,0.116,L3
3买,量比大于2 + 放量 + 量比大于1_3,895,0.2796,0.2102,1.33,0.4458,0.3768,0.069,L3
3买,量比大于2 + 放量 + 中枢极限底,406,0.1409,0.0869,1.622,0.4951,0.3768,0.1183,L3
3买,量比大于2 + 放量 + BOLL触下轨反弹,571,0.192,0.1258,1.526,0.4799,0.3768,0.103,L3
3买,量比大于2 + SID等于2 + 量比大于1_3,633,0.22,0.1352,1.628,0.4961,0.3768,0.1192,L3
3买,量比大于2 + SID等于2 + 中枢极限底,300,0.1149,0.0576,1.994,0.5467,0.3768,0.1699,L3
3买,量比大于2 + SID等于2 + BOLL触下轨反弹,431,0.1605,0.0856,1.875,0.5313,0.3768,0.1545,L3
3买,量比大于2 + 量比大于1_3 + 中枢极限底,410,0.1437,0.0869,1.654,0.5,0.3768,0.1232,L3
3买,量比大于2 + 量比大于1_3 + BOLL触下轨反弹,580,0.1969,0.1267,1.554,0.4845,0.3768,0.1077,L3
3买,量比大于2 + 中枢极限底 + BOLL触下轨反弹,268,0.1023,0.0517,1.979,0.5448,0.3768,0.168,L3
3买,相对强弱大于5 + 量能金叉 + 中枢上穿中轴,132,0.0413,0.0309,1.337,0.447,0.3768,0.0702,L3
3买,相对强弱大于5 + 量能金叉 + 量能递增,156,0.0505,0.0356,1.418,0.4615,0.3768,0.0847,L3
3买,相对强弱大于5 + 量能金叉 + 中枢进机会区,65,0.0252,0.0123,2.053,0.5538,0.3768,0.177,L3
3买,相对强弱大于5 + 量能金叉 + 价涨量增,165,0.0512,0.039,1.312,0.4424,0.3768,0.0656,L3
3买,相对强弱大于5 + 量能金叉 + BOLL突破上轨,72,0.0196,0.0186,1.052,0.3889,0.3768,0.0121,L3
3买,相对强弱大于5 + 量能金叉 + 放量,166,0.0512,0.0394,1.298,0.4398,0.3768,0.0629,L3
3买,相对强弱大于5 + 量能金叉 + SID等于2,119,0.0385,0.0271,1.421,0.4622,0.3768,0.0854,L3
3买,相对强弱大于5 + 量能金叉 + 量比大于1_3,165,0.0505,0.0394,1.28,0.4364,0.3768,0.0595,L3
3买,相对强弱大于5 + 量能金叉 + 中枢极限底,54,0.0182,0.0119,1.536,0.4815,0.3768,0.1047,L3
3买,相对强弱大于5 + 量能金叉 + BOLL触下轨反弹,102,0.035,0.022,1.59,0.4902,0.3768,0.1134,L3
3买,相对强弱大于5 + 中枢上穿中轴 + 量能递增,210,0.068,0.0479,1.42,0.4619,0.3768,0.0851,L3
3买,相对强弱大于5 + 中枢上穿中轴 + 中枢进机会区,88,0.0329,0.0174,1.896,0.5341,0.3768,0.1573,L3
3买,相对强弱大于5 + 中枢上穿中轴 + 价涨量增,225,0.0687,0.0538,1.276,0.4356,0.3768,0.0587,L3
3买,相对强弱大于5 + 中枢上穿中轴 + BOLL突破上轨,105,0.0308,0.0258,1.193,0.419,0.3768,0.0422,L3
3买,相对强弱大于5 + 中枢上穿中轴 + 放量,227,0.0694,0.0542,1.279,0.4361,0.3768,0.0593,L3
3买,相对强弱大于5 + 中枢上穿中轴 + SID等于2,161,0.0533,0.036,1.479,0.472,0.3768,0.0952,L3
3买,相对强弱大于5 + 中枢上穿中轴 + 量比大于1_3,220,0.0673,0.0525,1.28,0.4364,0.3768,0.0595,L3
3买,相对强弱大于5 + 中枢上穿中轴 + 中枢极限底,78,0.0273,0.0165,1.654,0.5,0.3768,0.1232,L3
3买,相对强弱大于5 + 中枢上穿中轴 + BOLL触下轨反弹,147,0.0519,0.0309,1.676,0.5034,0.3768,0.1266,L3
3买,相对强弱大于5 + 量能递增 + 中枢进机会区,140,0.0477,0.0305,1.562,0.4857,0.3768,0.1089,L3
3买,相对强弱大于5 + 量能递增 + KDJ低位金叉,57,0.0224,0.0106,2.117,0.5614,0.3768,0.1846,L3
3买,相对强弱大于5 + 量能递增 + 价涨量增,313,0.0946,0.0754,1.254,0.4313,0.3768,0.0545,L3
3买,相对强弱大于5 + 量能递增 + BOLL突破上轨,122,0.0329,0.0318,1.036,0.3852,0.3768,0.0084,L3
3买,相对强弱大于5 + 量能递增 + 放量,324,0.0988,0.0775,1.274,0.4352,0.3768,0.0584,L3
3买,相对强弱大于5 + 量能递增 + SID等于2,218,0.0736,0.0479,1.537,0.4817,0.3768,0.1048,L3
3买,相对强弱大于5 + 量能递增 + 量比大于1_3,299,0.0918,0.0712,1.29,0.4381,0.3768,0.0613,L3
3买,相对强弱大于5 + 量能递增 + 中枢极限底,135,0.0406,0.0326,1.246,0.4296,0.3768,0.0528,L3
3买,相对强弱大于5 + 量能递增 + BOLL触下轨反弹,208,0.0687,0.0466,1.473,0.4712,0.3768,0.0943,L3
3买,相对强弱大于5 + 中枢进机会区 + 价涨量增,134,0.0463,0.0288,1.605,0.4925,0.3768,0.1157,L3
3买,相对强弱大于5 + 中枢进机会区 + 放量,142,0.0477,0.0314,1.52,0.4789,0.3768,0.1021,L3
3买,相对强弱大于5 + 中枢进机会区 + SID等于2,103,0.035,0.0225,1.56,0.4854,0.3768,0.1086,L3
3买,相对强弱大于5 + 中枢进机会区 + 量比大于1_3,125,0.0434,0.0267,1.628,0.496,0.3768,0.1192,L3
3买,相对强弱大于5 + 中枢进机会区 + 中枢极限底,80,0.0273,0.0174,1.573,0.4875,0.3768,0.1107,L3
3买,相对强弱大于5 + 中枢进机会区 + BOLL触下轨反弹,105,0.0385,0.0212,1.819,0.5238,0.3768,0.147,L3
3买,相对强弱大于5 + KDJ低位金叉 + 价涨量增,66,0.0231,0.014,1.654,0.5,0.3768,0.1232,L3
3买,相对强弱大于5 + KDJ低位金叉 + 放量,67,0.0238,0.014,1.704,0.5075,0.3768,0.1306,L3
3买,相对强弱大于5 + KDJ低位金叉 + 量比大于1_3,66,0.0245,0.0131,1.867,0.5303,0.3768,0.1535,L3
3买,相对强弱大于5 + 价涨量增 + BOLL突破上轨,129,0.0357,0.0331,1.081,0.3953,0.3768,0.0185,L3
3买,相对强弱大于5 + 价涨量增 + 放量,355,0.1037,0.0877,1.182,0.4169,0.3768,0.0401,L3
3买,相对强弱大于5 + 价涨量增 + SID等于2,225,0.0701,0.053,1.323,0.4444,0.3768,0.0676,L3
3买,相对强弱大于5 + 价涨量增 + 量比大于1_3,336,0.0974,0.0835,1.167,0.4137,0.3768,0.0369,L3
3买,相对强弱大于5 + 价涨量增 + 中枢极限底,138,0.0427,0.0326,1.31,0.442,0.3768,0.0652,L3
3买,相对强弱大于5 + 价涨量增 + BOLL触下轨反弹,205,0.0652,0.0475,1.373,0.4537,0.3768,0.0768,L3
3买,相对强弱大于5 + BOLL突破上轨 + 放量,129,0.0357,0.0331,1.081,0.3953,0.3768,0.0185,L3
3买,相对强弱大于5 + BOLL突破上轨 + SID等于2,83,0.0252,0.0199,1.267,0.4337,0.3768,0.0569,L3
3买,相对强弱大于5 + BOLL突破上轨 + 量比大于1_3,127,0.0357,0.0322,1.11,0.4016,0.3768,0.0248,L3
3买,相对强弱大于5 + BOLL突破上轨 + BOLL触下轨反弹,76,0.0238,0.0178,1.339,0.4474,0.3768,0.0706,L3
3买,相对强弱大于5 + 放量 + SID等于2,234,0.0736,0.0547,1.346,0.4487,0.3768,0.0719,L3
3买,相对强弱大于5 + 放量 + 量比大于1_3,342,0.1009,0.0839,1.203,0.4211,0.3768,0.0442,L3
3买,相对强弱大于5 + 放量 + 中枢极限底,141,0.0434,0.0335,1.298,0.4397,0.3768,0.0629,L3
3买,相对强弱大于5 + 放量 + BOLL触下轨反弹,214,0.068,0.0496,1.371,0.4533,0.3768,0.0765,L3
3买,相对强弱大于5 + SID等于2 + 量比大于1_3,218,0.0694,0.0504,1.376,0.4541,0.3768,0.0773,L3
3买,相对强弱大于5 + SID等于2 + 中枢极限底,101,0.0329,0.0229,1.439,0.4653,0.3768,0.0885,L3
3买,相对强弱大于5 + SID等于2 + BOLL触下轨反弹,148,0.0484,0.0335,1.444,0.4662,0.3768,0.0894,L3
3买,相对强弱大于5 + 量比大于1_3 + 中枢极限底,133,0.042,0.0309,1.359,0.4511,0.3768,0.0743,L3
3买,相对强弱大于5 + 量比大于1_3 + BOLL触下轨反弹,198,0.0645,0.0449,1.435,0.4646,0.3768,0.0878,L3
3买,相对强弱大于5 + 中枢极限底 + BOLL触下轨反弹,100,0.0322,0.0229,1.409,0.46,0.3768,0.0832,L3
3买,量能金叉 + 中枢上穿中轴 + 量能递增,240,0.0799,0.0534,1.496,0.475,0.3768,0.0982,L3
3买,量能金叉 + 中枢上穿中轴 + 中枢进机会区,111,0.0427,0.0212,2.018,0.5495,0.3768,0.1727,L3
3买,量能金叉 + 中枢上穿中轴 + KDJ低位金叉,56,0.0203,0.0114,1.776,0.5179,0.3768,0.141,L3
3买,量能金叉 + 中枢上穿中轴 + 价涨量增,262,0.0827,0.061,1.355,0.4504,0.3768,0.0736,L3
3买,量能金叉 + 中枢上穿中轴 + BOLL突破上轨,80,0.0224,0.0203,1.103,0.4,0.3768,0.0232,L3
3买,量能金叉 + 中枢上穿中轴 + 放量,269,0.0855,0.0623,1.373,0.4535,0.3768,0.0767,L3
3买,量能金叉 + 中枢上穿中轴 + SID等于2,193,0.0631,0.0436,1.445,0.4663,0.3768,0.0895,L3
3买,量能金叉 + 中枢上穿中轴 + 量比大于1_3,265,0.0827,0.0623,1.328,0.4453,0.3768,0.0685,L3
3买,量能金叉 + 中枢上穿中轴 + 中枢极限底,85,0.0308,0.0174,1.775,0.5176,0.3768,0.1408,L3
3买,量能金叉 + 中枢上穿中轴 + BOLL触下轨反弹,187,0.0638,0.0407,1.568,0.4866,0.3768,0.1098,L3
3买,量能金叉 + 量能递增 + 中枢进机会区,246,0.0841,0.0534,1.575,0.4878,0.3768,0.111,L3
3买,量能金叉 + 量能递增 + KDJ低位金叉,184,0.0645,0.039,1.654,0.5,0.3768,0.1232,L3
3买,量能金叉 + 量能递增 + 价涨量增,492,0.1549,0.1148,1.349,0.4492,0.3768,0.0724,L3
3买,量能金叉 + 量能递增 + BOLL突破上轨,92,0.0245,0.0242,1.016,0.3804,0.3768,0.0036,L3
3买,量能金叉 + 量能递增 + 放量,531,0.1654,0.125,1.323,0.4444,0.3768,0.0676,L3
3买,量能金叉 + 量能递增 + SID等于2,368,0.1226,0.0818,1.5,0.4755,0.3768,0.0987,L3
3买,量能金叉 + 量能递增 + 量比大于1_3,510,0.1598,0.1195,1.337,0.4471,0.3768,0.0702,L3
3买,量能金叉 + 量能递增 + 中枢极限底,224,0.0743,0.05,1.486,0.4732,0.3768,0.0964,L3
3买,量能金叉 + 量能递增 + BOLL触下轨反弹,371,0.1212,0.0839,1.445,0.4663,0.3768,0.0895,L3
3买,量能金叉 + 中枢进机会区 + KDJ低位金叉,90,0.0329,0.0182,1.808,0.5222,0.3768,0.1454,L3
3买,量能金叉 + 中枢进机会区 + 价涨量增,240,0.0813,0.0525,1.547,0.4833,0.3768,0.1065,L3
3买,量能金叉 + 中枢进机会区 + 放量,267,0.0904,0.0585,1.546,0.4831,0.3768,0.1063,L3
3买,量能金叉 + 中枢进机会区 + SID等于2,211,0.0729,0.0453,1.607,0.4929,0.3768,0.1161,L3
3买,量能金叉 + 中枢进机会区 + 量比大于1_3,254,0.0862,0.0555,1.553,0.4843,0.3768,0.1074,L3
3买,量能金叉 + 中枢进机会区 + 中枢极限底,139,0.0477,0.0301,1.584,0.4892,0.3768,0.1124,L3
3买,量能金叉 + 中枢进机会区 + BOLL触下轨反弹,204,0.0694,0.0445,1.559,0.4853,0.3768,0.1085,L3
3买,量能金叉 + KDJ低位金叉 + 价涨量增,192,0.0652,0.0419,1.554,0.4844,0.3768,0.1076,L3
3买,量能金叉 + KDJ低位金叉 + 放量,211,0.0722,0.0458,1.577,0.4882,0.3768,0.1113,L3
3买,量能金叉 + KDJ低位金叉 + SID等于2,147,0.0554,0.0288,1.921,0.5374,0.3768,0.1606,L3
3买,量能金叉 + KDJ低位金叉 + 量比大于1_3,207,0.0708,0.0449,1.576,0.4879,0.3768,0.1111,L3
3买,量能金叉 + KDJ低位金叉 + 中枢极限底,106,0.0392,0.0212,1.852,0.5283,0.3768,0.1515,L3
3买,量能金叉 + KDJ低位金叉 + BOLL触下轨反弹,142,0.0526,0.0284,1.851,0.5282,0.3768,0.1514,L3
3买,量能金叉 + 价涨量增 + BOLL突破上轨,94,0.0252,0.0246,1.027,0.383,0.3768,0.0062,L3
3买,量能金叉 + 价涨量增 + 放量,549,0.1661,0.1322,1.256,0.4317,0.3768,0.0549,L3
3买,量能金叉 + 价涨量增 + SID等于2,384,0.1233,0.0881,1.399,0.4583,0.3768,0.0815,L3
3买,量能金叉 + 价涨量增 + 量比大于1_3,530,0.1605,0.1275,1.258,0.4321,0.3768,0.0553,L3
3买,量能金叉 + 价涨量增 + 中枢极限底,220,0.0736,0.0487,1.51,0.4773,0.3768,0.1005,L3
3买,量能金叉 + 价涨量增 + BOLL触下轨反弹,367,0.1184,0.0839,1.412,0.4605,0.3768,0.0837,L3
3买,量能金叉 + BOLL突破上轨 + 放量,94,0.0252,0.0246,1.027,0.383,0.3768,0.0062,L3
3买,量能金叉 + BOLL突破上轨 + SID等于2,65,0.0182,0.0165,1.103,0.4,0.3768,0.0232,L3
3买,量能金叉 + BOLL突破上轨 + 量比大于1_3,94,0.0252,0.0246,1.027,0.383,0.3768,0.0062,L3
3买,量能金叉 + BOLL突破上轨 + BOLL触下轨反弹,60,0.0175,0.0148,1.181,0.4167,0.3768,0.0399,L3
3买,量能金叉 + 放量 + SID等于2,417,0.1345,0.0953,1.411,0.4604,0.3768,0.0836,L3
3买,量能金叉 + 放量 + 量比大于1_3,576,0.1738,0.139,1.25,0.4306,0.3768,0.0537,L3
3买,量能金叉 + 放量 + 中枢极限底,243,0.0806,0.0542,1.486,0.4733,0.3768,0.0964,L3
3买,量能金叉 + 放量 + BOLL触下轨反弹,402,0.1282,0.0928,1.382,0.4552,0.3768,0.0784,L3
3买,量能金叉 + SID等于2 + 量比大于1_3,407,0.1317,0.0928,1.42,0.4619,0.3768,0.0851,L3
3买,量能金叉 + SID等于2 + 中枢极限底,185,0.0652,0.039,1.672,0.5027,0.3768,0.1259,L3
3买,量能金叉 + SID等于2 + BOLL触下轨反弹,290,0.0995,0.0627,1.587,0.4897,0.3768,0.1128,L3
3买,量能金叉 + 量比大于1_3 + 中枢极限底,237,0.0799,0.0521,1.533,0.481,0.3768,0.1042,L3
3买,量能金叉 + 量比大于1_3 + BOLL触下轨反弹,391,0.124,0.0907,1.368,0.4527,0.3768,0.0759,L3
3买,量能金叉 + 中枢极限底 + BOLL触下轨反弹,184,0.0659,0.0381,1.727,0.5109,0.3768,0.1341,L3
3买,中枢上穿中轴 + 量能递增 + 中枢进机会区,209,0.0694,0.0466,1.488,0.4737,0.3768,0.0969,L3
3买,中枢上穿中轴 + 量能递增 + KDJ低位金叉,81,0.0322,0.0148,2.174,0.5679,0.3768,0.1911,L3
3买,中枢上穿中轴 + 量能递增 + 价涨量增,478,0.1472,0.1136,1.296,0.4393,0.3768,0.0625,L3
3买,中枢上穿中轴 + 量能递增 + BOLL突破上轨,136,0.0399,0.0335,1.193,0.4191,0.3768,0.0423,L3
3买,中枢上穿中轴 + 量能递增 + 放量,498,0.1549,0.1174,1.319,0.4438,0.3768,0.067,L3
3买,中枢上穿中轴 + 量能递增 + SID等于2,345,0.1191,0.0742,1.607,0.4928,0.3768,0.1159,L3
3买,中枢上穿中轴 + 量能递增 + 量比大于1_3,459,0.143,0.1081,1.323,0.4444,0.3768,0.0676,L3
3买,中枢上穿中轴 + 量能递增 + 中枢极限底,147,0.0484,0.0331,1.463,0.4694,0.3768,0.0926,L3
3买,中枢上穿中轴 + 量能递增 + BOLL触下轨反弹,376,0.1254,0.0835,1.503,0.4761,0.3768,0.0992,L3
3买,中枢上穿中轴 + 中枢进机会区 + 价涨量增,227,0.0771,0.0496,1.555,0.4846,0.3768,0.1078,L3
3买,中枢上穿中轴 + 中枢进机会区 + BOLL突破上轨,54,0.0161,0.0131,1.227,0.4259,0.3768,0.0491,L3
3买,中枢上穿中轴 + 中枢进机会区 + 放量,236,0.0799,0.0517,1.545,0.4831,0.3768,0.1062,L3
3买,中枢上穿中轴 + 中枢进机会区 + SID等于2,179,0.0638,0.0373,1.71,0.5084,0.3768,0.1316,L3
3买,中枢上穿中轴 + 中枢进机会区 + 量比大于1_3,210,0.0729,0.0449,1.623,0.4952,0.3768,0.1184,L3
3买,中枢上穿中轴 + 中枢进机会区 + 中枢极限底,106,0.0364,0.0229,1.593,0.4906,0.3768,0.1138,L3
3买,中枢上穿中轴 + 中枢进机会区 + BOLL触下轨反弹,186,0.0638,0.0403,1.584,0.4892,0.3768,0.1124,L3
3买,中枢上穿中轴 + KDJ低位金叉 + 价涨量增,121,0.042,0.0258,1.627,0.4959,0.3768,0.1191,L3
3买,中枢上穿中轴 + KDJ低位金叉 + 放量,124,0.0434,0.0263,1.654,0.5,0.3768,0.1232,L3
3买,中枢上穿中轴 + KDJ低位金叉 + SID等于2,90,0.0336,0.0178,1.89,0.5333,0.3768,0.1565,L3
3买,中枢上穿中轴 + KDJ低位金叉 + 量比大于1_3,125,0.0427,0.0271,1.576,0.488,0.3768,0.1112,L3
3买,中枢上穿中轴 + KDJ低位金叉 + BOLL触下轨反弹,92,0.0329,0.0191,1.727,0.5109,0.3768,0.1341,L3
3买,中枢上穿中轴 + 价涨量增 + BOLL突破上轨,141,0.0406,0.0352,1.156,0.4113,0.3768,0.0345,L3
3买,中枢上穿中轴 + 价涨量增 + 放量,611,0.1801,0.15,1.201,0.4206,0.3768,0.0438,L3
3买,中枢上穿中轴 + 价涨量增 + SID等于2,415,0.1345,0.0945,1.424,0.4627,0.3768,0.0858,L3
3买,中枢上穿中轴 + 价涨量增 + 量比大于1_3,569,0.1668,0.1403,1.189,0.4183,0.3768,0.0415,L3
3买,中枢上穿中轴 + 价涨量增 + 中枢极限底,168,0.0554,0.0377,1.468,0.4702,0.3768,0.0934,L3
3买,中枢上穿中轴 + 价涨量增 + BOLL触下轨反弹,429,0.1331,0.1013,1.315,0.4429,0.3768,0.0661,L3
3买,中枢上穿中轴 + BOLL突破上轨 + 放量,142,0.0413,0.0352,1.176,0.4155,0.3768,0.0387,L3
3买,中枢上穿中轴 + BOLL突破上轨 + SID等于2,93,0.0294,0.0216,1.362,0.4516,0.3768,0.0748,L3
3买,中枢上穿中轴 + BOLL突破上轨 + 量比大于1_3,141,0.0413,0.0347,1.19,0.4184,0.3768,0.0416,L3
3买,中枢上穿中轴 + BOLL突破上轨 + BOLL触下轨反弹,92,0.0301,0.0208,1.451,0.4674,0.3768,0.0906,L3
3买,中枢上穿中轴 + 放量 + SID等于2,435,0.1423,0.0983,1.447,0.4667,0.3768,0.0899,L3
3买,中枢上穿中轴 + 放量 + 量比大于1_3,588,0.1752,0.1432,1.223,0.4252,0.3768,0.0484,L3
3买,中枢上穿中轴 + 放量 + 中枢极限底,172,0.0568,0.0386,1.472,0.4709,0.3768,0.0941,L3
3买,中枢上穿中轴 + 放量 + BOLL触下轨反弹,450,0.1416,0.1051,1.347,0.4489,0.3768,0.0721,L3
3买,中枢上穿中轴 + SID等于2 + 量比大于1_3,415,0.1352,0.0941,1.438,0.4651,0.3768,0.0882,L3
3买,中枢上穿中轴 + SID等于2 + 中枢极限底,135,0.047,0.0288,1.629,0.4963,0.3768,0.1195,L3
3买,中枢上穿中轴 + SID等于2 + BOLL触下轨反弹,349,0.117,0.0771,1.518,0.4785,0.3768,0.1017,L3
3买,中枢上穿中轴 + 量比大于1_3 + 中枢极限底,160,0.054,0.0352,1.534,0.4813,0.3768,0.1044,L3
3买,中枢上穿中轴 + 量比大于1_3 + BOLL触下轨反弹,421,0.1317,0.0987,1.334,0.4466,0.3768,0.0697,L3
3买,中枢上穿中轴 + 中枢极限底 + BOLL触下轨反弹,136,0.0463,0.0297,1.559,0.4853,0.3768,0.1085,L3
3买,量能递增 + 中枢进机会区 + KDJ低位金叉,217,0.075,0.0466,1.609,0.4931,0.3768,0.1163,L3
3买,量能递增 + 中枢进机会区 + 价涨量增,589,0.1759,0.1432,1.228,0.4261,0.3768,0.0493,L3
3买,量能递增 + 中枢进机会区 + BOLL突破上轨,60,0.0161,0.0157,1.028,0.3833,0.3768,0.0065,L3
3买,量能递增 + 中枢进机会区 + 放量,711,0.2088,0.175,1.193,0.4191,0.3768,0.0423,L3
3买,量能递增 + 中枢进机会区 + SID等于2,571,0.1738,0.1369,1.27,0.4343,0.3768,0.0575,L3
3买,量能递增 + 中枢进机会区 + 量比大于1_3,587,0.1794,0.1403,1.279,0.4361,0.3768,0.0593,L3
3买,量能递增 + 中枢进机会区 + 中枢极限底,437,0.1296,0.1068,1.214,0.4233,0.3768,0.0465,L3
3买,量能递增 + 中枢进机会区 + BOLL触下轨反弹,589,0.1703,0.1466,1.161,0.4126,0.3768,0.0357,L3
3买,量能递增 + KDJ低位金叉 + 价涨量增,524,0.1836,0.111,1.654,0.5,0.3768,0.1232,L3
3买,量能递增 + KDJ低位金叉 + 放量,581,0.2011,0.1246,1.614,0.494,0.3768,0.1172,L3
3买,量能递增 + KDJ低位金叉 + SID等于2,435,0.1598,0.0877,1.822,0.5241,0.3768,0.1473,L3
3买,量能递增 + KDJ低位金叉 + 量比大于1_3,510,0.1815,0.1064,1.707,0.5078,0.3768,0.131,L3
3买,量能递增 + KDJ低位金叉 + 中枢极限底,331,0.1198,0.0678,1.768,0.5166,0.3768,0.1398,L3
3买,量能递增 + KDJ低位金叉 + BOLL触下轨反弹,429,0.1479,0.0924,1.601,0.4918,0.3768,0.115,L3
3买,量能递增 + 价涨量增 + BOLL突破上轨,166,0.0463,0.0424,1.092,0.3976,0.3768,0.0208,L3
3买,量能递增 + 价涨量增 + 放量,1385,0.4071,0.3407,1.195,0.4195,0.3768,0.0427,L3
3买,量能递增 + 价涨量增 + SID等于2,935,0.2992,0.2153,1.39,0.4567,0.3768,0.0799,L3
3买,量能递增 + 价涨量增 + 量比大于1_3,1220,0.3637,0.297,1.224,0.4254,0.3768,0.0486,L3
3买,量能递增 + 价涨量增 + 中枢极限底,633,0.1899,0.1534,1.238,0.4281,0.3768,0.0513,L3
3买,量能递增 + 价涨量增 + BOLL触下轨反弹,966,0.295,0.2309,1.278,0.4358,0.3768,0.059,L3
3买,量能递增 + BOLL突破上轨 + 放量,167,0.047,0.0424,1.108,0.4012,0.3768,0.0244,L3
3买,量能递增 + BOLL突破上轨 + SID等于2,105,0.0322,0.025,1.289,0.4381,0.3768,0.0613,L3
3买,量能递增 + BOLL突破上轨 + 量比大于1_3,164,0.047,0.0411,1.142,0.4085,0.3768,0.0317,L3
3买,量能递增 + BOLL突破上轨 + BOLL触下轨反弹,107,0.035,0.0242,1.451,0.4673,0.3768,0.0905,L3
3买,量能递增 + 放量 + SID等于2,1081,0.3427,0.2508,1.366,0.4524,0.3768,0.0755,L3
3买,量能递增 + 放量 + 量比大于1_3,1358,0.4015,0.3326,1.207,0.4219,0.3768,0.0451,L3
3买,量能递增 + 放量 + 中枢极限底,726,0.2116,0.1797,1.178,0.416,0.3768,0.0392,L3
3买,量能递增 + 放量 + BOLL触下轨反弹,1132,0.335,0.2771,1.209,0.4223,0.3768,0.0454,L3
3买,量能递增 + SID等于2 + 量比大于1_3,916,0.2985,0.2076,1.438,0.4651,0.3768,0.0883,L3
3买,量能递增 + SID等于2 + 中枢极限底,577,0.1871,0.1314,1.424,0.4627,0.3768,0.0859,L3
3买,量能递增 + SID等于2 + BOLL触下轨反弹,878,0.2768,0.2047,1.353,0.4499,0.3768,0.0731,L3
3买,量能递增 + 量比大于1_3 + 中枢极限底,619,0.1899,0.1475,1.288,0.4378,0.3768,0.061,L3
3买,量能递增 + 量比大于1_3 + BOLL触下轨反弹,954,0.295,0.2258,1.306,0.4413,0.3768,0.0645,L3
3买,量能递增 + 中枢极限底 + BOLL触下轨反弹,564,0.1696,0.1364,1.243,0.4291,0.3768,0.0523,L3
3买,中枢进机会区 + KDJ低位金叉 + 价涨量增,256,0.0918,0.053,1.733,0.5117,0.3768,0.1349,L3
3买,中枢进机会区 + KDJ低位金叉 + 放量,319,0.1149,0.0657,1.75,0.5141,0.3768,0.1373,L3
3买,中枢进机会区 + KDJ低位金叉 + SID等于2,424,0.1303,0.1008,1.292,0.4387,0.3768,0.0619,L3
3买,中枢进机会区 + KDJ低位金叉 + 量比大于1_3,349,0.1205,0.075,1.607,0.4928,0.3768,0.116,L3
3买,中枢进机会区 + KDJ低位金叉 + 中枢极限底,321,0.1128,0.0678,1.664,0.5016,0.3768,0.1247,L3
3买,中枢进机会区 + KDJ低位金叉 + BOLL触下轨反弹,377,0.1184,0.0881,1.344,0.4483,0.3768,0.0715,L3
3买,中枢进机会区 + 价涨量增 + BOLL突破上轨,65,0.0175,0.0169,1.034,0.3846,0.3768,0.0078,L3
3买,中枢进机会区 + 价涨量增 + 放量,787,0.2376,0.1898,1.251,0.4307,0.3768,0.0539,L3
3买,中枢进机会区 + 价涨量增 + SID等于2,576,0.1766,0.1373,1.286,0.4375,0.3768,0.0607,L3
3买,中枢进机会区 + 价涨量增 + 量比大于1_3,686,0.2095,0.164,1.278,0.4359,0.3768,0.059,L3
3买,中枢进机会区 + 价涨量增 + 中枢极限底,436,0.1317,0.1051,1.254,0.4312,0.3768,0.0544,L3
3买,中枢进机会区 + 价涨量增 + BOLL触下轨反弹,547,0.1717,0.128,1.342,0.4479,0.3768,0.0711,L3
3买,中枢进机会区 + BOLL突破上轨 + 放量,65,0.0175,0.0169,1.034,0.3846,0.3768,0.0078,L3
3买,中枢进机会区 + BOLL突破上轨 + 量比大于1_3,63,0.0175,0.0161,1.088,0.3968,0.3768,0.02,L3
3买,中枢进机会区 + 放量 + SID等于2,730,0.2263,0.1725,1.312,0.4425,0.3768,0.0657,L3
3买,中枢进机会区 + 放量 + 量比大于1_3,826,0.2572,0.1945,1.322,0.4443,0.3768,0.0675,L3
3买,中枢进机会区 + 放量 + 中枢极限底,541,0.1668,0.1284,1.299,0.4399,0.3768,0.0631,L3
3买,中枢进机会区 + 放量 + BOLL触下轨反弹,706,0.2179,0.1674,1.302,0.4405,0.3768,0.0637,L3
3买,中枢进机会区 + SID等于2 + 量比大于1_3,687,0.2186,0.1589,1.376,0.4541,0.3768,0.0773,L3
3买,中枢进机会区 + SID等于2 + 中枢极限底,604,0.1878,0.1424,1.319,0.4437,0.3768,0.0669,L3
3买,中枢进机会区 + SID等于2 + BOLL触下轨反弹,775,0.2235,0.1932,1.157,0.4116,0.3768,0.0348,L3
3买,中枢进机会区 + 量比大于1_3 + 中枢极限底,515,0.1654,0.1182,1.399,0.4583,0.3768,0.0814,L3
3买,中枢进机会区 + 量比大于1_3 + BOLL触下轨反弹,632,0.2025,0.1453,1.393,0.4573,0.3768,0.0805,L3
3买,中枢进机会区 + 中枢极限底 + BOLL触下轨反弹,530,0.1668,0.1237,1.348,0.4491,0.3768,0.0722,L3
3买,KDJ低位金叉 + 价涨量增 + 放量,843,0.2712,0.1932,1.404,0.4591,0.3768,0.0823,L3
3买,KDJ低位金叉 + 价涨量增 + SID等于2,593,0.2074,0.1258,1.648,0.4992,0.3768,0.1223,L3
3买,KDJ低位金叉 + 价涨量增 + 量比大于1_3,752,0.246,0.1699,1.448,0.4668,0.3768,0.0899,L3
3买,KDJ低位金叉 + 价涨量增 + 中枢极限底,427,0.1472,0.0919,1.6,0.4918,0.3768,0.115,L3
3买,KDJ低位金叉 + 价涨量增 + BOLL触下轨反弹,528,0.1815,0.114,1.592,0.4905,0.3768,0.1137,L3
3买,KDJ低位金叉 + 放量 + SID等于2,690,0.2369,0.1492,1.588,0.4899,0.3768,0.113,L3
3买,KDJ低位金叉 + 放量 + 量比大于1_3,868,0.2775,0.2,1.388,0.4562,0.3768,0.0794,L3
3买,KDJ低位金叉 + 放量 + 中枢极限底,502,0.1717,0.1089,1.577,0.488,0.3768,0.1112,L3
3买,KDJ低位金叉 + 放量 + BOLL触下轨反弹,636,0.2144,0.1398,1.534,0.4811,0.3768,0.1043,L3
3买,KDJ低位金叉 + SID等于2 + 量比大于1_3,758,0.253,0.1682,1.504,0.4763,0.3768,0.0994,L3
3买,KDJ低位金叉 + SID等于2 + 中枢极限底,619,0.2116,0.1343,1.576,0.4879,0.3768,0.1111,L3
3买,KDJ低位金叉 + SID等于2 + BOLL触下轨反弹,772,0.2432,0.1801,1.35,0.4495,0.3768,0.0727,L3
3买,KDJ低位金叉 + 量比大于1_3 + 中枢极限底,543,0.1829,0.1195,1.531,0.4807,0.3768,0.1038,L3
3买,KDJ低位金叉 + 量比大于1_3 + BOLL触下轨反弹,655,0.2186,0.1453,1.504,0.4763,0.3768,0.0995,L3
3买,KDJ低位金叉 + 中枢极限底 + BOLL触下轨反弹,486,0.1724,0.1017,1.695,0.5062,0.3768,0.1294,L3
3买,价涨量增 + BOLL突破上轨 + 放量,184,0.0512,0.047,1.088,0.3967,0.3768,0.0199,L3
3买,价涨量增 + BOLL突破上轨 + SID等于2,115,0.0343,0.028,1.228,0.4261,0.3768,0.0493,L3
3买,价涨量增 + BOLL突破上轨 + 量比大于1_3,181,0.0512,0.0458,1.118,0.4033,0.3768,0.0265,L3
3买,价涨量增 + BOLL突破上轨 + 中枢极限底,51,0.0161,0.0119,1.358,0.451,0.3768,0.0742,L3
3买,价涨量增 + BOLL突破上轨 + BOLL触下轨反弹,113,0.0357,0.0263,1.36,0.4513,0.3768,0.0745,L3
3买,价涨量增 + 放量 + SID等于2,1388,0.4163,0.3364,1.237,0.428,0.3768,0.0511,L3
3买,价涨量增 + 放量 + 量比大于1_3,1803,0.5088,0.4564,1.115,0.4027,0.3768,0.0258,L3
3买,价涨量增 + 放量 + 中枢极限底,903,0.2607,0.225,1.159,0.412,0.3768,0.0351,L3
3买,价涨量增 + 放量 + BOLL触下轨反弹,1314,0.3889,0.3216,1.209,0.4224,0.3768,0.0456,L3
3买,价涨量增 + SID等于2 + 量比大于1_3,1226,0.3749,0.2928,1.28,0.4364,0.3768,0.0596,L3
3买,价涨量增 + SID等于2 + 中枢极限底,648,0.2046,0.1508,1.357,0.4506,0.3768,0.0738,L3
3买,价涨量增 + SID等于2 + BOLL触下轨反弹,953,0.2964,0.2246,1.32,0.4439,0.3768,0.067,L3
3买,价涨量增 + 量比大于1_3 + 中枢极限底,804,0.239,0.1962,1.218,0.4241,0.3768,0.0473,L3
3买,价涨量增 + 量比大于1_3 + BOLL触下轨反弹,1150,0.3476,0.2771,1.254,0.4313,0.3768,0.0545,L3
3买,价涨量增 + 中枢极限底 + BOLL触下轨反弹,593,0.1829,0.1407,1.3,0.4401,0.3768,0.0633,L3
3买,BOLL突破上轨 + 放量 + SID等于2,116,0.035,0.028,1.253,0.431,0.3768,0.0542,L3
3买,BOLL突破上轨 + 放量 + 量比大于1_3,182,0.0519,0.0458,1.133,0.4066,0.3768,0.0298,L3
3买,BOLL突破上轨 + 放量 + 中枢极限底,51,0.0161,0.0119,1.358,0.451,0.3768,0.0742,L3
3买,BOLL突破上轨 + 放量 + BOLL触下轨反弹,114,0.0364,0.0263,1.387,0.4561,0.3768,0.0793,L3
3买,BOLL突破上轨 + SID等于2 + 量比大于1_3,114,0.035,0.0271,1.292,0.4386,0.3768,0.0618,L3
3买,BOLL突破上轨 + SID等于2 + BOLL触下轨反弹,71,0.0245,0.0153,1.608,0.493,0.3768,0.1161,L3
3买,BOLL突破上轨 + 量比大于1_3 + 中枢极限底,50,0.0161,0.0114,1.409,0.46,0.3768,0.0832,L3
3买,BOLL突破上轨 + 量比大于1_3 + BOLL触下轨反弹,112,0.0364,0.0254,1.433,0.4643,0.3768,0.0875,L3
3买,放量 + SID等于2 + 量比大于1_3,1424,0.4345,0.3407,1.275,0.4354,0.3768,0.0586,L3
3买,放量 + SID等于2 + 中枢极限底,763,0.2397,0.1784,1.343,0.4482,0.3768,0.0714,L3
3买,放量 + SID等于2 + BOLL触下轨反弹,1155,0.3532,0.2758,1.28,0.4364,0.3768,0.0595,L3
3买,放量 + 量比大于1_3 + 中枢极限底,922,0.2747,0.2246,1.223,0.4252,0.3768,0.0483,L3
3买,放量 + 量比大于1_3 + BOLL触下轨反弹,1350,0.4036,0.328,1.231,0.4267,0.3768,0.0499,L3
3买,放量 + 中枢极限底 + BOLL触下轨反弹,710,0.2151,0.1708,1.26,0.4324,0.3768,0.0556,L3
3买,SID等于2 + 量比大于1_3 + 中枢极限底,764,0.2446,0.1758,1.391,0.4568,0.3768,0.08,L3
3买,SID等于2 + 量比大于1_3 + BOLL触下轨反弹,1088,0.3441,0.253,1.36,0.4513,0.3768,0.0745,L3
3买,SID等于2 + 中枢极限底 + BOLL触下轨反弹,761,0.2425,0.1758,1.379,0.4547,0.3768,0.0778,L3
3买,量比大于1_3 + 中枢极限底 + BOLL触下轨反弹,670,0.2137,0.1547,1.382,0.4552,0.3768,0.0784,L3
3买,量比>=1.0,1488,0.4534,0.3564,1.272,0.4348,0.3768,0.058,L4
3买,极限抄底 + 量比>=1.0,106,0.0519,0.0136,3.824,0.6981,0.3768,0.3213,L4
3买,量能金叉 + 量比>=1.0,386,0.1254,0.0877,1.43,0.4637,0.3768,0.0869,L4
3买,大盘安全 + 量比>=1.0,710,0.1549,0.2072,0.747,0.3113,0.3768,-0.0655,L4
3买,偏多共振 + 量比>=1.0,225,0.061,0.0585,1.043,0.3867,0.3768,0.0099,L4
3买,中枢进机会区 + 量比>=1.0,599,0.2004,0.1326,1.511,0.4775,0.3768,0.1006,L4
3买,量比>=1.3,674,0.2263,0.1487,1.522,0.4792,0.3768,0.1024,L4
3买,极限抄底 + 量比>=1.3,79,0.042,0.0081,5.223,0.7595,0.3768,0.3827,L4
3买,量能金叉 + 量比>=1.3,245,0.0841,0.053,1.588,0.4898,0.3768,0.113,L4
3买,大盘安全 + 量比>=1.3,254,0.0463,0.0797,0.581,0.2598,0.3768,-0.117,L4
3买,偏多共振 + 量比>=1.3,96,0.0259,0.025,1.037,0.3854,0.3768,0.0086,L4
3买,中枢进机会区 + 量比>=1.3,275,0.0981,0.0572,1.715,0.5091,0.3768,0.1323,L4
3买,量比>=1.5,413,0.1479,0.0856,1.728,0.5109,0.3768,0.1341,L4
3买,极限抄底 + 量比>=1.5,63,0.0336,0.0064,5.292,0.7619,0.3768,0.3851,L4
3买,量能金叉 + 量比>=1.5,161,0.0575,0.0335,1.717,0.5093,0.3768,0.1325,L4
3买,大盘安全 + 量比>=1.5,141,0.028,0.0428,0.655,0.2837,0.3768,-0.0931,L4
3买,偏多共振 + 量比>=1.5,55,0.0154,0.014,1.103,0.4,0.3768,0.0232,L4
3买,中枢进机会区 + 量比>=1.5,164,0.0596,0.0335,1.779,0.5183,0.3768,0.1415,L4
3买,量比>=2.0,144,0.0547,0.028,1.955,0.5417,0.3768,0.1649,L4
3买,量能金叉 + 量比>=2.0,71,0.028,0.0131,2.134,0.5634,0.3768,0.1866,L4
3买,大盘安全 + 量比>=2.0,52,0.014,0.0136,1.034,0.3846,0.3768,0.0078,L4
3买,中枢进机会区 + 量比>=2.0,60,0.0217,0.0123,1.768,0.5167,0.3768,0.1399,L4
3买,量比>=2.5,58,0.0168,0.0144,1.167,0.4138,0.3768,0.037,L4
3买,距60日高点>=0.85,990,0.2684,0.2572,1.044,0.3869,0.3768,0.0101,L4
3买,量能金叉 + 距60日高点>=0.85,243,0.0652,0.0636,1.025,0.3827,0.3768,0.0059,L4
3买,大盘安全 + 距60日高点>=0.85,690,0.1745,0.1869,0.934,0.3609,0.3768,-0.0159,L4
3买,偏多共振 + 距60日高点>=0.85,309,0.0743,0.086,0.864,0.343,0.3768,-0.0338,L4
3买,中枢进机会区 + 距60日高点>=0.85,400,0.1149,0.1,1.149,0.41,0.3768,0.0332,L4
3买,距60日高点>=0.9,333,0.0792,0.0932,0.849,0.3393,0.3768,-0.0375,L4
3买,量能金叉 + 距60日高点>=0.9,97,0.0217,0.028,0.777,0.3196,0.3768,-0.0572,L4
3买,大盘安全 + 距60日高点>=0.9,226,0.0512,0.0648,0.789,0.323,0.3768,-0.0538,L4
3买,偏多共振 + 距60日高点>=0.9,131,0.0252,0.0403,0.627,0.2748,0.3768,-0.102,L4
3买,中枢进机会区 + 距60日高点>=0.9,99,0.0266,0.0258,1.03,0.3838,0.3768,0.007,L4
3买,距60日高点<=0.6,184,0.0463,0.05,0.925,0.3587,0.3768,-0.0181,L4
3买,大盘安全 + 距60日高点<=0.6,66,0.0126,0.0203,0.62,0.2727,0.3768,-0.1041,L4
3买,距60日高点<=0.7,767,0.2018,0.203,0.994,0.3755,0.3768,-0.0013,L4
3买,极限抄底 + 距60日高点<=0.7,100,0.035,0.0212,1.654,0.5,0.3768,0.1232,L4
3买,量能金叉 + 距60日高点<=0.7,78,0.0238,0.0186,1.278,0.4359,0.3768,0.0591,L4
3买,大盘安全 + 距60日高点<=0.7,304,0.0547,0.0958,0.571,0.2566,0.3768,-0.1202,L4
3买,偏多共振 + 距60日高点<=0.7,62,0.0203,0.014,1.453,0.4677,0.3768,0.0909,L4
3买,中枢进机会区 + 距60日高点<=0.7,215,0.0666,0.0508,1.309,0.4419,0.3768,0.065,L4
3买,距60日高点<=0.8,2061,0.5417,0.5458,0.993,0.3751,0.3768,-0.0018,L4
3买,极限抄底 + 距60日高点<=0.8,168,0.0652,0.0318,2.051,0.5536,0.3768,0.1768,L4
3买,量能金叉 + 距60日高点<=0.8,246,0.0799,0.0559,1.428,0.4634,0.3768,0.0866,L4
3买,大盘安全 + 距60日高点<=0.8,1012,0.192,0.3127,0.614,0.2708,0.3768,-0.1061,L4
3买,偏多共振 + 距60日高点<=0.8,257,0.0743,0.064,1.161,0.4125,0.3768,0.0356,L4
3买,中枢进机会区 + 距60日高点<=0.8,773,0.2221,0.1932,1.15,0.4101,0.3768,0.0333,L4
3买,距60日低点<=1.05,1533,0.3679,0.4271,0.861,0.3425,0.3768,-0.0343,L4
3买,极限抄底 + 距60日低点<=1.05,66,0.0133,0.0199,0.669,0.2879,0.3768,-0.0889,L4
3买,量能金叉 + 距60日低点<=1.05,237,0.0624,0.0627,0.995,0.3755,0.3768,-0.0013,L4
3买,大盘安全 + 距60日低点<=1.05,840,0.1703,0.253,0.673,0.2893,0.3768,-0.0875,L4
3买,偏多共振 + 距60日低点<=1.05,74,0.0294,0.0136,2.171,0.5676,0.3768,0.1908,L4
3买,中枢进机会区 + 距60日低点<=1.05,657,0.1654,0.1784,0.927,0.3592,0.3768,-0.0176,L4
3买,距60日低点<=1.1,2217,0.5599,0.6008,0.932,0.3604,0.3768,-0.0164,L4
3买,极限抄底 + 距60日低点<=1.1,102,0.0301,0.025,1.205,0.4216,0.3768,0.0448,L4
3买,量能金叉 + 距60日低点<=1.1,375,0.1058,0.0949,1.115,0.4027,0.3768,0.0259,L4
3买,大盘安全 + 距60日低点<=1.1,1227,0.2593,0.3631,0.714,0.3015,0.3768,-0.0753,L4
3买,偏多共振 + 距60日低点<=1.1,192,0.0582,0.0462,1.259,0.4323,0.3768,0.0555,L4
3买,中枢进机会区 + 距60日低点<=1.1,966,0.2544,0.2555,0.996,0.3758,0.3768,-0.001,L4
3买,距60日低点<=1.2,3005,0.8094,0.7839,1.033,0.3844,0.3768,0.0075,L4
3买,极限抄底 + 距60日低点<=1.2,153,0.0589,0.0292,2.013,0.549,0.3768,0.1722,L4
3买,量能金叉 + 距60日低点<=1.2,507,0.1598,0.1182,1.352,0.4497,0.3768,0.0729,L4
3买,大盘安全 + 距60日低点<=1.2,1674,0.3588,0.4924,0.729,0.3059,0.3768,-0.071,L4
3买,偏多共振 + 距60日低点<=1.2,400,0.1128,0.1013,1.114,0.4025,0.3768,0.0257,L4
3买,中枢进机会区 + 距60日低点<=1.2,1299,0.3707,0.3263,1.136,0.4072,0.3768,0.0304,L4
3买,相对强弱>=-5.0,1756,0.4275,0.4856,0.88,0.3474,0.3768,-0.0294,L4
3买,量能金叉 + 相对强弱>=-5.0,316,0.0939,0.0771,1.218,0.4241,0.3768,0.0472,L4
3买,大盘安全 + 相对强弱>=-5.0,994,0.1997,0.3004,0.665,0.2867,0.3768,-0.0901,L4
3买,偏多共振 + 相对强弱>=-5.0,313,0.0757,0.0869,0.871,0.345,0.3768,-0.0318,L4
3买,中枢进机会区 + 相对强弱>=-5.0,724,0.185,0.1949,0.949,0.3646,0.3768,-0.0122,L4
3买,相对强弱>=0.0,321,0.082,0.0864,0.949,0.3645,0.3768,-0.0123,L4
3买,量能金叉 + 相对强弱>=0.0,78,0.0231,0.0191,1.213,0.4231,0.3768,0.0463,L4
3买,大盘安全 + 相对强弱>=0.0,97,0.0175,0.0305,0.574,0.2577,0.3768,-0.1191,L4
3买,偏多共振 + 相对强弱>=0.0,77,0.0182,0.0216,0.843,0.3377,0.3768,-0.0392,L4
3买,中枢进机会区 + 相对强弱>=0.0,142,0.0378,0.0373,1.015,0.3803,0.3768,0.0035,L4
3买,S-六脉震荡［六脉6红首发 + SID等于2 + 量能递增］,617,0.1717,0.1576,1.089,0.3971,0.3768,0.0203,L5
3买,S-MACD金叉多头［MACD零轴上金叉 + 趋势多头 + 放量］,110,0.0294,0.0288,1.021,0.3818,0.3768,0.005,L5
3买,S-极限抄底反弹［极限抄底 + 大盘安全］,50,0.0105,0.0148,0.709,0.3,0.3768,-0.0768,L5
3买,S-中枢机会区［中枢进机会区 + 量比>=1.3］,275,0.0981,0.0572,1.715,0.5091,0.3768,0.1323,L5
