代码,总市值,采集日期
000048,10026000000.0,2026-06-12
000049,8801000000.0,2026-06-12
000050,18293000000.0,2026-06-12
000055,4081000000.0,2026-06-12
000056,2034000000.0,2026-06-12
000058,8470999999.999999,2026-06-12
000059,6845999999.999999,2026-06-12
000060,33575000000.0,2026-06-12
000061,12088000000.0,2026-06-12
000062,30091000000.000004,2026-06-12
000063,173881000000.0,2026-06-12
000065,13472999999.999998,2026-06-12
000066,50032000000.0,2026-06-12
000068,3483000000.0,2026-06-12
000069,14950000000.0,2026-06-12
000070,14850000000.0,2026-06-12
000078,4157000000.0,2026-06-12
000088,22566000000.0,2026-06-12
000089,13371000000.0,2026-06-12
000090,6745000000.0,2026-06-12
000096,4176000000.0,2026-06-12
000099,13506000000.0,2026-06-12
000100,94644000000.0,2026-06-12
000151,4892000000.0,2026-06-12
000153,2570000000.0,2026-06-12
000155,24665000000.0,2026-06-12
000156,12007000000.0,2026-06-12
000157,63566999999.99999,2026-06-12
000158,24667000000.0,2026-06-12
000159,2855000000.0,2026-06-12
000592,14643000000.0,2026-06-12
000593,7391000000.0,2026-06-12
000596,46279000000.0,2026-06-12
000597,6534999999.999999,2026-06-12
000598,20978000000.0,2026-06-12
000599,10915000000.0,2026-06-12
000600,18519000000.0,2026-06-12
000601,7173999999.999999,2026-06-12
000603,20126000000.0,2026-06-12
000605,2155000000.0,2026-06-12
000607,3521000000.0,2026-06-12
000610,1539000000.0,2026-06-12
000612,13627000000.000002,2026-06-12
000617,91655000000.0,2026-06-12
000619,2272000000.0,2026-06-12
000620,17263000000.0,2026-06-12
000623,20797000000.0,2026-06-12
000625,74743000000.0,2026-06-12
000626,3693000000.0,2026-06-12
000628,19552000000.0,2026-06-12
000629,28895000000.0,2026-06-12
000630,95207000000.0,2026-06-12
000631,7681999999.999999,2026-06-12
000632,1760000000.0000002,2026-06-12
000633,2072000000.0,2026-06-12
000635,2712000000.0,2026-06-12
000636,68403000000.0,2026-06-12
000637,2095000000.0,2026-06-12
000639,1511000000.0,2026-06-12
000650,7420000000.0,2026-06-12
000507,4442000000.0,2026-06-12
000509,4325000000.0,2026-06-12
000510,12562000000.0,2026-06-12
000513,28298000000.0,2026-06-12
000514,3561000000.0,2026-06-12
000516,8821000000.0,2026-06-12
000517,6049000000.0,2026-06-12
000519,26598000000.0,2026-06-12
000520,4200000000.0,2026-06-12
000521,6046000000.0,2026-06-12
000523,5415000000.0,2026-06-12
000524,6119000000.0,2026-06-12
000525,5812000000.0,2026-06-12
000526,3185000000.0,2026-06-12
000528,17110000000.0,2026-06-12
000529,2820000000.0,2026-06-12
000530,4655000000.0,2026-06-12
000531,7029000000.000001,2026-06-12
000532,3981000000.0,2026-06-12
000533,7384999999.999999,2026-06-12
000534,15500000000.0,2026-06-12
000536,9681000000.0,2026-06-12
000537,17679000000.0,2026-06-12
000538,90284000000.0,2026-06-12
000539,38537000000.0,2026-06-12
000541,7341000000.0,2026-06-12
000543,19676000000.0,2026-06-12
000544,7661000000.0,2026-06-12
000545,2339000000.0,2026-06-12
000546,4067000000.0,2026-06-12
000001,218123000000.0,2026-06-12
000002,37701000000.0,2026-06-12
000006,10597000000.0,2026-06-12
000007,4878000000.0,2026-06-12
000008,6655000000.0,2026-06-12
000009,18209000000.0,2026-06-12
000010,2541000000.0,2026-06-12
000011,4476000000.0,2026-06-12
000012,12170000000.0,2026-06-12
000014,2495000000.0,2026-06-12
000016,6839000000.0,2026-06-12
000017,3542000000.0,2026-06-12
000019,7595000000.0,2026-06-12
000020,3310000000.0,2026-06-12
000021,58392999999.99999,2026-06-12
000025,6561000000.0,2026-06-12
000026,8281999999.999999,2026-06-12
000027,34252999999.999996,2026-06-12
000028,12606000000.0,2026-06-12
000029,25635000000.000004,2026-06-12
000030,7481000000.0,2026-06-12
000031,10716000000.0,2026-06-12
000032,22991000000.0,2026-06-12
000034,22704000000.0,2026-06-12
000035,11940000000.0,2026-06-12
000036,7216000000.0,2026-06-12
000037,6781000000.0,2026-06-12
000039,48371000000.0,2026-06-12
000042,5950000000.0,2026-06-12
000045,5400000000.0,2026-06-12
000708,71014000000.0,2026-06-12
000709,21915000000.0,2026-06-12
000710,2849000000.0,2026-06-12
000712,7822000000.0,2026-06-12
000713,4781000000.0,2026-06-12
000715,2610000000.0,2026-06-12
000716,3508000000.0,2026-06-12
000717,5260000000.0,2026-06-12
000718,6069000000.0,2026-06-12
000719,12626000000.0,2026-06-12
000720,5202000000.0,2026-06-12
000721,3518000000.0,2026-06-12
000722,8610000000.0,2026-06-12
000723,17834000000.0,2026-06-12
000725,206337000000.0,2026-06-12
000726,4856000000.0,2026-06-12
000727,11550000000.0,2026-06-12
000728,30416000000.000004,2026-06-12
000729,33033000000.0,2026-06-12
000731,3244000000.0,2026-06-12
000733,26135000000.000004,2026-06-12
000735,6034000000.0,2026-06-12
000737,26818000000.0,2026-06-12
000738,25633000000.0,2026-06-12
000739,18616000000.0,2026-06-12
000750,22863000000.0,2026-06-12
000751,8223999999.999999,2026-06-12
000753,5037000000.0,2026-06-12
000755,6881999999.999999,2026-06-12
000756,8597000000.0,2026-06-12
000651,215821999999.99997,2026-06-12
000652,5224000000.0,2026-06-12
000655,4269000000.0,2026-06-12
000657,180010000000.0,2026-06-12
000659,4526000000.0,2026-06-12
000661,27127999999.999996,2026-06-12
000663,1919000000.0000002,2026-06-12
000665,4628000000.0,2026-06-12
000670,7290000000.000001,2026-06-12
000672,15762000000.0,2026-06-12
000676,7017000000.0,2026-06-12
000677,1555000000.0,2026-06-12
000678,4495000000.0,2026-06-12
000679,2192000000.0,2026-06-12
000680,15721000000.0,2026-06-12
000681,14963999999.999998,2026-06-12
000682,16491000000.0,2026-06-12
000683,26018000000.0,2026-06-12
000685,15763000000.0,2026-06-12
000686,18326000000.0,2026-06-12
000688,55591999999.99999,2026-06-12
000690,11315000000.0,2026-06-12
000692,2392000000.0,2026-06-12
000695,3008000000.0,2026-06-12
000700,13219000000.0,2026-06-12
000701,3361999999.9999995,2026-06-12
000702,1945000000.0,2026-06-12
000703,49789000000.0,2026-06-12
000705,2235000000.0,2026-06-12
000707,2766000000.0,2026-06-12
001203,66091000000.0,2026-06-12
001205,2613000000.0,2026-06-12
001206,3186000000.0,2026-06-12
001207,5296000000.0,2026-06-12
001208,10367000000.0,2026-06-12
001209,2496000000.0,2026-06-12
001210,5289000000.0,2026-06-12
001211,3615000000.0,2026-06-12
001212,9588000000.0,2026-06-12
001213,16000000000.0,2026-06-12
001215,4145000000.0000005,2026-06-12
001216,4587000000.0,2026-06-12
001217,3203000000.0,2026-06-12
001218,3309000000.0000005,2026-06-12
001219,2507000000.0,2026-06-12
001221,17952000000.0,2026-06-12
001222,2856000000.0,2026-06-12
001223,5624000000.0,2026-06-12
001225,2833000000.0,2026-06-12
001226,3747999999.9999995,2026-06-12
001227,12246000000.0,2026-06-12
001228,2786000000.0,2026-06-12
001229,4004999999.9999995,2026-06-12
001230,3371000000.0,2026-06-12
001231,2057000000.0,2026-06-12
001233,9553000000.0,2026-06-12
001234,2479000000.0,2026-06-12
001236,7648999999.999999,2026-06-12
000166,113431000000.0,2026-06-12
000301,78541000000.0,2026-06-12
000333,633667000000.0,2026-06-12
000338,242540000000.0,2026-06-12
000400,22613000000.0,2026-06-12
000401,10234000000.0,2026-06-12
000402,8248999999.999999,2026-06-12
000403,11291000000.0,2026-06-12
000404,5477000000.0,2026-06-12
000407,3590999999.9999995,2026-06-12
000408,124682000000.0,2026-06-12
000409,6066000000.0,2026-06-12
000410,13749000000.0,2026-06-12
000411,5360000000.0,2026-06-12
000415,25480000000.0,2026-06-12
000417,5592000000.0,2026-06-12
000419,2680000000.0,2026-06-12
000420,10401000000.0,2026-06-12
000421,3165000000.0,2026-06-12
000422,14846000000.0,2026-06-12
000423,32508000000.0,2026-06-12
000425,106806000000.0,2026-06-12
000426,65379000000.0,2026-06-12
000428,3403000000.0,2026-06-12
000429,27222000000.000004,2026-06-12
000498,7870999999.999999,2026-06-12
000501,5598000000.0,2026-06-12
000503,6816000000.0,2026-06-12
000505,4093000000.0,2026-06-12
000506,12755000000.0,2026-06-12
001238,4766000000.0,2026-06-12
001239,3338000000.0000005,2026-06-12
001255,2536000000.0,2026-06-12
001256,3357000000.0,2026-06-12
001258,7289000000.0,2026-06-12
001259,5070000000.0,2026-06-12
001260,2055999999.9999998,2026-06-12
001266,4649000000.0,2026-06-12
001267,38866000000.0,2026-06-12
001268,4405000000.0,2026-06-12
001269,5176000000.0,2026-06-12
001277,2320000000.0,2026-06-12
001278,2089000000.0,2026-06-12
001279,4192000000.0,2026-06-12
001280,150977000000.0,2026-06-12
001282,3777000000.0000005,2026-06-12
001283,6118000000.0,2026-06-12
001285,7908000000.0,2026-06-12
001286,45862000000.0,2026-06-12
001287,18960000000.0,2026-06-12
001288,5717000000.0,2026-06-12
001289,147384000000.0,2026-06-12
001296,2824000000.0,2026-06-12
001298,8672000000.0,2026-06-12
001299,3532000000.0,2026-06-12
001300,3704999999.9999995,2026-06-12
001301,23329000000.0,2026-06-12
001306,3774000000.0,2026-06-12
001308,14011000000.000002,2026-06-12
001309,140061000000.0,2026-06-12
001311,7415000000.000001,2026-06-12
001313,5215000000.0,2026-06-12
001314,7259000000.0,2026-06-12
001316,6108000000.0,2026-06-12
001317,4081000000.0,2026-06-12
001318,3157000000.0,2026-06-12
001319,3456000000.0,2026-06-12
001322,6296000000.0,2026-06-12
001323,8166000000.0,2026-06-12
001324,2483000000.0,2026-06-12
001325,3077000000.0,2026-06-12
001326,4663000000.0,2026-06-12
001328,5269000000.0,2026-06-12
001330,9718000000.0,2026-06-12
001331,19695000000.0,2026-06-12
001332,7004000000.000001,2026-06-12
001333,2710000000.0,2026-06-12
001335,4679000000.0,2026-06-12
001336,1960000000.0000002,2026-06-12
001337,17674000000.0,2026-06-12
001338,5027000000.0,2026-06-12
001339,24574000000.0,2026-06-12
001356,5504000000.0,2026-06-12
001358,3025000000.0,2026-06-12
001359,19875000000.0,2026-06-12
001360,3822999999.9999995,2026-06-12
001366,2064999999.9999998,2026-06-12
000547,33008000000.0,2026-06-12
000548,2251000000.0,2026-06-12
000550,15029000000.0,2026-06-12
000551,7218000000.000001,2026-06-12
000552,14236000000.000002,2026-06-12
000553,14094999999.999998,2026-06-12
000554,3108000000.0,2026-06-12
000555,10812000000.0,2026-06-12
000557,5702000000.0,2026-06-12
000558,5170000000.0,2026-06-12
000559,44525000000.0,2026-06-12
000560,5488000000.0,2026-06-12
000561,6869000000.0,2026-06-12
000563,15035000000.0,2026-06-12
000564,26364999999.999996,2026-06-12
000565,2814000000.0,2026-06-12
000566,5034000000.0,2026-06-12
000567,11063000000.0,2026-06-12
000568,125111999999.99998,2026-06-12
000570,3670000000.0000005,2026-06-12
000571,4397000000.0,2026-06-12
000572,6858000000.0,2026-06-12
000573,2642000000.0,2026-06-12
000576,3160000000.0,2026-06-12
000581,17160000000.0,2026-06-12
000582,28267000000.0,2026-06-12
000586,2789000000.0,2026-06-12
000589,7041000000.0,2026-06-12
000590,2227000000.0,2026-06-12
000591,19798000000.0,2026-06-12
000757,2062000000.0,2026-06-12
000758,13853000000.0,2026-06-12
000759,3861999999.9999995,2026-06-12
000761,9901000000.0,2026-06-12
000762,15988999999.999998,2026-06-12
000766,24443000000.0,2026-06-12
000767,14308000000.000002,2026-06-12
000768,63565000000.0,2026-06-12
000776,157123000000.0,2026-06-12
000777,6296000000.0,2026-06-12
000778,16209000000.0,2026-06-12
000779,3575000000.0,2026-06-12
000782,5142000000.0,2026-06-12
000783,42582000000.0,2026-06-12
000785,14197999999.999998,2026-06-12
000786,35900000000.0,2026-06-12
000788,3099000000.0,2026-06-12
000789,3397000000.0,2026-06-12
000790,2351000000.0,2026-06-12
000791,26989000000.0,2026-06-12
000792,167743000000.0,2026-06-12
000795,10403000000.0,2026-06-12
000796,7073000000.0,2026-06-12
000797,3847999999.9999995,2026-06-12
000798,2868000000.0,2026-06-12
000799,12295000000.0,2026-06-12
000800,31299000000.0,2026-06-12
000801,12572000000.0,2026-06-12
000802,3186000000.0,2026-06-12
000803,3479000000.0,2026-06-12
001367,3074000000.0,2026-06-12
001368,2651000000.0,2026-06-12
001369,17515000000.0,2026-06-12
001373,2290000000.0,2026-06-12
001376,5572000000.0,2026-06-12
001378,3604999999.9999995,2026-06-12
001379,3446000000.0,2026-06-12
001380,4469000000.0,2026-06-12
001382,8479000000.000001,2026-06-12
001386,19585000000.0,2026-06-12
001387,2158000000.0,2026-06-12
001388,4591000000.0,2026-06-12
001389,84306000000.0,2026-06-12
001390,3528000000.0,2026-06-12
001391,57870000000.00001,2026-06-12
001395,3236999999.9999995,2026-06-12
001396,4228000000.0,2026-06-12
001400,9158000000.0,2026-06-12
001696,26152000000.0,2026-06-12
001872,50656000000.0,2026-06-12
001896,33262000000.0,2026-06-12
001914,10168000000.0,2026-06-12
001965,66184000000.0,2026-06-12
001979,73571000000.0,2026-06-12
002001,92479000000.0,2026-06-12
002003,10759000000.0,2026-06-12
002004,9147000000.0,2026-06-12
002006,7740000000.000001,2026-06-12
002007,24501000000.0,2026-06-12
000807,97450000000.0,2026-06-12
000809,3514000000.0,2026-06-12
000810,11605000000.0,2026-06-12
000811,30539000000.0,2026-06-12
000812,2662000000.0,2026-06-12
000813,6480000000.0,2026-06-12
000815,10631000000.0,2026-06-12
000816,3690000000.0,2026-06-12
000818,8177000000.0,2026-06-12
000819,5025000000.0,2026-06-12
000821,5625000000.0,2026-06-12
000822,4126000000.0,2026-06-12
000823,10852000000.0,2026-06-12
000825,21361000000.0,2026-06-12
000826,3007000000.0,2026-06-12
000828,10291000000.0,2026-06-12
000829,9103000000.0,2026-06-12
000830,24509000000.0,2026-06-12
000831,59471000000.0,2026-06-12
000833,19258000000.0,2026-06-12
000837,12482000000.0,2026-06-12
000838,1838000000.0,2026-06-12
000839,10270000000.0,2026-06-12
000848,8048000000.0,2026-06-12
000850,3576000000.0,2026-06-12
000852,5419000000.0,2026-06-12
000856,1864000000.0,2026-06-12
000858,310218000000.0,2026-06-12
000859,9641000000.0,2026-06-12
000860,7751000000.000001,2026-06-12
000958,117408999999.99998,2026-06-12
000959,25359000000.0,2026-06-12
000960,61951000000.0,2026-06-12
000962,30202000000.0,2026-06-12
000963,51051000000.0,2026-06-12
000965,3785000000.0,2026-06-12
000966,16430000000.000002,2026-06-12
000967,33088000000.0,2026-06-12
000968,6918000000.000001,2026-06-12
000969,25695999999.999996,2026-06-12
000970,16801000000.0,2026-06-12
000973,37021000000.0,2026-06-12
000975,58528000000.0,2026-06-12
000977,84966000000.0,2026-06-12
000978,2799000000.0,2026-06-12
000980,10942000000.0,2026-06-12
000981,31992000000.0,2026-06-12
000983,42351000000.0,2026-06-12
000985,2116000000.0,2026-06-12
000987,37578000000.0,2026-06-12
000988,151841000000.0,2026-06-12
000989,6830000000.0,2026-06-12
000990,10901000000.0,2026-06-12
000993,5413000000.0,2026-06-12
000995,1953000000.0,2026-06-12
000997,18074000000.0,2026-06-12
000998,12490000000.0,2026-06-12
000999,41356000000.0,2026-06-12
001201,2890000000.0,2026-06-12
001202,2405000000.0,2026-06-12
002075,7831999999.999999,2026-06-12
002077,9181000000.0,2026-06-12
002078,38453000000.0,2026-06-12
002079,10529000000.0,2026-06-12
002080,103908999999.99998,2026-06-12
002081,13356000000.0,2026-06-12
002082,7230000000.0,2026-06-12
002083,9126000000.0,2026-06-12
002084,2184000000.0,2026-06-12
002085,28856000000.0,2026-06-12
002086,3565000000.0,2026-06-12
002088,4592000000.0,2026-06-12
002090,3729000000.0,2026-06-12
002091,12240000000.0,2026-06-12
002092,11474000000.0,2026-06-12
002093,6972000000.0,2026-06-12
002094,3378000000.0,2026-06-12
002095,3414000000.0,2026-06-12
002096,11412000000.0,2026-06-12
002097,8855000000.0,2026-06-12
002098,2574000000.0,2026-06-12
002099,8693000000.0,2026-06-12
002100,8628000000.0,2026-06-12
002101,5614000000.0,2026-06-12
002102,5545000000.0,2026-06-12
002103,3425000000.0,2026-06-12
002104,8047000000.0,2026-06-12
002105,2029000000.0,2026-06-12
002106,8583000000.0,2026-06-12
002107,3481000000.0,2026-06-12
000911,1957999999.9999998,2026-06-12
000912,5802000000.0,2026-06-12
000913,5980000000.0,2026-06-12
000915,6468000000.000001,2026-06-12
000917,9682000000.0,2026-06-12
000919,3831000000.0,2026-06-12
000920,6806000000.0,2026-06-12
000921,39746000000.0,2026-06-12
000922,10391000000.0,2026-06-12
000923,9419000000.0,2026-06-12
000925,5431000000.0,2026-06-12
000926,3457000000.0,2026-06-12
000927,15186000000.000002,2026-06-12
000928,8177000000.0,2026-06-12
000930,9171000000.0,2026-06-12
000931,3073000000.0,2026-06-12
000932,26314000000.0,2026-06-12
000933,61420000000.00001,2026-06-12
000935,19834000000.0,2026-06-12
000936,5103000000.0,2026-06-12
000937,19717000000.0,2026-06-12
000938,71931000000.0,2026-06-12
000948,4905000000.0,2026-06-12
000949,10952000000.0,2026-06-12
000950,9073000000.0,2026-06-12
000951,25496000000.0,2026-06-12
000952,2174000000.0,2026-06-12
000953,2182000000.0,2026-06-12
000955,2186000000.0,2026-06-12
000957,6237000000.0,2026-06-12
000862,5379000000.0,2026-06-12
000863,5396000000.0,2026-06-12
000868,3597999999.9999995,2026-06-12
000869,11495000000.0,2026-06-12
000875,21872000000.0,2026-06-12
000876,29448000000.0,2026-06-12
000877,29224000000.0,2026-06-12
000878,41883000000.0,2026-06-12
000880,11364000000.0,2026-06-12
000881,6448000000.0,2026-06-12
000882,3914000000.0,2026-06-12
000883,35255000000.0,2026-06-12
000885,8270000000.0,2026-06-12
000886,4321000000.0,2026-06-12
000887,26764000000.0,2026-06-12
000888,5180000000.0,2026-06-12
000889,3268000000.0,2026-06-12
000890,4036000000.0,2026-06-12
000892,3590000000.0,2026-06-12
000893,44678000000.0,2026-06-12
000895,83741000000.0,2026-06-12
000897,3024000000.0,2026-06-12
000898,18926000000.0,2026-06-12
000899,12947000000.0,2026-06-12
000900,5586000000.0,2026-06-12
000901,14599000000.0,2026-06-12
000902,15521000000.0,2026-06-12
000905,13341000000.0,2026-06-12
000906,3946000000.0,2026-06-12
000910,3229999999.9999995,2026-06-12
002008,122646000000.0,2026-06-12
002009,8113000000.0,2026-06-12
002010,13544000000.0,2026-06-12
002011,11564000000.0,2026-06-12
002012,3283000000.0,2026-06-12
002014,6603000000.0,2026-06-12
002015,27775000000.0,2026-06-12
002016,3714000000.0,2026-06-12
002017,9420000000.0,2026-06-12
002019,12225000000.0,2026-06-12
002020,10685000000.0,2026-06-12
002021,2893000000.0,2026-06-12
002022,2613000000.0,2026-06-12
002023,8445999999.999999,2026-06-12
002025,29166000000.000004,2026-06-12
002026,5260000000.0,2026-06-12
002027,78710000000.0,2026-06-12
002028,135599000000.0,2026-06-12
002029,5823000000.0,2026-06-12
002030,7551000000.000001,2026-06-12
002031,12383000000.0,2026-06-12
002032,34018000000.0,2026-06-12
002033,4797000000.0,2026-06-12
002034,9053000000.0,2026-06-12
002035,4264000000.0,2026-06-12
002036,8313000000.0,2026-06-12
002037,3363000000.0000005,2026-06-12
002038,5517000000.0,2026-06-12
002039,9017000000.0,2026-06-12
002040,4089000000.0,2026-06-12
002141,3388000000.0000005,2026-06-12
002142,215937000000.0,2026-06-12
002144,1966000000.0,2026-06-12
002145,16254000000.0,2026-06-12
002146,5435000000.0,2026-06-12
002148,3515000000.0,2026-06-12
002149,29195000000.0,2026-06-12
002150,8971000000.0,2026-06-12
002151,18329000000.0,2026-06-12
002152,24412000000.0,2026-06-12
002153,21451000000.0,2026-06-12
002154,5750000000.0,2026-06-12
002155,37863000000.0,2026-06-12
002156,86837000000.0,2026-06-12
002157,28583000000.0,2026-06-12
002158,14688999999.999998,2026-06-12
002159,2449000000.0,2026-06-12
002160,4307000000.0,2026-06-12
002161,4106000000.0,2026-06-12
002162,3394000000.0,2026-06-12
002163,7798999999.999999,2026-06-12
002164,7062000000.0,2026-06-12
002165,5684000000.0,2026-06-12
002166,5547000000.0,2026-06-12
002167,11000000000.0,2026-06-12
002169,11694000000.0,2026-06-12
002170,11013000000.0,2026-06-12
002171,22056000000.0,2026-06-12
002172,2435000000.0,2026-06-12
002173,7634000000.0,2026-06-12
002041,7656000000.0,2026-06-12
002042,6190000000.0,2026-06-12
002043,10272000000.0,2026-06-12
002044,19415000000.0,2026-06-12
002045,4787000000.0,2026-06-12
002046,31737000000.0,2026-06-12
002048,21982000000.0,2026-06-12
002049,60757000000.00001,2026-06-12
002050,188561000000.0,2026-06-12
002051,12952000000.000002,2026-06-12
002052,6847000000.0,2026-06-12
002053,9778000000.0,2026-06-12
002054,3597000000.0,2026-06-12
002055,3500000000.0,2026-06-12
002056,40050000000.0,2026-06-12
002057,8805000000.0,2026-06-12
002059,4647000000.0,2026-06-12
002060,12239000000.0,2026-06-12
002061,9681000000.0,2026-06-12
002062,9614000000.0,2026-06-12
002063,10152000000.0,2026-06-12
002064,51362000000.0,2026-06-12
002065,22438000000.0,2026-06-12
002066,5302000000.0,2026-06-12
002067,6165000000.0,2026-06-12
002068,7412000000.0,2026-06-12
002069,2325000000.0,2026-06-12
002072,3125000000.0,2026-06-12
002073,5583000000.0,2026-06-12
002074,52685000000.0,2026-06-12
002108,7814000000.0,2026-06-12
002109,3535000000.0,2026-06-12
002110,7359999999.999999,2026-06-12
002111,5102000000.0,2026-06-12
002112,4924000000.0,2026-06-12
002114,2438000000.0,2026-06-12
002115,9335000000.0,2026-06-12
002116,4174000000.0,2026-06-12
002117,4724000000.0,2026-06-12
002119,11994000000.0,2026-06-12
002120,19251000000.0,2026-06-12
002121,10110000000.0,2026-06-12
002123,6057000000.0,2026-06-12
002124,5288000000.0,2026-06-12
002125,11369000000.0,2026-06-12
002126,39978000000.0,2026-06-12
002127,6751000000.000001,2026-06-12
002128,81957000000.0,2026-06-12
002129,40350000000.0,2026-06-12
002130,26864000000.0,2026-06-12
002131,35823000000.0,2026-06-12
002132,7273999999.999999,2026-06-12
002133,2121000000.0,2026-06-12
002134,6925000000.0,2026-06-12
002135,7406999999.999999,2026-06-12
002136,2705000000.0,2026-06-12
002137,5313000000.0,2026-06-12
002138,45283000000.0,2026-06-12
002139,11907000000.0,2026-06-12
002140,7066000000.0,2026-06-12
002174,9876000000.0,2026-06-12
002175,2809000000.0,2026-06-12
002176,19196000000.0,2026-06-12
002177,4636000000.0,2026-06-12
002178,3796000000.0,2026-06-12
002179,76249000000.0,2026-06-12
002180,19835000000.0,2026-06-12
002181,15175000000.0,2026-06-12
002182,13091999999.999998,2026-06-12
002183,13816000000.0,2026-06-12
002184,3713000000.0000005,2026-06-12
002185,53374000000.0,2026-06-12
002186,2799000000.0,2026-06-12
002187,3694000000.0,2026-06-12
002188,1861000000.0,2026-06-12
002189,5305000000.0,2026-06-12
002190,9711000000.0,2026-06-12
002191,5387000000.0,2026-06-12
002192,23301000000.0,2026-06-12
002193,1199000000.0,2026-06-12
002194,7769000000.0,2026-06-12
002195,39013000000.0,2026-06-12
002196,6184000000.0,2026-06-12
002198,1832000000.0,2026-06-12
002201,7122000000.0,2026-06-12
002202,90516000000.0,2026-06-12
002203,53719000000.00001,2026-06-12
002204,10874000000.0,2026-06-12
002205,2176000000.0,2026-06-12
002206,6136000000.0,2026-06-12
002274,5009000000.0,2026-06-12
002275,7497000000.0,2026-06-12
002276,10910000000.0,2026-06-12
002277,8978000000.0,2026-06-12
002278,3338000000.0000005,2026-06-12
002279,5915000000.0,2026-06-12
002281,165344000000.0,2026-06-12
002282,3229999999.9999995,2026-06-12
002283,10665000000.0,2026-06-12
002284,7790000000.000001,2026-06-12
002285,4783000000.0,2026-06-12
002286,3539000000.0,2026-06-12
002287,11723000000.0,2026-06-12
002290,19462000000.0,2026-06-12
002291,4947000000.0,2026-06-12
002292,9996000000.0,2026-06-12
002293,8505000000.0,2026-06-12
002294,34894000000.0,2026-06-12
002295,2461000000.0,2026-06-12
002296,3720000000.0000005,2026-06-12
002297,12860000000.0,2026-06-12
002298,5950000000.0,2026-06-12
002299,20387000000.0,2026-06-12
002300,5403000000.0,2026-06-12
002301,5309000000.0,2026-06-12
002302,6047000000.0,2026-06-12
002303,4839000000.0,2026-06-12
002304,64777000000.0,2026-06-12
002307,5969000000.0,2026-06-12
002309,9504000000.0,2026-06-12
002241,81694000000.0,2026-06-12
002242,6638000000.0,2026-06-12
002243,8486000000.0,2026-06-12
002244,29123000000.0,2026-06-12
002245,32889000000.0,2026-06-12
002246,11727000000.0,2026-06-12
002247,2025000000.0,2026-06-12
002248,2937000000.0,2026-06-12
002249,19603000000.0,2026-06-12
002250,12913000000.0,2026-06-12
002251,10755000000.0,2026-06-12
002252,33029000000.000004,2026-06-12
002254,15478000000.0,2026-06-12
002255,7636000000.0,2026-06-12
002256,8489000000.0,2026-06-12
002258,10542000000.0,2026-06-12
002259,3385000000.0,2026-06-12
002261,37560000000.0,2026-06-12
002262,19747000000.0,2026-06-12
002263,7081000000.0,2026-06-12
002264,4542000000.0,2026-06-12
002265,20537000000.0,2026-06-12
002266,25000000000.0,2026-06-12
002267,8006999999.999999,2026-06-12
002268,11078000000.0,2026-06-12
002269,3794000000.0,2026-06-12
002270,18041000000.0,2026-06-12
002271,29405000000.0,2026-06-12
002272,10153000000.0,2026-06-12
002273,45043000000.0,2026-06-12
002207,1905000000.0,2026-06-12
002208,12419000000.0,2026-06-12
002209,2348000000.0,2026-06-12
002210,6547000000.0,2026-06-12
002212,7490000000.000001,2026-06-12
002213,9070000000.0,2026-06-12
002215,9624000000.0,2026-06-12
002216,10990000000.0,2026-06-12
002217,17277000000.0,2026-06-12
002218,5999000000.0,2026-06-12
002219,6869000000.0,2026-06-12
002221,9646000000.0,2026-06-12
002222,42501000000.0,2026-06-12
002223,26024000000.0,2026-06-12
002224,3239000000.0,2026-06-12
002225,4811000000.0,2026-06-12
002226,13112000000.0,2026-06-12
002227,1762000000.0,2026-06-12
002228,3895000000.0000005,2026-06-12
002229,6598999999.999999,2026-06-12
002230,97020000000.0,2026-06-12
002232,6100000000.0,2026-06-12
002233,8912000000.0,2026-06-12
002234,2506000000.0,2026-06-12
002235,5552000000.0,2026-06-12
002236,52145000000.00001,2026-06-12
002237,18604000000.0,2026-06-12
002238,4815000000.0,2026-06-12
002239,8682000000.0,2026-06-12
002240,46753000000.0,2026-06-12
002405,17543000000.0,2026-06-12
002406,5250000000.0,2026-06-12
002407,47224000000.0,2026-06-12
002408,13872999999.999998,2026-06-12
002409,63294000000.00001,2026-06-12
002410,14785000000.0,2026-06-12
002412,3150000000.0,2026-06-12
002413,13655000000.000002,2026-06-12
002414,55604999999.99999,2026-06-12
002415,277146000000.0,2026-06-12
002416,13756000000.0,2026-06-12
002418,4716000000.0,2026-06-12
002419,5435000000.0,2026-06-12
002420,2324000000.0,2026-06-12
002421,9331000000.0,2026-06-12
002422,59352000000.0,2026-06-12
002423,20483000000.0,2026-06-12
002424,6233000000.0,2026-06-12
002426,11943000000.0,2026-06-12
002427,4365000000.0,2026-06-12
002428,60257000000.00001,2026-06-12
002429,46854000000.0,2026-06-12
002430,25476000000.0,2026-06-12
002431,2740000000.0,2026-06-12
002432,28373000000.0,2026-06-12
002434,9201000000.0,2026-06-12
002436,64248000000.0,2026-06-12
002437,6021000000.0,2026-06-12
002438,7725000000.0,2026-06-12
002439,15312000000.0,2026-06-12
002310,14518000000.0,2026-06-12
002311,75112000000.0,2026-06-12
002312,16763000000.0,2026-06-12
002313,3051000000.0,2026-06-12
002314,6309000000.0,2026-06-12
002315,10182000000.0,2026-06-12
002316,1812000000.0,2026-06-12
002317,19157000000.0,2026-06-12
002318,22563000000.0,2026-06-12
002319,2407000000.0,2026-06-12
002320,15494000000.0,2026-06-12
002321,3925000000.0,2026-06-12
002322,3893000000.0,2026-06-12
002323,3139000000.0,2026-06-12
002324,13404000000.0,2026-06-12
002326,20001000000.0,2026-06-12
002327,5970000000.0,2026-06-12
002328,5973000000.0,2026-06-12
002329,2630000000.0,2026-06-12
002330,2478000000.0,2026-06-12
002331,3526000000.0,2026-06-12
002332,8517000000.0,2026-06-12
002333,3327000000.0000005,2026-06-12
002334,6672000000.0,2026-06-12
002335,26651000000.0,2026-06-12
002337,2943000000.0,2026-06-12
002338,12706000000.0,2026-06-12
002339,3851000000.0,2026-06-12
002340,37553000000.0,2026-06-12
002342,9763000000.0,2026-06-12
002343,2340000000.0,2026-06-12
002344,4874000000.0,2026-06-12
002345,8672000000.0,2026-06-12
002346,7065000000.000001,2026-06-12
002347,3276000000.0,2026-06-12
002348,10798000000.0,2026-06-12
002349,5377000000.0,2026-06-12
002350,7772000000.0,2026-06-12
002351,9140000000.0,2026-06-12
002352,180916000000.0,2026-06-12
002353,148357000000.0,2026-06-12
002354,12442000000.0,2026-06-12
002355,3189000000.0,2026-06-12
002356,4183000000.0,2026-06-12
002357,2944000000.0,2026-06-12
002358,5448000000.0,2026-06-12
002360,2202000000.0,2026-06-12
002361,14969000000.0,2026-06-12
002362,4498000000.0,2026-06-12
002363,2814000000.0,2026-06-12
002364,26211000000.0,2026-06-12
002365,3244000000.0,2026-06-12
002366,12465000000.0,2026-06-12
002367,4244000000.0,2026-06-12
002368,9922000000.0,2026-06-12
002369,3351000000.0,2026-06-12
002370,3900000000.0,2026-06-12
002371,483601000000.0,2026-06-12
002372,14965000000.0,2026-06-12
002373,11693000000.0,2026-06-12
002474,4393000000.0,2026-06-12
002475,464980000000.0,2026-06-12
002476,3256000000.0,2026-06-12
002478,6324000000.0,2026-06-12
002479,4126000000.0,2026-06-12
002480,4300000000.0,2026-06-12
002481,5033000000.0,2026-06-12
002482,5326000000.0,2026-06-12
002483,4814000000.0,2026-06-12
002484,69105000000.0,2026-06-12
002486,1937000000.0,2026-06-12
002487,43934000000.0,2026-06-12
002488,9706000000.0,2026-06-12
002489,7114000000.0,2026-06-12
002490,7053000000.0,2026-06-12
002491,27958000000.0,2026-06-12
002492,2361000000.0,2026-06-12
002493,113280000000.0,2026-06-12
002494,1909000000.0,2026-06-12
002495,2171000000.0,2026-06-12
002497,26336000000.0,2026-06-12
002498,24053000000.0,2026-06-12
002500,18487000000.0,2026-06-12
002501,5290000000.0,2026-06-12
002506,18546000000.0,2026-06-12
002507,13605000000.000002,2026-06-12
002508,15412000000.0,2026-06-12
002510,6385000000.0,2026-06-12
002511,8927000000.0,2026-06-12
002512,4487000000.0,2026-06-12
002440,10195000000.0,2026-06-12
002441,4563000000.0,2026-06-12
002442,2607000000.0,2026-06-12
002443,5757000000.0,2026-06-12
002444,36563000000.0,2026-06-12
002445,7509999999.999999,2026-06-12
002446,9612000000.0,2026-06-12
002448,7395999999.999999,2026-06-12
002449,4521000000.0,2026-06-12
002451,3411000000.0,2026-06-12
002452,6631000000.0,2026-06-12
002453,4257000000.0,2026-06-12
002454,4659000000.0,2026-06-12
002455,5845000000.0,2026-06-12
002456,29217000000.0,2026-06-12
002457,4319000000.0,2026-06-12
002458,11764000000.0,2026-06-12
002459,29291000000.000004,2026-06-12
002460,149201000000.0,2026-06-12
002461,20783000000.0,2026-06-12
002462,3958000000.0,2026-06-12
002463,240930000000.00003,2026-06-12
002465,33951000000.0,2026-06-12
002466,107076000000.0,2026-06-12
002467,7083000000.0,2026-06-12
002468,21554000000.0,2026-06-12
002469,4763000000.0,2026-06-12
002470,7262000000.0,2026-06-12
002471,9855000000.0,2026-06-12
002472,34847000000.0,2026-06-12
002374,3484000000.0000005,2026-06-12
002375,5119000000.0,2026-06-12
002376,4961000000.0,2026-06-12
002377,2566000000.0,2026-06-12
002378,41617000000.0,2026-06-12
002379,228957000000.00003,2026-06-12
002380,8889000000.0,2026-06-12
002381,2313000000.0,2026-06-12
002382,5784000000.0,2026-06-12
002383,5419000000.0,2026-06-12
002384,398466000000.0,2026-06-12
002385,12943000000.0,2026-06-12
002386,7563000000.0,2026-06-12
002387,11049000000.0,2026-06-12
002389,18694000000.0,2026-06-12
002390,5637000000.0,2026-06-12
002391,3547000000.0,2026-06-12
002392,9036000000.0,2026-06-12
002393,4409000000.0,2026-06-12
002394,3030000000.0,2026-06-12
002395,3572999999.9999995,2026-06-12
002396,13347999999.999998,2026-06-12
002397,3171000000.0,2026-06-12
002398,2911000000.0,2026-06-12
002399,13602000000.000002,2026-06-12
002400,12203000000.0,2026-06-12
002401,4720000000.0,2026-06-12
002402,21977000000.0,2026-06-12
002403,3427000000.0000005,2026-06-12
002404,3540000000.0,2026-06-12
002513,2066000000.0,2026-06-12
002514,2261000000.0,2026-06-12
002515,9116000000.0,2026-06-12
002516,8590000000.0,2026-06-12
002517,31470000000.0,2026-06-12
002518,26480000000.0,2026-06-12
002519,7097000000.0,2026-06-12
002520,4809000000.0,2026-06-12
002521,3982000000.0,2026-06-12
002522,6205000000.0,2026-06-12
002523,4675000000.0,2026-06-12
002524,1880999999.9999998,2026-06-12
002526,5224000000.0,2026-06-12
002527,8998000000.0,2026-06-12
002530,6008000000.0,2026-06-12
002531,17214000000.0,2026-06-12
002532,62164000000.0,2026-06-12
002533,8183000000.0,2026-06-12
002534,16786000000.000002,2026-06-12
002535,1980000000.0,2026-06-12
002536,23796000000.0,2026-06-12
002537,6997000000.0,2026-06-12
002538,5232000000.0,2026-06-12
002539,14650000000.0,2026-06-12
002540,6456000000.0,2026-06-12
002541,11861000000.0,2026-06-12
002542,2691000000.0,2026-06-12
002543,5079000000.0,2026-06-12
002544,13611000000.000002,2026-06-12
002545,24583000000.0,2026-06-12
002577,5131000000.0,2026-06-12
002578,3426000000.0,2026-06-12
002579,9251000000.0,2026-06-12
002580,9409000000.0,2026-06-12
002582,4226000000.0,2026-06-12
002583,17368000000.0,2026-06-12
002584,4641000000.0,2026-06-12
002585,13216999999.999998,2026-06-12
002587,4307000000.0,2026-06-12
002588,10091000000.0,2026-06-12
002589,4078000000.0,2026-06-12
002590,5689000000.0,2026-06-12
002591,2158000000.0,2026-06-12
002593,3561000000.0,2026-06-12
002594,835135000000.0,2026-06-12
002595,55819000000.00001,2026-06-12
002596,4189000000.0,2026-06-12
002597,12639000000.0,2026-06-12
002598,2178000000.0,2026-06-12
002599,3132000000.0,2026-06-12
002600,102388000000.0,2026-06-12
002601,36574000000.0,2026-06-12
002602,105917000000.0,2026-06-12
002603,26247000000.000004,2026-06-12
002605,7750000000.0,2026-06-12
002606,5734000000.0,2026-06-12
002607,12767000000.0,2026-06-12
002608,33095999999.999996,2026-06-12
002609,4768000000.0,2026-06-12
002611,22410000000.0,2026-06-12
002795,3229000000.0,2026-06-12
002796,9825000000.0,2026-06-12
002797,26811000000.0,2026-06-12
002798,3497000000.0,2026-06-12
002799,2218000000.0,2026-06-12
002800,2275000000.0,2026-06-12
002801,7001000000.000001,2026-06-12
002802,2202000000.0,2026-06-12
002803,9715000000.0,2026-06-12
002805,5949000000.0,2026-06-12
002806,3636000000.0,2026-06-12
002807,11047000000.0,2026-06-12
002809,2011000000.0,2026-06-12
002810,8054000000.000001,2026-06-12
002811,3819000000.0,2026-06-12
002812,66333000000.00001,2026-06-12
002813,2508000000.0,2026-06-12
002815,21166000000.0,2026-06-12
002817,1947000000.0,2026-06-12
002818,8428000000.0,2026-06-12
002819,6325000000.0,2026-06-12
002820,1900000000.0,2026-06-12
002821,42226000000.0,2026-06-12
002823,5457000000.0,2026-06-12
002824,8978000000.0,2026-06-12
002825,3207000000.0,2026-06-12
002826,2927000000.0,2026-06-12
002827,7203000000.0,2026-06-12
002828,1825000000.0,2026-06-12
002829,4067000000.0,2026-06-12
002721,6436000000.0,2026-06-12
002722,2846000000.0,2026-06-12
002723,2712000000.0,2026-06-12
002724,3989000000.0,2026-06-12
002725,3315000000.0,2026-06-12
002726,1565000000.0,2026-06-12
002727,6541000000.0,2026-06-12
002728,4265999999.9999995,2026-06-12
002729,3191000000.0,2026-06-12
002730,10127000000.0,2026-06-12
002731,1114000000.0,2026-06-12
002732,2193000000.0,2026-06-12
002733,13266999999.999998,2026-06-12
002734,7233000000.0,2026-06-12
002735,6980000000.0,2026-06-12
002736,105183000000.0,2026-06-12
002737,7265000000.000001,2026-06-12
002738,44141000000.0,2026-06-12
002739,17633000000.0,2026-06-12
002741,13779000000.0,2026-06-12
002743,1941000000.0,2026-06-12
002745,13832000000.0,2026-06-12
002746,4750000000.0,2026-06-12
002747,31182000000.0,2026-06-12
002748,2662000000.0,2026-06-12
002749,4930000000.0,2026-06-12
002752,6057000000.0,2026-06-12
002753,2761000000.0,2026-06-12
002755,12205000000.0,2026-06-12
002756,35306000000.0,2026-06-12
002682,2694000000.0,2026-06-12
002683,22979000000.0,2026-06-12
002685,6681000000.0,2026-06-12
002686,3340999999.9999995,2026-06-12
002687,2139999999.9999998,2026-06-12
002688,3847999999.9999995,2026-06-12
002689,2963000000.0,2026-06-12
002690,12731000000.0,2026-06-12
002691,1564000000.0,2026-06-12
002692,2980000000.0,2026-06-12
002694,1786000000.0,2026-06-12
002695,6598000000.0,2026-06-12
002696,1909000000.0,2026-06-12
002697,6161000000.0,2026-06-12
002698,11800000000.0,2026-06-12
002700,3553000000.0,2026-06-12
002701,11775000000.0,2026-06-12
002702,2845000000.0,2026-06-12
002703,12701000000.0,2026-06-12
002705,9686000000.0,2026-06-12
002706,12725000000.0,2026-06-12
002707,5395000000.0,2026-06-12
002708,7363000000.0,2026-06-12
002709,101194000000.0,2026-06-12
002712,2580000000.0,2026-06-12
002714,201247000000.0,2026-06-12
002715,2007000000.0,2026-06-12
002716,25436000000.0,2026-06-12
002718,13136000000.000002,2026-06-12
002719,1256000000.0,2026-06-12
002757,5826000000.0,2026-06-12
002758,4233000000.0,2026-06-12
002759,13341999999.999998,2026-06-12
002760,1927000000.0,2026-06-12
002761,9698000000.0,2026-06-12
002763,3148000000.0,2026-06-12
002765,5100000000.0,2026-06-12
002766,3447999999.9999995,2026-06-12
002767,2755000000.0,2026-06-12
002768,21069000000.0,2026-06-12
002769,2830000000.0,2026-06-12
002771,3058000000.0,2026-06-12
002772,4860000000.0,2026-06-12
002773,18758000000.0,2026-06-12
002774,3663000000.0000005,2026-06-12
002775,2443000000.0,2026-06-12
002777,5454000000.0,2026-06-12
002778,2161000000.0,2026-06-12
002779,15261000000.000002,2026-06-12
002780,2277000000.0,2026-06-12
002782,10936000000.0,2026-06-12
002783,3754999999.9999995,2026-06-12
002785,9038000000.0,2026-06-12
002786,4034000000.0000005,2026-06-12
002787,8356999999.999999,2026-06-12
002788,4363000000.0,2026-06-12
002790,2545000000.0,2026-06-12
002791,5103000000.0,2026-06-12
002792,19387000000.0,2026-06-12
002793,4557000000.0,2026-06-12
002648,81386000000.0,2026-06-12
002649,5187000000.0,2026-06-12
002651,8423000000.0,2026-06-12
002652,2478000000.0,2026-06-12
002653,56354000000.0,2026-06-12
002654,13685000000.0,2026-06-12
002655,12102000000.0,2026-06-12
002657,7328000000.0,2026-06-12
002658,5245000000.0,2026-06-12
002659,2501000000.0,2026-06-12
002660,2557000000.0,2026-06-12
002661,2615000000.0,2026-06-12
002662,4965000000.0,2026-06-12
002663,2912000000.0,2026-06-12
002664,7245999999.999999,2026-06-12
002666,3444000000.0,2026-06-12
002667,4680000000.0,2026-06-12
002668,10451000000.0,2026-06-12
002669,4703000000.0,2026-06-12
002670,22234000000.0,2026-06-12
002671,2315000000.0,2026-06-12
002672,3935000000.0,2026-06-12
002673,28873000000.0,2026-06-12
002674,4729000000.0,2026-06-12
002675,10299000000.0,2026-06-12
002676,4054000000.0,2026-06-12
002677,4406000000.0,2026-06-12
002678,7403000000.0,2026-06-12
002679,2091000000.0,2026-06-12
002681,8614000000.0,2026-06-12
002864,2888000000.0,2026-06-12
002865,19990000000.0,2026-06-12
002866,5046000000.0,2026-06-12
002867,13297000000.0,2026-06-12
002869,3227000000.0000005,2026-06-12
002870,5283000000.0,2026-06-12
002871,5037000000.0,2026-06-12
002873,1985000000.0000002,2026-06-12
002875,3515000000.0,2026-06-12
002876,5152000000.0,2026-06-12
002877,2790000000.0,2026-06-12
002878,3532000000.0,2026-06-12
002879,2790000000.0,2026-06-12
002880,5060000000.0,2026-06-12
002881,12189000000.0,2026-06-12
002882,9463000000.0,2026-06-12
002883,1363000000.0,2026-06-12
002884,5805000000.0,2026-06-12
002885,10165000000.0,2026-06-12
002886,7212000000.0,2026-06-12
002887,3675000000.0,2026-06-12
002888,2897000000.0,2026-06-12
002889,4336000000.0,2026-06-12
002890,2587000000.0,2026-06-12
002891,9261000000.0,2026-06-12
002892,7819000000.0,2026-06-12
002893,2665000000.0,2026-06-12
002895,18892000000.0,2026-06-12
002896,15384000000.0,2026-06-12
002897,15313000000.0,2026-06-12
002830,3116000000.0,2026-06-12
002831,38212000000.0,2026-06-12
002832,12196000000.0,2026-06-12
002833,7369000000.0,2026-06-12
002835,2788000000.0,2026-06-12
002836,2465000000.0,2026-06-12
002837,84209000000.0,2026-06-12
002838,15997999999.999998,2026-06-12
002839,10511000000.0,2026-06-12
002840,6626000000.000001,2026-06-12
002841,23630000000.0,2026-06-12
002842,12985000000.0,2026-06-12
002843,5334000000.0,2026-06-12
002845,4645000000.0,2026-06-12
002846,5006000000.0,2026-06-12
002847,14786000000.000002,2026-06-12
002849,3601000000.0,2026-06-12
002850,54003000000.0,2026-06-12
002851,78681000000.0,2026-06-12
002852,2666000000.0,2026-06-12
002853,4211000000.0,2026-06-12
002855,2570000000.0,2026-06-12
002856,3288000000.0000005,2026-06-12
002857,2276000000.0,2026-06-12
002858,2225000000.0,2026-06-12
002859,32463000000.0,2026-06-12
002860,4610000000.0,2026-06-12
002861,3314000000.0,2026-06-12
002862,2495000000.0,2026-06-12
002863,2890000000.0,2026-06-12
002546,5546000000.0,2026-06-12
002547,3835000000.0,2026-06-12
002548,3313000000.0000005,2026-06-12
002549,12064000000.0,2026-06-12
002550,7602000000.0,2026-06-12
002551,2520000000.0,2026-06-12
002552,22744000000.0,2026-06-12
002553,6534999999.999999,2026-06-12
002554,4215000000.0,2026-06-12
002555,39511000000.0,2026-06-12
002556,4903000000.0,2026-06-12
002557,10744000000.0,2026-06-12
002558,44549000000.0,2026-06-12
002559,5195000000.0,2026-06-12
002560,6044000000.0,2026-06-12
002561,2898000000.0,2026-06-12
002562,5520000000.0,2026-06-12
002563,14871000000.0,2026-06-12
002564,4200000000.0,2026-06-12
002565,14691000000.0,2026-06-12
002566,2244000000.0,2026-06-12
002567,4915000000.0,2026-06-12
002568,21207000000.0,2026-06-12
002570,5163000000.0,2026-06-12
002571,4570000000.0,2026-06-12
002572,8234000000.0,2026-06-12
002573,4614000000.0,2026-06-12
002574,2508000000.0,2026-06-12
002575,3681000000.0,2026-06-12
002576,2633000000.0,2026-06-12
002966,36883000000.0,2026-06-12
002967,11114000000.0,2026-06-12
002968,2161000000.0,2026-06-12
002969,18004000000.0,2026-06-12
002970,11404000000.0,2026-06-12
002971,12288000000.0,2026-06-12
002972,3252000000.0000005,2026-06-12
002973,5223000000.0,2026-06-12
002975,25261000000.0,2026-06-12
002976,4922000000.0,2026-06-12
002977,2739000000.0,2026-06-12
002978,12701000000.0,2026-06-12
002979,15909000000.0,2026-06-12
002980,20230000000.0,2026-06-12
002981,3753000000.0,2026-06-12
002982,2688000000.0,2026-06-12
002983,5323000000.0,2026-06-12
002984,15606000000.0,2026-06-12
002985,9952000000.0,2026-06-12
002986,4394000000.0,2026-06-12
002987,11950000000.0,2026-06-12
002988,6330000000.0,2026-06-12
002989,5397000000.0,2026-06-12
002990,11773000000.0,2026-06-12
002991,4044000000.0,2026-06-12
002992,7618000000.000001,2026-06-12
002993,17796000000.0,2026-06-12
002995,3833000000.0,2026-06-12
002996,4284000000.0000005,2026-06-12
002997,6150000000.0,2026-06-12
002612,5331000000.0,2026-06-12
002613,4787000000.0,2026-06-12
002614,3056000000.0,2026-06-12
002615,4445000000.0,2026-06-12
002616,4245000000.0000005,2026-06-12
002617,16228000000.0,2026-06-12
002622,1982000000.0,2026-06-12
002623,3461999999.9999995,2026-06-12
002624,25705000000.0,2026-06-12
002625,83361000000.0,2026-06-12
002626,8722000000.0,2026-06-12
002627,4681000000.0,2026-06-12
002628,3717000000.0,2026-06-12
002629,2113000000.0,2026-06-12
002631,6187000000.0,2026-06-12
002632,6034000000.0,2026-06-12
002633,2504000000.0,2026-06-12
002634,2164000000.0,2026-06-12
002635,10463000000.0,2026-06-12
002636,65433000000.00001,2026-06-12
002637,5965000000.0,2026-06-12
002638,5789000000.0,2026-06-12
002639,11264000000.0,2026-06-12
002640,5453000000.0,2026-06-12
002641,5273000000.0,2026-06-12
002642,4572000000.0,2026-06-12
002643,13610000000.0,2026-06-12
002644,3840000000.0,2026-06-12
002645,22089000000.0,2026-06-12
002646,3335000000.0,2026-06-12
002932,3429999999.9999995,2026-06-12
002933,3350000000.0,2026-06-12
002935,9415000000.0,2026-06-12
002936,16184000000.0,2026-06-12
002937,11700000000.0,2026-06-12
002938,235276000000.00003,2026-06-12
002939,33082000000.0,2026-06-12
002940,5610000000.0,2026-06-12
002941,8013000000.0,2026-06-12
002942,2536000000.0,2026-06-12
002943,13312000000.0,2026-06-12
002945,37368000000.0,2026-06-12
002946,14287000000.0,2026-06-12
002947,21491000000.0,2026-06-12
002948,34864000000.0,2026-06-12
002949,2209000000.0,2026-06-12
002950,5794000000.0,2026-06-12
002951,6379000000.0,2026-06-12
002952,3815999999.9999995,2026-06-12
002953,4754000000.0,2026-06-12
002955,7651000000.000001,2026-06-12
002956,6873000000.0,2026-06-12
002957,21146000000.0,2026-06-12
002958,16444999999.999998,2026-06-12
002959,5353000000.0,2026-06-12
002960,9399000000.0,2026-06-12
002961,9305000000.0,2026-06-12
002962,5046000000.0,2026-06-12
002963,2882000000.0,2026-06-12
002965,10504000000.0,2026-06-12
002899,3618000000.0,2026-06-12
002900,3135000000.0,2026-06-12
002901,17451000000.0,2026-06-12
002902,7722000000.0,2026-06-12
002903,7108000000.0,2026-06-12
002905,2830000000.0,2026-06-12
002906,13375000000.0,2026-06-12
002907,4986000000.0,2026-06-12
002908,3055000000.0,2026-06-12
002909,2153000000.0,2026-06-12
002910,1977000000.0,2026-06-12
002911,13566000000.0,2026-06-12
002912,3290000000.0,2026-06-12
002913,17766000000.0,2026-06-12
002915,7255000000.0,2026-06-12
002916,258503000000.00003,2026-06-12
002917,4161000000.0,2026-06-12
002918,4763000000.0,2026-06-12
002919,5323000000.0,2026-06-12
002920,51892999999.99999,2026-06-12
002921,3456000000.0,2026-06-12
002922,14419000000.0,2026-06-12
002923,3372000000.0,2026-06-12
002925,16136000000.000002,2026-06-12
002926,21210000000.0,2026-06-12
002927,4502000000.0,2026-06-12
002928,8948000000.0,2026-06-12
002929,16781000000.0,2026-06-12
002930,4515000000.0,2026-06-12
002931,14096000000.0,2026-06-12
002998,2626000000.0,2026-06-12
002999,2096000000.0,2026-06-12
003000,4928000000.0,2026-06-12
003001,2761000000.0,2026-06-12
003002,4192000000.0,2026-06-12
003003,1985000000.0000002,2026-06-12
003005,3436000000.0,2026-06-12
003006,6659999999.999999,2026-06-12
003007,4686000000.0,2026-06-12
003008,1957000000.0,2026-06-12
003009,9985000000.0,2026-06-12
003010,7727000000.0,2026-06-12
003011,2005999999.9999998,2026-06-12
003012,5449000000.0,2026-06-12
003013,6888000000.0,2026-06-12
003015,3482000000.0,2026-06-12
003016,2923000000.0,2026-06-12
003017,2246000000.0,2026-06-12
003018,15210000000.0,2026-06-12
003019,5381000000.0,2026-06-12
003020,3542000000.0,2026-06-12
003021,26014999999.999996,2026-06-12
003022,33802999999.999996,2026-06-12
003023,2387000000.0,2026-06-12
003025,4614000000.0,2026-06-12
003026,6232000000.0,2026-06-12
003027,2675000000.0,2026-06-12
003028,3540999999.9999995,2026-06-12
003029,3465999999.9999995,2026-06-12
003030,2992000000.0,2026-06-12
003031,64952000000.0,2026-06-12
003033,3997000000.0,2026-06-12
003035,23258000000.0,2026-06-12
003036,17770000000.0,2026-06-12
003037,3750000000.0,2026-06-12
003038,3051000000.0,2026-06-12
003039,7614000000.0,2026-06-12
003040,5506000000.0,2026-06-12
003041,6509000000.0,2026-06-12
003042,1980000000.0,2026-06-12
003043,10919000000.0,2026-06-12
003816,220680000000.00003,2026-06-12
300001,37735000000.0,2026-06-12
300002,14301000000.0,2026-06-12
300003,21660000000.0,2026-06-12
300004,5606000000.0,2026-06-12
300005,12919999999.999998,2026-06-12
300006,5290000000.0,2026-06-12
300007,12838999999.999998,2026-06-12
300008,11440000000.0,2026-06-12
300009,13047999999.999998,2026-06-12
300010,5001000000.0,2026-06-12
300011,3633000000.0,2026-06-12
300012,23408000000.0,2026-06-12
300013,2273000000.0,2026-06-12
300014,125333999999.99998,2026-06-12
300015,78893000000.0,2026-06-12
300016,4415000000.0,2026-06-12
300017,35713000000.0,2026-06-12
300018,5674000000.0,2026-06-12
300019,6789000000.0,2026-06-12
300021,3865000000.0,2026-06-12
300022,3756000000.0,2026-06-12
300024,23484000000.0,2026-06-12
300025,2325000000.0,2026-06-12
300026,9223000000.0,2026-06-12
300027,4994000000.0,2026-06-12
300030,1997000000.0,2026-06-12
300031,10435000000.0,2026-06-12
300032,3213000000.0000005,2026-06-12
300033,156143000000.0,2026-06-12
300034,14027000000.000002,2026-06-12
300035,11741000000.0,2026-06-12
300036,6002000000.0,2026-06-12
300037,56014000000.0,2026-06-12
300039,4665000000.0,2026-06-12
300040,4072999999.9999995,2026-06-12
300041,7278000000.0,2026-06-12
300042,11934000000.0,2026-06-12
300043,5537000000.0,2026-06-12
300045,12081000000.0,2026-06-12
300046,6673000000.0,2026-06-12
300047,6154000000.0,2026-06-12
300048,6035000000.0,2026-06-12
300049,11259000000.0,2026-06-12
300050,3438000000.0000005,2026-06-12
300051,3564000000.0,2026-06-12
300053,11735000000.0,2026-06-12
300054,75266000000.0,2026-06-12
300055,6727000000.0,2026-06-12
300088,18633000000.0,2026-06-12
300091,8043000000.000001,2026-06-12
300092,3531000000.0,2026-06-12
300094,3170000000.0,2026-06-12
300095,3459000000.0000005,2026-06-12
300098,8619000000.0,2026-06-12
300099,5662000000.0,2026-06-12
300100,16519000000.0,2026-06-12
300101,9336000000.0,2026-06-12
300102,21370000000.0,2026-06-12
300103,2652000000.0,2026-06-12
300105,3502000000.0000005,2026-06-12
300106,2451000000.0,2026-06-12
300107,3427000000.0000005,2026-06-12
300109,8411000000.0,2026-06-12
300110,3168000000.0,2026-06-12
300111,4042000000.0,2026-06-12
300112,1947000000.0,2026-06-12
300113,13011000000.000002,2026-06-12
300115,40010000000.0,2026-06-12
300118,15310000000.0,2026-06-12
300119,7348000000.0,2026-06-12
300120,5238000000.0,2026-06-12
300121,5668000000.0,2026-06-12
300122,29587000000.0,2026-06-12
300123,4384000000.0,2026-06-12
300124,181843000000.0,2026-06-12
300126,1957000000.0,2026-06-12
300127,9132000000.0,2026-06-12
300128,7561000000.0,2026-06-12
300164,5390000000.0,2026-06-12
300166,16397999999.999998,2026-06-12
300168,6872000000.0,2026-06-12
300169,1782000000.0,2026-06-12
300170,17989000000.0,2026-06-12
300171,8508000000.0,2026-06-12
300172,3072000000.0,2026-06-12
300173,2660000000.0,2026-06-12
300174,8479000000.000001,2026-06-12
300176,2091000000.0,2026-06-12
300177,5083000000.0,2026-06-12
300179,19288000000.0,2026-06-12
300180,7837000000.0,2026-06-12
300181,9307000000.0,2026-06-12
300182,14678000000.0,2026-06-12
300183,4968000000.0,2026-06-12
300184,16328000000.0,2026-06-12
300185,11221000000.0,2026-06-12
300187,3293000000.0,2026-06-12
300188,8904000000.0,2026-06-12
300189,5028000000.0,2026-06-12
300190,3821000000.0,2026-06-12
300191,9533000000.0,2026-06-12
300192,5309000000.0,2026-06-12
300193,3715000000.0,2026-06-12
300194,4307000000.0,2026-06-12
300195,2352000000.0,2026-06-12
300196,10312000000.0,2026-06-12
300197,7354000000.000001,2026-06-12
300199,19308000000.0,2026-06-12
300269,2674000000.0,2026-06-12
300270,3464000000.0,2026-06-12
300271,4303000000.0,2026-06-12
300272,3510000000.0,2026-06-12
300274,308411000000.0,2026-06-12
300275,2809000000.0,2026-06-12
300276,10466000000.0,2026-06-12
300277,20398000000.0,2026-06-12
300278,6094000000.0,2026-06-12
300279,3277000000.0000005,2026-06-12
300281,2991000000.0,2026-06-12
300283,8190000000.000001,2026-06-12
300284,7438000000.0,2026-06-12
300285,56164000000.0,2026-06-12
300286,6663000000.0,2026-06-12
300287,4995000000.0,2026-06-12
300288,3278000000.0,2026-06-12
300289,3372999999.9999995,2026-06-12
300290,6237000000.0,2026-06-12
300291,4954000000.0,2026-06-12
300292,7366000000.0,2026-06-12
300293,5902000000.0,2026-06-12
300294,8445999999.999999,2026-06-12
300295,2010000000.0000002,2026-06-12
300296,17519000000.0,2026-06-12
300298,8241000000.0,2026-06-12
300299,3547999999.9999995,2026-06-12
300300,5882000000.0,2026-06-12
300302,20800000000.0,2026-06-12
300303,12213000000.0,2026-06-12
300129,10312000000.0,2026-06-12
300130,11896000000.0,2026-06-12
300131,19579000000.0,2026-06-12
300132,3332000000.0,2026-06-12
300133,13407000000.0,2026-06-12
300134,7406000000.0,2026-06-12
300135,3087000000.0,2026-06-12
300136,93719000000.0,2026-06-12
300138,4831000000.0,2026-06-12
300139,11577000000.0,2026-06-12
300140,16983000000.000002,2026-06-12
300141,2679000000.0,2026-06-12
300142,18488000000.0,2026-06-12
300143,6801000000.000001,2026-06-12
300144,16666999999.999998,2026-06-12
300145,9064000000.0,2026-06-12
300146,16731000000.0,2026-06-12
300148,2833000000.0,2026-06-12
300149,3924000000.0,2026-06-12
300150,2422000000.0,2026-06-12
300151,11028000000.0,2026-06-12
300153,7600000000.0,2026-06-12
300154,3929000000.0,2026-06-12
300155,2453000000.0,2026-06-12
300157,3151000000.0,2026-06-12
300158,5011000000.0,2026-06-12
300160,3571000000.0,2026-06-12
300161,5967000000.0,2026-06-12
300162,4174000000.0,2026-06-12
300163,2948000000.0,2026-06-12
300056,3188000000.0,2026-06-12
300057,8269000000.0,2026-06-12
300058,51555999999.99999,2026-06-12
300059,284800000000.0,2026-06-12
300061,5094000000.0,2026-06-12
300062,3879999999.9999995,2026-06-12
300063,7009000000.0,2026-06-12
300065,13385000000.0,2026-06-12
300066,5970000000.0,2026-06-12
300067,6049000000.0,2026-06-12
300068,3351000000.0,2026-06-12
300069,4088000000.0000005,2026-06-12
300070,12830000000.000002,2026-06-12
300071,3682000000.0,2026-06-12
300072,8600000000.0,2026-06-12
300073,27155000000.0,2026-06-12
300074,2113000000.0,2026-06-12
300075,7311000000.0,2026-06-12
300076,1768000000.0,2026-06-12
300077,14559000000.0,2026-06-12
300078,3554999999.9999995,2026-06-12
300079,6673999999.999999,2026-06-12
300080,7362000000.0,2026-06-12
300081,2353000000.0,2026-06-12
300082,6073000000.0,2026-06-12
300083,17147999999.999998,2026-06-12
300084,7019000000.0,2026-06-12
300085,18832000000.0,2026-06-12
300086,2826000000.0,2026-06-12
300087,6612000000.0,2026-06-12
300383,21823000000.0,2026-06-12
300384,3831000000.0,2026-06-12
300385,4824000000.0,2026-06-12
300386,4231000000.0,2026-06-12
300387,2182000000.0,2026-06-12
300388,4815000000.0,2026-06-12
300389,4876000000.0,2026-06-12
300390,79835000000.0,2026-06-12
300393,8848000000.0,2026-06-12
300394,306467000000.0,2026-06-12
300395,62555999999.99999,2026-06-12
300396,1893000000.0,2026-06-12
300397,6879000000.000001,2026-06-12
300398,22780000000.0,2026-06-12
300399,3602000000.0000005,2026-06-12
300400,9528000000.0,2026-06-12
300401,7556999999.999999,2026-06-12
300402,4047000000.0,2026-06-12
300403,6120000000.0,2026-06-12
300404,3229000000.0,2026-06-12
300405,1695000000.0,2026-06-12
300406,6766000000.0,2026-06-12
300407,4054999999.9999995,2026-06-12
300408,242437000000.0,2026-06-12
300409,16255000000.000002,2026-06-12
300410,3928000000.0,2026-06-12
300411,4480000000.0,2026-06-12
300412,2120000000.0,2026-06-12
300413,29838000000.0,2026-06-12
300414,3929000000.0,2026-06-12
300345,3529000000.0,2026-06-12
300346,41048000000.0,2026-06-12
300347,34286000000.0,2026-06-12
300348,7659000000.0,2026-06-12
300349,4685000000.0,2026-06-12
300350,2417000000.0,2026-06-12
300351,6168000000.0,2026-06-12
300352,3799000000.0,2026-06-12
300353,13688000000.0,2026-06-12
300354,4361000000.0,2026-06-12
300355,4765000000.0,2026-06-12
300357,11184000000.0,2026-06-12
300358,5664000000.0,2026-06-12
300359,2470000000.0,2026-06-12
300360,6453000000.0,2026-06-12
300363,7706000000.0,2026-06-12
300364,15969000000.0,2026-06-12
300365,2873000000.0,2026-06-12
300368,4618000000.0,2026-06-12
300369,4734000000.0,2026-06-12
300370,3585000000.0,2026-06-12
300371,2175000000.0,2026-06-12
300373,52530999999.99999,2026-06-12
300374,2870000000.0,2026-06-12
300375,3282000000.0,2026-06-12
300377,11175000000.0,2026-06-12
300378,9575000000.0,2026-06-12
300380,4165999999.9999995,2026-06-12
300381,2790000000.0,2026-06-12
300382,9356000000.0,2026-06-12
300304,13497000000.0,2026-06-12
300305,2692000000.0,2026-06-12
300306,2797000000.0,2026-06-12
300307,6565000000.000001,2026-06-12
300308,1281405000000.0,2026-06-12
300310,4064000000.0,2026-06-12
300314,2805000000.0,2026-06-12
300315,11101000000.0,2026-06-12
300316,61653000000.0,2026-06-12
300317,3918000000.0,2026-06-12
300318,3790000000.0,2026-06-12
300319,17379000000.0,2026-06-12
300320,4912000000.0,2026-06-12
300321,3571000000.0,2026-06-12
300322,12978000000.0,2026-06-12
300323,23793000000.0,2026-06-12
300324,6686000000.0,2026-06-12
300327,8783000000.0,2026-06-12
300328,12469000000.0,2026-06-12
300329,3080000000.0,2026-06-12
300331,17113999999.999998,2026-06-12
300332,3899000000.0,2026-06-12
300333,3236000000.0,2026-06-12
300334,4051000000.0,2026-06-12
300335,2562000000.0,2026-06-12
300337,9822000000.0,2026-06-12
300339,31745000000.0,2026-06-12
300340,2598000000.0,2026-06-12
300341,7331999999.999999,2026-06-12
300342,22688000000.0,2026-06-12
300200,3961000000.0,2026-06-12
300201,18233000000.0,2026-06-12
300203,5627000000.0,2026-06-12
300204,10057000000.0,2026-06-12
300206,7825000000.0,2026-06-12
300207,37356000000.0,2026-06-12
300209,24210000000.0,2026-06-12
300210,4726000000.0,2026-06-12
300212,7005000000.0,2026-06-12
300213,4060000000.0,2026-06-12
300214,3333000000.0,2026-06-12
300215,5236000000.0,2026-06-12
300217,6740000000.000001,2026-06-12
300218,2784000000.0,2026-06-12
300219,5678000000.0,2026-06-12
300220,1754000000.0,2026-06-12
300221,7263000000.0,2026-06-12
300222,9168000000.0,2026-06-12
300223,70422000000.0,2026-06-12
300224,11652000000.0,2026-06-12
300226,6470999999.999999,2026-06-12
300227,5823000000.0,2026-06-12
300228,4588000000.0,2026-06-12
300229,13235000000.0,2026-06-12
300230,3757000000.0,2026-06-12
300231,3728000000.0,2026-06-12
300232,6383000000.0,2026-06-12
300233,4798000000.0,2026-06-12
300234,5434000000.0,2026-06-12
300235,3615000000.0,2026-06-12
300236,30000000000.0,2026-06-12
300238,2914000000.0,2026-06-12
300239,2867000000.0,2026-06-12
300240,2066000000.0,2026-06-12
300241,4420000000.0,2026-06-12
300242,2976000000.0,2026-06-12
300243,5063000000.0,2026-06-12
300244,12368000000.0,2026-06-12
300245,1757000000.0,2026-06-12
300246,4197000000.0,2026-06-12
300247,3304999999.9999995,2026-06-12
300248,3972999999.9999995,2026-06-12
300249,6766000000.0,2026-06-12
300250,3290000000.0,2026-06-12
300251,33179000000.000004,2026-06-12
300252,11337000000.0,2026-06-12
300253,15805000000.000002,2026-06-12
300254,2415000000.0,2026-06-12
300255,32433999999.999996,2026-06-12
300256,6283000000.0,2026-06-12
300257,25924000000.0,2026-06-12
300258,6898000000.0,2026-06-12
300259,6340000000.0,2026-06-12
300260,29827000000.0,2026-06-12
300261,4662000000.0,2026-06-12
300263,15980000000.000002,2026-06-12
300264,3921000000.0,2026-06-12
300265,9614000000.0,2026-06-12
300266,3154000000.0,2026-06-12
300267,7116000000.0,2026-06-12
300415,9779000000.0,2026-06-12
300416,9128000000.0,2026-06-12
300417,1519000000.0,2026-06-12
300418,47829000000.0,2026-06-12
300420,7011000000.0,2026-06-12
300421,5931000000.0,2026-06-12
300422,2621000000.0,2026-06-12
300423,2945000000.0,2026-06-12
300424,4479000000.0,2026-06-12
300425,2818000000.0,2026-06-12
300426,2567000000.0,2026-06-12
300427,3554999999.9999995,2026-06-12
300428,12903000000.0,2026-06-12
300429,7968000000.000001,2026-06-12
300430,1292000000.0,2026-06-12
300432,38606000000.0,2026-06-12
300433,217167000000.0,2026-06-12
300434,3692000000.0,2026-06-12
300435,7437000000.0,2026-06-12
300436,13858000000.000002,2026-06-12
300437,2935000000.0,2026-06-12
300438,37841000000.0,2026-06-12
300439,3313000000.0000005,2026-06-12
300440,8439000000.0,2026-06-12
300441,3899000000.0,2026-06-12
300442,120173000000.0,2026-06-12
300443,7078000000.0,2026-06-12
300444,9985000000.0,2026-06-12
300445,4835000000.0,2026-06-12
300446,13662000000.0,2026-06-12
300546,3034000000.0,2026-06-12
300547,7125000000.0,2026-06-12
300548,66011000000.0,2026-06-12
300549,1975000000.0,2026-06-12
300550,3760000000.0,2026-06-12
300551,3669000000.0,2026-06-12
300552,5571000000.0,2026-06-12
300553,7081000000.0,2026-06-12
300554,3269000000.0,2026-06-12
300556,2531000000.0,2026-06-12
300557,4582000000.0,2026-06-12
300558,22661000000.0,2026-06-12
300559,4227000000.0000005,2026-06-12
300560,4011000000.0,2026-06-12
300562,2551000000.0,2026-06-12
300563,4845000000.0,2026-06-12
300564,2028000000.0,2026-06-12
300565,2882000000.0,2026-06-12
300566,8455000000.0,2026-06-12
300567,54914000000.0,2026-06-12
300568,24452000000.0,2026-06-12
300569,4981000000.0,2026-06-12
300570,42037000000.0,2026-06-12
300571,5440000000.0,2026-06-12
300572,6125000000.0,2026-06-12
300573,13375000000.0,2026-06-12
300575,2699000000.0,2026-06-12
300576,18216000000.0,2026-06-12
300577,3772999999.9999995,2026-06-12
300578,3720000000.0000005,2026-06-12
300579,5805000000.0,2026-06-12
300580,11619000000.0,2026-06-12
300581,7239000000.0,2026-06-12
300582,4194000000.0,2026-06-12
300583,2295000000.0,2026-06-12
300584,3739000000.0,2026-06-12
300585,3024000000.0,2026-06-12
300586,9381000000.0,2026-06-12
300587,6076000000.0,2026-06-12
300588,3525000000.0,2026-06-12
300589,4902000000.0,2026-06-12
300590,6581999999.999999,2026-06-12
300591,2872000000.0,2026-06-12
300592,5386000000.0,2026-06-12
300593,18255000000.0,2026-06-12
300594,1387000000.0,2026-06-12
300595,10126000000.0,2026-06-12
300596,8944000000.0,2026-06-12
300597,2172000000.0,2026-06-12
300598,6695999999.999999,2026-06-12
300599,4917000000.0,2026-06-12
300600,3139000000.0,2026-06-12
300601,13124000000.0,2026-06-12
300602,24223000000.0,2026-06-12
300603,3914000000.0,2026-06-12
300604,141551000000.0,2026-06-12
300605,1726000000.0000002,2026-06-12
300606,5364000000.0,2026-06-12
300607,15425000000.0,2026-06-12
300608,4036999999.9999995,2026-06-12
300512,3082000000.0,2026-06-12
300513,2359000000.0,2026-06-12
300514,2055999999.9999998,2026-06-12
300515,3029000000.0,2026-06-12
300516,9115000000.0,2026-06-12
300517,2004000000.0,2026-06-12
300518,5274000000.0,2026-06-12
300519,2086000000.0,2026-06-12
300520,8395999999.999999,2026-06-12
300521,4288000000.0000005,2026-06-12
300522,3711000000.0,2026-06-12
300523,4606000000.0,2026-06-12
300525,6963000000.0,2026-06-12
300528,5295000000.0,2026-06-12
300529,13369000000.0,2026-06-12
300530,3195000000.0,2026-06-12
300531,4807000000.0,2026-06-12
300532,4284000000.0000005,2026-06-12
300533,4865000000.0,2026-06-12
300534,2311000000.0,2026-06-12
300535,1632999999.9999998,2026-06-12
300536,2818000000.0,2026-06-12
300537,5411000000.0,2026-06-12
300538,3034000000.0,2026-06-12
300539,5955000000.0,2026-06-12
300540,5829000000.0,2026-06-12
300541,4408000000.0,2026-06-12
300542,3633000000.0,2026-06-12
300543,2491000000.0,2026-06-12
300545,6098000000.0,2026-06-12
300480,13376000000.0,2026-06-12
300481,4947000000.0,2026-06-12
300482,9245000000.0,2026-06-12
300483,7570999999.999999,2026-06-12
300484,2933000000.0,2026-06-12
300485,4085000000.0,2026-06-12
300486,11213000000.0,2026-06-12
300487,27147000000.000004,2026-06-12
300488,7247000000.0,2026-06-12
300489,22663000000.0,2026-06-12
300490,5597000000.0,2026-06-12
300491,5101000000.0,2026-06-12
300492,7322000000.0,2026-06-12
300493,6806000000.0,2026-06-12
300494,4532000000.0,2026-06-12
300496,27601000000.0,2026-06-12
300497,8494000000.0,2026-06-12
300498,86035000000.0,2026-06-12
300499,10427000000.0,2026-06-12
300500,1776000000.0000002,2026-06-12
300501,3640999999.9999995,2026-06-12
300502,706135000000.0,2026-06-12
300503,24319000000.0,2026-06-12
300504,4591000000.0,2026-06-12
300505,6281000000.0,2026-06-12
300507,5685000000.0,2026-06-12
300508,5135000000.0,2026-06-12
300509,2730000000.0,2026-06-12
300510,2837000000.0,2026-06-12
300511,3602000000.0000005,2026-06-12
300447,4900000000.0,2026-06-12
300448,4512000000.0,2026-06-12
300449,2972000000.0,2026-06-12
300450,68961000000.0,2026-06-12
300451,5499000000.0,2026-06-12
300452,2849000000.0,2026-06-12
300453,4887000000.0,2026-06-12
300454,42237000000.0,2026-06-12
300455,16997000000.0,2026-06-12
300456,28029000000.000004,2026-06-12
300457,14941999999.999998,2026-06-12
300458,30147000000.000004,2026-06-12
300459,12868000000.0,2026-06-12
300460,2421000000.0,2026-06-12
300461,6628000000.0,2026-06-12
300463,5164000000.0,2026-06-12
300464,3500000000.0,2026-06-12
300465,7229000000.000001,2026-06-12
300466,4086000000.0,2026-06-12
300467,6665000000.000001,2026-06-12
300468,12216000000.0,2026-06-12
300469,13000000000.0,2026-06-12
300470,6395000000.0,2026-06-12
300471,4302000000.0,2026-06-12
300473,5140000000.0,2026-06-12
300474,26617000000.0,2026-06-12
300475,88039000000.0,2026-06-12
300476,321577000000.0,2026-06-12
300478,4890000000.0,2026-06-12
300479,2804000000.0,2026-06-12
300609,3868000000.0,2026-06-12
300610,2257000000.0,2026-06-12
300611,5574000000.0,2026-06-12
300612,2232000000.0,2026-06-12
300613,13584000000.0,2026-06-12
300614,1914000000.0,2026-06-12
300615,2121000000.0,2026-06-12
300616,2982000000.0,2026-06-12
300617,9056000000.0,2026-06-12
300618,11490000000.0,2026-06-12
300619,6548999999.999999,2026-06-12
300620,71236000000.0,2026-06-12
300621,1486000000.0,2026-06-12
300622,4820000000.0,2026-06-12
300623,26460000000.000004,2026-06-12
300624,10111000000.0,2026-06-12
300625,2782000000.0,2026-06-12
300626,6390000000.0,2026-06-12
300627,24489000000.0,2026-06-12
300628,43201000000.0,2026-06-12
300629,5242000000.0,2026-06-12
300631,3222000000.0,2026-06-12
300632,7739000000.0,2026-06-12
300633,8381999999.999999,2026-06-12
300634,9543000000.0,2026-06-12
300635,1844000000.0000002,2026-06-12
300636,2856000000.0,2026-06-12
300637,2343000000.0,2026-06-12
300638,17707000000.0,2026-06-12
300639,3439000000.0,2026-06-12
300770,7715000000.000001,2026-06-12
300771,2676000000.0,2026-06-12
300772,9875000000.0,2026-06-12
300773,17568000000.0,2026-06-12
300774,5412000000.0,2026-06-12
300775,12643000000.0,2026-06-12
300776,38310000000.0,2026-06-12
300777,12686000000.0,2026-06-12
300778,2110000000.0000002,2026-06-12
300779,16306000000.0,2026-06-12
300780,3668000000.0,2026-06-12
300781,4603000000.0,2026-06-12
300782,51611000000.0,2026-06-12
300783,6969000000.0,2026-06-12
300784,2609000000.0,2026-06-12
300785,7726000000.000001,2026-06-12
300786,3820000000.0000005,2026-06-12
300787,2846000000.0,2026-06-12
300788,4708000000.0,2026-06-12
300789,2727000000.0,2026-06-12
300790,11747000000.0,2026-06-12
300791,5272000000.0,2026-06-12
300792,6909000000.0,2026-06-12
300793,4643000000.0,2026-06-12
300795,2810000000.0,2026-06-12
300796,2611000000.0,2026-06-12
300797,5282000000.0,2026-06-12
300798,3590000000.0,2026-06-12
300800,2420000000.0,2026-06-12
300801,5756000000.0,2026-06-12
300640,1866000000.0,2026-06-12
300641,8871000000.0,2026-06-12
300642,2105000000.0,2026-06-12
300643,3885000000.0,2026-06-12
300644,2793000000.0,2026-06-12
300645,1893000000.0,2026-06-12
300647,2726000000.0,2026-06-12
300648,7933000000.0,2026-06-12
300649,3284000000.0000005,2026-06-12
300650,2945000000.0,2026-06-12
300651,2948000000.0,2026-06-12
300652,5140000000.0,2026-06-12
300653,2664000000.0,2026-06-12
300654,3475000000.0,2026-06-12
300655,16911000000.000002,2026-06-12
300656,6142000000.0,2026-06-12
300657,22612000000.0,2026-06-12
300658,4126000000.0,2026-06-12
300659,2721000000.0,2026-06-12
300660,17124000000.0,2026-06-12
300661,69168000000.0,2026-06-12
300662,3779000000.0,2026-06-12
300663,3497000000.0,2026-06-12
300664,3615000000.0,2026-06-12
300665,2532000000.0,2026-06-12
300666,72719000000.0,2026-06-12
300667,3747000000.0,2026-06-12
300668,6498000000.0,2026-06-12
300669,5427000000.0,2026-06-12
300670,1984000000.0,2026-06-12
300701,2841000000.0,2026-06-12
300702,6775000000.0,2026-06-12
300703,2699000000.0,2026-06-12
300705,5278000000.0,2026-06-12
300706,11032000000.0,2026-06-12
300707,2156000000.0,2026-06-12
300708,7577000000.0,2026-06-12
300709,9002000000.0,2026-06-12
300710,3721000000.0,2026-06-12
300711,5034000000.0,2026-06-12
300712,3925000000.0,2026-06-12
300713,2182000000.0,2026-06-12
300715,7478000000.0,2026-06-12
300717,1798000000.0,2026-06-12
300718,19869000000.0,2026-06-12
300719,3561999999.9999995,2026-06-12
300720,14322000000.0,2026-06-12
300721,4879000000.0,2026-06-12
300722,6916000000.0,2026-06-12
300723,15841000000.0,2026-06-12
300724,24433000000.0,2026-06-12
300725,7494000000.0,2026-06-12
300726,24850000000.0,2026-06-12
300727,5575000000.0,2026-06-12
300729,3597000000.0,2026-06-12
300730,3207000000.0,2026-06-12
300731,10031000000.0,2026-06-12
300732,2353000000.0,2026-06-12
300733,5644000000.0,2026-06-12
300735,15260000000.0,2026-06-12
300671,10852000000.0,2026-06-12
300672,58249000000.0,2026-06-12
300673,3378000000.0,2026-06-12
300674,11307000000.0,2026-06-12
300675,1973999999.9999998,2026-06-12
300676,14311000000.000002,2026-06-12
300677,29516000000.000004,2026-06-12
300678,6766000000.0,2026-06-12
300679,22940000000.0,2026-06-12
300680,7439000000.0,2026-06-12
300681,9273000000.0,2026-06-12
300682,12270000000.0,2026-06-12
300683,3268000000.0,2026-06-12
300684,15793000000.0,2026-06-12
300685,6623999999.999999,2026-06-12
300686,4663000000.0,2026-06-12
300687,9275000000.0,2026-06-12
300688,4258000000.0,2026-06-12
300689,6544000000.0,2026-06-12
300690,3988000000.0000005,2026-06-12
300691,4321000000.0,2026-06-12
300692,4487000000.0,2026-06-12
300693,14229000000.0,2026-06-12
300694,2201000000.0,2026-06-12
300695,5836000000.0,2026-06-12
300696,9554000000.0,2026-06-12
300697,7159999999.999999,2026-06-12
300698,4181000000.0,2026-06-12
300699,23403000000.0,2026-06-12
300700,8782000000.0,2026-06-12
300736,3654000000.0,2026-06-12
300737,7181999999.999999,2026-06-12
300738,18788000000.0,2026-06-12
300739,10423000000.0,2026-06-12
300740,8315000000.000001,2026-06-12
300741,8930000000.0,2026-06-12
300743,2453000000.0,2026-06-12
300745,6822000000.0,2026-06-12
300746,2404000000.0,2026-06-12
300747,26933999999.999996,2026-06-12
300748,41529000000.0,2026-06-12
300749,4350000000.0,2026-06-12
300750,1826824000000.0002,2026-06-12
300751,59405999999.99999,2026-06-12
300752,4107000000.0,2026-06-12
300753,2584000000.0,2026-06-12
300755,6198000000.0,2026-06-12
300756,6584000000.0,2026-06-12
300757,100565000000.0,2026-06-12
300758,4901000000.0,2026-06-12
300759,41118000000.0,2026-06-12
300760,183127000000.0,2026-06-12
300761,15146000000.0,2026-06-12
300762,23021000000.0,2026-06-12
300763,36116000000.0,2026-06-12
300765,32629000000.000004,2026-06-12
300766,9166000000.0,2026-06-12
300767,5277000000.0,2026-06-12
300768,9046000000.0,2026-06-12
300769,18061000000.0,2026-06-12
300802,6636000000.0,2026-06-12
300803,52564000000.0,2026-06-12
300804,2815000000.0,2026-06-12
300805,3413000000.0000005,2026-06-12
300806,36522000000.0,2026-06-12
300807,2769000000.0,2026-06-12
300808,3718000000.0,2026-06-12
300809,7718000000.000001,2026-06-12
300810,3053000000.0,2026-06-12
300811,33652999999.999996,2026-06-12
300812,5164000000.0,2026-06-12
300813,2442000000.0,2026-06-12
300814,32030000000.0,2026-06-12
300815,7537000000.0,2026-06-12
300816,6292000000.0,2026-06-12
300817,3868000000.0,2026-06-12
300818,4774000000.0,2026-06-12
300819,8934000000.0,2026-06-12
300820,14662000000.0,2026-06-12
300821,19824000000.0,2026-06-12
300822,4056000000.0,2026-06-12
300823,2054000000.0,2026-06-12
300824,2660000000.0,2026-06-12
300825,7547000000.0,2026-06-12
300826,3385000000.0,2026-06-12
300827,16829000000.0,2026-06-12
300828,3012000000.0,2026-06-12
300829,3647999999.9999995,2026-06-12
300830,3988000000.0000005,2026-06-12
300831,5427000000.0,2026-06-12
300832,34242000000.0,2026-06-12
300833,3981000000.0,2026-06-12
300834,8733000000.0,2026-06-12
300835,21155000000.0,2026-06-12
300836,6028000000.0,2026-06-12
300837,2678000000.0,2026-06-12
300838,2003000000.0,2026-06-12
300839,4333000000.0,2026-06-12
300840,4886000000.0,2026-06-12
300841,5877000000.0,2026-06-12
300842,11008000000.0,2026-06-12
300843,15243000000.0,2026-06-12
300844,2329000000.0,2026-06-12
300845,2817000000.0,2026-06-12
300846,10726000000.0,2026-06-12
300847,4192000000.0,2026-06-12
300848,6042000000.0,2026-06-12
300849,3379999999.9999995,2026-06-12
300850,12336000000.0,2026-06-12
300851,2144000000.0000002,2026-06-12
300852,8387000000.0,2026-06-12
300853,5597000000.0,2026-06-12
300854,4406000000.0,2026-06-12
300855,12756000000.0,2026-06-12
300856,5732000000.0,2026-06-12
300857,109471000000.0,2026-06-12
300858,4074000000.0,2026-06-12
300859,4695000000.0,2026-06-12
300860,4836000000.0,2026-06-12
300861,12516000000.0,2026-06-12
300893,9517000000.0,2026-06-12
300894,4839000000.0,2026-06-12
300895,7393000000.000001,2026-06-12
300896,28525000000.0,2026-06-12
300897,3083000000.0,2026-06-12
300898,2532000000.0,2026-06-12
300900,10795000000.0,2026-06-12
300901,3442000000.0,2026-06-12
300902,2713000000.0,2026-06-12
300903,30489999999.999996,2026-06-12
300904,3322000000.0,2026-06-12
300905,10243000000.0,2026-06-12
300906,2217000000.0,2026-06-12
300907,4486000000.0,2026-06-12
300908,3513000000.0000005,2026-06-12
300909,8078000000.0,2026-06-12
300910,12334000000.0,2026-06-12
300911,4028000000.0,2026-06-12
300912,2904000000.0,2026-06-12
300913,17194000000.0,2026-06-12
300915,2726000000.0,2026-06-12
300916,3436999999.9999995,2026-06-12
300917,4418000000.0,2026-06-12
300918,6185000000.0,2026-06-12
300919,49601000000.0,2026-06-12
300920,5028000000.0,2026-06-12
300921,4455000000.0,2026-06-12
300922,3825000000.0,2026-06-12
300923,1839000000.0,2026-06-12
300925,7717000000.0,2026-06-12
300959,13166000000.0,2026-06-12
300960,2499000000.0,2026-06-12
300961,2001000000.0000002,2026-06-12
300962,3506000000.0,2026-06-12
300963,6320000000.0,2026-06-12
300964,6664000000.0,2026-06-12
300965,2891000000.0,2026-06-12
300966,3063000000.0,2026-06-12
300967,3528000000.0,2026-06-12
300968,4283000000.0,2026-06-12
300969,16130000000.000002,2026-06-12
300970,3410000000.0,2026-06-12
300971,2336000000.0,2026-06-12
300972,37809000000.0,2026-06-12
300973,4339000000.0,2026-06-12
300975,24732000000.0,2026-06-12
300976,12540000000.0,2026-06-12
300977,2548000000.0,2026-06-12
300978,3897000000.0,2026-06-12
300979,39235000000.0,2026-06-12
300980,3626000000.0,2026-06-12
300981,4726000000.0,2026-06-12
300982,3643000000.0,2026-06-12
300983,6124000000.0,2026-06-12
300984,7781999999.999999,2026-06-12
300985,5836000000.0,2026-06-12
300986,7547000000.0,2026-06-12
300987,2382000000.0,2026-06-12
300988,3239000000.0,2026-06-12
300989,2998000000.0,2026-06-12
300990,14043000000.0,2026-06-12
300991,5406000000.0,2026-06-12
300992,2450000000.0,2026-06-12
300993,3165000000.0,2026-06-12
300994,2781000000.0,2026-06-12
300995,2619000000.0,2026-06-12
300996,4275000000.0,2026-06-12
300997,7286000000.0,2026-06-12
300998,3710000000.0,2026-06-12
300999,139335000000.0,2026-06-12
301000,6961000000.0,2026-06-12
301001,1973999999.9999998,2026-06-12
301002,5686000000.0,2026-06-12
301003,4857000000.0,2026-06-12
301004,5264000000.0,2026-06-12
301005,19067000000.0,2026-06-12
301006,1989000000.0,2026-06-12
301007,4982000000.0,2026-06-12
301008,3190000000.0,2026-06-12
301009,2490000000.0,2026-06-12
301010,1982999999.9999998,2026-06-12
301011,2471000000.0,2026-06-12
301012,5267000000.0,2026-06-12
301013,11891000000.0,2026-06-12
301015,10707000000.0,2026-06-12
301016,4351000000.0,2026-06-12
301017,5407000000.0,2026-06-12
301018,36754000000.0,2026-06-12
301019,3317000000.0,2026-06-12
301020,3402000000.0000005,2026-06-12
300862,3875000000.0,2026-06-12
300863,16469000000.0,2026-06-12
300864,3454000000.0,2026-06-12
300865,2411000000.0,2026-06-12
300866,61699000000.0,2026-06-12
300867,5294000000.0,2026-06-12
300868,14459000000.0,2026-06-12
300869,4392000000.0,2026-06-12
300870,41804000000.0,2026-06-12
300871,4484000000.0,2026-06-12
300872,8620000000.0,2026-06-12
300873,5336000000.0,2026-06-12
300875,3278000000.0,2026-06-12
300876,2632000000.0,2026-06-12
300877,3247000000.0,2026-06-12
300878,4355000000.0,2026-06-12
300879,3643000000.0,2026-06-12
300880,4677000000.0,2026-06-12
300881,4454000000.0,2026-06-12
300882,4339000000.0,2026-06-12
300883,2201000000.0,2026-06-12
300884,2625000000.0,2026-06-12
300885,6176000000.0,2026-06-12
300886,1721000000.0,2026-06-12
300887,4344000000.0,2026-06-12
300888,16299000000.0,2026-06-12
300889,5415000000.0,2026-06-12
300890,4011000000.0,2026-06-12
300891,2708000000.0,2026-06-12
300892,2200000000.0,2026-06-12
301087,10615000000.0,2026-06-12
301088,3020000000.0,2026-06-12
301089,2797000000.0,2026-06-12
301090,10234000000.0,2026-06-12
301091,9607000000.0,2026-06-12
301092,6296000000.0,2026-06-12
301093,19836000000.0,2026-06-12
301095,18806000000.0,2026-06-12
301096,5901000000.0,2026-06-12
301097,2919000000.0,2026-06-12
301098,1755000000.0,2026-06-12
301099,9928000000.0,2026-06-12
301100,3086000000.0,2026-06-12
301101,5991000000.0,2026-06-12
301102,3885000000.0,2026-06-12
301103,2601000000.0,2026-06-12
301105,2434000000.0,2026-06-12
301106,2768000000.0,2026-06-12
301107,3627000000.0000005,2026-06-12
301108,2707000000.0,2026-06-12
301109,10448000000.0,2026-06-12
301110,5045000000.0,2026-06-12
301111,4277000000.0000005,2026-06-12
301112,3315000000.0,2026-06-12
301113,2014999999.9999998,2026-06-12
301115,5588000000.0,2026-06-12
301116,4476000000.0,2026-06-12
301117,4579000000.0,2026-06-12
301118,3181000000.0,2026-06-12
301119,3336999999.9999995,2026-06-12
300926,8339000000.0,2026-06-12
300927,3690999999.9999995,2026-06-12
300928,2391000000.0,2026-06-12
300929,1464000000.0,2026-06-12
300930,3265000000.0,2026-06-12
300931,3417000000.0,2026-06-12
300932,3796000000.0,2026-06-12
300933,3578000000.0,2026-06-12
300935,2389000000.0,2026-06-12
300936,8228000000.0,2026-06-12
300937,2073999999.9999998,2026-06-12
300938,12782000000.0,2026-06-12
300939,6254000000.0,2026-06-12
300940,3569000000.0,2026-06-12
300941,3086000000.0,2026-06-12
300942,2588000000.0,2026-06-12
300943,6333000000.0,2026-06-12
300945,3147000000.0,2026-06-12
300946,7098000000.0,2026-06-12
300947,2185000000.0,2026-06-12
300948,4165000000.0,2026-06-12
300949,1982999999.9999998,2026-06-12
300950,2635000000.0,2026-06-12
300951,7277000000.0,2026-06-12
300952,4825000000.0,2026-06-12
300953,33270000000.0,2026-06-12
300955,4108000000.0,2026-06-12
300956,2561000000.0,2026-06-12
300957,14424000000.0,2026-06-12
300958,1845000000.0,2026-06-12
301053,5777000000.0,2026-06-12
301055,5008000000.0,2026-06-12
301056,3286999999.9999995,2026-06-12
301057,3123000000.0,2026-06-12
301058,4354000000.0,2026-06-12
301059,3306000000.0,2026-06-12
301060,3447999999.9999995,2026-06-12
301061,11234000000.0,2026-06-12
301062,2717000000.0,2026-06-12
301063,1980999999.9999998,2026-06-12
301065,2066000000.0,2026-06-12
301066,3215999999.9999995,2026-06-12
301067,3364000000.0,2026-06-12
301068,3669000000.0,2026-06-12
301069,10264000000.0,2026-06-12
301070,8812000000.0,2026-06-12
301071,17493000000.0,2026-06-12
301072,3608000000.0,2026-06-12
301073,3969000000.0,2026-06-12
301075,5280000000.0,2026-06-12
301076,6279000000.0,2026-06-12
301077,3975000000.0,2026-06-12
301078,9662000000.0,2026-06-12
301079,3610000000.0,2026-06-12
301080,6212000000.0,2026-06-12
301081,3770000000.0000005,2026-06-12
301082,2886000000.0,2026-06-12
301083,2524000000.0,2026-06-12
301085,5121000000.0,2026-06-12
301086,20549000000.0,2026-06-12
301120,6653000000.0,2026-06-12
301121,3503000000.0,2026-06-12
301122,2946000000.0,2026-06-12
301123,21911000000.0,2026-06-12
301125,3133000000.0,2026-06-12
301126,1997000000.0,2026-06-12
301127,8256999999.999999,2026-06-12
301128,23734000000.0,2026-06-12
301129,3150000000.0,2026-06-12
301130,2013000000.0,2026-06-12
301131,1961000000.0,2026-06-12
301132,5288000000.0,2026-06-12
301133,4905000000.0,2026-06-12
301135,2234000000.0,2026-06-12
301136,3451000000.0,2026-06-12
301137,6698000000.0,2026-06-12
301138,3227000000.0000005,2026-06-12
301139,573000000.0,2026-06-12
301141,6016000000.0,2026-06-12
301148,6583000000.0,2026-06-12
301149,5053000000.0,2026-06-12
301150,14997000000.0,2026-06-12
301151,3302000000.0000005,2026-06-12
301152,2998000000.0,2026-06-12
301153,6334000000.0,2026-06-12
301155,10085000000.0,2026-06-12
301156,2312000000.0,2026-06-12
301157,3952000000.0000005,2026-06-12
301158,2902000000.0,2026-06-12
301159,2491000000.0,2026-06-12
301160,7056999999.999999,2026-06-12
301161,4242000000.0,2026-06-12
301162,7458000000.0,2026-06-12
301163,2011000000.0,2026-06-12
301165,62364000000.0,2026-06-12
301166,2344000000.0,2026-06-12
301167,1577000000.0,2026-06-12
301168,5220000000.0,2026-06-12
301169,5317000000.0,2026-06-12
301170,2393000000.0,2026-06-12
301171,21710000000.0,2026-06-12
301172,4957000000.0,2026-06-12
301173,2920000000.0,2026-06-12
301175,7756999999.999999,2026-06-12
301176,9569000000.0,2026-06-12
301177,10831000000.0,2026-06-12
301178,3503000000.0,2026-06-12
301179,8084000000.0,2026-06-12
301180,5580000000.0,2026-06-12
301181,4203000000.0,2026-06-12
301182,7877000000.0,2026-06-12
301183,17720000000.0,2026-06-12
301185,2524000000.0,2026-06-12
301186,4809000000.0,2026-06-12
301187,4176000000.0,2026-06-12
301188,14035000000.0,2026-06-12
301189,10601000000.0,2026-06-12
301190,4110000000.0,2026-06-12
301191,8897000000.0,2026-06-12
301192,2201000000.0,2026-06-12
301021,13522999999.999998,2026-06-12
301022,2511000000.0,2026-06-12
301023,2761000000.0,2026-06-12
301024,2651000000.0,2026-06-12
301025,3622999999.9999995,2026-06-12
301026,4901000000.0,2026-06-12
301027,2734000000.0,2026-06-12
301028,6126000000.0,2026-06-12
301029,18328000000.0,2026-06-12
301030,2574000000.0,2026-06-12
301031,17248000000.0,2026-06-12
301032,2537000000.0,2026-06-12
301033,3228000000.0,2026-06-12
301035,18998000000.0,2026-06-12
301036,2365000000.0,2026-06-12
301037,1935000000.0000002,2026-06-12
301038,4194000000.0,2026-06-12
301039,14524000000.0,2026-06-12
301040,3057000000.0,2026-06-12
301041,3500000000.0,2026-06-12
301042,7355000000.0,2026-06-12
301043,3044000000.0,2026-06-12
301045,5847000000.0,2026-06-12
301046,4750000000.0,2026-06-12
301047,7313000000.0,2026-06-12
301048,4875000000.0,2026-06-12
301049,1898999999.9999998,2026-06-12
301050,8512000000.0,2026-06-12
301051,4434000000.0,2026-06-12
301052,2538000000.0,2026-06-12
301269,51582000000.00001,2026-06-12
301270,2975000000.0,2026-06-12
301272,2142000000.0000002,2026-06-12
301273,3209000000.0000005,2026-06-12
301275,19756000000.0,2026-06-12
301276,3386000000.0,2026-06-12
301277,3646000000.0,2026-06-12
301278,2915000000.0,2026-06-12
301279,4014000000.0,2026-06-12
301280,7665000000.000001,2026-06-12
301281,5028000000.0,2026-06-12
301282,5337000000.0,2026-06-12
301283,3049000000.0,2026-06-12
301285,21899000000.0,2026-06-12
301286,24842000000.0,2026-06-12
301287,2448000000.0,2026-06-12
301289,3775000000.0,2026-06-12
301290,2880000000.0,2026-06-12
301291,13296000000.0,2026-06-12
301292,15266000000.0,2026-06-12
301293,10940000000.0,2026-06-12
301295,4583000000.0,2026-06-12
301296,2823000000.0,2026-06-12
301297,32742000000.0,2026-06-12
301298,1939000000.0,2026-06-12
301299,2940000000.0,2026-06-12
301300,2246000000.0,2026-06-12
301301,19290000000.0,2026-06-12
301302,5034000000.0,2026-06-12
301303,6349000000.0,2026-06-12
301337,2888000000.0,2026-06-12
301338,21160000000.0,2026-06-12
301339,6372000000.0,2026-06-12
301345,22620000000.0,2026-06-12
301348,7205000000.0,2026-06-12
301349,8018000000.000001,2026-06-12
301353,2394000000.0,2026-06-12
301355,2029000000.0,2026-06-12
301356,4949000000.0,2026-06-12
301357,8588000000.0,2026-06-12
301358,61277000000.0,2026-06-12
301359,2222000000.0,2026-06-12
301360,4847000000.0,2026-06-12
301361,3736000000.0,2026-06-12
301362,27397000000.000004,2026-06-12
301363,13969000000.0,2026-06-12
301365,5715000000.0,2026-06-12
301366,9521000000.0,2026-06-12
301367,5419000000.0,2026-06-12
301368,5229000000.0,2026-06-12
301369,18190000000.0,2026-06-12
301370,4217000000.0,2026-06-12
301371,14126000000.0,2026-06-12
301372,2383000000.0,2026-06-12
301373,14369999999.999998,2026-06-12
301376,6468000000.000001,2026-06-12
301377,193899000000.0,2026-06-12
301378,2583000000.0,2026-06-12
301379,6511000000.0,2026-06-12
301380,2977000000.0,2026-06-12
301381,7670000000.0,2026-06-12
301382,10381000000.0,2026-06-12
301383,4396000000.0,2026-06-12
301386,2922000000.0,2026-06-12
301387,10404000000.0,2026-06-12
301388,2674000000.0,2026-06-12
301389,26363000000.0,2026-06-12
301390,1825000000.0,2026-06-12
301391,5986000000.0,2026-06-12
301392,16416000000.0,2026-06-12
301393,5396000000.0,2026-06-12
301395,2783000000.0,2026-06-12
301396,37087000000.0,2026-06-12
301397,4826000000.0,2026-06-12
301398,4181000000.0,2026-06-12
301399,3188000000.0,2026-06-12
301408,6300000000.0,2026-06-12
301413,10659000000.0,2026-06-12
301418,3314000000.0,2026-06-12
301419,5730000000.0,2026-06-12
301421,10862000000.0,2026-06-12
301428,3764000000.0,2026-06-12
301429,2154000000.0,2026-06-12
301439,6645999999.999999,2026-06-12
301446,4502000000.0,2026-06-12
301448,4040999999.9999995,2026-06-12
301449,3661000000.0,2026-06-12
301456,3947000000.0,2026-06-12
301458,12747000000.0,2026-06-12
301459,3597999999.9999995,2026-06-12
301468,8552000000.0,2026-06-12
301469,2785000000.0,2026-06-12
301479,7644000000.0,2026-06-12
301486,26444000000.0,2026-06-12
301487,9698000000.0,2026-06-12
301488,13257000000.0,2026-06-12
301489,16301000000.0,2026-06-12
301491,5676000000.0,2026-06-12
301498,16719999999.999998,2026-06-12
301499,4402000000.0,2026-06-12
301500,15847000000.0,2026-06-12
301501,4004999999.9999995,2026-06-12
301502,4518000000.0,2026-06-12
301503,2386000000.0,2026-06-12
301505,2111000000.0,2026-06-12
301507,4439000000.0,2026-06-12
301508,5666000000.0,2026-06-12
301509,3224000000.0,2026-06-12
301510,13019999999.999998,2026-06-12
301511,87148000000.0,2026-06-12
301512,2791000000.0,2026-06-12
301515,2020000000.0,2026-06-12
301516,4309000000.0,2026-06-12
301517,7952000000.0,2026-06-12
301518,4366000000.0,2026-06-12
301519,1995000000.0,2026-06-12
301520,2338000000.0,2026-06-12
301522,10208000000.0,2026-06-12
301525,6404000000.000001,2026-06-12
301193,5179000000.0,2026-06-12
301195,4728000000.0,2026-06-12
301196,20028000000.0,2026-06-12
301197,3454999999.9999995,2026-06-12
301198,2423000000.0,2026-06-12
301199,3454000000.0,2026-06-12
301200,135455000000.0,2026-06-12
301201,5133000000.0,2026-06-12
301202,4691000000.0,2026-06-12
301203,3589000000.0,2026-06-12
301205,39537000000.0,2026-06-12
301206,4856000000.0,2026-06-12
301207,10572000000.0,2026-06-12
301208,3397000000.0,2026-06-12
301209,9533000000.0,2026-06-12
301210,4530000000.0,2026-06-12
301211,3984000000.0000005,2026-06-12
301212,2786000000.0,2026-06-12
301213,5370000000.0,2026-06-12
301215,6884000000.0,2026-06-12
301216,14221000000.0,2026-06-12
301217,117554000000.0,2026-06-12
301218,4347000000.0,2026-06-12
301219,21768000000.0,2026-06-12
301220,4004000000.0,2026-06-12
301221,3829000000.0,2026-06-12
301222,4602000000.0,2026-06-12
301223,3121000000.0,2026-06-12
301225,9153000000.0,2026-06-12
301226,3668000000.0,2026-06-12
301227,3524000000.0,2026-06-12
301228,9150000000.0,2026-06-12
301229,2536000000.0,2026-06-12
301230,4810000000.0,2026-06-12
301231,2751000000.0,2026-06-12
301232,12300000000.0,2026-06-12
301233,2712000000.0,2026-06-12
301234,2720000000.0,2026-06-12
301235,7145999999.999999,2026-06-12
301236,41149000000.0,2026-06-12
301237,4882000000.0,2026-06-12
301238,16097000000.0,2026-06-12
301239,4972000000.0,2026-06-12
301246,10920000000.0,2026-06-12
301248,10315000000.0,2026-06-12
301251,8731000000.0,2026-06-12
301252,6667000000.0,2026-06-12
301255,3589000000.0,2026-06-12
301256,5645000000.0,2026-06-12
301257,3235000000.0,2026-06-12
301258,2295000000.0,2026-06-12
301259,5121000000.0,2026-06-12
301260,7337000000.0,2026-06-12
301261,7297000000.0,2026-06-12
301262,8336000000.0,2026-06-12
301263,9625000000.0,2026-06-12
301265,7917000000.0,2026-06-12
301266,3510000000.0,2026-06-12
301267,13919000000.0,2026-06-12
301268,6350000000.0,2026-06-12
301305,6934999999.999999,2026-06-12
301306,11405000000.0,2026-06-12
301307,12364000000.0,2026-06-12
301308,217830000000.00003,2026-06-12
301309,3247999999.9999995,2026-06-12
301310,5815000000.0,2026-06-12
301311,3479999999.9999995,2026-06-12
301312,13309000000.0,2026-06-12
301313,6135000000.0,2026-06-12
301314,2709000000.0,2026-06-12
301315,3515999999.9999995,2026-06-12
301316,14201000000.0,2026-06-12
301317,8936000000.0,2026-06-12
301318,2813000000.0,2026-06-12
301319,24850000000.0,2026-06-12
301320,2594000000.0,2026-06-12
301321,6246000000.0,2026-06-12
301322,7781999999.999999,2026-06-12
301323,10958000000.0,2026-06-12
301325,5140000000.0,2026-06-12
301326,9767000000.0,2026-06-12
301327,8958000000.0,2026-06-12
301328,8176000000.000001,2026-06-12
301329,4047000000.0,2026-06-12
301330,6185000000.0,2026-06-12
301331,2341000000.0,2026-06-12
301332,3928000000.0,2026-06-12
301333,4438000000.0,2026-06-12
301335,2742000000.0,2026-06-12
301336,1938000000.0,2026-06-12
301584,9028000000.0,2026-06-12
301585,2615000000.0,2026-06-12
301586,2946000000.0,2026-06-12
301587,3501000000.0,2026-06-12
301588,4408000000.0,2026-06-12
301589,13472999999.999998,2026-06-12
301590,6514000000.0,2026-06-12
301591,5298000000.0,2026-06-12
301592,7968000000.000001,2026-06-12
301595,4681000000.0,2026-06-12
301596,5983000000.0,2026-06-12
301598,3064000000.0,2026-06-12
301600,9407000000.0,2026-06-12
301601,2485000000.0,2026-06-12
301602,6665000000.000001,2026-06-12
301603,14704000000.0,2026-06-12
301606,25836000000.0,2026-06-12
301607,8857000000.0,2026-06-12
301608,6483000000.0,2026-06-12
301609,6108000000.0,2026-06-12
301611,47328000000.0,2026-06-12
301613,5567000000.0,2026-06-12
301616,2912000000.0,2026-06-12
301617,9213000000.0,2026-06-12
301618,4754000000.0,2026-06-12
301622,6620000000.0,2026-06-12
301626,33745999999.999996,2026-06-12
301628,8195999999.999999,2026-06-12
301629,15856000000.0,2026-06-12
301526,107244000000.0,2026-06-12
301528,5502000000.0,2026-06-12
301529,12059000000.0,2026-06-12
301533,2556000000.0,2026-06-12
301535,6290000000.0,2026-06-12
301536,38372000000.0,2026-06-12
301538,6781999999.999999,2026-06-12
301539,2208000000.0,2026-06-12
301548,6281000000.0,2026-06-12
301550,31845000000.0,2026-06-12
301551,8840000000.0,2026-06-12
301552,3116000000.0,2026-06-12
301555,3818000000.0,2026-06-12
301556,5518000000.0,2026-06-12
301557,5204000000.0,2026-06-12
301558,5254000000.0,2026-06-12
301559,8064000000.0,2026-06-12
301560,3621000000.0,2026-06-12
301563,14522000000.0,2026-06-12
301565,10652000000.0,2026-06-12
301566,12212000000.0,2026-06-12
301567,2776000000.0,2026-06-12
301568,9081000000.0,2026-06-12
301571,12122000000.0,2026-06-12
301575,3501000000.0,2026-06-12
301577,4052000000.0000005,2026-06-12
301578,2378000000.0,2026-06-12
301580,6905000000.0,2026-06-12
301581,3529000000.0,2026-06-12
301630,11160000000.0,2026-06-12
301631,9552000000.0,2026-06-12
301632,7337000000.0,2026-06-12
301633,2662000000.0,2026-06-12
301636,2968000000.0,2026-06-12
301638,78219000000.0,2026-06-12
301656,46100000000.0,2026-06-12
301658,12214000000.0,2026-06-12
301662,10439000000.0,2026-06-12
301665,10080000000.0,2026-06-12
301667,8522000000.0,2026-06-12
301668,3881000000.0,2026-06-12
301678,15008000000.000002,2026-06-12
301687,7973000000.0,2026-06-12
600000,322067000000.0,2026-06-12
600004,21288000000.0,2026-06-12
600006,11560000000.0,2026-06-12
600007,19924000000.0,2026-06-12
600008,23196000000.0,2026-06-12
600009,60416000000.0,2026-06-12
600010,108090000000.00002,2026-06-12
600011,126370000000.0,2026-06-12
600012,28123000000.0,2026-06-12
600015,111245000000.0,2026-06-12
600182,4736000000.0,2026-06-12
600183,367477000000.0,2026-06-12
600184,14597000000.0,2026-06-12
600185,9463000000.0,2026-06-12
600186,20742000000.0,2026-06-12
600187,2453000000.0,2026-06-12
600188,230346000000.0,2026-06-12
600189,5614000000.0,2026-06-12
600191,5315000000.0,2026-06-12
600192,3017000000.0,2026-06-12
600195,6893000000.000001,2026-06-12
600196,59711000000.0,2026-06-12
600197,4983000000.0,2026-06-12
600198,11980000000.0,2026-06-12
600199,4473000000.0,2026-06-12
600201,13652000000.000002,2026-06-12
600202,1947000000.0,2026-06-12
600203,6594000000.0,2026-06-12
600206,27927999999.999996,2026-06-12
600207,6601000000.000001,2026-06-12
600208,25272000000.0,2026-06-12
600210,10010000000.0,2026-06-12
600211,11794000000.0,2026-06-12
600212,4147000000.0,2026-06-12
600215,2851000000.0,2026-06-12
600216,11549000000.0,2026-06-12
600217,5222000000.0,2026-06-12
600218,3497999999.9999995,2026-06-12
600219,54317999999.99999,2026-06-12
600221,66120000000.00001,2026-06-12
600138,5356000000.0,2026-06-12
600141,41039000000.0,2026-06-12
600143,42826000000.0,2026-06-12
600148,2344000000.0,2026-06-12
600149,1946000000.0,2026-06-12
600150,262569000000.0,2026-06-12
600151,16722999999.999998,2026-06-12
600152,5555000000.0,2026-06-12
600153,27662000000.0,2026-06-12
600155,11909000000.0,2026-06-12
600156,3659000000.0000005,2026-06-12
600157,37090000000.0,2026-06-12
600158,8070000000.0,2026-06-12
600159,2183000000.0,2026-06-12
600160,114442000000.0,2026-06-12
600161,25449000000.0,2026-06-12
600162,11341000000.0,2026-06-12
600163,11856000000.0,2026-06-12
600166,24544000000.0,2026-06-12
600167,13463999999.999998,2026-06-12
600168,4431000000.0,2026-06-12
600170,21504000000.0,2026-06-12
600171,18659000000.0,2026-06-12
600172,17061000000.000002,2026-06-12
600173,4581000000.0,2026-06-12
600176,166571000000.0,2026-06-12
600177,34722000000.0,2026-06-12
600178,4683000000.0,2026-06-12
600179,19296000000.0,2026-06-12
600180,1434000000.0,2026-06-12
600057,17545000000.0,2026-06-12
600058,11041000000.0,2026-06-12
600059,7256000000.0,2026-06-12
600060,36187000000.0,2026-06-12
600061,41305000000.0,2026-06-12
600062,17832000000.0,2026-06-12
600063,15332000000.0,2026-06-12
600064,12960000000.0,2026-06-12
600066,63872000000.0,2026-06-12
600067,4843000000.0,2026-06-12
600071,4646000000.0,2026-06-12
600072,14616000000.0,2026-06-12
600073,4717000000.0,2026-06-12
600075,8112000000.0,2026-06-12
600076,4666000000.0,2026-06-12
600078,8697000000.0,2026-06-12
600079,28270000000.0,2026-06-12
600080,1784000000.0,2026-06-12
600081,5586000000.0,2026-06-12
600082,1971000000.0,2026-06-12
600084,4798000000.0,2026-06-12
600085,34218000000.0,2026-06-12
600088,5655000000.0,2026-06-12
600089,116366000000.00002,2026-06-12
600094,9067000000.0,2026-06-12
600095,22473000000.0,2026-06-12
600096,53961000000.0,2026-06-12
600097,2089000000.0,2026-06-12
600098,24506000000.0,2026-06-12
600099,1992000000.0000002,2026-06-12
600312,25089000000.0,2026-06-12
600313,6852000000.0,2026-06-12
600315,12564000000.0,2026-06-12
600316,19843000000.0,2026-06-12
600318,3265999999.9999995,2026-06-12
600319,2741000000.0,2026-06-12
600320,23129000000.0,2026-06-12
600322,2963000000.0,2026-06-12
600323,24852000000.0,2026-06-12
600325,7238000000.0,2026-06-12
600326,9769000000.0,2026-06-12
600327,3097000000.0,2026-06-12
600328,9927000000.0,2026-06-12
600329,29495000000.0,2026-06-12
600330,34845000000.0,2026-06-12
600331,34816000000.0,2026-06-12
600332,35263000000.0,2026-06-12
600333,3336999999.9999995,2026-06-12
600335,7869000000.0,2026-06-12
600336,5698000000.0,2026-06-12
600337,4167000000.0,2026-06-12
600338,16337000000.0,2026-06-12
600339,18480000000.0,2026-06-12
600340,5178000000.0,2026-06-12
600343,16006000000.0,2026-06-12
600345,18943000000.0,2026-06-12
600346,122903000000.0,2026-06-12
600348,32683999999.999996,2026-06-12
600350,54147000000.0,2026-06-12
600351,4353000000.0,2026-06-12
600016,158930000000.0,2026-06-12
600017,8273999999.999999,2026-06-12
600018,117331000000.0,2026-06-12
600019,131128000000.0,2026-06-12
600020,8900000000.0,2026-06-12
600021,48525000000.0,2026-06-12
600022,14229000000.0,2026-06-12
600023,83939000000.0,2026-06-12
600025,183703000000.0,2026-06-12
600026,95741000000.0,2026-06-12
600027,59452000000.0,2026-06-12
600028,597372000000.0,2026-06-12
600029,95498000000.0,2026-06-12
600030,389632000000.0,2026-06-12
600031,173878000000.0,2026-06-12
600032,20728000000.0,2026-06-12
600033,9770000000.0,2026-06-12
600035,6102000000.0,2026-06-12
600036,992149000000.0,2026-06-12
600037,9227000000.0,2026-06-12
600038,23392000000.0,2026-06-12
600039,71739000000.0,2026-06-12
600048,62366000000.0,2026-06-12
600050,136626000000.0,2026-06-12
600051,1962000000.0,2026-06-12
600052,3081000000.0,2026-06-12
600053,3386000000.0,2026-06-12
600054,8095999999.999999,2026-06-12
600055,8134000000.0,2026-06-12
600056,13687000000.0,2026-06-12
600222,4534000000.0,2026-06-12
600223,5784000000.0,2026-06-12
600226,22308000000.0,2026-06-12
600227,4847000000.0,2026-06-12
600229,4090000000.0,2026-06-12
600230,6056000000.0,2026-06-12
600231,5428000000.0,2026-06-12
600232,2593000000.0,2026-06-12
600233,58772000000.0,2026-06-12
600234,6403000000.0,2026-06-12
600235,1985000000.0000002,2026-06-12
600236,78036000000.0,2026-06-12
600237,6122000000.0,2026-06-12
600239,2280000000.0,2026-06-12
600241,2160000000.0,2026-06-12
600246,31224000000.0,2026-06-12
600248,11294000000.0,2026-06-12
600249,2827000000.0,2026-06-12
600250,2759000000.0,2026-06-12
600251,7661000000.0,2026-06-12
600252,6878000000.0,2026-06-12
600255,7495999999.999999,2026-06-12
600256,42187000000.0,2026-06-12
600257,2440000000.0,2026-06-12
600258,14237000000.0,2026-06-12
600259,31605000000.0,2026-06-12
600261,4259000000.0000005,2026-06-12
600262,3643000000.0,2026-06-12
600266,9196000000.0,2026-06-12
600267,11988000000.0,2026-06-12
600268,12556000000.0,2026-06-12
600269,9809000000.0,2026-06-12
600271,13118000000.0,2026-06-12
600272,2918000000.0,2026-06-12
600273,9140000000.0,2026-06-12
600276,321838000000.0,2026-06-12
600278,5378000000.0,2026-06-12
600279,5270000000.0,2026-06-12
600280,3306000000.0,2026-06-12
600281,2521000000.0,2026-06-12
600282,29839000000.0,2026-06-12
600283,4677000000.0,2026-06-12
600284,5142000000.0,2026-06-12
600285,11813000000.0,2026-06-12
600287,2139999999.9999998,2026-06-12
600288,5351000000.0,2026-06-12
600292,63557000000.00001,2026-06-12
600293,3956000000.0,2026-06-12
600295,38343000000.0,2026-06-12
600298,31850000000.0,2026-06-12
600299,31291000000.000004,2026-06-12
600300,4965000000.0,2026-06-12
600301,39852000000.0,2026-06-12
600302,3729999999.9999995,2026-06-12
600303,2078000000.0,2026-06-12
600305,7600000000.0,2026-06-12
600307,9833000000.0,2026-06-12
600308,5097000000.0,2026-06-12
600309,224361000000.0,2026-06-12
600310,6786000000.0,2026-06-12
600395,11935000000.0,2026-06-12
600396,25772000000.000004,2026-06-12
600397,14572000000.0,2026-06-12
600398,28625000000.0,2026-06-12
600399,8519000000.0,2026-06-12
600400,5980000000.0,2026-06-12
600403,17333000000.0,2026-06-12
600405,2611000000.0,2026-06-12
600406,186658000000.0,2026-06-12
600408,2900000000.0,2026-06-12
600409,12737000000.0,2026-06-12
600410,19134000000.0,2026-06-12
600415,61964000000.0,2026-06-12
600416,14404000000.0,2026-06-12
600418,71029000000.0,2026-06-12
600419,2534000000.0,2026-06-12
600420,11682000000.0,2026-06-12
600422,6472000000.0,2026-06-12
600423,1980999999.9999998,2026-06-12
600425,5681000000.0,2026-06-12
600426,59928000000.0,2026-06-12
600428,21924000000.0,2026-06-12
600429,6609000000.0,2026-06-12
600433,6178000000.0,2026-06-12
600435,18602000000.0,2026-06-12
600436,72133000000.0,2026-06-12
600438,61677000000.0,2026-06-12
600439,2570000000.0,2026-06-12
600444,2080999999.9999998,2026-06-12
600446,10853000000.0,2026-06-12
600448,1826000000.0000002,2026-06-12
600449,6169000000.0,2026-06-12
600452,16211000000.000002,2026-06-12
600455,1523000000.0,2026-06-12
600456,14238000000.0,2026-06-12
600458,14585000000.0,2026-06-12
600459,20574000000.0,2026-06-12
600460,53500000000.0,2026-06-12
600461,12174000000.0,2026-06-12
600463,2700000000.0,2026-06-12
600467,3200000000.0,2026-06-12
600468,6244000000.0,2026-06-12
600469,5055000000.0,2026-06-12
600470,3124000000.0,2026-06-12
600475,13986000000.000002,2026-06-12
600476,1639999999.9999998,2026-06-12
600477,6110000000.0,2026-06-12
600478,9277000000.0,2026-06-12
600479,4848000000.0,2026-06-12
600480,11794000000.0,2026-06-12
600481,10403000000.0,2026-06-12
600482,70815000000.0,2026-06-12
600483,32277000000.0,2026-06-12
600486,22614000000.0,2026-06-12
600487,239240000000.0,2026-06-12
600488,5197000000.0,2026-06-12
600489,104266000000.00002,2026-06-12
600490,15711000000.000002,2026-06-12
600491,2004000000.0,2026-06-12
600493,1637000000.0,2026-06-12
600352,37283000000.0,2026-06-12
600353,23779000000.0,2026-06-12
600354,2845000000.0,2026-06-12
600356,2814000000.0,2026-06-12
600359,2457000000.0,2026-06-12
600361,15416000000.0,2026-06-12
600362,149071000000.0,2026-06-12
600363,14869999999.999998,2026-06-12
600366,14594999999.999998,2026-06-12
600367,18090000000.0,2026-06-12
600368,6084000000.0,2026-06-12
600369,26514000000.0,2026-06-12
600370,5873000000.0,2026-06-12
600371,2089000000.0,2026-06-12
600372,53904999999.99999,2026-06-12
600373,10361000000.0,2026-06-12
600375,6316000000.0,2026-06-12
600376,8771000000.0,2026-06-12
600377,63173000000.0,2026-06-12
600378,73723000000.0,2026-06-12
600379,3922999999.9999995,2026-06-12
600380,18368000000.0,2026-06-12
600382,5659000000.0,2026-06-12
600383,11332000000.0,2026-06-12
600386,2822000000.0,2026-06-12
600388,21934000000.0,2026-06-12
600389,9965000000.0,2026-06-12
600390,20916000000.0,2026-06-12
600391,11558000000.0,2026-06-12
600392,45223000000.0,2026-06-12
600495,4591000000.0,2026-06-12
600496,7642000000.0,2026-06-12
600497,46775000000.0,2026-06-12
600498,85741000000.0,2026-06-12
600499,30033999999.999996,2026-06-12
600500,28455000000.0,2026-06-12
600501,7577000000.0,2026-06-12
600502,8033000000.0,2026-06-12
600503,3942000000.0,2026-06-12
600505,5341000000.0,2026-06-12
600506,4079000000.0,2026-06-12
600507,9924000000.0,2026-06-12
600508,9497000000.0,2026-06-12
600509,11174000000.0,2026-06-12
600510,7926000000.000001,2026-06-12
600511,21013000000.0,2026-06-12
600512,3302000000.0000005,2026-06-12
600513,4539000000.0,2026-06-12
600515,34047000000.000004,2026-06-12
600516,22948000000.0,2026-06-12
600517,27963000000.0,2026-06-12
600518,19360000000.0,2026-06-12
600519,1614993000000.0,2026-06-12
600520,4260000000.0,2026-06-12
600521,21635000000.0,2026-06-12
600522,165869000000.0,2026-06-12
600523,4585000000.0,2026-06-12
600526,3990000000.0,2026-06-12
600527,4018000000.0,2026-06-12
600528,15816999999.999998,2026-06-12
600100,23821000000.0,2026-06-12
600101,5013000000.0,2026-06-12
600103,7843000000.000001,2026-06-12
600104,125528000000.0,2026-06-12
600105,75000000000.0,2026-06-12
600106,6645000000.0,2026-06-12
600108,6989000000.0,2026-06-12
600109,31458999999.999996,2026-06-12
600110,22453000000.0,2026-06-12
600111,178693000000.0,2026-06-12
600113,15099000000.0,2026-06-12
600114,24352000000.0,2026-06-12
600115,86142000000.0,2026-06-12
600116,11989000000.0,2026-06-12
600117,7389000000.0,2026-06-12
600118,92234000000.0,2026-06-12
600119,1768000000.0,2026-06-12
600120,15266999999.999998,2026-06-12
600121,5495000000.0,2026-06-12
600123,10298000000.0,2026-06-12
600125,7128000000.0,2026-06-12
600126,22796000000.0,2026-06-12
600127,3747999999.9999995,2026-06-12
600128,2200000000.0,2026-06-12
600129,7383000000.0,2026-06-12
600131,18263000000.0,2026-06-12
600132,24421000000.0,2026-06-12
600133,8519000000.0,2026-06-12
600135,5030000000.0,2026-06-12
600137,1826000000.0000002,2026-06-12
600529,12051000000.0,2026-06-12
600530,4750000000.0,2026-06-12
600531,15829000000.0,2026-06-12
600533,2300000000.0,2026-06-12
600535,21528000000.0,2026-06-12
600536,27845999999.999996,2026-06-12
600537,3054000000.0,2026-06-12
600538,3040000000.0,2026-06-12
600539,3758000000.0,2026-06-12
600540,2593000000.0,2026-06-12
600543,1355000000.0,2026-06-12
600545,9726000000.0,2026-06-12
600546,26307000000.0,2026-06-12
600547,128109999999.99998,2026-06-12
600548,21952000000.0,2026-06-12
600549,102876000000.0,2026-06-12
600550,22338000000.0,2026-06-12
600551,5031000000.0,2026-06-12
600552,17948000000.0,2026-06-12
600556,8840000000.0,2026-06-12
600557,6862000000.0,2026-06-12
600558,4865000000.0,2026-06-12
600559,11297000000.0,2026-06-12
600560,2684000000.0,2026-06-12
600561,1587000000.0,2026-06-12
600562,26750000000.0,2026-06-12
600563,32175000000.0,2026-06-12
600566,24986000000.0,2026-06-12
600567,9083000000.0,2026-06-12
600569,5371000000.0,2026-06-12
600720,12735000000.0,2026-06-12
600721,2988000000.0,2026-06-12
600722,7028000000.0,2026-06-12
600724,9596000000.0,2026-06-12
600725,4646000000.0,2026-06-12
600726,63970000000.00001,2026-06-12
600727,4090999999.9999995,2026-06-12
600728,9789000000.0,2026-06-12
600729,8835000000.0,2026-06-12
600730,7937000000.0,2026-06-12
600731,3102000000.0,2026-06-12
600732,26889000000.0,2026-06-12
600733,36866000000.0,2026-06-12
600734,4117000000.0,2026-06-12
600736,9141000000.0,2026-06-12
600737,28575000000.0,2026-06-12
600738,3121000000.0,2026-06-12
600739,15710000000.0,2026-06-12
600740,9787000000.0,2026-06-12
600741,52492999999.99999,2026-06-12
600742,5870000000.0,2026-06-12
600743,5279000000.0,2026-06-12
600744,14766000000.0,2026-06-12
600745,21607000000.0,2026-06-12
600746,7206000000.0,2026-06-12
600748,7470000000.0,2026-06-12
600749,3681000000.0,2026-06-12
600750,15611000000.000002,2026-06-12
600751,9133000000.0,2026-06-12
600754,21358000000.0,2026-06-12
600683,9171000000.0,2026-06-12
600684,3794000000.0,2026-06-12
600685,36737000000.0,2026-06-12
600686,9300000000.0,2026-06-12
600688,30679000000.000004,2026-06-12
600689,2229000000.0,2026-06-12
600690,198149000000.0,2026-06-12
600691,6296000000.0,2026-06-12
600692,2258000000.0,2026-06-12
600693,7645999999.999999,2026-06-12
600694,5553000000.0,2026-06-12
600697,1748000000.0,2026-06-12
600698,7384000000.0,2026-06-12
600699,37001000000.0,2026-06-12
600702,12668000000.0,2026-06-12
600703,69447000000.0,2026-06-12
600704,24667000000.0,2026-06-12
600706,1972000000.0,2026-06-12
600707,35382000000.0,2026-06-12
600708,6441000000.0,2026-06-12
600710,14479000000.0,2026-06-12
600711,40178000000.0,2026-06-12
600712,2925000000.0,2026-06-12
600713,6541000000.0,2026-06-12
600714,8083000000.0,2026-06-12
600715,6942000000.0,2026-06-12
600716,3510000000.0,2026-06-12
600717,12473000000.0,2026-06-12
600718,9380000000.0,2026-06-12
600719,3488000000.0000005,2026-06-12
600755,11971000000.0,2026-06-12
600756,4615000000.0,2026-06-12
600757,9806000000.0,2026-06-12
600758,5381000000.0,2026-06-12
600759,10207000000.0,2026-06-12
600760,126474000000.0,2026-06-12
600761,14794000000.0,2026-06-12
600763,15458000000.000002,2026-06-12
600764,13672999999.999998,2026-06-12
600765,21766000000.0,2026-06-12
600768,2045000000.0,2026-06-12
600769,5910000000.0,2026-06-12
600770,7501000000.000001,2026-06-12
600771,6902000000.0,2026-06-12
600773,14788000000.0,2026-06-12
600774,2104000000.0,2026-06-12
600775,9312000000.0,2026-06-12
600776,18966000000.0,2026-06-12
600778,1791000000.0,2026-06-12
600779,14152000000.000002,2026-06-12
600780,7613000000.0,2026-06-12
600782,8438000000.0,2026-06-12
600783,15862000000.0,2026-06-12
600784,4770000000.0,2026-06-12
600785,3422999999.9999995,2026-06-12
600787,9917000000.0,2026-06-12
600789,7484000000.0,2026-06-12
600790,5629000000.0,2026-06-12
600791,5498000000.0,2026-06-12
600792,4551000000.0,2026-06-12
600643,6452000000.0,2026-06-12
600644,5725000000.0,2026-06-12
600645,8760000000.0,2026-06-12
600648,12076000000.0,2026-06-12
600649,9242000000.0,2026-06-12
600650,5671000000.0,2026-06-12
600651,15443000000.0,2026-06-12
600653,3231000000.0,2026-06-12
600654,8259000000.0,2026-06-12
600655,17199000000.0,2026-06-12
600657,7843000000.000001,2026-06-12
600658,4866000000.0,2026-06-12
600660,136620000000.0,2026-06-12
600661,2284000000.0,2026-06-12
600662,9773000000.0,2026-06-12
600663,33483999999.999996,2026-06-12
600664,7958000000.0,2026-06-12
600665,3447999999.9999995,2026-06-12
600666,11941000000.0,2026-06-12
600667,34343000000.0,2026-06-12
600668,3097000000.0,2026-06-12
600671,2005999999.9999998,2026-06-12
600673,94681000000.0,2026-06-12
600674,76044000000.0,2026-06-12
600675,14571000000.0,2026-06-12
600676,6706000000.0,2026-06-12
600678,2094000000.0000002,2026-06-12
600679,4875000000.0,2026-06-12
600681,4773000000.0,2026-06-12
600682,7842000000.0,2026-06-12
600570,41111000000.0,2026-06-12
600571,4878000000.0,2026-06-12
600572,10478000000.0,2026-06-12
600573,3397999999.9999995,2026-06-12
600575,28595999999.999996,2026-06-12
600576,6517000000.0,2026-06-12
600577,24845000000.0,2026-06-12
600578,50143000000.0,2026-06-12
600579,3263000000.0000005,2026-06-12
600580,53253000000.0,2026-06-12
600581,3940000000.0,2026-06-12
600582,21893000000.0,2026-06-12
600583,24317000000.0,2026-06-12
600584,123326000000.0,2026-06-12
600585,99150000000.0,2026-06-12
600586,6477000000.0,2026-06-12
600587,7729000000.000001,2026-06-12
600588,34170000000.0,2026-06-12
600589,13882000000.0,2026-06-12
600590,10064000000.0,2026-06-12
600592,6217000000.0,2026-06-12
600593,5400000000.0,2026-06-12
600594,2605000000.0,2026-06-12
600595,27655000000.0,2026-06-12
600596,19380000000.0,2026-06-12
600597,9360000000.0,2026-06-12
600598,25421000000.0,2026-06-12
600600,82616000000.0,2026-06-12
600601,55089000000.0,2026-06-12
600602,23387000000.0,2026-06-12
600908,12268000000.0,2026-06-12
600909,36928000000.0,2026-06-12
600916,13003000000.0,2026-06-12
600917,7930000000.0,2026-06-12
600918,42284000000.0,2026-06-12
600919,218196999999.99997,2026-06-12
600925,30518000000.0,2026-06-12
600926,121348000000.0,2026-06-12
600927,18165000000.0,2026-06-12
600928,16000000000.0,2026-06-12
600929,8381000000.0,2026-06-12
600930,242360000000.0,2026-06-12
600933,15184000000.0,2026-06-12
600935,8376000000.000001,2026-06-12
600936,8088000000.0,2026-06-12
600938,1585599000000.0,2026-06-12
600939,5137000000.0,2026-06-12
600941,2062146000000.0,2026-06-12
600955,8613000000.0,2026-06-12
600956,37681000000.0,2026-06-12
600958,78509000000.0,2026-06-12
600959,15752000000.000002,2026-06-12
600960,3897000000.0,2026-06-12
600961,27262000000.0,2026-06-12
600962,6873000000.0,2026-06-12
600963,6327000000.0,2026-06-12
600965,2251000000.0,2026-06-12
600966,7206000000.0,2026-06-12
600967,20388000000.0,2026-06-12
600968,39542000000.0,2026-06-12
601005,11065000000.0,2026-06-12
601006,100506000000.0,2026-06-12
601007,2621000000.0,2026-06-12
601008,5546000000.0,2026-06-12
601009,146261000000.0,2026-06-12
601010,2938000000.0,2026-06-12
601011,5594000000.0,2026-06-12
601012,102001000000.0,2026-06-12
601015,6984999999.999999,2026-06-12
601016,25523000000.0,2026-06-12
601018,65755999999.99999,2026-06-12
601019,14713000000.0,2026-06-12
601020,17695000000.0,2026-06-12
601021,44563000000.0,2026-06-12
601022,10103000000.0,2026-06-12
601026,10049000000.0,2026-06-12
601033,12474000000.0,2026-06-12
601038,13259000000.0,2026-06-12
601058,40805000000.0,2026-06-12
601059,49099000000.0,2026-06-12
601061,55615000000.0,2026-06-12
601065,4757000000.0,2026-06-12
601066,197485000000.0,2026-06-12
601068,15118000000.0,2026-06-12
601069,23795000000.0,2026-06-12
601077,79499000000.0,2026-06-12
601083,14300000000.0,2026-06-12
601086,4742000000.0,2026-06-12
601088,1000750000000.0,2026-06-12
601089,7958000000.0,2026-06-12
600969,3456000000.0,2026-06-12
600970,22023000000.0,2026-06-12
600971,9528000000.0,2026-06-12
600973,8763000000.0,2026-06-12
600975,5936000000.0,2026-06-12
600976,4057000000.0,2026-06-12
600977,25708999999.999996,2026-06-12
600979,5968000000.0,2026-06-12
600980,4097000000.0,2026-06-12
600981,6167000000.0,2026-06-12
600982,6158000000.0,2026-06-12
600983,6668000000.000001,2026-06-12
600984,5292000000.0,2026-06-12
600985,44762000000.0,2026-06-12
600986,11557000000.0,2026-06-12
600987,6594000000.0,2026-06-12
600988,57715000000.0,2026-06-12
600989,169401000000.0,2026-06-12
600990,5123000000.0,2026-06-12
600992,2458000000.0,2026-06-12
600993,10272000000.0,2026-06-12
600995,42826000000.0,2026-06-12
600996,11047000000.0,2026-06-12
600997,8638000000.0,2026-06-12
600998,24153000000.0,2026-06-12
600999,153842000000.0,2026-06-12
601000,25067000000.0,2026-06-12
601001,34830000000.0,2026-06-12
601002,4629000000.0,2026-06-12
601003,9615000000.0,2026-06-12
601096,12306000000.0,2026-06-12
601098,19235000000.0,2026-06-12
601099,22221000000.0,2026-06-12
601100,153578000000.0,2026-06-12
601101,18072000000.0,2026-06-12
601106,24071000000.0,2026-06-12
601107,18165000000.0,2026-06-12
601108,35711000000.0,2026-06-12
601111,128488000000.00002,2026-06-12
601113,5308000000.0,2026-06-12
601116,6156000000.0,2026-06-12
601117,45861000000.0,2026-06-12
601118,24821000000.0,2026-06-12
601121,6329000000.0,2026-06-12
601126,55967999999.99999,2026-06-12
601127,119622000000.0,2026-06-12
601128,23604000000.0,2026-06-12
601133,15550000000.0,2026-06-12
601136,38485000000.0,2026-06-12
601137,22422000000.0,2026-06-12
601138,1391666000000.0,2026-06-12
601139,18037000000.0,2026-06-12
601155,26752000000.0,2026-06-12
601156,26480000000.0,2026-06-12
601158,19728000000.0,2026-06-12
601162,31833999999.999996,2026-06-12
601163,10408000000.0,2026-06-12
601166,393841000000.0,2026-06-12
601168,73182000000.0,2026-06-12
601169,111424000000.0,2026-06-12
601177,5496000000.0,2026-06-12
601179,69046000000.0,2026-06-12
601186,87045000000.0,2026-06-12
601187,21087000000.0,2026-06-12
601188,3969000000.0,2026-06-12
601198,40729000000.0,2026-06-12
601199,5218000000.0,2026-06-12
601200,9733000000.0,2026-06-12
601208,61682000000.00001,2026-06-12
601211,311679000000.0,2026-06-12
601212,42652000000.0,2026-06-12
601216,44384000000.0,2026-06-12
601218,4632000000.0,2026-06-12
601222,12717000000.0,2026-06-12
601225,261765000000.0,2026-06-12
601226,8112000000.0,2026-06-12
601228,22709000000.0,2026-06-12
601229,132997000000.0,2026-06-12
601231,80991000000.0,2026-06-12
601233,53052000000.0,2026-06-12
601236,32074000000.0,2026-06-12
601238,59959000000.0,2026-06-12
601279,5423000000.0,2026-06-12
601288,2379885000000.0,2026-06-12
601298,59978000000.0,2026-06-12
601311,9420000000.0,2026-06-12
601318,977994000000.0,2026-06-12
601319,310452000000.0,2026-06-12
601326,19388000000.0,2026-06-12
601328,630917000000.0,2026-06-12
601330,12217000000.0,2026-06-12
601333,21676000000.0,2026-06-12
601336,191727000000.0,2026-06-12
601339,10992000000.0,2026-06-12
601360,64116000000.0,2026-06-12
601366,3465000000.0,2026-06-12
601368,3894000000.0,2026-06-12
601369,15391000000.0,2026-06-12
601375,18107000000.0,2026-06-12
601377,51816000000.0,2026-06-12
601388,7154000000.000001,2026-06-12
601390,112816000000.00002,2026-06-12
601398,2772841000000.0,2026-06-12
601399,26618000000.0,2026-06-12
601456,53454000000.0,2026-06-12
601500,6373000000.0,2026-06-12
601512,12411000000.0,2026-06-12
601515,7198000000.0,2026-06-12
601518,5653000000.0,2026-06-12
601519,17345000000.0,2026-06-12
601528,9477000000.0,2026-06-12
601555,38309000000.0,2026-06-12
601566,5597000000.0,2026-06-12
601567,20586000000.0,2026-06-12
601568,15690000000.0,2026-06-12
601577,39331000000.0,2026-06-12
601579,7528000000.0,2026-06-12
601588,6397000000.0,2026-06-12
601595,8259999999.999999,2026-06-12
600867,14787000000.0,2026-06-12
600868,5751000000.0,2026-06-12
600869,71974000000.0,2026-06-12
600871,42464000000.0,2026-06-12
600872,13797999999.999998,2026-06-12
600873,25098000000.0,2026-06-12
600874,9171000000.0,2026-06-12
600875,104788000000.00002,2026-06-12
600876,5366000000.0,2026-06-12
600877,15819000000.0,2026-06-12
600879,66019000000.00001,2026-06-12
600880,4483000000.0,2026-06-12
600881,5721000000.0,2026-06-12
600882,9951000000.0,2026-06-12
600883,1879000000.0,2026-06-12
600884,30637000000.0,2026-06-12
600885,48796000000.0,2026-06-12
600886,112303000000.0,2026-06-12
600887,162625000000.0,2026-06-12
600888,16960000000.0,2026-06-12
600889,9029000000.0,2026-06-12
600893,103478000000.0,2026-06-12
600894,7094000000.0,2026-06-12
600895,53089000000.0,2026-06-12
600897,6750000000.0,2026-06-12
600900,691961000000.0,2026-06-12
600901,38690000000.0,2026-06-12
600903,10220000000.0,2026-06-12
600905,119496000000.0,2026-06-12
600906,22683000000.0,2026-06-12
600603,5456000000.0,2026-06-12
600604,7905000000.0,2026-06-12
600605,6219000000.0,2026-06-12
600606,19395000000.0,2026-06-12
600609,4488000000.0,2026-06-12
600610,8720000000.0,2026-06-12
600611,9882000000.0,2026-06-12
600612,18508000000.0,2026-06-12
600613,2644000000.0,2026-06-12
600615,2110000000.0000002,2026-06-12
600616,2850000000.0,2026-06-12
600617,6038000000.0,2026-06-12
600618,12269000000.0,2026-06-12
600619,15993000000.0,2026-06-12
600620,3111000000.0,2026-06-12
600621,13166000000.0,2026-06-12
600622,3449000000.0,2026-06-12
600623,18384000000.0,2026-06-12
600626,4583000000.0,2026-06-12
600628,3985000000.0,2026-06-12
600629,15244000000.0,2026-06-12
600630,3772999999.9999995,2026-06-12
600633,13632000000.0,2026-06-12
600635,14113000000.0,2026-06-12
600637,28912000000.0,2026-06-12
600638,3542000000.0,2026-06-12
600639,11011000000.0,2026-06-12
600640,8434000000.0,2026-06-12
600641,26967000000.0,2026-06-12
600642,47130000000.0,2026-06-12
600793,2427000000.0,2026-06-12
600794,3732000000.0,2026-06-12
600795,89356000000.0,2026-06-12
600796,4446000000.0,2026-06-12
600797,7439000000.0,2026-06-12
600798,4042000000.0,2026-06-12
600800,4063000000.0000005,2026-06-12
600801,39563000000.0,2026-06-12
600802,2200000000.0,2026-06-12
600803,56746000000.0,2026-06-12
600805,3778000000.0,2026-06-12
600807,2300000000.0,2026-06-12
600808,21793000000.0,2026-06-12
600809,144615000000.0,2026-06-12
600810,6991000000.0,2026-06-12
600812,7686000000.0,2026-06-12
600814,5087000000.0,2026-06-12
600815,5376000000.0,2026-06-12
600816,26186000000.0,2026-06-12
600817,5152000000.0,2026-06-12
600818,1832000000.0,2026-06-12
600819,6251000000.0,2026-06-12
600820,17324000000.0,2026-06-12
600821,12906000000.0,2026-06-12
600822,4221000000.0,2026-06-12
600824,3858000000.0,2026-06-12
600825,5078000000.0,2026-06-12
600826,7341000000.0,2026-06-12
600827,14397999999.999998,2026-06-12
600828,6911000000.0,2026-06-12
603022,1860000000.0000002,2026-06-12
603023,2227000000.0,2026-06-12
603025,15455000000.000002,2026-06-12
603026,20094000000.0,2026-06-12
603027,10598000000.0,2026-06-12
603028,2147000000.0,2026-06-12
603029,1905000000.0,2026-06-12
603030,2950000000.0,2026-06-12
603031,19003000000.0,2026-06-12
603032,5105000000.0,2026-06-12
603033,9724000000.0,2026-06-12
603035,4268000000.0,2026-06-12
603036,2999000000.0,2026-06-12
603037,3113000000.0,2026-06-12
603038,4186000000.0,2026-06-12
603039,14647000000.0,2026-06-12
603040,12108000000.0,2026-06-12
603041,2150000000.0,2026-06-12
603042,2903000000.0,2026-06-12
603043,8059000000.0,2026-06-12
603045,9869000000.0,2026-06-12
603048,2852000000.0,2026-06-12
603049,41748000000.0,2026-06-12
603050,8361000000.0,2026-06-12
603051,3310000000.0,2026-06-12
603052,15507000000.0,2026-06-12
603053,8027000000.0,2026-06-12
603055,7389000000.0,2026-06-12
603057,10531000000.0,2026-06-12
603058,4139000000.0,2026-06-12
601702,17374000000.0,2026-06-12
601717,31744000000.0,2026-06-12
601718,7894000000.0,2026-06-12
601727,112821000000.0,2026-06-12
601728,553618000000.0,2026-06-12
601766,165305000000.0,2026-06-12
601777,44307000000.0,2026-06-12
601778,17796000000.0,2026-06-12
601788,65888000000.0,2026-06-12
601789,6784000000.0,2026-06-12
601798,2595000000.0,2026-06-12
601799,33676000000.0,2026-06-12
601800,102693000000.0,2026-06-12
601801,10397000000.0,2026-06-12
601808,59692999999.99999,2026-06-12
601811,14929000000.0,2026-06-12
601816,244628000000.00003,2026-06-12
601818,190846000000.0,2026-06-12
601825,85643000000.0,2026-06-12
601827,12640000000.0,2026-06-12
601828,10101000000.0,2026-06-12
601838,85065000000.0,2026-06-12
601857,1899758000000.0002,2026-06-12
601858,17027000000.000002,2026-06-12
601860,9812000000.0,2026-06-12
601865,25350000000.0,2026-06-12
601866,31542000000.0,2026-06-12
601868,117235999999.99998,2026-06-12
601869,361381000000.0,2026-06-12
601872,125963000000.00002,2026-06-12
601975,19470000000.0,2026-06-12
601985,190048000000.0,2026-06-12
601988,2026716000000.0,2026-06-12
601990,29170000000.0,2026-06-12
601991,149719000000.0,2026-06-12
601992,16230000000.000002,2026-06-12
601995,158431000000.0,2026-06-12
601996,3038000000.0,2026-06-12
601997,21243000000.0,2026-06-12
601998,427355000000.0,2026-06-12
601999,3339000000.0,2026-06-12
603000,18023000000.0,2026-06-12
603001,3865000000.0,2026-06-12
603002,19767000000.0,2026-06-12
603004,4765000000.0,2026-06-12
603005,26752000000.0,2026-06-12
603006,3252000000.0000005,2026-06-12
603008,3425000000.0,2026-06-12
603009,14780000000.000002,2026-06-12
603010,7740000000.000001,2026-06-12
603011,15381000000.0,2026-06-12
603012,4920000000.0,2026-06-12
603013,8716000000.0,2026-06-12
603014,15261000000.000002,2026-06-12
603015,5364000000.0,2026-06-12
603016,5347000000.0,2026-06-12
603017,3057000000.0,2026-06-12
603018,4677000000.0,2026-06-12
603019,120195000000.0,2026-06-12
603020,4898000000.0,2026-06-12
603059,2695000000.0,2026-06-12
603060,6118000000.0,2026-06-12
603061,27333999999.999996,2026-06-12
603062,4581000000.0,2026-06-12
603063,21739000000.0,2026-06-12
603065,5698000000.0,2026-06-12
603066,3021000000.0,2026-06-12
603067,24207000000.0,2026-06-12
603068,4871000000.0,2026-06-12
603069,4490000000.0,2026-06-12
603070,5847000000.0,2026-06-12
603071,6873999999.999999,2026-06-12
603072,10048000000.0,2026-06-12
603073,1973000000.0,2026-06-12
603075,9104000000.0,2026-06-12
603076,2776000000.0,2026-06-12
603077,21373000000.0,2026-06-12
603078,16088999999.999998,2026-06-12
603079,2476000000.0,2026-06-12
603080,2935000000.0,2026-06-12
603081,4097999999.9999995,2026-06-12
603082,5323000000.0,2026-06-12
603083,67386000000.0,2026-06-12
603085,4662000000.0,2026-06-12
603086,2574000000.0,2026-06-12
603087,33222000000.000004,2026-06-12
603088,4933000000.0,2026-06-12
603089,2625000000.0,2026-06-12
603090,5626000000.0,2026-06-12
603091,6775000000.0,2026-06-12
603171,18456000000.0,2026-06-12
603172,2541000000.0,2026-06-12
603173,5546000000.0,2026-06-12
603175,36702000000.0,2026-06-12
603176,2295000000.0,2026-06-12
603177,1928000000.0,2026-06-12
603178,3842000000.0,2026-06-12
603179,34624000000.0,2026-06-12
603180,2696000000.0,2026-06-12
603181,9060000000.0,2026-06-12
603182,2121000000.0,2026-06-12
603183,1904000000.0,2026-06-12
603185,12002000000.0,2026-06-12
603186,26701000000.0,2026-06-12
603187,4784000000.0,2026-06-12
603188,2457000000.0,2026-06-12
603189,3103000000.0,2026-06-12
603190,3175000000.0,2026-06-12
603191,5197000000.0,2026-06-12
603192,3185000000.0,2026-06-12
603193,8739000000.0,2026-06-12
603194,15483000000.000002,2026-06-12
603195,72280000000.0,2026-06-12
603196,9148000000.0,2026-06-12
603197,6128000000.0,2026-06-12
603198,26464000000.0,2026-06-12
603199,3685000000.0,2026-06-12
603200,8177000000.0,2026-06-12
603201,3465000000.0,2026-06-12
603202,10832000000.0,2026-06-12
603203,17854000000.0,2026-06-12
603205,3515000000.0,2026-06-12
603206,5585000000.0,2026-06-12
603207,3611999999.9999995,2026-06-12
603208,2095000000.0,2026-06-12
603209,4261000000.0,2026-06-12
603210,4977000000.0,2026-06-12
603211,8094000000.0,2026-06-12
603212,7209999999.999999,2026-06-12
603213,6519000000.0,2026-06-12
603214,1898000000.0,2026-06-12
603215,3178000000.0,2026-06-12
603216,5093000000.0,2026-06-12
603217,4948000000.0,2026-06-12
603218,11035000000.0,2026-06-12
603219,8320000000.0,2026-06-12
603220,12025000000.0,2026-06-12
603221,3059000000.0,2026-06-12
603222,4274000000.0,2026-06-12
603223,6529000000.000001,2026-06-12
603225,33818000000.0,2026-06-12
603226,19861000000.0,2026-06-12
603227,8584000000.0,2026-06-12
603228,71993000000.0,2026-06-12
603229,7073999999.999999,2026-06-12
603230,3447000000.0,2026-06-12
603231,3015000000.0,2026-06-12
603232,3752000000.0000005,2026-06-12
603233,19565000000.0,2026-06-12
603235,10314000000.0,2026-06-12
601598,41177000000.0,2026-06-12
601599,3609000000.0000005,2026-06-12
601600,185274000000.0,2026-06-12
601601,316124000000.0,2026-06-12
601606,23183000000.0,2026-06-12
601607,60595000000.00001,2026-06-12
601608,23951000000.0,2026-06-12
601609,21694000000.0,2026-06-12
601611,32308000000.0,2026-06-12
601615,27387000000.0,2026-06-12
601616,3184000000.0,2026-06-12
601618,55454000000.0,2026-06-12
601619,13836000000.000002,2026-06-12
601628,1012159000000.0,2026-06-12
601633,150540000000.0,2026-06-12
601636,19261000000.0,2026-06-12
601658,624494000000.0,2026-06-12
601665,39692000000.0,2026-06-12
601666,22669000000.0,2026-06-12
601668,197098000000.0,2026-06-12
601669,83030000000.0,2026-06-12
601677,21115000000.0,2026-06-12
601678,12074000000.0,2026-06-12
601686,7581000000.0,2026-06-12
601688,180266000000.0,2026-06-12
601689,105348000000.0,2026-06-12
601696,32058000000.0,2026-06-12
601698,142953000000.0,2026-06-12
601699,54025000000.0,2026-06-12
601700,5455000000.0,2026-06-12
603125,9801000000.0,2026-06-12
603126,4609000000.0,2026-06-12
603127,24369000000.0,2026-06-12
603128,6938000000.0,2026-06-12
603129,34560000000.0,2026-06-12
603130,6007000000.0,2026-06-12
603131,6287000000.0,2026-06-12
603132,16518000000.0,2026-06-12
603135,7623999999.999999,2026-06-12
603136,2461000000.0,2026-06-12
603137,2151000000.0,2026-06-12
603138,4764000000.0,2026-06-12
603139,3644000000.0,2026-06-12
603150,6533000000.0,2026-06-12
603151,2151000000.0,2026-06-12
603153,5705000000.0,2026-06-12
603155,7140000000.000001,2026-06-12
603156,52138000000.0,2026-06-12
603158,6262000000.0,2026-06-12
603159,3640000000.0,2026-06-12
603160,26085000000.000004,2026-06-12
603161,2823000000.0,2026-06-12
603162,13457000000.0,2026-06-12
603163,11327000000.0,2026-06-12
603165,4794000000.0,2026-06-12
603166,8503000000.0,2026-06-12
603167,4254999999.9999995,2026-06-12
603168,2023999999.9999998,2026-06-12
603169,9627000000.0,2026-06-12
603170,4868000000.0,2026-06-12
601877,58429999999.99999,2026-06-12
601878,42536000000.0,2026-06-12
601880,36536000000.0,2026-06-12
601881,135586999999.99998,2026-06-12
601882,10419000000.0,2026-06-12
601886,10140000000.0,2026-06-12
601888,121530000000.0,2026-06-12
601890,8328000000.0,2026-06-12
601898,214525000000.0,2026-06-12
601899,773524000000.0,2026-06-12
601900,10346000000.0,2026-06-12
601901,54990000000.0,2026-06-12
601908,8113000000.0,2026-06-12
601916,84591000000.0,2026-06-12
601918,25776000000.0,2026-06-12
601919,223110000000.0,2026-06-12
601921,17066999999.999998,2026-06-12
601928,23489000000.0,2026-06-12
601929,8409999999.999999,2026-06-12
601933,29131000000.0,2026-06-12
601939,2799124000000.0,2026-06-12
601949,9767000000.0,2026-06-12
601952,11933000000.0,2026-06-12
601956,3114000000.0,2026-06-12
601958,82343000000.0,2026-06-12
601963,43255000000.0,2026-06-12
601965,14113000000.0,2026-06-12
601966,17372000000.0,2026-06-12
601968,5677000000.0,2026-06-12
601969,18595000000.0,2026-06-12
603236,22364000000.0,2026-06-12
603237,3025000000.0,2026-06-12
603238,2242000000.0,2026-06-12
603239,4705000000.0,2026-06-12
603248,10939000000.0,2026-06-12
603255,4304000000.0,2026-06-12
603256,188054000000.0,2026-06-12
603257,8251000000.000001,2026-06-12
603258,3226000000.0,2026-06-12
603259,297510000000.0,2026-06-12
603260,51260000000.0,2026-06-12
603262,10644000000.0,2026-06-12
603266,3417000000.0,2026-06-12
603267,14372999999.999998,2026-06-12
603269,7043000000.000001,2026-06-12
603270,6332000000.0,2026-06-12
603271,8976000000.0,2026-06-12
603272,3572000000.0,2026-06-12
603273,3088000000.0,2026-06-12
603275,5868000000.0,2026-06-12
603276,3640000000.0,2026-06-12
603277,6726000000.000001,2026-06-12
603278,4043000000.0,2026-06-12
603279,7793000000.000001,2026-06-12
603280,3016000000.0,2026-06-12
603281,12910000000.0,2026-06-12
603282,2014999999.9999998,2026-06-12
603283,17944000000.0,2026-06-12
603285,7216000000.0,2026-06-12
603092,23732000000.0,2026-06-12
603093,13722999999.999998,2026-06-12
603095,4533000000.0,2026-06-12
603096,2330000000.0,2026-06-12
603097,4088000000.0000005,2026-06-12
603098,6293000000.0,2026-06-12
603099,10379000000.0,2026-06-12
603100,9376000000.0,2026-06-12
603101,3240999999.9999995,2026-06-12
603102,2245000000.0,2026-06-12
603103,11936000000.0,2026-06-12
603105,3850000000.0,2026-06-12
603106,3717000000.0,2026-06-12
603107,4217000000.0,2026-06-12
603108,6309000000.0,2026-06-12
603109,3849000000.0,2026-06-12
603110,4252000000.0000005,2026-06-12
603111,5379000000.0,2026-06-12
603112,9860000000.0,2026-06-12
603113,4140999999.9999995,2026-06-12
603115,21799000000.0,2026-06-12
603116,3970000000.0000005,2026-06-12
603117,2373000000.0,2026-06-12
603118,9573000000.0,2026-06-12
603119,34992000000.0,2026-06-12
603120,5229000000.0,2026-06-12
603121,4966000000.0,2026-06-12
603122,4824000000.0,2026-06-12
603123,7292000000.0,2026-06-12
603124,26045000000.0,2026-06-12
603323,9871000000.0,2026-06-12
603324,4986000000.0,2026-06-12
603325,4719000000.0,2026-06-12
603326,2231000000.0,2026-06-12
603327,10151000000.0,2026-06-12
603328,13359000000.0,2026-06-12
603329,2493000000.0,2026-06-12
603330,3695000000.0000005,2026-06-12
603331,2394000000.0,2026-06-12
603332,2482000000.0,2026-06-12
603333,5289000000.0,2026-06-12
603334,5905000000.0,2026-06-12
603335,3447000000.0,2026-06-12
603336,5332000000.0,2026-06-12
603337,18318000000.0,2026-06-12
603338,24983000000.0,2026-06-12
603339,3939000000.0,2026-06-12
603341,18630000000.0,2026-06-12
603344,5589000000.0,2026-06-12
603345,30056000000.0,2026-06-12
603348,4692000000.0,2026-06-12
603350,3496000000.0,2026-06-12
603351,3465999999.9999995,2026-06-12
603352,6358000000.0,2026-06-12
603353,6665000000.000001,2026-06-12
603355,15711000000.000002,2026-06-12
603356,2445000000.0,2026-06-12
603357,3767000000.0,2026-06-12
603358,18090000000.0,2026-06-12
603359,1169000000.0,2026-06-12
603408,4606000000.0,2026-06-12
603409,4003000000.0,2026-06-12
603416,8391000000.0,2026-06-12
603418,9574000000.0,2026-06-12
603421,4272000000.0,2026-06-12
603429,4857000000.0,2026-06-12
603439,6114000000.0,2026-06-12
603444,24393000000.0,2026-06-12
603456,11367000000.0,2026-06-12
603458,3970000000.0000005,2026-06-12
603466,6811000000.0,2026-06-12
603477,7384000000.0,2026-06-12
603486,31539999999.999996,2026-06-12
603488,3529999999.9999995,2026-06-12
603489,7359999999.999999,2026-06-12
603496,6993000000.000001,2026-06-12
603499,5462000000.0,2026-06-12
603500,4279999999.9999995,2026-06-12
603501,108492000000.0,2026-06-12
603505,15797999999.999998,2026-06-12
603506,1996000000.0,2026-06-12
603507,6729000000.000001,2026-06-12
603508,8308000000.0,2026-06-12
603511,5079000000.0,2026-06-12
603515,14016999999.999998,2026-06-12
603516,22618000000.0,2026-06-12
603518,2891000000.0,2026-06-12
603286,6392000000.0,2026-06-12
603288,207915000000.0,2026-06-12
603289,2635000000.0,2026-06-12
603290,26102999999.999996,2026-06-12
603291,3851000000.0,2026-06-12
603296,111306000000.0,2026-06-12
603297,13013000000.0,2026-06-12
603298,32287000000.0,2026-06-12
603299,9691000000.0,2026-06-12
603300,10152000000.0,2026-06-12
603301,22588000000.0,2026-06-12
603303,15596000000.0,2026-06-12
603305,15868000000.0,2026-06-12
603306,33272000000.000004,2026-06-12
603307,2561000000.0,2026-06-12
603308,40845000000.0,2026-06-12
603309,3424000000.0,2026-06-12
603310,5387000000.0,2026-06-12
603311,9084000000.0,2026-06-12
603312,5456000000.0,2026-06-12
603313,3030000000.0,2026-06-12
603315,5206000000.0,2026-06-12
603316,5069000000.0,2026-06-12
603317,14712000000.0,2026-06-12
603318,5081000000.0,2026-06-12
603319,12311000000.0,2026-06-12
603320,2934000000.0,2026-06-12
603321,2215000000.0,2026-06-12
603322,4414000000.0,2026-06-12
600829,4871000000.0,2026-06-12
600830,3779999999.9999995,2026-06-12
600831,2318000000.0,2026-06-12
600833,2262000000.0,2026-06-12
600834,3456000000.0,2026-06-12
600835,20629000000.0,2026-06-12
600838,3099000000.0,2026-06-12
600839,31252000000.0,2026-06-12
600841,9423000000.0,2026-06-12
600843,6155000000.0,2026-06-12
600844,2877000000.0,2026-06-12
600845,51473000000.0,2026-06-12
600846,6504000000.000001,2026-06-12
600847,2351000000.0,2026-06-12
600848,20583000000.0,2026-06-12
600850,12577000000.0,2026-06-12
600851,8836000000.0,2026-06-12
600853,3415999999.9999995,2026-06-12
600854,2317000000.0,2026-06-12
600855,6981000000.0,2026-06-12
600857,3495000000.0000005,2026-06-12
600858,2569000000.0,2026-06-12
600859,11723000000.0,2026-06-12
600860,4845000000.0,2026-06-12
600861,8322000000.0,2026-06-12
600862,26287000000.0,2026-06-12
600863,43250000000.0,2026-06-12
600864,10861000000.0,2026-06-12
600865,3522000000.0,2026-06-12
600866,7875000000.0,2026-06-12
603360,13297999999.999998,2026-06-12
603363,8056999999.999999,2026-06-12
603365,4882000000.0,2026-06-12
603366,5667000000.0,2026-06-12
603367,6008000000.0,2026-06-12
603368,6598000000.0,2026-06-12
603369,31245000000.0,2026-06-12
603370,7584000000.0,2026-06-12
603373,4957000000.0,2026-06-12
603375,5018000000.0,2026-06-12
603376,10756000000.0,2026-06-12
603378,2267000000.0,2026-06-12
603379,38814000000.0,2026-06-12
603380,5651000000.0,2026-06-12
603381,4054999999.9999995,2026-06-12
603382,3654000000.0,2026-06-12
603383,5892000000.0,2026-06-12
603385,2082000000.0,2026-06-12
603386,5623000000.0,2026-06-12
603387,4128000000.0,2026-06-12
603390,3974000000.0,2026-06-12
603391,5078000000.0,2026-06-12
603392,37325000000.0,2026-06-12
603393,11522000000.0,2026-06-12
603395,5905000000.0,2026-06-12
603396,4074000000.0,2026-06-12
603399,10476000000.0,2026-06-12
603400,5903000000.0,2026-06-12
603402,7284000000.0,2026-06-12
603406,11244000000.0,2026-06-12
603599,10031000000.0,2026-06-12
603600,3247999999.9999995,2026-06-12
603601,15433000000.000002,2026-06-12
603602,2939000000.0,2026-06-12
603605,26610000000.000004,2026-06-12
603606,34312000000.0,2026-06-12
603607,3860000000.0,2026-06-12
603608,11077000000.0,2026-06-12
603609,5559000000.0,2026-06-12
603610,6114000000.0,2026-06-12
603611,4539000000.0,2026-06-12
603612,9937000000.0,2026-06-12
603613,14244999999.999998,2026-06-12
603615,4220000000.0000005,2026-06-12
603616,2583000000.0,2026-06-12
603617,2853000000.0,2026-06-12
603618,26867000000.0,2026-06-12
603619,11484000000.0,2026-06-12
603626,11708000000.0,2026-06-12
603628,2835000000.0,2026-06-12
603629,39912000000.0,2026-06-12
603630,2979000000.0,2026-06-12
603633,3204999999.9999995,2026-06-12
603636,5067000000.0,2026-06-12
603637,4320000000.0,2026-06-12
603638,19810000000.0,2026-06-12
603639,3815000000.0,2026-06-12
603648,3182000000.0,2026-06-12
603650,36614000000.0,2026-06-12
603655,3510000000.0,2026-06-12
603519,3633000000.0,2026-06-12
603520,4108000000.0,2026-06-12
603527,4320000000.0,2026-06-12
603528,5033000000.0,2026-06-12
603529,18122000000.0,2026-06-12
603530,22944000000.0,2026-06-12
603533,8765000000.0,2026-06-12
603535,3413000000.0000005,2026-06-12
603536,2172000000.0,2026-06-12
603538,9324000000.0,2026-06-12
603551,3790000000.0,2026-06-12
603556,11568000000.0,2026-06-12
603558,4115000000.0,2026-06-12
603565,20833000000.0,2026-06-12
603566,3622999999.9999995,2026-06-12
603567,5645000000.0,2026-06-12
603568,33245000000.0,2026-06-12
603569,3760000000.0,2026-06-12
603577,3137000000.0,2026-06-12
603578,3005000000.0,2026-06-12
603579,3765999999.9999995,2026-06-12
603583,9309000000.0,2026-06-12
603585,3014000000.0,2026-06-12
603586,3611000000.0,2026-06-12
603587,5770000000.0,2026-06-12
603588,21645000000.0,2026-06-12
603589,12112000000.0,2026-06-12
603590,4759000000.0,2026-06-12
603596,24721000000.0,2026-06-12
603598,5097000000.0,2026-06-12
603656,3333000000.0,2026-06-12
603657,3100000000.0,2026-06-12
603658,17863000000.0,2026-06-12
603659,60754999999.99999,2026-06-12
603660,6361000000.0,2026-06-12
603661,4929000000.0,2026-06-12
603662,18069000000.0,2026-06-12
603663,30732000000.0,2026-06-12
603665,4169000000.0,2026-06-12
603666,5397000000.0,2026-06-12
603667,24495000000.0,2026-06-12
603668,5761000000.0,2026-06-12
603669,3340999999.9999995,2026-06-12
603676,3903000000.0,2026-06-12
603677,2814000000.0,2026-06-12
603678,27654000000.000004,2026-06-12
603679,3317000000.0,2026-06-12
603680,8731000000.0,2026-06-12
603681,5920000000.0,2026-06-12
603682,3964000000.0,2026-06-12
603683,8786000000.0,2026-06-12
603685,7637000000.0,2026-06-12
603686,5995000000.0,2026-06-12
603687,10110000000.0,2026-06-12
603688,38400000000.0,2026-06-12
603689,4079999999.9999995,2026-06-12
603690,10217000000.0,2026-06-12
603693,13016000000.0,2026-06-12
603696,3011000000.0,2026-06-12
603697,4897000000.0,2026-06-12
603759,3509000000.0000005,2026-06-12
603766,25998000000.0,2026-06-12
603767,4913000000.0,2026-06-12
603768,2503000000.0,2026-06-12
603773,29170999999.999996,2026-06-12
603776,5671000000.0,2026-06-12
603777,5424000000.0,2026-06-12
603778,12039000000.0,2026-06-12
603779,2667000000.0,2026-06-12
603786,18731000000.0,2026-06-12
603787,2281000000.0,2026-06-12
603788,3261000000.0,2026-06-12
603790,4807000000.0,2026-06-12
603797,2416000000.0,2026-06-12
603798,4111000000.0,2026-06-12
603799,95254000000.0,2026-06-12
603800,14150000000.0,2026-06-12
603801,2967000000.0,2026-06-12
603803,4886000000.0,2026-06-12
603806,38662000000.0,2026-06-12
603808,3314000000.0,2026-06-12
603809,9663000000.0,2026-06-12
603810,2059000000.0,2026-06-12
603811,3450000000.0,2026-06-12
603815,3757000000.0,2026-06-12
603816,22286000000.0,2026-06-12
603817,3358000000.0,2026-06-12
603818,2066000000.0,2026-06-12
603819,2530000000.0,2026-06-12
603822,5978000000.0,2026-06-12
603823,17908000000.0,2026-06-12
603826,20606000000.0,2026-06-12
603829,3632000000.0,2026-06-12
603833,21716000000.0,2026-06-12
603836,2436000000.0,2026-06-12
603839,2543000000.0,2026-06-12
603848,5630000000.0,2026-06-12
603855,5886000000.0,2026-06-12
603856,3540000000.0,2026-06-12
603858,16051000000.0,2026-06-12
603859,12580000000.0,2026-06-12
603860,1782000000.0,2026-06-12
603861,8323999999.999999,2026-06-12
603863,3178000000.0,2026-06-12
603866,6559000000.0,2026-06-12
603867,8491000000.0,2026-06-12
603868,14766999999.999998,2026-06-12
603871,16950000000.0,2026-06-12
603876,24598000000.0,2026-06-12
603877,6364000000.0,2026-06-12
603878,3529999999.9999995,2026-06-12
603879,1743000000.0,2026-06-12
603880,2191000000.0,2026-06-12
603881,22162000000.0,2026-06-12
603882,11711000000.0,2026-06-12
603883,9183000000.0,2026-06-12
603885,24788000000.0,2026-06-12
603886,3005000000.0,2026-06-12
603887,6394000000.0,2026-06-12
603888,12186000000.0,2026-06-12
603698,16578000000.0,2026-06-12
603699,40284000000.0,2026-06-12
603700,2139999999.9999998,2026-06-12
603701,5936000000.0,2026-06-12
603703,4635000000.0,2026-06-12
603706,3827000000.0000005,2026-06-12
603707,12521000000.0,2026-06-12
603708,6217000000.0,2026-06-12
603709,1937000000.0,2026-06-12
603711,5421000000.0,2026-06-12
603712,10646000000.0,2026-06-12
603713,9116000000.0,2026-06-12
603716,3581000000.0,2026-06-12
603717,1848000000.0,2026-06-12
603718,2034000000.0,2026-06-12
603719,3861999999.9999995,2026-06-12
603722,3904999999.9999995,2026-06-12
603725,3317000000.0,2026-06-12
603726,4697000000.0,2026-06-12
603727,3947000000.0,2026-06-12
603728,25426000000.0,2026-06-12
603729,1103000000.0,2026-06-12
603730,26857000000.0,2026-06-12
603733,20496000000.0,2026-06-12
603737,23905000000.0,2026-06-12
603738,19966000000.0,2026-06-12
603739,3181000000.0,2026-06-12
603755,2635000000.0,2026-06-12
603757,8749000000.0,2026-06-12
603758,4480000000.0,2026-06-12
603889,5752000000.0,2026-06-12
603890,10206000000.0,2026-06-12
603893,67574000000.0,2026-06-12
603895,3247999999.9999995,2026-06-12
603896,3095000000.0,2026-06-12
603897,7388000000.0,2026-06-12
603898,3970000000.0000005,2026-06-12
603899,20679000000.0,2026-06-12
603900,2198000000.0,2026-06-12
603901,6212000000.0,2026-06-12
603903,2962000000.0,2026-06-12
603906,18875000000.0,2026-06-12
603908,1828000000.0,2026-06-12
603909,2531000000.0,2026-06-12
603912,4389000000.0,2026-06-12
603915,10085000000.0,2026-06-12
603916,6117000000.0,2026-06-12
603917,2391000000.0,2026-06-12
603918,3856000000.0,2026-06-12
603919,9486000000.0,2026-06-12
603920,37982000000.0,2026-06-12
603922,2367000000.0,2026-06-12
603926,4546000000.0,2026-06-12
603927,12183000000.0,2026-06-12
603928,3954999999.9999995,2026-06-12
603929,46530000000.0,2026-06-12
603931,10742000000.0,2026-06-12
603933,4610000000.0,2026-06-12
603936,15108000000.000002,2026-06-12
603937,2837000000.0,2026-06-12
605339,5749000000.0,2026-06-12
605358,48950000000.0,2026-06-12
605365,7952000000.0,2026-06-12
605366,7877000000.0,2026-06-12
605368,5038000000.0,2026-06-12
605369,3603000000.0,2026-06-12
605376,46306000000.0,2026-06-12
605377,4598000000.0,2026-06-12
605378,4150000000.0,2026-06-12
605388,3219000000.0,2026-06-12
605389,15375000000.0,2026-06-12
605398,3531000000.0,2026-06-12
605399,4127000000.0000005,2026-06-12
605488,10303000000.0,2026-06-12
605499,96797000000.0,2026-06-12
605500,2851000000.0,2026-06-12
605507,12658000000.0,2026-06-12
605555,7518000000.000001,2026-06-12
605566,6080000000.0,2026-06-12
605567,1804000000.0,2026-06-12
605577,4391000000.0,2026-06-12
605580,7241000000.0,2026-06-12
605588,3958000000.0,2026-06-12
605589,49361000000.0,2026-06-12
605598,8885000000.0,2026-06-12
605599,11884000000.0,2026-06-12
605188,6752000000.0,2026-06-12
605189,3178000000.0,2026-06-12
605196,18073000000.0,2026-06-12
605198,21655000000.0,2026-06-12
605208,5173000000.0,2026-06-12
605218,4133000000.0,2026-06-12
605222,10252000000.0,2026-06-12
605228,6469000000.0,2026-06-12
605255,10296000000.0,2026-06-12
605258,2943000000.0,2026-06-12
605259,3098000000.0,2026-06-12
605266,2590000000.0,2026-06-12
605268,4409000000.0,2026-06-12
605277,6564000000.0,2026-06-12
605286,4922000000.0,2026-06-12
605287,5522000000.0,2026-06-12
605288,6311000000.0,2026-06-12
605289,16447999999.999998,2026-06-12
605296,13669999999.999998,2026-06-12
605298,11153000000.0,2026-06-12
605299,6200000000.0,2026-06-12
605300,4185000000.0,2026-06-12
605303,4402000000.0,2026-06-12
605305,7893000000.000001,2026-06-12
605318,16346000000.0,2026-06-12
605319,9036000000.0,2026-06-12
605333,8701000000.0,2026-06-12
605336,2920000000.0,2026-06-12
605337,3620000000.0000005,2026-06-12
605338,4851000000.0,2026-06-12
605089,2898000000.0,2026-06-12
605090,26317000000.0,2026-06-12
605098,6683000000.0,2026-06-12
605099,14097000000.0,2026-06-12
605100,8234000000.0,2026-06-12
605108,3361999999.9999995,2026-06-12
605111,24741000000.0,2026-06-12
605116,8237000000.0,2026-06-12
605117,132134999999.99998,2026-06-12
605118,13383000000.000002,2026-06-12
605122,2092000000.0000002,2026-06-12
605123,11935000000.0,2026-06-12
605128,7454000000.000001,2026-06-12
605133,9459000000.0,2026-06-12
605136,3315999999.9999995,2026-06-12
605138,3528000000.0,2026-06-12
605151,2579000000.0,2026-06-12
605155,2646000000.0,2026-06-12
605158,3253000000.0,2026-06-12
605162,4065000000.0,2026-06-12
605166,3031000000.0,2026-06-12
605167,6270000000.0,2026-06-12
605168,9510000000.0,2026-06-12
605169,2885000000.0,2026-06-12
605177,2358000000.0,2026-06-12
605178,6153000000.0,2026-06-12
605179,5634000000.0,2026-06-12
605180,2346000000.0,2026-06-12
605183,6105000000.0,2026-06-12
605186,4661000000.0,2026-06-12
603993,408845000000.0,2026-06-12
603995,7177000000.0,2026-06-12
603997,17583000000.0,2026-06-12
603998,4334000000.0,2026-06-12
603999,3185000000.0,2026-06-12
605001,2385000000.0,2026-06-12
605003,2580000000.0,2026-06-12
605005,6476000000.000001,2026-06-12
605006,12938000000.0,2026-06-12
605007,6270000000.0,2026-06-12
605008,7319000000.0,2026-06-12
605009,5040000000.0,2026-06-12
605011,7054000000.000001,2026-06-12
605016,10597000000.0,2026-06-12
605018,7356999999.999999,2026-06-12
605020,17209000000.0,2026-06-12
605028,3592000000.0,2026-06-12
605033,2563000000.0,2026-06-12
605050,5056000000.0,2026-06-12
605055,4954000000.0,2026-06-12
605056,7361000000.0,2026-06-12
605058,5277000000.0,2026-06-12
605060,11585000000.0,2026-06-12
605066,3235000000.0,2026-06-12
605068,3111000000.0,2026-06-12
605069,2308000000.0,2026-06-12
605077,3690999999.9999995,2026-06-12
605080,3036000000.0,2026-06-12
605086,5109000000.0,2026-06-12
605088,6791000000.0,2026-06-12
603938,20306000000.0,2026-06-12
603939,26370000000.0,2026-06-12
603948,4199000000.0,2026-06-12
603949,3083000000.0,2026-06-12
603950,19299000000.0,2026-06-12
603955,3381000000.0,2026-06-12
603956,2616000000.0,2026-06-12
603958,4188000000.0000005,2026-06-12
603959,1907000000.0,2026-06-12
603960,5144000000.0,2026-06-12
603966,4710000000.0,2026-06-12
603967,4150000000.0,2026-06-12
603968,2219000000.0,2026-06-12
603969,6711000000.0,2026-06-12
603970,2887000000.0,2026-06-12
603976,4111000000.0,2026-06-12
603977,7920999999.999999,2026-06-12
603978,5434000000.0,2026-06-12
603979,44139000000.0,2026-06-12
603980,3824000000.0,2026-06-12
603982,2315000000.0,2026-06-12
603983,8922000000.0,2026-06-12
603985,10400000000.0,2026-06-12
603986,337560000000.0,2026-06-12
603987,3184000000.0,2026-06-12
603988,4530000000.0,2026-06-12
603989,11469000000.0,2026-06-12
603990,6750000000.0,2026-06-12
603991,18715000000.0,2026-06-12
603992,14705000000.000002,2026-06-12
