代码,行业,采集日期
600000,J66货币金融服务,2026-06-13
600004,G56航空运输业,2026-06-13
600006,C36汽车制造业,2026-06-13
600007,K70房地产业,2026-06-13
600008,D46水的生产和供应业,2026-06-13
600009,G56航空运输业,2026-06-13
600010,C31黑色金属冶炼和压延加工业,2026-06-13
600011,D44电力、热力生产和供应业,2026-06-13
600012,G54道路运输业,2026-06-13
600015,J66货币金融服务,2026-06-13
600016,J66货币金融服务,2026-06-13
600017,G55水上运输业,2026-06-13
600018,G55水上运输业,2026-06-13
600019,C31黑色金属冶炼和压延加工业,2026-06-13
600020,G54道路运输业,2026-06-13
600021,D44电力、热力生产和供应业,2026-06-13
600022,C31黑色金属冶炼和压延加工业,2026-06-13
600023,D44电力、热力生产和供应业,2026-06-13
600025,D44电力、热力生产和供应业,2026-06-13
600026,G55水上运输业,2026-06-13
600027,D44电力、热力生产和供应业,2026-06-13
600028,B07石油和天然气开采业,2026-06-13
600029,G56航空运输业,2026-06-13
600030,J67资本市场服务,2026-06-13
600031,C35专用设备制造业,2026-06-13
600032,D44电力、热力生产和供应业,2026-06-13
600033,G54道路运输业,2026-06-13
600035,G54道路运输业,2026-06-13
600036,J66货币金融服务,2026-06-13
600037,I63电信、广播电视和卫星传输服务,2026-06-13
600038,C37铁路、船舶、航空航天和其他运输设备制造业,2026-06-13
600039,E48土木工程建筑业,2026-06-13
600048,K70房地产业,2026-06-13
600050,I63电信、广播电视和卫星传输服务,2026-06-13
600051,F51批发业,2026-06-13
600052,L72商务服务业,2026-06-13
600053,J67资本市场服务,2026-06-13
600054,N78公共设施管理业,2026-06-13
600055,C35专用设备制造业,2026-06-13
600056,F51批发业,2026-06-13
600057,L72商务服务业,2026-06-13
600058,F51批发业,2026-06-13
600059,C15酒、饮料和精制茶制造业,2026-06-13
600060,C39计算机、通信和其他电子设备制造业,2026-06-13
600061,J67资本市场服务,2026-06-13
600062,C27医药制造业,2026-06-13
600063,C26化学原料和化学制品制造业,2026-06-13
600064,K70房地产业,2026-06-13
600066,C36汽车制造业,2026-06-13
600067,C38电气机械和器材制造业,2026-06-13
600071,C40仪器仪表制造业,2026-06-13
600072,E48土木工程建筑业,2026-06-13
600073,C13农副食品加工业,2026-06-13
600075,C26化学原料和化学制品制造业,2026-06-13
600076,C20木材加工和木、竹、藤、棕、草制品业,2026-06-13
600078,C26化学原料和化学制品制造业,2026-06-13
600079,C27医药制造业,2026-06-13
600080,C27医药制造业,2026-06-13
600081,C36汽车制造业,2026-06-13
600082,F51批发业,2026-06-13
600084,C15酒、饮料和精制茶制造业,2026-06-13
600085,C27医药制造业,2026-06-13
600088,R87广播、电视、电影和录音制作业,2026-06-13
600089,C38电气机械和器材制造业,2026-06-13
600094,K70房地产业,2026-06-13
600095,J67资本市场服务,2026-06-13
600096,C26化学原料和化学制品制造业,2026-06-13
600097,A04渔业,2026-06-13
600098,D44电力、热力生产和供应业,2026-06-13
600099,C37铁路、船舶、航空航天和其他运输设备制造业,2026-06-13
600100,C39计算机、通信和其他电子设备制造业,2026-06-13
600101,D44电力、热力生产和供应业,2026-06-13
600103,C22造纸和纸制品业,2026-06-13
600104,C36汽车制造业,2026-06-13
600105,C38电气机械和器材制造业,2026-06-13
600106,G54道路运输业,2026-06-13
600108,A01农业,2026-06-13
600109,J67资本市场服务,2026-06-13
600110,C39计算机、通信和其他电子设备制造业,2026-06-13
600111,C32有色金属冶炼和压延加工业,2026-06-13
600113,L72商务服务业,2026-06-13
600114,C33金属制品业,2026-06-13
600115,G56航空运输业,2026-06-13
600116,D44电力、热力生产和供应业,2026-06-13
600117,C31黑色金属冶炼和压延加工业,2026-06-13
600118,C39计算机、通信和其他电子设备制造业,2026-06-13
600119,G54道路运输业,2026-06-13
600120,J69其他金融业,2026-06-13
600121,B06煤炭开采和洗选业,2026-06-13
600123,B06煤炭开采和洗选业,2026-06-13
600125,G53铁路运输业,2026-06-13
600126,C31黑色金属冶炼和压延加工业,2026-06-13
600127,C13农副食品加工业,2026-06-13
600128,F51批发业,2026-06-13
600129,C27医药制造业,2026-06-13
600131,I65软件和信息技术服务业,2026-06-13
600132,C15酒、饮料和精制茶制造业,2026-06-13
600133,N77生态保护和环境治理业,2026-06-13
600135,C26化学原料和化学制品制造业,2026-06-13
600137,C18纺织服装、服饰业,2026-06-13
600138,L72商务服务业,2026-06-13
600141,C26化学原料和化学制品制造业,2026-06-13
600143,C29橡胶和塑料制品业,2026-06-13
600148,C36汽车制造业,2026-06-13
600149,D44电力、热力生产和供应业,2026-06-13
600150,C37铁路、船舶、航空航天和其他运输设备制造业,2026-06-13
600151,C38电气机械和器材制造业,2026-06-13
600152,C38电气机械和器材制造业,2026-06-13
600153,L72商务服务业,2026-06-13
600155,J67资本市场服务,2026-06-13
600156,C17纺织业,2026-06-13
600157,D44电力、热力生产和供应业,2026-06-13
600158,R89体育,2026-06-13
600159,E47房屋建筑业,2026-06-13
600160,C26化学原料和化学制品制造业,2026-06-13
600161,C27医药制造业,2026-06-13
600162,K70房地产业,2026-06-13
600163,D44电力、热力生产和供应业,2026-06-13
600166,C36汽车制造业,2026-06-13
600167,D44电力、热力生产和供应业,2026-06-13
600168,D46水的生产和供应业,2026-06-13
600170,E48土木工程建筑业,2026-06-13
600171,C39计算机、通信和其他电子设备制造业,2026-06-13
600172,C30非金属矿物制品业,2026-06-13
600173,K70房地产业,2026-06-13
600176,C30非金属矿物制品业,2026-06-13
600177,C18纺织服装、服饰业,2026-06-13
600178,C36汽车制造业,2026-06-13
600179,G58多式联运和运输代理业,2026-06-13
600180,F51批发业,2026-06-13
600182,C29橡胶和塑料制品业,2026-06-13
600183,C39计算机、通信和其他电子设备制造业,2026-06-13
600184,C35专用设备制造业,2026-06-13
600185,L72商务服务业,2026-06-13
600186,C14食品制造业,2026-06-13
600187,D46水的生产和供应业,2026-06-13
600188,B06煤炭开采和洗选业,2026-06-13
600189,C15酒、饮料和精制茶制造业,2026-06-13
600191,C13农副食品加工业,2026-06-13
600192,C38电气机械和器材制造业,2026-06-13
600195,C27医药制造业,2026-06-13
600196,C27医药制造业,2026-06-13
600197,C15酒、饮料和精制茶制造业,2026-06-13
600198,C39计算机、通信和其他电子设备制造业,2026-06-13
600199,C15酒、饮料和精制茶制造业,2026-06-13
600201,C27医药制造业,2026-06-13
600202,C34通用设备制造业,2026-06-13
600203,C39计算机、通信和其他电子设备制造业,2026-06-13
600206,C32有色金属冶炼和压延加工业,2026-06-13
600207,C30非金属矿物制品业,2026-06-13
600208,K70房地产业,2026-06-13
600210,C29橡胶和塑料制品业,2026-06-13
600211,C27医药制造业,2026-06-13
600212,C38电气机械和器材制造业,2026-06-13
600215,C34通用设备制造业,2026-06-13
600216,C27医药制造业,2026-06-13
600217,C42废弃资源综合利用业,2026-06-13
600218,C34通用设备制造业,2026-06-13
600219,C32有色金属冶炼和压延加工业,2026-06-13
600221,G56航空运输业,2026-06-13
600222,C27医药制造业,2026-06-13
600223,C26化学原料和化学制品制造业,2026-06-13
600226,D44电力、热力生产和供应业,2026-06-13
600227,C26化学原料和化学制品制造业,2026-06-13
600229,R86新闻和出版业,2026-06-13
600230,C26化学原料和化学制品制造业,2026-06-13
600231,C31黑色金属冶炼和压延加工业,2026-06-13
600232,C17纺织业,2026-06-13
600233,G60邮政业,2026-06-13
600234,E50建筑装饰、装修和其他建筑业,2026-06-13
600235,C22造纸和纸制品业,2026-06-13
600236,D44电力、热力生产和供应业,2026-06-13
600237,C39计算机、通信和其他电子设备制造业,2026-06-13
600239,K70房地产业,2026-06-13
600241,C38电气机械和器材制造业,2026-06-13
600246,K70房地产业,2026-06-13
600248,E48土木工程建筑业,2026-06-13
600249,C26化学原料和化学制品制造业,2026-06-13
600250,N78公共设施管理业,2026-06-13
600251,C13农副食品加工业,2026-06-13
600252,C27医药制造业,2026-06-13
600255,C32有色金属冶炼和压延加工业,2026-06-13
600256,B07石油和天然气开采业,2026-06-13
600257,A04渔业,2026-06-13
600258,H61住宿业,2026-06-13
600259,B09有色金属矿采选业,2026-06-13
600261,C38电气机械和器材制造业,2026-06-13
600262,C35专用设备制造业,2026-06-13
600266,K70房地产业,2026-06-13
600267,C27医药制造业,2026-06-13
600268,C38电气机械和器材制造业,2026-06-13
600269,G54道路运输业,2026-06-13
600271,I65软件和信息技术服务业,2026-06-13
600272,F51批发业,2026-06-13
600273,C26化学原料和化学制品制造业,2026-06-13
600276,C27医药制造业,2026-06-13
600278,F51批发业,2026-06-13
600279,G55水上运输业,2026-06-13
600280,F52零售业,2026-06-13
600281,C32有色金属冶炼和压延加工业,2026-06-13
600282,C31黑色金属冶炼和压延加工业,2026-06-13
600283,D46水的生产和供应业,2026-06-13
600284,E48土木工程建筑业,2026-06-13
600285,C27医药制造业,2026-06-13
600287,F51批发业,2026-06-13
600288,C39计算机、通信和其他电子设备制造业,2026-06-13
600292,N77生态保护和环境治理业,2026-06-13
600293,C30非金属矿物制品业,2026-06-13
600295,C31黑色金属冶炼和压延加工业,2026-06-13
600298,C14食品制造业,2026-06-13
600299,C14食品制造业,2026-06-13
600300,C15酒、饮料和精制茶制造业,2026-06-13
600301,B09有色金属矿采选业,2026-06-13
600302,C35专用设备制造业,2026-06-13
600303,C36汽车制造业,2026-06-13
600305,C14食品制造业,2026-06-13
600307,C31黑色金属冶炼和压延加工业,2026-06-13
600308,C22造纸和纸制品业,2026-06-13
600309,C26化学原料和化学制品制造业,2026-06-13
600310,D44电力、热力生产和供应业,2026-06-13
600312,C38电气机械和器材制造业,2026-06-13
600313,F51批发业,2026-06-13
600315,C26化学原料和化学制品制造业,2026-06-13
600316,C37铁路、船舶、航空航天和其他运输设备制造业,2026-06-13
600318,J66货币金融服务,2026-06-13
600319,C26化学原料和化学制品制造业,2026-06-13
600320,C34通用设备制造业,2026-06-13
600322,K70房地产业,2026-06-13
600323,N77生态保护和环境治理业,2026-06-13
600325,K70房地产业,2026-06-13
600326,C30非金属矿物制品业,2026-06-13
600327,Q84卫生,2026-06-13
600328,C26化学原料和化学制品制造业,2026-06-13
600329,C27医药制造业,2026-06-13
600330,C39计算机、通信和其他电子设备制造业,2026-06-13
600331,C26化学原料和化学制品制造业,2026-06-13
600332,C27医药制造业,2026-06-13
600333,D45燃气生产和供应业,2026-06-13
600335,F51批发业,2026-06-13
600336,C38电气机械和器材制造业,2026-06-13
600337,F52零售业,2026-06-13
600338,B09有色金属矿采选业,2026-06-13
600339,B11开采专业及辅助性活动,2026-06-13
600340,K70房地产业,2026-06-13
600343,C34通用设备制造业,2026-06-13
600345,C39计算机、通信和其他电子设备制造业,2026-06-13
600346,C26化学原料和化学制品制造业,2026-06-13
600348,B06煤炭开采和洗选业,2026-06-13
600350,G54道路运输业,2026-06-13
600351,C27医药制造业,2026-06-13
600352,C26化学原料和化学制品制造业,2026-06-13
600353,C39计算机、通信和其他电子设备制造业,2026-06-13
600354,A05农、林、牧、渔专业及辅助性活动,2026-06-13
600356,C22造纸和纸制品业,2026-06-13
600359,A01农业,2026-06-13
600361,C32有色金属冶炼和压延加工业,2026-06-13
600362,C32有色金属冶炼和压延加工业,2026-06-13
600363,C39计算机、通信和其他电子设备制造业,2026-06-13
600366,C30非金属矿物制品业,2026-06-13
600367,C26化学原料和化学制品制造业,2026-06-13
600368,G54道路运输业,2026-06-13
600369,J67资本市场服务,2026-06-13
600370,C26化学原料和化学制品制造业,2026-06-13
600371,A05农、林、牧、渔专业及辅助性活动,2026-06-13
600372,C37铁路、船舶、航空航天和其他运输设备制造业,2026-06-13
600373,R86新闻和出版业,2026-06-13
600375,C36汽车制造业,2026-06-13
600376,K70房地产业,2026-06-13
600377,G54道路运输业,2026-06-13
600378,C26化学原料和化学制品制造业,2026-06-13
600379,C38电气机械和器材制造业,2026-06-13
600380,C27医药制造业,2026-06-13
600382,B08黑色金属矿采选业,2026-06-13
600383,K70房地产业,2026-06-13
600386,F52零售业,2026-06-13
600388,C35专用设备制造业,2026-06-13
600389,C26化学原料和化学制品制造业,2026-06-13
600390,J69其他金融业,2026-06-13
600391,C37铁路、船舶、航空航天和其他运输设备制造业,2026-06-13
600392,C32有色金属冶炼和压延加工业,2026-06-13
600395,B06煤炭开采和洗选业,2026-06-13
600396,D44电力、热力生产和供应业,2026-06-13
600397,C35专用设备制造业,2026-06-13
600398,C18纺织服装、服饰业,2026-06-13
600399,C31黑色金属冶炼和压延加工业,2026-06-13
600400,C18纺织服装、服饰业,2026-06-13
600403,B06煤炭开采和洗选业,2026-06-13
600405,C39计算机、通信和其他电子设备制造业,2026-06-13
600406,I65软件和信息技术服务业,2026-06-13
600408,C31黑色金属冶炼和压延加工业,2026-06-13
600409,C26化学原料和化学制品制造业,2026-06-13
600410,I65软件和信息技术服务业,2026-06-13
600415,L72商务服务业,2026-06-13
600416,C38电气机械和器材制造业,2026-06-13
600418,C36汽车制造业,2026-06-13
600419,C14食品制造业,2026-06-13
600420,C27医药制造业,2026-06-13
600422,C27医药制造业,2026-06-13
600423,C26化学原料和化学制品制造业,2026-06-13
600425,C30非金属矿物制品业,2026-06-13
600426,C26化学原料和化学制品制造业,2026-06-13
600428,G55水上运输业,2026-06-13
600429,C14食品制造业,2026-06-13
600433,C22造纸和纸制品业,2026-06-13
600435,C39计算机、通信和其他电子设备制造业,2026-06-13
600436,C27医药制造业,2026-06-13
600438,C38电气机械和器材制造业,2026-06-13
600439,C19皮革、毛皮、羽毛及其制品和制鞋业,2026-06-13
600444,C35专用设备制造业,2026-06-13
600446,I65软件和信息技术服务业,2026-06-13
600448,C17纺织业,2026-06-13
600449,C30非金属矿物制品业,2026-06-13
600452,D44电力、热力生产和供应业,2026-06-13
600455,P83教育,2026-06-13
600456,C32有色金属冶炼和压延加工业,2026-06-13
600458,C29橡胶和塑料制品业,2026-06-13
600459,C32有色金属冶炼和压延加工业,2026-06-13
600460,C39计算机、通信和其他电子设备制造业,2026-06-13
600461,D46水的生产和供应业,2026-06-13
600463,E48土木工程建筑业,2026-06-13
600467,A04渔业,2026-06-13
600468,C38电气机械和器材制造业,2026-06-13
600469,C29橡胶和塑料制品业,2026-06-13
600470,C26化学原料和化学制品制造业,2026-06-13
600475,N77生态保护和环境治理业,2026-06-13
600476,I65软件和信息技术服务业,2026-06-13
600477,C33金属制品业,2026-06-13
600478,C38电气机械和器材制造业,2026-06-13
600479,C27医药制造业,2026-06-13
600480,C36汽车制造业,2026-06-13
600481,C34通用设备制造业,2026-06-13
600482,C37铁路、船舶、航空航天和其他运输设备制造业,2026-06-13
600483,D44电力、热力生产和供应业,2026-06-13
600486,C26化学原料和化学制品制造业,2026-06-13
600487,C38电气机械和器材制造业,2026-06-13
600488,C27医药制造业,2026-06-13
600489,B09有色金属矿采选业,2026-06-13
600490,C32有色金属冶炼和压延加工业,2026-06-13
600491,E48土木工程建筑业,2026-06-13
600493,C17纺织业,2026-06-13
600495,C37铁路、船舶、航空航天和其他运输设备制造业,2026-06-13
600496,C33金属制品业,2026-06-13
600497,C32有色金属冶炼和压延加工业,2026-06-13
600498,C39计算机、通信和其他电子设备制造业,2026-06-13
600499,C35专用设备制造业,2026-06-13
600500,C26化学原料和化学制品制造业,2026-06-13
600501,C35专用设备制造业,2026-06-13
600502,E48土木工程建筑业,2026-06-13
600503,K70房地产业,2026-06-13
600505,D44电力、热力生产和供应业,2026-06-13
600506,C25石油、煤炭及其他燃料加工业,2026-06-13
600507,C31黑色金属冶炼和压延加工业,2026-06-13
600508,B06煤炭开采和洗选业,2026-06-13
600509,D44电力、热力生产和供应业,2026-06-13
600510,K70房地产业,2026-06-13
600511,F51批发业,2026-06-13
600512,E48土木工程建筑业,2026-06-13
600513,C27医药制造业,2026-06-13
600515,K70房地产业,2026-06-13
600516,C30非金属矿物制品业,2026-06-13
600517,J69其他金融业,2026-06-13
600518,C27医药制造业,2026-06-13
600519,C15酒、饮料和精制茶制造业,2026-06-13
600520,C35专用设备制造业,2026-06-13
600521,C27医药制造业,2026-06-13
600522,C38电气机械和器材制造业,2026-06-13
600523,C36汽车制造业,2026-06-13
600526,C35专用设备制造业,2026-06-13
600527,C28化学纤维制造业,2026-06-13
600528,C35专用设备制造业,2026-06-13
600529,C30非金属矿物制品业,2026-06-13
600530,C14食品制造业,2026-06-13
600531,C32有色金属冶炼和压延加工业,2026-06-13
600533,K70房地产业,2026-06-13
600535,C27医药制造业,2026-06-13
600536,I65软件和信息技术服务业,2026-06-13
600537,C38电气机械和器材制造业,2026-06-13
600538,F51批发业,2026-06-13
600539,F52零售业,2026-06-13
600540,A01农业,2026-06-13
600543,C15酒、饮料和精制茶制造业,2026-06-13
600545,C35专用设备制造业,2026-06-13
600546,B06煤炭开采和洗选业,2026-06-13
600547,B09有色金属矿采选业,2026-06-13
600548,G54道路运输业,2026-06-13
600549,C32有色金属冶炼和压延加工业,2026-06-13
600550,C38电气机械和器材制造业,2026-06-13
600551,R86新闻和出版业,2026-06-13
600552,C39计算机、通信和其他电子设备制造业,2026-06-13
600556,I64互联网和相关服务,2026-06-13
600557,C27医药制造业,2026-06-13
600558,C33金属制品业,2026-06-13
600559,C15酒、饮料和精制茶制造业,2026-06-13
600560,C35专用设备制造业,2026-06-13
600561,G54道路运输业,2026-06-13
600562,C39计算机、通信和其他电子设备制造业,2026-06-13
600563,C39计算机、通信和其他电子设备制造业,2026-06-13
600566,C27医药制造业,2026-06-13
600567,C22造纸和纸制品业,2026-06-13
600569,C31黑色金属冶炼和压延加工业,2026-06-13
600570,I65软件和信息技术服务业,2026-06-13
600571,I65软件和信息技术服务业,2026-06-13
600572,C27医药制造业,2026-06-13
600573,C15酒、饮料和精制茶制造业,2026-06-13
600575,G55水上运输业,2026-06-13
600576,N78公共设施管理业,2026-06-13
600577,C38电气机械和器材制造业,2026-06-13
600578,D44电力、热力生产和供应业,2026-06-13
600579,C35专用设备制造业,2026-06-13
600580,C38电气机械和器材制造业,2026-06-13
600581,C31黑色金属冶炼和压延加工业,2026-06-13
600582,C35专用设备制造业,2026-06-13
600583,B11开采专业及辅助性活动,2026-06-13
600584,C39计算机、通信和其他电子设备制造业,2026-06-13
600585,C30非金属矿物制品业,2026-06-13
600586,C30非金属矿物制品业,2026-06-13
600587,C35专用设备制造业,2026-06-13
600588,I65软件和信息技术服务业,2026-06-13
600589,I65软件和信息技术服务业,2026-06-13
600590,C38电气机械和器材制造业,2026-06-13
600592,C34通用设备制造业,2026-06-13
600593,N78公共设施管理业,2026-06-13
600594,C27医药制造业,2026-06-13
600595,C32有色金属冶炼和压延加工业,2026-06-13
600596,C26化学原料和化学制品制造业,2026-06-13
600597,C14食品制造业,2026-06-13
600598,A01农业,2026-06-13
600600,C15酒、饮料和精制茶制造业,2026-06-13
600601,C39计算机、通信和其他电子设备制造业,2026-06-13
600602,I65软件和信息技术服务业,2026-06-13
600603,G53铁路运输业,2026-06-13
600604,K70房地产业,2026-06-13
600605,K70房地产业,2026-06-13
600606,E48土木工程建筑业,2026-06-13
600609,C36汽车制造业,2026-06-13
600610,C26化学原料和化学制品制造业,2026-06-13
600611,G54道路运输业,2026-06-13
600612,C24文教、工美、体育和娱乐用品制造业,2026-06-13
600613,C27医药制造业,2026-06-13
600615,C33金属制品业,2026-06-13
600616,C15酒、饮料和精制茶制造业,2026-06-13
600617,D45燃气生产和供应业,2026-06-13
600618,C26化学原料和化学制品制造业,2026-06-13
600619,C34通用设备制造业,2026-06-13
600620,S91综合,2026-06-13
600621,J67资本市场服务,2026-06-13
600622,K70房地产业,2026-06-13
600623,C26化学原料和化学制品制造业,2026-06-13
600626,C17纺织业,2026-06-13
600628,F52零售业,2026-06-13
600629,M74专业技术服务业,2026-06-13
600630,C18纺织服装、服饰业,2026-06-13
600633,I64互联网和相关服务,2026-06-13
600635,D45燃气生产和供应业,2026-06-13
600637,I63电信、广播电视和卫星传输服务,2026-06-13
600638,K70房地产业,2026-06-13
600639,K70房地产业,2026-06-13
600640,I64互联网和相关服务,2026-06-13
600641,K70房地产业,2026-06-13
600642,D44电力、热力生产和供应业,2026-06-13
600643,J69其他金融业,2026-06-13
600644,D44电力、热力生产和供应业,2026-06-13
600645,C27医药制造业,2026-06-13
600648,F51批发业,2026-06-13
600649,K70房地产业,2026-06-13
600650,G54道路运输业,2026-06-13
600651,C38电气机械和器材制造业,2026-06-13
600653,F52零售业,2026-06-13
600654,L72商务服务业,2026-06-13
600655,F52零售业,2026-06-13
600657,K70房地产业,2026-06-13
600658,K70房地产业,2026-06-13
600660,C30非金属矿物制品业,2026-06-13
600661,P83教育,2026-06-13
600662,L72商务服务业,2026-06-13
600663,K70房地产业,2026-06-13
600664,C27医药制造业,2026-06-13
600665,K70房地产业,2026-06-13
600666,C30非金属矿物制品业,2026-06-13
600667,E48土木工程建筑业,2026-06-13
600668,C30非金属矿物制品业,2026-06-13
600671,C27医药制造业,2026-06-13
600673,S91综合,2026-06-13
600674,D44电力、热力生产和供应业,2026-06-13
600675,K70房地产业,2026-06-13
600676,G54道路运输业,2026-06-13
600678,C30非金属矿物制品业,2026-06-13
600679,C37铁路、船舶、航空航天和其他运输设备制造业,2026-06-13
600681,D45燃气生产和供应业,2026-06-13
600682,C27医药制造业,2026-06-13
600683,K70房地产业,2026-06-13
600684,K70房地产业,2026-06-13
600685,C37铁路、船舶、航空航天和其他运输设备制造业,2026-06-13
600686,C36汽车制造业,2026-06-13
600688,C25石油、煤炭及其他燃料加工业,2026-06-13
600689,F51批发业,2026-06-13
600690,C38电气机械和器材制造业,2026-06-13
600691,C26化学原料和化学制品制造业,2026-06-13
600692,K70房地产业,2026-06-13
600693,F52零售业,2026-06-13
600694,F52零售业,2026-06-13
600697,F52零售业,2026-06-13
600698,C36汽车制造业,2026-06-13
600699,C39计算机、通信和其他电子设备制造业,2026-06-13
600702,C15酒、饮料和精制茶制造业,2026-06-13
600703,C39计算机、通信和其他电子设备制造业,2026-06-13
600704,F51批发业,2026-06-13
600706,N78公共设施管理业,2026-06-13
600707,C39计算机、通信和其他电子设备制造业,2026-06-13
600708,K70房地产业,2026-06-13
600710,F51批发业,2026-06-13
600711,B09有色金属矿采选业,2026-06-13
600712,F52零售业,2026-06-13
600713,F51批发业,2026-06-13
600714,C26化学原料和化学制品制造业,2026-06-13
600715,R87广播、电视、电影和录音制作业,2026-06-13
600716,K70房地产业,2026-06-13
600717,G55水上运输业,2026-06-13
600718,I65软件和信息技术服务业,2026-06-13
600719,D44电力、热力生产和供应业,2026-06-13
600720,M74专业技术服务业,2026-06-13
600721,M73研究和试验发展,2026-06-13
600722,C26化学原料和化学制品制造业,2026-06-13
600724,C30非金属矿物制品业,2026-06-13
600725,F51批发业,2026-06-13
600726,D44电力、热力生产和供应业,2026-06-13
600727,C26化学原料和化学制品制造业,2026-06-13
600728,I65软件和信息技术服务业,2026-06-13
600729,F52零售业,2026-06-13
600730,P83教育,2026-06-13
600731,C26化学原料和化学制品制造业,2026-06-13
600732,C38电气机械和器材制造业,2026-06-13
600733,C36汽车制造业,2026-06-13
600734,I65软件和信息技术服务业,2026-06-13
600736,K70房地产业,2026-06-13
600737,C13农副食品加工业,2026-06-13
600738,F52零售业,2026-06-13
600739,F51批发业,2026-06-13
600740,C25石油、煤炭及其他燃料加工业,2026-06-13
600741,C36汽车制造业,2026-06-13
600742,C36汽车制造业,2026-06-13
600743,K70房地产业,2026-06-13
600744,D44电力、热力生产和供应业,2026-06-13
600745,C39计算机、通信和其他电子设备制造业,2026-06-13
600746,C26化学原料和化学制品制造业,2026-06-13
600748,K70房地产业,2026-06-13
600749,N78公共设施管理业,2026-06-13
600750,C27医药制造业,2026-06-13
600751,G55水上运输业,2026-06-13
600754,H61住宿业,2026-06-13
600755,L72商务服务业,2026-06-13
600756,I65软件和信息技术服务业,2026-06-13
600757,R86新闻和出版业,2026-06-13
600758,B06煤炭开采和洗选业,2026-06-13
600759,B07石油和天然气开采业,2026-06-13
600760,C37铁路、船舶、航空航天和其他运输设备制造业,2026-06-13
600761,C34通用设备制造业,2026-06-13
600763,Q84卫生,2026-06-13
600764,C39计算机、通信和其他电子设备制造业,2026-06-13
600765,C37铁路、船舶、航空航天和其他运输设备制造业,2026-06-13
600768,C32有色金属冶炼和压延加工业,2026-06-13
600769,D46水的生产和供应业,2026-06-13
600770,D44电力、热力生产和供应业,2026-06-13
600771,C27医药制造业,2026-06-13
600773,K70房地产业,2026-06-13
600774,C27医药制造业,2026-06-13
600775,C39计算机、通信和其他电子设备制造业,2026-06-13
600776,C39计算机、通信和其他电子设备制造业,2026-06-13
600778,F52零售业,2026-06-13
600779,C15酒、饮料和精制茶制造业,2026-06-13
600780,D44电力、热力生产和供应业,2026-06-13
600782,C31黑色金属冶炼和压延加工业,2026-06-13
600783,J67资本市场服务,2026-06-13
600784,C14食品制造业,2026-06-13
600785,F52零售业,2026-06-13
600787,G59装卸搬运和仓储业,2026-06-13
600789,C27医药制造业,2026-06-13
600790,L72商务服务业,2026-06-13
600791,K70房地产业,2026-06-13
600792,C25石油、煤炭及其他燃料加工业,2026-06-13
600793,C22造纸和纸制品业,2026-06-13
600794,G59装卸搬运和仓储业,2026-06-13
600795,D44电力、热力生产和供应业,2026-06-13
600796,D46水的生产和供应业,2026-06-13
600797,I65软件和信息技术服务业,2026-06-13
600798,G55水上运输业,2026-06-13
600800,C26化学原料和化学制品制造业,2026-06-13
600801,C30非金属矿物制品业,2026-06-13
600802,C30非金属矿物制品业,2026-06-13
600803,D45燃气生产和供应业,2026-06-13
600805,S91综合,2026-06-13
600807,C27医药制造业,2026-06-13
600808,C31黑色金属冶炼和压延加工业,2026-06-13
600809,C15酒、饮料和精制茶制造业,2026-06-13
600810,C28化学纤维制造业,2026-06-13
600812,C27医药制造业,2026-06-13
600814,F52零售业,2026-06-13
600815,C35专用设备制造业,2026-06-13
600816,J69其他金融业,2026-06-13
600817,C35专用设备制造业,2026-06-13
600818,C37铁路、船舶、航空航天和其他运输设备制造业,2026-06-13
600819,C30非金属矿物制品业,2026-06-13
600820,E48土木工程建筑业,2026-06-13
600821,D44电力、热力生产和供应业,2026-06-13
600822,F51批发业,2026-06-13
600824,F52零售业,2026-06-13
600825,R86新闻和出版业,2026-06-13
600826,L72商务服务业,2026-06-13
600827,F52零售业,2026-06-13
600828,F52零售业,2026-06-13
600829,F51批发业,2026-06-13
600830,J69其他金融业,2026-06-13
600831,I63电信、广播电视和卫星传输服务,2026-06-13
600833,F52零售业,2026-06-13
600834,S91综合,2026-06-13
600835,C34通用设备制造业,2026-06-13
600838,F52零售业,2026-06-13
600839,C39计算机、通信和其他电子设备制造业,2026-06-13
600841,C34通用设备制造业,2026-06-13
600843,C35专用设备制造业,2026-06-13
600844,C26化学原料和化学制品制造业,2026-06-13
600845,I65软件和信息技术服务业,2026-06-13
600846,E48土木工程建筑业,2026-06-13
600847,C38电气机械和器材制造业,2026-06-13
600848,K70房地产业,2026-06-13
600850,I65软件和信息技术服务业,2026-06-13
600851,C27医药制造业,2026-06-13
600853,E48土木工程建筑业,2026-06-13
600854,C38电气机械和器材制造业,2026-06-13
600855,C35专用设备制造业,2026-06-13
600857,F52零售业,2026-06-13
600858,F52零售业,2026-06-13
600859,F52零售业,2026-06-13
600860,C35专用设备制造业,2026-06-13
600861,L72商务服务业,2026-06-13
600862,C37铁路、船舶、航空航天和其他运输设备制造业,2026-06-13
600863,D44电力、热力生产和供应业,2026-06-13
600864,J67资本市场服务,2026-06-13
600865,F52零售业,2026-06-13
600866,C14食品制造业,2026-06-13
600867,C27医药制造业,2026-06-13
600868,D44电力、热力生产和供应业,2026-06-13
600869,C38电气机械和器材制造业,2026-06-13
600871,B11开采专业及辅助性活动,2026-06-13
600872,C14食品制造业,2026-06-13
600873,C14食品制造业,2026-06-13
600874,D46水的生产和供应业,2026-06-13
600875,C34通用设备制造业,2026-06-13
600876,C30非金属矿物制品业,2026-06-13
600877,C39计算机、通信和其他电子设备制造业,2026-06-13
600879,C37铁路、船舶、航空航天和其他运输设备制造业,2026-06-13
600880,R86新闻和出版业,2026-06-13
600881,C30非金属矿物制品业,2026-06-13
600882,C14食品制造业,2026-06-13
600883,C13农副食品加工业,2026-06-13
600884,C39计算机、通信和其他电子设备制造业,2026-06-13
600885,C38电气机械和器材制造业,2026-06-13
600886,D44电力、热力生产和供应业,2026-06-13
600887,C14食品制造业,2026-06-13
600888,C39计算机、通信和其他电子设备制造业,2026-06-13
600889,C28化学纤维制造业,2026-06-13
600893,C37铁路、船舶、航空航天和其他运输设备制造业,2026-06-13
600894,C34通用设备制造业,2026-06-13
600895,K70房地产业,2026-06-13
600897,G56航空运输业,2026-06-13
600900,D44电力、热力生产和供应业,2026-06-13
600901,J66货币金融服务,2026-06-13
600903,D45燃气生产和供应业,2026-06-13
600905,D44电力、热力生产和供应业,2026-06-13
600906,J67资本市场服务,2026-06-13
600908,J66货币金融服务,2026-06-13
600909,J67资本市场服务,2026-06-13
600916,F52零售业,2026-06-13
600917,D45燃气生产和供应业,2026-06-13
600918,J67资本市场服务,2026-06-13
600919,J66货币金融服务,2026-06-13
600925,B06煤炭开采和洗选业,2026-06-13
600926,J66货币金融服务,2026-06-13
600927,J67资本市场服务,2026-06-13
600928,J66货币金融服务,2026-06-13
600929,C14食品制造业,2026-06-13
600930,D44电力、热力生产和供应业,2026-06-13
600933,C36汽车制造业,2026-06-13
600935,C26化学原料和化学制品制造业,2026-06-13
600936,I63电信、广播电视和卫星传输服务,2026-06-13
600938,B07石油和天然气开采业,2026-06-13
600939,E47房屋建筑业,2026-06-13
600941,I63电信、广播电视和卫星传输服务,2026-06-13
600955,C26化学原料和化学制品制造业,2026-06-13
600956,D45燃气生产和供应业,2026-06-13
600958,J67资本市场服务,2026-06-13
600959,I63电信、广播电视和卫星传输服务,2026-06-13
600960,C36汽车制造业,2026-06-13
600961,C32有色金属冶炼和压延加工业,2026-06-13
600962,C15酒、饮料和精制茶制造业,2026-06-13
600963,C22造纸和纸制品业,2026-06-13
600965,C13农副食品加工业,2026-06-13
600966,C22造纸和纸制品业,2026-06-13
600967,C37铁路、船舶、航空航天和其他运输设备制造业,2026-06-13
600968,B11开采专业及辅助性活动,2026-06-13
600969,D44电力、热力生产和供应业,2026-06-13
600970,E48土木工程建筑业,2026-06-13
600971,B06煤炭开采和洗选业,2026-06-13
600973,C38电气机械和器材制造业,2026-06-13
600975,A03畜牧业,2026-06-13
600976,F51批发业,2026-06-13
600977,R87广播、电视、电影和录音制作业,2026-06-13
600979,D44电力、热力生产和供应业,2026-06-13
600980,C35专用设备制造业,2026-06-13
600981,F51批发业,2026-06-13
600982,D44电力、热力生产和供应业,2026-06-13
600983,C38电气机械和器材制造业,2026-06-13
600984,L71租赁业,2026-06-13
600985,B06煤炭开采和洗选业,2026-06-13
600986,I64互联网和相关服务,2026-06-13
600987,C17纺织业,2026-06-13
600988,B09有色金属矿采选业,2026-06-13
600989,C26化学原料和化学制品制造业,2026-06-13
600990,C39计算机、通信和其他电子设备制造业,2026-06-13
600992,C33金属制品业,2026-06-13
600993,C27医药制造业,2026-06-13
600995,D44电力、热力生产和供应业,2026-06-13
600996,I63电信、广播电视和卫星传输服务,2026-06-13
600997,C25石油、煤炭及其他燃料加工业,2026-06-13
600998,F51批发业,2026-06-13
600999,J67资本市场服务,2026-06-13
601000,G55水上运输业,2026-06-13
601001,B06煤炭开采和洗选业,2026-06-13
601002,C34通用设备制造业,2026-06-13
601003,C31黑色金属冶炼和压延加工业,2026-06-13
601005,C31黑色金属冶炼和压延加工业,2026-06-13
601006,G53铁路运输业,2026-06-13
601007,H61住宿业,2026-06-13
601008,G55水上运输业,2026-06-13
601009,J66货币金融服务,2026-06-13
601010,F52零售业,2026-06-13
601011,C25石油、煤炭及其他燃料加工业,2026-06-13
601012,C38电气机械和器材制造业,2026-06-13
601015,C25石油、煤炭及其他燃料加工业,2026-06-13
601016,D44电力、热力生产和供应业,2026-06-13
601018,G55水上运输业,2026-06-13
601019,R86新闻和出版业,2026-06-13
601020,B09有色金属矿采选业,2026-06-13
601021,G56航空运输业,2026-06-13
601022,G55水上运输业,2026-06-13
601026,C26化学原料和化学制品制造业,2026-06-13
601033,N77生态保护和环境治理业,2026-06-13
601038,C35专用设备制造业,2026-06-13
601058,C29橡胶和塑料制品业,2026-06-13
601059,J67资本市场服务,2026-06-13
601061,F51批发业,2026-06-13
601065,C26化学原料和化学制品制造业,2026-06-13
601066,J67资本市场服务,2026-06-13
601068,E48土木工程建筑业,2026-06-13
601069,B09有色金属矿采选业,2026-06-13
601077,J66货币金融服务,2026-06-13
601083,G55水上运输业,2026-06-13
601086,F52零售业,2026-06-13
601088,B06煤炭开采和洗选业,2026-06-13
601089,C27医药制造业,2026-06-13
601096,C33金属制品业,2026-06-13
601098,R86新闻和出版业,2026-06-13
601099,J67资本市场服务,2026-06-13
601100,C34通用设备制造业,2026-06-13
601101,B06煤炭开采和洗选业,2026-06-13
601106,C35专用设备制造业,2026-06-13
601107,G54道路运输业,2026-06-13
601108,J67资本市场服务,2026-06-13
601111,G56航空运输业,2026-06-13
601113,F52零售业,2026-06-13
601116,F52零售业,2026-06-13
601117,E48土木工程建筑业,2026-06-13
601118,A01农业,2026-06-13
601121,B08黑色金属矿采选业,2026-06-13
601126,C38电气机械和器材制造业,2026-06-13
601127,C36汽车制造业,2026-06-13
601128,J66货币金融服务,2026-06-13
601133,E49建筑安装业,2026-06-13
601136,J67资本市场服务,2026-06-13
601137,C32有色金属冶炼和压延加工业,2026-06-13
601138,C39计算机、通信和其他电子设备制造业,2026-06-13
601139,D45燃气生产和供应业,2026-06-13
601155,K70房地产业,2026-06-13
601156,G56航空运输业,2026-06-13
601158,D46水的生产和供应业,2026-06-13
601162,J67资本市场服务,2026-06-13
601163,C29橡胶和塑料制品业,2026-06-13
601166,J66货币金融服务,2026-06-13
601168,B09有色金属矿采选业,2026-06-13
601169,J66货币金融服务,2026-06-13
601177,C34通用设备制造业,2026-06-13
601179,C38电气机械和器材制造业,2026-06-13
601186,E48土木工程建筑业,2026-06-13
601187,J66货币金融服务,2026-06-13
601188,G54道路运输业,2026-06-13
601198,J67资本市场服务,2026-06-13
601199,D46水的生产和供应业,2026-06-13
601200,N77生态保护和环境治理业,2026-06-13
601208,C26化学原料和化学制品制造业,2026-06-13
601211,J67资本市场服务,2026-06-13
601212,C32有色金属冶炼和压延加工业,2026-06-13
601216,C26化学原料和化学制品制造业,2026-06-13
601218,C33金属制品业,2026-06-13
601222,C38电气机械和器材制造业,2026-06-13
601225,B06煤炭开采和洗选业,2026-06-13
601226,M74专业技术服务业,2026-06-13
601228,G55水上运输业,2026-06-13
601229,J66货币金融服务,2026-06-13
601231,C39计算机、通信和其他电子设备制造业,2026-06-13
601233,C28化学纤维制造业,2026-06-13
601236,J67资本市场服务,2026-06-13
601238,C36汽车制造业,2026-06-13
601279,C36汽车制造业,2026-06-13
601288,J66货币金融服务,2026-06-13
601298,G55水上运输业,2026-06-13
601311,C38电气机械和器材制造业,2026-06-13
601318,J68保险业,2026-06-13
601319,J68保险业,2026-06-13
601326,G55水上运输业,2026-06-13
601328,J66货币金融服务,2026-06-13
601330,N77生态保护和环境治理业,2026-06-13
601333,G53铁路运输业,2026-06-13
601336,J68保险业,2026-06-13
601339,C17纺织业,2026-06-13
601360,I64互联网和相关服务,2026-06-13
601366,F52零售业,2026-06-13
601368,D46水的生产和供应业,2026-06-13
601369,C34通用设备制造业,2026-06-13
601375,J67资本市场服务,2026-06-13
601377,J67资本市场服务,2026-06-13
601388,C42废弃资源综合利用业,2026-06-13
601390,E48土木工程建筑业,2026-06-13
601398,J66货币金融服务,2026-06-13
601399,C35专用设备制造业,2026-06-13
601456,J67资本市场服务,2026-06-13
601500,C29橡胶和塑料制品业,2026-06-13
601512,K70房地产业,2026-06-13
601515,C27医药制造业,2026-06-13
601518,G54道路运输业,2026-06-13
601519,J69其他金融业,2026-06-13
601528,J66货币金融服务,2026-06-13
601555,J67资本市场服务,2026-06-13
601566,C18纺织服装、服饰业,2026-06-13
601567,C40仪器仪表制造业,2026-06-13
601568,C26化学原料和化学制品制造业,2026-06-13
601577,J66货币金融服务,2026-06-13
601579,C15酒、饮料和精制茶制造业,2026-06-13
601588,K70房地产业,2026-06-13
601595,R87广播、电视、电影和录音制作业,2026-06-13
601598,G58多式联运和运输代理业,2026-06-13
601599,C17纺织业,2026-06-13
601600,C32有色金属冶炼和压延加工业,2026-06-13
601601,J68保险业,2026-06-13
601606,C33金属制品业,2026-06-13
601607,F52零售业,2026-06-13
601608,C35专用设备制造业,2026-06-13
601609,C32有色金属冶炼和压延加工业,2026-06-13
601611,E48土木工程建筑业,2026-06-13
601615,C34通用设备制造业,2026-06-13
601616,C38电气机械和器材制造业,2026-06-13
601618,E48土木工程建筑业,2026-06-13
601619,D44电力、热力生产和供应业,2026-06-13
601628,J68保险业,2026-06-13
601633,C36汽车制造业,2026-06-13
601636,C30非金属矿物制品业,2026-06-13
601658,J66货币金融服务,2026-06-13
601665,J66货币金融服务,2026-06-13
601666,B06煤炭开采和洗选业,2026-06-13
601668,E48土木工程建筑业,2026-06-13
601669,E48土木工程建筑业,2026-06-13
601677,C32有色金属冶炼和压延加工业,2026-06-13
601678,C26化学原料和化学制品制造业,2026-06-13
601686,C33金属制品业,2026-06-13
601688,J67资本市场服务,2026-06-13
601689,C36汽车制造业,2026-06-13
601696,J67资本市场服务,2026-06-13
601698,I63电信、广播电视和卫星传输服务,2026-06-13
601699,B06煤炭开采和洗选业,2026-06-13
601700,C33金属制品业,2026-06-13
601702,C32有色金属冶炼和压延加工业,2026-06-13
601717,C35专用设备制造业,2026-06-13
601718,C18纺织服装、服饰业,2026-06-13
601727,C34通用设备制造业,2026-06-13
601728,I63电信、广播电视和卫星传输服务,2026-06-13
601766,C37铁路、船舶、航空航天和其他运输设备制造业,2026-06-13
601777,C36汽车制造业,2026-06-13
601778,D44电力、热力生产和供应业,2026-06-13
601788,J67资本市场服务,2026-06-13
601789,E48土木工程建筑业,2026-06-13
601798,C35专用设备制造业,2026-06-13
601799,C36汽车制造业,2026-06-13
601800,E48土木工程建筑业,2026-06-13
601801,R86新闻和出版业,2026-06-13
601808,B11开采专业及辅助性活动,2026-06-13
601811,R86新闻和出版业,2026-06-13
601816,G53铁路运输业,2026-06-13
601818,J66货币金融服务,2026-06-13
601825,J66货币金融服务,2026-06-13
601827,N77生态保护和环境治理业,2026-06-13
601828,L72商务服务业,2026-06-13
601838,J66货币金融服务,2026-06-13
601857,B07石油和天然气开采业,2026-06-13
601858,R86新闻和出版业,2026-06-13
601860,J66货币金融服务,2026-06-13
601865,C30非金属矿物制品业,2026-06-13
601866,G55水上运输业,2026-06-13
601868,E48土木工程建筑业,2026-06-13
601869,C39计算机、通信和其他电子设备制造业,2026-06-13
601872,G55水上运输业,2026-06-13
601877,C38电气机械和器材制造业,2026-06-13
601878,J67资本市场服务,2026-06-13
601880,G55水上运输业,2026-06-13
601881,J67资本市场服务,2026-06-13
601882,C34通用设备制造业,2026-06-13
601886,E50建筑装饰、装修和其他建筑业,2026-06-13
601888,L72商务服务业,2026-06-13
601890,C37铁路、船舶、航空航天和其他运输设备制造业,2026-06-13
601898,B06煤炭开采和洗选业,2026-06-13
601899,B09有色金属矿采选业,2026-06-13
601900,R86新闻和出版业,2026-06-13
601901,J67资本市场服务,2026-06-13
601908,C38电气机械和器材制造业,2026-06-13
601916,J66货币金融服务,2026-06-13
601918,B06煤炭开采和洗选业,2026-06-13
601919,G55水上运输业,2026-06-13
601921,R86新闻和出版业,2026-06-13
601928,R86新闻和出版业,2026-06-13
601929,I63电信、广播电视和卫星传输服务,2026-06-13
601933,F52零售业,2026-06-13
601939,J66货币金融服务,2026-06-13
601949,R86新闻和出版业,2026-06-13
601952,C13农副食品加工业,2026-06-13
601956,C34通用设备制造业,2026-06-13
601958,B09有色金属矿采选业,2026-06-13
601963,J66货币金融服务,2026-06-13
601965,M74专业技术服务业,2026-06-13
601966,C29橡胶和塑料制品业,2026-06-13
601968,C33金属制品业,2026-06-13
601969,B08黑色金属矿采选业,2026-06-13
601975,G55水上运输业,2026-06-13
601985,D44电力、热力生产和供应业,2026-06-13
601988,J66货币金融服务,2026-06-13
601990,J67资本市场服务,2026-06-13
601991,D44电力、热力生产和供应业,2026-06-13
601992,C30非金属矿物制品业,2026-06-13
601995,J67资本市场服务,2026-06-13
601996,C20木材加工和木、竹、藤、棕、草制品业,2026-06-13
601997,J66货币金融服务,2026-06-13
601998,J66货币金融服务,2026-06-13
601999,R86新闻和出版业,2026-06-13
603000,I64互联网和相关服务,2026-06-13
603001,C19皮革、毛皮、羽毛及其制品和制鞋业,2026-06-13
603002,C39计算机、通信和其他电子设备制造业,2026-06-13
603004,C26化学原料和化学制品制造业,2026-06-13
603005,C39计算机、通信和其他电子设备制造业,2026-06-13
603006,C36汽车制造业,2026-06-13
603008,C21家具制造业,2026-06-13
603009,C36汽车制造业,2026-06-13
603010,C26化学原料和化学制品制造业,2026-06-13
603011,C34通用设备制造业,2026-06-13
603012,C35专用设备制造业,2026-06-13
603013,C36汽车制造业,2026-06-13
603014,C35专用设备制造业,2026-06-13
603015,C40仪器仪表制造业,2026-06-13
603016,C38电气机械和器材制造业,2026-06-13
603017,M74专业技术服务业,2026-06-13
603018,M74专业技术服务业,2026-06-13
603019,C39计算机、通信和其他电子设备制造业,2026-06-13
603020,C14食品制造业,2026-06-13
603022,C20木材加工和木、竹、藤、棕、草制品业,2026-06-13
603023,C39计算机、通信和其他电子设备制造业,2026-06-13
603025,C39计算机、通信和其他电子设备制造业,2026-06-13
603026,C26化学原料和化学制品制造业,2026-06-13
603027,C14食品制造业,2026-06-13
603028,C33金属制品业,2026-06-13
603029,C35专用设备制造业,2026-06-13
603030,E50建筑装饰、装修和其他建筑业,2026-06-13
603031,C38电气机械和器材制造业,2026-06-13
603032,C35专用设备制造业,2026-06-13
603033,C29橡胶和塑料制品业,2026-06-13
603035,C36汽车制造业,2026-06-13
603036,C35专用设备制造业,2026-06-13
603037,C36汽车制造业,2026-06-13
603038,C41其他制造业,2026-06-13
603039,I65软件和信息技术服务业,2026-06-13
603040,C36汽车制造业,2026-06-13
603041,C26化学原料和化学制品制造业,2026-06-13
603042,C39计算机、通信和其他电子设备制造业,2026-06-13
603043,C14食品制造业,2026-06-13
603045,C38电气机械和器材制造业,2026-06-13
603048,C36汽车制造业,2026-06-13
603049,C29橡胶和塑料制品业,2026-06-13
603050,C38电气机械和器材制造业,2026-06-13
603051,C29橡胶和塑料制品业,2026-06-13
603052,C39计算机、通信和其他电子设备制造业,2026-06-13
603053,D45燃气生产和供应业,2026-06-13
603055,C17纺织业,2026-06-13
603057,C13农副食品加工业,2026-06-13
603058,C23印刷和记录媒介复制业,2026-06-13
603059,C41其他制造业,2026-06-13
603060,M74专业技术服务业,2026-06-13
603061,C35专用设备制造业,2026-06-13
603062,C26化学原料和化学制品制造业,2026-06-13
603063,C38电气机械和器材制造业,2026-06-13
603065,C26化学原料和化学制品制造业,2026-06-13
603066,G59装卸搬运和仓储业,2026-06-13
603067,C26化学原料和化学制品制造业,2026-06-13
603068,C39计算机、通信和其他电子设备制造业,2026-06-13
603069,G54道路运输业,2026-06-13
603070,C38电气机械和器材制造业,2026-06-13
603071,F51批发业,2026-06-13
603072,C39计算机、通信和其他电子设备制造业,2026-06-13
603073,C17纺织业,2026-06-13
603075,C38电气机械和器材制造业,2026-06-13
603076,C35专用设备制造业,2026-06-13
603077,C26化学原料和化学制品制造业,2026-06-13
603078,C26化学原料和化学制品制造业,2026-06-13
603079,C14食品制造业,2026-06-13
603080,D45燃气生产和供应业,2026-06-13
603081,C35专用设备制造业,2026-06-13
603082,C34通用设备制造业,2026-06-13
603083,C39计算机、通信和其他电子设备制造业,2026-06-13
603085,C36汽车制造业,2026-06-13
603086,C26化学原料和化学制品制造业,2026-06-13
603087,C27医药制造业,2026-06-13
603088,C34通用设备制造业,2026-06-13
603089,C36汽车制造业,2026-06-13
603090,C34通用设备制造业,2026-06-13
603091,C22造纸和纸制品业,2026-06-13
603092,C34通用设备制造业,2026-06-13
603093,J67资本市场服务,2026-06-13
603095,C35专用设备制造业,2026-06-13
603096,R86新闻和出版业,2026-06-13
603097,C38电气机械和器材制造业,2026-06-13
603098,E50建筑装饰、装修和其他建筑业,2026-06-13
603099,N78公共设施管理业,2026-06-13
603100,C40仪器仪表制造业,2026-06-13
603101,F52零售业,2026-06-13
603102,C14食品制造业,2026-06-13
603103,R87广播、电视、电影和录音制作业,2026-06-13
603105,D44电力、热力生产和供应业,2026-06-13
603106,C39计算机、通信和其他电子设备制造业,2026-06-13
603107,C36汽车制造业,2026-06-13
603108,F51批发业,2026-06-13
603109,C38电气机械和器材制造业,2026-06-13
603110,C26化学原料和化学制品制造业,2026-06-13
603111,C37铁路、船舶、航空航天和其他运输设备制造业,2026-06-13
603112,C33金属制品业,2026-06-13
603113,C26化学原料和化学制品制造业,2026-06-13
603115,C39计算机、通信和其他电子设备制造业,2026-06-13
603116,C19皮革、毛皮、羽毛及其制品和制鞋业,2026-06-13
603117,G55水上运输业,2026-06-13
603118,C39计算机、通信和其他电子设备制造业,2026-06-13
603119,C30非金属矿物制品业,2026-06-13
603120,C26化学原料和化学制品制造业,2026-06-13
603121,C36汽车制造业,2026-06-13
603122,F51批发业,2026-06-13
603123,F52零售业,2026-06-13
603124,C39计算机、通信和其他电子设备制造业,2026-06-13
603125,C26化学原料和化学制品制造业,2026-06-13
603126,M74专业技术服务业,2026-06-13
603127,M73研究和试验发展,2026-06-13
603128,G58多式联运和运输代理业,2026-06-13
603129,C37铁路、船舶、航空航天和其他运输设备制造业,2026-06-13
603130,C17纺织业,2026-06-13
603131,C34通用设备制造业,2026-06-13
603132,B09有色金属矿采选业,2026-06-13
603135,C35专用设备制造业,2026-06-13
603136,N78公共设施管理业,2026-06-13
603137,E50建筑装饰、装修和其他建筑业,2026-06-13
603138,I65软件和信息技术服务业,2026-06-13
603139,C27医药制造业,2026-06-13
603150,C38电气机械和器材制造业,2026-06-13
603151,C13农副食品加工业,2026-06-13
603153,M74专业技术服务业,2026-06-13
603155,C26化学原料和化学制品制造业,2026-06-13
603156,C15酒、饮料和精制茶制造业,2026-06-13
603158,C36汽车制造业,2026-06-13
603159,C29橡胶和塑料制品业,2026-06-13
603160,C39计算机、通信和其他电子设备制造业,2026-06-13
603161,C36汽车制造业,2026-06-13
603162,G55水上运输业,2026-06-13
603163,E49建筑安装业,2026-06-13
603165,C22造纸和纸制品业,2026-06-13
603166,C36汽车制造业,2026-06-13
603167,G55水上运输业,2026-06-13
603168,C27医药制造业,2026-06-13
603169,C35专用设备制造业,2026-06-13
603170,C14食品制造业,2026-06-13
603171,I64互联网和相关服务,2026-06-13
603172,C26化学原料和化学制品制造业,2026-06-13
603173,C34通用设备制造业,2026-06-13
603175,C39计算机、通信和其他电子设备制造业,2026-06-13
603176,E48土木工程建筑业,2026-06-13
603177,N77生态保护和环境治理业,2026-06-13
603178,C36汽车制造业,2026-06-13
603179,C36汽车制造业,2026-06-13
603180,C21家具制造业,2026-06-13
603181,C26化学原料和化学制品制造业,2026-06-13
603182,C13农副食品加工业,2026-06-13
603183,M74专业技术服务业,2026-06-13
603185,C38电气机械和器材制造业,2026-06-13
603186,C39计算机、通信和其他电子设备制造业,2026-06-13
603187,C34通用设备制造业,2026-06-13
603188,C26化学原料和化学制品制造业,2026-06-13
603189,I65软件和信息技术服务业,2026-06-13
603190,C36汽车制造业,2026-06-13
603191,C38电气机械和器材制造业,2026-06-13
603192,C26化学原料和化学制品制造业,2026-06-13
603193,C26化学原料和化学制品制造业,2026-06-13
603194,C34通用设备制造业,2026-06-13
603195,C38电气机械和器材制造业,2026-06-13
603196,C18纺织服装、服饰业,2026-06-13
603197,C36汽车制造业,2026-06-13
603198,C15酒、饮料和精制茶制造业,2026-06-13
603199,N78公共设施管理业,2026-06-13
603200,N77生态保护和环境治理业,2026-06-13
603201,C34通用设备制造业,2026-06-13
603202,C36汽车制造业,2026-06-13
603203,C35专用设备制造业,2026-06-13
603205,C35专用设备制造业,2026-06-13
603206,I65软件和信息技术服务业,2026-06-13
603207,C27医药制造业,2026-06-13
603208,C20木材加工和木、竹、藤、棕、草制品业,2026-06-13
603209,G55水上运输业,2026-06-13
603210,C36汽车制造业,2026-06-13
603211,C36汽车制造业,2026-06-13
603212,C29橡胶和塑料制品业,2026-06-13
603213,C26化学原料和化学制品制造业,2026-06-13
603214,F52零售业,2026-06-13
603215,C38电气机械和器材制造业,2026-06-13
603216,C20木材加工和木、竹、藤、棕、草制品业,2026-06-13
603217,C26化学原料和化学制品制造业,2026-06-13
603218,C34通用设备制造业,2026-06-13
603219,C38电气机械和器材制造业,2026-06-13
603220,I65软件和信息技术服务业,2026-06-13
603221,C29橡胶和塑料制品业,2026-06-13
603222,C35专用设备制造业,2026-06-13
603223,D45燃气生产和供应业,2026-06-13
603225,C28化学纤维制造业,2026-06-13
603226,C20木材加工和木、竹、藤、棕、草制品业,2026-06-13
603227,C26化学原料和化学制品制造业,2026-06-13
603228,C39计算机、通信和其他电子设备制造业,2026-06-13
603229,C27医药制造业,2026-06-13
603230,R86新闻和出版业,2026-06-13
603231,C13农副食品加工业,2026-06-13
603232,I65软件和信息技术服务业,2026-06-13
603233,F52零售业,2026-06-13
603235,C14食品制造业,2026-06-13
603236,C39计算机、通信和其他电子设备制造业,2026-06-13
603237,C14食品制造业,2026-06-13
603238,C17纺织业,2026-06-13
603239,C36汽车制造业,2026-06-13
603248,C34通用设备制造业,2026-06-13
603255,C26化学原料和化学制品制造业,2026-06-13
603256,C30非金属矿物制品业,2026-06-13
603257,M74专业技术服务业,2026-06-13
603258,I64互联网和相关服务,2026-06-13
603259,M73研究和试验发展,2026-06-13
603260,C26化学原料和化学制品制造业,2026-06-13
603262,C14食品制造业,2026-06-13
603266,C29橡胶和塑料制品业,2026-06-13
603267,C39计算机、通信和其他电子设备制造业,2026-06-13
603269,C34通用设备制造业,2026-06-13
603270,C34通用设备制造业,2026-06-13
603271,C32有色金属冶炼和压延加工业,2026-06-13
603272,C24文教、工美、体育和娱乐用品制造业,2026-06-13
603273,C35专用设备制造业,2026-06-13
603275,C40仪器仪表制造业,2026-06-13
603276,C26化学原料和化学制品制造业,2026-06-13
603277,C34通用设备制造业,2026-06-13
603278,C33金属制品业,2026-06-13
603279,C34通用设备制造业,2026-06-13
603280,C35专用设备制造业,2026-06-13
603281,C26化学原料和化学制品制造业,2026-06-13
603282,C35专用设备制造业,2026-06-13
603283,C35专用设备制造业,2026-06-13
603285,C26化学原料和化学制品制造业,2026-06-13
603286,C36汽车制造业,2026-06-13
603288,C14食品制造业,2026-06-13
603289,C35专用设备制造业,2026-06-13
603290,C39计算机、通信和其他电子设备制造业,2026-06-13
603291,D46水的生产和供应业,2026-06-13
603296,C39计算机、通信和其他电子设备制造业,2026-06-13
603297,C40仪器仪表制造业,2026-06-13
603298,C34通用设备制造业,2026-06-13
603299,C26化学原料和化学制品制造业,2026-06-13
603300,L71租赁业,2026-06-13
603301,C27医药制造业,2026-06-13
603303,C38电气机械和器材制造业,2026-06-13
603305,C36汽车制造业,2026-06-13
603306,C36汽车制造业,2026-06-13
603307,C17纺织业,2026-06-13
603308,C34通用设备制造业,2026-06-13
603309,C35专用设备制造业,2026-06-13
603310,C26化学原料和化学制品制造业,2026-06-13
603311,C35专用设备制造业,2026-06-13
603312,C38电气机械和器材制造业,2026-06-13
603313,C21家具制造业,2026-06-13
603315,N77生态保护和环境治理业,2026-06-13
603316,E48土木工程建筑业,2026-06-13
603317,C14食品制造业,2026-06-13
603318,D45燃气生产和供应业,2026-06-13
603319,C36汽车制造业,2026-06-13
603320,C34通用设备制造业,2026-06-13
603321,C34通用设备制造业,2026-06-13
603322,I65软件和信息技术服务业,2026-06-13
603323,J66货币金融服务,2026-06-13
603324,C35专用设备制造业,2026-06-13
603325,C34通用设备制造业,2026-06-13
603326,C21家具制造业,2026-06-13
603327,C39计算机、通信和其他电子设备制造业,2026-06-13
603328,C39计算机、通信和其他电子设备制造业,2026-06-13
603329,L72商务服务业,2026-06-13
603330,C29橡胶和塑料制品业,2026-06-13
603331,C34通用设备制造业,2026-06-13
603332,C28化学纤维制造业,2026-06-13
603333,C38电气机械和器材制造业,2026-06-13
603334,C42废弃资源综合利用业,2026-06-13
603335,C36汽车制造业,2026-06-13
603336,C13农副食品加工业,2026-06-13
603337,C35专用设备制造业,2026-06-13
603338,C35专用设备制造业,2026-06-13
603339,C33金属制品业,2026-06-13
603341,C39计算机、通信和其他电子设备制造业,2026-06-13
603344,C38电气机械和器材制造业,2026-06-13
603345,C13农副食品加工业,2026-06-13
603348,C36汽车制造业,2026-06-13
603350,C38电气机械和器材制造业,2026-06-13
603351,C25石油、煤炭及其他燃料加工业,2026-06-13
603352,C36汽车制造业,2026-06-13
603353,F52零售业,2026-06-13
603355,C38电气机械和器材制造业,2026-06-13
603356,C34通用设备制造业,2026-06-13
603357,M74专业技术服务业,2026-06-13
603358,C36汽车制造业,2026-06-13
603359,E48土木工程建筑业,2026-06-13
603360,C26化学原料和化学制品制造业,2026-06-13
603363,C13农副食品加工业,2026-06-13
603365,C17纺织业,2026-06-13
603366,C38电气机械和器材制造业,2026-06-13
603367,C27医药制造业,2026-06-13
603368,F51批发业,2026-06-13
603369,C15酒、饮料和精制茶制造业,2026-06-13
603370,C38电气机械和器材制造业,2026-06-13
603373,L72商务服务业,2026-06-13
603375,C39计算机、通信和其他电子设备制造业,2026-06-13
603376,C36汽车制造业,2026-06-13
603378,C26化学原料和化学制品制造业,2026-06-13
603379,C26化学原料和化学制品制造业,2026-06-13
603380,C39计算机、通信和其他电子设备制造业,2026-06-13
603381,C38电气机械和器材制造业,2026-06-13
603382,C26化学原料和化学制品制造业,2026-06-13
603383,I65软件和信息技术服务业,2026-06-13
603385,C30非金属矿物制品业,2026-06-13
603386,C39计算机、通信和其他电子设备制造业,2026-06-13
603387,C27医药制造业,2026-06-13
603390,C39计算机、通信和其他电子设备制造业,2026-06-13
603391,C34通用设备制造业,2026-06-13
603392,C27医药制造业,2026-06-13
603393,D45燃气生产和供应业,2026-06-13
603395,C26化学原料和化学制品制造业,2026-06-13
603396,C35专用设备制造业,2026-06-13
603399,C32有色金属冶炼和压延加工业,2026-06-13
603400,C34通用设备制造业,2026-06-13
603402,R88文化艺术业,2026-06-13
603406,C28化学纤维制造业,2026-06-13
603408,C29橡胶和塑料制品业,2026-06-13
603409,C36汽车制造业,2026-06-13
603416,C40仪器仪表制造业,2026-06-13
603418,C36汽车制造业,2026-06-13
603421,C40仪器仪表制造业,2026-06-13
603429,C23印刷和记录媒介复制业,2026-06-13
603439,C27医药制造业,2026-06-13
603444,I64互联网和相关服务,2026-06-13
603456,C27医药制造业,2026-06-13
603458,M74专业技术服务业,2026-06-13
603466,R88文化艺术业,2026-06-13
603477,A03畜牧业,2026-06-13
603486,C39计算机、通信和其他电子设备制造业,2026-06-13
603488,C34通用设备制造业,2026-06-13
603489,C38电气机械和器材制造业,2026-06-13
603496,C39计算机、通信和其他电子设备制造业,2026-06-13
603499,C23印刷和记录媒介复制业,2026-06-13
603500,C37铁路、船舶、航空航天和其他运输设备制造业,2026-06-13
603501,C39计算机、通信和其他电子设备制造业,2026-06-13
603505,B10非金属矿采选业,2026-06-13
603506,K70房地产业,2026-06-13
603507,C38电气机械和器材制造业,2026-06-13
603508,C37铁路、船舶、航空航天和其他运输设备制造业,2026-06-13
603511,C18纺织服装、服饰业,2026-06-13
603515,C38电气机械和器材制造业,2026-06-13
603516,C39计算机、通信和其他电子设备制造业,2026-06-13
603518,C18纺织服装、服饰业,2026-06-13
603519,C38电气机械和器材制造业,2026-06-13
603520,C27医药制造业,2026-06-13
603527,C32有色金属冶炼和压延加工业,2026-06-13
603528,I65软件和信息技术服务业,2026-06-13
603529,C37铁路、船舶、航空航天和其他运输设备制造业,2026-06-13
603530,C38电气机械和器材制造业,2026-06-13
603533,I64互联网和相关服务,2026-06-13
603535,G59装卸搬运和仓储业,2026-06-13
603536,C13农副食品加工业,2026-06-13
603538,C27医药制造业,2026-06-13
603551,C38电气机械和器材制造业,2026-06-13
603556,C40仪器仪表制造业,2026-06-13
603558,C18纺织服装、服饰业,2026-06-13
603565,G55水上运输业,2026-06-13
603566,C27医药制造业,2026-06-13
603567,C27医药制造业,2026-06-13
603568,N77生态保护和环境治理业,2026-06-13
603569,G54道路运输业,2026-06-13
603577,C33金属制品业,2026-06-13
603578,C30非金属矿物制品业,2026-06-13
603579,C38电气机械和器材制造业,2026-06-13
603583,C38电气机械和器材制造业,2026-06-13
603585,C26化学原料和化学制品制造业,2026-06-13
603586,C36汽车制造业,2026-06-13
603587,C18纺织服装、服饰业,2026-06-13
603588,N77生态保护和环境治理业,2026-06-13
603589,C15酒、饮料和精制茶制造业,2026-06-13
603590,C27医药制造业,2026-06-13
603596,C36汽车制造业,2026-06-13
603598,L72商务服务业,2026-06-13
603599,C26化学原料和化学制品制造业,2026-06-13
603600,C21家具制造业,2026-06-13
603601,C30非金属矿物制品业,2026-06-13
603602,I65软件和信息技术服务业,2026-06-13
603605,C26化学原料和化学制品制造业,2026-06-13
603606,C38电气机械和器材制造业,2026-06-13
603607,C22造纸和纸制品业,2026-06-13
603608,C19皮革、毛皮、羽毛及其制品和制鞋业,2026-06-13
603609,C13农副食品加工业,2026-06-13
603610,C21家具制造业,2026-06-13
603611,C34通用设备制造业,2026-06-13
603612,C30非金属矿物制品业,2026-06-13
603613,I64互联网和相关服务,2026-06-13
603615,C29橡胶和塑料制品业,2026-06-13
603616,C30非金属矿物制品业,2026-06-13
603617,C34通用设备制造业,2026-06-13
603618,C38电气机械和器材制造业,2026-06-13
603619,B07石油和天然气开采业,2026-06-13
603626,C33金属制品业,2026-06-13
603628,C38电气机械和器材制造业,2026-06-13
603629,C33金属制品业,2026-06-13
603630,C26化学原料和化学制品制造业,2026-06-13
603633,C39计算机、通信和其他电子设备制造业,2026-06-13
603636,I65软件和信息技术服务业,2026-06-13
603637,E48土木工程建筑业,2026-06-13
603638,C35专用设备制造业,2026-06-13
603639,C26化学原料和化学制品制造业,2026-06-13
603648,L72商务服务业,2026-06-13
603650,C26化学原料和化学制品制造业,2026-06-13
603655,C29橡胶和塑料制品业,2026-06-13
603656,C35专用设备制造业,2026-06-13
603657,C29橡胶和塑料制品业,2026-06-13
603658,C27医药制造业,2026-06-13
603659,C39计算机、通信和其他电子设备制造业,2026-06-13
603660,C39计算机、通信和其他电子设备制造业,2026-06-13
603661,C21家具制造业,2026-06-13
603662,C39计算机、通信和其他电子设备制造业,2026-06-13
603663,C30非金属矿物制品业,2026-06-13
603665,C17纺织业,2026-06-13
603666,C34通用设备制造业,2026-06-13
603667,C34通用设备制造业,2026-06-13
603668,C13农副食品加工业,2026-06-13
603669,C27医药制造业,2026-06-13
603676,C27医药制造业,2026-06-13
603677,C38电气机械和器材制造业,2026-06-13
603678,C39计算机、通信和其他电子设备制造业,2026-06-13
603679,C38电气机械和器材制造业,2026-06-13
603680,C37铁路、船舶、航空航天和其他运输设备制造业,2026-06-13
603681,C26化学原料和化学制品制造业,2026-06-13
603682,L72商务服务业,2026-06-13
603683,C26化学原料和化学制品制造业,2026-06-13
603685,C38电气机械和器材制造业,2026-06-13
603686,N78公共设施管理业,2026-06-13
603687,C22造纸和纸制品业,2026-06-13
603688,C30非金属矿物制品业,2026-06-13
603689,D45燃气生产和供应业,2026-06-13
603690,C35专用设备制造业,2026-06-13
603693,D44电力、热力生产和供应业,2026-06-13
603696,C14食品制造业,2026-06-13
603697,C13农副食品加工业,2026-06-13
603698,C35专用设备制造业,2026-06-13
603699,C34通用设备制造业,2026-06-13
603700,C40仪器仪表制造业,2026-06-13
603701,C38电气机械和器材制造业,2026-06-13
603703,C38电气机械和器材制造业,2026-06-13
603706,D45燃气生产和供应业,2026-06-13
603707,C27医药制造业,2026-06-13
603708,F52零售业,2026-06-13
603709,C21家具制造业,2026-06-13
603711,C15酒、饮料和精制茶制造业,2026-06-13
603712,C39计算机、通信和其他电子设备制造业,2026-06-13
603713,G58多式联运和运输代理业,2026-06-13
603716,F51批发业,2026-06-13
603717,A03畜牧业,2026-06-13
603718,C27医药制造业,2026-06-13
603719,F52零售业,2026-06-13
603722,C26化学原料和化学制品制造业,2026-06-13
603725,C30非金属矿物制品业,2026-06-13
603726,C29橡胶和塑料制品业,2026-06-13
603727,B11开采专业及辅助性活动,2026-06-13
603728,C38电气机械和器材制造业,2026-06-13
603729,L72商务服务业,2026-06-13
603730,C36汽车制造业,2026-06-13
603733,C22造纸和纸制品业,2026-06-13
603737,C26化学原料和化学制品制造业,2026-06-13
603738,C39计算机、通信和其他电子设备制造业,2026-06-13
603739,C14食品制造业,2026-06-13
603755,C14食品制造业,2026-06-13
603757,C34通用设备制造业,2026-06-13
603758,C36汽车制造业,2026-06-13
603759,D46水的生产和供应业,2026-06-13
603766,C37铁路、船舶、航空航天和其他运输设备制造业,2026-06-13
603767,C36汽车制造业,2026-06-13
603768,C36汽车制造业,2026-06-13
603773,C39计算机、通信和其他电子设备制造业,2026-06-13
603776,I65软件和信息技术服务业,2026-06-13
603777,F52零售业,2026-06-13
603778,C38电气机械和器材制造业,2026-06-13
603779,C15酒、饮料和精制茶制造业,2026-06-13
603786,C36汽车制造业,2026-06-13
603787,C37铁路、船舶、航空航天和其他运输设备制造业,2026-06-13
603788,C36汽车制造业,2026-06-13
603790,C26化学原料和化学制品制造业,2026-06-13
603797,N77生态保护和环境治理业,2026-06-13
603798,C25石油、煤炭及其他燃料加工业,2026-06-13
603799,C32有色金属冶炼和压延加工业,2026-06-13
603800,C35专用设备制造业,2026-06-13
603801,C21家具制造业,2026-06-13
603803,C39计算机、通信和其他电子设备制造业,2026-06-13
603806,C29橡胶和塑料制品业,2026-06-13
603808,C18纺织服装、服饰业,2026-06-13
603809,C36汽车制造业,2026-06-13
603810,C26化学原料和化学制品制造业,2026-06-13
603811,C27医药制造业,2026-06-13
603815,E48土木工程建筑业,2026-06-13
603816,C21家具制造业,2026-06-13
603817,D46水的生产和供应业,2026-06-13
603818,C21家具制造业,2026-06-13
603819,C38电气机械和器材制造业,2026-06-13
603822,C25石油、煤炭及其他燃料加工业,2026-06-13
603823,C26化学原料和化学制品制造业,2026-06-13
603826,C26化学原料和化学制品制造业,2026-06-13
603829,C38电气机械和器材制造业,2026-06-13
603833,C21家具制造业,2026-06-13
603836,L72商务服务业,2026-06-13
603839,C18纺织服装、服饰业,2026-06-13
603848,C33金属制品业,2026-06-13
603855,C35专用设备制造业,2026-06-13
603856,C29橡胶和塑料制品业,2026-06-13
603858,C27医药制造业,2026-06-13
603859,I65软件和信息技术服务业,2026-06-13
603860,M74专业技术服务业,2026-06-13
603861,C38电气机械和器材制造业,2026-06-13
603863,C22造纸和纸制品业,2026-06-13
603866,C14食品制造业,2026-06-13
603867,C26化学原料和化学制品制造业,2026-06-13
603868,C38电气机械和器材制造业,2026-06-13
603871,G58多式联运和运输代理业,2026-06-13
603876,C32有色金属冶炼和压延加工业,2026-06-13
603877,C18纺织服装、服饰业,2026-06-13
603878,C31黑色金属冶炼和压延加工业,2026-06-13
603879,C26化学原料和化学制品制造业,2026-06-13
603880,C27医药制造业,2026-06-13
603881,I65软件和信息技术服务业,2026-06-13
603882,Q84卫生,2026-06-13
603883,F52零售业,2026-06-13
603885,G56航空运输业,2026-06-13
603886,C14食品制造业,2026-06-13
603887,I65软件和信息技术服务业,2026-06-13
603888,I64互联网和相关服务,2026-06-13
603889,C17纺织业,2026-06-13
603890,C39计算机、通信和其他电子设备制造业,2026-06-13
603893,C39计算机、通信和其他电子设备制造业,2026-06-13
603895,C35专用设备制造业,2026-06-13
603896,C27医药制造业,2026-06-13
603897,C38电气机械和器材制造业,2026-06-13
603898,C21家具制造业,2026-06-13
603899,C24文教、工美、体育和娱乐用品制造业,2026-06-13
603900,F52零售业,2026-06-13
603901,C34通用设备制造业,2026-06-13
603903,N77生态保护和环境治理业,2026-06-13
603906,C39计算机、通信和其他电子设备制造业,2026-06-13
603908,C17纺织业,2026-06-13
603909,E48土木工程建筑业,2026-06-13
603912,C34通用设备制造业,2026-06-13
603915,C34通用设备制造业,2026-06-13
603916,C26化学原料和化学制品制造业,2026-06-13
603917,C35专用设备制造业,2026-06-13
603918,I65软件和信息技术服务业,2026-06-13
603919,C15酒、饮料和精制茶制造业,2026-06-13
603920,C39计算机、通信和其他电子设备制造业,2026-06-13
603922,C36汽车制造业,2026-06-13
603926,C36汽车制造业,2026-06-13
603927,I65软件和信息技术服务业,2026-06-13
603928,C26化学原料和化学制品制造业,2026-06-13
603929,E49建筑安装业,2026-06-13
603931,C26化学原料和化学制品制造业,2026-06-13
603933,C39计算机、通信和其他电子设备制造业,2026-06-13
603936,C39计算机、通信和其他电子设备制造业,2026-06-13
603937,C33金属制品业,2026-06-13
603938,C26化学原料和化学制品制造业,2026-06-13
603939,F52零售业,2026-06-13
603948,C26化学原料和化学制品制造业,2026-06-13
603949,C36汽车制造业,2026-06-13
603950,C36汽车制造业,2026-06-13
603955,E48土木工程建筑业,2026-06-13
603956,C35专用设备制造业,2026-06-13
603958,C19皮革、毛皮、羽毛及其制品和制鞋业,2026-06-13
603959,E48土木工程建筑业,2026-06-13
603960,C35专用设备制造业,2026-06-13
603966,C34通用设备制造业,2026-06-13
603967,G58多式联运和运输代理业,2026-06-13
603968,C26化学原料和化学制品制造业,2026-06-13
603969,C33金属制品业,2026-06-13
603970,F51批发业,2026-06-13
603976,C27医药制造业,2026-06-13
603977,C26化学原料和化学制品制造业,2026-06-13
603978,C32有色金属冶炼和压延加工业,2026-06-13
603979,B11开采专业及辅助性活动,2026-06-13
603980,C26化学原料和化学制品制造业,2026-06-13
603982,C36汽车制造业,2026-06-13
603983,C26化学原料和化学制品制造业,2026-06-13
603985,C33金属制品业,2026-06-13
603986,C39计算机、通信和其他电子设备制造业,2026-06-13
603987,C35专用设备制造业,2026-06-13
603988,C38电气机械和器材制造业,2026-06-13
603989,C39计算机、通信和其他电子设备制造业,2026-06-13
603990,I65软件和信息技术服务业,2026-06-13
603991,C29橡胶和塑料制品业,2026-06-13
603992,C29橡胶和塑料制品业,2026-06-13
603993,B09有色金属矿采选业,2026-06-13
603995,C31黑色金属冶炼和压延加工业,2026-06-13
603997,C36汽车制造业,2026-06-13
603998,C27医药制造业,2026-06-13
603999,R86新闻和出版业,2026-06-13
605001,C37铁路、船舶、航空航天和其他运输设备制造业,2026-06-13
605003,C17纺织业,2026-06-13
605005,C36汽车制造业,2026-06-13
605006,C30非金属矿物制品业,2026-06-13
605007,C22造纸和纸制品业,2026-06-13
605008,C26化学原料和化学制品制造业,2026-06-13
605009,C22造纸和纸制品业,2026-06-13
605011,D44电力、热力生产和供应业,2026-06-13
605016,C14食品制造业,2026-06-13
605018,C36汽车制造业,2026-06-13
605020,C26化学原料和化学制品制造业,2026-06-13
605028,D44电力、热力生产和供应业,2026-06-13
605033,C26化学原料和化学制品制造业,2026-06-13
605050,G58多式联运和运输代理业,2026-06-13
605055,C17纺织业,2026-06-13
605056,F51批发业,2026-06-13
605058,C39计算机、通信和其他电子设备制造业,2026-06-13
605060,C34通用设备制造业,2026-06-13
605066,C38电气机械和器材制造业,2026-06-13
605068,C19皮革、毛皮、羽毛及其制品和制鞋业,2026-06-13
605069,N77生态保护和环境治理业,2026-06-13
605077,C14食品制造业,2026-06-13
605080,C17纺织业,2026-06-13
605086,B10非金属矿采选业,2026-06-13
605088,C36汽车制造业,2026-06-13
605089,C13农副食品加工业,2026-06-13
605090,D45燃气生产和供应业,2026-06-13
605098,P83教育,2026-06-13
605099,C29橡胶和塑料制品业,2026-06-13
605100,C34通用设备制造业,2026-06-13
605108,H62餐饮业,2026-06-13
605111,C39计算机、通信和其他电子设备制造业,2026-06-13
605116,C27医药制造业,2026-06-13
605117,C38电气机械和器材制造业,2026-06-13
605118,C39计算机、通信和其他电子设备制造业,2026-06-13
605122,C30非金属矿物制品业,2026-06-13
605123,C33金属制品业,2026-06-13
605128,C36汽车制造业,2026-06-13
605133,C36汽车制造业,2026-06-13
605136,F52零售业,2026-06-13
605138,C18纺织服装、服饰业,2026-06-13
605151,C36汽车制造业,2026-06-13
605155,C17纺织业,2026-06-13
605158,C33金属制品业,2026-06-13
605162,D44电力、热力生产和供应业,2026-06-13
605166,C26化学原料和化学制品制造业,2026-06-13
605167,E48土木工程建筑业,2026-06-13
605168,L72商务服务业,2026-06-13
605169,D45燃气生产和供应业,2026-06-13
605177,C27医药制造业,2026-06-13
605178,E50建筑装饰、装修和其他建筑业,2026-06-13
605179,C14食品制造业,2026-06-13
605180,C17纺织业,2026-06-13
605183,C26化学原料和化学制品制造业,2026-06-13
605186,C35专用设备制造业,2026-06-13
605188,F52零售业,2026-06-13
605189,C17纺织业,2026-06-13
605196,C38电气机械和器材制造业,2026-06-13
605198,C15酒、饮料和精制茶制造业,2026-06-13
605208,C32有色金属冶炼和压延加工业,2026-06-13
605218,C39计算机、通信和其他电子设备制造业,2026-06-13
605222,C38电气机械和器材制造业,2026-06-13
605228,C36汽车制造业,2026-06-13
605255,C29橡胶和塑料制品业,2026-06-13
605258,C39计算机、通信和其他电子设备制造业,2026-06-13
605259,C34通用设备制造业,2026-06-13
605266,F52零售业,2026-06-13
605268,C33金属制品业,2026-06-13
605277,C38电气机械和器材制造业,2026-06-13
605286,C34通用设备制造业,2026-06-13
605287,E50建筑装饰、装修和其他建筑业,2026-06-13
605288,C38电气机械和器材制造业,2026-06-13
605289,E50建筑装饰、装修和其他建筑业,2026-06-13
605296,A03畜牧业,2026-06-13
605298,C37铁路、船舶、航空航天和其他运输设备制造业,2026-06-13
605299,C24文教、工美、体育和娱乐用品制造业,2026-06-13
605300,C14食品制造业,2026-06-13
605303,E48土木工程建筑业,2026-06-13
605305,C35专用设备制造业,2026-06-13
605318,C41其他制造业,2026-06-13
605319,C36汽车制造业,2026-06-13
605333,C36汽车制造业,2026-06-13
605336,C38电气机械和器材制造业,2026-06-13
605337,C15酒、饮料和精制茶制造业,2026-06-13
605338,C14食品制造业,2026-06-13
605339,C14食品制造业,2026-06-13
605358,C39计算机、通信和其他电子设备制造业,2026-06-13
605365,C38电气机械和器材制造业,2026-06-13
605366,C26化学原料和化学制品制造业,2026-06-13
605368,D45燃气生产和供应业,2026-06-13
605369,C35专用设备制造业,2026-06-13
605376,C39计算机、通信和其他电子设备制造业,2026-06-13
605377,C22造纸和纸制品业,2026-06-13
605378,C38电气机械和器材制造业,2026-06-13
605388,C15酒、饮料和精制茶制造业,2026-06-13
605389,C34通用设备制造业,2026-06-13
605398,I65软件和信息技术服务业,2026-06-13
605399,C26化学原料和化学制品制造业,2026-06-13
605488,C29橡胶和塑料制品业,2026-06-13
605499,C15酒、饮料和精制茶制造业,2026-06-13
605500,C22造纸和纸制品业,2026-06-13
605507,C27医药制造业,2026-06-13
605555,C38电气机械和器材制造业,2026-06-13
605566,C26化学原料和化学制品制造业,2026-06-13
605567,C13农副食品加工业,2026-06-13
605577,R86新闻和出版业,2026-06-13
605580,D44电力、热力生产和供应业,2026-06-13
605588,C39计算机、通信和其他电子设备制造业,2026-06-13
605589,C26化学原料和化学制品制造业,2026-06-13
605598,E48土木工程建筑业,2026-06-13
605599,F52零售业,2026-06-13
000001,J66货币金融服务,2026-06-13
000002,K70房地产业,2026-06-13
000006,K70房地产业,2026-06-13
000007,K70房地产业,2026-06-13
000008,C37铁路、船舶、航空航天和其他运输设备制造业,2026-06-13
000009,J69其他金融业,2026-06-13
000010,E48土木工程建筑业,2026-06-13
000011,K70房地产业,2026-06-13
000012,C30非金属矿物制品业,2026-06-13
000014,K70房地产业,2026-06-13
000016,C39计算机、通信和其他电子设备制造业,2026-06-13
000017,C24文教、工美、体育和娱乐用品制造业,2026-06-13
000019,F51批发业,2026-06-13
000020,C39计算机、通信和其他电子设备制造业,2026-06-13
000021,C39计算机、通信和其他电子设备制造业,2026-06-13
000025,F51批发业,2026-06-13
000026,F52零售业,2026-06-13
000027,D44电力、热力生产和供应业,2026-06-13
000028,F51批发业,2026-06-13
000029,K70房地产业,2026-06-13
000030,C36汽车制造业,2026-06-13
000031,K70房地产业,2026-06-13
000032,E49建筑安装业,2026-06-13
000034,F51批发业,2026-06-13
000035,N77生态保护和环境治理业,2026-06-13
000036,K70房地产业,2026-06-13
000037,D44电力、热力生产和供应业,2026-06-13
000039,C33金属制品业,2026-06-13
000042,K70房地产业,2026-06-13
000045,C39计算机、通信和其他电子设备制造业,2026-06-13
000048,A03畜牧业,2026-06-13
000049,C38电气机械和器材制造业,2026-06-13
000050,C39计算机、通信和其他电子设备制造业,2026-06-13
000055,C33金属制品业,2026-06-13
000056,L72商务服务业,2026-06-13
000058,L72商务服务业,2026-06-13
000059,C25石油、煤炭及其他燃料加工业,2026-06-13
000060,C32有色金属冶炼和压延加工业,2026-06-13
000061,L72商务服务业,2026-06-13
000062,F51批发业,2026-06-13
000063,C39计算机、通信和其他电子设备制造业,2026-06-13
000065,F51批发业,2026-06-13
000066,C39计算机、通信和其他电子设备制造业,2026-06-13
000068,F51批发业,2026-06-13
000069,K70房地产业,2026-06-13
000070,C39计算机、通信和其他电子设备制造业,2026-06-13
000078,F51批发业,2026-06-13
000088,G55水上运输业,2026-06-13
000089,G56航空运输业,2026-06-13
000090,E48土木工程建筑业,2026-06-13
000096,F51批发业,2026-06-13
000099,G56航空运输业,2026-06-13
000100,C39计算机、通信和其他电子设备制造业,2026-06-13
000151,F51批发业,2026-06-13
000153,C27医药制造业,2026-06-13
000155,D44电力、热力生产和供应业,2026-06-13
000156,I63电信、广播电视和卫星传输服务,2026-06-13
000157,C35专用设备制造业,2026-06-13
000158,I65软件和信息技术服务业,2026-06-13
000159,F51批发业,2026-06-13
000166,J67资本市场服务,2026-06-13
000301,C26化学原料和化学制品制造业,2026-06-13
000333,C38电气机械和器材制造业,2026-06-13
000338,C36汽车制造业,2026-06-13
000400,C38电气机械和器材制造业,2026-06-13
000401,C30非金属矿物制品业,2026-06-13
000402,K70房地产业,2026-06-13
000403,C27医药制造业,2026-06-13
000404,C34通用设备制造业,2026-06-13
000407,D45燃气生产和供应业,2026-06-13
000408,C26化学原料和化学制品制造业,2026-06-13
000409,I65软件和信息技术服务业,2026-06-13
000410,C34通用设备制造业,2026-06-13
000411,F51批发业,2026-06-13
000415,L71租赁业,2026-06-13
000417,F52零售业,2026-06-13
000419,F52零售业,2026-06-13
000420,C28化学纤维制造业,2026-06-13
000421,D45燃气生产和供应业,2026-06-13
000422,C26化学原料和化学制品制造业,2026-06-13
000423,C27医药制造业,2026-06-13
000425,C35专用设备制造业,2026-06-13
000426,B09有色金属矿采选业,2026-06-13
000428,H61住宿业,2026-06-13
000429,G54道路运输业,2026-06-13
000498,E48土木工程建筑业,2026-06-13
000501,F52零售业,2026-06-13
000503,I64互联网和相关服务,2026-06-13
000505,C13农副食品加工业,2026-06-13
000506,B09有色金属矿采选业,2026-06-13
000507,G55水上运输业,2026-06-13
000509,C39计算机、通信和其他电子设备制造业,2026-06-13
000510,C26化学原料和化学制品制造业,2026-06-13
000513,C27医药制造业,2026-06-13
000514,K70房地产业,2026-06-13
000516,Q84卫生,2026-06-13
000517,K70房地产业,2026-06-13
000519,C35专用设备制造业,2026-06-13
000520,G55水上运输业,2026-06-13
000521,C38电气机械和器材制造业,2026-06-13
000523,C13农副食品加工业,2026-06-13
000524,L72商务服务业,2026-06-13
000525,C26化学原料和化学制品制造业,2026-06-13
000526,P83教育,2026-06-13
000528,C35专用设备制造业,2026-06-13
000529,C13农副食品加工业,2026-06-13
000530,C34通用设备制造业,2026-06-13
000531,D44电力、热力生产和供应业,2026-06-13
000532,S91综合,2026-06-13
000533,C38电气机械和器材制造业,2026-06-13
000534,C27医药制造业,2026-06-13
000536,C39计算机、通信和其他电子设备制造业,2026-06-13
000537,D44电力、热力生产和供应业,2026-06-13
000538,C27医药制造业,2026-06-13
000539,D44电力、热力生产和供应业,2026-06-13
000541,C38电气机械和器材制造业,2026-06-13
000543,D44电力、热力生产和供应业,2026-06-13
000544,D46水的生产和供应业,2026-06-13
000545,C26化学原料和化学制品制造业,2026-06-13
000546,C42废弃资源综合利用业,2026-06-13
000547,C39计算机、通信和其他电子设备制造业,2026-06-13
000548,G54道路运输业,2026-06-13
000550,C36汽车制造业,2026-06-13
000551,C35专用设备制造业,2026-06-13
000552,B06煤炭开采和洗选业,2026-06-13
000553,C26化学原料和化学制品制造业,2026-06-13
000554,F51批发业,2026-06-13
000555,I65软件和信息技术服务业,2026-06-13
000557,G53铁路运输业,2026-06-13
000558,N78公共设施管理业,2026-06-13
000559,C36汽车制造业,2026-06-13
000560,K70房地产业,2026-06-13
000561,C39计算机、通信和其他电子设备制造业,2026-06-13
000563,J69其他金融业,2026-06-13
000564,F52零售业,2026-06-13
000565,C26化学原料和化学制品制造业,2026-06-13
000566,C27医药制造业,2026-06-13
000567,J69其他金融业,2026-06-13
000568,C15酒、饮料和精制茶制造业,2026-06-13
000570,C34通用设备制造业,2026-06-13
000571,B06煤炭开采和洗选业,2026-06-13
000572,C36汽车制造业,2026-06-13
000573,C42废弃资源综合利用业,2026-06-13
000576,C39计算机、通信和其他电子设备制造业,2026-06-13
000581,C36汽车制造业,2026-06-13
000582,G55水上运输业,2026-06-13
000586,C38电气机械和器材制造业,2026-06-13
000589,C29橡胶和塑料制品业,2026-06-13
000590,C27医药制造业,2026-06-13
000591,D44电力、热力生产和供应业,2026-06-13
000592,C20木材加工和木、竹、藤、棕、草制品业,2026-06-13
000593,D45燃气生产和供应业,2026-06-13
000596,C15酒、饮料和精制茶制造业,2026-06-13
000597,C27医药制造业,2026-06-13
000598,D46水的生产和供应业,2026-06-13
000599,C29橡胶和塑料制品业,2026-06-13
000600,D44电力、热力生产和供应业,2026-06-13
000601,D44电力、热力生产和供应业,2026-06-13
000603,B09有色金属矿采选业,2026-06-13
000605,D46水的生产和供应业,2026-06-13
000607,L72商务服务业,2026-06-13
000610,L72商务服务业,2026-06-13
000612,C32有色金属冶炼和压延加工业,2026-06-13
000617,J66货币金融服务,2026-06-13
000619,C29橡胶和塑料制品业,2026-06-13
000620,K70房地产业,2026-06-13
000623,C27医药制造业,2026-06-13
000625,C36汽车制造业,2026-06-13
000626,F51批发业,2026-06-13
000628,E47房屋建筑业,2026-06-13
000629,C32有色金属冶炼和压延加工业,2026-06-13
000630,C32有色金属冶炼和压延加工业,2026-06-13
000631,K70房地产业,2026-06-13
000632,F51批发业,2026-06-13
000633,C32有色金属冶炼和压延加工业,2026-06-13
000635,C26化学原料和化学制品制造业,2026-06-13
000636,C39计算机、通信和其他电子设备制造业,2026-06-13
000637,C26化学原料和化学制品制造业,2026-06-13
000639,C13农副食品加工业,2026-06-13
000650,C27医药制造业,2026-06-13
000651,C38电气机械和器材制造业,2026-06-13
000652,F51批发业,2026-06-13
000655,B08黑色金属矿采选业,2026-06-13
000657,C33金属制品业,2026-06-13
000659,C29橡胶和塑料制品业,2026-06-13
000661,C27医药制造业,2026-06-13
000663,A02林业,2026-06-13
000665,I63电信、广播电视和卫星传输服务,2026-06-13
000670,F51批发业,2026-06-13
000672,C30非金属矿物制品业,2026-06-13
000676,L72商务服务业,2026-06-13
000677,C17纺织业,2026-06-13
000678,C36汽车制造业,2026-06-13
000679,F52零售业,2026-06-13
000680,C35专用设备制造业,2026-06-13
000681,I64互联网和相关服务,2026-06-13
000682,I65软件和信息技术服务业,2026-06-13
000683,C26化学原料和化学制品制造业,2026-06-13
000685,D46水的生产和供应业,2026-06-13
000686,J67资本市场服务,2026-06-13
000688,B09有色金属矿采选业,2026-06-13
000690,D44电力、热力生产和供应业,2026-06-13
000692,D44电力、热力生产和供应业,2026-06-13
000695,C30非金属矿物制品业,2026-06-13
000700,C36汽车制造业,2026-06-13
000701,F51批发业,2026-06-13
000702,C13农副食品加工业,2026-06-13
000703,C28化学纤维制造业,2026-06-13
000705,F51批发业,2026-06-13
000707,C26化学原料和化学制品制造业,2026-06-13
000708,C31黑色金属冶炼和压延加工业,2026-06-13
000709,C31黑色金属冶炼和压延加工业,2026-06-13
000710,M74专业技术服务业,2026-06-13
000712,J67资本市场服务,2026-06-13
000713,A05农、林、牧、渔专业及辅助性活动,2026-06-13
000715,F52零售业,2026-06-13
000716,C14食品制造业,2026-06-13
000717,C31黑色金属冶炼和压延加工业,2026-06-13
000718,K70房地产业,2026-06-13
000719,R86新闻和出版业,2026-06-13
000720,C38电气机械和器材制造业,2026-06-13
000721,H62餐饮业,2026-06-13
000722,D44电力、热力生产和供应业,2026-06-13
000723,C25石油、煤炭及其他燃料加工业,2026-06-13
000725,C39计算机、通信和其他电子设备制造业,2026-06-13
000726,C17纺织业,2026-06-13
000727,C39计算机、通信和其他电子设备制造业,2026-06-13
000728,J67资本市场服务,2026-06-13
000729,C15酒、饮料和精制茶制造业,2026-06-13
000731,C26化学原料和化学制品制造业,2026-06-13
000733,C39计算机、通信和其他电子设备制造业,2026-06-13
000735,A03畜牧业,2026-06-13
000737,C32有色金属冶炼和压延加工业,2026-06-13
000738,C37铁路、船舶、航空航天和其他运输设备制造业,2026-06-13
000739,C27医药制造业,2026-06-13
000750,J67资本市场服务,2026-06-13
000751,C32有色金属冶炼和压延加工业,2026-06-13
000753,F52零售业,2026-06-13
000755,G54道路运输业,2026-06-13
000756,C27医药制造业,2026-06-13
000757,F52零售业,2026-06-13
000758,B09有色金属矿采选业,2026-06-13
000759,F52零售业,2026-06-13
000761,C31黑色金属冶炼和压延加工业,2026-06-13
000762,B09有色金属矿采选业,2026-06-13
000766,C27医药制造业,2026-06-13
000767,D44电力、热力生产和供应业,2026-06-13
000768,C37铁路、船舶、航空航天和其他运输设备制造业,2026-06-13
000776,J67资本市场服务,2026-06-13
000777,C34通用设备制造业,2026-06-13
000778,C33金属制品业,2026-06-13
000779,M74专业技术服务业,2026-06-13
000782,C28化学纤维制造业,2026-06-13
000783,J67资本市场服务,2026-06-13
000785,L72商务服务业,2026-06-13
000786,C30非金属矿物制品业,2026-06-13
000788,C27医药制造业,2026-06-13
000789,C30非金属矿物制品业,2026-06-13
000790,C27医药制造业,2026-06-13
000791,D44电力、热力生产和供应业,2026-06-13
000792,C26化学原料和化学制品制造业,2026-06-13
000795,C30非金属矿物制品业,2026-06-13
000796,L72商务服务业,2026-06-13
000797,K70房地产业,2026-06-13
000798,A04渔业,2026-06-13
000799,C15酒、饮料和精制茶制造业,2026-06-13
000800,C36汽车制造业,2026-06-13
000801,C39计算机、通信和其他电子设备制造业,2026-06-13
000802,R87广播、电视、电影和录音制作业,2026-06-13
000803,N77生态保护和环境治理业,2026-06-13
000807,C32有色金属冶炼和压延加工业,2026-06-13
000809,C38电气机械和器材制造业,2026-06-13
000810,C39计算机、通信和其他电子设备制造业,2026-06-13
000811,C34通用设备制造业,2026-06-13
000812,C23印刷和记录媒介复制业,2026-06-13
000813,C27医药制造业,2026-06-13
000815,C22造纸和纸制品业,2026-06-13
000816,C34通用设备制造业,2026-06-13
000818,C26化学原料和化学制品制造业,2026-06-13
000819,C25石油、煤炭及其他燃料加工业,2026-06-13
000821,C35专用设备制造业,2026-06-13
000822,C26化学原料和化学制品制造业,2026-06-13
000823,C39计算机、通信和其他电子设备制造业,2026-06-13
000825,C31黑色金属冶炼和压延加工业,2026-06-13
000826,N78公共设施管理业,2026-06-13
000828,G54道路运输业,2026-06-13
000829,F51批发业,2026-06-13
000830,C26化学原料和化学制品制造业,2026-06-13
000831,C32有色金属冶炼和压延加工业,2026-06-13
000833,S91综合,2026-06-13
000837,C34通用设备制造业,2026-06-13
000838,K70房地产业,2026-06-13
000839,I65软件和信息技术服务业,2026-06-13
000848,C15酒、饮料和精制茶制造业,2026-06-13
000850,C17纺织业,2026-06-13
000852,C35专用设备制造业,2026-06-13
000856,C35专用设备制造业,2026-06-13
000858,C15酒、饮料和精制茶制造业,2026-06-13
000859,C29橡胶和塑料制品业,2026-06-13
000860,C15酒、饮料和精制茶制造业,2026-06-13
000862,D44电力、热力生产和供应业,2026-06-13
000863,K70房地产业,2026-06-13
000868,C36汽车制造业,2026-06-13
000869,C15酒、饮料和精制茶制造业,2026-06-13
000875,D44电力、热力生产和供应业,2026-06-13
000876,C13农副食品加工业,2026-06-13
000877,C30非金属矿物制品业,2026-06-13
000878,C32有色金属冶炼和压延加工业,2026-06-13
000880,C34通用设备制造业,2026-06-13
000881,C26化学原料和化学制品制造业,2026-06-13
000882,L72商务服务业,2026-06-13
000883,D44电力、热力生产和供应业,2026-06-13
000885,N77生态保护和环境治理业,2026-06-13
000886,G54道路运输业,2026-06-13
000887,C29橡胶和塑料制品业,2026-06-13
000888,N78公共设施管理业,2026-06-13
000889,I65软件和信息技术服务业,2026-06-13
000890,C33金属制品业,2026-06-13
000892,R87广播、电视、电影和录音制作业,2026-06-13
000893,C26化学原料和化学制品制造业,2026-06-13
000895,C13农副食品加工业,2026-06-13
000897,K70房地产业,2026-06-13
000898,C31黑色金属冶炼和压延加工业,2026-06-13
000899,D44电力、热力生产和供应业,2026-06-13
000900,G54道路运输业,2026-06-13
000901,C36汽车制造业,2026-06-13
000902,C26化学原料和化学制品制造业,2026-06-13
000905,F51批发业,2026-06-13
000906,L72商务服务业,2026-06-13
000910,C20木材加工和木、竹、藤、棕、草制品业,2026-06-13
000911,C13农副食品加工业,2026-06-13
000912,C26化学原料和化学制品制造业,2026-06-13
000913,C37铁路、船舶、航空航天和其他运输设备制造业,2026-06-13
000915,C27医药制造业,2026-06-13
000917,I63电信、广播电视和卫星传输服务,2026-06-13
000919,C27医药制造业,2026-06-13
000920,C26化学原料和化学制品制造业,2026-06-13
000921,C38电气机械和器材制造业,2026-06-13
000922,C38电气机械和器材制造业,2026-06-13
000923,B08黑色金属矿采选业,2026-06-13
000925,C37铁路、船舶、航空航天和其他运输设备制造业,2026-06-13
000926,K70房地产业,2026-06-13
000927,L72商务服务业,2026-06-13
000928,E48土木工程建筑业,2026-06-13
000930,C26化学原料和化学制品制造业,2026-06-13
000931,C27医药制造业,2026-06-13
000932,C31黑色金属冶炼和压延加工业,2026-06-13
000933,C32有色金属冶炼和压延加工业,2026-06-13
000935,C30非金属矿物制品业,2026-06-13
000936,C28化学纤维制造业,2026-06-13
000937,B06煤炭开采和洗选业,2026-06-13
000938,C39计算机、通信和其他电子设备制造业,2026-06-13
000948,I65软件和信息技术服务业,2026-06-13
000949,C28化学纤维制造业,2026-06-13
000950,F51批发业,2026-06-13
000951,C36汽车制造业,2026-06-13
000952,C27医药制造业,2026-06-13
000953,C27医药制造业,2026-06-13
000955,C17纺织业,2026-06-13
000957,C36汽车制造业,2026-06-13
000958,D44电力、热力生产和供应业,2026-06-13
000959,C31黑色金属冶炼和压延加工业,2026-06-13
000960,C32有色金属冶炼和压延加工业,2026-06-13
000962,C32有色金属冶炼和压延加工业,2026-06-13
000963,F52零售业,2026-06-13
000965,K70房地产业,2026-06-13
000966,D44电力、热力生产和供应业,2026-06-13
000967,C35专用设备制造业,2026-06-13
000968,B07石油和天然气开采业,2026-06-13
000969,C33金属制品业,2026-06-13
000970,C39计算机、通信和其他电子设备制造业,2026-06-13
000973,C29橡胶和塑料制品业,2026-06-13
000975,B09有色金属矿采选业,2026-06-13
000977,C39计算机、通信和其他电子设备制造业,2026-06-13
000978,N78公共设施管理业,2026-06-13
000980,C36汽车制造业,2026-06-13
000981,C36汽车制造业,2026-06-13
000983,B06煤炭开采和洗选业,2026-06-13
000985,C26化学原料和化学制品制造业,2026-06-13
000987,J69其他金融业,2026-06-13
000988,C39计算机、通信和其他电子设备制造业,2026-06-13
000989,C27医药制造业,2026-06-13
000990,C26化学原料和化学制品制造业,2026-06-13
000993,D44电力、热力生产和供应业,2026-06-13
000995,C15酒、饮料和精制茶制造业,2026-06-13
000997,I65软件和信息技术服务业,2026-06-13
000998,A05农、林、牧、渔专业及辅助性活动,2026-06-13
000999,C27医药制造业,2026-06-13
001201,A03畜牧业,2026-06-13
001202,G58多式联运和运输代理业,2026-06-13
001203,B08黑色金属矿采选业,2026-06-13
001205,G55水上运输业,2026-06-13
001206,C41其他制造业,2026-06-13
001207,C26化学原料和化学制品制造业,2026-06-13
001208,C38电气机械和器材制造业,2026-06-13
001209,C18纺织服装、服饰业,2026-06-13
001210,D44电力、热力生产和供应业,2026-06-13
001211,C20木材加工和木、竹、藤、棕、草制品业,2026-06-13
001212,C30非金属矿物制品业,2026-06-13
001213,G53铁路运输业,2026-06-13
001215,C14食品制造业,2026-06-13
001216,C30非金属矿物制品业,2026-06-13
001217,C26化学原料和化学制品制造业,2026-06-13
001218,C26化学原料和化学制品制造业,2026-06-13
001219,C14食品制造业,2026-06-13
001221,C33金属制品业,2026-06-13
001222,C41其他制造业,2026-06-13
001223,C35专用设备制造业,2026-06-13
001225,C34通用设备制造业,2026-06-13
001226,C34通用设备制造业,2026-06-13
001227,J66货币金融服务,2026-06-13
001228,L72商务服务业,2026-06-13
001229,C39计算机、通信和其他电子设备制造业,2026-06-13
001230,N78公共设施管理业,2026-06-13
001231,C26化学原料和化学制品制造业,2026-06-13
001233,C29橡胶和塑料制品业,2026-06-13
001234,C18纺织服装、服饰业,2026-06-13
001236,J67资本市场服务,2026-06-13
001238,C21家具制造业,2026-06-13
001239,C33金属制品业,2026-06-13
001255,C26化学原料和化学制品制造业,2026-06-13
001256,C35专用设备制造业,2026-06-13
001258,D44电力、热力生产和供应业,2026-06-13
001259,C38电气机械和器材制造业,2026-06-13
001260,C36汽车制造业,2026-06-13
001266,C40仪器仪表制造业,2026-06-13
001267,C39计算机、通信和其他电子设备制造业,2026-06-13
001268,C34通用设备制造业,2026-06-13
001269,C42废弃资源综合利用业,2026-06-13
001277,C43金属制品、机械和设备修理业,2026-06-13
001278,C36汽车制造业,2026-06-13
001279,C23印刷和记录媒介复制业,2026-06-13
001280,B09有色金属矿采选业,2026-06-13
001282,C36汽车制造业,2026-06-13
001283,C38电气机械和器材制造业,2026-06-13
001285,C39计算机、通信和其他电子设备制造业,2026-06-13
001286,D44电力、热力生产和供应业,2026-06-13
001287,F51批发业,2026-06-13
001288,C34通用设备制造业,2026-06-13
001289,D44电力、热力生产和供应业,2026-06-13
001296,C30非金属矿物制品业,2026-06-13
001298,F51批发业,2026-06-13
001299,D45燃气生产和供应业,2026-06-13
001300,C24文教、工美、体育和娱乐用品制造业,2026-06-13
001301,C30非金属矿物制品业,2026-06-13
001306,C34通用设备制造业,2026-06-13
001308,C39计算机、通信和其他电子设备制造业,2026-06-13
001309,C39计算机、通信和其他电子设备制造业,2026-06-13
001311,C36汽车制造业,2026-06-13
001313,C13农副食品加工业,2026-06-13
001314,C39计算机、通信和其他电子设备制造业,2026-06-13
001316,F51批发业,2026-06-13
001317,G58多式联运和运输代理业,2026-06-13
001318,C14食品制造业,2026-06-13
001319,C36汽车制造业,2026-06-13
001322,C30非金属矿物制品业,2026-06-13
001323,C21家具制造业,2026-06-13
001324,C37铁路、船舶、航空航天和其他运输设备制造业,2026-06-13
001325,C29橡胶和塑料制品业,2026-06-13
001326,C38电气机械和器材制造业,2026-06-13
001328,C26化学原料和化学制品制造业,2026-06-13
001330,R87广播、电视、电影和录音制作业,2026-06-13
001331,D45燃气生产和供应业,2026-06-13
001332,C33金属制品业,2026-06-13
001333,C26化学原料和化学制品制造业,2026-06-13
001335,F51批发业,2026-06-13
001336,C35专用设备制造业,2026-06-13
001337,B09有色金属矿采选业,2026-06-13
001338,C15酒、饮料和精制茶制造业,2026-06-13
001339,C39计算机、通信和其他电子设备制造业,2026-06-13
001356,C29橡胶和塑料制品业,2026-06-13
001358,C26化学原料和化学制品制造业,2026-06-13
001359,C30非金属矿物制品业,2026-06-13
001360,C35专用设备制造业,2026-06-13
001366,C13农副食品加工业,2026-06-13
001367,C27医药制造业,2026-06-13
001368,C29橡胶和塑料制品业,2026-06-13
001369,C26化学原料和化学制品制造业,2026-06-13
001373,C39计算机、通信和其他电子设备制造业,2026-06-13
001376,D44电力、热力生产和供应业,2026-06-13
001378,C29橡胶和塑料制品业,2026-06-13
001379,C34通用设备制造业,2026-06-13
001380,C34通用设备制造业,2026-06-13
001382,C38电气机械和器材制造业,2026-06-13
001386,C30非金属矿物制品业,2026-06-13
001387,C38电气机械和器材制造业,2026-06-13
001388,C39计算机、通信和其他电子设备制造业,2026-06-13
001389,C39计算机、通信和其他电子设备制造业,2026-06-13
001390,C19皮革、毛皮、羽毛及其制品和制鞋业,2026-06-13
001391,G56航空运输业,2026-06-13
001395,C35专用设备制造业,2026-06-13
001396,M74专业技术服务业,2026-06-13
001400,C35专用设备制造业,2026-06-13
001696,C34通用设备制造业,2026-06-13
001872,G55水上运输业,2026-06-13
001896,D44电力、热力生产和供应业,2026-06-13
001914,K70房地产业,2026-06-13
001965,G54道路运输业,2026-06-13
001979,K70房地产业,2026-06-13
002001,C27医药制造业,2026-06-13
002003,C18纺织服装、服饰业,2026-06-13
002004,C26化学原料和化学制品制造业,2026-06-13
002006,C35专用设备制造业,2026-06-13
002007,C27医药制造业,2026-06-13
002008,C35专用设备制造业,2026-06-13
002009,C35专用设备制造业,2026-06-13
002010,L72商务服务业,2026-06-13
002011,C34通用设备制造业,2026-06-13
002012,C22造纸和纸制品业,2026-06-13
002014,C29橡胶和塑料制品业,2026-06-13
002015,D44电力、热力生产和供应业,2026-06-13
002016,K70房地产业,2026-06-13
002017,C39计算机、通信和其他电子设备制造业,2026-06-13
002019,C27医药制造业,2026-06-13
002020,C27医药制造业,2026-06-13
002021,C35专用设备制造业,2026-06-13
002022,C27医药制造业,2026-06-13
002023,C43金属制品、机械和设备修理业,2026-06-13
002025,C39计算机、通信和其他电子设备制造业,2026-06-13
002026,C38电气机械和器材制造业,2026-06-13
002027,L72商务服务业,2026-06-13
002028,C38电气机械和器材制造业,2026-06-13
002029,C18纺织服装、服饰业,2026-06-13
002030,C27医药制造业,2026-06-13
002031,C35专用设备制造业,2026-06-13
002032,C38电气机械和器材制造业,2026-06-13
002033,N78公共设施管理业,2026-06-13
002034,D44电力、热力生产和供应业,2026-06-13
002035,C38电气机械和器材制造业,2026-06-13
002036,C39计算机、通信和其他电子设备制造业,2026-06-13
002037,C26化学原料和化学制品制造业,2026-06-13
002038,C27医药制造业,2026-06-13
002039,D44电力、热力生产和供应业,2026-06-13
002040,G55水上运输业,2026-06-13
002041,A05农、林、牧、渔专业及辅助性活动,2026-06-13
002042,C17纺织业,2026-06-13
002043,C20木材加工和木、竹、藤、棕、草制品业,2026-06-13
002044,Q84卫生,2026-06-13
002045,C39计算机、通信和其他电子设备制造业,2026-06-13
002046,C34通用设备制造业,2026-06-13
002048,C36汽车制造业,2026-06-13
002049,C39计算机、通信和其他电子设备制造业,2026-06-13
002050,C34通用设备制造业,2026-06-13
002051,E48土木工程建筑业,2026-06-13
002052,C39计算机、通信和其他电子设备制造业,2026-06-13
002053,D44电力、热力生产和供应业,2026-06-13
002054,C26化学原料和化学制品制造业,2026-06-13
002055,C39计算机、通信和其他电子设备制造业,2026-06-13
002056,C38电气机械和器材制造业,2026-06-13
002057,C26化学原料和化学制品制造业,2026-06-13
002059,N78公共设施管理业,2026-06-13
002060,E48土木工程建筑业,2026-06-13
002061,E48土木工程建筑业,2026-06-13
002062,E48土木工程建筑业,2026-06-13
002063,I65软件和信息技术服务业,2026-06-13
002064,C28化学纤维制造业,2026-06-13
002065,I65软件和信息技术服务业,2026-06-13
002066,C30非金属矿物制品业,2026-06-13
002067,C22造纸和纸制品业,2026-06-13
002068,C26化学原料和化学制品制造业,2026-06-13
002069,A04渔业,2026-06-13
002072,F51批发业,2026-06-13
002073,C35专用设备制造业,2026-06-13
002074,C38电气机械和器材制造业,2026-06-13
002075,C31黑色金属冶炼和压延加工业,2026-06-13
002077,C39计算机、通信和其他电子设备制造业,2026-06-13
002078,C22造纸和纸制品业,2026-06-13
002079,C39计算机、通信和其他电子设备制造业,2026-06-13
002080,C30非金属矿物制品业,2026-06-13
002081,E50建筑装饰、装修和其他建筑业,2026-06-13
002082,C27医药制造业,2026-06-13
002083,C17纺织业,2026-06-13
002084,C33金属制品业,2026-06-13
002085,C36汽车制造业,2026-06-13
002086,A04渔业,2026-06-13
002088,C30非金属矿物制品业,2026-06-13
002090,C38电气机械和器材制造业,2026-06-13
002091,F51批发业,2026-06-13
002092,C26化学原料和化学制品制造业,2026-06-13
002093,I65软件和信息技术服务业,2026-06-13
002094,C26化学原料和化学制品制造业,2026-06-13
002095,I64互联网和相关服务,2026-06-13
002096,C26化学原料和化学制品制造业,2026-06-13
002097,C35专用设备制造业,2026-06-13
002098,C41其他制造业,2026-06-13
002099,C27医药制造业,2026-06-13
002100,C13农副食品加工业,2026-06-13
002101,C36汽车制造业,2026-06-13
002102,C27医药制造业,2026-06-13
002103,C24文教、工美、体育和娱乐用品制造业,2026-06-13
002104,C39计算机、通信和其他电子设备制造业,2026-06-13
002105,C37铁路、船舶、航空航天和其他运输设备制造业,2026-06-13
002106,C39计算机、通信和其他电子设备制造业,2026-06-13
002107,C27医药制造业,2026-06-13
002108,C29橡胶和塑料制品业,2026-06-13
002109,C26化学原料和化学制品制造业,2026-06-13
002110,C31黑色金属冶炼和压延加工业,2026-06-13
002111,C35专用设备制造业,2026-06-13
002112,C38电气机械和器材制造业,2026-06-13
002114,C32有色金属冶炼和压延加工业,2026-06-13
002115,L72商务服务业,2026-06-13
002116,E48土木工程建筑业,2026-06-13
002117,C23印刷和记录媒介复制业,2026-06-13
002119,C39计算机、通信和其他电子设备制造业,2026-06-13
002120,G60邮政业,2026-06-13
002121,C40仪器仪表制造业,2026-06-13
002123,I65软件和信息技术服务业,2026-06-13
002124,A03畜牧业,2026-06-13
002125,C26化学原料和化学制品制造业,2026-06-13
002126,C36汽车制造业,2026-06-13
002127,L72商务服务业,2026-06-13
002128,B06煤炭开采和洗选业,2026-06-13
002129,C38电气机械和器材制造业,2026-06-13
002130,C39计算机、通信和其他电子设备制造业,2026-06-13
002131,L72商务服务业,2026-06-13
002132,C33金属制品业,2026-06-13
002133,K70房地产业,2026-06-13
002134,C39计算机、通信和其他电子设备制造业,2026-06-13
002135,C33金属制品业,2026-06-13
002136,C26化学原料和化学制品制造业,2026-06-13
002137,C38电气机械和器材制造业,2026-06-13
002138,C39计算机、通信和其他电子设备制造业,2026-06-13
002139,C38电气机械和器材制造业,2026-06-13
002140,E48土木工程建筑业,2026-06-13
002141,C38电气机械和器材制造业,2026-06-13
002142,J66货币金融服务,2026-06-13
002144,C17纺织业,2026-06-13
002145,C26化学原料和化学制品制造业,2026-06-13
002146,K70房地产业,2026-06-13
002148,I65软件和信息技术服务业,2026-06-13
002149,C32有色金属冶炼和压延加工业,2026-06-13
002150,C38电气机械和器材制造业,2026-06-13
002151,C39计算机、通信和其他电子设备制造业,2026-06-13
002152,C39计算机、通信和其他电子设备制造业,2026-06-13
002153,I65软件和信息技术服务业,2026-06-13
002154,C18纺织服装、服饰业,2026-06-13
002155,B09有色金属矿采选业,2026-06-13
002156,C39计算机、通信和其他电子设备制造业,2026-06-13
002157,A03畜牧业,2026-06-13
002158,C34通用设备制造业,2026-06-13
002159,N78公共设施管理业,2026-06-13
002160,C32有色金属冶炼和压延加工业,2026-06-13
002161,C39计算机、通信和其他电子设备制造业,2026-06-13
002162,C30非金属矿物制品业,2026-06-13
002163,E50建筑装饰、装修和其他建筑业,2026-06-13
002164,C34通用设备制造业,2026-06-13
002165,C26化学原料和化学制品制造业,2026-06-13
002166,C27医药制造业,2026-06-13
002167,C32有色金属冶炼和压延加工业,2026-06-13
002169,C38电气机械和器材制造业,2026-06-13
002170,C26化学原料和化学制品制造业,2026-06-13
002171,C32有色金属冶炼和压延加工业,2026-06-13
002172,Q84卫生,2026-06-13
002173,Q84卫生,2026-06-13
002174,I64互联网和相关服务,2026-06-13
002175,C40仪器仪表制造业,2026-06-13
002176,C32有色金属冶炼和压延加工业,2026-06-13
002177,C35专用设备制造业,2026-06-13
002178,I65软件和信息技术服务业,2026-06-13
002179,C39计算机、通信和其他电子设备制造业,2026-06-13
002180,C39计算机、通信和其他电子设备制造业,2026-06-13
002181,L72商务服务业,2026-06-13
002182,C32有色金属冶炼和压延加工业,2026-06-13
002183,L72商务服务业,2026-06-13
002184,C38电气机械和器材制造业,2026-06-13
002185,C39计算机、通信和其他电子设备制造业,2026-06-13
002186,H62餐饮业,2026-06-13
002187,F52零售业,2026-06-13
002188,K70房地产业,2026-06-13
002189,C39计算机、通信和其他电子设备制造业,2026-06-13
002190,C36汽车制造业,2026-06-13
002191,C23印刷和记录媒介复制业,2026-06-13
002192,B09有色金属矿采选业,2026-06-13
002193,C18纺织服装、服饰业,2026-06-13
002194,C39计算机、通信和其他电子设备制造业,2026-06-13
002195,I64互联网和相关服务,2026-06-13
002196,C38电气机械和器材制造业,2026-06-13
002198,C27医药制造业,2026-06-13
002201,C30非金属矿物制品业,2026-06-13
002202,C34通用设备制造业,2026-06-13
002203,C32有色金属冶炼和压延加工业,2026-06-13
002204,C34通用设备制造业,2026-06-13
002205,C30非金属矿物制品业,2026-06-13
002206,C28化学纤维制造业,2026-06-13
002207,B11开采专业及辅助性活动,2026-06-13
002208,K70房地产业,2026-06-13
002209,C35专用设备制造业,2026-06-13
002210,L72商务服务业,2026-06-13
002212,I65软件和信息技术服务业,2026-06-13
002213,C39计算机、通信和其他电子设备制造业,2026-06-13
002215,C26化学原料和化学制品制造业,2026-06-13
002216,C14食品制造业,2026-06-13
002217,C39计算机、通信和其他电子设备制造业,2026-06-13
002218,C38电气机械和器材制造业,2026-06-13
002219,Q84卫生,2026-06-13
002221,F51批发业,2026-06-13
002222,C39计算机、通信和其他电子设备制造业,2026-06-13
002223,C35专用设备制造业,2026-06-13
002224,C29橡胶和塑料制品业,2026-06-13
002225,C30非金属矿物制品业,2026-06-13
002226,C26化学原料和化学制品制造业,2026-06-13
002227,C38电气机械和器材制造业,2026-06-13
002228,C22造纸和纸制品业,2026-06-13
002229,C23印刷和记录媒介复制业,2026-06-13
002230,I65软件和信息技术服务业,2026-06-13
002232,I65软件和信息技术服务业,2026-06-13
002233,C30非金属矿物制品业,2026-06-13
002234,A03畜牧业,2026-06-13
002235,C22造纸和纸制品业,2026-06-13
002236,C39计算机、通信和其他电子设备制造业,2026-06-13
002237,C32有色金属冶炼和压延加工业,2026-06-13
002238,I63电信、广播电视和卫星传输服务,2026-06-13
002239,C36汽车制造业,2026-06-13
002240,C32有色金属冶炼和压延加工业,2026-06-13
002241,C39计算机、通信和其他电子设备制造业,2026-06-13
002242,C38电气机械和器材制造业,2026-06-13
002243,C29橡胶和塑料制品业,2026-06-13
002244,K70房地产业,2026-06-13
002245,C38电气机械和器材制造业,2026-06-13
002246,C26化学原料和化学制品制造业,2026-06-13
002247,C22造纸和纸制品业,2026-06-13
002248,C34通用设备制造业,2026-06-13
002249,C38电气机械和器材制造业,2026-06-13
002250,C26化学原料和化学制品制造业,2026-06-13
002251,F52零售业,2026-06-13
002252,C27医药制造业,2026-06-13
002254,C28化学纤维制造业,2026-06-13
002255,C34通用设备制造业,2026-06-13
002256,D44电力、热力生产和供应业,2026-06-13
002258,C26化学原料和化学制品制造业,2026-06-13
002259,D45燃气生产和供应业,2026-06-13
002261,I65软件和信息技术服务业,2026-06-13
002262,C27医药制造业,2026-06-13
002263,C29橡胶和塑料制品业,2026-06-13
002264,I64互联网和相关服务,2026-06-13
002265,C36汽车制造业,2026-06-13
002266,N77生态保护和环境治理业,2026-06-13
002267,D45燃气生产和供应业,2026-06-13
002268,I65软件和信息技术服务业,2026-06-13
002269,C18纺织服装、服饰业,2026-06-13
002270,C38电气机械和器材制造业,2026-06-13
002271,C30非金属矿物制品业,2026-06-13
002272,C34通用设备制造业,2026-06-13
002273,C39计算机、通信和其他电子设备制造业,2026-06-13
002274,C26化学原料和化学制品制造业,2026-06-13
002275,C27医药制造业,2026-06-13
002276,C38电气机械和器材制造业,2026-06-13
002277,F52零售业,2026-06-13
002278,C35专用设备制造业,2026-06-13
002279,I65软件和信息技术服务业,2026-06-13
002281,C39计算机、通信和其他电子设备制造业,2026-06-13
002282,C30非金属矿物制品业,2026-06-13
002283,C36汽车制造业,2026-06-13
002284,C36汽车制造业,2026-06-13
002285,K70房地产业,2026-06-13
002286,C13农副食品加工业,2026-06-13
002287,C27医药制造业,2026-06-13
002290,C38电气机械和器材制造业,2026-06-13
002291,I64互联网和相关服务,2026-06-13
002292,C24文教、工美、体育和娱乐用品制造业,2026-06-13
002293,C17纺织业,2026-06-13
002294,C27医药制造业,2026-06-13
002295,C32有色金属冶炼和压延加工业,2026-06-13
002296,C38电气机械和器材制造业,2026-06-13
002297,C33金属制品业,2026-06-13
002298,C38电气机械和器材制造业,2026-06-13
002299,C13农副食品加工业,2026-06-13
002300,C38电气机械和器材制造业,2026-06-13
002301,C24文教、工美、体育和娱乐用品制造业,2026-06-13
002302,C30非金属矿物制品业,2026-06-13
002303,C22造纸和纸制品业,2026-06-13
002304,C15酒、饮料和精制茶制造业,2026-06-13
002307,E48土木工程建筑业,2026-06-13
002309,C38电气机械和器材制造业,2026-06-13
002310,D44电力、热力生产和供应业,2026-06-13
002311,C13农副食品加工业,2026-06-13
002312,C26化学原料和化学制品制造业,2026-06-13
002313,C39计算机、通信和其他电子设备制造业,2026-06-13
002314,K70房地产业,2026-06-13
002315,I64互联网和相关服务,2026-06-13
002316,I65软件和信息技术服务业,2026-06-13
002317,C27医药制造业,2026-06-13
002318,C33金属制品业,2026-06-13
002319,C26化学原料和化学制品制造业,2026-06-13
002320,G55水上运输业,2026-06-13
002321,A03畜牧业,2026-06-13
002322,I65软件和信息技术服务业,2026-06-13
002323,E50建筑装饰、装修和其他建筑业,2026-06-13
002324,C29橡胶和塑料制品业,2026-06-13
002326,C26化学原料和化学制品制造业,2026-06-13
002327,C17纺织业,2026-06-13
002328,C36汽车制造业,2026-06-13
002329,C14食品制造业,2026-06-13
002330,C13农副食品加工业,2026-06-13
002331,I65软件和信息技术服务业,2026-06-13
002332,C27医药制造业,2026-06-13
002333,C32有色金属冶炼和压延加工业,2026-06-13
002334,C38电气机械和器材制造业,2026-06-13
002335,C38电气机械和器材制造业,2026-06-13
002337,C35专用设备制造业,2026-06-13
002338,C40仪器仪表制造业,2026-06-13
002339,C38电气机械和器材制造业,2026-06-13
002340,C42废弃资源综合利用业,2026-06-13
002342,C33金属制品业,2026-06-13
002343,R87广播、电视、电影和录音制作业,2026-06-13
002344,L72商务服务业,2026-06-13
002345,C24文教、工美、体育和娱乐用品制造业,2026-06-13
002346,C38电气机械和器材制造业,2026-06-13
002347,C34通用设备制造业,2026-06-13
002348,C24文教、工美、体育和娱乐用品制造业,2026-06-13
002349,C27医药制造业,2026-06-13
002350,C38电气机械和器材制造业,2026-06-13
002351,C39计算机、通信和其他电子设备制造业,2026-06-13
002352,G60邮政业,2026-06-13
002353,C35专用设备制造业,2026-06-13
002354,I64互联网和相关服务,2026-06-13
002355,C36汽车制造业,2026-06-13
002356,F52零售业,2026-06-13
002357,G54道路运输业,2026-06-13
002358,C38电气机械和器材制造业,2026-06-13
002360,C26化学原料和化学制品制造业,2026-06-13
002361,C26化学原料和化学制品制造业,2026-06-13
002362,C39计算机、通信和其他电子设备制造业,2026-06-13
002363,C36汽车制造业,2026-06-13
002364,C38电气机械和器材制造业,2026-06-13
002365,C27医药制造业,2026-06-13
002366,C35专用设备制造业,2026-06-13
002367,C34通用设备制造业,2026-06-13
002368,I65软件和信息技术服务业,2026-06-13
002369,C39计算机、通信和其他电子设备制造业,2026-06-13
002370,C27医药制造业,2026-06-13
002371,C35专用设备制造业,2026-06-13
002372,C29橡胶和塑料制品业,2026-06-13
002373,I65软件和信息技术服务业,2026-06-13
002374,C33金属制品业,2026-06-13
002375,E50建筑装饰、装修和其他建筑业,2026-06-13
002376,C39计算机、通信和其他电子设备制造业,2026-06-13
002377,C25石油、煤炭及其他燃料加工业,2026-06-13
002378,C32有色金属冶炼和压延加工业,2026-06-13
002379,C32有色金属冶炼和压延加工业,2026-06-13
002380,I65软件和信息技术服务业,2026-06-13
002381,C29橡胶和塑料制品业,2026-06-13
002382,C29橡胶和塑料制品业,2026-06-13
002383,C39计算机、通信和其他电子设备制造业,2026-06-13
002384,C39计算机、通信和其他电子设备制造业,2026-06-13
002385,C13农副食品加工业,2026-06-13
002386,C26化学原料和化学制品制造业,2026-06-13
002387,C39计算机、通信和其他电子设备制造业,2026-06-13
002389,C37铁路、船舶、航空航天和其他运输设备制造业,2026-06-13
002390,F51批发业,2026-06-13
002391,C26化学原料和化学制品制造业,2026-06-13
002392,C30非金属矿物制品业,2026-06-13
002393,C27医药制造业,2026-06-13
002394,C17纺织业,2026-06-13
002395,C29橡胶和塑料制品业,2026-06-13
002396,C39计算机、通信和其他电子设备制造业,2026-06-13
002397,C17纺织业,2026-06-13
002398,C26化学原料和化学制品制造业,2026-06-13
002399,C27医药制造业,2026-06-13
002400,L72商务服务业,2026-06-13
002401,I65软件和信息技术服务业,2026-06-13
002402,C39计算机、通信和其他电子设备制造业,2026-06-13
002403,C33金属制品业,2026-06-13
002404,C18纺织服装、服饰业,2026-06-13
002405,I65软件和信息技术服务业,2026-06-13
002406,C36汽车制造业,2026-06-13
002407,C26化学原料和化学制品制造业,2026-06-13
002408,C26化学原料和化学制品制造业,2026-06-13
002409,C26化学原料和化学制品制造业,2026-06-13
002410,I65软件和信息技术服务业,2026-06-13
002412,C27医药制造业,2026-06-13
002413,C39计算机、通信和其他电子设备制造业,2026-06-13
002414,C39计算机、通信和其他电子设备制造业,2026-06-13
002415,C39计算机、通信和其他电子设备制造业,2026-06-13
002416,F51批发业,2026-06-13
002418,C34通用设备制造业,2026-06-13
002419,F52零售业,2026-06-13
002420,C29橡胶和塑料制品业,2026-06-13
002421,I65软件和信息技术服务业,2026-06-13
002422,C27医药制造业,2026-06-13
002423,J68保险业,2026-06-13
002424,C27医药制造业,2026-06-13
002426,C39计算机、通信和其他电子设备制造业,2026-06-13
002427,C28化学纤维制造业,2026-06-13
002428,C32有色金属冶炼和压延加工业,2026-06-13
002429,C39计算机、通信和其他电子设备制造业,2026-06-13
002430,C35专用设备制造业,2026-06-13
002431,E48土木工程建筑业,2026-06-13
002432,C35专用设备制造业,2026-06-13
002434,C36汽车制造业,2026-06-13
002436,C39计算机、通信和其他电子设备制造业,2026-06-13
002437,C27医药制造业,2026-06-13
002438,C34通用设备制造业,2026-06-13
002439,I65软件和信息技术服务业,2026-06-13
002440,C26化学原料和化学制品制造业,2026-06-13
002441,F51批发业,2026-06-13
002442,C26化学原料和化学制品制造业,2026-06-13
002443,C33金属制品业,2026-06-13
002444,C33金属制品业,2026-06-13
002445,C33金属制品业,2026-06-13
002446,C39计算机、通信和其他电子设备制造业,2026-06-13
002448,C36汽车制造业,2026-06-13
002449,C39计算机、通信和其他电子设备制造业,2026-06-13
002451,C38电气机械和器材制造业,2026-06-13
002452,C38电气机械和器材制造业,2026-06-13
002453,C26化学原料和化学制品制造业,2026-06-13
002454,C36汽车制造业,2026-06-13
002455,C26化学原料和化学制品制造业,2026-06-13
002456,C39计算机、通信和其他电子设备制造业,2026-06-13
002457,C30非金属矿物制品业,2026-06-13
002458,A03畜牧业,2026-06-13
002459,C38电气机械和器材制造业,2026-06-13
002460,C32有色金属冶炼和压延加工业,2026-06-13
002461,C15酒、饮料和精制茶制造业,2026-06-13
002462,F51批发业,2026-06-13
002463,C39计算机、通信和其他电子设备制造业,2026-06-13
002465,C39计算机、通信和其他电子设备制造业,2026-06-13
002466,C32有色金属冶炼和压延加工业,2026-06-13
002467,I64互联网和相关服务,2026-06-13
002468,G60邮政业,2026-06-13
002469,C26化学原料和化学制品制造业,2026-06-13
002470,C26化学原料和化学制品制造业,2026-06-13
002471,C38电气机械和器材制造业,2026-06-13
002472,C36汽车制造业,2026-06-13
002474,I65软件和信息技术服务业,2026-06-13
002475,C39计算机、通信和其他电子设备制造业,2026-06-13
002476,C26化学原料和化学制品制造业,2026-06-13
002478,C33金属制品业,2026-06-13
002479,D44电力、热力生产和供应业,2026-06-13
002480,C34通用设备制造业,2026-06-13
002481,C14食品制造业,2026-06-13
002482,E50建筑装饰、装修和其他建筑业,2026-06-13
002483,C34通用设备制造业,2026-06-13
002484,C39计算机、通信和其他电子设备制造业,2026-06-13
002486,C18纺织服装、服饰业,2026-06-13
002487,C33金属制品业,2026-06-13
002488,C36汽车制造业,2026-06-13
002489,C21家具制造业,2026-06-13
002490,C35专用设备制造业,2026-06-13
002491,C38电气机械和器材制造业,2026-06-13
002492,G59装卸搬运和仓储业,2026-06-13
002493,C26化学原料和化学制品制造业,2026-06-13
002494,C19皮革、毛皮、羽毛及其制品和制鞋业,2026-06-13
002495,C14食品制造业,2026-06-13
002497,C32有色金属冶炼和压延加工业,2026-06-13
002498,C38电气机械和器材制造业,2026-06-13
002500,J67资本市场服务,2026-06-13
002501,C32有色金属冶炼和压延加工业,2026-06-13
002506,C38电气机械和器材制造业,2026-06-13
002507,C14食品制造业,2026-06-13
002508,C38电气机械和器材制造业,2026-06-13
002510,C36汽车制造业,2026-06-13
002511,C22造纸和纸制品业,2026-06-13
002512,C39计算机、通信和其他电子设备制造业,2026-06-13
002513,C38电气机械和器材制造业,2026-06-13
002514,C33金属制品业,2026-06-13
002515,C13农副食品加工业,2026-06-13
002516,C17纺织业,2026-06-13
002517,I64互联网和相关服务,2026-06-13
002518,C38电气机械和器材制造业,2026-06-13
002519,C39计算机、通信和其他电子设备制造业,2026-06-13
002520,C34通用设备制造业,2026-06-13
002521,C22造纸和纸制品业,2026-06-13
002522,C29橡胶和塑料制品业,2026-06-13
002523,C34通用设备制造业,2026-06-13
002524,Q84卫生,2026-06-13
002526,C35专用设备制造业,2026-06-13
002527,C34通用设备制造业,2026-06-13
002530,C33金属制品业,2026-06-13
002531,C38电气机械和器材制造业,2026-06-13
002532,C32有色金属冶炼和压延加工业,2026-06-13
002533,C38电气机械和器材制造业,2026-06-13
002534,C34通用设备制造业,2026-06-13
002535,C35专用设备制造业,2026-06-13
002536,C36汽车制造业,2026-06-13
002537,C36汽车制造业,2026-06-13
002538,C26化学原料和化学制品制造业,2026-06-13
002539,C26化学原料和化学制品制造业,2026-06-13
002540,C32有色金属冶炼和压延加工业,2026-06-13
002541,C33金属制品业,2026-06-13
002542,E48土木工程建筑业,2026-06-13
002543,C38电气机械和器材制造业,2026-06-13
002544,I65软件和信息技术服务业,2026-06-13
002545,C26化学原料和化学制品制造业,2026-06-13
002546,C40仪器仪表制造业,2026-06-13
002547,C33金属制品业,2026-06-13
002548,C13农副食品加工业,2026-06-13
002549,N77生态保护和环境治理业,2026-06-13
002550,C27医药制造业,2026-06-13
002551,C35专用设备制造业,2026-06-13
002552,C39计算机、通信和其他电子设备制造业,2026-06-13
002553,C36汽车制造业,2026-06-13
002554,B11开采专业及辅助性活动,2026-06-13
002555,I64互联网和相关服务,2026-06-13
002556,F52零售业,2026-06-13
002557,C13农副食品加工业,2026-06-13
002558,I64互联网和相关服务,2026-06-13
002559,C34通用设备制造业,2026-06-13
002560,C38电气机械和器材制造业,2026-06-13
002561,F52零售业,2026-06-13
002562,C27医药制造业,2026-06-13
002563,C18纺织服装、服饰业,2026-06-13
002564,C35专用设备制造业,2026-06-13
002565,C22造纸和纸制品业,2026-06-13
002566,C27医药制造业,2026-06-13
002567,C13农副食品加工业,2026-06-13
002568,C15酒、饮料和精制茶制造业,2026-06-13
002570,C14食品制造业,2026-06-13
002571,C30非金属矿物制品业,2026-06-13
002572,C21家具制造业,2026-06-13
002573,N77生态保护和环境治理业,2026-06-13
002574,C24文教、工美、体育和娱乐用品制造业,2026-06-13
002575,F51批发业,2026-06-13
002576,C38电气机械和器材制造业,2026-06-13
002577,C39计算机、通信和其他电子设备制造业,2026-06-13
002578,C32有色金属冶炼和压延加工业,2026-06-13
002579,C39计算机、通信和其他电子设备制造业,2026-06-13
002580,C38电气机械和器材制造业,2026-06-13
002582,C13农副食品加工业,2026-06-13
002583,C39计算机、通信和其他电子设备制造业,2026-06-13
002584,C26化学原料和化学制品制造业,2026-06-13
002585,C29橡胶和塑料制品业,2026-06-13
002587,C39计算机、通信和其他电子设备制造业,2026-06-13
002588,C26化学原料和化学制品制造业,2026-06-13
002589,F51批发业,2026-06-13
002590,C36汽车制造业,2026-06-13
002591,C26化学原料和化学制品制造业,2026-06-13
002593,C36汽车制造业,2026-06-13
002594,C36汽车制造业,2026-06-13
002595,C35专用设备制造业,2026-06-13
002596,C30非金属矿物制品业,2026-06-13
002597,C14食品制造业,2026-06-13
002598,C34通用设备制造业,2026-06-13
002599,C23印刷和记录媒介复制业,2026-06-13
002600,C39计算机、通信和其他电子设备制造业,2026-06-13
002601,C26化学原料和化学制品制造业,2026-06-13
002602,I64互联网和相关服务,2026-06-13
002603,C27医药制造业,2026-06-13
002605,I64互联网和相关服务,2026-06-13
002606,C38电气机械和器材制造业,2026-06-13
002607,P83教育,2026-06-13
002608,D44电力、热力生产和供应业,2026-06-13
002609,I65软件和信息技术服务业,2026-06-13
002611,C35专用设备制造业,2026-06-13
002612,C18纺织服装、服饰业,2026-06-13
002613,C35专用设备制造业,2026-06-13
002614,C38电气机械和器材制造业,2026-06-13
002615,C33金属制品业,2026-06-13
002616,N77生态保护和环境治理业,2026-06-13
002617,C38电气机械和器材制造业,2026-06-13
002622,Q84卫生,2026-06-13
002623,C30非金属矿物制品业,2026-06-13
002624,I64互联网和相关服务,2026-06-13
002625,C37铁路、船舶、航空航天和其他运输设备制造业,2026-06-13
002626,C14食品制造业,2026-06-13
002627,N78公共设施管理业,2026-06-13
002628,E48土木工程建筑业,2026-06-13
002629,B11开采专业及辅助性活动,2026-06-13
002631,C20木材加工和木、竹、藤、棕、草制品业,2026-06-13
002632,C26化学原料和化学制品制造业,2026-06-13
002633,C34通用设备制造业,2026-06-13
002634,C18纺织服装、服饰业,2026-06-13
002635,C39计算机、通信和其他电子设备制造业,2026-06-13
002636,C39计算机、通信和其他电子设备制造业,2026-06-13
002637,C26化学原料和化学制品制造业,2026-06-13
002638,C38电气机械和器材制造业,2026-06-13
002639,C34通用设备制造业,2026-06-13
002640,F52零售业,2026-06-13
002641,C29橡胶和塑料制品业,2026-06-13
002642,I65软件和信息技术服务业,2026-06-13
002643,C26化学原料和化学制品制造业,2026-06-13
002644,C27医药制造业,2026-06-13
002645,C42废弃资源综合利用业,2026-06-13
002646,C15酒、饮料和精制茶制造业,2026-06-13
002648,C26化学原料和化学制品制造业,2026-06-13
002649,I65软件和信息技术服务业,2026-06-13
002651,C35专用设备制造业,2026-06-13
002652,C33金属制品业,2026-06-13
002653,C27医药制造业,2026-06-13
002654,L72商务服务业,2026-06-13
002655,C39计算机、通信和其他电子设备制造业,2026-06-13
002657,I65软件和信息技术服务业,2026-06-13
002658,C40仪器仪表制造业,2026-06-13
002659,P83教育,2026-06-13
002660,C39计算机、通信和其他电子设备制造业,2026-06-13
002661,C14食品制造业,2026-06-13
002662,C36汽车制造业,2026-06-13
002663,E48土木工程建筑业,2026-06-13
002664,C36汽车制造业,2026-06-13
002666,C26化学原料和化学制品制造业,2026-06-13
002667,C32有色金属冶炼和压延加工业,2026-06-13
002668,C38电气机械和器材制造业,2026-06-13
002669,C26化学原料和化学制品制造业,2026-06-13
002670,J67资本市场服务,2026-06-13
002671,C30非金属矿物制品业,2026-06-13
002672,C42废弃资源综合利用业,2026-06-13
002673,J67资本市场服务,2026-06-13
002674,C19皮革、毛皮、羽毛及其制品和制鞋业,2026-06-13
002675,C27医药制造业,2026-06-13
002676,C29橡胶和塑料制品业,2026-06-13
002677,C38电气机械和器材制造业,2026-06-13
002678,C24文教、工美、体育和娱乐用品制造业,2026-06-13
002679,A02林业,2026-06-13
002681,C39计算机、通信和其他电子设备制造业,2026-06-13
002682,G54道路运输业,2026-06-13
002683,B11开采专业及辅助性活动,2026-06-13
002685,C34通用设备制造业,2026-06-13
002686,C34通用设备制造业,2026-06-13
002687,C18纺织服装、服饰业,2026-06-13
002688,C27医药制造业,2026-06-13
002689,C34通用设备制造业,2026-06-13
002690,C35专用设备制造业,2026-06-13
002691,C35专用设备制造业,2026-06-13
002692,C38电气机械和器材制造业,2026-06-13
002694,C29橡胶和塑料制品业,2026-06-13
002695,C13农副食品加工业,2026-06-13
002696,C13农副食品加工业,2026-06-13
002697,F52零售业,2026-06-13
002698,C34通用设备制造业,2026-06-13
002700,D45燃气生产和供应业,2026-06-13
002701,C33金属制品业,2026-06-13
002702,C13农副食品加工业,2026-06-13
002703,C36汽车制造业,2026-06-13
002705,C38电气机械和器材制造业,2026-06-13
002706,C38电气机械和器材制造业,2026-06-13
002707,L72商务服务业,2026-06-13
002708,C36汽车制造业,2026-06-13
002709,C39计算机、通信和其他电子设备制造业,2026-06-13
002712,L72商务服务业,2026-06-13
002714,A03畜牧业,2026-06-13
002715,C36汽车制造业,2026-06-13
002716,C32有色金属冶炼和压延加工业,2026-06-13
002718,C41其他制造业,2026-06-13
002719,C14食品制造业,2026-06-13
002721,C24文教、工美、体育和娱乐用品制造业,2026-06-13
002722,C33金属制品业,2026-06-13
002723,C38电气机械和器材制造业,2026-06-13
002724,C38电气机械和器材制造业,2026-06-13
002725,C36汽车制造业,2026-06-13
002726,C13农副食品加工业,2026-06-13
002727,F52零售业,2026-06-13
002728,C27医药制造业,2026-06-13
002729,C39计算机、通信和其他电子设备制造业,2026-06-13
002730,C35专用设备制造业,2026-06-13
002731,C24文教、工美、体育和娱乐用品制造业,2026-06-13
002732,C14食品制造业,2026-06-13
002733,C38电气机械和器材制造业,2026-06-13
002734,C26化学原料和化学制品制造业,2026-06-13
002735,C29橡胶和塑料制品业,2026-06-13
002736,J67资本市场服务,2026-06-13
002737,C27医药制造业,2026-06-13
002738,C32有色金属冶炼和压延加工业,2026-06-13
002739,R87广播、电视、电影和录音制作业,2026-06-13
002741,C39计算机、通信和其他电子设备制造业,2026-06-13
002743,C33金属制品业,2026-06-13
002745,C38电气机械和器材制造业,2026-06-13
002746,C13农副食品加工业,2026-06-13
002747,C34通用设备制造业,2026-06-13
002748,C26化学原料和化学制品制造业,2026-06-13
002749,C26化学原料和化学制品制造业,2026-06-13
002752,C33金属制品业,2026-06-13
002753,C26化学原料和化学制品制造业,2026-06-13
002755,C27医药制造业,2026-06-13
002756,C32有色金属冶炼和压延加工业,2026-06-13
002757,C35专用设备制造业,2026-06-13
002758,F51批发业,2026-06-13
002759,C26化学原料和化学制品制造业,2026-06-13
002760,C33金属制品业,2026-06-13
002761,E48土木工程建筑业,2026-06-13
002763,C18纺织服装、服饰业,2026-06-13
002765,C36汽车制造业,2026-06-13
002766,C39计算机、通信和其他电子设备制造业,2026-06-13
002767,C40仪器仪表制造业,2026-06-13
002768,C29橡胶和塑料制品业,2026-06-13
002769,L72商务服务业,2026-06-13
002771,I65软件和信息技术服务业,2026-06-13
002772,A01农业,2026-06-13
002773,C27医药制造业,2026-06-13
002774,C34通用设备制造业,2026-06-13
002775,E48土木工程建筑业,2026-06-13
002777,I65软件和信息技术服务业,2026-06-13
002778,C25石油、煤炭及其他燃料加工业,2026-06-13
002779,C35专用设备制造业,2026-06-13
002780,F52零售业,2026-06-13
002782,C39计算机、通信和其他电子设备制造业,2026-06-13
002783,C26化学原料和化学制品制造业,2026-06-13
002785,C30非金属矿物制品业,2026-06-13
002786,C35专用设备制造业,2026-06-13
002787,C33金属制品业,2026-06-13
002788,F51批发业,2026-06-13
002790,C29橡胶和塑料制品业,2026-06-13
002791,C33金属制品业,2026-06-13
002792,C39计算机、通信和其他电子设备制造业,2026-06-13
002793,C27医药制造业,2026-06-13
002795,C34通用设备制造业,2026-06-13
002796,C39计算机、通信和其他电子设备制造业,2026-06-13
002797,J67资本市场服务,2026-06-13
002798,C30非金属矿物制品业,2026-06-13
002799,C22造纸和纸制品业,2026-06-13
002800,G54道路运输业,2026-06-13
002801,C38电气机械和器材制造业,2026-06-13
002802,C26化学原料和化学制品制造业,2026-06-13
002803,F52零售业,2026-06-13
002805,C39计算机、通信和其他电子设备制造业,2026-06-13
002806,C39计算机、通信和其他电子设备制造业,2026-06-13
002807,J66货币金融服务,2026-06-13
002809,C26化学原料和化学制品制造业,2026-06-13
002810,C26化学原料和化学制品制造业,2026-06-13
002811,M74专业技术服务业,2026-06-13
002812,C29橡胶和塑料制品业,2026-06-13
002813,C39计算机、通信和其他电子设备制造业,2026-06-13
002815,C39计算机、通信和其他电子设备制造业,2026-06-13
002817,C27医药制造业,2026-06-13
002818,L72商务服务业,2026-06-13
002819,F51批发业,2026-06-13
002820,C14食品制造业,2026-06-13
002821,C27医药制造业,2026-06-13
002823,C38电气机械和器材制造业,2026-06-13
002824,C36汽车制造业,2026-06-13
002825,C29橡胶和塑料制品业,2026-06-13
002826,C27医药制造业,2026-06-13
002827,C26化学原料和化学制品制造业,2026-06-13
002828,B11开采专业及辅助性活动,2026-06-13
002829,C37铁路、船舶、航空航天和其他运输设备制造业,2026-06-13
002830,E50建筑装饰、装修和其他建筑业,2026-06-13
002831,C22造纸和纸制品业,2026-06-13
002832,C18纺织服装、服饰业,2026-06-13
002833,C35专用设备制造业,2026-06-13
002835,C39计算机、通信和其他电子设备制造业,2026-06-13
002836,C23印刷和记录媒介复制业,2026-06-13
002837,C35专用设备制造业,2026-06-13
002838,C29橡胶和塑料制品业,2026-06-13
002839,J66货币金融服务,2026-06-13
002840,C13农副食品加工业,2026-06-13
002841,C39计算机、通信和其他电子设备制造业,2026-06-13
002842,C32有色金属冶炼和压延加工业,2026-06-13
002843,C34通用设备制造业,2026-06-13
002845,C39计算机、通信和其他电子设备制造业,2026-06-13
002846,C33金属制品业,2026-06-13
002847,C14食品制造业,2026-06-13
002849,C40仪器仪表制造业,2026-06-13
002850,C33金属制品业,2026-06-13
002851,C38电气机械和器材制造业,2026-06-13
002852,C13农副食品加工业,2026-06-13
002853,C21家具制造业,2026-06-13
002855,C39计算机、通信和其他电子设备制造业,2026-06-13
002856,E50建筑装饰、装修和其他建筑业,2026-06-13
002857,C40仪器仪表制造业,2026-06-13
002858,R89体育,2026-06-13
002859,C39计算机、通信和其他电子设备制造业,2026-06-13
002860,C38电气机械和器材制造业,2026-06-13
002861,C39计算机、通信和其他电子设备制造业,2026-06-13
002862,C24文教、工美、体育和娱乐用品制造业,2026-06-13
002863,C36汽车制造业,2026-06-13
002864,C27医药制造业,2026-06-13
002865,C38电气机械和器材制造业,2026-06-13
002866,C39计算机、通信和其他电子设备制造业,2026-06-13
002867,F51批发业,2026-06-13
002869,C39计算机、通信和其他电子设备制造业,2026-06-13
002870,C36汽车制造业,2026-06-13
002871,C34通用设备制造业,2026-06-13
002873,C27医药制造业,2026-06-13
002875,C18纺织服装、服饰业,2026-06-13
002876,C39计算机、通信和其他电子设备制造业,2026-06-13
002877,C34通用设备制造业,2026-06-13
002878,L72商务服务业,2026-06-13
002879,C38电气机械和器材制造业,2026-06-13
002880,C27医药制造业,2026-06-13
002881,C39计算机、通信和其他电子设备制造业,2026-06-13
002882,C38电气机械和器材制造业,2026-06-13
002883,M74专业技术服务业,2026-06-13
002884,C34通用设备制造业,2026-06-13
002885,C39计算机、通信和其他电子设备制造业,2026-06-13
002886,C29橡胶和塑料制品业,2026-06-13
002887,N77生态保护和环境治理业,2026-06-13
002888,C39计算机、通信和其他电子设备制造业,2026-06-13
002889,L72商务服务业,2026-06-13
002890,C35专用设备制造业,2026-06-13
002891,C13农副食品加工业,2026-06-13
002892,C38电气机械和器材制造业,2026-06-13
002893,D44电力、热力生产和供应业,2026-06-13
002895,C26化学原料和化学制品制造业,2026-06-13
002896,C34通用设备制造业,2026-06-13
002897,C38电气机械和器材制造业,2026-06-13
002899,C24文教、工美、体育和娱乐用品制造业,2026-06-13
002900,C27医药制造业,2026-06-13
002901,C35专用设备制造业,2026-06-13
002902,C39计算机、通信和其他电子设备制造业,2026-06-13
002903,C34通用设备制造业,2026-06-13
002905,R87广播、电视、电影和录音制作业,2026-06-13
002906,C39计算机、通信和其他电子设备制造业,2026-06-13
002907,C27医药制造业,2026-06-13
002908,I65软件和信息技术服务业,2026-06-13
002909,C26化学原料和化学制品制造业,2026-06-13
002910,C14食品制造业,2026-06-13
002911,D45燃气生产和供应业,2026-06-13
002912,I65软件和信息技术服务业,2026-06-13
002913,C39计算机、通信和其他电子设备制造业,2026-06-13
002915,C26化学原料和化学制品制造业,2026-06-13
002916,C39计算机、通信和其他电子设备制造业,2026-06-13
002917,C26化学原料和化学制品制造业,2026-06-13
002918,C30非金属矿物制品业,2026-06-13
002919,I64互联网和相关服务,2026-06-13
002920,C39计算机、通信和其他电子设备制造业,2026-06-13
002921,C34通用设备制造业,2026-06-13
002922,C38电气机械和器材制造业,2026-06-13
002923,C27医药制造业,2026-06-13
002925,C39计算机、通信和其他电子设备制造业,2026-06-13
002926,J67资本市场服务,2026-06-13
002927,C38电气机械和器材制造业,2026-06-13
002928,G56航空运输业,2026-06-13
002929,I65软件和信息技术服务业,2026-06-13
002930,G59装卸搬运和仓储业,2026-06-13
002931,C35专用设备制造业,2026-06-13
002932,C27医药制造业,2026-06-13
002933,C37铁路、船舶、航空航天和其他运输设备制造业,2026-06-13
002935,C39计算机、通信和其他电子设备制造业,2026-06-13
002936,J66货币金融服务,2026-06-13
002937,C39计算机、通信和其他电子设备制造业,2026-06-13
002938,C39计算机、通信和其他电子设备制造业,2026-06-13
002939,J67资本市场服务,2026-06-13
002940,C27医药制造业,2026-06-13
002941,E48土木工程建筑业,2026-06-13
002942,C26化学原料和化学制品制造业,2026-06-13
002943,C34通用设备制造业,2026-06-13
002945,J67资本市场服务,2026-06-13
002946,C14食品制造业,2026-06-13
002947,C39计算机、通信和其他电子设备制造业,2026-06-13
002948,J66货币金融服务,2026-06-13
002949,M74专业技术服务业,2026-06-13
002950,C27医药制造业,2026-06-13
002951,C23印刷和记录媒介复制业,2026-06-13
002952,C39计算机、通信和其他电子设备制造业,2026-06-13
002953,C38电气机械和器材制造业,2026-06-13
002955,C39计算机、通信和其他电子设备制造业,2026-06-13
002956,C14食品制造业,2026-06-13
002957,C35专用设备制造业,2026-06-13
002958,J66货币金融服务,2026-06-13
002959,C38电气机械和器材制造业,2026-06-13
002960,C39计算机、通信和其他电子设备制造业,2026-06-13
002961,J67资本市场服务,2026-06-13
002962,C39计算机、通信和其他电子设备制造业,2026-06-13
002963,E50建筑装饰、装修和其他建筑业,2026-06-13
002965,C36汽车制造业,2026-06-13
002966,J66货币金融服务,2026-06-13
002967,M74专业技术服务业,2026-06-13
002968,K70房地产业,2026-06-13
002969,C33金属制品业,2026-06-13
002970,I65软件和信息技术服务业,2026-06-13
002971,C26化学原料和化学制品制造业,2026-06-13
002972,C39计算机、通信和其他电子设备制造业,2026-06-13
002973,N78公共设施管理业,2026-06-13
002975,C35专用设备制造业,2026-06-13
002976,C33金属制品业,2026-06-13
002977,C39计算机、通信和其他电子设备制造业,2026-06-13
002978,B09有色金属矿采选业,2026-06-13
002979,C40仪器仪表制造业,2026-06-13
002980,C40仪器仪表制造业,2026-06-13
002981,C39计算机、通信和其他电子设备制造业,2026-06-13
002982,A03畜牧业,2026-06-13
002983,C39计算机、通信和其他电子设备制造业,2026-06-13
002984,C29橡胶和塑料制品业,2026-06-13
002985,C37铁路、船舶、航空航天和其他运输设备制造业,2026-06-13
002986,C26化学原料和化学制品制造业,2026-06-13
002987,I65软件和信息技术服务业,2026-06-13
002988,C32有色金属冶炼和压延加工业,2026-06-13
002989,E50建筑装饰、装修和其他建筑业,2026-06-13
002990,I65软件和信息技术服务业,2026-06-13
002991,C13农副食品加工业,2026-06-13
002992,C39计算机、通信和其他电子设备制造业,2026-06-13
002993,C39计算机、通信和其他电子设备制造业,2026-06-13
002995,L72商务服务业,2026-06-13
002996,C42废弃资源综合利用业,2026-06-13
002997,C35专用设备制造业,2026-06-13
002998,C28化学纤维制造业,2026-06-13
002999,F52零售业,2026-06-13
003000,C13农副食品加工业,2026-06-13
003001,E48土木工程建筑业,2026-06-13
003002,C26化学原料和化学制品制造业,2026-06-13
003003,C23印刷和记录媒介复制业,2026-06-13
003005,I65软件和信息技术服务业,2026-06-13
003006,C22造纸和纸制品业,2026-06-13
003007,I65软件和信息技术服务业,2026-06-13
003008,M74专业技术服务业,2026-06-13
003009,C37铁路、船舶、航空航天和其他运输设备制造业,2026-06-13
003010,I64互联网和相关服务,2026-06-13
003011,C29橡胶和塑料制品业,2026-06-13
003012,C30非金属矿物制品业,2026-06-13
003013,M74专业技术服务业,2026-06-13
003015,C39计算机、通信和其他电子设备制造业,2026-06-13
003016,C18纺织服装、服饰业,2026-06-13
003017,C26化学原料和化学制品制造业,2026-06-13
003018,C29橡胶和塑料制品业,2026-06-13
003019,C39计算机、通信和其他电子设备制造业,2026-06-13
003020,C27医药制造业,2026-06-13
003021,C38电气机械和器材制造业,2026-06-13
003022,C26化学原料和化学制品制造业,2026-06-13
003023,C38电气机械和器材制造业,2026-06-13
003025,C34通用设备制造业,2026-06-13
003026,C39计算机、通信和其他电子设备制造业,2026-06-13
003027,N77生态保护和环境治理业,2026-06-13
003028,C39计算机、通信和其他电子设备制造业,2026-06-13
003029,I65软件和信息技术服务业,2026-06-13
003030,C13农副食品加工业,2026-06-13
003031,C39计算机、通信和其他电子设备制造业,2026-06-13
003033,C37铁路、船舶、航空航天和其他运输设备制造业,2026-06-13
003035,M75科技推广和应用服务业,2026-06-13
003036,C35专用设备制造业,2026-06-13
003037,C30非金属矿物制品业,2026-06-13
003038,C32有色金属冶炼和压延加工业,2026-06-13
003039,D46水的生产和供应业,2026-06-13
003040,C39计算机、通信和其他电子设备制造业,2026-06-13
003041,C17纺织业,2026-06-13
003042,C26化学原料和化学制品制造业,2026-06-13
003043,C33金属制品业,2026-06-13
003816,D44电力、热力生产和供应业,2026-06-13
300001,C38电气机械和器材制造业,2026-06-13
300002,I64互联网和相关服务,2026-06-13
300003,C35专用设备制造业,2026-06-13
300004,C34通用设备制造业,2026-06-13
300005,C18纺织服装、服饰业,2026-06-13
300006,C27医药制造业,2026-06-13
300007,I65软件和信息技术服务业,2026-06-13
300008,C37铁路、船舶、航空航天和其他运输设备制造业,2026-06-13
300009,C27医药制造业,2026-06-13
300010,I65软件和信息技术服务业,2026-06-13
300011,C37铁路、船舶、航空航天和其他运输设备制造业,2026-06-13
300012,M74专业技术服务业,2026-06-13
300013,G59装卸搬运和仓储业,2026-06-13
300014,C38电气机械和器材制造业,2026-06-13
300015,Q84卫生,2026-06-13
300016,C27医药制造业,2026-06-13
300017,I65软件和信息技术服务业,2026-06-13
300018,C38电气机械和器材制造业,2026-06-13
300019,C26化学原料和化学制品制造业,2026-06-13
300021,N76水利管理业,2026-06-13
300022,F51批发业,2026-06-13
300024,C34通用设备制造业,2026-06-13
300025,I65软件和信息技术服务业,2026-06-13
300026,C27医药制造业,2026-06-13
300027,R87广播、电视、电影和录音制作业,2026-06-13
300030,C35专用设备制造业,2026-06-13
300031,I64互联网和相关服务,2026-06-13
300032,C38电气机械和器材制造业,2026-06-13
300033,J69其他金融业,2026-06-13
300034,C32有色金属冶炼和压延加工业,2026-06-13
300035,C39计算机、通信和其他电子设备制造业,2026-06-13
300036,I65软件和信息技术服务业,2026-06-13
300037,C39计算机、通信和其他电子设备制造业,2026-06-13
300039,C27医药制造业,2026-06-13
300040,D44电力、热力生产和供应业,2026-06-13
300041,C26化学原料和化学制品制造业,2026-06-13
300042,C39计算机、通信和其他电子设备制造业,2026-06-13
300043,I64互联网和相关服务,2026-06-13
300045,C39计算机、通信和其他电子设备制造业,2026-06-13
300046,C39计算机、通信和其他电子设备制造业,2026-06-13
300047,I65软件和信息技术服务业,2026-06-13
300048,C38电气机械和器材制造业,2026-06-13
300049,C35专用设备制造业,2026-06-13
300050,I65软件和信息技术服务业,2026-06-13
300051,I65软件和信息技术服务业,2026-06-13
300053,C39计算机、通信和其他电子设备制造业,2026-06-13
300054,C39计算机、通信和其他电子设备制造业,2026-06-13
300055,C26化学原料和化学制品制造业,2026-06-13
300056,C35专用设备制造业,2026-06-13
300057,C32有色金属冶炼和压延加工业,2026-06-13
300058,L72商务服务业,2026-06-13
300059,J67资本市场服务,2026-06-13
300061,L72商务服务业,2026-06-13
300062,C38电气机械和器材制造业,2026-06-13
300063,L72商务服务业,2026-06-13
300065,C39计算机、通信和其他电子设备制造业,2026-06-13
300066,C40仪器仪表制造业,2026-06-13
300067,C26化学原料和化学制品制造业,2026-06-13
300068,C38电气机械和器材制造业,2026-06-13
300069,C38电气机械和器材制造业,2026-06-13
300070,N77生态保护和环境治理业,2026-06-13
300071,L72商务服务业,2026-06-13
300072,C26化学原料和化学制品制造业,2026-06-13
300073,C39计算机、通信和其他电子设备制造业,2026-06-13
300074,I65软件和信息技术服务业,2026-06-13
300075,I65软件和信息技术服务业,2026-06-13
300076,C39计算机、通信和其他电子设备制造业,2026-06-13
300077,C39计算机、通信和其他电子设备制造业,2026-06-13
300078,C39计算机、通信和其他电子设备制造业,2026-06-13
300079,C39计算机、通信和其他电子设备制造业,2026-06-13
300080,C38电气机械和器材制造业,2026-06-13
300081,I65软件和信息技术服务业,2026-06-13
300082,C26化学原料和化学制品制造业,2026-06-13
300083,C34通用设备制造业,2026-06-13
300084,B11开采专业及辅助性活动,2026-06-13
300085,I65软件和信息技术服务业,2026-06-13
300086,C27医药制造业,2026-06-13
300087,A05农、林、牧、渔专业及辅助性活动,2026-06-13
300088,C39计算机、通信和其他电子设备制造业,2026-06-13
300091,C34通用设备制造业,2026-06-13
300092,C35专用设备制造业,2026-06-13
300094,C13农副食品加工业,2026-06-13
300095,C34通用设备制造业,2026-06-13
300098,I65软件和信息技术服务业,2026-06-13
300099,C35专用设备制造业,2026-06-13
300100,C36汽车制造业,2026-06-13
300101,I65软件和信息技术服务业,2026-06-13
300102,C39计算机、通信和其他电子设备制造业,2026-06-13
300103,C42废弃资源综合利用业,2026-06-13
300105,C38电气机械和器材制造业,2026-06-13
300106,C14食品制造业,2026-06-13
300107,C26化学原料和化学制品制造业,2026-06-13
300109,C26化学原料和化学制品制造业,2026-06-13
300110,C27医药制造业,2026-06-13
300111,C27医药制造业,2026-06-13
300112,C40仪器仪表制造业,2026-06-13
300113,I64互联网和相关服务,2026-06-13
300115,C39计算机、通信和其他电子设备制造业,2026-06-13
300118,C38电气机械和器材制造业,2026-06-13
300119,C27医药制造业,2026-06-13
300120,C39计算机、通信和其他电子设备制造业,2026-06-13
300121,C26化学原料和化学制品制造业,2026-06-13
300122,C27医药制造业,2026-06-13
300123,C39计算机、通信和其他电子设备制造业,2026-06-13
300124,C38电气机械和器材制造业,2026-06-13
300126,C34通用设备制造业,2026-06-13
300127,C39计算机、通信和其他电子设备制造业,2026-06-13
300128,C39计算机、通信和其他电子设备制造业,2026-06-13
300129,C38电气机械和器材制造业,2026-06-13
300130,C35专用设备制造业,2026-06-13
300131,F51批发业,2026-06-13
300132,C26化学原料和化学制品制造业,2026-06-13
300133,R87广播、电视、电影和录音制作业,2026-06-13
300134,C39计算机、通信和其他电子设备制造业,2026-06-13
300135,C25石油、煤炭及其他燃料加工业,2026-06-13
300136,C39计算机、通信和其他电子设备制造业,2026-06-13
300138,C13农副食品加工业,2026-06-13
300139,B09有色金属矿采选业,2026-06-13
300140,N77生态保护和环境治理业,2026-06-13
300141,C38电气机械和器材制造业,2026-06-13
300142,C27医药制造业,2026-06-13
300143,Q84卫生,2026-06-13
300144,R88文化艺术业,2026-06-13
300145,C34通用设备制造业,2026-06-13
300146,C14食品制造业,2026-06-13
300148,R86新闻和出版业,2026-06-13
300149,M73研究和试验发展,2026-06-13
300150,I65软件和信息技术服务业,2026-06-13
300151,C35专用设备制造业,2026-06-13
300153,C38电气机械和器材制造业,2026-06-13
300154,C34通用设备制造业,2026-06-13
300155,C39计算机、通信和其他电子设备制造业,2026-06-13
300157,C34通用设备制造业,2026-06-13
300158,C27医药制造业,2026-06-13
300160,C30非金属矿物制品业,2026-06-13
300161,C34通用设备制造业,2026-06-13
300162,C39计算机、通信和其他电子设备制造业,2026-06-13
300163,C17纺织业,2026-06-13
300164,B11开采专业及辅助性活动,2026-06-13
300166,I65软件和信息技术服务业,2026-06-13
300168,I65软件和信息技术服务业,2026-06-13
300169,C29橡胶和塑料制品业,2026-06-13
300170,I65软件和信息技术服务业,2026-06-13
300171,C35专用设备制造业,2026-06-13
300172,D46水的生产和供应业,2026-06-13
300173,C35专用设备制造业,2026-06-13
300174,C26化学原料和化学制品制造业,2026-06-13
300176,C36汽车制造业,2026-06-13
300177,C39计算机、通信和其他电子设备制造业,2026-06-13
300179,C30非金属矿物制品业,2026-06-13
300180,C29橡胶和塑料制品业,2026-06-13
300181,C27医药制造业,2026-06-13
300182,R87广播、电视、电影和录音制作业,2026-06-13
300183,C40仪器仪表制造业,2026-06-13
300184,F51批发业,2026-06-13
300185,C33金属制品业,2026-06-13
300187,N77生态保护和环境治理业,2026-06-13
300188,I65软件和信息技术服务业,2026-06-13
300189,A05农、林、牧、渔专业及辅助性活动,2026-06-13
300190,N77生态保护和环境治理业,2026-06-13
300191,B07石油和天然气开采业,2026-06-13
300192,P83教育,2026-06-13
300193,C34通用设备制造业,2026-06-13
300194,C27医药制造业,2026-06-13
300195,C35专用设备制造业,2026-06-13
300196,C30非金属矿物制品业,2026-06-13
300197,N77生态保护和环境治理业,2026-06-13
300199,C27医药制造业,2026-06-13
300200,C26化学原料和化学制品制造业,2026-06-13
300201,C35专用设备制造业,2026-06-13
300203,C40仪器仪表制造业,2026-06-13
300204,C27医药制造业,2026-06-13
300206,C35专用设备制造业,2026-06-13
300207,C38电气机械和器材制造业,2026-06-13
300209,F52零售业,2026-06-13
300210,C35专用设备制造业,2026-06-13
300212,I65软件和信息技术服务业,2026-06-13
300213,C39计算机、通信和其他电子设备制造业,2026-06-13
300214,C26化学原料和化学制品制造业,2026-06-13
300215,M74专业技术服务业,2026-06-13
300217,C35专用设备制造业,2026-06-13
300218,C29橡胶和塑料制品业,2026-06-13
300219,C39计算机、通信和其他电子设备制造业,2026-06-13
300220,C39计算机、通信和其他电子设备制造业,2026-06-13
300221,C29橡胶和塑料制品业,2026-06-13
300222,C34通用设备制造业,2026-06-13
300223,C39计算机、通信和其他电子设备制造业,2026-06-13
300224,C30非金属矿物制品业,2026-06-13
300226,L72商务服务业,2026-06-13
300227,C39计算机、通信和其他电子设备制造业,2026-06-13
300228,C35专用设备制造业,2026-06-13
300229,I65软件和信息技术服务业,2026-06-13
300230,C29橡胶和塑料制品业,2026-06-13
300231,I65软件和信息技术服务业,2026-06-13
300232,C39计算机、通信和其他电子设备制造业,2026-06-13
300233,C27医药制造业,2026-06-13
300234,C30非金属矿物制品业,2026-06-13
300235,I65软件和信息技术服务业,2026-06-13
300236,C39计算机、通信和其他电子设备制造业,2026-06-13
300238,C35专用设备制造业,2026-06-13
300239,C27医药制造业,2026-06-13
300240,G58多式联运和运输代理业,2026-06-13
300241,C39计算机、通信和其他电子设备制造业,2026-06-13
300242,L72商务服务业,2026-06-13
300243,C26化学原料和化学制品制造业,2026-06-13
300244,Q84卫生,2026-06-13
300245,I65软件和信息技术服务业,2026-06-13
300246,C35专用设备制造业,2026-06-13
300247,C38电气机械和器材制造业,2026-06-13
300248,I65软件和信息技术服务业,2026-06-13
300249,I65软件和信息技术服务业,2026-06-13
300250,I65软件和信息技术服务业,2026-06-13
300251,R87广播、电视、电影和录音制作业,2026-06-13
300252,C38电气机械和器材制造业,2026-06-13
300253,I65软件和信息技术服务业,2026-06-13
300254,C27医药制造业,2026-06-13
300255,C27医药制造业,2026-06-13
300256,C39计算机、通信和其他电子设备制造业,2026-06-13
300257,C34通用设备制造业,2026-06-13
300258,C36汽车制造业,2026-06-13
300259,C40仪器仪表制造业,2026-06-13
300260,C34通用设备制造业,2026-06-13
300261,C26化学原料和化学制品制造业,2026-06-13
300263,C34通用设备制造业,2026-06-13
300264,I65软件和信息技术服务业,2026-06-13
300265,C38电气机械和器材制造业,2026-06-13
300266,N77生态保护和环境治理业,2026-06-13
300267,C27医药制造业,2026-06-13
300269,C39计算机、通信和其他电子设备制造业,2026-06-13
300270,C39计算机、通信和其他电子设备制造业,2026-06-13
300271,I65软件和信息技术服务业,2026-06-13
300272,C38电气机械和器材制造业,2026-06-13
300274,C38电气机械和器材制造业,2026-06-13
300275,I65软件和信息技术服务业,2026-06-13
300276,C35专用设备制造业,2026-06-13
300277,I65软件和信息技术服务业,2026-06-13
300278,C35专用设备制造业,2026-06-13
300279,C39计算机、通信和其他电子设备制造业,2026-06-13
300281,C35专用设备制造业,2026-06-13
300283,C38电气机械和器材制造业,2026-06-13
300284,M74专业技术服务业,2026-06-13
300285,C26化学原料和化学制品制造业,2026-06-13
300286,C40仪器仪表制造业,2026-06-13
300287,I65软件和信息技术服务业,2026-06-13
300288,I63电信、广播电视和卫星传输服务,2026-06-13
300289,C27医药制造业,2026-06-13
300290,I65软件和信息技术服务业,2026-06-13
300291,R87广播、电视、电影和录音制作业,2026-06-13
300292,I65软件和信息技术服务业,2026-06-13
300293,C35专用设备制造业,2026-06-13
300294,C27医药制造业,2026-06-13
300295,I64互联网和相关服务,2026-06-13
300296,C39计算机、通信和其他电子设备制造业,2026-06-13
300298,C35专用设备制造业,2026-06-13
300299,I64互联网和相关服务,2026-06-13
300300,I65软件和信息技术服务业,2026-06-13
300302,I65软件和信息技术服务业,2026-06-13
300303,C39计算机、通信和其他电子设备制造业,2026-06-13
300304,C36汽车制造业,2026-06-13
300305,C29橡胶和塑料制品业,2026-06-13
300306,C40仪器仪表制造业,2026-06-13
300307,C35专用设备制造业,2026-06-13
300308,C39计算机、通信和其他电子设备制造业,2026-06-13
300310,I63电信、广播电视和卫星传输服务,2026-06-13
300314,C35专用设备制造业,2026-06-13
300315,I64互联网和相关服务,2026-06-13
300316,C35专用设备制造业,2026-06-13
300317,C38电气机械和器材制造业,2026-06-13
300318,C35专用设备制造业,2026-06-13
300319,C39计算机、通信和其他电子设备制造业,2026-06-13
300320,C29橡胶和塑料制品业,2026-06-13
300321,C29橡胶和塑料制品业,2026-06-13
300322,C39计算机、通信和其他电子设备制造业,2026-06-13
300323,C39计算机、通信和其他电子设备制造业,2026-06-13
300324,I65软件和信息技术服务业,2026-06-13
300327,C39计算机、通信和其他电子设备制造业,2026-06-13
300328,C33金属制品业,2026-06-13
300329,C24文教、工美、体育和娱乐用品制造业,2026-06-13
300331,C39计算机、通信和其他电子设备制造业,2026-06-13
300332,D45燃气生产和供应业,2026-06-13
300333,I65软件和信息技术服务业,2026-06-13
300334,C35专用设备制造业,2026-06-13
300335,D44电力、热力生产和供应业,2026-06-13
300337,C32有色金属冶炼和压延加工业,2026-06-13
300339,I65软件和信息技术服务业,2026-06-13
300340,C39计算机、通信和其他电子设备制造业,2026-06-13
300341,C40仪器仪表制造业,2026-06-13
300342,C34通用设备制造业,2026-06-13
300345,C38电气机械和器材制造业,2026-06-13
300346,C39计算机、通信和其他电子设备制造业,2026-06-13
300347,M73研究和试验发展,2026-06-13
300348,I65软件和信息技术服务业,2026-06-13
300349,I65软件和信息技术服务业,2026-06-13
300350,G58多式联运和运输代理业,2026-06-13
300351,C39计算机、通信和其他电子设备制造业,2026-06-13
300352,I65软件和信息技术服务业,2026-06-13
300353,C39计算机、通信和其他电子设备制造业,2026-06-13
300354,C40仪器仪表制造业,2026-06-13
300355,N77生态保护和环境治理业,2026-06-13
300357,C27医药制造业,2026-06-13
300358,C35专用设备制造业,2026-06-13
300359,P83教育,2026-06-13
300360,C40仪器仪表制造业,2026-06-13
300363,C27医药制造业,2026-06-13
300364,R86新闻和出版业,2026-06-13
300365,I65软件和信息技术服务业,2026-06-13
300368,I65软件和信息技术服务业,2026-06-13
300369,I65软件和信息技术服务业,2026-06-13
300370,C40仪器仪表制造业,2026-06-13
300371,C40仪器仪表制造业,2026-06-13
300373,C39计算机、通信和其他电子设备制造业,2026-06-13
300374,C30非金属矿物制品业,2026-06-13
300375,C29橡胶和塑料制品业,2026-06-13
300377,I65软件和信息技术服务业,2026-06-13
300378,I65软件和信息技术服务业,2026-06-13
300380,I65软件和信息技术服务业,2026-06-13
300381,C27医药制造业,2026-06-13
300382,C35专用设备制造业,2026-06-13
300383,I65软件和信息技术服务业,2026-06-13
300384,M74专业技术服务业,2026-06-13
300385,C35专用设备制造业,2026-06-13
300386,I65软件和信息技术服务业,2026-06-13
300387,C26化学原料和化学制品制造业,2026-06-13
300388,N77生态保护和环境治理业,2026-06-13
300389,C39计算机、通信和其他电子设备制造业,2026-06-13
300390,C39计算机、通信和其他电子设备制造业,2026-06-13
300393,C38电气机械和器材制造业,2026-06-13
300394,C39计算机、通信和其他电子设备制造业,2026-06-13
300395,C30非金属矿物制品业,2026-06-13
300396,C35专用设备制造业,2026-06-13
300397,C39计算机、通信和其他电子设备制造业,2026-06-13
300398,C26化学原料和化学制品制造业,2026-06-13
300399,I65软件和信息技术服务业,2026-06-13
300400,C35专用设备制造业,2026-06-13
300401,C27医药制造业,2026-06-13
300402,C35专用设备制造业,2026-06-13
300403,C38电气机械和器材制造业,2026-06-13
300404,M73研究和试验发展,2026-06-13
300405,C26化学原料和化学制品制造业,2026-06-13
300406,C27医药制造业,2026-06-13
300407,C37铁路、船舶、航空航天和其他运输设备制造业,2026-06-13
300408,C39计算机、通信和其他电子设备制造业,2026-06-13
300409,C39计算机、通信和其他电子设备制造业,2026-06-13
300410,C35专用设备制造业,2026-06-13
300411,C34通用设备制造业,2026-06-13
300412,C35专用设备制造业,2026-06-13
300413,I64互联网和相关服务,2026-06-13
300414,C39计算机、通信和其他电子设备制造业,2026-06-13
300415,C35专用设备制造业,2026-06-13
300416,M74专业技术服务业,2026-06-13
300417,C40仪器仪表制造业,2026-06-13
300418,I64互联网和相关服务,2026-06-13
300420,C34通用设备制造业,2026-06-13
300421,C34通用设备制造业,2026-06-13
300422,N77生态保护和环境治理业,2026-06-13
300423,C38电气机械和器材制造业,2026-06-13
300424,C43金属制品、机械和设备修理业,2026-06-13
300425,C35专用设备制造业,2026-06-13
300426,R87广播、电视、电影和录音制作业,2026-06-13
300427,C38电气机械和器材制造业,2026-06-13
300428,C32有色金属冶炼和压延加工业,2026-06-13
300429,C26化学原料和化学制品制造业,2026-06-13
300430,C35专用设备制造业,2026-06-13
300432,C36汽车制造业,2026-06-13
300433,C39计算机、通信和其他电子设备制造业,2026-06-13
300434,C27医药制造业,2026-06-13
300435,D45燃气生产和供应业,2026-06-13
300436,C27医药制造业,2026-06-13
300437,C26化学原料和化学制品制造业,2026-06-13
300438,C38电气机械和器材制造业,2026-06-13
300439,C27医药制造业,2026-06-13
300440,I65软件和信息技术服务业,2026-06-13
300441,C34通用设备制造业,2026-06-13
300442,I65软件和信息技术服务业,2026-06-13
300443,C35专用设备制造业,2026-06-13
300444,C38电气机械和器材制造业,2026-06-13
300445,C40仪器仪表制造业,2026-06-13
300446,C26化学原料和化学制品制造业,2026-06-13
300447,C38电气机械和器材制造业,2026-06-13
300448,I65软件和信息技术服务业,2026-06-13
300449,C39计算机、通信和其他电子设备制造业,2026-06-13
300450,C35专用设备制造业,2026-06-13
300451,I65软件和信息技术服务业,2026-06-13
300452,C27医药制造业,2026-06-13
300453,C35专用设备制造业,2026-06-13
300454,I65软件和信息技术服务业,2026-06-13
300455,C39计算机、通信和其他电子设备制造业,2026-06-13
300456,C39计算机、通信和其他电子设备制造业,2026-06-13
300457,C35专用设备制造业,2026-06-13
300458,C39计算机、通信和其他电子设备制造业,2026-06-13
300459,I64互联网和相关服务,2026-06-13
300460,C39计算机、通信和其他电子设备制造业,2026-06-13
300461,C35专用设备制造业,2026-06-13
300463,C27医药制造业,2026-06-13
300464,F52零售业,2026-06-13
300465,I65软件和信息技术服务业,2026-06-13
300466,C40仪器仪表制造业,2026-06-13
300467,I64互联网和相关服务,2026-06-13
300468,I65软件和信息技术服务业,2026-06-13
300469,I65软件和信息技术服务业,2026-06-13
300470,C34通用设备制造业,2026-06-13
300471,C35专用设备制造业,2026-06-13
300473,C36汽车制造业,2026-06-13
300474,C39计算机、通信和其他电子设备制造业,2026-06-13
300475,F51批发业,2026-06-13
300476,C39计算机、通信和其他电子设备制造业,2026-06-13
300478,C29橡胶和塑料制品业,2026-06-13
300479,I65软件和信息技术服务业,2026-06-13
300480,C35专用设备制造业,2026-06-13
300481,C26化学原料和化学制品制造业,2026-06-13
300482,C27医药制造业,2026-06-13
300483,B07石油和天然气开采业,2026-06-13
300484,C38电气机械和器材制造业,2026-06-13
300485,C27医药制造业,2026-06-13
300486,C34通用设备制造业,2026-06-13
300487,C26化学原料和化学制品制造业,2026-06-13
300488,C33金属制品业,2026-06-13
300489,C39计算机、通信和其他电子设备制造业,2026-06-13
300490,C38电气机械和器材制造业,2026-06-13
300491,C38电气机械和器材制造业,2026-06-13
300492,P83教育,2026-06-13
300493,F51批发业,2026-06-13
300494,I64互联网和相关服务,2026-06-13
300496,I65软件和信息技术服务业,2026-06-13
300497,C27医药制造业,2026-06-13
300498,A03畜牧业,2026-06-13
300499,C38电气机械和器材制造业,2026-06-13
300500,M74专业技术服务业,2026-06-13
300501,C27医药制造业,2026-06-13
300502,C39计算机、通信和其他电子设备制造业,2026-06-13
300503,C34通用设备制造业,2026-06-13
300504,C39计算机、通信和其他电子设备制造业,2026-06-13
300505,C26化学原料和化学制品制造业,2026-06-13
300507,C36汽车制造业,2026-06-13
300508,C40仪器仪表制造业,2026-06-13
300509,C34通用设备制造业,2026-06-13
300510,C38电气机械和器材制造业,2026-06-13
300511,A01农业,2026-06-13
300512,C34通用设备制造业,2026-06-13
300513,I65软件和信息技术服务业,2026-06-13
300514,C40仪器仪表制造业,2026-06-13
300515,C40仪器仪表制造业,2026-06-13
300516,C39计算机、通信和其他电子设备制造业,2026-06-13
300517,E48土木工程建筑业,2026-06-13
300518,I64互联网和相关服务,2026-06-13
300519,C27医药制造业,2026-06-13
300520,I65软件和信息技术服务业,2026-06-13
300521,C35专用设备制造业,2026-06-13
300522,C26化学原料和化学制品制造业,2026-06-13
300523,I65软件和信息技术服务业,2026-06-13
300525,I65软件和信息技术服务业,2026-06-13
300528,R87广播、电视、电影和录音制作业,2026-06-13
300529,C35专用设备制造业,2026-06-13
300530,C38电气机械和器材制造业,2026-06-13
300531,C39计算机、通信和其他电子设备制造业,2026-06-13
300532,I65软件和信息技术服务业,2026-06-13
300533,I64互联网和相关服务,2026-06-13
300534,C27医药制造业,2026-06-13
300535,C26化学原料和化学制品制造业,2026-06-13
300536,E48土木工程建筑业,2026-06-13
300537,C26化学原料和化学制品制造业,2026-06-13
300538,F51批发业,2026-06-13
300539,C29橡胶和塑料制品业,2026-06-13
300540,C34通用设备制造业,2026-06-13
300541,I65软件和信息技术服务业,2026-06-13
300542,I65软件和信息技术服务业,2026-06-13
300543,C39计算机、通信和其他电子设备制造业,2026-06-13
300545,C35专用设备制造业,2026-06-13
300546,C39计算机、通信和其他电子设备制造业,2026-06-13
300547,C29橡胶和塑料制品业,2026-06-13
300548,C39计算机、通信和其他电子设备制造业,2026-06-13
300549,C35专用设备制造业,2026-06-13
300550,I65软件和信息技术服务业,2026-06-13
300551,C34通用设备制造业,2026-06-13
300552,C39计算机、通信和其他电子设备制造业,2026-06-13
300553,C40仪器仪表制造业,2026-06-13
300554,C30非金属矿物制品业,2026-06-13
300556,I65软件和信息技术服务业,2026-06-13
300557,C35专用设备制造业,2026-06-13
300558,C27医药制造业,2026-06-13
300559,I65软件和信息技术服务业,2026-06-13
300560,I65软件和信息技术服务业,2026-06-13
300562,C35专用设备制造业,2026-06-13
300563,C39计算机、通信和其他电子设备制造业,2026-06-13
300564,M74专业技术服务业,2026-06-13
300565,C39计算机、通信和其他电子设备制造业,2026-06-13
300566,C39计算机、通信和其他电子设备制造业,2026-06-13
300567,C40仪器仪表制造业,2026-06-13
300568,C26化学原料和化学制品制造业,2026-06-13
300569,C38电气机械和器材制造业,2026-06-13
300570,C39计算机、通信和其他电子设备制造业,2026-06-13
300571,C39计算机、通信和其他电子设备制造业,2026-06-13
300572,C40仪器仪表制造业,2026-06-13
300573,C27医药制造业,2026-06-13
300575,C26化学原料和化学制品制造业,2026-06-13
300576,C39计算机、通信和其他电子设备制造业,2026-06-13
300577,C19皮革、毛皮、羽毛及其制品和制鞋业,2026-06-13
300578,I65软件和信息技术服务业,2026-06-13
300579,I65软件和信息技术服务业,2026-06-13
300580,C36汽车制造业,2026-06-13
300581,C39计算机、通信和其他电子设备制造业,2026-06-13
300582,C39计算机、通信和其他电子设备制造业,2026-06-13
300583,C27医药制造业,2026-06-13
300584,C27医药制造业,2026-06-13
300585,C36汽车制造业,2026-06-13
300586,C26化学原料和化学制品制造业,2026-06-13
300587,C29橡胶和塑料制品业,2026-06-13
300588,I65软件和信息技术服务业,2026-06-13
300589,C37铁路、船舶、航空航天和其他运输设备制造业,2026-06-13
300590,C39计算机、通信和其他电子设备制造业,2026-06-13
300591,C19皮革、毛皮、羽毛及其制品和制鞋业,2026-06-13
300592,F52零售业,2026-06-13
300593,C38电气机械和器材制造业,2026-06-13
300594,C37铁路、船舶、航空航天和其他运输设备制造业,2026-06-13
300595,C35专用设备制造业,2026-06-13
300596,C26化学原料和化学制品制造业,2026-06-13
300597,I65软件和信息技术服务业,2026-06-13
300598,I65软件和信息技术服务业,2026-06-13
300599,C29橡胶和塑料制品业,2026-06-13
300600,C37铁路、船舶、航空航天和其他运输设备制造业,2026-06-13
300601,C27医药制造业,2026-06-13
300602,C39计算机、通信和其他电子设备制造业,2026-06-13
300603,I65软件和信息技术服务业,2026-06-13
300604,C35专用设备制造业,2026-06-13
300605,I65软件和信息技术服务业,2026-06-13
300606,C30非金属矿物制品业,2026-06-13
300607,C34通用设备制造业,2026-06-13
300608,I65软件和信息技术服务业,2026-06-13
300609,I65软件和信息技术服务业,2026-06-13
300610,C26化学原料和化学制品制造业,2026-06-13
300611,C36汽车制造业,2026-06-13
300612,L72商务服务业,2026-06-13
300613,I65软件和信息技术服务业,2026-06-13
300614,N77生态保护和环境治理业,2026-06-13
300615,C39计算机、通信和其他电子设备制造业,2026-06-13
300616,C21家具制造业,2026-06-13
300617,C38电气机械和器材制造业,2026-06-13
300618,C32有色金属冶炼和压延加工业,2026-06-13
300619,C35专用设备制造业,2026-06-13
300620,C39计算机、通信和其他电子设备制造业,2026-06-13
300621,E50建筑装饰、装修和其他建筑业,2026-06-13
300622,F52零售业,2026-06-13
300623,C39计算机、通信和其他电子设备制造业,2026-06-13
300624,I65软件和信息技术服务业,2026-06-13
300625,C38电气机械和器材制造业,2026-06-13
300626,C38电气机械和器材制造业,2026-06-13
300627,C39计算机、通信和其他电子设备制造业,2026-06-13
300628,C39计算机、通信和其他电子设备制造业,2026-06-13
300629,C39计算机、通信和其他电子设备制造业,2026-06-13
300631,C35专用设备制造业,2026-06-13
300632,C38电气机械和器材制造业,2026-06-13
300633,C35专用设备制造业,2026-06-13
300634,I65软件和信息技术服务业,2026-06-13
300635,M74专业技术服务业,2026-06-13
300636,C27医药制造业,2026-06-13
300637,C26化学原料和化学制品制造业,2026-06-13
300638,C39计算机、通信和其他电子设备制造业,2026-06-13
300639,C27医药制造业,2026-06-13
300640,C24文教、工美、体育和娱乐用品制造业,2026-06-13
300641,C26化学原料和化学制品制造业,2026-06-13
300642,C27医药制造业,2026-06-13
300643,C36汽车制造业,2026-06-13
300644,C29橡胶和塑料制品业,2026-06-13
300645,I65软件和信息技术服务业,2026-06-13
300647,C39计算机、通信和其他电子设备制造业,2026-06-13
300648,C35专用设备制造业,2026-06-13
300649,M74专业技术服务业,2026-06-13
300650,F51批发业,2026-06-13
300651,C24文教、工美、体育和娱乐用品制造业,2026-06-13
300652,C36汽车制造业,2026-06-13
300653,C35专用设备制造业,2026-06-13
300654,R86新闻和出版业,2026-06-13
300655,C26化学原料和化学制品制造业,2026-06-13
300656,C39计算机、通信和其他电子设备制造业,2026-06-13
300657,C39计算机、通信和其他电子设备制造业,2026-06-13
300658,C17纺织业,2026-06-13
300659,I65软件和信息技术服务业,2026-06-13
300660,C38电气机械和器材制造业,2026-06-13
300661,C39计算机、通信和其他电子设备制造业,2026-06-13
300662,L72商务服务业,2026-06-13
300663,I65软件和信息技术服务业,2026-06-13
300664,N77生态保护和环境治理业,2026-06-13
300665,C26化学原料和化学制品制造业,2026-06-13
300666,C39计算机、通信和其他电子设备制造业,2026-06-13
300667,C40仪器仪表制造业,2026-06-13
300668,L72商务服务业,2026-06-13
300669,C34通用设备制造业,2026-06-13
300670,C38电气机械和器材制造业,2026-06-13
300671,I65软件和信息技术服务业,2026-06-13
300672,C39计算机、通信和其他电子设备制造业,2026-06-13
300673,C13农副食品加工业,2026-06-13
300674,I65软件和信息技术服务业,2026-06-13
300675,M74专业技术服务业,2026-06-13
300676,M74专业技术服务业,2026-06-13
300677,C29橡胶和塑料制品业,2026-06-13
300678,I65软件和信息技术服务业,2026-06-13
300679,C39计算机、通信和其他电子设备制造业,2026-06-13
300680,C36汽车制造业,2026-06-13
300681,C36汽车制造业,2026-06-13
300682,I65软件和信息技术服务业,2026-06-13
300683,C27医药制造业,2026-06-13
300684,C39计算机、通信和其他电子设备制造业,2026-06-13
300685,C27医药制造业,2026-06-13
300686,C39计算机、通信和其他电子设备制造业,2026-06-13
300687,I65软件和信息技术服务业,2026-06-13
300688,L72商务服务业,2026-06-13
300689,C39计算机、通信和其他电子设备制造业,2026-06-13
300690,C30非金属矿物制品业,2026-06-13
300691,C39计算机、通信和其他电子设备制造业,2026-06-13
300692,N77生态保护和环境治理业,2026-06-13
300693,C38电气机械和器材制造业,2026-06-13
300694,C36汽车制造业,2026-06-13
300695,C36汽车制造业,2026-06-13
300696,C37铁路、船舶、航空航天和其他运输设备制造业,2026-06-13
300697,C32有色金属冶炼和压延加工业,2026-06-13
300698,C39计算机、通信和其他电子设备制造业,2026-06-13
300699,C28化学纤维制造业,2026-06-13
300700,C30非金属矿物制品业,2026-06-13
300701,C39计算机、通信和其他电子设备制造业,2026-06-13
300702,C27医药制造业,2026-06-13
300703,C24文教、工美、体育和娱乐用品制造业,2026-06-13
300705,C27医药制造业,2026-06-13
300706,C39计算机、通信和其他电子设备制造业,2026-06-13
300707,C35专用设备制造业,2026-06-13
300708,C39计算机、通信和其他电子设备制造业,2026-06-13
300709,C39计算机、通信和其他电子设备制造业,2026-06-13
300710,C39计算机、通信和其他电子设备制造业,2026-06-13
300711,C39计算机、通信和其他电子设备制造业,2026-06-13
300712,E48土木工程建筑业,2026-06-13
300713,C38电气机械和器材制造业,2026-06-13
300715,C30非金属矿物制品业,2026-06-13
300717,C29橡胶和塑料制品业,2026-06-13
300718,C34通用设备制造业,2026-06-13
300719,C37铁路、船舶、航空航天和其他运输设备制造业,2026-06-13
300720,C40仪器仪表制造业,2026-06-13
300721,C26化学原料和化学制品制造业,2026-06-13
300722,C41其他制造业,2026-06-13
300723,C27医药制造业,2026-06-13
300724,C35专用设备制造业,2026-06-13
300725,M73研究和试验发展,2026-06-13
300726,C39计算机、通信和其他电子设备制造业,2026-06-13
300727,C26化学原料和化学制品制造业,2026-06-13
300729,C21家具制造业,2026-06-13
300730,I65软件和信息技术服务业,2026-06-13
300731,C29橡胶和塑料制品业,2026-06-13
300732,M74专业技术服务业,2026-06-13
300733,C36汽车制造业,2026-06-13
300735,C39计算机、通信和其他电子设备制造业,2026-06-13
300736,O81机动车、电子产品和日用产品修理业,2026-06-13
300737,C30非金属矿物制品业,2026-06-13
300738,I65软件和信息技术服务业,2026-06-13
300739,C39计算机、通信和其他电子设备制造业,2026-06-13
300740,C26化学原料和化学制品制造业,2026-06-13
300741,C26化学原料和化学制品制造业,2026-06-13
300743,C39计算机、通信和其他电子设备制造业,2026-06-13
300745,C36汽车制造业,2026-06-13
300746,M74专业技术服务业,2026-06-13
300747,C39计算机、通信和其他电子设备制造业,2026-06-13
300748,C30非金属矿物制品业,2026-06-13
300749,C21家具制造业,2026-06-13
300750,C38电气机械和器材制造业,2026-06-13
300751,C35专用设备制造业,2026-06-13
300752,C39计算机、通信和其他电子设备制造业,2026-06-13
300753,C35专用设备制造业,2026-06-13
300755,F51批发业,2026-06-13
300756,C24文教、工美、体育和娱乐用品制造业,2026-06-13
300757,C35专用设备制造业,2026-06-13
300758,C26化学原料和化学制品制造业,2026-06-13
300759,M73研究和试验发展,2026-06-13
300760,C35专用设备制造业,2026-06-13
300761,A03畜牧业,2026-06-13
300762,C39计算机、通信和其他电子设备制造业,2026-06-13
300763,C38电气机械和器材制造业,2026-06-13
300765,C14食品制造业,2026-06-13
300766,I64互联网和相关服务,2026-06-13
300767,C29橡胶和塑料制品业,2026-06-13
300768,I65软件和信息技术服务业,2026-06-13
300769,C39计算机、通信和其他电子设备制造业,2026-06-13
300770,I63电信、广播电视和卫星传输服务,2026-06-13
300771,C35专用设备制造业,2026-06-13
300772,C34通用设备制造业,2026-06-13
300773,I65软件和信息技术服务业,2026-06-13
300774,N77生态保护和环境治理业,2026-06-13
300775,C37铁路、船舶、航空航天和其他运输设备制造业,2026-06-13
300776,C35专用设备制造业,2026-06-13
300777,C28化学纤维制造业,2026-06-13
300778,M74专业技术服务业,2026-06-13
300779,C42废弃资源综合利用业,2026-06-13
300780,C34通用设备制造业,2026-06-13
300781,L72商务服务业,2026-06-13
300782,C39计算机、通信和其他电子设备制造业,2026-06-13
300783,F52零售业,2026-06-13
300784,C29橡胶和塑料制品业,2026-06-13
300785,I64互联网和相关服务,2026-06-13
300786,C35专用设备制造业,2026-06-13
300787,C39计算机、通信和其他电子设备制造业,2026-06-13
300788,R86新闻和出版业,2026-06-13
300789,I65软件和信息技术服务业,2026-06-13
300790,C39计算机、通信和其他电子设备制造业,2026-06-13
300791,C14食品制造业,2026-06-13
300792,I64互联网和相关服务,2026-06-13
300793,C39计算机、通信和其他电子设备制造业,2026-06-13
300795,L72商务服务业,2026-06-13
300796,C26化学原料和化学制品制造业,2026-06-13
300797,M74专业技术服务业,2026-06-13
300798,C26化学原料和化学制品制造业,2026-06-13
300800,C40仪器仪表制造业,2026-06-13
300801,C26化学原料和化学制品制造业,2026-06-13
300802,C39计算机、通信和其他电子设备制造业,2026-06-13
300803,J69其他金融业,2026-06-13
300804,C26化学原料和化学制品制造业,2026-06-13
300805,L72商务服务业,2026-06-13
300806,C29橡胶和塑料制品业,2026-06-13
300807,C39计算机、通信和其他电子设备制造业,2026-06-13
300808,C38电气机械和器材制造业,2026-06-13
300809,C34通用设备制造业,2026-06-13
300810,I65软件和信息技术服务业,2026-06-13
300811,C39计算机、通信和其他电子设备制造业,2026-06-13
300812,C35专用设备制造业,2026-06-13
300813,C35专用设备制造业,2026-06-13
300814,C39计算机、通信和其他电子设备制造业,2026-06-13
300815,N78公共设施管理业,2026-06-13
300816,N77生态保护和环境治理业,2026-06-13
300817,C34通用设备制造业,2026-06-13
300818,C35专用设备制造业,2026-06-13
300819,C17纺织业,2026-06-13
300820,C38电气机械和器材制造业,2026-06-13
300821,C26化学原料和化学制品制造业,2026-06-13
300822,C39计算机、通信和其他电子设备制造业,2026-06-13
300823,C35专用设备制造业,2026-06-13
300824,C38电气机械和器材制造业,2026-06-13
300825,M74专业技术服务业,2026-06-13
300826,M74专业技术服务业,2026-06-13
300827,C38电气机械和器材制造业,2026-06-13
300828,C39计算机、通信和其他电子设备制造业,2026-06-13
300829,C14食品制造业,2026-06-13
300830,I65软件和信息技术服务业,2026-06-13
300831,C39计算机、通信和其他电子设备制造业,2026-06-13
300832,C27医药制造业,2026-06-13
300833,C38电气机械和器材制造业,2026-06-13
300834,C26化学原料和化学制品制造业,2026-06-13
300835,C39计算机、通信和其他电子设备制造业,2026-06-13
300836,C35专用设备制造业,2026-06-13
300837,C35专用设备制造业,2026-06-13
300838,C34通用设备制造业,2026-06-13
300839,C25石油、煤炭及其他燃料加工业,2026-06-13
300840,C18纺织服装、服饰业,2026-06-13
300841,C27医药制造业,2026-06-13
300842,C39计算机、通信和其他电子设备制造业,2026-06-13
300843,C39计算机、通信和其他电子设备制造业,2026-06-13
300844,M74专业技术服务业,2026-06-13
300845,I65软件和信息技术服务业,2026-06-13
300846,I65软件和信息技术服务业,2026-06-13
300847,C39计算机、通信和其他电子设备制造业,2026-06-13
300848,C26化学原料和化学制品制造业,2026-06-13
300849,C29橡胶和塑料制品业,2026-06-13
300850,C34通用设备制造业,2026-06-13
300851,I65软件和信息技术服务业,2026-06-13
300852,C39计算机、通信和其他电子设备制造业,2026-06-13
300853,C34通用设备制造业,2026-06-13
300854,N77生态保护和环境治理业,2026-06-13
300855,C32有色金属冶炼和压延加工业,2026-06-13
300856,C26化学原料和化学制品制造业,2026-06-13
300857,C39计算机、通信和其他电子设备制造业,2026-06-13
300858,C14食品制造业,2026-06-13
300859,N78公共设施管理业,2026-06-13
300860,R88文化艺术业,2026-06-13
300861,C30非金属矿物制品业,2026-06-13
300862,C40仪器仪表制造业,2026-06-13
300863,C36汽车制造业,2026-06-13
300864,L72商务服务业,2026-06-13
300865,C35专用设备制造业,2026-06-13
300866,C39计算机、通信和其他电子设备制造业,2026-06-13
300867,N77生态保护和环境治理业,2026-06-13
300868,C29橡胶和塑料制品业,2026-06-13
300869,C35专用设备制造业,2026-06-13
300870,C39计算机、通信和其他电子设备制造业,2026-06-13
300871,C27医药制造业,2026-06-13
300872,I65软件和信息技术服务业,2026-06-13
300873,G58多式联运和运输代理业,2026-06-13
300875,C35专用设备制造业,2026-06-13
300876,C28化学纤维制造业,2026-06-13
300877,C17纺织业,2026-06-13
300878,C27医药制造业,2026-06-13
300879,C35专用设备制造业,2026-06-13
300880,C40仪器仪表制造业,2026-06-13
300881,C33金属制品业,2026-06-13
300882,C40仪器仪表制造业,2026-06-13
300883,C22造纸和纸制品业,2026-06-13
300884,C39计算机、通信和其他电子设备制造业,2026-06-13
300885,C33金属制品业,2026-06-13
300886,C26化学原料和化学制品制造业,2026-06-13
300887,M74专业技术服务业,2026-06-13
300888,C17纺织业,2026-06-13
300889,C38电气机械和器材制造业,2026-06-13
300890,C30非金属矿物制品业,2026-06-13
300891,C26化学原料和化学制品制造业,2026-06-13
300892,F52零售业,2026-06-13
300893,C36汽车制造业,2026-06-13
300894,C38电气机械和器材制造业,2026-06-13
300895,I65软件和信息技术服务业,2026-06-13
300896,C35专用设备制造业,2026-06-13
300897,C40仪器仪表制造业,2026-06-13
300898,C14食品制造业,2026-06-13
300900,C37铁路、船舶、航空航天和其他运输设备制造业,2026-06-13
300901,M74专业技术服务业,2026-06-13
300902,C35专用设备制造业,2026-06-13
300903,C39计算机、通信和其他电子设备制造业,2026-06-13
300904,C34通用设备制造业,2026-06-13
300905,C29橡胶和塑料制品业,2026-06-13
300906,C37铁路、船舶、航空航天和其他运输设备制造业,2026-06-13
300907,C38电气机械和器材制造业,2026-06-13
300908,C14食品制造业,2026-06-13
300909,C39计算机、通信和其他电子设备制造业,2026-06-13
300910,C26化学原料和化学制品制造业,2026-06-13
300911,C38电气机械和器材制造业,2026-06-13
300912,N77生态保护和环境治理业,2026-06-13
300913,C38电气机械和器材制造业,2026-06-13
300915,C14食品制造业,2026-06-13
300916,C39计算机、通信和其他电子设备制造业,2026-06-13
300917,K70房地产业,2026-06-13
300918,C17纺织业,2026-06-13
300919,C39计算机、通信和其他电子设备制造业,2026-06-13
300920,C29橡胶和塑料制品业,2026-06-13
300921,I64互联网和相关服务,2026-06-13
300922,C41其他制造业,2026-06-13
300923,C37铁路、船舶、航空航天和其他运输设备制造业,2026-06-13
300925,I65软件和信息技术服务业,2026-06-13
300926,C36汽车制造业,2026-06-13
300927,C26化学原料和化学制品制造业,2026-06-13
300928,M74专业技术服务业,2026-06-13
300929,N77生态保护和环境治理业,2026-06-13
300930,C42废弃资源综合利用业,2026-06-13
300931,C34通用设备制造业,2026-06-13
300932,C38电气机械和器材制造业,2026-06-13
300933,C38电气机械和器材制造业,2026-06-13
300935,I65软件和信息技术服务业,2026-06-13
300936,C39计算机、通信和其他电子设备制造业,2026-06-13
300937,F51批发业,2026-06-13
300938,M74专业技术服务业,2026-06-13
300939,C39计算机、通信和其他电子设备制造业,2026-06-13
300940,C39计算机、通信和其他电子设备制造业,2026-06-13
300941,I65软件和信息技术服务业,2026-06-13
300942,C27医药制造业,2026-06-13
300943,C34通用设备制造业,2026-06-13
300945,F52零售业,2026-06-13
300946,C33金属制品业,2026-06-13
300947,L72商务服务业,2026-06-13
300948,N77生态保护和环境治理业,2026-06-13
300949,M74专业技术服务业,2026-06-13
300950,C35专用设备制造业,2026-06-13
300951,C39计算机、通信和其他电子设备制造业,2026-06-13
300952,C17纺织业,2026-06-13
300953,C33金属制品业,2026-06-13
300955,C26化学原料和化学制品制造业,2026-06-13
300956,C39计算机、通信和其他电子设备制造业,2026-06-13
300957,C26化学原料和化学制品制造业,2026-06-13
300958,N77生态保护和环境治理业,2026-06-13
300959,I65软件和信息技术服务业,2026-06-13
300960,C37铁路、船舶、航空航天和其他运输设备制造业,2026-06-13
300961,N77生态保护和环境治理业,2026-06-13
300962,C41其他制造业,2026-06-13
300963,C32有色金属冶炼和压延加工业,2026-06-13
300964,C39计算机、通信和其他电子设备制造业,2026-06-13
300965,C39计算机、通信和其他电子设备制造业,2026-06-13
300966,C27医药制造业,2026-06-13
300967,A03畜牧业,2026-06-13
300968,C39计算机、通信和其他电子设备制造业,2026-06-13
300969,C36汽车制造业,2026-06-13
300970,A01农业,2026-06-13
300971,C34通用设备制造业,2026-06-13
300972,F52零售业,2026-06-13
300973,C14食品制造业,2026-06-13
300975,F51批发业,2026-06-13
300976,C39计算机、通信和其他电子设备制造业,2026-06-13
300977,M74专业技术服务业,2026-06-13
300978,C36汽车制造业,2026-06-13
300979,C19皮革、毛皮、羽毛及其制品和制鞋业,2026-06-13
300980,C29橡胶和塑料制品业,2026-06-13
300981,C29橡胶和塑料制品业,2026-06-13
300982,E48土木工程建筑业,2026-06-13
300983,M74专业技术服务业,2026-06-13
300984,C34通用设备制造业,2026-06-13
300985,C33金属制品业,2026-06-13
300986,C33金属制品业,2026-06-13
300987,I64互联网和相关服务,2026-06-13
300988,C33金属制品业,2026-06-13
300989,M74专业技术服务业,2026-06-13
300990,C34通用设备制造业,2026-06-13
300991,C39计算机、通信和其他电子设备制造业,2026-06-13
300992,C34通用设备制造业,2026-06-13
300993,C17纺织业,2026-06-13
300994,C37铁路、船舶、航空航天和其他运输设备制造业,2026-06-13
300995,C29橡胶和塑料制品业,2026-06-13
300996,I65软件和信息技术服务业,2026-06-13
300997,C15酒、饮料和精制茶制造业,2026-06-13
300998,C35专用设备制造业,2026-06-13
300999,C13农副食品加工业,2026-06-13
301000,C29橡胶和塑料制品业,2026-06-13
301001,F52零售业,2026-06-13
301002,C39计算机、通信和其他电子设备制造业,2026-06-13
301003,C29橡胶和塑料制品业,2026-06-13
301004,C33金属制品业,2026-06-13
301005,C36汽车制造业,2026-06-13
301006,C40仪器仪表制造业,2026-06-13
301007,C36汽车制造业,2026-06-13
301008,C38电气机械和器材制造业,2026-06-13
301009,C22造纸和纸制品业,2026-06-13
301010,C30非金属矿物制品业,2026-06-13
301011,C24文教、工美、体育和娱乐用品制造业,2026-06-13
301012,C38电气机械和器材制造业,2026-06-13
301013,C35专用设备制造业,2026-06-13
301015,F51批发业,2026-06-13
301016,C37铁路、船舶、航空航天和其他运输设备制造业,2026-06-13
301017,F52零售业,2026-06-13
301018,C35专用设备制造业,2026-06-13
301019,C29橡胶和塑料制品业,2026-06-13
301020,C34通用设备制造业,2026-06-13
301021,C39计算机、通信和其他电子设备制造业,2026-06-13
301022,C35专用设备制造业,2026-06-13
301023,C34通用设备制造业,2026-06-13
301024,M74专业技术服务业,2026-06-13
301025,R86新闻和出版业,2026-06-13
301026,C42废弃资源综合利用业,2026-06-13
301027,M74专业技术服务业,2026-06-13
301028,C34通用设备制造业,2026-06-13
301029,C34通用设备制造业,2026-06-13
301030,C35专用设备制造业,2026-06-13
301031,C38电气机械和器材制造业,2026-06-13
301032,C34通用设备制造业,2026-06-13
301033,C35专用设备制造业,2026-06-13
301035,C26化学原料和化学制品制造业,2026-06-13
301036,C26化学原料和化学制品制造业,2026-06-13
301037,C26化学原料和化学制品制造业,2026-06-13
301038,M74专业技术服务业,2026-06-13
301039,C36汽车制造业,2026-06-13
301040,C33金属制品业,2026-06-13
301041,C39计算机、通信和其他电子设备制造业,2026-06-13
301042,C39计算机、通信和其他电子设备制造业,2026-06-13
301043,C34通用设备制造业,2026-06-13
301045,C39计算机、通信和其他电子设备制造业,2026-06-13
301046,E48土木工程建筑业,2026-06-13
301047,M73研究和试验发展,2026-06-13
301048,C37铁路、船舶、航空航天和其他运输设备制造业,2026-06-13
301049,N77生态保护和环境治理业,2026-06-13
301050,C39计算机、通信和其他电子设备制造业,2026-06-13
301051,C39计算机、通信和其他电子设备制造业,2026-06-13
301052,R86新闻和出版业,2026-06-13
301053,C35专用设备制造业,2026-06-13
301055,C33金属制品业,2026-06-13
301056,C34通用设备制造业,2026-06-13
301057,C28化学纤维制造业,2026-06-13
301058,M74专业技术服务业,2026-06-13
301059,C26化学原料和化学制品制造业,2026-06-13
301060,F51批发业,2026-06-13
301061,C21家具制造业,2026-06-13
301062,C22造纸和纸制品业,2026-06-13
301063,C33金属制品业,2026-06-13
301065,C26化学原料和化学制品制造业,2026-06-13
301066,C18纺织服装、服饰业,2026-06-13
301067,C39计算机、通信和其他电子设备制造业,2026-06-13
301068,C42废弃资源综合利用业,2026-06-13
301069,C26化学原料和化学制品制造业,2026-06-13
301070,C34通用设备制造业,2026-06-13
301071,C30非金属矿物制品业,2026-06-13
301072,C36汽车制造业,2026-06-13
301073,H61住宿业,2026-06-13
301075,C27医药制造业,2026-06-13
301076,C26化学原料和化学制品制造业,2026-06-13
301077,C26化学原料和化学制品制造业,2026-06-13
301078,F52零售业,2026-06-13
301079,C34通用设备制造业,2026-06-13
301080,M73研究和试验发展,2026-06-13
301081,C35专用设备制造业,2026-06-13
301082,C38电气机械和器材制造业,2026-06-13
301083,C35专用设备制造业,2026-06-13
301085,I65软件和信息技术服务业,2026-06-13
301086,C39计算机、通信和其他电子设备制造业,2026-06-13
301087,C35专用设备制造业,2026-06-13
301088,F52零售业,2026-06-13
301089,C27医药制造业,2026-06-13
301090,C26化学原料和化学制品制造业,2026-06-13
301091,M74专业技术服务业,2026-06-13
301092,C26化学原料和化学制品制造业,2026-06-13
301093,C27医药制造业,2026-06-13
301095,I65软件和信息技术服务业,2026-06-13
301096,M73研究和试验发展,2026-06-13
301097,C35专用设备制造业,2026-06-13
301098,E48土木工程建筑业,2026-06-13
301099,F51批发业,2026-06-13
301100,C26化学原料和化学制品制造业,2026-06-13
301101,C35专用设备制造业,2026-06-13
301102,L72商务服务业,2026-06-13
301103,Q84卫生,2026-06-13
301105,C34通用设备制造业,2026-06-13
301106,C39计算机、通信和其他电子设备制造业,2026-06-13
301107,C34通用设备制造业,2026-06-13
301108,C26化学原料和化学制品制造业,2026-06-13
301109,N77生态保护和环境治理业,2026-06-13
301110,I64互联网和相关服务,2026-06-13
301111,C27医药制造业,2026-06-13
301112,C35专用设备制造业,2026-06-13
301113,C21家具制造业,2026-06-13
301115,M74专业技术服务业,2026-06-13
301116,C13农副食品加工业,2026-06-13
301117,I65软件和信息技术服务业,2026-06-13
301118,C26化学原料和化学制品制造业,2026-06-13
301119,C36汽车制造业,2026-06-13
301120,C38电气机械和器材制造业,2026-06-13
301121,C38电气机械和器材制造业,2026-06-13
301122,C35专用设备制造业,2026-06-13
301123,C39计算机、通信和其他电子设备制造业,2026-06-13
301125,C34通用设备制造业,2026-06-13
301126,F52零售业,2026-06-13
301127,D46水的生产和供应业,2026-06-13
301128,C35专用设备制造业,2026-06-13
301129,C40仪器仪表制造业,2026-06-13
301130,C27医药制造业,2026-06-13
301131,C29橡胶和塑料制品业,2026-06-13
301132,C39计算机、通信和其他电子设备制造业,2026-06-13
301133,C36汽车制造业,2026-06-13
301135,C39计算机、通信和其他电子设备制造业,2026-06-13
301136,M74专业技术服务业,2026-06-13
301137,C33金属制品业,2026-06-13
301138,C35专用设备制造业,2026-06-13
301139,I65软件和信息技术服务业,2026-06-13
301141,C39计算机、通信和其他电子设备制造业,2026-06-13
301148,N77生态保护和环境治理业,2026-06-13
301149,C26化学原料和化学制品制造业,2026-06-13
301150,C39计算机、通信和其他电子设备制造业,2026-06-13
301151,C34通用设备制造业,2026-06-13
301152,C39计算机、通信和其他电子设备制造业,2026-06-13
301153,I65软件和信息技术服务业,2026-06-13
301155,C38电气机械和器材制造业,2026-06-13
301156,C14食品制造业,2026-06-13
301157,C39计算机、通信和其他电子设备制造业,2026-06-13
301158,C35专用设备制造业,2026-06-13
301159,I65软件和信息技术服务业,2026-06-13
301160,C33金属制品业,2026-06-13
301161,C29橡胶和塑料制品业,2026-06-13
301162,I65软件和信息技术服务业,2026-06-13
301163,C33金属制品业,2026-06-13
301165,C39计算机、通信和其他电子设备制造业,2026-06-13
301166,F51批发业,2026-06-13
301167,M74专业技术服务业,2026-06-13
301168,C38电气机械和器材制造业,2026-06-13
301169,L72商务服务业,2026-06-13
301170,C36汽车制造业,2026-06-13
301171,I64互联网和相关服务,2026-06-13
301172,I65软件和信息技术服务业,2026-06-13
301173,C36汽车制造业,2026-06-13
301175,N78公共设施管理业,2026-06-13
301176,C39计算机、通信和其他电子设备制造业,2026-06-13
301177,F52零售业,2026-06-13
301178,I65软件和信息技术服务业,2026-06-13
301179,I65软件和信息技术服务业,2026-06-13
301180,C39计算机、通信和其他电子设备制造业,2026-06-13
301181,C36汽车制造业,2026-06-13
301182,C39计算机、通信和其他电子设备制造业,2026-06-13
301183,C39计算机、通信和其他电子设备制造业,2026-06-13
301185,I65软件和信息技术服务业,2026-06-13
301186,C35专用设备制造业,2026-06-13
301187,C38电气机械和器材制造业,2026-06-13
301188,C30非金属矿物制品业,2026-06-13
301189,C39计算机、通信和其他电子设备制造业,2026-06-13
301190,C26化学原料和化学制品制造业,2026-06-13
301191,C39计算机、通信和其他电子设备制造业,2026-06-13
301192,C36汽车制造业,2026-06-13
301193,C29橡胶和塑料制品业,2026-06-13
301195,I65软件和信息技术服务业,2026-06-13
301196,C29橡胶和塑料制品业,2026-06-13
301197,I65软件和信息技术服务业,2026-06-13
301198,C29橡胶和塑料制品业,2026-06-13
301199,C35专用设备制造业,2026-06-13
301200,C35专用设备制造业,2026-06-13
301201,C27医药制造业,2026-06-13
301202,C33金属制品业,2026-06-13
301203,N77生态保护和环境治理业,2026-06-13
301205,C39计算机、通信和其他电子设备制造业,2026-06-13
301206,C14食品制造业,2026-06-13
301207,C27医药制造业,2026-06-13
301208,I65软件和信息技术服务业,2026-06-13
301209,C26化学原料和化学制品制造业,2026-06-13
301210,C38电气机械和器材制造业,2026-06-13
301211,C27医药制造业,2026-06-13
301212,C26化学原料和化学制品制造业,2026-06-13
301213,I65软件和信息技术服务业,2026-06-13
301215,M74专业技术服务业,2026-06-13
301216,C26化学原料和化学制品制造业,2026-06-13
301217,C39计算机、通信和其他电子设备制造业,2026-06-13
301218,I65软件和信息技术服务业,2026-06-13
301219,C32有色金属冶炼和压延加工业,2026-06-13
301220,C26化学原料和化学制品制造业,2026-06-13
301221,I65软件和信息技术服务业,2026-06-13
301222,C38电气机械和器材制造业,2026-06-13
301223,C23印刷和记录媒介复制业,2026-06-13
301225,C36汽车制造业,2026-06-13
301226,C38电气机械和器材制造业,2026-06-13
301227,C20木材加工和木、竹、藤、棕、草制品业,2026-06-13
301228,M74专业技术服务业,2026-06-13
301229,C36汽车制造业,2026-06-13
301230,M73研究和试验发展,2026-06-13
301231,R86新闻和出版业,2026-06-13
301232,C34通用设备制造业,2026-06-13
301233,C29橡胶和塑料制品业,2026-06-13
301234,C35专用设备制造业,2026-06-13
301235,E49建筑安装业,2026-06-13
301236,I65软件和信息技术服务业,2026-06-13
301237,C29橡胶和塑料制品业,2026-06-13
301238,C26化学原料和化学制品制造业,2026-06-13
301239,Q84卫生,2026-06-13
301246,C27医药制造业,2026-06-13
301248,I65软件和信息技术服务业,2026-06-13
301251,C39计算机、通信和其他电子设备制造业,2026-06-13
301252,C34通用设备制造业,2026-06-13
301255,C34通用设备制造业,2026-06-13
301256,C26化学原料和化学制品制造业,2026-06-13
301257,M73研究和试验发展,2026-06-13
301258,C27医药制造业,2026-06-13
301259,N77生态保护和环境治理业,2026-06-13
301260,C35专用设备制造业,2026-06-13
301261,C34通用设备制造业,2026-06-13
301262,I63电信、广播电视和卫星传输服务,2026-06-13
301263,F51批发业,2026-06-13
301265,C42废弃资源综合利用业,2026-06-13
301266,C38电气机械和器材制造业,2026-06-13
301267,Q84卫生,2026-06-13
301268,C33金属制品业,2026-06-13
301269,I65软件和信息技术服务业,2026-06-13
301270,I65软件和信息技术服务业,2026-06-13
301272,C34通用设备制造业,2026-06-13
301273,C34通用设备制造业,2026-06-13
301275,C39计算机、通信和其他电子设备制造业,2026-06-13
301276,C18纺织服装、服饰业,2026-06-13
301277,C27医药制造业,2026-06-13
301278,C38电气机械和器材制造业,2026-06-13
301279,C34通用设备制造业,2026-06-13
301280,C39计算机、通信和其他电子设备制造业,2026-06-13
301281,C27医药制造业,2026-06-13
301282,C39计算机、通信和其他电子设备制造业,2026-06-13
301283,C26化学原料和化学制品制造业,2026-06-13
301285,C39计算机、通信和其他电子设备制造业,2026-06-13
301286,C26化学原料和化学制品制造业,2026-06-13
301287,C24文教、工美、体育和娱乐用品制造业,2026-06-13
301289,M74专业技术服务业,2026-06-13
301290,C35专用设备制造业,2026-06-13
301291,C38电气机械和器材制造业,2026-06-13
301292,C26化学原料和化学制品制造业,2026-06-13
301293,Q84卫生,2026-06-13
301295,C38电气机械和器材制造业,2026-06-13
301296,C22造纸和纸制品业,2026-06-13
301297,M74专业技术服务业,2026-06-13
301298,C36汽车制造业,2026-06-13
301299,I64互联网和相关服务,2026-06-13
301300,C26化学原料和化学制品制造业,2026-06-13
301301,C27医药制造业,2026-06-13
301302,I65软件和信息技术服务业,2026-06-13
301303,C40仪器仪表制造业,2026-06-13
301305,N77生态保护和环境治理业,2026-06-13
301306,M74专业技术服务业,2026-06-13
301307,C33金属制品业,2026-06-13
301308,C39计算机、通信和其他电子设备制造业,2026-06-13
301309,C34通用设备制造业,2026-06-13
301310,C36汽车制造业,2026-06-13
301311,C34通用设备制造业,2026-06-13
301312,C35专用设备制造业,2026-06-13
301313,I65软件和信息技术服务业,2026-06-13
301314,C39计算机、通信和其他电子设备制造业,2026-06-13
301315,I65软件和信息技术服务业,2026-06-13
301316,I65软件和信息技术服务业,2026-06-13
301317,C34通用设备制造业,2026-06-13
301318,C39计算机、通信和其他电子设备制造业,2026-06-13
301319,C39计算机、通信和其他电子设备制造业,2026-06-13
301320,C38电气机械和器材制造业,2026-06-13
301321,C39计算机、通信和其他电子设备制造业,2026-06-13
301322,C37铁路、船舶、航空航天和其他运输设备制造业,2026-06-13
301323,C29橡胶和塑料制品业,2026-06-13
301325,C35专用设备制造业,2026-06-13
301326,C39计算机、通信和其他电子设备制造业,2026-06-13
301327,C38电气机械和器材制造业,2026-06-13
301328,C39计算机、通信和其他电子设备制造业,2026-06-13
301329,C39计算机、通信和其他电子设备制造业,2026-06-13
301330,C39计算机、通信和其他电子设备制造业,2026-06-13
301331,C27医药制造业,2026-06-13
301332,C38电气机械和器材制造业,2026-06-13
301333,M73研究和试验发展,2026-06-13
301335,C41其他制造业,2026-06-13
301336,C21家具制造业,2026-06-13
301337,I65软件和信息技术服务业,2026-06-13
301338,C35专用设备制造业,2026-06-13
301339,I65软件和信息技术服务业,2026-06-13
301345,C37铁路、船舶、航空航天和其他运输设备制造业,2026-06-13
301348,C39计算机、通信和其他电子设备制造业,2026-06-13
301349,C26化学原料和化学制品制造业,2026-06-13
301353,C34通用设备制造业,2026-06-13
301355,C22造纸和纸制品业,2026-06-13
301356,C29橡胶和塑料制品业,2026-06-13
301357,C41其他制造业,2026-06-13
301358,C39计算机、通信和其他电子设备制造业,2026-06-13
301359,C38电气机械和器材制造业,2026-06-13
301360,C35专用设备制造业,2026-06-13
301361,C38电气机械和器材制造业,2026-06-13
301362,C38电气机械和器材制造业,2026-06-13
301363,C35专用设备制造业,2026-06-13
301365,M74专业技术服务业,2026-06-13
301366,C39计算机、通信和其他电子设备制造业,2026-06-13
301367,C35专用设备制造业,2026-06-13
301368,C34通用设备制造业,2026-06-13
301369,C35专用设备制造业,2026-06-13
301370,F51批发业,2026-06-13
301371,C26化学原料和化学制品制造业,2026-06-13
301372,N77生态保护和环境治理业,2026-06-13
301373,C26化学原料和化学制品制造业,2026-06-13
301376,F52零售业,2026-06-13
301377,C33金属制品业,2026-06-13
301378,I65软件和信息技术服务业,2026-06-13
301379,C39计算机、通信和其他电子设备制造业,2026-06-13
301380,I65软件和信息技术服务业,2026-06-13
301381,F52零售业,2026-06-13
301382,I64互联网和相关服务,2026-06-13
301383,C39计算机、通信和其他电子设备制造业,2026-06-13
301386,C38电气机械和器材制造业,2026-06-13
301387,C39计算机、通信和其他电子设备制造业,2026-06-13
301388,C38电气机械和器材制造业,2026-06-13
301389,C39计算机、通信和其他电子设备制造业,2026-06-13
301390,M74专业技术服务业,2026-06-13
301391,C39计算机、通信和其他电子设备制造业,2026-06-13
301392,C34通用设备制造业,2026-06-13
301393,C26化学原料和化学制品制造业,2026-06-13
301395,C26化学原料和化学制品制造业,2026-06-13
301396,I65软件和信息技术服务业,2026-06-13
301397,C36汽车制造业,2026-06-13
301398,C33金属制品业,2026-06-13
301399,C34通用设备制造业,2026-06-13
301408,F52零售业,2026-06-13
301413,C39计算机、通信和其他电子设备制造业,2026-06-13
301418,C38电气机械和器材制造业,2026-06-13
301419,C39计算机、通信和其他电子设备制造业,2026-06-13
301421,C40仪器仪表制造业,2026-06-13
301428,I64互联网和相关服务,2026-06-13
301429,C26化学原料和化学制品制造业,2026-06-13
301439,C38电气机械和器材制造业,2026-06-13
301446,C34通用设备制造业,2026-06-13
301448,C34通用设备制造业,2026-06-13
301449,M74专业技术服务业,2026-06-13
301456,C35专用设备制造业,2026-06-13
301458,C39计算机、通信和其他电子设备制造业,2026-06-13
301459,C29橡胶和塑料制品业,2026-06-13
301468,C35专用设备制造业,2026-06-13
301469,C22造纸和纸制品业,2026-06-13
301479,C39计算机、通信和其他电子设备制造业,2026-06-13
301486,C39计算机、通信和其他电子设备制造业,2026-06-13
301487,C26化学原料和化学制品制造业,2026-06-13
301488,C39计算机、通信和其他电子设备制造业,2026-06-13
301489,C39计算机、通信和其他电子设备制造业,2026-06-13
301491,C39计算机、通信和其他电子设备制造业,2026-06-13
301498,C13农副食品加工业,2026-06-13
301499,C36汽车制造业,2026-06-13
301500,C42废弃资源综合利用业,2026-06-13
301501,C22造纸和纸制品业,2026-06-13
301502,C38电气机械和器材制造业,2026-06-13
301503,C39计算机、通信和其他电子设备制造业,2026-06-13
301505,M74专业技术服务业,2026-06-13
301507,C27医药制造业,2026-06-13
301508,M74专业技术服务业,2026-06-13
301509,C27医药制造业,2026-06-13
301510,C40仪器仪表制造业,2026-06-13
301511,C39计算机、通信和其他电子设备制造业,2026-06-13
301512,C35专用设备制造业,2026-06-13
301515,C35专用设备制造业,2026-06-13
301516,C39计算机、通信和其他电子设备制造业,2026-06-13
301517,C39计算机、通信和其他电子设备制造业,2026-06-13
301518,C26化学原料和化学制品制造业,2026-06-13
301519,N77生态保护和环境治理业,2026-06-13
301520,M73研究和试验发展,2026-06-13
301522,C33金属制品业,2026-06-13
301525,C38电气机械和器材制造业,2026-06-13
301526,C30非金属矿物制品业,2026-06-13
301528,C40仪器仪表制造业,2026-06-13
301529,C36汽车制造业,2026-06-13
301533,C35专用设备制造业,2026-06-13
301535,C36汽车制造业,2026-06-13
301536,C39计算机、通信和其他电子设备制造业,2026-06-13
301538,C29橡胶和塑料制品业,2026-06-13
301539,C36汽车制造业,2026-06-13
301548,C34通用设备制造业,2026-06-13
301550,C36汽车制造业,2026-06-13
301551,I63电信、广播电视和卫星传输服务,2026-06-13
301552,C36汽车制造业,2026-06-13
301555,C26化学原料和化学制品制造业,2026-06-13
301556,I65软件和信息技术服务业,2026-06-13
301557,C30非金属矿物制品业,2026-06-13
301558,F52零售业,2026-06-13
301559,C34通用设备制造业,2026-06-13
301560,C36汽车制造业,2026-06-13
301563,F51批发业,2026-06-13
301565,C29橡胶和塑料制品业,2026-06-13
301566,C39计算机、通信和其他电子设备制造业,2026-06-13
301567,C39计算机、通信和其他电子设备制造业,2026-06-13
301568,C35专用设备制造业,2026-06-13
301571,C39计算机、通信和其他电子设备制造业,2026-06-13
301575,C33金属制品业,2026-06-13
301577,C39计算机、通信和其他电子设备制造业,2026-06-13
301578,C39计算机、通信和其他电子设备制造业,2026-06-13
301580,C35专用设备制造业,2026-06-13
301581,C36汽车制造业,2026-06-13
301584,F51批发业,2026-06-13
301585,C26化学原料和化学制品制造业,2026-06-13
301586,C37铁路、船舶、航空航天和其他运输设备制造业,2026-06-13
301587,C33金属制品业,2026-06-13
301588,C29橡胶和塑料制品业,2026-06-13
301589,C39计算机、通信和其他电子设备制造业,2026-06-13
301590,C38电气机械和器材制造业,2026-06-13
301591,C29橡胶和塑料制品业,2026-06-13
301592,I65软件和信息技术服务业,2026-06-13
301595,C29橡胶和塑料制品业,2026-06-13
301596,C34通用设备制造业,2026-06-13
301598,C35专用设备制造业,2026-06-13
301600,C39计算机、通信和其他电子设备制造业,2026-06-13
301601,M74专业技术服务业,2026-06-13
301602,C35专用设备制造业,2026-06-13
301603,C34通用设备制造业,2026-06-13
301606,C39计算机、通信和其他电子设备制造业,2026-06-13
301607,C36汽车制造业,2026-06-13
301608,C39计算机、通信和其他电子设备制造业,2026-06-13
301609,C38电气机械和器材制造业,2026-06-13
301611,C39计算机、通信和其他电子设备制造业,2026-06-13
301613,C36汽车制造业,2026-06-13
301616,C34通用设备制造业,2026-06-13
301617,C26化学原料和化学制品制造业,2026-06-13
301618,C26化学原料和化学制品制造业,2026-06-13
301622,C39计算机、通信和其他电子设备制造业,2026-06-13
301626,C39计算机、通信和其他电子设备制造业,2026-06-13
301628,C39计算机、通信和其他电子设备制造业,2026-06-13
301629,C35专用设备制造业,2026-06-13
301630,C39计算机、通信和其他电子设备制造业,2026-06-13
301631,C39计算机、通信和其他电子设备制造业,2026-06-13
301632,M74专业技术服务业,2026-06-13
301633,I65软件和信息技术服务业,2026-06-13
301636,C38电气机械和器材制造业,2026-06-13
301638,I65软件和信息技术服务业,2026-06-13
301656,C36汽车制造业,2026-06-13
301658,C38电气机械和器材制造业,2026-06-13
301662,C35专用设备制造业,2026-06-13
301665,C26化学原料和化学制品制造业,2026-06-13
301667,C36汽车制造业,2026-06-13
301668,C38电气机械和器材制造业,2026-06-13
301678,C39计算机、通信和其他电子设备制造业,2026-06-13
301687,C39计算机、通信和其他电子设备制造业,2026-06-13
