分组,方案,支持数,盈利覆盖率,非盈利覆盖率,提升度,条件内胜率,基线胜率,胜率增益,层级
全部卖点,多头排列,9593,0.7012,0.5423,1.293,0.5131,0.449,0.0641,L1
全部卖点,空头排列,848,0.0376,0.0678,0.555,0.3113,0.449,-0.1377,L1
全部卖点,趋势多头,10111,0.7394,0.5713,1.294,0.5133,0.449,0.0643,L1
全部卖点,趋势空头,1879,0.0805,0.1526,0.528,0.3007,0.449,-0.1483,L1
全部卖点,上升中回调,1878,0.1279,0.1138,1.124,0.4782,0.449,0.0292,L1
全部卖点,突破前高,5130,0.4288,0.2461,1.742,0.5867,0.449,0.1377,L1
全部卖点,站上MA5,15562,0.9964,0.9948,1.002,0.4494,0.449,0.0004,L1
全部卖点,站上MA13,15593,0.998,0.9971,1.001,0.4492,0.449,0.0002,L1
全部卖点,站上MA34,15259,0.9875,0.9669,1.021,0.4542,0.449,0.0052,L1
全部卖点,站上MA55,14177,0.9527,0.8696,1.096,0.4717,0.449,0.0227,L1
全部卖点,站上MA89,12185,0.8584,0.7152,1.2,0.4945,0.449,0.0454,L1
全部卖点,站上MA144,10313,0.7256,0.6061,1.197,0.4938,0.449,0.0448,L1
全部卖点,站上MA233,7926,0.5707,0.4551,1.254,0.5054,0.449,0.0564,L1
全部卖点,斐波短中多头,8055,0.6004,0.446,1.346,0.5232,0.449,0.0741,L1
全部卖点,斐波长多头,2399,0.198,0.1171,1.69,0.5794,0.449,0.1304,L1
全部卖点,斐波全多头,1669,0.1475,0.0736,2.003,0.6201,0.449,0.1711,L1
全部卖点,MA55上穿MA89,848,0.0665,0.0442,1.504,0.5507,0.449,0.1017,L1
全部卖点,放量,14478,0.9406,0.9144,1.029,0.456,0.449,0.007,L1
全部卖点,缩量,10292,0.6146,0.6941,0.886,0.4192,0.449,-0.0299,L1
全部卖点,量比大于1,14968,0.9641,0.9522,1.013,0.4521,0.449,0.0031,L1
全部卖点,量比大于1_3,12679,0.8363,0.7905,1.058,0.463,0.449,0.014,L1
全部卖点,量比大于2,7490,0.5311,0.4368,1.216,0.4977,0.449,0.0487,L1
全部卖点,量能递增,14207,0.9308,0.891,1.045,0.4598,0.449,0.0108,L1
全部卖点,价涨量增,13549,0.8853,0.8516,1.04,0.4586,0.449,0.0096,L1
全部卖点,价涨量缩,9384,0.5837,0.6138,0.951,0.4366,0.449,-0.0124,L1
全部卖点,MACD_DIF大于0,14073,0.942,0.8662,1.087,0.4698,0.449,0.0208,L1
全部卖点,MACD金叉态,15299,0.9822,0.9759,1.006,0.4506,0.449,0.0016,L1
全部卖点,MACD柱递增,12768,0.8486,0.7909,1.073,0.4665,0.449,0.0175,L1
全部卖点,MACD零轴上金叉,1975,0.1487,0.1081,1.376,0.5286,0.449,0.0796,L1
全部卖点,MACD底背离,332,0.0224,0.0203,1.101,0.4729,0.449,0.0239,L1
全部卖点,BOLL收上中轨,15569,0.9974,0.9948,1.003,0.4497,0.449,0.0007,L1
全部卖点,BOLL突破上轨,9001,0.6494,0.5158,1.259,0.5064,0.449,0.0574,L1
全部卖点,BOLL触下轨反弹,542,0.0308,0.0378,0.813,0.3985,0.449,-0.0505,L1
全部卖点,BOLL开口扩张,14508,0.9476,0.9122,1.039,0.4584,0.449,0.0094,L1
全部卖点,KDJ金叉态,14761,0.9508,0.9389,1.013,0.4521,0.449,0.0031,L1
全部卖点,KDJ_J超卖,2785,0.1698,0.185,0.918,0.428,0.449,-0.021,L1
全部卖点,KDJ低位金叉,73,0.0048,0.0045,1.07,0.4658,0.449,0.0167,L1
全部卖点,KDJ_D小于30,399,0.0276,0.0238,1.161,0.4862,0.449,0.0372,L1
全部卖点,RSI6大于50,15605,0.9986,0.998,1.001,0.4492,0.449,0.0001,L1
全部卖点,RSI金叉,4808,0.3075,0.3077,0.999,0.4488,0.449,-0.0002,L1
全部卖点,RSI6超卖,535,0.0289,0.0385,0.75,0.3794,0.449,-0.0696,L1
全部卖点,RSI底背离,263,0.0178,0.016,1.112,0.4753,0.449,0.0263,L1
全部卖点,威科夫得分大于4,11453,0.755,0.7145,1.057,0.4627,0.449,0.0137,L1
全部卖点,威科夫得分大于7,8198,0.5887,0.4721,1.247,0.504,0.449,0.055,L1
全部卖点,积累阶段,1819,0.0638,0.1592,0.401,0.2463,0.449,-0.2027,L1
全部卖点,威科夫B1突破,401,0.0201,0.0302,0.665,0.3516,0.449,-0.0974,L1
全部卖点,黄金柱,1262,0.0711,0.0886,0.803,0.3954,0.449,-0.0536,L1
全部卖点,量能金叉,5033,0.3042,0.3365,0.904,0.4242,0.449,-0.0248,L1
全部卖点,六脉红灯大于5,14815,0.9557,0.9413,1.015,0.4528,0.449,0.0038,L1
全部卖点,六脉红灯大于6,14135,0.9159,0.8947,1.024,0.4548,0.449,0.0058,L1
全部卖点,六脉6红首发,14135,0.9159,0.8947,1.024,0.4548,0.449,0.0058,L1
全部卖点,六脉5红首发,14815,0.9557,0.9413,1.015,0.4528,0.449,0.0038,L1
全部卖点,偏多共振,5229,0.4153,0.2687,1.546,0.5575,0.449,0.1085,L1
全部卖点,多头共振,5223,0.4147,0.2684,1.545,0.5573,0.449,0.1083,L1
全部卖点,火箭信号,2360,0.2113,0.1018,2.075,0.6284,0.449,0.1794,L1
全部卖点,二连板,524,0.053,0.0176,3.003,0.7099,0.449,0.2609,L1
全部卖点,二次涨停,418,0.0409,0.0152,2.688,0.6866,0.449,0.2376,L1
全部卖点,纳财,1732,0.1184,0.1046,1.132,0.4798,0.449,0.0308,L1
全部卖点,中枢进机会区,648,0.0378,0.0445,0.849,0.409,0.449,-0.0401,L1
全部卖点,中枢极限底,238,0.017,0.0138,1.227,0.5,0.449,0.051,L1
全部卖点,中枢上穿中轴,3162,0.2046,0.2004,1.021,0.4541,0.449,0.0051,L1
全部卖点,中枢底部蓄力,800,0.0446,0.0565,0.789,0.3912,0.449,-0.0578,L1
全部卖点,中枢底部回升,1099,0.0634,0.0759,0.835,0.4049,0.449,-0.0441,L1
全部卖点,大盘多头,8282,0.5303,0.5294,1.002,0.4494,0.449,0.0004,L1
全部卖点,大盘空头,4683,0.2989,0.3001,0.996,0.448,0.449,-0.001,L1
全部卖点,大盘安全,12137,0.7984,0.7585,1.053,0.4617,0.449,0.0127,L1
全部卖点,SID等于1,8282,0.5303,0.5294,1.002,0.4494,0.449,0.0004,L1
全部卖点,SID等于2,9243,0.6185,0.5691,1.087,0.4697,0.449,0.0206,L1
全部卖点,SID小于等于2,13456,0.886,0.8402,1.054,0.4622,0.449,0.0132,L1
全部卖点,大盘5日上涨,13822,0.8894,0.8799,1.011,0.4517,0.449,0.0027,L1
全部卖点,相对强弱大于0,15116,0.9754,0.9602,1.016,0.4529,0.449,0.0039,L1
全部卖点,相对强弱大于5,11211,0.7914,0.6567,1.205,0.4955,0.449,0.0465,L1
全部卖点,量比>=1.3,7431,0.512,0.4455,1.149,0.4836,0.449,0.0346,L1
全部卖点,量比>=2,3711,0.2758,0.2061,1.338,0.5217,0.449,0.0727,L1
全部卖点,距前高<=10%,10980,0.7833,0.6365,1.231,0.5007,0.449,0.0517,L1
全部卖点,距前低<=10%,1718,0.0702,0.1422,0.494,0.287,0.449,-0.1621,L1
全部卖点,相对强弱>=0,14332,0.935,0.902,1.037,0.4579,0.449,0.0089,L1
全部卖点,相对强弱>=5,9326,0.6797,0.5289,1.285,0.5116,0.449,0.0626,L1
全部卖点,多头排列 + 趋势多头,9567,0.7005,0.5399,1.298,0.514,0.449,0.0649,L2
全部卖点,多头排列 + 上升中回调,1559,0.1059,0.0947,1.117,0.4766,0.449,0.0276,L2
全部卖点,多头排列 + 突破前高,4559,0.3842,0.2162,1.777,0.5916,0.449,0.1426,L2
全部卖点,多头排列 + 站上MA5,9559,0.6991,0.5401,1.294,0.5133,0.449,0.0643,L2
全部卖点,多头排列 + 站上MA13,9590,0.7011,0.5421,1.293,0.5131,0.449,0.0641,L2
全部卖点,多头排列 + 站上MA34,9591,0.7012,0.5421,1.294,0.5132,0.449,0.0642,L2
全部卖点,多头排列 + 站上MA55,9593,0.7012,0.5423,1.293,0.5131,0.449,0.0641,L2
全部卖点,多头排列 + 站上MA89,9100,0.6678,0.5124,1.303,0.5151,0.449,0.066,L2
全部卖点,多头排列 + 站上MA144,7901,0.5803,0.4444,1.306,0.5155,0.449,0.0665,L2
全部卖点,多头排列 + 站上MA233,6023,0.4539,0.3294,1.378,0.529,0.449,0.08,L2
全部卖点,多头排列 + 斐波短中多头,7649,0.5729,0.4212,1.36,0.5257,0.449,0.0767,L2
全部卖点,多头排列 + 斐波长多头,1882,0.1643,0.0846,1.941,0.6126,0.449,0.1636,L2
全部卖点,多头排列 + 斐波全多头,1617,0.1425,0.0716,1.989,0.6184,0.449,0.1694,L2
全部卖点,多头排列 + MA55上穿MA89,733,0.0591,0.0369,1.601,0.5662,0.449,0.1172,L2
全部卖点,多头排列 + 放量,8901,0.6606,0.4951,1.334,0.521,0.449,0.0719,L2
全部卖点,多头排列 + 缩量,6287,0.4304,0.3792,1.135,0.4805,0.449,0.0315,L2
全部卖点,多头排列 + 量比大于1,9158,0.6743,0.5138,1.313,0.5168,0.449,0.0678,L2
全部卖点,多头排列 + 量比大于1_3,7694,0.5773,0.4228,1.365,0.5266,0.449,0.0776,L2
全部卖点,多头排列 + 量比大于2,4384,0.3513,0.2227,1.578,0.5625,0.449,0.1135,L2
全部卖点,多头排列 + 量能递增,8809,0.6559,0.4882,1.344,0.5226,0.449,0.0736,L2
全部卖点,多头排列 + 价涨量增,8298,0.6192,0.4588,1.349,0.5237,0.449,0.0747,L2
全部卖点,多头排列 + 价涨量缩,5771,0.4136,0.333,1.242,0.503,0.449,0.054,L2
全部卖点,多头排列 + MACD_DIF大于0,9592,0.7012,0.5422,1.293,0.5131,0.449,0.0641,L2
全部卖点,多头排列 + MACD金叉态,9424,0.6941,0.5285,1.313,0.517,0.449,0.068,L2
全部卖点,多头排列 + MACD柱递增,7708,0.5838,0.4191,1.393,0.5317,0.449,0.0826,L2
全部卖点,多头排列 + MACD零轴上金叉,1655,0.1264,0.0892,1.417,0.536,0.449,0.0869,L2
全部卖点,多头排列 + MACD底背离,92,0.0084,0.0038,2.194,0.6413,0.449,0.1923,L2
全部卖点,多头排列 + BOLL收上中轨,9593,0.7012,0.5423,1.293,0.5131,0.449,0.0641,L2
全部卖点,多头排列 + BOLL突破上轨,6079,0.4847,0.3108,1.559,0.5596,0.449,0.1106,L2
全部卖点,多头排列 + BOLL触下轨反弹,214,0.0142,0.0132,1.076,0.4673,0.449,0.0183,L2
全部卖点,多头排列 + BOLL开口扩张,9004,0.6698,0.4996,1.341,0.5221,0.449,0.0731,L2
全部卖点,多头排列 + KDJ金叉态,8988,0.6632,0.5031,1.318,0.5179,0.449,0.0689,L2
全部卖点,多头排列 + KDJ_J超卖,1668,0.1187,0.0969,1.224,0.4994,0.449,0.0504,L2
全部卖点,多头排列 + KDJ_D小于30,52,0.0047,0.0022,2.131,0.6346,0.449,0.1856,L2
全部卖点,多头排列 + RSI6大于50,9591,0.7011,0.5422,1.293,0.5131,0.449,0.0641,L2
全部卖点,多头排列 + RSI金叉,3151,0.2208,0.1859,1.188,0.4919,0.449,0.0429,L2
全部卖点,多头排列 + RSI6超卖,272,0.0158,0.0187,0.846,0.4081,0.449,-0.0409,L2
全部卖点,多头排列 + RSI底背离,56,0.0053,0.0022,2.39,0.6607,0.449,0.2117,L2
全部卖点,多头排列 + 威科夫得分大于4,8627,0.6225,0.4944,1.259,0.5064,0.449,0.0574,L2
全部卖点,多头排列 + 威科夫得分大于7,7044,0.526,0.3892,1.352,0.5241,0.449,0.0751,L2
全部卖点,多头排列 + 积累阶段,63,0.0026,0.0052,0.491,0.2857,0.449,-0.1633,L2
全部卖点,多头排列 + 黄金柱,662,0.0425,0.0423,1.005,0.4502,0.449,0.0011,L2
全部卖点,多头排列 + 量能金叉,2662,0.1841,0.1591,1.157,0.4853,0.449,0.0363,L2
全部卖点,多头排列 + 六脉红灯大于5,8992,0.6653,0.5018,1.326,0.5194,0.449,0.0703,L2
全部卖点,多头排列 + 六脉红灯大于6,8515,0.6341,0.4718,1.344,0.5227,0.449,0.0737,L2
全部卖点,多头排列 + 六脉6红首发,8515,0.6341,0.4718,1.344,0.5227,0.449,0.0737,L2
全部卖点,多头排列 + 六脉5红首发,8992,0.6653,0.5018,1.326,0.5194,0.449,0.0703,L2
全部卖点,多头排列 + 偏多共振,4603,0.3699,0.233,1.587,0.564,0.449,0.115,L2
全部卖点,多头排列 + 多头共振,4599,0.3696,0.2328,1.588,0.564,0.449,0.115,L2
全部卖点,多头排列 + 火箭信号,1644,0.1611,0.0596,2.705,0.688,0.449,0.2389,L2
全部卖点,多头排列 + 二连板,385,0.0422,0.0103,4.081,0.7688,0.449,0.3198,L2
全部卖点,多头排列 + 二次涨停,350,0.0358,0.0115,3.111,0.7171,0.449,0.2681,L2
全部卖点,多头排列 + 纳财,1078,0.0822,0.0582,1.413,0.5353,0.449,0.0862,L2
全部卖点,多头排列 + 中枢进机会区,204,0.0161,0.0106,1.524,0.5539,0.449,0.1049,L2
全部卖点,多头排列 + 中枢极限底,103,0.0076,0.0058,1.301,0.5146,0.449,0.0655,L2
全部卖点,多头排列 + 中枢上穿中轴,950,0.0804,0.0448,1.793,0.5937,0.449,0.1447,L2
全部卖点,多头排列 + 中枢底部蓄力,64,0.0066,0.0021,3.136,0.7188,0.449,0.2697,L2
全部卖点,多头排列 + 中枢底部回升,134,0.0128,0.0051,2.51,0.6716,0.449,0.2226,L2
全部卖点,多头排列 + 大盘多头,5696,0.4012,0.3344,1.2,0.4944,0.449,0.0454,L2
全部卖点,多头排列 + 大盘空头,2301,0.1821,0.1188,1.533,0.5554,0.449,0.1064,L2
全部卖点,多头排列 + 大盘安全,7746,0.567,0.4372,1.297,0.5138,0.449,0.0648,L2
全部卖点,多头排列 + SID等于1,5696,0.4012,0.3344,1.2,0.4944,0.449,0.0454,L2
全部卖点,多头排列 + SID等于2,5548,0.4223,0.3,1.408,0.5342,0.449,0.0852,L2
全部卖点,多头排列 + SID小于等于2,8619,0.6303,0.4871,1.294,0.5133,0.449,0.0643,L2
全部卖点,多头排列 + 大盘5日上涨,8427,0.6205,0.4728,1.312,0.5168,0.449,0.0678,L2
全部卖点,多头排列 + 相对强弱大于0,9359,0.6903,0.5241,1.317,0.5177,0.449,0.0687,L2
全部卖点,多头排列 + 相对强弱大于5,7412,0.5881,0.3813,1.542,0.5569,0.449,0.1079,L2
全部卖点,多头排列 + 量比>=1.3,4378,0.3432,0.2286,1.501,0.5503,0.449,0.1012,L2
全部卖点,多头排列 + 量比>=2,2081,0.1764,0.0979,1.802,0.5949,0.449,0.1459,L2
全部卖点,多头排列 + 距前高<=10%,8421,0.6192,0.4731,1.309,0.5161,0.449,0.0671,L2
全部卖点,多头排列 + 距前低<=10%,277,0.0142,0.0206,0.693,0.361,0.449,-0.088,L2
全部卖点,多头排列 + 相对强弱>=0,8989,0.669,0.4984,1.342,0.5224,0.449,0.0734,L2
全部卖点,多头排列 + 相对强弱>=5,6253,0.5126,0.3083,1.663,0.5754,0.449,0.1264,L2
全部卖点,空头排列 + 趋势空头,633,0.0269,0.0515,0.522,0.2986,0.449,-0.1504,L2
全部卖点,空头排列 + 站上MA5,842,0.0375,0.0672,0.557,0.3124,0.449,-0.1367,L2
全部卖点,空头排列 + 站上MA13,834,0.0372,0.0665,0.559,0.3129,0.449,-0.1361,L2
全部卖点,空头排列 + 站上MA34,638,0.0316,0.0483,0.655,0.348,0.449,-0.1011,L2
全部卖点,空头排列 + 站上MA55,443,0.0254,0.0308,0.824,0.4018,0.449,-0.0472,L2
全部卖点,空头排列 + 站上MA89,320,0.0197,0.0211,0.93,0.4313,0.449,-0.0178,L2
全部卖点,空头排列 + 站上MA144,259,0.0162,0.0168,0.965,0.4402,0.449,-0.0089,L2
全部卖点,空头排列 + 站上MA233,218,0.0142,0.0137,1.04,0.4587,0.449,0.0097,L2
全部卖点,空头排列 + 斐波长多头,74,0.0047,0.0048,0.988,0.4459,0.449,-0.0031,L2
全部卖点,空头排列 + 放量,818,0.0368,0.065,0.565,0.3154,0.449,-0.1336,L2
全部卖点,空头排列 + 缩量,544,0.0221,0.0452,0.489,0.2849,0.449,-0.1641,L2
全部卖点,空头排列 + 量比大于1,840,0.0375,0.067,0.559,0.3131,0.449,-0.1359,L2
全部卖点,空头排列 + 量比大于1_3,788,0.0355,0.0626,0.567,0.316,0.449,-0.133,L2
全部卖点,空头排列 + 量比大于2,544,0.0269,0.0412,0.653,0.3474,0.449,-0.1016,L2
全部卖点,空头排列 + 量能递增,761,0.0355,0.0594,0.597,0.3272,0.449,-0.1218,L2
全部卖点,空头排列 + 价涨量增,780,0.0355,0.0617,0.575,0.3192,0.449,-0.1298,L2
全部卖点,空头排列 + 价涨量缩,432,0.0172,0.0361,0.477,0.2801,0.449,-0.1689,L2
全部卖点,空头排列 + MACD_DIF大于0,280,0.018,0.0179,1.004,0.45,0.449,0.001,L2
全部卖点,空头排列 + MACD金叉态,832,0.0372,0.0663,0.561,0.3137,0.449,-0.1353,L2
全部卖点,空头排列 + MACD柱递增,811,0.0368,0.0642,0.572,0.3181,0.449,-0.1309,L2
全部卖点,空头排列 + MACD底背离,93,0.0033,0.0081,0.403,0.2473,0.449,-0.2017,L2
全部卖点,空头排列 + BOLL收上中轨,803,0.0362,0.0637,0.568,0.3163,0.449,-0.1327,L2
全部卖点,空头排列 + BOLL突破上轨,251,0.0154,0.0166,0.927,0.4303,0.449,-0.0187,L2
全部卖点,空头排列 + BOLL触下轨反弹,127,0.0044,0.0111,0.396,0.2441,0.449,-0.2049,L2
全部卖点,空头排列 + BOLL开口扩张,720,0.0321,0.0575,0.558,0.3125,0.449,-0.1365,L2
全部卖点,空头排列 + KDJ金叉态,829,0.037,0.0661,0.561,0.3136,0.449,-0.1354,L2
全部卖点,空头排列 + KDJ_J超卖,167,0.0073,0.0135,0.539,0.3054,0.449,-0.1436,L2
全部卖点,空头排列 + KDJ_D小于30,199,0.011,0.0142,0.774,0.3869,0.449,-0.0621,L2
全部卖点,空头排列 + RSI6大于50,834,0.037,0.0666,0.556,0.3118,0.449,-0.1373,L2
全部卖点,空头排列 + RSI金叉,390,0.017,0.0315,0.539,0.3051,0.449,-0.1439,L2
全部卖点,空头排列 + RSI6超卖,80,0.0036,0.0064,0.558,0.3125,0.449,-0.1365,L2
全部卖点,空头排列 + RSI底背离,85,0.0033,0.0072,0.455,0.2706,0.449,-0.1784,L2
全部卖点,空头排列 + 威科夫得分大于4,252,0.0132,0.0185,0.718,0.369,0.449,-0.08,L2
全部卖点,空头排列 + 威科夫得分大于7,115,0.0067,0.0079,0.848,0.4087,0.449,-0.0403,L2
全部卖点,空头排列 + 积累阶段,464,0.0151,0.0416,0.363,0.2284,0.449,-0.2206,L2
全部卖点,空头排列 + 威科夫B1突破,68,0.0036,0.005,0.713,0.3676,0.449,-0.0814,L2
全部卖点,空头排列 + 黄金柱,163,0.0066,0.0136,0.482,0.2822,0.449,-0.1668,L2
全部卖点,空头排列 + 量能金叉,410,0.0221,0.0296,0.746,0.378,0.449,-0.071,L2
全部卖点,空头排列 + 六脉红灯大于5,830,0.0373,0.0659,0.566,0.3157,0.449,-0.1334,L2
全部卖点,空头排列 + 六脉红灯大于6,808,0.0363,0.0642,0.566,0.3156,0.449,-0.1334,L2
全部卖点,空头排列 + 六脉6红首发,808,0.0363,0.0642,0.566,0.3156,0.449,-0.1334,L2
全部卖点,空头排列 + 六脉5红首发,830,0.0373,0.0659,0.566,0.3157,0.449,-0.1334,L2
全部卖点,空头排列 + 火箭信号,123,0.0081,0.0077,1.06,0.4634,0.449,0.0144,L2
全部卖点,空头排列 + 纳财,75,0.004,0.0055,0.731,0.3733,0.449,-0.0757,L2
全部卖点,空头排列 + 中枢进机会区,199,0.0073,0.0172,0.423,0.2563,0.449,-0.1927,L2
全部卖点,空头排列 + 中枢极限底,57,0.0031,0.0041,0.771,0.386,0.449,-0.063,L2
全部卖点,空头排列 + 中枢上穿中轴,465,0.0252,0.0334,0.754,0.3806,0.449,-0.0684,L2
全部卖点,空头排列 + 中枢底部蓄力,394,0.0181,0.031,0.584,0.3223,0.449,-0.1267,L2
全部卖点,空头排列 + 中枢底部回升,467,0.0212,0.0369,0.575,0.3191,0.449,-0.13,L2
全部卖点,空头排列 + 大盘多头,188,0.0103,0.0135,0.762,0.383,0.449,-0.066,L2
全部卖点,空头排列 + 大盘空头,540,0.0215,0.0452,0.476,0.2796,0.449,-0.1694,L2
全部卖点,空头排列 + 大盘安全,502,0.0262,0.0369,0.71,0.3665,0.449,-0.0825,L2
全部卖点,空头排列 + SID等于1,188,0.0103,0.0135,0.762,0.383,0.449,-0.066,L2
全部卖点,空头排列 + SID等于2,498,0.0258,0.0368,0.701,0.3635,0.449,-0.0856,L2
全部卖点,空头排列 + SID小于等于2,590,0.0306,0.0435,0.704,0.3644,0.449,-0.0846,L2
全部卖点,空头排列 + 大盘5日上涨,748,0.0338,0.0593,0.569,0.3168,0.449,-0.1322,L2
全部卖点,空头排列 + 相对强弱大于0,778,0.0346,0.0621,0.557,0.3123,0.449,-0.1367,L2
全部卖点,空头排列 + 相对强弱大于5,373,0.0198,0.0272,0.729,0.3727,0.449,-0.0764,L2
全部卖点,空头排列 + 量比>=1.3,533,0.0245,0.0419,0.585,0.3227,0.449,-0.1263,L2
全部卖点,空头排列 + 量比>=2,312,0.0167,0.0226,0.736,0.375,0.449,-0.074,L2
全部卖点,空头排列 + 距前高<=10%,291,0.0191,0.0182,1.047,0.4605,0.449,0.0115,L2
全部卖点,空头排列 + 距前低<=10%,366,0.0123,0.0325,0.377,0.235,0.449,-0.214,L2
全部卖点,空头排列 + 相对强弱>=0,690,0.0312,0.0547,0.571,0.3174,0.449,-0.1316,L2
全部卖点,空头排列 + 相对强弱>=5,265,0.0147,0.0188,0.78,0.3887,0.449,-0.0603,L2
全部卖点,趋势多头 + 趋势空头,76,0.0051,0.0046,1.104,0.4737,0.449,0.0247,L2
全部卖点,趋势多头 + 上升中回调,1858,0.1265,0.1126,1.123,0.4779,0.449,0.0289,L2
全部卖点,趋势多头 + 突破前高,4609,0.3884,0.2186,1.776,0.5915,0.449,0.1424,L2
全部卖点,趋势多头 + 站上MA5,10073,0.7367,0.5691,1.294,0.5134,0.449,0.0643,L2
全部卖点,趋势多头 + 站上MA13,10098,0.7386,0.5705,1.295,0.5134,0.449,0.0644,L2
全部卖点,趋势多头 + 站上MA34,10107,0.7393,0.571,1.295,0.5134,0.449,0.0644,L2
全部卖点,趋势多头 + 站上MA55,10110,0.7394,0.5712,1.294,0.5134,0.449,0.0643,L2
全部卖点,趋势多头 + 站上MA89,9562,0.7022,0.5379,1.305,0.5155,0.449,0.0665,L2
全部卖点,趋势多头 + 站上MA144,8263,0.6081,0.4638,1.311,0.5165,0.449,0.0675,L2
全部卖点,趋势多头 + 站上MA233,6301,0.4776,0.3424,1.395,0.532,0.449,0.083,L2
全部卖点,趋势多头 + 斐波短中多头,7876,0.5884,0.4349,1.353,0.5244,0.449,0.0754,L2
全部卖点,趋势多头 + 斐波长多头,1982,0.1741,0.0882,1.973,0.6165,0.449,0.1675,L2
全部卖点,趋势多头 + 斐波全多头,1654,0.1462,0.0729,2.005,0.6203,0.449,0.1713,L2
全部卖点,趋势多头 + MA55上穿MA89,760,0.0611,0.0384,1.59,0.5645,0.449,0.1155,L2
全部卖点,趋势多头 + 放量,9384,0.6958,0.5225,1.332,0.5205,0.449,0.0714,L2
全部卖点,趋势多头 + 缩量,6692,0.4607,0.4015,1.148,0.4833,0.449,0.0342,L2
全部卖点,趋势多头 + 量比大于1,9660,0.7112,0.542,1.312,0.5168,0.449,0.0678,L2
全部卖点,趋势多头 + 量比大于1_3,8140,0.6106,0.4475,1.365,0.5265,0.449,0.0775,L2
全部卖点,趋势多头 + 量比大于2,4701,0.3775,0.2381,1.585,0.5637,0.449,0.1147,L2
全部卖点,趋势多头 + 量能递增,9248,0.6896,0.5118,1.347,0.5234,0.449,0.0743,L2
全部卖点,趋势多头 + 价涨量增,8757,0.6525,0.485,1.345,0.523,0.449,0.074,L2
全部卖点,趋势多头 + 价涨量缩,6073,0.4355,0.3502,1.244,0.5034,0.449,0.0544,L2
全部卖点,趋势多头 + MACD_DIF大于0,10066,0.7364,0.5686,1.295,0.5135,0.449,0.0645,L2
全部卖点,趋势多头 + MACD金叉态,9812,0.7233,0.5498,1.316,0.5174,0.449,0.0684,L2
全部卖点,趋势多头 + MACD柱递增,8167,0.618,0.4446,1.39,0.5312,0.449,0.0821,L2
全部卖点,趋势多头 + MACD零轴上金叉,1919,0.1452,0.1045,1.389,0.531,0.449,0.082,L2
全部卖点,趋势多头 + MACD底背离,145,0.013,0.0063,2.068,0.6276,0.449,0.1786,L2
全部卖点,趋势多头 + BOLL收上中轨,10111,0.7394,0.5713,1.294,0.5133,0.449,0.0643,L2
全部卖点,趋势多头 + BOLL突破上轨,6162,0.4941,0.3128,1.58,0.5628,0.449,0.1138,L2
全部卖点,趋势多头 + BOLL触下轨反弹,307,0.0214,0.0182,1.172,0.4886,0.449,0.0396,L2
全部卖点,趋势多头 + BOLL开口扩张,9462,0.7051,0.524,1.346,0.523,0.449,0.074,L2
全部卖点,趋势多头 + KDJ金叉态,9465,0.6987,0.5295,1.319,0.5181,0.449,0.0691,L2
全部卖点,趋势多头 + KDJ_J超卖,1809,0.1294,0.1046,1.237,0.5019,0.449,0.0529,L2
全部卖点,趋势多头 + KDJ_D小于30,179,0.0161,0.0077,2.101,0.6313,0.449,0.1823,L2
全部卖点,趋势多头 + RSI6大于50,10107,0.739,0.5712,1.294,0.5132,0.449,0.0642,L2
全部卖点,趋势多头 + RSI金叉,3514,0.2479,0.206,1.204,0.4952,0.449,0.0461,L2
全部卖点,趋势多头 + RSI6超卖,309,0.0187,0.0207,0.903,0.4239,0.449,-0.0251,L2
全部卖点,趋势多头 + RSI底背离,104,0.0094,0.0044,2.131,0.6346,0.449,0.1856,L2
全部卖点,趋势多头 + 威科夫得分大于4,8967,0.6471,0.5138,1.26,0.5065,0.449,0.0575,L2
全部卖点,趋势多头 + 威科夫得分大于7,7244,0.5404,0.4007,1.349,0.5236,0.449,0.0746,L2
全部卖点,趋势多头 + 积累阶段,130,0.0071,0.0093,0.767,0.3846,0.449,-0.0644,L2
全部卖点,趋势多头 + 黄金柱,748,0.0489,0.047,1.039,0.4586,0.449,0.0095,L2
全部卖点,趋势多头 + 量能金叉,2915,0.2029,0.1731,1.172,0.4885,0.449,0.0395,L2
全部卖点,趋势多头 + 六脉红灯大于5,9456,0.7004,0.5271,1.329,0.5199,0.449,0.0709,L2
全部卖点,趋势多头 + 六脉红灯大于6,8962,0.6679,0.4962,1.346,0.5231,0.449,0.0741,L2
全部卖点,趋势多头 + 六脉6红首发,8962,0.6679,0.4962,1.346,0.5231,0.449,0.0741,L2
全部卖点,趋势多头 + 六脉5红首发,9456,0.7004,0.5271,1.329,0.5199,0.449,0.0709,L2
全部卖点,趋势多头 + 偏多共振,4789,0.3862,0.2413,1.601,0.5661,0.449,0.1171,L2
全部卖点,趋势多头 + 多头共振,4784,0.3858,0.241,1.601,0.5661,0.449,0.117,L2
全部卖点,趋势多头 + 火箭信号,1703,0.1675,0.0612,2.738,0.6905,0.449,0.2415,L2
全部卖点,趋势多头 + 二连板,395,0.0432,0.0107,4.041,0.7671,0.449,0.3181,L2
全部卖点,趋势多头 + 二次涨停,360,0.0368,0.0118,3.104,0.7167,0.449,0.2677,L2
全部卖点,趋势多头 + 纳财,1126,0.0856,0.061,1.405,0.5337,0.449,0.0847,L2
全部卖点,趋势多头 + 中枢进机会区,252,0.0198,0.0131,1.509,0.5516,0.449,0.1026,L2
全部卖点,趋势多头 + 中枢极限底,117,0.009,0.0063,1.432,0.5385,0.449,0.0894,L2
全部卖点,趋势多头 + 中枢上穿中轴,1223,0.1034,0.0577,1.793,0.5936,0.449,0.1446,L2
全部卖点,趋势多头 + 中枢底部蓄力,119,0.012,0.0041,2.945,0.7059,0.449,0.2569,L2
全部卖点,趋势多头 + 中枢底部回升,235,0.0227,0.0088,2.567,0.6766,0.449,0.2276,L2
全部卖点,趋势多头 + 大盘多头,5908,0.4152,0.3476,1.194,0.4932,0.449,0.0442,L2
全部卖点,趋势多头 + 大盘空头,2517,0.2003,0.129,1.553,0.5586,0.449,0.1096,L2
全部卖点,趋势多头 + 大盘安全,8091,0.5928,0.4563,1.299,0.5143,0.449,0.0653,L2
全部卖点,趋势多头 + SID等于1,5908,0.4152,0.3476,1.194,0.4932,0.449,0.0442,L2
全部卖点,趋势多头 + SID等于2,5881,0.4466,0.3188,1.401,0.5331,0.449,0.0841,L2
全部卖点,趋势多头 + SID小于等于2,9040,0.6605,0.5113,1.292,0.5128,0.449,0.0638,L2
全部卖点,趋势多头 + 大盘5日上涨,8858,0.6531,0.4962,1.316,0.5175,0.449,0.0685,L2
全部卖点,趋势多头 + 相对强弱大于0,9832,0.7256,0.5502,1.319,0.518,0.449,0.069,L2
全部卖点,趋势多头 + 相对强弱大于5,7603,0.6048,0.3899,1.551,0.5583,0.449,0.1093,L2
全部卖点,趋势多头 + 量比>=1.3,4667,0.3667,0.243,1.509,0.5515,0.449,0.1025,L2
全部卖点,趋势多头 + 量比>=2,2245,0.1918,0.1044,1.837,0.5996,0.449,0.1505,L2
全部卖点,趋势多头 + 距前高<=10%,8829,0.6482,0.4968,1.305,0.5153,0.449,0.0663,L2
全部卖点,趋势多头 + 距前低<=10%,336,0.0178,0.0245,0.727,0.372,0.449,-0.077,L2
全部卖点,趋势多头 + 相对强弱>=0,9394,0.6995,0.5206,1.344,0.5227,0.449,0.0737,L2
全部卖点,趋势多头 + 相对强弱>=5,6377,0.5233,0.3139,1.667,0.576,0.449,0.127,L2
全部卖点,趋势空头 + 突破前高,62,0.0054,0.0028,1.943,0.6129,0.449,0.1639,L2
全部卖点,趋势空头 + 站上MA5,1855,0.0802,0.15,0.535,0.3035,0.449,-0.1455,L2
全部卖点,趋势空头 + 站上MA13,1861,0.0798,0.1511,0.528,0.3009,0.449,-0.1481,L2
全部卖点,趋势空头 + 站上MA34,1574,0.071,0.1249,0.568,0.3164,0.449,-0.1326,L2
全部卖点,趋势空头 + 站上MA55,1096,0.0573,0.0806,0.711,0.3668,0.449,-0.0822,L2
全部卖点,趋势空头 + 站上MA89,675,0.04,0.0457,0.875,0.4163,0.449,-0.0327,L2
全部卖点,趋势空头 + 站上MA144,541,0.0306,0.0378,0.809,0.3974,0.449,-0.0516,L2
全部卖点,趋势空头 + 站上MA233,472,0.0265,0.0332,0.798,0.3941,0.449,-0.0549,L2
全部卖点,趋势空头 + 斐波短中多头,50,0.003,0.0034,0.889,0.42,0.449,-0.029,L2
全部卖点,趋势空头 + 斐波长多头,143,0.0078,0.0102,0.767,0.3846,0.449,-0.0644,L2
全部卖点,趋势空头 + 放量,1748,0.0752,0.1416,0.531,0.3021,0.449,-0.147,L2
全部卖点,趋势空头 + 缩量,1303,0.0497,0.1108,0.449,0.2678,0.449,-0.1812,L2
全部卖点,趋势空头 + 量比大于1,1831,0.0792,0.148,0.535,0.3037,0.449,-0.1454,L2
全部卖点,趋势空头 + 量比大于1_3,1619,0.0729,0.1285,0.568,0.3162,0.449,-0.1328,L2
全部卖点,趋势空头 + 量比大于2,967,0.0503,0.0713,0.705,0.365,0.449,-0.084,L2
全部卖点,趋势空头 + 量能递增,1650,0.0738,0.1314,0.562,0.3139,0.449,-0.1351,L2
全部卖点,趋势空头 + 价涨量增,1613,0.0715,0.129,0.554,0.3112,0.449,-0.1378,L2
全部卖点,趋势空头 + 价涨量缩,961,0.0376,0.0809,0.465,0.2747,0.449,-0.1743,L2
全部卖点,趋势空头 + MACD_DIF大于0,894,0.0443,0.0677,0.655,0.3479,0.449,-0.1011,L2
全部卖点,趋势空头 + MACD金叉态,1861,0.0799,0.1509,0.53,0.3015,0.449,-0.1476,L2
全部卖点,趋势空头 + MACD柱递增,1530,0.0701,0.1205,0.582,0.3216,0.449,-0.1274,L2
全部卖点,趋势空头 + MACD零轴上金叉,56,0.0031,0.0039,0.794,0.3929,0.449,-0.0562,L2
全部卖点,趋势空头 + MACD底背离,192,0.0095,0.0145,0.658,0.349,0.449,-0.1001,L2
全部卖点,趋势空头 + BOLL收上中轨,1831,0.0789,0.1483,0.532,0.3026,0.449,-0.1464,L2
全部卖点,趋势空头 + BOLL突破上轨,591,0.0311,0.0433,0.717,0.3689,0.449,-0.0801,L2
全部卖点,趋势空头 + BOLL触下轨反弹,222,0.0083,0.019,0.434,0.2613,0.449,-0.1878,L2
全部卖点,趋势空头 + BOLL开口扩张,1579,0.0688,0.1272,0.541,0.3059,0.449,-0.1431,L2
全部卖点,趋势空头 + KDJ金叉态,1781,0.0772,0.1439,0.537,0.3043,0.449,-0.1447,L2
全部卖点,趋势空头 + KDJ_J超卖,784,0.0338,0.0635,0.532,0.3023,0.449,-0.1467,L2
全部卖点,趋势空头 + KDJ_D小于30,192,0.0105,0.0137,0.77,0.3854,0.449,-0.0636,L2
全部卖点,趋势空头 + RSI6大于50,1861,0.0798,0.1511,0.528,0.3009,0.449,-0.1481,L2
全部卖点,趋势空头 + RSI金叉,696,0.0316,0.055,0.575,0.319,0.449,-0.13,L2
全部卖点,趋势空头 + RSI6超卖,218,0.0094,0.0176,0.533,0.3028,0.449,-0.1463,L2
全部卖点,趋势空头 + RSI底背离,158,0.0083,0.0116,0.712,0.3671,0.449,-0.0819,L2
全部卖点,趋势空头 + 威科夫得分大于4,780,0.0325,0.0641,0.507,0.2923,0.449,-0.1567,L2
全部卖点,趋势空头 + 威科夫得分大于7,279,0.0142,0.0208,0.686,0.3584,0.449,-0.0906,L2
全部卖点,趋势空头 + 积累阶段,994,0.0348,0.0871,0.399,0.2455,0.449,-0.2035,L2
全部卖点,趋势空头 + 威科夫B1突破,108,0.0047,0.0087,0.54,0.3056,0.449,-0.1435,L2
全部卖点,趋势空头 + 黄金柱,281,0.0128,0.0222,0.578,0.3203,0.449,-0.1287,L2
全部卖点,趋势空头 + 量能金叉,790,0.0383,0.0605,0.634,0.3405,0.449,-0.1085,L2
全部卖点,趋势空头 + 六脉红灯大于5,1801,0.0788,0.1449,0.544,0.3071,0.449,-0.142,L2
全部卖点,趋势空头 + 六脉红灯大于6,1719,0.0752,0.1383,0.544,0.3072,0.449,-0.1419,L2
全部卖点,趋势空头 + 六脉6红首发,1719,0.0752,0.1383,0.544,0.3072,0.449,-0.1419,L2
全部卖点,趋势空头 + 六脉5红首发,1801,0.0788,0.1449,0.544,0.3071,0.449,-0.142,L2
全部卖点,趋势空头 + 偏多共振,106,0.0073,0.0064,1.138,0.4811,0.449,0.0321,L2
全部卖点,趋势空头 + 多头共振,106,0.0073,0.0064,1.138,0.4811,0.449,0.0321,L2
全部卖点,趋势空头 + 火箭信号,178,0.0107,0.012,0.894,0.4213,0.449,-0.0277,L2
全部卖点,趋势空头 + 纳财,182,0.0094,0.0135,0.698,0.3626,0.449,-0.0864,L2
全部卖点,趋势空头 + 中枢进机会区,390,0.0172,0.0312,0.552,0.3103,0.449,-0.1388,L2
全部卖点,趋势空头 + 中枢极限底,123,0.008,0.0078,1.026,0.4553,0.449,0.0063,L2
全部卖点,趋势空头 + 中枢上穿中轴,776,0.0409,0.0568,0.72,0.3698,0.449,-0.0792,L2
全部卖点,趋势空头 + 中枢底部蓄力,425,0.0185,0.0343,0.541,0.3059,0.449,-0.1431,L2
全部卖点,趋势空头 + 中枢底部回升,520,0.0234,0.0413,0.565,0.3154,0.449,-0.1336,L2
全部卖点,趋势空头 + 大盘多头,626,0.0268,0.0509,0.527,0.3003,0.449,-0.1487,L2
全部卖点,趋势空头 + 大盘空头,984,0.0429,0.0793,0.541,0.3059,0.449,-0.1431,L2
全部卖点,趋势空头 + 大盘安全,1178,0.0536,0.0931,0.575,0.3192,0.449,-0.1298,L2
全部卖点,趋势空头 + SID等于1,626,0.0268,0.0509,0.527,0.3003,0.449,-0.1487,L2
全部卖点,趋势空头 + SID等于2,1131,0.0513,0.0895,0.573,0.3183,0.449,-0.1307,L2
全部卖点,趋势空头 + SID小于等于2,1348,0.0615,0.1064,0.579,0.3205,0.449,-0.1285,L2
全部卖点,趋势空头 + 大盘5日上涨,1628,0.0688,0.1329,0.518,0.2967,0.449,-0.1523,L2
全部卖点,趋势空头 + 相对强弱大于0,1752,0.0751,0.1422,0.528,0.3008,0.449,-0.1482,L2
全部卖点,趋势空头 + 相对强弱大于5,904,0.0435,0.0695,0.625,0.3374,0.449,-0.1116,L2
全部卖点,趋势空头 + 量比>=1.3,1022,0.0487,0.079,0.617,0.3346,0.449,-0.1144,L2
全部卖点,趋势空头 + 量比>=2,545,0.0301,0.0388,0.775,0.3872,0.449,-0.0619,L2
全部卖点,趋势空头 + 距前高<=10%,561,0.0341,0.0374,0.911,0.426,0.449,-0.023,L2
全部卖点,趋势空头 + 距前低<=10%,813,0.0315,0.0687,0.458,0.2718,0.449,-0.1772,L2
全部卖点,趋势空头 + 相对强弱>=0,1567,0.0675,0.1269,0.532,0.3025,0.449,-0.1465,L2
全部卖点,趋势空头 + 相对强弱>=5,672,0.0348,0.0497,0.7,0.3631,0.449,-0.0859,L2
全部卖点,上升中回调 + 突破前高,512,0.0409,0.0261,1.565,0.5605,0.449,0.1115,L2
全部卖点,上升中回调 + 站上MA5,1855,0.1265,0.1123,1.127,0.4787,0.449,0.0297,L2
全部卖点,上升中回调 + 站上MA13,1857,0.1267,0.1124,1.127,0.4787,0.449,0.0297,L2
全部卖点,上升中回调 + 站上MA34,1874,0.1279,0.1133,1.129,0.4792,0.449,0.0302,L2
全部卖点,上升中回调 + 站上MA55,1878,0.1279,0.1138,1.124,0.4782,0.449,0.0292,L2
全部卖点,上升中回调 + 站上MA89,1767,0.1211,0.1065,1.137,0.481,0.449,0.032,L2
全部卖点,上升中回调 + 站上MA144,1507,0.1029,0.0911,1.129,0.4791,0.449,0.0301,L2
全部卖点,上升中回调 + 站上MA233,1162,0.0815,0.0685,1.19,0.4923,0.449,0.0432,L2
全部卖点,上升中回调 + 斐波短中多头,1482,0.1019,0.0891,1.144,0.4825,0.449,0.0334,L2
全部卖点,上升中回调 + 斐波长多头,419,0.0342,0.0208,1.645,0.5728,0.449,0.1238,L2
全部卖点,上升中回调 + 斐波全多头,335,0.0268,0.0171,1.569,0.5612,0.449,0.1122,L2
全部卖点,上升中回调 + MA55上穿MA89,124,0.0098,0.0064,1.539,0.5565,0.449,0.1074,L2
全部卖点,上升中回调 + 放量,1735,0.1202,0.1034,1.162,0.4865,0.449,0.0374,L2
全部卖点,上升中回调 + 缩量,1381,0.0919,0.0855,1.075,0.4671,0.449,0.018,L2
全部卖点,上升中回调 + 量比大于1,1805,0.1235,0.1089,1.134,0.4803,0.449,0.0313,L2
全部卖点,上升中回调 + 量比大于1_3,1574,0.1123,0.0913,1.23,0.5006,0.449,0.0516,L2
全部卖点,上升中回调 + 量比大于2,892,0.0687,0.0476,1.443,0.5404,0.449,0.0913,L2
全部卖点,上升中回调 + 量能递增,1638,0.1144,0.0969,1.18,0.4902,0.449,0.0412,L2
全部卖点,上升中回调 + 价涨量增,1549,0.1079,0.092,1.173,0.4887,0.449,0.0397,L2
全部卖点,上升中回调 + 价涨量缩,957,0.0637,0.0592,1.076,0.4671,0.449,0.0181,L2
全部卖点,上升中回调 + MACD_DIF大于0,1855,0.1262,0.1125,1.122,0.4776,0.449,0.0286,L2
全部卖点,上升中回调 + MACD金叉态,1620,0.1137,0.0954,1.191,0.4926,0.449,0.0436,L2
全部卖点,上升中回调 + MACD柱递增,1358,0.0969,0.0787,1.231,0.5007,0.449,0.0517,L2
全部卖点,上升中回调 + MACD零轴上金叉,656,0.0482,0.0369,1.304,0.5152,0.449,0.0662,L2
全部卖点,上升中回调 + MACD底背离,80,0.0076,0.0031,2.409,0.6625,0.449,0.2135,L2
全部卖点,上升中回调 + BOLL收上中轨,1864,0.1271,0.1129,1.126,0.4785,0.449,0.0295,L2
全部卖点,上升中回调 + BOLL突破上轨,786,0.0614,0.0412,1.49,0.5483,0.449,0.0993,L2
全部卖点,上升中回调 + BOLL触下轨反弹,207,0.0138,0.0128,1.082,0.4686,0.449,0.0196,L2
全部卖点,上升中回调 + BOLL开口扩张,1636,0.1147,0.0965,1.189,0.4921,0.449,0.043,L2
全部卖点,上升中回调 + KDJ金叉态,1667,0.1151,0.0997,1.154,0.4847,0.449,0.0357,L2
全部卖点,上升中回调 + KDJ_J超卖,994,0.0694,0.0589,1.179,0.4899,0.449,0.0409,L2
全部卖点,上升中回调 + KDJ_D小于30,103,0.0087,0.0049,1.782,0.5922,0.449,0.1432,L2
全部卖点,上升中回调 + RSI6大于50,1871,0.1274,0.1134,1.123,0.4778,0.449,0.0288,L2
全部卖点,上升中回调 + RSI金叉,1026,0.0715,0.0608,1.176,0.4893,0.449,0.0403,L2
全部卖点,上升中回调 + RSI6超卖,166,0.0087,0.0122,0.713,0.3675,0.449,-0.0815,L2
全部卖点,上升中回调 + RSI底背离,58,0.0051,0.0026,2.008,0.6207,0.449,0.1717,L2
全部卖点,上升中回调 + 威科夫得分大于4,1584,0.1061,0.0974,1.09,0.4703,0.449,0.0213,L2
全部卖点,上升中回调 + 威科夫得分大于7,1184,0.0821,0.0706,1.163,0.4865,0.449,0.0375,L2
全部卖点,上升中回调 + 积累阶段,53,0.0021,0.0044,0.484,0.283,0.449,-0.166,L2
全部卖点,上升中回调 + 黄金柱,237,0.0157,0.0147,1.063,0.4641,0.449,0.0151,L2
全部卖点,上升中回调 + 量能金叉,714,0.048,0.0438,1.097,0.472,0.449,0.023,L2
全部卖点,上升中回调 + 六脉红灯大于5,1626,0.1151,0.095,1.212,0.4969,0.449,0.0479,L2
全部卖点,上升中回调 + 六脉红灯大于6,1497,0.1067,0.0868,1.229,0.5003,0.449,0.0513,L2
全部卖点,上升中回调 + 六脉6红首发,1497,0.1067,0.0868,1.229,0.5003,0.449,0.0513,L2
全部卖点,上升中回调 + 六脉5红首发,1626,0.1151,0.095,1.212,0.4969,0.449,0.0479,L2
全部卖点,上升中回调 + 偏多共振,935,0.0692,0.0521,1.328,0.5198,0.449,0.0708,L2
全部卖点,上升中回调 + 多头共振,934,0.0691,0.0521,1.325,0.5193,0.449,0.0703,L2
全部卖点,上升中回调 + 火箭信号,205,0.0218,0.006,3.61,0.7463,0.449,0.2973,L2
全部卖点,上升中回调 + 纳财,197,0.014,0.0115,1.215,0.4975,0.449,0.0484,L2
全部卖点,上升中回调 + 中枢进机会区,120,0.0091,0.0065,1.402,0.5333,0.449,0.0843,L2
全部卖点,上升中回调 + 中枢极限底,50,0.0036,0.0029,1.227,0.5,0.449,0.051,L2
全部卖点,上升中回调 + 中枢上穿中轴,375,0.0309,0.0183,1.685,0.5787,0.449,0.1297,L2
全部卖点,上升中回调 + 中枢底部回升,66,0.0064,0.0024,2.629,0.6818,0.449,0.2328,L2
全部卖点,上升中回调 + 大盘多头,1003,0.066,0.0627,1.052,0.4616,0.449,0.0126,L2
全部卖点,上升中回调 + 大盘空头,561,0.0419,0.031,1.351,0.5241,0.449,0.075,L2
全部卖点,上升中回调 + 大盘安全,1351,0.0925,0.0815,1.134,0.4804,0.449,0.0314,L2
全部卖点,上升中回调 + SID等于1,1003,0.066,0.0627,1.052,0.4616,0.449,0.0126,L2
全部卖点,上升中回调 + SID等于2,1157,0.0805,0.0687,1.171,0.4883,0.449,0.0393,L2
全部卖点,上升中回调 + SID小于等于2,1597,0.1079,0.0975,1.106,0.474,0.449,0.025,L2
全部卖点,上升中回调 + 大盘5日上涨,1506,0.1031,0.0908,1.136,0.4807,0.449,0.0317,L2
全部卖点,上升中回调 + 相对强弱大于0,1761,0.1231,0.1041,1.182,0.4906,0.449,0.0416,L2
全部卖点,上升中回调 + 相对强弱大于5,1039,0.0838,0.0524,1.6,0.5659,0.449,0.1169,L2
全部卖点,上升中回调 + 量比>=1.3,980,0.0717,0.0554,1.294,0.5133,0.449,0.0643,L2
全部卖点,上升中回调 + 量比>=2,450,0.0376,0.0216,1.742,0.5867,0.449,0.1377,L2
全部卖点,上升中回调 + 距前高<=10%,1576,0.1056,0.0969,1.089,0.4702,0.449,0.0212,L2
全部卖点,上升中回调 + 距前低<=10%,95,0.0053,0.0067,0.783,0.3895,0.449,-0.0595,L2
全部卖点,上升中回调 + 相对强弱>=0,1596,0.112,0.094,1.191,0.4925,0.449,0.0435,L2
全部卖点,上升中回调 + 相对强弱>=5,752,0.0623,0.0366,1.702,0.5811,0.449,0.1321,L2
全部卖点,突破前高 + 站上MA5,5130,0.4288,0.2461,1.742,0.5867,0.449,0.1377,L2
全部卖点,突破前高 + 站上MA13,5130,0.4288,0.2461,1.742,0.5867,0.449,0.1377,L2
全部卖点,突破前高 + 站上MA34,5130,0.4288,0.2461,1.742,0.5867,0.449,0.1377,L2
全部卖点,突破前高 + 站上MA55,5115,0.4276,0.2454,1.742,0.5867,0.449,0.1377,L2
全部卖点,突破前高 + 站上MA89,4954,0.411,0.2402,1.711,0.5824,0.449,0.1333,L2
全部卖点,突破前高 + 站上MA144,4475,0.37,0.218,1.697,0.5803,0.449,0.1313,L2
全部卖点,突破前高 + 站上MA233,3513,0.2989,0.1643,1.819,0.5972,0.449,0.1482,L2
全部卖点,突破前高 + 斐波短中多头,3965,0.3327,0.1892,1.758,0.5889,0.449,0.1399,L2
全部卖点,突破前高 + 斐波长多头,1065,0.1046,0.0384,2.721,0.6892,0.449,0.2402,L2
全部卖点,突破前高 + 斐波全多头,913,0.0889,0.0336,2.65,0.6835,0.449,0.2344,L2
全部卖点,突破前高 + MA55上穿MA89,476,0.0395,0.0231,1.708,0.5819,0.449,0.1329,L2
全部卖点,突破前高 + 放量,5019,0.4216,0.2392,1.763,0.5896,0.449,0.1405,L2
全部卖点,突破前高 + 缩量,2526,0.2007,0.1297,1.548,0.5578,0.449,0.1088,L2
全部卖点,突破前高 + 量比大于1,5059,0.4231,0.2425,1.745,0.5871,0.449,0.1381,L2
全部卖点,突破前高 + 量比大于1_3,4631,0.3907,0.2193,1.781,0.5921,0.449,0.1431,L2
全部卖点,突破前高 + 量比大于2,3286,0.2841,0.15,1.894,0.6068,0.449,0.1578,L2
全部卖点,突破前高 + 量能递增,4977,0.4189,0.2365,1.771,0.5907,0.449,0.1417,L2
全部卖点,突破前高 + 价涨量增,4897,0.4113,0.2334,1.763,0.5895,0.449,0.1405,L2
全部卖点,突破前高 + 价涨量缩,2788,0.2295,0.1367,1.68,0.5778,0.449,0.1288,L2
全部卖点,突破前高 + MACD_DIF大于0,5130,0.4288,0.2461,1.742,0.5867,0.449,0.1377,L2
全部卖点,突破前高 + MACD金叉态,5104,0.428,0.2438,1.755,0.5886,0.449,0.1395,L2
全部卖点,突破前高 + MACD柱递增,4690,0.3975,0.2206,1.802,0.5949,0.449,0.1459,L2
全部卖点,突破前高 + MACD零轴上金叉,872,0.0739,0.041,1.804,0.5952,0.449,0.1462,L2
全部卖点,突破前高 + MACD底背离,53,0.0058,0.0014,4.193,0.7736,0.449,0.3246,L2
全部卖点,突破前高 + BOLL收上中轨,5130,0.4288,0.2461,1.742,0.5867,0.449,0.1377,L2
全部卖点,突破前高 + BOLL突破上轨,4519,0.3889,0.2077,1.873,0.6041,0.449,0.1551,L2
全部卖点,突破前高 + BOLL触下轨反弹,77,0.0067,0.0035,1.922,0.6104,0.449,0.1614,L2
全部卖点,突破前高 + BOLL开口扩张,5025,0.4234,0.2384,1.776,0.5914,0.449,0.1424,L2
全部卖点,突破前高 + KDJ金叉态,5037,0.4217,0.2411,1.749,0.5877,0.449,0.1386,L2
全部卖点,突破前高 + KDJ_J超卖,595,0.0524,0.0264,1.989,0.6185,0.449,0.1695,L2
全部卖点,突破前高 + KDJ_D小于30,51,0.0047,0.0021,2.25,0.6471,0.449,0.198,L2
全部卖点,突破前高 + RSI6大于50,5130,0.4288,0.2461,1.742,0.5867,0.449,0.1377,L2
全部卖点,突破前高 + RSI金叉,1390,0.1118,0.0702,1.592,0.5647,0.449,0.1157,L2
全部卖点,突破前高 + RSI6超卖,67,0.006,0.0029,2.062,0.6269,0.449,0.1779,L2
全部卖点,突破前高 + 威科夫得分大于4,4357,0.361,0.2117,1.706,0.5816,0.449,0.1326,L2
全部卖点,突破前高 + 威科夫得分大于7,3770,0.3183,0.1783,1.785,0.5926,0.449,0.1436,L2
全部卖点,突破前高 + 威科夫B1突破,61,0.0036,0.0042,0.852,0.4098,0.449,-0.0392,L2
全部卖点,突破前高 + 黄金柱,301,0.0211,0.0178,1.187,0.4917,0.449,0.0427,L2
全部卖点,突破前高 + 量能金叉,1490,0.1185,0.0764,1.552,0.5584,0.449,0.1094,L2
全部卖点,突破前高 + 六脉红灯大于5,5049,0.4238,0.2408,1.76,0.5892,0.449,0.1402,L2
全部卖点,突破前高 + 六脉红灯大于6,4958,0.4166,0.2362,1.764,0.5898,0.449,0.1407,L2
全部卖点,突破前高 + 六脉6红首发,4958,0.4166,0.2362,1.764,0.5898,0.449,0.1407,L2
全部卖点,突破前高 + 六脉5红首发,5049,0.4238,0.2408,1.76,0.5892,0.449,0.1402,L2
全部卖点,突破前高 + 偏多共振,2597,0.2312,0.1131,2.045,0.625,0.449,0.1759,L2
全部卖点,突破前高 + 多头共振,2596,0.2311,0.1131,2.043,0.6248,0.449,0.1758,L2
全部卖点,突破前高 + 火箭信号,1632,0.159,0.0599,2.654,0.6838,0.449,0.2348,L2
全部卖点,突破前高 + 二连板,444,0.0469,0.0134,3.511,0.741,0.449,0.292,L2
全部卖点,突破前高 + 二次涨停,275,0.0286,0.0086,3.333,0.7309,0.449,0.2819,L2
全部卖点,突破前高 + 纳财,800,0.067,0.0383,1.748,0.5875,0.449,0.1385,L2
全部卖点,突破前高 + 中枢进机会区,98,0.0108,0.0026,4.239,0.7755,0.449,0.3265,L2
全部卖点,突破前高 + 中枢上穿中轴,693,0.0618,0.0301,2.056,0.6263,0.449,0.1772,L2
全部卖点,突破前高 + 中枢底部蓄力,95,0.0093,0.0035,2.659,0.6842,0.449,0.2352,L2
全部卖点,突破前高 + 中枢底部回升,156,0.0147,0.0062,2.385,0.6603,0.449,0.2112,L2
全部卖点,突破前高 + 大盘多头,3142,0.2532,0.1585,1.597,0.5656,0.449,0.1165,L2
全部卖点,突破前高 + 大盘空头,1208,0.1093,0.0512,2.134,0.6349,0.449,0.1859,L2
全部卖点,突破前高 + 大盘安全,4194,0.3479,0.2034,1.71,0.5823,0.449,0.1332,L2
全部卖点,突破前高 + SID等于1,3142,0.2532,0.1585,1.597,0.5656,0.449,0.1165,L2
全部卖点,突破前高 + SID等于2,3080,0.2609,0.145,1.799,0.5945,0.449,0.1455,L2
全部卖点,突破前高 + SID小于等于2,4663,0.3878,0.2254,1.721,0.5837,0.449,0.1347,L2
全部卖点,突破前高 + 大盘5日上涨,4535,0.3815,0.2156,1.77,0.5905,0.449,0.1415,L2
全部卖点,突破前高 + 相对强弱大于0,4998,0.4201,0.2379,1.766,0.59,0.449,0.141,L2
全部卖点,突破前高 + 相对强弱大于5,4463,0.3872,0.2026,1.911,0.609,0.449,0.16,L2
全部卖点,突破前高 + 量比>=1.3,3028,0.2636,0.1368,1.927,0.611,0.449,0.1619,L2
全部卖点,突破前高 + 量比>=2,1802,0.1608,0.0781,2.059,0.6265,0.449,0.1775,L2
全部卖点,突破前高 + 距前高<=10%,4609,0.3783,0.2269,1.667,0.576,0.449,0.127,L2
全部卖点,突破前高 + 距前低<=10%,59,0.003,0.0044,0.678,0.3559,0.449,-0.0931,L2
全部卖点,突破前高 + 相对强弱>=0,4894,0.4133,0.2314,1.786,0.5928,0.449,0.1438,L2
全部卖点,突破前高 + 相对强弱>=5,4048,0.3556,0.1802,1.973,0.6166,0.449,0.1676,L2
全部卖点,站上MA5 + 站上MA13,15534,0.9952,0.9926,1.003,0.4497,0.449,0.0006,L2
全部卖点,站上MA5 + 站上MA34,15197,0.9842,0.9624,1.023,0.4546,0.449,0.0055,L2
全部卖点,站上MA5 + 站上MA55,14124,0.9497,0.8659,1.097,0.472,0.449,0.0229,L2
全部卖点,站上MA5 + 站上MA89,12144,0.856,0.7124,1.202,0.4947,0.449,0.0457,L2
全部卖点,站上MA5 + 站上MA144,10279,0.7239,0.6035,1.199,0.4943,0.449,0.0453,L2
全部卖点,站上MA5 + 站上MA233,7901,0.5697,0.453,1.258,0.5061,0.449,0.0571,L2
全部卖点,站上MA5 + 斐波短中多头,8023,0.5981,0.4441,1.347,0.5232,0.449,0.0742,L2
全部卖点,站上MA5 + 斐波长多头,2390,0.1973,0.1167,1.691,0.5795,0.449,0.1305,L2
全部卖点,站上MA5 + 斐波全多头,1663,0.1469,0.0734,2.002,0.62,0.449,0.1709,L2
全部卖点,站上MA5 + MA55上穿MA89,848,0.0665,0.0442,1.504,0.5507,0.449,0.1017,L2
全部卖点,站上MA5 + 放量,14439,0.9387,0.9114,1.03,0.4563,0.449,0.0073,L2
全部卖点,站上MA5 + 缩量,10229,0.6113,0.6894,0.887,0.4195,0.449,-0.0295,L2
全部卖点,站上MA5 + 量比大于1,14923,0.9618,0.9488,1.014,0.4524,0.449,0.0034,L2
全部卖点,站上MA5 + 量比大于1_3,12651,0.8349,0.7885,1.059,0.4632,0.449,0.0142,L2
全部卖点,站上MA5 + 量比大于2,7482,0.5306,0.4363,1.216,0.4977,0.449,0.0487,L2
全部卖点,站上MA5 + 量能递增,14147,0.9279,0.8863,1.047,0.4604,0.449,0.0114,L2
全部卖点,站上MA5 + 价涨量增,13527,0.8843,0.8499,1.041,0.4589,0.449,0.0098,L2
全部卖点,站上MA5 + 价涨量缩,9323,0.5803,0.6095,0.952,0.4369,0.449,-0.0121,L2
全部卖点,站上MA5 + MACD_DIF大于0,14014,0.9387,0.8621,1.089,0.4702,0.449,0.0212,L2
全部卖点,站上MA5 + MACD金叉态,15236,0.9791,0.9711,1.008,0.451,0.449,0.002,L2
全部卖点,站上MA5 + MACD柱递增,12767,0.8486,0.7908,1.073,0.4665,0.449,0.0175,L2
全部卖点,站上MA5 + MACD零轴上金叉,1975,0.1487,0.1081,1.376,0.5286,0.449,0.0796,L2
全部卖点,站上MA5 + MACD底背离,329,0.0222,0.0201,1.107,0.4742,0.449,0.0251,L2
全部卖点,站上MA5 + BOLL收上中轨,15509,0.9943,0.9904,1.004,0.45,0.449,0.001,L2
全部卖点,站上MA5 + BOLL突破上轨,9001,0.6494,0.5158,1.259,0.5064,0.449,0.0574,L2
全部卖点,站上MA5 + BOLL触下轨反弹,536,0.0303,0.0375,0.809,0.3974,0.449,-0.0516,L2
全部卖点,站上MA5 + BOLL开口扩张,14458,0.9453,0.9083,1.041,0.4589,0.449,0.0099,L2
全部卖点,站上MA5 + KDJ金叉态,14734,0.9491,0.9372,1.013,0.4522,0.449,0.0031,L2
全部卖点,站上MA5 + KDJ_J超卖,2735,0.1677,0.1809,0.927,0.4303,0.449,-0.0187,L2
全部卖点,站上MA5 + KDJ低位金叉,73,0.0048,0.0045,1.07,0.4658,0.449,0.0167,L2
全部卖点,站上MA5 + KDJ_D小于30,394,0.0274,0.0235,1.166,0.4873,0.449,0.0383,L2
全部卖点,站上MA5 + RSI6大于50,15548,0.9957,0.9937,1.002,0.4495,0.449,0.0005,L2
全部卖点,站上MA5 + RSI金叉,4793,0.3067,0.3065,1.001,0.4492,0.449,0.0002,L2
全部卖点,站上MA5 + RSI6超卖,516,0.0282,0.0369,0.764,0.3837,0.449,-0.0653,L2
全部卖点,站上MA5 + RSI底背离,262,0.0177,0.016,1.103,0.4733,0.449,0.0243,L2
全部卖点,站上MA5 + 威科夫得分大于4,11414,0.7532,0.7114,1.059,0.4632,0.449,0.0142,L2
全部卖点,站上MA5 + 威科夫得分大于7,8178,0.5877,0.4706,1.249,0.5044,0.449,0.0554,L2
全部卖点,站上MA5 + 积累阶段,1802,0.0635,0.1574,0.404,0.2475,0.449,-0.2015,L2
全部卖点,站上MA5 + 威科夫B1突破,401,0.0201,0.0302,0.665,0.3516,0.449,-0.0974,L2
全部卖点,站上MA5 + 黄金柱,1262,0.0711,0.0886,0.803,0.3954,0.449,-0.0536,L2
全部卖点,站上MA5 + 量能金叉,5027,0.3039,0.336,0.904,0.4243,0.449,-0.0247,L2
全部卖点,站上MA5 + 六脉红灯大于5,14801,0.9547,0.9404,1.015,0.4527,0.449,0.0037,L2
全部卖点,站上MA5 + 六脉红灯大于6,14129,0.9157,0.8942,1.024,0.4549,0.449,0.0059,L2
全部卖点,站上MA5 + 六脉6红首发,14129,0.9157,0.8942,1.024,0.4549,0.449,0.0059,L2
全部卖点,站上MA5 + 六脉5红首发,14801,0.9547,0.9404,1.015,0.4527,0.449,0.0037,L2
全部卖点,站上MA5 + 偏多共振,5211,0.414,0.2676,1.547,0.5577,0.449,0.1087,L2
全部卖点,站上MA5 + 多头共振,5205,0.4134,0.2674,1.546,0.5575,0.449,0.1085,L2
全部卖点,站上MA5 + 火箭信号,2360,0.2113,0.1018,2.075,0.6284,0.449,0.1794,L2
全部卖点,站上MA5 + 二连板,524,0.053,0.0176,3.003,0.7099,0.449,0.2609,L2
全部卖点,站上MA5 + 二次涨停,418,0.0409,0.0152,2.688,0.6866,0.449,0.2376,L2
全部卖点,站上MA5 + 纳财,1732,0.1184,0.1046,1.132,0.4798,0.449,0.0308,L2
全部卖点,站上MA5 + 中枢进机会区,638,0.0375,0.0435,0.861,0.4122,0.449,-0.0368,L2
全部卖点,站上MA5 + 中枢极限底,234,0.0168,0.0135,1.248,0.5043,0.449,0.0553,L2
全部卖点,站上MA5 + 中枢上穿中轴,3155,0.204,0.2,1.02,0.4539,0.449,0.0049,L2
全部卖点,站上MA5 + 中枢底部蓄力,798,0.0445,0.0564,0.788,0.391,0.449,-0.058,L2
全部卖点,站上MA5 + 中枢底部回升,1099,0.0634,0.0759,0.835,0.4049,0.449,-0.0441,L2
全部卖点,站上MA5 + 大盘多头,8261,0.5289,0.5282,1.001,0.4493,0.449,0.0003,L2
全部卖点,站上MA5 + 大盘空头,4655,0.2976,0.2979,0.999,0.4488,0.449,-0.0003,L2
全部卖点,站上MA5 + 大盘安全,12092,0.7956,0.7556,1.053,0.4618,0.449,0.0128,L2
全部卖点,站上MA5 + SID等于1,8261,0.5289,0.5282,1.001,0.4493,0.449,0.0003,L2
全部卖点,站上MA5 + SID等于2,9200,0.6163,0.5659,1.089,0.4702,0.449,0.0212,L2
全部卖点,站上MA5 + SID小于等于2,13402,0.8829,0.8365,1.055,0.4624,0.449,0.0134,L2
全部卖点,站上MA5 + 大盘5日上涨,13763,0.8862,0.8758,1.012,0.4519,0.449,0.0029,L2
全部卖点,站上MA5 + 相对强弱大于0,15053,0.9721,0.9555,1.017,0.4533,0.449,0.0043,L2
全部卖点,站上MA5 + 相对强弱大于5,11178,0.7896,0.6544,1.207,0.4958,0.449,0.0468,L2
全部卖点,站上MA5 + 量比>=1.3,7415,0.5116,0.444,1.152,0.4843,0.449,0.0353,L2
全部卖点,站上MA5 + 量比>=2,3705,0.2755,0.2056,1.34,0.522,0.449,0.073,L2
全部卖点,站上MA5 + 距前高<=10%,10943,0.781,0.634,1.232,0.501,0.449,0.0519,L2
全部卖点,站上MA5 + 距前低<=10%,1702,0.0697,0.1408,0.495,0.2873,0.449,-0.1617,L2
全部卖点,站上MA5 + 相对强弱>=0,14279,0.9322,0.8982,1.038,0.4582,0.449,0.0092,L2
全部卖点,站上MA5 + 相对强弱>=5,9306,0.6787,0.5273,1.287,0.5119,0.449,0.0629,L2
全部卖点,站上MA13 + 站上MA34,15233,0.9859,0.9652,1.021,0.4543,0.449,0.0053,L2
全部卖点,站上MA13 + 站上MA55,14155,0.9514,0.8681,1.096,0.4718,0.449,0.0228,L2
全部卖点,站上MA13 + 站上MA89,12167,0.8572,0.714,1.201,0.4945,0.449,0.0455,L2
全部卖点,站上MA13 + 站上MA144,10300,0.7247,0.6052,1.197,0.4939,0.449,0.0449,L2
全部卖点,站上MA13 + 站上MA233,7913,0.5699,0.4543,1.254,0.5055,0.449,0.0565,L2
全部卖点,站上MA13 + 斐波短中多头,8048,0.5998,0.4456,1.346,0.5231,0.449,0.0741,L2
全部卖点,站上MA13 + 斐波长多头,2396,0.1977,0.117,1.69,0.5793,0.449,0.1303,L2
全部卖点,站上MA13 + 斐波全多头,1668,0.1473,0.0736,2.001,0.6199,0.449,0.1709,L2
全部卖点,站上MA13 + MA55上穿MA89,847,0.0665,0.0441,1.508,0.5514,0.449,0.1023,L2
全部卖点,站上MA13 + 放量,14451,0.9392,0.9125,1.029,0.4562,0.449,0.0071,L2
全部卖点,站上MA13 + 缩量,10256,0.6128,0.6914,0.886,0.4194,0.449,-0.0297,L2
全部卖点,站上MA13 + 量比大于1,14939,0.9628,0.9498,1.014,0.4524,0.449,0.0034,L2
全部卖点,站上MA13 + 量比大于1_3,12653,0.835,0.7886,1.059,0.4632,0.449,0.0142,L2
全部卖点,站上MA13 + 量比大于2,7472,0.5301,0.4355,1.217,0.498,0.449,0.049,L2
全部卖点,站上MA13 + 量能递增,14180,0.9295,0.8889,1.046,0.4601,0.449,0.0111,L2
全部卖点,站上MA13 + 价涨量增,13527,0.8843,0.8499,1.041,0.4589,0.449,0.0098,L2
全部卖点,站上MA13 + 价涨量缩,9354,0.582,0.6117,0.951,0.4367,0.449,-0.0123,L2
全部卖点,站上MA13 + MACD_DIF大于0,14049,0.9406,0.8646,1.088,0.4699,0.449,0.0209,L2
全部卖点,站上MA13 + MACD金叉态,15286,0.9815,0.9749,1.007,0.4507,0.449,0.0017,L2
全部卖点,站上MA13 + MACD柱递增,12751,0.848,0.7894,1.074,0.4668,0.449,0.0178,L2
全部卖点,站上MA13 + MACD零轴上金叉,1975,0.1487,0.1081,1.376,0.5286,0.449,0.0796,L2
全部卖点,站上MA13 + MACD底背离,325,0.0221,0.0197,1.119,0.4769,0.449,0.0279,L2
全部卖点,站上MA13 + BOLL收上中轨,15552,0.9963,0.9937,1.003,0.4497,0.449,0.0006,L2
全部卖点,站上MA13 + BOLL突破上轨,9001,0.6494,0.5158,1.259,0.5064,0.449,0.0574,L2
全部卖点,站上MA13 + BOLL触下轨反弹,530,0.0301,0.037,0.812,0.3981,0.449,-0.0509,L2
全部卖点,站上MA13 + BOLL开口扩张,14475,0.9457,0.9099,1.039,0.4586,0.449,0.0096,L2
全部卖点,站上MA13 + KDJ金叉态,14747,0.9503,0.9378,1.013,0.4523,0.449,0.0033,L2
全部卖点,站上MA13 + KDJ_J超卖,2748,0.1678,0.1823,0.921,0.4287,0.449,-0.0203,L2
全部卖点,站上MA13 + KDJ低位金叉,68,0.0048,0.0039,1.227,0.5,0.449,0.051,L2
全部卖点,站上MA13 + KDJ_D小于30,375,0.0265,0.0219,1.208,0.496,0.449,0.047,L2
全部卖点,站上MA13 + RSI6大于50,15586,0.9976,0.9966,1.001,0.4492,0.449,0.0002,L2
全部卖点,站上MA13 + RSI金叉,4787,0.3066,0.3059,1.002,0.4496,0.449,0.0005,L2
全部卖点,站上MA13 + RSI6超卖,517,0.0282,0.037,0.762,0.383,0.449,-0.066,L2
全部卖点,站上MA13 + RSI底背离,253,0.0174,0.0152,1.143,0.4822,0.449,0.0332,L2
全部卖点,站上MA13 + 威科夫得分大于4,11445,0.7545,0.7139,1.057,0.4627,0.449,0.0137,L2
全部卖点,站上MA13 + 威科夫得分大于7,8195,0.5884,0.472,1.247,0.504,0.449,0.055,L2
全部卖点,站上MA13 + 积累阶段,1803,0.0633,0.1578,0.401,0.2463,0.449,-0.2028,L2
全部卖点,站上MA13 + 威科夫B1突破,401,0.0201,0.0302,0.665,0.3516,0.449,-0.0974,L2
全部卖点,站上MA13 + 黄金柱,1256,0.0707,0.0882,0.801,0.3949,0.449,-0.0541,L2
全部卖点,站上MA13 + 量能金叉,5028,0.304,0.336,0.905,0.4244,0.449,-0.0246,L2
全部卖点,站上MA13 + 六脉红灯大于5,14808,0.9553,0.9408,1.015,0.4528,0.449,0.0038,L2
全部卖点,站上MA13 + 六脉红灯大于6,14134,0.9159,0.8946,1.024,0.4549,0.449,0.0058,L2
全部卖点,站上MA13 + 六脉6红首发,14134,0.9159,0.8946,1.024,0.4549,0.449,0.0058,L2
全部卖点,站上MA13 + 六脉5红首发,14808,0.9553,0.9408,1.015,0.4528,0.449,0.0038,L2
全部卖点,站上MA13 + 偏多共振,5219,0.4144,0.2682,1.545,0.5574,0.449,0.1084,L2
全部卖点,站上MA13 + 多头共振,5213,0.4139,0.268,1.545,0.5573,0.449,0.1082,L2
全部卖点,站上MA13 + 火箭信号,2360,0.2113,0.1018,2.075,0.6284,0.449,0.1794,L2
全部卖点,站上MA13 + 二连板,524,0.053,0.0176,3.003,0.7099,0.449,0.2609,L2
全部卖点,站上MA13 + 二次涨停,418,0.0409,0.0152,2.688,0.6866,0.449,0.2376,L2
全部卖点,站上MA13 + 纳财,1732,0.1184,0.1046,1.132,0.4798,0.449,0.0308,L2
全部卖点,站上MA13 + 中枢进机会区,635,0.0373,0.0433,0.862,0.4126,0.449,-0.0364,L2
全部卖点,站上MA13 + 中枢极限底,233,0.0167,0.0135,1.238,0.5021,0.449,0.0531,L2
全部卖点,站上MA13 + 中枢上穿中轴,3159,0.2044,0.2002,1.021,0.4543,0.449,0.0052,L2
全部卖点,站上MA13 + 中枢底部蓄力,793,0.0443,0.056,0.792,0.3922,0.449,-0.0568,L2
全部卖点,站上MA13 + 中枢底部回升,1091,0.0633,0.0751,0.842,0.407,0.449,-0.042,L2
全部卖点,站上MA13 + 大盘多头,8267,0.5297,0.5282,1.003,0.4497,0.449,0.0007,L2
全部卖点,站上MA13 + 大盘空头,4662,0.2975,0.2989,0.995,0.4479,0.449,-0.0011,L2
全部卖点,站上MA13 + 大盘安全,12116,0.7974,0.7569,1.054,0.462,0.449,0.0129,L2
全部卖点,站上MA13 + SID等于1,8267,0.5297,0.5282,1.003,0.4497,0.449,0.0007,L2
全部卖点,站上MA13 + SID等于2,9222,0.6175,0.5675,1.088,0.47,0.449,0.0209,L2
全部卖点,站上MA13 + SID小于等于2,13431,0.8849,0.8383,1.056,0.4624,0.449,0.0134,L2
全部卖点,站上MA13 + 大盘5日上涨,13790,0.8876,0.8777,1.011,0.4518,0.449,0.0028,L2
全部卖点,站上MA13 + 相对强弱大于0,15100,0.9744,0.9591,1.016,0.4529,0.449,0.0039,L2
全部卖点,站上MA13 + 相对强弱大于5,11205,0.7911,0.6562,1.206,0.4956,0.449,0.0466,L2
全部卖点,站上MA13 + 量比>=1.3,7409,0.5113,0.4435,1.153,0.4844,0.449,0.0354,L2
全部卖点,站上MA13 + 量比>=2,3695,0.2751,0.2048,1.343,0.5226,0.449,0.0736,L2
全部卖点,站上MA13 + 距前高<=10%,10966,0.7823,0.6357,1.231,0.5007,0.449,0.0517,L2
全部卖点,站上MA13 + 距前低<=10%,1698,0.0692,0.1407,0.492,0.2862,0.449,-0.1628,L2
全部卖点,站上MA13 + 相对强弱>=0,14321,0.9345,0.9012,1.037,0.458,0.449,0.009,L2
全部卖点,站上MA13 + 相对强弱>=5,9325,0.6797,0.5287,1.286,0.5116,0.449,0.0626,L2
全部卖点,站上MA34 + 站上MA55,14161,0.952,0.8683,1.096,0.4719,0.449,0.0228,L2
全部卖点,站上MA34 + 站上MA89,12157,0.8575,0.7126,1.203,0.4951,0.449,0.0461,L2
全部卖点,站上MA34 + 站上MA144,10269,0.7247,0.6016,1.205,0.4954,0.449,0.0464,L2
全部卖点,站上MA34 + 站上MA233,7863,0.569,0.4492,1.267,0.5079,0.449,0.0589,L2
全部卖点,站上MA34 + 斐波短中多头,8055,0.6004,0.446,1.346,0.5232,0.449,0.0741,L2
全部卖点,站上MA34 + 斐波长多头,2359,0.197,0.1133,1.739,0.5863,0.449,0.1373,L2
全部卖点,站上MA34 + 斐波全多头,1669,0.1475,0.0736,2.003,0.6201,0.449,0.1711,L2
全部卖点,站上MA34 + MA55上穿MA89,841,0.0664,0.0435,1.525,0.5541,0.449,0.1051,L2
全部卖点,站上MA34 + 放量,14156,0.9303,0.8854,1.051,0.4613,0.449,0.0123,L2
全部卖点,站上MA34 + 缩量,9966,0.6035,0.6653,0.907,0.425,0.449,-0.024,L2
全部卖点,站上MA34 + 量比大于1,14608,0.9518,0.9204,1.034,0.4574,0.449,0.0083,L2
全部卖点,站上MA34 + 量比大于1_3,12381,0.8268,0.7637,1.083,0.4687,0.449,0.0197,L2
全部卖点,站上MA34 + 量比大于2,7366,0.5274,0.4254,1.24,0.5026,0.449,0.0536,L2
全部卖点,站上MA34 + 量能递增,13934,0.9219,0.8665,1.064,0.4644,0.449,0.0154,L2
全部卖点,站上MA34 + 价涨量增,13267,0.8761,0.8264,1.06,0.4635,0.449,0.0145,L2
全部卖点,站上MA34 + 价涨量缩,9151,0.5757,0.5933,0.97,0.4416,0.449,-0.0074,L2
全部卖点,站上MA34 + MACD_DIF大于0,14072,0.942,0.8661,1.088,0.4699,0.449,0.0209,L2
全部卖点,站上MA34 + MACD金叉态,14941,0.9702,0.944,1.028,0.4558,0.449,0.0068,L2
全部卖点,站上MA34 + MACD柱递增,12414,0.8367,0.7594,1.102,0.4731,0.449,0.0241,L2
全部卖点,站上MA34 + MACD零轴上金叉,1975,0.1487,0.1081,1.376,0.5286,0.449,0.0796,L2
全部卖点,站上MA34 + MACD底背离,274,0.0202,0.0153,1.32,0.5182,0.449,0.0692,L2
全部卖点,站上MA34 + BOLL收上中轨,15243,0.9865,0.9659,1.021,0.4542,0.449,0.0052,L2
全部卖点,站上MA34 + BOLL突破上轨,8976,0.6485,0.5136,1.263,0.5071,0.449,0.0581,L2
全部卖点,站上MA34 + BOLL触下轨反弹,473,0.0288,0.0315,0.915,0.4271,0.449,-0.022,L2
全部卖点,站上MA34 + BOLL开口扩张,14285,0.9412,0.8916,1.056,0.4624,0.449,0.0134,L2
全部卖点,站上MA34 + KDJ金叉态,14402,0.9389,0.907,1.035,0.4576,0.449,0.0086,L2
全部卖点,站上MA34 + KDJ_J超卖,2707,0.1673,0.178,0.94,0.4337,0.449,-0.0153,L2
全部卖点,站上MA34 + KDJ低位金叉,60,0.0046,0.0033,1.402,0.5333,0.449,0.0843,L2
全部卖点,站上MA34 + KDJ_D小于30,341,0.0256,0.0187,1.372,0.5279,0.449,0.0788,L2
全部卖点,站上MA34 + RSI6大于50,15249,0.9868,0.9663,1.021,0.4542,0.449,0.0052,L2
全部卖点,站上MA34 + RSI金叉,4677,0.3035,0.2957,1.026,0.4554,0.449,0.0064,L2
全部卖点,站上MA34 + RSI6超卖,488,0.0272,0.0345,0.789,0.3914,0.449,-0.0576,L2
全部卖点,站上MA34 + RSI底背离,209,0.0157,0.0115,1.363,0.5263,0.449,0.0773,L2
全部卖点,站上MA34 + 威科夫得分大于4,11338,0.7511,0.7043,1.066,0.465,0.449,0.016,L2
全部卖点,站上MA34 + 威科夫得分大于7,8151,0.5868,0.4681,1.254,0.5053,0.449,0.0563,L2
全部卖点,站上MA34 + 积累阶段,1560,0.0558,0.1356,0.412,0.2513,0.449,-0.1977,L2
全部卖点,站上MA34 + 威科夫B1突破,401,0.0201,0.0302,0.665,0.3516,0.449,-0.0974,L2
全部卖点,站上MA34 + 黄金柱,1207,0.0697,0.0834,0.836,0.4051,0.449,-0.0439,L2
全部卖点,站上MA34 + 量能金叉,4954,0.301,0.3299,0.913,0.4265,0.449,-0.0225,L2
全部卖点,站上MA34 + 六脉红灯大于5,14454,0.9434,0.9093,1.038,0.4581,0.449,0.0091,L2
全部卖点,站上MA34 + 六脉红灯大于6,13797,0.9048,0.8645,1.047,0.4603,0.449,0.0113,L2
全部卖点,站上MA34 + 六脉6红首发,13797,0.9048,0.8645,1.047,0.4603,0.449,0.0113,L2
全部卖点,站上MA34 + 六脉5红首发,14454,0.9434,0.9093,1.038,0.4581,0.449,0.0091,L2
全部卖点,站上MA34 + 偏多共振,5228,0.4153,0.2685,1.546,0.5576,0.449,0.1086,L2
全部卖点,站上MA34 + 多头共振,5222,0.4147,0.2683,1.546,0.5574,0.449,0.1084,L2
全部卖点,站上MA34 + 火箭信号,2352,0.2111,0.101,2.09,0.6301,0.449,0.1811,L2
全部卖点,站上MA34 + 二连板,524,0.053,0.0176,3.003,0.7099,0.449,0.2609,L2
全部卖点,站上MA34 + 二次涨停,418,0.0409,0.0152,2.688,0.6866,0.449,0.2376,L2
全部卖点,站上MA34 + 纳财,1706,0.1171,0.1026,1.141,0.4818,0.449,0.0328,L2
全部卖点,站上MA34 + 中枢进机会区,488,0.0331,0.0297,1.112,0.4754,0.449,0.0264,L2
全部卖点,站上MA34 + 中枢极限底,208,0.0154,0.0116,1.325,0.5192,0.449,0.0702,L2
全部卖点,站上MA34 + 中枢上穿中轴,3143,0.2033,0.1992,1.02,0.454,0.449,0.005,L2
全部卖点,站上MA34 + 中枢底部蓄力,567,0.0372,0.0355,1.047,0.4603,0.449,0.0113,L2
全部卖点,站上MA34 + 中枢底部回升,851,0.0558,0.0533,1.048,0.4606,0.449,0.0116,L2
全部卖点,站上MA34 + 大盘多头,8226,0.527,0.5256,1.003,0.4497,0.449,0.0007,L2
全部卖点,站上MA34 + 大盘空头,4437,0.2912,0.2778,1.048,0.4607,0.449,0.0117,L2
全部卖点,站上MA34 + 大盘安全,11937,0.7901,0.742,1.065,0.4646,0.449,0.0156,L2
全部卖点,站上MA34 + SID等于1,8226,0.527,0.5256,1.003,0.4497,0.449,0.0007,L2
全部卖点,站上MA34 + SID等于2,9039,0.6109,0.5516,1.108,0.4744,0.449,0.0254,L2
全部卖点,站上MA34 + SID小于等于2,13219,0.8762,0.8207,1.068,0.4652,0.449,0.0162,L2
全部卖点,站上MA34 + 大盘5日上涨,13481,0.8778,0.8499,1.033,0.457,0.449,0.008,L2
全部卖点,站上MA34 + 相对强弱大于0,14790,0.9645,0.9312,1.036,0.4577,0.449,0.0087,L2
全部卖点,站上MA34 + 相对强弱大于5,11113,0.7874,0.6486,1.214,0.4973,0.449,0.0483,L2
全部卖点,站上MA34 + 量比>=1.3,7270,0.5075,0.4305,1.179,0.49,0.449,0.0409,L2
全部卖点,站上MA34 + 量比>=2,3639,0.2737,0.1995,1.372,0.5279,0.449,0.0789,L2
全部卖点,站上MA34 + 距前高<=10%,10953,0.7813,0.635,1.23,0.5007,0.449,0.0517,L2
全部卖点,站上MA34 + 距前低<=10%,1464,0.0617,0.1197,0.515,0.2958,0.449,-0.1532,L2
全部卖点,站上MA34 + 相对强弱>=0,14058,0.9262,0.8774,1.056,0.4624,0.449,0.0134,L2
全部卖点,站上MA34 + 相对强弱>=5,9279,0.6774,0.5253,1.29,0.5124,0.449,0.0634,L2
全部卖点,站上MA55 + 站上MA89,12099,0.8553,0.7078,1.208,0.4962,0.449,0.0471,L2
全部卖点,站上MA55 + 站上MA144,10106,0.7205,0.5862,1.229,0.5004,0.449,0.0514,L2
全部卖点,站上MA55 + 站上MA233,7684,0.5642,0.4324,1.305,0.5154,0.449,0.0663,L2
全部卖点,站上MA55 + 斐波短中多头,8055,0.6004,0.446,1.346,0.5232,0.449,0.0741,L2
全部卖点,站上MA55 + 斐波长多头,2288,0.1956,0.1062,1.841,0.6001,0.449,0.1511,L2
全部卖点,站上MA55 + 斐波全多头,1669,0.1475,0.0736,2.003,0.6201,0.449,0.1711,L2
全部卖点,站上MA55 + MA55上穿MA89,839,0.0662,0.0434,1.526,0.5542,0.449,0.1052,L2
全部卖点,站上MA55 + 放量,13193,0.8988,0.7993,1.125,0.4782,0.449,0.0292,L2
全部卖点,站上MA55 + 缩量,9090,0.5753,0.5866,0.981,0.4442,0.449,-0.0048,L2
全部卖点,站上MA55 + 量比大于1,13579,0.9182,0.8283,1.109,0.4746,0.449,0.0256,L2
全部卖点,站上MA55 + 量比大于1_3,11558,0.7984,0.6913,1.155,0.4849,0.449,0.0358,L2
全部卖点,站上MA55 + 量比大于2,6994,0.5132,0.3938,1.303,0.515,0.449,0.066,L2
全部卖点,站上MA55 + 量能递增,13006,0.8907,0.7842,1.136,0.4807,0.449,0.0317,L2
全部卖点,站上MA55 + 价涨量增,12377,0.8457,0.7478,1.131,0.4796,0.449,0.0306,L2
全部卖点,站上MA55 + 价涨量缩,8434,0.5532,0.5284,1.047,0.4604,0.449,0.0114,L2
全部卖点,站上MA55 + MACD_DIF大于0,13769,0.9306,0.8402,1.108,0.4744,0.449,0.0254,L2
全部卖点,站上MA55 + MACD金叉态,13856,0.9355,0.8464,1.105,0.4739,0.449,0.0249,L2
全部卖点,站上MA55 + MACD柱递增,11588,0.8092,0.6859,1.18,0.4902,0.449,0.0411,L2
全部卖点,站上MA55 + MACD零轴上金叉,1970,0.1483,0.1079,1.375,0.5284,0.449,0.0794,L2
全部卖点,站上MA55 + MACD底背离,231,0.0184,0.0118,1.552,0.5584,0.449,0.1094,L2
全部卖点,站上MA55 + BOLL收上中轨,14163,0.9518,0.8687,1.096,0.4717,0.449,0.0227,L2
全部卖点,站上MA55 + BOLL突破上轨,8632,0.6358,0.484,1.314,0.517,0.449,0.068,L2
全部卖点,站上MA55 + BOLL触下轨反弹,425,0.0274,0.0271,1.011,0.4518,0.449,0.0027,L2
全部卖点,站上MA55 + BOLL开口扩张,13300,0.9098,0.8027,1.133,0.4802,0.449,0.0311,L2
全部卖点,站上MA55 + KDJ金叉态,13374,0.9051,0.8152,1.11,0.475,0.449,0.026,L2
全部卖点,站上MA55 + KDJ_J超卖,2474,0.1606,0.1564,1.027,0.4555,0.449,0.0065,L2
全部卖点,站上MA55 + KDJ低位金叉,56,0.0041,0.0031,1.318,0.5179,0.449,0.0688,L2
全部卖点,站上MA55 + KDJ_D小于30,306,0.0246,0.0154,1.596,0.5654,0.449,0.1163,L2
全部卖点,站上MA55 + RSI6大于50,14170,0.9521,0.8693,1.095,0.4716,0.449,0.0226,L2
全部卖点,站上MA55 + RSI金叉,4455,0.2951,0.2768,1.066,0.4649,0.449,0.0159,L2
全部卖点,站上MA55 + RSI6超卖,429,0.0246,0.0297,0.829,0.4033,0.449,-0.0458,L2
全部卖点,站上MA55 + RSI底背离,176,0.014,0.0091,1.542,0.5568,0.449,0.1078,L2
全部卖点,站上MA55 + 威科夫得分大于4,10827,0.7366,0.6568,1.121,0.4775,0.449,0.0285,L2
全部卖点,站上MA55 + 威科夫得分大于7,7960,0.582,0.4499,1.294,0.5132,0.449,0.0642,L2
全部卖点,站上MA55 + 积累阶段,1064,0.0426,0.0888,0.48,0.281,0.449,-0.168,L2
全部卖点,站上MA55 + 威科夫B1突破,360,0.0187,0.0266,0.702,0.3639,0.449,-0.0851,L2
全部卖点,站上MA55 + 黄金柱,1086,0.066,0.0723,0.912,0.4263,0.449,-0.0227,L2
全部卖点,站上MA55 + 量能金叉,4639,0.2898,0.3024,0.958,0.4385,0.449,-0.0106,L2
全部卖点,站上MA55 + 六脉红灯大于5,13410,0.9097,0.8156,1.115,0.4761,0.449,0.0271,L2
全部卖点,站上MA55 + 六脉红灯大于6,12800,0.8719,0.7756,1.124,0.4781,0.449,0.0291,L2
全部卖点,站上MA55 + 六脉6红首发,12800,0.8719,0.7756,1.124,0.4781,0.449,0.0291,L2
全部卖点,站上MA55 + 六脉5红首发,13410,0.9097,0.8156,1.115,0.4761,0.449,0.0271,L2
全部卖点,站上MA55 + 偏多共振,5203,0.4143,0.2665,1.555,0.5589,0.449,0.1099,L2
全部卖点,站上MA55 + 多头共振,5198,0.4139,0.2662,1.555,0.5589,0.449,0.1099,L2
全部卖点,站上MA55 + 火箭信号,2321,0.2093,0.0989,2.116,0.6329,0.449,0.1839,L2
全部卖点,站上MA55 + 二连板,515,0.0526,0.017,3.101,0.7165,0.449,0.2675,L2
全部卖点,站上MA55 + 二次涨停,415,0.0406,0.0151,2.69,0.6867,0.449,0.2377,L2
全部卖点,站上MA55 + 纳财,1592,0.1137,0.0922,1.233,0.5013,0.449,0.0522,L2
全部卖点,站上MA55 + 中枢进机会区,403,0.0293,0.0229,1.283,0.5112,0.449,0.0622,L2
全部卖点,站上MA55 + 中枢极限底,184,0.014,0.01,1.398,0.5326,0.449,0.0836,L2
全部卖点,站上MA55 + 中枢上穿中轴,2622,0.1865,0.1524,1.223,0.4992,0.449,0.0502,L2
全部卖点,站上MA55 + 中枢底部蓄力,399,0.0311,0.021,1.478,0.5464,0.449,0.0974,L2
全部卖点,站上MA55 + 中枢底部回升,639,0.0479,0.0352,1.361,0.5258,0.449,0.0768,L2
全部卖点,站上MA55 + 大盘多头,7844,0.5139,0.4919,1.045,0.4598,0.449,0.0108,L2
全部卖点,站上MA55 + 大盘空头,3987,0.2778,0.2365,1.175,0.4891,0.449,0.0401,L2
全部卖点,站上MA55 + 大盘安全,11180,0.7639,0.6755,1.131,0.4796,0.449,0.0306,L2
全部卖点,站上MA55 + SID等于1,7844,0.5139,0.4919,1.045,0.4598,0.449,0.0108,L2
全部卖点,站上MA55 + SID等于2,8409,0.5894,0.496,1.188,0.492,0.449,0.043,L2
全部卖点,站上MA55 + SID小于等于2,12397,0.8464,0.7496,1.129,0.4792,0.449,0.0302,L2
全部卖点,站上MA55 + 大盘5日上涨,12512,0.8473,0.7622,1.112,0.4753,0.449,0.0263,L2
全部卖点,站上MA55 + 相对强弱大于0,13762,0.9309,0.8392,1.109,0.4748,0.449,0.0258,L2
全部卖点,站上MA55 + 相对强弱大于5,10538,0.7678,0.5978,1.284,0.5114,0.449,0.0624,L2
全部卖点,站上MA55 + 量比>=1.3,6847,0.4922,0.3938,1.25,0.5046,0.449,0.0556,L2
全部卖点,站上MA55 + 量比>=2,3478,0.2678,0.1855,1.444,0.5405,0.449,0.0915,L2
全部卖点,站上MA55 + 距前高<=10%,10851,0.7762,0.6273,1.237,0.5021,0.449,0.0531,L2
全部卖点,站上MA55 + 距前低<=10%,1003,0.049,0.0765,0.641,0.343,0.449,-0.106,L2
全部卖点,站上MA55 + 相对强弱>=0,13127,0.896,0.7939,1.129,0.4791,0.449,0.0301,L2
全部卖点,站上MA55 + 相对强弱>=5,8859,0.6632,0.4881,1.359,0.5255,0.449,0.0764,L2
全部卖点,站上MA89 + 站上MA144,10024,0.7158,0.5805,1.233,0.5012,0.449,0.0522,L2
全部卖点,站上MA89 + 站上MA233,7551,0.5581,0.4219,1.323,0.5187,0.449,0.0697,L2
全部卖点,站上MA89 + 斐波短中多头,7635,0.5695,0.4224,1.348,0.5235,0.449,0.0745,L2
全部卖点,站上MA89 + 斐波长多头,2322,0.1962,0.1097,1.788,0.593,0.449,0.144,L2
全部卖点,站上MA89 + 斐波全多头,1669,0.1475,0.0736,2.003,0.6201,0.449,0.1711,L2
全部卖点,站上MA89 + MA55上穿MA89,837,0.0661,0.0433,1.526,0.5544,0.449,0.1053,L2
全部卖点,站上MA89 + 放量,11412,0.8124,0.663,1.225,0.4996,0.449,0.0506,L2
全部卖点,站上MA89 + 缩量,7602,0.5071,0.4694,1.08,0.4682,0.449,0.0192,L2
全部卖点,站上MA89 + 量比大于1,11707,0.8288,0.6838,1.212,0.4969,0.449,0.0479,L2
全部卖点,站上MA89 + 量比大于1_3,10058,0.7215,0.5798,1.244,0.5035,0.449,0.0545,L2
全部卖点,站上MA89 + 量比大于2,6196,0.4679,0.3381,1.384,0.53,0.449,0.081,L2
全部卖点,站上MA89 + 量能递增,11292,0.8068,0.6535,1.235,0.5015,0.449,0.0525,L2
全部卖点,站上MA89 + 价涨量增,10734,0.7652,0.6227,1.229,0.5004,0.449,0.0514,L2
全部卖点,站上MA89 + 价涨量缩,7164,0.4969,0.4268,1.164,0.4869,0.449,0.0379,L2
全部卖点,站上MA89 + MACD_DIF大于0,11919,0.8433,0.6966,1.211,0.4966,0.449,0.0476,L2
全部卖点,站上MA89 + MACD金叉态,11882,0.8423,0.6931,1.215,0.4976,0.449,0.0485,L2
全部卖点,站上MA89 + MACD柱递增,10086,0.7329,0.5738,1.277,0.51,0.449,0.061,L2
全部卖点,站上MA89 + MACD零轴上金叉,1875,0.1413,0.1025,1.379,0.5291,0.449,0.0801,L2
全部卖点,站上MA89 + MACD底背离,211,0.0168,0.0108,1.557,0.5592,0.449,0.1102,L2
全部卖点,站上MA89 + BOLL收上中轨,12173,0.8577,0.7144,1.201,0.4945,0.449,0.0455,L2
全部卖点,站上MA89 + BOLL突破上轨,7747,0.5895,0.419,1.407,0.5341,0.449,0.0851,L2
全部卖点,站上MA89 + BOLL触下轨反弹,358,0.0249,0.0212,1.173,0.4888,0.449,0.0398,L2
全部卖点,站上MA89 + BOLL开口扩张,11499,0.8216,0.6655,1.235,0.5015,0.449,0.0525,L2
全部卖点,站上MA89 + KDJ金叉态,11482,0.8148,0.6691,1.218,0.4981,0.449,0.0491,L2
全部卖点,站上MA89 + KDJ_J超卖,2106,0.1465,0.1252,1.17,0.4881,0.449,0.0391,L2
全部卖点,站上MA89 + KDJ_D小于30,258,0.0214,0.0125,1.704,0.5814,0.449,0.1324,L2
全部卖点,站上MA89 + RSI6大于50,12178,0.8578,0.7148,1.2,0.4944,0.449,0.0454,L2
全部卖点,站上MA89 + RSI金叉,3912,0.2706,0.2337,1.158,0.4854,0.449,0.0364,L2
全部卖点,站上MA89 + RSI6超卖,367,0.0217,0.025,0.868,0.4142,0.449,-0.0348,L2
全部卖点,站上MA89 + RSI底背离,148,0.0124,0.0071,1.75,0.5878,0.449,0.1388,L2
全部卖点,站上MA89 + 威科夫得分大于4,10051,0.7108,0.5877,1.209,0.4964,0.449,0.0474,L2
全部卖点,站上MA89 + 威科夫得分大于7,7842,0.5774,0.4399,1.313,0.5168,0.449,0.0678,L2
全部卖点,站上MA89 + 积累阶段,406,0.0195,0.0312,0.625,0.3374,0.449,-0.1116,L2
全部卖点,站上MA89 + 威科夫B1突破,230,0.0128,0.0163,0.789,0.3913,0.449,-0.0577,L2
全部卖点,站上MA89 + 黄金柱,892,0.0551,0.0586,0.94,0.4339,0.449,-0.0152,L2
全部卖点,站上MA89 + 量能金叉,3841,0.2553,0.2379,1.073,0.4665,0.449,0.0175,L2
全部卖点,站上MA89 + 六脉红灯大于5,11502,0.8184,0.6685,1.224,0.4994,0.449,0.0504,L2
全部卖点,站上MA89 + 六脉红灯大于6,10975,0.7852,0.6344,1.238,0.5021,0.449,0.0531,L2
全部卖点,站上MA89 + 六脉6红首发,10975,0.7852,0.6344,1.238,0.5021,0.449,0.0531,L2
全部卖点,站上MA89 + 六脉5红首发,11502,0.8184,0.6685,1.224,0.4994,0.449,0.0504,L2
全部卖点,站上MA89 + 偏多共振,5221,0.415,0.268,1.549,0.5579,0.449,0.1089,L2
全部卖点,站上MA89 + 多头共振,5215,0.4144,0.2677,1.548,0.5578,0.449,0.1088,L2
全部卖点,站上MA89 + 火箭信号,2169,0.1968,0.0915,2.151,0.6367,0.449,0.1877,L2
全部卖点,站上MA89 + 二连板,492,0.0501,0.0163,3.085,0.7154,0.449,0.2664,L2
全部卖点,站上MA89 + 二次涨停,383,0.0369,0.0144,2.563,0.6762,0.449,0.2272,L2
全部卖点,站上MA89 + 纳财,1417,0.103,0.0806,1.278,0.5102,0.449,0.0612,L2
全部卖点,站上MA89 + 中枢进机会区,354,0.0271,0.019,1.422,0.5367,0.449,0.0877,L2
全部卖点,站上MA89 + 中枢极限底,154,0.012,0.0081,1.473,0.5455,0.449,0.0964,L2
全部卖点,站上MA89 + 中枢上穿中轴,2182,0.1647,0.1191,1.383,0.5298,0.449,0.0808,L2
全部卖点,站上MA89 + 中枢底部蓄力,350,0.0284,0.0175,1.617,0.5686,0.449,0.1196,L2
全部卖点,站上MA89 + 中枢底部回升,552,0.0427,0.0293,1.461,0.5435,0.449,0.0945,L2
全部卖点,站上MA89 + 大盘多头,6916,0.481,0.411,1.17,0.4881,0.449,0.0391,L2
全部卖点,站上MA89 + 大盘空头,3319,0.2455,0.1853,1.325,0.5191,0.449,0.0701,L2
全部卖点,站上MA89 + 大盘安全,9695,0.694,0.5601,1.239,0.5024,0.449,0.0534,L2
全部卖点,站上MA89 + SID等于1,6916,0.481,0.411,1.17,0.4881,0.449,0.0391,L2
全部卖点,站上MA89 + SID等于2,7137,0.5177,0.4067,1.273,0.5092,0.449,0.0602,L2
全部卖点,站上MA89 + SID小于等于2,10706,0.7588,0.6246,1.215,0.4975,0.449,0.0485,L2
全部卖点,站上MA89 + 大盘5日上涨,10706,0.7606,0.6231,1.221,0.4987,0.449,0.0497,L2
全部卖点,站上MA89 + 相对强弱大于0,11826,0.839,0.6893,1.217,0.498,0.449,0.049,L2
全部卖点,站上MA89 + 相对强弱大于5,9283,0.7032,0.5047,1.393,0.5317,0.449,0.0827,L2
全部卖点,站上MA89 + 量比>=1.3,6041,0.4519,0.3331,1.357,0.5251,0.449,0.0761,L2
全部卖点,站上MA89 + 量比>=2,3130,0.2483,0.161,1.542,0.5569,0.449,0.1079,L2
全部卖点,站上MA89 + 距前高<=10%,10079,0.7269,0.5778,1.258,0.5062,0.449,0.0572,L2
全部卖点,站上MA89 + 距前低<=10%,659,0.0356,0.0475,0.75,0.3794,0.449,-0.0697,L2
全部卖点,站上MA89 + 相对强弱>=0,11314,0.8097,0.6538,1.238,0.5023,0.449,0.0533,L2
全部卖点,站上MA89 + 相对强弱>=5,7854,0.6112,0.4138,1.477,0.5462,0.449,0.0972,L2
全部卖点,站上MA144 + 站上MA233,7679,0.5595,0.4356,1.284,0.5114,0.449,0.0624,L2
全部卖点,站上MA144 + 斐波短中多头,6739,0.4991,0.3757,1.328,0.5198,0.449,0.0708,L2
全部卖点,站上MA144 + 斐波长多头,2370,0.1969,0.1147,1.716,0.5831,0.449,0.1341,L2
全部卖点,站上MA144 + 斐波全多头,1669,0.1475,0.0736,2.003,0.6201,0.449,0.1711,L2
全部卖点,站上MA144 + MA55上穿MA89,738,0.0588,0.0377,1.559,0.5596,0.449,0.1106,L2
全部卖点,站上MA144 + 放量,9679,0.6886,0.5626,1.224,0.4993,0.449,0.0503,L2
全部卖点,站上MA144 + 缩量,6435,0.4223,0.403,1.048,0.4606,0.449,0.0116,L2
全部卖点,站上MA144 + 量比大于1,9914,0.701,0.5798,1.209,0.4963,0.449,0.0473,L2
全部卖点,站上MA144 + 量比大于1_3,8497,0.6129,0.4871,1.258,0.5063,0.449,0.0573,L2
全部卖点,站上MA144 + 量比大于2,5184,0.3985,0.2771,1.438,0.5395,0.449,0.0905,L2
全部卖点,站上MA144 + 量能递增,9583,0.6854,0.554,1.237,0.502,0.449,0.053,L2
全部卖点,站上MA144 + 价涨量增,9083,0.6495,0.5253,1.237,0.5019,0.449,0.0529,L2
全部卖点,站上MA144 + 价涨量缩,6048,0.414,0.3648,1.135,0.4805,0.449,0.0315,L2
全部卖点,站上MA144 + MACD_DIF大于0,10013,0.7122,0.5821,1.223,0.4993,0.449,0.0502,L2
全部卖点,站上MA144 + MACD金叉态,10049,0.7122,0.5863,1.215,0.4975,0.449,0.0484,L2
全部卖点,站上MA144 + MACD柱递增,8596,0.626,0.4879,1.283,0.5112,0.449,0.0622,L2
全部卖点,站上MA144 + MACD零轴上金叉,1657,0.1238,0.0915,1.353,0.5244,0.449,0.0754,L2
全部卖点,站上MA144 + MACD底背离,177,0.015,0.0084,1.79,0.5932,0.449,0.1442,L2
全部卖点,站上MA144 + BOLL收上中轨,10305,0.7252,0.6055,1.198,0.4939,0.449,0.0449,L2
全部卖点,站上MA144 + BOLL突破上轨,6690,0.5092,0.3618,1.407,0.5342,0.449,0.0852,L2
全部卖点,站上MA144 + BOLL触下轨反弹,289,0.0207,0.0167,1.236,0.5017,0.449,0.0527,L2
全部卖点,站上MA144 + BOLL开口扩张,9734,0.6963,0.5628,1.237,0.5021,0.449,0.053,L2
全部卖点,站上MA144 + KDJ金叉态,9744,0.6918,0.5675,1.219,0.4984,0.449,0.0493,L2
全部卖点,站上MA144 + KDJ_J超卖,1726,0.1195,0.103,1.161,0.4861,0.449,0.0371,L2
全部卖点,站上MA144 + KDJ_D小于30,197,0.0161,0.0098,1.651,0.5736,0.449,0.1246,L2
全部卖点,站上MA144 + RSI6大于50,10306,0.725,0.6057,1.197,0.4938,0.449,0.0448,L2
全部卖点,站上MA144 + RSI金叉,3325,0.227,0.2011,1.129,0.4791,0.449,0.0301,L2
全部卖点,站上MA144 + RSI6超卖,289,0.0187,0.0183,1.017,0.4533,0.449,0.0043,L2
全部卖点,站上MA144 + RSI底背离,118,0.01,0.0056,1.79,0.5932,0.449,0.1442,L2
全部卖点,站上MA144 + 威科夫得分大于4,9173,0.6514,0.5342,1.219,0.4984,0.449,0.0494,L2
全部卖点,站上MA144 + 威科夫得分大于7,7427,0.5438,0.4191,1.297,0.5139,0.449,0.0649,L2
全部卖点,站上MA144 + 积累阶段,314,0.0161,0.0233,0.69,0.3599,0.449,-0.0891,L2
全部卖点,站上MA144 + 威科夫B1突破,168,0.0107,0.0108,0.99,0.4464,0.449,-0.0026,L2
全部卖点,站上MA144 + 黄金柱,736,0.046,0.048,0.96,0.4389,0.449,-0.0102,L2
全部卖点,站上MA144 + 量能金叉,3194,0.2133,0.197,1.082,0.4687,0.449,0.0197,L2
全部卖点,站上MA144 + 六脉红灯大于5,9753,0.6935,0.5672,1.223,0.4991,0.449,0.0501,L2
全部卖点,站上MA144 + 六脉红灯大于6,9334,0.667,0.5401,1.235,0.5016,0.449,0.0526,L2
全部卖点,站上MA144 + 六脉6红首发,9334,0.667,0.5401,1.235,0.5016,0.449,0.0526,L2
全部卖点,站上MA144 + 六脉5红首发,9753,0.6935,0.5672,1.223,0.4991,0.449,0.0501,L2
全部卖点,站上MA144 + 偏多共振,5197,0.4123,0.2674,1.542,0.5569,0.449,0.1078,L2
全部卖点,站上MA144 + 多头共振,5191,0.4117,0.2672,1.541,0.5567,0.449,0.1077,L2
全部卖点,站上MA144 + 火箭信号,1875,0.173,0.0767,2.254,0.6475,0.449,0.1985,L2
全部卖点,站上MA144 + 二连板,448,0.0453,0.0151,3.002,0.7098,0.449,0.2608,L2
全部卖点,站上MA144 + 二次涨停,326,0.0318,0.012,2.657,0.684,0.449,0.235,L2
全部卖点,站上MA144 + 纳财,1213,0.0878,0.0693,1.266,0.5078,0.449,0.0588,L2
全部卖点,站上MA144 + 中枢进机会区,285,0.0222,0.015,1.484,0.5474,0.449,0.0984,L2
全部卖点,站上MA144 + 中枢极限底,118,0.0103,0.0053,1.921,0.6102,0.449,0.1612,L2
全部卖点,站上MA144 + 中枢上穿中轴,1838,0.1378,0.1011,1.362,0.5261,0.449,0.0771,L2
全部卖点,站上MA144 + 中枢底部蓄力,314,0.0248,0.0163,1.525,0.5541,0.449,0.1051,L2
全部卖点,站上MA144 + 中枢底部回升,478,0.037,0.0253,1.464,0.5439,0.449,0.0949,L2
全部卖点,站上MA144 + 大盘多头,6222,0.4399,0.3639,1.209,0.4963,0.449,0.0473,L2
全部卖点,站上MA144 + 大盘空头,2418,0.1807,0.1335,1.353,0.5244,0.449,0.0754,L2
全部卖点,站上MA144 + 大盘安全,8340,0.5917,0.4861,1.217,0.498,0.449,0.0489,L2
全部卖点,站上MA144 + SID等于1,6222,0.4399,0.3639,1.209,0.4963,0.449,0.0473,L2
全部卖点,站上MA144 + SID等于2,6033,0.4323,0.3482,1.241,0.5029,0.449,0.0539,L2
全部卖点,站上MA144 + SID小于等于2,9245,0.6518,0.5422,1.202,0.4949,0.449,0.0458,L2
全部卖点,站上MA144 + 大盘5日上涨,9137,0.6492,0.5318,1.221,0.4987,0.449,0.0497,L2
全部卖点,站上MA144 + 相对强弱大于0,9975,0.7071,0.5819,1.215,0.4975,0.449,0.0485,L2
全部卖点,站上MA144 + 相对强弱大于5,7741,0.5951,0.4138,1.438,0.5396,0.449,0.0906,L2
全部卖点,站上MA144 + 量比>=1.3,5087,0.3858,0.2762,1.397,0.5323,0.449,0.0833,L2
全部卖点,站上MA144 + 量比>=2,2641,0.2167,0.13,1.666,0.5759,0.449,0.1269,L2
全部卖点,站上MA144 + 距前高<=10%,8447,0.6103,0.4833,1.263,0.5072,0.449,0.0581,L2
全部卖点,站上MA144 + 距前低<=10%,565,0.0256,0.0447,0.574,0.3186,0.449,-0.1304,L2
全部卖点,站上MA144 + 相对强弱>=0,9505,0.6824,0.5474,1.247,0.5039,0.449,0.0549,L2
全部卖点,站上MA144 + 相对强弱>=5,6547,0.5169,0.3389,1.525,0.5541,0.449,0.1051,L2
全部卖点,站上MA233 + 斐波短中多头,5270,0.3986,0.287,1.389,0.5309,0.449,0.0819,L2
全部卖点,站上MA233 + 斐波长多头,2389,0.1976,0.1163,1.699,0.5806,0.449,0.1316,L2
全部卖点,站上MA233 + 斐波全多头,1669,0.1475,0.0736,2.003,0.6201,0.449,0.1711,L2
全部卖点,站上MA233 + MA55上穿MA89,533,0.0445,0.0257,1.732,0.5854,0.449,0.1364,L2
全部卖点,站上MA233 + 放量,7450,0.5435,0.422,1.288,0.5121,0.449,0.0631,L2
全部卖点,站上MA233 + 缩量,4883,0.3217,0.3048,1.056,0.4624,0.449,0.0134,L2
全部卖点,站上MA233 + 量比大于1,7622,0.5524,0.4348,1.27,0.5087,0.449,0.0596,L2
全部卖点,站上MA233 + 量比大于1_3,6547,0.4854,0.3646,1.331,0.5204,0.449,0.0714,L2
全部卖点,站上MA233 + 量比大于2,3987,0.3161,0.2053,1.54,0.5566,0.449,0.1075,L2
全部卖点,站上MA233 + 量能递增,7363,0.5395,0.4152,1.3,0.5143,0.449,0.0653,L2
全部卖点,站上MA233 + 价涨量增,6985,0.5126,0.3932,1.304,0.5151,0.449,0.0661,L2
全部卖点,站上MA233 + 价涨量缩,4598,0.3207,0.2725,1.177,0.4896,0.449,0.0405,L2
全部卖点,站上MA233 + MACD_DIF大于0,7602,0.5571,0.4287,1.3,0.5143,0.449,0.0653,L2
全部卖点,站上MA233 + MACD金叉态,7729,0.5612,0.44,1.275,0.5096,0.449,0.0606,L2
全部卖点,站上MA233 + MACD柱递增,6701,0.4988,0.3715,1.343,0.5225,0.449,0.0734,L2
全部卖点,站上MA233 + MACD零轴上金叉,1329,0.1002,0.0727,1.378,0.529,0.449,0.08,L2
全部卖点,站上MA233 + MACD底背离,159,0.014,0.0071,1.971,0.6164,0.449,0.1673,L2
全部卖点,站上MA233 + BOLL收上中轨,7915,0.5703,0.4542,1.256,0.5057,0.449,0.0567,L2
全部卖点,站上MA233 + BOLL突破上轨,5205,0.4076,0.2721,1.498,0.5497,0.449,0.1006,L2
全部卖点,站上MA233 + BOLL触下轨反弹,237,0.016,0.0145,1.099,0.4726,0.449,0.0236,L2
全部卖点,站上MA233 + BOLL开口扩张,7484,0.5499,0.4208,1.307,0.5158,0.449,0.0668,L2
全部卖点,站上MA233 + KDJ金叉态,7528,0.5469,0.4283,1.277,0.51,0.449,0.0609,L2
全部卖点,站上MA233 + KDJ_J超卖,1339,0.0939,0.079,1.189,0.4922,0.449,0.0431,L2
全部卖点,站上MA233 + KDJ_D小于30,167,0.0142,0.0078,1.831,0.5988,0.449,0.1498,L2
全部卖点,站上MA233 + RSI6大于50,7920,0.5703,0.4548,1.254,0.5054,0.449,0.0564,L2
全部卖点,站上MA233 + RSI金叉,2519,0.1757,0.1493,1.177,0.4895,0.449,0.0405,L2
全部卖点,站上MA233 + RSI6超卖,245,0.0162,0.0152,1.068,0.4653,0.449,0.0163,L2
全部卖点,站上MA233 + RSI底背离,109,0.0094,0.005,1.883,0.6055,0.449,0.1565,L2
全部卖点,站上MA233 + 威科夫得分大于4,7082,0.5137,0.4036,1.273,0.5092,0.449,0.0602,L2
全部卖点,站上MA233 + 威科夫得分大于7,5885,0.4381,0.3263,1.343,0.5225,0.449,0.0735,L2
全部卖点,站上MA233 + 积累阶段,309,0.0162,0.0226,0.717,0.3689,0.449,-0.0801,L2
全部卖点,站上MA233 + 威科夫B1突破,128,0.009,0.0075,1.189,0.4922,0.449,0.0432,L2
全部卖点,站上MA233 + 黄金柱,548,0.0341,0.0359,0.949,0.4361,0.449,-0.0129,L2
全部卖点,站上MA233 + 量能金叉,2429,0.165,0.1476,1.118,0.4767,0.449,0.0277,L2
全部卖点,站上MA233 + 六脉红灯大于5,7534,0.5482,0.428,1.281,0.5108,0.449,0.0617,L2
全部卖点,站上MA233 + 六脉红灯大于6,7237,0.5297,0.4086,1.296,0.5137,0.449,0.0647,L2
全部卖点,站上MA233 + 六脉6红首发,7237,0.5297,0.4086,1.296,0.5137,0.449,0.0647,L2
全部卖点,站上MA233 + 六脉5红首发,7534,0.5482,0.428,1.281,0.5108,0.449,0.0617,L2
全部卖点,站上MA233 + 偏多共振,4533,0.361,0.2321,1.556,0.559,0.449,0.11,L2
全部卖点,站上MA233 + 多头共振,4528,0.3606,0.2319,1.555,0.559,0.449,0.11,L2
全部卖点,站上MA233 + 火箭信号,1526,0.1463,0.0579,2.526,0.673,0.449,0.224,L2
全部卖点,站上MA233 + 二连板,383,0.0397,0.0121,3.292,0.7285,0.449,0.2794,L2
全部卖点,站上MA233 + 二次涨停,263,0.0264,0.0091,2.91,0.7034,0.449,0.2544,L2
全部卖点,站上MA233 + 纳财,934,0.0691,0.0521,1.325,0.5193,0.449,0.0703,L2
全部卖点,站上MA233 + 中枢进机会区,261,0.0212,0.013,1.632,0.5709,0.449,0.1219,L2
全部卖点,站上MA233 + 中枢极限底,110,0.01,0.0046,2.147,0.6364,0.449,0.1873,L2
全部卖点,站上MA233 + 中枢上穿中轴,1487,0.1145,0.0793,1.444,0.5407,0.449,0.0917,L2
全部卖点,站上MA233 + 中枢底部蓄力,276,0.0225,0.0137,1.643,0.5725,0.449,0.1234,L2
全部卖点,站上MA233 + 中枢底部回升,415,0.0332,0.0211,1.571,0.5614,0.449,0.1124,L2
全部卖点,站上MA233 + 大盘多头,4658,0.3327,0.2697,1.233,0.5013,0.449,0.0523,L2
全部卖点,站上MA233 + 大盘空头,1996,0.1577,0.1032,1.528,0.5546,0.449,0.1056,L2
全部卖点,站上MA233 + 大盘安全,6402,0.4615,0.3672,1.257,0.5059,0.449,0.0569,L2
全部卖点,站上MA233 + SID等于1,4658,0.3327,0.2697,1.233,0.5013,0.449,0.0523,L2
全部卖点,站上MA233 + SID等于2,4627,0.3396,0.2604,1.304,0.5152,0.449,0.0662,L2
全部卖点,站上MA233 + SID小于等于2,7082,0.5072,0.4089,1.24,0.5027,0.449,0.0537,L2
全部卖点,站上MA233 + 大盘5日上涨,7062,0.5106,0.4038,1.264,0.5075,0.449,0.0585,L2
全部卖点,站上MA233 + 相对强弱大于0,7651,0.5544,0.4365,1.27,0.5086,0.449,0.0595,L2
全部卖点,站上MA233 + 相对强弱大于5,5993,0.4739,0.3096,1.53,0.555,0.449,0.106,L2
全部卖点,站上MA233 + 量比>=1.3,3993,0.3163,0.2059,1.536,0.556,0.449,0.107,L2
全部卖点,站上MA233 + 量比>=2,2060,0.1767,0.0952,1.856,0.6019,0.449,0.1529,L2
全部卖点,站上MA233 + 距前高<=10%,6331,0.471,0.3512,1.341,0.5222,0.449,0.0732,L2
全部卖点,站上MA233 + 距前低<=10%,434,0.0182,0.0355,0.513,0.2949,0.449,-0.1541,L2
全部卖点,站上MA233 + 相对强弱>=0,7275,0.5347,0.4089,1.308,0.5159,0.449,0.0669,L2
全部卖点,站上MA233 + 相对强弱>=5,5083,0.4147,0.2522,1.645,0.5727,0.449,0.1237,L2
全部卖点,斐波短中多头 + 斐波长多头,1676,0.148,0.074,2.001,0.6199,0.449,0.1709,L2
全部卖点,斐波短中多头 + 斐波全多头,1669,0.1475,0.0736,2.003,0.6201,0.449,0.1711,L2
全部卖点,斐波短中多头 + MA55上穿MA89,648,0.0537,0.0315,1.707,0.5818,0.449,0.1328,L2
全部卖点,斐波短中多头 + 放量,7471,0.5629,0.4087,1.377,0.5288,0.449,0.0798,L2
全部卖点,斐波短中多头 + 缩量,5378,0.3777,0.3166,1.193,0.4929,0.449,0.0439,L2
全部卖点,斐波短中多头 + 量比大于1,7703,0.5774,0.4238,1.363,0.5262,0.449,0.0771,L2
全部卖点,斐波短中多头 + 量比大于1_3,6463,0.4905,0.3506,1.399,0.5327,0.449,0.0837,L2
全部卖点,斐波短中多头 + 量比大于2,3632,0.2966,0.18,1.648,0.5732,0.449,0.1242,L2
全部卖点,斐波短中多头 + 量能递增,7370,0.5586,0.4004,1.395,0.532,0.449,0.083,L2
全部卖点,斐波短中多头 + 价涨量增,6951,0.5266,0.3779,1.393,0.5317,0.449,0.0827,L2
全部卖点,斐波短中多头 + 价涨量缩,4880,0.3555,0.2769,1.284,0.5113,0.449,0.0623,L2
全部卖点,斐波短中多头 + MACD_DIF大于0,8055,0.6004,0.446,1.346,0.5232,0.449,0.0741,L2
全部卖点,斐波短中多头 + MACD金叉态,7828,0.589,0.4289,1.373,0.5281,0.449,0.0791,L2
全部卖点,斐波短中多头 + MACD柱递增,6562,0.5033,0.3517,1.431,0.5384,0.449,0.0894,L2
全部卖点,斐波短中多头 + MACD零轴上金叉,1633,0.1231,0.0893,1.379,0.5291,0.449,0.0801,L2
全部卖点,斐波短中多头 + MACD底背离,100,0.0091,0.0042,2.182,0.64,0.449,0.191,L2
全部卖点,斐波短中多头 + BOLL收上中轨,8052,0.6002,0.4457,1.347,0.5232,0.449,0.0742,L2
全部卖点,斐波短中多头 + BOLL突破上轨,5086,0.4112,0.2554,1.61,0.5674,0.449,0.1184,L2
全部卖点,斐波短中多头 + BOLL触下轨反弹,228,0.0148,0.0144,1.029,0.4561,0.449,0.0071,L2
全部卖点,斐波短中多头 + BOLL开口扩张,7605,0.5737,0.4154,1.381,0.5295,0.449,0.0805,L2
全部卖点,斐波短中多头 + KDJ金叉态,7562,0.5687,0.4145,1.372,0.5279,0.449,0.0789,L2
全部卖点,斐波短中多头 + KDJ_J超卖,1421,0.1033,0.0808,1.278,0.5102,0.449,0.0612,L2
全部卖点,斐波短中多头 + KDJ_D小于30,77,0.0071,0.0031,2.272,0.6494,0.449,0.2003,L2
全部卖点,斐波短中多头 + RSI6大于50,8049,0.5998,0.4457,1.346,0.523,0.449,0.074,L2
全部卖点,斐波短中多头 + RSI金叉,2857,0.2036,0.1658,1.228,0.5002,0.449,0.0512,L2
全部卖点,斐波短中多头 + RSI6超卖,253,0.015,0.0172,0.871,0.415,0.449,-0.034,L2
全部卖点,斐波短中多头 + RSI底背离,65,0.0058,0.0028,2.096,0.6308,0.449,0.1818,L2
全部卖点,斐波短中多头 + 威科夫得分大于4,7135,0.5244,0.401,1.308,0.5159,0.449,0.0669,L2
全部卖点,斐波短中多头 + 威科夫得分大于7,5912,0.4478,0.3215,1.393,0.5316,0.449,0.0826,L2
全部卖点,斐波短中多头 + 积累阶段,84,0.004,0.0065,0.614,0.3333,0.449,-0.1157,L2
全部卖点,斐波短中多头 + 黄金柱,572,0.037,0.0362,1.023,0.4545,0.449,0.0055,L2
全部卖点,斐波短中多头 + 量能金叉,2151,0.1493,0.1281,1.166,0.4872,0.449,0.0382,L2
全部卖点,斐波短中多头 + 六脉红灯大于5,7550,0.569,0.4129,1.378,0.529,0.449,0.08,L2
全部卖点,斐波短中多头 + 六脉红灯大于6,7162,0.5424,0.3895,1.392,0.5316,0.449,0.0825,L2
全部卖点,斐波短中多头 + 六脉6红首发,7162,0.5424,0.3895,1.392,0.5316,0.449,0.0825,L2
全部卖点,斐波短中多头 + 六脉5红首发,7550,0.569,0.4129,1.378,0.529,0.449,0.08,L2
全部卖点,斐波短中多头 + 偏多共振,4167,0.3348,0.211,1.587,0.564,0.449,0.1149,L2
全部卖点,斐波短中多头 + 多头共振,4165,0.3347,0.2108,1.587,0.564,0.449,0.115,L2
全部卖点,斐波短中多头 + 火箭信号,1376,0.1366,0.0484,2.822,0.6969,0.449,0.2479,L2
全部卖点,斐波短中多头 + 二连板,326,0.0363,0.0082,4.407,0.7822,0.449,0.3332,L2
全部卖点,斐波短中多头 + 二次涨停,301,0.0311,0.0096,3.223,0.7243,0.449,0.2752,L2
全部卖点,斐波短中多头 + 纳财,908,0.0722,0.0466,1.551,0.5584,0.449,0.1094,L2
全部卖点,斐波短中多头 + 中枢进机会区,187,0.015,0.0095,1.571,0.5615,0.449,0.1125,L2
全部卖点,斐波短中多头 + 中枢极限底,97,0.0071,0.0055,1.305,0.5155,0.449,0.0664,L2
全部卖点,斐波短中多头 + 中枢上穿中轴,825,0.0698,0.0389,1.795,0.5939,0.449,0.1449,L2
全部卖点,斐波短中多头 + 中枢底部回升,100,0.0095,0.0038,2.491,0.67,0.449,0.221,L2
全部卖点,斐波短中多头 + 大盘多头,4851,0.3452,0.2819,1.225,0.4995,0.449,0.0505,L2
全部卖点,斐波短中多头 + 大盘空头,1923,0.1579,0.0946,1.668,0.5762,0.449,0.1272,L2
全部卖点,斐波短中多头 + 大盘安全,6465,0.4816,0.3582,1.344,0.5228,0.449,0.0738,L2
全部卖点,斐波短中多头 + SID等于1,4851,0.3452,0.2819,1.225,0.4995,0.449,0.0505,L2
全部卖点,斐波短中多头 + SID等于2,4515,0.352,0.2373,1.483,0.5473,0.449,0.0983,L2
全部卖点,斐波短中多头 + SID小于等于2,7238,0.5385,0.4015,1.341,0.5222,0.449,0.0732,L2
全部卖点,斐波短中多头 + 大盘5日上涨,7046,0.5287,0.3872,1.365,0.5267,0.449,0.0777,L2
全部卖点,斐波短中多头 + 相对强弱大于0,7843,0.5908,0.4291,1.377,0.5288,0.449,0.0797,L2
全部卖点,斐波短中多头 + 相对强弱大于5,6183,0.5019,0.3088,1.625,0.5698,0.449,0.1208,L2
全部卖点,斐波短中多头 + 量比>=1.3,3649,0.2902,0.1872,1.551,0.5582,0.449,0.1092,L2
全部卖点,斐波短中多头 + 量比>=2,1701,0.146,0.0785,1.861,0.6026,0.449,0.1536,L2
全部卖点,斐波短中多头 + 距前高<=10%,7162,0.5303,0.3994,1.328,0.5197,0.449,0.0707,L2
全部卖点,斐波短中多头 + 距前低<=10%,211,0.0114,0.0152,0.749,0.3791,0.449,-0.0699,L2
全部卖点,斐波短中多头 + 相对强弱>=0,7506,0.572,0.4053,1.411,0.5349,0.449,0.0859,L2
全部卖点,斐波短中多头 + 相对强弱>=5,5181,0.434,0.2479,1.751,0.5879,0.449,0.1389,L2
全部卖点,斐波长多头 + 斐波全多头,1669,0.1475,0.0736,2.003,0.6201,0.449,0.1711,L2
全部卖点,斐波长多头 + MA55上穿MA89,138,0.0138,0.0048,2.903,0.7029,0.449,0.2539,L2
全部卖点,斐波长多头 + 放量,2242,0.1871,0.1079,1.734,0.5856,0.449,0.1366,L2
全部卖点,斐波长多头 + 缩量,1628,0.1225,0.0892,1.374,0.5283,0.449,0.0792,L2
全部卖点,斐波长多头 + 量比大于1,2304,0.1908,0.112,1.703,0.5812,0.449,0.1321,L2
全部卖点,斐波长多头 + 量比大于1_3,1920,0.164,0.0893,1.837,0.5995,0.449,0.1505,L2
全部卖点,斐波长多头 + 量比大于2,1068,0.0999,0.0426,2.344,0.6564,0.449,0.2074,L2
全部卖点,斐波长多头 + 量能递增,2194,0.1851,0.1039,1.781,0.5921,0.449,0.1431,L2
全部卖点,斐波长多头 + 价涨量增,2062,0.174,0.0976,1.782,0.5921,0.449,0.1431,L2
全部卖点,斐波长多头 + 价涨量缩,1424,0.1134,0.0729,1.555,0.559,0.449,0.11,L2
全部卖点,斐波长多头 + MACD_DIF大于0,2258,0.1929,0.105,1.838,0.5996,0.449,0.1506,L2
全部卖点,斐波长多头 + MACD金叉态,2334,0.1939,0.113,1.716,0.5831,0.449,0.1341,L2
全部卖点,斐波长多头 + MACD柱递增,2020,0.1732,0.0933,1.856,0.602,0.449,0.153,L2
全部卖点,斐波长多头 + MACD零轴上金叉,485,0.0433,0.021,2.061,0.6268,0.449,0.1778,L2
全部卖点,斐波长多头 + MACD底背离,69,0.0058,0.0033,1.797,0.5942,0.449,0.1452,L2
全部卖点,斐波长多头 + BOLL收上中轨,2393,0.198,0.1165,1.701,0.5809,0.449,0.1318,L2
全部卖点,斐波长多头 + BOLL突破上轨,1513,0.1403,0.0613,2.289,0.651,0.449,0.202,L2
全部卖点,斐波长多头 + BOLL触下轨反弹,79,0.0066,0.0038,1.711,0.5823,0.449,0.1333,L2
全部卖点,斐波长多头 + BOLL开口扩张,2237,0.1903,0.1046,1.82,0.5972,0.449,0.1482,L2
全部卖点,斐波长多头 + KDJ金叉态,2284,0.1906,0.1098,1.736,0.5858,0.449,0.1368,L2
全部卖点,斐波长多头 + KDJ_J超卖,439,0.0346,0.0228,1.521,0.5535,0.449,0.1045,L2
全部卖点,斐波长多头 + KDJ_D小于30,53,0.0047,0.0023,2.025,0.6226,0.449,0.1736,L2
全部卖点,斐波长多头 + RSI6大于50,2398,0.1979,0.1171,1.689,0.5792,0.449,0.1302,L2
全部卖点,斐波长多头 + RSI金叉,831,0.069,0.0403,1.712,0.5824,0.449,0.1334,L2
全部卖点,斐波长多头 + RSI6超卖,81,0.0057,0.0048,1.197,0.4938,0.449,0.0448,L2
全部卖点,斐波长多头 + 威科夫得分大于4,2342,0.1945,0.1134,1.714,0.5828,0.449,0.1338,L2
全部卖点,斐波长多头 + 威科夫得分大于7,2131,0.1785,0.1019,1.751,0.588,0.449,0.139,L2
全部卖点,斐波长多头 + 积累阶段,76,0.0043,0.0053,0.8,0.3947,0.449,-0.0543,L2
全部卖点,斐波长多头 + 黄金柱,160,0.0123,0.0086,1.426,0.5375,0.449,0.0885,L2
全部卖点,斐波长多头 + 量能金叉,760,0.0641,0.036,1.781,0.5921,0.449,0.1431,L2
全部卖点,斐波长多头 + 六脉红灯大于5,2276,0.1901,0.1094,1.738,0.5861,0.449,0.1371,L2
全部卖点,斐波长多头 + 六脉红灯大于6,2184,0.1845,0.1032,1.788,0.5929,0.449,0.1439,L2
全部卖点,斐波长多头 + 六脉6红首发,2184,0.1845,0.1032,1.788,0.5929,0.449,0.1439,L2
全部卖点,斐波长多头 + 六脉5红首发,2276,0.1901,0.1094,1.738,0.5861,0.449,0.1371,L2
全部卖点,斐波长多头 + 偏多共振,2122,0.1819,0.0981,1.854,0.6018,0.449,0.1528,L2
全部卖点,斐波长多头 + 多头共振,2121,0.1819,0.098,1.857,0.6021,0.449,0.1531,L2
全部卖点,斐波长多头 + 火箭信号,461,0.0514,0.0116,4.43,0.7831,0.449,0.3341,L2
全部卖点,斐波长多头 + 二连板,105,0.0124,0.0021,5.931,0.8286,0.449,0.3796,L2
全部卖点,斐波长多头 + 二次涨停,92,0.01,0.0026,3.904,0.7609,0.449,0.3119,L2
全部卖点,斐波长多头 + 纳财,313,0.0264,0.0149,1.774,0.5911,0.449,0.142,L2
全部卖点,斐波长多头 + 中枢进机会区,102,0.0085,0.0049,1.753,0.5882,0.449,0.1392,L2
全部卖点,斐波长多头 + 中枢上穿中轴,456,0.0412,0.0194,2.124,0.6338,0.449,0.1848,L2
全部卖点,斐波长多头 + 中枢底部蓄力,91,0.0063,0.0055,1.149,0.4835,0.449,0.0345,L2
全部卖点,斐波长多头 + 中枢底部回升,135,0.0107,0.007,1.534,0.5556,0.449,0.1065,L2
全部卖点,斐波长多头 + 大盘多头,1410,0.117,0.0684,1.71,0.5823,0.449,0.1333,L2
全部卖点,斐波长多头 + 大盘空头,584,0.053,0.0246,2.153,0.637,0.449,0.188,L2
全部卖点,斐波长多头 + 大盘安全,2014,0.1621,0.1017,1.594,0.565,0.449,0.116,L2
全部卖点,斐波长多头 + SID等于1,1410,0.117,0.0684,1.71,0.5823,0.449,0.1333,L2
全部卖点,斐波长多头 + SID等于2,1413,0.1163,0.0693,1.677,0.5775,0.449,0.1285,L2
全部卖点,斐波长多头 + SID小于等于2,2182,0.1778,0.1084,1.64,0.572,0.449,0.1229,L2
全部卖点,斐波长多头 + 大盘5日上涨,2195,0.1795,0.1086,1.654,0.574,0.449,0.125,L2
全部卖点,斐波长多头 + 相对强弱大于0,2316,0.193,0.1116,1.73,0.5851,0.449,0.136,L2
全部卖点,斐波长多头 + 相对强弱大于5,1847,0.1687,0.077,2.191,0.641,0.449,0.192,L2
全部卖点,斐波长多头 + 量比>=1.3,1114,0.1023,0.046,2.225,0.6445,0.449,0.1955,L2
全部卖点,斐波长多头 + 量比>=2,533,0.0544,0.0175,3.104,0.7167,0.449,0.2677,L2
全部卖点,斐波长多头 + 距前高<=10%,1884,0.1617,0.087,1.859,0.6024,0.449,0.1534,L2
全部卖点,斐波长多头 + 距前低<=10%,117,0.005,0.0095,0.524,0.2991,0.449,-0.1499,L2
全部卖点,斐波长多头 + 相对强弱>=0,2193,0.1862,0.1029,1.81,0.596,0.449,0.147,L2
全部卖点,斐波长多头 + 相对强弱>=5,1556,0.1469,0.061,2.41,0.6626,0.449,0.2136,L2
全部卖点,斐波全多头 + MA55上穿MA89,113,0.0114,0.0038,2.975,0.708,0.449,0.2589,L2
全部卖点,斐波全多头 + 放量,1556,0.1388,0.0676,2.054,0.626,0.449,0.1769,L2
全部卖点,斐波全多头 + 缩量,1123,0.0929,0.0547,1.699,0.5806,0.449,0.1316,L2
全部卖点,斐波全多头 + 量比大于1,1599,0.1416,0.0702,2.016,0.6216,0.449,0.1726,L2
全部卖点,斐波全多头 + 量比大于1_3,1319,0.1198,0.0555,2.159,0.6376,0.449,0.1886,L2
全部卖点,斐波全多头 + 量比大于2,715,0.0691,0.0267,2.588,0.6783,0.449,0.2293,L2
全部卖点,斐波全多头 + 量能递增,1524,0.1365,0.0657,2.077,0.6286,0.449,0.1796,L2
全部卖点,斐波全多头 + 价涨量增,1429,0.1281,0.0615,2.081,0.6291,0.449,0.1801,L2
全部卖点,斐波全多头 + 价涨量缩,986,0.0841,0.046,1.828,0.5984,0.449,0.1494,L2
全部卖点,斐波全多头 + MACD_DIF大于0,1669,0.1475,0.0736,2.003,0.6201,0.449,0.1711,L2
全部卖点,斐波全多头 + MACD金叉态,1625,0.1447,0.0707,2.047,0.6252,0.449,0.1762,L2
全部卖点,斐波全多头 + MACD柱递增,1396,0.1275,0.0582,2.192,0.6411,0.449,0.1921,L2
全部卖点,斐波全多头 + MACD零轴上金叉,402,0.0359,0.0174,2.062,0.6269,0.449,0.1779,L2
全部卖点,斐波全多头 + BOLL收上中轨,1669,0.1475,0.0736,2.003,0.6201,0.449,0.1711,L2
全部卖点,斐波全多头 + BOLL突破上轨,1111,0.1063,0.0424,2.508,0.6715,0.449,0.2225,L2
全部卖点,斐波全多头 + BOLL开口扩张,1583,0.1422,0.0679,2.093,0.6304,0.449,0.1814,L2
全部卖点,斐波全多头 + KDJ金叉态,1585,0.1415,0.0687,2.058,0.6265,0.449,0.1775,L2
全部卖点,斐波全多头 + KDJ_J超卖,294,0.0248,0.0139,1.779,0.5918,0.449,0.1428,L2
全部卖点,斐波全多头 + RSI6大于50,1668,0.1473,0.0736,2.001,0.6199,0.449,0.1709,L2
全部卖点,斐波全多头 + RSI金叉,628,0.0534,0.0294,1.819,0.5971,0.449,0.1481,L2
全部卖点,斐波全多头 + 威科夫得分大于4,1666,0.1473,0.0734,2.008,0.6206,0.449,0.1716,L2
全部卖点,斐波全多头 + 威科夫得分大于7,1570,0.1378,0.07,1.968,0.6159,0.449,0.1669,L2
全部卖点,斐波全多头 + 黄金柱,105,0.0081,0.0056,1.457,0.5429,0.449,0.0938,L2
全部卖点,斐波全多头 + 量能金叉,489,0.0417,0.0228,1.834,0.5992,0.449,0.1502,L2
全部卖点,斐波全多头 + 六脉红灯大于5,1577,0.1412,0.068,2.075,0.6284,0.449,0.1794,L2
全部卖点,斐波全多头 + 六脉红灯大于6,1503,0.1362,0.0635,2.145,0.6361,0.449,0.187,L2
全部卖点,斐波全多头 + 六脉6红首发,1503,0.1362,0.0635,2.145,0.6361,0.449,0.187,L2
全部卖点,斐波全多头 + 六脉5红首发,1577,0.1412,0.068,2.075,0.6284,0.449,0.1794,L2
全部卖点,斐波全多头 + 偏多共振,1645,0.1452,0.0727,1.997,0.6195,0.449,0.1704,L2
全部卖点,斐波全多头 + 多头共振,1645,0.1452,0.0727,1.997,0.6195,0.449,0.1704,L2
全部卖点,斐波全多头 + 火箭信号,347,0.0396,0.008,4.944,0.8012,0.449,0.3521,L2
全部卖点,斐波全多头 + 二连板,82,0.01,0.0014,7.158,0.8537,0.449,0.4046,L2
全部卖点,斐波全多头 + 二次涨停,73,0.008,0.002,4.042,0.7671,0.449,0.3181,L2
全部卖点,斐波全多头 + 纳财,209,0.0194,0.0085,2.286,0.6507,0.449,0.2017,L2
全部卖点,斐波全多头 + 中枢上穿中轴,194,0.0197,0.0065,3.024,0.7113,0.449,0.2623,L2
全部卖点,斐波全多头 + 大盘多头,1073,0.0916,0.0499,1.835,0.5993,0.449,0.1502,L2
全部卖点,斐波全多头 + 大盘空头,376,0.0365,0.0139,2.618,0.6809,0.449,0.2318,L2
全部卖点,斐波全多头 + 大盘安全,1396,0.121,0.0635,1.905,0.6082,0.449,0.1592,L2
全部卖点,斐波全多头 + SID等于1,1073,0.0916,0.0499,1.835,0.5993,0.449,0.1502,L2
全部卖点,斐波全多头 + SID等于2,902,0.0825,0.0375,2.2,0.6419,0.449,0.1929,L2
全部卖点,斐波全多头 + SID小于等于2,1519,0.1328,0.0682,1.948,0.6136,0.449,0.1645,L2
全部卖点,斐波全多头 + 大盘5日上涨,1515,0.1332,0.0673,1.978,0.6172,0.449,0.1681,L2
全部卖点,斐波全多头 + 相对强弱大于0,1640,0.1459,0.0715,2.04,0.6244,0.449,0.1754,L2
全部卖点,斐波全多头 + 相对强弱大于5,1383,0.1316,0.0533,2.47,0.6681,0.449,0.2191,L2
全部卖点,斐波全多头 + 量比>=1.3,743,0.0718,0.0277,2.588,0.6783,0.449,0.2293,L2
全部卖点,斐波全多头 + 量比>=2,343,0.0362,0.0103,3.502,0.7405,0.449,0.2915,L2
全部卖点,斐波全多头 + 距前高<=10%,1479,0.1275,0.0678,1.881,0.6051,0.449,0.1561,L2
全部卖点,斐波全多头 + 相对强弱>=0,1576,0.1418,0.0675,2.101,0.6313,0.449,0.1823,L2
全部卖点,斐波全多头 + 相对强弱>=5,1176,0.1154,0.0425,2.716,0.6888,0.449,0.2398,L2
全部卖点,MA55上穿MA89 + 放量,795,0.0631,0.0409,1.544,0.5572,0.449,0.1082,L2
全部卖点,MA55上穿MA89 + 缩量,504,0.0382,0.0274,1.393,0.5317,0.449,0.0827,L2
全部卖点,MA55上穿MA89 + 量比大于1,810,0.064,0.0419,1.526,0.5543,0.449,0.1053,L2
全部卖点,MA55上穿MA89 + 量比大于1_3,709,0.0561,0.0366,1.535,0.5557,0.449,0.1067,L2
全部卖点,MA55上穿MA89 + 量比大于2,461,0.039,0.0217,1.798,0.5944,0.449,0.1453,L2
全部卖点,MA55上穿MA89 + 量能递增,797,0.0634,0.0409,1.551,0.5583,0.449,0.1093,L2
全部卖点,MA55上穿MA89 + 价涨量增,758,0.0604,0.0388,1.558,0.5594,0.449,0.1104,L2
全部卖点,MA55上穿MA89 + 价涨量缩,490,0.0386,0.0254,1.518,0.5531,0.449,0.104,L2
全部卖点,MA55上穿MA89 + MACD_DIF大于0,832,0.0661,0.0427,1.547,0.5577,0.449,0.1087,L2
全部卖点,MA55上穿MA89 + MACD金叉态,834,0.066,0.0431,1.531,0.5552,0.449,0.1061,L2
全部卖点,MA55上穿MA89 + MACD柱递增,719,0.0571,0.0369,1.547,0.5577,0.449,0.1087,L2
全部卖点,MA55上穿MA89 + MACD零轴上金叉,143,0.0113,0.0074,1.515,0.5524,0.449,0.1034,L2
全部卖点,MA55上穿MA89 + BOLL收上中轨,846,0.0665,0.044,1.512,0.552,0.449,0.103,L2
全部卖点,MA55上穿MA89 + BOLL突破上轨,571,0.0476,0.0275,1.729,0.5849,0.449,0.1359,L2
全部卖点,MA55上穿MA89 + BOLL开口扩张,806,0.0638,0.0416,1.536,0.5558,0.449,0.1068,L2
全部卖点,MA55上穿MA89 + KDJ金叉态,814,0.0635,0.0427,1.487,0.5479,0.449,0.0989,L2
全部卖点,MA55上穿MA89 + KDJ_J超卖,140,0.0115,0.0069,1.685,0.5786,0.449,0.1296,L2
全部卖点,MA55上穿MA89 + RSI6大于50,847,0.0665,0.0441,1.508,0.5514,0.449,0.1023,L2
全部卖点,MA55上穿MA89 + RSI金叉,290,0.0229,0.015,1.531,0.5552,0.449,0.1062,L2
全部卖点,MA55上穿MA89 + 威科夫得分大于4,731,0.0583,0.0374,1.559,0.5595,0.449,0.1105,L2
全部卖点,MA55上穿MA89 + 威科夫得分大于7,530,0.0429,0.0266,1.613,0.5679,0.449,0.1189,L2
全部卖点,MA55上穿MA89 + 黄金柱,60,0.0044,0.0034,1.312,0.5167,0.449,0.0677,L2
全部卖点,MA55上穿MA89 + 量能金叉,225,0.0175,0.0118,1.48,0.5467,0.449,0.0977,L2
全部卖点,MA55上穿MA89 + 六脉红灯大于5,816,0.0635,0.043,1.479,0.5466,0.449,0.0976,L2
全部卖点,MA55上穿MA89 + 六脉红灯大于6,782,0.0608,0.0412,1.476,0.546,0.449,0.097,L2
全部卖点,MA55上穿MA89 + 六脉6红首发,782,0.0608,0.0412,1.476,0.546,0.449,0.097,L2
全部卖点,MA55上穿MA89 + 六脉5红首发,816,0.0635,0.043,1.479,0.5466,0.449,0.0976,L2
全部卖点,MA55上穿MA89 + 偏多共振,343,0.0305,0.015,2.036,0.6239,0.449,0.1749,L2
全部卖点,MA55上穿MA89 + 多头共振,343,0.0305,0.015,2.036,0.6239,0.449,0.1749,L2
全部卖点,MA55上穿MA89 + 火箭信号,175,0.0171,0.0064,2.677,0.6857,0.449,0.2367,L2
全部卖点,MA55上穿MA89 + 二连板,53,0.0058,0.0014,4.193,0.7736,0.449,0.3246,L2
全部卖点,MA55上穿MA89 + 纳财,111,0.0091,0.0055,1.671,0.5766,0.449,0.1276,L2
全部卖点,MA55上穿MA89 + 中枢上穿中轴,133,0.0118,0.0058,2.037,0.6241,0.449,0.175,L2
全部卖点,MA55上穿MA89 + 大盘多头,469,0.0363,0.0248,1.462,0.5437,0.449,0.0947,L2
全部卖点,MA55上穿MA89 + 大盘空头,220,0.0178,0.011,1.615,0.5682,0.449,0.1192,L2
全部卖点,MA55上穿MA89 + 大盘安全,668,0.0529,0.0345,1.533,0.5554,0.449,0.1064,L2
全部卖点,MA55上穿MA89 + SID等于1,469,0.0363,0.0248,1.462,0.5437,0.449,0.0947,L2
全部卖点,MA55上穿MA89 + SID等于2,518,0.0422,0.0258,1.636,0.5714,0.449,0.1224,L2
全部卖点,MA55上穿MA89 + SID小于等于2,755,0.0591,0.0395,1.498,0.5497,0.449,0.1007,L2
全部卖点,MA55上穿MA89 + 大盘5日上涨,740,0.0584,0.0383,1.525,0.5541,0.449,0.105,L2
全部卖点,MA55上穿MA89 + 相对强弱大于0,826,0.0647,0.0432,1.498,0.5496,0.449,0.1006,L2
全部卖点,MA55上穿MA89 + 相对强弱大于5,670,0.0561,0.032,1.752,0.5881,0.449,0.139,L2
全部卖点,MA55上穿MA89 + 量比>=1.3,431,0.0365,0.0203,1.795,0.594,0.449,0.145,L2
全部卖点,MA55上穿MA89 + 量比>=2,239,0.0215,0.0102,2.106,0.6318,0.449,0.1828,L2
全部卖点,MA55上穿MA89 + 距前高<=10%,742,0.058,0.0389,1.491,0.5485,0.449,0.0995,L2
全部卖点,MA55上穿MA89 + 相对强弱>=0,801,0.0631,0.0416,1.518,0.5531,0.449,0.104,L2
全部卖点,MA55上穿MA89 + 相对强弱>=5,582,0.0501,0.0267,1.878,0.6048,0.449,0.1558,L2
全部卖点,放量 + 缩量,9176,0.5581,0.6106,0.914,0.4269,0.449,-0.0221,L2
全部卖点,放量 + 量比大于1,14357,0.9335,0.9062,1.03,0.4564,0.449,0.0073,L2
全部卖点,放量 + 量比大于1_3,12584,0.8316,0.7834,1.062,0.4638,0.449,0.0148,L2
全部卖点,放量 + 量比大于2,7487,0.5308,0.4367,1.216,0.4977,0.449,0.0486,L2
全部卖点,放量 + 量能递增,13569,0.8954,0.8457,1.059,0.4632,0.449,0.0142,L2
全部卖点,放量 + 价涨量增,13549,0.8853,0.8516,1.04,0.4586,0.449,0.0096,L2
全部卖点,放量 + 价涨量缩,8334,0.5296,0.5361,0.988,0.446,0.449,-0.003,L2
全部卖点,放量 + MACD_DIF大于0,13042,0.8867,0.7916,1.12,0.4772,0.449,0.0282,L2
全部卖点,放量 + MACD金叉态,14199,0.9258,0.8941,1.035,0.4576,0.449,0.0086,L2
全部卖点,放量 + MACD柱递增,12128,0.8119,0.7464,1.088,0.4699,0.449,0.0209,L2
全部卖点,放量 + MACD零轴上金叉,1928,0.1452,0.1055,1.376,0.5285,0.449,0.0795,L2
全部卖点,放量 + MACD底背离,324,0.0219,0.0197,1.112,0.4753,0.449,0.0263,L2
全部卖点,放量 + BOLL收上中轨,14429,0.9387,0.9103,1.031,0.4566,0.449,0.0076,L2
全部卖点,放量 + BOLL突破上轨,8804,0.6386,0.5018,1.273,0.5091,0.449,0.0601,L2
全部卖点,放量 + BOLL触下轨反弹,529,0.0301,0.0369,0.814,0.3989,0.449,-0.0501,L2
全部卖点,放量 + BOLL开口扩张,13606,0.8996,0.8466,1.063,0.4641,0.449,0.015,L2
全部卖点,放量 + KDJ金叉态,13730,0.8967,0.8633,1.039,0.4584,0.449,0.0094,L2
全部卖点,放量 + KDJ_J超卖,2593,0.1604,0.1703,0.942,0.4342,0.449,-0.0148,L2
全部卖点,放量 + KDJ低位金叉,71,0.0047,0.0044,1.066,0.4648,0.449,0.0158,L2
全部卖点,放量 + KDJ_D小于30,377,0.0262,0.0224,1.17,0.4881,0.449,0.039,L2
全部卖点,放量 + RSI6大于50,14459,0.9396,0.913,1.029,0.4561,0.449,0.0071,L2
全部卖点,放量 + RSI金叉,4499,0.2906,0.2855,1.018,0.4534,0.449,0.0044,L2
全部卖点,放量 + RSI6超卖,517,0.0278,0.0374,0.743,0.3772,0.449,-0.0718,L2
全部卖点,放量 + RSI底背离,259,0.0175,0.0158,1.11,0.4749,0.449,0.0259,L2
全部卖点,放量 + 威科夫得分大于4,10723,0.7141,0.6631,1.077,0.4674,0.449,0.0184,L2
全部卖点,放量 + 威科夫得分大于7,7736,0.5602,0.4417,1.268,0.5083,0.449,0.0593,L2
全部卖点,放量 + 积累阶段,1626,0.0574,0.142,0.404,0.2478,0.449,-0.2012,L2
全部卖点,放量 + 威科夫B1突破,401,0.0201,0.0302,0.665,0.3516,0.449,-0.0974,L2
全部卖点,放量 + 黄金柱,1258,0.071,0.0882,0.804,0.3959,0.449,-0.0531,L2
全部卖点,放量 + 量能金叉,4977,0.3009,0.3326,0.905,0.4244,0.449,-0.0247,L2
全部卖点,放量 + 六脉红灯大于5,13809,0.9035,0.8669,1.042,0.4593,0.449,0.0103,L2
全部卖点,放量 + 六脉红灯大于6,13218,0.8682,0.8271,1.05,0.461,0.449,0.012,L2
全部卖点,放量 + 六脉6红首发,13218,0.8682,0.8271,1.05,0.461,0.449,0.012,L2
全部卖点,放量 + 六脉5红首发,13809,0.9035,0.8669,1.042,0.4593,0.449,0.0103,L2
全部卖点,放量 + 偏多共振,4876,0.3917,0.247,1.586,0.5638,0.449,0.1148,L2
全部卖点,放量 + 多头共振,4871,0.3912,0.2467,1.586,0.5637,0.449,0.1147,L2
全部卖点,放量 + 火箭信号,2358,0.2111,0.1017,2.076,0.6285,0.449,0.1795,L2
全部卖点,放量 + 二连板,524,0.053,0.0176,3.003,0.7099,0.449,0.2609,L2
全部卖点,放量 + 二次涨停,416,0.0407,0.0151,2.7,0.6875,0.449,0.2385,L2
全部卖点,放量 + 纳财,1705,0.1173,0.1024,1.145,0.4827,0.449,0.0337,L2
全部卖点,放量 + 中枢进机会区,629,0.037,0.0428,0.865,0.4134,0.449,-0.0357,L2
全部卖点,放量 + 中枢极限底,237,0.017,0.0137,1.237,0.5021,0.449,0.0531,L2
全部卖点,放量 + 中枢上穿中轴,3070,0.2003,0.1932,1.037,0.458,0.449,0.009,L2
全部卖点,放量 + 中枢底部蓄力,779,0.0439,0.0547,0.802,0.3954,0.449,-0.0536,L2
全部卖点,放量 + 中枢底部回升,1077,0.0625,0.0741,0.844,0.4076,0.449,-0.0414,L2
全部卖点,放量 + 大盘多头,7626,0.4976,0.4799,1.037,0.458,0.449,0.009,L2
全部卖点,放量 + 大盘空头,4384,0.2821,0.2791,1.011,0.4516,0.449,0.0026,L2
全部卖点,放量 + 大盘安全,11161,0.7468,0.6872,1.087,0.4697,0.449,0.0207,L2
全部卖点,放量 + SID等于1,7626,0.4976,0.4799,1.037,0.458,0.449,0.009,L2
全部卖点,放量 + SID等于2,8561,0.5826,0.5192,1.122,0.4776,0.449,0.0286,L2
全部卖点,放量 + SID小于等于2,12416,0.8312,0.7642,1.088,0.4699,0.449,0.0209,L2
全部卖点,放量 + 大盘5日上涨,12761,0.8336,0.8023,1.039,0.4585,0.449,0.0095,L2
全部卖点,放量 + 相对强弱大于0,14003,0.9182,0.8775,1.046,0.4603,0.449,0.0112,L2
全部卖点,放量 + 相对强弱大于5,10461,0.7508,0.6027,1.246,0.5038,0.449,0.0548,L2
全部卖点,放量 + 量比>=1.3,7399,0.5102,0.4433,1.151,0.484,0.449,0.035,L2
全部卖点,放量 + 量比>=2,3709,0.2757,0.206,1.338,0.5217,0.449,0.0727,L2
全部卖点,放量 + 距前高<=10%,10249,0.7391,0.5876,1.258,0.5062,0.449,0.0572,L2
全部卖点,放量 + 距前低<=10%,1573,0.064,0.1305,0.49,0.2854,0.449,-0.1636,L2
全部卖点,放量 + 相对强弱>=0,13301,0.8825,0.8251,1.069,0.4657,0.449,0.0167,L2
全部卖点,放量 + 相对强弱>=5,8761,0.6491,0.4882,1.33,0.52,0.449,0.071,L2
全部卖点,缩量 + 量比大于1,9650,0.5801,0.6476,0.896,0.422,0.449,-0.027,L2
全部卖点,缩量 + 量比大于1_3,7581,0.4666,0.4999,0.933,0.432,0.449,-0.017,L2
全部卖点,缩量 + 量比大于2,3518,0.2372,0.2151,1.103,0.4733,0.449,0.0243,L2
全部卖点,缩量 + 量能递增,8873,0.5457,0.5855,0.932,0.4316,0.449,-0.0174,L2
全部卖点,缩量 + 价涨量增,8355,0.511,0.5536,0.923,0.4293,0.449,-0.0197,L2
全部卖点,缩量 + 价涨量缩,6925,0.4102,0.4698,0.873,0.4157,0.449,-0.0333,L2
全部卖点,缩量 + MACD_DIF大于0,9092,0.5707,0.5905,0.967,0.4406,0.449,-0.0084,L2
全部卖点,缩量 + MACD金叉态,9992,0.5981,0.6727,0.889,0.4201,0.449,-0.0289,L2
全部卖点,缩量 + MACD柱递增,7797,0.4825,0.512,0.942,0.4344,0.449,-0.0146,L2
全部卖点,缩量 + MACD零轴上金叉,1253,0.0906,0.0716,1.265,0.5076,0.449,0.0586,L2
全部卖点,缩量 + MACD底背离,188,0.0115,0.0124,0.929,0.4309,0.449,-0.0182,L2
全部卖点,缩量 + BOLL收上中轨,10233,0.6123,0.6891,0.889,0.42,0.449,-0.029,L2
全部卖点,缩量 + BOLL突破上轨,4648,0.3154,0.2826,1.116,0.4763,0.449,0.0273,L2
全部卖点,缩量 + BOLL触下轨反弹,347,0.0181,0.0255,0.708,0.366,0.449,-0.083,L2
全部卖点,缩量 + BOLL开口扩张,9244,0.5655,0.6124,0.923,0.4294,0.449,-0.0197,L2
全部卖点,缩量 + KDJ金叉态,9589,0.5742,0.6454,0.89,0.4203,0.449,-0.0287,L2
全部卖点,缩量 + KDJ_J超卖,1948,0.114,0.1333,0.855,0.4107,0.449,-0.0383,L2
全部卖点,缩量 + KDJ_D小于30,258,0.0164,0.0166,0.987,0.4457,0.449,-0.0033,L2
全部卖点,缩量 + RSI6大于50,10269,0.6133,0.6924,0.886,0.4192,0.449,-0.0298,L2
全部卖点,缩量 + RSI金叉,3287,0.1999,0.2187,0.914,0.4268,0.449,-0.0222,L2
全部卖点,缩量 + RSI6超卖,340,0.018,0.0248,0.722,0.3706,0.449,-0.0784,L2
全部卖点,缩量 + RSI底背离,148,0.0091,0.0098,0.935,0.4324,0.449,-0.0166,L2
全部卖点,缩量 + 威科夫得分大于4,7477,0.4625,0.4912,0.941,0.4341,0.449,-0.0149,L2
全部卖点,缩量 + 威科夫得分大于7,5121,0.3425,0.3155,1.086,0.4694,0.449,0.0204,L2
全部卖点,缩量 + 积累阶段,1365,0.0467,0.1204,0.388,0.2403,0.449,-0.2087,L2
全部卖点,缩量 + 威科夫B1突破,165,0.0084,0.0123,0.683,0.3576,0.449,-0.0914,L2
全部卖点,缩量 + 黄金柱,847,0.0442,0.0623,0.708,0.366,0.449,-0.083,L2
全部卖点,缩量 + 量能金叉,2971,0.1732,0.2038,0.85,0.4093,0.449,-0.0397,L2
全部卖点,缩量 + 六脉红灯大于5,9613,0.5769,0.646,0.893,0.4212,0.449,-0.0278,L2
全部卖点,缩量 + 六脉红灯大于6,9056,0.5445,0.6077,0.896,0.422,0.449,-0.027,L2
全部卖点,缩量 + 六脉6红首发,9056,0.5445,0.6077,0.896,0.422,0.449,-0.027,L2
全部卖点,缩量 + 六脉5红首发,9613,0.5769,0.646,0.893,0.4212,0.449,-0.0278,L2
全部卖点,缩量 + 偏多共振,3469,0.2567,0.1935,1.326,0.5195,0.449,0.0704,L2
全部卖点,缩量 + 多头共振,3464,0.2563,0.1933,1.326,0.5193,0.449,0.0703,L2
全部卖点,缩量 + 火箭信号,707,0.0641,0.0298,2.149,0.6365,0.449,0.1875,L2
全部卖点,缩量 + 二连板,127,0.0128,0.0043,2.985,0.7087,0.449,0.2596,L2
全部卖点,缩量 + 二次涨停,180,0.0177,0.0065,2.717,0.6889,0.449,0.2399,L2
全部卖点,缩量 + 纳财,1037,0.0657,0.0669,0.982,0.4446,0.449,-0.0045,L2
全部卖点,缩量 + 中枢进机会区,379,0.0187,0.0288,0.648,0.3456,0.449,-0.1034,L2
全部卖点,缩量 + 中枢极限底,122,0.0083,0.0074,1.112,0.4754,0.449,0.0264,L2
全部卖点,缩量 + 中枢上穿中轴,1668,0.098,0.1138,0.861,0.4125,0.449,-0.0365,L2
全部卖点,缩量 + 中枢底部蓄力,474,0.0231,0.0362,0.637,0.3418,0.449,-0.1072,L2
全部卖点,缩量 + 中枢底部回升,640,0.0323,0.048,0.674,0.3547,0.449,-0.0943,L2
全部卖点,缩量 + 大盘多头,5476,0.328,0.3685,0.89,0.4204,0.449,-0.0286,L2
全部卖点,缩量 + 大盘空头,2972,0.1762,0.2014,0.875,0.4162,0.449,-0.0328,L2
全部卖点,缩量 + 大盘安全,8230,0.5088,0.5409,0.941,0.4339,0.449,-0.0151,L2
全部卖点,缩量 + SID等于1,5476,0.328,0.3685,0.89,0.4204,0.449,-0.0286,L2
全部卖点,缩量 + SID等于2,5955,0.3731,0.3873,0.963,0.4398,0.449,-0.0092,L2
全部卖点,缩量 + SID小于等于2,8952,0.5534,0.5884,0.94,0.4339,0.449,-0.0151,L2
全部卖点,缩量 + 大盘5日上涨,9255,0.5591,0.6189,0.903,0.424,0.449,-0.025,L2
全部卖点,缩量 + 相对强弱大于0,9976,0.6015,0.6681,0.9,0.4232,0.449,-0.0258,L2
全部卖点,缩量 + 相对强弱大于5,6835,0.4572,0.421,1.086,0.4695,0.449,0.0205,L2
全部卖点,缩量 + 量比>=1.3,3634,0.2299,0.2345,0.98,0.4441,0.449,-0.0049,L2
全部卖点,缩量 + 量比>=2,1420,0.1053,0.0791,1.332,0.5204,0.449,0.0714,L2
全部卖点,缩量 + 距前高<=10%,7119,0.4821,0.4336,1.112,0.4753,0.449,0.0263,L2
全部卖点,缩量 + 距前低<=10%,1339,0.0537,0.1117,0.481,0.2816,0.449,-0.1675,L2
全部卖点,缩量 + 相对强弱>=0,9346,0.57,0.6206,0.919,0.4281,0.449,-0.0209,L2
全部卖点,缩量 + 相对强弱>=5,5396,0.3717,0.3236,1.149,0.4835,0.449,0.0345,L2
全部卖点,量比大于1 + 量比大于1_3,12679,0.8363,0.7905,1.058,0.463,0.449,0.014,L2
全部卖点,量比大于1 + 量比大于2,7490,0.5311,0.4368,1.216,0.4977,0.449,0.0487,L2
全部卖点,量比大于1 + 量能递增,13635,0.8988,0.8506,1.057,0.4627,0.449,0.0137,L2
全部卖点,量比大于1 + 价涨量增,13481,0.8815,0.8469,1.041,0.4589,0.449,0.0099,L2
全部卖点,量比大于1 + 价涨量缩,8742,0.5497,0.567,0.969,0.4413,0.449,-0.0077,L2
全部卖点,量比大于1 + MACD_DIF大于0,13456,0.907,0.8232,1.102,0.4731,0.449,0.0241,L2
全部卖点,量比大于1 + MACD金叉态,14654,0.9471,0.9295,1.019,0.4537,0.449,0.0046,L2
全部卖点,量比大于1 + MACD柱递增,12418,0.8286,0.7665,1.081,0.4684,0.449,0.0193,L2
全部卖点,量比大于1 + MACD零轴上金叉,1952,0.1467,0.107,1.371,0.5277,0.449,0.0786,L2
全部卖点,量比大于1 + MACD底背离,330,0.0221,0.0203,1.087,0.4697,0.449,0.0207,L2
全部卖点,量比大于1 + BOLL收上中轨,14911,0.9621,0.9472,1.016,0.4529,0.449,0.0039,L2
全部卖点,量比大于1 + BOLL突破上轨,8877,0.6421,0.5074,1.266,0.5077,0.449,0.0587,L2
全部卖点,量比大于1 + BOLL触下轨反弹,534,0.0302,0.0374,0.808,0.397,0.449,-0.052,L2
全部卖点,量比大于1 + BOLL开口扩张,13927,0.9152,0.8711,1.051,0.4613,0.449,0.0122,L2
全部卖点,量比大于1 + KDJ金叉态,14183,0.9186,0.8981,1.023,0.4546,0.449,0.0056,L2
全部卖点,量比大于1 + KDJ_J超卖,2673,0.1646,0.1762,0.934,0.4321,0.449,-0.0169,L2
全部卖点,量比大于1 + KDJ低位金叉,73,0.0048,0.0045,1.07,0.4658,0.449,0.0167,L2
全部卖点,量比大于1 + KDJ_D小于30,392,0.0271,0.0235,1.154,0.4847,0.449,0.0357,L2
全部卖点,量比大于1 + RSI6大于50,14947,0.9632,0.9504,1.013,0.4523,0.449,0.0033,L2
全部卖点,量比大于1 + RSI金叉,4665,0.299,0.2979,1.004,0.4499,0.449,0.0009,L2
全部卖点,量比大于1 + RSI6超卖,526,0.0281,0.0382,0.735,0.3745,0.449,-0.0745,L2
全部卖点,量比大于1 + RSI底背离,261,0.0175,0.016,1.094,0.4713,0.449,0.0222,L2
全部卖点,量比大于1 + 威科夫得分大于4,10964,0.7275,0.6801,1.07,0.4657,0.449,0.0167,L2
全部卖点,量比大于1 + 威科夫得分大于7,7865,0.567,0.4511,1.257,0.506,0.449,0.057,L2
全部卖点,量比大于1 + 积累阶段,1748,0.0621,0.1523,0.408,0.2494,0.449,-0.1996,L2
全部卖点,量比大于1 + 威科夫B1突破,399,0.0201,0.03,0.671,0.3534,0.449,-0.0956,L2
全部卖点,量比大于1 + 黄金柱,1261,0.0711,0.0885,0.804,0.3957,0.449,-0.0533,L2
全部卖点,量比大于1 + 量能金叉,5012,0.3033,0.3347,0.906,0.4248,0.449,-0.0242,L2
全部卖点,量比大于1 + 六脉红灯大于5,14253,0.9248,0.9012,1.026,0.4554,0.449,0.0064,L2
全部卖点,量比大于1 + 六脉红灯大于6,13612,0.8873,0.8573,1.035,0.4575,0.449,0.0085,L2
全部卖点,量比大于1 + 六脉6红首发,13612,0.8873,0.8573,1.035,0.4575,0.449,0.0085,L2
全部卖点,量比大于1 + 六脉5红首发,14253,0.9248,0.9012,1.026,0.4554,0.449,0.0064,L2
全部卖点,量比大于1 + 偏多共振,5002,0.3993,0.2553,1.564,0.5604,0.449,0.1114,L2
全部卖点,量比大于1 + 多头共振,4997,0.3989,0.2551,1.564,0.5603,0.449,0.1113,L2
全部卖点,量比大于1 + 火箭信号,2358,0.211,0.1018,2.072,0.6281,0.449,0.1791,L2
全部卖点,量比大于1 + 二连板,524,0.053,0.0176,3.003,0.7099,0.449,0.2609,L2
全部卖点,量比大于1 + 二次涨停,416,0.0406,0.0152,2.67,0.6851,0.449,0.2361,L2
全部卖点,量比大于1 + 纳财,1730,0.1181,0.1046,1.129,0.4792,0.449,0.0302,L2
全部卖点,量比大于1 + 中枢进机会区,639,0.0373,0.0438,0.853,0.41,0.449,-0.039,L2
全部卖点,量比大于1 + 中枢极限底,238,0.017,0.0138,1.227,0.5,0.449,0.051,L2
全部卖点,量比大于1 + 中枢上穿中轴,3111,0.2022,0.1964,1.029,0.4561,0.449,0.0071,L2
全部卖点,量比大于1 + 中枢底部蓄力,794,0.0443,0.0561,0.79,0.3917,0.449,-0.0573,L2
全部卖点,量比大于1 + 中枢底部回升,1091,0.0631,0.0752,0.839,0.406,0.449,-0.043,L2
全部卖点,量比大于1 + 大盘多头,7939,0.5112,0.5052,1.012,0.4519,0.449,0.0029,L2
全部卖点,量比大于1 + 大盘空头,4463,0.2867,0.2846,1.007,0.4508,0.449,0.0018,L2
全部卖点,量比大于1 + 大盘安全,11587,0.7675,0.7198,1.066,0.4649,0.449,0.0159,L2
全部卖点,量比大于1 + SID等于1,7939,0.5112,0.5052,1.012,0.4519,0.449,0.0029,L2
全部卖点,量比大于1 + SID等于2,8851,0.5962,0.5417,1.101,0.4728,0.449,0.0238,L2
全部卖点,量比大于1 + SID小于等于2,12874,0.8537,0.799,1.068,0.4654,0.449,0.0164,L2
全部卖点,量比大于1 + 大盘5日上涨,13225,0.856,0.8379,1.022,0.4543,0.449,0.0053,L2
全部卖点,量比大于1 + 相对强弱大于0,14468,0.9404,0.9134,1.03,0.4562,0.449,0.0072,L2
全部卖点,量比大于1 + 相对强弱大于5,10720,0.7642,0.6219,1.229,0.5004,0.449,0.0514,L2
全部卖点,量比大于1 + 量比>=1.3,7431,0.512,0.4455,1.149,0.4836,0.449,0.0346,L2
全部卖点,量比大于1 + 量比>=2,3711,0.2758,0.2061,1.338,0.5217,0.449,0.0727,L2
全部卖点,量比大于1 + 距前高<=10%,10520,0.7544,0.6066,1.244,0.5033,0.449,0.0543,L2
全部卖点,量比大于1 + 距前低<=10%,1635,0.067,0.1353,0.495,0.2875,0.449,-0.1616,L2
全部卖点,量比大于1 + 相对强弱>=0,13723,0.9024,0.8579,1.052,0.4616,0.449,0.0125,L2
全部卖点,量比大于1 + 相对强弱>=5,8942,0.6581,0.5019,1.311,0.5166,0.449,0.0675,L2
全部卖点,量比大于1_3 + 量比大于2,7490,0.5311,0.4368,1.216,0.4977,0.449,0.0487,L2
全部卖点,量比大于1_3 + 量能递增,11878,0.7957,0.7306,1.089,0.4702,0.449,0.0212,L2
全部卖点,量比大于1_3 + 价涨量增,12047,0.799,0.7476,1.069,0.4655,0.449,0.0165,L2
全部卖点,量比大于1_3 + 价涨量缩,6925,0.4472,0.4396,1.017,0.4533,0.449,0.0043,L2
全部卖点,量比大于1_3 + MACD_DIF大于0,11375,0.7862,0.68,1.156,0.4851,0.449,0.0361,L2
全部卖点,量比大于1_3 + MACD金叉态,12419,0.8219,0.7721,1.065,0.4645,0.449,0.0155,L2
全部卖点,量比大于1_3 + MACD柱递增,10906,0.7397,0.6634,1.115,0.4761,0.449,0.0271,L2
全部卖点,量比大于1_3 + MACD零轴上金叉,1849,0.1405,0.1002,1.402,0.5333,0.449,0.0842,L2
全部卖点,量比大于1_3 + MACD底背离,305,0.0211,0.0182,1.157,0.4852,0.449,0.0362,L2
全部卖点,量比大于1_3 + BOLL收上中轨,12636,0.8347,0.7868,1.061,0.4637,0.449,0.0147,L2
全部卖点,量比大于1_3 + BOLL突破上轨,8180,0.5979,0.4624,1.293,0.5131,0.449,0.0641,L2
全部卖点,量比大于1_3 + BOLL触下轨反弹,491,0.0293,0.0331,0.887,0.4196,0.449,-0.0295,L2
全部卖点,量比大于1_3 + BOLL开口扩张,11922,0.801,0.7315,1.095,0.4716,0.449,0.0226,L2
全部卖点,量比大于1_3 + KDJ金叉态,12046,0.799,0.7475,1.069,0.4655,0.449,0.0165,L2
全部卖点,量比大于1_3 + KDJ_J超卖,2344,0.1486,0.1511,0.984,0.445,0.449,-0.004,L2
全部卖点,量比大于1_3 + KDJ低位金叉,71,0.0047,0.0044,1.066,0.4648,0.449,0.0158,L2
全部卖点,量比大于1_3 + KDJ_D小于30,376,0.0264,0.0222,1.189,0.492,0.449,0.043,L2
全部卖点,量比大于1_3 + RSI6大于50,12663,0.8356,0.7893,1.059,0.4632,0.449,0.0141,L2
全部卖点,量比大于1_3 + RSI金叉,4051,0.2641,0.2551,1.036,0.4577,0.449,0.0086,L2
全部卖点,量比大于1_3 + RSI6超卖,468,0.0259,0.0332,0.781,0.3889,0.449,-0.0601,L2
全部卖点,量比大于1_3 + RSI底背离,242,0.0168,0.0144,1.168,0.4876,0.449,0.0386,L2
全部卖点,量比大于1_3 + 威科夫得分大于4,9276,0.6282,0.5651,1.112,0.4753,0.449,0.0263,L2
全部卖点,量比大于1_3 + 威科夫得分大于7,6721,0.4951,0.3769,1.314,0.517,0.449,0.068,L2
全部卖点,量比大于1_3 + 积累阶段,1467,0.0536,0.1267,0.423,0.2563,0.449,-0.1927,L2
全部卖点,量比大于1_3 + 威科夫B1突破,395,0.0198,0.0297,0.666,0.3519,0.449,-0.0971,L2
全部卖点,量比大于1_3 + 黄金柱,1254,0.0707,0.088,0.803,0.3955,0.449,-0.0535,L2
全部卖点,量比大于1_3 + 量能金叉,4823,0.2936,0.3207,0.916,0.4273,0.449,-0.0217,L2
全部卖点,量比大于1_3 + 六脉红灯大于5,12118,0.805,0.751,1.072,0.4662,0.449,0.0172,L2
全部卖点,量比大于1_3 + 六脉红灯大于6,11624,0.776,0.7172,1.082,0.4686,0.449,0.0196,L2
全部卖点,量比大于1_3 + 六脉6红首发,11624,0.776,0.7172,1.082,0.4686,0.449,0.0196,L2
全部卖点,量比大于1_3 + 六脉5红首发,12118,0.805,0.751,1.072,0.4662,0.449,0.0172,L2
全部卖点,量比大于1_3 + 偏多共振,4209,0.3424,0.2097,1.633,0.5709,0.449,0.1219,L2
全部卖点,量比大于1_3 + 多头共振,4205,0.3421,0.2095,1.633,0.571,0.449,0.122,L2
全部卖点,量比大于1_3 + 火箭信号,2319,0.207,0.1005,2.059,0.6266,0.449,0.1775,L2
全部卖点,量比大于1_3 + 二连板,519,0.0524,0.0175,2.991,0.7091,0.449,0.26,L2
全部卖点,量比大于1_3 + 二次涨停,384,0.0375,0.014,2.667,0.6849,0.449,0.2359,L2
全部卖点,量比大于1_3 + 纳财,1595,0.1097,0.0958,1.145,0.4828,0.449,0.0337,L2
全部卖点,量比大于1_3 + 中枢进机会区,594,0.0353,0.0402,0.88,0.4175,0.449,-0.0315,L2
全部卖点,量比大于1_3 + 中枢极限底,219,0.0161,0.0123,1.308,0.516,0.449,0.067,L2
全部卖点,量比大于1_3 + 中枢上穿中轴,2899,0.193,0.1793,1.077,0.4674,0.449,0.0184,L2
全部卖点,量比大于1_3 + 中枢底部蓄力,749,0.043,0.0519,0.829,0.4032,0.449,-0.0458,L2
全部卖点,量比大于1_3 + 中枢底部回升,1034,0.061,0.0704,0.867,0.4139,0.449,-0.0351,L2
全部卖点,量比大于1_3 + 大盘多头,6716,0.4422,0.4194,1.055,0.4622,0.449,0.0132,L2
全部卖点,量比大于1_3 + 大盘空头,3814,0.2507,0.2385,1.051,0.4615,0.449,0.0124,L2
全部卖点,量比大于1_3 + 大盘安全,9750,0.6595,0.5946,1.109,0.4748,0.449,0.0258,L2
全部卖点,量比大于1_3 + SID等于1,6716,0.4422,0.4194,1.055,0.4622,0.449,0.0132,L2
全部卖点,量比大于1_3 + SID等于2,7561,0.521,0.4533,1.149,0.4837,0.449,0.0347,L2
全部卖点,量比大于1_3 + SID小于等于2,10889,0.7383,0.6626,1.114,0.4759,0.449,0.0269,L2
全部卖点,量比大于1_3 + 大盘5日上涨,11129,0.7369,0.6916,1.065,0.4647,0.449,0.0157,L2
全部卖点,量比大于1_3 + 相对强弱大于0,12241,0.8148,0.7572,1.076,0.4672,0.449,0.0182,L2
全部卖点,量比大于1_3 + 相对强弱大于5,9229,0.6709,0.5248,1.278,0.5102,0.449,0.0612,L2
全部卖点,量比大于1_3 + 量比>=1.3,7431,0.512,0.4455,1.149,0.4836,0.449,0.0346,L2
全部卖点,量比大于1_3 + 量比>=2,3711,0.2758,0.2061,1.338,0.5217,0.449,0.0727,L2
全部卖点,量比大于1_3 + 距前高<=10%,8919,0.6485,0.507,1.279,0.5104,0.449,0.0614,L2
全部卖点,量比大于1_3 + 距前低<=10%,1339,0.0558,0.11,0.508,0.2928,0.449,-0.1563,L2
全部卖点,量比大于1_3 + 相对强弱>=0,11629,0.7834,0.7117,1.101,0.4729,0.449,0.0239,L2
全部卖点,量比大于1_3 + 相对强弱>=5,7764,0.5803,0.4285,1.354,0.5246,0.449,0.0756,L2
全部卖点,量比大于2 + 量能递增,7373,0.5237,0.4292,1.22,0.4986,0.449,0.0496,L2
全部卖点,量比大于2 + 价涨量增,7320,0.5189,0.427,1.215,0.4975,0.449,0.0485,L2
全部卖点,量比大于2 + 价涨量缩,3756,0.259,0.225,1.151,0.484,0.449,0.035,L2
全部卖点,量比大于2 + MACD_DIF大于0,6777,0.5004,0.3791,1.32,0.5182,0.449,0.0692,L2
全部卖点,量比大于2 + MACD金叉态,7352,0.5223,0.428,1.22,0.4986,0.449,0.0496,L2
全部卖点,量比大于2 + MACD柱递增,6828,0.4937,0.3905,1.264,0.5075,0.449,0.0585,L2
全部卖点,量比大于2 + MACD零轴上金叉,1341,0.1067,0.0687,1.553,0.5585,0.449,0.1095,L2
全部卖点,量比大于2 + MACD底背离,212,0.0155,0.012,1.299,0.5142,0.449,0.0651,L2
全部卖点,量比大于2 + BOLL收上中轨,7467,0.5303,0.4348,1.22,0.4985,0.449,0.0494,L2
全部卖点,量比大于2 + BOLL突破上轨,5685,0.4303,0.3094,1.391,0.5312,0.449,0.0822,L2
全部卖点,量比大于2 + BOLL触下轨反弹,313,0.0204,0.0197,1.032,0.4569,0.449,0.0079,L2
全部卖点,量比大于2 + BOLL开口扩张,7194,0.5162,0.4146,1.245,0.5036,0.449,0.0546,L2
全部卖点,量比大于2 + KDJ金叉态,7155,0.5098,0.4153,1.227,0.5001,0.449,0.0511,L2
全部卖点,量比大于2 + KDJ_J超卖,1422,0.0955,0.0873,1.093,0.4712,0.449,0.0222,L2
全部卖点,量比大于2 + KDJ低位金叉,59,0.004,0.0036,1.108,0.4746,0.449,0.0256,L2
全部卖点,量比大于2 + KDJ_D小于30,321,0.0237,0.018,1.314,0.5171,0.449,0.0681,L2
全部卖点,量比大于2 + RSI6大于50,7479,0.5306,0.436,1.217,0.4979,0.449,0.0489,L2
全部卖点,量比大于2 + RSI金叉,2557,0.175,0.1543,1.134,0.4803,0.449,0.0312,L2
全部卖点,量比大于2 + RSI6超卖,243,0.015,0.016,0.934,0.4321,0.449,-0.0169,L2
全部卖点,量比大于2 + RSI底背离,183,0.0138,0.01,1.384,0.5301,0.449,0.081,L2
全部卖点,量比大于2 + 威科夫得分大于4,5317,0.3887,0.3006,1.293,0.5131,0.449,0.0641,L2
全部卖点,量比大于2 + 威科夫得分大于7,3926,0.3089,0.2041,1.513,0.5522,0.449,0.1032,L2
全部卖点,量比大于2 + 积累阶段,862,0.0356,0.0711,0.501,0.29,0.449,-0.159,L2
全部卖点,量比大于2 + 威科夫B1突破,342,0.018,0.0251,0.716,0.3684,0.449,-0.0806,L2
全部卖点,量比大于2 + 黄金柱,1006,0.0593,0.0685,0.865,0.4135,0.449,-0.0355,L2
全部卖点,量比大于2 + 量能金叉,3694,0.2408,0.2327,1.035,0.4575,0.449,0.0085,L2
全部卖点,量比大于2 + 六脉红灯大于5,7213,0.515,0.4177,1.233,0.5012,0.449,0.0522,L2
全部卖点,量比大于2 + 六脉红灯大于6,6977,0.5005,0.4022,1.244,0.5035,0.449,0.0545,L2
全部卖点,量比大于2 + 六脉6红首发,6977,0.5005,0.4022,1.244,0.5035,0.449,0.0545,L2
全部卖点,量比大于2 + 六脉5红首发,7213,0.515,0.4177,1.233,0.5012,0.449,0.0522,L2
全部卖点,量比大于2 + 偏多共振,2394,0.2087,0.1079,1.935,0.6119,0.449,0.1629,L2
全部卖点,量比大于2 + 多头共振,2392,0.2086,0.1077,1.936,0.612,0.449,0.163,L2
全部卖点,量比大于2 + 火箭信号,2015,0.1764,0.0902,1.955,0.6144,0.449,0.1654,L2
全部卖点,量比大于2 + 二连板,466,0.0472,0.0157,3.009,0.7103,0.449,0.2613,L2
全部卖点,量比大于2 + 二次涨停,248,0.0235,0.0096,2.439,0.6653,0.449,0.2163,L2
全部卖点,量比大于2 + 纳财,1025,0.0735,0.0591,1.244,0.5034,0.449,0.0544,L2
全部卖点,量比大于2 + 中枢进机会区,393,0.0255,0.0248,1.026,0.4555,0.449,0.0065,L2
全部卖点,量比大于2 + 中枢极限底,149,0.0115,0.0079,1.462,0.5436,0.449,0.0946,L2
全部卖点,量比大于2 + 中枢上穿中轴,2226,0.158,0.1297,1.218,0.4982,0.449,0.0492,L2
全部卖点,量比大于2 + 中枢底部蓄力,544,0.0348,0.0348,0.998,0.4485,0.449,-0.0005,L2
全部卖点,量比大于2 + 中枢底部回升,761,0.0501,0.0475,1.056,0.4625,0.449,0.0135,L2
全部卖点,量比大于2 + 大盘多头,3992,0.2797,0.2356,1.187,0.4917,0.449,0.0427,L2
全部卖点,量比大于2 + 大盘空头,2299,0.1641,0.1332,1.232,0.5011,0.449,0.0521,L2
全部卖点,量比大于2 + 大盘安全,5674,0.4116,0.3233,1.273,0.5092,0.449,0.0601,L2
全部卖点,量比大于2 + SID等于1,3992,0.2797,0.2356,1.187,0.4917,0.449,0.0427,L2
全部卖点,量比大于2 + SID等于2,4523,0.3342,0.2528,1.322,0.5187,0.449,0.0697,L2
全部卖点,量比大于2 + SID小于等于2,6396,0.463,0.3653,1.268,0.5081,0.449,0.0591,L2
全部卖点,量比大于2 + 大盘5日上涨,6495,0.4616,0.3779,1.221,0.4988,0.449,0.0498,L2
全部卖点,量比大于2 + 相对强弱大于0,7236,0.5162,0.4195,1.23,0.5007,0.449,0.0517,L2
全部卖点,量比大于2 + 相对强弱大于5,5809,0.4381,0.3174,1.38,0.5294,0.449,0.0803,L2
全部卖点,量比大于2 + 量比>=1.3,5468,0.3949,0.313,1.262,0.5069,0.449,0.0579,L2
全部卖点,量比大于2 + 量比>=2,3711,0.2758,0.2061,1.338,0.5217,0.449,0.0727,L2
全部卖点,量比大于2 + 距前高<=10%,5272,0.405,0.282,1.436,0.5393,0.449,0.0902,L2
全部卖点,量比大于2 + 距前低<=10%,646,0.0305,0.0502,0.608,0.3313,0.449,-0.1177,L2
全部卖点,量比大于2 + 相对强弱>=0,6929,0.4981,0.3986,1.25,0.5045,0.449,0.0555,L2
全部卖点,量比大于2 + 相对强弱>=5,5013,0.3854,0.268,1.438,0.5396,0.449,0.0906,L2
全部卖点,量能递增 + 价涨量增,12813,0.8486,0.7961,1.066,0.4648,0.449,0.0158,L2
全部卖点,量能递增 + 价涨量缩,8329,0.5313,0.5341,0.995,0.4477,0.449,-0.0013,L2
全部卖点,量能递增 + MACD_DIF大于0,12856,0.8806,0.775,1.136,0.4808,0.449,0.0318,L2
全部卖点,量能递增 + MACD金叉态,13984,0.9182,0.8753,1.049,0.4609,0.449,0.0119,L2
全部卖点,量能递增 + MACD柱递增,11932,0.8052,0.7291,1.104,0.4737,0.449,0.0247,L2
全部卖点,量能递增 + MACD零轴上金叉,1831,0.1406,0.098,1.435,0.539,0.449,0.09,L2
全部卖点,量能递增 + MACD底背离,322,0.0221,0.0194,1.139,0.4814,0.449,0.0324,L2
全部卖点,量能递增 + BOLL收上中轨,14168,0.9292,0.8877,1.047,0.4603,0.449,0.0113,L2
全部卖点,量能递增 + BOLL突破上轨,8833,0.6403,0.5038,1.271,0.5088,0.449,0.0598,L2
全部卖点,量能递增 + BOLL触下轨反弹,516,0.0301,0.0354,0.849,0.4089,0.449,-0.0401,L2
全部卖点,量能递增 + BOLL开口扩张,13509,0.8991,0.8357,1.076,0.4672,0.449,0.0182,L2
全部卖点,量能递增 + KDJ金叉态,13488,0.8899,0.8408,1.058,0.4631,0.449,0.0141,L2
全部卖点,量能递增 + KDJ_J超卖,2475,0.1552,0.1609,0.964,0.44,0.449,-0.009,L2
全部卖点,量能递增 + KDJ低位金叉,66,0.0047,0.0038,1.227,0.5,0.449,0.051,L2
全部卖点,量能递增 + KDJ_D小于30,351,0.0249,0.0204,1.22,0.4986,0.449,0.0496,L2
全部卖点,量能递增 + RSI6大于50,14188,0.9298,0.8896,1.045,0.46,0.449,0.011,L2
全部卖点,量能递增 + RSI金叉,4251,0.2801,0.2653,1.056,0.4625,0.449,0.0135,L2
全部卖点,量能递增 + RSI6超卖,493,0.0276,0.0347,0.796,0.3935,0.449,-0.0555,L2
全部卖点,量能递增 + RSI底背离,257,0.0177,0.0154,1.144,0.4825,0.449,0.0335,L2
全部卖点,量能递增 + 威科夫得分大于4,10710,0.7128,0.6626,1.076,0.4671,0.449,0.0181,L2
全部卖点,量能递增 + 威科夫得分大于7,7861,0.5689,0.4491,1.267,0.508,0.449,0.0589,L2
全部卖点,量能递增 + 积累阶段,1506,0.0554,0.1297,0.427,0.2583,0.449,-0.1907,L2
全部卖点,量能递增 + 威科夫B1突破,390,0.0197,0.0293,0.672,0.3538,0.449,-0.0952,L2
全部卖点,量能递增 + 黄金柱,1157,0.0655,0.0809,0.81,0.3976,0.449,-0.0514,L2
全部卖点,量能递增 + 量能金叉,4824,0.2938,0.3207,0.916,0.4274,0.449,-0.0216,L2
全部卖点,量能递增 + 六脉红灯大于5,13551,0.8944,0.8444,1.059,0.4633,0.449,0.0143,L2
全部卖点,量能递增 + 六脉红灯大于6,13010,0.8625,0.8076,1.068,0.4653,0.449,0.0163,L2
全部卖点,量能递增 + 六脉6红首发,13010,0.8625,0.8076,1.068,0.4653,0.449,0.0163,L2
全部卖点,量能递增 + 六脉5红首发,13551,0.8944,0.8444,1.059,0.4633,0.449,0.0143,L2
全部卖点,量能递增 + 偏多共振,4797,0.3878,0.2409,1.61,0.5674,0.449,0.1184,L2
全部卖点,量能递增 + 多头共振,4791,0.3872,0.2407,1.609,0.5673,0.449,0.1183,L2
全部卖点,量能递增 + 火箭信号,2353,0.2104,0.1017,2.069,0.6277,0.449,0.1787,L2
全部卖点,量能递增 + 二连板,523,0.0529,0.0176,2.995,0.7094,0.449,0.2604,L2
全部卖点,量能递增 + 二次涨停,415,0.0406,0.0151,2.69,0.6867,0.449,0.2377,L2
全部卖点,量能递增 + 纳财,1625,0.1131,0.0965,1.172,0.4886,0.449,0.0396,L2
全部卖点,量能递增 + 中枢进机会区,591,0.0368,0.0387,0.951,0.4365,0.449,-0.0125,L2
全部卖点,量能递增 + 中枢极限底,233,0.017,0.0132,1.281,0.5107,0.449,0.0617,L2
全部卖点,量能递增 + 中枢上穿中轴,3014,0.1975,0.189,1.045,0.4599,0.449,0.0108,L2
全部卖点,量能递增 + 中枢底部蓄力,729,0.042,0.0504,0.834,0.4047,0.449,-0.0444,L2
全部卖点,量能递增 + 中枢底部回升,1017,0.0605,0.0687,0.881,0.4179,0.449,-0.0311,L2
全部卖点,量能递增 + 大盘多头,7498,0.4962,0.4662,1.065,0.4645,0.449,0.0155,L2
全部卖点,量能递增 + 大盘空头,4317,0.2792,0.2737,1.02,0.454,0.449,0.005,L2
全部卖点,量能递增 + 大盘安全,10962,0.7406,0.6692,1.107,0.4742,0.449,0.0252,L2
全部卖点,量能递增 + SID等于1,7498,0.4962,0.4662,1.065,0.4645,0.449,0.0155,L2
全部卖点,量能递增 + SID等于2,8378,0.5753,0.5039,1.142,0.482,0.449,0.033,L2
全部卖点,量能递增 + SID小于等于2,12185,0.8228,0.7442,1.106,0.4739,0.449,0.0249,L2
全部卖点,量能递增 + 大盘5日上涨,12493,0.8248,0.7784,1.06,0.4634,0.449,0.0144,L2
全部卖点,量能递增 + 相对强弱大于0,13746,0.9082,0.8558,1.061,0.4638,0.449,0.0148,L2
全部卖点,量能递增 + 相对强弱大于5,10507,0.7527,0.6065,1.241,0.5028,0.449,0.0538,L2
全部卖点,量能递增 + 量比>=1.3,7131,0.4962,0.4235,1.172,0.4884,0.449,0.0394,L2
全部卖点,量能递增 + 量比>=2,3670,0.2731,0.2035,1.342,0.5223,0.449,0.0733,L2
全部卖点,量能递增 + 距前高<=10%,10127,0.7334,0.5781,1.269,0.5083,0.449,0.0593,L2
全部卖点,量能递增 + 距前低<=10%,1512,0.0628,0.1243,0.505,0.2917,0.449,-0.1573,L2
全部卖点,量能递增 + 相对强弱>=0,13124,0.8763,0.8096,1.082,0.4687,0.449,0.0197,L2
全部卖点,量能递增 + 相对强弱>=5,8863,0.6534,0.4966,1.316,0.5174,0.449,0.0684,L2
全部卖点,价涨量增 + 价涨量缩,7482,0.4783,0.4789,0.999,0.4487,0.449,-0.0003,L2
全部卖点,价涨量增 + MACD_DIF大于0,12214,0.8344,0.7381,1.131,0.4795,0.449,0.0305,L2
全部卖点,价涨量增 + MACD金叉态,13306,0.8723,0.834,1.046,0.4602,0.449,0.0112,L2
全部卖点,价涨量增 + MACD柱递增,11562,0.7763,0.7097,1.094,0.4713,0.449,0.0223,L2
全部卖点,价涨量增 + MACD零轴上金叉,1877,0.1419,0.1023,1.387,0.5306,0.449,0.0816,L2
全部卖点,价涨量增 + MACD底背离,296,0.0205,0.0176,1.163,0.4865,0.449,0.0375,L2
全部卖点,价涨量增 + BOLL收上中轨,13513,0.884,0.8485,1.042,0.4592,0.449,0.0102,L2
全部卖点,价涨量增 + BOLL突破上轨,8550,0.619,0.4882,1.268,0.5082,0.449,0.0592,L2
全部卖点,价涨量增 + BOLL触下轨反弹,494,0.0293,0.0334,0.878,0.417,0.449,-0.032,L2
全部卖点,价涨量增 + BOLL开口扩张,12781,0.849,0.7921,1.072,0.4662,0.449,0.0172,L2
全部卖点,价涨量增 + KDJ金叉态,12906,0.847,0.8082,1.048,0.4606,0.449,0.0116,L2
全部卖点,价涨量增 + KDJ_J超卖,2315,0.1447,0.1508,0.96,0.4389,0.449,-0.0101,L2
全部卖点,价涨量增 + KDJ低位金叉,70,0.0047,0.0043,1.094,0.4714,0.449,0.0224,L2
全部卖点,价涨量增 + KDJ_D小于30,367,0.0256,0.0217,1.181,0.4905,0.449,0.0414,L2
全部卖点,价涨量增 + RSI6大于50,13536,0.8849,0.8505,1.04,0.4589,0.449,0.0098,L2
全部卖点,价涨量增 + RSI金叉,4294,0.277,0.2728,1.015,0.4527,0.449,0.0037,L2
全部卖点,价涨量增 + RSI6超卖,429,0.0238,0.0304,0.782,0.3893,0.449,-0.0597,L2
全部卖点,价涨量增 + RSI底背离,243,0.0171,0.0143,1.197,0.4938,0.449,0.0448,L2
全部卖点,价涨量增 + 威科夫得分大于4,10042,0.6726,0.6178,1.089,0.4701,0.449,0.0211,L2
全部卖点,价涨量增 + 威科夫得分大于7,7265,0.529,0.4124,1.283,0.5111,0.449,0.0621,L2
全部卖点,价涨量增 + 积累阶段,1505,0.0537,0.131,0.41,0.2505,0.449,-0.1985,L2
全部卖点,价涨量增 + 威科夫B1突破,399,0.0199,0.0301,0.663,0.3509,0.449,-0.0981,L2
全部卖点,价涨量增 + 黄金柱,1248,0.0704,0.0875,0.804,0.3958,0.449,-0.0532,L2
全部卖点,价涨量增 + 量能金叉,4818,0.2918,0.3216,0.907,0.4251,0.449,-0.0239,L2
全部卖点,价涨量增 + 六脉红灯大于5,12980,0.8541,0.811,1.053,0.4619,0.449,0.0128,L2
全部卖点,价涨量增 + 六脉红灯大于6,12460,0.8232,0.7758,1.061,0.4637,0.449,0.0147,L2
全部卖点,价涨量增 + 六脉6红首发,12460,0.8232,0.7758,1.061,0.4637,0.449,0.0147,L2
全部卖点,价涨量增 + 六脉5红首发,12980,0.8541,0.811,1.053,0.4619,0.449,0.0128,L2
全部卖点,价涨量增 + 偏多共振,4520,0.3661,0.2264,1.617,0.5686,0.449,0.1196,L2
全部卖点,价涨量增 + 多头共振,4516,0.3659,0.2262,1.618,0.5686,0.449,0.1196,L2
全部卖点,价涨量增 + 火箭信号,2297,0.2047,0.0998,2.05,0.6256,0.449,0.1766,L2
全部卖点,价涨量增 + 二连板,519,0.0527,0.0173,3.047,0.7129,0.449,0.2639,L2
全部卖点,价涨量增 + 二次涨停,385,0.0369,0.0146,2.522,0.6727,0.449,0.2237,L2
全部卖点,价涨量增 + 纳财,1691,0.1168,0.1011,1.155,0.4849,0.449,0.0359,L2
全部卖点,价涨量增 + 中枢进机会区,576,0.0348,0.0385,0.902,0.4236,0.449,-0.0254,L2
全部卖点,价涨量增 + 中枢极限底,215,0.0157,0.0122,1.286,0.5116,0.449,0.0626,L2
全部卖点,价涨量增 + 中枢上穿中轴,2969,0.1949,0.1859,1.049,0.4608,0.449,0.0117,L2
全部卖点,价涨量增 + 中枢底部蓄力,758,0.0433,0.0527,0.822,0.4011,0.449,-0.048,L2
全部卖点,价涨量增 + 中枢底部回升,1050,0.0615,0.0718,0.858,0.4114,0.449,-0.0376,L2
全部卖点,价涨量增 + 大盘多头,7131,0.4664,0.4478,1.042,0.4591,0.449,0.0101,L2
全部卖点,价涨量增 + 大盘空头,4106,0.2663,0.2597,1.025,0.4552,0.449,0.0062,L2
全部卖点,价涨量增 + 大盘安全,10430,0.702,0.6389,1.099,0.4724,0.449,0.0234,L2
全部卖点,价涨量增 + SID等于1,7131,0.4664,0.4478,1.042,0.4591,0.449,0.0101,L2
全部卖点,价涨量增 + SID等于2,8011,0.5498,0.4821,1.141,0.4817,0.449,0.0327,L2
全部卖点,价涨量增 + SID小于等于2,11622,0.7822,0.7119,1.099,0.4724,0.449,0.0234,L2
全部卖点,价涨量增 + 大盘5日上涨,11941,0.7843,0.7472,1.05,0.461,0.449,0.012,L2
全部卖点,价涨量增 + 相对强弱大于0,13109,0.8637,0.8182,1.056,0.4624,0.449,0.0134,L2
全部卖点,价涨量增 + 相对强弱大于5,9879,0.7094,0.5689,1.247,0.504,0.449,0.055,L2
全部卖点,价涨量增 + 量比>=1.3,7171,0.4944,0.4297,1.151,0.4839,0.449,0.0349,L2
全部卖点,价涨量增 + 量比>=2,3617,0.2686,0.2011,1.335,0.5212,0.449,0.0721,L2
全部卖点,价涨量增 + 距前高<=10%,9631,0.6982,0.5492,1.271,0.5089,0.449,0.0599,L2
全部卖点,价涨量增 + 距前低<=10%,1424,0.0588,0.1174,0.501,0.29,0.449,-0.159,L2
全部卖点,价涨量增 + 相对强弱>=0,12480,0.8316,0.7713,1.078,0.4677,0.449,0.0187,L2
全部卖点,价涨量增 + 相对强弱>=5,8308,0.6128,0.4652,1.317,0.5177,0.449,0.0687,L2
全部卖点,价涨量缩 + MACD_DIF大于0,8443,0.5497,0.5323,1.033,0.4569,0.449,0.0079,L2
全部卖点,价涨量缩 + MACD金叉态,9175,0.5724,0.5987,0.956,0.4379,0.449,-0.0111,L2
全部卖点,价涨量缩 + MACD柱递增,7345,0.4751,0.4656,1.021,0.4541,0.449,0.005,L2
全部卖点,价涨量缩 + MACD零轴上金叉,1004,0.0735,0.0567,1.298,0.5139,0.449,0.0649,L2
全部卖点,价涨量缩 + MACD底背离,143,0.0088,0.0094,0.939,0.4336,0.449,-0.0154,L2
全部卖点,价涨量缩 + BOLL收上中轨,9339,0.5818,0.6101,0.954,0.4373,0.449,-0.0117,L2
全部卖点,价涨量缩 + BOLL突破上轨,4866,0.3442,0.2845,1.21,0.4965,0.449,0.0475,L2
全部卖点,价涨量缩 + BOLL触下轨反弹,301,0.0165,0.0215,0.769,0.3854,0.449,-0.0636,L2
全部卖点,价涨量缩 + BOLL开口扩张,8607,0.5477,0.553,0.99,0.4466,0.449,-0.0024,L2
全部卖点,价涨量缩 + KDJ金叉态,8777,0.5498,0.571,0.963,0.4397,0.449,-0.0093,L2
全部卖点,价涨量缩 + KDJ_J超卖,1400,0.0828,0.0951,0.871,0.415,0.449,-0.034,L2
全部卖点,价涨量缩 + KDJ_D小于30,214,0.014,0.0135,1.037,0.4579,0.449,0.0089,L2
全部卖点,价涨量缩 + RSI6大于50,9367,0.5826,0.6128,0.951,0.4365,0.449,-0.0125,L2
全部卖点,价涨量缩 + RSI金叉,2967,0.1855,0.1933,0.96,0.4388,0.449,-0.0102,L2
全部卖点,价涨量缩 + RSI6超卖,255,0.0134,0.0187,0.716,0.3686,0.449,-0.0804,L2
全部卖点,价涨量缩 + RSI底背离,117,0.0073,0.0077,0.948,0.4359,0.449,-0.0131,L2
全部卖点,价涨量缩 + 威科夫得分大于4,6877,0.4402,0.4397,1.001,0.4493,0.449,0.0003,L2
全部卖点,价涨量缩 + 威科夫得分大于7,4833,0.3394,0.2846,1.193,0.4929,0.449,0.0438,L2
全部卖点,价涨量缩 + 积累阶段,1071,0.0345,0.0962,0.358,0.226,0.449,-0.2231,L2
全部卖点,价涨量缩 + 威科夫B1突破,179,0.0085,0.0138,0.619,0.3352,0.449,-0.1138,L2
全部卖点,价涨量缩 + 黄金柱,651,0.0342,0.0477,0.717,0.3687,0.449,-0.0804,L2
全部卖点,价涨量缩 + 量能金叉,2605,0.1499,0.1803,0.831,0.4038,0.449,-0.0452,L2
全部卖点,价涨量缩 + 六脉红灯大于5,8814,0.5516,0.5738,0.961,0.4393,0.449,-0.0097,L2
全部卖点,价涨量缩 + 六脉红灯大于6,8361,0.525,0.5429,0.967,0.4407,0.449,-0.0083,L2
全部卖点,价涨量缩 + 六脉6红首发,8361,0.525,0.5429,0.967,0.4407,0.449,-0.0083,L2
全部卖点,价涨量缩 + 六脉5红首发,8814,0.5516,0.5738,0.961,0.4393,0.449,-0.0097,L2
全部卖点,价涨量缩 + 偏多共振,3149,0.2432,0.1674,1.453,0.5421,0.449,0.0931,L2
全部卖点,价涨量缩 + 多头共振,3146,0.2428,0.1674,1.45,0.5416,0.449,0.0926,L2
全部卖点,价涨量缩 + 火箭信号,1066,0.0937,0.0474,1.979,0.6173,0.449,0.1682,L2
全部卖点,价涨量缩 + 二连板,224,0.0227,0.0075,3.002,0.7098,0.449,0.2608,L2
全部卖点,价涨量缩 + 二次涨停,257,0.0256,0.0089,2.869,0.7004,0.449,0.2514,L2
全部卖点,价涨量缩 + 纳财,726,0.0503,0.0433,1.161,0.4862,0.449,0.0372,L2
全部卖点,价涨量缩 + 中枢进机会区,297,0.0168,0.0208,0.809,0.3973,0.449,-0.0517,L2
全部卖点,价涨量缩 + 中枢极限底,92,0.0071,0.0049,1.461,0.5435,0.449,0.0945,L2
全部卖点,价涨量缩 + 中枢上穿中轴,1752,0.1074,0.1159,0.927,0.4304,0.449,-0.0186,L2
全部卖点,价涨量缩 + 中枢底部蓄力,405,0.0204,0.0304,0.67,0.3531,0.449,-0.0959,L2
全部卖点,价涨量缩 + 中枢底部回升,564,0.0296,0.0413,0.717,0.3688,0.449,-0.0802,L2
全部卖点,价涨量缩 + 大盘多头,5097,0.3203,0.3308,0.968,0.441,0.449,-0.008,L2
全部卖点,价涨量缩 + 大盘空头,2652,0.162,0.1759,0.921,0.4287,0.449,-0.0203,L2
全部卖点,价涨量缩 + 大盘安全,7445,0.4821,0.4715,1.023,0.4545,0.449,0.0055,L2
全部卖点,价涨量缩 + SID等于1,5097,0.3203,0.3308,0.968,0.441,0.449,-0.008,L2
全部卖点,价涨量缩 + SID等于2,5534,0.3653,0.3448,1.059,0.4633,0.449,0.0143,L2
全部卖点,价涨量缩 + SID小于等于2,8140,0.5251,0.5171,1.016,0.4528,0.449,0.0038,L2
全部卖点,价涨量缩 + 大盘5日上涨,8373,0.5276,0.5422,0.973,0.4423,0.449,-0.0068,L2
全部卖点,价涨量缩 + 相对强弱大于0,9033,0.5649,0.5884,0.96,0.4389,0.449,-0.0101,L2
全部卖点,价涨量缩 + 相对强弱大于5,6587,0.4498,0.3982,1.129,0.4793,0.449,0.0303,L2
全部卖点,价涨量缩 + 量比>=1.3,3786,0.2537,0.2328,1.09,0.4704,0.449,0.0214,L2
全部卖点,价涨量缩 + 量比>=2,1850,0.1338,0.1058,1.265,0.5076,0.449,0.0586,L2
全部卖点,价涨量缩 + 距前高<=10%,6554,0.4596,0.3864,1.189,0.4922,0.449,0.0432,L2
全部卖点,价涨量缩 + 距前低<=10%,1034,0.0412,0.0865,0.476,0.2795,0.449,-0.1695,L2
全部卖点,价涨量缩 + 相对强弱>=0,8526,0.5373,0.5521,0.973,0.4423,0.449,-0.0067,L2
全部卖点,价涨量缩 + 相对强弱>=5,5383,0.38,0.3153,1.205,0.4954,0.449,0.0464,L2
全部卖点,MACD_DIF大于0 + MACD金叉态,13768,0.9255,0.8443,1.096,0.4718,0.449,0.0228,L2
全部卖点,MACD_DIF大于0 + MACD柱递增,11376,0.7951,0.6728,1.182,0.4906,0.449,0.0416,L2
全部卖点,MACD_DIF大于0 + MACD零轴上金叉,1975,0.1487,0.1081,1.376,0.5286,0.449,0.0796,L2
全部卖点,MACD_DIF大于0 + MACD底背离,198,0.0167,0.0094,1.772,0.5909,0.449,0.1419,L2
全部卖点,MACD_DIF大于0 + BOLL收上中轨,14059,0.941,0.8654,1.087,0.4698,0.449,0.0208,L2
全部卖点,MACD_DIF大于0 + BOLL突破上轨,8621,0.6357,0.4829,1.316,0.5176,0.449,0.0686,L2
全部卖点,MACD_DIF大于0 + BOLL触下轨反弹,381,0.0256,0.0233,1.099,0.4724,0.449,0.0234,L2
全部卖点,MACD_DIF大于0 + BOLL开口扩张,13220,0.9018,0.8,1.127,0.4788,0.449,0.0298,L2
全部卖点,MACD_DIF大于0 + KDJ金叉态,13244,0.8941,0.809,1.105,0.4739,0.449,0.0249,L2
全部卖点,MACD_DIF大于0 + KDJ_J超卖,2438,0.1574,0.1548,1.017,0.4532,0.449,0.0042,L2
全部卖点,MACD_DIF大于0 + KDJ_D小于30,230,0.0197,0.0107,1.841,0.6,0.449,0.151,L2
全部卖点,MACD_DIF大于0 + RSI6大于50,14063,0.9413,0.8657,1.087,0.4698,0.449,0.0208,L2
全部卖点,MACD_DIF大于0 + RSI金叉,4319,0.2879,0.2668,1.079,0.4679,0.449,0.0189,L2
全部卖点,MACD_DIF大于0 + RSI6超卖,422,0.0244,0.0291,0.836,0.4052,0.449,-0.0438,L2
全部卖点,MACD_DIF大于0 + RSI底背离,139,0.0123,0.0062,1.991,0.6187,0.449,0.1697,L2
全部卖点,MACD_DIF大于0 + 威科夫得分大于4,10814,0.7329,0.6583,1.113,0.4757,0.449,0.0267,L2
全部卖点,MACD_DIF大于0 + 威科夫得分大于7,7965,0.5804,0.4518,1.285,0.5115,0.449,0.0625,L2
全部卖点,MACD_DIF大于0 + 积累阶段,1000,0.0368,0.0861,0.427,0.258,0.449,-0.191,L2
全部卖点,MACD_DIF大于0 + 威科夫B1突破,340,0.0177,0.0251,0.704,0.3647,0.449,-0.0843,L2
全部卖点,MACD_DIF大于0 + 黄金柱,1039,0.062,0.0701,0.884,0.4187,0.449,-0.0303,L2
全部卖点,MACD_DIF大于0 + 量能金叉,4483,0.2817,0.291,0.968,0.441,0.449,-0.008,L2
全部卖点,MACD_DIF大于0 + 六脉红灯大于5,13283,0.8983,0.8102,1.109,0.4747,0.449,0.0257,L2
全部卖点,MACD_DIF大于0 + 六脉红灯大于6,12664,0.8607,0.769,1.119,0.477,0.449,0.028,L2
全部卖点,MACD_DIF大于0 + 六脉6红首发,12664,0.8607,0.769,1.119,0.477,0.449,0.028,L2
全部卖点,MACD_DIF大于0 + 六脉5红首发,13283,0.8983,0.8102,1.109,0.4747,0.449,0.0257,L2
全部卖点,MACD_DIF大于0 + 偏多共振,5200,0.4139,0.2665,1.553,0.5587,0.449,0.1096,L2
全部卖点,MACD_DIF大于0 + 多头共振,5195,0.4134,0.2662,1.553,0.5586,0.449,0.1096,L2
全部卖点,MACD_DIF大于0 + 火箭信号,2283,0.2074,0.096,2.16,0.6378,0.449,0.1887,L2
全部卖点,MACD_DIF大于0 + 二连板,511,0.0526,0.0165,3.189,0.7221,0.449,0.2731,L2
全部卖点,MACD_DIF大于0 + 二次涨停,410,0.0402,0.0149,2.703,0.6878,0.449,0.2388,L2
全部卖点,MACD_DIF大于0 + 纳财,1581,0.1123,0.0921,1.219,0.4984,0.449,0.0494,L2
全部卖点,MACD_DIF大于0 + 中枢进机会区,346,0.0266,0.0185,1.443,0.5405,0.449,0.0914,L2
全部卖点,MACD_DIF大于0 + 中枢极限底,168,0.013,0.0089,1.45,0.5417,0.449,0.0927,L2
全部卖点,MACD_DIF大于0 + 中枢上穿中轴,2401,0.173,0.1378,1.255,0.5056,0.449,0.0566,L2
全部卖点,MACD_DIF大于0 + 中枢底部蓄力,288,0.0244,0.0136,1.793,0.5938,0.449,0.1447,L2
全部卖点,MACD_DIF大于0 + 中枢底部回升,491,0.0389,0.0253,1.537,0.556,0.449,0.107,L2
全部卖点,MACD_DIF大于0 + 大盘多头,7914,0.5132,0.5006,1.025,0.4551,0.449,0.0061,L2
全部卖点,MACD_DIF大于0 + 大盘空头,3808,0.2686,0.2233,1.203,0.495,0.449,0.046,L2
全部卖点,MACD_DIF大于0 + 大盘安全,11189,0.7577,0.6816,1.112,0.4753,0.449,0.0263,L2
全部卖点,MACD_DIF大于0 + SID等于1,7914,0.5132,0.5006,1.025,0.4551,0.449,0.0061,L2
全部卖点,MACD_DIF大于0 + SID等于2,8361,0.5807,0.4975,1.167,0.4875,0.449,0.0385,L2
全部卖点,MACD_DIF大于0 + SID小于等于2,12378,0.8389,0.7535,1.113,0.4757,0.449,0.0267,L2
全部卖点,MACD_DIF大于0 + 大盘5日上涨,12443,0.8376,0.7621,1.099,0.4725,0.449,0.0235,L2
全部卖点,MACD_DIF大于0 + 相对强弱大于0,13666,0.9212,0.8359,1.102,0.4731,0.449,0.0241,L2
全部卖点,MACD_DIF大于0 + 相对强弱大于5,10523,0.7644,0.5989,1.276,0.5098,0.449,0.0608,L2
全部卖点,MACD_DIF大于0 + 量比>=1.3,6670,0.4817,0.3819,1.261,0.5069,0.449,0.0579,L2
全部卖点,MACD_DIF大于0 + 量比>=2,3347,0.2593,0.1773,1.463,0.5438,0.449,0.0948,L2
全部卖点,MACD_DIF大于0 + 距前高<=10%,10736,0.7701,0.6189,1.244,0.5034,0.449,0.0544,L2
全部卖点,MACD_DIF大于0 + 距前低<=10%,919,0.0436,0.0712,0.613,0.333,0.449,-0.116,L2
全部卖点,MACD_DIF大于0 + 相对强弱>=0,13052,0.8887,0.7911,1.123,0.4779,0.449,0.0289,L2
全部卖点,MACD_DIF大于0 + 相对强弱>=5,8866,0.6615,0.4903,1.349,0.5237,0.449,0.0747,L2
全部卖点,MACD金叉态 + MACD柱递增,12558,0.8364,0.7764,1.077,0.4675,0.449,0.0185,L2
全部卖点,MACD金叉态 + MACD零轴上金叉,1975,0.1487,0.1081,1.376,0.5286,0.449,0.0796,L2
全部卖点,MACD金叉态 + MACD底背离,305,0.0201,0.019,1.055,0.4623,0.449,0.0133,L2
全部卖点,MACD金叉态 + BOLL收上中轨,15260,0.9809,0.9724,1.009,0.4512,0.449,0.0022,L2
全部卖点,MACD金叉态 + BOLL突破上轨,8968,0.6472,0.5138,1.26,0.5066,0.449,0.0576,L2
全部卖点,MACD金叉态 + BOLL触下轨反弹,455,0.0255,0.032,0.796,0.3934,0.449,-0.0556,L2
全部卖点,MACD金叉态 + BOLL开口扩张,14263,0.9333,0.8954,1.042,0.4593,0.449,0.0103,L2
全部卖点,MACD金叉态 + KDJ金叉态,14496,0.9367,0.9197,1.019,0.4536,0.449,0.0046,L2
全部卖点,MACD金叉态 + KDJ_J超卖,2612,0.1601,0.1728,0.927,0.4303,0.449,-0.0187,L2
全部卖点,MACD金叉态 + KDJ低位金叉,62,0.0043,0.0037,1.15,0.4839,0.449,0.0349,L2
全部卖点,MACD金叉态 + KDJ_D小于30,335,0.0234,0.0199,1.177,0.4896,0.449,0.0405,L2
全部卖点,MACD金叉态 + RSI6大于50,15282,0.9813,0.9746,1.007,0.4507,0.449,0.0017,L2
全部卖点,MACD金叉态 + RSI金叉,4531,0.2925,0.2877,1.017,0.4531,0.449,0.0041,L2
全部卖点,MACD金叉态 + RSI6超卖,480,0.0268,0.0339,0.79,0.3917,0.449,-0.0573,L2
全部卖点,MACD金叉态 + RSI底背离,233,0.0154,0.0145,1.06,0.4635,0.449,0.0145,L2
全部卖点,MACD金叉态 + 威科夫得分大于4,11241,0.7448,0.6981,1.067,0.4651,0.449,0.0161,L2
全部卖点,MACD金叉态 + 威科夫得分大于7,8069,0.5818,0.4627,1.258,0.5061,0.449,0.0571,L2
全部卖点,MACD金叉态 + 积累阶段,1780,0.0614,0.1566,0.392,0.2421,0.449,-0.2069,L2
全部卖点,MACD金叉态 + 威科夫B1突破,401,0.0201,0.0302,0.665,0.3516,0.449,-0.0974,L2
全部卖点,MACD金叉态 + 黄金柱,1206,0.0682,0.0844,0.809,0.3972,0.449,-0.0518,L2
全部卖点,MACD金叉态 + 量能金叉,4916,0.2989,0.3272,0.914,0.4268,0.449,-0.0222,L2
全部卖点,MACD金叉态 + 六脉红灯大于5,14580,0.9423,0.9249,1.019,0.4536,0.449,0.0046,L2
全部卖点,MACD金叉态 + 六脉红灯大于6,13950,0.9041,0.8829,1.024,0.4549,0.449,0.0059,L2
全部卖点,MACD金叉态 + 六脉6红首发,13950,0.9041,0.8829,1.024,0.4549,0.449,0.0059,L2
全部卖点,MACD金叉态 + 六脉5红首发,14580,0.9423,0.9249,1.019,0.4536,0.449,0.0046,L2
全部卖点,MACD金叉态 + 偏多共振,5059,0.4059,0.2566,1.582,0.5632,0.449,0.1141,L2
全部卖点,MACD金叉态 + 多头共振,5053,0.4053,0.2564,1.581,0.563,0.449,0.114,L2
全部卖点,MACD金叉态 + 火箭信号,2352,0.2104,0.1016,2.071,0.628,0.449,0.179,L2
全部卖点,MACD金叉态 + 二连板,524,0.053,0.0176,3.003,0.7099,0.449,0.2609,L2
全部卖点,MACD金叉态 + 二次涨停,415,0.0406,0.0151,2.69,0.6867,0.449,0.2377,L2
全部卖点,MACD金叉态 + 纳财,1713,0.1173,0.1033,1.135,0.4804,0.449,0.0314,L2
全部卖点,MACD金叉态 + 中枢进机会区,616,0.0366,0.0417,0.878,0.4172,0.449,-0.0318,L2
全部卖点,MACD金叉态 + 中枢极限底,225,0.0165,0.0127,1.306,0.5156,0.449,0.0665,L2
全部卖点,MACD金叉态 + 中枢上穿中轴,3096,0.1997,0.1967,1.016,0.4528,0.449,0.0038,L2
全部卖点,MACD金叉态 + 中枢底部蓄力,788,0.0439,0.0557,0.787,0.3909,0.449,-0.0582,L2
全部卖点,MACD金叉态 + 中枢底部回升,1084,0.0627,0.0748,0.838,0.4059,0.449,-0.0431,L2
全部卖点,MACD金叉态 + 大盘多头,8113,0.5216,0.5169,1.009,0.4513,0.449,0.0022,L2
全部卖点,MACD金叉态 + 大盘空头,4566,0.2918,0.2923,0.998,0.4485,0.449,-0.0005,L2
全部卖点,MACD金叉态 + 大盘安全,11917,0.787,0.7423,1.06,0.4635,0.449,0.0145,L2
全部卖点,MACD金叉态 + SID等于1,8113,0.5216,0.5169,1.009,0.4513,0.449,0.0022,L2
全部卖点,MACD金叉态 + SID等于2,9060,0.6089,0.5557,1.096,0.4717,0.449,0.0227,L2
全部卖点,MACD金叉态 + SID小于等于2,13202,0.8733,0.8211,1.064,0.4643,0.449,0.0153,L2
全部卖点,MACD金叉态 + 大盘5日上涨,13561,0.8756,0.8609,1.017,0.4532,0.449,0.0042,L2
全部卖点,MACD金叉态 + 相对强弱大于0,14853,0.9604,0.9418,1.02,0.4538,0.449,0.0048,L2
全部卖点,MACD金叉态 + 相对强弱大于5,11135,0.7867,0.6517,1.207,0.4959,0.449,0.0469,L2
全部卖点,MACD金叉态 + 量比>=1.3,7249,0.5012,0.4332,1.157,0.4853,0.449,0.0363,L2
全部卖点,MACD金叉态 + 量比>=2,3614,0.2691,0.2003,1.344,0.5227,0.449,0.0737,L2
全部卖点,MACD金叉态 + 距前高<=10%,10712,0.7698,0.6164,1.249,0.5044,0.449,0.0554,L2
全部卖点,MACD金叉态 + 距前低<=10%,1687,0.0684,0.1401,0.488,0.2845,0.449,-0.1645,L2
全部卖点,MACD金叉态 + 相对强弱>=0,14131,0.9239,0.8877,1.041,0.4589,0.449,0.0099,L2
全部卖点,MACD金叉态 + 相对强弱>=5,9287,0.6776,0.5261,1.288,0.5121,0.449,0.0631,L2
全部卖点,MACD柱递增 + MACD零轴上金叉,1885,0.1432,0.1022,1.401,0.5332,0.449,0.0841,L2
全部卖点,MACD柱递增 + MACD底背离,287,0.0194,0.0175,1.105,0.4739,0.449,0.0249,L2
全部卖点,MACD柱递增 + BOLL收上中轨,12718,0.8466,0.7867,1.076,0.4672,0.449,0.0182,L2
全部卖点,MACD柱递增 + BOLL突破上轨,8405,0.614,0.4754,1.292,0.5128,0.449,0.0638,L2
全部卖点,MACD柱递增 + BOLL触下轨反弹,418,0.0244,0.0287,0.85,0.4091,0.449,-0.0399,L2
全部卖点,MACD柱递增 + BOLL开口扩张,12141,0.8182,0.7428,1.101,0.473,0.449,0.024,L2
全部卖点,MACD柱递增 + KDJ金叉态,12516,0.8329,0.7744,1.076,0.4671,0.449,0.0181,L2
全部卖点,MACD柱递增 + KDJ_J超卖,1682,0.1121,0.1039,1.079,0.4679,0.449,0.0189,L2
全部卖点,MACD柱递增 + KDJ低位金叉,73,0.0048,0.0045,1.07,0.4658,0.449,0.0167,L2
全部卖点,MACD柱递增 + KDJ_D小于30,370,0.0261,0.0217,1.201,0.4946,0.449,0.0456,L2
全部卖点,MACD柱递增 + RSI6大于50,12755,0.848,0.7899,1.074,0.4666,0.449,0.0176,L2
全部卖点,MACD柱递增 + RSI金叉,3617,0.2391,0.2251,1.062,0.4639,0.449,0.0149,L2
全部卖点,MACD柱递增 + RSI6超卖,351,0.0199,0.0245,0.814,0.3989,0.449,-0.0502,L2
全部卖点,MACD柱递增 + RSI底背离,217,0.0145,0.0134,1.088,0.47,0.449,0.021,L2
全部卖点,MACD柱递增 + 威科夫得分大于4,9352,0.6378,0.566,1.127,0.4787,0.449,0.0297,L2
全部卖点,MACD柱递增 + 威科夫得分大于7,6890,0.5089,0.3852,1.321,0.5184,0.449,0.0694,L2
全部卖点,MACD柱递增 + 积累阶段,1420,0.054,0.1209,0.447,0.2669,0.449,-0.1821,L2
全部卖点,MACD柱递增 + 威科夫B1突破,373,0.0195,0.0274,0.712,0.3673,0.449,-0.0817,L2
全部卖点,MACD柱递增 + 黄金柱,1058,0.0615,0.0727,0.847,0.4083,0.449,-0.0407,L2
全部卖点,MACD柱递增 + 量能金叉,4421,0.2765,0.2879,0.96,0.439,0.449,-0.01,L2
全部卖点,MACD柱递增 + 六脉红灯大于5,12602,0.8396,0.7789,1.078,0.4676,0.449,0.0186,L2
全部卖点,MACD柱递增 + 六脉红灯大于6,12329,0.8235,0.7604,1.083,0.4688,0.449,0.0198,L2
全部卖点,MACD柱递增 + 六脉6红首发,12329,0.8235,0.7604,1.083,0.4688,0.449,0.0198,L2
全部卖点,MACD柱递增 + 六脉5红首发,12602,0.8396,0.7789,1.078,0.4676,0.449,0.0186,L2
全部卖点,MACD柱递增 + 偏多共振,4311,0.355,0.2112,1.681,0.5781,0.449,0.129,L2
全部卖点,MACD柱递增 + 多头共振,4306,0.3546,0.211,1.681,0.578,0.449,0.129,L2
全部卖点,MACD柱递增 + 火箭信号,2256,0.203,0.0965,2.104,0.6316,0.449,0.1826,L2
全部卖点,MACD柱递增 + 二连板,524,0.053,0.0176,3.003,0.7099,0.449,0.2609,L2
全部卖点,MACD柱递增 + 二次涨停,374,0.0369,0.0134,2.764,0.6925,0.449,0.2435,L2
全部卖点,MACD柱递增 + 纳财,1469,0.1054,0.0846,1.246,0.5037,0.449,0.0547,L2
全部卖点,MACD柱递增 + 中枢进机会区,526,0.0318,0.0352,0.903,0.424,0.449,-0.0251,L2
全部卖点,MACD柱递增 + 中枢极限底,185,0.0142,0.0099,1.444,0.5405,0.449,0.0915,L2
全部卖点,MACD柱递增 + 中枢上穿中轴,2887,0.1916,0.179,1.07,0.4659,0.449,0.0169,L2
全部卖点,MACD柱递增 + 中枢底部蓄力,781,0.0439,0.0549,0.799,0.3944,0.449,-0.0546,L2
全部卖点,MACD柱递增 + 中枢底部回升,1078,0.0625,0.0742,0.843,0.4072,0.449,-0.0418,L2
全部卖点,MACD柱递增 + 大盘多头,6774,0.4508,0.4191,1.075,0.4671,0.449,0.0181,L2
全部卖点,MACD柱递增 + 大盘空头,3930,0.2584,0.2457,1.052,0.4616,0.449,0.0126,L2
全部卖点,MACD柱递增 + 大盘安全,9906,0.6763,0.599,1.129,0.4792,0.449,0.0302,L2
全部卖点,MACD柱递增 + SID等于1,6774,0.4508,0.4191,1.075,0.4671,0.449,0.0181,L2
全部卖点,MACD柱递增 + SID等于2,7512,0.524,0.4451,1.177,0.4896,0.449,0.0406,L2
全部卖点,MACD柱递增 + SID小于等于2,10990,0.7521,0.6631,1.134,0.4803,0.449,0.0313,L2
全部卖点,MACD柱递增 + 大盘5日上涨,11380,0.7582,0.7034,1.078,0.4677,0.449,0.0186,L2
全部卖点,MACD柱递增 + 相对强弱大于0,12350,0.827,0.7599,1.088,0.47,0.449,0.021,L2
全部卖点,MACD柱递增 + 相对强弱大于5,9369,0.6854,0.5292,1.295,0.5135,0.449,0.0645,L2
全部卖点,MACD柱递增 + 量比>=1.3,6480,0.4606,0.377,1.222,0.4989,0.449,0.0499,L2
全部卖点,MACD柱递增 + 量比>=2,3361,0.2569,0.1809,1.42,0.5364,0.449,0.0874,L2
全部卖点,MACD柱递增 + 距前高<=10%,9065,0.6648,0.5107,1.302,0.5147,0.449,0.0657,L2
全部卖点,MACD柱递增 + 距前低<=10%,1384,0.0571,0.1141,0.501,0.2897,0.449,-0.1593,L2
全部卖点,MACD柱递增 + 相对强弱>=0,11786,0.7978,0.7182,1.111,0.4751,0.449,0.0261,L2
全部卖点,MACD柱递增 + 相对强弱>=5,7971,0.5992,0.4371,1.371,0.5277,0.449,0.0786,L2
全部卖点,MACD零轴上金叉 + MACD底背离,67,0.0057,0.0031,1.818,0.597,0.449,0.148,L2
全部卖点,MACD零轴上金叉 + BOLL收上中轨,1975,0.1487,0.1081,1.376,0.5286,0.449,0.0796,L2
全部卖点,MACD零轴上金叉 + BOLL突破上轨,1295,0.1069,0.0633,1.689,0.5792,0.449,0.1301,L2
全部卖点,MACD零轴上金叉 + BOLL触下轨反弹,139,0.0107,0.0074,1.438,0.5396,0.449,0.0906,L2
全部卖点,MACD零轴上金叉 + BOLL开口扩张,1882,0.1432,0.1018,1.406,0.534,0.449,0.085,L2
全部卖点,MACD零轴上金叉 + KDJ金叉态,1940,0.1465,0.1059,1.383,0.5299,0.449,0.0809,L2
全部卖点,MACD零轴上金叉 + KDJ_J超卖,338,0.0249,0.0189,1.317,0.5178,0.449,0.0687,L2
全部卖点,MACD零轴上金叉 + KDJ_D小于30,104,0.0098,0.0041,2.419,0.6635,0.449,0.2144,L2
全部卖点,MACD零轴上金叉 + RSI6大于50,1975,0.1487,0.1081,1.376,0.5286,0.449,0.0796,L2
全部卖点,MACD零轴上金叉 + RSI金叉,1132,0.0841,0.0629,1.336,0.5212,0.449,0.0722,L2
全部卖点,MACD零轴上金叉 + RSI6超卖,57,0.0034,0.0038,0.892,0.4211,0.449,-0.028,L2
全部卖点,MACD零轴上金叉 + 威科夫得分大于4,1695,0.1261,0.094,1.341,0.5221,0.449,0.0731,L2
全部卖点,MACD零轴上金叉 + 威科夫得分大于7,1378,0.1043,0.075,1.39,0.5312,0.449,0.0822,L2
全部卖点,MACD零轴上金叉 + 积累阶段,63,0.0034,0.0045,0.755,0.381,0.449,-0.0681,L2
全部卖点,MACD零轴上金叉 + 黄金柱,338,0.0232,0.0203,1.143,0.4822,0.449,0.0332,L2
全部卖点,MACD零轴上金叉 + 量能金叉,978,0.0734,0.0538,1.365,0.5266,0.449,0.0776,L2
全部卖点,MACD零轴上金叉 + 六脉红灯大于5,1932,0.1469,0.1046,1.404,0.5336,0.449,0.0846,L2
全部卖点,MACD零轴上金叉 + 六脉红灯大于6,1894,0.1446,0.1021,1.417,0.5359,0.449,0.0869,L2
全部卖点,MACD零轴上金叉 + 六脉6红首发,1894,0.1446,0.1021,1.417,0.5359,0.449,0.0869,L2
全部卖点,MACD零轴上金叉 + 六脉5红首发,1932,0.1469,0.1046,1.404,0.5336,0.449,0.0846,L2
全部卖点,MACD零轴上金叉 + 偏多共振,1085,0.0872,0.0549,1.588,0.5641,0.449,0.115,L2
全部卖点,MACD零轴上金叉 + 多头共振,1084,0.087,0.0549,1.585,0.5637,0.449,0.1146,L2
全部卖点,MACD零轴上金叉 + 火箭信号,461,0.0449,0.017,2.648,0.6833,0.449,0.2343,L2
全部卖点,MACD零轴上金叉 + 二连板,87,0.0097,0.0022,4.392,0.7816,0.449,0.3326,L2
全部卖点,MACD零轴上金叉 + 二次涨停,63,0.0067,0.0019,3.605,0.746,0.449,0.297,L2
全部卖点,MACD零轴上金叉 + 纳财,217,0.0162,0.012,1.358,0.5253,0.449,0.0763,L2
全部卖点,MACD零轴上金叉 + 中枢进机会区,82,0.0076,0.0034,2.243,0.6463,0.449,0.1973,L2
全部卖点,MACD零轴上金叉 + 中枢上穿中轴,606,0.0531,0.0271,1.964,0.6155,0.449,0.1665,L2
全部卖点,MACD零轴上金叉 + 中枢底部回升,134,0.0131,0.0049,2.688,0.6866,0.449,0.2376,L2
全部卖点,MACD零轴上金叉 + 大盘多头,1128,0.0801,0.0657,1.218,0.4982,0.449,0.0492,L2
全部卖点,MACD零轴上金叉 + 大盘空头,547,0.0456,0.0264,1.73,0.585,0.449,0.136,L2
全部卖点,MACD零轴上金叉 + 大盘安全,1476,0.1108,0.081,1.368,0.5271,0.449,0.0781,L2
全部卖点,MACD零轴上金叉 + SID等于1,1128,0.0801,0.0657,1.218,0.4982,0.449,0.0492,L2
全部卖点,MACD零轴上金叉 + SID等于2,1153,0.0902,0.0604,1.494,0.549,0.449,0.1,L2
全部卖点,MACD零轴上金叉 + SID小于等于2,1728,0.1279,0.0964,1.328,0.5197,0.449,0.0707,L2
全部卖点,MACD零轴上金叉 + 大盘5日上涨,1654,0.1259,0.0894,1.409,0.5345,0.449,0.0854,L2
全部卖点,MACD零轴上金叉 + 相对强弱大于0,1904,0.1449,0.103,1.407,0.5341,0.449,0.0851,L2
全部卖点,MACD零轴上金叉 + 相对强弱大于5,1297,0.1098,0.0611,1.799,0.5944,0.449,0.1454,L2
全部卖点,MACD零轴上金叉 + 量比>=1.3,1223,0.099,0.0613,1.615,0.5683,0.449,0.1193,L2
全部卖点,MACD零轴上金叉 + 量比>=2,669,0.0573,0.031,1.848,0.6009,0.449,0.1519,L2
全部卖点,MACD零轴上金叉 + 距前高<=10%,1733,0.1298,0.0954,1.36,0.5257,0.449,0.0767,L2
全部卖点,MACD零轴上金叉 + 距前低<=10%,72,0.0043,0.0049,0.876,0.4167,0.449,-0.0323,L2
全部卖点,MACD零轴上金叉 + 相对强弱>=0,1783,0.1383,0.0943,1.467,0.5446,0.449,0.0956,L2
全部卖点,MACD零轴上金叉 + 相对强弱>=5,1023,0.0899,0.0455,1.975,0.6168,0.449,0.1678,L2
全部卖点,MACD底背离 + BOLL收上中轨,313,0.0217,0.0187,1.159,0.4856,0.449,0.0366,L2
全部卖点,MACD底背离 + BOLL突破上轨,147,0.0125,0.0069,1.83,0.5986,0.449,0.1496,L2
全部卖点,MACD底背离 + BOLL触下轨反弹,115,0.0073,0.0074,0.978,0.4435,0.449,-0.0055,L2
全部卖点,MACD底背离 + BOLL开口扩张,321,0.0217,0.0196,1.104,0.4735,0.449,0.0245,L2
全部卖点,MACD底背离 + KDJ金叉态,317,0.0214,0.0194,1.102,0.4732,0.449,0.0242,L2
全部卖点,MACD底背离 + KDJ_J超卖,263,0.0181,0.0158,1.146,0.4829,0.449,0.0339,L2
全部卖点,MACD底背离 + RSI6大于50,323,0.0219,0.0196,1.118,0.4768,0.449,0.0278,L2
全部卖点,MACD底背离 + RSI金叉,150,0.011,0.0085,1.294,0.5133,0.449,0.0643,L2
全部卖点,MACD底背离 + RSI6超卖,156,0.0095,0.0103,0.924,0.4295,0.449,-0.0195,L2
全部卖点,MACD底背离 + RSI底背离,221,0.0152,0.0132,1.152,0.4842,0.449,0.0351,L2
全部卖点,MACD底背离 + 威科夫得分大于4,208,0.017,0.0103,1.641,0.5721,0.449,0.1231,L2
全部卖点,MACD底背离 + 威科夫得分大于7,136,0.0127,0.0055,2.324,0.6544,0.449,0.2054,L2
全部卖点,MACD底背离 + 积累阶段,114,0.0051,0.0091,0.566,0.3158,0.449,-0.1332,L2
全部卖点,MACD底背离 + 量能金叉,146,0.0095,0.0092,1.041,0.4589,0.449,0.0099,L2
全部卖点,MACD底背离 + 六脉红灯大于5,317,0.0215,0.0193,1.116,0.4763,0.449,0.0273,L2
全部卖点,MACD底背离 + 六脉红灯大于6,311,0.0211,0.0189,1.114,0.4759,0.449,0.0269,L2
全部卖点,MACD底背离 + 六脉6红首发,311,0.0211,0.0189,1.114,0.4759,0.449,0.0269,L2
全部卖点,MACD底背离 + 六脉5红首发,317,0.0215,0.0193,1.116,0.4763,0.449,0.0273,L2
全部卖点,MACD底背离 + 偏多共振,85,0.008,0.0034,2.37,0.6588,0.449,0.2098,L2
全部卖点,MACD底背离 + 多头共振,85,0.008,0.0034,2.37,0.6588,0.449,0.2098,L2
全部卖点,MACD底背离 + 中枢进机会区,233,0.016,0.014,1.136,0.4807,0.449,0.0317,L2
全部卖点,MACD底背离 + 中枢极限底,131,0.0097,0.0073,1.324,0.5191,0.449,0.0701,L2
全部卖点,MACD底背离 + 中枢上穿中轴,127,0.0101,0.0065,1.556,0.5591,0.449,0.11,L2
全部卖点,MACD底背离 + 中枢底部蓄力,62,0.0031,0.0046,0.675,0.3548,0.449,-0.0942,L2
全部卖点,MACD底背离 + 中枢底部回升,76,0.0041,0.0055,0.757,0.3816,0.449,-0.0674,L2
全部卖点,MACD底背离 + 大盘多头,116,0.0085,0.0065,1.315,0.5172,0.449,0.0682,L2
全部卖点,MACD底背离 + 大盘空头,166,0.0105,0.0107,0.987,0.4458,0.449,-0.0032,L2
全部卖点,MACD底背离 + 大盘安全,174,0.0123,0.0102,1.199,0.4943,0.449,0.0452,L2
全部卖点,MACD底背离 + SID等于1,116,0.0085,0.0065,1.315,0.5172,0.449,0.0682,L2
全部卖点,MACD底背离 + SID等于2,193,0.0141,0.0109,1.292,0.513,0.449,0.0639,L2
全部卖点,MACD底背离 + SID小于等于2,241,0.0172,0.0139,1.237,0.5021,0.449,0.0531,L2
全部卖点,MACD底背离 + 大盘5日上涨,255,0.0165,0.0161,1.024,0.4549,0.449,0.0059,L2
全部卖点,MACD底背离 + 相对强弱大于0,301,0.0211,0.0178,1.187,0.4917,0.449,0.0427,L2
全部卖点,MACD底背离 + 相对强弱大于5,171,0.0144,0.0081,1.771,0.5906,0.449,0.1416,L2
全部卖点,MACD底背离 + 量比>=1.3,206,0.015,0.0117,1.276,0.5097,0.449,0.0607,L2
全部卖点,MACD底背离 + 量比>=2,126,0.0085,0.0077,1.116,0.4762,0.449,0.0272,L2
全部卖点,MACD底背离 + 距前高<=10%,172,0.0135,0.0089,1.514,0.5523,0.449,0.1033,L2
全部卖点,MACD底背离 + 距前低<=10%,125,0.0053,0.0102,0.516,0.296,0.449,-0.153,L2
全部卖点,MACD底背离 + 相对强弱>=0,271,0.0194,0.0157,1.236,0.5018,0.449,0.0528,L2
全部卖点,MACD底背离 + 相对强弱>=5,133,0.0114,0.0062,1.852,0.6015,0.449,0.1525,L2
全部卖点,BOLL收上中轨 + BOLL突破上轨,9001,0.6494,0.5158,1.259,0.5064,0.449,0.0574,L2
全部卖点,BOLL收上中轨 + BOLL触下轨反弹,518,0.0296,0.036,0.823,0.4015,0.449,-0.0475,L2
全部卖点,BOLL收上中轨 + BOLL开口扩张,14466,0.946,0.9086,1.041,0.459,0.449,0.01,L2
全部卖点,BOLL收上中轨 + KDJ金叉态,14715,0.9491,0.935,1.015,0.4527,0.449,0.0037,L2
全部卖点,BOLL收上中轨 + KDJ_J超卖,2753,0.1683,0.1825,0.922,0.429,0.449,-0.02,L2
全部卖点,BOLL收上中轨 + KDJ低位金叉,65,0.0047,0.0037,1.265,0.5077,0.449,0.0587,L2
全部卖点,BOLL收上中轨 + KDJ_D小于30,371,0.0265,0.0215,1.234,0.5013,0.449,0.0523,L2
全部卖点,BOLL收上中轨 + RSI6大于50,15563,0.997,0.9944,1.003,0.4497,0.449,0.0006,L2
全部卖点,BOLL收上中轨 + RSI金叉,4772,0.3059,0.3048,1.004,0.4499,0.449,0.0009,L2
全部卖点,BOLL收上中轨 + RSI6超卖,507,0.0279,0.0361,0.773,0.3866,0.449,-0.0624,L2
全部卖点,BOLL收上中轨 + RSI底背离,241,0.017,0.0142,1.197,0.4938,0.449,0.0448,L2
全部卖点,BOLL收上中轨 + 威科夫得分大于4,11451,0.755,0.7143,1.057,0.4628,0.449,0.0137,L2
全部卖点,BOLL收上中轨 + 威科夫得分大于7,8197,0.5887,0.472,1.247,0.5041,0.449,0.0551,L2
全部卖点,BOLL收上中轨 + 积累阶段,1792,0.0631,0.1566,0.403,0.2472,0.449,-0.2018,L2
全部卖点,BOLL收上中轨 + 威科夫B1突破,401,0.0201,0.0302,0.665,0.3516,0.449,-0.0974,L2
全部卖点,BOLL收上中轨 + 黄金柱,1255,0.0705,0.0882,0.799,0.3944,0.449,-0.0546,L2
全部卖点,BOLL收上中轨 + 量能金叉,5026,0.3039,0.3359,0.905,0.4244,0.449,-0.0246,L2
全部卖点,BOLL收上中轨 + 六脉红灯大于5,14773,0.954,0.9378,1.017,0.4533,0.449,0.0042,L2
全部卖点,BOLL收上中轨 + 六脉红灯大于6,14107,0.9149,0.8923,1.025,0.4552,0.449,0.0062,L2
全部卖点,BOLL收上中轨 + 六脉6红首发,14107,0.9149,0.8923,1.025,0.4552,0.449,0.0062,L2
全部卖点,BOLL收上中轨 + 六脉5红首发,14773,0.954,0.9378,1.017,0.4533,0.449,0.0042,L2
全部卖点,BOLL收上中轨 + 偏多共振,5226,0.415,0.2685,1.545,0.5574,0.449,0.1084,L2
全部卖点,BOLL收上中轨 + 多头共振,5220,0.4144,0.2683,1.545,0.5573,0.449,0.1083,L2
全部卖点,BOLL收上中轨 + 火箭信号,2360,0.2113,0.1018,2.075,0.6284,0.449,0.1794,L2
全部卖点,BOLL收上中轨 + 二连板,524,0.053,0.0176,3.003,0.7099,0.449,0.2609,L2
全部卖点,BOLL收上中轨 + 二次涨停,418,0.0409,0.0152,2.688,0.6866,0.449,0.2376,L2
全部卖点,BOLL收上中轨 + 纳财,1732,0.1184,0.1046,1.132,0.4798,0.449,0.0308,L2
全部卖点,BOLL收上中轨 + 中枢进机会区,622,0.0369,0.0421,0.876,0.4164,0.449,-0.0326,L2
全部卖点,BOLL收上中轨 + 中枢极限底,229,0.0164,0.0132,1.238,0.5022,0.449,0.0532,L2
全部卖点,BOLL收上中轨 + 中枢上穿中轴,3157,0.2042,0.2002,1.02,0.4539,0.449,0.0049,L2
全部卖点,BOLL收上中轨 + 中枢底部蓄力,770,0.0433,0.0541,0.801,0.3948,0.449,-0.0542,L2
全部卖点,BOLL收上中轨 + 中枢底部回升,1070,0.0623,0.0735,0.847,0.4084,0.449,-0.0406,L2
全部卖点,BOLL收上中轨 + 大盘多头,8273,0.53,0.5286,1.003,0.4497,0.449,0.0006,L2
全部卖点,BOLL收上中轨 + 大盘空头,4641,0.2969,0.2969,1.0,0.449,0.449,0.0,L2
全部卖点,BOLL收上中轨 + 大盘安全,12108,0.7971,0.7562,1.054,0.4621,0.449,0.0131,L2
全部卖点,BOLL收上中轨 + SID等于1,8273,0.53,0.5286,1.003,0.4497,0.449,0.0006,L2
全部卖点,BOLL收上中轨 + SID等于2,9207,0.617,0.5661,1.09,0.4704,0.449,0.0214,L2
全部卖点,BOLL收上中轨 + SID小于等于2,13419,0.8845,0.8372,1.056,0.4626,0.449,0.0136,L2
全部卖点,BOLL收上中轨 + 大盘5日上涨,13769,0.8872,0.8757,1.013,0.4522,0.449,0.0032,L2
全部卖点,BOLL收上中轨 + 相对强弱大于0,15077,0.9739,0.9568,1.018,0.4534,0.449,0.0044,L2
全部卖点,BOLL收上中轨 + 相对强弱大于5,11207,0.7911,0.6564,1.205,0.4955,0.449,0.0465,L2
全部卖点,BOLL收上中轨 + 量比>=1.3,7398,0.5109,0.4426,1.154,0.4847,0.449,0.0357,L2
全部卖点,BOLL收上中轨 + 量比>=2,3692,0.2753,0.2043,1.347,0.5233,0.449,0.0743,L2
全部卖点,BOLL收上中轨 + 距前高<=10%,10962,0.7823,0.6352,1.232,0.5009,0.449,0.0519,L2
全部卖点,BOLL收上中轨 + 距前低<=10%,1672,0.0684,0.1384,0.494,0.2871,0.449,-0.1619,L2
全部卖点,BOLL收上中轨 + 相对强弱>=0,14302,0.9339,0.8995,1.038,0.4583,0.449,0.0093,L2
全部卖点,BOLL收上中轨 + 相对强弱>=5,9325,0.6797,0.5287,1.286,0.5116,0.449,0.0626,L2
全部卖点,BOLL突破上轨 + BOLL触下轨反弹,195,0.0145,0.0108,1.346,0.5231,0.449,0.0741,L2
全部卖点,BOLL突破上轨 + BOLL开口扩张,8947,0.6467,0.5118,1.264,0.5073,0.449,0.0583,L2
全部卖点,BOLL突破上轨 + KDJ金叉态,8838,0.6386,0.5057,1.263,0.5071,0.449,0.0581,L2
全部卖点,BOLL突破上轨 + KDJ_J超卖,1123,0.0835,0.0623,1.339,0.5218,0.449,0.0728,L2
全部卖点,BOLL突破上轨 + KDJ_D小于30,126,0.0104,0.0062,1.69,0.5794,0.449,0.1304,L2
全部卖点,BOLL突破上轨 + RSI6大于50,9001,0.6494,0.5158,1.259,0.5064,0.449,0.0574,L2
全部卖点,BOLL突破上轨 + RSI金叉,2293,0.1678,0.1295,1.296,0.5137,0.449,0.0647,L2
全部卖点,BOLL突破上轨 + RSI6超卖,145,0.0105,0.0082,1.279,0.5103,0.449,0.0613,L2
全部卖点,BOLL突破上轨 + RSI底背离,111,0.0088,0.0057,1.553,0.5586,0.449,0.1095,L2
全部卖点,BOLL突破上轨 + 威科夫得分大于4,7065,0.5102,0.4045,1.261,0.5069,0.449,0.0578,L2
全部卖点,BOLL突破上轨 + 威科夫得分大于7,5484,0.4256,0.2899,1.468,0.5447,0.449,0.0957,L2
全部卖点,BOLL突破上轨 + 积累阶段,611,0.0238,0.0515,0.462,0.2733,0.449,-0.1757,L2
全部卖点,BOLL突破上轨 + 威科夫B1突破,351,0.0175,0.0265,0.662,0.3504,0.449,-0.0986,L2
全部卖点,BOLL突破上轨 + 黄金柱,648,0.0405,0.0423,0.957,0.4383,0.449,-0.0107,L2
全部卖点,BOLL突破上轨 + 量能金叉,3258,0.2121,0.2054,1.033,0.457,0.449,0.008,L2
全部卖点,BOLL突破上轨 + 六脉红灯大于5,8896,0.6428,0.509,1.263,0.5072,0.449,0.0582,L2
全部卖点,BOLL突破上轨 + 六脉红灯大于6,8733,0.632,0.4989,1.267,0.508,0.449,0.0589,L2
全部卖点,BOLL突破上轨 + 六脉6红首发,8733,0.632,0.4989,1.267,0.508,0.449,0.0589,L2
全部卖点,BOLL突破上轨 + 六脉5红首发,8896,0.6428,0.509,1.263,0.5072,0.449,0.0582,L2
全部卖点,BOLL突破上轨 + 偏多共振,3381,0.2935,0.1534,1.914,0.6093,0.449,0.1603,L2
全部卖点,BOLL突破上轨 + 多头共振,3380,0.2933,0.1534,1.913,0.6092,0.449,0.1602,L2
全部卖点,BOLL突破上轨 + 火箭信号,2192,0.1986,0.0927,2.144,0.6359,0.449,0.1869,L2
全部卖点,BOLL突破上轨 + 二连板,506,0.052,0.0164,3.177,0.7213,0.449,0.2723,L2
全部卖点,BOLL突破上轨 + 二次涨停,354,0.0349,0.0127,2.758,0.6921,0.449,0.2431,L2
全部卖点,BOLL突破上轨 + 纳财,1258,0.0926,0.0706,1.312,0.5167,0.449,0.0677,L2
全部卖点,BOLL突破上轨 + 中枢进机会区,239,0.0204,0.0111,1.828,0.5983,0.449,0.1493,L2
全部卖点,BOLL突破上轨 + 中枢极限底,106,0.0098,0.0043,2.288,0.6509,0.449,0.2019,L2
全部卖点,BOLL突破上轨 + 中枢上穿中轴,1964,0.1388,0.1149,1.207,0.4959,0.449,0.0469,L2
全部卖点,BOLL突破上轨 + 中枢底部蓄力,337,0.0246,0.019,1.294,0.5134,0.449,0.0643,L2
全部卖点,BOLL突破上轨 + 中枢底部回升,501,0.036,0.0288,1.252,0.505,0.449,0.056,L2
全部卖点,BOLL突破上轨 + 大盘多头,5052,0.3609,0.2925,1.234,0.5014,0.449,0.0524,L2
全部卖点,BOLL突破上轨 + 大盘空头,2472,0.1816,0.139,1.307,0.5158,0.449,0.0668,L2
全部卖点,BOLL突破上轨 + 大盘安全,7079,0.5213,0.3971,1.313,0.5169,0.449,0.0679,L2
全部卖点,BOLL突破上轨 + SID等于1,5052,0.3609,0.2925,1.234,0.5014,0.449,0.0524,L2
全部卖点,BOLL突破上轨 + SID等于2,5334,0.4038,0.2903,1.391,0.5313,0.449,0.0823,L2
全部卖点,BOLL突破上轨 + SID小于等于2,7886,0.5828,0.4406,1.323,0.5188,0.449,0.0698,L2
全部卖点,BOLL突破上轨 + 大盘5日上涨,7907,0.5736,0.4506,1.273,0.5092,0.449,0.0602,L2
全部卖点,BOLL突破上轨 + 相对强弱大于0,8784,0.6367,0.501,1.271,0.5088,0.449,0.0598,L2
全部卖点,BOLL突破上轨 + 相对强弱大于5,7492,0.5703,0.4051,1.408,0.5343,0.449,0.0853,L2
全部卖点,BOLL突破上轨 + 量比>=1.3,5098,0.3867,0.2768,1.397,0.5324,0.449,0.0834,L2
全部卖点,BOLL突破上轨 + 量比>=2,2868,0.2281,0.1471,1.551,0.5582,0.449,0.1092,L2
全部卖点,BOLL突破上轨 + 距前高<=10%,6757,0.5237,0.3577,1.464,0.544,0.449,0.095,L2
全部卖点,BOLL突破上轨 + 距前低<=10%,578,0.0252,0.0466,0.542,0.3062,0.449,-0.1428,L2
全部卖点,BOLL突破上轨 + 相对强弱>=0,8563,0.6254,0.4845,1.291,0.5127,0.449,0.0637,L2
全部卖点,BOLL突破上轨 + 相对强弱>=5,6635,0.5126,0.3526,1.454,0.5423,0.449,0.0933,L2
全部卖点,BOLL触下轨反弹 + BOLL开口扩张,501,0.0295,0.0341,0.864,0.4132,0.449,-0.0358,L2
全部卖点,BOLL触下轨反弹 + KDJ金叉态,497,0.0281,0.0348,0.806,0.3964,0.449,-0.0526,L2
全部卖点,BOLL触下轨反弹 + KDJ_J超卖,269,0.0167,0.0176,0.945,0.4349,0.449,-0.0141,L2
全部卖点,BOLL触下轨反弹 + KDJ_D小于30,68,0.0043,0.0044,0.969,0.4412,0.449,-0.0078,L2
全部卖点,BOLL触下轨反弹 + RSI6大于50,535,0.0303,0.0374,0.812,0.3981,0.449,-0.0509,L2
全部卖点,BOLL触下轨反弹 + RSI金叉,359,0.0218,0.0239,0.911,0.4262,0.449,-0.0228,L2
全部卖点,BOLL触下轨反弹 + RSI6超卖,113,0.0053,0.0088,0.597,0.3274,0.449,-0.1216,L2
全部卖点,BOLL触下轨反弹 + RSI底背离,106,0.0061,0.0073,0.838,0.4057,0.449,-0.0434,L2
全部卖点,BOLL触下轨反弹 + 威科夫得分大于4,337,0.0218,0.0214,1.02,0.454,0.449,0.005,L2
全部卖点,BOLL触下轨反弹 + 威科夫得分大于7,209,0.0164,0.0109,1.501,0.5502,0.449,0.1012,L2
全部卖点,BOLL触下轨反弹 + 积累阶段,151,0.0057,0.0129,0.442,0.2649,0.449,-0.1841,L2
全部卖点,BOLL触下轨反弹 + 黄金柱,105,0.0054,0.0078,0.696,0.3619,0.449,-0.0871,L2
全部卖点,BOLL触下轨反弹 + 量能金叉,238,0.0132,0.0168,0.787,0.3908,0.449,-0.0583,L2
全部卖点,BOLL触下轨反弹 + 六脉红灯大于5,486,0.0284,0.0333,0.851,0.4095,0.449,-0.0395,L2
全部卖点,BOLL触下轨反弹 + 六脉红灯大于6,456,0.0266,0.0312,0.853,0.4101,0.449,-0.0389,L2
全部卖点,BOLL触下轨反弹 + 六脉6红首发,456,0.0266,0.0312,0.853,0.4101,0.449,-0.0389,L2
全部卖点,BOLL触下轨反弹 + 六脉5红首发,486,0.0284,0.0333,0.851,0.4095,0.449,-0.0395,L2
全部卖点,BOLL触下轨反弹 + 偏多共振,147,0.0121,0.0072,1.682,0.5782,0.449,0.1292,L2
全部卖点,BOLL触下轨反弹 + 多头共振,147,0.0121,0.0072,1.682,0.5782,0.449,0.1292,L2
全部卖点,BOLL触下轨反弹 + 火箭信号,60,0.0046,0.0033,1.402,0.5333,0.449,0.0843,L2
全部卖点,BOLL触下轨反弹 + 中枢进机会区,143,0.0083,0.0099,0.837,0.4056,0.449,-0.0434,L2
全部卖点,BOLL触下轨反弹 + 中枢上穿中轴,207,0.014,0.0127,1.103,0.4734,0.449,0.0244,L2
全部卖点,BOLL触下轨反弹 + 中枢底部蓄力,79,0.0038,0.006,0.637,0.3418,0.449,-0.1072,L2
全部卖点,BOLL触下轨反弹 + 中枢底部回升,123,0.0067,0.0088,0.759,0.3821,0.449,-0.0669,L2
全部卖点,BOLL触下轨反弹 + 大盘多头,199,0.0123,0.0131,0.934,0.4322,0.449,-0.0169,L2
全部卖点,BOLL触下轨反弹 + 大盘空头,252,0.0134,0.0183,0.73,0.373,0.449,-0.076,L2
全部卖点,BOLL触下轨反弹 + 大盘安全,303,0.0177,0.0208,0.85,0.4092,0.449,-0.0398,L2
全部卖点,BOLL触下轨反弹 + SID等于1,199,0.0123,0.0131,0.934,0.4322,0.449,-0.0169,L2
全部卖点,BOLL触下轨反弹 + SID等于2,297,0.0181,0.0197,0.917,0.4276,0.449,-0.0214,L2
全部卖点,BOLL触下轨反弹 + SID小于等于2,385,0.0232,0.0258,0.901,0.4234,0.449,-0.0256,L2
全部卖点,BOLL触下轨反弹 + 大盘5日上涨,412,0.0224,0.0296,0.756,0.3811,0.449,-0.0679,L2
全部卖点,BOLL触下轨反弹 + 相对强弱大于0,482,0.0279,0.0332,0.841,0.4066,0.449,-0.0424,L2
全部卖点,BOLL触下轨反弹 + 相对强弱大于5,235,0.0171,0.0134,1.28,0.5106,0.449,0.0616,L2
全部卖点,BOLL触下轨反弹 + 量比>=1.3,348,0.0211,0.0232,0.908,0.4253,0.449,-0.0237,L2
全部卖点,BOLL触下轨反弹 + 量比>=2,189,0.0124,0.0118,1.047,0.4603,0.449,0.0113,L2
全部卖点,BOLL触下轨反弹 + 距前高<=10%,337,0.0238,0.0197,1.205,0.4955,0.449,0.0465,L2
全部卖点,BOLL触下轨反弹 + 距前低<=10%,160,0.007,0.0129,0.542,0.3063,0.449,-0.1428,L2
全部卖点,BOLL触下轨反弹 + 相对强弱>=0,427,0.0251,0.0291,0.86,0.4122,0.449,-0.0368,L2
全部卖点,BOLL触下轨反弹 + 相对强弱>=5,163,0.0115,0.0095,1.212,0.4969,0.449,0.0479,L2
全部卖点,BOLL开口扩张 + KDJ金叉态,13821,0.9084,0.8644,1.051,0.4613,0.449,0.0123,L2
全部卖点,BOLL开口扩张 + KDJ_J超卖,2500,0.1553,0.1637,0.949,0.436,0.449,-0.013,L2
全部卖点,BOLL开口扩张 + KDJ低位金叉,67,0.0047,0.0039,1.191,0.4925,0.449,0.0435,L2
全部卖点,BOLL开口扩张 + KDJ_D小于30,344,0.0246,0.0199,1.241,0.5029,0.449,0.0539,L2
全部卖点,BOLL开口扩张 + RSI6大于50,14485,0.9464,0.9105,1.039,0.4586,0.449,0.0096,L2
全部卖点,BOLL开口扩张 + RSI金叉,4276,0.2828,0.266,1.063,0.4642,0.449,0.0152,L2
全部卖点,BOLL开口扩张 + RSI6超卖,508,0.0275,0.0366,0.752,0.3799,0.449,-0.0691,L2
全部卖点,BOLL开口扩张 + RSI底背离,252,0.0171,0.0153,1.116,0.4762,0.449,0.0272,L2
全部卖点,BOLL开口扩张 + 威科夫得分大于4,10759,0.7222,0.6606,1.093,0.4711,0.449,0.0221,L2
全部卖点,BOLL开口扩张 + 威科夫得分大于7,7834,0.569,0.4458,1.276,0.5098,0.449,0.0608,L2
全部卖点,BOLL开口扩张 + 积累阶段,1558,0.0557,0.1355,0.411,0.251,0.449,-0.1981,L2
全部卖点,BOLL开口扩张 + 威科夫B1突破,398,0.0201,0.0298,0.673,0.3543,0.449,-0.0947,L2
全部卖点,BOLL开口扩张 + 黄金柱,1145,0.0657,0.0794,0.827,0.4026,0.449,-0.0464,L2
全部卖点,BOLL开口扩张 + 量能金叉,4741,0.2889,0.315,0.917,0.4278,0.449,-0.0213,L2
全部卖点,BOLL开口扩张 + 六脉红灯大于5,13934,0.9148,0.8723,1.049,0.4608,0.449,0.0118,L2
全部卖点,BOLL开口扩张 + 六脉红灯大于6,13376,0.8817,0.8344,1.057,0.4627,0.449,0.0137,L2
全部卖点,BOLL开口扩张 + 六脉6红首发,13376,0.8817,0.8344,1.057,0.4627,0.449,0.0137,L2
全部卖点,BOLL开口扩张 + 六脉5红首发,13934,0.9148,0.8723,1.049,0.4608,0.449,0.0118,L2
全部卖点,BOLL开口扩张 + 偏多共振,4913,0.3976,0.2464,1.614,0.5681,0.449,0.1191,L2
全部卖点,BOLL开口扩张 + 多头共振,4907,0.3971,0.2461,1.613,0.568,0.449,0.1189,L2
全部卖点,BOLL开口扩张 + 火箭信号,2344,0.2103,0.1008,2.087,0.6297,0.449,0.1807,L2
全部卖点,BOLL开口扩张 + 二连板,523,0.053,0.0175,3.023,0.7113,0.449,0.2623,L2
全部卖点,BOLL开口扩张 + 二次涨停,413,0.0403,0.0151,2.671,0.6852,0.449,0.2362,L2
全部卖点,BOLL开口扩张 + 纳财,1658,0.1141,0.0995,1.147,0.4831,0.449,0.0341,L2
全部卖点,BOLL开口扩张 + 中枢进机会区,584,0.0355,0.0389,0.912,0.4264,0.449,-0.0226,L2
全部卖点,BOLL开口扩张 + 中枢极限底,230,0.0162,0.0135,1.206,0.4957,0.449,0.0466,L2
全部卖点,BOLL开口扩张 + 中枢上穿中轴,3023,0.1972,0.1903,1.036,0.4578,0.449,0.0088,L2
全部卖点,BOLL开口扩张 + 中枢底部蓄力,668,0.039,0.0457,0.853,0.4102,0.449,-0.0388,L2
全部卖点,BOLL开口扩张 + 中枢底部回升,958,0.057,0.0648,0.88,0.4175,0.449,-0.0315,L2
全部卖点,BOLL开口扩张 + 大盘多头,7712,0.5048,0.484,1.043,0.4594,0.449,0.0104,L2
全部卖点,BOLL开口扩张 + 大盘空头,4358,0.2835,0.2749,1.031,0.4566,0.449,0.0076,L2
全部卖点,BOLL开口扩张 + 大盘安全,11244,0.7551,0.6901,1.094,0.4714,0.449,0.0223,L2
全部卖点,BOLL开口扩张 + SID等于1,7712,0.5048,0.484,1.043,0.4594,0.449,0.0104,L2
全部卖点,BOLL开口扩张 + SID等于2,8536,0.5854,0.514,1.139,0.4814,0.449,0.0324,L2
全部卖点,BOLL开口扩张 + SID小于等于2,12481,0.8397,0.7648,1.098,0.4722,0.449,0.0232,L2
全部卖点,BOLL开口扩张 + 大盘5日上涨,12794,0.8407,0.8003,1.051,0.4612,0.449,0.0122,L2
全部卖点,BOLL开口扩张 + 相对强弱大于0,14051,0.9256,0.877,1.055,0.4624,0.449,0.0134,L2
全部卖点,BOLL开口扩张 + 相对强弱大于5,10736,0.7681,0.6206,1.238,0.5021,0.449,0.0531,L2
全部卖点,BOLL开口扩张 + 量比>=1.3,7032,0.4925,0.4151,1.187,0.4916,0.449,0.0426,L2
全部卖点,BOLL开口扩张 + 量比>=2,3562,0.269,0.1944,1.384,0.53,0.449,0.081,L2
全部卖点,BOLL开口扩张 + 距前高<=10%,10364,0.7495,0.5925,1.265,0.5076,0.449,0.0586,L2
全部卖点,BOLL开口扩张 + 距前低<=10%,1518,0.0617,0.126,0.49,0.2852,0.449,-0.1638,L2
全部卖点,BOLL开口扩张 + 相对强弱>=0,13392,0.8914,0.8284,1.076,0.4672,0.449,0.0182,L2
全部卖点,BOLL开口扩张 + 相对强弱>=5,9014,0.6643,0.5052,1.315,0.5173,0.449,0.0683,L2
全部卖点,KDJ金叉态 + KDJ_J超卖,2285,0.1418,0.1498,0.946,0.4354,0.449,-0.0136,L2
全部卖点,KDJ金叉态 + KDJ低位金叉,73,0.0048,0.0045,1.07,0.4658,0.449,0.0167,L2
全部卖点,KDJ金叉态 + KDJ_D小于30,374,0.0261,0.0222,1.176,0.4893,0.449,0.0403,L2
全部卖点,KDJ金叉态 + RSI6大于50,14751,0.9504,0.9381,1.013,0.4522,0.449,0.0032,L2
全部卖点,KDJ金叉态 + RSI金叉,4316,0.2805,0.2725,1.029,0.4562,0.449,0.0072,L2
全部卖点,KDJ金叉态 + RSI6超卖,457,0.0248,0.0329,0.754,0.3807,0.449,-0.0683,L2
全部卖点,KDJ金叉态 + RSI底背离,240,0.0161,0.0147,1.092,0.4708,0.449,0.0218,L2
全部卖点,KDJ金叉态 + 威科夫得分大于4,10835,0.7172,0.6735,1.065,0.4646,0.449,0.0156,L2
全部卖点,KDJ金叉态 + 威科夫得分大于7,7796,0.5646,0.445,1.269,0.5083,0.449,0.0593,L2
全部卖点,KDJ金叉态 + 积累阶段,1719,0.0613,0.1497,0.409,0.2501,0.449,-0.1989,L2
全部卖点,KDJ金叉态 + 威科夫B1突破,398,0.0199,0.03,0.666,0.3518,0.449,-0.0973,L2
全部卖点,KDJ金叉态 + 黄金柱,1153,0.0651,0.0808,0.806,0.3964,0.449,-0.0527,L2
全部卖点,KDJ金叉态 + 量能金叉,4807,0.2908,0.3211,0.905,0.4246,0.449,-0.0244,L2
全部卖点,KDJ金叉态 + 六脉红灯大于5,14572,0.94,0.9258,1.015,0.4528,0.449,0.0038,L2
全部卖点,KDJ金叉态 + 六脉红灯大于6,14098,0.9131,0.8927,1.023,0.4546,0.449,0.0056,L2
全部卖点,KDJ金叉态 + 六脉6红首发,14098,0.9131,0.8927,1.023,0.4546,0.449,0.0056,L2
全部卖点,KDJ金叉态 + 六脉5红首发,14572,0.94,0.9258,1.015,0.4528,0.449,0.0038,L2
全部卖点,KDJ金叉态 + 偏多共振,4906,0.3951,0.2476,1.595,0.5652,0.449,0.1162,L2
全部卖点,KDJ金叉态 + 多头共振,4900,0.3945,0.2474,1.594,0.5651,0.449,0.1161,L2
全部卖点,KDJ金叉态 + 火箭信号,2352,0.2109,0.1012,2.083,0.6293,0.449,0.1802,L2
全部卖点,KDJ金叉态 + 二连板,524,0.053,0.0176,3.003,0.7099,0.449,0.2609,L2
全部卖点,KDJ金叉态 + 二次涨停,413,0.0406,0.0149,2.732,0.6901,0.449,0.2411,L2
全部卖点,KDJ金叉态 + 纳财,1693,0.1163,0.1018,1.142,0.482,0.449,0.033,L2
全部卖点,KDJ金叉态 + 中枢进机会区,602,0.0352,0.0412,0.854,0.4103,0.449,-0.0387,L2
全部卖点,KDJ金叉态 + 中枢极限底,220,0.016,0.0125,1.273,0.5091,0.449,0.0601,L2
全部卖点,KDJ金叉态 + 中枢上穿中轴,3086,0.2006,0.1948,1.03,0.4563,0.449,0.0072,L2
全部卖点,KDJ金叉态 + 中枢底部蓄力,789,0.044,0.0557,0.79,0.3916,0.449,-0.0574,L2
全部卖点,KDJ金叉态 + 中枢底部回升,1087,0.063,0.0749,0.841,0.4066,0.449,-0.0424,L2
全部卖点,KDJ金叉态 + 大盘多头,7845,0.5049,0.4994,1.011,0.4518,0.449,0.0027,L2
全部卖点,KDJ金叉态 + 大盘空头,4452,0.2857,0.2841,1.005,0.4504,0.449,0.0013,L2
全部卖点,KDJ金叉态 + 大盘安全,11465,0.7591,0.7125,1.065,0.4647,0.449,0.0157,L2
全部卖点,KDJ金叉态 + SID等于1,7845,0.5049,0.4994,1.011,0.4518,0.449,0.0027,L2
全部卖点,KDJ金叉态 + SID等于2,8738,0.5905,0.5333,1.107,0.4744,0.449,0.0254,L2
全部卖点,KDJ金叉态 + SID小于等于2,12717,0.844,0.7887,1.07,0.4658,0.449,0.0168,L2
全部卖点,KDJ金叉态 + 大盘5日上涨,13105,0.8474,0.831,1.02,0.4539,0.449,0.0049,L2
全部卖点,KDJ金叉态 + 相对强弱大于0,14288,0.9281,0.9026,1.028,0.4559,0.449,0.0069,L2
全部卖点,KDJ金叉态 + 相对强弱大于5,10732,0.7619,0.6251,1.219,0.4983,0.449,0.0493,L2
全部卖点,KDJ金叉态 + 量比>=1.3,7073,0.491,0.4211,1.166,0.4872,0.449,0.0382,L2
全部卖点,KDJ金叉态 + 量比>=2,3562,0.2667,0.1962,1.359,0.5255,0.449,0.0765,L2
全部卖点,KDJ金叉态 + 距前高<=10%,10351,0.7436,0.5958,1.248,0.5042,0.449,0.0552,L2
全部卖点,KDJ金叉态 + 距前低<=10%,1628,0.066,0.1353,0.488,0.2844,0.449,-0.1646,L2
全部卖点,KDJ金叉态 + 相对强弱>=0,13593,0.8926,0.8508,1.049,0.4609,0.449,0.0119,L2
全部卖点,KDJ金叉态 + 相对强弱>=5,9003,0.6595,0.5078,1.299,0.5142,0.449,0.0651,L2
全部卖点,KDJ_J超卖 + KDJ_D小于30,128,0.0078,0.0085,0.925,0.4297,0.449,-0.0193,L2
全部卖点,KDJ_J超卖 + RSI6大于50,2764,0.1687,0.1834,0.92,0.4284,0.449,-0.0207,L2
全部卖点,KDJ_J超卖 + RSI金叉,1160,0.0742,0.0742,1.0,0.4491,0.449,0.0001,L2
全部卖点,KDJ_J超卖 + RSI6超卖,471,0.0265,0.0331,0.801,0.3949,0.449,-0.0541,L2
全部卖点,KDJ_J超卖 + RSI底背离,211,0.0147,0.0125,1.17,0.4882,0.449,0.0391,L2
全部卖点,KDJ_J超卖 + 威科夫得分大于4,1976,0.1282,0.1249,1.026,0.4555,0.449,0.0065,L2
全部卖点,KDJ_J超卖 + 威科夫得分大于7,1312,0.0939,0.0758,1.238,0.5023,0.449,0.0533,L2
全部卖点,KDJ_J超卖 + 积累阶段,548,0.0184,0.0486,0.378,0.2354,0.449,-0.2136,L2
全部卖点,KDJ_J超卖 + 威科夫B1突破,53,0.0019,0.0046,0.399,0.2453,0.449,-0.2037,L2
全部卖点,KDJ_J超卖 + 黄金柱,320,0.0189,0.0217,0.873,0.4156,0.449,-0.0334,L2
全部卖点,KDJ_J超卖 + 量能金叉,1042,0.0596,0.0724,0.822,0.4012,0.449,-0.0479,L2
全部卖点,KDJ_J超卖 + 六脉红灯大于5,2297,0.1445,0.149,0.97,0.4414,0.449,-0.0076,L2
全部卖点,KDJ_J超卖 + 六脉红灯大于6,2028,0.1284,0.1308,0.981,0.4443,0.449,-0.0047,L2
全部卖点,KDJ_J超卖 + 六脉6红首发,2028,0.1284,0.1308,0.981,0.4443,0.449,-0.0047,L2
全部卖点,KDJ_J超卖 + 六脉5红首发,2297,0.1445,0.149,0.97,0.4414,0.449,-0.0076,L2
全部卖点,KDJ_J超卖 + 偏多共振,921,0.0701,0.0498,1.407,0.5342,0.449,0.0852,L2
全部卖点,KDJ_J超卖 + 多头共振,920,0.07,0.0498,1.404,0.5337,0.449,0.0847,L2
全部卖点,KDJ_J超卖 + 火箭信号,283,0.0262,0.0115,2.281,0.6502,0.449,0.2012,L2
全部卖点,KDJ_J超卖 + 二次涨停,54,0.0051,0.0021,2.454,0.6667,0.449,0.2177,L2
全部卖点,KDJ_J超卖 + 纳财,259,0.0171,0.0161,1.059,0.4633,0.449,0.0143,L2
全部卖点,KDJ_J超卖 + 中枢进机会区,459,0.0296,0.0291,1.017,0.4532,0.449,0.0041,L2
全部卖点,KDJ_J超卖 + 中枢极限底,220,0.0158,0.0127,1.25,0.5045,0.449,0.0555,L2
全部卖点,KDJ_J超卖 + 中枢上穿中轴,532,0.0339,0.0341,0.993,0.4474,0.449,-0.0016,L2
全部卖点,KDJ_J超卖 + 中枢底部蓄力,109,0.0058,0.0079,0.74,0.3761,0.449,-0.0729,L2
全部卖点,KDJ_J超卖 + 中枢底部回升,143,0.008,0.0101,0.79,0.3916,0.449,-0.0574,L2
全部卖点,KDJ_J超卖 + 大盘多头,1410,0.0845,0.0949,0.891,0.4206,0.449,-0.0284,L2
全部卖点,KDJ_J超卖 + 大盘空头,896,0.0568,0.0577,0.985,0.4453,0.449,-0.0037,L2
全部卖点,KDJ_J超卖 + 大盘安全,1968,0.1205,0.1303,0.925,0.4299,0.449,-0.0191,L2
全部卖点,KDJ_J超卖 + SID等于1,1410,0.0845,0.0949,0.891,0.4206,0.449,-0.0284,L2
全部卖点,KDJ_J超卖 + SID等于2,1717,0.104,0.1146,0.908,0.4252,0.449,-0.0239,L2
全部卖点,KDJ_J超卖 + SID小于等于2,2287,0.1396,0.1517,0.92,0.4285,0.449,-0.0205,L2
全部卖点,KDJ_J超卖 + 大盘5日上涨,2268,0.1369,0.1517,0.902,0.4237,0.449,-0.0253,L2
全部卖点,KDJ_J超卖 + 相对强弱大于0,2642,0.1643,0.1729,0.95,0.4364,0.449,-0.0126,L2
全部卖点,KDJ_J超卖 + 相对强弱大于5,1712,0.1194,0.1015,1.177,0.4895,0.449,0.0405,L2
全部卖点,KDJ_J超卖 + 量比>=1.3,1573,0.0994,0.1016,0.979,0.4437,0.449,-0.0053,L2
全部卖点,KDJ_J超卖 + 量比>=2,815,0.0558,0.0491,1.137,0.481,0.449,0.032,L2
全部卖点,KDJ_J超卖 + 距前高<=10%,1747,0.121,0.1043,1.16,0.486,0.449,0.037,L2
全部卖点,KDJ_J超卖 + 距前低<=10%,456,0.0198,0.0368,0.538,0.3048,0.449,-0.1442,L2
全部卖点,KDJ_J超卖 + 相对强弱>=0,2416,0.1513,0.1572,0.962,0.4396,0.449,-0.0094,L2
全部卖点,KDJ_J超卖 + 相对强弱>=5,1261,0.0937,0.07,1.339,0.5218,0.449,0.0728,L2
全部卖点,KDJ低位金叉 + KDJ_D小于30,73,0.0048,0.0045,1.07,0.4658,0.449,0.0167,L2
全部卖点,KDJ低位金叉 + RSI6大于50,71,0.0048,0.0043,1.128,0.4789,0.449,0.0299,L2
全部卖点,KDJ低位金叉 + RSI金叉,64,0.0047,0.0036,1.306,0.5156,0.449,0.0666,L2
全部卖点,KDJ低位金叉 + 六脉红灯大于5,71,0.0048,0.0043,1.128,0.4789,0.449,0.0299,L2
全部卖点,KDJ低位金叉 + 六脉红灯大于6,68,0.0047,0.0041,1.157,0.4853,0.449,0.0363,L2
全部卖点,KDJ低位金叉 + 六脉6红首发,68,0.0047,0.0041,1.157,0.4853,0.449,0.0363,L2
全部卖点,KDJ低位金叉 + 六脉5红首发,71,0.0048,0.0043,1.128,0.4789,0.449,0.0299,L2
全部卖点,KDJ低位金叉 + 大盘5日上涨,66,0.0044,0.0041,1.087,0.4697,0.449,0.0207,L2
全部卖点,KDJ低位金叉 + 相对强弱大于0,62,0.0044,0.0036,1.227,0.5,0.449,0.051,L2
全部卖点,KDJ低位金叉 + 量比>=1.3,68,0.0044,0.0043,1.028,0.4559,0.449,0.0069,L2
全部卖点,KDJ低位金叉 + 相对强弱>=0,53,0.004,0.0029,1.374,0.5283,0.449,0.0793,L2
全部卖点,KDJ_D小于30 + RSI6大于50,388,0.0271,0.023,1.178,0.4897,0.449,0.0407,L2
全部卖点,KDJ_D小于30 + RSI金叉,291,0.0202,0.0173,1.169,0.488,0.449,0.039,L2
全部卖点,KDJ_D小于30 + 威科夫得分大于4,136,0.0107,0.0071,1.509,0.5515,0.449,0.1025,L2
全部卖点,KDJ_D小于30 + 威科夫得分大于7,72,0.0058,0.0036,1.623,0.5694,0.449,0.1204,L2
全部卖点,KDJ_D小于30 + 积累阶段,142,0.0064,0.0113,0.569,0.3169,0.449,-0.1321,L2
全部卖点,KDJ_D小于30 + 黄金柱,73,0.0053,0.0042,1.261,0.5068,0.449,0.0578,L2
全部卖点,KDJ_D小于30 + 量能金叉,245,0.0182,0.0136,1.342,0.5224,0.449,0.0734,L2
全部卖点,KDJ_D小于30 + 六脉红灯大于5,366,0.0258,0.0215,1.201,0.4945,0.449,0.0455,L2
全部卖点,KDJ_D小于30 + 六脉红灯大于6,359,0.0252,0.0211,1.193,0.493,0.449,0.044,L2
全部卖点,KDJ_D小于30 + 六脉6红首发,359,0.0252,0.0211,1.193,0.493,0.449,0.044,L2
全部卖点,KDJ_D小于30 + 六脉5红首发,366,0.0258,0.0215,1.201,0.4945,0.449,0.0455,L2
全部卖点,KDJ_D小于30 + 偏多共振,73,0.0076,0.0023,3.252,0.726,0.449,0.277,L2
全部卖点,KDJ_D小于30 + 多头共振,73,0.0076,0.0023,3.252,0.726,0.449,0.277,L2
全部卖点,KDJ_D小于30 + 火箭信号,109,0.0091,0.0052,1.745,0.5872,0.449,0.1381,L2
全部卖点,KDJ_D小于30 + 中枢进机会区,68,0.0036,0.005,0.713,0.3676,0.449,-0.0814,L2
全部卖点,KDJ_D小于30 + 中枢上穿中轴,255,0.0201,0.0132,1.518,0.5529,0.449,0.1039,L2
全部卖点,KDJ_D小于30 + 中枢底部蓄力,199,0.0131,0.0124,1.055,0.4623,0.449,0.0133,L2
全部卖点,KDJ_D小于30 + 中枢底部回升,230,0.016,0.0137,1.165,0.487,0.449,0.0379,L2
全部卖点,KDJ_D小于30 + 大盘多头,104,0.0077,0.0058,1.325,0.5192,0.449,0.0702,L2
全部卖点,KDJ_D小于30 + 大盘空头,215,0.015,0.0128,1.171,0.4884,0.449,0.0394,L2
全部卖点,KDJ_D小于30 + 大盘安全,223,0.0165,0.0124,1.33,0.5202,0.449,0.0712,L2
全部卖点,KDJ_D小于30 + SID等于1,104,0.0077,0.0058,1.325,0.5192,0.449,0.0702,L2
全部卖点,KDJ_D小于30 + SID等于2,245,0.0175,0.0142,1.237,0.502,0.449,0.053,L2
全部卖点,KDJ_D小于30 + SID小于等于2,283,0.0204,0.0163,1.253,0.5053,0.449,0.0563,L2
全部卖点,KDJ_D小于30 + 大盘5日上涨,331,0.0235,0.0193,1.22,0.4985,0.449,0.0495,L2
全部卖点,KDJ_D小于30 + 相对强弱大于0,363,0.0258,0.0211,1.22,0.4986,0.449,0.0496,L2
全部卖点,KDJ_D小于30 + 相对强弱大于5,209,0.0164,0.0109,1.501,0.5502,0.449,0.1012,L2
全部卖点,KDJ_D小于30 + 量比>=1.3,305,0.0219,0.0175,1.251,0.5049,0.449,0.0559,L2
全部卖点,KDJ_D小于30 + 量比>=2,218,0.016,0.0123,1.297,0.5138,0.449,0.0647,L2
全部卖点,KDJ_D小于30 + 距前高<=10%,207,0.0178,0.0095,1.871,0.6039,0.449,0.1548,L2
全部卖点,KDJ_D小于30 + 距前低<=10%,105,0.0044,0.0086,0.514,0.2952,0.449,-0.1538,L2
全部卖点,KDJ_D小于30 + 相对强弱>=0,319,0.0234,0.018,1.298,0.5141,0.449,0.0651,L2
全部卖点,KDJ_D小于30 + 相对强弱>=5,159,0.0131,0.0078,1.685,0.5786,0.449,0.1296,L2
全部卖点,RSI6大于50 + RSI金叉,4800,0.3073,0.3069,1.001,0.4494,0.449,0.0004,L2
全部卖点,RSI6大于50 + RSI6超卖,520,0.0284,0.0373,0.761,0.3827,0.449,-0.0663,L2
全部卖点,RSI6大于50 + RSI底背离,255,0.0174,0.0154,1.126,0.4784,0.449,0.0294,L2
全部卖点,RSI6大于50 + 威科夫得分大于4,11450,0.7547,0.7144,1.056,0.4626,0.449,0.0136,L2
全部卖点,RSI6大于50 + 威科夫得分大于7,8195,0.5884,0.472,1.247,0.504,0.449,0.055,L2
全部卖点,RSI6大于50 + 积累阶段,1808,0.0635,0.1581,0.402,0.2467,0.449,-0.2023,L2
全部卖点,RSI6大于50 + 威科夫B1突破,401,0.0201,0.0302,0.665,0.3516,0.449,-0.0974,L2
全部卖点,RSI6大于50 + 黄金柱,1261,0.071,0.0886,0.801,0.3949,0.449,-0.0541,L2
全部卖点,RSI6大于50 + 量能金叉,5029,0.3039,0.3362,0.904,0.4241,0.449,-0.0249,L2
全部卖点,RSI6大于50 + 六脉红灯大于5,14808,0.9553,0.9408,1.015,0.4528,0.449,0.0038,L2
全部卖点,RSI6大于50 + 六脉红灯大于6,14135,0.9159,0.8947,1.024,0.4548,0.449,0.0058,L2
全部卖点,RSI6大于50 + 六脉6红首发,14135,0.9159,0.8947,1.024,0.4548,0.449,0.0058,L2
全部卖点,RSI6大于50 + 六脉5红首发,14808,0.9553,0.9408,1.015,0.4528,0.449,0.0038,L2
全部卖点,RSI6大于50 + 偏多共振,5224,0.4147,0.2685,1.544,0.5572,0.449,0.1082,L2
全部卖点,RSI6大于50 + 多头共振,5218,0.4142,0.2683,1.544,0.5571,0.449,0.1081,L2
全部卖点,RSI6大于50 + 火箭信号,2360,0.2113,0.1018,2.075,0.6284,0.449,0.1794,L2
全部卖点,RSI6大于50 + 二连板,524,0.053,0.0176,3.003,0.7099,0.449,0.2609,L2
全部卖点,RSI6大于50 + 二次涨停,418,0.0409,0.0152,2.688,0.6866,0.449,0.2376,L2
全部卖点,RSI6大于50 + 纳财,1732,0.1184,0.1046,1.132,0.4798,0.449,0.0308,L2
全部卖点,RSI6大于50 + 中枢进机会区,632,0.0372,0.0431,0.863,0.413,0.449,-0.036,L2
全部卖点,RSI6大于50 + 中枢极限底,231,0.0165,0.0134,1.238,0.5022,0.449,0.0531,L2
全部卖点,RSI6大于50 + 中枢上穿中轴,3161,0.2044,0.2004,1.02,0.454,0.449,0.005,L2
全部卖点,RSI6大于50 + 中枢底部蓄力,789,0.044,0.0557,0.79,0.3916,0.449,-0.0574,L2
全部卖点,RSI6大于50 + 中枢底部回升,1088,0.063,0.075,0.84,0.4062,0.449,-0.0428,L2
全部卖点,RSI6大于50 + 大盘多头,8277,0.53,0.5291,1.002,0.4494,0.449,0.0004,L2
全部卖点,RSI6大于50 + 大盘空头,4664,0.2978,0.2989,0.996,0.4481,0.449,-0.0009,L2
全部卖点,RSI6大于50 + 大盘安全,12125,0.7975,0.7578,1.052,0.4617,0.449,0.0127,L2
全部卖点,RSI6大于50 + SID等于1,8277,0.53,0.5291,1.002,0.4494,0.449,0.0004,L2
全部卖点,RSI6大于50 + SID等于2,9228,0.6176,0.5681,1.087,0.4698,0.449,0.0208,L2
全部卖点,RSI6大于50 + SID小于等于2,13440,0.885,0.8392,1.055,0.4622,0.449,0.0132,L2
全部卖点,RSI6大于50 + 大盘5日上涨,13801,0.8882,0.8786,1.011,0.4517,0.449,0.0027,L2
全部卖点,RSI6大于50 + 相对强弱大于0,15102,0.9746,0.9591,1.016,0.453,0.449,0.004,L2
全部卖点,RSI6大于50 + 相对强弱大于5,11206,0.7911,0.6563,1.205,0.4955,0.449,0.0465,L2
全部卖点,RSI6大于50 + 量比>=1.3,7416,0.5115,0.4442,1.151,0.4841,0.449,0.0351,L2
全部卖点,RSI6大于50 + 量比>=2,3701,0.2754,0.2053,1.342,0.5223,0.449,0.0733,L2
全部卖点,RSI6大于50 + 距前高<=10%,10971,0.7826,0.636,1.23,0.5007,0.449,0.0517,L2
全部卖点,RSI6大于50 + 距前低<=10%,1700,0.0694,0.1408,0.493,0.2865,0.449,-0.1625,L2
全部卖点,RSI6大于50 + 相对强弱>=0,14323,0.9347,0.9012,1.037,0.4581,0.449,0.0091,L2
全部卖点,RSI6大于50 + 相对强弱>=5,9326,0.6797,0.5289,1.285,0.5116,0.449,0.0626,L2
全部卖点,RSI金叉 + RSI6超卖,200,0.0103,0.0149,0.69,0.36,0.449,-0.089,L2
全部卖点,RSI金叉 + RSI底背离,143,0.0101,0.0084,1.21,0.4965,0.449,0.0475,L2
全部卖点,RSI金叉 + 威科夫得分大于4,3554,0.2345,0.2215,1.059,0.4631,0.449,0.0141,L2
全部卖点,RSI金叉 + 威科夫得分大于7,2574,0.1822,0.1504,1.212,0.4969,0.449,0.0479,L2
全部卖点,RSI金叉 + 积累阶段,631,0.0228,0.0547,0.417,0.2536,0.449,-0.1954,L2
全部卖点,RSI金叉 + 威科夫B1突破,126,0.0057,0.01,0.571,0.3175,0.449,-0.1316,L2
全部卖点,RSI金叉 + 黄金柱,742,0.0415,0.0524,0.792,0.3922,0.449,-0.0568,L2
全部卖点,RSI金叉 + 量能金叉,1693,0.1034,0.1123,0.921,0.4288,0.449,-0.0202,L2
全部卖点,RSI金叉 + 六脉红灯大于5,4295,0.2801,0.2704,1.036,0.4577,0.449,0.0087,L2
全部卖点,RSI金叉 + 六脉红灯大于6,3948,0.2589,0.2474,1.046,0.4602,0.449,0.0112,L2
全部卖点,RSI金叉 + 六脉6红首发,3948,0.2589,0.2474,1.046,0.4602,0.449,0.0112,L2
全部卖点,RSI金叉 + 六脉5红首发,4295,0.2801,0.2704,1.036,0.4577,0.449,0.0087,L2
全部卖点,RSI金叉 + 偏多共振,1873,0.1426,0.1012,1.409,0.5344,0.449,0.0854,L2
全部卖点,RSI金叉 + 多头共振,1871,0.1423,0.1012,1.406,0.5339,0.449,0.0849,L2
全部卖点,RSI金叉 + 火箭信号,814,0.0701,0.0374,1.875,0.6044,0.449,0.1554,L2
全部卖点,RSI金叉 + 二连板,114,0.0104,0.0048,2.185,0.6404,0.449,0.1913,L2
全部卖点,RSI金叉 + 二次涨停,188,0.0178,0.0073,2.435,0.6649,0.449,0.2159,L2
全部卖点,RSI金叉 + 纳财,468,0.0313,0.0288,1.089,0.4701,0.449,0.0211,L2
全部卖点,RSI金叉 + 中枢进机会区,276,0.0162,0.0188,0.864,0.413,0.449,-0.036,L2
全部卖点,RSI金叉 + 中枢极限底,89,0.0067,0.0049,1.373,0.5281,0.449,0.0791,L2
全部卖点,RSI金叉 + 中枢上穿中轴,1314,0.0937,0.0762,1.231,0.5008,0.449,0.0517,L2
全部卖点,RSI金叉 + 中枢底部蓄力,297,0.0161,0.0214,0.754,0.3805,0.449,-0.0685,L2
全部卖点,RSI金叉 + 中枢底部回升,460,0.0275,0.031,0.887,0.4196,0.449,-0.0294,L2
全部卖点,RSI金叉 + 大盘多头,2414,0.152,0.1564,0.972,0.442,0.449,-0.007,L2
全部卖点,RSI金叉 + 大盘空头,1513,0.0993,0.0947,1.048,0.4607,0.449,0.0117,L2
全部卖点,RSI金叉 + 大盘安全,3492,0.2271,0.2204,1.031,0.4565,0.449,0.0075,L2
全部卖点,RSI金叉 + SID等于1,2414,0.152,0.1564,0.972,0.442,0.449,-0.007,L2
全部卖点,RSI金叉 + SID等于2,2788,0.1851,0.1729,1.071,0.4659,0.449,0.0169,L2
全部卖点,RSI金叉 + SID小于等于2,4030,0.2613,0.255,1.025,0.4551,0.449,0.0061,L2
全部卖点,RSI金叉 + 大盘5日上涨,4007,0.2579,0.2551,1.011,0.4517,0.449,0.0027,L2
全部卖点,RSI金叉 + 相对强弱大于0,4589,0.2976,0.2903,1.025,0.4552,0.449,0.0062,L2
全部卖点,RSI金叉 + 相对强弱大于5,3019,0.2242,0.1678,1.337,0.5214,0.449,0.0723,L2
全部卖点,RSI金叉 + 量比>=1.3,2664,0.1828,0.1603,1.14,0.4816,0.449,0.0326,L2
全部卖点,RSI金叉 + 量比>=2,1401,0.1027,0.079,1.301,0.5146,0.449,0.0656,L2
全部卖点,RSI金叉 + 距前高<=10%,3548,0.248,0.2098,1.182,0.4907,0.449,0.0417,L2
全部卖点,RSI金叉 + 距前低<=10%,528,0.0239,0.0418,0.573,0.3182,0.449,-0.1308,L2
全部卖点,RSI金叉 + 相对强弱>=0,4224,0.279,0.2631,1.06,0.4635,0.449,0.0145,L2
全部卖点,RSI金叉 + 相对强弱>=5,2353,0.1819,0.1249,1.456,0.5427,0.449,0.0937,L2
全部卖点,RSI6超卖 + RSI底背离,112,0.008,0.0065,1.227,0.5,0.449,0.051,L2
全部卖点,RSI6超卖 + 威科夫得分大于4,371,0.0215,0.0255,0.842,0.407,0.449,-0.042,L2
全部卖点,RSI6超卖 + 威科夫得分大于7,233,0.015,0.0149,1.007,0.4506,0.449,0.0016,L2
全部卖点,RSI6超卖 + 积累阶段,147,0.0058,0.0123,0.475,0.2789,0.449,-0.1701,L2
全部卖点,RSI6超卖 + 黄金柱,55,0.0031,0.0038,0.818,0.4,0.449,-0.049,L2
全部卖点,RSI6超卖 + 量能金叉,197,0.01,0.0147,0.676,0.3553,0.449,-0.0937,L2
全部卖点,RSI6超卖 + 六脉红灯大于5,450,0.0248,0.032,0.774,0.3867,0.449,-0.0623,L2
全部卖点,RSI6超卖 + 六脉红灯大于6,413,0.0235,0.0288,0.816,0.3995,0.449,-0.0495,L2
全部卖点,RSI6超卖 + 六脉6红首发,413,0.0235,0.0288,0.816,0.3995,0.449,-0.0495,L2
全部卖点,RSI6超卖 + 六脉5红首发,450,0.0248,0.032,0.774,0.3867,0.449,-0.0623,L2
全部卖点,RSI6超卖 + 偏多共振,148,0.0095,0.0094,1.015,0.4527,0.449,0.0037,L2
全部卖点,RSI6超卖 + 多头共振,148,0.0095,0.0094,1.015,0.4527,0.449,0.0037,L2
全部卖点,RSI6超卖 + 中枢进机会区,289,0.0177,0.0192,0.922,0.4291,0.449,-0.0199,L2
全部卖点,RSI6超卖 + 中枢极限底,175,0.0114,0.011,1.033,0.4571,0.449,0.0081,L2
全部卖点,RSI6超卖 + 中枢上穿中轴,100,0.007,0.0059,1.179,0.49,0.449,0.041,L2
全部卖点,RSI6超卖 + 大盘多头,240,0.013,0.0173,0.749,0.3792,0.449,-0.0698,L2
全部卖点,RSI6超卖 + 大盘空头,201,0.012,0.0136,0.881,0.4179,0.449,-0.0311,L2
全部卖点,RSI6超卖 + 大盘安全,323,0.0177,0.0231,0.765,0.3839,0.449,-0.0651,L2
全部卖点,RSI6超卖 + SID等于1,240,0.013,0.0173,0.749,0.3792,0.449,-0.0698,L2
全部卖点,RSI6超卖 + SID等于2,333,0.0174,0.0245,0.71,0.3664,0.449,-0.0826,L2
全部卖点,RSI6超卖 + SID小于等于2,423,0.0231,0.0303,0.762,0.383,0.449,-0.066,L2
全部卖点,RSI6超卖 + 大盘5日上涨,408,0.0221,0.0294,0.752,0.3799,0.449,-0.0691,L2
全部卖点,RSI6超卖 + 相对强弱大于0,484,0.0272,0.034,0.8,0.3946,0.449,-0.0544,L2
全部卖点,RSI6超卖 + 相对强弱大于5,276,0.0175,0.0178,0.986,0.4457,0.449,-0.0034,L2
全部卖点,RSI6超卖 + 量比>=1.3,255,0.0148,0.0175,0.845,0.4078,0.449,-0.0412,L2
全部卖点,RSI6超卖 + 量比>=2,117,0.0067,0.0081,0.824,0.4017,0.449,-0.0473,L2
全部卖点,RSI6超卖 + 距前高<=10%,338,0.0198,0.0231,0.857,0.4112,0.449,-0.0378,L2
全部卖点,RSI6超卖 + 距前低<=10%,150,0.0063,0.0123,0.509,0.2933,0.449,-0.1557,L2
全部卖点,RSI6超卖 + 相对强弱>=0,437,0.0248,0.0305,0.812,0.3982,0.449,-0.0508,L2
全部卖点,RSI6超卖 + 相对强弱>=5,208,0.0138,0.0129,1.072,0.4663,0.449,0.0173,L2
全部卖点,RSI底背离 + 威科夫得分大于4,141,0.0115,0.007,1.657,0.5745,0.449,0.1255,L2
全部卖点,RSI底背离 + 威科夫得分大于7,82,0.0081,0.0029,2.798,0.6951,0.449,0.2461,L2
全部卖点,RSI底背离 + 积累阶段,108,0.0048,0.0086,0.564,0.3148,0.449,-0.1342,L2
全部卖点,RSI底背离 + 量能金叉,116,0.0077,0.0072,1.069,0.4655,0.449,0.0165,L2
全部卖点,RSI底背离 + 六脉红灯大于5,239,0.0162,0.0145,1.119,0.477,0.449,0.028,L2
全部卖点,RSI底背离 + 六脉红灯大于6,233,0.0158,0.0142,1.116,0.4764,0.449,0.0274,L2
全部卖点,RSI底背离 + 六脉6红首发,233,0.0158,0.0142,1.116,0.4764,0.449,0.0274,L2
全部卖点,RSI底背离 + 六脉5红首发,239,0.0162,0.0145,1.119,0.477,0.449,0.028,L2
全部卖点,RSI底背离 + 中枢进机会区,188,0.0131,0.0111,1.176,0.4894,0.449,0.0403,L2
全部卖点,RSI底背离 + 中枢极限底,111,0.0085,0.0059,1.444,0.5405,0.449,0.0915,L2
全部卖点,RSI底背离 + 中枢上穿中轴,121,0.0091,0.0066,1.378,0.5289,0.449,0.0799,L2
全部卖点,RSI底背离 + 中枢底部蓄力,52,0.0026,0.0039,0.65,0.3462,0.449,-0.1029,L2
全部卖点,RSI底背离 + 中枢底部回升,67,0.0034,0.005,0.685,0.3582,0.449,-0.0908,L2
全部卖点,RSI底背离 + 大盘多头,75,0.0056,0.0042,1.329,0.52,0.449,0.071,L2
全部卖点,RSI底背离 + 大盘空头,142,0.0094,0.0088,1.066,0.4648,0.449,0.0158,L2
全部卖点,RSI底背离 + 大盘安全,119,0.0087,0.0067,1.291,0.5126,0.449,0.0636,L2
全部卖点,RSI底背离 + SID等于1,75,0.0056,0.0042,1.329,0.52,0.449,0.071,L2
全部卖点,RSI底背离 + SID等于2,159,0.0111,0.0094,1.182,0.4906,0.449,0.0416,L2
全部卖点,RSI底背离 + SID小于等于2,182,0.013,0.0106,1.227,0.5,0.449,0.051,L2
全部卖点,RSI底背离 + 大盘5日上涨,193,0.0125,0.0122,1.028,0.456,0.449,0.0069,L2
全部卖点,RSI底背离 + 相对强弱大于0,238,0.0164,0.0143,1.147,0.4832,0.449,0.0342,L2
全部卖点,RSI底背离 + 相对强弱大于5,138,0.0113,0.0069,1.643,0.5725,0.449,0.1234,L2
全部卖点,RSI底背离 + 量比>=1.3,178,0.0128,0.0102,1.255,0.5056,0.449,0.0566,L2
全部卖点,RSI底背离 + 量比>=2,119,0.008,0.0073,1.091,0.4706,0.449,0.0216,L2
全部卖点,RSI底背离 + 距前高<=10%,120,0.0101,0.0057,1.778,0.5917,0.449,0.1427,L2
全部卖点,RSI底背离 + 距前低<=10%,106,0.005,0.0082,0.605,0.3302,0.449,-0.1188,L2
全部卖点,RSI底背离 + 相对强弱>=0,213,0.015,0.0125,1.193,0.493,0.449,0.0439,L2
全部卖点,RSI底背离 + 相对强弱>=5,107,0.0087,0.0053,1.627,0.5701,0.449,0.1211,L2
全部卖点,威科夫得分大于4 + 威科夫得分大于7,8198,0.5887,0.4721,1.247,0.504,0.449,0.055,L2
全部卖点,威科夫得分大于4 + 积累阶段,659,0.0249,0.0562,0.444,0.2656,0.449,-0.1835,L2
全部卖点,威科夫得分大于4 + 威科夫B1突破,179,0.0104,0.0123,0.845,0.4078,0.449,-0.0412,L2
全部卖点,威科夫得分大于4 + 黄金柱,869,0.051,0.0593,0.86,0.412,0.449,-0.037,L2
全部卖点,威科夫得分大于4 + 量能金叉,3635,0.2225,0.2407,0.925,0.4297,0.449,-0.0193,L2
全部卖点,威科夫得分大于4 + 六脉红灯大于5,10850,0.7195,0.6734,1.068,0.4654,0.449,0.0164,L2
全部卖点,威科夫得分大于4 + 六脉红灯大于6,10362,0.6897,0.641,1.076,0.4672,0.449,0.0182,L2
全部卖点,威科夫得分大于4 + 六脉6红首发,10362,0.6897,0.641,1.076,0.4672,0.449,0.0182,L2
全部卖点,威科夫得分大于4 + 六脉5红首发,10850,0.7195,0.6734,1.068,0.4654,0.449,0.0164,L2
全部卖点,威科夫得分大于4 + 偏多共振,5087,0.405,0.2605,1.555,0.5589,0.449,0.1099,L2
全部卖点,威科夫得分大于4 + 多头共振,5083,0.4048,0.2603,1.555,0.5589,0.449,0.1099,L2
全部卖点,威科夫得分大于4 + 火箭信号,1734,0.1623,0.0691,2.349,0.6569,0.449,0.2078,L2
全部卖点,威科夫得分大于4 + 二连板,407,0.0426,0.0125,3.397,0.7346,0.449,0.2856,L2
全部卖点,威科夫得分大于4 + 二次涨停,323,0.0321,0.0114,2.817,0.6966,0.449,0.2476,L2
全部卖点,威科夫得分大于4 + 纳财,1297,0.0909,0.0765,1.188,0.4919,0.449,0.0429,L2
全部卖点,威科夫得分大于4 + 中枢进机会区,377,0.0261,0.0225,1.158,0.4854,0.449,0.0364,L2
全部卖点,威科夫得分大于4 + 中枢极限底,165,0.0124,0.0091,1.369,0.5273,0.449,0.0783,L2
全部卖点,威科夫得分大于4 + 中枢上穿中轴,1876,0.1268,0.1145,1.108,0.4744,0.449,0.0254,L2
全部卖点,威科夫得分大于4 + 中枢底部蓄力,362,0.0229,0.0233,0.983,0.4448,0.449,-0.0043,L2
全部卖点,威科夫得分大于4 + 中枢底部回升,524,0.0341,0.0331,1.029,0.4561,0.449,0.0071,L2
全部卖点,威科夫得分大于4 + 大盘多头,6766,0.4512,0.4179,1.08,0.4681,0.449,0.0191,L2
全部卖点,威科夫得分大于4 + 大盘空头,2809,0.1905,0.1709,1.115,0.476,0.449,0.027,L2
全部卖点,威科夫得分大于4 + 大盘安全,9181,0.616,0.5639,1.092,0.471,0.449,0.022,L2
全部卖点,威科夫得分大于4 + SID等于1,6766,0.4512,0.4179,1.08,0.4681,0.449,0.0191,L2
全部卖点,威科夫得分大于4 + SID等于2,6547,0.4437,0.3986,1.113,0.4756,0.449,0.0266,L2
全部卖点,威科夫得分大于4 + SID小于等于2,10116,0.676,0.6236,1.084,0.4691,0.449,0.02,L2
全部卖点,威科夫得分大于4 + 大盘5日上涨,10142,0.6737,0.6285,1.072,0.4663,0.449,0.0173,L2
全部卖点,威科夫得分大于4 + 相对强弱大于0,11097,0.738,0.687,1.074,0.4668,0.449,0.0178,L2
全部卖点,威科夫得分大于4 + 相对强弱大于5,8364,0.6062,0.4771,1.271,0.5087,0.449,0.0597,L2
全部卖点,威科夫得分大于4 + 量比>=1.3,5255,0.3743,0.3051,1.227,0.4999,0.449,0.0509,L2
全部卖点,威科夫得分大于4 + 量比>=2,2497,0.1958,0.1304,1.501,0.5503,0.449,0.1012,L2
全部卖点,威科夫得分大于4 + 距前高<=10%,8676,0.6178,0.5039,1.226,0.4998,0.449,0.0508,L2
全部卖点,威科夫得分大于4 + 距前低<=10%,893,0.0355,0.0748,0.474,0.2788,0.449,-0.1702,L2
全部卖点,威科夫得分大于4 + 相对强弱>=0,10559,0.7106,0.6468,1.099,0.4724,0.449,0.0234,L2
全部卖点,威科夫得分大于4 + 相对强弱>=5,6991,0.5223,0.386,1.353,0.5244,0.449,0.0754,L2
全部卖点,威科夫得分大于7 + 积累阶段,109,0.0058,0.0079,0.74,0.3761,0.449,-0.0729,L2
全部卖点,威科夫得分大于7 + 黄金柱,564,0.0352,0.0368,0.956,0.4379,0.449,-0.0111,L2
全部卖点,威科夫得分大于7 + 量能金叉,2466,0.1663,0.1508,1.102,0.4732,0.449,0.0242,L2
全部卖点,威科夫得分大于7 + 六脉红灯大于5,7811,0.5648,0.4467,1.264,0.5075,0.449,0.0585,L2
全部卖点,威科夫得分大于7 + 六脉红灯大于6,7497,0.5452,0.4261,1.28,0.5105,0.449,0.0615,L2
全部卖点,威科夫得分大于7 + 六脉6红首发,7497,0.5452,0.4261,1.28,0.5105,0.449,0.0615,L2
全部卖点,威科夫得分大于7 + 六脉5红首发,7811,0.5648,0.4467,1.264,0.5075,0.449,0.0585,L2
全部卖点,威科夫得分大于7 + 偏多共振,4555,0.3663,0.2303,1.59,0.5644,0.449,0.1154,L2
全部卖点,威科夫得分大于7 + 多头共振,4553,0.3661,0.2302,1.59,0.5645,0.449,0.1154,L2
全部卖点,威科夫得分大于7 + 火箭信号,1486,0.1438,0.0554,2.596,0.679,0.449,0.23,L2
全部卖点,威科夫得分大于7 + 二连板,368,0.0386,0.0113,3.428,0.7364,0.449,0.2874,L2
全部卖点,威科夫得分大于7 + 二次涨停,282,0.0282,0.0098,2.892,0.7021,0.449,0.2531,L2
全部卖点,威科夫得分大于7 + 纳财,977,0.0732,0.0538,1.362,0.5261,0.449,0.0771,L2
全部卖点,威科夫得分大于7 + 中枢进机会区,226,0.0181,0.0115,1.574,0.5619,0.449,0.1129,L2
全部卖点,威科夫得分大于7 + 中枢极限底,109,0.0093,0.0051,1.813,0.5963,0.449,0.1473,L2
全部卖点,威科夫得分大于7 + 中枢上穿中轴,1195,0.0905,0.065,1.391,0.5314,0.449,0.0824,L2
全部卖点,威科夫得分大于7 + 中枢底部蓄力,201,0.014,0.012,1.168,0.4876,0.449,0.0385,L2
全部卖点,威科夫得分大于7 + 中枢底部回升,298,0.0211,0.0174,1.211,0.4966,0.449,0.0476,L2
全部卖点,威科夫得分大于7 + 大盘多头,5022,0.3619,0.2882,1.256,0.5058,0.449,0.0568,L2
全部卖点,威科夫得分大于7 + 大盘空头,1847,0.1405,0.1,1.405,0.5338,0.449,0.0848,L2
全部卖点,威科夫得分大于7 + 大盘安全,6678,0.481,0.3834,1.255,0.5055,0.449,0.0565,L2
全部卖点,威科夫得分大于7 + SID等于1,5022,0.3619,0.2882,1.256,0.5058,0.449,0.0568,L2
全部卖点,威科夫得分大于7 + SID等于2,4660,0.3418,0.2625,1.302,0.5148,0.449,0.0658,L2
全部卖点,威科夫得分大于7 + SID小于等于2,7377,0.5304,0.4242,1.25,0.5047,0.449,0.0557,L2
全部卖点,威科夫得分大于7 + 大盘5日上涨,7263,0.5239,0.4163,1.258,0.5063,0.449,0.0572,L2
全部卖点,威科夫得分大于7 + 相对强弱大于0,7956,0.5757,0.4545,1.267,0.5079,0.449,0.0589,L2
全部卖点,威科夫得分大于7 + 相对强弱大于5,6271,0.4895,0.3292,1.487,0.5479,0.449,0.0989,L2
全部卖点,威科夫得分大于7 + 量比>=1.3,3846,0.298,0.2036,1.464,0.5439,0.449,0.0949,L2
全部卖点,威科夫得分大于7 + 量比>=2,1818,0.1542,0.0855,1.804,0.5952,0.449,0.1461,L2
全部卖点,威科夫得分大于7 + 距前高<=10%,6759,0.5005,0.3769,1.328,0.5198,0.449,0.0707,L2
全部卖点,威科夫得分大于7 + 距前低<=10%,400,0.0162,0.0332,0.489,0.285,0.449,-0.164,L2
全部卖点,威科夫得分大于7 + 相对强弱>=0,7618,0.5582,0.4296,1.299,0.5143,0.449,0.0653,L2
全部卖点,威科夫得分大于7 + 相对强弱>=5,5328,0.4294,0.2687,1.598,0.5657,0.449,0.1167,L2
全部卖点,积累阶段 + 威科夫B1突破,271,0.012,0.0217,0.551,0.31,0.449,-0.1391,L2
全部卖点,积累阶段 + 黄金柱,269,0.0104,0.0228,0.457,0.2714,0.449,-0.1776,L2
全部卖点,积累阶段 + 量能金叉,774,0.0291,0.0662,0.439,0.2636,0.449,-0.1854,L2
全部卖点,积累阶段 + 六脉红灯大于5,1728,0.0618,0.1502,0.412,0.2512,0.449,-0.1979,L2
全部卖点,积累阶段 + 六脉红灯大于6,1654,0.059,0.144,0.41,0.2503,0.449,-0.1987,L2
全部卖点,积累阶段 + 六脉6红首发,1654,0.059,0.144,0.41,0.2503,0.449,-0.1987,L2
全部卖点,积累阶段 + 六脉5红首发,1728,0.0618,0.1502,0.412,0.2512,0.449,-0.1979,L2
全部卖点,积累阶段 + 火箭信号,122,0.0061,0.0092,0.668,0.3525,0.449,-0.0966,L2
全部卖点,积累阶段 + 纳财,196,0.0078,0.0164,0.479,0.2806,0.449,-0.1684,L2
全部卖点,积累阶段 + 中枢进机会区,263,0.0093,0.023,0.403,0.2471,0.449,-0.2019,L2
全部卖点,积累阶段 + 中枢极限底,78,0.0036,0.0062,0.579,0.3205,0.449,-0.1285,L2
全部卖点,积累阶段 + 中枢上穿中轴,637,0.0278,0.0513,0.541,0.3061,0.449,-0.1429,L2
全部卖点,积累阶段 + 中枢底部蓄力,333,0.0105,0.0301,0.351,0.2222,0.449,-0.2268,L2
全部卖点,积累阶段 + 中枢底部回升,417,0.0145,0.0366,0.397,0.2446,0.449,-0.2044,L2
全部卖点,积累阶段 + 大盘多头,770,0.0284,0.0663,0.428,0.2584,0.449,-0.1906,L2
全部卖点,积累阶段 + 大盘空头,795,0.0248,0.0721,0.344,0.2189,0.449,-0.2301,L2
全部卖点,积累阶段 + 大盘安全,1194,0.0469,0.1004,0.467,0.2755,0.449,-0.1735,L2
全部卖点,积累阶段 + SID等于1,770,0.0284,0.0663,0.428,0.2584,0.449,-0.1906,L2
全部卖点,积累阶段 + SID等于2,1095,0.0432,0.092,0.469,0.2767,0.449,-0.1723,L2
全部卖点,积累阶段 + SID小于等于2,1336,0.0539,0.1112,0.484,0.2829,0.449,-0.1661,L2
全部卖点,积累阶段 + 大盘5日上涨,1601,0.0566,0.1398,0.405,0.248,0.449,-0.201,L2
全部卖点,积累阶段 + 相对强弱大于0,1735,0.0611,0.1516,0.403,0.2473,0.449,-0.2018,L2
全部卖点,积累阶段 + 相对强弱大于5,968,0.0349,0.0839,0.416,0.2531,0.449,-0.1959,L2
全部卖点,积累阶段 + 量比>=1.3,925,0.0339,0.0798,0.425,0.2573,0.449,-0.1917,L2
全部卖点,积累阶段 + 量比>=2,482,0.0208,0.039,0.533,0.3029,0.449,-0.1461,L2
全部卖点,积累阶段 + 距前高<=10%,354,0.0182,0.0262,0.695,0.3616,0.449,-0.0874,L2
全部卖点,积累阶段 + 距前低<=10%,672,0.0234,0.059,0.396,0.244,0.449,-0.205,L2
全部卖点,积累阶段 + 相对强弱>=0,1594,0.0554,0.1399,0.396,0.244,0.449,-0.205,L2
全部卖点,积累阶段 + 相对强弱>=5,736,0.0269,0.0635,0.424,0.2568,0.449,-0.1922,L2
全部卖点,威科夫B1突破 + 黄金柱,58,0.0027,0.0045,0.598,0.3276,0.449,-0.1214,L2
全部卖点,威科夫B1突破 + 量能金叉,284,0.0145,0.0211,0.688,0.3592,0.449,-0.0899,L2
全部卖点,威科夫B1突破 + 六脉红灯大于5,398,0.0199,0.03,0.666,0.3518,0.449,-0.0973,L2
全部卖点,威科夫B1突破 + 六脉红灯大于6,397,0.0199,0.0298,0.668,0.3526,0.449,-0.0964,L2
全部卖点,威科夫B1突破 + 六脉6红首发,397,0.0199,0.0298,0.668,0.3526,0.449,-0.0964,L2
全部卖点,威科夫B1突破 + 六脉5红首发,398,0.0199,0.03,0.666,0.3518,0.449,-0.0973,L2
全部卖点,威科夫B1突破 + 火箭信号,117,0.0066,0.0082,0.795,0.3932,0.449,-0.0559,L2
全部卖点,威科夫B1突破 + 纳财,67,0.0034,0.005,0.685,0.3582,0.449,-0.0908,L2
全部卖点,威科夫B1突破 + 中枢上穿中轴,234,0.0125,0.017,0.74,0.3761,0.449,-0.0729,L2
全部卖点,威科夫B1突破 + 中枢底部蓄力,72,0.0044,0.0048,0.928,0.4306,0.449,-0.0185,L2
全部卖点,威科夫B1突破 + 中枢底部回升,92,0.0053,0.0064,0.826,0.4022,0.449,-0.0468,L2
全部卖点,威科夫B1突破 + 大盘多头,191,0.0113,0.013,0.866,0.4136,0.449,-0.0354,L2
全部卖点,威科夫B1突破 + 大盘空头,148,0.0058,0.0124,0.47,0.277,0.449,-0.172,L2
全部卖点,威科夫B1突破 + 大盘安全,296,0.0167,0.0208,0.802,0.3953,0.449,-0.0537,L2
全部卖点,威科夫B1突破 + SID等于1,191,0.0113,0.013,0.866,0.4136,0.449,-0.0354,L2
全部卖点,威科夫B1突破 + SID等于2,272,0.0152,0.0192,0.796,0.3934,0.449,-0.0556,L2
全部卖点,威科夫B1突破 + SID小于等于2,333,0.0191,0.0231,0.826,0.4024,0.449,-0.0466,L2
全部卖点,威科夫B1突破 + 大盘5日上涨,352,0.0178,0.0264,0.676,0.3551,0.449,-0.0939,L2
全部卖点,威科夫B1突破 + 相对强弱大于0,395,0.0198,0.0297,0.666,0.3519,0.449,-0.0971,L2
全部卖点,威科夫B1突破 + 相对强弱大于5,304,0.0152,0.0229,0.666,0.352,0.449,-0.097,L2
全部卖点,威科夫B1突破 + 量比>=1.3,305,0.0154,0.0229,0.673,0.3541,0.449,-0.0949,L2
全部卖点,威科夫B1突破 + 量比>=2,213,0.0113,0.0156,0.723,0.3709,0.449,-0.0781,L2
全部卖点,威科夫B1突破 + 距前高<=10%,159,0.0091,0.011,0.827,0.4025,0.449,-0.0465,L2
全部卖点,威科夫B1突破 + 距前低<=10%,62,0.0031,0.0046,0.675,0.3548,0.449,-0.0942,L2
全部卖点,威科夫B1突破 + 相对强弱>=0,384,0.0194,0.0288,0.673,0.3542,0.449,-0.0948,L2
全部卖点,威科夫B1突破 + 相对强弱>=5,263,0.0135,0.0195,0.694,0.3612,0.449,-0.0878,L2
全部卖点,黄金柱 + 量能金叉,673,0.0362,0.0486,0.744,0.3774,0.449,-0.0716,L2
全部卖点,黄金柱 + 六脉红灯大于5,1172,0.0667,0.0817,0.816,0.3993,0.449,-0.0497,L2
全部卖点,黄金柱 + 六脉红灯大于6,1100,0.0625,0.0767,0.815,0.3991,0.449,-0.0499,L2
全部卖点,黄金柱 + 六脉6红首发,1100,0.0625,0.0767,0.815,0.3991,0.449,-0.0499,L2
全部卖点,黄金柱 + 六脉5红首发,1172,0.0667,0.0817,0.816,0.3993,0.449,-0.0497,L2
全部卖点,黄金柱 + 偏多共振,358,0.0231,0.0228,1.014,0.4525,0.449,0.0035,L2
全部卖点,黄金柱 + 多头共振,358,0.0231,0.0228,1.014,0.4525,0.449,0.0035,L2
全部卖点,黄金柱 + 火箭信号,159,0.0113,0.0093,1.212,0.4969,0.449,0.0478,L2
全部卖点,黄金柱 + 纳财,163,0.0101,0.0107,0.947,0.4356,0.449,-0.0134,L2
全部卖点,黄金柱 + 中枢进机会区,93,0.0044,0.0072,0.614,0.3333,0.449,-0.1157,L2
全部卖点,黄金柱 + 中枢上穿中轴,408,0.0261,0.0261,0.998,0.4485,0.449,-0.0005,L2
全部卖点,黄金柱 + 中枢底部蓄力,129,0.006,0.0101,0.592,0.3256,0.449,-0.1234,L2
全部卖点,黄金柱 + 中枢底部回升,196,0.01,0.0146,0.682,0.3571,0.449,-0.0919,L2
全部卖点,黄金柱 + 大盘多头,567,0.0291,0.0421,0.69,0.3598,0.449,-0.0892,L2
全部卖点,黄金柱 + 大盘空头,466,0.0271,0.032,0.845,0.4077,0.449,-0.0413,L2
全部卖点,黄金柱 + 大盘安全,890,0.05,0.0626,0.799,0.3944,0.449,-0.0546,L2
全部卖点,黄金柱 + SID等于1,567,0.0291,0.0421,0.69,0.3598,0.449,-0.0892,L2
全部卖点,黄金柱 + SID等于2,743,0.0456,0.0491,0.928,0.4307,0.449,-0.0183,L2
全部卖点,黄金柱 + SID小于等于2,1008,0.0586,0.0693,0.845,0.4077,0.449,-0.0413,L2
全部卖点,黄金柱 + 大盘5日上涨,1073,0.0594,0.0762,0.78,0.3886,0.449,-0.0604,L2
全部卖点,黄金柱 + 相对强弱大于0,1220,0.0694,0.0851,0.815,0.3992,0.449,-0.0498,L2
全部卖点,黄金柱 + 相对强弱大于5,674,0.0427,0.0434,0.984,0.4451,0.449,-0.0039,L2
全部卖点,黄金柱 + 量比>=1.3,779,0.0437,0.0548,0.798,0.3941,0.449,-0.0549,L2
全部卖点,黄金柱 + 量比>=2,446,0.0284,0.0287,0.989,0.4462,0.449,-0.0028,L2
全部卖点,黄金柱 + 距前高<=10%,843,0.054,0.0539,1.002,0.4496,0.449,0.0006,L2
全部卖点,黄金柱 + 距前低<=10%,254,0.0103,0.0211,0.485,0.2835,0.449,-0.1656,L2
全部卖点,黄金柱 + 相对强弱>=0,1098,0.0633,0.0759,0.833,0.4044,0.449,-0.0446,L2
全部卖点,黄金柱 + 相对强弱>=5,473,0.0318,0.029,1.095,0.4715,0.449,0.0224,L2
全部卖点,量能金叉 + 六脉红灯大于5,4842,0.2946,0.3221,0.915,0.4271,0.449,-0.0219,L2
全部卖点,量能金叉 + 六脉红灯大于6,4661,0.2839,0.3098,0.917,0.4276,0.449,-0.0214,L2
全部卖点,量能金叉 + 六脉6红首发,4661,0.2839,0.3098,0.917,0.4276,0.449,-0.0214,L2
全部卖点,量能金叉 + 六脉5红首发,4842,0.2946,0.3221,0.915,0.4271,0.449,-0.0219,L2
全部卖点,量能金叉 + 偏多共振,1531,0.117,0.0824,1.419,0.5363,0.449,0.0872,L2
全部卖点,量能金叉 + 多头共振,1529,0.1168,0.0823,1.419,0.5363,0.449,0.0873,L2
全部卖点,量能金叉 + 火箭信号,921,0.0739,0.0467,1.584,0.5635,0.449,0.1145,L2
全部卖点,量能金叉 + 二连板,177,0.0167,0.007,2.393,0.661,0.449,0.212,L2
全部卖点,量能金叉 + 二次涨停,73,0.0066,0.0031,2.091,0.6301,0.449,0.1811,L2
全部卖点,量能金叉 + 纳财,627,0.0397,0.0404,0.984,0.445,0.449,-0.004,L2
全部卖点,量能金叉 + 中枢进机会区,255,0.0151,0.0173,0.873,0.4157,0.449,-0.0333,L2
全部卖点,量能金叉 + 中枢极限底,96,0.0064,0.0059,1.083,0.4688,0.449,0.0197,L2
全部卖点,量能金叉 + 中枢上穿中轴,1604,0.1041,0.1014,1.028,0.4557,0.449,0.0067,L2
全部卖点,量能金叉 + 中枢底部蓄力,410,0.0275,0.0252,1.091,0.4707,0.449,0.0217,L2
全部卖点,量能金叉 + 中枢底部回升,566,0.0379,0.0348,1.088,0.47,0.449,0.0209,L2
全部卖点,量能金叉 + 大盘多头,2573,0.1496,0.1768,0.846,0.4081,0.449,-0.0409,L2
全部卖点,量能金叉 + 大盘空头,1594,0.0986,0.1047,0.941,0.4341,0.449,-0.0149,L2
全部卖点,量能金叉 + 大盘安全,3834,0.2378,0.2514,0.946,0.4353,0.449,-0.0137,L2
全部卖点,量能金叉 + SID等于1,2573,0.1496,0.1768,0.846,0.4081,0.449,-0.0409,L2
全部卖点,量能金叉 + SID等于2,2979,0.1923,0.1891,1.017,0.4532,0.449,0.0042,L2
全部卖点,量能金叉 + SID小于等于2,4269,0.2661,0.2788,0.955,0.4376,0.449,-0.0114,L2
全部卖点,量能金叉 + 大盘5日上涨,4439,0.2706,0.2949,0.917,0.4278,0.449,-0.0212,L2
全部卖点,量能金叉 + 相对强弱大于0,4871,0.2971,0.3235,0.918,0.428,0.449,-0.021,L2
全部卖点,量能金叉 + 相对强弱大于5,3547,0.2358,0.2197,1.073,0.4666,0.449,0.0176,L2
全部卖点,量能金叉 + 量比>=1.3,3377,0.215,0.2169,0.991,0.4468,0.449,-0.0022,L2
全部卖点,量能金叉 + 量比>=2,2006,0.1368,0.1214,1.126,0.4786,0.449,0.0295,L2
全部卖点,量能金叉 + 距前高<=10%,3364,0.2264,0.2061,1.099,0.4724,0.449,0.0233,L2
全部卖点,量能金叉 + 距前低<=10%,625,0.0259,0.0514,0.504,0.2912,0.449,-0.1578,L2
全部卖点,量能金叉 + 相对强弱>=0,4629,0.2858,0.3045,0.938,0.4334,0.449,-0.0157,L2
全部卖点,量能金叉 + 相对强弱>=5,2907,0.1968,0.1772,1.11,0.4751,0.449,0.026,L2
全部卖点,六脉红灯大于5 + 六脉红灯大于6,14135,0.9159,0.8947,1.024,0.4548,0.449,0.0058,L2
全部卖点,六脉红灯大于5 + 六脉6红首发,14135,0.9159,0.8947,1.024,0.4548,0.449,0.0058,L2
全部卖点,六脉红灯大于5 + 六脉5红首发,14815,0.9557,0.9413,1.015,0.4528,0.449,0.0038,L2
全部卖点,六脉红灯大于5 + 偏多共振,4901,0.3958,0.2465,1.606,0.5668,0.449,0.1178,L2
全部卖点,六脉红灯大于5 + 多头共振,4896,0.3954,0.2463,1.605,0.5668,0.449,0.1178,L2
全部卖点,六脉红灯大于5 + 火箭信号,2355,0.2107,0.1017,2.072,0.628,0.449,0.179,L2
全部卖点,六脉红灯大于5 + 二连板,524,0.053,0.0176,3.003,0.7099,0.449,0.2609,L2
全部卖点,六脉红灯大于5 + 二次涨停,415,0.0405,0.0152,2.66,0.6843,0.449,0.2353,L2
全部卖点,六脉红灯大于5 + 纳财,1698,0.1165,0.1022,1.141,0.4817,0.449,0.0327,L2
全部卖点,六脉红灯大于5 + 中枢进机会区,602,0.0358,0.0408,0.877,0.4169,0.449,-0.0321,L2
全部卖点,六脉红灯大于5 + 中枢极限底,219,0.0161,0.0123,1.308,0.516,0.449,0.067,L2
全部卖点,六脉红灯大于5 + 中枢上穿中轴,3095,0.2007,0.1958,1.025,0.4553,0.449,0.0062,L2
全部卖点,六脉红灯大于5 + 中枢底部蓄力,792,0.0443,0.0558,0.793,0.3927,0.449,-0.0563,L2
全部卖点,六脉红灯大于5 + 中枢底部回升,1091,0.0633,0.0751,0.842,0.407,0.449,-0.042,L2
全部卖点,六脉红灯大于5 + 大盘多头,7850,0.5052,0.4997,1.011,0.4517,0.449,0.0027,L2
全部卖点,六脉红灯大于5 + 大盘空头,4466,0.2878,0.284,1.013,0.4523,0.449,0.0033,L2
全部卖点,六脉红灯大于5 + 大盘安全,11511,0.7626,0.715,1.067,0.465,0.449,0.016,L2
全部卖点,六脉红灯大于5 + SID等于1,7850,0.5052,0.4997,1.011,0.4517,0.449,0.0027,L2
全部卖点,六脉红灯大于5 + SID等于2,8779,0.594,0.5352,1.11,0.4749,0.449,0.0259,L2
全部卖点,六脉红灯大于5 + SID小于等于2,12763,0.848,0.7908,1.072,0.4663,0.449,0.0173,L2
全部卖点,六脉红灯大于5 + 大盘5日上涨,13146,0.8511,0.8327,1.022,0.4544,0.449,0.0054,L2
全部卖点,六脉红灯大于5 + 相对强弱大于0,14357,0.9332,0.9064,1.03,0.4562,0.449,0.0072,L2
全部卖点,六脉红灯大于5 + 相对强弱大于5,10798,0.7659,0.6295,1.217,0.4979,0.449,0.0489,L2
全部卖点,六脉红灯大于5 + 量比>=1.3,7090,0.4935,0.421,1.172,0.4886,0.449,0.0396,L2
全部卖点,六脉红灯大于5 + 量比>=2,3569,0.268,0.196,1.367,0.527,0.449,0.078,L2
全部卖点,六脉红灯大于5 + 距前高<=10%,10375,0.7471,0.5957,1.254,0.5054,0.449,0.0564,L2
全部卖点,六脉红灯大于5 + 距前低<=10%,1645,0.0668,0.1365,0.489,0.2851,0.449,-0.1639,L2
全部卖点,六脉红灯大于5 + 相对强弱>=0,13652,0.8967,0.8543,1.05,0.461,0.449,0.012,L2
全部卖点,六脉红灯大于5 + 相对强弱>=5,9042,0.6618,0.5105,1.296,0.5137,0.449,0.0647,L2
全部卖点,六脉红灯大于6 + 六脉6红首发,14135,0.9159,0.8947,1.024,0.4548,0.449,0.0058,L2
全部卖点,六脉红灯大于6 + 六脉5红首发,14135,0.9159,0.8947,1.024,0.4548,0.449,0.0058,L2
全部卖点,六脉红灯大于6 + 偏多共振,4665,0.3801,0.2319,1.639,0.5719,0.449,0.1229,L2
全部卖点,六脉红灯大于6 + 多头共振,4662,0.38,0.2316,1.64,0.5721,0.449,0.1231,L2
全部卖点,六脉红灯大于6 + 火箭信号,2338,0.2091,0.101,2.071,0.6279,0.449,0.1789,L2
全部卖点,六脉红灯大于6 + 二连板,523,0.0529,0.0176,2.995,0.7094,0.449,0.2604,L2
全部卖点,六脉红灯大于6 + 二次涨停,404,0.0395,0.0147,2.676,0.6856,0.449,0.2366,L2
全部卖点,六脉红灯大于6 + 纳财,1664,0.115,0.0995,1.156,0.485,0.449,0.036,L2
全部卖点,六脉红灯大于6 + 中枢进机会区,574,0.0343,0.0387,0.888,0.4199,0.449,-0.0292,L2
全部卖点,六脉红灯大于6 + 中枢极限底,206,0.0154,0.0114,1.352,0.5243,0.449,0.0753,L2
全部卖点,六脉红灯大于6 + 中枢上穿中轴,3031,0.1977,0.1908,1.037,0.4579,0.449,0.0089,L2
全部卖点,六脉红灯大于6 + 中枢底部蓄力,775,0.0435,0.0546,0.796,0.3935,0.449,-0.0555,L2
全部卖点,六脉红灯大于6 + 中枢底部回升,1073,0.0621,0.074,0.84,0.4063,0.449,-0.0427,L2
全部卖点,六脉红灯大于6 + 大盘多头,7505,0.486,0.4753,1.022,0.4545,0.449,0.0055,L2
全部卖点,六脉红灯大于6 + 大盘空头,4305,0.2781,0.2732,1.018,0.4534,0.449,0.0044,L2
全部卖点,六脉红灯大于6 + 大盘安全,10975,0.7322,0.6776,1.081,0.4682,0.449,0.0192,L2
全部卖点,六脉红灯大于6 + SID等于1,7505,0.486,0.4753,1.022,0.4545,0.449,0.0055,L2
全部卖点,六脉红灯大于6 + SID等于2,8361,0.5699,0.5063,1.126,0.4784,0.449,0.0294,L2
全部卖点,六脉红灯大于6 + SID小于等于2,12175,0.8138,0.7504,1.085,0.4692,0.449,0.0201,L2
全部卖点,六脉红灯大于6 + 大盘5日上涨,12574,0.8174,0.7938,1.03,0.4563,0.449,0.0072,L2
全部卖点,六脉红灯大于6 + 相对强弱大于0,13708,0.8944,0.8626,1.037,0.458,0.449,0.009,L2
全部卖点,六脉红灯大于6 + 相对强弱大于5,10395,0.7386,0.605,1.221,0.4987,0.449,0.0497,L2
全部卖点,六脉红灯大于6 + 量比>=1.3,6834,0.4784,0.4036,1.185,0.4914,0.449,0.0424,L2
全部卖点,六脉红灯大于6 + 量比>=2,3471,0.2626,0.189,1.389,0.531,0.449,0.082,L2
全部卖点,六脉红灯大于6 + 距前高<=10%,9879,0.7161,0.5635,1.271,0.5088,0.449,0.0597,L2
全部卖点,六脉红灯大于6 + 距前低<=10%,1559,0.0625,0.13,0.481,0.2816,0.449,-0.1674,L2
全部卖点,六脉红灯大于6 + 相对强弱>=0,13073,0.8625,0.8149,1.058,0.4631,0.449,0.0141,L2
全部卖点,六脉红灯大于6 + 相对强弱>=5,8749,0.6408,0.4936,1.298,0.5141,0.449,0.0651,L2
全部卖点,六脉6红首发 + 六脉5红首发,14135,0.9159,0.8947,1.024,0.4548,0.449,0.0058,L2
全部卖点,六脉6红首发 + 偏多共振,4665,0.3801,0.2319,1.639,0.5719,0.449,0.1229,L2
全部卖点,六脉6红首发 + 多头共振,4662,0.38,0.2316,1.64,0.5721,0.449,0.1231,L2
全部卖点,六脉6红首发 + 火箭信号,2338,0.2091,0.101,2.071,0.6279,0.449,0.1789,L2
全部卖点,六脉6红首发 + 二连板,523,0.0529,0.0176,2.995,0.7094,0.449,0.2604,L2
全部卖点,六脉6红首发 + 二次涨停,404,0.0395,0.0147,2.676,0.6856,0.449,0.2366,L2
全部卖点,六脉6红首发 + 纳财,1664,0.115,0.0995,1.156,0.485,0.449,0.036,L2
全部卖点,六脉6红首发 + 中枢进机会区,574,0.0343,0.0387,0.888,0.4199,0.449,-0.0292,L2
全部卖点,六脉6红首发 + 中枢极限底,206,0.0154,0.0114,1.352,0.5243,0.449,0.0753,L2
全部卖点,六脉6红首发 + 中枢上穿中轴,3031,0.1977,0.1908,1.037,0.4579,0.449,0.0089,L2
全部卖点,六脉6红首发 + 中枢底部蓄力,775,0.0435,0.0546,0.796,0.3935,0.449,-0.0555,L2
全部卖点,六脉6红首发 + 中枢底部回升,1073,0.0621,0.074,0.84,0.4063,0.449,-0.0427,L2
全部卖点,六脉6红首发 + 大盘多头,7505,0.486,0.4753,1.022,0.4545,0.449,0.0055,L2
全部卖点,六脉6红首发 + 大盘空头,4305,0.2781,0.2732,1.018,0.4534,0.449,0.0044,L2
全部卖点,六脉6红首发 + 大盘安全,10975,0.7322,0.6776,1.081,0.4682,0.449,0.0192,L2
全部卖点,六脉6红首发 + SID等于1,7505,0.486,0.4753,1.022,0.4545,0.449,0.0055,L2
全部卖点,六脉6红首发 + SID等于2,8361,0.5699,0.5063,1.126,0.4784,0.449,0.0294,L2
全部卖点,六脉6红首发 + SID小于等于2,12175,0.8138,0.7504,1.085,0.4692,0.449,0.0201,L2
全部卖点,六脉6红首发 + 大盘5日上涨,12574,0.8174,0.7938,1.03,0.4563,0.449,0.0072,L2
全部卖点,六脉6红首发 + 相对强弱大于0,13708,0.8944,0.8626,1.037,0.458,0.449,0.009,L2
全部卖点,六脉6红首发 + 相对强弱大于5,10395,0.7386,0.605,1.221,0.4987,0.449,0.0497,L2
全部卖点,六脉6红首发 + 量比>=1.3,6834,0.4784,0.4036,1.185,0.4914,0.449,0.0424,L2
全部卖点,六脉6红首发 + 量比>=2,3471,0.2626,0.189,1.389,0.531,0.449,0.082,L2
全部卖点,六脉6红首发 + 距前高<=10%,9879,0.7161,0.5635,1.271,0.5088,0.449,0.0597,L2
全部卖点,六脉6红首发 + 距前低<=10%,1559,0.0625,0.13,0.481,0.2816,0.449,-0.1674,L2
全部卖点,六脉6红首发 + 相对强弱>=0,13073,0.8625,0.8149,1.058,0.4631,0.449,0.0141,L2
全部卖点,六脉6红首发 + 相对强弱>=5,8749,0.6408,0.4936,1.298,0.5141,0.449,0.0651,L2
全部卖点,六脉5红首发 + 偏多共振,4901,0.3958,0.2465,1.606,0.5668,0.449,0.1178,L2
全部卖点,六脉5红首发 + 多头共振,4896,0.3954,0.2463,1.605,0.5668,0.449,0.1178,L2
全部卖点,六脉5红首发 + 火箭信号,2355,0.2107,0.1017,2.072,0.628,0.449,0.179,L2
全部卖点,六脉5红首发 + 二连板,524,0.053,0.0176,3.003,0.7099,0.449,0.2609,L2
全部卖点,六脉5红首发 + 二次涨停,415,0.0405,0.0152,2.66,0.6843,0.449,0.2353,L2
全部卖点,六脉5红首发 + 纳财,1698,0.1165,0.1022,1.141,0.4817,0.449,0.0327,L2
全部卖点,六脉5红首发 + 中枢进机会区,602,0.0358,0.0408,0.877,0.4169,0.449,-0.0321,L2
全部卖点,六脉5红首发 + 中枢极限底,219,0.0161,0.0123,1.308,0.516,0.449,0.067,L2
全部卖点,六脉5红首发 + 中枢上穿中轴,3095,0.2007,0.1958,1.025,0.4553,0.449,0.0062,L2
全部卖点,六脉5红首发 + 中枢底部蓄力,792,0.0443,0.0558,0.793,0.3927,0.449,-0.0563,L2
全部卖点,六脉5红首发 + 中枢底部回升,1091,0.0633,0.0751,0.842,0.407,0.449,-0.042,L2
全部卖点,六脉5红首发 + 大盘多头,7850,0.5052,0.4997,1.011,0.4517,0.449,0.0027,L2
全部卖点,六脉5红首发 + 大盘空头,4466,0.2878,0.284,1.013,0.4523,0.449,0.0033,L2
全部卖点,六脉5红首发 + 大盘安全,11511,0.7626,0.715,1.067,0.465,0.449,0.016,L2
全部卖点,六脉5红首发 + SID等于1,7850,0.5052,0.4997,1.011,0.4517,0.449,0.0027,L2
全部卖点,六脉5红首发 + SID等于2,8779,0.594,0.5352,1.11,0.4749,0.449,0.0259,L2
全部卖点,六脉5红首发 + SID小于等于2,12763,0.848,0.7908,1.072,0.4663,0.449,0.0173,L2
全部卖点,六脉5红首发 + 大盘5日上涨,13146,0.8511,0.8327,1.022,0.4544,0.449,0.0054,L2
全部卖点,六脉5红首发 + 相对强弱大于0,14357,0.9332,0.9064,1.03,0.4562,0.449,0.0072,L2
全部卖点,六脉5红首发 + 相对强弱大于5,10798,0.7659,0.6295,1.217,0.4979,0.449,0.0489,L2
全部卖点,六脉5红首发 + 量比>=1.3,7090,0.4935,0.421,1.172,0.4886,0.449,0.0396,L2
全部卖点,六脉5红首发 + 量比>=2,3569,0.268,0.196,1.367,0.527,0.449,0.078,L2
全部卖点,六脉5红首发 + 距前高<=10%,10375,0.7471,0.5957,1.254,0.5054,0.449,0.0564,L2
全部卖点,六脉5红首发 + 距前低<=10%,1645,0.0668,0.1365,0.489,0.2851,0.449,-0.1639,L2
全部卖点,六脉5红首发 + 相对强弱>=0,13652,0.8967,0.8543,1.05,0.461,0.449,0.012,L2
全部卖点,六脉5红首发 + 相对强弱>=5,9042,0.6618,0.5105,1.296,0.5137,0.449,0.0647,L2
全部卖点,偏多共振 + 多头共振,5223,0.4147,0.2684,1.545,0.5573,0.449,0.1083,L2
全部卖点,偏多共振 + 火箭信号,1011,0.1051,0.0317,3.317,0.73,0.449,0.281,L2
全部卖点,偏多共振 + 二连板,238,0.0261,0.0064,4.083,0.7689,0.449,0.3199,L2
全部卖点,偏多共振 + 二次涨停,215,0.0227,0.0065,3.484,0.7395,0.449,0.2905,L2
全部卖点,偏多共振 + 纳财,609,0.0509,0.0293,1.738,0.5862,0.449,0.1372,L2
全部卖点,偏多共振 + 中枢进机会区,126,0.0115,0.0052,2.209,0.6429,0.449,0.1938,L2
全部卖点,偏多共振 + 中枢极限底,61,0.0054,0.0027,2.027,0.623,0.449,0.1739,L2
全部卖点,偏多共振 + 中枢上穿中轴,742,0.0657,0.0326,2.013,0.6213,0.449,0.1723,L2
全部卖点,偏多共振 + 中枢底部蓄力,77,0.0077,0.0027,2.881,0.7013,0.449,0.2523,L2
全部卖点,偏多共振 + 中枢底部回升,144,0.0134,0.0058,2.307,0.6528,0.449,0.2038,L2
全部卖点,偏多共振 + 大盘多头,3250,0.2543,0.1701,1.495,0.5492,0.449,0.1002,L2
全部卖点,偏多共振 + 大盘空头,1146,0.0974,0.0536,1.817,0.5969,0.449,0.1478,L2
全部卖点,偏多共振 + 大盘安全,4345,0.3434,0.2247,1.528,0.5547,0.449,0.1056,L2
全部卖点,偏多共振 + SID等于1,3250,0.2543,0.1701,1.495,0.5492,0.449,0.1002,L2
全部卖点,偏多共振 + SID等于2,2922,0.2408,0.143,1.683,0.5784,0.449,0.1294,L2
全部卖点,偏多共振 + SID小于等于2,4771,0.3777,0.2461,1.534,0.5556,0.449,0.1066,L2
全部卖点,偏多共振 + 大盘5日上涨,4640,0.3686,0.2384,1.546,0.5575,0.449,0.1085,L2
全部卖点,偏多共振 + 相对强弱大于0,5094,0.408,0.2589,1.576,0.5622,0.449,0.1132,L2
全部卖点,偏多共振 + 相对强弱大于5,4078,0.3512,0.1873,1.875,0.6045,0.449,0.1554,L2
全部卖点,偏多共振 + 量比>=1.3,2436,0.2089,0.1126,1.855,0.6018,0.449,0.1528,L2
全部卖点,偏多共振 + 量比>=2,1164,0.1098,0.0456,2.407,0.6624,0.449,0.2134,L2
全部卖点,偏多共振 + 距前高<=10%,4502,0.3552,0.2333,1.523,0.5538,0.449,0.1047,L2
全部卖点,偏多共振 + 距前低<=10%,134,0.0071,0.0098,0.73,0.3731,0.449,-0.0759,L2
全部卖点,偏多共振 + 相对强弱>=0,4865,0.3941,0.2437,1.617,0.5686,0.449,0.1195,L2
全部卖点,偏多共振 + 相对强弱>=5,3425,0.3056,0.1486,2.056,0.6263,0.449,0.1773,L2
全部卖点,多头共振 + 火箭信号,1011,0.1051,0.0317,3.317,0.73,0.449,0.281,L2
全部卖点,多头共振 + 二连板,238,0.0261,0.0064,4.083,0.7689,0.449,0.3199,L2
全部卖点,多头共振 + 二次涨停,215,0.0227,0.0065,3.484,0.7395,0.449,0.2905,L2
全部卖点,多头共振 + 纳财,609,0.0509,0.0293,1.738,0.5862,0.449,0.1372,L2
全部卖点,多头共振 + 中枢进机会区,126,0.0115,0.0052,2.209,0.6429,0.449,0.1938,L2
全部卖点,多头共振 + 中枢极限底,61,0.0054,0.0027,2.027,0.623,0.449,0.1739,L2
全部卖点,多头共振 + 中枢上穿中轴,741,0.0655,0.0326,2.009,0.6208,0.449,0.1718,L2
全部卖点,多头共振 + 中枢底部蓄力,77,0.0077,0.0027,2.881,0.7013,0.449,0.2523,L2
全部卖点,多头共振 + 中枢底部回升,144,0.0134,0.0058,2.307,0.6528,0.449,0.2038,L2
全部卖点,多头共振 + 大盘多头,3249,0.2542,0.1701,1.494,0.5491,0.449,0.1001,L2
全部卖点,多头共振 + 大盘空头,1142,0.0972,0.0534,1.819,0.5972,0.449,0.1482,L2
全部卖点,多头共振 + 大盘安全,4340,0.3429,0.2244,1.528,0.5546,0.449,0.1056,L2
全部卖点,多头共振 + SID等于1,3249,0.2542,0.1701,1.494,0.5491,0.449,0.1001,L2
全部卖点,多头共振 + SID等于2,2918,0.2405,0.1428,1.684,0.5785,0.449,0.1295,L2
全部卖点,多头共振 + SID小于等于2,4766,0.3773,0.2459,1.534,0.5556,0.449,0.1066,L2
全部卖点,多头共振 + 大盘5日上涨,4634,0.368,0.2381,1.545,0.5574,0.449,0.1084,L2
全部卖点,多头共振 + 相对强弱大于0,5088,0.4075,0.2587,1.575,0.5621,0.449,0.1131,L2
全部卖点,多头共振 + 相对强弱大于5,4073,0.3508,0.187,1.875,0.6045,0.449,0.1555,L2
全部卖点,多头共振 + 量比>=1.3,2434,0.2087,0.1125,1.855,0.6019,0.449,0.1529,L2
全部卖点,多头共振 + 量比>=2,1163,0.1097,0.0456,2.404,0.6621,0.449,0.2131,L2
全部卖点,多头共振 + 距前高<=10%,4496,0.3546,0.233,1.522,0.5536,0.449,0.1046,L2
全部卖点,多头共振 + 距前低<=10%,132,0.0068,0.0098,0.701,0.3636,0.449,-0.0854,L2
全部卖点,多头共振 + 相对强弱>=0,4860,0.3936,0.2435,1.617,0.5685,0.449,0.1195,L2
全部卖点,多头共振 + 相对强弱>=5,3421,0.3052,0.1485,2.055,0.6261,0.449,0.1771,L2
全部卖点,火箭信号 + 二连板,524,0.053,0.0176,3.003,0.7099,0.449,0.2609,L2
全部卖点,火箭信号 + 二次涨停,418,0.0409,0.0152,2.688,0.6866,0.449,0.2376,L2
全部卖点,火箭信号 + 纳财,353,0.0321,0.0149,2.157,0.6374,0.449,0.1884,L2
全部卖点,火箭信号 + 中枢进机会区,71,0.0061,0.0033,1.884,0.6056,0.449,0.1566,L2
全部卖点,火箭信号 + 中枢上穿中轴,748,0.0633,0.0353,1.792,0.5936,0.449,0.1446,L2
全部卖点,火箭信号 + 中枢底部蓄力,168,0.0137,0.0084,1.636,0.5714,0.449,0.1224,L2
全部卖点,火箭信号 + 中枢底部回升,253,0.0198,0.0132,1.496,0.5494,0.449,0.1004,L2
全部卖点,火箭信号 + 大盘多头,1266,0.1137,0.0543,2.092,0.6303,0.449,0.1813,L2
全部卖点,火箭信号 + 大盘空头,742,0.0648,0.0333,1.945,0.6132,0.449,0.1642,L2
全部卖点,火箭信号 + 大盘安全,1746,0.1584,0.0736,2.152,0.6369,0.449,0.1879,L2
全部卖点,火箭信号 + SID等于1,1266,0.1137,0.0543,2.092,0.6303,0.449,0.1813,L2
全部卖点,火箭信号 + SID等于2,1435,0.1312,0.0597,2.199,0.6418,0.449,0.1928,L2
全部卖点,火箭信号 + SID小于等于2,2015,0.1836,0.0843,2.179,0.6397,0.449,0.1907,L2
全部卖点,火箭信号 + 大盘5日上涨,2004,0.1788,0.087,2.056,0.6262,0.449,0.1772,L2
全部卖点,火箭信号 + 相对强弱大于0,2326,0.2083,0.1003,2.076,0.6285,0.449,0.1795,L2
全部卖点,火箭信号 + 相对强弱大于5,2244,0.203,0.0951,2.135,0.635,0.449,0.186,L2
全部卖点,火箭信号 + 量比>=1.3,2059,0.1824,0.0904,2.016,0.6217,0.449,0.1726,L2
全部卖点,火箭信号 + 量比>=2,1533,0.1326,0.0699,1.898,0.6073,0.449,0.1583,L2
全部卖点,火箭信号 + 距前高<=10%,1662,0.1566,0.0654,2.395,0.6613,0.449,0.2122,L2
全部卖点,火箭信号 + 相对强弱>=0,2294,0.206,0.0985,2.092,0.6303,0.449,0.1813,L2
全部卖点,火箭信号 + 相对强弱>=5,2133,0.1935,0.09,2.15,0.6367,0.449,0.1876,L2
全部卖点,二连板 + 二次涨停,81,0.0087,0.0023,3.743,0.7531,0.449,0.3041,L2
全部卖点,二连板 + 中枢上穿中轴,142,0.013,0.0059,2.19,0.6408,0.449,0.1918,L2
全部卖点,二连板 + 中枢底部蓄力,55,0.0046,0.0027,1.707,0.5818,0.449,0.1328,L2
全部卖点,二连板 + 中枢底部回升,82,0.0067,0.0041,1.648,0.5732,0.449,0.1242,L2
全部卖点,二连板 + 大盘多头,263,0.0271,0.0085,3.194,0.7224,0.449,0.2734,L2
全部卖点,二连板 + 大盘空头,176,0.0177,0.006,2.926,0.7045,0.449,0.2555,L2
全部卖点,二连板 + 大盘安全,375,0.038,0.0125,3.034,0.712,0.449,0.263,L2
全部卖点,二连板 + SID等于1,263,0.0271,0.0085,3.194,0.7224,0.449,0.2734,L2
全部卖点,二连板 + SID等于2,319,0.0306,0.0121,2.537,0.674,0.449,0.225,L2
全部卖点,二连板 + SID小于等于2,443,0.0445,0.0152,2.923,0.7043,0.449,0.2553,L2
全部卖点,二连板 + 大盘5日上涨,433,0.0436,0.0147,2.957,0.7067,0.449,0.2577,L2
全部卖点,二连板 + 相对强弱大于0,523,0.053,0.0175,3.023,0.7113,0.449,0.2623,L2
全部卖点,二连板 + 相对强弱大于5,522,0.053,0.0174,3.043,0.7126,0.449,0.2636,L2
全部卖点,二连板 + 量比>=1.3,471,0.0479,0.0157,3.054,0.7134,0.449,0.2644,L2
全部卖点,二连板 + 量比>=2,355,0.0363,0.0116,3.129,0.7183,0.449,0.2693,L2
全部卖点,二连板 + 距前高<=10%,307,0.0323,0.0093,3.482,0.7394,0.449,0.2904,L2
全部卖点,二连板 + 相对强弱>=0,522,0.053,0.0174,3.043,0.7126,0.449,0.2636,L2
全部卖点,二连板 + 相对强弱>=5,515,0.0524,0.0171,3.072,0.7146,0.449,0.2655,L2
全部卖点,二次涨停 + 纳财,56,0.0048,0.0026,1.896,0.6071,0.449,0.1581,L2
全部卖点,二次涨停 + 中枢上穿中轴,85,0.0078,0.0035,2.25,0.6471,0.449,0.198,L2
全部卖点,二次涨停 + 大盘多头,220,0.0204,0.0089,2.279,0.65,0.449,0.201,L2
全部卖点,二次涨停 + 大盘空头,145,0.0145,0.005,2.911,0.7034,0.449,0.2544,L2
全部卖点,二次涨停 + 大盘安全,308,0.0301,0.0113,2.669,0.6851,0.449,0.2361,L2
全部卖点,二次涨停 + SID等于1,220,0.0204,0.0089,2.279,0.65,0.449,0.201,L2
全部卖点,二次涨停 + SID等于2,233,0.0238,0.0077,3.105,0.7167,0.449,0.2677,L2
全部卖点,二次涨停 + SID小于等于2,350,0.0345,0.0125,2.75,0.6914,0.449,0.2424,L2
全部卖点,二次涨停 + 大盘5日上涨,343,0.0333,0.0127,2.634,0.6822,0.449,0.2332,L2
全部卖点,二次涨停 + 相对强弱大于0,417,0.0407,0.0152,2.679,0.6859,0.449,0.2368,L2
全部卖点,二次涨停 + 相对强弱大于5,411,0.0402,0.015,2.682,0.6861,0.449,0.2371,L2
全部卖点,二次涨停 + 量比>=1.3,318,0.0316,0.0111,2.838,0.6981,0.449,0.2491,L2
全部卖点,二次涨停 + 量比>=2,184,0.0174,0.0072,2.415,0.663,0.449,0.214,L2
全部卖点,二次涨停 + 距前高<=10%,305,0.0309,0.0102,3.026,0.7115,0.449,0.2625,L2
全部卖点,二次涨停 + 相对强弱>=0,410,0.0402,0.0149,2.703,0.6878,0.449,0.2388,L2
全部卖点,二次涨停 + 相对强弱>=5,390,0.038,0.0143,2.664,0.6846,0.449,0.2356,L2
全部卖点,纳财 + 中枢进机会区,53,0.0046,0.0024,1.87,0.6038,0.449,0.1548,L2
全部卖点,纳财 + 中枢上穿中轴,380,0.0269,0.0222,1.214,0.4974,0.449,0.0484,L2
全部卖点,纳财 + 中枢底部蓄力,64,0.004,0.0042,0.954,0.4375,0.449,-0.0115,L2
全部卖点,纳财 + 中枢底部回升,70,0.0044,0.0045,0.975,0.4429,0.449,-0.0062,L2
全部卖点,纳财 + 大盘多头,919,0.063,0.0554,1.137,0.481,0.449,0.0319,L2
全部卖点,纳财 + 大盘空头,490,0.0348,0.0286,1.217,0.498,0.449,0.0489,L2
全部卖点,纳财 + 大盘安全,1375,0.0959,0.0815,1.176,0.4895,0.449,0.0404,L2
全部卖点,纳财 + SID等于1,919,0.063,0.0554,1.137,0.481,0.449,0.0319,L2
全部卖点,纳财 + SID等于2,1012,0.0702,0.0603,1.166,0.4872,0.449,0.0381,L2
全部卖点,纳财 + SID小于等于2,1524,0.1063,0.0903,1.177,0.4895,0.449,0.0405,L2
全部卖点,纳财 + 大盘5日上涨,1559,0.1071,0.0937,1.143,0.4824,0.449,0.0333,L2
全部卖点,纳财 + 相对强弱大于0,1693,0.1165,0.1016,1.147,0.4832,0.449,0.0342,L2
全部卖点,纳财 + 相对强弱大于5,1348,0.1003,0.0748,1.341,0.5223,0.449,0.0732,L2
全部卖点,纳财 + 量比>=1.3,959,0.0698,0.0545,1.282,0.5109,0.449,0.0619,L2
全部卖点,纳财 + 量比>=2,508,0.0389,0.0273,1.426,0.5374,0.449,0.0884,L2
全部卖点,纳财 + 距前高<=10%,1241,0.092,0.0691,1.332,0.5205,0.449,0.0715,L2
全部卖点,纳财 + 距前低<=10%,153,0.0073,0.0118,0.614,0.3333,0.449,-0.1157,L2
全部卖点,纳财 + 相对强弱>=0,1600,0.111,0.0953,1.164,0.4869,0.449,0.0379,L2
全部卖点,纳财 + 相对强弱>=5,1150,0.0869,0.0627,1.386,0.5304,0.449,0.0814,L2
全部卖点,中枢进机会区 + 中枢极限底,235,0.0168,0.0136,1.238,0.5021,0.449,0.0531,L2
全部卖点,中枢进机会区 + 中枢上穿中轴,180,0.0132,0.0101,1.312,0.5167,0.449,0.0677,L2
全部卖点,中枢进机会区 + 中枢底部蓄力,196,0.0073,0.0168,0.432,0.2602,0.449,-0.1888,L2
全部卖点,中枢进机会区 + 中枢底部回升,220,0.0094,0.0179,0.526,0.3,0.449,-0.149,L2
全部卖点,中枢进机会区 + 大盘多头,207,0.0141,0.0125,1.125,0.4783,0.449,0.0292,L2
全部卖点,中枢进机会区 + 大盘空头,342,0.0181,0.025,0.725,0.3713,0.449,-0.0777,L2
全部卖点,中枢进机会区 + 大盘安全,347,0.0212,0.023,0.923,0.4294,0.449,-0.0196,L2
全部卖点,中枢进机会区 + SID等于1,207,0.0141,0.0125,1.125,0.4783,0.449,0.0292,L2
全部卖点,中枢进机会区 + SID等于2,390,0.0237,0.026,0.909,0.4256,0.449,-0.0234,L2
全部卖点,中枢进机会区 + SID小于等于2,467,0.0293,0.0303,0.969,0.4411,0.449,-0.0079,L2
全部卖点,中枢进机会区 + 大盘5日上涨,507,0.0284,0.0358,0.793,0.3925,0.449,-0.0565,L2
全部卖点,中枢进机会区 + 相对强弱大于0,590,0.0355,0.0396,0.896,0.422,0.449,-0.027,L2
全部卖点,中枢进机会区 + 相对强弱大于5,349,0.0246,0.0204,1.206,0.4957,0.449,0.0467,L2
全部卖点,中枢进机会区 + 量比>=1.3,392,0.0245,0.0255,0.959,0.4388,0.449,-0.0102,L2
全部卖点,中枢进机会区 + 量比>=2,234,0.0144,0.0154,0.932,0.4316,0.449,-0.0174,L2
全部卖点,中枢进机会区 + 距前高<=10%,263,0.0205,0.0138,1.485,0.5475,0.449,0.0985,L2
全部卖点,中枢进机会区 + 距前低<=10%,256,0.0097,0.0218,0.444,0.2656,0.449,-0.1834,L2
全部卖点,中枢进机会区 + 相对强弱>=0,543,0.0333,0.0359,0.929,0.4309,0.449,-0.0181,L2
全部卖点,中枢进机会区 + 相对强弱>=5,273,0.0201,0.0153,1.311,0.5165,0.449,0.0675,L2
全部卖点,中枢极限底 + 中枢上穿中轴,75,0.0063,0.0036,1.742,0.5867,0.449,0.1377,L2
全部卖点,中枢极限底 + 大盘多头,97,0.007,0.0056,1.253,0.5052,0.449,0.0561,L2
全部卖点,中枢极限底 + 大盘空头,106,0.0078,0.0059,1.323,0.5189,0.449,0.0699,L2
全部卖点,中枢极限底 + 大盘安全,134,0.0101,0.0073,1.383,0.5299,0.449,0.0808,L2
全部卖点,中枢极限底 + SID等于1,97,0.007,0.0056,1.253,0.5052,0.449,0.0561,L2
全部卖点,中枢极限底 + SID等于2,155,0.0108,0.0092,1.18,0.4903,0.449,0.0413,L2
全部卖点,中枢极限底 + SID小于等于2,187,0.0137,0.0106,1.295,0.5134,0.449,0.0644,L2
全部卖点,中枢极限底 + 大盘5日上涨,185,0.013,0.0109,1.188,0.4919,0.449,0.0429,L2
全部卖点,中枢极限底 + 相对强弱大于0,224,0.0161,0.0129,1.249,0.5045,0.449,0.0554,L2
全部卖点,中枢极限底 + 相对强弱大于5,150,0.0113,0.0082,1.365,0.5267,0.449,0.0777,L2
全部卖点,中枢极限底 + 量比>=1.3,147,0.011,0.0081,1.35,0.5238,0.449,0.0748,L2
全部卖点,中枢极限底 + 量比>=2,89,0.0063,0.0052,1.2,0.4944,0.449,0.0454,L2
全部卖点,中枢极限底 + 距前高<=10%,127,0.0103,0.0064,1.606,0.5669,0.449,0.1179,L2
全部卖点,中枢极限底 + 距前低<=10%,72,0.0038,0.0052,0.736,0.375,0.449,-0.074,L2
全部卖点,中枢极限底 + 相对强弱>=0,209,0.0154,0.0117,1.312,0.5167,0.449,0.0677,L2
全部卖点,中枢极限底 + 相对强弱>=5,128,0.01,0.0067,1.481,0.5469,0.449,0.0979,L2
全部卖点,中枢上穿中轴 + 中枢底部蓄力,400,0.0288,0.023,1.252,0.505,0.449,0.056,L2
全部卖点,中枢上穿中轴 + 中枢底部回升,642,0.0445,0.0383,1.16,0.486,0.449,0.037,L2
全部卖点,中枢上穿中轴 + 大盘多头,1309,0.0902,0.0785,1.149,0.4836,0.449,0.0346,L2
全部卖点,中枢上穿中轴 + 大盘空头,1309,0.0822,0.085,0.967,0.4408,0.449,-0.0082,L2
全部卖点,中枢上穿中轴 + 大盘安全,2200,0.1489,0.1341,1.11,0.475,0.449,0.026,L2
全部卖点,中枢上穿中轴 + SID等于1,1309,0.0902,0.0785,1.149,0.4836,0.449,0.0346,L2
全部卖点,中枢上穿中轴 + SID等于2,1946,0.1348,0.1161,1.161,0.4861,0.449,0.0371,L2
全部卖点,中枢上穿中轴 + SID小于等于2,2526,0.1717,0.1534,1.119,0.477,0.449,0.028,L2
全部卖点,中枢上穿中轴 + 大盘5日上涨,2713,0.175,0.1724,1.015,0.4526,0.449,0.0036,L2
全部卖点,中枢上穿中轴 + 相对强弱大于0,3007,0.1942,0.1909,1.017,0.4533,0.449,0.0043,L2
全部卖点,中枢上穿中轴 + 相对强弱大于5,2171,0.1543,0.1263,1.221,0.4988,0.449,0.0498,L2
全部卖点,中枢上穿中轴 + 量比>=1.3,2063,0.1467,0.1199,1.224,0.4993,0.449,0.0503,L2
全部卖点,中枢上穿中轴 + 量比>=2,1307,0.0984,0.0715,1.377,0.5287,0.449,0.0797,L2
全部卖点,中枢上穿中轴 + 距前高<=10%,1798,0.1378,0.0965,1.428,0.5378,0.449,0.0888,L2
全部卖点,中枢上穿中轴 + 距前低<=10%,606,0.0266,0.0486,0.548,0.3086,0.449,-0.1404,L2
全部卖点,中枢上穿中轴 + 相对强弱>=0,2815,0.1848,0.1762,1.048,0.4607,0.449,0.0117,L2
全部卖点,中枢上穿中轴 + 相对强弱>=5,1813,0.1295,0.105,1.234,0.5014,0.449,0.0524,L2
全部卖点,中枢底部蓄力 + 中枢底部回升,787,0.0442,0.0554,0.797,0.3939,0.449,-0.0551,L2
全部卖点,中枢底部蓄力 + 大盘多头,204,0.0148,0.0116,1.276,0.5098,0.449,0.0608,L2
全部卖点,中枢底部蓄力 + 大盘空头,484,0.0242,0.0365,0.664,0.3512,0.449,-0.0978,L2
全部卖点,中枢底部蓄力 + 大盘安全,501,0.0308,0.0331,0.93,0.4311,0.449,-0.0179,L2
全部卖点,中枢底部蓄力 + SID等于1,204,0.0148,0.0116,1.276,0.5098,0.449,0.0608,L2
全部卖点,中枢底部蓄力 + SID等于2,468,0.0291,0.0307,0.948,0.4359,0.449,-0.0131,L2
全部卖点,中枢底部蓄力 + SID小于等于2,565,0.0358,0.0365,0.981,0.4442,0.449,-0.0048,L2
全部卖点,中枢底部蓄力 + 大盘5日上涨,730,0.0406,0.0517,0.786,0.3904,0.449,-0.0586,L2
全部卖点,中枢底部蓄力 + 相对强弱大于0,747,0.0423,0.0522,0.81,0.3976,0.449,-0.0514,L2
全部卖点,中枢底部蓄力 + 相对强弱大于5,445,0.0301,0.0272,1.106,0.4742,0.449,0.0251,L2
全部卖点,中枢底部蓄力 + 量比>=1.3,494,0.0312,0.0319,0.977,0.4433,0.449,-0.0057,L2
全部卖点,中枢底部蓄力 + 量比>=2,306,0.0218,0.0178,1.227,0.5,0.449,0.051,L2
全部卖点,中枢底部蓄力 + 距前高<=10%,247,0.0217,0.011,1.963,0.6154,0.449,0.1664,L2
全部卖点,中枢底部蓄力 + 距前低<=10%,298,0.0094,0.0269,0.349,0.2215,0.449,-0.2275,L2
全部卖点,中枢底部蓄力 + 相对强弱>=0,686,0.0389,0.048,0.811,0.398,0.449,-0.0511,L2
全部卖点,中枢底部蓄力 + 相对强弱>=5,362,0.0258,0.021,1.227,0.5,0.449,0.051,L2
全部卖点,中枢底部回升 + 大盘多头,294,0.0215,0.0166,1.296,0.5136,0.449,0.0646,L2
全部卖点,中枢底部回升 + 大盘空头,639,0.0326,0.0476,0.685,0.3584,0.449,-0.0906,L2
全部卖点,中枢底部回升 + 大盘安全,691,0.0427,0.0454,0.942,0.4342,0.449,-0.0149,L2
全部卖点,中枢底部回升 + SID等于1,294,0.0215,0.0166,1.296,0.5136,0.449,0.0646,L2
全部卖点,中枢底部回升 + SID等于2,664,0.0416,0.0432,0.963,0.4398,0.449,-0.0093,L2
全部卖点,中枢底部回升 + SID小于等于2,799,0.0506,0.0515,0.981,0.4443,0.449,-0.0047,L2
全部卖点,中枢底部回升 + 大盘5日上涨,985,0.0564,0.0684,0.825,0.402,0.449,-0.047,L2
全部卖点,中枢底部回升 + 相对强弱大于0,1043,0.0605,0.0718,0.844,0.4075,0.449,-0.0415,L2
全部卖点,中枢底部回升 + 相对强弱大于5,646,0.0433,0.0397,1.091,0.4706,0.449,0.0216,L2
全部卖点,中枢底部回升 + 量比>=1.3,682,0.044,0.0433,1.017,0.4531,0.449,0.0041,L2
全部卖点,中枢底部回升 + 量比>=2,418,0.0306,0.0236,1.3,0.5144,0.449,0.0653,L2
全部卖点,中枢底部回升 + 距前高<=10%,432,0.0342,0.0223,1.534,0.5556,0.449,0.1065,L2
全部卖点,中枢底部回升 + 距前低<=10%,371,0.0128,0.0326,0.393,0.2426,0.449,-0.2064,L2
全部卖点,中枢底部回升 + 相对强弱>=0,969,0.0563,0.0666,0.844,0.4076,0.449,-0.0414,L2
全部卖点,中枢底部回升 + 相对强弱>=5,529,0.0378,0.0307,1.232,0.5009,0.449,0.0519,L2
全部卖点,大盘多头 + 大盘安全,8282,0.5303,0.5294,1.002,0.4494,0.449,0.0004,L2
全部卖点,大盘多头 + SID等于1,8282,0.5303,0.5294,1.002,0.4494,0.449,0.0004,L2
全部卖点,大盘多头 + SID等于2,4069,0.2627,0.2583,1.017,0.4532,0.449,0.0042,L2
全部卖点,大盘多头 + SID小于等于2,8282,0.5303,0.5294,1.002,0.4494,0.449,0.0004,L2
全部卖点,大盘多头 + 大盘5日上涨,7955,0.5089,0.5089,1.0,0.449,0.449,0.0,L2
全部卖点,大盘多头 + 相对强弱大于0,7876,0.509,0.4996,1.019,0.4537,0.449,0.0046,L2
全部卖点,大盘多头 + 相对强弱大于5,5719,0.4053,0.3337,1.215,0.4975,0.449,0.0484,L2
全部卖点,大盘多头 + 量比>=1.3,3950,0.271,0.2378,1.14,0.4815,0.449,0.0325,L2
全部卖点,大盘多头 + 量比>=2,1986,0.1492,0.109,1.368,0.5272,0.449,0.0782,L2
全部卖点,大盘多头 + 距前高<=10%,6172,0.431,0.3654,1.18,0.4901,0.449,0.0411,L2
全部卖点,大盘多头 + 距前低<=10%,556,0.0246,0.0445,0.554,0.3112,0.449,-0.1379,L2
全部卖点,大盘多头 + 相对强弱>=0,7405,0.4838,0.4655,1.039,0.4586,0.449,0.0096,L2
全部卖点,大盘多头 + 相对强弱>=5,4739,0.3486,0.2661,1.31,0.5164,0.449,0.0673,L2
全部卖点,大盘空头 + 大盘安全,2239,0.1667,0.1241,1.343,0.5226,0.449,0.0735,L2
全部卖点,大盘空头 + SID等于2,2507,0.1849,0.1404,1.317,0.5178,0.449,0.0687,L2
全部卖点,大盘空头 + SID小于等于2,2507,0.1849,0.1404,1.317,0.5178,0.449,0.0687,L2
全部卖点,大盘空头 + 大盘5日上涨,3840,0.2462,0.2452,1.004,0.45,0.449,0.001,L2
全部卖点,大盘空头 + 相对强弱大于0,4650,0.2972,0.2977,0.998,0.4486,0.449,-0.0004,L2
全部卖点,大盘空头 + 相对强弱大于5,3647,0.249,0.2205,1.13,0.4793,0.449,0.0303,L2
全部卖点,大盘空头 + 量比>=1.3,2252,0.1549,0.1353,1.145,0.4827,0.449,0.0337,L2
全部卖点,大盘空头 + 量比>=2,1152,0.0822,0.0668,1.231,0.5009,0.449,0.0519,L2
全部卖点,大盘空头 + 距前高<=10%,2992,0.2234,0.1653,1.351,0.5241,0.449,0.075,L2
全部卖点,大盘空头 + 距前低<=10%,813,0.0316,0.0686,0.461,0.2731,0.449,-0.176,L2
全部卖点,大盘空头 + 相对强弱>=0,4512,0.2892,0.2882,1.004,0.4499,0.449,0.0009,L2
全部卖点,大盘空头 + 相对强弱>=5,3035,0.2126,0.1791,1.187,0.4916,0.449,0.0426,L2
全部卖点,大盘安全 + SID等于1,8282,0.5303,0.5294,1.002,0.4494,0.449,0.0004,L2
全部卖点,大盘安全 + SID等于2,7924,0.5308,0.4874,1.089,0.4702,0.449,0.0212,L2
全部卖点,大盘安全 + SID小于等于2,12137,0.7984,0.7585,1.053,0.4617,0.449,0.0127,L2
全部卖点,大盘安全 + 大盘5日上涨,11799,0.7759,0.7376,1.052,0.4616,0.449,0.0125,L2
全部卖点,大盘安全 + 相对强弱大于0,11636,0.7742,0.7201,1.075,0.467,0.449,0.018,L2
全部卖点,大盘安全 + 相对强弱大于5,8241,0.6098,0.4599,1.326,0.5194,0.449,0.0703,L2
全部卖点,大盘安全 + 量比>=1.3,5647,0.3985,0.3309,1.204,0.4953,0.449,0.0463,L2
全部卖点,大盘安全 + 量比>=2,2779,0.2133,0.1488,1.433,0.5387,0.449,0.0897,L2
全部卖点,大盘安全 + 距前高<=10%,8778,0.6341,0.5024,1.262,0.5071,0.449,0.058,L2
全部卖点,大盘安全 + 距前低<=10%,1071,0.0464,0.0865,0.537,0.3044,0.449,-0.1446,L2
全部卖点,大盘安全 + 相对强弱>=0,10904,0.7361,0.6661,1.105,0.4739,0.449,0.0248,L2
全部卖点,大盘安全 + 相对强弱>=5,6732,0.5143,0.3625,1.419,0.5362,0.449,0.0872,L2
全部卖点,SID等于1 + SID等于2,4069,0.2627,0.2583,1.017,0.4532,0.449,0.0042,L2
全部卖点,SID等于1 + SID小于等于2,8282,0.5303,0.5294,1.002,0.4494,0.449,0.0004,L2
全部卖点,SID等于1 + 大盘5日上涨,7955,0.5089,0.5089,1.0,0.449,0.449,0.0,L2
全部卖点,SID等于1 + 相对强弱大于0,7876,0.509,0.4996,1.019,0.4537,0.449,0.0046,L2
全部卖点,SID等于1 + 相对强弱大于5,5719,0.4053,0.3337,1.215,0.4975,0.449,0.0484,L2
全部卖点,SID等于1 + 量比>=1.3,3950,0.271,0.2378,1.14,0.4815,0.449,0.0325,L2
全部卖点,SID等于1 + 量比>=2,1986,0.1492,0.109,1.368,0.5272,0.449,0.0782,L2
全部卖点,SID等于1 + 距前高<=10%,6172,0.431,0.3654,1.18,0.4901,0.449,0.0411,L2
全部卖点,SID等于1 + 距前低<=10%,556,0.0246,0.0445,0.554,0.3112,0.449,-0.1379,L2
全部卖点,SID等于1 + 相对强弱>=0,7405,0.4838,0.4655,1.039,0.4586,0.449,0.0096,L2
全部卖点,SID等于1 + 相对强弱>=5,4739,0.3486,0.2661,1.31,0.5164,0.449,0.0673,L2
全部卖点,SID等于2 + SID小于等于2,9243,0.6185,0.5691,1.087,0.4697,0.449,0.0206,L2
全部卖点,SID等于2 + 大盘5日上涨,8240,0.5552,0.5042,1.101,0.4729,0.449,0.0239,L2
全部卖点,SID等于2 + 相对强弱大于0,8937,0.6014,0.5475,1.098,0.4723,0.449,0.0233,L2
全部卖点,SID等于2 + 相对强弱大于5,6535,0.4864,0.3624,1.342,0.5224,0.449,0.0734,L2
全部卖点,SID等于2 + 量比>=1.3,4603,0.3264,0.2684,1.216,0.4977,0.449,0.0487,L2
全部卖点,SID等于2 + 量比>=2,2334,0.1785,0.1255,1.422,0.5368,0.449,0.0878,L2
全部卖点,SID等于2 + 距前高<=10%,6456,0.4791,0.3591,1.334,0.5209,0.449,0.0719,L2
全部卖点,SID等于2 + 距前低<=10%,947,0.0439,0.0742,0.591,0.3252,0.449,-0.1238,L2
全部卖点,SID等于2 + 相对强弱>=0,8463,0.5779,0.5117,1.129,0.4793,0.449,0.0302,L2
全部卖点,SID等于2 + 相对强弱>=5,5428,0.4132,0.2935,1.408,0.5343,0.449,0.0853,L2
全部卖点,SID小于等于2 + 大盘5日上涨,12369,0.8176,0.7698,1.062,0.464,0.449,0.015,L2
全部卖点,SID小于等于2 + 相对强弱大于0,12952,0.8618,0.8015,1.075,0.467,0.449,0.018,L2
全部卖点,SID小于等于2 + 相对强弱大于5,9426,0.6924,0.5301,1.306,0.5156,0.449,0.0666,L2
全部卖点,SID小于等于2 + 量比>=1.3,6338,0.4484,0.3705,1.21,0.4965,0.449,0.0475,L2
全部卖点,SID小于等于2 + 量比>=2,3129,0.2391,0.1685,1.419,0.5363,0.449,0.0873,L2
全部卖点,SID小于等于2 + 距前高<=10%,9747,0.7002,0.561,1.248,0.5043,0.449,0.0552,L2
全部卖点,SID小于等于2 + 距前低<=10%,1232,0.0547,0.0985,0.556,0.3117,0.449,-0.1373,L2
全部卖点,SID小于等于2 + 相对强弱>=0,12202,0.8233,0.7457,1.104,0.4736,0.449,0.0246,L2
全部卖点,SID小于等于2 + 相对强弱>=5,7798,0.5905,0.4241,1.392,0.5315,0.449,0.0825,L2
全部卖点,大盘5日上涨 + 相对强弱大于0,13311,0.8649,0.8406,1.029,0.4561,0.449,0.0071,L2
全部卖点,大盘5日上涨 + 相对强弱大于5,9645,0.6901,0.5574,1.238,0.5022,0.449,0.0532,L2
全部卖点,大盘5日上涨 + 量比>=1.3,6473,0.4468,0.3874,1.153,0.4845,0.449,0.0355,L2
全部卖点,大盘5日上涨 + 量比>=2,3220,0.2382,0.1797,1.325,0.5193,0.449,0.0702,L2
全部卖点,大盘5日上涨 + 距前高<=10%,9721,0.7032,0.5556,1.266,0.5078,0.449,0.0588,L2
全部卖点,大盘5日上涨 + 距前低<=10%,1481,0.0613,0.122,0.502,0.2903,0.449,-0.1587,L2
全部卖点,大盘5日上涨 + 相对强弱>=0,12555,0.826,0.7845,1.053,0.4618,0.449,0.0128,L2
全部卖点,大盘5日上涨 + 相对强弱>=5,7930,0.5873,0.4421,1.328,0.5198,0.449,0.0708,L2
全部卖点,相对强弱大于0 + 相对强弱大于5,11211,0.7914,0.6567,1.205,0.4955,0.449,0.0465,L2
全部卖点,相对强弱大于0 + 量比>=1.3,7120,0.4951,0.4232,1.17,0.4881,0.449,0.039,L2
全部卖点,相对强弱大于0 + 量比>=2,3524,0.2636,0.1944,1.356,0.525,0.449,0.076,L2
全部卖点,相对强弱大于0 + 距前高<=10%,10622,0.7642,0.6105,1.252,0.505,0.449,0.056,L2
全部卖点,相对强弱大于0 + 距前低<=10%,1568,0.0658,0.1284,0.513,0.2946,0.449,-0.1544,L2
全部卖点,相对强弱大于0 + 相对强弱>=0,14332,0.935,0.902,1.037,0.4579,0.449,0.0089,L2
全部卖点,相对强弱大于0 + 相对强弱>=5,9326,0.6797,0.5289,1.285,0.5116,0.449,0.0626,L2
全部卖点,相对强弱大于5 + 量比>=1.3,5562,0.4179,0.3052,1.369,0.5273,0.449,0.0783,L2
全部卖点,相对强弱大于5 + 量比>=2,2905,0.2285,0.1511,1.513,0.5522,0.449,0.1031,L2
全部卖点,相对强弱大于5 + 距前高<=10%,8053,0.6254,0.4253,1.471,0.5451,0.449,0.0961,L2
全部卖点,相对强弱大于5 + 距前低<=10%,556,0.0251,0.0441,0.568,0.3165,0.449,-0.1325,L2
全部卖点,相对强弱大于5 + 相对强弱>=0,11084,0.7833,0.6486,1.208,0.496,0.449,0.047,L2
全部卖点,相对强弱大于5 + 相对强弱>=5,9326,0.6797,0.5289,1.285,0.5116,0.449,0.0626,L2
全部卖点,量比>=1.3 + 量比>=2,3711,0.2758,0.2061,1.338,0.5217,0.449,0.0727,L2
全部卖点,量比>=1.3 + 距前高<=10%,5148,0.3885,0.2811,1.382,0.5297,0.449,0.0807,L2
全部卖点,量比>=1.3 + 距前低<=10%,653,0.0281,0.0529,0.53,0.3017,0.449,-0.1473,L2
全部卖点,量比>=1.3 + 相对强弱>=0,6794,0.4759,0.401,1.187,0.4916,0.449,0.0426,L2
全部卖点,量比>=1.3 + 相对强弱>=5,4857,0.373,0.26,1.435,0.539,0.449,0.09,L2
全部卖点,量比>=2 + 距前高<=10%,2513,0.2016,0.1275,1.581,0.5631,0.449,0.1141,L2
全部卖点,量比>=2 + 距前低<=10%,252,0.0114,0.02,0.571,0.3175,0.449,-0.1316,L2
全部卖点,量比>=2 + 相对强弱>=0,3388,0.2542,0.1862,1.365,0.5266,0.449,0.0775,L2
全部卖点,量比>=2 + 相对强弱>=5,2649,0.2101,0.1363,1.542,0.5568,0.449,0.1078,L2
全部卖点,距前高<=10% + 距前低<=10%,838,0.0425,0.0627,0.677,0.3556,0.449,-0.0934,L2
全部卖点,距前高<=10% + 相对强弱>=0,10150,0.7377,0.5773,1.278,0.5101,0.449,0.0611,L2
全部卖点,距前高<=10% + 相对强弱>=5,6824,0.544,0.349,1.559,0.5595,0.449,0.1105,L2
全部卖点,距前低<=10% + 相对强弱>=0,1367,0.0566,0.1126,0.502,0.2904,0.449,-0.1586,L2
全部卖点,距前低<=10% + 相对强弱>=5,324,0.0155,0.025,0.622,0.3364,0.449,-0.1126,L2
全部卖点,相对强弱>=0 + 相对强弱>=5,9326,0.6797,0.5289,1.285,0.5116,0.449,0.0626,L2
全部卖点,二连板 + 二次涨停 + 火箭信号,81,0.0087,0.0023,3.743,0.7531,0.449,0.3041,L3
全部卖点,二连板 + 二次涨停 + 突破前高,65,0.0073,0.0016,4.47,0.7846,0.449,0.3356,L3
全部卖点,二连板 + 二次涨停 + 斐波短中多头,60,0.0064,0.0017,3.681,0.75,0.449,0.301,L3
全部卖点,二连板 + 二次涨停 + 趋势多头,70,0.0076,0.002,3.826,0.7571,0.449,0.3081,L3
全部卖点,二连板 + 二次涨停 + 多头排列,67,0.0073,0.0019,3.911,0.7612,0.449,0.3122,L3
全部卖点,二连板 + 二次涨停 + 相对强弱>=5,77,0.0084,0.0021,4.022,0.7662,0.449,0.3172,L3
全部卖点,二连板 + 二次涨停 + BOLL突破上轨,77,0.0083,0.0022,3.746,0.7532,0.449,0.3042,L3
全部卖点,二连板 + 二次涨停 + 站上MA233,55,0.0057,0.0017,3.272,0.7273,0.449,0.2783,L3
全部卖点,二连板 + 二次涨停 + 威科夫得分大于7,56,0.0057,0.0019,3.068,0.7143,0.449,0.2653,L3
全部卖点,二连板 + 火箭信号 + 斐波全多头,82,0.01,0.0014,7.158,0.8537,0.449,0.4046,L3
全部卖点,二连板 + 火箭信号 + 突破前高,444,0.0469,0.0134,3.511,0.741,0.449,0.292,L3
全部卖点,二连板 + 火箭信号 + 斐波长多头,105,0.0124,0.0021,5.931,0.8286,0.449,0.3796,L3
全部卖点,二连板 + 火箭信号 + 偏多共振,238,0.0261,0.0064,4.083,0.7689,0.449,0.3199,L3
全部卖点,二连板 + 火箭信号 + 多头共振,238,0.0261,0.0064,4.083,0.7689,0.449,0.3199,L3
全部卖点,二连板 + 火箭信号 + MA55上穿MA89,53,0.0058,0.0014,4.193,0.7736,0.449,0.3246,L3
全部卖点,二连板 + 火箭信号 + MACD零轴上金叉,87,0.0097,0.0022,4.392,0.7816,0.449,0.3326,L3
全部卖点,二连板 + 火箭信号 + 斐波短中多头,326,0.0363,0.0082,4.407,0.7822,0.449,0.3332,L3
全部卖点,二连板 + 火箭信号 + 量比>=2,355,0.0363,0.0116,3.129,0.7183,0.449,0.2693,L3
全部卖点,二连板 + 火箭信号 + 趋势多头,395,0.0432,0.0107,4.041,0.7671,0.449,0.3181,L3
全部卖点,二连板 + 火箭信号 + 多头排列,385,0.0422,0.0103,4.081,0.7688,0.449,0.3198,L3
全部卖点,二连板 + 火箭信号 + 相对强弱>=5,515,0.0524,0.0171,3.072,0.7146,0.449,0.2655,L3
全部卖点,二连板 + 火箭信号 + BOLL突破上轨,506,0.052,0.0164,3.177,0.7213,0.449,0.2723,L3
全部卖点,二连板 + 火箭信号 + 站上MA233,383,0.0397,0.0121,3.292,0.7285,0.449,0.2794,L3
全部卖点,二连板 + 火箭信号 + 威科夫得分大于7,368,0.0386,0.0113,3.428,0.7364,0.449,0.2874,L3
全部卖点,二连板 + 斐波全多头 + 突破前高,80,0.0097,0.0014,6.954,0.85,0.449,0.401,L3
全部卖点,二连板 + 斐波全多头 + 斐波长多头,82,0.01,0.0014,7.158,0.8537,0.449,0.4046,L3
全部卖点,二连板 + 斐波全多头 + 偏多共振,82,0.01,0.0014,7.158,0.8537,0.449,0.4046,L3
全部卖点,二连板 + 斐波全多头 + 多头共振,82,0.01,0.0014,7.158,0.8537,0.449,0.4046,L3
全部卖点,二连板 + 斐波全多头 + 斐波短中多头,82,0.01,0.0014,7.158,0.8537,0.449,0.4046,L3
全部卖点,二连板 + 斐波全多头 + 量比>=2,56,0.0068,0.0009,7.363,0.8571,0.449,0.4081,L3
全部卖点,二连板 + 斐波全多头 + 趋势多头,81,0.01,0.0013,7.809,0.8642,0.449,0.4152,L3
全部卖点,二连板 + 斐波全多头 + 多头排列,79,0.0097,0.0013,7.586,0.8608,0.449,0.4117,L3
全部卖点,二连板 + 斐波全多头 + 相对强弱>=5,82,0.01,0.0014,7.158,0.8537,0.449,0.4046,L3
全部卖点,二连板 + 斐波全多头 + BOLL突破上轨,81,0.0098,0.0014,7.056,0.8519,0.449,0.4028,L3
全部卖点,二连板 + 斐波全多头 + 站上MA233,82,0.01,0.0014,7.158,0.8537,0.449,0.4046,L3
全部卖点,二连板 + 斐波全多头 + 威科夫得分大于7,80,0.0098,0.0013,7.697,0.8625,0.449,0.4135,L3
全部卖点,二连板 + 突破前高 + 斐波长多头,95,0.0114,0.0017,6.545,0.8421,0.449,0.3931,L3
全部卖点,二连板 + 突破前高 + 偏多共振,221,0.0248,0.0055,4.543,0.7873,0.449,0.3383,L3
全部卖点,二连板 + 突破前高 + 多头共振,221,0.0248,0.0055,4.543,0.7873,0.449,0.3383,L3
全部卖点,二连板 + 突破前高 + MA55上穿MA89,50,0.0054,0.0014,3.886,0.76,0.449,0.311,L3
全部卖点,二连板 + 突破前高 + MACD零轴上金叉,79,0.0087,0.0021,4.158,0.7722,0.449,0.3231,L3
全部卖点,二连板 + 突破前高 + 斐波短中多头,317,0.0355,0.0079,4.493,0.7855,0.449,0.3365,L3
全部卖点,二连板 + 突破前高 + 量比>=2,292,0.0316,0.0081,3.892,0.7603,0.449,0.3113,L3
全部卖点,二连板 + 突破前高 + 趋势多头,379,0.0417,0.01,4.181,0.7731,0.449,0.3241,L3
全部卖点,二连板 + 突破前高 + 多头排列,374,0.0412,0.0099,4.172,0.7727,0.449,0.3237,L3
全部卖点,二连板 + 突破前高 + 相对强弱>=5,442,0.0467,0.0132,3.531,0.7421,0.449,0.2931,L3
全部卖点,二连板 + 突破前高 + BOLL突破上轨,444,0.0469,0.0134,3.511,0.741,0.449,0.292,L3
全部卖点,二连板 + 突破前高 + 站上MA233,343,0.0358,0.0107,3.348,0.7318,0.449,0.2828,L3
全部卖点,二连板 + 突破前高 + 威科夫得分大于7,337,0.0365,0.0094,3.878,0.7596,0.449,0.3106,L3
全部卖点,二连板 + 斐波长多头 + 偏多共振,101,0.012,0.002,6.063,0.8317,0.449,0.3827,L3
全部卖点,二连板 + 斐波长多头 + 多头共振,101,0.012,0.002,6.063,0.8317,0.449,0.3827,L3
全部卖点,二连板 + 斐波长多头 + 斐波短中多头,82,0.01,0.0014,7.158,0.8537,0.449,0.4046,L3
全部卖点,二连板 + 斐波长多头 + 量比>=2,74,0.0088,0.0014,6.34,0.8378,0.449,0.3888,L3
全部卖点,二连板 + 斐波长多头 + 趋势多头,94,0.0114,0.0016,7.012,0.8511,0.449,0.402,L3
全部卖点,二连板 + 斐波长多头 + 多头排列,91,0.011,0.0016,6.749,0.8462,0.449,0.3971,L3
全部卖点,二连板 + 斐波长多头 + 相对强弱>=5,103,0.0123,0.002,6.208,0.835,0.449,0.3859,L3
全部卖点,二连板 + 斐波长多头 + BOLL突破上轨,103,0.0123,0.002,6.208,0.835,0.449,0.3859,L3
全部卖点,二连板 + 斐波长多头 + 站上MA233,105,0.0124,0.0021,5.931,0.8286,0.449,0.3796,L3
全部卖点,二连板 + 斐波长多头 + 威科夫得分大于7,102,0.0121,0.002,6.135,0.8333,0.449,0.3843,L3
全部卖点,二连板 + 偏多共振 + 多头共振,238,0.0261,0.0064,4.083,0.7689,0.449,0.3199,L3
全部卖点,二连板 + 偏多共振 + MACD零轴上金叉,51,0.0051,0.0017,2.945,0.7059,0.449,0.2569,L3
全部卖点,二连板 + 偏多共振 + 斐波短中多头,193,0.0218,0.0046,4.694,0.7927,0.449,0.3437,L3
全部卖点,二连板 + 偏多共振 + 量比>=2,163,0.018,0.0043,4.179,0.773,0.449,0.324,L3
全部卖点,二连板 + 偏多共振 + 趋势多头,220,0.0248,0.0053,4.642,0.7909,0.449,0.3419,L3
全部卖点,二连板 + 偏多共振 + 多头排列,216,0.0245,0.0051,4.797,0.7963,0.449,0.3473,L3
全部卖点,二连板 + 偏多共振 + 相对强弱>=5,238,0.0261,0.0064,4.083,0.7689,0.449,0.3199,L3
全部卖点,二连板 + 偏多共振 + BOLL突破上轨,235,0.0259,0.0062,4.214,0.7745,0.449,0.3255,L3
全部卖点,二连板 + 偏多共振 + 站上MA233,220,0.0238,0.0062,3.867,0.7591,0.449,0.3101,L3
全部卖点,二连板 + 偏多共振 + 威科夫得分大于7,230,0.0252,0.0062,4.098,0.7696,0.449,0.3206,L3
全部卖点,二连板 + 多头共振 + MACD零轴上金叉,51,0.0051,0.0017,2.945,0.7059,0.449,0.2569,L3
全部卖点,二连板 + 多头共振 + 斐波短中多头,193,0.0218,0.0046,4.694,0.7927,0.449,0.3437,L3
全部卖点,二连板 + 多头共振 + 量比>=2,163,0.018,0.0043,4.179,0.773,0.449,0.324,L3
全部卖点,二连板 + 多头共振 + 趋势多头,220,0.0248,0.0053,4.642,0.7909,0.449,0.3419,L3
全部卖点,二连板 + 多头共振 + 多头排列,216,0.0245,0.0051,4.797,0.7963,0.449,0.3473,L3
全部卖点,二连板 + 多头共振 + 相对强弱>=5,238,0.0261,0.0064,4.083,0.7689,0.449,0.3199,L3
全部卖点,二连板 + 多头共振 + BOLL突破上轨,235,0.0259,0.0062,4.214,0.7745,0.449,0.3255,L3
全部卖点,二连板 + 多头共振 + 站上MA233,220,0.0238,0.0062,3.867,0.7591,0.449,0.3101,L3
全部卖点,二连板 + 多头共振 + 威科夫得分大于7,230,0.0252,0.0062,4.098,0.7696,0.449,0.3206,L3
全部卖点,二连板 + MA55上穿MA89 + 相对强弱>=5,53,0.0058,0.0014,4.193,0.7736,0.449,0.3246,L3
全部卖点,二连板 + MA55上穿MA89 + BOLL突破上轨,53,0.0058,0.0014,4.193,0.7736,0.449,0.3246,L3
全部卖点,二连板 + MACD零轴上金叉 + 斐波短中多头,75,0.0084,0.0019,4.525,0.7867,0.449,0.3377,L3
全部卖点,二连板 + MACD零轴上金叉 + 量比>=2,67,0.0074,0.0017,4.254,0.7761,0.449,0.3271,L3
全部卖点,二连板 + MACD零轴上金叉 + 趋势多头,86,0.0095,0.0022,4.327,0.7791,0.449,0.3301,L3
全部卖点,二连板 + MACD零轴上金叉 + 多头排列,77,0.0085,0.002,4.331,0.7792,0.449,0.3302,L3
全部卖点,二连板 + MACD零轴上金叉 + 相对强弱>=5,83,0.0093,0.0021,4.431,0.7831,0.449,0.3341,L3
全部卖点,二连板 + MACD零轴上金叉 + BOLL突破上轨,84,0.0093,0.0022,4.198,0.7738,0.449,0.3248,L3
全部卖点,二连板 + MACD零轴上金叉 + 站上MA233,67,0.0071,0.002,3.609,0.7463,0.449,0.2973,L3
全部卖点,二连板 + MACD零轴上金叉 + 威科夫得分大于7,69,0.0074,0.002,3.753,0.7536,0.449,0.3046,L3
全部卖点,二连板 + 斐波短中多头 + 量比>=2,209,0.0241,0.0046,5.184,0.8086,0.449,0.3596,L3
全部卖点,二连板 + 斐波短中多头 + 趋势多头,320,0.0359,0.0079,4.547,0.7875,0.449,0.3385,L3
全部卖点,二连板 + 斐波短中多头 + 多头排列,313,0.0352,0.0077,4.592,0.7891,0.449,0.3401,L3
全部卖点,二连板 + 斐波短中多头 + 相对强弱>=5,322,0.0359,0.0081,4.418,0.7826,0.449,0.3336,L3
全部卖点,二连板 + 斐波短中多头 + BOLL突破上轨,324,0.036,0.0082,4.373,0.7809,0.449,0.3318,L3
全部卖点,二连板 + 斐波短中多头 + 站上MA233,256,0.0282,0.0067,4.189,0.7734,0.449,0.3244,L3
全部卖点,二连板 + 斐波短中多头 + 威科夫得分大于7,279,0.0308,0.0073,4.207,0.7742,0.449,0.3252,L3
全部卖点,二连板 + 量比>=2 + 趋势多头,253,0.0291,0.0057,5.109,0.8063,0.449,0.3573,L3
全部卖点,二连板 + 量比>=2 + 多头排列,246,0.0284,0.0055,5.196,0.8089,0.449,0.3599,L3
全部卖点,二连板 + 量比>=2 + 相对强弱>=5,351,0.036,0.0114,3.168,0.7208,0.449,0.2718,L3
全部卖点,二连板 + 量比>=2 + BOLL突破上轨,343,0.0356,0.0108,3.299,0.7289,0.449,0.2798,L3
全部卖点,二连板 + 量比>=2 + 站上MA233,256,0.0272,0.0075,3.606,0.7461,0.449,0.2971,L3
全部卖点,二连板 + 量比>=2 + 威科夫得分大于7,241,0.0262,0.0066,3.961,0.7635,0.449,0.3145,L3
全部卖点,二连板 + 趋势多头 + 多头排列,384,0.042,0.0103,4.067,0.7682,0.449,0.3192,L3
全部卖点,二连板 + 趋势多头 + 相对强弱>=5,390,0.0426,0.0106,4.032,0.7667,0.449,0.3177,L3
全部卖点,二连板 + 趋势多头 + BOLL突破上轨,390,0.0426,0.0106,4.032,0.7667,0.449,0.3177,L3
全部卖点,二连板 + 趋势多头 + 站上MA233,309,0.0332,0.0088,3.762,0.754,0.449,0.305,L3
全部卖点,二连板 + 趋势多头 + 威科夫得分大于7,334,0.0362,0.0093,3.896,0.7605,0.449,0.3115,L3
全部卖点,二连板 + 多头排列 + 相对强弱>=5,383,0.0419,0.0103,4.054,0.7676,0.449,0.3186,L3
全部卖点,二连板 + 多头排列 + BOLL突破上轨,384,0.042,0.0103,4.067,0.7682,0.449,0.3192,L3
全部卖点,二连板 + 多头排列 + 站上MA233,301,0.0323,0.0086,3.764,0.7542,0.449,0.3051,L3
全部卖点,二连板 + 多头排列 + 威科夫得分大于7,328,0.0356,0.0091,3.933,0.7622,0.449,0.3132,L3
全部卖点,二连板 + 相对强弱>=5 + BOLL突破上轨,500,0.0516,0.016,3.219,0.724,0.449,0.275,L3
全部卖点,二连板 + 相对强弱>=5 + 站上MA233,379,0.0395,0.0118,3.332,0.7309,0.449,0.2819,L3
全部卖点,二连板 + 相对强弱>=5 + 威科夫得分大于7,366,0.0385,0.0111,3.451,0.7377,0.449,0.2887,L3
全部卖点,二连板 + BOLL突破上轨 + 站上MA233,375,0.0392,0.0116,3.375,0.7333,0.449,0.2843,L3
全部卖点,二连板 + BOLL突破上轨 + 威科夫得分大于7,363,0.0383,0.0109,3.512,0.741,0.449,0.292,L3
全部卖点,二连板 + 站上MA233 + 威科夫得分大于7,316,0.0332,0.0096,3.445,0.7373,0.449,0.2883,L3
全部卖点,二次涨停 + 火箭信号 + 斐波全多头,73,0.008,0.002,4.042,0.7671,0.449,0.3181,L3
全部卖点,二次涨停 + 火箭信号 + 突破前高,275,0.0286,0.0086,3.333,0.7309,0.449,0.2819,L3
全部卖点,二次涨停 + 火箭信号 + 斐波长多头,92,0.01,0.0026,3.904,0.7609,0.449,0.3119,L3
全部卖点,二次涨停 + 火箭信号 + 偏多共振,215,0.0227,0.0065,3.484,0.7395,0.449,0.2905,L3
全部卖点,二次涨停 + 火箭信号 + 多头共振,215,0.0227,0.0065,3.484,0.7395,0.449,0.2905,L3
全部卖点,二次涨停 + 火箭信号 + MACD零轴上金叉,63,0.0067,0.0019,3.605,0.746,0.449,0.297,L3
全部卖点,二次涨停 + 火箭信号 + 斐波短中多头,301,0.0311,0.0096,3.223,0.7243,0.449,0.2752,L3
全部卖点,二次涨停 + 火箭信号 + 量比>=2,184,0.0174,0.0072,2.415,0.663,0.449,0.214,L3
全部卖点,二次涨停 + 火箭信号 + 趋势多头,360,0.0368,0.0118,3.104,0.7167,0.449,0.2677,L3
全部卖点,二次涨停 + 火箭信号 + 多头排列,350,0.0358,0.0115,3.111,0.7171,0.449,0.2681,L3
全部卖点,二次涨停 + 火箭信号 + 相对强弱>=5,390,0.038,0.0143,2.664,0.6846,0.449,0.2356,L3
全部卖点,二次涨停 + 火箭信号 + BOLL突破上轨,354,0.0349,0.0127,2.758,0.6921,0.449,0.2431,L3
全部卖点,二次涨停 + 火箭信号 + 站上MA233,263,0.0264,0.0091,2.91,0.7034,0.449,0.2544,L3
全部卖点,二次涨停 + 火箭信号 + 威科夫得分大于7,282,0.0282,0.0098,2.892,0.7021,0.449,0.2531,L3
全部卖点,二次涨停 + 斐波全多头 + 突破前高,59,0.0066,0.0015,4.342,0.7797,0.449,0.3306,L3
全部卖点,二次涨停 + 斐波全多头 + 斐波长多头,73,0.008,0.002,4.042,0.7671,0.449,0.3181,L3
全部卖点,二次涨停 + 斐波全多头 + 偏多共振,73,0.008,0.002,4.042,0.7671,0.449,0.3181,L3
全部卖点,二次涨停 + 斐波全多头 + 多头共振,73,0.008,0.002,4.042,0.7671,0.449,0.3181,L3
全部卖点,二次涨停 + 斐波全多头 + 斐波短中多头,73,0.008,0.002,4.042,0.7671,0.449,0.3181,L3
全部卖点,二次涨停 + 斐波全多头 + 趋势多头,73,0.008,0.002,4.042,0.7671,0.449,0.3181,L3
全部卖点,二次涨停 + 斐波全多头 + 多头排列,73,0.008,0.002,4.042,0.7671,0.449,0.3181,L3
全部卖点,二次涨停 + 斐波全多头 + 相对强弱>=5,69,0.0076,0.0019,4.065,0.7681,0.449,0.3191,L3
全部卖点,二次涨停 + 斐波全多头 + BOLL突破上轨,63,0.0068,0.0017,3.927,0.7619,0.449,0.3129,L3
全部卖点,二次涨停 + 斐波全多头 + 站上MA233,73,0.008,0.002,4.042,0.7671,0.449,0.3181,L3
全部卖点,二次涨停 + 斐波全多头 + 威科夫得分大于7,69,0.0076,0.0019,4.065,0.7681,0.449,0.3191,L3
全部卖点,二次涨停 + 突破前高 + 斐波长多头,71,0.0078,0.0019,4.218,0.7746,0.449,0.3256,L3
全部卖点,二次涨停 + 突破前高 + 偏多共振,160,0.0167,0.005,3.339,0.7312,0.449,0.2822,L3
全部卖点,二次涨停 + 突破前高 + 多头共振,160,0.0167,0.005,3.339,0.7312,0.449,0.2822,L3
全部卖点,二次涨停 + 突破前高 + 斐波短中多头,227,0.0237,0.0071,3.339,0.7313,0.449,0.2823,L3
全部卖点,二次涨停 + 突破前高 + 量比>=2,112,0.012,0.0033,3.681,0.75,0.449,0.301,L3
全部卖点,二次涨停 + 突破前高 + 趋势多头,262,0.0276,0.0079,3.501,0.7405,0.449,0.2914,L3
全部卖点,二次涨停 + 突破前高 + 多头排列,261,0.0275,0.0079,3.483,0.7395,0.449,0.2904,L3
全部卖点,二次涨停 + 突破前高 + 相对强弱>=5,267,0.0278,0.0084,3.323,0.7303,0.449,0.2813,L3
全部卖点,二次涨停 + 突破前高 + BOLL突破上轨,264,0.0272,0.0085,3.211,0.7235,0.449,0.2745,L3
全部卖点,二次涨停 + 突破前高 + 站上MA233,191,0.0194,0.0064,3.034,0.712,0.449,0.263,L3
全部卖点,二次涨停 + 突破前高 + 威科夫得分大于7,213,0.0214,0.0073,2.922,0.7042,0.449,0.2552,L3
全部卖点,二次涨停 + 斐波长多头 + 偏多共振,91,0.01,0.0024,4.09,0.7692,0.449,0.3202,L3
全部卖点,二次涨停 + 斐波长多头 + 多头共振,91,0.01,0.0024,4.09,0.7692,0.449,0.3202,L3
全部卖点,二次涨停 + 斐波长多头 + 斐波短中多头,74,0.0081,0.002,4.114,0.7703,0.449,0.3213,L3
全部卖点,二次涨停 + 斐波长多头 + 趋势多头,87,0.0094,0.0024,3.857,0.7586,0.449,0.3096,L3
全部卖点,二次涨停 + 斐波长多头 + 多头排列,87,0.0094,0.0024,3.857,0.7586,0.449,0.3096,L3
全部卖点,二次涨停 + 斐波长多头 + 相对强弱>=5,88,0.0095,0.0024,3.915,0.7614,0.449,0.3123,L3
全部卖点,二次涨停 + 斐波长多头 + BOLL突破上轨,81,0.0088,0.0022,4.004,0.7654,0.449,0.3164,L3
全部卖点,二次涨停 + 斐波长多头 + 站上MA233,92,0.01,0.0026,3.904,0.7609,0.449,0.3119,L3
全部卖点,二次涨停 + 斐波长多头 + 威科夫得分大于7,88,0.0095,0.0024,3.915,0.7614,0.449,0.3123,L3
全部卖点,二次涨停 + 偏多共振 + 多头共振,215,0.0227,0.0065,3.484,0.7395,0.449,0.2905,L3
全部卖点,二次涨停 + 偏多共振 + 斐波短中多头,182,0.0189,0.0057,3.331,0.7308,0.449,0.2818,L3
全部卖点,二次涨停 + 偏多共振 + 量比>=2,82,0.0081,0.0029,2.798,0.6951,0.449,0.2461,L3
全部卖点,二次涨停 + 偏多共振 + 趋势多头,208,0.0219,0.0063,3.5,0.7404,0.449,0.2914,L3
全部卖点,二次涨停 + 偏多共振 + 多头排列,206,0.0217,0.0063,3.454,0.7379,0.449,0.2888,L3
全部卖点,二次涨停 + 偏多共振 + 相对强弱>=5,202,0.0214,0.006,3.54,0.7426,0.449,0.2936,L3
全部卖点,二次涨停 + 偏多共振 + BOLL突破上轨,186,0.0195,0.0057,3.431,0.7366,0.449,0.2875,L3
全部卖点,二次涨停 + 偏多共振 + 站上MA233,191,0.0201,0.0058,3.46,0.7382,0.449,0.2892,L3
全部卖点,二次涨停 + 偏多共振 + 威科夫得分大于7,200,0.0209,0.0062,3.403,0.735,0.449,0.286,L3
全部卖点,二次涨停 + 多头共振 + 斐波短中多头,182,0.0189,0.0057,3.331,0.7308,0.449,0.2818,L3
全部卖点,二次涨停 + 多头共振 + 量比>=2,82,0.0081,0.0029,2.798,0.6951,0.449,0.2461,L3
全部卖点,二次涨停 + 多头共振 + 趋势多头,208,0.0219,0.0063,3.5,0.7404,0.449,0.2914,L3
全部卖点,二次涨停 + 多头共振 + 多头排列,206,0.0217,0.0063,3.454,0.7379,0.449,0.2888,L3
全部卖点,二次涨停 + 多头共振 + 相对强弱>=5,202,0.0214,0.006,3.54,0.7426,0.449,0.2936,L3
全部卖点,二次涨停 + 多头共振 + BOLL突破上轨,186,0.0195,0.0057,3.431,0.7366,0.449,0.2875,L3
全部卖点,二次涨停 + 多头共振 + 站上MA233,191,0.0201,0.0058,3.46,0.7382,0.449,0.2892,L3
全部卖点,二次涨停 + 多头共振 + 威科夫得分大于7,200,0.0209,0.0062,3.403,0.735,0.449,0.286,L3
全部卖点,二次涨停 + MACD零轴上金叉 + 斐波短中多头,60,0.0066,0.0016,4.032,0.7667,0.449,0.3177,L3
全部卖点,二次涨停 + MACD零轴上金叉 + 趋势多头,63,0.0067,0.0019,3.605,0.746,0.449,0.297,L3
全部卖点,二次涨停 + MACD零轴上金叉 + 多头排列,58,0.0063,0.0016,3.857,0.7586,0.449,0.3096,L3
全部卖点,二次涨停 + MACD零轴上金叉 + 相对强弱>=5,50,0.0054,0.0014,3.886,0.76,0.449,0.311,L3
全部卖点,二次涨停 + 斐波短中多头 + 量比>=2,118,0.012,0.0039,3.032,0.7119,0.449,0.2628,L3
全部卖点,二次涨停 + 斐波短中多头 + 趋势多头,296,0.0308,0.0093,3.313,0.7297,0.449,0.2807,L3
全部卖点,二次涨停 + 斐波短中多头 + 多头排列,290,0.0302,0.0091,3.335,0.731,0.449,0.282,L3
全部卖点,二次涨停 + 斐波短中多头 + 相对强弱>=5,279,0.0288,0.0089,3.219,0.724,0.449,0.275,L3
全部卖点,二次涨停 + 斐波短中多头 + BOLL突破上轨,257,0.0266,0.0081,3.278,0.7276,0.449,0.2786,L3
全部卖点,二次涨停 + 斐波短中多头 + 站上MA233,205,0.0209,0.0067,3.11,0.7171,0.449,0.2681,L3
全部卖点,二次涨停 + 斐波短中多头 + 威科夫得分大于7,230,0.0232,0.0078,2.985,0.7087,0.449,0.2597,L3
全部卖点,二次涨停 + 量比>=2 + 趋势多头,151,0.0154,0.005,3.082,0.7152,0.449,0.2662,L3
全部卖点,二次涨停 + 量比>=2 + 多头排列,144,0.0147,0.0048,3.083,0.7153,0.449,0.2663,L3
全部卖点,二次涨停 + 量比>=2 + 相对强弱>=5,168,0.016,0.0065,2.454,0.6667,0.449,0.2177,L3
全部卖点,二次涨停 + 量比>=2 + BOLL突破上轨,154,0.0148,0.0058,2.552,0.6753,0.449,0.2263,L3
全部卖点,二次涨停 + 量比>=2 + 站上MA233,109,0.011,0.0037,2.953,0.7064,0.449,0.2574,L3
全部卖点,二次涨停 + 量比>=2 + 威科夫得分大于7,115,0.0114,0.0041,2.805,0.6957,0.449,0.2466,L3
全部卖点,二次涨停 + 趋势多头 + 多头排列,350,0.0358,0.0115,3.111,0.7171,0.449,0.2681,L3
全部卖点,二次涨停 + 趋势多头 + 相对强弱>=5,336,0.0342,0.0111,3.068,0.7143,0.449,0.2653,L3
全部卖点,二次涨停 + 趋势多头 + BOLL突破上轨,305,0.0315,0.0098,3.228,0.7246,0.449,0.2756,L3
全部卖点,二次涨停 + 趋势多头 + 站上MA233,246,0.0248,0.0084,2.965,0.7073,0.449,0.2583,L3
全部卖点,二次涨停 + 趋势多头 + 威科夫得分大于7,271,0.0271,0.0094,2.878,0.7011,0.449,0.2521,L3
全部卖点,二次涨停 + 多头排列 + 相对强弱>=5,330,0.0336,0.0109,3.081,0.7152,0.449,0.2661,L3
全部卖点,二次涨停 + 多头排列 + BOLL突破上轨,303,0.0313,0.0096,3.253,0.7261,0.449,0.2771,L3
全部卖点,二次涨停 + 多头排列 + 站上MA233,243,0.0244,0.0084,2.914,0.7037,0.449,0.2547,L3
全部卖点,二次涨停 + 多头排列 + 威科夫得分大于7,269,0.0269,0.0093,2.899,0.7026,0.449,0.2536,L3
全部卖点,二次涨停 + 相对强弱>=5 + BOLL突破上轨,341,0.0336,0.0122,2.758,0.6921,0.449,0.2431,L3
全部卖点,二次涨停 + 相对强弱>=5 + 站上MA233,246,0.0248,0.0084,2.965,0.7073,0.449,0.2583,L3
全部卖点,二次涨停 + 相对强弱>=5 + 威科夫得分大于7,270,0.0268,0.0095,2.813,0.6963,0.449,0.2473,L3
全部卖点,二次涨停 + BOLL突破上轨 + 站上MA233,227,0.0229,0.0077,2.993,0.7093,0.449,0.2602,L3
全部卖点,二次涨停 + BOLL突破上轨 + 威科夫得分大于7,251,0.0252,0.0086,2.935,0.7052,0.449,0.2562,L3
全部卖点,二次涨停 + 站上MA233 + 威科夫得分大于7,227,0.0231,0.0075,3.058,0.7137,0.449,0.2646,L3
全部卖点,火箭信号 + 斐波全多头 + 突破前高,308,0.035,0.0072,4.869,0.7987,0.449,0.3497,L3
全部卖点,火箭信号 + 斐波全多头 + 斐波长多头,347,0.0396,0.008,4.944,0.8012,0.449,0.3521,L3
全部卖点,火箭信号 + 斐波全多头 + 偏多共振,344,0.0393,0.0079,4.981,0.8023,0.449,0.3533,L3
全部卖点,火箭信号 + 斐波全多头 + 多头共振,344,0.0393,0.0079,4.981,0.8023,0.449,0.3533,L3
全部卖点,火箭信号 + 斐波全多头 + MACD零轴上金叉,99,0.0117,0.002,5.919,0.8283,0.449,0.3793,L3
全部卖点,火箭信号 + 斐波全多头 + 斐波短中多头,347,0.0396,0.008,4.944,0.8012,0.449,0.3521,L3
全部卖点,火箭信号 + 斐波全多头 + 量比>=2,189,0.0212,0.0046,4.571,0.7884,0.449,0.3393,L3
全部卖点,火箭信号 + 斐波全多头 + 趋势多头,343,0.0392,0.0079,4.963,0.8017,0.449,0.3527,L3
全部卖点,火箭信号 + 斐波全多头 + 多头排列,336,0.0382,0.0079,4.836,0.7976,0.449,0.3486,L3
全部卖点,火箭信号 + 斐波全多头 + 相对强弱>=5,327,0.0372,0.0077,4.853,0.7982,0.449,0.3492,L3
全部卖点,火箭信号 + 斐波全多头 + BOLL突破上轨,333,0.0379,0.0078,4.872,0.7988,0.449,0.3498,L3
全部卖点,火箭信号 + 斐波全多头 + 站上MA233,347,0.0396,0.008,4.944,0.8012,0.449,0.3521,L3
全部卖点,火箭信号 + 斐波全多头 + 威科夫得分大于7,339,0.0386,0.0079,4.89,0.7994,0.449,0.3504,L3
全部卖点,火箭信号 + 突破前高 + 斐波长多头,370,0.0417,0.0089,4.669,0.7919,0.449,0.3429,L3
全部卖点,火箭信号 + 突破前高 + 偏多共振,837,0.0879,0.0255,3.441,0.7372,0.449,0.2881,L3
全部卖点,火箭信号 + 突破前高 + 多头共振,837,0.0879,0.0255,3.441,0.7372,0.449,0.2881,L3
全部卖点,火箭信号 + 突破前高 + MA55上穿MA89,149,0.0147,0.0053,2.748,0.6913,0.449,0.2423,L3
全部卖点,火箭信号 + 突破前高 + MACD零轴上金叉,353,0.0342,0.0131,2.606,0.6799,0.449,0.2309,L3
全部卖点,火箭信号 + 突破前高 + 斐波短中多头,1181,0.1191,0.0401,2.973,0.7079,0.449,0.2589,L3
全部卖点,火箭信号 + 突破前高 + 量比>=2,1045,0.0996,0.0402,2.479,0.6689,0.449,0.2199,L3
全部卖点,火箭信号 + 突破前高 + 趋势多头,1402,0.14,0.0486,2.879,0.7011,0.449,0.2521,L3
全部卖点,火箭信号 + 突破前高 + 多头排列,1384,0.1382,0.0481,2.875,0.7009,0.449,0.2519,L3
全部卖点,火箭信号 + 突破前高 + 相对强弱>=5,1517,0.1496,0.0542,2.759,0.6922,0.449,0.2431,L3
全部卖点,火箭信号 + 突破前高 + BOLL突破上轨,1615,0.157,0.0596,2.636,0.6824,0.449,0.2333,L3
全部卖点,火箭信号 + 突破前高 + 站上MA233,1191,0.1174,0.0426,2.755,0.6919,0.449,0.2428,L3
全部卖点,火箭信号 + 突破前高 + 威科夫得分大于7,1207,0.1202,0.0421,2.853,0.6993,0.449,0.2502,L3
全部卖点,火箭信号 + 斐波长多头 + 偏多共振,437,0.049,0.0108,4.539,0.7872,0.449,0.3382,L3
全部卖点,火箭信号 + 斐波长多头 + 多头共振,437,0.049,0.0108,4.539,0.7872,0.449,0.3382,L3
全部卖点,火箭信号 + 斐波长多头 + MACD零轴上金叉,113,0.0132,0.0023,5.706,0.823,0.449,0.374,L3
全部卖点,火箭信号 + 斐波长多头 + 斐波短中多头,350,0.0399,0.0081,4.908,0.8,0.449,0.351,L3
全部卖点,火箭信号 + 斐波长多头 + 量比>=2,260,0.0289,0.0066,4.37,0.7808,0.449,0.3318,L3
全部卖点,火箭信号 + 斐波长多头 + 趋势多头,406,0.046,0.0096,4.775,0.7956,0.449,0.3466,L3
全部卖点,火箭信号 + 斐波长多头 + 多头排列,391,0.044,0.0095,4.624,0.7903,0.449,0.3413,L3
全部卖点,火箭信号 + 斐波长多头 + 相对强弱>=5,427,0.0474,0.0109,4.347,0.7799,0.449,0.3308,L3
全部卖点,火箭信号 + 斐波长多头 + BOLL突破上轨,439,0.0493,0.0108,4.565,0.7882,0.449,0.3391,L3
全部卖点,火箭信号 + 斐波长多头 + 站上MA233,461,0.0514,0.0116,4.43,0.7831,0.449,0.3341,L3
全部卖点,火箭信号 + 斐波长多头 + 威科夫得分大于7,444,0.0494,0.0113,4.39,0.7815,0.449,0.3325,L3
全部卖点,火箭信号 + 偏多共振 + 多头共振,1011,0.1051,0.0317,3.317,0.73,0.449,0.281,L3
全部卖点,火箭信号 + 偏多共振 + MA55上穿MA89,92,0.0098,0.0027,3.681,0.75,0.449,0.301,L3
全部卖点,火箭信号 + 偏多共振 + MACD零轴上金叉,278,0.0281,0.0094,2.984,0.7086,0.449,0.2596,L3
全部卖点,火箭信号 + 偏多共振 + 斐波短中多头,821,0.0861,0.0252,3.416,0.7357,0.449,0.2867,L3
全部卖点,火箭信号 + 偏多共振 + 量比>=2,602,0.0625,0.0189,3.305,0.7292,0.449,0.2802,L3
全部卖点,火箭信号 + 偏多共振 + 趋势多头,934,0.099,0.0277,3.568,0.7441,0.449,0.2951,L3
全部卖点,火箭信号 + 偏多共振 + 多头排列,908,0.0962,0.0271,3.555,0.7434,0.449,0.2944,L3
全部卖点,火箭信号 + 偏多共振 + 相对强弱>=5,936,0.098,0.0288,3.404,0.735,0.449,0.286,L3
全部卖点,火箭信号 + 偏多共振 + BOLL突破上轨,961,0.1002,0.03,3.344,0.7315,0.449,0.2825,L3
全部卖点,火箭信号 + 偏多共振 + 站上MA233,927,0.0963,0.0291,3.305,0.7292,0.449,0.2802,L3
全部卖点,火箭信号 + 偏多共振 + 威科夫得分大于7,944,0.0983,0.0295,3.333,0.7309,0.449,0.2819,L3
全部卖点,火箭信号 + 多头共振 + MA55上穿MA89,92,0.0098,0.0027,3.681,0.75,0.449,0.301,L3
全部卖点,火箭信号 + 多头共振 + MACD零轴上金叉,278,0.0281,0.0094,2.984,0.7086,0.449,0.2596,L3
全部卖点,火箭信号 + 多头共振 + 斐波短中多头,821,0.0861,0.0252,3.416,0.7357,0.449,0.2867,L3
全部卖点,火箭信号 + 多头共振 + 量比>=2,602,0.0625,0.0189,3.305,0.7292,0.449,0.2802,L3
全部卖点,火箭信号 + 多头共振 + 趋势多头,934,0.099,0.0277,3.568,0.7441,0.449,0.2951,L3
全部卖点,火箭信号 + 多头共振 + 多头排列,908,0.0962,0.0271,3.555,0.7434,0.449,0.2944,L3
全部卖点,火箭信号 + 多头共振 + 相对强弱>=5,936,0.098,0.0288,3.404,0.735,0.449,0.286,L3
全部卖点,火箭信号 + 多头共振 + BOLL突破上轨,961,0.1002,0.03,3.344,0.7315,0.449,0.2825,L3
全部卖点,火箭信号 + 多头共振 + 站上MA233,927,0.0963,0.0291,3.305,0.7292,0.449,0.2802,L3
全部卖点,火箭信号 + 多头共振 + 威科夫得分大于7,944,0.0983,0.0295,3.333,0.7309,0.449,0.2819,L3
全部卖点,火箭信号 + MA55上穿MA89 + 斐波短中多头,134,0.0138,0.0043,3.217,0.7239,0.449,0.2749,L3
全部卖点,火箭信号 + MA55上穿MA89 + 量比>=2,119,0.0121,0.0039,3.068,0.7143,0.449,0.2653,L3
全部卖点,火箭信号 + MA55上穿MA89 + 趋势多头,158,0.016,0.0053,2.988,0.7089,0.449,0.2598,L3
全部卖点,火箭信号 + MA55上穿MA89 + 多头排列,156,0.0158,0.0052,3.027,0.7115,0.449,0.2625,L3
全部卖点,火箭信号 + MA55上穿MA89 + 相对强弱>=5,167,0.0161,0.0063,2.568,0.6766,0.449,0.2276,L3
全部卖点,火箭信号 + MA55上穿MA89 + BOLL突破上轨,168,0.0162,0.0063,2.591,0.6786,0.449,0.2296,L3
全部卖点,火箭信号 + MA55上穿MA89 + 站上MA233,133,0.013,0.0049,2.659,0.6842,0.449,0.2352,L3
全部卖点,火箭信号 + MA55上穿MA89 + 威科夫得分大于7,137,0.0138,0.0046,2.976,0.708,0.449,0.259,L3
全部卖点,火箭信号 + MACD零轴上金叉 + 斐波短中多头,386,0.0379,0.0139,2.72,0.6891,0.449,0.2401,L3
全部卖点,火箭信号 + MACD零轴上金叉 + 量比>=2,342,0.0325,0.0132,2.454,0.6667,0.449,0.2177,L3
全部卖点,火箭信号 + MACD零轴上金叉 + 趋势多头,449,0.044,0.0163,2.708,0.6882,0.449,0.2392,L3
全部卖点,火箭信号 + MACD零轴上金叉 + 多头排列,409,0.04,0.0149,2.694,0.687,0.449,0.238,L3
全部卖点,火箭信号 + MACD零轴上金叉 + 相对强弱>=5,395,0.0386,0.0144,2.682,0.6861,0.449,0.2371,L3
全部卖点,火箭信号 + MACD零轴上金叉 + BOLL突破上轨,421,0.0406,0.0158,2.571,0.677,0.449,0.2279,L3
全部卖点,火箭信号 + MACD零轴上金叉 + 站上MA233,325,0.0315,0.0121,2.608,0.68,0.449,0.231,L3
全部卖点,火箭信号 + MACD零轴上金叉 + 威科夫得分大于7,341,0.0329,0.0128,2.577,0.6774,0.449,0.2284,L3
全部卖点,火箭信号 + 斐波短中多头 + 量比>=2,829,0.0805,0.0307,2.626,0.6815,0.449,0.2325,L3
全部卖点,火箭信号 + 斐波短中多头 + 趋势多头,1346,0.1343,0.0468,2.871,0.7006,0.449,0.2516,L3
全部卖点,火箭信号 + 斐波短中多头 + 多头排列,1318,0.1318,0.0456,2.888,0.7018,0.449,0.2528,L3
全部卖点,火箭信号 + 斐波短中多头 + 相对强弱>=5,1255,0.1262,0.0428,2.946,0.706,0.449,0.257,L3
全部卖点,火箭信号 + 斐波短中多头 + BOLL突破上轨,1313,0.1304,0.0462,2.821,0.6969,0.449,0.2479,L3
全部卖点,火箭信号 + 斐波短中多头 + 站上MA233,1037,0.1029,0.0366,2.813,0.6962,0.449,0.2472,L3
全部卖点,火箭信号 + 斐波短中多头 + 威科夫得分大于7,1122,0.1123,0.0388,2.895,0.7023,0.449,0.2533,L3
全部卖点,火箭信号 + 量比>=2 + 趋势多头,1041,0.1013,0.0383,2.644,0.683,0.449,0.234,L3
全部卖点,火箭信号 + 量比>=2 + 多头排列,997,0.0967,0.0369,2.62,0.681,0.449,0.232,L3
全部卖点,火箭信号 + 量比>=2 + 相对强弱>=5,1381,0.121,0.0618,1.958,0.6148,0.449,0.1658,L3
全部卖点,火箭信号 + 量比>=2 + BOLL突破上轨,1441,0.1262,0.0644,1.959,0.6149,0.449,0.1658,L3
全部卖点,火箭信号 + 量比>=2 + 站上MA233,958,0.0909,0.0372,2.447,0.666,0.449,0.217,L3
全部卖点,火箭信号 + 量比>=2 + 威科夫得分大于7,905,0.0869,0.0343,2.537,0.674,0.449,0.225,L3
全部卖点,火箭信号 + 趋势多头 + 多头排列,1638,0.1608,0.0591,2.722,0.6893,0.449,0.2402,L3
全部卖点,火箭信号 + 趋势多头 + 相对强弱>=5,1556,0.1544,0.0548,2.818,0.6967,0.449,0.2476,L3
全部卖点,火箭信号 + 趋势多头 + BOLL突破上轨,1603,0.1581,0.0572,2.763,0.6925,0.449,0.2434,L3
全部卖点,火箭信号 + 趋势多头 + 站上MA233,1245,0.1228,0.0445,2.762,0.6924,0.449,0.2434,L3
全部卖点,火箭信号 + 趋势多头 + 威科夫得分大于7,1363,0.1345,0.0486,2.765,0.6926,0.449,0.2436,L3
全部卖点,火箭信号 + 多头排列 + 相对强弱>=5,1524,0.151,0.0539,2.803,0.6955,0.449,0.2465,L3
全部卖点,火箭信号 + 多头排列 + BOLL突破上轨,1579,0.1556,0.0565,2.752,0.6916,0.449,0.2426,L3
全部卖点,火箭信号 + 多头排列 + 站上MA233,1211,0.1187,0.0439,2.704,0.6879,0.449,0.2388,L3
全部卖点,火箭信号 + 多头排列 + 威科夫得分大于7,1333,0.1318,0.0474,2.782,0.6939,0.449,0.2449,L3
全部卖点,火箭信号 + 相对强弱>=5 + BOLL突破上轨,2020,0.1849,0.0838,2.206,0.6426,0.449,0.1936,L3
全部卖点,火箭信号 + 相对强弱>=5 + 站上MA233,1392,0.1346,0.0519,2.594,0.6789,0.449,0.2299,L3
全部卖点,火箭信号 + 相对强弱>=5 + 威科夫得分大于7,1374,0.1338,0.0505,2.649,0.6834,0.449,0.2344,L3
全部卖点,火箭信号 + BOLL突破上轨 + 站上MA233,1449,0.1395,0.0546,2.556,0.6756,0.449,0.2266,L3
全部卖点,火箭信号 + BOLL突破上轨 + 威科夫得分大于7,1427,0.1392,0.0522,2.664,0.6847,0.449,0.2356,L3
全部卖点,火箭信号 + 站上MA233 + 威科夫得分大于7,1237,0.1217,0.0445,2.736,0.6904,0.449,0.2414,L3
全部卖点,斐波全多头 + 突破前高 + 斐波长多头,913,0.0889,0.0336,2.65,0.6835,0.449,0.2344,L3
全部卖点,斐波全多头 + 突破前高 + 偏多共振,905,0.088,0.0333,2.642,0.6829,0.449,0.2339,L3
全部卖点,斐波全多头 + 突破前高 + 多头共振,905,0.088,0.0333,2.642,0.6829,0.449,0.2339,L3
全部卖点,斐波全多头 + 突破前高 + MA55上穿MA89,77,0.0081,0.0023,3.497,0.7403,0.449,0.2912,L3
全部卖点,斐波全多头 + 突破前高 + MACD零轴上金叉,215,0.0212,0.0077,2.77,0.693,0.449,0.244,L3
全部卖点,斐波全多头 + 突破前高 + 斐波短中多头,913,0.0889,0.0336,2.65,0.6835,0.449,0.2344,L3
全部卖点,斐波全多头 + 突破前高 + 量比>=2,263,0.0285,0.0073,3.896,0.7605,0.449,0.3114,L3
全部卖点,斐波全多头 + 突破前高 + 趋势多头,907,0.0886,0.0331,2.678,0.6858,0.449,0.2368,L3
全部卖点,斐波全多头 + 突破前高 + 多头排列,898,0.0876,0.0329,2.667,0.6849,0.449,0.2358,L3
全部卖点,斐波全多头 + 突破前高 + 相对强弱>=5,753,0.0775,0.0243,3.194,0.7224,0.449,0.2734,L3
全部卖点,斐波全多头 + 突破前高 + BOLL突破上轨,807,0.0814,0.0274,2.969,0.7076,0.449,0.2585,L3
全部卖点,斐波全多头 + 突破前高 + 站上MA233,913,0.0889,0.0336,2.65,0.6835,0.449,0.2344,L3
全部卖点,斐波全多头 + 突破前高 + 威科夫得分大于7,884,0.0855,0.033,2.592,0.6787,0.449,0.2297,L3
全部卖点,斐波全多头 + 斐波长多头 + 偏多共振,1645,0.1452,0.0727,1.997,0.6195,0.449,0.1704,L3
全部卖点,斐波全多头 + 斐波长多头 + 多头共振,1645,0.1452,0.0727,1.997,0.6195,0.449,0.1704,L3
全部卖点,斐波全多头 + 斐波长多头 + MA55上穿MA89,113,0.0114,0.0038,2.975,0.708,0.449,0.2589,L3
全部卖点,斐波全多头 + 斐波长多头 + MACD零轴上金叉,402,0.0359,0.0174,2.062,0.6269,0.449,0.1779,L3
全部卖点,斐波全多头 + 斐波长多头 + 斐波短中多头,1669,0.1475,0.0736,2.003,0.6201,0.449,0.1711,L3
全部卖点,斐波全多头 + 斐波长多头 + 量比>=2,343,0.0362,0.0103,3.502,0.7405,0.449,0.2915,L3
全部卖点,斐波全多头 + 斐波长多头 + 趋势多头,1654,0.1462,0.0729,2.005,0.6203,0.449,0.1713,L3
全部卖点,斐波全多头 + 斐波长多头 + 多头排列,1617,0.1425,0.0716,1.989,0.6184,0.449,0.1694,L3
全部卖点,斐波全多头 + 斐波长多头 + 相对强弱>=5,1176,0.1154,0.0425,2.716,0.6888,0.449,0.2398,L3
全部卖点,斐波全多头 + 斐波长多头 + BOLL突破上轨,1111,0.1063,0.0424,2.508,0.6715,0.449,0.2225,L3
全部卖点,斐波全多头 + 斐波长多头 + 站上MA233,1669,0.1475,0.0736,2.003,0.6201,0.449,0.1711,L3
全部卖点,斐波全多头 + 斐波长多头 + 威科夫得分大于7,1570,0.1378,0.07,1.968,0.6159,0.449,0.1669,L3
全部卖点,斐波全多头 + 偏多共振 + 多头共振,1645,0.1452,0.0727,1.997,0.6195,0.449,0.1704,L3
全部卖点,斐波全多头 + 偏多共振 + MA55上穿MA89,112,0.0113,0.0038,2.938,0.7054,0.449,0.2563,L3
全部卖点,斐波全多头 + 偏多共振 + MACD零轴上金叉,398,0.0355,0.0173,2.051,0.6256,0.449,0.1766,L3
全部卖点,斐波全多头 + 偏多共振 + 斐波短中多头,1645,0.1452,0.0727,1.997,0.6195,0.449,0.1704,L3
全部卖点,斐波全多头 + 偏多共振 + 量比>=2,335,0.0356,0.0099,3.609,0.7463,0.449,0.2973,L3
全部卖点,斐波全多头 + 偏多共振 + 趋势多头,1631,0.1439,0.0721,1.996,0.6193,0.449,0.1702,L3
全部卖点,斐波全多头 + 偏多共振 + 多头排列,1595,0.1403,0.0708,1.981,0.6176,0.449,0.1685,L3
全部卖点,斐波全多头 + 偏多共振 + 相对强弱>=5,1162,0.1138,0.0421,2.701,0.6876,0.449,0.2386,L3
全部卖点,斐波全多头 + 偏多共振 + BOLL突破上轨,1100,0.1053,0.0419,2.512,0.6718,0.449,0.2228,L3
全部卖点,斐波全多头 + 偏多共振 + 站上MA233,1645,0.1452,0.0727,1.997,0.6195,0.449,0.1704,L3
全部卖点,斐波全多头 + 偏多共振 + 威科夫得分大于7,1549,0.1359,0.0691,1.967,0.6159,0.449,0.1669,L3
全部卖点,斐波全多头 + 多头共振 + MA55上穿MA89,112,0.0113,0.0038,2.938,0.7054,0.449,0.2563,L3
全部卖点,斐波全多头 + 多头共振 + MACD零轴上金叉,398,0.0355,0.0173,2.051,0.6256,0.449,0.1766,L3
全部卖点,斐波全多头 + 多头共振 + 斐波短中多头,1645,0.1452,0.0727,1.997,0.6195,0.449,0.1704,L3
全部卖点,斐波全多头 + 多头共振 + 量比>=2,335,0.0356,0.0099,3.609,0.7463,0.449,0.2973,L3
全部卖点,斐波全多头 + 多头共振 + 趋势多头,1631,0.1439,0.0721,1.996,0.6193,0.449,0.1702,L3
全部卖点,斐波全多头 + 多头共振 + 多头排列,1595,0.1403,0.0708,1.981,0.6176,0.449,0.1685,L3
全部卖点,斐波全多头 + 多头共振 + 相对强弱>=5,1162,0.1138,0.0421,2.701,0.6876,0.449,0.2386,L3
全部卖点,斐波全多头 + 多头共振 + BOLL突破上轨,1100,0.1053,0.0419,2.512,0.6718,0.449,0.2228,L3
全部卖点,斐波全多头 + 多头共振 + 站上MA233,1645,0.1452,0.0727,1.997,0.6195,0.449,0.1704,L3
全部卖点,斐波全多头 + 多头共振 + 威科夫得分大于7,1549,0.1359,0.0691,1.967,0.6159,0.449,0.1669,L3
全部卖点,斐波全多头 + MA55上穿MA89 + 斐波短中多头,113,0.0114,0.0038,2.975,0.708,0.449,0.2589,L3
全部卖点,斐波全多头 + MA55上穿MA89 + 趋势多头,112,0.0114,0.0037,3.068,0.7143,0.449,0.2653,L3
全部卖点,斐波全多头 + MA55上穿MA89 + 多头排列,112,0.0114,0.0037,3.068,0.7143,0.449,0.2653,L3
全部卖点,斐波全多头 + MA55上穿MA89 + 相对强弱>=5,95,0.0101,0.0028,3.63,0.7474,0.449,0.2984,L3
全部卖点,斐波全多头 + MA55上穿MA89 + BOLL突破上轨,89,0.0094,0.0027,3.521,0.7416,0.449,0.2926,L3
全部卖点,斐波全多头 + MA55上穿MA89 + 站上MA233,113,0.0114,0.0038,2.975,0.708,0.449,0.2589,L3
全部卖点,斐波全多头 + MA55上穿MA89 + 威科夫得分大于7,99,0.0098,0.0035,2.822,0.697,0.449,0.248,L3
全部卖点,斐波全多头 + MACD零轴上金叉 + 斐波短中多头,402,0.0359,0.0174,2.062,0.6269,0.449,0.1779,L3
全部卖点,斐波全多头 + MACD零轴上金叉 + 量比>=2,124,0.0134,0.0035,3.845,0.7581,0.449,0.309,L3
全部卖点,斐波全多头 + MACD零轴上金叉 + 趋势多头,402,0.0359,0.0174,2.062,0.6269,0.449,0.1779,L3
全部卖点,斐波全多头 + MACD零轴上金叉 + 多头排列,375,0.0329,0.0167,1.968,0.616,0.449,0.167,L3
全部卖点,斐波全多头 + MACD零轴上金叉 + 相对强弱>=5,226,0.0239,0.0067,3.554,0.7434,0.449,0.2943,L3
全部卖点,斐波全多头 + MACD零轴上金叉 + BOLL突破上轨,285,0.0274,0.0108,2.533,0.6737,0.449,0.2247,L3
全部卖点,斐波全多头 + MACD零轴上金叉 + 站上MA233,402,0.0359,0.0174,2.062,0.6269,0.449,0.1779,L3
全部卖点,斐波全多头 + MACD零轴上金叉 + 威科夫得分大于7,369,0.0322,0.0166,1.939,0.6125,0.449,0.1635,L3
全部卖点,斐波全多头 + 斐波短中多头 + 量比>=2,343,0.0362,0.0103,3.502,0.7405,0.449,0.2915,L3
全部卖点,斐波全多头 + 斐波短中多头 + 趋势多头,1654,0.1462,0.0729,2.005,0.6203,0.449,0.1713,L3
全部卖点,斐波全多头 + 斐波短中多头 + 多头排列,1617,0.1425,0.0716,1.989,0.6184,0.449,0.1694,L3
全部卖点,斐波全多头 + 斐波短中多头 + 相对强弱>=5,1176,0.1154,0.0425,2.716,0.6888,0.449,0.2398,L3
全部卖点,斐波全多头 + 斐波短中多头 + BOLL突破上轨,1111,0.1063,0.0424,2.508,0.6715,0.449,0.2225,L3
全部卖点,斐波全多头 + 斐波短中多头 + 站上MA233,1669,0.1475,0.0736,2.003,0.6201,0.449,0.1711,L3
全部卖点,斐波全多头 + 斐波短中多头 + 威科夫得分大于7,1570,0.1378,0.07,1.968,0.6159,0.449,0.1669,L3
全部卖点,斐波全多头 + 量比>=2 + 趋势多头,337,0.0356,0.0101,3.526,0.7418,0.449,0.2928,L3
全部卖点,斐波全多头 + 量比>=2 + 多头排列,321,0.0336,0.0099,3.407,0.7352,0.449,0.2862,L3
全部卖点,斐波全多头 + 量比>=2 + 相对强弱>=5,279,0.0303,0.0077,3.96,0.7634,0.449,0.3144,L3
全部卖点,斐波全多头 + 量比>=2 + BOLL突破上轨,301,0.0323,0.0086,3.764,0.7542,0.449,0.3051,L3
全部卖点,斐波全多头 + 量比>=2 + 站上MA233,343,0.0362,0.0103,3.502,0.7405,0.449,0.2915,L3
全部卖点,斐波全多头 + 量比>=2 + 威科夫得分大于7,325,0.0339,0.0101,3.357,0.7323,0.449,0.2833,L3
全部卖点,斐波全多头 + 趋势多头 + 多头排列,1617,0.1425,0.0716,1.989,0.6184,0.449,0.1694,L3
全部卖点,斐波全多头 + 趋势多头 + 相对强弱>=5,1164,0.1143,0.042,2.719,0.689,0.449,0.24,L3
全部卖点,斐波全多头 + 趋势多头 + BOLL突破上轨,1100,0.1054,0.0418,2.522,0.6727,0.449,0.2237,L3
全部卖点,斐波全多头 + 趋势多头 + 站上MA233,1654,0.1462,0.0729,2.005,0.6203,0.449,0.1713,L3
全部卖点,斐波全多头 + 趋势多头 + 威科夫得分大于7,1558,0.1368,0.0694,1.97,0.6162,0.449,0.1672,L3
全部卖点,斐波全多头 + 多头排列 + 相对强弱>=5,1150,0.1128,0.0416,2.715,0.6887,0.449,0.2397,L3
全部卖点,斐波全多头 + 多头排列 + BOLL突破上轨,1086,0.1037,0.0416,2.495,0.6703,0.449,0.2213,L3
全部卖点,斐波全多头 + 多头排列 + 站上MA233,1617,0.1425,0.0716,1.989,0.6184,0.449,0.1694,L3
全部卖点,斐波全多头 + 多头排列 + 威科夫得分大于7,1533,0.1345,0.0684,1.967,0.6158,0.449,0.1668,L3
全部卖点,斐波全多头 + 相对强弱>=5 + BOLL突破上轨,904,0.092,0.03,3.073,0.7146,0.449,0.2656,L3
全部卖点,斐波全多头 + 相对强弱>=5 + 站上MA233,1176,0.1154,0.0425,2.716,0.6888,0.449,0.2398,L3
全部卖点,斐波全多头 + 相对强弱>=5 + 威科夫得分大于7,1123,0.1093,0.0413,2.644,0.683,0.449,0.234,L3
全部卖点,斐波全多头 + BOLL突破上轨 + 站上MA233,1111,0.1063,0.0424,2.508,0.6715,0.449,0.2225,L3
全部卖点,斐波全多头 + BOLL突破上轨 + 威科夫得分大于7,1072,0.102,0.0413,2.468,0.6679,0.449,0.2189,L3
全部卖点,斐波全多头 + 站上MA233 + 威科夫得分大于7,1570,0.1378,0.07,1.968,0.6159,0.449,0.1669,L3
全部卖点,突破前高 + 斐波长多头 + 偏多共振,1041,0.1017,0.038,2.679,0.6859,0.449,0.2369,L3
全部卖点,突破前高 + 斐波长多头 + 多头共振,1041,0.1017,0.038,2.679,0.6859,0.449,0.2369,L3
全部卖点,突破前高 + 斐波长多头 + MA55上穿MA89,82,0.0088,0.0023,3.804,0.7561,0.449,0.3071,L3
全部卖点,突破前高 + 斐波长多头 + MACD零轴上金叉,238,0.0242,0.0079,3.068,0.7143,0.449,0.2653,L3
全部卖点,突破前高 + 斐波长多头 + 斐波短中多头,915,0.0892,0.0336,2.658,0.6842,0.449,0.2351,L3
全部卖点,突破前高 + 斐波长多头 + 量比>=2,332,0.0353,0.0098,3.623,0.747,0.449,0.298,L3
全部卖点,突破前高 + 斐波长多头 + 趋势多头,1021,0.1004,0.0367,2.738,0.6905,0.449,0.2415,L3
全部卖点,突破前高 + 斐波长多头 + 多头排列,1004,0.0983,0.0365,2.696,0.6873,0.449,0.2382,L3
全部卖点,突破前高 + 斐波长多头 + 相对强弱>=5,873,0.09,0.028,3.218,0.7239,0.449,0.2749,L3
全部卖点,突破前高 + 斐波长多头 + BOLL突破上轨,946,0.0957,0.0318,3.01,0.7104,0.449,0.2613,L3
全部卖点,突破前高 + 斐波长多头 + 站上MA233,1065,0.1046,0.0384,2.721,0.6892,0.449,0.2402,L3
全部卖点,突破前高 + 斐波长多头 + 威科夫得分大于7,1028,0.1004,0.0375,2.678,0.6858,0.449,0.2368,L3
全部卖点,突破前高 + 偏多共振 + 多头共振,2596,0.2311,0.1131,2.043,0.6248,0.449,0.1758,L3
全部卖点,突破前高 + 偏多共振 + MA55上穿MA89,217,0.0202,0.0087,2.323,0.6544,0.449,0.2054,L3
全部卖点,突破前高 + 偏多共振 + MACD零轴上金叉,572,0.0493,0.0262,1.879,0.6049,0.449,0.1559,L3
全部卖点,突破前高 + 偏多共振 + 斐波短中多头,2283,0.2007,0.1015,1.978,0.6172,0.449,0.1682,L3
全部卖点,突破前高 + 偏多共振 + 量比>=2,815,0.0802,0.0293,2.741,0.6908,0.449,0.2418,L3
全部卖点,突破前高 + 偏多共振 + 趋势多头,2516,0.2245,0.1091,2.057,0.6264,0.449,0.1774,L3
全部卖点,突破前高 + 偏多共振 + 多头排列,2485,0.2215,0.108,2.052,0.6258,0.449,0.1767,L3
全部卖点,突破前高 + 偏多共振 + 相对强弱>=5,2052,0.1935,0.0806,2.401,0.6618,0.449,0.2128,L3
全部卖点,突破前高 + 偏多共振 + BOLL突破上轨,2285,0.2104,0.0938,2.243,0.6464,0.449,0.1974,L3
全部卖点,突破前高 + 偏多共振 + 站上MA233,2305,0.2062,0.0996,2.069,0.6278,0.449,0.1788,L3
全部卖点,突破前高 + 偏多共振 + 威科夫得分大于7,2390,0.2138,0.1032,2.072,0.628,0.449,0.179,L3
全部卖点,突破前高 + 多头共振 + MA55上穿MA89,217,0.0202,0.0087,2.323,0.6544,0.449,0.2054,L3
全部卖点,突破前高 + 多头共振 + MACD零轴上金叉,572,0.0493,0.0262,1.879,0.6049,0.449,0.1559,L3
全部卖点,突破前高 + 多头共振 + 斐波短中多头,2283,0.2007,0.1015,1.978,0.6172,0.449,0.1682,L3
全部卖点,突破前高 + 多头共振 + 量比>=2,814,0.0801,0.0293,2.737,0.6904,0.449,0.2414,L3
全部卖点,突破前高 + 多头共振 + 趋势多头,2515,0.2244,0.1091,2.056,0.6262,0.449,0.1772,L3
全部卖点,突破前高 + 多头共振 + 多头排列,2484,0.2214,0.108,2.05,0.6256,0.449,0.1766,L3
全部卖点,突破前高 + 多头共振 + 相对强弱>=5,2051,0.1933,0.0806,2.399,0.6616,0.449,0.2126,L3
全部卖点,突破前高 + 多头共振 + BOLL突破上轨,2284,0.2103,0.0938,2.242,0.6462,0.449,0.1972,L3
全部卖点,突破前高 + 多头共振 + 站上MA233,2304,0.206,0.0996,2.068,0.6276,0.449,0.1786,L3
全部卖点,突破前高 + 多头共振 + 威科夫得分大于7,2390,0.2138,0.1032,2.072,0.628,0.449,0.179,L3
全部卖点,突破前高 + MA55上穿MA89 + MACD零轴上金叉,86,0.0067,0.0045,1.479,0.5465,0.449,0.0975,L3
全部卖点,突破前高 + MA55上穿MA89 + 斐波短中多头,410,0.0346,0.0194,1.786,0.5927,0.449,0.1437,L3
全部卖点,突破前高 + MA55上穿MA89 + 量比>=2,170,0.0165,0.0063,2.636,0.6824,0.449,0.2333,L3
全部卖点,突破前高 + MA55上穿MA89 + 趋势多头,460,0.0386,0.0219,1.759,0.5891,0.449,0.1401,L3
全部卖点,突破前高 + MA55上穿MA89 + 多头排列,457,0.0383,0.0218,1.756,0.5886,0.449,0.1396,L3
全部卖点,突破前高 + MA55上穿MA89 + 相对强弱>=5,365,0.0329,0.0156,2.115,0.6329,0.449,0.1839,L3
全部卖点,突破前高 + MA55上穿MA89 + BOLL突破上轨,407,0.035,0.0187,1.875,0.6044,0.449,0.1554,L3
全部卖点,突破前高 + MA55上穿MA89 + 站上MA233,336,0.0284,0.0159,1.782,0.5923,0.449,0.1432,L3
全部卖点,突破前高 + MA55上穿MA89 + 威科夫得分大于7,364,0.0309,0.0171,1.811,0.5962,0.449,0.1471,L3
全部卖点,突破前高 + MACD零轴上金叉 + 斐波短中多头,783,0.0662,0.0369,1.794,0.5939,0.449,0.1449,L3
全部卖点,突破前高 + MACD零轴上金叉 + 量比>=2,399,0.036,0.017,2.126,0.6341,0.449,0.1851,L3
全部卖点,突破前高 + MACD零轴上金叉 + 趋势多头,862,0.0731,0.0405,1.804,0.5951,0.449,0.1461,L3
全部卖点,突破前高 + MACD零轴上金叉 + 多头排列,817,0.0694,0.0383,1.811,0.5961,0.449,0.1471,L3
全部卖点,突破前高 + MACD零轴上金叉 + 相对强弱>=5,619,0.0571,0.0253,2.257,0.6478,0.449,0.1988,L3
全部卖点,突破前高 + MACD零轴上金叉 + BOLL突破上轨,804,0.0691,0.037,1.866,0.6032,0.449,0.1542,L3
全部卖点,突破前高 + MACD零轴上金叉 + 站上MA233,632,0.0533,0.03,1.779,0.5918,0.449,0.1428,L3
全部卖点,突破前高 + MACD零轴上金叉 + 威科夫得分大于7,675,0.0566,0.0323,1.752,0.5881,0.449,0.1391,L3
全部卖点,突破前高 + 斐波短中多头 + 量比>=2,1195,0.11,0.0491,2.24,0.646,0.449,0.197,L3
全部卖点,突破前高 + 斐波短中多头 + 趋势多头,3917,0.3295,0.1862,1.769,0.5905,0.449,0.1415,L3
全部卖点,突破前高 + 斐波短中多头 + 多头排列,3883,0.327,0.1844,1.773,0.591,0.449,0.142,L3
全部卖点,突破前高 + 斐波短中多头 + 相对强弱>=5,3120,0.2777,0.136,2.042,0.6247,0.449,0.1757,L3
全部卖点,突破前高 + 斐波短中多头 + BOLL突破上轨,3445,0.299,0.1563,1.914,0.6093,0.449,0.1603,L3
全部卖点,突破前高 + 斐波短中多头 + 站上MA233,2816,0.2381,0.1329,1.791,0.5934,0.449,0.1444,L3
全部卖点,突破前高 + 斐波短中多头 + 威科夫得分大于7,3197,0.269,0.152,1.77,0.5906,0.449,0.1415,L3
全部卖点,突破前高 + 量比>=2 + 趋势多头,1462,0.1348,0.0599,2.25,0.6471,0.449,0.198,L3
全部卖点,突破前高 + 量比>=2 + 多头排列,1438,0.1326,0.0589,2.253,0.6474,0.449,0.1984,L3
全部卖点,突破前高 + 量比>=2 + 相对强弱>=5,1478,0.1356,0.0611,2.221,0.6441,0.449,0.1951,L3
全部卖点,突破前高 + 量比>=2 + BOLL突破上轨,1749,0.157,0.0751,2.09,0.6301,0.449,0.1811,L3
全部卖点,突破前高 + 量比>=2 + 站上MA233,1312,0.1187,0.0556,2.134,0.6349,0.449,0.1859,L3
全部卖点,突破前高 + 量比>=2 + 威科夫得分大于7,1207,0.1108,0.0498,2.225,0.6446,0.449,0.1956,L3
全部卖点,突破前高 + 趋势多头 + 多头排列,4556,0.3841,0.216,1.779,0.5917,0.449,0.1427,L3
全部卖点,突破前高 + 趋势多头 + 相对强弱>=5,3631,0.3227,0.1586,2.035,0.6238,0.449,0.1748,L3
全部卖点,突破前高 + 趋势多头 + BOLL突破上轨,4015,0.3491,0.1817,1.921,0.6102,0.449,0.1612,L3
全部卖点,突破前高 + 趋势多头 + 站上MA233,3210,0.2747,0.1488,1.845,0.6006,0.449,0.1516,L3
全部卖点,突破前高 + 趋势多头 + 威科夫得分大于7,3684,0.311,0.1743,1.785,0.5926,0.449,0.1435,L3
全部卖点,突破前高 + 多头排列 + 相对强弱>=5,3609,0.3204,0.1579,2.029,0.6232,0.449,0.1741,L3
全部卖点,突破前高 + 多头排列 + BOLL突破上轨,3982,0.3461,0.1803,1.919,0.61,0.449,0.161,L3
全部卖点,突破前高 + 多头排列 + 站上MA233,3172,0.2708,0.1476,1.835,0.5993,0.449,0.1503,L3
全部卖点,突破前高 + 多头排列 + 威科夫得分大于7,3651,0.3083,0.1726,1.786,0.5927,0.449,0.1437,L3
全部卖点,突破前高 + 相对强弱>=5 + BOLL突破上轨,3684,0.3294,0.1593,2.068,0.6276,0.449,0.1786,L3
全部卖点,突破前高 + 相对强弱>=5 + 站上MA233,2793,0.2479,0.1223,2.028,0.623,0.449,0.174,L3
全部卖点,突破前高 + 相对强弱>=5 + 威科夫得分大于7,3003,0.2667,0.1313,2.031,0.6234,0.449,0.1744,L3
全部卖点,突破前高 + BOLL突破上轨 + 站上MA233,3156,0.2751,0.1422,1.934,0.6119,0.449,0.1628,L3
全部卖点,突破前高 + BOLL突破上轨 + 威科夫得分大于7,3361,0.2914,0.1528,1.907,0.6084,0.449,0.1594,L3
全部卖点,突破前高 + 站上MA233 + 威科夫得分大于7,2923,0.2536,0.1327,1.911,0.609,0.449,0.1599,L3
全部卖点,斐波长多头 + 偏多共振 + 多头共振,2121,0.1819,0.098,1.857,0.6021,0.449,0.1531,L3
全部卖点,斐波长多头 + 偏多共振 + MA55上穿MA89,134,0.0134,0.0046,2.884,0.7015,0.449,0.2525,L3
全部卖点,斐波长多头 + 偏多共振 + MACD零轴上金叉,454,0.0409,0.0194,2.109,0.6322,0.449,0.1831,L3
全部卖点,斐波长多头 + 偏多共振 + 斐波短中多头,1650,0.1456,0.0729,1.997,0.6194,0.449,0.1704,L3
全部卖点,斐波长多头 + 偏多共振 + 量比>=2,464,0.0482,0.0146,3.292,0.7284,0.449,0.2794,L3
全部卖点,斐波长多头 + 偏多共振 + 趋势多头,1911,0.1673,0.0856,1.955,0.6143,0.449,0.1653,L3
全部卖点,斐波长多头 + 偏多共振 + 多头排列,1836,0.1599,0.0829,1.928,0.6111,0.449,0.1621,L3
全部卖点,斐波长多头 + 偏多共振 + 相对强弱>=5,1451,0.1386,0.0555,2.498,0.6706,0.449,0.2216,L3
全部卖点,斐波长多头 + 偏多共振 + BOLL突破上轨,1393,0.1321,0.0541,2.441,0.6655,0.449,0.2165,L3
全部卖点,斐波长多头 + 偏多共振 + 站上MA233,2122,0.1819,0.0981,1.854,0.6018,0.449,0.1528,L3
全部卖点,斐波长多头 + 偏多共振 + 威科夫得分大于7,1946,0.1674,0.0895,1.87,0.6038,0.449,0.1548,L3
全部卖点,斐波长多头 + 多头共振 + MA55上穿MA89,134,0.0134,0.0046,2.884,0.7015,0.449,0.2525,L3
全部卖点,斐波长多头 + 多头共振 + MACD零轴上金叉,454,0.0409,0.0194,2.109,0.6322,0.449,0.1831,L3
全部卖点,斐波长多头 + 多头共振 + 斐波短中多头,1650,0.1456,0.0729,1.997,0.6194,0.449,0.1704,L3
全部卖点,斐波长多头 + 多头共振 + 量比>=2,464,0.0482,0.0146,3.292,0.7284,0.449,0.2794,L3
全部卖点,斐波长多头 + 多头共振 + 趋势多头,1910,0.1673,0.0855,1.957,0.6147,0.449,0.1656,L3
全部卖点,斐波长多头 + 多头共振 + 多头排列,1835,0.1599,0.0828,1.931,0.6114,0.449,0.1624,L3
全部卖点,斐波长多头 + 多头共振 + 相对强弱>=5,1451,0.1386,0.0555,2.498,0.6706,0.449,0.2216,L3
全部卖点,斐波长多头 + 多头共振 + BOLL突破上轨,1393,0.1321,0.0541,2.441,0.6655,0.449,0.2165,L3
全部卖点,斐波长多头 + 多头共振 + 站上MA233,2121,0.1819,0.098,1.857,0.6021,0.449,0.1531,L3
全部卖点,斐波长多头 + 多头共振 + 威科夫得分大于7,1945,0.1674,0.0894,1.873,0.6041,0.449,0.1551,L3
全部卖点,斐波长多头 + MA55上穿MA89 + 斐波短中多头,115,0.0115,0.0039,2.923,0.7043,0.449,0.2553,L3
全部卖点,斐波长多头 + MA55上穿MA89 + 趋势多头,126,0.0127,0.0043,2.952,0.7063,0.449,0.2573,L3
全部卖点,斐波长多头 + MA55上穿MA89 + 多头排列,124,0.0124,0.0043,2.885,0.7016,0.449,0.2526,L3
全部卖点,斐波长多头 + MA55上穿MA89 + 相对强弱>=5,110,0.0118,0.0031,3.772,0.7545,0.449,0.3055,L3
全部卖点,斐波长多头 + MA55上穿MA89 + BOLL突破上轨,104,0.0111,0.003,3.681,0.75,0.449,0.301,L3
全部卖点,斐波长多头 + MA55上穿MA89 + 站上MA233,138,0.0138,0.0048,2.903,0.7029,0.449,0.2539,L3
全部卖点,斐波长多头 + MA55上穿MA89 + 威科夫得分大于7,110,0.0108,0.0039,2.743,0.6909,0.449,0.2419,L3
全部卖点,斐波长多头 + MACD零轴上金叉 + 斐波短中多头,404,0.036,0.0175,2.056,0.6262,0.449,0.1772,L3
全部卖点,斐波长多头 + MACD零轴上金叉 + 量比>=2,156,0.0167,0.0045,3.681,0.75,0.449,0.301,L3
全部卖点,斐波长多头 + MACD零轴上金叉 + 趋势多头,475,0.0429,0.0202,2.123,0.6337,0.449,0.1847,L3
全部卖点,斐波长多头 + MACD零轴上金叉 + 多头排列,421,0.0372,0.0186,2.002,0.62,0.449,0.1709,L3
全部卖点,斐波长多头 + MACD零轴上金叉 + 相对强弱>=5,269,0.0279,0.0085,3.295,0.7286,0.449,0.2796,L3
全部卖点,斐波长多头 + MACD零轴上金叉 + BOLL突破上轨,330,0.0318,0.0124,2.557,0.6758,0.449,0.2267,L3
全部卖点,斐波长多头 + MACD零轴上金叉 + 站上MA233,485,0.0433,0.021,2.061,0.6268,0.449,0.1778,L3
全部卖点,斐波长多头 + MACD零轴上金叉 + 威科夫得分大于7,441,0.0386,0.0197,1.956,0.6145,0.449,0.1655,L3
全部卖点,斐波长多头 + 斐波短中多头 + 量比>=2,346,0.0365,0.0104,3.49,0.7399,0.449,0.2909,L3
全部卖点,斐波长多头 + 斐波短中多头 + 趋势多头,1661,0.1467,0.0733,2.003,0.6201,0.449,0.1711,L3
全部卖点,斐波长多头 + 斐波短中多头 + 多头排列,1623,0.143,0.0719,1.99,0.6186,0.449,0.1696,L3
全部卖点,斐波长多头 + 斐波短中多头 + 相对强弱>=5,1180,0.1158,0.0426,2.718,0.689,0.449,0.24,L3
全部卖点,斐波长多头 + 斐波短中多头 + BOLL突破上轨,1117,0.1069,0.0426,2.508,0.6714,0.449,0.2224,L3
全部卖点,斐波长多头 + 斐波短中多头 + 站上MA233,1676,0.148,0.074,2.001,0.6199,0.449,0.1709,L3
全部卖点,斐波长多头 + 斐波短中多头 + 威科夫得分大于7,1576,0.1383,0.0702,1.969,0.6161,0.449,0.1671,L3
全部卖点,斐波长多头 + 量比>=2 + 趋势多头,430,0.0452,0.0131,3.442,0.7372,0.449,0.2882,L3
全部卖点,斐波长多头 + 量比>=2 + 多头排列,390,0.0405,0.0123,3.288,0.7282,0.449,0.2792,L3
全部卖点,斐波长多头 + 量比>=2 + 相对强弱>=5,407,0.0435,0.0118,3.669,0.7494,0.449,0.3004,L3
全部卖点,斐波长多头 + 量比>=2 + BOLL突破上轨,443,0.047,0.0131,3.584,0.7449,0.449,0.2959,L3
全部卖点,斐波长多头 + 量比>=2 + 站上MA233,532,0.0543,0.0175,3.096,0.7162,0.449,0.2672,L3
全部卖点,斐波长多头 + 量比>=2 + 威科夫得分大于7,474,0.0484,0.0156,3.114,0.7173,0.449,0.2683,L3
全部卖点,斐波长多头 + 趋势多头 + 多头排列,1882,0.1643,0.0846,1.941,0.6126,0.449,0.1636,L3
全部卖点,斐波长多头 + 趋势多头 + 相对强弱>=5,1364,0.1326,0.0503,2.638,0.6826,0.449,0.2335,L3
全部卖点,斐波长多头 + 趋势多头 + BOLL突破上轨,1292,0.1235,0.0493,2.503,0.6711,0.449,0.222,L3
全部卖点,斐波长多头 + 趋势多头 + 站上MA233,1982,0.1741,0.0882,1.973,0.6165,0.449,0.1675,L3
全部卖点,斐波长多头 + 趋势多头 + 威科夫得分大于7,1855,0.1617,0.0836,1.934,0.6119,0.449,0.1628,L3
全部卖点,斐波长多头 + 多头排列 + 相对强弱>=5,1336,0.1298,0.0493,2.63,0.6819,0.449,0.2329,L3
全部卖点,斐波长多头 + 多头排列 + BOLL突破上轨,1263,0.12,0.0489,2.454,0.6667,0.449,0.2177,L3
全部卖点,斐波长多头 + 多头排列 + 站上MA233,1882,0.1643,0.0846,1.941,0.6126,0.449,0.1636,L3
全部卖点,斐波长多头 + 多头排列 + 威科夫得分大于7,1789,0.1556,0.0809,1.923,0.6104,0.449,0.1614,L3
全部卖点,斐波长多头 + 相对强弱>=5 + BOLL突破上轨,1190,0.1178,0.0421,2.796,0.695,0.449,0.2459,L3
全部卖点,斐波长多头 + 相对强弱>=5 + 站上MA233,1553,0.1466,0.0608,2.41,0.6626,0.449,0.2136,L3
全部卖点,斐波长多头 + 相对强弱>=5 + 威科夫得分大于7,1443,0.1358,0.0569,2.387,0.6604,0.449,0.2114,L3
全部卖点,斐波长多头 + BOLL突破上轨 + 站上MA233,1511,0.14,0.0613,2.285,0.6506,0.449,0.2015,L3
全部卖点,斐波长多头 + BOLL突破上轨 + 威科夫得分大于7,1422,0.1315,0.0579,2.27,0.6491,0.449,0.2001,L3
全部卖点,斐波长多头 + 站上MA233 + 威科夫得分大于7,2126,0.1782,0.1016,1.754,0.5884,0.449,0.1394,L3
全部卖点,偏多共振 + 多头共振 + MA55上穿MA89,343,0.0305,0.015,2.036,0.6239,0.449,0.1749,L3
全部卖点,偏多共振 + 多头共振 + MACD零轴上金叉,1084,0.087,0.0549,1.585,0.5637,0.449,0.1146,L3
全部卖点,偏多共振 + 多头共振 + 斐波短中多头,4165,0.3347,0.2108,1.587,0.564,0.449,0.115,L3
全部卖点,偏多共振 + 多头共振 + 量比>=2,1163,0.1097,0.0456,2.404,0.6621,0.449,0.2131,L3
全部卖点,偏多共振 + 多头共振 + 趋势多头,4784,0.3858,0.241,1.601,0.5661,0.449,0.117,L3
全部卖点,偏多共振 + 多头共振 + 多头排列,4599,0.3696,0.2328,1.588,0.564,0.449,0.115,L3
全部卖点,偏多共振 + 多头共振 + 相对强弱>=5,3421,0.3052,0.1485,2.055,0.6261,0.449,0.1771,L3
全部卖点,偏多共振 + 多头共振 + BOLL突破上轨,3380,0.2933,0.1534,1.913,0.6092,0.449,0.1602,L3
全部卖点,偏多共振 + 多头共振 + 站上MA233,4528,0.3606,0.2319,1.555,0.559,0.449,0.11,L3
全部卖点,偏多共振 + 多头共振 + 威科夫得分大于7,4553,0.3661,0.2302,1.59,0.5645,0.449,0.1154,L3
全部卖点,偏多共振 + MA55上穿MA89 + MACD零轴上金叉,67,0.0061,0.0028,2.199,0.6418,0.449,0.1928,L3
全部卖点,偏多共振 + MA55上穿MA89 + 斐波短中多头,302,0.0274,0.0128,2.142,0.6358,0.449,0.1867,L3
全部卖点,偏多共振 + MA55上穿MA89 + 量比>=2,95,0.0098,0.003,3.257,0.7263,0.449,0.2773,L3
全部卖点,偏多共振 + MA55上穿MA89 + 趋势多头,326,0.0293,0.0139,2.107,0.6319,0.449,0.1829,L3
全部卖点,偏多共振 + MA55上穿MA89 + 多头排列,319,0.0285,0.0138,2.062,0.627,0.449,0.1779,L3
全部卖点,偏多共振 + MA55上穿MA89 + 相对强弱>=5,250,0.0244,0.0092,2.656,0.684,0.449,0.235,L3
全部卖点,偏多共振 + MA55上穿MA89 + BOLL突破上轨,257,0.0242,0.0101,2.398,0.6615,0.449,0.2125,L3
全部卖点,偏多共振 + MA55上穿MA89 + 站上MA233,297,0.0264,0.013,2.027,0.6229,0.449,0.1739,L3
全部卖点,偏多共振 + MA55上穿MA89 + 威科夫得分大于7,258,0.0234,0.0109,2.141,0.6357,0.449,0.1866,L3
全部卖点,偏多共振 + MACD零轴上金叉 + 斐波短中多头,973,0.0764,0.0507,1.505,0.5509,0.449,0.1019,L3
全部卖点,偏多共振 + MACD零轴上金叉 + 量比>=2,356,0.0323,0.015,2.159,0.6376,0.449,0.1886,L3
全部卖点,偏多共振 + MACD零轴上金叉 + 趋势多头,1080,0.0866,0.0548,1.581,0.563,0.449,0.1139,L3
全部卖点,偏多共振 + MACD零轴上金叉 + 多头排列,977,0.0774,0.0504,1.535,0.5558,0.449,0.1068,L3
全部卖点,偏多共振 + MACD零轴上金叉 + 相对强弱>=5,596,0.0553,0.0241,2.289,0.651,0.449,0.202,L3
全部卖点,偏多共振 + MACD零轴上金叉 + BOLL突破上轨,754,0.0647,0.0348,1.857,0.6021,0.449,0.1531,L3
全部卖点,偏多共振 + MACD零轴上金叉 + 站上MA233,951,0.0765,0.0481,1.592,0.5647,0.449,0.1157,L3
全部卖点,偏多共振 + MACD零轴上金叉 + 威科夫得分大于7,939,0.0754,0.0476,1.583,0.5634,0.449,0.1144,L3
全部卖点,偏多共振 + 斐波短中多头 + 量比>=2,877,0.0835,0.0338,2.471,0.6682,0.449,0.2192,L3
全部卖点,偏多共振 + 斐波短中多头 + 趋势多头,4143,0.3327,0.2099,1.585,0.5636,0.449,0.1146,L3
全部卖点,偏多共振 + 斐波短中多头 + 多头排列,4044,0.3245,0.205,1.583,0.5633,0.449,0.1143,L3
全部卖点,偏多共振 + 斐波短中多头 + 相对强弱>=5,2779,0.251,0.1181,2.126,0.634,0.449,0.185,L3
全部卖点,偏多共振 + 斐波短中多头 + BOLL突破上轨,2729,0.2384,0.1226,1.944,0.613,0.449,0.164,L3
全部卖点,偏多共振 + 斐波短中多头 + 站上MA233,3654,0.2945,0.1843,1.598,0.5657,0.449,0.1167,L3
全部卖点,偏多共振 + 斐波短中多头 + 威科夫得分大于7,3725,0.303,0.1855,1.633,0.571,0.449,0.122,L3
全部卖点,偏多共振 + 量比>=2 + 趋势多头,1037,0.0993,0.0395,2.516,0.6721,0.449,0.2231,L3
全部卖点,偏多共振 + 量比>=2 + 多头排列,975,0.093,0.0374,2.488,0.6697,0.449,0.2207,L3
全部卖点,偏多共振 + 量比>=2 + 相对强弱>=5,909,0.0912,0.0312,2.919,0.7041,0.449,0.2551,L3
全部卖点,偏多共振 + 量比>=2 + BOLL突破上轨,999,0.098,0.0361,2.715,0.6887,0.449,0.2397,L3
全部卖点,偏多共振 + 量比>=2 + 站上MA233,1035,0.0984,0.0399,2.465,0.6676,0.449,0.2186,L3
全部卖点,偏多共振 + 量比>=2 + 威科夫得分大于7,1007,0.095,0.0395,2.407,0.6624,0.449,0.2133,L3
全部卖点,偏多共振 + 趋势多头 + 多头排列,4603,0.3699,0.233,1.587,0.564,0.449,0.115,L3
全部卖点,偏多共振 + 趋势多头 + 相对强弱>=5,3156,0.2859,0.1334,2.143,0.6359,0.449,0.1869,L3
全部卖点,偏多共振 + 趋势多头 + BOLL突破上轨,3094,0.2725,0.1371,1.988,0.6183,0.449,0.1693,L3
全部卖点,偏多共振 + 趋势多头 + 站上MA233,4165,0.3368,0.2091,1.611,0.5676,0.449,0.1186,L3
全部卖点,偏多共振 + 趋势多头 + 威科夫得分大于7,4270,0.3482,0.212,1.642,0.5724,0.449,0.1234,L3
全部卖点,偏多共振 + 多头排列 + 相对强弱>=5,3107,0.2814,0.1314,2.141,0.6357,0.449,0.1866,L3
全部卖点,偏多共振 + 多头排列 + BOLL突破上轨,3050,0.2676,0.1361,1.966,0.6157,0.449,0.1667,L3
全部卖点,偏多共振 + 多头排列 + 站上MA233,4004,0.3223,0.2023,1.593,0.5649,0.449,0.1159,L3
全部卖点,偏多共振 + 多头排列 + 威科夫得分大于7,4158,0.3385,0.2069,1.636,0.5714,0.449,0.1224,L3
全部卖点,偏多共振 + 相对强弱>=5 + BOLL突破上轨,2628,0.2429,0.1072,2.267,0.6488,0.449,0.1998,L3
全部卖点,偏多共振 + 相对强弱>=5 + 站上MA233,3034,0.2698,0.1324,2.039,0.6243,0.449,0.1752,L3
全部卖点,偏多共振 + 相对强弱>=5 + 威科夫得分大于7,3083,0.2755,0.1334,2.065,0.6273,0.449,0.1783,L3
全部卖点,偏多共振 + BOLL突破上轨 + 站上MA233,2990,0.2606,0.1348,1.933,0.6117,0.449,0.1627,L3
全部卖点,偏多共振 + BOLL突破上轨 + 威科夫得分大于7,3097,0.2687,0.1406,1.911,0.609,0.449,0.16,L3
全部卖点,偏多共振 + 站上MA233 + 威科夫得分大于7,3971,0.32,0.2003,1.598,0.5656,0.449,0.1166,L3
全部卖点,多头共振 + MA55上穿MA89 + MACD零轴上金叉,67,0.0061,0.0028,2.199,0.6418,0.449,0.1928,L3
全部卖点,多头共振 + MA55上穿MA89 + 斐波短中多头,302,0.0274,0.0128,2.142,0.6358,0.449,0.1867,L3
全部卖点,多头共振 + MA55上穿MA89 + 量比>=2,95,0.0098,0.003,3.257,0.7263,0.449,0.2773,L3
全部卖点,多头共振 + MA55上穿MA89 + 趋势多头,326,0.0293,0.0139,2.107,0.6319,0.449,0.1829,L3
全部卖点,多头共振 + MA55上穿MA89 + 多头排列,319,0.0285,0.0138,2.062,0.627,0.449,0.1779,L3
全部卖点,多头共振 + MA55上穿MA89 + 相对强弱>=5,250,0.0244,0.0092,2.656,0.684,0.449,0.235,L3
全部卖点,多头共振 + MA55上穿MA89 + BOLL突破上轨,257,0.0242,0.0101,2.398,0.6615,0.449,0.2125,L3
全部卖点,多头共振 + MA55上穿MA89 + 站上MA233,297,0.0264,0.013,2.027,0.6229,0.449,0.1739,L3
全部卖点,多头共振 + MA55上穿MA89 + 威科夫得分大于7,258,0.0234,0.0109,2.141,0.6357,0.449,0.1866,L3
全部卖点,多头共振 + MACD零轴上金叉 + 斐波短中多头,972,0.0762,0.0507,1.502,0.5504,0.449,0.1014,L3
全部卖点,多头共振 + MACD零轴上金叉 + 量比>=2,356,0.0323,0.015,2.159,0.6376,0.449,0.1886,L3
全部卖点,多头共振 + MACD零轴上金叉 + 趋势多头,1079,0.0865,0.0548,1.578,0.5626,0.449,0.1135,L3
全部卖点,多头共振 + MACD零轴上金叉 + 多头排列,977,0.0774,0.0504,1.535,0.5558,0.449,0.1068,L3
全部卖点,多头共振 + MACD零轴上金叉 + 相对强弱>=5,595,0.0551,0.0241,2.283,0.6504,0.449,0.2014,L3
全部卖点,多头共振 + MACD零轴上金叉 + BOLL突破上轨,754,0.0647,0.0348,1.857,0.6021,0.449,0.1531,L3
全部卖点,多头共振 + MACD零轴上金叉 + 站上MA233,950,0.0764,0.0481,1.589,0.5642,0.449,0.1152,L3
全部卖点,多头共振 + MACD零轴上金叉 + 威科夫得分大于7,939,0.0754,0.0476,1.583,0.5634,0.449,0.1144,L3
全部卖点,多头共振 + 斐波短中多头 + 量比>=2,877,0.0835,0.0338,2.471,0.6682,0.449,0.2192,L3
全部卖点,多头共振 + 斐波短中多头 + 趋势多头,4141,0.3325,0.2098,1.585,0.5636,0.449,0.1146,L3
全部卖点,多头共振 + 斐波短中多头 + 多头排列,4043,0.3245,0.2049,1.584,0.5634,0.449,0.1144,L3
全部卖点,多头共振 + 斐波短中多头 + 相对强弱>=5,2777,0.2509,0.118,2.127,0.6341,0.449,0.1851,L3
全部卖点,多头共振 + 斐波短中多头 + BOLL突破上轨,2729,0.2384,0.1226,1.944,0.613,0.449,0.164,L3
全部卖点,多头共振 + 斐波短中多头 + 站上MA233,3652,0.2943,0.1841,1.598,0.5657,0.449,0.1167,L3
全部卖点,多头共振 + 斐波短中多头 + 威科夫得分大于7,3725,0.303,0.1855,1.633,0.571,0.449,0.122,L3
全部卖点,多头共振 + 量比>=2 + 趋势多头,1036,0.0992,0.0395,2.512,0.6718,0.449,0.2228,L3
全部卖点,多头共振 + 量比>=2 + 多头排列,974,0.0929,0.0374,2.485,0.6694,0.449,0.2204,L3
全部卖点,多头共振 + 量比>=2 + 相对强弱>=5,908,0.091,0.0312,2.915,0.7037,0.449,0.2547,L3
全部卖点,多头共振 + 量比>=2 + BOLL突破上轨,998,0.0979,0.0361,2.711,0.6884,0.449,0.2394,L3
全部卖点,多头共振 + 量比>=2 + 站上MA233,1034,0.0983,0.0399,2.461,0.6673,0.449,0.2183,L3
全部卖点,多头共振 + 量比>=2 + 威科夫得分大于7,1007,0.095,0.0395,2.407,0.6624,0.449,0.2133,L3
全部卖点,多头共振 + 趋势多头 + 多头排列,4599,0.3696,0.2328,1.588,0.564,0.449,0.115,L3
全部卖点,多头共振 + 趋势多头 + 相对强弱>=5,3152,0.2855,0.1333,2.142,0.6358,0.449,0.1868,L3
全部卖点,多头共振 + 趋势多头 + BOLL突破上轨,3093,0.2724,0.1371,1.987,0.6182,0.449,0.1692,L3
全部卖点,多头共振 + 趋势多头 + 站上MA233,4160,0.3364,0.2089,1.61,0.5675,0.449,0.1185,L3
全部卖点,多头共振 + 趋势多头 + 威科夫得分大于7,4269,0.3482,0.2119,1.643,0.5725,0.449,0.1235,L3
全部卖点,多头共振 + 多头排列 + 相对强弱>=5,3104,0.2811,0.1313,2.141,0.6356,0.449,0.1866,L3
全部卖点,多头共振 + 多头排列 + BOLL突破上轨,3049,0.2674,0.1361,1.965,0.6156,0.449,0.1666,L3
全部卖点,多头共振 + 多头排列 + 站上MA233,4000,0.322,0.202,1.594,0.565,0.449,0.116,L3
全部卖点,多头共振 + 多头排列 + 威科夫得分大于7,4157,0.3385,0.2068,1.637,0.5716,0.449,0.1226,L3
全部卖点,多头共振 + 相对强弱>=5 + BOLL突破上轨,2627,0.2428,0.1072,2.265,0.6486,0.449,0.1996,L3
全部卖点,多头共振 + 相对强弱>=5 + 站上MA233,3030,0.2694,0.1322,2.037,0.6241,0.449,0.1751,L3
全部卖点,多头共振 + 相对强弱>=5 + 威科夫得分大于7,3083,0.2755,0.1334,2.065,0.6273,0.449,0.1783,L3
全部卖点,多头共振 + BOLL突破上轨 + 站上MA233,2989,0.2604,0.1348,1.932,0.6116,0.449,0.1626,L3
全部卖点,多头共振 + BOLL突破上轨 + 威科夫得分大于7,3097,0.2687,0.1406,1.911,0.609,0.449,0.16,L3
全部卖点,多头共振 + 站上MA233 + 威科夫得分大于7,3970,0.32,0.2002,1.599,0.5657,0.449,0.1167,L3
全部卖点,MA55上穿MA89 + MACD零轴上金叉 + 斐波短中多头,122,0.01,0.006,1.652,0.5738,0.449,0.1248,L3
全部卖点,MA55上穿MA89 + MACD零轴上金叉 + 量比>=2,51,0.0051,0.0017,2.945,0.7059,0.449,0.2569,L3
全部卖点,MA55上穿MA89 + MACD零轴上金叉 + 趋势多头,143,0.0113,0.0074,1.515,0.5524,0.449,0.1034,L3
全部卖点,MA55上穿MA89 + MACD零轴上金叉 + 多头排列,128,0.0103,0.0065,1.578,0.5625,0.449,0.1135,L3
全部卖点,MA55上穿MA89 + MACD零轴上金叉 + 相对强弱>=5,88,0.0078,0.0038,2.045,0.625,0.449,0.176,L3
全部卖点,MA55上穿MA89 + MACD零轴上金叉 + BOLL突破上轨,105,0.0087,0.0051,1.701,0.581,0.449,0.1319,L3
全部卖点,MA55上穿MA89 + MACD零轴上金叉 + 站上MA233,85,0.0074,0.0038,1.934,0.6118,0.449,0.1627,L3
全部卖点,MA55上穿MA89 + MACD零轴上金叉 + 威科夫得分大于7,81,0.0067,0.0039,1.696,0.5802,0.449,0.1312,L3
全部卖点,MA55上穿MA89 + 斐波短中多头 + 量比>=2,156,0.0154,0.0056,2.761,0.6923,0.449,0.2433,L3
全部卖点,MA55上穿MA89 + 斐波短中多头 + 趋势多头,646,0.0536,0.0313,1.709,0.582,0.449,0.133,L3
全部卖点,MA55上穿MA89 + 斐波短中多头 + 多头排列,634,0.0527,0.0307,1.72,0.5836,0.449,0.1346,L3
全部卖点,MA55上穿MA89 + 斐波短中多头 + 相对强弱>=5,459,0.0419,0.0192,2.186,0.6405,0.449,0.1915,L3
全部卖点,MA55上穿MA89 + 斐波短中多头 + BOLL突破上轨,451,0.0395,0.0202,1.953,0.6142,0.449,0.1652,L3
全部卖点,MA55上穿MA89 + 斐波短中多头 + 站上MA233,452,0.038,0.0215,1.771,0.5907,0.449,0.1417,L3
全部卖点,MA55上穿MA89 + 斐波短中多头 + 威科夫得分大于7,461,0.0385,0.0222,1.735,0.5857,0.449,0.1367,L3
全部卖点,MA55上穿MA89 + 量比>=2 + 趋势多头,201,0.0189,0.0079,2.4,0.6617,0.449,0.2127,L3
全部卖点,MA55上穿MA89 + 量比>=2 + 多头排列,194,0.0187,0.0073,2.552,0.6753,0.449,0.2262,L3
全部卖点,MA55上穿MA89 + 量比>=2 + 相对强弱>=5,192,0.0174,0.0081,2.139,0.6354,0.449,0.1864,L3
全部卖点,MA55上穿MA89 + 量比>=2 + BOLL突破上轨,198,0.0188,0.0077,2.454,0.6667,0.449,0.2177,L3
全部卖点,MA55上穿MA89 + 量比>=2 + 站上MA233,166,0.0154,0.0067,2.285,0.6506,0.449,0.2016,L3
全部卖点,MA55上穿MA89 + 量比>=2 + 威科夫得分大于7,150,0.0142,0.0058,2.454,0.6667,0.449,0.2177,L3
全部卖点,MA55上穿MA89 + 趋势多头 + 多头排列,732,0.0591,0.0368,1.606,0.5669,0.449,0.1179,L3
全部卖点,MA55上穿MA89 + 趋势多头 + 相对强弱>=5,527,0.0463,0.0235,1.974,0.6167,0.449,0.1677,L3
全部卖点,MA55上穿MA89 + 趋势多头 + BOLL突破上轨,516,0.0439,0.0241,1.817,0.5969,0.449,0.1479,L3
全部卖点,MA55上穿MA89 + 趋势多头 + 站上MA233,498,0.0417,0.0238,1.754,0.5884,0.449,0.1393,L3
全部卖点,MA55上穿MA89 + 趋势多头 + 威科夫得分大于7,518,0.0422,0.0258,1.636,0.5714,0.449,0.1224,L3
全部卖点,MA55上穿MA89 + 多头排列 + 相对强弱>=5,520,0.0459,0.023,1.996,0.6192,0.449,0.1702,L3
全部卖点,MA55上穿MA89 + 多头排列 + BOLL突破上轨,509,0.0433,0.0238,1.82,0.5972,0.449,0.1482,L3
全部卖点,MA55上穿MA89 + 多头排列 + 站上MA233,489,0.0407,0.0236,1.729,0.5849,0.449,0.1359,L3
全部卖点,MA55上穿MA89 + 多头排列 + 威科夫得分大于7,515,0.042,0.0255,1.645,0.5728,0.449,0.1238,L3
全部卖点,MA55上穿MA89 + 相对强弱>=5 + BOLL突破上轨,449,0.04,0.0195,2.052,0.6258,0.449,0.1768,L3
全部卖点,MA55上穿MA89 + 相对强弱>=5 + 站上MA233,386,0.0352,0.0161,2.181,0.6399,0.449,0.1909,L3
全部卖点,MA55上穿MA89 + 相对强弱>=5 + 威科夫得分大于7,409,0.0358,0.0183,1.949,0.6137,0.449,0.1647,L3
全部卖点,MA55上穿MA89 + BOLL突破上轨 + 站上MA233,400,0.0343,0.0185,1.86,0.6025,0.449,0.1535,L3
全部卖点,MA55上穿MA89 + BOLL突破上轨 + 威科夫得分大于7,425,0.0355,0.0204,1.736,0.5859,0.449,0.1369,L3
全部卖点,MA55上穿MA89 + 站上MA233 + 威科夫得分大于7,377,0.0316,0.018,1.758,0.5889,0.449,0.1398,L3
全部卖点,MACD零轴上金叉 + 斐波短中多头 + 量比>=2,532,0.046,0.0243,1.896,0.6071,0.449,0.1581,L3
全部卖点,MACD零轴上金叉 + 斐波短中多头 + 趋势多头,1628,0.1225,0.0892,1.374,0.5283,0.449,0.0792,L3
全部卖点,MACD零轴上金叉 + 斐波短中多头 + 多头排列,1472,0.1123,0.0794,1.414,0.5353,0.449,0.0863,L3
全部卖点,MACD零轴上金叉 + 斐波短中多头 + 相对强弱>=5,851,0.0765,0.0365,2.099,0.631,0.449,0.182,L3
全部卖点,MACD零轴上金叉 + 斐波短中多头 + BOLL突破上轨,1124,0.0919,0.0556,1.652,0.5738,0.449,0.1248,L3
全部卖点,MACD零轴上金叉 + 斐波短中多头 + 站上MA233,1126,0.0835,0.0627,1.332,0.5204,0.449,0.0714,L3
全部卖点,MACD零轴上金叉 + 斐波短中多头 + 威科夫得分大于7,1174,0.089,0.0637,1.397,0.5324,0.449,0.0834,L3
全部卖点,MACD零轴上金叉 + 量比>=2 + 趋势多头,649,0.0561,0.0296,1.896,0.6071,0.449,0.1581,L3
全部卖点,MACD零轴上金叉 + 量比>=2 + 多头排列,567,0.049,0.0259,1.893,0.6067,0.449,0.1577,L3
全部卖点,MACD零轴上金叉 + 量比>=2 + 相对强弱>=5,486,0.044,0.0206,2.142,0.6358,0.449,0.1868,L3
全部卖点,MACD零轴上金叉 + 量比>=2 + BOLL突破上轨,549,0.0483,0.0244,1.981,0.6175,0.449,0.1685,L3
全部卖点,MACD零轴上金叉 + 量比>=2 + 站上MA233,462,0.0397,0.0212,1.871,0.6039,0.449,0.1549,L3
全部卖点,MACD零轴上金叉 + 量比>=2 + 威科夫得分大于7,461,0.0397,0.0211,1.881,0.6052,0.449,0.1562,L3
全部卖点,MACD零轴上金叉 + 趋势多头 + 多头排列,1654,0.1262,0.0892,1.416,0.5357,0.449,0.0867,L3
全部卖点,MACD零轴上金叉 + 趋势多头 + 相对强弱>=5,1001,0.0885,0.0441,2.005,0.6204,0.449,0.1714,L3
全部卖点,MACD零轴上金叉 + 趋势多头 + BOLL突破上轨,1263,0.1046,0.0614,1.703,0.5812,0.449,0.1321,L3
全部卖点,MACD零轴上金叉 + 趋势多头 + 站上MA233,1306,0.0989,0.0711,1.392,0.5314,0.449,0.0824,L3
全部卖点,MACD零轴上金叉 + 趋势多头 + 威科夫得分大于7,1363,0.1034,0.074,1.399,0.5326,0.449,0.0836,L3
全部卖点,MACD零轴上金叉 + 多头排列 + 相对强弱>=5,925,0.0828,0.0399,2.073,0.6281,0.449,0.1791,L3
全部卖点,MACD零轴上金叉 + 多头排列 + BOLL突破上轨,1189,0.0976,0.0585,1.668,0.5761,0.449,0.1271,L3
全部卖点,MACD零轴上金叉 + 多头排列 + 站上MA233,1158,0.0858,0.0646,1.329,0.5199,0.449,0.0708,L3
全部卖点,MACD零轴上金叉 + 多头排列 + 威科夫得分大于7,1242,0.0947,0.067,1.414,0.5354,0.449,0.0864,L3
全部卖点,MACD零轴上金叉 + 相对强弱>=5 + BOLL突破上轨,829,0.0748,0.0353,2.119,0.6333,0.449,0.1843,L3
全部卖点,MACD零轴上金叉 + 相对强弱>=5 + 站上MA233,719,0.062,0.033,1.88,0.605,0.449,0.156,L3
全部卖点,MACD零轴上金叉 + 相对强弱>=5 + 威科夫得分大于7,750,0.0648,0.0343,1.893,0.6067,0.449,0.1577,L3
全部卖点,MACD零轴上金叉 + BOLL突破上轨 + 站上MA233,913,0.0735,0.0461,1.595,0.5652,0.449,0.1162,L3
全部卖点,MACD零轴上金叉 + BOLL突破上轨 + 威科夫得分大于7,983,0.0798,0.0491,1.625,0.5697,0.449,0.1207,L3
全部卖点,MACD零轴上金叉 + 站上MA233 + 威科夫得分大于7,1086,0.0825,0.0589,1.401,0.5331,0.449,0.0841,L3
全部卖点,斐波短中多头 + 量比>=2 + 趋势多头,1653,0.1432,0.0752,1.903,0.608,0.449,0.159,L3
全部卖点,斐波短中多头 + 量比>=2 + 多头排列,1585,0.1372,0.0722,1.9,0.6076,0.449,0.1586,L3
全部卖点,斐波短中多头 + 量比>=2 + 相对强弱>=5,1285,0.1163,0.0545,2.135,0.635,0.449,0.186,L3
全部卖点,斐波短中多头 + 量比>=2 + BOLL突破上轨,1432,0.1281,0.0619,2.07,0.6278,0.449,0.1788,L3
全部卖点,斐波短中多头 + 量比>=2 + 站上MA233,1206,0.105,0.0545,1.928,0.6111,0.449,0.1621,L3
全部卖点,斐波短中多头 + 量比>=2 + 威科夫得分大于7,1285,0.112,0.0579,1.933,0.6117,0.449,0.1627,L3
全部卖点,斐波短中多头 + 趋势多头 + 多头排列,7645,0.5729,0.4208,1.362,0.526,0.449,0.0769,L3
全部卖点,斐波短中多头 + 趋势多头 + 相对强弱>=5,5060,0.4256,0.2407,1.768,0.5903,0.449,0.1413,L3
全部卖点,斐波短中多头 + 趋势多头 + BOLL突破上轨,4972,0.4032,0.2487,1.621,0.5692,0.449,0.1202,L3
全部卖点,斐波短中多头 + 趋势多头 + 站上MA233,5212,0.3952,0.2831,1.396,0.5322,0.449,0.0832,L3
全部卖点,斐波短中多头 + 趋势多头 + 威科夫得分大于7,5886,0.4461,0.3199,1.395,0.5319,0.449,0.0829,L3
全部卖点,斐波短中多头 + 多头排列 + 相对强弱>=5,5005,0.421,0.238,1.769,0.5904,0.449,0.1414,L3
全部卖点,斐波短中多头 + 多头排列 + BOLL突破上轨,4920,0.3983,0.2466,1.615,0.5683,0.449,0.1193,L3
全部卖点,斐波短中多头 + 多头排列 + 站上MA233,5084,0.3854,0.2762,1.395,0.5321,0.449,0.083,L3
全部卖点,斐波短中多头 + 多头排列 + 威科夫得分大于7,5790,0.4397,0.3139,1.4,0.533,0.449,0.084,L3
全部卖点,斐波短中多头 + 相对强弱>=5 + BOLL突破上轨,3834,0.3341,0.1729,1.933,0.6116,0.449,0.1626,L3
全部卖点,斐波短中多头 + 相对强弱>=5 + 站上MA233,3514,0.2993,0.1641,1.825,0.5979,0.449,0.1489,L3
全部卖点,斐波短中多头 + 相对强弱>=5 + 威科夫得分大于7,3985,0.3364,0.1886,1.784,0.5925,0.449,0.1435,L3
全部卖点,斐波短中多头 + BOLL突破上轨 + 站上MA233,3527,0.2869,0.1757,1.633,0.571,0.449,0.122,L3
全部卖点,斐波短中多头 + BOLL突破上轨 + 威科夫得分大于7,4066,0.3294,0.2036,1.617,0.5686,0.449,0.1196,L3
全部卖点,斐波短中多头 + 站上MA233 + 威科夫得分大于7,4442,0.3458,0.2339,1.478,0.5464,0.449,0.0974,L3
全部卖点,量比>=2 + 趋势多头 + 多头排列,2071,0.1761,0.0969,1.816,0.5968,0.449,0.1478,L3
全部卖点,量比>=2 + 趋势多头 + 相对强弱>=5,1665,0.15,0.0711,2.111,0.6324,0.449,0.1834,L3
全部卖点,量比>=2 + 趋势多头 + BOLL突破上轨,1822,0.1626,0.0791,2.056,0.6262,0.449,0.1772,L3
全部卖点,量比>=2 + 趋势多头 + 站上MA233,1525,0.1355,0.0666,2.033,0.6236,0.449,0.1746,L3
全部卖点,量比>=2 + 趋势多头 + 威科夫得分大于7,1609,0.1386,0.0738,1.877,0.6047,0.449,0.1557,L3
全部卖点,量比>=2 + 多头排列 + 相对强弱>=5,1604,0.1433,0.0694,2.064,0.6272,0.449,0.1782,L3
全部卖点,量比>=2 + 多头排列 + BOLL突破上轨,1776,0.1576,0.0778,2.026,0.6227,0.449,0.1737,L3
全部卖点,量比>=2 + 多头排列 + 站上MA233,1429,0.1255,0.0636,1.973,0.6165,0.449,0.1675,L3
全部卖点,量比>=2 + 多头排列 + 威科夫得分大于7,1555,0.1339,0.0714,1.876,0.6045,0.449,0.1555,L3
全部卖点,量比>=2 + 相对强弱>=5 + BOLL突破上轨,2310,0.1889,0.1142,1.654,0.574,0.449,0.125,L3
全部卖点,量比>=2 + 相对强弱>=5 + 站上MA233,1555,0.1408,0.0658,2.138,0.6354,0.449,0.1864,L3
全部卖点,量比>=2 + 相对强弱>=5 + 威科夫得分大于7,1401,0.1254,0.0605,2.073,0.6281,0.449,0.1791,L3
全部卖点,量比>=2 + BOLL突破上轨 + 站上MA233,1769,0.1549,0.0792,1.956,0.6145,0.449,0.1655,L3
全部卖点,量比>=2 + BOLL突破上轨 + 威科夫得分大于7,1580,0.1396,0.0697,2.004,0.6203,0.449,0.1712,L3
全部卖点,量比>=2 + 站上MA233 + 威科夫得分大于7,1425,0.1252,0.0634,1.975,0.6168,0.449,0.1678,L3
全部卖点,趋势多头 + 多头排列 + 相对强弱>=5,6237,0.512,0.3069,1.669,0.5762,0.449,0.1272,L3
全部卖点,趋势多头 + 多头排列 + BOLL突破上轨,6061,0.4841,0.3092,1.566,0.5606,0.449,0.1116,L3
全部卖点,趋势多头 + 多头排列 + 站上MA233,6017,0.4538,0.3288,1.38,0.5293,0.449,0.0803,L3
全部卖点,趋势多头 + 多头排列 + 威科夫得分大于7,7044,0.526,0.3892,1.352,0.5241,0.449,0.0751,L3
全部卖点,趋势多头 + 相对强弱>=5 + BOLL突破上轨,4641,0.3983,0.2142,1.86,0.6025,0.449,0.1534,L3
全部卖点,趋势多头 + 相对强弱>=5 + 站上MA233,4147,0.3512,0.1953,1.798,0.5944,0.449,0.1454,L3
全部卖点,趋势多头 + 相对强弱>=5 + 威科夫得分大于7,4814,0.3989,0.2338,1.706,0.5816,0.449,0.1326,L3
全部卖点,趋势多头 + BOLL突破上轨 + 站上MA233,4165,0.3406,0.206,1.654,0.5741,0.449,0.1251,L3
全部卖点,趋势多头 + BOLL突破上轨 + 威科夫得分大于7,4890,0.3928,0.2476,1.586,0.5638,0.449,0.1148,L3
全部卖点,趋势多头 + 站上MA233 + 威科夫得分大于7,5227,0.4048,0.277,1.461,0.5435,0.449,0.0945,L3
全部卖点,多头排列 + 相对强弱>=5 + BOLL突破上轨,4609,0.3946,0.2135,1.848,0.601,0.449,0.152,L3
全部卖点,多头排列 + 相对强弱>=5 + 站上MA233,4071,0.3438,0.1925,1.786,0.5927,0.449,0.1437,L3
全部卖点,多头排列 + 相对强弱>=5 + 威科夫得分大于7,4756,0.3948,0.2305,1.713,0.5826,0.449,0.1336,L3
全部卖点,多头排列 + BOLL突破上轨 + 站上MA233,4105,0.3335,0.2048,1.628,0.5703,0.449,0.1213,L3
全部卖点,多头排列 + BOLL突破上轨 + 威科夫得分大于7,4834,0.3872,0.2457,1.576,0.5623,0.449,0.1133,L3
全部卖点,多头排列 + 站上MA233 + 威科夫得分大于7,5087,0.3931,0.2703,1.454,0.5424,0.449,0.0933,L3
全部卖点,相对强弱>=5 + BOLL突破上轨 + 站上MA233,3933,0.3315,0.1865,1.778,0.5917,0.449,0.1426,L3
全部卖点,相对强弱>=5 + BOLL突破上轨 + 威科夫得分大于7,4113,0.3432,0.1978,1.735,0.5857,0.449,0.1367,L3
全部卖点,相对强弱>=5 + 站上MA233 + 威科夫得分大于7,3950,0.3297,0.1899,1.736,0.5858,0.449,0.1368,L3
全部卖点,BOLL突破上轨 + 站上MA233 + 威科夫得分大于7,4118,0.3298,0.2093,1.576,0.5622,0.449,0.1132,L3
全部卖点,量比>=1.0,10798,0.7136,0.6721,1.062,0.4639,0.449,0.0149,L4
全部卖点,量能金叉 + 量比>=1.0,4257,0.2626,0.2803,0.937,0.4329,0.449,-0.0161,L4
全部卖点,大盘安全 + 量比>=1.0,8222,0.5589,0.4991,1.12,0.4771,0.449,0.0281,L4
全部卖点,偏多共振 + 量比>=1.0,3545,0.2932,0.1726,1.698,0.5805,0.449,0.1315,L4
全部卖点,中枢进机会区 + 量比>=1.0,512,0.0303,0.0347,0.874,0.416,0.449,-0.033,L4
全部卖点,量比>=1.3,7431,0.512,0.4455,1.149,0.4836,0.449,0.0346,L4
全部卖点,量能金叉 + 量比>=1.3,3377,0.215,0.2169,0.991,0.4468,0.449,-0.0022,L4
全部卖点,大盘安全 + 量比>=1.3,5647,0.3985,0.3309,1.204,0.4953,0.449,0.0463,L4
全部卖点,偏多共振 + 量比>=1.3,2436,0.2089,0.1126,1.855,0.6018,0.449,0.1528,L4
全部卖点,中枢进机会区 + 量比>=1.3,392,0.0245,0.0255,0.959,0.4388,0.449,-0.0102,L4
全部卖点,量比>=1.5,5935,0.4207,0.3462,1.215,0.4976,0.449,0.0485,L4
全部卖点,量能金叉 + 量比>=1.5,2878,0.1868,0.1819,1.027,0.4555,0.449,0.0065,L4
全部卖点,大盘安全 + 量比>=1.5,4495,0.3257,0.2565,1.27,0.5086,0.449,0.0596,L4
全部卖点,偏多共振 + 量比>=1.5,1911,0.1701,0.0832,2.043,0.6248,0.449,0.1758,L4
全部卖点,中枢进机会区 + 量比>=1.5,339,0.0214,0.0219,0.974,0.4425,0.449,-0.0065,L4
全部卖点,量比>=2.0,3711,0.2758,0.2061,1.338,0.5217,0.449,0.0727,L4
全部卖点,量能金叉 + 量比>=2.0,2006,0.1368,0.1214,1.126,0.4786,0.449,0.0295,L4
全部卖点,大盘安全 + 量比>=2.0,2779,0.2133,0.1488,1.433,0.5387,0.449,0.0897,L4
全部卖点,偏多共振 + 量比>=2.0,1164,0.1098,0.0456,2.407,0.6624,0.449,0.2134,L4
全部卖点,中枢进机会区 + 量比>=2.0,234,0.0144,0.0154,0.932,0.4316,0.449,-0.0174,L4
全部卖点,量比>=2.5,2435,0.1855,0.1315,1.41,0.5347,0.449,0.0857,L4
全部卖点,量能金叉 + 量比>=2.5,1434,0.1016,0.0837,1.213,0.4972,0.449,0.0482,L4
全部卖点,大盘安全 + 量比>=2.5,1783,0.1408,0.0923,1.525,0.5541,0.449,0.1051,L4
全部卖点,偏多共振 + 量比>=2.5,782,0.0752,0.0295,2.551,0.6752,0.449,0.2262,L4
全部卖点,中枢进机会区 + 量比>=2.5,159,0.0108,0.0096,1.124,0.478,0.449,0.029,L4
全部卖点,量比>=3.0,1652,0.1278,0.0877,1.458,0.543,0.449,0.094,L4
全部卖点,量能金叉 + 量比>=3.0,1065,0.0778,0.0603,1.291,0.5127,0.449,0.0637,L4
全部卖点,大盘安全 + 量比>=3.0,1169,0.0959,0.0576,1.665,0.5757,0.449,0.1267,L4
全部卖点,偏多共振 + 量比>=3.0,543,0.0536,0.0194,2.763,0.6924,0.449,0.2434,L4
全部卖点,中枢进机会区 + 量比>=3.0,122,0.0084,0.0073,1.149,0.4836,0.449,0.0346,L4
全部卖点,距60日高点>=0.85,13135,0.9098,0.7836,1.161,0.4862,0.449,0.0372,L4
全部卖点,量能金叉 + 距60日高点>=0.85,4148,0.2693,0.2622,1.027,0.4556,0.449,0.0066,L4
全部卖点,大盘安全 + 距60日高点>=0.85,10340,0.729,0.6064,1.202,0.4949,0.449,0.0459,L4
全部卖点,偏多共振 + 距60日高点>=0.85,5028,0.4021,0.2561,1.57,0.5613,0.449,0.1122,L4
全部卖点,中枢进机会区 + 距60日高点>=0.85,407,0.0299,0.0229,1.308,0.516,0.449,0.067,L4
全部卖点,距60日高点>=0.9,10980,0.7833,0.6365,1.231,0.5007,0.449,0.0517,L4
全部卖点,量能金叉 + 距60日高点>=0.9,3364,0.2264,0.2061,1.099,0.4724,0.449,0.0233,L4
全部卖点,大盘安全 + 距60日高点>=0.9,8778,0.6341,0.5024,1.262,0.5071,0.449,0.058,L4
全部卖点,偏多共振 + 距60日高点>=0.9,4502,0.3552,0.2333,1.523,0.5538,0.449,0.1047,L4
全部卖点,中枢进机会区 + 距60日高点>=0.9,263,0.0205,0.0138,1.485,0.5475,0.449,0.0985,L4
全部卖点,距60日高点>=0.95,6223,0.4327,0.3699,1.17,0.488,0.449,0.039,L4
全部卖点,量能金叉 + 距60日高点>=0.95,1837,0.1221,0.1138,1.073,0.4665,0.449,0.0175,L4
全部卖点,大盘安全 + 距60日高点>=0.95,5069,0.3562,0.2983,1.194,0.4932,0.449,0.0442,L4
全部卖点,偏多共振 + 距60日高点>=0.95,2807,0.2062,0.1579,1.306,0.5155,0.449,0.0665,L4
全部卖点,中枢进机会区 + 距60日高点>=0.95,126,0.0095,0.0069,1.393,0.5317,0.449,0.0827,L4
全部卖点,距60日高点>=1.0,130,0.0124,0.005,2.483,0.6692,0.449,0.2202,L4
全部卖点,大盘安全 + 距60日高点>=1.0,103,0.0098,0.0039,2.49,0.6699,0.449,0.2209,L4
全部卖点,偏多共振 + 距60日高点>=1.0,56,0.0063,0.0014,4.499,0.7857,0.449,0.3367,L4
全部卖点,距60日高点<=0.7,248,0.0081,0.0222,0.366,0.2298,0.449,-0.2192,L4
全部卖点,量能金叉 + 距60日高点<=0.7,73,0.0027,0.0063,0.432,0.2603,0.449,-0.1887,L4
全部卖点,大盘安全 + 距60日高点<=0.7,154,0.0064,0.0127,0.507,0.2922,0.449,-0.1568,L4
全部卖点,距60日高点<=0.8,1332,0.0429,0.1197,0.358,0.226,0.449,-0.223,L4
全部卖点,量能金叉 + 距60日高点<=0.8,442,0.0158,0.0384,0.412,0.2511,0.449,-0.1979,L4
全部卖点,大盘安全 + 距60日高点<=0.8,952,0.0333,0.0834,0.4,0.2458,0.449,-0.2032,L4
全部卖点,偏多共振 + 距60日高点<=0.8,68,0.0033,0.0052,0.627,0.3382,0.449,-0.1108,L4
全部卖点,中枢进机会区 + 距60日高点<=0.8,151,0.0046,0.0138,0.33,0.2119,0.449,-0.2371,L4
全部卖点,距60日低点<=1.05,183,0.0068,0.0157,0.436,0.2623,0.449,-0.1867,L4
全部卖点,量能金叉 + 距60日低点<=1.05,58,0.0016,0.0055,0.287,0.1897,0.449,-0.2594,L4
全部卖点,大盘安全 + 距60日低点<=1.05,125,0.0046,0.0108,0.422,0.256,0.449,-0.193,L4
全部卖点,中枢进机会区 + 距60日低点<=1.05,65,0.0023,0.0057,0.401,0.2462,0.449,-0.2029,L4
全部卖点,距60日低点<=1.1,1718,0.0702,0.1422,0.494,0.287,0.449,-0.1621,L4
全部卖点,量能金叉 + 距60日低点<=1.1,625,0.0259,0.0514,0.504,0.2912,0.449,-0.1578,L4
全部卖点,大盘安全 + 距60日低点<=1.1,1071,0.0464,0.0865,0.537,0.3044,0.449,-0.1446,L4
全部卖点,偏多共振 + 距60日低点<=1.1,134,0.0071,0.0098,0.73,0.3731,0.449,-0.0759,L4
全部卖点,中枢进机会区 + 距60日低点<=1.1,256,0.0097,0.0218,0.444,0.2656,0.449,-0.1834,L4
全部卖点,距60日低点<=1.2,6437,0.3409,0.4695,0.726,0.3718,0.449,-0.0773,L4
全部卖点,量能金叉 + 距60日低点<=1.2,2273,0.121,0.1653,0.732,0.3735,0.449,-0.0755,L4
全部卖点,大盘安全 + 距60日低点<=1.2,4529,0.256,0.3172,0.807,0.3968,0.449,-0.0522,L4
全部卖点,偏多共振 + 距60日低点<=1.2,1411,0.0912,0.0895,1.019,0.4536,0.449,0.0046,L4
全部卖点,中枢进机会区 + 距60日低点<=1.2,458,0.0227,0.0347,0.653,0.3472,0.449,-0.1019,L4
全部卖点,相对强弱>=-5.0,15498,0.9899,0.9927,0.997,0.4483,0.449,-0.0007,L4
全部卖点,量能金叉 + 相对强弱>=-5.0,4999,0.3016,0.3346,0.901,0.4235,0.449,-0.0255,L4
全部卖点,大盘安全 + 相对强弱>=-5.0,12008,0.7883,0.7518,1.049,0.4608,0.449,0.0118,L4
全部卖点,偏多共振 + 相对强弱>=-5.0,5178,0.4112,0.2661,1.545,0.5574,0.449,0.1083,L4
全部卖点,中枢进机会区 + 相对强弱>=-5.0,635,0.037,0.0435,0.851,0.4094,0.449,-0.0396,L4
全部卖点,相对强弱>=0.0,14332,0.935,0.902,1.037,0.4579,0.449,0.0089,L4
全部卖点,量能金叉 + 相对强弱>=0.0,4629,0.2858,0.3045,0.938,0.4334,0.449,-0.0157,L4
全部卖点,大盘安全 + 相对强弱>=0.0,10904,0.7361,0.6661,1.105,0.4739,0.449,0.0248,L4
全部卖点,偏多共振 + 相对强弱>=0.0,4865,0.3941,0.2437,1.617,0.5686,0.449,0.1195,L4
全部卖点,中枢进机会区 + 相对强弱>=0.0,543,0.0333,0.0359,0.929,0.4309,0.449,-0.0181,L4
全部卖点,相对强弱>=5.0,9326,0.6797,0.5289,1.285,0.5116,0.449,0.0626,L4
全部卖点,量能金叉 + 相对强弱>=5.0,2907,0.1968,0.1772,1.11,0.4751,0.449,0.026,L4
全部卖点,大盘安全 + 相对强弱>=5.0,6732,0.5143,0.3625,1.419,0.5362,0.449,0.0872,L4
全部卖点,偏多共振 + 相对强弱>=5.0,3425,0.3056,0.1486,2.056,0.6263,0.449,0.1773,L4
全部卖点,中枢进机会区 + 相对强弱>=5.0,273,0.0201,0.0153,1.311,0.5165,0.449,0.0675,L4
全部卖点,相对强弱>=10.0,5160,0.419,0.2576,1.626,0.57,0.449,0.1209,L4
全部卖点,量能金叉 + 相对强弱>=10.0,1430,0.1096,0.0767,1.428,0.5378,0.449,0.0887,L4
全部卖点,大盘安全 + 相对强弱>=10.0,3723,0.3133,0.1769,1.771,0.5907,0.449,0.1416,L4
全部卖点,偏多共振 + 相对强弱>=10.0,2062,0.2,0.0764,2.618,0.6809,0.449,0.2319,L4
全部卖点,中枢进机会区 + 相对强弱>=10.0,109,0.0101,0.0044,2.293,0.6514,0.449,0.2024,L4
全部卖点,相对强弱>=15.0,2813,0.249,0.1237,2.014,0.6214,0.449,0.1724,L4
全部卖点,量能金叉 + 相对强弱>=15.0,694,0.0586,0.0329,1.782,0.5922,0.449,0.1432,L4
全部卖点,大盘安全 + 相对强弱>=15.0,2035,0.1848,0.0857,2.157,0.6373,0.449,0.1883,L4
全部卖点,偏多共振 + 相对强弱>=15.0,1234,0.1259,0.0406,3.099,0.7164,0.449,0.2674,L4
全部卖点,S-威科夫突破［威科夫B1突破 + SID小于等于2 + 放量］,333,0.0191,0.0231,0.826,0.4024,0.449,-0.0466,L5
全部卖点,S-斐波趋势［斐波全多头 + 价涨量增 + 相对强弱>=0］,1356,0.1242,0.0562,2.211,0.6431,0.449,0.1941,L5
全部卖点,S-六脉震荡［六脉6红首发 + SID等于2 + 量能递增］,7677,0.5363,0.4543,1.18,0.4903,0.449,0.0413,L5
全部卖点,S-黄金柱妖股［黄金柱 + 大盘多头 + 相对强弱>=5］,160,0.01,0.0104,0.954,0.4375,0.449,-0.0115,L5
全部卖点,S-MACD金叉多头［MACD零轴上金叉 + 趋势多头 + 放量］,1873,0.1416,0.1021,1.388,0.5307,0.449,0.0817,L5
全部卖点,S-火箭打板［火箭信号 + 大盘多头 + 相对强弱>=5］,1112,0.1012,0.0467,2.167,0.6385,0.449,0.1895,L5
全部卖点,S-中枢机会区［中枢进机会区 + 量比>=1.3］,392,0.0245,0.0255,0.959,0.4388,0.449,-0.0102,L5
全部卖点,S-纳财突破［纳财 + 相对强弱>=0］,1600,0.111,0.0953,1.164,0.4869,0.449,0.0379,L5
1卖,多头排列,6289,0.8236,0.7834,1.051,0.5991,0.5871,0.0121,L1
1卖,空头排列,216,0.0251,0.0314,0.801,0.5324,0.5871,-0.0547,L1
1卖,趋势多头,6602,0.8634,0.8241,1.048,0.5983,0.5871,0.0112,L1
1卖,趋势空头,330,0.038,0.0485,0.785,0.5273,0.5871,-0.0598,L1
1卖,上升中回调,1117,0.1373,0.152,0.903,0.5622,0.5871,-0.0248,L1
1卖,突破前高,4084,0.567,0.463,1.225,0.6352,0.5871,0.0481,L1
1卖,站上MA5,7767,0.9965,0.9969,1.0,0.587,0.5871,-0.0001,L1
1卖,站上MA13,7784,0.9989,0.9988,1.0,0.5871,0.5871,0.0,L1
1卖,站上MA34,7785,0.9987,0.9994,0.999,0.5869,0.5871,-0.0002,L1
1卖,站上MA55,7707,0.9899,0.9876,1.002,0.5876,0.5871,0.0006,L1
1卖,站上MA89,7209,0.9305,0.9173,1.014,0.5905,0.5871,0.0034,L1
1卖,站上MA144,6305,0.8238,0.7881,1.045,0.5978,0.5871,0.0107,L1
1卖,站上MA233,5103,0.6842,0.6131,1.116,0.6134,0.5871,0.0263,L1
1卖,斐波短中多头,5583,0.7311,0.6955,1.051,0.5991,0.5871,0.0121,L1
1卖,斐波长多头,1869,0.2693,0.1979,1.36,0.6592,0.5871,0.0721,L1
1卖,斐波全多头,1510,0.2153,0.1631,1.32,0.6523,0.5871,0.0653,L1
1卖,MA55上穿MA89,569,0.0778,0.0662,1.176,0.6257,0.5871,0.0386,L1
1卖,放量,7366,0.953,0.9341,1.02,0.5919,0.5871,0.0048,L1
1卖,缩量,4586,0.5624,0.6255,0.899,0.5611,0.5871,-0.026,L1
1卖,量比大于1,7515,0.9685,0.9584,1.011,0.5896,0.5871,0.0026,L1
1卖,量比大于1_3,6537,0.8533,0.8182,1.043,0.5972,0.5871,0.0102,L1
1卖,量比大于2,4283,0.5753,0.5131,1.121,0.6145,0.5871,0.0275,L1
1卖,量能递增,7347,0.955,0.9254,1.032,0.5947,0.5871,0.0076,L1
1卖,价涨量增,6975,0.9043,0.8819,1.025,0.5931,0.5871,0.0061,L1
1卖,价涨量缩,4487,0.5644,0.592,0.953,0.5754,0.5871,-0.0116,L1
1卖,MACD_DIF大于0,7646,0.983,0.9786,1.004,0.5882,0.5871,0.0011,L1
1卖,MACD金叉态,7623,0.984,0.9699,1.015,0.5906,0.5871,0.0035,L1
1卖,MACD柱递增,6676,0.8743,0.8316,1.051,0.5992,0.5871,0.0121,L1
1卖,MACD零轴上金叉,1406,0.1875,0.1703,1.101,0.6102,0.5871,0.0232,L1
1卖,MACD底背离,133,0.0197,0.0134,1.472,0.6767,0.5871,0.0896,L1
1卖,BOLL收上中轨,7786,0.9991,0.9991,1.0,0.5871,0.5871,0.0,L1
1卖,BOLL突破上轨,5277,0.7259,0.6078,1.194,0.6293,0.5871,0.0423,L1
1卖,BOLL触下轨反弹,204,0.0271,0.0249,1.09,0.6078,0.5871,0.0208,L1
1卖,BOLL开口扩张,7472,0.9681,0.9456,1.024,0.5927,0.5871,0.0057,L1
1卖,KDJ金叉态,7407,0.9569,0.9413,1.017,0.5911,0.5871,0.004,L1
1卖,KDJ_J超卖,1247,0.16,0.16,1.0,0.587,0.5871,-0.0001,L1
1卖,KDJ_D小于30,194,0.0275,0.0211,1.303,0.6495,0.5871,0.0624,L1
1卖,RSI6大于50,7786,0.9989,0.9994,1.0,0.587,0.5871,-0.0001,L1
1卖,RSI金叉,2507,0.3187,0.326,0.978,0.5816,0.5871,-0.0055,L1
1卖,RSI6超卖,194,0.024,0.0261,0.921,0.567,0.5871,-0.0201,L1
1卖,RSI底背离,101,0.0151,0.0099,1.517,0.6832,0.5871,0.0961,L1
1卖,威科夫得分大于4,6213,0.7974,0.7971,1.0,0.5872,0.5871,0.0001,L1
1卖,威科夫得分大于7,5236,0.6859,0.652,1.052,0.5993,0.5871,0.0122,L1
1卖,积累阶段,200,0.0184,0.036,0.509,0.42,0.5871,-0.1671,L1
1卖,威科夫B1突破,127,0.0138,0.0199,0.692,0.4961,0.5871,-0.091,L1
1卖,黄金柱,525,0.0612,0.0761,0.804,0.5333,0.5871,-0.0537,L1
1卖,量能金叉,2400,0.2933,0.3288,0.892,0.5592,0.5871,-0.0279,L1
1卖,六脉红灯大于5,7431,0.962,0.9416,1.022,0.5922,0.5871,0.0052,L1
1卖,六脉红灯大于6,7147,0.9301,0.8987,1.035,0.5954,0.5871,0.0083,L1
1卖,六脉6红首发,7147,0.9301,0.8987,1.035,0.5954,0.5871,0.0083,L1
1卖,六脉5红首发,7431,0.962,0.9416,1.022,0.5922,0.5871,0.0052,L1
1卖,偏多共振,3996,0.5469,0.4643,1.178,0.6261,0.5871,0.0391,L1
1卖,多头共振,3992,0.5464,0.4636,1.179,0.6263,0.5871,0.0392,L1
1卖,火箭信号,1781,0.2739,0.1641,1.669,0.7035,0.5871,0.1165,L1
1卖,二连板,437,0.073,0.032,2.281,0.7643,0.5871,0.1772,L1
1卖,二次涨停,331,0.054,0.0261,2.068,0.7462,0.5871,0.1592,L1
1卖,纳财,933,0.1193,0.1203,0.992,0.5852,0.5871,-0.0019,L1
1卖,中枢进机会区,210,0.033,0.0183,1.8,0.719,0.5871,0.132,L1
1卖,中枢极限底,101,0.0157,0.009,1.746,0.7129,0.5871,0.1258,L1
1卖,中枢上穿中轴,1428,0.1928,0.1697,1.136,0.6176,0.5871,0.0306,L1
1卖,中枢底部蓄力,212,0.0326,0.0196,1.664,0.7028,0.5871,0.1158,L1
1卖,中枢底部回升,363,0.0518,0.0392,1.323,0.6529,0.5871,0.0658,L1
1卖,大盘多头,4421,0.5537,0.5867,0.944,0.5729,0.5871,-0.0141,L1
1卖,大盘空头,2119,0.2844,0.2542,1.119,0.614,0.5871,0.0269,L1
1卖,大盘安全,6200,0.7983,0.7918,1.008,0.589,0.5871,0.002,L1
1卖,SID等于1,4421,0.5537,0.5867,0.944,0.5729,0.5871,-0.0141,L1
1卖,SID等于2,4601,0.6098,0.5628,1.084,0.6064,0.5871,0.0193,L1
1卖,SID小于等于2,6974,0.8955,0.894,1.002,0.5875,0.5871,0.0004,L1
1卖,大盘5日上涨,6860,0.8846,0.8741,1.012,0.5899,0.5871,0.0029,L1
1卖,相对强弱大于0,7570,0.9768,0.9636,1.014,0.5904,0.5871,0.0033,L1
1卖,相对强弱大于5,6285,0.8459,0.7505,1.127,0.6158,0.5871,0.0287,L1
1卖,量比>=1.3,4117,0.5569,0.4876,1.142,0.6189,0.5871,0.0318,L1
1卖,量比>=2,2267,0.3187,0.2514,1.268,0.6431,0.5871,0.0561,L1
1卖,距前高<=10%,6814,0.8649,0.8878,0.974,0.5807,0.5871,-0.0063,L1
1卖,距前低<=10%,304,0.0286,0.0538,0.533,0.4309,0.5871,-0.1561,L1
1卖,相对强弱>=0,7274,0.9436,0.9189,1.027,0.5935,0.5871,0.0064,L1
1卖,相对强弱>=5,5436,0.7434,0.6324,1.176,0.6256,0.5871,0.0386,L1
1卖,多头排列 + 趋势多头,6283,0.823,0.7825,1.052,0.5992,0.5871,0.0122,L2
1卖,多头排列 + 上升中回调,940,0.1158,0.1274,0.909,0.5638,0.5871,-0.0232,L2
1卖,多头排列 + 突破前高,3666,0.5148,0.4074,1.264,0.6424,0.5871,0.0553,L2
1卖,多头排列 + 站上MA5,6269,0.8212,0.7806,1.052,0.5993,0.5871,0.0122,L2
1卖,多头排列 + 站上MA13,6288,0.8234,0.7834,1.051,0.5991,0.5871,0.012,L2
1卖,多头排列 + 站上MA34,6289,0.8236,0.7834,1.051,0.5991,0.5871,0.0121,L2
1卖,多头排列 + 站上MA55,6289,0.8236,0.7834,1.051,0.5991,0.5871,0.0121,L2
1卖,多头排列 + 站上MA89,6019,0.7862,0.7526,1.045,0.5976,0.5871,0.0105,L2
1卖,多头排列 + 站上MA144,5349,0.7008,0.6659,1.052,0.5994,0.5871,0.0123,L2
1卖,多头排列 + 站上MA233,4311,0.5786,0.5171,1.119,0.614,0.5871,0.0269,L2
1卖,多头排列 + 斐波短中多头,5340,0.7025,0.6607,1.063,0.6019,0.5871,0.0148,L2
1卖,多头排列 + 斐波长多头,1658,0.2372,0.1781,1.332,0.6544,0.5871,0.0673,L2
1卖,多头排列 + 斐波全多头,1463,0.2085,0.1582,1.318,0.6521,0.5871,0.065,L2
1卖,多头排列 + MA55上穿MA89,509,0.0715,0.0566,1.264,0.6424,0.5871,0.0554,L2
1卖,多头排列 + 放量,5896,0.7801,0.7231,1.079,0.6053,0.5871,0.0183,L2
1卖,多头排列 + 缩量,3835,0.4767,0.514,0.928,0.5687,0.5871,-0.0184,L2
1卖,多头排列 + 量比大于1,6033,0.7941,0.7458,1.065,0.6022,0.5871,0.0151,L2
1卖,多头排列 + 量比大于1_3,5154,0.6885,0.6227,1.106,0.6112,0.5871,0.0241,L2
1卖,多头排列 + 量比大于2,3164,0.44,0.3577,1.23,0.6362,0.5871,0.0492,L2
1卖,多头排列 + 量能递增,5898,0.7834,0.7191,1.089,0.6077,0.5871,0.0206,L2
1卖,多头排列 + 价涨量增,5545,0.737,0.6753,1.091,0.6081,0.5871,0.0211,L2
1卖,多头排列 + 价涨量缩,3680,0.4702,0.4751,0.99,0.5845,0.5871,-0.0026,L2
1卖,多头排列 + MACD_DIF大于0,6289,0.8236,0.7834,1.051,0.5991,0.5871,0.0121,L2
1卖,多头排列 + MACD金叉态,6190,0.8162,0.7632,1.069,0.6032,0.5871,0.0162,L2
1卖,多头排列 + MACD柱递增,5275,0.7086,0.6318,1.122,0.6146,0.5871,0.0275,L2
1卖,多头排列 + MACD零轴上金叉,1197,0.1611,0.1429,1.127,0.6157,0.5871,0.0286,L2
1卖,多头排列 + MACD底背离,70,0.0107,0.0065,1.641,0.7,0.5871,0.1129,L2
1卖,多头排列 + BOLL收上中轨,6289,0.8236,0.7834,1.051,0.5991,0.5871,0.0121,L2
1卖,多头排列 + BOLL突破上轨,4356,0.6098,0.4866,1.253,0.6405,0.5871,0.0534,L2
1卖,多头排列 + BOLL触下轨反弹,120,0.0162,0.0143,1.132,0.6167,0.5871,0.0296,L2
1卖,多头排列 + BOLL开口扩张,6012,0.7967,0.7356,1.083,0.6063,0.5871,0.0192,L2
1卖,多头排列 + KDJ金叉态,5953,0.7862,0.7321,1.074,0.6042,0.5871,0.0172,L2
1卖,多头排列 + KDJ_J超卖,1010,0.1298,0.1293,1.004,0.5881,0.5871,0.0011,L2
1卖,多头排列 + RSI6大于50,6288,0.8234,0.7834,1.051,0.5991,0.5871,0.012,L2
1卖,多头排列 + RSI金叉,1998,0.2568,0.2557,1.004,0.5881,0.5871,0.001,L2
1卖,多头排列 + RSI6超卖,143,0.017,0.0202,0.844,0.5455,0.5871,-0.0416,L2
1卖,多头排列 + 威科夫得分大于4,5559,0.7198,0.7042,1.022,0.5924,0.5871,0.0053,L2
1卖,多头排列 + 威科夫得分大于7,4864,0.638,0.6044,1.056,0.6001,0.5871,0.0131,L2
1卖,多头排列 + 黄金柱,389,0.0468,0.0544,0.86,0.5501,0.5871,-0.0369,L2
1卖,多头排列 + 量能金叉,1732,0.2173,0.2293,0.947,0.5739,0.5871,-0.0132,L2
1卖,多头排列 + 六脉红灯大于5,5970,0.7897,0.7324,1.078,0.6052,0.5871,0.0181,L2
1卖,多头排列 + 六脉红灯大于6,5714,0.7604,0.6945,1.095,0.6089,0.5871,0.0218,L2
1卖,多头排列 + 六脉6红首发,5714,0.7604,0.6945,1.095,0.6089,0.5871,0.0218,L2
1卖,多头排列 + 六脉5红首发,5970,0.7897,0.7324,1.078,0.6052,0.5871,0.0181,L2
1卖,多头排列 + 偏多共振,3668,0.5016,0.4267,1.176,0.6257,0.5871,0.0386,L2
1卖,多头排列 + 多头共振,3665,0.5014,0.426,1.177,0.6259,0.5871,0.0389,L2
1卖,多头排列 + 火箭信号,1399,0.2234,0.1172,1.907,0.7305,0.5871,0.1435,L2
1卖,多头排列 + 二连板,351,0.0608,0.0227,2.679,0.792,0.5871,0.205,L2
1卖,多头排列 + 二次涨停,297,0.0492,0.0224,2.198,0.7576,0.5871,0.1705,L2
1卖,多头排列 + 纳财,745,0.097,0.0935,1.038,0.596,0.5871,0.0089,L2
1卖,多头排列 + 中枢进机会区,126,0.0203,0.0103,1.982,0.7381,0.5871,0.151,L2
1卖,多头排列 + 中枢极限底,65,0.0096,0.0065,1.474,0.6769,0.5871,0.0899,L2
1卖,多头排列 + 中枢上穿中轴,698,0.1023,0.0715,1.431,0.6705,0.5871,0.0834,L2
1卖,多头排列 + 中枢底部蓄力,50,0.0081,0.004,2.002,0.74,0.5871,0.1529,L2
1卖,多头排列 + 中枢底部回升,108,0.0164,0.0103,1.599,0.6944,0.5871,0.1074,L2
1卖,多头排列 + 大盘多头,3691,0.4723,0.4755,0.993,0.5855,0.5871,-0.0016,L2
1卖,多头排列 + 大盘空头,1555,0.2144,0.1784,1.202,0.6309,0.5871,0.0438,L2
1卖,多头排列 + 大盘安全,5056,0.6634,0.628,1.056,0.6003,0.5871,0.0132,L2
1卖,多头排列 + SID等于1,3691,0.4723,0.4755,0.993,0.5855,0.5871,-0.0016,L2
1卖,多头排列 + SID等于2,3671,0.497,0.4341,1.145,0.6194,0.5871,0.0324,L2
1卖,多头排列 + SID小于等于2,5686,0.7451,0.7076,1.053,0.5995,0.5871,0.0125,L2
1卖,多头排列 + 大盘5日上涨,5508,0.7272,0.6778,1.073,0.604,0.5871,0.017,L2
1卖,多头排列 + 相对强弱大于0,6160,0.8125,0.7592,1.07,0.6034,0.5871,0.0163,L2
1卖,多头排列 + 相对强弱大于5,5234,0.7189,0.6044,1.189,0.6284,0.5871,0.0413,L2
1卖,多头排列 + 量比>=1.3,3094,0.4282,0.3527,1.214,0.6332,0.5871,0.0461,L2
1卖,多头排列 + 量比>=2,1596,0.231,0.1675,1.379,0.6623,0.5871,0.0752,L2
1卖,多头排列 + 距前高<=10%,5675,0.7303,0.7253,1.007,0.5887,0.5871,0.0017,L2
1卖,多头排列 + 距前低<=10%,117,0.0114,0.0202,0.563,0.4444,0.5871,-0.1426,L2
1卖,多头排列 + 相对强弱>=0,5960,0.7906,0.7281,1.086,0.6069,0.5871,0.0198,L2
1卖,多头排列 + 相对强弱>=5,4537,0.6356,0.5062,1.256,0.641,0.5871,0.0539,L2
1卖,空头排列 + 趋势空头,124,0.0153,0.0168,0.912,0.5645,0.5871,-0.0225,L2
1卖,空头排列 + 站上MA5,215,0.0251,0.0311,0.809,0.5349,0.5871,-0.0522,L2
1卖,空头排列 + 站上MA13,214,0.0251,0.0308,0.817,0.5374,0.5871,-0.0497,L2
1卖,空头排列 + 站上MA34,214,0.0247,0.0314,0.787,0.528,0.5871,-0.059,L2
1卖,空头排列 + 站上MA55,200,0.023,0.0295,0.777,0.525,0.5871,-0.0621,L2
1卖,空头排列 + 站上MA89,158,0.0195,0.0214,0.907,0.5633,0.5871,-0.0238,L2
1卖,空头排列 + 站上MA144,127,0.0166,0.0158,1.048,0.5984,0.5871,0.0114,L2
1卖,空头排列 + 站上MA233,103,0.0144,0.0115,1.255,0.6408,0.5871,0.0537,L2
1卖,空头排列 + 放量,215,0.0251,0.0311,0.809,0.5349,0.5871,-0.0522,L2
1卖,空头排列 + 缩量,99,0.0111,0.0149,0.747,0.5152,0.5871,-0.0719,L2
1卖,空头排列 + 量比大于1,214,0.0251,0.0308,0.817,0.5374,0.5871,-0.0497,L2
1卖,空头排列 + 量比大于1_3,211,0.0245,0.0308,0.796,0.5308,0.5871,-0.0563,L2
1卖,空头排列 + 量比大于2,185,0.0219,0.0264,0.828,0.5405,0.5871,-0.0465,L2
1卖,空头排列 + 量能递增,213,0.0251,0.0305,0.825,0.5399,0.5871,-0.0472,L2
1卖,空头排列 + 价涨量增,212,0.0249,0.0305,0.818,0.5377,0.5871,-0.0493,L2
1卖,空头排列 + 价涨量缩,100,0.0118,0.0143,0.826,0.54,0.5871,-0.0471,L2
1卖,空头排列 + MACD_DIF大于0,152,0.0179,0.0218,0.824,0.5395,0.5871,-0.0476,L2
1卖,空头排列 + MACD金叉态,211,0.0247,0.0305,0.811,0.5355,0.5871,-0.0515,L2
1卖,空头排列 + MACD柱递增,210,0.0247,0.0301,0.819,0.5381,0.5871,-0.049,L2
1卖,空头排列 + BOLL收上中轨,213,0.0249,0.0308,0.81,0.5352,0.5871,-0.0519,L2
1卖,空头排列 + BOLL突破上轨,112,0.0136,0.0155,0.872,0.5536,0.5871,-0.0335,L2
1卖,空头排列 + BOLL开口扩张,208,0.0238,0.0308,0.774,0.524,0.5871,-0.063,L2
1卖,空头排列 + KDJ金叉态,215,0.0251,0.0311,0.809,0.5349,0.5871,-0.0522,L2
1卖,空头排列 + KDJ_D小于30,70,0.0092,0.0087,1.055,0.6,0.5871,0.0129,L2
1卖,空头排列 + RSI6大于50,215,0.0251,0.0311,0.809,0.5349,0.5871,-0.0522,L2
1卖,空头排列 + RSI金叉,113,0.0127,0.0171,0.742,0.5133,0.5871,-0.0738,L2
1卖,空头排列 + 威科夫得分大于4,67,0.0083,0.009,0.922,0.5672,0.5871,-0.0199,L2
1卖,空头排列 + 积累阶段,54,0.0052,0.0093,0.563,0.4444,0.5871,-0.1426,L2
1卖,空头排列 + 量能金叉,134,0.0166,0.018,0.922,0.5672,0.5871,-0.0199,L2
1卖,空头排列 + 六脉红灯大于5,215,0.0251,0.0311,0.809,0.5349,0.5871,-0.0522,L2
1卖,空头排列 + 六脉红灯大于6,213,0.0251,0.0305,0.825,0.5399,0.5871,-0.0472,L2
1卖,空头排列 + 六脉6红首发,213,0.0251,0.0305,0.825,0.5399,0.5871,-0.0472,L2
1卖,空头排列 + 六脉5红首发,215,0.0251,0.0311,0.809,0.5349,0.5871,-0.0522,L2
1卖,空头排列 + 火箭信号,71,0.009,0.0093,0.961,0.5775,0.5871,-0.0096,L2
1卖,空头排列 + 中枢上穿中轴,167,0.0208,0.0224,0.928,0.5689,0.5871,-0.0182,L2
1卖,空头排列 + 中枢底部蓄力,75,0.0111,0.0075,1.495,0.68,0.5871,0.0929,L2
1卖,空头排列 + 中枢底部回升,106,0.0142,0.0127,1.115,0.6132,0.5871,0.0261,L2
1卖,空头排列 + 大盘多头,65,0.007,0.0103,0.682,0.4923,0.5871,-0.0948,L2
1卖,空头排列 + 大盘空头,115,0.0142,0.0155,0.914,0.5652,0.5871,-0.0218,L2
1卖,空头排列 + 大盘安全,144,0.0177,0.0196,0.904,0.5625,0.5871,-0.0246,L2
1卖,空头排列 + SID等于1,65,0.007,0.0103,0.682,0.4923,0.5871,-0.0948,L2
1卖,空头排列 + SID等于2,150,0.0179,0.0211,0.848,0.5467,0.5871,-0.0404,L2
1卖,空头排列 + SID小于等于2,179,0.021,0.0258,0.814,0.5363,0.5871,-0.0508,L2
1卖,空头排列 + 大盘5日上涨,185,0.0221,0.0261,0.846,0.5459,0.5871,-0.0411,L2
1卖,空头排列 + 相对强弱大于0,200,0.0227,0.0298,0.762,0.52,0.5871,-0.0671,L2
1卖,空头排列 + 相对强弱大于5,136,0.0168,0.0183,0.918,0.5662,0.5871,-0.0209,L2
1卖,空头排列 + 量比>=1.3,169,0.0203,0.0236,0.861,0.5503,0.5871,-0.0368,L2
1卖,空头排列 + 量比>=2,118,0.016,0.014,1.141,0.6186,0.5871,0.0316,L2
1卖,空头排列 + 距前高<=10%,157,0.019,0.0218,0.874,0.5541,0.5871,-0.0329,L2
1卖,空头排列 + 相对强弱>=0,182,0.0212,0.0264,0.803,0.533,0.5871,-0.0541,L2
1卖,空头排列 + 相对强弱>=5,115,0.0138,0.0162,0.852,0.5478,0.5871,-0.0392,L2
1卖,趋势多头 + 上升中回调,1113,0.1366,0.1516,0.901,0.5615,0.5871,-0.0255,L2
1卖,趋势多头 + 突破前高,3711,0.5207,0.413,1.261,0.6419,0.5871,0.0548,L2
1卖,趋势多头 + 站上MA5,6581,0.8608,0.8213,1.048,0.5984,0.5871,0.0113,L2
1卖,趋势多头 + 站上MA13,6598,0.8627,0.8238,1.047,0.5982,0.5871,0.0111,L2
1卖,趋势多头 + 站上MA34,6601,0.8632,0.8241,1.047,0.5982,0.5871,0.0112,L2
1卖,趋势多头 + 站上MA55,6602,0.8634,0.8241,1.048,0.5983,0.5871,0.0112,L2
1卖,趋势多头 + 站上MA89,6306,0.8232,0.7893,1.043,0.5972,0.5871,0.0101,L2
1卖,趋势多头 + 站上MA144,5574,0.7311,0.6927,1.056,0.6001,0.5871,0.013,L2
1卖,趋势多头 + 站上MA233,4493,0.6052,0.5357,1.13,0.6163,0.5871,0.0292,L2
1卖,趋势多头 + 斐波短中多头,5486,0.72,0.6812,1.057,0.6004,0.5871,0.0134,L2
1卖,趋势多头 + 斐波长多头,1732,0.249,0.1843,1.351,0.6576,0.5871,0.0706,L2
1卖,趋势多头 + 斐波全多头,1498,0.2138,0.1616,1.323,0.6529,0.5871,0.0658,L2
1卖,趋势多头 + MA55上穿MA89,529,0.0734,0.06,1.225,0.6352,0.5871,0.0481,L2
1卖,趋势多头 + 放量,6196,0.8175,0.7632,1.071,0.6036,0.5871,0.0165,L2
1卖,趋势多头 + 缩量,4070,0.5075,0.5432,0.934,0.5705,0.5871,-0.0165,L2
1卖,趋势多头 + 量比大于1,6337,0.8326,0.7856,1.06,0.6011,0.5871,0.014,L2
1卖,趋势多头 + 量比大于1_3,5430,0.7242,0.6579,1.101,0.6101,0.5871,0.0231,L2
1卖,趋势多头 + 量比大于2,3376,0.4691,0.3822,1.227,0.6357,0.5871,0.0486,L2
1卖,趋势多头 + 量能递增,6181,0.8197,0.7554,1.085,0.6067,0.5871,0.0196,L2
1卖,趋势多头 + 价涨量增,5831,0.7722,0.7141,1.081,0.6059,0.5871,0.0188,L2
1卖,趋势多头 + 价涨量缩,3858,0.4925,0.4988,0.987,0.584,0.5871,-0.0031,L2
1卖,趋势多头 + MACD_DIF大于0,6585,0.861,0.8222,1.047,0.5982,0.5871,0.0111,L2
1卖,趋势多头 + MACD金叉态,6442,0.8487,0.7952,1.067,0.6028,0.5871,0.0157,L2
1卖,趋势多头 + MACD柱递增,5564,0.7456,0.669,1.114,0.613,0.5871,0.026,L2
1卖,趋势多头 + MACD零轴上金叉,1373,0.1834,0.1659,1.105,0.6111,0.5871,0.024,L2
1卖,趋势多头 + MACD底背离,95,0.0144,0.009,1.601,0.6947,0.5871,0.1077,L2
1卖,趋势多头 + BOLL收上中轨,6602,0.8634,0.8241,1.048,0.5983,0.5871,0.0112,L2
1卖,趋势多头 + BOLL突破上轨,4428,0.6212,0.4929,1.26,0.6418,0.5871,0.0548,L2
1卖,趋势多头 + BOLL触下轨反弹,163,0.0223,0.019,1.176,0.6258,0.5871,0.0387,L2
1卖,趋势多头 + BOLL开口扩张,6308,0.8348,0.7735,1.079,0.6054,0.5871,0.0184,L2
1卖,趋势多头 + KDJ金叉态,6248,0.8234,0.771,1.068,0.6029,0.5871,0.0158,L2
1卖,趋势多头 + KDJ_J超卖,1081,0.1399,0.137,1.021,0.592,0.5871,0.005,L2
1卖,趋势多头 + KDJ_D小于30,122,0.0184,0.0118,1.555,0.6885,0.5871,0.1015,L2
1卖,趋势多头 + RSI6大于50,6599,0.8627,0.8241,1.047,0.5981,0.5871,0.0111,L2
1卖,趋势多头 + RSI金叉,2208,0.2852,0.2806,1.017,0.591,0.5871,0.004,L2
1卖,趋势多头 + RSI6超卖,160,0.0192,0.0224,0.86,0.55,0.5871,-0.0371,L2
1卖,趋势多头 + RSI底背离,63,0.0103,0.005,2.066,0.746,0.5871,0.159,L2
1卖,趋势多头 + 威科夫得分大于4,5774,0.7471,0.7321,1.02,0.592,0.5871,0.0049,L2
1卖,趋势多头 + 威科夫得分大于7,4991,0.654,0.6212,1.053,0.5995,0.5871,0.0124,L2
1卖,趋势多头 + 黄金柱,435,0.0529,0.06,0.882,0.5563,0.5871,-0.0307,L2
1卖,趋势多头 + 量能金叉,1886,0.2385,0.247,0.965,0.5785,0.5871,-0.0086,L2
1卖,趋势多头 + 六脉红灯大于5,6258,0.8267,0.7694,1.074,0.6043,0.5871,0.0173,L2
1卖,趋势多头 + 六脉红灯大于6,5994,0.7965,0.7303,1.091,0.6079,0.5871,0.0209,L2
1卖,趋势多头 + 六脉6红首发,5994,0.7965,0.7303,1.091,0.6079,0.5871,0.0209,L2
1卖,趋势多头 + 六脉5红首发,6258,0.8267,0.7694,1.074,0.6043,0.5871,0.0173,L2
1卖,趋势多头 + 偏多共振,3810,0.5215,0.4425,1.179,0.6262,0.5871,0.0392,L2
1卖,趋势多头 + 多头共振,3806,0.5211,0.4419,1.179,0.6264,0.5871,0.0393,L2
1卖,趋势多头 + 火箭信号,1453,0.2326,0.1209,1.924,0.7323,0.5871,0.1452,L2
1卖,趋势多头 + 二连板,361,0.0623,0.0236,2.638,0.7895,0.5871,0.2024,L2
1卖,趋势多头 + 二次涨停,307,0.0507,0.0233,2.176,0.7557,0.5871,0.1686,L2
1卖,趋势多头 + 纳财,776,0.1005,0.0982,1.024,0.5928,0.5871,0.0057,L2
1卖,趋势多头 + 中枢进机会区,147,0.0238,0.0118,2.018,0.7415,0.5871,0.1544,L2
1卖,趋势多头 + 中枢极限底,71,0.0105,0.0071,1.468,0.6761,0.5871,0.089,L2
1卖,趋势多头 + 中枢上穿中轴,878,0.1287,0.0898,1.434,0.6708,0.5871,0.0838,L2
1卖,趋势多头 + 中枢底部蓄力,83,0.0138,0.0062,2.216,0.759,0.5871,0.172,L2
1卖,趋势多头 + 中枢底部回升,176,0.0275,0.0155,1.773,0.7159,0.5871,0.1288,L2
1卖,趋势多头 + 大盘多头,3821,0.4877,0.4941,0.987,0.5839,0.5871,-0.0032,L2
1卖,趋势多头 + 大盘空头,1688,0.2323,0.1942,1.196,0.6297,0.5871,0.0427,L2
1卖,趋势多头 + 大盘安全,5276,0.6914,0.6566,1.053,0.5995,0.5871,0.0124,L2
1卖,趋势多头 + SID等于1,3821,0.4877,0.4941,0.987,0.5839,0.5871,-0.0032,L2
1卖,趋势多头 + SID等于2,3887,0.5237,0.4633,1.13,0.6164,0.5871,0.0293,L2
1卖,趋势多头 + SID小于等于2,5946,0.7775,0.7424,1.047,0.5982,0.5871,0.0112,L2
1卖,趋势多头 + 大盘5日上涨,5781,0.7615,0.7138,1.067,0.6027,0.5871,0.0156,L2
1卖,趋势多头 + 相对强弱大于0,6452,0.8498,0.7968,1.067,0.6026,0.5871,0.0155,L2
1卖,趋势多头 + 相对强弱大于5,5378,0.739,0.6206,1.191,0.6287,0.5871,0.0416,L2
1卖,趋势多头 + 量比>=1.3,3284,0.4549,0.3738,1.217,0.6337,0.5871,0.0466,L2
1卖,趋势多头 + 量比>=2,1708,0.2487,0.1771,1.404,0.6663,0.5871,0.0792,L2
1卖,趋势多头 + 距前高<=10%,5945,0.7626,0.7632,0.999,0.5869,0.5871,-0.0002,L2
1卖,趋势多头 + 距前低<=10%,151,0.0142,0.0267,0.532,0.4305,0.5871,-0.1566,L2
1卖,趋势多头 + 相对强弱>=0,6212,0.823,0.7604,1.082,0.6061,0.5871,0.019,L2
1卖,趋势多头 + 相对强弱>=5,4623,0.6479,0.5155,1.257,0.6411,0.5871,0.0541,L2
1卖,趋势空头 + 突破前高,51,0.0061,0.0071,0.856,0.549,0.5871,-0.038,L2
1卖,趋势空头 + 站上MA5,329,0.038,0.0482,0.79,0.5289,0.5871,-0.0582,L2
1卖,趋势空头 + 站上MA13,328,0.038,0.0479,0.795,0.5305,0.5871,-0.0566,L2
1卖,趋势空头 + 站上MA34,326,0.0374,0.0482,0.776,0.5245,0.5871,-0.0625,L2
1卖,趋势空头 + 站上MA55,304,0.0354,0.0441,0.802,0.5329,0.5871,-0.0542,L2
1卖,趋势空头 + 站上MA89,227,0.0297,0.0283,1.051,0.5991,0.5871,0.0121,L2
1卖,趋势空头 + 站上MA144,163,0.024,0.0165,1.46,0.6748,0.5871,0.0878,L2
1卖,趋势空头 + 站上MA233,146,0.0221,0.014,1.579,0.6918,0.5871,0.1047,L2
1卖,趋势空头 + 放量,323,0.0378,0.0466,0.811,0.5356,0.5871,-0.0515,L2
1卖,趋势空头 + 缩量,174,0.0181,0.0283,0.642,0.477,0.5871,-0.1101,L2
1卖,趋势空头 + 量比大于1,327,0.038,0.0475,0.8,0.5321,0.5871,-0.055,L2
1卖,趋势空头 + 量比大于1_3,315,0.0369,0.0454,0.814,0.5365,0.5871,-0.0506,L2
1卖,趋势空头 + 量比大于2,261,0.0326,0.0348,0.936,0.5709,0.5871,-0.0162,L2
1卖,趋势空头 + 量能递增,322,0.038,0.046,0.827,0.5404,0.5871,-0.0467,L2
1卖,趋势空头 + 价涨量增,313,0.0367,0.0451,0.815,0.5367,0.5871,-0.0503,L2
1卖,趋势空头 + 价涨量缩,149,0.0173,0.0218,0.794,0.5302,0.5871,-0.0569,L2
1卖,趋势空头 + MACD_DIF大于0,227,0.026,0.0336,0.775,0.5242,0.5871,-0.0628,L2
1卖,趋势空头 + MACD金叉态,325,0.0376,0.0475,0.791,0.5292,0.5871,-0.0578,L2
1卖,趋势空头 + MACD柱递增,305,0.0361,0.0435,0.829,0.541,0.5871,-0.0461,L2
1卖,趋势空头 + BOLL收上中轨,327,0.0378,0.0479,0.79,0.5291,0.5871,-0.058,L2
1卖,趋势空头 + BOLL突破上轨,150,0.0197,0.0186,1.055,0.6,0.5871,0.0129,L2
1卖,趋势空头 + BOLL开口扩张,313,0.0361,0.046,0.784,0.5272,0.5871,-0.0599,L2
1卖,趋势空头 + KDJ金叉态,320,0.0369,0.0469,0.787,0.5281,0.5871,-0.0589,L2
1卖,趋势空头 + KDJ_J超卖,126,0.0166,0.0155,1.069,0.6032,0.5871,0.0161,L2
1卖,趋势空头 + KDJ_D小于30,62,0.0079,0.0081,0.974,0.5806,0.5871,-0.0064,L2
1卖,趋势空头 + RSI6大于50,329,0.038,0.0482,0.79,0.5289,0.5871,-0.0582,L2
1卖,趋势空头 + RSI金叉,145,0.0157,0.0227,0.694,0.4966,0.5871,-0.0905,L2
1卖,趋势空头 + 威科夫得分大于4,113,0.0149,0.014,1.063,0.6018,0.5871,0.0147,L2
1卖,趋势空头 + 威科夫得分大于7,54,0.0083,0.005,1.671,0.7037,0.5871,0.1166,L2
1卖,趋势空头 + 积累阶段,103,0.0094,0.0186,0.504,0.4175,0.5871,-0.1696,L2
1卖,趋势空头 + 量能金叉,169,0.0205,0.0233,0.882,0.5562,0.5871,-0.0309,L2
1卖,趋势空头 + 六脉红灯大于5,325,0.0378,0.0472,0.801,0.5323,0.5871,-0.0548,L2
1卖,趋势空头 + 六脉红灯大于6,318,0.0374,0.0457,0.818,0.5377,0.5871,-0.0493,L2
1卖,趋势空头 + 六脉6红首发,318,0.0374,0.0457,0.818,0.5377,0.5871,-0.0493,L2
1卖,趋势空头 + 六脉5红首发,325,0.0378,0.0472,0.801,0.5323,0.5871,-0.0548,L2
1卖,趋势空头 + 火箭信号,92,0.0111,0.0127,0.875,0.5543,0.5871,-0.0327,L2
1卖,趋势空头 + 中枢进机会区,60,0.0087,0.0062,1.407,0.6667,0.5871,0.0796,L2
1卖,趋势空头 + 中枢上穿中轴,207,0.0251,0.0286,0.879,0.5556,0.5871,-0.0315,L2
1卖,趋势空头 + 中枢底部蓄力,53,0.0079,0.0053,1.49,0.6792,0.5871,0.0922,L2
1卖,趋势空头 + 中枢底部回升,83,0.0114,0.0096,1.18,0.6265,0.5871,0.0394,L2
1卖,趋势空头 + 大盘多头,114,0.0125,0.0177,0.703,0.5,0.5871,-0.0871,L2
1卖,趋势空头 + 大盘空头,166,0.0208,0.0221,0.941,0.5723,0.5871,-0.0148,L2
1卖,趋势空头 + 大盘安全,213,0.0258,0.0295,0.874,0.554,0.5871,-0.0331,L2
1卖,趋势空头 + SID等于1,114,0.0125,0.0177,0.703,0.5,0.5871,-0.0871,L2
1卖,趋势空头 + SID等于2,215,0.0256,0.0305,0.84,0.5442,0.5871,-0.0429,L2
1卖,趋势空头 + SID小于等于2,257,0.0291,0.0385,0.754,0.5175,0.5871,-0.0696,L2
1卖,趋势空头 + 大盘5日上涨,277,0.0321,0.0404,0.795,0.5307,0.5871,-0.0564,L2
1卖,趋势空头 + 相对强弱大于0,303,0.0339,0.046,0.737,0.5116,0.5871,-0.0755,L2
1卖,趋势空头 + 相对强弱大于5,209,0.0251,0.0292,0.861,0.5502,0.5871,-0.0368,L2
1卖,趋势空头 + 量比>=1.3,247,0.031,0.0326,0.951,0.5749,0.5871,-0.0122,L2
1卖,趋势空头 + 量比>=2,181,0.0243,0.0218,1.115,0.6133,0.5871,0.0262,L2
1卖,趋势空头 + 距前高<=10%,212,0.0256,0.0295,0.866,0.5519,0.5871,-0.0352,L2
1卖,趋势空头 + 距前低<=10%,86,0.0094,0.0134,0.703,0.5,0.5871,-0.0871,L2
1卖,趋势空头 + 相对强弱>=0,282,0.0319,0.0423,0.755,0.5177,0.5871,-0.0693,L2
1卖,趋势空头 + 相对强弱>=5,183,0.0223,0.0252,0.886,0.5574,0.5871,-0.0297,L2
1卖,上升中回调 + 突破前高,413,0.0555,0.0494,1.124,0.615,0.5871,0.0279,L2
1卖,上升中回调 + 站上MA5,1103,0.1355,0.1501,0.903,0.5621,0.5871,-0.025,L2
1卖,上升中回调 + 站上MA13,1111,0.1364,0.1513,0.901,0.5617,0.5871,-0.0254,L2
1卖,上升中回调 + 站上MA34,1117,0.1373,0.152,0.903,0.5622,0.5871,-0.0248,L2
1卖,上升中回调 + 站上MA55,1117,0.1373,0.152,0.903,0.5622,0.5871,-0.0248,L2
1卖,上升中回调 + 站上MA89,1071,0.1314,0.1461,0.899,0.5612,0.5871,-0.0259,L2
1卖,上升中回调 + 站上MA144,935,0.1137,0.129,0.881,0.5561,0.5871,-0.0309,L2
1卖,上升中回调 + 站上MA233,760,0.0944,0.1019,0.926,0.5684,0.5871,-0.0186,L2
1卖,上升中回调 + 斐波短中多头,943,0.1165,0.1274,0.914,0.5652,0.5871,-0.0218,L2
1卖,上升中回调 + 斐波长多头,343,0.047,0.0398,1.181,0.6268,0.5871,0.0398,L2
1卖,上升中回调 + 斐波全多头,293,0.0389,0.0357,1.089,0.6075,0.5871,0.0204,L2
1卖,上升中回调 + MA55上穿MA89,80,0.0105,0.0099,1.055,0.6,0.5871,0.0129,L2
1卖,上升中回调 + 放量,1043,0.1294,0.1401,0.923,0.5676,0.5871,-0.0195,L2
1卖,上升中回调 + 缩量,774,0.0944,0.1063,0.888,0.5581,0.5871,-0.0289,L2
1卖,上升中回调 + 量比大于1,1074,0.1322,0.1457,0.907,0.5633,0.5871,-0.0238,L2
1卖,上升中回调 + 量比大于1_3,954,0.1222,0.1227,0.995,0.586,0.5871,-0.0011,L2
1卖,上升中回调 + 量比大于2,608,0.0809,0.074,1.094,0.6086,0.5871,0.0215,L2
1卖,上升中回调 + 量能递增,1006,0.1257,0.1339,0.938,0.5716,0.5871,-0.0155,L2
1卖,上升中回调 + 价涨量增,943,0.1167,0.1271,0.918,0.5663,0.5871,-0.0208,L2
1卖,上升中回调 + 价涨量缩,526,0.0625,0.0746,0.838,0.5437,0.5871,-0.0433,L2
1卖,上升中回调 + MACD_DIF大于0,1110,0.136,0.1516,0.897,0.5604,0.5871,-0.0267,L2
1卖,上升中回调 + MACD金叉态,983,0.1248,0.128,0.975,0.5809,0.5871,-0.0062,L2
1卖,上升中回调 + MACD柱递增,847,0.1082,0.1094,0.989,0.5844,0.5871,-0.0026,L2
1卖,上升中回调 + MACD零轴上金叉,456,0.0579,0.0594,0.976,0.5811,0.5871,-0.0059,L2
1卖,上升中回调 + MACD底背离,54,0.0083,0.005,1.671,0.7037,0.5871,0.1166,L2
1卖,上升中回调 + BOLL收上中轨,1115,0.137,0.1516,0.904,0.5623,0.5871,-0.0247,L2
1卖,上升中回调 + BOLL突破上轨,552,0.0743,0.0659,1.128,0.6159,0.5871,0.0289,L2
1卖,上升中回调 + BOLL触下轨反弹,107,0.0136,0.014,0.969,0.5794,0.5871,-0.0076,L2
1卖,上升中回调 + BOLL开口扩张,1008,0.1266,0.1333,0.949,0.5744,0.5871,-0.0127,L2
1卖,上升中回调 + KDJ金叉态,1020,0.1259,0.138,0.913,0.5647,0.5871,-0.0224,L2
1卖,上升中回调 + KDJ_J超卖,591,0.0737,0.0789,0.933,0.5702,0.5871,-0.0168,L2
1卖,上升中回调 + KDJ_D小于30,60,0.0092,0.0056,1.641,0.7,0.5871,0.1129,L2
1卖,上升中回调 + RSI6大于50,1113,0.1364,0.152,0.898,0.5606,0.5871,-0.0264,L2
1卖,上升中回调 + RSI金叉,618,0.0767,0.083,0.925,0.568,0.5871,-0.0191,L2
1卖,上升中回调 + RSI6超卖,77,0.0083,0.0121,0.685,0.4935,0.5871,-0.0936,L2
1卖,上升中回调 + 威科夫得分大于4,940,0.1137,0.1305,0.871,0.5532,0.5871,-0.0339,L2
1卖,上升中回调 + 威科夫得分大于7,754,0.0914,0.1044,0.875,0.5544,0.5871,-0.0327,L2
1卖,上升中回调 + 黄金柱,129,0.0151,0.0186,0.809,0.5349,0.5871,-0.0522,L2
1卖,上升中回调 + 量能金叉,443,0.0542,0.0606,0.895,0.5598,0.5871,-0.0272,L2
1卖,上升中回调 + 六脉红灯大于5,1004,0.1268,0.1318,0.962,0.5777,0.5871,-0.0094,L2
1卖,上升中回调 + 六脉红灯大于6,935,0.1198,0.1203,0.996,0.5861,0.5871,-0.001,L2
1卖,上升中回调 + 六脉6红首发,935,0.1198,0.1203,0.996,0.5861,0.5871,-0.001,L2
1卖,上升中回调 + 六脉5红首发,1004,0.1268,0.1318,0.962,0.5777,0.5871,-0.0094,L2
1卖,上升中回调 + 偏多共振,684,0.0877,0.0879,0.997,0.5863,0.5871,-0.0008,L2
1卖,上升中回调 + 多头共振,683,0.0874,0.0879,0.994,0.5857,0.5871,-0.0014,L2
1卖,上升中回调 + 火箭信号,182,0.0304,0.0134,2.274,0.7637,0.5871,0.1767,L2
1卖,上升中回调 + 纳财,135,0.0162,0.019,0.853,0.5481,0.5871,-0.0389,L2
1卖,上升中回调 + 中枢进机会区,66,0.0107,0.0053,2.027,0.7424,0.5871,0.1554,L2
1卖,上升中回调 + 中枢上穿中轴,263,0.0367,0.0295,1.244,0.6388,0.5871,0.0517,L2
1卖,上升中回调 + 大盘多头,598,0.0726,0.0827,0.878,0.5552,0.5871,-0.0319,L2
1卖,上升中回调 + 大盘空头,318,0.0413,0.0401,1.031,0.5943,0.5871,0.0073,L2
1卖,上升中回调 + 大盘安全,813,0.1021,0.1075,0.949,0.5744,0.5871,-0.0126,L2
1卖,上升中回调 + SID等于1,598,0.0726,0.0827,0.878,0.5552,0.5871,-0.0319,L2
1卖,上升中回调 + SID等于2,710,0.0892,0.0938,0.95,0.5746,0.5871,-0.0124,L2
1卖,上升中回调 + SID小于等于2,974,0.1198,0.1324,0.905,0.5626,0.5871,-0.0244,L2
1卖,上升中回调 + 大盘5日上涨,893,0.1119,0.1184,0.945,0.5733,0.5871,-0.0137,L2
1卖,上升中回调 + 相对强弱大于0,1065,0.1331,0.1417,0.939,0.5718,0.5871,-0.0152,L2
1卖,上升中回调 + 相对强弱大于5,712,0.097,0.0833,1.165,0.6236,0.5871,0.0365,L2
1卖,上升中回调 + 量比>=1.3,628,0.082,0.0786,1.043,0.5971,0.5871,0.0101,L2
1卖,上升中回调 + 量比>=2,325,0.0463,0.0351,1.32,0.6523,0.5871,0.0652,L2
1卖,上升中回调 + 距前高<=10%,974,0.1141,0.1405,0.812,0.5359,0.5871,-0.0511,L2
1卖,上升中回调 + 相对强弱>=0,962,0.1209,0.1271,0.951,0.5748,0.5871,-0.0122,L2
1卖,上升中回调 + 相对强弱>=5,524,0.0726,0.0597,1.216,0.6336,0.5871,0.0465,L2
1卖,突破前高 + 站上MA5,4084,0.567,0.463,1.225,0.6352,0.5871,0.0481,L2
1卖,突破前高 + 站上MA13,4084,0.567,0.463,1.225,0.6352,0.5871,0.0481,L2
1卖,突破前高 + 站上MA34,4084,0.567,0.463,1.225,0.6352,0.5871,0.0481,L2
1卖,突破前高 + 站上MA55,4069,0.565,0.4612,1.225,0.6353,0.5871,0.0482,L2
1卖,突破前高 + 站上MA89,3913,0.5401,0.4481,1.205,0.6315,0.5871,0.0444,L2
1卖,突破前高 + 站上MA144,3562,0.4907,0.4093,1.199,0.6303,0.5871,0.0432,L2
1卖,突破前高 + 站上MA233,2937,0.4157,0.3216,1.293,0.6476,0.5871,0.0605,L2
1卖,突破前高 + 斐波短中多头,3214,0.4483,0.3614,1.24,0.6381,0.5871,0.0511,L2
1卖,突破前高 + 斐波长多头,1042,0.1596,0.097,1.646,0.7006,0.5871,0.1135,L2
1卖,突破前高 + 斐波全多头,892,0.1355,0.0845,1.603,0.6951,0.5871,0.108,L2
1卖,突破前高 + MA55上穿MA89,366,0.0518,0.0401,1.292,0.6475,0.5871,0.0605,L2
1卖,突破前高 + 放量,4002,0.5576,0.4509,1.237,0.6374,0.5871,0.0504,L2
1卖,突破前高 + 缩量,1980,0.2632,0.2411,1.091,0.6081,0.5871,0.021,L2
1卖,突破前高 + 量比大于1,4029,0.5593,0.4568,1.224,0.6351,0.5871,0.0481,L2
1卖,突破前高 + 量比大于1_3,3687,0.5163,0.4117,1.254,0.6406,0.5871,0.0536,L2
1卖,突破前高 + 量比大于2,2668,0.3803,0.2884,1.319,0.6522,0.5871,0.0651,L2
1卖,突破前高 + 量能递增,3972,0.5556,0.4444,1.25,0.64,0.5871,0.0529,L2
1卖,突破前高 + 价涨量增,3900,0.5425,0.4406,1.231,0.6364,0.5871,0.0493,L2
1卖,突破前高 + 价涨量缩,2202,0.3001,0.2576,1.165,0.6235,0.5871,0.0365,L2
1卖,突破前高 + MACD_DIF大于0,4084,0.567,0.463,1.225,0.6352,0.5871,0.0481,L2
1卖,突破前高 + MACD金叉态,4066,0.5657,0.4593,1.232,0.6365,0.5871,0.0494,L2
1卖,突破前高 + MACD柱递增,3755,0.527,0.4177,1.262,0.6421,0.5871,0.055,L2
1卖,突破前高 + MACD零轴上金叉,730,0.1032,0.0802,1.287,0.6466,0.5871,0.0595,L2
1卖,突破前高 + BOLL收上中轨,4084,0.567,0.463,1.225,0.6352,0.5871,0.0481,L2
1卖,突破前高 + BOLL突破上轨,3631,0.5183,0.3915,1.324,0.653,0.5871,0.0659,L2
1卖,突破前高 + BOLL触下轨反弹,65,0.0094,0.0068,1.375,0.6615,0.5871,0.0745,L2
1卖,突破前高 + BOLL开口扩张,4010,0.5609,0.4487,1.25,0.6399,0.5871,0.0528,L2
1卖,突破前高 + KDJ金叉态,4019,0.5591,0.454,1.232,0.6365,0.5871,0.0494,L2
1卖,突破前高 + KDJ_J超卖,473,0.0693,0.0485,1.429,0.6702,0.5871,0.0831,L2
1卖,突破前高 + RSI6大于50,4084,0.567,0.463,1.225,0.6352,0.5871,0.0481,L2
1卖,突破前高 + RSI金叉,1122,0.1504,0.1349,1.115,0.6132,0.5871,0.0261,L2
1卖,突破前高 + RSI6超卖,50,0.0077,0.0047,1.641,0.7,0.5871,0.1129,L2
1卖,突破前高 + 威科夫得分大于4,3461,0.4772,0.3971,1.201,0.6307,0.5871,0.0437,L2
1卖,突破前高 + 威科夫得分大于7,3095,0.4323,0.3471,1.246,0.6391,0.5871,0.052,L2
1卖,突破前高 + 黄金柱,236,0.0293,0.0317,0.924,0.5678,0.5871,-0.0193,L2
1卖,突破前高 + 量能金叉,1215,0.1604,0.1495,1.073,0.6041,0.5871,0.017,L2
1卖,突破前高 + 六脉红灯大于5,4029,0.5615,0.4537,1.238,0.6376,0.5871,0.0506,L2
1卖,突破前高 + 六脉红灯大于6,3961,0.5523,0.4456,1.24,0.638,0.5871,0.0509,L2
1卖,突破前高 + 六脉6红首发,3961,0.5523,0.4456,1.24,0.638,0.5871,0.0509,L2
1卖,突破前高 + 六脉5红首发,4029,0.5615,0.4537,1.238,0.6376,0.5871,0.0506,L2
1卖,突破前高 + 偏多共振,2328,0.337,0.2443,1.38,0.6624,0.5871,0.0753,L2
1卖,突破前高 + 多头共振,2327,0.3368,0.2443,1.379,0.6622,0.5871,0.0752,L2
1卖,突破前高 + 火箭信号,1412,0.2221,0.1231,1.805,0.7195,0.5871,0.1325,L2
1卖,突破前高 + 二连板,400,0.0669,0.0292,2.29,0.765,0.5871,0.1779,L2
1卖,突破前高 + 二次涨停,246,0.0409,0.0183,2.229,0.7602,0.5871,0.1731,L2
1卖,突破前高 + 纳财,643,0.0868,0.0764,1.135,0.6174,0.5871,0.0304,L2
1卖,突破前高 + 中枢进机会区,84,0.0151,0.0047,3.236,0.8214,0.5871,0.2344,L2
1卖,突破前高 + 中枢上穿中轴,585,0.0852,0.0606,1.407,0.6667,0.5871,0.0796,L2
1卖,突破前高 + 中枢底部蓄力,82,0.0131,0.0068,1.918,0.7317,0.5871,0.1446,L2
1卖,突破前高 + 中枢底部回升,138,0.021,0.0131,1.608,0.6957,0.5871,0.1086,L2
1卖,突破前高 + 大盘多头,2443,0.3296,0.2906,1.134,0.6173,0.5871,0.0302,L2
1卖,突破前高 + 大盘空头,998,0.1464,0.1019,1.437,0.6713,0.5871,0.0843,L2
1卖,突破前高 + 大盘安全,3313,0.4573,0.3794,1.205,0.6315,0.5871,0.0444,L2
1卖,突破前高 + SID等于1,2443,0.3296,0.2906,1.134,0.6173,0.5871,0.0302,L2
1卖,突破前高 + SID等于2,2473,0.3478,0.2741,1.269,0.6433,0.5871,0.0563,L2
1卖,突破前高 + SID小于等于2,3714,0.5134,0.4242,1.21,0.6325,0.5871,0.0454,L2
1卖,突破前高 + 大盘5日上涨,3610,0.5027,0.4071,1.235,0.6371,0.5871,0.0501,L2
1卖,突破前高 + 相对强弱大于0,3989,0.5563,0.4487,1.24,0.638,0.5871,0.0509,L2
1卖,突破前高 + 相对强弱大于5,3625,0.5172,0.3912,1.322,0.6527,0.5871,0.0656,L2
1卖,突破前高 + 量比>=1.3,2464,0.3528,0.2641,1.336,0.655,0.5871,0.068,L2
1卖,突破前高 + 量比>=2,1504,0.2205,0.1538,1.434,0.6709,0.5871,0.0838,L2
1卖,突破前高 + 距前高<=10%,3625,0.4951,0.4226,1.171,0.6248,0.5871,0.0378,L2
1卖,突破前高 + 相对强弱>=0,3915,0.5475,0.4382,1.25,0.6398,0.5871,0.0528,L2
1卖,突破前高 + 相对强弱>=5,3299,0.4756,0.349,1.363,0.6596,0.5871,0.0725,L2
1卖,站上MA5 + 站上MA13,7763,0.9963,0.996,1.0,0.5871,0.5871,0.0001,L2
1卖,站上MA5 + 站上MA34,7760,0.9954,0.9963,0.999,0.5869,0.5871,-0.0002,L2
1卖,站上MA5 + 站上MA55,7684,0.9869,0.9848,1.002,0.5876,0.5871,0.0005,L2
1卖,站上MA5 + 站上MA89,7188,0.9277,0.9149,1.014,0.5904,0.5871,0.0034,L2
1卖,站上MA5 + 站上MA144,6290,0.8216,0.7865,1.045,0.5976,0.5871,0.0105,L2
1卖,站上MA5 + 站上MA233,5093,0.6826,0.6122,1.115,0.6132,0.5871,0.0261,L2
1卖,站上MA5 + 斐波短中多头,5564,0.7285,0.6933,1.051,0.599,0.5871,0.012,L2
1卖,站上MA5 + 斐波长多头,1861,0.2682,0.197,1.361,0.6593,0.5871,0.0723,L2
1卖,站上MA5 + 斐波全多头,1504,0.2144,0.1625,1.319,0.6523,0.5871,0.0652,L2
1卖,站上MA5 + MA55上穿MA89,569,0.0778,0.0662,1.176,0.6257,0.5871,0.0386,L2
1卖,站上MA5 + 放量,7352,0.951,0.9326,1.02,0.5918,0.5871,0.0047,L2
1卖,站上MA5 + 缩量,4563,0.5593,0.6227,0.898,0.5608,0.5871,-0.0263,L2
1卖,站上MA5 + 量比大于1,7501,0.9663,0.9571,1.01,0.5894,0.5871,0.0023,L2
1卖,站上MA5 + 量比大于1_3,6530,0.852,0.8179,1.042,0.5969,0.5871,0.0099,L2
1卖,站上MA5 + 量比大于2,4279,0.5744,0.5131,1.12,0.6142,0.5871,0.0271,L2
1卖,站上MA5 + 量能递增,7324,0.9521,0.9223,1.032,0.5948,0.5871,0.0077,L2
1卖,站上MA5 + 价涨量增,6966,0.9027,0.8813,1.024,0.5929,0.5871,0.0058,L2
1卖,站上MA5 + 价涨量缩,4463,0.5611,0.5892,0.952,0.5752,0.5871,-0.0119,L2
1卖,站上MA5 + MACD_DIF大于0,7621,0.9797,0.9755,1.004,0.5881,0.5871,0.001,L2
1卖,站上MA5 + MACD金叉态,7601,0.9812,0.9671,1.015,0.5906,0.5871,0.0035,L2
1卖,站上MA5 + MACD柱递增,6676,0.8743,0.8316,1.051,0.5992,0.5871,0.0121,L2
1卖,站上MA5 + MACD零轴上金叉,1406,0.1875,0.1703,1.101,0.6102,0.5871,0.0232,L2
1卖,站上MA5 + MACD底背离,132,0.0195,0.0134,1.456,0.6742,0.5871,0.0872,L2
1卖,站上MA5 + BOLL收上中轨,7763,0.9961,0.9963,1.0,0.587,0.5871,-0.0,L2
1卖,站上MA5 + BOLL突破上轨,5277,0.7259,0.6078,1.194,0.6293,0.5871,0.0423,L2
1卖,站上MA5 + BOLL触下轨反弹,201,0.0267,0.0245,1.086,0.607,0.5871,0.0199,L2
1卖,站上MA5 + BOLL开口扩张,7452,0.9655,0.9431,1.024,0.5927,0.5871,0.0057,L2
1卖,站上MA5 + KDJ金叉态,7397,0.9554,0.9403,1.016,0.5909,0.5871,0.0038,L2
1卖,站上MA5 + KDJ_J超卖,1230,0.158,0.1576,1.003,0.5878,0.5871,0.0007,L2
1卖,站上MA5 + KDJ_D小于30,192,0.0271,0.0211,1.283,0.6458,0.5871,0.0588,L2
1卖,站上MA5 + RSI6大于50,7765,0.9963,0.9966,1.0,0.587,0.5871,-0.0001,L2
1卖,站上MA5 + RSI金叉,2503,0.318,0.3257,0.977,0.5813,0.5871,-0.0058,L2
1卖,站上MA5 + RSI6超卖,190,0.0234,0.0258,0.907,0.5632,0.5871,-0.0239,L2
1卖,站上MA5 + RSI底背离,100,0.0149,0.0099,1.495,0.68,0.5871,0.0929,L2
1卖,站上MA5 + 威科夫得分大于4,6198,0.7954,0.7952,1.0,0.5871,0.5871,0.0001,L2
1卖,站上MA5 + 威科夫得分大于7,5227,0.6846,0.651,1.052,0.5992,0.5871,0.0121,L2
1卖,站上MA5 + 积累阶段,199,0.0181,0.036,0.503,0.4171,0.5871,-0.17,L2
1卖,站上MA5 + 威科夫B1突破,127,0.0138,0.0199,0.692,0.4961,0.5871,-0.091,L2
1卖,站上MA5 + 黄金柱,525,0.0612,0.0761,0.804,0.5333,0.5871,-0.0537,L2
1卖,站上MA5 + 量能金叉,2399,0.2931,0.3288,0.892,0.559,0.5871,-0.0281,L2
1卖,站上MA5 + 六脉红灯大于5,7425,0.9609,0.9413,1.021,0.5921,0.5871,0.005,L2
1卖,站上MA5 + 六脉红灯大于6,7145,0.9298,0.8984,1.035,0.5954,0.5871,0.0083,L2
1卖,站上MA5 + 六脉6红首发,7145,0.9298,0.8984,1.035,0.5954,0.5871,0.0083,L2
1卖,站上MA5 + 六脉5红首发,7425,0.9609,0.9413,1.021,0.5921,0.5871,0.005,L2
1卖,站上MA5 + 偏多共振,3984,0.5449,0.4633,1.176,0.6258,0.5871,0.0387,L2
1卖,站上MA5 + 多头共振,3980,0.5445,0.4627,1.177,0.6259,0.5871,0.0388,L2
1卖,站上MA5 + 火箭信号,1781,0.2739,0.1641,1.669,0.7035,0.5871,0.1165,L2
1卖,站上MA5 + 二连板,437,0.073,0.032,2.281,0.7643,0.5871,0.1772,L2
1卖,站上MA5 + 二次涨停,331,0.054,0.0261,2.068,0.7462,0.5871,0.1592,L2
1卖,站上MA5 + 纳财,933,0.1193,0.1203,0.992,0.5852,0.5871,-0.0019,L2
1卖,站上MA5 + 中枢进机会区,207,0.0326,0.018,1.807,0.7198,0.5871,0.1327,L2
1卖,站上MA5 + 中枢极限底,100,0.0155,0.009,1.722,0.71,0.5871,0.1229,L2
1卖,站上MA5 + 中枢上穿中轴,1424,0.1923,0.169,1.138,0.618,0.5871,0.0309,L2
1卖,站上MA5 + 中枢底部蓄力,211,0.0323,0.0196,1.652,0.7014,0.5871,0.1144,L2
1卖,站上MA5 + 中枢底部回升,363,0.0518,0.0392,1.323,0.6529,0.5871,0.0658,L2
1卖,站上MA5 + 大盘多头,4409,0.5519,0.5855,0.943,0.5727,0.5871,-0.0144,L2
1卖,站上MA5 + 大盘空头,2109,0.2833,0.2526,1.121,0.6145,0.5871,0.0274,L2
1卖,站上MA5 + 大盘安全,6181,0.7952,0.7902,1.006,0.5886,0.5871,0.0015,L2
1卖,站上MA5 + SID等于1,4409,0.5519,0.5855,0.943,0.5727,0.5871,-0.0144,L2
1卖,站上MA5 + SID等于2,4588,0.6081,0.5612,1.084,0.6064,0.5871,0.0193,L2
1卖,站上MA5 + SID小于等于2,6952,0.8922,0.8919,1.0,0.5872,0.5871,0.0001,L2
1卖,站上MA5 + 大盘5日上涨,6839,0.8813,0.8723,1.01,0.5896,0.5871,0.0025,L2
1卖,站上MA5 + 相对强弱大于0,7546,0.9736,0.9608,1.013,0.5902,0.5871,0.0032,L2
1卖,站上MA5 + 相对强弱大于5,6272,0.8437,0.7495,1.126,0.6154,0.5871,0.0284,L2
1卖,站上MA5 + 量比>=1.3,4113,0.5563,0.4873,1.142,0.6188,0.5871,0.0317,L2
1卖,站上MA5 + 量比>=2,2265,0.3183,0.2514,1.266,0.6428,0.5871,0.0558,L2
1卖,站上MA5 + 距前高<=10%,6794,0.8623,0.8853,0.974,0.5807,0.5871,-0.0064,L2
1卖,站上MA5 + 距前低<=10%,301,0.0284,0.0531,0.535,0.4319,0.5871,-0.1552,L2
1卖,站上MA5 + 相对强弱>=0,7254,0.941,0.9164,1.027,0.5935,0.5871,0.0064,L2
1卖,站上MA5 + 相对强弱>=5,5427,0.7421,0.6314,1.175,0.6256,0.5871,0.0385,L2
1卖,站上MA13 + 站上MA34,7778,0.9978,0.9984,0.999,0.5869,0.5871,-0.0002,L2
1卖,站上MA13 + 站上MA55,7701,0.9891,0.9869,1.002,0.5876,0.5871,0.0005,L2
1卖,站上MA13 + 站上MA89,7204,0.9296,0.917,1.014,0.5904,0.5871,0.0033,L2
1卖,站上MA13 + 站上MA144,6300,0.823,0.7878,1.045,0.5976,0.5871,0.0106,L2
1卖,站上MA13 + 站上MA233,5099,0.6835,0.6128,1.115,0.6133,0.5871,0.0262,L2
1卖,站上MA13 + 斐波短中多头,5579,0.7303,0.6955,1.05,0.5989,0.5871,0.0118,L2
1卖,站上MA13 + 斐波长多头,1868,0.2691,0.1979,1.359,0.659,0.5871,0.0719,L2
1卖,站上MA13 + 斐波全多头,1509,0.2151,0.1631,1.318,0.6521,0.5871,0.065,L2
1卖,站上MA13 + MA55上穿MA89,569,0.0778,0.0662,1.176,0.6257,0.5871,0.0386,L2
1卖,站上MA13 + 放量,7359,0.9521,0.9332,1.02,0.5919,0.5871,0.0049,L2
1卖,站上MA13 + 缩量,4578,0.5615,0.6243,0.899,0.5612,0.5871,-0.0259,L2
1卖,站上MA13 + 量比大于1,7509,0.9679,0.9574,1.011,0.5897,0.5871,0.0026,L2
1卖,站上MA13 + 量比大于1_3,6531,0.8527,0.8173,1.043,0.5973,0.5871,0.0102,L2
1卖,站上MA13 + 量比大于2,4279,0.5746,0.5127,1.121,0.6144,0.5871,0.0273,L2
1卖,站上MA13 + 量能递增,7339,0.9541,0.9242,1.032,0.5948,0.5871,0.0077,L2
1卖,站上MA13 + 价涨量增,6971,0.9038,0.8813,1.026,0.5932,0.5871,0.0061,L2
1卖,站上MA13 + 价涨量缩,4480,0.5635,0.5911,0.953,0.5754,0.5871,-0.0116,L2
1卖,站上MA13 + MACD_DIF大于0,7639,0.9821,0.9776,1.005,0.5882,0.5871,0.0011,L2
1卖,站上MA13 + MACD金叉态,7621,0.9838,0.9695,1.015,0.5906,0.5871,0.0035,L2
1卖,站上MA13 + MACD柱递增,6674,0.8743,0.831,1.052,0.5993,0.5871,0.0123,L2
1卖,站上MA13 + MACD零轴上金叉,1406,0.1875,0.1703,1.101,0.6102,0.5871,0.0232,L2
1卖,站上MA13 + MACD底背离,131,0.0195,0.0131,1.491,0.6794,0.5871,0.0923,L2
1卖,站上MA13 + BOLL收上中轨,7782,0.9985,0.9988,1.0,0.587,0.5871,-0.0001,L2
1卖,站上MA13 + BOLL突破上轨,5277,0.7259,0.6078,1.194,0.6293,0.5871,0.0423,L2
1卖,站上MA13 + BOLL触下轨反弹,199,0.0267,0.0239,1.114,0.6131,0.5871,0.026,L2
1卖,站上MA13 + BOLL开口扩张,7464,0.967,0.9447,1.024,0.5927,0.5871,0.0056,L2
1卖,站上MA13 + KDJ金叉态,7404,0.9569,0.9403,1.018,0.5913,0.5871,0.0042,L2
1卖,站上MA13 + KDJ_J超卖,1238,0.1589,0.1588,1.001,0.5872,0.5871,0.0002,L2
1卖,站上MA13 + KDJ_D小于30,189,0.0269,0.0205,1.311,0.6508,0.5871,0.0637,L2
1卖,站上MA13 + RSI6大于50,7784,0.9989,0.9988,1.0,0.5871,0.5871,0.0,L2
1卖,站上MA13 + RSI金叉,2505,0.3187,0.3254,0.98,0.582,0.5871,-0.005,L2
1卖,站上MA13 + RSI6超卖,190,0.0234,0.0258,0.907,0.5632,0.5871,-0.0239,L2
1卖,站上MA13 + RSI底背离,99,0.0149,0.0096,1.543,0.6869,0.5871,0.0998,L2
1卖,站上MA13 + 威科夫得分大于4,6210,0.7969,0.7968,1.0,0.5871,0.5871,0.0001,L2
1卖,站上MA13 + 威科夫得分大于7,5234,0.6855,0.652,1.051,0.5992,0.5871,0.0121,L2
1卖,站上MA13 + 积累阶段,197,0.0181,0.0354,0.512,0.4213,0.5871,-0.1657,L2
1卖,站上MA13 + 威科夫B1突破,127,0.0138,0.0199,0.692,0.4961,0.5871,-0.091,L2
1卖,站上MA13 + 黄金柱,524,0.0612,0.0758,0.807,0.5344,0.5871,-0.0527,L2
1卖,站上MA13 + 量能金叉,2399,0.2931,0.3288,0.892,0.559,0.5871,-0.0281,L2
1卖,站上MA13 + 六脉红灯大于5,7430,0.962,0.9413,1.022,0.5923,0.5871,0.0053,L2
1卖,站上MA13 + 六脉红灯大于6,7147,0.9301,0.8987,1.035,0.5954,0.5871,0.0083,L2
1卖,站上MA13 + 六脉6红首发,7147,0.9301,0.8987,1.035,0.5954,0.5871,0.0083,L2
1卖,站上MA13 + 六脉5红首发,7430,0.962,0.9413,1.022,0.5923,0.5871,0.0053,L2
1卖,站上MA13 + 偏多共振,3991,0.546,0.464,1.177,0.6259,0.5871,0.0388,L2
1卖,站上MA13 + 多头共振,3987,0.5456,0.4633,1.178,0.626,0.5871,0.039,L2
1卖,站上MA13 + 火箭信号,1781,0.2739,0.1641,1.669,0.7035,0.5871,0.1165,L2
1卖,站上MA13 + 二连板,437,0.073,0.032,2.281,0.7643,0.5871,0.1772,L2
1卖,站上MA13 + 二次涨停,331,0.054,0.0261,2.068,0.7462,0.5871,0.1592,L2
1卖,站上MA13 + 纳财,933,0.1193,0.1203,0.992,0.5852,0.5871,-0.0019,L2
1卖,站上MA13 + 中枢进机会区,207,0.0326,0.018,1.807,0.7198,0.5871,0.1327,L2
1卖,站上MA13 + 中枢极限底,99,0.0155,0.0087,1.784,0.7172,0.5871,0.1301,L2
1卖,站上MA13 + 中枢上穿中轴,1427,0.1926,0.1697,1.135,0.6174,0.5871,0.0303,L2
1卖,站上MA13 + 中枢底部蓄力,211,0.0323,0.0196,1.652,0.7014,0.5871,0.1144,L2
1卖,站上MA13 + 中枢底部回升,362,0.0518,0.0388,1.334,0.6547,0.5871,0.0676,L2
1卖,站上MA13 + 大盘多头,4419,0.5534,0.5864,0.944,0.573,0.5871,-0.0141,L2
1卖,站上MA13 + 大盘空头,2113,0.2835,0.2536,1.118,0.6138,0.5871,0.0268,L2
1卖,站上MA13 + 大盘安全,6195,0.7976,0.7912,1.008,0.589,0.5871,0.002,L2
1卖,站上MA13 + SID等于1,4419,0.5534,0.5864,0.944,0.573,0.5871,-0.0141,L2
1卖,站上MA13 + SID等于2,4594,0.609,0.5618,1.084,0.6064,0.5871,0.0194,L2
1卖,站上MA13 + SID小于等于2,6967,0.8946,0.8931,1.002,0.5875,0.5871,0.0004,L2
1卖,站上MA13 + 大盘5日上涨,6853,0.8835,0.8735,1.011,0.5898,0.5871,0.0027,L2
1卖,站上MA13 + 相对强弱大于0,7565,0.976,0.9633,1.013,0.5902,0.5871,0.0032,L2
1卖,站上MA13 + 相对强弱大于5,6284,0.8457,0.7505,1.127,0.6157,0.5871,0.0286,L2
1卖,站上MA13 + 量比>=1.3,4112,0.5565,0.4866,1.144,0.6192,0.5871,0.0321,L2
1卖,站上MA13 + 量比>=2,2264,0.3183,0.2511,1.267,0.6431,0.5871,0.056,L2
1卖,站上MA13 + 距前高<=10%,6807,0.864,0.8869,0.974,0.5807,0.5871,-0.0063,L2
1卖,站上MA13 + 距前低<=10%,300,0.0284,0.0528,0.538,0.4333,0.5871,-0.1537,L2
1卖,站上MA13 + 相对强弱>=0,7271,0.9432,0.9186,1.027,0.5935,0.5871,0.0064,L2
1卖,站上MA13 + 相对强弱>=5,5436,0.7434,0.6324,1.176,0.6256,0.5871,0.0386,L2
1卖,站上MA34 + 站上MA55,7705,0.9897,0.9873,1.002,0.5877,0.5871,0.0006,L2
1卖,站上MA34 + 站上MA89,7209,0.9305,0.9173,1.014,0.5905,0.5871,0.0034,L2
1卖,站上MA34 + 站上MA144,6305,0.8238,0.7881,1.045,0.5978,0.5871,0.0107,L2
1卖,站上MA34 + 站上MA233,5103,0.6842,0.6131,1.116,0.6134,0.5871,0.0263,L2
1卖,站上MA34 + 斐波短中多头,5583,0.7311,0.6955,1.051,0.5991,0.5871,0.0121,L2
1卖,站上MA34 + 斐波长多头,1869,0.2693,0.1979,1.36,0.6592,0.5871,0.0721,L2
1卖,站上MA34 + 斐波全多头,1510,0.2153,0.1631,1.32,0.6523,0.5871,0.0653,L2
1卖,站上MA34 + MA55上穿MA89,568,0.0778,0.0659,1.181,0.6268,0.5871,0.0397,L2
1卖,站上MA34 + 放量,7359,0.9517,0.9338,1.019,0.5917,0.5871,0.0046,L2
1卖,站上MA34 + 缩量,4581,0.5617,0.6249,0.899,0.561,0.5871,-0.0261,L2
1卖,站上MA34 + 量比大于1,7507,0.9672,0.9577,1.01,0.5894,0.5871,0.0024,L2
1卖,站上MA34 + 量比大于1_3,6530,0.852,0.8179,1.042,0.5969,0.5871,0.0099,L2
1卖,站上MA34 + 量比大于2,4278,0.5742,0.5131,1.119,0.6141,0.5871,0.027,L2
1卖,站上MA34 + 量能递增,7339,0.9537,0.9248,1.031,0.5945,0.5871,0.0074,L2
1卖,站上MA34 + 价涨量增,6968,0.903,0.8816,1.024,0.5929,0.5871,0.0058,L2
1卖,站上MA34 + 价涨量缩,4483,0.5637,0.5917,0.953,0.5753,0.5871,-0.0118,L2
1卖,站上MA34 + MACD_DIF大于0,7646,0.983,0.9786,1.004,0.5882,0.5871,0.0011,L2
1卖,站上MA34 + MACD金叉态,7620,0.9836,0.9695,1.015,0.5906,0.5871,0.0035,L2
1卖,站上MA34 + MACD柱递增,6669,0.8732,0.831,1.051,0.599,0.5871,0.012,L2
1卖,站上MA34 + MACD零轴上金叉,1406,0.1875,0.1703,1.101,0.6102,0.5871,0.0232,L2
1卖,站上MA34 + MACD底背离,129,0.019,0.0131,1.457,0.6744,0.5871,0.0874,L2
1卖,站上MA34 + BOLL收上中轨,7782,0.9985,0.9988,1.0,0.587,0.5871,-0.0001,L2
1卖,站上MA34 + BOLL突破上轨,5277,0.7259,0.6078,1.194,0.6293,0.5871,0.0423,L2
1卖,站上MA34 + BOLL触下轨反弹,199,0.0262,0.0245,1.068,0.603,0.5871,0.0159,L2
1卖,站上MA34 + BOLL开口扩张,7466,0.967,0.9453,1.023,0.5926,0.5871,0.0055,L2
1卖,站上MA34 + KDJ金叉态,7400,0.9558,0.9406,1.016,0.5909,0.5871,0.0039,L2
1卖,站上MA34 + KDJ_J超卖,1244,0.1596,0.1597,0.999,0.5868,0.5871,-0.0002,L2
1卖,站上MA34 + KDJ_D小于30,190,0.0271,0.0205,1.322,0.6526,0.5871,0.0656,L2
1卖,站上MA34 + RSI6大于50,7780,0.9978,0.9991,0.999,0.5868,0.5871,-0.0003,L2
1卖,站上MA34 + RSI金叉,2504,0.318,0.326,0.976,0.5811,0.5871,-0.006,L2
1卖,站上MA34 + RSI6超卖,190,0.0234,0.0258,0.907,0.5632,0.5871,-0.0239,L2
1卖,站上MA34 + RSI底背离,97,0.0144,0.0096,1.498,0.6804,0.5871,0.0933,L2
1卖,站上MA34 + 威科夫得分大于4,6213,0.7974,0.7971,1.0,0.5872,0.5871,0.0001,L2
1卖,站上MA34 + 威科夫得分大于7,5236,0.6859,0.652,1.052,0.5993,0.5871,0.0122,L2
1卖,站上MA34 + 积累阶段,197,0.0179,0.0357,0.502,0.4162,0.5871,-0.1708,L2
1卖,站上MA34 + 威科夫B1突破,127,0.0138,0.0199,0.692,0.4961,0.5871,-0.091,L2
1卖,站上MA34 + 黄金柱,525,0.0612,0.0761,0.804,0.5333,0.5871,-0.0537,L2
1卖,站上MA34 + 量能金叉,2399,0.2931,0.3288,0.892,0.559,0.5871,-0.0281,L2
1卖,站上MA34 + 六脉红灯大于5,7425,0.9609,0.9413,1.021,0.5921,0.5871,0.005,L2
1卖,站上MA34 + 六脉红灯大于6,7141,0.929,0.8984,1.034,0.5952,0.5871,0.0081,L2
1卖,站上MA34 + 六脉6红首发,7141,0.929,0.8984,1.034,0.5952,0.5871,0.0081,L2
1卖,站上MA34 + 六脉5红首发,7425,0.9609,0.9413,1.021,0.5921,0.5871,0.005,L2
1卖,站上MA34 + 偏多共振,3996,0.5469,0.4643,1.178,0.6261,0.5871,0.0391,L2
1卖,站上MA34 + 多头共振,3992,0.5464,0.4636,1.179,0.6263,0.5871,0.0392,L2
1卖,站上MA34 + 火箭信号,1781,0.2739,0.1641,1.669,0.7035,0.5871,0.1165,L2
1卖,站上MA34 + 二连板,437,0.073,0.032,2.281,0.7643,0.5871,0.1772,L2
1卖,站上MA34 + 二次涨停,331,0.054,0.0261,2.068,0.7462,0.5871,0.1592,L2
1卖,站上MA34 + 纳财,933,0.1193,0.1203,0.992,0.5852,0.5871,-0.0019,L2
1卖,站上MA34 + 中枢进机会区,207,0.0326,0.018,1.807,0.7198,0.5871,0.1327,L2
1卖,站上MA34 + 中枢极限底,99,0.0155,0.0087,1.784,0.7172,0.5871,0.1301,L2
1卖,站上MA34 + 中枢上穿中轴,1424,0.1919,0.1697,1.131,0.6166,0.5871,0.0295,L2
1卖,站上MA34 + 中枢底部蓄力,210,0.0321,0.0196,1.641,0.7,0.5871,0.1129,L2
1卖,站上MA34 + 中枢底部回升,361,0.0516,0.0388,1.328,0.6537,0.5871,0.0667,L2
1卖,站上MA34 + 大盘多头,4420,0.5534,0.5867,0.943,0.5729,0.5871,-0.0142,L2
1卖,站上MA34 + 大盘空头,2113,0.2833,0.2539,1.116,0.6133,0.5871,0.0263,L2
1卖,站上MA34 + 大盘安全,6195,0.7974,0.7915,1.007,0.5889,0.5871,0.0018,L2
1卖,站上MA34 + SID等于1,4420,0.5534,0.5867,0.943,0.5729,0.5871,-0.0142,L2
1卖,站上MA34 + SID等于2,4594,0.6087,0.5622,1.083,0.6062,0.5871,0.0192,L2
1卖,站上MA34 + SID小于等于2,6967,0.8944,0.8934,1.001,0.5873,0.5871,0.0003,L2
1卖,站上MA34 + 大盘5日上涨,6854,0.8835,0.8738,1.011,0.5897,0.5871,0.0027,L2
1卖,站上MA34 + 相对强弱大于0,7565,0.9762,0.963,1.014,0.5904,0.5871,0.0033,L2
1卖,站上MA34 + 相对强弱大于5,6284,0.8457,0.7505,1.127,0.6157,0.5871,0.0286,L2
1卖,站上MA34 + 量比>=1.3,4111,0.5558,0.4873,1.141,0.6186,0.5871,0.0315,L2
1卖,站上MA34 + 量比>=2,2263,0.3178,0.2514,1.264,0.6425,0.5871,0.0554,L2
1卖,站上MA34 + 距前高<=10%,6807,0.8638,0.8872,0.974,0.5806,0.5871,-0.0065,L2
1卖,站上MA34 + 距前低<=10%,299,0.028,0.0531,0.527,0.4281,0.5871,-0.159,L2
1卖,站上MA34 + 相对强弱>=0,7269,0.943,0.9183,1.027,0.5935,0.5871,0.0064,L2
1卖,站上MA34 + 相对强弱>=5,5436,0.7434,0.6324,1.176,0.6256,0.5871,0.0386,L2
1卖,站上MA55 + 站上MA89,7208,0.9305,0.917,1.015,0.5906,0.5871,0.0035,L2
1卖,站上MA55 + 站上MA144,6304,0.8236,0.7881,1.045,0.5977,0.5871,0.0107,L2
1卖,站上MA55 + 站上MA233,5101,0.6839,0.6128,1.116,0.6134,0.5871,0.0263,L2
1卖,站上MA55 + 斐波短中多头,5583,0.7311,0.6955,1.051,0.5991,0.5871,0.0121,L2
1卖,站上MA55 + 斐波长多头,1869,0.2693,0.1979,1.36,0.6592,0.5871,0.0721,L2
1卖,站上MA55 + 斐波全多头,1510,0.2153,0.1631,1.32,0.6523,0.5871,0.0653,L2
1卖,站上MA55 + MA55上穿MA89,569,0.0778,0.0662,1.176,0.6257,0.5871,0.0386,L2
1卖,站上MA55 + 放量,7284,0.9432,0.9226,1.022,0.5924,0.5871,0.0053,L2
1卖,站上MA55 + 缩量,4526,0.5554,0.6168,0.9,0.5614,0.5871,-0.0256,L2
1卖,站上MA55 + 量比大于1,7432,0.9585,0.9469,1.012,0.59,0.5871,0.003,L2
1卖,站上MA55 + 量比大于1_3,6464,0.8448,0.8076,1.046,0.5979,0.5871,0.0109,L2
1卖,站上MA55 + 量比大于2,4236,0.5703,0.5056,1.128,0.6159,0.5871,0.0288,L2
1卖,站上MA55 + 量能递增,7266,0.9451,0.9142,1.034,0.5951,0.5871,0.008,L2
1卖,站上MA55 + 价涨量增,6896,0.8946,0.871,1.027,0.5935,0.5871,0.0065,L2
1卖,站上MA55 + 价涨量缩,4437,0.558,0.5855,0.953,0.5754,0.5871,-0.0117,L2
1卖,站上MA55 + MACD_DIF大于0,7601,0.9773,0.9727,1.005,0.5882,0.5871,0.0011,L2
1卖,站上MA55 + MACD金叉态,7542,0.9749,0.9577,1.018,0.5914,0.5871,0.0043,L2
1卖,站上MA55 + MACD柱递增,6601,0.866,0.8201,1.056,0.6002,0.5871,0.0131,L2
1卖,站上MA55 + MACD零轴上金叉,1401,0.1869,0.1697,1.101,0.6103,0.5871,0.0232,L2
1卖,站上MA55 + MACD底背离,125,0.0184,0.0127,1.441,0.672,0.5871,0.0849,L2
1卖,站上MA55 + BOLL收上中轨,7705,0.9897,0.9873,1.002,0.5877,0.5871,0.0006,L2
1卖,站上MA55 + BOLL突破上轨,5236,0.7211,0.6019,1.198,0.6301,0.5871,0.043,L2
1卖,站上MA55 + BOLL触下轨反弹,195,0.0262,0.0233,1.125,0.6154,0.5871,0.0283,L2
1卖,站上MA55 + BOLL开口扩张,7392,0.9589,0.9338,1.027,0.5935,0.5871,0.0064,L2
1卖,站上MA55 + KDJ金叉态,7323,0.9471,0.9291,1.019,0.5917,0.5871,0.0046,L2
1卖,站上MA55 + KDJ_J超卖,1230,0.158,0.1576,1.003,0.5878,0.5871,0.0007,L2
1卖,站上MA55 + KDJ_D小于30,184,0.0262,0.0199,1.319,0.6522,0.5871,0.0651,L2
1卖,站上MA55 + RSI6大于50,7703,0.9891,0.9876,1.002,0.5874,0.5871,0.0004,L2
1卖,站上MA55 + RSI金叉,2482,0.315,0.3235,0.974,0.5806,0.5871,-0.0065,L2
1卖,站上MA55 + RSI6超卖,180,0.0219,0.0249,0.879,0.5556,0.5871,-0.0315,L2
1卖,站上MA55 + RSI底背离,93,0.0138,0.0093,1.477,0.6774,0.5871,0.0904,L2
1卖,站上MA55 + 威科夫得分大于4,6203,0.7972,0.7943,1.004,0.5879,0.5871,0.0009,L2
1卖,站上MA55 + 威科夫得分大于7,5235,0.6859,0.6516,1.053,0.5994,0.5871,0.0124,L2
1卖,站上MA55 + 积累阶段,178,0.017,0.0311,0.549,0.4382,0.5871,-0.1489,L2
1卖,站上MA55 + 威科夫B1突破,122,0.0138,0.0183,0.751,0.5164,0.5871,-0.0707,L2
1卖,站上MA55 + 黄金柱,516,0.0608,0.074,0.822,0.5388,0.5871,-0.0483,L2
1卖,站上MA55 + 量能金叉,2385,0.2918,0.3263,0.894,0.5597,0.5871,-0.0273,L2
1卖,站上MA55 + 六脉红灯大于5,7348,0.9521,0.9298,1.024,0.5928,0.5871,0.0057,L2
1卖,站上MA55 + 六脉红灯大于6,7064,0.9202,0.8869,1.038,0.596,0.5871,0.0089,L2
1卖,站上MA55 + 六脉6红首发,7064,0.9202,0.8869,1.038,0.596,0.5871,0.0089,L2
1卖,站上MA55 + 六脉5红首发,7348,0.9521,0.9298,1.024,0.5928,0.5871,0.0057,L2
1卖,站上MA55 + 偏多共振,3996,0.5469,0.4643,1.178,0.6261,0.5871,0.0391,L2
1卖,站上MA55 + 多头共振,3992,0.5464,0.4636,1.179,0.6263,0.5871,0.0392,L2
1卖,站上MA55 + 火箭信号,1768,0.2726,0.1619,1.684,0.7053,0.5871,0.1183,L2
1卖,站上MA55 + 二连板,434,0.0726,0.0317,2.289,0.765,0.5871,0.1779,L2
1卖,站上MA55 + 二次涨停,330,0.0538,0.0261,2.06,0.7455,0.5871,0.1584,L2
1卖,站上MA55 + 纳财,923,0.1185,0.1184,1.001,0.5872,0.5871,0.0002,L2
1卖,站上MA55 + 中枢进机会区,196,0.0306,0.0174,1.758,0.7143,0.5871,0.1272,L2
1卖,站上MA55 + 中枢极限底,94,0.0144,0.0087,1.658,0.7021,0.5871,0.1151,L2
1卖,站上MA55 + 中枢上穿中轴,1395,0.1893,0.1644,1.151,0.6208,0.5871,0.0337,L2
1卖,站上MA55 + 中枢底部蓄力,201,0.0313,0.018,1.734,0.7114,0.5871,0.1244,L2
1卖,站上MA55 + 中枢底部回升,350,0.0507,0.0367,1.383,0.6629,0.5871,0.0758,L2
1卖,站上MA55 + 大盘多头,4370,0.5484,0.5783,0.948,0.5741,0.5871,-0.0129,L2
1卖,站上MA55 + 大盘空头,2095,0.2809,0.2517,1.116,0.6134,0.5871,0.0263,L2
1卖,站上MA55 + 大盘安全,6131,0.7904,0.7815,1.011,0.5898,0.5871,0.0027,L2
1卖,站上MA55 + SID等于1,4370,0.5484,0.5783,0.948,0.5741,0.5871,-0.0129,L2
1卖,站上MA55 + SID等于2,4564,0.6055,0.5575,1.086,0.6069,0.5871,0.0199,L2
1卖,站上MA55 + SID小于等于2,6896,0.8866,0.8825,1.005,0.5882,0.5871,0.0011,L2
1卖,站上MA55 + 大盘5日上涨,6785,0.8761,0.863,1.015,0.5907,0.5871,0.0036,L2
1卖,站上MA55 + 相对强弱大于0,7492,0.9679,0.9521,1.017,0.591,0.5871,0.004,L2
1卖,站上MA55 + 相对强弱大于5,6242,0.84,0.7455,1.127,0.6157,0.5871,0.0286,L2
1卖,站上MA55 + 量比>=1.3,4073,0.5515,0.4817,1.145,0.6194,0.5871,0.0324,L2
1卖,站上MA55 + 量比>=2,2249,0.3167,0.2486,1.274,0.6443,0.5871,0.0572,L2
1卖,站上MA55 + 距前高<=10%,6772,0.859,0.8832,0.973,0.5803,0.5871,-0.0067,L2
1卖,站上MA55 + 距前低<=10%,279,0.0262,0.0494,0.531,0.4301,0.5871,-0.157,L2
1卖,站上MA55 + 相对强弱>=0,7206,0.9357,0.9089,1.029,0.5941,0.5871,0.007,L2
1卖,站上MA55 + 相对强弱>=5,5403,0.7397,0.6274,1.179,0.6263,0.5871,0.0393,L2
1卖,站上MA89 + 站上MA144,6266,0.8197,0.7819,1.048,0.5985,0.5871,0.0114,L2
1卖,站上MA89 + 站上MA233,5073,0.6804,0.6091,1.117,0.6136,0.5871,0.0266,L2
1卖,站上MA89 + 斐波短中多头,5313,0.6929,0.6659,1.04,0.5966,0.5871,0.0096,L2
1卖,站上MA89 + 斐波长多头,1869,0.2693,0.1979,1.36,0.6592,0.5871,0.0721,L2
1卖,站上MA89 + 斐波全多头,1510,0.2153,0.1631,1.32,0.6523,0.5871,0.0653,L2
1卖,站上MA89 + MA55上穿MA89,568,0.0778,0.0659,1.181,0.6268,0.5871,0.0397,L2
1卖,站上MA89 + 放量,6815,0.8861,0.858,1.033,0.5949,0.5871,0.0078,L2
1卖,站上MA89 + 缩量,4174,0.5156,0.564,0.914,0.5652,0.5871,-0.0219,L2
1卖,站上MA89 + 量比大于1,6957,0.9008,0.8813,1.022,0.5924,0.5871,0.0053,L2
1卖,站上MA89 + 量比大于1_3,6047,0.7932,0.7514,1.056,0.6001,0.5871,0.0131,L2
1卖,站上MA89 + 量比大于2,3963,0.5353,0.4705,1.138,0.618,0.5871,0.0309,L2
1卖,站上MA89 + 量能递增,6801,0.8885,0.8502,1.045,0.5977,0.5871,0.0106,L2
1卖,站上MA89 + 价涨量增,6452,0.8402,0.8104,1.037,0.5958,0.5871,0.0087,L2
1卖,站上MA89 + 价涨量缩,4126,0.5226,0.5392,0.969,0.5795,0.5871,-0.0076,L2
1卖,站上MA89 + MACD_DIF大于0,7143,0.9213,0.9099,1.013,0.5901,0.5871,0.003,L2
1卖,站上MA89 + MACD金叉态,7053,0.9165,0.8888,1.031,0.5945,0.5871,0.0074,L2
1卖,站上MA89 + MACD柱递增,6168,0.8131,0.7607,1.069,0.6031,0.5871,0.016,L2
1卖,站上MA89 + MACD零轴上金叉,1340,0.1781,0.1631,1.092,0.6082,0.5871,0.0211,L2
1卖,站上MA89 + MACD底背离,114,0.017,0.0112,1.524,0.6842,0.5871,0.0971,L2
1卖,站上MA89 + BOLL收上中轨,7208,0.9303,0.9173,1.014,0.5905,0.5871,0.0034,L2
1卖,站上MA89 + BOLL突破上轨,4973,0.6828,0.5746,1.188,0.6282,0.5871,0.0411,L2
1卖,站上MA89 + BOLL触下轨反弹,182,0.0249,0.0211,1.179,0.6264,0.5871,0.0393,L2
1卖,站上MA89 + BOLL开口扩张,6923,0.9019,0.8692,1.038,0.596,0.5871,0.0089,L2
1卖,站上MA89 + KDJ金叉态,6846,0.8892,0.8633,1.03,0.5942,0.5871,0.0072,L2
1卖,站上MA89 + KDJ_J超卖,1171,0.1526,0.147,1.038,0.5961,0.5871,0.009,L2
1卖,站上MA89 + KDJ_D小于30,161,0.0236,0.0165,1.433,0.6708,0.5871,0.0837,L2
1卖,站上MA89 + RSI6大于50,7205,0.9296,0.9173,1.013,0.5903,0.5871,0.0032,L2
1卖,站上MA89 + RSI金叉,2333,0.2977,0.3017,0.987,0.5838,0.5871,-0.0033,L2
1卖,站上MA89 + RSI6超卖,171,0.021,0.0233,0.9,0.5614,0.5871,-0.0257,L2
1卖,站上MA89 + RSI底背离,81,0.0125,0.0075,1.671,0.7037,0.5871,0.1166,L2
1卖,站上MA89 + 威科夫得分大于4,6125,0.7941,0.7744,1.025,0.5931,0.5871,0.0061,L2
1卖,站上MA89 + 威科夫得分大于7,5207,0.6846,0.6448,1.062,0.6015,0.5871,0.0144,L2
1卖,站上MA89 + 积累阶段,105,0.0122,0.0152,0.804,0.5333,0.5871,-0.0537,L2
1卖,站上MA89 + 威科夫B1突破,107,0.0122,0.0158,0.772,0.5234,0.5871,-0.0637,L2
1卖,站上MA89 + 黄金柱,463,0.0544,0.0665,0.818,0.5378,0.5871,-0.0493,L2
1卖,站上MA89 + 量能金叉,2208,0.2719,0.2996,0.908,0.5634,0.5871,-0.0237,L2
1卖,站上MA89 + 六脉红灯大于5,6861,0.8936,0.8617,1.037,0.5958,0.5871,0.0088,L2
1卖,站上MA89 + 六脉红灯大于6,6594,0.863,0.8222,1.049,0.5987,0.5871,0.0117,L2
1卖,站上MA89 + 六脉6红首发,6594,0.863,0.8222,1.049,0.5987,0.5871,0.0117,L2
1卖,站上MA89 + 六脉5红首发,6861,0.8936,0.8617,1.037,0.5958,0.5871,0.0088,L2
1卖,站上MA89 + 偏多共振,3995,0.5469,0.464,1.179,0.6263,0.5871,0.0392,L2
1卖,站上MA89 + 多头共振,3991,0.5464,0.4633,1.179,0.6264,0.5871,0.0393,L2
1卖,站上MA89 + 火箭信号,1679,0.2581,0.1548,1.668,0.7034,0.5871,0.1163,L2
1卖,站上MA89 + 二连板,417,0.0697,0.0305,2.29,0.765,0.5871,0.1779,L2
1卖,站上MA89 + 二次涨停,308,0.0496,0.0252,1.971,0.737,0.5871,0.1499,L2
1卖,站上MA89 + 纳财,861,0.1093,0.1122,0.974,0.5807,0.5871,-0.0063,L2
1卖,站上MA89 + 中枢进机会区,180,0.0286,0.0152,1.88,0.7278,0.5871,0.1407,L2
1卖,站上MA89 + 中枢极限底,84,0.0129,0.0078,1.66,0.7024,0.5871,0.1153,L2
1卖,站上MA89 + 中枢上穿中轴,1273,0.1766,0.1445,1.222,0.6347,0.5871,0.0477,L2
1卖,站上MA89 + 中枢底部蓄力,184,0.0291,0.0158,1.834,0.7228,0.5871,0.1358,L2
1卖,站上MA89 + 中枢底部回升,314,0.0461,0.032,1.441,0.672,0.5871,0.0849,L2
1卖,站上MA89 + 大盘多头,4209,0.5342,0.5485,0.974,0.5807,0.5871,-0.0064,L2
1卖,站上MA89 + 大盘空头,1923,0.261,0.2265,1.152,0.6209,0.5871,0.0338,L2
1卖,站上MA89 + 大盘安全,5799,0.7539,0.7303,1.032,0.5948,0.5871,0.0077,L2
1卖,站上MA89 + SID等于1,4209,0.5342,0.5485,0.974,0.5807,0.5871,-0.0064,L2
1卖,站上MA89 + SID等于2,4204,0.5567,0.5149,1.081,0.6059,0.5871,0.0188,L2
1卖,站上MA89 + SID小于等于2,6425,0.8286,0.8185,1.012,0.59,0.5871,0.003,L2
1卖,站上MA89 + 大盘5日上涨,6330,0.821,0.7999,1.026,0.5934,0.5871,0.0063,L2
1卖,站上MA89 + 相对强弱大于0,7012,0.9099,0.8853,1.028,0.5937,0.5871,0.0066,L2
1卖,站上MA89 + 相对强弱大于5,5887,0.7926,0.7026,1.128,0.6159,0.5871,0.0289,L2
1卖,站上MA89 + 量比>=1.3,3844,0.5213,0.4534,1.15,0.6204,0.5871,0.0334,L2
1卖,站上MA89 + 量比>=2,2129,0.3001,0.2349,1.277,0.6449,0.5871,0.0578,L2
1卖,站上MA89 + 距前高<=10%,6413,0.8142,0.8353,0.975,0.5809,0.5871,-0.0062,L2
1卖,站上MA89 + 距前低<=10%,219,0.0221,0.0367,0.602,0.4612,0.5871,-0.1259,L2
1卖,站上MA89 + 相对强弱>=0,6755,0.8813,0.8462,1.042,0.5969,0.5871,0.0098,L2
1卖,站上MA89 + 相对强弱>=5,5093,0.6984,0.5898,1.184,0.6273,0.5871,0.0403,L2
1卖,站上MA144 + 站上MA233,5064,0.6804,0.6063,1.122,0.6147,0.5871,0.0277,L2
1卖,站上MA144 + 斐波短中多头,4737,0.6186,0.5926,1.044,0.5974,0.5871,0.0104,L2
1卖,站上MA144 + 斐波长多头,1869,0.2693,0.1979,1.36,0.6592,0.5871,0.0721,L2
1卖,站上MA144 + 斐波全多头,1510,0.2153,0.1631,1.32,0.6523,0.5871,0.0653,L2
1卖,站上MA144 + MA55上穿MA89,515,0.0713,0.0587,1.213,0.633,0.5871,0.0459,L2
1卖,站上MA144 + 放量,5974,0.7864,0.7383,1.065,0.6023,0.5871,0.0152,L2
1卖,站上MA144 + 缩量,3619,0.452,0.482,0.938,0.5714,0.5871,-0.0156,L2
1卖,站上MA144 + 量比大于1,6092,0.798,0.7585,1.052,0.5993,0.5871,0.0122,L2
1卖,站上MA144 + 量比大于1_3,5304,0.7054,0.6454,1.093,0.6084,0.5871,0.0213,L2
1卖,站上MA144 + 量比大于2,3479,0.4772,0.4027,1.185,0.6275,0.5871,0.0404,L2
1卖,站上MA144 + 量能递增,5964,0.7878,0.7334,1.074,0.6043,0.5871,0.0172,L2
1卖,站上MA144 + 价涨量增,5658,0.7467,0.6967,1.072,0.6037,0.5871,0.0167,L2
1卖,站上MA144 + 价涨量缩,3592,0.4586,0.4643,0.988,0.5841,0.5871,-0.003,L2
1卖,站上MA144 + MACD_DIF大于0,6260,0.8162,0.785,1.04,0.5965,0.5871,0.0094,L2
1卖,站上MA144 + MACD金叉态,6166,0.8116,0.7623,1.065,0.6022,0.5871,0.0151,L2
1卖,站上MA144 + MACD柱递增,5427,0.7244,0.6566,1.103,0.6107,0.5871,0.0236,L2
1卖,站上MA144 + MACD零轴上金叉,1195,0.158,0.1467,1.077,0.605,0.5871,0.018,L2
1卖,站上MA144 + MACD底背离,99,0.0157,0.0084,1.876,0.7273,0.5871,0.1402,L2
1卖,站上MA144 + BOLL收上中轨,6304,0.8236,0.7881,1.045,0.5977,0.5871,0.0107,L2
1卖,站上MA144 + BOLL突破上轨,4461,0.6149,0.5121,1.201,0.6306,0.5871,0.0435,L2
1卖,站上MA144 + BOLL触下轨反弹,159,0.0221,0.018,1.225,0.6352,0.5871,0.0482,L2
1卖,站上MA144 + BOLL开口扩张,6058,0.8,0.7452,1.074,0.6042,0.5871,0.0171,L2
1卖,站上MA144 + KDJ金叉态,6018,0.7899,0.747,1.057,0.6005,0.5871,0.0135,L2
1卖,站上MA144 + KDJ_J超卖,974,0.1281,0.1206,1.062,0.6016,0.5871,0.0146,L2
1卖,站上MA144 + KDJ_D小于30,122,0.0192,0.0106,1.821,0.7213,0.5871,0.1342,L2
1卖,站上MA144 + RSI6大于50,6301,0.823,0.7881,1.044,0.5975,0.5871,0.0105,L2
1卖,站上MA144 + RSI金叉,2044,0.2608,0.2644,0.986,0.5837,0.5871,-0.0034,L2
1卖,站上MA144 + RSI6超卖,145,0.0192,0.0177,1.086,0.6069,0.5871,0.0198,L2
1卖,站上MA144 + RSI底背离,66,0.0107,0.0053,2.027,0.7424,0.5871,0.1554,L2
1卖,站上MA144 + 威科夫得分大于4,5760,0.7561,0.715,1.057,0.6005,0.5871,0.0135,L2
1卖,站上MA144 + 威科夫得分大于7,4965,0.6562,0.61,1.076,0.6046,0.5871,0.0176,L2
1卖,站上MA144 + 积累阶段,86,0.0111,0.0109,1.025,0.593,0.5871,0.006,L2
1卖,站上MA144 + 威科夫B1突破,94,0.0122,0.0118,1.037,0.5957,0.5871,0.0087,L2
1卖,站上MA144 + 黄金柱,396,0.0477,0.0553,0.861,0.5505,0.5871,-0.0366,L2
1卖,站上MA144 + 量能金叉,1916,0.2376,0.2576,0.922,0.5673,0.5871,-0.0197,L2
1卖,站上MA144 + 六脉红灯大于5,6020,0.7926,0.7439,1.065,0.6023,0.5871,0.0153,L2
1卖,站上MA144 + 六脉红灯大于6,5799,0.7672,0.7113,1.079,0.6053,0.5871,0.0182,L2
1卖,站上MA144 + 六脉6红首发,5799,0.7672,0.7113,1.079,0.6053,0.5871,0.0182,L2
1卖,站上MA144 + 六脉5红首发,6020,0.7926,0.7439,1.065,0.6023,0.5871,0.0153,L2
1卖,站上MA144 + 偏多共振,3973,0.5436,0.4618,1.177,0.626,0.5871,0.0389,L2
1卖,站上MA144 + 多头共振,3969,0.5432,0.4612,1.178,0.6261,0.5871,0.039,L2
1卖,站上MA144 + 火箭信号,1496,0.2319,0.1352,1.716,0.7092,0.5871,0.1222,L2
1卖,站上MA144 + 二连板,376,0.0625,0.028,2.235,0.7606,0.5871,0.1736,L2
1卖,站上MA144 + 二次涨停,260,0.0424,0.0205,2.068,0.7462,0.5871,0.1591,L2
1卖,站上MA144 + 纳财,761,0.0973,0.0982,0.991,0.5848,0.5871,-0.0023,L2
1卖,站上MA144 + 中枢进机会区,152,0.0251,0.0115,2.186,0.7566,0.5871,0.1695,L2
1卖,站上MA144 + 中枢极限底,70,0.0116,0.0053,2.193,0.7571,0.5871,0.1701,L2
1卖,站上MA144 + 中枢上穿中轴,1100,0.1572,0.1184,1.327,0.6536,0.5871,0.0666,L2
1卖,站上MA144 + 中枢底部蓄力,153,0.0256,0.0112,2.286,0.7647,0.5871,0.1776,L2
1卖,站上MA144 + 中枢底部回升,268,0.0409,0.0252,1.624,0.6978,0.5871,0.1107,L2
1卖,站上MA144 + 大盘多头,3979,0.5178,0.5003,1.035,0.5954,0.5871,0.0083,L2
1卖,站上MA144 + 大盘空头,1418,0.193,0.1663,1.161,0.6227,0.5871,0.0356,L2
1卖,站上MA144 + 大盘安全,5134,0.6765,0.6336,1.068,0.6028,0.5871,0.0158,L2
1卖,站上MA144 + SID等于1,3979,0.5178,0.5003,1.035,0.5954,0.5871,0.0083,L2
1卖,站上MA144 + SID等于2,3631,0.4855,0.4382,1.108,0.6117,0.5871,0.0246,L2
1卖,站上MA144 + SID小于等于2,5718,0.7473,0.7144,1.046,0.5979,0.5871,0.0109,L2
1卖,站上MA144 + 大盘5日上涨,5595,0.7364,0.6917,1.065,0.6021,0.5871,0.0151,L2
1卖,站上MA144 + 相对强弱大于0,6116,0.8039,0.7576,1.061,0.6014,0.5871,0.0143,L2
1卖,站上MA144 + 相对强弱大于5,5111,0.6957,0.5991,1.161,0.6228,0.5871,0.0357,L2
1卖,站上MA144 + 量比>=1.3,3374,0.4649,0.3875,1.2,0.6304,0.5871,0.0433,L2
1卖,站上MA144 + 量比>=2,1889,0.2728,0.1992,1.369,0.6607,0.5871,0.0736,L2
1卖,站上MA144 + 距前高<=10%,5591,0.7174,0.7175,1.0,0.587,0.5871,-0.0001,L2
1卖,站上MA144 + 距前低<=10%,182,0.0201,0.028,0.719,0.5055,0.5871,-0.0816,L2
1卖,站上MA144 + 相对强弱>=0,5886,0.7775,0.7237,1.074,0.6043,0.5871,0.0173,L2
1卖,站上MA144 + 相对强弱>=5,4429,0.6136,0.504,1.217,0.6338,0.5871,0.0467,L2
1卖,站上MA233 + 斐波短中多头,3876,0.5161,0.4708,1.096,0.6091,0.5871,0.0221,L2
1卖,站上MA233 + 斐波长多头,1869,0.2693,0.1979,1.36,0.6592,0.5871,0.0721,L2
1卖,站上MA233 + 斐波全多头,1510,0.2153,0.1631,1.32,0.6523,0.5871,0.0653,L2
1卖,站上MA233 + MA55上穿MA89,397,0.0568,0.0426,1.335,0.6549,0.5871,0.0678,L2
1卖,站上MA233 + 放量,4850,0.6557,0.5749,1.141,0.6186,0.5871,0.0315,L2
1卖,站上MA233 + 缩量,2850,0.3615,0.3717,0.973,0.5804,0.5871,-0.0067,L2
1卖,站上MA233 + 量比大于1,4935,0.6643,0.5892,1.127,0.6158,0.5871,0.0287,L2
1卖,站上MA233 + 量比大于1_3,4312,0.5899,0.5012,1.177,0.6259,0.5871,0.0389,L2
1卖,站上MA233 + 量比大于2,2837,0.3985,0.3151,1.265,0.6426,0.5871,0.0555,L2
1卖,站上MA233 + 量能递增,4834,0.6549,0.5712,1.147,0.6198,0.5871,0.0327,L2
1卖,站上MA233 + 价涨量增,4592,0.6221,0.5426,1.147,0.6198,0.5871,0.0327,L2
1卖,站上MA233 + 价涨量缩,2875,0.3757,0.3592,1.046,0.5979,0.5871,0.0108,L2
1卖,站上MA233 + MACD_DIF大于0,5060,0.6769,0.61,1.11,0.6121,0.5871,0.025,L2
1卖,站上MA233 + MACD金叉态,5005,0.6765,0.5935,1.14,0.6184,0.5871,0.0313,L2
1卖,站上MA233 + MACD柱递增,4451,0.6072,0.5199,1.168,0.6241,0.5871,0.0371,L2
1卖,站上MA233 + MACD零轴上金叉,988,0.1331,0.1178,1.13,0.6164,0.5871,0.0293,L2
1卖,站上MA233 + MACD底背离,92,0.0149,0.0075,1.993,0.7391,0.5871,0.1521,L2
1卖,站上MA233 + BOLL收上中轨,5102,0.6839,0.6131,1.116,0.6133,0.5871,0.0262,L2
1卖,站上MA233 + BOLL突破上轨,3691,0.5196,0.4083,1.272,0.644,0.5871,0.0569,L2
1卖,站上MA233 + BOLL触下轨反弹,128,0.0173,0.0152,1.134,0.6172,0.5871,0.0301,L2
1卖,站上MA233 + BOLL开口扩张,4934,0.6673,0.5845,1.142,0.6188,0.5871,0.0317,L2
1卖,站上MA233 + KDJ金叉态,4892,0.6579,0.5848,1.125,0.6153,0.5871,0.0282,L2
1卖,站上MA233 + KDJ_J超卖,785,0.1056,0.0938,1.125,0.6153,0.5871,0.0282,L2
1卖,站上MA233 + KDJ_D小于30,106,0.0177,0.0078,2.279,0.7642,0.5871,0.1771,L2
1卖,站上MA233 + RSI6大于50,5100,0.6835,0.6131,1.115,0.6131,0.5871,0.0261,L2
1卖,站上MA233 + RSI金叉,1648,0.2144,0.2073,1.035,0.5953,0.5871,0.0082,L2
1卖,站上MA233 + RSI6超卖,128,0.0164,0.0165,0.995,0.5859,0.5871,-0.0011,L2
1卖,站上MA233 + RSI底背离,60,0.0098,0.0047,2.11,0.75,0.5871,0.1629,L2
1卖,站上MA233 + 威科夫得分大于4,4679,0.6299,0.5584,1.128,0.6159,0.5871,0.0289,L2
1卖,站上MA233 + 威科夫得分大于7,4102,0.5541,0.4869,1.138,0.618,0.5871,0.0309,L2
1卖,站上MA233 + 积累阶段,78,0.0105,0.0093,1.125,0.6154,0.5871,0.0283,L2
1卖,站上MA233 + 威科夫B1突破,79,0.0109,0.009,1.213,0.6329,0.5871,0.0458,L2
1卖,站上MA233 + 黄金柱,303,0.0365,0.0423,0.864,0.5512,0.5871,-0.0359,L2
1卖,站上MA233 + 量能金叉,1534,0.1923,0.2032,0.946,0.5737,0.5871,-0.0134,L2
1卖,站上MA233 + 六脉红灯大于5,4896,0.6608,0.582,1.135,0.6174,0.5871,0.0304,L2
1卖,站上MA233 + 六脉红灯大于6,4725,0.6409,0.5572,1.15,0.6205,0.5871,0.0335,L2
1卖,站上MA233 + 六脉6红首发,4725,0.6409,0.5572,1.15,0.6205,0.5871,0.0335,L2
1卖,站上MA233 + 六脉5红首发,4896,0.6608,0.582,1.135,0.6174,0.5871,0.0304,L2
1卖,站上MA233 + 偏多共振,3494,0.4804,0.4027,1.193,0.6291,0.5871,0.042,L2
1卖,站上MA233 + 多头共振,3490,0.48,0.4021,1.194,0.6292,0.5871,0.0422,L2
1卖,站上MA233 + 火箭信号,1290,0.2037,0.1112,1.831,0.7225,0.5871,0.1354,L2
1卖,站上MA233 + 二连板,331,0.0549,0.0249,2.207,0.7583,0.5871,0.1712,L2
1卖,站上MA233 + 二次涨停,224,0.0363,0.018,2.013,0.7411,0.5871,0.154,L2
1卖,站上MA233 + 纳财,623,0.0835,0.0749,1.115,0.6132,0.5871,0.0261,L2
1卖,站上MA233 + 中枢进机会区,139,0.0236,0.0096,2.451,0.777,0.5871,0.1899,L2
1卖,站上MA233 + 中枢极限底,65,0.0109,0.0047,2.345,0.7692,0.5871,0.1822,L2
1卖,站上MA233 + 中枢上穿中轴,933,0.1373,0.0948,1.448,0.6731,0.5871,0.086,L2
1卖,站上MA233 + 中枢底部蓄力,136,0.023,0.0096,2.382,0.7721,0.5871,0.185,L2
1卖,站上MA233 + 中枢底部回升,230,0.0361,0.0202,1.786,0.7174,0.5871,0.1303,L2
1卖,站上MA233 + 大盘多头,3116,0.4125,0.3819,1.08,0.6056,0.5871,0.0185,L2
1卖,站上MA233 + 大盘空头,1274,0.1803,0.1395,1.292,0.6476,0.5871,0.0605,L2
1卖,站上MA233 + 大盘安全,4115,0.5548,0.4901,1.132,0.6168,0.5871,0.0297,L2
1卖,站上MA233 + SID等于1,3116,0.4125,0.3819,1.08,0.6056,0.5871,0.0185,L2
1卖,站上MA233 + SID等于2,2922,0.4026,0.3356,1.2,0.6304,0.5871,0.0433,L2
1卖,站上MA233 + SID小于等于2,4576,0.6122,0.5516,1.11,0.6121,0.5871,0.025,L2
1卖,站上MA233 + 大盘5日上涨,4534,0.6105,0.541,1.128,0.616,0.5871,0.0289,L2
1卖,站上MA233 + 相对强弱大于0,4932,0.6649,0.5873,1.132,0.6168,0.5871,0.0297,L2
1卖,站上MA233 + 相对强弱大于5,4199,0.5856,0.4723,1.24,0.638,0.5871,0.0509,L2
1卖,站上MA233 + 量比>=1.3,2809,0.3991,0.3055,1.307,0.6501,0.5871,0.063,L2
1卖,站上MA233 + 量比>=2,1586,0.2341,0.16,1.463,0.6753,0.5871,0.0882,L2
1卖,站上MA233 + 距前高<=10%,4477,0.5902,0.5522,1.069,0.6031,0.5871,0.016,L2
1卖,站上MA233 + 距前低<=10%,134,0.0138,0.0221,0.624,0.4701,0.5871,-0.1169,L2
1卖,站上MA233 + 相对强弱>=0,4754,0.6448,0.5606,1.15,0.6205,0.5871,0.0335,L2
1卖,站上MA233 + 相对强弱>=5,3669,0.5202,0.4006,1.299,0.6487,0.5871,0.0616,L2
1卖,斐波短中多头 + 斐波长多头,1515,0.216,0.1638,1.319,0.6521,0.5871,0.0651,L2
1卖,斐波短中多头 + 斐波全多头,1510,0.2153,0.1631,1.32,0.6523,0.5871,0.0653,L2
1卖,斐波短中多头 + MA55上穿MA89,454,0.0645,0.0494,1.305,0.6498,0.5871,0.0627,L2
1卖,斐波短中多头 + 放量,5220,0.6903,0.6408,1.077,0.605,0.5871,0.0179,L2
1卖,斐波短中多头 + 缩量,3531,0.44,0.4717,0.933,0.5701,0.5871,-0.017,L2
1卖,斐波短中多头 + 量比大于1,5350,0.7045,0.661,1.066,0.6024,0.5871,0.0154,L2
1卖,斐波短中多头 + 量比大于1_3,4535,0.6061,0.5475,1.107,0.6115,0.5871,0.0244,L2
1卖,斐波短中多头 + 量比大于2,2715,0.3803,0.303,1.255,0.6409,0.5871,0.0538,L2
1卖,斐波短中多头 + 量能递增,5193,0.6903,0.6324,1.092,0.6081,0.5871,0.0211,L2
1卖,斐波短中多头 + 价涨量增,4892,0.6498,0.5963,1.09,0.6077,0.5871,0.0207,L2
1卖,斐波短中多头 + 价涨量缩,3331,0.4227,0.4341,0.974,0.5806,0.5871,-0.0065,L2
1卖,斐波短中多头 + MACD_DIF大于0,5583,0.7311,0.6955,1.051,0.5991,0.5871,0.0121,L2
1卖,斐波短中多头 + MACD金叉态,5455,0.7198,0.6718,1.071,0.6037,0.5871,0.0166,L2
1卖,斐波短中多头 + MACD柱递增,4665,0.626,0.5597,1.119,0.6139,0.5871,0.0269,L2
1卖,斐波短中多头 + MACD零轴上金叉,1179,0.1576,0.1423,1.107,0.6115,0.5871,0.0245,L2
1卖,斐波短中多头 + MACD底背离,68,0.0105,0.0062,1.688,0.7059,0.5871,0.1188,L2
1卖,斐波短中多头 + BOLL收上中轨,5582,0.7309,0.6955,1.051,0.5991,0.5871,0.012,L2
1卖,斐波短中多头 + BOLL突破上轨,3782,0.5287,0.4236,1.248,0.6396,0.5871,0.0525,L2
1卖,斐波短中多头 + BOLL触下轨反弹,130,0.0173,0.0158,1.09,0.6077,0.5871,0.0206,L2
1卖,斐波短中多头 + BOLL开口扩张,5323,0.7049,0.652,1.081,0.6059,0.5871,0.0188,L2
1卖,斐波短中多头 + KDJ金叉态,5281,0.6966,0.6507,1.071,0.6035,0.5871,0.0164,L2
1卖,斐波短中多头 + KDJ_J超卖,913,0.1191,0.1144,1.042,0.5969,0.5871,0.0099,L2
1卖,斐波短中多头 + KDJ_D小于30,60,0.009,0.0059,1.518,0.6833,0.5871,0.0963,L2
1卖,斐波短中多头 + RSI6大于50,5579,0.7303,0.6955,1.05,0.5989,0.5871,0.0118,L2
1卖,斐波短中多头 + RSI金叉,1917,0.245,0.2474,0.991,0.5848,0.5871,-0.0023,L2
1卖,斐波短中多头 + RSI6超卖,138,0.0164,0.0196,0.837,0.5435,0.5871,-0.0436,L2
1卖,斐波短中多头 + 威科夫得分大于4,4874,0.6308,0.6178,1.021,0.5921,0.5871,0.0051,L2
1卖,斐波短中多头 + 威科夫得分大于7,4278,0.5607,0.5323,1.053,0.5996,0.5871,0.0125,L2
1卖,斐波短中多头 + 黄金柱,360,0.0439,0.0494,0.889,0.5583,0.5871,-0.0287,L2
1卖,斐波短中多头 + 量能金叉,1467,0.183,0.1958,0.935,0.5706,0.5871,-0.0165,L2
1卖,斐波短中多头 + 六脉红灯大于5,5288,0.6986,0.6501,1.075,0.6044,0.5871,0.0173,L2
1卖,斐波短中多头 + 六脉红灯大于6,5059,0.6713,0.6178,1.087,0.607,0.5871,0.02,L2
1卖,斐波短中多头 + 六脉6红首发,5059,0.6713,0.6178,1.087,0.607,0.5871,0.02,L2
1卖,斐波短中多头 + 六脉5红首发,5288,0.6986,0.6501,1.075,0.6044,0.5871,0.0173,L2
1卖,斐波短中多头 + 偏多共振,3387,0.4605,0.3978,1.158,0.6221,0.5871,0.035,L2
1卖,斐波短中多头 + 多头共振,3385,0.4603,0.3975,1.158,0.6222,0.5871,0.0351,L2
1卖,斐波短中多头 + 火箭信号,1200,0.1923,0.0994,1.934,0.7333,0.5871,0.1463,L2
1卖,斐波短中多头 + 二连板,302,0.0529,0.0186,2.837,0.8013,0.5871,0.2143,L2
1卖,斐波短中多头 + 二次涨停,265,0.0435,0.0205,2.121,0.7509,0.5871,0.1639,L2
1卖,斐波短中多头 + 纳财,658,0.0881,0.0792,1.112,0.6125,0.5871,0.0254,L2
1卖,斐波短中多头 + 中枢进机会区,113,0.0179,0.0096,1.861,0.7257,0.5871,0.1386,L2
1卖,斐波短中多头 + 中枢极限底,58,0.0083,0.0062,1.336,0.6552,0.5871,0.0681,L2
1卖,斐波短中多头 + 中枢上穿中轴,613,0.0909,0.0612,1.485,0.6786,0.5871,0.0916,L2
1卖,斐波短中多头 + 中枢底部回升,83,0.0127,0.0078,1.632,0.6988,0.5871,0.1117,L2
1卖,斐波短中多头 + 大盘多头,3310,0.421,0.4301,0.979,0.5819,0.5871,-0.0052,L2
1卖,斐波短中多头 + 大盘空头,1378,0.1915,0.156,1.227,0.6357,0.5871,0.0486,L2
1卖,斐波短中多头 + 大盘安全,4486,0.5869,0.5597,1.049,0.5985,0.5871,0.0115,L2
1卖,斐波短中多头 + SID等于1,3310,0.421,0.4301,0.979,0.5819,0.5871,-0.0052,L2
1卖,斐波短中多头 + SID等于2,3188,0.4317,0.3769,1.145,0.6195,0.5871,0.0324,L2
1卖,斐波短中多头 + SID小于等于2,5042,0.6601,0.6283,1.051,0.599,0.5871,0.0119,L2
1卖,斐波短中多头 + 大盘5日上涨,4898,0.6439,0.6066,1.062,0.6015,0.5871,0.0144,L2
1卖,斐波短中多头 + 相对强弱大于0,5467,0.722,0.6725,1.074,0.6042,0.5871,0.0171,L2
1卖,斐波短中多头 + 相对强弱大于5,4586,0.6332,0.5249,1.206,0.6317,0.5871,0.0446,L2
1卖,斐波短中多头 + 量比>=1.3,2689,0.3718,0.307,1.211,0.6326,0.5871,0.0455,L2
1卖,斐波短中多头 + 量比>=2,1349,0.1963,0.1401,1.401,0.6657,0.5871,0.0786,L2
1卖,斐波短中多头 + 距前高<=10%,5035,0.6435,0.6498,0.99,0.5847,0.5871,-0.0024,L2
1卖,斐波短中多头 + 距前低<=10%,96,0.0092,0.0168,0.547,0.4375,0.5871,-0.1496,L2
1卖,斐波短中多头 + 相对强弱>=0,5266,0.7005,0.6405,1.094,0.6086,0.5871,0.0216,L2
1卖,斐波短中多头 + 相对强弱>=5,3925,0.5537,0.4326,1.28,0.6454,0.5871,0.0583,L2
1卖,斐波长多头 + 斐波全多头,1510,0.2153,0.1631,1.32,0.6523,0.5871,0.0653,L2
1卖,斐波长多头 + MA55上穿MA89,116,0.0195,0.0084,2.319,0.7672,0.5871,0.1802,L2
1卖,斐波长多头 + 放量,1756,0.2551,0.183,1.394,0.6646,0.5871,0.0775,L2
1卖,斐波长多头 + 缩量,1178,0.1598,0.1389,1.15,0.6205,0.5871,0.0335,L2
1卖,斐波长多头 + 量比大于1,1794,0.2592,0.1889,1.372,0.6611,0.5871,0.074,L2
1卖,斐波长多头 + 量比大于1_3,1510,0.224,0.1507,1.487,0.6788,0.5871,0.0917,L2
1卖,斐波长多头 + 量比大于2,905,0.1397,0.0827,1.69,0.7061,0.5871,0.119,L2
1卖,斐波长多头 + 量能递增,1750,0.2544,0.1821,1.397,0.6651,0.5871,0.0781,L2
1卖,斐波长多头 + 价涨量增,1633,0.238,0.169,1.408,0.6669,0.5871,0.0798,L2
1卖,斐波长多头 + 价涨量缩,1089,0.1515,0.1231,1.231,0.6364,0.5871,0.0493,L2
1卖,斐波长多头 + MACD_DIF大于0,1859,0.2671,0.1979,1.349,0.6573,0.5871,0.0703,L2
1卖,斐波长多头 + MACD金叉态,1824,0.2647,0.1905,1.39,0.6639,0.5871,0.0769,L2
1卖,斐波长多头 + MACD柱递增,1592,0.2356,0.1597,1.475,0.6771,0.5871,0.0901,L2
1卖,斐波长多头 + MACD零轴上金叉,425,0.0623,0.0435,1.432,0.6706,0.5871,0.0835,L2
1卖,斐波长多头 + BOLL收上中轨,1869,0.2693,0.1979,1.36,0.6592,0.5871,0.0721,L2
1卖,斐波长多头 + BOLL突破上轨,1311,0.2,0.1231,1.625,0.6979,0.5871,0.1109,L2
1卖,斐波长多头 + BOLL触下轨反弹,57,0.0085,0.0056,1.524,0.6842,0.5871,0.0971,L2
1卖,斐波长多头 + BOLL开口扩张,1793,0.2614,0.1855,1.409,0.667,0.5871,0.08,L2
1卖,斐波长多头 + KDJ金叉态,1786,0.2592,0.1865,1.39,0.6641,0.5871,0.077,L2
1卖,斐波长多头 + KDJ_J超卖,329,0.047,0.0354,1.327,0.6535,0.5871,0.0664,L2
1卖,斐波长多头 + RSI6大于50,1868,0.2691,0.1979,1.359,0.659,0.5871,0.0719,L2
1卖,斐波长多头 + RSI金叉,670,0.0942,0.0743,1.268,0.6433,0.5871,0.0562,L2
1卖,斐波长多头 + 威科夫得分大于4,1849,0.2662,0.1961,1.358,0.6587,0.5871,0.0717,L2
1卖,斐波长多头 + 威科夫得分大于7,1720,0.2463,0.1843,1.337,0.6552,0.5871,0.0682,L2
1卖,斐波长多头 + 黄金柱,118,0.0155,0.0146,1.063,0.6017,0.5871,0.0146,L2
1卖,斐波长多头 + 量能金叉,600,0.0846,0.0662,1.278,0.645,0.5871,0.0579,L2
1卖,斐波长多头 + 六脉红灯大于5,1782,0.2592,0.1852,1.4,0.6655,0.5871,0.0785,L2
1卖,斐波长多头 + 六脉红灯大于6,1708,0.2511,0.1737,1.446,0.6727,0.5871,0.0857,L2
1卖,斐波长多头 + 六脉6红首发,1708,0.2511,0.1737,1.446,0.6727,0.5871,0.0857,L2
1卖,斐波长多头 + 六脉5红首发,1782,0.2592,0.1852,1.4,0.6655,0.5871,0.0785,L2
1卖,斐波长多头 + 偏多共振,1785,0.2557,0.1911,1.338,0.6555,0.5871,0.0684,L2
1卖,斐波长多头 + 多头共振,1784,0.2557,0.1908,1.34,0.6558,0.5871,0.0688,L2
1卖,斐波长多头 + 火箭信号,443,0.0774,0.0277,2.798,0.7991,0.5871,0.212,L2
1卖,斐波长多头 + 二连板,104,0.019,0.0053,3.6,0.8365,0.5871,0.2495,L2
1卖,斐波长多头 + 二次涨停,89,0.0146,0.0068,2.142,0.7528,0.5871,0.1657,L2
1卖,斐波长多头 + 纳财,246,0.0358,0.0255,1.407,0.6667,0.5871,0.0796,L2
1卖,斐波长多头 + 中枢进机会区,56,0.0103,0.0028,3.673,0.8393,0.5871,0.2522,L2
1卖,斐波长多头 + 中枢上穿中轴,312,0.052,0.023,2.262,0.7628,0.5871,0.1758,L2
1卖,斐波长多头 + 中枢底部回升,64,0.0109,0.0044,2.512,0.7812,0.5871,0.1942,L2
1卖,斐波长多头 + 大盘多头,1174,0.1659,0.129,1.286,0.6465,0.5871,0.0594,L2
1卖,斐波长多头 + 大盘空头,440,0.068,0.0401,1.696,0.7068,0.5871,0.1198,L2
1卖,斐波长多头 + 大盘安全,1557,0.2205,0.1703,1.295,0.648,0.5871,0.061,L2
1卖,斐波长多头 + SID等于1,1174,0.1659,0.129,1.286,0.6465,0.5871,0.0594,L2
1卖,斐波长多头 + SID等于2,1072,0.1561,0.1112,1.403,0.666,0.5871,0.079,L2
1卖,斐波长多头 + SID小于等于2,1700,0.2431,0.1827,1.33,0.6541,0.5871,0.0671,L2
1卖,斐波长多头 + 大盘5日上涨,1695,0.2433,0.1809,1.345,0.6566,0.5871,0.0696,L2
1卖,斐波长多头 + 相对强弱大于0,1822,0.2636,0.1914,1.377,0.6619,0.5871,0.0748,L2
1卖,斐波长多头 + 相对强弱大于5,1578,0.238,0.152,1.566,0.6901,0.5871,0.103,L2
1卖,斐波长多头 + 量比>=1.3,921,0.1421,0.0842,1.687,0.7058,0.5871,0.1187,L2
1卖,斐波长多头 + 量比>=2,467,0.0767,0.036,2.128,0.7516,0.5871,0.1645,L2
1卖,斐波长多头 + 距前高<=10%,1642,0.2306,0.1824,1.264,0.6425,0.5871,0.0554,L2
1卖,斐波长多头 + 相对强弱>=0,1754,0.256,0.1812,1.413,0.6676,0.5871,0.0806,L2
1卖,斐波长多头 + 相对强弱>=5,1371,0.2105,0.1268,1.66,0.7024,0.5871,0.1153,L2
1卖,斐波全多头 + MA55上穿MA89,100,0.0166,0.0075,2.227,0.76,0.5871,0.1729,L2
1卖,斐波全多头 + 放量,1413,0.2035,0.1498,1.359,0.6589,0.5871,0.0718,L2
1卖,斐波全多头 + 缩量,989,0.1338,0.1172,1.142,0.6188,0.5871,0.0317,L2
1卖,斐波全多头 + 量比大于1,1444,0.2066,0.1551,1.332,0.6544,0.5871,0.0674,L2
1卖,斐波全多头 + 量比大于1_3,1195,0.1753,0.1221,1.435,0.6711,0.5871,0.0841,L2
1卖,斐波全多头 + 量比大于2,672,0.1027,0.0628,1.637,0.6994,0.5871,0.1123,L2
1卖,斐波全多头 + 量能递增,1398,0.2013,0.1482,1.358,0.6588,0.5871,0.0717,L2
1卖,斐波全多头 + 价涨量增,1307,0.1889,0.1377,1.372,0.6611,0.5871,0.074,L2
1卖,斐波全多头 + 价涨量缩,885,0.1213,0.1025,1.183,0.6271,0.5871,0.0401,L2
1卖,斐波全多头 + MACD_DIF大于0,1510,0.2153,0.1631,1.32,0.6523,0.5871,0.0653,L2
1卖,斐波全多头 + MACD金叉态,1476,0.2122,0.1569,1.352,0.6579,0.5871,0.0708,L2
1卖,斐波全多头 + MACD柱递增,1269,0.1862,0.1296,1.437,0.6714,0.5871,0.0843,L2
1卖,斐波全多头 + MACD零轴上金叉,365,0.0529,0.0382,1.384,0.663,0.5871,0.0759,L2
1卖,斐波全多头 + BOLL收上中轨,1510,0.2153,0.1631,1.32,0.6523,0.5871,0.0653,L2
1卖,斐波全多头 + BOLL突破上轨,1054,0.1593,0.101,1.578,0.6917,0.5871,0.1046,L2
1卖,斐波全多头 + BOLL开口扩张,1440,0.2085,0.151,1.381,0.6625,0.5871,0.0754,L2
1卖,斐波全多头 + KDJ金叉态,1438,0.2066,0.1532,1.348,0.6572,0.5871,0.0701,L2
1卖,斐波全多头 + KDJ_J超卖,261,0.0363,0.0295,1.229,0.636,0.5871,0.049,L2
1卖,斐波全多头 + RSI6大于50,1509,0.2151,0.1631,1.318,0.6521,0.5871,0.065,L2
1卖,斐波全多头 + RSI金叉,566,0.078,0.0649,1.201,0.6307,0.5871,0.0437,L2
1卖,斐波全多头 + 威科夫得分大于4,1509,0.2151,0.1631,1.318,0.6521,0.5871,0.065,L2
1卖,斐波全多头 + 威科夫得分大于7,1418,0.2011,0.1548,1.299,0.6488,0.5871,0.0617,L2
1卖,斐波全多头 + 黄金柱,93,0.0118,0.0121,0.974,0.5806,0.5871,-0.0064,L2
1卖,斐波全多头 + 量能金叉,443,0.061,0.051,1.197,0.6298,0.5871,0.0427,L2
1卖,斐波全多头 + 六脉红灯大于5,1433,0.2066,0.1516,1.362,0.6595,0.5871,0.0724,L2
1卖,斐波全多头 + 六脉红灯大于6,1369,0.1993,0.142,1.404,0.6662,0.5871,0.0791,L2
1卖,斐波全多头 + 六脉6红首发,1369,0.1993,0.142,1.404,0.6662,0.5871,0.0791,L2
1卖,斐波全多头 + 六脉5红首发,1433,0.2066,0.1516,1.362,0.6595,0.5871,0.0724,L2
1卖,斐波全多头 + 偏多共振,1496,0.2129,0.1622,1.312,0.6511,0.5871,0.064,L2
1卖,斐波全多头 + 多头共振,1496,0.2129,0.1622,1.312,0.6511,0.5871,0.064,L2
1卖,斐波全多头 + 火箭信号,341,0.0601,0.0205,2.931,0.8065,0.5871,0.2194,L2
1卖,斐波全多头 + 二连板,82,0.0153,0.0037,4.103,0.8537,0.5871,0.2666,L2
1卖,斐波全多头 + 二次涨停,71,0.0118,0.0053,2.234,0.7606,0.5871,0.1735,L2
1卖,斐波全多头 + 纳财,193,0.0289,0.019,1.522,0.6839,0.5871,0.0969,L2
1卖,斐波全多头 + 中枢上穿中轴,176,0.0289,0.0137,2.11,0.75,0.5871,0.1629,L2
1卖,斐波全多头 + 大盘多头,979,0.136,0.1109,1.226,0.6353,0.5871,0.0483,L2
1卖,斐波全多头 + 大盘空头,336,0.052,0.0305,1.708,0.7083,0.5871,0.1213,L2
1卖,斐波全多头 + 大盘安全,1256,0.1766,0.1392,1.269,0.6433,0.5871,0.0562,L2
1卖,斐波全多头 + SID等于1,979,0.136,0.1109,1.226,0.6353,0.5871,0.0483,L2
1卖,斐波全多头 + SID等于2,826,0.1202,0.0858,1.402,0.6659,0.5871,0.0788,L2
1卖,斐波全多头 + SID小于等于2,1371,0.1941,0.1501,1.293,0.6477,0.5871,0.0606,L2
1卖,斐波全多头 + 大盘5日上涨,1365,0.1943,0.1479,1.314,0.6513,0.5871,0.0642,L2
1卖,斐波全多头 + 相对强弱大于0,1491,0.2138,0.1594,1.341,0.6559,0.5871,0.0689,L2
1卖,斐波全多头 + 相对强弱大于5,1292,0.1948,0.1246,1.563,0.6896,0.5871,0.1026,L2
1卖,斐波全多头 + 量比>=1.3,687,0.106,0.0628,1.689,0.706,0.5871,0.1189,L2
1卖,斐波全多头 + 量比>=2,325,0.054,0.0242,2.227,0.76,0.5871,0.1729,L2
1卖,斐波全多头 + 距前高<=10%,1349,0.1869,0.1535,1.217,0.6338,0.5871,0.0467,L2
1卖,斐波全多头 + 相对强弱>=0,1439,0.2081,0.1513,1.375,0.6616,0.5871,0.0745,L2
1卖,斐波全多头 + 相对强弱>=5,1121,0.172,0.1038,1.657,0.7021,0.5871,0.115,L2
1卖,MA55上穿MA89 + 放量,541,0.0743,0.0625,1.19,0.6285,0.5871,0.0414,L2
1卖,MA55上穿MA89 + 缩量,306,0.0417,0.0357,1.168,0.6242,0.5871,0.0371,L2
1卖,MA55上穿MA89 + 量比大于1,549,0.0752,0.0637,1.18,0.6266,0.5871,0.0395,L2
1卖,MA55上穿MA89 + 量比大于1_3,485,0.0664,0.0562,1.181,0.6268,0.5871,0.0397,L2
1卖,MA55上穿MA89 + 量比大于2,334,0.049,0.0342,1.432,0.6707,0.5871,0.0836,L2
1卖,MA55上穿MA89 + 量能递增,548,0.0752,0.0634,1.186,0.6277,0.5871,0.0407,L2
1卖,MA55上穿MA89 + 价涨量增,524,0.0721,0.0603,1.196,0.6298,0.5871,0.0427,L2
1卖,MA55上穿MA89 + 价涨量缩,324,0.0446,0.0373,1.196,0.6296,0.5871,0.0426,L2
1卖,MA55上穿MA89 + MACD_DIF大于0,567,0.0778,0.0656,1.187,0.6279,0.5871,0.0408,L2
1卖,MA55上穿MA89 + MACD金叉态,563,0.0776,0.0646,1.2,0.6306,0.5871,0.0435,L2
1卖,MA55上穿MA89 + MACD柱递增,487,0.0675,0.0553,1.221,0.6345,0.5871,0.0474,L2
1卖,MA55上穿MA89 + MACD零轴上金叉,99,0.0133,0.0118,1.129,0.6162,0.5871,0.0291,L2
1卖,MA55上穿MA89 + BOLL收上中轨,569,0.0778,0.0662,1.176,0.6257,0.5871,0.0386,L2
1卖,MA55上穿MA89 + BOLL突破上轨,422,0.0592,0.0469,1.262,0.6422,0.5871,0.0551,L2
1卖,MA55上穿MA89 + BOLL开口扩张,549,0.0758,0.0628,1.208,0.6321,0.5871,0.045,L2
1卖,MA55上穿MA89 + KDJ金叉态,547,0.075,0.0634,1.183,0.6271,0.5871,0.04,L2
1卖,MA55上穿MA89 + KDJ_J超卖,87,0.0125,0.0093,1.336,0.6552,0.5871,0.0681,L2
1卖,MA55上穿MA89 + RSI6大于50,569,0.0778,0.0662,1.176,0.6257,0.5871,0.0386,L2
1卖,MA55上穿MA89 + RSI金叉,183,0.0254,0.0208,1.218,0.6339,0.5871,0.0468,L2
1卖,MA55上穿MA89 + 威科夫得分大于4,503,0.0702,0.0566,1.241,0.6382,0.5871,0.0511,L2
1卖,MA55上穿MA89 + 威科夫得分大于7,393,0.0546,0.0444,1.23,0.6361,0.5871,0.0491,L2
1卖,MA55上穿MA89 + 量能金叉,150,0.021,0.0168,1.25,0.64,0.5871,0.0529,L2
1卖,MA55上穿MA89 + 六脉红灯大于5,548,0.075,0.0637,1.177,0.6259,0.5871,0.0388,L2
1卖,MA55上穿MA89 + 六脉红灯大于6,527,0.0723,0.0609,1.188,0.6281,0.5871,0.041,L2
1卖,MA55上穿MA89 + 六脉6红首发,527,0.0723,0.0609,1.188,0.6281,0.5871,0.041,L2
1卖,MA55上穿MA89 + 六脉5红首发,548,0.075,0.0637,1.177,0.6259,0.5871,0.0388,L2
1卖,MA55上穿MA89 + 偏多共振,271,0.0407,0.0264,1.539,0.6863,0.5871,0.0993,L2
1卖,MA55上穿MA89 + 多头共振,271,0.0407,0.0264,1.539,0.6863,0.5871,0.0993,L2
1卖,MA55上穿MA89 + 火箭信号,149,0.0238,0.0124,1.917,0.7315,0.5871,0.1445,L2
1卖,MA55上穿MA89 + 纳财,76,0.0096,0.0099,0.967,0.5789,0.5871,-0.0081,L2
1卖,MA55上穿MA89 + 中枢上穿中轴,94,0.0144,0.0087,1.658,0.7021,0.5871,0.1151,L2
1卖,MA55上穿MA89 + 大盘多头,325,0.0448,0.0373,1.202,0.6308,0.5871,0.0437,L2
1卖,MA55上穿MA89 + 大盘空头,143,0.0195,0.0168,1.159,0.6224,0.5871,0.0353,L2
1卖,MA55上穿MA89 + 大盘安全,451,0.0621,0.0519,1.196,0.6297,0.5871,0.0426,L2
1卖,MA55上穿MA89 + SID等于1,325,0.0448,0.0373,1.202,0.6308,0.5871,0.0437,L2
1卖,MA55上穿MA89 + SID等于2,359,0.0503,0.0401,1.254,0.6407,0.5871,0.0536,L2
1卖,MA55上穿MA89 + SID小于等于2,510,0.0702,0.0587,1.195,0.6294,0.5871,0.0423,L2
1卖,MA55上穿MA89 + 大盘5日上涨,494,0.0673,0.0578,1.165,0.6235,0.5871,0.0364,L2
1卖,MA55上穿MA89 + 相对强弱大于0,552,0.0754,0.0643,1.172,0.625,0.5871,0.0379,L2
1卖,MA55上穿MA89 + 相对强弱大于5,471,0.0667,0.0516,1.292,0.6476,0.5871,0.0605,L2
1卖,MA55上穿MA89 + 量比>=1.3,323,0.0468,0.0339,1.381,0.6625,0.5871,0.0755,L2
1卖,MA55上穿MA89 + 量比>=2,189,0.0284,0.0183,1.55,0.6878,0.5871,0.1008,L2
1卖,MA55上穿MA89 + 距前高<=10%,507,0.0678,0.0612,1.107,0.6114,0.5871,0.0244,L2
1卖,MA55上穿MA89 + 相对强弱>=0,532,0.0732,0.0612,1.196,0.6297,0.5871,0.0426,L2
1卖,MA55上穿MA89 + 相对强弱>=5,421,0.0608,0.0444,1.367,0.6603,0.5871,0.0733,L2
1卖,放量 + 缩量,4179,0.5183,0.5618,0.922,0.5674,0.5871,-0.0197,L2
1卖,放量 + 量比大于1,7309,0.9473,0.9245,1.025,0.593,0.5871,0.0059,L2
1卖,放量 + 量比大于1_3,6512,0.8507,0.8142,1.045,0.5977,0.5871,0.0106,L2
1卖,放量 + 量比大于2,4282,0.5753,0.5127,1.122,0.6147,0.5871,0.0276,L2
1卖,放量 + 量能递增,7065,0.9224,0.8841,1.043,0.5973,0.5871,0.0102,L2
1卖,放量 + 价涨量增,6975,0.9043,0.8819,1.025,0.5931,0.5871,0.0061,L2
1卖,放量 + 价涨量缩,4098,0.5217,0.5317,0.981,0.5825,0.5871,-0.0046,L2
1卖,放量 + MACD_DIF大于0,7221,0.936,0.9133,1.025,0.593,0.5871,0.0059,L2
1卖,放量 + MACD金叉态,7222,0.9399,0.908,1.035,0.5954,0.5871,0.0083,L2
1卖,放量 + MACD柱递增,6411,0.8442,0.7921,1.066,0.6024,0.5871,0.0153,L2
1卖,放量 + MACD零轴上金叉,1371,0.1834,0.1653,1.109,0.612,0.5871,0.0249,L2
1卖,放量 + MACD底背离,130,0.0195,0.0127,1.527,0.6846,0.5871,0.0976,L2
1卖,放量 + BOLL收上中轨,7361,0.9523,0.9335,1.02,0.5919,0.5871,0.0048,L2
1卖,放量 + BOLL突破上轨,5182,0.7148,0.5942,1.203,0.631,0.5871,0.044,L2
1卖,放量 + BOLL触下轨反弹,201,0.0269,0.0242,1.109,0.6119,0.5871,0.0249,L2
1卖,放量 + BOLL开口扩张,7115,0.9285,0.8909,1.042,0.597,0.5871,0.01,L2
1卖,放量 + KDJ金叉态,7030,0.9152,0.8835,1.036,0.5956,0.5871,0.0085,L2
1卖,放量 + KDJ_J超卖,1179,0.1532,0.1485,1.032,0.5946,0.5871,0.0075,L2
1卖,放量 + KDJ_D小于30,190,0.0269,0.0208,1.291,0.6474,0.5871,0.0603,L2
1卖,放量 + RSI6大于50,7361,0.9521,0.9338,1.02,0.5918,0.5871,0.0047,L2
1卖,放量 + RSI金叉,2380,0.3043,0.307,0.991,0.5849,0.5871,-0.0022,L2
1卖,放量 + RSI6超卖,189,0.0236,0.0252,0.938,0.5714,0.5871,-0.0156,L2
1卖,放量 + RSI底背离,99,0.0149,0.0096,1.543,0.6869,0.5871,0.0998,L2
1卖,放量 + 威科夫得分大于4,5872,0.7589,0.7458,1.018,0.5913,0.5871,0.0042,L2
1卖,放量 + 威科夫得分大于7,4967,0.6555,0.6116,1.072,0.6038,0.5871,0.0167,L2
1卖,放量 + 积累阶段,197,0.0184,0.0351,0.523,0.4264,0.5871,-0.1607,L2
1卖,放量 + 威科夫B1突破,127,0.0138,0.0199,0.692,0.4961,0.5871,-0.091,L2
1卖,放量 + 黄金柱,525,0.0612,0.0761,0.804,0.5333,0.5871,-0.0537,L2
1卖,放量 + 量能金叉,2382,0.2911,0.3263,0.892,0.5592,0.5871,-0.0279,L2
1卖,放量 + 六脉红灯大于5,7068,0.9213,0.8866,1.039,0.5963,0.5871,0.0093,L2
1卖,放量 + 六脉红灯大于6,6819,0.8936,0.8487,1.053,0.5995,0.5871,0.0124,L2
1卖,放量 + 六脉6红首发,6819,0.8936,0.8487,1.053,0.5995,0.5871,0.0124,L2
1卖,放量 + 六脉5红首发,7068,0.9213,0.8866,1.039,0.5963,0.5871,0.0093,L2
1卖,放量 + 偏多共振,3746,0.5178,0.4279,1.21,0.6324,0.5871,0.0453,L2
1卖,放量 + 多头共振,3743,0.5176,0.4273,1.211,0.6326,0.5871,0.0456,L2
1卖,放量 + 火箭信号,1779,0.2737,0.1638,1.671,0.7038,0.5871,0.1167,L2
1卖,放量 + 二连板,437,0.073,0.032,2.281,0.7643,0.5871,0.1772,L2
1卖,放量 + 二次涨停,329,0.0538,0.0258,2.085,0.7477,0.5871,0.1607,L2
1卖,放量 + 纳财,930,0.1191,0.1196,0.996,0.586,0.5871,-0.001,L2
1卖,放量 + 中枢进机会区,209,0.0328,0.0183,1.788,0.7177,0.5871,0.1306,L2
1卖,放量 + 中枢极限底,101,0.0157,0.009,1.746,0.7129,0.5871,0.1258,L2
1卖,放量 + 中枢上穿中轴,1408,0.1902,0.1672,1.137,0.6179,0.5871,0.0308,L2
1卖,放量 + 中枢底部蓄力,212,0.0326,0.0196,1.664,0.7028,0.5871,0.1158,L2
1卖,放量 + 中枢底部回升,362,0.0516,0.0392,1.317,0.6519,0.5871,0.0649,L2
1卖,放量 + 大盘多头,4175,0.5274,0.5475,0.963,0.578,0.5871,-0.0091,L2
1卖,放量 + 大盘空头,1997,0.2704,0.2362,1.145,0.6194,0.5871,0.0324,L2
1卖,放量 + 大盘安全,5837,0.7569,0.7377,1.026,0.5933,0.5871,0.0062,L2
1卖,放量 + SID等于1,4175,0.5274,0.5475,0.963,0.578,0.5871,-0.0091,L2
1卖,放量 + SID等于2,4371,0.5823,0.5305,1.098,0.6095,0.5871,0.0224,L2
1卖,放量 + SID小于等于2,6586,0.8522,0.835,1.021,0.592,0.5871,0.0049,L2
1卖,放量 + 大盘5日上涨,6471,0.8407,0.8157,1.031,0.5943,0.5871,0.0073,L2
1卖,放量 + 相对强弱大于0,7154,0.9307,0.8999,1.034,0.5952,0.5871,0.0081,L2
1卖,放量 + 相对强弱大于5,5978,0.8111,0.7045,1.151,0.6208,0.5871,0.0337,L2
1卖,放量 + 量比>=1.3,4109,0.5556,0.4869,1.141,0.6186,0.5871,0.0316,L2
1卖,放量 + 量比>=2,2266,0.3187,0.2511,1.269,0.6434,0.5871,0.0564,L2
1卖,放量 + 距前高<=10%,6413,0.8208,0.826,0.994,0.5855,0.5871,-0.0015,L2
1卖,放量 + 距前低<=10%,287,0.0275,0.05,0.55,0.439,0.5871,-0.148,L2
1卖,放量 + 相对强弱>=0,6890,0.9014,0.8595,1.049,0.5985,0.5871,0.0115,L2
1卖,放量 + 相对强弱>=5,5202,0.7158,0.5988,1.195,0.6296,0.5871,0.0425,L2
1卖,缩量 + 量比大于1,4320,0.5325,0.5855,0.909,0.5639,0.5871,-0.0232,L2
1卖,缩量 + 量比大于1_3,3468,0.4341,0.4605,0.943,0.5727,0.5871,-0.0144,L2
1卖,缩量 + 量比大于2,1799,0.2352,0.2247,1.047,0.5981,0.5871,0.011,L2
1卖,缩量 + 量能递增,4141,0.5176,0.551,0.939,0.5718,0.5871,-0.0152,L2
1卖,缩量 + 价涨量增,3858,0.4798,0.5168,0.928,0.5689,0.5871,-0.0181,L2
1卖,缩量 + 价涨量缩,3034,0.3685,0.4189,0.88,0.5557,0.5871,-0.0314,L2
1卖,缩量 + MACD_DIF大于0,4495,0.5519,0.6122,0.902,0.5617,0.5871,-0.0253,L2
1卖,缩量 + MACD金叉态,4436,0.5478,0.5998,0.913,0.5649,0.5871,-0.0221,L2
1卖,缩量 + MACD柱递增,3639,0.4562,0.4823,0.946,0.5735,0.5871,-0.0136,L2
1卖,缩量 + MACD零轴上金叉,851,0.1104,0.1075,1.027,0.5934,0.5871,0.0064,L2
1卖,缩量 + MACD底背离,63,0.0094,0.0062,1.512,0.6825,0.5871,0.0955,L2
1卖,缩量 + BOLL收上中轨,4581,0.562,0.6246,0.9,0.5612,0.5871,-0.0258,L2
1卖,缩量 + BOLL突破上轨,2489,0.3353,0.2968,1.13,0.6163,0.5871,0.0292,L2
1卖,缩量 + BOLL触下轨反弹,115,0.014,0.0158,0.883,0.5565,0.5871,-0.0305,L2
1卖,缩量 + BOLL开口扩张,4285,0.532,0.5752,0.925,0.568,0.5871,-0.019,L2
1卖,缩量 + KDJ金叉态,4283,0.5277,0.5808,0.908,0.5636,0.5871,-0.0234,L2
1卖,缩量 + KDJ_J超卖,803,0.1023,0.1041,0.983,0.5828,0.5871,-0.0043,L2
1卖,缩量 + KDJ_D小于30,105,0.0149,0.0115,1.293,0.6476,0.5871,0.0606,L2
1卖,缩量 + RSI6大于50,4580,0.5615,0.6249,0.899,0.5609,0.5871,-0.0261,L2
1卖,缩量 + RSI金叉,1580,0.1945,0.2144,0.907,0.5633,0.5871,-0.0238,L2
1卖,缩量 + RSI6超卖,111,0.0144,0.014,1.032,0.5946,0.5871,0.0075,L2
1卖,缩量 + 威科夫得分大于4,3694,0.4518,0.5056,0.894,0.5596,0.5871,-0.0275,L2
1卖,缩量 + 威科夫得分大于7,3033,0.3755,0.4086,0.919,0.5664,0.5871,-0.0206,L2
1卖,缩量 + 积累阶段,126,0.0109,0.0236,0.463,0.3968,0.5871,-0.1902,L2
1卖,缩量 + 黄金柱,312,0.0339,0.0488,0.694,0.4968,0.5871,-0.0903,L2
1卖,缩量 + 量能金叉,1315,0.1548,0.1886,0.82,0.5384,0.5871,-0.0487,L2
1卖,缩量 + 六脉红灯大于5,4297,0.5307,0.5808,0.914,0.565,0.5871,-0.022,L2
1卖,缩量 + 六脉红灯大于6,4076,0.5064,0.5466,0.927,0.5684,0.5871,-0.0186,L2
1卖,缩量 + 六脉6红首发,4076,0.5064,0.5466,0.927,0.5684,0.5871,-0.0186,L2
1卖,缩量 + 六脉5红首发,4297,0.5307,0.5808,0.914,0.565,0.5871,-0.022,L2
1卖,缩量 + 偏多共振,2502,0.3244,0.3163,1.025,0.5931,0.5871,0.0061,L2
1卖,缩量 + 多头共振,2499,0.3242,0.3157,1.027,0.5934,0.5871,0.0064,L2
1卖,缩量 + 火箭信号,536,0.0798,0.0531,1.501,0.681,0.5871,0.0939,L2
1卖,缩量 + 二连板,105,0.017,0.0084,2.032,0.7429,0.5871,0.1558,L2
1卖,缩量 + 二次涨停,141,0.0219,0.0127,1.716,0.7092,0.5871,0.1222,L2
1卖,缩量 + 纳财,500,0.0616,0.0677,0.91,0.564,0.5871,-0.0231,L2
1卖,缩量 + 中枢进机会区,86,0.014,0.0068,2.046,0.7442,0.5871,0.1571,L2
1卖,缩量 + 中枢上穿中轴,596,0.0791,0.0727,1.088,0.6074,0.5871,0.0203,L2
1卖,缩量 + 中枢底部蓄力,70,0.0105,0.0068,1.535,0.6857,0.5871,0.0986,L2
1卖,缩量 + 中枢底部回升,138,0.019,0.0158,1.2,0.6304,0.5871,0.0434,L2
1卖,缩量 + 大盘多头,2647,0.3209,0.3664,0.876,0.5546,0.5871,-0.0325,L2
1卖,缩量 + 大盘空头,1193,0.1491,0.1588,0.939,0.5717,0.5871,-0.0154,L2
1卖,缩量 + 大盘安全,3782,0.4682,0.5096,0.919,0.5664,0.5871,-0.0207,L2
1卖,缩量 + SID等于1,2647,0.3209,0.3664,0.876,0.5546,0.5871,-0.0325,L2
1卖,缩量 + SID等于2,2598,0.3303,0.3378,0.978,0.5816,0.5871,-0.0055,L2
1卖,缩量 + SID小于等于2,4156,0.5121,0.5634,0.909,0.5638,0.5871,-0.0233,L2
1卖,缩量 + 大盘5日上涨,4131,0.5108,0.5575,0.916,0.5657,0.5871,-0.0213,L2
1卖,缩量 + 相对强弱大于0,4487,0.553,0.6081,0.909,0.5639,0.5871,-0.0232,L2
1卖,缩量 + 相对强弱大于5,3506,0.4553,0.4422,1.03,0.5941,0.5871,0.0071,L2
1卖,缩量 + 量比>=1.3,1749,0.2286,0.2185,1.047,0.5981,0.5871,0.011,L2
1卖,缩量 + 量比>=2,791,0.1126,0.0858,1.312,0.6511,0.5871,0.064,L2
1卖,缩量 + 距前高<=10%,4164,0.5056,0.5752,0.879,0.5555,0.5871,-0.0316,L2
1卖,缩量 + 距前低<=10%,207,0.0184,0.0382,0.48,0.4058,0.5871,-0.1813,L2
1卖,缩量 + 相对强弱>=0,4270,0.5287,0.5752,0.919,0.5665,0.5871,-0.0206,L2
1卖,缩量 + 相对强弱>=5,2866,0.377,0.3546,1.063,0.6019,0.5871,0.0148,L2
1卖,量比大于1 + 量比大于1_3,6537,0.8533,0.8182,1.043,0.5972,0.5871,0.0102,L2
1卖,量比大于1 + 量比大于2,4283,0.5753,0.5131,1.121,0.6145,0.5871,0.0275,L2
1卖,量比大于1 + 量能递增,7090,0.9257,0.8872,1.043,0.5973,0.5871,0.0103,L2
1卖,量比大于1 + 价涨量增,6946,0.9014,0.8769,1.028,0.5937,0.5871,0.0067,L2
1卖,量比大于1 + 价涨量缩,4222,0.5349,0.5516,0.97,0.5796,0.5871,-0.0075,L2
1卖,量比大于1 + MACD_DIF大于0,7368,0.9515,0.9369,1.016,0.5908,0.5871,0.0037,L2
1卖,量比大于1 + MACD金叉态,7353,0.9532,0.9298,1.025,0.5931,0.5871,0.006,L2
1卖,量比大于1 + MACD柱递增,6517,0.856,0.8083,1.059,0.6009,0.5871,0.0138,L2
1卖,量比大于1 + MACD零轴上金叉,1388,0.1851,0.1681,1.101,0.6102,0.5871,0.0232,L2
1卖,量比大于1 + MACD底背离,132,0.0195,0.0134,1.456,0.6742,0.5871,0.0872,L2
1卖,量比大于1 + BOLL收上中轨,7510,0.9679,0.9577,1.011,0.5896,0.5871,0.0025,L2
1卖,量比大于1 + BOLL突破上轨,5214,0.718,0.5994,1.198,0.63,0.5871,0.043,L2
1卖,量比大于1 + BOLL触下轨反弹,202,0.0269,0.0245,1.095,0.6089,0.5871,0.0218,L2
1卖,量比大于1 + BOLL开口扩张,7214,0.939,0.9068,1.036,0.5955,0.5871,0.0084,L2
1卖,量比大于1 + KDJ金叉态,7164,0.9292,0.9052,1.026,0.5934,0.5871,0.0063,L2
1卖,量比大于1 + KDJ_J超卖,1206,0.1558,0.1532,1.017,0.5912,0.5871,0.0041,L2
1卖,量比大于1 + KDJ_D小于30,193,0.0273,0.0211,1.293,0.6477,0.5871,0.0606,L2
1卖,量比大于1 + RSI6大于50,7511,0.9679,0.958,1.01,0.5895,0.5871,0.0025,L2
1卖,量比大于1 + RSI金叉,2440,0.3099,0.3176,0.976,0.5811,0.5871,-0.0059,L2
1卖,量比大于1 + RSI6超卖,189,0.0232,0.0258,0.898,0.5608,0.5871,-0.0262,L2
1卖,量比大于1 + RSI底背离,100,0.0149,0.0099,1.495,0.68,0.5871,0.0929,L2
1卖,量比大于1 + 威科夫得分大于4,5985,0.7705,0.7644,1.008,0.589,0.5871,0.0019,L2
1卖,量比大于1 + 威科夫得分大于7,5047,0.6632,0.6255,1.06,0.6011,0.5871,0.0141,L2
1卖,量比大于1 + 积累阶段,197,0.0184,0.0351,0.523,0.4264,0.5871,-0.1607,L2
1卖,量比大于1 + 威科夫B1突破,126,0.0138,0.0196,0.703,0.5,0.5871,-0.0871,L2
1卖,量比大于1 + 黄金柱,525,0.0612,0.0761,0.804,0.5333,0.5871,-0.0537,L2
1卖,量比大于1 + 量能金叉,2397,0.2931,0.3282,0.893,0.5594,0.5871,-0.0276,L2
1卖,量比大于1 + 六脉红灯大于5,7199,0.9353,0.9074,1.031,0.5944,0.5871,0.0073,L2
1卖,量比大于1 + 六脉红灯大于6,6931,0.9056,0.8664,1.045,0.5977,0.5871,0.0107,L2
1卖,量比大于1 + 六脉6红首发,6931,0.9056,0.8664,1.045,0.5977,0.5871,0.0107,L2
1卖,量比大于1 + 六脉5红首发,7199,0.9353,0.9074,1.031,0.5944,0.5871,0.0073,L2
1卖,量比大于1 + 偏多共振,3834,0.5266,0.4428,1.189,0.6283,0.5871,0.0413,L2
1卖,量比大于1 + 多头共振,3831,0.5263,0.4422,1.19,0.6286,0.5871,0.0415,L2
1卖,量比大于1 + 火箭信号,1779,0.2734,0.1641,1.667,0.7032,0.5871,0.1161,L2
1卖,量比大于1 + 二连板,437,0.073,0.032,2.281,0.7643,0.5871,0.1772,L2
1卖,量比大于1 + 二次涨停,329,0.0536,0.0261,2.052,0.7447,0.5871,0.1576,L2
1卖,量比大于1 + 纳财,932,0.1191,0.1203,0.991,0.5848,0.5871,-0.0023,L2
1卖,量比大于1 + 中枢进机会区,206,0.0323,0.018,1.795,0.7184,0.5871,0.1314,L2
1卖,量比大于1 + 中枢极限底,101,0.0157,0.009,1.746,0.7129,0.5871,0.1258,L2
1卖,量比大于1 + 中枢上穿中轴,1413,0.1908,0.1678,1.137,0.6178,0.5871,0.0308,L2
1卖,量比大于1 + 中枢底部蓄力,212,0.0326,0.0196,1.664,0.7028,0.5871,0.1158,L2
1卖,量比大于1 + 中枢底部回升,363,0.0518,0.0392,1.323,0.6529,0.5871,0.0658,L2
1卖,量比大于1 + 大盘多头,4278,0.5366,0.5665,0.947,0.5739,0.5871,-0.0132,L2
1卖,量比大于1 + 大盘空头,2018,0.273,0.239,1.142,0.6189,0.5871,0.0319,L2
1卖,量比大于1 + 大盘安全,5966,0.7707,0.7582,1.016,0.591,0.5871,0.004,L2
1卖,量比大于1 + SID等于1,4278,0.5366,0.5665,0.947,0.5739,0.5871,-0.0132,L2
1卖,量比大于1 + SID等于2,4449,0.5908,0.5426,1.089,0.6076,0.5871,0.0205,L2
1卖,量比大于1 + SID小于等于2,6726,0.8667,0.858,1.01,0.5895,0.5871,0.0024,L2
1卖,量比大于1 + 大盘5日上涨,6611,0.8555,0.8381,1.021,0.592,0.5871,0.005,L2
1卖,量比大于1 + 相对强弱大于0,7295,0.9456,0.9226,1.025,0.593,0.5871,0.0059,L2
1卖,量比大于1 + 相对强弱大于5,6058,0.8197,0.7172,1.143,0.619,0.5871,0.032,L2
1卖,量比大于1 + 量比>=1.3,4117,0.5569,0.4876,1.142,0.6189,0.5871,0.0318,L2
1卖,量比大于1 + 量比>=2,2267,0.3187,0.2514,1.268,0.6431,0.5871,0.0561,L2
1卖,量比大于1 + 距前高<=10%,6555,0.8354,0.8493,0.984,0.5831,0.5871,-0.004,L2
1卖,量比大于1 + 距前低<=10%,293,0.0275,0.0519,0.531,0.43,0.5871,-0.157,L2
1卖,量比大于1 + 相对强弱>=0,7015,0.9145,0.8797,1.04,0.5964,0.5871,0.0094,L2
1卖,量比大于1 + 相对强弱>=5,5255,0.722,0.6066,1.19,0.6285,0.5871,0.0415,L2
1卖,量比大于1_3 + 量比大于2,4283,0.5753,0.5131,1.121,0.6145,0.5871,0.0275,L2
1卖,量比大于1_3 + 量能递增,6270,0.8258,0.7744,1.066,0.6026,0.5871,0.0155,L2
1卖,量比大于1_3 + 价涨量增,6273,0.8201,0.7834,1.047,0.5981,0.5871,0.0111,L2
1卖,量比大于1_3 + 价涨量缩,3456,0.4435,0.4434,1.0,0.5871,0.5871,0.0,L2
1卖,量比大于1_3 + MACD_DIF大于0,6395,0.8365,0.798,1.048,0.5984,0.5871,0.0114,L2
1卖,量比大于1_3 + MACD金叉态,6409,0.8407,0.7965,1.055,0.6001,0.5871,0.013,L2
1卖,量比大于1_3 + MACD柱递增,5821,0.7705,0.7135,1.08,0.6056,0.5871,0.0185,L2
1卖,量比大于1_3 + MACD零轴上金叉,1319,0.1779,0.1569,1.134,0.6171,0.5871,0.0301,L2
1卖,量比大于1_3 + MACD底背离,126,0.0188,0.0124,1.512,0.6825,0.5871,0.0955,L2
1卖,量比大于1_3 + BOLL收上中轨,6532,0.8527,0.8176,1.043,0.5972,0.5871,0.0101,L2
1卖,量比大于1_3 + BOLL突破上轨,4848,0.668,0.5569,1.2,0.6304,0.5871,0.0433,L2
1卖,量比大于1_3 + BOLL触下轨反弹,192,0.0264,0.0221,1.199,0.6302,0.5871,0.0431,L2
1卖,量比大于1_3 + BOLL开口扩张,6323,0.8321,0.7819,1.064,0.6021,0.5871,0.015,L2
1卖,量比大于1_3 + KDJ金叉态,6252,0.8214,0.775,1.06,0.6011,0.5871,0.014,L2
1卖,量比大于1_3 + KDJ_J超卖,1087,0.1432,0.1342,1.066,0.6026,0.5871,0.0155,L2
1卖,量比大于1_3 + KDJ_D小于30,188,0.0269,0.0202,1.331,0.6543,0.5871,0.0672,L2
1卖,量比大于1_3 + RSI6大于50,6533,0.8527,0.8179,1.043,0.5971,0.5871,0.0101,L2
1卖,量比大于1_3 + RSI金叉,2164,0.2783,0.2769,1.005,0.5883,0.5871,0.0012,L2
1卖,量比大于1_3 + RSI6超卖,173,0.0216,0.023,0.941,0.5723,0.5871,-0.0148,L2
1卖,量比大于1_3 + RSI底背离,96,0.0144,0.0093,1.547,0.6875,0.5871,0.1004,L2
1卖,量比大于1_3 + 威科夫得分大于4,5165,0.6745,0.6461,1.044,0.5975,0.5871,0.0104,L2
1卖,量比大于1_3 + 威科夫得分大于7,4380,0.5843,0.5305,1.101,0.6103,0.5871,0.0232,L2
1卖,量比大于1_3 + 积累阶段,187,0.0177,0.0329,0.537,0.4332,0.5871,-0.1539,L2
1卖,量比大于1_3 + 威科夫B1突破,125,0.0136,0.0196,0.692,0.496,0.5871,-0.0911,L2
1卖,量比大于1_3 + 黄金柱,523,0.0608,0.0761,0.798,0.5315,0.5871,-0.0555,L2
1卖,量比大于1_3 + 量能金叉,2333,0.287,0.317,0.905,0.5628,0.5871,-0.0243,L2
1卖,量比大于1_3 + 六脉红灯大于5,6285,0.8262,0.7784,1.061,0.6014,0.5871,0.0144,L2
1卖,量比大于1_3 + 六脉红灯大于6,6079,0.8031,0.7474,1.075,0.6044,0.5871,0.0173,L2
1卖,量比大于1_3 + 六脉6红首发,6079,0.8031,0.7474,1.075,0.6044,0.5871,0.0173,L2
1卖,量比大于1_3 + 六脉5红首发,6285,0.8262,0.7784,1.061,0.6014,0.5871,0.0144,L2
1卖,量比大于1_3 + 偏多共振,3268,0.4562,0.367,1.243,0.6386,0.5871,0.0516,L2
1卖,量比大于1_3 + 多头共振,3265,0.456,0.3664,1.245,0.6389,0.5871,0.0518,L2
1卖,量比大于1_3 + 火箭信号,1748,0.268,0.1622,1.652,0.7014,0.5871,0.1143,L2
1卖,量比大于1_3 + 二连板,432,0.0721,0.0317,2.276,0.7639,0.5871,0.1768,L2
1卖,量比大于1_3 + 二次涨停,305,0.0494,0.0245,2.012,0.741,0.5871,0.1539,L2
1卖,量比大于1_3 + 纳财,856,0.1095,0.1103,0.993,0.5853,0.5871,-0.0018,L2
1卖,量比大于1_3 + 中枢进机会区,198,0.0313,0.0171,1.829,0.7222,0.5871,0.1352,L2
1卖,量比大于1_3 + 中枢极限底,97,0.0153,0.0084,1.824,0.7216,0.5871,0.1346,L2
1卖,量比大于1_3 + 中枢上穿中轴,1374,0.1862,0.1622,1.148,0.6201,0.5871,0.033,L2
1卖,量比大于1_3 + 中枢底部蓄力,211,0.0326,0.0193,1.69,0.7062,0.5871,0.1191,L2
1卖,量比大于1_3 + 中枢底部回升,358,0.0509,0.0388,1.311,0.6508,0.5871,0.0638,L2
1卖,量比大于1_3 + 大盘多头,3705,0.4702,0.4829,0.974,0.5806,0.5871,-0.0065,L2
1卖,量比大于1_3 + 大盘空头,1766,0.2433,0.2029,1.199,0.6302,0.5871,0.0432,L2
1卖,量比大于1_3 + 大盘安全,5161,0.6739,0.6457,1.044,0.5974,0.5871,0.0103,L2
1卖,量比大于1_3 + SID等于1,3705,0.4702,0.4829,0.974,0.5806,0.5871,-0.0065,L2
1卖,量比大于1_3 + SID等于2,3934,0.5272,0.473,1.115,0.6131,0.5871,0.0261,L2
1卖,量比大于1_3 + SID小于等于2,5844,0.762,0.7328,1.04,0.5965,0.5871,0.0094,L2
1卖,量比大于1_3 + 大盘5日上涨,5707,0.748,0.7101,1.053,0.5996,0.5871,0.0125,L2
1卖,量比大于1_3 + 相对强弱大于0,6339,0.8319,0.7871,1.057,0.6004,0.5871,0.0133,L2
1卖,量比大于1_3 + 相对强弱大于5,5304,0.7255,0.6168,1.176,0.6258,0.5871,0.0387,L2
1卖,量比大于1_3 + 量比>=1.3,4117,0.5569,0.4876,1.142,0.6189,0.5871,0.0318,L2
1卖,量比大于1_3 + 量比>=2,2267,0.3187,0.2514,1.268,0.6431,0.5871,0.0561,L2
1卖,量比大于1_3 + 距前高<=10%,5634,0.7252,0.7197,1.008,0.5889,0.5871,0.0019,L2
1卖,量比大于1_3 + 距前低<=10%,259,0.0254,0.0444,0.571,0.4479,0.5871,-0.1392,L2
1卖,量比大于1_3 + 相对强弱>=0,6102,0.8055,0.7511,1.072,0.6039,0.5871,0.0168,L2
1卖,量比大于1_3 + 相对强弱>=5,4618,0.6393,0.5261,1.215,0.6334,0.5871,0.0463,L2
1卖,量比大于2 + 量能递增,4241,0.5703,0.5071,1.124,0.6152,0.5871,0.0281,L2
1卖,量比大于2 + 价涨量增,4188,0.5609,0.504,1.113,0.6127,0.5871,0.0256,L2
1卖,量比大于2 + 价涨量缩,2084,0.2743,0.2576,1.065,0.6022,0.5871,0.0151,L2
1卖,量比大于2 + MACD_DIF大于0,4171,0.5611,0.4984,1.126,0.6154,0.5871,0.0284,L2
1卖,量比大于2 + MACD金叉态,4211,0.567,0.5025,1.128,0.616,0.5871,0.0289,L2
1卖,量比大于2 + MACD柱递增,4001,0.5427,0.4717,1.151,0.6206,0.5871,0.0335,L2
1卖,量比大于2 + MACD零轴上金叉,997,0.1388,0.1125,1.234,0.6369,0.5871,0.0498,L2
1卖,量比大于2 + MACD底背离,90,0.014,0.0081,1.731,0.7111,0.5871,0.124,L2
1卖,量比大于2 + BOLL收上中轨,4280,0.5749,0.5127,1.121,0.6145,0.5871,0.0274,L2
1卖,量比大于2 + BOLL突破上轨,3533,0.4929,0.3971,1.241,0.6383,0.5871,0.0512,L2
1卖,量比大于2 + BOLL触下轨反弹,127,0.019,0.0124,1.53,0.685,0.5871,0.098,L2
1卖,量比大于2 + BOLL开口扩张,4189,0.5657,0.4975,1.137,0.6178,0.5871,0.0307,L2
1卖,量比大于2 + KDJ金叉态,4121,0.5572,0.4885,1.141,0.6185,0.5871,0.0315,L2
1卖,量比大于2 + KDJ_J超卖,729,0.0981,0.087,1.128,0.6159,0.5871,0.0288,L2
1卖,量比大于2 + KDJ_D小于30,176,0.0254,0.0186,1.36,0.6591,0.5871,0.072,L2
1卖,量比大于2 + RSI6大于50,4280,0.5746,0.5131,1.12,0.6143,0.5871,0.0272,L2
1卖,量比大于2 + RSI金叉,1467,0.1899,0.1858,1.022,0.5924,0.5871,0.0053,L2
1卖,量比大于2 + RSI6超卖,102,0.0146,0.0109,1.346,0.6569,0.5871,0.0698,L2
1卖,量比大于2 + RSI底背离,79,0.0125,0.0068,1.822,0.7215,0.5871,0.1345,L2
1卖,量比大于2 + 威科夫得分大于4,3270,0.4413,0.3888,1.135,0.6174,0.5871,0.0304,L2
1卖,量比大于2 + 威科夫得分大于7,2761,0.3795,0.3185,1.191,0.6288,0.5871,0.0417,L2
1卖,量比大于2 + 积累阶段,158,0.0157,0.0267,0.589,0.4557,0.5871,-0.1314,L2
1卖,量比大于2 + 威科夫B1突破,123,0.0133,0.0193,0.692,0.4959,0.5871,-0.0911,L2
1卖,量比大于2 + 黄金柱,446,0.0529,0.0634,0.834,0.5426,0.5871,-0.0445,L2
1卖,量比大于2 + 量能金叉,1921,0.2446,0.2492,0.981,0.5825,0.5871,-0.0046,L2
1卖,量比大于2 + 六脉红灯大于5,4153,0.562,0.4916,1.143,0.6191,0.5871,0.032,L2
1卖,量比大于2 + 六脉红灯大于6,4051,0.5497,0.4773,1.152,0.6208,0.5871,0.0338,L2
1卖,量比大于2 + 六脉6红首发,4051,0.5497,0.4773,1.152,0.6208,0.5871,0.0338,L2
1卖,量比大于2 + 六脉5红首发,4153,0.562,0.4916,1.143,0.6191,0.5871,0.032,L2
1卖,量比大于2 + 偏多共振,1982,0.287,0.2079,1.38,0.6625,0.5871,0.0754,L2
1卖,量比大于2 + 多头共振,1980,0.2868,0.2076,1.382,0.6626,0.5871,0.0756,L2
1卖,量比大于2 + 火箭信号,1512,0.2304,0.1423,1.619,0.6971,0.5871,0.11,L2
1卖,量比大于2 + 二连板,394,0.066,0.0286,2.309,0.7665,0.5871,0.1794,L2
1卖,量比大于2 + 二次涨停,196,0.0317,0.0158,2.0,0.7398,0.5871,0.1527,L2
1卖,量比大于2 + 纳财,592,0.0767,0.0749,1.024,0.5929,0.5871,0.0058,L2
1卖,量比大于2 + 中枢进机会区,154,0.0251,0.0121,2.074,0.7468,0.5871,0.1597,L2
1卖,量比大于2 + 中枢极限底,75,0.0125,0.0056,2.227,0.76,0.5871,0.1729,L2
1卖,量比大于2 + 中枢上穿中轴,1194,0.1631,0.1392,1.171,0.6248,0.5871,0.0377,L2
1卖,量比大于2 + 中枢底部蓄力,200,0.0308,0.0183,1.681,0.705,0.5871,0.1179,L2
1卖,量比大于2 + 中枢底部回升,329,0.0477,0.0345,1.381,0.6626,0.5871,0.0755,L2
1卖,量比大于2 + 大盘多头,2392,0.3078,0.3058,1.006,0.5886,0.5871,0.0016,L2
1卖,量比大于2 + 大盘空头,1186,0.1707,0.1259,1.356,0.6585,0.5871,0.0715,L2
1卖,量比大于2 + 大盘安全,3336,0.4468,0.4015,1.113,0.6127,0.5871,0.0256,L2
1卖,量比大于2 + SID等于1,2392,0.3078,0.3058,1.006,0.5886,0.5871,0.0016,L2
1卖,量比大于2 + SID等于2,2640,0.3639,0.303,1.201,0.6307,0.5871,0.0436,L2
1卖,量比大于2 + SID小于等于2,3805,0.508,0.4602,1.104,0.6108,0.5871,0.0237,L2
1卖,量比大于2 + 大盘5日上涨,3702,0.4977,0.4428,1.124,0.6151,0.5871,0.028,L2
1卖,量比大于2 + 相对强弱大于0,4137,0.5574,0.4932,1.13,0.6164,0.5871,0.0293,L2
1卖,量比大于2 + 相对强弱大于5,3564,0.4951,0.4037,1.226,0.6355,0.5871,0.0485,L2
1卖,量比大于2 + 量比>=1.3,3231,0.4435,0.3735,1.187,0.628,0.5871,0.0409,L2
1卖,量比大于2 + 量比>=2,2267,0.3187,0.2514,1.268,0.6431,0.5871,0.0561,L2
1卖,量比大于2 + 距前高<=10%,3566,0.4739,0.4344,1.091,0.608,0.5871,0.0209,L2
1卖,量比大于2 + 距前低<=10%,164,0.0188,0.0242,0.776,0.5244,0.5871,-0.0627,L2
1卖,量比大于2 + 相对强弱>=0,3996,0.5403,0.4736,1.141,0.6186,0.5871,0.0316,L2
1卖,量比大于2 + 相对强弱>=5,3170,0.4431,0.3552,1.247,0.6394,0.5871,0.0524,L2
1卖,量能递增 + 价涨量增,6726,0.8787,0.8409,1.045,0.5977,0.5871,0.0106,L2
1卖,量能递增 + 价涨量缩,4167,0.5325,0.5379,0.99,0.5846,0.5871,-0.0025,L2
1卖,量能递增 + MACD_DIF大于0,7206,0.9381,0.9055,1.036,0.5956,0.5871,0.0085,L2
1卖,量能递增 + MACD金叉态,7225,0.9434,0.904,1.044,0.5974,0.5871,0.0103,L2
1卖,量能递增 + MACD柱递增,6408,0.8468,0.7874,1.075,0.6046,0.5871,0.0175,L2
1卖,量能递增 + MACD零轴上金叉,1323,0.1797,0.1557,1.154,0.6213,0.5871,0.0342,L2
1卖,量能递增 + MACD底背离,130,0.0195,0.0127,1.527,0.6846,0.5871,0.0976,L2
1卖,量能递增 + BOLL收上中轨,7341,0.9543,0.9245,1.032,0.5947,0.5871,0.0077,L2
1卖,量能递增 + BOLL突破上轨,5208,0.7176,0.5982,1.2,0.6304,0.5871,0.0433,L2
1卖,量能递增 + BOLL触下轨反弹,195,0.0267,0.0227,1.176,0.6256,0.5871,0.0386,L2
1卖,量能递增 + BOLL开口扩张,7152,0.9364,0.8912,1.051,0.599,0.5871,0.0119,L2
1卖,量能递增 + KDJ金叉态,7027,0.9185,0.8779,1.046,0.598,0.5871,0.0109,L2
1卖,量能递增 + KDJ_J超卖,1143,0.1491,0.1433,1.041,0.5967,0.5871,0.0096,L2
1卖,量能递增 + KDJ_D小于30,185,0.0258,0.0208,1.239,0.6378,0.5871,0.0508,L2
1卖,量能递增 + RSI6大于50,7341,0.9541,0.9248,1.032,0.5946,0.5871,0.0075,L2
1卖,量能递增 + RSI金叉,2302,0.2984,0.2912,1.025,0.593,0.5871,0.0059,L2
1卖,量能递增 + RSI6超卖,184,0.0236,0.0236,1.0,0.587,0.5871,-0.0001,L2
1卖,量能递增 + RSI底背离,99,0.0149,0.0096,1.543,0.6869,0.5871,0.0998,L2
1卖,量能递增 + 威科夫得分大于4,5869,0.7613,0.7415,1.027,0.5935,0.5871,0.0064,L2
1卖,量能递增 + 威科夫得分大于7,5014,0.6625,0.6162,1.075,0.6045,0.5871,0.0174,L2
1卖,量能递增 + 积累阶段,190,0.0184,0.0329,0.557,0.4421,0.5871,-0.145,L2
1卖,量能递增 + 威科夫B1突破,127,0.0138,0.0199,0.692,0.4961,0.5871,-0.091,L2
1卖,量能递增 + 黄金柱,496,0.0586,0.0709,0.827,0.5403,0.5871,-0.0467,L2
1卖,量能递增 + 量能金叉,2307,0.285,0.3117,0.914,0.5652,0.5871,-0.0218,L2
1卖,量能递增 + 六脉红灯大于5,7054,0.9233,0.8794,1.05,0.5988,0.5871,0.0117,L2
1卖,量能递增 + 六脉红灯大于6,6823,0.8973,0.8446,1.062,0.6016,0.5871,0.0146,L2
1卖,量能递增 + 六脉6红首发,6823,0.8973,0.8446,1.062,0.6016,0.5871,0.0146,L2
1卖,量能递增 + 六脉5红首发,7054,0.9233,0.8794,1.05,0.5988,0.5871,0.0117,L2
1卖,量能递增 + 偏多共振,3721,0.5158,0.4229,1.22,0.6342,0.5871,0.0472,L2
1卖,量能递增 + 多头共振,3717,0.5154,0.4223,1.22,0.6344,0.5871,0.0473,L2
1卖,量能递增 + 火箭信号,1774,0.2726,0.1638,1.664,0.7029,0.5871,0.1159,L2
1卖,量能递增 + 二连板,436,0.0728,0.032,2.274,0.7638,0.5871,0.1767,L2
1卖,量能递增 + 二次涨停,328,0.0536,0.0258,2.076,0.747,0.5871,0.1599,L2
1卖,量能递增 + 纳财,895,0.1152,0.1144,1.007,0.5888,0.5871,0.0018,L2
1卖,量能递增 + 中枢进机会区,209,0.033,0.018,1.831,0.7225,0.5871,0.1354,L2
1卖,量能递增 + 中枢极限底,101,0.0157,0.009,1.746,0.7129,0.5871,0.1258,L2
1卖,量能递增 + 中枢上穿中轴,1404,0.1904,0.1656,1.149,0.6204,0.5871,0.0333,L2
1卖,量能递增 + 中枢底部蓄力,209,0.0321,0.0193,1.668,0.7033,0.5871,0.1163,L2
1卖,量能递增 + 中枢底部回升,358,0.0511,0.0385,1.327,0.6536,0.5871,0.0666,L2
1卖,量能递增 + 大盘多头,4163,0.5285,0.5423,0.975,0.5808,0.5871,-0.0062,L2
1卖,量能递增 + 大盘空头,2005,0.2719,0.2365,1.15,0.6204,0.5871,0.0334,L2
1卖,量能递增 + 大盘安全,5828,0.7596,0.7312,1.039,0.5963,0.5871,0.0092,L2
1卖,量能递增 + SID等于1,4163,0.5285,0.5423,0.975,0.5808,0.5871,-0.0062,L2
1卖,量能递增 + SID等于2,4356,0.5847,0.5224,1.119,0.6141,0.5871,0.027,L2
1卖,量能递增 + SID小于等于2,6571,0.8542,0.8275,1.032,0.5947,0.5871,0.0077,L2
1卖,量能递增 + 大盘5日上涨,6446,0.8422,0.8058,1.045,0.5977,0.5871,0.0107,L2
1卖,量能递增 + 相对强弱大于0,7136,0.9327,0.8915,1.046,0.598,0.5871,0.0109,L2
1卖,量能递增 + 相对强弱大于5,6045,0.8186,0.7147,1.145,0.6195,0.5871,0.0325,L2
1卖,量能递增 + 量比>=1.3,4014,0.5456,0.4717,1.157,0.6218,0.5871,0.0348,L2
1卖,量能递增 + 量比>=2,2249,0.3163,0.2492,1.269,0.6434,0.5871,0.0563,L2
1卖,量能递增 + 距前高<=10%,6402,0.823,0.8195,1.004,0.5881,0.5871,0.001,L2
1卖,量能递增 + 距前低<=10%,286,0.028,0.0491,0.57,0.4476,0.5871,-0.1395,L2
1卖,量能递增 + 相对强弱>=0,6895,0.9051,0.8558,1.058,0.6006,0.5871,0.0135,L2
1卖,量能递增 + 相对强弱>=5,5282,0.7259,0.6094,1.191,0.6287,0.5871,0.0417,L2
1卖,价涨量增 + 价涨量缩,3730,0.4765,0.4817,0.989,0.5845,0.5871,-0.0026,L2
1卖,价涨量增 + MACD_DIF大于0,6838,0.8881,0.8623,1.03,0.5942,0.5871,0.0071,L2
1卖,价涨量增 + MACD金叉态,6853,0.8929,0.8602,1.038,0.5961,0.5871,0.009,L2
1卖,价涨量增 + MACD柱递增,6152,0.8105,0.7595,1.067,0.6027,0.5871,0.0157,L2
1卖,价涨量增 + MACD零轴上金叉,1342,0.1799,0.1613,1.115,0.6133,0.5871,0.0262,L2
1卖,价涨量增 + MACD底背离,123,0.0181,0.0124,1.46,0.6748,0.5871,0.0877,L2
1卖,价涨量增 + BOLL收上中轨,6970,0.9036,0.8813,1.025,0.5931,0.5871,0.006,L2
1卖,价涨量增 + BOLL突破上轨,5028,0.6907,0.5805,1.19,0.6285,0.5871,0.0414,L2
1卖,价涨量增 + BOLL触下轨反弹,191,0.0262,0.0221,1.189,0.6283,0.5871,0.0412,L2
1卖,价涨量增 + BOLL开口扩张,6752,0.882,0.8443,1.045,0.5976,0.5871,0.0105,L2
1卖,价涨量增 + KDJ金叉态,6682,0.8713,0.8378,1.04,0.5965,0.5871,0.0095,L2
1卖,价涨量增 + KDJ_J超卖,1069,0.1381,0.1358,1.017,0.5912,0.5871,0.0041,L2
1卖,价涨量增 + KDJ_D小于30,186,0.0262,0.0205,1.279,0.6452,0.5871,0.0581,L2
1卖,价涨量增 + RSI6大于50,6972,0.9038,0.8816,1.025,0.5931,0.5871,0.006,L2
1卖,价涨量增 + RSI金叉,2276,0.2898,0.2952,0.982,0.5826,0.5871,-0.0045,L2
1卖,价涨量增 + RSI6超卖,159,0.0203,0.0205,0.991,0.5849,0.5871,-0.0022,L2
1卖,价涨量增 + RSI底背离,98,0.0146,0.0096,1.52,0.6837,0.5871,0.0966,L2
1卖,价涨量增 + 威科夫得分大于4,5549,0.7193,0.7017,1.025,0.5931,0.5871,0.006,L2
1卖,价涨量增 + 威科夫得分大于7,4699,0.6216,0.5764,1.078,0.6052,0.5871,0.0182,L2
1卖,价涨量增 + 积累阶段,192,0.0179,0.0342,0.524,0.4271,0.5871,-0.16,L2
1卖,价涨量增 + 威科夫B1突破,126,0.0136,0.0199,0.681,0.4921,0.5871,-0.095,L2
1卖,价涨量增 + 黄金柱,521,0.0603,0.0761,0.792,0.5298,0.5871,-0.0573,L2
1卖,价涨量增 + 量能金叉,2321,0.2828,0.3191,0.886,0.5575,0.5871,-0.0295,L2
1卖,价涨量增 + 六脉红灯大于5,6717,0.8767,0.8409,1.043,0.5971,0.5871,0.0101,L2
1卖,价涨量增 + 六脉红灯大于6,6496,0.8516,0.808,1.054,0.5998,0.5871,0.0127,L2
1卖,价涨量增 + 六脉6红首发,6496,0.8516,0.808,1.054,0.5998,0.5871,0.0127,L2
1卖,价涨量增 + 六脉5红首发,6717,0.8767,0.8409,1.043,0.5971,0.5871,0.0101,L2
1卖,价涨量增 + 偏多共振,3507,0.4868,0.3978,1.224,0.635,0.5871,0.048,L2
1卖,价涨量增 + 多头共振,3504,0.4866,0.3971,1.225,0.6353,0.5871,0.0482,L2
1卖,价涨量增 + 火箭信号,1727,0.2645,0.1607,1.646,0.7006,0.5871,0.1136,L2
1卖,价涨量增 + 二连板,433,0.0726,0.0314,2.312,0.7667,0.5871,0.1797,L2
1卖,价涨量增 + 二次涨停,301,0.0485,0.0245,1.977,0.7375,0.5871,0.1505,L2
1卖,价涨量增 + 纳财,927,0.1187,0.1193,0.995,0.5858,0.5871,-0.0013,L2
1卖,价涨量增 + 中枢进机会区,193,0.0306,0.0165,1.858,0.7254,0.5871,0.1383,L2
1卖,价涨量增 + 中枢极限底,94,0.0149,0.0081,1.84,0.7234,0.5871,0.1363,L2
1卖,价涨量增 + 中枢上穿中轴,1376,0.1847,0.165,1.119,0.6141,0.5871,0.027,L2
1卖,价涨量增 + 中枢底部蓄力,210,0.0321,0.0196,1.641,0.7,0.5871,0.1129,L2
1卖,价涨量增 + 中枢底部回升,358,0.0507,0.0392,1.295,0.648,0.5871,0.061,L2
1卖,价涨量增 + 大盘多头,3953,0.4992,0.5186,0.963,0.5778,0.5871,-0.0093,L2
1卖,价涨量增 + 大盘空头,1883,0.2564,0.2206,1.162,0.6229,0.5871,0.0359,L2
1卖,价涨量增 + 大盘安全,5526,0.7176,0.697,1.03,0.5941,0.5871,0.007,L2
1卖,价涨量增 + SID等于1,3953,0.4992,0.5186,0.963,0.5778,0.5871,-0.0093,L2
1卖,价涨量增 + SID等于2,4151,0.5554,0.5003,1.11,0.6121,0.5871,0.0251,L2
1卖,价涨量增 + SID小于等于2,6243,0.8087,0.7902,1.023,0.5927,0.5871,0.0056,L2
1卖,价涨量增 + 大盘5日上涨,6128,0.7974,0.7707,1.035,0.5953,0.5871,0.0082,L2
1卖,价涨量增 + 相对强弱大于0,6769,0.882,0.8496,1.038,0.5961,0.5871,0.009,L2
1卖,价涨量增 + 相对强弱大于5,5672,0.769,0.6694,1.149,0.6202,0.5871,0.0332,L2
1卖,价涨量增 + 量比>=1.3,3987,0.5377,0.4745,1.133,0.617,0.5871,0.0299,L2
1卖,价涨量增 + 量比>=2,2206,0.3095,0.2455,1.261,0.6419,0.5871,0.0548,L2
1卖,价涨量增 + 距前高<=10%,6083,0.7819,0.7787,1.004,0.588,0.5871,0.001,L2
1卖,价涨量增 + 距前低<=10%,273,0.026,0.0479,0.544,0.4359,0.5871,-0.1512,L2
1卖,价涨量增 + 相对强弱>=0,6527,0.8549,0.8129,1.052,0.5992,0.5871,0.0121,L2
1卖,价涨量增 + 相对强弱>=5,4945,0.678,0.5727,1.184,0.6273,0.5871,0.0402,L2
1卖,价涨量缩 + MACD_DIF大于0,4405,0.5548,0.5802,0.956,0.5762,0.5871,-0.0109,L2
1卖,价涨量缩 + MACD金叉态,4382,0.5545,0.5733,0.967,0.579,0.5871,-0.0081,L2
1卖,价涨量缩 + MACD柱递增,3725,0.4793,0.4761,1.007,0.5887,0.5871,0.0017,L2
1卖,价涨量缩 + MACD零轴上金叉,699,0.0927,0.0855,1.084,0.6066,0.5871,0.0195,L2
1卖,价涨量缩 + MACD底背离,51,0.0079,0.0047,1.688,0.7059,0.5871,0.1188,L2
1卖,价涨量缩 + BOLL收上中轨,4483,0.5639,0.5914,0.954,0.5755,0.5871,-0.0116,L2
1卖,价涨量缩 + BOLL突破上轨,2808,0.3832,0.3278,1.169,0.6243,0.5871,0.0372,L2
1卖,价涨量缩 + BOLL触下轨反弹,98,0.0131,0.0118,1.111,0.6122,0.5871,0.0252,L2
1卖,价涨量缩 + BOLL开口扩张,4275,0.5445,0.5544,0.982,0.5827,0.5871,-0.0044,L2
1卖,价涨量缩 + KDJ金叉态,4221,0.536,0.5497,0.975,0.5809,0.5871,-0.0062,L2
1卖,价涨量缩 + KDJ_J超卖,594,0.075,0.078,0.961,0.5774,0.5871,-0.0096,L2
1卖,价涨量缩 + KDJ_D小于30,93,0.0133,0.0099,1.341,0.6559,0.5871,0.0688,L2
1卖,价涨量缩 + RSI6大于50,4482,0.5635,0.5917,0.952,0.5752,0.5871,-0.0119,L2
1卖,价涨量缩 + RSI金叉,1483,0.1851,0.1976,0.937,0.5711,0.5871,-0.0159,L2
1卖,价涨量缩 + RSI6超卖,92,0.0103,0.014,0.735,0.5109,0.5871,-0.0762,L2
1卖,价涨量缩 + 威科夫得分大于4,3580,0.4483,0.4751,0.944,0.5729,0.5871,-0.0142,L2
1卖,价涨量缩 + 威科夫得分大于7,3013,0.3869,0.3863,1.002,0.5875,0.5871,0.0004,L2
1卖,价涨量缩 + 积累阶段,101,0.0092,0.0183,0.501,0.4158,0.5871,-0.1712,L2
1卖,价涨量缩 + 黄金柱,246,0.0269,0.0382,0.703,0.5,0.5871,-0.0871,L2
1卖,价涨量缩 + 量能金叉,1158,0.1381,0.1635,0.845,0.5458,0.5871,-0.0413,L2
1卖,价涨量缩 + 六脉红灯大于5,4243,0.539,0.5522,0.976,0.5812,0.5871,-0.0059,L2
1卖,价涨量缩 + 六脉红灯大于6,4056,0.5176,0.5245,0.987,0.5838,0.5871,-0.0032,L2
1卖,价涨量缩 + 六脉6红首发,4056,0.5176,0.5245,0.987,0.5838,0.5871,-0.0032,L2
1卖,价涨量缩 + 六脉5红首发,4243,0.539,0.5522,0.976,0.5812,0.5871,-0.0059,L2
1卖,价涨量缩 + 偏多共振,2354,0.3156,0.2828,1.116,0.6134,0.5871,0.0264,L2
1卖,价涨量缩 + 多头共振,2353,0.3154,0.2828,1.115,0.6133,0.5871,0.0262,L2
1卖,价涨量缩 + 火箭信号,800,0.1222,0.0749,1.632,0.6987,0.5871,0.1117,L2
1卖,价涨量缩 + 二连板,183,0.0313,0.0124,2.515,0.7814,0.5871,0.1944,L2
1卖,价涨量缩 + 二次涨停,210,0.0345,0.0162,2.137,0.7524,0.5871,0.1653,L2
1卖,价涨量缩 + 纳财,408,0.0529,0.0516,1.025,0.5931,0.5871,0.0061,L2
1卖,价涨量缩 + 中枢进机会区,89,0.0146,0.0068,2.142,0.7528,0.5871,0.1657,L2
1卖,价涨量缩 + 中枢上穿中轴,751,0.0981,0.0938,1.046,0.5979,0.5871,0.0108,L2
1卖,价涨量缩 + 中枢底部蓄力,84,0.0125,0.0084,1.485,0.6786,0.5871,0.0915,L2
1卖,价涨量缩 + 中枢底部回升,150,0.0208,0.0171,1.215,0.6333,0.5871,0.0463,L2
1卖,价涨量缩 + 大盘多头,2631,0.3266,0.3533,0.924,0.5678,0.5871,-0.0192,L2
1卖,价涨量缩 + 大盘空头,1162,0.1506,0.147,1.025,0.5929,0.5871,0.0059,L2
1卖,价涨量缩 + 大盘安全,3676,0.466,0.4798,0.971,0.58,0.5871,-0.0071,L2
1卖,价涨量缩 + SID等于1,2631,0.3266,0.3533,0.924,0.5678,0.5871,-0.0192,L2
1卖,价涨量缩 + SID等于2,2645,0.3475,0.3278,1.06,0.6011,0.5871,0.0141,L2
1卖,价涨量缩 + SID小于等于2,4056,0.5119,0.5326,0.961,0.5774,0.5871,-0.0096,L2
1卖,价涨量缩 + 大盘5日上涨,4010,0.5075,0.5245,0.968,0.5791,0.5871,-0.008,L2
1卖,价涨量缩 + 相对强弱大于0,4325,0.546,0.5677,0.962,0.5776,0.5871,-0.0095,L2
1卖,价涨量缩 + 相对强弱大于5,3561,0.4678,0.4416,1.059,0.601,0.5871,0.0139,L2
1卖,价涨量缩 + 量比>=1.3,2009,0.2691,0.2418,1.113,0.6127,0.5871,0.0257,L2
1卖,价涨量缩 + 量比>=2,1078,0.1486,0.1237,1.202,0.6308,0.5871,0.0437,L2
1卖,价涨量缩 + 距前高<=10%,3959,0.4925,0.5301,0.929,0.5691,0.5871,-0.018,L2
1卖,价涨量缩 + 距前低<=10%,164,0.0153,0.0292,0.524,0.4268,0.5871,-0.1602,L2
1卖,价涨量缩 + 相对强弱>=0,4138,0.5244,0.5404,0.97,0.5797,0.5871,-0.0073,L2
1卖,价涨量缩 + 相对强弱>=5,3024,0.4042,0.3651,1.107,0.6114,0.5871,0.0244,L2
1卖,MACD_DIF大于0 + MACD金叉态,7486,0.9687,0.949,1.021,0.592,0.5871,0.005,L2
1卖,MACD_DIF大于0 + MACD柱递增,6537,0.8584,0.8111,1.058,0.6007,0.5871,0.0137,L2
1卖,MACD_DIF大于0 + MACD零轴上金叉,1406,0.1875,0.1703,1.101,0.6102,0.5871,0.0232,L2
1卖,MACD_DIF大于0 + MACD底背离,113,0.017,0.0109,1.568,0.6903,0.5871,0.1032,L2
1卖,MACD_DIF大于0 + BOLL收上中轨,7643,0.9827,0.9779,1.005,0.5883,0.5871,0.0012,L2
1卖,MACD_DIF大于0 + BOLL突破上轨,5257,0.7235,0.605,1.196,0.6296,0.5871,0.0426,L2
1卖,MACD_DIF大于0 + BOLL触下轨反弹,183,0.0249,0.0214,1.162,0.623,0.5871,0.0359,L2
1卖,MACD_DIF大于0 + BOLL开口扩张,7348,0.9537,0.9276,1.028,0.5938,0.5871,0.0067,L2
1卖,MACD_DIF大于0 + KDJ金叉态,7263,0.9403,0.9201,1.022,0.5923,0.5871,0.0053,L2
1卖,MACD_DIF大于0 + KDJ_J超卖,1204,0.1548,0.1541,1.004,0.588,0.5871,0.001,L2
1卖,MACD_DIF大于0 + KDJ_D小于30,151,0.0221,0.0155,1.421,0.6689,0.5871,0.0818,L2
1卖,MACD_DIF大于0 + RSI6大于50,7641,0.9821,0.9782,1.004,0.588,0.5871,0.0009,L2
1卖,MACD_DIF大于0 + RSI金叉,2438,0.3099,0.317,0.978,0.5816,0.5871,-0.0054,L2
1卖,MACD_DIF大于0 + RSI6超卖,178,0.0221,0.0239,0.923,0.5674,0.5871,-0.0196,L2
1卖,MACD_DIF大于0 + RSI底背离,80,0.0125,0.0071,1.743,0.7125,0.5871,0.1254,L2
1卖,MACD_DIF大于0 + 威科夫得分大于4,6183,0.7939,0.7927,1.001,0.5874,0.5871,0.0004,L2
1卖,MACD_DIF大于0 + 威科夫得分大于7,5228,0.6842,0.652,1.049,0.5987,0.5871,0.0116,L2
1卖,MACD_DIF大于0 + 积累阶段,147,0.0138,0.0261,0.528,0.4286,0.5871,-0.1585,L2
1卖,MACD_DIF大于0 + 威科夫B1突破,120,0.0136,0.018,0.752,0.5167,0.5871,-0.0704,L2
1卖,MACD_DIF大于0 + 黄金柱,502,0.0586,0.0727,0.806,0.5339,0.5871,-0.0532,L2
1卖,MACD_DIF大于0 + 量能金叉,2335,0.2855,0.3198,0.893,0.5593,0.5871,-0.0278,L2
1卖,MACD_DIF大于0 + 六脉红灯大于5,7287,0.9451,0.9208,1.026,0.5934,0.5871,0.0063,L2
1卖,MACD_DIF大于0 + 六脉红灯大于6,7005,0.9134,0.8782,1.04,0.5966,0.5871,0.0095,L2
1卖,MACD_DIF大于0 + 六脉6红首发,7005,0.9134,0.8782,1.04,0.5966,0.5871,0.0095,L2
1卖,MACD_DIF大于0 + 六脉5红首发,7287,0.9451,0.9208,1.026,0.5934,0.5871,0.0063,L2
1卖,MACD_DIF大于0 + 偏多共振,3993,0.5464,0.464,1.178,0.6261,0.5871,0.039,L2
1卖,MACD_DIF大于0 + 多头共振,3989,0.546,0.4633,1.178,0.6262,0.5871,0.0392,L2
1卖,MACD_DIF大于0 + 火箭信号,1756,0.2713,0.16,1.695,0.7067,0.5871,0.1197,L2
1卖,MACD_DIF大于0 + 二连板,435,0.0728,0.0317,2.296,0.7655,0.5871,0.1785,L2
1卖,MACD_DIF大于0 + 二次涨停,327,0.0536,0.0255,2.102,0.7492,0.5871,0.1622,L2
1卖,MACD_DIF大于0 + 纳财,919,0.1174,0.1187,0.989,0.5843,0.5871,-0.0027,L2
1卖,MACD_DIF大于0 + 中枢进机会区,180,0.0291,0.0146,1.99,0.7389,0.5871,0.1518,L2
1卖,MACD_DIF大于0 + 中枢极限底,90,0.014,0.0081,1.731,0.7111,0.5871,0.124,L2
1卖,MACD_DIF大于0 + 中枢上穿中轴,1321,0.1795,0.1554,1.155,0.6215,0.5871,0.0344,L2
1卖,MACD_DIF大于0 + 中枢底部蓄力,170,0.0264,0.0152,1.737,0.7118,0.5871,0.1247,L2
1卖,MACD_DIF大于0 + 中枢底部回升,306,0.0444,0.032,1.386,0.6634,0.5871,0.0763,L2
1卖,MACD_DIF大于0 + 大盘多头,4363,0.548,0.5768,0.95,0.5746,0.5871,-0.0125,L2
1卖,MACD_DIF大于0 + 大盘空头,2048,0.2752,0.2452,1.122,0.6147,0.5871,0.0277,L2
1卖,MACD_DIF大于0 + 大盘安全,6100,0.786,0.7781,1.01,0.5895,0.5871,0.0024,L2
1卖,MACD_DIF大于0 + SID等于1,4363,0.548,0.5768,0.95,0.5746,0.5871,-0.0125,L2
1卖,MACD_DIF大于0 + SID等于2,4507,0.5978,0.5507,1.086,0.6068,0.5871,0.0198,L2
1卖,MACD_DIF大于0 + SID小于等于2,6857,0.8817,0.8773,1.005,0.5883,0.5871,0.0012,L2
1卖,MACD_DIF大于0 + 大盘5日上涨,6736,0.8704,0.8558,1.017,0.5912,0.5871,0.0041,L2
1卖,MACD_DIF大于0 + 相对强弱大于0,7439,0.9626,0.9431,1.021,0.592,0.5871,0.0049,L2
1卖,MACD_DIF大于0 + 相对强弱大于5,6222,0.838,0.7421,1.129,0.6162,0.5871,0.0291,L2
1卖,MACD_DIF大于0 + 量比>=1.3,4010,0.5432,0.4739,1.146,0.6197,0.5871,0.0326,L2
1卖,MACD_DIF大于0 + 量比>=2,2195,0.3089,0.243,1.271,0.6437,0.5871,0.0567,L2
1卖,MACD_DIF大于0 + 距前高<=10%,6740,0.8562,0.8773,0.976,0.5812,0.5871,-0.0059,L2
1卖,MACD_DIF大于0 + 距前低<=10%,247,0.0227,0.0444,0.512,0.4211,0.5871,-0.166,L2
1卖,MACD_DIF大于0 + 相对强弱>=0,7164,0.932,0.9012,1.034,0.5952,0.5871,0.0081,L2
1卖,MACD_DIF大于0 + 相对强弱>=5,5387,0.7379,0.6249,1.181,0.6267,0.5871,0.0396,L2
1卖,MACD金叉态 + MACD柱递增,6571,0.863,0.8151,1.059,0.6008,0.5871,0.0138,L2
1卖,MACD金叉态 + MACD零轴上金叉,1406,0.1875,0.1703,1.101,0.6102,0.5871,0.0232,L2
1卖,MACD金叉态 + MACD底背离,118,0.0177,0.0115,1.54,0.6864,0.5871,0.0994,L2
1卖,MACD金叉态 + BOLL收上中轨,7622,0.984,0.9695,1.015,0.5907,0.5871,0.0036,L2
1卖,MACD金叉态 + BOLL突破上轨,5257,0.7233,0.6053,1.195,0.6294,0.5871,0.0424,L2
1卖,MACD金叉态 + BOLL触下轨反弹,161,0.0227,0.0177,1.283,0.646,0.5871,0.0589,L2
1卖,MACD金叉态 + BOLL开口扩张,7344,0.9548,0.9248,1.032,0.5948,0.5871,0.0077,L2
1卖,MACD金叉态 + KDJ金叉态,7269,0.9436,0.9173,1.029,0.5939,0.5871,0.0068,L2
1卖,MACD金叉态 + KDJ_J超卖,1164,0.1519,0.1457,1.042,0.5971,0.5871,0.01,L2
1卖,MACD金叉态 + KDJ_D小于30,173,0.0243,0.0193,1.259,0.6416,0.5871,0.0546,L2
1卖,MACD金叉态 + RSI6大于50,7621,0.9838,0.9695,1.015,0.5906,0.5871,0.0035,L2
1卖,MACD金叉态 + RSI金叉,2363,0.3054,0.3002,1.017,0.5912,0.5871,0.0041,L2
1卖,MACD金叉态 + RSI6超卖,173,0.0225,0.0218,1.035,0.5954,0.5871,0.0083,L2
1卖,MACD金叉态 + RSI底背离,86,0.0129,0.0084,1.537,0.686,0.5871,0.099,L2
1卖,MACD金叉态 + 威科夫得分大于4,6095,0.7873,0.7747,1.016,0.591,0.5871,0.0039,L2
1卖,MACD金叉态 + 威科夫得分大于7,5150,0.6789,0.6352,1.069,0.6031,0.5871,0.016,L2
1卖,MACD金叉态 + 积累阶段,188,0.0168,0.0345,0.488,0.4096,0.5871,-0.1775,L2
1卖,MACD金叉态 + 威科夫B1突破,127,0.0138,0.0199,0.692,0.4961,0.5871,-0.091,L2
1卖,MACD金叉态 + 黄金柱,496,0.0588,0.0705,0.834,0.5423,0.5871,-0.0447,L2
1卖,MACD金叉态 + 量能金叉,2340,0.2883,0.3173,0.909,0.5637,0.5871,-0.0234,L2
1卖,MACD金叉态 + 六脉红灯大于5,7314,0.9493,0.9232,1.028,0.5938,0.5871,0.0067,L2
1卖,MACD金叉态 + 六脉红灯大于6,7054,0.9187,0.886,1.037,0.5958,0.5871,0.0088,L2
1卖,MACD金叉态 + 六脉6红首发,7054,0.9187,0.886,1.037,0.5958,0.5871,0.0088,L2
1卖,MACD金叉态 + 六脉5红首发,7314,0.9493,0.9232,1.028,0.5938,0.5871,0.0067,L2
1卖,MACD金叉态 + 偏多共振,3886,0.5368,0.4444,1.208,0.632,0.5871,0.0449,L2
1卖,MACD金叉态 + 多头共振,3882,0.5364,0.4438,1.209,0.6321,0.5871,0.0451,L2
1卖,MACD金叉态 + 火箭信号,1774,0.2726,0.1638,1.664,0.7029,0.5871,0.1159,L2
1卖,MACD金叉态 + 二连板,437,0.073,0.032,2.281,0.7643,0.5871,0.1772,L2
1卖,MACD金叉态 + 二次涨停,328,0.0536,0.0258,2.076,0.747,0.5871,0.1599,L2
1卖,MACD金叉态 + 纳财,921,0.1183,0.1181,1.001,0.5874,0.5871,0.0003,L2
1卖,MACD金叉态 + 中枢进机会区,197,0.0317,0.0162,1.961,0.736,0.5871,0.149,L2
1卖,MACD金叉态 + 中枢极限底,95,0.0151,0.0081,1.867,0.7263,0.5871,0.1393,L2
1卖,MACD金叉态 + 中枢上穿中轴,1390,0.188,0.1647,1.141,0.6187,0.5871,0.0316,L2
1卖,MACD金叉态 + 中枢底部蓄力,209,0.0319,0.0196,1.63,0.6986,0.5871,0.1115,L2
1卖,MACD金叉态 + 中枢底部回升,359,0.0511,0.0388,1.317,0.6518,0.5871,0.0647,L2
1卖,MACD金叉态 + 大盘多头,4329,0.5451,0.5702,0.956,0.5761,0.5871,-0.011,L2
1卖,MACD金叉态 + 大盘空头,2064,0.2787,0.2452,1.137,0.6177,0.5871,0.0307,L2
1卖,MACD金叉态 + 大盘安全,6075,0.7869,0.7691,1.023,0.5926,0.5871,0.0055,L2
1卖,MACD金叉态 + SID等于1,4329,0.5451,0.5702,0.956,0.5761,0.5871,-0.011,L2
1卖,MACD金叉态 + SID等于2,4496,0.6009,0.5429,1.107,0.6114,0.5871,0.0244,L2
1卖,MACD金叉态 + SID小于等于2,6835,0.8833,0.8682,1.017,0.5912,0.5871,0.0042,L2
1卖,MACD金叉态 + 大盘5日上涨,6724,0.8721,0.8496,1.027,0.5934,0.5871,0.0063,L2
1卖,MACD金叉态 + 相对强弱大于0,7430,0.9633,0.9394,1.025,0.5931,0.5871,0.0061,L2
1卖,MACD金叉态 + 相对强弱大于5,6241,0.8407,0.7443,1.13,0.6162,0.5871,0.0292,L2
1卖,MACD金叉态 + 量比>=1.3,4023,0.5471,0.4723,1.158,0.6222,0.5871,0.0351,L2
1卖,MACD金叉态 + 量比>=2,2216,0.3123,0.2446,1.277,0.6449,0.5871,0.0578,L2
1卖,MACD金叉态 + 距前高<=10%,6665,0.8522,0.8595,0.992,0.585,0.5871,-0.0021,L2
1卖,MACD金叉态 + 距前低<=10%,291,0.0273,0.0516,0.53,0.4296,0.5871,-0.1575,L2
1卖,MACD金叉态 + 相对强弱>=0,7172,0.934,0.9009,1.037,0.5958,0.5871,0.0087,L2
1卖,MACD金叉态 + 相对强弱>=5,5414,0.7412,0.6287,1.179,0.6263,0.5871,0.0393,L2
1卖,MACD柱递增 + MACD零轴上金叉,1348,0.181,0.1616,1.12,0.6142,0.5871,0.0272,L2
1卖,MACD柱递增 + MACD底背离,114,0.0168,0.0115,1.464,0.6754,0.5871,0.0884,L2
1卖,MACD柱递增 + BOLL收上中轨,6673,0.8739,0.8313,1.051,0.5991,0.5871,0.0121,L2
1卖,MACD柱递增 + BOLL突破上轨,4996,0.6887,0.5733,1.201,0.6307,0.5871,0.0436,L2
1卖,MACD柱递增 + BOLL触下轨反弹,160,0.0221,0.0183,1.204,0.6312,0.5871,0.0442,L2
1卖,MACD柱递增 + BOLL开口扩张,6510,0.8566,0.8052,1.064,0.602,0.5871,0.0149,L2
1卖,MACD柱递增 + KDJ金叉态,6543,0.8608,0.8095,1.063,0.6019,0.5871,0.0148,L2
1卖,MACD柱递增 + KDJ_J超卖,823,0.1113,0.0976,1.14,0.6185,0.5871,0.0314,L2
1卖,MACD柱递增 + KDJ_D小于30,187,0.0264,0.0205,1.29,0.6471,0.5871,0.06,L2
1卖,MACD柱递增 + RSI6大于50,6675,0.8743,0.8313,1.052,0.5993,0.5871,0.0122,L2
1卖,MACD柱递增 + RSI金叉,1965,0.2562,0.2464,1.04,0.5964,0.5871,0.0094,L2
1卖,MACD柱递增 + RSI6超卖,132,0.0168,0.0171,0.985,0.5833,0.5871,-0.0037,L2
1卖,MACD柱递增 + RSI底背离,81,0.0118,0.0084,1.407,0.6667,0.5871,0.0796,L2
1卖,MACD柱递增 + 威科夫得分大于4,5284,0.6933,0.6563,1.056,0.6003,0.5871,0.0132,L2
1卖,MACD柱递增 + 威科夫得分大于7,4514,0.6035,0.5447,1.108,0.6117,0.5871,0.0246,L2
1卖,MACD柱递增 + 积累阶段,185,0.0173,0.0329,0.524,0.427,0.5871,-0.16,L2
1卖,MACD柱递增 + 威科夫B1突破,126,0.0138,0.0196,0.703,0.5,0.5871,-0.0871,L2
1卖,MACD柱递增 + 黄金柱,457,0.0542,0.0649,0.835,0.5427,0.5871,-0.0444,L2
1卖,MACD柱递增 + 量能金叉,2192,0.273,0.293,0.932,0.5698,0.5871,-0.0173,L2
1卖,MACD柱递增 + 六脉红灯大于5,6588,0.8662,0.8157,1.062,0.6015,0.5871,0.0145,L2
1卖,MACD柱递增 + 六脉红灯大于6,6466,0.8531,0.7965,1.071,0.6036,0.5871,0.0166,L2
1卖,MACD柱递增 + 六脉6红首发,6466,0.8531,0.7965,1.071,0.6036,0.5871,0.0166,L2
1卖,MACD柱递增 + 六脉5红首发,6588,0.8662,0.8157,1.062,0.6015,0.5871,0.0145,L2
1卖,MACD柱递增 + 偏多共振,3373,0.4726,0.3763,1.256,0.641,0.5871,0.0539,L2
1卖,MACD柱递增 + 多头共振,3369,0.4721,0.3757,1.257,0.6411,0.5871,0.0541,L2
1卖,MACD柱递增 + 火箭信号,1714,0.2638,0.1576,1.675,0.7042,0.5871,0.1171,L2
1卖,MACD柱递增 + 二连板,437,0.073,0.032,2.281,0.7643,0.5871,0.1772,L2
1卖,MACD柱递增 + 二次涨停,299,0.0485,0.0239,2.028,0.7425,0.5871,0.1554,L2
1卖,MACD柱递增 + 纳财,821,0.1069,0.1032,1.036,0.5956,0.5871,0.0085,L2
1卖,MACD柱递增 + 中枢进机会区,164,0.0264,0.0134,1.979,0.7378,0.5871,0.1507,L2
1卖,MACD柱递增 + 中枢极限底,77,0.0122,0.0065,1.876,0.7273,0.5871,0.1402,L2
1卖,MACD柱递增 + 中枢上穿中轴,1355,0.1836,0.16,1.147,0.6199,0.5871,0.0329,L2
1卖,MACD柱递增 + 中枢底部蓄力,211,0.0323,0.0196,1.652,0.7014,0.5871,0.1144,L2
1卖,MACD柱递增 + 中枢底部回升,361,0.0516,0.0388,1.328,0.6537,0.5871,0.0667,L2
1卖,MACD柱递增 + 大盘多头,3798,0.4837,0.4925,0.982,0.5827,0.5871,-0.0044,L2
1卖,MACD柱递增 + 大盘空头,1836,0.2509,0.2138,1.174,0.6253,0.5871,0.0382,L2
1卖,MACD柱递增 + 大盘安全,5326,0.6984,0.6622,1.055,0.5999,0.5871,0.0128,L2
1卖,MACD柱递增 + SID等于1,3798,0.4837,0.4925,0.982,0.5827,0.5871,-0.0044,L2
1卖,MACD柱递增 + SID等于2,3976,0.537,0.472,1.138,0.618,0.5871,0.0309,L2
1卖,MACD柱递增 + SID小于等于2,5993,0.7845,0.747,1.05,0.5989,0.5871,0.0118,L2
1卖,MACD柱递增 + 大盘5日上涨,5906,0.7764,0.7315,1.061,0.6014,0.5871,0.0144,L2
1卖,MACD柱递增 + 相对强弱大于0,6483,0.8536,0.8011,1.065,0.6023,0.5871,0.0153,L2
1卖,MACD柱递增 + 相对强弱大于5,5473,0.7469,0.6389,1.169,0.6243,0.5871,0.0373,L2
1卖,MACD柱递增 + 量比>=1.3,3719,0.5089,0.4323,1.177,0.626,0.5871,0.0389,L2
1卖,MACD柱递增 + 量比>=2,2115,0.301,0.2293,1.312,0.6511,0.5871,0.064,L2
1卖,MACD柱递增 + 距前高<=10%,5808,0.7539,0.7331,1.028,0.5938,0.5871,0.0068,L2
1卖,MACD柱递增 + 距前低<=10%,252,0.023,0.0457,0.502,0.4167,0.5871,-0.1704,L2
1卖,MACD柱递增 + 相对强弱>=0,6268,0.8291,0.7691,1.078,0.6051,0.5871,0.0181,L2
1卖,MACD柱递增 + 相对强弱>=5,4831,0.668,0.5516,1.211,0.6326,0.5871,0.0455,L2
1卖,MACD零轴上金叉 + BOLL收上中轨,1406,0.1875,0.1703,1.101,0.6102,0.5871,0.0232,L2
1卖,MACD零轴上金叉 + BOLL突破上轨,1000,0.1412,0.11,1.284,0.646,0.5871,0.0589,L2
1卖,MACD零轴上金叉 + BOLL触下轨反弹,82,0.012,0.0084,1.433,0.6707,0.5871,0.0837,L2
1卖,MACD零轴上金叉 + BOLL开口扩张,1353,0.1823,0.1613,1.13,0.6164,0.5871,0.0293,L2
1卖,MACD零轴上金叉 + KDJ金叉态,1382,0.1843,0.1675,1.1,0.61,0.5871,0.0229,L2
1卖,MACD零轴上金叉 + KDJ_J超卖,220,0.0289,0.0273,1.055,0.6,0.5871,0.0129,L2
1卖,MACD零轴上金叉 + KDJ_D小于30,82,0.0122,0.0081,1.515,0.6829,0.5871,0.0959,L2
1卖,MACD零轴上金叉 + RSI6大于50,1406,0.1875,0.1703,1.101,0.6102,0.5871,0.0232,L2
1卖,MACD零轴上金叉 + RSI金叉,800,0.1056,0.0985,1.072,0.6038,0.5871,0.0167,L2
1卖,MACD零轴上金叉 + 威科夫得分大于4,1195,0.1574,0.1476,1.066,0.6025,0.5871,0.0154,L2
1卖,MACD零轴上金叉 + 威科夫得分大于7,1013,0.1336,0.1249,1.069,0.6032,0.5871,0.0161,L2
1卖,MACD零轴上金叉 + 黄金柱,226,0.0275,0.0311,0.886,0.5575,0.5871,-0.0295,L2
1卖,MACD零轴上金叉 + 量能金叉,722,0.0949,0.0895,1.06,0.6011,0.5871,0.014,L2
1卖,MACD零轴上金叉 + 六脉红灯大于5,1378,0.1849,0.1653,1.119,0.6139,0.5871,0.0269,L2
1卖,MACD零轴上金叉 + 六脉红灯大于6,1359,0.183,0.1622,1.128,0.6159,0.5871,0.0288,L2
1卖,MACD零轴上金叉 + 六脉6红首发,1359,0.183,0.1622,1.128,0.6159,0.5871,0.0288,L2
1卖,MACD零轴上金叉 + 六脉5红首发,1378,0.1849,0.1653,1.119,0.6139,0.5871,0.0269,L2
1卖,MACD零轴上金叉 + 偏多共振,881,0.1196,0.1038,1.152,0.6209,0.5871,0.0338,L2
1卖,MACD零轴上金叉 + 多头共振,880,0.1193,0.1038,1.15,0.6205,0.5871,0.0334,L2
1卖,MACD零轴上金叉 + 火箭信号,399,0.0625,0.0351,1.78,0.7168,0.5871,0.1297,L2
1卖,MACD零轴上金叉 + 二连板,80,0.0138,0.0053,2.607,0.7875,0.5871,0.2004,L2
1卖,MACD零轴上金叉 + 二次涨停,53,0.009,0.0037,2.403,0.7736,0.5871,0.1865,L2
1卖,MACD零轴上金叉 + 纳财,147,0.019,0.0186,1.02,0.5918,0.5871,0.0048,L2
1卖,MACD零轴上金叉 + 中枢上穿中轴,463,0.0689,0.046,1.497,0.6803,0.5871,0.0933,L2
1卖,MACD零轴上金叉 + 中枢底部回升,109,0.0166,0.0103,1.62,0.6972,0.5871,0.1102,L2
1卖,MACD零轴上金叉 + 大盘多头,781,0.1014,0.0985,1.03,0.5941,0.5871,0.007,L2
1卖,MACD零轴上金叉 + 大盘空头,393,0.056,0.0426,1.314,0.6514,0.5871,0.0643,L2
1卖,MACD零轴上金叉 + 大盘安全,1050,0.1421,0.1243,1.143,0.619,0.5871,0.032,L2
1卖,MACD零轴上金叉 + SID等于1,781,0.1014,0.0985,1.03,0.5941,0.5871,0.007,L2
1卖,MACD零轴上金叉 + SID等于2,847,0.1174,0.0963,1.218,0.634,0.5871,0.0469,L2
1卖,MACD零轴上金叉 + SID小于等于2,1244,0.1644,0.1529,1.075,0.6045,0.5871,0.0174,L2
1卖,MACD零轴上金叉 + 大盘5日上涨,1183,0.1607,0.1392,1.154,0.6213,0.5871,0.0342,L2
1卖,MACD零轴上金叉 + 相对强弱大于0,1358,0.183,0.1619,1.13,0.6163,0.5871,0.0293,L2
1卖,MACD零轴上金叉 + 相对强弱大于5,1019,0.1451,0.1103,1.316,0.6516,0.5871,0.0646,L2
1卖,MACD零轴上金叉 + 量比>=1.3,915,0.1277,0.1029,1.241,0.6383,0.5871,0.0512,L2
1卖,MACD零轴上金叉 + 量比>=2,533,0.0767,0.0566,1.357,0.6585,0.5871,0.0715,L2
1卖,MACD零轴上金叉 + 距前高<=10%,1262,0.1646,0.1582,1.041,0.5967,0.5871,0.0096,L2
1卖,MACD零轴上金叉 + 相对强弱>=0,1289,0.1755,0.151,1.162,0.623,0.5871,0.0359,L2
1卖,MACD零轴上金叉 + 相对强弱>=5,821,0.1202,0.0842,1.428,0.6699,0.5871,0.0828,L2
1卖,MACD底背离 + BOLL收上中轨,130,0.0192,0.0131,1.474,0.6769,0.5871,0.0899,L2
1卖,MACD底背离 + BOLL突破上轨,80,0.0129,0.0065,1.976,0.7375,0.5871,0.1504,L2
1卖,MACD底背离 + BOLL开口扩张,131,0.0192,0.0134,1.439,0.6718,0.5871,0.0847,L2
1卖,MACD底背离 + KDJ金叉态,128,0.0188,0.0131,1.44,0.6719,0.5871,0.0848,L2
1卖,MACD底背离 + KDJ_J超卖,114,0.0173,0.0109,1.588,0.693,0.5871,0.1059,L2
1卖,MACD底背离 + RSI6大于50,131,0.0195,0.0131,1.491,0.6794,0.5871,0.0923,L2
1卖,MACD底背离 + RSI金叉,58,0.009,0.0053,1.696,0.7069,0.5871,0.1198,L2
1卖,MACD底背离 + RSI6超卖,61,0.0087,0.0065,1.34,0.6557,0.5871,0.0687,L2
1卖,MACD底背离 + RSI底背离,84,0.0127,0.0081,1.569,0.6905,0.5871,0.1034,L2
1卖,MACD底背离 + 威科夫得分大于4,98,0.0155,0.0084,1.85,0.7245,0.5871,0.1374,L2
1卖,MACD底背离 + 威科夫得分大于7,81,0.0133,0.0062,2.145,0.7531,0.5871,0.166,L2
1卖,MACD底背离 + 量能金叉,54,0.0074,0.0062,1.196,0.6296,0.5871,0.0426,L2
1卖,MACD底背离 + 六脉红灯大于5,126,0.0188,0.0124,1.512,0.6825,0.5871,0.0955,L2
1卖,MACD底背离 + 六脉红灯大于6,125,0.0188,0.0121,1.551,0.688,0.5871,0.1009,L2
1卖,MACD底背离 + 六脉6红首发,125,0.0188,0.0121,1.551,0.688,0.5871,0.1009,L2
1卖,MACD底背离 + 六脉5红首发,126,0.0188,0.0124,1.512,0.6825,0.5871,0.0955,L2
1卖,MACD底背离 + 偏多共振,64,0.0096,0.0062,1.547,0.6875,0.5871,0.1004,L2
1卖,MACD底背离 + 多头共振,64,0.0096,0.0062,1.547,0.6875,0.5871,0.1004,L2
1卖,MACD底背离 + 中枢进机会区,95,0.0149,0.0084,1.771,0.7158,0.5871,0.1287,L2
1卖,MACD底背离 + 中枢极限底,58,0.0092,0.005,1.846,0.7241,0.5871,0.1371,L2
1卖,MACD底背离 + 中枢上穿中轴,55,0.0087,0.0047,1.876,0.7273,0.5871,0.1402,L2
1卖,MACD底背离 + 大盘多头,57,0.0087,0.0053,1.655,0.7018,0.5871,0.1147,L2
1卖,MACD底背离 + 大盘空头,53,0.007,0.0065,1.072,0.6038,0.5871,0.0167,L2
1卖,MACD底背离 + 大盘安全,76,0.0111,0.0078,1.435,0.6711,0.5871,0.084,L2
1卖,MACD底背离 + SID等于1,57,0.0087,0.0053,1.655,0.7018,0.5871,0.1147,L2
1卖,MACD底背离 + SID等于2,86,0.0129,0.0084,1.537,0.686,0.5871,0.099,L2
1卖,MACD底背离 + SID小于等于2,110,0.0164,0.0109,1.507,0.6818,0.5871,0.0948,L2
1卖,MACD底背离 + 大盘5日上涨,96,0.0136,0.0106,1.283,0.6458,0.5871,0.0588,L2
1卖,MACD底背离 + 相对强弱大于0,125,0.0184,0.0127,1.441,0.672,0.5871,0.0849,L2
1卖,MACD底背离 + 相对强弱大于5,85,0.014,0.0065,2.144,0.7529,0.5871,0.1659,L2
1卖,MACD底背离 + 量比>=1.3,85,0.0136,0.0071,1.896,0.7294,0.5871,0.1423,L2
1卖,MACD底背离 + 量比>=2,52,0.0081,0.0047,1.735,0.7115,0.5871,0.1245,L2
1卖,MACD底背离 + 距前高<=10%,104,0.0153,0.0106,1.448,0.6731,0.5871,0.086,L2
1卖,MACD底背离 + 相对强弱>=0,114,0.0168,0.0115,1.464,0.6754,0.5871,0.0884,L2
1卖,MACD底背离 + 相对强弱>=5,72,0.0116,0.0059,1.962,0.7361,0.5871,0.149,L2
1卖,BOLL收上中轨 + BOLL突破上轨,5277,0.7259,0.6078,1.194,0.6293,0.5871,0.0423,L2
1卖,BOLL收上中轨 + BOLL触下轨反弹,199,0.0267,0.0239,1.114,0.6131,0.5871,0.026,L2
1卖,BOLL收上中轨 + BOLL开口扩张,7465,0.9672,0.9447,1.024,0.5928,0.5871,0.0057,L2
1卖,BOLL收上中轨 + KDJ金叉态,7403,0.9565,0.9406,1.017,0.5911,0.5871,0.004,L2
1卖,BOLL收上中轨 + KDJ_J超卖,1242,0.1596,0.1591,1.003,0.5878,0.5871,0.0007,L2
1卖,BOLL收上中轨 + KDJ_D小于30,190,0.0269,0.0208,1.291,0.6474,0.5871,0.0603,L2
1卖,BOLL收上中轨 + RSI6大于50,7783,0.9985,0.9991,0.999,0.5869,0.5871,-0.0001,L2
1卖,BOLL收上中轨 + RSI金叉,2504,0.3183,0.3257,0.977,0.5815,0.5871,-0.0056,L2
1卖,BOLL收上中轨 + RSI6超卖,191,0.0236,0.0258,0.915,0.5654,0.5871,-0.0216,L2
1卖,BOLL收上中轨 + RSI底背离,98,0.0146,0.0096,1.52,0.6837,0.5871,0.0966,L2
1卖,BOLL收上中轨 + 威科夫得分大于4,6213,0.7974,0.7971,1.0,0.5872,0.5871,0.0001,L2
1卖,BOLL收上中轨 + 威科夫得分大于7,5236,0.6859,0.652,1.052,0.5993,0.5871,0.0122,L2
1卖,BOLL收上中轨 + 积累阶段,197,0.0181,0.0354,0.512,0.4213,0.5871,-0.1657,L2
1卖,BOLL收上中轨 + 威科夫B1突破,127,0.0138,0.0199,0.692,0.4961,0.5871,-0.091,L2
1卖,BOLL收上中轨 + 黄金柱,524,0.0612,0.0758,0.807,0.5344,0.5871,-0.0527,L2
1卖,BOLL收上中轨 + 量能金叉,2400,0.2933,0.3288,0.892,0.5592,0.5871,-0.0279,L2
1卖,BOLL收上中轨 + 六脉红灯大于5,7428,0.9615,0.9413,1.022,0.5922,0.5871,0.0052,L2
1卖,BOLL收上中轨 + 六脉红灯大于6,7145,0.9296,0.8987,1.034,0.5952,0.5871,0.0082,L2
1卖,BOLL收上中轨 + 六脉6红首发,7145,0.9296,0.8987,1.034,0.5952,0.5871,0.0082,L2
1卖,BOLL收上中轨 + 六脉5红首发,7428,0.9615,0.9413,1.022,0.5922,0.5871,0.0052,L2
1卖,BOLL收上中轨 + 偏多共振,3995,0.5467,0.4643,1.177,0.626,0.5871,0.039,L2
1卖,BOLL收上中轨 + 多头共振,3991,0.5462,0.4636,1.178,0.6262,0.5871,0.0391,L2
1卖,BOLL收上中轨 + 火箭信号,1781,0.2739,0.1641,1.669,0.7035,0.5871,0.1165,L2
1卖,BOLL收上中轨 + 二连板,437,0.073,0.032,2.281,0.7643,0.5871,0.1772,L2
1卖,BOLL收上中轨 + 二次涨停,331,0.054,0.0261,2.068,0.7462,0.5871,0.1592,L2
1卖,BOLL收上中轨 + 纳财,933,0.1193,0.1203,0.992,0.5852,0.5871,-0.0019,L2
1卖,BOLL收上中轨 + 中枢进机会区,208,0.0328,0.018,1.819,0.7212,0.5871,0.1341,L2
1卖,BOLL收上中轨 + 中枢极限底,99,0.0155,0.0087,1.784,0.7172,0.5871,0.1301,L2
1卖,BOLL收上中轨 + 中枢上穿中轴,1425,0.1921,0.1697,1.132,0.6168,0.5871,0.0298,L2
1卖,BOLL收上中轨 + 中枢底部蓄力,210,0.0321,0.0196,1.641,0.7,0.5871,0.1129,L2
1卖,BOLL收上中轨 + 中枢底部回升,361,0.0516,0.0388,1.328,0.6537,0.5871,0.0667,L2
1卖,BOLL收上中轨 + 大盘多头,4420,0.5537,0.5864,0.944,0.5731,0.5871,-0.014,L2
1卖,BOLL收上中轨 + 大盘空头,2113,0.2835,0.2536,1.118,0.6138,0.5871,0.0268,L2
1卖,BOLL收上中轨 + 大盘安全,6197,0.7978,0.7915,1.008,0.589,0.5871,0.0019,L2
1卖,BOLL收上中轨 + SID等于1,4420,0.5537,0.5864,0.944,0.5731,0.5871,-0.014,L2
1卖,BOLL收上中轨 + SID等于2,4596,0.6092,0.5622,1.084,0.6064,0.5871,0.0193,L2
1卖,BOLL收上中轨 + SID小于等于2,6969,0.8949,0.8934,1.002,0.5875,0.5871,0.0004,L2
1卖,BOLL收上中轨 + 大盘5日上涨,6856,0.8839,0.8738,1.012,0.5898,0.5871,0.0028,L2
1卖,BOLL收上中轨 + 相对强弱大于0,7567,0.9764,0.9633,1.014,0.5903,0.5871,0.0033,L2
1卖,BOLL收上中轨 + 相对强弱大于5,6284,0.8457,0.7505,1.127,0.6157,0.5871,0.0286,L2
1卖,BOLL收上中轨 + 量比>=1.3,4113,0.5565,0.4869,1.143,0.619,0.5871,0.0319,L2
1卖,BOLL收上中轨 + 量比>=2,2265,0.3185,0.2511,1.268,0.6433,0.5871,0.0562,L2
1卖,BOLL收上中轨 + 距前高<=10%,6809,0.8643,0.8872,0.974,0.5807,0.5871,-0.0064,L2
1卖,BOLL收上中轨 + 距前低<=10%,299,0.0282,0.0528,0.534,0.4314,0.5871,-0.1556,L2
1卖,BOLL收上中轨 + 相对强弱>=0,7271,0.9432,0.9186,1.027,0.5935,0.5871,0.0064,L2
1卖,BOLL收上中轨 + 相对强弱>=5,5436,0.7434,0.6324,1.176,0.6256,0.5871,0.0386,L2
1卖,BOLL突破上轨 + BOLL触下轨反弹,104,0.0162,0.0093,1.735,0.7115,0.5871,0.1245,L2
1卖,BOLL突破上轨 + BOLL开口扩张,5252,0.7233,0.6038,1.198,0.63,0.5871,0.043,L2
1卖,BOLL突破上轨 + KDJ金叉态,5191,0.7161,0.5951,1.203,0.6311,0.5871,0.044,L2
1卖,BOLL突破上轨 + KDJ_J超卖,633,0.0925,0.0653,1.417,0.6682,0.5871,0.0812,L2
1卖,BOLL突破上轨 + KDJ_D小于30,87,0.012,0.0099,1.209,0.6322,0.5871,0.0451,L2
1卖,BOLL突破上轨 + RSI6大于50,5277,0.7259,0.6078,1.194,0.6293,0.5871,0.0423,L2
1卖,BOLL突破上轨 + RSI金叉,1452,0.1969,0.1712,1.15,0.6205,0.5871,0.0335,L2
1卖,BOLL突破上轨 + RSI6超卖,74,0.0109,0.0075,1.465,0.6757,0.5871,0.0886,L2
1卖,BOLL突破上轨 + RSI底背离,58,0.0085,0.0059,1.444,0.6724,0.5871,0.0853,L2
1卖,BOLL突破上轨 + 威科夫得分大于4,4296,0.5875,0.4997,1.176,0.6257,0.5871,0.0386,L2
1卖,BOLL突破上轨 + 威科夫得分大于7,3786,0.5261,0.4285,1.228,0.6358,0.5871,0.0487,L2
1卖,BOLL突破上轨 + 积累阶段,94,0.0094,0.0158,0.593,0.4574,0.5871,-0.1296,L2
1卖,BOLL突破上轨 + 威科夫B1突破,120,0.0131,0.0186,0.703,0.5,0.5871,-0.0871,L2
1卖,BOLL突破上轨 + 黄金柱,333,0.0409,0.0454,0.901,0.5616,0.5871,-0.0255,L2
1卖,BOLL突破上轨 + 量能金叉,1741,0.2243,0.2222,1.009,0.5893,0.5871,0.0023,L2
1卖,BOLL突破上轨 + 六脉红灯大于5,5223,0.7202,0.5991,1.202,0.6309,0.5871,0.0438,L2
1卖,BOLL突破上轨 + 六脉红灯大于6,5140,0.7095,0.5886,1.205,0.6315,0.5871,0.0445,L2
1卖,BOLL突破上轨 + 六脉6红首发,5140,0.7095,0.5886,1.205,0.6315,0.5871,0.0445,L2
1卖,BOLL突破上轨 + 六脉5红首发,5223,0.7202,0.5991,1.202,0.6309,0.5871,0.0438,L2
1卖,BOLL突破上轨 + 偏多共振,2782,0.4061,0.2871,1.414,0.6679,0.5871,0.0808,L2
1卖,BOLL突破上轨 + 多头共振,2781,0.4059,0.2871,1.414,0.6677,0.5871,0.0807,L2
1卖,BOLL突破上轨 + 火箭信号,1672,0.2586,0.152,1.702,0.7075,0.5871,0.1205,L2
1卖,BOLL突破上轨 + 二连板,428,0.0719,0.0308,2.338,0.7687,0.5871,0.1816,L2
1卖,BOLL突破上轨 + 二次涨停,283,0.0468,0.0214,2.182,0.7562,0.5871,0.1691,L2
1卖,BOLL突破上轨 + 纳财,742,0.1003,0.0879,1.141,0.6186,0.5871,0.0315,L2
1卖,BOLL突破上轨 + 中枢进机会区,129,0.0219,0.009,2.425,0.7752,0.5871,0.1881,L2
1卖,BOLL突破上轨 + 中枢极限底,64,0.0109,0.0044,2.512,0.7812,0.5871,0.1942,L2
1卖,BOLL突破上轨 + 中枢上穿中轴,1031,0.144,0.1156,1.246,0.6392,0.5871,0.0521,L2
1卖,BOLL突破上轨 + 中枢底部蓄力,143,0.0225,0.0124,1.811,0.7203,0.5871,0.1332,L2
1卖,BOLL突破上轨 + 中枢底部回升,244,0.0354,0.0255,1.39,0.6639,0.5871,0.0769,L2
1卖,BOLL突破上轨 + 大盘多头,3066,0.4101,0.3698,1.109,0.6119,0.5871,0.0248,L2
1卖,BOLL突破上轨 + 大盘空头,1362,0.1978,0.142,1.393,0.6645,0.5871,0.0774,L2
1卖,BOLL突破上轨 + 大盘安全,4208,0.5795,0.4838,1.198,0.63,0.5871,0.0429,L2
1卖,BOLL突破上轨 + SID等于1,3066,0.4101,0.3698,1.109,0.6119,0.5871,0.0248,L2
1卖,BOLL突破上轨 + SID等于2,3164,0.4501,0.3434,1.311,0.6508,0.5871,0.0637,L2
1卖,BOLL突破上轨 + SID小于等于2,4758,0.6555,0.5466,1.199,0.6303,0.5871,0.0432,L2
1卖,BOLL突破上轨 + 大盘5日上涨,4615,0.6378,0.5273,1.209,0.6323,0.5871,0.0452,L2
1卖,BOLL突破上轨 + 相对强弱大于0,5150,0.7115,0.5889,1.208,0.632,0.5871,0.045,L2
1卖,BOLL突破上轨 + 相对强弱大于5,4643,0.656,0.5103,1.286,0.6463,0.5871,0.0593,L2
1卖,BOLL突破上轨 + 量比>=1.3,3197,0.4518,0.3511,1.287,0.6465,0.5871,0.0595,L2
1卖,BOLL突破上轨 + 量比>=2,1919,0.278,0.2011,1.383,0.6628,0.5871,0.0758,L2
1卖,BOLL突破上轨 + 距前高<=10%,4546,0.6192,0.5323,1.163,0.6232,0.5871,0.0361,L2
1卖,BOLL突破上轨 + 距前低<=10%,128,0.0131,0.0211,0.621,0.4688,0.5871,-0.1183,L2
1卖,BOLL突破上轨 + 相对强弱>=0,5046,0.7003,0.5724,1.223,0.635,0.5871,0.0479,L2
1卖,BOLL突破上轨 + 相对强弱>=5,4181,0.5963,0.4515,1.321,0.6525,0.5871,0.0654,L2
1卖,BOLL触下轨反弹 + BOLL开口扩张,195,0.0264,0.023,1.15,0.6205,0.5871,0.0334,L2
1卖,BOLL触下轨反弹 + KDJ金叉态,191,0.0251,0.0236,1.064,0.6021,0.5871,0.015,L2
1卖,BOLL触下轨反弹 + KDJ_J超卖,105,0.0151,0.0112,1.348,0.6571,0.5871,0.0701,L2
1卖,BOLL触下轨反弹 + RSI6大于50,200,0.0267,0.0242,1.1,0.61,0.5871,0.0229,L2
1卖,BOLL触下轨反弹 + RSI金叉,144,0.0192,0.0174,1.105,0.6111,0.5871,0.024,L2
1卖,BOLL触下轨反弹 + 威科夫得分大于4,145,0.021,0.0152,1.378,0.6621,0.5871,0.075,L2
1卖,BOLL触下轨反弹 + 威科夫得分大于7,123,0.0181,0.0124,1.46,0.6748,0.5871,0.0877,L2
1卖,BOLL触下轨反弹 + 量能金叉,75,0.0105,0.0084,1.25,0.64,0.5871,0.0529,L2
1卖,BOLL触下轨反弹 + 六脉红灯大于5,184,0.0251,0.0214,1.172,0.625,0.5871,0.0379,L2
1卖,BOLL触下轨反弹 + 六脉红灯大于6,175,0.0245,0.0196,1.25,0.64,0.5871,0.0529,L2
1卖,BOLL触下轨反弹 + 六脉6红首发,175,0.0245,0.0196,1.25,0.64,0.5871,0.0529,L2
1卖,BOLL触下轨反弹 + 六脉5红首发,184,0.0251,0.0214,1.172,0.625,0.5871,0.0379,L2
1卖,BOLL触下轨反弹 + 偏多共振,107,0.0151,0.0118,1.277,0.6449,0.5871,0.0578,L2
1卖,BOLL触下轨反弹 + 多头共振,107,0.0151,0.0118,1.277,0.6449,0.5871,0.0578,L2
1卖,BOLL触下轨反弹 + 中枢上穿中轴,85,0.0131,0.0078,1.688,0.7059,0.5871,0.1188,L2
1卖,BOLL触下轨反弹 + 大盘多头,93,0.012,0.0118,1.018,0.5914,0.5871,0.0043,L2
1卖,BOLL触下轨反弹 + 大盘空头,73,0.0103,0.0081,1.272,0.6438,0.5871,0.0568,L2
1卖,BOLL触下轨反弹 + 大盘安全,129,0.0162,0.0171,0.946,0.5736,0.5871,-0.0134,L2
1卖,BOLL触下轨反弹 + SID等于1,93,0.012,0.0118,1.018,0.5914,0.5871,0.0043,L2
1卖,BOLL触下轨反弹 + SID等于2,120,0.016,0.0146,1.092,0.6083,0.5871,0.0213,L2
1卖,BOLL触下轨反弹 + SID小于等于2,166,0.0216,0.0208,1.039,0.5964,0.5871,0.0093,L2
1卖,BOLL触下轨反弹 + 大盘5日上涨,148,0.0192,0.0186,1.032,0.5946,0.5871,0.0075,L2
1卖,BOLL触下轨反弹 + 相对强弱大于0,179,0.0243,0.0211,1.148,0.6201,0.5871,0.033,L2
1卖,BOLL触下轨反弹 + 相对强弱大于5,115,0.0173,0.0112,1.544,0.687,0.5871,0.0999,L2
1卖,BOLL触下轨反弹 + 量比>=1.3,136,0.0195,0.0146,1.332,0.6544,0.5871,0.0673,L2
1卖,BOLL触下轨反弹 + 量比>=2,77,0.0116,0.0075,1.553,0.6883,0.5871,0.1012,L2
1卖,BOLL触下轨反弹 + 距前高<=10%,176,0.0234,0.0214,1.091,0.608,0.5871,0.0209,L2
1卖,BOLL触下轨反弹 + 相对强弱>=0,159,0.0219,0.0183,1.192,0.6289,0.5871,0.0419,L2
1卖,BOLL触下轨反弹 + 相对强弱>=5,82,0.0118,0.0087,1.357,0.6585,0.5871,0.0715,L2
1卖,BOLL开口扩张 + KDJ金叉态,7156,0.9333,0.8968,1.041,0.5967,0.5871,0.0096,L2
1卖,BOLL开口扩张 + KDJ_J超卖,1148,0.1506,0.1426,1.056,0.6002,0.5871,0.0131,L2
1卖,BOLL开口扩张 + KDJ_D小于30,184,0.0262,0.0199,1.319,0.6522,0.5871,0.0651,L2
1卖,BOLL开口扩张 + RSI6大于50,7465,0.967,0.945,1.023,0.5926,0.5871,0.0056,L2
1卖,BOLL开口扩张 + RSI金叉,2336,0.3034,0.2946,1.03,0.5942,0.5871,0.0071,L2
1卖,BOLL开口扩张 + RSI6超卖,187,0.0234,0.0249,0.941,0.5722,0.5871,-0.0149,L2
1卖,BOLL开口扩张 + RSI底背离,99,0.0146,0.0099,1.473,0.6768,0.5871,0.0897,L2
1卖,BOLL开口扩张 + 威科夫得分大于4,5961,0.7742,0.7517,1.03,0.5942,0.5871,0.0071,L2
1卖,BOLL开口扩张 + 威科夫得分大于7,5051,0.6682,0.6196,1.078,0.6052,0.5871,0.0182,L2
1卖,BOLL开口扩张 + 积累阶段,192,0.0175,0.0348,0.502,0.4167,0.5871,-0.1704,L2
1卖,BOLL开口扩张 + 威科夫B1突破,127,0.0138,0.0199,0.692,0.4961,0.5871,-0.091,L2
1卖,BOLL开口扩张 + 黄金柱,493,0.0581,0.0705,0.824,0.5396,0.5871,-0.0475,L2
1卖,BOLL开口扩张 + 量能金叉,2297,0.2833,0.3111,0.911,0.5642,0.5871,-0.0229,L2
1卖,BOLL开口扩张 + 六脉红灯大于5,7204,0.9397,0.9027,1.041,0.5968,0.5871,0.0097,L2
1卖,BOLL开口扩张 + 六脉红灯大于6,6959,0.9117,0.8664,1.052,0.5994,0.5871,0.0123,L2
1卖,BOLL开口扩张 + 六脉6红首发,6959,0.9117,0.8664,1.052,0.5994,0.5871,0.0123,L2
1卖,BOLL开口扩张 + 六脉5红首发,7204,0.9397,0.9027,1.041,0.5968,0.5871,0.0097,L2
1卖,BOLL开口扩张 + 偏多共振,3809,0.5285,0.4323,1.223,0.6348,0.5871,0.0477,L2
1卖,BOLL开口扩张 + 多头共振,3805,0.5281,0.4316,1.223,0.635,0.5871,0.0479,L2
1卖,BOLL开口扩张 + 火箭信号,1774,0.2728,0.1635,1.669,0.7035,0.5871,0.1164,L2
1卖,BOLL开口扩张 + 二连板,437,0.073,0.032,2.281,0.7643,0.5871,0.1772,L2
1卖,BOLL开口扩张 + 二次涨停,328,0.0536,0.0258,2.076,0.747,0.5871,0.1599,L2
1卖,BOLL开口扩张 + 纳财,912,0.1165,0.1178,0.989,0.5844,0.5871,-0.0026,L2
1卖,BOLL开口扩张 + 中枢进机会区,207,0.0323,0.0183,1.764,0.715,0.5871,0.1279,L2
1卖,BOLL开口扩张 + 中枢极限底,100,0.0155,0.009,1.722,0.71,0.5871,0.1229,L2
1卖,BOLL开口扩张 + 中枢上穿中轴,1397,0.1891,0.1653,1.144,0.6192,0.5871,0.0321,L2
1卖,BOLL开口扩张 + 中枢底部蓄力,205,0.0313,0.0193,1.622,0.6976,0.5871,0.1105,L2
1卖,BOLL开口扩张 + 中枢底部回升,355,0.0503,0.0388,1.294,0.6479,0.5871,0.0608,L2
1卖,BOLL开口扩张 + 大盘多头,4236,0.5353,0.5553,0.964,0.5781,0.5871,-0.0089,L2
1卖,BOLL开口扩张 + 大盘空头,2043,0.2765,0.2418,1.144,0.6192,0.5871,0.0321,L2
1卖,BOLL开口扩张 + 大盘安全,5938,0.7705,0.7498,1.028,0.5936,0.5871,0.0066,L2
1卖,BOLL开口扩张 + SID等于1,4236,0.5353,0.5553,0.964,0.5781,0.5871,-0.0089,L2
1卖,BOLL开口扩张 + SID等于2,4401,0.5897,0.5292,1.114,0.613,0.5871,0.026,L2
1卖,BOLL开口扩张 + SID小于等于2,6687,0.866,0.8468,1.023,0.5925,0.5871,0.0054,L2
1卖,BOLL开口扩张 + 大盘5日上涨,6572,0.8544,0.8275,1.032,0.5948,0.5871,0.0077,L2
1卖,BOLL开口扩张 + 相对强弱大于0,7269,0.9471,0.9124,1.038,0.5961,0.5871,0.009,L2
1卖,BOLL开口扩张 + 相对强弱大于5,6132,0.8297,0.7259,1.143,0.619,0.5871,0.032,L2
1卖,BOLL开口扩张 + 量比>=1.3,3988,0.5434,0.4667,1.164,0.6234,0.5871,0.0363,L2
1卖,BOLL开口扩张 + 量比>=2,2220,0.3141,0.2433,1.291,0.6473,0.5871,0.0602,L2
1卖,BOLL开口扩张 + 距前高<=10%,6515,0.8361,0.8359,1.0,0.5871,0.5871,0.0,L2
1卖,BOLL开口扩张 + 距前低<=10%,285,0.0269,0.0503,0.534,0.4316,0.5871,-0.1555,L2
1卖,BOLL开口扩张 + 相对强弱>=0,7009,0.9174,0.8738,1.05,0.5988,0.5871,0.0117,L2
1卖,BOLL开口扩张 + 相对强弱>=5,5339,0.7325,0.6178,1.186,0.6276,0.5871,0.0406,L2
1卖,KDJ金叉态 + KDJ_J超卖,1045,0.136,0.1314,1.034,0.5952,0.5871,0.0081,L2
1卖,KDJ金叉态 + KDJ_D小于30,188,0.0264,0.0208,1.27,0.6436,0.5871,0.0566,L2
1卖,KDJ金叉态 + RSI6大于50,7406,0.9569,0.941,1.017,0.5911,0.5871,0.0041,L2
1卖,KDJ金叉态 + RSI金叉,2288,0.2957,0.2906,1.018,0.5913,0.5871,0.0043,L2
1卖,KDJ金叉态 + RSI6超卖,173,0.0212,0.0236,0.898,0.5607,0.5871,-0.0264,L2
1卖,KDJ金叉态 + RSI底背离,94,0.0138,0.0096,1.429,0.6702,0.5871,0.0831,L2
1卖,KDJ金叉态 + 威科夫得分大于4,5910,0.762,0.7533,1.012,0.5898,0.5871,0.0028,L2
1卖,KDJ金叉态 + 威科夫得分大于7,5009,0.6595,0.619,1.065,0.6023,0.5871,0.0153,L2
1卖,KDJ金叉态 + 积累阶段,196,0.0179,0.0354,0.506,0.4184,0.5871,-0.1687,L2
1卖,KDJ金叉态 + 威科夫B1突破,127,0.0138,0.0199,0.692,0.4961,0.5871,-0.091,L2
1卖,KDJ金叉态 + 黄金柱,481,0.0568,0.0687,0.828,0.5405,0.5871,-0.0465,L2
1卖,KDJ金叉态 + 量能金叉,2309,0.2826,0.3157,0.895,0.56,0.5871,-0.0271,L2
1卖,KDJ金叉态 + 六脉红灯大于5,7322,0.9484,0.927,1.023,0.5926,0.5871,0.0055,L2
1卖,KDJ金叉态 + 六脉红灯大于6,7126,0.9272,0.8962,1.035,0.5953,0.5871,0.0082,L2
1卖,KDJ金叉态 + 六脉6红首发,7126,0.9272,0.8962,1.035,0.5953,0.5871,0.0082,L2
1卖,KDJ金叉态 + 六脉5红首发,7322,0.9484,0.927,1.023,0.5926,0.5871,0.0055,L2
1卖,KDJ金叉态 + 偏多共振,3787,0.5217,0.4351,1.199,0.6303,0.5871,0.0432,L2
1卖,KDJ金叉态 + 多头共振,3783,0.5213,0.4344,1.2,0.6305,0.5871,0.0434,L2
1卖,KDJ金叉态 + 火箭信号,1776,0.2732,0.1635,1.672,0.7038,0.5871,0.1168,L2
1卖,KDJ金叉态 + 二连板,437,0.073,0.032,2.281,0.7643,0.5871,0.1772,L2
1卖,KDJ金叉态 + 二次涨停,327,0.0536,0.0255,2.102,0.7492,0.5871,0.1622,L2
1卖,KDJ金叉态 + 纳财,914,0.1172,0.1175,0.997,0.5864,0.5871,-0.0006,L2
1卖,KDJ金叉态 + 中枢进机会区,197,0.031,0.0171,1.816,0.7208,0.5871,0.1337,L2
1卖,KDJ金叉态 + 中枢极限底,96,0.0149,0.0087,1.708,0.7083,0.5871,0.1213,L2
1卖,KDJ金叉态 + 中枢上穿中轴,1401,0.1895,0.1659,1.142,0.6188,0.5871,0.0318,L2
1卖,KDJ金叉态 + 中枢底部蓄力,211,0.0323,0.0196,1.652,0.7014,0.5871,0.1144,L2
1卖,KDJ金叉态 + 中枢底部回升,363,0.0518,0.0392,1.323,0.6529,0.5871,0.0658,L2
1卖,KDJ金叉态 + 大盘多头,4211,0.5309,0.5538,0.959,0.5768,0.5871,-0.0102,L2
1卖,KDJ金叉态 + 大盘空头,2019,0.2726,0.2399,1.136,0.6176,0.5871,0.0306,L2
1卖,KDJ金叉态 + 大盘安全,5897,0.7648,0.7452,1.026,0.5934,0.5871,0.0063,L2
1卖,KDJ金叉态 + SID等于1,4211,0.5309,0.5538,0.959,0.5768,0.5871,-0.0102,L2
1卖,KDJ金叉态 + SID等于2,4399,0.5869,0.5326,1.102,0.6104,0.5871,0.0233,L2
1卖,KDJ金叉态 + SID小于等于2,6644,0.8588,0.8437,1.018,0.5914,0.5871,0.0043,L2
1卖,KDJ金叉态 + 大盘5日上涨,6533,0.8481,0.8244,1.029,0.5939,0.5871,0.0068,L2
1卖,KDJ金叉态 + 相对强弱大于0,7197,0.9353,0.9068,1.031,0.5946,0.5871,0.0075,L2
1卖,KDJ金叉态 + 相对强弱大于5,6035,0.8166,0.7144,1.143,0.6191,0.5871,0.032,L2
1卖,KDJ金叉态 + 量比>=1.3,3958,0.5379,0.4652,1.156,0.6218,0.5871,0.0347,L2
1卖,KDJ金叉态 + 量比>=2,2200,0.3102,0.2427,1.278,0.645,0.5871,0.0579,L2
1卖,KDJ金叉态 + 距前高<=10%,6471,0.8273,0.8347,0.991,0.5849,0.5871,-0.0021,L2
1卖,KDJ金叉态 + 距前低<=10%,285,0.0269,0.0503,0.534,0.4316,0.5871,-0.1555,L2
1卖,KDJ金叉态 + 相对强弱>=0,6938,0.9067,0.867,1.046,0.5979,0.5871,0.0108,L2
1卖,KDJ金叉态 + 相对强弱>=5,5266,0.7235,0.6078,1.19,0.6286,0.5871,0.0415,L2
1卖,KDJ_J超卖 + KDJ_D小于30,51,0.0066,0.0065,1.005,0.5882,0.5871,0.0012,L2
1卖,KDJ_J超卖 + RSI6大于50,1240,0.1589,0.1594,0.997,0.5863,0.5871,-0.0008,L2
1卖,KDJ_J超卖 + RSI金叉,544,0.0695,0.0702,0.99,0.5846,0.5871,-0.0025,L2
1卖,KDJ_J超卖 + RSI6超卖,173,0.0227,0.0214,1.06,0.6012,0.5871,0.0141,L2
1卖,KDJ_J超卖 + RSI底背离,86,0.0129,0.0084,1.537,0.686,0.5871,0.099,L2
1卖,KDJ_J超卖 + 威科夫得分大于4,986,0.1283,0.124,1.035,0.5953,0.5871,0.0083,L2
1卖,KDJ_J超卖 + 威科夫得分大于7,782,0.1032,0.0963,1.071,0.6036,0.5871,0.0165,L2
1卖,KDJ_J超卖 + 积累阶段,58,0.005,0.0109,0.462,0.3966,0.5871,-0.1905,L2
1卖,KDJ_J超卖 + 黄金柱,123,0.0144,0.0177,0.814,0.5366,0.5871,-0.0505,L2
1卖,KDJ_J超卖 + 量能金叉,433,0.0525,0.06,0.875,0.5543,0.5871,-0.0328,L2
1卖,KDJ_J超卖 + 六脉红灯大于5,1047,0.139,0.1277,1.088,0.6074,0.5871,0.0204,L2
1卖,KDJ_J超卖 + 六脉红灯大于6,941,0.1268,0.1122,1.13,0.6164,0.5871,0.0293,L2
1卖,KDJ_J超卖 + 六脉6红首发,941,0.1268,0.1122,1.13,0.6164,0.5871,0.0293,L2
1卖,KDJ_J超卖 + 六脉5红首发,1047,0.139,0.1277,1.088,0.6074,0.5871,0.0204,L2
1卖,KDJ_J超卖 + 偏多共振,665,0.0879,0.0817,1.075,0.6045,0.5871,0.0174,L2
1卖,KDJ_J超卖 + 多头共振,665,0.0879,0.0817,1.075,0.6045,0.5871,0.0174,L2
1卖,KDJ_J超卖 + 火箭信号,208,0.0341,0.0162,2.11,0.75,0.5871,0.1629,L2
1卖,KDJ_J超卖 + 纳财,132,0.017,0.0168,1.016,0.5909,0.5871,0.0038,L2
1卖,KDJ_J超卖 + 中枢进机会区,184,0.0291,0.0158,1.834,0.7228,0.5871,0.1358,L2
1卖,KDJ_J超卖 + 中枢极限底,97,0.0153,0.0084,1.824,0.7216,0.5871,0.1346,L2
1卖,KDJ_J超卖 + 中枢上穿中轴,228,0.0308,0.027,1.14,0.6184,0.5871,0.0314,L2
1卖,KDJ_J超卖 + 大盘多头,659,0.0828,0.087,0.952,0.5751,0.5871,-0.012,L2
1卖,KDJ_J超卖 + 大盘空头,355,0.0483,0.0416,1.16,0.6225,0.5871,0.0355,L2
1卖,KDJ_J超卖 + 大盘安全,907,0.1167,0.1159,1.007,0.5888,0.5871,0.0017,L2
1卖,KDJ_J超卖 + SID等于1,659,0.0828,0.087,0.952,0.5751,0.5871,-0.012,L2
1卖,KDJ_J超卖 + SID等于2,761,0.0975,0.0979,0.996,0.5861,0.5871,-0.001,L2
1卖,KDJ_J超卖 + SID小于等于2,1075,0.1362,0.1405,0.969,0.5795,0.5871,-0.0075,L2
1卖,KDJ_J超卖 + 大盘5日上涨,990,0.127,0.1271,0.999,0.5869,0.5871,-0.0002,L2
1卖,KDJ_J超卖 + 相对强弱大于0,1195,0.155,0.151,1.026,0.5933,0.5871,0.0062,L2
1卖,KDJ_J超卖 + 相对强弱大于5,894,0.1244,0.101,1.231,0.6365,0.5871,0.0494,L2
1卖,KDJ_J超卖 + 量比>=1.3,769,0.1016,0.0945,1.076,0.6047,0.5871,0.0176,L2
1卖,KDJ_J超卖 + 量比>=2,442,0.0612,0.0503,1.216,0.6335,0.5871,0.0464,L2
1卖,KDJ_J超卖 + 距前高<=10%,1006,0.1239,0.1364,0.908,0.5636,0.5871,-0.0234,L2
1卖,KDJ_J超卖 + 距前低<=10%,85,0.0092,0.0134,0.687,0.4941,0.5871,-0.0929,L2
1卖,KDJ_J超卖 + 相对强弱>=0,1102,0.1445,0.137,1.054,0.5998,0.5871,0.0128,L2
1卖,KDJ_J超卖 + 相对强弱>=5,693,0.0997,0.0736,1.353,0.658,0.5871,0.0709,L2
1卖,KDJ_D小于30 + RSI6大于50,190,0.0269,0.0208,1.291,0.6474,0.5871,0.0603,L2
1卖,KDJ_D小于30 + RSI金叉,149,0.021,0.0165,1.274,0.6443,0.5871,0.0572,L2
1卖,KDJ_D小于30 + 威科夫得分大于4,85,0.0127,0.0084,1.511,0.6824,0.5871,0.0953,L2
1卖,KDJ_D小于30 + 威科夫得分大于7,52,0.0077,0.0053,1.448,0.6731,0.5871,0.086,L2
1卖,KDJ_D小于30 + 量能金叉,132,0.0192,0.0137,1.407,0.6667,0.5871,0.0796,L2
1卖,KDJ_D小于30 + 六脉红灯大于5,185,0.0262,0.0202,1.299,0.6486,0.5871,0.0616,L2
1卖,KDJ_D小于30 + 六脉红灯大于6,184,0.026,0.0202,1.288,0.6467,0.5871,0.0597,L2
1卖,KDJ_D小于30 + 六脉6红首发,184,0.026,0.0202,1.288,0.6467,0.5871,0.0597,L2
1卖,KDJ_D小于30 + 六脉5红首发,185,0.0262,0.0202,1.299,0.6486,0.5871,0.0616,L2
1卖,KDJ_D小于30 + 偏多共振,57,0.0098,0.0037,2.638,0.7895,0.5871,0.2024,L2
1卖,KDJ_D小于30 + 多头共振,57,0.0098,0.0037,2.638,0.7895,0.5871,0.2024,L2
1卖,KDJ_D小于30 + 火箭信号,81,0.0116,0.0087,1.331,0.6543,0.5871,0.0673,L2
1卖,KDJ_D小于30 + 中枢上穿中轴,159,0.0223,0.0177,1.259,0.6415,0.5871,0.0544,L2
1卖,KDJ_D小于30 + 中枢底部蓄力,89,0.0129,0.0093,1.383,0.6629,0.5871,0.0759,L2
1卖,KDJ_D小于30 + 中枢底部回升,113,0.0166,0.0115,1.445,0.6726,0.5871,0.0855,L2
1卖,KDJ_D小于30 + 大盘多头,65,0.009,0.0075,1.202,0.6308,0.5871,0.0437,L2
1卖,KDJ_D小于30 + 大盘空头,92,0.0136,0.0093,1.454,0.6739,0.5871,0.0868,L2
1卖,KDJ_D小于30 + 大盘安全,120,0.017,0.0131,1.306,0.65,0.5871,0.0629,L2
1卖,KDJ_D小于30 + SID等于1,65,0.009,0.0075,1.202,0.6308,0.5871,0.0437,L2
1卖,KDJ_D小于30 + SID等于2,131,0.0186,0.0143,1.3,0.6489,0.5871,0.0618,L2
1卖,KDJ_D小于30 + SID小于等于2,153,0.0219,0.0165,1.327,0.6536,0.5871,0.0665,L2
1卖,KDJ_D小于30 + 大盘5日上涨,164,0.0232,0.018,1.286,0.6463,0.5871,0.0593,L2
1卖,KDJ_D小于30 + 相对强弱大于0,186,0.0262,0.0205,1.279,0.6452,0.5871,0.0581,L2
1卖,KDJ_D小于30 + 相对强弱大于5,128,0.0188,0.0131,1.44,0.6719,0.5871,0.0848,L2
1卖,KDJ_D小于30 + 量比>=1.3,162,0.0234,0.0171,1.368,0.6605,0.5871,0.0734,L2
1卖,KDJ_D小于30 + 量比>=2,120,0.0175,0.0124,1.407,0.6667,0.5871,0.0796,L2
1卖,KDJ_D小于30 + 距前高<=10%,146,0.0208,0.0158,1.31,0.6507,0.5871,0.0636,L2
1卖,KDJ_D小于30 + 相对强弱>=0,167,0.0238,0.018,1.322,0.6527,0.5871,0.0656,L2
1卖,KDJ_D小于30 + 相对强弱>=5,104,0.0153,0.0106,1.448,0.6731,0.5871,0.086,L2
1卖,RSI6大于50 + RSI金叉,2507,0.3187,0.326,0.978,0.5816,0.5871,-0.0055,L2
1卖,RSI6大于50 + RSI6超卖,190,0.0234,0.0258,0.907,0.5632,0.5871,-0.0239,L2
1卖,RSI6大于50 + RSI底背离,99,0.0149,0.0096,1.543,0.6869,0.5871,0.0998,L2
1卖,RSI6大于50 + 威科夫得分大于4,6211,0.7969,0.7971,1.0,0.587,0.5871,-0.0,L2
1卖,RSI6大于50 + 威科夫得分大于7,5234,0.6855,0.652,1.051,0.5992,0.5871,0.0121,L2
1卖,RSI6大于50 + 积累阶段,198,0.0181,0.0357,0.508,0.4192,0.5871,-0.1679,L2
1卖,RSI6大于50 + 威科夫B1突破,127,0.0138,0.0199,0.692,0.4961,0.5871,-0.091,L2
1卖,RSI6大于50 + 黄金柱,525,0.0612,0.0761,0.804,0.5333,0.5871,-0.0537,L2
1卖,RSI6大于50 + 量能金叉,2399,0.2931,0.3288,0.892,0.559,0.5871,-0.0281,L2
1卖,RSI6大于50 + 六脉红灯大于5,7431,0.962,0.9416,1.022,0.5922,0.5871,0.0052,L2
1卖,RSI6大于50 + 六脉红灯大于6,7147,0.9301,0.8987,1.035,0.5954,0.5871,0.0083,L2
1卖,RSI6大于50 + 六脉6红首发,7147,0.9301,0.8987,1.035,0.5954,0.5871,0.0083,L2
1卖,RSI6大于50 + 六脉5红首发,7431,0.962,0.9416,1.022,0.5922,0.5871,0.0052,L2
1卖,RSI6大于50 + 偏多共振,3992,0.546,0.4643,1.176,0.6258,0.5871,0.0387,L2
1卖,RSI6大于50 + 多头共振,3988,0.5456,0.4636,1.177,0.6259,0.5871,0.0388,L2
1卖,RSI6大于50 + 火箭信号,1781,0.2739,0.1641,1.669,0.7035,0.5871,0.1165,L2
1卖,RSI6大于50 + 二连板,437,0.073,0.032,2.281,0.7643,0.5871,0.1772,L2
1卖,RSI6大于50 + 二次涨停,331,0.054,0.0261,2.068,0.7462,0.5871,0.1592,L2
1卖,RSI6大于50 + 纳财,933,0.1193,0.1203,0.992,0.5852,0.5871,-0.0019,L2
1卖,RSI6大于50 + 中枢进机会区,207,0.0326,0.018,1.807,0.7198,0.5871,0.1327,L2
1卖,RSI6大于50 + 中枢极限底,99,0.0155,0.0087,1.784,0.7172,0.5871,0.1301,L2
1卖,RSI6大于50 + 中枢上穿中轴,1427,0.1926,0.1697,1.135,0.6174,0.5871,0.0303,L2
1卖,RSI6大于50 + 中枢底部蓄力,211,0.0323,0.0196,1.652,0.7014,0.5871,0.1144,L2
1卖,RSI6大于50 + 中枢底部回升,362,0.0518,0.0388,1.334,0.6547,0.5871,0.0676,L2
1卖,RSI6大于50 + 大盘多头,4420,0.5534,0.5867,0.943,0.5729,0.5871,-0.0142,L2
1卖,RSI6大于50 + 大盘空头,2113,0.2835,0.2536,1.118,0.6138,0.5871,0.0268,L2
1卖,RSI6大于50 + 大盘安全,6197,0.7976,0.7918,1.007,0.5888,0.5871,0.0018,L2
1卖,RSI6大于50 + SID等于1,4420,0.5534,0.5867,0.943,0.5729,0.5871,-0.0142,L2
1卖,RSI6大于50 + SID等于2,4596,0.609,0.5625,1.083,0.6062,0.5871,0.0191,L2
1卖,RSI6大于50 + SID小于等于2,6969,0.8946,0.8937,1.001,0.5873,0.5871,0.0002,L2
1卖,RSI6大于50 + 大盘5日上涨,6855,0.8835,0.8741,1.011,0.5896,0.5871,0.0026,L2
1卖,RSI6大于50 + 相对强弱大于0,7565,0.976,0.9633,1.013,0.5902,0.5871,0.0032,L2
1卖,RSI6大于50 + 相对强弱大于5,6284,0.8457,0.7505,1.127,0.6157,0.5871,0.0286,L2
1卖,RSI6大于50 + 量比>=1.3,4114,0.5565,0.4873,1.142,0.6189,0.5871,0.0318,L2
1卖,RSI6大于50 + 量比>=2,2265,0.3183,0.2514,1.266,0.6428,0.5871,0.0558,L2
1卖,RSI6大于50 + 距前高<=10%,6808,0.864,0.8872,0.974,0.5806,0.5871,-0.0064,L2
1卖,RSI6大于50 + 距前低<=10%,301,0.0284,0.0531,0.535,0.4319,0.5871,-0.1552,L2
1卖,RSI6大于50 + 相对强弱>=0,7271,0.9432,0.9186,1.027,0.5935,0.5871,0.0064,L2
1卖,RSI6大于50 + 相对强弱>=5,5436,0.7434,0.6324,1.176,0.6256,0.5871,0.0386,L2
1卖,RSI金叉 + RSI6超卖,66,0.0077,0.0096,0.794,0.5303,0.5871,-0.0568,L2
1卖,RSI金叉 + RSI底背离,55,0.0079,0.0059,1.333,0.6545,0.5871,0.0675,L2
1卖,RSI金叉 + 威科夫得分大于4,2004,0.2544,0.261,0.975,0.5808,0.5871,-0.0062,L2
1卖,RSI金叉 + 威科夫得分大于7,1675,0.2151,0.2147,1.002,0.5875,0.5871,0.0004,L2
1卖,RSI金叉 + 积累阶段,91,0.0096,0.0146,0.658,0.4835,0.5871,-0.1035,L2
1卖,RSI金叉 + 黄金柱,328,0.0365,0.05,0.73,0.5091,0.5871,-0.0779,L2
1卖,RSI金叉 + 量能金叉,875,0.1067,0.1203,0.887,0.5577,0.5871,-0.0294,L2
1卖,RSI金叉 + 六脉红灯大于5,2280,0.2953,0.2887,1.023,0.5925,0.5871,0.0055,L2
1卖,RSI金叉 + 六脉红灯大于6,2118,0.2774,0.2638,1.051,0.5992,0.5871,0.0121,L2
1卖,RSI金叉 + 六脉6红首发,2118,0.2774,0.2638,1.051,0.5992,0.5871,0.0121,L2
1卖,RSI金叉 + 六脉5红首发,2280,0.2953,0.2887,1.023,0.5925,0.5871,0.0055,L2
1卖,RSI金叉 + 偏多共振,1406,0.1856,0.1731,1.072,0.6038,0.5871,0.0168,L2
1卖,RSI金叉 + 多头共振,1405,0.1854,0.1731,1.071,0.6036,0.5871,0.0165,L2
1卖,RSI金叉 + 火箭信号,621,0.0911,0.0634,1.438,0.6715,0.5871,0.0844,L2
1卖,RSI金叉 + 二连板,95,0.0153,0.0078,1.969,0.7368,0.5871,0.1498,L2
1卖,RSI金叉 + 二次涨停,148,0.0236,0.0124,1.899,0.7297,0.5871,0.1427,L2
1卖,RSI金叉 + 纳财,275,0.0348,0.036,0.964,0.5782,0.5871,-0.0089,L2
1卖,RSI金叉 + 中枢进机会区,91,0.0142,0.0081,1.758,0.7143,0.5871,0.1272,L2
1卖,RSI金叉 + 中枢上穿中轴,715,0.099,0.0814,1.216,0.6336,0.5871,0.0465,L2
1卖,RSI金叉 + 中枢底部蓄力,89,0.0131,0.009,1.455,0.6742,0.5871,0.0871,L2
1卖,RSI金叉 + 中枢底部回升,178,0.0251,0.0196,1.284,0.6461,0.5871,0.059,L2
1卖,RSI金叉 + 大盘多头,1356,0.1694,0.1805,0.938,0.5715,0.5871,-0.0155,L2
1卖,RSI金叉 + 大盘空头,701,0.0951,0.0827,1.15,0.6205,0.5871,0.0335,L2
1卖,RSI金叉 + 大盘安全,1868,0.2391,0.2405,0.994,0.5857,0.5871,-0.0014,L2
1卖,RSI金叉 + SID等于1,1356,0.1694,0.1805,0.938,0.5715,0.5871,-0.0155,L2
1卖,RSI金叉 + SID等于2,1458,0.1895,0.1837,1.032,0.5947,0.5871,0.0076,L2
1卖,RSI金叉 + SID小于等于2,2177,0.2756,0.2846,0.968,0.5792,0.5871,-0.0078,L2
1卖,RSI金叉 + 大盘5日上涨,2082,0.2669,0.2676,0.997,0.5865,0.5871,-0.0006,L2
1卖,RSI金叉 + 相对强弱大于0,2417,0.3095,0.3111,0.995,0.5859,0.5871,-0.0012,L2
1卖,RSI金叉 + 相对强弱大于5,1864,0.2557,0.2157,1.186,0.6277,0.5871,0.0406,L2
1卖,RSI金叉 + 量比>=1.3,1516,0.2004,0.1861,1.077,0.6049,0.5871,0.0178,L2
1卖,RSI金叉 + 量比>=2,869,0.1189,0.101,1.177,0.626,0.5871,0.0389,L2
1卖,RSI金叉 + 距前高<=10%,2212,0.2763,0.2946,0.938,0.5714,0.5871,-0.0156,L2
1卖,RSI金叉 + 距前低<=10%,98,0.0111,0.0146,0.763,0.5204,0.5871,-0.0667,L2
1卖,RSI金叉 + 相对强弱>=0,2259,0.2933,0.285,1.029,0.5941,0.5871,0.007,L2
1卖,RSI金叉 + 相对强弱>=5,1508,0.2101,0.17,1.236,0.6373,0.5871,0.0502,L2
1卖,RSI6超卖 + 威科夫得分大于4,150,0.019,0.0196,0.971,0.58,0.5871,-0.0071,L2
1卖,RSI6超卖 + 威科夫得分大于7,119,0.0153,0.0152,1.005,0.5882,0.5871,0.0012,L2
1卖,RSI6超卖 + 量能金叉,61,0.0072,0.0087,0.829,0.541,0.5871,-0.0461,L2
1卖,RSI6超卖 + 六脉红灯大于5,169,0.0216,0.0218,0.995,0.5858,0.5871,-0.0013,L2
1卖,RSI6超卖 + 六脉红灯大于6,157,0.021,0.019,1.107,0.6115,0.5871,0.0244,L2
1卖,RSI6超卖 + 六脉6红首发,157,0.021,0.019,1.107,0.6115,0.5871,0.0244,L2
1卖,RSI6超卖 + 六脉5红首发,169,0.0216,0.0218,0.995,0.5858,0.5871,-0.0013,L2
1卖,RSI6超卖 + 偏多共振,95,0.0109,0.014,0.782,0.5263,0.5871,-0.0607,L2
1卖,RSI6超卖 + 多头共振,95,0.0109,0.014,0.782,0.5263,0.5871,-0.0607,L2
1卖,RSI6超卖 + 中枢进机会区,107,0.0162,0.0103,1.577,0.6916,0.5871,0.1045,L2
1卖,RSI6超卖 + 中枢极限底,68,0.0098,0.0071,1.376,0.6618,0.5871,0.0747,L2
1卖,RSI6超卖 + 大盘多头,84,0.0111,0.0103,1.087,0.6071,0.5871,0.0201,L2
1卖,RSI6超卖 + 大盘空头,70,0.0087,0.0093,0.938,0.5714,0.5871,-0.0156,L2
1卖,RSI6超卖 + 大盘安全,112,0.0146,0.014,1.047,0.5982,0.5871,0.0111,L2
1卖,RSI6超卖 + SID等于1,84,0.0111,0.0103,1.087,0.6071,0.5871,0.0201,L2
1卖,RSI6超卖 + SID等于2,111,0.0129,0.0162,0.798,0.5315,0.5871,-0.0555,L2
1卖,RSI6超卖 + SID小于等于2,158,0.0199,0.0208,0.955,0.5759,0.5871,-0.0111,L2
1卖,RSI6超卖 + 大盘5日上涨,136,0.0175,0.0174,1.005,0.5882,0.5871,0.0012,L2
1卖,RSI6超卖 + 相对强弱大于0,183,0.023,0.0242,0.947,0.5738,0.5871,-0.0133,L2
1卖,RSI6超卖 + 相对强弱大于5,118,0.017,0.0124,1.372,0.661,0.5871,0.074,L2
1卖,RSI6超卖 + 量比>=1.3,94,0.0136,0.0099,1.363,0.6596,0.5871,0.0725,L2
1卖,RSI6超卖 + 距前高<=10%,162,0.019,0.0233,0.816,0.537,0.5871,-0.05,L2
1卖,RSI6超卖 + 相对强弱>=0,160,0.0201,0.0211,0.952,0.575,0.5871,-0.0121,L2
1卖,RSI6超卖 + 相对强弱>=5,91,0.0131,0.0096,1.361,0.6593,0.5871,0.0723,L2
1卖,RSI底背离 + 威科夫得分大于4,63,0.0103,0.005,2.066,0.746,0.5871,0.159,L2
1卖,RSI底背离 + 六脉红灯大于5,92,0.0138,0.009,1.528,0.6848,0.5871,0.0977,L2
1卖,RSI底背离 + 六脉红灯大于6,90,0.0136,0.0087,1.558,0.6889,0.5871,0.1018,L2
1卖,RSI底背离 + 六脉6红首发,90,0.0136,0.0087,1.558,0.6889,0.5871,0.1018,L2
1卖,RSI底背离 + 六脉5红首发,92,0.0138,0.009,1.528,0.6848,0.5871,0.0977,L2
1卖,RSI底背离 + 中枢进机会区,79,0.0122,0.0071,1.713,0.7089,0.5871,0.1218,L2
1卖,RSI底背离 + 中枢上穿中轴,54,0.0079,0.0056,1.407,0.6667,0.5871,0.0796,L2
1卖,RSI底背离 + SID等于2,64,0.0094,0.0065,1.44,0.6719,0.5871,0.0848,L2
1卖,RSI底背离 + SID小于等于2,77,0.0116,0.0075,1.553,0.6883,0.5871,0.1012,L2
1卖,RSI底背离 + 大盘5日上涨,63,0.0092,0.0065,1.407,0.6667,0.5871,0.0796,L2
1卖,RSI底背离 + 相对强弱大于0,92,0.0136,0.0093,1.454,0.6739,0.5871,0.0868,L2
1卖,RSI底背离 + 相对强弱大于5,65,0.0101,0.0059,1.703,0.7077,0.5871,0.1206,L2
1卖,RSI底背离 + 量比>=1.3,70,0.0109,0.0062,1.758,0.7143,0.5871,0.1272,L2
1卖,RSI底背离 + 距前高<=10%,71,0.0107,0.0068,1.567,0.6901,0.5871,0.1031,L2
1卖,RSI底背离 + 相对强弱>=0,86,0.0122,0.0093,1.313,0.6512,0.5871,0.0641,L2
1卖,RSI底背离 + 相对强弱>=5,53,0.0079,0.0053,1.49,0.6792,0.5871,0.0922,L2
1卖,威科夫得分大于4 + 威科夫得分大于7,5236,0.6859,0.652,1.052,0.5993,0.5871,0.0122,L2
1卖,威科夫得分大于4 + 积累阶段,84,0.0087,0.0137,0.639,0.4762,0.5871,-0.1109,L2
1卖,威科夫得分大于4 + 威科夫B1突破,71,0.0081,0.0106,0.765,0.5211,0.5871,-0.0659,L2
1卖,威科夫得分大于4 + 黄金柱,398,0.0472,0.0566,0.835,0.5427,0.5871,-0.0444,L2
1卖,威科夫得分大于4 + 量能金叉,1852,0.2247,0.2561,0.878,0.5551,0.5871,-0.032,L2
1卖,威科夫得分大于4 + 六脉红灯大于5,5915,0.7652,0.7502,1.02,0.5919,0.5871,0.0048,L2
1卖,威科夫得分大于4 + 六脉红灯大于6,5685,0.7381,0.7172,1.029,0.594,0.5871,0.007,L2
1卖,威科夫得分大于4 + 六脉6红首发,5685,0.7381,0.7172,1.029,0.594,0.5871,0.007,L2
1卖,威科夫得分大于4 + 六脉5红首发,5915,0.7652,0.7502,1.02,0.5919,0.5871,0.0048,L2
1卖,威科夫得分大于4 + 偏多共振,3905,0.5346,0.4534,1.179,0.6264,0.5871,0.0393,L2
1卖,威科夫得分大于4 + 多头共振,3902,0.5344,0.4528,1.18,0.6266,0.5871,0.0395,L2
1卖,威科夫得分大于4 + 火箭信号,1391,0.2177,0.1227,1.774,0.716,0.5871,0.129,L2
1卖,威科夫得分大于4 + 二连板,355,0.0601,0.0249,2.418,0.7746,0.5871,0.1876,L2
1卖,威科夫得分大于4 + 二次涨停,264,0.0424,0.0218,1.949,0.7348,0.5871,0.1478,L2
1卖,威科夫得分大于4 + 纳财,751,0.0957,0.0973,0.984,0.5832,0.5871,-0.0038,L2
1卖,威科夫得分大于4 + 中枢进机会区,150,0.0243,0.0121,2.002,0.74,0.5871,0.1529,L2
1卖,威科夫得分大于4 + 中枢极限底,76,0.0118,0.0068,1.726,0.7105,0.5871,0.1235,L2
1卖,威科夫得分大于4 + 中枢上穿中轴,928,0.1311,0.1019,1.287,0.6466,0.5871,0.0595,L2
1卖,威科夫得分大于4 + 中枢底部蓄力,102,0.0164,0.0084,1.954,0.7353,0.5871,0.1482,L2
1卖,威科夫得分大于4 + 中枢底部回升,189,0.0286,0.018,1.589,0.6931,0.5871,0.1061,L2
1卖,威科夫得分大于4 + 大盘多头,3933,0.4995,0.5121,0.975,0.581,0.5871,-0.0061,L2
1卖,威科夫得分大于4 + 大盘空头,1392,0.1895,0.1631,1.162,0.6228,0.5871,0.0358,L2
1卖,威科夫得分大于4 + 大盘安全,5068,0.6511,0.6492,1.003,0.5878,0.5871,0.0007,L2
1卖,威科夫得分大于4 + SID等于1,3933,0.4995,0.5121,0.975,0.581,0.5871,-0.0061,L2
1卖,威科夫得分大于4 + SID等于2,3501,0.4595,0.4347,1.057,0.6004,0.5871,0.0133,L2
1卖,威科夫得分大于4 + SID小于等于2,5624,0.7187,0.7259,0.99,0.5846,0.5871,-0.0024,L2
1卖,威科夫得分大于4 + 大盘5日上涨,5486,0.7086,0.6973,1.016,0.591,0.5871,0.0039,L2
1卖,威科夫得分大于4 + 相对强弱大于0,6044,0.7808,0.7682,1.016,0.591,0.5871,0.0039,L2
1卖,威科夫得分大于4 + 相对强弱大于5,5047,0.6789,0.6032,1.126,0.6154,0.5871,0.0283,L2
1卖,威科夫得分大于4 + 量比>=1.3,3166,0.4289,0.3741,1.146,0.6197,0.5871,0.0326,L2
1卖,威科夫得分大于4 + 量比>=2,1680,0.2391,0.1821,1.313,0.6512,0.5871,0.0641,L2
1卖,威科夫得分大于4 + 距前高<=10%,5522,0.699,0.7222,0.968,0.5791,0.5871,-0.0079,L2
1卖,威科夫得分大于4 + 距前低<=10%,173,0.0168,0.0298,0.564,0.4451,0.5871,-0.142,L2
1卖,威科夫得分大于4 + 相对强弱>=0,5828,0.7574,0.7343,1.031,0.5945,0.5871,0.0075,L2
1卖,威科夫得分大于4 + 相对强弱>=5,4357,0.5972,0.505,1.183,0.627,0.5871,0.04,L2
1卖,威科夫得分大于7 + 黄金柱,318,0.0367,0.0466,0.788,0.5283,0.5871,-0.0588,L2
1卖,威科夫得分大于7 + 量能金叉,1514,0.1875,0.2039,0.92,0.5667,0.5871,-0.0204,L2
1卖,威科夫得分大于7 + 六脉红灯大于5,5017,0.6619,0.6181,1.071,0.6035,0.5871,0.0165,L2
1卖,威科夫得分大于7 + 六脉红灯大于6,4836,0.6413,0.5911,1.085,0.6067,0.5871,0.0196,L2
1卖,威科夫得分大于7 + 六脉6红首发,4836,0.6413,0.5911,1.085,0.6067,0.5871,0.0196,L2
1卖,威科夫得分大于7 + 六脉5红首发,5017,0.6619,0.6181,1.071,0.6035,0.5871,0.0165,L2
1卖,威科夫得分大于7 + 偏多共振,3577,0.4894,0.4158,1.177,0.6259,0.5871,0.0389,L2
1卖,威科夫得分大于7 + 多头共振,3576,0.4894,0.4155,1.178,0.6261,0.5871,0.0391,L2
1卖,威科夫得分大于7 + 火箭信号,1262,0.1998,0.1081,1.847,0.7242,0.5871,0.1372,L2
1卖,威科夫得分大于7 + 二连板,326,0.0553,0.0227,2.438,0.7761,0.5871,0.189,L2
1卖,威科夫得分大于7 + 二次涨停,243,0.0389,0.0202,1.926,0.7325,0.5871,0.1454,L2
1卖,威科夫得分大于7 + 纳财,658,0.0861,0.082,1.05,0.5988,0.5871,0.0117,L2
1卖,威科夫得分大于7 + 中枢进机会区,118,0.0197,0.0087,2.261,0.7627,0.5871,0.1756,L2
1卖,威科夫得分大于7 + 中枢极限底,64,0.0096,0.0062,1.547,0.6875,0.5871,0.1004,L2
1卖,威科夫得分大于7 + 中枢上穿中轴,700,0.1034,0.0705,1.466,0.6757,0.5871,0.0886,L2
1卖,威科夫得分大于7 + 中枢底部蓄力,72,0.0111,0.0065,1.708,0.7083,0.5871,0.1213,L2
1卖,威科夫得分大于7 + 中枢底部回升,136,0.0199,0.014,1.422,0.6691,0.5871,0.0821,L2
1卖,威科夫得分大于7 + 大盘多头,3360,0.4354,0.4251,1.024,0.5929,0.5871,0.0058,L2
1卖,威科夫得分大于7 + 大盘空头,1135,0.1565,0.1302,1.202,0.6308,0.5871,0.0438,L2
1卖,威科夫得分大于7 + 大盘安全,4275,0.5602,0.532,1.053,0.5995,0.5871,0.0125,L2
1卖,威科夫得分大于7 + SID等于1,3360,0.4354,0.4251,1.024,0.5929,0.5871,0.0058,L2
1卖,威科夫得分大于7 + SID等于2,2939,0.3932,0.3543,1.11,0.6121,0.5871,0.025,L2
1卖,威科夫得分大于7 + SID小于等于2,4756,0.621,0.5951,1.044,0.5974,0.5871,0.0103,L2
1卖,威科夫得分大于7 + 大盘5日上涨,4618,0.6077,0.5712,1.064,0.602,0.5871,0.0149,L2
1卖,威科夫得分大于7 + 相对强弱大于0,5101,0.6719,0.6299,1.067,0.6026,0.5871,0.0156,L2
1卖,威科夫得分大于7 + 相对强弱大于5,4356,0.5958,0.5065,1.176,0.6258,0.5871,0.0387,L2
1卖,威科夫得分大于7 + 量比>=1.3,2675,0.3692,0.3064,1.205,0.6314,0.5871,0.0443,L2
1卖,威科夫得分大于7 + 量比>=2,1386,0.2015,0.1442,1.398,0.6652,0.5871,0.0782,L2
1卖,威科夫得分大于7 + 距前高<=10%,4685,0.6024,0.5994,1.005,0.5883,0.5871,0.0012,L2
1卖,威科夫得分大于7 + 距前低<=10%,99,0.0101,0.0165,0.61,0.4646,0.5871,-0.1224,L2
1卖,威科夫得分大于7 + 相对强弱>=0,4942,0.6553,0.6041,1.085,0.6066,0.5871,0.0196,L2
1卖,威科夫得分大于7 + 相对强弱>=5,3812,0.5322,0.4279,1.244,0.6388,0.5871,0.0517,L2
1卖,积累阶段 + 威科夫B1突破,66,0.0063,0.0115,0.551,0.4394,0.5871,-0.1477,L2
1卖,积累阶段 + 量能金叉,116,0.0116,0.0196,0.592,0.4569,0.5871,-0.1302,L2
1卖,积累阶段 + 六脉红灯大于5,195,0.0179,0.0351,0.51,0.4205,0.5871,-0.1666,L2
1卖,积累阶段 + 六脉红灯大于6,192,0.0177,0.0345,0.513,0.4219,0.5871,-0.1652,L2
1卖,积累阶段 + 六脉6红首发,192,0.0177,0.0345,0.513,0.4219,0.5871,-0.1652,L2
1卖,积累阶段 + 六脉5红首发,195,0.0179,0.0351,0.51,0.4205,0.5871,-0.1666,L2
1卖,积累阶段 + 中枢上穿中轴,122,0.0122,0.0205,0.597,0.459,0.5871,-0.128,L2
1卖,积累阶段 + 大盘多头,101,0.0085,0.0193,0.442,0.3861,0.5871,-0.2009,L2
1卖,积累阶段 + 大盘空头,68,0.0068,0.0115,0.589,0.4559,0.5871,-0.1312,L2
1卖,积累阶段 + 大盘安全,138,0.0125,0.0252,0.495,0.413,0.5871,-0.174,L2
1卖,积累阶段 + SID等于1,101,0.0085,0.0193,0.442,0.3861,0.5871,-0.2009,L2
1卖,积累阶段 + SID等于2,119,0.0127,0.019,0.669,0.4874,0.5871,-0.0997,L2
1卖,积累阶段 + SID小于等于2,167,0.0153,0.0301,0.508,0.4192,0.5871,-0.1679,L2
1卖,积累阶段 + 大盘5日上涨,166,0.0153,0.0298,0.513,0.4217,0.5871,-0.1654,L2
1卖,积累阶段 + 相对强弱大于0,187,0.0177,0.0329,0.537,0.4332,0.5871,-0.1539,L2
1卖,积累阶段 + 相对强弱大于5,110,0.012,0.0171,0.703,0.5,0.5871,-0.0871,L2
1卖,积累阶段 + 量比>=1.3,135,0.0142,0.0218,0.653,0.4815,0.5871,-0.1056,L2
1卖,积累阶段 + 量比>=2,95,0.0109,0.014,0.782,0.5263,0.5871,-0.0607,L2
1卖,积累阶段 + 距前高<=10%,100,0.0107,0.0158,0.676,0.49,0.5871,-0.0971,L2
1卖,积累阶段 + 距前低<=10%,68,0.0057,0.0131,0.435,0.3824,0.5871,-0.2047,L2
1卖,积累阶段 + 相对强弱>=0,171,0.0164,0.0298,0.55,0.4386,0.5871,-0.1485,L2
1卖,积累阶段 + 相对强弱>=5,91,0.0103,0.0137,0.751,0.5165,0.5871,-0.0706,L2
1卖,威科夫B1突破 + 量能金叉,91,0.0103,0.0137,0.751,0.5165,0.5871,-0.0706,L2
1卖,威科夫B1突破 + 六脉红灯大于5,127,0.0138,0.0199,0.692,0.4961,0.5871,-0.091,L2
1卖,威科夫B1突破 + 六脉红灯大于6,127,0.0138,0.0199,0.692,0.4961,0.5871,-0.091,L2
1卖,威科夫B1突破 + 六脉6红首发,127,0.0138,0.0199,0.692,0.4961,0.5871,-0.091,L2
1卖,威科夫B1突破 + 六脉5红首发,127,0.0138,0.0199,0.692,0.4961,0.5871,-0.091,L2
1卖,威科夫B1突破 + 火箭信号,55,0.0066,0.0078,0.844,0.5455,0.5871,-0.0416,L2
1卖,威科夫B1突破 + 中枢上穿中轴,92,0.0103,0.014,0.735,0.5109,0.5871,-0.0762,L2
1卖,威科夫B1突破 + 大盘多头,70,0.0072,0.0115,0.627,0.4714,0.5871,-0.1156,L2
1卖,威科夫B1突破 + 大盘安全,94,0.0101,0.0149,0.674,0.4894,0.5871,-0.0977,L2
1卖,威科夫B1突破 + SID等于1,70,0.0072,0.0115,0.627,0.4714,0.5871,-0.1156,L2
1卖,威科夫B1突破 + SID等于2,87,0.0107,0.0118,0.907,0.5632,0.5871,-0.0238,L2
1卖,威科夫B1突破 + SID小于等于2,116,0.0131,0.0174,0.754,0.5172,0.5871,-0.0698,L2
1卖,威科夫B1突破 + 大盘5日上涨,103,0.0111,0.0162,0.69,0.4951,0.5871,-0.0919,L2
1卖,威科夫B1突破 + 相对强弱大于0,124,0.0136,0.0193,0.703,0.5,0.5871,-0.0871,L2
1卖,威科夫B1突破 + 相对强弱大于5,100,0.0114,0.0149,0.762,0.52,0.5871,-0.0671,L2
1卖,威科夫B1突破 + 量比>=1.3,110,0.0125,0.0165,0.756,0.5182,0.5871,-0.0689,L2
1卖,威科夫B1突破 + 量比>=2,84,0.0101,0.0118,0.851,0.5476,0.5871,-0.0394,L2
1卖,威科夫B1突破 + 距前高<=10%,78,0.0087,0.0118,0.74,0.5128,0.5871,-0.0742,L2
1卖,威科夫B1突破 + 相对强弱>=0,122,0.0133,0.019,0.703,0.5,0.5871,-0.0871,L2
1卖,威科夫B1突破 + 相对强弱>=5,91,0.0111,0.0124,0.897,0.5604,0.5871,-0.0266,L2
1卖,黄金柱 + 量能金叉,280,0.0306,0.0435,0.703,0.5,0.5871,-0.0871,L2
1卖,黄金柱 + 六脉红灯大于5,490,0.0581,0.0696,0.835,0.5429,0.5871,-0.0442,L2
1卖,黄金柱 + 六脉红灯大于6,462,0.0551,0.0653,0.844,0.5455,0.5871,-0.0416,L2
1卖,黄金柱 + 六脉6红首发,462,0.0551,0.0653,0.844,0.5455,0.5871,-0.0416,L2
1卖,黄金柱 + 六脉5红首发,490,0.0581,0.0696,0.835,0.5429,0.5871,-0.0442,L2
1卖,黄金柱 + 偏多共振,249,0.0286,0.0367,0.781,0.5261,0.5871,-0.061,L2
1卖,黄金柱 + 多头共振,249,0.0286,0.0367,0.781,0.5261,0.5871,-0.061,L2
1卖,黄金柱 + 火箭信号,102,0.0131,0.0131,1.005,0.5882,0.5871,0.0012,L2
1卖,黄金柱 + 纳财,70,0.0094,0.0084,1.12,0.6143,0.5871,0.0272,L2
1卖,黄金柱 + 中枢上穿中轴,178,0.0232,0.0224,1.036,0.5955,0.5871,0.0084,L2
1卖,黄金柱 + 中枢底部回升,55,0.0061,0.0084,0.729,0.5091,0.5871,-0.078,L2
1卖,黄金柱 + 大盘多头,255,0.0269,0.041,0.655,0.4824,0.5871,-0.1047,L2
1卖,黄金柱 + 大盘空头,168,0.0219,0.0211,1.034,0.5952,0.5871,0.0082,L2
1卖,黄金柱 + 大盘安全,380,0.0426,0.0575,0.741,0.5132,0.5871,-0.0739,L2
1卖,黄金柱 + SID等于1,255,0.0269,0.041,0.655,0.4824,0.5871,-0.1047,L2
1卖,黄金柱 + SID等于2,319,0.0387,0.0441,0.877,0.5549,0.5871,-0.0322,L2
1卖,黄金柱 + SID小于等于2,443,0.0503,0.0662,0.76,0.5192,0.5871,-0.0679,L2
1卖,黄金柱 + 大盘5日上涨,435,0.0498,0.0643,0.775,0.5241,0.5871,-0.0629,L2
1卖,黄金柱 + 相对强弱大于0,508,0.0595,0.0733,0.811,0.5354,0.5871,-0.0516,L2
1卖,黄金柱 + 相对强弱大于5,336,0.0407,0.0466,0.872,0.5536,0.5871,-0.0335,L2
1卖,黄金柱 + 量比>=1.3,349,0.0417,0.0491,0.85,0.5473,0.5871,-0.0398,L2
1卖,黄金柱 + 量比>=2,219,0.0284,0.0277,1.027,0.5936,0.5871,0.0065,L2
1卖,黄金柱 + 距前高<=10%,472,0.0551,0.0684,0.806,0.5339,0.5871,-0.0532,L2
1卖,黄金柱 + 相对强弱>=0,468,0.0553,0.0668,0.828,0.5406,0.5871,-0.0465,L2
1卖,黄金柱 + 相对强弱>=5,260,0.0321,0.0351,0.915,0.5654,0.5871,-0.0217,L2
1卖,量能金叉 + 六脉红灯大于5,2324,0.2857,0.316,0.904,0.5624,0.5871,-0.0247,L2
1卖,量能金叉 + 六脉红灯大于6,2261,0.2783,0.307,0.906,0.563,0.5871,-0.024,L2
1卖,量能金叉 + 六脉6红首发,2261,0.2783,0.307,0.906,0.563,0.5871,-0.024,L2
1卖,量能金叉 + 六脉5红首发,2324,0.2857,0.316,0.904,0.5624,0.5871,-0.0247,L2
1卖,量能金叉 + 偏多共振,1158,0.1493,0.1476,1.011,0.5898,0.5871,0.0027,L2
1卖,量能金叉 + 多头共振,1156,0.1491,0.1473,1.012,0.59,0.5871,0.0029,L2
1卖,量能金叉 + 火箭信号,658,0.0951,0.0693,1.372,0.6611,0.5871,0.074,L2
1卖,量能金叉 + 二连板,150,0.0236,0.0131,1.809,0.72,0.5871,0.1329,L2
1卖,量能金叉 + 二次涨停,57,0.0087,0.0053,1.655,0.7018,0.5871,0.1147,L2
1卖,量能金叉 + 纳财,320,0.0369,0.0469,0.787,0.5281,0.5871,-0.0589,L2
1卖,量能金叉 + 中枢进机会区,76,0.0118,0.0068,1.726,0.7105,0.5871,0.1235,L2
1卖,量能金叉 + 中枢上穿中轴,772,0.0999,0.0979,1.02,0.592,0.5871,0.0049,L2
1卖,量能金叉 + 中枢底部蓄力,148,0.0232,0.0131,1.775,0.7162,0.5871,0.1292,L2
1卖,量能金叉 + 中枢底部回升,238,0.0343,0.0252,1.363,0.6597,0.5871,0.0726,L2
1卖,量能金叉 + 大盘多头,1329,0.1521,0.1967,0.773,0.5237,0.5871,-0.0634,L2
1卖,量能金叉 + 大盘空头,658,0.0879,0.0796,1.105,0.6109,0.5871,0.0239,L2
1卖,量能金叉 + 大盘安全,1908,0.2297,0.2663,0.863,0.5508,0.5871,-0.0362,L2
1卖,量能金叉 + SID等于1,1329,0.1521,0.1967,0.773,0.5237,0.5871,-0.0634,L2
1卖,量能金叉 + SID等于2,1454,0.1845,0.1896,0.973,0.5805,0.5871,-0.0066,L2
1卖,量能金叉 + SID小于等于2,2147,0.2601,0.2974,0.875,0.5543,0.5871,-0.0328,L2
1卖,量能金叉 + 大盘5日上涨,2126,0.2601,0.2909,0.894,0.5597,0.5871,-0.0273,L2
1卖,量能金叉 + 相对强弱大于0,2330,0.2868,0.3163,0.907,0.5631,0.5871,-0.024,L2
1卖,量能金叉 + 相对强弱大于5,1858,0.2404,0.2356,1.021,0.592,0.5871,0.005,L2
1卖,量能金叉 + 量比>=1.3,1736,0.2232,0.2222,1.004,0.5881,0.5871,0.0011,L2
1卖,量能金叉 + 量比>=2,1132,0.1508,0.1374,1.098,0.6095,0.5871,0.0225,L2
1卖,量能金叉 + 距前高<=10%,2041,0.2477,0.2822,0.878,0.5551,0.5871,-0.0319,L2
1卖,量能金叉 + 距前低<=10%,114,0.0096,0.0218,0.442,0.386,0.5871,-0.2011,L2
1卖,量能金叉 + 相对强弱>=0,2240,0.2772,0.3021,0.918,0.5661,0.5871,-0.021,L2
1卖,量能金叉 + 相对强弱>=5,1573,0.2072,0.1942,1.067,0.6027,0.5871,0.0156,L2
1卖,六脉红灯大于5 + 六脉红灯大于6,7147,0.9301,0.8987,1.035,0.5954,0.5871,0.0083,L2
1卖,六脉红灯大于5 + 六脉6红首发,7147,0.9301,0.8987,1.035,0.5954,0.5871,0.0083,L2
1卖,六脉红灯大于5 + 六脉5红首发,7431,0.962,0.9416,1.022,0.5922,0.5871,0.0052,L2
1卖,六脉红灯大于5 + 偏多共振,3784,0.5242,0.4307,1.217,0.6337,0.5871,0.0467,L2
1卖,六脉红灯大于5 + 多头共振,3780,0.5237,0.4301,1.218,0.6339,0.5871,0.0468,L2
1卖,六脉红灯大于5 + 火箭信号,1777,0.273,0.1641,1.664,0.7029,0.5871,0.1158,L2
1卖,六脉红灯大于5 + 二连板,437,0.073,0.032,2.281,0.7643,0.5871,0.1772,L2
1卖,六脉红灯大于5 + 二次涨停,328,0.0533,0.0261,2.043,0.7439,0.5871,0.1568,L2
1卖,六脉红灯大于5 + 纳财,914,0.1174,0.1172,1.002,0.5875,0.5871,0.0005,L2
1卖,六脉红灯大于5 + 中枢进机会区,195,0.031,0.0165,1.885,0.7282,0.5871,0.1411,L2
1卖,六脉红灯大于5 + 中枢极限底,94,0.0149,0.0081,1.84,0.7234,0.5871,0.1363,L2
1卖,六脉红灯大于5 + 中枢上穿中轴,1403,0.1897,0.1663,1.141,0.6187,0.5871,0.0316,L2
1卖,六脉红灯大于5 + 中枢底部蓄力,211,0.0323,0.0196,1.652,0.7014,0.5871,0.1144,L2
1卖,六脉红灯大于5 + 中枢底部回升,362,0.0518,0.0388,1.334,0.6547,0.5871,0.0676,L2
1卖,六脉红灯大于5 + 大盘多头,4213,0.5314,0.5538,0.96,0.577,0.5871,-0.01,L2
1卖,六脉红灯大于5 + 大盘空头,2031,0.2756,0.2393,1.152,0.6209,0.5871,0.0338,L2
1卖,六脉红灯大于5 + 大盘安全,5916,0.7681,0.7464,1.029,0.594,0.5871,0.0069,L2
1卖,六脉红灯大于5 + SID等于1,4213,0.5314,0.5538,0.96,0.577,0.5871,-0.01,L2
1卖,六脉红灯大于5 + SID等于2,4406,0.5889,0.532,1.107,0.6114,0.5871,0.0244,L2
1卖,六脉红灯大于5 + SID小于等于2,6661,0.8625,0.8437,1.022,0.5924,0.5871,0.0053,L2
1卖,六脉红灯大于5 + 大盘5日上涨,6552,0.8518,0.825,1.032,0.5948,0.5871,0.0077,L2
1卖,六脉红灯大于5 + 相对强弱大于0,7228,0.9405,0.9089,1.035,0.5953,0.5871,0.0083,L2
1卖,六脉红灯大于5 + 相对强弱大于5,6069,0.8208,0.7191,1.141,0.6187,0.5871,0.0317,L2
1卖,六脉红灯大于5 + 量比>=1.3,3967,0.5405,0.4643,1.164,0.6234,0.5871,0.0363,L2
1卖,六脉红灯大于5 + 量比>=2,2204,0.3115,0.2421,1.287,0.6466,0.5871,0.0595,L2
1卖,六脉红灯大于5 + 距前高<=10%,6487,0.8313,0.8341,0.997,0.5862,0.5871,-0.0008,L2
1卖,六脉红灯大于5 + 距前低<=10%,284,0.0271,0.0497,0.545,0.4366,0.5871,-0.1504,L2
1卖,六脉红灯大于5 + 相对强弱>=0,6968,0.9113,0.8698,1.048,0.5983,0.5871,0.0112,L2
1卖,六脉红灯大于5 + 相对强弱>=5,5287,0.7259,0.6109,1.188,0.6281,0.5871,0.0411,L2
1卖,六脉红灯大于6 + 六脉6红首发,7147,0.9301,0.8987,1.035,0.5954,0.5871,0.0083,L2
1卖,六脉红灯大于6 + 六脉5红首发,7147,0.9301,0.8987,1.035,0.5954,0.5871,0.0083,L2
1卖,六脉红灯大于6 + 偏多共振,3618,0.5047,0.4068,1.241,0.6382,0.5871,0.0511,L2
1卖,六脉红灯大于6 + 多头共振,3616,0.5047,0.4062,1.243,0.6386,0.5871,0.0515,L2
1卖,六脉红灯大于6 + 火箭信号,1767,0.271,0.1638,1.655,0.7018,0.5871,0.1147,L2
1卖,六脉红灯大于6 + 二连板,436,0.0728,0.032,2.274,0.7638,0.5871,0.1767,L2
1卖,六脉红灯大于6 + 二次涨停,322,0.052,0.0261,1.993,0.7391,0.5871,0.1521,L2
1卖,六脉红灯大于6 + 纳财,898,0.1158,0.1144,1.013,0.5902,0.5871,0.0031,L2
1卖,六脉红灯大于6 + 中枢进机会区,188,0.0304,0.0152,1.995,0.7394,0.5871,0.1523,L2
1卖,六脉红灯大于6 + 中枢极限底,90,0.0144,0.0075,1.934,0.7333,0.5871,0.1463,L2
1卖,六脉红灯大于6 + 中枢上穿中轴,1383,0.1873,0.1635,1.146,0.6197,0.5871,0.0326,L2
1卖,六脉红灯大于6 + 中枢底部蓄力,211,0.0323,0.0196,1.652,0.7014,0.5871,0.1144,L2
1卖,六脉红灯大于6 + 中枢底部回升,360,0.0514,0.0388,1.322,0.6528,0.5871,0.0657,L2
1卖,六脉红灯大于6 + 大盘多头,4056,0.5145,0.5289,0.973,0.5804,0.5871,-0.0067,L2
1卖,六脉红灯大于6 + 大盘空头,1966,0.2682,0.2296,1.168,0.6241,0.5871,0.037,L2
1卖,六脉红灯大于6 + 大盘安全,5692,0.7432,0.7122,1.043,0.5973,0.5871,0.0103,L2
1卖,六脉红灯大于6 + SID等于1,4056,0.5145,0.5289,0.973,0.5804,0.5871,-0.0067,L2
1卖,六脉红灯大于6 + SID等于2,4247,0.5705,0.5087,1.121,0.6146,0.5871,0.0275,L2
1卖,六脉红灯大于6 + SID小于等于2,6414,0.8345,0.8067,1.034,0.5953,0.5871,0.0082,L2
1卖,六脉红灯大于6 + 大盘5日上涨,6313,0.8251,0.7887,1.046,0.598,0.5871,0.0109,L2
1卖,六脉红灯大于6 + 相对强弱大于0,6952,0.9091,0.8679,1.047,0.5982,0.5871,0.0112,L2
1卖,六脉红灯大于6 + 相对强弱大于5,5862,0.7956,0.6905,1.152,0.6209,0.5871,0.0339,L2
1卖,六脉红灯大于6 + 量比>=1.3,3861,0.5279,0.4493,1.175,0.6255,0.5871,0.0384,L2
1卖,六脉红灯大于6 + 量比>=2,2163,0.3073,0.2352,1.306,0.65,0.5871,0.063,L2
1卖,六脉红灯大于6 + 距前高<=10%,6230,0.8031,0.7943,1.011,0.5897,0.5871,0.0027,L2
1卖,六脉红灯大于6 + 距前低<=10%,273,0.0262,0.0475,0.552,0.4396,0.5871,-0.1475,L2
1卖,六脉红灯大于6 + 相对强弱>=0,6716,0.8826,0.8322,1.061,0.6013,0.5871,0.0142,L2
1卖,六脉红灯大于6 + 相对强弱>=5,5127,0.706,0.5895,1.198,0.63,0.5871,0.0429,L2
1卖,六脉6红首发 + 六脉5红首发,7147,0.9301,0.8987,1.035,0.5954,0.5871,0.0083,L2
1卖,六脉6红首发 + 偏多共振,3618,0.5047,0.4068,1.241,0.6382,0.5871,0.0511,L2
1卖,六脉6红首发 + 多头共振,3616,0.5047,0.4062,1.243,0.6386,0.5871,0.0515,L2
1卖,六脉6红首发 + 火箭信号,1767,0.271,0.1638,1.655,0.7018,0.5871,0.1147,L2
1卖,六脉6红首发 + 二连板,436,0.0728,0.032,2.274,0.7638,0.5871,0.1767,L2
1卖,六脉6红首发 + 二次涨停,322,0.052,0.0261,1.993,0.7391,0.5871,0.1521,L2
1卖,六脉6红首发 + 纳财,898,0.1158,0.1144,1.013,0.5902,0.5871,0.0031,L2
1卖,六脉6红首发 + 中枢进机会区,188,0.0304,0.0152,1.995,0.7394,0.5871,0.1523,L2
1卖,六脉6红首发 + 中枢极限底,90,0.0144,0.0075,1.934,0.7333,0.5871,0.1463,L2
1卖,六脉6红首发 + 中枢上穿中轴,1383,0.1873,0.1635,1.146,0.6197,0.5871,0.0326,L2
1卖,六脉6红首发 + 中枢底部蓄力,211,0.0323,0.0196,1.652,0.7014,0.5871,0.1144,L2
1卖,六脉6红首发 + 中枢底部回升,360,0.0514,0.0388,1.322,0.6528,0.5871,0.0657,L2
1卖,六脉6红首发 + 大盘多头,4056,0.5145,0.5289,0.973,0.5804,0.5871,-0.0067,L2
1卖,六脉6红首发 + 大盘空头,1966,0.2682,0.2296,1.168,0.6241,0.5871,0.037,L2
1卖,六脉6红首发 + 大盘安全,5692,0.7432,0.7122,1.043,0.5973,0.5871,0.0103,L2
1卖,六脉6红首发 + SID等于1,4056,0.5145,0.5289,0.973,0.5804,0.5871,-0.0067,L2
1卖,六脉6红首发 + SID等于2,4247,0.5705,0.5087,1.121,0.6146,0.5871,0.0275,L2
1卖,六脉6红首发 + SID小于等于2,6414,0.8345,0.8067,1.034,0.5953,0.5871,0.0082,L2
1卖,六脉6红首发 + 大盘5日上涨,6313,0.8251,0.7887,1.046,0.598,0.5871,0.0109,L2
1卖,六脉6红首发 + 相对强弱大于0,6952,0.9091,0.8679,1.047,0.5982,0.5871,0.0112,L2
1卖,六脉6红首发 + 相对强弱大于5,5862,0.7956,0.6905,1.152,0.6209,0.5871,0.0339,L2
1卖,六脉6红首发 + 量比>=1.3,3861,0.5279,0.4493,1.175,0.6255,0.5871,0.0384,L2
1卖,六脉6红首发 + 量比>=2,2163,0.3073,0.2352,1.306,0.65,0.5871,0.063,L2
1卖,六脉6红首发 + 距前高<=10%,6230,0.8031,0.7943,1.011,0.5897,0.5871,0.0027,L2
1卖,六脉6红首发 + 距前低<=10%,273,0.0262,0.0475,0.552,0.4396,0.5871,-0.1475,L2
1卖,六脉6红首发 + 相对强弱>=0,6716,0.8826,0.8322,1.061,0.6013,0.5871,0.0142,L2
1卖,六脉6红首发 + 相对强弱>=5,5127,0.706,0.5895,1.198,0.63,0.5871,0.0429,L2
1卖,六脉5红首发 + 偏多共振,3784,0.5242,0.4307,1.217,0.6337,0.5871,0.0467,L2
1卖,六脉5红首发 + 多头共振,3780,0.5237,0.4301,1.218,0.6339,0.5871,0.0468,L2
1卖,六脉5红首发 + 火箭信号,1777,0.273,0.1641,1.664,0.7029,0.5871,0.1158,L2
1卖,六脉5红首发 + 二连板,437,0.073,0.032,2.281,0.7643,0.5871,0.1772,L2
1卖,六脉5红首发 + 二次涨停,328,0.0533,0.0261,2.043,0.7439,0.5871,0.1568,L2
1卖,六脉5红首发 + 纳财,914,0.1174,0.1172,1.002,0.5875,0.5871,0.0005,L2
1卖,六脉5红首发 + 中枢进机会区,195,0.031,0.0165,1.885,0.7282,0.5871,0.1411,L2
1卖,六脉5红首发 + 中枢极限底,94,0.0149,0.0081,1.84,0.7234,0.5871,0.1363,L2
1卖,六脉5红首发 + 中枢上穿中轴,1403,0.1897,0.1663,1.141,0.6187,0.5871,0.0316,L2
1卖,六脉5红首发 + 中枢底部蓄力,211,0.0323,0.0196,1.652,0.7014,0.5871,0.1144,L2
1卖,六脉5红首发 + 中枢底部回升,362,0.0518,0.0388,1.334,0.6547,0.5871,0.0676,L2
1卖,六脉5红首发 + 大盘多头,4213,0.5314,0.5538,0.96,0.577,0.5871,-0.01,L2
1卖,六脉5红首发 + 大盘空头,2031,0.2756,0.2393,1.152,0.6209,0.5871,0.0338,L2
1卖,六脉5红首发 + 大盘安全,5916,0.7681,0.7464,1.029,0.594,0.5871,0.0069,L2
1卖,六脉5红首发 + SID等于1,4213,0.5314,0.5538,0.96,0.577,0.5871,-0.01,L2
1卖,六脉5红首发 + SID等于2,4406,0.5889,0.532,1.107,0.6114,0.5871,0.0244,L2
1卖,六脉5红首发 + SID小于等于2,6661,0.8625,0.8437,1.022,0.5924,0.5871,0.0053,L2
1卖,六脉5红首发 + 大盘5日上涨,6552,0.8518,0.825,1.032,0.5948,0.5871,0.0077,L2
1卖,六脉5红首发 + 相对强弱大于0,7228,0.9405,0.9089,1.035,0.5953,0.5871,0.0083,L2
1卖,六脉5红首发 + 相对强弱大于5,6069,0.8208,0.7191,1.141,0.6187,0.5871,0.0317,L2
1卖,六脉5红首发 + 量比>=1.3,3967,0.5405,0.4643,1.164,0.6234,0.5871,0.0363,L2
1卖,六脉5红首发 + 量比>=2,2204,0.3115,0.2421,1.287,0.6466,0.5871,0.0595,L2
1卖,六脉5红首发 + 距前高<=10%,6487,0.8313,0.8341,0.997,0.5862,0.5871,-0.0008,L2
1卖,六脉5红首发 + 距前低<=10%,284,0.0271,0.0497,0.545,0.4366,0.5871,-0.1504,L2
1卖,六脉5红首发 + 相对强弱>=0,6968,0.9113,0.8698,1.048,0.5983,0.5871,0.0112,L2
1卖,六脉5红首发 + 相对强弱>=5,5287,0.7259,0.6109,1.188,0.6281,0.5871,0.0411,L2
1卖,偏多共振 + 多头共振,3992,0.5464,0.4636,1.179,0.6263,0.5871,0.0392,L2
1卖,偏多共振 + 火箭信号,942,0.1556,0.0715,2.177,0.7558,0.5871,0.1688,L2
1卖,偏多共振 + 二连板,229,0.0393,0.0152,2.584,0.786,0.5871,0.199,L2
1卖,偏多共振 + 二次涨停,200,0.033,0.0152,2.168,0.755,0.5871,0.1679,L2
1卖,偏多共振 + 纳财,493,0.0686,0.0556,1.234,0.6369,0.5871,0.0499,L2
1卖,偏多共振 + 中枢进机会区,89,0.0144,0.0071,2.018,0.7416,0.5871,0.1545,L2
1卖,偏多共振 + 中枢上穿中轴,539,0.0848,0.0469,1.807,0.7199,0.5871,0.1328,L2
1卖,偏多共振 + 中枢底部蓄力,53,0.009,0.0037,2.403,0.7736,0.5871,0.1865,L2
1卖,偏多共振 + 中枢底部回升,106,0.0166,0.0093,1.782,0.717,0.5871,0.1299,L2
1卖,偏多共振 + 大盘多头,2555,0.3443,0.3045,1.13,0.6164,0.5871,0.0294,L2
1卖,偏多共振 + 大盘空头,848,0.1228,0.0889,1.382,0.6627,0.5871,0.0757,L2
1卖,偏多共振 + 大盘安全,3331,0.4536,0.3903,1.162,0.6229,0.5871,0.0359,L2
1卖,偏多共振 + SID等于1,2555,0.3443,0.3045,1.13,0.6164,0.5871,0.0294,L2
1卖,偏多共振 + SID等于2,2253,0.3167,0.2498,1.268,0.6431,0.5871,0.0561,L2
1卖,偏多共振 + SID小于等于2,3663,0.4997,0.4279,1.168,0.6241,0.5871,0.037,L2
1卖,偏多共振 + 大盘5日上涨,3552,0.4846,0.4149,1.168,0.6242,0.5871,0.0371,L2
1卖,偏多共振 + 相对强弱大于0,3908,0.5386,0.4487,1.2,0.6305,0.5871,0.0434,L2
1卖,偏多共振 + 相对强弱大于5,3292,0.4754,0.3471,1.37,0.6607,0.5871,0.0736,L2
1卖,偏多共振 + 量比>=1.3,1997,0.2868,0.2129,1.347,0.657,0.5871,0.0699,L2
1卖,偏多共振 + 量比>=2,1022,0.1558,0.096,1.623,0.6977,0.5871,0.1106,L2
1卖,偏多共振 + 距前高<=10%,3569,0.4776,0.4301,1.11,0.6122,0.5871,0.0252,L2
1卖,偏多共振 + 距前低<=10%,59,0.0055,0.0106,0.517,0.4237,0.5871,-0.1633,L2
1卖,偏多共振 + 相对强弱>=0,3756,0.522,0.4251,1.228,0.6358,0.5871,0.0487,L2
1卖,偏多共振 + 相对强弱>=5,2838,0.4192,0.2859,1.466,0.6758,0.5871,0.0888,L2
1卖,多头共振 + 火箭信号,942,0.1556,0.0715,2.177,0.7558,0.5871,0.1688,L2
1卖,多头共振 + 二连板,229,0.0393,0.0152,2.584,0.786,0.5871,0.199,L2
1卖,多头共振 + 二次涨停,200,0.033,0.0152,2.168,0.755,0.5871,0.1679,L2
1卖,多头共振 + 纳财,493,0.0686,0.0556,1.234,0.6369,0.5871,0.0499,L2
1卖,多头共振 + 中枢进机会区,89,0.0144,0.0071,2.018,0.7416,0.5871,0.1545,L2
1卖,多头共振 + 中枢上穿中轴,538,0.0846,0.0469,1.803,0.7193,0.5871,0.1323,L2
1卖,多头共振 + 中枢底部蓄力,53,0.009,0.0037,2.403,0.7736,0.5871,0.1865,L2
1卖,多头共振 + 中枢底部回升,106,0.0166,0.0093,1.782,0.717,0.5871,0.1299,L2
1卖,多头共振 + 大盘多头,2555,0.3443,0.3045,1.13,0.6164,0.5871,0.0294,L2
1卖,多头共振 + 大盘空头,845,0.1226,0.0883,1.389,0.6639,0.5871,0.0768,L2
1卖,多头共振 + 大盘安全,3328,0.4533,0.3897,1.163,0.6232,0.5871,0.0361,L2
1卖,多头共振 + SID等于1,2555,0.3443,0.3045,1.13,0.6164,0.5871,0.0294,L2
1卖,多头共振 + SID等于2,2250,0.3165,0.2492,1.27,0.6436,0.5871,0.0565,L2
1卖,多头共振 + SID小于等于2,3660,0.4995,0.4273,1.169,0.6243,0.5871,0.0373,L2
1卖,多头共振 + 大盘5日上涨,3548,0.4842,0.4142,1.169,0.6243,0.5871,0.0372,L2
1卖,多头共振 + 相对强弱大于0,3904,0.5381,0.4481,1.201,0.6306,0.5871,0.0436,L2
1卖,多头共振 + 相对强弱大于5,3288,0.475,0.3465,1.371,0.6609,0.5871,0.0738,L2
1卖,多头共振 + 量比>=1.3,1995,0.2866,0.2126,1.348,0.6571,0.5871,0.0701,L2
1卖,多头共振 + 量比>=2,1021,0.1556,0.096,1.621,0.6974,0.5871,0.1103,L2
1卖,多头共振 + 距前高<=10%,3565,0.4772,0.4295,1.111,0.6123,0.5871,0.0253,L2
1卖,多头共振 + 距前低<=10%,58,0.0052,0.0106,0.497,0.4138,0.5871,-0.1733,L2
1卖,多头共振 + 相对强弱>=0,3752,0.5215,0.4245,1.229,0.6359,0.5871,0.0489,L2
1卖,多头共振 + 相对强弱>=5,2835,0.4188,0.2856,1.466,0.6758,0.5871,0.0888,L2
1卖,火箭信号 + 二连板,437,0.073,0.032,2.281,0.7643,0.5871,0.1772,L2
1卖,火箭信号 + 二次涨停,331,0.054,0.0261,2.068,0.7462,0.5871,0.1592,L2
1卖,火箭信号 + 纳财,260,0.0383,0.0264,1.448,0.6731,0.5871,0.086,L2
1卖,火箭信号 + 中枢上穿中轴,541,0.0796,0.055,1.447,0.6728,0.5871,0.0858,L2
1卖,火箭信号 + 中枢底部蓄力,108,0.0168,0.0096,1.747,0.713,0.5871,0.1259,L2
1卖,火箭信号 + 中枢底部回升,172,0.0249,0.018,1.383,0.6628,0.5871,0.0757,L2
1卖,火箭信号 + 大盘多头,950,0.1443,0.0901,1.601,0.6947,0.5871,0.1077,L2
1卖,火箭信号 + 大盘空头,541,0.0837,0.0491,1.705,0.7079,0.5871,0.1209,L2
1卖,火箭信号 + 大盘安全,1324,0.2046,0.1206,1.697,0.7069,0.5871,0.1199,L2
1卖,火箭信号 + SID等于1,950,0.1443,0.0901,1.601,0.6947,0.5871,0.1077,L2
1卖,火箭信号 + SID等于2,1083,0.1711,0.0932,1.836,0.723,0.5871,0.1359,L2
1卖,火箭信号 + SID小于等于2,1550,0.24,0.1405,1.709,0.7084,0.5871,0.1213,L2
1卖,火箭信号 + 大盘5日上涨,1506,0.2317,0.1386,1.672,0.7039,0.5871,0.1168,L2
1卖,火箭信号 + 相对强弱大于0,1757,0.2702,0.1619,1.669,0.7035,0.5871,0.1164,L2
1卖,火箭信号 + 相对强弱大于5,1713,0.2649,0.1557,1.702,0.7075,0.5871,0.1205,L2
1卖,火箭信号 + 量比>=1.3,1550,0.2369,0.1448,1.636,0.6994,0.5871,0.1123,L2
1卖,火箭信号 + 量比>=2,1141,0.1733,0.1081,1.603,0.695,0.5871,0.1079,L2
1卖,火箭信号 + 距前高<=10%,1337,0.207,0.1212,1.708,0.7083,0.5871,0.1212,L2
1卖,火箭信号 + 相对强弱>=0,1738,0.2675,0.1597,1.675,0.7043,0.5871,0.1172,L2
1卖,火箭信号 + 相对强弱>=5,1635,0.2527,0.1489,1.698,0.707,0.5871,0.12,L2
1卖,二连板 + 二次涨停,66,0.0114,0.0044,2.613,0.7879,0.5871,0.2008,L2
1卖,二连板 + 中枢上穿中轴,111,0.0173,0.0099,1.736,0.7117,0.5871,0.1246,L2
1卖,二连板 + 中枢底部回升,62,0.0094,0.0059,1.592,0.6935,0.5871,0.1065,L2
1卖,二连板 + 大盘多头,214,0.0363,0.0149,2.433,0.7757,0.5871,0.1886,L2
1卖,二连板 + 大盘空头,148,0.0247,0.0109,2.271,0.7635,0.5871,0.1764,L2
1卖,二连板 + 大盘安全,308,0.0522,0.0214,2.436,0.776,0.5871,0.1889,L2
1卖,二连板 + SID等于1,214,0.0363,0.0149,2.433,0.7757,0.5871,0.1886,L2
1卖,二连板 + SID等于2,265,0.0428,0.0214,1.998,0.7396,0.5871,0.1526,L2
1卖,二连板 + SID小于等于2,372,0.0619,0.0277,2.237,0.7608,0.5871,0.1737,L2
1卖,二连板 + 大盘5日上涨,359,0.0603,0.0258,2.339,0.7688,0.5871,0.1817,L2
1卖,二连板 + 相对强弱大于0,436,0.073,0.0317,2.303,0.7661,0.5871,0.179,L2
1卖,二连板 + 相对强弱大于5,436,0.073,0.0317,2.303,0.7661,0.5871,0.179,L2
1卖,二连板 + 量比>=1.3,394,0.0662,0.0283,2.342,0.769,0.5871,0.182,L2
1卖,二连板 + 量比>=2,301,0.0509,0.0211,2.41,0.7741,0.5871,0.187,L2
1卖,二连板 + 距前高<=10%,266,0.0444,0.0196,2.266,0.7632,0.5871,0.1761,L2
1卖,二连板 + 相对强弱>=0,436,0.073,0.0317,2.303,0.7661,0.5871,0.179,L2
1卖,二连板 + 相对强弱>=5,431,0.0721,0.0314,2.298,0.7657,0.5871,0.1786,L2
1卖,二次涨停 + 中枢上穿中轴,66,0.0103,0.0059,1.74,0.7121,0.5871,0.1251,L2
1卖,二次涨停 + 大盘多头,170,0.0262,0.0155,1.688,0.7059,0.5871,0.1188,L2
1卖,二次涨停 + 大盘空头,115,0.019,0.0087,2.186,0.7565,0.5871,0.1695,L2
1卖,二次涨停 + 大盘安全,247,0.0402,0.0196,2.054,0.7449,0.5871,0.1579,L2
1卖,二次涨停 + SID等于1,170,0.0262,0.0155,1.688,0.7059,0.5871,0.1188,L2
1卖,二次涨停 + SID等于2,190,0.0328,0.0124,2.638,0.7895,0.5871,0.2024,L2
1卖,二次涨停 + SID小于等于2,284,0.0468,0.0218,2.15,0.7535,0.5871,0.1665,L2
1卖,二次涨停 + 大盘5日上涨,273,0.0446,0.0214,2.08,0.7473,0.5871,0.1602,L2
1卖,二次涨停 + 相对强弱大于0,330,0.0538,0.0261,2.06,0.7455,0.5871,0.1584,L2
1卖,二次涨停 + 相对强弱大于5,326,0.0531,0.0258,2.059,0.7454,0.5871,0.1583,L2
1卖,二次涨停 + 量比>=1.3,255,0.042,0.0196,2.144,0.7529,0.5871,0.1659,L2
1卖,二次涨停 + 量比>=2,145,0.0234,0.0118,1.981,0.7379,0.5871,0.1509,L2
1卖,二次涨停 + 距前高<=10%,258,0.0433,0.0186,2.321,0.7674,0.5871,0.1804,L2
1卖,二次涨停 + 相对强弱>=0,327,0.0533,0.0258,2.068,0.7462,0.5871,0.1591,L2
1卖,二次涨停 + 相对强弱>=5,311,0.0507,0.0245,2.066,0.746,0.5871,0.1589,L2
1卖,纳财 + 中枢上穿中轴,185,0.0262,0.0202,1.299,0.6486,0.5871,0.0616,L2
1卖,纳财 + 大盘多头,538,0.0664,0.0727,0.914,0.5651,0.5871,-0.022,L2
1卖,纳财 + 大盘空头,234,0.0323,0.0267,1.21,0.6325,0.5871,0.0454,L2
1卖,纳财 + 大盘安全,755,0.0957,0.0985,0.972,0.5801,0.5871,-0.0069,L2
1卖,纳财 + SID等于1,538,0.0664,0.0727,0.914,0.5651,0.5871,-0.022,L2
1卖,纳财 + SID等于2,540,0.0704,0.0677,1.039,0.5963,0.5871,0.0092,L2
1卖,纳财 + SID小于等于2,850,0.1078,0.1109,0.971,0.58,0.5871,-0.0071,L2
1卖,纳财 + 大盘5日上涨,839,0.1073,0.1081,0.992,0.5852,0.5871,-0.0018,L2
1卖,纳财 + 相对强弱大于0,914,0.1167,0.1181,0.988,0.5842,0.5871,-0.0028,L2
1卖,纳财 + 相对强弱大于5,794,0.1054,0.097,1.087,0.6071,0.5871,0.02,L2
1卖,纳财 + 量比>=1.3,566,0.0752,0.069,1.09,0.6078,0.5871,0.0207,L2
1卖,纳财 + 量比>=2,313,0.0439,0.0348,1.262,0.6422,0.5871,0.0551,L2
1卖,纳财 + 距前高<=10%,810,0.1021,0.1066,0.958,0.5765,0.5871,-0.0105,L2
1卖,纳财 + 相对强弱>=0,873,0.1117,0.1125,0.993,0.5853,0.5871,-0.0017,L2
1卖,纳财 + 相对强弱>=5,694,0.0927,0.0839,1.105,0.611,0.5871,0.0239,L2
1卖,中枢进机会区 + 中枢极限底,101,0.0157,0.009,1.746,0.7129,0.5871,0.1258,L2
1卖,中枢进机会区 + 中枢上穿中轴,80,0.0118,0.0081,1.461,0.675,0.5871,0.0879,L2
1卖,中枢进机会区 + 大盘多头,78,0.0131,0.0056,2.345,0.7692,0.5871,0.1822,L2
1卖,中枢进机会区 + 大盘空头,89,0.0138,0.0081,1.704,0.7079,0.5871,0.1208,L2
1卖,中枢进机会区 + 大盘安全,109,0.0181,0.0081,2.245,0.7615,0.5871,0.1744,L2
1卖,中枢进机会区 + SID等于1,78,0.0131,0.0056,2.345,0.7692,0.5871,0.1822,L2
1卖,中枢进机会区 + SID等于2,136,0.0208,0.0127,1.63,0.6985,0.5871,0.1115,L2
1卖,中枢进机会区 + SID小于等于2,168,0.0262,0.0149,1.758,0.7143,0.5871,0.1272,L2
1卖,中枢进机会区 + 大盘5日上涨,141,0.0225,0.0118,1.907,0.7305,0.5871,0.1434,L2
1卖,中枢进机会区 + 相对强弱大于0,198,0.0308,0.0177,1.74,0.7121,0.5871,0.1251,L2
1卖,中枢进机会区 + 相对强弱大于5,152,0.0243,0.0127,1.904,0.7303,0.5871,0.1432,L2
1卖,中枢进机会区 + 量比>=1.3,147,0.024,0.0115,2.091,0.7483,0.5871,0.1612,L2
1卖,中枢进机会区 + 量比>=2,98,0.016,0.0078,2.054,0.7449,0.5871,0.1578,L2
1卖,中枢进机会区 + 距前高<=10%,146,0.0223,0.0137,1.631,0.6986,0.5871,0.1116,L2
1卖,中枢进机会区 + 相对强弱>=0,187,0.0291,0.0168,1.732,0.7112,0.5871,0.1242,L2
1卖,中枢进机会区 + 相对强弱>=5,129,0.0203,0.0112,1.817,0.7209,0.5871,0.1339,L2
1卖,中枢极限底 + 大盘安全,50,0.0087,0.0031,2.814,0.8,0.5871,0.2129,L2
1卖,中枢极限底 + SID等于2,63,0.0092,0.0065,1.407,0.6667,0.5871,0.0796,L2
1卖,中枢极限底 + SID小于等于2,80,0.0122,0.0075,1.641,0.7,0.5871,0.1129,L2
1卖,中枢极限底 + 大盘5日上涨,68,0.0109,0.0056,1.954,0.7353,0.5871,0.1482,L2
1卖,中枢极限底 + 相对强弱大于0,99,0.0153,0.009,1.698,0.7071,0.5871,0.12,L2
1卖,中枢极限底 + 相对强弱大于5,77,0.0122,0.0065,1.876,0.7273,0.5871,0.1402,L2
1卖,中枢极限底 + 量比>=1.3,70,0.0116,0.0053,2.193,0.7571,0.5871,0.1701,L2
1卖,中枢极限底 + 距前高<=10%,74,0.0111,0.0071,1.56,0.6892,0.5871,0.1021,L2
1卖,中枢极限底 + 相对强弱>=0,96,0.0149,0.0087,1.708,0.7083,0.5871,0.1213,L2
1卖,中枢极限底 + 相对强弱>=5,66,0.0105,0.0056,1.876,0.7273,0.5871,0.1402,L2
1卖,中枢上穿中轴 + 中枢底部蓄力,183,0.0282,0.0168,1.68,0.7049,0.5871,0.1179,L2
1卖,中枢上穿中轴 + 中枢底部回升,314,0.0444,0.0345,1.286,0.6465,0.5871,0.0594,L2
1卖,中枢上穿中轴 + 大盘多头,704,0.0927,0.087,1.065,0.6023,0.5871,0.0152,L2
1卖,中枢上穿中轴 + 大盘空头,506,0.0708,0.0566,1.252,0.6403,0.5871,0.0533,L2
1卖,中枢上穿中轴 + 大盘安全,1049,0.1414,0.1249,1.132,0.6168,0.5871,0.0297,L2
1卖,中枢上穿中轴 + SID等于1,704,0.0927,0.087,1.065,0.6023,0.5871,0.0152,L2
1卖,中枢上穿中轴 + SID等于2,931,0.1294,0.1053,1.228,0.6359,0.5871,0.0488,L2
1卖,中枢上穿中轴 + SID小于等于2,1226,0.1659,0.1451,1.143,0.6191,0.5871,0.032,L2
1卖,中枢上穿中轴 + 大盘5日上涨,1223,0.1633,0.1479,1.104,0.6108,0.5871,0.0237,L2
1卖,中枢上穿中轴 + 相对强弱大于0,1347,0.1816,0.1603,1.133,0.6169,0.5871,0.0299,L2
1卖,中枢上穿中轴 + 相对强弱大于5,1098,0.155,0.1209,1.282,0.6457,0.5871,0.0587,L2
1卖,中枢上穿中轴 + 量比>=1.3,1095,0.1537,0.1218,1.261,0.642,0.5871,0.0549,L2
1卖,中枢上穿中轴 + 量比>=2,782,0.1104,0.0861,1.282,0.6458,0.5871,0.0587,L2
1卖,中枢上穿中轴 + 距前高<=10%,1113,0.1515,0.1305,1.161,0.6226,0.5871,0.0356,L2
1卖,中枢上穿中轴 + 距前低<=10%,115,0.0118,0.019,0.623,0.4696,0.5871,-0.1175,L2
1卖,中枢上穿中轴 + 相对强弱>=0,1274,0.1736,0.1492,1.164,0.6232,0.5871,0.0362,L2
1卖,中枢上穿中轴 + 相对强弱>=5,947,0.1333,0.1047,1.273,0.6441,0.5871,0.0571,L2
1卖,中枢底部蓄力 + 中枢底部回升,211,0.0323,0.0196,1.652,0.7014,0.5871,0.1144,L2
1卖,中枢底部蓄力 + 大盘多头,76,0.0118,0.0068,1.726,0.7105,0.5871,0.1235,L2
1卖,中枢底部蓄力 + 大盘空头,103,0.0157,0.0096,1.634,0.699,0.5871,0.112,L2
1卖,中枢底部蓄力 + 大盘安全,148,0.0223,0.0143,1.56,0.6892,0.5871,0.1021,L2
1卖,中枢底部蓄力 + SID等于1,76,0.0118,0.0068,1.726,0.7105,0.5871,0.1235,L2
1卖,中枢底部蓄力 + SID等于2,145,0.0216,0.0143,1.514,0.6828,0.5871,0.0957,L2
1卖,中枢底部蓄力 + SID小于等于2,177,0.0271,0.0165,1.646,0.7006,0.5871,0.1135,L2
1卖,中枢底部蓄力 + 大盘5日上涨,189,0.0284,0.0183,1.55,0.6878,0.5871,0.1008,L2
1卖,中枢底部蓄力 + 相对强弱大于0,205,0.031,0.0196,1.585,0.6927,0.5871,0.1056,L2
1卖,中枢底部蓄力 + 相对强弱大于5,174,0.0269,0.0158,1.696,0.7069,0.5871,0.1198,L2
1卖,中枢底部蓄力 + 量比>=1.3,184,0.0289,0.0162,1.786,0.7174,0.5871,0.1303,L2
1卖,中枢底部蓄力 + 量比>=2,132,0.0214,0.0106,2.027,0.7424,0.5871,0.1554,L2
1卖,中枢底部蓄力 + 距前高<=10%,158,0.0256,0.0127,2.007,0.7405,0.5871,0.1534,L2
1卖,中枢底部蓄力 + 相对强弱>=0,196,0.0295,0.019,1.557,0.6888,0.5871,0.1017,L2
1卖,中枢底部蓄力 + 相对强弱>=5,160,0.0245,0.0149,1.641,0.7,0.5871,0.1129,L2
1卖,中枢底部回升 + 大盘多头,133,0.019,0.0143,1.33,0.6541,0.5871,0.0671,L2
1卖,中枢底部回升 + 大盘空头,168,0.0236,0.0186,1.266,0.6429,0.5871,0.0558,L2
1卖,中枢底部回升 + 大盘安全,245,0.0341,0.0277,1.233,0.6367,0.5871,0.0497,L2
1卖,中枢底部回升 + SID等于1,133,0.019,0.0143,1.33,0.6541,0.5871,0.0671,L2
1卖,中枢底部回升 + SID等于2,251,0.035,0.0283,1.237,0.6375,0.5871,0.0504,L2
1卖,中枢底部回升 + SID小于等于2,302,0.0424,0.0336,1.263,0.6424,0.5871,0.0553,L2
1卖,中枢底部回升 + 大盘5日上涨,316,0.0446,0.0348,1.281,0.6456,0.5871,0.0585,L2
1卖,中枢底部回升 + 相对强弱大于0,352,0.0494,0.0392,1.262,0.642,0.5871,0.055,L2
1卖,中枢底部回升 + 相对强弱大于5,288,0.0413,0.0308,1.343,0.6562,0.5871,0.0692,L2
1卖,中枢底部回升 + 量比>=1.3,292,0.0435,0.0289,1.505,0.6815,0.5871,0.0944,L2
1卖,中枢底部回升 + 量比>=2,208,0.0323,0.0186,1.735,0.7115,0.5871,0.1245,L2
1卖,中枢底部回升 + 距前高<=10%,278,0.0402,0.0292,1.377,0.6619,0.5871,0.0748,L2
1卖,中枢底部回升 + 相对强弱>=0,339,0.0474,0.0379,1.251,0.6401,0.5871,0.0531,L2
1卖,中枢底部回升 + 相对强弱>=5,259,0.0374,0.0273,1.367,0.6602,0.5871,0.0732,L2
1卖,大盘多头 + 大盘安全,4421,0.5537,0.5867,0.944,0.5729,0.5871,-0.0141,L2
1卖,大盘多头 + SID等于1,4421,0.5537,0.5867,0.944,0.5729,0.5871,-0.0141,L2
1卖,大盘多头 + SID等于2,2048,0.268,0.2554,1.049,0.5986,0.5871,0.0116,L2
1卖,大盘多头 + SID小于等于2,4421,0.5537,0.5867,0.944,0.5729,0.5871,-0.0141,L2
1卖,大盘多头 + 大盘5日上涨,4250,0.5311,0.5656,0.939,0.5718,0.5871,-0.0153,L2
1卖,大盘多头 + 相对强弱大于0,4221,0.5327,0.5544,0.961,0.5774,0.5871,-0.0097,L2
1卖,大盘多头 + 相对强弱大于5,3390,0.4466,0.4186,1.067,0.6027,0.5871,0.0156,L2
1卖,大盘多头 + 量比>=1.3,2310,0.3008,0.2902,1.036,0.5957,0.5871,0.0086,L2
1卖,大盘多头 + 量比>=2,1276,0.1733,0.1501,1.155,0.6215,0.5871,0.0344,L2
1卖,大盘多头 + 距前高<=10%,3921,0.4874,0.5255,0.928,0.5687,0.5871,-0.0183,L2
1卖,大盘多头 + 距前低<=10%,137,0.0122,0.0252,0.486,0.4088,0.5871,-0.1783,L2
1卖,大盘多头 + 相对强弱>=0,4012,0.5093,0.5227,0.974,0.5808,0.5871,-0.0063,L2
1卖,大盘多头 + 相对强弱>=5,2896,0.3913,0.3437,1.138,0.6181,0.5871,0.031,L2
1卖,大盘空头 + 大盘安全,1137,0.1604,0.1252,1.281,0.6456,0.5871,0.0585,L2
1卖,大盘空头 + SID等于2,1300,0.1799,0.1482,1.214,0.6331,0.5871,0.046,L2
1卖,大盘空头 + SID小于等于2,1300,0.1799,0.1482,1.214,0.6331,0.5871,0.046,L2
1卖,大盘空头 + 大盘5日上涨,1719,0.2319,0.2045,1.134,0.6172,0.5871,0.0302,L2
1卖,大盘空头 + 相对强弱大于0,2111,0.2833,0.2533,1.119,0.6139,0.5871,0.0269,L2
1卖,大盘空头 + 相对强弱大于5,1817,0.2538,0.2039,1.245,0.639,0.5871,0.0519,L2
1卖,大盘空头 + 量比>=1.3,1116,0.1624,0.1159,1.401,0.6658,0.5871,0.0787,L2
1卖,大盘空头 + 量比>=2,624,0.092,0.0631,1.459,0.6747,0.5871,0.0876,L2
1卖,大盘空头 + 距前高<=10%,1812,0.2396,0.2225,1.077,0.6049,0.5871,0.0178,L2
1卖,大盘空头 + 距前低<=10%,115,0.0114,0.0196,0.581,0.4522,0.5871,-0.1349,L2
1卖,大盘空头 + 相对强弱>=0,2062,0.2772,0.2467,1.123,0.6149,0.5871,0.0279,L2
1卖,大盘空头 + 相对强弱>=5,1598,0.2216,0.1815,1.221,0.6345,0.5871,0.0475,L2
1卖,大盘安全 + SID等于1,4421,0.5537,0.5867,0.944,0.5729,0.5871,-0.0141,L2
1卖,大盘安全 + SID等于2,3827,0.5126,0.4605,1.113,0.6128,0.5871,0.0257,L2
1卖,大盘安全 + SID小于等于2,6200,0.7983,0.7918,1.008,0.589,0.5871,0.002,L2
1卖,大盘安全 + 大盘5日上涨,6019,0.774,0.77,1.005,0.5883,0.5871,0.0012,L2
1卖,大盘安全 + 相对强弱大于0,5979,0.7751,0.7561,1.025,0.5931,0.5871,0.006,L2
1卖,大盘安全 + 相对强弱大于5,4821,0.6546,0.5674,1.154,0.6212,0.5871,0.0342,L2
1卖,大盘安全 + 量比>=1.3,3214,0.4343,0.3813,1.139,0.6182,0.5871,0.0312,L2
1卖,大盘安全 + 量比>=2,1752,0.247,0.1933,1.278,0.645,0.5871,0.0579,L2
1卖,大盘安全 + 距前高<=10%,5492,0.7016,0.7091,0.989,0.5845,0.5871,-0.0026,L2
1卖,大盘安全 + 距前低<=10%,192,0.017,0.0354,0.481,0.4062,0.5871,-0.1808,L2
1卖,大盘安全 + 相对强弱>=0,5704,0.7443,0.7144,1.042,0.5969,0.5871,0.0099,L2
1卖,大盘安全 + 相对强弱>=5,4082,0.5655,0.4646,1.217,0.6338,0.5871,0.0467,L2
1卖,SID等于1 + SID等于2,2048,0.268,0.2554,1.049,0.5986,0.5871,0.0116,L2
1卖,SID等于1 + SID小于等于2,4421,0.5537,0.5867,0.944,0.5729,0.5871,-0.0141,L2
1卖,SID等于1 + 大盘5日上涨,4250,0.5311,0.5656,0.939,0.5718,0.5871,-0.0153,L2
1卖,SID等于1 + 相对强弱大于0,4221,0.5327,0.5544,0.961,0.5774,0.5871,-0.0097,L2
1卖,SID等于1 + 相对强弱大于5,3390,0.4466,0.4186,1.067,0.6027,0.5871,0.0156,L2
1卖,SID等于1 + 量比>=1.3,2310,0.3008,0.2902,1.036,0.5957,0.5871,0.0086,L2
1卖,SID等于1 + 量比>=2,1276,0.1733,0.1501,1.155,0.6215,0.5871,0.0344,L2
1卖,SID等于1 + 距前高<=10%,3921,0.4874,0.5255,0.928,0.5687,0.5871,-0.0183,L2
1卖,SID等于1 + 距前低<=10%,137,0.0122,0.0252,0.486,0.4088,0.5871,-0.1783,L2
1卖,SID等于1 + 相对强弱>=0,4012,0.5093,0.5227,0.974,0.5808,0.5871,-0.0063,L2
1卖,SID等于1 + 相对强弱>=5,2896,0.3913,0.3437,1.138,0.6181,0.5871,0.031,L2
1卖,SID等于2 + SID小于等于2,4601,0.6098,0.5628,1.084,0.6064,0.5871,0.0193,L2
1卖,SID等于2 + 大盘5日上涨,4033,0.5401,0.4854,1.113,0.6127,0.5871,0.0256,L2
1卖,SID等于2 + 相对强弱大于0,4445,0.5917,0.5401,1.096,0.609,0.5871,0.0219,L2
1卖,SID等于2 + 相对强弱大于5,3700,0.5145,0.4183,1.23,0.6362,0.5871,0.0492,L2
1卖,SID等于2 + 量比>=1.3,2581,0.3554,0.2968,1.198,0.63,0.5871,0.0429,L2
1卖,SID等于2 + 量比>=2,1437,0.2066,0.1529,1.351,0.6576,0.5871,0.0706,L2
1卖,SID等于2 + 距前高<=10%,4020,0.5268,0.5003,1.053,0.5995,0.5871,0.0124,L2
1卖,SID等于2 + 距前低<=10%,175,0.017,0.0301,0.566,0.4457,0.5871,-0.1414,L2
1卖,SID等于2 + 相对强弱>=0,4290,0.5749,0.5158,1.114,0.6131,0.5871,0.026,L2
1卖,SID等于2 + 相对强弱>=5,3195,0.4501,0.353,1.275,0.6444,0.5871,0.0574,L2
1卖,SID小于等于2 + 大盘5日上涨,6366,0.8214,0.8104,1.014,0.5903,0.5871,0.0033,L2
1卖,SID小于等于2 + 相对强弱大于0,6752,0.8723,0.858,1.017,0.5911,0.5871,0.004,L2
1卖,SID小于等于2 + 相对强弱大于5,5551,0.7486,0.6607,1.133,0.617,0.5871,0.0299,L2
1卖,SID小于等于2 + 量比>=1.3,3659,0.4933,0.4357,1.132,0.6168,0.5871,0.0298,L2
1卖,SID小于等于2 + 量比>=2,1986,0.2789,0.2206,1.264,0.6425,0.5871,0.0554,L2
1卖,SID小于等于2 + 距前高<=10%,6136,0.7808,0.7968,0.98,0.5821,0.5871,-0.0049,L2
1卖,SID小于等于2 + 距前低<=10%,239,0.0221,0.0429,0.515,0.4226,0.5871,-0.1645,L2
1卖,SID小于等于2 + 相对强弱>=0,6468,0.8411,0.8142,1.033,0.5949,0.5871,0.0079,L2
1卖,SID小于等于2 + 相对强弱>=5,4759,0.654,0.5491,1.191,0.6287,0.5871,0.0416,L2
1卖,大盘5日上涨 + 相对强弱大于0,6638,0.8614,0.8381,1.028,0.5937,0.5871,0.0066,L2
1卖,大盘5日上涨 + 相对强弱大于5,5422,0.7357,0.6389,1.152,0.6208,0.5871,0.0337,L2
1卖,大盘5日上涨 + 量比>=1.3,3569,0.4842,0.4208,1.151,0.6206,0.5871,0.0336,L2
1卖,大盘5日上涨 + 量比>=2,1963,0.2748,0.2194,1.252,0.6403,0.5871,0.0533,L2
1卖,大盘5日上涨 + 距前高<=10%,6062,0.7768,0.7794,0.997,0.5863,0.5871,-0.0008,L2
1卖,大盘5日上涨 + 距前低<=10%,256,0.0234,0.0463,0.505,0.418,0.5871,-0.1691,L2
1卖,大盘5日上涨 + 相对强弱>=0,6353,0.8297,0.7946,1.044,0.5975,0.5871,0.0104,L2
1卖,大盘5日上涨 + 相对强弱>=5,4643,0.6413,0.5311,1.208,0.6319,0.5871,0.0449,L2
1卖,相对强弱大于0 + 相对强弱大于5,6285,0.8459,0.7505,1.127,0.6158,0.5871,0.0287,L2
1卖,相对强弱大于0 + 量比>=1.3,3951,0.5381,0.4627,1.163,0.6231,0.5871,0.0361,L2
1卖,相对强弱大于0 + 量比>=2,2154,0.3043,0.2368,1.285,0.6462,0.5871,0.0592,L2
1卖,相对强弱大于0 + 距前高<=10%,6617,0.8448,0.8552,0.988,0.5841,0.5871,-0.003,L2
1卖,相对强弱大于0 + 距前低<=10%,281,0.0267,0.0494,0.54,0.4342,0.5871,-0.1529,L2
1卖,相对强弱大于0 + 相对强弱>=0,7274,0.9436,0.9189,1.027,0.5935,0.5871,0.0064,L2
1卖,相对强弱大于0 + 相对强弱>=5,5436,0.7434,0.6324,1.176,0.6256,0.5871,0.0386,L2
1卖,相对强弱大于5 + 量比>=1.3,3372,0.4769,0.3698,1.29,0.6471,0.5871,0.06,L2
1卖,相对强弱大于5 + 量比>=2,1890,0.2743,0.1973,1.39,0.664,0.5871,0.077,L2
1卖,相对强弱大于5 + 距前高<=10%,5430,0.7235,0.6588,1.098,0.6096,0.5871,0.0225,L2
1卖,相对强弱大于5 + 距前低<=10%,106,0.0118,0.0162,0.73,0.5094,0.5871,-0.0776,L2
1卖,相对强弱大于5 + 相对强弱>=0,6213,0.8363,0.7418,1.127,0.6158,0.5871,0.0287,L2
1卖,相对强弱大于5 + 相对强弱>=5,5436,0.7434,0.6324,1.176,0.6256,0.5871,0.0386,L2
1卖,量比>=1.3 + 量比>=2,2267,0.3187,0.2514,1.268,0.6431,0.5871,0.0561,L2
1卖,量比>=1.3 + 距前高<=10%,3416,0.4531,0.4173,1.086,0.6069,0.5871,0.0198,L2
1卖,量比>=1.3 + 距前低<=10%,135,0.0146,0.0211,0.693,0.4963,0.5871,-0.0908,L2
1卖,量比>=1.3 + 相对强弱>=0,3801,0.5198,0.4422,1.175,0.6256,0.5871,0.0386,L2
1卖,量比>=1.3 + 相对强弱>=5,3030,0.431,0.3288,1.311,0.6508,0.5871,0.0638,L2
1卖,量比>=2 + 距前高<=10%,1789,0.2452,0.2073,1.183,0.6272,0.5871,0.0401,L2
1卖,量比>=2 + 距前低<=10%,66,0.0081,0.009,0.897,0.5606,0.5871,-0.0265,L2
1卖,量比>=2 + 相对强弱>=0,2089,0.2953,0.2293,1.288,0.6467,0.5871,0.0597,L2
1卖,量比>=2 + 相对强弱>=5,1760,0.2549,0.1846,1.381,0.6625,0.5871,0.0754,L2
1卖,距前高<=10% + 距前低<=10%,257,0.024,0.0457,0.526,0.428,0.5871,-0.159,L2
1卖,距前高<=10% + 相对强弱>=0,6375,0.8192,0.8163,1.004,0.5879,0.5871,0.0009,L2
1卖,距前高<=10% + 相对强弱>=5,4691,0.6374,0.5516,1.156,0.6216,0.5871,0.0346,L2
1卖,距前低<=10% + 相对强弱>=0,257,0.024,0.0457,0.526,0.428,0.5871,-0.159,L2
1卖,距前低<=10% + 相对强弱>=5,72,0.0081,0.0109,0.744,0.5139,0.5871,-0.0732,L2
1卖,相对强弱>=0 + 相对强弱>=5,5436,0.7434,0.6324,1.176,0.6256,0.5871,0.0386,L2
1卖,二连板 + 二次涨停 + 火箭信号,66,0.0114,0.0044,2.613,0.7879,0.5871,0.2008,L3
1卖,二连板 + 二次涨停 + 突破前高,57,0.0101,0.0034,2.941,0.807,0.5871,0.22,L3
1卖,二连板 + 二次涨停 + BOLL突破上轨,64,0.0109,0.0044,2.512,0.7812,0.5871,0.1942,L3
1卖,二连板 + 火箭信号 + 斐波长多头,104,0.019,0.0053,3.6,0.8365,0.5871,0.2495,L3
1卖,二连板 + 火箭信号 + 中枢底部回升,62,0.0094,0.0059,1.592,0.6935,0.5871,0.1065,L3
1卖,二连板 + 火箭信号 + 斐波全多头,82,0.0153,0.0037,4.103,0.8537,0.5871,0.2666,L3
1卖,二连板 + 火箭信号 + 量比>=2,301,0.0509,0.0211,2.41,0.7741,0.5871,0.187,L3
1卖,二连板 + 火箭信号 + 突破前高,400,0.0669,0.0292,2.29,0.765,0.5871,0.1779,L3
1卖,二连板 + 火箭信号 + BOLL突破上轨,428,0.0719,0.0308,2.338,0.7687,0.5871,0.1816,L3
1卖,二连板 + 火箭信号 + 多头共振,229,0.0393,0.0152,2.584,0.786,0.5871,0.199,L3
1卖,二连板 + 火箭信号 + 偏多共振,229,0.0393,0.0152,2.584,0.786,0.5871,0.199,L3
1卖,二连板 + 斐波长多头 + 斐波全多头,82,0.0153,0.0037,4.103,0.8537,0.5871,0.2666,L3
1卖,二连板 + 斐波长多头 + 量比>=2,74,0.0136,0.0037,3.634,0.8378,0.5871,0.2508,L3
1卖,二连板 + 斐波长多头 + 突破前高,95,0.0175,0.0047,3.751,0.8421,0.5871,0.255,L3
1卖,二连板 + 斐波长多头 + BOLL突破上轨,102,0.0188,0.005,3.781,0.8431,0.5871,0.2561,L3
1卖,二连板 + 斐波长多头 + 多头共振,101,0.0184,0.0053,3.476,0.8317,0.5871,0.2446,L3
1卖,二连板 + 斐波长多头 + 偏多共振,101,0.0184,0.0053,3.476,0.8317,0.5871,0.2446,L3
1卖,二连板 + 中枢底部回升 + 量比>=2,53,0.0085,0.0044,1.959,0.7358,0.5871,0.1488,L3
1卖,二连板 + 中枢底部回升 + BOLL突破上轨,55,0.0085,0.005,1.715,0.7091,0.5871,0.122,L3
1卖,二连板 + 斐波全多头 + 量比>=2,56,0.0105,0.0025,4.22,0.8571,0.5871,0.2701,L3
1卖,二连板 + 斐波全多头 + 突破前高,80,0.0149,0.0037,3.986,0.85,0.5871,0.2629,L3
1卖,二连板 + 斐波全多头 + BOLL突破上轨,81,0.0151,0.0037,4.044,0.8519,0.5871,0.2648,L3
1卖,二连板 + 斐波全多头 + 多头共振,82,0.0153,0.0037,4.103,0.8537,0.5871,0.2666,L3
1卖,二连板 + 斐波全多头 + 偏多共振,82,0.0153,0.0037,4.103,0.8537,0.5871,0.2666,L3
1卖,二连板 + 量比>=2 + 突破前高,271,0.0459,0.019,2.421,0.7749,0.5871,0.1878,L3
1卖,二连板 + 量比>=2 + BOLL突破上轨,295,0.0501,0.0205,2.441,0.7763,0.5871,0.1892,L3
1卖,二连板 + 量比>=2 + 多头共振,157,0.0271,0.0103,2.643,0.7898,0.5871,0.2027,L3
1卖,二连板 + 量比>=2 + 偏多共振,157,0.0271,0.0103,2.643,0.7898,0.5871,0.2027,L3
1卖,二连板 + 突破前高 + BOLL突破上轨,400,0.0669,0.0292,2.29,0.765,0.5871,0.1779,L3
1卖,二连板 + 突破前高 + 多头共振,215,0.0374,0.0137,2.734,0.7953,0.5871,0.2083,L3
1卖,二连板 + 突破前高 + 偏多共振,215,0.0374,0.0137,2.734,0.7953,0.5871,0.2083,L3
1卖,二连板 + BOLL突破上轨 + 多头共振,226,0.0391,0.0146,2.679,0.792,0.5871,0.205,L3
1卖,二连板 + BOLL突破上轨 + 偏多共振,226,0.0391,0.0146,2.679,0.792,0.5871,0.205,L3
1卖,二连板 + 多头共振 + 偏多共振,229,0.0393,0.0152,2.584,0.786,0.5871,0.199,L3
1卖,二次涨停 + 火箭信号 + 斐波长多头,89,0.0146,0.0068,2.142,0.7528,0.5871,0.1657,L3
1卖,二次涨停 + 火箭信号 + 斐波全多头,71,0.0118,0.0053,2.234,0.7606,0.5871,0.1735,L3
1卖,二次涨停 + 火箭信号 + 量比>=2,145,0.0234,0.0118,1.981,0.7379,0.5871,0.1509,L3
1卖,二次涨停 + 火箭信号 + 突破前高,246,0.0409,0.0183,2.229,0.7602,0.5871,0.1731,L3
1卖,二次涨停 + 火箭信号 + BOLL突破上轨,283,0.0468,0.0214,2.182,0.7562,0.5871,0.1691,L3
1卖,二次涨停 + 火箭信号 + 多头共振,200,0.033,0.0152,2.168,0.755,0.5871,0.1679,L3
1卖,二次涨停 + 火箭信号 + 偏多共振,200,0.033,0.0152,2.168,0.755,0.5871,0.1679,L3
1卖,二次涨停 + 斐波长多头 + 斐波全多头,71,0.0118,0.0053,2.234,0.7606,0.5871,0.1735,L3
1卖,二次涨停 + 斐波长多头 + 突破前高,70,0.0118,0.005,2.374,0.7714,0.5871,0.1844,L3
1卖,二次涨停 + 斐波长多头 + BOLL突破上轨,78,0.0129,0.0059,2.184,0.7564,0.5871,0.1693,L3
1卖,二次涨停 + 斐波长多头 + 多头共振,88,0.0146,0.0065,2.244,0.7614,0.5871,0.1743,L3
1卖,二次涨停 + 斐波长多头 + 偏多共振,88,0.0146,0.0065,2.244,0.7614,0.5871,0.1743,L3
1卖,二次涨停 + 斐波全多头 + 突破前高,58,0.0098,0.004,2.435,0.7759,0.5871,0.1888,L3
1卖,二次涨停 + 斐波全多头 + BOLL突破上轨,61,0.0101,0.0047,2.157,0.7541,0.5871,0.167,L3
1卖,二次涨停 + 斐波全多头 + 多头共振,71,0.0118,0.0053,2.234,0.7606,0.5871,0.1735,L3
1卖,二次涨停 + 斐波全多头 + 偏多共振,71,0.0118,0.0053,2.234,0.7606,0.5871,0.1735,L3
1卖,二次涨停 + 量比>=2 + 突破前高,103,0.017,0.0078,2.195,0.7573,0.5871,0.1702,L3
1卖,二次涨停 + 量比>=2 + BOLL突破上轨,122,0.0199,0.0096,2.065,0.7459,0.5871,0.1588,L3
1卖,二次涨停 + 量比>=2 + 多头共振,76,0.0118,0.0068,1.726,0.7105,0.5871,0.1235,L3
1卖,二次涨停 + 量比>=2 + 偏多共振,76,0.0118,0.0068,1.726,0.7105,0.5871,0.1235,L3
1卖,二次涨停 + 突破前高 + BOLL突破上轨,235,0.0387,0.018,2.147,0.7532,0.5871,0.1661,L3
1卖,二次涨停 + 突破前高 + 多头共振,154,0.0251,0.0121,2.074,0.7468,0.5871,0.1597,L3
1卖,二次涨停 + 突破前高 + 偏多共振,154,0.0251,0.0121,2.074,0.7468,0.5871,0.1597,L3
1卖,二次涨停 + BOLL突破上轨 + 多头共振,175,0.0289,0.0134,2.159,0.7543,0.5871,0.1672,L3
1卖,二次涨停 + BOLL突破上轨 + 偏多共振,175,0.0289,0.0134,2.159,0.7543,0.5871,0.1672,L3
1卖,二次涨停 + 多头共振 + 偏多共振,200,0.033,0.0152,2.168,0.755,0.5871,0.1679,L3
1卖,中枢进机会区 + 中枢极限底 + MACD底背离,58,0.0092,0.005,1.846,0.7241,0.5871,0.1371,L3
1卖,中枢进机会区 + 中枢极限底 + BOLL突破上轨,64,0.0109,0.0044,2.512,0.7812,0.5871,0.1942,L3
1卖,中枢进机会区 + RSI底背离 + MACD底背离,70,0.0107,0.0065,1.641,0.7,0.5871,0.1129,L3
1卖,中枢进机会区 + MACD底背离 + BOLL突破上轨,59,0.0098,0.0044,2.261,0.7627,0.5871,0.1756,L3
1卖,中枢进机会区 + 量比>=2 + BOLL突破上轨,68,0.0111,0.0053,2.11,0.75,0.5871,0.1629,L3
1卖,中枢进机会区 + 突破前高 + BOLL突破上轨,77,0.0138,0.0044,3.165,0.8182,0.5871,0.2311,L3
1卖,中枢进机会区 + BOLL突破上轨 + 多头共振,59,0.0098,0.0044,2.261,0.7627,0.5871,0.1756,L3
1卖,中枢进机会区 + BOLL突破上轨 + 偏多共振,59,0.0098,0.0044,2.261,0.7627,0.5871,0.1756,L3
1卖,中枢进机会区 + 多头共振 + 偏多共振,89,0.0144,0.0071,2.018,0.7416,0.5871,0.1545,L3
1卖,火箭信号 + 中枢底部蓄力 + 中枢底部回升,108,0.0168,0.0096,1.747,0.713,0.5871,0.1259,L3
1卖,火箭信号 + 中枢底部蓄力 + 量比>=2,83,0.0136,0.0065,2.077,0.747,0.5871,0.1599,L3
1卖,火箭信号 + 中枢底部蓄力 + 突破前高,58,0.009,0.0053,1.696,0.7069,0.5871,0.1198,L3
1卖,火箭信号 + 中枢底部蓄力 + BOLL突破上轨,82,0.0129,0.0071,1.804,0.7195,0.5871,0.1324,L3
1卖,火箭信号 + 斐波长多头 + 斐波全多头,341,0.0601,0.0205,2.931,0.8065,0.5871,0.2194,L3
1卖,火箭信号 + 斐波长多头 + 量比>=2,250,0.0435,0.0158,2.745,0.796,0.5871,0.2089,L3
1卖,火箭信号 + 斐波长多头 + 突破前高,367,0.0638,0.0233,2.739,0.7956,0.5871,0.2086,L3
1卖,火箭信号 + 斐波长多头 + BOLL突破上轨,424,0.0741,0.0264,2.805,0.7995,0.5871,0.2125,L3
1卖,火箭信号 + 斐波长多头 + 多头共振,423,0.0737,0.0267,2.756,0.7967,0.5871,0.2096,L3
1卖,火箭信号 + 斐波长多头 + 偏多共振,423,0.0737,0.0267,2.756,0.7967,0.5871,0.2096,L3
1卖,火箭信号 + 中枢底部回升 + KDJ_D小于30,56,0.0085,0.0053,1.614,0.6964,0.5871,0.1094,L3
1卖,火箭信号 + 中枢底部回升 + 量比>=2,126,0.0192,0.0118,1.629,0.6984,0.5871,0.1113,L3
1卖,火箭信号 + 中枢底部回升 + 突破前高,93,0.0136,0.0096,1.407,0.6667,0.5871,0.0796,L3
1卖,火箭信号 + 中枢底部回升 + BOLL突破上轨,134,0.0195,0.014,1.391,0.6642,0.5871,0.0771,L3
1卖,火箭信号 + 中枢底部回升 + 多头共振,57,0.0094,0.0044,2.16,0.7544,0.5871,0.1673,L3
1卖,火箭信号 + 中枢底部回升 + 偏多共振,57,0.0094,0.0044,2.16,0.7544,0.5871,0.1673,L3
1卖,火箭信号 + 斐波全多头 + 量比>=2,186,0.0323,0.0118,2.74,0.7957,0.5871,0.2086,L3
1卖,火箭信号 + 斐波全多头 + 突破前高,305,0.0536,0.0186,2.872,0.8033,0.5871,0.2162,L3
1卖,火箭信号 + 斐波全多头 + BOLL突破上轨,327,0.0575,0.0199,2.89,0.8043,0.5871,0.2172,L3
1卖,火箭信号 + 斐波全多头 + 多头共振,338,0.0597,0.0202,2.954,0.8077,0.5871,0.2206,L3
1卖,火箭信号 + 斐波全多头 + 偏多共振,338,0.0597,0.0202,2.954,0.8077,0.5871,0.2206,L3
1卖,火箭信号 + KDJ_D小于30 + 量比>=2,69,0.0096,0.0078,1.238,0.6377,0.5871,0.0506,L3
1卖,火箭信号 + KDJ_D小于30 + BOLL突破上轨,52,0.0066,0.0068,0.959,0.5769,0.5871,-0.0101,L3
1卖,火箭信号 + 量比>=2 + 突破前高,907,0.1403,0.0823,1.704,0.7078,0.5871,0.1208,L3
1卖,火箭信号 + 量比>=2 + BOLL突破上轨,1081,0.1648,0.1016,1.622,0.6975,0.5871,0.1104,L3
1卖,火箭信号 + 量比>=2 + 多头共振,565,0.0931,0.0432,2.156,0.754,0.5871,0.1669,L3
1卖,火箭信号 + 量比>=2 + 偏多共振,565,0.0931,0.0432,2.156,0.754,0.5871,0.1669,L3
1卖,火箭信号 + 量比>=2 + MA55上穿MA89,106,0.0175,0.0081,2.164,0.7547,0.5871,0.1677,L3
1卖,火箭信号 + 突破前高 + BOLL突破上轨,1395,0.219,0.1221,1.793,0.7183,0.5871,0.1312,L3
1卖,火箭信号 + 突破前高 + 多头共振,799,0.132,0.0606,2.179,0.7559,0.5871,0.1689,L3
1卖,火箭信号 + 突破前高 + 偏多共振,799,0.132,0.0606,2.179,0.7559,0.5871,0.1689,L3
1卖,火箭信号 + 突破前高 + MA55上穿MA89,131,0.0205,0.0115,1.787,0.7176,0.5871,0.1305,L3
1卖,火箭信号 + BOLL突破上轨 + 多头共振,899,0.1486,0.0681,2.184,0.7564,0.5871,0.1693,L3
1卖,火箭信号 + BOLL突破上轨 + 偏多共振,899,0.1486,0.0681,2.184,0.7564,0.5871,0.1693,L3
1卖,火箭信号 + BOLL突破上轨 + MA55上穿MA89,143,0.0227,0.0121,1.876,0.7273,0.5871,0.1402,L3
1卖,火箭信号 + 多头共振 + 偏多共振,942,0.1556,0.0715,2.177,0.7558,0.5871,0.1688,L3
1卖,火箭信号 + 多头共振 + MA55上穿MA89,85,0.0142,0.0062,2.286,0.7647,0.5871,0.1776,L3
1卖,火箭信号 + 偏多共振 + MA55上穿MA89,85,0.0142,0.0062,2.286,0.7647,0.5871,0.1776,L3
1卖,中枢底部蓄力 + 中枢底部回升 + KDJ_D小于30,88,0.0127,0.0093,1.36,0.6591,0.5871,0.072,L3
1卖,中枢底部蓄力 + 中枢底部回升 + 量比>=2,132,0.0214,0.0106,2.027,0.7424,0.5871,0.1554,L3
1卖,中枢底部蓄力 + 中枢底部回升 + 突破前高,82,0.0131,0.0068,1.918,0.7317,0.5871,0.1446,L3
1卖,中枢底部蓄力 + 中枢底部回升 + BOLL突破上轨,143,0.0225,0.0124,1.811,0.7203,0.5871,0.1332,L3
1卖,中枢底部蓄力 + 中枢底部回升 + 多头共振,53,0.009,0.0037,2.403,0.7736,0.5871,0.1865,L3
1卖,中枢底部蓄力 + 中枢底部回升 + 偏多共振,53,0.009,0.0037,2.403,0.7736,0.5871,0.1865,L3
1卖,中枢底部蓄力 + KDJ_D小于30 + 量比>=2,56,0.0079,0.0062,1.266,0.6429,0.5871,0.0558,L3
1卖,中枢底部蓄力 + 量比>=2 + 突破前高,59,0.0098,0.0044,2.261,0.7627,0.5871,0.1756,L3
1卖,中枢底部蓄力 + 量比>=2 + BOLL突破上轨,100,0.0166,0.0075,2.227,0.76,0.5871,0.1729,L3
1卖,中枢底部蓄力 + 突破前高 + BOLL突破上轨,79,0.0125,0.0068,1.822,0.7215,0.5871,0.1345,L3
1卖,中枢底部蓄力 + 多头共振 + 偏多共振,53,0.009,0.0037,2.403,0.7736,0.5871,0.1865,L3
1卖,MACD底背离 + 多头共振 + 偏多共振,64,0.0096,0.0062,1.547,0.6875,0.5871,0.1004,L3
1卖,斐波长多头 + 中枢底部回升 + BOLL突破上轨,54,0.009,0.004,2.218,0.7593,0.5871,0.1722,L3
1卖,斐波长多头 + 中枢底部回升 + 多头共振,53,0.0092,0.0034,2.686,0.7925,0.5871,0.2054,L3
1卖,斐波长多头 + 中枢底部回升 + 偏多共振,53,0.0092,0.0034,2.686,0.7925,0.5871,0.2054,L3
1卖,斐波长多头 + 斐波全多头 + 量比>=2,325,0.054,0.0242,2.227,0.76,0.5871,0.1729,L3
1卖,斐波长多头 + 斐波全多头 + 突破前高,892,0.1355,0.0845,1.603,0.6951,0.5871,0.108,L3
1卖,斐波长多头 + 斐波全多头 + BOLL突破上轨,1054,0.1593,0.101,1.578,0.6917,0.5871,0.1046,L3
1卖,斐波长多头 + 斐波全多头 + 多头共振,1496,0.2129,0.1622,1.312,0.6511,0.5871,0.064,L3
1卖,斐波长多头 + 斐波全多头 + 偏多共振,1496,0.2129,0.1622,1.312,0.6511,0.5871,0.064,L3
1卖,斐波长多头 + 斐波全多头 + MA55上穿MA89,100,0.0166,0.0075,2.227,0.76,0.5871,0.1729,L3
1卖,斐波长多头 + 量比>=2 + 突破前高,329,0.054,0.0255,2.119,0.7508,0.5871,0.1637,L3
1卖,斐波长多头 + 量比>=2 + BOLL突破上轨,406,0.0675,0.0301,2.241,0.7611,0.5871,0.174,L3
1卖,斐波长多头 + 量比>=2 + 多头共振,427,0.0697,0.0336,2.078,0.7471,0.5871,0.16,L3
1卖,斐波长多头 + 量比>=2 + 偏多共振,427,0.0697,0.0336,2.078,0.7471,0.5871,0.16,L3
1卖,斐波长多头 + 突破前高 + BOLL突破上轨,927,0.146,0.0805,1.814,0.7206,0.5871,0.1335,L3
1卖,斐波长多头 + 突破前高 + 多头共振,1019,0.1554,0.0957,1.624,0.6977,0.5871,0.1107,L3
1卖,斐波长多头 + 突破前高 + 偏多共振,1019,0.1554,0.0957,1.624,0.6977,0.5871,0.1107,L3
1卖,斐波长多头 + 突破前高 + MA55上穿MA89,77,0.0136,0.0047,2.907,0.8052,0.5871,0.2181,L3
1卖,斐波长多头 + BOLL突破上轨 + 多头共振,1262,0.1921,0.119,1.614,0.6965,0.5871,0.1094,L3
1卖,斐波长多头 + BOLL突破上轨 + 偏多共振,1262,0.1921,0.119,1.614,0.6965,0.5871,0.1094,L3
1卖,斐波长多头 + BOLL突破上轨 + MA55上穿MA89,96,0.0162,0.0068,2.366,0.7708,0.5871,0.1838,L3
1卖,斐波长多头 + 多头共振 + 偏多共振,1784,0.2557,0.1908,1.34,0.6558,0.5871,0.0688,L3
1卖,斐波长多头 + 多头共振 + MA55上穿MA89,113,0.0188,0.0084,2.24,0.7611,0.5871,0.174,L3
1卖,斐波长多头 + 偏多共振 + MA55上穿MA89,113,0.0188,0.0084,2.24,0.7611,0.5871,0.174,L3
1卖,中枢底部回升 + KDJ_D小于30 + 量比>=2,72,0.0109,0.0068,1.599,0.6944,0.5871,0.1074,L3
1卖,中枢底部回升 + 量比>=2 + 突破前高,97,0.0149,0.009,1.649,0.701,0.5871,0.114,L3
1卖,中枢底部回升 + 量比>=2 + BOLL突破上轨,158,0.0247,0.014,1.766,0.7152,0.5871,0.1281,L3
1卖,中枢底部回升 + 量比>=2 + 多头共振,62,0.0103,0.0047,2.204,0.7581,0.5871,0.171,L3
1卖,中枢底部回升 + 量比>=2 + 偏多共振,62,0.0103,0.0047,2.204,0.7581,0.5871,0.171,L3
1卖,中枢底部回升 + 突破前高 + BOLL突破上轨,133,0.0199,0.0131,1.524,0.6842,0.5871,0.0971,L3
1卖,中枢底部回升 + 突破前高 + 多头共振,60,0.0096,0.005,1.934,0.7333,0.5871,0.1463,L3
1卖,中枢底部回升 + 突破前高 + 偏多共振,60,0.0096,0.005,1.934,0.7333,0.5871,0.1463,L3
1卖,中枢底部回升 + BOLL突破上轨 + 多头共振,89,0.014,0.0078,1.801,0.7191,0.5871,0.132,L3
1卖,中枢底部回升 + BOLL突破上轨 + 偏多共振,89,0.014,0.0078,1.801,0.7191,0.5871,0.132,L3
1卖,中枢底部回升 + 多头共振 + 偏多共振,106,0.0166,0.0093,1.782,0.717,0.5871,0.1299,L3
1卖,斐波全多头 + 量比>=2 + 突破前高,260,0.0435,0.019,2.295,0.7654,0.5871,0.1783,L3
1卖,斐波全多头 + 量比>=2 + BOLL突破上轨,290,0.0485,0.0211,2.296,0.7655,0.5871,0.1785,L3
1卖,斐波全多头 + 量比>=2 + 多头共振,320,0.0533,0.0236,2.258,0.7625,0.5871,0.1754,L3
1卖,斐波全多头 + 量比>=2 + 偏多共振,320,0.0533,0.0236,2.258,0.7625,0.5871,0.1754,L3
1卖,斐波全多头 + 突破前高 + BOLL突破上轨,789,0.1239,0.069,1.796,0.7186,0.5871,0.1316,L3
1卖,斐波全多头 + 突破前高 + 多头共振,885,0.1344,0.0839,1.602,0.6949,0.5871,0.1078,L3
1卖,斐波全多头 + 突破前高 + 偏多共振,885,0.1344,0.0839,1.602,0.6949,0.5871,0.1078,L3
1卖,斐波全多头 + 突破前高 + MA55上穿MA89,72,0.0125,0.0047,2.673,0.7917,0.5871,0.2046,L3
1卖,斐波全多头 + BOLL突破上轨 + 多头共振,1046,0.158,0.1004,1.574,0.6912,0.5871,0.1041,L3
1卖,斐波全多头 + BOLL突破上轨 + 偏多共振,1046,0.158,0.1004,1.574,0.6912,0.5871,0.1041,L3
1卖,斐波全多头 + BOLL突破上轨 + MA55上穿MA89,85,0.0142,0.0062,2.286,0.7647,0.5871,0.1776,L3
1卖,斐波全多头 + 多头共振 + 偏多共振,1496,0.2129,0.1622,1.312,0.6511,0.5871,0.064,L3
1卖,斐波全多头 + 多头共振 + MA55上穿MA89,99,0.0164,0.0075,2.198,0.7576,0.5871,0.1705,L3
1卖,斐波全多头 + 偏多共振 + MA55上穿MA89,99,0.0164,0.0075,2.198,0.7576,0.5871,0.1705,L3
1卖,KDJ_D小于30 + 量比>=2 + BOLL突破上轨,65,0.0092,0.0071,1.284,0.6462,0.5871,0.0591,L3
1卖,KDJ_D小于30 + 多头共振 + 偏多共振,57,0.0098,0.0037,2.638,0.7895,0.5871,0.2024,L3
1卖,量比>=2 + 突破前高 + BOLL突破上轨,1462,0.2157,0.1476,1.462,0.6751,0.5871,0.088,L3
1卖,量比>=2 + 突破前高 + 多头共振,771,0.12,0.069,1.739,0.7121,0.5871,0.125,L3
1卖,量比>=2 + 突破前高 + 偏多共振,772,0.1202,0.069,1.743,0.7124,0.5871,0.1254,L3
1卖,量比>=2 + 突破前高 + MA55上穿MA89,148,0.0234,0.0127,1.836,0.723,0.5871,0.1359,L3
1卖,量比>=2 + BOLL突破上轨 + 多头共振,895,0.141,0.0777,1.815,0.7207,0.5871,0.1336,L3
1卖,量比>=2 + BOLL突破上轨 + 偏多共振,896,0.1412,0.0777,1.818,0.721,0.5871,0.1339,L3
1卖,量比>=2 + BOLL突破上轨 + MA55上穿MA89,169,0.026,0.0155,1.674,0.7041,0.5871,0.1171,L3
1卖,量比>=2 + 多头共振 + 偏多共振,1021,0.1556,0.096,1.621,0.6974,0.5871,0.1103,L3
1卖,量比>=2 + 多头共振 + MA55上穿MA89,84,0.0142,0.0059,2.406,0.7738,0.5871,0.1867,L3
1卖,量比>=2 + 偏多共振 + MA55上穿MA89,84,0.0142,0.0059,2.406,0.7738,0.5871,0.1867,L3
1卖,突破前高 + BOLL突破上轨 + 多头共振,2063,0.3082,0.2029,1.519,0.6835,0.5871,0.0964,L3
1卖,突破前高 + BOLL突破上轨 + 偏多共振,2064,0.3084,0.2029,1.52,0.6836,0.5871,0.0966,L3
1卖,突破前高 + BOLL突破上轨 + MA55上穿MA89,324,0.0463,0.0348,1.331,0.6543,0.5871,0.0673,L3
1卖,突破前高 + 多头共振 + 偏多共振,2327,0.3368,0.2443,1.379,0.6622,0.5871,0.0752,L3
1卖,突破前高 + 多头共振 + MA55上穿MA89,186,0.0286,0.0171,1.675,0.7043,0.5871,0.1172,L3
1卖,突破前高 + 偏多共振 + MA55上穿MA89,186,0.0286,0.0171,1.675,0.7043,0.5871,0.1172,L3
1卖,BOLL突破上轨 + 多头共振 + 偏多共振,2781,0.4059,0.2871,1.414,0.6677,0.5871,0.0807,L3
1卖,BOLL突破上轨 + 多头共振 + MA55上穿MA89,216,0.0328,0.0205,1.599,0.6944,0.5871,0.1074,L3
1卖,BOLL突破上轨 + 偏多共振 + MA55上穿MA89,216,0.0328,0.0205,1.599,0.6944,0.5871,0.1074,L3
1卖,多头共振 + 偏多共振 + MA55上穿MA89,271,0.0407,0.0264,1.539,0.6863,0.5871,0.0993,L3
1卖,量比>=1.0,5627,0.7408,0.6955,1.065,0.6023,0.5871,0.0152,L4
1卖,量能金叉 + 量比>=1.0,2094,0.2614,0.2791,0.937,0.5712,0.5871,-0.0159,L4
1卖,大盘安全 + 量比>=1.0,4409,0.5808,0.5444,1.067,0.6026,0.5871,0.0156,L4
1卖,偏多共振 + 量比>=1.0,2802,0.393,0.312,1.26,0.6417,0.5871,0.0546,L4
1卖,中枢进机会区 + 量比>=1.0,174,0.0282,0.014,2.016,0.7414,0.5871,0.1543,L4
1卖,量比>=1.3,4117,0.5569,0.4876,1.142,0.6189,0.5871,0.0318,L4
1卖,量能金叉 + 量比>=1.3,1736,0.2232,0.2222,1.004,0.5881,0.5871,0.0011,L4
1卖,大盘安全 + 量比>=1.3,3214,0.4343,0.3813,1.139,0.6182,0.5871,0.0312,L4
1卖,偏多共振 + 量比>=1.3,1997,0.2868,0.2129,1.347,0.657,0.5871,0.0699,L4
1卖,中枢进机会区 + 量比>=1.3,147,0.024,0.0115,2.091,0.7483,0.5871,0.1612,L4
1卖,量比>=1.5,3424,0.4678,0.399,1.172,0.625,0.5871,0.0379,L4
1卖,量能金叉 + 量比>=1.5,1535,0.1989,0.1942,1.024,0.5928,0.5871,0.0058,L4
1卖,大盘安全 + 量比>=1.5,2662,0.3624,0.312,1.162,0.6228,0.5871,0.0358,L4
1卖,偏多共振 + 量比>=1.5,1621,0.2372,0.1666,1.424,0.6693,0.5871,0.0823,L4
1卖,中枢进机会区 + 量比>=1.5,133,0.0221,0.0099,2.22,0.7594,0.5871,0.1723,L4
1卖,量比>=2.0,2267,0.3187,0.2514,1.268,0.6431,0.5871,0.0561,L4
1卖,量能金叉 + 量比>=2.0,1132,0.1508,0.1374,1.098,0.6095,0.5871,0.0225,L4
1卖,大盘安全 + 量比>=2.0,1752,0.247,0.1933,1.278,0.645,0.5871,0.0579,L4
1卖,偏多共振 + 量比>=2.0,1022,0.1558,0.096,1.623,0.6977,0.5871,0.1106,L4
1卖,中枢进机会区 + 量比>=2.0,98,0.016,0.0078,2.054,0.7449,0.5871,0.1578,L4
1卖,量比>=2.5,1571,0.2216,0.1731,1.28,0.6454,0.5871,0.0584,L4
1卖,量能金叉 + 量比>=2.5,854,0.1148,0.1022,1.122,0.6148,0.5871,0.0277,L4
1卖,大盘安全 + 量比>=2.5,1196,0.1696,0.1305,1.3,0.6488,0.5871,0.0618,L4
1卖,偏多共振 + 量比>=2.5,698,0.1073,0.0643,1.668,0.7034,0.5871,0.1164,L4
1卖,中枢进机会区 + 量比>=2.5,77,0.0125,0.0062,2.005,0.7403,0.5871,0.1532,L4
1卖,量比>=3.0,1094,0.1554,0.119,1.306,0.6499,0.5871,0.0628,L4
1卖,量能金叉 + 量比>=3.0,656,0.0892,0.0771,1.157,0.622,0.5871,0.0349,L4
1卖,大盘安全 + 量比>=3.0,815,0.1167,0.0873,1.337,0.6552,0.5871,0.0681,L4
1卖,偏多共振 + 量比>=3.0,501,0.0778,0.0451,1.727,0.7106,0.5871,0.1235,L4
1卖,中枢进机会区 + 量比>=3.0,62,0.0098,0.0053,1.862,0.7258,0.5871,0.1387,L4
1卖,距60日高点>=0.85,7565,0.9718,0.9692,1.003,0.5877,0.5871,0.0006,L4
1卖,量能金叉 + 距60日高点>=0.85,2309,0.2828,0.3154,0.897,0.5604,0.5871,-0.0266,L4
1卖,大盘安全 + 距60日高点>=0.85,6028,0.777,0.7685,1.011,0.5897,0.5871,0.0027,L4
1卖,偏多共振 + 距60日高点>=0.85,3939,0.537,0.4605,1.166,0.6238,0.5871,0.0367,L4
1卖,中枢进机会区 + 距60日高点>=0.85,199,0.0313,0.0174,1.796,0.7186,0.5871,0.1315,L4
1卖,距60日高点>=0.9,6814,0.8649,0.8878,0.974,0.5807,0.5871,-0.0063,L4
1卖,量能金叉 + 距60日高点>=0.9,2041,0.2477,0.2822,0.878,0.5551,0.5871,-0.0319,L4
1卖,大盘安全 + 距60日高点>=0.9,5492,0.7016,0.7091,0.989,0.5845,0.5871,-0.0026,L4
1卖,偏多共振 + 距60日高点>=0.9,3569,0.4776,0.4301,1.11,0.6122,0.5871,0.0252,L4
1卖,中枢进机会区 + 距60日高点>=0.9,146,0.0223,0.0137,1.631,0.6986,0.5871,0.1116,L4
1卖,距60日高点>=0.95,4078,0.4866,0.5755,0.845,0.5459,0.5871,-0.0412,L4
1卖,量能金叉 + 距60日高点>=0.95,1213,0.1408,0.1768,0.796,0.5309,0.5871,-0.0562,L4
1卖,大盘安全 + 距60日高点>=0.95,3342,0.4015,0.4677,0.859,0.5497,0.5871,-0.0374,L4
1卖,偏多共振 + 距60日高点>=0.95,2243,0.2796,0.2996,0.933,0.5702,0.5871,-0.0168,L4
1卖,中枢进机会区 + 距60日高点>=0.95,76,0.0111,0.0078,1.435,0.6711,0.5871,0.084,L4
1卖,距60日高点>=1.0,109,0.0164,0.0106,1.552,0.6881,0.5871,0.101,L4
1卖,大盘安全 + 距60日高点>=1.0,84,0.0127,0.0081,1.569,0.6905,0.5871,0.1034,L4
1卖,偏多共振 + 距60日高点>=1.0,51,0.0087,0.0034,2.558,0.7843,0.5871,0.1972,L4
1卖,距60日高点<=0.8,71,0.0081,0.0106,0.765,0.5211,0.5871,-0.0659,L4
1卖,大盘安全 + 距60日高点<=0.8,58,0.0063,0.009,0.703,0.5,0.5871,-0.0871,L4
1卖,距60日低点<=1.1,304,0.0286,0.0538,0.533,0.4309,0.5871,-0.1561,L4
1卖,量能金叉 + 距60日低点<=1.1,114,0.0096,0.0218,0.442,0.386,0.5871,-0.2011,L4
1卖,大盘安全 + 距60日低点<=1.1,192,0.017,0.0354,0.481,0.4062,0.5871,-0.1808,L4
1卖,偏多共振 + 距60日低点<=1.1,59,0.0055,0.0106,0.517,0.4237,0.5871,-0.1633,L4
1卖,距60日低点<=1.2,2272,0.2531,0.3462,0.731,0.5097,0.5871,-0.0774,L4
1卖,量能金叉 + 距60日低点<=1.2,805,0.0894,0.1231,0.726,0.5081,0.5871,-0.079,L4
1卖,大盘安全 + 距60日低点<=1.2,1713,0.1908,0.261,0.731,0.5096,0.5871,-0.0774,L4
1卖,偏多共振 + 距60日低点<=1.2,906,0.104,0.1336,0.779,0.5254,0.5871,-0.0617,L4
1卖,中枢进机会区 + 距60日低点<=1.2,112,0.016,0.0121,1.317,0.6518,0.5871,0.0647,L4
1卖,相对强弱>=-5.0,7703,0.9882,0.9888,0.999,0.5869,0.5871,-0.0002,L4
1卖,量能金叉 + 相对强弱>=-5.0,2379,0.2905,0.3263,0.89,0.5586,0.5871,-0.0284,L4
1卖,大盘安全 + 相对强弱>=-5.0,6110,0.7864,0.7806,1.007,0.5889,0.5871,0.0018,L4
1卖,偏多共振 + 相对强弱>=-5.0,3952,0.5414,0.4584,1.181,0.6268,0.5871,0.0397,L4
1卖,中枢进机会区 + 相对强弱>=-5.0,205,0.0319,0.0183,1.741,0.7122,0.5871,0.1251,L4
1卖,相对强弱>=0.0,7274,0.9436,0.9189,1.027,0.5935,0.5871,0.0064,L4
1卖,量能金叉 + 相对强弱>=0.0,2240,0.2772,0.3021,0.918,0.5661,0.5871,-0.021,L4
1卖,大盘安全 + 相对强弱>=0.0,5704,0.7443,0.7144,1.042,0.5969,0.5871,0.0099,L4
1卖,偏多共振 + 相对强弱>=0.0,3756,0.522,0.4251,1.228,0.6358,0.5871,0.0487,L4
1卖,中枢进机会区 + 相对强弱>=0.0,187,0.0291,0.0168,1.732,0.7112,0.5871,0.1242,L4
1卖,相对强弱>=5.0,5436,0.7434,0.6324,1.176,0.6256,0.5871,0.0386,L4
1卖,量能金叉 + 相对强弱>=5.0,1573,0.2072,0.1942,1.067,0.6027,0.5871,0.0156,L4
1卖,大盘安全 + 相对强弱>=5.0,4082,0.5655,0.4646,1.217,0.6338,0.5871,0.0467,L4
1卖,偏多共振 + 相对强弱>=5.0,2838,0.4192,0.2859,1.466,0.6758,0.5871,0.0888,L4
1卖,中枢进机会区 + 相对强弱>=5.0,129,0.0203,0.0112,1.817,0.7209,0.5871,0.1339,L4
1卖,相对强弱>=10.0,3462,0.5005,0.3642,1.374,0.6615,0.5871,0.0744,L4
1卖,量能金叉 + 相对强弱>=10.0,912,0.1292,0.0998,1.295,0.648,0.5871,0.061,L4
1卖,大盘安全 + 相对强弱>=10.0,2550,0.3749,0.2595,1.445,0.6725,0.5871,0.0855,L4
1卖,偏多共振 + 相对强弱>=10.0,1833,0.2861,0.1628,1.757,0.7141,0.5871,0.1271,L4
1卖,中枢进机会区 + 相对强弱>=10.0,73,0.0122,0.0053,2.317,0.7671,0.5871,0.1801,L4
1卖,相对强弱>=15.0,2069,0.3132,0.1976,1.585,0.6926,0.5871,0.1055,L4
1卖,量能金叉 + 相对强弱>=15.0,489,0.0726,0.0488,1.487,0.6789,0.5871,0.0919,L4
1卖,大盘安全 + 相对强弱>=15.0,1510,0.2321,0.1392,1.667,0.7033,0.5871,0.1162,L4
1卖,偏多共振 + 相对强弱>=15.0,1136,0.1847,0.0904,2.042,0.7438,0.5871,0.1568,L4
1卖,S-威科夫突破［威科夫B1突破 + SID小于等于2 + 放量］,116,0.0131,0.0174,0.754,0.5172,0.5871,-0.0698,L5
1卖,S-斐波趋势［斐波全多头 + 价涨量增 + 相对强弱>=0］,1253,0.1838,0.128,1.436,0.6712,0.5871,0.0841,L5
1卖,S-六脉震荡［六脉6红首发 + SID等于2 + 量能递增］,4070,0.5519,0.4801,1.15,0.6204,0.5871,0.0333,L5
1卖,S-黄金柱妖股［黄金柱 + 大盘多头 + 相对强弱>=5］,95,0.0107,0.0143,0.749,0.5158,0.5871,-0.0713,L5
1卖,S-MACD金叉多头［MACD零轴上金叉 + 趋势多头 + 放量］,1338,0.1792,0.161,1.113,0.6129,0.5871,0.0258,L5
1卖,S-火箭打板［火箭信号 + 大盘多头 + 相对强弱>=5］,848,0.1296,0.0792,1.636,0.6993,0.5871,0.1122,L5
1卖,S-中枢机会区［中枢进机会区 + 量比>=1.3］,147,0.024,0.0115,2.091,0.7483,0.5871,0.1612,L5
1卖,S-纳财突破［纳财 + 相对强弱>=0］,873,0.1117,0.1125,0.993,0.5853,0.5871,-0.0017,L5
2卖,多头排列,1983,0.4535,0.3934,1.153,0.3127,0.2829,0.0298,L1
2卖,空头排列,382,0.0593,0.0869,0.682,0.212,0.2829,-0.0709,L1
2卖,趋势多头,2118,0.4945,0.4162,1.188,0.3192,0.2829,0.0363,L1
2卖,趋势空头,951,0.1507,0.215,0.701,0.2166,0.2829,-0.0663,L1
2卖,上升中回调,508,0.128,0.0961,1.332,0.3445,0.2829,0.0616,L1
2卖,突破前高,476,0.1163,0.0915,1.271,0.334,0.2829,0.0511,L1
2卖,站上MA5,4804,0.9985,0.9925,1.006,0.2841,0.2829,0.0012,L1
2卖,站上MA13,4812,0.9971,0.9954,1.002,0.2833,0.2829,0.0003,L1
2卖,站上MA34,4594,0.9656,0.9449,1.022,0.2873,0.2829,0.0044,L1
2卖,站上MA55,3921,0.8793,0.7847,1.121,0.3066,0.2829,0.0236,L1
2卖,站上MA89,3062,0.7337,0.5942,1.235,0.3276,0.2829,0.0447,L1
2卖,站上MA144,2737,0.6189,0.5457,1.134,0.3091,0.2829,0.0262,L1
2卖,站上MA233,2171,0.4865,0.4346,1.119,0.3063,0.2829,0.0234,L1
2卖,斐波短中多头,1458,0.3328,0.2895,1.15,0.3121,0.2829,0.0292,L1
2卖,斐波长多头,502,0.1141,0.0999,1.143,0.3108,0.2829,0.0279,L1
2卖,斐波全多头,154,0.0366,0.03,1.219,0.3247,0.2829,0.0418,L1
2卖,MA55上穿MA89,134,0.0307,0.0266,1.157,0.3134,0.2829,0.0305,L1
2卖,放量,4377,0.9217,0.8996,1.025,0.2879,0.2829,0.005,L1
2卖,缩量,3612,0.7279,0.7553,0.964,0.2755,0.2829,-0.0074,L1
2卖,量比大于1,4587,0.9561,0.9466,1.01,0.2849,0.2829,0.002,L1
2卖,量比大于1_3,3758,0.804,0.7674,1.048,0.2924,0.2829,0.0095,L1
2卖,量比大于2,1873,0.4411,0.3665,1.204,0.3219,0.2829,0.039,L1
2卖,量能递增,4205,0.8866,0.8638,1.026,0.2882,0.2829,0.0053,L1
2卖,价涨量增,4010,0.8464,0.8234,1.028,0.2885,0.2829,0.0056,L1
2卖,价涨量缩,3064,0.6218,0.639,0.973,0.2774,0.2829,-0.0055,L1
2卖,MACD_DIF大于0,3935,0.8654,0.7942,1.09,0.3006,0.2829,0.0177,L1
2卖,MACD金叉态,4716,0.9715,0.9778,0.994,0.2816,0.2829,-0.0013,L1
2卖,MACD柱递增,3717,0.7974,0.7582,1.052,0.2932,0.2829,0.0103,L1
2卖,MACD零轴上金叉,357,0.0761,0.073,1.042,0.2913,0.2829,0.0084,L1
2卖,MACD底背离,135,0.0307,0.0268,1.145,0.3111,0.2829,0.0282,L1
2卖,BOLL收上中轨,4798,0.9963,0.9916,1.005,0.2839,0.2829,0.001,L1
2卖,BOLL突破上轨,2264,0.4945,0.4583,1.079,0.2986,0.2829,0.0157,L1
2卖,BOLL触下轨反弹,218,0.038,0.0479,0.794,0.2385,0.2829,-0.0444,L1
2卖,BOLL开口扩张,4323,0.9137,0.8872,1.03,0.2889,0.2829,0.006,L1
2卖,KDJ金叉态,4527,0.9415,0.9351,1.007,0.2843,0.2829,0.0014,L1
2卖,KDJ_J超卖,978,0.1931,0.2061,0.937,0.2699,0.2829,-0.013,L1
2卖,KDJ_D小于30,121,0.0307,0.0228,1.348,0.3471,0.2829,0.0642,L1
2卖,RSI6大于50,4819,0.9993,0.9965,1.003,0.2835,0.2829,0.0006,L1
2卖,RSI金叉,1417,0.2897,0.2947,0.983,0.2795,0.2829,-0.0034,L1
2卖,RSI6超卖,212,0.0402,0.0453,0.888,0.2594,0.2829,-0.0235,L1
2卖,RSI底背离,103,0.0227,0.0208,1.091,0.301,0.2829,0.0181,L1
2卖,威科夫得分大于4,3345,0.714,0.6837,1.044,0.2918,0.2829,0.0089,L1
2卖,威科夫得分大于7,1960,0.4514,0.3876,1.165,0.3148,0.2829,0.0319,L1
2卖,积累阶段,1025,0.1456,0.2384,0.611,0.1941,0.2829,-0.0888,L1
2卖,威科夫B1突破,177,0.0366,0.0367,0.998,0.2825,0.2829,-0.0004,L1
2卖,黄金柱,454,0.0936,0.0941,0.995,0.2819,0.2829,-0.001,L1
2卖,量能金叉,1630,0.3431,0.3351,1.024,0.2877,0.2829,0.0048,L1
2卖,六脉红灯大于5,4548,0.9444,0.94,1.005,0.2839,0.2829,0.001,L1
2卖,六脉红灯大于6,4310,0.8961,0.8903,1.007,0.2842,0.2829,0.0013,L1
2卖,六脉6红首发,4310,0.8961,0.8903,1.007,0.2842,0.2829,0.0013,L1
2卖,六脉5红首发,4548,0.9444,0.94,1.005,0.2839,0.2829,0.001,L1
2卖,偏多共振,968,0.2429,0.1835,1.323,0.343,0.2829,0.0601,L1
2卖,多头共振,966,0.2414,0.1835,1.315,0.3416,0.2829,0.0587,L1
2卖,火箭信号,267,0.0651,0.0514,1.267,0.3333,0.2829,0.0504,L1
2卖,纳财,478,0.1083,0.0952,1.137,0.3096,0.2829,0.0267,L1
2卖,中枢进机会区,284,0.0497,0.0623,0.798,0.2394,0.2829,-0.0435,L1
2卖,中枢极限底,81,0.0198,0.0156,1.267,0.3333,0.2829,0.0504,L1
2卖,中枢上穿中轴,1044,0.2165,0.2159,1.003,0.2835,0.2829,0.0006,L1
2卖,中枢底部蓄力,373,0.0761,0.0776,0.98,0.2788,0.2829,-0.0041,L1
2卖,中枢底部回升,461,0.0951,0.0955,0.996,0.282,0.2829,-0.0009,L1
2卖,大盘多头,2345,0.4638,0.4938,0.939,0.2704,0.2829,-0.0125,L1
2卖,大盘空头,1531,0.3328,0.3105,1.072,0.2972,0.2829,0.0143,L1
2卖,大盘安全,3739,0.8054,0.7613,1.058,0.2945,0.2829,0.0116,L1
2卖,SID等于1,2345,0.4638,0.4938,0.939,0.2704,0.2829,-0.0125,L1
2卖,SID等于2,2999,0.6715,0.6006,1.118,0.3061,0.2829,0.0232,L1
2卖,SID小于等于2,4077,0.88,0.8294,1.061,0.2951,0.2829,0.0122,L1
2卖,大盘5日上涨,4315,0.8954,0.8921,1.004,0.2837,0.2829,0.0008,L1
2卖,相对强弱大于0,4634,0.9715,0.9541,1.018,0.2866,0.2829,0.0037,L1
2卖,相对强弱大于5,2905,0.6715,0.5734,1.171,0.316,0.2829,0.0331,L1
2卖,量比>=1.3,2006,0.4192,0.4136,1.014,0.2856,0.2829,0.0027,L1
2卖,量比>=2,822,0.18,0.1662,1.083,0.2993,0.2829,0.0164,L1
2卖,距前高<=10%,2377,0.5677,0.462,1.229,0.3265,0.2829,0.0436,L1
2卖,距前低<=10%,917,0.1456,0.2072,0.703,0.217,0.2829,-0.0659,L1
2卖,相对强弱>=0,4316,0.9122,0.8857,1.03,0.2889,0.2829,0.006,L1
2卖,相对强弱>=5,2247,0.5516,0.4309,1.28,0.3356,0.2829,0.0527,L1
2卖,多头排列 + 趋势多头,1975,0.4528,0.3913,1.157,0.3134,0.2829,0.0305,L2
2卖,多头排列 + 上升中回调,413,0.0988,0.0802,1.231,0.3269,0.2829,0.044,L2
2卖,多头排列 + 突破前高,426,0.098,0.0843,1.163,0.3146,0.2829,0.0316,L2
2卖,多头排列 + 站上MA5,1974,0.4528,0.3911,1.158,0.3136,0.2829,0.0307,L2
2卖,多头排列 + 站上MA13,1981,0.4535,0.3928,1.155,0.313,0.2829,0.0301,L2
2卖,多头排列 + 站上MA34,1983,0.4535,0.3934,1.153,0.3127,0.2829,0.0298,L2
2卖,多头排列 + 站上MA55,1983,0.4535,0.3934,1.153,0.3127,0.2829,0.0298,L2
2卖,多头排列 + 站上MA89,1855,0.4331,0.3645,1.188,0.3191,0.2829,0.0362,L2
2卖,多头排列 + 站上MA144,1641,0.3738,0.3261,1.146,0.3114,0.2829,0.0285,L2
2卖,多头排列 + 站上MA233,1239,0.278,0.2479,1.121,0.3067,0.2829,0.0238,L2
2卖,多头排列 + 斐波短中多头,1369,0.3072,0.2739,1.122,0.3068,0.2829,0.0239,L2
2卖,多头排列 + 斐波长多头,216,0.0497,0.0427,1.165,0.3148,0.2829,0.0319,L2
2卖,多头排列 + 斐波全多头,149,0.0337,0.0297,1.132,0.3087,0.2829,0.0258,L2
2卖,多头排列 + MA55上穿MA89,107,0.0227,0.0219,1.034,0.2897,0.2829,0.0068,L2
2卖,多头排列 + 放量,1814,0.4214,0.3573,1.179,0.3175,0.2829,0.0346,L2
2卖,多头排列 + 缩量,1490,0.3299,0.2999,1.1,0.3027,0.2829,0.0198,L2
2卖,多头排列 + 量比大于1,1878,0.4309,0.372,1.158,0.3136,0.2829,0.0307,L2
2卖,多头排列 + 量比大于1_3,1535,0.3541,0.3033,1.167,0.3153,0.2829,0.0324,L2
2卖,多头排列 + 量比大于2,712,0.1763,0.1359,1.297,0.3385,0.2829,0.0556,L2
2卖,多头排列 + 量能递增,1739,0.4001,0.344,1.163,0.3145,0.2829,0.0316,L2
2卖,多头排列 + 价涨量增,1654,0.3819,0.3267,1.169,0.3156,0.2829,0.0327,L2
2卖,多头排列 + 价涨量缩,1271,0.2941,0.2508,1.173,0.3163,0.2829,0.0334,L2
2卖,多头排列 + MACD_DIF大于0,1983,0.4535,0.3934,1.153,0.3127,0.2829,0.0298,L2
2卖,多头排列 + MACD金叉态,1931,0.444,0.3821,1.162,0.3143,0.2829,0.0314,L2
2卖,多头排列 + MACD柱递增,1447,0.3307,0.2872,1.151,0.3124,0.2829,0.0295,L2
2卖,多头排列 + MACD零轴上金叉,292,0.0607,0.0603,1.007,0.2842,0.2829,0.0013,L2
2卖,多头排列 + BOLL收上中轨,1983,0.4535,0.3934,1.153,0.3127,0.2829,0.0298,L2
2卖,多头排列 + BOLL突破上轨,1020,0.2356,0.2014,1.169,0.3157,0.2829,0.0328,L2
2卖,多头排列 + BOLL触下轨反弹,69,0.0124,0.015,0.829,0.2464,0.2829,-0.0365,L2
2卖,多头排列 + BOLL开口扩张,1793,0.417,0.353,1.181,0.3179,0.2829,0.035,L2
2卖,多头排列 + KDJ金叉态,1810,0.4177,0.3576,1.168,0.3155,0.2829,0.0326,L2
2卖,多头排列 + KDJ_J超卖,413,0.0966,0.0811,1.191,0.3196,0.2829,0.0367,L2
2卖,多头排列 + RSI6大于50,1982,0.4535,0.3931,1.154,0.3128,0.2829,0.0299,L2
2卖,多头排列 + RSI金叉,714,0.1514,0.1463,1.035,0.2899,0.2829,0.007,L2
2卖,多头排列 + RSI6超卖,82,0.0132,0.0185,0.713,0.2195,0.2829,-0.0634,L2
2卖,多头排列 + 威科夫得分大于4,1834,0.4221,0.3628,1.164,0.3146,0.2829,0.0317,L2
2卖,多头排列 + 威科夫得分大于7,1337,0.3189,0.26,1.227,0.3261,0.2829,0.0432,L2
2卖,多头排列 + 黄金柱,176,0.0358,0.0367,0.978,0.2784,0.2829,-0.0045,L2
2卖,多头排列 + 量能金叉,574,0.1244,0.1166,1.067,0.2962,0.2829,0.0133,L2
2卖,多头排列 + 六脉红灯大于5,1805,0.4162,0.3567,1.167,0.3152,0.2829,0.0323,L2
2卖,多头排列 + 六脉红灯大于6,1672,0.3884,0.3293,1.18,0.3176,0.2829,0.0347,L2
2卖,多头排列 + 六脉6红首发,1672,0.3884,0.3293,1.18,0.3176,0.2829,0.0347,L2
2卖,多头排列 + 六脉5红首发,1805,0.4162,0.3567,1.167,0.3152,0.2829,0.0323,L2
2卖,多头排列 + 偏多共振,707,0.1697,0.1371,1.238,0.3281,0.2829,0.0452,L2
2卖,多头排列 + 多头共振,706,0.169,0.1371,1.233,0.3272,0.2829,0.0443,L2
2卖,多头排列 + 火箭信号,109,0.0293,0.0199,1.469,0.367,0.2829,0.0841,L2
2卖,多头排列 + 纳财,187,0.049,0.0346,1.415,0.3583,0.2829,0.0754,L2
2卖,多头排列 + 中枢进机会区,50,0.008,0.0113,0.715,0.22,0.2829,-0.0629,L2
2卖,多头排列 + 中枢上穿中轴,148,0.0351,0.0289,1.217,0.3243,0.2829,0.0414,L2
2卖,多头排列 + 大盘多头,1166,0.2429,0.2407,1.009,0.2847,0.2829,0.0018,L2
2卖,多头排列 + 大盘空头,458,0.1207,0.0846,1.427,0.3603,0.2829,0.0774,L2
2卖,多头排列 + 大盘安全,1632,0.3753,0.3229,1.162,0.3143,0.2829,0.0314,L2
2卖,多头排列 + SID等于1,1166,0.2429,0.2407,1.009,0.2847,0.2829,0.0018,L2
2卖,多头排列 + SID等于2,1179,0.2919,0.2251,1.297,0.3384,0.2829,0.0555,L2
2卖,多头排列 + SID小于等于2,1773,0.4045,0.3521,1.149,0.3119,0.2829,0.029,L2
2卖,多头排列 + 大盘5日上涨,1761,0.4023,0.3495,1.151,0.3123,0.2829,0.0294,L2
2卖,多头排列 + 相对强弱大于0,1911,0.4426,0.3769,1.174,0.3166,0.2829,0.0337,L2
2卖,多头排列 + 相对强弱大于5,1246,0.3182,0.2341,1.36,0.3491,0.2829,0.0662,L2
2卖,多头排列 + 量比>=1.3,777,0.1785,0.1538,1.16,0.314,0.2829,0.0311,L2
2卖,多头排列 + 量比>=2,271,0.0658,0.0522,1.26,0.3321,0.2829,0.0492,L2
2卖,多头排列 + 距前高<=10%,1593,0.3767,0.3111,1.211,0.3233,0.2829,0.0404,L2
2卖,多头排列 + 距前低<=10%,100,0.0219,0.0202,1.086,0.3,0.2829,0.0171,L2
2卖,多头排列 + 相对强弱>=0,1800,0.4192,0.3541,1.184,0.3183,0.2829,0.0354,L2
2卖,多头排列 + 相对强弱>=5,940,0.2597,0.1688,1.538,0.3777,0.2829,0.0948,L2
2卖,空头排列 + 趋势空头,314,0.0468,0.0722,0.649,0.2038,0.2829,-0.0791,L2
2卖,空头排列 + 站上MA5,379,0.0593,0.086,0.689,0.2137,0.2829,-0.0692,L2
2卖,空头排列 + 站上MA13,376,0.0585,0.0854,0.685,0.2128,0.2829,-0.0701,L2
2卖,空头排列 + 站上MA34,247,0.0395,0.0557,0.709,0.2186,0.2829,-0.0643,L2
2卖,空头排列 + 站上MA55,139,0.0271,0.0294,0.919,0.2662,0.2829,-0.0167,L2
2卖,空头排列 + 站上MA89,102,0.0205,0.0214,0.959,0.2745,0.2829,-0.0084,L2
2卖,空头排列 + 站上MA144,101,0.0205,0.0211,0.972,0.2772,0.2829,-0.0057,L2
2卖,空头排列 + 站上MA233,96,0.0205,0.0196,1.044,0.2917,0.2829,0.0088,L2
2卖,空头排列 + 放量,363,0.0571,0.0823,0.694,0.2149,0.2829,-0.068,L2
2卖,空头排列 + 缩量,278,0.0424,0.0635,0.668,0.2086,0.2829,-0.0743,L2
2卖,空头排列 + 量比大于1,378,0.0593,0.0857,0.691,0.2143,0.2829,-0.0686,L2
2卖,空头排列 + 量比大于1_3,351,0.0549,0.0797,0.689,0.2137,0.2829,-0.0692,L2
2卖,空头排列 + 量比大于2,201,0.0337,0.0447,0.752,0.2289,0.2829,-0.054,L2
2卖,空头排列 + 量能递增,329,0.0549,0.0733,0.748,0.228,0.2829,-0.0549,L2
2卖,空头排列 + 价涨量增,340,0.0541,0.0768,0.705,0.2176,0.2829,-0.0653,L2
2卖,空头排列 + 价涨量缩,200,0.0285,0.0465,0.614,0.195,0.2829,-0.0879,L2
2卖,空头排列 + MACD_DIF大于0,76,0.0168,0.0153,1.1,0.3026,0.2829,0.0197,L2
2卖,空头排列 + MACD金叉态,377,0.0593,0.0854,0.694,0.2149,0.2829,-0.0681,L2
2卖,空头排列 + MACD柱递增,363,0.0578,0.082,0.705,0.2176,0.2829,-0.0653,L2
2卖,空头排列 + MACD底背离,58,0.008,0.0136,0.593,0.1897,0.2829,-0.0933,L2
2卖,空头排列 + BOLL收上中轨,358,0.0578,0.0805,0.718,0.2207,0.2829,-0.0622,L2
2卖,空头排列 + BOLL突破上轨,87,0.0146,0.0193,0.757,0.2299,0.2829,-0.053,L2
2卖,空头排列 + BOLL触下轨反弹,63,0.0059,0.0159,0.369,0.127,0.2829,-0.1559,L2
2卖,空头排列 + BOLL开口扩张,298,0.0454,0.0681,0.666,0.2081,0.2829,-0.0749,L2
2卖,空头排列 + KDJ金叉态,372,0.0571,0.0848,0.672,0.2097,0.2829,-0.0732,L2
2卖,空头排列 + KDJ_J超卖,82,0.0132,0.0185,0.713,0.2195,0.2829,-0.0634,L2
2卖,空头排列 + KDJ_D小于30,67,0.0146,0.0136,1.079,0.2985,0.2829,0.0156,L2
2卖,空头排列 + RSI6大于50,375,0.0585,0.0851,0.687,0.2133,0.2829,-0.0696,L2
2卖,空头排列 + RSI金叉,164,0.0241,0.0378,0.639,0.2012,0.2829,-0.0817,L2
2卖,空头排列 + 威科夫得分大于4,127,0.0256,0.0266,0.964,0.2756,0.2829,-0.0073,L2
2卖,空头排列 + 威科夫得分大于7,55,0.0124,0.011,1.134,0.3091,0.2829,0.0262,L2
2卖,空头排列 + 积累阶段,258,0.0358,0.0603,0.594,0.1899,0.2829,-0.093,L2
2卖,空头排列 + 黄金柱,62,0.0124,0.013,0.958,0.2742,0.2829,-0.0087,L2
2卖,空头排列 + 量能金叉,153,0.03,0.0323,0.928,0.268,0.2829,-0.0149,L2
2卖,空头排列 + 六脉红灯大于5,374,0.0585,0.0848,0.69,0.2139,0.2829,-0.069,L2
2卖,空头排列 + 六脉红灯大于6,364,0.0563,0.0828,0.68,0.2115,0.2829,-0.0714,L2
2卖,空头排列 + 六脉6红首发,364,0.0563,0.0828,0.68,0.2115,0.2829,-0.0714,L2
2卖,空头排列 + 六脉5红首发,374,0.0585,0.0848,0.69,0.2139,0.2829,-0.069,L2
2卖,空头排列 + 中枢进机会区,116,0.0168,0.0268,0.627,0.1983,0.2829,-0.0846,L2
2卖,空头排列 + 中枢上穿中轴,168,0.0293,0.0369,0.792,0.2381,0.2829,-0.0448,L2
2卖,空头排列 + 中枢底部蓄力,190,0.0293,0.0433,0.676,0.2105,0.2829,-0.0724,L2
2卖,空头排列 + 中枢底部回升,212,0.0337,0.0479,0.702,0.217,0.2829,-0.0659,L2
2卖,空头排列 + 大盘多头,79,0.0139,0.0173,0.803,0.2405,0.2829,-0.0424,L2
2卖,空头排列 + 大盘空头,244,0.0322,0.0577,0.558,0.1803,0.2829,-0.1026,L2
2卖,空头排列 + 大盘安全,220,0.0366,0.0491,0.746,0.2273,0.2829,-0.0556,L2
2卖,空头排列 + SID等于1,79,0.0139,0.0173,0.803,0.2405,0.2829,-0.0424,L2
2卖,空头排列 + SID等于2,210,0.038,0.0456,0.834,0.2476,0.2829,-0.0353,L2
2卖,空头排列 + SID小于等于2,254,0.0454,0.0554,0.819,0.2441,0.2829,-0.0388,L2
2卖,空头排列 + 大盘5日上涨,340,0.0527,0.0773,0.681,0.2118,0.2829,-0.0711,L2
2卖,空头排列 + 相对强弱大于0,343,0.0549,0.0773,0.709,0.2187,0.2829,-0.0642,L2
2卖,空头排列 + 相对强弱大于5,125,0.0227,0.0271,0.836,0.248,0.2829,-0.0349,L2
2卖,空头排列 + 量比>=1.3,215,0.0322,0.0494,0.652,0.2047,0.2829,-0.0783,L2
2卖,空头排列 + 量比>=2,109,0.0183,0.0242,0.754,0.2294,0.2829,-0.0535,L2
2卖,空头排列 + 距前高<=10%,77,0.0161,0.0159,1.014,0.2857,0.2829,0.0028,L2
2卖,空头排列 + 距前低<=10%,216,0.0285,0.0511,0.559,0.1806,0.2829,-0.1024,L2
2卖,空头排列 + 相对强弱>=0,298,0.0497,0.0664,0.749,0.2282,0.2829,-0.0547,L2
2卖,空头排列 + 相对强弱>=5,79,0.0154,0.0167,0.918,0.2658,0.2829,-0.0171,L2
2卖,趋势多头 + 上升中回调,496,0.1244,0.0941,1.322,0.3427,0.2829,0.0598,L2
2卖,趋势多头 + 突破前高,430,0.0995,0.0848,1.173,0.3163,0.2829,0.0334,L2
2卖,趋势多头 + 站上MA5,2109,0.4938,0.4139,1.193,0.3201,0.2829,0.0372,L2
2卖,趋势多头 + 站上MA13,2110,0.4931,0.4144,1.19,0.3194,0.2829,0.0365,L2
2卖,趋势多头 + 站上MA34,2117,0.4945,0.4159,1.189,0.3193,0.2829,0.0364,L2
2卖,趋势多头 + 站上MA55,2117,0.4945,0.4159,1.189,0.3193,0.2829,0.0364,L2
2卖,趋势多头 + 站上MA89,1976,0.4696,0.385,1.22,0.3249,0.2829,0.042,L2
2卖,趋势多头 + 站上MA144,1741,0.4045,0.3429,1.18,0.3176,0.2829,0.0347,L2
2卖,趋势多头 + 站上MA233,1321,0.305,0.2609,1.169,0.3157,0.2829,0.0328,L2
2卖,趋势多头 + 斐波短中多头,1419,0.3211,0.2828,1.135,0.3094,0.2829,0.0265,L2
2卖,趋势多头 + 斐波长多头,242,0.0607,0.0459,1.323,0.343,0.2829,0.0601,L2
2卖,趋势多头 + 斐波全多头,151,0.0351,0.0297,1.181,0.3179,0.2829,0.035,L2
2卖,趋势多头 + MA55上穿MA89,108,0.0234,0.0219,1.067,0.2963,0.2829,0.0134,L2
2卖,趋势多头 + 放量,1933,0.4572,0.3775,1.211,0.3233,0.2829,0.0404,L2
2卖,趋势多头 + 缩量,1604,0.3658,0.3186,1.148,0.3117,0.2829,0.0288,L2
2卖,趋势多头 + 量比大于1,2007,0.4704,0.3937,1.195,0.3204,0.2829,0.0375,L2
2卖,趋势多头 + 量比大于1_3,1649,0.3884,0.3227,1.204,0.322,0.2829,0.0391,L2
2卖,趋势多头 + 量比大于2,782,0.2004,0.1466,1.367,0.3504,0.2829,0.0675,L2
2卖,趋势多头 + 量能递增,1841,0.4323,0.3608,1.198,0.321,0.2829,0.0381,L2
2卖,趋势多头 + 价涨量增,1766,0.4162,0.3455,1.205,0.3222,0.2829,0.0393,L2
2卖,趋势多头 + 价涨量缩,1353,0.3189,0.2646,1.205,0.3222,0.2829,0.0393,L2
2卖,趋势多头 + MACD_DIF大于0,2099,0.4894,0.4127,1.186,0.3187,0.2829,0.0358,L2
2卖,趋势多头 + MACD金叉态,2017,0.4689,0.3971,1.181,0.3178,0.2829,0.0349,L2
2卖,趋势多头 + MACD柱递增,1561,0.3672,0.3056,1.202,0.3216,0.2829,0.0387,L2
2卖,趋势多头 + MACD零轴上金叉,342,0.0746,0.0693,1.077,0.2982,0.2829,0.0153,L2
2卖,趋势多头 + BOLL收上中轨,2118,0.4945,0.4162,1.188,0.3192,0.2829,0.0363,L2
2卖,趋势多头 + BOLL突破上轨,1034,0.2421,0.2029,1.193,0.3201,0.2829,0.0372,L2
2卖,趋势多头 + BOLL触下轨反弹,102,0.0249,0.0196,1.267,0.3333,0.2829,0.0504,L2
2卖,趋势多头 + BOLL开口扩张,1903,0.455,0.3697,1.231,0.3269,0.2829,0.0439,L2
2卖,趋势多头 + KDJ金叉态,1932,0.4565,0.3775,1.209,0.323,0.2829,0.0401,L2
2卖,趋势多头 + KDJ_J超卖,461,0.1097,0.0898,1.223,0.3254,0.2829,0.0425,L2
2卖,趋势多头 + RSI6大于50,2117,0.4945,0.4159,1.189,0.3193,0.2829,0.0364,L2
2卖,趋势多头 + RSI金叉,816,0.1829,0.1633,1.12,0.3064,0.2829,0.0235,L2
2卖,趋势多头 + RSI6超卖,91,0.0161,0.0199,0.808,0.2418,0.2829,-0.0411,L2
2卖,趋势多头 + 威科夫得分大于4,1918,0.4455,0.3778,1.179,0.3175,0.2829,0.0346,L2
2卖,趋势多头 + 威科夫得分大于7,1385,0.3328,0.2684,1.24,0.3285,0.2829,0.0456,L2
2卖,趋势多头 + 积累阶段,52,0.008,0.0118,0.68,0.2115,0.2829,-0.0714,L2
2卖,趋势多头 + 黄金柱,196,0.0417,0.0401,1.039,0.2908,0.2829,0.0079,L2
2卖,趋势多头 + 量能金叉,642,0.1419,0.1293,1.098,0.3022,0.2829,0.0193,L2
2卖,趋势多头 + 六脉红灯大于5,1922,0.4543,0.3755,1.21,0.3231,0.2829,0.0402,L2
2卖,趋势多头 + 六脉红灯大于6,1785,0.4243,0.3478,1.22,0.3249,0.2829,0.042,L2
2卖,趋势多头 + 六脉6红首发,1785,0.4243,0.3478,1.22,0.3249,0.2829,0.042,L2
2卖,趋势多头 + 六脉5红首发,1922,0.4543,0.3755,1.21,0.3231,0.2829,0.0402,L2
2卖,趋势多头 + 偏多共振,743,0.1836,0.142,1.293,0.3378,0.2829,0.0549,L2
2卖,趋势多头 + 多头共振,742,0.1829,0.142,1.288,0.3369,0.2829,0.054,L2
2卖,趋势多头 + 火箭信号,113,0.03,0.0208,1.443,0.3628,0.2829,0.0799,L2
2卖,趋势多头 + 纳财,199,0.0534,0.0364,1.469,0.3668,0.2829,0.0839,L2
2卖,趋势多头 + 中枢进机会区,69,0.0132,0.0147,0.895,0.2609,0.2829,-0.022,L2
2卖,趋势多头 + 中枢上穿中轴,207,0.0556,0.0378,1.471,0.3671,0.2829,0.0842,L2
2卖,趋势多头 + 大盘多头,1225,0.2582,0.2517,1.026,0.2882,0.2829,0.0053,L2
2卖,趋势多头 + 大盘空头,510,0.1426,0.0909,1.569,0.3824,0.2829,0.0994,L2
2卖,趋势多头 + 大盘安全,1721,0.4023,0.338,1.191,0.3196,0.2829,0.0367,L2
2卖,趋势多头 + SID等于1,1225,0.2582,0.2517,1.026,0.2882,0.2829,0.0053,L2
2卖,趋势多头 + SID等于2,1255,0.3146,0.2381,1.321,0.3426,0.2829,0.0597,L2
2卖,趋势多头 + SID小于等于2,1883,0.436,0.3714,1.174,0.3165,0.2829,0.0336,L2
2卖,趋势多头 + 大盘5日上涨,1866,0.436,0.3665,1.19,0.3194,0.2829,0.0365,L2
2卖,趋势多头 + 相对强弱大于0,2031,0.4784,0.3974,1.204,0.322,0.2829,0.0391,L2
2卖,趋势多头 + 相对强弱大于5,1283,0.3299,0.2401,1.374,0.3515,0.2829,0.0686,L2
2卖,趋势多头 + 量比>=1.3,848,0.2019,0.1651,1.223,0.3255,0.2829,0.0426,L2
2卖,趋势多头 + 量比>=2,309,0.0812,0.0571,1.421,0.3592,0.2829,0.0763,L2
2卖,趋势多头 + 距前高<=10%,1682,0.4023,0.3267,1.232,0.327,0.2829,0.0441,L2
2卖,趋势多头 + 距前低<=10%,113,0.0271,0.0219,1.234,0.3274,0.2829,0.0445,L2
2卖,趋势多头 + 相对强弱>=0,1897,0.4492,0.3703,1.213,0.3237,0.2829,0.0408,L2
2卖,趋势多头 + 相对强弱>=5,970,0.2692,0.1737,1.549,0.3794,0.2829,0.0965,L2
2卖,趋势空头 + 站上MA5,935,0.15,0.2107,0.712,0.2193,0.2829,-0.0637,L2
2卖,趋势空头 + 站上MA13,943,0.1492,0.2133,0.7,0.2163,0.2829,-0.0666,L2
2卖,趋势空头 + 站上MA34,759,0.1236,0.1703,0.726,0.2227,0.2829,-0.0602,L2
2卖,趋势空头 + 站上MA55,459,0.0878,0.0978,0.897,0.2614,0.2829,-0.0215,L2
2卖,趋势空头 + 站上MA89,285,0.0578,0.0595,0.972,0.2772,0.2829,-0.0057,L2
2卖,趋势空头 + 站上MA144,300,0.0556,0.0646,0.86,0.2533,0.2829,-0.0296,L2
2卖,趋势空头 + 站上MA233,277,0.0497,0.0603,0.825,0.2455,0.2829,-0.0374,L2
2卖,趋势空头 + 斐波长多头,98,0.0161,0.0219,0.734,0.2245,0.2829,-0.0584,L2
2卖,趋势空头 + 放量,879,0.1405,0.1983,0.708,0.2184,0.2829,-0.0645,L2
2卖,趋势空头 + 缩量,721,0.1097,0.1648,0.666,0.208,0.2829,-0.0749,L2
2卖,趋势空头 + 量比大于1,928,0.1492,0.2089,0.714,0.2198,0.2829,-0.0631,L2
2卖,趋势空头 + 量比大于1_3,801,0.1368,0.1772,0.772,0.2335,0.2829,-0.0494,L2
2卖,趋势空头 + 量比大于2,399,0.0761,0.0851,0.894,0.2607,0.2829,-0.0223,L2
2卖,趋势空头 + 量能递增,814,0.1331,0.1824,0.73,0.2236,0.2829,-0.0593,L2
2卖,趋势空头 + 价涨量增,786,0.1317,0.1749,0.753,0.229,0.2829,-0.0539,L2
2卖,趋势空头 + 价涨量缩,491,0.068,0.1149,0.592,0.1894,0.2829,-0.0935,L2
2卖,趋势空头 + MACD_DIF大于0,404,0.071,0.0886,0.801,0.2401,0.2829,-0.0428,L2
2卖,趋势空头 + MACD金叉态,945,0.15,0.2136,0.702,0.2169,0.2829,-0.066,L2
2卖,趋势空头 + MACD柱递增,742,0.1266,0.1642,0.771,0.2332,0.2829,-0.0498,L2
2卖,趋势空头 + MACD底背离,105,0.0176,0.0234,0.751,0.2286,0.2829,-0.0543,L2
2卖,趋势空头 + BOLL收上中轨,926,0.1492,0.2084,0.716,0.2203,0.2829,-0.0626,L2
2卖,趋势空头 + BOLL突破上轨,266,0.0439,0.0595,0.738,0.2256,0.2829,-0.0573,L2
2卖,趋势空头 + BOLL触下轨反弹,117,0.0132,0.0286,0.461,0.1538,0.2829,-0.1291,L2
2卖,趋势空头 + BOLL开口扩张,774,0.1244,0.1743,0.713,0.2196,0.2829,-0.0633,L2
2卖,趋势空头 + KDJ金叉态,895,0.1412,0.2026,0.697,0.2156,0.2829,-0.0673,L2
2卖,趋势空头 + KDJ_J超卖,419,0.0688,0.0938,0.733,0.2243,0.2829,-0.0586,L2
2卖,趋势空头 + KDJ_D小于30,70,0.0161,0.0139,1.162,0.3143,0.2829,0.0314,L2
2卖,趋势空头 + RSI6大于50,941,0.15,0.2124,0.706,0.2179,0.2829,-0.0651,L2
2卖,趋势空头 + RSI金叉,319,0.0563,0.0698,0.807,0.2414,0.2829,-0.0415,L2
2卖,趋势空头 + RSI6超卖,116,0.0212,0.0251,0.845,0.25,0.2829,-0.0329,L2
2卖,趋势空头 + RSI底背离,79,0.0146,0.017,0.859,0.2532,0.2829,-0.0297,L2
2卖,趋势空头 + 威科夫得分大于4,449,0.071,0.1016,0.698,0.216,0.2829,-0.0669,L2
2卖,趋势空头 + 威科夫得分大于7,178,0.0344,0.0378,0.909,0.264,0.2829,-0.0189,L2
2卖,趋势空头 + 积累阶段,543,0.0783,0.1258,0.622,0.1971,0.2829,-0.0859,L2
2卖,趋势空头 + 威科夫B1突破,53,0.008,0.0121,0.664,0.2075,0.2829,-0.0754,L2
2卖,趋势空头 + 黄金柱,133,0.0293,0.0268,1.09,0.3008,0.2829,0.0178,L2
2卖,趋势空头 + 量能金叉,365,0.0688,0.0782,0.879,0.2575,0.2829,-0.0254,L2
2卖,趋势空头 + 六脉红灯大于5,908,0.1456,0.2046,0.711,0.2192,0.2829,-0.0637,L2
2卖,趋势空头 + 六脉红灯大于6,863,0.1346,0.196,0.687,0.2132,0.2829,-0.0697,L2
2卖,趋势空头 + 六脉6红首发,863,0.1346,0.196,0.687,0.2132,0.2829,-0.0697,L2
2卖,趋势空头 + 六脉5红首发,908,0.1456,0.2046,0.711,0.2192,0.2829,-0.0637,L2
2卖,趋势空头 + 偏多共振,62,0.0168,0.0113,1.495,0.371,0.2829,0.0881,L2
2卖,趋势空头 + 多头共振,62,0.0168,0.0113,1.495,0.371,0.2829,0.0881,L2
2卖,趋势空头 + 纳财,92,0.0161,0.0202,0.797,0.2391,0.2829,-0.0438,L2
2卖,趋势空头 + 中枢进机会区,213,0.0344,0.0479,0.718,0.2207,0.2829,-0.0622,L2
2卖,趋势空头 + 中枢极限底,62,0.0161,0.0115,1.394,0.3548,0.2829,0.0719,L2
2卖,趋势空头 + 中枢上穿中轴,338,0.0658,0.0716,0.92,0.2663,0.2829,-0.0166,L2
2卖,趋势空头 + 中枢底部蓄力,234,0.041,0.0514,0.797,0.2393,0.2829,-0.0436,L2
2卖,趋势空头 + 中枢底部回升,271,0.0497,0.0586,0.849,0.2509,0.2829,-0.032,L2
2卖,趋势空头 + 大盘多头,330,0.0519,0.0747,0.695,0.2152,0.2829,-0.0678,L2
2卖,趋势空头 + 大盘空头,475,0.0753,0.1074,0.702,0.2168,0.2829,-0.0661,L2
2卖,趋势空头 + 大盘安全,625,0.1053,0.1388,0.759,0.2304,0.2829,-0.0525,L2
2卖,趋势空头 + SID等于1,330,0.0519,0.0747,0.695,0.2152,0.2829,-0.0678,L2
2卖,趋势空头 + SID等于2,581,0.1024,0.1273,0.805,0.241,0.2829,-0.0419,L2
2卖,趋势空头 + SID小于等于2,700,0.1207,0.1544,0.782,0.2357,0.2829,-0.0472,L2
2卖,趋势空头 + 大盘5日上涨,838,0.1302,0.1905,0.684,0.2124,0.2829,-0.0705,L2
2卖,趋势空头 + 相对强弱大于0,881,0.1426,0.198,0.721,0.2213,0.2829,-0.0616,L2
2卖,趋势空头 + 相对强弱大于5,401,0.0732,0.0869,0.842,0.2494,0.2829,-0.0335,L2
2卖,趋势空头 + 量比>=1.3,458,0.0746,0.1027,0.726,0.2227,0.2829,-0.0602,L2
2卖,趋势空头 + 量比>=2,197,0.0337,0.0436,0.772,0.2335,0.2829,-0.0494,L2
2卖,趋势空头 + 距前高<=10%,194,0.038,0.041,0.928,0.268,0.2829,-0.0149,L2
2卖,趋势空头 + 距前低<=10%,476,0.071,0.1094,0.649,0.2038,0.2829,-0.0791,L2
2卖,趋势空头 + 相对强弱>=0,782,0.1258,0.176,0.715,0.2199,0.2829,-0.063,L2
2卖,趋势空头 + 相对强弱>=5,275,0.0578,0.0566,1.022,0.2873,0.2829,0.0044,L2
2卖,上升中回调 + 突破前高,53,0.0132,0.0101,1.304,0.3396,0.2829,0.0567,L2
2卖,上升中回调 + 站上MA5,501,0.1273,0.0944,1.349,0.3473,0.2829,0.0644,L2
2卖,上升中回调 + 站上MA13,496,0.1266,0.0932,1.358,0.3488,0.2829,0.0659,L2
2卖,上升中回调 + 站上MA34,504,0.128,0.0949,1.348,0.3472,0.2829,0.0643,L2
2卖,上升中回调 + 站上MA55,508,0.128,0.0961,1.332,0.3445,0.2829,0.0616,L2
2卖,上升中回调 + 站上MA89,473,0.1214,0.0886,1.371,0.351,0.2829,0.068,L2
2卖,上升中回调 + 站上MA144,412,0.1053,0.0773,1.362,0.3495,0.2829,0.0666,L2
2卖,上升中回调 + 站上MA233,315,0.0805,0.0592,1.36,0.3492,0.2829,0.0663,L2
2卖,上升中回调 + 斐波短中多头,357,0.0871,0.0687,1.267,0.3333,0.2829,0.0504,L2
2卖,上升中回调 + 斐波长多头,75,0.0183,0.0144,1.267,0.3333,0.2829,0.0504,L2
2卖,上升中回调 + 放量,464,0.1192,0.0869,1.373,0.3513,0.2829,0.0684,L2
2卖,上升中回调 + 缩量,411,0.101,0.0788,1.281,0.3358,0.2829,0.0529,L2
2卖,上升中回调 + 量比大于1,492,0.1251,0.0926,1.35,0.3476,0.2829,0.0647,L2
2卖,上升中回调 + 量比大于1_3,421,0.1097,0.0782,1.403,0.3563,0.2829,0.0734,L2
2卖,上升中回调 + 量比大于2,191,0.0519,0.0346,1.5,0.3717,0.2829,0.0888,L2
2卖,上升中回调 + 量能递增,423,0.109,0.0791,1.378,0.3522,0.2829,0.0693,L2
2卖,上升中回调 + 价涨量增,407,0.1061,0.0756,1.403,0.3563,0.2829,0.0734,L2
2卖,上升中回调 + 价涨量缩,297,0.0753,0.056,1.346,0.3468,0.2829,0.0639,L2
2卖,上升中回调 + MACD_DIF大于0,495,0.1244,0.0938,1.326,0.3434,0.2829,0.0605,L2
2卖,上升中回调 + MACD金叉态,418,0.1046,0.0794,1.318,0.3421,0.2829,0.0592,L2
2卖,上升中回调 + MACD柱递增,346,0.09,0.0644,1.398,0.3555,0.2829,0.0726,L2
2卖,上升中回调 + MACD零轴上金叉,136,0.0322,0.0266,1.212,0.3235,0.2829,0.0406,L2
2卖,上升中回调 + BOLL收上中轨,499,0.1258,0.0944,1.333,0.3447,0.2829,0.0618,L2
2卖,上升中回调 + BOLL突破上轨,153,0.0424,0.0274,1.548,0.3791,0.2829,0.0962,L2
2卖,上升中回调 + BOLL触下轨反弹,67,0.0183,0.0121,1.509,0.3731,0.2829,0.0902,L2
2卖,上升中回调 + BOLL开口扩张,421,0.1134,0.0768,1.477,0.3682,0.2829,0.0853,L2
2卖,上升中回调 + KDJ金叉态,430,0.1112,0.0802,1.386,0.3535,0.2829,0.0706,L2
2卖,上升中回调 + KDJ_J超卖,267,0.0688,0.0499,1.377,0.3521,0.2829,0.0692,L2
2卖,上升中回调 + RSI6大于50,505,0.128,0.0952,1.344,0.3465,0.2829,0.0636,L2
2卖,上升中回调 + RSI金叉,276,0.0739,0.0505,1.463,0.3659,0.2829,0.083,L2
2卖,上升中回调 + RSI6超卖,57,0.011,0.0121,0.905,0.2632,0.2829,-0.0197,L2
2卖,上升中回调 + 威科夫得分大于4,426,0.1039,0.082,1.267,0.3333,0.2829,0.0504,L2
2卖,上升中回调 + 威科夫得分大于7,297,0.0783,0.0548,1.427,0.3603,0.2829,0.0774,L2
2卖,上升中回调 + 黄金柱,66,0.0183,0.0118,1.546,0.3788,0.2829,0.0959,L2
2卖,上升中回调 + 量能金叉,180,0.0395,0.0364,1.086,0.3,0.2829,0.0171,L2
2卖,上升中回调 + 六脉红灯大于5,410,0.109,0.0753,1.447,0.3634,0.2829,0.0805,L2
2卖,上升中回调 + 六脉红灯大于6,381,0.1017,0.0698,1.456,0.3648,0.2829,0.0819,L2
2卖,上升中回调 + 六脉6红首发,381,0.1017,0.0698,1.456,0.3648,0.2829,0.0819,L2
2卖,上升中回调 + 六脉5红首发,410,0.109,0.0753,1.447,0.3634,0.2829,0.0805,L2
2卖,上升中回调 + 偏多共振,191,0.0483,0.0361,1.338,0.3455,0.2829,0.0626,L2
2卖,上升中回调 + 多头共振,191,0.0483,0.0361,1.338,0.3455,0.2829,0.0626,L2
2卖,上升中回调 + 中枢上穿中轴,80,0.0263,0.0127,2.074,0.45,0.2829,0.1671,L2
2卖,上升中回调 + 大盘多头,267,0.0614,0.0528,1.163,0.3146,0.2829,0.0317,L2
2卖,上升中回调 + 大盘空头,164,0.049,0.028,1.751,0.4085,0.2829,0.1256,L2
2卖,上升中回调 + 大盘安全,362,0.0856,0.0707,1.21,0.3232,0.2829,0.0403,L2
2卖,上升中回调 + SID等于1,267,0.0614,0.0528,1.163,0.3146,0.2829,0.0317,L2
2卖,上升中回调 + SID等于2,296,0.0746,0.056,1.333,0.3446,0.2829,0.0617,L2
2卖,上升中回调 + SID小于等于2,418,0.101,0.0808,1.249,0.3301,0.2829,0.0472,L2
2卖,上升中回调 + 大盘5日上涨,412,0.1002,0.0794,1.263,0.3325,0.2829,0.0496,L2
2卖,上升中回调 + 相对强弱大于0,458,0.1192,0.0851,1.401,0.3559,0.2829,0.073,L2
2卖,上升中回调 + 相对强弱大于5,208,0.0673,0.0335,2.01,0.4423,0.2829,0.1594,L2
2卖,上升中回调 + 量比>=1.3,249,0.0651,0.0462,1.41,0.3574,0.2829,0.0745,L2
2卖,上升中回调 + 量比>=2,85,0.0271,0.0139,1.954,0.4353,0.2829,0.1524,L2
2卖,上升中回调 + 距前高<=10%,401,0.1002,0.0762,1.315,0.3416,0.2829,0.0587,L2
2卖,上升中回调 + 相对强弱>=0,411,0.109,0.0756,1.442,0.3625,0.2829,0.0796,L2
2卖,上升中回调 + 相对强弱>=5,145,0.0512,0.0216,2.366,0.4828,0.2829,0.1999,L2
2卖,突破前高 + 站上MA5,476,0.1163,0.0915,1.271,0.334,0.2829,0.0511,L2
2卖,突破前高 + 站上MA13,476,0.1163,0.0915,1.271,0.334,0.2829,0.0511,L2
2卖,突破前高 + 站上MA34,476,0.1163,0.0915,1.271,0.334,0.2829,0.0511,L2
2卖,突破前高 + 站上MA55,476,0.1163,0.0915,1.271,0.334,0.2829,0.0511,L2
2卖,突破前高 + 站上MA89,474,0.1163,0.0909,1.279,0.3354,0.2829,0.0525,L2
2卖,突破前高 + 站上MA144,437,0.1024,0.0857,1.195,0.3204,0.2829,0.0375,L2
2卖,突破前高 + 站上MA233,330,0.0753,0.0655,1.15,0.3121,0.2829,0.0292,L2
2卖,突破前高 + 斐波短中多头,368,0.0834,0.0733,1.138,0.3098,0.2829,0.0269,L2
2卖,突破前高 + 放量,464,0.1141,0.0889,1.284,0.3362,0.2829,0.0533,L2
2卖,突破前高 + 缩量,261,0.0571,0.0528,1.08,0.2989,0.2829,0.0159,L2
2卖,突破前高 + 量比大于1,467,0.1141,0.0898,1.271,0.334,0.2829,0.0511,L2
2卖,突破前高 + 量比大于1_3,430,0.1068,0.082,1.303,0.3395,0.2829,0.0566,L2
2卖,突破前高 + 量比大于2,271,0.0724,0.0496,1.459,0.3653,0.2829,0.0824,L2
2卖,突破前高 + 量能递增,455,0.1083,0.0886,1.222,0.3253,0.2829,0.0424,L2
2卖,突破前高 + 价涨量增,453,0.1127,0.0863,1.306,0.34,0.2829,0.0571,L2
2卖,突破前高 + 价涨量缩,274,0.0666,0.0528,1.26,0.3321,0.2829,0.0492,L2
2卖,突破前高 + MACD_DIF大于0,476,0.1163,0.0915,1.271,0.334,0.2829,0.0511,L2
2卖,突破前高 + MACD金叉态,472,0.1163,0.0903,1.288,0.3369,0.2829,0.054,L2
2卖,突破前高 + MACD柱递增,427,0.1046,0.082,1.276,0.3349,0.2829,0.052,L2
2卖,突破前高 + MACD零轴上金叉,72,0.0139,0.0153,0.909,0.2639,0.2829,-0.019,L2
2卖,突破前高 + BOLL收上中轨,476,0.1163,0.0915,1.271,0.334,0.2829,0.0511,L2
2卖,突破前高 + BOLL突破上轨,409,0.1024,0.0776,1.319,0.3423,0.2829,0.0594,L2
2卖,突破前高 + BOLL开口扩张,463,0.1141,0.0886,1.288,0.3369,0.2829,0.054,L2
2卖,突破前高 + KDJ金叉态,459,0.1105,0.0889,1.243,0.329,0.2829,0.0461,L2
2卖,突破前高 + KDJ_J超卖,58,0.0146,0.011,1.334,0.3448,0.2829,0.0619,L2
2卖,突破前高 + RSI6大于50,476,0.1163,0.0915,1.271,0.334,0.2829,0.0511,L2
2卖,突破前高 + RSI金叉,115,0.0241,0.0237,1.02,0.287,0.2829,0.0041,L2
2卖,突破前高 + 威科夫得分大于4,424,0.101,0.0825,1.223,0.3255,0.2829,0.0426,L2
2卖,突破前高 + 威科夫得分大于7,321,0.0753,0.0629,1.198,0.3209,0.2829,0.038,L2
2卖,突破前高 + 量能金叉,126,0.0307,0.0242,1.267,0.3333,0.2829,0.0504,L2
2卖,突破前高 + 六脉红灯大于5,462,0.1134,0.0886,1.28,0.3355,0.2829,0.0526,L2
2卖,突破前高 + 六脉红灯大于6,450,0.1097,0.0866,1.267,0.3333,0.2829,0.0504,L2
2卖,突破前高 + 六脉6红首发,450,0.1097,0.0866,1.267,0.3333,0.2829,0.0504,L2
2卖,突破前高 + 六脉5红首发,462,0.1134,0.0886,1.28,0.3355,0.2829,0.0526,L2
2卖,突破前高 + 偏多共振,169,0.0373,0.0341,1.096,0.3018,0.2829,0.0189,L2
2卖,突破前高 + 多头共振,169,0.0373,0.0341,1.096,0.3018,0.2829,0.0189,L2
2卖,突破前高 + 火箭信号,77,0.019,0.0147,1.292,0.3377,0.2829,0.0548,L2
2卖,突破前高 + 纳财,67,0.0161,0.013,1.239,0.3284,0.2829,0.0455,L2
2卖,突破前高 + 大盘多头,311,0.0732,0.0609,1.201,0.3215,0.2829,0.0386,L2
2卖,突破前高 + 大盘空头,96,0.0278,0.0167,1.661,0.3958,0.2829,0.1129,L2
2卖,突破前高 + 大盘安全,405,0.098,0.0782,1.253,0.3309,0.2829,0.048,L2
2卖,突破前高 + SID等于1,311,0.0732,0.0609,1.201,0.3215,0.2829,0.0386,L2
2卖,突破前高 + SID等于2,281,0.0695,0.0537,1.295,0.3381,0.2829,0.0552,L2
2卖,突破前高 + SID小于等于2,437,0.1061,0.0843,1.259,0.3318,0.2829,0.0489,L2
2卖,突破前高 + 大盘5日上涨,414,0.1039,0.0785,1.323,0.343,0.2829,0.0601,L2
2卖,突破前高 + 相对强弱大于0,458,0.1134,0.0874,1.297,0.3384,0.2829,0.0555,L2
2卖,突破前高 + 相对强弱大于5,368,0.0958,0.0684,1.401,0.356,0.2829,0.0731,L2
2卖,突破前高 + 量比>=1.3,247,0.0651,0.0456,1.428,0.3603,0.2829,0.0774,L2
2卖,突破前高 + 量比>=2,121,0.0293,0.0234,1.252,0.3306,0.2829,0.0477,L2
2卖,突破前高 + 距前高<=10%,452,0.1083,0.0877,1.234,0.3274,0.2829,0.0445,L2
2卖,突破前高 + 相对强弱>=0,443,0.1112,0.084,1.324,0.3431,0.2829,0.0602,L2
2卖,突破前高 + 相对强弱>=5,319,0.0856,0.0583,1.468,0.3668,0.2829,0.0839,L2
2卖,站上MA5 + 站上MA13,4789,0.9956,0.9893,1.006,0.2842,0.2829,0.0013,L2
2卖,站上MA5 + 站上MA34,4571,0.9649,0.9385,1.028,0.2886,0.2829,0.0057,L2
2卖,站上MA5 + 站上MA55,3902,0.8786,0.7795,1.127,0.3078,0.2829,0.0249,L2
2卖,站上MA5 + 站上MA89,3048,0.733,0.5905,1.241,0.3287,0.2829,0.0458,L2
2卖,站上MA5 + 站上MA144,2722,0.6189,0.5414,1.143,0.3108,0.2829,0.0279,L2
2卖,站上MA5 + 站上MA233,2157,0.4865,0.4306,1.13,0.3083,0.2829,0.0254,L2
2卖,站上MA5 + 斐波短中多头,1451,0.3321,0.2877,1.154,0.3129,0.2829,0.03,L2
2卖,站上MA5 + 斐波长多头,501,0.1141,0.0996,1.146,0.3114,0.2829,0.0285,L2
2卖,站上MA5 + 斐波全多头,154,0.0366,0.03,1.219,0.3247,0.2829,0.0418,L2
2卖,站上MA5 + MA55上穿MA89,134,0.0307,0.0266,1.157,0.3134,0.2829,0.0305,L2
2卖,站上MA5 + 放量,4359,0.9203,0.8949,1.028,0.2886,0.2829,0.0057,L2
2卖,站上MA5 + 缩量,3588,0.7264,0.7489,0.97,0.2768,0.2829,-0.0061,L2
2卖,站上MA5 + 量比大于1,4567,0.9546,0.9414,1.014,0.2857,0.2829,0.0028,L2
2卖,站上MA5 + 量比大于1_3,3744,0.8025,0.7639,1.05,0.293,0.2829,0.0101,L2
2卖,站上MA5 + 量比大于2,1870,0.4411,0.3657,1.206,0.3225,0.2829,0.0396,L2
2卖,站上MA5 + 量能递增,4181,0.8851,0.8574,1.032,0.2894,0.2829,0.0065,L2
2卖,站上MA5 + 价涨量增,4001,0.8464,0.8208,1.031,0.2892,0.2829,0.0063,L2
2卖,站上MA5 + 价涨量缩,3042,0.6203,0.6332,0.98,0.2788,0.2829,-0.0041,L2
2卖,站上MA5 + MACD_DIF大于0,3913,0.8647,0.7882,1.097,0.3021,0.2829,0.0192,L2
2卖,站上MA5 + MACD金叉态,4690,0.97,0.9709,0.999,0.2827,0.2829,-0.0002,L2
2卖,站上MA5 + MACD柱递增,3716,0.7974,0.7579,1.052,0.2933,0.2829,0.0104,L2
2卖,站上MA5 + MACD零轴上金叉,357,0.0761,0.073,1.042,0.2913,0.2829,0.0084,L2
2卖,站上MA5 + MACD底背离,134,0.0307,0.0266,1.157,0.3134,0.2829,0.0305,L2
2卖,站上MA5 + BOLL收上中轨,4774,0.9949,0.9853,1.01,0.2849,0.2829,0.002,L2
2卖,站上MA5 + BOLL突破上轨,2264,0.4945,0.4583,1.079,0.2986,0.2829,0.0157,L2
2卖,站上MA5 + BOLL触下轨反弹,217,0.038,0.0476,0.799,0.2396,0.2829,-0.0433,L2
2卖,站上MA5 + BOLL开口扩张,4302,0.9129,0.8814,1.036,0.2901,0.2829,0.0072,L2
2卖,站上MA5 + KDJ金叉态,4517,0.94,0.9328,1.008,0.2845,0.2829,0.0016,L2
2卖,站上MA5 + KDJ_J超卖,957,0.1924,0.2003,0.961,0.2748,0.2829,-0.0081,L2
2卖,站上MA5 + KDJ_D小于30,118,0.0307,0.0219,1.401,0.3559,0.2829,0.073,L2
2卖,站上MA5 + RSI6大于50,4798,0.9978,0.9911,1.007,0.2843,0.2829,0.0014,L2
2卖,站上MA5 + RSI金叉,1411,0.2897,0.2929,0.989,0.2807,0.2829,-0.0023,L2
2卖,站上MA5 + RSI6超卖,202,0.0395,0.0427,0.925,0.2673,0.2829,-0.0156,L2
2卖,站上MA5 + RSI底背离,103,0.0227,0.0208,1.091,0.301,0.2829,0.0181,L2
2卖,站上MA5 + 威科夫得分大于4,3329,0.7132,0.6794,1.05,0.2929,0.2829,0.01,L2
2卖,站上MA5 + 威科夫得分大于7,1952,0.4514,0.3853,1.171,0.3161,0.2829,0.0332,L2
2卖,站上MA5 + 积累阶段,1016,0.1456,0.2358,0.617,0.1959,0.2829,-0.087,L2
2卖,站上MA5 + 威科夫B1突破,177,0.0366,0.0367,0.998,0.2825,0.2829,-0.0004,L2
2卖,站上MA5 + 黄金柱,454,0.0936,0.0941,0.995,0.2819,0.2829,-0.001,L2
2卖,站上MA5 + 量能金叉,1628,0.3431,0.3345,1.026,0.2881,0.2829,0.0052,L2
2卖,站上MA5 + 六脉红灯大于5,4543,0.9437,0.9388,1.005,0.284,0.2829,0.001,L2
2卖,站上MA5 + 六脉红灯大于6,4307,0.8954,0.8898,1.006,0.2842,0.2829,0.0013,L2
2卖,站上MA5 + 六脉6红首发,4307,0.8954,0.8898,1.006,0.2842,0.2829,0.0013,L2
2卖,站上MA5 + 六脉5红首发,4543,0.9437,0.9388,1.005,0.284,0.2829,0.001,L2
2卖,站上MA5 + 偏多共振,962,0.2429,0.1818,1.336,0.3451,0.2829,0.0622,L2
2卖,站上MA5 + 多头共振,960,0.2414,0.1818,1.328,0.3438,0.2829,0.0608,L2
2卖,站上MA5 + 火箭信号,267,0.0651,0.0514,1.267,0.3333,0.2829,0.0504,L2
2卖,站上MA5 + 纳财,478,0.1083,0.0952,1.137,0.3096,0.2829,0.0267,L2
2卖,站上MA5 + 中枢进机会区,278,0.0497,0.0606,0.821,0.2446,0.2829,-0.0383,L2
2卖,站上MA5 + 中枢极限底,78,0.0198,0.0147,1.342,0.3462,0.2829,0.0632,L2
2卖,站上MA5 + 中枢上穿中轴,1042,0.2158,0.2156,1.001,0.2831,0.2829,0.0002,L2
2卖,站上MA5 + 中枢底部蓄力,372,0.0761,0.0773,0.984,0.2796,0.2829,-0.0033,L2
2卖,站上MA5 + 中枢底部回升,461,0.0951,0.0955,0.996,0.282,0.2829,-0.0009,L2
2卖,站上MA5 + 大盘多头,2340,0.4638,0.4924,0.942,0.2709,0.2829,-0.012,L2
2卖,站上MA5 + 大盘空头,1516,0.3314,0.3068,1.08,0.2988,0.2829,0.0159,L2
2卖,站上MA5 + 大盘安全,3723,0.804,0.7573,1.062,0.2952,0.2829,0.0123,L2
2卖,站上MA5 + SID等于1,2340,0.4638,0.4924,0.942,0.2709,0.2829,-0.012,L2
2卖,站上MA5 + SID等于2,2981,0.6701,0.596,1.124,0.3073,0.2829,0.0244,L2
2卖,站上MA5 + SID小于等于2,4058,0.8786,0.8245,1.066,0.296,0.2829,0.0131,L2
2卖,站上MA5 + 大盘5日上涨,4292,0.8939,0.886,1.009,0.2847,0.2829,0.0018,L2
2卖,站上MA5 + 相对强弱大于0,4608,0.97,0.9472,1.024,0.2878,0.2829,0.0049,L2
2卖,站上MA5 + 相对强弱大于5,2891,0.6715,0.5694,1.179,0.3175,0.2829,0.0346,L2
2卖,站上MA5 + 量比>=1.3,1998,0.4192,0.4113,1.019,0.2868,0.2829,0.0039,L2
2卖,站上MA5 + 量比>=2,819,0.18,0.1654,1.088,0.3004,0.2829,0.0175,L2
2卖,站上MA5 + 距前高<=10%,2365,0.5669,0.4589,1.235,0.3277,0.2829,0.0448,L2
2卖,站上MA5 + 距前低<=10%,908,0.1448,0.2049,0.707,0.2181,0.2829,-0.0648,L2
2卖,站上MA5 + 相对强弱>=0,4295,0.9108,0.8802,1.035,0.2899,0.2829,0.007,L2
2卖,站上MA5 + 相对强弱>=5,2239,0.5516,0.4286,1.287,0.3368,0.2829,0.0539,L2
2卖,站上MA13 + 站上MA34,4581,0.9634,0.942,1.023,0.2875,0.2829,0.0046,L2
2卖,站上MA13 + 站上MA55,3909,0.8778,0.7818,1.123,0.307,0.2829,0.0241,L2
2卖,站上MA13 + 站上MA89,3051,0.7323,0.5916,1.238,0.3281,0.2829,0.0452,L2
2卖,站上MA13 + 站上MA144,2730,0.6181,0.544,1.136,0.3095,0.2829,0.0266,L2
2卖,站上MA13 + 站上MA233,2163,0.485,0.4329,1.12,0.3065,0.2829,0.0236,L2
2卖,站上MA13 + 斐波短中多头,1455,0.3328,0.2886,1.153,0.3127,0.2829,0.0298,L2
2卖,站上MA13 + 斐波长多头,500,0.1134,0.0996,1.139,0.31,0.2829,0.0271,L2
2卖,站上MA13 + 斐波全多头,154,0.0366,0.03,1.219,0.3247,0.2829,0.0418,L2
2卖,站上MA13 + MA55上穿MA89,133,0.0307,0.0263,1.17,0.3158,0.2829,0.0329,L2
2卖,站上MA13 + 放量,4365,0.9195,0.897,1.025,0.288,0.2829,0.0051,L2
2卖,站上MA13 + 缩量,3594,0.7249,0.7512,0.965,0.2757,0.2829,-0.0072,L2
2卖,站上MA13 + 量比大于1,4572,0.9539,0.9431,1.011,0.2852,0.2829,0.0023,L2
2卖,站上MA13 + 量比大于1_3,3745,0.8018,0.7645,1.049,0.2927,0.2829,0.0098,L2
2卖,站上MA13 + 量比大于2,1865,0.4396,0.3648,1.205,0.3223,0.2829,0.0393,L2
2卖,站上MA13 + 量能递增,4193,0.8859,0.8606,1.029,0.2888,0.2829,0.0059,L2
2卖,站上MA13 + 价涨量增,4000,0.8449,0.8211,1.029,0.2888,0.2829,0.0058,L2
2卖,站上MA13 + 价涨量缩,3049,0.6189,0.6358,0.973,0.2775,0.2829,-0.0054,L2
2卖,站上MA13 + MACD_DIF大于0,3923,0.8639,0.7913,1.092,0.301,0.2829,0.0181,L2
2卖,站上MA13 + MACD金叉态,4708,0.97,0.976,0.994,0.2816,0.2829,-0.0013,L2
2卖,站上MA13 + MACD柱递增,3709,0.7959,0.7564,1.052,0.2933,0.2829,0.0104,L2
2卖,站上MA13 + MACD零轴上金叉,357,0.0761,0.073,1.042,0.2913,0.2829,0.0084,L2
2卖,站上MA13 + MACD底背离,131,0.03,0.026,1.155,0.313,0.2829,0.0301,L2
2卖,站上MA13 + BOLL收上中轨,4788,0.9941,0.9896,1.005,0.2838,0.2829,0.0009,L2
2卖,站上MA13 + BOLL突破上轨,2264,0.4945,0.4583,1.079,0.2986,0.2829,0.0157,L2
2卖,站上MA13 + BOLL触下轨反弹,215,0.038,0.047,0.809,0.2419,0.2829,-0.041,L2
2卖,站上MA13 + BOLL开口扩张,4307,0.9108,0.8837,1.031,0.2891,0.2829,0.0062,L2
2卖,站上MA13 + KDJ金叉态,4521,0.94,0.9339,1.007,0.2842,0.2829,0.0013,L2
2卖,站上MA13 + KDJ_J超卖,960,0.1902,0.202,0.941,0.2708,0.2829,-0.0121,L2
2卖,站上MA13 + KDJ_D小于30,108,0.0285,0.0199,1.433,0.3611,0.2829,0.0782,L2
2卖,站上MA13 + RSI6大于50,4809,0.9971,0.9945,1.003,0.2834,0.2829,0.0005,L2
2卖,站上MA13 + RSI金叉,1405,0.2875,0.2921,0.984,0.2797,0.2829,-0.0032,L2
2卖,站上MA13 + RSI6超卖,204,0.0395,0.0433,0.913,0.2647,0.2829,-0.0182,L2
2卖,站上MA13 + RSI底背离,98,0.0219,0.0196,1.118,0.3061,0.2829,0.0232,L2
2卖,站上MA13 + 威科夫得分大于4,3341,0.714,0.6825,1.046,0.2921,0.2829,0.0092,L2
2卖,站上MA13 + 威科夫得分大于7,1959,0.4514,0.3873,1.165,0.315,0.2829,0.0321,L2
2卖,站上MA13 + 积累阶段,1015,0.1441,0.2361,0.61,0.1941,0.2829,-0.0888,L2
2卖,站上MA13 + 威科夫B1突破,177,0.0366,0.0367,0.998,0.2825,0.2829,-0.0004,L2
2卖,站上MA13 + 黄金柱,452,0.0929,0.0938,0.991,0.281,0.2829,-0.0019,L2
2卖,站上MA13 + 量能金叉,1628,0.3431,0.3345,1.026,0.2881,0.2829,0.0052,L2
2卖,站上MA13 + 六脉红灯大于5,4545,0.9437,0.9394,1.005,0.2838,0.2829,0.0009,L2
2卖,站上MA13 + 六脉红灯大于6,4310,0.8961,0.8903,1.007,0.2842,0.2829,0.0013,L2
2卖,站上MA13 + 六脉6红首发,4310,0.8961,0.8903,1.007,0.2842,0.2829,0.0013,L2
2卖,站上MA13 + 六脉5红首发,4545,0.9437,0.9394,1.005,0.2838,0.2829,0.0009,L2
2卖,站上MA13 + 偏多共振,964,0.2421,0.1827,1.325,0.3434,0.2829,0.0605,L2
2卖,站上MA13 + 多头共振,962,0.2407,0.1827,1.317,0.342,0.2829,0.0591,L2
2卖,站上MA13 + 火箭信号,267,0.0651,0.0514,1.267,0.3333,0.2829,0.0504,L2
2卖,站上MA13 + 纳财,478,0.1083,0.0952,1.137,0.3096,0.2829,0.0267,L2
2卖,站上MA13 + 中枢进机会区,277,0.049,0.0606,0.809,0.2419,0.2829,-0.041,L2
2卖,站上MA13 + 中枢极限底,79,0.019,0.0153,1.243,0.3291,0.2829,0.0462,L2
2卖,站上MA13 + 中枢上穿中轴,1044,0.2165,0.2159,1.003,0.2835,0.2829,0.0006,L2
2卖,站上MA13 + 中枢底部蓄力,369,0.0753,0.0768,0.982,0.2791,0.2829,-0.0038,L2
2卖,站上MA13 + 中枢底部回升,456,0.0944,0.0944,1.0,0.2829,0.2829,-0.0,L2
2卖,站上MA13 + 大盘多头,2336,0.4623,0.4918,0.94,0.2705,0.2829,-0.0124,L2
2卖,站上MA13 + 大盘空头,1521,0.3314,0.3082,1.075,0.2978,0.2829,0.0149,L2
2卖,站上MA13 + 大盘安全,3727,0.8032,0.7587,1.059,0.2946,0.2829,0.0117,L2
2卖,站上MA13 + SID等于1,2336,0.4623,0.4918,0.94,0.2705,0.2829,-0.0124,L2
2卖,站上MA13 + SID等于2,2990,0.6701,0.5986,1.119,0.3064,0.2829,0.0234,L2
2卖,站上MA13 + SID小于等于2,4064,0.8778,0.8266,1.062,0.2953,0.2829,0.0124,L2
2卖,站上MA13 + 大盘5日上涨,4297,0.8925,0.888,1.005,0.2839,0.2829,0.001,L2
2卖,站上MA13 + 相对强弱大于0,4625,0.9707,0.9518,1.02,0.2869,0.2829,0.004,L2
2卖,站上MA13 + 相对强弱大于5,2901,0.6715,0.5723,1.173,0.3164,0.2829,0.0335,L2
2卖,站上MA13 + 量比>=1.3,1995,0.4184,0.4107,1.019,0.2867,0.2829,0.0038,L2
2卖,站上MA13 + 量比>=2,815,0.1792,0.1645,1.089,0.3006,0.2829,0.0177,L2
2卖,站上MA13 + 距前高<=10%,2372,0.5669,0.4609,1.23,0.3267,0.2829,0.0438,L2
2卖,站上MA13 + 距前低<=10%,908,0.1441,0.2052,0.702,0.217,0.2829,-0.0659,L2
2卖,站上MA13 + 相对强弱>=0,4310,0.9122,0.884,1.032,0.2893,0.2829,0.0064,L2
2卖,站上MA13 + 相对强弱>=5,2246,0.5516,0.4306,1.281,0.3357,0.2829,0.0528,L2
2卖,站上MA34 + 站上MA55,3914,0.8786,0.783,1.122,0.3068,0.2829,0.0239,L2
2卖,站上MA34 + 站上MA89,3040,0.7315,0.5887,1.243,0.3289,0.2829,0.046,L2
2卖,站上MA34 + 站上MA144,2701,0.6167,0.5362,1.15,0.3121,0.2829,0.0292,L2
2卖,站上MA34 + 站上MA233,2116,0.4799,0.4214,1.139,0.31,0.2829,0.0271,L2
2卖,站上MA34 + 斐波短中多头,1458,0.3328,0.2895,1.15,0.3121,0.2829,0.0292,L2
2卖,站上MA34 + 斐波长多头,467,0.1105,0.0912,1.211,0.3233,0.2829,0.0404,L2
2卖,站上MA34 + 斐波全多头,154,0.0366,0.03,1.219,0.3247,0.2829,0.0418,L2
2卖,站上MA34 + MA55上穿MA89,130,0.0307,0.0254,1.21,0.3231,0.2829,0.0402,L2
2卖,站上MA34 + 放量,4170,0.8917,0.8517,1.047,0.2923,0.2829,0.0094,L2
2卖,站上MA34 + 缩量,3395,0.6971,0.7048,0.989,0.2807,0.2829,-0.0022,L2
2卖,站上MA34 + 量比大于1,4357,0.9217,0.8938,1.031,0.2892,0.2829,0.0063,L2
2卖,站上MA34 + 量比大于1_3,3568,0.7754,0.7238,1.071,0.2971,0.2829,0.0142,L2
2卖,站上MA34 + 量比大于2,1803,0.4309,0.3504,1.23,0.3267,0.2829,0.0438,L2
2卖,站上MA34 + 量能递增,4031,0.8588,0.8245,1.042,0.2912,0.2829,0.0083,L2
2卖,站上MA34 + 价涨量增,3831,0.8178,0.783,1.045,0.2918,0.2829,0.0089,L2
2卖,站上MA34 + 价涨量缩,2917,0.6006,0.6049,0.993,0.2815,0.2829,-0.0015,L2
2卖,站上MA34 + MACD_DIF大于0,3935,0.8654,0.7942,1.09,0.3006,0.2829,0.0177,L2
2卖,站上MA34 + MACD金叉态,4483,0.9371,0.9241,1.014,0.2857,0.2829,0.0028,L2
2卖,站上MA34 + MACD柱递增,3492,0.7652,0.7059,1.084,0.2995,0.2829,0.0166,L2
2卖,站上MA34 + MACD零轴上金叉,357,0.0761,0.073,1.042,0.2913,0.2829,0.0084,L2
2卖,站上MA34 + MACD底背离,97,0.0249,0.0182,1.368,0.3505,0.2829,0.0676,L2
2卖,站上MA34 + BOLL收上中轨,4587,0.9634,0.9437,1.021,0.2871,0.2829,0.0042,L2
2卖,站上MA34 + BOLL突破上轨,2249,0.4923,0.4548,1.082,0.2992,0.2829,0.0163,L2
2卖,站上MA34 + BOLL触下轨反弹,175,0.0344,0.0369,0.931,0.2686,0.2829,-0.0143,L2
2卖,站上MA34 + BOLL开口扩张,4186,0.8947,0.8551,1.046,0.2922,0.2829,0.0093,L2
2卖,站上MA34 + KDJ金叉态,4299,0.9093,0.882,1.031,0.2891,0.2829,0.0062,L2
2卖,站上MA34 + KDJ_J超卖,930,0.1843,0.1957,0.942,0.271,0.2829,-0.0119,L2
2卖,站上MA34 + KDJ_D小于30,85,0.0234,0.0153,1.53,0.3765,0.2829,0.0936,L2
2卖,站上MA34 + RSI6大于50,4590,0.9656,0.9437,1.023,0.2876,0.2829,0.0047,L2
2卖,站上MA34 + RSI金叉,1339,0.2794,0.2762,1.012,0.2853,0.2829,0.0024,L2
2卖,站上MA34 + RSI6超卖,185,0.0358,0.0392,0.913,0.2649,0.2829,-0.018,L2
2卖,站上MA34 + RSI底背离,67,0.0168,0.0127,1.325,0.3433,0.2829,0.0604,L2
2卖,站上MA34 + 威科夫得分大于4,3260,0.7008,0.6644,1.055,0.2939,0.2829,0.011,L2
2卖,站上MA34 + 威科夫得分大于7,1926,0.4455,0.3801,1.172,0.3162,0.2829,0.0333,L2
2卖,站上MA34 + 积累阶段,860,0.1236,0.1994,0.62,0.1965,0.2829,-0.0864,L2
2卖,站上MA34 + 威科夫B1突破,177,0.0366,0.0367,0.998,0.2825,0.2829,-0.0004,L2
2卖,站上MA34 + 黄金柱,425,0.0892,0.0874,1.021,0.2871,0.2829,0.0042,L2
2卖,站上MA34 + 量能金叉,1584,0.3328,0.3258,1.022,0.2872,0.2829,0.0043,L2
2卖,站上MA34 + 六脉红灯大于5,4318,0.9108,0.8869,1.027,0.2883,0.2829,0.0054,L2
2卖,站上MA34 + 六脉红灯大于6,4094,0.8647,0.8404,1.029,0.2887,0.2829,0.0058,L2
2卖,站上MA34 + 六脉6红首发,4094,0.8647,0.8404,1.029,0.2887,0.2829,0.0058,L2
2卖,站上MA34 + 六脉5红首发,4318,0.9108,0.8869,1.027,0.2883,0.2829,0.0054,L2
2卖,站上MA34 + 偏多共振,967,0.2429,0.1833,1.325,0.3433,0.2829,0.0604,L2
2卖,站上MA34 + 多头共振,965,0.2414,0.1833,1.317,0.342,0.2829,0.0591,L2
2卖,站上MA34 + 火箭信号,265,0.0651,0.0508,1.282,0.3358,0.2829,0.0529,L2
2卖,站上MA34 + 纳财,458,0.1031,0.0915,1.127,0.3079,0.2829,0.025,L2
2卖,站上MA34 + 中枢进机会区,181,0.0366,0.0378,0.967,0.2762,0.2829,-0.0067,L2
2卖,站上MA34 + 中枢极限底,63,0.0161,0.0118,1.36,0.3492,0.2829,0.0663,L2
2卖,站上MA34 + 中枢上穿中轴,1034,0.2136,0.2141,0.998,0.2824,0.2829,-0.0005,L2
2卖,站上MA34 + 中枢底部蓄力,223,0.0534,0.0433,1.234,0.3274,0.2829,0.0444,L2
2卖,站上MA34 + 中枢底部回升,303,0.0717,0.0592,1.212,0.3234,0.2829,0.0405,L2
2卖,站上MA34 + 大盘多头,2309,0.455,0.4869,0.935,0.2694,0.2829,-0.0135,L2
2卖,站上MA34 + 大盘空头,1379,0.3116,0.275,1.133,0.3089,0.2829,0.026,L2
2卖,站上MA34 + 大盘安全,3603,0.7827,0.731,1.071,0.297,0.2829,0.0141,L2
2卖,站上MA34 + SID等于1,2309,0.455,0.4869,0.935,0.2694,0.2829,-0.0135,L2
2卖,站上MA34 + SID等于2,2860,0.6511,0.5685,1.145,0.3112,0.2829,0.0283,L2
2卖,站上MA34 + SID小于等于2,3918,0.8537,0.7939,1.075,0.2979,0.2829,0.015,L2
2卖,站上MA34 + 大盘5日上涨,4096,0.8625,0.8418,1.025,0.2878,0.2829,0.0049,L2
2卖,站上MA34 + 相对强弱大于0,4425,0.94,0.9062,1.037,0.2904,0.2829,0.0075,L2
2卖,站上MA34 + 相对强弱大于5,2845,0.6591,0.561,1.175,0.3167,0.2829,0.0338,L2
2卖,站上MA34 + 量比>=1.3,1913,0.406,0.3919,1.036,0.2901,0.2829,0.0072,L2
2卖,站上MA34 + 量比>=2,784,0.1748,0.1573,1.112,0.3048,0.2829,0.0219,L2
2卖,站上MA34 + 距前高<=10%,2363,0.564,0.4595,1.228,0.3263,0.2829,0.0434,L2
2卖,站上MA34 + 距前低<=10%,748,0.1207,0.1683,0.717,0.2206,0.2829,-0.0623,L2
2卖,站上MA34 + 相对强弱>=0,4137,0.8844,0.845,1.047,0.2922,0.2829,0.0093,L2
2卖,站上MA34 + 相对强弱>=5,2217,0.5435,0.4254,1.278,0.3351,0.2829,0.0522,L2
2卖,站上MA55 + 站上MA89,2994,0.722,0.5792,1.247,0.3297,0.2829,0.0468,L2
2卖,站上MA55 + 站上MA144,2571,0.6006,0.5051,1.189,0.3193,0.2829,0.0364,L2
2卖,站上MA55 + 站上MA233,1970,0.4601,0.387,1.189,0.3193,0.2829,0.0364,L2
2卖,站上MA55 + 斐波短中多头,1458,0.3328,0.2895,1.15,0.3121,0.2829,0.0292,L2
2卖,站上MA55 + 斐波长多头,402,0.1031,0.0753,1.369,0.3507,0.2829,0.0678,L2
2卖,站上MA55 + 斐波全多头,154,0.0366,0.03,1.219,0.3247,0.2829,0.0418,L2
2卖,站上MA55 + MA55上穿MA89,127,0.03,0.0248,1.208,0.3228,0.2829,0.0399,L2
2卖,站上MA55 + 放量,3583,0.8142,0.7128,1.142,0.3106,0.2829,0.0277,L2
2卖,站上MA55 + 缩量,2842,0.6269,0.5729,1.094,0.3015,0.2829,0.0186,L2
2卖,站上MA55 + 量比大于1,3720,0.8369,0.7434,1.126,0.3075,0.2829,0.0246,L2
2卖,站上MA55 + 量比大于1_3,3074,0.703,0.6098,1.153,0.3126,0.2829,0.0297,L2
2卖,站上MA55 + 量比大于2,1606,0.3965,0.3071,1.291,0.3375,0.2829,0.0546,L2
2卖,站上MA55 + 量能递增,3460,0.7813,0.6903,1.132,0.3087,0.2829,0.0258,L2
2卖,站上MA55 + 价涨量增,3297,0.7447,0.6577,1.132,0.3088,0.2829,0.0259,L2
2卖,站上MA55 + 价涨量缩,2463,0.5472,0.4949,1.106,0.3037,0.2829,0.0208,L2
2卖,站上MA55 + MACD_DIF大于0,3746,0.8391,0.7501,1.119,0.3062,0.2829,0.0233,L2
2卖,站上MA55 + MACD金叉态,3807,0.8508,0.7631,1.115,0.3055,0.2829,0.0226,L2
2卖,站上MA55 + MACD柱递增,2991,0.6957,0.5887,1.182,0.318,0.2829,0.035,L2
2卖,站上MA55 + MACD零轴上金叉,357,0.0761,0.073,1.042,0.2913,0.2829,0.0084,L2
2卖,站上MA55 + MACD底背离,67,0.0198,0.0115,1.711,0.403,0.2829,0.1201,L2
2卖,站上MA55 + BOLL收上中轨,3912,0.8771,0.783,1.12,0.3065,0.2829,0.0236,L2
2卖,站上MA55 + BOLL突破上轨,2043,0.4638,0.4066,1.141,0.3103,0.2829,0.0274,L2
2卖,站上MA55 + BOLL触下轨反弹,146,0.0315,0.0297,1.058,0.2945,0.2829,0.0116,L2
2卖,站上MA55 + BOLL开口扩张,3571,0.8157,0.7088,1.151,0.3122,0.2829,0.0293,L2
2卖,站上MA55 + KDJ金叉态,3658,0.8252,0.7302,1.13,0.3084,0.2829,0.0255,L2
2卖,站上MA55 + KDJ_J超卖,780,0.1675,0.159,1.053,0.2936,0.2829,0.0107,L2
2卖,站上MA55 + KDJ_D小于30,75,0.0227,0.0127,1.786,0.4133,0.2829,0.1304,L2
2卖,站上MA55 + RSI6大于50,3918,0.8793,0.7838,1.122,0.3068,0.2829,0.0239,L2
2卖,站上MA55 + RSI金叉,1212,0.259,0.2476,1.046,0.2921,0.2829,0.0092,L2
2卖,站上MA55 + RSI6超卖,151,0.03,0.0317,0.945,0.2715,0.2829,-0.0114,L2
2卖,站上MA55 + 威科夫得分大于4,2898,0.6503,0.5798,1.122,0.3068,0.2829,0.0239,L2
2卖,站上MA55 + 威科夫得分大于7,1773,0.4243,0.3443,1.232,0.3271,0.2829,0.0442,L2
2卖,站上MA55 + 积累阶段,555,0.0871,0.1258,0.692,0.2144,0.2829,-0.0685,L2
2卖,站上MA55 + 威科夫B1突破,149,0.03,0.0312,0.962,0.2752,0.2829,-0.0077,L2
2卖,站上MA55 + 黄金柱,354,0.079,0.071,1.113,0.3051,0.2829,0.0222,L2
2卖,站上MA55 + 量能金叉,1399,0.3021,0.2846,1.062,0.2952,0.2829,0.0123,L2
2卖,站上MA55 + 六脉红灯大于5,3667,0.8281,0.7316,1.132,0.3087,0.2829,0.0258,L2
2卖,站上MA55 + 六脉红灯大于6,3469,0.7835,0.6921,1.132,0.3087,0.2829,0.0258,L2
2卖,站上MA55 + 六脉6红首发,3469,0.7835,0.6921,1.132,0.3087,0.2829,0.0258,L2
2卖,站上MA55 + 六脉5红首发,3667,0.8281,0.7316,1.132,0.3087,0.2829,0.0258,L2
2卖,站上MA55 + 偏多共振,947,0.2392,0.1789,1.337,0.3453,0.2829,0.0624,L2
2卖,站上MA55 + 多头共振,946,0.2385,0.1789,1.333,0.3446,0.2829,0.0617,L2
2卖,站上MA55 + 火箭信号,257,0.0622,0.0496,1.253,0.3307,0.2829,0.0478,L2
2卖,站上MA55 + 纳财,386,0.0958,0.0736,1.302,0.3394,0.2829,0.0565,L2
2卖,站上MA55 + 中枢进机会区,130,0.03,0.0257,1.168,0.3154,0.2829,0.0325,L2
2卖,站上MA55 + 中枢上穿中轴,712,0.1741,0.1368,1.273,0.3343,0.2829,0.0514,L2
2卖,站上MA55 + 中枢底部蓄力,123,0.0373,0.0208,1.795,0.4146,0.2829,0.1317,L2
2卖,站上MA55 + 中枢底部回升,177,0.049,0.0317,1.544,0.3785,0.2829,0.0956,L2
2卖,站上MA55 + 大盘多头,2079,0.4257,0.432,0.985,0.2799,0.2829,-0.003,L2
2卖,站上MA55 + 大盘空头,1113,0.278,0.2115,1.314,0.3414,0.2829,0.0585,L2
2卖,站上MA55 + 大盘安全,3108,0.714,0.6153,1.16,0.314,0.2829,0.0311,L2
2卖,站上MA55 + SID等于1,2079,0.4257,0.432,0.985,0.2799,0.2829,-0.003,L2
2卖,站上MA55 + SID等于2,2436,0.5889,0.4707,1.251,0.3305,0.2829,0.0476,L2
2卖,站上MA55 + SID小于等于2,3386,0.7776,0.6704,1.16,0.3139,0.2829,0.031,L2
2卖,站上MA55 + 大盘5日上涨,3488,0.7842,0.6973,1.125,0.3073,0.2829,0.0244,L2
2卖,站上MA55 + 相对强弱大于0,3785,0.8566,0.7544,1.135,0.3094,0.2829,0.0265,L2
2卖,站上MA55 + 相对强弱大于5,2511,0.613,0.4828,1.27,0.3337,0.2829,0.0508,L2
2卖,站上MA55 + 量比>=1.3,1664,0.3694,0.3345,1.104,0.3035,0.2829,0.0206,L2
2卖,站上MA55 + 量比>=2,696,0.1631,0.1365,1.195,0.3204,0.2829,0.0375,L2
2卖,站上MA55 + 距前高<=10%,2314,0.5567,0.4482,1.242,0.3289,0.2829,0.046,L2
2卖,站上MA55 + 距前低<=10%,449,0.0885,0.0947,0.935,0.2695,0.2829,-0.0134,L2
2卖,站上MA55 + 相对强弱>=0,3557,0.8091,0.7074,1.144,0.3109,0.2829,0.028,L2
2卖,站上MA55 + 相对强弱>=5,1967,0.5055,0.3683,1.373,0.3513,0.2829,0.0684,L2
2卖,站上MA89 + 站上MA144,2544,0.5911,0.501,1.18,0.3176,0.2829,0.0347,L2
2卖,站上MA89 + 站上MA233,1894,0.444,0.3714,1.195,0.3205,0.2829,0.0376,L2
2卖,站上MA89 + 斐波短中多头,1379,0.3197,0.2719,1.176,0.3169,0.2829,0.034,L2
2卖,站上MA89 + 斐波长多头,432,0.1061,0.0828,1.281,0.3356,0.2829,0.0527,L2
2卖,站上MA89 + 斐波全多头,154,0.0366,0.03,1.219,0.3247,0.2829,0.0418,L2
2卖,站上MA89 + MA55上穿MA89,127,0.03,0.0248,1.208,0.3228,0.2829,0.0399,L2
2卖,站上MA89 + 放量,2832,0.684,0.5475,1.249,0.3302,0.2829,0.0472,L2
2卖,站上MA89 + 缩量,2185,0.5128,0.4283,1.197,0.3208,0.2829,0.0379,L2
2卖,站上MA89 + 量比大于1,2920,0.7015,0.5659,1.24,0.3284,0.2829,0.0455,L2
2卖,站上MA89 + 量比大于1_3,2461,0.5918,0.4768,1.241,0.3287,0.2829,0.0458,L2
2卖,站上MA89 + 量比大于2,1317,0.3358,0.2476,1.356,0.3485,0.2829,0.0656,L2
2卖,站上MA89 + 量能递增,2738,0.6576,0.5307,1.239,0.3283,0.2829,0.0454,L2
2卖,站上MA89 + 价涨量增,2616,0.6277,0.5074,1.237,0.328,0.2829,0.0451,L2
2卖,站上MA89 + 价涨量缩,1912,0.4557,0.372,1.225,0.3258,0.2829,0.0429,L2
2卖,站上MA89 + MACD_DIF大于0,2926,0.7023,0.5674,1.238,0.3281,0.2829,0.0452,L2
2卖,站上MA89 + MACD金叉态,2950,0.7059,0.5729,1.232,0.3271,0.2829,0.0442,L2
2卖,站上MA89 + MACD柱递增,2380,0.5838,0.4566,1.279,0.3353,0.2829,0.0524,L2
2卖,站上MA89 + MACD零轴上金叉,337,0.0732,0.0684,1.07,0.2967,0.2829,0.0138,L2
2卖,站上MA89 + MACD底背离,63,0.019,0.0107,1.781,0.4127,0.2829,0.1298,L2
2卖,站上MA89 + BOLL收上中轨,3053,0.7315,0.5925,1.235,0.3275,0.2829,0.0446,L2
2卖,站上MA89 + BOLL突破上轨,1662,0.4001,0.3218,1.244,0.3291,0.2829,0.0462,L2
2卖,站上MA89 + BOLL触下轨反弹,123,0.03,0.0237,1.267,0.3333,0.2829,0.0504,L2
2卖,站上MA89 + BOLL开口扩张,2799,0.6825,0.5385,1.267,0.3333,0.2829,0.0504,L2
2卖,站上MA89 + KDJ金叉态,2837,0.6862,0.5481,1.252,0.3306,0.2829,0.0477,L2
2卖,站上MA89 + KDJ_J超卖,606,0.1426,0.1186,1.203,0.3218,0.2829,0.0389,L2
2卖,站上MA89 + KDJ_D小于30,65,0.0183,0.0115,1.584,0.3846,0.2829,0.1017,L2
2卖,站上MA89 + RSI6大于50,3059,0.7337,0.5934,1.237,0.3279,0.2829,0.045,L2
2卖,站上MA89 + RSI金叉,991,0.226,0.1968,1.148,0.3118,0.2829,0.0289,L2
2卖,站上MA89 + RSI6超卖,127,0.0256,0.0266,0.964,0.2756,0.2829,-0.0073,L2
2卖,站上MA89 + 威科夫得分大于4,2486,0.586,0.4863,1.205,0.3222,0.2829,0.0393,L2
2卖,站上MA89 + 威科夫得分大于7,1722,0.4162,0.3328,1.251,0.3304,0.2829,0.0475,L2
2卖,站上MA89 + 积累阶段,200,0.0344,0.0442,0.779,0.235,0.2829,-0.0479,L2
2卖,站上MA89 + 威科夫B1突破,74,0.0132,0.0162,0.815,0.2432,0.2829,-0.0397,L2
2卖,站上MA89 + 黄金柱,270,0.0593,0.0545,1.086,0.3,0.2829,0.0171,L2
2卖,站上MA89 + 量能金叉,1022,0.2421,0.1994,1.214,0.3239,0.2829,0.041,L2
2卖,站上MA89 + 六脉红灯大于5,2843,0.6869,0.5495,1.25,0.3303,0.2829,0.0474,L2
2卖,站上MA89 + 六脉红灯大于6,2676,0.6489,0.5163,1.257,0.3315,0.2829,0.0486,L2
2卖,站上MA89 + 六脉6红首发,2676,0.6489,0.5163,1.257,0.3315,0.2829,0.0486,L2
2卖,站上MA89 + 六脉5红首发,2843,0.6869,0.5495,1.25,0.3303,0.2829,0.0474,L2
2卖,站上MA89 + 偏多共振,961,0.2414,0.1821,1.326,0.3434,0.2829,0.0605,L2
2卖,站上MA89 + 多头共振,959,0.2399,0.1821,1.318,0.342,0.2829,0.0591,L2
2卖,站上MA89 + 火箭信号,226,0.0534,0.0442,1.209,0.323,0.2829,0.0401,L2
2卖,站上MA89 + 纳财,327,0.0871,0.06,1.45,0.3639,0.2829,0.081,L2
2卖,站上MA89 + 中枢进机会区,114,0.0271,0.0222,1.218,0.3246,0.2829,0.0417,L2
2卖,站上MA89 + 中枢上穿中轴,551,0.1412,0.1033,1.366,0.3503,0.2829,0.0674,L2
2卖,站上MA89 + 中枢底部蓄力,115,0.0344,0.0196,1.752,0.4087,0.2829,0.1258,L2
2卖,站上MA89 + 中枢底部回升,157,0.0439,0.028,1.568,0.3822,0.2829,0.0993,L2
2卖,站上MA89 + 大盘多头,1604,0.3621,0.3201,1.131,0.3086,0.2829,0.0257,L2
2卖,站上MA89 + 大盘空头,858,0.2246,0.159,1.412,0.3578,0.2829,0.0749,L2
2卖,站上MA89 + 大盘安全,2414,0.5889,0.4644,1.268,0.3335,0.2829,0.0506,L2
2卖,站上MA89 + SID等于1,1604,0.3621,0.3201,1.131,0.3086,0.2829,0.0257,L2
2卖,站上MA89 + SID等于2,1864,0.477,0.3498,1.364,0.3498,0.2829,0.0669,L2
2卖,站上MA89 + SID小于等于2,2654,0.6437,0.512,1.257,0.3316,0.2829,0.0487,L2
2卖,站上MA89 + 大盘5日上涨,2700,0.6503,0.5227,1.244,0.3293,0.2829,0.0464,L2
2卖,站上MA89 + 相对强弱大于0,2951,0.7154,0.5694,1.256,0.3314,0.2829,0.0485,L2
2卖,站上MA89 + 相对强弱大于5,2001,0.523,0.3711,1.409,0.3573,0.2829,0.0744,L2
2卖,站上MA89 + 量比>=1.3,1325,0.316,0.2577,1.226,0.326,0.2829,0.0431,L2
2卖,站上MA89 + 量比>=2,567,0.1397,0.1085,1.288,0.3369,0.2829,0.054,L2
2卖,站上MA89 + 距前高<=10%,2117,0.5172,0.4069,1.271,0.334,0.2829,0.0511,L2
2卖,站上MA89 + 距前低<=10%,288,0.0636,0.058,1.097,0.3021,0.2829,0.0192,L2
2卖,站上MA89 + 相对强弱>=0,2777,0.6796,0.5333,1.274,0.3345,0.2829,0.0516,L2
2卖,站上MA89 + 相对强弱>=5,1580,0.4367,0.2837,1.539,0.3778,0.2829,0.0949,L2
2卖,站上MA144 + 站上MA233,1998,0.4506,0.3988,1.13,0.3083,0.2829,0.0254,L2
2卖,站上MA144 + 斐波短中多头,1262,0.2824,0.2528,1.117,0.3059,0.2829,0.023,L2
2卖,站上MA144 + 斐波长多头,475,0.1097,0.0938,1.17,0.3158,0.2829,0.0329,L2
2卖,站上MA144 + 斐波全多头,154,0.0366,0.03,1.219,0.3247,0.2829,0.0418,L2
2卖,站上MA144 + MA55上穿MA89,113,0.0263,0.0222,1.185,0.3186,0.2829,0.0357,L2
2卖,站上MA144 + 放量,2527,0.5772,0.5016,1.151,0.3122,0.2829,0.0293,L2
2卖,站上MA144 + 缩量,1988,0.4353,0.402,1.083,0.2993,0.2829,0.0164,L2
2卖,站上MA144 + 量比大于1,2607,0.5933,0.5183,1.145,0.3111,0.2829,0.0282,L2
2卖,站上MA144 + 量比大于1_3,2175,0.5033,0.4291,1.173,0.3163,0.2829,0.0334,L2
2卖,站上MA144 + 量比大于2,1123,0.2831,0.2124,1.333,0.3446,0.2829,0.0617,L2
2卖,站上MA144 + 量能递增,2448,0.5582,0.4863,1.148,0.3117,0.2829,0.0288,L2
2卖,站上MA144 + 价涨量增,2324,0.5318,0.4609,1.154,0.3128,0.2829,0.0299,L2
2卖,站上MA144 + 价涨量缩,1703,0.3789,0.342,1.108,0.3042,0.2829,0.0213,L2
2卖,站上MA144 + MACD_DIF大于0,2527,0.5845,0.4987,1.172,0.3162,0.2829,0.0333,L2
2卖,站上MA144 + MACD金叉态,2639,0.5962,0.5264,1.133,0.3088,0.2829,0.0259,L2
2卖,站上MA144 + MACD柱递增,2128,0.4982,0.4176,1.193,0.32,0.2829,0.0371,L2
2卖,站上MA144 + MACD零轴上金叉,306,0.0658,0.0623,1.056,0.2941,0.2829,0.0112,L2
2卖,站上MA144 + MACD底背离,65,0.019,0.0113,1.69,0.4,0.2829,0.1171,L2
2卖,站上MA144 + BOLL收上中轨,2730,0.6174,0.5443,1.134,0.3092,0.2829,0.0263,L2
2卖,站上MA144 + BOLL突破上轨,1450,0.3343,0.2866,1.167,0.3152,0.2829,0.0323,L2
2卖,站上MA144 + BOLL触下轨反弹,105,0.0256,0.0202,1.267,0.3333,0.2829,0.0504,L2
2卖,站上MA144 + BOLL开口扩张,2503,0.5743,0.4958,1.158,0.3136,0.2829,0.0307,L2
2卖,站上MA144 + KDJ金叉态,2534,0.5801,0.5025,1.155,0.3129,0.2829,0.03,L2
2卖,站上MA144 + KDJ_J超卖,550,0.1229,0.1102,1.115,0.3055,0.2829,0.0225,L2
2卖,站上MA144 + KDJ_D小于30,57,0.0139,0.011,1.267,0.3333,0.2829,0.0504,L2
2卖,站上MA144 + RSI6大于50,2734,0.6189,0.5449,1.136,0.3094,0.2829,0.0265,L2
2卖,站上MA144 + RSI金叉,878,0.1895,0.1786,1.061,0.295,0.2829,0.0121,L2
2卖,站上MA144 + RSI6超卖,114,0.0234,0.0237,0.989,0.2807,0.2829,-0.0022,L2
2卖,站上MA144 + 威科夫得分大于4,2347,0.5274,0.4693,1.124,0.3072,0.2829,0.0243,L2
2卖,站上MA144 + 威科夫得分大于7,1699,0.3906,0.3362,1.162,0.3143,0.2829,0.0314,L2
2卖,站上MA144 + 积累阶段,187,0.0337,0.0407,0.827,0.246,0.2829,-0.0369,L2
2卖,站上MA144 + 威科夫B1突破,52,0.0095,0.0113,0.845,0.25,0.2829,-0.0329,L2
2卖,站上MA144 + 黄金柱,250,0.0541,0.0508,1.066,0.296,0.2829,0.0131,L2
2卖,站上MA144 + 量能金叉,894,0.2048,0.1772,1.156,0.3132,0.2829,0.0303,L2
2卖,站上MA144 + 六脉红灯大于5,2542,0.5794,0.5051,1.147,0.3116,0.2829,0.0287,L2
2卖,站上MA144 + 六脉红灯大于6,2408,0.5501,0.4779,1.151,0.3123,0.2829,0.0294,L2
2卖,站上MA144 + 六脉6红首发,2408,0.5501,0.4779,1.151,0.3123,0.2829,0.0294,L2
2卖,站上MA144 + 六脉5红首发,2542,0.5794,0.5051,1.147,0.3116,0.2829,0.0287,L2
2卖,站上MA144 + 偏多共振,959,0.2385,0.1827,1.305,0.3399,0.2829,0.057,L2
2卖,站上MA144 + 多头共振,957,0.237,0.1827,1.297,0.3386,0.2829,0.0557,L2
2卖,站上MA144 + 火箭信号,191,0.0512,0.0349,1.466,0.3665,0.2829,0.0836,L2
2卖,站上MA144 + 纳财,294,0.0717,0.0566,1.267,0.3333,0.2829,0.0504,L2
2卖,站上MA144 + 中枢进机会区,110,0.0227,0.0228,0.995,0.2818,0.2829,-0.0011,L2
2卖,站上MA144 + 中枢上穿中轴,523,0.1207,0.1033,1.168,0.3155,0.2829,0.0326,L2
2卖,站上MA144 + 中枢底部蓄力,127,0.0344,0.0231,1.489,0.3701,0.2829,0.0872,L2
2卖,站上MA144 + 中枢底部回升,165,0.0439,0.0303,1.448,0.3636,0.2829,0.0807,L2
2卖,站上MA144 + 大盘多头,1473,0.3175,0.2999,1.059,0.2946,0.2829,0.0117,L2
2卖,站上MA144 + 大盘空头,697,0.1836,0.1287,1.427,0.3601,0.2829,0.0772,L2
2卖,站上MA144 + 大盘安全,2197,0.4982,0.4375,1.139,0.31,0.2829,0.0271,L2
2卖,站上MA144 + SID等于1,1473,0.3175,0.2999,1.059,0.2946,0.2829,0.0117,L2
2卖,站上MA144 + SID等于2,1684,0.4016,0.3276,1.226,0.326,0.2829,0.0431,L2
2卖,站上MA144 + SID小于等于2,2414,0.5465,0.4811,1.136,0.3094,0.2829,0.0265,L2
2卖,站上MA144 + 大盘5日上涨,2423,0.5523,0.4814,1.147,0.3116,0.2829,0.0287,L2
2卖,站上MA144 + 相对强弱大于0,2637,0.602,0.5235,1.15,0.3121,0.2829,0.0292,L2
2卖,站上MA144 + 相对强弱大于5,1723,0.4455,0.3215,1.386,0.3535,0.2829,0.0705,L2
2卖,站上MA144 + 量比>=1.3,1151,0.2685,0.2263,1.187,0.3189,0.2829,0.0359,L2
2卖,站上MA144 + 量比>=2,468,0.1178,0.0886,1.329,0.344,0.2829,0.0611,L2
2卖,站上MA144 + 距前高<=10%,1821,0.425,0.3579,1.188,0.3191,0.2829,0.0361,L2
2卖,站上MA144 + 距前低<=10%,290,0.0454,0.0658,0.689,0.2138,0.2829,-0.0691,L2
2卖,站上MA144 + 相对强弱>=0,2458,0.5728,0.4834,1.185,0.3186,0.2829,0.0356,L2
2卖,站上MA144 + 相对强弱>=5,1346,0.3643,0.2447,1.489,0.37,0.2829,0.0871,L2
2卖,站上MA233 + 斐波短中多头,980,0.218,0.1968,1.108,0.3041,0.2829,0.0212,L2
2卖,站上MA233 + 斐波长多头,493,0.1127,0.0978,1.151,0.3124,0.2829,0.0295,L2
2卖,站上MA233 + 斐波全多头,154,0.0366,0.03,1.219,0.3247,0.2829,0.0418,L2
2卖,站上MA233 + MA55上穿MA89,88,0.0212,0.017,1.246,0.3295,0.2829,0.0466,L2
2卖,站上MA233 + 放量,1994,0.4521,0.3971,1.138,0.3099,0.2829,0.027,L2
2卖,站上MA233 + 缩量,1597,0.3431,0.3255,1.054,0.2937,0.2829,0.0108,L2
2卖,站上MA233 + 量比大于1,2063,0.466,0.4115,1.132,0.3088,0.2829,0.0259,L2
2卖,站上MA233 + 量比大于1_3,1709,0.395,0.3374,1.171,0.316,0.2829,0.0331,L2
2卖,站上MA233 + 量比大于2,862,0.2238,0.1605,1.395,0.355,0.2829,0.0721,L2
2卖,站上MA233 + 量能递增,1929,0.4375,0.3841,1.139,0.31,0.2829,0.0271,L2
2卖,站上MA233 + 价涨量增,1831,0.4192,0.3631,1.155,0.3129,0.2829,0.03,L2
2卖,站上MA233 + 价涨量缩,1345,0.2977,0.2707,1.1,0.3026,0.2829,0.0197,L2
2卖,站上MA233 + MACD_DIF大于0,1927,0.447,0.3798,1.177,0.3171,0.2829,0.0342,L2
2卖,站上MA233 + MACD金叉态,2092,0.4667,0.4196,1.112,0.305,0.2829,0.0221,L2
2卖,站上MA233 + MACD柱递增,1718,0.4031,0.3368,1.197,0.3207,0.2829,0.0378,L2
2卖,站上MA233 + MACD零轴上金叉,245,0.0483,0.0517,0.935,0.2694,0.2829,-0.0135,L2
2卖,站上MA233 + MACD底背离,61,0.019,0.0101,1.883,0.4262,0.2829,0.1433,L2
2卖,站上MA233 + BOLL收上中轨,2161,0.485,0.4323,1.122,0.3068,0.2829,0.0239,L2
2卖,站上MA233 + BOLL突破上轨,1112,0.2568,0.2196,1.169,0.3156,0.2829,0.0327,L2
2卖,站上MA233 + BOLL触下轨反弹,94,0.0227,0.0182,1.247,0.3298,0.2829,0.0469,L2
2卖,站上MA233 + BOLL开口扩张,1955,0.4506,0.3864,1.166,0.3151,0.2829,0.0322,L2
2卖,站上MA233 + KDJ金叉态,2020,0.4616,0.4009,1.151,0.3124,0.2829,0.0295,L2
2卖,站上MA233 + KDJ_J超卖,443,0.0973,0.0895,1.087,0.3002,0.2829,0.0173,L2
2卖,站上MA233 + KDJ_D小于30,52,0.0124,0.0101,1.231,0.3269,0.2829,0.044,L2
2卖,站上MA233 + RSI6大于50,2168,0.4865,0.4338,1.121,0.3067,0.2829,0.0238,L2
2卖,站上MA233 + RSI金叉,664,0.1448,0.1345,1.077,0.2982,0.2829,0.0153,L2
2卖,站上MA233 + RSI6超卖,98,0.0219,0.0196,1.118,0.3061,0.2829,0.0232,L2
2卖,站上MA233 + 威科夫得分大于4,1837,0.4016,0.3717,1.08,0.2989,0.2829,0.016,L2
2卖,站上MA233 + 威科夫得分大于7,1349,0.2992,0.2713,1.103,0.3032,0.2829,0.0203,L2
2卖,站上MA233 + 积累阶段,198,0.0395,0.0416,0.951,0.2727,0.2829,-0.0102,L2
2卖,站上MA233 + 黄金柱,202,0.0446,0.0407,1.097,0.302,0.2829,0.0191,L2
2卖,站上MA233 + 量能金叉,695,0.1631,0.1362,1.198,0.3209,0.2829,0.038,L2
2卖,站上MA233 + 六脉红灯大于5,2023,0.4601,0.4023,1.144,0.3109,0.2829,0.028,L2
2卖,站上MA233 + 六脉红灯大于6,1929,0.4418,0.3824,1.155,0.3131,0.2829,0.0302,L2
2卖,站上MA233 + 六脉6红首发,1929,0.4418,0.3824,1.155,0.3131,0.2829,0.0302,L2
2卖,站上MA233 + 六脉5红首发,2023,0.4601,0.4023,1.144,0.3109,0.2829,0.028,L2
2卖,站上MA233 + 偏多共振,812,0.1953,0.1573,1.242,0.3288,0.2829,0.0459,L2
2卖,站上MA233 + 多头共振,811,0.1946,0.1573,1.237,0.328,0.2829,0.0451,L2
2卖,站上MA233 + 火箭信号,154,0.0454,0.0266,1.708,0.4026,0.2829,0.1197,L2
2卖,站上MA233 + 纳财,235,0.0541,0.0465,1.165,0.3149,0.2829,0.032,L2
2卖,站上MA233 + 中枢进机会区,105,0.0241,0.0208,1.162,0.3143,0.2829,0.0314,L2
2卖,站上MA233 + 中枢上穿中轴,447,0.1061,0.0872,1.217,0.3244,0.2829,0.0415,L2
2卖,站上MA233 + 中枢底部蓄力,120,0.0344,0.0211,1.632,0.3917,0.2829,0.1088,L2
2卖,站上MA233 + 中枢底部回升,160,0.0446,0.0286,1.562,0.3812,0.2829,0.0983,L2
2卖,站上MA233 + 大盘多头,1114,0.226,0.2323,0.973,0.2774,0.2829,-0.0055,L2
2卖,站上MA233 + 大盘空头,611,0.1734,0.1079,1.606,0.3879,0.2829,0.105,L2
2卖,站上MA233 + 大盘安全,1738,0.3833,0.3504,1.094,0.3015,0.2829,0.0186,L2
2卖,站上MA233 + SID等于1,1114,0.226,0.2323,0.973,0.2774,0.2829,-0.0055,L2
2卖,站上MA233 + SID等于2,1336,0.3109,0.2629,1.183,0.3181,0.2829,0.0352,L2
2卖,站上MA233 + SID小于等于2,1905,0.417,0.3853,1.082,0.2992,0.2829,0.0163,L2
2卖,站上MA233 + 大盘5日上涨,1949,0.436,0.3905,1.117,0.3058,0.2829,0.0229,L2
2卖,站上MA233 + 相对强弱大于0,2095,0.4726,0.4182,1.13,0.3084,0.2829,0.0254,L2
2卖,站上MA233 + 相对强弱大于5,1343,0.3467,0.2508,1.383,0.3529,0.2829,0.07,L2
2卖,站上MA233 + 量比>=1.3,898,0.2187,0.1729,1.265,0.333,0.2829,0.0501,L2
2卖,站上MA233 + 量比>=2,350,0.0922,0.0646,1.426,0.36,0.2829,0.0771,L2
2卖,站上MA233 + 距前高<=10%,1361,0.3168,0.2678,1.183,0.3181,0.2829,0.0352,L2
2卖,站上MA233 + 距前低<=10%,260,0.0395,0.0595,0.664,0.2077,0.2829,-0.0752,L2
2卖,站上MA233 + 相对强弱>=0,1942,0.447,0.3841,1.164,0.3146,0.2829,0.0317,L2
2卖,站上MA233 + 相对强弱>=5,1037,0.2831,0.1876,1.509,0.3732,0.2829,0.0903,L2
2卖,斐波短中多头 + 斐波长多头,156,0.0373,0.0303,1.231,0.3269,0.2829,0.044,L2
2卖,斐波短中多头 + 斐波全多头,154,0.0366,0.03,1.219,0.3247,0.2829,0.0418,L2
2卖,斐波短中多头 + MA55上穿MA89,99,0.0241,0.019,1.267,0.3333,0.2829,0.0504,L2
2卖,斐波短中多头 + 放量,1336,0.3058,0.2649,1.154,0.3129,0.2829,0.03,L2
2卖,斐波短中多头 + 缩量,1094,0.2436,0.2196,1.109,0.3044,0.2829,0.0215,L2
2卖,斐波短中多头 + 量比大于1,1392,0.3182,0.2762,1.152,0.3125,0.2829,0.0296,L2
2卖,斐波短中多头 + 量比大于1_3,1164,0.2612,0.2329,1.121,0.3067,0.2829,0.0238,L2
2卖,斐波短中多头 + 量比大于2,544,0.1324,0.1048,1.264,0.3327,0.2829,0.0498,L2
2卖,斐波短中多头 + 量能递增,1277,0.2911,0.2537,1.148,0.3117,0.2829,0.0288,L2
2卖,斐波短中多头 + 价涨量增,1218,0.2758,0.2427,1.136,0.3095,0.2829,0.0266,L2
2卖,斐波短中多头 + 价涨量缩,919,0.2121,0.1815,1.169,0.3156,0.2829,0.0327,L2
2卖,斐波短中多头 + MACD_DIF大于0,1458,0.3328,0.2895,1.15,0.3121,0.2829,0.0292,L2
2卖,斐波短中多头 + MACD金叉态,1386,0.3168,0.275,1.152,0.3124,0.2829,0.0295,L2
2卖,斐波短中多头 + MACD柱递增,1119,0.259,0.2208,1.173,0.3164,0.2829,0.0334,L2
2卖,斐波短中多头 + MACD零轴上金叉,281,0.0578,0.0583,0.991,0.2811,0.2829,-0.0018,L2
2卖,斐波短中多头 + BOLL收上中轨,1457,0.3328,0.2892,1.151,0.3123,0.2829,0.0294,L2
2卖,斐波短中多头 + BOLL突破上轨,764,0.1763,0.1509,1.168,0.3154,0.2829,0.0325,L2
2卖,斐波短中多头 + BOLL触下轨反弹,70,0.0124,0.0153,0.813,0.2429,0.2829,-0.04,L2
2卖,斐波短中多头 + BOLL开口扩张,1348,0.3124,0.2658,1.175,0.3168,0.2829,0.0339,L2
2卖,斐波短中多头 + KDJ金叉态,1335,0.3094,0.2632,1.176,0.3169,0.2829,0.0339,L2
2卖,斐波短中多头 + KDJ_J超卖,322,0.0746,0.0635,1.175,0.3168,0.2829,0.0339,L2
2卖,斐波短中多头 + RSI6大于50,1456,0.3328,0.2889,1.152,0.3125,0.2829,0.0296,L2
2卖,斐波短中多头 + RSI金叉,572,0.1214,0.1172,1.036,0.2902,0.2829,0.0073,L2
2卖,斐波短中多头 + RSI6超卖,72,0.0124,0.0159,0.783,0.2361,0.2829,-0.0468,L2
2卖,斐波短中多头 + 威科夫得分大于4,1330,0.305,0.2635,1.158,0.3135,0.2829,0.0306,L2
2卖,斐波短中多头 + 威科夫得分大于7,985,0.2326,0.1925,1.208,0.3228,0.2829,0.0399,L2
2卖,斐波短中多头 + 黄金柱,135,0.0249,0.0291,0.853,0.2519,0.2829,-0.0311,L2
2卖,斐波短中多头 + 量能金叉,418,0.0885,0.0857,1.033,0.2895,0.2829,0.0066,L2
2卖,斐波短中多头 + 六脉红灯大于5,1325,0.3065,0.2615,1.172,0.3162,0.2829,0.0333,L2
2卖,斐波短中多头 + 六脉红灯大于6,1231,0.2875,0.2418,1.189,0.3193,0.2829,0.0363,L2
2卖,斐波短中多头 + 六脉6红首发,1231,0.2875,0.2418,1.189,0.3193,0.2829,0.0363,L2
2卖,斐波短中多头 + 六脉5红首发,1325,0.3065,0.2615,1.172,0.3162,0.2829,0.0333,L2
2卖,斐波短中多头 + 偏多共振,573,0.1324,0.1131,1.17,0.3159,0.2829,0.033,L2
2卖,斐波短中多头 + 多头共振,573,0.1324,0.1131,1.17,0.3159,0.2829,0.033,L2
2卖,斐波短中多头 + 火箭信号,72,0.0176,0.0139,1.267,0.3333,0.2829,0.0504,L2
2卖,斐波短中多头 + 纳财,135,0.0329,0.026,1.267,0.3333,0.2829,0.0504,L2
2卖,斐波短中多头 + 中枢上穿中轴,126,0.0271,0.0257,1.054,0.2937,0.2829,0.0107,L2
2卖,斐波短中多头 + 大盘多头,877,0.1756,0.1838,0.955,0.2737,0.2829,-0.0092,L2
2卖,斐波短中多头 + 大盘空头,341,0.0988,0.0595,1.661,0.3959,0.2829,0.113,L2
2卖,斐波短中多头 + 大盘安全,1166,0.2612,0.2335,1.119,0.3062,0.2829,0.0233,L2
2卖,斐波短中多头 + SID等于1,877,0.1756,0.1838,0.955,0.2737,0.2829,-0.0092,L2
2卖,斐波短中多头 + SID等于2,813,0.2012,0.1553,1.296,0.3383,0.2829,0.0553,L2
2卖,斐波短中多头 + SID小于等于2,1294,0.2897,0.2592,1.118,0.306,0.2829,0.0231,L2
2卖,斐波短中多头 + 大盘5日上涨,1261,0.2868,0.2508,1.143,0.3109,0.2829,0.028,L2
2卖,斐波短中多头 + 相对强弱大于0,1396,0.3204,0.2765,1.159,0.3138,0.2829,0.0308,L2
2卖,斐波短中多头 + 相对强弱大于5,909,0.2319,0.1709,1.357,0.3487,0.2829,0.0658,L2
2卖,斐波短中多头 + 量比>=1.3,591,0.1375,0.1163,1.182,0.3181,0.2829,0.0352,L2
2卖,斐波短中多头 + 量比>=2,206,0.0483,0.0404,1.195,0.3204,0.2829,0.0375,L2
2卖,斐波短中多头 + 距前高<=10%,1231,0.286,0.2424,1.18,0.3176,0.2829,0.0347,L2
2卖,斐波短中多头 + 距前低<=10%,68,0.0154,0.0136,1.133,0.3088,0.2829,0.0259,L2
2卖,斐波短中多头 + 相对强弱>=0,1308,0.3065,0.2566,1.195,0.3203,0.2829,0.0374,L2
2卖,斐波短中多头 + 相对强弱>=5,682,0.1865,0.1232,1.514,0.3739,0.2829,0.091,L2
2卖,斐波长多头 + 斐波全多头,154,0.0366,0.03,1.219,0.3247,0.2829,0.0418,L2
2卖,斐波长多头 + 放量,461,0.1053,0.0915,1.151,0.3124,0.2829,0.0295,L2
2卖,斐波长多头 + 缩量,426,0.0929,0.0863,1.077,0.2981,0.2829,0.0152,L2
2卖,斐波长多头 + 量比大于1,483,0.1105,0.0958,1.153,0.3126,0.2829,0.0297,L2
2卖,斐波长多头 + 量比大于1_3,387,0.0907,0.0759,1.195,0.3204,0.2829,0.0375,L2
2卖,斐波长多头 + 量比大于2,155,0.0454,0.0268,1.69,0.4,0.2829,0.1171,L2
2卖,斐波长多头 + 量能递增,418,0.0973,0.0823,1.183,0.3182,0.2829,0.0353,L2
2卖,斐波长多头 + 价涨量增,406,0.0951,0.0797,1.194,0.3202,0.2829,0.0373,L2
2卖,斐波长多头 + 价涨量缩,319,0.0746,0.0626,1.191,0.3197,0.2829,0.0368,L2
2卖,斐波长多头 + MACD_DIF大于0,382,0.0966,0.0722,1.338,0.3455,0.2829,0.0626,L2
2卖,斐波长多头 + MACD金叉态,482,0.1083,0.0964,1.123,0.3071,0.2829,0.0241,L2
2卖,斐波长多头 + MACD柱递增,408,0.1002,0.0782,1.281,0.3358,0.2829,0.0529,L2
2卖,斐波长多头 + MACD零轴上金叉,60,0.0139,0.0118,1.175,0.3167,0.2829,0.0338,L2
2卖,斐波长多头 + BOLL收上中轨,496,0.1141,0.0981,1.163,0.3145,0.2829,0.0316,L2
2卖,斐波长多头 + BOLL突破上轨,189,0.0505,0.0346,1.457,0.3651,0.2829,0.0822,L2
2卖,斐波长多头 + BOLL开口扩张,422,0.1017,0.0817,1.245,0.3294,0.2829,0.0465,L2
2卖,斐波长多头 + KDJ金叉态,473,0.1097,0.0932,1.177,0.3171,0.2829,0.0342,L2
2卖,斐波长多头 + KDJ_J超卖,105,0.0205,0.0222,0.922,0.2667,0.2829,-0.0162,L2
2卖,斐波长多头 + RSI6大于50,502,0.1141,0.0999,1.143,0.3108,0.2829,0.0279,L2
2卖,斐波长多头 + RSI金叉,153,0.038,0.0291,1.305,0.3399,0.2829,0.057,L2
2卖,斐波长多头 + 威科夫得分大于4,467,0.1068,0.0926,1.153,0.3126,0.2829,0.0297,L2
2卖,斐波长多头 + 威科夫得分大于7,387,0.0914,0.0756,1.209,0.323,0.2829,0.0401,L2
2卖,斐波长多头 + 积累阶段,54,0.011,0.0113,0.975,0.2778,0.2829,-0.0051,L2
2卖,斐波长多头 + 量能金叉,156,0.0461,0.0268,1.717,0.4038,0.2829,0.1209,L2
2卖,斐波长多头 + 六脉红灯大于5,469,0.1068,0.0932,1.146,0.3113,0.2829,0.0284,L2
2卖,斐波长多头 + 六脉红灯大于6,452,0.1053,0.0889,1.185,0.3186,0.2829,0.0357,L2
2卖,斐波长多头 + 六脉6红首发,452,0.1053,0.0889,1.185,0.3186,0.2829,0.0357,L2
2卖,斐波长多头 + 六脉5红首发,469,0.1068,0.0932,1.146,0.3113,0.2829,0.0284,L2
2卖,斐波长多头 + 偏多共振,322,0.0783,0.062,1.261,0.3323,0.2829,0.0494,L2
2卖,斐波长多头 + 多头共振,322,0.0783,0.062,1.261,0.3323,0.2829,0.0494,L2
2卖,斐波长多头 + 纳财,61,0.0154,0.0115,1.331,0.3443,0.2829,0.0614,L2
2卖,斐波长多头 + 中枢上穿中轴,137,0.0373,0.0248,1.503,0.3723,0.2829,0.0894,L2
2卖,斐波长多头 + 中枢底部蓄力,56,0.0132,0.011,1.201,0.3214,0.2829,0.0385,L2
2卖,斐波长多头 + 中枢底部回升,65,0.0168,0.0121,1.388,0.3538,0.2829,0.0709,L2
2卖,斐波长多头 + 大盘多头,224,0.0446,0.047,0.949,0.2723,0.2829,-0.0106,L2
2卖,斐波长多头 + 大盘空头,139,0.0439,0.0228,1.925,0.4317,0.2829,0.1487,L2
2卖,斐波长多头 + 大盘安全,431,0.0929,0.0877,1.059,0.2947,0.2829,0.0118,L2
2卖,斐波长多头 + SID等于1,224,0.0446,0.047,0.949,0.2723,0.2829,-0.0106,L2
2卖,斐波长多头 + SID等于2,320,0.0732,0.0635,1.152,0.3125,0.2829,0.0296,L2
2卖,斐波长多头 + SID小于等于2,455,0.098,0.0926,1.058,0.2945,0.2829,0.0116,L2
2卖,斐波长多头 + 大盘5日上涨,474,0.1061,0.0949,1.117,0.3059,0.2829,0.023,L2
2卖,斐波长多头 + 相对强弱大于0,471,0.1075,0.0935,1.15,0.3121,0.2829,0.0292,L2
2卖,斐波长多头 + 相对强弱大于5,255,0.0688,0.0465,1.48,0.3686,0.2829,0.0857,L2
2卖,斐波长多头 + 量比>=1.3,184,0.049,0.0338,1.452,0.3641,0.2829,0.0812,L2
2卖,斐波长多头 + 量比>=2,64,0.0227,0.0095,2.381,0.4844,0.2829,0.2015,L2
2卖,斐波长多头 + 距前高<=10%,236,0.0585,0.045,1.3,0.339,0.2829,0.0561,L2
2卖,斐波长多头 + 距前低<=10%,82,0.0139,0.0182,0.764,0.2317,0.2829,-0.0512,L2
2卖,斐波长多头 + 相对强弱>=0,421,0.0988,0.0825,1.196,0.3207,0.2829,0.0378,L2
2卖,斐波长多头 + 相对强弱>=5,175,0.049,0.0312,1.572,0.3829,0.2829,0.1,L2
2卖,斐波全多头 + 放量,139,0.0315,0.0277,1.135,0.3094,0.2829,0.0264,L2
2卖,斐波全多头 + 缩量,131,0.0293,0.0263,1.114,0.3053,0.2829,0.0224,L2
2卖,斐波全多头 + 量比大于1,150,0.0358,0.0291,1.23,0.3267,0.2829,0.0438,L2
2卖,斐波全多头 + 量比大于1_3,121,0.0285,0.0237,1.206,0.3223,0.2829,0.0394,L2
2卖,斐波全多头 + 量能递增,121,0.0271,0.0242,1.116,0.3058,0.2829,0.0229,L2
2卖,斐波全多头 + 价涨量增,118,0.0256,0.024,1.069,0.2966,0.2829,0.0137,L2
2卖,斐波全多头 + 价涨量缩,97,0.0256,0.0179,1.431,0.3608,0.2829,0.0779,L2
2卖,斐波全多头 + MACD_DIF大于0,154,0.0366,0.03,1.219,0.3247,0.2829,0.0418,L2
2卖,斐波全多头 + MACD金叉态,144,0.0329,0.0286,1.152,0.3125,0.2829,0.0296,L2
2卖,斐波全多头 + MACD柱递增,124,0.0315,0.0234,1.346,0.3468,0.2829,0.0639,L2
2卖,斐波全多头 + BOLL收上中轨,154,0.0366,0.03,1.219,0.3247,0.2829,0.0418,L2
2卖,斐波全多头 + BOLL突破上轨,54,0.0124,0.0107,1.165,0.3148,0.2829,0.0319,L2
2卖,斐波全多头 + BOLL开口扩张,138,0.0322,0.0271,1.186,0.3188,0.2829,0.0359,L2
2卖,斐波全多头 + KDJ金叉态,143,0.0351,0.0274,1.281,0.3357,0.2829,0.0528,L2
2卖,斐波全多头 + RSI6大于50,154,0.0366,0.03,1.219,0.3247,0.2829,0.0418,L2
2卖,斐波全多头 + RSI金叉,60,0.0132,0.0121,1.086,0.3,0.2829,0.0171,L2
2卖,斐波全多头 + 威科夫得分大于4,152,0.0366,0.0294,1.243,0.3289,0.2829,0.046,L2
2卖,斐波全多头 + 威科夫得分大于7,147,0.0344,0.0289,1.191,0.3197,0.2829,0.0368,L2
2卖,斐波全多头 + 六脉红灯大于5,140,0.0337,0.0271,1.24,0.3286,0.2829,0.0457,L2
2卖,斐波全多头 + 六脉红灯大于6,130,0.0322,0.0248,1.297,0.3385,0.2829,0.0556,L2
2卖,斐波全多头 + 六脉6红首发,130,0.0322,0.0248,1.297,0.3385,0.2829,0.0556,L2
2卖,斐波全多头 + 六脉5红首发,140,0.0337,0.0271,1.24,0.3286,0.2829,0.0457,L2
2卖,斐波全多头 + 偏多共振,144,0.0329,0.0286,1.152,0.3125,0.2829,0.0296,L2
2卖,斐波全多头 + 多头共振,144,0.0329,0.0286,1.152,0.3125,0.2829,0.0296,L2
2卖,斐波全多头 + 大盘多头,90,0.0154,0.0199,0.771,0.2333,0.2829,-0.0496,L2
2卖,斐波全多头 + 大盘安全,135,0.03,0.0271,1.106,0.3037,0.2829,0.0208,L2
2卖,斐波全多头 + SID等于1,90,0.0154,0.0199,0.771,0.2333,0.2829,-0.0496,L2
2卖,斐波全多头 + SID等于2,75,0.0212,0.0133,1.598,0.3867,0.2829,0.1038,L2
2卖,斐波全多头 + SID小于等于2,143,0.0322,0.0286,1.127,0.3077,0.2829,0.0248,L2
2卖,斐波全多头 + 大盘5日上涨,145,0.0337,0.0286,1.178,0.3172,0.2829,0.0343,L2
2卖,斐波全多头 + 相对强弱大于0,145,0.0337,0.0286,1.178,0.3172,0.2829,0.0343,L2
2卖,斐波全多头 + 相对强弱大于5,88,0.0241,0.0159,1.521,0.375,0.2829,0.0921,L2
2卖,斐波全多头 + 量比>=1.3,55,0.0139,0.0104,1.338,0.3455,0.2829,0.0625,L2
2卖,斐波全多头 + 距前高<=10%,126,0.0293,0.0248,1.179,0.3175,0.2829,0.0346,L2
2卖,斐波全多头 + 相对强弱>=0,133,0.0315,0.026,1.211,0.3233,0.2829,0.0404,L2
2卖,斐波全多头 + 相对强弱>=5,53,0.0168,0.0087,1.943,0.434,0.2829,0.1511,L2
2卖,MA55上穿MA89 + 放量,122,0.0278,0.0242,1.147,0.3115,0.2829,0.0286,L2
2卖,MA55上穿MA89 + 缩量,100,0.0212,0.0205,1.035,0.29,0.2829,0.0071,L2
2卖,MA55上穿MA89 + 量比大于1,124,0.0285,0.0245,1.163,0.3145,0.2829,0.0316,L2
2卖,MA55上穿MA89 + 量比大于1_3,108,0.0249,0.0214,1.165,0.3148,0.2829,0.0319,L2
2卖,MA55上穿MA89 + 量比大于2,60,0.0132,0.0121,1.086,0.3,0.2829,0.0171,L2
2卖,MA55上穿MA89 + 量能递增,118,0.0278,0.0231,1.204,0.322,0.2829,0.0391,L2
2卖,MA55上穿MA89 + 价涨量增,111,0.0241,0.0225,1.072,0.2973,0.2829,0.0144,L2
2卖,MA55上穿MA89 + 价涨量缩,83,0.0168,0.0173,0.972,0.2771,0.2829,-0.0058,L2
2卖,MA55上穿MA89 + MACD_DIF大于0,125,0.03,0.0242,1.237,0.328,0.2829,0.0451,L2
2卖,MA55上穿MA89 + MACD金叉态,130,0.03,0.0257,1.168,0.3154,0.2829,0.0325,L2
2卖,MA55上穿MA89 + MACD柱递增,111,0.0263,0.0216,1.217,0.3243,0.2829,0.0414,L2
2卖,MA55上穿MA89 + BOLL收上中轨,133,0.0307,0.0263,1.17,0.3158,0.2829,0.0329,L2
2卖,MA55上穿MA89 + BOLL突破上轨,70,0.0183,0.013,1.408,0.3571,0.2829,0.0742,L2
2卖,MA55上穿MA89 + BOLL开口扩张,127,0.0293,0.0251,1.165,0.315,0.2829,0.0321,L2
2卖,MA55上穿MA89 + KDJ金叉态,130,0.0293,0.026,1.127,0.3077,0.2829,0.0248,L2
2卖,MA55上穿MA89 + RSI6大于50,133,0.0307,0.0263,1.17,0.3158,0.2829,0.0329,L2
2卖,MA55上穿MA89 + 威科夫得分大于4,112,0.0234,0.0231,1.014,0.2857,0.2829,0.0028,L2
2卖,MA55上穿MA89 + 威科夫得分大于7,63,0.0132,0.013,1.014,0.2857,0.2829,0.0028,L2
2卖,MA55上穿MA89 + 六脉红灯大于5,129,0.0278,0.0263,1.058,0.2946,0.2829,0.0117,L2
2卖,MA55上穿MA89 + 六脉红灯大于6,123,0.0263,0.0251,1.049,0.2927,0.2829,0.0098,L2
2卖,MA55上穿MA89 + 六脉6红首发,123,0.0263,0.0251,1.049,0.2927,0.2829,0.0098,L2
2卖,MA55上穿MA89 + 六脉5红首发,129,0.0278,0.0263,1.058,0.2946,0.2829,0.0117,L2
2卖,MA55上穿MA89 + 偏多共振,53,0.0139,0.0098,1.416,0.3585,0.2829,0.0756,L2
2卖,MA55上穿MA89 + 多头共振,53,0.0139,0.0098,1.416,0.3585,0.2829,0.0756,L2
2卖,MA55上穿MA89 + 大盘多头,62,0.0095,0.0141,0.672,0.2097,0.2829,-0.0732,L2
2卖,MA55上穿MA89 + 大盘安全,102,0.0212,0.0211,1.007,0.2843,0.2829,0.0014,L2
2卖,MA55上穿MA89 + SID等于1,62,0.0095,0.0141,0.672,0.2097,0.2829,-0.0732,L2
2卖,MA55上穿MA89 + SID等于2,79,0.0176,0.0159,1.106,0.3038,0.2829,0.0209,L2
2卖,MA55上穿MA89 + SID小于等于2,115,0.0241,0.0237,1.02,0.287,0.2829,0.0041,L2
2卖,MA55上穿MA89 + 大盘5日上涨,117,0.0271,0.0231,1.172,0.3162,0.2829,0.0333,L2
2卖,MA55上穿MA89 + 相对强弱大于0,132,0.03,0.0263,1.142,0.3106,0.2829,0.0277,L2
2卖,MA55上穿MA89 + 相对强弱大于5,93,0.0249,0.017,1.461,0.3656,0.2829,0.0827,L2
2卖,MA55上穿MA89 + 距前高<=10%,109,0.0249,0.0216,1.149,0.3119,0.2829,0.029,L2
2卖,MA55上穿MA89 + 相对强弱>=0,129,0.03,0.0254,1.181,0.3178,0.2829,0.0349,L2
2卖,MA55上穿MA89 + 相对强弱>=5,69,0.0205,0.0118,1.731,0.4058,0.2829,0.1229,L2
2卖,放量 + 缩量,3169,0.6533,0.6569,0.995,0.2818,0.2829,-0.0011,L2
2卖,放量 + 量比大于1,4340,0.9122,0.8926,1.022,0.2873,0.2829,0.0044,L2
2卖,放量 + 量比大于1_3,3710,0.7952,0.757,1.05,0.293,0.2829,0.0101,L2
2卖,放量 + 量比大于2,1872,0.4404,0.3665,1.202,0.3216,0.2829,0.0387,L2
2卖,放量 + 量能递增,3980,0.8486,0.8139,1.043,0.2915,0.2829,0.0086,L2
2卖,放量 + 价涨量增,4010,0.8464,0.8234,1.028,0.2885,0.2829,0.0056,L2
2卖,放量 + 价涨量缩,2646,0.5501,0.5466,1.006,0.2842,0.2829,0.0013,L2
2卖,放量 + MACD_DIF大于0,3561,0.7959,0.7137,1.115,0.3055,0.2829,0.0226,L2
2卖,放量 + MACD金叉态,4282,0.8983,0.8814,1.019,0.2868,0.2829,0.0039,L2
2卖,放量 + MACD柱递增,3473,0.752,0.7056,1.066,0.296,0.2829,0.0131,L2
2卖,放量 + MACD零轴上金叉,351,0.0732,0.0724,1.01,0.2849,0.2829,0.002,L2
2卖,放量 + MACD底背离,131,0.0293,0.0263,1.114,0.3053,0.2829,0.0224,L2
2卖,放量 + BOLL收上中轨,4350,0.9188,0.8929,1.029,0.2887,0.2829,0.0058,L2
2卖,放量 + BOLL突破上轨,2199,0.4857,0.443,1.096,0.302,0.2829,0.019,L2
2卖,放量 + BOLL触下轨反弹,214,0.0373,0.047,0.793,0.2383,0.2829,-0.0446,L2
2卖,放量 + BOLL开口扩张,3974,0.853,0.8104,1.053,0.2934,0.2829,0.0105,L2
2卖,放量 + KDJ金叉态,4113,0.8654,0.8456,1.023,0.2876,0.2829,0.0047,L2
2卖,放量 + KDJ_J超卖,904,0.1822,0.189,0.964,0.2754,0.2829,-0.0075,L2
2卖,放量 + KDJ_D小于30,106,0.0263,0.0202,1.304,0.3396,0.2829,0.0567,L2
2卖,放量 + RSI6大于50,4368,0.921,0.8973,1.026,0.2882,0.2829,0.0053,L2
2卖,放量 + RSI金叉,1308,0.2685,0.2716,0.989,0.2806,0.2829,-0.0023,L2
2卖,放量 + RSI6超卖,203,0.0373,0.0439,0.85,0.2512,0.2829,-0.0317,L2
2卖,放量 + RSI底背离,101,0.0219,0.0205,1.071,0.297,0.2829,0.0141,L2
2卖,放量 + 威科夫得分大于4,3094,0.6642,0.6309,1.053,0.2935,0.2829,0.0106,L2
2卖,放量 + 威科夫得分大于7,1834,0.4236,0.3622,1.169,0.3157,0.2829,0.0328,L2
2卖,放量 + 积累阶段,896,0.1287,0.2078,0.62,0.1964,0.2829,-0.0865,L2
2卖,放量 + 威科夫B1突破,177,0.0366,0.0367,0.998,0.2825,0.2829,-0.0004,L2
2卖,放量 + 黄金柱,450,0.0929,0.0932,0.997,0.2822,0.2829,-0.0007,L2
2卖,放量 + 量能金叉,1603,0.3365,0.3299,1.02,0.287,0.2829,0.0041,L2
2卖,放量 + 六脉红灯大于5,4142,0.8734,0.8508,1.027,0.2883,0.2829,0.0054,L2
2卖,放量 + 六脉红灯大于6,3936,0.8274,0.8095,1.022,0.2873,0.2829,0.0044,L2
2卖,放量 + 六脉6红首发,3936,0.8274,0.8095,1.022,0.2873,0.2829,0.0044,L2
2卖,放量 + 六脉5红首发,4142,0.8734,0.8508,1.027,0.2883,0.2829,0.0054,L2
2卖,放量 + 偏多共振,890,0.2246,0.1683,1.335,0.3449,0.2829,0.062,L2
2卖,放量 + 多头共振,888,0.2231,0.1683,1.326,0.3435,0.2829,0.0606,L2
2卖,放量 + 火箭信号,267,0.0651,0.0514,1.267,0.3333,0.2829,0.0504,L2
2卖,放量 + 纳财,464,0.1061,0.0921,1.152,0.3125,0.2829,0.0296,L2
2卖,放量 + 中枢进机会区,274,0.0483,0.06,0.804,0.2409,0.2829,-0.042,L2
2卖,放量 + 中枢极限底,81,0.0198,0.0156,1.267,0.3333,0.2829,0.0504,L2
2卖,放量 + 中枢上穿中轴,991,0.2092,0.2035,1.028,0.2886,0.2829,0.0057,L2
2卖,放量 + 中枢底部蓄力,359,0.0739,0.0745,0.992,0.2813,0.2829,-0.0016,L2
2卖,放量 + 中枢底部回升,448,0.0929,0.0926,1.003,0.2835,0.2829,0.0006,L2
2卖,放量 + 大盘多头,2095,0.425,0.4369,0.973,0.2773,0.2829,-0.0056,L2
2卖,放量 + 大盘空头,1423,0.3109,0.288,1.079,0.2987,0.2829,0.0158,L2
2卖,放量 + 大盘安全,3350,0.7381,0.6756,1.093,0.3012,0.2829,0.0183,L2
2卖,放量 + SID等于1,2095,0.425,0.4369,0.973,0.2773,0.2829,-0.0056,L2
2卖,放量 + SID等于2,2694,0.6174,0.5339,1.156,0.3133,0.2829,0.0304,L2
2卖,放量 + SID小于等于2,3664,0.8069,0.7391,1.092,0.301,0.2829,0.0181,L2
2卖,放量 + 大盘5日上涨,3891,0.8215,0.7988,1.028,0.2886,0.2829,0.0057,L2
2卖,放量 + 相对强弱大于0,4204,0.8983,0.8589,1.046,0.2921,0.2829,0.0092,L2
2卖,放量 + 相对强弱大于5,2630,0.6233,0.5131,1.215,0.324,0.2829,0.041,L2
2卖,放量 + 量比>=1.3,1990,0.4162,0.4101,1.015,0.2859,0.2829,0.003,L2
2卖,放量 + 量比>=2,822,0.18,0.1662,1.083,0.2993,0.2829,0.0164,L2
2卖,放量 + 距前高<=10%,2207,0.5289,0.4283,1.235,0.3276,0.2829,0.0447,L2
2卖,放量 + 距前低<=10%,836,0.1317,0.1893,0.696,0.2153,0.2829,-0.0676,L2
2卖,放量 + 相对强弱>=0,3914,0.8442,0.7965,1.06,0.2948,0.2829,0.0119,L2
2卖,放量 + 相对强弱>=5,2043,0.515,0.3864,1.333,0.3446,0.2829,0.0617,L2
2卖,缩量 + 量比大于1,3374,0.6854,0.7033,0.975,0.2777,0.2829,-0.0052,L2
2卖,缩量 + 量比大于1_3,2602,0.5465,0.5354,1.021,0.2871,0.2829,0.0042,L2
2卖,缩量 + 量比大于2,1063,0.2531,0.2069,1.223,0.3255,0.2829,0.0426,L2
2卖,缩量 + 量能递增,2989,0.6145,0.6202,0.991,0.281,0.2829,-0.0019,L2
2卖,缩量 + 价涨量增,2831,0.5852,0.5861,0.998,0.2826,0.2829,-0.0003,L2
2卖,缩量 + 价涨量缩,2481,0.4938,0.5212,0.947,0.2721,0.2829,-0.0108,L2
2卖,缩量 + MACD_DIF大于0,2887,0.6203,0.5885,1.054,0.2937,0.2829,0.0108,L2
2卖,缩量 + MACD金叉态,3502,0.7008,0.7342,0.955,0.2736,0.2829,-0.0093,L2
2卖,缩量 + MACD柱递增,2620,0.5472,0.5403,1.013,0.2855,0.2829,0.0026,L2
2卖,缩量 + MACD零轴上金叉,263,0.0578,0.0531,1.088,0.3004,0.2829,0.0175,L2
2卖,缩量 + MACD底背离,96,0.019,0.0202,0.941,0.2708,0.2829,-0.0121,L2
2卖,缩量 + BOLL收上中轨,3580,0.7242,0.7475,0.969,0.2765,0.2829,-0.0064,L2
2卖,缩量 + BOLL突破上轨,1369,0.2809,0.2843,0.988,0.2805,0.2829,-0.0024,L2
2卖,缩量 + BOLL触下轨反弹,157,0.0293,0.0338,0.867,0.2548,0.2829,-0.0281,L2
2卖,缩量 + BOLL开口扩张,3131,0.6452,0.6491,0.994,0.2817,0.2829,-0.0012,L2
2卖,缩量 + KDJ金叉态,3361,0.6796,0.7019,0.968,0.2764,0.2829,-0.0065,L2
2卖,缩量 + KDJ_J超卖,744,0.1405,0.1593,0.882,0.2581,0.2829,-0.0248,L2
2卖,缩量 + KDJ_D小于30,96,0.0234,0.0185,1.267,0.3333,0.2829,0.0504,L2
2卖,缩量 + RSI6大于50,3602,0.7271,0.7527,0.966,0.276,0.2829,-0.0069,L2
2卖,缩量 + RSI金叉,1081,0.2217,0.2245,0.987,0.2803,0.2829,-0.0026,L2
2卖,缩量 + RSI6超卖,150,0.0271,0.0326,0.83,0.2467,0.2829,-0.0362,L2
2卖,缩量 + RSI底背离,76,0.0139,0.0165,0.845,0.25,0.2829,-0.0329,L2
2卖,缩量 + 威科夫得分大于4,2459,0.5165,0.5059,1.021,0.2871,0.2829,0.0042,L2
2卖,缩量 + 威科夫得分大于7,1416,0.3197,0.2825,1.131,0.3086,0.2829,0.0257,L2
2卖,缩量 + 积累阶段,798,0.1105,0.1867,0.592,0.1892,0.2829,-0.0937,L2
2卖,缩量 + 威科夫B1突破,92,0.0219,0.0179,1.226,0.3261,0.2829,0.0432,L2
2卖,缩量 + 黄金柱,336,0.0666,0.0707,0.941,0.2708,0.2829,-0.0121,L2
2卖,缩量 + 量能金叉,1045,0.226,0.2124,1.064,0.2957,0.2829,0.0128,L2
2卖,缩量 + 六脉红灯大于5,3366,0.6811,0.7027,0.969,0.2766,0.2829,-0.0063,L2
2卖,缩量 + 六脉红灯大于6,3166,0.6401,0.6612,0.968,0.2764,0.2829,-0.0065,L2
2卖,缩量 + 六脉6红首发,3166,0.6401,0.6612,0.968,0.2764,0.2829,-0.0065,L2
2卖,缩量 + 六脉5红首发,3366,0.6811,0.7027,0.969,0.2766,0.2829,-0.0063,L2
2卖,缩量 + 偏多共振,767,0.1895,0.1466,1.292,0.3377,0.2829,0.0548,L2
2卖,缩量 + 多头共振,765,0.188,0.1466,1.282,0.3359,0.2829,0.053,L2
2卖,缩量 + 火箭信号,76,0.0227,0.013,1.746,0.4079,0.2829,0.125,L2
2卖,缩量 + 纳财,327,0.0695,0.067,1.038,0.2905,0.2829,0.0076,L2
2卖,缩量 + 中枢进机会区,204,0.03,0.047,0.638,0.201,0.2829,-0.0819,L2
2卖,缩量 + 中枢极限底,53,0.0124,0.0104,1.197,0.3208,0.2829,0.0378,L2
2卖,缩量 + 中枢上穿中轴,695,0.1383,0.146,0.947,0.2719,0.2829,-0.011,L2
2卖,缩量 + 中枢底部蓄力,265,0.0549,0.0548,1.001,0.283,0.2829,0.0001,L2
2卖,缩量 + 中枢底部回升,328,0.0666,0.0684,0.973,0.2774,0.2829,-0.0055,L2
2卖,缩量 + 大盘多头,1762,0.3358,0.376,0.893,0.2605,0.2829,-0.0224,L2
2卖,缩量 + 大盘空头,1102,0.2421,0.2225,1.088,0.3004,0.2829,0.0175,L2
2卖,缩量 + 大盘安全,2869,0.6035,0.5899,1.023,0.2876,0.2829,0.0047,L2
2卖,缩量 + SID等于1,1762,0.3358,0.376,0.893,0.2605,0.2829,-0.0224,L2
2卖,缩量 + SID等于2,2246,0.4901,0.4548,1.078,0.2983,0.2829,0.0154,L2
2卖,缩量 + SID小于等于2,3091,0.6503,0.6355,1.023,0.2876,0.2829,0.0047,L2
2卖,缩量 + 大盘5日上涨,3251,0.6606,0.6776,0.975,0.2778,0.2829,-0.0051,L2
2卖,缩量 + 相对强弱大于0,3460,0.7045,0.7206,0.978,0.2783,0.2829,-0.0046,L2
2卖,缩量 + 相对强弱大于5,2027,0.4528,0.4063,1.114,0.3054,0.2829,0.0225,L2
2卖,缩量 + 量比>=1.3,1206,0.2392,0.2537,0.943,0.2711,0.2829,-0.0118,L2
2卖,缩量 + 量比>=2,386,0.09,0.0759,1.185,0.3187,0.2829,0.0357,L2
2卖,缩量 + 距前高<=10%,1727,0.4001,0.3405,1.175,0.3167,0.2829,0.0338,L2
2卖,缩量 + 距前低<=10%,753,0.1214,0.1694,0.717,0.2205,0.2829,-0.0625,L2
2卖,缩量 + 相对强弱>=0,3187,0.6562,0.6609,0.993,0.2815,0.2829,-0.0014,L2
2卖,缩量 + 相对强弱>=5,1503,0.3606,0.2915,1.237,0.328,0.2829,0.0451,L2
2卖,量比大于1 + 量比大于1_3,3758,0.804,0.7674,1.048,0.2924,0.2829,0.0095,L2
2卖,量比大于1 + 量比大于2,1873,0.4411,0.3665,1.204,0.3219,0.2829,0.039,L2
2卖,量比大于1 + 量能递增,4008,0.8522,0.8205,1.039,0.2907,0.2829,0.0078,L2
2卖,量比大于1 + 价涨量增,3987,0.842,0.8185,1.029,0.2887,0.2829,0.0058,L2
2卖,量比大于1 + 价涨量缩,2822,0.5794,0.5859,0.989,0.2807,0.2829,-0.0023,L2
2卖,量比大于1 + MACD_DIF大于0,3724,0.8222,0.7504,1.096,0.3018,0.2829,0.0189,L2
2卖,量比大于1 + MACD金叉态,4479,0.929,0.9261,1.003,0.2835,0.2829,0.0006,L2
2卖,量比大于1 + MACD柱递增,3592,0.7747,0.731,1.06,0.2948,0.2829,0.0119,L2
2卖,量比大于1 + MACD零轴上金叉,353,0.0739,0.0727,1.016,0.2861,0.2829,0.0032,L2
2卖,量比大于1 + MACD底背离,134,0.03,0.0268,1.117,0.306,0.2829,0.0231,L2
2卖,量比大于1 + BOLL收上中轨,4554,0.9532,0.9382,1.016,0.2861,0.2829,0.0032,L2
2卖,量比大于1 + BOLL突破上轨,2224,0.4887,0.4491,1.088,0.3004,0.2829,0.0175,L2
2卖,量比大于1 + BOLL触下轨反弹,217,0.0373,0.0479,0.779,0.235,0.2829,-0.0479,L2
2卖,量比大于1 + BOLL开口扩张,4116,0.8742,0.843,1.037,0.2903,0.2829,0.0074,L2
2卖,量比大于1 + KDJ金叉态,4312,0.8998,0.8895,1.012,0.2853,0.2829,0.0023,L2
2卖,量比大于1 + KDJ_J超卖,933,0.1865,0.1957,0.953,0.2733,0.2829,-0.0096,L2
2卖,量比大于1 + KDJ_D小于30,116,0.0293,0.0219,1.334,0.3448,0.2829,0.0619,L2
2卖,量比大于1 + RSI6大于50,4575,0.9554,0.9434,1.013,0.2855,0.2829,0.0026,L2
2卖,量比大于1 + RSI金叉,1370,0.2802,0.2848,0.984,0.2796,0.2829,-0.0033,L2
2卖,量比大于1 + RSI6超卖,208,0.0388,0.0447,0.867,0.2548,0.2829,-0.0281,L2
2卖,量比大于1 + RSI底背离,102,0.0219,0.0208,1.056,0.2941,0.2829,0.0112,L2
2卖,量比大于1 + 威科夫得分大于4,3174,0.6832,0.6465,1.057,0.2943,0.2829,0.0114,L2
2卖,量比大于1 + 威科夫得分大于7,1867,0.4301,0.3691,1.165,0.3149,0.2829,0.032,L2
2卖,量比大于1 + 积累阶段,980,0.1412,0.2271,0.622,0.1969,0.2829,-0.086,L2
2卖,量比大于1 + 威科夫B1突破,177,0.0366,0.0367,0.998,0.2825,0.2829,-0.0004,L2
2卖,量比大于1 + 黄金柱,454,0.0936,0.0941,0.995,0.2819,0.2829,-0.001,L2
2卖,量比大于1 + 量能金叉,1616,0.3394,0.3325,1.021,0.2871,0.2829,0.0042,L2
2卖,量比大于1 + 六脉红灯大于5,4336,0.9042,0.8947,1.011,0.2851,0.2829,0.0021,L2
2卖,量比大于1 + 六脉红灯大于6,4113,0.8581,0.8485,1.011,0.2852,0.2829,0.0023,L2
2卖,量比大于1 + 六脉6红首发,4113,0.8581,0.8485,1.011,0.2852,0.2829,0.0023,L2
2卖,量比大于1 + 六脉5红首发,4336,0.9042,0.8947,1.011,0.2851,0.2829,0.0021,L2
2卖,量比大于1 + 偏多共振,923,0.2319,0.1749,1.326,0.3434,0.2829,0.0605,L2
2卖,量比大于1 + 多头共振,921,0.2304,0.1749,1.318,0.342,0.2829,0.0591,L2
2卖,量比大于1 + 火箭信号,267,0.0651,0.0514,1.267,0.3333,0.2829,0.0504,L2
2卖,量比大于1 + 纳财,477,0.1075,0.0952,1.129,0.3082,0.2829,0.0253,L2
2卖,量比大于1 + 中枢进机会区,280,0.0497,0.0612,0.813,0.2429,0.2829,-0.04,L2
2卖,量比大于1 + 中枢极限底,81,0.0198,0.0156,1.267,0.3333,0.2829,0.0504,L2
2卖,量比大于1 + 中枢上穿中轴,1019,0.2129,0.2101,1.013,0.2856,0.2829,0.0027,L2
2卖,量比大于1 + 中枢底部蓄力,368,0.0753,0.0765,0.985,0.2799,0.2829,-0.003,L2
2卖,量比大于1 + 中枢底部回升,455,0.0944,0.0941,1.003,0.2835,0.2829,0.0006,L2
2卖,量比大于1 + 大盘多头,2220,0.4404,0.467,0.943,0.2712,0.2829,-0.0117,L2
2卖,量比大于1 + 大盘空头,1458,0.3197,0.2947,1.085,0.2997,0.2829,0.0168,L2
2卖,量比大于1 + 大盘安全,3530,0.7666,0.7163,1.07,0.2969,0.2829,0.014,L2
2卖,量比大于1 + SID等于1,2220,0.4404,0.467,0.943,0.2712,0.2829,-0.0117,L2
2卖,量比大于1 + SID等于2,2831,0.6401,0.5645,1.134,0.3091,0.2829,0.0262,L2
2卖,量比大于1 + SID小于等于2,3857,0.8391,0.7821,1.073,0.2974,0.2829,0.0145,L2
2卖,量比大于1 + 大盘5日上涨,4090,0.8537,0.8436,1.012,0.2853,0.2829,0.0024,L2
2卖,量比大于1 + 相对强弱大于0,4399,0.9298,0.9027,1.03,0.2889,0.2829,0.006,L2
2卖,量比大于1 + 相对强弱大于5,2738,0.6445,0.5359,1.203,0.3218,0.2829,0.0389,L2
2卖,量比大于1 + 量比>=1.3,2006,0.4192,0.4136,1.014,0.2856,0.2829,0.0027,L2
2卖,量比大于1 + 量比>=2,822,0.18,0.1662,1.083,0.2993,0.2829,0.0164,L2
2卖,量比大于1 + 距前高<=10%,2265,0.5399,0.4407,1.225,0.3258,0.2829,0.0429,L2
2卖,量比大于1 + 距前低<=10%,874,0.139,0.1974,0.704,0.2174,0.2829,-0.0655,L2
2卖,量比大于1 + 相对强弱>=0,4093,0.8742,0.8364,1.045,0.292,0.2829,0.0091,L2
2卖,量比大于1 + 相对强弱>=5,2124,0.5311,0.4035,1.316,0.3418,0.2829,0.0589,L2
2卖,量比大于1_3 + 量比大于2,1873,0.4411,0.3665,1.204,0.3219,0.2829,0.039,L2
2卖,量比大于1_3 + 量能递增,3413,0.7396,0.6932,1.067,0.2962,0.2829,0.0133,L2
2卖,量比大于1_3 + 价涨量增,3507,0.7571,0.7134,1.061,0.2951,0.2829,0.0122,L2
2卖,量比大于1_3 + 价涨量缩,2169,0.4572,0.4456,1.026,0.2882,0.2829,0.0052,L2
2卖,量比大于1_3 + MACD_DIF大于0,3033,0.6884,0.6038,1.14,0.3103,0.2829,0.0273,L2
2卖,量比大于1_3 + MACD金叉态,3663,0.7798,0.7495,1.04,0.291,0.2829,0.0081,L2
2卖,量比大于1_3 + MACD柱递增,3075,0.6752,0.6211,1.087,0.3002,0.2829,0.0173,L2
2卖,量比大于1_3 + MACD零轴上金叉,334,0.0688,0.0693,0.993,0.2814,0.2829,-0.0015,L2
2卖,量比大于1_3 + MACD底背离,121,0.0285,0.0237,1.206,0.3223,0.2829,0.0394,L2
2卖,量比大于1_3 + BOLL收上中轨,3733,0.8018,0.761,1.054,0.2936,0.2829,0.0107,L2
2卖,量比大于1_3 + BOLL突破上轨,2004,0.4535,0.3994,1.136,0.3094,0.2829,0.0265,L2
2卖,量比大于1_3 + BOLL触下轨反弹,195,0.0344,0.0427,0.805,0.241,0.2829,-0.0419,L2
2卖,量比大于1_3 + BOLL开口扩张,3403,0.7447,0.6883,1.082,0.2991,0.2829,0.0162,L2
2卖,量比大于1_3 + KDJ金叉态,3531,0.7557,0.7209,1.048,0.2926,0.2829,0.0096,L2
2卖,量比大于1_3 + KDJ_J超卖,797,0.1631,0.1657,0.985,0.2798,0.2829,-0.0031,L2
2卖,量比大于1_3 + KDJ_D小于30,110,0.0285,0.0205,1.392,0.3545,0.2829,0.0716,L2
2卖,量比大于1_3 + RSI6大于50,3749,0.8032,0.7651,1.05,0.2929,0.2829,0.01,L2
2卖,量比大于1_3 + RSI金叉,1170,0.2407,0.2427,0.992,0.2812,0.2829,-0.0017,L2
2卖,量比大于1_3 + RSI6超卖,180,0.0344,0.0384,0.896,0.2611,0.2829,-0.0218,L2
2卖,量比大于1_3 + RSI底背离,93,0.0219,0.0182,1.207,0.3226,0.2829,0.0397,L2
2卖,量比大于1_3 + 威科夫得分大于4,2616,0.5721,0.5293,1.081,0.2989,0.2829,0.016,L2
2卖,量比大于1_3 + 威科夫得分大于7,1540,0.365,0.3004,1.215,0.324,0.2829,0.0411,L2
2卖,量比大于1_3 + 积累阶段,800,0.1207,0.1833,0.659,0.2062,0.2829,-0.0767,L2
2卖,量比大于1_3 + 威科夫B1突破,175,0.0366,0.0361,1.014,0.2857,0.2829,0.0028,L2
2卖,量比大于1_3 + 黄金柱,450,0.0929,0.0932,0.997,0.2822,0.2829,-0.0007,L2
2卖,量比大于1_3 + 量能金叉,1536,0.3204,0.3169,1.011,0.2852,0.2829,0.0023,L2
2卖,量比大于1_3 + 六脉红灯大于5,3559,0.7637,0.7258,1.052,0.2933,0.2829,0.0104,L2
2卖,量比大于1_3 + 六脉红灯大于6,3382,0.7264,0.6895,1.054,0.2936,0.2829,0.0107,L2
2卖,量比大于1_3 + 六脉6红首发,3382,0.7264,0.6895,1.054,0.2936,0.2829,0.0107,L2
2卖,量比大于1_3 + 六脉5红首发,3559,0.7637,0.7258,1.052,0.2933,0.2829,0.0104,L2
2卖,量比大于1_3 + 偏多共振,739,0.188,0.1391,1.352,0.3478,0.2829,0.0649,L2
2卖,量比大于1_3 + 多头共振,738,0.1873,0.1391,1.346,0.3469,0.2829,0.064,L2
2卖,量比大于1_3 + 火箭信号,264,0.0644,0.0508,1.267,0.3333,0.2829,0.0504,L2
2卖,量比大于1_3 + 纳财,437,0.1024,0.0857,1.195,0.3204,0.2829,0.0375,L2
2卖,量比大于1_3 + 中枢进机会区,256,0.0454,0.056,0.81,0.2422,0.2829,-0.0407,L2
2卖,量比大于1_3 + 中枢极限底,74,0.0183,0.0141,1.293,0.3378,0.2829,0.0549,L2
2卖,量比大于1_3 + 中枢上穿中轴,898,0.1946,0.1824,1.067,0.2962,0.2829,0.0133,L2
2卖,量比大于1_3 + 中枢底部蓄力,333,0.0702,0.0684,1.027,0.2883,0.2829,0.0054,L2
2卖,量比大于1_3 + 中枢底部回升,415,0.0878,0.0851,1.031,0.2892,0.2829,0.0063,L2
2卖,量比大于1_3 + 大盘多头,1819,0.3709,0.3786,0.98,0.2787,0.2829,-0.0042,L2
2卖,量比大于1_3 + 大盘空头,1215,0.2721,0.2433,1.119,0.3062,0.2829,0.0233,L2
2卖,量比大于1_3 + 大盘安全,2868,0.6342,0.5775,1.098,0.3023,0.2829,0.0194,L2
2卖,量比大于1_3 + SID等于1,1819,0.3709,0.3786,0.98,0.2787,0.2829,-0.0042,L2
2卖,量比大于1_3 + SID等于2,2302,0.5311,0.4548,1.168,0.3154,0.2829,0.0325,L2
2卖,量比大于1_3 + SID小于等于2,3151,0.6986,0.6338,1.102,0.3031,0.2829,0.0202,L2
2卖,量比大于1_3 + 大盘5日上涨,3338,0.714,0.6817,1.047,0.2924,0.2829,0.0095,L2
2卖,量比大于1_3 + 相对强弱大于0,3595,0.7813,0.7293,1.071,0.2971,0.2829,0.0142,L2
2卖,量比大于1_3 + 相对强弱大于5,2280,0.5545,0.4392,1.262,0.3325,0.2829,0.0496,L2
2卖,量比大于1_3 + 量比>=1.3,2006,0.4192,0.4136,1.014,0.2856,0.2829,0.0027,L2
2卖,量比大于1_3 + 量比>=2,822,0.18,0.1662,1.083,0.2993,0.2829,0.0164,L2
2卖,量比大于1_3 + 距前高<=10%,1878,0.4521,0.3636,1.243,0.3291,0.2829,0.0462,L2
2卖,量比大于1_3 + 距前低<=10%,697,0.1097,0.1579,0.695,0.2152,0.2829,-0.0677,L2
2卖,量比大于1_3 + 相对强弱>=0,3349,0.7374,0.6756,1.091,0.301,0.2829,0.0181,L2
2卖,量比大于1_3 + 相对强弱>=5,1790,0.4609,0.3348,1.377,0.352,0.2829,0.069,L2
2卖,量比大于2 + 量能递增,1831,0.4294,0.359,1.196,0.3206,0.2829,0.0377,L2
2卖,量比大于2 + 价涨量增,1823,0.4323,0.3556,1.216,0.3242,0.2829,0.0413,L2
2卖,量比大于2 + 价涨量缩,1009,0.2341,0.1988,1.177,0.3171,0.2829,0.0342,L2
2卖,量比大于2 + MACD_DIF大于0,1532,0.3782,0.2929,1.291,0.3375,0.2829,0.0546,L2
2卖,量比大于2 + MACD金叉态,1831,0.4287,0.3593,1.193,0.32,0.2829,0.0371,L2
2卖,量比大于2 + MACD柱递增,1633,0.395,0.3154,1.252,0.3307,0.2829,0.0478,L2
2卖,量比大于2 + MACD零轴上金叉,219,0.0446,0.0456,0.979,0.2785,0.2829,-0.0044,L2
2卖,量比大于2 + MACD底背离,75,0.019,0.0141,1.345,0.3467,0.2829,0.0638,L2
2卖,量比大于2 + BOLL收上中轨,1862,0.4396,0.3639,1.208,0.3228,0.2829,0.0399,L2
2卖,量比大于2 + BOLL突破上轨,1269,0.3094,0.2442,1.267,0.3333,0.2829,0.0504,L2
2卖,量比大于2 + BOLL触下轨反弹,121,0.0227,0.026,0.873,0.2562,0.2829,-0.0267,L2
2卖,量比大于2 + BOLL开口扩张,1758,0.4192,0.342,1.226,0.3259,0.2829,0.043,L2
2卖,量比大于2 + KDJ金叉态,1761,0.4119,0.3457,1.191,0.3197,0.2829,0.0368,L2
2卖,量比大于2 + KDJ_J超卖,422,0.0849,0.0883,0.961,0.2749,0.2829,-0.008,L2
2卖,量比大于2 + KDJ_D小于30,77,0.0205,0.0141,1.448,0.3636,0.2829,0.0807,L2
2卖,量比大于2 + RSI6大于50,1867,0.4404,0.3651,1.206,0.3224,0.2829,0.0395,L2
2卖,量比大于2 + RSI金叉,650,0.1405,0.1322,1.063,0.2954,0.2829,0.0125,L2
2卖,量比大于2 + RSI6超卖,77,0.0132,0.017,0.773,0.2338,0.2829,-0.0491,L2
2卖,量比大于2 + RSI底背离,60,0.0154,0.0113,1.365,0.35,0.2829,0.0671,L2
2卖,量比大于2 + 威科夫得分大于4,1259,0.3058,0.2427,1.26,0.332,0.2829,0.0491,L2
2卖,量比大于2 + 威科夫得分大于7,741,0.1953,0.1368,1.428,0.3603,0.2829,0.0774,L2
2卖,量比大于2 + 积累阶段,414,0.0688,0.0924,0.745,0.2271,0.2829,-0.0559,L2
2卖,量比大于2 + 威科夫B1突破,134,0.03,0.0268,1.117,0.306,0.2829,0.0231,L2
2卖,量比大于2 + 黄金柱,334,0.0739,0.0672,1.099,0.3024,0.2829,0.0195,L2
2卖,量比大于2 + 量能金叉,1063,0.2443,0.2104,1.161,0.3142,0.2829,0.0313,L2
2卖,量比大于2 + 六脉红灯大于5,1779,0.417,0.3489,1.195,0.3204,0.2829,0.0375,L2
2卖,量比大于2 + 六脉红灯大于6,1697,0.4001,0.3319,1.206,0.3223,0.2829,0.0394,L2
2卖,量比大于2 + 六脉6红首发,1697,0.4001,0.3319,1.206,0.3223,0.2829,0.0394,L2
2卖,量比大于2 + 六脉5红首发,1779,0.417,0.3489,1.195,0.3204,0.2829,0.0375,L2
2卖,量比大于2 + 偏多共振,315,0.09,0.0554,1.624,0.3905,0.2829,0.1076,L2
2卖,量比大于2 + 多头共振,315,0.09,0.0554,1.624,0.3905,0.2829,0.1076,L2
2卖,量比大于2 + 火箭信号,233,0.0505,0.0473,1.066,0.2961,0.2829,0.0132,L2
2卖,量比大于2 + 纳财,244,0.0585,0.0473,1.236,0.3279,0.2829,0.045,L2
2卖,量比大于2 + 中枢进机会区,141,0.0249,0.0309,0.805,0.2411,0.2829,-0.0418,L2
2卖,量比大于2 + 中枢上穿中轴,588,0.1353,0.1163,1.164,0.3146,0.2829,0.0317,L2
2卖,量比大于2 + 中枢底部蓄力,202,0.049,0.039,1.258,0.3317,0.2829,0.0488,L2
2卖,量比大于2 + 中枢底部回升,251,0.0622,0.0479,1.298,0.3386,0.2829,0.0557,L2
2卖,量比大于2 + 大盘多头,924,0.2151,0.1818,1.183,0.3182,0.2829,0.0353,L2
2卖,量比大于2 + 大盘空头,620,0.1492,0.1201,1.243,0.329,0.2829,0.0461,L2
2卖,量比大于2 + 大盘安全,1385,0.3409,0.2652,1.285,0.3365,0.2829,0.0536,L2
2卖,量比大于2 + SID等于1,924,0.2151,0.1818,1.183,0.3182,0.2829,0.0353,L2
2卖,量比大于2 + SID等于2,1144,0.2846,0.2179,1.306,0.34,0.2829,0.0571,L2
2卖,量比大于2 + SID小于等于2,1547,0.3775,0.2975,1.269,0.3335,0.2829,0.0506,L2
2卖,量比大于2 + 大盘5日上涨,1631,0.3833,0.3195,1.2,0.3213,0.2829,0.0384,L2
2卖,量比大于2 + 相对强弱大于0,1806,0.4338,0.3501,1.239,0.3283,0.2829,0.0454,L2
2卖,量比大于2 + 相对强弱大于5,1261,0.3233,0.2364,1.368,0.3505,0.2829,0.0676,L2
2卖,量比大于2 + 量比>=1.3,1292,0.2882,0.2592,1.112,0.305,0.2829,0.022,L2
2卖,量比大于2 + 量比>=2,822,0.18,0.1662,1.083,0.2993,0.2829,0.0164,L2
2卖,量比大于2 + 距前高<=10%,938,0.2443,0.1743,1.402,0.3561,0.2829,0.0732,L2
2卖,量比大于2 + 距前低<=10%,292,0.0483,0.0652,0.74,0.226,0.2829,-0.0569,L2
2卖,量比大于2 + 相对强弱>=0,1707,0.4119,0.3302,1.247,0.3298,0.2829,0.0469,L2
2卖,量比大于2 + 相对强弱>=5,1021,0.2736,0.1867,1.465,0.3663,0.2829,0.0834,L2
2卖,量能递增 + 价涨量增,3702,0.7901,0.7567,1.044,0.2917,0.2829,0.0088,L2
2卖,量能递增 + 价涨量缩,2599,0.5326,0.54,0.986,0.2801,0.2829,-0.0028,L2
2卖,量能递增 + MACD_DIF大于0,3436,0.7703,0.6877,1.12,0.3065,0.2829,0.0236,L2
2卖,量能递增 + MACD金叉态,4134,0.8683,0.8505,1.021,0.2871,0.2829,0.0042,L2
2卖,量能递增 + MACD柱递增,3348,0.7235,0.6808,1.063,0.2954,0.2829,0.0125,L2
2卖,量能递增 + MACD零轴上金叉,315,0.0666,0.0646,1.03,0.2889,0.2829,0.006,L2
2卖,量能递增 + MACD底背离,128,0.03,0.0251,1.195,0.3203,0.2829,0.0374,L2
2卖,量能递增 + BOLL收上中轨,4186,0.8844,0.8592,1.029,0.2888,0.2829,0.0059,L2
2卖,量能递增 + BOLL突破上轨,2199,0.4857,0.443,1.096,0.302,0.2829,0.019,L2
2卖,量能递增 + BOLL触下轨反弹,210,0.038,0.0456,0.834,0.2476,0.2829,-0.0353,L2
2卖,量能递增 + BOLL开口扩张,3880,0.8339,0.7908,1.055,0.2938,0.2829,0.0109,L2
2卖,量能递增 + KDJ金叉态,3949,0.8369,0.8095,1.034,0.2897,0.2829,0.0068,L2
2卖,量能递增 + KDJ_J超卖,850,0.1726,0.1772,0.974,0.2776,0.2829,-0.0053,L2
2卖,量能递增 + KDJ_D小于30,92,0.0241,0.017,1.418,0.3587,0.2829,0.0758,L2
2卖,量能递增 + RSI6大于50,4195,0.8859,0.8612,1.029,0.2887,0.2829,0.0058,L2
2卖,量能递增 + RSI金叉,1198,0.2509,0.2468,1.017,0.2863,0.2829,0.0034,L2
2卖,量能递增 + RSI6超卖,194,0.038,0.041,0.928,0.268,0.2829,-0.0149,L2
2卖,量能递增 + RSI底背离,99,0.0227,0.0196,1.156,0.3131,0.2829,0.0302,L2
2卖,量能递增 + 威科夫得分大于4,3080,0.6554,0.6303,1.04,0.2909,0.2829,0.008,L2
2卖,量能递增 + 威科夫得分大于7,1867,0.4316,0.3685,1.171,0.316,0.2829,0.0331,L2
2卖,量能递增 + 积累阶段,829,0.1229,0.1908,0.644,0.2027,0.2829,-0.0803,L2
2卖,量能递增 + 威科夫B1突破,171,0.0358,0.0352,1.018,0.2865,0.2829,0.0036,L2
2卖,量能递增 + 黄金柱,410,0.0819,0.086,0.953,0.2732,0.2829,-0.0097,L2
2卖,量能递增 + 量能金叉,1565,0.3321,0.3206,1.036,0.2901,0.2829,0.0072,L2
2卖,量能递增 + 六脉红灯大于5,3974,0.8398,0.8156,1.03,0.2889,0.2829,0.006,L2
2卖,量能递增 + 六脉红灯大于6,3786,0.7981,0.7778,1.026,0.2882,0.2829,0.0053,L2
2卖,量能递增 + 六脉6红首发,3786,0.7981,0.7778,1.026,0.2882,0.2829,0.0053,L2
2卖,量能递增 + 六脉5红首发,3974,0.8398,0.8156,1.03,0.2889,0.2829,0.006,L2
2卖,量能递增 + 偏多共振,835,0.2121,0.1573,1.349,0.3473,0.2829,0.0644,L2
2卖,量能递增 + 多头共振,833,0.2107,0.1573,1.339,0.3457,0.2829,0.0628,L2
2卖,量能递增 + 火箭信号,267,0.0651,0.0514,1.267,0.3333,0.2829,0.0504,L2
2卖,量能递增 + 纳财,440,0.1031,0.0863,1.195,0.3205,0.2829,0.0375,L2
2卖,量能递增 + 中枢进机会区,247,0.0475,0.0525,0.905,0.2632,0.2829,-0.0197,L2
2卖,量能递增 + 中枢极限底,77,0.0198,0.0144,1.369,0.3506,0.2829,0.0677,L2
2卖,量能递增 + 中枢上穿中轴,958,0.199,0.198,1.005,0.2839,0.2829,0.001,L2
2卖,量能递增 + 中枢底部蓄力,330,0.071,0.0672,1.055,0.2939,0.2829,0.011,L2
2卖,量能递增 + 中枢底部回升,415,0.09,0.0843,1.068,0.2964,0.2829,0.0135,L2
2卖,量能递增 + 大盘多头,2009,0.414,0.4165,0.994,0.2817,0.2829,-0.0012,L2
2卖,量能递增 + 大盘空头,1377,0.3007,0.2788,1.078,0.2985,0.2829,0.0156,L2
2卖,量能递增 + 大盘安全,3218,0.7132,0.6473,1.102,0.303,0.2829,0.0201,L2
2卖,量能递增 + SID等于1,2009,0.414,0.4165,0.994,0.2817,0.2829,-0.0012,L2
2卖,量能递增 + SID等于2,2584,0.5911,0.5126,1.153,0.3127,0.2829,0.0298,L2
2卖,量能递增 + SID小于等于2,3513,0.7769,0.7074,1.098,0.3023,0.2829,0.0194,L2
2卖,量能递增 + 大盘5日上涨,3728,0.7901,0.7642,1.034,0.2897,0.2829,0.0068,L2
2卖,量能递增 + 相对强弱大于0,4041,0.8632,0.8257,1.045,0.292,0.2829,0.0091,L2
2卖,量能递增 + 相对强弱大于5,2609,0.6116,0.5117,1.195,0.3204,0.2829,0.0375,L2
2卖,量能递增 + 量比>=1.3,1887,0.3987,0.3873,1.029,0.2888,0.2829,0.0059,L2
2卖,量能递增 + 量比>=2,810,0.1785,0.1633,1.093,0.3012,0.2829,0.0183,L2
2卖,量能递增 + 距前高<=10%,2115,0.5048,0.4113,1.227,0.3262,0.2829,0.0433,L2
2卖,量能递增 + 距前低<=10%,791,0.1287,0.1775,0.725,0.2225,0.2829,-0.0604,L2
2卖,量能递增 + 相对强弱>=0,3801,0.8178,0.7743,1.056,0.2941,0.2829,0.0112,L2
2卖,量能递增 + 相对强弱>=5,2055,0.5055,0.3937,1.284,0.3363,0.2829,0.0533,L2
2卖,价涨量增 + 价涨量缩,2320,0.4806,0.4799,1.001,0.2832,0.2829,0.0003,L2
2卖,价涨量增 + MACD_DIF大于0,3262,0.7279,0.6543,1.113,0.305,0.2829,0.0221,L2
2卖,价涨量增 + MACD金叉态,3925,0.8259,0.8069,1.024,0.2876,0.2829,0.0047,L2
2卖,价涨量增 + MACD柱递增,3261,0.7059,0.6626,1.065,0.2959,0.2829,0.013,L2
2卖,价涨量增 + MACD零轴上金叉,334,0.0695,0.069,1.008,0.2844,0.2829,0.0015,L2
2卖,价涨量增 + MACD底背离,116,0.0278,0.0225,1.235,0.3276,0.2829,0.0447,L2
2卖,价涨量增 + BOLL收上中轨,3989,0.8435,0.8185,1.031,0.289,0.2829,0.0061,L2
2卖,价涨量增 + BOLL突破上轨,2128,0.4726,0.4277,1.105,0.3036,0.2829,0.0207,L2
2卖,价涨量增 + BOLL触下轨反弹,196,0.0366,0.0421,0.868,0.2551,0.2829,-0.0278,L2
2卖,价涨量增 + BOLL开口扩张,3662,0.7864,0.7466,1.053,0.2936,0.2829,0.0106,L2
2卖,价涨量增 + KDJ金叉态,3783,0.7952,0.7781,1.022,0.2873,0.2829,0.0044,L2
2卖,价涨量增 + KDJ_J超卖,783,0.1617,0.1622,0.997,0.2822,0.2829,-0.0007,L2
2卖,价涨量增 + KDJ_D小于30,102,0.0256,0.0193,1.324,0.3431,0.2829,0.0602,L2
2卖,价涨量增 + RSI6大于50,4002,0.8456,0.8214,1.03,0.2889,0.2829,0.0059,L2
2卖,价涨量增 + RSI金叉,1243,0.2553,0.258,0.99,0.2808,0.2829,-0.0021,L2
2卖,价涨量增 + RSI6超卖,157,0.0293,0.0338,0.867,0.2548,0.2829,-0.0281,L2
2卖,价涨量增 + RSI底背离,93,0.0219,0.0182,1.207,0.3226,0.2829,0.0397,L2
2卖,价涨量增 + 威科夫得分大于4,2844,0.6138,0.5786,1.061,0.295,0.2829,0.0121,L2
2卖,价涨量增 + 威科夫得分大于7,1688,0.3936,0.3319,1.186,0.3187,0.2829,0.0358,L2
2卖,价涨量增 + 积累阶段,815,0.1163,0.1893,0.614,0.1951,0.2829,-0.0878,L2
2卖,价涨量增 + 威科夫B1突破,176,0.0366,0.0364,1.006,0.2841,0.2829,0.0012,L2
2卖,价涨量增 + 黄金柱,446,0.0929,0.0921,1.009,0.2848,0.2829,0.0018,L2
2卖,价涨量增 + 量能金叉,1541,0.3263,0.316,1.032,0.2894,0.2829,0.0065,L2
2卖,价涨量增 + 六脉红灯大于5,3813,0.8069,0.7821,1.032,0.2893,0.2829,0.0064,L2
2卖,价涨量增 + 六脉红灯大于6,3629,0.7666,0.7449,1.029,0.2888,0.2829,0.0059,L2
2卖,价涨量增 + 六脉6红首发,3629,0.7666,0.7449,1.029,0.2888,0.2829,0.0059,L2
2卖,价涨量增 + 六脉5红首发,3813,0.8069,0.7821,1.032,0.2893,0.2829,0.0064,L2
2卖,价涨量增 + 偏多共振,795,0.2012,0.1501,1.34,0.3459,0.2829,0.063,L2
2卖,价涨量增 + 多头共振,794,0.2004,0.1501,1.336,0.3451,0.2829,0.0622,L2
2卖,价涨量增 + 火箭信号,262,0.0636,0.0505,1.26,0.3321,0.2829,0.0492,L2
2卖,价涨量增 + 纳财,454,0.1061,0.0892,1.189,0.3194,0.2829,0.0365,L2
2卖,价涨量增 + 中枢进机会区,246,0.0454,0.0531,0.854,0.252,0.2829,-0.0309,L2
2卖,价涨量增 + 中枢极限底,72,0.0176,0.0139,1.267,0.3333,0.2829,0.0504,L2
2卖,价涨量增 + 中枢上穿中轴,934,0.2012,0.1902,1.058,0.2944,0.2829,0.0115,L2
2卖,价涨量增 + 中枢底部蓄力,345,0.0739,0.0704,1.049,0.2928,0.2829,0.0098,L2
2卖,价涨量增 + 中枢底部回升,431,0.0922,0.088,1.047,0.2923,0.2829,0.0094,L2
2卖,价涨量增 + 大盘多头,1907,0.3841,0.3988,0.963,0.2753,0.2829,-0.0076,L2
2卖,价涨量增 + 大盘空头,1322,0.2911,0.2667,1.092,0.3011,0.2829,0.0182,L2
2卖,价涨量增 + 大盘安全,3050,0.6752,0.6139,1.1,0.3026,0.2829,0.0197,L2
2卖,价涨量增 + SID等于1,1907,0.3841,0.3988,0.963,0.2753,0.2829,-0.0076,L2
2卖,价涨量增 + SID等于2,2455,0.5669,0.4848,1.169,0.3157,0.2829,0.0328,L2
2卖,价涨量增 + SID小于等于2,3343,0.7388,0.6733,1.097,0.3021,0.2829,0.0192,L2
2卖,价涨量增 + 大盘5日上涨,3556,0.7527,0.7293,1.032,0.2894,0.2829,0.0065,L2
2卖,价涨量增 + 相对强弱大于0,3854,0.8252,0.7867,1.049,0.2927,0.2829,0.0098,L2
2卖,价涨量增 + 相对强弱大于5,2458,0.5823,0.4797,1.214,0.3238,0.2829,0.0409,L2
2卖,价涨量增 + 量比>=1.3,1918,0.4038,0.3942,1.024,0.2878,0.2829,0.0049,L2
2卖,价涨量增 + 量比>=2,804,0.1763,0.1625,1.085,0.2998,0.2829,0.0168,L2
2卖,价涨量增 + 距前高<=10%,2019,0.4835,0.3919,1.234,0.3274,0.2829,0.0445,L2
2卖,价涨量增 + 距前低<=10%,733,0.1185,0.1648,0.719,0.221,0.2829,-0.0619,L2
2卖,价涨量增 + 相对强弱>=0,3605,0.7791,0.733,1.063,0.2954,0.2829,0.0125,L2
2卖,价涨量增 + 相对强弱>=5,1921,0.4784,0.3657,1.308,0.3404,0.2829,0.0575,L2
2卖,价涨量缩 + MACD_DIF大于0,2510,0.5443,0.5097,1.068,0.2964,0.2829,0.0135,L2
2卖,价涨量缩 + MACD金叉态,2989,0.6042,0.6242,0.968,0.2763,0.2829,-0.0066,L2
2卖,价涨量缩 + MACD柱递增,2245,0.4667,0.4638,1.006,0.2842,0.2829,0.0013,L2
2卖,价涨量缩 + MACD零轴上金叉,197,0.0402,0.041,0.982,0.2792,0.2829,-0.0037,L2
2卖,价涨量缩 + MACD底背离,63,0.011,0.0139,0.792,0.2381,0.2829,-0.0448,L2
2卖,价涨量缩 + BOLL收上中轨,3041,0.6196,0.6332,0.979,0.2785,0.2829,-0.0044,L2
2卖,价涨量缩 + BOLL突破上轨,1280,0.2655,0.2646,1.003,0.2836,0.2829,0.0007,L2
2卖,价涨量缩 + BOLL触下轨反弹,131,0.0234,0.0286,0.819,0.2443,0.2829,-0.0386,L2
2卖,价涨量缩 + BOLL开口扩张,2709,0.5618,0.5602,1.003,0.2835,0.2829,0.0006,L2
2卖,价涨量缩 + KDJ金叉态,2848,0.5779,0.5939,0.973,0.2774,0.2829,-0.0055,L2
2卖,价涨量缩 + KDJ_J超卖,515,0.0995,0.1094,0.91,0.2641,0.2829,-0.0188,L2
2卖,价涨量缩 + KDJ_D小于30,74,0.019,0.0139,1.373,0.3514,0.2829,0.0684,L2
2卖,价涨量缩 + RSI6大于50,3057,0.6211,0.6372,0.975,0.2777,0.2829,-0.0052,L2
2卖,价涨量缩 + RSI金叉,940,0.1968,0.1937,1.016,0.2862,0.2829,0.0033,L2
2卖,价涨量缩 + RSI6超卖,106,0.0212,0.0222,0.955,0.2736,0.2829,-0.0093,L2
2卖,价涨量缩 + RSI底背离,54,0.0102,0.0115,0.887,0.2593,0.2829,-0.0236,L2
2卖,价涨量缩 + 威科夫得分大于4,2134,0.4499,0.4384,1.026,0.2882,0.2829,0.0053,L2
2卖,价涨量缩 + 威科夫得分大于7,1217,0.2729,0.2436,1.12,0.3065,0.2829,0.0236,L2
2卖,价涨量缩 + 积累阶段,618,0.0783,0.1475,0.531,0.1731,0.2829,-0.1098,L2
2卖,价涨量缩 + 威科夫B1突破,97,0.0198,0.0202,0.978,0.2784,0.2829,-0.0046,L2
2卖,价涨量缩 + 黄金柱,248,0.049,0.0522,0.938,0.2702,0.2829,-0.0127,L2
2卖,价涨量缩 + 量能金叉,919,0.188,0.1911,0.984,0.2797,0.2829,-0.0033,L2
2卖,价涨量缩 + 六脉红灯大于5,2867,0.5772,0.5997,0.962,0.2752,0.2829,-0.0077,L2
2卖,价涨量缩 + 六脉红灯大于6,2700,0.5443,0.5645,0.964,0.2756,0.2829,-0.0074,L2
2卖,价涨量缩 + 六脉6红首发,2700,0.5443,0.5645,0.964,0.2756,0.2829,-0.0074,L2
2卖,价涨量缩 + 六脉5红首发,2867,0.5772,0.5997,0.962,0.2752,0.2829,-0.0077,L2
2卖,价涨量缩 + 偏多共振,625,0.1544,0.1195,1.292,0.3376,0.2829,0.0547,L2
2卖,价涨量缩 + 多头共振,623,0.1529,0.1195,1.28,0.3355,0.2829,0.0526,L2
2卖,价涨量缩 + 火箭信号,128,0.03,0.0251,1.195,0.3203,0.2829,0.0374,L2
2卖,价涨量缩 + 纳财,186,0.0344,0.0401,0.857,0.2527,0.2829,-0.0302,L2
2卖,价涨量缩 + 中枢进机会区,131,0.0198,0.03,0.658,0.2061,0.2829,-0.0768,L2
2卖,价涨量缩 + 中枢上穿中轴,637,0.1251,0.1345,0.93,0.2684,0.2829,-0.0145,L2
2卖,价涨量缩 + 中枢底部蓄力,206,0.041,0.0433,0.946,0.2718,0.2829,-0.0111,L2
2卖,价涨量缩 + 中枢底部回升,262,0.0527,0.0548,0.961,0.2748,0.2829,-0.0081,L2
2卖,价涨量缩 + 大盘多头,1515,0.2919,0.3221,0.906,0.2634,0.2829,-0.0195,L2
2卖,价涨量缩 + 大盘空头,907,0.1953,0.1847,1.057,0.2944,0.2829,0.0115,L2
2卖,价涨量缩 + 大盘安全,2408,0.5172,0.4909,1.054,0.2936,0.2829,0.0107,L2
2卖,价涨量缩 + SID等于1,1515,0.2919,0.3221,0.906,0.2634,0.2829,-0.0195,L2
2卖,价涨量缩 + SID等于2,1917,0.4287,0.3841,1.116,0.3057,0.2829,0.0228,L2
2卖,价涨量缩 + SID小于等于2,2605,0.556,0.5325,1.044,0.2917,0.2829,0.0088,L2
2卖,价涨量缩 + 大盘5日上涨,2736,0.5625,0.5677,0.991,0.2811,0.2829,-0.0018,L2
2卖,价涨量缩 + 相对强弱大于0,2936,0.602,0.6098,0.987,0.2803,0.2829,-0.0026,L2
2卖,价涨量缩 + 相对强弱大于5,1833,0.4067,0.3685,1.104,0.3033,0.2829,0.0204,L2
2卖,价涨量缩 + 量比>=1.3,1108,0.226,0.2306,0.98,0.2789,0.2829,-0.004,L2
2卖,价涨量缩 + 量比>=2,457,0.1031,0.0912,1.131,0.3085,0.2829,0.0256,L2
2卖,价涨量缩 + 距前高<=10%,1500,0.3563,0.2924,1.219,0.3247,0.2829,0.0418,L2
2卖,价涨量缩 + 距前低<=10%,563,0.0856,0.1287,0.665,0.2078,0.2829,-0.0751,L2
2卖,价涨量缩 + 相对强弱>=0,2731,0.5618,0.5665,0.992,0.2812,0.2829,-0.0017,L2
2卖,价涨量缩 + 相对强弱>=5,1415,0.3387,0.2747,1.233,0.3272,0.2829,0.0443,L2
2卖,MACD_DIF大于0 + MACD金叉态,3830,0.8376,0.7749,1.081,0.299,0.2829,0.016,L2
2卖,MACD_DIF大于0 + MACD柱递增,2924,0.6715,0.5789,1.16,0.314,0.2829,0.031,L2
2卖,MACD_DIF大于0 + MACD零轴上金叉,357,0.0761,0.073,1.042,0.2913,0.2829,0.0084,L2
2卖,MACD_DIF大于0 + MACD底背离,56,0.0183,0.0089,2.044,0.4464,0.2829,0.1635,L2
2卖,MACD_DIF大于0 + BOLL收上中轨,3928,0.8632,0.7931,1.088,0.3004,0.2829,0.0175,L2
2卖,MACD_DIF大于0 + BOLL突破上轨,2032,0.4623,0.404,1.144,0.311,0.2829,0.0281,L2
2卖,MACD_DIF大于0 + BOLL触下轨反弹,130,0.03,0.0257,1.168,0.3154,0.2829,0.0325,L2
2卖,MACD_DIF大于0 + BOLL开口扩张,3586,0.8054,0.7172,1.123,0.307,0.2829,0.0241,L2
2卖,MACD_DIF大于0 + KDJ金叉态,3650,0.8098,0.7339,1.103,0.3033,0.2829,0.0204,L2
2卖,MACD_DIF大于0 + KDJ_J超卖,782,0.1653,0.1605,1.03,0.289,0.2829,0.0061,L2
2卖,MACD_DIF大于0 + KDJ_D小于30,51,0.0161,0.0084,1.923,0.4314,0.2829,0.1485,L2
2卖,MACD_DIF大于0 + RSI6大于50,3931,0.8654,0.7931,1.091,0.3009,0.2829,0.018,L2
2卖,MACD_DIF大于0 + RSI金叉,1167,0.2487,0.2387,1.042,0.2913,0.2829,0.0084,L2
2卖,MACD_DIF大于0 + RSI6超卖,150,0.0293,0.0317,0.922,0.2667,0.2829,-0.0162,L2
2卖,MACD_DIF大于0 + 威科夫得分大于4,2910,0.6467,0.5847,1.106,0.3038,0.2829,0.0209,L2
2卖,MACD_DIF大于0 + 威科夫得分大于7,1783,0.4228,0.3478,1.216,0.3242,0.2829,0.0413,L2
2卖,MACD_DIF大于0 + 积累阶段,553,0.079,0.1284,0.615,0.1953,0.2829,-0.0876,L2
2卖,MACD_DIF大于0 + 威科夫B1突破,140,0.0278,0.0294,0.944,0.2714,0.2829,-0.0115,L2
2卖,MACD_DIF大于0 + 黄金柱,342,0.0732,0.0698,1.047,0.2924,0.2829,0.0095,L2
2卖,MACD_DIF大于0 + 量能金叉,1344,0.2926,0.2724,1.074,0.2976,0.2829,0.0147,L2
2卖,MACD_DIF大于0 + 六脉红灯大于5,3663,0.8113,0.7371,1.101,0.3028,0.2829,0.0199,L2
2卖,MACD_DIF大于0 + 六脉红灯大于6,3456,0.7674,0.6947,1.105,0.3035,0.2829,0.0206,L2
2卖,MACD_DIF大于0 + 六脉6红首发,3456,0.7674,0.6947,1.105,0.3035,0.2829,0.0206,L2
2卖,MACD_DIF大于0 + 六脉5红首发,3663,0.8113,0.7371,1.101,0.3028,0.2829,0.0199,L2
2卖,MACD_DIF大于0 + 偏多共振,945,0.2377,0.1789,1.329,0.3439,0.2829,0.061,L2
2卖,MACD_DIF大于0 + 多头共振,944,0.237,0.1789,1.325,0.3432,0.2829,0.0603,L2
2卖,MACD_DIF大于0 + 火箭信号,249,0.0614,0.0476,1.29,0.3373,0.2829,0.0544,L2
2卖,MACD_DIF大于0 + 纳财,385,0.0922,0.0747,1.233,0.3273,0.2829,0.0444,L2
2卖,MACD_DIF大于0 + 中枢进机会区,106,0.0241,0.0211,1.146,0.3113,0.2829,0.0284,L2
2卖,MACD_DIF大于0 + 中枢上穿中轴,642,0.1558,0.1238,1.259,0.3318,0.2829,0.0489,L2
2卖,MACD_DIF大于0 + 中枢底部蓄力,83,0.0271,0.0133,2.039,0.4458,0.2829,0.1629,L2
2卖,MACD_DIF大于0 + 中枢底部回升,121,0.0351,0.0211,1.667,0.3967,0.2829,0.1138,L2
2卖,MACD_DIF大于0 + 大盘多头,2137,0.4272,0.4482,0.953,0.2733,0.2829,-0.0096,L2
2卖,MACD_DIF大于0 + 大盘空头,1055,0.2612,0.2014,1.296,0.3384,0.2829,0.0555,L2
2卖,MACD_DIF大于0 + 大盘安全,3161,0.7118,0.6315,1.127,0.3078,0.2829,0.0249,L2
2卖,MACD_DIF大于0 + SID等于1,2137,0.4272,0.4482,0.953,0.2733,0.2829,-0.0096,L2
2卖,MACD_DIF大于0 + SID等于2,2469,0.5838,0.4823,1.21,0.3232,0.2829,0.0403,L2
2卖,MACD_DIF大于0 + SID小于等于2,3426,0.771,0.6846,1.126,0.3076,0.2829,0.0247,L2
2卖,MACD_DIF大于0 + 大盘5日上涨,3505,0.771,0.7074,1.09,0.3007,0.2829,0.0178,L2
2卖,MACD_DIF大于0 + 相对强弱大于0,3802,0.842,0.7651,1.101,0.3027,0.2829,0.0198,L2
2卖,MACD_DIF大于0 + 相对强弱大于5,2545,0.6057,0.4955,1.222,0.3253,0.2829,0.0424,L2
2卖,MACD_DIF大于0 + 量比>=1.3,1609,0.3548,0.3244,1.094,0.3014,0.2829,0.0185,L2
2卖,MACD_DIF大于0 + 量比>=2,654,0.1529,0.1284,1.19,0.3196,0.2829,0.0367,L2
2卖,MACD_DIF大于0 + 距前高<=10%,2275,0.5494,0.4398,1.249,0.3301,0.2829,0.0472,L2
2卖,MACD_DIF大于0 + 距前低<=10%,428,0.0827,0.0909,0.909,0.264,0.2829,-0.0189,L2
2卖,MACD_DIF大于0 + 相对强弱>=0,3580,0.7996,0.7177,1.114,0.3053,0.2829,0.0224,L2
2卖,MACD_DIF大于0 + 相对强弱>=5,2007,0.5033,0.3807,1.322,0.3428,0.2829,0.0599,L2
2卖,MACD金叉态 + MACD柱递增,3641,0.7769,0.7443,1.044,0.2917,0.2829,0.0088,L2
2卖,MACD金叉态 + MACD零轴上金叉,357,0.0761,0.073,1.042,0.2913,0.2829,0.0084,L2
2卖,MACD金叉态 + MACD底背离,127,0.0256,0.0266,0.964,0.2756,0.2829,-0.0073,L2
2卖,MACD金叉态 + BOLL收上中轨,4692,0.97,0.9714,0.999,0.2826,0.2829,-0.0003,L2
2卖,MACD金叉态 + BOLL突破上轨,2255,0.4923,0.4566,1.078,0.2984,0.2829,0.0155,L2
2卖,MACD金叉态 + BOLL触下轨反弹,187,0.0285,0.0427,0.668,0.2086,0.2829,-0.0743,L2
2卖,MACD金叉态 + BOLL开口扩张,4237,0.8903,0.8716,1.021,0.2872,0.2829,0.0043,L2
2卖,MACD金叉态 + KDJ金叉态,4435,0.9188,0.9175,1.001,0.2832,0.2829,0.0003,L2
2卖,MACD金叉态 + KDJ_J超卖,915,0.177,0.1942,0.911,0.2645,0.2829,-0.0184,L2
2卖,MACD金叉态 + KDJ_D小于30,90,0.0227,0.017,1.332,0.3444,0.2829,0.0615,L2
2卖,MACD金叉态 + RSI6大于50,4706,0.9707,0.9752,0.995,0.282,0.2829,-0.0009,L2
2卖,MACD金叉态 + RSI金叉,1322,0.2648,0.2771,0.956,0.2738,0.2829,-0.0091,L2
2卖,MACD金叉态 + RSI6超卖,191,0.0366,0.0407,0.899,0.2618,0.2829,-0.0211,L2
2卖,MACD金叉态 + RSI底背离,93,0.0183,0.0196,0.932,0.2688,0.2829,-0.0141,L2
2卖,MACD金叉态 + 威科夫得分大于4,3273,0.7001,0.6684,1.047,0.2924,0.2829,0.0095,L2
2卖,MACD金叉态 + 威科夫得分大于7,1927,0.4411,0.3821,1.154,0.3129,0.2829,0.03,L2
2卖,MACD金叉态 + 积累阶段,1009,0.1405,0.2358,0.596,0.1903,0.2829,-0.0926,L2
2卖,MACD金叉态 + 威科夫B1突破,177,0.0366,0.0367,0.998,0.2825,0.2829,-0.0004,L2
2卖,MACD金叉态 + 黄金柱,438,0.09,0.0909,0.99,0.2808,0.2829,-0.0021,L2
2卖,MACD金叉态 + 量能金叉,1591,0.3365,0.3264,1.031,0.2891,0.2829,0.0062,L2
2卖,MACD金叉态 + 六脉红灯大于5,4462,0.9232,0.9235,1.0,0.2828,0.2829,-0.0001,L2
2卖,MACD金叉态 + 六脉红灯大于6,4241,0.8771,0.8779,0.999,0.2827,0.2829,-0.0002,L2
2卖,MACD金叉态 + 六脉6红首发,4241,0.8771,0.8779,0.999,0.2827,0.2829,-0.0002,L2
2卖,MACD金叉态 + 六脉5红首发,4462,0.9232,0.9235,1.0,0.2828,0.2829,-0.0001,L2
2卖,MACD金叉态 + 偏多共振,920,0.2312,0.1743,1.326,0.3435,0.2829,0.0606,L2
2卖,MACD金叉态 + 多头共振,918,0.2297,0.1743,1.318,0.342,0.2829,0.0591,L2
2卖,MACD金叉态 + 火箭信号,267,0.0651,0.0514,1.267,0.3333,0.2829,0.0504,L2
2卖,MACD金叉态 + 纳财,474,0.1068,0.0947,1.128,0.308,0.2829,0.0251,L2
2卖,MACD金叉态 + 中枢进机会区,273,0.0483,0.0597,0.808,0.2418,0.2829,-0.0411,L2
2卖,MACD金叉态 + 中枢极限底,79,0.0198,0.015,1.316,0.3418,0.2829,0.0589,L2
2卖,MACD金叉态 + 中枢上穿中轴,1026,0.2099,0.2133,0.984,0.2797,0.2829,-0.0032,L2
2卖,MACD金叉态 + 中枢底部蓄力,369,0.0746,0.0771,0.968,0.2764,0.2829,-0.0065,L2
2卖,MACD金叉态 + 中枢底部回升,455,0.0936,0.0944,0.992,0.2813,0.2829,-0.0016,L2
2卖,MACD金叉态 + 大盘多头,2290,0.4521,0.4825,0.937,0.2699,0.2829,-0.013,L2
2卖,MACD金叉态 + 大盘空头,1485,0.3189,0.3027,1.054,0.2936,0.2829,0.0107,L2
2卖,MACD金叉态 + 大盘安全,3671,0.7901,0.7478,1.057,0.2942,0.2829,0.0113,L2
2卖,MACD金叉态 + SID等于1,2290,0.4521,0.4825,0.937,0.2699,0.2829,-0.013,L2
2卖,MACD金叉态 + SID等于2,2949,0.6591,0.5911,1.115,0.3055,0.2829,0.0226,L2
2卖,MACD金叉态 + SID小于等于2,3997,0.8625,0.8133,1.06,0.295,0.2829,0.0121,L2
2卖,MACD金叉态 + 大盘5日上涨,4224,0.8734,0.8745,0.999,0.2827,0.2829,-0.0002,L2
2卖,MACD金叉态 + 相对强弱大于0,4546,0.9481,0.938,1.011,0.2851,0.2829,0.0022,L2
2卖,MACD金叉态 + 相对强弱大于5,2881,0.6672,0.5683,1.174,0.3166,0.2829,0.0337,L2
2卖,MACD金叉态 + 量比>=1.3,1944,0.4016,0.4026,0.998,0.2824,0.2829,-0.0005,L2
2卖,MACD金叉态 + 量比>=2,793,0.1704,0.1616,1.055,0.2938,0.2829,0.0109,L2
2卖,MACD金叉态 + 距前高<=10%,2291,0.5472,0.4453,1.229,0.3265,0.2829,0.0436,L2
2卖,MACD金叉态 + 距前低<=10%,909,0.1434,0.2058,0.697,0.2156,0.2829,-0.0673,L2
2卖,MACD金叉态 + 相对强弱>=0,4248,0.8939,0.8733,1.024,0.2877,0.2829,0.0048,L2
2卖,MACD金叉态 + 相对强弱>=5,2233,0.5486,0.428,1.282,0.3359,0.2829,0.053,L2
2卖,MACD柱递增 + MACD零轴上金叉,332,0.0717,0.0675,1.062,0.2952,0.2829,0.0123,L2
2卖,MACD柱递增 + MACD底背离,118,0.0271,0.0234,1.158,0.3136,0.2829,0.0307,L2
2卖,MACD柱递增 + BOLL收上中轨,3687,0.7937,0.7509,1.057,0.2943,0.2829,0.0114,L2
2卖,MACD柱递增 + BOLL突破上轨,2054,0.4638,0.4098,1.132,0.3087,0.2829,0.0258,L2
2卖,MACD柱递增 + BOLL触下轨反弹,164,0.0271,0.0367,0.738,0.2256,0.2829,-0.0573,L2
2卖,MACD柱递增 + BOLL开口扩张,3415,0.7462,0.6912,1.08,0.2987,0.2829,0.0158,L2
2卖,MACD柱递增 + KDJ金叉态,3638,0.7754,0.744,1.042,0.2914,0.2829,0.0085,L2
2卖,MACD柱递增 + KDJ_J超卖,541,0.1192,0.1091,1.093,0.3013,0.2829,0.0184,L2
2卖,MACD柱递增 + KDJ_D小于30,105,0.0278,0.0193,1.438,0.3619,0.2829,0.079,L2
2卖,MACD柱递增 + RSI6大于50,3711,0.7966,0.7567,1.053,0.2935,0.2829,0.0105,L2
2卖,MACD柱递增 + RSI金叉,997,0.2034,0.2075,0.98,0.2788,0.2829,-0.0041,L2
2卖,MACD柱递增 + RSI6超卖,126,0.0271,0.0257,1.054,0.2937,0.2829,0.0107,L2
2卖,MACD柱递增 + RSI底背离,90,0.0198,0.0182,1.086,0.3,0.2829,0.0171,L2
2卖,MACD柱递增 + 威科夫得分大于4,2583,0.5684,0.5212,1.091,0.3008,0.2829,0.0179,L2
2卖,MACD柱递增 + 威科夫得分大于7,1555,0.3665,0.3042,1.205,0.3222,0.2829,0.0393,L2
2卖,MACD柱递增 + 积累阶段,782,0.12,0.1784,0.673,0.2097,0.2829,-0.0732,L2
2卖,MACD柱递增 + 威科夫B1突破,159,0.0351,0.032,1.096,0.3019,0.2829,0.019,L2
2卖,MACD柱递增 + 黄金柱,366,0.0812,0.0736,1.103,0.3033,0.2829,0.0204,L2
2卖,MACD柱递增 + 量能金叉,1375,0.2992,0.2788,1.073,0.2975,0.2829,0.0145,L2
2卖,MACD柱递增 + 六脉红灯大于5,3667,0.7864,0.7481,1.051,0.2932,0.2829,0.0102,L2
2卖,MACD柱递增 + 六脉红灯大于6,3577,0.7666,0.7299,1.05,0.293,0.2829,0.0101,L2
2卖,MACD柱递增 + 六脉6红首发,3577,0.7666,0.7299,1.05,0.293,0.2829,0.0101,L2
2卖,MACD柱递增 + 六脉5红首发,3667,0.7864,0.7481,1.051,0.2932,0.2829,0.0102,L2
2卖,MACD柱递增 + 偏多共振,734,0.1953,0.1348,1.449,0.3638,0.2829,0.0809,L2
2卖,MACD柱递增 + 多头共振,733,0.1946,0.1348,1.444,0.3629,0.2829,0.08,L2
2卖,MACD柱递增 + 火箭信号,250,0.0614,0.0479,1.283,0.336,0.2829,0.0531,L2
2卖,MACD柱递增 + 纳财,389,0.0951,0.0747,1.272,0.3342,0.2829,0.0513,L2
2卖,MACD柱递增 + 中枢进机会区,235,0.0454,0.0499,0.908,0.2638,0.2829,-0.0191,L2
2卖,MACD柱递增 + 中枢极限底,66,0.019,0.0115,1.648,0.3939,0.2829,0.111,L2
2卖,MACD柱递增 + 中枢上穿中轴,910,0.1975,0.1847,1.069,0.2967,0.2829,0.0138,L2
2卖,MACD柱递增 + 中枢底部蓄力,357,0.0746,0.0736,1.014,0.2857,0.2829,0.0028,L2
2卖,MACD柱递增 + 中枢底部回升,445,0.0936,0.0915,1.023,0.2876,0.2829,0.0047,L2
2卖,MACD柱递增 + 大盘多头,1780,0.3628,0.3706,0.979,0.2787,0.2829,-0.0043,L2
2卖,MACD柱递增 + 大盘空头,1240,0.2802,0.2473,1.133,0.3089,0.2829,0.026,L2
2卖,MACD柱递增 + 大盘安全,2846,0.6313,0.5723,1.103,0.3032,0.2829,0.0203,L2
2卖,MACD柱递增 + SID等于1,1780,0.3628,0.3706,0.979,0.2787,0.2829,-0.0043,L2
2卖,MACD柱递增 + SID等于2,2260,0.5216,0.4465,1.168,0.3155,0.2829,0.0326,L2
2卖,MACD柱递增 + SID小于等于2,3106,0.6928,0.6231,1.112,0.3049,0.2829,0.022,L2
2卖,MACD柱递增 + 大盘5日上涨,3354,0.7176,0.6848,1.048,0.2925,0.2829,0.0096,L2
2卖,MACD柱递增 + 相对强弱大于0,3575,0.7747,0.7261,1.067,0.2962,0.2829,0.0133,L2
2卖,MACD柱递增 + 相对强弱大于5,2262,0.553,0.4346,1.272,0.3342,0.2829,0.0513,L2
2卖,MACD柱递增 + 量比>=1.3,1645,0.3548,0.3348,1.06,0.2948,0.2829,0.0119,L2
2卖,MACD柱递增 + 量比>=2,700,0.1587,0.1394,1.139,0.31,0.2829,0.0271,L2
2卖,MACD柱递增 + 距前高<=10%,1837,0.4375,0.3576,1.223,0.3255,0.2829,0.0426,L2
2卖,MACD柱递增 + 距前低<=10%,721,0.1156,0.1625,0.711,0.2191,0.2829,-0.0638,L2
2卖,MACD柱递增 + 相对强弱>=0,3347,0.7323,0.6771,1.082,0.2991,0.2829,0.0162,L2
2卖,MACD柱递增 + 相对强弱>=5,1793,0.4579,0.3368,1.36,0.3491,0.2829,0.0662,L2
2卖,MACD零轴上金叉 + BOLL收上中轨,357,0.0761,0.073,1.042,0.2913,0.2829,0.0084,L2
2卖,MACD零轴上金叉 + BOLL突破上轨,180,0.0395,0.0364,1.086,0.3,0.2829,0.0171,L2
2卖,MACD零轴上金叉 + BOLL开口扩张,330,0.0702,0.0675,1.04,0.2909,0.2829,0.008,L2
2卖,MACD零轴上金叉 + KDJ金叉态,348,0.0753,0.0707,1.066,0.296,0.2829,0.0131,L2
2卖,MACD零轴上金叉 + KDJ_J超卖,78,0.0168,0.0159,1.06,0.2949,0.2829,0.012,L2
2卖,MACD零轴上金叉 + RSI6大于50,357,0.0761,0.073,1.042,0.2913,0.2829,0.0084,L2
2卖,MACD零轴上金叉 + RSI金叉,209,0.0388,0.045,0.861,0.2536,0.2829,-0.0293,L2
2卖,MACD零轴上金叉 + 威科夫得分大于4,312,0.068,0.0632,1.076,0.2981,0.2829,0.0152,L2
2卖,MACD零轴上金叉 + 威科夫得分大于7,233,0.0519,0.0468,1.111,0.3047,0.2829,0.0218,L2
2卖,MACD零轴上金叉 + 黄金柱,69,0.0139,0.0144,0.963,0.2754,0.2829,-0.0075,L2
2卖,MACD零轴上金叉 + 量能金叉,161,0.0322,0.0338,0.953,0.2733,0.2829,-0.0096,L2
2卖,MACD零轴上金叉 + 六脉红灯大于5,344,0.0753,0.0696,1.083,0.2994,0.2829,0.0165,L2
2卖,MACD零轴上金叉 + 六脉红灯大于6,333,0.0724,0.0675,1.072,0.2973,0.2829,0.0144,L2
2卖,MACD零轴上金叉 + 六脉6红首发,333,0.0724,0.0675,1.072,0.2973,0.2829,0.0144,L2
2卖,MACD零轴上金叉 + 六脉5红首发,344,0.0753,0.0696,1.083,0.2994,0.2829,0.0165,L2
2卖,MACD零轴上金叉 + 偏多共振,147,0.0373,0.0277,1.347,0.3469,0.2829,0.064,L2
2卖,MACD零轴上金叉 + 多头共振,147,0.0373,0.0277,1.347,0.3469,0.2829,0.064,L2
2卖,MACD零轴上金叉 + 中枢上穿中轴,91,0.0249,0.0165,1.512,0.3736,0.2829,0.0907,L2
2卖,MACD零轴上金叉 + 大盘多头,218,0.041,0.0468,0.876,0.2569,0.2829,-0.026,L2
2卖,MACD零轴上金叉 + 大盘空头,98,0.0249,0.0185,1.347,0.3469,0.2829,0.064,L2
2卖,MACD零轴上金叉 + 大盘安全,273,0.0549,0.0571,0.96,0.2747,0.2829,-0.0082,L2
2卖,MACD零轴上金叉 + SID等于1,218,0.041,0.0468,0.876,0.2569,0.2829,-0.026,L2
2卖,MACD零轴上金叉 + SID等于2,190,0.0402,0.039,1.033,0.2895,0.2829,0.0066,L2
2卖,MACD零轴上金叉 + SID小于等于2,307,0.0636,0.0635,1.002,0.2834,0.2829,0.0005,L2
2卖,MACD零轴上金叉 + 大盘5日上涨,301,0.0629,0.062,1.014,0.2857,0.2829,0.0028,L2
2卖,MACD零轴上金叉 + 相对强弱大于0,343,0.0739,0.0698,1.058,0.2945,0.2829,0.0116,L2
2卖,MACD零轴上金叉 + 相对强弱大于5,168,0.0424,0.0317,1.337,0.3452,0.2829,0.0623,L2
2卖,MACD零轴上金叉 + 量比>=1.3,189,0.0439,0.0372,1.179,0.3175,0.2829,0.0346,L2
2卖,MACD零轴上金叉 + 量比>=2,84,0.0205,0.0162,1.267,0.3333,0.2829,0.0504,L2
2卖,MACD零轴上金叉 + 距前高<=10%,291,0.0629,0.0592,1.063,0.2955,0.2829,0.0126,L2
2卖,MACD零轴上金叉 + 相对强弱>=0,307,0.0688,0.0615,1.119,0.3062,0.2829,0.0233,L2
2卖,MACD零轴上金叉 + 相对强弱>=5,118,0.0337,0.0208,1.619,0.3898,0.2829,0.1069,L2
2卖,MACD底背离 + BOLL收上中轨,125,0.03,0.0242,1.237,0.328,0.2829,0.0451,L2
2卖,MACD底背离 + BOLL触下轨反弹,53,0.0102,0.0113,0.91,0.2642,0.2829,-0.0188,L2
2卖,MACD底背离 + BOLL开口扩张,128,0.03,0.0251,1.195,0.3203,0.2829,0.0374,L2
2卖,MACD底背离 + KDJ金叉态,126,0.0285,0.0251,1.136,0.3095,0.2829,0.0266,L2
2卖,MACD底背离 + KDJ_J超卖,98,0.0219,0.0196,1.118,0.3061,0.2829,0.0232,L2
2卖,MACD底背离 + RSI6大于50,130,0.03,0.0257,1.168,0.3154,0.2829,0.0325,L2
2卖,MACD底背离 + RSI金叉,61,0.0176,0.0107,1.644,0.3934,0.2829,0.1105,L2
2卖,MACD底背离 + RSI6超卖,56,0.0117,0.0115,1.014,0.2857,0.2829,0.0028,L2
2卖,MACD底背离 + RSI底背离,92,0.0212,0.0182,1.167,0.3152,0.2829,0.0323,L2
2卖,MACD底背离 + 威科夫得分大于4,80,0.0219,0.0144,1.521,0.375,0.2829,0.0921,L2
2卖,MACD底背离 + 积累阶段,69,0.0124,0.015,0.829,0.2464,0.2829,-0.0365,L2
2卖,MACD底背离 + 量能金叉,57,0.0154,0.0104,1.479,0.3684,0.2829,0.0855,L2
2卖,MACD底背离 + 六脉红灯大于5,128,0.0293,0.0254,1.152,0.3125,0.2829,0.0296,L2
2卖,MACD底背离 + 六脉红灯大于6,127,0.0285,0.0254,1.123,0.3071,0.2829,0.0242,L2
2卖,MACD底背离 + 六脉6红首发,127,0.0285,0.0254,1.123,0.3071,0.2829,0.0242,L2
2卖,MACD底背离 + 六脉5红首发,128,0.0293,0.0254,1.152,0.3125,0.2829,0.0296,L2
2卖,MACD底背离 + 中枢进机会区,93,0.0212,0.0185,1.149,0.3118,0.2829,0.0289,L2
2卖,MACD底背离 + 大盘空头,74,0.019,0.0139,1.373,0.3514,0.2829,0.0684,L2
2卖,MACD底背离 + 大盘安全,68,0.0161,0.0133,1.212,0.3235,0.2829,0.0406,L2
2卖,MACD底背离 + SID等于2,70,0.0205,0.0121,1.69,0.4,0.2829,0.1171,L2
2卖,MACD底背离 + SID小于等于2,89,0.0219,0.017,1.289,0.3371,0.2829,0.0542,L2
2卖,MACD底背离 + 大盘5日上涨,111,0.0249,0.0222,1.119,0.3063,0.2829,0.0234,L2
2卖,MACD底背离 + 相对强弱大于0,119,0.0293,0.0228,1.283,0.3361,0.2829,0.0532,L2
2卖,MACD底背离 + 相对强弱大于5,51,0.0168,0.0081,2.082,0.451,0.2829,0.1681,L2
2卖,MACD底背离 + 量比>=1.3,78,0.0198,0.0147,1.342,0.3462,0.2829,0.0632,L2
2卖,MACD底背离 + 距前低<=10%,74,0.0117,0.0167,0.699,0.2162,0.2829,-0.0667,L2
2卖,MACD底背离 + 相对强弱>=0,106,0.0278,0.0196,1.416,0.3585,0.2829,0.0756,L2
2卖,BOLL收上中轨 + BOLL突破上轨,2264,0.4945,0.4583,1.079,0.2986,0.2829,0.0157,L2
2卖,BOLL收上中轨 + BOLL触下轨反弹,208,0.0366,0.0456,0.802,0.2404,0.2829,-0.0425,L2
2卖,BOLL收上中轨 + BOLL开口扩张,4304,0.9115,0.8825,1.033,0.2895,0.2829,0.0066,L2
2卖,BOLL收上中轨 + KDJ金叉态,4502,0.9393,0.9287,1.011,0.2852,0.2829,0.0023,L2
2卖,BOLL收上中轨 + KDJ_J超卖,965,0.1902,0.2035,0.935,0.2694,0.2829,-0.0135,L2
2卖,BOLL收上中轨 + KDJ_D小于30,105,0.0278,0.0193,1.438,0.3619,0.2829,0.079,L2
2卖,BOLL收上中轨 + RSI6大于50,4795,0.9963,0.9908,1.006,0.284,0.2829,0.0011,L2
2卖,BOLL收上中轨 + RSI金叉,1397,0.286,0.2903,0.985,0.2799,0.2829,-0.003,L2
2卖,BOLL收上中轨 + RSI6超卖,200,0.0388,0.0424,0.914,0.265,0.2829,-0.0179,L2
2卖,BOLL收上中轨 + RSI底背离,92,0.0219,0.0179,1.226,0.3261,0.2829,0.0432,L2
2卖,BOLL收上中轨 + 威科夫得分大于4,3344,0.714,0.6834,1.045,0.2919,0.2829,0.009,L2
2卖,BOLL收上中轨 + 威科夫得分大于7,1959,0.4514,0.3873,1.165,0.315,0.2829,0.0321,L2
2卖,BOLL收上中轨 + 积累阶段,1013,0.1456,0.2349,0.62,0.1964,0.2829,-0.0865,L2
2卖,BOLL收上中轨 + 威科夫B1突破,177,0.0366,0.0367,0.998,0.2825,0.2829,-0.0004,L2
2卖,BOLL收上中轨 + 黄金柱,451,0.0922,0.0938,0.983,0.2794,0.2829,-0.0035,L2
2卖,BOLL收上中轨 + 量能金叉,1628,0.3424,0.3348,1.023,0.2875,0.2829,0.0046,L2
2卖,BOLL收上中轨 + 六脉红灯大于5,4524,0.9422,0.9339,1.009,0.2847,0.2829,0.0018,L2
2卖,BOLL收上中轨 + 六脉红灯大于6,4292,0.8939,0.886,1.009,0.2847,0.2829,0.0018,L2
2卖,BOLL收上中轨 + 六脉6红首发,4292,0.8939,0.886,1.009,0.2847,0.2829,0.0018,L2
2卖,BOLL收上中轨 + 六脉5红首发,4524,0.9422,0.9339,1.009,0.2847,0.2829,0.0018,L2
2卖,BOLL收上中轨 + 偏多共振,966,0.2421,0.1833,1.321,0.3427,0.2829,0.0597,L2
2卖,BOLL收上中轨 + 多头共振,964,0.2407,0.1833,1.313,0.3413,0.2829,0.0584,L2
2卖,BOLL收上中轨 + 火箭信号,267,0.0651,0.0514,1.267,0.3333,0.2829,0.0504,L2
2卖,BOLL收上中轨 + 纳财,478,0.1083,0.0952,1.137,0.3096,0.2829,0.0267,L2
2卖,BOLL收上中轨 + 中枢进机会区,269,0.0483,0.0586,0.824,0.2454,0.2829,-0.0376,L2
2卖,BOLL收上中轨 + 中枢极限底,79,0.019,0.0153,1.243,0.3291,0.2829,0.0462,L2
2卖,BOLL收上中轨 + 中枢上穿中轴,1044,0.2165,0.2159,1.003,0.2835,0.2829,0.0006,L2
2卖,BOLL收上中轨 + 中枢底部蓄力,354,0.0739,0.073,1.012,0.2853,0.2829,0.0024,L2
2卖,BOLL收上中轨 + 中枢底部回升,443,0.0929,0.0912,1.019,0.2867,0.2829,0.0038,L2
2卖,BOLL收上中轨 + 大盘多头,2342,0.4638,0.4929,0.941,0.2707,0.2829,-0.0122,L2
2卖,BOLL收上中轨 + 大盘空头,1509,0.3299,0.3053,1.081,0.2989,0.2829,0.016,L2
2卖,BOLL收上中轨 + 大盘安全,3721,0.804,0.7567,1.062,0.2954,0.2829,0.0124,L2
2卖,BOLL收上中轨 + SID等于1,2342,0.4638,0.4929,0.941,0.2707,0.2829,-0.0122,L2
2卖,BOLL收上中轨 + SID等于2,2978,0.6701,0.5951,1.126,0.3076,0.2829,0.0247,L2
2卖,BOLL收上中轨 + SID小于等于2,4056,0.8786,0.824,1.066,0.2961,0.2829,0.0132,L2
2卖,BOLL收上中轨 + 大盘5日上涨,4284,0.8917,0.8846,1.008,0.2845,0.2829,0.0016,L2
2卖,BOLL收上中轨 + 相对强弱大于0,4610,0.9693,0.9481,1.022,0.2874,0.2829,0.0045,L2
2卖,BOLL收上中轨 + 相对强弱大于5,2904,0.6715,0.5732,1.172,0.3161,0.2829,0.0332,L2
2卖,BOLL收上中轨 + 量比>=1.3,1988,0.4177,0.4089,1.021,0.2872,0.2829,0.0043,L2
2卖,BOLL收上中轨 + 量比>=2,813,0.1792,0.1639,1.093,0.3014,0.2829,0.0184,L2
2卖,BOLL收上中轨 + 距前高<=10%,2369,0.5662,0.4603,1.23,0.3267,0.2829,0.0438,L2
2卖,BOLL收上中轨 + 距前低<=10%,895,0.1441,0.2014,0.715,0.2201,0.2829,-0.0628,L2
2卖,BOLL收上中轨 + 相对强弱>=0,4297,0.91,0.8811,1.033,0.2895,0.2829,0.0066,L2
2卖,BOLL收上中轨 + 相对强弱>=5,2247,0.5516,0.4309,1.28,0.3356,0.2829,0.0527,L2
2卖,BOLL突破上轨 + BOLL触下轨反弹,64,0.0102,0.0144,0.71,0.2188,0.2829,-0.0642,L2
2卖,BOLL突破上轨 + BOLL开口扩张,2245,0.4923,0.4537,1.085,0.2998,0.2829,0.0169,L2
2卖,BOLL突破上轨 + KDJ金叉态,2211,0.4799,0.4488,1.069,0.2967,0.2829,0.0138,L2
2卖,BOLL突破上轨 + KDJ_J超卖,320,0.0688,0.0652,1.054,0.2938,0.2829,0.0108,L2
2卖,BOLL突破上轨 + RSI6大于50,2264,0.4945,0.4583,1.079,0.2986,0.2829,0.0157,L2
2卖,BOLL突破上轨 + RSI金叉,508,0.1075,0.1042,1.032,0.2894,0.2829,0.0065,L2
2卖,BOLL突破上轨 + 威科夫得分大于4,1735,0.376,0.3524,1.067,0.2963,0.2829,0.0133,L2
2卖,BOLL突破上轨 + 威科夫得分大于7,1100,0.2538,0.2173,1.168,0.3155,0.2829,0.0325,L2
2卖,BOLL突破上轨 + 积累阶段,332,0.0497,0.0762,0.653,0.2048,0.2829,-0.0781,L2
2卖,BOLL突破上轨 + 威科夫B1突破,150,0.0293,0.0317,0.922,0.2667,0.2829,-0.0162,L2
2卖,BOLL突破上轨 + 黄金柱,207,0.0439,0.0424,1.035,0.2899,0.2829,0.0069,L2
2卖,BOLL突破上轨 + 量能金叉,961,0.2048,0.1965,1.042,0.2914,0.2829,0.0085,L2
2卖,BOLL突破上轨 + 六脉红灯大于5,2226,0.4843,0.4514,1.073,0.2974,0.2829,0.0145,L2
2卖,BOLL突破上轨 + 六脉红灯大于6,2176,0.4733,0.4413,1.073,0.2973,0.2829,0.0144,L2
2卖,BOLL突破上轨 + 六脉6红首发,2176,0.4733,0.4413,1.073,0.2973,0.2829,0.0144,L2
2卖,BOLL突破上轨 + 六脉5红首发,2226,0.4843,0.4514,1.073,0.2974,0.2829,0.0145,L2
2卖,BOLL突破上轨 + 偏多共振,455,0.1163,0.0854,1.362,0.3495,0.2829,0.0665,L2
2卖,BOLL突破上轨 + 多头共振,455,0.1163,0.0854,1.362,0.3495,0.2829,0.0665,L2
2卖,BOLL突破上轨 + 火箭信号,243,0.06,0.0465,1.291,0.3374,0.2829,0.0545,L2
2卖,BOLL突破上轨 + 纳财,310,0.0717,0.0612,1.172,0.3161,0.2829,0.0332,L2
2卖,BOLL突破上轨 + 中枢进机会区,66,0.0176,0.0121,1.448,0.3636,0.2829,0.0807,L2
2卖,BOLL突破上轨 + 中枢上穿中轴,551,0.1185,0.1123,1.056,0.294,0.2829,0.0111,L2
2卖,BOLL突破上轨 + 中枢底部蓄力,131,0.0344,0.0242,1.418,0.3588,0.2829,0.0759,L2
2卖,BOLL突破上轨 + 中枢底部回升,170,0.0446,0.0315,1.419,0.3588,0.2829,0.0759,L2
2卖,BOLL突破上轨 + 大盘多头,1195,0.2524,0.2453,1.029,0.2887,0.2829,0.0058,L2
2卖,BOLL突破上轨 + 大盘空头,646,0.1492,0.1276,1.17,0.3158,0.2829,0.0329,L2
2卖,BOLL突破上轨 + 大盘安全,1783,0.406,0.3544,1.146,0.3113,0.2829,0.0284,L2
2卖,BOLL突破上轨 + SID等于1,1195,0.2524,0.2453,1.029,0.2887,0.2829,0.0058,L2
2卖,BOLL突破上轨 + SID等于2,1374,0.3263,0.2678,1.218,0.3246,0.2829,0.0417,L2
2卖,BOLL突破上轨 + SID小于等于2,1943,0.4448,0.3853,1.154,0.3129,0.2829,0.03,L2
2卖,BOLL突破上轨 + 大盘5日上涨,2014,0.4404,0.4075,1.081,0.2989,0.2829,0.016,L2
2卖,BOLL突破上轨 + 相对强弱大于0,2209,0.4872,0.4453,1.094,0.3015,0.2829,0.0186,L2
2卖,BOLL突破上轨 + 相对强弱大于5,1671,0.3972,0.3255,1.22,0.325,0.2829,0.042,L2
2卖,BOLL突破上轨 + 量比>=1.3,1120,0.2451,0.2266,1.082,0.2991,0.2829,0.0162,L2
2卖,BOLL突破上轨 + 量比>=2,532,0.1178,0.1071,1.1,0.3026,0.2829,0.0197,L2
2卖,BOLL突破上轨 + 距前高<=10%,1239,0.3014,0.2387,1.263,0.3325,0.2829,0.0496,L2
2卖,BOLL突破上轨 + 距前低<=10%,288,0.0439,0.0658,0.667,0.2083,0.2829,-0.0746,L2
2卖,BOLL突破上轨 + 相对强弱>=0,2130,0.4726,0.4283,1.103,0.3033,0.2829,0.0204,L2
2卖,BOLL突破上轨 + 相对强弱>=5,1426,0.3504,0.2733,1.282,0.3359,0.2829,0.053,L2
2卖,BOLL触下轨反弹 + BOLL开口扩张,194,0.0366,0.0416,0.88,0.2577,0.2829,-0.0252,L2
2卖,BOLL触下轨反弹 + KDJ金叉态,195,0.0329,0.0433,0.76,0.2308,0.2829,-0.0521,L2
2卖,BOLL触下轨反弹 + KDJ_J超卖,109,0.0227,0.0225,1.007,0.2844,0.2829,0.0015,L2
2卖,BOLL触下轨反弹 + RSI6大于50,216,0.038,0.0473,0.804,0.2407,0.2829,-0.0422,L2
2卖,BOLL触下轨反弹 + RSI金叉,145,0.0293,0.0303,0.966,0.2759,0.2829,-0.007,L2
2卖,BOLL触下轨反弹 + RSI底背离,51,0.0095,0.011,0.867,0.2549,0.2829,-0.028,L2
2卖,BOLL触下轨反弹 + 威科夫得分大于4,137,0.0263,0.0291,0.903,0.2628,0.2829,-0.0201,L2
2卖,BOLL触下轨反弹 + 威科夫得分大于7,68,0.0183,0.0124,1.474,0.3676,0.2829,0.0847,L2
2卖,BOLL触下轨反弹 + 积累阶段,75,0.0095,0.0179,0.531,0.1733,0.2829,-0.1096,L2
2卖,BOLL触下轨反弹 + 量能金叉,108,0.0183,0.024,0.763,0.2315,0.2829,-0.0514,L2
2卖,BOLL触下轨反弹 + 六脉红灯大于5,192,0.0337,0.0421,0.799,0.2396,0.2829,-0.0433,L2
2卖,BOLL触下轨反弹 + 六脉红灯大于6,177,0.0285,0.0398,0.716,0.2203,0.2829,-0.0626,L2
2卖,BOLL触下轨反弹 + 六脉6红首发,177,0.0285,0.0398,0.716,0.2203,0.2829,-0.0626,L2
2卖,BOLL触下轨反弹 + 六脉5红首发,192,0.0337,0.0421,0.799,0.2396,0.2829,-0.0433,L2
2卖,BOLL触下轨反弹 + 中枢进机会区,64,0.0066,0.0159,0.415,0.1406,0.2829,-0.1423,L2
2卖,BOLL触下轨反弹 + 中枢上穿中轴,74,0.0168,0.0147,1.143,0.3108,0.2829,0.0279,L2
2卖,BOLL触下轨反弹 + 中枢底部回升,56,0.011,0.0118,0.927,0.2679,0.2829,-0.015,L2
2卖,BOLL触下轨反弹 + 大盘多头,73,0.0146,0.0153,0.957,0.274,0.2829,-0.0089,L2
2卖,BOLL触下轨反弹 + 大盘空头,108,0.0168,0.0245,0.686,0.213,0.2829,-0.0699,L2
2卖,BOLL触下轨反弹 + 大盘安全,115,0.0219,0.0245,0.895,0.2609,0.2829,-0.022,L2
2卖,BOLL触下轨反弹 + SID等于1,73,0.0146,0.0153,0.957,0.274,0.2829,-0.0089,L2
2卖,BOLL触下轨反弹 + SID等于2,113,0.0234,0.0234,1.001,0.2832,0.2829,0.0003,L2
2卖,BOLL触下轨反弹 + SID小于等于2,145,0.0293,0.0303,0.966,0.2759,0.2829,-0.007,L2
2卖,BOLL触下轨反弹 + 大盘5日上涨,174,0.0285,0.039,0.732,0.2241,0.2829,-0.0588,L2
2卖,BOLL触下轨反弹 + 相对强弱大于0,194,0.0351,0.0421,0.833,0.2474,0.2829,-0.0355,L2
2卖,BOLL触下轨反弹 + 相对强弱大于5,73,0.0168,0.0144,1.166,0.3151,0.2829,0.0322,L2
2卖,BOLL触下轨反弹 + 量比>=1.3,141,0.0234,0.0315,0.744,0.227,0.2829,-0.056,L2
2卖,BOLL触下轨反弹 + 量比>=2,76,0.0132,0.0167,0.787,0.2368,0.2829,-0.0461,L2
2卖,BOLL触下轨反弹 + 距前高<=10%,101,0.0234,0.0199,1.176,0.3168,0.2829,0.0339,L2
2卖,BOLL触下轨反弹 + 距前低<=10%,81,0.0102,0.0193,0.53,0.1728,0.2829,-0.1101,L2
2卖,BOLL触下轨反弹 + 相对强弱>=0,172,0.0293,0.0381,0.768,0.2326,0.2829,-0.0503,L2
2卖,BOLL开口扩张 + KDJ金叉态,4088,0.8669,0.8378,1.035,0.2899,0.2829,0.007,L2
2卖,BOLL开口扩张 + KDJ_J超卖,866,0.1726,0.1818,0.95,0.2725,0.2829,-0.0104,L2
2卖,BOLL开口扩张 + KDJ_D小于30,88,0.0227,0.0165,1.379,0.3523,0.2829,0.0694,L2
2卖,BOLL开口扩张 + RSI6大于50,4312,0.9129,0.8843,1.032,0.2894,0.2829,0.0065,L2
2卖,BOLL开口扩张 + RSI金叉,1190,0.2495,0.245,1.018,0.2866,0.2829,0.0036,L2
2卖,BOLL开口扩张 + RSI6超卖,197,0.038,0.0418,0.909,0.264,0.2829,-0.0189,L2
2卖,BOLL开口扩张 + RSI底背离,96,0.0219,0.019,1.152,0.3125,0.2829,0.0296,L2
2卖,BOLL开口扩张 + 威科夫得分大于4,3062,0.6628,0.6222,1.065,0.2959,0.2829,0.013,L2
2卖,BOLL开口扩张 + 威科夫得分大于7,1840,0.4265,0.3628,1.176,0.3168,0.2829,0.0339,L2
2卖,BOLL开口扩张 + 积累阶段,862,0.1266,0.1988,0.636,0.2007,0.2829,-0.0822,L2
2卖,BOLL开口扩张 + 威科夫B1突破,174,0.0366,0.0358,1.022,0.2874,0.2829,0.0045,L2
2卖,BOLL开口扩张 + 黄金柱,405,0.0856,0.0831,1.03,0.2889,0.2829,0.006,L2
2卖,BOLL开口扩张 + 量能金叉,1515,0.3204,0.3108,1.031,0.2891,0.2829,0.0062,L2
2卖,BOLL开口扩张 + 六脉红灯大于5,4134,0.8727,0.8488,1.028,0.2886,0.2829,0.0057,L2
2卖,BOLL开口扩张 + 六脉红灯大于6,3942,0.8325,0.8092,1.029,0.2887,0.2829,0.0058,L2
2卖,BOLL开口扩张 + 六脉6红首发,3942,0.8325,0.8092,1.029,0.2887,0.2829,0.0058,L2
2卖,BOLL开口扩张 + 六脉5红首发,4134,0.8727,0.8488,1.028,0.2886,0.2829,0.0057,L2
2卖,BOLL开口扩张 + 偏多共振,867,0.2209,0.1631,1.355,0.3483,0.2829,0.0654,L2
2卖,BOLL开口扩张 + 多头共振,865,0.2195,0.1631,1.346,0.3468,0.2829,0.0639,L2
2卖,BOLL开口扩张 + 火箭信号,264,0.0644,0.0508,1.267,0.3333,0.2829,0.0504,L2
2卖,BOLL开口扩张 + 纳财,452,0.1017,0.0903,1.126,0.3075,0.2829,0.0246,L2
2卖,BOLL开口扩张 + 中枢进机会区,245,0.0468,0.0522,0.896,0.2612,0.2829,-0.0217,L2
2卖,BOLL开口扩张 + 中枢极限底,77,0.019,0.0147,1.292,0.3377,0.2829,0.0548,L2
2卖,BOLL开口扩张 + 中枢上穿中轴,973,0.2048,0.2,1.024,0.2878,0.2829,0.0049,L2
2卖,BOLL开口扩张 + 中枢底部蓄力,291,0.0636,0.0589,1.081,0.299,0.2829,0.0161,L2
2卖,BOLL开口扩张 + 中枢底部回升,374,0.0812,0.0759,1.07,0.2968,0.2829,0.0139,L2
2卖,BOLL开口扩张 + 大盘多头,2120,0.4323,0.4413,0.98,0.2788,0.2829,-0.0041,L2
2卖,BOLL开口扩张 + 大盘空头,1363,0.3029,0.2739,1.106,0.3037,0.2829,0.0208,L2
2卖,BOLL开口扩张 + 大盘安全,3334,0.7352,0.6722,1.094,0.3014,0.2829,0.0185,L2
2卖,BOLL开口扩张 + SID等于1,2120,0.4323,0.4413,0.98,0.2788,0.2829,-0.0041,L2
2卖,BOLL开口扩张 + SID等于2,2656,0.613,0.5247,1.168,0.3155,0.2829,0.0326,L2
2卖,BOLL开口扩张 + SID小于等于2,3638,0.8054,0.7322,1.1,0.3026,0.2829,0.0197,L2
2卖,BOLL开口扩张 + 大盘5日上涨,3841,0.8149,0.787,1.035,0.29,0.2829,0.0071,L2
2卖,BOLL开口扩张 + 相对强弱大于0,4155,0.8881,0.8488,1.046,0.2922,0.2829,0.0093,L2
2卖,BOLL开口扩张 + 相对强弱大于5,2707,0.6379,0.5296,1.205,0.3221,0.2829,0.0392,L2
2卖,BOLL开口扩张 + 量比>=1.3,1830,0.3877,0.3752,1.033,0.2896,0.2829,0.0067,L2
2卖,BOLL开口扩张 + 量比>=2,763,0.1704,0.153,1.114,0.3054,0.2829,0.0225,L2
2卖,BOLL开口扩张 + 距前高<=10%,2195,0.5311,0.424,1.253,0.3308,0.2829,0.0478,L2
2卖,BOLL开口扩张 + 距前低<=10%,800,0.1273,0.1807,0.705,0.2175,0.2829,-0.0654,L2
2卖,BOLL开口扩张 + 相对强弱>=0,3891,0.8369,0.7928,1.056,0.294,0.2829,0.0111,L2
2卖,BOLL开口扩张 + 相对强弱>=5,2122,0.5296,0.4035,1.313,0.3412,0.2829,0.0583,L2
2卖,KDJ金叉态 + KDJ_J超卖,783,0.158,0.1636,0.966,0.2759,0.2829,-0.007,L2
2卖,KDJ金叉态 + KDJ_D小于30,111,0.0285,0.0208,1.373,0.3514,0.2829,0.0684,L2
2卖,KDJ金叉态 + RSI6大于50,4523,0.9415,0.9339,1.008,0.2845,0.2829,0.0016,L2
2卖,KDJ金叉态 + RSI金叉,1247,0.2538,0.2597,0.977,0.2783,0.2829,-0.0046,L2
2卖,KDJ金叉态 + RSI6超卖,168,0.0322,0.0358,0.899,0.2619,0.2829,-0.021,L2
2卖,KDJ金叉态 + RSI底背离,93,0.0198,0.019,1.037,0.2903,0.2829,0.0074,L2
2卖,KDJ金叉态 + 威科夫得分大于4,3133,0.6708,0.6395,1.049,0.2927,0.2829,0.0098,L2
2卖,KDJ金叉态 + 威科夫得分大于7,1837,0.4301,0.3605,1.193,0.3201,0.2829,0.0372,L2
2卖,KDJ金叉态 + 积累阶段,963,0.1375,0.2237,0.615,0.1952,0.2829,-0.0877,L2
2卖,KDJ金叉态 + 威科夫B1突破,176,0.0366,0.0364,1.006,0.2841,0.2829,0.0012,L2
2卖,KDJ金叉态 + 黄金柱,406,0.0849,0.0837,1.014,0.2857,0.2829,0.0028,L2
2卖,KDJ金叉态 + 量能金叉,1538,0.3211,0.3172,1.013,0.2854,0.2829,0.0025,L2
2卖,KDJ金叉态 + 六脉红灯大于5,4458,0.9247,0.9218,1.003,0.2835,0.2829,0.0006,L2
2卖,KDJ金叉态 + 六脉红灯大于6,4299,0.8932,0.8883,1.005,0.284,0.2829,0.0011,L2
2卖,KDJ金叉态 + 六脉6红首发,4299,0.8932,0.8883,1.005,0.284,0.2829,0.0011,L2
2卖,KDJ金叉态 + 六脉5红首发,4458,0.9247,0.9218,1.003,0.2835,0.2829,0.0006,L2
2卖,KDJ金叉态 + 偏多共振,877,0.2297,0.1625,1.414,0.358,0.2829,0.0751,L2
2卖,KDJ金叉态 + 多头共振,875,0.2282,0.1625,1.405,0.3566,0.2829,0.0737,L2
2卖,KDJ金叉态 + 火箭信号,265,0.0651,0.0508,1.282,0.3358,0.2829,0.0529,L2
2卖,KDJ金叉态 + 纳财,464,0.1046,0.0926,1.129,0.3082,0.2829,0.0253,L2
2卖,KDJ金叉态 + 中枢进机会区,257,0.0446,0.0566,0.789,0.2374,0.2829,-0.0456,L2
2卖,KDJ金叉态 + 中枢极限底,72,0.019,0.0133,1.433,0.3611,0.2829,0.0782,L2
2卖,KDJ金叉态 + 中枢上穿中轴,1012,0.2114,0.2087,1.013,0.2856,0.2829,0.0027,L2
2卖,KDJ金叉态 + 中枢底部蓄力,364,0.0739,0.0759,0.973,0.2775,0.2829,-0.0054,L2
2卖,KDJ金叉态 + 中枢底部回升,450,0.0929,0.0932,0.997,0.2822,0.2829,-0.0007,L2
2卖,KDJ金叉态 + 大盘多头,2201,0.4345,0.4638,0.937,0.2699,0.2829,-0.013,L2
2卖,KDJ金叉态 + 大盘空头,1456,0.3175,0.2949,1.076,0.2981,0.2829,0.0152,L2
2卖,KDJ金叉态 + 大盘安全,3504,0.7549,0.7134,1.058,0.2945,0.2829,0.0116,L2
2卖,KDJ金叉态 + SID等于1,2201,0.4345,0.4638,0.937,0.2699,0.2829,-0.013,L2
2卖,KDJ金叉态 + SID等于2,2807,0.6335,0.5602,1.131,0.3085,0.2829,0.0256,L2
2卖,KDJ金叉态 + SID小于等于2,3815,0.8281,0.7743,1.069,0.2967,0.2829,0.0138,L2
2卖,KDJ金叉态 + 大盘5日上涨,4072,0.8449,0.8418,1.004,0.2836,0.2829,0.0007,L2
2卖,KDJ金叉态 + 相对强弱大于0,4351,0.9159,0.8944,1.024,0.2877,0.2829,0.0048,L2
2卖,KDJ金叉态 + 相对强弱大于5,2760,0.6416,0.5434,1.181,0.3178,0.2829,0.0348,L2
2卖,KDJ金叉态 + 量比>=1.3,1877,0.3936,0.3864,1.018,0.2866,0.2829,0.0037,L2
2卖,KDJ金叉态 + 量比>=2,774,0.1697,0.1564,1.085,0.2997,0.2829,0.0168,L2
2卖,KDJ金叉态 + 距前高<=10%,2201,0.5274,0.4271,1.235,0.3276,0.2829,0.0447,L2
2卖,KDJ金叉态 + 距前低<=10%,872,0.1353,0.1983,0.683,0.2122,0.2829,-0.0707,L2
2卖,KDJ金叉态 + 相对强弱>=0,4068,0.8632,0.8335,1.036,0.2901,0.2829,0.0072,L2
2卖,KDJ金叉态 + 相对强弱>=5,2156,0.5318,0.4124,1.29,0.3372,0.2829,0.0543,L2
2卖,KDJ_J超卖 + RSI6大于50,969,0.1924,0.2038,0.944,0.2714,0.2829,-0.0115,L2
2卖,KDJ_J超卖 + RSI金叉,388,0.0885,0.0771,1.149,0.3119,0.2829,0.029,L2
2卖,KDJ_J超卖 + RSI6超卖,188,0.0373,0.0395,0.944,0.2713,0.2829,-0.0116,L2
2卖,KDJ_J超卖 + RSI底背离,75,0.0176,0.0147,1.193,0.32,0.2829,0.0371,L2
2卖,KDJ_J超卖 + 威科夫得分大于4,646,0.1309,0.1348,0.972,0.2771,0.2829,-0.0058,L2
2卖,KDJ_J超卖 + 威科夫得分大于7,361,0.0797,0.0727,1.096,0.3019,0.2829,0.019,L2
2卖,KDJ_J超卖 + 积累阶段,311,0.0432,0.0727,0.593,0.1897,0.2829,-0.0932,L2
2卖,KDJ_J超卖 + 黄金柱,119,0.0241,0.0248,0.973,0.2773,0.2829,-0.0056,L2
2卖,KDJ_J超卖 + 量能金叉,383,0.0717,0.0823,0.872,0.2559,0.2829,-0.027,L2
2卖,KDJ_J超卖 + 六脉红灯大于5,793,0.1587,0.1662,0.955,0.2736,0.2829,-0.0093,L2
2卖,KDJ_J超卖 + 六脉红灯大于6,697,0.1383,0.1466,0.943,0.2712,0.2829,-0.0117,L2
2卖,KDJ_J超卖 + 六脉6红首发,697,0.1383,0.1466,0.943,0.2712,0.2829,-0.0117,L2
2卖,KDJ_J超卖 + 六脉5红首发,793,0.1587,0.1662,0.955,0.2736,0.2829,-0.0093,L2
2卖,KDJ_J超卖 + 偏多共振,201,0.0483,0.039,1.239,0.3284,0.2829,0.0455,L2
2卖,KDJ_J超卖 + 多头共振,200,0.0475,0.039,1.22,0.325,0.2829,0.0421,L2
2卖,KDJ_J超卖 + 纳财,71,0.0139,0.015,0.926,0.2676,0.2829,-0.0153,L2
2卖,KDJ_J超卖 + 中枢进机会区,174,0.0337,0.0369,0.911,0.2644,0.2829,-0.0185,L2
2卖,KDJ_J超卖 + 中枢极限底,70,0.0176,0.0133,1.322,0.3429,0.2829,0.06,L2
2卖,KDJ_J超卖 + 中枢上穿中轴,202,0.0432,0.0413,1.046,0.2921,0.2829,0.0092,L2
2卖,KDJ_J超卖 + 中枢底部蓄力,59,0.0132,0.0118,1.113,0.3051,0.2829,0.0222,L2
2卖,KDJ_J超卖 + 中枢底部回升,72,0.0154,0.0147,1.044,0.2917,0.2829,0.0088,L2
2卖,KDJ_J超卖 + 大盘多头,483,0.0907,0.1036,0.876,0.2567,0.2829,-0.0262,L2
2卖,KDJ_J超卖 + 大盘空头,337,0.0739,0.0681,1.085,0.2997,0.2829,0.0168,L2
2卖,KDJ_J超卖 + 大盘安全,697,0.1361,0.1475,0.923,0.2669,0.2829,-0.016,L2
2卖,KDJ_J超卖 + SID等于1,483,0.0907,0.1036,0.876,0.2567,0.2829,-0.0262,L2
2卖,KDJ_J超卖 + SID等于2,619,0.1302,0.1273,1.023,0.2876,0.2829,0.0047,L2
2卖,KDJ_J超卖 + SID小于等于2,790,0.1573,0.1659,0.948,0.2722,0.2829,-0.0108,L2
2卖,KDJ_J超卖 + 大盘5日上涨,817,0.1573,0.1737,0.905,0.2632,0.2829,-0.0197,L2
2卖,KDJ_J超卖 + 相对强弱大于0,914,0.1865,0.1902,0.981,0.279,0.2829,-0.0039,L2
2卖,KDJ_J超卖 + 相对强弱大于5,508,0.1163,0.1007,1.155,0.313,0.2829,0.0301,L2
2卖,KDJ_J超卖 + 量比>=1.3,500,0.0944,0.1071,0.881,0.258,0.2829,-0.0249,L2
2卖,KDJ_J超卖 + 量比>=2,212,0.0402,0.0453,0.888,0.2594,0.2829,-0.0235,L2
2卖,KDJ_J超卖 + 距前高<=10%,454,0.1112,0.0872,1.276,0.3348,0.2829,0.0519,L2
2卖,KDJ_J超卖 + 距前低<=10%,244,0.0432,0.0534,0.808,0.2418,0.2829,-0.0411,L2
2卖,KDJ_J超卖 + 相对强弱>=0,828,0.1668,0.1732,0.963,0.2754,0.2829,-0.0075,L2
2卖,KDJ_J超卖 + 相对强弱>=5,339,0.0878,0.0632,1.389,0.354,0.2829,0.0711,L2
2卖,KDJ_D小于30 + RSI6大于50,116,0.03,0.0216,1.386,0.3534,0.2829,0.0705,L2
2卖,KDJ_D小于30 + RSI金叉,80,0.0212,0.0147,1.441,0.3625,0.2829,0.0796,L2
2卖,KDJ_D小于30 + 积累阶段,69,0.0146,0.0141,1.035,0.2899,0.2829,0.0069,L2
2卖,KDJ_D小于30 + 量能金叉,64,0.0168,0.0118,1.422,0.3594,0.2829,0.0765,L2
2卖,KDJ_D小于30 + 六脉红灯大于5,107,0.0278,0.0199,1.396,0.3551,0.2829,0.0722,L2
2卖,KDJ_D小于30 + 六脉红灯大于6,101,0.0256,0.019,1.344,0.3465,0.2829,0.0636,L2
2卖,KDJ_D小于30 + 六脉6红首发,101,0.0256,0.019,1.344,0.3465,0.2829,0.0636,L2
2卖,KDJ_D小于30 + 六脉5红首发,107,0.0278,0.0199,1.396,0.3551,0.2829,0.0722,L2
2卖,KDJ_D小于30 + 中枢底部蓄力,61,0.0154,0.0115,1.331,0.3443,0.2829,0.0614,L2
2卖,KDJ_D小于30 + 中枢底部回升,66,0.0168,0.0124,1.356,0.3485,0.2829,0.0656,L2
2卖,KDJ_D小于30 + 大盘空头,67,0.0176,0.0124,1.415,0.3582,0.2829,0.0753,L2
2卖,KDJ_D小于30 + 大盘安全,63,0.019,0.0107,1.781,0.4127,0.2829,0.1298,L2
2卖,KDJ_D小于30 + SID等于2,65,0.019,0.0113,1.69,0.4,0.2829,0.1171,L2
2卖,KDJ_D小于30 + SID小于等于2,79,0.0212,0.0144,1.47,0.3671,0.2829,0.0842,L2
2卖,KDJ_D小于30 + 大盘5日上涨,99,0.0263,0.0182,1.448,0.3636,0.2829,0.0807,L2
2卖,KDJ_D小于30 + 相对强弱大于0,101,0.0256,0.019,1.344,0.3465,0.2829,0.0636,L2
2卖,KDJ_D小于30 + 量比>=1.3,80,0.0212,0.0147,1.441,0.3625,0.2829,0.0796,L2
2卖,KDJ_D小于30 + 量比>=2,55,0.0146,0.0101,1.448,0.3636,0.2829,0.0807,L2
2卖,KDJ_D小于30 + 距前低<=10%,54,0.0095,0.0118,0.804,0.2407,0.2829,-0.0422,L2
2卖,KDJ_D小于30 + 相对强弱>=0,83,0.0219,0.0153,1.435,0.3614,0.2829,0.0785,L2
2卖,RSI6大于50 + RSI金叉,1410,0.289,0.2929,0.986,0.2801,0.2829,-0.0028,L2
2卖,RSI6大于50 + RSI6超卖,205,0.0402,0.0433,0.929,0.2683,0.2829,-0.0146,L2
2卖,RSI6大于50 + RSI底背离,99,0.0219,0.0199,1.102,0.303,0.2829,0.0201,L2
2卖,RSI6大于50 + 威科夫得分大于4,3344,0.714,0.6834,1.045,0.2919,0.2829,0.009,L2
2卖,RSI6大于50 + 威科夫得分大于7,1959,0.4514,0.3873,1.165,0.315,0.2829,0.0321,L2
2卖,RSI6大于50 + 积累阶段,1018,0.1456,0.2364,0.616,0.1955,0.2829,-0.0874,L2
2卖,RSI6大于50 + 威科夫B1突破,177,0.0366,0.0367,0.998,0.2825,0.2829,-0.0004,L2
2卖,RSI6大于50 + 黄金柱,453,0.0929,0.0941,0.987,0.2804,0.2829,-0.0026,L2
2卖,RSI6大于50 + 量能金叉,1628,0.3431,0.3345,1.026,0.2881,0.2829,0.0052,L2
2卖,RSI6大于50 + 六脉红灯大于5,4545,0.9444,0.9391,1.006,0.284,0.2829,0.0011,L2
2卖,RSI6大于50 + 六脉红灯大于6,4310,0.8961,0.8903,1.007,0.2842,0.2829,0.0013,L2
2卖,RSI6大于50 + 六脉6红首发,4310,0.8961,0.8903,1.007,0.2842,0.2829,0.0013,L2
2卖,RSI6大于50 + 六脉5红首发,4545,0.9444,0.9391,1.006,0.284,0.2829,0.0011,L2
2卖,RSI6大于50 + 偏多共振,967,0.2429,0.1833,1.325,0.3433,0.2829,0.0604,L2
2卖,RSI6大于50 + 多头共振,965,0.2414,0.1833,1.317,0.342,0.2829,0.0591,L2
2卖,RSI6大于50 + 火箭信号,267,0.0651,0.0514,1.267,0.3333,0.2829,0.0504,L2
2卖,RSI6大于50 + 纳财,478,0.1083,0.0952,1.137,0.3096,0.2829,0.0267,L2
2卖,RSI6大于50 + 中枢进机会区,275,0.049,0.06,0.816,0.2436,0.2829,-0.0393,L2
2卖,RSI6大于50 + 中枢极限底,78,0.019,0.015,1.267,0.3333,0.2829,0.0504,L2
2卖,RSI6大于50 + 中枢上穿中轴,1044,0.2165,0.2159,1.003,0.2835,0.2829,0.0006,L2
2卖,RSI6大于50 + 中枢底部蓄力,367,0.0753,0.0762,0.989,0.2807,0.2829,-0.0023,L2
2卖,RSI6大于50 + 中枢底部回升,455,0.0944,0.0941,1.003,0.2835,0.2829,0.0006,L2
2卖,RSI6大于50 + 大盘多头,2342,0.4638,0.4929,0.941,0.2707,0.2829,-0.0122,L2
2卖,RSI6大于50 + 大盘空头,1523,0.3321,0.3085,1.076,0.2981,0.2829,0.0152,L2
2卖,RSI6大于50 + 大盘安全,3732,0.8047,0.7596,1.059,0.2947,0.2829,0.0118,L2
2卖,RSI6大于50 + SID等于1,2342,0.4638,0.4929,0.941,0.2707,0.2829,-0.0122,L2
2卖,RSI6大于50 + SID等于2,2991,0.6708,0.5986,1.121,0.3066,0.2829,0.0237,L2
2卖,RSI6大于50 + SID小于等于2,4069,0.8793,0.8274,1.063,0.2954,0.2829,0.0125,L2
2卖,RSI6大于50 + 大盘5日上涨,4303,0.8947,0.8889,1.006,0.2842,0.2829,0.0013,L2
2卖,RSI6大于50 + 相对强弱大于0,4626,0.9715,0.9518,1.021,0.2871,0.2829,0.0042,L2
2卖,RSI6大于50 + 相对强弱大于5,2902,0.6715,0.5726,1.173,0.3163,0.2829,0.0334,L2
2卖,RSI6大于50 + 量比>=1.3,1997,0.4184,0.4113,1.017,0.2864,0.2829,0.0035,L2
2卖,RSI6大于50 + 量比>=2,816,0.1792,0.1648,1.088,0.3002,0.2829,0.0173,L2
2卖,RSI6大于50 + 距前高<=10%,2375,0.5677,0.4615,1.23,0.3267,0.2829,0.0438,L2
2卖,RSI6大于50 + 距前低<=10%,909,0.1448,0.2052,0.706,0.2178,0.2829,-0.0651,L2
2卖,RSI6大于50 + 相对强弱>=0,4310,0.9122,0.884,1.032,0.2893,0.2829,0.0064,L2
2卖,RSI6大于50 + 相对强弱>=5,2247,0.5516,0.4309,1.28,0.3356,0.2829,0.0527,L2
2卖,RSI金叉 + RSI6超卖,82,0.0146,0.0179,0.818,0.2439,0.2829,-0.039,L2
2卖,RSI金叉 + RSI底背离,52,0.0146,0.0092,1.584,0.3846,0.2829,0.1017,L2
2卖,RSI金叉 + 威科夫得分大于4,992,0.2085,0.204,1.022,0.2873,0.2829,0.0044,L2
2卖,RSI金叉 + 威科夫得分大于7,589,0.1331,0.1175,1.133,0.309,0.2829,0.0261,L2
2卖,RSI金叉 + 积累阶段,331,0.0439,0.0782,0.561,0.1813,0.2829,-0.1016,L2
2卖,RSI金叉 + 黄金柱,244,0.049,0.0511,0.959,0.2746,0.2829,-0.0083,L2
2卖,RSI金叉 + 量能金叉,502,0.0988,0.1059,0.932,0.2689,0.2829,-0.014,L2
2卖,RSI金叉 + 六脉红灯大于5,1238,0.2524,0.2577,0.979,0.2787,0.2829,-0.0042,L2
2卖,RSI金叉 + 六脉红灯大于6,1123,0.226,0.2349,0.962,0.2752,0.2829,-0.0077,L2
2卖,RSI金叉 + 六脉6红首发,1123,0.226,0.2349,0.962,0.2752,0.2829,-0.0077,L2
2卖,RSI金叉 + 六脉5红首发,1238,0.2524,0.2577,0.979,0.2787,0.2829,-0.0042,L2
2卖,RSI金叉 + 偏多共振,365,0.0892,0.0701,1.273,0.3342,0.2829,0.0513,L2
2卖,RSI金叉 + 多头共振,364,0.0885,0.0701,1.262,0.3324,0.2829,0.0495,L2
2卖,RSI金叉 + 火箭信号,81,0.0161,0.017,0.945,0.2716,0.2829,-0.0113,L2
2卖,RSI金叉 + 纳财,110,0.0198,0.024,0.825,0.2455,0.2829,-0.0375,L2
2卖,RSI金叉 + 中枢进机会区,113,0.0198,0.0248,0.796,0.2389,0.2829,-0.044,L2
2卖,RSI金叉 + 中枢上穿中轴,344,0.0783,0.0684,1.144,0.311,0.2829,0.0281,L2
2卖,RSI金叉 + 中枢底部蓄力,122,0.0219,0.0266,0.827,0.2459,0.2829,-0.037,L2
2卖,RSI金叉 + 中枢底部回升,166,0.0322,0.0352,0.914,0.2651,0.2829,-0.0178,L2
2卖,RSI金叉 + 大盘多头,664,0.1207,0.144,0.838,0.2485,0.2829,-0.0344,L2
2卖,RSI金叉 + 大盘空头,473,0.1061,0.0947,1.121,0.3066,0.2829,0.0236,L2
2卖,RSI金叉 + 大盘安全,1032,0.2151,0.213,1.01,0.2849,0.2829,0.002,L2
2卖,RSI金叉 + SID等于1,664,0.1207,0.144,0.838,0.2485,0.2829,-0.0344,L2
2卖,RSI金叉 + SID等于2,840,0.1851,0.1694,1.092,0.3012,0.2829,0.0183,L2
2卖,RSI金叉 + SID小于等于2,1170,0.2451,0.241,1.017,0.2863,0.2829,0.0034,L2
2卖,RSI金叉 + 大盘5日上涨,1191,0.2407,0.2488,0.967,0.2762,0.2829,-0.0067,L2
2卖,RSI金叉 + 相对强弱大于0,1331,0.2765,0.275,1.005,0.284,0.2829,0.0011,L2
2卖,RSI金叉 + 相对强弱大于5,673,0.1558,0.1328,1.174,0.3165,0.2829,0.0336,L2
2卖,RSI金叉 + 量比>=1.3,703,0.15,0.1437,1.043,0.2916,0.2829,0.0087,L2
2卖,RSI金叉 + 量比>=2,303,0.0673,0.0609,1.105,0.3036,0.2829,0.0207,L2
2卖,RSI金叉 + 距前高<=10%,785,0.1807,0.1553,1.164,0.3146,0.2829,0.0317,L2
2卖,RSI金叉 + 距前低<=10%,278,0.0512,0.06,0.853,0.2518,0.2829,-0.0311,L2
2卖,RSI金叉 + 相对强弱>=0,1200,0.2531,0.2465,1.027,0.2883,0.2829,0.0054,L2
2卖,RSI金叉 + 相对强弱>=5,466,0.1214,0.0866,1.403,0.3562,0.2829,0.0733,L2
2卖,RSI6超卖 + 威科夫得分大于4,146,0.0293,0.0306,0.957,0.274,0.2829,-0.0089,L2
2卖,RSI6超卖 + 威科夫得分大于7,79,0.0161,0.0165,0.978,0.2785,0.2829,-0.0044,L2
2卖,RSI6超卖 + 积累阶段,79,0.0146,0.017,0.859,0.2532,0.2829,-0.0297,L2
2卖,RSI6超卖 + 量能金叉,78,0.0139,0.017,0.816,0.2436,0.2829,-0.0393,L2
2卖,RSI6超卖 + 六脉红灯大于5,169,0.0315,0.0364,0.865,0.2544,0.2829,-0.0285,L2
2卖,RSI6超卖 + 六脉红灯大于6,158,0.0307,0.0335,0.918,0.2658,0.2829,-0.0171,L2
2卖,RSI6超卖 + 六脉6红首发,158,0.0307,0.0335,0.918,0.2658,0.2829,-0.0171,L2
2卖,RSI6超卖 + 六脉5红首发,169,0.0315,0.0364,0.865,0.2544,0.2829,-0.0285,L2
2卖,RSI6超卖 + 中枢进机会区,110,0.0227,0.0228,0.995,0.2818,0.2829,-0.0011,L2
2卖,RSI6超卖 + 中枢极限底,63,0.0154,0.0121,1.267,0.3333,0.2829,0.0504,L2
2卖,RSI6超卖 + 大盘多头,101,0.0168,0.0225,0.747,0.2277,0.2829,-0.0552,L2
2卖,RSI6超卖 + 大盘空头,81,0.0205,0.0153,1.339,0.3457,0.2829,0.0628,L2
2卖,RSI6超卖 + 大盘安全,139,0.0271,0.0294,0.919,0.2662,0.2829,-0.0167,L2
2卖,RSI6超卖 + SID等于1,101,0.0168,0.0225,0.747,0.2277,0.2829,-0.0552,L2
2卖,RSI6超卖 + SID等于2,137,0.0315,0.0271,1.16,0.3139,0.2829,0.031,L2
2卖,RSI6超卖 + SID小于等于2,169,0.0329,0.0358,0.92,0.2663,0.2829,-0.0166,L2
2卖,RSI6超卖 + 大盘5日上涨,174,0.0337,0.0369,0.911,0.2644,0.2829,-0.0185,L2
2卖,RSI6超卖 + 相对强弱大于0,186,0.0373,0.039,0.958,0.2742,0.2829,-0.0087,L2
2卖,RSI6超卖 + 相对强弱大于5,91,0.0205,0.0182,1.127,0.3077,0.2829,0.0248,L2
2卖,RSI6超卖 + 量比>=1.3,97,0.0183,0.0208,0.88,0.2577,0.2829,-0.0252,L2
2卖,RSI6超卖 + 距前高<=10%,107,0.0198,0.0231,0.855,0.2523,0.2829,-0.0306,L2
2卖,RSI6超卖 + 距前低<=10%,78,0.0117,0.0179,0.654,0.2051,0.2829,-0.0778,L2
2卖,RSI6超卖 + 相对强弱>=0,172,0.0366,0.0352,1.039,0.2907,0.2829,0.0078,L2
2卖,RSI6超卖 + 相对强弱>=5,64,0.0168,0.0118,1.422,0.3594,0.2829,0.0765,L2
2卖,RSI底背离 + 威科夫得分大于4,50,0.0132,0.0092,1.426,0.36,0.2829,0.0771,L2
2卖,RSI底背离 + 积累阶段,60,0.0102,0.0133,0.771,0.2333,0.2829,-0.0496,L2
2卖,RSI底背离 + 六脉红灯大于5,94,0.0205,0.019,1.075,0.2979,0.2829,0.015,L2
2卖,RSI底背离 + 六脉红灯大于6,94,0.0205,0.019,1.075,0.2979,0.2829,0.015,L2
2卖,RSI底背离 + 六脉6红首发,94,0.0205,0.019,1.075,0.2979,0.2829,0.015,L2
2卖,RSI底背离 + 六脉5红首发,94,0.0205,0.019,1.075,0.2979,0.2829,0.015,L2
2卖,RSI底背离 + 中枢进机会区,69,0.0146,0.0141,1.035,0.2899,0.2829,0.0069,L2
2卖,RSI底背离 + 大盘空头,60,0.0139,0.0118,1.175,0.3167,0.2829,0.0338,L2
2卖,RSI底背离 + SID等于2,59,0.0168,0.0104,1.619,0.3898,0.2829,0.1069,L2
2卖,RSI底背离 + SID小于等于2,67,0.0176,0.0124,1.415,0.3582,0.2829,0.0753,L2
2卖,RSI底背离 + 大盘5日上涨,84,0.0183,0.017,1.074,0.2976,0.2829,0.0147,L2
2卖,RSI底背离 + 相对强弱大于0,93,0.0212,0.0185,1.149,0.3118,0.2829,0.0289,L2
2卖,RSI底背离 + 量比>=1.3,64,0.0176,0.0115,1.521,0.375,0.2829,0.0921,L2
2卖,RSI底背离 + 距前低<=10%,56,0.0088,0.0127,0.691,0.2143,0.2829,-0.0686,L2
2卖,RSI底背离 + 相对强弱>=0,81,0.0198,0.0156,1.267,0.3333,0.2829,0.0504,L2
2卖,威科夫得分大于4 + 威科夫得分大于7,1960,0.4514,0.3876,1.165,0.3148,0.2829,0.0319,L2
2卖,威科夫得分大于4 + 积累阶段,379,0.0534,0.0883,0.605,0.1926,0.2829,-0.0903,L2
2卖,威科夫得分大于4 + 威科夫B1突破,75,0.0154,0.0156,0.986,0.28,0.2829,-0.0029,L2
2卖,威科夫得分大于4 + 黄金柱,310,0.0614,0.0652,0.942,0.271,0.2829,-0.0119,L2
2卖,威科夫得分大于4 + 量能金叉,1147,0.2473,0.2335,1.059,0.2947,0.2829,0.0118,L2
2卖,威科夫得分大于4 + 六脉红灯大于5,3147,0.6708,0.6436,1.042,0.2914,0.2829,0.0085,L2
2卖,威科夫得分大于4 + 六脉红灯大于6,2988,0.6416,0.6092,1.053,0.2935,0.2829,0.0106,L2
2卖,威科夫得分大于4 + 六脉6红首发,2988,0.6416,0.6092,1.053,0.2935,0.2829,0.0106,L2
2卖,威科夫得分大于4 + 六脉5红首发,3147,0.6708,0.6436,1.042,0.2914,0.2829,0.0085,L2
2卖,威科夫得分大于4 + 偏多共振,927,0.2334,0.1755,1.33,0.3441,0.2829,0.0612,L2
2卖,威科夫得分大于4 + 多头共振,926,0.2326,0.1755,1.326,0.3434,0.2829,0.0605,L2
2卖,威科夫得分大于4 + 火箭信号,167,0.0432,0.0312,1.385,0.3533,0.2829,0.0704,L2
2卖,威科夫得分大于4 + 纳财,338,0.0827,0.0649,1.273,0.3343,0.2829,0.0514,L2
2卖,威科夫得分大于4 + 中枢进机会区,157,0.0329,0.0323,1.018,0.2866,0.2829,0.0037,L2
2卖,威科夫得分大于4 + 中枢极限底,52,0.0132,0.0098,1.342,0.3462,0.2829,0.0632,L2
2卖,威科夫得分大于4 + 中枢上穿中轴,631,0.1339,0.1293,1.035,0.29,0.2829,0.0071,L2
2卖,威科夫得分大于4 + 中枢底部蓄力,189,0.0461,0.0364,1.267,0.3333,0.2829,0.0504,L2
2卖,威科夫得分大于4 + 中枢底部回升,239,0.0563,0.0468,1.205,0.3222,0.2829,0.0393,L2
2卖,威科夫得分大于4 + 大盘多头,1737,0.3526,0.3622,0.974,0.2775,0.2829,-0.0054,L2
2卖,威科夫得分大于4 + 大盘空头,925,0.2202,0.1801,1.223,0.3254,0.2829,0.0425,L2
2卖,威科夫得分大于4 + 大盘安全,2662,0.5867,0.5368,1.093,0.3013,0.2829,0.0184,L2
2卖,威科夫得分大于4 + SID等于1,1737,0.3526,0.3622,0.974,0.2775,0.2829,-0.0054,L2
2卖,威科夫得分大于4 + SID等于2,2038,0.4689,0.4032,1.163,0.3145,0.2829,0.0316,L2
2卖,威科夫得分大于4 + SID小于等于2,2894,0.635,0.5847,1.086,0.2999,0.2829,0.017,L2
2卖,威科夫得分大于4 + 大盘5日上涨,2985,0.6437,0.6075,1.06,0.2948,0.2829,0.0119,L2
2卖,威科夫得分大于4 + 相对强弱大于0,3217,0.6942,0.6545,1.061,0.295,0.2829,0.0121,L2
2卖,威科夫得分大于4 + 相对强弱大于5,2017,0.4806,0.3925,1.225,0.3257,0.2829,0.0428,L2
2卖,威科夫得分大于4 + 量比>=1.3,1332,0.2875,0.271,1.061,0.295,0.2829,0.0121,L2
2卖,威科夫得分大于4 + 量比>=2,492,0.1141,0.097,1.177,0.3171,0.2829,0.0342,L2
2卖,威科夫得分大于4 + 距前高<=10%,1849,0.4396,0.3602,1.221,0.325,0.2829,0.0421,L2
2卖,威科夫得分大于4 + 距前低<=10%,501,0.0805,0.1128,0.713,0.2196,0.2829,-0.0633,L2
2卖,威科夫得分大于4 + 相对强弱>=0,3000,0.6518,0.6087,1.071,0.297,0.2829,0.0141,L2
2卖,威科夫得分大于4 + 相对强弱>=5,1557,0.3884,0.2961,1.312,0.341,0.2829,0.0581,L2
2卖,威科夫得分大于7 + 积累阶段,60,0.0117,0.0127,0.922,0.2667,0.2829,-0.0162,L2
2卖,威科夫得分大于7 + 黄金柱,165,0.0358,0.0335,1.071,0.297,0.2829,0.0141,L2
2卖,威科夫得分大于7 + 量能金叉,653,0.1529,0.1281,1.193,0.3201,0.2829,0.0372,L2
2卖,威科夫得分大于7 + 六脉红灯大于5,1846,0.4243,0.3654,1.161,0.3142,0.2829,0.0313,L2
2卖,威科夫得分大于7 + 六脉红灯大于6,1766,0.4097,0.3481,1.177,0.3171,0.2829,0.0342,L2
2卖,威科夫得分大于7 + 六脉6红首发,1766,0.4097,0.3481,1.177,0.3171,0.2829,0.0342,L2
2卖,威科夫得分大于7 + 六脉5红首发,1846,0.4243,0.3654,1.161,0.3142,0.2829,0.0313,L2
2卖,威科夫得分大于7 + 偏多共振,758,0.1946,0.142,1.37,0.3509,0.2829,0.068,L2
2卖,威科夫得分大于7 + 多头共振,757,0.1939,0.142,1.365,0.3501,0.2829,0.0672,L2
2卖,威科夫得分大于7 + 火箭信号,114,0.03,0.0211,1.424,0.3596,0.2829,0.0767,L2
2卖,威科夫得分大于7 + 纳财,207,0.0519,0.0392,1.323,0.343,0.2829,0.0601,L2
2卖,威科夫得分大于7 + 中枢进机会区,78,0.0161,0.0162,0.996,0.2821,0.2829,-0.0009,L2
2卖,威科夫得分大于7 + 中枢上穿中轴,360,0.0827,0.0713,1.16,0.3139,0.2829,0.031,L2
2卖,威科夫得分大于7 + 中枢底部蓄力,93,0.0256,0.0167,1.53,0.3763,0.2829,0.0934,L2
2卖,威科夫得分大于7 + 中枢底部回升,118,0.0315,0.0216,1.453,0.3644,0.2829,0.0815,L2
2卖,威科夫得分大于7 + 大盘多头,1030,0.2253,0.2084,1.081,0.299,0.2829,0.0161,L2
2卖,威科夫得分大于7 + 大盘空头,505,0.1346,0.0926,1.453,0.3644,0.2829,0.0815,L2
2卖,威科夫得分大于7 + 大盘安全,1596,0.3731,0.3134,1.19,0.3195,0.2829,0.0366,L2
2卖,威科夫得分大于7 + SID等于1,1030,0.2253,0.2084,1.081,0.299,0.2829,0.0161,L2
2卖,威科夫得分大于7 + SID等于2,1193,0.2941,0.2283,1.288,0.337,0.2829,0.0541,L2
2卖,威科夫得分大于7 + SID小于等于2,1736,0.406,0.3408,1.191,0.3197,0.2829,0.0368,L2
2卖,威科夫得分大于7 + 大盘5日上涨,1752,0.4067,0.3452,1.178,0.3174,0.2829,0.0344,L2
2卖,威科夫得分大于7 + 相对强弱大于0,1889,0.4389,0.372,1.18,0.3176,0.2829,0.0347,L2
2卖,威科夫得分大于7 + 相对强弱大于5,1205,0.308,0.2263,1.361,0.3494,0.2829,0.0665,L2
2卖,威科夫得分大于7 + 量比>=1.3,778,0.1858,0.1512,1.229,0.3265,0.2829,0.0436,L2
2卖,威科夫得分大于7 + 量比>=2,273,0.0695,0.0514,1.353,0.348,0.2829,0.0651,L2
2卖,威科夫得分大于7 + 距前高<=10%,1272,0.3109,0.2444,1.272,0.3341,0.2829,0.0512,L2
2卖,威科夫得分大于7 + 距前低<=10%,228,0.0344,0.0522,0.658,0.2061,0.2829,-0.0768,L2
2卖,威科夫得分大于7 + 相对强弱>=0,1760,0.4148,0.3443,1.205,0.3222,0.2829,0.0393,L2
2卖,威科夫得分大于7 + 相对强弱>=5,923,0.2473,0.1688,1.465,0.3662,0.2829,0.0833,L2
2卖,积累阶段 + 威科夫B1突破,136,0.0249,0.0294,0.845,0.25,0.2829,-0.0329,L2
2卖,积累阶段 + 黄金柱,133,0.0212,0.03,0.707,0.218,0.2829,-0.0649,L2
2卖,积累阶段 + 量能金叉,410,0.06,0.0947,0.634,0.2,0.2829,-0.0829,L2
2卖,积累阶段 + 六脉红灯大于5,971,0.1397,0.2251,0.621,0.1967,0.2829,-0.0862,L2
2卖,积累阶段 + 六脉红灯大于6,929,0.1317,0.2162,0.609,0.1938,0.2829,-0.0891,L2
2卖,积累阶段 + 六脉6红首发,929,0.1317,0.2162,0.609,0.1938,0.2829,-0.0891,L2
2卖,积累阶段 + 六脉5红首发,971,0.1397,0.2251,0.621,0.1967,0.2829,-0.0862,L2
2卖,积累阶段 + 纳财,105,0.0146,0.0245,0.596,0.1905,0.2829,-0.0924,L2
2卖,积累阶段 + 中枢进机会区,157,0.0234,0.0361,0.649,0.2038,0.2829,-0.0791,L2
2卖,积累阶段 + 中枢上穿中轴,311,0.0534,0.0687,0.777,0.2347,0.2829,-0.0482,L2
2卖,积累阶段 + 中枢底部蓄力,206,0.0307,0.0473,0.649,0.2039,0.2829,-0.079,L2
2卖,积累阶段 + 中枢底部回升,243,0.038,0.0551,0.69,0.214,0.2829,-0.0689,L2
2卖,积累阶段 + 大盘多头,454,0.068,0.1042,0.653,0.2048,0.2829,-0.0781,L2
2卖,积累阶段 + 大盘空头,423,0.0549,0.1004,0.546,0.1773,0.2829,-0.1056,L2
2卖,积累阶段 + 大盘安全,719,0.1127,0.1631,0.691,0.2142,0.2829,-0.0687,L2
2卖,积累阶段 + SID等于1,454,0.068,0.1042,0.653,0.2048,0.2829,-0.0781,L2
2卖,积累阶段 + SID等于2,666,0.1053,0.1506,0.699,0.2162,0.2829,-0.0667,L2
2卖,积累阶段 + SID小于等于2,789,0.1266,0.1778,0.712,0.2193,0.2829,-0.0636,L2
2卖,积累阶段 + 大盘5日上涨,928,0.1324,0.2156,0.614,0.195,0.2829,-0.0879,L2
2卖,积累阶段 + 相对强弱大于0,976,0.139,0.2268,0.613,0.1947,0.2829,-0.0882,L2
2卖,积累阶段 + 相对强弱大于5,528,0.0797,0.1209,0.659,0.2064,0.2829,-0.0765,L2
2卖,积累阶段 + 量比>=1.3,497,0.0695,0.116,0.599,0.1911,0.2829,-0.0918,L2
2卖,积累阶段 + 量比>=2,235,0.038,0.0528,0.72,0.2213,0.2829,-0.0616,L2
2卖,积累阶段 + 距前高<=10%,148,0.0227,0.0338,0.672,0.2095,0.2829,-0.0734,L2
2卖,积累阶段 + 距前低<=10%,377,0.049,0.0895,0.548,0.1777,0.2829,-0.1052,L2
2卖,积累阶段 + 相对强弱>=0,899,0.1266,0.2095,0.604,0.1924,0.2829,-0.0905,L2
2卖,积累阶段 + 相对强弱>=5,402,0.0629,0.0912,0.69,0.2139,0.2829,-0.069,L2
2卖,威科夫B1突破 + 量能金叉,132,0.0271,0.0274,0.987,0.2803,0.2829,-0.0026,L2
2卖,威科夫B1突破 + 六脉红灯大于5,176,0.0366,0.0364,1.006,0.2841,0.2829,0.0012,L2
2卖,威科夫B1突破 + 六脉红灯大于6,175,0.0366,0.0361,1.014,0.2857,0.2829,0.0028,L2
2卖,威科夫B1突破 + 六脉6红首发,175,0.0366,0.0361,1.014,0.2857,0.2829,0.0028,L2
2卖,威科夫B1突破 + 六脉5红首发,176,0.0366,0.0364,1.006,0.2841,0.2829,0.0012,L2
2卖,威科夫B1突破 + 中枢上穿中轴,84,0.0198,0.0165,1.201,0.3214,0.2829,0.0385,L2
2卖,威科夫B1突破 + 大盘多头,80,0.0205,0.015,1.365,0.35,0.2829,0.0671,L2
2卖,威科夫B1突破 + 大盘空头,73,0.0132,0.0159,0.83,0.2466,0.2829,-0.0363,L2
2卖,威科夫B1突破 + 大盘安全,135,0.0329,0.026,1.267,0.3333,0.2829,0.0504,L2
2卖,威科夫B1突破 + SID等于1,80,0.0205,0.015,1.365,0.35,0.2829,0.0671,L2
2卖,威科夫B1突破 + SID等于2,121,0.0263,0.0245,1.074,0.2975,0.2829,0.0146,L2
2卖,威科夫B1突破 + SID小于等于2,143,0.0344,0.0277,1.241,0.3287,0.2829,0.0458,L2
2卖,威科夫B1突破 + 大盘5日上涨,167,0.0358,0.0341,1.053,0.2934,0.2829,0.0105,L2
2卖,威科夫B1突破 + 相对强弱大于0,176,0.0358,0.0367,0.978,0.2784,0.2829,-0.0045,L2
2卖,威科夫B1突破 + 相对强弱大于5,130,0.0278,0.0266,1.047,0.2923,0.2829,0.0094,L2
2卖,威科夫B1突破 + 量比>=1.3,120,0.0219,0.026,0.845,0.25,0.2829,-0.0329,L2
2卖,威科夫B1突破 + 量比>=2,80,0.0146,0.0173,0.845,0.25,0.2829,-0.0329,L2
2卖,威科夫B1突破 + 相对强弱>=0,171,0.0344,0.0358,0.961,0.2749,0.2829,-0.0081,L2
2卖,威科夫B1突破 + 相对强弱>=5,107,0.0219,0.0222,0.988,0.2804,0.2829,-0.0025,L2
2卖,黄金柱 + 量能金叉,236,0.0497,0.0485,1.026,0.2881,0.2829,0.0052,L2
2卖,黄金柱 + 六脉红灯大于5,415,0.0871,0.0854,1.019,0.2867,0.2829,0.0038,L2
2卖,黄金柱 + 六脉红灯大于6,391,0.0834,0.0799,1.043,0.2916,0.2829,0.0087,L2
2卖,黄金柱 + 六脉6红首发,391,0.0834,0.0799,1.043,0.2916,0.2829,0.0087,L2
2卖,黄金柱 + 六脉5红首发,415,0.0871,0.0854,1.019,0.2867,0.2829,0.0038,L2
2卖,黄金柱 + 偏多共振,89,0.0183,0.0185,0.99,0.2809,0.2829,-0.002,L2
2卖,黄金柱 + 多头共振,89,0.0183,0.0185,0.99,0.2809,0.2829,-0.002,L2
2卖,黄金柱 + 纳财,58,0.0132,0.0115,1.141,0.3103,0.2829,0.0274,L2
2卖,黄金柱 + 中枢上穿中轴,138,0.0344,0.0263,1.309,0.3406,0.2829,0.0577,L2
2卖,黄金柱 + 中枢底部蓄力,60,0.0124,0.0124,1.002,0.2833,0.2829,0.0004,L2
2卖,黄金柱 + 中枢底部回升,82,0.019,0.0162,1.177,0.3171,0.2829,0.0342,L2
2卖,黄金柱 + 大盘多头,198,0.0329,0.0442,0.746,0.2273,0.2829,-0.0556,L2
2卖,黄金柱 + 大盘空头,177,0.0417,0.0346,1.204,0.322,0.2829,0.0391,L2
2卖,黄金柱 + 大盘安全,332,0.0688,0.0687,1.001,0.2831,0.2829,0.0002,L2
2卖,黄金柱 + SID等于1,198,0.0329,0.0442,0.746,0.2273,0.2829,-0.0556,L2
2卖,黄金柱 + SID等于2,272,0.0622,0.054,1.152,0.3125,0.2829,0.0296,L2
2卖,黄金柱 + SID小于等于2,362,0.079,0.0733,1.078,0.2983,0.2829,0.0154,L2
2卖,黄金柱 + 大盘5日上涨,390,0.0797,0.0811,0.983,0.2795,0.2829,-0.0034,L2
2卖,黄金柱 + 相对强弱大于0,435,0.0914,0.0895,1.022,0.2874,0.2829,0.0045,L2
2卖,黄金柱 + 相对强弱大于5,203,0.0497,0.039,1.277,0.335,0.2829,0.0521,L2
2卖,黄金柱 + 量比>=1.3,263,0.0461,0.0577,0.798,0.2395,0.2829,-0.0434,L2
2卖,黄金柱 + 量比>=2,133,0.0256,0.0283,0.905,0.2632,0.2829,-0.0197,L2
2卖,黄金柱 + 距前高<=10%,216,0.0505,0.0424,1.19,0.3194,0.2829,0.0365,L2
2卖,黄金柱 + 距前低<=10%,125,0.0212,0.0277,0.766,0.232,0.2829,-0.0509,L2
2卖,黄金柱 + 相对强弱>=0,382,0.079,0.0791,0.999,0.2827,0.2829,-0.0002,L2
2卖,黄金柱 + 相对强弱>=5,120,0.0322,0.0219,1.467,0.3667,0.2829,0.0838,L2
2卖,量能金叉 + 六脉红灯大于5,1555,0.3277,0.3195,1.026,0.2881,0.2829,0.0052,L2
2卖,量能金叉 + 六脉红灯大于6,1483,0.3138,0.3042,1.032,0.2893,0.2829,0.0064,L2
2卖,量能金叉 + 六脉6红首发,1483,0.3138,0.3042,1.032,0.2893,0.2829,0.0064,L2
2卖,量能金叉 + 六脉5红首发,1555,0.3277,0.3195,1.026,0.2881,0.2829,0.0052,L2
2卖,量能金叉 + 偏多共振,294,0.0827,0.0522,1.582,0.3844,0.2829,0.1014,L2
2卖,量能金叉 + 多头共振,294,0.0827,0.0522,1.582,0.3844,0.2829,0.1014,L2
2卖,量能金叉 + 火箭信号,135,0.0263,0.0286,0.922,0.2667,0.2829,-0.0162,L2
2卖,量能金叉 + 纳财,177,0.0417,0.0346,1.204,0.322,0.2829,0.0391,L2
2卖,量能金叉 + 中枢进机会区,112,0.0219,0.0237,0.927,0.2679,0.2829,-0.015,L2
2卖,量能金叉 + 中枢上穿中轴,492,0.1141,0.097,1.177,0.3171,0.2829,0.0342,L2
2卖,量能金叉 + 中枢底部蓄力,162,0.0424,0.03,1.414,0.358,0.2829,0.0751,L2
2卖,量能金叉 + 中枢底部回升,203,0.0519,0.0381,1.363,0.3498,0.2829,0.0668,L2
2卖,量能金叉 + 大盘多头,757,0.1463,0.1608,0.91,0.2642,0.2829,-0.0187,L2
2卖,量能金叉 + 大盘空头,559,0.1266,0.1114,1.136,0.3095,0.2829,0.0266,L2
2卖,量能金叉 + 大盘安全,1210,0.2677,0.2436,1.099,0.3025,0.2829,0.0196,L2
2卖,量能金叉 + SID等于1,757,0.1463,0.1608,0.91,0.2642,0.2829,-0.0187,L2
2卖,量能金叉 + SID等于2,984,0.2304,0.1931,1.193,0.3201,0.2829,0.0372,L2
2卖,量能金叉 + SID小于等于2,1337,0.2955,0.2693,1.098,0.3022,0.2829,0.0193,L2
2卖,量能金叉 + 大盘5日上涨,1433,0.3029,0.2941,1.03,0.2889,0.2829,0.006,L2
2卖,量能金叉 + 相对强弱大于0,1569,0.3358,0.3203,1.048,0.2925,0.2829,0.0096,L2
2卖,量能金叉 + 相对强弱大于5,1030,0.2399,0.2026,1.184,0.3184,0.2829,0.0355,L2
2卖,量能金叉 + 量比>=1.3,1010,0.2056,0.2104,0.977,0.2782,0.2829,-0.0047,L2
2卖,量能金叉 + 量比>=2,520,0.1127,0.1056,1.067,0.2962,0.2829,0.0132,L2
2卖,量能金叉 + 距前高<=10%,783,0.18,0.155,1.161,0.3142,0.2829,0.0313,L2
2卖,量能金叉 + 距前低<=10%,317,0.0563,0.0693,0.813,0.2429,0.2829,-0.04,L2
2卖,量能金叉 + 相对强弱>=0,1473,0.3204,0.2987,1.073,0.2974,0.2829,0.0144,L2
2卖,量能金叉 + 相对强弱>=5,801,0.1917,0.1556,1.232,0.3271,0.2829,0.0442,L2
2卖,六脉红灯大于5 + 六脉红灯大于6,4310,0.8961,0.8903,1.007,0.2842,0.2829,0.0013,L2
2卖,六脉红灯大于5 + 六脉6红首发,4310,0.8961,0.8903,1.007,0.2842,0.2829,0.0013,L2
2卖,六脉红灯大于5 + 六脉5红首发,4548,0.9444,0.94,1.005,0.2839,0.2829,0.001,L2
2卖,六脉红灯大于5 + 偏多共振,878,0.2268,0.1639,1.383,0.3531,0.2829,0.0702,L2
2卖,六脉红灯大于5 + 多头共振,877,0.226,0.1639,1.379,0.3523,0.2829,0.0694,L2
2卖,六脉红灯大于5 + 火箭信号,267,0.0651,0.0514,1.267,0.3333,0.2829,0.0504,L2
2卖,六脉红灯大于5 + 纳财,468,0.1061,0.0932,1.138,0.3098,0.2829,0.0269,L2
2卖,六脉红灯大于5 + 中枢进机会区,259,0.0468,0.0563,0.832,0.2471,0.2829,-0.0358,L2
2卖,六脉红灯大于5 + 中枢极限底,72,0.019,0.0133,1.433,0.3611,0.2829,0.0782,L2
2卖,六脉红灯大于5 + 中枢上穿中轴,1016,0.2114,0.2098,1.008,0.2844,0.2829,0.0015,L2
2卖,六脉红灯大于5 + 中枢底部蓄力,368,0.0753,0.0765,0.985,0.2799,0.2829,-0.003,L2
2卖,六脉红灯大于5 + 中枢底部回升,456,0.0944,0.0944,1.0,0.2829,0.2829,-0.0,L2
2卖,六脉红灯大于5 + 大盘多头,2200,0.4316,0.4646,0.929,0.2682,0.2829,-0.0147,L2
2卖,六脉红灯大于5 + 大盘空头,1459,0.3189,0.2952,1.08,0.2988,0.2829,0.0159,L2
2卖,六脉红灯大于5 + 大盘安全,3521,0.7549,0.7183,1.051,0.2931,0.2829,0.0102,L2
2卖,六脉红灯大于5 + SID等于1,2200,0.4316,0.4646,0.929,0.2682,0.2829,-0.0147,L2
2卖,六脉红灯大于5 + SID等于2,2833,0.6394,0.5654,1.131,0.3085,0.2829,0.0256,L2
2卖,六脉红灯大于5 + SID小于等于2,3835,0.8296,0.7795,1.064,0.2957,0.2829,0.0128,L2
2卖,六脉红灯大于5 + 大盘5日上涨,4083,0.8464,0.8444,1.002,0.2834,0.2829,0.0005,L2
2卖,六脉红灯大于5 + 相对强弱大于0,4377,0.9195,0.9004,1.021,0.2872,0.2829,0.0043,L2
2卖,六脉红灯大于5 + 相对强弱大于5,2781,0.6452,0.5481,1.177,0.3172,0.2829,0.0342,L2
2卖,六脉红灯大于5 + 量比>=1.3,1884,0.3943,0.3882,1.016,0.2861,0.2829,0.0032,L2
2卖,六脉红灯大于5 + 量比>=2,777,0.1697,0.1573,1.079,0.2986,0.2829,0.0157,L2
2卖,六脉红灯大于5 + 距前高<=10%,2209,0.5304,0.4283,1.238,0.3282,0.2829,0.0453,L2
2卖,六脉红灯大于5 + 距前低<=10%,886,0.1383,0.2012,0.687,0.2133,0.2829,-0.0696,L2
2卖,六脉红灯大于5 + 相对强弱>=0,4089,0.8654,0.8387,1.032,0.2893,0.2829,0.0064,L2
2卖,六脉红灯大于5 + 相对强弱>=5,2165,0.5311,0.4153,1.279,0.3353,0.2829,0.0524,L2
2卖,六脉红灯大于6 + 六脉6红首发,4310,0.8961,0.8903,1.007,0.2842,0.2829,0.0013,L2
2卖,六脉红灯大于6 + 六脉5红首发,4310,0.8961,0.8903,1.007,0.2842,0.2829,0.0013,L2
2卖,六脉红灯大于6 + 偏多共振,823,0.2151,0.1527,1.409,0.3572,0.2829,0.0743,L2
2卖,六脉红灯大于6 + 多头共振,822,0.2143,0.1527,1.404,0.3564,0.2829,0.0735,L2
2卖,六脉红灯大于6 + 火箭信号,264,0.0651,0.0505,1.289,0.3371,0.2829,0.0542,L2
2卖,六脉红灯大于6 + 纳财,458,0.1046,0.0909,1.151,0.3122,0.2829,0.0293,L2
2卖,六脉红灯大于6 + 中枢进机会区,249,0.0446,0.0543,0.822,0.245,0.2829,-0.0379,L2
2卖,六脉红灯大于6 + 中枢极限底,72,0.019,0.0133,1.433,0.3611,0.2829,0.0782,L2
2卖,六脉红灯大于6 + 中枢上穿中轴,991,0.207,0.2043,1.013,0.2856,0.2829,0.0027,L2
2卖,六脉红灯大于6 + 中枢底部蓄力,355,0.0732,0.0736,0.994,0.2817,0.2829,-0.0012,L2
2卖,六脉红灯大于6 + 中枢底部回升,444,0.0922,0.0918,1.004,0.2838,0.2829,0.0009,L2
2卖,六脉红灯大于6 + 大盘多头,2097,0.4126,0.4424,0.933,0.269,0.2829,-0.0139,L2
2卖,六脉红灯大于6 + 大盘空头,1400,0.3065,0.2831,1.083,0.2993,0.2829,0.0164,L2
2卖,六脉红灯大于6 + 大盘安全,3328,0.7184,0.6771,1.061,0.2951,0.2829,0.0122,L2
2卖,六脉红灯大于6 + SID等于1,2097,0.4126,0.4424,0.933,0.269,0.2829,-0.0139,L2
2卖,六脉红灯大于6 + SID等于2,2672,0.6072,0.5316,1.142,0.3106,0.2829,0.0277,L2
2卖,六脉红灯大于6 + SID小于等于2,3626,0.7886,0.7354,1.072,0.2973,0.2829,0.0144,L2
2卖,六脉红灯大于6 + 大盘5日上涨,3882,0.8047,0.8029,1.002,0.2834,0.2829,0.0005,L2
2卖,六脉红灯大于6 + 相对强弱大于0,4154,0.872,0.8548,1.02,0.287,0.2829,0.004,L2
2卖,六脉红灯大于6 + 相对强弱大于5,2672,0.6189,0.527,1.174,0.3166,0.2829,0.0337,L2
2卖,六脉红灯大于6 + 量比>=1.3,1786,0.3745,0.3677,1.019,0.2867,0.2829,0.0038,L2
2卖,六脉红灯大于6 + 量比>=2,742,0.1631,0.1498,1.089,0.3005,0.2829,0.0176,L2
2卖,六脉红灯大于6 + 距前高<=10%,2069,0.4989,0.4003,1.246,0.3296,0.2829,0.0467,L2
2卖,六脉红灯大于6 + 距前低<=10%,836,0.1258,0.1916,0.657,0.2057,0.2829,-0.0772,L2
2卖,六脉红灯大于6 + 相对强弱>=0,3898,0.8259,0.7991,1.033,0.2896,0.2829,0.0067,L2
2卖,六脉红灯大于6 + 相对强弱>=5,2099,0.5135,0.4032,1.274,0.3344,0.2829,0.0515,L2
2卖,六脉6红首发 + 六脉5红首发,4310,0.8961,0.8903,1.007,0.2842,0.2829,0.0013,L2
2卖,六脉6红首发 + 偏多共振,823,0.2151,0.1527,1.409,0.3572,0.2829,0.0743,L2
2卖,六脉6红首发 + 多头共振,822,0.2143,0.1527,1.404,0.3564,0.2829,0.0735,L2
2卖,六脉6红首发 + 火箭信号,264,0.0651,0.0505,1.289,0.3371,0.2829,0.0542,L2
2卖,六脉6红首发 + 纳财,458,0.1046,0.0909,1.151,0.3122,0.2829,0.0293,L2
2卖,六脉6红首发 + 中枢进机会区,249,0.0446,0.0543,0.822,0.245,0.2829,-0.0379,L2
2卖,六脉6红首发 + 中枢极限底,72,0.019,0.0133,1.433,0.3611,0.2829,0.0782,L2
2卖,六脉6红首发 + 中枢上穿中轴,991,0.207,0.2043,1.013,0.2856,0.2829,0.0027,L2
2卖,六脉6红首发 + 中枢底部蓄力,355,0.0732,0.0736,0.994,0.2817,0.2829,-0.0012,L2
2卖,六脉6红首发 + 中枢底部回升,444,0.0922,0.0918,1.004,0.2838,0.2829,0.0009,L2
2卖,六脉6红首发 + 大盘多头,2097,0.4126,0.4424,0.933,0.269,0.2829,-0.0139,L2
2卖,六脉6红首发 + 大盘空头,1400,0.3065,0.2831,1.083,0.2993,0.2829,0.0164,L2
2卖,六脉6红首发 + 大盘安全,3328,0.7184,0.6771,1.061,0.2951,0.2829,0.0122,L2
2卖,六脉6红首发 + SID等于1,2097,0.4126,0.4424,0.933,0.269,0.2829,-0.0139,L2
2卖,六脉6红首发 + SID等于2,2672,0.6072,0.5316,1.142,0.3106,0.2829,0.0277,L2
2卖,六脉6红首发 + SID小于等于2,3626,0.7886,0.7354,1.072,0.2973,0.2829,0.0144,L2
2卖,六脉6红首发 + 大盘5日上涨,3882,0.8047,0.8029,1.002,0.2834,0.2829,0.0005,L2
2卖,六脉6红首发 + 相对强弱大于0,4154,0.872,0.8548,1.02,0.287,0.2829,0.004,L2
2卖,六脉6红首发 + 相对强弱大于5,2672,0.6189,0.527,1.174,0.3166,0.2829,0.0337,L2
2卖,六脉6红首发 + 量比>=1.3,1786,0.3745,0.3677,1.019,0.2867,0.2829,0.0038,L2
2卖,六脉6红首发 + 量比>=2,742,0.1631,0.1498,1.089,0.3005,0.2829,0.0176,L2
2卖,六脉6红首发 + 距前高<=10%,2069,0.4989,0.4003,1.246,0.3296,0.2829,0.0467,L2
2卖,六脉6红首发 + 距前低<=10%,836,0.1258,0.1916,0.657,0.2057,0.2829,-0.0772,L2
2卖,六脉6红首发 + 相对强弱>=0,3898,0.8259,0.7991,1.033,0.2896,0.2829,0.0067,L2
2卖,六脉6红首发 + 相对强弱>=5,2099,0.5135,0.4032,1.274,0.3344,0.2829,0.0515,L2
2卖,六脉5红首发 + 偏多共振,878,0.2268,0.1639,1.383,0.3531,0.2829,0.0702,L2
2卖,六脉5红首发 + 多头共振,877,0.226,0.1639,1.379,0.3523,0.2829,0.0694,L2
2卖,六脉5红首发 + 火箭信号,267,0.0651,0.0514,1.267,0.3333,0.2829,0.0504,L2
2卖,六脉5红首发 + 纳财,468,0.1061,0.0932,1.138,0.3098,0.2829,0.0269,L2
2卖,六脉5红首发 + 中枢进机会区,259,0.0468,0.0563,0.832,0.2471,0.2829,-0.0358,L2
2卖,六脉5红首发 + 中枢极限底,72,0.019,0.0133,1.433,0.3611,0.2829,0.0782,L2
2卖,六脉5红首发 + 中枢上穿中轴,1016,0.2114,0.2098,1.008,0.2844,0.2829,0.0015,L2
2卖,六脉5红首发 + 中枢底部蓄力,368,0.0753,0.0765,0.985,0.2799,0.2829,-0.003,L2
2卖,六脉5红首发 + 中枢底部回升,456,0.0944,0.0944,1.0,0.2829,0.2829,-0.0,L2
2卖,六脉5红首发 + 大盘多头,2200,0.4316,0.4646,0.929,0.2682,0.2829,-0.0147,L2
2卖,六脉5红首发 + 大盘空头,1459,0.3189,0.2952,1.08,0.2988,0.2829,0.0159,L2
2卖,六脉5红首发 + 大盘安全,3521,0.7549,0.7183,1.051,0.2931,0.2829,0.0102,L2
2卖,六脉5红首发 + SID等于1,2200,0.4316,0.4646,0.929,0.2682,0.2829,-0.0147,L2
2卖,六脉5红首发 + SID等于2,2833,0.6394,0.5654,1.131,0.3085,0.2829,0.0256,L2
2卖,六脉5红首发 + SID小于等于2,3835,0.8296,0.7795,1.064,0.2957,0.2829,0.0128,L2
2卖,六脉5红首发 + 大盘5日上涨,4083,0.8464,0.8444,1.002,0.2834,0.2829,0.0005,L2
2卖,六脉5红首发 + 相对强弱大于0,4377,0.9195,0.9004,1.021,0.2872,0.2829,0.0043,L2
2卖,六脉5红首发 + 相对强弱大于5,2781,0.6452,0.5481,1.177,0.3172,0.2829,0.0342,L2
2卖,六脉5红首发 + 量比>=1.3,1884,0.3943,0.3882,1.016,0.2861,0.2829,0.0032,L2
2卖,六脉5红首发 + 量比>=2,777,0.1697,0.1573,1.079,0.2986,0.2829,0.0157,L2
2卖,六脉5红首发 + 距前高<=10%,2209,0.5304,0.4283,1.238,0.3282,0.2829,0.0453,L2
2卖,六脉5红首发 + 距前低<=10%,886,0.1383,0.2012,0.687,0.2133,0.2829,-0.0696,L2
2卖,六脉5红首发 + 相对强弱>=0,4089,0.8654,0.8387,1.032,0.2893,0.2829,0.0064,L2
2卖,六脉5红首发 + 相对强弱>=5,2165,0.5311,0.4153,1.279,0.3353,0.2829,0.0524,L2
2卖,偏多共振 + 多头共振,966,0.2414,0.1835,1.315,0.3416,0.2829,0.0587,L2
2卖,偏多共振 + 纳财,89,0.0256,0.0156,1.643,0.3933,0.2829,0.1104,L2
2卖,偏多共振 + 中枢上穿中轴,173,0.0475,0.0312,1.526,0.3757,0.2829,0.0928,L2
2卖,偏多共振 + 大盘多头,536,0.1214,0.1068,1.137,0.3097,0.2829,0.0268,L2
2卖,偏多共振 + 大盘空头,238,0.0724,0.0401,1.805,0.416,0.2829,0.1331,L2
2卖,偏多共振 + 大盘安全,800,0.2012,0.1515,1.328,0.3438,0.2829,0.0608,L2
2卖,偏多共振 + SID等于1,536,0.1214,0.1068,1.137,0.3097,0.2829,0.0268,L2
2卖,偏多共振 + SID等于2,542,0.15,0.0973,1.542,0.3782,0.2829,0.0953,L2
2卖,偏多共振 + SID小于等于2,872,0.218,0.1657,1.316,0.3417,0.2829,0.0588,L2
2卖,偏多共振 + 大盘5日上涨,861,0.2187,0.1622,1.349,0.3473,0.2829,0.0644,L2
2卖,偏多共振 + 相对强弱大于0,932,0.2348,0.1763,1.332,0.3444,0.2829,0.0615,L2
2卖,偏多共振 + 相对强弱大于5,602,0.1661,0.1082,1.534,0.3771,0.2829,0.0942,L2
2卖,偏多共振 + 量比>=1.3,344,0.0907,0.0635,1.429,0.3605,0.2829,0.0776,L2
2卖,偏多共振 + 量比>=2,107,0.0351,0.017,2.062,0.4486,0.2829,0.1657,L2
2卖,偏多共振 + 距前高<=10%,707,0.1734,0.1356,1.278,0.3352,0.2829,0.0523,L2
2卖,偏多共振 + 距前低<=10%,65,0.0168,0.0121,1.388,0.3538,0.2829,0.0709,L2
2卖,偏多共振 + 相对强弱>=0,869,0.2217,0.1633,1.357,0.3487,0.2829,0.0658,L2
2卖,偏多共振 + 相对强弱>=5,445,0.1302,0.0771,1.69,0.4,0.2829,0.1171,L2
2卖,多头共振 + 纳财,89,0.0256,0.0156,1.643,0.3933,0.2829,0.1104,L2
2卖,多头共振 + 中枢上穿中轴,173,0.0475,0.0312,1.526,0.3757,0.2829,0.0928,L2
2卖,多头共振 + 大盘多头,535,0.1207,0.1068,1.13,0.3084,0.2829,0.0255,L2
2卖,多头共振 + 大盘空头,237,0.0717,0.0401,1.787,0.4135,0.2829,0.1306,L2
2卖,多头共振 + 大盘安全,798,0.1997,0.1515,1.318,0.3421,0.2829,0.0592,L2
2卖,多头共振 + SID等于1,535,0.1207,0.1068,1.13,0.3084,0.2829,0.0255,L2
2卖,多头共振 + SID等于2,541,0.1492,0.0973,1.534,0.3771,0.2829,0.0942,L2
2卖,多头共振 + SID小于等于2,870,0.2165,0.1657,1.307,0.3402,0.2829,0.0573,L2
2卖,多头共振 + 大盘5日上涨,859,0.2173,0.1622,1.34,0.3458,0.2829,0.0628,L2
2卖,多头共振 + 相对强弱大于0,930,0.2334,0.1763,1.323,0.343,0.2829,0.0601,L2
2卖,多头共振 + 相对强弱大于5,601,0.1653,0.1082,1.528,0.376,0.2829,0.0931,L2
2卖,多头共振 + 量比>=1.3,344,0.0907,0.0635,1.429,0.3605,0.2829,0.0776,L2
2卖,多头共振 + 量比>=2,107,0.0351,0.017,2.062,0.4486,0.2829,0.1657,L2
2卖,多头共振 + 距前高<=10%,705,0.1719,0.1356,1.267,0.3333,0.2829,0.0504,L2
2卖,多头共振 + 距前低<=10%,64,0.0161,0.0121,1.328,0.3438,0.2829,0.0608,L2
2卖,多头共振 + 相对强弱>=0,868,0.2209,0.1633,1.352,0.3479,0.2829,0.065,L2
2卖,多头共振 + 相对强弱>=5,444,0.1295,0.0771,1.68,0.3986,0.2829,0.1157,L2
2卖,火箭信号 + 中枢上穿中轴,88,0.0183,0.0182,1.006,0.2841,0.2829,0.0012,L2
2卖,火箭信号 + 大盘多头,149,0.0388,0.0277,1.399,0.3557,0.2829,0.0728,L2
2卖,火箭信号 + 大盘空头,86,0.019,0.0173,1.098,0.3023,0.2829,0.0194,L2
2卖,火箭信号 + 大盘安全,199,0.0497,0.0378,1.316,0.3417,0.2829,0.0588,L2
2卖,火箭信号 + SID等于1,149,0.0388,0.0277,1.399,0.3557,0.2829,0.0728,L2
2卖,火箭信号 + SID等于2,169,0.0417,0.0323,1.29,0.3373,0.2829,0.0544,L2
2卖,火箭信号 + SID小于等于2,220,0.0556,0.0416,1.338,0.3455,0.2829,0.0625,L2
2卖,火箭信号 + 大盘5日上涨,233,0.0556,0.0453,1.227,0.3262,0.2829,0.0433,L2
2卖,火箭信号 + 相对强弱大于0,261,0.0651,0.0496,1.312,0.341,0.2829,0.0581,L2
2卖,火箭信号 + 相对强弱大于5,243,0.0614,0.0459,1.339,0.3457,0.2829,0.0628,L2
2卖,火箭信号 + 量比>=1.3,231,0.0527,0.0459,1.148,0.3117,0.2829,0.0288,L2
2卖,火箭信号 + 量比>=2,179,0.0351,0.0378,0.929,0.2682,0.2829,-0.0147,L2
2卖,火箭信号 + 距前高<=10%,133,0.0337,0.0251,1.34,0.3459,0.2829,0.063,L2
2卖,火箭信号 + 相对强弱>=0,256,0.0636,0.0488,1.305,0.3398,0.2829,0.0569,L2
2卖,火箭信号 + 相对强弱>=5,224,0.0563,0.0424,1.328,0.3438,0.2829,0.0608,L2
2卖,纳财 + 中枢上穿中轴,110,0.0241,0.0222,1.086,0.3,0.2829,0.0171,L2
2卖,纳财 + 大盘多头,221,0.0461,0.0456,1.011,0.2851,0.2829,0.0022,L2
2卖,纳财 + 大盘空头,154,0.0424,0.0277,1.531,0.3766,0.2829,0.0937,L2
2卖,纳财 + 大盘安全,383,0.0878,0.0759,1.157,0.3133,0.2829,0.0304,L2
2卖,纳财 + SID等于1,221,0.0461,0.0456,1.011,0.2851,0.2829,0.0022,L2
2卖,纳财 + SID等于2,307,0.0732,0.0597,1.225,0.3257,0.2829,0.0428,L2
2卖,纳财 + SID小于等于2,414,0.0966,0.0814,1.186,0.3188,0.2829,0.0359,L2
2卖,纳财 + 大盘5日上涨,437,0.098,0.0874,1.121,0.3066,0.2829,0.0237,L2
2卖,纳财 + 相对强弱大于0,463,0.1075,0.0912,1.179,0.3175,0.2829,0.0346,L2
2卖,纳财 + 相对强弱大于5,310,0.0827,0.0569,1.454,0.3645,0.2829,0.0816,L2
2卖,纳财 + 量比>=1.3,229,0.0519,0.0456,1.139,0.31,0.2829,0.0271,L2
2卖,纳财 + 量比>=2,107,0.0219,0.0222,0.988,0.2804,0.2829,-0.0025,L2
2卖,纳财 + 距前高<=10%,233,0.0578,0.0444,1.3,0.3391,0.2829,0.0562,L2
2卖,纳财 + 距前低<=10%,76,0.0102,0.0179,0.572,0.1842,0.2829,-0.0987,L2
2卖,纳财 + 相对强弱>=0,428,0.101,0.0837,1.206,0.3224,0.2829,0.0395,L2
2卖,纳财 + 相对强弱>=5,248,0.0688,0.0444,1.547,0.379,0.2829,0.0961,L2
2卖,中枢进机会区 + 中枢极限底,78,0.019,0.015,1.267,0.3333,0.2829,0.0504,L2
2卖,中枢进机会区 + 中枢上穿中轴,64,0.019,0.011,1.734,0.4062,0.2829,0.1233,L2
2卖,中枢进机会区 + 中枢底部蓄力,126,0.0205,0.0283,0.724,0.2222,0.2829,-0.0607,L2
2卖,中枢进机会区 + 中枢底部回升,131,0.0234,0.0286,0.819,0.2443,0.2829,-0.0386,L2
2卖,中枢进机会区 + 大盘多头,81,0.0139,0.0179,0.777,0.2346,0.2829,-0.0483,L2
2卖,中枢进机会区 + 大盘空头,163,0.03,0.0352,0.852,0.2515,0.2829,-0.0314,L2
2卖,中枢进机会区 + 大盘安全,161,0.03,0.0346,0.866,0.2547,0.2829,-0.0282,L2
2卖,中枢进机会区 + SID等于1,81,0.0139,0.0179,0.777,0.2346,0.2829,-0.0483,L2
2卖,中枢进机会区 + SID等于2,171,0.0358,0.0352,1.018,0.2865,0.2829,0.0036,L2
2卖,中枢进机会区 + SID小于等于2,203,0.0402,0.0427,0.942,0.2709,0.2829,-0.012,L2
2卖,中枢进机会区 + 大盘5日上涨,237,0.0417,0.0519,0.803,0.2405,0.2829,-0.0424,L2
2卖,中枢进机会区 + 相对强弱大于0,251,0.0468,0.054,0.868,0.255,0.2829,-0.0279,L2
2卖,中枢进机会区 + 相对强弱大于5,124,0.0278,0.0248,1.12,0.3065,0.2829,0.0235,L2
2卖,中枢进机会区 + 量比>=1.3,149,0.0256,0.0329,0.778,0.2349,0.2829,-0.048,L2
2卖,中枢进机会区 + 量比>=2,78,0.0102,0.0185,0.554,0.1795,0.2829,-0.1034,L2
2卖,中枢进机会区 + 距前高<=10%,71,0.0168,0.0139,1.215,0.3239,0.2829,0.041,L2
2卖,中枢进机会区 + 距前低<=10%,151,0.0212,0.0352,0.603,0.1921,0.2829,-0.0909,L2
2卖,中枢进机会区 + 相对强弱>=0,230,0.0439,0.0491,0.895,0.2609,0.2829,-0.022,L2
2卖,中枢进机会区 + 相对强弱>=5,87,0.0212,0.0167,1.267,0.3333,0.2829,0.0504,L2
2卖,中枢极限底 + SID等于2,54,0.0161,0.0092,1.743,0.4074,0.2829,0.1245,L2
2卖,中枢极限底 + SID小于等于2,64,0.0176,0.0115,1.521,0.375,0.2829,0.0921,L2
2卖,中枢极限底 + 大盘5日上涨,68,0.0168,0.013,1.296,0.3382,0.2829,0.0553,L2
2卖,中枢极限底 + 相对强弱大于0,74,0.0183,0.0141,1.293,0.3378,0.2829,0.0549,L2
2卖,中枢极限底 + 相对强弱>=0,69,0.0176,0.013,1.352,0.3478,0.2829,0.0649,L2
2卖,中枢上穿中轴 + 中枢底部蓄力,123,0.0322,0.0228,1.412,0.3577,0.2829,0.0748,L2
2卖,中枢上穿中轴 + 中枢底部回升,188,0.0475,0.0355,1.34,0.3457,0.2829,0.0628,L2
2卖,中枢上穿中轴 + 大盘多头,379,0.0819,0.0771,1.063,0.2955,0.2829,0.0126,L2
2卖,中枢上穿中轴 + 大盘空头,442,0.0958,0.0898,1.068,0.2964,0.2829,0.0135,L2
2卖,中枢上穿中轴 + 大盘安全,722,0.1544,0.1475,1.047,0.2922,0.2829,0.0093,L2
2卖,中枢上穿中轴 + SID等于1,379,0.0819,0.0771,1.063,0.2955,0.2829,0.0126,L2
2卖,中枢上穿中轴 + SID等于2,635,0.139,0.1284,1.082,0.2992,0.2829,0.0163,L2
2卖,中枢上穿中轴 + SID小于等于2,820,0.177,0.1668,1.061,0.2951,0.2829,0.0122,L2
2卖,中枢上穿中轴 + 大盘5日上涨,910,0.1873,0.1887,0.992,0.2813,0.2829,-0.0016,L2
2卖,中枢上穿中轴 + 相对强弱大于0,1001,0.2085,0.2066,1.009,0.2847,0.2829,0.0018,L2
2卖,中枢上穿中轴 + 相对强弱大于5,609,0.1456,0.1183,1.23,0.3268,0.2829,0.0439,L2
2卖,中枢上穿中轴 + 量比>=1.3,560,0.1244,0.1126,1.105,0.3036,0.2829,0.0207,L2
2卖,中枢上穿中轴 + 量比>=2,300,0.0702,0.0589,1.193,0.32,0.2829,0.0371,L2
2卖,中枢上穿中轴 + 距前高<=10%,378,0.0951,0.0716,1.329,0.3439,0.2829,0.061,L2
2卖,中枢上穿中轴 + 距前低<=10%,302,0.0475,0.0684,0.695,0.2152,0.2829,-0.0677,L2
2卖,中枢上穿中轴 + 相对强弱>=0,923,0.196,0.189,1.037,0.2904,0.2829,0.0075,L2
2卖,中枢上穿中轴 + 相对强弱>=5,487,0.1178,0.0941,1.252,0.3306,0.2829,0.0477,L2
2卖,中枢底部蓄力 + 中枢底部回升,363,0.0753,0.075,1.004,0.2837,0.2829,0.0008,L2
2卖,中枢底部蓄力 + 大盘多头,93,0.0249,0.017,1.461,0.3656,0.2829,0.0827,L2
2卖,中枢底部蓄力 + 大盘空头,230,0.0424,0.0496,0.855,0.2522,0.2829,-0.0307,L2
2卖,中枢底部蓄力 + 大盘安全,232,0.0519,0.0465,1.118,0.306,0.2829,0.0231,L2
2卖,中枢底部蓄力 + SID等于1,93,0.0249,0.017,1.461,0.3656,0.2829,0.0827,L2
2卖,中枢底部蓄力 + SID等于2,203,0.0483,0.0395,1.221,0.3251,0.2829,0.0422,L2
2卖,中枢底部蓄力 + SID小于等于2,254,0.0585,0.0502,1.165,0.315,0.2829,0.0321,L2
2卖,中枢底部蓄力 + 大盘5日上涨,344,0.071,0.0713,0.995,0.282,0.2829,-0.0009,L2
2卖,中枢底部蓄力 + 相对强弱大于0,340,0.0717,0.0698,1.026,0.2882,0.2829,0.0053,L2
2卖,中枢底部蓄力 + 相对强弱大于5,167,0.0439,0.0309,1.421,0.3593,0.2829,0.0764,L2
2卖,中枢底部蓄力 + 量比>=1.3,183,0.0402,0.0369,1.089,0.3005,0.2829,0.0176,L2
2卖,中枢底部蓄力 + 量比>=2,105,0.0271,0.0196,1.379,0.3524,0.2829,0.0695,L2
2卖,中枢底部蓄力 + 距前低<=10%,190,0.0256,0.0447,0.572,0.1842,0.2829,-0.0987,L2
2卖,中枢底部蓄力 + 相对强弱>=0,312,0.0666,0.0638,1.044,0.2917,0.2829,0.0088,L2
2卖,中枢底部蓄力 + 相对强弱>=5,126,0.0351,0.0225,1.56,0.381,0.2829,0.098,L2
2卖,中枢底部回升 + 大盘多头,113,0.03,0.0208,1.443,0.3628,0.2829,0.0799,L2
2卖,中枢底部回升 + 大盘空头,282,0.0541,0.06,0.902,0.2624,0.2829,-0.0205,L2
2卖,中枢底部回升 + 大盘安全,292,0.0644,0.0589,1.093,0.3014,0.2829,0.0185,L2
2卖,中枢底部回升 + SID等于1,113,0.03,0.0208,1.443,0.3628,0.2829,0.0799,L2
2卖,中枢底部回升 + SID等于2,260,0.0593,0.0517,1.147,0.3115,0.2829,0.0286,L2
2卖,中枢底部回升 + SID小于等于2,323,0.0724,0.0646,1.12,0.3065,0.2829,0.0236,L2
2卖,中枢底部回升 + 大盘5日上涨,423,0.0885,0.0872,1.016,0.2861,0.2829,0.0031,L2
2卖,中枢底部回升 + 相对强弱大于0,430,0.0907,0.0883,1.027,0.2884,0.2829,0.0055,L2
2卖,中枢底部回升 + 相对强弱大于5,215,0.0549,0.0404,1.358,0.3488,0.2829,0.0659,L2
2卖,中枢底部回升 + 量比>=1.3,231,0.0483,0.0476,1.014,0.2857,0.2829,0.0028,L2
2卖,中枢底部回升 + 量比>=2,125,0.0315,0.0237,1.329,0.344,0.2829,0.0611,L2
2卖,中枢底部回升 + 距前高<=10%,88,0.0219,0.0167,1.311,0.3409,0.2829,0.058,L2
2卖,中枢底部回升 + 距前低<=10%,223,0.0329,0.0514,0.641,0.2018,0.2829,-0.0811,L2
2卖,中枢底部回升 + 相对强弱>=0,396,0.0834,0.0814,1.025,0.2879,0.2829,0.005,L2
2卖,中枢底部回升 + 相对强弱>=5,164,0.0446,0.0297,1.501,0.372,0.2829,0.089,L2
2卖,大盘多头 + 大盘安全,2345,0.4638,0.4938,0.939,0.2704,0.2829,-0.0125,L2
2卖,大盘多头 + SID等于1,2345,0.4638,0.4938,0.939,0.2704,0.2829,-0.0125,L2
2卖,大盘多头 + SID等于2,1267,0.2553,0.2649,0.964,0.2755,0.2829,-0.0075,L2
2卖,大盘多头 + SID小于等于2,2345,0.4638,0.4938,0.939,0.2704,0.2829,-0.0125,L2
2卖,大盘多头 + 大盘5日上涨,2234,0.4411,0.4707,0.937,0.2699,0.2829,-0.013,L2
2卖,大盘多头 + 相对强弱大于0,2207,0.4411,0.4629,0.953,0.2732,0.2829,-0.0097,L2
2卖,大盘多头 + 相对强弱大于5,1350,0.297,0.2724,1.09,0.3007,0.2829,0.0178,L2
2卖,大盘多头 + 量比>=1.3,978,0.2012,0.2029,0.992,0.2812,0.2829,-0.0017,L2
2卖,大盘多头 + 量比>=2,389,0.0907,0.0765,1.186,0.3188,0.2829,0.0359,L2
2卖,大盘多头 + 距前高<=10%,1237,0.2751,0.2485,1.107,0.304,0.2829,0.0211,L2
2卖,大盘多头 + 距前低<=10%,292,0.0497,0.0646,0.769,0.2329,0.2829,-0.05,L2
2卖,大盘多头 + 相对强弱>=0,2043,0.4097,0.428,0.957,0.2741,0.2829,-0.0088,L2
2卖,大盘多头 + 相对强弱>=5,1037,0.2443,0.2029,1.204,0.3221,0.2829,0.0392,L2
2卖,大盘空头 + 大盘安全,717,0.1982,0.1287,1.54,0.378,0.2829,0.0951,L2
2卖,大盘空头 + SID等于2,776,0.2129,0.14,1.521,0.375,0.2829,0.0921,L2
2卖,大盘空头 + SID小于等于2,776,0.2129,0.14,1.521,0.375,0.2829,0.0921,L2
2卖,大盘空头 + 大盘5日上涨,1287,0.2816,0.2603,1.082,0.2991,0.2829,0.0162,L2
2卖,大盘空头 + 相对强弱大于0,1516,0.3299,0.3074,1.073,0.2975,0.2829,0.0146,L2
2卖,大盘空头 + 相对强弱大于5,1069,0.2465,0.2113,1.167,0.3152,0.2829,0.0323,L2
2卖,大盘空头 + 量比>=1.3,661,0.139,0.1359,1.023,0.2874,0.2829,0.0045,L2
2卖,大盘空头 + 量比>=2,298,0.0607,0.062,0.979,0.2785,0.2829,-0.0044,L2
2卖,大盘空头 + 距前高<=10%,680,0.1778,0.1261,1.409,0.3574,0.2829,0.0744,L2
2卖,大盘空头 + 距前低<=10%,410,0.0607,0.0944,0.643,0.2024,0.2829,-0.0805,L2
2卖,大盘空头 + 相对强弱>=0,1460,0.3189,0.2955,1.079,0.2986,0.2829,0.0157,L2
2卖,大盘空头 + 相对强弱>=5,826,0.2041,0.1579,1.293,0.3378,0.2829,0.0549,L2
2卖,大盘安全 + SID等于1,2345,0.4638,0.4938,0.939,0.2704,0.2829,-0.0125,L2
2卖,大盘安全 + SID等于2,2661,0.5969,0.5325,1.121,0.3067,0.2829,0.0237,L2
2卖,大盘安全 + SID小于等于2,3739,0.8054,0.7613,1.058,0.2945,0.2829,0.0116,L2
2卖,大盘安全 + 大盘5日上涨,3628,0.7827,0.7382,1.06,0.2949,0.2829,0.012,L2
2卖,大盘安全 + 相对强弱大于0,3546,0.7769,0.7169,1.084,0.2995,0.2829,0.0166,L2
2卖,大盘安全 + 相对强弱大于5,2056,0.5135,0.3908,1.314,0.3414,0.2829,0.0585,L2
2卖,大盘安全 + 量比>=1.3,1492,0.3189,0.3048,1.047,0.2922,0.2829,0.0093,L2
2卖,大盘安全 + 量比>=2,574,0.1346,0.1126,1.196,0.3206,0.2829,0.0377,L2
2卖,大盘安全 + 距前高<=10%,1871,0.4572,0.3596,1.271,0.334,0.2829,0.0511,L2
2卖,大盘安全 + 距前低<=10%,607,0.1083,0.1325,0.817,0.2438,0.2829,-0.0391,L2
2卖,大盘安全 + 相对强弱>=0,3246,0.7198,0.6528,1.103,0.3031,0.2829,0.0202,L2
2卖,大盘安全 + 相对强弱>=5,1554,0.4126,0.2857,1.444,0.3629,0.2829,0.08,L2
2卖,SID等于1 + SID等于2,1267,0.2553,0.2649,0.964,0.2755,0.2829,-0.0075,L2
2卖,SID等于1 + SID小于等于2,2345,0.4638,0.4938,0.939,0.2704,0.2829,-0.0125,L2
2卖,SID等于1 + 大盘5日上涨,2234,0.4411,0.4707,0.937,0.2699,0.2829,-0.013,L2
2卖,SID等于1 + 相对强弱大于0,2207,0.4411,0.4629,0.953,0.2732,0.2829,-0.0097,L2
2卖,SID等于1 + 相对强弱大于5,1350,0.297,0.2724,1.09,0.3007,0.2829,0.0178,L2
2卖,SID等于1 + 量比>=1.3,978,0.2012,0.2029,0.992,0.2812,0.2829,-0.0017,L2
2卖,SID等于1 + 量比>=2,389,0.0907,0.0765,1.186,0.3188,0.2829,0.0359,L2
2卖,SID等于1 + 距前高<=10%,1237,0.2751,0.2485,1.107,0.304,0.2829,0.0211,L2
2卖,SID等于1 + 距前低<=10%,292,0.0497,0.0646,0.769,0.2329,0.2829,-0.05,L2
2卖,SID等于1 + 相对强弱>=0,2043,0.4097,0.428,0.957,0.2741,0.2829,-0.0088,L2
2卖,SID等于1 + 相对强弱>=5,1037,0.2443,0.2029,1.204,0.3221,0.2829,0.0392,L2
2卖,SID等于2 + SID小于等于2,2999,0.6715,0.6006,1.118,0.3061,0.2829,0.0232,L2
2卖,SID等于2 + 大盘5日上涨,2730,0.6152,0.5452,1.128,0.3081,0.2829,0.0252,L2
2卖,SID等于2 + 相对强弱大于0,2903,0.6584,0.5781,1.139,0.31,0.2829,0.0271,L2
2卖,SID等于2 + 相对强弱大于5,1791,0.4587,0.3359,1.365,0.3501,0.2829,0.0672,L2
2卖,SID等于2 + 量比>=1.3,1260,0.2743,0.2554,1.074,0.2976,0.2829,0.0147,L2
2卖,SID等于2 + 量比>=2,513,0.1178,0.1016,1.159,0.3138,0.2829,0.0309,L2
2卖,SID等于2 + 距前高<=10%,1430,0.3753,0.2646,1.418,0.3587,0.2829,0.0758,L2
2卖,SID等于2 + 距前低<=10%,526,0.1017,0.1117,0.91,0.2643,0.2829,-0.0186,L2
2卖,SID等于2 + 相对强弱>=0,2697,0.6174,0.5348,1.155,0.3129,0.2829,0.03,L2
2卖,SID等于2 + 相对强弱>=5,1379,0.3672,0.2531,1.451,0.364,0.2829,0.0811,L2
2卖,SID小于等于2 + 大盘5日上涨,3775,0.8164,0.7674,1.064,0.2956,0.2829,0.0127,L2
2卖,SID小于等于2 + 相对强弱大于0,3884,0.8515,0.785,1.085,0.2997,0.2829,0.0168,L2
2卖,SID小于等于2 + 相对强弱大于5,2334,0.5786,0.4453,1.299,0.3389,0.2829,0.056,L2
2卖,SID小于等于2 + 量比>=1.3,1650,0.3584,0.3348,1.071,0.297,0.2829,0.0141,L2
2卖,SID小于等于2 + 量比>=2,645,0.1492,0.1273,1.173,0.3163,0.2829,0.0334,L2
2卖,SID小于等于2 + 距前高<=10%,2066,0.5011,0.3986,1.257,0.3316,0.2829,0.0487,L2
2卖,SID小于等于2 + 距前低<=10%,687,0.1229,0.1498,0.82,0.2445,0.2829,-0.0384,L2
2卖,SID小于等于2 + 相对强弱>=0,3579,0.7944,0.7195,1.104,0.3034,0.2829,0.0205,L2
2卖,SID小于等于2 + 相对强弱>=5,1783,0.4689,0.3296,1.423,0.3595,0.2829,0.0766,L2
2卖,大盘5日上涨 + 相对强弱大于0,4117,0.8669,0.8462,1.024,0.2878,0.2829,0.0049,L2
2卖,大盘5日上涨 + 相对强弱大于5,2503,0.5838,0.4921,1.186,0.3188,0.2829,0.0359,L2
2卖,大盘5日上涨 + 量比>=1.3,1770,0.368,0.3657,1.006,0.2842,0.2829,0.0013,L2
2卖,大盘5日上涨 + 量比>=2,717,0.1544,0.146,1.057,0.2943,0.2829,0.0114,L2
2卖,大盘5日上涨 + 距前高<=10%,2082,0.5026,0.4026,1.248,0.33,0.2829,0.0471,L2
2卖,大盘5日上涨 + 距前低<=10%,801,0.1324,0.1789,0.74,0.226,0.2829,-0.0569,L2
2卖,大盘5日上涨 + 相对强弱>=0,3807,0.8083,0.7798,1.037,0.2903,0.2829,0.0073,L2
2卖,大盘5日上涨 + 相对强弱>=5,1912,0.4762,0.3639,1.309,0.3405,0.2829,0.0576,L2
2卖,相对强弱大于0 + 相对强弱大于5,2905,0.6715,0.5734,1.171,0.316,0.2829,0.0331,L2
2卖,相对强弱大于0 + 量比>=1.3,1909,0.4075,0.3902,1.044,0.2918,0.2829,0.0089,L2
2卖,相对强弱大于0 + 量比>=2,778,0.1741,0.1558,1.117,0.3059,0.2829,0.023,L2
2卖,相对强弱大于0 + 距前高<=10%,2271,0.5516,0.4378,1.26,0.332,0.2829,0.0491,L2
2卖,相对强弱大于0 + 距前低<=10%,826,0.1361,0.1847,0.737,0.2252,0.2829,-0.0577,L2
2卖,相对强弱大于0 + 相对强弱>=0,4316,0.9122,0.8857,1.03,0.2889,0.2829,0.006,L2
2卖,相对强弱大于0 + 相对强弱>=5,2247,0.5516,0.4309,1.28,0.3356,0.2829,0.0527,L2
2卖,相对强弱大于5 + 量比>=1.3,1260,0.2948,0.2473,1.192,0.3198,0.2829,0.0369,L2
2卖,相对强弱大于5 + 量比>=2,557,0.1295,0.1097,1.181,0.3178,0.2829,0.0349,L2
2卖,相对强弱大于5 + 距前高<=10%,1415,0.3767,0.2597,1.45,0.364,0.2829,0.0811,L2
2卖,相对强弱大于5 + 距前低<=10%,262,0.0446,0.058,0.769,0.2328,0.2829,-0.0501,L2
2卖,相对强弱大于5 + 相对强弱>=0,2874,0.6672,0.5662,1.178,0.3173,0.2829,0.0344,L2
2卖,相对强弱大于5 + 相对强弱>=5,2247,0.5516,0.4309,1.28,0.3356,0.2829,0.0527,L2
2卖,量比>=1.3 + 量比>=2,822,0.18,0.1662,1.083,0.2993,0.2829,0.0164,L2
2卖,量比>=1.3 + 距前高<=10%,980,0.2326,0.1911,1.218,0.3245,0.2829,0.0416,L2
2卖,量比>=1.3 + 距前低<=10%,328,0.0497,0.075,0.663,0.2073,0.2829,-0.0756,L2
2卖,量比>=1.3 + 相对强弱>=0,1793,0.3826,0.3665,1.044,0.2917,0.2829,0.0088,L2
2卖,量比>=1.3 + 相对强弱>=5,1035,0.2553,0.198,1.29,0.3372,0.2829,0.0543,L2
2卖,量比>=2 + 距前高<=10%,381,0.0995,0.0707,1.407,0.357,0.2829,0.074,L2
2卖,量比>=2 + 距前低<=10%,117,0.0168,0.0271,0.62,0.1966,0.2829,-0.0863,L2
2卖,量比>=2 + 相对强弱>=0,735,0.1624,0.1481,1.097,0.302,0.2829,0.0191,L2
2卖,量比>=2 + 相对强弱>=5,485,0.1156,0.0944,1.225,0.3258,0.2829,0.0429,L2
2卖,距前高<=10% + 距前低<=10%,358,0.0732,0.0745,0.982,0.2793,0.2829,-0.0036,L2
2卖,距前高<=10% + 相对强弱>=0,2124,0.5194,0.4081,1.273,0.3343,0.2829,0.0514,L2
2卖,距前高<=10% + 相对强弱>=5,1113,0.3153,0.1968,1.602,0.3872,0.2829,0.1043,L2
2卖,距前低<=10% + 相对强弱>=0,709,0.1119,0.1605,0.698,0.2158,0.2829,-0.0671,L2
2卖,距前低<=10% + 相对强弱>=5,145,0.0271,0.0312,0.868,0.2552,0.2829,-0.0277,L2
2卖,相对强弱>=0 + 相对强弱>=5,2247,0.5516,0.4309,1.28,0.3356,0.2829,0.0527,L2
2卖,上升中回调 + 偏多共振 + 多头共振,191,0.0483,0.0361,1.338,0.3455,0.2829,0.0626,L3
2卖,上升中回调 + 偏多共振 + 相对强弱>=5,56,0.019,0.0087,2.197,0.4643,0.2829,0.1814,L3
2卖,上升中回调 + 偏多共振 + 站上MA89,191,0.0483,0.0361,1.338,0.3455,0.2829,0.0626,L3
2卖,上升中回调 + 偏多共振 + 距前高<=10%,155,0.0395,0.0291,1.355,0.3484,0.2829,0.0655,L3
2卖,上升中回调 + 偏多共振 + 量比大于2,56,0.0154,0.0101,1.521,0.375,0.2829,0.0921,L3
2卖,上升中回调 + 偏多共振 + 趋势多头,188,0.0468,0.0358,1.308,0.3404,0.2829,0.0575,L3
2卖,上升中回调 + 偏多共振 + 相对强弱大于5,83,0.0285,0.0127,2.247,0.4699,0.2829,0.187,L3
2卖,上升中回调 + 偏多共振 + 威科夫得分大于7,148,0.0395,0.0271,1.456,0.3649,0.2829,0.082,L3
2卖,上升中回调 + 偏多共振 + 多头排列,167,0.0395,0.0326,1.211,0.3234,0.2829,0.0404,L3
2卖,上升中回调 + 偏多共振 + 斐波短中多头,146,0.0351,0.0283,1.242,0.3288,0.2829,0.0459,L3
2卖,上升中回调 + 多头共振 + 相对强弱>=5,56,0.019,0.0087,2.197,0.4643,0.2829,0.1814,L3
2卖,上升中回调 + 多头共振 + 站上MA89,191,0.0483,0.0361,1.338,0.3455,0.2829,0.0626,L3
2卖,上升中回调 + 多头共振 + 距前高<=10%,155,0.0395,0.0291,1.355,0.3484,0.2829,0.0655,L3
2卖,上升中回调 + 多头共振 + 量比大于2,56,0.0154,0.0101,1.521,0.375,0.2829,0.0921,L3
2卖,上升中回调 + 多头共振 + 趋势多头,188,0.0468,0.0358,1.308,0.3404,0.2829,0.0575,L3
2卖,上升中回调 + 多头共振 + 相对强弱大于5,83,0.0285,0.0127,2.247,0.4699,0.2829,0.187,L3
2卖,上升中回调 + 多头共振 + 威科夫得分大于7,148,0.0395,0.0271,1.456,0.3649,0.2829,0.082,L3
2卖,上升中回调 + 多头共振 + 多头排列,167,0.0395,0.0326,1.211,0.3234,0.2829,0.0404,L3
2卖,上升中回调 + 多头共振 + 斐波短中多头,146,0.0351,0.0283,1.242,0.3288,0.2829,0.0459,L3
2卖,上升中回调 + 相对强弱>=5 + 站上MA89,139,0.0505,0.0202,2.499,0.4964,0.2829,0.2135,L3
2卖,上升中回调 + 相对强弱>=5 + 距前高<=10%,111,0.0395,0.0165,2.401,0.4865,0.2829,0.2036,L3
2卖,上升中回调 + 相对强弱>=5 + 量比大于2,69,0.0271,0.0092,2.931,0.5362,0.2829,0.2533,L3
2卖,上升中回调 + 相对强弱>=5 + 趋势多头,145,0.0512,0.0216,2.366,0.4828,0.2829,0.1999,L3
2卖,上升中回调 + 相对强弱>=5 + 相对强弱大于5,145,0.0512,0.0216,2.366,0.4828,0.2829,0.1999,L3
2卖,上升中回调 + 相对强弱>=5 + 威科夫得分大于7,91,0.0337,0.013,2.591,0.5055,0.2829,0.2226,L3
2卖,上升中回调 + 相对强弱>=5 + 多头排列,131,0.0446,0.0202,2.209,0.4656,0.2829,0.1827,L3
2卖,上升中回调 + 相对强弱>=5 + 斐波短中多头,115,0.0402,0.0173,2.324,0.4783,0.2829,0.1954,L3
2卖,上升中回调 + 突破前高 + 站上MA89,51,0.0132,0.0095,1.383,0.3529,0.2829,0.07,L3
2卖,上升中回调 + 突破前高 + 距前高<=10%,50,0.0124,0.0095,1.306,0.34,0.2829,0.0571,L3
2卖,上升中回调 + 突破前高 + 趋势多头,53,0.0132,0.0101,1.304,0.3396,0.2829,0.0567,L3
2卖,上升中回调 + 突破前高 + 多头排列,50,0.0117,0.0098,1.193,0.32,0.2829,0.0371,L3
2卖,上升中回调 + 突破前高 + 斐波短中多头,50,0.0124,0.0095,1.306,0.34,0.2829,0.0571,L3
2卖,上升中回调 + 站上MA89 + 距前高<=10%,385,0.098,0.0724,1.353,0.3481,0.2829,0.0651,L3
2卖,上升中回调 + 站上MA89 + 量比大于2,180,0.0497,0.0323,1.539,0.3778,0.2829,0.0949,L3
2卖,上升中回调 + 站上MA89 + 趋势多头,461,0.1178,0.0866,1.36,0.3492,0.2829,0.0663,L3
2卖,上升中回调 + 站上MA89 + 相对强弱大于5,201,0.0658,0.032,2.055,0.4478,0.2829,0.1649,L3
2卖,上升中回调 + 站上MA89 + 威科夫得分大于7,282,0.0768,0.0511,1.504,0.3723,0.2829,0.0894,L3
2卖,上升中回调 + 站上MA89 + 多头排列,384,0.0944,0.0736,1.282,0.3359,0.2829,0.053,L3
2卖,上升中回调 + 站上MA89 + 斐波短中多头,339,0.0849,0.0644,1.319,0.3422,0.2829,0.0593,L3
2卖,上升中回调 + 距前高<=10% + 量比大于2,155,0.0446,0.0271,1.645,0.3935,0.2829,0.1106,L3
2卖,上升中回调 + 距前高<=10% + 趋势多头,394,0.098,0.075,1.306,0.3401,0.2829,0.0572,L3
2卖,上升中回调 + 距前高<=10% + 相对强弱大于5,158,0.0534,0.0245,2.177,0.462,0.2829,0.1791,L3
2卖,上升中回调 + 距前高<=10% + 威科夫得分大于7,237,0.0651,0.0427,1.524,0.3755,0.2829,0.0926,L3
2卖,上升中回调 + 距前高<=10% + 多头排列,340,0.0834,0.0652,1.279,0.3353,0.2829,0.0524,L3
2卖,上升中回调 + 距前高<=10% + 斐波短中多头,309,0.0768,0.0589,1.305,0.3398,0.2829,0.0569,L3
2卖,上升中回调 + 量比大于2 + 趋势多头,187,0.0512,0.0338,1.517,0.3743,0.2829,0.0914,L3
2卖,上升中回调 + 量比大于2 + 相对强弱大于5,86,0.0315,0.0124,2.535,0.5,0.2829,0.2171,L3
2卖,上升中回调 + 量比大于2 + 威科夫得分大于7,102,0.0285,0.0182,1.569,0.3824,0.2829,0.0994,L3
2卖,上升中回调 + 量比大于2 + 多头排列,140,0.0351,0.0266,1.322,0.3429,0.2829,0.06,L3
2卖,上升中回调 + 量比大于2 + 斐波短中多头,132,0.0344,0.0245,1.402,0.3561,0.2829,0.0732,L3
2卖,上升中回调 + 趋势多头 + 相对强弱大于5,206,0.0673,0.0329,2.046,0.4466,0.2829,0.1637,L3
2卖,上升中回调 + 趋势多头 + 威科夫得分大于7,295,0.0775,0.0545,1.422,0.3593,0.2829,0.0764,L3
2卖,上升中回调 + 趋势多头 + 多头排列,413,0.0988,0.0802,1.231,0.3269,0.2829,0.044,L3
2卖,上升中回调 + 趋势多头 + 斐波短中多头,356,0.0871,0.0684,1.273,0.3343,0.2829,0.0514,L3
2卖,上升中回调 + 相对强弱大于5 + 威科夫得分大于7,132,0.0454,0.0202,2.245,0.4697,0.2829,0.1868,L3
2卖,上升中回调 + 相对强弱大于5 + 多头排列,187,0.06,0.0303,1.98,0.4385,0.2829,0.1556,L3
2卖,上升中回调 + 相对强弱大于5 + 斐波短中多头,164,0.0541,0.026,2.084,0.4512,0.2829,0.1683,L3
2卖,上升中回调 + 威科夫得分大于7 + 多头排列,274,0.0702,0.0514,1.367,0.3504,0.2829,0.0675,L3
2卖,上升中回调 + 威科夫得分大于7 + 斐波短中多头,217,0.0571,0.0401,1.422,0.3594,0.2829,0.0765,L3
2卖,上升中回调 + 多头排列 + 斐波短中多头,321,0.0768,0.0623,1.232,0.3271,0.2829,0.0442,L3
2卖,偏多共振 + 多头共振 + 相对强弱>=5,444,0.1295,0.0771,1.68,0.3986,0.2829,0.1157,L3
2卖,偏多共振 + 多头共振 + 突破前高,169,0.0373,0.0341,1.096,0.3018,0.2829,0.0189,L3
2卖,偏多共振 + 多头共振 + 站上MA89,959,0.2399,0.1821,1.318,0.342,0.2829,0.0591,L3
2卖,偏多共振 + 多头共振 + 距前高<=10%,705,0.1719,0.1356,1.267,0.3333,0.2829,0.0504,L3
2卖,偏多共振 + 多头共振 + 斐波全多头,144,0.0329,0.0286,1.152,0.3125,0.2829,0.0296,L3
2卖,偏多共振 + 多头共振 + 量比大于2,315,0.09,0.0554,1.624,0.3905,0.2829,0.1076,L3
2卖,偏多共振 + 多头共振 + 趋势多头,742,0.1829,0.142,1.288,0.3369,0.2829,0.054,L3
2卖,偏多共振 + 多头共振 + 相对强弱大于5,601,0.1653,0.1082,1.528,0.376,0.2829,0.0931,L3
2卖,偏多共振 + 多头共振 + 威科夫得分大于7,757,0.1939,0.142,1.365,0.3501,0.2829,0.0672,L3
2卖,偏多共振 + 多头共振 + MA55上穿MA89,53,0.0139,0.0098,1.416,0.3585,0.2829,0.0756,L3
2卖,偏多共振 + 多头共振 + 多头排列,706,0.169,0.1371,1.233,0.3272,0.2829,0.0443,L3
2卖,偏多共振 + 多头共振 + 斐波短中多头,573,0.1324,0.1131,1.17,0.3159,0.2829,0.033,L3
2卖,偏多共振 + 相对强弱>=5 + 突破前高,105,0.0271,0.0196,1.379,0.3524,0.2829,0.0695,L3
2卖,偏多共振 + 相对强弱>=5 + 站上MA89,445,0.1302,0.0771,1.69,0.4,0.2829,0.1171,L3
2卖,偏多共振 + 相对强弱>=5 + 距前高<=10%,322,0.0929,0.0563,1.651,0.3944,0.2829,0.1115,L3
2卖,偏多共振 + 相对强弱>=5 + 量比大于2,176,0.0607,0.0268,2.262,0.4716,0.2829,0.1887,L3
2卖,偏多共振 + 相对强弱>=5 + 趋势多头,338,0.1017,0.0574,1.771,0.4112,0.2829,0.1283,L3
2卖,偏多共振 + 相对强弱>=5 + 相对强弱大于5,445,0.1302,0.0771,1.69,0.4,0.2829,0.1171,L3
2卖,偏多共振 + 相对强弱>=5 + 威科夫得分大于7,360,0.1053,0.0623,1.69,0.4,0.2829,0.1171,L3
2卖,偏多共振 + 相对强弱>=5 + 多头排列,329,0.098,0.0563,1.742,0.4073,0.2829,0.1244,L3
2卖,偏多共振 + 相对强弱>=5 + 斐波短中多头,260,0.0724,0.0465,1.559,0.3808,0.2829,0.0979,L3
2卖,偏多共振 + 突破前高 + 站上MA89,169,0.0373,0.0341,1.096,0.3018,0.2829,0.0189,L3
2卖,偏多共振 + 突破前高 + 距前高<=10%,162,0.0344,0.0332,1.036,0.2901,0.2829,0.0072,L3
2卖,偏多共振 + 突破前高 + 量比大于2,88,0.0249,0.0156,1.596,0.3864,0.2829,0.1035,L3
2卖,偏多共振 + 突破前高 + 趋势多头,167,0.0373,0.0335,1.114,0.3054,0.2829,0.0225,L3
2卖,偏多共振 + 突破前高 + 相对强弱大于5,133,0.0307,0.0263,1.17,0.3158,0.2829,0.0329,L3
2卖,偏多共振 + 突破前高 + 威科夫得分大于7,135,0.0315,0.0266,1.185,0.3185,0.2829,0.0356,L3
2卖,偏多共振 + 突破前高 + 多头排列,165,0.0366,0.0332,1.102,0.303,0.2829,0.0201,L3
2卖,偏多共振 + 突破前高 + 斐波短中多头,155,0.0329,0.0317,1.037,0.2903,0.2829,0.0074,L3
2卖,偏多共振 + 站上MA89 + 距前高<=10%,707,0.1734,0.1356,1.278,0.3352,0.2829,0.0523,L3
2卖,偏多共振 + 站上MA89 + 斐波全多头,144,0.0329,0.0286,1.152,0.3125,0.2829,0.0296,L3
2卖,偏多共振 + 站上MA89 + 量比大于2,311,0.0885,0.0548,1.614,0.3891,0.2829,0.1062,L3
2卖,偏多共振 + 站上MA89 + 趋势多头,743,0.1836,0.142,1.293,0.3378,0.2829,0.0549,L3
2卖,偏多共振 + 站上MA89 + 相对强弱大于5,600,0.1661,0.1076,1.543,0.3783,0.2829,0.0954,L3
2卖,偏多共振 + 站上MA89 + 威科夫得分大于7,754,0.1939,0.1411,1.374,0.3515,0.2829,0.0686,L3
2卖,偏多共振 + 站上MA89 + MA55上穿MA89,53,0.0139,0.0098,1.416,0.3585,0.2829,0.0756,L3
2卖,偏多共振 + 站上MA89 + 多头排列,707,0.1697,0.1371,1.238,0.3281,0.2829,0.0452,L3
2卖,偏多共振 + 站上MA89 + 斐波短中多头,573,0.1324,0.1131,1.17,0.3159,0.2829,0.033,L3
2卖,偏多共振 + 距前高<=10% + 斐波全多头,118,0.0271,0.0234,1.158,0.3136,0.2829,0.0307,L3
2卖,偏多共振 + 距前高<=10% + 量比大于2,230,0.0636,0.0413,1.542,0.3783,0.2829,0.0954,L3
2卖,偏多共振 + 距前高<=10% + 趋势多头,622,0.1492,0.1206,1.237,0.328,0.2829,0.0451,L3
2卖,偏多共振 + 距前高<=10% + 相对强弱大于5,439,0.1178,0.0802,1.468,0.3667,0.2829,0.0838,L3
2卖,偏多共振 + 距前高<=10% + 威科夫得分大于7,555,0.1419,0.1042,1.362,0.3495,0.2829,0.0666,L3
2卖,偏多共振 + 距前高<=10% + 多头排列,591,0.1383,0.116,1.192,0.3198,0.2829,0.0369,L3
2卖,偏多共振 + 距前高<=10% + 斐波短中多头,501,0.1134,0.0999,1.136,0.3094,0.2829,0.0265,L3
2卖,偏多共振 + 斐波全多头 + 趋势多头,141,0.0315,0.0283,1.112,0.305,0.2829,0.0221,L3
2卖,偏多共振 + 斐波全多头 + 相对强弱大于5,82,0.0219,0.015,1.462,0.3659,0.2829,0.0829,L3
2卖,偏多共振 + 斐波全多头 + 威科夫得分大于7,139,0.0322,0.0274,1.174,0.3165,0.2829,0.0336,L3
2卖,偏多共振 + 斐波全多头 + 多头排列,140,0.0307,0.0283,1.086,0.3,0.2829,0.0171,L3
2卖,偏多共振 + 斐波全多头 + 斐波短中多头,144,0.0329,0.0286,1.152,0.3125,0.2829,0.0296,L3
2卖,偏多共振 + 量比大于2 + 趋势多头,235,0.0688,0.0407,1.69,0.4,0.2829,0.1171,L3
2卖,偏多共振 + 量比大于2 + 相对强弱大于5,219,0.0702,0.0355,1.978,0.4384,0.2829,0.1555,L3
2卖,偏多共振 + 量比大于2 + 威科夫得分大于7,254,0.0753,0.0436,1.729,0.4055,0.2829,0.1226,L3
2卖,偏多共振 + 量比大于2 + 多头排列,220,0.0629,0.0387,1.627,0.3909,0.2829,0.108,L3
2卖,偏多共振 + 量比大于2 + 斐波短中多头,192,0.0505,0.0355,1.422,0.3594,0.2829,0.0765,L3
2卖,偏多共振 + 趋势多头 + 相对强弱大于5,464,0.1287,0.0831,1.549,0.3793,0.2829,0.0964,L3
2卖,偏多共振 + 趋势多头 + 威科夫得分大于7,608,0.1536,0.1149,1.337,0.3454,0.2829,0.0625,L3
2卖,偏多共振 + 趋势多头 + 多头排列,707,0.1697,0.1371,1.238,0.3281,0.2829,0.0452,L3
2卖,偏多共振 + 趋势多头 + 斐波短中多头,567,0.1295,0.1126,1.15,0.3122,0.2829,0.0293,L3
2卖,偏多共振 + 相对强弱大于5 + 威科夫得分大于7,489,0.1361,0.0874,1.556,0.3804,0.2829,0.0975,L3
2卖,偏多共振 + 相对强弱大于5 + 多头排列,454,0.1244,0.082,1.517,0.3744,0.2829,0.0915,L3
2卖,偏多共振 + 相对强弱大于5 + 斐波短中多头,366,0.098,0.067,1.464,0.3661,0.2829,0.0832,L3
2卖,偏多共振 + 威科夫得分大于7 + 多头排列,588,0.1456,0.1123,1.297,0.3384,0.2829,0.0555,L3
2卖,偏多共振 + 威科夫得分大于7 + 斐波短中多头,461,0.1083,0.0903,1.199,0.321,0.2829,0.0381,L3
2卖,偏多共振 + 多头排列 + 斐波短中多头,550,0.1244,0.1097,1.134,0.3091,0.2829,0.0262,L3
2卖,多头共振 + 相对强弱>=5 + 突破前高,105,0.0271,0.0196,1.379,0.3524,0.2829,0.0695,L3
2卖,多头共振 + 相对强弱>=5 + 站上MA89,444,0.1295,0.0771,1.68,0.3986,0.2829,0.1157,L3
2卖,多头共振 + 相对强弱>=5 + 距前高<=10%,321,0.0922,0.0563,1.638,0.3925,0.2829,0.1096,L3
2卖,多头共振 + 相对强弱>=5 + 量比大于2,176,0.0607,0.0268,2.262,0.4716,0.2829,0.1887,L3
2卖,多头共振 + 相对强弱>=5 + 趋势多头,337,0.101,0.0574,1.758,0.4095,0.2829,0.1266,L3
2卖,多头共振 + 相对强弱>=5 + 相对强弱大于5,444,0.1295,0.0771,1.68,0.3986,0.2829,0.1157,L3
2卖,多头共振 + 相对强弱>=5 + 威科夫得分大于7,360,0.1053,0.0623,1.69,0.4,0.2829,0.1171,L3
2卖,多头共振 + 相对强弱>=5 + 多头排列,328,0.0973,0.0563,1.729,0.4055,0.2829,0.1226,L3
2卖,多头共振 + 相对强弱>=5 + 斐波短中多头,260,0.0724,0.0465,1.559,0.3808,0.2829,0.0979,L3
2卖,多头共振 + 突破前高 + 站上MA89,169,0.0373,0.0341,1.096,0.3018,0.2829,0.0189,L3
2卖,多头共振 + 突破前高 + 距前高<=10%,162,0.0344,0.0332,1.036,0.2901,0.2829,0.0072,L3
2卖,多头共振 + 突破前高 + 量比大于2,88,0.0249,0.0156,1.596,0.3864,0.2829,0.1035,L3
2卖,多头共振 + 突破前高 + 趋势多头,167,0.0373,0.0335,1.114,0.3054,0.2829,0.0225,L3
2卖,多头共振 + 突破前高 + 相对强弱大于5,133,0.0307,0.0263,1.17,0.3158,0.2829,0.0329,L3
2卖,多头共振 + 突破前高 + 威科夫得分大于7,135,0.0315,0.0266,1.185,0.3185,0.2829,0.0356,L3
2卖,多头共振 + 突破前高 + 多头排列,165,0.0366,0.0332,1.102,0.303,0.2829,0.0201,L3
2卖,多头共振 + 突破前高 + 斐波短中多头,155,0.0329,0.0317,1.037,0.2903,0.2829,0.0074,L3
2卖,多头共振 + 站上MA89 + 距前高<=10%,705,0.1719,0.1356,1.267,0.3333,0.2829,0.0504,L3
2卖,多头共振 + 站上MA89 + 斐波全多头,144,0.0329,0.0286,1.152,0.3125,0.2829,0.0296,L3
2卖,多头共振 + 站上MA89 + 量比大于2,311,0.0885,0.0548,1.614,0.3891,0.2829,0.1062,L3
2卖,多头共振 + 站上MA89 + 趋势多头,742,0.1829,0.142,1.288,0.3369,0.2829,0.054,L3
2卖,多头共振 + 站上MA89 + 相对强弱大于5,599,0.1653,0.1076,1.536,0.3773,0.2829,0.0944,L3
2卖,多头共振 + 站上MA89 + 威科夫得分大于7,753,0.1931,0.1411,1.368,0.3506,0.2829,0.0677,L3
2卖,多头共振 + 站上MA89 + MA55上穿MA89,53,0.0139,0.0098,1.416,0.3585,0.2829,0.0756,L3
2卖,多头共振 + 站上MA89 + 多头排列,706,0.169,0.1371,1.233,0.3272,0.2829,0.0443,L3
2卖,多头共振 + 站上MA89 + 斐波短中多头,573,0.1324,0.1131,1.17,0.3159,0.2829,0.033,L3
2卖,多头共振 + 距前高<=10% + 斐波全多头,118,0.0271,0.0234,1.158,0.3136,0.2829,0.0307,L3
2卖,多头共振 + 距前高<=10% + 量比大于2,230,0.0636,0.0413,1.542,0.3783,0.2829,0.0954,L3
2卖,多头共振 + 距前高<=10% + 趋势多头,621,0.1485,0.1206,1.231,0.3269,0.2829,0.044,L3
2卖,多头共振 + 距前高<=10% + 相对强弱大于5,438,0.117,0.0802,1.459,0.3653,0.2829,0.0824,L3
2卖,多头共振 + 距前高<=10% + 威科夫得分大于7,554,0.1412,0.1042,1.355,0.3484,0.2829,0.0655,L3
2卖,多头共振 + 距前高<=10% + 多头排列,590,0.1375,0.116,1.185,0.3186,0.2829,0.0357,L3
2卖,多头共振 + 距前高<=10% + 斐波短中多头,501,0.1134,0.0999,1.136,0.3094,0.2829,0.0265,L3
2卖,多头共振 + 斐波全多头 + 趋势多头,141,0.0315,0.0283,1.112,0.305,0.2829,0.0221,L3
2卖,多头共振 + 斐波全多头 + 相对强弱大于5,82,0.0219,0.015,1.462,0.3659,0.2829,0.0829,L3
2卖,多头共振 + 斐波全多头 + 威科夫得分大于7,139,0.0322,0.0274,1.174,0.3165,0.2829,0.0336,L3
2卖,多头共振 + 斐波全多头 + 多头排列,140,0.0307,0.0283,1.086,0.3,0.2829,0.0171,L3
2卖,多头共振 + 斐波全多头 + 斐波短中多头,144,0.0329,0.0286,1.152,0.3125,0.2829,0.0296,L3
2卖,多头共振 + 量比大于2 + 趋势多头,235,0.0688,0.0407,1.69,0.4,0.2829,0.1171,L3
2卖,多头共振 + 量比大于2 + 相对强弱大于5,219,0.0702,0.0355,1.978,0.4384,0.2829,0.1555,L3
2卖,多头共振 + 量比大于2 + 威科夫得分大于7,254,0.0753,0.0436,1.729,0.4055,0.2829,0.1226,L3
2卖,多头共振 + 量比大于2 + 多头排列,220,0.0629,0.0387,1.627,0.3909,0.2829,0.108,L3
2卖,多头共振 + 量比大于2 + 斐波短中多头,192,0.0505,0.0355,1.422,0.3594,0.2829,0.0765,L3
2卖,多头共振 + 趋势多头 + 相对强弱大于5,463,0.128,0.0831,1.54,0.378,0.2829,0.0951,L3
2卖,多头共振 + 趋势多头 + 威科夫得分大于7,608,0.1536,0.1149,1.337,0.3454,0.2829,0.0625,L3
2卖,多头共振 + 趋势多头 + 多头排列,706,0.169,0.1371,1.233,0.3272,0.2829,0.0443,L3
2卖,多头共振 + 趋势多头 + 斐波短中多头,567,0.1295,0.1126,1.15,0.3122,0.2829,0.0293,L3
2卖,多头共振 + 相对强弱大于5 + 威科夫得分大于7,489,0.1361,0.0874,1.556,0.3804,0.2829,0.0975,L3
2卖,多头共振 + 相对强弱大于5 + 多头排列,453,0.1236,0.082,1.508,0.3731,0.2829,0.0902,L3
2卖,多头共振 + 相对强弱大于5 + 斐波短中多头,366,0.098,0.067,1.464,0.3661,0.2829,0.0832,L3
2卖,多头共振 + 威科夫得分大于7 + 多头排列,588,0.1456,0.1123,1.297,0.3384,0.2829,0.0555,L3
2卖,多头共振 + 威科夫得分大于7 + 斐波短中多头,461,0.1083,0.0903,1.199,0.321,0.2829,0.0381,L3
2卖,多头共振 + 多头排列 + 斐波短中多头,550,0.1244,0.1097,1.134,0.3091,0.2829,0.0262,L3
2卖,相对强弱>=5 + 突破前高 + 火箭信号,62,0.0161,0.0115,1.394,0.3548,0.2829,0.0719,L3
2卖,相对强弱>=5 + 突破前高 + 站上MA89,319,0.0856,0.0583,1.468,0.3668,0.2829,0.0839,L3
2卖,相对强弱>=5 + 突破前高 + 距前高<=10%,297,0.0783,0.0548,1.427,0.3603,0.2829,0.0774,L3
2卖,相对强弱>=5 + 突破前高 + 量比大于2,184,0.0527,0.0323,1.629,0.3913,0.2829,0.1084,L3
2卖,相对强弱>=5 + 突破前高 + 趋势多头,291,0.0739,0.0548,1.347,0.3471,0.2829,0.0642,L3
2卖,相对强弱>=5 + 突破前高 + 相对强弱大于5,319,0.0856,0.0583,1.468,0.3668,0.2829,0.0839,L3
2卖,相对强弱>=5 + 突破前高 + 威科夫得分大于7,226,0.0563,0.043,1.31,0.3407,0.2829,0.0578,L3
2卖,相对强弱>=5 + 突破前高 + 多头排列,287,0.0724,0.0543,1.335,0.3449,0.2829,0.062,L3
2卖,相对强弱>=5 + 突破前高 + 斐波短中多头,246,0.0614,0.0468,1.314,0.3415,0.2829,0.0586,L3
2卖,相对强弱>=5 + 火箭信号 + 站上MA89,192,0.0461,0.0372,1.238,0.3281,0.2829,0.0452,L3
2卖,相对强弱>=5 + 火箭信号 + 距前高<=10%,107,0.0285,0.0196,1.454,0.3645,0.2829,0.0816,L3
2卖,相对强弱>=5 + 火箭信号 + 量比大于2,195,0.0439,0.039,1.127,0.3077,0.2829,0.0248,L3
2卖,相对强弱>=5 + 火箭信号 + 趋势多头,97,0.0263,0.0176,1.496,0.3711,0.2829,0.0882,L3
2卖,相对强弱>=5 + 火箭信号 + 相对强弱大于5,224,0.0563,0.0424,1.328,0.3438,0.2829,0.0608,L3
2卖,相对强弱>=5 + 火箭信号 + 威科夫得分大于7,97,0.0256,0.0179,1.431,0.3608,0.2829,0.0779,L3
2卖,相对强弱>=5 + 火箭信号 + 多头排列,94,0.0256,0.017,1.504,0.3723,0.2829,0.0894,L3
2卖,相对强弱>=5 + 火箭信号 + 斐波短中多头,59,0.0146,0.0113,1.3,0.339,0.2829,0.0561,L3
2卖,相对强弱>=5 + 站上MA89 + 距前高<=10%,1063,0.3043,0.1867,1.63,0.3913,0.2829,0.1084,L3
2卖,相对强弱>=5 + 站上MA89 + 斐波全多头,53,0.0168,0.0087,1.943,0.434,0.2829,0.1511,L3
2卖,相对强弱>=5 + 站上MA89 + 量比大于2,779,0.2187,0.1385,1.579,0.3838,0.2829,0.1009,L3
2卖,相对强弱>=5 + 站上MA89 + 趋势多头,938,0.2677,0.1651,1.622,0.3902,0.2829,0.1073,L3
2卖,相对强弱>=5 + 站上MA89 + 相对强弱大于5,1580,0.4367,0.2837,1.539,0.3778,0.2829,0.0949,L3
2卖,相对强弱>=5 + 站上MA89 + 威科夫得分大于7,867,0.2385,0.1561,1.527,0.376,0.2829,0.0931,L3
2卖,相对强弱>=5 + 站上MA89 + MA55上穿MA89,68,0.0205,0.0115,1.774,0.4118,0.2829,0.1289,L3
2卖,相对强弱>=5 + 站上MA89 + 多头排列,908,0.2582,0.1602,1.612,0.3888,0.2829,0.1059,L3
2卖,相对强弱>=5 + 站上MA89 + 斐波短中多头,659,0.1858,0.1169,1.59,0.3854,0.2829,0.1025,L3
2卖,相对强弱>=5 + 距前高<=10% + 量比大于2,523,0.1529,0.0906,1.687,0.3996,0.2829,0.1167,L3
2卖,相对强弱>=5 + 距前高<=10% + 趋势多头,774,0.2209,0.1362,1.622,0.3902,0.2829,0.1073,L3
2卖,相对强弱>=5 + 距前高<=10% + 相对强弱大于5,1113,0.3153,0.1968,1.602,0.3872,0.2829,0.1043,L3
2卖,相对强弱>=5 + 距前高<=10% + 威科夫得分大于7,616,0.1748,0.1088,1.607,0.388,0.2829,0.1051,L3
2卖,相对强弱>=5 + 距前高<=10% + MA55上穿MA89,59,0.0176,0.0101,1.738,0.4068,0.2829,0.1239,L3
2卖,相对强弱>=5 + 距前高<=10% + 多头排列,754,0.2158,0.1325,1.629,0.3912,0.2829,0.1083,L3
2卖,相对强弱>=5 + 距前高<=10% + 斐波短中多头,576,0.1602,0.103,1.555,0.3802,0.2829,0.0973,L3
2卖,相对强弱>=5 + 斐波全多头 + 趋势多头,51,0.0154,0.0087,1.774,0.4118,0.2829,0.1289,L3
2卖,相对强弱>=5 + 斐波全多头 + 相对强弱大于5,53,0.0168,0.0087,1.943,0.434,0.2829,0.1511,L3
2卖,相对强弱>=5 + 斐波全多头 + 威科夫得分大于7,52,0.0161,0.0087,1.859,0.4231,0.2829,0.1402,L3
2卖,相对强弱>=5 + 斐波全多头 + 多头排列,51,0.0154,0.0087,1.774,0.4118,0.2829,0.1289,L3
2卖,相对强弱>=5 + 斐波全多头 + 斐波短中多头,53,0.0168,0.0087,1.943,0.434,0.2829,0.1511,L3
2卖,相对强弱>=5 + 量比大于2 + 趋势多头,423,0.1229,0.0736,1.67,0.3972,0.2829,0.1143,L3
2卖,相对强弱>=5 + 量比大于2 + 相对强弱大于5,1021,0.2736,0.1867,1.465,0.3663,0.2829,0.0834,L3
2卖,相对强弱>=5 + 量比大于2 + 威科夫得分大于7,416,0.1207,0.0724,1.666,0.3966,0.2829,0.1137,L3
2卖,相对强弱>=5 + 量比大于2 + 多头排列,399,0.1134,0.0704,1.61,0.3885,0.2829,0.1056,L3
2卖,相对强弱>=5 + 量比大于2 + 斐波短中多头,298,0.0849,0.0525,1.616,0.3893,0.2829,0.1064,L3
2卖,相对强弱>=5 + 趋势多头 + 相对强弱大于5,970,0.2692,0.1737,1.549,0.3794,0.2829,0.0965,L3
2卖,相对强弱>=5 + 趋势多头 + 威科夫得分大于7,658,0.1843,0.1172,1.573,0.383,0.2829,0.1001,L3
2卖,相对强弱>=5 + 趋势多头 + MA55上穿MA89,58,0.0154,0.0107,1.439,0.3621,0.2829,0.0792,L3
2卖,相对强弱>=5 + 趋势多头 + 多头排列,936,0.259,0.168,1.542,0.3782,0.2829,0.0953,L3
2卖,相对强弱>=5 + 趋势多头 + 斐波短中多头,662,0.1785,0.1206,1.48,0.3686,0.2829,0.0857,L3
2卖,相对强弱>=5 + 相对强弱大于5 + 威科夫得分大于7,923,0.2473,0.1688,1.465,0.3662,0.2829,0.0833,L3
2卖,相对强弱>=5 + 相对强弱大于5 + MA55上穿MA89,69,0.0205,0.0118,1.731,0.4058,0.2829,0.1229,L3
2卖,相对强弱>=5 + 相对强弱大于5 + 多头排列,940,0.2597,0.1688,1.538,0.3777,0.2829,0.0948,L3
2卖,相对强弱>=5 + 相对强弱大于5 + 斐波短中多头,682,0.1865,0.1232,1.514,0.3739,0.2829,0.091,L3
2卖,相对强弱>=5 + 威科夫得分大于7 + 多头排列,647,0.1822,0.1149,1.586,0.3849,0.2829,0.1019,L3
2卖,相对强弱>=5 + 威科夫得分大于7 + 斐波短中多头,480,0.1302,0.0872,1.494,0.3708,0.2829,0.0879,L3
2卖,相对强弱>=5 + MA55上穿MA89 + 多头排列,58,0.0154,0.0107,1.439,0.3621,0.2829,0.0792,L3
2卖,相对强弱>=5 + MA55上穿MA89 + 斐波短中多头,54,0.0161,0.0092,1.743,0.4074,0.2829,0.1245,L3
2卖,相对强弱>=5 + 多头排列 + 斐波短中多头,651,0.1741,0.1192,1.461,0.3656,0.2829,0.0827,L3
2卖,突破前高 + 火箭信号 + 站上MA89,77,0.019,0.0147,1.292,0.3377,0.2829,0.0548,L3
2卖,突破前高 + 火箭信号 + 距前高<=10%,66,0.0161,0.0127,1.267,0.3333,0.2829,0.0504,L3
2卖,突破前高 + 火箭信号 + 量比大于2,66,0.0132,0.0139,0.951,0.2727,0.2829,-0.0102,L3
2卖,突破前高 + 火箭信号 + 趋势多头,57,0.0124,0.0115,1.077,0.2982,0.2829,0.0153,L3
2卖,突破前高 + 火箭信号 + 相对强弱大于5,64,0.0168,0.0118,1.422,0.3594,0.2829,0.0765,L3
2卖,突破前高 + 火箭信号 + 多头排列,57,0.0124,0.0115,1.077,0.2982,0.2829,0.0153,L3
2卖,突破前高 + 站上MA89 + 距前高<=10%,450,0.1083,0.0872,1.242,0.3289,0.2829,0.046,L3
2卖,突破前高 + 站上MA89 + 量比大于2,271,0.0724,0.0496,1.459,0.3653,0.2829,0.0824,L3
2卖,突破前高 + 站上MA89 + 趋势多头,428,0.0995,0.0843,1.181,0.3178,0.2829,0.0349,L3
2卖,突破前高 + 站上MA89 + 相对强弱大于5,368,0.0958,0.0684,1.401,0.356,0.2829,0.0731,L3
2卖,突破前高 + 站上MA89 + 威科夫得分大于7,321,0.0753,0.0629,1.198,0.3209,0.2829,0.038,L3
2卖,突破前高 + 站上MA89 + 多头排列,424,0.098,0.0837,1.171,0.316,0.2829,0.0331,L3
2卖,突破前高 + 站上MA89 + 斐波短中多头,368,0.0834,0.0733,1.138,0.3098,0.2829,0.0269,L3
2卖,突破前高 + 距前高<=10% + 量比大于2,252,0.0666,0.0465,1.433,0.3611,0.2829,0.0782,L3
2卖,突破前高 + 距前高<=10% + 趋势多头,408,0.0929,0.0811,1.146,0.3113,0.2829,0.0284,L3
2卖,突破前高 + 距前高<=10% + 相对强弱大于5,345,0.0878,0.0649,1.352,0.3478,0.2829,0.0649,L3
2卖,突破前高 + 距前高<=10% + 威科夫得分大于7,305,0.0702,0.0603,1.164,0.3148,0.2829,0.0318,L3
2卖,突破前高 + 距前高<=10% + 多头排列,404,0.0914,0.0805,1.136,0.3094,0.2829,0.0265,L3
2卖,突破前高 + 距前高<=10% + 斐波短中多头,349,0.0775,0.0701,1.106,0.3037,0.2829,0.0208,L3
2卖,突破前高 + 量比大于2 + 趋势多头,233,0.06,0.0436,1.376,0.3519,0.2829,0.069,L3
2卖,突破前高 + 量比大于2 + 相对强弱大于5,207,0.0585,0.0367,1.597,0.3865,0.2829,0.1036,L3
2卖,突破前高 + 量比大于2 + 威科夫得分大于7,175,0.0468,0.032,1.461,0.3657,0.2829,0.0828,L3
2卖,突破前高 + 量比大于2 + 多头排列,229,0.0585,0.043,1.361,0.3493,0.2829,0.0664,L3
2卖,突破前高 + 量比大于2 + 斐波短中多头,202,0.0505,0.0384,1.315,0.3416,0.2829,0.0587,L3
2卖,突破前高 + 趋势多头 + 相对强弱大于5,338,0.0827,0.0649,1.273,0.3343,0.2829,0.0514,L3
2卖,突破前高 + 趋势多头 + 威科夫得分大于7,320,0.0753,0.0626,1.203,0.3219,0.2829,0.039,L3
2卖,突破前高 + 趋势多头 + 多头排列,426,0.098,0.0843,1.163,0.3146,0.2829,0.0316,L3
2卖,突破前高 + 趋势多头 + 斐波短中多头,366,0.0827,0.073,1.132,0.3087,0.2829,0.0258,L3
2卖,突破前高 + 相对强弱大于5 + 威科夫得分大于7,259,0.0629,0.0499,1.26,0.332,0.2829,0.0491,L3
2卖,突破前高 + 相对强弱大于5 + 多头排列,334,0.0812,0.0644,1.262,0.3323,0.2829,0.0494,L3
2卖,突破前高 + 相对强弱大于5 + 斐波短中多头,292,0.0695,0.0569,1.222,0.3253,0.2829,0.0424,L3
2卖,突破前高 + 威科夫得分大于7 + 多头排列,318,0.0746,0.0623,1.197,0.3208,0.2829,0.0378,L3
2卖,突破前高 + 威科夫得分大于7 + 斐波短中多头,279,0.0651,0.0548,1.187,0.319,0.2829,0.0361,L3
2卖,突破前高 + 多头排列 + 斐波短中多头,362,0.0812,0.0724,1.121,0.3066,0.2829,0.0237,L3
2卖,火箭信号 + 站上MA89 + 距前高<=10%,130,0.0337,0.0242,1.388,0.3538,0.2829,0.0709,L3
2卖,火箭信号 + 站上MA89 + 量比大于2,199,0.0424,0.0407,1.043,0.2915,0.2829,0.0086,L3
2卖,火箭信号 + 站上MA89 + 趋势多头,112,0.03,0.0205,1.464,0.3661,0.2829,0.0832,L3
2卖,火箭信号 + 站上MA89 + 相对强弱大于5,205,0.0505,0.0392,1.286,0.3366,0.2829,0.0537,L3
2卖,火箭信号 + 站上MA89 + 威科夫得分大于7,114,0.03,0.0211,1.424,0.3596,0.2829,0.0767,L3
2卖,火箭信号 + 站上MA89 + 多头排列,108,0.0293,0.0196,1.491,0.3704,0.2829,0.0875,L3
2卖,火箭信号 + 站上MA89 + 斐波短中多头,72,0.0176,0.0139,1.267,0.3333,0.2829,0.0504,L3
2卖,火箭信号 + 距前高<=10% + 量比大于2,118,0.0278,0.0231,1.204,0.322,0.2829,0.0391,L3
2卖,火箭信号 + 距前高<=10% + 趋势多头,80,0.0205,0.015,1.365,0.35,0.2829,0.0671,L3
2卖,火箭信号 + 距前高<=10% + 相对强弱大于5,115,0.0307,0.0211,1.458,0.3652,0.2829,0.0823,L3
2卖,火箭信号 + 距前高<=10% + 威科夫得分大于7,70,0.019,0.0127,1.498,0.3714,0.2829,0.0885,L3
2卖,火箭信号 + 距前高<=10% + 多头排列,79,0.0205,0.0147,1.392,0.3544,0.2829,0.0715,L3
2卖,火箭信号 + 距前高<=10% + 斐波短中多头,55,0.0132,0.0107,1.233,0.3273,0.2829,0.0444,L3
2卖,火箭信号 + 量比大于2 + 趋势多头,99,0.0241,0.019,1.267,0.3333,0.2829,0.0504,L3
2卖,火箭信号 + 量比大于2 + 相对强弱大于5,211,0.0475,0.0421,1.128,0.3081,0.2829,0.0252,L3
2卖,火箭信号 + 量比大于2 + 威科夫得分大于7,98,0.0241,0.0188,1.287,0.3367,0.2829,0.0538,L3
2卖,火箭信号 + 量比大于2 + 多头排列,95,0.0234,0.0182,1.287,0.3368,0.2829,0.0539,L3
2卖,火箭信号 + 量比大于2 + 斐波短中多头,64,0.0132,0.0133,0.992,0.2812,0.2829,-0.0017,L3
2卖,火箭信号 + 趋势多头 + 相对强弱大于5,107,0.03,0.019,1.575,0.3832,0.2829,0.1003,L3
2卖,火箭信号 + 趋势多头 + 威科夫得分大于7,84,0.0234,0.015,1.56,0.381,0.2829,0.098,L3
2卖,火箭信号 + 趋势多头 + 多头排列,109,0.0293,0.0199,1.469,0.367,0.2829,0.0841,L3
2卖,火箭信号 + 趋势多头 + 斐波短中多头,69,0.0176,0.013,1.352,0.3478,0.2829,0.0649,L3
2卖,火箭信号 + 相对强弱大于5 + 威科夫得分大于7,106,0.03,0.0188,1.599,0.3868,0.2829,0.1039,L3
2卖,火箭信号 + 相对强弱大于5 + 多头排列,104,0.0293,0.0185,1.584,0.3846,0.2829,0.1017,L3
2卖,火箭信号 + 相对强弱大于5 + 斐波短中多头,68,0.0176,0.0127,1.383,0.3529,0.2829,0.07,L3
2卖,火箭信号 + 威科夫得分大于7 + 多头排列,82,0.0234,0.0144,1.622,0.3902,0.2829,0.1073,L3
2卖,火箭信号 + 威科夫得分大于7 + 斐波短中多头,55,0.0154,0.0098,1.566,0.3818,0.2829,0.0989,L3
2卖,火箭信号 + 多头排列 + 斐波短中多头,68,0.0176,0.0127,1.383,0.3529,0.2829,0.07,L3
2卖,站上MA89 + 距前高<=10% + 斐波全多头,126,0.0293,0.0248,1.179,0.3175,0.2829,0.0346,L3
2卖,站上MA89 + 距前高<=10% + 量比大于2,876,0.2312,0.1616,1.43,0.3607,0.2829,0.0778,L3
2卖,站上MA89 + 距前高<=10% + 趋势多头,1620,0.3855,0.3154,1.222,0.3253,0.2829,0.0424,L3
2卖,站上MA89 + 距前高<=10% + 相对强弱大于5,1341,0.3599,0.245,1.469,0.3669,0.2829,0.084,L3
2卖,站上MA89 + 距前高<=10% + 威科夫得分大于7,1223,0.3007,0.2343,1.283,0.3361,0.2829,0.0532,L3
2卖,站上MA89 + 距前高<=10% + MA55上穿MA89,108,0.0249,0.0214,1.165,0.3148,0.2829,0.0319,L3
2卖,站上MA89 + 距前高<=10% + 多头排列,1539,0.3621,0.3013,1.202,0.3216,0.2829,0.0387,L3
2卖,站上MA89 + 距前高<=10% + 斐波短中多头,1198,0.2765,0.2367,1.168,0.3155,0.2829,0.0326,L3
2卖,站上MA89 + 斐波全多头 + 趋势多头,151,0.0351,0.0297,1.181,0.3179,0.2829,0.035,L3
2卖,站上MA89 + 斐波全多头 + 相对强弱大于5,88,0.0241,0.0159,1.521,0.375,0.2829,0.0921,L3
2卖,站上MA89 + 斐波全多头 + 威科夫得分大于7,147,0.0344,0.0289,1.191,0.3197,0.2829,0.0368,L3
2卖,站上MA89 + 斐波全多头 + 多头排列,149,0.0337,0.0297,1.132,0.3087,0.2829,0.0258,L3
2卖,站上MA89 + 斐波全多头 + 斐波短中多头,154,0.0366,0.03,1.219,0.3247,0.2829,0.0418,L3
2卖,站上MA89 + 量比大于2 + 趋势多头,753,0.1953,0.1403,1.393,0.3546,0.2829,0.0717,L3
2卖,站上MA89 + 量比大于2 + 相对强弱大于5,941,0.2538,0.1714,1.481,0.3688,0.2829,0.0859,L3
2卖,站上MA89 + 量比大于2 + 威科夫得分大于7,680,0.1829,0.1241,1.474,0.3676,0.2829,0.0847,L3
2卖,站上MA89 + 量比大于2 + MA55上穿MA89,55,0.0124,0.011,1.134,0.3091,0.2829,0.0262,L3
2卖,站上MA89 + 量比大于2 + 多头排列,686,0.1719,0.1302,1.321,0.3426,0.2829,0.0597,L3
2卖,站上MA89 + 量比大于2 + 斐波短中多头,524,0.1287,0.1004,1.282,0.3359,0.2829,0.053,L3
2卖,站上MA89 + 量比大于2 + MACD底背离,50,0.0132,0.0092,1.426,0.36,0.2829,0.0771,L3
2卖,站上MA89 + 趋势多头 + 相对强弱大于5,1235,0.3255,0.228,1.428,0.3603,0.2829,0.0774,L3
2卖,站上MA89 + 趋势多头 + 威科夫得分大于7,1331,0.3219,0.2571,1.252,0.3306,0.2829,0.0477,L3
2卖,站上MA89 + 趋势多头 + MA55上穿MA89,108,0.0234,0.0219,1.067,0.2963,0.2829,0.0134,L3
2卖,站上MA89 + 趋势多头 + 多头排列,1849,0.4323,0.3631,1.191,0.3196,0.2829,0.0367,L3
2卖,站上MA89 + 趋势多头 + 斐波短中多头,1354,0.3102,0.2684,1.156,0.3131,0.2829,0.0302,L3
2卖,站上MA89 + 相对强弱大于5 + 威科夫得分大于7,1122,0.2955,0.2072,1.426,0.3601,0.2829,0.0772,L3
2卖,站上MA89 + 相对强弱大于5 + MA55上穿MA89,90,0.0241,0.0165,1.467,0.3667,0.2829,0.0838,L3
2卖,站上MA89 + 相对强弱大于5 + 多头排列,1198,0.3138,0.2219,1.414,0.3581,0.2829,0.0752,L3
2卖,站上MA89 + 相对强弱大于5 + 斐波短中多头,880,0.2304,0.1631,1.413,0.358,0.2829,0.075,L3
2卖,站上MA89 + 威科夫得分大于7 + MA55上穿MA89,63,0.0132,0.013,1.014,0.2857,0.2829,0.0028,L3
2卖,站上MA89 + 威科夫得分大于7 + 多头排列,1285,0.3087,0.2491,1.239,0.3284,0.2829,0.0455,L3
2卖,站上MA89 + 威科夫得分大于7 + 斐波短中多头,953,0.2268,0.1856,1.222,0.3253,0.2829,0.0424,L3
2卖,站上MA89 + MA55上穿MA89 + 多头排列,107,0.0227,0.0219,1.034,0.2897,0.2829,0.0068,L3
2卖,站上MA89 + MA55上穿MA89 + 斐波短中多头,99,0.0241,0.019,1.267,0.3333,0.2829,0.0504,L3
2卖,站上MA89 + 多头排列 + 斐波短中多头,1308,0.2977,0.26,1.145,0.3112,0.2829,0.0283,L3
2卖,距前高<=10% + 斐波全多头 + 趋势多头,125,0.0285,0.0248,1.149,0.312,0.2829,0.0291,L3
2卖,距前高<=10% + 斐波全多头 + 相对强弱大于5,72,0.0183,0.0136,1.348,0.3472,0.2829,0.0643,L3
2卖,距前高<=10% + 斐波全多头 + 威科夫得分大于7,120,0.0278,0.0237,1.175,0.3167,0.2829,0.0338,L3
2卖,距前高<=10% + 斐波全多头 + 多头排列,124,0.0278,0.0248,1.12,0.3065,0.2829,0.0235,L3
2卖,距前高<=10% + 斐波全多头 + 斐波短中多头,126,0.0293,0.0248,1.179,0.3175,0.2829,0.0346,L3
2卖,距前高<=10% + 量比大于2 + 趋势多头,620,0.1653,0.1137,1.454,0.3645,0.2829,0.0816,L3
2卖,距前高<=10% + 量比大于2 + 相对强弱大于5,630,0.1792,0.1111,1.613,0.3889,0.2829,0.106,L3
2卖,距前高<=10% + 量比大于2 + 威科夫得分大于7,470,0.1309,0.084,1.559,0.3809,0.2829,0.0979,L3
2卖,距前高<=10% + 量比大于2 + 多头排列,577,0.1514,0.1068,1.418,0.3588,0.2829,0.0758,L3
2卖,距前高<=10% + 量比大于2 + 斐波短中多头,458,0.117,0.086,1.361,0.3493,0.2829,0.0664,L3
2卖,距前高<=10% + 趋势多头 + 相对强弱大于5,1006,0.2677,0.1847,1.45,0.3638,0.2829,0.0809,L3
2卖,距前高<=10% + 趋势多头 + 威科夫得分大于7,1132,0.2772,0.2173,1.276,0.3348,0.2829,0.0519,L3
2卖,距前高<=10% + 趋势多头 + MA55上穿MA89,99,0.0219,0.0199,1.102,0.303,0.2829,0.0201,L3
2卖,距前高<=10% + 趋势多头 + 多头排列,1591,0.3767,0.3105,1.213,0.3237,0.2829,0.0408,L3
2卖,距前高<=10% + 趋势多头 + 斐波短中多头,1212,0.2787,0.2398,1.162,0.3144,0.2829,0.0315,L3
2卖,距前高<=10% + 相对强弱大于5 + 威科夫得分大于7,781,0.2114,0.142,1.489,0.37,0.2829,0.0871,L3
2卖,距前高<=10% + 相对强弱大于5 + MA55上穿MA89,80,0.0205,0.015,1.365,0.35,0.2829,0.0671,L3
2卖,距前高<=10% + 相对强弱大于5 + 多头排列,983,0.2619,0.1804,1.452,0.3642,0.2829,0.0813,L3
2卖,距前高<=10% + 相对强弱大于5 + 斐波短中多头,757,0.1968,0.1408,1.397,0.3554,0.2829,0.0724,L3
2卖,距前高<=10% + 威科夫得分大于7 + MA55上穿MA89,56,0.0124,0.0113,1.105,0.3036,0.2829,0.0207,L3
2卖,距前高<=10% + 威科夫得分大于7 + 多头排列,1098,0.267,0.2115,1.262,0.3324,0.2829,0.0495,L3
2卖,距前高<=10% + 威科夫得分大于7 + 斐波短中多头,839,0.2048,0.1613,1.27,0.3337,0.2829,0.0508,L3
2卖,距前高<=10% + MA55上穿MA89 + 多头排列,98,0.0212,0.0199,1.065,0.2959,0.2829,0.013,L3
2卖,距前高<=10% + MA55上穿MA89 + 斐波短中多头,94,0.0227,0.0182,1.247,0.3298,0.2829,0.0469,L3
2卖,距前高<=10% + 多头排列 + 斐波短中多头,1174,0.2685,0.2329,1.153,0.3126,0.2829,0.0297,L3
2卖,斐波全多头 + 趋势多头 + 相对强弱大于5,86,0.0227,0.0159,1.429,0.3605,0.2829,0.0776,L3
2卖,斐波全多头 + 趋势多头 + 威科夫得分大于7,144,0.0329,0.0286,1.152,0.3125,0.2829,0.0296,L3
2卖,斐波全多头 + 趋势多头 + 多头排列,149,0.0337,0.0297,1.132,0.3087,0.2829,0.0258,L3
2卖,斐波全多头 + 趋势多头 + 斐波短中多头,151,0.0351,0.0297,1.181,0.3179,0.2829,0.035,L3
2卖,斐波全多头 + 相对强弱大于5 + 威科夫得分大于7,86,0.0234,0.0156,1.502,0.3721,0.2829,0.0892,L3
2卖,斐波全多头 + 相对强弱大于5 + 多头排列,86,0.0227,0.0159,1.429,0.3605,0.2829,0.0776,L3
2卖,斐波全多头 + 相对强弱大于5 + 斐波短中多头,88,0.0241,0.0159,1.521,0.375,0.2829,0.0921,L3
2卖,斐波全多头 + 威科夫得分大于7 + 多头排列,144,0.0329,0.0286,1.152,0.3125,0.2829,0.0296,L3
2卖,斐波全多头 + 威科夫得分大于7 + 斐波短中多头,147,0.0344,0.0289,1.191,0.3197,0.2829,0.0368,L3
2卖,斐波全多头 + 多头排列 + 斐波短中多头,149,0.0337,0.0297,1.132,0.3087,0.2829,0.0258,L3
2卖,量比大于2 + 趋势多头 + 相对强弱大于5,529,0.1441,0.0958,1.504,0.3724,0.2829,0.0895,L3
2卖,量比大于2 + 趋势多头 + 威科夫得分大于7,512,0.1375,0.0935,1.471,0.3672,0.2829,0.0843,L3
2卖,量比大于2 + 趋势多头 + 多头排列,710,0.1763,0.1354,1.303,0.3394,0.2829,0.0565,L3
2卖,量比大于2 + 趋势多头 + 斐波短中多头,529,0.1273,0.1025,1.242,0.3289,0.2829,0.046,L3
2卖,量比大于2 + 相对强弱大于5 + 威科夫得分大于7,514,0.1412,0.0926,1.524,0.3755,0.2829,0.0926,L3
2卖,量比大于2 + 相对强弱大于5 + 多头排列,504,0.1331,0.0929,1.433,0.3611,0.2829,0.0782,L3
2卖,量比大于2 + 相对强弱大于5 + 斐波短中多头,381,0.0995,0.0707,1.407,0.357,0.2829,0.074,L3
2卖,量比大于2 + 威科夫得分大于7 + 多头排列,489,0.1309,0.0895,1.464,0.3661,0.2829,0.0831,L3
2卖,量比大于2 + 威科夫得分大于7 + 斐波短中多头,371,0.098,0.0684,1.433,0.3612,0.2829,0.0783,L3
2卖,量比大于2 + 多头排列 + 斐波短中多头,504,0.12,0.0981,1.223,0.3254,0.2829,0.0425,L3
2卖,趋势多头 + 相对强弱大于5 + 威科夫得分大于7,861,0.2282,0.1584,1.441,0.3624,0.2829,0.0795,L3
2卖,趋势多头 + 相对强弱大于5 + MA55上穿MA89,79,0.019,0.0153,1.243,0.3291,0.2829,0.0462,L3
2卖,趋势多头 + 相对强弱大于5 + 多头排列,1241,0.3175,0.2329,1.363,0.3497,0.2829,0.0668,L3
2卖,趋势多头 + 相对强弱大于5 + 斐波短中多头,884,0.2224,0.1674,1.329,0.3439,0.2829,0.061,L3
2卖,趋势多头 + 威科夫得分大于7 + MA55上穿MA89,59,0.0132,0.0118,1.113,0.3051,0.2829,0.0222,L3
2卖,趋势多头 + 威科夫得分大于7 + 多头排列,1337,0.3189,0.26,1.227,0.3261,0.2829,0.0432,L3
2卖,趋势多头 + 威科夫得分大于7 + 斐波短中多头,978,0.2304,0.1913,1.204,0.3221,0.2829,0.0392,L3
2卖,趋势多头 + MA55上穿MA89 + 多头排列,106,0.0227,0.0216,1.048,0.2925,0.2829,0.0095,L3
2卖,趋势多头 + MA55上穿MA89 + 斐波短中多头,98,0.0234,0.019,1.229,0.3265,0.2829,0.0436,L3
2卖,趋势多头 + 多头排列 + 斐波短中多头,1368,0.3072,0.2736,1.123,0.307,0.2829,0.0241,L3
2卖,相对强弱大于5 + 威科夫得分大于7 + 多头排列,848,0.2246,0.1561,1.438,0.362,0.2829,0.0791,L3
2卖,相对强弱大于5 + 威科夫得分大于7 + 斐波短中多头,632,0.1653,0.1172,1.411,0.3576,0.2829,0.0747,L3
2卖,相对强弱大于5 + MA55上穿MA89 + 多头排列,79,0.019,0.0153,1.243,0.3291,0.2829,0.0462,L3
2卖,相对强弱大于5 + MA55上穿MA89 + 斐波短中多头,75,0.0198,0.0139,1.426,0.36,0.2829,0.0771,L3
2卖,相对强弱大于5 + 多头排列 + 斐波短中多头,870,0.2165,0.1657,1.307,0.3402,0.2829,0.0573,L3
2卖,威科夫得分大于7 + MA55上穿MA89 + 多头排列,59,0.0132,0.0118,1.113,0.3051,0.2829,0.0222,L3
2卖,威科夫得分大于7 + MA55上穿MA89 + 斐波短中多头,53,0.0132,0.0101,1.304,0.3396,0.2829,0.0567,L3
2卖,威科夫得分大于7 + 多头排列 + 斐波短中多头,963,0.226,0.1887,1.198,0.3209,0.2829,0.038,L3
2卖,MA55上穿MA89 + 多头排列 + 斐波短中多头,97,0.0227,0.019,1.191,0.3196,0.2829,0.0367,L3
2卖,量比>=1.0,3171,0.6642,0.6531,1.017,0.2863,0.2829,0.0034,L4
2卖,量能金叉 + 量比>=1.0,1332,0.2729,0.2768,0.986,0.28,0.2829,-0.0029,L4
2卖,大盘安全 + 量比>=1.0,2379,0.5172,0.4825,1.072,0.2972,0.2829,0.0143,L4
2卖,偏多共振 + 量比>=1.0,592,0.1544,0.11,1.404,0.3564,0.2829,0.0735,L4
2卖,中枢进机会区 + 量比>=1.0,214,0.0337,0.0485,0.694,0.215,0.2829,-0.068,L4
2卖,量比>=1.3,2006,0.4192,0.4136,1.014,0.2856,0.2829,0.0027,L4
2卖,量能金叉 + 量比>=1.3,1010,0.2056,0.2104,0.977,0.2782,0.2829,-0.0047,L4
2卖,大盘安全 + 量比>=1.3,1492,0.3189,0.3048,1.047,0.2922,0.2829,0.0093,L4
2卖,偏多共振 + 量比>=1.3,344,0.0907,0.0635,1.429,0.3605,0.2829,0.0776,L4
2卖,中枢进机会区 + 量比>=1.3,149,0.0256,0.0329,0.778,0.2349,0.2829,-0.048,L4
2卖,量比>=1.5,1473,0.3189,0.2993,1.066,0.296,0.2829,0.0131,L4
2卖,量能金叉 + 量比>=1.5,808,0.1646,0.1683,0.978,0.2785,0.2829,-0.0044,L4
2卖,大盘安全 + 量比>=1.5,1081,0.2407,0.217,1.109,0.3043,0.2829,0.0214,L4
2卖,偏多共振 + 量比>=1.5,226,0.0644,0.0398,1.616,0.3894,0.2829,0.1065,L4
2卖,中枢进机会区 + 量比>=1.5,120,0.019,0.0271,0.701,0.2167,0.2829,-0.0662,L4
2卖,量比>=2.0,822,0.18,0.1662,1.083,0.2993,0.2829,0.0164,L4
2卖,量能金叉 + 量比>=2.0,520,0.1127,0.1056,1.067,0.2962,0.2829,0.0132,L4
2卖,大盘安全 + 量比>=2.0,574,0.1346,0.1126,1.196,0.3206,0.2829,0.0377,L4
2卖,偏多共振 + 量比>=2.0,107,0.0351,0.017,2.062,0.4486,0.2829,0.1657,L4
2卖,中枢进机会区 + 量比>=2.0,78,0.0102,0.0185,0.554,0.1795,0.2829,-0.1034,L4
2卖,量比>=2.5,492,0.1105,0.0984,1.122,0.3069,0.2829,0.024,L4
2卖,量能金叉 + 量比>=2.5,355,0.0819,0.0701,1.168,0.3155,0.2829,0.0326,L4
2卖,大盘安全 + 量比>=2.5,330,0.0812,0.0632,1.285,0.3364,0.2829,0.0535,L4
2卖,偏多共振 + 量比>=2.5,62,0.0219,0.0092,2.376,0.4839,0.2829,0.201,L4
2卖,量比>=3.0,327,0.0746,0.0649,1.149,0.3119,0.2829,0.029,L4
2卖,量能金叉 + 量比>=3.0,250,0.0593,0.0488,1.215,0.324,0.2829,0.0411,L4
2卖,大盘安全 + 量比>=3.0,206,0.0541,0.0381,1.421,0.3592,0.2829,0.0763,L4
2卖,距60日高点>=0.85,3273,0.7491,0.6491,1.154,0.3129,0.2829,0.03,L4
2卖,量能金叉 + 距60日高点>=0.85,1104,0.2414,0.2234,1.081,0.2989,0.2829,0.016,L4
2卖,大盘安全 + 距60日高点>=0.85,2545,0.605,0.4958,1.22,0.325,0.2829,0.042,L4
2卖,偏多共振 + 距60日高点>=0.85,845,0.2107,0.1608,1.311,0.3408,0.2829,0.0579,L4
2卖,中枢进机会区 + 距60日高点>=0.85,127,0.0263,0.0263,1.003,0.2835,0.2829,0.0006,L4
2卖,距60日高点>=0.9,2377,0.5677,0.462,1.229,0.3265,0.2829,0.0436,L4
2卖,量能金叉 + 距60日高点>=0.9,783,0.18,0.155,1.161,0.3142,0.2829,0.0313,L4
2卖,大盘安全 + 距60日高点>=0.9,1871,0.4572,0.3596,1.271,0.334,0.2829,0.0511,L4
2卖,偏多共振 + 距60日高点>=0.9,707,0.1734,0.1356,1.278,0.3352,0.2829,0.0523,L4
2卖,中枢进机会区 + 距60日高点>=0.9,71,0.0168,0.0139,1.215,0.3239,0.2829,0.041,L4
2卖,距60日高点>=0.95,1175,0.2831,0.2274,1.245,0.3294,0.2829,0.0465,L4
2卖,量能金叉 + 距60日高点>=0.95,338,0.0775,0.067,1.158,0.3136,0.2829,0.0307,L4
2卖,大盘安全 + 距60日高点>=0.95,935,0.2297,0.1792,1.282,0.3358,0.2829,0.0529,L4
2卖,偏多共振 + 距60日高点>=0.95,415,0.0929,0.0831,1.118,0.306,0.2829,0.0231,L4
2卖,距60日高点<=0.7,159,0.0256,0.0358,0.715,0.2201,0.2829,-0.0628,L4
2卖,量能金叉 + 距60日高点<=0.7,53,0.011,0.011,1.001,0.283,0.2829,0.0001,L4
2卖,大盘安全 + 距60日高点<=0.7,112,0.0212,0.024,0.886,0.2589,0.2829,-0.024,L4
2卖,距60日高点<=0.8,863,0.128,0.1986,0.645,0.2028,0.2829,-0.0801,L4
2卖,量能金叉 + 距60日高点<=0.8,278,0.0483,0.0612,0.789,0.2374,0.2829,-0.0455,L4
2卖,大盘安全 + 距60日高点<=0.8,660,0.1046,0.1492,0.701,0.2167,0.2829,-0.0662,L4
2卖,偏多共振 + 距60日高点<=0.8,53,0.0102,0.0113,0.91,0.2642,0.2829,-0.0188,L4
2卖,中枢进机会区 + 距60日高点<=0.8,95,0.0132,0.0222,0.593,0.1895,0.2829,-0.0934,L4
2卖,距60日低点<=1.05,114,0.0154,0.0268,0.572,0.1842,0.2829,-0.0987,L4
2卖,大盘安全 + 距60日低点<=1.05,88,0.0117,0.0208,0.563,0.1818,0.2829,-0.1011,L4
2卖,距60日低点<=1.1,917,0.1456,0.2072,0.703,0.217,0.2829,-0.0659,L4
2卖,量能金叉 + 距60日低点<=1.1,317,0.0563,0.0693,0.813,0.2429,0.2829,-0.04,L4
2卖,大盘安全 + 距60日低点<=1.1,607,0.1083,0.1325,0.817,0.2438,0.2829,-0.0391,L4
2卖,偏多共振 + 距60日低点<=1.1,65,0.0168,0.0121,1.388,0.3538,0.2829,0.0709,L4
2卖,中枢进机会区 + 距60日低点<=1.1,151,0.0212,0.0352,0.603,0.1921,0.2829,-0.0909,L4
2卖,距60日低点<=1.2,2705,0.5274,0.5726,0.921,0.2665,0.2829,-0.0164,L4
2卖,量能金叉 + 距60日低点<=1.2,932,0.1953,0.1919,1.018,0.2865,0.2829,0.0036,L4
2卖,大盘安全 + 距60日低点<=1.2,1907,0.4067,0.3899,1.043,0.2916,0.2829,0.0087,L4
2卖,偏多共振 + 距60日低点<=1.2,425,0.1031,0.082,1.258,0.3318,0.2829,0.0489,L4
2卖,中枢进机会区 + 距60日低点<=1.2,225,0.0373,0.0502,0.743,0.2267,0.2829,-0.0562,L4
2卖,相对强弱>=-5.0,4802,0.9927,0.9942,0.998,0.2826,0.2829,-0.0003,L4
2卖,量能金叉 + 相对强弱>=-5.0,1619,0.3409,0.3328,1.024,0.2878,0.2829,0.0049,L4
2卖,大盘安全 + 相对强弱>=-5.0,3713,0.7981,0.7567,1.055,0.2938,0.2829,0.0109,L4
2卖,偏多共振 + 相对强弱>=-5.0,961,0.2399,0.1827,1.313,0.3413,0.2829,0.0584,L4
2卖,中枢进机会区 + 相对强弱>=-5.0,278,0.0497,0.0606,0.821,0.2446,0.2829,-0.0383,L4
2卖,相对强弱>=0.0,4316,0.9122,0.8857,1.03,0.2889,0.2829,0.006,L4
2卖,量能金叉 + 相对强弱>=0.0,1473,0.3204,0.2987,1.073,0.2974,0.2829,0.0144,L4
2卖,大盘安全 + 相对强弱>=0.0,3246,0.7198,0.6528,1.103,0.3031,0.2829,0.0202,L4
2卖,偏多共振 + 相对强弱>=0.0,869,0.2217,0.1633,1.357,0.3487,0.2829,0.0658,L4
2卖,中枢进机会区 + 相对强弱>=0.0,230,0.0439,0.0491,0.895,0.2609,0.2829,-0.022,L4
2卖,相对强弱>=5.0,2247,0.5516,0.4309,1.28,0.3356,0.2829,0.0527,L4
2卖,量能金叉 + 相对强弱>=5.0,801,0.1917,0.1556,1.232,0.3271,0.2829,0.0442,L4
2卖,大盘安全 + 相对强弱>=5.0,1554,0.4126,0.2857,1.444,0.3629,0.2829,0.08,L4
2卖,偏多共振 + 相对强弱>=5.0,445,0.1302,0.0771,1.69,0.4,0.2829,0.1171,L4
2卖,中枢进机会区 + 相对强弱>=5.0,87,0.0212,0.0167,1.267,0.3333,0.2829,0.0504,L4
2卖,相对强弱>=10.0,927,0.2502,0.1688,1.482,0.3689,0.2829,0.086,L4
2卖,量能金叉 + 相对强弱>=10.0,308,0.0761,0.0589,1.292,0.3377,0.2829,0.0548,L4
2卖,大盘安全 + 相对强弱>=10.0,650,0.1785,0.1172,1.523,0.3754,0.2829,0.0925,L4
2卖,偏多共振 + 相对强弱>=10.0,167,0.0512,0.028,1.829,0.4192,0.2829,0.1363,L4
2卖,相对强弱>=15.0,388,0.1134,0.0672,1.686,0.3995,0.2829,0.1166,L4
2卖,量能金叉 + 相对强弱>=15.0,125,0.0337,0.0228,1.476,0.368,0.2829,0.0851,L4
2卖,大盘安全 + 相对强弱>=15.0,274,0.079,0.0479,1.649,0.3942,0.2829,0.1113,L4
2卖,偏多共振 + 相对强弱>=15.0,72,0.0205,0.0127,1.613,0.3889,0.2829,0.106,L4
2卖,S-威科夫突破［威科夫B1突破 + SID小于等于2 + 放量］,143,0.0344,0.0277,1.241,0.3287,0.2829,0.0458,L5
2卖,S-斐波趋势［斐波全多头 + 价涨量增 + 相对强弱>=0］,100,0.0227,0.0199,1.139,0.31,0.2829,0.0271,L5
2卖,S-六脉震荡［六脉6红首发 + SID等于2 + 量能递增］,2322,0.5369,0.4583,1.172,0.3161,0.2829,0.0332,L5
2卖,S-MACD金叉多头［MACD零轴上金叉 + 趋势多头 + 放量］,336,0.0717,0.0687,1.044,0.2917,0.2829,0.0088,L5
2卖,S-火箭打板［火箭信号 + 大盘多头 + 相对强弱>=5］,122,0.0329,0.0222,1.481,0.3689,0.2829,0.0859,L5
2卖,S-中枢机会区［中枢进机会区 + 量比>=1.3］,149,0.0256,0.0329,0.778,0.2349,0.2829,-0.048,L5
2卖,S-纳财突破［纳财 + 相对强弱>=0］,428,0.101,0.0837,1.206,0.3224,0.2829,0.0395,L5
3卖,多头排列,1321,0.4958,0.4078,1.216,0.4042,0.3582,0.0461,L1
3卖,空头排列,250,0.0631,0.0943,0.67,0.272,0.3582,-0.0862,L1
3卖,趋势多头,1391,0.5237,0.4285,1.222,0.4055,0.3582,0.0473,L1
3卖,趋势空头,598,0.1718,0.214,0.803,0.3094,0.3582,-0.0488,L1
3卖,上升中回调,253,0.0882,0.0819,1.077,0.3755,0.3582,0.0173,L1
3卖,突破前高,570,0.2386,0.1622,1.471,0.4509,0.3582,0.0927,L1
3卖,站上MA5,2991,0.9935,0.9953,0.998,0.3577,0.3582,-0.0004,L1
3卖,站上MA13,2997,0.9954,0.9974,0.998,0.3577,0.3582,-0.0005,L1
3卖,站上MA34,2880,0.9675,0.9523,1.016,0.3618,0.3582,0.0036,L1
3卖,站上MA55,2549,0.8877,0.8254,1.075,0.375,0.3582,0.0169,L1
3卖,站上MA89,1914,0.7103,0.5953,1.193,0.3997,0.3582,0.0415,L1
3卖,站上MA144,1271,0.4438,0.4109,1.08,0.3761,0.3582,0.0179,L1
3卖,站上MA233,652,0.1959,0.2285,0.857,0.3236,0.3582,-0.0345,L1
3卖,斐波短中多头,1014,0.3844,0.3109,1.236,0.4083,0.3582,0.0501,L1
3卖,MA55上穿MA89,145,0.0641,0.0394,1.627,0.4759,0.3582,0.1177,L1
3卖,放量,2735,0.9118,0.9083,1.004,0.359,0.3582,0.0009,L1
3卖,缩量,2094,0.6927,0.6984,0.992,0.3563,0.3582,-0.0019,L1
3卖,量比大于1,2866,0.9554,0.9518,1.004,0.359,0.3582,0.0009,L1
3卖,量比大于1_3,2384,0.805,0.786,1.024,0.3637,0.3582,0.0055,L1
3卖,量比大于2,1334,0.4578,0.4358,1.05,0.3696,0.3582,0.0114,L1
3卖,量能递增,2655,0.8839,0.8824,1.002,0.3586,0.3582,0.0004,L1
3卖,价涨量增,2564,0.8542,0.8518,1.003,0.3588,0.3582,0.0007,L1
3卖,价涨量缩,1833,0.6175,0.6052,1.02,0.3628,0.3582,0.0046,L1
3卖,MACD_DIF大于0,2492,0.8654,0.8083,1.071,0.374,0.3582,0.0158,L1
3卖,MACD金叉态,2960,0.9879,0.9824,1.006,0.3595,0.3582,0.0013,L1
3卖,MACD柱递增,2375,0.8041,0.7819,1.028,0.3646,0.3582,0.0065,L1
3卖,MACD零轴上金叉,212,0.0761,0.0674,1.13,0.3868,0.3582,0.0286,L1
3卖,MACD底背离,64,0.0232,0.0202,1.149,0.3906,0.3582,0.0325,L1
3卖,BOLL收上中轨,2985,0.9916,0.9933,0.998,0.3578,0.3582,-0.0004,L1
3卖,BOLL突破上轨,1460,0.5209,0.4658,1.118,0.3842,0.3582,0.0261,L1
3卖,BOLL触下轨反弹,120,0.0371,0.0415,0.896,0.3333,0.3582,-0.0248,L1
3卖,BOLL开口扩张,2713,0.9034,0.9016,1.002,0.3586,0.3582,0.0005,L1
3卖,KDJ金叉态,2827,0.9369,0.942,0.995,0.3569,0.3582,-0.0012,L1
3卖,KDJ_J超卖,560,0.182,0.1886,0.965,0.35,0.3582,-0.0082,L1
3卖,KDJ_D小于30,84,0.0241,0.0301,0.803,0.3095,0.3582,-0.0486,L1
3卖,RSI6大于50,3000,0.9963,0.9984,0.998,0.3577,0.3582,-0.0005,L1
3卖,RSI金叉,884,0.2823,0.3005,0.939,0.3439,0.3582,-0.0143,L1
3卖,RSI6超卖,129,0.0353,0.0472,0.748,0.2946,0.3582,-0.0636,L1
3卖,RSI底背离,59,0.0232,0.0176,1.318,0.4237,0.3582,0.0656,L1
3卖,威科夫得分大于4,1895,0.6267,0.6321,0.991,0.3562,0.3582,-0.002,L1
3卖,威科夫得分大于7,1002,0.35,0.3238,1.081,0.3762,0.3582,0.0181,L1
3卖,积累阶段,594,0.1532,0.2223,0.689,0.2778,0.3582,-0.0804,L1
3卖,威科夫B1突破,97,0.026,0.0358,0.727,0.2887,0.3582,-0.0695,L1
3卖,黄金柱,283,0.0845,0.0995,0.849,0.3216,0.3582,-0.0366,L1
3卖,量能金叉,1003,0.3008,0.3518,0.855,0.323,0.3582,-0.0351,L1
3卖,六脉红灯大于5,2836,0.9434,0.943,1.0,0.3583,0.3582,0.0001,L1
3卖,六脉红灯大于6,2678,0.8812,0.8959,0.984,0.3544,0.3582,-0.0038,L1
3卖,六脉6红首发,2678,0.8812,0.8959,0.984,0.3544,0.3582,-0.0038,L1
3卖,六脉5红首发,2836,0.9434,0.943,1.0,0.3583,0.3582,0.0001,L1
3卖,偏多共振,265,0.0752,0.0953,0.789,0.3057,0.3582,-0.0525,L1
3卖,多头共振,265,0.0752,0.0953,0.789,0.3057,0.3582,-0.0525,L1
3卖,火箭信号,312,0.1309,0.0886,1.478,0.4519,0.3582,0.0938,L1
3卖,纳财,321,0.1272,0.0953,1.334,0.4268,0.3582,0.0686,L1
3卖,中枢进机会区,154,0.0427,0.056,0.763,0.2987,0.3582,-0.0595,L1
3卖,中枢极限底,56,0.0186,0.0187,0.996,0.3571,0.3582,-0.001,L1
3卖,中枢上穿中轴,690,0.2396,0.2238,1.07,0.3739,0.3582,0.0157,L1
3卖,中枢底部蓄力,215,0.0557,0.0803,0.694,0.2791,0.3582,-0.0791,L1
3卖,中枢底部回升,275,0.0724,0.1021,0.71,0.2836,0.3582,-0.0745,L1
3卖,大盘多头,1516,0.5153,0.4979,1.035,0.3661,0.3582,0.0079,L1
3卖,大盘空头,1033,0.3175,0.358,0.887,0.3311,0.3582,-0.0271,L1
3卖,大盘安全,2198,0.7902,0.6979,1.132,0.3872,0.3582,0.029,L1
3卖,SID等于1,1516,0.5153,0.4979,1.035,0.3661,0.3582,0.0079,L1
3卖,SID等于2,1643,0.5877,0.5233,1.123,0.3853,0.3582,0.0271,L1
3卖,SID小于等于2,2405,0.8533,0.7699,1.108,0.3821,0.3582,0.024,L1
3卖,大盘5日上涨,2647,0.9025,0.8679,1.04,0.3672,0.3582,0.009,L1
3卖,相对强弱大于0,2912,0.974,0.9653,1.009,0.3602,0.3582,0.0021,L1
3卖,相对强弱大于5,2021,0.7122,0.6497,1.096,0.3795,0.3582,0.0214,L1
3卖,量比>=1.3,1308,0.4392,0.4326,1.015,0.3616,0.3582,0.0035,L1
3卖,量比>=2,622,0.2154,0.2021,1.066,0.373,0.3582,0.0148,L1
3卖,距前高<=10%,1789,0.7103,0.5306,1.339,0.4276,0.3582,0.0694,L1
3卖,距前低<=10%,497,0.1513,0.1731,0.875,0.328,0.3582,-0.0302,L1
3卖,相对强弱>=0,2742,0.9276,0.9031,1.027,0.3643,0.3582,0.0062,L1
3卖,相对强弱>=5,1643,0.572,0.5321,1.075,0.3749,0.3582,0.0168,L1
3卖,多头排列 + 趋势多头,1309,0.4949,0.4021,1.231,0.4072,0.3582,0.049,L2
3卖,多头排列 + 上升中回调,206,0.0724,0.0663,1.092,0.3786,0.3582,0.0205,L2
3卖,多头排列 + 突破前高,467,0.1931,0.1342,1.439,0.4454,0.3582,0.0872,L2
3卖,多头排列 + 站上MA5,1316,0.493,0.4067,1.212,0.4035,0.3582,0.0453,L2
3卖,多头排列 + 站上MA13,1321,0.4958,0.4078,1.216,0.4042,0.3582,0.0461,L2
3卖,多头排列 + 站上MA34,1319,0.4958,0.4067,1.219,0.4049,0.3582,0.0467,L2
3卖,多头排列 + 站上MA55,1321,0.4958,0.4078,1.216,0.4042,0.3582,0.0461,L2
3卖,多头排列 + 站上MA89,1226,0.4624,0.3772,1.226,0.4062,0.3582,0.048,L2
3卖,多头排列 + 站上MA144,911,0.3305,0.2876,1.149,0.3908,0.3582,0.0326,L2
3卖,多头排列 + 站上MA233,473,0.1476,0.1627,0.907,0.3362,0.3582,-0.022,L2
3卖,多头排列 + 斐波短中多头,940,0.3593,0.2865,1.254,0.4117,0.3582,0.0535,L2
3卖,多头排列 + MA55上穿MA89,117,0.0529,0.0311,1.702,0.4872,0.3582,0.129,L2
3卖,多头排列 + 放量,1191,0.4568,0.3622,1.261,0.4131,0.3582,0.0549,L2
3卖,多头排列 + 缩量,962,0.3612,0.2969,1.217,0.4044,0.3582,0.0462,L2
3卖,多头排列 + 量比大于1,1247,0.4745,0.3813,1.244,0.4098,0.3582,0.0516,L2
3卖,多头排列 + 量比大于1_3,1005,0.3881,0.3041,1.276,0.4159,0.3582,0.0578,L2
3卖,多头排列 + 量比大于2,508,0.1968,0.1534,1.283,0.4173,0.3582,0.0592,L2
3卖,多头排列 + 量能递增,1172,0.4392,0.3622,1.213,0.4036,0.3582,0.0454,L2
3卖,多头排列 + 价涨量增,1099,0.4197,0.3352,1.252,0.4113,0.3582,0.0531,L2
3卖,多头排列 + 价涨量缩,820,0.325,0.2435,1.334,0.4268,0.3582,0.0687,L2
3卖,多头排列 + MACD_DIF大于0,1320,0.4958,0.4073,1.217,0.4045,0.3582,0.0464,L2
3卖,多头排列 + MACD金叉态,1303,0.493,0.4,1.233,0.4075,0.3582,0.0494,L2
3卖,多头排列 + MACD柱递增,986,0.3751,0.3016,1.244,0.4097,0.3582,0.0516,L2
3卖,多头排列 + MACD零轴上金叉,166,0.0622,0.0513,1.213,0.4036,0.3582,0.0455,L2
3卖,多头排列 + BOLL收上中轨,1321,0.4958,0.4078,1.216,0.4042,0.3582,0.0461,L2
3卖,多头排列 + BOLL突破上轨,703,0.2693,0.214,1.258,0.4125,0.3582,0.0544,L2
3卖,多头排列 + BOLL开口扩张,1199,0.4513,0.3694,1.221,0.4053,0.3582,0.0472,L2
3卖,多头排列 + KDJ金叉态,1225,0.4522,0.3824,1.183,0.3976,0.3582,0.0394,L2
3卖,多头排列 + KDJ_J超卖,245,0.0994,0.0715,1.389,0.4367,0.3582,0.0786,L2
3卖,多头排列 + RSI6大于50,1321,0.4958,0.4078,1.216,0.4042,0.3582,0.0461,L2
3卖,多头排列 + RSI金叉,439,0.156,0.1404,1.111,0.3827,0.3582,0.0245,L2
3卖,多头排列 + 威科夫得分大于4,1234,0.4633,0.3808,1.217,0.4044,0.3582,0.0462,L2
3卖,多头排列 + 威科夫得分大于7,843,0.3129,0.2622,1.193,0.3998,0.3582,0.0416,L2
3卖,多头排列 + 黄金柱,97,0.0325,0.0321,1.012,0.3608,0.3582,0.0027,L2
3卖,多头排列 + 量能金叉,356,0.1188,0.1181,1.006,0.3596,0.3582,0.0014,L2
3卖,多头排列 + 六脉红灯大于5,1217,0.4531,0.3777,1.2,0.401,0.3582,0.0428,L2
3卖,多头排列 + 六脉红灯大于6,1129,0.4095,0.3565,1.149,0.3906,0.3582,0.0324,L2
3卖,多头排列 + 六脉6红首发,1129,0.4095,0.3565,1.149,0.3906,0.3582,0.0324,L2
3卖,多头排列 + 六脉5红首发,1217,0.4531,0.3777,1.2,0.401,0.3582,0.0428,L2
3卖,多头排列 + 偏多共振,228,0.0641,0.0824,0.778,0.3026,0.3582,-0.0555,L2
3卖,多头排列 + 多头共振,228,0.0641,0.0824,0.778,0.3026,0.3582,-0.0555,L2
3卖,多头排列 + 火箭信号,136,0.0641,0.0347,1.846,0.5074,0.3582,0.1492,L2
3卖,多头排列 + 纳财,146,0.0613,0.0415,1.478,0.4521,0.3582,0.0939,L2
3卖,多头排列 + 中枢上穿中轴,104,0.0446,0.029,1.536,0.4615,0.3582,0.1034,L2
3卖,多头排列 + 大盘多头,839,0.2999,0.2674,1.122,0.385,0.3582,0.0268,L2
3卖,多头排列 + 大盘空头,288,0.1226,0.0808,1.516,0.4583,0.3582,0.1002,L2
3卖,多头排列 + 大盘安全,1058,0.4011,0.3244,1.237,0.4083,0.3582,0.0502,L2
3卖,多头排列 + SID等于1,839,0.2999,0.2674,1.122,0.385,0.3582,0.0268,L2
3卖,多头排列 + SID等于2,698,0.2702,0.2109,1.281,0.4169,0.3582,0.0587,L2
3卖,多头排列 + SID小于等于2,1160,0.429,0.3617,1.186,0.3983,0.3582,0.0401,L2
3卖,多头排列 + 大盘5日上涨,1158,0.4438,0.3523,1.26,0.4128,0.3582,0.0546,L2
3卖,多头排列 + 相对强弱大于0,1288,0.4856,0.3964,1.225,0.4061,0.3582,0.0479,L2
3卖,多头排列 + 相对强弱大于5,932,0.3751,0.2736,1.371,0.4335,0.3582,0.0753,L2
3卖,多头排列 + 量比>=1.3,507,0.1913,0.156,1.226,0.4063,0.3582,0.0481,L2
3卖,多头排列 + 量比>=2,214,0.0845,0.0637,1.326,0.4252,0.3582,0.0671,L2
3卖,多头排列 + 距前高<=10%,1153,0.455,0.3435,1.324,0.425,0.3582,0.0668,L2
3卖,多头排列 + 距前低<=10%,60,0.0167,0.0218,0.768,0.3,0.3582,-0.0582,L2
3卖,多头排列 + 相对强弱>=0,1229,0.4698,0.3746,1.254,0.4117,0.3582,0.0536,L2
3卖,多头排列 + 相对强弱>=5,776,0.311,0.2285,1.361,0.4317,0.3582,0.0735,L2
3卖,空头排列 + 趋势空头,195,0.0511,0.0725,0.704,0.2821,0.3582,-0.0761,L2
3卖,空头排列 + 站上MA5,248,0.0622,0.0938,0.663,0.2702,0.3582,-0.088,L2
3卖,空头排列 + 站上MA13,244,0.0613,0.0922,0.664,0.2705,0.3582,-0.0877,L2
3卖,空头排列 + 站上MA34,177,0.0511,0.0632,0.808,0.3107,0.3582,-0.0474,L2
3卖,空头排列 + 站上MA55,104,0.0334,0.0352,0.949,0.3462,0.3582,-0.012,L2
3卖,空头排列 + 站上MA89,60,0.0195,0.0202,0.965,0.35,0.3582,-0.0082,L2
3卖,空头排列 + 放量,240,0.0604,0.0907,0.666,0.2708,0.3582,-0.0873,L2
3卖,空头排列 + 缩量,167,0.0427,0.0627,0.681,0.2754,0.3582,-0.0827,L2
3卖,空头排列 + 量比大于1,248,0.0622,0.0938,0.663,0.2702,0.3582,-0.088,L2
3卖,空头排列 + 量比大于1_3,226,0.0576,0.085,0.677,0.2743,0.3582,-0.0838,L2
3卖,空头排列 + 量比大于2,158,0.0399,0.0596,0.67,0.2722,0.3582,-0.086,L2
3卖,空头排列 + 量能递增,219,0.0548,0.0829,0.661,0.2694,0.3582,-0.0888,L2
3卖,空头排列 + 价涨量增,228,0.0566,0.0865,0.655,0.2675,0.3582,-0.0906,L2
3卖,空头排列 + 价涨量缩,132,0.026,0.0539,0.482,0.2121,0.3582,-0.146,L2
3卖,空头排列 + MACD_DIF大于0,52,0.0195,0.0161,1.214,0.4038,0.3582,0.0457,L2
3卖,空头排列 + MACD金叉态,244,0.0622,0.0917,0.678,0.2746,0.3582,-0.0836,L2
3卖,空头排列 + MACD柱递增,238,0.0613,0.0891,0.688,0.2773,0.3582,-0.0809,L2
3卖,空头排列 + BOLL收上中轨,232,0.0566,0.0886,0.639,0.2629,0.3582,-0.0952,L2
3卖,空头排列 + BOLL突破上轨,52,0.0241,0.0135,1.792,0.5,0.3582,0.1418,L2
3卖,空头排列 + BOLL开口扩张,214,0.0501,0.0829,0.605,0.2523,0.3582,-0.1058,L2
3卖,空头排列 + KDJ金叉态,242,0.0622,0.0907,0.686,0.2769,0.3582,-0.0813,L2
3卖,空头排列 + KDJ_J超卖,51,0.0121,0.0197,0.613,0.2549,0.3582,-0.1033,L2
3卖,空头排列 + KDJ_D小于30,62,0.0139,0.0244,0.572,0.2419,0.3582,-0.1162,L2
3卖,空头排列 + RSI6大于50,244,0.0604,0.0927,0.651,0.2664,0.3582,-0.0918,L2
3卖,空头排列 + RSI金叉,113,0.026,0.044,0.59,0.2478,0.3582,-0.1104,L2
3卖,空头排列 + 威科夫得分大于4,58,0.0186,0.0197,0.943,0.3448,0.3582,-0.0133,L2
3卖,空头排列 + 积累阶段,152,0.0306,0.0617,0.497,0.2171,0.3582,-0.1411,L2
3卖,空头排列 + 黄金柱,65,0.0139,0.0259,0.538,0.2308,0.3582,-0.1274,L2
3卖,空头排列 + 量能金叉,123,0.0353,0.044,0.801,0.3089,0.3582,-0.0492,L2
3卖,空头排列 + 六脉红灯大于5,241,0.0622,0.0902,0.69,0.278,0.3582,-0.0802,L2
3卖,空头排列 + 六脉红灯大于6,231,0.0585,0.087,0.672,0.2727,0.3582,-0.0854,L2
3卖,空头排列 + 六脉6红首发,231,0.0585,0.087,0.672,0.2727,0.3582,-0.0854,L2
3卖,空头排列 + 六脉5红首发,241,0.0622,0.0902,0.69,0.278,0.3582,-0.0802,L2
3卖,空头排列 + 中枢进机会区,58,0.013,0.0228,0.57,0.2414,0.3582,-0.1168,L2
3卖,空头排列 + 中枢上穿中轴,130,0.039,0.0456,0.855,0.3231,0.3582,-0.0351,L2
3卖,空头排列 + 中枢底部蓄力,129,0.0334,0.0482,0.694,0.2791,0.3582,-0.0791,L2
3卖,空头排列 + 中枢底部回升,149,0.0353,0.0575,0.613,0.255,0.3582,-0.1031,L2
3卖,空头排列 + 大盘空头,181,0.039,0.072,0.541,0.232,0.3582,-0.1261,L2
3卖,空头排列 + 大盘安全,138,0.0492,0.044,1.117,0.3841,0.3582,0.0259,L2
3卖,空头排列 + SID等于2,138,0.0436,0.0472,0.926,0.3406,0.3582,-0.0176,L2
3卖,空头排列 + SID小于等于2,157,0.0529,0.0518,1.021,0.3631,0.3582,0.0049,L2
3卖,空头排列 + 大盘5日上涨,223,0.0594,0.0824,0.721,0.287,0.3582,-0.0712,L2
3卖,空头排列 + 相对强弱大于0,235,0.0594,0.0886,0.671,0.2723,0.3582,-0.0858,L2
3卖,空头排列 + 相对强弱大于5,112,0.0288,0.042,0.686,0.2768,0.3582,-0.0814,L2
3卖,空头排列 + 量比>=1.3,149,0.0325,0.0591,0.55,0.2349,0.3582,-0.1233,L2
3卖,空头排列 + 量比>=2,85,0.0176,0.0342,0.516,0.2235,0.3582,-0.1346,L2
3卖,空头排列 + 距前高<=10%,57,0.0232,0.0166,1.4,0.4386,0.3582,0.0804,L2
3卖,空头排列 + 距前低<=10%,107,0.026,0.0409,0.635,0.2617,0.3582,-0.0965,L2
3卖,空头排列 + 相对强弱>=0,210,0.0501,0.0808,0.62,0.2571,0.3582,-0.101,L2
3卖,空头排列 + 相对强弱>=5,71,0.0176,0.0269,0.655,0.2676,0.3582,-0.0906,L2
3卖,趋势多头 + 上升中回调,249,0.0864,0.0808,1.068,0.3735,0.3582,0.0153,L2
3卖,趋势多头 + 突破前高,468,0.1931,0.1347,1.434,0.4444,0.3582,0.0863,L2
3卖,趋势多头 + 站上MA5,1383,0.5181,0.4275,1.212,0.4035,0.3582,0.0453,L2
3卖,趋势多头 + 站上MA13,1390,0.5227,0.4285,1.22,0.405,0.3582,0.0469,L2
3卖,趋势多头 + 站上MA34,1389,0.5237,0.4275,1.225,0.406,0.3582,0.0479,L2
3卖,趋势多头 + 站上MA55,1391,0.5237,0.4285,1.222,0.4055,0.3582,0.0473,L2
3卖,趋势多头 + 站上MA89,1280,0.4838,0.3933,1.23,0.407,0.3582,0.0489,L2
3卖,趋势多头 + 站上MA144,948,0.3435,0.2995,1.147,0.3903,0.3582,0.0321,L2
3卖,趋势多头 + 站上MA233,487,0.1541,0.1663,0.927,0.3409,0.3582,-0.0173,L2
3卖,趋势多头 + 斐波短中多头,971,0.3686,0.2974,1.239,0.4089,0.3582,0.0507,L2
3卖,趋势多头 + MA55上穿MA89,123,0.0566,0.0321,1.763,0.4959,0.3582,0.1378,L2
3卖,趋势多头 + 放量,1255,0.4819,0.3813,1.264,0.4135,0.3582,0.0554,L2
3卖,趋势多头 + 缩量,1018,0.3825,0.314,1.218,0.4047,0.3582,0.0466,L2
3卖,趋势多头 + 量比大于1,1316,0.5014,0.4021,1.247,0.4103,0.3582,0.0522,L2
3卖,趋势多头 + 量比大于1_3,1061,0.4104,0.3207,1.28,0.4166,0.3582,0.0584,L2
3卖,趋势多头 + 量比大于2,543,0.2136,0.1622,1.317,0.4236,0.3582,0.0654,L2
3卖,趋势多头 + 量能递增,1226,0.4633,0.3767,1.23,0.407,0.3582,0.0489,L2
3卖,趋势多头 + 价涨量增,1160,0.4438,0.3534,1.256,0.4121,0.3582,0.0539,L2
3卖,趋势多头 + 价涨量缩,862,0.3417,0.256,1.335,0.4269,0.3582,0.0687,L2
3卖,趋势多头 + MACD_DIF大于0,1382,0.5209,0.4254,1.225,0.4059,0.3582,0.0478,L2
3卖,趋势多头 + MACD金叉态,1353,0.5135,0.4145,1.239,0.4087,0.3582,0.0506,L2
3卖,趋势多头 + MACD柱递增,1042,0.3946,0.3197,1.234,0.4079,0.3582,0.0497,L2
3卖,趋势多头 + MACD零轴上金叉,204,0.0724,0.0653,1.109,0.3824,0.3582,0.0242,L2
3卖,趋势多头 + BOLL收上中轨,1391,0.5237,0.4285,1.222,0.4055,0.3582,0.0473,L2
3卖,趋势多头 + BOLL突破上轨,700,0.2739,0.2098,1.305,0.4214,0.3582,0.0633,L2
3卖,趋势多头 + BOLL开口扩张,1251,0.4717,0.385,1.225,0.4061,0.3582,0.0479,L2
3卖,趋势多头 + KDJ金叉态,1285,0.4763,0.4,1.191,0.3992,0.3582,0.0411,L2
3卖,趋势多头 + KDJ_J超卖,267,0.1096,0.0772,1.419,0.4419,0.3582,0.0838,L2
3卖,趋势多头 + RSI6大于50,1391,0.5237,0.4285,1.222,0.4055,0.3582,0.0473,L2
3卖,趋势多头 + RSI金叉,490,0.1718,0.158,1.087,0.3776,0.3582,0.0194,L2
3卖,趋势多头 + RSI6超卖,58,0.0195,0.0192,1.017,0.3621,0.3582,0.0039,L2
3卖,趋势多头 + 威科夫得分大于4,1275,0.4782,0.3938,1.214,0.4039,0.3582,0.0458,L2
3卖,趋势多头 + 威科夫得分大于7,868,0.3213,0.2705,1.188,0.3986,0.3582,0.0405,L2
3卖,趋势多头 + 黄金柱,117,0.0409,0.0378,1.08,0.3761,0.3582,0.0179,L2
3卖,趋势多头 + 量能金叉,387,0.1291,0.1285,1.004,0.3592,0.3582,0.001,L2
3卖,趋势多头 + 六脉红灯大于5,1276,0.4763,0.3953,1.205,0.402,0.3582,0.0439,L2
3卖,趋势多头 + 六脉红灯大于6,1183,0.4308,0.3725,1.156,0.3922,0.3582,0.0341,L2
3卖,趋势多头 + 六脉6红首发,1183,0.4308,0.3725,1.156,0.3922,0.3582,0.0341,L2
3卖,趋势多头 + 六脉5红首发,1276,0.4763,0.3953,1.205,0.402,0.3582,0.0439,L2
3卖,趋势多头 + 偏多共振,236,0.0687,0.0839,0.819,0.3136,0.3582,-0.0446,L2
3卖,趋势多头 + 多头共振,236,0.0687,0.0839,0.819,0.3136,0.3582,-0.0446,L2
3卖,趋势多头 + 火箭信号,137,0.0659,0.0342,1.928,0.5182,0.3582,0.1601,L2
3卖,趋势多头 + 纳财,151,0.0631,0.043,1.468,0.4503,0.3582,0.0922,L2
3卖,趋势多头 + 中枢上穿中轴,138,0.0566,0.0399,1.42,0.442,0.3582,0.0839,L2
3卖,趋势多头 + 大盘多头,862,0.3064,0.2756,1.112,0.3828,0.3582,0.0247,L2
3卖,趋势多头 + 大盘空头,319,0.1374,0.0886,1.551,0.4639,0.3582,0.1058,L2
3卖,趋势多头 + 大盘安全,1094,0.416,0.3347,1.243,0.4095,0.3582,0.0513,L2
3卖,趋势多头 + SID等于1,862,0.3064,0.2756,1.112,0.3828,0.3582,0.0247,L2
3卖,趋势多头 + SID等于2,739,0.2869,0.2228,1.288,0.4181,0.3582,0.06,L2
3卖,趋势多头 + SID小于等于2,1211,0.4485,0.3772,1.189,0.3988,0.3582,0.0407,L2
3卖,趋势多头 + 大盘5日上涨,1211,0.468,0.3663,1.277,0.4162,0.3582,0.058,L2
3卖,趋势多头 + 相对强弱大于0,1349,0.5116,0.4135,1.237,0.4085,0.3582,0.0503,L2
3卖,趋势多头 + 相对强弱大于5,942,0.3835,0.2741,1.399,0.4384,0.3582,0.0803,L2
3卖,趋势多头 + 量比>=1.3,535,0.2015,0.1648,1.223,0.4056,0.3582,0.0474,L2
3卖,趋势多头 + 量比>=2,228,0.0901,0.0679,1.327,0.4254,0.3582,0.0673,L2
3卖,趋势多头 + 距前高<=10%,1202,0.4745,0.358,1.325,0.4251,0.3582,0.067,L2
3卖,趋势多头 + 距前低<=10%,72,0.0214,0.0254,0.841,0.3194,0.3582,-0.0387,L2
3卖,趋势多头 + 相对强弱>=0,1285,0.493,0.3907,1.262,0.4132,0.3582,0.0551,L2
3卖,趋势多头 + 相对强弱>=5,784,0.3166,0.2295,1.379,0.4349,0.3582,0.0768,L2
3卖,趋势空头 + 站上MA5,591,0.1708,0.2109,0.81,0.3113,0.3582,-0.0468,L2
3卖,趋势空头 + 站上MA13,590,0.169,0.2114,0.799,0.3085,0.3582,-0.0497,L2
3卖,趋势空头 + 站上MA34,489,0.1467,0.1715,0.855,0.3231,0.3582,-0.0351,L2
3卖,趋势空头 + 站上MA55,333,0.1114,0.1104,1.01,0.3604,0.3582,0.0022,L2
3卖,趋势空头 + 站上MA89,163,0.0613,0.0503,1.219,0.4049,0.3582,0.0467,L2
3卖,趋势空头 + 站上MA144,78,0.0269,0.0254,1.061,0.3718,0.3582,0.0136,L2
3卖,趋势空头 + 放量,546,0.1513,0.1984,0.763,0.2985,0.3582,-0.0596,L2
3卖,趋势空头 + 缩量,408,0.1077,0.1513,0.712,0.2843,0.3582,-0.0739,L2
3卖,趋势空头 + 量比大于1,576,0.1653,0.2062,0.801,0.309,0.3582,-0.0491,L2
3卖,趋势空头 + 量比大于1_3,503,0.1448,0.1798,0.806,0.3101,0.3582,-0.048,L2
3卖,趋势空头 + 量比大于2,307,0.0929,0.1073,0.866,0.3257,0.3582,-0.0324,L2
3卖,趋势空头 + 量能递增,514,0.1504,0.1824,0.825,0.3152,0.3582,-0.043,L2
3卖,趋势空头 + 价涨量增,514,0.143,0.1865,0.767,0.2996,0.3582,-0.0586,L2
3卖,趋势空头 + 价涨量缩,321,0.0854,0.1187,0.72,0.2866,0.3582,-0.0716,L2
3卖,趋势空头 + MACD_DIF大于0,263,0.0882,0.087,1.013,0.3612,0.3582,0.0031,L2
3卖,趋势空头 + MACD金叉态,591,0.1708,0.2109,0.81,0.3113,0.3582,-0.0468,L2
3卖,趋势空头 + MACD柱递增,483,0.143,0.1705,0.839,0.3188,0.3582,-0.0393,L2
3卖,趋势空头 + BOLL收上中轨,578,0.1643,0.2078,0.791,0.3062,0.3582,-0.0519,L2
3卖,趋势空头 + BOLL突破上轨,175,0.0631,0.0554,1.139,0.3886,0.3582,0.0304,L2
3卖,趋势空头 + BOLL触下轨反弹,71,0.0214,0.0249,0.859,0.3239,0.3582,-0.0342,L2
3卖,趋势空头 + BOLL开口扩张,492,0.1374,0.1782,0.771,0.3008,0.3582,-0.0574,L2
3卖,趋势空头 + KDJ金叉态,566,0.1671,0.2,0.836,0.318,0.3582,-0.0401,L2
3卖,趋势空头 + KDJ_J超卖,239,0.0622,0.0891,0.698,0.2803,0.3582,-0.0778,L2
3卖,趋势空头 + KDJ_D小于30,60,0.0149,0.0228,0.652,0.2667,0.3582,-0.0915,L2
3卖,趋势空头 + RSI6大于50,591,0.1681,0.2124,0.791,0.3063,0.3582,-0.0519,L2
3卖,趋势空头 + RSI金叉,232,0.0678,0.0824,0.823,0.3147,0.3582,-0.0435,L2
3卖,趋势空头 + RSI6超卖,71,0.0176,0.0269,0.655,0.2676,0.3582,-0.0906,L2
3卖,趋势空头 + 威科夫得分大于4,218,0.0585,0.0803,0.728,0.289,0.3582,-0.0692,L2
3卖,趋势空头 + 积累阶段,348,0.0873,0.1316,0.663,0.2701,0.3582,-0.088,L2
3卖,趋势空头 + 黄金柱,102,0.0288,0.0368,0.782,0.3039,0.3582,-0.0542,L2
3卖,趋势空头 + 量能金叉,256,0.0752,0.0907,0.829,0.3164,0.3582,-0.0418,L2
3卖,趋势空头 + 六脉红灯大于5,568,0.1681,0.2005,0.838,0.3187,0.3582,-0.0395,L2
3卖,趋势空头 + 六脉红灯大于6,538,0.1606,0.1891,0.849,0.3216,0.3582,-0.0366,L2
3卖,趋势空头 + 六脉6红首发,538,0.1606,0.1891,0.849,0.3216,0.3582,-0.0366,L2
3卖,趋势空头 + 六脉5红首发,568,0.1681,0.2005,0.838,0.3187,0.3582,-0.0395,L2
3卖,趋势空头 + 火箭信号,53,0.0167,0.0181,0.922,0.3396,0.3582,-0.0185,L2
3卖,趋势空头 + 纳财,56,0.0241,0.0155,1.553,0.4643,0.3582,0.1061,L2
3卖,趋势空头 + 中枢进机会区,117,0.0316,0.043,0.734,0.2906,0.3582,-0.0676,L2
3卖,趋势空头 + 中枢上穿中轴,231,0.0761,0.0772,0.986,0.355,0.3582,-0.0032,L2
3卖,趋势空头 + 中枢底部蓄力,138,0.0353,0.0518,0.681,0.2754,0.3582,-0.0828,L2
3卖,趋势空头 + 中枢底部回升,166,0.0409,0.0632,0.646,0.2651,0.3582,-0.0931,L2
3卖,趋势空头 + 大盘多头,182,0.0557,0.0632,0.881,0.3297,0.3582,-0.0285,L2
3卖,趋势空头 + 大盘空头,343,0.0956,0.1244,0.769,0.3003,0.3582,-0.0579,L2
3卖,趋势空头 + 大盘安全,340,0.1058,0.1171,0.904,0.3353,0.3582,-0.0229,L2
3卖,趋势空头 + SID等于1,182,0.0557,0.0632,0.881,0.3297,0.3582,-0.0285,L2
3卖,趋势空头 + SID等于2,335,0.0956,0.1202,0.796,0.3075,0.3582,-0.0507,L2
3卖,趋势空头 + SID小于等于2,391,0.1244,0.1332,0.934,0.3427,0.3582,-0.0155,L2
3卖,趋势空头 + 大盘5日上涨,513,0.1467,0.1839,0.798,0.308,0.3582,-0.0502,L2
3卖,趋势空头 + 相对强弱大于0,568,0.1643,0.2026,0.811,0.3116,0.3582,-0.0465,L2
3卖,趋势空头 + 相对强弱大于5,294,0.0836,0.1057,0.791,0.3061,0.3582,-0.052,L2
3卖,趋势空头 + 量比>=1.3,317,0.091,0.1135,0.802,0.3091,0.3582,-0.049,L2
3卖,趋势空头 + 量比>=2,167,0.0501,0.0585,0.856,0.3234,0.3582,-0.0348,L2
3卖,趋势空头 + 距前高<=10%,155,0.065,0.044,1.476,0.4516,0.3582,0.0934,L2
3卖,趋势空头 + 距前低<=10%,251,0.0752,0.0881,0.854,0.3227,0.3582,-0.0355,L2
3卖,趋势空头 + 相对强弱>=0,503,0.1448,0.1798,0.806,0.3101,0.3582,-0.048,L2
3卖,趋势空头 + 相对强弱>=5,214,0.0585,0.0782,0.748,0.2944,0.3582,-0.0638,L2
3卖,上升中回调 + 站上MA5,251,0.0873,0.0813,1.073,0.3745,0.3582,0.0163,L2
3卖,上升中回调 + 站上MA13,250,0.0854,0.0819,1.043,0.368,0.3582,0.0098,L2
3卖,上升中回调 + 站上MA34,253,0.0882,0.0819,1.077,0.3755,0.3582,0.0173,L2
3卖,上升中回调 + 站上MA55,253,0.0882,0.0819,1.077,0.3755,0.3582,0.0173,L2
3卖,上升中回调 + 站上MA89,223,0.0771,0.0725,1.062,0.3722,0.3582,0.014,L2
3卖,上升中回调 + 站上MA144,160,0.0539,0.0528,1.019,0.3625,0.3582,0.0043,L2
3卖,上升中回调 + 站上MA233,87,0.0279,0.0295,0.943,0.3448,0.3582,-0.0133,L2
3卖,上升中回调 + 斐波短中多头,182,0.0585,0.0617,0.949,0.3462,0.3582,-0.012,L2
3卖,上升中回调 + 放量,228,0.0826,0.072,1.147,0.3904,0.3582,0.0322,L2
3卖,上升中回调 + 缩量,196,0.0696,0.0627,1.111,0.3827,0.3582,0.0245,L2
3卖,上升中回调 + 量比大于1,239,0.0845,0.0767,1.102,0.3808,0.3582,0.0226,L2
3卖,上升中回调 + 量比大于1_3,199,0.0734,0.0622,1.18,0.397,0.3582,0.0388,L2
3卖,上升中回调 + 量比大于2,93,0.0381,0.0269,1.413,0.4409,0.3582,0.0827,L2
3卖,上升中回调 + 量能递增,209,0.0734,0.0674,1.089,0.378,0.3582,0.0198,L2
3卖,上升中回调 + 价涨量增,199,0.0724,0.0627,1.155,0.392,0.3582,0.0338,L2
3卖,上升中回调 + 价涨量缩,134,0.0539,0.0394,1.368,0.4328,0.3582,0.0747,L2
3卖,上升中回调 + MACD_DIF大于0,250,0.0873,0.0808,1.08,0.376,0.3582,0.0178,L2
3卖,上升中回调 + MACD金叉态,219,0.078,0.0699,1.115,0.3836,0.3582,0.0254,L2
3卖,上升中回调 + MACD柱递增,165,0.0576,0.0534,1.079,0.3758,0.3582,0.0176,L2
3卖,上升中回调 + MACD零轴上金叉,64,0.0269,0.0181,1.485,0.4531,0.3582,0.095,L2
3卖,上升中回调 + BOLL收上中轨,250,0.0864,0.0813,1.062,0.372,0.3582,0.0138,L2
3卖,上升中回调 + BOLL突破上轨,81,0.0306,0.0249,1.232,0.4074,0.3582,0.0492,L2
3卖,上升中回调 + BOLL开口扩张,207,0.0659,0.0705,0.936,0.343,0.3582,-0.0152,L2
3卖,上升中回调 + KDJ金叉态,217,0.0743,0.071,1.046,0.3687,0.3582,0.0105,L2
3卖,上升中回调 + KDJ_J超卖,136,0.052,0.0415,1.254,0.4118,0.3582,0.0536,L2
3卖,上升中回调 + RSI6大于50,253,0.0882,0.0819,1.077,0.3755,0.3582,0.0173,L2
3卖,上升中回调 + RSI金叉,132,0.0464,0.0425,1.093,0.3788,0.3582,0.0206,L2
3卖,上升中回调 + 威科夫得分大于4,218,0.0771,0.0699,1.102,0.3807,0.3582,0.0226,L2
3卖,上升中回调 + 威科夫得分大于7,133,0.0474,0.0425,1.115,0.3835,0.3582,0.0253,L2
3卖,上升中回调 + 量能金叉,91,0.0325,0.029,1.12,0.3846,0.3582,0.0265,L2
3卖,上升中回调 + 六脉红灯大于5,212,0.0734,0.0689,1.064,0.3726,0.3582,0.0145,L2
3卖,上升中回调 + 六脉红灯大于6,181,0.0576,0.0617,0.934,0.3425,0.3582,-0.0156,L2
3卖,上升中回调 + 六脉6红首发,181,0.0576,0.0617,0.934,0.3425,0.3582,-0.0156,L2
3卖,上升中回调 + 六脉5红首发,212,0.0734,0.0689,1.064,0.3726,0.3582,0.0145,L2
3卖,上升中回调 + 偏多共振,60,0.0176,0.0212,0.83,0.3167,0.3582,-0.0415,L2
3卖,上升中回调 + 多头共振,60,0.0176,0.0212,0.83,0.3167,0.3582,-0.0415,L2
3卖,上升中回调 + 大盘多头,138,0.0436,0.0472,0.926,0.3406,0.3582,-0.0176,L2
3卖,上升中回调 + 大盘空头,79,0.0353,0.0212,1.661,0.481,0.3582,0.1228,L2
3卖,上升中回调 + 大盘安全,176,0.0604,0.0575,1.049,0.3693,0.3582,0.0112,L2
3卖,上升中回调 + SID等于1,138,0.0436,0.0472,0.926,0.3406,0.3582,-0.0176,L2
3卖,上升中回调 + SID等于2,151,0.0511,0.0497,1.027,0.3642,0.3582,0.0061,L2
3卖,上升中回调 + SID小于等于2,205,0.0659,0.0694,0.95,0.3463,0.3582,-0.0118,L2
3卖,上升中回调 + 大盘5日上涨,201,0.0696,0.0653,1.067,0.3731,0.3582,0.015,L2
3卖,上升中回调 + 相对强弱大于0,238,0.0854,0.0756,1.129,0.3866,0.3582,0.0284,L2
3卖,上升中回调 + 相对强弱大于5,119,0.0483,0.0347,1.391,0.437,0.3582,0.0788,L2
3卖,上升中回调 + 量比>=1.3,103,0.0362,0.0332,1.092,0.3786,0.3582,0.0205,L2
3卖,上升中回调 + 距前高<=10%,201,0.0761,0.0617,1.235,0.408,0.3582,0.0498,L2
3卖,上升中回调 + 相对强弱>=0,223,0.078,0.072,1.083,0.3767,0.3582,0.0185,L2
3卖,上升中回调 + 相对强弱>=5,83,0.0325,0.0249,1.307,0.4217,0.3582,0.0635,L2
3卖,突破前高 + 站上MA5,570,0.2386,0.1622,1.471,0.4509,0.3582,0.0927,L2
3卖,突破前高 + 站上MA13,570,0.2386,0.1622,1.471,0.4509,0.3582,0.0927,L2
3卖,突破前高 + 站上MA34,570,0.2386,0.1622,1.471,0.4509,0.3582,0.0927,L2
3卖,突破前高 + 站上MA55,570,0.2386,0.1622,1.471,0.4509,0.3582,0.0927,L2
3卖,突破前高 + 站上MA89,567,0.2368,0.1617,1.465,0.4497,0.3582,0.0916,L2
3卖,突破前高 + 站上MA144,476,0.1968,0.1368,1.439,0.4454,0.3582,0.0872,L2
3卖,突破前高 + 站上MA233,246,0.0864,0.0793,1.089,0.378,0.3582,0.0199,L2
3卖,突破前高 + 斐波短中多头,383,0.1578,0.1104,1.43,0.4439,0.3582,0.0857,L2
3卖,突破前高 + MA55上穿MA89,68,0.0297,0.0187,1.593,0.4706,0.3582,0.1124,L2
3卖,突破前高 + 放量,553,0.234,0.156,1.5,0.4557,0.3582,0.0975,L2
3卖,突破前高 + 缩量,285,0.1179,0.0819,1.44,0.4456,0.3582,0.0874,L2
3卖,突破前高 + 量比大于1,563,0.2368,0.1596,1.484,0.4529,0.3582,0.0948,L2
3卖,突破前高 + 量比大于1_3,514,0.2173,0.1451,1.498,0.4553,0.3582,0.0971,L2
3卖,突破前高 + 量比大于2,347,0.1439,0.0995,1.447,0.4467,0.3582,0.0885,L2
3卖,突破前高 + 量能递增,550,0.2321,0.1554,1.493,0.4545,0.3582,0.0964,L2
3卖,突破前高 + 价涨量增,544,0.2331,0.1518,1.535,0.4614,0.3582,0.1032,L2
3卖,突破前高 + 价涨量缩,312,0.1365,0.0855,1.597,0.4712,0.3582,0.113,L2
3卖,突破前高 + MACD_DIF大于0,570,0.2386,0.1622,1.471,0.4509,0.3582,0.0927,L2
3卖,突破前高 + MACD金叉态,566,0.2386,0.1601,1.49,0.4541,0.3582,0.0959,L2
3卖,突破前高 + MACD柱递增,508,0.2191,0.1409,1.555,0.4646,0.3582,0.1064,L2
3卖,突破前高 + MACD零轴上金叉,70,0.026,0.0218,1.195,0.4,0.3582,0.0418,L2
3卖,突破前高 + BOLL收上中轨,570,0.2386,0.1622,1.471,0.4509,0.3582,0.0927,L2
3卖,突破前高 + BOLL突破上轨,479,0.2033,0.1347,1.509,0.4572,0.3582,0.099,L2
3卖,突破前高 + BOLL开口扩张,552,0.2321,0.1565,1.483,0.4529,0.3582,0.0947,L2
3卖,突破前高 + KDJ金叉态,559,0.2331,0.1596,1.46,0.449,0.3582,0.0909,L2
3卖,突破前高 + KDJ_J超卖,64,0.0288,0.0171,1.683,0.4844,0.3582,0.1262,L2
3卖,突破前高 + RSI6大于50,570,0.2386,0.1622,1.471,0.4509,0.3582,0.0927,L2
3卖,突破前高 + RSI金叉,153,0.0594,0.0461,1.289,0.4183,0.3582,0.0601,L2
3卖,突破前高 + 威科夫得分大于4,472,0.1978,0.1342,1.474,0.4513,0.3582,0.0931,L2
3卖,突破前高 + 威科夫得分大于7,354,0.1421,0.1041,1.364,0.4322,0.3582,0.074,L2
3卖,突破前高 + 量能金叉,149,0.052,0.0482,1.079,0.3758,0.3582,0.0177,L2
3卖,突破前高 + 六脉红灯大于5,558,0.2331,0.1591,1.465,0.4498,0.3582,0.0917,L2
3卖,突破前高 + 六脉红灯大于6,547,0.2293,0.1554,1.475,0.4516,0.3582,0.0934,L2
3卖,突破前高 + 六脉6红首发,547,0.2293,0.1554,1.475,0.4516,0.3582,0.0934,L2
3卖,突破前高 + 六脉5红首发,558,0.2331,0.1591,1.465,0.4498,0.3582,0.0917,L2
3卖,突破前高 + 偏多共振,100,0.0279,0.0363,0.768,0.3,0.3582,-0.0582,L2
3卖,突破前高 + 多头共振,100,0.0279,0.0363,0.768,0.3,0.3582,-0.0582,L2
3卖,突破前高 + 火箭信号,143,0.0687,0.0358,1.922,0.5175,0.3582,0.1593,L2
3卖,突破前高 + 纳财,90,0.0474,0.0202,2.343,0.5667,0.3582,0.2085,L2
3卖,突破前高 + 中枢上穿中轴,73,0.0288,0.0218,1.323,0.4247,0.3582,0.0665,L2
3卖,突破前高 + 大盘多头,388,0.1569,0.1135,1.383,0.4356,0.3582,0.0774,L2
3卖,突破前高 + 大盘空头,114,0.0548,0.0285,1.922,0.5175,0.3582,0.1594,L2
3卖,突破前高 + 大盘安全,476,0.2006,0.1347,1.489,0.4538,0.3582,0.0956,L2
3卖,突破前高 + SID等于1,388,0.1569,0.1135,1.383,0.4356,0.3582,0.0774,L2
3卖,突破前高 + SID等于2,326,0.1346,0.0938,1.436,0.4448,0.3582,0.0866,L2
3卖,突破前高 + SID小于等于2,512,0.2117,0.1472,1.439,0.4453,0.3582,0.0871,L2
3卖,突破前高 + 大盘5日上涨,511,0.2191,0.1425,1.538,0.4618,0.3582,0.1037,L2
3卖,突破前高 + 相对强弱大于0,551,0.2312,0.1565,1.478,0.4519,0.3582,0.0937,L2
3卖,突破前高 + 相对强弱大于5,470,0.2052,0.129,1.591,0.4702,0.3582,0.112,L2
3卖,突破前高 + 量比>=1.3,317,0.1365,0.0881,1.55,0.4637,0.3582,0.1056,L2
3卖,突破前高 + 量比>=2,177,0.0743,0.0503,1.478,0.452,0.3582,0.0938,L2
3卖,突破前高 + 距前高<=10%,532,0.2247,0.1503,1.495,0.4549,0.3582,0.0967,L2
3卖,突破前高 + 相对强弱>=0,536,0.2266,0.1513,1.497,0.4552,0.3582,0.0971,L2
3卖,突破前高 + 相对强弱>=5,430,0.1885,0.1176,1.603,0.4721,0.3582,0.1139,L2
3卖,站上MA5 + 站上MA13,2982,0.9898,0.9927,0.997,0.3575,0.3582,-0.0007,L2
3卖,站上MA5 + 站上MA34,2866,0.961,0.9487,1.013,0.3611,0.3582,0.003,L2
3卖,站上MA5 + 站上MA55,2538,0.8821,0.8228,1.072,0.3743,0.3582,0.0161,L2
3卖,站上MA5 + 站上MA89,1908,0.7075,0.5938,1.192,0.3994,0.3582,0.0412,L2
3卖,站上MA5 + 站上MA144,1267,0.442,0.4098,1.078,0.3757,0.3582,0.0175,L2
3卖,站上MA5 + 站上MA233,651,0.1959,0.228,0.859,0.3241,0.3582,-0.034,L2
3卖,站上MA5 + 斐波短中多头,1008,0.3816,0.3093,1.234,0.4077,0.3582,0.0496,L2
3卖,站上MA5 + MA55上穿MA89,145,0.0641,0.0394,1.627,0.4759,0.3582,0.1177,L2
3卖,站上MA5 + 放量,2728,0.9099,0.9057,1.005,0.3592,0.3582,0.0011,L2
3卖,站上MA5 + 缩量,2078,0.6862,0.6938,0.989,0.3556,0.3582,-0.0025,L2
3卖,站上MA5 + 量比大于1,2855,0.9517,0.9482,1.004,0.359,0.3582,0.0009,L2
3卖,站上MA5 + 量比大于1_3,2377,0.8032,0.7834,1.025,0.3639,0.3582,0.0057,L2
3卖,站上MA5 + 量比大于2,1333,0.4578,0.4352,1.052,0.3698,0.3582,0.0117,L2
3卖,站上MA5 + 量能递增,2642,0.8793,0.8782,1.001,0.3584,0.3582,0.0003,L2
3卖,站上MA5 + 价涨量增,2560,0.8542,0.8497,1.005,0.3594,0.3582,0.0012,L2
3卖,站上MA5 + 价涨量缩,1818,0.611,0.601,1.017,0.3619,0.3582,0.0038,L2
3卖,站上MA5 + MACD_DIF大于0,2480,0.8589,0.8057,1.066,0.373,0.3582,0.0148,L2
3卖,站上MA5 + MACD金叉态,2945,0.9814,0.9782,1.003,0.3589,0.3582,0.0007,L2
3卖,站上MA5 + MACD柱递增,2375,0.8041,0.7819,1.028,0.3646,0.3582,0.0065,L2
3卖,站上MA5 + MACD零轴上金叉,212,0.0761,0.0674,1.13,0.3868,0.3582,0.0286,L2
3卖,站上MA5 + MACD底背离,63,0.0232,0.0197,1.179,0.3968,0.3582,0.0387,L2
3卖,站上MA5 + BOLL收上中轨,2972,0.9861,0.9896,0.996,0.3573,0.3582,-0.0008,L2
3卖,站上MA5 + BOLL突破上轨,1460,0.5209,0.4658,1.118,0.3842,0.3582,0.0261,L2
3卖,站上MA5 + BOLL触下轨反弹,118,0.0362,0.0409,0.885,0.3305,0.3582,-0.0277,L2
3卖,站上MA5 + BOLL开口扩张,2704,0.9006,0.8984,1.002,0.3587,0.3582,0.0006,L2
3卖,站上MA5 + KDJ金叉态,2820,0.9341,0.9399,0.994,0.3567,0.3582,-0.0014,L2
3卖,站上MA5 + KDJ_J超卖,548,0.1773,0.185,0.959,0.3485,0.3582,-0.0096,L2
3卖,站上MA5 + KDJ_D小于30,84,0.0241,0.0301,0.803,0.3095,0.3582,-0.0486,L2
3卖,站上MA5 + RSI6大于50,2985,0.9907,0.9938,0.997,0.3575,0.3582,-0.0007,L2
3卖,站上MA5 + RSI金叉,879,0.2804,0.299,0.938,0.3436,0.3582,-0.0146,L2
3卖,站上MA5 + RSI6超卖,124,0.0344,0.0451,0.762,0.2984,0.3582,-0.0598,L2
3卖,站上MA5 + RSI底背离,59,0.0232,0.0176,1.318,0.4237,0.3582,0.0656,L2
3卖,站上MA5 + 威科夫得分大于4,1887,0.6249,0.629,0.993,0.3567,0.3582,-0.0015,L2
3卖,站上MA5 + 威科夫得分大于7,999,0.3491,0.3228,1.082,0.3764,0.3582,0.0182,L2
3卖,站上MA5 + 积累阶段,587,0.1523,0.2192,0.695,0.2794,0.3582,-0.0788,L2
3卖,站上MA5 + 威科夫B1突破,97,0.026,0.0358,0.727,0.2887,0.3582,-0.0695,L2
3卖,站上MA5 + 黄金柱,283,0.0845,0.0995,0.849,0.3216,0.3582,-0.0366,L2
3卖,站上MA5 + 量能金叉,1000,0.2999,0.3508,0.855,0.323,0.3582,-0.0352,L2
3卖,站上MA5 + 六脉红灯大于5,2833,0.9424,0.942,1.0,0.3583,0.3582,0.0001,L2
3卖,站上MA5 + 六脉红灯大于6,2677,0.8812,0.8953,0.984,0.3545,0.3582,-0.0037,L2
3卖,站上MA5 + 六脉6红首发,2677,0.8812,0.8953,0.984,0.3545,0.3582,-0.0037,L2
3卖,站上MA5 + 六脉5红首发,2833,0.9424,0.942,1.0,0.3583,0.3582,0.0001,L2
3卖,站上MA5 + 偏多共振,265,0.0752,0.0953,0.789,0.3057,0.3582,-0.0525,L2
3卖,站上MA5 + 多头共振,265,0.0752,0.0953,0.789,0.3057,0.3582,-0.0525,L2
3卖,站上MA5 + 火箭信号,312,0.1309,0.0886,1.478,0.4519,0.3582,0.0938,L2
3卖,站上MA5 + 纳财,321,0.1272,0.0953,1.334,0.4268,0.3582,0.0686,L2
3卖,站上MA5 + 中枢进机会区,153,0.0427,0.0554,0.77,0.3007,0.3582,-0.0575,L2
3卖,站上MA5 + 中枢极限底,56,0.0186,0.0187,0.996,0.3571,0.3582,-0.001,L2
3卖,站上MA5 + 中枢上穿中轴,689,0.2386,0.2238,1.066,0.373,0.3582,0.0148,L2
3卖,站上MA5 + 中枢底部蓄力,215,0.0557,0.0803,0.694,0.2791,0.3582,-0.0791,L2
3卖,站上MA5 + 中枢底部回升,275,0.0724,0.1021,0.71,0.2836,0.3582,-0.0745,L2
3卖,站上MA5 + 大盘多头,1512,0.5135,0.4969,1.033,0.3657,0.3582,0.0076,L2
3卖,站上MA5 + 大盘空头,1030,0.3157,0.3575,0.883,0.3301,0.3582,-0.0281,L2
3卖,站上MA5 + 大盘安全,2188,0.7864,0.6948,1.132,0.3871,0.3582,0.0289,L2
3卖,站上MA5 + SID等于1,1512,0.5135,0.4969,1.033,0.3657,0.3582,0.0076,L2
3卖,站上MA5 + SID等于2,1631,0.5831,0.5197,1.122,0.385,0.3582,0.0269,L2
3卖,站上MA5 + SID小于等于2,2392,0.8487,0.7658,1.108,0.3821,0.3582,0.0239,L2
3卖,站上MA5 + 大盘5日上涨,2632,0.8969,0.8632,1.039,0.367,0.3582,0.0089,L2
3卖,站上MA5 + 相对强弱大于0,2899,0.9684,0.9617,1.007,0.3598,0.3582,0.0016,L2
3卖,站上MA5 + 相对强弱大于5,2015,0.7094,0.6482,1.094,0.3792,0.3582,0.021,L2
3卖,站上MA5 + 量比>=1.3,1304,0.4392,0.4306,1.02,0.3627,0.3582,0.0046,L2
3卖,站上MA5 + 量比>=2,621,0.2154,0.2016,1.069,0.3736,0.3582,0.0154,L2
3卖,站上MA5 + 距前高<=10%,1784,0.7075,0.5295,1.336,0.4271,0.3582,0.069,L2
3卖,站上MA5 + 距前低<=10%,493,0.1495,0.172,0.869,0.3266,0.3582,-0.0316,L2
3卖,站上MA5 + 相对强弱>=0,2730,0.922,0.9,1.024,0.3637,0.3582,0.0056,L2
3卖,站上MA5 + 相对强弱>=5,1640,0.571,0.5311,1.075,0.375,0.3582,0.0168,L2
3卖,站上MA13 + 站上MA34,2874,0.9638,0.9513,1.013,0.3612,0.3582,0.003,L2
3卖,站上MA13 + 站上MA55,2545,0.8849,0.8249,1.073,0.3745,0.3582,0.0163,L2
3卖,站上MA13 + 站上MA89,1912,0.7084,0.5953,1.19,0.3991,0.3582,0.0409,L2
3卖,站上MA13 + 站上MA144,1270,0.4429,0.4109,1.078,0.3756,0.3582,0.0174,L2
3卖,站上MA13 + 站上MA233,651,0.195,0.2285,0.853,0.3226,0.3582,-0.0356,L2
3卖,站上MA13 + 斐波短中多头,1014,0.3844,0.3109,1.236,0.4083,0.3582,0.0501,L2
3卖,站上MA13 + MA55上穿MA89,145,0.0641,0.0394,1.627,0.4759,0.3582,0.1177,L2
3卖,站上MA13 + 放量,2727,0.909,0.9057,1.004,0.359,0.3582,0.0008,L2
3卖,站上MA13 + 缩量,2084,0.688,0.6959,0.989,0.3556,0.3582,-0.0026,L2
3卖,站上MA13 + 量比大于1,2858,0.9526,0.9492,1.004,0.359,0.3582,0.0008,L2
3卖,站上MA13 + 量比大于1_3,2377,0.8022,0.7839,1.023,0.3635,0.3582,0.0053,L2
3卖,站上MA13 + 量比大于2,1328,0.4559,0.4337,1.051,0.3697,0.3582,0.0116,L2
3卖,站上MA13 + 量能递增,2648,0.8802,0.8808,0.999,0.358,0.3582,-0.0002,L2
3卖,站上MA13 + 价涨量增,2556,0.8514,0.8492,1.003,0.3588,0.3582,0.0006,L2
3卖,站上MA13 + 价涨量缩,1825,0.6137,0.6031,1.018,0.3622,0.3582,0.004,L2
3卖,站上MA13 + MACD_DIF大于0,2487,0.8617,0.8078,1.067,0.3731,0.3582,0.015,L2
3卖,站上MA13 + MACD金叉态,2957,0.9861,0.9819,1.004,0.3591,0.3582,0.001,L2
3卖,站上MA13 + MACD柱递增,2368,0.8022,0.7793,1.029,0.3649,0.3582,0.0067,L2
3卖,站上MA13 + MACD零轴上金叉,212,0.0761,0.0674,1.13,0.3868,0.3582,0.0286,L2
3卖,站上MA13 + MACD底背离,63,0.0232,0.0197,1.179,0.3968,0.3582,0.0387,L2
3卖,站上MA13 + BOLL收上中轨,2982,0.9898,0.9927,0.997,0.3575,0.3582,-0.0007,L2
3卖,站上MA13 + BOLL突破上轨,1460,0.5209,0.4658,1.118,0.3842,0.3582,0.0261,L2
3卖,站上MA13 + BOLL触下轨反弹,116,0.0344,0.0409,0.839,0.319,0.3582,-0.0392,L2
3卖,站上MA13 + BOLL开口扩张,2704,0.8997,0.899,1.001,0.3584,0.3582,0.0002,L2
3卖,站上MA13 + KDJ金叉态,2822,0.935,0.9404,0.994,0.3568,0.3582,-0.0013,L2
3卖,站上MA13 + KDJ_J超卖,550,0.1773,0.186,0.953,0.3473,0.3582,-0.0109,L2
3卖,站上MA13 + KDJ_D小于30,78,0.0223,0.028,0.796,0.3077,0.3582,-0.0505,L2
3卖,站上MA13 + RSI6大于50,2993,0.9926,0.9969,0.996,0.3572,0.3582,-0.001,L2
3卖,站上MA13 + RSI金叉,877,0.2795,0.2984,0.936,0.3432,0.3582,-0.0149,L2
3卖,站上MA13 + RSI6超卖,123,0.0344,0.0446,0.771,0.3008,0.3582,-0.0574,L2
3卖,站上MA13 + RSI底背离,56,0.0223,0.0166,1.344,0.4286,0.3582,0.0704,L2
3卖,站上MA13 + 威科夫得分大于4,1894,0.6258,0.6321,0.99,0.3559,0.3582,-0.0023,L2
3卖,站上MA13 + 威科夫得分大于7,1002,0.35,0.3238,1.081,0.3762,0.3582,0.0181,L2
3卖,站上MA13 + 积累阶段,591,0.1523,0.2212,0.688,0.2775,0.3582,-0.0807,L2
3卖,站上MA13 + 威科夫B1突破,97,0.026,0.0358,0.727,0.2887,0.3582,-0.0695,L2
3卖,站上MA13 + 黄金柱,280,0.0826,0.099,0.835,0.3179,0.3582,-0.0403,L2
3卖,站上MA13 + 量能金叉,1001,0.3008,0.3508,0.858,0.3237,0.3582,-0.0345,L2
3卖,站上MA13 + 六脉红灯大于5,2833,0.9415,0.9425,0.999,0.3579,0.3582,-0.0002,L2
3卖,站上MA13 + 六脉红灯大于6,2677,0.8812,0.8953,0.984,0.3545,0.3582,-0.0037,L2
3卖,站上MA13 + 六脉6红首发,2677,0.8812,0.8953,0.984,0.3545,0.3582,-0.0037,L2
3卖,站上MA13 + 六脉5红首发,2833,0.9415,0.9425,0.999,0.3579,0.3582,-0.0002,L2
3卖,站上MA13 + 偏多共振,264,0.0743,0.0953,0.779,0.303,0.3582,-0.0551,L2
3卖,站上MA13 + 多头共振,264,0.0743,0.0953,0.779,0.303,0.3582,-0.0551,L2
3卖,站上MA13 + 火箭信号,312,0.1309,0.0886,1.478,0.4519,0.3582,0.0938,L2
3卖,站上MA13 + 纳财,321,0.1272,0.0953,1.334,0.4268,0.3582,0.0686,L2
3卖,站上MA13 + 中枢进机会区,151,0.0427,0.0544,0.785,0.3046,0.3582,-0.0535,L2
3卖,站上MA13 + 中枢极限底,55,0.0186,0.0181,1.024,0.3636,0.3582,0.0055,L2
3卖,站上MA13 + 中枢上穿中轴,688,0.2396,0.2228,1.075,0.375,0.3582,0.0168,L2
3卖,站上MA13 + 中枢底部蓄力,213,0.0557,0.0793,0.703,0.2817,0.3582,-0.0765,L2
3卖,站上MA13 + 中枢底部回升,273,0.0724,0.101,0.717,0.2857,0.3582,-0.0724,L2
3卖,站上MA13 + 大盘多头,1512,0.5144,0.4964,1.036,0.3664,0.3582,0.0082,L2
3卖,站上MA13 + 大盘空头,1028,0.3138,0.3575,0.878,0.3288,0.3582,-0.0294,L2
3卖,站上MA13 + 大盘安全,2194,0.7892,0.6964,1.133,0.3874,0.3582,0.0293,L2
3卖,站上MA13 + SID等于1,1512,0.5144,0.4964,1.036,0.3664,0.3582,0.0082,L2
3卖,站上MA13 + SID等于2,1638,0.5868,0.5212,1.126,0.3858,0.3582,0.0277,L2
3卖,站上MA13 + SID小于等于2,2400,0.8524,0.7679,1.11,0.3825,0.3582,0.0243,L2
3卖,站上MA13 + 大盘5日上涨,2640,0.8988,0.8663,1.037,0.3667,0.3582,0.0085,L2
3卖,站上MA13 + 相对强弱大于0,2910,0.9721,0.9653,1.007,0.3598,0.3582,0.0016,L2
3卖,站上MA13 + 相对强弱大于5,2020,0.7112,0.6497,1.095,0.3792,0.3582,0.021,L2
3卖,站上MA13 + 量比>=1.3,1302,0.4373,0.4306,1.016,0.3618,0.3582,0.0036,L2
3卖,站上MA13 + 量比>=2,616,0.2136,0.2,1.068,0.3734,0.3582,0.0152,L2
3卖,站上MA13 + 距前高<=10%,1787,0.7084,0.5306,1.335,0.427,0.3582,0.0688,L2
3卖,站上MA13 + 距前低<=10%,490,0.1476,0.1715,0.861,0.3245,0.3582,-0.0337,L2
3卖,站上MA13 + 相对强弱>=0,2740,0.9257,0.9031,1.025,0.3639,0.3582,0.0057,L2
3卖,站上MA13 + 相对强弱>=5,1643,0.572,0.5321,1.075,0.3749,0.3582,0.0168,L2
3卖,站上MA34 + 站上MA55,2542,0.8849,0.8233,1.075,0.3749,0.3582,0.0167,L2
3卖,站上MA34 + 站上MA89,1908,0.7075,0.5938,1.192,0.3994,0.3582,0.0412,L2
3卖,站上MA34 + 站上MA144,1263,0.441,0.4083,1.08,0.3761,0.3582,0.0179,L2
3卖,站上MA34 + 站上MA233,644,0.1931,0.2259,0.855,0.323,0.3582,-0.0352,L2
3卖,站上MA34 + 斐波短中多头,1014,0.3844,0.3109,1.236,0.4083,0.3582,0.0501,L2
3卖,站上MA34 + MA55上穿MA89,143,0.0631,0.0389,1.625,0.4755,0.3582,0.1174,L2
3卖,站上MA34 + 放量,2627,0.8886,0.8653,1.027,0.3643,0.3582,0.0061,L2
3卖,站上MA34 + 缩量,1990,0.662,0.6617,1.001,0.3583,0.3582,0.0001,L2
3卖,站上MA34 + 量比大于1,2744,0.9248,0.9057,1.021,0.363,0.3582,0.0048,L2
3卖,站上MA34 + 量比大于1_3,2283,0.7846,0.7451,1.053,0.3701,0.3582,0.012,L2
3卖,站上MA34 + 量比大于2,1285,0.4513,0.414,1.09,0.3782,0.3582,0.02,L2
3卖,站上MA34 + 量能递增,2564,0.8672,0.8446,1.027,0.3643,0.3582,0.0061,L2
3卖,站上MA34 + 价涨量增,2468,0.8357,0.8124,1.029,0.3647,0.3582,0.0065,L2
3卖,站上MA34 + 价涨量缩,1751,0.5952,0.5751,1.035,0.3661,0.3582,0.0079,L2
3卖,站上MA34 + MACD_DIF大于0,2491,0.8654,0.8078,1.071,0.3741,0.3582,0.016,L2
3卖,站上MA34 + MACD金叉态,2838,0.9554,0.9373,1.019,0.3626,0.3582,0.0044,L2
3卖,站上MA34 + MACD柱递增,2253,0.7725,0.7363,1.049,0.3693,0.3582,0.0111,L2
3卖,站上MA34 + MACD零轴上金叉,212,0.0761,0.0674,1.13,0.3868,0.3582,0.0286,L2
3卖,站上MA34 + BOLL收上中轨,2874,0.9647,0.9508,1.015,0.3615,0.3582,0.0034,L2
3卖,站上MA34 + BOLL突破上轨,1450,0.5181,0.4622,1.121,0.3848,0.3582,0.0267,L2
3卖,站上MA34 + BOLL触下轨反弹,99,0.0325,0.0332,0.98,0.3535,0.3582,-0.0046,L2
3卖,站上MA34 + BOLL开口扩张,2633,0.8904,0.8674,1.027,0.3642,0.3582,0.0061,L2
3卖,站上MA34 + KDJ金叉态,2703,0.9044,0.8959,1.009,0.3603,0.3582,0.0022,L2
3卖,站上MA34 + KDJ_J超卖,533,0.1783,0.1767,1.009,0.3602,0.3582,0.0021,L2
3卖,站上MA34 + KDJ_D小于30,66,0.0223,0.0218,1.024,0.3636,0.3582,0.0055,L2
3卖,站上MA34 + RSI6大于50,2879,0.9666,0.9523,1.015,0.3616,0.3582,0.0034,L2
3卖,站上MA34 + RSI金叉,834,0.2721,0.2803,0.971,0.3513,0.3582,-0.0068,L2
3卖,站上MA34 + RSI6超卖,113,0.0325,0.0404,0.804,0.3097,0.3582,-0.0484,L2
3卖,站上MA34 + 威科夫得分大于4,1865,0.6184,0.6212,0.995,0.3571,0.3582,-0.0011,L2
3卖,站上MA34 + 威科夫得分大于7,989,0.3454,0.3197,1.08,0.3761,0.3582,0.018,L2
3卖,站上MA34 + 积累阶段,503,0.1309,0.1876,0.698,0.2803,0.3582,-0.0778,L2
3卖,站上MA34 + 威科夫B1突破,97,0.026,0.0358,0.727,0.2887,0.3582,-0.0695,L2
3卖,站上MA34 + 黄金柱,257,0.0808,0.0881,0.917,0.3385,0.3582,-0.0196,L2
3卖,站上MA34 + 量能金叉,971,0.2943,0.3389,0.869,0.3265,0.3582,-0.0317,L2
3卖,站上MA34 + 六脉红灯大于5,2711,0.9109,0.8964,1.016,0.3619,0.3582,0.0037,L2
3卖,站上MA34 + 六脉红灯大于6,2562,0.8533,0.8513,1.002,0.3587,0.3582,0.0005,L2
3卖,站上MA34 + 六脉6红首发,2562,0.8533,0.8513,1.002,0.3587,0.3582,0.0005,L2
3卖,站上MA34 + 六脉5红首发,2711,0.9109,0.8964,1.016,0.3619,0.3582,0.0037,L2
3卖,站上MA34 + 偏多共振,265,0.0752,0.0953,0.789,0.3057,0.3582,-0.0525,L2
3卖,站上MA34 + 多头共振,265,0.0752,0.0953,0.789,0.3057,0.3582,-0.0525,L2
3卖,站上MA34 + 火箭信号,306,0.13,0.086,1.511,0.4575,0.3582,0.0994,L2
3卖,站上MA34 + 纳财,315,0.1253,0.0933,1.344,0.4286,0.3582,0.0704,L2
3卖,站上MA34 + 中枢进机会区,100,0.0306,0.0347,0.883,0.33,0.3582,-0.0282,L2
3卖,站上MA34 + 中枢上穿中轴,685,0.2386,0.2218,1.076,0.3752,0.3582,0.017,L2
3卖,站上MA34 + 中枢底部蓄力,134,0.0381,0.0482,0.79,0.306,0.3582,-0.0522,L2
3卖,站上MA34 + 中枢底部回升,187,0.0539,0.0668,0.806,0.3102,0.3582,-0.048,L2
3卖,站上MA34 + 大盘多头,1497,0.506,0.4933,1.026,0.3641,0.3582,0.0059,L2
3卖,站上MA34 + 大盘空头,945,0.299,0.3228,0.926,0.3407,0.3582,-0.0174,L2
3卖,站上MA34 + 大盘安全,2139,0.7688,0.6793,1.132,0.3871,0.3582,0.0289,L2
3卖,站上MA34 + SID等于1,1497,0.506,0.4933,1.026,0.3641,0.3582,0.0059,L2
3卖,站上MA34 + SID等于2,1585,0.5692,0.5036,1.13,0.3868,0.3582,0.0286,L2
3卖,站上MA34 + SID小于等于2,2334,0.8273,0.7477,1.107,0.3817,0.3582,0.0236,L2
3卖,站上MA34 + 大盘5日上涨,2531,0.8728,0.8244,1.059,0.3714,0.3582,0.0132,L2
3卖,站上MA34 + 相对强弱大于0,2800,0.9461,0.9228,1.025,0.3639,0.3582,0.0058,L2
3卖,站上MA34 + 相对强弱大于5,1984,0.7029,0.6358,1.106,0.3816,0.3582,0.0234,L2
3卖,站上MA34 + 量比>=1.3,1246,0.4308,0.4052,1.063,0.3724,0.3582,0.0142,L2
3卖,站上MA34 + 量比>=2,592,0.2117,0.1886,1.122,0.3851,0.3582,0.027,L2
3卖,站上MA34 + 距前高<=10%,1783,0.7066,0.5295,1.334,0.4268,0.3582,0.0686,L2
3卖,站上MA34 + 距前低<=10%,417,0.13,0.1435,0.906,0.3357,0.3582,-0.0224,L2
3卖,站上MA34 + 相对强弱>=0,2652,0.9081,0.8674,1.047,0.3688,0.3582,0.0106,L2
3卖,站上MA34 + 相对强弱>=5,1626,0.5673,0.5259,1.079,0.3758,0.3582,0.0176,L2
3卖,站上MA55 + 站上MA89,1897,0.7047,0.5896,1.195,0.4001,0.3582,0.0419,L2
3卖,站上MA55 + 站上MA144,1231,0.4345,0.3953,1.099,0.3802,0.3582,0.022,L2
3卖,站上MA55 + 站上MA233,613,0.1876,0.213,0.881,0.3295,0.3582,-0.0286,L2
3卖,站上MA55 + 斐波短中多头,1014,0.3844,0.3109,1.236,0.4083,0.3582,0.0501,L2
3卖,站上MA55 + MA55上穿MA89,143,0.0631,0.0389,1.625,0.4755,0.3582,0.1174,L2
3卖,站上MA55 + 放量,2326,0.818,0.7487,1.093,0.3788,0.3582,0.0206,L2
3卖,站上MA55 + 缩量,1722,0.5942,0.5606,1.06,0.3717,0.3582,0.0135,L2
3卖,站上MA55 + 量比大于1,2427,0.8505,0.7829,1.086,0.3774,0.3582,0.0193,L2
3卖,站上MA55 + 量比大于1_3,2020,0.7224,0.6435,1.123,0.3851,0.3582,0.027,L2
3卖,站上MA55 + 量比大于2,1152,0.4188,0.3632,1.153,0.3915,0.3582,0.0333,L2
3卖,站上MA55 + 量能递增,2280,0.7985,0.7358,1.085,0.3772,0.3582,0.019,L2
3卖,站上MA55 + 价涨量增,2184,0.766,0.7041,1.088,0.3777,0.3582,0.0196,L2
3卖,站上MA55 + 价涨量缩,1534,0.5404,0.4933,1.096,0.3794,0.3582,0.0212,L2
3卖,站上MA55 + MACD_DIF大于0,2422,0.8487,0.7813,1.086,0.3774,0.3582,0.0192,L2
3卖,站上MA55 + MACD金叉态,2507,0.8756,0.8104,1.08,0.3761,0.3582,0.018,L2
3卖,站上MA55 + MACD柱递增,1996,0.7122,0.6368,1.118,0.3843,0.3582,0.0261,L2
3卖,站上MA55 + MACD零轴上金叉,212,0.0761,0.0674,1.13,0.3868,0.3582,0.0286,L2
3卖,站上MA55 + BOLL收上中轨,2546,0.8858,0.8249,1.074,0.3747,0.3582,0.0165,L2
3卖,站上MA55 + BOLL突破上轨,1353,0.4921,0.4264,1.154,0.3917,0.3582,0.0336,L2
3卖,站上MA55 + BOLL触下轨反弹,84,0.0269,0.0285,0.945,0.3452,0.3582,-0.0129,L2
3卖,站上MA55 + BOLL开口扩张,2337,0.8208,0.7528,1.09,0.3783,0.3582,0.0201,L2
3卖,站上MA55 + KDJ金叉态,2393,0.8282,0.7777,1.065,0.3728,0.3582,0.0146,L2
3卖,站上MA55 + KDJ_J超卖,464,0.1625,0.1497,1.085,0.3772,0.3582,0.019,L2
3卖,站上MA55 + RSI6大于50,2549,0.8877,0.8254,1.075,0.375,0.3582,0.0169,L2
3卖,站上MA55 + RSI金叉,761,0.2563,0.2513,1.02,0.3627,0.3582,0.0045,L2
3卖,站上MA55 + RSI6超卖,98,0.0297,0.0342,0.869,0.3265,0.3582,-0.0316,L2
3卖,站上MA55 + 威科夫得分大于4,1726,0.5887,0.5658,1.04,0.3673,0.3582,0.0092,L2
3卖,站上MA55 + 威科夫得分大于7,952,0.3408,0.3031,1.124,0.3855,0.3582,0.0273,L2
3卖,站上MA55 + 积累阶段,331,0.0947,0.1187,0.798,0.3082,0.3582,-0.05,L2
3卖,站上MA55 + 威科夫B1突破,89,0.0251,0.0321,0.78,0.3034,0.3582,-0.0548,L2
3卖,站上MA55 + 黄金柱,216,0.0715,0.072,0.993,0.3565,0.3582,-0.0017,L2
3卖,站上MA55 + 量能金叉,855,0.2656,0.2948,0.901,0.3345,0.3582,-0.0237,L2
3卖,站上MA55 + 六脉红灯大于5,2395,0.8329,0.7762,1.073,0.3745,0.3582,0.0164,L2
3卖,站上MA55 + 六脉红灯大于6,2267,0.779,0.7399,1.053,0.3701,0.3582,0.0119,L2
3卖,站上MA55 + 六脉6红首发,2267,0.779,0.7399,1.053,0.3701,0.3582,0.0119,L2
3卖,站上MA55 + 六脉5红首发,2395,0.8329,0.7762,1.073,0.3745,0.3582,0.0164,L2
3卖,站上MA55 + 偏多共振,260,0.0734,0.0938,0.782,0.3038,0.3582,-0.0543,L2
3卖,站上MA55 + 多头共振,260,0.0734,0.0938,0.782,0.3038,0.3582,-0.0543,L2
3卖,站上MA55 + 火箭信号,296,0.1272,0.0824,1.544,0.4628,0.3582,0.1047,L2
3卖,站上MA55 + 纳财,283,0.1161,0.0819,1.418,0.4417,0.3582,0.0835,L2
3卖,站上MA55 + 中枢进机会区,77,0.0232,0.0269,0.862,0.3247,0.3582,-0.0335,L2
3卖,站上MA55 + 中枢上穿中轴,515,0.1903,0.1606,1.185,0.3981,0.3582,0.0399,L2
3卖,站上MA55 + 中枢底部蓄力,75,0.0223,0.0264,0.843,0.32,0.3582,-0.0382,L2
3卖,站上MA55 + 中枢底部回升,112,0.0344,0.0389,0.884,0.3304,0.3582,-0.0278,L2
3卖,站上MA55 + 大盘多头,1395,0.4791,0.4554,1.052,0.3699,0.3582,0.0117,L2
3卖,站上MA55 + 大盘空头,779,0.2646,0.256,1.034,0.3659,0.3582,0.0077,L2
3卖,站上MA55 + 大盘安全,1941,0.7149,0.6067,1.178,0.3967,0.3582,0.0385,L2
3卖,站上MA55 + SID等于1,1395,0.4791,0.4554,1.052,0.3699,0.3582,0.0117,L2
3卖,站上MA55 + SID等于2,1409,0.5218,0.4389,1.189,0.3989,0.3582,0.0407,L2
3卖,站上MA55 + SID小于等于2,2115,0.7632,0.6699,1.139,0.3887,0.3582,0.0305,L2
3卖,站上MA55 + 大盘5日上涨,2239,0.805,0.7109,1.132,0.3872,0.3582,0.0291,L2
3卖,站上MA55 + 相对强弱大于0,2485,0.8682,0.8031,1.081,0.3763,0.3582,0.0181,L2
3卖,站上MA55 + 相对强弱大于5,1785,0.6574,0.558,1.178,0.3966,0.3582,0.0385,L2
3卖,站上MA55 + 量比>=1.3,1110,0.3965,0.3539,1.12,0.3847,0.3582,0.0265,L2
3卖,站上MA55 + 量比>=2,533,0.1931,0.1684,1.147,0.3902,0.3582,0.0321,L2
3卖,站上MA55 + 距前高<=10%,1765,0.7029,0.5223,1.346,0.4289,0.3582,0.0707,L2
3卖,站上MA55 + 距前低<=10%,275,0.0956,0.0891,1.073,0.3745,0.3582,0.0164,L2
3卖,站上MA55 + 相对强弱>=0,2364,0.8375,0.7575,1.106,0.3816,0.3582,0.0234,L2
3卖,站上MA55 + 相对强弱>=5,1489,0.5385,0.471,1.143,0.3895,0.3582,0.0314,L2
3卖,站上MA89 + 站上MA144,1214,0.4327,0.3876,1.116,0.3839,0.3582,0.0257,L2
3卖,站上MA89 + 站上MA233,584,0.1829,0.2005,0.912,0.3373,0.3582,-0.0208,L2
3卖,站上MA89 + 斐波短中多头,943,0.3621,0.2865,1.264,0.4136,0.3582,0.0554,L2
3卖,站上MA89 + MA55上穿MA89,142,0.0622,0.0389,1.601,0.4718,0.3582,0.1137,L2
3卖,站上MA89 + 放量,1765,0.662,0.5451,1.215,0.404,0.3582,0.0458,L2
3卖,站上MA89 + 缩量,1243,0.4633,0.3855,1.202,0.4014,0.3582,0.0433,L2
3卖,站上MA89 + 量比大于1,1830,0.6843,0.5663,1.208,0.4027,0.3582,0.0446,L2
3卖,站上MA89 + 量比大于1_3,1550,0.5812,0.4788,1.214,0.4039,0.3582,0.0457,L2
3卖,站上MA89 + 量比大于2,916,0.3491,0.2798,1.248,0.4105,0.3582,0.0523,L2
3卖,站上MA89 + 量能递增,1753,0.649,0.5461,1.188,0.3987,0.3582,0.0406,L2
3卖,站上MA89 + 价涨量增,1666,0.6212,0.5166,1.202,0.4016,0.3582,0.0434,L2
3卖,站上MA89 + 价涨量缩,1126,0.4401,0.3378,1.303,0.421,0.3582,0.0628,L2
3卖,站上MA89 + MACD_DIF大于0,1850,0.6908,0.5731,1.205,0.4022,0.3582,0.044,L2
3卖,站上MA89 + MACD金叉态,1879,0.7001,0.5829,1.201,0.4013,0.3582,0.0431,L2
3卖,站上MA89 + MACD柱递增,1538,0.5812,0.4725,1.23,0.407,0.3582,0.0489,L2
3卖,站上MA89 + MACD零轴上金叉,198,0.0715,0.0627,1.14,0.3889,0.3582,0.0307,L2
3卖,站上MA89 + BOLL收上中轨,1912,0.7094,0.5948,1.193,0.3996,0.3582,0.0414,L2
3卖,站上MA89 + BOLL突破上轨,1112,0.4336,0.3342,1.297,0.42,0.3582,0.0618,L2
3卖,站上MA89 + BOLL触下轨反弹,53,0.0186,0.0171,1.086,0.3774,0.3582,0.0192,L2
3卖,站上MA89 + BOLL开口扩张,1777,0.6574,0.5539,1.187,0.3984,0.3582,0.0403,L2
3卖,站上MA89 + KDJ金叉态,1799,0.662,0.5627,1.177,0.3963,0.3582,0.0382,L2
3卖,站上MA89 + KDJ_J超卖,329,0.1253,0.1005,1.247,0.4103,0.3582,0.0522,L2
3卖,站上MA89 + RSI6大于50,1914,0.7103,0.5953,1.193,0.3997,0.3582,0.0415,L2
3卖,站上MA89 + RSI金叉,588,0.2117,0.1865,1.135,0.3878,0.3582,0.0296,L2
3卖,站上MA89 + RSI6超卖,69,0.0195,0.0249,0.784,0.3043,0.3582,-0.0538,L2
3卖,站上MA89 + 威科夫得分大于4,1440,0.5153,0.4585,1.124,0.3854,0.3582,0.0273,L2
3卖,站上MA89 + 威科夫得分大于7,913,0.3268,0.2907,1.124,0.3855,0.3582,0.0274,L2
3卖,站上MA89 + 积累阶段,101,0.0316,0.0347,0.909,0.3366,0.3582,-0.0215,L2
3卖,站上MA89 + 黄金柱,159,0.0529,0.0528,1.001,0.3585,0.3582,0.0003,L2
3卖,站上MA89 + 量能金叉,611,0.2015,0.2041,0.987,0.3552,0.3582,-0.003,L2
3卖,站上MA89 + 六脉红灯大于5,1798,0.6657,0.5601,1.189,0.3988,0.3582,0.0406,L2
3卖,站上MA89 + 六脉红灯大于6,1705,0.6277,0.5332,1.177,0.3965,0.3582,0.0383,L2
3卖,站上MA89 + 六脉6红首发,1705,0.6277,0.5332,1.177,0.3965,0.3582,0.0383,L2
3卖,站上MA89 + 六脉5红首发,1798,0.6657,0.5601,1.189,0.3988,0.3582,0.0406,L2
3卖,站上MA89 + 偏多共振,265,0.0752,0.0953,0.789,0.3057,0.3582,-0.0525,L2
3卖,站上MA89 + 多头共振,265,0.0752,0.0953,0.789,0.3057,0.3582,-0.0525,L2
3卖,站上MA89 + 火箭信号,264,0.1179,0.071,1.661,0.4811,0.3582,0.1229,L2
3卖,站上MA89 + 纳财,229,0.0966,0.0648,1.491,0.4541,0.3582,0.096,L2
3卖,站上MA89 + 中枢进机会区,60,0.0204,0.0197,1.037,0.3667,0.3582,0.0085,L2
3卖,站上MA89 + 中枢上穿中轴,358,0.1439,0.1052,1.368,0.433,0.3582,0.0748,L2
3卖,站上MA89 + 中枢底部蓄力,51,0.0176,0.0166,1.064,0.3725,0.3582,0.0144,L2
3卖,站上MA89 + 中枢底部回升,81,0.0269,0.0269,0.999,0.358,0.3582,-0.0001,L2
3卖,站上MA89 + 大盘多头,1103,0.4058,0.3451,1.176,0.3962,0.3582,0.038,L2
3卖,站上MA89 + 大盘空头,538,0.2061,0.1637,1.259,0.4126,0.3582,0.0545,L2
3卖,站上MA89 + 大盘安全,1482,0.5729,0.4482,1.278,0.4163,0.3582,0.0582,L2
3卖,站上MA89 + SID等于1,1103,0.4058,0.3451,1.176,0.3962,0.3582,0.038,L2
3卖,站上MA89 + SID等于2,1069,0.4039,0.3285,1.23,0.4069,0.3582,0.0488,L2
3卖,站上MA89 + SID小于等于2,1627,0.6082,0.5036,1.208,0.4026,0.3582,0.0444,L2
3卖,站上MA89 + 大盘5日上涨,1676,0.6444,0.5088,1.266,0.4141,0.3582,0.0559,L2
3卖,站上MA89 + 相对强弱大于0,1863,0.6945,0.5777,1.202,0.4015,0.3582,0.0433,L2
3卖,站上MA89 + 相对强弱大于5,1395,0.5525,0.4145,1.333,0.4265,0.3582,0.0684,L2
3卖,站上MA89 + 量比>=1.3,872,0.3296,0.2679,1.23,0.4071,0.3582,0.0489,L2
3卖,站上MA89 + 量比>=2,434,0.1662,0.1321,1.258,0.4124,0.3582,0.0543,L2
3卖,站上MA89 + 距前高<=10%,1549,0.6221,0.4554,1.366,0.4325,0.3582,0.0744,L2
3卖,站上MA89 + 距前低<=10%,152,0.0576,0.0466,1.234,0.4079,0.3582,0.0497,L2
3卖,站上MA89 + 相对强弱>=0,1782,0.6704,0.5492,1.221,0.4052,0.3582,0.047,L2
3卖,站上MA89 + 相对强弱>=5,1181,0.4624,0.3539,1.307,0.4217,0.3582,0.0635,L2
3卖,站上MA144 + 站上MA233,617,0.1838,0.2171,0.847,0.3209,0.3582,-0.0373,L2
3卖,站上MA144 + 斐波短中多头,740,0.2665,0.2347,1.135,0.3878,0.3582,0.0297,L2
3卖,站上MA144 + MA55上穿MA89,110,0.0474,0.0306,1.549,0.4636,0.3582,0.1055,L2
3卖,站上MA144 + 放量,1178,0.4141,0.3793,1.092,0.3786,0.3582,0.0204,L2
3卖,站上MA144 + 缩量,828,0.2795,0.2731,1.024,0.3635,0.3582,0.0054,L2
3卖,站上MA144 + 量比大于1,1215,0.4253,0.3922,1.084,0.377,0.3582,0.0188,L2
3卖,站上MA144 + 量比大于1_3,1018,0.3593,0.3269,1.099,0.3802,0.3582,0.022,L2
3卖,站上MA144 + 量比大于2,582,0.2108,0.1839,1.146,0.39,0.3582,0.0319,L2
3卖,站上MA144 + 量能递增,1171,0.4123,0.3767,1.094,0.3792,0.3582,0.021,L2
3卖,站上MA144 + 价涨量增,1101,0.3863,0.3549,1.088,0.3778,0.3582,0.0197,L2
3卖,站上MA144 + 价涨量缩,753,0.2693,0.2399,1.122,0.3851,0.3582,0.027,L2
3卖,站上MA144 + MACD_DIF大于0,1226,0.4327,0.3938,1.099,0.3801,0.3582,0.0219,L2
3卖,站上MA144 + MACD金叉态,1244,0.4373,0.4005,1.092,0.3786,0.3582,0.0205,L2
3卖,站上MA144 + MACD柱递增,1041,0.3705,0.3326,1.114,0.3833,0.3582,0.0251,L2
3卖,站上MA144 + MACD零轴上金叉,156,0.052,0.0518,1.004,0.359,0.3582,0.0008,L2
3卖,站上MA144 + BOLL收上中轨,1271,0.4438,0.4109,1.08,0.3761,0.3582,0.0179,L2
3卖,站上MA144 + BOLL突破上轨,779,0.2823,0.2461,1.147,0.3902,0.3582,0.0321,L2
3卖,站上MA144 + BOLL开口扩张,1173,0.4104,0.3788,1.084,0.3768,0.3582,0.0186,L2
3卖,站上MA144 + KDJ金叉态,1192,0.4169,0.385,1.083,0.3767,0.3582,0.0185,L2
3卖,站上MA144 + KDJ_J超卖,202,0.0789,0.0606,1.302,0.4208,0.3582,0.0626,L2
3卖,站上MA144 + RSI6大于50,1271,0.4438,0.4109,1.08,0.3761,0.3582,0.0179,L2
3卖,站上MA144 + RSI金叉,403,0.1309,0.1358,0.964,0.3499,0.3582,-0.0083,L2
3卖,站上MA144 + 威科夫得分大于4,1066,0.364,0.3492,1.042,0.3677,0.3582,0.0096,L2
3卖,站上MA144 + 威科夫得分大于7,763,0.2609,0.2497,1.045,0.3683,0.3582,0.0101,L2
3卖,站上MA144 + 黄金柱,90,0.0288,0.0306,0.942,0.3444,0.3582,-0.0137,L2
3卖,站上MA144 + 量能金叉,384,0.1207,0.1316,0.917,0.3385,0.3582,-0.0196,L2
3卖,站上MA144 + 六脉红灯大于5,1191,0.4178,0.3839,1.088,0.3778,0.3582,0.0197,L2
3卖,站上MA144 + 六脉红灯大于6,1127,0.39,0.3663,1.065,0.3727,0.3582,0.0145,L2
3卖,站上MA144 + 六脉6红首发,1127,0.39,0.3663,1.065,0.3727,0.3582,0.0145,L2
3卖,站上MA144 + 六脉5红首发,1191,0.4178,0.3839,1.088,0.3778,0.3582,0.0197,L2
3卖,站上MA144 + 偏多共振,265,0.0752,0.0953,0.789,0.3057,0.3582,-0.0525,L2
3卖,站上MA144 + 多头共振,265,0.0752,0.0953,0.789,0.3057,0.3582,-0.0525,L2
3卖,站上MA144 + 火箭信号,188,0.0771,0.0544,1.417,0.4415,0.3582,0.0833,L2
3卖,站上MA144 + 纳财,158,0.0678,0.044,1.539,0.462,0.3582,0.1039,L2
3卖,站上MA144 + 中枢上穿中轴,215,0.0771,0.0684,1.127,0.386,0.3582,0.0279,L2
3卖,站上MA144 + 大盘多头,770,0.2646,0.2513,1.053,0.3701,0.3582,0.012,L2
3卖,站上MA144 + 大盘空头,303,0.1244,0.0876,1.421,0.4422,0.3582,0.0841,L2
3卖,站上MA144 + 大盘安全,1009,0.35,0.3275,1.069,0.3736,0.3582,0.0155,L2
3卖,站上MA144 + SID等于1,770,0.2646,0.2513,1.053,0.3701,0.3582,0.012,L2
3卖,站上MA144 + SID等于2,718,0.2451,0.2352,1.042,0.3677,0.3582,0.0095,L2
3卖,站上MA144 + SID小于等于2,1113,0.3798,0.3648,1.041,0.3675,0.3582,0.0093,L2
3卖,站上MA144 + 大盘5日上涨,1119,0.402,0.3554,1.131,0.387,0.3582,0.0288,L2
3卖,站上MA144 + 相对强弱大于0,1222,0.429,0.3938,1.089,0.3781,0.3582,0.0199,L2
3卖,站上MA144 + 相对强弱大于5,907,0.3575,0.2705,1.322,0.4245,0.3582,0.0663,L2
3卖,站上MA144 + 量比>=1.3,562,0.1987,0.1803,1.102,0.3808,0.3582,0.0226,L2
3卖,站上MA144 + 量比>=2,284,0.104,0.0891,1.167,0.3944,0.3582,0.0362,L2
3卖,站上MA144 + 距前高<=10%,1035,0.3909,0.3181,1.229,0.4068,0.3582,0.0486,L2
3卖,站上MA144 + 距前低<=10%,93,0.0241,0.0347,0.695,0.2796,0.3582,-0.0786,L2
3卖,站上MA144 + 相对强弱>=0,1161,0.4178,0.3684,1.134,0.3876,0.3582,0.0294,L2
3卖,站上MA144 + 相对强弱>=5,772,0.2999,0.2326,1.289,0.4184,0.3582,0.0602,L2
3卖,站上MA233 + 斐波短中多头,414,0.1291,0.1425,0.906,0.3357,0.3582,-0.0224,L2
3卖,站上MA233 + 放量,606,0.1829,0.2119,0.863,0.3251,0.3582,-0.0331,L2
3卖,站上MA233 + 缩量,436,0.1253,0.156,0.804,0.3096,0.3582,-0.0485,L2
3卖,站上MA233 + 量比大于1,624,0.1866,0.2192,0.852,0.3221,0.3582,-0.036,L2
3卖,站上MA233 + 量比大于1_3,526,0.156,0.1855,0.841,0.3194,0.3582,-0.0388,L2
3卖,站上MA233 + 量比大于2,288,0.0836,0.1026,0.815,0.3125,0.3582,-0.0457,L2
3卖,站上MA233 + 量能递增,600,0.1792,0.2109,0.85,0.3217,0.3582,-0.0365,L2
3卖,站上MA233 + 价涨量增,562,0.1662,0.1984,0.838,0.3185,0.3582,-0.0397,L2
3卖,站上MA233 + 价涨量缩,378,0.1161,0.1311,0.885,0.3307,0.3582,-0.0275,L2
3卖,站上MA233 + MACD_DIF大于0,615,0.1876,0.214,0.876,0.3285,0.3582,-0.0297,L2
3卖,站上MA233 + MACD金叉态,632,0.1913,0.2207,0.867,0.3259,0.3582,-0.0322,L2
3卖,站上MA233 + MACD柱递增,532,0.1597,0.1865,0.856,0.3233,0.3582,-0.0349,L2
3卖,站上MA233 + MACD零轴上金叉,96,0.026,0.0352,0.738,0.2917,0.3582,-0.0665,L2
3卖,站上MA233 + BOLL收上中轨,652,0.1959,0.2285,0.857,0.3236,0.3582,-0.0345,L2
3卖,站上MA233 + BOLL突破上轨,402,0.1235,0.1394,0.886,0.3308,0.3582,-0.0273,L2
3卖,站上MA233 + BOLL开口扩张,595,0.1773,0.2093,0.847,0.321,0.3582,-0.0372,L2
3卖,站上MA233 + KDJ金叉态,616,0.1838,0.2166,0.849,0.3214,0.3582,-0.0367,L2
3卖,站上MA233 + KDJ_J超卖,111,0.0399,0.0352,1.133,0.3874,0.3582,0.0292,L2
3卖,站上MA233 + RSI6大于50,652,0.1959,0.2285,0.857,0.3236,0.3582,-0.0345,L2
3卖,站上MA233 + RSI金叉,207,0.0501,0.0793,0.632,0.2609,0.3582,-0.0973,L2
3卖,站上MA233 + 威科夫得分大于4,566,0.1625,0.2026,0.802,0.3092,0.3582,-0.049,L2
3卖,站上MA233 + 威科夫得分大于7,434,0.1216,0.157,0.775,0.3018,0.3582,-0.0563,L2
3卖,站上MA233 + 量能金叉,200,0.0511,0.0751,0.68,0.275,0.3582,-0.0832,L2
3卖,站上MA233 + 六脉红灯大于5,615,0.182,0.2171,0.838,0.3187,0.3582,-0.0395,L2
3卖,站上MA233 + 六脉红灯大于6,583,0.169,0.2078,0.813,0.3122,0.3582,-0.046,L2
3卖,站上MA233 + 六脉6红首发,583,0.169,0.2078,0.813,0.3122,0.3582,-0.046,L2
3卖,站上MA233 + 六脉5红首发,615,0.182,0.2171,0.838,0.3187,0.3582,-0.0395,L2
3卖,站上MA233 + 偏多共振,227,0.0641,0.0819,0.783,0.304,0.3582,-0.0542,L2
3卖,站上MA233 + 多头共振,227,0.0641,0.0819,0.783,0.304,0.3582,-0.0542,L2
3卖,站上MA233 + 火箭信号,82,0.0306,0.0254,1.207,0.4024,0.3582,0.0443,L2
3卖,站上MA233 + 纳财,76,0.0269,0.0244,1.106,0.3816,0.3582,0.0234,L2
3卖,站上MA233 + 中枢上穿中轴,107,0.0288,0.0394,0.731,0.2897,0.3582,-0.0684,L2
3卖,站上MA233 + 大盘多头,428,0.1291,0.1497,0.862,0.3248,0.3582,-0.0334,L2
3卖,站上MA233 + 大盘空头,111,0.0418,0.0342,1.222,0.4054,0.3582,0.0472,L2
3卖,站上MA233 + 大盘安全,549,0.1643,0.1927,0.853,0.3224,0.3582,-0.0358,L2
3卖,站上MA233 + SID等于1,428,0.1291,0.1497,0.862,0.3248,0.3582,-0.0334,L2
3卖,站上MA233 + SID等于2,369,0.1086,0.1306,0.832,0.3171,0.3582,-0.0411,L2
3卖,站上MA233 + SID小于等于2,601,0.1755,0.2135,0.822,0.3145,0.3582,-0.0437,L2
3卖,站上MA233 + 大盘5日上涨,579,0.1811,0.199,0.91,0.3368,0.3582,-0.0214,L2
3卖,站上MA233 + 相对强弱大于0,624,0.1885,0.2181,0.864,0.3253,0.3582,-0.0328,L2
3卖,站上MA233 + 相对强弱大于5,451,0.1606,0.144,1.115,0.3836,0.3582,0.0254,L2
3卖,站上MA233 + 量比>=1.3,286,0.0882,0.099,0.891,0.3322,0.3582,-0.026,L2
3卖,站上MA233 + 量比>=2,124,0.0399,0.042,0.951,0.3468,0.3582,-0.0114,L2
3卖,站上MA233 + 距前高<=10%,493,0.1606,0.1658,0.969,0.3509,0.3582,-0.0073,L2
3卖,站上MA233 + 相对强弱>=0,579,0.1783,0.2005,0.889,0.3316,0.3582,-0.0266,L2
3卖,站上MA233 + 相对强弱>=5,377,0.1337,0.1207,1.108,0.382,0.3582,0.0238,L2
3卖,斐波短中多头 + MA55上穿MA89,95,0.0455,0.0238,1.909,0.5158,0.3582,0.1576,L2
3卖,斐波短中多头 + 放量,915,0.3482,0.2798,1.244,0.4098,0.3582,0.0517,L2
3卖,斐波短中多头 + 缩量,753,0.2832,0.2321,1.22,0.405,0.3582,0.0469,L2
3卖,斐波短中多头 + 量比大于1,961,0.3668,0.2933,1.251,0.411,0.3582,0.0529,L2
3卖,斐波短中多头 + 量比大于1_3,764,0.2906,0.2337,1.244,0.4097,0.3582,0.0515,L2
3卖,斐波短中多头 + 量比大于2,373,0.1495,0.1098,1.361,0.4316,0.3582,0.0735,L2
3卖,斐波短中多头 + 量能递增,900,0.3389,0.2772,1.223,0.4056,0.3582,0.0474,L2
3卖,斐波短中多头 + 价涨量增,841,0.3213,0.2565,1.253,0.4114,0.3582,0.0533,L2
3卖,斐波短中多头 + 价涨量缩,630,0.2516,0.186,1.353,0.4302,0.3582,0.072,L2
3卖,斐波短中多头 + MACD_DIF大于0,1014,0.3844,0.3109,1.236,0.4083,0.3582,0.0501,L2
3卖,斐波短中多头 + MACD金叉态,987,0.3788,0.3,1.263,0.4134,0.3582,0.0552,L2
3卖,斐波短中多头 + MACD柱递增,778,0.2925,0.2399,1.219,0.4049,0.3582,0.0467,L2
3卖,斐波短中多头 + MACD零轴上金叉,173,0.0594,0.0565,1.052,0.3699,0.3582,0.0118,L2
3卖,斐波短中多头 + BOLL收上中轨,1013,0.3844,0.3104,1.239,0.4087,0.3582,0.0505,L2
3卖,斐波短中多头 + BOLL突破上轨,540,0.2098,0.1627,1.29,0.4185,0.3582,0.0604,L2
3卖,斐波短中多头 + BOLL开口扩张,934,0.3482,0.2896,1.202,0.4015,0.3582,0.0433,L2
3卖,斐波短中多头 + KDJ金叉态,946,0.3547,0.2922,1.214,0.4038,0.3582,0.0456,L2
3卖,斐波短中多头 + KDJ_J超卖,186,0.0724,0.056,1.294,0.4194,0.3582,0.0612,L2
3卖,斐波短中多头 + RSI6大于50,1014,0.3844,0.3109,1.236,0.4083,0.3582,0.0501,L2
3卖,斐波短中多头 + RSI金叉,368,0.1318,0.1171,1.126,0.3859,0.3582,0.0277,L2
3卖,斐波短中多头 + 威科夫得分大于4,931,0.351,0.2865,1.225,0.406,0.3582,0.0479,L2
3卖,斐波短中多头 + 威科夫得分大于7,649,0.2414,0.2016,1.198,0.4006,0.3582,0.0425,L2
3卖,斐波短中多头 + 黄金柱,77,0.0232,0.0269,0.862,0.3247,0.3582,-0.0335,L2
3卖,斐波短中多头 + 量能金叉,266,0.0836,0.0912,0.916,0.3383,0.3582,-0.0198,L2
3卖,斐波短中多头 + 六脉红灯大于5,937,0.3519,0.2891,1.217,0.4045,0.3582,0.0463,L2
3卖,斐波短中多头 + 六脉红灯大于6,872,0.3185,0.2741,1.162,0.3933,0.3582,0.0352,L2
3卖,斐波短中多头 + 六脉6红首发,872,0.3185,0.2741,1.162,0.3933,0.3582,0.0352,L2
3卖,斐波短中多头 + 六脉5红首发,937,0.3519,0.2891,1.217,0.4045,0.3582,0.0463,L2
3卖,斐波短中多头 + 偏多共振,207,0.0576,0.0751,0.766,0.2995,0.3582,-0.0586,L2
3卖,斐波短中多头 + 多头共振,207,0.0576,0.0751,0.766,0.2995,0.3582,-0.0586,L2
3卖,斐波短中多头 + 火箭信号,104,0.0511,0.0254,2.011,0.5288,0.3582,0.1707,L2
3卖,斐波短中多头 + 纳财,115,0.0548,0.029,1.888,0.513,0.3582,0.1549,L2
3卖,斐波短中多头 + 中枢上穿中轴,86,0.0344,0.0254,1.353,0.4302,0.3582,0.0721,L2
3卖,斐波短中多头 + 大盘多头,664,0.2386,0.2109,1.132,0.387,0.3582,0.0289,L2
3卖,斐波短中多头 + 大盘空头,204,0.0901,0.0554,1.625,0.4755,0.3582,0.1173,L2
3卖,斐波短中多头 + 大盘安全,813,0.3138,0.2461,1.275,0.4157,0.3582,0.0576,L2
3卖,斐波短中多头 + SID等于1,664,0.2386,0.2109,1.132,0.387,0.3582,0.0289,L2
3卖,斐波短中多头 + SID等于2,514,0.2052,0.1518,1.352,0.43,0.3582,0.0718,L2
3卖,斐波短中多头 + SID小于等于2,902,0.338,0.2788,1.212,0.4035,0.3582,0.0454,L2
3卖,斐波短中多头 + 大盘5日上涨,887,0.3463,0.2663,1.3,0.4205,0.3582,0.0624,L2
3卖,斐波短中多头 + 相对强弱大于0,980,0.377,0.2974,1.268,0.4143,0.3582,0.0561,L2
3卖,斐波短中多头 + 相对强弱大于5,688,0.2869,0.1964,1.461,0.4491,0.3582,0.091,L2
3卖,斐波短中多头 + 量比>=1.3,369,0.1374,0.1145,1.2,0.4011,0.3582,0.0429,L2
3卖,斐波短中多头 + 量比>=2,146,0.0566,0.044,1.286,0.4178,0.3582,0.0596,L2
3卖,斐波短中多头 + 距前高<=10%,896,0.3593,0.2637,1.362,0.4319,0.3582,0.0738,L2
3卖,斐波短中多头 + 相对强弱>=0,932,0.363,0.2803,1.295,0.4195,0.3582,0.0614,L2
3卖,斐波短中多头 + 相对强弱>=5,574,0.2396,0.1637,1.463,0.4495,0.3582,0.0913,L2
3卖,MA55上穿MA89 + 放量,132,0.0604,0.0347,1.739,0.4924,0.3582,0.1343,L2
3卖,MA55上穿MA89 + 缩量,98,0.0446,0.0259,1.72,0.4898,0.3582,0.1316,L2
3卖,MA55上穿MA89 + 量比大于1,137,0.0613,0.0368,1.666,0.4818,0.3582,0.1236,L2
3卖,MA55上穿MA89 + 量比大于1_3,116,0.052,0.0311,1.673,0.4828,0.3582,0.1246,L2
3卖,MA55上穿MA89 + 量比大于2,67,0.0297,0.0181,1.638,0.4776,0.3582,0.1194,L2
3卖,MA55上穿MA89 + 量能递增,131,0.0585,0.0352,1.66,0.4809,0.3582,0.1228,L2
3卖,MA55上穿MA89 + 价涨量增,123,0.0566,0.0321,1.763,0.4959,0.3582,0.1378,L2
3卖,MA55上穿MA89 + 价涨量缩,83,0.0409,0.0202,2.022,0.5301,0.3582,0.172,L2
3卖,MA55上穿MA89 + MACD_DIF大于0,140,0.0622,0.0378,1.645,0.4786,0.3582,0.1204,L2
3卖,MA55上穿MA89 + MACD金叉态,141,0.0622,0.0383,1.622,0.4752,0.3582,0.117,L2
3卖,MA55上穿MA89 + MACD柱递增,121,0.052,0.0337,1.544,0.4628,0.3582,0.1046,L2
3卖,MA55上穿MA89 + BOLL收上中轨,144,0.0641,0.0389,1.649,0.4792,0.3582,0.121,L2
3卖,MA55上穿MA89 + BOLL突破上轨,79,0.0353,0.0212,1.661,0.481,0.3582,0.1228,L2
3卖,MA55上穿MA89 + BOLL开口扩张,130,0.0566,0.0358,1.584,0.4692,0.3582,0.1111,L2
3卖,MA55上穿MA89 + KDJ金叉态,137,0.0585,0.0383,1.526,0.4599,0.3582,0.1017,L2
3卖,MA55上穿MA89 + RSI6大于50,145,0.0641,0.0394,1.627,0.4759,0.3582,0.1177,L2
3卖,MA55上穿MA89 + RSI金叉,60,0.0279,0.0155,1.792,0.5,0.3582,0.1418,L2
3卖,MA55上穿MA89 + 威科夫得分大于4,116,0.052,0.0311,1.673,0.4828,0.3582,0.1246,L2
3卖,MA55上穿MA89 + 威科夫得分大于7,74,0.0306,0.0212,1.442,0.4459,0.3582,0.0878,L2
3卖,MA55上穿MA89 + 六脉红灯大于5,139,0.0604,0.0383,1.574,0.4676,0.3582,0.1095,L2
3卖,MA55上穿MA89 + 六脉红灯大于6,132,0.0557,0.0373,1.493,0.4545,0.3582,0.0964,L2
3卖,MA55上穿MA89 + 六脉6红首发,132,0.0557,0.0373,1.493,0.4545,0.3582,0.0964,L2
3卖,MA55上穿MA89 + 六脉5红首发,139,0.0604,0.0383,1.574,0.4676,0.3582,0.1095,L2
3卖,MA55上穿MA89 + 大盘多头,82,0.0344,0.0233,1.473,0.4512,0.3582,0.0931,L2
3卖,MA55上穿MA89 + 大盘安全,115,0.0539,0.0295,1.823,0.5043,0.3582,0.1462,L2
3卖,MA55上穿MA89 + SID等于1,82,0.0344,0.0233,1.473,0.4512,0.3582,0.0931,L2
3卖,MA55上穿MA89 + SID等于2,80,0.039,0.0197,1.981,0.525,0.3582,0.1668,L2
3卖,MA55上穿MA89 + SID小于等于2,130,0.0566,0.0358,1.584,0.4692,0.3582,0.1111,L2
3卖,MA55上穿MA89 + 大盘5日上涨,129,0.0604,0.0332,1.82,0.5039,0.3582,0.1457,L2
3卖,MA55上穿MA89 + 相对强弱大于0,142,0.0631,0.0383,1.647,0.4789,0.3582,0.1207,L2
3卖,MA55上穿MA89 + 相对强弱大于5,106,0.0511,0.0264,1.933,0.5189,0.3582,0.1607,L2
3卖,MA55上穿MA89 + 量比>=1.3,63,0.0269,0.0176,1.528,0.4603,0.3582,0.1022,L2
3卖,MA55上穿MA89 + 距前高<=10%,126,0.0585,0.0326,1.792,0.5,0.3582,0.1418,L2
3卖,MA55上穿MA89 + 相对强弱>=0,140,0.0622,0.0378,1.645,0.4786,0.3582,0.1204,L2
3卖,MA55上穿MA89 + 相对强弱>=5,92,0.0427,0.0238,1.792,0.5,0.3582,0.1418,L2
3卖,放量 + 缩量,1828,0.6063,0.6088,0.996,0.3572,0.3582,-0.0009,L2
3卖,放量 + 量比大于1,2708,0.9016,0.9,1.002,0.3586,0.3582,0.0004,L2
3卖,放量 + 量比大于1_3,2362,0.7967,0.7793,1.022,0.3633,0.3582,0.0051,L2
3卖,放量 + 量比大于2,1333,0.4568,0.4358,1.048,0.3691,0.3582,0.0109,L2
3卖,放量 + 量能递增,2524,0.8403,0.8389,1.002,0.3586,0.3582,0.0004,L2
3卖,放量 + 价涨量增,2564,0.8542,0.8518,1.003,0.3588,0.3582,0.0007,L2
3卖,放量 + 价涨量缩,1590,0.5367,0.5244,1.024,0.3635,0.3582,0.0054,L2
3卖,放量 + MACD_DIF大于0,2260,0.7929,0.7285,1.088,0.3779,0.3582,0.0197,L2
3卖,放量 + MACD金叉态,2695,0.9006,0.8938,1.008,0.3599,0.3582,0.0018,L2
3卖,放量 + MACD柱递增,2244,0.7512,0.7435,1.01,0.3605,0.3582,0.0024,L2
3卖,放量 + MACD零轴上金叉,206,0.0743,0.0653,1.138,0.3883,0.3582,0.0302,L2
3卖,放量 + MACD底背离,63,0.0232,0.0197,1.179,0.3968,0.3582,0.0387,L2
3卖,放量 + BOLL收上中轨,2718,0.9062,0.9026,1.004,0.3591,0.3582,0.0009,L2
3卖,放量 + BOLL突破上轨,1423,0.5088,0.4534,1.122,0.3851,0.3582,0.0269,L2
3卖,放量 + BOLL触下轨反弹,114,0.0344,0.0399,0.861,0.3246,0.3582,-0.0336,L2
3卖,放量 + BOLL开口扩张,2517,0.8357,0.8378,0.997,0.3576,0.3582,-0.0006,L2
3卖,放量 + KDJ金叉态,2587,0.8579,0.8617,0.996,0.3572,0.3582,-0.001,L2
3卖,放量 + KDJ_J超卖,510,0.1634,0.1731,0.944,0.3451,0.3582,-0.0131,L2
3卖,放量 + KDJ_D小于30,81,0.0232,0.029,0.8,0.3086,0.3582,-0.0495,L2
3卖,放量 + RSI6大于50,2730,0.9099,0.9067,1.004,0.359,0.3582,0.0008,L2
3卖,放量 + RSI金叉,811,0.2609,0.2746,0.95,0.3465,0.3582,-0.0117,L2
3卖,放量 + RSI6超卖,125,0.0334,0.0461,0.725,0.288,0.3582,-0.0702,L2
3卖,放量 + RSI底背离,59,0.0232,0.0176,1.318,0.4237,0.3582,0.0656,L2
3卖,放量 + 威科夫得分大于4,1757,0.5868,0.5829,1.007,0.3597,0.3582,0.0015,L2
3卖,放量 + 威科夫得分大于7,935,0.3287,0.301,1.092,0.3786,0.3582,0.0204,L2
3卖,放量 + 积累阶段,533,0.1328,0.2021,0.657,0.2683,0.3582,-0.0899,L2
3卖,放量 + 威科夫B1突破,97,0.026,0.0358,0.727,0.2887,0.3582,-0.0695,L2
3卖,放量 + 黄金柱,283,0.0845,0.0995,0.849,0.3216,0.3582,-0.0366,L2
3卖,放量 + 量能金叉,992,0.2971,0.3482,0.853,0.3226,0.3582,-0.0356,L2
3卖,放量 + 六脉红灯大于5,2599,0.8663,0.8632,1.004,0.359,0.3582,0.0008,L2
3卖,放量 + 六脉红灯大于6,2463,0.8124,0.8228,0.987,0.3553,0.3582,-0.0029,L2
3卖,放量 + 六脉6红首发,2463,0.8124,0.8228,0.987,0.3553,0.3582,-0.0029,L2
3卖,放量 + 六脉5红首发,2599,0.8663,0.8632,1.004,0.359,0.3582,0.0008,L2
3卖,放量 + 偏多共振,240,0.0678,0.0865,0.783,0.3042,0.3582,-0.054,L2
3卖,放量 + 多头共振,240,0.0678,0.0865,0.783,0.3042,0.3582,-0.054,L2
3卖,放量 + 火箭信号,312,0.1309,0.0886,1.478,0.4519,0.3582,0.0938,L2
3卖,放量 + 纳财,311,0.1235,0.0922,1.339,0.4277,0.3582,0.0695,L2
3卖,放量 + 中枢进机会区,146,0.0409,0.0528,0.773,0.3014,0.3582,-0.0568,L2
3卖,放量 + 中枢极限底,55,0.0186,0.0181,1.024,0.3636,0.3582,0.0055,L2
3卖,放量 + 中枢上穿中轴,671,0.2321,0.2181,1.064,0.3726,0.3582,0.0144,L2
3卖,放量 + 中枢底部蓄力,208,0.0539,0.0777,0.693,0.2788,0.3582,-0.0793,L2
3卖,放量 + 中枢底部回升,267,0.0706,0.099,0.713,0.2846,0.3582,-0.0735,L2
3卖,放量 + 大盘多头,1356,0.4633,0.444,1.043,0.368,0.3582,0.0098,L2
3卖,放量 + 大盘空头,964,0.2953,0.3347,0.882,0.3299,0.3582,-0.0283,L2
3卖,放量 + 大盘安全,1974,0.7149,0.6238,1.146,0.3901,0.3582,0.0319,L2
3卖,放量 + SID等于1,1356,0.4633,0.444,1.043,0.368,0.3582,0.0098,L2
3卖,放量 + SID等于2,1496,0.5395,0.4741,1.138,0.3884,0.3582,0.0302,L2
3卖,放量 + SID小于等于2,2166,0.7725,0.6912,1.118,0.3841,0.3582,0.026,L2
3卖,放量 + 大盘5日上涨,2399,0.8189,0.786,1.042,0.3677,0.3582,0.0095,L2
3卖,放量 + 相对强弱大于0,2645,0.8904,0.8736,1.019,0.3626,0.3582,0.0044,L2
3卖,放量 + 相对强弱大于5,1853,0.6565,0.5938,1.106,0.3815,0.3582,0.0234,L2
3卖,放量 + 量比>=1.3,1300,0.4364,0.4301,1.015,0.3615,0.3582,0.0034,L2
3卖,放量 + 量比>=2,621,0.2145,0.2021,1.061,0.372,0.3582,0.0138,L2
3卖,放量 + 距前高<=10%,1629,0.6592,0.4762,1.384,0.4359,0.3582,0.0777,L2
3卖,放量 + 距前低<=10%,450,0.1328,0.1591,0.835,0.3178,0.3582,-0.0404,L2
3卖,放量 + 相对强弱>=0,2497,0.8505,0.8192,1.038,0.3668,0.3582,0.0087,L2
3卖,放量 + 相对强弱>=5,1516,0.5357,0.4865,1.101,0.3806,0.3582,0.0224,L2
3卖,缩量 + 量比大于1,1956,0.649,0.6513,0.997,0.3574,0.3582,-0.0008,L2
3卖,缩量 + 量比大于1_3,1511,0.5032,0.5021,1.002,0.3587,0.3582,0.0005,L2
3卖,缩量 + 量比大于2,656,0.2256,0.214,1.054,0.3704,0.3582,0.0123,L2
3卖,缩量 + 量能递增,1743,0.5775,0.5808,0.994,0.3569,0.3582,-0.0013,L2
3卖,缩量 + 价涨量增,1666,0.5497,0.5565,0.988,0.3553,0.3582,-0.0028,L2
3卖,缩量 + 价涨量缩,1410,0.481,0.4622,1.041,0.3674,0.3582,0.0092,L2
3卖,缩量 + MACD_DIF大于0,1710,0.5877,0.558,1.053,0.3702,0.3582,0.012,L2
3卖,缩量 + MACD金叉态,2054,0.6815,0.6839,0.996,0.3574,0.3582,-0.0008,L2
3卖,缩量 + MACD柱递增,1538,0.5125,0.5109,1.003,0.3589,0.3582,0.0007,L2
3卖,缩量 + MACD零轴上金叉,139,0.0483,0.0451,1.071,0.3741,0.3582,0.0159,L2
3卖,缩量 + BOLL收上中轨,2072,0.6843,0.6917,0.989,0.3557,0.3582,-0.0025,L2
3卖,缩量 + BOLL突破上轨,790,0.2748,0.256,1.074,0.3747,0.3582,0.0165,L2
3卖,缩量 + BOLL触下轨反弹,75,0.0214,0.0269,0.793,0.3067,0.3582,-0.0515,L2
3卖,缩量 + BOLL开口扩张,1828,0.6063,0.6088,0.996,0.3572,0.3582,-0.0009,L2
3卖,缩量 + KDJ金叉态,1945,0.6379,0.6518,0.979,0.3532,0.3582,-0.005,L2
3卖,缩量 + KDJ_J超卖,401,0.13,0.1352,0.961,0.3491,0.3582,-0.009,L2
3卖,缩量 + KDJ_D小于30,57,0.0139,0.0218,0.64,0.2632,0.3582,-0.095,L2
3卖,缩量 + RSI6大于50,2087,0.689,0.6969,0.989,0.3555,0.3582,-0.0026,L2
3卖,缩量 + RSI金叉,626,0.195,0.2155,0.905,0.3355,0.3582,-0.0227,L2
3卖,缩量 + RSI6超卖,79,0.0214,0.029,0.736,0.2911,0.3582,-0.067,L2
3卖,缩量 + 威科夫得分大于4,1324,0.4392,0.4409,0.996,0.3573,0.3582,-0.0009,L2
3卖,缩量 + 威科夫得分大于7,672,0.2312,0.2192,1.055,0.3705,0.3582,0.0124,L2
3卖,缩量 + 积累阶段,441,0.1179,0.1627,0.725,0.288,0.3582,-0.0702,L2
3卖,缩量 + 黄金柱,199,0.0594,0.0699,0.85,0.3216,0.3582,-0.0366,L2
3卖,缩量 + 量能金叉,611,0.1848,0.2135,0.866,0.3257,0.3582,-0.0325,L2
3卖,缩量 + 六脉红灯大于5,1950,0.6407,0.6528,0.981,0.3538,0.3582,-0.0043,L2
3卖,缩量 + 六脉红灯大于6,1814,0.585,0.6135,0.954,0.3473,0.3582,-0.0109,L2
3卖,缩量 + 六脉6红首发,1814,0.585,0.6135,0.954,0.3473,0.3582,-0.0109,L2
3卖,缩量 + 六脉5红首发,1950,0.6407,0.6528,0.981,0.3538,0.3582,-0.0043,L2
3卖,缩量 + 偏多共振,200,0.0548,0.0731,0.75,0.295,0.3582,-0.0632,L2
3卖,缩量 + 多头共振,200,0.0548,0.0731,0.75,0.295,0.3582,-0.0632,L2
3卖,缩量 + 火箭信号,95,0.0501,0.0212,2.36,0.5684,0.3582,0.2103,L2
3卖,缩量 + 纳财,210,0.078,0.0653,1.195,0.4,0.3582,0.0418,L2
3卖,缩量 + 中枢进机会区,89,0.0241,0.0326,0.74,0.2921,0.3582,-0.066,L2
3卖,缩量 + 中枢上穿中轴,377,0.1272,0.1244,1.023,0.3634,0.3582,0.0052,L2
3卖,缩量 + 中枢底部蓄力,139,0.0362,0.0518,0.699,0.2806,0.3582,-0.0776,L2
3卖,缩量 + 中枢底部回升,174,0.0455,0.0648,0.702,0.2816,0.3582,-0.0766,L2
3卖,缩量 + 大盘多头,1067,0.3482,0.3585,0.971,0.3515,0.3582,-0.0067,L2
3卖,缩量 + 大盘空头,677,0.208,0.2347,0.886,0.3309,0.3582,-0.0273,L2
3卖,缩量 + 大盘安全,1579,0.5608,0.5052,1.11,0.3825,0.3582,0.0244,L2
3卖,缩量 + SID等于1,1067,0.3482,0.3585,0.971,0.3515,0.3582,-0.0067,L2
3卖,缩量 + SID等于2,1111,0.4067,0.3487,1.166,0.3942,0.3582,0.0361,L2
3卖,缩量 + SID小于等于2,1705,0.6054,0.5456,1.11,0.3824,0.3582,0.0242,L2
3卖,缩量 + 大盘5日上涨,1873,0.6351,0.6161,1.031,0.3652,0.3582,0.007,L2
3卖,缩量 + 相对强弱大于0,2029,0.6769,0.6736,1.005,0.3593,0.3582,0.0011,L2
3卖,缩量 + 相对强弱大于5,1302,0.4708,0.4119,1.143,0.3894,0.3582,0.0312,L2
3卖,缩量 + 量比>=1.3,679,0.2238,0.2269,0.986,0.3549,0.3582,-0.0032,L2
3卖,缩量 + 量比>=2,243,0.0938,0.0736,1.275,0.4156,0.3582,0.0575,L2
3卖,缩量 + 距前高<=10%,1228,0.4865,0.3648,1.334,0.4267,0.3582,0.0685,L2
3卖,缩量 + 距前低<=10%,379,0.1179,0.1306,0.903,0.3351,0.3582,-0.0231,L2
3卖,缩量 + 相对强弱>=0,1889,0.636,0.6238,1.02,0.3626,0.3582,0.0045,L2
3卖,缩量 + 相对强弱>=5,1027,0.363,0.3295,1.102,0.3807,0.3582,0.0226,L2
3卖,量比大于1 + 量比大于1_3,2384,0.805,0.786,1.024,0.3637,0.3582,0.0055,L2
3卖,量比大于1 + 量比大于2,1334,0.4578,0.4358,1.05,0.3696,0.3582,0.0114,L2
3卖,量比大于1 + 量能递增,2537,0.844,0.8435,1.001,0.3583,0.3582,0.0001,L2
3卖,量比大于1 + 价涨量增,2548,0.8468,0.8477,0.999,0.3579,0.3582,-0.0002,L2
3卖,量比大于1 + 价涨量缩,1698,0.5747,0.5591,1.028,0.3645,0.3582,0.0064,L2
3卖,量比大于1 + MACD_DIF大于0,2364,0.8254,0.7642,1.08,0.3761,0.3582,0.0179,L2
3卖,量比大于1 + MACD金叉态,2822,0.9443,0.9352,1.01,0.3604,0.3582,0.0022,L2
3卖,量比大于1 + MACD柱递增,2309,0.7809,0.7606,1.027,0.3642,0.3582,0.0061,L2
3卖,量比大于1 + MACD零轴上金叉,211,0.0761,0.0668,1.139,0.3886,0.3582,0.0305,L2
3卖,量比大于1 + MACD底背离,64,0.0232,0.0202,1.149,0.3906,0.3582,0.0325,L2
3卖,量比大于1 + BOLL收上中轨,2847,0.9489,0.9456,1.004,0.359,0.3582,0.0008,L2
3卖,量比大于1 + BOLL突破上轨,1439,0.5144,0.4585,1.122,0.385,0.3582,0.0268,L2
3卖,量比大于1 + BOLL触下轨反弹,115,0.0353,0.0399,0.884,0.3304,0.3582,-0.0277,L2
3卖,量比大于1 + BOLL开口扩张,2597,0.8663,0.8622,1.005,0.3593,0.3582,0.0011,L2
3卖,量比大于1 + KDJ金叉态,2707,0.8979,0.9016,0.996,0.3572,0.3582,-0.0009,L2
3卖,量比大于1 + KDJ_J超卖,534,0.1736,0.1798,0.966,0.3502,0.3582,-0.008,L2
3卖,量比大于1 + KDJ_D小于30,83,0.0232,0.0301,0.772,0.3012,0.3582,-0.057,L2
3卖,量比大于1 + RSI6大于50,2861,0.9536,0.9503,1.003,0.359,0.3582,0.0008,L2
3卖,量比大于1 + RSI金叉,855,0.2767,0.2886,0.959,0.3485,0.3582,-0.0096,L2
3卖,量比大于1 + RSI6超卖,129,0.0353,0.0472,0.748,0.2946,0.3582,-0.0636,L2
3卖,量比大于1 + RSI底背离,59,0.0232,0.0176,1.318,0.4237,0.3582,0.0656,L2
3卖,量比大于1 + 威科夫得分大于4,1805,0.6007,0.6,1.001,0.3584,0.3582,0.0003,L2
3卖,量比大于1 + 威科夫得分大于7,951,0.3324,0.3073,1.082,0.3764,0.3582,0.0183,L2
3卖,量比大于1 + 积累阶段,571,0.1476,0.2135,0.692,0.2785,0.3582,-0.0797,L2
3卖,量比大于1 + 威科夫B1突破,96,0.026,0.0352,0.738,0.2917,0.3582,-0.0665,L2
3卖,量比大于1 + 黄金柱,282,0.0845,0.099,0.854,0.3227,0.3582,-0.0355,L2
3卖,量比大于1 + 量能金叉,999,0.3008,0.3497,0.86,0.3243,0.3582,-0.0338,L2
3卖,量比大于1 + 六脉红灯大于5,2718,0.9062,0.9026,1.004,0.3591,0.3582,0.0009,L2
3卖,量比大于1 + 六脉红灯大于6,2568,0.8468,0.858,0.987,0.3551,0.3582,-0.003,L2
3卖,量比大于1 + 六脉6红首发,2568,0.8468,0.858,0.987,0.3551,0.3582,-0.003,L2
3卖,量比大于1 + 六脉5红首发,2718,0.9062,0.9026,1.004,0.3591,0.3582,0.0009,L2
3卖,量比大于1 + 偏多共振,245,0.0715,0.087,0.821,0.3143,0.3582,-0.0439,L2
3卖,量比大于1 + 多头共振,245,0.0715,0.087,0.821,0.3143,0.3582,-0.0439,L2
3卖,量比大于1 + 火箭信号,312,0.1309,0.0886,1.478,0.4519,0.3582,0.0938,L2
3卖,量比大于1 + 纳财,321,0.1272,0.0953,1.334,0.4268,0.3582,0.0686,L2
3卖,量比大于1 + 中枢进机会区,153,0.0427,0.0554,0.77,0.3007,0.3582,-0.0575,L2
3卖,量比大于1 + 中枢极限底,56,0.0186,0.0187,0.996,0.3571,0.3582,-0.001,L2
3卖,量比大于1 + 中枢上穿中轴,679,0.2368,0.2197,1.078,0.3756,0.3582,0.0174,L2
3卖,量比大于1 + 中枢底部蓄力,214,0.0548,0.0803,0.682,0.2757,0.3582,-0.0825,L2
3卖,量比大于1 + 中枢底部回升,273,0.0715,0.1016,0.704,0.2821,0.3582,-0.0761,L2
3卖,量比大于1 + 大盘多头,1441,0.493,0.4715,1.046,0.3685,0.3582,0.0103,L2
3卖,量比大于1 + 大盘空头,987,0.3027,0.3425,0.884,0.3303,0.3582,-0.0279,L2
3卖,量比大于1 + 大盘安全,2091,0.7549,0.6622,1.14,0.3888,0.3582,0.0306,L2
3卖,量比大于1 + SID等于1,1441,0.493,0.4715,1.046,0.3685,0.3582,0.0103,L2
3卖,量比大于1 + SID等于2,1571,0.5636,0.4995,1.128,0.3864,0.3582,0.0282,L2
3卖,量比大于1 + SID小于等于2,2291,0.8171,0.7311,1.118,0.3841,0.3582,0.0259,L2
3卖,量比大于1 + 大盘5日上涨,2524,0.8607,0.8275,1.04,0.3673,0.3582,0.0091,L2
3卖,量比大于1 + 相对强弱大于0,2774,0.9322,0.9171,1.016,0.3619,0.3582,0.0038,L2
3卖,量比大于1 + 相对强弱大于5,1924,0.6806,0.6171,1.103,0.381,0.3582,0.0228,L2
3卖,量比大于1 + 量比>=1.3,1308,0.4392,0.4326,1.015,0.3616,0.3582,0.0035,L2
3卖,量比大于1 + 量比>=2,622,0.2154,0.2021,1.066,0.373,0.3582,0.0148,L2
3卖,量比大于1 + 距前高<=10%,1700,0.6825,0.5,1.365,0.4324,0.3582,0.0742,L2
3卖,量比大于1 + 距前低<=10%,468,0.143,0.1627,0.879,0.3291,0.3582,-0.0291,L2
3卖,量比大于1 + 相对强弱>=0,2615,0.8867,0.8601,1.031,0.3652,0.3582,0.007,L2
3卖,量比大于1 + 相对强弱>=5,1563,0.5478,0.5041,1.087,0.3775,0.3582,0.0193,L2
3卖,量比大于1_3 + 量比大于2,1334,0.4578,0.4358,1.05,0.3696,0.3582,0.0114,L2
3卖,量比大于1_3 + 量能递增,2195,0.7391,0.7249,1.02,0.3626,0.3582,0.0045,L2
3卖,量比大于1_3 + 价涨量增,2267,0.7623,0.7492,1.017,0.3622,0.3582,0.004,L2
3卖,量比大于1_3 + 价涨量缩,1300,0.4503,0.4223,1.066,0.3731,0.3582,0.0149,L2
3卖,量比大于1_3 + MACD_DIF大于0,1947,0.6964,0.6202,1.123,0.3852,0.3582,0.027,L2
3卖,量比大于1_3 + MACD金叉态,2347,0.7957,0.772,1.031,0.3651,0.3582,0.007,L2
3卖,量比大于1_3 + MACD柱递增,2010,0.6908,0.656,1.053,0.3701,0.3582,0.012,L2
3卖,量比大于1_3 + MACD零轴上金叉,196,0.0724,0.0611,1.185,0.398,0.3582,0.0398,L2
3卖,量比大于1_3 + MACD底背离,58,0.0214,0.0181,1.178,0.3966,0.3582,0.0384,L2
3卖,量比大于1_3 + BOLL收上中轨,2371,0.8004,0.7819,1.024,0.3636,0.3582,0.0054,L2
3卖,量比大于1_3 + BOLL突破上轨,1328,0.4838,0.4181,1.157,0.3923,0.3582,0.0342,L2
3卖,量比大于1_3 + BOLL触下轨反弹,104,0.0353,0.0342,1.032,0.3654,0.3582,0.0072,L2
3卖,量比大于1_3 + BOLL开口扩张,2196,0.74,0.7249,1.021,0.3629,0.3582,0.0048,L2
3卖,量比大于1_3 + KDJ金叉态,2263,0.7586,0.7492,1.013,0.361,0.3582,0.0029,L2
3卖,量比大于1_3 + KDJ_J超卖,460,0.1532,0.1528,1.002,0.3587,0.3582,0.0005,L2
3卖,量比大于1_3 + KDJ_D小于30,78,0.0214,0.0285,0.749,0.2949,0.3582,-0.0633,L2
3卖,量比大于1_3 + RSI6大于50,2381,0.8041,0.785,1.024,0.3637,0.3582,0.0055,L2
3卖,量比大于1_3 + RSI金叉,717,0.234,0.2409,0.971,0.3515,0.3582,-0.0067,L2
3卖,量比大于1_3 + RSI6超卖,115,0.0334,0.0409,0.817,0.313,0.3582,-0.0451,L2
3卖,量比大于1_3 + RSI底背离,53,0.0204,0.0161,1.272,0.4151,0.3582,0.0569,L2
3卖,量比大于1_3 + 威科夫得分大于4,1495,0.5023,0.4943,1.016,0.3619,0.3582,0.0037,L2
3卖,量比大于1_3 + 威科夫得分大于7,801,0.2813,0.258,1.09,0.3783,0.3582,0.0201,L2
3卖,量比大于1_3 + 积累阶段,480,0.1207,0.1813,0.666,0.2708,0.3582,-0.0873,L2
3卖,量比大于1_3 + 威科夫B1突破,95,0.0251,0.0352,0.712,0.2842,0.3582,-0.074,L2
3卖,量比大于1_3 + 黄金柱,281,0.0845,0.0984,0.858,0.3238,0.3582,-0.0343,L2
3卖,量比大于1_3 + 量能金叉,954,0.2878,0.3337,0.863,0.3249,0.3582,-0.0332,L2
3卖,量比大于1_3 + 六脉红灯大于5,2274,0.7669,0.7503,1.022,0.3632,0.3582,0.0051,L2
3卖,量比大于1_3 + 六脉红灯大于6,2163,0.7242,0.7166,1.011,0.3606,0.3582,0.0024,L2
3卖,量比大于1_3 + 六脉6红首发,2163,0.7242,0.7166,1.011,0.3606,0.3582,0.0024,L2
3卖,量比大于1_3 + 六脉5红首发,2274,0.7669,0.7503,1.022,0.3632,0.3582,0.0051,L2
3卖,量比大于1_3 + 偏多共振,202,0.0548,0.0741,0.739,0.2921,0.3582,-0.0661,L2
3卖,量比大于1_3 + 多头共振,202,0.0548,0.0741,0.739,0.2921,0.3582,-0.0661,L2
3卖,量比大于1_3 + 火箭信号,307,0.1291,0.087,1.483,0.4528,0.3582,0.0946,L2
3卖,量比大于1_3 + 纳财,302,0.1198,0.0896,1.336,0.4272,0.3582,0.069,L2
3卖,量比大于1_3 + 中枢进机会区,140,0.0399,0.0503,0.794,0.3071,0.3582,-0.051,L2
3卖,量比大于1_3 + 中枢上穿中轴,627,0.2201,0.2021,1.089,0.378,0.3582,0.0198,L2
3卖,量比大于1_3 + 中枢底部蓄力,205,0.0529,0.0767,0.69,0.278,0.3582,-0.0801,L2
3卖,量比大于1_3 + 中枢底部回升,261,0.0696,0.0964,0.723,0.2874,0.3582,-0.0708,L2
3卖,量比大于1_3 + 大盘多头,1192,0.4141,0.3865,1.071,0.3742,0.3582,0.016,L2
3卖,量比大于1_3 + 大盘空头,833,0.2553,0.2891,0.883,0.3301,0.3582,-0.028,L2
3卖,量比大于1_3 + 大盘安全,1721,0.6305,0.5399,1.168,0.3945,0.3582,0.0364,L2
3卖,量比大于1_3 + SID等于1,1192,0.4141,0.3865,1.071,0.3742,0.3582,0.016,L2
3卖,量比大于1_3 + SID等于2,1325,0.4819,0.4176,1.154,0.3917,0.3582,0.0335,L2
3卖,量比大于1_3 + SID小于等于2,1894,0.688,0.5974,1.152,0.3912,0.3582,0.0331,L2
3卖,量比大于1_3 + 大盘5日上涨,2084,0.7187,0.6788,1.059,0.3714,0.3582,0.0132,L2
3卖,量比大于1_3 + 相对强弱大于0,2307,0.7846,0.7575,1.036,0.3663,0.3582,0.0081,L2
3卖,量比大于1_3 + 相对强弱大于5,1645,0.5868,0.5249,1.118,0.3842,0.3582,0.026,L2
3卖,量比大于1_3 + 量比>=1.3,1308,0.4392,0.4326,1.015,0.3616,0.3582,0.0035,L2
3卖,量比大于1_3 + 量比>=2,622,0.2154,0.2021,1.066,0.373,0.3582,0.0148,L2
3卖,量比大于1_3 + 距前高<=10%,1407,0.572,0.4098,1.396,0.4378,0.3582,0.0796,L2
3卖,量比大于1_3 + 距前低<=10%,383,0.117,0.1332,0.879,0.329,0.3582,-0.0292,L2
3卖,量比大于1_3 + 相对强弱>=0,2178,0.7484,0.7109,1.053,0.3701,0.3582,0.0119,L2
3卖,量比大于1_3 + 相对强弱>=5,1356,0.481,0.4342,1.108,0.382,0.3582,0.0238,L2
3卖,量比大于2 + 量能递增,1301,0.4457,0.4254,1.048,0.3689,0.3582,0.0108,L2
3卖,量比大于2 + 价涨量增,1309,0.4503,0.4269,1.055,0.3705,0.3582,0.0123,L2
3卖,量比大于2 + 价涨量缩,663,0.2256,0.2176,1.037,0.3665,0.3582,0.0084,L2
3卖,量比大于2 + MACD_DIF大于0,1074,0.3974,0.3347,1.187,0.3985,0.3582,0.0403,L2
3卖,量比大于2 + MACD金叉态,1310,0.4513,0.4269,1.057,0.371,0.3582,0.0128,L2
3卖,量比大于2 + MACD柱递增,1194,0.4104,0.3896,1.053,0.3702,0.3582,0.012,L2
3卖,量比大于2 + MACD零轴上金叉,125,0.0492,0.0373,1.319,0.424,0.3582,0.0658,L2
3卖,量比大于2 + BOLL收上中轨,1325,0.4559,0.4321,1.055,0.3706,0.3582,0.0124,L2
3卖,量比大于2 + BOLL突破上轨,883,0.3175,0.2803,1.133,0.3873,0.3582,0.0292,L2
3卖,量比大于2 + BOLL触下轨反弹,65,0.0232,0.0207,1.12,0.3846,0.3582,0.0265,L2
3卖,量比大于2 + BOLL开口扩张,1247,0.429,0.4067,1.055,0.3705,0.3582,0.0123,L2
3卖,量比大于2 + KDJ金叉态,1273,0.4327,0.4181,1.035,0.3661,0.3582,0.0079,L2
3卖,量比大于2 + KDJ_J超卖,271,0.0975,0.086,1.134,0.3875,0.3582,0.0293,L2
3卖,量比大于2 + KDJ_D小于30,68,0.0204,0.0238,0.857,0.3235,0.3582,-0.0346,L2
3卖,量比大于2 + RSI6大于50,1332,0.4578,0.4347,1.053,0.3701,0.3582,0.012,L2
3卖,量比大于2 + RSI金叉,440,0.1551,0.1415,1.096,0.3795,0.3582,0.0214,L2
3卖,量比大于2 + RSI6超卖,64,0.0186,0.0228,0.815,0.3125,0.3582,-0.0457,L2
3卖,量比大于2 + 威科夫得分大于4,788,0.2702,0.2575,1.049,0.3693,0.3582,0.0111,L2
3卖,量比大于2 + 威科夫得分大于7,424,0.1532,0.1342,1.142,0.3892,0.3582,0.031,L2
3卖,量比大于2 + 积累阶段,290,0.078,0.1067,0.731,0.2897,0.3582,-0.0685,L2
3卖,量比大于2 + 威科夫B1突破,85,0.0223,0.0316,0.705,0.2824,0.3582,-0.0758,L2
3卖,量比大于2 + 黄金柱,226,0.0678,0.0793,0.855,0.323,0.3582,-0.0352,L2
3卖,量比大于2 + 量能金叉,710,0.2201,0.2451,0.898,0.3338,0.3582,-0.0244,L2
3卖,量比大于2 + 六脉红灯大于5,1281,0.4401,0.4181,1.053,0.37,0.3582,0.0119,L2
3卖,量比大于2 + 六脉红灯大于6,1229,0.4188,0.4031,1.039,0.367,0.3582,0.0088,L2
3卖,量比大于2 + 六脉6红首发,1229,0.4188,0.4031,1.039,0.367,0.3582,0.0088,L2
3卖,量比大于2 + 六脉5红首发,1281,0.4401,0.4181,1.053,0.37,0.3582,0.0119,L2
3卖,量比大于2 + 偏多共振,97,0.0269,0.0352,0.764,0.299,0.3582,-0.0592,L2
3卖,量比大于2 + 多头共振,97,0.0269,0.0352,0.764,0.299,0.3582,-0.0592,L2
3卖,量比大于2 + 火箭信号,270,0.1068,0.0803,1.33,0.4259,0.3582,0.0678,L2
3卖,量比大于2 + 纳财,189,0.0789,0.0539,1.465,0.4497,0.3582,0.0916,L2
3卖,量比大于2 + 中枢进机会区,98,0.0279,0.0352,0.791,0.3061,0.3582,-0.052,L2
3卖,量比大于2 + 中枢上穿中轴,444,0.1653,0.1378,1.199,0.4009,0.3582,0.0427,L2
3卖,量比大于2 + 中枢底部蓄力,142,0.0334,0.0549,0.609,0.2535,0.3582,-0.1046,L2
3卖,量比大于2 + 中枢底部回升,181,0.0455,0.0684,0.665,0.2707,0.3582,-0.0874,L2
3卖,量比大于2 + 大盘多头,676,0.2423,0.215,1.127,0.3861,0.3582,0.0279,L2
3卖,量比大于2 + 大盘空头,493,0.1551,0.1689,0.918,0.3387,0.3582,-0.0194,L2
3卖,量比大于2 + 大盘安全,953,0.3519,0.2974,1.183,0.3977,0.3582,0.0395,L2
3卖,量比大于2 + SID等于1,676,0.2423,0.215,1.127,0.3861,0.3582,0.0279,L2
3卖,量比大于2 + SID等于2,739,0.2711,0.2316,1.171,0.3951,0.3582,0.037,L2
3卖,量比大于2 + SID小于等于2,1044,0.3807,0.3285,1.159,0.3927,0.3582,0.0346,L2
3卖,量比大于2 + 大盘5日上涨,1162,0.4076,0.3746,1.088,0.3778,0.3582,0.0196,L2
3卖,量比大于2 + 相对强弱大于0,1293,0.4457,0.4212,1.058,0.3712,0.3582,0.0131,L2
3卖,量比大于2 + 相对强弱大于5,984,0.3417,0.3192,1.071,0.374,0.3582,0.0158,L2
3卖,量比大于2 + 量比>=1.3,945,0.324,0.3088,1.049,0.3693,0.3582,0.0111,L2
3卖,量比大于2 + 量比>=2,622,0.2154,0.2021,1.066,0.373,0.3582,0.0148,L2
3卖,量比大于2 + 距前高<=10%,768,0.3166,0.2212,1.431,0.444,0.3582,0.0858,L2
3卖,量比大于2 + 距前低<=10%,190,0.0576,0.0663,0.868,0.3263,0.3582,-0.0318,L2
3卖,量比大于2 + 相对强弱>=0,1226,0.428,0.3964,1.08,0.376,0.3582,0.0179,L2
3卖,量比大于2 + 相对强弱>=5,822,0.2823,0.2684,1.052,0.3698,0.3582,0.0117,L2
3卖,量能递增 + 价涨量增,2385,0.7948,0.7922,1.003,0.3589,0.3582,0.0007,L2
3卖,量能递增 + 价涨量缩,1563,0.5246,0.5171,1.015,0.3615,0.3582,0.0033,L2
3卖,量能递增 + MACD_DIF大于0,2214,0.7762,0.714,1.087,0.3776,0.3582,0.0194,L2
3卖,量能递增 + MACD金叉态,2625,0.8747,0.872,1.003,0.3589,0.3582,0.0007,L2
3卖,量能递增 + MACD柱递增,2176,0.7326,0.7187,1.019,0.3626,0.3582,0.0044,L2
3卖,量能递增 + MACD零轴上金叉,193,0.0687,0.0617,1.114,0.3834,0.3582,0.0253,L2
3卖,量能递增 + MACD底背离,64,0.0232,0.0202,1.149,0.3906,0.3582,0.0325,L2
3卖,量能递增 + BOLL收上中轨,2641,0.8793,0.8777,1.002,0.3586,0.3582,0.0004,L2
3卖,量能递增 + BOLL突破上轨,1426,0.5079,0.4554,1.115,0.3836,0.3582,0.0254,L2
3卖,量能递增 + BOLL触下轨反弹,111,0.0344,0.0383,0.896,0.3333,0.3582,-0.0248,L2
3卖,量能递增 + BOLL开口扩张,2477,0.8236,0.8238,1.0,0.3581,0.3582,-0.0001,L2
3卖,量能递增 + KDJ金叉态,2512,0.8357,0.8352,1.001,0.3583,0.3582,0.0001,L2
3卖,量能递增 + KDJ_J超卖,482,0.1588,0.1611,0.985,0.3548,0.3582,-0.0034,L2
3卖,量能递增 + KDJ_D小于30,74,0.0223,0.0259,0.86,0.3243,0.3582,-0.0338,L2
3卖,量能递增 + RSI6大于50,2652,0.8821,0.8819,1.0,0.3582,0.3582,0.0001,L2
3卖,量能递增 + RSI金叉,751,0.2396,0.2554,0.938,0.3435,0.3582,-0.0146,L2
3卖,量能递增 + RSI6超卖,115,0.0316,0.042,0.752,0.2957,0.3582,-0.0625,L2
3卖,量能递增 + RSI底背离,59,0.0232,0.0176,1.318,0.4237,0.3582,0.0656,L2
3卖,量能递增 + 威科夫得分大于4,1761,0.5794,0.5891,0.983,0.3543,0.3582,-0.0038,L2
3卖,量能递增 + 威科夫得分大于7,980,0.3454,0.315,1.096,0.3796,0.3582,0.0214,L2
3卖,量能递增 + 积累阶段,487,0.1272,0.1813,0.701,0.2813,0.3582,-0.0769,L2
3卖,量能递增 + 威科夫B1突破,92,0.0241,0.0342,0.706,0.2826,0.3582,-0.0756,L2
3卖,量能递增 + 黄金柱,251,0.0743,0.0886,0.838,0.3187,0.3582,-0.0394,L2
3卖,量能递增 + 量能金叉,952,0.2823,0.3358,0.841,0.3193,0.3582,-0.0388,L2
3卖,量能递增 + 六脉红灯大于5,2523,0.8412,0.8378,1.004,0.3591,0.3582,0.0009,L2
3卖,量能递增 + 六脉红灯大于6,2401,0.7967,0.7995,0.996,0.3574,0.3582,-0.0008,L2
3卖,量能递增 + 六脉6红首发,2401,0.7967,0.7995,0.996,0.3574,0.3582,-0.0008,L2
3卖,量能递增 + 六脉5红首发,2523,0.8412,0.8378,1.004,0.3591,0.3582,0.0009,L2
3卖,量能递增 + 偏多共振,241,0.0669,0.0876,0.763,0.2988,0.3582,-0.0594,L2
3卖,量能递增 + 多头共振,241,0.0669,0.0876,0.763,0.2988,0.3582,-0.0594,L2
3卖,量能递增 + 火箭信号,312,0.1309,0.0886,1.478,0.4519,0.3582,0.0938,L2
3卖,量能递增 + 纳财,290,0.117,0.085,1.377,0.4345,0.3582,0.0763,L2
3卖,量能递增 + 中枢进机会区,135,0.039,0.0482,0.809,0.3111,0.3582,-0.0471,L2
3卖,量能递增 + 中枢极限底,55,0.0186,0.0181,1.024,0.3636,0.3582,0.0055,L2
3卖,量能递增 + 中枢上穿中轴,652,0.2256,0.2119,1.065,0.3727,0.3582,0.0145,L2
3卖,量能递增 + 中枢底部蓄力,190,0.0474,0.072,0.658,0.2684,0.3582,-0.0897,L2
3卖,量能递增 + 中枢底部回升,244,0.0631,0.0912,0.692,0.2787,0.3582,-0.0795,L2
3卖,量能递增 + 大盘多头,1326,0.4633,0.4285,1.081,0.3763,0.3582,0.0182,L2
3卖,量能递增 + 大盘空头,935,0.2832,0.3264,0.868,0.3262,0.3582,-0.032,L2
3卖,量能递增 + 大盘安全,1916,0.6945,0.6052,1.148,0.3904,0.3582,0.0322,L2
3卖,量能递增 + SID等于1,1326,0.4633,0.4285,1.081,0.3763,0.3582,0.0182,L2
3卖,量能递增 + SID等于2,1438,0.5153,0.4575,1.126,0.386,0.3582,0.0278,L2
3卖,量能递增 + SID小于等于2,2101,0.7474,0.6715,1.113,0.3832,0.3582,0.025,L2
3卖,量能递增 + 大盘5日上涨,2319,0.7948,0.758,1.049,0.3691,0.3582,0.011,L2
3卖,量能递增 + 相对强弱大于0,2569,0.8617,0.8503,1.013,0.3612,0.3582,0.0031,L2
3卖,量能递增 + 相对强弱大于5,1853,0.6518,0.5964,1.093,0.3788,0.3582,0.0207,L2
3卖,量能递增 + 量比>=1.3,1230,0.4104,0.4083,1.005,0.3593,0.3582,0.0012,L2
3卖,量能递增 + 量比>=2,611,0.2098,0.1995,1.052,0.3699,0.3582,0.0117,L2
3卖,量能递增 + 距前高<=10%,1610,0.6435,0.4751,1.354,0.4304,0.3582,0.0723,L2
3卖,量能递增 + 距前低<=10%,435,0.1272,0.1544,0.824,0.3149,0.3582,-0.0432,L2
3卖,量能递增 + 相对强弱>=0,2428,0.8282,0.7959,1.041,0.3674,0.3582,0.0092,L2
3卖,量能递增 + 相对强弱>=5,1526,0.533,0.4933,1.08,0.3761,0.3582,0.018,L2
3卖,价涨量增 + 价涨量缩,1432,0.4828,0.4725,1.022,0.3631,0.3582,0.005,L2
3卖,价涨量增 + MACD_DIF大于0,2114,0.7419,0.6813,1.089,0.378,0.3582,0.0198,L2
3卖,价涨量增 + MACD金叉态,2528,0.844,0.8389,1.006,0.3596,0.3582,0.0014,L2
3卖,价涨量增 + MACD柱递增,2149,0.7205,0.7114,1.013,0.3611,0.3582,0.0029,L2
3卖,价涨量增 + MACD零轴上金叉,201,0.0724,0.0637,1.136,0.3881,0.3582,0.0299,L2
3卖,价涨量增 + MACD底背离,57,0.0214,0.0176,1.212,0.4035,0.3582,0.0453,L2
3卖,价涨量增 + BOLL收上中轨,2554,0.8524,0.8477,1.006,0.3594,0.3582,0.0013,L2
3卖,价涨量增 + BOLL突破上轨,1394,0.5005,0.443,1.13,0.3867,0.3582,0.0285,L2
3卖,价涨量增 + BOLL触下轨反弹,107,0.0334,0.0368,0.909,0.3364,0.3582,-0.0217,L2
3卖,价涨量增 + BOLL开口扩张,2367,0.7883,0.7865,1.002,0.3587,0.3582,0.0005,L2
3卖,价涨量增 + KDJ金叉态,2441,0.8097,0.813,0.996,0.3572,0.3582,-0.0009,L2
3卖,价涨量增 + KDJ_J超卖,463,0.1513,0.1554,0.974,0.3521,0.3582,-0.0061,L2
3卖,价涨量增 + KDJ_D小于30,79,0.0232,0.028,0.83,0.3165,0.3582,-0.0417,L2
3卖,价涨量增 + RSI6大于50,2562,0.8542,0.8508,1.004,0.3591,0.3582,0.0009,L2
3卖,价涨量增 + RSI金叉,775,0.2498,0.2622,0.953,0.3471,0.3582,-0.0111,L2
3卖,价涨量增 + RSI6超卖,113,0.0316,0.0409,0.771,0.3009,0.3582,-0.0573,L2
3卖,价涨量增 + RSI底背离,52,0.0214,0.015,1.421,0.4423,0.3582,0.0841,L2
3卖,价涨量增 + 威科夫得分大于4,1649,0.5487,0.5482,1.001,0.3584,0.3582,0.0002,L2
3卖,价涨量增 + 威科夫得分大于7,878,0.3073,0.2834,1.084,0.377,0.3582,0.0188,L2
3卖,价涨量增 + 积累阶段,498,0.1263,0.1876,0.673,0.2731,0.3582,-0.0851,L2
3卖,价涨量增 + 威科夫B1突破,97,0.026,0.0358,0.727,0.2887,0.3582,-0.0695,L2
3卖,价涨量增 + 黄金柱,281,0.0845,0.0984,0.858,0.3238,0.3582,-0.0343,L2
3卖,价涨量增 + 量能金叉,956,0.286,0.3358,0.852,0.3222,0.3582,-0.036,L2
3卖,价涨量增 + 六脉红灯大于5,2450,0.818,0.813,1.006,0.3596,0.3582,0.0014,L2
3卖,价涨量增 + 六脉红灯大于6,2335,0.7744,0.7777,0.996,0.3572,0.3582,-0.001,L2
3卖,价涨量增 + 六脉6红首发,2335,0.7744,0.7777,0.996,0.3572,0.3582,-0.001,L2
3卖,价涨量增 + 六脉5红首发,2450,0.818,0.813,1.006,0.3596,0.3582,0.0014,L2
3卖,价涨量增 + 偏多共振,218,0.0631,0.0777,0.812,0.3119,0.3582,-0.0462,L2
3卖,价涨量增 + 多头共振,218,0.0631,0.0777,0.812,0.3119,0.3582,-0.0462,L2
3卖,价涨量增 + 火箭信号,308,0.13,0.087,1.493,0.4545,0.3582,0.0964,L2
3卖,价涨量增 + 纳财,310,0.1226,0.0922,1.329,0.4258,0.3582,0.0676,L2
3卖,价涨量增 + 中枢进机会区,137,0.039,0.0492,0.792,0.3066,0.3582,-0.0516,L2
3卖,价涨量增 + 中枢上穿中轴,659,0.2303,0.213,1.081,0.3763,0.3582,0.0182,L2
3卖,价涨量增 + 中枢底部蓄力,203,0.052,0.0762,0.683,0.2759,0.3582,-0.0823,L2
3卖,价涨量增 + 中枢底部回升,261,0.0687,0.0969,0.709,0.2835,0.3582,-0.0746,L2
3卖,价涨量增 + 大盘多头,1271,0.4318,0.4176,1.034,0.3659,0.3582,0.0077,L2
3卖,价涨量增 + 大盘空头,901,0.2767,0.3124,0.886,0.3307,0.3582,-0.0274,L2
3卖,价涨量增 + 大盘安全,1854,0.6695,0.587,1.14,0.3889,0.3582,0.0307,L2
3卖,价涨量增 + SID等于1,1271,0.4318,0.4176,1.034,0.3659,0.3582,0.0077,L2
3卖,价涨量增 + SID等于2,1405,0.5042,0.4466,1.129,0.3865,0.3582,0.0283,L2
3卖,价涨量增 + SID小于等于2,2036,0.7242,0.6508,1.113,0.3831,0.3582,0.0249,L2
3卖,价涨量增 + 大盘5日上涨,2257,0.7688,0.7404,1.038,0.3669,0.3582,0.0087,L2
3卖,价涨量增 + 相对强弱大于0,2486,0.8347,0.8223,1.015,0.3616,0.3582,0.0035,L2
3卖,价涨量增 + 相对强弱大于5,1749,0.6175,0.5617,1.099,0.3802,0.3582,0.0221,L2
3卖,价涨量增 + 量比>=1.3,1266,0.4253,0.4187,1.016,0.3618,0.3582,0.0036,L2
3卖,价涨量增 + 量比>=2,607,0.2117,0.1964,1.078,0.3756,0.3582,0.0175,L2
3卖,价涨量增 + 距前高<=10%,1529,0.6156,0.4487,1.372,0.4336,0.3582,0.0755,L2
3卖,价涨量增 + 距前低<=10%,418,0.1226,0.1482,0.827,0.3158,0.3582,-0.0424,L2
3卖,价涨量增 + 相对强弱>=0,2348,0.7994,0.7705,1.038,0.3667,0.3582,0.0085,L2
3卖,价涨量增 + 相对强弱>=5,1442,0.506,0.4648,1.089,0.3779,0.3582,0.0198,L2
3卖,价涨量缩 + MACD_DIF大于0,1528,0.5348,0.4933,1.084,0.377,0.3582,0.0188,L2
3卖,价涨量缩 + MACD金叉态,1804,0.6082,0.5953,1.022,0.3631,0.3582,0.0049,L2
3卖,价涨量缩 + MACD柱递增,1375,0.468,0.4513,1.037,0.3665,0.3582,0.0084,L2
3卖,价涨量缩 + MACD零轴上金叉,108,0.0344,0.0368,0.934,0.3426,0.3582,-0.0156,L2
3卖,价涨量缩 + BOLL收上中轨,1815,0.61,0.6,1.017,0.362,0.3582,0.0038,L2
3卖,价涨量缩 + BOLL突破上轨,778,0.2786,0.2477,1.125,0.3856,0.3582,0.0274,L2
3卖,价涨量缩 + BOLL触下轨反弹,72,0.0223,0.0249,0.896,0.3333,0.3582,-0.0248,L2
3卖,价涨量缩 + BOLL开口扩张,1623,0.5432,0.5378,1.01,0.3604,0.3582,0.0023,L2
3卖,价涨量缩 + KDJ金叉态,1708,0.5729,0.5653,1.013,0.3612,0.3582,0.0031,L2
3卖,价涨量缩 + KDJ_J超卖,291,0.0947,0.0979,0.967,0.3505,0.3582,-0.0076,L2
3卖,价涨量缩 + RSI6大于50,1828,0.6147,0.6041,1.017,0.3621,0.3582,0.004,L2
3卖,价涨量缩 + RSI金叉,544,0.1727,0.1855,0.931,0.3419,0.3582,-0.0163,L2
3卖,价涨量缩 + RSI6超卖,57,0.0167,0.0202,0.827,0.3158,0.3582,-0.0424,L2
3卖,价涨量缩 + 威科夫得分大于4,1163,0.3937,0.3829,1.028,0.3646,0.3582,0.0064,L2
3卖,价涨量缩 + 威科夫得分大于7,603,0.2219,0.1886,1.177,0.3964,0.3582,0.0382,L2
3卖,价涨量缩 + 积累阶段,352,0.0864,0.1342,0.643,0.2642,0.3582,-0.094,L2
3卖,价涨量缩 + 黄金柱,157,0.0464,0.0554,0.837,0.3185,0.3582,-0.0397,L2
3卖,价涨量缩 + 量能金叉,528,0.1513,0.1891,0.8,0.3087,0.3582,-0.0495,L2
3卖,价涨量缩 + 六脉红灯大于5,1704,0.5729,0.5632,1.017,0.3621,0.3582,0.0039,L2
3卖,价涨量缩 + 六脉红灯大于6,1605,0.532,0.5347,0.995,0.357,0.3582,-0.0012,L2
3卖,价涨量缩 + 六脉6红首发,1605,0.532,0.5347,0.995,0.357,0.3582,-0.0012,L2
3卖,价涨量缩 + 六脉5红首发,1704,0.5729,0.5632,1.017,0.3621,0.3582,0.0039,L2
3卖,价涨量缩 + 偏多共振,170,0.0483,0.0611,0.79,0.3059,0.3582,-0.0523,L2
3卖,价涨量缩 + 多头共振,170,0.0483,0.0611,0.79,0.3059,0.3582,-0.0523,L2
3卖,价涨量缩 + 火箭信号,138,0.0539,0.0415,1.299,0.4203,0.3582,0.0621,L2
3卖,价涨量缩 + 纳财,132,0.0594,0.0352,1.687,0.4848,0.3582,0.1267,L2
3卖,价涨量缩 + 中枢进机会区,77,0.0223,0.0275,0.811,0.3117,0.3582,-0.0465,L2
3卖,价涨量缩 + 中枢上穿中轴,364,0.1244,0.1192,1.044,0.3681,0.3582,0.01,L2
3卖,价涨量缩 + 中枢底部蓄力,115,0.0279,0.044,0.632,0.2609,0.3582,-0.0973,L2
3卖,价涨量缩 + 中枢底部回升,152,0.0381,0.0575,0.662,0.2697,0.3582,-0.0884,L2
3卖,价涨量缩 + 大盘多头,951,0.3296,0.3088,1.067,0.3733,0.3582,0.0151,L2
3卖,价涨量缩 + 大盘空头,583,0.1681,0.2083,0.807,0.3105,0.3582,-0.0477,L2
3卖,价涨量缩 + 大盘安全,1361,0.506,0.4228,1.197,0.4004,0.3582,0.0423,L2
3卖,价涨量缩 + SID等于1,951,0.3296,0.3088,1.067,0.3733,0.3582,0.0151,L2
3卖,价涨量缩 + SID等于2,972,0.3603,0.3026,1.191,0.3992,0.3582,0.041,L2
3卖,价涨量缩 + SID小于等于2,1479,0.5422,0.4637,1.169,0.3949,0.3582,0.0367,L2
3卖,价涨量缩 + 大盘5日上涨,1627,0.5682,0.5259,1.081,0.3762,0.3582,0.018,L2
3卖,价涨量缩 + 相对强弱大于0,1772,0.598,0.5845,1.023,0.3634,0.3582,0.0053,L2
3卖,价涨量缩 + 相对强弱大于5,1193,0.428,0.3793,1.129,0.3864,0.3582,0.0283,L2
3卖,价涨量缩 + 量比>=1.3,669,0.2238,0.2218,1.009,0.3602,0.3582,0.0021,L2
3卖,价涨量缩 + 量比>=2,315,0.1096,0.1021,1.073,0.3746,0.3582,0.0164,L2
3卖,价涨量缩 + 距前高<=10%,1095,0.4513,0.3155,1.43,0.4438,0.3582,0.0857,L2
3卖,价涨量缩 + 距前低<=10%,307,0.0947,0.1062,0.892,0.3322,0.3582,-0.0259,L2
3卖,价涨量缩 + 相对强弱>=0,1657,0.5608,0.5456,1.028,0.3645,0.3582,0.0063,L2
3卖,价涨量缩 + 相对强弱>=5,944,0.3296,0.3052,1.08,0.3761,0.3582,0.0179,L2
3卖,MACD_DIF大于0 + MACD金叉态,2452,0.8533,0.7943,1.074,0.3748,0.3582,0.0166,L2
3卖,MACD_DIF大于0 + MACD柱递增,1915,0.6834,0.6109,1.119,0.3843,0.3582,0.0262,L2
3卖,MACD_DIF大于0 + MACD零轴上金叉,212,0.0761,0.0674,1.13,0.3868,0.3582,0.0286,L2
3卖,MACD_DIF大于0 + BOLL收上中轨,2488,0.8626,0.8078,1.068,0.3734,0.3582,0.0152,L2
3卖,MACD_DIF大于0 + BOLL突破上轨,1332,0.4828,0.4207,1.148,0.3904,0.3582,0.0322,L2
3卖,MACD_DIF大于0 + BOLL触下轨反弹,68,0.0232,0.0223,1.042,0.3676,0.3582,0.0095,L2
3卖,MACD_DIF大于0 + BOLL开口扩张,2286,0.8041,0.7358,1.093,0.3788,0.3582,0.0207,L2
3卖,MACD_DIF大于0 + KDJ金叉态,2331,0.805,0.7585,1.061,0.3719,0.3582,0.0138,L2
3卖,MACD_DIF大于0 + KDJ_J超卖,452,0.1588,0.1456,1.091,0.3783,0.3582,0.0202,L2
3卖,MACD_DIF大于0 + RSI6大于50,2491,0.8644,0.8083,1.069,0.3737,0.3582,0.0156,L2
3卖,MACD_DIF大于0 + RSI金叉,714,0.2442,0.2337,1.045,0.3683,0.3582,0.0102,L2
3卖,MACD_DIF大于0 + RSI6超卖,94,0.0279,0.0332,0.84,0.3191,0.3582,-0.039,L2
3卖,MACD_DIF大于0 + 威科夫得分大于4,1721,0.5831,0.5663,1.03,0.3649,0.3582,0.0067,L2
3卖,MACD_DIF大于0 + 威科夫得分大于7,954,0.3398,0.3047,1.115,0.3836,0.3582,0.0255,L2
3卖,MACD_DIF大于0 + 积累阶段,300,0.0808,0.1104,0.732,0.29,0.3582,-0.0682,L2
3卖,MACD_DIF大于0 + 威科夫B1突破,80,0.0223,0.029,0.768,0.3,0.3582,-0.0582,L2
3卖,MACD_DIF大于0 + 黄金柱,195,0.0622,0.0663,0.938,0.3436,0.3582,-0.0146,L2
3卖,MACD_DIF大于0 + 量能金叉,804,0.2516,0.2762,0.911,0.3371,0.3582,-0.0211,L2
3卖,MACD_DIF大于0 + 六脉红灯大于5,2333,0.8097,0.757,1.07,0.3738,0.3582,0.0156,L2
3卖,MACD_DIF大于0 + 六脉红灯大于6,2203,0.7549,0.7202,1.048,0.369,0.3582,0.0109,L2
3卖,MACD_DIF大于0 + 六脉6红首发,2203,0.7549,0.7202,1.048,0.369,0.3582,0.0109,L2
3卖,MACD_DIF大于0 + 六脉5红首发,2333,0.8097,0.757,1.07,0.3738,0.3582,0.0156,L2
3卖,MACD_DIF大于0 + 偏多共振,262,0.0743,0.0943,0.788,0.3053,0.3582,-0.0528,L2
3卖,MACD_DIF大于0 + 多头共振,262,0.0743,0.0943,0.788,0.3053,0.3582,-0.0528,L2
3卖,MACD_DIF大于0 + 火箭信号,278,0.1216,0.0762,1.597,0.4712,0.3582,0.1131,L2
3卖,MACD_DIF大于0 + 纳财,277,0.1161,0.0788,1.474,0.4513,0.3582,0.0931,L2
3卖,MACD_DIF大于0 + 中枢进机会区,60,0.0195,0.0202,0.965,0.35,0.3582,-0.0082,L2
3卖,MACD_DIF大于0 + 中枢上穿中轴,438,0.1671,0.1337,1.25,0.411,0.3582,0.0528,L2
3卖,MACD_DIF大于0 + 中枢底部回升,64,0.0204,0.0218,0.939,0.3438,0.3582,-0.0144,L2
3卖,MACD_DIF大于0 + 大盘多头,1414,0.4745,0.4679,1.014,0.3614,0.3582,0.0032,L2
3卖,MACD_DIF大于0 + 大盘空头,705,0.2498,0.2259,1.106,0.3816,0.3582,0.0234,L2
3卖,MACD_DIF大于0 + 大盘安全,1928,0.6955,0.6109,1.138,0.3885,0.3582,0.0303,L2
3卖,MACD_DIF大于0 + SID等于1,1414,0.4745,0.4679,1.014,0.3614,0.3582,0.0032,L2
3卖,MACD_DIF大于0 + SID等于2,1385,0.5042,0.4363,1.156,0.3921,0.3582,0.0339,L2
3卖,MACD_DIF大于0 + SID小于等于2,2095,0.7428,0.671,1.107,0.3819,0.3582,0.0237,L2
3卖,MACD_DIF大于0 + 大盘5日上涨,2202,0.7827,0.7041,1.112,0.3828,0.3582,0.0247,L2
3卖,MACD_DIF大于0 + 相对强弱大于0,2425,0.8459,0.7845,1.078,0.3757,0.3582,0.0175,L2
3卖,MACD_DIF大于0 + 相对强弱大于5,1756,0.6527,0.5456,1.196,0.4003,0.3582,0.0422,L2
3卖,MACD_DIF大于0 + 量比>=1.3,1051,0.3816,0.3316,1.151,0.3911,0.3582,0.0329,L2
3卖,MACD_DIF大于0 + 量比>=2,498,0.1838,0.1554,1.183,0.3976,0.3582,0.0394,L2
3卖,MACD_DIF大于0 + 距前高<=10%,1721,0.6843,0.5098,1.342,0.4282,0.3582,0.0701,L2
3卖,MACD_DIF大于0 + 距前低<=10%,244,0.0826,0.0803,1.029,0.3648,0.3582,0.0066,L2
3卖,MACD_DIF大于0 + 相对强弱>=0,2308,0.818,0.7394,1.106,0.3817,0.3582,0.0236,L2
3卖,MACD_DIF大于0 + 相对强弱>=5,1472,0.5376,0.4627,1.162,0.3933,0.3582,0.0352,L2
3卖,MACD金叉态 + MACD柱递增,2346,0.7994,0.7694,1.039,0.367,0.3582,0.0088,L2
3卖,MACD金叉态 + MACD零轴上金叉,212,0.0761,0.0674,1.13,0.3868,0.3582,0.0286,L2
3卖,MACD金叉态 + MACD底背离,60,0.0232,0.0181,1.28,0.4167,0.3582,0.0585,L2
3卖,MACD金叉态 + BOLL收上中轨,2946,0.9814,0.9788,1.003,0.3588,0.3582,0.0006,L2
3卖,MACD金叉态 + BOLL突破上轨,1456,0.5209,0.4637,1.123,0.3853,0.3582,0.0271,L2
3卖,MACD金叉态 + BOLL触下轨反弹,107,0.0334,0.0368,0.909,0.3364,0.3582,-0.0217,L2
3卖,MACD金叉态 + BOLL开口扩张,2682,0.8969,0.8891,1.009,0.3602,0.3582,0.002,L2
3卖,MACD金叉态 + KDJ金叉态,2792,0.9304,0.9275,1.003,0.3589,0.3582,0.0007,L2
3卖,MACD金叉态 + KDJ_J超卖,533,0.1736,0.1793,0.969,0.3508,0.3582,-0.0073,L2
3卖,MACD金叉态 + KDJ_D小于30,72,0.0204,0.0259,0.788,0.3056,0.3582,-0.0526,L2
3卖,MACD金叉态 + RSI6大于50,2955,0.9842,0.9819,1.002,0.3587,0.3582,0.0005,L2
3卖,MACD金叉态 + RSI金叉,846,0.273,0.286,0.954,0.3475,0.3582,-0.0106,L2
3卖,MACD金叉态 + RSI6超卖,116,0.0325,0.042,0.774,0.3017,0.3582,-0.0564,L2
3卖,MACD金叉态 + RSI底背离,54,0.0223,0.0155,1.434,0.4444,0.3582,0.0863,L2
3卖,MACD金叉态 + 威科夫得分大于4,1873,0.6212,0.6238,0.996,0.3572,0.3582,-0.001,L2
3卖,MACD金叉态 + 威科夫得分大于7,992,0.3482,0.3197,1.089,0.378,0.3582,0.0199,L2
3卖,MACD金叉态 + 积累阶段,583,0.1504,0.2181,0.69,0.2779,0.3582,-0.0803,L2
3卖,MACD金叉态 + 威科夫B1突破,97,0.026,0.0358,0.727,0.2887,0.3582,-0.0695,L2
3卖,MACD金叉态 + 黄金柱,272,0.0808,0.0959,0.843,0.3199,0.3582,-0.0383,L2
3卖,MACD金叉态 + 量能金叉,985,0.2962,0.3451,0.858,0.3239,0.3582,-0.0343,L2
3卖,MACD金叉态 + 六脉红灯大于5,2804,0.9369,0.9301,1.007,0.3598,0.3582,0.0017,L2
3卖,MACD金叉态 + 六脉红灯大于6,2655,0.8765,0.8865,0.989,0.3556,0.3582,-0.0026,L2
3卖,MACD金叉态 + 六脉6红首发,2655,0.8765,0.8865,0.989,0.3556,0.3582,-0.0026,L2
3卖,MACD金叉态 + 六脉5红首发,2804,0.9369,0.9301,1.007,0.3598,0.3582,0.0017,L2
3卖,MACD金叉态 + 偏多共振,253,0.0715,0.0912,0.784,0.3043,0.3582,-0.0538,L2
3卖,MACD金叉态 + 多头共振,253,0.0715,0.0912,0.784,0.3043,0.3582,-0.0538,L2
3卖,MACD金叉态 + 火箭信号,311,0.1309,0.0881,1.486,0.4534,0.3582,0.0952,L2
3卖,MACD金叉态 + 纳财,318,0.1263,0.0943,1.339,0.4277,0.3582,0.0695,L2
3卖,MACD金叉态 + 中枢进机会区,146,0.0427,0.0518,0.824,0.3151,0.3582,-0.0431,L2
3卖,MACD金叉态 + 中枢极限底,51,0.0186,0.0161,1.156,0.3922,0.3582,0.034,L2
3卖,MACD金叉态 + 中枢上穿中轴,680,0.2368,0.2202,1.075,0.375,0.3582,0.0168,L2
3卖,MACD金叉态 + 中枢底部蓄力,210,0.0557,0.0777,0.717,0.2857,0.3582,-0.0724,L2
3卖,MACD金叉态 + 中枢底部回升,270,0.0724,0.0995,0.728,0.2889,0.3582,-0.0693,L2
3卖,MACD金叉态 + 大盘多头,1494,0.5097,0.4896,1.041,0.3675,0.3582,0.0093,L2
3卖,MACD金叉态 + 大盘空头,1017,0.3129,0.3523,0.888,0.3314,0.3582,-0.0268,L2
3卖,MACD金叉态 + 大盘安全,2171,0.7837,0.6876,1.14,0.3888,0.3582,0.0306,L2
3卖,MACD金叉态 + SID等于1,1494,0.5097,0.4896,1.041,0.3675,0.3582,0.0093,L2
3卖,MACD金叉态 + SID等于2,1615,0.5794,0.5135,1.128,0.3864,0.3582,0.0282,L2
3卖,MACD金叉态 + SID小于等于2,2370,0.8449,0.7565,1.117,0.384,0.3582,0.0258,L2
3卖,MACD金叉态 + 大盘5日上涨,2613,0.8932,0.8554,1.044,0.3682,0.3582,0.01,L2
3卖,MACD金叉态 + 相对强弱大于0,2877,0.9638,0.9528,1.011,0.3608,0.3582,0.0026,L2
3卖,MACD金叉态 + 相对强弱大于5,2013,0.7094,0.6472,1.096,0.3795,0.3582,0.0214,L2
3卖,MACD金叉态 + 量比>=1.3,1282,0.4327,0.4228,1.023,0.3635,0.3582,0.0053,L2
3卖,MACD金叉态 + 量比>=2,605,0.2108,0.1959,1.076,0.3752,0.3582,0.017,L2
3卖,MACD金叉态 + 距前高<=10%,1756,0.7019,0.5181,1.355,0.4305,0.3582,0.0724,L2
3卖,MACD金叉态 + 距前低<=10%,487,0.1476,0.1699,0.869,0.3265,0.3582,-0.0317,L2
3卖,MACD金叉态 + 相对强弱>=0,2711,0.9192,0.8917,1.031,0.3652,0.3582,0.007,L2
3卖,MACD金叉态 + 相对强弱>=5,1640,0.571,0.5311,1.075,0.375,0.3582,0.0168,L2
3卖,MACD柱递增 + MACD零轴上金叉,205,0.0734,0.0653,1.124,0.3854,0.3582,0.0272,L2
3卖,MACD柱递增 + MACD底背离,55,0.0204,0.0171,1.195,0.4,0.3582,0.0418,L2
3卖,MACD柱递增 + BOLL收上中轨,2358,0.7976,0.7767,1.027,0.3643,0.3582,0.0061,L2
3卖,MACD柱递增 + BOLL突破上轨,1355,0.4875,0.4301,1.134,0.3875,0.3582,0.0293,L2
3卖,MACD柱递增 + BOLL触下轨反弹,94,0.0306,0.0316,0.969,0.3511,0.3582,-0.0071,L2
3卖,MACD柱递增 + BOLL开口扩张,2216,0.7465,0.7316,1.02,0.3628,0.3582,0.0047,L2
3卖,MACD柱递增 + KDJ金叉态,2335,0.7874,0.7705,1.022,0.3632,0.3582,0.005,L2
3卖,MACD柱递增 + KDJ_J超卖,318,0.1068,0.1052,1.015,0.3616,0.3582,0.0035,L2
3卖,MACD柱递增 + KDJ_D小于30,78,0.0223,0.028,0.796,0.3077,0.3582,-0.0505,L2
3卖,MACD柱递增 + RSI6大于50,2369,0.8013,0.7803,1.027,0.3643,0.3582,0.0061,L2
3卖,MACD柱递增 + RSI金叉,655,0.2117,0.2212,0.957,0.3481,0.3582,-0.0101,L2
3卖,MACD柱递增 + RSI6超卖,93,0.0241,0.0347,0.695,0.2796,0.3582,-0.0786,L2
3卖,MACD柱递增 + 威科夫得分大于4,1485,0.4903,0.4959,0.989,0.3556,0.3582,-0.0026,L2
3卖,MACD柱递增 + 威科夫得分大于7,821,0.2878,0.2648,1.087,0.3776,0.3582,0.0194,L2
3卖,MACD柱递增 + 积累阶段,453,0.1263,0.1642,0.769,0.3002,0.3582,-0.0579,L2
3卖,MACD柱递增 + 威科夫B1突破,88,0.0241,0.0321,0.751,0.2955,0.3582,-0.0627,L2
3卖,MACD柱递增 + 黄金柱,235,0.0678,0.0839,0.808,0.3106,0.3582,-0.0475,L2
3卖,MACD柱递增 + 量能金叉,854,0.2628,0.2959,0.888,0.3314,0.3582,-0.0268,L2
3卖,MACD柱递增 + 六脉红灯大于5,2347,0.7939,0.7731,1.027,0.3643,0.3582,0.0061,L2
3卖,MACD柱递增 + 六脉红灯大于6,2286,0.7697,0.7549,1.02,0.3626,0.3582,0.0045,L2
3卖,MACD柱递增 + 六脉6红首发,2286,0.7697,0.7549,1.02,0.3626,0.3582,0.0045,L2
3卖,MACD柱递增 + 六脉5红首发,2347,0.7939,0.7731,1.027,0.3643,0.3582,0.0061,L2
3卖,MACD柱递增 + 偏多共振,204,0.0585,0.0731,0.801,0.3088,0.3582,-0.0493,L2
3卖,MACD柱递增 + 多头共振,204,0.0585,0.0731,0.801,0.3088,0.3582,-0.0493,L2
3卖,MACD柱递增 + 火箭信号,292,0.1244,0.0819,1.52,0.4589,0.3582,0.1007,L2
3卖,MACD柱递增 + 纳财,259,0.1123,0.0715,1.571,0.4672,0.3582,0.109,L2
3卖,MACD柱递增 + 中枢进机会区,127,0.0371,0.0451,0.824,0.315,0.3582,-0.0432,L2
3卖,MACD柱递增 + 中枢上穿中轴,622,0.2182,0.2005,1.088,0.3778,0.3582,0.0196,L2
3卖,MACD柱递增 + 中枢底部蓄力,213,0.0539,0.0803,0.671,0.2723,0.3582,-0.0859,L2
3卖,MACD柱递增 + 中枢底部回升,272,0.0696,0.1021,0.682,0.2757,0.3582,-0.0824,L2
3卖,MACD柱递增 + 大盘多头,1196,0.4225,0.3839,1.1,0.3804,0.3582,0.0223,L2
3卖,MACD柱递增 + 大盘空头,854,0.2628,0.2959,0.888,0.3314,0.3582,-0.0268,L2
3卖,MACD柱递增 + 大盘安全,1734,0.6397,0.5415,1.182,0.3973,0.3582,0.0392,L2
3卖,MACD柱递增 + SID等于1,1196,0.4225,0.3839,1.1,0.3804,0.3582,0.0223,L2
3卖,MACD柱递增 + SID等于2,1276,0.4717,0.3979,1.185,0.3981,0.3582,0.04,L2
3卖,MACD柱递增 + SID小于等于2,1891,0.6899,0.5948,1.16,0.3929,0.3582,0.0347,L2
3卖,MACD柱递增 + 大盘5日上涨,2120,0.7326,0.6896,1.062,0.3722,0.3582,0.014,L2
3卖,MACD柱递增 + 相对强弱大于0,2292,0.7809,0.7518,1.039,0.3669,0.3582,0.0088,L2
3卖,MACD柱递增 + 相对强弱大于5,1634,0.5924,0.5161,1.148,0.3905,0.3582,0.0323,L2
3卖,MACD柱递增 + 量比>=1.3,1116,0.39,0.3606,1.081,0.3763,0.3582,0.0182,L2
3卖,MACD柱递增 + 量比>=2,546,0.1941,0.1746,1.111,0.3828,0.3582,0.0246,L2
3卖,MACD柱递增 + 距前高<=10%,1420,0.5747,0.415,1.385,0.4359,0.3582,0.0778,L2
3卖,MACD柱递增 + 距前低<=10%,411,0.1281,0.1415,0.906,0.3358,0.3582,-0.0224,L2
3卖,MACD柱递增 + 相对强弱>=0,2171,0.7484,0.7073,1.058,0.3713,0.3582,0.0131,L2
3卖,MACD柱递增 + 相对强弱>=5,1347,0.4865,0.4264,1.141,0.389,0.3582,0.0308,L2
3卖,MACD零轴上金叉 + BOLL收上中轨,212,0.0761,0.0674,1.13,0.3868,0.3582,0.0286,L2
3卖,MACD零轴上金叉 + BOLL突破上轨,115,0.0464,0.0337,1.378,0.4348,0.3582,0.0766,L2
3卖,MACD零轴上金叉 + BOLL开口扩张,199,0.0696,0.0642,1.084,0.3769,0.3582,0.0187,L2
3卖,MACD零轴上金叉 + KDJ金叉态,210,0.0761,0.0663,1.148,0.3905,0.3582,0.0323,L2
3卖,MACD零轴上金叉 + RSI6大于50,212,0.0761,0.0674,1.13,0.3868,0.3582,0.0286,L2
3卖,MACD零轴上金叉 + RSI金叉,123,0.0501,0.0358,1.402,0.439,0.3582,0.0809,L2
3卖,MACD零轴上金叉 + 威科夫得分大于4,188,0.0669,0.0601,1.112,0.383,0.3582,0.0248,L2
3卖,MACD零轴上金叉 + 威科夫得分大于7,132,0.0464,0.0425,1.093,0.3788,0.3582,0.0206,L2
3卖,MACD零轴上金叉 + 量能金叉,95,0.0344,0.0301,1.143,0.3895,0.3582,0.0313,L2
3卖,MACD零轴上金叉 + 六脉红灯大于5,210,0.0761,0.0663,1.148,0.3905,0.3582,0.0323,L2
3卖,MACD零轴上金叉 + 六脉红灯大于6,202,0.0734,0.0637,1.151,0.3911,0.3582,0.0329,L2
3卖,MACD零轴上金叉 + 六脉6红首发,202,0.0734,0.0637,1.151,0.3911,0.3582,0.0329,L2
3卖,MACD零轴上金叉 + 六脉5红首发,210,0.0761,0.0663,1.148,0.3905,0.3582,0.0323,L2
3卖,MACD零轴上金叉 + 偏多共振,57,0.013,0.0223,0.583,0.2456,0.3582,-0.1126,L2
3卖,MACD零轴上金叉 + 多头共振,57,0.013,0.0223,0.583,0.2456,0.3582,-0.1126,L2
3卖,MACD零轴上金叉 + 中枢上穿中轴,52,0.0223,0.0145,1.536,0.4615,0.3582,0.1034,L2
3卖,MACD零轴上金叉 + 大盘多头,129,0.039,0.0451,0.865,0.3256,0.3582,-0.0326,L2
3卖,MACD零轴上金叉 + 大盘空头,56,0.0279,0.0135,2.068,0.5357,0.3582,0.1776,L2
3卖,MACD零轴上金叉 + 大盘安全,153,0.0492,0.0518,0.95,0.3464,0.3582,-0.0118,L2
3卖,MACD零轴上金叉 + SID等于1,129,0.039,0.0451,0.865,0.3256,0.3582,-0.0326,L2
3卖,MACD零轴上金叉 + SID等于2,116,0.0381,0.0389,0.98,0.3534,0.3582,-0.0047,L2
3卖,MACD零轴上金叉 + SID小于等于2,177,0.0548,0.0611,0.896,0.3333,0.3582,-0.0248,L2
3卖,MACD零轴上金叉 + 大盘5日上涨,170,0.0585,0.0554,1.055,0.3706,0.3582,0.0124,L2
3卖,MACD零轴上金叉 + 相对强弱大于0,203,0.0734,0.0642,1.142,0.3892,0.3582,0.031,L2
3卖,MACD零轴上金叉 + 相对强弱大于5,110,0.0455,0.0316,1.439,0.4455,0.3582,0.0873,L2
3卖,MACD零轴上金叉 + 量比>=1.3,119,0.0474,0.0352,1.344,0.4286,0.3582,0.0704,L2
3卖,MACD零轴上金叉 + 量比>=2,52,0.0214,0.015,1.421,0.4423,0.3582,0.0841,L2
3卖,MACD零轴上金叉 + 距前高<=10%,180,0.0669,0.056,1.195,0.4,0.3582,0.0418,L2
3卖,MACD零轴上金叉 + 相对强弱>=0,187,0.0687,0.0585,1.174,0.3957,0.3582,0.0376,L2
3卖,MACD零轴上金叉 + 相对强弱>=5,84,0.0325,0.0254,1.28,0.4167,0.3582,0.0585,L2
3卖,MACD底背离 + BOLL收上中轨,58,0.0214,0.0181,1.178,0.3966,0.3582,0.0384,L2
3卖,MACD底背离 + BOLL开口扩张,62,0.0214,0.0202,1.057,0.371,0.3582,0.0128,L2
3卖,MACD底背离 + KDJ金叉态,63,0.0232,0.0197,1.179,0.3968,0.3582,0.0387,L2
3卖,MACD底背离 + KDJ_J超卖,51,0.0167,0.0171,0.977,0.3529,0.3582,-0.0052,L2
3卖,MACD底背离 + RSI6大于50,62,0.0223,0.0197,1.132,0.3871,0.3582,0.0289,L2
3卖,MACD底背离 + 六脉红灯大于5,63,0.0232,0.0197,1.179,0.3968,0.3582,0.0387,L2
3卖,MACD底背离 + 六脉红灯大于6,59,0.0214,0.0187,1.145,0.3898,0.3582,0.0317,L2
3卖,MACD底背离 + 六脉6红首发,59,0.0214,0.0187,1.145,0.3898,0.3582,0.0317,L2
3卖,MACD底背离 + 六脉5红首发,63,0.0232,0.0197,1.179,0.3968,0.3582,0.0387,L2
3卖,MACD底背离 + 相对强弱大于0,57,0.0223,0.0171,1.303,0.4211,0.3582,0.0629,L2
3卖,MACD底背离 + 相对强弱>=0,51,0.0195,0.0155,1.254,0.4118,0.3582,0.0536,L2
3卖,BOLL收上中轨 + BOLL突破上轨,1460,0.5209,0.4658,1.118,0.3842,0.3582,0.0261,L2
3卖,BOLL收上中轨 + BOLL触下轨反弹,111,0.0334,0.0389,0.86,0.3243,0.3582,-0.0338,L2
3卖,BOLL收上中轨 + BOLL开口扩张,2697,0.8997,0.8953,1.005,0.3593,0.3582,0.0011,L2
3卖,BOLL收上中轨 + KDJ金叉态,2810,0.9304,0.9368,0.993,0.3566,0.3582,-0.0016,L2
3卖,BOLL收上中轨 + KDJ_J超卖,546,0.1773,0.1839,0.964,0.3498,0.3582,-0.0083,L2
3卖,BOLL收上中轨 + KDJ_D小于30,76,0.0232,0.0264,0.878,0.3289,0.3582,-0.0292,L2
3卖,BOLL收上中轨 + RSI6大于50,2985,0.9916,0.9933,0.998,0.3578,0.3582,-0.0004,L2
3卖,BOLL收上中轨 + RSI金叉,871,0.2786,0.2959,0.942,0.3444,0.3582,-0.0137,L2
3卖,BOLL收上中轨 + RSI6超卖,116,0.0325,0.042,0.774,0.3017,0.3582,-0.0564,L2
3卖,BOLL收上中轨 + RSI底背离,51,0.0204,0.015,1.359,0.4314,0.3582,0.0732,L2
3卖,BOLL收上中轨 + 威科夫得分大于4,1894,0.6267,0.6316,0.992,0.3564,0.3582,-0.0018,L2
3卖,BOLL收上中轨 + 威科夫得分大于7,1002,0.35,0.3238,1.081,0.3762,0.3582,0.0181,L2
3卖,BOLL收上中轨 + 积累阶段,582,0.1495,0.2181,0.685,0.2766,0.3582,-0.0815,L2
3卖,BOLL收上中轨 + 威科夫B1突破,97,0.026,0.0358,0.727,0.2887,0.3582,-0.0695,L2
3卖,BOLL收上中轨 + 黄金柱,280,0.0826,0.099,0.835,0.3179,0.3582,-0.0403,L2
3卖,BOLL收上中轨 + 量能金叉,998,0.2999,0.3497,0.858,0.3236,0.3582,-0.0345,L2
3卖,BOLL收上中轨 + 六脉红灯大于5,2821,0.9369,0.9389,0.998,0.3577,0.3582,-0.0005,L2
3卖,BOLL收上中轨 + 六脉红灯大于6,2670,0.8793,0.8927,0.985,0.3547,0.3582,-0.0035,L2
3卖,BOLL收上中轨 + 六脉6红首发,2670,0.8793,0.8927,0.985,0.3547,0.3582,-0.0035,L2
3卖,BOLL收上中轨 + 六脉5红首发,2821,0.9369,0.9389,0.998,0.3577,0.3582,-0.0005,L2
3卖,BOLL收上中轨 + 偏多共振,265,0.0752,0.0953,0.789,0.3057,0.3582,-0.0525,L2
3卖,BOLL收上中轨 + 多头共振,265,0.0752,0.0953,0.789,0.3057,0.3582,-0.0525,L2
3卖,BOLL收上中轨 + 火箭信号,312,0.1309,0.0886,1.478,0.4519,0.3582,0.0938,L2
3卖,BOLL收上中轨 + 纳财,321,0.1272,0.0953,1.334,0.4268,0.3582,0.0686,L2
3卖,BOLL收上中轨 + 中枢进机会区,145,0.0399,0.0528,0.755,0.2966,0.3582,-0.0616,L2
3卖,BOLL收上中轨 + 中枢极限底,51,0.0167,0.0171,0.977,0.3529,0.3582,-0.0052,L2
3卖,BOLL收上中轨 + 中枢上穿中轴,688,0.2396,0.2228,1.075,0.375,0.3582,0.0168,L2
3卖,BOLL收上中轨 + 中枢底部蓄力,206,0.052,0.0777,0.669,0.2718,0.3582,-0.0863,L2
3卖,BOLL收上中轨 + 中枢底部回升,266,0.0687,0.0995,0.691,0.2782,0.3582,-0.08,L2
3卖,BOLL收上中轨 + 大盘多头,1511,0.5135,0.4964,1.034,0.366,0.3582,0.0078,L2
3卖,BOLL收上中轨 + 大盘空头,1019,0.312,0.3539,0.882,0.3297,0.3582,-0.0284,L2
3卖,BOLL收上中轨 + 大盘安全,2190,0.7855,0.6964,1.128,0.3863,0.3582,0.0281,L2
3卖,BOLL收上中轨 + SID等于1,1511,0.5135,0.4964,1.034,0.366,0.3582,0.0078,L2
3卖,BOLL收上中轨 + SID等于2,1633,0.5831,0.5207,1.12,0.3846,0.3582,0.0264,L2
3卖,BOLL收上中轨 + SID小于等于2,2394,0.8477,0.7674,1.105,0.3814,0.3582,0.0232,L2
3卖,BOLL收上中轨 + 大盘5日上涨,2629,0.8951,0.8627,1.038,0.3667,0.3582,0.0085,L2
3卖,BOLL收上中轨 + 相对强弱大于0,2900,0.9694,0.9617,1.008,0.36,0.3582,0.0018,L2
3卖,BOLL收上中轨 + 相对强弱大于5,2019,0.7112,0.6492,1.096,0.3794,0.3582,0.0212,L2
3卖,BOLL收上中轨 + 量比>=1.3,1297,0.4355,0.429,1.015,0.3616,0.3582,0.0034,L2
3卖,BOLL收上中轨 + 量比>=2,614,0.2136,0.199,1.073,0.3746,0.3582,0.0164,L2
3卖,BOLL收上中轨 + 距前高<=10%,1784,0.7084,0.529,1.339,0.4277,0.3582,0.0695,L2
3卖,BOLL收上中轨 + 距前低<=10%,478,0.143,0.1679,0.852,0.3222,0.3582,-0.036,L2
3卖,BOLL收上中轨 + 相对强弱>=0,2734,0.9248,0.9005,1.027,0.3643,0.3582,0.0061,L2
3卖,BOLL收上中轨 + 相对强弱>=5,1642,0.572,0.5316,1.076,0.3752,0.3582,0.017,L2
3卖,BOLL突破上轨 + BOLL开口扩张,1450,0.5172,0.4627,1.118,0.3841,0.3582,0.026,L2
3卖,BOLL突破上轨 + KDJ金叉态,1436,0.5107,0.4591,1.112,0.383,0.3582,0.0248,L2
3卖,BOLL突破上轨 + KDJ_J超卖,170,0.0641,0.0523,1.224,0.4059,0.3582,0.0477,L2
3卖,BOLL突破上轨 + RSI6大于50,1460,0.5209,0.4658,1.118,0.3842,0.3582,0.0261,L2
3卖,BOLL突破上轨 + RSI金叉,333,0.1207,0.1052,1.148,0.3904,0.3582,0.0322,L2
3卖,BOLL突破上轨 + 威科夫得分大于4,1034,0.3519,0.3394,1.037,0.3665,0.3582,0.0084,L2
3卖,BOLL突破上轨 + 威科夫得分大于7,598,0.2163,0.1891,1.144,0.3896,0.3582,0.0315,L2
3卖,BOLL突破上轨 + 积累阶段,185,0.052,0.0668,0.778,0.3027,0.3582,-0.0555,L2
3卖,BOLL突破上轨 + 威科夫B1突破,81,0.0214,0.0301,0.711,0.284,0.3582,-0.0742,L2
3卖,BOLL突破上轨 + 黄金柱,108,0.0344,0.0368,0.934,0.3426,0.3582,-0.0156,L2
3卖,BOLL突破上轨 + 量能金叉,556,0.1699,0.1933,0.879,0.3291,0.3582,-0.029,L2
3卖,BOLL突破上轨 + 六脉红灯大于5,1447,0.5153,0.4622,1.115,0.3836,0.3582,0.0254,L2
3卖,BOLL突破上轨 + 六脉红灯大于6,1417,0.5042,0.4528,1.113,0.3832,0.3582,0.025,L2
3卖,BOLL突破上轨 + 六脉6红首发,1417,0.5042,0.4528,1.113,0.3832,0.3582,0.025,L2
3卖,BOLL突破上轨 + 六脉5红首发,1447,0.5153,0.4622,1.115,0.3836,0.3582,0.0254,L2
3卖,BOLL突破上轨 + 偏多共振,144,0.0399,0.0523,0.763,0.2986,0.3582,-0.0596,L2
3卖,BOLL突破上轨 + 多头共振,144,0.0399,0.0523,0.763,0.2986,0.3582,-0.0596,L2
3卖,BOLL突破上轨 + 火箭信号,277,0.1198,0.0767,1.562,0.4657,0.3582,0.1075,L2
3卖,BOLL突破上轨 + 纳财,206,0.0864,0.0585,1.475,0.4515,0.3582,0.0933,L2
3卖,BOLL突破上轨 + 中枢上穿中轴,382,0.1421,0.1187,1.197,0.4005,0.3582,0.0424,L2
3卖,BOLL突破上轨 + 中枢底部蓄力,63,0.0214,0.0207,1.03,0.3651,0.3582,0.0069,L2
3卖,BOLL突破上轨 + 中枢底部回升,87,0.0279,0.0295,0.943,0.3448,0.3582,-0.0133,L2
3卖,BOLL突破上轨 + 大盘多头,791,0.2897,0.2482,1.167,0.3944,0.3582,0.0363,L2
3卖,BOLL突破上轨 + 大盘空头,464,0.1541,0.1544,0.998,0.3578,0.3582,-0.0004,L2
3卖,BOLL突破上轨 + 大盘安全,1088,0.4206,0.329,1.278,0.4164,0.3582,0.0582,L2
3卖,BOLL突破上轨 + SID等于1,791,0.2897,0.2482,1.167,0.3944,0.3582,0.0363,L2
3卖,BOLL突破上轨 + SID等于2,796,0.3055,0.242,1.262,0.4133,0.3582,0.0552,L2
3卖,BOLL突破上轨 + SID小于等于2,1185,0.4494,0.3632,1.237,0.4084,0.3582,0.0503,L2
3卖,BOLL突破上轨 + 大盘5日上涨,1278,0.4698,0.4,1.175,0.3959,0.3582,0.0378,L2
3卖,BOLL突破上轨 + 相对强弱大于0,1425,0.5088,0.4544,1.12,0.3846,0.3582,0.0264,L2
3卖,BOLL突破上轨 + 相对强弱大于5,1178,0.4262,0.3725,1.144,0.3896,0.3582,0.0315,L2
3卖,BOLL突破上轨 + 量比>=1.3,781,0.2897,0.243,1.192,0.3995,0.3582,0.0413,L2
3卖,BOLL突破上轨 + 量比>=2,417,0.156,0.129,1.209,0.4029,0.3582,0.0447,L2
3卖,BOLL突破上轨 + 距前高<=10%,972,0.4002,0.2803,1.428,0.4434,0.3582,0.0853,L2
3卖,BOLL突破上轨 + 距前低<=10%,162,0.0529,0.0544,0.973,0.3519,0.3582,-0.0063,L2
3卖,BOLL突破上轨 + 相对强弱>=0,1387,0.5014,0.4389,1.142,0.3893,0.3582,0.0312,L2
3卖,BOLL突破上轨 + 相对强弱>=5,1028,0.363,0.3301,1.1,0.3804,0.3582,0.0222,L2
3卖,BOLL触下轨反弹 + BOLL开口扩张,112,0.0334,0.0394,0.849,0.3214,0.3582,-0.0367,L2
3卖,BOLL触下轨反弹 + KDJ金叉态,111,0.0344,0.0383,0.896,0.3333,0.3582,-0.0248,L2
3卖,BOLL触下轨反弹 + KDJ_J超卖,55,0.0158,0.0197,0.802,0.3091,0.3582,-0.0491,L2
3卖,BOLL触下轨反弹 + RSI6大于50,119,0.0362,0.0415,0.874,0.3277,0.3582,-0.0304,L2
3卖,BOLL触下轨反弹 + RSI金叉,70,0.0232,0.0233,0.996,0.3571,0.3582,-0.001,L2
3卖,BOLL触下轨反弹 + 威科夫得分大于4,55,0.0195,0.0176,1.107,0.3818,0.3582,0.0237,L2
3卖,BOLL触下轨反弹 + 积累阶段,52,0.0158,0.0181,0.87,0.3269,0.3582,-0.0312,L2
3卖,BOLL触下轨反弹 + 量能金叉,55,0.0186,0.0181,1.024,0.3636,0.3582,0.0055,L2
3卖,BOLL触下轨反弹 + 六脉红灯大于5,110,0.0353,0.0373,0.946,0.3455,0.3582,-0.0127,L2
3卖,BOLL触下轨反弹 + 六脉红灯大于6,104,0.0334,0.0352,0.949,0.3462,0.3582,-0.012,L2
3卖,BOLL触下轨反弹 + 六脉6红首发,104,0.0334,0.0352,0.949,0.3462,0.3582,-0.012,L2
3卖,BOLL触下轨反弹 + 六脉5红首发,110,0.0353,0.0373,0.946,0.3455,0.3582,-0.0127,L2
3卖,BOLL触下轨反弹 + 大盘空头,71,0.0223,0.0244,0.915,0.338,0.3582,-0.0201,L2
3卖,BOLL触下轨反弹 + 大盘安全,59,0.0186,0.0202,0.919,0.339,0.3582,-0.0192,L2
3卖,BOLL触下轨反弹 + SID等于2,64,0.0204,0.0218,0.939,0.3438,0.3582,-0.0144,L2
3卖,BOLL触下轨反弹 + SID小于等于2,74,0.0223,0.0259,0.86,0.3243,0.3582,-0.0338,L2
3卖,BOLL触下轨反弹 + 大盘5日上涨,90,0.0279,0.0311,0.896,0.3333,0.3582,-0.0248,L2
3卖,BOLL触下轨反弹 + 相对强弱大于0,109,0.0344,0.0373,0.921,0.3394,0.3582,-0.0187,L2
3卖,BOLL触下轨反弹 + 量比>=1.3,71,0.0251,0.0228,1.1,0.3803,0.3582,0.0221,L2
3卖,BOLL触下轨反弹 + 距前高<=10%,60,0.026,0.0166,1.568,0.4667,0.3582,0.1085,L2
3卖,BOLL触下轨反弹 + 相对强弱>=0,96,0.0334,0.0311,1.075,0.375,0.3582,0.0168,L2
3卖,BOLL开口扩张 + KDJ金叉态,2577,0.8552,0.858,0.997,0.3574,0.3582,-0.0008,L2
3卖,BOLL开口扩张 + KDJ_J超卖,486,0.1532,0.1663,0.921,0.3395,0.3582,-0.0187,L2
3卖,BOLL开口扩张 + KDJ_D小于30,72,0.0204,0.0259,0.788,0.3056,0.3582,-0.0526,L2
3卖,BOLL开口扩张 + RSI6大于50,2708,0.9016,0.9,1.002,0.3586,0.3582,0.0004,L2
3卖,BOLL开口扩张 + RSI金叉,750,0.2377,0.256,0.929,0.3413,0.3582,-0.0168,L2
3卖,BOLL开口扩张 + RSI6超卖,124,0.0316,0.0466,0.677,0.2742,0.3582,-0.084,L2
3卖,BOLL开口扩张 + RSI底背离,57,0.0214,0.0176,1.212,0.4035,0.3582,0.0453,L2
3卖,BOLL开口扩张 + 威科夫得分大于4,1736,0.5766,0.5777,0.998,0.3577,0.3582,-0.0004,L2
3卖,BOLL开口扩张 + 威科夫得分大于7,943,0.3287,0.3052,1.077,0.3754,0.3582,0.0172,L2
3卖,BOLL开口扩张 + 积累阶段,504,0.1281,0.1896,0.676,0.2738,0.3582,-0.0844,L2
3卖,BOLL开口扩张 + 威科夫B1突破,97,0.026,0.0358,0.727,0.2887,0.3582,-0.0695,L2
3卖,BOLL开口扩张 + 黄金柱,247,0.0724,0.0876,0.827,0.3158,0.3582,-0.0424,L2
3卖,BOLL开口扩张 + 量能金叉,929,0.273,0.329,0.83,0.3165,0.3582,-0.0417,L2
3卖,BOLL开口扩张 + 六脉红灯大于5,2596,0.8626,0.8637,0.999,0.3579,0.3582,-0.0003,L2
3卖,BOLL开口扩张 + 六脉红灯大于6,2475,0.8171,0.8264,0.989,0.3556,0.3582,-0.0026,L2
3卖,BOLL开口扩张 + 六脉6红首发,2475,0.8171,0.8264,0.989,0.3556,0.3582,-0.0026,L2
3卖,BOLL开口扩张 + 六脉5红首发,2596,0.8626,0.8637,0.999,0.3579,0.3582,-0.0003,L2
3卖,BOLL开口扩张 + 偏多共振,237,0.0659,0.086,0.766,0.2996,0.3582,-0.0586,L2
3卖,BOLL开口扩张 + 多头共振,237,0.0659,0.086,0.766,0.2996,0.3582,-0.0586,L2
3卖,BOLL开口扩张 + 火箭信号,306,0.13,0.086,1.511,0.4575,0.3582,0.0994,L2
3卖,BOLL开口扩张 + 纳财,294,0.1198,0.0855,1.401,0.4388,0.3582,0.0806,L2
3卖,BOLL开口扩张 + 中枢进机会区,132,0.0344,0.0492,0.698,0.2803,0.3582,-0.0779,L2
3卖,BOLL开口扩张 + 中枢极限底,53,0.0158,0.0187,0.846,0.3208,0.3582,-0.0374,L2
3卖,BOLL开口扩张 + 中枢上穿中轴,653,0.2219,0.2145,1.035,0.366,0.3582,0.0078,L2
3卖,BOLL开口扩张 + 中枢底部蓄力,172,0.0409,0.0663,0.616,0.2558,0.3582,-0.1024,L2
3卖,BOLL开口扩张 + 中枢底部回升,229,0.0548,0.0881,0.622,0.2576,0.3582,-0.1005,L2
3卖,BOLL开口扩张 + 大盘多头,1356,0.467,0.442,1.057,0.3709,0.3582,0.0128,L2
3卖,BOLL开口扩张 + 大盘空头,952,0.2888,0.3321,0.869,0.3267,0.3582,-0.0315,L2
3卖,BOLL开口扩张 + 大盘安全,1972,0.7149,0.6228,1.148,0.3905,0.3582,0.0323,L2
3卖,BOLL开口扩张 + SID等于1,1356,0.467,0.442,1.057,0.3709,0.3582,0.0128,L2
3卖,BOLL开口扩张 + SID等于2,1479,0.532,0.4694,1.133,0.3874,0.3582,0.0293,L2
3卖,BOLL开口扩张 + SID小于等于2,2156,0.7716,0.6865,1.124,0.3854,0.3582,0.0273,L2
3卖,BOLL开口扩张 + 大盘5日上涨,2381,0.8152,0.7788,1.047,0.3688,0.3582,0.0106,L2
3卖,BOLL开口扩张 + 相对强弱大于0,2627,0.8821,0.8689,1.015,0.3616,0.3582,0.0035,L2
3卖,BOLL开口扩张 + 相对强弱大于5,1897,0.6713,0.6083,1.104,0.3811,0.3582,0.023,L2
3卖,BOLL开口扩张 + 量比>=1.3,1214,0.4095,0.4005,1.022,0.3633,0.3582,0.0051,L2
3卖,BOLL开口扩张 + 量比>=2,579,0.2024,0.187,1.082,0.3765,0.3582,0.0183,L2
3卖,BOLL开口扩张 + 距前高<=10%,1654,0.6592,0.4891,1.348,0.4293,0.3582,0.0711,L2
3卖,BOLL开口扩张 + 距前低<=10%,433,0.1263,0.1539,0.821,0.3141,0.3582,-0.0441,L2
3卖,BOLL开口扩张 + 相对强弱>=0,2492,0.8505,0.8166,1.042,0.3676,0.3582,0.0094,L2
3卖,BOLL开口扩张 + 相对强弱>=5,1553,0.546,0.5,1.092,0.3786,0.3582,0.0205,L2
3卖,KDJ金叉态 + KDJ_J超卖,457,0.1458,0.1554,0.938,0.3435,0.3582,-0.0146,L2
3卖,KDJ金叉态 + KDJ_D小于30,75,0.0214,0.0269,0.793,0.3067,0.3582,-0.0515,L2
3卖,KDJ金叉态 + RSI6大于50,2822,0.9341,0.9409,0.993,0.3565,0.3582,-0.0017,L2
3卖,KDJ金叉态 + RSI金叉,781,0.2498,0.2653,0.942,0.3444,0.3582,-0.0137,L2
3卖,KDJ金叉态 + RSI6超卖,116,0.0306,0.043,0.712,0.2845,0.3582,-0.0737,L2
3卖,KDJ金叉态 + RSI底背离,53,0.0214,0.0155,1.374,0.434,0.3582,0.0758,L2
3卖,KDJ金叉态 + 威科夫得分大于4,1792,0.5859,0.6016,0.974,0.3521,0.3582,-0.006,L2
3卖,KDJ金叉态 + 威科夫得分大于7,950,0.3324,0.3067,1.084,0.3768,0.3582,0.0187,L2
3卖,KDJ金叉态 + 积累阶段,560,0.1486,0.2073,0.717,0.2857,0.3582,-0.0724,L2
3卖,KDJ金叉态 + 威科夫B1突破,95,0.0251,0.0352,0.712,0.2842,0.3582,-0.074,L2
3卖,KDJ金叉态 + 黄金柱,266,0.0752,0.0959,0.785,0.3045,0.3582,-0.0537,L2
3卖,KDJ金叉态 + 量能金叉,960,0.2869,0.3373,0.851,0.3219,0.3582,-0.0363,L2
3卖,KDJ金叉态 + 六脉红灯大于5,2792,0.9239,0.9311,0.992,0.3564,0.3582,-0.0018,L2
3卖,KDJ金叉态 + 六脉红灯大于6,2673,0.8784,0.8948,0.982,0.3539,0.3582,-0.0043,L2
3卖,KDJ金叉态 + 六脉6红首发,2673,0.8784,0.8948,0.982,0.3539,0.3582,-0.0043,L2
3卖,KDJ金叉态 + 六脉5红首发,2792,0.9239,0.9311,0.992,0.3564,0.3582,-0.0018,L2
3卖,KDJ金叉态 + 偏多共振,242,0.0669,0.0881,0.759,0.2975,0.3582,-0.0606,L2
3卖,KDJ金叉态 + 多头共振,242,0.0669,0.0881,0.759,0.2975,0.3582,-0.0606,L2
3卖,KDJ金叉态 + 火箭信号,311,0.1309,0.0881,1.486,0.4534,0.3582,0.0952,L2
3卖,KDJ金叉态 + 纳财,315,0.1272,0.0922,1.379,0.4349,0.3582,0.0768,L2
3卖,KDJ金叉态 + 中枢进机会区,148,0.0409,0.0539,0.758,0.2973,0.3582,-0.0609,L2
3卖,KDJ金叉态 + 中枢极限底,52,0.0167,0.0176,0.949,0.3462,0.3582,-0.012,L2
3卖,KDJ金叉态 + 中枢上穿中轴,673,0.234,0.2181,1.073,0.3744,0.3582,0.0163,L2
3卖,KDJ金叉态 + 中枢底部蓄力,214,0.0557,0.0798,0.698,0.2804,0.3582,-0.0778,L2
3卖,KDJ金叉态 + 中枢底部回升,274,0.0724,0.1016,0.713,0.2847,0.3582,-0.0735,L2
3卖,KDJ金叉态 + 大盘多头,1433,0.4838,0.4725,1.024,0.3636,0.3582,0.0054,L2
3卖,KDJ金叉态 + 大盘空头,977,0.3008,0.3383,0.889,0.3316,0.3582,-0.0265,L2
3卖,KDJ金叉态 + 大盘安全,2064,0.74,0.6565,1.127,0.3861,0.3582,0.028,L2
3卖,KDJ金叉态 + SID等于1,1433,0.4838,0.4725,1.024,0.3636,0.3582,0.0054,L2
3卖,KDJ金叉态 + SID等于2,1532,0.5515,0.486,1.135,0.3877,0.3582,0.0296,L2
3卖,KDJ金叉态 + SID小于等于2,2258,0.8013,0.7228,1.109,0.3822,0.3582,0.024,L2
3卖,KDJ金叉态 + 大盘5日上涨,2500,0.8477,0.8223,1.031,0.3652,0.3582,0.007,L2
3卖,KDJ金叉态 + 相对强弱大于0,2740,0.9127,0.9104,1.003,0.3588,0.3582,0.0006,L2
3卖,KDJ金叉态 + 相对强弱大于5,1937,0.6825,0.6228,1.096,0.3795,0.3582,0.0213,L2
3卖,KDJ金叉态 + 量比>=1.3,1238,0.415,0.4098,1.013,0.3611,0.3582,0.0029,L2
3卖,KDJ金叉态 + 量比>=2,588,0.2052,0.1902,1.079,0.3759,0.3582,0.0177,L2
3卖,KDJ金叉态 + 距前高<=10%,1679,0.662,0.5005,1.323,0.4247,0.3582,0.0665,L2
3卖,KDJ金叉态 + 距前低<=10%,471,0.1439,0.1637,0.879,0.3291,0.3582,-0.0291,L2
3卖,KDJ金叉态 + 相对强弱>=0,2587,0.87,0.8549,1.018,0.3622,0.3582,0.004,L2
3卖,KDJ金叉态 + 相对强弱>=5,1581,0.5497,0.5124,1.073,0.3744,0.3582,0.0163,L2
3卖,KDJ_J超卖 + RSI6大于50,555,0.1801,0.187,0.963,0.3495,0.3582,-0.0086,L2
3卖,KDJ_J超卖 + RSI金叉,228,0.0761,0.0756,1.006,0.3596,0.3582,0.0015,L2
3卖,KDJ_J超卖 + RSI6超卖,110,0.0288,0.0409,0.703,0.2818,0.3582,-0.0763,L2
3卖,KDJ_J超卖 + RSI底背离,50,0.0186,0.0155,1.195,0.4,0.3582,0.0418,L2
3卖,KDJ_J超卖 + 威科夫得分大于4,344,0.1244,0.1088,1.143,0.3895,0.3582,0.0314,L2
3卖,KDJ_J超卖 + 威科夫得分大于7,169,0.0724,0.0472,1.536,0.4615,0.3582,0.1034,L2
3卖,KDJ_J超卖 + 积累阶段,179,0.0436,0.0684,0.638,0.2626,0.3582,-0.0956,L2
3卖,KDJ_J超卖 + 黄金柱,78,0.0316,0.0228,1.385,0.4359,0.3582,0.0777,L2
3卖,KDJ_J超卖 + 量能金叉,226,0.0743,0.0756,0.982,0.354,0.3582,-0.0042,L2
3卖,KDJ_J超卖 + 六脉红灯大于5,457,0.1495,0.1534,0.975,0.3523,0.3582,-0.0059,L2
3卖,KDJ_J超卖 + 六脉红灯大于6,390,0.1226,0.1337,0.917,0.3385,0.3582,-0.0197,L2
3卖,KDJ_J超卖 + 六脉6红首发,390,0.1226,0.1337,0.917,0.3385,0.3582,-0.0197,L2
3卖,KDJ_J超卖 + 六脉5红首发,457,0.1495,0.1534,0.975,0.3523,0.3582,-0.0059,L2
3卖,KDJ_J超卖 + 偏多共振,55,0.0223,0.0161,1.387,0.4364,0.3582,0.0782,L2
3卖,KDJ_J超卖 + 多头共振,55,0.0223,0.0161,1.387,0.4364,0.3582,0.0782,L2
3卖,KDJ_J超卖 + 纳财,56,0.0214,0.0171,1.249,0.4107,0.3582,0.0526,L2
3卖,KDJ_J超卖 + 中枢进机会区,101,0.0269,0.0373,0.722,0.2871,0.3582,-0.071,L2
3卖,KDJ_J超卖 + 中枢极限底,53,0.0158,0.0187,0.846,0.3208,0.3582,-0.0374,L2
3卖,KDJ_J超卖 + 中枢上穿中轴,102,0.0353,0.0332,1.064,0.3725,0.3582,0.0144,L2
3卖,KDJ_J超卖 + 大盘多头,268,0.0836,0.0922,0.906,0.3358,0.3582,-0.0223,L2
3卖,KDJ_J超卖 + 大盘空头,204,0.0715,0.0658,1.086,0.3775,0.3582,0.0193,L2
3卖,KDJ_J超卖 + 大盘安全,364,0.117,0.1233,0.949,0.3462,0.3582,-0.012,L2
3卖,KDJ_J超卖 + SID等于1,268,0.0836,0.0922,0.906,0.3358,0.3582,-0.0223,L2
3卖,KDJ_J超卖 + SID等于2,337,0.0984,0.1197,0.822,0.3145,0.3582,-0.0436,L2
3卖,KDJ_J超卖 + SID小于等于2,422,0.1318,0.1451,0.909,0.3365,0.3582,-0.0217,L2
3卖,KDJ_J超卖 + 大盘5日上涨,461,0.1532,0.1534,0.999,0.3579,0.3582,-0.0002,L2
3卖,KDJ_J超卖 + 相对强弱大于0,533,0.1755,0.1782,0.985,0.3546,0.3582,-0.0036,L2
3卖,KDJ_J超卖 + 相对强弱大于5,310,0.1021,0.1036,0.986,0.3548,0.3582,-0.0033,L2
3卖,KDJ_J超卖 + 量比>=1.3,304,0.0966,0.1036,0.932,0.3421,0.3582,-0.0161,L2
3卖,KDJ_J超卖 + 量比>=2,161,0.0529,0.0539,0.982,0.354,0.3582,-0.0041,L2
3卖,KDJ_J超卖 + 距前高<=10%,287,0.1207,0.0813,1.484,0.453,0.3582,0.0948,L2
3卖,KDJ_J超卖 + 距前低<=10%,127,0.0353,0.0461,0.765,0.2992,0.3582,-0.059,L2
3卖,KDJ_J超卖 + 相对强弱>=0,486,0.1606,0.1622,0.99,0.356,0.3582,-0.0022,L2
3卖,KDJ_J超卖 + 相对强弱>=5,229,0.0761,0.0762,1.0,0.3581,0.3582,-0.0001,L2
3卖,KDJ_D小于30 + RSI6大于50,82,0.0241,0.029,0.832,0.3171,0.3582,-0.0411,L2
3卖,KDJ_D小于30 + RSI金叉,62,0.0158,0.0233,0.677,0.2742,0.3582,-0.084,L2
3卖,KDJ_D小于30 + 六脉红灯大于5,74,0.0214,0.0264,0.808,0.3108,0.3582,-0.0474,L2
3卖,KDJ_D小于30 + 六脉红灯大于6,74,0.0214,0.0264,0.808,0.3108,0.3582,-0.0474,L2
3卖,KDJ_D小于30 + 六脉6红首发,74,0.0214,0.0264,0.808,0.3108,0.3582,-0.0474,L2
3卖,KDJ_D小于30 + 六脉5红首发,74,0.0214,0.0264,0.808,0.3108,0.3582,-0.0474,L2
3卖,KDJ_D小于30 + 中枢底部回升,51,0.0121,0.0197,0.613,0.2549,0.3582,-0.1033,L2
3卖,KDJ_D小于30 + 大盘空头,56,0.0176,0.0192,0.92,0.3393,0.3582,-0.0189,L2
3卖,KDJ_D小于30 + SID小于等于2,51,0.013,0.0192,0.678,0.2745,0.3582,-0.0837,L2
3卖,KDJ_D小于30 + 大盘5日上涨,68,0.0214,0.0233,0.916,0.3382,0.3582,-0.0199,L2
3卖,KDJ_D小于30 + 相对强弱大于0,76,0.0241,0.0259,0.932,0.3421,0.3582,-0.0161,L2
3卖,KDJ_D小于30 + 量比>=1.3,63,0.0167,0.0233,0.717,0.2857,0.3582,-0.0724,L2
3卖,KDJ_D小于30 + 相对强弱>=0,69,0.0232,0.0228,1.018,0.3623,0.3582,0.0042,L2
3卖,RSI6大于50 + RSI金叉,883,0.2823,0.3,0.941,0.3443,0.3582,-0.0139,L2
3卖,RSI6大于50 + RSI6超卖,125,0.0344,0.0456,0.753,0.296,0.3582,-0.0622,L2
3卖,RSI6大于50 + RSI底背离,57,0.0223,0.0171,1.303,0.4211,0.3582,0.0629,L2
3卖,RSI6大于50 + 威科夫得分大于4,1895,0.6267,0.6321,0.991,0.3562,0.3582,-0.002,L2
3卖,RSI6大于50 + 威科夫得分大于7,1002,0.35,0.3238,1.081,0.3762,0.3582,0.0181,L2
3卖,RSI6大于50 + 积累阶段,592,0.1523,0.2218,0.687,0.277,0.3582,-0.0811,L2
3卖,RSI6大于50 + 威科夫B1突破,97,0.026,0.0358,0.727,0.2887,0.3582,-0.0695,L2
3卖,RSI6大于50 + 黄金柱,283,0.0845,0.0995,0.849,0.3216,0.3582,-0.0366,L2
3卖,RSI6大于50 + 量能金叉,1002,0.2999,0.3518,0.852,0.3224,0.3582,-0.0358,L2
3卖,RSI6大于50 + 六脉红灯大于5,2832,0.9406,0.9425,0.998,0.3577,0.3582,-0.0005,L2
3卖,RSI6大于50 + 六脉红灯大于6,2678,0.8812,0.8959,0.984,0.3544,0.3582,-0.0038,L2
3卖,RSI6大于50 + 六脉6红首发,2678,0.8812,0.8959,0.984,0.3544,0.3582,-0.0038,L2
3卖,RSI6大于50 + 六脉5红首发,2832,0.9406,0.9425,0.998,0.3577,0.3582,-0.0005,L2
3卖,RSI6大于50 + 偏多共振,265,0.0752,0.0953,0.789,0.3057,0.3582,-0.0525,L2
3卖,RSI6大于50 + 多头共振,265,0.0752,0.0953,0.789,0.3057,0.3582,-0.0525,L2
3卖,RSI6大于50 + 火箭信号,312,0.1309,0.0886,1.478,0.4519,0.3582,0.0938,L2
3卖,RSI6大于50 + 纳财,321,0.1272,0.0953,1.334,0.4268,0.3582,0.0686,L2
3卖,RSI6大于50 + 中枢进机会区,150,0.0418,0.0544,0.768,0.3,0.3582,-0.0582,L2
3卖,RSI6大于50 + 中枢极限底,54,0.0176,0.0181,0.973,0.3519,0.3582,-0.0063,L2
3卖,RSI6大于50 + 中枢上穿中轴,690,0.2396,0.2238,1.07,0.3739,0.3582,0.0157,L2
3卖,RSI6大于50 + 中枢底部蓄力,211,0.0539,0.0793,0.679,0.2749,0.3582,-0.0833,L2
3卖,RSI6大于50 + 中枢底部回升,271,0.0706,0.101,0.698,0.2804,0.3582,-0.0777,L2
3卖,RSI6大于50 + 大盘多头,1515,0.5144,0.4979,1.033,0.3657,0.3582,0.0075,L2
3卖,RSI6大于50 + 大盘空头,1028,0.3148,0.357,0.882,0.3298,0.3582,-0.0284,L2
3卖,RSI6大于50 + 大盘安全,2196,0.7883,0.6979,1.129,0.3866,0.3582,0.0284,L2
3卖,RSI6大于50 + SID等于1,1515,0.5144,0.4979,1.033,0.3657,0.3582,0.0075,L2
3卖,RSI6大于50 + SID等于2,1641,0.5868,0.5228,1.122,0.3851,0.3582,0.027,L2
3卖,RSI6大于50 + SID小于等于2,2402,0.8514,0.7694,1.107,0.3818,0.3582,0.0236,L2
3卖,RSI6大于50 + 大盘5日上涨,2643,0.8997,0.8674,1.037,0.3666,0.3582,0.0085,L2
3卖,RSI6大于50 + 相对强弱大于0,2911,0.9731,0.9653,1.008,0.36,0.3582,0.0018,L2
3卖,RSI6大于50 + 相对强弱大于5,2020,0.7112,0.6497,1.095,0.3792,0.3582,0.021,L2
3卖,RSI6大于50 + 量比>=1.3,1305,0.4383,0.4316,1.015,0.3617,0.3582,0.0035,L2
3卖,RSI6大于50 + 量比>=2,620,0.2154,0.201,1.072,0.3742,0.3582,0.016,L2
3卖,RSI6大于50 + 距前高<=10%,1788,0.7094,0.5306,1.337,0.4273,0.3582,0.0691,L2
3卖,RSI6大于50 + 距前低<=10%,490,0.1476,0.1715,0.861,0.3245,0.3582,-0.0337,L2
3卖,RSI6大于50 + 相对强弱>=0,2742,0.9276,0.9031,1.027,0.3643,0.3582,0.0062,L2
3卖,RSI6大于50 + 相对强弱>=5,1643,0.572,0.5321,1.075,0.3749,0.3582,0.0168,L2
3卖,RSI金叉 + RSI6超卖,52,0.0158,0.0181,0.87,0.3269,0.3582,-0.0312,L2
3卖,RSI金叉 + 威科夫得分大于4,558,0.1829,0.187,0.978,0.353,0.3582,-0.0051,L2
3卖,RSI金叉 + 威科夫得分大于7,310,0.1049,0.1021,1.028,0.3645,0.3582,0.0064,L2
3卖,RSI金叉 + 积累阶段,209,0.052,0.0793,0.656,0.2679,0.3582,-0.0902,L2
3卖,RSI金叉 + 黄金柱,170,0.0529,0.0585,0.904,0.3353,0.3582,-0.0229,L2
3卖,RSI金叉 + 量能金叉,316,0.0956,0.1104,0.867,0.3259,0.3582,-0.0322,L2
3卖,RSI金叉 + 六脉红灯大于5,777,0.2507,0.2627,0.954,0.3475,0.3582,-0.0107,L2
3卖,RSI金叉 + 六脉红灯大于6,707,0.2219,0.2425,0.915,0.338,0.3582,-0.0201,L2
3卖,RSI金叉 + 六脉6红首发,707,0.2219,0.2425,0.915,0.338,0.3582,-0.0201,L2
3卖,RSI金叉 + 六脉5红首发,777,0.2507,0.2627,0.954,0.3475,0.3582,-0.0107,L2
3卖,RSI金叉 + 偏多共振,102,0.0279,0.0373,0.747,0.2941,0.3582,-0.064,L2
3卖,RSI金叉 + 多头共振,102,0.0279,0.0373,0.747,0.2941,0.3582,-0.064,L2
3卖,RSI金叉 + 火箭信号,112,0.0492,0.0306,1.61,0.4732,0.3582,0.1151,L2
3卖,RSI金叉 + 纳财,83,0.0316,0.0254,1.243,0.4096,0.3582,0.0515,L2
3卖,RSI金叉 + 中枢进机会区,72,0.0204,0.0259,0.788,0.3056,0.3582,-0.0526,L2
3卖,RSI金叉 + 中枢上穿中轴,255,0.091,0.0813,1.119,0.3843,0.3582,0.0261,L2
3卖,RSI金叉 + 中枢底部蓄力,86,0.0214,0.0326,0.654,0.2674,0.3582,-0.0907,L2
3卖,RSI金叉 + 中枢底部回升,116,0.0316,0.0425,0.743,0.2931,0.3582,-0.0651,L2
3卖,RSI金叉 + 大盘多头,394,0.1179,0.1383,0.852,0.3223,0.3582,-0.0358,L2
3卖,RSI金叉 + 大盘空头,339,0.1086,0.115,0.944,0.3451,0.3582,-0.013,L2
3卖,RSI金叉 + 大盘安全,592,0.1913,0.2,0.956,0.348,0.3582,-0.0102,L2
3卖,RSI金叉 + SID等于1,394,0.1179,0.1383,0.852,0.3223,0.3582,-0.0358,L2
3卖,RSI金叉 + SID等于2,490,0.1662,0.1611,1.031,0.3653,0.3582,0.0071,L2
3卖,RSI金叉 + SID小于等于2,683,0.221,0.2306,0.958,0.3485,0.3582,-0.0097,L2
3卖,RSI金叉 + 大盘5日上涨,734,0.2414,0.2456,0.983,0.3542,0.3582,-0.0039,L2
3卖,RSI金叉 + 相对强弱大于0,841,0.2739,0.2829,0.968,0.3508,0.3582,-0.0074,L2
3卖,RSI金叉 + 相对强弱大于5,482,0.1773,0.1508,1.176,0.3963,0.3582,0.0381,L2
3卖,RSI金叉 + 量比>=1.3,445,0.1495,0.1472,1.016,0.3618,0.3582,0.0036,L2
3卖,RSI金叉 + 量比>=2,229,0.0789,0.0746,1.058,0.3712,0.3582,0.013,L2
3卖,RSI金叉 + 距前高<=10%,551,0.2136,0.1663,1.284,0.4174,0.3582,0.0593,L2
3卖,RSI金叉 + 距前低<=10%,152,0.0436,0.0544,0.802,0.3092,0.3582,-0.049,L2
3卖,RSI金叉 + 相对强弱>=0,765,0.2507,0.2565,0.977,0.3529,0.3582,-0.0052,L2
3卖,RSI金叉 + 相对强弱>=5,379,0.1393,0.1187,1.174,0.3958,0.3582,0.0376,L2
3卖,RSI6超卖 + 威科夫得分大于4,75,0.0223,0.0264,0.843,0.32,0.3582,-0.0382,L2
3卖,RSI6超卖 + 积累阶段,50,0.0139,0.0181,0.768,0.3,0.3582,-0.0582,L2
3卖,RSI6超卖 + 量能金叉,58,0.0167,0.0207,0.806,0.3103,0.3582,-0.0478,L2
3卖,RSI6超卖 + 六脉红灯大于5,112,0.0297,0.0415,0.717,0.2857,0.3582,-0.0724,L2
3卖,RSI6超卖 + 六脉红灯大于6,98,0.0251,0.0368,0.681,0.2755,0.3582,-0.0827,L2
3卖,RSI6超卖 + 六脉6红首发,98,0.0251,0.0368,0.681,0.2755,0.3582,-0.0827,L2
3卖,RSI6超卖 + 六脉5红首发,112,0.0297,0.0415,0.717,0.2857,0.3582,-0.0724,L2
3卖,RSI6超卖 + 中枢进机会区,72,0.0176,0.0275,0.642,0.2639,0.3582,-0.0943,L2
3卖,RSI6超卖 + 大盘多头,55,0.0158,0.0197,0.802,0.3091,0.3582,-0.0491,L2
3卖,RSI6超卖 + 大盘空头,50,0.0149,0.0176,0.843,0.32,0.3582,-0.0382,L2
3卖,RSI6超卖 + 大盘安全,72,0.0186,0.0269,0.689,0.2778,0.3582,-0.0804,L2
3卖,RSI6超卖 + SID等于1,55,0.0158,0.0197,0.802,0.3091,0.3582,-0.0491,L2
3卖,RSI6超卖 + SID等于2,85,0.0186,0.0337,0.551,0.2353,0.3582,-0.1229,L2
3卖,RSI6超卖 + SID小于等于2,96,0.0241,0.0363,0.666,0.2708,0.3582,-0.0873,L2
3卖,RSI6超卖 + 大盘5日上涨,98,0.0269,0.0358,0.753,0.2959,0.3582,-0.0622,L2
3卖,RSI6超卖 + 相对强弱大于0,115,0.0325,0.0415,0.784,0.3043,0.3582,-0.0538,L2
3卖,RSI6超卖 + 相对强弱大于5,67,0.0158,0.0259,0.609,0.2537,0.3582,-0.1044,L2
3卖,RSI6超卖 + 量比>=1.3,64,0.0158,0.0244,0.648,0.2656,0.3582,-0.0925,L2
3卖,RSI6超卖 + 距前高<=10%,69,0.0232,0.0228,1.018,0.3623,0.3582,0.0042,L2
3卖,RSI6超卖 + 相对强弱>=0,105,0.0297,0.0378,0.786,0.3048,0.3582,-0.0534,L2
3卖,RSI6超卖 + 相对强弱>=5,53,0.013,0.0202,0.643,0.2642,0.3582,-0.094,L2
3卖,RSI底背离 + 六脉红灯大于5,53,0.0214,0.0155,1.374,0.434,0.3582,0.0758,L2
3卖,RSI底背离 + 六脉5红首发,53,0.0214,0.0155,1.374,0.434,0.3582,0.0758,L2
3卖,RSI底背离 + 相对强弱大于0,53,0.0223,0.015,1.483,0.4528,0.3582,0.0947,L2
3卖,威科夫得分大于4 + 威科夫得分大于7,1002,0.35,0.3238,1.081,0.3762,0.3582,0.0181,L2
3卖,威科夫得分大于4 + 积累阶段,196,0.0576,0.0694,0.829,0.3163,0.3582,-0.0418,L2
3卖,威科夫得分大于4 + 黄金柱,161,0.0539,0.0534,1.009,0.3602,0.3582,0.0021,L2
3卖,威科夫得分大于4 + 量能金叉,636,0.182,0.228,0.798,0.3082,0.3582,-0.05,L2
3卖,威科夫得分大于4 + 六脉红灯大于5,1788,0.5868,0.599,0.98,0.3535,0.3582,-0.0047,L2
3卖,威科夫得分大于4 + 六脉红灯大于6,1689,0.545,0.571,0.955,0.3475,0.3582,-0.0106,L2
3卖,威科夫得分大于4 + 六脉6红首发,1689,0.545,0.571,0.955,0.3475,0.3582,-0.0106,L2
3卖,威科夫得分大于4 + 六脉5红首发,1788,0.5868,0.599,0.98,0.3535,0.3582,-0.0047,L2
3卖,威科夫得分大于4 + 偏多共振,255,0.0724,0.0917,0.79,0.3059,0.3582,-0.0523,L2
3卖,威科夫得分大于4 + 多头共振,255,0.0724,0.0917,0.79,0.3059,0.3582,-0.0523,L2
3卖,威科夫得分大于4 + 火箭信号,176,0.078,0.0477,1.636,0.4773,0.3582,0.1191,L2
3卖,威科夫得分大于4 + 纳财,208,0.0808,0.0627,1.288,0.4183,0.3582,0.0601,L2
3卖,威科夫得分大于4 + 中枢进机会区,70,0.0251,0.0223,1.125,0.3857,0.3582,0.0276,L2
3卖,威科夫得分大于4 + 中枢上穿中轴,317,0.0994,0.1088,0.913,0.3375,0.3582,-0.0206,L2
3卖,威科夫得分大于4 + 中枢底部蓄力,71,0.0214,0.0249,0.859,0.3239,0.3582,-0.0342,L2
3卖,威科夫得分大于4 + 中枢底部回升,96,0.0288,0.0337,0.855,0.3229,0.3582,-0.0352,L2
3卖,威科夫得分大于4 + 大盘多头,1096,0.3714,0.3606,1.03,0.365,0.3582,0.0068,L2
3卖,威科夫得分大于4 + 大盘空头,492,0.1569,0.1674,0.938,0.3435,0.3582,-0.0147,L2
3卖,威科夫得分大于4 + 大盘安全,1451,0.5042,0.4705,1.072,0.3742,0.3582,0.0161,L2
3卖,威科夫得分大于4 + SID等于1,1096,0.3714,0.3606,1.03,0.365,0.3582,0.0068,L2
3卖,威科夫得分大于4 + SID等于2,1008,0.3445,0.3301,1.044,0.3681,0.3582,0.0099,L2
3卖,威科夫得分大于4 + SID小于等于2,1598,0.5469,0.5228,1.046,0.3686,0.3582,0.0104,L2
3卖,威科夫得分大于4 + 大盘5日上涨,1671,0.5636,0.5513,1.022,0.3633,0.3582,0.0051,L2
3卖,威科夫得分大于4 + 相对强弱大于0,1836,0.6119,0.6098,1.003,0.3589,0.3582,0.0008,L2
3卖,威科夫得分大于4 + 相对强弱大于5,1300,0.4568,0.4187,1.091,0.3785,0.3582,0.0203,L2
3卖,威科夫得分大于4 + 量比>=1.3,757,0.2526,0.2513,1.005,0.3593,0.3582,0.0011,L2
3卖,威科夫得分大于4 + 量比>=2,325,0.1151,0.1041,1.106,0.3815,0.3582,0.0234,L2
3卖,威科夫得分大于4 + 距前高<=10%,1305,0.4986,0.3979,1.253,0.4115,0.3582,0.0533,L2
3卖,威科夫得分大于4 + 距前低<=10%,219,0.0576,0.0813,0.708,0.2831,0.3582,-0.0751,L2
3卖,威科夫得分大于4 + 相对强弱>=0,1731,0.5868,0.5694,1.031,0.3651,0.3582,0.0069,L2
3卖,威科夫得分大于4 + 相对强弱>=5,1077,0.3742,0.3492,1.071,0.3742,0.3582,0.016,L2
3卖,威科夫得分大于7 + 黄金柱,81,0.0279,0.0264,1.054,0.3704,0.3582,0.0122,L2
3卖,威科夫得分大于7 + 量能金叉,299,0.0929,0.1031,0.901,0.3344,0.3582,-0.0237,L2
3卖,威科夫得分大于7 + 六脉红灯大于5,948,0.3305,0.3067,1.078,0.3755,0.3582,0.0174,L2
3卖,威科夫得分大于7 + 六脉红灯大于6,895,0.3092,0.2912,1.062,0.3721,0.3582,0.0139,L2
3卖,威科夫得分大于7 + 六脉6红首发,895,0.3092,0.2912,1.062,0.3721,0.3582,0.0139,L2
3卖,威科夫得分大于7 + 六脉5红首发,948,0.3305,0.3067,1.078,0.3755,0.3582,0.0174,L2
3卖,威科夫得分大于7 + 偏多共振,220,0.0613,0.0798,0.768,0.3,0.3582,-0.0582,L2
3卖,威科夫得分大于7 + 多头共振,220,0.0613,0.0798,0.768,0.3,0.3582,-0.0582,L2
3卖,威科夫得分大于7 + 火箭信号,110,0.0501,0.029,1.728,0.4909,0.3582,0.1327,L2
3卖,威科夫得分大于7 + 纳财,112,0.0455,0.0326,1.394,0.4375,0.3582,0.0793,L2
3卖,威科夫得分大于7 + 中枢上穿中轴,135,0.0455,0.0446,1.021,0.363,0.3582,0.0048,L2
3卖,威科夫得分大于7 + 大盘多头,632,0.2228,0.2031,1.097,0.3797,0.3582,0.0216,L2
3卖,威科夫得分大于7 + 大盘空头,207,0.0799,0.0627,1.274,0.4155,0.3582,0.0573,L2
3卖,威科夫得分大于7 + 大盘安全,807,0.2813,0.2611,1.077,0.3755,0.3582,0.0173,L2
3卖,威科夫得分大于7 + SID等于1,632,0.2228,0.2031,1.097,0.3797,0.3582,0.0216,L2
3卖,威科夫得分大于7 + SID等于2,528,0.1838,0.171,1.075,0.375,0.3582,0.0168,L2
3卖,威科夫得分大于7 + SID小于等于2,885,0.3036,0.2891,1.05,0.3695,0.3582,0.0113,L2
3卖,威科夫得分大于7 + 大盘5日上涨,893,0.3166,0.286,1.107,0.3819,0.3582,0.0237,L2
3卖,威科夫得分大于7 + 相对强弱大于0,966,0.3408,0.3104,1.098,0.3799,0.3582,0.0218,L2
3卖,威科夫得分大于7 + 相对强弱大于5,710,0.2683,0.2181,1.23,0.407,0.3582,0.0489,L2
3卖,威科夫得分大于7 + 量比>=1.3,393,0.1383,0.1264,1.094,0.3791,0.3582,0.021,L2
3卖,威科夫得分大于7 + 量比>=2,159,0.0604,0.0487,1.239,0.4088,0.3582,0.0506,L2
3卖,威科夫得分大于7 + 距前高<=10%,802,0.3083,0.2435,1.266,0.414,0.3582,0.0558,L2
3卖,威科夫得分大于7 + 距前低<=10%,73,0.0195,0.0269,0.724,0.2877,0.3582,-0.0705,L2
3卖,威科夫得分大于7 + 相对强弱>=0,916,0.3278,0.2917,1.124,0.3854,0.3582,0.0272,L2
3卖,威科夫得分大于7 + 相对强弱>=5,593,0.2238,0.1824,1.227,0.4064,0.3582,0.0482,L2
3卖,积累阶段 + 威科夫B1突破,69,0.0195,0.0249,0.784,0.3043,0.3582,-0.0538,L2
3卖,积累阶段 + 黄金柱,95,0.0241,0.0358,0.675,0.2737,0.3582,-0.0845,L2
3卖,积累阶段 + 量能金叉,248,0.0641,0.0927,0.691,0.2782,0.3582,-0.0799,L2
3卖,积累阶段 + 六脉红灯大于5,562,0.1495,0.2078,0.719,0.2865,0.3582,-0.0717,L2
3卖,积累阶段 + 六脉红灯大于6,533,0.1421,0.1969,0.722,0.2871,0.3582,-0.0711,L2
3卖,积累阶段 + 六脉6红首发,533,0.1421,0.1969,0.722,0.2871,0.3582,-0.0711,L2
3卖,积累阶段 + 六脉5红首发,562,0.1495,0.2078,0.719,0.2865,0.3582,-0.0717,L2
3卖,积累阶段 + 纳财,66,0.0214,0.0223,0.959,0.3485,0.3582,-0.0097,L2
3卖,积累阶段 + 中枢进机会区,82,0.0195,0.0316,0.617,0.2561,0.3582,-0.1021,L2
3卖,积累阶段 + 中枢上穿中轴,204,0.0613,0.0715,0.857,0.3235,0.3582,-0.0346,L2
3卖,积累阶段 + 中枢底部蓄力,110,0.0204,0.0456,0.448,0.2,0.3582,-0.1582,L2
3卖,积累阶段 + 中枢底部回升,137,0.0279,0.0554,0.502,0.219,0.3582,-0.1392,L2
3卖,积累阶段 + 大盘多头,215,0.0622,0.0767,0.811,0.3116,0.3582,-0.0465,L2
3卖,积累阶段 + 大盘空头,304,0.0631,0.1223,0.516,0.2237,0.3582,-0.1345,L2
3卖,积累阶段 + 大盘安全,337,0.1096,0.1135,0.966,0.3501,0.3582,-0.008,L2
3卖,积累阶段 + SID等于1,215,0.0622,0.0767,0.811,0.3116,0.3582,-0.0465,L2
3卖,积累阶段 + SID等于2,310,0.0938,0.1083,0.866,0.3258,0.3582,-0.0324,L2
3卖,积累阶段 + SID小于等于2,380,0.1253,0.1269,0.987,0.3553,0.3582,-0.0029,L2
3卖,积累阶段 + 大盘5日上涨,507,0.1356,0.187,0.725,0.288,0.3582,-0.0702,L2
3卖,积累阶段 + 相对强弱大于0,572,0.1467,0.2145,0.684,0.2762,0.3582,-0.0819,L2
3卖,积累阶段 + 相对强弱大于5,330,0.0752,0.129,0.583,0.2455,0.3582,-0.1127,L2
3卖,积累阶段 + 量比>=1.3,293,0.0724,0.1114,0.65,0.2662,0.3582,-0.092,L2
3卖,积累阶段 + 量比>=2,152,0.0409,0.056,0.73,0.2895,0.3582,-0.0687,L2
3卖,积累阶段 + 距前高<=10%,106,0.0446,0.0301,1.483,0.4528,0.3582,0.0947,L2
3卖,积累阶段 + 距前低<=10%,227,0.0659,0.0808,0.816,0.3128,0.3582,-0.0454,L2
3卖,积累阶段 + 相对强弱>=0,524,0.1309,0.1984,0.66,0.2691,0.3582,-0.0891,L2
3卖,积累阶段 + 相对强弱>=5,243,0.052,0.0969,0.537,0.2305,0.3582,-0.1277,L2
3卖,威科夫B1突破 + 量能金叉,61,0.0167,0.0223,0.75,0.2951,0.3582,-0.0631,L2
3卖,威科夫B1突破 + 六脉红灯大于5,95,0.0251,0.0352,0.712,0.2842,0.3582,-0.074,L2
3卖,威科夫B1突破 + 六脉红灯大于6,95,0.0251,0.0352,0.712,0.2842,0.3582,-0.074,L2
3卖,威科夫B1突破 + 六脉6红首发,95,0.0251,0.0352,0.712,0.2842,0.3582,-0.074,L2
3卖,威科夫B1突破 + 六脉5红首发,95,0.0251,0.0352,0.712,0.2842,0.3582,-0.074,L2
3卖,威科夫B1突破 + 中枢上穿中轴,58,0.013,0.0228,0.57,0.2414,0.3582,-0.1168,L2
3卖,威科夫B1突破 + 大盘安全,67,0.0241,0.0212,1.136,0.3881,0.3582,0.0299,L2
3卖,威科夫B1突破 + SID等于2,64,0.0204,0.0218,0.939,0.3438,0.3582,-0.0144,L2
3卖,威科夫B1突破 + SID小于等于2,74,0.0251,0.0244,1.029,0.3649,0.3582,0.0067,L2
3卖,威科夫B1突破 + 大盘5日上涨,82,0.0232,0.0295,0.786,0.3049,0.3582,-0.0533,L2
3卖,威科夫B1突破 + 相对强弱大于0,95,0.026,0.0347,0.749,0.2947,0.3582,-0.0634,L2
3卖,威科夫B1突破 + 相对强弱大于5,74,0.0158,0.0295,0.534,0.2297,0.3582,-0.1284,L2
3卖,威科夫B1突破 + 量比>=1.3,75,0.0195,0.028,0.697,0.28,0.3582,-0.0782,L2
3卖,威科夫B1突破 + 相对强弱>=0,91,0.026,0.0326,0.796,0.3077,0.3582,-0.0505,L2
3卖,威科夫B1突破 + 相对强弱>=5,65,0.013,0.0264,0.492,0.2154,0.3582,-0.1428,L2
3卖,黄金柱 + 量能金叉,157,0.0427,0.0575,0.743,0.293,0.3582,-0.0652,L2
3卖,黄金柱 + 六脉红灯大于5,267,0.0771,0.0953,0.808,0.3109,0.3582,-0.0473,L2
3卖,黄金柱 + 六脉红灯大于6,247,0.0678,0.0902,0.752,0.2955,0.3582,-0.0626,L2
3卖,黄金柱 + 六脉6红首发,247,0.0678,0.0902,0.752,0.2955,0.3582,-0.0626,L2
3卖,黄金柱 + 六脉5红首发,267,0.0771,0.0953,0.808,0.3109,0.3582,-0.0473,L2
3卖,黄金柱 + 中枢上穿中轴,92,0.0279,0.0321,0.867,0.3261,0.3582,-0.0321,L2
3卖,黄金柱 + 中枢底部回升,59,0.0149,0.0223,0.667,0.2712,0.3582,-0.087,L2
3卖,黄金柱 + 大盘多头,114,0.0334,0.0404,0.827,0.3158,0.3582,-0.0424,L2
3卖,黄金柱 + 大盘空头,121,0.0306,0.0456,0.672,0.2727,0.3582,-0.0854,L2
3卖,黄金柱 + 大盘安全,178,0.0576,0.0601,0.958,0.3483,0.3582,-0.0098,L2
3卖,黄金柱 + SID等于1,114,0.0334,0.0404,0.827,0.3158,0.3582,-0.0424,L2
3卖,黄金柱 + SID等于2,152,0.0539,0.0487,1.106,0.3816,0.3582,0.0234,L2
3卖,黄金柱 + SID小于等于2,203,0.0678,0.0674,1.006,0.3596,0.3582,0.0014,L2
3卖,黄金柱 + 大盘5日上涨,248,0.0743,0.087,0.853,0.3226,0.3582,-0.0356,L2
3卖,黄金柱 + 相对强弱大于0,277,0.0836,0.0969,0.862,0.3249,0.3582,-0.0333,L2
3卖,黄金柱 + 相对强弱大于5,135,0.0427,0.0461,0.926,0.3407,0.3582,-0.0174,L2
3卖,黄金柱 + 量比>=1.3,167,0.0492,0.0591,0.833,0.3174,0.3582,-0.0408,L2
3卖,黄金柱 + 量比>=2,94,0.0316,0.0311,1.015,0.3617,0.3582,0.0035,L2
3卖,黄金柱 + 距前高<=10%,155,0.0539,0.0503,1.072,0.3742,0.3582,0.016,L2
3卖,黄金柱 + 距前低<=10%,82,0.0204,0.0311,0.657,0.2683,0.3582,-0.0899,L2
3卖,黄金柱 + 相对强弱>=0,248,0.0771,0.0855,0.901,0.3347,0.3582,-0.0235,L2
3卖,黄金柱 + 相对强弱>=5,93,0.0297,0.0316,0.94,0.3441,0.3582,-0.0141,L2
3卖,量能金叉 + 六脉红灯大于5,963,0.2906,0.3368,0.863,0.325,0.3582,-0.0331,L2
3卖,量能金叉 + 六脉红灯大于6,917,0.2702,0.3244,0.833,0.3173,0.3582,-0.0408,L2
3卖,量能金叉 + 六脉6红首发,917,0.2702,0.3244,0.833,0.3173,0.3582,-0.0408,L2
3卖,量能金叉 + 六脉5红首发,963,0.2906,0.3368,0.863,0.325,0.3582,-0.0331,L2
3卖,量能金叉 + 偏多共振,79,0.0232,0.028,0.83,0.3165,0.3582,-0.0417,L2
3卖,量能金叉 + 多头共振,79,0.0232,0.028,0.83,0.3165,0.3582,-0.0417,L2
3卖,量能金叉 + 火箭信号,128,0.0446,0.0415,1.075,0.375,0.3582,0.0168,L2
3卖,量能金叉 + 纳财,130,0.0492,0.0399,1.233,0.4077,0.3582,0.0495,L2
3卖,量能金叉 + 中枢进机会区,67,0.0204,0.0233,0.876,0.3284,0.3582,-0.0298,L2
3卖,量能金叉 + 中枢上穿中轴,340,0.1096,0.115,0.953,0.3471,0.3582,-0.0111,L2
3卖,量能金叉 + 中枢底部蓄力,100,0.0269,0.0368,0.732,0.29,0.3582,-0.0682,L2
3卖,量能金叉 + 中枢底部回升,125,0.0353,0.0451,0.783,0.304,0.3582,-0.0542,L2
3卖,量能金叉 + 大盘多头,487,0.143,0.1725,0.829,0.3162,0.3582,-0.0419,L2
3卖,量能金叉 + 大盘空头,377,0.1086,0.1347,0.806,0.3103,0.3582,-0.0478,L2
3卖,量能金叉 + 大盘安全,716,0.234,0.2404,0.973,0.352,0.3582,-0.0062,L2
3卖,量能金叉 + SID等于1,487,0.143,0.1725,0.829,0.3162,0.3582,-0.0419,L2
3卖,量能金叉 + SID等于2,541,0.1773,0.1813,0.978,0.353,0.3582,-0.0051,L2
3卖,量能金叉 + SID小于等于2,785,0.2544,0.2648,0.961,0.349,0.3582,-0.0091,L2
3卖,量能金叉 + 大盘5日上涨,880,0.2739,0.3031,0.904,0.3352,0.3582,-0.0229,L2
3卖,量能金叉 + 相对强弱大于0,972,0.2916,0.3409,0.855,0.323,0.3582,-0.0351,L2
3卖,量能金叉 + 相对强弱大于5,659,0.2108,0.2238,0.942,0.3445,0.3582,-0.0137,L2
3卖,量能金叉 + 量比>=1.3,631,0.1922,0.2197,0.875,0.3281,0.3582,-0.0301,L2
3卖,量能金叉 + 量比>=2,354,0.1077,0.1233,0.873,0.3277,0.3582,-0.0305,L2
3卖,量能金叉 + 距前高<=10%,540,0.195,0.171,1.14,0.3889,0.3582,0.0307,L2
3卖,量能金叉 + 距前低<=10%,194,0.0566,0.0689,0.822,0.3144,0.3582,-0.0437,L2
3卖,量能金叉 + 相对强弱>=0,916,0.2786,0.3192,0.873,0.3275,0.3582,-0.0307,L2
3卖,量能金叉 + 相对强弱>=5,533,0.1588,0.1876,0.847,0.3208,0.3582,-0.0373,L2
3卖,六脉红灯大于5 + 六脉红灯大于6,2678,0.8812,0.8959,0.984,0.3544,0.3582,-0.0038,L2
3卖,六脉红灯大于5 + 六脉6红首发,2678,0.8812,0.8959,0.984,0.3544,0.3582,-0.0038,L2
3卖,六脉红灯大于5 + 六脉5红首发,2836,0.9434,0.943,1.0,0.3583,0.3582,0.0001,L2
3卖,六脉红灯大于5 + 偏多共振,239,0.065,0.0876,0.742,0.2929,0.3582,-0.0653,L2
3卖,六脉红灯大于5 + 多头共振,239,0.065,0.0876,0.742,0.2929,0.3582,-0.0653,L2
3卖,六脉红灯大于5 + 火箭信号,311,0.1309,0.0881,1.486,0.4534,0.3582,0.0952,L2
3卖,六脉红灯大于5 + 纳财,316,0.1263,0.0933,1.354,0.4304,0.3582,0.0722,L2
3卖,六脉红灯大于5 + 中枢进机会区,148,0.0418,0.0534,0.783,0.3041,0.3582,-0.0541,L2
3卖,六脉红灯大于5 + 中枢极限底,53,0.0176,0.0176,1.001,0.3585,0.3582,0.0003,L2
3卖,六脉红灯大于5 + 中枢上穿中轴,676,0.234,0.2197,1.065,0.3728,0.3582,0.0146,L2
3卖,六脉红灯大于5 + 中枢底部蓄力,213,0.0557,0.0793,0.703,0.2817,0.3582,-0.0765,L2
3卖,六脉红灯大于5 + 中枢底部回升,273,0.0724,0.101,0.717,0.2857,0.3582,-0.0724,L2
3卖,六脉红灯大于5 + 大盘多头,1437,0.4875,0.4725,1.032,0.3653,0.3582,0.0072,L2
3卖,六脉红灯大于5 + 大盘空头,976,0.2999,0.3383,0.886,0.3309,0.3582,-0.0272,L2
3卖,六脉红灯大于5 + 大盘安全,2074,0.7493,0.6565,1.141,0.3891,0.3582,0.0309,L2
3卖,六脉红灯大于5 + SID等于1,1437,0.4875,0.4725,1.032,0.3653,0.3582,0.0072,L2
3卖,六脉红灯大于5 + SID等于2,1540,0.558,0.4865,1.147,0.3903,0.3582,0.0321,L2
3卖,六脉红灯大于5 + SID小于等于2,2267,0.8097,0.7228,1.12,0.3846,0.3582,0.0265,L2
3卖,六脉红灯大于5 + 大盘5日上涨,2511,0.8542,0.8244,1.036,0.3664,0.3582,0.0082,L2
3卖,六脉红灯大于5 + 相对强弱大于0,2752,0.9192,0.913,1.007,0.3597,0.3582,0.0016,L2
3卖,六脉红灯大于5 + 相对强弱大于5,1948,0.6862,0.6264,1.095,0.3794,0.3582,0.0212,L2
3卖,六脉红灯大于5 + 量比>=1.3,1239,0.4197,0.4078,1.029,0.3648,0.3582,0.0066,L2
3卖,六脉红灯大于5 + 量比>=2,588,0.208,0.1886,1.103,0.381,0.3582,0.0228,L2
3卖,六脉红灯大于5 + 距前高<=10%,1679,0.6648,0.499,1.332,0.4264,0.3582,0.0683,L2
3卖,六脉红灯大于5 + 距前低<=10%,475,0.1448,0.1653,0.876,0.3284,0.3582,-0.0297,L2
3卖,六脉红灯大于5 + 相对强弱>=0,2595,0.8747,0.8565,1.021,0.363,0.3582,0.0048,L2
3卖,六脉红灯大于5 + 相对强弱>=5,1590,0.5552,0.514,1.08,0.3761,0.3582,0.0179,L2
3卖,六脉红灯大于6 + 六脉6红首发,2678,0.8812,0.8959,0.984,0.3544,0.3582,-0.0038,L2
3卖,六脉红灯大于6 + 六脉5红首发,2678,0.8812,0.8959,0.984,0.3544,0.3582,-0.0038,L2
3卖,六脉红灯大于6 + 偏多共振,224,0.0604,0.0824,0.733,0.2902,0.3582,-0.068,L2
3卖,六脉红灯大于6 + 多头共振,224,0.0604,0.0824,0.733,0.2902,0.3582,-0.068,L2
3卖,六脉红灯大于6 + 火箭信号,307,0.1291,0.087,1.483,0.4528,0.3582,0.0946,L2
3卖,六脉红灯大于6 + 纳财,308,0.1244,0.0902,1.38,0.4351,0.3582,0.0769,L2
3卖,六脉红灯大于6 + 中枢进机会区,137,0.0381,0.0497,0.765,0.2993,0.3582,-0.0589,L2
3卖,六脉红灯大于6 + 中枢上穿中轴,657,0.2303,0.2119,1.087,0.3775,0.3582,0.0193,L2
3卖,六脉红灯大于6 + 中枢底部蓄力,209,0.0529,0.0788,0.672,0.2727,0.3582,-0.0854,L2
3卖,六脉红灯大于6 + 中枢底部回升,269,0.0696,0.1005,0.693,0.2788,0.3582,-0.0794,L2
3卖,六脉红灯大于6 + 大盘多头,1352,0.4578,0.4451,1.028,0.3646,0.3582,0.0065,L2
3卖,六脉红灯大于6 + 大盘空头,939,0.2841,0.328,0.866,0.3259,0.3582,-0.0323,L2
3卖,六脉红灯大于6 + 大盘安全,1955,0.7029,0.6207,1.132,0.3872,0.3582,0.029,L2
3卖,六脉红灯大于6 + SID等于1,1352,0.4578,0.4451,1.028,0.3646,0.3582,0.0065,L2
3卖,六脉红灯大于6 + SID等于2,1442,0.52,0.457,1.138,0.3883,0.3582,0.0302,L2
3卖,六脉红灯大于6 + SID小于等于2,2135,0.7577,0.6834,1.109,0.3822,0.3582,0.024,L2
3卖,六脉红灯大于6 + 大盘5日上涨,2379,0.8004,0.786,1.018,0.3623,0.3582,0.0042,L2
3卖,六脉红灯大于6 + 相对强弱大于0,2602,0.8607,0.8679,0.992,0.3563,0.3582,-0.0019,L2
3卖,六脉红灯大于6 + 相对强弱大于5,1861,0.6481,0.6026,1.076,0.3751,0.3582,0.0169,L2
3卖,六脉红灯大于6 + 量比>=1.3,1187,0.4002,0.3917,1.022,0.3631,0.3582,0.0049,L2
3卖,六脉红灯大于6 + 量比>=2,566,0.1987,0.1824,1.089,0.3781,0.3582,0.0199,L2
3卖,六脉红灯大于6 + 距前高<=10%,1580,0.6221,0.4715,1.319,0.4241,0.3582,0.0659,L2
3卖,六脉红灯大于6 + 距前低<=10%,450,0.1365,0.157,0.869,0.3267,0.3582,-0.0315,L2
3卖,六脉红灯大于6 + 相对强弱>=0,2459,0.8236,0.8145,1.011,0.3607,0.3582,0.0026,L2
3卖,六脉红灯大于6 + 相对强弱>=5,1523,0.5255,0.4959,1.06,0.3716,0.3582,0.0135,L2
3卖,六脉6红首发 + 六脉5红首发,2678,0.8812,0.8959,0.984,0.3544,0.3582,-0.0038,L2
3卖,六脉6红首发 + 偏多共振,224,0.0604,0.0824,0.733,0.2902,0.3582,-0.068,L2
3卖,六脉6红首发 + 多头共振,224,0.0604,0.0824,0.733,0.2902,0.3582,-0.068,L2
3卖,六脉6红首发 + 火箭信号,307,0.1291,0.087,1.483,0.4528,0.3582,0.0946,L2
3卖,六脉6红首发 + 纳财,308,0.1244,0.0902,1.38,0.4351,0.3582,0.0769,L2
3卖,六脉6红首发 + 中枢进机会区,137,0.0381,0.0497,0.765,0.2993,0.3582,-0.0589,L2
3卖,六脉6红首发 + 中枢上穿中轴,657,0.2303,0.2119,1.087,0.3775,0.3582,0.0193,L2
3卖,六脉6红首发 + 中枢底部蓄力,209,0.0529,0.0788,0.672,0.2727,0.3582,-0.0854,L2
3卖,六脉6红首发 + 中枢底部回升,269,0.0696,0.1005,0.693,0.2788,0.3582,-0.0794,L2
3卖,六脉6红首发 + 大盘多头,1352,0.4578,0.4451,1.028,0.3646,0.3582,0.0065,L2
3卖,六脉6红首发 + 大盘空头,939,0.2841,0.328,0.866,0.3259,0.3582,-0.0323,L2
3卖,六脉6红首发 + 大盘安全,1955,0.7029,0.6207,1.132,0.3872,0.3582,0.029,L2
3卖,六脉6红首发 + SID等于1,1352,0.4578,0.4451,1.028,0.3646,0.3582,0.0065,L2
3卖,六脉6红首发 + SID等于2,1442,0.52,0.457,1.138,0.3883,0.3582,0.0302,L2
3卖,六脉6红首发 + SID小于等于2,2135,0.7577,0.6834,1.109,0.3822,0.3582,0.024,L2
3卖,六脉6红首发 + 大盘5日上涨,2379,0.8004,0.786,1.018,0.3623,0.3582,0.0042,L2
3卖,六脉6红首发 + 相对强弱大于0,2602,0.8607,0.8679,0.992,0.3563,0.3582,-0.0019,L2
3卖,六脉6红首发 + 相对强弱大于5,1861,0.6481,0.6026,1.076,0.3751,0.3582,0.0169,L2
3卖,六脉6红首发 + 量比>=1.3,1187,0.4002,0.3917,1.022,0.3631,0.3582,0.0049,L2
3卖,六脉6红首发 + 量比>=2,566,0.1987,0.1824,1.089,0.3781,0.3582,0.0199,L2
3卖,六脉6红首发 + 距前高<=10%,1580,0.6221,0.4715,1.319,0.4241,0.3582,0.0659,L2
3卖,六脉6红首发 + 距前低<=10%,450,0.1365,0.157,0.869,0.3267,0.3582,-0.0315,L2
3卖,六脉6红首发 + 相对强弱>=0,2459,0.8236,0.8145,1.011,0.3607,0.3582,0.0026,L2
3卖,六脉6红首发 + 相对强弱>=5,1523,0.5255,0.4959,1.06,0.3716,0.3582,0.0135,L2
3卖,六脉5红首发 + 偏多共振,239,0.065,0.0876,0.742,0.2929,0.3582,-0.0653,L2
3卖,六脉5红首发 + 多头共振,239,0.065,0.0876,0.742,0.2929,0.3582,-0.0653,L2
3卖,六脉5红首发 + 火箭信号,311,0.1309,0.0881,1.486,0.4534,0.3582,0.0952,L2
3卖,六脉5红首发 + 纳财,316,0.1263,0.0933,1.354,0.4304,0.3582,0.0722,L2
3卖,六脉5红首发 + 中枢进机会区,148,0.0418,0.0534,0.783,0.3041,0.3582,-0.0541,L2
3卖,六脉5红首发 + 中枢极限底,53,0.0176,0.0176,1.001,0.3585,0.3582,0.0003,L2
3卖,六脉5红首发 + 中枢上穿中轴,676,0.234,0.2197,1.065,0.3728,0.3582,0.0146,L2
3卖,六脉5红首发 + 中枢底部蓄力,213,0.0557,0.0793,0.703,0.2817,0.3582,-0.0765,L2
3卖,六脉5红首发 + 中枢底部回升,273,0.0724,0.101,0.717,0.2857,0.3582,-0.0724,L2
3卖,六脉5红首发 + 大盘多头,1437,0.4875,0.4725,1.032,0.3653,0.3582,0.0072,L2
3卖,六脉5红首发 + 大盘空头,976,0.2999,0.3383,0.886,0.3309,0.3582,-0.0272,L2
3卖,六脉5红首发 + 大盘安全,2074,0.7493,0.6565,1.141,0.3891,0.3582,0.0309,L2
3卖,六脉5红首发 + SID等于1,1437,0.4875,0.4725,1.032,0.3653,0.3582,0.0072,L2
3卖,六脉5红首发 + SID等于2,1540,0.558,0.4865,1.147,0.3903,0.3582,0.0321,L2
3卖,六脉5红首发 + SID小于等于2,2267,0.8097,0.7228,1.12,0.3846,0.3582,0.0265,L2
3卖,六脉5红首发 + 大盘5日上涨,2511,0.8542,0.8244,1.036,0.3664,0.3582,0.0082,L2
3卖,六脉5红首发 + 相对强弱大于0,2752,0.9192,0.913,1.007,0.3597,0.3582,0.0016,L2
3卖,六脉5红首发 + 相对强弱大于5,1948,0.6862,0.6264,1.095,0.3794,0.3582,0.0212,L2
3卖,六脉5红首发 + 量比>=1.3,1239,0.4197,0.4078,1.029,0.3648,0.3582,0.0066,L2
3卖,六脉5红首发 + 量比>=2,588,0.208,0.1886,1.103,0.381,0.3582,0.0228,L2
3卖,六脉5红首发 + 距前高<=10%,1679,0.6648,0.499,1.332,0.4264,0.3582,0.0683,L2
3卖,六脉5红首发 + 距前低<=10%,475,0.1448,0.1653,0.876,0.3284,0.3582,-0.0297,L2
3卖,六脉5红首发 + 相对强弱>=0,2595,0.8747,0.8565,1.021,0.363,0.3582,0.0048,L2
3卖,六脉5红首发 + 相对强弱>=5,1590,0.5552,0.514,1.08,0.3761,0.3582,0.0179,L2
3卖,偏多共振 + 多头共振,265,0.0752,0.0953,0.789,0.3057,0.3582,-0.0525,L2
3卖,偏多共振 + 大盘多头,159,0.0409,0.0596,0.686,0.2767,0.3582,-0.0814,L2
3卖,偏多共振 + 大盘空头,60,0.0214,0.0192,1.114,0.3833,0.3582,0.0252,L2
3卖,偏多共振 + 大盘安全,214,0.0557,0.0798,0.698,0.2804,0.3582,-0.0778,L2
3卖,偏多共振 + SID等于1,159,0.0409,0.0596,0.686,0.2767,0.3582,-0.0814,L2
3卖,偏多共振 + SID等于2,127,0.0334,0.0472,0.709,0.2835,0.3582,-0.0747,L2
3卖,偏多共振 + SID小于等于2,236,0.0622,0.0876,0.71,0.2839,0.3582,-0.0743,L2
3卖,偏多共振 + 大盘5日上涨,227,0.0659,0.0808,0.816,0.3128,0.3582,-0.0454,L2
3卖,偏多共振 + 相对强弱大于0,254,0.0734,0.0907,0.809,0.311,0.3582,-0.0471,L2
3卖,偏多共振 + 相对强弱大于5,184,0.0585,0.0627,0.933,0.3424,0.3582,-0.0158,L2
3卖,偏多共振 + 量比>=1.3,95,0.0279,0.0337,0.827,0.3158,0.3582,-0.0424,L2
3卖,偏多共振 + 距前高<=10%,226,0.0659,0.0803,0.821,0.3142,0.3582,-0.044,L2
3卖,偏多共振 + 相对强弱>=0,240,0.0696,0.0855,0.815,0.3125,0.3582,-0.0457,L2
3卖,偏多共振 + 相对强弱>=5,142,0.0455,0.0482,0.944,0.3451,0.3582,-0.0131,L2
3卖,多头共振 + 大盘多头,159,0.0409,0.0596,0.686,0.2767,0.3582,-0.0814,L2
3卖,多头共振 + 大盘空头,60,0.0214,0.0192,1.114,0.3833,0.3582,0.0252,L2
3卖,多头共振 + 大盘安全,214,0.0557,0.0798,0.698,0.2804,0.3582,-0.0778,L2
3卖,多头共振 + SID等于1,159,0.0409,0.0596,0.686,0.2767,0.3582,-0.0814,L2
3卖,多头共振 + SID等于2,127,0.0334,0.0472,0.709,0.2835,0.3582,-0.0747,L2
3卖,多头共振 + SID小于等于2,236,0.0622,0.0876,0.71,0.2839,0.3582,-0.0743,L2
3卖,多头共振 + 大盘5日上涨,227,0.0659,0.0808,0.816,0.3128,0.3582,-0.0454,L2
3卖,多头共振 + 相对强弱大于0,254,0.0734,0.0907,0.809,0.311,0.3582,-0.0471,L2
3卖,多头共振 + 相对强弱大于5,184,0.0585,0.0627,0.933,0.3424,0.3582,-0.0158,L2
3卖,多头共振 + 量比>=1.3,95,0.0279,0.0337,0.827,0.3158,0.3582,-0.0424,L2
3卖,多头共振 + 距前高<=10%,226,0.0659,0.0803,0.821,0.3142,0.3582,-0.044,L2
3卖,多头共振 + 相对强弱>=0,240,0.0696,0.0855,0.815,0.3125,0.3582,-0.0457,L2
3卖,多头共振 + 相对强弱>=5,142,0.0455,0.0482,0.944,0.3451,0.3582,-0.0131,L2
3卖,火箭信号 + 纳财,54,0.0297,0.0114,2.607,0.5926,0.3582,0.2344,L2
3卖,火箭信号 + 中枢上穿中轴,119,0.0511,0.0332,1.54,0.4622,0.3582,0.104,L2
3卖,火箭信号 + 大盘多头,167,0.0789,0.0425,1.858,0.509,0.3582,0.1508,L2
3卖,火箭信号 + 大盘空头,115,0.0427,0.0358,1.195,0.4,0.3582,0.0418,L2
3卖,火箭信号 + 大盘安全,223,0.1003,0.0596,1.683,0.4843,0.3582,0.1261,L2
3卖,火箭信号 + SID等于1,167,0.0789,0.0425,1.858,0.509,0.3582,0.1508,L2
3卖,火箭信号 + SID等于2,183,0.0752,0.0528,1.423,0.4426,0.3582,0.0845,L2
3卖,火箭信号 + SID小于等于2,245,0.1068,0.0674,1.585,0.4694,0.3582,0.1112,L2
3卖,火箭信号 + 大盘5日上涨,265,0.1105,0.0756,1.461,0.4491,0.3582,0.0909,L2
3卖,火箭信号 + 相对强弱大于0,308,0.1272,0.0886,1.436,0.4448,0.3582,0.0866,L2
3卖,火箭信号 + 相对强弱大于5,288,0.1198,0.0824,1.454,0.4479,0.3582,0.0898,L2
3卖,火箭信号 + 量比>=1.3,278,0.1151,0.0798,1.443,0.446,0.3582,0.0879,L2
3卖,火箭信号 + 量比>=2,213,0.0836,0.0637,1.311,0.4225,0.3582,0.0644,L2
3卖,火箭信号 + 距前高<=10%,192,0.0984,0.0446,2.209,0.5521,0.3582,0.1939,L2
3卖,火箭信号 + 相对强弱>=0,300,0.1253,0.0855,1.466,0.45,0.3582,0.0918,L2
3卖,火箭信号 + 相对强弱>=5,274,0.1161,0.0772,1.503,0.4562,0.3582,0.098,L2
3卖,纳财 + 中枢上穿中轴,85,0.0334,0.0254,1.317,0.4235,0.3582,0.0654,L2
3卖,纳财 + 大盘多头,160,0.0696,0.044,1.581,0.4688,0.3582,0.1106,L2
3卖,纳财 + 大盘空头,102,0.0353,0.0332,1.064,0.3725,0.3582,0.0144,L2
3卖,纳财 + 大盘安全,237,0.1068,0.0632,1.689,0.4852,0.3582,0.1271,L2
3卖,纳财 + SID等于1,160,0.0696,0.044,1.581,0.4688,0.3582,0.1106,L2
3卖,纳财 + SID等于2,165,0.0659,0.0487,1.354,0.4303,0.3582,0.0721,L2
3卖,纳财 + SID小于等于2,260,0.1123,0.072,1.56,0.4654,0.3582,0.1072,L2
3卖,纳财 + 大盘5日上涨,283,0.1179,0.0808,1.459,0.4488,0.3582,0.0906,L2
3卖,纳财 + 相对强弱大于0,316,0.1272,0.0927,1.372,0.4335,0.3582,0.0754,L2
3卖,纳财 + 相对强弱大于5,244,0.1012,0.0699,1.447,0.4467,0.3582,0.0886,L2
3卖,纳财 + 量比>=1.3,164,0.0696,0.0461,1.51,0.4573,0.3582,0.0992,L2
3卖,纳财 + 量比>=2,88,0.039,0.0238,1.636,0.4773,0.3582,0.1191,L2
3卖,纳财 + 距前高<=10%,198,0.0929,0.0508,1.829,0.5051,0.3582,0.1469,L2
3卖,纳财 + 相对强弱>=0,299,0.1207,0.0876,1.378,0.4348,0.3582,0.0766,L2
3卖,纳财 + 相对强弱>=5,208,0.0854,0.0601,1.421,0.4423,0.3582,0.0841,L2
3卖,中枢进机会区 + 中枢极限底,56,0.0186,0.0187,0.996,0.3571,0.3582,-0.001,L2
3卖,中枢进机会区 + 中枢底部蓄力,58,0.0139,0.0223,0.625,0.2586,0.3582,-0.0995,L2
3卖,中枢进机会区 + 中枢底部回升,63,0.0167,0.0233,0.717,0.2857,0.3582,-0.0724,L2
3卖,中枢进机会区 + 大盘空头,90,0.0214,0.0347,0.615,0.2556,0.3582,-0.1026,L2
3卖,中枢进机会区 + 大盘安全,77,0.0232,0.0269,0.862,0.3247,0.3582,-0.0335,L2
3卖,中枢进机会区 + SID等于2,83,0.0204,0.0316,0.646,0.2651,0.3582,-0.0931,L2
3卖,中枢进机会区 + SID小于等于2,96,0.0288,0.0337,0.855,0.3229,0.3582,-0.0352,L2
3卖,中枢进机会区 + 大盘5日上涨,129,0.0362,0.0466,0.777,0.3023,0.3582,-0.0558,L2
3卖,中枢进机会区 + 相对强弱大于0,141,0.0409,0.0503,0.813,0.3121,0.3582,-0.0461,L2
3卖,中枢进机会区 + 相对强弱大于5,73,0.0223,0.0254,0.878,0.3288,0.3582,-0.0294,L2
3卖,中枢进机会区 + 量比>=1.3,96,0.0251,0.0358,0.701,0.2812,0.3582,-0.0769,L2
3卖,中枢进机会区 + 量比>=2,58,0.013,0.0228,0.57,0.2414,0.3582,-0.1168,L2
3卖,中枢进机会区 + 距前低<=10%,72,0.0186,0.0269,0.689,0.2778,0.3582,-0.0804,L2
3卖,中枢进机会区 + 相对强弱>=0,126,0.0381,0.044,0.864,0.3254,0.3582,-0.0328,L2
3卖,中枢进机会区 + 相对强弱>=5,57,0.0176,0.0197,0.896,0.3333,0.3582,-0.0248,L2
3卖,中枢极限底 + 相对强弱大于0,51,0.0167,0.0171,0.977,0.3529,0.3582,-0.0052,L2
3卖,中枢上穿中轴 + 中枢底部蓄力,94,0.0269,0.0337,0.8,0.3085,0.3582,-0.0497,L2
3卖,中枢上穿中轴 + 中枢底部回升,140,0.0409,0.0497,0.821,0.3143,0.3582,-0.0439,L2
3卖,中枢上穿中轴 + 大盘多头,226,0.0901,0.0668,1.347,0.4292,0.3582,0.071,L2
3卖,中枢上穿中轴 + 大盘空头,361,0.1133,0.1238,0.915,0.338,0.3582,-0.0202,L2
3卖,中枢上穿中轴 + 大盘安全,429,0.1736,0.1254,1.385,0.4359,0.3582,0.0777,L2
3卖,中枢上穿中轴 + SID等于1,226,0.0901,0.0668,1.347,0.4292,0.3582,0.071,L2
3卖,中枢上穿中轴 + SID等于2,380,0.1523,0.1119,1.361,0.4316,0.3582,0.0734,L2
3卖,中枢上穿中轴 + SID小于等于2,480,0.1894,0.143,1.325,0.425,0.3582,0.0668,L2
3卖,中枢上穿中轴 + 大盘5日上涨,580,0.2089,0.1839,1.136,0.3879,0.3582,0.0298,L2
3卖,中枢上穿中轴 + 相对强弱大于0,659,0.2293,0.2135,1.074,0.3748,0.3582,0.0166,L2
3卖,中枢上穿中轴 + 相对强弱大于5,464,0.1625,0.1497,1.085,0.3772,0.3582,0.019,L2
3卖,中枢上穿中轴 + 量比>=1.3,408,0.1458,0.1301,1.121,0.3848,0.3582,0.0266,L2
3卖,中枢上穿中轴 + 量比>=2,225,0.0836,0.0699,1.195,0.4,0.3582,0.0418,L2
3卖,中枢上穿中轴 + 距前高<=10%,307,0.1337,0.0845,1.583,0.4691,0.3582,0.1109,L2
3卖,中枢上穿中轴 + 距前低<=10%,189,0.0631,0.0627,1.007,0.3598,0.3582,0.0016,L2
3卖,中枢上穿中轴 + 相对强弱>=0,618,0.2182,0.1984,1.1,0.3803,0.3582,0.0221,L2
3卖,中枢上穿中轴 + 相对强弱>=5,379,0.1281,0.1249,1.026,0.3641,0.3582,0.006,L2
3卖,中枢底部蓄力 + 中枢底部回升,213,0.0548,0.0798,0.687,0.277,0.3582,-0.0812,L2
3卖,中枢底部蓄力 + 大盘空头,151,0.0371,0.0575,0.646,0.2649,0.3582,-0.0933,L2
3卖,中枢底部蓄力 + 大盘安全,121,0.0399,0.0404,0.988,0.3554,0.3582,-0.0028,L2
3卖,中枢底部蓄力 + SID等于2,120,0.0362,0.042,0.863,0.325,0.3582,-0.0332,L2
3卖,中枢底部蓄力 + SID小于等于2,134,0.0436,0.0451,0.968,0.3507,0.3582,-0.0074,L2
3卖,中枢底部蓄力 + 大盘5日上涨,197,0.0539,0.072,0.748,0.2944,0.3582,-0.0637,L2
3卖,中枢底部蓄力 + 相对强弱大于0,202,0.0529,0.0751,0.704,0.2822,0.3582,-0.076,L2
3卖,中枢底部蓄力 + 相对强弱大于5,104,0.026,0.0394,0.66,0.2692,0.3582,-0.0889,L2
3卖,中枢底部蓄力 + 量比>=1.3,127,0.0297,0.0492,0.604,0.252,0.3582,-0.1062,L2
3卖,中枢底部蓄力 + 量比>=2,69,0.0167,0.0264,0.632,0.2609,0.3582,-0.0973,L2
3卖,中枢底部蓄力 + 距前低<=10%,93,0.0223,0.0358,0.623,0.2581,0.3582,-0.1001,L2
3卖,中枢底部蓄力 + 相对强弱>=0,178,0.0436,0.0679,0.643,0.264,0.3582,-0.0941,L2
3卖,中枢底部蓄力 + 相对强弱>=5,76,0.0195,0.0285,0.684,0.2763,0.3582,-0.0818,L2
3卖,中枢底部回升 + 大盘空头,189,0.0436,0.0736,0.593,0.2487,0.3582,-0.1095,L2
3卖,中枢底部回升 + 大盘安全,154,0.052,0.0508,1.024,0.3636,0.3582,0.0055,L2
3卖,中枢底部回升 + SID等于2,153,0.0474,0.0528,0.896,0.3333,0.3582,-0.0248,L2
3卖,中枢底部回升 + SID小于等于2,174,0.0576,0.058,0.992,0.3563,0.3582,-0.0018,L2
3卖,中枢底部回升 + 大盘5日上涨,246,0.0659,0.0907,0.727,0.2886,0.3582,-0.0695,L2
3卖,中枢底部回升 + 相对强弱大于0,261,0.0696,0.0964,0.723,0.2874,0.3582,-0.0708,L2
3卖,中枢底部回升 + 相对强弱大于5,143,0.0371,0.0534,0.696,0.2797,0.3582,-0.0784,L2
3卖,中枢底部回升 + 量比>=1.3,159,0.0409,0.0596,0.686,0.2767,0.3582,-0.0814,L2
3卖,中枢底部回升 + 量比>=2,85,0.0223,0.0316,0.705,0.2824,0.3582,-0.0758,L2
3卖,中枢底部回升 + 距前高<=10%,66,0.0241,0.0207,1.165,0.3939,0.3582,0.0358,L2
3卖,中枢底部回升 + 距前低<=10%,117,0.0297,0.044,0.675,0.2735,0.3582,-0.0847,L2
3卖,中枢底部回升 + 相对强弱>=0,234,0.0594,0.0881,0.675,0.2735,0.3582,-0.0847,L2
3卖,中枢底部回升 + 相对强弱>=5,106,0.0306,0.0378,0.81,0.3113,0.3582,-0.0468,L2
3卖,大盘多头 + 大盘安全,1516,0.5153,0.4979,1.035,0.3661,0.3582,0.0079,L2
3卖,大盘多头 + SID等于1,1516,0.5153,0.4979,1.035,0.3661,0.3582,0.0079,L2
3卖,大盘多头 + SID等于2,754,0.2498,0.2513,0.994,0.3568,0.3582,-0.0014,L2
3卖,大盘多头 + SID小于等于2,1516,0.5153,0.4979,1.035,0.3661,0.3582,0.0079,L2
3卖,大盘多头 + 大盘5日上涨,1471,0.5005,0.4829,1.036,0.3664,0.3582,0.0083,L2
3卖,大盘多头 + 相对强弱大于0,1448,0.4949,0.4741,1.044,0.3681,0.3582,0.0099,L2
3卖,大盘多头 + 相对强弱大于5,979,0.3677,0.3021,1.217,0.4045,0.3582,0.0463,L2
3卖,大盘多头 + 量比>=1.3,662,0.2331,0.213,1.094,0.3792,0.3582,0.021,L2
3卖,大盘多头 + 量比>=2,321,0.1207,0.099,1.22,0.405,0.3582,0.0468,L2
3卖,大盘多头 + 距前高<=10%,1014,0.389,0.3083,1.262,0.4132,0.3582,0.0551,L2
3卖,大盘多头 + 距前低<=10%,127,0.0455,0.0404,1.126,0.3858,0.3582,0.0277,L2
3卖,大盘多头 + 相对强弱>=0,1350,0.4698,0.4373,1.074,0.3748,0.3582,0.0167,L2
3卖,大盘多头 + 相对强弱>=5,806,0.2999,0.2503,1.198,0.4007,0.3582,0.0426,L2
3卖,大盘空头 + 大盘安全,385,0.1532,0.114,1.344,0.4286,0.3582,0.0704,L2
3卖,大盘空头 + SID等于2,431,0.1708,0.128,1.335,0.4269,0.3582,0.0687,L2
3卖,大盘空头 + SID小于等于2,431,0.1708,0.128,1.335,0.4269,0.3582,0.0687,L2
3卖,大盘空头 + 大盘5日上涨,834,0.2618,0.286,0.915,0.3381,0.3582,-0.02,L2
3卖,大盘空头 + 相对强弱大于0,1023,0.3148,0.3544,0.888,0.3314,0.3582,-0.0268,L2
3卖,大盘空头 + 相对强弱大于5,761,0.2321,0.2648,0.877,0.3285,0.3582,-0.0296,L2
3卖,大盘空头 + 量比>=1.3,475,0.143,0.1663,0.86,0.3242,0.3582,-0.034,L2
3卖,大盘空头 + 量比>=2,230,0.0678,0.0813,0.833,0.3174,0.3582,-0.0408,L2
3卖,大盘空头 + 距前高<=10%,500,0.2126,0.1404,1.514,0.458,0.3582,0.0998,L2
3卖,大盘空头 + 距前低<=10%,288,0.0808,0.1041,0.776,0.3021,0.3582,-0.0561,L2
3卖,大盘空头 + 相对强弱>=0,990,0.3027,0.344,0.88,0.3293,0.3582,-0.0289,L2
3卖,大盘空头 + 相对强弱>=5,611,0.1848,0.2135,0.866,0.3257,0.3582,-0.0325,L2
3卖,大盘安全 + SID等于1,1516,0.5153,0.4979,1.035,0.3661,0.3582,0.0079,L2
3卖,大盘安全 + SID等于2,1436,0.5246,0.4513,1.162,0.3935,0.3582,0.0353,L2
3卖,大盘安全 + SID小于等于2,2198,0.7902,0.6979,1.132,0.3872,0.3582,0.029,L2
3卖,大盘安全 + 大盘5日上涨,2152,0.7753,0.6824,1.136,0.388,0.3582,0.0298,L2
3卖,大盘安全 + 相对强弱大于0,2111,0.7669,0.6658,1.152,0.3913,0.3582,0.0331,L2
3卖,大盘安全 + 相对强弱大于5,1364,0.5413,0.4047,1.338,0.4274,0.3582,0.0693,L2
3卖,大盘安全 + 量比>=1.3,941,0.3473,0.2938,1.182,0.3974,0.3582,0.0393,L2
3卖,大盘安全 + 量比>=2,453,0.1699,0.1399,1.215,0.404,0.3582,0.0458,L2
3卖,大盘安全 + 距前高<=10%,1415,0.572,0.414,1.382,0.4353,0.3582,0.0772,L2
3卖,大盘安全 + 距前低<=10%,272,0.0929,0.0891,1.042,0.3676,0.3582,0.0095,L2
3卖,大盘安全 + 相对强弱>=0,1954,0.7224,0.6093,1.186,0.3982,0.3582,0.04,L2
3卖,大盘安全 + 相对强弱>=5,1096,0.4262,0.3301,1.291,0.4188,0.3582,0.0606,L2
3卖,SID等于1 + SID等于2,754,0.2498,0.2513,0.994,0.3568,0.3582,-0.0014,L2
3卖,SID等于1 + SID小于等于2,1516,0.5153,0.4979,1.035,0.3661,0.3582,0.0079,L2
3卖,SID等于1 + 大盘5日上涨,1471,0.5005,0.4829,1.036,0.3664,0.3582,0.0083,L2
3卖,SID等于1 + 相对强弱大于0,1448,0.4949,0.4741,1.044,0.3681,0.3582,0.0099,L2
3卖,SID等于1 + 相对强弱大于5,979,0.3677,0.3021,1.217,0.4045,0.3582,0.0463,L2
3卖,SID等于1 + 量比>=1.3,662,0.2331,0.213,1.094,0.3792,0.3582,0.021,L2
3卖,SID等于1 + 量比>=2,321,0.1207,0.099,1.22,0.405,0.3582,0.0468,L2
3卖,SID等于1 + 距前高<=10%,1014,0.389,0.3083,1.262,0.4132,0.3582,0.0551,L2
3卖,SID等于1 + 距前低<=10%,127,0.0455,0.0404,1.126,0.3858,0.3582,0.0277,L2
3卖,SID等于1 + 相对强弱>=0,1350,0.4698,0.4373,1.074,0.3748,0.3582,0.0167,L2
3卖,SID等于1 + 相对强弱>=5,806,0.2999,0.2503,1.198,0.4007,0.3582,0.0426,L2
3卖,SID等于2 + SID小于等于2,1643,0.5877,0.5233,1.123,0.3853,0.3582,0.0271,L2
3卖,SID等于2 + 大盘5日上涨,1477,0.5432,0.4622,1.175,0.3961,0.3582,0.0379,L2
3卖,SID等于2 + 相对强弱大于0,1589,0.5701,0.5052,1.129,0.3864,0.3582,0.0282,L2
3卖,SID等于2 + 相对强弱大于5,1044,0.402,0.3166,1.27,0.4148,0.3582,0.0566,L2
3卖,SID等于2 + 量比>=1.3,762,0.2693,0.2446,1.101,0.3806,0.3582,0.0224,L2
3卖,SID等于2 + 量比>=2,384,0.1365,0.1228,1.112,0.3828,0.3582,0.0246,L2
3卖,SID等于2 + 距前高<=10%,1006,0.4085,0.2933,1.393,0.4374,0.3582,0.0792,L2
3卖,SID等于2 + 距前低<=10%,246,0.0845,0.0803,1.052,0.3699,0.3582,0.0118,L2
3卖,SID等于2 + 相对强弱>=0,1476,0.5404,0.4632,1.167,0.3943,0.3582,0.0361,L2
3卖,SID等于2 + 相对强弱>=5,854,0.3148,0.2668,1.18,0.397,0.3582,0.0388,L2
3卖,SID小于等于2 + 大盘5日上涨,2228,0.8032,0.7062,1.137,0.3882,0.3582,0.0301,L2
3卖,SID小于等于2 + 相对强弱大于0,2316,0.8301,0.7368,1.127,0.386,0.3582,0.0278,L2
3卖,SID小于等于2 + 相对强弱大于5,1541,0.598,0.4648,1.287,0.4179,0.3582,0.0597,L2
3卖,SID小于等于2 + 量比>=1.3,1029,0.3714,0.3259,1.14,0.3887,0.3582,0.0306,L2
3卖,SID小于等于2 + 量比>=2,498,0.1838,0.1554,1.183,0.3976,0.3582,0.0394,L2
3卖,SID小于等于2 + 距前高<=10%,1545,0.611,0.4596,1.329,0.4259,0.3582,0.0677,L2
3卖,SID小于等于2 + 距前低<=10%,306,0.1068,0.099,1.079,0.3758,0.3582,0.0177,L2
3卖,SID小于等于2 + 相对强弱>=0,2155,0.7846,0.6788,1.156,0.3921,0.3582,0.0339,L2
3卖,SID小于等于2 + 相对强弱>=5,1256,0.4754,0.3855,1.233,0.4076,0.3582,0.0495,L2
3卖,大盘5日上涨 + 相对强弱大于0,2556,0.8774,0.8347,1.051,0.3697,0.3582,0.0116,L2
3卖,大盘5日上涨 + 相对强弱大于5,1720,0.6314,0.5389,1.172,0.3953,0.3582,0.0372,L2
3卖,大盘5日上涨 + 量比>=1.3,1134,0.3881,0.371,1.046,0.3686,0.3582,0.0104,L2
3卖,大盘5日上涨 + 量比>=2,540,0.1894,0.1741,1.088,0.3778,0.3582,0.0196,L2
3卖,大盘5日上涨 + 距前高<=10%,1577,0.6453,0.457,1.412,0.4407,0.3582,0.0825,L2
3卖,大盘5日上涨 + 距前低<=10%,424,0.1318,0.1461,0.902,0.3349,0.3582,-0.0233,L2
3卖,大盘5日上涨 + 相对强弱>=0,2395,0.8329,0.7762,1.073,0.3745,0.3582,0.0164,L2
3卖,大盘5日上涨 + 相对强弱>=5,1375,0.4986,0.4342,1.148,0.3905,0.3582,0.0324,L2
3卖,相对强弱大于0 + 相对强弱大于5,2021,0.7122,0.6497,1.096,0.3795,0.3582,0.0214,L2
3卖,相对强弱大于0 + 量比>=1.3,1260,0.4234,0.4166,1.016,0.3619,0.3582,0.0037,L2
3卖,相对强弱大于0 + 量比>=2,592,0.2043,0.1927,1.06,0.3716,0.3582,0.0135,L2
3卖,相对强弱大于0 + 距前高<=10%,1734,0.6917,0.5124,1.35,0.4296,0.3582,0.0715,L2
3卖,相对强弱大于0 + 距前低<=10%,461,0.143,0.1591,0.899,0.3341,0.3582,-0.0241,L2
3卖,相对强弱大于0 + 相对强弱>=0,2742,0.9276,0.9031,1.027,0.3643,0.3582,0.0062,L2
3卖,相对强弱大于0 + 相对强弱>=5,1643,0.572,0.5321,1.075,0.3749,0.3582,0.0168,L2
3卖,相对强弱大于5 + 量比>=1.3,930,0.3231,0.3016,1.072,0.3742,0.3582,0.016,L2
3卖,相对强弱大于5 + 量比>=2,458,0.1597,0.1482,1.078,0.3755,0.3582,0.0174,L2
3卖,相对强弱大于5 + 距前高<=10%,1208,0.5246,0.3332,1.575,0.4677,0.3582,0.1096,L2
3卖,相对强弱大于5 + 距前低<=10%,188,0.0566,0.0658,0.861,0.3245,0.3582,-0.0337,L2
3卖,相对强弱大于5 + 相对强弱>=0,1997,0.7057,0.6409,1.101,0.3806,0.3582,0.0224,L2
3卖,相对强弱大于5 + 相对强弱>=5,1643,0.572,0.5321,1.075,0.3749,0.3582,0.0168,L2
3卖,量比>=1.3 + 量比>=2,622,0.2154,0.2021,1.066,0.373,0.3582,0.0148,L2
3卖,量比>=1.3 + 距前高<=10%,752,0.312,0.2155,1.447,0.4468,0.3582,0.0886,L2
3卖,量比>=1.3 + 距前低<=10%,190,0.0576,0.0663,0.868,0.3263,0.3582,-0.0318,L2
3卖,量比>=1.3 + 相对强弱>=0,1200,0.4076,0.3943,1.034,0.3658,0.3582,0.0077,L2
3卖,量比>=1.3 + 相对强弱>=5,792,0.2758,0.2565,1.075,0.375,0.3582,0.0168,L2
3卖,量比>=2 + 距前高<=10%,343,0.1458,0.0964,1.513,0.4577,0.3582,0.0996,L2
3卖,量比>=2 + 距前低<=10%,69,0.0186,0.0254,0.731,0.2899,0.3582,-0.0683,L2
3卖,量比>=2 + 相对强弱>=0,564,0.1959,0.1829,1.071,0.3741,0.3582,0.0159,L2
3卖,量比>=2 + 相对强弱>=5,404,0.1402,0.1311,1.07,0.3738,0.3582,0.0156,L2
3卖,距前高<=10% + 距前低<=10%,223,0.0817,0.0699,1.168,0.3946,0.3582,0.0365,L2
3卖,距前高<=10% + 相对强弱>=0,1651,0.6685,0.4824,1.386,0.4361,0.3582,0.0779,L2
3卖,距前高<=10% + 相对强弱>=5,1020,0.4373,0.2845,1.537,0.4618,0.3582,0.1036,L2
3卖,距前低<=10% + 相对强弱>=0,401,0.1244,0.1383,0.899,0.3342,0.3582,-0.024,L2
3卖,距前低<=10% + 相对强弱>=5,107,0.0325,0.0373,0.871,0.3271,0.3582,-0.0311,L2
3卖,相对强弱>=0 + 相对强弱>=5,1643,0.572,0.5321,1.075,0.3749,0.3582,0.0168,L2
3卖,MA55上穿MA89 + 突破前高 + 距前高<=10%,66,0.0288,0.0181,1.587,0.4697,0.3582,0.1115,L3
3卖,MA55上穿MA89 + 突破前高 + 斐波短中多头,58,0.0251,0.0161,1.561,0.4655,0.3582,0.1074,L3
3卖,MA55上穿MA89 + 突破前高 + 趋势多头,64,0.0279,0.0176,1.581,0.4688,0.3582,0.1106,L3
3卖,MA55上穿MA89 + 突破前高 + 多头排列,64,0.0279,0.0176,1.581,0.4688,0.3582,0.1106,L3
3卖,MA55上穿MA89 + 突破前高 + 站上MA89,68,0.0297,0.0187,1.593,0.4706,0.3582,0.1124,L3
3卖,MA55上穿MA89 + 突破前高 + 大盘安全,58,0.026,0.0155,1.673,0.4828,0.3582,0.1246,L3
3卖,MA55上穿MA89 + 突破前高 + BOLL突破上轨,50,0.0251,0.0119,2.104,0.54,0.3582,0.1818,L3
3卖,MA55上穿MA89 + 突破前高 + SID小于等于2,63,0.0269,0.0176,1.528,0.4603,0.3582,0.1022,L3
3卖,MA55上穿MA89 + 突破前高 + 相对强弱大于5,54,0.0269,0.013,2.079,0.537,0.3582,0.1789,L3
3卖,MA55上穿MA89 + 突破前高 + 站上MA144,62,0.026,0.0176,1.476,0.4516,0.3582,0.0934,L3
3卖,MA55上穿MA89 + 距前高<=10% + 斐波短中多头,93,0.0446,0.0233,1.911,0.5161,0.3582,0.158,L3
3卖,MA55上穿MA89 + 距前高<=10% + 趋势多头,112,0.0539,0.028,1.925,0.5179,0.3582,0.1597,L3
3卖,MA55上穿MA89 + 距前高<=10% + 多头排列,107,0.0501,0.0275,1.826,0.5047,0.3582,0.1465,L3
3卖,MA55上穿MA89 + 距前高<=10% + 站上MA89,124,0.0576,0.0321,1.792,0.5,0.3582,0.1418,L3
3卖,MA55上穿MA89 + 距前高<=10% + 大盘安全,104,0.0511,0.0254,2.011,0.5288,0.3582,0.1707,L3
3卖,MA55上穿MA89 + 距前高<=10% + SID等于2,68,0.0362,0.015,2.41,0.5735,0.3582,0.2154,L3
3卖,MA55上穿MA89 + 距前高<=10% + BOLL突破上轨,70,0.0334,0.0176,1.897,0.5143,0.3582,0.1561,L3
3卖,MA55上穿MA89 + 距前高<=10% + SID小于等于2,115,0.0539,0.0295,1.823,0.5043,0.3582,0.1462,L3
3卖,MA55上穿MA89 + 距前高<=10% + 相对强弱大于5,90,0.0464,0.0207,2.24,0.5556,0.3582,0.1974,L3
3卖,MA55上穿MA89 + 距前高<=10% + 威科夫得分大于7,69,0.0297,0.0192,1.55,0.4638,0.3582,0.1056,L3
3卖,MA55上穿MA89 + 距前高<=10% + 站上MA144,104,0.0455,0.0285,1.597,0.4712,0.3582,0.113,L3
3卖,MA55上穿MA89 + 斐波短中多头 + 趋势多头,95,0.0455,0.0238,1.909,0.5158,0.3582,0.1576,L3
3卖,MA55上穿MA89 + 斐波短中多头 + 多头排列,92,0.0436,0.0233,1.872,0.5109,0.3582,0.1527,L3
3卖,MA55上穿MA89 + 斐波短中多头 + 站上MA89,95,0.0455,0.0238,1.909,0.5158,0.3582,0.1576,L3
3卖,MA55上穿MA89 + 斐波短中多头 + 大盘安全,82,0.0399,0.0202,1.976,0.5244,0.3582,0.1662,L3
3卖,MA55上穿MA89 + 斐波短中多头 + SID等于2,51,0.0279,0.0109,2.56,0.5882,0.3582,0.2301,L3
3卖,MA55上穿MA89 + 斐波短中多头 + BOLL突破上轨,54,0.0279,0.0124,2.24,0.5556,0.3582,0.1974,L3
3卖,MA55上穿MA89 + 斐波短中多头 + SID小于等于2,89,0.0427,0.0223,1.917,0.5169,0.3582,0.1587,L3
3卖,MA55上穿MA89 + 斐波短中多头 + 相对强弱大于5,69,0.0362,0.0155,2.33,0.5652,0.3582,0.2071,L3
3卖,MA55上穿MA89 + 斐波短中多头 + 威科夫得分大于7,63,0.0279,0.0171,1.629,0.4762,0.3582,0.118,L3
3卖,MA55上穿MA89 + 斐波短中多头 + 站上MA144,84,0.0381,0.0223,1.709,0.4881,0.3582,0.1299,L3
3卖,MA55上穿MA89 + 趋势多头 + 多头排列,117,0.0529,0.0311,1.702,0.4872,0.3582,0.129,L3
3卖,MA55上穿MA89 + 趋势多头 + 站上MA89,123,0.0566,0.0321,1.763,0.4959,0.3582,0.1378,L3
3卖,MA55上穿MA89 + 趋势多头 + 大盘安全,101,0.0483,0.0254,1.902,0.5149,0.3582,0.1567,L3
3卖,MA55上穿MA89 + 趋势多头 + SID等于2,69,0.0334,0.0171,1.955,0.5217,0.3582,0.1636,L3
3卖,MA55上穿MA89 + 趋势多头 + BOLL突破上轨,66,0.0316,0.0166,1.904,0.5152,0.3582,0.157,L3
3卖,MA55上穿MA89 + 趋势多头 + SID小于等于2,113,0.0511,0.0301,1.699,0.4867,0.3582,0.1286,L3
3卖,MA55上穿MA89 + 趋势多头 + 相对强弱大于5,93,0.0464,0.0223,2.084,0.5376,0.3582,0.1795,L3
3卖,MA55上穿MA89 + 趋势多头 + 威科夫得分大于7,74,0.0306,0.0212,1.442,0.4459,0.3582,0.0878,L3
3卖,MA55上穿MA89 + 趋势多头 + 站上MA144,101,0.0446,0.0275,1.623,0.4752,0.3582,0.1171,L3
3卖,MA55上穿MA89 + 多头排列 + 站上MA89,117,0.0529,0.0311,1.702,0.4872,0.3582,0.129,L3
3卖,MA55上穿MA89 + 多头排列 + 大盘安全,99,0.0464,0.0254,1.829,0.5051,0.3582,0.1469,L3
3卖,MA55上穿MA89 + 多头排列 + SID等于2,66,0.0316,0.0166,1.904,0.5152,0.3582,0.157,L3
3卖,MA55上穿MA89 + 多头排列 + BOLL突破上轨,64,0.0297,0.0166,1.792,0.5,0.3582,0.1418,L3
3卖,MA55上穿MA89 + 多头排列 + SID小于等于2,109,0.0483,0.0295,1.635,0.4771,0.3582,0.1189,L3
3卖,MA55上穿MA89 + 多头排列 + 相对强弱大于5,91,0.0446,0.0223,2.0,0.5275,0.3582,0.1693,L3
3卖,MA55上穿MA89 + 多头排列 + 威科夫得分大于7,74,0.0306,0.0212,1.442,0.4459,0.3582,0.0878,L3
3卖,MA55上穿MA89 + 多头排列 + 站上MA144,99,0.0427,0.0275,1.555,0.4646,0.3582,0.1065,L3
3卖,MA55上穿MA89 + 站上MA89 + 大盘安全,114,0.0529,0.0295,1.792,0.5,0.3582,0.1418,L3
3卖,MA55上穿MA89 + 站上MA89 + SID等于2,79,0.0381,0.0197,1.933,0.519,0.3582,0.1608,L3
3卖,MA55上穿MA89 + 站上MA89 + BOLL突破上轨,79,0.0353,0.0212,1.661,0.481,0.3582,0.1228,L3
3卖,MA55上穿MA89 + 站上MA89 + SID小于等于2,129,0.0557,0.0358,1.558,0.4651,0.3582,0.107,L3
3卖,MA55上穿MA89 + 站上MA89 + 相对强弱大于5,105,0.0501,0.0264,1.897,0.5143,0.3582,0.1561,L3
3卖,MA55上穿MA89 + 站上MA89 + 威科夫得分大于7,74,0.0306,0.0212,1.442,0.4459,0.3582,0.0878,L3
3卖,MA55上穿MA89 + 站上MA89 + 站上MA144,110,0.0474,0.0306,1.549,0.4636,0.3582,0.1055,L3
3卖,MA55上穿MA89 + 大盘安全 + SID等于2,65,0.0362,0.0135,2.688,0.6,0.3582,0.2418,L3
3卖,MA55上穿MA89 + 大盘安全 + BOLL突破上轨,64,0.0306,0.0161,1.908,0.5156,0.3582,0.1575,L3
3卖,MA55上穿MA89 + 大盘安全 + SID小于等于2,115,0.0539,0.0295,1.823,0.5043,0.3582,0.1462,L3
3卖,MA55上穿MA89 + 大盘安全 + 相对强弱大于5,81,0.0409,0.0192,2.131,0.5432,0.3582,0.185,L3
3卖,MA55上穿MA89 + 大盘安全 + 威科夫得分大于7,60,0.0279,0.0155,1.792,0.5,0.3582,0.1418,L3
3卖,MA55上穿MA89 + 大盘安全 + 站上MA144,89,0.0381,0.0249,1.531,0.4607,0.3582,0.1025,L3
3卖,MA55上穿MA89 + SID等于2 + SID小于等于2,80,0.039,0.0197,1.981,0.525,0.3582,0.1668,L3
3卖,MA55上穿MA89 + SID等于2 + 相对强弱大于5,59,0.0279,0.015,1.854,0.5085,0.3582,0.1503,L3
3卖,MA55上穿MA89 + SID等于2 + 站上MA144,55,0.026,0.014,1.858,0.5091,0.3582,0.1509,L3
3卖,MA55上穿MA89 + BOLL突破上轨 + SID小于等于2,73,0.0325,0.0197,1.651,0.4795,0.3582,0.1213,L3
3卖,MA55上穿MA89 + BOLL突破上轨 + 相对强弱大于5,62,0.0316,0.0145,2.176,0.5484,0.3582,0.1902,L3
3卖,MA55上穿MA89 + BOLL突破上轨 + 威科夫得分大于7,54,0.0251,0.014,1.792,0.5,0.3582,0.1418,L3
3卖,MA55上穿MA89 + BOLL突破上轨 + 站上MA144,66,0.0297,0.0176,1.687,0.4848,0.3582,0.1267,L3
3卖,MA55上穿MA89 + SID小于等于2 + 相对强弱大于5,94,0.0436,0.0244,1.792,0.5,0.3582,0.1418,L3
3卖,MA55上穿MA89 + SID小于等于2 + 威科夫得分大于7,69,0.0288,0.0197,1.462,0.4493,0.3582,0.0911,L3
3卖,MA55上穿MA89 + SID小于等于2 + 站上MA144,99,0.0409,0.0285,1.434,0.4444,0.3582,0.0863,L3
3卖,MA55上穿MA89 + 相对强弱大于5 + 威科夫得分大于7,62,0.0279,0.0166,1.68,0.4839,0.3582,0.1257,L3
3卖,MA55上穿MA89 + 相对强弱大于5 + 站上MA144,86,0.0427,0.0207,2.061,0.5349,0.3582,0.1767,L3
3卖,MA55上穿MA89 + 威科夫得分大于7 + 站上MA144,66,0.026,0.0197,1.32,0.4242,0.3582,0.0661,L3
3卖,火箭信号 + 突破前高 + 距前高<=10%,122,0.0622,0.0285,2.183,0.5492,0.3582,0.191,L3
3卖,火箭信号 + 突破前高 + 斐波短中多头,78,0.0381,0.0192,1.986,0.5256,0.3582,0.1675,L3
3卖,火箭信号 + 突破前高 + 趋势多头,104,0.0501,0.0259,1.935,0.5192,0.3582,0.1611,L3
3卖,火箭信号 + 突破前高 + 多头排列,105,0.0501,0.0264,1.897,0.5143,0.3582,0.1561,L3
3卖,火箭信号 + 突破前高 + 站上MA89,143,0.0687,0.0358,1.922,0.5175,0.3582,0.1593,L3
3卖,火箭信号 + 突破前高 + 大盘安全,110,0.052,0.028,1.858,0.5091,0.3582,0.1509,L3
3卖,火箭信号 + 突破前高 + SID等于2,85,0.0371,0.0233,1.593,0.4706,0.3582,0.1124,L3
3卖,火箭信号 + 突破前高 + BOLL突破上轨,143,0.0687,0.0358,1.922,0.5175,0.3582,0.1593,L3
3卖,火箭信号 + 突破前高 + SID小于等于2,119,0.0539,0.0316,1.704,0.4874,0.3582,0.1292,L3
3卖,火箭信号 + 突破前高 + 相对强弱大于5,131,0.0622,0.0332,1.876,0.5115,0.3582,0.1533,L3
3卖,火箭信号 + 突破前高 + 威科夫得分大于7,84,0.0399,0.0212,1.879,0.5119,0.3582,0.1537,L3
3卖,火箭信号 + 突破前高 + 站上MA144,126,0.0585,0.0326,1.792,0.5,0.3582,0.1418,L3
3卖,火箭信号 + 距前高<=10% + 斐波短中多头,86,0.0436,0.0202,2.16,0.5465,0.3582,0.1883,L3
3卖,火箭信号 + 距前高<=10% + 趋势多头,114,0.0576,0.0269,2.137,0.5439,0.3582,0.1857,L3
3卖,火箭信号 + 距前高<=10% + 多头排列,112,0.0557,0.0269,2.068,0.5357,0.3582,0.1776,L3
3卖,火箭信号 + 距前高<=10% + 站上MA89,186,0.0966,0.0425,2.273,0.5591,0.3582,0.201,L3
3卖,火箭信号 + 距前高<=10% + 大盘安全,146,0.0752,0.0337,2.233,0.5548,0.3582,0.1966,L3
3卖,火箭信号 + 距前高<=10% + SID等于2,120,0.0585,0.0295,1.981,0.525,0.3582,0.1668,L3
3卖,火箭信号 + 距前高<=10% + BOLL突破上轨,179,0.0929,0.0409,2.268,0.5587,0.3582,0.2005,L3
3卖,火箭信号 + 距前高<=10% + SID小于等于2,163,0.0799,0.0399,2.001,0.5276,0.3582,0.1694,L3
3卖,火箭信号 + 距前高<=10% + 相对强弱大于5,173,0.0891,0.0399,2.234,0.5549,0.3582,0.1967,L3
3卖,火箭信号 + 距前高<=10% + 威科夫得分大于7,87,0.0436,0.0207,2.106,0.5402,0.3582,0.1821,L3
3卖,火箭信号 + 距前高<=10% + 站上MA144,144,0.0678,0.0368,1.842,0.5069,0.3582,0.1488,L3
3卖,火箭信号 + 纳财 + BOLL突破上轨,50,0.0279,0.0104,2.688,0.6,0.3582,0.2418,L3
3卖,火箭信号 + 纳财 + 相对强弱大于5,54,0.0297,0.0114,2.607,0.5926,0.3582,0.2344,L3
3卖,火箭信号 + 斐波短中多头 + 趋势多头,100,0.0483,0.0249,1.941,0.52,0.3582,0.1618,L3
3卖,火箭信号 + 斐波短中多头 + 多头排列,99,0.0474,0.0249,1.904,0.5152,0.3582,0.157,L3
3卖,火箭信号 + 斐波短中多头 + 站上MA89,102,0.0511,0.0244,2.097,0.5392,0.3582,0.1811,L3
3卖,火箭信号 + 斐波短中多头 + 大盘安全,84,0.039,0.0218,1.792,0.5,0.3582,0.1418,L3
3卖,火箭信号 + 斐波短中多头 + SID等于2,55,0.0251,0.0145,1.728,0.4909,0.3582,0.1327,L3
3卖,火箭信号 + 斐波短中多头 + BOLL突破上轨,96,0.0483,0.0228,2.118,0.5417,0.3582,0.1835,L3
3卖,火箭信号 + 斐波短中多头 + SID小于等于2,92,0.0409,0.0249,1.643,0.4783,0.3582,0.1201,L3
3卖,火箭信号 + 斐波短中多头 + 相对强弱大于5,95,0.0455,0.0238,1.909,0.5158,0.3582,0.1576,L3
3卖,火箭信号 + 斐波短中多头 + 威科夫得分大于7,82,0.039,0.0207,1.882,0.5122,0.3582,0.154,L3
3卖,火箭信号 + 斐波短中多头 + 站上MA144,91,0.0427,0.0233,1.832,0.5055,0.3582,0.1473,L3
3卖,火箭信号 + 趋势多头 + 多头排列,134,0.0641,0.0337,1.902,0.5149,0.3582,0.1568,L3
3卖,火箭信号 + 趋势多头 + 站上MA89,136,0.0659,0.0337,1.957,0.5221,0.3582,0.1639,L3
3卖,火箭信号 + 趋势多头 + 大盘安全,102,0.0464,0.0269,1.723,0.4902,0.3582,0.132,L3
3卖,火箭信号 + 趋势多头 + SID等于2,75,0.0344,0.0197,1.745,0.4933,0.3582,0.1352,L3
3卖,火箭信号 + 趋势多头 + BOLL突破上轨,126,0.0622,0.0306,2.035,0.5317,0.3582,0.1736,L3
3卖,火箭信号 + 趋势多头 + SID小于等于2,113,0.0501,0.0306,1.64,0.4779,0.3582,0.1197,L3
3卖,火箭信号 + 趋势多头 + 相对强弱大于5,124,0.0594,0.0311,1.911,0.5161,0.3582,0.158,L3
3卖,火箭信号 + 趋势多头 + 威科夫得分大于7,103,0.0492,0.0259,1.9,0.5146,0.3582,0.1564,L3
3卖,火箭信号 + 趋势多头 + 站上MA144,122,0.0548,0.0326,1.678,0.4836,0.3582,0.1254,L3
3卖,火箭信号 + 多头排列 + 站上MA89,135,0.0641,0.0342,1.873,0.5111,0.3582,0.1529,L3
3卖,火箭信号 + 多头排列 + 大盘安全,103,0.0464,0.0275,1.691,0.4854,0.3582,0.1273,L3
3卖,火箭信号 + 多头排列 + SID等于2,76,0.0344,0.0202,1.7,0.4868,0.3582,0.1287,L3
3卖,火箭信号 + 多头排列 + BOLL突破上轨,128,0.0622,0.0316,1.968,0.5234,0.3582,0.1653,L3
3卖,火箭信号 + 多头排列 + SID小于等于2,114,0.0501,0.0311,1.613,0.4737,0.3582,0.1155,L3
3卖,火箭信号 + 多头排列 + 相对强弱大于5,125,0.0585,0.0321,1.821,0.504,0.3582,0.1458,L3
3卖,火箭信号 + 多头排列 + 威科夫得分大于7,102,0.0492,0.0254,1.938,0.5196,0.3582,0.1614,L3
3卖,火箭信号 + 多头排列 + 站上MA144,120,0.0529,0.0326,1.621,0.475,0.3582,0.1168,L3
3卖,火箭信号 + 站上MA89 + 大盘安全,195,0.091,0.0503,1.81,0.5026,0.3582,0.1444,L3
3卖,火箭信号 + 站上MA89 + SID等于2,159,0.0678,0.0446,1.521,0.4591,0.3582,0.101,L3
3卖,火箭信号 + 站上MA89 + BOLL突破上轨,247,0.1123,0.0653,1.721,0.4899,0.3582,0.1317,L3
3卖,火箭信号 + 站上MA89 + SID小于等于2,215,0.0956,0.058,1.648,0.4791,0.3582,0.1209,L3
3卖,火箭信号 + 站上MA89 + 相对强弱大于5,242,0.1068,0.0658,1.623,0.4752,0.3582,0.117,L3
3卖,火箭信号 + 站上MA89 + 威科夫得分大于7,110,0.0501,0.029,1.728,0.4909,0.3582,0.1327,L3
3卖,火箭信号 + 站上MA89 + 站上MA144,188,0.0771,0.0544,1.417,0.4415,0.3582,0.0833,L3
3卖,火箭信号 + 大盘安全 + SID等于2,161,0.0687,0.0451,1.524,0.4596,0.3582,0.1015,L3
3卖,火箭信号 + 大盘安全 + BOLL突破上轨,203,0.0938,0.0528,1.774,0.4975,0.3582,0.1394,L3
3卖,火箭信号 + 大盘安全 + SID小于等于2,223,0.1003,0.0596,1.683,0.4843,0.3582,0.1261,L3
3卖,火箭信号 + 大盘安全 + 相对强弱大于5,201,0.0901,0.0539,1.671,0.4826,0.3582,0.1244,L3
3卖,火箭信号 + 大盘安全 + 威科夫得分大于7,87,0.039,0.0233,1.673,0.4828,0.3582,0.1246,L3
3卖,火箭信号 + 大盘安全 + 站上MA144,137,0.0576,0.0389,1.481,0.4526,0.3582,0.0944,L3
3卖,火箭信号 + SID等于2 + BOLL突破上轨,165,0.0696,0.0466,1.493,0.4545,0.3582,0.0964,L3
3卖,火箭信号 + SID等于2 + SID小于等于2,183,0.0752,0.0528,1.423,0.4426,0.3582,0.0845,L3
3卖,火箭信号 + SID等于2 + 相对强弱大于5,161,0.065,0.0472,1.378,0.4348,0.3582,0.0766,L3
3卖,火箭信号 + SID等于2 + 威科夫得分大于7,62,0.0288,0.0161,1.792,0.5,0.3582,0.1418,L3
3卖,火箭信号 + SID等于2 + 站上MA144,114,0.0427,0.0352,1.212,0.4035,0.3582,0.0453,L3
3卖,火箭信号 + BOLL突破上轨 + SID小于等于2,221,0.0984,0.0596,1.652,0.4796,0.3582,0.1215,L3
3卖,火箭信号 + BOLL突破上轨 + 相对强弱大于5,261,0.1105,0.0736,1.502,0.4559,0.3582,0.0978,L3
3卖,火箭信号 + BOLL突破上轨 + 威科夫得分大于7,104,0.0483,0.0269,1.792,0.5,0.3582,0.1418,L3
3卖,火箭信号 + BOLL突破上轨 + 站上MA144,175,0.0734,0.0497,1.475,0.4514,0.3582,0.0933,L3
3卖,火箭信号 + SID小于等于2 + 相对强弱大于5,222,0.0966,0.0611,1.579,0.4685,0.3582,0.1103,L3
3卖,火箭信号 + SID小于等于2 + 威科夫得分大于7,96,0.0427,0.0259,1.649,0.4792,0.3582,0.121,L3
3卖,火箭信号 + SID小于等于2 + 站上MA144,153,0.0604,0.0456,1.324,0.4248,0.3582,0.0667,L3
3卖,火箭信号 + 相对强弱大于5 + 威科夫得分大于7,102,0.0455,0.0275,1.657,0.4804,0.3582,0.1222,L3
3卖,火箭信号 + 相对强弱大于5 + 站上MA144,171,0.0696,0.0497,1.4,0.4386,0.3582,0.0804,L3
3卖,火箭信号 + 威科夫得分大于7 + 站上MA144,98,0.0409,0.028,1.46,0.449,0.3582,0.0908,L3
3卖,突破前高 + 距前高<=10% + 纳财,86,0.0455,0.0192,2.373,0.5698,0.3582,0.2116,L3
3卖,突破前高 + 距前高<=10% + 斐波短中多头,366,0.1504,0.1057,1.423,0.4426,0.3582,0.0845,L3
3卖,突破前高 + 距前高<=10% + 趋势多头,441,0.1829,0.1264,1.447,0.4467,0.3582,0.0885,L3
3卖,突破前高 + 距前高<=10% + 多头排列,439,0.1829,0.1254,1.459,0.4487,0.3582,0.0906,L3
3卖,突破前高 + 距前高<=10% + 站上MA89,529,0.2228,0.1497,1.488,0.4537,0.3582,0.0955,L3
3卖,突破前高 + 距前高<=10% + 大盘安全,448,0.1885,0.1269,1.485,0.4531,0.3582,0.095,L3
3卖,突破前高 + 距前高<=10% + MACD零轴上金叉,69,0.0251,0.0218,1.152,0.3913,0.3582,0.0331,L3
3卖,突破前高 + 距前高<=10% + SID等于2,305,0.1253,0.0881,1.423,0.4426,0.3582,0.0845,L3
3卖,突破前高 + 距前高<=10% + BOLL突破上轨,441,0.1894,0.1228,1.542,0.4626,0.3582,0.1044,L3
3卖,突破前高 + 距前高<=10% + SID小于等于2,483,0.1996,0.1389,1.438,0.4451,0.3582,0.087,L3
3卖,突破前高 + 距前高<=10% + 相对强弱大于5,435,0.1931,0.1176,1.642,0.4782,0.3582,0.12,L3
3卖,突破前高 + 距前高<=10% + 威科夫得分大于7,334,0.1346,0.0979,1.375,0.4341,0.3582,0.076,L3
3卖,突破前高 + 距前高<=10% + 站上MA144,443,0.1848,0.1264,1.462,0.4492,0.3582,0.091,L3
3卖,突破前高 + 纳财 + 斐波短中多头,70,0.0399,0.014,2.854,0.6143,0.3582,0.2561,L3
3卖,突破前高 + 纳财 + 趋势多头,78,0.0409,0.0176,2.319,0.5641,0.3582,0.2059,L3
3卖,突破前高 + 纳财 + 多头排列,78,0.0409,0.0176,2.319,0.5641,0.3582,0.2059,L3
3卖,突破前高 + 纳财 + 站上MA89,90,0.0474,0.0202,2.343,0.5667,0.3582,0.2085,L3
3卖,突破前高 + 纳财 + 大盘安全,72,0.0409,0.0145,2.816,0.6111,0.3582,0.2529,L3
3卖,突破前高 + 纳财 + BOLL突破上轨,75,0.0399,0.0166,2.408,0.5733,0.3582,0.2152,L3
3卖,突破前高 + 纳财 + SID小于等于2,82,0.0427,0.0187,2.29,0.561,0.3582,0.2028,L3
3卖,突破前高 + 纳财 + 相对强弱大于5,80,0.0436,0.0171,2.552,0.5875,0.3582,0.2293,L3
3卖,突破前高 + 纳财 + 威科夫得分大于7,60,0.0316,0.0135,2.343,0.5667,0.3582,0.2085,L3
3卖,突破前高 + 纳财 + 站上MA144,78,0.0418,0.0171,2.444,0.5769,0.3582,0.2188,L3
3卖,突破前高 + 斐波短中多头 + 趋势多头,374,0.1541,0.1078,1.43,0.4439,0.3582,0.0857,L3
3卖,突破前高 + 斐波短中多头 + 多头排列,374,0.1541,0.1078,1.43,0.4439,0.3582,0.0857,L3
3卖,突破前高 + 斐波短中多头 + 站上MA89,381,0.1569,0.1098,1.429,0.4436,0.3582,0.0854,L3
3卖,突破前高 + 斐波短中多头 + 大盘安全,322,0.1318,0.0933,1.414,0.441,0.3582,0.0828,L3
3卖,突破前高 + 斐波短中多头 + MACD零轴上金叉,61,0.0214,0.0197,1.085,0.377,0.3582,0.0189,L3
3卖,突破前高 + 斐波短中多头 + SID等于2,192,0.0817,0.0539,1.516,0.4583,0.3582,0.1002,L3
3卖,突破前高 + 斐波短中多头 + BOLL突破上轨,311,0.1309,0.0881,1.486,0.4534,0.3582,0.0952,L3
3卖,突破前高 + 斐波短中多头 + SID小于等于2,348,0.1411,0.1016,1.39,0.4368,0.3582,0.0786,L3
3卖,突破前高 + 斐波短中多头 + 相对强弱大于5,311,0.1337,0.0865,1.545,0.463,0.3582,0.1049,L3
3卖,突破前高 + 斐波短中多头 + 威科夫得分大于7,294,0.1198,0.0855,1.401,0.4388,0.3582,0.0806,L3
3卖,突破前高 + 斐波短中多头 + 站上MA144,333,0.1346,0.0974,1.382,0.4354,0.3582,0.0773,L3
3卖,突破前高 + 趋势多头 + 多头排列,466,0.1931,0.1337,1.445,0.4464,0.3582,0.0882,L3
3卖,突破前高 + 趋势多头 + 站上MA89,466,0.1922,0.1342,1.432,0.4442,0.3582,0.086,L3
3卖,突破前高 + 趋势多头 + 大盘安全,385,0.1597,0.1104,1.447,0.4468,0.3582,0.0886,L3
3卖,突破前高 + 趋势多头 + MACD零轴上金叉,69,0.026,0.0212,1.224,0.4058,0.3582,0.0476,L3
3卖,突破前高 + 趋势多头 + SID等于2,250,0.1021,0.0725,1.408,0.44,0.3582,0.0818,L3
3卖,突破前高 + 趋势多头 + BOLL突破上轨,383,0.1597,0.1093,1.461,0.4491,0.3582,0.0909,L3
3卖,突破前高 + 趋势多头 + SID小于等于2,418,0.1699,0.1218,1.395,0.4378,0.3582,0.0796,L3
3卖,突破前高 + 趋势多头 + 相对强弱大于5,383,0.1643,0.1067,1.54,0.4621,0.3582,0.104,L3
3卖,突破前高 + 趋势多头 + 威科夫得分大于7,352,0.1411,0.1036,1.362,0.4318,0.3582,0.0737,L3
3卖,突破前高 + 趋势多头 + 站上MA144,404,0.1643,0.1176,1.397,0.4381,0.3582,0.08,L3
3卖,突破前高 + 多头排列 + 站上MA89,465,0.1922,0.1337,1.438,0.4452,0.3582,0.087,L3
3卖,突破前高 + 多头排列 + 大盘安全,385,0.1597,0.1104,1.447,0.4468,0.3582,0.0886,L3
3卖,突破前高 + 多头排列 + MACD零轴上金叉,67,0.026,0.0202,1.287,0.4179,0.3582,0.0597,L3
3卖,突破前高 + 多头排列 + SID等于2,249,0.1021,0.072,1.418,0.4418,0.3582,0.0836,L3
3卖,突破前高 + 多头排列 + BOLL突破上轨,383,0.1597,0.1093,1.461,0.4491,0.3582,0.0909,L3
3卖,突破前高 + 多头排列 + SID小于等于2,417,0.1699,0.1212,1.401,0.4388,0.3582,0.0807,L3
3卖,突破前高 + 多头排列 + 相对强弱大于5,383,0.1643,0.1067,1.54,0.4621,0.3582,0.104,L3
3卖,突破前高 + 多头排列 + 威科夫得分大于7,351,0.1411,0.1031,1.369,0.433,0.3582,0.0749,L3
3卖,突破前高 + 多头排列 + 站上MA144,404,0.1643,0.1176,1.397,0.4381,0.3582,0.08,L3
3卖,突破前高 + 站上MA89 + 大盘安全,473,0.1987,0.1342,1.481,0.4524,0.3582,0.0943,L3
3卖,突破前高 + 站上MA89 + MACD零轴上金叉,70,0.026,0.0218,1.195,0.4,0.3582,0.0418,L3
3卖,突破前高 + 站上MA89 + SID等于2,323,0.1328,0.0933,1.424,0.4427,0.3582,0.0846,L3
3卖,突破前高 + 站上MA89 + BOLL突破上轨,477,0.2015,0.1347,1.496,0.4549,0.3582,0.0968,L3
3卖,突破前高 + 站上MA89 + SID小于等于2,509,0.2098,0.1466,1.431,0.444,0.3582,0.0858,L3
3卖,突破前高 + 站上MA89 + 相对强弱大于5,470,0.2052,0.129,1.591,0.4702,0.3582,0.112,L3
3卖,突破前高 + 站上MA89 + 威科夫得分大于7,352,0.1411,0.1036,1.362,0.4318,0.3582,0.0737,L3
3卖,突破前高 + 站上MA89 + 站上MA144,476,0.1968,0.1368,1.439,0.4454,0.3582,0.0872,L3
3卖,突破前高 + 大盘安全 + MACD零轴上金叉,53,0.0167,0.0181,0.922,0.3396,0.3582,-0.0185,L3
3卖,突破前高 + 大盘安全 + SID等于2,290,0.1235,0.0813,1.518,0.4586,0.3582,0.1005,L3
3卖,突破前高 + 大盘安全 + BOLL突破上轨,399,0.1699,0.1119,1.518,0.4586,0.3582,0.1005,L3
3卖,突破前高 + 大盘安全 + SID小于等于2,476,0.2006,0.1347,1.489,0.4538,0.3582,0.0956,L3
3卖,突破前高 + 大盘安全 + 相对强弱大于5,381,0.1681,0.1036,1.622,0.4751,0.3582,0.1169,L3
3卖,突破前高 + 大盘安全 + 威科夫得分大于7,292,0.1179,0.0855,1.379,0.4349,0.3582,0.0768,L3
3卖,突破前高 + 大盘安全 + 站上MA144,392,0.1606,0.1135,1.416,0.4413,0.3582,0.0832,L3
3卖,突破前高 + MACD零轴上金叉 + BOLL突破上轨,65,0.0251,0.0197,1.273,0.4154,0.3582,0.0572,L3
3卖,突破前高 + MACD零轴上金叉 + SID小于等于2,58,0.0186,0.0197,0.943,0.3448,0.3582,-0.0133,L3
3卖,突破前高 + MACD零轴上金叉 + 相对强弱大于5,52,0.0204,0.0155,1.314,0.4231,0.3582,0.0649,L3
3卖,突破前高 + MACD零轴上金叉 + 威科夫得分大于7,54,0.0204,0.0166,1.232,0.4074,0.3582,0.0492,L3
3卖,突破前高 + MACD零轴上金叉 + 站上MA144,67,0.0251,0.0207,1.21,0.403,0.3582,0.0448,L3
3卖,突破前高 + SID等于2 + BOLL突破上轨,286,0.1179,0.0824,1.431,0.4441,0.3582,0.0859,L3
3卖,突破前高 + SID等于2 + SID小于等于2,326,0.1346,0.0938,1.436,0.4448,0.3582,0.0866,L3
3卖,突破前高 + SID等于2 + 相对强弱大于5,258,0.1105,0.072,1.534,0.4612,0.3582,0.1031,L3
3卖,突破前高 + SID等于2 + 威科夫得分大于7,182,0.0743,0.0528,1.406,0.4396,0.3582,0.0814,L3
3卖,突破前高 + SID等于2 + 站上MA144,269,0.1068,0.0798,1.338,0.4275,0.3582,0.0693,L3
3卖,突破前高 + BOLL突破上轨 + SID小于等于2,430,0.1792,0.1228,1.459,0.4488,0.3582,0.0907,L3
3卖,突破前高 + BOLL突破上轨 + 相对强弱大于5,402,0.1755,0.1104,1.59,0.4701,0.3582,0.112,L3
3卖,突破前高 + BOLL突破上轨 + 威科夫得分大于7,306,0.1226,0.0902,1.359,0.4314,0.3582,0.0732,L3
3卖,突破前高 + BOLL突破上轨 + 站上MA144,408,0.1718,0.1155,1.487,0.4534,0.3582,0.0953,L3
3卖,突破前高 + SID小于等于2 + 相对强弱大于5,416,0.1792,0.1155,1.551,0.4639,0.3582,0.1058,L3
3卖,突破前高 + SID小于等于2 + 威科夫得分大于7,318,0.1253,0.0948,1.322,0.4245,0.3582,0.0664,L3
3卖,突破前高 + SID小于等于2 + 站上MA144,427,0.1718,0.1254,1.37,0.4333,0.3582,0.0751,L3
3卖,突破前高 + 相对强弱大于5 + 威科夫得分大于7,293,0.1216,0.0839,1.449,0.4471,0.3582,0.0889,L3
3卖,突破前高 + 相对强弱大于5 + 站上MA144,396,0.1718,0.1093,1.571,0.4672,0.3582,0.109,L3
3卖,突破前高 + 威科夫得分大于7 + 站上MA144,308,0.1198,0.0927,1.291,0.4188,0.3582,0.0607,L3
3卖,距前高<=10% + 纳财 + 斐波短中多头,106,0.0529,0.0254,2.085,0.5377,0.3582,0.1796,L3
3卖,距前高<=10% + 纳财 + 趋势多头,131,0.0594,0.0347,1.712,0.4885,0.3582,0.1304,L3
3卖,距前高<=10% + 纳财 + 多头排列,129,0.0576,0.0347,1.658,0.4806,0.3582,0.1225,L3
3卖,距前高<=10% + 纳财 + 站上MA89,182,0.0845,0.0472,1.792,0.5,0.3582,0.1418,L3
3卖,距前高<=10% + 纳财 + 大盘安全,161,0.0808,0.0383,2.107,0.5404,0.3582,0.1822,L3
3卖,距前高<=10% + 纳财 + SID等于2,102,0.0446,0.028,1.593,0.4706,0.3582,0.1124,L3
3卖,距前高<=10% + 纳财 + BOLL突破上轨,136,0.0659,0.0337,1.957,0.5221,0.3582,0.1639,L3
3卖,距前高<=10% + 纳财 + SID小于等于2,174,0.0845,0.043,1.965,0.523,0.3582,0.1648,L3
3卖,距前高<=10% + 纳财 + 相对强弱大于5,148,0.0761,0.0342,2.226,0.5541,0.3582,0.1959,L3
3卖,距前高<=10% + 纳财 + 威科夫得分大于7,91,0.0418,0.0238,1.753,0.4945,0.3582,0.1363,L3
3卖,距前高<=10% + 纳财 + 站上MA144,129,0.0604,0.0332,1.82,0.5039,0.3582,0.1457,L3
3卖,距前高<=10% + 斐波短中多头 + 趋势多头,870,0.3473,0.257,1.351,0.4299,0.3582,0.0717,L3
3卖,距前高<=10% + 斐波短中多头 + 多头排列,850,0.338,0.2518,1.342,0.4282,0.3582,0.0701,L3
3卖,距前高<=10% + 斐波短中多头 + 站上MA89,860,0.3435,0.2539,1.353,0.4302,0.3582,0.0721,L3
3卖,距前高<=10% + 斐波短中多头 + 大盘安全,719,0.2934,0.2088,1.405,0.4395,0.3582,0.0813,L3
3卖,距前高<=10% + 斐波短中多头 + MACD零轴上金叉,150,0.0557,0.0466,1.195,0.4,0.3582,0.0418,L3
3卖,距前高<=10% + 斐波短中多头 + SID等于2,454,0.1894,0.1295,1.462,0.4493,0.3582,0.0912,L3
3卖,距前高<=10% + 斐波短中多头 + BOLL突破上轨,486,0.1978,0.1415,1.398,0.4383,0.3582,0.0801,L3
3卖,距前高<=10% + 斐波短中多头 + SID小于等于2,797,0.3166,0.2363,1.34,0.4279,0.3582,0.0697,L3
3卖,距前高<=10% + 斐波短中多头 + 相对强弱大于5,610,0.2683,0.1663,1.613,0.4738,0.3582,0.1156,L3
3卖,距前高<=10% + 斐波短中多头 + 威科夫得分大于7,587,0.2275,0.1772,1.284,0.4174,0.3582,0.0592,L3
3卖,距前高<=10% + 斐波短中多头 + 站上MA144,674,0.2516,0.2088,1.205,0.4021,0.3582,0.0439,L3
3卖,距前高<=10% + 斐波短中多头 + 上升中回调,156,0.0548,0.0503,1.09,0.3782,0.3582,0.02,L3
3卖,距前高<=10% + 趋势多头 + 多头排列,1148,0.455,0.3409,1.334,0.4268,0.3582,0.0687,L3
3卖,距前高<=10% + 趋势多头 + 站上MA89,1133,0.4475,0.3373,1.327,0.4254,0.3582,0.0673,L3
3卖,距前高<=10% + 趋势多头 + 大盘安全,959,0.3816,0.2839,1.344,0.4286,0.3582,0.0704,L3
3卖,距前高<=10% + 趋势多头 + MACD零轴上金叉,177,0.0659,0.0549,1.2,0.4011,0.3582,0.043,L3
3卖,距前高<=10% + 趋势多头 + SID等于2,643,0.26,0.1881,1.382,0.4355,0.3582,0.0773,L3
3卖,距前高<=10% + 趋势多头 + BOLL突破上轨,625,0.2553,0.1813,1.408,0.44,0.3582,0.0818,L3
3卖,距前高<=10% + 趋势多头 + SID小于等于2,1059,0.4132,0.3181,1.299,0.4202,0.3582,0.062,L3
3卖,距前高<=10% + 趋势多头 + 相对强弱大于5,815,0.351,0.2264,1.55,0.4638,0.3582,0.1056,L3
3卖,距前高<=10% + 趋势多头 + 威科夫得分大于7,765,0.2981,0.2301,1.296,0.4196,0.3582,0.0614,L3
3卖,距前高<=10% + 趋势多头 + 站上MA144,849,0.3203,0.2611,1.227,0.4064,0.3582,0.0482,L3
3卖,距前高<=10% + 趋势多头 + 上升中回调,199,0.0752,0.0611,1.23,0.407,0.3582,0.0489,L3
3卖,距前高<=10% + 多头排列 + 站上MA89,1093,0.4318,0.3254,1.327,0.4254,0.3582,0.0673,L3
3卖,距前高<=10% + 多头排列 + 大盘安全,932,0.3705,0.2762,1.341,0.4281,0.3582,0.0699,L3
3卖,距前高<=10% + 多头排列 + MACD零轴上金叉,150,0.0566,0.0461,1.228,0.4067,0.3582,0.0485,L3
3卖,距前高<=10% + 多头排列 + SID等于2,612,0.247,0.1793,1.378,0.4346,0.3582,0.0765,L3
3卖,距前高<=10% + 多头排列 + BOLL突破上轨,623,0.2507,0.1829,1.371,0.4334,0.3582,0.0752,L3
3卖,距前高<=10% + 多头排列 + SID小于等于2,1021,0.3983,0.3067,1.299,0.4202,0.3582,0.062,L3
3卖,距前高<=10% + 多头排列 + 相对强弱大于5,807,0.3463,0.2249,1.54,0.4622,0.3582,0.104,L3
3卖,距前高<=10% + 多头排列 + 威科夫得分大于7,747,0.2916,0.2244,1.3,0.4203,0.3582,0.0622,L3
3卖,距前高<=10% + 多头排列 + 站上MA144,821,0.3101,0.2523,1.229,0.4068,0.3582,0.0487,L3
3卖,距前高<=10% + 多头排列 + 上升中回调,171,0.065,0.0523,1.242,0.4094,0.3582,0.0512,L3
3卖,距前高<=10% + 站上MA89 + 大盘安全,1231,0.5042,0.3565,1.414,0.4411,0.3582,0.0829,L3
3卖,距前高<=10% + 站上MA89 + MACD零轴上金叉,174,0.0641,0.0544,1.178,0.3966,0.3582,0.0384,L3
3卖,距前高<=10% + 站上MA89 + SID等于2,870,0.3538,0.2534,1.396,0.4379,0.3582,0.0798,L3
3卖,距前高<=10% + 站上MA89 + BOLL突破上轨,900,0.3798,0.2544,1.493,0.4544,0.3582,0.0963,L3
3卖,距前高<=10% + 站上MA89 + SID小于等于2,1349,0.5385,0.3984,1.352,0.4299,0.3582,0.0718,L3
3卖,距前高<=10% + 站上MA89 + 相对强弱大于5,1111,0.4865,0.3041,1.6,0.4716,0.3582,0.1135,L3
3卖,距前高<=10% + 站上MA89 + 威科夫得分大于7,770,0.2962,0.2337,1.268,0.4143,0.3582,0.0561,L3
3卖,距前高<=10% + 站上MA89 + 站上MA144,1023,0.389,0.313,1.243,0.4096,0.3582,0.0514,L3
3卖,距前高<=10% + 站上MA89 + 上升中回调,187,0.0696,0.058,1.2,0.4011,0.3582,0.0429,L3
3卖,距前高<=10% + 大盘安全 + MACD零轴上金叉,130,0.0446,0.0425,1.049,0.3692,0.3582,0.0111,L3
3卖,距前高<=10% + 大盘安全 + SID等于2,876,0.3695,0.2477,1.492,0.4543,0.3582,0.0962,L3
3卖,距前高<=10% + 大盘安全 + BOLL突破上轨,774,0.3231,0.2207,1.464,0.4496,0.3582,0.0914,L3
3卖,距前高<=10% + 大盘安全 + SID小于等于2,1415,0.572,0.414,1.382,0.4353,0.3582,0.0772,L3
3卖,距前高<=10% + 大盘安全 + 相对强弱大于5,908,0.4095,0.242,1.692,0.4857,0.3582,0.1275,L3
3卖,距前高<=10% + 大盘安全 + 威科夫得分大于7,654,0.2498,0.1995,1.252,0.4113,0.3582,0.0532,L3
3卖,距前高<=10% + 大盘安全 + 站上MA144,822,0.3083,0.2539,1.214,0.4039,0.3582,0.0457,L3
3卖,距前高<=10% + 大盘安全 + 上升中回调,144,0.0539,0.0446,1.209,0.4028,0.3582,0.0446,L3
3卖,距前高<=10% + MACD零轴上金叉 + SID等于2,98,0.0334,0.0321,1.041,0.3673,0.3582,0.0092,L3
3卖,距前高<=10% + MACD零轴上金叉 + BOLL突破上轨,107,0.0436,0.0311,1.404,0.4393,0.3582,0.0811,L3
3卖,距前高<=10% + MACD零轴上金叉 + SID小于等于2,152,0.0501,0.0508,0.987,0.3553,0.3582,-0.0029,L3
3卖,距前高<=10% + MACD零轴上金叉 + 相对强弱大于5,99,0.0418,0.028,1.493,0.4545,0.3582,0.0964,L3
3卖,距前高<=10% + MACD零轴上金叉 + 威科夫得分大于7,115,0.0427,0.0358,1.195,0.4,0.3582,0.0418,L3
3卖,距前高<=10% + MACD零轴上金叉 + 站上MA144,139,0.0474,0.0456,1.039,0.3669,0.3582,0.0087,L3
3卖,距前高<=10% + MACD零轴上金叉 + 上升中回调,51,0.0232,0.0135,1.723,0.4902,0.3582,0.132,L3
3卖,距前高<=10% + SID等于2 + BOLL突破上轨,558,0.2331,0.1591,1.465,0.4498,0.3582,0.0917,L3
3卖,距前高<=10% + SID等于2 + SID小于等于2,1006,0.4085,0.2933,1.393,0.4374,0.3582,0.0792,L3
3卖,距前高<=10% + SID等于2 + 相对强弱大于5,653,0.2851,0.1793,1.59,0.4701,0.3582,0.112,L3
3卖,距前高<=10% + SID等于2 + 威科夫得分大于7,412,0.1606,0.1238,1.297,0.4199,0.3582,0.0617,L3
3卖,距前高<=10% + SID等于2 + 站上MA144,582,0.2145,0.1819,1.179,0.3969,0.3582,0.0387,L3
3卖,距前高<=10% + SID等于2 + 上升中回调,126,0.0464,0.0394,1.179,0.3968,0.3582,0.0387,L3
3卖,距前高<=10% + BOLL突破上轨 + SID小于等于2,847,0.3463,0.2456,1.41,0.4404,0.3582,0.0822,L3
3卖,距前高<=10% + BOLL突破上轨 + 相对强弱大于5,765,0.3324,0.2109,1.576,0.468,0.3582,0.1098,L3
3卖,距前高<=10% + BOLL突破上轨 + 威科夫得分大于7,504,0.195,0.1523,1.28,0.4167,0.3582,0.0585,L3
3卖,距前高<=10% + BOLL突破上轨 + 站上MA144,650,0.2535,0.1953,1.298,0.42,0.3582,0.0618,L3
3卖,距前高<=10% + BOLL突破上轨 + 上升中回调,72,0.0288,0.0212,1.355,0.4306,0.3582,0.0724,L3
3卖,距前高<=10% + SID小于等于2 + 相对强弱大于5,1018,0.4448,0.2793,1.593,0.4705,0.3582,0.1124,L3
3卖,距前高<=10% + SID小于等于2 + 威科夫得分大于7,719,0.2711,0.2212,1.225,0.4061,0.3582,0.048,L3
3卖,距前高<=10% + SID小于等于2 + 站上MA144,916,0.3361,0.287,1.171,0.3952,0.3582,0.037,L3
3卖,距前高<=10% + SID小于等于2 + 上升中回调,168,0.0594,0.0539,1.103,0.381,0.3582,0.0228,L3
3卖,距前高<=10% + 相对强弱大于5 + 威科夫得分大于7,587,0.2423,0.1689,1.435,0.4446,0.3582,0.0865,L3
3卖,距前高<=10% + 相对强弱大于5 + 站上MA144,752,0.3175,0.2124,1.495,0.4548,0.3582,0.0966,L3
3卖,距前高<=10% + 相对强弱大于5 + 上升中回调,92,0.0427,0.0238,1.792,0.5,0.3582,0.1418,L3
3卖,距前高<=10% + 威科夫得分大于7 + 站上MA144,624,0.2331,0.1933,1.206,0.4022,0.3582,0.0441,L3
3卖,距前高<=10% + 威科夫得分大于7 + 上升中回调,109,0.0436,0.0321,1.358,0.4312,0.3582,0.073,L3
3卖,距前高<=10% + 站上MA144 + 上升中回调,138,0.0483,0.0446,1.084,0.3768,0.3582,0.0186,L3
3卖,纳财 + 斐波短中多头 + 趋势多头,105,0.0492,0.0269,1.826,0.5048,0.3582,0.1466,L3
3卖,纳财 + 斐波短中多头 + 多头排列,103,0.0492,0.0259,1.9,0.5146,0.3582,0.1564,L3
3卖,纳财 + 斐波短中多头 + 站上MA89,111,0.0529,0.028,1.892,0.5135,0.3582,0.1553,L3
3卖,纳财 + 斐波短中多头 + 大盘安全,98,0.0474,0.0244,1.945,0.5204,0.3582,0.1622,L3
3卖,纳财 + 斐波短中多头 + SID等于2,55,0.0223,0.0161,1.387,0.4364,0.3582,0.0782,L3
3卖,纳财 + 斐波短中多头 + BOLL突破上轨,82,0.0436,0.0181,2.406,0.5732,0.3582,0.215,L3
3卖,纳财 + 斐波短中多头 + SID小于等于2,106,0.0492,0.0275,1.792,0.5,0.3582,0.1418,L3
3卖,纳财 + 斐波短中多头 + 相对强弱大于5,84,0.0464,0.0176,2.635,0.5952,0.3582,0.2371,L3
3卖,纳财 + 斐波短中多头 + 威科夫得分大于7,77,0.0371,0.0192,1.937,0.5195,0.3582,0.1613,L3
3卖,纳财 + 斐波短中多头 + 站上MA144,93,0.0446,0.0233,1.911,0.5161,0.3582,0.158,L3
3卖,纳财 + 趋势多头 + 多头排列,146,0.0613,0.0415,1.478,0.4521,0.3582,0.0939,L3
3卖,纳财 + 趋势多头 + 站上MA89,146,0.0604,0.042,1.438,0.4452,0.3582,0.087,L3
3卖,纳财 + 趋势多头 + 大盘安全,124,0.0539,0.0342,1.575,0.4677,0.3582,0.1096,L3
3卖,纳财 + 趋势多头 + SID等于2,78,0.0279,0.0249,1.12,0.3846,0.3582,0.0265,L3
3卖,纳财 + 趋势多头 + BOLL突破上轨,98,0.0464,0.0249,1.867,0.5102,0.3582,0.152,L3
3卖,纳财 + 趋势多头 + SID小于等于2,135,0.0566,0.0383,1.477,0.4519,0.3582,0.0937,L3
3卖,纳财 + 趋势多头 + 相对强弱大于5,109,0.052,0.0275,1.893,0.5138,0.3582,0.1556,L3
3卖,纳财 + 趋势多头 + 威科夫得分大于7,99,0.0418,0.028,1.493,0.4545,0.3582,0.0964,L3
3卖,纳财 + 趋势多头 + 站上MA144,116,0.0501,0.0321,1.561,0.4655,0.3582,0.1074,L3
3卖,纳财 + 多头排列 + 站上MA89,142,0.0585,0.0409,1.429,0.4437,0.3582,0.0855,L3
3卖,纳财 + 多头排列 + 大盘安全,121,0.0529,0.0332,1.596,0.4711,0.3582,0.1129,L3
3卖,纳财 + 多头排列 + SID等于2,76,0.026,0.0249,1.045,0.3684,0.3582,0.0103,L3
3卖,纳财 + 多头排列 + BOLL突破上轨,98,0.0464,0.0249,1.867,0.5102,0.3582,0.152,L3
3卖,纳财 + 多头排列 + SID小于等于2,131,0.0548,0.0373,1.468,0.4504,0.3582,0.0922,L3
3卖,纳财 + 多头排列 + 相对强弱大于5,109,0.052,0.0275,1.893,0.5138,0.3582,0.1556,L3
3卖,纳财 + 多头排列 + 威科夫得分大于7,98,0.0418,0.0275,1.522,0.4592,0.3582,0.101,L3
3卖,纳财 + 多头排列 + 站上MA144,112,0.0483,0.0311,1.553,0.4643,0.3582,0.1061,L3
3卖,纳财 + 站上MA89 + 大盘安全,177,0.0826,0.0456,1.812,0.5028,0.3582,0.1447,L3
3卖,纳财 + 站上MA89 + SID等于2,116,0.0455,0.0347,1.311,0.4224,0.3582,0.0642,L3
3卖,纳财 + 站上MA89 + BOLL突破上轨,162,0.0743,0.0425,1.748,0.4938,0.3582,0.1357,L3
3卖,纳财 + 站上MA89 + SID小于等于2,194,0.0854,0.0528,1.616,0.4742,0.3582,0.1161,L3
3卖,纳财 + 站上MA89 + 相对强弱大于5,181,0.0836,0.0472,1.772,0.4972,0.3582,0.1391,L3
3卖,纳财 + 站上MA89 + 威科夫得分大于7,108,0.0446,0.0311,1.434,0.4444,0.3582,0.0863,L3
3卖,纳财 + 站上MA89 + 站上MA144,154,0.0669,0.0425,1.573,0.4675,0.3582,0.1094,L3
3卖,纳财 + 大盘安全 + SID等于2,142,0.0604,0.0399,1.513,0.4577,0.3582,0.0996,L3
3卖,纳财 + 大盘安全 + BOLL突破上轨,153,0.0734,0.0383,1.913,0.5163,0.3582,0.1582,L3
3卖,纳财 + 大盘安全 + SID小于等于2,237,0.1068,0.0632,1.689,0.4852,0.3582,0.1271,L3
3卖,纳财 + 大盘安全 + 相对强弱大于5,164,0.0826,0.0389,2.127,0.5427,0.3582,0.1845,L3
3卖,纳财 + 大盘安全 + 威科夫得分大于7,92,0.0381,0.0264,1.441,0.4457,0.3582,0.0875,L3
3卖,纳财 + 大盘安全 + 站上MA144,126,0.0576,0.0332,1.736,0.4921,0.3582,0.1339,L3
3卖,纳财 + SID等于2 + BOLL突破上轨,105,0.0446,0.0295,1.509,0.4571,0.3582,0.099,L3
3卖,纳财 + SID等于2 + SID小于等于2,165,0.0659,0.0487,1.354,0.4303,0.3582,0.0721,L3
3卖,纳财 + SID等于2 + 相对强弱大于5,120,0.0501,0.0342,1.466,0.45,0.3582,0.0918,L3
3卖,纳财 + SID等于2 + 威科夫得分大于7,57,0.0204,0.0181,1.126,0.386,0.3582,0.0278,L3
3卖,纳财 + SID等于2 + 站上MA144,85,0.0297,0.0275,1.082,0.3765,0.3582,0.0183,L3
3卖,纳财 + BOLL突破上轨 + SID小于等于2,166,0.0752,0.044,1.708,0.488,0.3582,0.1298,L3
3卖,纳财 + BOLL突破上轨 + 相对强弱大于5,172,0.0761,0.0466,1.633,0.4767,0.3582,0.1186,L3
3卖,纳财 + BOLL突破上轨 + 威科夫得分大于7,87,0.039,0.0233,1.673,0.4828,0.3582,0.1246,L3
3卖,纳财 + BOLL突破上轨 + 站上MA144,116,0.0539,0.0301,1.792,0.5,0.3582,0.1418,L3
3卖,纳财 + SID小于等于2 + 相对强弱大于5,185,0.0864,0.0477,1.811,0.5027,0.3582,0.1445,L3
3卖,纳财 + SID小于等于2 + 威科夫得分大于7,101,0.0399,0.0301,1.329,0.4257,0.3582,0.0676,L3
3卖,纳财 + SID小于等于2 + 站上MA144,141,0.0604,0.0394,1.533,0.461,0.3582,0.1028,L3
3卖,纳财 + 相对强弱大于5 + 威科夫得分大于7,83,0.0399,0.0207,1.926,0.5181,0.3582,0.1599,L3
3卖,纳财 + 相对强弱大于5 + 站上MA144,122,0.0585,0.0306,1.914,0.5164,0.3582,0.1582,L3
3卖,纳财 + 威科夫得分大于7 + 站上MA144,94,0.039,0.0269,1.447,0.4468,0.3582,0.0886,L3
3卖,斐波短中多头 + 趋势多头 + 多头排列,937,0.3593,0.285,1.261,0.413,0.3582,0.0549,L3
3卖,斐波短中多头 + 趋势多头 + 站上MA89,915,0.3491,0.2793,1.25,0.4109,0.3582,0.0528,L3
3卖,斐波短中多头 + 趋势多头 + 大盘安全,780,0.3018,0.2358,1.28,0.4167,0.3582,0.0585,L3
3卖,斐波短中多头 + 趋势多头 + MACD零轴上金叉,173,0.0594,0.0565,1.052,0.3699,0.3582,0.0118,L3
3卖,斐波短中多头 + 趋势多头 + SID等于2,488,0.1941,0.1446,1.342,0.4283,0.3582,0.0701,L3
3卖,斐波短中多头 + 趋势多头 + BOLL突破上轨,514,0.2006,0.1544,1.299,0.4202,0.3582,0.0621,L3
3卖,斐波短中多头 + 趋势多头 + SID小于等于2,864,0.3231,0.2674,1.209,0.4028,0.3582,0.0446,L3
3卖,斐波短中多头 + 趋势多头 + 相对强弱大于5,652,0.273,0.1855,1.472,0.4509,0.3582,0.0928,L3
3卖,斐波短中多头 + 趋势多头 + 威科夫得分大于7,646,0.2396,0.201,1.192,0.3994,0.3582,0.0412,L3
3卖,斐波短中多头 + 趋势多头 + 站上MA144,731,0.2618,0.2326,1.125,0.3858,0.3582,0.0276,L3
3卖,斐波短中多头 + 趋势多头 + 上升中回调,180,0.0585,0.0606,0.965,0.35,0.3582,-0.0082,L3
3卖,斐波短中多头 + 多头排列 + 站上MA89,890,0.3408,0.271,1.257,0.4124,0.3582,0.0542,L3
3卖,斐波短中多头 + 多头排列 + 大盘安全,761,0.2962,0.229,1.293,0.4192,0.3582,0.061,L3
3卖,斐波短中多头 + 多头排列 + MACD零轴上金叉,149,0.0529,0.0477,1.11,0.3826,0.3582,0.0244,L3
3卖,斐波短中多头 + 多头排列 + SID等于2,470,0.1885,0.1383,1.362,0.4319,0.3582,0.0738,L3
3卖,斐波短中多头 + 多头排列 + BOLL突破上轨,515,0.1987,0.156,1.274,0.4155,0.3582,0.0574,L3
3卖,斐波短中多头 + 多头排列 + SID小于等于2,839,0.3166,0.258,1.227,0.4064,0.3582,0.0483,L3
3卖,斐波短中多头 + 多头排列 + 相对强弱大于5,649,0.2702,0.1855,1.457,0.4484,0.3582,0.0902,L3
3卖,斐波短中多头 + 多头排列 + 威科夫得分大于7,634,0.2358,0.1969,1.198,0.4006,0.3582,0.0425,L3
3卖,斐波短中多头 + 多头排列 + 站上MA144,712,0.2563,0.2259,1.134,0.3876,0.3582,0.0295,L3
3卖,斐波短中多头 + 多头排列 + 上升中回调,157,0.0529,0.0518,1.021,0.3631,0.3582,0.0049,L3
3卖,斐波短中多头 + 站上MA89 + 大盘安全,762,0.2981,0.2285,1.304,0.4213,0.3582,0.0631,L3
3卖,斐波短中多头 + 站上MA89 + MACD零轴上金叉,163,0.0566,0.0528,1.072,0.3742,0.3582,0.0161,L3
3卖,斐波短中多头 + 站上MA89 + SID等于2,472,0.1894,0.1389,1.364,0.4322,0.3582,0.074,L3
3卖,斐波短中多头 + 站上MA89 + BOLL突破上轨,514,0.2052,0.1518,1.352,0.43,0.3582,0.0718,L3
3卖,斐波短中多头 + 站上MA89 + SID小于等于2,841,0.3194,0.2575,1.24,0.409,0.3582,0.0509,L3
3卖,斐波短中多头 + 站上MA89 + 相对强弱大于5,655,0.2776,0.1845,1.505,0.4565,0.3582,0.0983,L3
3卖,斐波短中多头 + 站上MA89 + 威科夫得分大于7,623,0.2321,0.1933,1.201,0.4013,0.3582,0.0431,L3
3卖,斐波短中多头 + 站上MA89 + 站上MA144,733,0.2656,0.2316,1.147,0.3902,0.3582,0.032,L3
3卖,斐波短中多头 + 站上MA89 + 上升中回调,166,0.0539,0.056,0.962,0.3494,0.3582,-0.0088,L3
3卖,斐波短中多头 + 大盘安全 + MACD零轴上金叉,129,0.0399,0.0446,0.896,0.3333,0.3582,-0.0248,L3
3卖,斐波短中多头 + 大盘安全 + SID等于2,425,0.1811,0.1192,1.519,0.4588,0.3582,0.1007,L3
3卖,斐波短中多头 + 大盘安全 + BOLL突破上轨,442,0.1671,0.1358,1.231,0.4072,0.3582,0.0491,L3
3卖,斐波短中多头 + 大盘安全 + SID小于等于2,813,0.3138,0.2461,1.275,0.4157,0.3582,0.0576,L3
3卖,斐波短中多头 + 大盘安全 + 相对强弱大于5,526,0.2247,0.1472,1.527,0.4601,0.3582,0.1019,L3
3卖,斐波短中多头 + 大盘安全 + 威科夫得分大于7,536,0.1996,0.1663,1.2,0.4011,0.3582,0.043,L3
3卖,斐波短中多头 + 大盘安全 + 站上MA144,594,0.2098,0.1907,1.101,0.3805,0.3582,0.0223,L3
3卖,斐波短中多头 + 大盘安全 + 上升中回调,134,0.0418,0.0461,0.906,0.3358,0.3582,-0.0223,L3
3卖,斐波短中多头 + MACD零轴上金叉 + SID等于2,89,0.0279,0.0306,0.911,0.3371,0.3582,-0.0211,L3
3卖,斐波短中多头 + MACD零轴上金叉 + BOLL突破上轨,102,0.0381,0.0316,1.204,0.402,0.3582,0.0438,L3
3卖,斐波短中多头 + MACD零轴上金叉 + SID小于等于2,146,0.0436,0.0513,0.851,0.3219,0.3582,-0.0362,L3
3卖,斐波短中多头 + MACD零轴上金叉 + 相对强弱大于5,90,0.0362,0.0264,1.37,0.4333,0.3582,0.0752,L3
3卖,斐波短中多头 + MACD零轴上金叉 + 威科夫得分大于7,114,0.0381,0.0378,1.006,0.3596,0.3582,0.0015,L3
3卖,斐波短中多头 + MACD零轴上金叉 + 站上MA144,137,0.0436,0.0466,0.936,0.3431,0.3582,-0.0151,L3
3卖,斐波短中多头 + MACD零轴上金叉 + 上升中回调,52,0.0204,0.0155,1.314,0.4231,0.3582,0.0649,L3
3卖,斐波短中多头 + SID等于2 + BOLL突破上轨,269,0.1096,0.0782,1.4,0.4387,0.3582,0.0805,L3
3卖,斐波短中多头 + SID等于2 + SID小于等于2,514,0.2052,0.1518,1.352,0.43,0.3582,0.0718,L3
3卖,斐波短中多头 + SID等于2 + 相对强弱大于5,339,0.1393,0.0979,1.422,0.4425,0.3582,0.0843,L3
3卖,斐波短中多头 + SID等于2 + 威科夫得分大于7,307,0.1198,0.0922,1.299,0.4202,0.3582,0.062,L3
3卖,斐波短中多头 + SID等于2 + 站上MA144,367,0.1318,0.1166,1.131,0.3869,0.3582,0.0288,L3
3卖,斐波短中多头 + SID等于2 + 上升中回调,106,0.0334,0.0363,0.922,0.3396,0.3582,-0.0185,L3
3卖,斐波短中多头 + BOLL突破上轨 + SID小于等于2,485,0.182,0.1497,1.215,0.4041,0.3582,0.046,L3
3卖,斐波短中多头 + BOLL突破上轨 + 相对强弱大于5,416,0.1708,0.1202,1.421,0.4423,0.3582,0.0841,L3
3卖,斐波短中多头 + BOLL突破上轨 + 威科夫得分大于7,406,0.1541,0.1244,1.239,0.4089,0.3582,0.0507,L3
3卖,斐波短中多头 + BOLL突破上轨 + 站上MA144,441,0.1681,0.1347,1.248,0.4104,0.3582,0.0523,L3
3卖,斐波短中多头 + BOLL突破上轨 + 上升中回调,63,0.0223,0.0202,1.103,0.381,0.3582,0.0228,L3
3卖,斐波短中多头 + SID小于等于2 + 相对强弱大于5,599,0.2479,0.172,1.441,0.4457,0.3582,0.0876,L3
3卖,斐波短中多头 + SID小于等于2 + 威科夫得分大于7,590,0.2145,0.186,1.153,0.3915,0.3582,0.0334,L3
3卖,斐波短中多头 + SID小于等于2 + 站上MA144,666,0.2303,0.2166,1.063,0.3724,0.3582,0.0142,L3
3卖,斐波短中多头 + SID小于等于2 + 上升中回调,151,0.0446,0.0534,0.835,0.3179,0.3582,-0.0403,L3
3卖,斐波短中多头 + 相对强弱大于5 + 威科夫得分大于7,473,0.1903,0.1389,1.371,0.4334,0.3582,0.0752,L3
3卖,斐波短中多头 + 相对强弱大于5 + 站上MA144,533,0.2201,0.1534,1.435,0.4447,0.3582,0.0865,L3
3卖,斐波短中多头 + 相对强弱大于5 + 上升中回调,83,0.0334,0.0244,1.373,0.4337,0.3582,0.0756,L3
3卖,斐波短中多头 + 威科夫得分大于7 + 站上MA144,529,0.1913,0.1674,1.143,0.3894,0.3582,0.0312,L3
3卖,斐波短中多头 + 威科夫得分大于7 + 上升中回调,99,0.0325,0.0332,0.98,0.3535,0.3582,-0.0046,L3
3卖,斐波短中多头 + 站上MA144 + 上升中回调,130,0.0427,0.0435,0.981,0.3538,0.3582,-0.0043,L3
3卖,趋势多头 + 多头排列 + 站上MA89,1219,0.4624,0.3736,1.238,0.4085,0.3582,0.0504,L3
3卖,趋势多头 + 多头排列 + 大盘安全,1046,0.4002,0.3187,1.256,0.412,0.3582,0.0539,L3
3卖,趋势多头 + 多头排列 + MACD零轴上金叉,166,0.0622,0.0513,1.213,0.4036,0.3582,0.0455,L3
3卖,趋势多头 + 多头排列 + SID等于2,687,0.2693,0.2057,1.309,0.4221,0.3582,0.064,L3
3卖,趋势多头 + 多头排列 + BOLL突破上轨,694,0.2693,0.2093,1.286,0.4179,0.3582,0.0597,L3
3卖,趋势多头 + 多头排列 + SID小于等于2,1148,0.428,0.356,1.203,0.4016,0.3582,0.0434,L3
3卖,趋势多头 + 多头排列 + 相对强弱大于5,921,0.3742,0.2684,1.394,0.4376,0.3582,0.0794,L3
3卖,趋势多头 + 多头排列 + 威科夫得分大于7,843,0.3129,0.2622,1.193,0.3998,0.3582,0.0416,L3
3卖,趋势多头 + 多头排列 + 站上MA144,910,0.3305,0.287,1.152,0.3912,0.3582,0.033,L3
3卖,趋势多头 + 多头排列 + 上升中回调,205,0.0724,0.0658,1.101,0.3805,0.3582,0.0223,L3
3卖,趋势多头 + 站上MA89 + 大盘安全,1012,0.3881,0.3078,1.261,0.413,0.3582,0.0549,L3
3卖,趋势多头 + 站上MA89 + MACD零轴上金叉,191,0.0687,0.0606,1.133,0.3874,0.3582,0.0293,L3
3卖,趋势多头 + 站上MA89 + SID等于2,679,0.2609,0.2062,1.265,0.4138,0.3582,0.0557,L3
3卖,趋势多头 + 站上MA89 + BOLL突破上轨,678,0.2683,0.2016,1.331,0.4263,0.3582,0.0681,L3
3卖,趋势多头 + 站上MA89 + SID小于等于2,1119,0.4169,0.3472,1.201,0.4013,0.3582,0.0431,L3
3卖,趋势多头 + 站上MA89 + 相对强弱大于5,900,0.3695,0.2601,1.421,0.4422,0.3582,0.0841,L3
3卖,趋势多头 + 站上MA89 + 威科夫得分大于7,830,0.3064,0.2591,1.183,0.3976,0.3582,0.0394,L3
3卖,趋势多头 + 站上MA89 + 站上MA144,940,0.3426,0.2959,1.158,0.3926,0.3582,0.0344,L3
3卖,趋势多头 + 站上MA89 + 上升中回调,221,0.0761,0.072,1.057,0.371,0.3582,0.0129,L3
3卖,趋势多头 + 大盘安全 + MACD零轴上金叉,150,0.0483,0.0508,0.951,0.3467,0.3582,-0.0115,L3
3卖,趋势多头 + 大盘安全 + SID等于2,622,0.2544,0.1803,1.411,0.4405,0.3582,0.0824,L3
3卖,趋势多头 + 大盘安全 + BOLL突破上轨,558,0.2145,0.1694,1.266,0.414,0.3582,0.0558,L3
3卖,趋势多头 + 大盘安全 + SID小于等于2,1094,0.416,0.3347,1.243,0.4095,0.3582,0.0513,L3
3卖,趋势多头 + 大盘安全 + 相对强弱大于5,698,0.2897,0.2,1.448,0.447,0.3582,0.0888,L3
3卖,趋势多头 + 大盘安全 + 威科夫得分大于7,704,0.2628,0.2181,1.205,0.402,0.3582,0.0438,L3
3卖,趋势多头 + 大盘安全 + 站上MA144,754,0.2665,0.242,1.101,0.3806,0.3582,0.0225,L3
3卖,趋势多头 + 大盘安全 + 上升中回调,174,0.0594,0.057,1.043,0.3678,0.3582,0.0097,L3
3卖,趋势多头 + MACD零轴上金叉 + SID等于2,112,0.0371,0.0373,0.996,0.3571,0.3582,-0.001,L3
3卖,趋势多头 + MACD零轴上金叉 + BOLL突破上轨,113,0.0455,0.0332,1.372,0.4336,0.3582,0.0755,L3
3卖,趋势多头 + MACD零轴上金叉 + SID小于等于2,173,0.0539,0.0596,0.904,0.3353,0.3582,-0.0229,L3
3卖,趋势多头 + MACD零轴上金叉 + 相对强弱大于5,106,0.0436,0.0306,1.428,0.4434,0.3582,0.0852,L3
3卖,趋势多头 + MACD零轴上金叉 + 威科夫得分大于7,130,0.0455,0.042,1.084,0.3769,0.3582,0.0188,L3
3卖,趋势多头 + MACD零轴上金叉 + 站上MA144,153,0.0511,0.0508,1.006,0.3595,0.3582,0.0013,L3
3卖,趋势多头 + MACD零轴上金叉 + 上升中回调,64,0.0269,0.0181,1.485,0.4531,0.3582,0.095,L3
3卖,趋势多头 + SID等于2 + BOLL突破上轨,368,0.1458,0.1093,1.333,0.4266,0.3582,0.0685,L3
3卖,趋势多头 + SID等于2 + SID小于等于2,739,0.2869,0.2228,1.288,0.4181,0.3582,0.06,L3
3卖,趋势多头 + SID等于2 + 相对强弱大于5,480,0.1903,0.1425,1.336,0.4271,0.3582,0.0689,L3
3卖,趋势多头 + SID等于2 + 威科夫得分大于7,440,0.169,0.1337,1.264,0.4136,0.3582,0.0555,L3
3卖,趋势多头 + SID等于2 + 站上MA144,495,0.1764,0.158,1.116,0.3838,0.3582,0.0257,L3
3卖,趋势多头 + SID等于2 + 上升中回调,149,0.0501,0.0492,1.019,0.3624,0.3582,0.0043,L3
3卖,趋势多头 + BOLL突破上轨 + SID小于等于2,618,0.234,0.1896,1.234,0.4078,0.3582,0.0496,L3
3卖,趋势多头 + BOLL突破上轨 + 相对强弱大于5,554,0.2256,0.1611,1.4,0.4386,0.3582,0.0805,L3
3卖,趋势多头 + BOLL突破上轨 + 威科夫得分大于7,527,0.1996,0.1617,1.235,0.408,0.3582,0.0498,L3
3卖,趋势多头 + BOLL突破上轨 + 站上MA144,557,0.2126,0.1699,1.251,0.4111,0.3582,0.053,L3
3卖,趋势多头 + BOLL突破上轨 + 上升中回调,80,0.0306,0.0244,1.258,0.4125,0.3582,0.0543,L3
3卖,趋势多头 + SID小于等于2 + 相对强弱大于5,796,0.3194,0.2342,1.364,0.4322,0.3582,0.074,L3
3卖,趋势多头 + SID小于等于2 + 威科夫得分大于7,776,0.2823,0.2446,1.154,0.3918,0.3582,0.0336,L3
3卖,趋势多头 + SID小于等于2 + 站上MA144,840,0.2916,0.2725,1.07,0.3738,0.3582,0.0156,L3
3卖,趋势多头 + SID小于等于2 + 上升中回调,203,0.065,0.0689,0.943,0.3448,0.3582,-0.0133,L3
3卖,趋势多头 + 相对强弱大于5 + 威科夫得分大于7,641,0.2507,0.1922,1.304,0.4212,0.3582,0.0631,L3
3卖,趋势多头 + 相对强弱大于5 + 站上MA144,683,0.2813,0.1969,1.429,0.4436,0.3582,0.0855,L3
3卖,趋势多头 + 相对强弱大于5 + 上升中回调,118,0.0483,0.0342,1.412,0.4407,0.3582,0.0825,L3
3卖,趋势多头 + 威科夫得分大于7 + 站上MA144,655,0.2386,0.2062,1.157,0.3924,0.3582,0.0342,L3
3卖,趋势多头 + 威科夫得分大于7 + 上升中回调,133,0.0474,0.0425,1.115,0.3835,0.3582,0.0253,L3
3卖,趋势多头 + 站上MA144 + 上升中回调,160,0.0539,0.0528,1.019,0.3625,0.3582,0.0043,L3
3卖,多头排列 + 站上MA89 + 大盘安全,984,0.376,0.3,1.253,0.4116,0.3582,0.0534,L3
3卖,多头排列 + 站上MA89 + MACD零轴上金叉,160,0.0604,0.0492,1.226,0.4062,0.3582,0.0481,L3
3卖,多头排列 + 站上MA89 + SID等于2,644,0.247,0.1959,1.261,0.413,0.3582,0.0549,L3
3卖,多头排列 + 站上MA89 + BOLL突破上轨,678,0.2637,0.2041,1.292,0.4189,0.3582,0.0607,L3
3卖,多头排列 + 站上MA89 + SID小于等于2,1077,0.4011,0.3342,1.2,0.4011,0.3582,0.0429,L3
3卖,多头排列 + 站上MA89 + 相对强弱大于5,889,0.3621,0.2585,1.401,0.4387,0.3582,0.0805,L3
3卖,多头排列 + 站上MA89 + 威科夫得分大于7,806,0.2981,0.2513,1.186,0.3983,0.3582,0.0401,L3
3卖,多头排列 + 站上MA89 + 站上MA144,906,0.3296,0.2855,1.155,0.3918,0.3582,0.0337,L3
3卖,多头排列 + 站上MA89 + 上升中回调,187,0.0641,0.0611,1.048,0.369,0.3582,0.0108,L3
3卖,多头排列 + 大盘安全 + MACD零轴上金叉,127,0.0427,0.042,1.018,0.3622,0.3582,0.004,L3
3卖,多头排列 + 大盘安全 + SID等于2,596,0.2423,0.1736,1.396,0.4379,0.3582,0.0798,L3
3卖,多头排列 + 大盘安全 + BOLL突破上轨,564,0.2117,0.1741,1.216,0.4043,0.3582,0.0461,L3
3卖,多头排列 + 大盘安全 + SID小于等于2,1058,0.4011,0.3244,1.237,0.4083,0.3582,0.0502,L3
3卖,多头排列 + 大盘安全 + 相对强弱大于5,703,0.2888,0.2031,1.422,0.4424,0.3582,0.0842,L3
3卖,多头排列 + 大盘安全 + 威科夫得分大于7,685,0.2572,0.2114,1.217,0.4044,0.3582,0.0462,L3
3卖,多头排列 + 大盘安全 + 站上MA144,732,0.26,0.2342,1.11,0.3825,0.3582,0.0243,L3
3卖,多头排列 + 大盘安全 + 上升中回调,147,0.0501,0.0482,1.041,0.3673,0.3582,0.0092,L3
3卖,多头排列 + MACD零轴上金叉 + SID等于2,87,0.0316,0.0275,1.15,0.3908,0.3582,0.0326,L3
3卖,多头排列 + MACD零轴上金叉 + BOLL突破上轨,110,0.0436,0.0326,1.337,0.4273,0.3582,0.0691,L3
3卖,多头排列 + MACD零轴上金叉 + SID小于等于2,142,0.0474,0.0472,1.004,0.3592,0.3582,0.001,L3
3卖,多头排列 + MACD零轴上金叉 + 相对强弱大于5,95,0.0399,0.0269,1.482,0.4526,0.3582,0.0945,L3
3卖,多头排列 + MACD零轴上金叉 + 威科夫得分大于7,114,0.0418,0.0358,1.169,0.3947,0.3582,0.0366,L3
3卖,多头排列 + MACD零轴上金叉 + 站上MA144,135,0.0455,0.0446,1.021,0.363,0.3582,0.0048,L3
3卖,多头排列 + SID等于2 + BOLL突破上轨,373,0.143,0.1135,1.26,0.4129,0.3582,0.0547,L3
3卖,多头排列 + SID等于2 + SID小于等于2,698,0.2702,0.2109,1.281,0.4169,0.3582,0.0587,L3
3卖,多头排列 + SID等于2 + 相对强弱大于5,476,0.1866,0.1425,1.31,0.4223,0.3582,0.0641,L3
3卖,多头排列 + SID等于2 + 威科夫得分大于7,421,0.1625,0.1275,1.275,0.4157,0.3582,0.0575,L3
3卖,多头排列 + SID等于2 + 站上MA144,469,0.1681,0.1492,1.126,0.3859,0.3582,0.0278,L3
3卖,多头排列 + SID等于2 + 上升中回调,123,0.0409,0.0409,0.998,0.3577,0.3582,-0.0004,L3
3卖,多头排列 + BOLL突破上轨 + SID小于等于2,621,0.2293,0.1938,1.183,0.3977,0.3582,0.0396,L3
3卖,多头排列 + BOLL突破上轨 + 相对强弱大于5,560,0.2238,0.1653,1.354,0.4304,0.3582,0.0722,L3
3卖,多头排列 + BOLL突破上轨 + 威科夫得分大于7,524,0.1968,0.1617,1.218,0.4046,0.3582,0.0464,L3
3卖,多头排列 + BOLL突破上轨 + 站上MA144,553,0.2089,0.1699,1.229,0.4069,0.3582,0.0487,L3
3卖,多头排列 + BOLL突破上轨 + 上升中回调,77,0.0279,0.0244,1.144,0.3896,0.3582,0.0314,L3
3卖,多头排列 + SID小于等于2 + 相对强弱大于5,792,0.3157,0.2342,1.348,0.4293,0.3582,0.0711,L3
3卖,多头排列 + SID小于等于2 + 威科夫得分大于7,753,0.2748,0.2368,1.161,0.3931,0.3582,0.0349,L3
3卖,多头排列 + SID小于等于2 + 站上MA144,809,0.2823,0.2617,1.079,0.3758,0.3582,0.0176,L3
3卖,多头排列 + SID小于等于2 + 上升中回调,169,0.0539,0.0575,0.936,0.3432,0.3582,-0.015,L3
3卖,多头排列 + 相对强弱大于5 + 威科夫得分大于7,631,0.247,0.1891,1.306,0.4216,0.3582,0.0634,L3
3卖,多头排列 + 相对强弱大于5 + 站上MA144,673,0.2758,0.1948,1.416,0.4413,0.3582,0.0831,L3
3卖,多头排列 + 相对强弱大于5 + 上升中回调,111,0.0455,0.0321,1.416,0.4414,0.3582,0.0833,L3
3卖,多头排列 + 威科夫得分大于7 + 站上MA144,639,0.2321,0.2016,1.152,0.3912,0.3582,0.0331,L3
3卖,多头排列 + 威科夫得分大于7 + 上升中回调,122,0.0436,0.0389,1.123,0.3852,0.3582,0.0271,L3
3卖,多头排列 + 站上MA144 + 上升中回调,139,0.0464,0.0461,1.007,0.3597,0.3582,0.0015,L3
3卖,站上MA89 + 大盘安全 + MACD零轴上金叉,144,0.0474,0.0482,0.983,0.3542,0.3582,-0.004,L3
3卖,站上MA89 + 大盘安全 + SID等于2,924,0.3686,0.2731,1.35,0.4297,0.3582,0.0715,L3
3卖,站上MA89 + 大盘安全 + BOLL突破上轨,872,0.3482,0.2575,1.352,0.43,0.3582,0.0719,L3
3卖,站上MA89 + 大盘安全 + SID小于等于2,1482,0.5729,0.4482,1.278,0.4163,0.3582,0.0582,L3
3卖,站上MA89 + 大盘安全 + 相对强弱大于5,1024,0.4318,0.2896,1.491,0.4541,0.3582,0.0959,L3
3卖,站上MA89 + 大盘安全 + 威科夫得分大于7,740,0.2646,0.2358,1.122,0.3851,0.3582,0.027,L3
3卖,站上MA89 + 大盘安全 + 站上MA144,956,0.3408,0.3052,1.117,0.3839,0.3582,0.0257,L3
3卖,站上MA89 + 大盘安全 + 上升中回调,154,0.0529,0.0503,1.053,0.3701,0.3582,0.012,L3
3卖,站上MA89 + MACD零轴上金叉 + SID等于2,110,0.0362,0.0368,0.984,0.3545,0.3582,-0.0036,L3
3卖,站上MA89 + MACD零轴上金叉 + BOLL突破上轨,113,0.0464,0.0326,1.422,0.4425,0.3582,0.0843,L3
3卖,站上MA89 + MACD零轴上金叉 + SID小于等于2,168,0.0529,0.0575,0.92,0.3393,0.3582,-0.0189,L3
3卖,站上MA89 + MACD零轴上金叉 + 相对强弱大于5,108,0.0455,0.0306,1.488,0.4537,0.3582,0.0955,L3
3卖,站上MA89 + MACD零轴上金叉 + 威科夫得分大于7,131,0.0464,0.042,1.106,0.3817,0.3582,0.0235,L3
3卖,站上MA89 + MACD零轴上金叉 + 站上MA144,156,0.052,0.0518,1.004,0.359,0.3582,0.0008,L3
3卖,站上MA89 + MACD零轴上金叉 + 上升中回调,58,0.0251,0.0161,1.561,0.4655,0.3582,0.1074,L3
3卖,站上MA89 + SID等于2 + BOLL突破上轨,633,0.2498,0.1886,1.324,0.425,0.3582,0.0668,L3
3卖,站上MA89 + SID等于2 + SID小于等于2,1069,0.4039,0.3285,1.23,0.4069,0.3582,0.0488,L3
3卖,站上MA89 + SID等于2 + 相对强弱大于5,757,0.299,0.2254,1.327,0.4254,0.3582,0.0672,L3
3卖,站上MA89 + SID等于2 + 威科夫得分大于7,471,0.169,0.1497,1.129,0.3864,0.3582,0.0282,L3
3卖,站上MA89 + SID等于2 + 站上MA144,673,0.2358,0.2171,1.086,0.3774,0.3582,0.0193,L3
3卖,站上MA89 + SID等于2 + 上升中回调,135,0.0436,0.0456,0.957,0.3481,0.3582,-0.01,L3
3卖,站上MA89 + BOLL突破上轨 + SID小于等于2,953,0.3714,0.2865,1.296,0.4197,0.3582,0.0616,L3
3卖,站上MA89 + BOLL突破上轨 + 相对强弱大于5,916,0.3686,0.2689,1.371,0.4334,0.3582,0.0752,L3
3卖,站上MA89 + BOLL突破上轨 + 威科夫得分大于7,570,0.2089,0.1788,1.169,0.3947,0.3582,0.0366,L3
3卖,站上MA89 + BOLL突破上轨 + 站上MA144,763,0.2804,0.2389,1.174,0.3958,0.3582,0.0376,L3
3卖,站上MA89 + BOLL突破上轨 + 上升中回调,79,0.0306,0.0238,1.286,0.4177,0.3582,0.0596,L3
3卖,站上MA89 + SID小于等于2 + 相对强弱大于5,1152,0.4652,0.3373,1.379,0.4349,0.3582,0.0767,L3
3卖,站上MA89 + SID小于等于2 + 威科夫得分大于7,809,0.2841,0.2606,1.09,0.3782,0.3582,0.0201,L3
3卖,站上MA89 + SID小于等于2 + 站上MA144,1057,0.3686,0.342,1.078,0.3756,0.3582,0.0174,L3
3卖,站上MA89 + SID小于等于2 + 上升中回调,182,0.0576,0.0622,0.926,0.3407,0.3582,-0.0175,L3
3卖,站上MA89 + 相对强弱大于5 + 威科夫得分大于7,676,0.2581,0.2062,1.252,0.4112,0.3582,0.0531,L3
3卖,站上MA89 + 相对强弱大于5 + 站上MA144,893,0.351,0.2668,1.315,0.4233,0.3582,0.0651,L3
3卖,站上MA89 + 相对强弱大于5 + 上升中回调,110,0.0446,0.0321,1.387,0.4364,0.3582,0.0782,L3
3卖,站上MA89 + 威科夫得分大于7 + 站上MA144,726,0.2553,0.2337,1.093,0.3788,0.3582,0.0206,L3
3卖,站上MA89 + 威科夫得分大于7 + 上升中回调,124,0.0436,0.0399,1.094,0.379,0.3582,0.0209,L3
3卖,站上MA89 + 站上MA144 + 上升中回调,157,0.0529,0.0518,1.021,0.3631,0.3582,0.0049,L3
3卖,大盘安全 + MACD零轴上金叉 + SID等于2,92,0.0325,0.0295,1.1,0.3804,0.3582,0.0223,L3
3卖,大盘安全 + MACD零轴上金叉 + BOLL突破上轨,85,0.0269,0.029,0.928,0.3412,0.3582,-0.017,L3
3卖,大盘安全 + MACD零轴上金叉 + SID小于等于2,153,0.0492,0.0518,0.95,0.3464,0.3582,-0.0118,L3
3卖,大盘安全 + MACD零轴上金叉 + 相对强弱大于5,72,0.026,0.0228,1.14,0.3889,0.3582,0.0307,L3
3卖,大盘安全 + MACD零轴上金叉 + 威科夫得分大于7,101,0.0316,0.0347,0.909,0.3366,0.3582,-0.0215,L3
3卖,大盘安全 + MACD零轴上金叉 + 站上MA144,115,0.0316,0.042,0.752,0.2957,0.3582,-0.0625,L3
3卖,大盘安全 + SID等于2 + BOLL突破上轨,699,0.2767,0.2078,1.332,0.4263,0.3582,0.0682,L3
3卖,大盘安全 + SID等于2 + SID小于等于2,1436,0.5246,0.4513,1.162,0.3935,0.3582,0.0353,L3
3卖,大盘安全 + SID等于2 + 相对强弱大于5,867,0.3454,0.2565,1.347,0.4291,0.3582,0.0709,L3
3卖,大盘安全 + SID等于2 + 威科夫得分大于7,450,0.1616,0.143,1.13,0.3867,0.3582,0.0285,L3
3卖,大盘安全 + SID等于2 + 站上MA144,614,0.2154,0.1979,1.088,0.3779,0.3582,0.0197,L3
3卖,大盘安全 + SID等于2 + 上升中回调,122,0.0455,0.0378,1.203,0.4016,0.3582,0.0435,L3
3卖,大盘安全 + BOLL突破上轨 + SID小于等于2,1088,0.4206,0.329,1.278,0.4164,0.3582,0.0582,L3
3卖,大盘安全 + BOLL突破上轨 + 相对强弱大于5,822,0.3315,0.2409,1.376,0.4343,0.3582,0.0761,L3
3卖,大盘安全 + BOLL突破上轨 + 威科夫得分大于7,482,0.1736,0.1528,1.136,0.388,0.3582,0.0298,L3
3卖,大盘安全 + BOLL突破上轨 + 站上MA144,626,0.2256,0.1984,1.137,0.3882,0.3582,0.03,L3
3卖,大盘安全 + BOLL突破上轨 + 上升中回调,61,0.0195,0.0207,0.941,0.3443,0.3582,-0.0139,L3
3卖,大盘安全 + SID小于等于2 + 相对强弱大于5,1364,0.5413,0.4047,1.338,0.4274,0.3582,0.0693,L3
3卖,大盘安全 + SID小于等于2 + 威科夫得分大于7,807,0.2813,0.2611,1.077,0.3755,0.3582,0.0173,L3
3卖,大盘安全 + SID小于等于2 + 站上MA144,1009,0.35,0.3275,1.069,0.3736,0.3582,0.0155,L3
3卖,大盘安全 + SID小于等于2 + 上升中回调,176,0.0604,0.0575,1.049,0.3693,0.3582,0.0112,L3
3卖,大盘安全 + 相对强弱大于5 + 威科夫得分大于7,540,0.2098,0.1627,1.29,0.4185,0.3582,0.0604,L3
3卖,大盘安全 + 相对强弱大于5 + 站上MA144,680,0.2721,0.2005,1.357,0.4309,0.3582,0.0727,L3
3卖,大盘安全 + 相对强弱大于5 + 上升中回调,69,0.0269,0.0207,1.299,0.4203,0.3582,0.0621,L3
3卖,大盘安全 + 威科夫得分大于7 + 站上MA144,621,0.2043,0.2078,0.983,0.3543,0.3582,-0.0039,L3
3卖,大盘安全 + 威科夫得分大于7 + 上升中回调,98,0.0325,0.0326,0.996,0.3571,0.3582,-0.001,L3
3卖,大盘安全 + 站上MA144 + 上升中回调,113,0.0334,0.0399,0.838,0.3186,0.3582,-0.0396,L3
3卖,MACD零轴上金叉 + SID等于2 + BOLL突破上轨,56,0.0214,0.0171,1.249,0.4107,0.3582,0.0526,L3
3卖,MACD零轴上金叉 + SID等于2 + SID小于等于2,116,0.0381,0.0389,0.98,0.3534,0.3582,-0.0047,L3
3卖,MACD零轴上金叉 + SID等于2 + 相对强弱大于5,65,0.0232,0.0207,1.12,0.3846,0.3582,0.0265,L3
3卖,MACD零轴上金叉 + SID等于2 + 威科夫得分大于7,68,0.0223,0.0228,0.977,0.3529,0.3582,-0.0052,L3
3卖,MACD零轴上金叉 + SID等于2 + 站上MA144,78,0.0223,0.028,0.796,0.3077,0.3582,-0.0505,L3
3卖,MACD零轴上金叉 + BOLL突破上轨 + SID小于等于2,95,0.0325,0.0311,1.045,0.3684,0.3582,0.0103,L3
3卖,MACD零轴上金叉 + BOLL突破上轨 + 相对强弱大于5,77,0.0334,0.0212,1.573,0.4675,0.3582,0.1094,L3
3卖,MACD零轴上金叉 + BOLL突破上轨 + 威科夫得分大于7,85,0.0344,0.0249,1.381,0.4353,0.3582,0.0771,L3
3卖,MACD零轴上金叉 + BOLL突破上轨 + 站上MA144,102,0.0399,0.0306,1.306,0.4216,0.3582,0.0634,L3
3卖,MACD零轴上金叉 + SID小于等于2 + 相对强弱大于5,90,0.0316,0.029,1.088,0.3778,0.3582,0.0196,L3
3卖,MACD零轴上金叉 + SID小于等于2 + 威科夫得分大于7,116,0.0353,0.0404,0.873,0.3276,0.3582,-0.0306,L3
3卖,MACD零轴上金叉 + SID小于等于2 + 站上MA144,132,0.0362,0.0482,0.751,0.2955,0.3582,-0.0627,L3
3卖,MACD零轴上金叉 + SID小于等于2 + 上升中回调,51,0.0186,0.0161,1.156,0.3922,0.3582,0.034,L3
3卖,MACD零轴上金叉 + 相对强弱大于5 + 威科夫得分大于7,82,0.0316,0.0249,1.269,0.4146,0.3582,0.0565,L3
3卖,MACD零轴上金叉 + 相对强弱大于5 + 站上MA144,91,0.0371,0.0264,1.406,0.4396,0.3582,0.0814,L3
3卖,MACD零轴上金叉 + 威科夫得分大于7 + 站上MA144,112,0.0362,0.0378,0.957,0.3482,0.3582,-0.0099,L3
3卖,SID等于2 + BOLL突破上轨 + SID小于等于2,796,0.3055,0.242,1.262,0.4133,0.3582,0.0552,L3
3卖,SID等于2 + BOLL突破上轨 + 相对强弱大于5,636,0.2461,0.1922,1.28,0.4167,0.3582,0.0585,L3
3卖,SID等于2 + BOLL突破上轨 + 威科夫得分大于7,309,0.1151,0.0959,1.201,0.4013,0.3582,0.0431,L3
3卖,SID等于2 + BOLL突破上轨 + 站上MA144,443,0.1578,0.1415,1.116,0.3837,0.3582,0.0256,L3
3卖,SID等于2 + SID小于等于2 + 相对强弱大于5,1044,0.402,0.3166,1.27,0.4148,0.3582,0.0566,L3
3卖,SID等于2 + SID小于等于2 + 威科夫得分大于7,528,0.1838,0.171,1.075,0.375,0.3582,0.0168,L3
3卖,SID等于2 + SID小于等于2 + 站上MA144,718,0.2451,0.2352,1.042,0.3677,0.3582,0.0095,L3
3卖,SID等于2 + SID小于等于2 + 上升中回调,151,0.0511,0.0497,1.027,0.3642,0.3582,0.0061,L3
3卖,SID等于2 + 相对强弱大于5 + 威科夫得分大于7,360,0.1346,0.1114,1.209,0.4028,0.3582,0.0446,L3
3卖,SID等于2 + 相对强弱大于5 + 站上MA144,501,0.1913,0.1528,1.251,0.4112,0.3582,0.053,L3
3卖,SID等于2 + 相对强弱大于5 + 上升中回调,67,0.0223,0.0223,1.0,0.3582,0.3582,0.0,L3
3卖,SID等于2 + 威科夫得分大于7 + 站上MA144,399,0.1291,0.1347,0.958,0.3484,0.3582,-0.0098,L3
3卖,SID等于2 + 威科夫得分大于7 + 上升中回调,76,0.0232,0.0264,0.878,0.3289,0.3582,-0.0292,L3
3卖,SID等于2 + 站上MA144 + 上升中回调,94,0.0269,0.0337,0.8,0.3085,0.3582,-0.0497,L3
3卖,BOLL突破上轨 + SID小于等于2 + 相对强弱大于5,917,0.3603,0.2741,1.314,0.4231,0.3582,0.065,L3
3卖,BOLL突破上轨 + SID小于等于2 + 威科夫得分大于7,529,0.1894,0.1684,1.125,0.3856,0.3582,0.0275,L3
3卖,BOLL突破上轨 + SID小于等于2 + 站上MA144,686,0.2433,0.2197,1.107,0.3819,0.3582,0.0238,L3
3卖,BOLL突破上轨 + SID小于等于2 + 上升中回调,69,0.0223,0.0233,0.956,0.3478,0.3582,-0.0103,L3
3卖,BOLL突破上轨 + 相对强弱大于5 + 威科夫得分大于7,470,0.1773,0.1446,1.227,0.4064,0.3582,0.0482,L3
3卖,BOLL突破上轨 + 相对强弱大于5 + 站上MA144,627,0.2423,0.1896,1.278,0.4163,0.3582,0.0581,L3
3卖,BOLL突破上轨 + 相对强弱大于5 + 上升中回调,57,0.0232,0.0166,1.4,0.4386,0.3582,0.0804,L3
3卖,BOLL突破上轨 + 威科夫得分大于7 + 站上MA144,494,0.1727,0.1596,1.082,0.3765,0.3582,0.0184,L3
3卖,BOLL突破上轨 + 威科夫得分大于7 + 上升中回调,58,0.0232,0.0171,1.358,0.431,0.3582,0.0729,L3
3卖,BOLL突破上轨 + 站上MA144 + 上升中回调,62,0.0241,0.0187,1.294,0.4194,0.3582,0.0612,L3
3卖,SID小于等于2 + 相对强弱大于5 + 威科夫得分大于7,609,0.2303,0.187,1.231,0.4072,0.3582,0.0491,L3
3卖,SID小于等于2 + 相对强弱大于5 + 站上MA144,769,0.3008,0.2306,1.305,0.4213,0.3582,0.0632,L3
3卖,SID小于等于2 + 相对强弱大于5 + 上升中回调,88,0.0316,0.028,1.128,0.3864,0.3582,0.0282,L3
3卖,SID小于等于2 + 威科夫得分大于7 + 站上MA144,681,0.2228,0.2285,0.975,0.3524,0.3582,-0.0057,L3
3卖,SID小于等于2 + 威科夫得分大于7 + 上升中回调,112,0.0344,0.0389,0.884,0.3304,0.3582,-0.0278,L3
3卖,SID小于等于2 + 站上MA144 + 上升中回调,134,0.0381,0.0482,0.79,0.306,0.3582,-0.0522,L3
3卖,相对强弱大于5 + 威科夫得分大于7 + 站上MA144,552,0.2145,0.1663,1.29,0.4185,0.3582,0.0603,L3
3卖,相对强弱大于5 + 威科夫得分大于7 + 上升中回调,77,0.0334,0.0212,1.573,0.4675,0.3582,0.1094,L3
3卖,相对强弱大于5 + 站上MA144 + 上升中回调,88,0.0381,0.0244,1.563,0.4659,0.3582,0.1077,L3
3卖,威科夫得分大于7 + 站上MA144 + 上升中回调,96,0.0344,0.0306,1.124,0.3854,0.3582,0.0273,L3
3卖,量比>=1.0,2000,0.6611,0.6674,0.991,0.356,0.3582,-0.0022,L4
3卖,量能金叉 + 量比>=1.0,831,0.2544,0.2886,0.882,0.3297,0.3582,-0.0284,L4
3卖,大盘安全 + 量比>=1.0,1434,0.519,0.4534,1.145,0.3898,0.3582,0.0317,L4
3卖,偏多共振 + 量比>=1.0,151,0.0455,0.0528,0.861,0.3245,0.3582,-0.0337,L4
3卖,中枢进机会区 + 量比>=1.0,124,0.0353,0.0446,0.792,0.3065,0.3582,-0.0517,L4
3卖,量比>=1.3,1308,0.4392,0.4326,1.015,0.3616,0.3582,0.0035,L4
3卖,量能金叉 + 量比>=1.3,631,0.1922,0.2197,0.875,0.3281,0.3582,-0.0301,L4
3卖,大盘安全 + 量比>=1.3,941,0.3473,0.2938,1.182,0.3974,0.3582,0.0393,L4
3卖,偏多共振 + 量比>=1.3,95,0.0279,0.0337,0.827,0.3158,0.3582,-0.0424,L4
3卖,中枢进机会区 + 量比>=1.3,96,0.0251,0.0358,0.701,0.2812,0.3582,-0.0769,L4
3卖,量比>=1.5,1038,0.35,0.3425,1.022,0.3632,0.3582,0.005,L4
3卖,量能金叉 + 量比>=1.5,535,0.1634,0.186,0.879,0.329,0.3582,-0.0292,L4
3卖,大盘安全 + 量比>=1.5,752,0.2776,0.2347,1.183,0.3976,0.3582,0.0394,L4
3卖,偏多共振 + 量比>=1.5,64,0.0195,0.0223,0.875,0.3281,0.3582,-0.03,L4
3卖,中枢进机会区 + 量比>=1.5,86,0.0214,0.0326,0.654,0.2674,0.3582,-0.0907,L4
3卖,量比>=2.0,622,0.2154,0.2021,1.066,0.373,0.3582,0.0148,L4
3卖,量能金叉 + 量比>=2.0,354,0.1077,0.1233,0.873,0.3277,0.3582,-0.0305,L4
3卖,大盘安全 + 量比>=2.0,453,0.1699,0.1399,1.215,0.404,0.3582,0.0458,L4
3卖,中枢进机会区 + 量比>=2.0,58,0.013,0.0228,0.57,0.2414,0.3582,-0.1168,L4
3卖,量比>=2.5,372,0.1272,0.1218,1.045,0.3683,0.3582,0.0101,L4
3卖,量能金叉 + 量比>=2.5,225,0.0706,0.0772,0.914,0.3378,0.3582,-0.0204,L4
3卖,大盘安全 + 量比>=2.5,257,0.0938,0.0808,1.16,0.393,0.3582,0.0348,L4
3卖,量比>=3.0,231,0.078,0.0762,1.024,0.3636,0.3582,0.0055,L4
3卖,量能金叉 + 量比>=3.0,159,0.0529,0.0528,1.001,0.3585,0.3582,0.0003,L4
3卖,大盘安全 + 量比>=3.0,148,0.0604,0.043,1.403,0.4392,0.3582,0.081,L4
3卖,距60日高点>=0.85,2297,0.8505,0.7155,1.189,0.3988,0.3582,0.0406,L4
3卖,量能金叉 + 距60日高点>=0.85,735,0.247,0.243,1.016,0.3619,0.3582,0.0037,L4
3卖,大盘安全 + 距60日高点>=0.85,1767,0.6825,0.5347,1.276,0.416,0.3582,0.0578,L4
3卖,偏多共振 + 距60日高点>=0.85,244,0.0715,0.0865,0.826,0.3156,0.3582,-0.0426,L4
3卖,中枢进机会区 + 距60日高点>=0.85,81,0.0288,0.0259,1.111,0.3827,0.3582,0.0246,L4
3卖,距60日高点>=0.9,1789,0.7103,0.5306,1.339,0.4276,0.3582,0.0694,L4
3卖,量能金叉 + 距60日高点>=0.9,540,0.195,0.171,1.14,0.3889,0.3582,0.0307,L4
3卖,大盘安全 + 距60日高点>=0.9,1415,0.572,0.414,1.382,0.4353,0.3582,0.0772,L4
3卖,偏多共振 + 距60日高点>=0.9,226,0.0659,0.0803,0.821,0.3142,0.3582,-0.044,L4
3卖,距60日高点>=0.95,970,0.3937,0.2829,1.392,0.4371,0.3582,0.0789,L4
3卖,量能金叉 + 距60日高点>=0.95,286,0.0994,0.0927,1.071,0.3741,0.3582,0.016,L4
3卖,大盘安全 + 距60日高点>=0.95,792,0.324,0.2295,1.412,0.4407,0.3582,0.0825,L4
3卖,偏多共振 + 距60日高点>=0.95,149,0.0381,0.056,0.68,0.2752,0.3582,-0.083,L4
3卖,距60日高点<=0.7,73,0.013,0.0306,0.425,0.1918,0.3582,-0.1664,L4
3卖,距60日高点<=0.8,398,0.0826,0.1601,0.516,0.2236,0.3582,-0.1345,L4
3卖,量能金叉 + 距60日高点<=0.8,130,0.0279,0.0518,0.538,0.2308,0.3582,-0.1274,L4
3卖,大盘安全 + 距60日高点<=0.8,234,0.0576,0.0891,0.646,0.265,0.3582,-0.0932,L4
3卖,中枢进机会区 + 距60日高点<=0.8,54,0.0121,0.0212,0.568,0.2407,0.3582,-0.1174,L4
3卖,距60日低点<=1.1,497,0.1513,0.1731,0.875,0.328,0.3582,-0.0302,L4
3卖,量能金叉 + 距60日低点<=1.1,194,0.0566,0.0689,0.822,0.3144,0.3582,-0.0437,L4
3卖,大盘安全 + 距60日低点<=1.1,272,0.0929,0.0891,1.042,0.3676,0.3582,0.0095,L4
3卖,中枢进机会区 + 距60日低点<=1.1,72,0.0186,0.0269,0.689,0.2778,0.3582,-0.0804,L4
3卖,距60日低点<=1.2,1460,0.4773,0.4902,0.974,0.3521,0.3582,-0.0061,L4
3卖,量能金叉 + 距60日低点<=1.2,536,0.1606,0.1881,0.854,0.3228,0.3582,-0.0354,L4
3卖,大盘安全 + 距60日低点<=1.2,909,0.3417,0.2803,1.219,0.4048,0.3582,0.0467,L4
3卖,偏多共振 + 距60日低点<=1.2,80,0.0214,0.0295,0.723,0.2875,0.3582,-0.0707,L4
3卖,中枢进机会区 + 距60日低点<=1.2,121,0.0325,0.0446,0.729,0.2893,0.3582,-0.0689,L4
3卖,相对强弱>=-5.0,2993,0.9935,0.9964,0.997,0.3575,0.3582,-0.0007,L4
3卖,量能金叉 + 相对强弱>=-5.0,1001,0.299,0.3518,0.85,0.3217,0.3582,-0.0365,L4
3卖,大盘安全 + 相对强弱>=-5.0,2185,0.7837,0.6948,1.128,0.3863,0.3582,0.0281,L4
3卖,偏多共振 + 相对强弱>=-5.0,265,0.0752,0.0953,0.789,0.3057,0.3582,-0.0525,L4
3卖,中枢进机会区 + 相对强弱>=-5.0,152,0.0427,0.0549,0.778,0.3026,0.3582,-0.0555,L4
3卖,相对强弱>=0.0,2742,0.9276,0.9031,1.027,0.3643,0.3582,0.0062,L4
3卖,量能金叉 + 相对强弱>=0.0,916,0.2786,0.3192,0.873,0.3275,0.3582,-0.0307,L4
3卖,大盘安全 + 相对强弱>=0.0,1954,0.7224,0.6093,1.186,0.3982,0.3582,0.04,L4
3卖,偏多共振 + 相对强弱>=0.0,240,0.0696,0.0855,0.815,0.3125,0.3582,-0.0457,L4
3卖,中枢进机会区 + 相对强弱>=0.0,126,0.0381,0.044,0.864,0.3254,0.3582,-0.0328,L4
3卖,相对强弱>=5.0,1643,0.572,0.5321,1.075,0.3749,0.3582,0.0168,L4
3卖,量能金叉 + 相对强弱>=5.0,533,0.1588,0.1876,0.847,0.3208,0.3582,-0.0373,L4
3卖,大盘安全 + 相对强弱>=5.0,1096,0.4262,0.3301,1.291,0.4188,0.3582,0.0606,L4
3卖,偏多共振 + 相对强弱>=5.0,142,0.0455,0.0482,0.944,0.3451,0.3582,-0.0131,L4
3卖,中枢进机会区 + 相对强弱>=5.0,57,0.0176,0.0197,0.896,0.3333,0.3582,-0.0248,L4
3卖,相对强弱>=10.0,771,0.2869,0.2394,1.199,0.4008,0.3582,0.0426,L4
3卖,量能金叉 + 相对强弱>=10.0,210,0.0687,0.0705,0.975,0.3524,0.3582,-0.0058,L4
3卖,大盘安全 + 相对强弱>=10.0,523,0.2228,0.1466,1.52,0.4589,0.3582,0.1007,L4
3卖,偏多共振 + 相对强弱>=10.0,62,0.0232,0.0192,1.211,0.4032,0.3582,0.0451,L4
3卖,相对强弱>=15.0,356,0.1486,0.1016,1.463,0.4494,0.3582,0.0913,L4
3卖,量能金叉 + 相对强弱>=15.0,80,0.0306,0.0244,1.258,0.4125,0.3582,0.0543,L4
3卖,大盘安全 + 相对强弱>=15.0,251,0.1179,0.0642,1.835,0.506,0.3582,0.1478,L4
3卖,S-威科夫突破［威科夫B1突破 + SID小于等于2 + 放量］,74,0.0251,0.0244,1.029,0.3649,0.3582,0.0067,L5
3卖,S-六脉震荡［六脉6红首发 + SID等于2 + 量能递增］,1285,0.4689,0.4041,1.16,0.393,0.3582,0.0348,L5
3卖,S-MACD金叉多头［MACD零轴上金叉 + 趋势多头 + 放量］,199,0.0706,0.0637,1.107,0.3819,0.3582,0.0237,L5
3卖,S-火箭打板［火箭信号 + 大盘多头 + 相对强弱>=5］,142,0.0669,0.0363,1.843,0.507,0.3582,0.1489,L5
3卖,S-中枢机会区［中枢进机会区 + 量比>=1.3］,96,0.0251,0.0358,0.701,0.2812,0.3582,-0.0769,L5
3卖,S-纳财突破［纳财 + 相对强弱>=0］,299,0.1207,0.0876,1.378,0.4348,0.3582,0.0766,L5
