分组,方案,支持数,盈利覆盖率,非盈利覆盖率,提升度,条件内胜率,基线胜率,胜率增益,层级
震荡-1买,极限抄底 + 深跌(距前高>40%) + 量能金叉,84,0.0223,0.0028,8.054,0.9048,0.5412,0.3636,L3
震荡-1买,极限抄底 + 深跌(距前高>40%) + 量比>=1.3,117,0.0302,0.0048,6.237,0.8803,0.5412,0.3392,L3
震荡-1买,极限抄底 + 量能金叉 + 中枢进机会区,100,0.0255,0.0045,5.674,0.87,0.5412,0.3288,L3
震荡-1买,极限抄底 + 距60日高点<=0.5,81,0.0205,0.0038,5.395,0.8642,0.5412,0.323,L4
震荡-1买,极限抄底 + 深跌(距前高>40%) + 价涨量增,180,0.0455,0.0086,5.256,0.8611,0.5412,0.3199,L3
震荡-1买,深跌(距前高>40%) + 量比>=1.3 + 量比大于2,83,0.0208,0.0042,5.016,0.8554,0.5412,0.3142,L3
震荡-1买,极限抄底 + 深跌(距前高>40%) + 量能递增,188,0.0469,0.0097,4.845,0.8511,0.5412,0.3099,L3
震荡-1买,极限抄底 + 量比>=1.3 + 量能金叉,174,0.0434,0.009,4.826,0.8506,0.5412,0.3094,L3
震荡-1买,极限抄底 + 深跌(距前高>40%),214,0.0531,0.0114,4.65,0.8458,0.5412,0.3046,L2
震荡-1买,极限抄底 + 距60日高点<=0.6,214,0.0531,0.0114,4.65,0.8458,0.5412,0.3046,L4
震荡-1买,深跌(距前高>40%) + 量能金叉 + 量能递增,136,0.0334,0.0076,4.393,0.8382,0.5412,0.2971,L3
震荡-1买,极限抄底 + 量比>=1.3 + 量能递增,344,0.0845,0.0194,4.36,0.8372,0.5412,0.296,L3
震荡-1买,极限抄底 + 量比>=1.3 + 价涨量增,355,0.0871,0.0201,4.341,0.8366,0.5412,0.2954,L3
震荡-1买,极限抄底 + 量比>=1.3 + 量比大于2,260,0.0636,0.0149,4.278,0.8346,0.5412,0.2934,L3
震荡-1买,极限抄底 + 量比>=1.3,426,0.1041,0.0246,4.239,0.8333,0.5412,0.2921,L2
震荡-1买,极限抄底 + 量比>=1.3,426,0.1041,0.0246,4.239,0.8333,0.5412,0.2921,L4
震荡-1买,深跌(距前高>40%) + 量能金叉 + 价涨量增,137,0.0334,0.008,4.202,0.8321,0.5412,0.2909,L3
震荡-1买,量能金叉 + 深跌(距前高>40%),148,0.0361,0.0086,4.171,0.8311,0.5412,0.2899,L2
震荡-1买,量能金叉 + 距60日高点<=0.6,148,0.0361,0.0086,4.171,0.8311,0.5412,0.2899,L4
震荡-1买,极限抄底 + 量比大于2 + 中枢进机会区,114,0.0276,0.0069,3.985,0.8246,0.5412,0.2834,L3
震荡-1买,极限抄底 + 价涨量增 + 中枢进机会区,165,0.0399,0.01,3.976,0.8242,0.5412,0.2831,L3
震荡-1买,极限抄底 + 量比>=1.0,627,0.1513,0.0384,3.941,0.823,0.5412,0.2818,L4
震荡-1买,极限抄底 + 量比大于2 + 价涨量增,292,0.0704,0.018,3.913,0.8219,0.5412,0.2807,L3
震荡-1买,深跌(距前高>40%) + 量比>=1.3 + 量能递增,202,0.0487,0.0125,3.909,0.8218,0.5412,0.2806,L3
震荡-1买,深跌(距前高>40%) + 量比>=1.3 + 量能金叉,101,0.0243,0.0062,3.909,0.8218,0.5412,0.2806,L3
震荡-1买,极限抄底 + 量能金叉 + 价涨量增,224,0.054,0.0138,3.9,0.8214,0.5412,0.2802,L3
震荡-1买,极限抄底 + 中枢进机会区,261,0.0628,0.0163,3.86,0.8199,0.5412,0.2787,L2
震荡-1买,量能金叉 + 极限抄底,275,0.066,0.0173,3.815,0.8182,0.5412,0.277,L2
震荡-1买,极限抄底 + 量能递增 + 中枢进机会区,186,0.0446,0.0118,3.79,0.8172,0.5412,0.276,L3
震荡-1买,极限抄底 + 量比大于2 + 量能递增,295,0.0707,0.0187,3.784,0.8169,0.5412,0.2758,L3
震荡-1买,大盘安全 + 距60日高点<=0.5,109,0.0261,0.0069,3.773,0.8165,0.5412,0.2753,L4
震荡-1买,极限抄底 + 量能递增 + 价涨量增,493,0.1176,0.0318,3.695,0.8134,0.5412,0.2722,L3
震荡-1买,深跌(距前高>40%) + 火箭信号 + 量能递增,85,0.0202,0.0055,3.656,0.8118,0.5412,0.2706,L3
震荡-1买,极限抄底 + 量能金叉 + 量比大于2,169,0.0402,0.0111,3.63,0.8107,0.5412,0.2695,L3
震荡-1买,深跌(距前高>40%) + 量比>=1.3 + 价涨量增,204,0.0484,0.0135,3.587,0.8088,0.5412,0.2676,L3
震荡-1买,深跌(距前高>40%) + 量比大于2 + 量能递增,114,0.027,0.0076,3.545,0.807,0.5412,0.2658,L3
震荡-1买,量比大于2 + 极限抄底,347,0.0821,0.0232,3.543,0.8069,0.5412,0.2657,L2
震荡-1买,极限抄底 + 量比>=1.3 + 中枢进机会区,129,0.0305,0.0086,3.527,0.8062,0.5412,0.265,L3
震荡-1买,极限抄底 + 量能金叉 + 量能递增,239,0.0563,0.0163,3.463,0.8033,0.5412,0.2622,L3
震荡-1买,价涨量增 + 极限抄底,552,0.1299,0.0377,3.446,0.8025,0.5412,0.2614,L2
震荡-1买,量比>=1.3 + 深跌(距前高>40%),217,0.051,0.0149,3.431,0.8018,0.5412,0.2607,L2
震荡-1买,距60日高点<=0.5,116,0.0273,0.008,3.428,0.8017,0.5412,0.2605,L4
震荡-1买,极限抄底 + 中枢极限底,569,0.1337,0.0391,3.421,0.8014,0.5412,0.2602,L2
震荡-1买,量比大于1_3 + 极限抄底,680,0.1592,0.0474,3.36,0.7985,0.5412,0.2573,L2
震荡-1买,量比大于2 + 深跌(距前高>40%),120,0.0279,0.0086,3.222,0.7917,0.5412,0.2505,L2
震荡-1买,KDJ低位金叉 + 极限抄底,664,0.1537,0.0484,3.173,0.7892,0.5412,0.248,L2
震荡-1买,放量 + 极限抄底,687,0.1587,0.0505,3.142,0.7875,0.5412,0.2463,L2
震荡-1买,深跌(距前高>40%) + 量能递增 + 价涨量增,319,0.0736,0.0235,3.129,0.7868,0.5412,0.2456,L3
震荡-1买,深跌(距前高>40%) + 量比大于2 + 价涨量增,112,0.0258,0.0083,3.109,0.7857,0.5412,0.2445,L3
震荡-1买,站上MA5 + 极限抄底,740,0.1704,0.055,3.098,0.7851,0.5412,0.244,L2
震荡-1买,量能递增 + 极限抄底,598,0.1375,0.0446,3.082,0.7843,0.5412,0.2431,L2
震荡-1买,极限抄底 + 量比>=1.5,249,0.0572,0.0187,3.062,0.7831,0.5412,0.2419,L4
震荡-1买,极限抄底 + 距60日高点<=0.7,429,0.0982,0.0325,3.021,0.7809,0.5412,0.2397,L4
震荡-1买,火箭信号 + 深跌(距前高>40%),91,0.0208,0.0069,3.01,0.7802,0.5412,0.239,L2
震荡-1买,KDJ金叉态 + 极限抄底,715,0.1633,0.0547,2.989,0.779,0.5412,0.2378,L2
震荡-1买,深跌(距前高>40%) + 火箭信号 + 价涨量增,81,0.0185,0.0062,2.967,0.7778,0.5412,0.2366,L3
震荡-1买,MACD柱递增 + 极限抄底,734,0.1672,0.0567,2.947,0.7766,0.5412,0.2354,L2
震荡-1买,中枢极限底 + 深跌(距前高>40%),299,0.068,0.0232,2.936,0.7759,0.5412,0.2347,L2
震荡-1买,斐波长多头 + MA55上穿MA89,102,0.0232,0.008,2.912,0.7745,0.5412,0.2333,L2
震荡-1买,量比大于1_3 + 深跌(距前高>40%),359,0.0812,0.0284,2.864,0.7716,0.5412,0.2304,L2
震荡-1买,价涨量缩 + 极限抄底,636,0.1437,0.0505,2.845,0.7704,0.5412,0.2293,L2
震荡-1买,BOLL开口扩张 + 极限抄底,798,0.1801,0.0636,2.829,0.7694,0.5412,0.2282,L2
震荡-1买,量比大于1 + 极限抄底,776,0.1751,0.0619,2.828,0.7693,0.5412,0.2281,L2
震荡-1买,量能递增 + 深跌(距前高>40%),364,0.0821,0.0291,2.826,0.7692,0.5412,0.228,L2
震荡-1买,价涨量增 + 深跌(距前高>40%),341,0.0768,0.0273,2.812,0.7683,0.5412,0.2271,L2
震荡-1买,RSI金叉 + 极限抄底,512,0.1152,0.0412,2.8,0.7676,0.5412,0.2264,L2
震荡-1买,极限抄底 + 中枢底部回升,799,0.1798,0.0643,2.794,0.7672,0.5412,0.226,L2
震荡-1买,极限抄底,803,0.1804,0.065,2.773,0.7659,0.5412,0.2247,L1
震荡-1买,RSI6超卖 + 极限抄底,803,0.1804,0.065,2.773,0.7659,0.5412,0.2247,L2
震荡-1买,极限抄底 + SID等于2,803,0.1804,0.065,2.773,0.7659,0.5412,0.2247,L2
震荡-1买,极限抄底 + SID小于等于2,803,0.1804,0.065,2.773,0.7659,0.5412,0.2247,L2
震荡-1买,量能金叉 + 距60日高点<=0.7,341,0.0765,0.0277,2.766,0.7654,0.5412,0.2242,L4
震荡-1买,KDJ_J超卖 + 极限抄底,801,0.1798,0.065,2.764,0.7653,0.5412,0.2241,L2
震荡-1买,极限抄底 + 距60日低点<=1.2,791,0.1774,0.0643,2.758,0.7649,0.5412,0.2237,L4
震荡-1买,KDJ_D小于30 + 极限抄底,757,0.1698,0.0616,2.758,0.7649,0.5412,0.2237,L2
震荡-1买,大盘空头 + 深跌(距前高>40%),357,0.0801,0.0291,2.755,0.7647,0.5412,0.2235,L2
震荡-1买,大盘安全 + 深跌(距前高>40%),380,0.085,0.0311,2.732,0.7632,0.5412,0.222,L2
震荡-1买,大盘安全 + 距60日高点<=0.6,380,0.085,0.0311,2.732,0.7632,0.5412,0.222,L4
震荡-1买,极限抄底 + 距60日高点<=0.8,731,0.1625,0.0612,2.654,0.7579,0.5412,0.2167,L4
震荡-1买,放量 + 深跌(距前高>40%),380,0.0842,0.0322,2.616,0.7553,0.5412,0.2141,L2
震荡-1买,KDJ低位金叉 + 深跌(距前高>40%),387,0.0856,0.0329,2.606,0.7545,0.5412,0.2133,L2
震荡-1买,缩量 + 极限抄底,568,0.1255,0.0484,2.592,0.7535,0.5412,0.2123,L2
震荡-1买,BOLL触下轨反弹 + 深跌(距前高>40%),340,0.0751,0.0291,2.584,0.7529,0.5412,0.2118,L2
震荡-1买,极限抄底 + 中枢底部蓄力,711,0.1563,0.0616,2.539,0.7496,0.5412,0.2085,L2
震荡-1买,空头排列 + 极限抄底,666,0.1463,0.0578,2.533,0.7492,0.5412,0.2081,L2
震荡-1买,趋势空头 + 极限抄底,666,0.1463,0.0578,2.533,0.7492,0.5412,0.2081,L2
震荡-1买,MA55上穿MA89 + 中枢极限底,99,0.0217,0.0086,2.509,0.7475,0.5412,0.2063,L2
震荡-1买,大盘5日上涨 + 深跌(距前高>40%),388,0.085,0.0339,2.509,0.7474,0.5412,0.2062,L2
震荡-1买,六脉红灯大于5 + 极限抄底,328,0.0718,0.0287,2.503,0.747,0.5412,0.2058,L2
震荡-1买,六脉5红首发 + 极限抄底,328,0.0718,0.0287,2.503,0.747,0.5412,0.2058,L2
震荡-1买,火箭信号 + 极限抄底,86,0.0188,0.0076,2.466,0.7442,0.5412,0.203,L2
震荡-1买,MA55上穿MA89 + 中枢进机会区,101,0.022,0.009,2.446,0.7426,0.5412,0.2014,L2
震荡-1买,RSI金叉 + 深跌(距前高>40%),392,0.0853,0.0349,2.443,0.7423,0.5412,0.2012,L2
震荡-1买,BOLL触下轨反弹 + 极限抄底,472,0.1026,0.0422,2.432,0.7415,0.5412,0.2003,L2
震荡-1买,极限抄底 + 大盘空头,286,0.0619,0.0259,2.385,0.7378,0.5412,0.1966,L2
震荡-1买,KDJ金叉态 + 深跌(距前高>40%),414,0.0894,0.0377,2.372,0.7367,0.5412,0.1955,L2
震荡-1买,价涨量缩 + 深跌(距前高>40%),300,0.0648,0.0273,2.372,0.7367,0.5412,0.1955,L2
震荡-1买,六脉红灯大于5 + 深跌(距前高>40%),319,0.0686,0.0294,2.334,0.7335,0.5412,0.1924,L2
震荡-1买,六脉5红首发 + 深跌(距前高>40%),319,0.0686,0.0294,2.334,0.7335,0.5412,0.1924,L2
震荡-1买,量比>=1.3 + 火箭信号 + 量能递增,239,0.0513,0.0221,2.318,0.7322,0.5412,0.191,L3
震荡-1买,偏多共振 + 中枢极限底,245,0.0525,0.0228,2.299,0.7306,0.5412,0.1894,L2
震荡-1买,多头共振 + 中枢极限底,245,0.0525,0.0228,2.299,0.7306,0.5412,0.1894,L2
震荡-1买,站上MA5 + 深跌(距前高>40%),429,0.0918,0.0401,2.288,0.7296,0.5412,0.1884,L2
震荡-1买,量比>=1.3 + 火箭信号 + 量能金叉,140,0.0299,0.0131,2.276,0.7286,0.5412,0.1874,L3
震荡-1买,量比大于1 + 深跌(距前高>40%),427,0.0912,0.0401,2.273,0.7283,0.5412,0.1872,L2
震荡-1买,BOLL开口扩张 + 深跌(距前高>40%),445,0.095,0.0419,2.27,0.7281,0.5412,0.1869,L2
震荡-1买,MACD柱递增 + 深跌(距前高>40%),421,0.0894,0.0401,2.229,0.7245,0.5412,0.1833,L2
震荡-1买,火箭信号 + 量比>=1.3,250,0.0531,0.0239,2.224,0.724,0.5412,0.1828,L2
震荡-1买,RSI6超卖 + 深跌(距前高>40%),449,0.0953,0.0429,2.222,0.7238,0.5412,0.1826,L2
震荡-1买,KDJ_D小于30 + 深跌(距前高>40%),441,0.0935,0.0422,2.217,0.7234,0.5412,0.1822,L2
震荡-1买,量比>=1.3 + 火箭信号 + 价涨量增,242,0.0513,0.0232,2.214,0.7231,0.5412,0.182,L3
震荡-1买,极限抄底 + 距前低<=10%,544,0.1152,0.0522,2.207,0.7224,0.5412,0.1812,L2
震荡-1买,极限抄底 + 距60日低点<=1.1,544,0.1152,0.0522,2.207,0.7224,0.5412,0.1812,L4
震荡-1买,空头排列 + 深跌(距前高>40%),441,0.0933,0.0425,2.192,0.7211,0.5412,0.1799,L2
震荡-1买,趋势空头 + 深跌(距前高>40%),441,0.0933,0.0425,2.192,0.7211,0.5412,0.1799,L2
震荡-1买,量比>=1.3 + 火箭信号 + 中枢进机会区,85,0.0179,0.0083,2.155,0.7176,0.5412,0.1765,L3
震荡-1买,中枢底部蓄力 + 深跌(距前高>40%),445,0.0935,0.0436,2.146,0.7169,0.5412,0.1757,L2
震荡-1买,KDJ_J超卖 + 深跌(距前高>40%),451,0.0947,0.0443,2.139,0.7162,0.5412,0.175,L2
震荡-1买,中枢底部回升 + 深跌(距前高>40%),451,0.0947,0.0443,2.139,0.7162,0.5412,0.175,L2
震荡-1买,深跌(距前高>40%),454,0.0953,0.0446,2.136,0.7159,0.5412,0.1747,L1
震荡-1买,SID等于2 + 深跌(距前高>40%),454,0.0953,0.0446,2.136,0.7159,0.5412,0.1747,L2
震荡-1买,SID小于等于2 + 深跌(距前高>40%),454,0.0953,0.0446,2.136,0.7159,0.5412,0.1747,L2
震荡-1买,距60日高点<=0.6,454,0.0953,0.0446,2.136,0.7159,0.5412,0.1747,L4
震荡-1买,斐波长多头 + 极限抄底,155,0.0323,0.0156,2.072,0.7097,0.5412,0.1685,L2
震荡-1买,偏多共振 + 量能递增 + 中枢进机会区,234,0.0487,0.0235,2.07,0.7094,0.5412,0.1682,L3
震荡-1买,偏多共振 + 量比>=1.0,172,0.0358,0.0173,2.069,0.7093,0.5412,0.1681,L4
震荡-1买,多头共振 + 量能递增 + 中枢进机会区,233,0.0484,0.0235,2.057,0.7082,0.5412,0.167,L3
震荡-1买,极限抄底 + 大盘安全,355,0.0736,0.036,2.046,0.707,0.5412,0.1659,L2
震荡-1买,S-极限抄底反弹［极限抄底 + 大盘安全］,355,0.0736,0.036,2.046,0.707,0.5412,0.1659,L5
震荡-1买,量比>=1.3 + 火箭信号 + 量比大于2,157,0.0326,0.0159,2.046,0.707,0.5412,0.1658,L3
震荡-1买,量能金叉 + 偏多共振,81,0.0167,0.0083,2.014,0.7037,0.5412,0.1625,L2
震荡-1买,量能金叉 + 多头共振,81,0.0167,0.0083,2.014,0.7037,0.5412,0.1625,L2
震荡-1买,偏多共振 + 多头共振 + 量能金叉,81,0.0167,0.0083,2.014,0.7037,0.5412,0.1625,L3
震荡-1买,KDJ低位金叉 + 量比>=1.3,1272,0.2625,0.1304,2.013,0.7036,0.5412,0.1624,L2
震荡-1买,量比>=1.3 + 量比大于2 + 中枢进机会区,447,0.0921,0.046,2.002,0.7025,0.5412,0.1613,L3
震荡-1买,量比>=1.3 + 量能金叉 + 中枢进机会区,433,0.0891,0.0446,1.998,0.7021,0.5412,0.1609,L3
震荡-1买,中枢极限底 + 量比>=1.3,1220,0.2507,0.1263,1.986,0.7008,0.5412,0.1596,L2
震荡-1买,MACD柱递增 + 偏多共振,279,0.0572,0.0291,1.968,0.6989,0.5412,0.1577,L2
震荡-1买,价涨量缩 + 量比>=1.3,1147,0.2349,0.1197,1.963,0.6983,0.5412,0.1572,L2
震荡-1买,MACD柱递增 + 多头共振,278,0.0569,0.0291,1.958,0.6978,0.5412,0.1567,L2
震荡-1买,斐波短中多头 + RSI6超卖,95,0.0194,0.01,1.929,0.6947,0.5412,0.1536,L2
震荡-1买,斐波短中多头 + 中枢底部回升,95,0.0194,0.01,1.929,0.6947,0.5412,0.1536,L2
震荡-1买,量比>=1.3 + 量能递增 + 价涨量增,1513,0.3076,0.1605,1.917,0.6933,0.5412,0.1521,L3
震荡-1买,量能金叉 + 量比>=1.3,887,0.1804,0.0941,1.917,0.6933,0.5412,0.1522,L2
震荡-1买,量能金叉 + 量比>=1.3,887,0.1804,0.0941,1.917,0.6933,0.5412,0.1522,L4
震荡-1买,极限抄底 + 大盘5日上涨,365,0.0742,0.0387,1.915,0.6932,0.5412,0.152,L2
震荡-1买,偏多共振 + 中枢进机会区,339,0.0689,0.036,1.916,0.6932,0.5412,0.152,L2
震荡-1买,斐波短中多头 + 量能递增 + 中枢进机会区,88,0.0179,0.0093,1.915,0.6932,0.5412,0.152,L3
震荡-1买,MA55上穿MA89 + 量能递增,114,0.0232,0.0121,1.914,0.693,0.5412,0.1518,L2
震荡-1买,量能金叉 + 距60日高点<=0.8,917,0.1862,0.0975,1.909,0.6925,0.5412,0.1513,L4
震荡-1买,多头共振 + 中枢进机会区,338,0.0686,0.036,1.908,0.6923,0.5412,0.1511,L2
震荡-1买,偏多共振 + 多头共振 + 中枢进机会区,338,0.0686,0.036,1.908,0.6923,0.5412,0.1511,L3
震荡-1买,量比>=1.3 + 量比大于2 + 量能递增,906,0.1839,0.0965,1.905,0.6921,0.5412,0.1509,L3
震荡-1买,量比>=1.3 + 量能金叉 + 价涨量增,824,0.1669,0.0882,1.892,0.6905,0.5412,0.1494,L3
震荡-1买,量比>=1.3 + 价涨量增 + 中枢进机会区,699,0.1413,0.0751,1.883,0.6896,0.5412,0.1484,L3
震荡-1买,站上MA5 + 偏多共振,331,0.0669,0.0356,1.877,0.6888,0.5412,0.1476,L2
震荡-1买,量比大于2 + 量比>=1.3,1031,0.2082,0.111,1.875,0.6887,0.5412,0.1475,L2
震荡-1买,站上MA5 + 多头共振,330,0.0666,0.0356,1.868,0.6879,0.5412,0.1467,L2
震荡-1买,MA55上穿MA89 + 价涨量缩,131,0.0264,0.0142,1.861,0.687,0.5412,0.1458,L2
震荡-1买,量能递增 + 量比>=1.3,1581,0.3185,0.1712,1.86,0.6869,0.5412,0.1457,L2
震荡-1买,RSI6超卖 + 偏多共振,351,0.0707,0.038,1.857,0.6866,0.5412,0.1454,L2
震荡-1买,偏多共振 + MACD_DIF大于0 + 中枢进机会区,236,0.0475,0.0256,1.856,0.6864,0.5412,0.1453,L3
震荡-1买,多头共振 + MACD_DIF大于0 + 中枢进机会区,236,0.0475,0.0256,1.856,0.6864,0.5412,0.1453,L3
震荡-1买,量比>=1.3 + 量能递增 + 中枢进机会区,653,0.1314,0.0709,1.853,0.6861,0.5412,0.1449,L3
震荡-1买,KDJ_D小于30 + 量比>=1.3,1586,0.3191,0.1723,1.852,0.686,0.5412,0.1448,L2
震荡-1买,RSI6超卖 + 多头共振,350,0.0704,0.038,1.85,0.6857,0.5412,0.1445,L2
震荡-1买,RSI底背离 + 深跌(距前高>40%),229,0.046,0.0249,1.849,0.6856,0.5412,0.1444,L2
震荡-1买,RSI6大于50 + 极限抄底,89,0.0179,0.0097,1.847,0.6854,0.5412,0.1442,L2
震荡-1买,斐波短中多头 + MACD_DIF大于0 + 中枢进机会区,89,0.0179,0.0097,1.847,0.6854,0.5412,0.1442,L3
震荡-1买,量能金叉 + 量比>=2 + 中枢进机会区,89,0.0179,0.0097,1.847,0.6854,0.5412,0.1442,L3
震荡-1买,量比>=1.3 + 量比大于2 + 价涨量增,950,0.1909,0.1034,1.846,0.6853,0.5412,0.1441,L3
震荡-1买,KDJ低位金叉 + 火箭信号,254,0.051,0.0277,1.844,0.685,0.5412,0.1439,L2
震荡-1买,斐波短中多头 + 中枢进机会区,92,0.0185,0.01,1.842,0.6848,0.5412,0.1436,L2
震荡-1买,量比>=1.3 + 量能金叉 + 量能递增,815,0.1636,0.0889,1.841,0.6847,0.5412,0.1435,L3
震荡-1买,量比>=1.3 + 量能金叉 + 量比大于2,599,0.1202,0.0654,1.839,0.6845,0.5412,0.1433,L3
震荡-1买,KDJ低位金叉 + 量能金叉,925,0.1856,0.101,1.838,0.6843,0.5412,0.1431,L2
震荡-1买,中枢进机会区 + 量比>=1.3,822,0.1648,0.0899,1.833,0.6837,0.5412,0.1425,L2
震荡-1买,中枢进机会区 + 量比>=1.3,822,0.1648,0.0899,1.833,0.6837,0.5412,0.1425,L4
震荡-1买,S-中枢机会区［中枢进机会区 + 量比>=1.3］,822,0.1648,0.0899,1.833,0.6837,0.5412,0.1425,L5
震荡-1买,量能金叉 + 量比>=1.0,1344,0.2689,0.1477,1.821,0.6823,0.5412,0.1411,L4
震荡-1买,偏多共振 + 距60日低点<=1.2,364,0.0727,0.0401,1.813,0.6813,0.5412,0.1401,L4
震荡-1买,MACD柱递增 + 量比>=1.3,1848,0.368,0.2051,1.794,0.6791,0.5412,0.1379,L2
震荡-1买,偏多共振 + 量比>=1.3,81,0.0161,0.009,1.793,0.679,0.5412,0.1378,L2
震荡-1买,多头共振 + 量比>=1.3,81,0.0161,0.009,1.793,0.679,0.5412,0.1378,L2
震荡-1买,量比>=1.3 + 偏多共振 + 多头共振,81,0.0161,0.009,1.793,0.679,0.5412,0.1378,L3
震荡-1买,偏多共振 + 量比>=1.3,81,0.0161,0.009,1.793,0.679,0.5412,0.1378,L4
震荡-1买,偏多共振 + 中枢底部回升,354,0.0704,0.0394,1.785,0.678,0.5412,0.1368,L2
震荡-1买,量能金叉 + 量比>=1.5,577,0.1147,0.0643,1.782,0.6776,0.5412,0.1365,L4
震荡-1买,多头共振 + 中枢底部回升,353,0.0701,0.0394,1.777,0.6771,0.5412,0.1359,L2
震荡-1买,价涨量增 + 量比>=1.3,1701,0.3375,0.1902,1.774,0.6767,0.5412,0.1355,L2
震荡-1买,RSI底背离 + 极限抄底,204,0.0405,0.0228,1.773,0.6765,0.5412,0.1353,L2
震荡-1买,BOLL开口扩张 + 量比>=1.3,1914,0.3795,0.2145,1.769,0.6761,0.5412,0.1349,L2
震荡-1买,站上MA5 + 量比>=1.3,1871,0.371,0.2096,1.77,0.6761,0.5412,0.1349,L2
震荡-1买,量比大于2 + KDJ低位金叉,1050,0.2076,0.1183,1.755,0.6743,0.5412,0.1331,L2
震荡-1买,站上MA5 + 斐波短中多头,92,0.0182,0.0104,1.752,0.6739,0.5412,0.1327,L2
震荡-1买,中枢底部回升 + 量比>=1.3,1880,0.3713,0.2124,1.748,0.6734,0.5412,0.1322,L2
震荡-1买,RSI6超卖 + 量比>=1.3,1882,0.3713,0.2131,1.742,0.6727,0.5412,0.1315,L2
震荡-1买,火箭信号 + 大盘空头,284,0.056,0.0322,1.741,0.6725,0.5412,0.1314,L2
震荡-1买,KDJ金叉态 + 量比>=1.3,1878,0.3701,0.2131,1.737,0.672,0.5412,0.1308,L2
震荡-1买,偏多共振 + 距60日高点<=0.8,201,0.0396,0.0228,1.734,0.6716,0.5412,0.1305,L4
震荡-1买,量能递增 + 偏多共振,274,0.054,0.0311,1.733,0.6715,0.5412,0.1303,L2
震荡-1买,MA55上穿MA89 + 缩量,146,0.0287,0.0166,1.731,0.6712,0.5412,0.13,L2
震荡-1买,量能递增 + 多头共振,273,0.0537,0.0311,1.724,0.6703,0.5412,0.1291,L2
震荡-1买,偏多共振 + 多头共振 + 量能递增,273,0.0537,0.0311,1.724,0.6703,0.5412,0.1291,L3
震荡-1买,KDJ低位金叉 + 偏多共振,91,0.0179,0.0104,1.724,0.6703,0.5412,0.1291,L2
震荡-1买,KDJ低位金叉 + 多头共振,91,0.0179,0.0104,1.724,0.6703,0.5412,0.1291,L2
震荡-1买,BOLL触下轨反弹 + 量比>=1.3,1562,0.3067,0.1785,1.719,0.6697,0.5412,0.1285,L2
震荡-1买,KDJ_J超卖 + 量比>=1.3,1853,0.3636,0.212,1.715,0.6692,0.5412,0.128,L2
震荡-1买,放量 + 量比>=1.3,1842,0.3613,0.211,1.712,0.6688,0.5412,0.1277,L2
震荡-1买,量比>=1.3,1959,0.3833,0.2255,1.7,0.6672,0.5412,0.126,L1
震荡-1买,量比大于1 + 量比>=1.3,1959,0.3833,0.2255,1.7,0.6672,0.5412,0.126,L2
震荡-1买,量比大于1_3 + 量比>=1.3,1959,0.3833,0.2255,1.7,0.6672,0.5412,0.126,L2
震荡-1买,SID等于2 + 量比>=1.3,1959,0.3833,0.2255,1.7,0.6672,0.5412,0.126,L2
震荡-1买,SID小于等于2 + 量比>=1.3,1959,0.3833,0.2255,1.7,0.6672,0.5412,0.126,L2
震荡-1买,量比>=1.3,1959,0.3833,0.2255,1.7,0.6672,0.5412,0.126,L4
震荡-1买,中枢进机会区 + 量比>=1.5,447,0.0874,0.0515,1.696,0.6667,0.5412,0.1255,L4
震荡-1买,放量 + 偏多共振,285,0.0557,0.0329,1.696,0.6667,0.5412,0.1255,L2
震荡-1买,KDJ低位金叉 + 量比>=2,153,0.0299,0.0176,1.696,0.6667,0.5412,0.1255,L2
震荡-1买,缩量 + 偏多共振,353,0.0689,0.0408,1.688,0.6657,0.5412,0.1245,L2
震荡-1买,放量 + 多头共振,284,0.0554,0.0329,1.687,0.6655,0.5412,0.1243,L2
震荡-1买,缩量 + 多头共振,352,0.0686,0.0408,1.681,0.6648,0.5412,0.1236,L2
震荡-1买,中枢进机会区 + 量比>=1.0,1598,0.3114,0.1854,1.68,0.6646,0.5412,0.1234,L4
震荡-1买,价涨量缩 + 偏多共振,328,0.0639,0.038,1.68,0.6646,0.5412,0.1235,L2
震荡-1买,量能金叉 + 中枢极限底,1076,0.2097,0.1249,1.679,0.6645,0.5412,0.1233,L2
震荡-1买,KDJ金叉态 + 偏多共振,229,0.0446,0.0266,1.674,0.6638,0.5412,0.1226,L2
震荡-1买,量能金叉 + 量比大于2 + 中枢进机会区,541,0.1053,0.063,1.672,0.6636,0.5412,0.1224,L3
震荡-1买,价涨量缩 + 多头共振,327,0.0636,0.038,1.672,0.6636,0.5412,0.1224,L2
震荡-1买,斐波短中多头 + 价涨量缩,101,0.0196,0.0118,1.671,0.6634,0.5412,0.1222,L2
震荡-1买,多头排列 + 量能递增 + 中枢进机会区,83,0.0161,0.0097,1.665,0.6627,0.5412,0.1215,L3
震荡-1买,KDJ金叉态 + 多头共振,228,0.0443,0.0266,1.663,0.6623,0.5412,0.1211,L2
震荡-1买,KDJ_J超卖 + 偏多共振,373,0.0724,0.0436,1.662,0.6622,0.5412,0.121,L2
震荡-1买,量比>=1.5,1157,0.2246,0.1352,1.661,0.6621,0.5412,0.1209,L4
震荡-1买,偏多共振 + 价涨量增 + 中枢进机会区,145,0.0282,0.0169,1.661,0.6621,0.5412,0.1209,L3
震荡-1买,MA55上穿MA89 + 放量,127,0.0246,0.0149,1.656,0.6614,0.5412,0.1202,L2
震荡-1买,KDJ_J超卖 + 多头共振,372,0.0721,0.0436,1.655,0.6613,0.5412,0.1201,L2
震荡-1买,MA55上穿MA89 + RSI6超卖,153,0.0296,0.018,1.647,0.6601,0.5412,0.1189,L2
震荡-1买,KDJ_D小于30 + 火箭信号,400,0.0774,0.047,1.646,0.66,0.5412,0.1188,L2
震荡-1买,站上MA5 + MA55上穿MA89,147,0.0284,0.0173,1.645,0.6599,0.5412,0.1187,L2
震荡-1买,多头共振 + 价涨量增 + 中枢进机会区,144,0.0279,0.0169,1.644,0.6597,0.5412,0.1185,L3
震荡-1买,BOLL开口扩张 + 偏多共振,390,0.0754,0.046,1.638,0.659,0.5412,0.1178,L2
震荡-1买,多头排列 + MACD_DIF大于0 + 中枢进机会区,85,0.0164,0.01,1.637,0.6588,0.5412,0.1176,L3
震荡-1买,趋势多头 + 量比>=1.3,82,0.0158,0.0097,1.635,0.6585,0.5412,0.1174,L2
震荡-1买,MA55上穿MA89,161,0.0311,0.019,1.634,0.6584,0.5412,0.1172,L1
震荡-1买,MA55上穿MA89 + SID等于2,161,0.0311,0.019,1.634,0.6584,0.5412,0.1172,L2
震荡-1买,MA55上穿MA89 + SID小于等于2,161,0.0311,0.019,1.634,0.6584,0.5412,0.1172,L2
震荡-1买,BOLL开口扩张 + 多头共振,389,0.0751,0.046,1.632,0.6581,0.5412,0.1169,L2
震荡-1买,RSI金叉 + 量比>=1.3,1622,0.3129,0.192,1.63,0.6578,0.5412,0.1166,L2
震荡-1买,偏多共振,391,0.0754,0.0464,1.626,0.6573,0.5412,0.1161,L1
震荡-1买,偏多共振 + SID等于2,391,0.0754,0.0464,1.626,0.6573,0.5412,0.1161,L2
震荡-1买,偏多共振 + SID小于等于2,391,0.0754,0.0464,1.626,0.6573,0.5412,0.1161,L2
震荡-1买,中枢底部蓄力 + 量比>=1.3,1511,0.2909,0.1795,1.62,0.6565,0.5412,0.1153,L2
震荡-1买,火箭信号 + 中枢极限底,329,0.0633,0.0391,1.621,0.6565,0.5412,0.1154,L2
震荡-1买,多头共振,390,0.0751,0.0464,1.62,0.6564,0.5412,0.1152,L1
震荡-1买,偏多共振 + 多头共振,390,0.0751,0.0464,1.62,0.6564,0.5412,0.1152,L2
震荡-1买,多头共振 + SID等于2,390,0.0751,0.0464,1.62,0.6564,0.5412,0.1152,L2
震荡-1买,多头共振 + SID小于等于2,390,0.0751,0.0464,1.62,0.6564,0.5412,0.1152,L2
震荡-1买,量比大于1 + 偏多共振,326,0.0628,0.0387,1.62,0.6564,0.5412,0.1153,L2
震荡-1买,量比大于1 + 多头共振,325,0.0625,0.0387,1.612,0.6554,0.5412,0.1142,L2
震荡-1买,多头排列 + 中枢进机会区,87,0.0167,0.0104,1.611,0.6552,0.5412,0.114,L2
震荡-1买,斐波短中多头 + 量能递增,113,0.0217,0.0135,1.609,0.6549,0.5412,0.1137,L2
震荡-1买,趋势多头 + 距前低<=10%,139,0.0267,0.0166,1.607,0.6547,0.5412,0.1135,L2
震荡-1买,空头排列 + 量比>=1.3,1563,0.3,0.1868,1.606,0.6545,0.5412,0.1133,L2
震荡-1买,斐波短中多头 + MACD_DIF大于0 + 量能递增,110,0.0211,0.0131,1.606,0.6545,0.5412,0.1134,L3
震荡-1买,MA55上穿MA89 + BOLL开口扩张,159,0.0305,0.019,1.603,0.6541,0.5412,0.1129,L2
震荡-1买,KDJ_D小于30 + 量能金叉,1340,0.2566,0.1608,1.595,0.653,0.5412,0.1118,L2
震荡-1买,斐波短中多头,121,0.0232,0.0145,1.595,0.6529,0.5412,0.1117,L1
震荡-1买,斐波短中多头 + SID等于2,121,0.0232,0.0145,1.595,0.6529,0.5412,0.1117,L2
震荡-1买,斐波短中多头 + SID小于等于2,121,0.0232,0.0145,1.595,0.6529,0.5412,0.1117,L2
震荡-1买,斐波短中多头 + MACD_DIF大于0,118,0.0226,0.0142,1.592,0.6525,0.5412,0.1114,L2
震荡-1买,六脉红灯大于6 + 深跌(距前高>40%),92,0.0176,0.0111,1.59,0.6522,0.5412,0.111,L2
震荡-1买,六脉6红首发 + 深跌(距前高>40%),92,0.0176,0.0111,1.59,0.6522,0.5412,0.111,L2
震荡-1买,MA55上穿MA89 + KDJ_J超卖,155,0.0296,0.0187,1.586,0.6516,0.5412,0.1104,L2
震荡-1买,量能递增 + 上升中回调 + 中枢进机会区,109,0.0208,0.0131,1.584,0.6514,0.5412,0.1102,L3
震荡-1买,MA55上穿MA89 + 中枢底部回升,152,0.029,0.0183,1.584,0.6513,0.5412,0.1101,L2
震荡-1买,量比大于2 + 中枢极限底,1187,0.2267,0.1432,1.583,0.6512,0.5412,0.11,L2
震荡-1买,趋势多头 + 中枢极限底,86,0.0164,0.0104,1.583,0.6512,0.5412,0.11,L2
震荡-1买,MA55上穿MA89 + 量比大于1,149,0.0284,0.018,1.581,0.651,0.5412,0.1098,L2
震荡-1买,偏多共振 + MACD_DIF大于0 + 量能递增,209,0.0399,0.0253,1.579,0.6507,0.5412,0.1095,L3
震荡-1买,多头共振 + MACD_DIF大于0 + 量能递增,209,0.0399,0.0253,1.579,0.6507,0.5412,0.1095,L3
震荡-1买,MA55上穿MA89 + 量能递增 + 价涨量增,83,0.0158,0.01,1.579,0.6506,0.5412,0.1094,L3
震荡-1买,BOLL触下轨反弹 + 火箭信号,392,0.0748,0.0474,1.578,0.6505,0.5412,0.1093,L2
震荡-1买,RSI6超卖 + 火箭信号,469,0.0894,0.0567,1.577,0.6503,0.5412,0.1091,L2
震荡-1买,MA55上穿MA89 + KDJ金叉态,140,0.0267,0.0169,1.574,0.65,0.5412,0.1088,L2
震荡-1买,斐波短中多头 + BOLL开口扩张,120,0.0229,0.0145,1.574,0.65,0.5412,0.1088,L2
震荡-1买,MACD_DIF大于0 + 偏多共振,274,0.0522,0.0332,1.572,0.6496,0.5412,0.1085,L2
震荡-1买,MACD_DIF大于0 + 多头共振,274,0.0522,0.0332,1.572,0.6496,0.5412,0.1085,L2
震荡-1买,偏多共振 + 多头共振 + MACD_DIF大于0,274,0.0522,0.0332,1.572,0.6496,0.5412,0.1085,L3
震荡-1买,MA55上穿MA89 + 量比大于1_3,117,0.0223,0.0142,1.572,0.6496,0.5412,0.1084,L2
震荡-1买,趋势空头 + 量比>=1.3,1597,0.3041,0.1937,1.57,0.6493,0.5412,0.1082,L2
震荡-1买,价涨量缩 + 量能金叉,1089,0.2073,0.1321,1.569,0.6492,0.5412,0.108,L2
震荡-1买,斐波短中多头 + KDJ_J超卖,111,0.0211,0.0135,1.565,0.6486,0.5412,0.1075,L2
震荡-1买,KDJ_D小于30 + 偏多共振,202,0.0384,0.0246,1.564,0.6485,0.5412,0.1073,L2
震荡-1买,KDJ_D小于30 + 多头共振,202,0.0384,0.0246,1.564,0.6485,0.5412,0.1073,L2
震荡-1买,深跌(距前高>40%) + 距前低<=10%,267,0.0507,0.0325,1.56,0.6479,0.5412,0.1068,L2
震荡-1买,量能递增 + 火箭信号,457,0.0868,0.0557,1.559,0.6477,0.5412,0.1065,L2
震荡-1买,量比大于2 + 价涨量缩,1271,0.2413,0.155,1.557,0.6475,0.5412,0.1063,L2
震荡-1买,MACD_DIF大于0 + 中枢极限底,306,0.0581,0.0374,1.554,0.6471,0.5412,0.1059,L2
震荡-1买,斐波短中多头 + 缩量,102,0.0194,0.0125,1.554,0.6471,0.5412,0.1059,L2
震荡-1买,火箭信号 + 量能递增 + 价涨量增,430,0.0815,0.0526,1.551,0.6465,0.5412,0.1053,L3
震荡-1买,MACD柱递增 + 量能金叉,1588,0.3009,0.1944,1.548,0.6461,0.5412,0.1049,L2
震荡-1买,MACD柱递增 + 火箭信号,480,0.0909,0.0588,1.546,0.6458,0.5412,0.1046,L2
震荡-1买,缩量 + 量比>=1.3,1270,0.2405,0.1557,1.545,0.6457,0.5412,0.1045,L2
震荡-1买,价涨量缩 + 火箭信号,237,0.0449,0.0291,1.544,0.6456,0.5412,0.1044,L2
震荡-1买,火箭信号 + 大盘安全,318,0.0601,0.0391,1.538,0.6447,0.5412,0.1035,L2
震荡-1买,多头排列 + 中枢底部回升,90,0.017,0.0111,1.537,0.6444,0.5412,0.1033,L2
震荡-1买,KDJ金叉态 + 火箭信号,483,0.0912,0.0595,1.533,0.6439,0.5412,0.1027,L2
震荡-1买,MA55上穿MA89 + MACD柱递增,146,0.0276,0.018,1.533,0.6438,0.5412,0.1027,L2
震荡-1买,大盘安全 + 距60日高点<=0.7,926,0.1748,0.1141,1.531,0.6436,0.5412,0.1024,L4
震荡-1买,量比大于2 + 价涨量增 + 中枢进机会区,779,0.1469,0.0962,1.528,0.6431,0.5412,0.1019,L3
震荡-1买,量能金叉 + 中枢进机会区,891,0.1677,0.1103,1.52,0.642,0.5412,0.1008,L2
震荡-1买,量比大于1 + 火箭信号,491,0.0924,0.0609,1.517,0.6415,0.5412,0.1004,L2
震荡-1买,火箭信号 + 量能金叉 + 量能递增,220,0.0413,0.0273,1.513,0.6409,0.5412,0.0997,L3
震荡-1买,RSI6大于50 + 深跌(距前高>40%),103,0.0194,0.0128,1.512,0.6408,0.5412,0.0996,L2
震荡-1买,RSI6超卖 + 量能金叉,1599,0.3003,0.1989,1.51,0.6404,0.5412,0.0992,L2
震荡-1买,RSI金叉 + 火箭信号,492,0.0924,0.0612,1.509,0.6402,0.5412,0.0991,L2
震荡-1买,多头排列 + RSI6超卖,86,0.0161,0.0107,1.504,0.6395,0.5412,0.0984,L2
震荡-1买,多头排列 + 威科夫得分大于4,86,0.0161,0.0107,1.504,0.6395,0.5412,0.0984,L2
震荡-1买,放量 + 火箭信号,477,0.0894,0.0595,1.503,0.6394,0.5412,0.0982,L2
震荡-1买,六脉红灯大于5 + 火箭信号,452,0.0848,0.0564,1.503,0.6394,0.5412,0.0982,L2
震荡-1买,六脉5红首发 + 火箭信号,452,0.0848,0.0564,1.503,0.6394,0.5412,0.0982,L2
震荡-1买,量能金叉 + 火箭信号,230,0.0431,0.0287,1.502,0.6391,0.5412,0.0979,L2
震荡-1买,量比>=2 + 量能递增 + 中枢进机会区,108,0.0202,0.0135,1.5,0.6389,0.5412,0.0977,L3
震荡-2买,极限抄底 + 量比>=1.0,109,0.0414,0.0131,3.159,0.5688,0.2946,0.2742,L4
震荡-2买,极限抄底 + 量能递增 + 价涨量增,85,0.03,0.0112,2.694,0.5294,0.2946,0.2348,L3
震荡-2买,RSI金叉 + 极限抄底,110,0.0381,0.0148,2.575,0.5182,0.2946,0.2236,L2
震荡-2买,极限抄底 + 量能递增 + 量比大于1_3,91,0.0314,0.0123,2.558,0.5165,0.2946,0.2219,L3
震荡-2买,极限抄底 + 量能递增 + 放量,95,0.032,0.0131,2.445,0.5053,0.2946,0.2107,L3
震荡-2买,极限抄底 + 价涨量增 + 量比大于1_3,101,0.0334,0.0142,2.348,0.495,0.2946,0.2005,L3
震荡-2买,价涨量增 + 极限抄底,104,0.034,0.0148,2.304,0.4904,0.2946,0.1958,L2
震荡-2买,极限抄底 + 放量 + 价涨量增,104,0.034,0.0148,2.304,0.4904,0.2946,0.1958,L3
震荡-2买,量能递增 + 极限抄底,100,0.0327,0.0142,2.301,0.49,0.2946,0.1954,L2
震荡-2买,极限抄底 + 放量 + 量比大于1_3,123,0.0401,0.0176,2.281,0.4878,0.2946,0.1932,L3
震荡-2买,放量 + 极限抄底,130,0.0414,0.019,2.183,0.4769,0.2946,0.1823,L2
震荡-2买,量比大于1_3 + 极限抄底,148,0.0461,0.022,2.091,0.4662,0.2946,0.1716,L2
震荡-2买,量比大于2 + 距前高<=10% + 威科夫得分大于4,86,0.0267,0.0128,2.082,0.4651,0.2946,0.1705,L3
震荡-2买,KDJ低位金叉 + 量比>=1.3,377,0.1168,0.0563,2.074,0.4642,0.2946,0.1696,L2
震荡-2买,火箭信号 + 中枢极限底,113,0.0347,0.017,2.041,0.4602,0.2946,0.1656,L2
震荡-2买,量能金叉 + 量比大于2 + 距前高<=10%,84,0.0254,0.0128,1.978,0.4524,0.2946,0.1578,L3
震荡-2买,量比>=1.3 + 量比大于2 + 量能递增,285,0.0854,0.0438,1.952,0.4491,0.2946,0.1545,L3
震荡-2买,量能金叉 + 量比>=1.3,243,0.0728,0.0374,1.948,0.4486,0.2946,0.154,L2
震荡-2买,量比>=1.3 + 量能金叉 + 量比大于1_3,243,0.0728,0.0374,1.948,0.4486,0.2946,0.154,L3
震荡-2买,量能金叉 + 量比>=1.3,243,0.0728,0.0374,1.948,0.4486,0.2946,0.154,L4
震荡-2买,量比>=1.3 + 量能金叉 + 量能递增,226,0.0674,0.0348,1.935,0.4469,0.2946,0.1523,L3
震荡-2买,量比>=1.3 + 量能金叉 + 价涨量增,231,0.0688,0.0357,1.927,0.4459,0.2946,0.1513,L3
震荡-2买,量能递增 + 深跌(距前高>40%),83,0.0247,0.0128,1.926,0.4458,0.2946,0.1512,L2
震荡-2买,量比>=1.3 + 量能金叉 + 放量,241,0.0714,0.0374,1.912,0.444,0.2946,0.1494,L3
震荡-2买,斐波长多头 + 极限抄底,109,0.032,0.017,1.884,0.4404,0.2946,0.1458,L2
震荡-2买,RSI6超卖 + 火箭信号,201,0.0587,0.0315,1.865,0.4378,0.2946,0.1432,L2
震荡-2买,量能金叉 + 火箭信号,119,0.0347,0.0187,1.858,0.437,0.2946,0.1424,L2
震荡-2买,火箭信号 + 量能金叉 + 量比大于1_3,119,0.0347,0.0187,1.858,0.437,0.2946,0.1424,L3
震荡-2买,KDJ_D小于30 + 量比>=1.3,538,0.1569,0.0845,1.857,0.4368,0.2946,0.1422,L2
震荡-2买,RSI6超卖 + 量比>=1.3,646,0.1883,0.1015,1.855,0.4365,0.2946,0.1419,L2
震荡-2买,量比>=1.3 + 量能递增 + 价涨量增,489,0.1422,0.0769,1.848,0.4356,0.2946,0.141,L3
震荡-2买,量比大于2 + 量比>=1.3,322,0.0935,0.0507,1.842,0.4348,0.2946,0.1402,L2
震荡-2买,量比>=1.3 + 量比大于2 + 量比大于1_3,322,0.0935,0.0507,1.842,0.4348,0.2946,0.1402,L3
震荡-2买,量比>=1.3 + 量比大于2 + 放量,320,0.0928,0.0505,1.839,0.4344,0.2946,0.1398,L3
震荡-2买,量比>=1.3 + 量比大于2 + 价涨量增,309,0.0895,0.0488,1.834,0.4337,0.2946,0.1391,L3
震荡-2买,站上MA5 + 极限抄底,185,0.0534,0.0293,1.824,0.4324,0.2946,0.1378,L2
震荡-2买,火箭信号 + 中枢进机会区,111,0.032,0.0176,1.824,0.4324,0.2946,0.1378,L2
震荡-2买,火箭信号 + 量能金叉 + 放量,118,0.034,0.0187,1.823,0.4322,0.2946,0.1376,L3
震荡-2买,六脉红灯大于5 + 极限抄底,86,0.0247,0.0137,1.808,0.4302,0.2946,0.1356,L2
震荡-2买,六脉5红首发 + 极限抄底,86,0.0247,0.0137,1.808,0.4302,0.2946,0.1356,L2
震荡-2买,量比>=1.3 + 距前高<=10% + 价涨量增,93,0.0267,0.0148,1.807,0.4301,0.2946,0.1355,L3
震荡-2买,火箭信号 + 量能金叉 + 量能递增,105,0.03,0.0167,1.796,0.4286,0.2946,0.134,L3
震荡-2买,MACD零轴上金叉 + 距前高<=10% + 趋势多头,84,0.024,0.0134,1.796,0.4286,0.2946,0.134,L3
震荡-2买,中枢极限底 + 量比>=1.3,348,0.0995,0.0555,1.793,0.4282,0.2946,0.1336,L2
震荡-2买,量能金叉 + 距前高<=10% + 趋势多头,110,0.0314,0.0176,1.786,0.4273,0.2946,0.1327,L3
震荡-2买,空头排列 + 火箭信号,89,0.0254,0.0142,1.784,0.427,0.2946,0.1324,L2
震荡-2买,MACD零轴上金叉 + 距前高<=10% + 量比大于1_3,82,0.0234,0.0131,1.783,0.4268,0.2946,0.1322,L3
震荡-2买,量能金叉 + 量比>=1.5,176,0.0501,0.0282,1.778,0.4261,0.2946,0.1315,L4
震荡-2买,中枢上穿中轴 + 距前高<=10% + 威科夫得分大于4,155,0.0441,0.0248,1.776,0.4258,0.2946,0.1312,L3
震荡-2买,量能递增 + 量比>=1.3,522,0.1482,0.0836,1.772,0.4253,0.2946,0.1307,L2
震荡-2买,量比>=1.3 + 量能递增 + 放量,522,0.1482,0.0836,1.772,0.4253,0.2946,0.1307,L3
震荡-2买,量比>=1.3 + 量能递增 + 量比大于1_3,522,0.1482,0.0836,1.772,0.4253,0.2946,0.1307,L3
震荡-2买,MACD零轴上金叉 + 距前高<=10%,87,0.0247,0.0139,1.772,0.4253,0.2946,0.1307,L2
震荡-2买,BOLL触下轨反弹 + 火箭信号,172,0.0487,0.0276,1.766,0.4244,0.2946,0.1298,L2
震荡-2买,MACD零轴上金叉 + 距前高<=10% + 放量,85,0.024,0.0137,1.759,0.4235,0.2946,0.1289,L3
震荡-2买,MACD零轴上金叉 + 距前高<=10% + 价涨量增,85,0.024,0.0137,1.759,0.4235,0.2946,0.1289,L3
震荡-2买,KDJ_J超卖 + 量比>=1.3,681,0.1923,0.1096,1.755,0.4229,0.2946,0.1283,L2
震荡-2买,KDJ低位金叉 + 火箭信号,90,0.0254,0.0145,1.75,0.4222,0.2946,0.1276,L2
震荡-2买,量比>=1.3 + 量比大于2 + 趋势多头,83,0.0234,0.0134,1.746,0.4217,0.2946,0.1271,L3
震荡-2买,量比大于2 + 距前高<=10% + 趋势多头,107,0.03,0.0173,1.738,0.4206,0.2946,0.126,L3
震荡-2买,火箭信号 + 中枢底部回升,181,0.0507,0.0293,1.733,0.4199,0.2946,0.1253,L2
震荡-2买,量能金叉 + 量能递增 + 距前高<=10%,131,0.0367,0.0212,1.733,0.4198,0.2946,0.1253,L3
震荡-2买,火箭信号 + 量能金叉 + 相对强弱大于5,81,0.0227,0.0131,1.732,0.4198,0.2946,0.1252,L3
震荡-2买,价涨量缩 + 量比>=1.3,409,0.1142,0.0664,1.72,0.4181,0.2946,0.1235,L2
震荡-2买,量能金叉 + 量比>=1.0,412,0.1148,0.0669,1.716,0.4175,0.2946,0.1229,L4
震荡-2买,趋势空头 + MACD_DIF大于0,103,0.0287,0.0167,1.716,0.4175,0.2946,0.1229,L2
震荡-2买,火箭信号 + 量能金叉 + 价涨量增,115,0.032,0.0187,1.715,0.4174,0.2946,0.1228,L3
震荡-2买,距前高<=10% + 量比大于1_3 + 威科夫得分大于4,187,0.0521,0.0304,1.714,0.4171,0.2946,0.1225,L3
震荡-2买,BOLL触下轨反弹 + 极限抄底,156,0.0434,0.0254,1.71,0.4167,0.2946,0.1221,L2
震荡-2买,BOLL开口扩张 + 极限抄底,207,0.0574,0.0337,1.702,0.4155,0.2946,0.1209,L2
震荡-2买,量能金叉 + 中枢上穿中轴 + 距前高<=10%,94,0.026,0.0153,1.698,0.4149,0.2946,0.1203,L3
震荡-2买,量能金叉 + 距前高<=10% + 价涨量增,135,0.0374,0.022,1.697,0.4148,0.2946,0.1202,L3
震荡-2买,BOLL触下轨反弹 + 量比>=1.3,598,0.1656,0.0976,1.697,0.4147,0.2946,0.1201,L2
震荡-2买,中枢底部回升 + 量比>=1.3,596,0.1649,0.0973,1.695,0.4144,0.2946,0.1198,L2
震荡-2买,极限抄底 + 中枢极限底,99,0.0274,0.0162,1.693,0.4141,0.2946,0.1195,L2
震荡-2买,量比大于1 + 极限抄底,203,0.0561,0.0332,1.69,0.4138,0.2946,0.1192,L2
震荡-2买,KDJ_J超卖 + 火箭信号,249,0.0688,0.0407,1.689,0.4137,0.2946,0.1191,L2
震荡-2买,KDJ低位金叉 + 量能金叉,218,0.0601,0.0357,1.684,0.4128,0.2946,0.1183,L2
震荡-2买,KDJ_J超卖 + 极限抄底,211,0.0581,0.0346,1.68,0.4123,0.2946,0.1177,L2
震荡-2买,价涨量缩 + 火箭信号,153,0.0421,0.0251,1.676,0.4118,0.2946,0.1172,L2
震荡-2买,火箭信号 + 量能金叉 + 量比大于2,102,0.028,0.0167,1.676,0.4118,0.2946,0.1172,L3
震荡-2买,极限抄底 + 距60日低点<=1.2,192,0.0527,0.0315,1.674,0.4115,0.2946,0.1169,L4
震荡-2买,KDJ_D小于30 + 火箭信号,175,0.0481,0.0287,1.674,0.4114,0.2946,0.1168,L2
震荡-2买,MACD柱递增 + 量比>=1.3,701,0.1923,0.1151,1.67,0.4108,0.2946,0.1162,L2
震荡-2买,极限抄底,212,0.0581,0.0348,1.667,0.4104,0.2946,0.1158,L1
震荡-2买,RSI6超卖 + 极限抄底,212,0.0581,0.0348,1.667,0.4104,0.2946,0.1158,L2
震荡-2买,极限抄底 + SID等于2,212,0.0581,0.0348,1.667,0.4104,0.2946,0.1158,L2
震荡-2买,极限抄底 + SID小于等于2,212,0.0581,0.0348,1.667,0.4104,0.2946,0.1158,L2
震荡-2买,量能金叉 + 中枢极限底,273,0.0748,0.0449,1.666,0.4103,0.2946,0.1157,L2
震荡-2买,量比>=1.3 + 量能金叉 + 量比大于2,161,0.0441,0.0265,1.664,0.4099,0.2946,0.1153,L3
震荡-2买,MACD零轴上金叉 + RSI6超卖,83,0.0227,0.0137,1.662,0.4096,0.2946,0.115,L2
震荡-2买,KDJ_D小于30 + 极限抄底,208,0.0567,0.0343,1.655,0.4087,0.2946,0.1141,L2
震荡-2买,BOLL开口扩张 + 量比>=1.3,708,0.1929,0.1168,1.652,0.4082,0.2946,0.1136,L2
震荡-2买,量能金叉 + 距前高<=10% + 威科夫得分大于4,86,0.0234,0.0142,1.643,0.407,0.2946,0.1124,L3
震荡-2买,中枢底部蓄力 + 量比>=1.3,472,0.1282,0.0781,1.642,0.4068,0.2946,0.1122,L2
震荡-2买,量能金叉 + BOLL突破上轨 + 中枢上穿中轴,118,0.032,0.0195,1.642,0.4068,0.2946,0.1122,L3
震荡-2买,极限抄底 + 中枢底部回升,209,0.0567,0.0346,1.641,0.4067,0.2946,0.1121,L2
震荡-2买,空头排列 + 量比>=1.3,431,0.1168,0.0714,1.637,0.406,0.2946,0.1114,L2
震荡-2买,距前高<=10% + 价涨量增 + 威科夫得分大于4,202,0.0547,0.0335,1.636,0.4059,0.2946,0.1113,L3
震荡-2买,空头排列 + 极限抄底,170,0.0461,0.0282,1.636,0.4059,0.2946,0.1113,L2
震荡-2买,趋势空头 + 极限抄底,170,0.0461,0.0282,1.636,0.4059,0.2946,0.1113,L2
震荡-2买,价涨量缩 + 极限抄底,175,0.0474,0.029,1.635,0.4057,0.2946,0.1111,L2
震荡-2买,BOLL突破上轨 + 趋势多头 + 威科夫得分大于4,143,0.0387,0.0237,1.634,0.4056,0.2946,0.111,L3
震荡-2买,站上MA233 + 量比>=1.3,444,0.1202,0.0736,1.633,0.4054,0.2946,0.1108,L2
震荡-2买,KDJ_D小于30 + 量比>=2,89,0.024,0.0148,1.626,0.4045,0.2946,0.1099,L2
震荡-2买,KDJ金叉态 + 量比>=1.3,722,0.1949,0.1199,1.626,0.4044,0.2946,0.1098,L2
震荡-2买,量能金叉 + 距前高<=10% + 放量,151,0.0407,0.0251,1.623,0.404,0.2946,0.1094,L3
震荡-2买,量能金叉 + BOLL突破上轨 + 相对强弱大于5,99,0.0267,0.0164,1.623,0.404,0.2946,0.1094,L3
震荡-2买,量比大于2 + 距前高<=10% + 价涨量增,139,0.0374,0.0231,1.616,0.4029,0.2946,0.1083,L3
震荡-2买,量能金叉 + 量比大于2 + 价涨量增,422,0.1135,0.0703,1.615,0.4028,0.2946,0.1083,L3
震荡-2买,BOLL突破上轨 + 中枢上穿中轴 + 威科夫得分大于4,144,0.0387,0.024,1.615,0.4028,0.2946,0.1082,L3
震荡-2买,量能金叉 + 距前高<=10%,154,0.0414,0.0256,1.614,0.4026,0.2946,0.108,L2
震荡-2买,量能金叉 + 距60日高点>=0.9,154,0.0414,0.0256,1.614,0.4026,0.2946,0.108,L4
震荡-2买,MACD零轴上金叉 + 量能金叉 + 中枢上穿中轴,87,0.0234,0.0145,1.612,0.4023,0.2946,0.1077,L3
震荡-2买,RSI金叉 + 量比>=1.3,639,0.1716,0.1065,1.611,0.4022,0.2946,0.1076,L2
震荡-2买,KDJ金叉态 + 极限抄底,199,0.0534,0.0332,1.61,0.402,0.2946,0.1074,L2
震荡-2买,量比>=1.3 + 距前高<=10%,102,0.0274,0.017,1.609,0.402,0.2946,0.1074,L2
震荡-2买,量比>=1.3 + 距前高<=10% + 量比大于1_3,102,0.0274,0.017,1.609,0.402,0.2946,0.1074,L3
震荡-2买,RSI6超卖 + 量能金叉,545,0.1462,0.0909,1.609,0.4018,0.2946,0.1072,L2
震荡-2买,BOLL突破上轨 + 中枢上穿中轴 + 趋势多头,117,0.0314,0.0195,1.608,0.4017,0.2946,0.1071,L3
震荡-2买,量能金叉 + 量比大于2 + BOLL突破上轨,132,0.0354,0.022,1.606,0.4015,0.2946,0.1069,L3
震荡-2买,量能金叉 + 量比大于2 + 量能递增,404,0.1081,0.0675,1.603,0.401,0.2946,0.1064,L3
震荡-2买,极限抄底 + 距60日高点<=0.8,205,0.0547,0.0343,1.596,0.4,0.2946,0.1054,L4
震荡-2买,量比>=1.3 + 距前高<=10% + 放量,100,0.0267,0.0167,1.596,0.4,0.2946,0.1054,L3
震荡-2买,MACD零轴上金叉 + 量能金叉 + 量比大于2,95,0.0254,0.0159,1.596,0.4,0.2946,0.1054,L3
震荡-2买,量能金叉 + BOLL突破上轨 + 趋势多头,90,0.024,0.0151,1.596,0.4,0.2946,0.1054,L3
震荡-2买,量比>=1.3,773,0.2063,0.1294,1.595,0.3997,0.2946,0.1051,L1
震荡-2买,量比大于1 + 量比>=1.3,773,0.2063,0.1294,1.595,0.3997,0.2946,0.1051,L2
震荡-2买,量比大于1_3 + 量比>=1.3,773,0.2063,0.1294,1.595,0.3997,0.2946,0.1051,L2
震荡-2买,SID等于2 + 量比>=1.3,773,0.2063,0.1294,1.595,0.3997,0.2946,0.1051,L2
震荡-2买,SID小于等于2 + 量比>=1.3,773,0.2063,0.1294,1.595,0.3997,0.2946,0.1051,L2
震荡-2买,量比>=1.3,773,0.2063,0.1294,1.595,0.3997,0.2946,0.1051,L4
震荡-2买,趋势多头 + 积累阶段,323,0.0861,0.0541,1.592,0.3994,0.2946,0.1048,L2
震荡-2买,极限抄底 + 中枢底部蓄力,203,0.0541,0.034,1.59,0.399,0.2946,0.1044,L2
震荡-2买,KDJ低位金叉 + 极限抄底,188,0.0501,0.0315,1.589,0.3989,0.2946,0.1043,L2
震荡-2买,站上MA5 + 量比>=1.3,725,0.1929,0.1216,1.587,0.3986,0.2946,0.104,L2
震荡-2买,站上MA233 + 极限抄底,133,0.0354,0.0223,1.586,0.3985,0.2946,0.1039,L2
震荡-2买,价涨量增 + 量比>=1.3,625,0.1662,0.1048,1.586,0.3984,0.2946,0.1038,L2
震荡-2买,量比>=1.3 + 放量 + 价涨量增,625,0.1662,0.1048,1.586,0.3984,0.2946,0.1038,L3
震荡-2买,量比>=1.3 + 价涨量增 + 量比大于1_3,625,0.1662,0.1048,1.586,0.3984,0.2946,0.1038,L3
震荡-2买,量比大于2 + 量能递增 + 距前高<=10%,128,0.034,0.0215,1.586,0.3984,0.2946,0.1038,L3
震荡-2买,斐波短中多头 + MACD金叉态,123,0.0327,0.0206,1.586,0.3984,0.2946,0.1038,L2
震荡-2买,量能金叉 + 量能递增 + 价涨量增,574,0.1522,0.0965,1.578,0.3972,0.2946,0.1026,L3
震荡-2买,趋势空头 + 量比>=1.3,461,0.1222,0.0775,1.576,0.397,0.2946,0.1024,L2
震荡-2买,量能递增 + KDJ低位金叉,668,0.1769,0.1124,1.575,0.3967,0.2946,0.1021,L2
震荡-2买,MACD零轴上金叉 + 中枢上穿中轴 + 威科夫得分大于4,121,0.032,0.0204,1.574,0.3967,0.2946,0.1021,L3
震荡-2买,BOLL开口扩张 + 火箭信号,265,0.0701,0.0446,1.571,0.3962,0.2946,0.1016,L2
震荡-2买,BOLL突破上轨 + 量能金叉,144,0.0381,0.0243,1.569,0.3958,0.2946,0.1012,L2
震荡-2买,量能金叉 + BOLL突破上轨 + 放量,144,0.0381,0.0243,1.569,0.3958,0.2946,0.1012,L3
震荡-2买,量能金叉 + BOLL突破上轨 + 价涨量增,144,0.0381,0.0243,1.569,0.3958,0.2946,0.1012,L3
震荡-2买,量能金叉 + BOLL突破上轨 + 量比大于1_3,144,0.0381,0.0243,1.569,0.3958,0.2946,0.1012,L3
震荡-2买,量能金叉 + 距前高<=10% + 量比大于1_3,144,0.0381,0.0243,1.569,0.3958,0.2946,0.1012,L3
震荡-2买,量能金叉 + BOLL突破上轨 + 量能递增,139,0.0367,0.0234,1.568,0.3957,0.2946,0.1011,L3
震荡-2买,火箭信号 + 中枢底部蓄力,129,0.034,0.0217,1.566,0.3953,0.2946,0.1008,L2
震荡-2买,量能金叉 + 距60日低点<=1.2,539,0.1422,0.0909,1.565,0.3952,0.2946,0.1006,L4
震荡-2买,MACD柱递增 + 极限抄底,205,0.0541,0.0346,1.564,0.3951,0.2946,0.1005,L2
震荡-2买,火箭信号 + 量能递增 + 放量,200,0.0527,0.0337,1.563,0.395,0.2946,0.1004,L3
震荡-2买,MACD零轴上金叉 + 大盘多头,119,0.0314,0.0201,1.563,0.395,0.2946,0.1004,L2
震荡-2买,MACD零轴上金叉 + SID等于1,119,0.0314,0.0201,1.563,0.395,0.2946,0.1004,L2
震荡-2买,火箭信号 + 量能递增 + 量比大于1_3,195,0.0514,0.0329,1.563,0.3949,0.2946,0.1003,L3
震荡-2买,多头排列 + 六脉红灯大于5,185,0.0487,0.0312,1.561,0.3946,0.2946,0.1,L2
震荡-2买,多头排列 + 六脉5红首发,185,0.0487,0.0312,1.561,0.3946,0.2946,0.1,L2
震荡-2买,量比>=1.5,474,0.1248,0.08,1.56,0.3945,0.2946,0.0999,L4
震荡-2买,量比>=1.3 + 量能递增 + 趋势多头,109,0.0287,0.0184,1.56,0.3945,0.2946,0.0999,L3
震荡-2买,量比大于2 + KDJ低位金叉,368,0.0968,0.0622,1.557,0.394,0.2946,0.0994,L2
震荡-2买,火箭信号 + 大盘多头,132,0.0347,0.0223,1.556,0.3939,0.2946,0.0993,L2
震荡-2买,火箭信号 + SID等于1,132,0.0347,0.0223,1.556,0.3939,0.2946,0.0993,L2
震荡-2买,极限抄底 + 距60日高点<=0.7,127,0.0334,0.0215,1.555,0.3937,0.2946,0.0991,L4
震荡-2买,MACD零轴上金叉 + 量能金叉 + 威科夫得分大于4,94,0.0247,0.0159,1.554,0.3936,0.2946,0.099,L3
震荡-2买,火箭信号,277,0.0728,0.0468,1.554,0.3935,0.2946,0.0989,L1
震荡-2买,火箭信号 + SID等于2,277,0.0728,0.0468,1.554,0.3935,0.2946,0.0989,L2
震荡-2买,火箭信号 + SID小于等于2,277,0.0728,0.0468,1.554,0.3935,0.2946,0.0989,L2
震荡-2买,斐波短中多头 + 量比大于2,117,0.0307,0.0198,1.551,0.3932,0.2946,0.0986,L2
震荡-2买,MACD零轴上金叉 + 量比大于2 + 威科夫得分大于4,117,0.0307,0.0198,1.551,0.3932,0.2946,0.0986,L3
震荡-2买,距前高<=10% + 趋势多头 + 威科夫得分大于4,229,0.0601,0.0388,1.55,0.393,0.2946,0.0984,L3
震荡-2买,量能递增 + 火箭信号,201,0.0527,0.034,1.551,0.393,0.2946,0.0984,L2
震荡-2买,威科夫得分大于7 + 积累阶段,84,0.022,0.0142,1.549,0.3929,0.2946,0.0983,L2
震荡-2买,站上MA5 + 火箭信号,275,0.0721,0.0466,1.549,0.3927,0.2946,0.0981,L2
震荡-2买,量比大于1_3 + 火箭信号,265,0.0694,0.0449,1.547,0.3925,0.2946,0.0979,L2
震荡-2买,量能金叉 + 量能递增 + 量比大于1_3,604,0.1582,0.1023,1.546,0.3924,0.2946,0.0978,L3
震荡-2买,多头排列 + MACD金叉态,130,0.034,0.022,1.546,0.3923,0.2946,0.0977,L2
震荡-2买,MACD零轴上金叉 + 量能金叉 + 趋势多头,102,0.0267,0.0173,1.545,0.3922,0.2946,0.0976,L3
震荡-2买,量比大于2 + 量能金叉,449,0.1175,0.0761,1.544,0.392,0.2946,0.0974,L2
震荡-2买,量能金叉 + 量比大于2 + 放量,449,0.1175,0.0761,1.544,0.392,0.2946,0.0974,L3
震荡-2买,量能金叉 + 量比大于2 + 量比大于1_3,449,0.1175,0.0761,1.544,0.392,0.2946,0.0974,L3
震荡-2买,量比大于1 + 火箭信号,273,0.0714,0.0463,1.543,0.3919,0.2946,0.0973,L2
震荡-2买,BOLL突破上轨 + 量能递增 + 趋势多头,143,0.0374,0.0243,1.541,0.3916,0.2946,0.097,L3
震荡-2买,MACD零轴上金叉 + BOLL突破上轨 + 威科夫得分大于4,115,0.03,0.0195,1.539,0.3913,0.2946,0.0967,L3
震荡-2买,量能金叉 + BOLL突破上轨 + 威科夫得分大于4,115,0.03,0.0195,1.539,0.3913,0.2946,0.0967,L3
震荡-2买,BOLL突破上轨 + 积累阶段,92,0.024,0.0156,1.539,0.3913,0.2946,0.0967,L2
震荡-2买,MACD零轴上金叉 + 量能金叉,110,0.0287,0.0187,1.537,0.3909,0.2946,0.0963,L2
震荡-2买,MACD零轴上金叉 + 量能金叉 + 放量,110,0.0287,0.0187,1.537,0.3909,0.2946,0.0963,L3
震荡-2买,MACD零轴上金叉 + 量能金叉 + 价涨量增,110,0.0287,0.0187,1.537,0.3909,0.2946,0.0963,L3
震荡-2买,MACD零轴上金叉 + 量能金叉 + 量比大于1_3,110,0.0287,0.0187,1.537,0.3909,0.2946,0.0963,L3
震荡-2买,放量 + 量比>=1.3,696,0.1816,0.1182,1.536,0.3908,0.2946,0.0962,L2
震荡-2买,量比>=1.3 + 放量 + 量比大于1_3,696,0.1816,0.1182,1.536,0.3908,0.2946,0.0962,L3
震荡-2买,量能金叉 + 中枢底部回升,492,0.1282,0.0836,1.532,0.3902,0.2946,0.0957,L2
震荡-2买,放量 + 火箭信号,264,0.0688,0.0449,1.532,0.3902,0.2946,0.0956,L2
震荡-2买,RSI金叉 + 火箭信号,264,0.0688,0.0449,1.532,0.3902,0.2946,0.0956,L2
震荡-2买,突破前高,82,0.0214,0.0139,1.532,0.3902,0.2946,0.0957,L1
震荡-2买,突破前高 + 站上MA5,82,0.0214,0.0139,1.532,0.3902,0.2946,0.0957,L2
震荡-2买,突破前高 + 站上MA13,82,0.0214,0.0139,1.532,0.3902,0.2946,0.0957,L2
震荡-2买,突破前高 + 站上MA34,82,0.0214,0.0139,1.532,0.3902,0.2946,0.0957,L2
震荡-2买,突破前高 + 站上MA55,82,0.0214,0.0139,1.532,0.3902,0.2946,0.0957,L2
震荡-2买,突破前高 + 站上MA89,82,0.0214,0.0139,1.532,0.3902,0.2946,0.0957,L2
震荡-2买,突破前高 + 站上MA144,82,0.0214,0.0139,1.532,0.3902,0.2946,0.0957,L2
震荡-2买,突破前高 + 放量,82,0.0214,0.0139,1.532,0.3902,0.2946,0.0957,L2
震荡-2买,突破前高 + 量比大于1,82,0.0214,0.0139,1.532,0.3902,0.2946,0.0957,L2
震荡-2买,突破前高 + 价涨量增,82,0.0214,0.0139,1.532,0.3902,0.2946,0.0957,L2
震荡-2买,突破前高 + BOLL收上中轨,82,0.0214,0.0139,1.532,0.3902,0.2946,0.0957,L2
震荡-2买,突破前高 + BOLL开口扩张,82,0.0214,0.0139,1.532,0.3902,0.2946,0.0957,L2
震荡-2买,突破前高 + KDJ金叉态,82,0.0214,0.0139,1.532,0.3902,0.2946,0.0957,L2
震荡-2买,突破前高 + RSI6大于50,82,0.0214,0.0139,1.532,0.3902,0.2946,0.0957,L2
震荡-2买,突破前高 + RSI金叉,82,0.0214,0.0139,1.532,0.3902,0.2946,0.0957,L2
震荡-2买,突破前高 + 六脉红灯大于5,82,0.0214,0.0139,1.532,0.3902,0.2946,0.0957,L2
震荡-2买,突破前高 + 六脉5红首发,82,0.0214,0.0139,1.532,0.3902,0.2946,0.0957,L2
震荡-2买,突破前高 + SID等于2,82,0.0214,0.0139,1.532,0.3902,0.2946,0.0957,L2
震荡-2买,突破前高 + SID小于等于2,82,0.0214,0.0139,1.532,0.3902,0.2946,0.0957,L2
震荡-2买,突破前高 + 相对强弱大于0,82,0.0214,0.0139,1.532,0.3902,0.2946,0.0957,L2
震荡-2买,中枢底部蓄力 + 量比>=2,82,0.0214,0.0139,1.532,0.3902,0.2946,0.0957,L2
震荡-2买,距前高<=10% + 放量 + 威科夫得分大于4,223,0.0581,0.0379,1.532,0.3901,0.2946,0.0955,L3
震荡-2买,火箭信号 + 放量 + 量比大于1_3,259,0.0674,0.044,1.531,0.39,0.2946,0.0954,L3
震荡-2买,中枢进机会区 + 量比>=1.5,190,0.0494,0.0323,1.528,0.3895,0.2946,0.0949,L4
震荡-2买,量比>=1.3 + 量比大于2 + 威科夫得分大于4,95,0.0247,0.0162,1.528,0.3895,0.2946,0.0949,L3
震荡-2买,量能金叉 + 量能递增 + 放量,632,0.1642,0.1076,1.526,0.3892,0.2946,0.0946,L3
震荡-2买,缩量 + 量比>=1.3,627,0.1629,0.1068,1.525,0.3892,0.2946,0.0946,L2
震荡-2买,中枢上穿中轴 + 距前高<=10% + 价涨量增,239,0.0621,0.0407,1.525,0.3891,0.2946,0.0945,L3
震荡-2买,缩量 + 火箭信号,234,0.0607,0.0399,1.524,0.3889,0.2946,0.0943,L2
震荡-2买,中枢进机会区 + 量比>=1.3,319,0.0828,0.0544,1.523,0.3887,0.2946,0.0941,L2
震荡-2买,中枢进机会区 + 量比>=1.3,319,0.0828,0.0544,1.523,0.3887,0.2946,0.0941,L4
震荡-2买,S-中枢机会区［中枢进机会区 + 量比>=1.3］,319,0.0828,0.0544,1.523,0.3887,0.2946,0.0941,L5
震荡-2买,量能金叉 + 量比大于2 + 威科夫得分大于4,193,0.0501,0.0329,1.522,0.3886,0.2946,0.094,L3
震荡-2买,KDJ_D小于30 + 威科夫得分大于7,85,0.022,0.0145,1.52,0.3882,0.2946,0.0936,L2
震荡-2买,突破前高 + MACD_DIF大于0,80,0.0207,0.0137,1.515,0.3875,0.2946,0.0929,L2
震荡-2买,斐波短中多头 + BOLL突破上轨,80,0.0207,0.0137,1.515,0.3875,0.2946,0.0929,L2
震荡-2买,BOLL突破上轨 + 距前高<=10%,80,0.0207,0.0137,1.515,0.3875,0.2946,0.0929,L2
震荡-2买,BOLL突破上轨 + 距前高<=10% + 放量,80,0.0207,0.0137,1.515,0.3875,0.2946,0.0929,L3
震荡-2买,BOLL突破上轨 + 距前高<=10% + 价涨量增,80,0.0207,0.0137,1.515,0.3875,0.2946,0.0929,L3
震荡-2买,MACD柱递增 + 火箭信号,266,0.0688,0.0454,1.513,0.3872,0.2946,0.0926,L2
震荡-2买,斐波长多头 + 量比>=1.3,248,0.0641,0.0424,1.512,0.3871,0.2946,0.0925,L2
震荡-2买,MACD零轴上金叉 + 中枢上穿中轴 + 量比大于1_3,137,0.0354,0.0234,1.511,0.3869,0.2946,0.0923,L3
震荡-2买,KDJ_D小于30 + 量能金叉,424,0.1095,0.0725,1.51,0.3868,0.2946,0.0922,L2
震荡-2买,MACD零轴上金叉 + 量比大于1_3 + 威科夫得分大于4,150,0.0387,0.0256,1.51,0.3867,0.2946,0.0921,L3
震荡-2买,量比>=1.3 + 中枢上穿中轴 + 趋势多头,88,0.0227,0.0151,1.508,0.3864,0.2946,0.0918,L3
震荡-2买,缩量 + 极限抄底,189,0.0487,0.0323,1.507,0.3862,0.2946,0.0917,L2
震荡-2买,量比大于2 + 距前高<=10%,145,0.0374,0.0248,1.507,0.3862,0.2946,0.0916,L2
震荡-2买,量比大于2 + 距前高<=10% + 放量,145,0.0374,0.0248,1.507,0.3862,0.2946,0.0916,L3
震荡-2买,量比大于2 + 距前高<=10% + 量比大于1_3,145,0.0374,0.0248,1.507,0.3862,0.2946,0.0916,L3
震荡-2买,MACD零轴上金叉 + 量能金叉 + 量能递增,101,0.026,0.0173,1.506,0.3861,0.2946,0.0915,L3
震荡-2买,量能递增 + 量能金叉,640,0.1649,0.1096,1.505,0.3859,0.2946,0.0913,L2
震荡-2买,MACD零轴上金叉 + 量能递增 + 威科夫得分大于4,140,0.036,0.024,1.504,0.3857,0.2946,0.0911,L3
震荡-2买,趋势空头 + 火箭信号,96,0.0247,0.0164,1.502,0.3854,0.2946,0.0908,L2
震荡-3买,极限抄底 + 量比>=1.0,94,0.0669,0.015,4.45,0.7447,0.3959,0.3488,L4
震荡-3买,量比>=1.3 + 量比大于2 + KDJ低位金叉,154,0.1042,0.0282,3.696,0.7078,0.3959,0.3119,L3
震荡-3买,极限抄底 + 价涨量增 + 量比大于1_3,82,0.0526,0.0169,3.108,0.6707,0.3959,0.2748,L3
震荡-3买,价涨量增 + 极限抄底,85,0.0545,0.0175,3.106,0.6706,0.3959,0.2747,L2
震荡-3买,极限抄底 + 价涨量增 + 放量,85,0.0545,0.0175,3.106,0.6706,0.3959,0.2747,L3
震荡-3买,极限抄底 + 量比大于1_3 + KDJ低位金叉,94,0.0602,0.0194,3.101,0.6702,0.3959,0.2743,L3
震荡-3买,放量 + 极限抄底,102,0.065,0.0213,3.052,0.6667,0.3959,0.2708,L2
震荡-3买,极限抄底 + 量比大于1_3 + 放量,96,0.0612,0.0201,3.052,0.6667,0.3959,0.2708,L3
震荡-3买,极限抄底 + 量能递增 + 放量,81,0.0516,0.0169,3.052,0.6667,0.3959,0.2708,L3
震荡-3买,极限抄底 + 放量 + KDJ低位金叉,80,0.0507,0.0169,2.995,0.6625,0.3959,0.2666,L3
震荡-3买,量比大于1_3 + 极限抄底,115,0.0727,0.0244,2.973,0.6609,0.3959,0.265,L2
震荡-3买,量比>=1.3 + 量能递增 + KDJ低位金叉,186,0.1166,0.0401,2.909,0.6559,0.3959,0.26,L3
震荡-3买,量能递增 + 极限抄底,84,0.0526,0.0182,2.894,0.6548,0.3959,0.2588,L2
震荡-3买,KDJ_D小于30 + 量比>=2,87,0.0535,0.0194,2.756,0.6437,0.3959,0.2478,L2
震荡-3买,量比>=1.3 + 放量 + KDJ低位金叉,242,0.1482,0.0545,2.718,0.6405,0.3959,0.2446,L3
震荡-3买,量比>=1.3 + 价涨量增 + KDJ低位金叉,224,0.1367,0.0508,2.694,0.6384,0.3959,0.2425,L3
震荡-3买,量比大于2 + 量能递增 + KDJ低位金叉,192,0.1166,0.0439,2.659,0.6354,0.3959,0.2395,L3
震荡-3买,KDJ低位金叉 + 量比>=1.3,290,0.174,0.0677,2.571,0.6276,0.3959,0.2317,L2
震荡-3买,量比>=1.3 + 量比大于1_3 + KDJ低位金叉,290,0.174,0.0677,2.571,0.6276,0.3959,0.2317,L3
震荡-3买,中枢极限底 + 量比>=1.3,273,0.1625,0.0645,2.518,0.6227,0.3959,0.2268,L2
震荡-3买,站上MA5 + 极限抄底,131,0.0774,0.0313,2.472,0.6183,0.3959,0.2224,L2
震荡-3买,量比大于2 + 量比>=1.3,273,0.1606,0.0658,2.441,0.6154,0.3959,0.2195,L2
震荡-3买,量比>=1.3 + 量比大于2 + 量比大于1_3,273,0.1606,0.0658,2.441,0.6154,0.3959,0.2195,L3
震荡-3买,量比大于2 + 量能金叉 + KDJ低位金叉,96,0.0564,0.0232,2.433,0.6146,0.3959,0.2187,L3
震荡-3买,站上MA233 + 量比>=2,101,0.0593,0.0244,2.426,0.6139,0.3959,0.2179,L2
震荡-3买,BOLL触下轨反弹 + 量比>=2,88,0.0516,0.0213,2.423,0.6136,0.3959,0.2177,L2
震荡-3买,量比大于1 + 极限抄底,136,0.0793,0.0332,2.389,0.6103,0.3959,0.2144,L2
震荡-3买,量比>=1.3 + 量比大于2 + 放量,264,0.1539,0.0645,2.385,0.6098,0.3959,0.2139,L3
震荡-3买,KDJ金叉态 + 极限抄底,133,0.0774,0.0326,2.377,0.609,0.3959,0.2131,L2
震荡-3买,RSI金叉 + 极限抄底,92,0.0535,0.0226,2.373,0.6087,0.3959,0.2128,L2
震荡-3买,量比>=1.3 + 量比大于2 + 量能金叉,140,0.0813,0.0345,2.358,0.6071,0.3959,0.2112,L3
震荡-3买,BOLL开口扩张 + 量比>=2,114,0.066,0.0282,2.34,0.6053,0.3959,0.2094,L2
震荡-3买,量比>=1.3 + 量比大于2 + 价涨量增,257,0.1482,0.0639,2.319,0.6031,0.3959,0.2072,L3
震荡-3买,站上MA233 + 极限抄底,118,0.0679,0.0294,2.305,0.6017,0.3959,0.2058,L2
震荡-3买,极限抄底 + 距60日低点<=1.2,123,0.0707,0.0307,2.304,0.6016,0.3959,0.2057,L4
震荡-3买,量比>=1.3 + 量比大于2 + 量能递增,238,0.1367,0.0595,2.297,0.6008,0.3959,0.2049,L3
震荡-3买,MACD柱递增 + 量比>=2,105,0.0602,0.0263,2.289,0.6,0.3959,0.2041,L2
震荡-3买,BOLL开口扩张 + 极限抄底,142,0.0813,0.0357,2.275,0.5986,0.3959,0.2027,L2
震荡-3买,中枢底部回升 + 量比>=2,102,0.0583,0.0257,2.27,0.598,0.3959,0.2021,L2
震荡-3买,价涨量增 + 量比>=2,114,0.065,0.0288,2.256,0.5965,0.3959,0.2006,L2
震荡-3买,量比>=2 + 量比>=1.3 + 价涨量增,114,0.065,0.0288,2.256,0.5965,0.3959,0.2006,L3
震荡-3买,量比>=2 + 量比大于2 + 价涨量增,114,0.065,0.0288,2.256,0.5965,0.3959,0.2006,L3
震荡-3买,量比>=2 + 价涨量增 + 量比大于1_3,114,0.065,0.0288,2.256,0.5965,0.3959,0.2006,L3
震荡-3买,量比>=2 + 价涨量增 + 放量,114,0.065,0.0288,2.256,0.5965,0.3959,0.2006,L3
震荡-3买,KDJ金叉态 + 量比>=2,109,0.0621,0.0276,2.254,0.5963,0.3959,0.2004,L2
震荡-3买,站上MA5 + 量比>=2,111,0.0631,0.0282,2.238,0.5946,0.3959,0.1987,L2
震荡-3买,RSI6超卖 + 量比>=2,103,0.0583,0.0263,2.216,0.5922,0.3959,0.1963,L2
震荡-3买,放量 + 量比>=2,115,0.065,0.0294,2.208,0.5913,0.3959,0.1954,L2
震荡-3买,量比>=2 + 量比>=1.3 + 放量,115,0.065,0.0294,2.208,0.5913,0.3959,0.1954,L3
震荡-3买,量比>=2 + 量比大于2 + 放量,115,0.065,0.0294,2.208,0.5913,0.3959,0.1954,L3
震荡-3买,量比>=2 + 量比大于1_3 + 放量,115,0.065,0.0294,2.208,0.5913,0.3959,0.1954,L3
震荡-3买,MACD柱递增 + 极限抄底,132,0.0746,0.0338,2.204,0.5909,0.3959,0.195,L2
震荡-3买,极限抄底,144,0.0813,0.037,2.198,0.5903,0.3959,0.1944,L1
震荡-3买,RSI6超卖 + 极限抄底,144,0.0813,0.037,2.198,0.5903,0.3959,0.1944,L2
震荡-3买,极限抄底 + SID等于2,144,0.0813,0.037,2.198,0.5903,0.3959,0.1944,L2
震荡-3买,极限抄底 + SID小于等于2,144,0.0813,0.037,2.198,0.5903,0.3959,0.1944,L2
震荡-3买,量比>=2,117,0.066,0.0301,2.193,0.5897,0.3959,0.1938,L1
震荡-3买,量比大于1 + 量比>=2,117,0.066,0.0301,2.193,0.5897,0.3959,0.1938,L2
震荡-3买,量比大于1_3 + 量比>=2,117,0.066,0.0301,2.193,0.5897,0.3959,0.1938,L2
震荡-3买,量比大于2 + 量比>=2,117,0.066,0.0301,2.193,0.5897,0.3959,0.1938,L2
震荡-3买,SID等于2 + 量比>=2,117,0.066,0.0301,2.193,0.5897,0.3959,0.1938,L2
震荡-3买,SID小于等于2 + 量比>=2,117,0.066,0.0301,2.193,0.5897,0.3959,0.1938,L2
震荡-3买,量比>=1.3 + 量比>=2,117,0.066,0.0301,2.193,0.5897,0.3959,0.1938,L2
震荡-3买,量比>=2 + 量比>=1.3 + 量比大于2,117,0.066,0.0301,2.193,0.5897,0.3959,0.1938,L3
震荡-3买,量比>=2 + 量比>=1.3 + 量比大于1_3,117,0.066,0.0301,2.193,0.5897,0.3959,0.1938,L3
震荡-3买,量比>=2 + 量比大于2 + 量比大于1_3,117,0.066,0.0301,2.193,0.5897,0.3959,0.1938,L3
震荡-3买,量比>=2.0,117,0.066,0.0301,2.193,0.5897,0.3959,0.1938,L4
震荡-3买,中枢底部蓄力 + 量比>=2,85,0.0478,0.0219,2.18,0.5882,0.3959,0.1923,L2
震荡-3买,KDJ_J超卖 + 极限抄底,143,0.0803,0.037,2.172,0.5874,0.3959,0.1915,L2
震荡-3买,极限抄底 + 中枢底部回升,143,0.0803,0.037,2.172,0.5874,0.3959,0.1915,L2
震荡-3买,极限抄底 + 距60日高点<=0.8,138,0.0774,0.0357,2.168,0.587,0.3959,0.191,L4
震荡-3买,KDJ_D小于30 + 极限抄底,133,0.0746,0.0345,2.164,0.5865,0.3959,0.1906,L2
震荡-3买,斐波长多头 + 极限抄底,99,0.0554,0.0257,2.158,0.5859,0.3959,0.1899,L2
震荡-3买,KDJ低位金叉 + 极限抄底,120,0.0669,0.0313,2.136,0.5833,0.3959,0.1874,L2
震荡-3买,量比>=1.3 + 量比大于2 + 中枢上穿中轴,86,0.0478,0.0226,2.119,0.5814,0.3959,0.1855,L3
震荡-3买,价涨量缩 + 极限抄底,112,0.0621,0.0294,2.11,0.5804,0.3959,0.1844,L2
震荡-3买,量比大于2 + KDJ低位金叉,287,0.1587,0.0758,2.093,0.5784,0.3959,0.1825,L2
震荡-3买,量比大于2 + 量比大于1_3 + KDJ低位金叉,287,0.1587,0.0758,2.093,0.5784,0.3959,0.1825,L3
震荡-3买,量能递增 + 量比>=2,102,0.0564,0.0269,2.094,0.5784,0.3959,0.1825,L2
震荡-3买,量比>=2 + 量比>=1.3 + 量能递增,102,0.0564,0.0269,2.094,0.5784,0.3959,0.1825,L3
震荡-3买,量比>=2 + 量比大于2 + 量能递增,102,0.0564,0.0269,2.094,0.5784,0.3959,0.1825,L3
震荡-3买,量比>=2 + 量能递增 + 价涨量增,102,0.0564,0.0269,2.094,0.5784,0.3959,0.1825,L3
震荡-3买,量比>=2 + 量能递增 + 量比大于1_3,102,0.0564,0.0269,2.094,0.5784,0.3959,0.1825,L3
震荡-3买,量比>=2 + 量能递增 + 放量,102,0.0564,0.0269,2.094,0.5784,0.3959,0.1825,L3
震荡-3买,KDJ_J超卖 + 量比>=2,104,0.0574,0.0276,2.081,0.5769,0.3959,0.181,L2
震荡-3买,火箭信号 + 中枢底部回升,151,0.0832,0.0401,2.074,0.5762,0.3959,0.1802,L2
震荡-3买,价涨量缩 + 量比>=1.3,285,0.1568,0.0758,2.068,0.5754,0.3959,0.1795,L2
震荡-3买,RSI金叉 + 量比>=2,101,0.0554,0.0269,2.058,0.5743,0.3959,0.1783,L2
震荡-3买,量比>=1.5,324,0.1778,0.0865,2.057,0.5741,0.3959,0.1782,L4
震荡-3买,量比>=1.3 + 量能金叉 + 量能递增,169,0.0927,0.0451,2.056,0.574,0.3959,0.1781,L3
震荡-3买,KDJ_D小于30 + 量比>=1.3,394,0.2161,0.1053,2.053,0.5736,0.3959,0.1777,L2
震荡-3买,量比大于2 + 放量 + KDJ低位金叉,278,0.152,0.0746,2.039,0.5719,0.3959,0.176,L3
震荡-3买,量比大于2 + 价涨量增 + KDJ低位金叉,261,0.1424,0.0702,2.03,0.5709,0.3959,0.175,L3
震荡-3买,火箭信号 + 量能递增 + 放量,149,0.0813,0.0401,2.026,0.5705,0.3959,0.1746,L3
震荡-3买,量能金叉 + 量比>=1.5,125,0.0679,0.0338,2.006,0.568,0.3959,0.1721,L4
震荡-3买,BOLL触下轨反弹 + 火箭信号,118,0.0641,0.032,2.004,0.5678,0.3959,0.1719,L2
震荡-3买,火箭信号 + 量能递增 + 价涨量增,148,0.0803,0.0401,2.003,0.5676,0.3959,0.1717,L3
震荡-3买,量比>=1.3 + 量能金叉 + 放量,180,0.0975,0.0489,1.995,0.5667,0.3959,0.1708,L3
震荡-3买,量能金叉 + 量比>=1.3,182,0.0985,0.0495,1.989,0.5659,0.3959,0.17,L2
震荡-3买,量比>=1.3 + 量能金叉 + 量比大于1_3,182,0.0985,0.0495,1.989,0.5659,0.3959,0.17,L3
震荡-3买,量能金叉 + 量比>=1.3,182,0.0985,0.0495,1.989,0.5659,0.3959,0.17,L4
震荡-3买,RSI6超卖 + 量比>=1.3,451,0.2438,0.1228,1.985,0.5654,0.3959,0.1695,L2
震荡-3买,趋势空头 + 火箭信号,92,0.0497,0.0251,1.984,0.5652,0.3959,0.1693,L2
震荡-3买,BOLL触下轨反弹 + 极限抄底,92,0.0497,0.0251,1.984,0.5652,0.3959,0.1693,L2
震荡-3买,极限抄底 + 中枢底部蓄力,131,0.0707,0.0357,1.981,0.5649,0.3959,0.169,L2
震荡-3买,中枢底部回升 + 量比>=1.3,432,0.2333,0.1178,1.98,0.5648,0.3959,0.1689,L2
震荡-3买,火箭信号 + 量能递增 + 量比大于1_3,147,0.0793,0.0401,1.979,0.5646,0.3959,0.1687,L3
震荡-3买,站上MA233 + 量比>=1.3,424,0.2285,0.1159,1.971,0.5637,0.3959,0.1678,L2
震荡-3买,斐波长多头 + 量比>=1.3,270,0.1453,0.0739,1.965,0.563,0.3959,0.1671,L2
震荡-3买,量能递增 + 火箭信号,151,0.0813,0.0414,1.965,0.5629,0.3959,0.167,L2
震荡-3买,空头排列 + 火箭信号,80,0.043,0.0219,1.962,0.5625,0.3959,0.1666,L2
震荡-3买,火箭信号 + 中枢进机会区,89,0.0478,0.0244,1.956,0.5618,0.3959,0.1659,L2
震荡-3买,量能递增 + 量比大于1_3 + KDJ低位金叉,353,0.1893,0.0971,1.949,0.5609,0.3959,0.165,L3
震荡-3买,BOLL开口扩张 + 量比>=1.3,489,0.261,0.1353,1.928,0.5583,0.3959,0.1624,L2
震荡-3买,缩量 + 极限抄底,129,0.0688,0.0357,1.927,0.5581,0.3959,0.1622,L2
震荡-3买,量比>=1.3 + 量能金叉 + 价涨量增,174,0.0927,0.0482,1.922,0.5575,0.3959,0.1616,L3
震荡-3买,量能金叉 + 量能递增 + KDJ低位金叉,122,0.065,0.0338,1.921,0.5574,0.3959,0.1615,L3
震荡-3买,偏多共振 + 中枢极限底,97,0.0516,0.0269,1.916,0.5567,0.3959,0.1608,L2
震荡-3买,多头共振 + 中枢极限底,97,0.0516,0.0269,1.916,0.5567,0.3959,0.1608,L2
震荡-3买,中枢底部蓄力 + 量比>=1.3,351,0.1864,0.0977,1.907,0.5556,0.3959,0.1596,L2
震荡-3买,六脉红灯大于5 + 量比>=2,90,0.0478,0.0251,1.907,0.5556,0.3959,0.1596,L2
震荡-3买,六脉5红首发 + 量比>=2,90,0.0478,0.0251,1.907,0.5556,0.3959,0.1596,L2
震荡-3买,BOLL触下轨反弹 + 量比>=1.3,389,0.2065,0.1084,1.905,0.5553,0.3959,0.1594,L2
震荡-3买,RSI6超卖 + 火箭信号,146,0.0774,0.0407,1.901,0.5548,0.3959,0.1589,L2
震荡-3买,量能金叉 + 量比大于1_3 + KDJ低位金叉,139,0.0736,0.0388,1.895,0.554,0.3959,0.158,L3
震荡-3买,火箭信号 + 量比大于2 + 量能递增,112,0.0593,0.0313,1.892,0.5536,0.3959,0.1577,L3
震荡-3买,MACD_DIF大于0 + 中枢极限底,134,0.0707,0.0376,1.882,0.5522,0.3959,0.1563,L2
震荡-3买,中枢进机会区 + 量比>=1.5,134,0.0707,0.0376,1.882,0.5522,0.3959,0.1563,L4
震荡-3买,相对强弱大于5 + 量比>=1.3,87,0.0459,0.0244,1.878,0.5517,0.3959,0.1558,L2
震荡-3买,量比>=1.3 + 相对强弱大于5 + 量比大于1_3,87,0.0459,0.0244,1.878,0.5517,0.3959,0.1558,L3
震荡-3买,量能递增 + 价涨量增 + KDJ低位金叉,370,0.195,0.104,1.875,0.5514,0.3959,0.1554,L3
震荡-3买,火箭信号 + 中枢上穿中轴 + 量能递增,107,0.0564,0.0301,1.875,0.5514,0.3959,0.1555,L3
震荡-3买,中枢进机会区 + 量比>=1.3,216,0.1138,0.0608,1.872,0.5509,0.3959,0.155,L2
震荡-3买,中枢进机会区 + 量比>=1.3,216,0.1138,0.0608,1.872,0.5509,0.3959,0.155,L4
震荡-3买,S-中枢机会区［中枢进机会区 + 量比>=1.3］,216,0.1138,0.0608,1.872,0.5509,0.3959,0.155,L5
震荡-3买,KDJ金叉态 + 量比>=1.3,476,0.2505,0.1341,1.868,0.5504,0.3959,0.1545,L2
震荡-3买,KDJ_D小于30 + 火箭信号,129,0.0679,0.0363,1.868,0.5504,0.3959,0.1545,L2
震荡-3买,MACD柱递增 + 量比>=1.3,466,0.2447,0.1316,1.86,0.5494,0.3959,0.1534,L2
震荡-3买,量比>=1.3 + 量能递增 + 价涨量增,344,0.1807,0.0971,1.861,0.5494,0.3959,0.1535,L3
震荡-3买,MACD_DIF大于0 + 距前低<=10%,184,0.0966,0.052,1.857,0.5489,0.3959,0.153,L2
震荡-3买,火箭信号 + 量能金叉 + 价涨量增,82,0.043,0.0232,1.856,0.5488,0.3959,0.1529,L3
震荡-3买,中枢上穿中轴 + 价涨量增 + KDJ低位金叉,82,0.043,0.0232,1.856,0.5488,0.3959,0.1529,L3
震荡-3买,火箭信号 + 中枢上穿中轴 + 量比大于1_3,124,0.065,0.0351,1.853,0.5484,0.3959,0.1525,L3
震荡-3买,量比>=1.3 + 中枢上穿中轴 + 量能递增,104,0.0545,0.0294,1.85,0.5481,0.3959,0.1522,L3
震荡-3买,火箭信号 + 中枢上穿中轴,126,0.066,0.0357,1.847,0.5476,0.3959,0.1517,L2
震荡-3买,量能金叉 + 火箭信号,84,0.044,0.0238,1.847,0.5476,0.3959,0.1517,L2
震荡-3买,火箭信号 + 量能金叉 + 量比大于1_3,84,0.044,0.0238,1.847,0.5476,0.3959,0.1517,L3
震荡-3买,火箭信号 + 量能金叉 + 放量,84,0.044,0.0238,1.847,0.5476,0.3959,0.1517,L3
震荡-3买,中枢上穿中轴 + 放量 + KDJ低位金叉,84,0.044,0.0238,1.847,0.5476,0.3959,0.1517,L3
震荡-3买,价涨量增 + 火箭信号,181,0.0946,0.0514,1.842,0.547,0.3959,0.151,L2
震荡-3买,火箭信号 + 价涨量增 + 放量,181,0.0946,0.0514,1.842,0.547,0.3959,0.151,L3
震荡-3买,量比大于2 + 中枢极限底,300,0.1568,0.0852,1.84,0.5467,0.3959,0.1508,L2
震荡-3买,量比>=1.3 + 相对强弱大于5 + 价涨量增,86,0.0449,0.0244,1.839,0.5465,0.3959,0.1506,L3
震荡-3买,量比>=1.3 + 相对强弱大于5 + 放量,86,0.0449,0.0244,1.839,0.5465,0.3959,0.1506,L3
震荡-3买,火箭信号 + 中枢底部蓄力,108,0.0564,0.0307,1.837,0.5463,0.3959,0.1504,L2
震荡-3买,量能递增 + 量比>=1.3,357,0.1864,0.1015,1.837,0.5462,0.3959,0.1503,L2
震荡-3买,量比>=1.3 + 量能递增 + 量比大于1_3,357,0.1864,0.1015,1.837,0.5462,0.3959,0.1503,L3
震荡-3买,KDJ_J超卖 + 量比>=1.3,467,0.2438,0.1328,1.835,0.546,0.3959,0.1501,L2
震荡-3买,量能金叉 + 放量 + KDJ低位金叉,143,0.0746,0.0407,1.831,0.5455,0.3959,0.1495,L3
震荡-3买,站上MA5 + 量比>=1.3,488,0.2543,0.1391,1.828,0.5451,0.3959,0.1492,L2
震荡-3买,量比>=1.3 + 量能递增 + 放量,356,0.1855,0.1015,1.827,0.5449,0.3959,0.149,L3
震荡-3买,火箭信号 + 中枢上穿中轴 + 价涨量增,123,0.0641,0.0351,1.826,0.5447,0.3959,0.1488,L3
震荡-3买,火箭信号 + 中枢上穿中轴 + 放量,123,0.0641,0.0351,1.826,0.5447,0.3959,0.1488,L3
震荡-3买,价涨量增 + KDJ低位金叉 + 站上MA34,81,0.0421,0.0232,1.814,0.5432,0.3959,0.1473,L3
震荡-3买,量能递增 + 放量 + KDJ低位金叉,400,0.2075,0.1147,1.809,0.5425,0.3959,0.1466,L3
震荡-3买,放量 + KDJ低位金叉 + 站上MA34,83,0.043,0.0238,1.807,0.5422,0.3959,0.1463,L3
震荡-3买,火箭信号 + 价涨量增 + 量比大于1_3,179,0.0927,0.0514,1.805,0.5419,0.3959,0.146,L3
震荡-3买,放量 + 量比>=1.3,456,0.2361,0.131,1.803,0.5417,0.3959,0.1458,L2
震荡-3买,量比>=1.3 + 量比大于1_3 + 放量,456,0.2361,0.131,1.803,0.5417,0.3959,0.1458,L3
震荡-3买,中枢上穿中轴 + 量比大于1_3 + KDJ低位金叉,85,0.044,0.0244,1.8,0.5412,0.3959,0.1453,L3
震荡-3买,价涨量增 + 量比>=1.3,420,0.217,0.1209,1.795,0.5405,0.3959,0.1446,L2
震荡-3买,量比>=1.3 + 价涨量增 + 量比大于1_3,420,0.217,0.1209,1.795,0.5405,0.3959,0.1446,L3
震荡-3买,量比>=1.3 + 价涨量增 + 放量,420,0.217,0.1209,1.795,0.5405,0.3959,0.1446,L3
震荡-3买,量比>=1.3,511,0.2639,0.1472,1.792,0.5401,0.3959,0.1442,L1
震荡-3买,量比大于1 + 量比>=1.3,511,0.2639,0.1472,1.792,0.5401,0.3959,0.1442,L2
震荡-3买,量比大于1_3 + 量比>=1.3,511,0.2639,0.1472,1.792,0.5401,0.3959,0.1442,L2
震荡-3买,SID等于2 + 量比>=1.3,511,0.2639,0.1472,1.792,0.5401,0.3959,0.1442,L2
震荡-3买,SID小于等于2 + 量比>=1.3,511,0.2639,0.1472,1.792,0.5401,0.3959,0.1442,L2
震荡-3买,量比>=1.3,511,0.2639,0.1472,1.792,0.5401,0.3959,0.1442,L4
震荡-3买,量比>=1.3 + 中枢上穿中轴 + 价涨量增,117,0.0602,0.0338,1.78,0.5385,0.3959,0.1425,L3
震荡-3买,量比大于2 + KDJ_D小于30,461,0.2371,0.1335,1.777,0.538,0.3959,0.142,L2
震荡-3买,量能金叉 + 价涨量增 + KDJ低位金叉,132,0.0679,0.0382,1.776,0.5379,0.3959,0.142,L3
震荡-3买,放量 + 火箭信号,186,0.0956,0.0539,1.774,0.5376,0.3959,0.1417,L2
震荡-3买,KDJ低位金叉 + 量能金叉,147,0.0755,0.0426,1.773,0.5374,0.3959,0.1415,L2
震荡-3买,六脉红灯大于6 + 火箭信号,168,0.086,0.0489,1.761,0.5357,0.3959,0.1398,L2
震荡-3买,六脉6红首发 + 火箭信号,168,0.086,0.0489,1.761,0.5357,0.3959,0.1398,L2
震荡-3买,量比>=1.3 + 相对强弱大于5 + 量能递增,84,0.043,0.0244,1.761,0.5357,0.3959,0.1398,L3
震荡-3买,火箭信号 + 量比大于2 + 价涨量增,127,0.065,0.037,1.759,0.5354,0.3959,0.1395,L3
震荡-3买,KDJ金叉态 + 火箭信号,189,0.0966,0.0551,1.751,0.5344,0.3959,0.1385,L2
震荡-3买,BOLL开口扩张 + 火箭信号,191,0.0975,0.0558,1.749,0.534,0.3959,0.1381,L2
震荡-3买,量比>=1.3 + 中枢上穿中轴 + 放量,118,0.0602,0.0345,1.748,0.5339,0.3959,0.138,L3
震荡-3买,KDJ低位金叉 + 中枢上穿中轴,90,0.0459,0.0263,1.744,0.5333,0.3959,0.1374,L2
震荡-3买,火箭信号 + 相对强弱大于5 + 量能递增,90,0.0459,0.0263,1.744,0.5333,0.3959,0.1374,L3
震荡-3买,火箭信号 + 量比大于1_3 + 放量,184,0.0937,0.0539,1.739,0.5326,0.3959,0.1367,L3
震荡-3买,量比大于1_3 + 火箭信号,188,0.0956,0.0551,1.734,0.5319,0.3959,0.136,L2
震荡-3买,量比大于2 + 中枢进机会区,269,0.1367,0.0789,1.732,0.5316,0.3959,0.1357,L2
震荡-3买,MACD_DIF大于0 + MACD金叉态,158,0.0803,0.0464,1.732,0.5316,0.3959,0.1357,L2
震荡-3买,量比大于2 + BOLL触下轨反弹,431,0.2189,0.1266,1.73,0.5313,0.3959,0.1354,L2
震荡-3买,站上MA5 + 火箭信号,194,0.0985,0.057,1.727,0.5309,0.3959,0.135,L2
震荡-3买,火箭信号 + 量比大于2 + 放量,130,0.066,0.0382,1.726,0.5308,0.3959,0.1349,L3
震荡-3买,RSI6大于50 + 火箭信号,179,0.0908,0.0526,1.726,0.5307,0.3959,0.1348,L2
震荡-3买,六脉红灯大于5 + 火箭信号,181,0.0918,0.0533,1.723,0.5304,0.3959,0.1345,L2
震荡-3买,六脉5红首发 + 火箭信号,181,0.0918,0.0533,1.723,0.5304,0.3959,0.1345,L2
震荡-3买,中枢上穿中轴 + 量比>=1.3,121,0.0612,0.0357,1.713,0.5289,0.3959,0.133,L2
震荡-3买,量比>=1.3 + 中枢上穿中轴 + 量比大于1_3,121,0.0612,0.0357,1.713,0.5289,0.3959,0.133,L3
震荡-3买,火箭信号,195,0.0985,0.0576,1.708,0.5282,0.3959,0.1323,L1
震荡-3买,火箭信号 + SID等于2,195,0.0985,0.0576,1.708,0.5282,0.3959,0.1323,L2
震荡-3买,火箭信号 + SID小于等于2,195,0.0985,0.0576,1.708,0.5282,0.3959,0.1323,L2
震荡-3买,量比大于2 + 火箭信号,131,0.066,0.0388,1.698,0.5267,0.3959,0.1308,L2
震荡-3买,火箭信号 + 量比大于2 + 量比大于1_3,131,0.066,0.0388,1.698,0.5267,0.3959,0.1308,L3
震荡-3买,RSI金叉 + 火箭信号,190,0.0956,0.0564,1.695,0.5263,0.3959,0.1304,L2
震荡-3买,量比大于1 + 火箭信号,192,0.0966,0.057,1.693,0.526,0.3959,0.1301,L2
震荡-3买,量比大于2 + 量能金叉 + 量能递增,255,0.1281,0.0758,1.69,0.5255,0.3959,0.1296,L3
震荡-3买,RSI底背离 + 火箭信号,80,0.0402,0.0238,1.686,0.525,0.3959,0.1291,L2
震荡-3买,火箭信号 + 量比大于2 + 相对强弱大于5,80,0.0402,0.0238,1.686,0.525,0.3959,0.1291,L3
震荡-3买,量能递增 + KDJ低位金叉,435,0.218,0.1297,1.681,0.5241,0.3959,0.1282,L2
震荡-3买,偏多共振 + 中枢进机会区,187,0.0937,0.0558,1.68,0.5241,0.3959,0.1282,L2
震荡-3买,多头共振 + 中枢进机会区,187,0.0937,0.0558,1.68,0.5241,0.3959,0.1282,L2
震荡-3买,站上MA233 + 火箭信号,191,0.0956,0.057,1.677,0.5236,0.3959,0.1276,L2
震荡-3买,站上MA13 + 火箭信号,170,0.0851,0.0508,1.677,0.5235,0.3959,0.1276,L2
震荡-3买,缩量 + 量比>=2,86,0.043,0.0257,1.675,0.5233,0.3959,0.1273,L2
震荡-3买,相对强弱大于5 + 量能递增 + MACD_DIF大于0,111,0.0554,0.0332,1.67,0.5225,0.3959,0.1266,L3
震荡-3买,量比大于2 + RSI6超卖,510,0.2543,0.1529,1.663,0.5216,0.3959,0.1257,L2
震荡-3买,站上MA144 + 量比>=1.3,303,0.1511,0.0909,1.663,0.5215,0.3959,0.1255,L2
震荡-3买,火箭信号 + 价涨量增 + 站上MA34,127,0.0631,0.0382,1.651,0.5197,0.3959,0.1238,L3
震荡-3买,火箭信号 + 相对强弱大于5 + 价涨量增,102,0.0507,0.0307,1.65,0.5196,0.3959,0.1237,L3
震荡-3买,站上MA55 + 火箭信号,133,0.066,0.0401,1.645,0.5188,0.3959,0.1229,L2
震荡-3买,RSI金叉 + 量比>=1.3,403,0.1998,0.1216,1.644,0.5186,0.3959,0.1227,L2
震荡-3买,MACD柱递增 + 火箭信号,189,0.0937,0.057,1.643,0.5185,0.3959,0.1226,L2
震荡-3买,相对强弱大于5 + MACD_DIF大于0 + 多头共振,81,0.0402,0.0244,1.643,0.5185,0.3959,0.1226,L3
震荡-3买,相对强弱大于5 + MACD_DIF大于0 + 偏多共振,81,0.0402,0.0244,1.643,0.5185,0.3959,0.1226,L3
震荡-3买,火箭信号 + 中枢上穿中轴 + 站上MA34,112,0.0554,0.0338,1.639,0.5179,0.3959,0.1219,L3
震荡-3买,极限抄底 + 距60日高点<=0.7,85,0.0421,0.0257,1.637,0.5176,0.3959,0.1217,L4
震荡-3买,空头排列 + 量比>=1.3,288,0.1424,0.0871,1.636,0.5174,0.3959,0.1214,L2
震荡-3买,量比大于1_3 + KDJ低位金叉 + 站上MA34,87,0.043,0.0263,1.635,0.5172,0.3959,0.1213,L3
震荡-3买,站上MA89 + 火箭信号,147,0.0727,0.0445,1.633,0.517,0.3959,0.1211,L2
震荡-3买,KDJ_J超卖 + 火箭信号,180,0.0889,0.0545,1.631,0.5167,0.3959,0.1208,L2
震荡-3买,量比大于2 + 中枢底部回升,517,0.2553,0.1566,1.63,0.5164,0.3959,0.1205,L2
震荡-3买,量比大于2 + 量能金叉,279,0.1377,0.0846,1.628,0.5161,0.3959,0.1202,L2
震荡-3买,量比大于2 + 量能金叉 + 量比大于1_3,279,0.1377,0.0846,1.628,0.5161,0.3959,0.1202,L3
震荡-3买,量比大于2 + 量能金叉 + 放量,279,0.1377,0.0846,1.628,0.5161,0.3959,0.1202,L3
震荡-3买,火箭信号 + 量比大于1_3 + 站上MA34,128,0.0631,0.0388,1.624,0.5156,0.3959,0.1197,L3
震荡-3买,火箭信号 + 放量 + 站上MA34,128,0.0631,0.0388,1.624,0.5156,0.3959,0.1197,L3
震荡-3买,站上MA34 + 火箭信号,134,0.066,0.0407,1.62,0.5149,0.3959,0.119,L2
震荡-3买,站上MA144 + 火箭信号,169,0.0832,0.0514,1.619,0.5148,0.3959,0.1189,L2
震荡-3买,空头排列 + 极限抄底,103,0.0507,0.0313,1.617,0.5146,0.3959,0.1187,L2
震荡-3买,趋势空头 + 极限抄底,103,0.0507,0.0313,1.617,0.5146,0.3959,0.1187,L2
震荡-3买,火箭信号 + 相对强弱大于5 + 放量,103,0.0507,0.0313,1.617,0.5146,0.3959,0.1187,L3
震荡-3买,BOLL收上中轨 + 火箭信号,146,0.0717,0.0445,1.612,0.5137,0.3959,0.1178,L2
震荡-3买,火箭信号 + 量能递增 + 站上MA34,111,0.0545,0.0338,1.611,0.5135,0.3959,0.1176,L3
震荡-3买,火箭信号 + 相对强弱大于0,154,0.0755,0.047,1.607,0.513,0.3959,0.1171,L2
震荡-3买,缩量 + 量比>=1.3,398,0.195,0.1216,1.604,0.5126,0.3959,0.1167,L2
震荡-3买,价涨量增 + 量比大于1_3 + KDJ低位金叉,527,0.2581,0.161,1.603,0.5123,0.3959,0.1164,L3
震荡-3买,上升中回调 + MACD金叉态,84,0.0411,0.0257,1.6,0.5119,0.3959,0.116,L2
震荡-3买,量能金叉 + 量比>=1.0,264,0.1291,0.0808,1.597,0.5114,0.3959,0.1155,L4
震荡-3买,火箭信号 + 量比大于2 + 中枢上穿中轴,92,0.0449,0.0282,1.594,0.5109,0.3959,0.115,L3
震荡-3买,量比大于2 + 量能递增,476,0.2323,0.146,1.591,0.5105,0.3959,0.1146,L2
震荡-3买,量比大于2 + 量能递增 + 量比大于1_3,476,0.2323,0.146,1.591,0.5105,0.3959,0.1146,L3
震荡-3买,量比大于2 + BOLL开口扩张,598,0.2916,0.1836,1.588,0.51,0.3959,0.1141,L2
震荡-3买,趋势空头 + 量比>=1.3,300,0.1463,0.0921,1.588,0.51,0.3959,0.1141,L2
震荡-3买,火箭信号 + 相对强弱大于5,104,0.0507,0.032,1.586,0.5096,0.3959,0.1137,L2
震荡-3买,量比大于2 + 量能递增 + 放量,475,0.2314,0.146,1.585,0.5095,0.3959,0.1136,L3
震荡-3买,KDJ_D小于30 + 量能金叉,263,0.1281,0.0808,1.585,0.5095,0.3959,0.1136,L2
震荡-3买,斐波长多头 + 量比大于2,322,0.1568,0.099,1.584,0.5093,0.3959,0.1134,L2
震荡-3买,中枢进机会区 + 中枢上穿中轴,179,0.087,0.0551,1.578,0.5084,0.3959,0.1125,L2
震荡-3买,站上MA233 + 量比大于2,547,0.2658,0.1685,1.577,0.5082,0.3959,0.1123,L2
震荡-3买,MACD_DIF大于0 + 相对强弱大于5,130,0.0631,0.0401,1.573,0.5077,0.3959,0.1118,L2
震荡-3买,量比大于2 + KDJ金叉态,601,0.2916,0.1855,1.572,0.5075,0.3959,0.1116,L2
震荡-3买,量比大于2 + 量能金叉 + 价涨量增,266,0.1291,0.0821,1.572,0.5075,0.3959,0.1116,L3
震荡-3买,偏多共振 + 中枢底部回升,227,0.1099,0.0702,1.567,0.5066,0.3959,0.1107,L2
震荡-3买,多头共振 + 中枢底部回升,227,0.1099,0.0702,1.567,0.5066,0.3959,0.1107,L2
震荡-3买,火箭信号 + 相对强弱大于5 + 中枢上穿中轴,81,0.0392,0.0251,1.564,0.5062,0.3959,0.1103,L3
震荡-3买,偏多共振 + 相对强弱大于5,83,0.0402,0.0257,1.563,0.506,0.3959,0.1101,L2
震荡-3买,多头共振 + 相对强弱大于5,83,0.0402,0.0257,1.563,0.506,0.3959,0.1101,L2
震荡-3买,相对强弱大于5 + 多头共振 + 偏多共振,83,0.0402,0.0257,1.563,0.506,0.3959,0.1101,L3
震荡-3买,火箭信号 + 相对强弱大于5 + 量比大于1_3,101,0.0488,0.0313,1.556,0.505,0.3959,0.109,L3
震荡-3买,相对强弱大于5 + 中枢上穿中轴 + 量能递增,141,0.0679,0.0439,1.548,0.5035,0.3959,0.1076,L3
震荡-3买,量比大于2 + MACD柱递增,586,0.282,0.1823,1.547,0.5034,0.3959,0.1075,L2
震荡-3买,中枢进机会区 + 量比>=1.0,439,0.2113,0.1366,1.547,0.5034,0.3959,0.1075,L4
震荡-3买,量能金叉 + 中枢极限底,185,0.0889,0.0576,1.542,0.5027,0.3959,0.1068,L2
震荡-3买,量比大于2 + 价涨量缩,406,0.195,0.1266,1.541,0.5025,0.3959,0.1066,L2
震荡-3买,量比大于2 + 量能递增 + 价涨量增,458,0.2199,0.1429,1.539,0.5022,0.3959,0.1063,L3
震荡-3买,量比大于1_3 + 放量 + KDJ低位金叉,604,0.2897,0.1886,1.536,0.5017,0.3959,0.1057,L3
震荡-3买,相对强弱大于5 + 量能递增 + 站上MA34,176,0.0841,0.0551,1.526,0.5,0.3959,0.1041,L3
震荡-3买,空头排列 + 中枢上穿中轴,144,0.0688,0.0451,1.526,0.5,0.3959,0.1041,L2
震荡-3买,相对强弱大于5 + MACD_DIF大于0 + 站上MA34,124,0.0593,0.0388,1.526,0.5,0.3959,0.1041,L3
震荡-3买,MACD_DIF大于0 + 火箭信号,82,0.0392,0.0257,1.526,0.5,0.3959,0.1041,L2
震荡-3买,相对强弱大于5 + 多头共振 + 站上MA34,80,0.0382,0.0251,1.526,0.5,0.3959,0.1041,L3
震荡-3买,相对强弱大于5 + 偏多共振 + 站上MA34,80,0.0382,0.0251,1.526,0.5,0.3959,0.1041,L3
震荡-3买,价涨量增 + KDJ低位金叉,593,0.283,0.1861,1.521,0.4992,0.3959,0.1032,L2
震荡-3买,价涨量增 + 放量 + KDJ低位金叉,593,0.283,0.1861,1.521,0.4992,0.3959,0.1032,L3
震荡-3买,量比大于2 + KDJ_J超卖,573,0.2734,0.1798,1.52,0.4991,0.3959,0.1032,L2
震荡-3买,中枢上穿中轴 + 量能递增 + 量比大于1_3,305,0.1453,0.0959,1.516,0.4984,0.3959,0.1024,L3
震荡-3买,中枢上穿中轴 + 中枢底部回升,269,0.1281,0.0846,1.515,0.4981,0.3959,0.1022,L2
震荡-3买,量能金叉 + 距60日高点<=0.8,185,0.088,0.0583,1.509,0.4973,0.3959,0.1014,L4
震荡-3买,MACD_DIF大于0 + 中枢底部回升,322,0.153,0.1015,1.507,0.4969,0.3959,0.101,L2
震荡-3买,中枢极限底 + 中枢上穿中轴,135,0.0641,0.0426,1.503,0.4963,0.3959,0.1004,L2
震荡-3买,量比大于2,633,0.3002,0.1999,1.502,0.4961,0.3959,0.1001,L1
震荡-3买,量比大于1 + 量比大于2,633,0.3002,0.1999,1.502,0.4961,0.3959,0.1001,L2
震荡-3买,量比大于1_3 + 量比大于2,633,0.3002,0.1999,1.502,0.4961,0.3959,0.1001,L2
震荡-3买,量比大于2 + SID等于2,633,0.3002,0.1999,1.502,0.4961,0.3959,0.1001,L2
震荡-3买,量比大于2 + SID小于等于2,633,0.3002,0.1999,1.502,0.4961,0.3959,0.1001,L2
震荡-3买,站上MA5 + 量比大于2,619,0.2935,0.1955,1.501,0.496,0.3959,0.1,L2
震荡-全样本,极限抄底 + 深跌(距前高>40%) + 量能金叉,97,0.0138,0.0019,7.413,0.8454,0.4244,0.4209,L3
震荡-全样本,极限抄底 + 量能金叉 + 中枢进机会区,124,0.0175,0.0025,7.052,0.8387,0.4244,0.4143,L3
震荡-全样本,极限抄底 + 量比>=1.3 + 中枢极限底,380,0.0532,0.0078,6.823,0.8342,0.4244,0.4098,L3
震荡-全样本,极限抄底 + 量能金叉 + 中枢极限底,232,0.0321,0.0051,6.317,0.8233,0.4244,0.3988,L3
震荡-全样本,极限抄底 + 量比>=1.3 + 量能金叉,217,0.0299,0.0048,6.189,0.8203,0.4244,0.3958,L3
震荡-全样本,极限抄底 + 量比>=1.3 + 量比大于2,345,0.0474,0.0078,6.07,0.8174,0.4244,0.393,L3
震荡-全样本,极限抄底 + 量比>=1.3 + 深跌(距前高>40%),157,0.0215,0.0036,5.985,0.8153,0.4244,0.3908,L3
震荡-全样本,极限抄底 + 量比>=1.3 + KDJ低位金叉,514,0.07,0.012,5.83,0.8113,0.4244,0.3868,L3
震荡-全样本,极限抄底 + 深跌(距前高>40%) + 中枢极限底,186,0.0252,0.0045,5.65,0.8065,0.4244,0.382,L3
震荡-全样本,极限抄底 + 量比大于2 + 中枢极限底,299,0.0405,0.0072,5.635,0.806,0.4244,0.3816,L3
震荡-全样本,极限抄底 + 量比>=1.3 + 量能递增,457,0.0618,0.011,5.607,0.8053,0.4244,0.3808,L3
震荡-全样本,极限抄底 + 量比>=1.3 + 价涨量增,475,0.0638,0.0118,5.424,0.8,0.4244,0.3756,L3
震荡-全样本,极限抄底 + 量能金叉 + KDJ低位金叉,275,0.0369,0.0068,5.424,0.8,0.4244,0.3756,L3
震荡-全样本,极限抄底 + 放量 + 中枢进机会区,293,0.0393,0.0073,5.378,0.7986,0.4244,0.3742,L3
震荡-全样本,极限抄底 + 量比>=1.3 + 放量,530,0.071,0.0133,5.361,0.7981,0.4244,0.3737,L3
震荡-全样本,极限抄底 + 量比>=1.3,573,0.0768,0.0144,5.342,0.7976,0.4244,0.3731,L2
震荡-全样本,极限抄底 + 量比>=1.3 + 量比大于1_3,573,0.0768,0.0144,5.342,0.7976,0.4244,0.3731,L3
震荡-全样本,极限抄底 + 量比>=1.3 + RSI6超卖,573,0.0768,0.0144,5.342,0.7976,0.4244,0.3731,L3
震荡-全样本,极限抄底 + 量比>=1.3,573,0.0768,0.0144,5.342,0.7976,0.4244,0.3731,L4
震荡-全样本,极限抄底 + 价涨量增 + 中枢进机会区,211,0.028,0.0054,5.147,0.7915,0.4244,0.367,L3
震荡-全样本,极限抄底 + 距60日高点<=0.5,95,0.0126,0.0025,5.085,0.7895,0.4244,0.365,L4
震荡-全样本,极限抄底 + 量能金叉 + 量比大于1_3,332,0.044,0.0087,5.076,0.7892,0.4244,0.3647,L3
震荡-全样本,极限抄底 + 中枢极限底 + 中枢进机会区,288,0.0381,0.0076,5.046,0.7882,0.4244,0.3638,L3
震荡-全样本,极限抄底 + 量能递增 + 中枢进机会区,231,0.0306,0.0061,5.037,0.7879,0.4244,0.3634,L3
震荡-全样本,量能金叉 + 极限抄底,337,0.0445,0.0089,4.991,0.7864,0.4244,0.3619,L2
震荡-全样本,极限抄底 + 量能金叉 + RSI6超卖,337,0.0445,0.0089,4.991,0.7864,0.4244,0.3619,L3
震荡-全样本,极限抄底 + 量比>=1.3 + 中枢进机会区,168,0.0222,0.0045,4.972,0.7857,0.4244,0.3613,L3
震荡-全样本,极限抄底 + 价涨量增 + 中枢极限底,488,0.0643,0.013,4.946,0.7848,0.4244,0.3604,L3
震荡-全样本,极限抄底 + 量比大于2 + 中枢进机会区,148,0.0195,0.004,4.916,0.7838,0.4244,0.3593,L3
震荡-全样本,极限抄底 + 深跌(距前高>40%) + 量能递增,231,0.0304,0.0062,4.909,0.7835,0.4244,0.3591,L3
震荡-全样本,极限抄底 + 量能金叉 + 价涨量增,281,0.0369,0.0076,4.891,0.7829,0.4244,0.3585,L3
震荡-全样本,极限抄底 + 量比大于2 + KDJ低位金叉,391,0.0514,0.0105,4.882,0.7826,0.4244,0.3582,L3
震荡-全样本,极限抄底 + 量比>=1.0,830,0.1088,0.0225,4.828,0.7807,0.4244,0.3563,L4
震荡-全样本,极限抄底 + 量能金叉 + 放量,327,0.0428,0.0089,4.803,0.7798,0.4244,0.3554,L3
震荡-全样本,极限抄底 + 量能金叉 + 量能递增,295,0.0386,0.0081,4.798,0.7797,0.4244,0.3552,L3
震荡-全样本,极限抄底 + 深跌(距前高>40%) + 价涨量增,227,0.0297,0.0062,4.8,0.7797,0.4244,0.3553,L3
震荡-全样本,极限抄底 + 深跌(距前高>40%) + 量比大于1_3,244,0.0319,0.0067,4.771,0.7787,0.4244,0.3543,L3
震荡-全样本,极限抄底 + 量比大于2 + 量能递增,394,0.0514,0.0109,4.715,0.7766,0.4244,0.3522,L3
震荡-全样本,极限抄底 + 量比大于1_3 + 中枢进机会区,299,0.039,0.0083,4.696,0.7759,0.4244,0.3515,L3
震荡-全样本,深跌(距前高>40%) + 量能金叉 + KDJ低位金叉,164,0.0213,0.0046,4.655,0.7744,0.4244,0.35,L3
震荡-全样本,深跌(距前高>40%) + 量能金叉 + 中枢极限底,124,0.0161,0.0035,4.649,0.7742,0.4244,0.3498,L3
震荡-全样本,极限抄底 + 深跌(距前高>40%) + 放量,243,0.0316,0.0068,4.635,0.7737,0.4244,0.3492,L3
震荡-全样本,极限抄底 + 量比>=1.3 + BOLL触下轨反弹,369,0.0479,0.0104,4.601,0.7724,0.4244,0.3479,L3
震荡-全样本,大盘安全 + 距60日高点<=0.5,122,0.0158,0.0035,4.552,0.7705,0.4244,0.3461,L4
震荡-全样本,量比>=1.3 + 深跌(距前高>40%) + 中枢极限底,187,0.0242,0.0053,4.541,0.7701,0.4244,0.3456,L3
震荡-全样本,极限抄底 + 量比>=2 + 量能递增,87,0.0113,0.0025,4.543,0.7701,0.4244,0.3457,L3
震荡-全样本,极限抄底 + 量能金叉 + 量比大于2,217,0.028,0.0062,4.529,0.7696,0.4244,0.3451,L3
震荡-全样本,极限抄底 + 中枢极限底 + 放量,616,0.0796,0.0176,4.527,0.7695,0.4244,0.345,L3
震荡-全样本,量比>=1.3 + 深跌(距前高>40%) + BOLL触下轨反弹,243,0.0314,0.0069,4.528,0.7695,0.4244,0.3451,L3
震荡-全样本,极限抄底 + 中枢极限底 + 量比大于1_3,627,0.081,0.018,4.508,0.7687,0.4244,0.3443,L3
震荡-全样本,量比>=1.3 + 深跌(距前高>40%) + 量能递增,268,0.0346,0.0077,4.506,0.7687,0.4244,0.3442,L3
震荡-全样本,极限抄底 + 量比大于2 + 价涨量增,401,0.0517,0.0115,4.491,0.7681,0.4244,0.3436,L3
震荡-全样本,极限抄底 + KDJ低位金叉 + 中枢进机会区,244,0.0314,0.0071,4.449,0.7664,0.4244,0.342,L3
震荡-全样本,极限抄底 + 量比>=2 + KDJ低位金叉,81,0.0104,0.0024,4.425,0.7654,0.4244,0.341,L3
震荡-全样本,极限抄底 + 量比>=1.5,362,0.0465,0.0105,4.419,0.7652,0.4244,0.3408,L4
震荡-全样本,极限抄底 + 价涨量增 + KDJ低位金叉,632,0.0811,0.0185,4.396,0.7642,0.4244,0.3398,L3
震荡-全样本,量比>=1.3 + 深跌(距前高>40%) + 量能金叉,127,0.0163,0.0037,4.385,0.7638,0.4244,0.3393,L3
震荡-全样本,深跌(距前高>40%) + 量能金叉 + 量能递增,169,0.0217,0.005,4.373,0.7633,0.4244,0.3389,L3
震荡-全样本,极限抄底 + 量比大于2 + 放量,455,0.0583,0.0134,4.357,0.7626,0.4244,0.3382,L3
震荡-全样本,极限抄底 + 量能递增 + 中枢极限底,530,0.0679,0.0156,4.348,0.7623,0.4244,0.3378,L3
震荡-全样本,极限抄底 + 中枢极限底 + KDJ低位金叉,600,0.0768,0.0177,4.334,0.7617,0.4244,0.3372,L3
震荡-全样本,量比大于2 + 极限抄底,469,0.06,0.0139,4.322,0.7612,0.4244,0.3368,L2
震荡-全样本,极限抄底 + 量比大于2 + 量比大于1_3,469,0.06,0.0139,4.322,0.7612,0.4244,0.3368,L3
震荡-全样本,极限抄底 + 量比大于2 + RSI6超卖,469,0.06,0.0139,4.322,0.7612,0.4244,0.3368,L3
震荡-全样本,极限抄底 + 量能递增 + 价涨量增,648,0.0828,0.0192,4.313,0.7608,0.4244,0.3364,L3
震荡-全样本,深跌(距前高>40%) + 量能金叉 + 量比大于1_3,183,0.0232,0.0056,4.159,0.7541,0.4244,0.3297,L3
震荡-全样本,极限抄底 + 深跌(距前高>40%) + KDJ低位金叉,260,0.0329,0.0079,4.153,0.7538,0.4244,0.3294,L3
震荡-全样本,量比>=1.3 + 深跌(距前高>40%) + KDJ低位金叉,279,0.0353,0.0085,4.127,0.7527,0.4244,0.3283,L3
震荡-全样本,极限抄底 + 量能递增 + KDJ低位金叉,634,0.0801,0.0194,4.12,0.7524,0.4244,0.3279,L3
震荡-全样本,深跌(距前高>40%) + 量能金叉 + BOLL触下轨反弹,145,0.0183,0.0045,4.106,0.7517,0.4244,0.3273,L3
震荡-全样本,深跌(距前高>40%) + 量能金叉 + RSI6超卖,189,0.0238,0.0058,4.097,0.7513,0.4244,0.3269,L3
震荡-全样本,极限抄底 + KDJ低位金叉 + 量比大于1_3,798,0.1006,0.0246,4.082,0.7506,0.4244,0.3262,L3
震荡-全样本,极限抄底 + 量能递增 + 量比大于1_3,706,0.0888,0.0219,4.053,0.7493,0.4244,0.3249,L3
震荡-全样本,极限抄底 + 价涨量增 + 量比大于1_3,706,0.0888,0.0219,4.053,0.7493,0.4244,0.3249,L3
震荡-全样本,极限抄底 + 放量 + KDJ低位金叉,753,0.0947,0.0234,4.047,0.749,0.4244,0.3246,L3
震荡-全样本,量比>=1.3 + 深跌(距前高>40%) + 量比大于2,123,0.0155,0.0038,4.024,0.748,0.4244,0.3235,L3
震荡-全样本,量比>=1.3 + 深跌(距前高>40%) + 价涨量增,275,0.0344,0.0087,3.971,0.7455,0.4244,0.321,L3
震荡-全样本,极限抄底 + 深跌(距前高>40%) + 量比大于2,110,0.0138,0.0035,3.971,0.7455,0.4244,0.321,L3
震荡-全样本,深跌(距前高>40%) + 火箭信号 + 量能递增,106,0.0133,0.0033,3.968,0.7453,0.4244,0.3208,L3
震荡-全样本,极限抄底 + 中枢进机会区,349,0.0437,0.011,3.962,0.745,0.4244,0.3205,L2
震荡-全样本,极限抄底 + 中枢进机会区 + RSI6超卖,349,0.0437,0.011,3.962,0.745,0.4244,0.3205,L3
震荡-全样本,极限抄底 + 深跌(距前高>40%) + BOLL触下轨反弹,215,0.0269,0.0068,3.945,0.7442,0.4244,0.3197,L3
震荡-全样本,价涨量增 + 极限抄底,741,0.0925,0.0235,3.933,0.7436,0.4244,0.3192,L2
震荡-全样本,极限抄底 + 价涨量增 + 放量,741,0.0925,0.0235,3.933,0.7436,0.4244,0.3192,L3
震荡-全样本,极限抄底 + 价涨量增 + RSI6超卖,741,0.0925,0.0235,3.933,0.7436,0.4244,0.3192,L3
震荡-全样本,量能金叉 + 深跌(距前高>40%),191,0.0238,0.0061,3.93,0.7435,0.4244,0.319,L2
震荡-全样本,量能金叉 + 距60日高点<=0.6,191,0.0238,0.0061,3.93,0.7435,0.4244,0.319,L4
震荡-全样本,极限抄底 + 量能金叉 + BOLL触下轨反弹,179,0.0223,0.0057,3.921,0.743,0.4244,0.3186,L3
震荡-全样本,深跌(距前高>40%) + 量能递增 + KDJ低位金叉,409,0.0509,0.0131,3.876,0.7408,0.4244,0.3164,L3
震荡-全样本,极限抄底 + 放量 + 量比大于1_3,856,0.1065,0.0275,3.873,0.7407,0.4244,0.3162,L3
震荡-全样本,量比>=1.3 + 深跌(距前高>40%) + 放量,285,0.0354,0.0092,3.867,0.7404,0.4244,0.3159,L3
震荡-全样本,深跌(距前高>40%) + 量能金叉 + 放量,181,0.0225,0.0058,3.866,0.7403,0.4244,0.3159,L3
震荡-全样本,极限抄底 + 量能递增 + 放量,758,0.0942,0.0244,3.862,0.7401,0.4244,0.3157,L3
震荡-全样本,量比>=1.3 + 深跌(距前高>40%),303,0.0376,0.0098,3.845,0.7393,0.4244,0.3148,L2
震荡-全样本,量比>=1.3 + 深跌(距前高>40%) + 量比大于1_3,303,0.0376,0.0098,3.845,0.7393,0.4244,0.3148,L3
震荡-全样本,量比>=1.3 + 深跌(距前高>40%) + RSI6超卖,303,0.0376,0.0098,3.845,0.7393,0.4244,0.3148,L3
震荡-全样本,深跌(距前高>40%) + 量能金叉 + 价涨量增,176,0.0218,0.0057,3.832,0.7386,0.4244,0.3142,L3
震荡-全样本,深跌(距前高>40%) + 量能金叉 + 量比大于2,84,0.0104,0.0027,3.822,0.7381,0.4244,0.3137,L3
震荡-全样本,极限抄底 + 中枢极限底,742,0.0919,0.0242,3.804,0.7372,0.4244,0.3128,L2
震荡-全样本,极限抄底 + 中枢极限底 + RSI6超卖,742,0.0919,0.0242,3.804,0.7372,0.4244,0.3128,L3
震荡-全样本,极限抄底 + 量比>=2 + 价涨量增,95,0.0118,0.0031,3.797,0.7368,0.4244,0.3124,L3
震荡-全样本,量能递增 + 极限抄底,782,0.0962,0.0259,3.718,0.7327,0.4244,0.3083,L2
震荡-全样本,极限抄底 + 量能递增 + RSI6超卖,782,0.0962,0.0259,3.718,0.7327,0.4244,0.3083,L3
震荡-全样本,深跌(距前高>40%) + 火箭信号 + 中枢极限底,86,0.0106,0.0028,3.714,0.7326,0.4244,0.3081,L3
震荡-全样本,极限抄底 + 深跌(距前高>40%),290,0.0356,0.0097,3.686,0.731,0.4244,0.3066,L2
震荡-全样本,极限抄底 + 深跌(距前高>40%) + RSI6超卖,290,0.0356,0.0097,3.686,0.731,0.4244,0.3066,L3
震荡-全样本,极限抄底 + 距60日高点<=0.6,290,0.0356,0.0097,3.686,0.731,0.4244,0.3066,L4
震荡-全样本,放量 + 极限抄底,919,0.1127,0.0307,3.669,0.7301,0.4244,0.3057,L2
震荡-全样本,极限抄底 + 放量 + RSI6超卖,919,0.1127,0.0307,3.669,0.7301,0.4244,0.3057,L3
震荡-全样本,极限抄底 + 量比>=2 + 放量,100,0.0123,0.0033,3.666,0.73,0.4244,0.3056,L3
震荡-全样本,量比大于1_3 + 极限抄底,943,0.1156,0.0316,3.659,0.7296,0.4244,0.3051,L2
震荡-全样本,极限抄底 + 量比大于1_3 + RSI6超卖,943,0.1156,0.0316,3.659,0.7296,0.4244,0.3051,L3
震荡-全样本,极限抄底 + 价涨量增 + BOLL触下轨反弹,469,0.0574,0.0157,3.652,0.7292,0.4244,0.3048,L3
震荡-全样本,极限抄底 + 火箭信号 + 价涨量增,98,0.0119,0.0033,3.566,0.7245,0.4244,0.3001,L3
震荡-全样本,深跌(距前高>40%) + 量能递增 + 量比大于1_3,420,0.0511,0.0144,3.554,0.7238,0.4244,0.2994,L3
震荡-全样本,极限抄底 + 量比>=2,101,0.0123,0.0035,3.535,0.7228,0.4244,0.2983,L2
震荡-全样本,极限抄底 + 量比>=1.3 + 量比>=2,101,0.0123,0.0035,3.535,0.7228,0.4244,0.2983,L3
震荡-全样本,极限抄底 + 量比>=2 + 量比大于2,101,0.0123,0.0035,3.535,0.7228,0.4244,0.2983,L3
震荡-全样本,极限抄底 + 量比>=2 + 量比大于1_3,101,0.0123,0.0035,3.535,0.7228,0.4244,0.2983,L3
震荡-全样本,极限抄底 + 量比>=2 + RSI6超卖,101,0.0123,0.0035,3.535,0.7228,0.4244,0.2983,L3
震荡-全样本,极限抄底 + 量比>=2.0,101,0.0123,0.0035,3.535,0.7228,0.4244,0.2983,L4
震荡-全样本,深跌(距前高>40%) + 中枢极限底 + BOLL触下轨反弹,306,0.0369,0.0107,3.469,0.719,0.4244,0.2945,L3
震荡-全样本,深跌(距前高>40%) + 量能递增 + 中枢极限底,320,0.0385,0.0113,3.413,0.7156,0.4244,0.2912,L3
震荡-全样本,极限抄底 + 火箭信号 + 中枢极限底,91,0.0109,0.0032,3.39,0.7143,0.4244,0.2898,L3
震荡-全样本,深跌(距前高>40%) + 量能递增 + BOLL触下轨反弹,380,0.0455,0.0135,3.371,0.7132,0.4244,0.2887,L3
震荡-全样本,深跌(距前高>40%) + 火箭信号 + BOLL触下轨反弹,90,0.0107,0.0032,3.338,0.7111,0.4244,0.2867,L3
震荡-全样本,量比>=1.3 + 量能金叉 + KDJ低位金叉,710,0.0846,0.0255,3.318,0.7099,0.4244,0.2854,L3
震荡-全样本,极限抄底 + 量比大于2 + BOLL触下轨反弹,268,0.0319,0.0097,3.303,0.709,0.4244,0.2845,L3
震荡-全样本,RSI金叉 + 极限抄底,714,0.085,0.0258,3.299,0.7087,0.4244,0.2842,L2
震荡-全样本,深跌(距前高>40%) + 中枢极限底 + KDJ低位金叉,355,0.0422,0.0129,3.273,0.707,0.4244,0.2826,L3
震荡-全样本,极限抄底 + 火箭信号 + 量能递增,102,0.0121,0.0037,3.255,0.7059,0.4244,0.2814,L3
震荡-全样本,深跌(距前高>40%) + 量能递增 + 放量,469,0.0556,0.0171,3.253,0.7058,0.4244,0.2813,L3
震荡-全样本,极限抄底 + 量能递增 + BOLL触下轨反弹,468,0.0554,0.0171,3.243,0.7051,0.4244,0.2807,L3
震荡-全样本,站上MA5 + 极限抄底,1056,0.1246,0.0389,3.204,0.7027,0.4244,0.2782,L2
震荡-全样本,极限抄底 + 放量 + BOLL触下轨反弹,553,0.0652,0.0204,3.189,0.7016,0.4244,0.2772,L3
震荡-全样本,极限抄底 + 量比大于1_3 + BOLL触下轨反弹,583,0.0687,0.0216,3.188,0.7015,0.4244,0.2771,L3
震荡-全样本,极限抄底 + 中枢极限底 + BOLL触下轨反弹,445,0.0524,0.0165,3.181,0.7011,0.4244,0.2767,L3
震荡-全样本,极限抄底 + 火箭信号 + KDJ低位金叉,97,0.0114,0.0036,3.18,0.701,0.4244,0.2766,L3
震荡-全样本,深跌(距前高>40%) + 量能递增 + 价涨量增,437,0.0514,0.0162,3.168,0.7002,0.4244,0.2758,L3
震荡-全样本,深跌(距前高>40%) + 中枢极限底 + 量比大于1_3,333,0.0391,0.0124,3.16,0.6997,0.4244,0.2753,L3
震荡-全样本,量比>=1.3 + 量比大于2 + KDJ低位金叉,963,0.113,0.0359,3.147,0.6989,0.4244,0.2744,L3
震荡-全样本,极限抄底 + 火箭信号 + 放量,109,0.0128,0.0041,3.123,0.6972,0.4244,0.2728,L3
震荡-全样本,量比>=1.3 + 火箭信号 + KDJ低位金叉,208,0.0244,0.0078,3.121,0.6971,0.4244,0.2727,L3
震荡-全样本,深跌(距前高>40%) + 量能递增 + RSI6超卖,493,0.0576,0.0186,3.101,0.6957,0.4244,0.2713,L3
震荡-全样本,量比>=1.3 + 量能金叉 + 中枢极限底,764,0.089,0.029,3.071,0.6937,0.4244,0.2693,L3
震荡-全样本,深跌(距前高>40%) + 火箭信号 + KDJ低位金叉,111,0.0129,0.0042,3.071,0.6937,0.4244,0.2693,L3
震荡-全样本,火箭信号 + 极限抄底,114,0.0133,0.0043,3.061,0.693,0.4244,0.2685,L2
震荡-全样本,极限抄底 + 火箭信号 + RSI6超卖,114,0.0133,0.0043,3.061,0.693,0.4244,0.2685,L3
震荡-全样本,极限抄底 + 火箭信号 + 量比大于1_3,107,0.0124,0.0041,3.041,0.6916,0.4244,0.2672,L3
震荡-全样本,深跌(距前高>40%) + 中枢极限底 + 放量,346,0.0401,0.0133,3.029,0.6908,0.4244,0.2663,L3
震荡-全样本,深跌(距前高>40%) + 量比大于2 + 中枢极限底,113,0.0131,0.0043,3.022,0.6903,0.4244,0.2658,L3
震荡-全样本,深跌(距前高>40%) + 价涨量增 + KDJ低位金叉,428,0.0495,0.0165,3.008,0.6893,0.4244,0.2648,L3
震荡-全样本,量比>=1.3 + 中枢极限底 + KDJ低位金叉,1251,0.1448,0.0482,3.005,0.689,0.4244,0.2646,L3
震荡-全样本,量比>=1.3 + 火箭信号 + 中枢极限底,241,0.0279,0.0093,3.001,0.6888,0.4244,0.2644,L3
震荡-全样本,KDJ低位金叉 + 极限抄底,972,0.1124,0.0375,2.994,0.6883,0.4244,0.2638,L2
震荡-全样本,极限抄底 + KDJ低位金叉 + RSI6超卖,972,0.1124,0.0375,2.994,0.6883,0.4244,0.2638,L3
震荡-全样本,深跌(距前高>40%) + 价涨量增 + BOLL触下轨反弹,372,0.043,0.0144,2.993,0.6882,0.4244,0.2637,L3
震荡-全样本,深跌(距前高>40%) + 量比大于1_3 + BOLL触下轨反弹,404,0.0467,0.0156,2.992,0.6881,0.4244,0.2637,L3
震荡-全样本,深跌(距前高>40%) + 价涨量增 + 中枢极限底,311,0.0359,0.012,2.992,0.6881,0.4244,0.2637,L3
震荡-全样本,深跌(距前高>40%) + 量比大于2 + 量能递增,169,0.0195,0.0066,2.968,0.6864,0.4244,0.262,L3
震荡-全样本,量能递增 + 深跌(距前高>40%),500,0.0576,0.0194,2.963,0.686,0.4244,0.2616,L2
震荡-全样本,KDJ金叉态 + 极限抄底,1047,0.1206,0.0407,2.959,0.6858,0.4244,0.2613,L2
震荡-全样本,极限抄底 + 距60日低点<=1.2,1106,0.1273,0.0431,2.954,0.6854,0.4244,0.2609,L4
震荡-全样本,量比大于1 + 极限抄底,1115,0.1283,0.0435,2.952,0.6852,0.4244,0.2608,L2
震荡-全样本,BOLL开口扩张 + 极限抄底,1147,0.1318,0.0448,2.941,0.6844,0.4244,0.26,L2
震荡-全样本,量比>=1.3 + 量能递增 + KDJ低位金叉,1386,0.1591,0.0544,2.925,0.6833,0.4244,0.2588,L3
震荡-全样本,MACD柱递增 + 极限抄底,1071,0.1224,0.0424,2.891,0.6807,0.4244,0.2562,L2
震荡-全样本,深跌(距前高>40%) + 量比大于2 + KDJ低位金叉,166,0.019,0.0066,2.891,0.6807,0.4244,0.2563,L3
震荡-全样本,斐波短中多头 + 中枢极限底,100,0.0114,0.004,2.882,0.68,0.4244,0.2556,L2
震荡-全样本,深跌(距前高>40%) + 放量 + KDJ低位金叉,468,0.0534,0.0186,2.875,0.6795,0.4244,0.2551,L3
震荡-全样本,极限抄底 + 中枢底部回升,1151,0.1313,0.0457,2.874,0.6794,0.4244,0.255,L2
震荡-全样本,极限抄底,1159,0.1322,0.0461,2.869,0.679,0.4244,0.2546,L1
震荡-全样本,RSI6超卖 + 极限抄底,1159,0.1322,0.0461,2.869,0.679,0.4244,0.2546,L2
震荡-全样本,极限抄底 + SID等于2,1159,0.1322,0.0461,2.869,0.679,0.4244,0.2546,L2
震荡-全样本,极限抄底 + SID小于等于2,1159,0.1322,0.0461,2.869,0.679,0.4244,0.2546,L2
震荡-全样本,KDJ_J超卖 + 极限抄底,1155,0.1317,0.0459,2.866,0.6788,0.4244,0.2544,L2
震荡-全样本,价涨量缩 + 极限抄底,923,0.1051,0.0368,2.858,0.6782,0.4244,0.2538,L2
震荡-全样本,斐波长多头 + MA55上穿MA89,167,0.019,0.0067,2.838,0.6766,0.4244,0.2522,L2
震荡-全样本,深跌(距前高>40%) + 放量 + BOLL触下轨反弹,408,0.0464,0.0163,2.835,0.6765,0.4244,0.252,L3
震荡-全样本,KDJ_D小于30 + 极限抄底,1098,0.1246,0.0441,2.826,0.6758,0.4244,0.2513,L2
震荡-全样本,量比>=1.3 + 量比大于2 + 中枢极限底,949,0.1077,0.0381,2.822,0.6754,0.4244,0.251,L3
震荡-全样本,量能金叉 + 距60日高点<=0.7,467,0.0529,0.0188,2.81,0.6745,0.4244,0.2501,L4
震荡-全样本,深跌(距前高>40%) + 火箭信号 + 价涨量增,110,0.0124,0.0045,2.787,0.6727,0.4244,0.2483,L3
震荡-全样本,量比>=2 + 中枢极限底 + KDJ低位金叉,152,0.0171,0.0062,2.766,0.6711,0.4244,0.2466,L3
震荡-全样本,量比>=1.3 + 火箭信号 + BOLL触下轨反弹,310,0.0349,0.0126,2.765,0.671,0.4244,0.2465,L3
震荡-全样本,深跌(距前高>40%) + KDJ低位金叉 + BOLL触下轨反弹,443,0.0499,0.0181,2.759,0.6704,0.4244,0.246,L3
震荡-全样本,深跌(距前高>40%) + 火箭信号 + 放量,118,0.0133,0.0048,2.747,0.6695,0.4244,0.2451,L3
震荡-全样本,量比>=1.3 + 火箭信号 + RSI6超卖,360,0.0405,0.0147,2.746,0.6694,0.4244,0.245,L3
震荡-全样本,极限抄底 + 距60日高点<=0.7,641,0.0721,0.0263,2.744,0.6693,0.4244,0.2448,L4
震荡-全样本,极限抄底 + 距60日高点<=0.8,1074,0.1204,0.0442,2.724,0.6676,0.4244,0.2432,L4
震荡-全样本,量比>=1.3 + 火箭信号 + 量能递增,358,0.0401,0.0147,2.724,0.6676,0.4244,0.2432,L3
震荡-全样本,量能金叉 + 中枢极限底 + KDJ低位金叉,836,0.0937,0.0344,2.722,0.6675,0.4244,0.243,L3
震荡-全样本,量比>=1.3 + 火箭信号 + 量能金叉,219,0.0245,0.009,2.712,0.6667,0.4244,0.2422,L3
震荡-全样本,深跌(距前高>40%) + 火箭信号 + RSI6超卖,123,0.0138,0.0051,2.712,0.6667,0.4244,0.2422,L3
震荡-全样本,极限抄底 + KDJ低位金叉 + BOLL触下轨反弹,629,0.0704,0.026,2.706,0.6661,0.4244,0.2417,L3
震荡-全样本,深跌(距前高>40%) + KDJ低位金叉 + 量比大于1_3,488,0.0546,0.0202,2.704,0.666,0.4244,0.2415,L3
震荡-全样本,六脉红灯大于5 + 极限抄底,479,0.0534,0.0199,2.678,0.6639,0.4244,0.2394,L2
震荡-全样本,六脉5红首发 + 极限抄底,479,0.0534,0.0199,2.678,0.6639,0.4244,0.2394,L2
震荡-全样本,火箭信号 + 中枢极限底 + KDJ低位金叉,261,0.0291,0.0109,2.666,0.6628,0.4244,0.2384,L3
震荡-全样本,量比>=1.3 + KDJ低位金叉 + BOLL触下轨反弹,1492,0.1659,0.0624,2.658,0.6622,0.4244,0.2378,L3
震荡-全样本,量比>=2 + 量能递增 + KDJ低位金叉,216,0.024,0.009,2.656,0.662,0.4244,0.2376,L3
震荡-全样本,量比>=1.3 + 中枢极限底 + 中枢进机会区,916,0.1018,0.0384,2.651,0.6616,0.4244,0.2371,L3
震荡-全样本,深跌(距前高>40%) + 价涨量增 + 量比大于1_3,464,0.0516,0.0194,2.652,0.6616,0.4244,0.2372,L3
震荡-全样本,空头排列 + 极限抄底,939,0.1043,0.0394,2.648,0.6613,0.4244,0.2369,L2
震荡-全样本,趋势空头 + 极限抄底,939,0.1043,0.0394,2.648,0.6613,0.4244,0.2369,L2
震荡-全样本,量比>=1.3 + KDJ低位金叉 + 中枢进机会区,654,0.0726,0.0275,2.639,0.6606,0.4244,0.2361,L3
震荡-全样本,火箭信号 + 量能递增 + KDJ低位金叉,326,0.0361,0.0137,2.627,0.6595,0.4244,0.2351,L3
震荡-全样本,火箭信号 + 量能金叉 + KDJ低位金叉,164,0.0181,0.0069,2.615,0.6585,0.4244,0.2341,L3
震荡-全样本,极限抄底 + 中枢底部蓄力,1045,0.1156,0.0442,2.613,0.6584,0.4244,0.2339,L2
震荡-全样本,距60日高点<=0.5,158,0.0175,0.0067,2.612,0.6582,0.4244,0.2338,L4
震荡-全样本,量比>=1.3 + 价涨量增 + KDJ低位金叉,1597,0.1764,0.0677,2.603,0.6575,0.4244,0.233,L3
震荡-全样本,MA55上穿MA89 + 中枢极限底 + 中枢进机会区,108,0.0119,0.0046,2.602,0.6574,0.4244,0.233,L3
震荡-全样本,深跌(距前高>40%) + 量比大于2 + BOLL触下轨反弹,140,0.0155,0.0059,2.599,0.6571,0.4244,0.2327,L3
震荡-全样本,火箭信号 + 量比>=1.3,390,0.043,0.0166,2.591,0.6564,0.4244,0.232,L2
震荡-全样本,量比>=1.3 + 火箭信号 + 量比大于1_3,390,0.043,0.0166,2.591,0.6564,0.4244,0.232,L3
震荡-全样本,极限抄底 + 大盘空头,346,0.0381,0.0147,2.587,0.6561,0.4244,0.2316,L2
震荡-全样本,深跌(距前高>40%) + 火箭信号 + 量比大于1_3,119,0.0131,0.0051,2.58,0.6555,0.4244,0.231,L3
震荡-全样本,量比>=1.3 + 火箭信号 + 放量,383,0.0422,0.0163,2.579,0.6554,0.4244,0.2309,L3
震荡-全样本,深跌(距前高>40%) + 放量 + 量比大于1_3,499,0.0549,0.0213,2.578,0.6553,0.4244,0.2309,L3
震荡-全样本,量比>=1.3 + 量能递增 + 中枢极限底,1407,0.1545,0.0603,2.562,0.6539,0.4244,0.2294,L3
震荡-全样本,深跌(距前高>40%) + 价涨量增 + RSI6超卖,497,0.0546,0.0213,2.562,0.6539,0.4244,0.2295,L3
震荡-全样本,火箭信号 + 深跌(距前高>40%),127,0.0139,0.0054,2.558,0.6535,0.4244,0.2291,L2
震荡-全样本,量比>=1.3 + 火箭信号 + 价涨量增,375,0.0411,0.0161,2.556,0.6533,0.4244,0.2289,L3
震荡-全样本,量比>=1.3 + 放量 + KDJ低位金叉,1724,0.1891,0.0741,2.553,0.6531,0.4244,0.2287,L3
震荡-全样本,深跌(距前高>40%) + 中枢极限底 + RSI6超卖,428,0.0469,0.0185,2.539,0.6519,0.4244,0.2274,L3
震荡-全样本,量比>=1.3 + MA55上穿MA89 + RSI6超卖,89,0.0097,0.0038,2.537,0.6517,0.4244,0.2272,L3
震荡-全样本,量比>=1.3 + KDJ低位金叉 + RSI6超卖,1913,0.2093,0.0826,2.533,0.6513,0.4244,0.2269,L3
震荡-全样本,MA55上穿MA89 + 量能递增 + 中枢极限底,106,0.0116,0.0046,2.529,0.6509,0.4244,0.2265,L3
震荡-全样本,量比>=2 + 价涨量增 + KDJ低位金叉,248,0.027,0.0108,2.509,0.6492,0.4244,0.2248,L3
震荡-全样本,火箭信号 + KDJ低位金叉 + BOLL触下轨反弹,302,0.0329,0.0131,2.507,0.649,0.4244,0.2246,L3
震荡-全样本,量比>=1.3 + 量能金叉 + RSI6超卖,1204,0.1312,0.0524,2.504,0.6487,0.4244,0.2242,L3
震荡-全样本,BOLL触下轨反弹 + 极限抄底,720,0.0784,0.0313,2.503,0.6486,0.4244,0.2242,L2
震荡-全样本,极限抄底 + BOLL触下轨反弹 + RSI6超卖,720,0.0784,0.0313,2.503,0.6486,0.4244,0.2242,L3
震荡-全样本,量能金叉 + KDJ低位金叉 + 中枢进机会区,542,0.059,0.0237,2.492,0.6476,0.4244,0.2232,L3
震荡-全样本,深跌(距前高>40%) + 放量 + RSI6超卖,550,0.0598,0.024,2.488,0.6473,0.4244,0.2228,L3
震荡-全样本,缩量 + 极限抄底,886,0.0962,0.0388,2.483,0.6467,0.4244,0.2223,L2
震荡-全样本,量比大于2 + 中枢极限底 + KDJ低位金叉,1040,0.1129,0.0456,2.476,0.6462,0.4244,0.2217,L3
震荡-全样本,KDJ低位金叉 + 量比>=1.3,1939,0.2103,0.0851,2.471,0.6457,0.4244,0.2213,L2
震荡-全样本,量比>=1.3 + KDJ低位金叉 + 量比大于1_3,1939,0.2103,0.0851,2.471,0.6457,0.4244,0.2213,L3
震荡-全样本,价涨量增 + 深跌(距前高>40%),508,0.0551,0.0223,2.471,0.6457,0.4244,0.2212,L2
震荡-全样本,深跌(距前高>40%) + 价涨量增 + 放量,508,0.0551,0.0223,2.471,0.6457,0.4244,0.2212,L3
震荡-全样本,量比>=1.3 + 中枢极限底 + RSI6超卖,1798,0.1947,0.0791,2.46,0.6446,0.4244,0.2202,L3
震荡-全样本,量比>=1.3 + 火箭信号 + 中枢进机会区,146,0.0158,0.0064,2.451,0.6438,0.4244,0.2194,L3
震荡-全样本,大盘空头 + 深跌(距前高>40%),460,0.0497,0.0203,2.448,0.6435,0.4244,0.219,L2
震荡-全样本,量比>=1.3 + 量比大于2 + RSI6超卖,1511,0.1631,0.0669,2.438,0.6426,0.4244,0.2182,L3
震荡-全样本,量比>=1.3 + 价涨量增 + 中枢极限底,1562,0.1685,0.0692,2.433,0.6421,0.4244,0.2177,L3
震荡-全样本,量能金叉 + 量比大于2 + KDJ低位金叉,732,0.0788,0.0326,2.418,0.6407,0.4244,0.2163,L3
震荡-全样本,中枢极限底 + 深跌(距前高>40%),439,0.0472,0.0196,2.412,0.6401,0.4244,0.2157,L2
震荡-全样本,放量 + 深跌(距前高>40%),561,0.0603,0.025,2.41,0.6399,0.4244,0.2155,L2
震荡-全样本,量比>=1.3 + 中枢极限底 + 放量,1691,0.1814,0.0757,2.397,0.6387,0.4244,0.2142,L3
震荡-全样本,深跌(距前高>40%) + 量比大于2 + 放量,191,0.0205,0.0085,2.398,0.6387,0.4244,0.2143,L3
震荡-全样本,量能金叉 + KDJ低位金叉 + RSI6超卖,1233,0.1322,0.0552,2.393,0.6383,0.4244,0.2138,L3
震荡-全样本,中枢极限底 + 量比>=1.3,1841,0.1972,0.0826,2.387,0.6377,0.4244,0.2133,L2
震荡-全样本,量比>=1.3 + 中枢极限底 + 量比大于1_3,1841,0.1972,0.0826,2.387,0.6377,0.4244,0.2133,L3
震荡-全样本,量比>=2 + KDJ低位金叉 + BOLL触下轨反弹,207,0.0222,0.0093,2.387,0.6377,0.4244,0.2132,L3
震荡-全样本,量比>=1.3 + 中枢极限底 + BOLL触下轨反弹,1425,0.1525,0.064,2.382,0.6372,0.4244,0.2128,L3
震荡-全样本,深跌(距前高>40%) + 量比大于1_3 + RSI6超卖,553,0.0591,0.0249,2.375,0.6365,0.4244,0.2121,L3
震荡-全样本,极限抄底 + 大盘安全,429,0.0459,0.0193,2.373,0.6364,0.4244,0.2119,L2
震荡-全样本,S-极限抄底反弹［极限抄底 + 大盘安全］,429,0.0459,0.0193,2.373,0.6364,0.4244,0.2119,L5
震荡-全样本,量比>=2 + 放量 + KDJ低位金叉,257,0.0274,0.0116,2.351,0.6342,0.4244,0.2098,L3
震荡-全样本,深跌(距前高>40%) + 量比大于2 + 价涨量增,180,0.0191,0.0082,2.342,0.6333,0.4244,0.2089,L3
震荡-全样本,量比大于2 + 深跌(距前高>40%),193,0.0205,0.0088,2.33,0.6321,0.4244,0.2077,L2
震荡-全样本,深跌(距前高>40%) + 量比大于2 + 量比大于1_3,193,0.0205,0.0088,2.33,0.6321,0.4244,0.2077,L3
震荡-全样本,量比大于1_3 + 深跌(距前高>40%),562,0.0596,0.0256,2.326,0.6317,0.4244,0.2072,L2
震荡-全样本,深跌(距前高>40%) + BOLL触下轨反弹 + RSI6超卖,513,0.0544,0.0234,2.325,0.6316,0.4244,0.2071,L3
震荡-全样本,量比>=2 + KDJ低位金叉 + 中枢进机会区,84,0.0089,0.0038,2.318,0.631,0.4244,0.2065,L3
震荡-全样本,极限抄底 + 距前低<=10%,750,0.0794,0.0343,2.316,0.6307,0.4244,0.2062,L2
震荡-全样本,极限抄底 + 距60日低点<=1.1,750,0.0794,0.0343,2.316,0.6307,0.4244,0.2062,L4
震荡-全样本,量比大于2 + 量能递增 + KDJ低位金叉,1315,0.1392,0.0602,2.313,0.6304,0.4244,0.206,L3
震荡-全样本,量能金叉 + 量比>=1.3,1312,0.1389,0.0601,2.312,0.6303,0.4244,0.2059,L2
震荡-全样本,量比>=1.3 + 量能金叉 + 量比大于1_3,1312,0.1389,0.0601,2.312,0.6303,0.4244,0.2059,L3
震荡-全样本,量能金叉 + 量比>=1.3,1312,0.1389,0.0601,2.312,0.6303,0.4244,0.2059,L4
震荡-全样本,深跌(距前高>40%) + 量比大于2 + RSI6超卖,192,0.0203,0.0088,2.311,0.6302,0.4244,0.2058,L3
震荡-全样本,火箭信号 + 中枢极限底 + BOLL触下轨反弹,392,0.0415,0.018,2.31,0.6301,0.4244,0.2057,L3
震荡-全样本,KDJ低位金叉 + 量比>=2,262,0.0277,0.012,2.307,0.6298,0.4244,0.2053,L2
震荡-全样本,量比>=1.3 + 量比>=2 + KDJ低位金叉,262,0.0277,0.012,2.307,0.6298,0.4244,0.2053,L3
震荡-全样本,量比>=2 + 量比大于2 + KDJ低位金叉,262,0.0277,0.012,2.307,0.6298,0.4244,0.2053,L3
震荡-全样本,量比>=2 + KDJ低位金叉 + 量比大于1_3,262,0.0277,0.012,2.307,0.6298,0.4244,0.2053,L3
震荡-全样本,量能金叉 + KDJ低位金叉 + BOLL触下轨反弹,956,0.1011,0.0438,2.306,0.6297,0.4244,0.2053,L3
震荡-全样本,量比大于2 + KDJ低位金叉 + 中枢进机会区,599,0.0633,0.0275,2.303,0.6294,0.4244,0.2049,L3
震荡-全样本,量比>=1.3 + 量能递增 + RSI6超卖,2266,0.2395,0.104,2.302,0.6293,0.4244,0.2049,L3
震荡-全样本,量比大于2 + MA55上穿MA89 + RSI6超卖,97,0.0102,0.0045,2.298,0.6289,0.4244,0.2044,L3
震荡-全样本,大盘安全 + 深跌(距前高>40%),525,0.0554,0.0242,2.295,0.6286,0.4244,0.2041,L2
震荡-全样本,大盘安全 + 距60日高点<=0.6,525,0.0554,0.0242,2.295,0.6286,0.4244,0.2041,L4
震荡-全样本,量比>=1.3 + 量比大于2 + 量能递增,1429,0.1508,0.0658,2.293,0.6284,0.4244,0.204,L3
震荡-全样本,量比>=1.3 + 量能金叉 + 中枢进机会区,648,0.0684,0.0298,2.29,0.6281,0.4244,0.2036,L3
震荡-全样本,MA55上穿MA89 + 中枢极限底 + 放量,118,0.0124,0.0054,2.281,0.6271,0.4244,0.2027,L3
震荡-全样本,量能金叉 + KDJ低位金叉 + 量比大于1_3,1236,0.1302,0.0571,2.28,0.627,0.4244,0.2026,L3
震荡-全样本,量比>=2 + KDJ低位金叉 + RSI6超卖,260,0.0274,0.012,2.279,0.6269,0.4244,0.2025,L3
震荡-全样本,量比>=1.3 + 量能金叉 + 放量,1291,0.1359,0.0597,2.276,0.6266,0.4244,0.2022,L3
震荡-全样本,量比大于2 + 量比>=1.3,1626,0.171,0.0753,2.271,0.6261,0.4244,0.2016,L2
震荡-全样本,量比>=1.3 + 量比大于2 + 量比大于1_3,1626,0.171,0.0753,2.271,0.6261,0.4244,0.2016,L3
震荡-全样本,量比>=1.3 + 量比大于2 + 中枢进机会区,690,0.0726,0.032,2.271,0.6261,0.4244,0.2017,L3
震荡-全样本,量比>=1.3 + 量能金叉 + 价涨量增,1229,0.1292,0.057,2.267,0.6257,0.4244,0.2013,L3
震荡-全样本,量比>=1.3 + 火箭信号 + 量比大于2,259,0.0272,0.012,2.265,0.6255,0.4244,0.201,L3
震荡-全样本,量比>=1.3 + 量比大于2 + BOLL触下轨反弹,1265,0.1329,0.0587,2.263,0.6253,0.4244,0.2009,L3
震荡-全样本,量比>=1.3 + 量比大于2 + 放量,1593,0.1673,0.0739,2.262,0.6252,0.4244,0.2008,L3
震荡-全样本,量比>=1.3 + 量能金叉 + BOLL触下轨反弹,1038,0.109,0.0482,2.262,0.6252,0.4244,0.2008,L3
震荡-全样本,火箭信号 + KDJ低位金叉 + RSI6超卖,392,0.0411,0.0182,2.26,0.625,0.4244,0.2006,L3
震荡-全样本,KDJ_J超卖 + 二连板,80,0.0084,0.0037,2.26,0.625,0.4244,0.2006,L2
震荡-全样本,量比>=1.3 + 量能金叉 + 量能递增,1210,0.127,0.0562,2.258,0.6248,0.4244,0.2004,L3
震荡-全样本,BOLL触下轨反弹 + 深跌(距前高>40%),519,0.0544,0.0242,2.253,0.6243,0.4244,0.1998,L2
震荡-全样本,量能金叉 + 量能递增 + KDJ低位金叉,1097,0.1149,0.0512,2.246,0.6235,0.4244,0.1991,L3
震荡-全样本,量比>=1.3 + 量能金叉 + 量比大于2,900,0.0942,0.042,2.244,0.6233,0.4244,0.1989,L3
震荡-全样本,KDJ低位金叉 + 量能金叉,1290,0.1347,0.0604,2.229,0.6217,0.4244,0.1973,L2
震荡-全样本,量能金叉 + 价涨量增 + KDJ低位金叉,1126,0.1176,0.0528,2.228,0.6217,0.4244,0.1972,L3
震荡-全样本,火箭信号 + 量比>=2 + 量能递增,103,0.0107,0.0048,2.225,0.6214,0.4244,0.1969,L3
震荡-全样本,量能金叉 + 量比>=2 + KDJ低位金叉,124,0.0129,0.0058,2.222,0.621,0.4244,0.1965,L3
震荡-全样本,极限抄底 + 大盘5日上涨,443,0.0462,0.0208,2.22,0.6208,0.4244,0.1963,L2
震荡-全样本,量比>=1.3 + 量比大于2 + 价涨量增,1516,0.1579,0.0713,2.213,0.6201,0.4244,0.1956,L3
震荡-全样本,极限抄底 + 中枢进机会区 + BOLL触下轨反弹,171,0.0178,0.0081,2.211,0.6199,0.4244,0.1954,L3
震荡-全样本,火箭信号 + KDJ低位金叉 + 中枢进机会区,113,0.0118,0.0053,2.208,0.6195,0.4244,0.195,L3
震荡-全样本,量能金叉 + 中枢极限底 + 中枢进机会区,914,0.0951,0.0431,2.206,0.6193,0.4244,0.1948,L3
震荡-全样本,量能金叉 + 中枢极限底 + RSI6超卖,1443,0.15,0.0681,2.202,0.6188,0.4244,0.1944,L3
震荡-全样本,量能金叉 + 放量 + KDJ低位金叉,1246,0.1295,0.0588,2.201,0.6188,0.4244,0.1943,L3
震荡-全样本,火箭信号 + 中枢极限底 + RSI6超卖,485,0.0504,0.0229,2.199,0.6186,0.4244,0.1941,L3
震荡-全样本,量比>=1.3 + 量能递增 + 价涨量增,2346,0.2437,0.1108,2.198,0.6185,0.4244,0.1941,L3
震荡-全样本,偏多共振 + 中枢极限底,432,0.0448,0.0204,2.194,0.6181,0.4244,0.1936,L2
震荡-全样本,多头共振 + 中枢极限底,432,0.0448,0.0204,2.194,0.6181,0.4244,0.1936,L2
震荡-全样本,火箭信号 + 量能金叉 + 量比>=2,81,0.0084,0.0038,2.187,0.6173,0.4244,0.1928,L3
震荡-全样本,价涨量缩 + 量比>=1.3,1841,0.1908,0.0873,2.185,0.6171,0.4244,0.1926,L2
震荡-全样本,MA55上穿MA89 + 偏多共振,86,0.0089,0.0041,2.178,0.6163,0.4244,0.1918,L2
震荡-全样本,MA55上穿MA89 + 多头共振,86,0.0089,0.0041,2.178,0.6163,0.4244,0.1918,L2
震荡-全样本,MA55上穿MA89 + 中枢进机会区 + RSI6超卖,164,0.017,0.0078,2.174,0.6159,0.4244,0.1914,L3
震荡-全样本,RSI6大于50 + 极限抄底,138,0.0143,0.0066,2.175,0.6159,0.4244,0.1915,L2
震荡-全样本,大盘5日上涨 + 深跌(距前高>40%),536,0.0554,0.0255,2.172,0.6157,0.4244,0.1912,L2
震荡-全样本,KDJ_D小于30 + 量比>=1.3,2518,0.2602,0.12,2.168,0.6152,0.4244,0.1907,L2
震荡-全样本,火箭信号 + 放量 + KDJ低位金叉,386,0.0398,0.0185,2.157,0.614,0.4244,0.1896,L3
震荡-全样本,量比>=1.3 + 价涨量增 + RSI6超卖,2524,0.2597,0.1211,2.144,0.6125,0.4244,0.1881,L3
震荡-全样本,MA55上穿MA89 + 量比>=1.3,98,0.0101,0.0047,2.141,0.6122,0.4244,0.1878,L2
震荡-全样本,量比>=1.3 + MA55上穿MA89 + 量比大于1_3,98,0.0101,0.0047,2.141,0.6122,0.4244,0.1878,L3
震荡-全样本,MA55上穿MA89 + 中枢极限底 + 量比大于1_3,116,0.0119,0.0056,2.14,0.6121,0.4244,0.1876,L3
震荡-全样本,火箭信号 + KDJ低位金叉 + 量比大于1_3,389,0.04,0.0187,2.137,0.6118,0.4244,0.1874,L3
震荡-全样本,量能金叉 + 量比>=1.5,878,0.0902,0.0422,2.136,0.6116,0.4244,0.1872,L4
震荡-全样本,量能金叉 + 距60日高点<=0.8,1330,0.1365,0.064,2.132,0.6113,0.4244,0.1868,L4
震荡-全样本,量能递增 + 量比>=1.3,2460,0.2524,0.1185,2.13,0.611,0.4244,0.1865,L2
震荡-全样本,量比>=1.3 + 量能递增 + 量比大于1_3,2460,0.2524,0.1185,2.13,0.611,0.4244,0.1865,L3
震荡-全样本,量比>=1.3 + 量能递增 + 放量,2457,0.2521,0.1184,2.129,0.6109,0.4244,0.1865,L3
震荡-全样本,量比>=1.3 + BOLL触下轨反弹 + RSI6超卖,2374,0.2435,0.1144,2.128,0.6108,0.4244,0.1863,L3
震荡-全样本,量比>=1.3 + 中枢进机会区 + RSI6超卖,1279,0.1312,0.0617,2.127,0.6106,0.4244,0.1862,L3
震荡-全样本,MA55上穿MA89 + 量能递增 + 中枢进机会区,118,0.0121,0.0057,2.123,0.6102,0.4244,0.1857,L3
震荡-全样本,火箭信号 + 价涨量增 + KDJ低位金叉,364,0.0373,0.0176,2.12,0.6099,0.4244,0.1855,L3
震荡-全样本,量能金叉 + 量比大于2 + 中枢极限底,919,0.0941,0.0445,2.115,0.6094,0.4244,0.1849,L3
震荡-全样本,量比>=1.3 + MA55上穿MA89 + 放量,87,0.0089,0.0042,2.114,0.6092,0.4244,0.1848,L3
震荡-全样本,量比大于2 + KDJ低位金叉 + RSI6超卖,1632,0.1668,0.0791,2.107,0.6085,0.4244,0.184,L3
震荡-全样本,量比大于2 + KDJ低位金叉 + BOLL触下轨反弹,1213,0.124,0.0588,2.107,0.6084,0.4244,0.184,L3
震荡-全样本,KDJ低位金叉 + 火箭信号,411,0.042,0.0199,2.106,0.6083,0.4244,0.1838,L2
震荡-全样本,量比>=1.3 + 量能递增 + BOLL触下轨反弹,1997,0.2039,0.097,2.103,0.6079,0.4244,0.1835,L3
震荡-全样本,二连板,84,0.0086,0.0041,2.096,0.6071,0.4244,0.1827,L1
震荡-全样本,站上MA5 + 二连板,84,0.0086,0.0041,2.096,0.6071,0.4244,0.1827,L2
震荡-全样本,量比大于1 + 二连板,84,0.0086,0.0041,2.096,0.6071,0.4244,0.1827,L2
震荡-全样本,MACD柱递增 + 二连板,84,0.0086,0.0041,2.096,0.6071,0.4244,0.1827,L2
震荡-全样本,BOLL开口扩张 + 二连板,84,0.0086,0.0041,2.096,0.6071,0.4244,0.1827,L2
震荡-全样本,KDJ金叉态 + 二连板,84,0.0086,0.0041,2.096,0.6071,0.4244,0.1827,L2
震荡-全样本,RSI金叉 + 二连板,84,0.0086,0.0041,2.096,0.6071,0.4244,0.1827,L2
震荡-全样本,火箭信号 + 二连板,84,0.0086,0.0041,2.096,0.6071,0.4244,0.1827,L2
震荡-全样本,二连板 + SID等于2,84,0.0086,0.0041,2.096,0.6071,0.4244,0.1827,L2
震荡-全样本,二连板 + SID小于等于2,84,0.0086,0.0041,2.096,0.6071,0.4244,0.1827,L2
震荡-全样本,MA55上穿MA89 + 量能递增 + RSI6超卖,173,0.0176,0.0084,2.094,0.6069,0.4244,0.1825,L3
震荡-全样本,量能金叉 + 中枢极限底 + 量比大于1_3,1470,0.1498,0.0716,2.093,0.6068,0.4244,0.1824,L3
震荡-全样本,量比>=1.3 + 放量 + RSI6超卖,2741,0.2793,0.1335,2.092,0.6067,0.4244,0.1823,L3
震荡-全样本,量能金叉 + 量比>=1.0,2020,0.2056,0.0986,2.085,0.6059,0.4244,0.1815,L4
震荡-全样本,火箭信号 + 量比>=2 + 放量,109,0.0111,0.0053,2.081,0.6055,0.4244,0.1811,L3
震荡-全样本,RSI金叉 + 深跌(距前高>40%),598,0.0608,0.0292,2.08,0.6054,0.4244,0.1809,L2
震荡-全样本,火箭信号 + 量能递增 + 中枢极限底,456,0.0464,0.0223,2.079,0.6053,0.4244,0.1808,L3
震荡-全样本,RSI6超卖 + 量比>=1.3,2979,0.3028,0.1457,2.079,0.6052,0.4244,0.1808,L2
震荡-全样本,量比>=1.3 + 量比大于1_3 + RSI6超卖,2979,0.3028,0.1457,2.079,0.6052,0.4244,0.1808,L3
震荡-全样本,中枢底部回升 + 量比>=1.3,2908,0.2951,0.1426,2.07,0.6042,0.4244,0.1798,L2
震荡-全样本,火箭信号 + 中枢极限底,518,0.0526,0.0254,2.07,0.6042,0.4244,0.1798,L2
震荡-全样本,深跌(距前高>40%) + KDJ低位金叉 + RSI6超卖,632,0.064,0.0311,2.058,0.6028,0.4244,0.1784,L3
震荡-全样本,火箭信号 + 中枢极限底 + 量比大于1_3,483,0.0489,0.0238,2.055,0.6025,0.4244,0.178,L3
震荡-全样本,量比>=1.3 + 量能递增 + 中枢进机会区,1021,0.1033,0.0503,2.054,0.6024,0.4244,0.1779,L3
震荡-全样本,放量 + 二连板,83,0.0084,0.0041,2.055,0.6024,0.4244,0.178,L2
震荡-全样本,六脉红灯大于5 + 二连板,83,0.0084,0.0041,2.055,0.6024,0.4244,0.178,L2
震荡-全样本,六脉5红首发 + 二连板,83,0.0084,0.0041,2.055,0.6024,0.4244,0.178,L2
震荡-全样本,量比>=1.3 + 价涨量增 + BOLL触下轨反弹,2175,0.22,0.1071,2.054,0.6023,0.4244,0.1779,L3
震荡-全样本,量能递增 + 中枢极限底 + KDJ低位金叉,1953,0.1975,0.0962,2.052,0.6022,0.4244,0.1777,L3
震荡-全样本,MA55上穿MA89 + 量比大于2,108,0.0109,0.0053,2.05,0.6019,0.4244,0.1774,L2
震荡-全样本,量比大于2 + MA55上穿MA89 + 量比大于1_3,108,0.0109,0.0053,2.05,0.6019,0.4244,0.1774,L3
震荡-全样本,火箭信号 + 中枢极限底 + 放量,494,0.0499,0.0244,2.044,0.6012,0.4244,0.1768,L3
震荡-全样本,MA55上穿MA89 + 中枢极限底 + RSI6超卖,163,0.0165,0.0081,2.045,0.6012,0.4244,0.1768,L3
震荡-全样本,量能金叉 + 价涨量增 + 中枢极限底,1325,0.1337,0.0655,2.041,0.6008,0.4244,0.1763,L3
震荡-全样本,量比大于2 + 价涨量增 + KDJ低位金叉,1524,0.1537,0.0754,2.037,0.6004,0.4244,0.176,L3
震荡-全样本,火箭信号 + 量比>=2,110,0.0111,0.0054,2.034,0.6,0.4244,0.1756,L2
震荡-全样本,量比>=1.3 + 火箭信号 + 量比>=2,110,0.0111,0.0054,2.034,0.6,0.4244,0.1756,L3
震荡-全样本,火箭信号 + 量比>=2 + 量比大于2,110,0.0111,0.0054,2.034,0.6,0.4244,0.1756,L3
震荡-全样本,火箭信号 + 量比>=2 + 量比大于1_3,110,0.0111,0.0054,2.034,0.6,0.4244,0.1756,L3
震荡-全样本,量比大于2 + MA55上穿MA89 + 放量,105,0.0106,0.0052,2.034,0.6,0.4244,0.1756,L3
震荡-全样本,火箭信号 + 量比>=2 + BOLL触下轨反弹,85,0.0086,0.0042,2.034,0.6,0.4244,0.1756,L3
震荡-全样本,量比大于1_3 + 二连板,80,0.0081,0.004,2.034,0.6,0.4244,0.1756,L2
震荡-全样本,量能递增 + 二连板,80,0.0081,0.004,2.034,0.6,0.4244,0.1756,L2
震荡-全样本,量能金叉 + 中枢极限底,1534,0.1545,0.076,2.032,0.5997,0.4244,0.1753,L2
震荡-全样本,量能金叉 + 中枢极限底 + BOLL触下轨反弹,1128,0.1135,0.056,2.028,0.5993,0.4244,0.1749,L3
震荡-全样本,火箭信号 + 中枢极限底 + 中枢进机会区,237,0.0238,0.0118,2.027,0.5992,0.4244,0.1747,L3
震荡-全样本,KDJ低位金叉 + 深跌(距前高>40%),641,0.0645,0.0318,2.026,0.5991,0.4244,0.1746,L2
震荡-全样本,火箭信号 + 量比>=2 + 价涨量增,107,0.0107,0.0053,2.018,0.5981,0.4244,0.1737,L3
震荡-全样本,量比大于2 + 放量 + KDJ低位金叉,1666,0.1673,0.083,2.016,0.5978,0.4244,0.1734,L3
震荡-全样本,量比大于2 + KDJ低位金叉,1705,0.1711,0.085,2.014,0.5977,0.4244,0.1732,L2
震荡-全样本,量比大于2 + KDJ低位金叉 + 量比大于1_3,1705,0.1711,0.085,2.014,0.5977,0.4244,0.1732,L3
震荡-全样本,火箭信号 + 量能递增 + RSI6超卖,695,0.0697,0.0347,2.01,0.5971,0.4244,0.1727,L3
震荡-全样本,量能金叉 + 中枢极限底 + 放量,1493,0.1496,0.0746,2.007,0.5968,0.4244,0.1723,L3
震荡-全样本,MACD柱递增 + 量比>=1.3,3015,0.3021,0.1506,2.006,0.5967,0.4244,0.1722,L2
震荡-全样本,BOLL开口扩张 + 量比>=1.3,3111,0.3117,0.1554,2.005,0.5966,0.4244,0.1722,L2
震荡-全样本,量比>=1.3 + 价涨量增 + 中枢进机会区,1125,0.1127,0.0562,2.004,0.5964,0.4244,0.172,L3
震荡-全样本,斐波长多头 + 极限抄底,363,0.0363,0.0182,1.993,0.595,0.4244,0.1706,L2
震荡-全样本,量比>=1.3 + 放量 + 中枢进机会区,1246,0.1245,0.0625,1.99,0.5947,0.4244,0.1703,L3
震荡-全样本,KDJ_J超卖 + 量比>=1.3,3001,0.2995,0.1509,1.985,0.5941,0.4244,0.1697,L2
震荡-全样本,火箭信号 + BOLL触下轨反弹 + RSI6超卖,611,0.061,0.0307,1.985,0.5941,0.4244,0.1697,L3
震荡-全样本,中枢进机会区 + 量比>=1.3,1357,0.1352,0.0684,1.978,0.5932,0.4244,0.1688,L2
震荡-全样本,量比>=1.3 + 量比大于1_3 + 中枢进机会区,1357,0.1352,0.0684,1.978,0.5932,0.4244,0.1688,L3
震荡-全样本,中枢进机会区 + 量比>=1.3,1357,0.1352,0.0684,1.978,0.5932,0.4244,0.1688,L4
震荡-全样本,S-中枢机会区［中枢进机会区 + 量比>=1.3］,1357,0.1352,0.0684,1.978,0.5932,0.4244,0.1688,L5
震荡-全样本,火箭信号 + 价涨量增 + 中枢极限底,472,0.047,0.0238,1.978,0.5932,0.4244,0.1688,L3
震荡-全样本,量能递增 + 价涨量增 + KDJ低位金叉,2631,0.2618,0.1328,1.972,0.5926,0.4244,0.1681,L3
震荡-全样本,量能递增 + KDJ低位金叉 + 量比大于1_3,2631,0.2618,0.1328,1.972,0.5926,0.4244,0.1681,L3
震荡-全样本,MA55上穿MA89 + 放量 + 中枢进机会区,135,0.0134,0.0068,1.972,0.5926,0.4244,0.1682,L3
震荡-全样本,价涨量增 + 量比>=1.3,2746,0.2733,0.1386,1.972,0.5925,0.4244,0.1681,L2
震荡-全样本,量比>=1.3 + 价涨量增 + 放量,2746,0.2733,0.1386,1.972,0.5925,0.4244,0.1681,L3
震荡-全样本,量比>=1.3 + 价涨量增 + 量比大于1_3,2746,0.2733,0.1386,1.972,0.5925,0.4244,0.1681,L3
震荡-全样本,BOLL触下轨反弹 + 量比>=1.3,2549,0.2536,0.1287,1.971,0.5924,0.4244,0.168,L2
震荡-全样本,量比>=1.3 + 量比大于1_3 + BOLL触下轨反弹,2549,0.2536,0.1287,1.971,0.5924,0.4244,0.168,L3
震荡-全样本,空头排列 + 火箭信号,564,0.0561,0.0285,1.969,0.5922,0.4244,0.1678,L2
震荡-全样本,量能金叉 + 量比>=2 + 中枢极限底,164,0.0163,0.0083,1.963,0.5915,0.4244,0.167,L3
震荡-全样本,火箭信号 + 量能金叉 + BOLL触下轨反弹,308,0.0306,0.0156,1.959,0.5909,0.4244,0.1665,L3
震荡-全样本,中枢底部蓄力 + 量比>=1.3,2334,0.2316,0.1183,1.958,0.5908,0.4244,0.1664,L2
震荡-全样本,KDJ金叉态 + 量比>=1.3,3076,0.305,0.1561,1.954,0.5904,0.4244,0.1659,L2
震荡-全样本,量能金叉 + MA55上穿MA89 + RSI6超卖,83,0.0082,0.0042,1.954,0.5904,0.4244,0.1659,L3
震荡-全样本,量比大于2 + MA55上穿MA89 + 量能递增,83,0.0082,0.0042,1.954,0.5904,0.4244,0.1659,L3
震荡-全样本,空头排列 + 量比>=1.3,2282,0.2262,0.1158,1.954,0.5903,0.4244,0.1658,L2
震荡-全样本,MA55上穿MA89 + 量比大于1_3 + 中枢进机会区,122,0.0121,0.0062,1.953,0.5902,0.4244,0.1657,L3
震荡-全样本,站上MA5 + 量比>=1.3,3084,0.3057,0.1566,1.953,0.5901,0.4244,0.1657,L2
震荡-全样本,量能金叉 + 中枢进机会区 + RSI6超卖,1297,0.1285,0.0659,1.95,0.5898,0.4244,0.1654,L3
震荡-全样本,量比>=1.3 + 放量 + BOLL触下轨反弹,2368,0.2345,0.1204,1.948,0.5895,0.4244,0.1651,L3
震荡-全样本,量能金叉 + 量能递增 + 中枢极限底,1357,0.1344,0.069,1.948,0.5895,0.4244,0.1651,L3
震荡-全样本,火箭信号 + 中枢进机会区 + RSI6超卖,341,0.0338,0.0173,1.947,0.5894,0.4244,0.165,L3
震荡-全样本,火箭信号 + 量能金叉 + RSI6超卖,370,0.0366,0.0188,1.945,0.5892,0.4244,0.1648,L3
震荡-全样本,火箭信号 + 量能金叉 + 中枢进机会区,180,0.0178,0.0092,1.942,0.5889,0.4244,0.1645,L3
震荡-全样本,MA55上穿MA89 + 中枢进机会区,177,0.0175,0.009,1.932,0.5876,0.4244,0.1631,L2
震荡-全样本,深跌(距前高>40%) + 量比大于1_3 + 中枢进机会区,97,0.0096,0.005,1.932,0.5876,0.4244,0.1632,L3
震荡-全样本,RSI6大于50 + 二连板,80,0.0079,0.0041,1.931,0.5875,0.4244,0.1631,L2
震荡-全样本,量比大于2 + MA55上穿MA89 + 价涨量增,94,0.0092,0.0048,1.912,0.5851,0.4244,0.1607,L3
震荡-全样本,量比>=1.3 + 中枢进机会区 + BOLL触下轨反弹,1070,0.1051,0.055,1.912,0.585,0.4244,0.1606,L3
震荡-全样本,放量 + 量比>=1.3,2994,0.2941,0.154,1.91,0.5848,0.4244,0.1604,L2
震荡-全样本,量比>=1.3 + 放量 + 量比大于1_3,2994,0.2941,0.154,1.91,0.5848,0.4244,0.1604,L3
震荡-全样本,六脉红灯大于6 + 极限抄底,118,0.0116,0.0061,1.91,0.5847,0.4244,0.1603,L2
震荡-全样本,六脉6红首发 + 极限抄底,118,0.0116,0.0061,1.91,0.5847,0.4244,0.1603,L2
震荡-全样本,火箭信号 + 量能金叉 + 中枢极限底,243,0.0238,0.0125,1.907,0.5844,0.4244,0.1599,L3
震荡-全样本,量比大于2 + 中枢极限底 + 中枢进机会区,1000,0.0981,0.0515,1.904,0.584,0.4244,0.1596,L3
震荡-全样本,量比>=1.3,3243,0.3178,0.1673,1.899,0.5834,0.4244,0.159,L1
震荡-全样本,量比大于1 + 量比>=1.3,3243,0.3178,0.1673,1.899,0.5834,0.4244,0.159,L2
震荡-全样本,量比大于1_3 + 量比>=1.3,3243,0.3178,0.1673,1.899,0.5834,0.4244,0.159,L2
震荡-全样本,SID等于2 + 量比>=1.3,3243,0.3178,0.1673,1.899,0.5834,0.4244,0.159,L2
震荡-全样本,SID小于等于2 + 量比>=1.3,3243,0.3178,0.1673,1.899,0.5834,0.4244,0.159,L2
震荡-全样本,量比>=1.3,3243,0.3178,0.1673,1.899,0.5834,0.4244,0.159,L4
震荡-全样本,量比大于2 + 中枢极限底 + RSI6超卖,1800,0.1764,0.0929,1.898,0.5833,0.4244,0.1589,L3
震荡-全样本,火箭信号 + 放量 + RSI6超卖,779,0.0763,0.0403,1.894,0.5828,0.4244,0.1584,L3
震荡-全样本,量比>=1.5,1955,0.1913,0.1011,1.893,0.5826,0.4244,0.1582,L4
震荡-全样本,趋势空头 + 量比>=1.3,2358,0.2306,0.122,1.89,0.5823,0.4244,0.1578,L2
震荡-全样本,量比大于2 + 中枢极限底 + BOLL触下轨反弹,1344,0.1313,0.0696,1.887,0.5818,0.4244,0.1574,L3
震荡-全样本,火箭信号 + 量比大于1_3 + RSI6超卖,770,0.0752,0.0399,1.887,0.5818,0.4244,0.1574,L3
震荡-全样本,BOLL开口扩张 + 深跌(距前高>40%),734,0.0717,0.038,1.886,0.5817,0.4244,0.1573,L2
震荡-全样本,火箭信号 + 量比>=2 + RSI6超卖,98,0.0096,0.0051,1.885,0.5816,0.4244,0.1572,L3
震荡-全样本,六脉红灯大于5 + 深跌(距前高>40%),511,0.0499,0.0265,1.882,0.5812,0.4244,0.1568,L2
震荡-全样本,六脉5红首发 + 深跌(距前高>40%),511,0.0499,0.0265,1.882,0.5812,0.4244,0.1568,L2
震荡-全样本,深跌(距前高>40%) + 放量 + 中枢进机会区,105,0.0102,0.0054,1.88,0.581,0.4244,0.1565,L3
震荡-全样本,RSI6超卖 + 火箭信号,816,0.0796,0.0424,1.879,0.5809,0.4244,0.1564,L2
震荡-全样本,量能递增 + KDJ低位金叉 + 中枢进机会区,1020,0.0994,0.053,1.876,0.5804,0.4244,0.156,L3
震荡-全样本,量能递增 + 放量 + KDJ低位金叉,2945,0.287,0.1531,1.875,0.5803,0.4244,0.1559,L3
震荡-全样本,斐波短中多头 + 中枢进机会区,200,0.0195,0.0104,1.873,0.58,0.4244,0.1556,L2
震荡-全样本,空头排列 + 深跌(距前高>40%),690,0.0672,0.0359,1.87,0.5797,0.4244,0.1553,L2
震荡-全样本,量能金叉 + 量比大于2 + 中枢进机会区,892,0.0868,0.0464,1.87,0.5796,0.4244,0.1552,L3
震荡-全样本,火箭信号 + 放量 + BOLL触下轨反弹,654,0.0637,0.0341,1.869,0.5795,0.4244,0.1551,L3
震荡-全样本,火箭信号 + 量能递增 + BOLL触下轨反弹,604,0.0588,0.0315,1.869,0.5795,0.4244,0.155,L3
震荡-全样本,深跌(距前高>40%) + 价涨量增 + 中枢进机会区,88,0.0086,0.0046,1.869,0.5795,0.4244,0.1551,L3
震荡-全样本,量比>=2 + 量能递增 + 中枢极限底,252,0.0245,0.0131,1.868,0.5794,0.4244,0.1549,L3
震荡-全样本,BOLL触下轨反弹 + 火箭信号,682,0.0663,0.0355,1.866,0.5792,0.4244,0.1547,L2
震荡-全样本,价涨量增 + 中枢极限底 + KDJ低位金叉,2206,0.2145,0.1151,1.864,0.5789,0.4244,0.1544,L3
震荡-全样本,MA55上穿MA89 + 中枢极限底,171,0.0166,0.0089,1.865,0.5789,0.4244,0.1545,L2
震荡-全样本,MA55上穿MA89 + 价涨量增 + 中枢极限底,95,0.0092,0.005,1.865,0.5789,0.4244,0.1545,L3
震荡-全样本,量能金叉 + 量比大于2 + RSI6超卖,1498,0.1456,0.0782,1.863,0.5788,0.4244,0.1543,L3
震荡-全样本,趋势空头 + 火箭信号,603,0.0586,0.0315,1.863,0.5788,0.4244,0.1543,L2
震荡-全样本,KDJ_D小于30 + 量能金叉,2027,0.197,0.1058,1.863,0.5787,0.4244,0.1543,L2
震荡-全样本,趋势空头 + 深跌(距前高>40%),693,0.0673,0.0362,1.862,0.5786,0.4244,0.1542,L2
震荡-全样本,中枢进机会区 + 量比>=1.5,771,0.0749,0.0403,1.861,0.5785,0.4244,0.154,L4
震荡-全样本,KDJ_D小于30 + 火箭信号,704,0.0684,0.0368,1.858,0.5781,0.4244,0.1537,L2
震荡-全样本,火箭信号 + 价涨量增 + RSI6超卖,748,0.0726,0.0391,1.854,0.5775,0.4244,0.1531,L3
震荡-全样本,火箭信号 + 中枢底部回升,821,0.0796,0.043,1.852,0.5773,0.4244,0.1529,L2
震荡-全样本,量比大于2 + 量能递增 + 中枢极限底,1610,0.156,0.0843,1.85,0.577,0.4244,0.1526,L3
震荡-全样本,火箭信号 + 量比大于1_3 + BOLL触下轨反弹,643,0.0623,0.0337,1.85,0.577,0.4244,0.1525,L3
震荡-全样本,KDJ_D小于30 + 量比>=2,409,0.0396,0.0214,1.85,0.577,0.4244,0.1526,L2
震荡-全样本,站上MA5 + 深跌(距前高>40%),718,0.0695,0.0377,1.847,0.5766,0.4244,0.1522,L2
震荡-全样本,KDJ金叉态 + 深跌(距前高>40%),703,0.068,0.0369,1.843,0.5761,0.4244,0.1517,L2
震荡-全样本,RSI金叉 + 量比>=1.3,2664,0.2575,0.1401,1.838,0.5755,0.4244,0.151,L2
震荡-全样本,量能递增 + KDJ低位金叉 + BOLL触下轨反弹,2378,0.2298,0.1251,1.837,0.5753,0.4244,0.1508,L3
震荡-全样本,火箭信号 + 价涨量增 + BOLL触下轨反弹,631,0.061,0.0332,1.837,0.5753,0.4244,0.1508,L3
震荡-全样本,量能金叉 + 量比>=2 + 中枢进机会区,153,0.0148,0.0081,1.836,0.5752,0.4244,0.1507,L3
震荡-全样本,量比>=2 + 中枢极限底 + RSI6超卖,273,0.0264,0.0144,1.835,0.5751,0.4244,0.1507,L3
震荡-全样本,量能金叉 + MA55上穿MA89 + 量比大于1_3,87,0.0084,0.0046,1.833,0.5747,0.4244,0.1503,L3
震荡-全样本,量能递增 + KDJ低位金叉 + RSI6超卖,3035,0.2927,0.16,1.829,0.5743,0.4244,0.1499,L3
震荡-全样本,中枢极限底 + 放量 + KDJ低位金叉,2649,0.2555,0.1397,1.829,0.5742,0.4244,0.1497,L3
震荡-全样本,量比大于2 + 中枢进机会区 + RSI6超卖,1397,0.1345,0.0738,1.822,0.5734,0.4244,0.1489,L3
震荡-全样本,量比>=2 + 中枢极限底 + 中枢进机会区,157,0.0151,0.0083,1.822,0.5732,0.4244,0.1488,L3
震荡-全样本,量能金叉 + 量比大于1_3 + RSI6超卖,2375,0.2286,0.1256,1.82,0.5731,0.4244,0.1486,L3
震荡-全样本,量比大于1 + 深跌(距前高>40%),726,0.0699,0.0384,1.82,0.573,0.4244,0.1486,L2
震荡-全样本,深跌(距前高>40%) + 中枢极限底 + 中枢进机会区,103,0.0099,0.0054,1.818,0.5728,0.4244,0.1484,L3
震荡-全样本,火箭信号 + 量能金叉 + 量能递增,402,0.0386,0.0213,1.813,0.5721,0.4244,0.1477,L3
震荡-全样本,MA55上穿MA89 + 量能金叉,91,0.0087,0.0048,1.808,0.5714,0.4244,0.147,L2
震荡-全样本,RSI6超卖 + 深跌(距前高>40%),751,0.0721,0.0399,1.807,0.5712,0.4244,0.1468,L2
震荡-全样本,火箭信号 + 中枢底部蓄力,639,0.0613,0.0339,1.806,0.5712,0.4244,0.1468,L2
震荡-全样本,火箭信号 + 量能递增 + 放量,797,0.0764,0.0424,1.804,0.5709,0.4244,0.1465,L3
震荡-全样本,中枢极限底 + 量比>=2,284,0.0272,0.0151,1.801,0.5704,0.4244,0.146,L2
震荡-全样本,量比>=1.3 + 量比>=2 + 中枢极限底,284,0.0272,0.0151,1.801,0.5704,0.4244,0.146,L3
震荡-全样本,量比>=2 + 量比大于2 + 中枢极限底,284,0.0272,0.0151,1.801,0.5704,0.4244,0.146,L3
震荡-全样本,量比>=2 + 中枢极限底 + 量比大于1_3,284,0.0272,0.0151,1.801,0.5704,0.4244,0.146,L3
震荡-全样本,量比大于2 + 中枢极限底,1914,0.1832,0.1019,1.798,0.57,0.4244,0.1456,L2
震荡-全样本,量比大于2 + 中枢极限底 + 量比大于1_3,1914,0.1832,0.1019,1.798,0.57,0.4244,0.1456,L3
震荡-全样本,RSI底背离 + 极限抄底,295,0.0282,0.0157,1.794,0.5695,0.4244,0.1451,L2
震荡-全样本,量能金叉 + 价涨量增 + RSI6超卖,2144,0.2049,0.1144,1.79,0.569,0.4244,0.1446,L3
震荡-全样本,量比>=2 + 中枢极限底 + 放量,283,0.027,0.0151,1.79,0.5689,0.4244,0.1445,L3
震荡-全样本,量能金叉 + 量能递增 + RSI6超卖,2188,0.2089,0.1169,1.787,0.5686,0.4244,0.1441,L3
震荡-全样本,量能递增 + 火箭信号,809,0.0773,0.0432,1.787,0.5686,0.4244,0.1442,L2
震荡-全样本,量比>=2 + 价涨量增 + 中枢极限底,278,0.0265,0.0149,1.785,0.5683,0.4244,0.1439,L3
震荡-全样本,中枢极限底 + KDJ低位金叉 + 量比大于1_3,2773,0.2645,0.1484,1.783,0.568,0.4244,0.1435,L3
震荡-全样本,量比大于2 + 中枢极限底 + 放量,1891,0.1804,0.1012,1.783,0.568,0.4244,0.1435,L3
震荡-全样本,RSI6超卖 + 量能金叉,2476,0.2361,0.1325,1.782,0.5679,0.4244,0.1434,L2
震荡-全样本,KDJ_D小于30 + 深跌(距前高>40%),745,0.071,0.0399,1.781,0.5678,0.4244,0.1433,L2
震荡-全样本,放量 + KDJ低位金叉 + 中枢进机会区,1445,0.1377,0.0774,1.779,0.5675,0.4244,0.143,L3
震荡-全样本,斐波短中多头 + 中枢底部回升,208,0.0198,0.0111,1.778,0.5673,0.4244,0.1429,L2
震荡-全样本,火箭信号 + 量能递增 + 量比大于1_3,774,0.0737,0.0415,1.777,0.5672,0.4244,0.1427,L3
震荡-全样本,火箭信号 + 大盘空头,402,0.0383,0.0216,1.777,0.5672,0.4244,0.1427,L2
震荡-全样本,价涨量增 + KDJ低位金叉 + 中枢进机会区,1141,0.1087,0.0612,1.776,0.567,0.4244,0.1426,L3
震荡-全样本,量能金叉 + 放量 + RSI6超卖,2416,0.2296,0.1299,1.767,0.5658,0.4244,0.1414,L3
震荡-全样本,量能金叉 + BOLL触下轨反弹 + RSI6超卖,1891,0.1797,0.1017,1.767,0.5658,0.4244,0.1414,L3
震荡-全样本,量能金叉 + 火箭信号,433,0.0411,0.0233,1.767,0.5658,0.4244,0.1414,L2
震荡-全样本,火箭信号 + 量能金叉 + 量比大于1_3,433,0.0411,0.0233,1.767,0.5658,0.4244,0.1414,L3
震荡-全样本,量能递增 + KDJ低位金叉,3159,0.3001,0.1699,1.766,0.5657,0.4244,0.1412,L2
震荡-全样本,火箭信号 + 量能递增 + 价涨量增,772,0.0732,0.0416,1.76,0.5648,0.4244,0.1403,L3
震荡-全样本,KDJ_J超卖 + 深跌(距前高>40%),760,0.0721,0.041,1.758,0.5645,0.4244,0.14,L2
震荡-全样本,价涨量缩 + 深跌(距前高>40%),521,0.0494,0.0281,1.756,0.5643,0.4244,0.1399,L2
震荡-全样本,中枢底部蓄力 + 深跌(距前高>40%),741,0.0702,0.04,1.755,0.5641,0.4244,0.1397,L2
震荡-全样本,中枢进机会区 + 量比>=1.0,2770,0.2623,0.1496,1.753,0.5639,0.4244,0.1395,L4
震荡-全样本,火箭信号 + 量比大于2 + KDJ低位金叉,220,0.0208,0.0119,1.752,0.5636,0.4244,0.1392,L3
震荡-全样本,MA55上穿MA89 + 中枢极限底 + KDJ低位金叉,110,0.0104,0.0059,1.752,0.5636,0.4244,0.1392,L3
震荡-全样本,量比大于2 + 价涨量增 + 中枢极限底,1736,0.1643,0.0939,1.75,0.5634,0.4244,0.1389,L3
震荡-全样本,量能金叉 + MA55上穿MA89 + 放量,87,0.0082,0.0047,1.749,0.5632,0.4244,0.1388,L3
震荡-全样本,火箭信号 + 中枢进机会区 + BOLL触下轨反弹,293,0.0277,0.0159,1.748,0.5631,0.4244,0.1387,L3
震荡-全样本,量能金叉 + 量比大于1_3 + 中枢进机会区,1389,0.1313,0.0752,1.747,0.563,0.4244,0.1386,L3
震荡-全样本,火箭信号 + 量能金叉 + 放量,430,0.0406,0.0233,1.746,0.5628,0.4244,0.1384,L3
震荡-全样本,中枢底部回升 + 深跌(距前高>40%),763,0.0721,0.0414,1.742,0.5623,0.4244,0.1378,L2
震荡-全样本,量比>=2 + 中枢极限底 + BOLL触下轨反弹,233,0.022,0.0126,1.742,0.5622,0.4244,0.1378,L3
震荡-全样本,MA55上穿MA89 + 量能递增 + 放量,187,0.0176,0.0102,1.736,0.5615,0.4244,0.1371,L3
震荡-全样本,KDJ低位金叉 + 量比大于1_3 + 中枢进机会区,1532,0.1444,0.0832,1.735,0.5614,0.4244,0.1369,L3
震荡-全样本,火箭信号 + 距前低<=10%,465,0.0438,0.0253,1.735,0.5613,0.4244,0.1369,L2
震荡-全样本,量比大于2 + 量能递增 + RSI6超卖,2548,0.24,0.1386,1.732,0.5608,0.4244,0.1364,L3
震荡-全样本,量能金叉 + 中枢底部回升,2464,0.2318,0.1343,1.726,0.5601,0.4244,0.1356,L2
震荡-全样本,MACD柱递增 + 深跌(距前高>40%),732,0.0689,0.0399,1.727,0.5601,0.4244,0.1357,L2
震荡-全样本,量能金叉 + 距60日低点<=1.2,2569,0.2412,0.1403,1.719,0.559,0.4244,0.1345,L4
震荡-全样本,火箭信号 + 量能金叉 + 价涨量增,419,0.0393,0.0229,1.715,0.5585,0.4244,0.134,L3
震荡-全样本,深跌(距前高>40%),776,0.0727,0.0425,1.712,0.558,0.4244,0.1336,L1
震荡-全样本,SID等于2 + 深跌(距前高>40%),776,0.0727,0.0425,1.712,0.558,0.4244,0.1336,L2
震荡-全样本,SID小于等于2 + 深跌(距前高>40%),776,0.0727,0.0425,1.712,0.558,0.4244,0.1336,L2
震荡-全样本,距60日高点<=0.6,776,0.0727,0.0425,1.712,0.558,0.4244,0.1336,L4
震荡-全样本,火箭信号 + 量能递增 + 中枢进机会区,348,0.0326,0.0191,1.708,0.5575,0.4244,0.133,L3
震荡-全样本,价涨量增 + KDJ低位金叉 + BOLL触下轨反弹,2635,0.2464,0.1447,1.703,0.5567,0.4244,0.1323,L3
震荡-全样本,量比>=2 + 量能递增 + RSI6超卖,424,0.0396,0.0233,1.702,0.5566,0.4244,0.1322,L3
震荡-全样本,MA55上穿MA89 + 放量 + RSI6超卖,221,0.0207,0.0121,1.702,0.5566,0.4244,0.1321,L3
震荡-全样本,火箭信号 + 量比大于1_3 + 中枢进机会区,372,0.0348,0.0204,1.701,0.5565,0.4244,0.132,L3
震荡-全样本,MA55上穿MA89 + 放量 + KDJ低位金叉,115,0.0107,0.0063,1.702,0.5565,0.4244,0.1321,L3
震荡-全样本,火箭信号 + 放量 + 中枢进机会区,381,0.0356,0.0209,1.701,0.5564,0.4244,0.132,L3
震荡-全样本,中枢极限底 + KDJ低位金叉 + 中枢进机会区,1542,0.1439,0.0848,1.697,0.5558,0.4244,0.1313,L3
震荡-全样本,火箭信号 + 量比大于2 + 中枢极限底,324,0.0302,0.0178,1.695,0.5556,0.4244,0.1311,L3
震荡-全样本,量能金叉 + 放量 + 中枢进机会区,1419,0.1323,0.0782,1.693,0.5553,0.4244,0.1309,L3
震荡-全样本,量能金叉 + 中枢进机会区,1459,0.136,0.0804,1.692,0.5552,0.4244,0.1307,L2
震荡-全样本,量能金叉 + 量比>=2 + RSI6超卖,274,0.0255,0.0151,1.69,0.5547,0.4244,0.1303,L3
震荡-全样本,量比>=2 + 价涨量增 + RSI6超卖,467,0.0435,0.0258,1.689,0.5546,0.4244,0.1302,L3
震荡-全样本,量能金叉 + 量比大于2 + BOLL触下轨反弹,1268,0.1181,0.07,1.687,0.5544,0.4244,0.13,L3
震荡-全样本,量比大于2 + KDJ_D小于30,2655,0.2467,0.1469,1.68,0.5533,0.4244,0.1289,L2
震荡-全样本,KDJ_J超卖 + 火箭信号,915,0.085,0.0507,1.678,0.553,0.4244,0.1286,L2
震荡-全样本,缩量 + 量比>=1.3,2295,0.213,0.1272,1.674,0.5525,0.4244,0.1281,L2
震荡-全样本,火箭信号 + 中枢进机会区,400,0.0371,0.0222,1.674,0.5525,0.4244,0.1281,L2
震荡-全样本,MA55上穿MA89 + 量能递增,210,0.0195,0.0116,1.673,0.5524,0.4244,0.1279,L2
震荡-全样本,多头排列 + 中枢极限底,96,0.0089,0.0053,1.671,0.5521,0.4244,0.1276,L2
震荡-全样本,量能金叉 + 量比大于2 + 价涨量增,1625,0.1507,0.0902,1.671,0.552,0.4244,0.1276,L3
震荡-全样本,量能递增 + 中枢极限底 + 量比大于1_3,3162,0.2931,0.1755,1.67,0.5519,0.4244,0.1274,L3
震荡-全样本,火箭信号 + 价涨量增 + 中枢进机会区,366,0.0339,0.0203,1.67,0.5519,0.4244,0.1275,L3
震荡-全样本,MA55上穿MA89 + 量能递增 + 量比大于1_3,154,0.0143,0.0085,1.671,0.5519,0.4244,0.1275,L3
震荡-全样本,量比>=2 + 价涨量增 + BOLL触下轨反弹,419,0.0388,0.0233,1.666,0.5513,0.4244,0.1269,L3
震荡-全样本,中枢极限底 + KDJ低位金叉 + BOLL触下轨反弹,2700,0.2499,0.1501,1.665,0.5511,0.4244,0.1267,L3
震荡-全样本,量能金叉 + 价涨量增 + 中枢进机会区,1234,0.1142,0.0686,1.664,0.5511,0.4244,0.1266,L3
震荡-全样本,量比大于2 + 量能递增 + 中枢进机会区,1325,0.1226,0.0737,1.664,0.5509,0.4244,0.1265,L3
震荡-全样本,量能金叉 + 量比大于2 + 量能递增,1614,0.1493,0.0898,1.663,0.5508,0.4244,0.1264,L3
震荡-全样本,量比大于2 + 量能金叉,1753,0.1621,0.0976,1.661,0.5505,0.4244,0.126,L2
震荡-全样本,量能金叉 + 量比大于2 + 量比大于1_3,1753,0.1621,0.0976,1.661,0.5505,0.4244,0.126,L3
震荡-全样本,中枢底部蓄力 + 量比>=2,387,0.0358,0.0216,1.66,0.5504,0.4244,0.126,L2
震荡-全样本,量比>=2 + BOLL触下轨反弹 + RSI6超卖,398,0.0368,0.0222,1.659,0.5503,0.4244,0.1258,L3
震荡-全样本,量能金叉 + 量比大于2 + 放量,1752,0.1619,0.0976,1.659,0.5502,0.4244,0.1258,L3
震荡-全样本,MACD柱递增 + 量比>=2,491,0.0453,0.0274,1.657,0.5499,0.4244,0.1255,L2
震荡-全样本,空头排列 + 量能金叉,1808,0.1669,0.1008,1.656,0.5498,0.4244,0.1253,L2
震荡-全样本,量能金叉 + 价涨量增 + BOLL触下轨反弹,1863,0.172,0.1039,1.655,0.5497,0.4244,0.1252,L3
震荡-全样本,MA55上穿MA89 + 量能递增 + 价涨量增,151,0.0139,0.0084,1.655,0.5497,0.4244,0.1252,L3
震荡-全样本,BOLL开口扩张 + 火箭信号,952,0.0878,0.0531,1.653,0.5494,0.4244,0.1249,L2
震荡-全样本,量能金叉 + 中枢进机会区 + BOLL触下轨反弹,1107,0.1021,0.0618,1.652,0.5492,0.4244,0.1248,L3
震荡-全样本,中枢底部回升 + 量比>=2,468,0.0432,0.0261,1.652,0.5491,0.4244,0.1247,L2
震荡-全样本,价涨量增 + KDJ低位金叉 + RSI6超卖,3491,0.3215,0.1953,1.646,0.5483,0.4244,0.1238,L3
震荡-全样本,量能金叉 + 量能递增 + 价涨量增,2301,0.2118,0.1288,1.644,0.548,0.4244,0.1236,L3
震荡-全样本,KDJ金叉态 + 火箭信号,938,0.0863,0.0525,1.644,0.548,0.4244,0.1235,L2
震荡-全样本,放量 + 火箭信号,927,0.0853,0.0519,1.644,0.548,0.4244,0.1236,L2
震荡-全样本,价涨量增 + KDJ低位金叉 + 量比大于1_3,3321,0.3055,0.186,1.642,0.5477,0.4244,0.1233,L3
震荡-全样本,RSI金叉 + 火箭信号,946,0.087,0.053,1.641,0.5476,0.4244,0.1231,L2
震荡-全样本,量比大于2 + BOLL触下轨反弹 + RSI6超卖,2305,0.212,0.1292,1.641,0.5475,0.4244,0.1231,L3
震荡-全样本,量比>=2 + 放量 + RSI6超卖,484,0.0445,0.0271,1.641,0.5475,0.4244,0.1231,L3
震荡-全样本,中枢上穿中轴 + 量比>=1.3,731,0.0672,0.041,1.639,0.5472,0.4244,0.1228,L2
震荡-全样本,量比大于1 + 火箭信号,956,0.0878,0.0536,1.638,0.5471,0.4244,0.1226,L2
震荡-全样本,量能递增 + 价涨量增 + 中枢极限底,3104,0.2852,0.1741,1.638,0.547,0.4244,0.1226,L3
震荡-全样本,站上MA5 + 火箭信号,966,0.0887,0.0542,1.635,0.5466,0.4244,0.1221,L2
震荡-全样本,量能金叉 + 量比大于1_3 + BOLL触下轨反弹,2031,0.1864,0.1141,1.634,0.5465,0.4244,0.1221,L3
震荡-全样本,MACD柱递增 + 火箭信号,935,0.0858,0.0525,1.634,0.5465,0.4244,0.1221,L2
震荡-全样本,MACD柱递增 + 量能金叉,2674,0.2454,0.1502,1.633,0.5464,0.4244,0.1219,L2
震荡-全样本,RSI6超卖 + 量比>=2,489,0.0448,0.0275,1.631,0.546,0.4244,0.1216,L2
震荡-全样本,量比>=1.3 + 量比>=2 + RSI6超卖,489,0.0448,0.0275,1.631,0.546,0.4244,0.1216,L3
震荡-全样本,量比>=2 + 量比大于2 + RSI6超卖,489,0.0448,0.0275,1.631,0.546,0.4244,0.1216,L3
震荡-全样本,量比>=2 + 量比大于1_3 + RSI6超卖,489,0.0448,0.0275,1.631,0.546,0.4244,0.1216,L3
震荡-全样本,火箭信号,971,0.089,0.0546,1.63,0.5458,0.4244,0.1214,L1
震荡-全样本,火箭信号 + SID等于2,971,0.089,0.0546,1.63,0.5458,0.4244,0.1214,L2
震荡-全样本,火箭信号 + SID小于等于2,971,0.089,0.0546,1.63,0.5458,0.4244,0.1214,L2
震荡-全样本,量比大于1_3 + 火箭信号,918,0.0841,0.0516,1.629,0.5458,0.4244,0.1213,L2
震荡-全样本,量比>=2 + 量能递增 + 价涨量增,469,0.043,0.0264,1.63,0.5458,0.4244,0.1214,L3
震荡-全样本,量能金叉 + 量比>=2 + 价涨量增,306,0.028,0.0172,1.629,0.5458,0.4244,0.1213,L3
震荡-全样本,偏多共振 + 中枢进机会区,724,0.0663,0.0407,1.628,0.5456,0.4244,0.1211,L2
震荡-全样本,量比大于2 + RSI6超卖,3102,0.284,0.1748,1.625,0.5451,0.4244,0.1207,L2
震荡-全样本,量比大于2 + 量比大于1_3 + RSI6超卖,3102,0.284,0.1748,1.625,0.5451,0.4244,0.1207,L3
震荡-全样本,量比大于2 + 价涨量增 + RSI6超卖,2780,0.2545,0.1567,1.624,0.545,0.4244,0.1205,L3
震荡-全样本,六脉红灯大于5 + 火箭信号,877,0.0803,0.0494,1.625,0.545,0.4244,0.1206,L2
震荡-全样本,六脉5红首发 + 火箭信号,877,0.0803,0.0494,1.625,0.545,0.4244,0.1206,L2
震荡-全样本,多头共振 + 中枢进机会区,723,0.0662,0.0407,1.624,0.545,0.4244,0.1205,L2
震荡-全样本,量能金叉 + 量能递增 + 量比大于1_3,2439,0.2232,0.1375,1.624,0.5449,0.4244,0.1205,L3
震荡-全样本,MA55上穿MA89 + 中枢极限底 + BOLL触下轨反弹,112,0.0102,0.0063,1.622,0.5446,0.4244,0.1202,L3
震荡-全样本,KDJ金叉态 + 量能金叉,2687,0.2457,0.1516,1.621,0.5445,0.4244,0.12,L2
震荡-全样本,站上MA13 + 极限抄底,90,0.0082,0.0051,1.621,0.5444,0.4244,0.12,L2
震荡-全样本,量能金叉 + 量能递增 + 中枢进机会区,1275,0.1166,0.072,1.62,0.5443,0.4244,0.1199,L3
震荡-全样本,KDJ低位金叉 + 量比大于1_3 + BOLL触下轨反弹,3197,0.2921,0.1806,1.617,0.5439,0.4244,0.1195,L3
震荡-全样本,量比大于2 + 放量 + RSI6超卖,3061,0.2796,0.1729,1.617,0.5439,0.4244,0.1195,L3
震荡-全样本,火箭信号 + 放量 + 量比大于1_3,903,0.0825,0.051,1.616,0.5437,0.4244,0.1193,L3
震荡-全样本,价涨量增 + 火箭信号,892,0.0815,0.0504,1.616,0.5437,0.4244,0.1193,L2
震荡-全样本,火箭信号 + 价涨量增 + 放量,892,0.0815,0.0504,1.616,0.5437,0.4244,0.1193,L3
震荡-全样本,空头排列 + 量比>=2,368,0.0336,0.0208,1.614,0.5435,0.4244,0.119,L2
震荡-全样本,量能递增 + 中枢极限底 + 中枢进机会区,2155,0.1965,0.122,1.611,0.5429,0.4244,0.1185,L3
震荡-全样本,BOLL触下轨反弹 + 量能金叉,2125,0.1937,0.1204,1.609,0.5426,0.4244,0.1182,L2
震荡-全样本,量能金叉 + 量比>=2.5,129,0.0118,0.0073,1.609,0.5426,0.4244,0.1182,L4
震荡-全样本,深跌(距前高>40%) + 量能递增 + 中枢进机会区,94,0.0086,0.0053,1.608,0.5426,0.4244,0.1181,L3
震荡-全样本,量能金叉 + 量能递增 + BOLL触下轨反弹,1908,0.1738,0.1081,1.608,0.5425,0.4244,0.118,L3
震荡-全样本,量能递增 + 量比>=2,483,0.044,0.0274,1.608,0.5424,0.4244,0.118,L2
震荡-全样本,量比>=1.3 + 量比>=2 + 量能递增,483,0.044,0.0274,1.608,0.5424,0.4244,0.118,L3
震荡-全样本,量比>=2 + 量比大于2 + 量能递增,483,0.044,0.0274,1.608,0.5424,0.4244,0.118,L3
震荡-全样本,量比>=2 + 量能递增 + 放量,483,0.044,0.0274,1.608,0.5424,0.4244,0.118,L3
震荡-全样本,量比>=2 + 量能递增 + 量比大于1_3,483,0.044,0.0274,1.608,0.5424,0.4244,0.118,L3
震荡-全样本,MA55上穿MA89 + KDJ低位金叉 + 量比大于1_3,118,0.0107,0.0067,1.607,0.5424,0.4244,0.1179,L3
震荡-全样本,量能递增 + 中枢极限底 + RSI6超卖,3756,0.3421,0.2129,1.607,0.5423,0.4244,0.1179,L3
震荡-全样本,量能金叉 + 量比>=2,319,0.0291,0.0181,1.607,0.5423,0.4244,0.1179,L2
震荡-全样本,量比>=1.3 + 量能金叉 + 量比>=2,319,0.0291,0.0181,1.607,0.5423,0.4244,0.1179,L3
震荡-全样本,量能金叉 + 量比>=2 + 量比大于2,319,0.0291,0.0181,1.607,0.5423,0.4244,0.1179,L3
震荡-全样本,量能金叉 + 量比>=2 + 放量,319,0.0291,0.0181,1.607,0.5423,0.4244,0.1179,L3
震荡-全样本,量能金叉 + 量比>=2 + 量比大于1_3,319,0.0291,0.0181,1.607,0.5423,0.4244,0.1179,L3
震荡-全样本,量能金叉 + 量比>=2.0,319,0.0291,0.0181,1.607,0.5423,0.4244,0.1179,L4
震荡-全样本,趋势多头 + 趋势空头,83,0.0076,0.0047,1.606,0.5422,0.4244,0.1177,L2
震荡-全样本,BOLL开口扩张 + 量能金叉,2797,0.2546,0.1587,1.605,0.542,0.4244,0.1176,L2
震荡-全样本,量比大于2 + 中枢进机会区,1601,0.1456,0.0909,1.602,0.5415,0.4244,0.1171,L2
震荡-全样本,量比大于2 + 量比大于1_3 + 中枢进机会区,1601,0.1456,0.0909,1.602,0.5415,0.4244,0.1171,L3
震荡-全样本,趋势空头 + 量能金叉,1897,0.1725,0.1078,1.601,0.5414,0.4244,0.1169,L2
震荡-全样本,放量 + KDJ低位金叉 + BOLL触下轨反弹,3157,0.287,0.1793,1.6,0.5413,0.4244,0.1169,L3
震荡-全样本,量能金叉 + 量比>=2 + 量能递增,303,0.0275,0.0172,1.6,0.5413,0.4244,0.1168,L3
震荡-全样本,价涨量缩 + 量能金叉,1844,0.1676,0.1048,1.6,0.5412,0.4244,0.1168,L2
震荡-全样本,火箭信号 + 价涨量增 + 量比大于1_3,874,0.0794,0.0497,1.6,0.5412,0.4244,0.1168,L3
震荡-全样本,火箭信号 + 量比大于2 + 中枢进机会区,255,0.0232,0.0145,1.599,0.5412,0.4244,0.1167,L3
震荡-全样本,量能金叉 + 放量 + BOLL触下轨反弹,2070,0.1881,0.1177,1.599,0.5411,0.4244,0.1166,L3
震荡-全样本,六脉红灯大于5 + 量比>=1.3,2046,0.1859,0.1163,1.599,0.5411,0.4244,0.1166,L2
震荡-全样本,六脉5红首发 + 量比>=1.3,2046,0.1859,0.1163,1.599,0.5411,0.4244,0.1166,L2
震荡-全样本,KDJ_J超卖 + 量能金叉,2612,0.2373,0.1485,1.598,0.541,0.4244,0.1165,L2
震荡-全样本,量比大于2 + 放量 + 中枢进机会区,1588,0.1443,0.0903,1.598,0.5409,0.4244,0.1165,L3
震荡-全样本,量能金叉 + 量能递增 + 放量,2520,0.2288,0.1434,1.595,0.5405,0.4244,0.116,L3
震荡-全样本,量比大于2 + 中枢进机会区 + BOLL触下轨反弹,1175,0.1067,0.0669,1.595,0.5404,0.4244,0.116,L3
震荡-全样本,量比>=2 + 放量 + BOLL触下轨反弹,435,0.0395,0.0248,1.593,0.5402,0.4244,0.1158,L3
震荡-全样本,火箭信号 + 量能金叉 + 量比大于2,361,0.0328,0.0206,1.593,0.5402,0.4244,0.1157,L3
震荡-全样本,趋势多头 + 量比>=2,87,0.0079,0.005,1.593,0.5402,0.4244,0.1158,L2
震荡-全样本,BOLL触下轨反弹 + 量比>=2,439,0.0398,0.025,1.591,0.5399,0.4244,0.1154,L2
震荡-全样本,量比>=1.3 + 量比>=2 + BOLL触下轨反弹,439,0.0398,0.025,1.591,0.5399,0.4244,0.1154,L3
震荡-全样本,量比>=2 + 量比大于2 + BOLL触下轨反弹,439,0.0398,0.025,1.591,0.5399,0.4244,0.1154,L3
震荡-全样本,量比>=2 + 量比大于1_3 + BOLL触下轨反弹,439,0.0398,0.025,1.591,0.5399,0.4244,0.1154,L3
震荡-全样本,MA55上穿MA89 + 量比大于1_3 + RSI6超卖,213,0.0193,0.0121,1.591,0.5399,0.4244,0.1155,L3
震荡-全样本,量比大于1_3 + 量能金叉,2770,0.2511,0.1579,1.59,0.5397,0.4244,0.1153,L2
震荡-全样本,量能金叉 + 价涨量增 + 量比大于1_3,2452,0.2222,0.1398,1.589,0.5396,0.4244,0.1151,L3
震荡-全样本,BOLL开口扩张 + 量比>=2,530,0.048,0.0302,1.589,0.5396,0.4244,0.1152,L2
震荡-全样本,量能递增 + 中枢极限底 + 放量,3646,0.3304,0.208,1.589,0.5395,0.4244,0.1151,L3
震荡-全样本,量比>=2 + 量能递增 + BOLL触下轨反弹,393,0.0356,0.0224,1.588,0.5394,0.4244,0.115,L3
震荡-全样本,量比大于2 + 中枢底部回升,3117,0.2822,0.178,1.585,0.539,0.4244,0.1145,L2
震荡-全样本,价涨量增 + 量比>=2,525,0.0475,0.03,1.586,0.539,0.4244,0.1146,L2
震荡-全样本,量比>=1.3 + 量比>=2 + 价涨量增,525,0.0475,0.03,1.586,0.539,0.4244,0.1146,L3
震荡-全样本,量比>=2 + 量比大于2 + 价涨量增,525,0.0475,0.03,1.586,0.539,0.4244,0.1146,L3
震荡-全样本,量比>=2 + 价涨量增 + 放量,525,0.0475,0.03,1.586,0.539,0.4244,0.1146,L3
震荡-全样本,量比>=2 + 价涨量增 + 量比大于1_3,525,0.0475,0.03,1.586,0.539,0.4244,0.1146,L3
震荡-全样本,站上MA5 + 量比>=2,514,0.0465,0.0294,1.585,0.5389,0.4244,0.1145,L2
震荡-全样本,量比大于2 + 量能递增 + 价涨量增,2743,0.2482,0.1567,1.584,0.5388,0.4244,0.1144,L3
震荡-全样本,价涨量缩 + 火箭信号,490,0.0443,0.028,1.584,0.5388,0.4244,0.1143,L2
震荡-全样本,量比大于2 + 价涨量增 + 中枢进机会区,1415,0.128,0.0809,1.582,0.5385,0.4244,0.1141,L3
震荡-全样本,量能金叉 + 放量 + 量比大于1_3,2723,0.2462,0.1557,1.582,0.5384,0.4244,0.1139,L3
震荡-全样本,量能递增 + 量能金叉,2541,0.2298,0.1453,1.581,0.5384,0.4244,0.1139,L2
震荡-全样本,价涨量增 + KDJ低位金叉,3673,0.332,0.2101,1.581,0.5383,0.4244,0.1138,L2
震荡-全样本,价涨量增 + 放量 + KDJ低位金叉,3673,0.332,0.2101,1.581,0.5383,0.4244,0.1138,L3
震荡-全样本,量能递增 + 价涨量增 + RSI6超卖,5011,0.453,0.2866,1.581,0.5382,0.4244,0.1138,L3
震荡-全样本,量能金叉 + 中枢底部蓄力,1808,0.1634,0.1034,1.58,0.5382,0.4244,0.1137,L2
震荡-全样本,站上MA5 + 量能金叉,2780,0.2513,0.159,1.58,0.5381,0.4244,0.1137,L2
震荡-全样本,站上MA233 + 极限抄底,396,0.0358,0.0227,1.578,0.5379,0.4244,0.1134,L2
震荡-全样本,量比>=2 + 中枢进机会区 + RSI6超卖,212,0.0191,0.0121,1.577,0.5377,0.4244,0.1133,L3
震荡-全样本,量能金叉 + 量比>=2 + BOLL触下轨反弹,253,0.0228,0.0145,1.576,0.5375,0.4244,0.1131,L3
震荡-全样本,中枢极限底 + 量比大于1_3 + 中枢进机会区,2464,0.2224,0.1412,1.575,0.5373,0.4244,0.1129,L3
震荡-全样本,量能递增 + 量比大于1_3 + RSI6超卖,5114,0.4614,0.2932,1.574,0.5372,0.4244,0.1127,L3
震荡-全样本,放量 + KDJ低位金叉 + 量比大于1_3,3883,0.3502,0.2227,1.573,0.537,0.4244,0.1125,L3
震荡-全样本,放量 + KDJ低位金叉 + RSI6超卖,4211,0.3794,0.2418,1.569,0.5365,0.4244,0.112,L3
震荡-全样本,火箭信号 + 量比大于2 + RSI6超卖,500,0.045,0.0287,1.566,0.536,0.4244,0.1116,L3
震荡-全样本,价涨量增 + 量能金叉,2525,0.2272,0.1452,1.565,0.5358,0.4244,0.1114,L2
震荡-全样本,量能金叉 + 价涨量增 + 放量,2525,0.2272,0.1452,1.565,0.5358,0.4244,0.1114,L3
震荡-全样本,量比大于2 + 价涨量缩,2361,0.2123,0.1359,1.563,0.5354,0.4244,0.1109,L2
震荡-全样本,量比大于2 + 量能递增,2940,0.264,0.1694,1.558,0.5347,0.4244,0.1103,L2
震荡-全样本,量比大于2 + 量能递增 + 量比大于1_3,2940,0.264,0.1694,1.558,0.5347,0.4244,0.1103,L3
震荡-全样本,量比大于2 + 量能递增 + 放量,2936,0.2637,0.1692,1.559,0.5347,0.4244,0.1103,L3
震荡-全样本,KDJ金叉态 + 量比>=2,518,0.0465,0.0298,1.559,0.5347,0.4244,0.1103,L2
震荡-全样本,RSI金叉 + 量比>=2,477,0.0428,0.0275,1.558,0.5346,0.4244,0.1102,L2
震荡-全样本,量比大于1 + 量能金叉,2885,0.259,0.1663,1.557,0.5345,0.4244,0.1101,L2
震荡-全样本,RSI底背离 + 深跌(距前高>40%),354,0.0317,0.0204,1.553,0.5339,0.4244,0.1095,L2
震荡-全样本,MA55上穿MA89 + RSI6超卖,311,0.0279,0.018,1.552,0.5338,0.4244,0.1093,L2
震荡-全样本,放量 + 量能金叉,2820,0.2528,0.1629,1.552,0.5337,0.4244,0.1093,L2
震荡-全样本,量比大于2 + 量能递增 + BOLL触下轨反弹,2195,0.1965,0.127,1.548,0.533,0.4244,0.1086,L3
震荡-全样本,放量 + 量比>=2,546,0.0489,0.0316,1.548,0.533,0.4244,0.1085,L2
震荡-全样本,量比>=1.3 + 量比>=2 + 放量,546,0.0489,0.0316,1.548,0.533,0.4244,0.1085,L3
震荡-全样本,量比>=2 + 量比大于2 + 放量,546,0.0489,0.0316,1.548,0.533,0.4244,0.1085,L3
震荡-全样本,量比>=2 + 放量 + 量比大于1_3,546,0.0489,0.0316,1.548,0.533,0.4244,0.1085,L3
震荡-全样本,MA55上穿MA89 + KDJ低位金叉 + RSI6超卖,167,0.0149,0.0097,1.547,0.5329,0.4244,0.1085,L3
震荡-全样本,MA55上穿MA89 + 量能递增 + BOLL触下轨反弹,137,0.0123,0.0079,1.547,0.5328,0.4244,0.1084,L3
震荡-全样本,量能金叉,2902,0.2597,0.1679,1.546,0.5327,0.4244,0.1083,L1
震荡-全样本,量能金叉 + SID等于2,2902,0.2597,0.1679,1.546,0.5327,0.4244,0.1083,L2
震荡-全样本,量能金叉 + SID小于等于2,2902,0.2597,0.1679,1.546,0.5327,0.4244,0.1083,L2
震荡-全样本,量能递增 + 中枢进机会区 + RSI6超卖,3053,0.2731,0.1767,1.545,0.5326,0.4244,0.1082,L3
震荡-全样本,空头排列 + 量比大于2,2360,0.2111,0.1366,1.545,0.5326,0.4244,0.1082,L2
震荡-全样本,趋势空头 + 量比>=2,387,0.0346,0.0224,1.543,0.5323,0.4244,0.1079,L2
震荡-全样本,量比>=2 + 量能递增 + 中枢进机会区,201,0.018,0.0116,1.544,0.5323,0.4244,0.1079,L3
震荡-全样本,量比>=1.0,6299,0.5626,0.3652,1.54,0.5318,0.4244,0.1074,L4
震荡-全样本,量比>=2,551,0.0492,0.032,1.54,0.5318,0.4244,0.1073,L1
震荡-全样本,量比大于1 + 量比>=2,551,0.0492,0.032,1.54,0.5318,0.4244,0.1073,L2
震荡-全样本,量比大于1_3 + 量比>=2,551,0.0492,0.032,1.54,0.5318,0.4244,0.1073,L2
震荡-全样本,量比大于2 + 量比>=2,551,0.0492,0.032,1.54,0.5318,0.4244,0.1073,L2
震荡-全样本,SID等于2 + 量比>=2,551,0.0492,0.032,1.54,0.5318,0.4244,0.1073,L2
震荡-全样本,SID小于等于2 + 量比>=2,551,0.0492,0.032,1.54,0.5318,0.4244,0.1073,L2
震荡-全样本,量比>=1.3 + 量比>=2,551,0.0492,0.032,1.54,0.5318,0.4244,0.1073,L2
震荡-全样本,量比>=1.3 + 量比>=2 + 量比大于2,551,0.0492,0.032,1.54,0.5318,0.4244,0.1073,L3
震荡-全样本,量比>=1.3 + 量比>=2 + 量比大于1_3,551,0.0492,0.032,1.54,0.5318,0.4244,0.1073,L3
震荡-全样本,量比>=2 + 量比大于2 + 量比大于1_3,551,0.0492,0.032,1.54,0.5318,0.4244,0.1073,L3
震荡-全样本,量比>=2.0,551,0.0492,0.032,1.54,0.5318,0.4244,0.1073,L4
震荡-全样本,RSI底背离 + 火箭信号,427,0.0381,0.0248,1.539,0.5316,0.4244,0.1072,L2
震荡-全样本,MACD_DIF大于0 + 中枢极限底,661,0.059,0.0384,1.535,0.531,0.4244,0.1066,L2
震荡-全样本,火箭信号 + 量比大于2 + 突破前高,83,0.0074,0.0048,1.53,0.5301,0.4244,0.1057,L3
震荡-全样本,量比大于2 + 价涨量增 + BOLL触下轨反弹,2317,0.2062,0.1349,1.529,0.53,0.4244,0.1056,L3
震荡-全样本,MA55上穿MA89 + 价涨量增 + 中枢进机会区,100,0.0089,0.0058,1.529,0.53,0.4244,0.1056,L3
震荡-全样本,MA55上穿MA89 + 中枢底部回升,285,0.0254,0.0166,1.528,0.5298,0.4244,0.1054,L2
震荡-全样本,价涨量缩 + 量比>=2,238,0.0212,0.0139,1.526,0.5294,0.4244,0.105,L2
震荡-全样本,中枢极限底 + 量比大于1_3 + BOLL触下轨反弹,3340,0.2968,0.1948,1.523,0.529,0.4244,0.1046,L3
震荡-全样本,量能递增 + 中枢极限底,3998,0.3551,0.2333,1.522,0.5288,0.4244,0.1043,L2
震荡-全样本,中枢极限底 + 放量 + 中枢进机会区,2621,0.2328,0.153,1.522,0.5288,0.4244,0.1044,L3
震荡-全样本,量比大于2 + BOLL触下轨反弹,2572,0.2284,0.1501,1.522,0.5288,0.4244,0.1043,L2
震荡-全样本,量比大于2 + 量比大于1_3 + BOLL触下轨反弹,2572,0.2284,0.1501,1.522,0.5288,0.4244,0.1043,L3
震荡-全样本,量能递增 + 中枢极限底 + BOLL触下轨反弹,2958,0.2625,0.1728,1.519,0.5284,0.4244,0.104,L3
震荡-全样本,KDJ_J超卖 + 量比>=2,494,0.0438,0.0289,1.519,0.5283,0.4244,0.1039,L2
震荡-全样本,量能递增 + 放量 + RSI6超卖,5907,0.5235,0.3456,1.515,0.5277,0.4244,0.1032,L3
震荡-全样本,放量 + KDJ低位金叉,4407,0.3905,0.2579,1.514,0.5276,0.4244,0.1031,L2
震荡-全样本,KDJ低位金叉 + 量比大于1_3 + RSI6超卖,4415,0.3912,0.2584,1.514,0.5275,0.4244,0.1031,L3
震荡-全样本,量比大于2 + BOLL开口扩张,3451,0.3057,0.202,1.513,0.5274,0.4244,0.1029,L2
震荡-全样本,量比大于2 + 放量 + BOLL触下轨反弹,2536,0.2246,0.1485,1.512,0.5272,0.4244,0.1028,L3
震荡-全样本,价涨量增 + 中枢极限底 + 中枢进机会区,1990,0.176,0.1167,1.509,0.5266,0.4244,0.1022,L3
震荡-全样本,突破前高 + 火箭信号,95,0.0084,0.0056,1.507,0.5263,0.4244,0.1019,L2
震荡-全样本,火箭信号 + 突破前高 + 价涨量增,95,0.0084,0.0056,1.507,0.5263,0.4244,0.1019,L3
震荡-全样本,火箭信号 + 突破前高 + 放量,95,0.0084,0.0056,1.507,0.5263,0.4244,0.1019,L3
震荡-全样本,火箭信号 + 突破前高 + 量比大于1_3,95,0.0084,0.0056,1.507,0.5263,0.4244,0.1019,L3
震荡-全样本,价涨量增 + 中枢极限底 + BOLL触下轨反弹,2883,0.2545,0.1694,1.502,0.5255,0.4244,0.1011,L3
震荡-全样本,趋势空头 + 量比大于2,2451,0.2163,0.144,1.502,0.5255,0.4244,0.1011,L2
震荡-全样本,量比大于2 + MACD柱递增,3360,0.2964,0.1975,1.501,0.5253,0.4244,0.1009,L2
震荡-全样本,多头共振 + 中枢底部回升,809,0.0714,0.0476,1.501,0.5253,0.4244,0.1009,L2
