分组,方案,支持数,盈利覆盖率,非盈利覆盖率,提升度,条件内胜率,基线胜率,胜率增益,层级
震荡-全样本,多头排列,649,0.0435,0.0483,0.901,0.3991,0.4244,-0.0254,L1
震荡-全样本,空头排列,8657,0.6234,0.6125,1.018,0.4288,0.4244,0.0043,L1
震荡-全样本,趋势多头,1728,0.109,0.1336,0.816,0.3756,0.4244,-0.0489,L1
震荡-全样本,趋势空头,9000,0.6458,0.6385,1.011,0.4272,0.4244,0.0028,L1
震荡-全样本,上升中回调,2832,0.1549,0.2366,0.655,0.3256,0.4244,-0.0989,L1
震荡-全样本,突破前高,156,0.0124,0.0102,1.224,0.4744,0.4244,0.0499,L1
震荡-全样本,站上MA5,12966,0.9426,0.9108,1.035,0.4328,0.4244,0.0084,L1
震荡-全样本,站上MA13,5317,0.3409,0.4071,0.837,0.3818,0.4244,-0.0426,L1
震荡-全样本,站上MA34,3228,0.2039,0.2494,0.817,0.3761,0.4244,-0.0484,L1
震荡-全样本,站上MA55,3834,0.2345,0.302,0.776,0.3641,0.4244,-0.0603,L1
震荡-全样本,站上MA89,4602,0.2575,0.3801,0.677,0.3331,0.4244,-0.0913,L1
震荡-全样本,站上MA144,5888,0.3347,0.4824,0.694,0.3385,0.4244,-0.086,L1
震荡-全样本,站上MA233,6903,0.4211,0.5445,0.773,0.3632,0.4244,-0.0613,L1
震荡-全样本,斐波短中多头,798,0.0509,0.0613,0.83,0.3797,0.4244,-0.0447,L1
震荡-全样本,斐波长多头,4090,0.2447,0.3261,0.75,0.3562,0.4244,-0.0682,L1
震荡-全样本,斐波全多头,268,0.0153,0.0219,0.697,0.3396,0.4244,-0.0849,L1
震荡-全样本,MA55上穿MA89,381,0.0316,0.0239,1.321,0.4934,0.4244,0.069,L1
震荡-全样本,放量,9661,0.7545,0.6402,1.178,0.465,0.4244,0.0405,L1
震荡-全样本,缩量,12384,0.8292,0.9223,0.899,0.3987,0.4244,-0.0258,L1
震荡-全样本,量比大于1,12694,0.9246,0.8904,1.038,0.4337,0.4244,0.0092,L1
震荡-全样本,量比大于1_3,9294,0.7214,0.6191,1.165,0.4621,0.4244,0.0377,L1
震荡-全样本,量比大于2,3611,0.3141,0.2156,1.457,0.5179,0.4244,0.0934,L1
震荡-全样本,量能递增,7626,0.6317,0.4787,1.32,0.4932,0.4244,0.0687,L1
震荡-全样本,价涨量增,7864,0.6223,0.5151,1.208,0.4711,0.4244,0.0467,L1
震荡-全样本,价涨量缩,10756,0.7533,0.7767,0.97,0.417,0.4244,-0.0075,L1
震荡-全样本,MACD_DIF大于0,3168,0.2056,0.2408,0.854,0.3864,0.4244,-0.0381,L1
震荡-全样本,MACD金叉态,3533,0.2126,0.2808,0.757,0.3583,0.4244,-0.0661,L1
震荡-全样本,MACD柱递增,12600,0.9091,0.8901,1.021,0.4296,0.4244,0.0052,L1
震荡-全样本,MACD零轴上金叉,335,0.023,0.0245,0.938,0.409,0.4244,-0.0155,L1
震荡-全样本,MACD底背离,6315,0.3534,0.5216,0.678,0.3332,0.4244,-0.0913,L1
震荡-全样本,BOLL收上中轨,3858,0.24,0.3008,0.798,0.3704,0.4244,-0.054,L1
震荡-全样本,BOLL突破上轨,506,0.0334,0.038,0.879,0.3933,0.4244,-0.0312,L1
震荡-全样本,BOLL触下轨反弹,9575,0.7163,0.6577,1.089,0.4454,0.4244,0.021,L1
震荡-全样本,BOLL开口扩张,13122,0.9604,0.917,1.047,0.4358,0.4244,0.0113,L1
震荡-全样本,KDJ金叉态,11914,0.8724,0.8323,1.048,0.436,0.4244,0.0115,L1
震荡-全样本,KDJ_J超卖,13077,0.938,0.9279,1.011,0.4271,0.4244,0.0026,L1
震荡-全样本,KDJ低位金叉,6925,0.5376,0.4612,1.166,0.4622,0.4244,0.0378,L1
震荡-全样本,KDJ_D小于30,10491,0.7628,0.7368,1.035,0.4329,0.4244,0.0085,L1
震荡-全样本,RSI6大于50,6445,0.4192,0.4891,0.857,0.3873,0.4244,-0.0372,L1
震荡-全样本,RSI金叉,10255,0.7348,0.7283,1.009,0.4266,0.4244,0.0022,L1
震荡-全样本,RSI6超卖,11902,0.8886,0.8188,1.085,0.4445,0.4244,0.0201,L1
震荡-全样本,RSI底背离,5545,0.3378,0.4377,0.772,0.3627,0.4244,-0.0618,L1
震荡-全样本,威科夫得分大于4,1950,0.1228,0.151,0.813,0.3749,0.4244,-0.0496,L1
震荡-全样本,威科夫得分大于7,697,0.0432,0.0545,0.792,0.3687,0.4244,-0.0557,L1
震荡-全样本,积累阶段,5064,0.2759,0.4237,0.651,0.3244,0.4244,-0.1,L1
震荡-全样本,威科夫B3弹簧,115,0.0054,0.0103,0.523,0.2783,0.4244,-0.1462,L1
震荡-全样本,威科夫B1突破,87,0.0052,0.0069,0.751,0.3563,0.4244,-0.0681,L1
震荡-全样本,黄金柱,556,0.0319,0.0453,0.704,0.3417,0.4244,-0.0827,L1
震荡-全样本,量能金叉,2902,0.2597,0.1679,1.546,0.5327,0.4244,0.1083,L1
震荡-全样本,六脉红灯大于5,8402,0.5726,0.6184,0.926,0.4057,0.4244,-0.0187,L1
震荡-全样本,六脉红灯大于6,5403,0.3566,0.4062,0.878,0.3929,0.4244,-0.0315,L1
震荡-全样本,六脉6红首发,5403,0.3566,0.4062,0.878,0.3929,0.4244,-0.0315,L1
震荡-全样本,六脉5红首发,8402,0.5726,0.6184,0.926,0.4057,0.4244,-0.0187,L1
震荡-全样本,偏多共振,1686,0.1132,0.1253,0.903,0.3998,0.4244,-0.0247,L1
震荡-全样本,多头共振,1680,0.113,0.1247,0.906,0.4006,0.4244,-0.0238,L1
震荡-全样本,火箭信号,971,0.089,0.0546,1.63,0.5458,0.4244,0.1214,L1
震荡-全样本,二连板,84,0.0086,0.0041,2.096,0.6071,0.4244,0.1827,L1
震荡-全样本,二次涨停,106,0.0079,0.0073,1.08,0.4434,0.4244,0.019,L1
震荡-全样本,纳财,56,0.0034,0.0045,0.753,0.3571,0.4244,-0.0673,L1
震荡-全样本,极限抄底,1159,0.1322,0.0461,2.869,0.679,0.4244,0.2546,L1
震荡-全样本,中枢进机会区,5992,0.4552,0.4065,1.12,0.4523,0.4244,0.0278,L1
震荡-全样本,中枢极限底,7043,0.5517,0.4654,1.185,0.4664,0.4244,0.042,L1
震荡-全样本,中枢上穿中轴,2593,0.1926,0.1791,1.076,0.4423,0.4244,0.0179,L1
震荡-全样本,中枢底部蓄力,9578,0.6582,0.7009,0.939,0.4092,0.4244,-0.0153,L1
震荡-全样本,中枢底部回升,11698,0.8661,0.8101,1.069,0.4408,0.4244,0.0164,L1
震荡-全样本,大盘多头,4669,0.2462,0.3967,0.621,0.314,0.4244,-0.1105,L1
震荡-全样本,大盘空头,4138,0.2776,0.3078,0.902,0.3995,0.4244,-0.025,L1
震荡-全样本,大盘安全,8355,0.5066,0.6613,0.766,0.361,0.4244,-0.0635,L1
震荡-全样本,SID等于1,4669,0.2462,0.3967,0.621,0.314,0.4244,-0.1105,L1
震荡-全样本,SID等于2,14028,1.0,1.0,1.0,0.4244,0.4244,0.0,L1
震荡-全样本,SID小于等于2,14028,1.0,1.0,1.0,0.4244,0.4244,0.0,L1
震荡-全样本,大盘5日上涨,9041,0.5494,0.7146,0.769,0.3618,0.4244,-0.0626,L1
震荡-全样本,相对强弱大于0,4700,0.3027,0.3589,0.843,0.3834,0.4244,-0.041,L1
震荡-全样本,相对强弱大于5,1119,0.0803,0.0794,1.011,0.4272,0.4244,0.0027,L1
震荡-全样本,量比>=1.3,3243,0.3178,0.1673,1.899,0.5834,0.4244,0.159,L1
震荡-全样本,量比>=2,551,0.0492,0.032,1.54,0.5318,0.4244,0.1073,L1
震荡-全样本,距前高<=10%,1195,0.0749,0.0928,0.807,0.3732,0.4244,-0.0512,L1
震荡-全样本,深跌(距前高>40%),776,0.0727,0.0425,1.712,0.558,0.4244,0.1336,L1
震荡-全样本,距前低<=10%,8795,0.5882,0.6556,0.897,0.3982,0.4244,-0.0263,L1
震荡-全样本,相对强弱>=0,1001,0.0648,0.0762,0.851,0.3856,0.4244,-0.0388,L1
震荡-全样本,相对强弱>=5,99,0.0069,0.0072,0.959,0.4141,0.4244,-0.0103,L1
震荡-全样本,多头排列 + 趋势多头,449,0.0291,0.0342,0.85,0.3853,0.4244,-0.0391,L2
震荡-全样本,多头排列 + 上升中回调,499,0.0287,0.0406,0.707,0.3427,0.4244,-0.0818,L2
震荡-全样本,多头排列 + 突破前高,60,0.0052,0.0036,1.45,0.5167,0.4244,0.0922,L2
震荡-全样本,多头排列 + 站上MA5,569,0.0371,0.0431,0.861,0.3884,0.4244,-0.036,L2
震荡-全样本,多头排列 + 站上MA13,408,0.0262,0.0312,0.839,0.3824,0.4244,-0.0421,L2
震荡-全样本,多头排列 + 站上MA34,533,0.0336,0.0412,0.814,0.3752,0.4244,-0.0492,L2
震荡-全样本,多头排列 + 站上MA55,583,0.0363,0.0455,0.798,0.3705,0.4244,-0.0539,L2
震荡-全样本,多头排列 + 站上MA89,580,0.0361,0.0452,0.799,0.3707,0.4244,-0.0537,L2
震荡-全样本,多头排列 + 站上MA144,560,0.0349,0.0436,0.801,0.3714,0.4244,-0.053,L2
震荡-全样本,多头排列 + 站上MA233,514,0.0322,0.0399,0.809,0.3735,0.4244,-0.0509,L2
震荡-全样本,多头排列 + 斐波短中多头,480,0.0334,0.0348,0.96,0.4146,0.4244,-0.0099,L2
震荡-全样本,多头排列 + 斐波长多头,235,0.0141,0.0187,0.754,0.3574,0.4244,-0.067,L2
震荡-全样本,多头排列 + 斐波全多头,163,0.0106,0.0124,0.854,0.3865,0.4244,-0.0379,L2
震荡-全样本,多头排列 + 放量,450,0.0309,0.0329,0.938,0.4089,0.4244,-0.0155,L2
震荡-全样本,多头排列 + 缩量,587,0.038,0.0447,0.849,0.385,0.4244,-0.0394,L2
震荡-全样本,多头排列 + 量比大于1,534,0.0346,0.0406,0.852,0.3858,0.4244,-0.0387,L2
震荡-全样本,多头排列 + 量比大于1_3,365,0.0232,0.0281,0.824,0.3781,0.4244,-0.0464,L2
震荡-全样本,多头排列 + 量比大于2,161,0.0106,0.0121,0.872,0.3913,0.4244,-0.0331,L2
震荡-全样本,多头排列 + 量能递增,448,0.0333,0.031,1.074,0.442,0.4244,0.0175,L2
震荡-全样本,多头排列 + 价涨量增,353,0.0235,0.0264,0.891,0.3966,0.4244,-0.0278,L2
震荡-全样本,多头排列 + 价涨量缩,526,0.0344,0.0398,0.866,0.3897,0.4244,-0.0347,L2
震荡-全样本,多头排列 + MACD_DIF大于0,636,0.0432,0.0469,0.92,0.4041,0.4244,-0.0203,L2
震荡-全样本,多头排列 + MACD金叉态,273,0.0213,0.0181,1.18,0.4652,0.4244,0.0408,L2
震荡-全样本,多头排列 + MACD柱递增,407,0.024,0.0327,0.735,0.3514,0.4244,-0.0731,L2
震荡-全样本,多头排列 + MACD零轴上金叉,126,0.0086,0.0093,0.922,0.4048,0.4244,-0.0197,L2
震荡-全样本,多头排列 + MACD底背离,127,0.0076,0.0102,0.744,0.3543,0.4244,-0.0701,L2
震荡-全样本,多头排列 + BOLL收上中轨,453,0.0292,0.0346,0.846,0.3841,0.4244,-0.0403,L2
震荡-全样本,多头排列 + BOLL突破上轨,116,0.0082,0.0083,0.992,0.4224,0.4244,-0.002,L2
震荡-全样本,多头排列 + BOLL触下轨反弹,379,0.0272,0.0269,1.012,0.4274,0.4244,0.003,L2
震荡-全样本,多头排列 + BOLL开口扩张,543,0.0376,0.0395,0.952,0.4125,0.4244,-0.0119,L2
震荡-全样本,多头排列 + KDJ金叉态,366,0.0235,0.028,0.84,0.3825,0.4244,-0.0419,L2
震荡-全样本,多头排列 + KDJ_J超卖,554,0.0373,0.0411,0.907,0.4007,0.4244,-0.0237,L2
震荡-全样本,多头排列 + KDJ_D小于30,82,0.006,0.0057,1.061,0.439,0.4244,0.0146,L2
震荡-全样本,多头排列 + RSI6大于50,452,0.0282,0.0352,0.802,0.3717,0.4244,-0.0528,L2
震荡-全样本,多头排列 + RSI金叉,370,0.0245,0.0277,0.884,0.3946,0.4244,-0.0298,L2
震荡-全样本,多头排列 + RSI6超卖,335,0.024,0.0238,1.01,0.4269,0.4244,0.0024,L2
震荡-全样本,多头排列 + RSI底背离,61,0.0045,0.0042,1.077,0.4426,0.4244,0.0182,L2
震荡-全样本,多头排列 + 威科夫得分大于4,527,0.0364,0.0384,0.949,0.4118,0.4244,-0.0127,L2
震荡-全样本,多头排列 + 威科夫得分大于7,321,0.0212,0.0242,0.876,0.3925,0.4244,-0.0319,L2
震荡-全样本,多头排列 + 积累阶段,91,0.0067,0.0063,1.064,0.4396,0.4244,0.0151,L2
震荡-全样本,多头排列 + 量能金叉,139,0.0079,0.0114,0.693,0.3381,0.4244,-0.0863,L2
震荡-全样本,多头排列 + 六脉红灯大于5,298,0.0207,0.0217,0.953,0.4128,0.4244,-0.0117,L2
震荡-全样本,多头排列 + 六脉红灯大于6,220,0.0138,0.0171,0.806,0.3727,0.4244,-0.0517,L2
震荡-全样本,多头排列 + 六脉6红首发,220,0.0138,0.0171,0.806,0.3727,0.4244,-0.0517,L2
震荡-全样本,多头排列 + 六脉5红首发,298,0.0207,0.0217,0.953,0.4128,0.4244,-0.0117,L2
震荡-全样本,多头排列 + 偏多共振,387,0.0242,0.0301,0.804,0.3721,0.4244,-0.0523,L2
震荡-全样本,多头排列 + 多头共振,387,0.0242,0.0301,0.804,0.3721,0.4244,-0.0523,L2
震荡-全样本,多头排列 + 火箭信号,87,0.0066,0.0059,1.102,0.4483,0.4244,0.0238,L2
震荡-全样本,多头排列 + 中枢进机会区,198,0.0166,0.0123,1.356,0.5,0.4244,0.0756,L2
震荡-全样本,多头排列 + 中枢极限底,96,0.0089,0.0053,1.671,0.5521,0.4244,0.1276,L2
震荡-全样本,多头排列 + 中枢上穿中轴,279,0.0173,0.0218,0.794,0.3692,0.4244,-0.0553,L2
震荡-全样本,多头排列 + 中枢底部蓄力,63,0.0044,0.0046,0.953,0.4127,0.4244,-0.0117,L2
震荡-全样本,多头排列 + 中枢底部回升,214,0.017,0.014,1.212,0.472,0.4244,0.0475,L2
震荡-全样本,多头排列 + 大盘多头,369,0.0197,0.0312,0.63,0.3171,0.4244,-0.1074,L2
震荡-全样本,多头排列 + 大盘空头,85,0.0044,0.0073,0.598,0.3059,0.4244,-0.1186,L2
震荡-全样本,多头排列 + 大盘安全,449,0.0245,0.0375,0.653,0.3252,0.4244,-0.0993,L2
震荡-全样本,多头排列 + SID等于1,369,0.0197,0.0312,0.63,0.3171,0.4244,-0.1074,L2
震荡-全样本,多头排列 + SID等于2,649,0.0435,0.0483,0.901,0.3991,0.4244,-0.0254,L2
震荡-全样本,多头排列 + SID小于等于2,649,0.0435,0.0483,0.901,0.3991,0.4244,-0.0254,L2
震荡-全样本,多头排列 + 大盘5日上涨,369,0.0205,0.0306,0.67,0.3306,0.4244,-0.0938,L2
震荡-全样本,多头排列 + 相对强弱大于0,544,0.0376,0.0396,0.949,0.4118,0.4244,-0.0127,L2
震荡-全样本,多头排列 + 相对强弱大于5,225,0.0168,0.0155,1.085,0.4444,0.4244,0.02,L2
震荡-全样本,多头排列 + 量比>=1.3,93,0.0072,0.0062,1.166,0.4624,0.4244,0.0379,L2
震荡-全样本,多头排列 + 距前高<=10%,190,0.0109,0.0155,0.705,0.3421,0.4244,-0.0823,L2
震荡-全样本,多头排列 + 距前低<=10%,157,0.0119,0.0107,1.12,0.4522,0.4244,0.0278,L2
震荡-全样本,多头排列 + 相对强弱>=0,161,0.0104,0.0123,0.849,0.3851,0.4244,-0.0393,L2
震荡-全样本,空头排列 + 趋势空头,8631,0.6216,0.6106,1.018,0.4288,0.4244,0.0044,L2
震荡-全样本,空头排列 + 站上MA5,8011,0.5929,0.555,1.068,0.4406,0.4244,0.0162,L2
震荡-全样本,空头排列 + 站上MA13,3133,0.2052,0.2367,0.867,0.39,0.4244,-0.0344,L2
震荡-全样本,空头排列 + 站上MA34,994,0.068,0.073,0.932,0.4074,0.4244,-0.017,L2
震荡-全样本,空头排列 + 站上MA55,608,0.0432,0.0435,0.993,0.4227,0.4244,-0.0017,L2
震荡-全样本,空头排列 + 站上MA89,991,0.0519,0.0845,0.614,0.3118,0.4244,-0.1126,L2
震荡-全样本,空头排列 + 站上MA144,2172,0.1114,0.1869,0.596,0.3052,0.4244,-0.1192,L2
震荡-全样本,空头排列 + 站上MA233,3187,0.1819,0.2606,0.698,0.3398,0.4244,-0.0846,L2
震荡-全样本,空头排列 + 斐波长多头,2043,0.1144,0.1687,0.678,0.3333,0.4244,-0.0911,L2
震荡-全样本,空头排列 + MA55上穿MA89,124,0.0096,0.0083,1.154,0.4597,0.4244,0.0352,L2
震荡-全样本,空头排列 + 放量,6391,0.5012,0.422,1.188,0.4669,0.4244,0.0425,L2
震荡-全样本,空头排列 + 缩量,7388,0.4864,0.5564,0.874,0.392,0.4244,-0.0324,L2
震荡-全样本,空头排列 + 量比大于1,8003,0.5894,0.5566,1.059,0.4385,0.4244,0.014,L2
震荡-全样本,空头排列 + 量比大于1_3,6042,0.474,0.3988,1.188,0.4671,0.4244,0.0426,L2
震荡-全样本,空头排列 + 量比大于2,2360,0.2111,0.1366,1.545,0.5326,0.4244,0.1082,L2
震荡-全样本,空头排列 + 量能递增,5080,0.4244,0.3162,1.342,0.4974,0.4244,0.073,L2
震荡-全样本,空头排列 + 价涨量增,5262,0.4279,0.3361,1.273,0.4842,0.4244,0.0598,L2
震荡-全样本,空头排列 + 价涨量缩,6495,0.455,0.4689,0.97,0.4171,0.4244,-0.0073,L2
震荡-全样本,空头排列 + MACD_DIF大于0,169,0.0143,0.0104,1.372,0.503,0.4244,0.0785,L2
震荡-全样本,空头排列 + MACD金叉态,2645,0.1503,0.2167,0.694,0.3384,0.4244,-0.0861,L2
震荡-全样本,空头排列 + MACD柱递增,7993,0.5846,0.5588,1.046,0.4355,0.4244,0.0111,L2
震荡-全样本,空头排列 + MACD底背离,4895,0.278,0.4013,0.693,0.3381,0.4244,-0.0863,L2
震荡-全样本,空头排列 + BOLL收上中轨,1924,0.1201,0.1497,0.802,0.3716,0.4244,-0.0528,L2
震荡-全样本,空头排列 + BOLL突破上轨,201,0.0131,0.0152,0.86,0.3881,0.4244,-0.0364,L2
震荡-全样本,空头排列 + BOLL触下轨反弹,6109,0.4649,0.4138,1.123,0.4531,0.4244,0.0287,L2
震荡-全样本,空头排列 + BOLL开口扩张,8038,0.5984,0.5542,1.08,0.4433,0.4244,0.0188,L2
震荡-全样本,空头排列 + KDJ金叉态,7654,0.5702,0.5275,1.081,0.4436,0.4244,0.0191,L2
震荡-全样本,空头排列 + KDJ_J超卖,8121,0.5865,0.5733,1.023,0.43,0.4244,0.0056,L2
震荡-全样本,空头排列 + KDJ低位金叉,4947,0.393,0.3229,1.217,0.473,0.4244,0.0486,L2
震荡-全样本,空头排列 + KDJ_D小于30,7110,0.5272,0.4918,1.072,0.4415,0.4244,0.0171,L2
震荡-全样本,空头排列 + RSI6大于50,3764,0.2501,0.2818,0.888,0.3956,0.4244,-0.0288,L2
震荡-全样本,空头排列 + RSI金叉,7052,0.5176,0.4917,1.053,0.437,0.4244,0.0126,L2
震荡-全样本,空头排列 + RSI6超卖,7824,0.5779,0.5429,1.065,0.4398,0.4244,0.0154,L2
震荡-全样本,空头排列 + RSI底背离,4426,0.2736,0.3464,0.79,0.3681,0.4244,-0.0564,L2
震荡-全样本,空头排列 + 威科夫得分大于4,304,0.0176,0.0246,0.716,0.3454,0.4244,-0.079,L2
震荡-全样本,空头排列 + 威科夫得分大于7,68,0.0035,0.0058,0.606,0.3088,0.4244,-0.1156,L2
震荡-全样本,空头排列 + 积累阶段,3444,0.1725,0.2994,0.576,0.2982,0.4244,-0.1262,L2
震荡-全样本,空头排列 + 威科夫B3弹簧,107,0.0047,0.0098,0.481,0.2617,0.4244,-0.1628,L2
震荡-全样本,空头排列 + 威科夫B1突破,69,0.004,0.0056,0.723,0.3478,0.4244,-0.0766,L2
震荡-全样本,空头排列 + 黄金柱,335,0.0178,0.0284,0.628,0.3164,0.4244,-0.108,L2
震荡-全样本,空头排列 + 量能金叉,1808,0.1669,0.1008,1.656,0.5498,0.4244,0.1253,L2
震荡-全样本,空头排列 + 六脉红灯大于5,5716,0.4017,0.4117,0.976,0.4185,0.4244,-0.006,L2
震荡-全样本,空头排列 + 六脉红灯大于6,3490,0.2341,0.2596,0.902,0.3994,0.4244,-0.025,L2
震荡-全样本,空头排列 + 六脉6红首发,3490,0.2341,0.2596,0.902,0.3994,0.4244,-0.025,L2
震荡-全样本,空头排列 + 六脉5红首发,5716,0.4017,0.4117,0.976,0.4185,0.4244,-0.006,L2
震荡-全样本,空头排列 + 偏多共振,145,0.0104,0.0103,1.013,0.4276,0.4244,0.0031,L2
震荡-全样本,空头排列 + 多头共振,144,0.0104,0.0102,1.025,0.4306,0.4244,0.0061,L2
震荡-全样本,空头排列 + 火箭信号,564,0.0561,0.0285,1.969,0.5922,0.4244,0.1678,L2
震荡-全样本,空头排列 + 二连板,53,0.0057,0.0024,2.427,0.6415,0.4244,0.2171,L2
震荡-全样本,空头排列 + 极限抄底,939,0.1043,0.0394,2.648,0.6613,0.4244,0.2369,L2
震荡-全样本,空头排列 + 中枢进机会区,3322,0.2321,0.2403,0.966,0.416,0.4244,-0.0084,L2
震荡-全样本,空头排列 + 中枢极限底,5089,0.3771,0.3522,1.07,0.4411,0.4244,0.0167,L2
震荡-全样本,空头排列 + 中枢上穿中轴,1102,0.0909,0.0695,1.308,0.4909,0.4244,0.0665,L2
震荡-全样本,空头排列 + 中枢底部蓄力,7629,0.5297,0.5542,0.956,0.4134,0.4244,-0.011,L2
震荡-全样本,空头排列 + 中枢底部回升,8327,0.5974,0.5908,1.011,0.4272,0.4244,0.0027,L2
震荡-全样本,空头排列 + 大盘多头,2308,0.1201,0.1973,0.609,0.3098,0.4244,-0.1146,L2
震荡-全样本,空头排列 + 大盘空头,3331,0.2345,0.2397,0.978,0.4191,0.4244,-0.0053,L2
震荡-全样本,空头排列 + 大盘安全,5278,0.3406,0.4025,0.846,0.3842,0.4244,-0.0402,L2
震荡-全样本,空头排列 + SID等于1,2308,0.1201,0.1973,0.609,0.3098,0.4244,-0.1146,L2
震荡-全样本,空头排列 + SID等于2,8657,0.6234,0.6125,1.018,0.4288,0.4244,0.0043,L2
震荡-全样本,空头排列 + SID小于等于2,8657,0.6234,0.6125,1.018,0.4288,0.4244,0.0043,L2
震荡-全样本,空头排列 + 大盘5日上涨,5808,0.3735,0.4439,0.841,0.3829,0.4244,-0.0415,L2
震荡-全样本,空头排列 + 相对强弱大于0,2448,0.1552,0.1888,0.822,0.3775,0.4244,-0.047,L2
震荡-全样本,空头排列 + 相对强弱大于5,500,0.0349,0.0362,0.966,0.416,0.4244,-0.0084,L2
震荡-全样本,空头排列 + 量比>=1.3,2282,0.2262,0.1158,1.954,0.5903,0.4244,0.1658,L2
震荡-全样本,空头排列 + 量比>=2,368,0.0336,0.0208,1.614,0.5435,0.4244,0.119,L2
震荡-全样本,空头排列 + 距前高<=10%,274,0.0168,0.0216,0.779,0.365,0.4244,-0.0595,L2
震荡-全样本,空头排列 + 深跌(距前高>40%),690,0.0672,0.0359,1.87,0.5797,0.4244,0.1553,L2
震荡-全样本,空头排列 + 距前低<=10%,6973,0.4456,0.5351,0.833,0.3805,0.4244,-0.044,L2
震荡-全样本,空头排列 + 相对强弱>=0,506,0.0302,0.0404,0.749,0.3557,0.4244,-0.0687,L2
震荡-全样本,趋势多头 + 趋势空头,83,0.0076,0.0047,1.606,0.5422,0.4244,0.1177,L2
震荡-全样本,趋势多头 + 上升中回调,1245,0.0712,0.1017,0.7,0.3406,0.4244,-0.0839,L2
震荡-全样本,趋势多头 + 突破前高,136,0.0111,0.0087,1.279,0.4853,0.4244,0.0609,L2
震荡-全样本,趋势多头 + 站上MA5,1683,0.1056,0.1305,0.809,0.3737,0.4244,-0.0507,L2
震荡-全样本,趋势多头 + 站上MA13,1603,0.1018,0.1235,0.824,0.378,0.4244,-0.0464,L2
震荡-全样本,趋势多头 + 站上MA34,1596,0.1031,0.1216,0.848,0.3847,0.4244,-0.0397,L2
震荡-全样本,趋势多头 + 站上MA55,1715,0.1087,0.1323,0.822,0.3773,0.4244,-0.0472,L2
震荡-全样本,趋势多头 + 站上MA89,1611,0.1006,0.1253,0.803,0.3718,0.4244,-0.0526,L2
震荡-全样本,趋势多头 + 站上MA144,1477,0.093,0.1143,0.814,0.3751,0.4244,-0.0494,L2
震荡-全样本,趋势多头 + 站上MA233,1335,0.0852,0.1026,0.83,0.3798,0.4244,-0.0447,L2
震荡-全样本,趋势多头 + 斐波短中多头,523,0.0306,0.0422,0.724,0.348,0.4244,-0.0764,L2
震荡-全样本,趋势多头 + 斐波长多头,534,0.0309,0.0433,0.713,0.3446,0.4244,-0.0799,L2
震荡-全样本,趋势多头 + 斐波全多头,166,0.0084,0.0144,0.585,0.3012,0.4244,-0.1232,L2
震荡-全样本,趋势多头 + MA55上穿MA89,92,0.0066,0.0066,0.998,0.4239,0.4244,-0.0005,L2
震荡-全样本,趋势多头 + 放量,1454,0.0927,0.1117,0.83,0.3796,0.4244,-0.0448,L2
震荡-全样本,趋势多头 + 缩量,1543,0.092,0.1232,0.747,0.3552,0.4244,-0.0693,L2
震荡-全样本,趋势多头 + 量比大于1,1661,0.1041,0.1289,0.808,0.3733,0.4244,-0.0512,L2
震荡-全样本,趋势多头 + 量比大于1_3,1370,0.0865,0.1059,0.817,0.3759,0.4244,-0.0485,L2
震荡-全样本,趋势多头 + 量比大于2,688,0.0489,0.0492,0.994,0.423,0.4244,-0.0015,L2
震荡-全样本,趋势多头 + 量能递增,1059,0.0741,0.0765,0.968,0.4164,0.4244,-0.008,L2
震荡-全样本,趋势多头 + 价涨量增,1360,0.0878,0.1037,0.847,0.3846,0.4244,-0.0399,L2
震荡-全样本,趋势多头 + 价涨量缩,1222,0.0737,0.097,0.76,0.3592,0.4244,-0.0652,L2
震荡-全样本,趋势多头 + MACD_DIF大于0,1368,0.0855,0.1064,0.804,0.3721,0.4244,-0.0524,L2
震荡-全样本,趋势多头 + MACD金叉态,590,0.0438,0.0407,1.076,0.4424,0.4244,0.0179,L2
震荡-全样本,趋势多头 + MACD柱递增,1525,0.0949,0.1189,0.798,0.3705,0.4244,-0.0539,L2
震荡-全样本,趋势多头 + MACD零轴上金叉,299,0.0212,0.0214,0.988,0.4214,0.4244,-0.003,L2
震荡-全样本,趋势多头 + MACD底背离,437,0.0247,0.0359,0.687,0.3364,0.4244,-0.0881,L2
震荡-全样本,趋势多头 + BOLL收上中轨,1728,0.109,0.1336,0.816,0.3756,0.4244,-0.0489,L2
震荡-全样本,趋势多头 + BOLL突破上轨,255,0.0185,0.018,1.029,0.4314,0.4244,0.0069,L2
震荡-全样本,趋势多头 + BOLL触下轨反弹,1109,0.0729,0.0836,0.872,0.3913,0.4244,-0.0331,L2
震荡-全样本,趋势多头 + BOLL开口扩张,1560,0.0996,0.1198,0.832,0.3801,0.4244,-0.0443,L2
震荡-全样本,趋势多头 + KDJ金叉态,1575,0.0998,0.1215,0.821,0.3771,0.4244,-0.0473,L2
震荡-全样本,趋势多头 + KDJ_J超卖,1497,0.0957,0.1148,0.834,0.3808,0.4244,-0.0437,L2
震荡-全样本,趋势多头 + KDJ低位金叉,222,0.0144,0.0168,0.858,0.3874,0.4244,-0.037,L2
震荡-全样本,趋势多头 + KDJ_D小于30,703,0.0443,0.0544,0.815,0.3755,0.4244,-0.0489,L2
震荡-全样本,趋势多头 + RSI6大于50,1670,0.1053,0.1292,0.815,0.3754,0.4244,-0.049,L2
震荡-全样本,趋势多头 + RSI金叉,1565,0.0994,0.1205,0.825,0.3783,0.4244,-0.0462,L2
震荡-全样本,趋势多头 + RSI6超卖,1015,0.0695,0.0744,0.934,0.4079,0.4244,-0.0166,L2
震荡-全样本,趋势多头 + RSI底背离,323,0.02,0.0253,0.791,0.3684,0.4244,-0.056,L2
震荡-全样本,趋势多头 + 威科夫得分大于4,1021,0.0648,0.0786,0.824,0.3781,0.4244,-0.0464,L2
震荡-全样本,趋势多头 + 威科夫得分大于7,483,0.0306,0.0373,0.82,0.3768,0.4244,-0.0476,L2
震荡-全样本,趋势多头 + 积累阶段,475,0.0329,0.0346,0.953,0.4126,0.4244,-0.0118,L2
震荡-全样本,趋势多头 + 黄金柱,179,0.0121,0.0133,0.912,0.4022,0.4244,-0.0222,L2
震荡-全样本,趋势多头 + 量能金叉,535,0.0356,0.04,0.89,0.3963,0.4244,-0.0282,L2
震荡-全样本,趋势多头 + 六脉红灯大于5,1470,0.0944,0.1125,0.839,0.3823,0.4244,-0.0421,L2
震荡-全样本,趋势多头 + 六脉红灯大于6,1311,0.0831,0.1011,0.823,0.3776,0.4244,-0.0469,L2
震荡-全样本,趋势多头 + 六脉6红首发,1311,0.0831,0.1011,0.823,0.3776,0.4244,-0.0469,L2
震荡-全样本,趋势多头 + 六脉5红首发,1470,0.0944,0.1125,0.839,0.3823,0.4244,-0.0421,L2
震荡-全样本,趋势多头 + 偏多共振,640,0.0359,0.0528,0.681,0.3344,0.4244,-0.0901,L2
震荡-全样本,趋势多头 + 多头共振,640,0.0359,0.0528,0.681,0.3344,0.4244,-0.0901,L2
震荡-全样本,趋势多头 + 火箭信号,298,0.0237,0.0194,1.218,0.4732,0.4244,0.0487,L2
震荡-全样本,趋势多头 + 中枢进机会区,594,0.0413,0.0431,0.959,0.4141,0.4244,-0.0103,L2
震荡-全样本,趋势多头 + 中枢极限底,337,0.0244,0.0238,1.024,0.4303,0.4244,0.0058,L2
震荡-全样本,趋势多头 + 中枢上穿中轴,1089,0.0726,0.0814,0.892,0.3967,0.4244,-0.0277,L2
震荡-全样本,趋势多头 + 中枢底部蓄力,343,0.0212,0.0269,0.787,0.3673,0.4244,-0.0571,L2
震荡-全样本,趋势多头 + 中枢底部回升,766,0.0516,0.0568,0.907,0.4008,0.4244,-0.0237,L2
震荡-全样本,趋势多头 + 大盘多头,1018,0.0566,0.0843,0.671,0.331,0.4244,-0.0934,L2
震荡-全样本,趋势多头 + 大盘空头,276,0.0156,0.0227,0.689,0.337,0.4244,-0.0875,L2
震荡-全样本,趋势多头 + 大盘安全,1278,0.0721,0.1052,0.685,0.3357,0.4244,-0.0888,L2
震荡-全样本,趋势多头 + SID等于1,1018,0.0566,0.0843,0.671,0.331,0.4244,-0.0934,L2
震荡-全样本,趋势多头 + SID等于2,1728,0.109,0.1336,0.816,0.3756,0.4244,-0.0489,L2
震荡-全样本,趋势多头 + SID小于等于2,1728,0.109,0.1336,0.816,0.3756,0.4244,-0.0489,L2
震荡-全样本,趋势多头 + 大盘5日上涨,1254,0.0724,0.1019,0.71,0.3437,0.4244,-0.0807,L2
震荡-全样本,趋势多头 + 相对强弱大于0,1332,0.0845,0.1027,0.823,0.3776,0.4244,-0.0468,L2
震荡-全样本,趋势多头 + 相对强弱大于5,486,0.0356,0.0339,1.049,0.4362,0.4244,0.0118,L2
震荡-全样本,趋势多头 + 量比>=1.3,303,0.0235,0.0202,1.165,0.462,0.4244,0.0376,L2
震荡-全样本,趋势多头 + 量比>=2,87,0.0079,0.005,1.593,0.5402,0.4244,0.1158,L2
震荡-全样本,趋势多头 + 距前高<=10%,548,0.0349,0.0421,0.83,0.3796,0.4244,-0.0449,L2
震荡-全样本,趋势多头 + 距前低<=10%,417,0.0314,0.0285,1.103,0.4484,0.4244,0.024,L2
震荡-全样本,趋势多头 + 相对强弱>=0,292,0.0207,0.0209,0.987,0.4212,0.4244,-0.0032,L2
震荡-全样本,趋势空头 + 站上MA5,8331,0.6134,0.5795,1.058,0.4384,0.4244,0.0139,L2
震荡-全样本,趋势空头 + 站上MA13,3374,0.2202,0.2555,0.862,0.3886,0.4244,-0.0359,L2
震荡-全样本,趋势空头 + 站上MA34,1192,0.0815,0.0876,0.93,0.4069,0.4244,-0.0176,L2
震荡-全样本,趋势空头 + 站上MA55,752,0.0539,0.0534,1.01,0.4269,0.4244,0.0024,L2
震荡-全样本,趋势空头 + 站上MA89,1121,0.0605,0.0943,0.642,0.3211,0.4244,-0.1033,L2
震荡-全样本,趋势空头 + 站上MA144,2323,0.1208,0.1987,0.608,0.3095,0.4244,-0.1149,L2
震荡-全样本,趋势空头 + 站上MA233,3366,0.1921,0.2752,0.698,0.3399,0.4244,-0.0846,L2
震荡-全样本,趋势空头 + 斐波长多头,2126,0.1186,0.1759,0.674,0.3321,0.4244,-0.0924,L2
震荡-全样本,趋势空头 + MA55上穿MA89,125,0.0096,0.0084,1.137,0.456,0.4244,0.0316,L2
震荡-全样本,趋势空头 + 放量,6666,0.5181,0.4435,1.168,0.4628,0.4244,0.0384,L2
震荡-全样本,趋势空头 + 缩量,7666,0.5045,0.5774,0.874,0.3919,0.4244,-0.0326,L2
震荡-全样本,趋势空头 + 量比大于1,8294,0.6075,0.5793,1.049,0.4361,0.4244,0.0117,L2
震荡-全样本,趋势空头 + 量比大于1_3,6268,0.4867,0.4174,1.166,0.4623,0.4244,0.0379,L2
震荡-全样本,趋势空头 + 量比大于2,2451,0.2163,0.144,1.502,0.5255,0.4244,0.1011,L2
震荡-全样本,趋势空头 + 量能递增,5364,0.4432,0.3375,1.313,0.492,0.4244,0.0675,L2
震荡-全样本,趋势空头 + 价涨量增,5478,0.4416,0.3529,1.251,0.4799,0.4244,0.0555,L2
震荡-全样本,趋势空头 + 价涨量缩,6732,0.4711,0.4864,0.969,0.4167,0.4244,-0.0078,L2
震荡-全样本,趋势空头 + MACD_DIF大于0,332,0.026,0.0219,1.188,0.4669,0.4244,0.0424,L2
震荡-全样本,趋势空头 + MACD金叉态,2955,0.1698,0.2408,0.705,0.3421,0.4244,-0.0823,L2
震荡-全样本,趋势空头 + MACD柱递增,8228,0.6003,0.5764,1.041,0.4344,0.4244,0.0099,L2
震荡-全样本,趋势空头 + MACD零轴上金叉,61,0.0037,0.0048,0.765,0.3607,0.4244,-0.0638,L2
震荡-全样本,趋势空头 + MACD底背离,5010,0.284,0.4111,0.691,0.3375,0.4244,-0.0869,L2
震荡-全样本,趋势空头 + BOLL收上中轨,2184,0.1367,0.1697,0.806,0.3727,0.4244,-0.0517,L2
震荡-全样本,趋势空头 + BOLL突破上轨,268,0.0165,0.0211,0.782,0.3657,0.4244,-0.0588,L2
震荡-全样本,趋势空头 + BOLL触下轨反弹,6284,0.4767,0.4268,1.117,0.4516,0.4244,0.0272,L2
震荡-全样本,趋势空头 + BOLL开口扩张,8348,0.6176,0.5785,1.067,0.4405,0.4244,0.016,L2
震荡-全样本,趋势空头 + KDJ金叉态,7873,0.5845,0.5441,1.074,0.442,0.4244,0.0176,L2
震荡-全样本,趋势空头 + KDJ_J超卖,8395,0.605,0.5936,1.019,0.4291,0.4244,0.0046,L2
震荡-全样本,趋势空头 + KDJ低位金叉,4948,0.3927,0.3233,1.215,0.4725,0.4244,0.0481,L2
震荡-全样本,趋势空头 + KDJ_D小于30,7153,0.5299,0.4952,1.07,0.4411,0.4244,0.0166,L2
震荡-全样本,趋势空头 + RSI6大于50,4026,0.267,0.3017,0.885,0.3949,0.4244,-0.0295,L2
震荡-全样本,趋势空头 + RSI金叉,7331,0.5354,0.5131,1.043,0.4349,0.4244,0.0104,L2
震荡-全样本,趋势空头 + RSI6超卖,7998,0.59,0.5555,1.062,0.4392,0.4244,0.0148,L2
震荡-全样本,趋势空头 + RSI底背离,4529,0.2801,0.3543,0.791,0.3683,0.4244,-0.0561,L2
震荡-全样本,趋势空头 + 威科夫得分大于4,431,0.0264,0.0339,0.777,0.3643,0.4244,-0.0602,L2
震荡-全样本,趋势空头 + 威科夫得分大于7,122,0.0071,0.0099,0.712,0.3443,0.4244,-0.0802,L2
震荡-全样本,趋势空头 + 积累阶段,3649,0.1846,0.3158,0.584,0.3012,0.4244,-0.1233,L2
震荡-全样本,趋势空头 + 威科夫B3弹簧,108,0.0049,0.0098,0.498,0.2685,0.4244,-0.1559,L2
震荡-全样本,趋势空头 + 威科夫B1突破,82,0.0045,0.0068,0.666,0.3293,0.4244,-0.0952,L2
震荡-全样本,趋势空头 + 黄金柱,357,0.0191,0.0301,0.636,0.3193,0.4244,-0.1051,L2
震荡-全样本,趋势空头 + 量能金叉,1897,0.1725,0.1078,1.601,0.5414,0.4244,0.1169,L2
震荡-全样本,趋势空头 + 六脉红灯大于5,5925,0.4155,0.4274,0.972,0.4176,0.4244,-0.0069,L2
震荡-全样本,趋势空头 + 六脉红灯大于6,3668,0.2455,0.2732,0.899,0.3986,0.4244,-0.0259,L2
震荡-全样本,趋势空头 + 六脉6红首发,3668,0.2455,0.2732,0.899,0.3986,0.4244,-0.0259,L2
震荡-全样本,趋势空头 + 六脉5红首发,5925,0.4155,0.4274,0.972,0.4176,0.4244,-0.0069,L2
震荡-全样本,趋势空头 + 偏多共振,191,0.0141,0.0133,1.065,0.4398,0.4244,0.0154,L2
震荡-全样本,趋势空头 + 多头共振,190,0.0141,0.0131,1.075,0.4421,0.4244,0.0177,L2
震荡-全样本,趋势空头 + 火箭信号,603,0.0586,0.0315,1.863,0.5788,0.4244,0.1543,L2
震荡-全样本,趋势空头 + 二连板,57,0.0062,0.0025,2.509,0.6491,0.4244,0.2247,L2
震荡-全样本,趋势空头 + 极限抄底,939,0.1043,0.0394,2.648,0.6613,0.4244,0.2369,L2
震荡-全样本,趋势空头 + 中枢进机会区,3523,0.2445,0.256,0.955,0.4133,0.4244,-0.0112,L2
震荡-全样本,趋势空头 + 中枢极限底,5173,0.3809,0.3598,1.059,0.4384,0.4244,0.014,L2
震荡-全样本,趋势空头 + 中枢上穿中轴,1250,0.1006,0.0806,1.248,0.4792,0.4244,0.0548,L2
震荡-全样本,趋势空头 + 中枢底部蓄力,7721,0.5336,0.5628,0.948,0.4115,0.4244,-0.013,L2
震荡-全样本,趋势空头 + 中枢底部回升,8537,0.6095,0.6079,1.003,0.4251,0.4244,0.0007,L2
震荡-全样本,趋势空头 + 大盘多头,2442,0.1283,0.2078,0.617,0.3129,0.4244,-0.1116,L2
震荡-全样本,趋势空头 + 大盘空头,3452,0.2427,0.2486,0.976,0.4186,0.4244,-0.0058,L2
震荡-全样本,趋势空头 + 大盘安全,5554,0.3586,0.4235,0.847,0.3844,0.4244,-0.04,L2
震荡-全样本,趋势空头 + SID等于1,2442,0.1283,0.2078,0.617,0.3129,0.4244,-0.1116,L2
震荡-全样本,趋势空头 + SID等于2,9000,0.6458,0.6385,1.011,0.4272,0.4244,0.0028,L2
震荡-全样本,趋势空头 + SID小于等于2,9000,0.6458,0.6385,1.011,0.4272,0.4244,0.0028,L2
震荡-全样本,趋势空头 + 大盘5日上涨,6069,0.391,0.4633,0.844,0.3836,0.4244,-0.0408,L2
震荡-全样本,趋势空头 + 相对强弱大于0,2726,0.1738,0.2094,0.83,0.3797,0.4244,-0.0448,L2
震荡-全样本,趋势空头 + 相对强弱大于5,597,0.0418,0.0431,0.97,0.4171,0.4244,-0.0074,L2
震荡-全样本,趋势空头 + 量比>=1.3,2358,0.2306,0.122,1.89,0.5823,0.4244,0.1578,L2
震荡-全样本,趋势空头 + 量比>=2,387,0.0346,0.0224,1.543,0.5323,0.4244,0.1079,L2
震荡-全样本,趋势空头 + 距前高<=10%,326,0.0198,0.0258,0.769,0.362,0.4244,-0.0625,L2
震荡-全样本,趋势空头 + 深跌(距前高>40%),693,0.0673,0.0362,1.862,0.5786,0.4244,0.1542,L2
震荡-全样本,趋势空头 + 距前低<=10%,7224,0.461,0.5547,0.831,0.38,0.4244,-0.0445,L2
震荡-全样本,趋势空头 + 相对强弱>=0,607,0.0368,0.0481,0.765,0.3608,0.4244,-0.0636,L2
震荡-全样本,趋势空头 + 相对强弱>=5,54,0.0027,0.0047,0.571,0.2963,0.4244,-0.1281,L2
震荡-全样本,上升中回调 + 突破前高,90,0.006,0.0067,0.904,0.4,0.4244,-0.0244,L2
震荡-全样本,上升中回调 + 站上MA5,2656,0.1463,0.2211,0.662,0.3279,0.4244,-0.0965,L2
震荡-全样本,上升中回调 + 站上MA13,1479,0.085,0.1205,0.705,0.3421,0.4244,-0.0823,L2
震荡-全样本,上升中回调 + 站上MA34,1671,0.0936,0.138,0.678,0.3333,0.4244,-0.0911,L2
震荡-全样本,上升中回调 + 站上MA55,2635,0.1465,0.2184,0.671,0.3309,0.4244,-0.0935,L2
震荡-全样本,上升中回调 + 站上MA89,2618,0.1389,0.2218,0.626,0.3159,0.4244,-0.1085,L2
震荡-全样本,上升中回调 + 站上MA144,2468,0.1337,0.2071,0.646,0.3225,0.4244,-0.1019,L2
震荡-全样本,上升中回调 + 站上MA233,2243,0.1231,0.187,0.658,0.3268,0.4244,-0.0976,L2
震荡-全样本,上升中回调 + 斐波短中多头,649,0.0349,0.0546,0.64,0.3205,0.4244,-0.1039,L2
震荡-全样本,上升中回调 + 斐波长多头,1162,0.06,0.0997,0.601,0.3072,0.4244,-0.1172,L2
震荡-全样本,上升中回调 + 斐波全多头,219,0.0113,0.0188,0.598,0.3059,0.4244,-0.1185,L2
震荡-全样本,上升中回调 + MA55上穿MA89,141,0.0082,0.0114,0.722,0.3475,0.4244,-0.0769,L2
震荡-全样本,上升中回调 + 放量,1675,0.1019,0.1323,0.771,0.3624,0.4244,-0.062,L2
震荡-全样本,上升中回调 + 缩量,2671,0.1412,0.2267,0.623,0.3149,0.4244,-0.1096,L2
震荡-全样本,上升中回调 + 量比大于1,2482,0.1376,0.206,0.668,0.33,0.4244,-0.0945,L2
震荡-全样本,上升中回调 + 量比大于1_3,1650,0.0972,0.1326,0.733,0.3509,0.4244,-0.0735,L2
震荡-全样本,上升中回调 + 量比大于2,595,0.0385,0.0453,0.848,0.3849,0.4244,-0.0396,L2
震荡-全样本,上升中回调 + 量能递增,1180,0.0774,0.0891,0.869,0.3907,0.4244,-0.0338,L2
震荡-全样本,上升中回调 + 价涨量增,1405,0.086,0.1106,0.777,0.3644,0.4244,-0.06,L2
震荡-全样本,上升中回调 + 价涨量缩,2238,0.1198,0.1889,0.634,0.3186,0.4244,-0.1058,L2
震荡-全样本,上升中回调 + MACD_DIF大于0,2252,0.1231,0.1881,0.654,0.3255,0.4244,-0.0989,L2
震荡-全样本,上升中回调 + MACD金叉态,341,0.0237,0.0248,0.956,0.4135,0.4244,-0.0109,L2
震荡-全样本,上升中回调 + MACD柱递增,2391,0.1292,0.2009,0.643,0.3216,0.4244,-0.1028,L2
震荡-全样本,上升中回调 + MACD零轴上金叉,185,0.0118,0.0142,0.825,0.3784,0.4244,-0.0461,L2
震荡-全样本,上升中回调 + MACD底背离,714,0.0329,0.0642,0.513,0.2745,0.4244,-0.1499,L2
震荡-全样本,上升中回调 + BOLL收上中轨,1252,0.0714,0.1024,0.697,0.3395,0.4244,-0.085,L2
震荡-全样本,上升中回调 + BOLL突破上轨,169,0.0104,0.0133,0.786,0.3669,0.4244,-0.0576,L2
震荡-全样本,上升中回调 + BOLL触下轨反弹,1768,0.1018,0.1439,0.707,0.3428,0.4244,-0.0817,L2
震荡-全样本,上升中回调 + BOLL开口扩张,2595,0.1441,0.2151,0.67,0.3306,0.4244,-0.0938,L2
震荡-全样本,上升中回调 + KDJ金叉态,2284,0.1268,0.1894,0.67,0.3306,0.4244,-0.0939,L2
震荡-全样本,上升中回调 + KDJ_J超卖,2575,0.1416,0.2145,0.66,0.3274,0.4244,-0.0971,L2
震荡-全样本,上升中回调 + KDJ低位金叉,815,0.0406,0.071,0.573,0.2969,0.4244,-0.1275,L2
震荡-全样本,上升中回调 + KDJ_D小于30,1635,0.086,0.1391,0.618,0.3131,0.4244,-0.1113,L2
震荡-全样本,上升中回调 + RSI6大于50,1848,0.107,0.15,0.713,0.3447,0.4244,-0.0797,L2
震荡-全样本,上升中回调 + RSI金叉,1881,0.1105,0.1515,0.73,0.3498,0.4244,-0.0746,L2
震荡-全样本,上升中回调 + RSI6超卖,1872,0.1102,0.1506,0.732,0.3504,0.4244,-0.074,L2
震荡-全样本,上升中回调 + RSI底背离,535,0.0267,0.0466,0.573,0.2972,0.4244,-0.1272,L2
震荡-全样本,上升中回调 + 威科夫得分大于4,1134,0.066,0.0918,0.719,0.3466,0.4244,-0.0779,L2
震荡-全样本,上升中回调 + 威科夫得分大于7,435,0.026,0.0347,0.751,0.3563,0.4244,-0.0681,L2
震荡-全样本,上升中回调 + 积累阶段,697,0.0401,0.0567,0.708,0.3429,0.4244,-0.0815,L2
震荡-全样本,上升中回调 + 黄金柱,144,0.0089,0.0113,0.79,0.3681,0.4244,-0.0564,L2
震荡-全样本,上升中回调 + 量能金叉,500,0.0301,0.0398,0.756,0.358,0.4244,-0.0664,L2
震荡-全样本,上升中回调 + 六脉红灯大于5,1691,0.0993,0.1362,0.729,0.3495,0.4244,-0.0749,L2
震荡-全样本,上升中回调 + 六脉红灯大于6,1259,0.0751,0.1006,0.747,0.355,0.4244,-0.0694,L2
震荡-全样本,上升中回调 + 六脉6红首发,1259,0.0751,0.1006,0.747,0.355,0.4244,-0.0694,L2
震荡-全样本,上升中回调 + 六脉5红首发,1691,0.0993,0.1362,0.729,0.3495,0.4244,-0.0749,L2
震荡-全样本,上升中回调 + 偏多共振,1141,0.0601,0.097,0.62,0.3138,0.4244,-0.1107,L2
震荡-全样本,上升中回调 + 多头共振,1137,0.0601,0.0965,0.623,0.3149,0.4244,-0.1096,L2
震荡-全样本,上升中回调 + 火箭信号,234,0.017,0.0165,1.03,0.4316,0.4244,0.0072,L2
震荡-全样本,上升中回调 + 二次涨停,51,0.003,0.0041,0.74,0.3529,0.4244,-0.0715,L2
震荡-全样本,上升中回调 + 中枢进机会区,1023,0.0632,0.0801,0.788,0.3675,0.4244,-0.0569,L2
震荡-全样本,上升中回调 + 中枢极限底,487,0.0346,0.0348,0.994,0.423,0.4244,-0.0014,L2
震荡-全样本,上升中回调 + 中枢上穿中轴,1008,0.0628,0.0785,0.8,0.371,0.4244,-0.0534,L2
震荡-全样本,上升中回调 + 中枢底部蓄力,584,0.0301,0.0502,0.599,0.3065,0.4244,-0.1179,L2
震荡-全样本,上升中回调 + 中枢底部回升,1190,0.0731,0.0935,0.781,0.3655,0.4244,-0.0589,L2
震荡-全样本,上升中回调 + 大盘多头,1593,0.0778,0.14,0.556,0.2906,0.4244,-0.1338,L2
震荡-全样本,上升中回调 + 大盘空头,360,0.0163,0.0326,0.5,0.2694,0.4244,-0.155,L2
震荡-全样本,上升中回调 + 大盘安全,1928,0.0937,0.1697,0.552,0.2894,0.4244,-0.135,L2
震荡-全样本,上升中回调 + SID等于1,1593,0.0778,0.14,0.556,0.2906,0.4244,-0.1338,L2
震荡-全样本,上升中回调 + SID等于2,2832,0.1549,0.2366,0.655,0.3256,0.4244,-0.0989,L2
震荡-全样本,上升中回调 + SID小于等于2,2832,0.1549,0.2366,0.655,0.3256,0.4244,-0.0989,L2
震荡-全样本,上升中回调 + 大盘5日上涨,1973,0.0971,0.1728,0.562,0.293,0.4244,-0.1315,L2
震荡-全样本,上升中回调 + 相对强弱大于0,1425,0.0815,0.1164,0.7,0.3404,0.4244,-0.0841,L2
震荡-全样本,上升中回调 + 相对强弱大于5,367,0.0242,0.0276,0.876,0.3924,0.4244,-0.0321,L2
震荡-全样本,上升中回调 + 量比>=1.3,390,0.028,0.0276,1.016,0.4282,0.4244,0.0038,L2
震荡-全样本,上升中回调 + 量比>=2,94,0.0066,0.0068,0.962,0.4149,0.4244,-0.0095,L2
震荡-全样本,上升中回调 + 距前高<=10%,625,0.0366,0.0504,0.726,0.3488,0.4244,-0.0756,L2
震荡-全样本,上升中回调 + 距前低<=10%,428,0.0287,0.0318,0.902,0.3995,0.4244,-0.0249,L2
震荡-全样本,上升中回调 + 相对强弱>=0,285,0.0178,0.0222,0.803,0.3719,0.4244,-0.0525,L2
震荡-全样本,突破前高 + 站上MA5,156,0.0124,0.0102,1.224,0.4744,0.4244,0.0499,L2
震荡-全样本,突破前高 + 站上MA13,156,0.0124,0.0102,1.224,0.4744,0.4244,0.0499,L2
震荡-全样本,突破前高 + 站上MA34,156,0.0124,0.0102,1.224,0.4744,0.4244,0.0499,L2
震荡-全样本,突破前高 + 站上MA55,156,0.0124,0.0102,1.224,0.4744,0.4244,0.0499,L2
震荡-全样本,突破前高 + 站上MA89,156,0.0124,0.0102,1.224,0.4744,0.4244,0.0499,L2
震荡-全样本,突破前高 + 站上MA144,152,0.0123,0.0098,1.253,0.4803,0.4244,0.0558,L2
震荡-全样本,突破前高 + 站上MA233,132,0.0109,0.0083,1.316,0.4924,0.4244,0.068,L2
震荡-全样本,突破前高 + 斐波短中多头,63,0.0049,0.0042,1.157,0.4603,0.4244,0.0359,L2
震荡-全样本,突破前高 + 放量,156,0.0124,0.0102,1.224,0.4744,0.4244,0.0499,L2
震荡-全样本,突破前高 + 缩量,124,0.0089,0.0088,1.012,0.4274,0.4244,0.003,L2
震荡-全样本,突破前高 + 量比大于1,156,0.0124,0.0102,1.224,0.4744,0.4244,0.0499,L2
震荡-全样本,突破前高 + 量比大于1_3,155,0.0123,0.0102,1.207,0.471,0.4244,0.0465,L2
震荡-全样本,突破前高 + 量比大于2,134,0.0111,0.0084,1.316,0.4925,0.4244,0.0681,L2
震荡-全样本,突破前高 + 量能递增,145,0.0114,0.0095,1.198,0.469,0.4244,0.0445,L2
震荡-全样本,突破前高 + 价涨量增,156,0.0124,0.0102,1.224,0.4744,0.4244,0.0499,L2
震荡-全样本,突破前高 + 价涨量缩,88,0.0064,0.0062,1.031,0.4318,0.4244,0.0074,L2
震荡-全样本,突破前高 + MACD_DIF大于0,142,0.0109,0.0095,1.145,0.4577,0.4244,0.0333,L2
震荡-全样本,突破前高 + MACD金叉态,133,0.0106,0.0087,1.22,0.4737,0.4244,0.0492,L2
震荡-全样本,突破前高 + MACD柱递增,150,0.0118,0.0099,1.187,0.4667,0.4244,0.0422,L2
震荡-全样本,突破前高 + MACD零轴上金叉,102,0.0077,0.0069,1.114,0.451,0.4244,0.0265,L2
震荡-全样本,突破前高 + BOLL收上中轨,156,0.0124,0.0102,1.224,0.4744,0.4244,0.0499,L2
震荡-全样本,突破前高 + BOLL突破上轨,138,0.0107,0.0092,1.173,0.4638,0.4244,0.0393,L2
震荡-全样本,突破前高 + BOLL触下轨反弹,112,0.0086,0.0076,1.134,0.4554,0.4244,0.0309,L2
震荡-全样本,突破前高 + BOLL开口扩张,156,0.0124,0.0102,1.224,0.4744,0.4244,0.0499,L2
震荡-全样本,突破前高 + KDJ金叉态,156,0.0124,0.0102,1.224,0.4744,0.4244,0.0499,L2
震荡-全样本,突破前高 + KDJ_J超卖,129,0.0102,0.0084,1.216,0.4729,0.4244,0.0484,L2
震荡-全样本,突破前高 + KDJ_D小于30,52,0.0045,0.0031,1.465,0.5192,0.4244,0.0948,L2
震荡-全样本,突破前高 + RSI6大于50,156,0.0124,0.0102,1.224,0.4744,0.4244,0.0499,L2
震荡-全样本,突破前高 + RSI金叉,156,0.0124,0.0102,1.224,0.4744,0.4244,0.0499,L2
震荡-全样本,突破前高 + RSI6超卖,89,0.0074,0.0056,1.326,0.4944,0.4244,0.0699,L2
震荡-全样本,突破前高 + 威科夫得分大于4,118,0.0092,0.0078,1.184,0.4661,0.4244,0.0417,L2
震荡-全样本,突破前高 + 威科夫得分大于7,86,0.0069,0.0056,1.236,0.4767,0.4244,0.0523,L2
震荡-全样本,突破前高 + 量能金叉,92,0.0076,0.0058,1.298,0.4891,0.4244,0.0647,L2
震荡-全样本,突破前高 + 六脉红灯大于5,156,0.0124,0.0102,1.224,0.4744,0.4244,0.0499,L2
震荡-全样本,突破前高 + 六脉红灯大于6,155,0.0123,0.0102,1.207,0.471,0.4244,0.0465,L2
震荡-全样本,突破前高 + 六脉6红首发,155,0.0123,0.0102,1.207,0.471,0.4244,0.0465,L2
震荡-全样本,突破前高 + 六脉5红首发,156,0.0124,0.0102,1.224,0.4744,0.4244,0.0499,L2
震荡-全样本,突破前高 + 偏多共振,62,0.0042,0.0046,0.916,0.4032,0.4244,-0.0212,L2
震荡-全样本,突破前高 + 多头共振,62,0.0042,0.0046,0.916,0.4032,0.4244,-0.0212,L2
震荡-全样本,突破前高 + 火箭信号,95,0.0084,0.0056,1.507,0.5263,0.4244,0.1019,L2
震荡-全样本,突破前高 + 中枢进机会区,62,0.005,0.004,1.271,0.4839,0.4244,0.0594,L2
震荡-全样本,突破前高 + 中枢上穿中轴,127,0.0102,0.0082,1.253,0.4803,0.4244,0.0559,L2
震荡-全样本,突破前高 + 中枢底部回升,75,0.0066,0.0045,1.469,0.52,0.4244,0.0956,L2
震荡-全样本,突破前高 + 大盘多头,69,0.0045,0.0052,0.872,0.3913,0.4244,-0.0331,L2
震荡-全样本,突破前高 + 大盘安全,103,0.0067,0.0078,0.861,0.3883,0.4244,-0.0361,L2
震荡-全样本,突破前高 + SID等于1,69,0.0045,0.0052,0.872,0.3913,0.4244,-0.0331,L2
震荡-全样本,突破前高 + SID等于2,156,0.0124,0.0102,1.224,0.4744,0.4244,0.0499,L2
震荡-全样本,突破前高 + SID小于等于2,156,0.0124,0.0102,1.224,0.4744,0.4244,0.0499,L2
震荡-全样本,突破前高 + 大盘5日上涨,97,0.0064,0.0073,0.873,0.3918,0.4244,-0.0327,L2
震荡-全样本,突破前高 + 相对强弱大于0,155,0.0123,0.0102,1.207,0.471,0.4244,0.0465,L2
震荡-全样本,突破前高 + 相对强弱大于5,127,0.0104,0.0081,1.293,0.4882,0.4244,0.0638,L2
震荡-全样本,突破前高 + 量比>=1.3,58,0.0052,0.0033,1.557,0.5345,0.4244,0.11,L2
震荡-全样本,突破前高 + 距前高<=10%,76,0.0055,0.0053,1.041,0.4342,0.4244,0.0098,L2
震荡-全样本,突破前高 + 距前低<=10%,60,0.0057,0.0032,1.773,0.5667,0.4244,0.1422,L2
震荡-全样本,站上MA5 + 站上MA13,5279,0.3378,0.4048,0.834,0.3809,0.4244,-0.0435,L2
震荡-全样本,站上MA5 + 站上MA34,3121,0.1973,0.241,0.819,0.3765,0.4244,-0.048,L2
震荡-全样本,站上MA5 + 站上MA55,3654,0.2242,0.2872,0.781,0.3654,0.4244,-0.0591,L2
震荡-全样本,站上MA5 + 站上MA89,4283,0.2414,0.3525,0.685,0.3355,0.4244,-0.0889,L2
震荡-全样本,站上MA5 + 站上MA144,5378,0.3072,0.4396,0.699,0.3401,0.4244,-0.0843,L2
震荡-全样本,站上MA5 + 站上MA233,6348,0.3918,0.4973,0.788,0.3675,0.4244,-0.0569,L2
震荡-全样本,站上MA5 + 斐波短中多头,703,0.0432,0.0552,0.781,0.3656,0.4244,-0.0589,L2
震荡-全样本,站上MA5 + 斐波长多头,3661,0.2241,0.2882,0.777,0.3644,0.4244,-0.0601,L2
震荡-全样本,站上MA5 + 斐波全多头,222,0.0126,0.0182,0.692,0.3378,0.4244,-0.0866,L2
震荡-全样本,站上MA5 + MA55上穿MA89,354,0.0289,0.0225,1.282,0.4859,0.4244,0.0614,L2
震荡-全样本,站上MA5 + 放量,9106,0.7205,0.5965,1.208,0.4711,0.4244,0.0467,L2
震荡-全样本,站上MA5 + 缩量,11359,0.7748,0.8355,0.927,0.4061,0.4244,-0.0183,L2
震荡-全样本,站上MA5 + 量比大于1,11847,0.8787,0.8193,1.073,0.4416,0.4244,0.0172,L2
震荡-全样本,站上MA5 + 量比大于1_3,8805,0.6915,0.5806,1.191,0.4676,0.4244,0.0431,L2
震荡-全样本,站上MA5 + 量比大于2,3481,0.3052,0.2061,1.481,0.522,0.4244,0.0975,L2
震荡-全样本,站上MA5 + 量能递增,7161,0.6008,0.4439,1.353,0.4995,0.4244,0.0751,L2
震荡-全样本,站上MA5 + 价涨量增,7674,0.6117,0.4994,1.225,0.4746,0.4244,0.0502,L2
震荡-全样本,站上MA5 + 价涨量缩,9864,0.7064,0.7008,1.008,0.4264,0.4244,0.002,L2
震荡-全样本,站上MA5 + MACD_DIF大于0,2882,0.1856,0.2201,0.843,0.3834,0.4244,-0.041,L2
震荡-全样本,站上MA5 + MACD金叉态,3382,0.2022,0.2698,0.75,0.356,0.4244,-0.0684,L2
震荡-全样本,站上MA5 + MACD柱递增,12037,0.8833,0.8395,1.052,0.4369,0.4244,0.0125,L2
震荡-全样本,站上MA5 + MACD零轴上金叉,335,0.023,0.0245,0.938,0.409,0.4244,-0.0155,L2
震荡-全样本,站上MA5 + MACD底背离,5779,0.33,0.4724,0.699,0.34,0.4244,-0.0844,L2
震荡-全样本,站上MA5 + BOLL收上中轨,3796,0.2356,0.2964,0.795,0.3696,0.4244,-0.0548,L2
震荡-全样本,站上MA5 + BOLL突破上轨,506,0.0334,0.038,0.879,0.3933,0.4244,-0.0312,L2
震荡-全样本,站上MA5 + BOLL触下轨反弹,8824,0.677,0.5936,1.14,0.4568,0.4244,0.0324,L2
震荡-全样本,站上MA5 + BOLL开口扩张,12100,0.9041,0.8319,1.087,0.4449,0.4244,0.0204,L2
震荡-全样本,站上MA5 + KDJ金叉态,11509,0.8517,0.7974,1.068,0.4406,0.4244,0.0162,L2
震荡-全样本,站上MA5 + KDJ_J超卖,12043,0.8829,0.8405,1.051,0.4365,0.4244,0.0121,L2
震荡-全样本,站上MA5 + KDJ低位金叉,6614,0.5235,0.4331,1.209,0.4713,0.4244,0.0468,L2
震荡-全样本,站上MA5 + KDJ_D小于30,9678,0.7239,0.6649,1.089,0.4453,0.4244,0.0209,L2
震荡-全样本,站上MA5 + RSI6大于50,6418,0.4172,0.4872,0.856,0.387,0.4244,-0.0374,L2
震荡-全样本,站上MA5 + RSI金叉,10193,0.7328,0.7221,1.015,0.428,0.4244,0.0036,L2
震荡-全样本,站上MA5 + RSI6超卖,10927,0.8359,0.7369,1.134,0.4555,0.4244,0.031,L2
震荡-全样本,站上MA5 + RSI底背离,5105,0.3169,0.3986,0.795,0.3696,0.4244,-0.0548,L2
震荡-全样本,站上MA5 + 威科夫得分大于4,1802,0.1134,0.1396,0.812,0.3746,0.4244,-0.0499,L2
震荡-全样本,站上MA5 + 威科夫得分大于7,651,0.0401,0.051,0.787,0.3671,0.4244,-0.0573,L2
震荡-全样本,站上MA5 + 积累阶段,4686,0.2565,0.3913,0.655,0.3259,0.4244,-0.0986,L2
震荡-全样本,站上MA5 + 威科夫B3弹簧,111,0.0052,0.0099,0.525,0.2793,0.4244,-0.1452,L2
震荡-全样本,站上MA5 + 威科夫B1突破,87,0.0052,0.0069,0.751,0.3563,0.4244,-0.0681,L2
震荡-全样本,站上MA5 + 黄金柱,556,0.0319,0.0453,0.704,0.3417,0.4244,-0.0827,L2
震荡-全样本,站上MA5 + 量能金叉,2780,0.2513,0.159,1.58,0.5381,0.4244,0.1137,L2
震荡-全样本,站上MA5 + 六脉红灯大于5,8377,0.5715,0.6161,0.928,0.4062,0.4244,-0.0182,L2
震荡-全样本,站上MA5 + 六脉红灯大于6,5403,0.3566,0.4062,0.878,0.3929,0.4244,-0.0315,L2
震荡-全样本,站上MA5 + 六脉6红首发,5403,0.3566,0.4062,0.878,0.3929,0.4244,-0.0315,L2
震荡-全样本,站上MA5 + 六脉5红首发,8377,0.5715,0.6161,0.928,0.4062,0.4244,-0.0182,L2
震荡-全样本,站上MA5 + 偏多共振,1502,0.1004,0.112,0.897,0.3981,0.4244,-0.0263,L2
震荡-全样本,站上MA5 + 多头共振,1496,0.1003,0.1113,0.901,0.3991,0.4244,-0.0254,L2
震荡-全样本,站上MA5 + 火箭信号,966,0.0887,0.0542,1.635,0.5466,0.4244,0.1221,L2
震荡-全样本,站上MA5 + 二连板,84,0.0086,0.0041,2.096,0.6071,0.4244,0.1827,L2
震荡-全样本,站上MA5 + 二次涨停,105,0.0079,0.0072,1.099,0.4476,0.4244,0.0232,L2
震荡-全样本,站上MA5 + 纳财,56,0.0034,0.0045,0.753,0.3571,0.4244,-0.0673,L2
震荡-全样本,站上MA5 + 极限抄底,1056,0.1246,0.0389,3.204,0.7027,0.4244,0.2782,L2
震荡-全样本,站上MA5 + 中枢进机会区,5382,0.4162,0.3597,1.157,0.4604,0.4244,0.036,L2
震荡-全样本,站上MA5 + 中枢极限底,6490,0.5183,0.4216,1.229,0.4755,0.4244,0.0511,L2
震荡-全样本,站上MA5 + 中枢上穿中轴,2574,0.1918,0.1774,1.081,0.4437,0.4244,0.0192,L2
震荡-全样本,站上MA5 + 中枢底部蓄力,8824,0.6233,0.6333,0.984,0.4206,0.4244,-0.0039,L2
震荡-全样本,站上MA5 + 中枢底部回升,10872,0.8223,0.7402,1.111,0.4503,0.4244,0.0259,L2
震荡-全样本,站上MA5 + 大盘多头,4268,0.2279,0.3605,0.632,0.3179,0.4244,-0.1065,L2
震荡-全样本,站上MA5 + 大盘空头,3888,0.2687,0.2834,0.948,0.4115,0.4244,-0.0129,L2
震荡-全样本,站上MA5 + 大盘安全,7803,0.481,0.6117,0.786,0.367,0.4244,-0.0574,L2
震荡-全样本,站上MA5 + SID等于1,4268,0.2279,0.3605,0.632,0.3179,0.4244,-0.1065,L2
震荡-全样本,站上MA5 + SID等于2,12966,0.9426,0.9108,1.035,0.4328,0.4244,0.0084,L2
震荡-全样本,站上MA5 + SID小于等于2,12966,0.9426,0.9108,1.035,0.4328,0.4244,0.0084,L2
震荡-全样本,站上MA5 + 大盘5日上涨,8448,0.5225,0.661,0.79,0.3683,0.4244,-0.0562,L2
震荡-全样本,站上MA5 + 相对强弱大于0,4465,0.2859,0.3422,0.835,0.3812,0.4244,-0.0432,L2
震荡-全样本,站上MA5 + 相对强弱大于5,1083,0.0771,0.0773,0.997,0.4238,0.4244,-0.0006,L2
震荡-全样本,站上MA5 + 量比>=1.3,3084,0.3057,0.1566,1.953,0.5901,0.4244,0.1657,L2
震荡-全样本,站上MA5 + 量比>=2,514,0.0465,0.0294,1.585,0.5389,0.4244,0.1145,L2
震荡-全样本,站上MA5 + 距前高<=10%,1140,0.0724,0.0878,0.824,0.3781,0.4244,-0.0464,L2
震荡-全样本,站上MA5 + 深跌(距前高>40%),718,0.0695,0.0377,1.847,0.5766,0.4244,0.1522,L2
震荡-全样本,站上MA5 + 距前低<=10%,8017,0.5472,0.5894,0.928,0.4064,0.4244,-0.0181,L2
震荡-全样本,站上MA5 + 相对强弱>=0,959,0.0625,0.0727,0.859,0.3879,0.4244,-0.0365,L2
震荡-全样本,站上MA5 + 相对强弱>=5,99,0.0069,0.0072,0.959,0.4141,0.4244,-0.0103,L2
震荡-全样本,站上MA13 + 站上MA34,2683,0.1733,0.2045,0.848,0.3846,0.4244,-0.0398,L2
震荡-全样本,站上MA13 + 站上MA55,2575,0.1658,0.1967,0.843,0.3833,0.4244,-0.0411,L2
震荡-全样本,站上MA13 + 站上MA89,2526,0.1507,0.2018,0.747,0.3551,0.4244,-0.0693,L2
震荡-全样本,站上MA13 + 站上MA144,2767,0.1599,0.2248,0.711,0.3441,0.4244,-0.0804,L2
震荡-全样本,站上MA13 + 站上MA233,2960,0.1725,0.2394,0.72,0.347,0.4244,-0.0775,L2
震荡-全样本,站上MA13 + 斐波短中多头,480,0.0275,0.0391,0.704,0.3417,0.4244,-0.0828,L2
震荡-全样本,站上MA13 + 斐波长多头,1310,0.0662,0.1135,0.583,0.3008,0.4244,-0.1237,L2
震荡-全样本,站上MA13 + 斐波全多头,146,0.0066,0.0133,0.494,0.2671,0.4244,-0.1573,L2
震荡-全样本,站上MA13 + MA55上穿MA89,136,0.0089,0.0103,0.866,0.3897,0.4244,-0.0347,L2
震荡-全样本,站上MA13 + 放量,4531,0.3001,0.3399,0.883,0.3944,0.4244,-0.03,L2
震荡-全样本,站上MA13 + 缩量,4446,0.2576,0.3607,0.714,0.345,0.4244,-0.0794,L2
震荡-全样本,站上MA13 + 量比大于1,5159,0.3322,0.394,0.843,0.3834,0.4244,-0.041,L2
震荡-全样本,站上MA13 + 量比大于1_3,4370,0.2869,0.3297,0.87,0.3908,0.4244,-0.0336,L2
震荡-全样本,站上MA13 + 量比大于2,2061,0.1419,0.1506,0.942,0.41,0.4244,-0.0144,L2
震荡-全样本,站上MA13 + 量能递增,3411,0.2412,0.2446,0.986,0.421,0.4244,-0.0034,L2
震荡-全样本,站上MA13 + 价涨量增,4314,0.2877,0.3221,0.893,0.3971,0.4244,-0.0274,L2
震荡-全样本,站上MA13 + 价涨量缩,3470,0.2076,0.2767,0.75,0.3562,0.4244,-0.0682,L2
震荡-全样本,站上MA13 + MACD_DIF大于0,1562,0.0967,0.1221,0.792,0.3688,0.4244,-0.0557,L2
震荡-全样本,站上MA13 + MACD金叉态,2809,0.1725,0.2207,0.782,0.3656,0.4244,-0.0588,L2
震荡-全样本,站上MA13 + MACD柱递增,5045,0.3225,0.387,0.833,0.3806,0.4244,-0.0439,L2
震荡-全样本,站上MA13 + MACD零轴上金叉,335,0.023,0.0245,0.938,0.409,0.4244,-0.0155,L2
震荡-全样本,站上MA13 + MACD底背离,2691,0.1592,0.2159,0.738,0.3523,0.4244,-0.0722,L2
震荡-全样本,站上MA13 + BOLL收上中轨,3680,0.2296,0.2865,0.801,0.3715,0.4244,-0.053,L2
震荡-全样本,站上MA13 + BOLL突破上轨,506,0.0334,0.038,0.879,0.3933,0.4244,-0.0312,L2
震荡-全样本,站上MA13 + BOLL触下轨反弹,3454,0.2365,0.2534,0.933,0.4076,0.4244,-0.0168,L2
震荡-全样本,站上MA13 + BOLL开口扩张,4715,0.3127,0.3534,0.885,0.3949,0.4244,-0.0295,L2
震荡-全样本,站上MA13 + KDJ金叉态,5172,0.3331,0.395,0.843,0.3834,0.4244,-0.041,L2
震荡-全样本,站上MA13 + KDJ_J超卖,4577,0.2976,0.3474,0.857,0.3872,0.4244,-0.0373,L2
震荡-全样本,站上MA13 + KDJ低位金叉,1684,0.1229,0.1179,1.043,0.4347,0.4244,0.0102,L2
震荡-全样本,站上MA13 + KDJ_D小于30,3253,0.2214,0.2397,0.924,0.4052,0.4244,-0.0193,L2
震荡-全样本,站上MA13 + RSI6大于50,5230,0.3359,0.4,0.84,0.3824,0.4244,-0.042,L2
震荡-全样本,站上MA13 + RSI金叉,5164,0.3319,0.3948,0.841,0.3826,0.4244,-0.0418,L2
震荡-全样本,站上MA13 + RSI6超卖,3783,0.2597,0.2771,0.937,0.4087,0.4244,-0.0158,L2
震荡-全样本,站上MA13 + RSI底背离,2404,0.1505,0.1868,0.806,0.3727,0.4244,-0.0517,L2
震荡-全样本,站上MA13 + 威科夫得分大于4,1265,0.0761,0.1006,0.757,0.3581,0.4244,-0.0663,L2
震荡-全样本,站上MA13 + 威科夫得分大于7,536,0.0314,0.0432,0.727,0.3489,0.4244,-0.0756,L2
震荡-全样本,站上MA13 + 积累阶段,2329,0.1312,0.1917,0.684,0.3353,0.4244,-0.0891,L2
震荡-全样本,站上MA13 + 威科夫B3弹簧,68,0.0039,0.0056,0.693,0.3382,0.4244,-0.0862,L2
震荡-全样本,站上MA13 + 威科夫B1突破,87,0.0052,0.0069,0.751,0.3563,0.4244,-0.0681,L2
震荡-全样本,站上MA13 + 黄金柱,542,0.0307,0.0445,0.691,0.3376,0.4244,-0.0868,L2
震荡-全样本,站上MA13 + 量能金叉,1492,0.1067,0.1061,1.005,0.4256,0.4244,0.0012,L2
震荡-全样本,站上MA13 + 六脉红灯大于5,5078,0.3284,0.3868,0.849,0.385,0.4244,-0.0394,L2
震荡-全样本,站上MA13 + 六脉红灯大于6,4708,0.3072,0.3566,0.861,0.3885,0.4244,-0.0359,L2
震荡-全样本,站上MA13 + 六脉6红首发,4708,0.3072,0.3566,0.861,0.3885,0.4244,-0.0359,L2
震荡-全样本,站上MA13 + 六脉5红首发,5078,0.3284,0.3868,0.849,0.385,0.4244,-0.0394,L2
震荡-全样本,站上MA13 + 偏多共振,695,0.0375,0.0585,0.641,0.3209,0.4244,-0.1036,L2
震荡-全样本,站上MA13 + 多头共振,692,0.0375,0.0581,0.645,0.3223,0.4244,-0.1022,L2
震荡-全样本,站上MA13 + 火箭信号,759,0.0648,0.0462,1.403,0.5086,0.4244,0.0841,L2
震荡-全样本,站上MA13 + 二连板,75,0.0071,0.0041,1.726,0.56,0.4244,0.1356,L2
震荡-全样本,站上MA13 + 二次涨停,67,0.0052,0.0045,1.168,0.4627,0.4244,0.0382,L2
震荡-全样本,站上MA13 + 极限抄底,90,0.0082,0.0051,1.621,0.5444,0.4244,0.12,L2
震荡-全样本,站上MA13 + 中枢进机会区,2039,0.131,0.1559,0.84,0.3825,0.4244,-0.0419,L2
震荡-全样本,站上MA13 + 中枢极限底,2209,0.1419,0.1689,0.84,0.3825,0.4244,-0.0419,L2
震荡-全样本,站上MA13 + 中枢上穿中轴,2255,0.1644,0.158,1.04,0.4341,0.4244,0.0097,L2
震荡-全样本,站上MA13 + 中枢底部蓄力,3229,0.2036,0.2498,0.815,0.3753,0.4244,-0.0491,L2
震荡-全样本,站上MA13 + 中枢底部回升,4039,0.264,0.3055,0.864,0.3892,0.4244,-0.0352,L2
震荡-全样本,站上MA13 + 大盘多头,2212,0.1211,0.1847,0.656,0.3259,0.4244,-0.0985,L2
震荡-全样本,站上MA13 + 大盘空头,1769,0.1206,0.1302,0.926,0.4059,0.4244,-0.0186,L2
震荡-全样本,站上MA13 + 大盘安全,4011,0.2427,0.3178,0.764,0.3603,0.4244,-0.0642,L2
震荡-全样本,站上MA13 + SID等于1,2212,0.1211,0.1847,0.656,0.3259,0.4244,-0.0985,L2
震荡-全样本,站上MA13 + SID等于2,5317,0.3409,0.4071,0.837,0.3818,0.4244,-0.0426,L2
震荡-全样本,站上MA13 + SID小于等于2,5317,0.3409,0.4071,0.837,0.3818,0.4244,-0.0426,L2
震荡-全样本,站上MA13 + 大盘5日上涨,4240,0.2583,0.3347,0.772,0.3627,0.4244,-0.0617,L2
震荡-全样本,站上MA13 + 相对强弱大于0,3445,0.2168,0.2668,0.813,0.3747,0.4244,-0.0497,L2
震荡-全样本,站上MA13 + 相对强弱大于5,1037,0.0729,0.0747,0.976,0.4185,0.4244,-0.0059,L2
震荡-全样本,站上MA13 + 量比>=1.3,1241,0.0993,0.0805,1.233,0.4762,0.4244,0.0518,L2
震荡-全样本,站上MA13 + 量比>=2,302,0.0232,0.0203,1.141,0.457,0.4244,0.0325,L2
震荡-全样本,站上MA13 + 距前高<=10%,766,0.0502,0.0578,0.868,0.3903,0.4244,-0.0341,L2
震荡-全样本,站上MA13 + 深跌(距前高>40%),133,0.0091,0.0098,0.927,0.406,0.4244,-0.0184,L2
震荡-全样本,站上MA13 + 距前低<=10%,3236,0.2037,0.2506,0.813,0.3748,0.4244,-0.0496,L2
震荡-全样本,站上MA13 + 相对强弱>=0,753,0.0484,0.0576,0.84,0.3825,0.4244,-0.042,L2
震荡-全样本,站上MA13 + 相对强弱>=5,92,0.0067,0.0064,1.043,0.4348,0.4244,0.0103,L2
震荡-全样本,站上MA34 + 站上MA55,2735,0.1722,0.2118,0.813,0.3748,0.4244,-0.0497,L2
震荡-全样本,站上MA34 + 站上MA89,2396,0.1446,0.1901,0.761,0.3593,0.4244,-0.0651,L2
震荡-全样本,站上MA34 + 站上MA144,2304,0.1394,0.1826,0.764,0.3602,0.4244,-0.0642,L2
震荡-全样本,站上MA34 + 站上MA233,2180,0.1342,0.171,0.785,0.3665,0.4244,-0.0579,L2
震荡-全样本,站上MA34 + 斐波短中多头,657,0.0376,0.0536,0.702,0.3409,0.4244,-0.0835,L2
震荡-全样本,站上MA34 + 斐波长多头,850,0.0469,0.0707,0.663,0.3282,0.4244,-0.0962,L2
震荡-全样本,站上MA34 + 斐波全多头,213,0.0109,0.0183,0.596,0.3052,0.4244,-0.1193,L2
震荡-全样本,站上MA34 + MA55上穿MA89,123,0.0074,0.0098,0.755,0.3577,0.4244,-0.0667,L2
震荡-全样本,站上MA34 + 放量,2645,0.1728,0.2001,0.863,0.389,0.4244,-0.0354,L2
震荡-全样本,站上MA34 + 缩量,2783,0.1651,0.2229,0.741,0.3532,0.4244,-0.0712,L2
震荡-全样本,站上MA34 + 量比大于1,3052,0.1915,0.2368,0.809,0.3735,0.4244,-0.0509,L2
震荡-全样本,站上MA34 + 量比大于1_3,2512,0.1599,0.1932,0.828,0.379,0.4244,-0.0455,L2
震荡-全样本,站上MA34 + 量比大于2,1364,0.0914,0.1016,0.9,0.3988,0.4244,-0.0256,L2
震荡-全样本,站上MA34 + 量能递增,2125,0.1458,0.1557,0.936,0.4085,0.4244,-0.016,L2
震荡-全样本,站上MA34 + 价涨量增,2447,0.1614,0.184,0.877,0.3927,0.4244,-0.0317,L2
震荡-全样本,站上MA34 + 价涨量缩,2197,0.1312,0.1754,0.748,0.3555,0.4244,-0.069,L2
震荡-全样本,站上MA34 + MACD_DIF大于0,1991,0.1206,0.1577,0.765,0.3606,0.4244,-0.0638,L2
震荡-全样本,站上MA34 + MACD金叉态,1544,0.1067,0.1126,0.947,0.4113,0.4244,-0.0132,L2
震荡-全样本,站上MA34 + MACD柱递增,2807,0.177,0.2171,0.815,0.3755,0.4244,-0.0489,L2
震荡-全样本,站上MA34 + MACD零轴上金叉,335,0.023,0.0245,0.938,0.409,0.4244,-0.0155,L2
震荡-全样本,站上MA34 + MACD底背离,933,0.0551,0.0749,0.735,0.3516,0.4244,-0.0729,L2
震荡-全样本,站上MA34 + BOLL收上中轨,2680,0.175,0.2029,0.863,0.3888,0.4244,-0.0356,L2
震荡-全样本,站上MA34 + BOLL突破上轨,504,0.0334,0.0378,0.885,0.3948,0.4244,-0.0296,L2
震荡-全样本,站上MA34 + BOLL触下轨反弹,2131,0.1424,0.1589,0.896,0.3979,0.4244,-0.0265,L2
震荡-全样本,站上MA34 + BOLL开口扩张,2982,0.1915,0.2281,0.839,0.3823,0.4244,-0.0421,L2
震荡-全样本,站上MA34 + KDJ金叉态,2846,0.1827,0.2177,0.839,0.3823,0.4244,-0.0421,L2
震荡-全样本,站上MA34 + KDJ_J超卖,2821,0.1794,0.2171,0.826,0.3786,0.4244,-0.0458,L2
震荡-全样本,站上MA34 + KDJ低位金叉,527,0.0338,0.0404,0.836,0.3814,0.4244,-0.043,L2
震荡-全样本,站上MA34 + KDJ_D小于30,1499,0.0974,0.1138,0.856,0.3869,0.4244,-0.0375,L2
震荡-全样本,站上MA34 + RSI6大于50,2908,0.1869,0.2223,0.841,0.3827,0.4244,-0.0417,L2
震荡-全样本,站上MA34 + RSI金叉,2740,0.1782,0.208,0.857,0.3872,0.4244,-0.0372,L2
震荡-全样本,站上MA34 + RSI6超卖,2028,0.1377,0.1496,0.921,0.4043,0.4244,-0.0201,L2
震荡-全样本,站上MA34 + RSI底背离,851,0.0534,0.066,0.809,0.3737,0.4244,-0.0508,L2
震荡-全样本,站上MA34 + 威科夫得分大于4,1305,0.0825,0.1008,0.818,0.3762,0.4244,-0.0482,L2
震荡-全样本,站上MA34 + 威科夫得分大于7,571,0.0349,0.045,0.777,0.3643,0.4244,-0.0602,L2
震荡-全样本,站上MA34 + 积累阶段,1126,0.0722,0.0862,0.838,0.3819,0.4244,-0.0426,L2
震荡-全样本,站上MA34 + 威科夫B1突破,85,0.0052,0.0067,0.778,0.3647,0.4244,-0.0597,L2
震荡-全样本,站上MA34 + 黄金柱,326,0.0207,0.0251,0.822,0.3773,0.4244,-0.0471,L2
震荡-全样本,站上MA34 + 量能金叉,1036,0.0665,0.0793,0.839,0.3822,0.4244,-0.0422,L2
震荡-全样本,站上MA34 + 六脉红灯大于5,2587,0.1698,0.1952,0.87,0.3908,0.4244,-0.0336,L2
震荡-全样本,站上MA34 + 六脉红灯大于6,2317,0.1523,0.1746,0.872,0.3915,0.4244,-0.033,L2
震荡-全样本,站上MA34 + 六脉6红首发,2317,0.1523,0.1746,0.872,0.3915,0.4244,-0.033,L2
震荡-全样本,站上MA34 + 六脉5红首发,2587,0.1698,0.1952,0.87,0.3908,0.4244,-0.0336,L2
震荡-全样本,站上MA34 + 偏多共振,989,0.0514,0.0846,0.608,0.3094,0.4244,-0.115,L2
震荡-全样本,站上MA34 + 多头共振,985,0.0514,0.0841,0.611,0.3107,0.4244,-0.1138,L2
震荡-全样本,站上MA34 + 火箭信号,562,0.044,0.0372,1.184,0.4662,0.4244,0.0418,L2
震荡-全样本,站上MA34 + 二连板,59,0.005,0.0036,1.403,0.5085,0.4244,0.084,L2
震荡-全样本,站上MA34 + 二次涨停,70,0.0052,0.0048,1.078,0.4429,0.4244,0.0184,L2
震荡-全样本,站上MA34 + 中枢进机会区,1152,0.0815,0.0826,0.986,0.421,0.4244,-0.0034,L2
震荡-全样本,站上MA34 + 中枢极限底,770,0.0529,0.0564,0.939,0.4091,0.4244,-0.0153,L2
震荡-全样本,站上MA34 + 中枢上穿中轴,2097,0.1401,0.1564,0.895,0.3977,0.4244,-0.0267,L2
震荡-全样本,站上MA34 + 中枢底部蓄力,972,0.0623,0.0744,0.837,0.3817,0.4244,-0.0427,L2
震荡-全样本,站上MA34 + 中枢底部回升,1699,0.1166,0.1245,0.936,0.4085,0.4244,-0.016,L2
震荡-全样本,站上MA34 + 大盘多头,1689,0.0936,0.1402,0.667,0.3298,0.4244,-0.0947,L2
震荡-全样本,站上MA34 + 大盘空头,751,0.0485,0.0572,0.848,0.3848,0.4244,-0.0396,L2
震荡-全样本,站上MA34 + 大盘安全,2454,0.1439,0.1978,0.728,0.3492,0.4244,-0.0752,L2
震荡-全样本,站上MA34 + SID等于1,1689,0.0936,0.1402,0.667,0.3298,0.4244,-0.0947,L2
震荡-全样本,站上MA34 + SID等于2,3228,0.2039,0.2494,0.817,0.3761,0.4244,-0.0484,L2
震荡-全样本,站上MA34 + SID小于等于2,3228,0.2039,0.2494,0.817,0.3761,0.4244,-0.0484,L2
震荡-全样本,站上MA34 + 大盘5日上涨,2386,0.1421,0.1907,0.745,0.3546,0.4244,-0.0699,L2
震荡-全样本,站上MA34 + 相对强弱大于0,2379,0.1518,0.1827,0.831,0.38,0.4244,-0.0444,L2
震荡-全样本,站上MA34 + 相对强弱大于5,884,0.0633,0.0628,1.008,0.4265,0.4244,0.002,L2
震荡-全样本,站上MA34 + 量比>=1.3,681,0.0517,0.0462,1.12,0.4523,0.4244,0.0278,L2
震荡-全样本,站上MA34 + 量比>=2,195,0.0143,0.0136,1.048,0.4359,0.4244,0.0115,L2
震荡-全样本,站上MA34 + 距前高<=10%,737,0.047,0.0566,0.831,0.3799,0.4244,-0.0445,L2
震荡-全样本,站上MA34 + 距前低<=10%,1404,0.0956,0.1034,0.924,0.4053,0.4244,-0.0192,L2
震荡-全样本,站上MA34 + 相对强弱>=0,537,0.0373,0.039,0.956,0.4134,0.4244,-0.011,L2
震荡-全样本,站上MA34 + 相对强弱>=5,77,0.0062,0.005,1.254,0.4805,0.4244,0.0561,L2
震荡-全样本,站上MA55 + 站上MA89,3224,0.1884,0.2603,0.724,0.348,0.4244,-0.0764,L2
震荡-全样本,站上MA55 + 站上MA144,3004,0.177,0.2415,0.733,0.3509,0.4244,-0.0736,L2
震荡-全样本,站上MA55 + 站上MA233,2798,0.1695,0.2216,0.765,0.3606,0.4244,-0.0638,L2
震荡-全样本,站上MA55 + 斐波短中多头,719,0.0417,0.0583,0.714,0.3449,0.4244,-0.0795,L2
震荡-全样本,站上MA55 + 斐波长多头,1256,0.0695,0.1043,0.667,0.3296,0.4244,-0.0948,L2
震荡-全样本,站上MA55 + 斐波全多头,236,0.0123,0.0202,0.607,0.3093,0.4244,-0.1151,L2
震荡-全样本,站上MA55 + MA55上穿MA89,159,0.0102,0.0121,0.844,0.3836,0.4244,-0.0408,L2
震荡-全样本,站上MA55 + 放量,2690,0.1779,0.202,0.88,0.3937,0.4244,-0.0308,L2
震荡-全样本,站上MA55 + 缩量,3447,0.2005,0.279,0.719,0.3464,0.4244,-0.078,L2
震荡-全样本,站上MA55 + 量比大于1,3490,0.2163,0.2727,0.793,0.3691,0.4244,-0.0554,L2
震荡-全样本,站上MA55 + 量比大于1_3,2621,0.169,0.2,0.845,0.3838,0.4244,-0.0406,L2
震荡-全样本,站上MA55 + 量比大于2,1283,0.0892,0.0931,0.958,0.4139,0.4244,-0.0106,L2
震荡-全样本,站上MA55 + 量能递增,2078,0.1449,0.1505,0.963,0.4153,0.4244,-0.0091,L2
震荡-全样本,站上MA55 + 价涨量增,2402,0.1601,0.1795,0.892,0.3968,0.4244,-0.0277,L2
震荡-全样本,站上MA55 + 价涨量缩,2797,0.1638,0.2257,0.726,0.3486,0.4244,-0.0758,L2
震荡-全样本,站上MA55 + MACD_DIF大于0,2620,0.1544,0.2107,0.733,0.3508,0.4244,-0.0737,L2
震荡-全样本,站上MA55 + MACD金叉态,1193,0.0841,0.0857,0.982,0.4199,0.4244,-0.0045,L2
震荡-全样本,站上MA55 + MACD柱递增,3334,0.2036,0.2628,0.775,0.3635,0.4244,-0.0609,L2
震荡-全样本,站上MA55 + MACD零轴上金叉,335,0.023,0.0245,0.938,0.409,0.4244,-0.0155,L2
震荡-全样本,站上MA55 + MACD底背离,1117,0.0615,0.093,0.661,0.3277,0.4244,-0.0968,L2
震荡-全样本,站上MA55 + BOLL收上中轨,2395,0.155,0.1823,0.85,0.3854,0.4244,-0.0391,L2
震荡-全样本,站上MA55 + BOLL突破上轨,471,0.0321,0.0347,0.925,0.4055,0.4244,-0.0189,L2
震荡-全样本,站上MA55 + BOLL触下轨反弹,2507,0.1616,0.1914,0.844,0.3837,0.4244,-0.0407,L2
震荡-全样本,站上MA55 + BOLL开口扩张,3571,0.2212,0.2792,0.792,0.3688,0.4244,-0.0556,L2
震荡-全样本,站上MA55 + KDJ金叉态,3260,0.2036,0.2537,0.803,0.3718,0.4244,-0.0527,L2
震荡-全样本,站上MA55 + KDJ_J超卖,3422,0.2103,0.2688,0.782,0.3659,0.4244,-0.0586,L2
震荡-全样本,站上MA55 + KDJ低位金叉,933,0.0537,0.0759,0.708,0.343,0.4244,-0.0815,L2
震荡-全样本,站上MA55 + KDJ_D小于30,2084,0.1251,0.1658,0.754,0.3575,0.4244,-0.067,L2
震荡-全样本,站上MA55 + RSI6大于50,2938,0.1888,0.2247,0.84,0.3826,0.4244,-0.0419,L2
震荡-全样本,站上MA55 + RSI金叉,2896,0.1878,0.2202,0.853,0.386,0.4244,-0.0384,L2
震荡-全样本,站上MA55 + RSI6超卖,2556,0.1668,0.1936,0.862,0.3885,0.4244,-0.0359,L2
震荡-全样本,站上MA55 + RSI底背离,919,0.0536,0.0743,0.721,0.3471,0.4244,-0.0773,L2
震荡-全样本,站上MA55 + 威科夫得分大于4,1481,0.092,0.1156,0.796,0.37,0.4244,-0.0544,L2
震荡-全样本,站上MA55 + 威科夫得分大于7,604,0.0381,0.0467,0.817,0.3758,0.4244,-0.0486,L2
震荡-全样本,站上MA55 + 积累阶段,1216,0.0794,0.092,0.863,0.389,0.4244,-0.0355,L2
震荡-全样本,站上MA55 + 威科夫B1突破,73,0.0044,0.0058,0.75,0.3562,0.4244,-0.0683,L2
震荡-全样本,站上MA55 + 黄金柱,303,0.0191,0.0234,0.818,0.3762,0.4244,-0.0482,L2
震荡-全样本,站上MA55 + 量能金叉,1003,0.0658,0.0757,0.87,0.3908,0.4244,-0.0336,L2
震荡-全样本,站上MA55 + 六脉红灯大于5,2702,0.1755,0.2052,0.855,0.3868,0.4244,-0.0377,L2
震荡-全样本,站上MA55 + 六脉红灯大于6,2281,0.1488,0.1728,0.861,0.3884,0.4244,-0.036,L2
震荡-全样本,站上MA55 + 六脉6红首发,2281,0.1488,0.1728,0.861,0.3884,0.4244,-0.036,L2
震荡-全样本,站上MA55 + 六脉5红首发,2702,0.1755,0.2052,0.855,0.3868,0.4244,-0.0377,L2
震荡-全样本,站上MA55 + 偏多共振,1215,0.0658,0.1019,0.646,0.3226,0.4244,-0.1018,L2
震荡-全样本,站上MA55 + 多头共振,1211,0.0658,0.1014,0.649,0.3237,0.4244,-0.1007,L2
震荡-全样本,站上MA55 + 火箭信号,525,0.0411,0.0347,1.187,0.4667,0.4244,0.0422,L2
震荡-全样本,站上MA55 + 二连板,50,0.0045,0.0028,1.592,0.54,0.4244,0.1156,L2
震荡-全样本,站上MA55 + 二次涨停,68,0.0049,0.0048,1.008,0.4265,0.4244,0.002,L2
震荡-全样本,站上MA55 + 中枢进机会区,1521,0.1041,0.1116,0.933,0.4076,0.4244,-0.0168,L2
震荡-全样本,站上MA55 + 中枢极限底,872,0.0623,0.0621,1.004,0.4255,0.4244,0.001,L2
震荡-全样本,站上MA55 + 中枢上穿中轴,1877,0.1276,0.1383,0.923,0.4049,0.4244,-0.0195,L2
震荡-全样本,站上MA55 + 中枢底部蓄力,1050,0.0647,0.0824,0.785,0.3667,0.4244,-0.0578,L2
震荡-全样本,站上MA55 + 中枢底部回升,1954,0.1335,0.1435,0.93,0.4069,0.4244,-0.0176,L2
震荡-全样本,站上MA55 + 大盘多头,2065,0.1137,0.1719,0.661,0.3278,0.4244,-0.0966,L2
震荡-全样本,站上MA55 + 大盘空头,689,0.04,0.0559,0.716,0.3454,0.4244,-0.079,L2
震荡-全样本,站上MA55 + 大盘安全,2744,0.1542,0.2262,0.682,0.3345,0.4244,-0.0899,L2
震荡-全样本,站上MA55 + SID等于1,2065,0.1137,0.1719,0.661,0.3278,0.4244,-0.0966,L2
震荡-全样本,站上MA55 + SID等于2,3834,0.2345,0.302,0.776,0.3641,0.4244,-0.0603,L2
震荡-全样本,站上MA55 + SID小于等于2,3834,0.2345,0.302,0.776,0.3641,0.4244,-0.0603,L2
震荡-全样本,站上MA55 + 大盘5日上涨,2781,0.157,0.2286,0.687,0.3362,0.4244,-0.0882,L2
震荡-全样本,站上MA55 + 相对强弱大于0,2360,0.1493,0.1822,0.82,0.3767,0.4244,-0.0477,L2
震荡-全样本,站上MA55 + 相对强弱大于5,820,0.0596,0.0576,1.035,0.4329,0.4244,0.0085,L2
震荡-全样本,站上MA55 + 量比>=1.3,677,0.0526,0.0451,1.166,0.4623,0.4244,0.0379,L2
震荡-全样本,站上MA55 + 量比>=2,184,0.0148,0.0119,1.243,0.4783,0.4244,0.0538,L2
震荡-全样本,站上MA55 + 距前高<=10%,850,0.0542,0.0653,0.831,0.38,0.4244,-0.0444,L2
震荡-全样本,站上MA55 + 距前低<=10%,1169,0.0828,0.0837,0.989,0.4217,0.4244,-0.0027,L2
震荡-全样本,站上MA55 + 相对强弱>=0,514,0.0359,0.0372,0.967,0.4163,0.4244,-0.0081,L2
震荡-全样本,站上MA55 + 相对强弱>=5,72,0.006,0.0045,1.356,0.5,0.4244,0.0756,L2
震荡-全样本,站上MA89 + 站上MA144,4190,0.2335,0.3468,0.673,0.3317,0.4244,-0.0927,L2
震荡-全样本,站上MA89 + 站上MA233,3782,0.2123,0.3119,0.681,0.3342,0.4244,-0.0902,L2
震荡-全样本,站上MA89 + 斐波短中多头,708,0.0403,0.058,0.695,0.339,0.4244,-0.0855,L2
震荡-全样本,站上MA89 + 斐波长多头,2195,0.1135,0.1881,0.603,0.308,0.4244,-0.1165,L2
震荡-全样本,站上MA89 + 斐波全多头,254,0.0139,0.0212,0.658,0.3268,0.4244,-0.0977,L2
震荡-全样本,站上MA89 + MA55上穿MA89,164,0.0102,0.0128,0.803,0.372,0.4244,-0.0525,L2
震荡-全样本,站上MA89 + 放量,2892,0.176,0.2284,0.771,0.3624,0.4244,-0.0621,L2
震荡-全样本,站上MA89 + 缩量,4256,0.2289,0.3583,0.639,0.3203,0.4244,-0.1042,L2
震荡-全样本,站上MA89 + 量比大于1,4076,0.2318,0.3339,0.694,0.3386,0.4244,-0.0859,L2
震荡-全样本,站上MA89 + 量比大于1_3,2877,0.1716,0.2297,0.747,0.3552,0.4244,-0.0692,L2
震荡-全样本,站上MA89 + 量比大于2,1232,0.0808,0.093,0.869,0.3904,0.4244,-0.034,L2
震荡-全样本,站上MA89 + 量能递增,2170,0.1399,0.1656,0.845,0.3839,0.4244,-0.0406,L2
震荡-全样本,站上MA89 + 价涨量增,2509,0.1542,0.1971,0.782,0.3659,0.4244,-0.0586,L2
震荡-全样本,站上MA89 + 价涨量缩,3502,0.1884,0.2948,0.639,0.3204,0.4244,-0.104,L2
震荡-全样本,站上MA89 + MACD_DIF大于0,2605,0.1527,0.2101,0.727,0.3489,0.4244,-0.0755,L2
震荡-全样本,站上MA89 + MACD金叉态,1086,0.0697,0.0831,0.839,0.3821,0.4244,-0.0423,L2
震荡-全样本,站上MA89 + MACD柱递增,4022,0.2232,0.3335,0.669,0.3304,0.4244,-0.094,L2
震荡-全样本,站上MA89 + MACD零轴上金叉,314,0.0215,0.023,0.933,0.4076,0.4244,-0.0168,L2
震荡-全样本,站上MA89 + MACD底背离,1789,0.0882,0.1566,0.563,0.2935,0.4244,-0.131,L2
震荡-全样本,站上MA89 + BOLL收上中轨,2239,0.1349,0.1779,0.758,0.3586,0.4244,-0.0658,L2
震荡-全样本,站上MA89 + BOLL突破上轨,410,0.028,0.0301,0.932,0.4073,0.4244,-0.0171,L2
震荡-全样本,站上MA89 + BOLL触下轨反弹,2900,0.1706,0.2333,0.731,0.3503,0.4244,-0.0741,L2
震荡-全样本,站上MA89 + BOLL开口扩张,4251,0.2419,0.3482,0.695,0.3387,0.4244,-0.0857,L2
震荡-全样本,站上MA89 + KDJ金叉态,3772,0.2125,0.3105,0.684,0.3354,0.4244,-0.0891,L2
震荡-全样本,站上MA89 + KDJ_J超卖,4181,0.2365,0.3434,0.689,0.3368,0.4244,-0.0877,L2
震荡-全样本,站上MA89 + KDJ低位金叉,1476,0.0774,0.1257,0.616,0.3123,0.4244,-0.1121,L2
震荡-全样本,站上MA89 + KDJ_D小于30,2856,0.1572,0.2378,0.661,0.3277,0.4244,-0.0967,L2
震荡-全样本,站上MA89 + RSI6大于50,2944,0.1757,0.2351,0.747,0.3553,0.4244,-0.0691,L2
震荡-全样本,站上MA89 + RSI金叉,3190,0.1886,0.256,0.737,0.352,0.4244,-0.0724,L2
震荡-全样本,站上MA89 + RSI6超卖,3285,0.195,0.2631,0.741,0.3534,0.4244,-0.071,L2
震荡-全样本,站上MA89 + RSI底背离,1299,0.0655,0.1126,0.582,0.3002,0.4244,-0.1242,L2
震荡-全样本,站上MA89 + 威科夫得分大于4,1651,0.1006,0.1303,0.772,0.3628,0.4244,-0.0616,L2
震荡-全样本,站上MA89 + 威科夫得分大于7,649,0.04,0.0509,0.785,0.3667,0.4244,-0.0577,L2
震荡-全样本,站上MA89 + 积累阶段,1785,0.0989,0.1481,0.668,0.33,0.4244,-0.0945,L2
震荡-全样本,站上MA89 + 黄金柱,291,0.0161,0.0242,0.668,0.3299,0.4244,-0.0945,L2
震荡-全样本,站上MA89 + 量能金叉,897,0.0578,0.0685,0.844,0.3835,0.4244,-0.0409,L2
震荡-全样本,站上MA89 + 六脉红灯大于5,2912,0.1716,0.2341,0.733,0.351,0.4244,-0.0735,L2
震荡-全样本,站上MA89 + 六脉红灯大于6,2292,0.1392,0.1812,0.768,0.3617,0.4244,-0.0627,L2
震荡-全样本,站上MA89 + 六脉6红首发,2292,0.1392,0.1812,0.768,0.3617,0.4244,-0.0627,L2
震荡-全样本,站上MA89 + 六脉5红首发,2912,0.1716,0.2341,0.733,0.351,0.4244,-0.0735,L2
震荡-全样本,站上MA89 + 偏多共振,1389,0.0784,0.1142,0.687,0.3362,0.4244,-0.0882,L2
震荡-全样本,站上MA89 + 多头共振,1385,0.0784,0.1137,0.69,0.3372,0.4244,-0.0873,L2
震荡-全样本,站上MA89 + 火箭信号,514,0.0393,0.0347,1.133,0.4553,0.4244,0.0308,L2
震荡-全样本,站上MA89 + 二次涨停,70,0.0047,0.0052,0.904,0.4,0.4244,-0.0244,L2
震荡-全样本,站上MA89 + 极限抄底,91,0.0055,0.0072,0.772,0.3626,0.4244,-0.0618,L2
震荡-全样本,站上MA89 + 中枢进机会区,1927,0.1182,0.1515,0.781,0.3653,0.4244,-0.0591,L2
震荡-全样本,站上MA89 + 中枢极限底,1414,0.0862,0.1116,0.772,0.3628,0.4244,-0.0616,L2
震荡-全样本,站上MA89 + 中枢上穿中轴,1616,0.105,0.1227,0.855,0.3868,0.4244,-0.0377,L2
震荡-全样本,站上MA89 + 中枢底部蓄力,1933,0.1011,0.1649,0.613,0.3114,0.4244,-0.113,L2
震荡-全样本,站上MA89 + 中枢底部回升,2787,0.1639,0.2243,0.731,0.3502,0.4244,-0.0742,L2
震荡-全样本,站上MA89 + 大盘多头,2271,0.1156,0.1961,0.589,0.303,0.4244,-0.1215,L2
震荡-全样本,站上MA89 + 大盘空头,851,0.0418,0.0746,0.561,0.2926,0.4244,-0.1318,L2
震荡-全样本,站上MA89 + 大盘安全,3022,0.1537,0.261,0.589,0.3028,0.4244,-0.1217,L2
震荡-全样本,站上MA89 + SID等于1,2271,0.1156,0.1961,0.589,0.303,0.4244,-0.1215,L2
震荡-全样本,站上MA89 + SID等于2,4602,0.2575,0.3801,0.677,0.3331,0.4244,-0.0913,L2
震荡-全样本,站上MA89 + SID小于等于2,4602,0.2575,0.3801,0.677,0.3331,0.4244,-0.0913,L2
震荡-全样本,站上MA89 + 大盘5日上涨,3087,0.1567,0.2668,0.587,0.3022,0.4244,-0.1222,L2
震荡-全样本,站上MA89 + 相对强弱大于0,2417,0.1461,0.1916,0.763,0.36,0.4244,-0.0645,L2
震荡-全样本,站上MA89 + 相对强弱大于5,784,0.0549,0.0566,0.97,0.4171,0.4244,-0.0073,L2
震荡-全样本,站上MA89 + 量比>=1.3,707,0.0494,0.0512,0.965,0.4158,0.4244,-0.0086,L2
震荡-全样本,站上MA89 + 量比>=2,175,0.0129,0.0121,1.065,0.44,0.4244,0.0156,L2
震荡-全样本,站上MA89 + 距前高<=10%,800,0.0482,0.0635,0.759,0.3588,0.4244,-0.0657,L2
震荡-全样本,站上MA89 + 深跌(距前高>40%),106,0.0045,0.0098,0.463,0.2547,0.4244,-0.1697,L2
震荡-全样本,站上MA89 + 距前低<=10%,1470,0.0917,0.1144,0.801,0.3714,0.4244,-0.053,L2
震荡-全样本,站上MA89 + 相对强弱>=0,490,0.0311,0.0378,0.823,0.3776,0.4244,-0.0469,L2
震荡-全样本,站上MA89 + 相对强弱>=5,69,0.0052,0.0047,1.106,0.4493,0.4244,0.0248,L2
震荡-全样本,站上MA144 + 站上MA233,5195,0.2954,0.4256,0.694,0.3386,0.4244,-0.0858,L2
震荡-全样本,站上MA144 + 斐波短中多头,681,0.0401,0.0547,0.733,0.351,0.4244,-0.0735,L2
震荡-全样本,站上MA144 + 斐波长多头,3259,0.1728,0.2762,0.626,0.3157,0.4244,-0.1087,L2
震荡-全样本,站上MA144 + 斐波全多头,264,0.0148,0.0218,0.678,0.3333,0.4244,-0.0911,L2
震荡-全样本,站上MA144 + MA55上穿MA89,168,0.0129,0.0113,1.147,0.4583,0.4244,0.0339,L2
震荡-全样本,站上MA144 + 放量,3631,0.2276,0.2819,0.807,0.3732,0.4244,-0.0513,L2
震荡-全样本,站上MA144 + 缩量,5464,0.3001,0.4554,0.659,0.327,0.4244,-0.0974,L2
震荡-全样本,站上MA144 + 量比大于1,5209,0.3015,0.4228,0.713,0.3446,0.4244,-0.0798,L2
震荡-全样本,站上MA144 + 量比大于1_3,3649,0.2235,0.2871,0.779,0.3648,0.4244,-0.0597,L2
震荡-全样本,站上MA144 + 量比大于2,1465,0.1026,0.1058,0.97,0.4171,0.4244,-0.0074,L2
震荡-全样本,站上MA144 + 量能递增,2717,0.1787,0.2047,0.873,0.3916,0.4244,-0.0328,L2
震荡-全样本,站上MA144 + 价涨量增,3037,0.1901,0.2359,0.806,0.3727,0.4244,-0.0517,L2
震荡-全样本,站上MA144 + 价涨量缩,4589,0.2533,0.3816,0.664,0.3286,0.4244,-0.0958,L2
震荡-全样本,站上MA144 + MACD_DIF大于0,2534,0.1537,0.2005,0.766,0.3611,0.4244,-0.0633,L2
震荡-全样本,站上MA144 + MACD金叉态,1344,0.0776,0.1092,0.71,0.3438,0.4244,-0.0807,L2
震荡-全样本,站上MA144 + MACD柱递增,5164,0.2914,0.4247,0.686,0.336,0.4244,-0.0885,L2
震荡-全样本,站上MA144 + MACD零轴上金叉,296,0.0203,0.0217,0.938,0.4088,0.4244,-0.0157,L2
震荡-全样本,站上MA144 + MACD底背离,2637,0.127,0.233,0.545,0.2867,0.4244,-0.1377,L2
震荡-全样本,站上MA144 + BOLL收上中轨,2293,0.1364,0.1834,0.743,0.3541,0.4244,-0.0703,L2
震荡-全样本,站上MA144 + BOLL突破上轨,400,0.0264,0.0301,0.876,0.3925,0.4244,-0.0319,L2
震荡-全样本,站上MA144 + BOLL触下轨反弹,3768,0.2266,0.2996,0.756,0.358,0.4244,-0.0664,L2
震荡-全样本,站上MA144 + BOLL开口扩张,5443,0.3173,0.4402,0.721,0.3471,0.4244,-0.0774,L2
震荡-全样本,站上MA144 + KDJ金叉态,4798,0.2766,0.3903,0.709,0.3433,0.4244,-0.0812,L2
震荡-全样本,站上MA144 + KDJ_J超卖,5387,0.3089,0.4394,0.703,0.3414,0.4244,-0.0831,L2
震荡-全样本,站上MA144 + KDJ低位金叉,2271,0.1276,0.1871,0.682,0.3347,0.4244,-0.0898,L2
震荡-全样本,站上MA144 + KDJ_D小于30,3968,0.2256,0.3251,0.694,0.3385,0.4244,-0.086,L2
震荡-全样本,站上MA144 + RSI6大于50,3262,0.1901,0.2638,0.721,0.347,0.4244,-0.0774,L2
震荡-全样本,站上MA144 + RSI金叉,3962,0.2319,0.3197,0.726,0.3486,0.4244,-0.0759,L2
震荡-全样本,站上MA144 + RSI6超卖,4512,0.2707,0.3592,0.754,0.3573,0.4244,-0.0672,L2
震荡-全样本,站上MA144 + RSI底背离,1905,0.0917,0.1683,0.545,0.2866,0.4244,-0.1378,L2
震荡-全样本,站上MA144 + 威科夫得分大于4,1751,0.1053,0.1392,0.756,0.3581,0.4244,-0.0664,L2
震荡-全样本,站上MA144 + 威科夫得分大于7,662,0.04,0.0525,0.761,0.3595,0.4244,-0.0649,L2
震荡-全样本,站上MA144 + 积累阶段,2632,0.1369,0.225,0.608,0.3097,0.4244,-0.1148,L2
震荡-全样本,站上MA144 + 威科夫B1突破,51,0.0029,0.0042,0.678,0.3333,0.4244,-0.0911,L2
震荡-全样本,站上MA144 + 黄金柱,324,0.0178,0.027,0.659,0.3272,0.4244,-0.0973,L2
震荡-全样本,站上MA144 + 量能金叉,1040,0.07,0.0772,0.908,0.401,0.4244,-0.0235,L2
震荡-全样本,站上MA144 + 六脉红灯大于5,3517,0.2024,0.2864,0.707,0.3426,0.4244,-0.0818,L2
震荡-全样本,站上MA144 + 六脉红灯大于6,2568,0.1515,0.2063,0.734,0.3512,0.4244,-0.0732,L2
震荡-全样本,站上MA144 + 六脉6红首发,2568,0.1515,0.2063,0.734,0.3512,0.4244,-0.0732,L2
震荡-全样本,站上MA144 + 六脉5红首发,3517,0.2024,0.2864,0.707,0.3426,0.4244,-0.0818,L2
震荡-全样本,站上MA144 + 偏多共振,1522,0.09,0.1221,0.737,0.3522,0.4244,-0.0723,L2
震荡-全样本,站上MA144 + 多头共振,1517,0.09,0.1215,0.741,0.3533,0.4244,-0.0711,L2
震荡-全样本,站上MA144 + 火箭信号,564,0.043,0.0381,1.127,0.4539,0.4244,0.0295,L2
震荡-全样本,站上MA144 + 二连板,50,0.0045,0.0028,1.592,0.54,0.4244,0.1156,L2
震荡-全样本,站上MA144 + 二次涨停,73,0.0049,0.0054,0.894,0.3973,0.4244,-0.0272,L2
震荡-全样本,站上MA144 + 极限抄底,238,0.0173,0.0167,1.035,0.4328,0.4244,0.0083,L2
震荡-全样本,站上MA144 + 中枢进机会区,2521,0.1575,0.1961,0.804,0.3721,0.4244,-0.0524,L2
震荡-全样本,站上MA144 + 中枢极限底,2228,0.1367,0.1751,0.781,0.3654,0.4244,-0.0591,L2
震荡-全样本,站上MA144 + 中枢上穿中轴,1597,0.1056,0.1199,0.881,0.3939,0.4244,-0.0306,L2
震荡-全样本,站上MA144 + 中枢底部蓄力,3156,0.1654,0.2689,0.615,0.3121,0.4244,-0.1123,L2
震荡-全样本,站上MA144 + 中枢底部回升,4129,0.2419,0.333,0.726,0.3488,0.4244,-0.0757,L2
震荡-全样本,站上MA144 + 大盘多头,2607,0.1302,0.2269,0.574,0.2973,0.4244,-0.1272,L2
震荡-全样本,站上MA144 + 大盘空头,1110,0.0477,0.1023,0.466,0.2559,0.4244,-0.1686,L2
震荡-全样本,站上MA144 + 大盘安全,3551,0.1708,0.3138,0.544,0.2864,0.4244,-0.138,L2
震荡-全样本,站上MA144 + SID等于1,2607,0.1302,0.2269,0.574,0.2973,0.4244,-0.1272,L2
震荡-全样本,站上MA144 + SID等于2,5888,0.3347,0.4824,0.694,0.3385,0.4244,-0.086,L2
震荡-全样本,站上MA144 + SID小于等于2,5888,0.3347,0.4824,0.694,0.3385,0.4244,-0.086,L2
震荡-全样本,站上MA144 + 大盘5日上涨,3650,0.1755,0.3226,0.544,0.2863,0.4244,-0.1381,L2
震荡-全样本,站上MA144 + 相对强弱大于0,2659,0.1596,0.2117,0.754,0.3573,0.4244,-0.0672,L2
震荡-全样本,站上MA144 + 相对强弱大于5,809,0.0564,0.0586,0.963,0.4153,0.4244,-0.0091,L2
震荡-全样本,站上MA144 + 量比>=1.3,961,0.0721,0.0659,1.094,0.4464,0.4244,0.022,L2
震荡-全样本,站上MA144 + 量比>=2,220,0.0181,0.0139,1.308,0.4909,0.4244,0.0665,L2
震荡-全样本,站上MA144 + 距前高<=10%,742,0.0459,0.0581,0.789,0.3679,0.4244,-0.0565,L2
震荡-全样本,站上MA144 + 深跌(距前高>40%),230,0.0111,0.0203,0.546,0.287,0.4244,-0.1375,L2
震荡-全样本,站上MA144 + 距前低<=10%,2634,0.1485,0.2167,0.685,0.3356,0.4244,-0.0888,L2
震荡-全样本,站上MA144 + 相对强弱>=0,533,0.0344,0.0406,0.848,0.3846,0.4244,-0.0398,L2
震荡-全样本,站上MA144 + 相对强弱>=5,68,0.0052,0.0046,1.136,0.4559,0.4244,0.0314,L2
震荡-全样本,站上MA233 + 斐波短中多头,611,0.0373,0.0482,0.774,0.3633,0.4244,-0.0611,L2
震荡-全样本,站上MA233 + 斐波长多头,3771,0.2104,0.3119,0.675,0.3323,0.4244,-0.0922,L2
震荡-全样本,站上MA233 + 斐波全多头,268,0.0153,0.0219,0.697,0.3396,0.4244,-0.0849,L2
震荡-全样本,站上MA233 + MA55上穿MA89,187,0.016,0.0114,1.4,0.508,0.4244,0.0836,L2
震荡-全样本,站上MA233 + 放量,4381,0.2986,0.3224,0.926,0.4058,0.4244,-0.0186,L2
震荡-全样本,站上MA233 + 缩量,6361,0.3747,0.5115,0.733,0.3507,0.4244,-0.0737,L2
震荡-全样本,站上MA233 + 量比大于1,6148,0.3829,0.4791,0.799,0.3709,0.4244,-0.0536,L2
震荡-全样本,站上MA233 + 量比大于1_3,4366,0.2919,0.3255,0.897,0.3981,0.4244,-0.0264,L2
震荡-全样本,站上MA233 + 量比大于2,1779,0.1386,0.1182,1.173,0.4637,0.4244,0.0393,L2
震荡-全样本,站上MA233 + 量能递增,3290,0.2388,0.2314,1.032,0.4322,0.4244,0.0078,L2
震荡-全样本,站上MA233 + 价涨量增,3643,0.2472,0.2689,0.919,0.4041,0.4244,-0.0204,L2
震荡-全样本,站上MA233 + 价涨量缩,5398,0.3203,0.4324,0.741,0.3533,0.4244,-0.0712,L2
震荡-全样本,站上MA233 + MACD_DIF大于0,2396,0.1542,0.1831,0.842,0.3831,0.4244,-0.0413,L2
震荡-全样本,站上MA233 + MACD金叉态,1628,0.0894,0.1357,0.658,0.3268,0.4244,-0.0977,L2
震荡-全样本,站上MA233 + MACD柱递增,6113,0.3729,0.4822,0.773,0.3632,0.4244,-0.0613,L2
震荡-全样本,站上MA233 + MACD零轴上金叉,264,0.0183,0.0192,0.954,0.4129,0.4244,-0.0116,L2
震荡-全样本,站上MA233 + MACD底背离,3113,0.1522,0.2733,0.557,0.291,0.4244,-0.1334,L2
震荡-全样本,站上MA233 + BOLL收上中轨,2349,0.1404,0.1874,0.749,0.3559,0.4244,-0.0685,L2
震荡-全样本,站上MA233 + BOLL突破上轨,373,0.0255,0.0274,0.933,0.4075,0.4244,-0.0169,L2
震荡-全样本,站上MA233 + BOLL触下轨反弹,4514,0.2914,0.3442,0.847,0.3844,0.4244,-0.0401,L2
震荡-全样本,站上MA233 + BOLL开口扩张,6388,0.4002,0.496,0.807,0.373,0.4244,-0.0514,L2
震荡-全样本,站上MA233 + KDJ金叉态,5733,0.3582,0.4459,0.803,0.3721,0.4244,-0.0524,L2
震荡-全样本,站上MA233 + KDJ_J超卖,6373,0.393,0.4995,0.787,0.3672,0.4244,-0.0573,L2
震荡-全样本,站上MA233 + KDJ低位金叉,2984,0.1886,0.2305,0.818,0.3763,0.4244,-0.0481,L2
震荡-全样本,站上MA233 + KDJ_D小于30,4889,0.3015,0.3832,0.787,0.3672,0.4244,-0.0573,L2
震荡-全样本,站上MA233 + RSI6大于50,3534,0.2088,0.2838,0.736,0.3517,0.4244,-0.0727,L2
震荡-全样本,站上MA233 + RSI金叉,4766,0.2936,0.3738,0.785,0.3668,0.4244,-0.0577,L2
震荡-全样本,站上MA233 + RSI6超卖,5540,0.3566,0.4232,0.843,0.3832,0.4244,-0.0412,L2
震荡-全样本,站上MA233 + RSI底背离,2298,0.1103,0.2032,0.543,0.2859,0.4244,-0.1385,L2
震荡-全样本,站上MA233 + 威科夫得分大于4,1657,0.1031,0.1292,0.798,0.3705,0.4244,-0.0539,L2
震荡-全样本,站上MA233 + 威科夫得分大于7,613,0.0375,0.0483,0.775,0.3638,0.4244,-0.0607,L2
震荡-全样本,站上MA233 + 积累阶段,3033,0.1582,0.259,0.611,0.3106,0.4244,-0.1139,L2
震荡-全样本,站上MA233 + 威科夫B3弹簧,55,0.0024,0.0051,0.463,0.2545,0.4244,-0.1699,L2
震荡-全样本,站上MA233 + 威科夫B1突破,56,0.0035,0.0043,0.814,0.375,0.4244,-0.0494,L2
震荡-全样本,站上MA233 + 黄金柱,329,0.0176,0.0277,0.636,0.3191,0.4244,-0.1053,L2
震荡-全样本,站上MA233 + 量能金叉,1218,0.0942,0.0814,1.158,0.4606,0.4244,0.0362,L2
震荡-全样本,站上MA233 + 六脉红灯大于5,4065,0.241,0.3257,0.74,0.353,0.4244,-0.0714,L2
震荡-全样本,站上MA233 + 六脉红灯大于6,2867,0.1711,0.2289,0.748,0.3554,0.4244,-0.069,L2
震荡-全样本,站上MA233 + 六脉6红首发,2867,0.1711,0.2289,0.748,0.3554,0.4244,-0.069,L2
震荡-全样本,站上MA233 + 六脉5红首发,4065,0.241,0.3257,0.74,0.353,0.4244,-0.0714,L2
震荡-全样本,站上MA233 + 偏多共振,1500,0.0952,0.1156,0.824,0.378,0.4244,-0.0464,L2
震荡-全样本,站上MA233 + 多头共振,1494,0.0951,0.1149,0.827,0.3788,0.4244,-0.0456,L2
震荡-全样本,站上MA233 + 火箭信号,592,0.0472,0.0385,1.225,0.4747,0.4244,0.0502,L2
震荡-全样本,站上MA233 + 二次涨停,78,0.0052,0.0058,0.894,0.3974,0.4244,-0.027,L2
震荡-全样本,站上MA233 + 极限抄底,396,0.0358,0.0227,1.578,0.5379,0.4244,0.1134,L2
震荡-全样本,站上MA233 + 中枢进机会区,3018,0.2044,0.2231,0.916,0.4032,0.4244,-0.0212,L2
震荡-全样本,站上MA233 + 中枢极限底,3012,0.2019,0.2242,0.901,0.3991,0.4244,-0.0254,L2
震荡-全样本,站上MA233 + 中枢上穿中轴,1598,0.1114,0.1158,0.962,0.4149,0.4244,-0.0095,L2
震荡-全样本,站上MA233 + 中枢底部蓄力,4080,0.2289,0.3365,0.68,0.3341,0.4244,-0.0904,L2
震荡-全样本,站上MA233 + 中枢底部回升,5276,0.3327,0.4081,0.815,0.3755,0.4244,-0.049,L2
震荡-全样本,站上MA233 + 大盘多头,2803,0.1409,0.2432,0.579,0.2993,0.4244,-0.1251,L2
震荡-全样本,站上MA233 + 大盘空头,1474,0.0616,0.1371,0.45,0.249,0.4244,-0.1755,L2
震荡-全样本,站上MA233 + 大盘安全,4080,0.1958,0.3609,0.543,0.2858,0.4244,-0.1387,L2
震荡-全样本,站上MA233 + SID等于1,2803,0.1409,0.2432,0.579,0.2993,0.4244,-0.1251,L2
震荡-全样本,站上MA233 + SID等于2,6903,0.4211,0.5445,0.773,0.3632,0.4244,-0.0613,L2
震荡-全样本,站上MA233 + SID小于等于2,6903,0.4211,0.5445,0.773,0.3632,0.4244,-0.0613,L2
震荡-全样本,站上MA233 + 大盘5日上涨,4041,0.1921,0.3588,0.535,0.2831,0.4244,-0.1413,L2
震荡-全样本,站上MA233 + 相对强弱大于0,2767,0.17,0.2174,0.782,0.3657,0.4244,-0.0587,L2
震荡-全样本,站上MA233 + 相对强弱大于5,810,0.0569,0.0583,0.976,0.4185,0.4244,-0.0059,L2
震荡-全样本,站上MA233 + 量比>=1.3,1394,0.1189,0.085,1.4,0.5079,0.4244,0.0835,L2
震荡-全样本,站上MA233 + 量比>=2,302,0.0262,0.0181,1.449,0.5166,0.4244,0.0921,L2
震荡-全样本,站上MA233 + 距前高<=10%,671,0.0432,0.0513,0.842,0.383,0.4244,-0.0414,L2
震荡-全样本,站上MA233 + 深跌(距前高>40%),299,0.0175,0.0242,0.723,0.3478,0.4244,-0.0766,L2
震荡-全样本,站上MA233 + 距前低<=10%,3448,0.194,0.284,0.683,0.335,0.4244,-0.0895,L2
震荡-全样本,站上MA233 + 相对强弱>=0,549,0.0341,0.0429,0.796,0.3698,0.4244,-0.0547,L2
震荡-全样本,站上MA233 + 相对强弱>=5,68,0.0049,0.0048,1.008,0.4265,0.4244,0.002,L2
震荡-全样本,斐波短中多头 + 斐波长多头,285,0.017,0.0228,0.744,0.3544,0.4244,-0.0701,L2
震荡-全样本,斐波短中多头 + 斐波全多头,268,0.0153,0.0219,0.697,0.3396,0.4244,-0.0849,L2
震荡-全样本,斐波短中多头 + 放量,553,0.0353,0.0425,0.83,0.3797,0.4244,-0.0447,L2
震荡-全样本,斐波短中多头 + 缩量,734,0.0448,0.0578,0.775,0.3638,0.4244,-0.0607,L2
震荡-全样本,斐波短中多头 + 量比大于1,663,0.0395,0.053,0.745,0.3544,0.4244,-0.07,L2
震荡-全样本,斐波短中多头 + 量比大于1_3,450,0.0255,0.0369,0.692,0.3378,0.4244,-0.0867,L2
震荡-全样本,斐波短中多头 + 量比大于2,195,0.0133,0.0144,0.924,0.4051,0.4244,-0.0193,L2
震荡-全样本,斐波短中多头 + 量能递增,510,0.0388,0.0346,1.123,0.4529,0.4244,0.0285,L2
震荡-全样本,斐波短中多头 + 价涨量增,424,0.0265,0.0329,0.805,0.3726,0.4244,-0.0518,L2
震荡-全样本,斐波短中多头 + 价涨量缩,661,0.043,0.0502,0.857,0.3873,0.4244,-0.0371,L2
震荡-全样本,斐波短中多头 + MACD_DIF大于0,795,0.0506,0.0612,0.826,0.3786,0.4244,-0.0458,L2
震荡-全样本,斐波短中多头 + MACD金叉态,237,0.0185,0.0157,1.175,0.4641,0.4244,0.0397,L2
震荡-全样本,斐波短中多头 + MACD柱递增,516,0.0297,0.042,0.708,0.343,0.4244,-0.0814,L2
震荡-全样本,斐波短中多头 + MACD零轴上金叉,116,0.0079,0.0085,0.924,0.4052,0.4244,-0.0193,L2
震荡-全样本,斐波短中多头 + MACD底背离,134,0.0091,0.0099,0.915,0.403,0.4244,-0.0215,L2
震荡-全样本,斐波短中多头 + BOLL收上中轨,529,0.0311,0.0426,0.729,0.3497,0.4244,-0.0747,L2
震荡-全样本,斐波短中多头 + BOLL突破上轨,115,0.0077,0.0085,0.904,0.4,0.4244,-0.0244,L2
震荡-全样本,斐波短中多头 + BOLL触下轨反弹,450,0.0312,0.0327,0.955,0.4133,0.4244,-0.0111,L2
震荡-全样本,斐波短中多头 + BOLL开口扩张,699,0.0455,0.053,0.859,0.3877,0.4244,-0.0367,L2
震荡-全样本,斐波短中多头 + KDJ金叉态,468,0.027,0.038,0.711,0.344,0.4244,-0.0804,L2
震荡-全样本,斐波短中多头 + KDJ_J超卖,690,0.0455,0.0519,0.877,0.3928,0.4244,-0.0317,L2
震荡-全样本,斐波短中多头 + KDJ_D小于30,112,0.0071,0.0087,0.814,0.375,0.4244,-0.0494,L2
震荡-全样本,斐波短中多头 + RSI6大于50,539,0.0312,0.0437,0.715,0.3451,0.4244,-0.0794,L2
震荡-全样本,斐波短中多头 + RSI金叉,453,0.0282,0.0353,0.799,0.3709,0.4244,-0.0536,L2
震荡-全样本,斐波短中多头 + RSI6超卖,435,0.0307,0.0312,0.985,0.4207,0.4244,-0.0037,L2
震荡-全样本,斐波短中多头 + RSI底背离,62,0.006,0.0032,1.878,0.5806,0.4244,0.1562,L2
震荡-全样本,斐波短中多头 + 威科夫得分大于4,558,0.0368,0.042,0.876,0.3925,0.4244,-0.032,L2
震荡-全样本,斐波短中多头 + 威科夫得分大于7,299,0.0191,0.0229,0.836,0.3813,0.4244,-0.0432,L2
震荡-全样本,斐波短中多头 + 积累阶段,97,0.0072,0.0067,1.08,0.4433,0.4244,0.0189,L2
震荡-全样本,斐波短中多头 + 量能金叉,176,0.0096,0.0147,0.65,0.3239,0.4244,-0.1006,L2
震荡-全样本,斐波短中多头 + 六脉红灯大于5,374,0.023,0.0294,0.784,0.3663,0.4244,-0.0581,L2
震荡-全样本,斐波短中多头 + 六脉红灯大于6,265,0.0153,0.0216,0.709,0.3434,0.4244,-0.081,L2
震荡-全样本,斐波短中多头 + 六脉6红首发,265,0.0153,0.0216,0.709,0.3434,0.4244,-0.081,L2
震荡-全样本,斐波短中多头 + 六脉5红首发,374,0.023,0.0294,0.784,0.3663,0.4244,-0.0581,L2
震荡-全样本,斐波短中多头 + 偏多共振,491,0.0291,0.0394,0.738,0.3523,0.4244,-0.0721,L2
震荡-全样本,斐波短中多头 + 多头共振,491,0.0291,0.0394,0.738,0.3523,0.4244,-0.0721,L2
震荡-全样本,斐波短中多头 + 火箭信号,101,0.0072,0.0072,1.005,0.4257,0.4244,0.0013,L2
震荡-全样本,斐波短中多头 + 中枢进机会区,200,0.0195,0.0104,1.873,0.58,0.4244,0.1556,L2
震荡-全样本,斐波短中多头 + 中枢极限底,100,0.0114,0.004,2.882,0.68,0.4244,0.2556,L2
震荡-全样本,斐波短中多头 + 中枢上穿中轴,344,0.0213,0.0269,0.794,0.3692,0.4244,-0.0553,L2
震荡-全样本,斐波短中多头 + 中枢底部回升,208,0.0198,0.0111,1.778,0.5673,0.4244,0.1429,L2
震荡-全样本,斐波短中多头 + 大盘多头,489,0.0255,0.0417,0.612,0.3108,0.4244,-0.1136,L2
震荡-全样本,斐波短中多头 + 大盘空头,85,0.0039,0.0077,0.503,0.2706,0.4244,-0.1538,L2
震荡-全样本,斐波短中多头 + 大盘安全,565,0.0289,0.0487,0.593,0.3044,0.4244,-0.12,L2
震荡-全样本,斐波短中多头 + SID等于1,489,0.0255,0.0417,0.612,0.3108,0.4244,-0.1136,L2
震荡-全样本,斐波短中多头 + SID等于2,798,0.0509,0.0613,0.83,0.3797,0.4244,-0.0447,L2
震荡-全样本,斐波短中多头 + SID小于等于2,798,0.0509,0.0613,0.83,0.3797,0.4244,-0.0447,L2
震荡-全样本,斐波短中多头 + 大盘5日上涨,466,0.0247,0.0395,0.625,0.3155,0.4244,-0.109,L2
震荡-全样本,斐波短中多头 + 相对强弱大于0,636,0.0411,0.0484,0.85,0.3852,0.4244,-0.0392,L2
震荡-全样本,斐波短中多头 + 相对强弱大于5,233,0.0176,0.0159,1.112,0.4506,0.4244,0.0262,L2
震荡-全样本,斐波短中多头 + 量比>=1.3,107,0.0072,0.0079,0.911,0.4019,0.4244,-0.0226,L2
震荡-全样本,斐波短中多头 + 距前高<=10%,236,0.0121,0.0203,0.595,0.3051,0.4244,-0.1194,L2
震荡-全样本,斐波短中多头 + 距前低<=10%,168,0.0131,0.0111,1.175,0.4643,0.4244,0.0398,L2
震荡-全样本,斐波短中多头 + 相对强弱>=0,161,0.0111,0.0118,0.942,0.4099,0.4244,-0.0145,L2
震荡-全样本,斐波长多头 + 斐波全多头,268,0.0153,0.0219,0.697,0.3396,0.4244,-0.0849,L2
震荡-全样本,斐波长多头 + MA55上穿MA89,167,0.019,0.0067,2.838,0.6766,0.4244,0.2522,L2
震荡-全样本,斐波长多头 + 放量,2408,0.1631,0.178,0.916,0.4032,0.4244,-0.0212,L2
震荡-全样本,斐波长多头 + 缩量,3816,0.2224,0.3086,0.72,0.347,0.4244,-0.0775,L2
震荡-全样本,斐波长多头 + 量比大于1,3573,0.2193,0.2808,0.781,0.3655,0.4244,-0.0589,L2
震荡-全样本,斐波长多头 + 量比大于1_3,2461,0.1646,0.1834,0.897,0.3982,0.4244,-0.0262,L2
震荡-全样本,斐波长多头 + 量比大于2,878,0.0717,0.0559,1.284,0.4863,0.4244,0.0619,L2
震荡-全样本,斐波长多头 + 量能递增,1754,0.1266,0.1239,1.022,0.4299,0.4244,0.0054,L2
震荡-全样本,斐波长多头 + 价涨量增,1873,0.1255,0.1395,0.9,0.3988,0.4244,-0.0256,L2
震荡-全样本,斐波长多头 + 价涨量缩,3333,0.1982,0.2667,0.743,0.354,0.4244,-0.0704,L2
震荡-全样本,斐波长多头 + MACD_DIF大于0,1184,0.0729,0.0929,0.785,0.3666,0.4244,-0.0579,L2
震荡-全样本,斐波长多头 + MACD金叉态,703,0.0324,0.0632,0.513,0.2745,0.4244,-0.1499,L2
震荡-全样本,斐波长多头 + MACD柱递增,3604,0.216,0.2871,0.752,0.3568,0.4244,-0.0676,L2
震荡-全样本,斐波长多头 + MACD零轴上金叉,97,0.0055,0.0079,0.699,0.3402,0.4244,-0.0842,L2
震荡-全样本,斐波长多头 + MACD底背离,2083,0.0981,0.1857,0.528,0.2804,0.4244,-0.1441,L2
震荡-全样本,斐波长多头 + BOLL收上中轨,942,0.0494,0.0803,0.615,0.3121,0.4244,-0.1123,L2
震荡-全样本,斐波长多头 + BOLL突破上轨,130,0.0081,0.0102,0.794,0.3692,0.4244,-0.0552,L2
震荡-全样本,斐波长多头 + BOLL触下轨反弹,2552,0.1587,0.199,0.797,0.3703,0.4244,-0.0541,L2
震荡-全样本,斐波长多头 + BOLL开口扩张,3782,0.234,0.2959,0.791,0.3683,0.4244,-0.0561,L2
震荡-全样本,斐波长多头 + KDJ金叉态,3285,0.2012,0.2585,0.778,0.3647,0.4244,-0.0597,L2
震荡-全样本,斐波长多头 + KDJ_J超卖,3808,0.2319,0.3006,0.772,0.3627,0.4244,-0.0618,L2
震荡-全样本,斐波长多头 + KDJ低位金叉,1991,0.1297,0.151,0.859,0.3877,0.4244,-0.0367,L2
震荡-全样本,斐波长多头 + KDJ_D小于30,3086,0.1906,0.2416,0.789,0.3678,0.4244,-0.0566,L2
震荡-全样本,斐波长多头 + RSI6大于50,1616,0.0848,0.1376,0.616,0.3125,0.4244,-0.1119,L2
震荡-全样本,斐波长多头 + RSI金叉,2562,0.1495,0.2071,0.722,0.3474,0.4244,-0.0771,L2
震荡-全样本,斐波长多头 + RSI6超卖,3417,0.2172,0.2631,0.826,0.3784,0.4244,-0.046,L2
震荡-全样本,斐波长多头 + RSI底背离,1395,0.0605,0.1282,0.472,0.2581,0.4244,-0.1664,L2
震荡-全样本,斐波长多头 + 威科夫得分大于4,901,0.0554,0.0707,0.784,0.3663,0.4244,-0.0582,L2
震荡-全样本,斐波长多头 + 威科夫得分大于7,329,0.0181,0.0274,0.663,0.3283,0.4244,-0.0962,L2
震荡-全样本,斐波长多头 + 积累阶段,1864,0.087,0.1667,0.522,0.2779,0.4244,-0.1465,L2
震荡-全样本,斐波长多头 + 黄金柱,121,0.0054,0.011,0.488,0.2645,0.4244,-0.16,L2
震荡-全样本,斐波长多头 + 量能金叉,553,0.0447,0.0355,1.257,0.481,0.4244,0.0566,L2
震荡-全样本,斐波长多头 + 六脉红灯大于5,2089,0.1125,0.1757,0.64,0.3207,0.4244,-0.1037,L2
震荡-全样本,斐波长多头 + 六脉红灯大于6,1293,0.0675,0.1104,0.612,0.3109,0.4244,-0.1135,L2
震荡-全样本,斐波长多头 + 六脉6红首发,1293,0.0675,0.1104,0.612,0.3109,0.4244,-0.1135,L2
震荡-全样本,斐波长多头 + 六脉5红首发,2089,0.1125,0.1757,0.64,0.3207,0.4244,-0.1037,L2
震荡-全样本,斐波长多头 + 偏多共振,922,0.0608,0.0694,0.877,0.3926,0.4244,-0.0318,L2
震荡-全样本,斐波长多头 + 多头共振,920,0.0608,0.0691,0.88,0.3935,0.4244,-0.031,L2
震荡-全样本,斐波长多头 + 火箭信号,289,0.0191,0.0217,0.883,0.3945,0.4244,-0.03,L2
震荡-全样本,斐波长多头 + 极限抄底,363,0.0363,0.0182,1.993,0.595,0.4244,0.1706,L2
震荡-全样本,斐波长多头 + 中枢进机会区,1779,0.1191,0.1325,0.899,0.3985,0.4244,-0.0259,L2
震荡-全样本,斐波长多头 + 中枢极限底,1858,0.1231,0.1393,0.884,0.3945,0.4244,-0.0299,L2
震荡-全样本,斐波长多头 + 中枢上穿中轴,579,0.0385,0.0433,0.887,0.3955,0.4244,-0.0289,L2
震荡-全样本,斐波长多头 + 中枢底部蓄力,2702,0.1513,0.2231,0.678,0.3335,0.4244,-0.091,L2
震荡-全样本,斐波长多头 + 中枢底部回升,3324,0.2061,0.2597,0.793,0.3691,0.4244,-0.0553,L2
震荡-全样本,斐波长多头 + 大盘多头,1520,0.0687,0.1376,0.499,0.2691,0.4244,-0.1554,L2
震荡-全样本,斐波长多头 + 大盘空头,912,0.0386,0.0845,0.457,0.2522,0.4244,-0.1722,L2
震荡-全样本,斐波长多头 + 大盘安全,2263,0.1013,0.2056,0.493,0.2665,0.4244,-0.158,L2
震荡-全样本,斐波长多头 + SID等于1,1520,0.0687,0.1376,0.499,0.2691,0.4244,-0.1554,L2
震荡-全样本,斐波长多头 + SID等于2,4090,0.2447,0.3261,0.75,0.3562,0.4244,-0.0682,L2
震荡-全样本,斐波长多头 + SID小于等于2,4090,0.2447,0.3261,0.75,0.3562,0.4244,-0.0682,L2
震荡-全样本,斐波长多头 + 大盘5日上涨,2299,0.1025,0.2092,0.49,0.2653,0.4244,-0.1591,L2
震荡-全样本,斐波长多头 + 相对强弱大于0,1280,0.071,0.1061,0.669,0.3305,0.4244,-0.094,L2
震荡-全样本,斐波长多头 + 相对强弱大于5,352,0.0212,0.028,0.756,0.358,0.4244,-0.0665,L2
震荡-全样本,斐波长多头 + 量比>=1.3,777,0.0679,0.0462,1.469,0.5199,0.4244,0.0955,L2
震荡-全样本,斐波长多头 + 量比>=2,153,0.0129,0.0094,1.374,0.5033,0.4244,0.0788,L2
震荡-全样本,斐波长多头 + 距前高<=10%,234,0.0141,0.0186,0.759,0.359,0.4244,-0.0655,L2
震荡-全样本,斐波长多头 + 深跌(距前高>40%),271,0.0173,0.0208,0.831,0.3801,0.4244,-0.0444,L2
震荡-全样本,斐波长多头 + 距前低<=10%,2054,0.1122,0.1717,0.654,0.3252,0.4244,-0.0992,L2
震荡-全样本,斐波长多头 + 相对强弱>=0,234,0.0133,0.0192,0.691,0.3376,0.4244,-0.0868,L2
震荡-全样本,斐波全多头 + 放量,183,0.0106,0.0149,0.712,0.3443,0.4244,-0.0802,L2
震荡-全样本,斐波全多头 + 缩量,247,0.0133,0.0208,0.638,0.3198,0.4244,-0.1046,L2
震荡-全样本,斐波全多头 + 量比大于1,217,0.0111,0.0187,0.593,0.3041,0.4244,-0.1203,L2
震荡-全样本,斐波全多头 + 量比大于1_3,139,0.0066,0.0124,0.529,0.2806,0.4244,-0.1439,L2
震荡-全样本,斐波全多头 + 量比大于2,56,0.0032,0.0046,0.696,0.3393,0.4244,-0.0852,L2
震荡-全样本,斐波全多头 + 量能递增,172,0.0121,0.0124,0.976,0.4186,0.4244,-0.0058,L2
震荡-全样本,斐波全多头 + 价涨量增,131,0.0076,0.0107,0.71,0.3435,0.4244,-0.0809,L2
震荡-全样本,斐波全多头 + 价涨量缩,221,0.0134,0.0175,0.769,0.362,0.4244,-0.0624,L2
震荡-全样本,斐波全多头 + MACD_DIF大于0,267,0.0151,0.0219,0.69,0.3371,0.4244,-0.0874,L2
震荡-全样本,斐波全多头 + MACD金叉态,84,0.0057,0.0062,0.922,0.4048,0.4244,-0.0197,L2
震荡-全样本,斐波全多头 + MACD柱递增,160,0.0074,0.0144,0.514,0.275,0.4244,-0.1494,L2
震荡-全样本,斐波全多头 + MACD底背离,61,0.0037,0.0048,0.765,0.3607,0.4244,-0.0638,L2
震荡-全样本,斐波全多头 + BOLL收上中轨,167,0.0084,0.0145,0.58,0.2994,0.4244,-0.125,L2
震荡-全样本,斐波全多头 + BOLL触下轨反弹,154,0.0089,0.0125,0.712,0.3442,0.4244,-0.0803,L2
震荡-全样本,斐波全多头 + BOLL开口扩张,241,0.0141,0.0194,0.726,0.3485,0.4244,-0.0759,L2
震荡-全样本,斐波全多头 + KDJ金叉态,141,0.0062,0.0129,0.482,0.2624,0.4244,-0.162,L2
震荡-全样本,斐波全多头 + KDJ_J超卖,222,0.0134,0.0176,0.764,0.3604,0.4244,-0.0641,L2
震荡-全样本,斐波全多头 + RSI6大于50,160,0.0074,0.0144,0.514,0.275,0.4244,-0.1494,L2
震荡-全样本,斐波全多头 + RSI金叉,140,0.0072,0.012,0.601,0.3071,0.4244,-0.1173,L2
震荡-全样本,斐波全多头 + RSI6超卖,140,0.0086,0.011,0.777,0.3643,0.4244,-0.0602,L2
震荡-全样本,斐波全多头 + 威科夫得分大于4,231,0.0136,0.0186,0.732,0.3506,0.4244,-0.0738,L2
震荡-全样本,斐波全多头 + 威科夫得分大于7,136,0.0077,0.0111,0.693,0.3382,0.4244,-0.0862,L2
震荡-全样本,斐波全多头 + 量能金叉,52,0.0024,0.0047,0.5,0.2692,0.4244,-0.1552,L2
震荡-全样本,斐波全多头 + 六脉红灯大于5,114,0.0052,0.0103,0.506,0.2719,0.4244,-0.1525,L2
震荡-全样本,斐波全多头 + 六脉红灯大于6,87,0.0034,0.0083,0.405,0.2299,0.4244,-0.1946,L2
震荡-全样本,斐波全多头 + 六脉6红首发,87,0.0034,0.0083,0.405,0.2299,0.4244,-0.1946,L2
震荡-全样本,斐波全多头 + 六脉5红首发,114,0.0052,0.0103,0.506,0.2719,0.4244,-0.1525,L2
震荡-全样本,斐波全多头 + 偏多共振,239,0.0139,0.0193,0.721,0.3473,0.4244,-0.0772,L2
震荡-全样本,斐波全多头 + 多头共振,239,0.0139,0.0193,0.721,0.3473,0.4244,-0.0772,L2
震荡-全样本,斐波全多头 + 中枢进机会区,73,0.0062,0.0045,1.394,0.5068,0.4244,0.0824,L2
震荡-全样本,斐波全多头 + 中枢上穿中轴,103,0.0062,0.0082,0.76,0.3592,0.4244,-0.0652,L2
震荡-全样本,斐波全多头 + 中枢底部回升,81,0.0064,0.0053,1.198,0.4691,0.4244,0.0447,L2
震荡-全样本,斐波全多头 + 大盘多头,139,0.0059,0.0129,0.456,0.2518,0.4244,-0.1726,L2
震荡-全样本,斐波全多头 + 大盘安全,172,0.0072,0.016,0.452,0.25,0.4244,-0.1744,L2
震荡-全样本,斐波全多头 + SID等于1,139,0.0059,0.0129,0.456,0.2518,0.4244,-0.1726,L2
震荡-全样本,斐波全多头 + SID等于2,268,0.0153,0.0219,0.697,0.3396,0.4244,-0.0849,L2
震荡-全样本,斐波全多头 + SID小于等于2,268,0.0153,0.0219,0.697,0.3396,0.4244,-0.0849,L2
震荡-全样本,斐波全多头 + 大盘5日上涨,160,0.0071,0.0146,0.483,0.2625,0.4244,-0.1619,L2
震荡-全样本,斐波全多头 + 相对强弱大于0,223,0.0123,0.0186,0.66,0.3274,0.4244,-0.0971,L2
震荡-全样本,斐波全多头 + 相对强弱大于5,99,0.0067,0.0073,0.919,0.404,0.4244,-0.0204,L2
震荡-全样本,斐波全多头 + 距前高<=10%,61,0.003,0.0053,0.568,0.2951,0.4244,-0.1294,L2
震荡-全样本,斐波全多头 + 距前低<=10%,56,0.0037,0.0042,0.877,0.3929,0.4244,-0.0316,L2
震荡-全样本,斐波全多头 + 相对强弱>=0,56,0.0037,0.0042,0.877,0.3929,0.4244,-0.0316,L2
震荡-全样本,MA55上穿MA89 + 放量,268,0.0235,0.0159,1.483,0.5224,0.4244,0.098,L2
震荡-全样本,MA55上穿MA89 + 缩量,351,0.0289,0.0222,1.303,0.49,0.4244,0.0656,L2
震荡-全样本,MA55上穿MA89 + 量比大于1,346,0.0279,0.0223,1.251,0.4798,0.4244,0.0553,L2
震荡-全样本,MA55上穿MA89 + 量比大于1_3,253,0.0212,0.0157,1.345,0.498,0.4244,0.0736,L2
震荡-全样本,MA55上穿MA89 + 量比大于2,108,0.0109,0.0053,2.05,0.6019,0.4244,0.1774,L2
震荡-全样本,MA55上穿MA89 + 量能递增,210,0.0195,0.0116,1.673,0.5524,0.4244,0.1279,L2
震荡-全样本,MA55上穿MA89 + 价涨量增,214,0.0176,0.0135,1.306,0.4907,0.4244,0.0662,L2
震荡-全样本,MA55上穿MA89 + 价涨量缩,302,0.0255,0.0186,1.374,0.5033,0.4244,0.0789,L2
震荡-全样本,MA55上穿MA89 + MACD_DIF大于0,148,0.0116,0.0098,1.184,0.4662,0.4244,0.0418,L2
震荡-全样本,MA55上穿MA89 + MACD金叉态,59,0.0039,0.0045,0.866,0.3898,0.4244,-0.0346,L2
震荡-全样本,MA55上穿MA89 + MACD柱递增,336,0.0279,0.0211,1.324,0.494,0.4244,0.0696,L2
震荡-全样本,MA55上穿MA89 + MACD底背离,119,0.0077,0.009,0.855,0.3866,0.4244,-0.0379,L2
震荡-全样本,MA55上穿MA89 + BOLL收上中轨,119,0.0072,0.0094,0.767,0.3613,0.4244,-0.0631,L2
震荡-全样本,MA55上穿MA89 + BOLL触下轨反弹,249,0.0203,0.0159,1.282,0.4859,0.4244,0.0615,L2
震荡-全样本,MA55上穿MA89 + BOLL开口扩张,365,0.0309,0.0224,1.379,0.5041,0.4244,0.0797,L2
震荡-全样本,MA55上穿MA89 + KDJ金叉态,328,0.0272,0.0206,1.323,0.4939,0.4244,0.0695,L2
震荡-全样本,MA55上穿MA89 + KDJ_J超卖,353,0.0296,0.0219,1.348,0.4986,0.4244,0.0741,L2
震荡-全样本,MA55上穿MA89 + KDJ低位金叉,176,0.0151,0.0107,1.419,0.5114,0.4244,0.0869,L2
震荡-全样本,MA55上穿MA89 + KDJ_D小于30,265,0.0218,0.0167,1.306,0.4906,0.4244,0.0661,L2
震荡-全样本,MA55上穿MA89 + RSI6大于50,168,0.0101,0.0134,0.753,0.3571,0.4244,-0.0673,L2
震荡-全样本,MA55上穿MA89 + RSI金叉,264,0.02,0.018,1.113,0.4508,0.4244,0.0263,L2
震荡-全样本,MA55上穿MA89 + RSI6超卖,311,0.0279,0.018,1.552,0.5338,0.4244,0.1093,L2
震荡-全样本,MA55上穿MA89 + RSI底背离,93,0.0047,0.0081,0.584,0.3011,0.4244,-0.1234,L2
震荡-全样本,MA55上穿MA89 + 威科夫得分大于4,58,0.0049,0.0036,1.356,0.5,0.4244,0.0756,L2
震荡-全样本,MA55上穿MA89 + 积累阶段,74,0.0045,0.0058,0.779,0.3649,0.4244,-0.0596,L2
震荡-全样本,MA55上穿MA89 + 量能金叉,91,0.0087,0.0048,1.808,0.5714,0.4244,0.147,L2
震荡-全样本,MA55上穿MA89 + 六脉红灯大于5,197,0.0133,0.0146,0.908,0.401,0.4244,-0.0234,L2
震荡-全样本,MA55上穿MA89 + 六脉红灯大于6,121,0.0077,0.0093,0.832,0.3802,0.4244,-0.0443,L2
震荡-全样本,MA55上穿MA89 + 六脉6红首发,121,0.0077,0.0093,0.832,0.3802,0.4244,-0.0443,L2
震荡-全样本,MA55上穿MA89 + 六脉5红首发,197,0.0133,0.0146,0.908,0.401,0.4244,-0.0234,L2
震荡-全样本,MA55上穿MA89 + 偏多共振,86,0.0089,0.0041,2.178,0.6163,0.4244,0.1918,L2
震荡-全样本,MA55上穿MA89 + 多头共振,86,0.0089,0.0041,2.178,0.6163,0.4244,0.1918,L2
震荡-全样本,MA55上穿MA89 + 中枢进机会区,177,0.0175,0.009,1.932,0.5876,0.4244,0.1631,L2
震荡-全样本,MA55上穿MA89 + 中枢极限底,171,0.0166,0.0089,1.865,0.5789,0.4244,0.1545,L2
震荡-全样本,MA55上穿MA89 + 中枢上穿中轴,92,0.0057,0.0072,0.795,0.3696,0.4244,-0.0549,L2
震荡-全样本,MA55上穿MA89 + 中枢底部蓄力,195,0.0148,0.0133,1.115,0.4513,0.4244,0.0268,L2
震荡-全样本,MA55上穿MA89 + 中枢底部回升,285,0.0254,0.0166,1.528,0.5298,0.4244,0.1054,L2
震荡-全样本,MA55上穿MA89 + 大盘多头,117,0.0057,0.0103,0.555,0.2906,0.4244,-0.1338,L2
震荡-全样本,MA55上穿MA89 + 大盘空头,54,0.003,0.0045,0.678,0.3333,0.4244,-0.0911,L2
震荡-全样本,MA55上穿MA89 + 大盘安全,170,0.0086,0.0147,0.581,0.3,0.4244,-0.1244,L2
震荡-全样本,MA55上穿MA89 + SID等于1,117,0.0057,0.0103,0.555,0.2906,0.4244,-0.1338,L2
震荡-全样本,MA55上穿MA89 + SID等于2,381,0.0316,0.0239,1.321,0.4934,0.4244,0.069,L2
震荡-全样本,MA55上穿MA89 + SID小于等于2,381,0.0316,0.0239,1.321,0.4934,0.4244,0.069,L2
震荡-全样本,MA55上穿MA89 + 大盘5日上涨,207,0.0104,0.018,0.58,0.2995,0.4244,-0.1249,L2
震荡-全样本,MA55上穿MA89 + 相对强弱大于0,148,0.0104,0.0107,0.978,0.4189,0.4244,-0.0055,L2
震荡-全样本,MA55上穿MA89 + 量比>=1.3,98,0.0101,0.0047,2.141,0.6122,0.4244,0.1878,L2
震荡-全样本,MA55上穿MA89 + 距前高<=10%,63,0.0034,0.0053,0.631,0.3175,0.4244,-0.107,L2
震荡-全样本,MA55上穿MA89 + 距前低<=10%,159,0.0118,0.011,1.067,0.4403,0.4244,0.0158,L2
震荡-全样本,放量 + 缩量,8043,0.5858,0.5642,1.038,0.4337,0.4244,0.0092,L2
震荡-全样本,放量 + 量比大于1,9582,0.7479,0.6352,1.177,0.4647,0.4244,0.0403,L2
震荡-全样本,放量 + 量比大于1_3,8292,0.6559,0.5433,1.207,0.4709,0.4244,0.0465,L2
震荡-全样本,放量 + 量比大于2,3567,0.3097,0.2134,1.451,0.517,0.4244,0.0925,L2
震荡-全样本,放量 + 量能递增,6877,0.582,0.4226,1.377,0.5039,0.4244,0.0794,L2
震荡-全样本,放量 + 价涨量增,7864,0.6223,0.5151,1.208,0.4711,0.4244,0.0467,L2
震荡-全样本,放量 + 价涨量缩,6851,0.5333,0.4553,1.171,0.4634,0.4244,0.039,L2
震荡-全样本,放量 + MACD_DIF大于0,2031,0.1433,0.1459,0.982,0.42,0.4244,-0.0044,L2
震荡-全样本,放量 + MACD金叉态,3079,0.1874,0.2431,0.771,0.3625,0.4244,-0.062,L2
震荡-全样本,放量 + MACD柱递增,8719,0.6908,0.5705,1.211,0.4717,0.4244,0.0473,L2
震荡-全样本,放量 + MACD零轴上金叉,328,0.0225,0.024,0.937,0.4085,0.4244,-0.0159,L2
震荡-全样本,放量 + MACD底背离,4355,0.2647,0.3442,0.769,0.3619,0.4244,-0.0626,L2
震荡-全样本,放量 + BOLL收上中轨,3440,0.215,0.2675,0.804,0.3721,0.4244,-0.0523,L2
震荡-全样本,放量 + BOLL突破上轨,504,0.0333,0.0379,0.877,0.3929,0.4244,-0.0316,L2
震荡-全样本,放量 + BOLL触下轨反弹,6974,0.5578,0.4524,1.233,0.4762,0.4244,0.0518,L2
震荡-全样本,放量 + BOLL开口扩张,9088,0.7286,0.5883,1.238,0.4773,0.4244,0.0529,L2
震荡-全样本,放量 + KDJ金叉态,8525,0.6779,0.556,1.219,0.4734,0.4244,0.049,L2
震荡-全样本,放量 + KDJ_J超卖,8898,0.7024,0.5841,1.203,0.47,0.4244,0.0456,L2
震荡-全样本,放量 + KDJ低位金叉,4407,0.3905,0.2579,1.514,0.5276,0.4244,0.1031,L2
震荡-全样本,放量 + KDJ_D小于30,6853,0.5579,0.4373,1.276,0.4848,0.4244,0.0603,L2
震荡-全样本,放量 + RSI6大于50,5329,0.3594,0.395,0.91,0.4016,0.4244,-0.0229,L2
震荡-全样本,放量 + RSI金叉,7911,0.6019,0.5359,1.123,0.453,0.4244,0.0286,L2
震荡-全样本,放量 + RSI6超卖,8244,0.6753,0.523,1.291,0.4877,0.4244,0.0633,L2
震荡-全样本,放量 + RSI底背离,3920,0.2603,0.2935,0.887,0.3954,0.4244,-0.029,L2
震荡-全样本,放量 + 威科夫得分大于4,1483,0.0925,0.1154,0.802,0.3715,0.4244,-0.0529,L2
震荡-全样本,放量 + 威科夫得分大于7,592,0.0363,0.0466,0.779,0.3649,0.4244,-0.0596,L2
震荡-全样本,放量 + 积累阶段,3500,0.2005,0.2856,0.702,0.3411,0.4244,-0.0833,L2
震荡-全样本,放量 + 威科夫B3弹簧,84,0.0049,0.0068,0.715,0.3452,0.4244,-0.0792,L2
震荡-全样本,放量 + 威科夫B1突破,87,0.0052,0.0069,0.751,0.3563,0.4244,-0.0681,L2
震荡-全样本,放量 + 黄金柱,545,0.0311,0.0446,0.697,0.3394,0.4244,-0.085,L2
震荡-全样本,放量 + 量能金叉,2820,0.2528,0.1629,1.552,0.5337,0.4244,0.1093,L2
震荡-全样本,放量 + 六脉红灯大于5,6463,0.4656,0.4571,1.018,0.4289,0.4244,0.0045,L2
震荡-全样本,放量 + 六脉红灯大于6,4652,0.3154,0.3436,0.918,0.4037,0.4244,-0.0207,L2
震荡-全样本,放量 + 六脉6红首发,4652,0.3154,0.3436,0.918,0.4037,0.4244,-0.0207,L2
震荡-全样本,放量 + 六脉5红首发,6463,0.4656,0.4571,1.018,0.4289,0.4244,0.0045,L2
震荡-全样本,放量 + 偏多共振,1009,0.0761,0.0689,1.105,0.449,0.4244,0.0245,L2
震荡-全样本,放量 + 多头共振,1007,0.0759,0.0687,1.104,0.4489,0.4244,0.0244,L2
震荡-全样本,放量 + 火箭信号,927,0.0853,0.0519,1.644,0.548,0.4244,0.1236,L2
震荡-全样本,放量 + 二连板,83,0.0084,0.0041,2.055,0.6024,0.4244,0.178,L2
震荡-全样本,放量 + 二次涨停,83,0.0062,0.0057,1.091,0.4458,0.4244,0.0213,L2
震荡-全样本,放量 + 纳财,54,0.0034,0.0042,0.798,0.3704,0.4244,-0.0541,L2
震荡-全样本,放量 + 极限抄底,919,0.1127,0.0307,3.669,0.7301,0.4244,0.3057,L2
震荡-全样本,放量 + 中枢进机会区,4289,0.3546,0.2698,1.314,0.4922,0.4244,0.0678,L2
震荡-全样本,放量 + 中枢极限底,4995,0.4241,0.3059,1.386,0.5055,0.4244,0.0811,L2
震荡-全样本,放量 + 中枢上穿中轴,2328,0.1752,0.1592,1.101,0.448,0.4244,0.0236,L2
震荡-全样本,放量 + 中枢底部蓄力,6517,0.4918,0.4445,1.106,0.4493,0.4244,0.0248,L2
震荡-全样本,放量 + 中枢底部回升,8232,0.6654,0.5289,1.258,0.4813,0.4244,0.0569,L2
震荡-全样本,放量 + 大盘多头,2905,0.1631,0.2395,0.681,0.3343,0.4244,-0.0902,L2
震荡-全样本,放量 + 大盘空头,3123,0.2251,0.2208,1.019,0.4291,0.4244,0.0046,L2
震荡-全样本,放量 + 大盘安全,5740,0.3779,0.4323,0.874,0.392,0.4244,-0.0325,L2
震荡-全样本,放量 + SID等于1,2905,0.1631,0.2395,0.681,0.3343,0.4244,-0.0902,L2
震荡-全样本,放量 + SID等于2,9661,0.7545,0.6402,1.178,0.465,0.4244,0.0405,L2
震荡-全样本,放量 + SID小于等于2,9661,0.7545,0.6402,1.178,0.465,0.4244,0.0405,L2
震荡-全样本,放量 + 大盘5日上涨,6104,0.4016,0.4599,0.873,0.3917,0.4244,-0.0327,L2
震荡-全样本,放量 + 相对强弱大于0,3847,0.2571,0.2868,0.896,0.398,0.4244,-0.0265,L2
震荡-全样本,放量 + 相对强弱大于5,1034,0.0737,0.0737,1.001,0.4246,0.4244,0.0001,L2
震荡-全样本,放量 + 量比>=1.3,2994,0.2941,0.154,1.91,0.5848,0.4244,0.1604,L2
震荡-全样本,放量 + 量比>=2,546,0.0489,0.0316,1.548,0.533,0.4244,0.1085,L2
震荡-全样本,放量 + 距前高<=10%,926,0.0605,0.0701,0.863,0.3888,0.4244,-0.0357,L2
震荡-全样本,放量 + 深跌(距前高>40%),561,0.0603,0.025,2.41,0.6399,0.4244,0.2155,L2
震荡-全样本,放量 + 距前低<=10%,6331,0.4578,0.4465,1.025,0.4306,0.4244,0.0061,L2
震荡-全样本,放量 + 相对强弱>=0,794,0.0549,0.0578,0.95,0.4118,0.4244,-0.0126,L2
震荡-全样本,放量 + 相对强弱>=5,88,0.0066,0.0061,1.079,0.4432,0.4244,0.0187,L2
震荡-全样本,缩量 + 量比大于1,11067,0.7555,0.8136,0.929,0.4064,0.4244,-0.018,L2
震荡-全样本,缩量 + 量比大于1_3,7751,0.5606,0.5466,1.026,0.4307,0.4244,0.0062,L2
震荡-全样本,缩量 + 量比大于2,2871,0.2403,0.1784,1.348,0.4984,0.4244,0.074,L2
震荡-全样本,缩量 + 量能递增,6035,0.4647,0.4048,1.148,0.4585,0.4244,0.0341,L2
震荡-全样本,缩量 + 价涨量增,6332,0.4619,0.4436,1.041,0.4343,0.4244,0.0099,L2
震荡-全样本,缩量 + 价涨量缩,10007,0.6747,0.7419,0.909,0.4014,0.4244,-0.023,L2
震荡-全样本,缩量 + MACD_DIF大于0,2927,0.1853,0.2259,0.82,0.3768,0.4244,-0.0476,L2
震荡-全样本,缩量 + MACD金叉态,2970,0.1643,0.2467,0.666,0.3293,0.4244,-0.0951,L2
震荡-全样本,缩量 + MACD柱递增,11063,0.7472,0.8192,0.912,0.4022,0.4244,-0.0223,L2
震荡-全样本,缩量 + MACD零轴上金叉,270,0.017,0.0209,0.81,0.3741,0.4244,-0.0504,L2
震荡-全样本,缩量 + MACD底背离,5651,0.2939,0.4832,0.608,0.3097,0.4244,-0.1148,L2
震荡-全样本,缩量 + BOLL收上中轨,3242,0.1859,0.2644,0.703,0.3415,0.4244,-0.083,L2
震荡-全样本,缩量 + BOLL突破上轨,392,0.0238,0.031,0.77,0.3622,0.4244,-0.0622,L2
震荡-全样本,缩量 + BOLL触下轨反弹,8182,0.5702,0.5929,0.962,0.4149,0.4244,-0.0095,L2
震荡-全样本,缩量 + BOLL开口扩张,11523,0.7926,0.8427,0.941,0.4095,0.4244,-0.0149,L2
震荡-全样本,缩量 + KDJ金叉态,10349,0.7088,0.7591,0.934,0.4078,0.4244,-0.0167,L2
震荡-全样本,缩量 + KDJ_J超卖,11600,0.7822,0.8599,0.91,0.4015,0.4244,-0.023,L2
震荡-全样本,缩量 + KDJ低位金叉,6070,0.441,0.4266,1.034,0.4326,0.4244,0.0082,L2
震荡-全样本,缩量 + KDJ_D小于30,9323,0.6329,0.688,0.92,0.4042,0.4244,-0.0203,L2
震荡-全样本,缩量 + RSI6大于50,5412,0.3174,0.4362,0.728,0.3492,0.4244,-0.0752,L2
震荡-全样本,缩量 + RSI金叉,8710,0.5721,0.6569,0.871,0.391,0.4244,-0.0334,L2
震荡-全样本,缩量 + RSI6超卖,10424,0.7293,0.7533,0.968,0.4165,0.4244,-0.0079,L2
震荡-全样本,缩量 + RSI底背离,4777,0.2597,0.4002,0.649,0.3236,0.4244,-0.1008,L2
震荡-全样本,缩量 + 威科夫得分大于4,1748,0.107,0.1376,0.778,0.3644,0.4244,-0.06,L2
震荡-全样本,缩量 + 威科夫得分大于7,602,0.0359,0.0481,0.748,0.3555,0.4244,-0.069,L2
震荡-全样本,缩量 + 积累阶段,4684,0.2484,0.397,0.626,0.3158,0.4244,-0.1087,L2
震荡-全样本,缩量 + 威科夫B3弹簧,106,0.0045,0.0098,0.463,0.2547,0.4244,-0.1697,L2
震荡-全样本,缩量 + 威科夫B1突破,69,0.004,0.0056,0.723,0.3478,0.4244,-0.0766,L2
震荡-全样本,缩量 + 黄金柱,486,0.0269,0.0404,0.666,0.3292,0.4244,-0.0952,L2
震荡-全样本,缩量 + 量能金叉,2139,0.1821,0.1307,1.393,0.5068,0.4244,0.0823,L2
震荡-全样本,缩量 + 六脉红灯大于5,7090,0.4343,0.5578,0.779,0.3647,0.4244,-0.0597,L2
震荡-全样本,缩量 + 六脉红灯大于6,4456,0.2628,0.3581,0.734,0.3512,0.4244,-0.0732,L2
震荡-全样本,缩量 + 六脉6红首发,4456,0.2628,0.3581,0.734,0.3512,0.4244,-0.0732,L2
震荡-全样本,缩量 + 六脉5红首发,7090,0.4343,0.5578,0.779,0.3647,0.4244,-0.0597,L2
震荡-全样本,缩量 + 偏多共振,1593,0.1051,0.1198,0.878,0.393,0.4244,-0.0315,L2
震荡-全样本,缩量 + 多头共振,1587,0.105,0.1191,0.881,0.3938,0.4244,-0.0306,L2
震荡-全样本,缩量 + 火箭信号,644,0.0504,0.0426,1.183,0.4658,0.4244,0.0414,L2
震荡-全样本,缩量 + 二次涨停,95,0.0069,0.0067,1.03,0.4316,0.4244,0.0071,L2
震荡-全样本,缩量 + 纳财,51,0.003,0.0041,0.74,0.3529,0.4244,-0.0715,L2
震荡-全样本,缩量 + 极限抄底,886,0.0962,0.0388,2.483,0.6467,0.4244,0.2223,L2
震荡-全样本,缩量 + 中枢进机会区,5318,0.39,0.3711,1.051,0.4366,0.4244,0.0122,L2
震荡-全样本,缩量 + 中枢极限底,6191,0.4599,0.4277,1.075,0.4423,0.4244,0.0178,L2
震荡-全样本,缩量 + 中枢上穿中轴,2010,0.1335,0.1505,0.887,0.3955,0.4244,-0.0289,L2
震荡-全样本,缩量 + 中枢底部蓄力,8370,0.5289,0.6466,0.818,0.3762,0.4244,-0.0482,L2
震荡-全样本,缩量 + 中枢底部回升,10197,0.7071,0.7415,0.954,0.4129,0.4244,-0.0116,L2
震荡-全样本,缩量 + 大盘多头,4416,0.2289,0.3781,0.605,0.3087,0.4244,-0.1158,L2
震荡-全样本,缩量 + 大盘空头,3306,0.1844,0.2735,0.674,0.3321,0.4244,-0.0923,L2
震荡-全样本,缩量 + 大盘安全,7258,0.3942,0.6082,0.648,0.3234,0.4244,-0.1011,L2
震荡-全样本,缩量 + SID等于1,4416,0.2289,0.3781,0.605,0.3087,0.4244,-0.1158,L2
震荡-全样本,缩量 + SID等于2,12384,0.8292,0.9223,0.899,0.3987,0.4244,-0.0258,L2
震荡-全样本,缩量 + SID小于等于2,12384,0.8292,0.9223,0.899,0.3987,0.4244,-0.0258,L2
震荡-全样本,缩量 + 大盘5日上涨,7914,0.435,0.6594,0.66,0.3273,0.4244,-0.0972,L2
震荡-全样本,缩量 + 相对强弱大于0,4031,0.2417,0.321,0.753,0.357,0.4244,-0.0675,L2
震荡-全样本,缩量 + 相对强弱大于5,860,0.0576,0.064,0.9,0.3988,0.4244,-0.0256,L2
震荡-全样本,缩量 + 量比>=1.3,2295,0.213,0.1272,1.674,0.5525,0.4244,0.1281,L2
震荡-全样本,缩量 + 量比>=2,373,0.0301,0.024,1.251,0.4799,0.4244,0.0555,L2
震荡-全样本,缩量 + 距前高<=10%,1087,0.0652,0.0866,0.753,0.3569,0.4244,-0.0675,L2
震荡-全样本,缩量 + 深跌(距前高>40%),514,0.0366,0.0367,0.999,0.4241,0.4244,-0.0003,L2
震荡-全样本,缩量 + 距前低<=10%,7770,0.4876,0.6028,0.809,0.3736,0.4244,-0.0508,L2
震荡-全样本,缩量 + 相对强弱>=0,795,0.0455,0.0649,0.701,0.3409,0.4244,-0.0836,L2
震荡-全样本,缩量 + 相对强弱>=5,61,0.0035,0.005,0.712,0.3443,0.4244,-0.0802,L2
震荡-全样本,量比大于1 + 量比大于1_3,9294,0.7214,0.6191,1.165,0.4621,0.4244,0.0377,L2
震荡-全样本,量比大于1 + 量比大于2,3611,0.3141,0.2156,1.457,0.5179,0.4244,0.0934,L2
震荡-全样本,量比大于1 + 量能递增,7025,0.5895,0.4353,1.354,0.4996,0.4244,0.0752,L2
震荡-全样本,量比大于1 + 价涨量增,7828,0.6191,0.513,1.207,0.4709,0.4244,0.0464,L2
震荡-全样本,量比大于1 + 价涨量缩,9453,0.6797,0.6696,1.015,0.4281,0.4244,0.0037,L2
震荡-全样本,量比大于1 + MACD_DIF大于0,2728,0.1769,0.2075,0.852,0.386,0.4244,-0.0384,L2
震荡-全样本,量比大于1 + MACD金叉态,3350,0.201,0.2667,0.754,0.3573,0.4244,-0.0671,L2
震荡-全样本,量比大于1 + MACD柱递增,11524,0.8507,0.8,1.063,0.4395,0.4244,0.0151,L2
震荡-全样本,量比大于1 + MACD零轴上金叉,333,0.0227,0.0245,0.925,0.4054,0.4244,-0.019,L2
震荡-全样本,量比大于1 + MACD底背离,5743,0.3289,0.4688,0.701,0.3409,0.4244,-0.0835,L2
震荡-全样本,量比大于1 + BOLL收上中轨,3735,0.2319,0.2916,0.796,0.3697,0.4244,-0.0547,L2
震荡-全样本,量比大于1 + BOLL突破上轨,504,0.0333,0.0379,0.877,0.3929,0.4244,-0.0316,L2
震荡-全样本,量比大于1 + BOLL触下轨反弹,8744,0.6686,0.5899,1.133,0.4553,0.4244,0.0308,L2
震荡-全样本,量比大于1 + BOLL开口扩张,11880,0.8895,0.8155,1.091,0.4458,0.4244,0.0214,L2
震荡-全样本,量比大于1 + KDJ金叉态,11177,0.8319,0.7709,1.079,0.4431,0.4244,0.0187,L2
震荡-全样本,量比大于1 + KDJ_J超卖,11804,0.8661,0.8233,1.052,0.4369,0.4244,0.0124,L2
震荡-全样本,量比大于1 + KDJ低位金叉,6407,0.5102,0.4173,1.223,0.4742,0.4244,0.0497,L2
震荡-全样本,量比大于1 + KDJ_D小于30,9472,0.7101,0.6495,1.093,0.4464,0.4244,0.0219,L2
震荡-全样本,量比大于1 + RSI6大于50,6234,0.4061,0.4726,0.859,0.3879,0.4244,-0.0366,L2
震荡-全样本,量比大于1 + RSI金叉,9725,0.7036,0.6857,1.026,0.4307,0.4244,0.0063,L2
震荡-全样本,量比大于1 + RSI6超卖,10847,0.8285,0.7325,1.131,0.4548,0.4244,0.0303,L2
震荡-全样本,量比大于1 + RSI底背离,5021,0.3114,0.3922,0.794,0.3692,0.4244,-0.0552,L2
震荡-全样本,量比大于1 + 威科夫得分大于4,1706,0.1056,0.1334,0.792,0.3687,0.4244,-0.0557,L2
震荡-全样本,量比大于1 + 威科夫得分大于7,630,0.038,0.05,0.759,0.3587,0.4244,-0.0657,L2
震荡-全样本,量比大于1 + 积累阶段,4601,0.2546,0.3821,0.666,0.3295,0.4244,-0.0949,L2
震荡-全样本,量比大于1 + 威科夫B3弹簧,107,0.0054,0.0093,0.579,0.2991,0.4244,-0.1254,L2
震荡-全样本,量比大于1 + 威科夫B1突破,86,0.0052,0.0068,0.764,0.3605,0.4244,-0.064,L2
震荡-全样本,量比大于1 + 黄金柱,556,0.0319,0.0453,0.704,0.3417,0.4244,-0.0827,L2
震荡-全样本,量比大于1 + 量能金叉,2885,0.259,0.1663,1.557,0.5345,0.4244,0.1101,L2
震荡-全样本,量比大于1 + 六脉红灯大于5,8052,0.5527,0.5897,0.937,0.4087,0.4244,-0.0157,L2
震荡-全样本,量比大于1 + 六脉红灯大于6,5285,0.3505,0.3961,0.885,0.3949,0.4244,-0.0295,L2
震荡-全样本,量比大于1 + 六脉6红首发,5285,0.3505,0.3961,0.885,0.3949,0.4244,-0.0295,L2
震荡-全样本,量比大于1 + 六脉5红首发,8052,0.5527,0.5897,0.937,0.4087,0.4244,-0.0157,L2
震荡-全样本,量比大于1 + 偏多共振,1397,0.0942,0.1035,0.91,0.4016,0.4244,-0.0229,L2
震荡-全样本,量比大于1 + 多头共振,1392,0.0941,0.103,0.913,0.4023,0.4244,-0.0221,L2
震荡-全样本,量比大于1 + 火箭信号,956,0.0878,0.0536,1.638,0.5471,0.4244,0.1226,L2
震荡-全样本,量比大于1 + 二连板,84,0.0086,0.0041,2.096,0.6071,0.4244,0.1827,L2
震荡-全样本,量比大于1 + 二次涨停,96,0.0072,0.0066,1.1,0.4479,0.4244,0.0235,L2
震荡-全样本,量比大于1 + 纳财,56,0.0034,0.0045,0.753,0.3571,0.4244,-0.0673,L2
震荡-全样本,量比大于1 + 极限抄底,1115,0.1283,0.0435,2.952,0.6852,0.4244,0.2608,L2
震荡-全样本,量比大于1 + 中枢进机会区,5381,0.419,0.3574,1.172,0.4637,0.4244,0.0392,L2
震荡-全样本,量比大于1 + 中枢极限底,6432,0.5143,0.4174,1.232,0.4761,0.4244,0.0516,L2
震荡-全样本,量比大于1 + 中枢上穿中轴,2516,0.1859,0.1745,1.065,0.44,0.4244,0.0155,L2
震荡-全样本,量比大于1 + 中枢底部蓄力,8687,0.6132,0.6237,0.983,0.4203,0.4244,-0.0042,L2
震荡-全样本,量比大于1 + 中枢底部回升,10648,0.8065,0.7241,1.114,0.451,0.4244,0.0265,L2
震荡-全样本,量比大于1 + 大盘多头,4091,0.2192,0.3451,0.635,0.319,0.4244,-0.1054,L2
震荡-全样本,量比大于1 + 大盘空头,3756,0.2575,0.2753,0.935,0.4081,0.4244,-0.0163,L2
震荡-全样本,量比大于1 + 大盘安全,7454,0.4624,0.5822,0.794,0.3693,0.4244,-0.0551,L2
震荡-全样本,量比大于1 + SID等于1,4091,0.2192,0.3451,0.635,0.319,0.4244,-0.1054,L2
震荡-全样本,量比大于1 + SID等于2,12694,0.9246,0.8904,1.038,0.4337,0.4244,0.0092,L2
震荡-全样本,量比大于1 + SID小于等于2,12694,0.9246,0.8904,1.038,0.4337,0.4244,0.0092,L2
震荡-全样本,量比大于1 + 大盘5日上涨,8093,0.5024,0.6319,0.795,0.3696,0.4244,-0.0549,L2
震荡-全样本,量比大于1 + 相对强弱大于0,4403,0.2827,0.3369,0.839,0.3822,0.4244,-0.0422,L2
震荡-全样本,量比大于1 + 相对强弱大于5,1070,0.0756,0.0768,0.984,0.4206,0.4244,-0.0039,L2
震荡-全样本,量比大于1 + 量比>=1.3,3243,0.3178,0.1673,1.899,0.5834,0.4244,0.159,L2
震荡-全样本,量比大于1 + 量比>=2,551,0.0492,0.032,1.54,0.5318,0.4244,0.1073,L2
震荡-全样本,量比大于1 + 距前高<=10%,1109,0.0704,0.0855,0.823,0.3778,0.4244,-0.0466,L2
震荡-全样本,量比大于1 + 深跌(距前高>40%),726,0.0699,0.0384,1.82,0.573,0.4244,0.1486,L2
震荡-全样本,量比大于1 + 距前低<=10%,8027,0.5465,0.5912,0.924,0.4054,0.4244,-0.0191,L2
震荡-全样本,量比大于1 + 相对强弱>=0,927,0.0605,0.0702,0.861,0.3883,0.4244,-0.0361,L2
震荡-全样本,量比大于1 + 相对强弱>=5,96,0.0069,0.0068,1.011,0.4271,0.4244,0.0026,L2
震荡-全样本,量比大于1_3 + 量比大于2,3611,0.3141,0.2156,1.457,0.5179,0.4244,0.0934,L2
震荡-全样本,量比大于1_3 + 量能递增,5921,0.5087,0.3582,1.42,0.5116,0.4244,0.0871,L2
震荡-全样本,量比大于1_3 + 价涨量增,7010,0.5615,0.4542,1.236,0.4769,0.4244,0.0525,L2
震荡-全样本,量比大于1_3 + 价涨量缩,6470,0.4985,0.4337,1.149,0.4587,0.4244,0.0343,L2
震荡-全样本,量比大于1_3 + MACD_DIF大于0,1874,0.1261,0.1391,0.907,0.4007,0.4244,-0.0237,L2
震荡-全样本,量比大于1_3 + MACD金叉态,2785,0.1695,0.22,0.77,0.3623,0.4244,-0.0621,L2
震荡-全样本,量比大于1_3 + MACD柱递增,8551,0.6748,0.5614,1.202,0.4699,0.4244,0.0454,L2
震荡-全样本,量比大于1_3 + MACD零轴上金叉,315,0.0218,0.0229,0.953,0.4127,0.4244,-0.0117,L2
震荡-全样本,量比大于1_3 + MACD底背离,4157,0.2497,0.3307,0.755,0.3577,0.4244,-0.0667,L2
震荡-全样本,量比大于1_3 + BOLL收上中轨,3244,0.2015,0.2532,0.796,0.3699,0.4244,-0.0545,L2
震荡-全样本,量比大于1_3 + BOLL突破上轨,498,0.0333,0.0372,0.895,0.3976,0.4244,-0.0268,L2
震荡-全样本,量比大于1_3 + BOLL触下轨反弹,6493,0.5284,0.4145,1.275,0.4845,0.4244,0.0601,L2
震荡-全样本,量比大于1_3 + BOLL开口扩张,8741,0.6975,0.5682,1.227,0.4751,0.4244,0.0507,L2
震荡-全样本,量比大于1_3 + KDJ金叉态,8475,0.6698,0.5557,1.205,0.4706,0.4244,0.0461,L2
震荡-全样本,量比大于1_3 + KDJ_J超卖,8572,0.6722,0.566,1.188,0.4669,0.4244,0.0424,L2
震荡-全样本,量比大于1_3 + KDJ低位金叉,4631,0.4017,0.2773,1.449,0.5165,0.4244,0.0921,L2
震荡-全样本,量比大于1_3 + KDJ_D小于30,6851,0.5553,0.4391,1.265,0.4826,0.4244,0.0581,L2
震荡-全样本,量比大于1_3 + RSI6大于50,5084,0.3394,0.3794,0.895,0.3975,0.4244,-0.0269,L2
震荡-全样本,量比大于1_3 + RSI金叉,7612,0.5766,0.5176,1.114,0.451,0.4244,0.0266,L2
震荡-全样本,量比大于1_3 + RSI6超卖,7980,0.6518,0.5077,1.284,0.4863,0.4244,0.0619,L2
震荡-全样本,量比大于1_3 + RSI底背离,3609,0.2348,0.2738,0.857,0.3874,0.4244,-0.0371,L2
震荡-全样本,量比大于1_3 + 威科夫得分大于4,1299,0.0805,0.1016,0.792,0.3687,0.4244,-0.0557,L2
震荡-全样本,量比大于1_3 + 威科夫得分大于7,511,0.0306,0.0407,0.75,0.3562,0.4244,-0.0683,L2
震荡-全样本,量比大于1_3 + 积累阶段,3235,0.1842,0.2648,0.696,0.3391,0.4244,-0.0853,L2
震荡-全样本,量比大于1_3 + 威科夫B3弹簧,72,0.0035,0.0063,0.558,0.2917,0.4244,-0.1328,L2
震荡-全样本,量比大于1_3 + 威科夫B1突破,86,0.0052,0.0068,0.764,0.3605,0.4244,-0.064,L2
震荡-全样本,量比大于1_3 + 黄金柱,549,0.0312,0.045,0.695,0.3388,0.4244,-0.0856,L2
震荡-全样本,量比大于1_3 + 量能金叉,2770,0.2511,0.1579,1.59,0.5397,0.4244,0.1153,L2
震荡-全样本,量比大于1_3 + 六脉红灯大于5,6297,0.4518,0.4467,1.011,0.4272,0.4244,0.0028,L2
震荡-全样本,量比大于1_3 + 六脉红灯大于6,4456,0.3015,0.3296,0.915,0.4028,0.4244,-0.0216,L2
震荡-全样本,量比大于1_3 + 六脉6红首发,4456,0.3015,0.3296,0.915,0.4028,0.4244,-0.0216,L2
震荡-全样本,量比大于1_3 + 六脉5红首发,6297,0.4518,0.4467,1.011,0.4272,0.4244,0.0028,L2
震荡-全样本,量比大于1_3 + 偏多共振,940,0.0658,0.0679,0.97,0.417,0.4244,-0.0074,L2
震荡-全样本,量比大于1_3 + 多头共振,938,0.0657,0.0677,0.969,0.4168,0.4244,-0.0076,L2
震荡-全样本,量比大于1_3 + 火箭信号,918,0.0841,0.0516,1.629,0.5458,0.4244,0.1213,L2
震荡-全样本,量比大于1_3 + 二连板,80,0.0081,0.004,2.034,0.6,0.4244,0.1756,L2
震荡-全样本,量比大于1_3 + 二次涨停,78,0.0057,0.0054,1.048,0.4359,0.4244,0.0115,L2
震荡-全样本,量比大于1_3 + 纳财,53,0.003,0.0043,0.697,0.3396,0.4244,-0.0848,L2
震荡-全样本,量比大于1_3 + 极限抄底,943,0.1156,0.0316,3.659,0.7296,0.4244,0.3051,L2
震荡-全样本,量比大于1_3 + 中枢进机会区,3988,0.331,0.2498,1.325,0.4942,0.4244,0.0698,L2
震荡-全样本,量比大于1_3 + 中枢极限底,4836,0.4123,0.2949,1.398,0.5077,0.4244,0.0832,L2
震荡-全样本,量比大于1_3 + 中枢上穿中轴,2197,0.1643,0.151,1.088,0.4452,0.4244,0.0207,L2
震荡-全样本,量比大于1_3 + 中枢底部蓄力,6365,0.4824,0.4326,1.115,0.4512,0.4244,0.0268,L2
震荡-全样本,量比大于1_3 + 中枢底部回升,7924,0.6399,0.5095,1.256,0.4808,0.4244,0.0564,L2
震荡-全样本,量比大于1_3 + 大盘多头,2747,0.1512,0.2288,0.661,0.3276,0.4244,-0.0968,L2
震荡-全样本,量比大于1_3 + 大盘空头,2831,0.2027,0.2011,1.008,0.4264,0.4244,0.0019,L2
震荡-全样本,量比大于1_3 + 大盘安全,5265,0.344,0.3984,0.863,0.389,0.4244,-0.0355,L2
震荡-全样本,量比大于1_3 + SID等于1,2747,0.1512,0.2288,0.661,0.3276,0.4244,-0.0968,L2
震荡-全样本,量比大于1_3 + SID等于2,9294,0.7214,0.6191,1.165,0.4621,0.4244,0.0377,L2
震荡-全样本,量比大于1_3 + SID小于等于2,9294,0.7214,0.6191,1.165,0.4621,0.4244,0.0377,L2
震荡-全样本,量比大于1_3 + 大盘5日上涨,5698,0.3707,0.4324,0.857,0.3873,0.4244,-0.0371,L2
震荡-全样本,量比大于1_3 + 相对强弱大于0,3594,0.2343,0.2724,0.86,0.3881,0.4244,-0.0363,L2
震荡-全样本,量比大于1_3 + 相对强弱大于5,976,0.0692,0.0699,0.991,0.4221,0.4244,-0.0023,L2
震荡-全样本,量比大于1_3 + 量比>=1.3,3243,0.3178,0.1673,1.899,0.5834,0.4244,0.159,L2
震荡-全样本,量比大于1_3 + 量比>=2,551,0.0492,0.032,1.54,0.5318,0.4244,0.1073,L2
震荡-全样本,量比大于1_3 + 距前高<=10%,787,0.0516,0.0595,0.867,0.3901,0.4244,-0.0343,L2
震荡-全样本,量比大于1_3 + 深跌(距前高>40%),562,0.0596,0.0256,2.326,0.6317,0.4244,0.2072,L2
震荡-全样本,量比大于1_3 + 距前低<=10%,5917,0.4246,0.4197,1.012,0.4272,0.4244,0.0028,L2
震荡-全样本,量比大于1_3 + 相对强弱>=0,714,0.0475,0.0534,0.89,0.3964,0.4244,-0.0281,L2
震荡-全样本,量比大于1_3 + 相对强弱>=5,75,0.0054,0.0053,1.009,0.4267,0.4244,0.0022,L2
震荡-全样本,量比大于2 + 量能递增,2940,0.264,0.1694,1.558,0.5347,0.4244,0.1103,L2
震荡-全样本,量比大于2 + 价涨量增,3268,0.2837,0.1956,1.451,0.5168,0.4244,0.0924,L2
震荡-全样本,量比大于2 + 价涨量缩,2361,0.2123,0.1359,1.563,0.5354,0.4244,0.1109,L2
震荡-全样本,量比大于2 + MACD_DIF大于0,760,0.0551,0.0535,1.03,0.4316,0.4244,0.0071,L2
震荡-全样本,量比大于2 + MACD金叉态,1394,0.0907,0.1058,0.857,0.3874,0.4244,-0.0371,L2
震荡-全样本,量比大于2 + MACD柱递增,3360,0.2964,0.1975,1.501,0.5253,0.4244,0.1009,L2
震荡-全样本,量比大于2 + MACD零轴上金叉,240,0.0166,0.0175,0.952,0.4125,0.4244,-0.0119,L2
震荡-全样本,量比大于2 + MACD底背离,1476,0.0996,0.1094,0.911,0.4018,0.4244,-0.0227,L2
震荡-全样本,量比大于2 + BOLL收上中轨,1725,0.114,0.1296,0.88,0.3936,0.4244,-0.0308,L2
震荡-全样本,量比大于2 + BOLL突破上轨,424,0.0279,0.032,0.873,0.3915,0.4244,-0.0329,L2
震荡-全样本,量比大于2 + BOLL触下轨反弹,2572,0.2284,0.1501,1.522,0.5288,0.4244,0.1043,L2
震荡-全样本,量比大于2 + BOLL开口扩张,3451,0.3057,0.202,1.513,0.5274,0.4244,0.1029,L2
震荡-全样本,量比大于2 + KDJ金叉态,3402,0.2981,0.2015,1.479,0.5218,0.4244,0.0973,L2
震荡-全样本,量比大于2 + KDJ_J超卖,3281,0.2877,0.1942,1.481,0.5221,0.4244,0.0977,L2
震荡-全样本,量比大于2 + KDJ低位金叉,1705,0.1711,0.085,2.014,0.5977,0.4244,0.1732,L2
震荡-全样本,量比大于2 + KDJ_D小于30,2655,0.2467,0.1469,1.68,0.5533,0.4244,0.1289,L2
震荡-全样本,量比大于2 + RSI6大于50,2237,0.157,0.1613,0.974,0.418,0.4244,-0.0065,L2
震荡-全样本,量比大于2 + RSI金叉,3115,0.262,0.1926,1.36,0.5008,0.4244,0.0764,L2
震荡-全样本,量比大于2 + RSI6超卖,3102,0.284,0.1748,1.625,0.5451,0.4244,0.1207,L2
震荡-全样本,量比大于2 + RSI底背离,1233,0.085,0.09,0.944,0.4104,0.4244,-0.0141,L2
震荡-全样本,量比大于2 + 威科夫得分大于4,654,0.0437,0.0488,0.895,0.3976,0.4244,-0.0269,L2
震荡-全样本,量比大于2 + 威科夫得分大于7,303,0.019,0.0235,0.807,0.3729,0.4244,-0.0515,L2
震荡-全样本,量比大于2 + 积累阶段,1208,0.0771,0.0928,0.831,0.38,0.4244,-0.0445,L2
震荡-全样本,量比大于2 + 威科夫B1突破,82,0.005,0.0064,0.782,0.3659,0.4244,-0.0586,L2
震荡-全样本,量比大于2 + 黄金柱,387,0.022,0.0317,0.694,0.3385,0.4244,-0.0859,L2
震荡-全样本,量比大于2 + 量能金叉,1753,0.1621,0.0976,1.661,0.5505,0.4244,0.126,L2
震荡-全样本,量比大于2 + 六脉红灯大于5,2602,0.1994,0.1753,1.138,0.4562,0.4244,0.0318,L2
震荡-全样本,量比大于2 + 六脉红灯大于6,2079,0.1453,0.1504,0.966,0.4161,0.4244,-0.0084,L2
震荡-全样本,量比大于2 + 六脉6红首发,2079,0.1453,0.1504,0.966,0.4161,0.4244,-0.0084,L2
震荡-全样本,量比大于2 + 六脉5红首发,2602,0.1994,0.1753,1.138,0.4562,0.4244,0.0318,L2
震荡-全样本,量比大于2 + 偏多共振,349,0.0249,0.0249,0.998,0.4241,0.4244,-0.0004,L2
震荡-全样本,量比大于2 + 多头共振,349,0.0249,0.0249,0.998,0.4241,0.4244,-0.0004,L2
震荡-全样本,量比大于2 + 火箭信号,604,0.0516,0.0368,1.402,0.5083,0.4244,0.0838,L2
震荡-全样本,量比大于2 + 二连板,60,0.0057,0.0032,1.773,0.5667,0.4244,0.1422,L2
震荡-全样本,量比大于2 + 极限抄底,469,0.06,0.0139,4.322,0.7612,0.4244,0.3368,L2
震荡-全样本,量比大于2 + 中枢进机会区,1601,0.1456,0.0909,1.602,0.5415,0.4244,0.1171,L2
震荡-全样本,量比大于2 + 中枢极限底,1914,0.1832,0.1019,1.798,0.57,0.4244,0.1456,L2
震荡-全样本,量比大于2 + 中枢上穿中轴,1216,0.0895,0.0846,1.058,0.4383,0.4244,0.0139,L2
震荡-全样本,量比大于2 + 中枢底部蓄力,2470,0.215,0.1474,1.459,0.5182,0.4244,0.0938,L2
震荡-全样本,量比大于2 + 中枢底部回升,3117,0.2822,0.178,1.585,0.539,0.4244,0.1145,L2
震荡-全样本,量比大于2 + 大盘多头,991,0.0569,0.0808,0.705,0.3421,0.4244,-0.0824,L2
震荡-全样本,量比大于2 + 大盘空头,897,0.0679,0.0611,1.111,0.4504,0.4244,0.026,L2
震荡-全样本,量比大于2 + 大盘安全,1827,0.1221,0.1362,0.896,0.3979,0.4244,-0.0265,L2
震荡-全样本,量比大于2 + SID等于1,991,0.0569,0.0808,0.705,0.3421,0.4244,-0.0824,L2
震荡-全样本,量比大于2 + SID等于2,3611,0.3141,0.2156,1.457,0.5179,0.4244,0.0934,L2
震荡-全样本,量比大于2 + SID小于等于2,3611,0.3141,0.2156,1.457,0.5179,0.4244,0.0934,L2
震荡-全样本,量比大于2 + 大盘5日上涨,1939,0.1292,0.1449,0.891,0.3966,0.4244,-0.0278,L2
震荡-全样本,量比大于2 + 相对强弱大于0,1806,0.1263,0.1305,0.968,0.4164,0.4244,-0.008,L2
震荡-全样本,量比大于2 + 相对强弱大于5,739,0.0541,0.0516,1.047,0.4357,0.4244,0.0113,L2
震荡-全样本,量比大于2 + 量比>=1.3,1626,0.171,0.0753,2.271,0.6261,0.4244,0.2016,L2
震荡-全样本,量比大于2 + 量比>=2,551,0.0492,0.032,1.54,0.5318,0.4244,0.1073,L2
震荡-全样本,量比大于2 + 距前高<=10%,304,0.0227,0.0209,1.083,0.4441,0.4244,0.0196,L2
震荡-全样本,量比大于2 + 深跌(距前高>40%),193,0.0205,0.0088,2.33,0.6321,0.4244,0.2077,L2
震荡-全样本,量比大于2 + 距前低<=10%,2228,0.1821,0.1417,1.285,0.4865,0.4244,0.0621,L2
震荡-全样本,量比大于2 + 相对强弱>=0,354,0.026,0.0246,1.056,0.4379,0.4244,0.0134,L2
震荡-全样本,量能递增 + 价涨量增,5873,0.5047,0.3552,1.421,0.5117,0.4244,0.0872,L2
震荡-全样本,量能递增 + 价涨量缩,5434,0.4473,0.3432,1.303,0.4901,0.4244,0.0656,L2
震荡-全样本,量能递增 + MACD_DIF大于0,1660,0.1241,0.1141,1.088,0.4452,0.4244,0.0207,L2
震荡-全样本,量能递增 + MACD金叉态,2570,0.1659,0.1959,0.847,0.3844,0.4244,-0.04,L2
震荡-全样本,量能递增 + MACD柱递增,6778,0.5702,0.419,1.361,0.5009,0.4244,0.0764,L2
震荡-全样本,量能递增 + MACD零轴上金叉,299,0.0203,0.022,0.922,0.4047,0.4244,-0.0198,L2
震荡-全样本,量能递增 + MACD底背离,3300,0.212,0.2524,0.84,0.3824,0.4244,-0.042,L2
震荡-全样本,量能递增 + BOLL收上中轨,2735,0.1806,0.2056,0.878,0.3931,0.4244,-0.0314,L2
震荡-全样本,量能递增 + BOLL突破上轨,475,0.0319,0.0353,0.904,0.4,0.4244,-0.0244,L2
震荡-全样本,量能递增 + BOLL触下轨反弹,5713,0.4777,0.3553,1.344,0.4978,0.4244,0.0734,L2
震荡-全样本,量能递增 + BOLL开口扩张,7282,0.6142,0.449,1.368,0.5022,0.4244,0.0778,L2
震荡-全样本,量能递增 + KDJ金叉态,6390,0.543,0.391,1.389,0.5059,0.4244,0.0815,L2
震荡-全样本,量能递增 + KDJ_J超卖,6985,0.5838,0.4346,1.343,0.4976,0.4244,0.0732,L2
震荡-全样本,量能递增 + KDJ低位金叉,3159,0.3001,0.1699,1.766,0.5657,0.4244,0.1412,L2
震荡-全样本,量能递增 + KDJ_D小于30,5154,0.4468,0.3089,1.446,0.5161,0.4244,0.0917,L2
震荡-全样本,量能递增 + RSI6大于50,3991,0.2865,0.283,1.012,0.4275,0.4244,0.003,L2
震荡-全样本,量能递增 + RSI金叉,6084,0.4988,0.3857,1.293,0.4882,0.4244,0.0637,L2
震荡-全样本,量能递增 + RSI6超卖,6470,0.5625,0.3865,1.455,0.5176,0.4244,0.0932,L2
震荡-全样本,量能递增 + RSI底背离,3143,0.222,0.2255,0.984,0.4206,0.4244,-0.0038,L2
震荡-全样本,量能递增 + 威科夫得分大于4,1398,0.092,0.1053,0.874,0.392,0.4244,-0.0324,L2
震荡-全样本,量能递增 + 威科夫得分大于7,601,0.0376,0.0467,0.806,0.3727,0.4244,-0.0517,L2
震荡-全样本,量能递增 + 积累阶段,2637,0.1599,0.2087,0.766,0.361,0.4244,-0.0634,L2
震荡-全样本,量能递增 + 威科夫B3弹簧,81,0.0044,0.0068,0.641,0.321,0.4244,-0.1034,L2
震荡-全样本,量能递增 + 威科夫B1突破,84,0.005,0.0067,0.753,0.3571,0.4244,-0.0673,L2
震荡-全样本,量能递增 + 黄金柱,388,0.0223,0.0316,0.707,0.3428,0.4244,-0.0817,L2
震荡-全样本,量能递增 + 量能金叉,2541,0.2298,0.1453,1.581,0.5384,0.4244,0.1139,L2
震荡-全样本,量能递增 + 六脉红灯大于5,4828,0.3791,0.3184,1.19,0.4675,0.4244,0.043,L2
震荡-全样本,量能递增 + 六脉红灯大于6,3472,0.2508,0.2451,1.023,0.43,0.4244,0.0056,L2
震荡-全样本,量能递增 + 六脉6红首发,3472,0.2508,0.2451,1.023,0.43,0.4244,0.0056,L2
震荡-全样本,量能递增 + 六脉5红首发,4828,0.3791,0.3184,1.19,0.4675,0.4244,0.043,L2
震荡-全样本,量能递增 + 偏多共振,804,0.064,0.0524,1.221,0.4739,0.4244,0.0494,L2
震荡-全样本,量能递增 + 多头共振,803,0.0638,0.0524,1.218,0.4732,0.4244,0.0488,L2
震荡-全样本,量能递增 + 火箭信号,809,0.0773,0.0432,1.787,0.5686,0.4244,0.1442,L2
震荡-全样本,量能递增 + 二连板,80,0.0081,0.004,2.034,0.6,0.4244,0.1756,L2
震荡-全样本,量能递增 + 二次涨停,64,0.0049,0.0043,1.124,0.4531,0.4244,0.0287,L2
震荡-全样本,量能递增 + 极限抄底,782,0.0962,0.0259,3.718,0.7327,0.4244,0.3083,L2
震荡-全样本,量能递增 + 中枢进机会区,3535,0.2991,0.2172,1.377,0.5038,0.4244,0.0794,L2
震荡-全样本,量能递增 + 中枢极限底,3998,0.3551,0.2333,1.522,0.5288,0.4244,0.1043,L2
震荡-全样本,量能递增 + 中枢上穿中轴,1989,0.156,0.1313,1.188,0.4671,0.4244,0.0426,L2
震荡-全样本,量能递增 + 中枢底部蓄力,5080,0.4066,0.3293,1.235,0.4766,0.4244,0.0521,L2
震荡-全样本,量能递增 + 中枢底部回升,6580,0.5596,0.4023,1.391,0.5064,0.4244,0.0819,L2
震荡-全样本,量能递增 + 大盘多头,2138,0.1276,0.1707,0.748,0.3555,0.4244,-0.069,L2
震荡-全样本,量能递增 + 大盘空头,2619,0.2015,0.1757,1.147,0.4582,0.4244,0.0338,L2
震荡-全样本,量能递增 + 大盘安全,4549,0.3211,0.3266,0.983,0.4203,0.4244,-0.0041,L2
震荡-全样本,量能递增 + SID等于1,2138,0.1276,0.1707,0.748,0.3555,0.4244,-0.069,L2
震荡-全样本,量能递增 + SID等于2,7626,0.6317,0.4787,1.32,0.4932,0.4244,0.0687,L2
震荡-全样本,量能递增 + SID小于等于2,7626,0.6317,0.4787,1.32,0.4932,0.4244,0.0687,L2
震荡-全样本,量能递增 + 大盘5日上涨,4754,0.3359,0.3411,0.985,0.4207,0.4244,-0.0037,L2
震荡-全样本,量能递增 + 相对强弱大于0,3166,0.2249,0.2263,0.994,0.4229,0.4244,-0.0015,L2
震荡-全样本,量能递增 + 相对强弱大于5,955,0.07,0.0666,1.051,0.4366,0.4244,0.0122,L2
震荡-全样本,量能递增 + 量比>=1.3,2460,0.2524,0.1185,2.13,0.611,0.4244,0.1865,L2
震荡-全样本,量能递增 + 量比>=2,483,0.044,0.0274,1.608,0.5424,0.4244,0.118,L2
震荡-全样本,量能递增 + 距前高<=10%,774,0.0532,0.0566,0.941,0.4096,0.4244,-0.0149,L2
震荡-全样本,量能递增 + 深跌(距前高>40%),500,0.0576,0.0194,2.963,0.686,0.4244,0.2616,L2
震荡-全样本,量能递增 + 距前低<=10%,5058,0.3863,0.3416,1.131,0.4547,0.4244,0.0303,L2
震荡-全样本,量能递增 + 相对强弱>=0,728,0.0512,0.0524,0.978,0.419,0.4244,-0.0055,L2
震荡-全样本,量能递增 + 相对强弱>=5,84,0.0064,0.0057,1.12,0.4524,0.4244,0.0279,L2
震荡-全样本,价涨量增 + 价涨量缩,5132,0.4059,0.3363,1.207,0.471,0.4244,0.0465,L2
震荡-全样本,价涨量增 + MACD_DIF大于0,1608,0.11,0.118,0.932,0.4073,0.4244,-0.0171,L2
震荡-全样本,价涨量增 + MACD金叉态,2767,0.1696,0.2176,0.78,0.365,0.4244,-0.0594,L2
震荡-全样本,价涨量增 + MACD柱递增,7352,0.5877,0.4772,1.231,0.4759,0.4244,0.0515,L2
震荡-全样本,价涨量增 + MACD零轴上金叉,323,0.0222,0.0237,0.937,0.4087,0.4244,-0.0158,L2
震荡-全样本,价涨量增 + MACD底背离,3522,0.22,0.274,0.803,0.3719,0.4244,-0.0525,L2
震荡-全样本,价涨量增 + BOLL收上中轨,3265,0.2056,0.2528,0.813,0.3749,0.4244,-0.0496,L2
震荡-全样本,价涨量增 + BOLL突破上轨,499,0.0328,0.0377,0.87,0.3908,0.4244,-0.0337,L2
震荡-全样本,价涨量增 + BOLL触下轨反弹,5683,0.4661,0.3602,1.294,0.4883,0.4244,0.0639,L2
震荡-全样本,价涨量增 + BOLL开口扩张,7383,0.6003,0.4718,1.272,0.4841,0.4244,0.0596,L2
震荡-全样本,价涨量增 + KDJ金叉态,7350,0.5865,0.4778,1.227,0.4751,0.4244,0.0507,L2
震荡-全样本,价涨量增 + KDJ_J超卖,7189,0.5756,0.4659,1.235,0.4767,0.4244,0.0523,L2
震荡-全样本,价涨量增 + KDJ低位金叉,3673,0.332,0.2101,1.581,0.5383,0.4244,0.1138,L2
震荡-全样本,价涨量增 + KDJ_D小于30,5636,0.4674,0.3534,1.323,0.4938,0.4244,0.0694,L2
震荡-全样本,价涨量增 + RSI6大于50,4988,0.3393,0.3676,0.923,0.405,0.4244,-0.0195,L2
震荡-全样本,价涨量增 + RSI金叉,7011,0.5413,0.4692,1.154,0.4597,0.4244,0.0353,L2
震荡-全样本,价涨量增 + RSI6超卖,6616,0.5524,0.4121,1.341,0.4971,0.4244,0.0727,L2
震荡-全样本,价涨量增 + RSI底背离,3256,0.2225,0.2392,0.93,0.4069,0.4244,-0.0175,L2
震荡-全样本,价涨量增 + 威科夫得分大于4,1251,0.0779,0.0975,0.8,0.3709,0.4244,-0.0535,L2
震荡-全样本,价涨量增 + 威科夫得分大于7,514,0.0316,0.0404,0.782,0.3658,0.4244,-0.0587,L2
震荡-全样本,价涨量增 + 积累阶段,2877,0.1661,0.2338,0.71,0.3438,0.4244,-0.0807,L2
震荡-全样本,价涨量增 + 威科夫B3弹簧,75,0.0047,0.0058,0.808,0.3733,0.4244,-0.0511,L2
震荡-全样本,价涨量增 + 威科夫B1突破,87,0.0052,0.0069,0.751,0.3563,0.4244,-0.0681,L2
震荡-全样本,价涨量增 + 黄金柱,542,0.0307,0.0445,0.691,0.3376,0.4244,-0.0868,L2
震荡-全样本,价涨量增 + 量能金叉,2525,0.2272,0.1452,1.565,0.5358,0.4244,0.1114,L2
震荡-全样本,价涨量增 + 六脉红灯大于5,5917,0.4327,0.4138,1.046,0.4354,0.4244,0.0109,L2
震荡-全样本,价涨量增 + 六脉红灯大于6,4446,0.3028,0.3273,0.925,0.4055,0.4244,-0.0189,L2
震荡-全样本,价涨量增 + 六脉6红首发,4446,0.3028,0.3273,0.925,0.4055,0.4244,-0.0189,L2
震荡-全样本,价涨量增 + 六脉5红首发,5917,0.4327,0.4138,1.046,0.4354,0.4244,0.0109,L2
震荡-全样本,价涨量增 + 偏多共振,767,0.0536,0.0555,0.966,0.4159,0.4244,-0.0085,L2
震荡-全样本,价涨量增 + 多头共振,765,0.0534,0.0554,0.965,0.4157,0.4244,-0.0088,L2
震荡-全样本,价涨量增 + 火箭信号,892,0.0815,0.0504,1.616,0.5437,0.4244,0.1193,L2
震荡-全样本,价涨量增 + 二连板,79,0.0077,0.0041,1.89,0.5823,0.4244,0.1578,L2
震荡-全样本,价涨量增 + 二次涨停,77,0.0055,0.0054,1.017,0.4286,0.4244,0.0041,L2
震荡-全样本,价涨量增 + 纳财,54,0.0034,0.0042,0.798,0.3704,0.4244,-0.0541,L2
震荡-全样本,价涨量增 + 极限抄底,741,0.0925,0.0235,3.933,0.7436,0.4244,0.3192,L2
震荡-全样本,价涨量增 + 中枢进机会区,3302,0.2718,0.2086,1.303,0.49,0.4244,0.0656,L2
震荡-全样本,价涨量增 + 中枢极限底,4026,0.3445,0.2446,1.408,0.5094,0.4244,0.085,L2
震荡-全样本,价涨量增 + 中枢上穿中轴,2230,0.1686,0.1518,1.111,0.4502,0.4244,0.0258,L2
震荡-全样本,价涨量增 + 中枢底部蓄力,5346,0.4177,0.3541,1.18,0.4652,0.4244,0.0408,L2
震荡-全样本,价涨量增 + 中枢底部回升,6701,0.5504,0.4241,1.298,0.489,0.4244,0.0646,L2
震荡-全样本,价涨量增 + 大盘多头,2364,0.1332,0.1946,0.685,0.3354,0.4244,-0.089,L2
震荡-全样本,价涨量增 + 大盘空头,2614,0.1992,0.1769,1.126,0.4537,0.4244,0.0293,L2
震荡-全样本,价涨量增 + 大盘安全,4811,0.3257,0.3557,0.916,0.403,0.4244,-0.0214,L2
震荡-全样本,价涨量增 + SID等于1,2364,0.1332,0.1946,0.685,0.3354,0.4244,-0.089,L2
震荡-全样本,价涨量增 + SID等于2,7864,0.6223,0.5151,1.208,0.4711,0.4244,0.0467,L2
震荡-全样本,价涨量增 + SID小于等于2,7864,0.6223,0.5151,1.208,0.4711,0.4244,0.0467,L2
震荡-全样本,价涨量增 + 大盘5日上涨,5106,0.3441,0.3786,0.909,0.4013,0.4244,-0.0231,L2
震荡-全样本,价涨量增 + 相对强弱大于0,3390,0.2272,0.2523,0.901,0.3991,0.4244,-0.0253,L2
震荡-全样本,价涨量增 + 相对强弱大于5,988,0.0697,0.071,0.982,0.42,0.4244,-0.0044,L2
震荡-全样本,价涨量增 + 量比>=1.3,2746,0.2733,0.1386,1.972,0.5925,0.4244,0.1681,L2
震荡-全样本,价涨量增 + 量比>=2,525,0.0475,0.03,1.586,0.539,0.4244,0.1146,L2
震荡-全样本,价涨量增 + 距前高<=10%,771,0.0531,0.0564,0.942,0.4099,0.4244,-0.0146,L2
震荡-全样本,价涨量增 + 深跌(距前高>40%),508,0.0551,0.0223,2.471,0.6457,0.4244,0.2212,L2
震荡-全样本,价涨量增 + 距前低<=10%,5024,0.3739,0.3465,1.079,0.4431,0.4244,0.0186,L2
震荡-全样本,价涨量增 + 相对强弱>=0,696,0.0484,0.0505,0.957,0.4138,0.4244,-0.0106,L2
震荡-全样本,价涨量增 + 相对强弱>=5,82,0.006,0.0057,1.061,0.439,0.4244,0.0146,L2
震荡-全样本,价涨量缩 + MACD_DIF大于0,2516,0.1614,0.1926,0.838,0.382,0.4244,-0.0425,L2
震荡-全样本,价涨量缩 + MACD金叉态,2329,0.1308,0.192,0.682,0.3345,0.4244,-0.09,L2
震荡-全样本,价涨量缩 + MACD柱递增,9584,0.6784,0.6868,0.988,0.4214,0.4244,-0.003,L2
震荡-全样本,价涨量缩 + MACD零轴上金叉,193,0.0121,0.015,0.807,0.3731,0.4244,-0.0514,L2
震荡-全样本,价涨量缩 + MACD底背离,4670,0.2489,0.3948,0.63,0.3173,0.4244,-0.1071,L2
震荡-全样本,价涨量缩 + BOLL收上中轨,2505,0.1454,0.203,0.717,0.3457,0.4244,-0.0787,L2
震荡-全样本,价涨量缩 + BOLL突破上轨,290,0.0173,0.0232,0.747,0.3552,0.4244,-0.0693,L2
震荡-全样本,价涨量缩 + BOLL触下轨反弹,7247,0.5277,0.5084,1.038,0.4336,0.4244,0.0091,L2
震荡-全样本,价涨量缩 + BOLL开口扩张,10060,0.723,0.7128,1.014,0.4279,0.4244,0.0035,L2
震荡-全样本,价涨量缩 + KDJ金叉态,8879,0.6392,0.6283,1.017,0.4287,0.4244,0.0042,L2
震荡-全样本,价涨量缩 + KDJ_J超卖,10076,0.7118,0.7231,0.984,0.4206,0.4244,-0.0038,L2
震荡-全样本,价涨量缩 + KDJ低位金叉,5367,0.4095,0.3628,1.129,0.4543,0.4244,0.0298,L2
震荡-全样本,价涨量缩 + KDJ_D小于30,8069,0.5771,0.5738,1.006,0.4258,0.4244,0.0014,L2
震荡-全样本,价涨量缩 + RSI6大于50,4326,0.2647,0.3406,0.777,0.3643,0.4244,-0.0601,L2
震荡-全样本,价涨量缩 + RSI金叉,7408,0.5165,0.5367,0.962,0.4151,0.4244,-0.0093,L2
震荡-全样本,价涨量缩 + RSI6超卖,9045,0.6659,0.6292,1.058,0.4384,0.4244,0.0139,L2
震荡-全样本,价涨量缩 + RSI底背离,4051,0.2333,0.3297,0.708,0.3429,0.4244,-0.0816,L2
震荡-全样本,价涨量缩 + 威科夫得分大于4,1471,0.092,0.1143,0.805,0.3725,0.4244,-0.0519,L2
震荡-全样本,价涨量缩 + 威科夫得分大于7,510,0.0302,0.0409,0.74,0.3529,0.4244,-0.0715,L2
震荡-全样本,价涨量缩 + 积累阶段,3803,0.2009,0.3229,0.622,0.3145,0.4244,-0.1099,L2
震荡-全样本,价涨量缩 + 威科夫B3弹簧,94,0.004,0.0087,0.465,0.2553,0.4244,-0.1691,L2
震荡-全样本,价涨量缩 + 黄金柱,322,0.0176,0.0269,0.656,0.3261,0.4244,-0.0983,L2
震荡-全样本,价涨量缩 + 量能金叉,1844,0.1676,0.1048,1.6,0.5412,0.4244,0.1168,L2
震荡-全样本,价涨量缩 + 六脉红灯大于5,5894,0.3831,0.4475,0.856,0.387,0.4244,-0.0374,L2
震荡-全样本,价涨量缩 + 六脉红灯大于6,3518,0.2168,0.2758,0.786,0.367,0.4244,-0.0575,L2
震荡-全样本,价涨量缩 + 六脉6红首发,3518,0.2168,0.2758,0.786,0.367,0.4244,-0.0575,L2
震荡-全样本,价涨量缩 + 六脉5红首发,5894,0.3831,0.4475,0.856,0.387,0.4244,-0.0374,L2
震荡-全样本,价涨量缩 + 偏多共振,1380,0.0937,0.1018,0.921,0.4043,0.4244,-0.0201,L2
震荡-全样本,价涨量缩 + 多头共振,1375,0.0936,0.1013,0.923,0.4051,0.4244,-0.0193,L2
震荡-全样本,价涨量缩 + 火箭信号,490,0.0443,0.028,1.584,0.5388,0.4244,0.1143,L2
震荡-全样本,价涨量缩 + 二次涨停,79,0.006,0.0053,1.135,0.4557,0.4244,0.0313,L2
震荡-全样本,价涨量缩 + 极限抄底,923,0.1051,0.0368,2.858,0.6782,0.4244,0.2538,L2
震荡-全样本,价涨量缩 + 中枢进机会区,4624,0.3498,0.3147,1.112,0.4505,0.4244,0.026,L2
震荡-全样本,价涨量缩 + 中枢极限底,5359,0.4165,0.3566,1.168,0.4628,0.4244,0.0383,L2
震荡-全样本,价涨量缩 + 中枢上穿中轴,1611,0.1097,0.1187,0.924,0.4053,0.4244,-0.0191,L2
震荡-全样本,价涨量缩 + 中枢底部蓄力,7297,0.4864,0.5451,0.892,0.3969,0.4244,-0.0276,L2
震荡-全样本,价涨量缩 + 中枢底部回升,8934,0.6503,0.627,1.037,0.4334,0.4244,0.009,L2
震荡-全样本,价涨量缩 + 大盘多头,3727,0.1923,0.3198,0.601,0.3072,0.4244,-0.1172,L2
震荡-全样本,价涨量缩 + 大盘空头,2963,0.1863,0.2296,0.811,0.3743,0.4244,-0.0502,L2
震荡-全样本,价涨量缩 + 大盘安全,6300,0.3629,0.5126,0.708,0.343,0.4244,-0.0814,L2
震荡-全样本,价涨量缩 + SID等于1,3727,0.1923,0.3198,0.601,0.3072,0.4244,-0.1172,L2
震荡-全样本,价涨量缩 + SID等于2,10756,0.7533,0.7767,0.97,0.417,0.4244,-0.0075,L2
震荡-全样本,价涨量缩 + SID小于等于2,10756,0.7533,0.7767,0.97,0.417,0.4244,-0.0075,L2
震荡-全样本,价涨量缩 + 大盘5日上涨,6807,0.3949,0.5519,0.715,0.3454,0.4244,-0.0791,L2
震荡-全样本,价涨量缩 + 相对强弱大于0,3178,0.1965,0.2487,0.79,0.3682,0.4244,-0.0563,L2
震荡-全样本,价涨量缩 + 相对强弱大于5,618,0.0422,0.0455,0.927,0.4061,0.4244,-0.0183,L2
震荡-全样本,价涨量缩 + 量比>=1.3,1841,0.1908,0.0873,2.185,0.6171,0.4244,0.1926,L2
震荡-全样本,价涨量缩 + 量比>=2,238,0.0212,0.0139,1.526,0.5294,0.4244,0.105,L2
震荡-全样本,价涨量缩 + 距前高<=10%,889,0.0532,0.0708,0.752,0.3566,0.4244,-0.0679,L2
震荡-全样本,价涨量缩 + 深跌(距前高>40%),521,0.0494,0.0281,1.756,0.5643,0.4244,0.1399,L2
震荡-全样本,价涨量缩 + 距前低<=10%,6711,0.4387,0.5077,0.864,0.3892,0.4244,-0.0352,L2
震荡-全样本,价涨量缩 + 相对强弱>=0,642,0.0393,0.0505,0.778,0.3645,0.4244,-0.06,L2
震荡-全样本,价涨量缩 + 相对强弱>=5,50,0.0034,0.0037,0.904,0.4,0.4244,-0.0244,L2
震荡-全样本,MACD_DIF大于0 + MACD金叉态,692,0.0522,0.0472,1.107,0.4494,0.4244,0.025,L2
震荡-全样本,MACD_DIF大于0 + MACD柱递增,2477,0.1559,0.1919,0.812,0.3746,0.4244,-0.0498,L2
震荡-全样本,MACD_DIF大于0 + MACD零轴上金叉,335,0.023,0.0245,0.938,0.409,0.4244,-0.0155,L2
震荡-全样本,MACD_DIF大于0 + MACD底背离,582,0.0331,0.0477,0.694,0.3385,0.4244,-0.0859,L2
震荡-全样本,MACD_DIF大于0 + BOLL收上中轨,1536,0.0972,0.1185,0.82,0.377,0.4244,-0.0475,L2
震荡-全样本,MACD_DIF大于0 + BOLL突破上轨,314,0.0218,0.0228,0.958,0.414,0.4244,-0.0104,L2
震荡-全样本,MACD_DIF大于0 + BOLL触下轨反弹,2027,0.1357,0.151,0.899,0.3986,0.4244,-0.0258,L2
震荡-全样本,MACD_DIF大于0 + BOLL开口扩张,2947,0.1947,0.2215,0.879,0.3933,0.4244,-0.0312,L2
震荡-全样本,MACD_DIF大于0 + KDJ金叉态,2263,0.1451,0.1733,0.837,0.3818,0.4244,-0.0426,L2
震荡-全样本,MACD_DIF大于0 + KDJ_J超卖,2898,0.1906,0.2184,0.873,0.3916,0.4244,-0.0328,L2
震荡-全样本,MACD_DIF大于0 + KDJ低位金叉,610,0.0351,0.0497,0.707,0.3426,0.4244,-0.0818,L2
震荡-全样本,MACD_DIF大于0 + KDJ_D小于30,1545,0.0956,0.1209,0.791,0.3683,0.4244,-0.0562,L2
震荡-全样本,MACD_DIF大于0 + RSI6大于50,1901,0.1172,0.149,0.787,0.3672,0.4244,-0.0573,L2
震荡-全样本,MACD_DIF大于0 + RSI金叉,1863,0.1179,0.1438,0.82,0.3768,0.4244,-0.0476,L2
震荡-全样本,MACD_DIF大于0 + RSI6超卖,2122,0.1496,0.1525,0.982,0.4199,0.4244,-0.0045,L2
震荡-全样本,MACD_DIF大于0 + RSI底背离,440,0.0269,0.0347,0.775,0.3636,0.4244,-0.0608,L2
震荡-全样本,MACD_DIF大于0 + 威科夫得分大于4,1365,0.0902,0.1026,0.879,0.3934,0.4244,-0.031,L2
震荡-全样本,MACD_DIF大于0 + 威科夫得分大于7,586,0.0388,0.044,0.882,0.3942,0.4244,-0.0302,L2
震荡-全样本,MACD_DIF大于0 + 积累阶段,758,0.0521,0.0555,0.938,0.409,0.4244,-0.0155,L2
震荡-全样本,MACD_DIF大于0 + 黄金柱,161,0.0107,0.012,0.895,0.3975,0.4244,-0.0269,L2
震荡-全样本,MACD_DIF大于0 + 量能金叉,681,0.0459,0.0505,0.907,0.4009,0.4244,-0.0236,L2
震荡-全样本,MACD_DIF大于0 + 六脉红灯大于5,1581,0.1004,0.1217,0.825,0.3782,0.4244,-0.0462,L2
震荡-全样本,MACD_DIF大于0 + 六脉红灯大于6,1227,0.0773,0.095,0.813,0.3749,0.4244,-0.0495,L2
震荡-全样本,MACD_DIF大于0 + 六脉6红首发,1227,0.0773,0.095,0.813,0.3749,0.4244,-0.0495,L2
震荡-全样本,MACD_DIF大于0 + 六脉5红首发,1581,0.1004,0.1217,0.825,0.3782,0.4244,-0.0462,L2
震荡-全样本,MACD_DIF大于0 + 偏多共振,1448,0.0922,0.1113,0.828,0.3791,0.4244,-0.0453,L2
震荡-全样本,MACD_DIF大于0 + 多头共振,1444,0.0922,0.1108,0.832,0.3802,0.4244,-0.0442,L2
震荡-全样本,MACD_DIF大于0 + 火箭信号,313,0.0244,0.0208,1.17,0.4633,0.4244,0.0388,L2
震荡-全样本,MACD_DIF大于0 + 二次涨停,63,0.0044,0.0046,0.953,0.4127,0.4244,-0.0117,L2
震荡-全样本,MACD_DIF大于0 + 极限抄底,53,0.0067,0.0016,4.173,0.7547,0.4244,0.3303,L2
震荡-全样本,MACD_DIF大于0 + 中枢进机会区,1293,0.1023,0.0847,1.207,0.471,0.4244,0.0466,L2
震荡-全样本,MACD_DIF大于0 + 中枢极限底,661,0.059,0.0384,1.535,0.531,0.4244,0.1066,L2
震荡-全样本,MACD_DIF大于0 + 中枢上穿中轴,1230,0.0803,0.0931,0.862,0.3886,0.4244,-0.0358,L2
震荡-全样本,MACD_DIF大于0 + 中枢底部蓄力,487,0.0328,0.0362,0.906,0.4004,0.4244,-0.024,L2
震荡-全样本,MACD_DIF大于0 + 中枢底部回升,1371,0.109,0.0894,1.219,0.4734,0.4244,0.0489,L2
震荡-全样本,MACD_DIF大于0 + 大盘多头,1676,0.0907,0.1407,0.645,0.3222,0.4244,-0.1022,L2
震荡-全样本,MACD_DIF大于0 + 大盘空头,431,0.0223,0.0369,0.605,0.3086,0.4244,-0.1159,L2
震荡-全样本,MACD_DIF大于0 + 大盘安全,2071,0.1127,0.1734,0.65,0.324,0.4244,-0.1004,L2
震荡-全样本,MACD_DIF大于0 + SID等于1,1676,0.0907,0.1407,0.645,0.3222,0.4244,-0.1022,L2
震荡-全样本,MACD_DIF大于0 + SID等于2,3168,0.2056,0.2408,0.854,0.3864,0.4244,-0.0381,L2
震荡-全样本,MACD_DIF大于0 + SID小于等于2,3168,0.2056,0.2408,0.854,0.3864,0.4244,-0.0381,L2
震荡-全样本,MACD_DIF大于0 + 大盘5日上涨,2026,0.1093,0.1703,0.642,0.3213,0.4244,-0.1031,L2
震荡-全样本,MACD_DIF大于0 + 相对强弱大于0,1724,0.114,0.1294,0.881,0.3939,0.4244,-0.0306,L2
震荡-全样本,MACD_DIF大于0 + 相对强弱大于5,518,0.0375,0.0365,1.025,0.4305,0.4244,0.0061,L2
震荡-全样本,MACD_DIF大于0 + 量比>=1.3,461,0.0351,0.0312,1.125,0.4534,0.4244,0.0289,L2
震荡-全样本,MACD_DIF大于0 + 量比>=2,115,0.0089,0.0077,1.159,0.4609,0.4244,0.0364,L2
震荡-全样本,MACD_DIF大于0 + 距前高<=10%,719,0.0453,0.0556,0.815,0.3755,0.4244,-0.0489,L2
震荡-全样本,MACD_DIF大于0 + 距前低<=10%,841,0.0675,0.0544,1.242,0.478,0.4244,0.0536,L2
震荡-全样本,MACD_DIF大于0 + 相对强弱>=0,384,0.0264,0.0281,0.938,0.4089,0.4244,-0.0156,L2
震荡-全样本,MACD_DIF大于0 + 相对强弱>=5,57,0.0049,0.0035,1.404,0.5088,0.4244,0.0843,L2
震荡-全样本,MACD金叉态 + MACD柱递增,3103,0.1858,0.2473,0.751,0.3564,0.4244,-0.068,L2
震荡-全样本,MACD金叉态 + MACD零轴上金叉,335,0.023,0.0245,0.938,0.409,0.4244,-0.0155,L2
震荡-全样本,MACD金叉态 + MACD底背离,2199,0.1186,0.1849,0.641,0.3211,0.4244,-0.1034,L2
震荡-全样本,MACD金叉态 + BOLL收上中轨,2361,0.147,0.184,0.798,0.3706,0.4244,-0.0538,L2
震荡-全样本,MACD金叉态 + BOLL突破上轨,473,0.0312,0.0355,0.879,0.3932,0.4244,-0.0312,L2
震荡-全样本,MACD金叉态 + BOLL触下轨反弹,2297,0.1433,0.1788,0.801,0.3714,0.4244,-0.0531,L2
震荡-全样本,MACD金叉态 + BOLL开口扩张,3063,0.1893,0.2398,0.789,0.3679,0.4244,-0.0565,L2
震荡-全样本,MACD金叉态 + KDJ金叉态,3131,0.1898,0.2478,0.766,0.3609,0.4244,-0.0635,L2
震荡-全样本,MACD金叉态 + KDJ_J超卖,2995,0.1775,0.24,0.74,0.3529,0.4244,-0.0715,L2
震荡-全样本,MACD金叉态 + KDJ低位金叉,926,0.0603,0.0702,0.859,0.3877,0.4244,-0.0367,L2
震荡-全样本,MACD金叉态 + KDJ_D小于30,1942,0.1213,0.1511,0.803,0.3718,0.4244,-0.0527,L2
震荡-全样本,MACD金叉态 + RSI6大于50,2924,0.1789,0.2302,0.777,0.3642,0.4244,-0.0602,L2
震荡-全样本,MACD金叉态 + RSI金叉,3258,0.1918,0.2621,0.732,0.3505,0.4244,-0.0739,L2
震荡-全样本,MACD金叉态 + RSI6超卖,2503,0.1513,0.1984,0.763,0.36,0.4244,-0.0645,L2
震荡-全样本,MACD金叉态 + RSI底背离,1982,0.11,0.1644,0.669,0.3305,0.4244,-0.094,L2
震荡-全样本,MACD金叉态 + 威科夫得分大于4,760,0.0499,0.0573,0.87,0.3908,0.4244,-0.0336,L2
震荡-全样本,MACD金叉态 + 威科夫得分大于7,389,0.0245,0.0301,0.815,0.3753,0.4244,-0.0491,L2
震荡-全样本,MACD金叉态 + 积累阶段,1936,0.0981,0.1675,0.586,0.3017,0.4244,-0.1228,L2
震荡-全样本,MACD金叉态 + 威科夫B3弹簧,61,0.0032,0.0052,0.613,0.3115,0.4244,-0.113,L2
震荡-全样本,MACD金叉态 + 威科夫B1突破,87,0.0052,0.0069,0.751,0.3563,0.4244,-0.0681,L2
震荡-全样本,MACD金叉态 + 黄金柱,413,0.0232,0.0341,0.68,0.3341,0.4244,-0.0903,L2
震荡-全样本,MACD金叉态 + 量能金叉,989,0.0653,0.0743,0.879,0.3933,0.4244,-0.0311,L2
震荡-全样本,MACD金叉态 + 六脉红灯大于5,3034,0.1831,0.2408,0.76,0.3593,0.4244,-0.0652,L2
震荡-全样本,MACD金叉态 + 六脉红灯大于6,2679,0.1634,0.2113,0.773,0.3632,0.4244,-0.0612,L2
震荡-全样本,MACD金叉态 + 六脉6红首发,2679,0.1634,0.2113,0.773,0.3632,0.4244,-0.0612,L2
震荡-全样本,MACD金叉态 + 六脉5红首发,3034,0.1831,0.2408,0.76,0.3593,0.4244,-0.0652,L2
震荡-全样本,MACD金叉态 + 偏多共振,273,0.0176,0.0208,0.848,0.3846,0.4244,-0.0398,L2
震荡-全样本,MACD金叉态 + 多头共振,272,0.0176,0.0207,0.853,0.386,0.4244,-0.0384,L2
震荡-全样本,MACD金叉态 + 火箭信号,463,0.0349,0.0316,1.106,0.4492,0.4244,0.0248,L2
震荡-全样本,MACD金叉态 + 二连板,58,0.005,0.0035,1.453,0.5172,0.4244,0.0928,L2
震荡-全样本,MACD金叉态 + 极限抄底,60,0.0047,0.004,1.187,0.4667,0.4244,0.0422,L2
震荡-全样本,MACD金叉态 + 中枢进机会区,1527,0.0915,0.1216,0.753,0.3569,0.4244,-0.0675,L2
震荡-全样本,MACD金叉态 + 中枢极限底,1719,0.0939,0.1437,0.653,0.3252,0.4244,-0.0992,L2
震荡-全样本,MACD金叉态 + 中枢上穿中轴,1255,0.088,0.0905,0.972,0.4175,0.4244,-0.0069,L2
震荡-全样本,MACD金叉态 + 中枢底部蓄力,2470,0.1349,0.2065,0.653,0.3251,0.4244,-0.0993,L2
震荡-全样本,MACD金叉态 + 中枢底部回升,3005,0.1743,0.2436,0.716,0.3454,0.4244,-0.079,L2
震荡-全样本,MACD金叉态 + 大盘多头,1273,0.0714,0.105,0.68,0.3339,0.4244,-0.0906,L2
震荡-全样本,MACD金叉态 + 大盘空头,1414,0.0843,0.113,0.746,0.355,0.4244,-0.0694,L2
震荡-全样本,MACD金叉态 + 大盘安全,2774,0.1606,0.2252,0.713,0.3446,0.4244,-0.0798,L2
震荡-全样本,MACD金叉态 + SID等于1,1273,0.0714,0.105,0.68,0.3339,0.4244,-0.0906,L2
震荡-全样本,MACD金叉态 + SID等于2,3533,0.2126,0.2808,0.757,0.3583,0.4244,-0.0661,L2
震荡-全样本,MACD金叉态 + SID小于等于2,3533,0.2126,0.2808,0.757,0.3583,0.4244,-0.0661,L2
震荡-全样本,MACD金叉态 + 大盘5日上涨,2865,0.1661,0.2324,0.715,0.3452,0.4244,-0.0792,L2
震荡-全样本,MACD金叉态 + 相对强弱大于0,2393,0.151,0.185,0.816,0.3757,0.4244,-0.0488,L2
震荡-全样本,MACD金叉态 + 相对强弱大于5,832,0.059,0.0596,0.99,0.4219,0.4244,-0.0026,L2
震荡-全样本,MACD金叉态 + 量比>=1.3,845,0.059,0.0612,0.964,0.4154,0.4244,-0.0091,L2
震荡-全样本,MACD金叉态 + 量比>=2,229,0.0161,0.0165,0.979,0.4192,0.4244,-0.0052,L2
震荡-全样本,MACD金叉态 + 距前高<=10%,353,0.023,0.0268,0.86,0.3881,0.4244,-0.0363,L2
震荡-全样本,MACD金叉态 + 深跌(距前高>40%),130,0.0072,0.0108,0.67,0.3308,0.4244,-0.0937,L2
震荡-全样本,MACD金叉态 + 距前低<=10%,2787,0.1554,0.2306,0.674,0.3319,0.4244,-0.0925,L2
震荡-全样本,MACD金叉态 + 相对强弱>=0,613,0.0385,0.0476,0.809,0.3736,0.4244,-0.0509,L2
震荡-全样本,MACD金叉态 + 相对强弱>=5,81,0.0054,0.0061,0.886,0.3951,0.4244,-0.0294,L2
震荡-全样本,MACD柱递增 + MACD零轴上金叉,322,0.0223,0.0234,0.954,0.413,0.4244,-0.0114,L2
震荡-全样本,MACD柱递增 + MACD底背离,5736,0.3225,0.4726,0.682,0.3347,0.4244,-0.0897,L2
震荡-全样本,MACD柱递增 + BOLL收上中轨,3540,0.2199,0.2763,0.796,0.3698,0.4244,-0.0547,L2
震荡-全样本,MACD柱递增 + BOLL突破上轨,491,0.0326,0.0368,0.886,0.3951,0.4244,-0.0293,L2
震荡-全样本,MACD柱递增 + BOLL触下轨反弹,8581,0.6565,0.5786,1.135,0.4555,0.4244,0.0311,L2
震荡-全样本,MACD柱递增 + BOLL开口扩张,11788,0.8747,0.815,1.073,0.4418,0.4244,0.0174,L2
震荡-全样本,MACD柱递增 + KDJ金叉态,11416,0.8401,0.7944,1.058,0.4382,0.4244,0.0137,L2
震荡-全样本,MACD柱递增 + KDJ_J超卖,11720,0.8525,0.8229,1.036,0.4331,0.4244,0.0087,L2
震荡-全样本,MACD柱递增 + KDJ低位金叉,6759,0.527,0.4485,1.175,0.4643,0.4244,0.0398,L2
震荡-全样本,MACD柱递增 + KDJ_D小于30,9749,0.7182,0.6779,1.059,0.4386,0.4244,0.0142,L2
震荡-全样本,MACD柱递增 + RSI6大于50,6080,0.3954,0.4615,0.857,0.3872,0.4244,-0.0373,L2
震荡-全样本,MACD柱递增 + RSI金叉,9720,0.7031,0.6854,1.026,0.4307,0.4244,0.0062,L2
震荡-全样本,MACD柱递增 + RSI6超卖,10785,0.8181,0.7325,1.117,0.4516,0.4244,0.0272,L2
震荡-全样本,MACD柱递增 + RSI底背离,5015,0.308,0.394,0.782,0.3657,0.4244,-0.0587,L2
震荡-全样本,MACD柱递增 + 威科夫得分大于4,1529,0.0944,0.1198,0.788,0.3676,0.4244,-0.0569,L2
震荡-全样本,MACD柱递增 + 威科夫得分大于7,547,0.0336,0.043,0.782,0.3656,0.4244,-0.0588,L2
震荡-全样本,MACD柱递增 + 积累阶段,4532,0.2504,0.3766,0.665,0.329,0.4244,-0.0954,L2
震荡-全样本,MACD柱递增 + 威科夫B3弹簧,102,0.0049,0.009,0.539,0.2843,0.4244,-0.1401,L2
震荡-全样本,MACD柱递增 + 威科夫B1突破,85,0.005,0.0068,0.74,0.3529,0.4244,-0.0715,L2
震荡-全样本,MACD柱递增 + 黄金柱,534,0.0299,0.0441,0.678,0.3333,0.4244,-0.0911,L2
震荡-全样本,MACD柱递增 + 量能金叉,2674,0.2454,0.1502,1.633,0.5464,0.4244,0.1219,L2
震荡-全样本,MACD柱递增 + 六脉红灯大于5,8172,0.5578,0.6008,0.928,0.4064,0.4244,-0.018,L2
震荡-全样本,MACD柱递增 + 六脉红灯大于6,5293,0.3498,0.3976,0.88,0.3935,0.4244,-0.0309,L2
震荡-全样本,MACD柱递增 + 六脉6红首发,5293,0.3498,0.3976,0.88,0.3935,0.4244,-0.0309,L2
震荡-全样本,MACD柱递增 + 六脉5红首发,8172,0.5578,0.6008,0.928,0.4064,0.4244,-0.018,L2
震荡-全样本,MACD柱递增 + 偏多共振,1292,0.0845,0.0977,0.865,0.3893,0.4244,-0.0351,L2
震荡-全样本,MACD柱递增 + 多头共振,1287,0.0843,0.0972,0.867,0.3901,0.4244,-0.0344,L2
震荡-全样本,MACD柱递增 + 火箭信号,935,0.0858,0.0525,1.634,0.5465,0.4244,0.1221,L2
震荡-全样本,MACD柱递增 + 二连板,84,0.0086,0.0041,2.096,0.6071,0.4244,0.1827,L2
震荡-全样本,MACD柱递增 + 二次涨停,95,0.0072,0.0064,1.121,0.4526,0.4244,0.0282,L2
震荡-全样本,MACD柱递增 + 纳财,53,0.0032,0.0042,0.758,0.3585,0.4244,-0.0659,L2
震荡-全样本,MACD柱递增 + 极限抄底,1071,0.1224,0.0424,2.891,0.6807,0.4244,0.2562,L2
震荡-全样本,MACD柱递增 + 中枢进机会区,5169,0.3982,0.3465,1.149,0.4587,0.4244,0.0343,L2
震荡-全样本,MACD柱递增 + 中枢极限底,6467,0.5141,0.4218,1.219,0.4733,0.4244,0.0489,L2
震荡-全样本,MACD柱递增 + 中枢上穿中轴,2433,0.1817,0.1673,1.086,0.4447,0.4244,0.0203,L2
震荡-全样本,MACD柱递增 + 中枢底部蓄力,8876,0.6191,0.6428,0.963,0.4153,0.4244,-0.0092,L2
震荡-全样本,MACD柱递增 + 中枢底部回升,10760,0.8055,0.7387,1.09,0.4457,0.4244,0.0213,L2
震荡-全样本,MACD柱递增 + 大盘多头,4064,0.2157,0.3443,0.626,0.3159,0.4244,-0.1085,L2
震荡-全样本,MACD柱递增 + 大盘空头,3777,0.2585,0.2772,0.933,0.4075,0.4244,-0.017,L2
震荡-全样本,MACD柱递增 + 大盘安全,7413,0.4577,0.5806,0.788,0.3676,0.4244,-0.0568,L2
震荡-全样本,MACD柱递增 + SID等于1,4064,0.2157,0.3443,0.626,0.3159,0.4244,-0.1085,L2
震荡-全样本,MACD柱递增 + SID等于2,12600,0.9091,0.8901,1.021,0.4296,0.4244,0.0052,L2
震荡-全样本,MACD柱递增 + SID小于等于2,12600,0.9091,0.8901,1.021,0.4296,0.4244,0.0052,L2
震荡-全样本,MACD柱递增 + 大盘5日上涨,8110,0.5007,0.6352,0.788,0.3676,0.4244,-0.0569,L2
震荡-全样本,MACD柱递增 + 相对强弱大于0,4099,0.2595,0.3163,0.82,0.3769,0.4244,-0.0475,L2
震荡-全样本,MACD柱递增 + 相对强弱大于5,1014,0.0704,0.0737,0.955,0.4132,0.4244,-0.0112,L2
震荡-全样本,MACD柱递增 + 量比>=1.3,3015,0.3021,0.1506,2.006,0.5967,0.4244,0.1722,L2
震荡-全样本,MACD柱递增 + 量比>=2,491,0.0453,0.0274,1.657,0.5499,0.4244,0.1255,L2
震荡-全样本,MACD柱递增 + 距前高<=10%,1004,0.0643,0.0769,0.836,0.3815,0.4244,-0.043,L2
震荡-全样本,MACD柱递增 + 深跌(距前高>40%),732,0.0689,0.0399,1.727,0.5601,0.4244,0.1357,L2
震荡-全样本,MACD柱递增 + 距前低<=10%,7873,0.5319,0.5829,0.913,0.4023,0.4244,-0.0222,L2
震荡-全样本,MACD柱递增 + 相对强弱>=0,876,0.0559,0.0673,0.832,0.3801,0.4244,-0.0443,L2
震荡-全样本,MACD柱递增 + 相对强弱>=5,91,0.0062,0.0067,0.929,0.4066,0.4244,-0.0178,L2
震荡-全样本,MACD零轴上金叉 + MACD底背离,88,0.0052,0.0071,0.738,0.3523,0.4244,-0.0722,L2
震荡-全样本,MACD零轴上金叉 + BOLL收上中轨,335,0.023,0.0245,0.938,0.409,0.4244,-0.0155,L2
震荡-全样本,MACD零轴上金叉 + BOLL突破上轨,207,0.0134,0.0157,0.854,0.3865,0.4244,-0.038,L2
震荡-全样本,MACD零轴上金叉 + BOLL触下轨反弹,226,0.0165,0.0159,1.038,0.4336,0.4244,0.0092,L2
震荡-全样本,MACD零轴上金叉 + BOLL开口扩张,326,0.0222,0.024,0.923,0.4049,0.4244,-0.0195,L2
震荡-全样本,MACD零轴上金叉 + KDJ金叉态,333,0.023,0.0243,0.948,0.4114,0.4244,-0.013,L2
震荡-全样本,MACD零轴上金叉 + KDJ_J超卖,271,0.0186,0.0198,0.941,0.4096,0.4244,-0.0148,L2
震荡-全样本,MACD零轴上金叉 + KDJ_D小于30,101,0.0071,0.0073,0.965,0.4158,0.4244,-0.0086,L2
震荡-全样本,MACD零轴上金叉 + RSI6大于50,335,0.023,0.0245,0.938,0.409,0.4244,-0.0155,L2
震荡-全样本,MACD零轴上金叉 + RSI金叉,331,0.0227,0.0243,0.934,0.4079,0.4244,-0.0166,L2
震荡-全样本,MACD零轴上金叉 + RSI6超卖,160,0.0118,0.0111,1.055,0.4375,0.4244,0.0131,L2
震荡-全样本,MACD零轴上金叉 + RSI底背离,67,0.004,0.0053,0.757,0.3582,0.4244,-0.0662,L2
震荡-全样本,MACD零轴上金叉 + 威科夫得分大于4,263,0.0176,0.0196,0.901,0.3992,0.4244,-0.0252,L2
震荡-全样本,MACD零轴上金叉 + 威科夫得分大于7,187,0.0118,0.0145,0.811,0.3743,0.4244,-0.0501,L2
震荡-全样本,MACD零轴上金叉 + 积累阶段,110,0.0076,0.0081,0.939,0.4091,0.4244,-0.0153,L2
震荡-全样本,MACD零轴上金叉 + 黄金柱,77,0.005,0.0058,0.866,0.3896,0.4244,-0.0348,L2
震荡-全样本,MACD零轴上金叉 + 量能金叉,186,0.0128,0.0136,0.937,0.4086,0.4244,-0.0158,L2
震荡-全样本,MACD零轴上金叉 + 六脉红灯大于5,332,0.023,0.0242,0.953,0.4127,0.4244,-0.0118,L2
震荡-全样本,MACD零轴上金叉 + 六脉红灯大于6,325,0.0223,0.0238,0.939,0.4092,0.4244,-0.0152,L2
震荡-全样本,MACD零轴上金叉 + 六脉6红首发,325,0.0223,0.0238,0.939,0.4092,0.4244,-0.0152,L2
震荡-全样本,MACD零轴上金叉 + 六脉5红首发,332,0.023,0.0242,0.953,0.4127,0.4244,-0.0118,L2
震荡-全样本,MACD零轴上金叉 + 偏多共振,116,0.0064,0.0097,0.661,0.3276,0.4244,-0.0969,L2
震荡-全样本,MACD零轴上金叉 + 多头共振,116,0.0064,0.0097,0.661,0.3276,0.4244,-0.0969,L2
震荡-全样本,MACD零轴上金叉 + 火箭信号,126,0.0086,0.0093,0.922,0.4048,0.4244,-0.0197,L2
震荡-全样本,MACD零轴上金叉 + 中枢进机会区,117,0.0084,0.0083,1.012,0.4274,0.4244,0.0029,L2
震荡-全样本,MACD零轴上金叉 + 中枢极限底,60,0.0037,0.0047,0.785,0.3667,0.4244,-0.0578,L2
震荡-全样本,MACD零轴上金叉 + 中枢上穿中轴,273,0.0188,0.0199,0.943,0.4103,0.4244,-0.0142,L2
震荡-全样本,MACD零轴上金叉 + 中枢底部回升,149,0.0096,0.0114,0.84,0.3826,0.4244,-0.0419,L2
震荡-全样本,MACD零轴上金叉 + 大盘多头,186,0.0124,0.0139,0.896,0.3978,0.4244,-0.0266,L2
震荡-全样本,MACD零轴上金叉 + 大盘空头,57,0.0029,0.005,0.576,0.2982,0.4244,-0.1262,L2
震荡-全样本,MACD零轴上金叉 + 大盘安全,250,0.0158,0.0193,0.817,0.376,0.4244,-0.0484,L2
震荡-全样本,MACD零轴上金叉 + SID等于1,186,0.0124,0.0139,0.896,0.3978,0.4244,-0.0266,L2
震荡-全样本,MACD零轴上金叉 + SID等于2,335,0.023,0.0245,0.938,0.409,0.4244,-0.0155,L2
震荡-全样本,MACD零轴上金叉 + SID小于等于2,335,0.023,0.0245,0.938,0.409,0.4244,-0.0155,L2
震荡-全样本,MACD零轴上金叉 + 大盘5日上涨,243,0.0153,0.0188,0.812,0.3745,0.4244,-0.05,L2
震荡-全样本,MACD零轴上金叉 + 相对强弱大于0,323,0.022,0.0238,0.925,0.4056,0.4244,-0.0189,L2
震荡-全样本,MACD零轴上金叉 + 相对强弱大于5,204,0.0128,0.0159,0.805,0.3725,0.4244,-0.0519,L2
震荡-全样本,MACD零轴上金叉 + 量比>=1.3,103,0.0072,0.0074,0.972,0.4175,0.4244,-0.007,L2
震荡-全样本,MACD零轴上金叉 + 距前高<=10%,143,0.0099,0.0104,0.952,0.4126,0.4244,-0.0118,L2
震荡-全样本,MACD零轴上金叉 + 距前低<=10%,110,0.0081,0.0077,1.05,0.4364,0.4244,0.0119,L2
震荡-全样本,MACD零轴上金叉 + 相对强弱>=0,104,0.0066,0.0081,0.814,0.375,0.4244,-0.0494,L2
震荡-全样本,MACD底背离 + BOLL收上中轨,1749,0.0972,0.1449,0.671,0.331,0.4244,-0.0934,L2
震荡-全样本,MACD底背离 + BOLL突破上轨,211,0.0128,0.0167,0.763,0.3602,0.4244,-0.0642,L2
震荡-全样本,MACD底背离 + BOLL触下轨反弹,4139,0.2457,0.3314,0.741,0.3535,0.4244,-0.071,L2
震荡-全样本,MACD底背离 + BOLL开口扩张,5763,0.332,0.4689,0.708,0.3431,0.4244,-0.0814,L2
震荡-全样本,MACD底背离 + KDJ金叉态,5462,0.3136,0.4453,0.704,0.3418,0.4244,-0.0826,L2
震荡-全样本,MACD底背离 + KDJ_J超卖,5946,0.3307,0.4926,0.671,0.3311,0.4244,-0.0933,L2
震荡-全样本,MACD底背离 + KDJ低位金叉,3145,0.1874,0.2513,0.746,0.3548,0.4244,-0.0696,L2
震荡-全样本,MACD底背离 + KDJ_D小于30,4847,0.2771,0.396,0.7,0.3404,0.4244,-0.084,L2
震荡-全样本,MACD底背离 + RSI6大于50,3107,0.1812,0.2512,0.721,0.3473,0.4244,-0.0772,L2
震荡-全样本,MACD底背离 + RSI金叉,5050,0.2921,0.4101,0.712,0.3444,0.4244,-0.0801,L2
震荡-全样本,MACD底背离 + RSI6超卖,5629,0.3215,0.4601,0.699,0.34,0.4244,-0.0844,L2
震荡-全样本,MACD底背离 + RSI底背离,4402,0.2407,0.3677,0.655,0.3255,0.4244,-0.0989,L2
震荡-全样本,MACD底背离 + 威科夫得分大于4,682,0.0364,0.0576,0.633,0.3182,0.4244,-0.1063,L2
震荡-全样本,MACD底背离 + 威科夫得分大于7,236,0.0123,0.0202,0.607,0.3093,0.4244,-0.1151,L2
震荡-全样本,MACD底背离 + 积累阶段,3017,0.1441,0.2674,0.539,0.2844,0.4244,-0.14,L2
震荡-全样本,MACD底背离 + 威科夫B3弹簧,71,0.003,0.0066,0.461,0.2535,0.4244,-0.1709,L2
震荡-全样本,MACD底背离 + 威科夫B1突破,53,0.0032,0.0042,0.758,0.3585,0.4244,-0.0659,L2
震荡-全样本,MACD底背离 + 黄金柱,323,0.0175,0.0271,0.644,0.322,0.4244,-0.1025,L2
震荡-全样本,MACD底背离 + 量能金叉,1057,0.0757,0.0751,1.009,0.4267,0.4244,0.0022,L2
震荡-全样本,MACD底背离 + 六脉红灯大于5,4399,0.2561,0.356,0.72,0.3467,0.4244,-0.0778,L2
震荡-全样本,MACD底背离 + 六脉红灯大于6,2849,0.1698,0.2276,0.746,0.3549,0.4244,-0.0696,L2
震荡-全样本,MACD底背离 + 六脉6红首发,2849,0.1698,0.2276,0.746,0.3549,0.4244,-0.0696,L2
震荡-全样本,MACD底背离 + 六脉5红首发,4399,0.2561,0.356,0.72,0.3467,0.4244,-0.0778,L2
震荡-全样本,MACD底背离 + 偏多共振,280,0.018,0.0214,0.839,0.3821,0.4244,-0.0423,L2
震荡-全样本,MACD底背离 + 多头共振,279,0.018,0.0213,0.844,0.3835,0.4244,-0.0409,L2
震荡-全样本,MACD底背离 + 火箭信号,397,0.0299,0.0271,1.102,0.4484,0.4244,0.0239,L2
震荡-全样本,MACD底背离 + 极限抄底,346,0.0275,0.0225,1.222,0.474,0.4244,0.0496,L2
震荡-全样本,MACD底背离 + 中枢进机会区,2629,0.1453,0.2185,0.665,0.329,0.4244,-0.0954,L2
震荡-全样本,MACD底背离 + 中枢极限底,3679,0.2089,0.3016,0.693,0.3381,0.4244,-0.0863,L2
震荡-全样本,MACD底背离 + 中枢上穿中轴,820,0.0548,0.0612,0.895,0.3976,0.4244,-0.0269,L2
震荡-全样本,MACD底背离 + 中枢底部蓄力,5387,0.2949,0.4497,0.656,0.326,0.4244,-0.0985,L2
震荡-全样本,MACD底背离 + 中枢底部回升,5900,0.3342,0.4843,0.69,0.3373,0.4244,-0.0871,L2
震荡-全样本,MACD底背离 + 大盘多头,2074,0.0941,0.1875,0.502,0.27,0.4244,-0.1544,L2
震荡-全样本,MACD底背离 + 大盘空头,2224,0.1245,0.1837,0.678,0.3332,0.4244,-0.0913,L2
震荡-全样本,MACD底背离 + 大盘安全,4093,0.211,0.3514,0.6,0.3069,0.4244,-0.1176,L2
震荡-全样本,MACD底背离 + SID等于1,2074,0.0941,0.1875,0.502,0.27,0.4244,-0.1544,L2
震荡-全样本,MACD底背离 + SID等于2,6315,0.3534,0.5216,0.678,0.3332,0.4244,-0.0913,L2
震荡-全样本,MACD底背离 + SID小于等于2,6315,0.3534,0.5216,0.678,0.3332,0.4244,-0.0913,L2
震荡-全样本,MACD底背离 + 大盘5日上涨,4502,0.2375,0.3825,0.621,0.3141,0.4244,-0.1104,L2
震荡-全样本,MACD底背离 + 相对强弱大于0,2306,0.1364,0.185,0.737,0.3521,0.4244,-0.0723,L2
震荡-全样本,MACD底背离 + 相对强弱大于5,535,0.0344,0.0409,0.842,0.3832,0.4244,-0.0413,L2
震荡-全样本,MACD底背离 + 量比>=1.3,1261,0.0939,0.0869,1.08,0.4433,0.4244,0.0189,L2
震荡-全样本,MACD底背离 + 量比>=2,246,0.0185,0.0168,1.097,0.4472,0.4244,0.0227,L2
震荡-全样本,MACD底背离 + 距前高<=10%,315,0.0165,0.0269,0.612,0.3111,0.4244,-0.1133,L2
震荡-全样本,MACD底背离 + 深跌(距前高>40%),362,0.0249,0.0265,0.938,0.4088,0.4244,-0.0156,L2
震荡-全样本,MACD底背离 + 距前低<=10%,4657,0.2477,0.3941,0.629,0.3167,0.4244,-0.1077,L2
震荡-全样本,MACD底背离 + 相对强弱>=0,421,0.023,0.0352,0.654,0.3254,0.4244,-0.099,L2
震荡-全样本,BOLL收上中轨 + BOLL突破上轨,506,0.0334,0.038,0.879,0.3933,0.4244,-0.0312,L2
震荡-全样本,BOLL收上中轨 + BOLL触下轨反弹,2597,0.1685,0.1974,0.853,0.3862,0.4244,-0.0382,L2
震荡-全样本,BOLL收上中轨 + BOLL开口扩张,3425,0.2188,0.2628,0.833,0.3804,0.4244,-0.044,L2
震荡-全样本,BOLL收上中轨 + KDJ金叉态,3626,0.2266,0.282,0.803,0.372,0.4244,-0.0524,L2
震荡-全样本,BOLL收上中轨 + KDJ_J超卖,3305,0.2076,0.2563,0.81,0.374,0.4244,-0.0505,L2
震荡-全样本,BOLL收上中轨 + KDJ低位金叉,740,0.0519,0.0534,0.972,0.4176,0.4244,-0.0069,L2
震荡-全样本,BOLL收上中轨 + KDJ_D小于30,1927,0.1276,0.1445,0.883,0.3944,0.4244,-0.03,L2
震荡-全样本,BOLL收上中轨 + RSI6大于50,3777,0.2355,0.2942,0.801,0.3712,0.4244,-0.0532,L2
震荡-全样本,BOLL收上中轨 + RSI金叉,3653,0.2276,0.2846,0.8,0.3709,0.4244,-0.0535,L2
震荡-全样本,BOLL收上中轨 + RSI6超卖,2562,0.1683,0.1932,0.871,0.3911,0.4244,-0.0333,L2
震荡-全样本,BOLL收上中轨 + RSI底背离,1519,0.0904,0.1215,0.744,0.3542,0.4244,-0.0703,L2
震荡-全样本,BOLL收上中轨 + 威科夫得分大于4,1274,0.0773,0.1008,0.766,0.3611,0.4244,-0.0634,L2
震荡-全样本,BOLL收上中轨 + 威科夫得分大于7,562,0.0336,0.0448,0.749,0.3559,0.4244,-0.0686,L2
震荡-全样本,BOLL收上中轨 + 积累阶段,1768,0.1004,0.1449,0.693,0.3382,0.4244,-0.0862,L2
震荡-全样本,BOLL收上中轨 + 威科夫B1突破,87,0.0052,0.0069,0.751,0.3563,0.4244,-0.0681,L2
震荡-全样本,BOLL收上中轨 + 黄金柱,464,0.0267,0.0378,0.707,0.3427,0.4244,-0.0818,L2
震荡-全样本,BOLL收上中轨 + 量能金叉,1211,0.0799,0.091,0.878,0.3931,0.4244,-0.0314,L2
震荡-全样本,BOLL收上中轨 + 六脉红灯大于5,3511,0.2205,0.2722,0.81,0.374,0.4244,-0.0505,L2
震荡-全样本,BOLL收上中轨 + 六脉红灯大于6,3310,0.2069,0.2574,0.804,0.3722,0.4244,-0.0522,L2
震荡-全样本,BOLL收上中轨 + 六脉6红首发,3310,0.2069,0.2574,0.804,0.3722,0.4244,-0.0522,L2
震荡-全样本,BOLL收上中轨 + 六脉5红首发,3511,0.2205,0.2722,0.81,0.374,0.4244,-0.0505,L2
震荡-全样本,BOLL收上中轨 + 偏多共振,699,0.039,0.0578,0.674,0.3319,0.4244,-0.0925,L2
震荡-全样本,BOLL收上中轨 + 多头共振,699,0.039,0.0578,0.674,0.3319,0.4244,-0.0925,L2
震荡-全样本,BOLL收上中轨 + 火箭信号,632,0.0497,0.0416,1.195,0.4684,0.4244,0.0439,L2
震荡-全样本,BOLL收上中轨 + 二连板,67,0.006,0.0038,1.575,0.5373,0.4244,0.1129,L2
震荡-全样本,BOLL收上中轨 + 二次涨停,65,0.0047,0.0046,1.026,0.4308,0.4244,0.0063,L2
震荡-全样本,BOLL收上中轨 + 中枢进机会区,1539,0.0986,0.1179,0.836,0.3814,0.4244,-0.043,L2
震荡-全样本,BOLL收上中轨 + 中枢极限底,1372,0.0838,0.1081,0.775,0.3637,0.4244,-0.0607,L2
震荡-全样本,BOLL收上中轨 + 中枢上穿中轴,2079,0.1438,0.1515,0.949,0.4117,0.4244,-0.0127,L2
震荡-全样本,BOLL收上中轨 + 中枢底部蓄力,1951,0.1154,0.1566,0.737,0.3521,0.4244,-0.0723,L2
震荡-全样本,BOLL收上中轨 + 中枢底部回升,2676,0.1681,0.2075,0.81,0.3741,0.4244,-0.0504,L2
震荡-全样本,BOLL收上中轨 + 大盘多头,1751,0.0964,0.1458,0.661,0.3278,0.4244,-0.0966,L2
震荡-全样本,BOLL收上中轨 + 大盘空头,1192,0.0769,0.0909,0.846,0.3842,0.4244,-0.0402,L2
震荡-全样本,BOLL收上中轨 + 大盘安全,2994,0.1762,0.2409,0.731,0.3504,0.4244,-0.0741,L2
震荡-全样本,BOLL收上中轨 + SID等于1,1751,0.0964,0.1458,0.661,0.3278,0.4244,-0.0966,L2
震荡-全样本,BOLL收上中轨 + SID等于2,3858,0.24,0.3008,0.798,0.3704,0.4244,-0.054,L2
震荡-全样本,BOLL收上中轨 + SID小于等于2,3858,0.24,0.3008,0.798,0.3704,0.4244,-0.054,L2
震荡-全样本,BOLL收上中轨 + 大盘5日上涨,3025,0.1794,0.2424,0.74,0.3531,0.4244,-0.0714,L2
震荡-全样本,BOLL收上中轨 + 相对强弱大于0,2912,0.1804,0.2276,0.792,0.3688,0.4244,-0.0556,L2
震荡-全样本,BOLL收上中轨 + 相对强弱大于5,992,0.0707,0.0707,1.0,0.4244,0.4244,-0.0,L2
震荡-全样本,BOLL收上中轨 + 量比>=1.3,859,0.0635,0.0596,1.066,0.44,0.4244,0.0156,L2
震荡-全样本,BOLL收上中轨 + 量比>=2,242,0.0178,0.0168,1.057,0.438,0.4244,0.0136,L2
震荡-全样本,BOLL收上中轨 + 距前高<=10%,702,0.0447,0.054,0.827,0.3789,0.4244,-0.0455,L2
震荡-全样本,BOLL收上中轨 + 距前低<=10%,2190,0.1364,0.1707,0.799,0.3708,0.4244,-0.0537,L2
震荡-全样本,BOLL收上中轨 + 相对强弱>=0,654,0.0422,0.0499,0.845,0.3838,0.4244,-0.0406,L2
震荡-全样本,BOLL收上中轨 + 相对强弱>=5,88,0.0067,0.0059,1.13,0.4545,0.4244,0.0301,L2
震荡-全样本,BOLL突破上轨 + BOLL触下轨反弹,355,0.0249,0.0256,0.97,0.4169,0.4244,-0.0075,L2
震荡-全样本,BOLL突破上轨 + BOLL开口扩张,502,0.0334,0.0375,0.891,0.3964,0.4244,-0.028,L2
震荡-全样本,BOLL突破上轨 + KDJ金叉态,503,0.0334,0.0377,0.888,0.3956,0.4244,-0.0288,L2
震荡-全样本,BOLL突破上轨 + KDJ_J超卖,391,0.0252,0.0298,0.844,0.3836,0.4244,-0.0408,L2
震荡-全样本,BOLL突破上轨 + KDJ_D小于30,183,0.0136,0.0126,1.077,0.4426,0.4244,0.0182,L2
震荡-全样本,BOLL突破上轨 + RSI6大于50,506,0.0334,0.038,0.879,0.3933,0.4244,-0.0312,L2
震荡-全样本,BOLL突破上轨 + RSI金叉,504,0.0333,0.0379,0.877,0.3929,0.4244,-0.0316,L2
震荡-全样本,BOLL突破上轨 + RSI6超卖,258,0.0175,0.0191,0.916,0.4031,0.4244,-0.0213,L2
震荡-全样本,BOLL突破上轨 + RSI底背离,189,0.0114,0.015,0.762,0.3598,0.4244,-0.0646,L2
震荡-全样本,BOLL突破上轨 + 威科夫得分大于4,321,0.0217,0.0238,0.911,0.4019,0.4244,-0.0226,L2
震荡-全样本,BOLL突破上轨 + 威科夫得分大于7,213,0.0138,0.0162,0.849,0.385,0.4244,-0.0395,L2
震荡-全样本,BOLL突破上轨 + 积累阶段,210,0.0133,0.0162,0.818,0.3762,0.4244,-0.0482,L2
震荡-全样本,BOLL突破上轨 + 威科夫B1突破,77,0.0049,0.0059,0.819,0.3766,0.4244,-0.0478,L2
震荡-全样本,BOLL突破上轨 + 黄金柱,118,0.0072,0.0093,0.777,0.3644,0.4244,-0.06,L2
震荡-全样本,BOLL突破上轨 + 量能金叉,309,0.0212,0.0227,0.934,0.4078,0.4244,-0.0167,L2
震荡-全样本,BOLL突破上轨 + 六脉红灯大于5,505,0.0334,0.0379,0.882,0.3941,0.4244,-0.0304,L2
震荡-全样本,BOLL突破上轨 + 六脉红灯大于6,502,0.0333,0.0377,0.883,0.3944,0.4244,-0.03,L2
震荡-全样本,BOLL突破上轨 + 六脉6红首发,502,0.0333,0.0377,0.883,0.3944,0.4244,-0.03,L2
震荡-全样本,BOLL突破上轨 + 六脉5红首发,505,0.0334,0.0379,0.882,0.3941,0.4244,-0.0304,L2
震荡-全样本,BOLL突破上轨 + 偏多共振,117,0.0066,0.0097,0.678,0.3333,0.4244,-0.0911,L2
震荡-全样本,BOLL突破上轨 + 多头共振,117,0.0066,0.0097,0.678,0.3333,0.4244,-0.0911,L2
震荡-全样本,BOLL突破上轨 + 火箭信号,212,0.0158,0.0146,1.08,0.4434,0.4244,0.019,L2
震荡-全样本,BOLL突破上轨 + 中枢进机会区,197,0.0119,0.0156,0.764,0.3604,0.4244,-0.064,L2
震荡-全样本,BOLL突破上轨 + 中枢极限底,144,0.0087,0.0114,0.766,0.3611,0.4244,-0.0633,L2
震荡-全样本,BOLL突破上轨 + 中枢上穿中轴,417,0.0291,0.0302,0.961,0.4149,0.4244,-0.0096,L2
震荡-全样本,BOLL突破上轨 + 中枢底部蓄力,202,0.0116,0.0165,0.704,0.3416,0.4244,-0.0829,L2
震荡-全样本,BOLL突破上轨 + 中枢底部回升,314,0.0198,0.0243,0.816,0.3758,0.4244,-0.0486,L2
震荡-全样本,BOLL突破上轨 + 大盘多头,238,0.0146,0.0187,0.781,0.3655,0.4244,-0.0589,L2
震荡-全样本,BOLL突破上轨 + 大盘空头,142,0.0087,0.0111,0.784,0.3662,0.4244,-0.0582,L2
震荡-全样本,BOLL突破上轨 + 大盘安全,398,0.0247,0.0311,0.794,0.3693,0.4244,-0.0551,L2
震荡-全样本,BOLL突破上轨 + SID等于1,238,0.0146,0.0187,0.781,0.3655,0.4244,-0.0589,L2
震荡-全样本,BOLL突破上轨 + SID等于2,506,0.0334,0.038,0.879,0.3933,0.4244,-0.0312,L2
震荡-全样本,BOLL突破上轨 + SID小于等于2,506,0.0334,0.038,0.879,0.3933,0.4244,-0.0312,L2
震荡-全样本,BOLL突破上轨 + 大盘5日上涨,382,0.0237,0.0298,0.793,0.3691,0.4244,-0.0553,L2
震荡-全样本,BOLL突破上轨 + 相对强弱大于0,497,0.0328,0.0374,0.876,0.3924,0.4244,-0.0321,L2
震荡-全样本,BOLL突破上轨 + 相对强弱大于5,351,0.024,0.0258,0.932,0.4074,0.4244,-0.017,L2
震荡-全样本,BOLL突破上轨 + 量比>=1.3,159,0.0111,0.0115,0.962,0.4151,0.4244,-0.0093,L2
震荡-全样本,BOLL突破上轨 + 量比>=2,65,0.0047,0.0046,1.026,0.4308,0.4244,0.0063,L2
震荡-全样本,BOLL突破上轨 + 距前高<=10%,139,0.0087,0.0108,0.811,0.3741,0.4244,-0.0503,L2
震荡-全样本,BOLL突破上轨 + 距前低<=10%,273,0.0185,0.0202,0.915,0.4029,0.4244,-0.0215,L2
震荡-全样本,BOLL突破上轨 + 相对强弱>=0,137,0.0087,0.0105,0.83,0.3796,0.4244,-0.0449,L2
震荡-全样本,BOLL触下轨反弹 + BOLL开口扩张,9254,0.7022,0.6283,1.118,0.4518,0.4244,0.0274,L2
震荡-全样本,BOLL触下轨反弹 + KDJ金叉态,8194,0.6357,0.5461,1.164,0.4619,0.4244,0.0375,L2
震荡-全样本,BOLL触下轨反弹 + KDJ_J超卖,8991,0.6743,0.6163,1.094,0.4466,0.4244,0.0221,L2
震荡-全样本,BOLL触下轨反弹 + KDJ低位金叉,4694,0.3868,0.2961,1.306,0.4906,0.4244,0.0662,L2
震荡-全样本,BOLL触下轨反弹 + KDJ_D小于30,7094,0.5462,0.4758,1.148,0.4584,0.4244,0.034,L2
震荡-全样本,BOLL触下轨反弹 + RSI6大于50,4318,0.3006,0.3131,0.96,0.4145,0.4244,-0.0099,L2
震荡-全样本,BOLL触下轨反弹 + RSI金叉,7152,0.5507,0.4797,1.148,0.4585,0.4244,0.034,L2
震荡-全样本,BOLL触下轨反弹 + RSI6超卖,8520,0.6587,0.5695,1.157,0.4603,0.4244,0.0359,L2
震荡-全样本,BOLL触下轨反弹 + RSI底背离,3726,0.2445,0.2811,0.87,0.3908,0.4244,-0.0337,L2
震荡-全样本,BOLL触下轨反弹 + 威科夫得分大于4,1345,0.0852,0.1038,0.82,0.377,0.4244,-0.0475,L2
震荡-全样本,BOLL触下轨反弹 + 威科夫得分大于7,467,0.0301,0.0357,0.843,0.3833,0.4244,-0.0411,L2
震荡-全样本,BOLL触下轨反弹 + 积累阶段,3643,0.2032,0.3013,0.674,0.3321,0.4244,-0.0923,L2
震荡-全样本,BOLL触下轨反弹 + 威科夫B3弹簧,87,0.0039,0.0079,0.487,0.2644,0.4244,-0.1601,L2
震荡-全样本,BOLL触下轨反弹 + 威科夫B1突破,61,0.0037,0.0048,0.765,0.3607,0.4244,-0.0638,L2
震荡-全样本,BOLL触下轨反弹 + 黄金柱,302,0.0181,0.024,0.755,0.3576,0.4244,-0.0668,L2
震荡-全样本,BOLL触下轨反弹 + 量能金叉,2125,0.1937,0.1204,1.609,0.5426,0.4244,0.1182,L2
震荡-全样本,BOLL触下轨反弹 + 六脉红灯大于5,5701,0.4254,0.3924,1.084,0.4443,0.4244,0.0199,L2
震荡-全样本,BOLL触下轨反弹 + 六脉红灯大于6,3771,0.2627,0.2733,0.961,0.4147,0.4244,-0.0097,L2
震荡-全样本,BOLL触下轨反弹 + 六脉6红首发,3771,0.2627,0.2733,0.961,0.4147,0.4244,-0.0097,L2
震荡-全样本,BOLL触下轨反弹 + 六脉5红首发,5701,0.4254,0.3924,1.084,0.4443,0.4244,0.0199,L2
震荡-全样本,BOLL触下轨反弹 + 偏多共振,1006,0.0689,0.0738,0.933,0.4076,0.4244,-0.0169,L2
震荡-全样本,BOLL触下轨反弹 + 多头共振,1001,0.0687,0.0733,0.937,0.4086,0.4244,-0.0158,L2
震荡-全样本,BOLL触下轨反弹 + 火箭信号,682,0.0663,0.0355,1.866,0.5792,0.4244,0.1547,L2
震荡-全样本,BOLL触下轨反弹 + 二连板,67,0.0069,0.0032,2.138,0.6119,0.4244,0.1875,L2
震荡-全样本,BOLL触下轨反弹 + 二次涨停,65,0.0057,0.0038,1.487,0.5231,0.4244,0.0986,L2
震荡-全样本,BOLL触下轨反弹 + 极限抄底,720,0.0784,0.0313,2.503,0.6486,0.4244,0.2242,L2
震荡-全样本,BOLL触下轨反弹 + 中枢进机会区,4300,0.3295,0.2896,1.138,0.4563,0.4244,0.0318,L2
震荡-全样本,BOLL触下轨反弹 + 中枢极限底,4805,0.3944,0.3043,1.296,0.4887,0.4244,0.0642,L2
震荡-全样本,BOLL触下轨反弹 + 中枢上穿中轴,1960,0.1528,0.13,1.175,0.4643,0.4244,0.0398,L2
震荡-全样本,BOLL触下轨反弹 + 中枢底部蓄力,6569,0.4793,0.4601,1.042,0.4345,0.4244,0.01,L2
震荡-全样本,BOLL触下轨反弹 + 中枢底部回升,8207,0.6335,0.5493,1.153,0.4596,0.4244,0.0352,L2
震荡-全样本,BOLL触下轨反弹 + 大盘多头,2991,0.1631,0.2502,0.652,0.3246,0.4244,-0.0998,L2
震荡-全样本,BOLL触下轨反弹 + 大盘空头,3055,0.22,0.2161,1.018,0.4288,0.4244,0.0044,L2
震荡-全样本,BOLL触下轨反弹 + 大盘安全,5613,0.3648,0.4262,0.856,0.387,0.4244,-0.0375,L2
震荡-全样本,BOLL触下轨反弹 + SID等于1,2991,0.1631,0.2502,0.652,0.3246,0.4244,-0.0998,L2
震荡-全样本,BOLL触下轨反弹 + SID等于2,9575,0.7163,0.6577,1.089,0.4454,0.4244,0.021,L2
震荡-全样本,BOLL触下轨反弹 + SID小于等于2,9575,0.7163,0.6577,1.089,0.4454,0.4244,0.021,L2
震荡-全样本,BOLL触下轨反弹 + 大盘5日上涨,6045,0.3917,0.4599,0.852,0.3858,0.4244,-0.0387,L2
震荡-全样本,BOLL触下轨反弹 + 相对强弱大于0,3126,0.2089,0.2331,0.896,0.398,0.4244,-0.0265,L2
震荡-全样本,BOLL触下轨反弹 + 相对强弱大于5,714,0.0541,0.0486,1.114,0.451,0.4244,0.0265,L2
震荡-全样本,BOLL触下轨反弹 + 量比>=1.3,2549,0.2536,0.1287,1.971,0.5924,0.4244,0.168,L2
震荡-全样本,BOLL触下轨反弹 + 量比>=2,439,0.0398,0.025,1.591,0.5399,0.4244,0.1154,L2
震荡-全样本,BOLL触下轨反弹 + 距前高<=10%,906,0.0574,0.0699,0.822,0.3775,0.4244,-0.047,L2
震荡-全样本,BOLL触下轨反弹 + 深跌(距前高>40%),519,0.0544,0.0242,2.253,0.6243,0.4244,0.1998,L2
震荡-全样本,BOLL触下轨反弹 + 距前低<=10%,6062,0.4154,0.4445,0.934,0.408,0.4244,-0.0165,L2
震荡-全样本,BOLL触下轨反弹 + 相对强弱>=0,696,0.0477,0.051,0.935,0.408,0.4244,-0.0164,L2
震荡-全样本,BOLL触下轨反弹 + 相对强弱>=5,57,0.0047,0.0036,1.309,0.4912,0.4244,0.0668,L2
震荡-全样本,BOLL开口扩张 + KDJ金叉态,11122,0.8378,0.7597,1.103,0.4485,0.4244,0.024,L2
震荡-全样本,BOLL开口扩张 + KDJ_J超卖,12360,0.908,0.8613,1.054,0.4374,0.4244,0.0129,L2
震荡-全样本,BOLL开口扩张 + KDJ低位金叉,6667,0.5257,0.4381,1.2,0.4695,0.4244,0.045,L2
震荡-全样本,BOLL开口扩张 + KDJ_D小于30,9987,0.7407,0.6907,1.072,0.4416,0.4244,0.0171,L2
震荡-全样本,BOLL开口扩张 + RSI6大于50,5804,0.3885,0.4324,0.898,0.3985,0.4244,-0.0259,L2
震荡-全样本,BOLL开口扩张 + RSI金叉,9503,0.7017,0.6595,1.064,0.4397,0.4244,0.0152,L2
震荡-全样本,BOLL开口扩张 + RSI6超卖,11360,0.8665,0.768,1.128,0.4541,0.4244,0.0297,L2
震荡-全样本,BOLL开口扩张 + RSI底背离,5055,0.3183,0.3914,0.813,0.3749,0.4244,-0.0496,L2
震荡-全样本,BOLL开口扩张 + 威科夫得分大于4,1804,0.1134,0.1398,0.811,0.3742,0.4244,-0.0503,L2
震荡-全样本,BOLL开口扩张 + 威科夫得分大于7,636,0.0388,0.0502,0.773,0.3632,0.4244,-0.0612,L2
震荡-全样本,BOLL开口扩张 + 积累阶段,4613,0.2585,0.3807,0.679,0.3336,0.4244,-0.0908,L2
震荡-全样本,BOLL开口扩张 + 威科夫B3弹簧,106,0.005,0.0094,0.535,0.283,0.4244,-0.1414,L2
震荡-全样本,BOLL开口扩张 + 威科夫B1突破,87,0.0052,0.0069,0.751,0.3563,0.4244,-0.0681,L2
震荡-全样本,BOLL开口扩张 + 黄金柱,492,0.0292,0.0394,0.742,0.3537,0.4244,-0.0708,L2
震荡-全样本,BOLL开口扩张 + 量能金叉,2797,0.2546,0.1587,1.605,0.542,0.4244,0.1176,L2
震荡-全样本,BOLL开口扩张 + 六脉红灯大于5,7701,0.5417,0.5544,0.977,0.4188,0.4244,-0.0057,L2
震荡-全样本,BOLL开口扩张 + 六脉红灯大于6,4935,0.3351,0.3641,0.92,0.4043,0.4244,-0.0202,L2
震荡-全样本,BOLL开口扩张 + 六脉6红首发,4935,0.3351,0.3641,0.92,0.4043,0.4244,-0.0202,L2
震荡-全样本,BOLL开口扩张 + 六脉5红首发,7701,0.5417,0.5544,0.977,0.4188,0.4244,-0.0057,L2
震荡-全样本,BOLL开口扩张 + 偏多共振,1555,0.107,0.1137,0.941,0.4096,0.4244,-0.0148,L2
震荡-全样本,BOLL开口扩张 + 多头共振,1549,0.1068,0.1131,0.945,0.4106,0.4244,-0.0138,L2
震荡-全样本,BOLL开口扩张 + 火箭信号,952,0.0878,0.0531,1.653,0.5494,0.4244,0.1249,L2
震荡-全样本,BOLL开口扩张 + 二连板,84,0.0086,0.0041,2.096,0.6071,0.4244,0.1827,L2
震荡-全样本,BOLL开口扩张 + 二次涨停,103,0.0077,0.0071,1.094,0.4466,0.4244,0.0222,L2
震荡-全样本,BOLL开口扩张 + 纳财,50,0.0029,0.0041,0.699,0.34,0.4244,-0.0844,L2
震荡-全样本,BOLL开口扩张 + 极限抄底,1147,0.1318,0.0448,2.941,0.6844,0.4244,0.26,L2
震荡-全样本,BOLL开口扩张 + 中枢进机会区,5758,0.4471,0.3835,1.166,0.4623,0.4244,0.0379,L2
震荡-全样本,BOLL开口扩张 + 中枢极限底,6684,0.5378,0.4313,1.247,0.4791,0.4244,0.0546,L2
震荡-全样本,BOLL开口扩张 + 中枢上穿中轴,2488,0.1868,0.1704,1.096,0.4469,0.4244,0.0225,L2
震荡-全样本,BOLL开口扩张 + 中枢底部蓄力,8961,0.6344,0.6421,0.988,0.4215,0.4244,-0.0029,L2
震荡-全样本,BOLL开口扩张 + 中枢底部回升,11052,0.8413,0.7485,1.124,0.4532,0.4244,0.0288,L2
震荡-全样本,BOLL开口扩张 + 大盘多头,4230,0.2286,0.3553,0.643,0.3217,0.4244,-0.1027,L2
震荡-全样本,BOLL开口扩张 + 大盘空头,3857,0.2645,0.2826,0.936,0.4083,0.4244,-0.0161,L2
震荡-全样本,BOLL开口扩张 + 大盘安全,7589,0.4733,0.5909,0.801,0.3713,0.4244,-0.0531,L2
震荡-全样本,BOLL开口扩张 + SID等于1,4230,0.2286,0.3553,0.643,0.3217,0.4244,-0.1027,L2
震荡-全样本,BOLL开口扩张 + SID等于2,13122,0.9604,0.917,1.047,0.4358,0.4244,0.0113,L2
震荡-全样本,BOLL开口扩张 + SID小于等于2,13122,0.9604,0.917,1.047,0.4358,0.4244,0.0113,L2
震荡-全样本,BOLL开口扩张 + 大盘5日上涨,8288,0.5171,0.6452,0.802,0.3715,0.4244,-0.0529,L2
震荡-全样本,BOLL开口扩张 + 相对强弱大于0,4221,0.2783,0.3176,0.876,0.3926,0.4244,-0.0319,L2
震荡-全样本,BOLL开口扩张 + 相对强弱大于5,1041,0.0759,0.073,1.041,0.4342,0.4244,0.0098,L2
震荡-全样本,BOLL开口扩张 + 量比>=1.3,3111,0.3117,0.1554,2.005,0.5966,0.4244,0.1722,L2
震荡-全样本,BOLL开口扩张 + 量比>=2,530,0.048,0.0302,1.589,0.5396,0.4244,0.1152,L2
震荡-全样本,BOLL开口扩张 + 距前高<=10%,1107,0.0719,0.0841,0.855,0.3866,0.4244,-0.0378,L2
震荡-全样本,BOLL开口扩张 + 深跌(距前高>40%),734,0.0717,0.038,1.886,0.5817,0.4244,0.1573,L2
震荡-全样本,BOLL开口扩张 + 距前低<=10%,8201,0.5648,0.5992,0.943,0.4101,0.4244,-0.0144,L2
震荡-全样本,BOLL开口扩张 + 相对强弱>=0,874,0.0591,0.0647,0.914,0.4027,0.4244,-0.0217,L2
震荡-全样本,BOLL开口扩张 + 相对强弱>=5,88,0.006,0.0064,0.939,0.4091,0.4244,-0.0153,L2
震荡-全样本,KDJ金叉态 + KDJ_J超卖,10989,0.8131,0.7615,1.068,0.4405,0.4244,0.0161,L2
震荡-全样本,KDJ金叉态 + KDJ低位金叉,6925,0.5376,0.4612,1.166,0.4622,0.4244,0.0378,L2
震荡-全样本,KDJ金叉态 + KDJ_D小于30,9254,0.696,0.6329,1.1,0.4478,0.4244,0.0234,L2
震荡-全样本,KDJ金叉态 + RSI6大于50,6199,0.4058,0.4685,0.866,0.3897,0.4244,-0.0347,L2
震荡-全样本,KDJ金叉态 + RSI金叉,9696,0.7046,0.6813,1.034,0.4327,0.4244,0.0082,L2
震荡-全样本,KDJ金叉态 + RSI6超卖,10086,0.7766,0.6765,1.148,0.4585,0.4244,0.034,L2
震荡-全样本,KDJ金叉态 + RSI底背离,4825,0.3023,0.3747,0.807,0.3731,0.4244,-0.0514,L2
震荡-全样本,KDJ金叉态 + 威科夫得分大于4,1438,0.0905,0.1113,0.813,0.3748,0.4244,-0.0496,L2
震荡-全样本,KDJ金叉态 + 威科夫得分大于7,516,0.0317,0.0405,0.784,0.3663,0.4244,-0.0582,L2
震荡-全样本,KDJ金叉态 + 积累阶段,4273,0.2388,0.3531,0.676,0.3328,0.4244,-0.0916,L2
震荡-全样本,KDJ金叉态 + 威科夫B3弹簧,104,0.0052,0.009,0.576,0.2981,0.4244,-0.1264,L2
震荡-全样本,KDJ金叉态 + 威科夫B1突破,87,0.0052,0.0069,0.751,0.3563,0.4244,-0.0681,L2
震荡-全样本,KDJ金叉态 + 黄金柱,550,0.0319,0.0446,0.716,0.3455,0.4244,-0.079,L2
震荡-全样本,KDJ金叉态 + 量能金叉,2687,0.2457,0.1516,1.621,0.5445,0.4244,0.12,L2
震荡-全样本,KDJ金叉态 + 六脉红灯大于5,8363,0.5712,0.6146,0.929,0.4067,0.4244,-0.0178,L2
震荡-全样本,KDJ金叉态 + 六脉红灯大于6,5399,0.3564,0.4059,0.878,0.393,0.4244,-0.0314,L2
震荡-全样本,KDJ金叉态 + 六脉6红首发,5399,0.3564,0.4059,0.878,0.393,0.4244,-0.0314,L2
震荡-全样本,KDJ金叉态 + 六脉5红首发,8363,0.5712,0.6146,0.929,0.4067,0.4244,-0.0178,L2
震荡-全样本,KDJ金叉态 + 偏多共振,1130,0.0741,0.0853,0.868,0.3903,0.4244,-0.0342,L2
震荡-全样本,KDJ金叉态 + 多头共振,1125,0.0739,0.0848,0.871,0.3911,0.4244,-0.0333,L2
震荡-全样本,KDJ金叉态 + 火箭信号,938,0.0863,0.0525,1.644,0.548,0.4244,0.1235,L2
震荡-全样本,KDJ金叉态 + 二连板,84,0.0086,0.0041,2.096,0.6071,0.4244,0.1827,L2
震荡-全样本,KDJ金叉态 + 二次涨停,87,0.0067,0.0058,1.154,0.4598,0.4244,0.0353,L2
震荡-全样本,KDJ金叉态 + 纳财,55,0.0034,0.0043,0.775,0.3636,0.4244,-0.0608,L2
震荡-全样本,KDJ金叉态 + 极限抄底,1047,0.1206,0.0407,2.959,0.6858,0.4244,0.2613,L2
震荡-全样本,KDJ金叉态 + 中枢进机会区,4757,0.371,0.3156,1.176,0.4644,0.4244,0.0399,L2
震荡-全样本,KDJ金叉态 + 中枢极限底,6019,0.4856,0.3874,1.253,0.4803,0.4244,0.0559,L2
震荡-全样本,KDJ金叉态 + 中枢上穿中轴,2468,0.1861,0.1684,1.105,0.4489,0.4244,0.0245,L2
震荡-全样本,KDJ金叉态 + 中枢底部蓄力,8384,0.5959,0.599,0.995,0.4232,0.4244,-0.0012,L2
震荡-全样本,KDJ金叉态 + 中枢底部回升,10121,0.767,0.6879,1.115,0.4512,0.4244,0.0268,L2
震荡-全样本,KDJ金叉态 + 大盘多头,3774,0.202,0.3184,0.635,0.3188,0.4244,-0.1057,L2
震荡-全样本,KDJ金叉态 + 大盘空头,3614,0.2531,0.261,0.97,0.417,0.4244,-0.0074,L2
震荡-全样本,KDJ金叉态 + 大盘安全,7057,0.4424,0.5478,0.808,0.3732,0.4244,-0.0512,L2
震荡-全样本,KDJ金叉态 + SID等于1,3774,0.202,0.3184,0.635,0.3188,0.4244,-0.1057,L2
震荡-全样本,KDJ金叉态 + SID等于2,11914,0.8724,0.8323,1.048,0.436,0.4244,0.0115,L2
震荡-全样本,KDJ金叉态 + SID小于等于2,11914,0.8724,0.8323,1.048,0.436,0.4244,0.0115,L2
震荡-全样本,KDJ金叉态 + 大盘5日上涨,7770,0.4857,0.6042,0.804,0.3722,0.4244,-0.0522,L2
震荡-全样本,KDJ金叉态 + 相对强弱大于0,4063,0.2603,0.3112,0.836,0.3815,0.4244,-0.0429,L2
震荡-全样本,KDJ金叉态 + 相对强弱大于5,1033,0.0727,0.0743,0.979,0.4192,0.4244,-0.0053,L2
震荡-全样本,KDJ金叉态 + 量比>=1.3,3076,0.305,0.1561,1.954,0.5904,0.4244,0.1659,L2
震荡-全样本,KDJ金叉态 + 量比>=2,518,0.0465,0.0298,1.559,0.5347,0.4244,0.1103,L2
震荡-全样本,KDJ金叉态 + 距前高<=10%,986,0.063,0.0757,0.832,0.3803,0.4244,-0.0441,L2
震荡-全样本,KDJ金叉态 + 深跌(距前高>40%),703,0.068,0.0369,1.843,0.5761,0.4244,0.1517,L2
震荡-全样本,KDJ金叉态 + 距前低<=10%,7431,0.5072,0.5463,0.928,0.4064,0.4244,-0.018,L2
震荡-全样本,KDJ金叉态 + 相对强弱>=0,858,0.0546,0.066,0.827,0.3788,0.4244,-0.0456,L2
震荡-全样本,KDJ金叉态 + 相对强弱>=5,89,0.006,0.0066,0.921,0.4045,0.4244,-0.0199,L2
震荡-全样本,KDJ_J超卖 + KDJ低位金叉,6819,0.5292,0.4543,1.165,0.4621,0.4244,0.0377,L2
震荡-全样本,KDJ_J超卖 + KDJ_D小于30,10186,0.7408,0.7153,1.036,0.433,0.4244,0.0086,L2
震荡-全样本,KDJ_J超卖 + RSI6大于50,5695,0.3747,0.429,0.873,0.3917,0.4244,-0.0327,L2
震荡-全样本,KDJ_J超卖 + RSI金叉,9416,0.6822,0.6631,1.029,0.4314,0.4244,0.007,L2
震荡-全样本,KDJ_J超卖 + RSI6超卖,11509,0.8567,0.7937,1.079,0.4432,0.4244,0.0188,L2
震荡-全样本,KDJ_J超卖 + RSI底背离,5206,0.3183,0.4101,0.776,0.364,0.4244,-0.0604,L2
震荡-全样本,KDJ_J超卖 + 威科夫得分大于4,1681,0.108,0.1286,0.84,0.3825,0.4244,-0.0419,L2
震荡-全样本,KDJ_J超卖 + 威科夫得分大于7,558,0.0349,0.0433,0.806,0.3728,0.4244,-0.0517,L2
震荡-全样本,KDJ_J超卖 + 积累阶段,4694,0.2583,0.3909,0.661,0.3277,0.4244,-0.0968,L2
震荡-全样本,KDJ_J超卖 + 威科夫B3弹簧,107,0.0049,0.0097,0.504,0.271,0.4244,-0.1534,L2
震荡-全样本,KDJ_J超卖 + 威科夫B1突破,78,0.0047,0.0062,0.759,0.359,0.4244,-0.0655,L2
震荡-全样本,KDJ_J超卖 + 黄金柱,462,0.0262,0.0379,0.691,0.3377,0.4244,-0.0868,L2
震荡-全样本,KDJ_J超卖 + 量能金叉,2612,0.2373,0.1485,1.598,0.541,0.4244,0.1165,L2
震荡-全样本,KDJ_J超卖 + 六脉红灯大于5,7562,0.521,0.5524,0.943,0.4102,0.4244,-0.0142,L2
震荡-全样本,KDJ_J超卖 + 六脉红灯大于6,4735,0.3164,0.3531,0.896,0.3979,0.4244,-0.0265,L2
震荡-全样本,KDJ_J超卖 + 六脉6红首发,4735,0.3164,0.3531,0.896,0.3979,0.4244,-0.0265,L2
震荡-全样本,KDJ_J超卖 + 六脉5红首发,7562,0.521,0.5524,0.943,0.4102,0.4244,-0.0142,L2
震荡-全样本,KDJ_J超卖 + 偏多共振,1556,0.1072,0.1137,0.942,0.41,0.4244,-0.0144,L2
震荡-全样本,KDJ_J超卖 + 多头共振,1552,0.107,0.1133,0.944,0.4104,0.4244,-0.014,L2
震荡-全样本,KDJ_J超卖 + 火箭信号,915,0.085,0.0507,1.678,0.553,0.4244,0.1286,L2
震荡-全样本,KDJ_J超卖 + 二连板,80,0.0084,0.0037,2.26,0.625,0.4244,0.2006,L2
震荡-全样本,KDJ_J超卖 + 二次涨停,103,0.0077,0.0071,1.094,0.4466,0.4244,0.0222,L2
震荡-全样本,KDJ_J超卖 + 极限抄底,1155,0.1317,0.0459,2.866,0.6788,0.4244,0.2544,L2
震荡-全样本,KDJ_J超卖 + 中枢进机会区,5573,0.4271,0.3753,1.138,0.4563,0.4244,0.0319,L2
震荡-全样本,KDJ_J超卖 + 中枢极限底,6887,0.542,0.4533,1.196,0.4686,0.4244,0.0441,L2
震荡-全样本,KDJ_J超卖 + 中枢上穿中轴,2295,0.1695,0.1593,1.064,0.4397,0.4244,0.0152,L2
震荡-全样本,KDJ_J超卖 + 中枢底部蓄力,9124,0.63,0.6655,0.947,0.4111,0.4244,-0.0133,L2
震荡-全样本,KDJ_J超卖 + 中枢底部回升,11062,0.8243,0.7622,1.082,0.4437,0.4244,0.0192,L2
震荡-全样本,KDJ_J超卖 + 大盘多头,4333,0.2311,0.3662,0.631,0.3176,0.4244,-0.1069,L2
震荡-全样本,KDJ_J超卖 + 大盘空头,3835,0.2563,0.286,0.896,0.3979,0.4244,-0.0265,L2
震荡-全样本,KDJ_J超卖 + 大盘安全,7727,0.4718,0.6091,0.775,0.3635,0.4244,-0.0609,L2
震荡-全样本,KDJ_J超卖 + SID等于1,4333,0.2311,0.3662,0.631,0.3176,0.4244,-0.1069,L2
震荡-全样本,KDJ_J超卖 + SID等于2,13077,0.938,0.9279,1.011,0.4271,0.4244,0.0026,L2
震荡-全样本,KDJ_J超卖 + SID小于等于2,13077,0.938,0.9279,1.011,0.4271,0.4244,0.0026,L2
震荡-全样本,KDJ_J超卖 + 大盘5日上涨,8352,0.5102,0.6582,0.775,0.3637,0.4244,-0.0607,L2
震荡-全样本,KDJ_J超卖 + 相对强弱大于0,4003,0.2592,0.3047,0.851,0.3855,0.4244,-0.039,L2
震荡-全样本,KDJ_J超卖 + 相对强弱大于5,871,0.0618,0.0623,0.992,0.4225,0.4244,-0.0019,L2
震荡-全样本,KDJ_J超卖 + 量比>=1.3,3001,0.2995,0.1509,1.985,0.5941,0.4244,0.1697,L2
震荡-全样本,KDJ_J超卖 + 量比>=2,494,0.0438,0.0289,1.519,0.5283,0.4244,0.1039,L2
震荡-全样本,KDJ_J超卖 + 距前高<=10%,1016,0.0628,0.0795,0.79,0.3681,0.4244,-0.0563,L2
震荡-全样本,KDJ_J超卖 + 深跌(距前高>40%),760,0.0721,0.041,1.758,0.5645,0.4244,0.14,L2
震荡-全样本,KDJ_J超卖 + 距前低<=10%,8184,0.547,0.6102,0.896,0.398,0.4244,-0.0265,L2
震荡-全样本,KDJ_J超卖 + 相对强弱>=0,713,0.0443,0.0556,0.797,0.3703,0.4244,-0.0542,L2
震荡-全样本,KDJ_J超卖 + 相对强弱>=5,51,0.0035,0.0037,0.949,0.4118,0.4244,-0.0127,L2
震荡-全样本,KDJ低位金叉 + KDJ_D小于30,6925,0.5376,0.4612,1.166,0.4622,0.4244,0.0378,L2
震荡-全样本,KDJ低位金叉 + RSI6大于50,2263,0.1653,0.1584,1.043,0.4348,0.4244,0.0104,L2
震荡-全样本,KDJ低位金叉 + RSI金叉,5201,0.413,0.3396,1.216,0.4728,0.4244,0.0484,L2
震荡-全样本,KDJ低位金叉 + RSI6超卖,6545,0.5205,0.4268,1.22,0.4735,0.4244,0.0491,L2
震荡-全样本,KDJ低位金叉 + RSI底背离,2754,0.1802,0.2082,0.866,0.3896,0.4244,-0.0348,L2
震荡-全样本,KDJ低位金叉 + 威科夫得分大于4,219,0.0126,0.0178,0.706,0.3425,0.4244,-0.082,L2
震荡-全样本,KDJ低位金叉 + 积累阶段,2130,0.1223,0.1736,0.704,0.3418,0.4244,-0.0827,L2
震荡-全样本,KDJ低位金叉 + 威科夫B3弹簧,54,0.0024,0.005,0.475,0.2593,0.4244,-0.1652,L2
震荡-全样本,KDJ低位金叉 + 黄金柱,164,0.0099,0.013,0.762,0.3598,0.4244,-0.0647,L2
震荡-全样本,KDJ低位金叉 + 量能金叉,1290,0.1347,0.0604,2.229,0.6217,0.4244,0.1973,L2
震荡-全样本,KDJ低位金叉 + 六脉红灯大于5,4232,0.3156,0.2914,1.083,0.444,0.4244,0.0196,L2
震荡-全样本,KDJ低位金叉 + 六脉红灯大于6,2041,0.1528,0.1401,1.091,0.4459,0.4244,0.0214,L2
震荡-全样本,KDJ低位金叉 + 六脉6红首发,2041,0.1528,0.1401,1.091,0.4459,0.4244,0.0214,L2
震荡-全样本,KDJ低位金叉 + 六脉5红首发,4232,0.3156,0.2914,1.083,0.444,0.4244,0.0196,L2
震荡-全样本,KDJ低位金叉 + 偏多共振,359,0.0249,0.0261,0.951,0.4123,0.4244,-0.0122,L2
震荡-全样本,KDJ低位金叉 + 多头共振,358,0.0249,0.026,0.956,0.4134,0.4244,-0.011,L2
震荡-全样本,KDJ低位金叉 + 火箭信号,411,0.042,0.0199,2.106,0.6083,0.4244,0.1838,L2
震荡-全样本,KDJ低位金叉 + 极限抄底,972,0.1124,0.0375,2.994,0.6883,0.4244,0.2638,L2
震荡-全样本,KDJ低位金叉 + 中枢进机会区,2308,0.1908,0.1452,1.314,0.4922,0.4244,0.0678,L2
震荡-全样本,KDJ低位金叉 + 中枢极限底,3995,0.3445,0.2408,1.431,0.5134,0.4244,0.089,L2
震荡-全样本,KDJ低位金叉 + 中枢上穿中轴,504,0.0401,0.0328,1.223,0.4742,0.4244,0.0498,L2
震荡-全样本,KDJ低位金叉 + 中枢底部蓄力,5937,0.4582,0.3974,1.153,0.4595,0.4244,0.0351,L2
震荡-全样本,KDJ低位金叉 + 中枢底部回升,6453,0.5141,0.4201,1.224,0.4744,0.4244,0.0499,L2
震荡-全样本,KDJ低位金叉 + 大盘多头,1755,0.0993,0.1442,0.689,0.3368,0.4244,-0.0877,L2
震荡-全样本,KDJ低位金叉 + 大盘空头,2111,0.154,0.1479,1.041,0.4344,0.4244,0.01,L2
震荡-全样本,KDJ低位金叉 + 大盘安全,3534,0.2422,0.2591,0.935,0.408,0.4244,-0.0164,L2
震荡-全样本,KDJ低位金叉 + SID等于1,1755,0.0993,0.1442,0.689,0.3368,0.4244,-0.0877,L2
震荡-全样本,KDJ低位金叉 + SID等于2,6925,0.5376,0.4612,1.166,0.4622,0.4244,0.0378,L2
震荡-全样本,KDJ低位金叉 + SID小于等于2,6925,0.5376,0.4612,1.166,0.4622,0.4244,0.0378,L2
震荡-全样本,KDJ低位金叉 + 大盘5日上涨,4165,0.2801,0.3093,0.906,0.4005,0.4244,-0.024,L2
震荡-全样本,KDJ低位金叉 + 相对强弱大于0,1158,0.0766,0.0869,0.881,0.3938,0.4244,-0.0307,L2
震荡-全样本,KDJ低位金叉 + 相对强弱大于5,212,0.0151,0.0151,1.0,0.4245,0.4244,0.0001,L2
震荡-全样本,KDJ低位金叉 + 量比>=1.3,1939,0.2103,0.0851,2.471,0.6457,0.4244,0.2213,L2
震荡-全样本,KDJ低位金叉 + 量比>=2,262,0.0277,0.012,2.307,0.6298,0.4244,0.2053,L2
震荡-全样本,KDJ低位金叉 + 距前高<=10%,222,0.0124,0.0183,0.678,0.3333,0.4244,-0.0911,L2
震荡-全样本,KDJ低位金叉 + 深跌(距前高>40%),641,0.0645,0.0318,2.026,0.5991,0.4244,0.1746,L2
震荡-全样本,KDJ低位金叉 + 距前低<=10%,4487,0.3173,0.3218,0.986,0.421,0.4244,-0.0034,L2
震荡-全样本,KDJ低位金叉 + 相对强弱>=0,151,0.0082,0.0126,0.651,0.3245,0.4244,-0.0999,L2
震荡-全样本,KDJ_D小于30 + RSI6大于50,4125,0.2828,0.3023,0.936,0.4082,0.4244,-0.0162,L2
震荡-全样本,KDJ_D小于30 + RSI金叉,7591,0.5682,0.5212,1.09,0.4457,0.4244,0.0212,L2
震荡-全样本,KDJ_D小于30 + RSI6超卖,9524,0.7153,0.6521,1.097,0.4472,0.4244,0.0227,L2
震荡-全样本,KDJ_D小于30 + RSI底背离,4352,0.2701,0.3399,0.795,0.3695,0.4244,-0.055,L2
震荡-全样本,KDJ_D小于30 + 威科夫得分大于4,723,0.0455,0.056,0.813,0.3748,0.4244,-0.0496,L2
震荡-全样本,KDJ_D小于30 + 威科夫得分大于7,145,0.0109,0.0099,1.102,0.4483,0.4244,0.0238,L2
震荡-全样本,KDJ_D小于30 + 积累阶段,3644,0.2037,0.3011,0.677,0.3329,0.4244,-0.0916,L2
震荡-全样本,KDJ_D小于30 + 威科夫B3弹簧,92,0.0039,0.0085,0.452,0.25,0.4244,-0.1744,L2
震荡-全样本,KDJ_D小于30 + 黄金柱,357,0.0202,0.0294,0.687,0.3361,0.4244,-0.0883,L2
震荡-全样本,KDJ_D小于30 + 量能金叉,2027,0.197,0.1058,1.863,0.5787,0.4244,0.1543,L2
震荡-全样本,KDJ_D小于30 + 六脉红灯大于5,6240,0.4424,0.4466,0.991,0.4221,0.4244,-0.0023,L2
震荡-全样本,KDJ_D小于30 + 六脉红灯大于6,3682,0.2558,0.2674,0.957,0.4136,0.4244,-0.0108,L2
震荡-全样本,KDJ_D小于30 + 六脉6红首发,3682,0.2558,0.2674,0.957,0.4136,0.4244,-0.0108,L2
震荡-全样本,KDJ_D小于30 + 六脉5红首发,6240,0.4424,0.4466,0.991,0.4221,0.4244,-0.0023,L2
震荡-全样本,KDJ_D小于30 + 偏多共振,889,0.0591,0.0665,0.889,0.396,0.4244,-0.0285,L2
震荡-全样本,KDJ_D小于30 + 多头共振,886,0.0591,0.0661,0.894,0.3973,0.4244,-0.0271,L2
震荡-全样本,KDJ_D小于30 + 火箭信号,704,0.0684,0.0368,1.858,0.5781,0.4244,0.1537,L2
震荡-全样本,KDJ_D小于30 + 二连板,68,0.0069,0.0033,2.059,0.6029,0.4244,0.1785,L2
震荡-全样本,KDJ_D小于30 + 二次涨停,61,0.0045,0.0042,1.077,0.4426,0.4244,0.0182,L2
震荡-全样本,KDJ_D小于30 + 极限抄底,1098,0.1246,0.0441,2.826,0.6758,0.4244,0.2513,L2
震荡-全样本,KDJ_D小于30 + 中枢进机会区,4100,0.3159,0.2748,1.15,0.4588,0.4244,0.0343,L2
震荡-全样本,KDJ_D小于30 + 中枢极限底,5925,0.4693,0.3878,1.21,0.4716,0.4244,0.0471,L2
震荡-全样本,KDJ_D小于30 + 中枢上穿中轴,1300,0.1011,0.0865,1.17,0.4631,0.4244,0.0386,L2
震荡-全样本,KDJ_D小于30 + 中枢底部蓄力,8411,0.6035,0.5967,1.011,0.4272,0.4244,0.0027,L2
震荡-全样本,KDJ_D小于30 + 中枢底部回升,9378,0.7054,0.6413,1.1,0.4479,0.4244,0.0234,L2
震荡-全样本,KDJ_D小于30 + 大盘多头,3135,0.1737,0.2602,0.667,0.3298,0.4244,-0.0946,L2
震荡-全样本,KDJ_D小于30 + 大盘空头,3208,0.2163,0.2378,0.91,0.4015,0.4244,-0.0229,L2
震荡-全样本,KDJ_D小于30 + 大盘安全,5914,0.3744,0.4564,0.82,0.3769,0.4244,-0.0475,L2
震荡-全样本,KDJ_D小于30 + SID等于1,3135,0.1737,0.2602,0.667,0.3298,0.4244,-0.0946,L2
震荡-全样本,KDJ_D小于30 + SID等于2,10491,0.7628,0.7368,1.035,0.4329,0.4244,0.0085,L2
震荡-全样本,KDJ_D小于30 + SID小于等于2,10491,0.7628,0.7368,1.035,0.4329,0.4244,0.0085,L2
震荡-全样本,KDJ_D小于30 + 大盘5日上涨,6659,0.419,0.5157,0.813,0.3747,0.4244,-0.0498,L2
震荡-全样本,KDJ_D小于30 + 相对强弱大于0,2456,0.1594,0.1866,0.854,0.3864,0.4244,-0.038,L2
震荡-全样本,KDJ_D小于30 + 相对强弱大于5,518,0.0388,0.0355,1.091,0.4459,0.4244,0.0215,L2
震荡-全样本,KDJ_D小于30 + 量比>=1.3,2518,0.2602,0.12,2.168,0.6152,0.4244,0.1907,L2
震荡-全样本,KDJ_D小于30 + 量比>=2,409,0.0396,0.0214,1.85,0.577,0.4244,0.1526,L2
震荡-全样本,KDJ_D小于30 + 距前高<=10%,521,0.0301,0.0424,0.71,0.3436,0.4244,-0.0809,L2
震荡-全样本,KDJ_D小于30 + 深跌(距前高>40%),745,0.071,0.0399,1.781,0.5678,0.4244,0.1433,L2
震荡-全样本,KDJ_D小于30 + 距前低<=10%,6752,0.4543,0.5012,0.906,0.4006,0.4244,-0.0238,L2
震荡-全样本,KDJ_D小于30 + 相对强弱>=0,370,0.0228,0.029,0.788,0.3676,0.4244,-0.0569,L2
震荡-全样本,RSI6大于50 + RSI金叉,6223,0.408,0.4699,0.868,0.3903,0.4244,-0.0341,L2
震荡-全样本,RSI6大于50 + RSI6超卖,4779,0.3312,0.3477,0.953,0.4126,0.4244,-0.0118,L2
震荡-全样本,RSI6大于50 + RSI底背离,2817,0.1795,0.2165,0.829,0.3795,0.4244,-0.045,L2
震荡-全样本,RSI6大于50 + 威科夫得分大于4,1401,0.0853,0.1106,0.771,0.3626,0.4244,-0.0618,L2
震荡-全样本,RSI6大于50 + 威科夫得分大于7,556,0.0326,0.0448,0.727,0.3489,0.4244,-0.0755,L2
震荡-全样本,RSI6大于50 + 积累阶段,2775,0.1559,0.2288,0.681,0.3344,0.4244,-0.09,L2
震荡-全样本,RSI6大于50 + 威科夫B3弹簧,77,0.0042,0.0064,0.652,0.3247,0.4244,-0.0998,L2
震荡-全样本,RSI6大于50 + 威科夫B1突破,87,0.0052,0.0069,0.751,0.3563,0.4244,-0.0681,L2
震荡-全样本,RSI6大于50 + 黄金柱,548,0.0316,0.0446,0.708,0.3431,0.4244,-0.0814,L2
震荡-全样本,RSI6大于50 + 量能金叉,1687,0.1243,0.1173,1.06,0.4386,0.4244,0.0142,L2
震荡-全样本,RSI6大于50 + 六脉红灯大于5,5993,0.3945,0.4513,0.874,0.392,0.4244,-0.0325,L2
震荡-全样本,RSI6大于50 + 六脉红灯大于6,5356,0.3534,0.4028,0.877,0.3928,0.4244,-0.0316,L2
震荡-全样本,RSI6大于50 + 六脉6红首发,5356,0.3534,0.4028,0.877,0.3928,0.4244,-0.0316,L2
震荡-全样本,RSI6大于50 + 六脉5红首发,5993,0.3945,0.4513,0.874,0.392,0.4244,-0.0325,L2
震荡-全样本,RSI6大于50 + 偏多共振,861,0.0472,0.0718,0.657,0.3264,0.4244,-0.0981,L2
震荡-全样本,RSI6大于50 + 多头共振,857,0.0472,0.0713,0.662,0.3279,0.4244,-0.0965,L2
震荡-全样本,RSI6大于50 + 火箭信号,829,0.0731,0.0488,1.497,0.5247,0.4244,0.1003,L2
震荡-全样本,RSI6大于50 + 二连板,80,0.0079,0.0041,1.931,0.5875,0.4244,0.1631,L2
震荡-全样本,RSI6大于50 + 二次涨停,88,0.0067,0.0059,1.13,0.4545,0.4244,0.0301,L2
震荡-全样本,RSI6大于50 + 纳财,52,0.0034,0.004,0.848,0.3846,0.4244,-0.0398,L2
震荡-全样本,RSI6大于50 + 极限抄底,138,0.0143,0.0066,2.175,0.6159,0.4244,0.1915,L2
震荡-全样本,RSI6大于50 + 中枢进机会区,2494,0.1638,0.1881,0.87,0.3909,0.4244,-0.0335,L2
震荡-全样本,RSI6大于50 + 中枢极限底,2720,0.1809,0.2035,0.889,0.396,0.4244,-0.0285,L2
震荡-全样本,RSI6大于50 + 中枢上穿中轴,2449,0.1802,0.1704,1.057,0.4381,0.4244,0.0137,L2
震荡-全样本,RSI6大于50 + 中枢底部蓄力,3919,0.2511,0.3002,0.836,0.3815,0.4244,-0.043,L2
震荡-全样本,RSI6大于50 + 中枢底部回升,4931,0.3289,0.3682,0.893,0.3971,0.4244,-0.0274,L2
震荡-全样本,RSI6大于50 + 大盘多头,2652,0.1461,0.2207,0.662,0.3281,0.4244,-0.0964,L2
震荡-全样本,RSI6大于50 + 大盘空头,2141,0.1493,0.1551,0.963,0.4152,0.4244,-0.0092,L2
震荡-全样本,RSI6大于50 + 大盘安全,4799,0.2951,0.3768,0.783,0.3661,0.4244,-0.0583,L2
震荡-全样本,RSI6大于50 + SID等于1,2652,0.1461,0.2207,0.662,0.3281,0.4244,-0.0964,L2
震荡-全样本,RSI6大于50 + SID等于2,6445,0.4192,0.4891,0.857,0.3873,0.4244,-0.0372,L2
震荡-全样本,RSI6大于50 + SID小于等于2,6445,0.4192,0.4891,0.857,0.3873,0.4244,-0.0372,L2
震荡-全样本,RSI6大于50 + 大盘5日上涨,5066,0.3124,0.3971,0.787,0.3672,0.4244,-0.0573,L2
震荡-全样本,RSI6大于50 + 相对强弱大于0,3709,0.234,0.2868,0.816,0.3756,0.4244,-0.0489,L2
震荡-全样本,RSI6大于50 + 相对强弱大于5,1046,0.0736,0.0753,0.977,0.4187,0.4244,-0.0057,L2
震荡-全样本,RSI6大于50 + 量比>=1.3,1468,0.1191,0.094,1.267,0.483,0.4244,0.0585,L2
震荡-全样本,RSI6大于50 + 量比>=2,330,0.0255,0.022,1.158,0.4606,0.4244,0.0362,L2
震荡-全样本,RSI6大于50 + 距前高<=10%,882,0.0561,0.0679,0.827,0.3787,0.4244,-0.0458,L2
震荡-全样本,RSI6大于50 + 深跌(距前高>40%),182,0.0148,0.0116,1.27,0.4835,0.4244,0.0591,L2
震荡-全样本,RSI6大于50 + 距前低<=10%,3921,0.2489,0.3021,0.824,0.378,0.4244,-0.0465,L2
震荡-全样本,RSI6大于50 + 相对强弱>=0,801,0.0516,0.0612,0.843,0.3833,0.4244,-0.0412,L2
震荡-全样本,RSI6大于50 + 相对强弱>=5,94,0.0069,0.0066,1.049,0.4362,0.4244,0.0117,L2
震荡-全样本,RSI金叉 + RSI6超卖,8538,0.6438,0.5827,1.105,0.4489,0.4244,0.0245,L2
震荡-全样本,RSI金叉 + RSI底背离,4591,0.2911,0.354,0.822,0.3775,0.4244,-0.047,L2
震荡-全样本,RSI金叉 + 威科夫得分大于4,1418,0.0887,0.1102,0.804,0.3724,0.4244,-0.0521,L2
震荡-全样本,RSI金叉 + 威科夫得分大于7,521,0.0314,0.0414,0.759,0.3589,0.4244,-0.0655,L2
震荡-全样本,RSI金叉 + 积累阶段,3935,0.2148,0.329,0.653,0.325,0.4244,-0.0994,L2
震荡-全样本,RSI金叉 + 威科夫B3弹簧,106,0.005,0.0094,0.535,0.283,0.4244,-0.1414,L2
震荡-全样本,RSI金叉 + 威科夫B1突破,87,0.0052,0.0069,0.751,0.3563,0.4244,-0.0681,L2
震荡-全样本,RSI金叉 + 黄金柱,554,0.0319,0.0451,0.708,0.343,0.4244,-0.0815,L2
震荡-全样本,RSI金叉 + 量能金叉,2427,0.2128,0.1437,1.481,0.522,0.4244,0.0976,L2
震荡-全样本,RSI金叉 + 六脉红灯大于5,8155,0.5601,0.597,0.938,0.409,0.4244,-0.0155,L2
震荡-全样本,RSI金叉 + 六脉红灯大于6,5352,0.3535,0.4022,0.879,0.3933,0.4244,-0.0311,L2
震荡-全样本,RSI金叉 + 六脉6红首发,5352,0.3535,0.4022,0.879,0.3933,0.4244,-0.0311,L2
震荡-全样本,RSI金叉 + 六脉5红首发,8155,0.5601,0.597,0.938,0.409,0.4244,-0.0155,L2
震荡-全样本,RSI金叉 + 偏多共振,842,0.0521,0.0659,0.79,0.3682,0.4244,-0.0563,L2
震荡-全样本,RSI金叉 + 多头共振,838,0.0521,0.0654,0.796,0.3699,0.4244,-0.0545,L2
震荡-全样本,RSI金叉 + 火箭信号,946,0.087,0.053,1.641,0.5476,0.4244,0.1231,L2
震荡-全样本,RSI金叉 + 二连板,84,0.0086,0.0041,2.096,0.6071,0.4244,0.1827,L2
震荡-全样本,RSI金叉 + 二次涨停,94,0.0074,0.0062,1.193,0.4681,0.4244,0.0436,L2
震荡-全样本,RSI金叉 + 纳财,54,0.0032,0.0043,0.736,0.3519,0.4244,-0.0726,L2
震荡-全样本,RSI金叉 + 极限抄底,714,0.085,0.0258,3.299,0.7087,0.4244,0.2842,L2
震荡-全样本,RSI金叉 + 中枢进机会区,4069,0.2924,0.2883,1.014,0.4279,0.4244,0.0034,L2
震荡-全样本,RSI金叉 + 中枢极限底,5205,0.3945,0.3537,1.115,0.4513,0.4244,0.0269,L2
震荡-全样本,RSI金叉 + 中枢上穿中轴,2450,0.1847,0.1672,1.105,0.449,0.4244,0.0245,L2
震荡-全样本,RSI金叉 + 中枢底部蓄力,7339,0.517,0.5277,0.98,0.4194,0.4244,-0.005,L2
震荡-全样本,RSI金叉 + 中枢底部回升,8798,0.6446,0.6143,1.049,0.4362,0.4244,0.0118,L2
震荡-全样本,RSI金叉 + 大盘多头,3449,0.19,0.2871,0.662,0.3279,0.4244,-0.0965,L2
震荡-全样本,RSI金叉 + 大盘空头,3449,0.2469,0.2451,1.007,0.4262,0.4244,0.0018,L2
震荡-全样本,RSI金叉 + 大盘安全,6672,0.4268,0.5116,0.834,0.3808,0.4244,-0.0436,L2
震荡-全样本,RSI金叉 + SID等于1,3449,0.19,0.2871,0.662,0.3279,0.4244,-0.0965,L2
震荡-全样本,RSI金叉 + SID等于2,10255,0.7348,0.7283,1.009,0.4266,0.4244,0.0022,L2
震荡-全样本,RSI金叉 + SID小于等于2,10255,0.7348,0.7283,1.009,0.4266,0.4244,0.0022,L2
震荡-全样本,RSI金叉 + 大盘5日上涨,7239,0.4639,0.5545,0.837,0.3815,0.4244,-0.0429,L2
震荡-全样本,RSI金叉 + 相对强弱大于0,3999,0.2534,0.3084,0.822,0.3773,0.4244,-0.0471,L2
震荡-全样本,RSI金叉 + 相对强弱大于5,1018,0.0717,0.0732,0.98,0.4194,0.4244,-0.005,L2
震荡-全样本,RSI金叉 + 量比>=1.3,2664,0.2575,0.1401,1.838,0.5755,0.4244,0.151,L2
震荡-全样本,RSI金叉 + 量比>=2,477,0.0428,0.0275,1.558,0.5346,0.4244,0.1102,L2
震荡-全样本,RSI金叉 + 距前高<=10%,939,0.061,0.0713,0.855,0.3866,0.4244,-0.0379,L2
震荡-全样本,RSI金叉 + 深跌(距前高>40%),598,0.0608,0.0292,2.08,0.6054,0.4244,0.1809,L2
震荡-全样本,RSI金叉 + 距前低<=10%,6674,0.4387,0.5031,0.872,0.3914,0.4244,-0.0331,L2
震荡-全样本,RSI金叉 + 相对强弱>=0,857,0.0548,0.0658,0.833,0.3804,0.4244,-0.044,L2
震荡-全样本,RSI金叉 + 相对强弱>=5,89,0.0062,0.0064,0.965,0.4157,0.4244,-0.0087,L2
震荡-全样本,RSI6超卖 + RSI底背离,4807,0.3016,0.3729,0.809,0.3736,0.4244,-0.0508,L2
震荡-全样本,RSI6超卖 + 威科夫得分大于4,1219,0.0818,0.0907,0.902,0.3995,0.4244,-0.0249,L2
震荡-全样本,RSI6超卖 + 威科夫得分大于7,347,0.0233,0.0258,0.906,0.4006,0.4244,-0.0239,L2
震荡-全样本,RSI6超卖 + 积累阶段,4253,0.2353,0.3532,0.666,0.3294,0.4244,-0.095,L2
震荡-全样本,RSI6超卖 + 威科夫B3弹簧,91,0.0044,0.0081,0.542,0.2857,0.4244,-0.1387,L2
震荡-全样本,RSI6超卖 + 威科夫B1突破,52,0.003,0.0042,0.718,0.3462,0.4244,-0.0783,L2
震荡-全样本,RSI6超卖 + 黄金柱,360,0.0217,0.0286,0.757,0.3583,0.4244,-0.0661,L2
震荡-全样本,RSI6超卖 + 量能金叉,2476,0.2361,0.1325,1.782,0.5679,0.4244,0.1434,L2
震荡-全样本,RSI6超卖 + 六脉红灯大于5,6786,0.4874,0.4811,1.013,0.4276,0.4244,0.0032,L2
震荡-全样本,RSI6超卖 + 六脉红灯大于6,4119,0.2885,0.2974,0.97,0.4171,0.4244,-0.0073,L2
震荡-全样本,RSI6超卖 + 六脉6红首发,4119,0.2885,0.2974,0.97,0.4171,0.4244,-0.0073,L2
震荡-全样本,RSI6超卖 + 六脉5红首发,6786,0.4874,0.4811,1.013,0.4276,0.4244,0.0032,L2
震荡-全样本,RSI6超卖 + 偏多共振,1174,0.0887,0.08,1.108,0.4497,0.4244,0.0253,L2
震荡-全样本,RSI6超卖 + 多头共振,1171,0.0885,0.0798,1.11,0.45,0.4244,0.0256,L2
震荡-全样本,RSI6超卖 + 火箭信号,816,0.0796,0.0424,1.879,0.5809,0.4244,0.1564,L2
震荡-全样本,RSI6超卖 + 二连板,74,0.0076,0.0036,2.104,0.6081,0.4244,0.1837,L2
震荡-全样本,RSI6超卖 + 二次涨停,71,0.006,0.0043,1.395,0.507,0.4244,0.0826,L2
震荡-全样本,RSI6超卖 + 极限抄底,1159,0.1322,0.0461,2.869,0.679,0.4244,0.2546,L2
震荡-全样本,RSI6超卖 + 中枢进机会区,5248,0.4185,0.3413,1.226,0.4748,0.4244,0.0504,L2
震荡-全样本,RSI6超卖 + 中枢极限底,6640,0.5336,0.4289,1.244,0.4785,0.4244,0.054,L2
震荡-全样本,RSI6超卖 + 中枢上穿中轴,1902,0.1491,0.1256,1.188,0.4669,0.4244,0.0424,L2
震荡-全样本,RSI6超卖 + 中枢底部蓄力,8763,0.6204,0.6278,0.988,0.4215,0.4244,-0.0029,L2
震荡-全样本,RSI6超卖 + 中枢底部回升,10586,0.809,0.7145,1.132,0.455,0.4244,0.0306,L2
震荡-全样本,RSI6超卖 + 大盘多头,3629,0.1962,0.3048,0.644,0.3219,0.4244,-0.1026,L2
震荡-全样本,RSI6超卖 + 大盘空头,3593,0.2427,0.266,0.912,0.4022,0.4244,-0.0223,L2
震荡-全样本,RSI6超卖 + 大盘安全,6723,0.4201,0.5229,0.803,0.372,0.4244,-0.0524,L2
震荡-全样本,RSI6超卖 + SID等于1,3629,0.1962,0.3048,0.644,0.3219,0.4244,-0.1026,L2
震荡-全样本,RSI6超卖 + SID等于2,11902,0.8886,0.8188,1.085,0.4445,0.4244,0.0201,L2
震荡-全样本,RSI6超卖 + SID小于等于2,11902,0.8886,0.8188,1.085,0.4445,0.4244,0.0201,L2
震荡-全样本,RSI6超卖 + 大盘5日上涨,7307,0.4597,0.566,0.812,0.3746,0.4244,-0.0499,L2
震荡-全样本,RSI6超卖 + 相对强弱大于0,3287,0.2254,0.2409,0.936,0.4083,0.4244,-0.0162,L2
震荡-全样本,RSI6超卖 + 相对强弱大于5,699,0.0546,0.0463,1.178,0.4649,0.4244,0.0405,L2
震荡-全样本,RSI6超卖 + 量比>=1.3,2979,0.3028,0.1457,2.079,0.6052,0.4244,0.1808,L2
震荡-全样本,RSI6超卖 + 量比>=2,489,0.0448,0.0275,1.631,0.546,0.4244,0.1216,L2
震荡-全样本,RSI6超卖 + 距前高<=10%,829,0.0534,0.0633,0.844,0.3836,0.4244,-0.0408,L2
震荡-全样本,RSI6超卖 + 深跌(距前高>40%),751,0.0721,0.0399,1.807,0.5712,0.4244,0.1468,L2
震荡-全样本,RSI6超卖 + 距前低<=10%,7843,0.5361,0.576,0.931,0.407,0.4244,-0.0174,L2
震荡-全样本,RSI6超卖 + 相对强弱>=0,597,0.043,0.0422,1.018,0.4288,0.4244,0.0044,L2
震荡-全样本,RSI底背离 + 威科夫得分大于4,467,0.0244,0.0399,0.611,0.3105,0.4244,-0.1139,L2
震荡-全样本,RSI底背离 + 威科夫得分大于7,147,0.0074,0.0128,0.579,0.2993,0.4244,-0.1251,L2
震荡-全样本,RSI底背离 + 积累阶段,2395,0.1152,0.2117,0.544,0.2864,0.4244,-0.138,L2
震荡-全样本,RSI底背离 + 威科夫B3弹簧,72,0.0034,0.0064,0.522,0.2778,0.4244,-0.1467,L2
震荡-全样本,RSI底背离 + 黄金柱,288,0.0158,0.024,0.657,0.3264,0.4244,-0.098,L2
震荡-全样本,RSI底背离 + 量能金叉,985,0.0773,0.065,1.188,0.467,0.4244,0.0426,L2
震荡-全样本,RSI底背离 + 六脉红灯大于5,3945,0.2503,0.3041,0.823,0.3777,0.4244,-0.0467,L2
震荡-全样本,RSI底背离 + 六脉红灯大于6,2594,0.1693,0.1964,0.862,0.3886,0.4244,-0.0358,L2
震荡-全样本,RSI底背离 + 六脉6红首发,2594,0.1693,0.1964,0.862,0.3886,0.4244,-0.0358,L2
震荡-全样本,RSI底背离 + 六脉5红首发,3945,0.2503,0.3041,0.823,0.3777,0.4244,-0.0467,L2
震荡-全样本,RSI底背离 + 偏多共振,190,0.0133,0.0137,0.965,0.4158,0.4244,-0.0086,L2
震荡-全样本,RSI底背离 + 多头共振,189,0.0133,0.0136,0.974,0.418,0.4244,-0.0064,L2
震荡-全样本,RSI底背离 + 火箭信号,427,0.0381,0.0248,1.539,0.5316,0.4244,0.1072,L2
震荡-全样本,RSI底背离 + 极限抄底,295,0.0282,0.0157,1.794,0.5695,0.4244,0.1451,L2
震荡-全样本,RSI底背离 + 中枢进机会区,2388,0.1448,0.189,0.766,0.361,0.4244,-0.0635,L2
震荡-全样本,RSI底背离 + 中枢极限底,3359,0.2046,0.2652,0.771,0.3626,0.4244,-0.0618,L2
震荡-全样本,RSI底背离 + 中枢上穿中轴,825,0.0621,0.0564,1.103,0.4485,0.4244,0.024,L2
震荡-全样本,RSI底背离 + 中枢底部蓄力,4705,0.2781,0.3776,0.737,0.352,0.4244,-0.0725,L2
震荡-全样本,RSI底背离 + 中枢底部回升,5179,0.3183,0.4067,0.783,0.3659,0.4244,-0.0585,L2
震荡-全样本,RSI底背离 + 大盘多头,1785,0.0813,0.1611,0.504,0.2711,0.4244,-0.1533,L2
震荡-全样本,RSI底背离 + 大盘空头,2251,0.1538,0.1653,0.93,0.4069,0.4244,-0.0175,L2
震荡-全样本,RSI底背离 + 大盘安全,3868,0.2279,0.311,0.733,0.3508,0.4244,-0.0736,L2
震荡-全样本,RSI底背离 + SID等于1,1785,0.0813,0.1611,0.504,0.2711,0.4244,-0.1533,L2
震荡-全样本,RSI底背离 + SID等于2,5545,0.3378,0.4377,0.772,0.3627,0.4244,-0.0618,L2
震荡-全样本,RSI底背离 + SID小于等于2,5545,0.3378,0.4377,0.772,0.3627,0.4244,-0.0618,L2
震荡-全样本,RSI底背离 + 大盘5日上涨,4322,0.2581,0.3449,0.748,0.3556,0.4244,-0.0688,L2
震荡-全样本,RSI底背离 + 相对强弱大于0,1974,0.1211,0.1552,0.78,0.3652,0.4244,-0.0592,L2
震荡-全样本,RSI底背离 + 相对强弱大于5,453,0.0299,0.0341,0.878,0.3929,0.4244,-0.0315,L2
震荡-全样本,RSI底背离 + 量比>=1.3,1105,0.0894,0.071,1.259,0.4814,0.4244,0.057,L2
震荡-全样本,RSI底背离 + 量比>=2,187,0.0134,0.0133,1.014,0.4278,0.4244,0.0034,L2
震荡-全样本,RSI底背离 + 距前高<=10%,318,0.0165,0.0272,0.604,0.3082,0.4244,-0.1163,L2
震荡-全样本,RSI底背离 + 深跌(距前高>40%),354,0.0317,0.0204,1.553,0.5339,0.4244,0.1095,L2
震荡-全样本,RSI底背离 + 距前低<=10%,4261,0.2482,0.3447,0.72,0.3469,0.4244,-0.0776,L2
震荡-全样本,RSI底背离 + 相对强弱>=0,375,0.0195,0.0321,0.607,0.3093,0.4244,-0.1151,L2
震荡-全样本,威科夫得分大于4 + 威科夫得分大于7,697,0.0432,0.0545,0.792,0.3687,0.4244,-0.0557,L2
震荡-全样本,威科夫得分大于4 + 积累阶段,620,0.0369,0.0495,0.746,0.3548,0.4244,-0.0696,L2
震荡-全样本,威科夫得分大于4 + 黄金柱,158,0.0099,0.0123,0.808,0.3734,0.4244,-0.051,L2
震荡-全样本,威科夫得分大于4 + 量能金叉,513,0.0326,0.0395,0.825,0.3782,0.4244,-0.0463,L2
震荡-全样本,威科夫得分大于4 + 六脉红灯大于5,1240,0.0774,0.0965,0.802,0.3718,0.4244,-0.0527,L2
震荡-全样本,威科夫得分大于4 + 六脉红灯大于6,1056,0.0648,0.083,0.781,0.3655,0.4244,-0.0589,L2
震荡-全样本,威科夫得分大于4 + 六脉6红首发,1056,0.0648,0.083,0.781,0.3655,0.4244,-0.0589,L2
震荡-全样本,威科夫得分大于4 + 六脉5红首发,1240,0.0774,0.0965,0.802,0.3718,0.4244,-0.0527,L2
震荡-全样本,威科夫得分大于4 + 偏多共振,773,0.0489,0.0597,0.819,0.3765,0.4244,-0.048,L2
震荡-全样本,威科夫得分大于4 + 多头共振,771,0.0489,0.0595,0.822,0.3774,0.4244,-0.047,L2
震荡-全样本,威科夫得分大于4 + 火箭信号,270,0.019,0.0194,0.976,0.4185,0.4244,-0.0059,L2
震荡-全样本,威科夫得分大于4 + 中枢进机会区,835,0.0566,0.0617,0.918,0.4036,0.4244,-0.0208,L2
震荡-全样本,威科夫得分大于4 + 中枢极限底,519,0.0356,0.038,0.936,0.4085,0.4244,-0.016,L2
震荡-全样本,威科夫得分大于4 + 中枢上穿中轴,874,0.0576,0.0658,0.876,0.3924,0.4244,-0.032,L2
震荡-全样本,威科夫得分大于4 + 中枢底部蓄力,577,0.0329,0.0472,0.698,0.3397,0.4244,-0.0847,L2
震荡-全样本,威科夫得分大于4 + 中枢底部回升,1075,0.0697,0.0817,0.853,0.386,0.4244,-0.0384,L2
震荡-全样本,威科夫得分大于4 + 大盘多头,1008,0.0584,0.0817,0.715,0.3452,0.4244,-0.0792,L2
震荡-全样本,威科夫得分大于4 + 大盘空头,339,0.0153,0.0307,0.498,0.2684,0.4244,-0.156,L2
震荡-全样本,威科夫得分大于4 + 大盘安全,1333,0.0736,0.1108,0.664,0.3286,0.4244,-0.0959,L2
震荡-全样本,威科夫得分大于4 + SID等于1,1008,0.0584,0.0817,0.715,0.3452,0.4244,-0.0792,L2
震荡-全样本,威科夫得分大于4 + SID等于2,1950,0.1228,0.151,0.813,0.3749,0.4244,-0.0496,L2
震荡-全样本,威科夫得分大于4 + SID小于等于2,1950,0.1228,0.151,0.813,0.3749,0.4244,-0.0496,L2
震荡-全样本,威科夫得分大于4 + 大盘5日上涨,1292,0.0702,0.1082,0.649,0.3235,0.4244,-0.1009,L2
震荡-全样本,威科夫得分大于4 + 相对强弱大于0,1357,0.086,0.1047,0.822,0.3773,0.4244,-0.0471,L2
震荡-全样本,威科夫得分大于4 + 相对强弱大于5,504,0.0334,0.0378,0.885,0.3948,0.4244,-0.0296,L2
震荡-全样本,威科夫得分大于4 + 量比>=1.3,352,0.0242,0.0258,0.939,0.4091,0.4244,-0.0153,L2
震荡-全样本,威科夫得分大于4 + 量比>=2,109,0.0079,0.0077,1.028,0.4312,0.4244,0.0068,L2
震荡-全样本,威科夫得分大于4 + 距前高<=10%,434,0.0284,0.0328,0.865,0.3894,0.4244,-0.035,L2
震荡-全样本,威科夫得分大于4 + 距前低<=10%,656,0.0406,0.0513,0.793,0.3689,0.4244,-0.0555,L2
震荡-全样本,威科夫得分大于4 + 相对强弱>=0,313,0.0202,0.0239,0.843,0.3834,0.4244,-0.0411,L2
震荡-全样本,威科夫得分大于4 + 相对强弱>=5,51,0.0039,0.0035,1.114,0.451,0.4244,0.0265,L2
震荡-全样本,威科夫得分大于7 + 积累阶段,163,0.0104,0.0125,0.832,0.3804,0.4244,-0.0441,L2
震荡-全样本,威科夫得分大于7 + 黄金柱,70,0.004,0.0057,0.708,0.3429,0.4244,-0.0816,L2
震荡-全样本,威科夫得分大于7 + 量能金叉,236,0.0149,0.0182,0.821,0.3771,0.4244,-0.0473,L2
震荡-全样本,威科夫得分大于7 + 六脉红灯大于5,479,0.0292,0.0378,0.774,0.3633,0.4244,-0.0612,L2
震荡-全样本,威科夫得分大于7 + 六脉红灯大于6,429,0.0254,0.0344,0.737,0.352,0.4244,-0.0725,L2
震荡-全样本,威科夫得分大于7 + 六脉6红首发,429,0.0254,0.0344,0.737,0.352,0.4244,-0.0725,L2
震荡-全样本,威科夫得分大于7 + 六脉5红首发,479,0.0292,0.0378,0.774,0.3633,0.4244,-0.0612,L2
震荡-全样本,威科夫得分大于7 + 偏多共振,352,0.0218,0.0275,0.794,0.3693,0.4244,-0.0551,L2
震荡-全样本,威科夫得分大于7 + 多头共振,352,0.0218,0.0275,0.794,0.3693,0.4244,-0.0551,L2
震荡-全样本,威科夫得分大于7 + 火箭信号,139,0.0091,0.0105,0.861,0.3885,0.4244,-0.0359,L2
震荡-全样本,威科夫得分大于7 + 中枢进机会区,262,0.0173,0.0197,0.878,0.3931,0.4244,-0.0313,L2
震荡-全样本,威科夫得分大于7 + 中枢极限底,138,0.0094,0.0102,0.926,0.4058,0.4244,-0.0186,L2
震荡-全样本,威科夫得分大于7 + 中枢上穿中轴,387,0.0252,0.0294,0.858,0.3876,0.4244,-0.0368,L2
震荡-全样本,威科夫得分大于7 + 中枢底部蓄力,155,0.0077,0.0135,0.572,0.2968,0.4244,-0.1277,L2
震荡-全样本,威科夫得分大于7 + 中枢底部回升,330,0.02,0.0261,0.765,0.3606,0.4244,-0.0638,L2
震荡-全样本,威科夫得分大于7 + 大盘多头,377,0.0227,0.03,0.756,0.3581,0.4244,-0.0663,L2
震荡-全样本,威科夫得分大于7 + 大盘空头,116,0.0049,0.0108,0.452,0.25,0.4244,-0.1744,L2
震荡-全样本,威科夫得分大于7 + 大盘安全,504,0.0282,0.0416,0.678,0.3333,0.4244,-0.0911,L2
震荡-全样本,威科夫得分大于7 + SID等于1,377,0.0227,0.03,0.756,0.3581,0.4244,-0.0663,L2
震荡-全样本,威科夫得分大于7 + SID等于2,697,0.0432,0.0545,0.792,0.3687,0.4244,-0.0557,L2
震荡-全样本,威科夫得分大于7 + SID小于等于2,697,0.0432,0.0545,0.792,0.3687,0.4244,-0.0557,L2
震荡-全样本,威科夫得分大于7 + 大盘5日上涨,472,0.0252,0.0399,0.632,0.3178,0.4244,-0.1066,L2
震荡-全样本,威科夫得分大于7 + 相对强弱大于0,586,0.0359,0.0461,0.78,0.3652,0.4244,-0.0592,L2
震荡-全样本,威科夫得分大于7 + 相对强弱大于5,288,0.0185,0.022,0.838,0.3819,0.4244,-0.0425,L2
震荡-全样本,威科夫得分大于7 + 量比>=1.3,146,0.0101,0.0107,0.946,0.411,0.4244,-0.0135,L2
震荡-全样本,威科夫得分大于7 + 量比>=2,51,0.0039,0.0035,1.114,0.451,0.4244,0.0265,L2
震荡-全样本,威科夫得分大于7 + 距前高<=10%,191,0.0119,0.0149,0.802,0.3717,0.4244,-0.0527,L2
震荡-全样本,威科夫得分大于7 + 距前低<=10%,211,0.0128,0.0167,0.763,0.3602,0.4244,-0.0642,L2
震荡-全样本,威科夫得分大于7 + 相对强弱>=0,151,0.0101,0.0113,0.894,0.3974,0.4244,-0.0271,L2
震荡-全样本,积累阶段 + 威科夫B3弹簧,106,0.0052,0.0093,0.561,0.2925,0.4244,-0.132,L2
震荡-全样本,积累阶段 + 威科夫B1突破,87,0.0052,0.0069,0.751,0.3563,0.4244,-0.0681,L2
震荡-全样本,积累阶段 + 黄金柱,289,0.0155,0.0244,0.633,0.3183,0.4244,-0.1061,L2
震荡-全样本,积累阶段 + 量能金叉,792,0.0522,0.0596,0.877,0.3927,0.4244,-0.0318,L2
震荡-全样本,积累阶段 + 六脉红灯大于5,3369,0.1842,0.2814,0.655,0.3256,0.4244,-0.0988,L2
震荡-全样本,积累阶段 + 六脉红灯大于6,2468,0.1374,0.2044,0.672,0.3314,0.4244,-0.093,L2
震荡-全样本,积累阶段 + 六脉6红首发,2468,0.1374,0.2044,0.672,0.3314,0.4244,-0.093,L2
震荡-全样本,积累阶段 + 六脉5红首发,3369,0.1842,0.2814,0.655,0.3256,0.4244,-0.0988,L2
震荡-全样本,积累阶段 + 偏多共振,309,0.0212,0.0227,0.934,0.4078,0.4244,-0.0167,L2
震荡-全样本,积累阶段 + 多头共振,307,0.0212,0.0224,0.944,0.4104,0.4244,-0.014,L2
震荡-全样本,积累阶段 + 火箭信号,273,0.0202,0.0189,1.064,0.4396,0.4244,0.0151,L2
震荡-全样本,积累阶段 + 极限抄底,172,0.0102,0.0137,0.745,0.3547,0.4244,-0.0698,L2
震荡-全样本,积累阶段 + 中枢进机会区,2399,0.1369,0.1962,0.698,0.3397,0.4244,-0.0847,L2
震荡-全样本,积累阶段 + 中枢极限底,2614,0.1449,0.2169,0.668,0.3301,0.4244,-0.0943,L2
震荡-全样本,积累阶段 + 中枢上穿中轴,923,0.0621,0.0685,0.907,0.4009,0.4244,-0.0236,L2
震荡-全样本,积累阶段 + 中枢底部蓄力,3760,0.1861,0.3285,0.567,0.2947,0.4244,-0.1298,L2
震荡-全样本,积累阶段 + 中枢底部回升,4462,0.2368,0.378,0.626,0.316,0.4244,-0.1084,L2
震荡-全样本,积累阶段 + 大盘多头,2128,0.114,0.1795,0.635,0.3191,0.4244,-0.1054,L2
震荡-全样本,积累阶段 + 大盘空头,1387,0.0657,0.1234,0.532,0.2819,0.4244,-0.1425,L2
震荡-全样本,积累阶段 + 大盘安全,3428,0.1758,0.2949,0.596,0.3054,0.4244,-0.119,L2
震荡-全样本,积累阶段 + SID等于1,2128,0.114,0.1795,0.635,0.3191,0.4244,-0.1054,L2
震荡-全样本,积累阶段 + SID等于2,5064,0.2759,0.4237,0.651,0.3244,0.4244,-0.1,L2
震荡-全样本,积累阶段 + SID小于等于2,5064,0.2759,0.4237,0.651,0.3244,0.4244,-0.1,L2
震荡-全样本,积累阶段 + 大盘5日上涨,3586,0.1829,0.3093,0.591,0.3037,0.4244,-0.1208,L2
震荡-全样本,积累阶段 + 相对强弱大于0,1928,0.1061,0.1605,0.661,0.3278,0.4244,-0.0966,L2
震荡-全样本,积累阶段 + 相对强弱大于5,413,0.0264,0.0317,0.832,0.3801,0.4244,-0.0443,L2
震荡-全样本,积累阶段 + 量比>=1.3,861,0.0556,0.0656,0.847,0.3844,0.4244,-0.04,L2
震荡-全样本,积累阶段 + 量比>=2,169,0.0111,0.0128,0.869,0.3905,0.4244,-0.0339,L2
震荡-全样本,积累阶段 + 距前高<=10%,395,0.0217,0.0329,0.658,0.3266,0.4244,-0.0979,L2
震荡-全样本,积累阶段 + 深跌(距前高>40%),215,0.0077,0.0209,0.369,0.214,0.4244,-0.2105,L2
震荡-全样本,积累阶段 + 距前低<=10%,3438,0.17,0.3005,0.566,0.2944,0.4244,-0.1301,L2
震荡-全样本,积累阶段 + 相对强弱>=0,393,0.0188,0.0348,0.54,0.285,0.4244,-0.1394,L2
震荡-全样本,威科夫B3弹簧 + 六脉红灯大于5,91,0.0049,0.0077,0.634,0.3187,0.4244,-0.1058,L2
震荡-全样本,威科夫B3弹簧 + 六脉红灯大于6,73,0.0037,0.0063,0.585,0.3014,0.4244,-0.1231,L2
震荡-全样本,威科夫B3弹簧 + 六脉6红首发,73,0.0037,0.0063,0.585,0.3014,0.4244,-0.1231,L2
震荡-全样本,威科夫B3弹簧 + 六脉5红首发,91,0.0049,0.0077,0.634,0.3187,0.4244,-0.1058,L2
震荡-全样本,威科夫B3弹簧 + 中枢进机会区,53,0.0024,0.0048,0.487,0.2642,0.4244,-0.1603,L2
震荡-全样本,威科夫B3弹簧 + 中枢极限底,71,0.0027,0.0068,0.394,0.2254,0.4244,-0.1991,L2
震荡-全样本,威科夫B3弹簧 + 中枢底部蓄力,103,0.0044,0.0095,0.458,0.2524,0.4244,-0.172,L2
震荡-全样本,威科夫B3弹簧 + 中枢底部回升,111,0.005,0.01,0.502,0.2703,0.4244,-0.1542,L2
震荡-全样本,威科夫B3弹簧 + 大盘安全,93,0.0042,0.0084,0.499,0.2688,0.4244,-0.1556,L2
震荡-全样本,威科夫B3弹簧 + SID等于2,115,0.0054,0.0103,0.523,0.2783,0.4244,-0.1462,L2
震荡-全样本,威科夫B3弹簧 + SID小于等于2,115,0.0054,0.0103,0.523,0.2783,0.4244,-0.1462,L2
震荡-全样本,威科夫B3弹簧 + 大盘5日上涨,99,0.0044,0.009,0.483,0.2626,0.4244,-0.1618,L2
震荡-全样本,威科夫B3弹簧 + 相对强弱大于0,61,0.003,0.0053,0.568,0.2951,0.4244,-0.1294,L2
震荡-全样本,威科夫B3弹簧 + 距前低<=10%,95,0.0042,0.0087,0.484,0.2632,0.4244,-0.1613,L2
震荡-全样本,威科夫B1突破 + 量能金叉,68,0.0044,0.0052,0.839,0.3824,0.4244,-0.0421,L2
震荡-全样本,威科夫B1突破 + 六脉红灯大于5,87,0.0052,0.0069,0.751,0.3563,0.4244,-0.0681,L2
震荡-全样本,威科夫B1突破 + 六脉红灯大于6,87,0.0052,0.0069,0.751,0.3563,0.4244,-0.0681,L2
震荡-全样本,威科夫B1突破 + 六脉6红首发,87,0.0052,0.0069,0.751,0.3563,0.4244,-0.0681,L2
震荡-全样本,威科夫B1突破 + 六脉5红首发,87,0.0052,0.0069,0.751,0.3563,0.4244,-0.0681,L2
震荡-全样本,威科夫B1突破 + 中枢上穿中轴,77,0.005,0.0058,0.866,0.3896,0.4244,-0.0348,L2
震荡-全样本,威科夫B1突破 + 中枢底部蓄力,53,0.0029,0.0045,0.64,0.3208,0.4244,-0.1037,L2
震荡-全样本,威科夫B1突破 + 中枢底部回升,70,0.0042,0.0056,0.753,0.3571,0.4244,-0.0673,L2
震荡-全样本,威科夫B1突破 + 大盘安全,74,0.0044,0.0059,0.735,0.3514,0.4244,-0.0731,L2
震荡-全样本,威科夫B1突破 + SID等于2,87,0.0052,0.0069,0.751,0.3563,0.4244,-0.0681,L2
震荡-全样本,威科夫B1突破 + SID小于等于2,87,0.0052,0.0069,0.751,0.3563,0.4244,-0.0681,L2
震荡-全样本,威科夫B1突破 + 大盘5日上涨,75,0.004,0.0063,0.638,0.32,0.4244,-0.1044,L2
震荡-全样本,威科夫B1突破 + 相对强弱大于0,85,0.0052,0.0067,0.778,0.3647,0.4244,-0.0597,L2
震荡-全样本,威科夫B1突破 + 相对强弱大于5,59,0.0037,0.0046,0.806,0.3729,0.4244,-0.0516,L2
震荡-全样本,威科夫B1突破 + 距前低<=10%,68,0.0044,0.0052,0.839,0.3824,0.4244,-0.0421,L2
震荡-全样本,黄金柱 + 量能金叉,202,0.0131,0.0154,0.853,0.3861,0.4244,-0.0383,L2
震荡-全样本,黄金柱 + 六脉红灯大于5,552,0.0316,0.0451,0.7,0.3406,0.4244,-0.0839,L2
震荡-全样本,黄金柱 + 六脉红灯大于6,525,0.0301,0.0429,0.702,0.341,0.4244,-0.0835,L2
震荡-全样本,黄金柱 + 六脉6红首发,525,0.0301,0.0429,0.702,0.341,0.4244,-0.0835,L2
震荡-全样本,黄金柱 + 六脉5红首发,552,0.0316,0.0451,0.7,0.3406,0.4244,-0.0839,L2
震荡-全样本,黄金柱 + 偏多共振,52,0.003,0.0042,0.718,0.3462,0.4244,-0.0783,L2
震荡-全样本,黄金柱 + 多头共振,52,0.003,0.0042,0.718,0.3462,0.4244,-0.0783,L2
震荡-全样本,黄金柱 + 火箭信号,96,0.0067,0.0069,0.969,0.4167,0.4244,-0.0078,L2
震荡-全样本,黄金柱 + 中枢进机会区,226,0.0126,0.0187,0.674,0.3319,0.4244,-0.0926,L2
震荡-全样本,黄金柱 + 中枢极限底,261,0.0139,0.022,0.632,0.318,0.4244,-0.1064,L2
震荡-全样本,黄金柱 + 中枢上穿中轴,249,0.0158,0.0192,0.822,0.3775,0.4244,-0.0469,L2
震荡-全样本,黄金柱 + 中枢底部蓄力,359,0.0191,0.0303,0.631,0.3175,0.4244,-0.1069,L2
震荡-全样本,黄金柱 + 中枢底部回升,435,0.0242,0.036,0.671,0.331,0.4244,-0.0934,L2
震荡-全样本,黄金柱 + 大盘多头,239,0.0136,0.0196,0.695,0.3389,0.4244,-0.0855,L2
震荡-全样本,黄金柱 + 大盘空头,161,0.0077,0.0142,0.542,0.2857,0.4244,-0.1387,L2
震荡-全样本,黄金柱 + 大盘安全,420,0.0225,0.0354,0.635,0.319,0.4244,-0.1054,L2
震荡-全样本,黄金柱 + SID等于1,239,0.0136,0.0196,0.695,0.3389,0.4244,-0.0855,L2
震荡-全样本,黄金柱 + SID等于2,556,0.0319,0.0453,0.704,0.3417,0.4244,-0.0827,L2
震荡-全样本,黄金柱 + SID小于等于2,556,0.0319,0.0453,0.704,0.3417,0.4244,-0.0827,L2
震荡-全样本,黄金柱 + 大盘5日上涨,454,0.025,0.0378,0.662,0.3282,0.4244,-0.0962,L2
震荡-全样本,黄金柱 + 相对强弱大于0,427,0.0245,0.0348,0.705,0.3419,0.4244,-0.0825,L2
震荡-全样本,黄金柱 + 相对强弱大于5,163,0.0107,0.0123,0.877,0.3926,0.4244,-0.0318,L2
震荡-全样本,黄金柱 + 量比>=1.3,118,0.0069,0.0095,0.722,0.3475,0.4244,-0.077,L2
震荡-全样本,黄金柱 + 距前高<=10%,105,0.0064,0.0083,0.769,0.3619,0.4244,-0.0625,L2
震荡-全样本,黄金柱 + 距前低<=10%,364,0.0203,0.0301,0.675,0.3324,0.4244,-0.092,L2
震荡-全样本,黄金柱 + 相对强弱>=0,92,0.0059,0.0071,0.833,0.3804,0.4244,-0.044,L2
震荡-全样本,量能金叉 + 六脉红灯大于5,1946,0.1565,0.1256,1.246,0.4789,0.4244,0.0545,L2
震荡-全样本,量能金叉 + 六脉红灯大于6,1508,0.1122,0.104,1.078,0.443,0.4244,0.0185,L2
震荡-全样本,量能金叉 + 六脉6红首发,1508,0.1122,0.104,1.078,0.443,0.4244,0.0185,L2
震荡-全样本,量能金叉 + 六脉5红首发,1946,0.1565,0.1256,1.246,0.4789,0.4244,0.0545,L2
震荡-全样本,量能金叉 + 偏多共振,314,0.0218,0.0228,0.958,0.414,0.4244,-0.0104,L2
震荡-全样本,量能金叉 + 多头共振,314,0.0218,0.0228,0.958,0.414,0.4244,-0.0104,L2
震荡-全样本,量能金叉 + 火箭信号,433,0.0411,0.0233,1.767,0.5658,0.4244,0.1414,L2
震荡-全样本,量能金叉 + 二连板,50,0.0057,0.002,2.882,0.68,0.4244,0.2556,L2
震荡-全样本,量能金叉 + 极限抄底,337,0.0445,0.0089,4.991,0.7864,0.4244,0.3619,L2
震荡-全样本,量能金叉 + 中枢进机会区,1459,0.136,0.0804,1.692,0.5552,0.4244,0.1307,L2
震荡-全样本,量能金叉 + 中枢极限底,1534,0.1545,0.076,2.032,0.5997,0.4244,0.1753,L2
震荡-全样本,量能金叉 + 中枢上穿中轴,1015,0.0764,0.0694,1.102,0.4483,0.4244,0.0238,L2
震荡-全样本,量能金叉 + 中枢底部蓄力,1808,0.1634,0.1034,1.58,0.5382,0.4244,0.1137,L2
震荡-全样本,量能金叉 + 中枢底部回升,2464,0.2318,0.1343,1.726,0.5601,0.4244,0.1356,L2
震荡-全样本,量能金叉 + 大盘多头,766,0.0452,0.0616,0.734,0.3512,0.4244,-0.0733,L2
震荡-全样本,量能金叉 + 大盘空头,854,0.0714,0.0531,1.343,0.4977,0.4244,0.0732,L2
震荡-全样本,量能金叉 + 大盘安全,1575,0.1137,0.1112,1.022,0.4298,0.4244,0.0054,L2
震荡-全样本,量能金叉 + SID等于1,766,0.0452,0.0616,0.734,0.3512,0.4244,-0.0733,L2
震荡-全样本,量能金叉 + SID等于2,2902,0.2597,0.1679,1.546,0.5327,0.4244,0.1083,L2
震荡-全样本,量能金叉 + SID小于等于2,2902,0.2597,0.1679,1.546,0.5327,0.4244,0.1083,L2
震荡-全样本,量能金叉 + 大盘5日上涨,1651,0.1186,0.117,1.013,0.4276,0.4244,0.0032,L2
震荡-全样本,量能金叉 + 相对强弱大于0,1352,0.0951,0.0973,0.977,0.4186,0.4244,-0.0058,L2
震荡-全样本,量能金叉 + 相对强弱大于5,513,0.0383,0.0353,1.085,0.4444,0.4244,0.02,L2
震荡-全样本,量能金叉 + 量比>=1.3,1312,0.1389,0.0601,2.312,0.6303,0.4244,0.2059,L2
震荡-全样本,量能金叉 + 量比>=2,319,0.0291,0.0181,1.607,0.5423,0.4244,0.1179,L2
震荡-全样本,量能金叉 + 距前高<=10%,308,0.0207,0.0229,0.902,0.3994,0.4244,-0.0251,L2
震荡-全样本,量能金叉 + 深跌(距前高>40%),191,0.0238,0.0061,3.93,0.7435,0.4244,0.319,L2
震荡-全样本,量能金叉 + 距前低<=10%,1885,0.1609,0.1148,1.401,0.5082,0.4244,0.0838,L2
震荡-全样本,量能金叉 + 相对强弱>=0,293,0.021,0.0208,1.009,0.4266,0.4244,0.0022,L2
震荡-全样本,六脉红灯大于5 + 六脉红灯大于6,5403,0.3566,0.4062,0.878,0.3929,0.4244,-0.0315,L2
震荡-全样本,六脉红灯大于5 + 六脉6红首发,5403,0.3566,0.4062,0.878,0.3929,0.4244,-0.0315,L2
震荡-全样本,六脉红灯大于5 + 六脉5红首发,8402,0.5726,0.6184,0.926,0.4057,0.4244,-0.0187,L2
震荡-全样本,六脉红灯大于5 + 偏多共振,698,0.0396,0.0572,0.693,0.3381,0.4244,-0.0863,L2
震荡-全样本,六脉红灯大于5 + 多头共振,694,0.0396,0.0567,0.699,0.3401,0.4244,-0.0844,L2
震荡-全样本,六脉红灯大于5 + 火箭信号,877,0.0803,0.0494,1.625,0.545,0.4244,0.1206,L2
震荡-全样本,六脉红灯大于5 + 二连板,83,0.0084,0.0041,2.055,0.6024,0.4244,0.178,L2
震荡-全样本,六脉红灯大于5 + 二次涨停,71,0.006,0.0043,1.395,0.507,0.4244,0.0826,L2
震荡-全样本,六脉红灯大于5 + 纳财,53,0.0034,0.0041,0.822,0.3774,0.4244,-0.0471,L2
震荡-全样本,六脉红灯大于5 + 极限抄底,479,0.0534,0.0199,2.678,0.6639,0.4244,0.2394,L2
震荡-全样本,六脉红灯大于5 + 中枢进机会区,3025,0.2026,0.2253,0.899,0.3987,0.4244,-0.0258,L2
震荡-全样本,六脉红灯大于5 + 中枢极限底,4078,0.2884,0.2924,0.986,0.421,0.4244,-0.0034,L2
震荡-全样本,六脉红灯大于5 + 中枢上穿中轴,2318,0.1758,0.1574,1.117,0.4517,0.4244,0.0272,L2
震荡-全样本,六脉红灯大于5 + 中枢底部蓄力,6071,0.4096,0.4498,0.911,0.4017,0.4244,-0.0227,L2
震荡-全样本,六脉红灯大于5 + 中枢底部回升,7098,0.4919,0.5163,0.953,0.4127,0.4244,-0.0118,L2
震荡-全样本,六脉红灯大于5 + 大盘多头,2942,0.1617,0.2451,0.66,0.3273,0.4244,-0.0971,L2
震荡-全样本,六脉红灯大于5 + 大盘空头,2912,0.2121,0.2042,1.039,0.4337,0.4244,0.0093,L2
震荡-全样本,六脉红灯大于5 + 大盘安全,5768,0.3697,0.4418,0.837,0.3816,0.4244,-0.0428,L2
震荡-全样本,六脉红灯大于5 + SID等于1,2942,0.1617,0.2451,0.66,0.3273,0.4244,-0.0971,L2
震荡-全样本,六脉红灯大于5 + SID等于2,8402,0.5726,0.6184,0.926,0.4057,0.4244,-0.0187,L2
震荡-全样本,六脉红灯大于5 + SID小于等于2,8402,0.5726,0.6184,0.926,0.4057,0.4244,-0.0187,L2
震荡-全样本,六脉红灯大于5 + 大盘5日上涨,6342,0.4059,0.4861,0.835,0.3811,0.4244,-0.0433,L2
震荡-全样本,六脉红灯大于5 + 相对强弱大于0,3696,0.2341,0.2851,0.821,0.3772,0.4244,-0.0473,L2
震荡-全样本,六脉红灯大于5 + 相对强弱大于5,1005,0.0715,0.0717,0.998,0.4239,0.4244,-0.0006,L2
震荡-全样本,六脉红灯大于5 + 量比>=1.3,2046,0.1859,0.1163,1.599,0.5411,0.4244,0.1166,L2
震荡-全样本,六脉红灯大于5 + 量比>=2,406,0.0346,0.0248,1.397,0.5074,0.4244,0.083,L2
震荡-全样本,六脉红灯大于5 + 距前高<=10%,821,0.0537,0.0621,0.866,0.3898,0.4244,-0.0347,L2
震荡-全样本,六脉红灯大于5 + 深跌(距前高>40%),511,0.0499,0.0265,1.882,0.5812,0.4244,0.1568,L2
震荡-全样本,六脉红灯大于5 + 距前低<=10%,5404,0.3445,0.4153,0.829,0.3795,0.4244,-0.0449,L2
震荡-全样本,六脉红灯大于5 + 相对强弱>=0,790,0.0499,0.0611,0.817,0.3759,0.4244,-0.0485,L2
震荡-全样本,六脉红灯大于5 + 相对强弱>=5,87,0.0062,0.0062,1.003,0.4253,0.4244,0.0009,L2
震荡-全样本,六脉红灯大于6 + 六脉6红首发,5403,0.3566,0.4062,0.878,0.3929,0.4244,-0.0315,L2
震荡-全样本,六脉红灯大于6 + 六脉5红首发,5403,0.3566,0.4062,0.878,0.3929,0.4244,-0.0315,L2
震荡-全样本,六脉红灯大于6 + 偏多共振,516,0.0287,0.0427,0.672,0.3314,0.4244,-0.093,L2
震荡-全样本,六脉红灯大于6 + 多头共振,513,0.0287,0.0424,0.678,0.3333,0.4244,-0.0911,L2
震荡-全样本,六脉红灯大于6 + 火箭信号,770,0.0677,0.0455,1.489,0.5234,0.4244,0.0989,L2
震荡-全样本,六脉红灯大于6 + 二连板,79,0.0077,0.0041,1.89,0.5823,0.4244,0.1578,L2
震荡-全样本,六脉红灯大于6 + 二次涨停,58,0.0049,0.0036,1.356,0.5,0.4244,0.0756,L2
震荡-全样本,六脉红灯大于6 + 纳财,50,0.0034,0.0037,0.904,0.4,0.4244,-0.0244,L2
震荡-全样本,六脉红灯大于6 + 极限抄底,118,0.0116,0.0061,1.91,0.5847,0.4244,0.1603,L2
震荡-全样本,六脉红灯大于6 + 中枢进机会区,2117,0.1394,0.1594,0.875,0.3921,0.4244,-0.0324,L2
震荡-全样本,六脉红灯大于6 + 中枢极限底,2461,0.1641,0.1838,0.893,0.397,0.4244,-0.0274,L2
震荡-全样本,六脉红灯大于6 + 中枢上穿中轴,2105,0.1585,0.1438,1.103,0.4485,0.4244,0.024,L2
震荡-全样本,六脉红灯大于6 + 中枢底部蓄力,3642,0.2366,0.2766,0.856,0.3869,0.4244,-0.0376,L2
震荡-全样本,六脉红灯大于6 + 中枢底部回升,4442,0.2983,0.3302,0.903,0.3998,0.4244,-0.0246,L2
震荡-全样本,六脉红灯大于6 + 大盘多头,2082,0.1171,0.1715,0.682,0.3348,0.4244,-0.0897,L2
震荡-全样本,六脉红灯大于6 + 大盘空头,1926,0.1372,0.1374,0.999,0.4242,0.4244,-0.0002,L2
震荡-全样本,六脉红灯大于6 + 大盘安全,4018,0.2533,0.3109,0.815,0.3753,0.4244,-0.0491,L2
震荡-全样本,六脉红灯大于6 + SID等于1,2082,0.1171,0.1715,0.682,0.3348,0.4244,-0.0897,L2
震荡-全样本,六脉红灯大于6 + SID等于2,5403,0.3566,0.4062,0.878,0.3929,0.4244,-0.0315,L2
震荡-全样本,六脉红灯大于6 + SID小于等于2,5403,0.3566,0.4062,0.878,0.3929,0.4244,-0.0315,L2
震荡-全样本,六脉红灯大于6 + 大盘5日上涨,4321,0.2729,0.3339,0.817,0.3761,0.4244,-0.0484,L2
震荡-全样本,六脉红灯大于6 + 相对强弱大于0,3162,0.2,0.2441,0.819,0.3767,0.4244,-0.0478,L2
震荡-全样本,六脉红灯大于6 + 相对强弱大于5,962,0.0679,0.0691,0.982,0.42,0.4244,-0.0045,L2
震荡-全样本,六脉红灯大于6 + 量比>=1.3,1300,0.1077,0.0816,1.319,0.4931,0.4244,0.0686,L2
震荡-全样本,六脉红灯大于6 + 量比>=2,309,0.0247,0.0201,1.231,0.4757,0.4244,0.0513,L2
震荡-全样本,六脉红灯大于6 + 距前高<=10%,684,0.0455,0.0512,0.89,0.3962,0.4244,-0.0282,L2
震荡-全样本,六脉红灯大于6 + 深跌(距前高>40%),167,0.0133,0.0109,1.217,0.4731,0.4244,0.0486,L2
震荡-全样本,六脉红灯大于6 + 距前低<=10%,3474,0.2222,0.2664,0.834,0.3808,0.4244,-0.0436,L2
震荡-全样本,六脉红灯大于6 + 相对强弱>=0,668,0.0425,0.0514,0.827,0.3787,0.4244,-0.0457,L2
震荡-全样本,六脉红灯大于6 + 相对强弱>=5,80,0.0057,0.0057,1.002,0.425,0.4244,0.0006,L2
震荡-全样本,六脉6红首发 + 六脉5红首发,5403,0.3566,0.4062,0.878,0.3929,0.4244,-0.0315,L2
震荡-全样本,六脉6红首发 + 偏多共振,516,0.0287,0.0427,0.672,0.3314,0.4244,-0.093,L2
震荡-全样本,六脉6红首发 + 多头共振,513,0.0287,0.0424,0.678,0.3333,0.4244,-0.0911,L2
震荡-全样本,六脉6红首发 + 火箭信号,770,0.0677,0.0455,1.489,0.5234,0.4244,0.0989,L2
震荡-全样本,六脉6红首发 + 二连板,79,0.0077,0.0041,1.89,0.5823,0.4244,0.1578,L2
震荡-全样本,六脉6红首发 + 二次涨停,58,0.0049,0.0036,1.356,0.5,0.4244,0.0756,L2
震荡-全样本,六脉6红首发 + 纳财,50,0.0034,0.0037,0.904,0.4,0.4244,-0.0244,L2
震荡-全样本,六脉6红首发 + 极限抄底,118,0.0116,0.0061,1.91,0.5847,0.4244,0.1603,L2
震荡-全样本,六脉6红首发 + 中枢进机会区,2117,0.1394,0.1594,0.875,0.3921,0.4244,-0.0324,L2
震荡-全样本,六脉6红首发 + 中枢极限底,2461,0.1641,0.1838,0.893,0.397,0.4244,-0.0274,L2
震荡-全样本,六脉6红首发 + 中枢上穿中轴,2105,0.1585,0.1438,1.103,0.4485,0.4244,0.024,L2
震荡-全样本,六脉6红首发 + 中枢底部蓄力,3642,0.2366,0.2766,0.856,0.3869,0.4244,-0.0376,L2
震荡-全样本,六脉6红首发 + 中枢底部回升,4442,0.2983,0.3302,0.903,0.3998,0.4244,-0.0246,L2
震荡-全样本,六脉6红首发 + 大盘多头,2082,0.1171,0.1715,0.682,0.3348,0.4244,-0.0897,L2
震荡-全样本,六脉6红首发 + 大盘空头,1926,0.1372,0.1374,0.999,0.4242,0.4244,-0.0002,L2
震荡-全样本,六脉6红首发 + 大盘安全,4018,0.2533,0.3109,0.815,0.3753,0.4244,-0.0491,L2
震荡-全样本,六脉6红首发 + SID等于1,2082,0.1171,0.1715,0.682,0.3348,0.4244,-0.0897,L2
震荡-全样本,六脉6红首发 + SID等于2,5403,0.3566,0.4062,0.878,0.3929,0.4244,-0.0315,L2
震荡-全样本,六脉6红首发 + SID小于等于2,5403,0.3566,0.4062,0.878,0.3929,0.4244,-0.0315,L2
震荡-全样本,六脉6红首发 + 大盘5日上涨,4321,0.2729,0.3339,0.817,0.3761,0.4244,-0.0484,L2
震荡-全样本,六脉6红首发 + 相对强弱大于0,3162,0.2,0.2441,0.819,0.3767,0.4244,-0.0478,L2
震荡-全样本,六脉6红首发 + 相对强弱大于5,962,0.0679,0.0691,0.982,0.42,0.4244,-0.0045,L2
震荡-全样本,六脉6红首发 + 量比>=1.3,1300,0.1077,0.0816,1.319,0.4931,0.4244,0.0686,L2
震荡-全样本,六脉6红首发 + 量比>=2,309,0.0247,0.0201,1.231,0.4757,0.4244,0.0513,L2
震荡-全样本,六脉6红首发 + 距前高<=10%,684,0.0455,0.0512,0.89,0.3962,0.4244,-0.0282,L2
震荡-全样本,六脉6红首发 + 深跌(距前高>40%),167,0.0133,0.0109,1.217,0.4731,0.4244,0.0486,L2
震荡-全样本,六脉6红首发 + 距前低<=10%,3474,0.2222,0.2664,0.834,0.3808,0.4244,-0.0436,L2
震荡-全样本,六脉6红首发 + 相对强弱>=0,668,0.0425,0.0514,0.827,0.3787,0.4244,-0.0457,L2
震荡-全样本,六脉6红首发 + 相对强弱>=5,80,0.0057,0.0057,1.002,0.425,0.4244,0.0006,L2
震荡-全样本,六脉5红首发 + 偏多共振,698,0.0396,0.0572,0.693,0.3381,0.4244,-0.0863,L2
震荡-全样本,六脉5红首发 + 多头共振,694,0.0396,0.0567,0.699,0.3401,0.4244,-0.0844,L2
震荡-全样本,六脉5红首发 + 火箭信号,877,0.0803,0.0494,1.625,0.545,0.4244,0.1206,L2
震荡-全样本,六脉5红首发 + 二连板,83,0.0084,0.0041,2.055,0.6024,0.4244,0.178,L2
震荡-全样本,六脉5红首发 + 二次涨停,71,0.006,0.0043,1.395,0.507,0.4244,0.0826,L2
震荡-全样本,六脉5红首发 + 纳财,53,0.0034,0.0041,0.822,0.3774,0.4244,-0.0471,L2
震荡-全样本,六脉5红首发 + 极限抄底,479,0.0534,0.0199,2.678,0.6639,0.4244,0.2394,L2
震荡-全样本,六脉5红首发 + 中枢进机会区,3025,0.2026,0.2253,0.899,0.3987,0.4244,-0.0258,L2
震荡-全样本,六脉5红首发 + 中枢极限底,4078,0.2884,0.2924,0.986,0.421,0.4244,-0.0034,L2
震荡-全样本,六脉5红首发 + 中枢上穿中轴,2318,0.1758,0.1574,1.117,0.4517,0.4244,0.0272,L2
震荡-全样本,六脉5红首发 + 中枢底部蓄力,6071,0.4096,0.4498,0.911,0.4017,0.4244,-0.0227,L2
震荡-全样本,六脉5红首发 + 中枢底部回升,7098,0.4919,0.5163,0.953,0.4127,0.4244,-0.0118,L2
震荡-全样本,六脉5红首发 + 大盘多头,2942,0.1617,0.2451,0.66,0.3273,0.4244,-0.0971,L2
震荡-全样本,六脉5红首发 + 大盘空头,2912,0.2121,0.2042,1.039,0.4337,0.4244,0.0093,L2
震荡-全样本,六脉5红首发 + 大盘安全,5768,0.3697,0.4418,0.837,0.3816,0.4244,-0.0428,L2
震荡-全样本,六脉5红首发 + SID等于1,2942,0.1617,0.2451,0.66,0.3273,0.4244,-0.0971,L2
震荡-全样本,六脉5红首发 + SID等于2,8402,0.5726,0.6184,0.926,0.4057,0.4244,-0.0187,L2
震荡-全样本,六脉5红首发 + SID小于等于2,8402,0.5726,0.6184,0.926,0.4057,0.4244,-0.0187,L2
震荡-全样本,六脉5红首发 + 大盘5日上涨,6342,0.4059,0.4861,0.835,0.3811,0.4244,-0.0433,L2
震荡-全样本,六脉5红首发 + 相对强弱大于0,3696,0.2341,0.2851,0.821,0.3772,0.4244,-0.0473,L2
震荡-全样本,六脉5红首发 + 相对强弱大于5,1005,0.0715,0.0717,0.998,0.4239,0.4244,-0.0006,L2
震荡-全样本,六脉5红首发 + 量比>=1.3,2046,0.1859,0.1163,1.599,0.5411,0.4244,0.1166,L2
震荡-全样本,六脉5红首发 + 量比>=2,406,0.0346,0.0248,1.397,0.5074,0.4244,0.083,L2
震荡-全样本,六脉5红首发 + 距前高<=10%,821,0.0537,0.0621,0.866,0.3898,0.4244,-0.0347,L2
震荡-全样本,六脉5红首发 + 深跌(距前高>40%),511,0.0499,0.0265,1.882,0.5812,0.4244,0.1568,L2
震荡-全样本,六脉5红首发 + 距前低<=10%,5404,0.3445,0.4153,0.829,0.3795,0.4244,-0.0449,L2
震荡-全样本,六脉5红首发 + 相对强弱>=0,790,0.0499,0.0611,0.817,0.3759,0.4244,-0.0485,L2
震荡-全样本,六脉5红首发 + 相对强弱>=5,87,0.0062,0.0062,1.003,0.4253,0.4244,0.0009,L2
震荡-全样本,偏多共振 + 多头共振,1680,0.113,0.1247,0.906,0.4006,0.4244,-0.0238,L2
震荡-全样本,偏多共振 + 火箭信号,164,0.0126,0.011,1.143,0.4573,0.4244,0.0329,L2
震荡-全样本,偏多共振 + 极限抄底,66,0.0092,0.0014,6.78,0.8333,0.4244,0.4089,L2
震荡-全样本,偏多共振 + 中枢进机会区,724,0.0663,0.0407,1.628,0.5456,0.4244,0.1211,L2
震荡-全样本,偏多共振 + 中枢极限底,432,0.0448,0.0204,2.194,0.6181,0.4244,0.1936,L2
震荡-全样本,偏多共振 + 中枢上穿中轴,576,0.0336,0.0466,0.721,0.3472,0.4244,-0.0772,L2
震荡-全样本,偏多共振 + 中枢底部蓄力,331,0.0257,0.022,1.166,0.4622,0.4244,0.0378,L2
震荡-全样本,偏多共振 + 中枢底部回升,812,0.0715,0.0478,1.497,0.5246,0.4244,0.1002,L2
震荡-全样本,偏多共振 + 大盘多头,786,0.0334,0.0727,0.46,0.2532,0.4244,-0.1713,L2
震荡-全样本,偏多共振 + 大盘空头,217,0.0109,0.0188,0.58,0.2995,0.4244,-0.1249,L2
震荡-全样本,偏多共振 + 大盘安全,982,0.0422,0.0905,0.466,0.2556,0.4244,-0.1688,L2
震荡-全样本,偏多共振 + SID等于1,786,0.0334,0.0727,0.46,0.2532,0.4244,-0.1713,L2
震荡-全样本,偏多共振 + SID等于2,1686,0.1132,0.1253,0.903,0.3998,0.4244,-0.0247,L2
震荡-全样本,偏多共振 + SID小于等于2,1686,0.1132,0.1253,0.903,0.3998,0.4244,-0.0247,L2
震荡-全样本,偏多共振 + 大盘5日上涨,899,0.04,0.0819,0.488,0.2647,0.4244,-0.1597,L2
震荡-全样本,偏多共振 + 相对强弱大于0,833,0.0522,0.0647,0.808,0.3733,0.4244,-0.0511,L2
震荡-全样本,偏多共振 + 相对强弱大于5,269,0.0186,0.0196,0.953,0.4126,0.4244,-0.0118,L2
震荡-全样本,偏多共振 + 量比>=1.3,223,0.0191,0.0135,1.418,0.5112,0.4244,0.0868,L2
震荡-全样本,偏多共振 + 量比>=2,55,0.0042,0.0037,1.13,0.4545,0.4244,0.0301,L2
震荡-全样本,偏多共振 + 距前高<=10%,254,0.0148,0.0206,0.719,0.3465,0.4244,-0.078,L2
震荡-全样本,偏多共振 + 距前低<=10%,473,0.0405,0.0287,1.409,0.5095,0.4244,0.0851,L2
震荡-全样本,偏多共振 + 相对强弱>=0,170,0.0118,0.0124,0.949,0.4118,0.4244,-0.0127,L2
震荡-全样本,多头共振 + 火箭信号,164,0.0126,0.011,1.143,0.4573,0.4244,0.0329,L2
震荡-全样本,多头共振 + 极限抄底,66,0.0092,0.0014,6.78,0.8333,0.4244,0.4089,L2
震荡-全样本,多头共振 + 中枢进机会区,723,0.0662,0.0407,1.624,0.545,0.4244,0.1205,L2
震荡-全样本,多头共振 + 中枢极限底,432,0.0448,0.0204,2.194,0.6181,0.4244,0.1936,L2
震荡-全样本,多头共振 + 中枢上穿中轴,574,0.0336,0.0463,0.725,0.3484,0.4244,-0.076,L2
震荡-全样本,多头共振 + 中枢底部蓄力,331,0.0257,0.022,1.166,0.4622,0.4244,0.0378,L2
震荡-全样本,多头共振 + 中枢底部回升,809,0.0714,0.0476,1.501,0.5253,0.4244,0.1009,L2
震荡-全样本,多头共振 + 大盘多头,785,0.0334,0.0726,0.461,0.2535,0.4244,-0.1709,L2
震荡-全样本,多头共振 + 大盘空头,217,0.0109,0.0188,0.58,0.2995,0.4244,-0.1249,L2
震荡-全样本,多头共振 + 大盘安全,979,0.0422,0.0902,0.468,0.2564,0.4244,-0.1681,L2
震荡-全样本,多头共振 + SID等于1,785,0.0334,0.0726,0.461,0.2535,0.4244,-0.1709,L2
震荡-全样本,多头共振 + SID等于2,1680,0.113,0.1247,0.906,0.4006,0.4244,-0.0238,L2
震荡-全样本,多头共振 + SID小于等于2,1680,0.113,0.1247,0.906,0.4006,0.4244,-0.0238,L2
震荡-全样本,多头共振 + 大盘5日上涨,894,0.04,0.0812,0.492,0.2662,0.4244,-0.1582,L2
震荡-全样本,多头共振 + 相对强弱大于0,830,0.0522,0.0643,0.813,0.3747,0.4244,-0.0497,L2
震荡-全样本,多头共振 + 相对强弱大于5,269,0.0186,0.0196,0.953,0.4126,0.4244,-0.0118,L2
震荡-全样本,多头共振 + 量比>=1.3,223,0.0191,0.0135,1.418,0.5112,0.4244,0.0868,L2
震荡-全样本,多头共振 + 量比>=2,55,0.0042,0.0037,1.13,0.4545,0.4244,0.0301,L2
震荡-全样本,多头共振 + 距前高<=10%,253,0.0148,0.0204,0.723,0.3478,0.4244,-0.0766,L2
震荡-全样本,多头共振 + 距前低<=10%,471,0.0405,0.0285,1.421,0.5117,0.4244,0.0872,L2
震荡-全样本,多头共振 + 相对强弱>=0,170,0.0118,0.0124,0.949,0.4118,0.4244,-0.0127,L2
震荡-全样本,火箭信号 + 二连板,84,0.0086,0.0041,2.096,0.6071,0.4244,0.1827,L2
震荡-全样本,火箭信号 + 二次涨停,106,0.0079,0.0073,1.08,0.4434,0.4244,0.019,L2
震荡-全样本,火箭信号 + 极限抄底,114,0.0133,0.0043,3.061,0.693,0.4244,0.2685,L2
震荡-全样本,火箭信号 + 中枢进机会区,400,0.0371,0.0222,1.674,0.5525,0.4244,0.1281,L2
震荡-全样本,火箭信号 + 中枢极限底,518,0.0526,0.0254,2.07,0.6042,0.4244,0.1798,L2
震荡-全样本,火箭信号 + 中枢上穿中轴,557,0.048,0.0336,1.431,0.5135,0.4244,0.089,L2
震荡-全样本,火箭信号 + 中枢底部蓄力,639,0.0613,0.0339,1.806,0.5712,0.4244,0.1468,L2
震荡-全样本,火箭信号 + 中枢底部回升,821,0.0796,0.043,1.852,0.5773,0.4244,0.1529,L2
震荡-全样本,火箭信号 + 大盘多头,227,0.0146,0.0173,0.843,0.3833,0.4244,-0.0412,L2
震荡-全样本,火箭信号 + 大盘空头,402,0.0383,0.0216,1.777,0.5672,0.4244,0.1427,L2
震荡-全样本,火箭信号 + 大盘安全,618,0.0531,0.0374,1.419,0.5113,0.4244,0.0869,L2
震荡-全样本,火箭信号 + SID等于1,227,0.0146,0.0173,0.843,0.3833,0.4244,-0.0412,L2
震荡-全样本,火箭信号 + SID等于2,971,0.089,0.0546,1.63,0.5458,0.4244,0.1214,L2
震荡-全样本,火箭信号 + SID小于等于2,971,0.089,0.0546,1.63,0.5458,0.4244,0.1214,L2
震荡-全样本,火箭信号 + 大盘5日上涨,621,0.0539,0.0372,1.451,0.5169,0.4244,0.0925,L2
震荡-全样本,火箭信号 + 相对强弱大于0,650,0.0531,0.0414,1.283,0.4862,0.4244,0.0617,L2
震荡-全样本,火箭信号 + 相对强弱大于5,429,0.0341,0.028,1.218,0.4732,0.4244,0.0488,L2
震荡-全样本,火箭信号 + 量比>=1.3,390,0.043,0.0166,2.591,0.6564,0.4244,0.232,L2
震荡-全样本,火箭信号 + 量比>=2,110,0.0111,0.0054,2.034,0.6,0.4244,0.1756,L2
震荡-全样本,火箭信号 + 深跌(距前高>40%),127,0.0139,0.0054,2.558,0.6535,0.4244,0.2291,L2
震荡-全样本,火箭信号 + 距前低<=10%,465,0.0438,0.0253,1.735,0.5613,0.4244,0.1369,L2
震荡-全样本,火箭信号 + 相对强弱>=0,113,0.0096,0.0069,1.38,0.5044,0.4244,0.08,L2
震荡-全样本,二连板 + 中枢上穿中轴,66,0.0062,0.0036,1.73,0.5606,0.4244,0.1362,L2
震荡-全样本,二连板 + 中枢底部蓄力,58,0.0059,0.0028,2.064,0.6034,0.4244,0.179,L2
震荡-全样本,二连板 + 中枢底部回升,76,0.0079,0.0036,2.198,0.6184,0.4244,0.194,L2
震荡-全样本,二连板 + 大盘安全,57,0.0064,0.0024,2.712,0.6667,0.4244,0.2422,L2
震荡-全样本,二连板 + SID等于2,84,0.0086,0.0041,2.096,0.6071,0.4244,0.1827,L2
震荡-全样本,二连板 + SID小于等于2,84,0.0086,0.0041,2.096,0.6071,0.4244,0.1827,L2
震荡-全样本,二连板 + 大盘5日上涨,57,0.0059,0.0027,2.157,0.614,0.4244,0.1896,L2
震荡-全样本,二连板 + 相对强弱大于0,65,0.006,0.0036,1.683,0.5538,0.4244,0.1294,L2
震荡-全样本,二次涨停 + 中枢底部回升,71,0.0059,0.0045,1.318,0.493,0.4244,0.0685,L2
震荡-全样本,二次涨停 + 大盘安全,65,0.0049,0.0045,1.092,0.4462,0.4244,0.0217,L2
震荡-全样本,二次涨停 + SID等于2,106,0.0079,0.0073,1.08,0.4434,0.4244,0.019,L2
震荡-全样本,二次涨停 + SID小于等于2,106,0.0079,0.0073,1.08,0.4434,0.4244,0.019,L2
震荡-全样本,二次涨停 + 大盘5日上涨,66,0.0047,0.0047,0.999,0.4242,0.4244,-0.0002,L2
震荡-全样本,二次涨停 + 相对强弱大于0,64,0.005,0.0042,1.197,0.4688,0.4244,0.0443,L2
震荡-全样本,纳财 + SID等于2,56,0.0034,0.0045,0.753,0.3571,0.4244,-0.0673,L2
震荡-全样本,纳财 + SID小于等于2,56,0.0034,0.0045,0.753,0.3571,0.4244,-0.0673,L2
震荡-全样本,极限抄底 + 中枢进机会区,349,0.0437,0.011,3.962,0.745,0.4244,0.3205,L2
震荡-全样本,极限抄底 + 中枢极限底,742,0.0919,0.0242,3.804,0.7372,0.4244,0.3128,L2
震荡-全样本,极限抄底 + 中枢底部蓄力,1045,0.1156,0.0442,2.613,0.6584,0.4244,0.2339,L2
震荡-全样本,极限抄底 + 中枢底部回升,1151,0.1313,0.0457,2.874,0.6794,0.4244,0.255,L2
震荡-全样本,极限抄底 + 大盘多头,116,0.0086,0.0081,1.064,0.4397,0.4244,0.0152,L2
震荡-全样本,极限抄底 + 大盘空头,346,0.0381,0.0147,2.587,0.6561,0.4244,0.2316,L2
震荡-全样本,极限抄底 + 大盘安全,429,0.0459,0.0193,2.373,0.6364,0.4244,0.2119,L2
震荡-全样本,极限抄底 + SID等于1,116,0.0086,0.0081,1.064,0.4397,0.4244,0.0152,L2
震荡-全样本,极限抄底 + SID等于2,1159,0.1322,0.0461,2.869,0.679,0.4244,0.2546,L2
震荡-全样本,极限抄底 + SID小于等于2,1159,0.1322,0.0461,2.869,0.679,0.4244,0.2546,L2
震荡-全样本,极限抄底 + 大盘5日上涨,443,0.0462,0.0208,2.22,0.6208,0.4244,0.1963,L2
震荡-全样本,极限抄底 + 相对强弱大于0,67,0.0066,0.0035,1.889,0.5821,0.4244,0.1577,L2
震荡-全样本,极限抄底 + 量比>=1.3,573,0.0768,0.0144,5.342,0.7976,0.4244,0.3731,L2
震荡-全样本,极限抄底 + 量比>=2,101,0.0123,0.0035,3.535,0.7228,0.4244,0.2983,L2
震荡-全样本,极限抄底 + 深跌(距前高>40%),290,0.0356,0.0097,3.686,0.731,0.4244,0.3066,L2
震荡-全样本,极限抄底 + 距前低<=10%,750,0.0794,0.0343,2.316,0.6307,0.4244,0.2062,L2
震荡-全样本,中枢进机会区 + 中枢极限底,3583,0.2981,0.2239,1.331,0.4954,0.4244,0.071,L2
震荡-全样本,中枢进机会区 + 中枢上穿中轴,1082,0.0912,0.0668,1.366,0.5018,0.4244,0.0774,L2
震荡-全样本,中枢进机会区 + 中枢底部蓄力,3872,0.2486,0.2963,0.839,0.3822,0.4244,-0.0422,L2
震荡-全样本,中枢进机会区 + 中枢底部回升,5686,0.4348,0.3836,1.134,0.4553,0.4244,0.0309,L2
震荡-全样本,中枢进机会区 + 大盘多头,1916,0.0994,0.164,0.606,0.309,0.4244,-0.1155,L2
震荡-全样本,中枢进机会区 + 大盘空头,1541,0.0925,0.1226,0.755,0.3576,0.4244,-0.0669,L2
震荡-全样本,中枢进机会区 + 大盘安全,3243,0.1809,0.2683,0.674,0.3321,0.4244,-0.0923,L2
震荡-全样本,中枢进机会区 + SID等于1,1916,0.0994,0.164,0.606,0.309,0.4244,-0.1155,L2
震荡-全样本,中枢进机会区 + SID等于2,5992,0.4552,0.4065,1.12,0.4523,0.4244,0.0278,L2
震荡-全样本,中枢进机会区 + SID小于等于2,5992,0.4552,0.4065,1.12,0.4523,0.4244,0.0278,L2
震荡-全样本,中枢进机会区 + 大盘5日上涨,3507,0.1987,0.2878,0.69,0.3373,0.4244,-0.0871,L2
震荡-全样本,中枢进机会区 + 相对强弱大于0,2164,0.1512,0.1566,0.966,0.4159,0.4244,-0.0085,L2
震荡-全样本,中枢进机会区 + 相对强弱大于5,486,0.0369,0.0329,1.122,0.4527,0.4244,0.0282,L2
震荡-全样本,中枢进机会区 + 量比>=1.3,1357,0.1352,0.0684,1.978,0.5932,0.4244,0.1688,L2
震荡-全样本,中枢进机会区 + 量比>=2,232,0.0203,0.0137,1.478,0.5216,0.4244,0.0971,L2
震荡-全样本,中枢进机会区 + 距前高<=10%,460,0.0306,0.0344,0.888,0.3957,0.4244,-0.0288,L2
震荡-全样本,中枢进机会区 + 深跌(距前高>40%),158,0.0128,0.0102,1.257,0.481,0.4244,0.0566,L2
震荡-全样本,中枢进机会区 + 距前低<=10%,3918,0.2719,0.2847,0.955,0.4132,0.4244,-0.0112,L2
震荡-全样本,中枢进机会区 + 相对强弱>=0,479,0.0338,0.0344,0.98,0.4196,0.4244,-0.0048,L2
震荡-全样本,中枢极限底 + 中枢上穿中轴,780,0.0643,0.0492,1.308,0.491,0.4244,0.0666,L2
震荡-全样本,中枢极限底 + 中枢底部蓄力,5958,0.4258,0.424,1.004,0.4255,0.4244,0.001,L2
震荡-全样本,中枢极限底 + 中枢底部回升,6926,0.543,0.4574,1.187,0.4668,0.4244,0.0424,L2
震荡-全样本,中枢极限底 + 大盘多头,1767,0.0902,0.1523,0.592,0.3039,0.4244,-0.1205,L2
震荡-全样本,中枢极限底 + 大盘空头,2150,0.1468,0.158,0.929,0.4065,0.4244,-0.0179,L2
震荡-全样本,中枢极限底 + 大盘安全,3715,0.2254,0.2939,0.767,0.3612,0.4244,-0.0632,L2
震荡-全样本,中枢极限底 + SID等于1,1767,0.0902,0.1523,0.592,0.3039,0.4244,-0.1205,L2
震荡-全样本,中枢极限底 + SID等于2,7043,0.5517,0.4654,1.185,0.4664,0.4244,0.042,L2
震荡-全样本,中枢极限底 + SID小于等于2,7043,0.5517,0.4654,1.185,0.4664,0.4244,0.042,L2
震荡-全样本,中枢极限底 + 大盘5日上涨,4263,0.262,0.3348,0.783,0.3659,0.4244,-0.0585,L2
震荡-全样本,中枢极限底 + 相对强弱大于0,1933,0.132,0.1421,0.929,0.4066,0.4244,-0.0178,L2
震荡-全样本,中枢极限底 + 相对强弱大于5,444,0.0331,0.0306,1.082,0.4437,0.4244,0.0193,L2
震荡-全样本,中枢极限底 + 量比>=1.3,1841,0.1972,0.0826,2.387,0.6377,0.4244,0.2133,L2
震荡-全样本,中枢极限底 + 量比>=2,284,0.0272,0.0151,1.801,0.5704,0.4244,0.146,L2
震荡-全样本,中枢极限底 + 距前高<=10%,279,0.019,0.0206,0.923,0.405,0.4244,-0.0194,L2
震荡-全样本,中枢极限底 + 深跌(距前高>40%),439,0.0472,0.0196,2.412,0.6401,0.4244,0.2157,L2
震荡-全样本,中枢极限底 + 距前低<=10%,4898,0.3379,0.3574,0.945,0.4108,0.4244,-0.0137,L2
震荡-全样本,中枢极限底 + 相对强弱>=0,364,0.0233,0.0279,0.838,0.3819,0.4244,-0.0426,L2
震荡-全样本,中枢上穿中轴 + 中枢底部蓄力,949,0.0726,0.064,1.133,0.4552,0.4244,0.0308,L2
震荡-全样本,中枢上穿中轴 + 中枢底部回升,1643,0.1323,0.1059,1.25,0.4796,0.4244,0.0552,L2
震荡-全样本,中枢上穿中轴 + 大盘多头,1061,0.0635,0.0846,0.751,0.3563,0.4244,-0.0682,L2
震荡-全样本,中枢上穿中轴 + 大盘空头,797,0.0606,0.054,1.123,0.4529,0.4244,0.0285,L2
震荡-全样本,中枢上穿中轴 + 大盘安全,1831,0.1234,0.1357,0.909,0.4014,0.4244,-0.023,L2
震荡-全样本,中枢上穿中轴 + SID等于1,1061,0.0635,0.0846,0.751,0.3563,0.4244,-0.0682,L2
震荡-全样本,中枢上穿中轴 + SID等于2,2593,0.1926,0.1791,1.076,0.4423,0.4244,0.0179,L2
震荡-全样本,中枢上穿中轴 + SID小于等于2,2593,0.1926,0.1791,1.076,0.4423,0.4244,0.0179,L2
震荡-全样本,中枢上穿中轴 + 大盘5日上涨,1842,0.125,0.136,0.919,0.4039,0.4244,-0.0205,L2
震荡-全样本,中枢上穿中轴 + 相对强弱大于0,1894,0.1365,0.1339,1.02,0.4293,0.4244,0.0048,L2
震荡-全样本,中枢上穿中轴 + 相对强弱大于5,748,0.0553,0.0519,1.065,0.4398,0.4244,0.0154,L2
震荡-全样本,中枢上穿中轴 + 量比>=1.3,731,0.0672,0.041,1.639,0.5472,0.4244,0.1228,L2
震荡-全样本,中枢上穿中轴 + 量比>=2,195,0.0161,0.0123,1.315,0.4923,0.4244,0.0679,L2
震荡-全样本,中枢上穿中轴 + 距前高<=10%,553,0.0391,0.0396,0.987,0.4213,0.4244,-0.0031,L2
震荡-全样本,中枢上穿中轴 + 距前低<=10%,1336,0.1036,0.0891,1.164,0.4618,0.4244,0.0374,L2
震荡-全样本,中枢上穿中轴 + 相对强弱>=0,427,0.0328,0.0287,1.14,0.4567,0.4244,0.0322,L2
震荡-全样本,中枢上穿中轴 + 相对强弱>=5,58,0.0045,0.0038,1.181,0.4655,0.4244,0.0411,L2
震荡-全样本,中枢底部蓄力 + 中枢底部回升,9492,0.655,0.6926,0.946,0.4109,0.4244,-0.0136,L2
震荡-全样本,中枢底部蓄力 + 大盘多头,2664,0.132,0.2326,0.568,0.295,0.4244,-0.1294,L2
震荡-全样本,中枢底部蓄力 + 大盘空头,3397,0.2271,0.2533,0.897,0.398,0.4244,-0.0264,L2
震荡-全样本,中枢底部蓄力 + 大盘安全,5643,0.3423,0.4465,0.767,0.3612,0.4244,-0.0633,L2
震荡-全样本,中枢底部蓄力 + SID等于1,2664,0.132,0.2326,0.568,0.295,0.4244,-0.1294,L2
震荡-全样本,中枢底部蓄力 + SID等于2,9578,0.6582,0.7009,0.939,0.4092,0.4244,-0.0153,L2
震荡-全样本,中枢底部蓄力 + SID小于等于2,9578,0.6582,0.7009,0.939,0.4092,0.4244,-0.0153,L2
震荡-全样本,中枢底部蓄力 + 大盘5日上涨,6373,0.3871,0.5038,0.768,0.3617,0.4244,-0.0628,L2
震荡-全样本,中枢底部蓄力 + 相对强弱大于0,2495,0.1503,0.1982,0.759,0.3587,0.4244,-0.0657,L2
震荡-全样本,中枢底部蓄力 + 相对强弱大于5,541,0.0375,0.0394,0.951,0.4122,0.4244,-0.0122,L2
震荡-全样本,中枢底部蓄力 + 量比>=1.3,2334,0.2316,0.1183,1.958,0.5908,0.4244,0.1664,L2
震荡-全样本,中枢底部蓄力 + 量比>=2,387,0.0358,0.0216,1.66,0.5504,0.4244,0.126,L2
震荡-全样本,中枢底部蓄力 + 距前高<=10%,326,0.0165,0.0282,0.583,0.3006,0.4244,-0.1238,L2
震荡-全样本,中枢底部蓄力 + 深跌(距前高>40%),741,0.0702,0.04,1.755,0.5641,0.4244,0.1397,L2
震荡-全样本,中枢底部蓄力 + 距前低<=10%,7102,0.441,0.5544,0.796,0.3698,0.4244,-0.0547,L2
震荡-全样本,中枢底部蓄力 + 相对强弱>=0,425,0.0227,0.0359,0.631,0.3176,0.4244,-0.1068,L2
震荡-全样本,中枢底部回升 + 大盘多头,3275,0.1715,0.2792,0.614,0.3118,0.4244,-0.1127,L2
震荡-全样本,中枢底部回升 + 大盘空头,3802,0.257,0.2814,0.913,0.4024,0.4244,-0.022,L2
震荡-全样本,中枢底部回升 + 大盘安全,6590,0.4081,0.5152,0.792,0.3687,0.4244,-0.0557,L2
震荡-全样本,中枢底部回升 + SID等于1,3275,0.1715,0.2792,0.614,0.3118,0.4244,-0.1127,L2
震荡-全样本,中枢底部回升 + SID等于2,11698,0.8661,0.8101,1.069,0.4408,0.4244,0.0164,L2
震荡-全样本,中枢底部回升 + SID小于等于2,11698,0.8661,0.8101,1.069,0.4408,0.4244,0.0164,L2
震荡-全样本,中枢底部回升 + 大盘5日上涨,7336,0.4553,0.5728,0.795,0.3695,0.4244,-0.0549,L2
震荡-全样本,中枢底部回升 + 相对强弱大于0,3450,0.2286,0.2587,0.883,0.3945,0.4244,-0.0299,L2
震荡-全样本,中枢底部回升 + 相对强弱大于5,800,0.0595,0.0552,1.076,0.4425,0.4244,0.0181,L2
震荡-全样本,中枢底部回升 + 量比>=1.3,2908,0.2951,0.1426,2.07,0.6042,0.4244,0.1798,L2
震荡-全样本,中枢底部回升 + 量比>=2,468,0.0432,0.0261,1.652,0.5491,0.4244,0.1247,L2
震荡-全样本,中枢底部回升 + 距前高<=10%,606,0.0373,0.0476,0.784,0.3663,0.4244,-0.0581,L2
震荡-全样本,中枢底部回升 + 深跌(距前高>40%),763,0.0721,0.0414,1.742,0.5623,0.4244,0.1378,L2
震荡-全样本,中枢底部回升 + 距前低<=10%,8223,0.548,0.6143,0.892,0.3968,0.4244,-0.0276,L2
震荡-全样本,中枢底部回升 + 相对强弱>=0,674,0.0415,0.0529,0.784,0.3665,0.4244,-0.058,L2
震荡-全样本,中枢底部回升 + 相对强弱>=5,55,0.0032,0.0045,0.716,0.3455,0.4244,-0.079,L2
震荡-全样本,大盘多头 + 大盘安全,4669,0.2462,0.3967,0.621,0.314,0.4244,-0.1105,L2
震荡-全样本,大盘多头 + SID等于1,4669,0.2462,0.3967,0.621,0.314,0.4244,-0.1105,L2
震荡-全样本,大盘多头 + SID等于2,4669,0.2462,0.3967,0.621,0.314,0.4244,-0.1105,L2
震荡-全样本,大盘多头 + SID小于等于2,4669,0.2462,0.3967,0.621,0.314,0.4244,-0.1105,L2
震荡-全样本,大盘多头 + 大盘5日上涨,4208,0.2224,0.3572,0.623,0.3146,0.4244,-0.1098,L2
震荡-全样本,大盘多头 + 相对强弱大于0,1533,0.0823,0.1292,0.637,0.3196,0.4244,-0.1048,L2
震荡-全样本,大盘多头 + 相对强弱大于5,302,0.0191,0.0233,0.822,0.3775,0.4244,-0.047,L2
震荡-全样本,大盘多头 + 量比>=1.3,561,0.0334,0.0448,0.745,0.3547,0.4244,-0.0697,L2
震荡-全样本,大盘多头 + 量比>=2,115,0.0062,0.0097,0.643,0.3217,0.4244,-0.1027,L2
震荡-全样本,大盘多头 + 距前高<=10%,623,0.0356,0.0509,0.699,0.3403,0.4244,-0.0841,L2
震荡-全样本,大盘多头 + 深跌(距前高>40%),94,0.0066,0.0068,0.962,0.4149,0.4244,-0.0095,L2
震荡-全样本,大盘多头 + 距前低<=10%,2481,0.1219,0.2174,0.561,0.2926,0.4244,-0.1318,L2
震荡-全样本,大盘多头 + 相对强弱>=0,230,0.0126,0.0192,0.656,0.3261,0.4244,-0.0983,L2
震荡-全样本,大盘空头 + 大盘安全,3283,0.2425,0.2278,1.065,0.4398,0.4244,0.0154,L2
震荡-全样本,大盘空头 + SID等于2,4138,0.2776,0.3078,0.902,0.3995,0.4244,-0.025,L2
震荡-全样本,大盘空头 + SID小于等于2,4138,0.2776,0.3078,0.902,0.3995,0.4244,-0.025,L2
震荡-全样本,大盘空头 + 大盘5日上涨,3382,0.2487,0.2354,1.056,0.4379,0.4244,0.0135,L2
震荡-全样本,大盘空头 + 相对强弱大于0,1457,0.0848,0.1179,0.719,0.3466,0.4244,-0.0778,L2
震荡-全样本,大盘空头 + 相对强弱大于5,335,0.0202,0.0266,0.757,0.3582,0.4244,-0.0662,L2
震荡-全样本,大盘空头 + 量比>=1.3,983,0.0865,0.058,1.492,0.5239,0.4244,0.0995,L2
震荡-全样本,大盘空头 + 量比>=2,126,0.0109,0.0076,1.445,0.5159,0.4244,0.0914,L2
震荡-全样本,大盘空头 + 距前高<=10%,293,0.0185,0.0227,0.815,0.3754,0.4244,-0.049,L2
震荡-全样本,大盘空头 + 深跌(距前高>40%),460,0.0497,0.0203,2.448,0.6435,0.4244,0.219,L2
震荡-全样本,大盘空头 + 距前低<=10%,3232,0.2064,0.2481,0.832,0.3803,0.4244,-0.0442,L2
震荡-全样本,大盘空头 + 相对强弱>=0,338,0.019,0.0279,0.681,0.3343,0.4244,-0.0901,L2
震荡-全样本,大盘安全 + SID等于1,4669,0.2462,0.3967,0.621,0.314,0.4244,-0.1105,L2
震荡-全样本,大盘安全 + SID等于2,8355,0.5066,0.6613,0.766,0.361,0.4244,-0.0635,L2
震荡-全样本,大盘安全 + SID小于等于2,8355,0.5066,0.6613,0.766,0.361,0.4244,-0.0635,L2
震荡-全样本,大盘安全 + 大盘5日上涨,7890,0.4827,0.6213,0.777,0.3643,0.4244,-0.0602,L2
震荡-全样本,大盘安全 + 相对强弱大于0,2710,0.1552,0.2212,0.702,0.341,0.4244,-0.0835,L2
震荡-全样本,大盘安全 + 相对强弱大于5,544,0.0358,0.041,0.873,0.3915,0.4244,-0.0329,L2
震荡-全样本,大盘安全 + 量比>=1.3,1466,0.1184,0.0943,1.256,0.4809,0.4244,0.0565,L2
震荡-全样本,大盘安全 + 量比>=2,246,0.0183,0.017,1.079,0.4431,0.4244,0.0187,L2
震荡-全样本,大盘安全 + 距前高<=10%,887,0.0516,0.0718,0.718,0.3461,0.4244,-0.0783,L2
震荡-全样本,大盘安全 + 深跌(距前高>40%),525,0.0554,0.0242,2.295,0.6286,0.4244,0.2041,L2
震荡-全样本,大盘安全 + 距前低<=10%,5324,0.3136,0.4282,0.732,0.3507,0.4244,-0.0738,L2
震荡-全样本,大盘安全 + 相对强弱>=0,449,0.027,0.0357,0.758,0.3586,0.4244,-0.0659,L2
震荡-全样本,SID等于1 + SID等于2,4669,0.2462,0.3967,0.621,0.314,0.4244,-0.1105,L2
震荡-全样本,SID等于1 + SID小于等于2,4669,0.2462,0.3967,0.621,0.314,0.4244,-0.1105,L2
震荡-全样本,SID等于1 + 大盘5日上涨,4208,0.2224,0.3572,0.623,0.3146,0.4244,-0.1098,L2
震荡-全样本,SID等于1 + 相对强弱大于0,1533,0.0823,0.1292,0.637,0.3196,0.4244,-0.1048,L2
震荡-全样本,SID等于1 + 相对强弱大于5,302,0.0191,0.0233,0.822,0.3775,0.4244,-0.047,L2
震荡-全样本,SID等于1 + 量比>=1.3,561,0.0334,0.0448,0.745,0.3547,0.4244,-0.0697,L2
震荡-全样本,SID等于1 + 量比>=2,115,0.0062,0.0097,0.643,0.3217,0.4244,-0.1027,L2
震荡-全样本,SID等于1 + 距前高<=10%,623,0.0356,0.0509,0.699,0.3403,0.4244,-0.0841,L2
震荡-全样本,SID等于1 + 深跌(距前高>40%),94,0.0066,0.0068,0.962,0.4149,0.4244,-0.0095,L2
震荡-全样本,SID等于1 + 距前低<=10%,2481,0.1219,0.2174,0.561,0.2926,0.4244,-0.1318,L2
震荡-全样本,SID等于1 + 相对强弱>=0,230,0.0126,0.0192,0.656,0.3261,0.4244,-0.0983,L2
震荡-全样本,SID等于2 + SID小于等于2,14028,1.0,1.0,1.0,0.4244,0.4244,0.0,L2
震荡-全样本,SID等于2 + 大盘5日上涨,9041,0.5494,0.7146,0.769,0.3618,0.4244,-0.0626,L2
震荡-全样本,SID等于2 + 相对强弱大于0,4700,0.3027,0.3589,0.843,0.3834,0.4244,-0.041,L2
震荡-全样本,SID等于2 + 相对强弱大于5,1119,0.0803,0.0794,1.011,0.4272,0.4244,0.0027,L2
震荡-全样本,SID等于2 + 量比>=1.3,3243,0.3178,0.1673,1.899,0.5834,0.4244,0.159,L2
震荡-全样本,SID等于2 + 量比>=2,551,0.0492,0.032,1.54,0.5318,0.4244,0.1073,L2
震荡-全样本,SID等于2 + 距前高<=10%,1195,0.0749,0.0928,0.807,0.3732,0.4244,-0.0512,L2
震荡-全样本,SID等于2 + 深跌(距前高>40%),776,0.0727,0.0425,1.712,0.558,0.4244,0.1336,L2
震荡-全样本,SID等于2 + 距前低<=10%,8795,0.5882,0.6556,0.897,0.3982,0.4244,-0.0263,L2
震荡-全样本,SID等于2 + 相对强弱>=0,1001,0.0648,0.0762,0.851,0.3856,0.4244,-0.0388,L2
震荡-全样本,SID等于2 + 相对强弱>=5,99,0.0069,0.0072,0.959,0.4141,0.4244,-0.0103,L2
震荡-全样本,SID小于等于2 + 大盘5日上涨,9041,0.5494,0.7146,0.769,0.3618,0.4244,-0.0626,L2
震荡-全样本,SID小于等于2 + 相对强弱大于0,4700,0.3027,0.3589,0.843,0.3834,0.4244,-0.041,L2
震荡-全样本,SID小于等于2 + 相对强弱大于5,1119,0.0803,0.0794,1.011,0.4272,0.4244,0.0027,L2
震荡-全样本,SID小于等于2 + 量比>=1.3,3243,0.3178,0.1673,1.899,0.5834,0.4244,0.159,L2
震荡-全样本,SID小于等于2 + 量比>=2,551,0.0492,0.032,1.54,0.5318,0.4244,0.1073,L2
震荡-全样本,SID小于等于2 + 距前高<=10%,1195,0.0749,0.0928,0.807,0.3732,0.4244,-0.0512,L2
震荡-全样本,SID小于等于2 + 深跌(距前高>40%),776,0.0727,0.0425,1.712,0.558,0.4244,0.1336,L2
震荡-全样本,SID小于等于2 + 距前低<=10%,8795,0.5882,0.6556,0.897,0.3982,0.4244,-0.0263,L2
震荡-全样本,SID小于等于2 + 相对强弱>=0,1001,0.0648,0.0762,0.851,0.3856,0.4244,-0.0388,L2
震荡-全样本,SID小于等于2 + 相对强弱>=5,99,0.0069,0.0072,0.959,0.4141,0.4244,-0.0103,L2
震荡-全样本,大盘5日上涨 + 相对强弱大于0,2887,0.1668,0.2346,0.711,0.344,0.4244,-0.0805,L2
震荡-全样本,大盘5日上涨 + 相对强弱大于5,569,0.0383,0.0422,0.907,0.4007,0.4244,-0.0237,L2
震荡-全样本,大盘5日上涨 + 量比>=1.3,1544,0.124,0.0998,1.242,0.478,0.4244,0.0535,L2
震荡-全样本,大盘5日上涨 + 量比>=2,249,0.018,0.0176,1.022,0.4297,0.4244,0.0053,L2
震荡-全样本,大盘5日上涨 + 距前高<=10%,933,0.0554,0.0747,0.742,0.3537,0.4244,-0.0707,L2
震荡-全样本,大盘5日上涨 + 深跌(距前高>40%),536,0.0554,0.0255,2.172,0.6157,0.4244,0.1912,L2
震荡-全样本,大盘5日上涨 + 距前低<=10%,5924,0.352,0.4741,0.743,0.3538,0.4244,-0.0706,L2
震荡-全样本,大盘5日上涨 + 相对强弱>=0,487,0.0284,0.0394,0.721,0.347,0.4244,-0.0774,L2
震荡-全样本,相对强弱大于0 + 相对强弱大于5,1119,0.0803,0.0794,1.011,0.4272,0.4244,0.0027,L2
震荡-全样本,相对强弱大于0 + 量比>=1.3,1134,0.0883,0.0753,1.173,0.4638,0.4244,0.0394,L2
震荡-全样本,相对强弱大于0 + 量比>=2,289,0.0235,0.0185,1.274,0.4844,0.4244,0.06,L2
震荡-全样本,相对强弱大于0 + 距前高<=10%,705,0.045,0.0541,0.832,0.3801,0.4244,-0.0443,L2
震荡-全样本,相对强弱大于0 + 深跌(距前高>40%),73,0.0042,0.0059,0.706,0.3425,0.4244,-0.082,L2
震荡-全样本,相对强弱大于0 + 距前低<=10%,2861,0.1861,0.2171,0.857,0.3873,0.4244,-0.0372,L2
震荡-全样本,相对强弱大于0 + 相对强弱>=0,1001,0.0648,0.0762,0.851,0.3856,0.4244,-0.0388,L2
震荡-全样本,相对强弱大于0 + 相对强弱>=5,99,0.0069,0.0072,0.959,0.4141,0.4244,-0.0103,L2
震荡-全样本,相对强弱大于5 + 量比>=1.3,384,0.0316,0.0243,1.301,0.4896,0.4244,0.0651,L2
震荡-全样本,相对强弱大于5 + 量比>=2,147,0.0129,0.0087,1.492,0.5238,0.4244,0.0994,L2
震荡-全样本,相对强弱大于5 + 距前高<=10%,130,0.0091,0.0094,0.964,0.4154,0.4244,-0.0091,L2
震荡-全样本,相对强弱大于5 + 距前低<=10%,590,0.0428,0.0415,1.032,0.4322,0.4244,0.0078,L2
震荡-全样本,相对强弱大于5 + 相对强弱>=0,375,0.026,0.0272,0.955,0.4133,0.4244,-0.0111,L2
震荡-全样本,相对强弱大于5 + 相对强弱>=5,99,0.0069,0.0072,0.959,0.4141,0.4244,-0.0103,L2
震荡-全样本,量比>=1.3 + 量比>=2,551,0.0492,0.032,1.54,0.5318,0.4244,0.1073,L2
震荡-全样本,量比>=1.3 + 距前高<=10%,229,0.0173,0.0156,1.109,0.4498,0.4244,0.0253,L2
震荡-全样本,量比>=1.3 + 深跌(距前高>40%),303,0.0376,0.0098,3.845,0.7393,0.4244,0.3148,L2
震荡-全样本,量比>=1.3 + 距前低<=10%,1841,0.1607,0.1095,1.468,0.5198,0.4244,0.0954,L2
震荡-全样本,量比>=1.3 + 相对强弱>=0,381,0.0282,0.0264,1.07,0.4409,0.4244,0.0165,L2
震荡-全样本,量比>=1.3 + 相对强弱>=5,62,0.0045,0.0043,1.046,0.4355,0.4244,0.011,L2
震荡-全样本,量比>=2 + 距前高<=10%,57,0.0045,0.0037,1.22,0.4737,0.4244,0.0492,L2
震荡-全样本,量比>=2 + 距前低<=10%,272,0.0227,0.017,1.336,0.4963,0.4244,0.0719,L2
震荡-全样本,量比>=2 + 相对强弱>=0,150,0.0114,0.0102,1.125,0.4533,0.4244,0.0289,L2
震荡-全样本,距前高<=10% + 距前低<=10%,655,0.0425,0.0498,0.853,0.3863,0.4244,-0.0382,L2
震荡-全样本,距前高<=10% + 相对强弱>=0,268,0.0183,0.0197,0.93,0.4067,0.4244,-0.0177,L2
震荡-全样本,深跌(距前高>40%) + 距前低<=10%,409,0.0344,0.0253,1.363,0.5012,0.4244,0.0768,L2
震荡-全样本,距前低<=10% + 相对强弱>=0,615,0.0393,0.0472,0.833,0.3805,0.4244,-0.0439,L2
震荡-全样本,相对强弱>=0 + 相对强弱>=5,99,0.0069,0.0072,0.959,0.4141,0.4244,-0.0103,L2
震荡-全样本,极限抄底 + 量比>=1.3 + 深跌(距前高>40%),157,0.0215,0.0036,5.985,0.8153,0.4244,0.3908,L3
震荡-全样本,极限抄底 + 量比>=1.3 + 火箭信号,67,0.0079,0.0025,3.187,0.7015,0.4244,0.2771,L3
震荡-全样本,极限抄底 + 量比>=1.3 + 量能金叉,217,0.0299,0.0048,6.189,0.8203,0.4244,0.3958,L3
震荡-全样本,极限抄底 + 量比>=1.3 + 量比>=2,101,0.0123,0.0035,3.535,0.7228,0.4244,0.2983,L3
震荡-全样本,极限抄底 + 量比>=1.3 + 量比大于2,345,0.0474,0.0078,6.07,0.8174,0.4244,0.393,L3
震荡-全样本,极限抄底 + 量比>=1.3 + 量能递增,457,0.0618,0.011,5.607,0.8053,0.4244,0.3808,L3
震荡-全样本,极限抄底 + 量比>=1.3 + 价涨量增,475,0.0638,0.0118,5.424,0.8,0.4244,0.3756,L3
震荡-全样本,极限抄底 + 量比>=1.3 + 中枢极限底,380,0.0532,0.0078,6.823,0.8342,0.4244,0.4098,L3
震荡-全样本,极限抄底 + 量比>=1.3 + 放量,530,0.071,0.0133,5.361,0.7981,0.4244,0.3737,L3
震荡-全样本,极限抄底 + 量比>=1.3 + KDJ低位金叉,514,0.07,0.012,5.83,0.8113,0.4244,0.3868,L3
震荡-全样本,极限抄底 + 量比>=1.3 + 量比大于1_3,573,0.0768,0.0144,5.342,0.7976,0.4244,0.3731,L3
震荡-全样本,极限抄底 + 量比>=1.3 + 中枢进机会区,168,0.0222,0.0045,4.972,0.7857,0.4244,0.3613,L3
震荡-全样本,极限抄底 + 量比>=1.3 + BOLL触下轨反弹,369,0.0479,0.0104,4.601,0.7724,0.4244,0.3479,L3
震荡-全样本,极限抄底 + 量比>=1.3 + RSI6超卖,573,0.0768,0.0144,5.342,0.7976,0.4244,0.3731,L3
震荡-全样本,极限抄底 + 深跌(距前高>40%) + 火箭信号,58,0.0064,0.0025,2.577,0.6552,0.4244,0.2307,L3
震荡-全样本,极限抄底 + 深跌(距前高>40%) + 量能金叉,97,0.0138,0.0019,7.413,0.8454,0.4244,0.4209,L3
震荡-全样本,极限抄底 + 深跌(距前高>40%) + 量比大于2,110,0.0138,0.0035,3.971,0.7455,0.4244,0.321,L3
震荡-全样本,极限抄底 + 深跌(距前高>40%) + 量能递增,231,0.0304,0.0062,4.909,0.7835,0.4244,0.3591,L3
震荡-全样本,极限抄底 + 深跌(距前高>40%) + 价涨量增,227,0.0297,0.0062,4.8,0.7797,0.4244,0.3553,L3
震荡-全样本,极限抄底 + 深跌(距前高>40%) + 中枢极限底,186,0.0252,0.0045,5.65,0.8065,0.4244,0.382,L3
震荡-全样本,极限抄底 + 深跌(距前高>40%) + 放量,243,0.0316,0.0068,4.635,0.7737,0.4244,0.3492,L3
震荡-全样本,极限抄底 + 深跌(距前高>40%) + KDJ低位金叉,260,0.0329,0.0079,4.153,0.7538,0.4244,0.3294,L3
震荡-全样本,极限抄底 + 深跌(距前高>40%) + 量比大于1_3,244,0.0319,0.0067,4.771,0.7787,0.4244,0.3543,L3
震荡-全样本,极限抄底 + 深跌(距前高>40%) + BOLL触下轨反弹,215,0.0269,0.0068,3.945,0.7442,0.4244,0.3197,L3
震荡-全样本,极限抄底 + 深跌(距前高>40%) + RSI6超卖,290,0.0356,0.0097,3.686,0.731,0.4244,0.3066,L3
震荡-全样本,极限抄底 + 火箭信号 + 量比大于2,55,0.006,0.0024,2.569,0.6545,0.4244,0.2301,L3
震荡-全样本,极限抄底 + 火箭信号 + 量能递增,102,0.0121,0.0037,3.255,0.7059,0.4244,0.2814,L3
震荡-全样本,极限抄底 + 火箭信号 + 价涨量增,98,0.0119,0.0033,3.566,0.7245,0.4244,0.3001,L3
震荡-全样本,极限抄底 + 火箭信号 + 中枢极限底,91,0.0109,0.0032,3.39,0.7143,0.4244,0.2898,L3
震荡-全样本,极限抄底 + 火箭信号 + 放量,109,0.0128,0.0041,3.123,0.6972,0.4244,0.2728,L3
震荡-全样本,极限抄底 + 火箭信号 + KDJ低位金叉,97,0.0114,0.0036,3.18,0.701,0.4244,0.2766,L3
震荡-全样本,极限抄底 + 火箭信号 + 量比大于1_3,107,0.0124,0.0041,3.041,0.6916,0.4244,0.2672,L3
震荡-全样本,极限抄底 + 火箭信号 + BOLL触下轨反弹,78,0.0087,0.0032,2.712,0.6667,0.4244,0.2422,L3
震荡-全样本,极限抄底 + 火箭信号 + RSI6超卖,114,0.0133,0.0043,3.061,0.693,0.4244,0.2685,L3
震荡-全样本,极限抄底 + 量能金叉 + 量比>=2,53,0.0067,0.0016,4.173,0.7547,0.4244,0.3303,L3
震荡-全样本,极限抄底 + 量能金叉 + 量比大于2,217,0.028,0.0062,4.529,0.7696,0.4244,0.3451,L3
震荡-全样本,极限抄底 + 量能金叉 + 量能递增,295,0.0386,0.0081,4.798,0.7797,0.4244,0.3552,L3
震荡-全样本,极限抄底 + 量能金叉 + 价涨量增,281,0.0369,0.0076,4.891,0.7829,0.4244,0.3585,L3
震荡-全样本,极限抄底 + 量能金叉 + 中枢极限底,232,0.0321,0.0051,6.317,0.8233,0.4244,0.3988,L3
震荡-全样本,极限抄底 + 量能金叉 + 放量,327,0.0428,0.0089,4.803,0.7798,0.4244,0.3554,L3
震荡-全样本,极限抄底 + 量能金叉 + KDJ低位金叉,275,0.0369,0.0068,5.424,0.8,0.4244,0.3756,L3
震荡-全样本,极限抄底 + 量能金叉 + 量比大于1_3,332,0.044,0.0087,5.076,0.7892,0.4244,0.3647,L3
震荡-全样本,极限抄底 + 量能金叉 + 中枢进机会区,124,0.0175,0.0025,7.052,0.8387,0.4244,0.4143,L3
震荡-全样本,极限抄底 + 量能金叉 + BOLL触下轨反弹,179,0.0223,0.0057,3.921,0.743,0.4244,0.3186,L3
震荡-全样本,极限抄底 + 量能金叉 + RSI6超卖,337,0.0445,0.0089,4.991,0.7864,0.4244,0.3619,L3
震荡-全样本,极限抄底 + 量比>=2 + 量比大于2,101,0.0123,0.0035,3.535,0.7228,0.4244,0.2983,L3
震荡-全样本,极限抄底 + 量比>=2 + 量能递增,87,0.0113,0.0025,4.543,0.7701,0.4244,0.3457,L3
震荡-全样本,极限抄底 + 量比>=2 + 价涨量增,95,0.0118,0.0031,3.797,0.7368,0.4244,0.3124,L3
震荡-全样本,极限抄底 + 量比>=2 + 中枢极限底,53,0.0072,0.0012,5.831,0.8113,0.4244,0.3869,L3
震荡-全样本,极限抄底 + 量比>=2 + 放量,100,0.0123,0.0033,3.666,0.73,0.4244,0.3056,L3
震荡-全样本,极限抄底 + 量比>=2 + KDJ低位金叉,81,0.0104,0.0024,4.425,0.7654,0.4244,0.341,L3
震荡-全样本,极限抄底 + 量比>=2 + 量比大于1_3,101,0.0123,0.0035,3.535,0.7228,0.4244,0.2983,L3
震荡-全样本,极限抄底 + 量比>=2 + BOLL触下轨反弹,62,0.0076,0.0021,3.59,0.7258,0.4244,0.3014,L3
震荡-全样本,极限抄底 + 量比>=2 + RSI6超卖,101,0.0123,0.0035,3.535,0.7228,0.4244,0.2983,L3
震荡-全样本,极限抄底 + 量比大于2 + 量能递增,394,0.0514,0.0109,4.715,0.7766,0.4244,0.3522,L3
震荡-全样本,极限抄底 + 量比大于2 + 价涨量增,401,0.0517,0.0115,4.491,0.7681,0.4244,0.3436,L3
震荡-全样本,极限抄底 + 量比大于2 + 中枢极限底,299,0.0405,0.0072,5.635,0.806,0.4244,0.3816,L3
震荡-全样本,极限抄底 + 量比大于2 + 放量,455,0.0583,0.0134,4.357,0.7626,0.4244,0.3382,L3
震荡-全样本,极限抄底 + 量比大于2 + KDJ低位金叉,391,0.0514,0.0105,4.882,0.7826,0.4244,0.3582,L3
震荡-全样本,极限抄底 + 量比大于2 + 量比大于1_3,469,0.06,0.0139,4.322,0.7612,0.4244,0.3368,L3
震荡-全样本,极限抄底 + 量比大于2 + 中枢进机会区,148,0.0195,0.004,4.916,0.7838,0.4244,0.3593,L3
震荡-全样本,极限抄底 + 量比大于2 + BOLL触下轨反弹,268,0.0319,0.0097,3.303,0.709,0.4244,0.2845,L3
震荡-全样本,极限抄底 + 量比大于2 + RSI6超卖,469,0.06,0.0139,4.322,0.7612,0.4244,0.3368,L3
震荡-全样本,极限抄底 + 量能递增 + 价涨量增,648,0.0828,0.0192,4.313,0.7608,0.4244,0.3364,L3
震荡-全样本,极限抄底 + 量能递增 + 中枢极限底,530,0.0679,0.0156,4.348,0.7623,0.4244,0.3378,L3
震荡-全样本,极限抄底 + 量能递增 + 放量,758,0.0942,0.0244,3.862,0.7401,0.4244,0.3157,L3
震荡-全样本,极限抄底 + 量能递增 + KDJ低位金叉,634,0.0801,0.0194,4.12,0.7524,0.4244,0.3279,L3
震荡-全样本,极限抄底 + 量能递增 + 量比大于1_3,706,0.0888,0.0219,4.053,0.7493,0.4244,0.3249,L3
震荡-全样本,极限抄底 + 量能递增 + 中枢进机会区,231,0.0306,0.0061,5.037,0.7879,0.4244,0.3634,L3
震荡-全样本,极限抄底 + 量能递增 + BOLL触下轨反弹,468,0.0554,0.0171,3.243,0.7051,0.4244,0.2807,L3
震荡-全样本,极限抄底 + 量能递增 + RSI6超卖,782,0.0962,0.0259,3.718,0.7327,0.4244,0.3083,L3
震荡-全样本,极限抄底 + 价涨量增 + 中枢极限底,488,0.0643,0.013,4.946,0.7848,0.4244,0.3604,L3
震荡-全样本,极限抄底 + 价涨量增 + 放量,741,0.0925,0.0235,3.933,0.7436,0.4244,0.3192,L3
震荡-全样本,极限抄底 + 价涨量增 + KDJ低位金叉,632,0.0811,0.0185,4.396,0.7642,0.4244,0.3398,L3
震荡-全样本,极限抄底 + 价涨量增 + 量比大于1_3,706,0.0888,0.0219,4.053,0.7493,0.4244,0.3249,L3
震荡-全样本,极限抄底 + 价涨量增 + 中枢进机会区,211,0.028,0.0054,5.147,0.7915,0.4244,0.367,L3
震荡-全样本,极限抄底 + 价涨量增 + BOLL触下轨反弹,469,0.0574,0.0157,3.652,0.7292,0.4244,0.3048,L3
震荡-全样本,极限抄底 + 价涨量增 + RSI6超卖,741,0.0925,0.0235,3.933,0.7436,0.4244,0.3192,L3
震荡-全样本,极限抄底 + 中枢极限底 + 放量,616,0.0796,0.0176,4.527,0.7695,0.4244,0.345,L3
震荡-全样本,极限抄底 + 中枢极限底 + KDJ低位金叉,600,0.0768,0.0177,4.334,0.7617,0.4244,0.3372,L3
震荡-全样本,极限抄底 + 中枢极限底 + 量比大于1_3,627,0.081,0.018,4.508,0.7687,0.4244,0.3443,L3
震荡-全样本,极限抄底 + 中枢极限底 + 中枢进机会区,288,0.0381,0.0076,5.046,0.7882,0.4244,0.3638,L3
震荡-全样本,极限抄底 + 中枢极限底 + BOLL触下轨反弹,445,0.0524,0.0165,3.181,0.7011,0.4244,0.2767,L3
震荡-全样本,极限抄底 + 中枢极限底 + RSI6超卖,742,0.0919,0.0242,3.804,0.7372,0.4244,0.3128,L3
震荡-全样本,极限抄底 + 放量 + KDJ低位金叉,753,0.0947,0.0234,4.047,0.749,0.4244,0.3246,L3
震荡-全样本,极限抄底 + 放量 + 量比大于1_3,856,0.1065,0.0275,3.873,0.7407,0.4244,0.3162,L3
震荡-全样本,极限抄底 + 放量 + 中枢进机会区,293,0.0393,0.0073,5.378,0.7986,0.4244,0.3742,L3
震荡-全样本,极限抄底 + 放量 + BOLL触下轨反弹,553,0.0652,0.0204,3.189,0.7016,0.4244,0.2772,L3
震荡-全样本,极限抄底 + 放量 + RSI6超卖,919,0.1127,0.0307,3.669,0.7301,0.4244,0.3057,L3
震荡-全样本,极限抄底 + KDJ低位金叉 + 量比大于1_3,798,0.1006,0.0246,4.082,0.7506,0.4244,0.3262,L3
震荡-全样本,极限抄底 + KDJ低位金叉 + 中枢进机会区,244,0.0314,0.0071,4.449,0.7664,0.4244,0.342,L3
震荡-全样本,极限抄底 + KDJ低位金叉 + BOLL触下轨反弹,629,0.0704,0.026,2.706,0.6661,0.4244,0.2417,L3
震荡-全样本,极限抄底 + KDJ低位金叉 + RSI6超卖,972,0.1124,0.0375,2.994,0.6883,0.4244,0.2638,L3
震荡-全样本,极限抄底 + 量比大于1_3 + 中枢进机会区,299,0.039,0.0083,4.696,0.7759,0.4244,0.3515,L3
震荡-全样本,极限抄底 + 量比大于1_3 + BOLL触下轨反弹,583,0.0687,0.0216,3.188,0.7015,0.4244,0.2771,L3
震荡-全样本,极限抄底 + 量比大于1_3 + RSI6超卖,943,0.1156,0.0316,3.659,0.7296,0.4244,0.3051,L3
震荡-全样本,极限抄底 + 中枢进机会区 + BOLL触下轨反弹,171,0.0178,0.0081,2.211,0.6199,0.4244,0.1954,L3
震荡-全样本,极限抄底 + 中枢进机会区 + RSI6超卖,349,0.0437,0.011,3.962,0.745,0.4244,0.3205,L3
震荡-全样本,极限抄底 + BOLL触下轨反弹 + RSI6超卖,720,0.0784,0.0313,2.503,0.6486,0.4244,0.2242,L3
震荡-全样本,量比>=1.3 + 深跌(距前高>40%) + 火箭信号,65,0.0077,0.0024,3.283,0.7077,0.4244,0.2833,L3
震荡-全样本,量比>=1.3 + 深跌(距前高>40%) + 量能金叉,127,0.0163,0.0037,4.385,0.7638,0.4244,0.3393,L3
震荡-全样本,量比>=1.3 + 深跌(距前高>40%) + 量比大于2,123,0.0155,0.0038,4.024,0.748,0.4244,0.3235,L3
震荡-全样本,量比>=1.3 + 深跌(距前高>40%) + 量能递增,268,0.0346,0.0077,4.506,0.7687,0.4244,0.3442,L3
震荡-全样本,量比>=1.3 + 深跌(距前高>40%) + 价涨量增,275,0.0344,0.0087,3.971,0.7455,0.4244,0.321,L3
震荡-全样本,量比>=1.3 + 深跌(距前高>40%) + 中枢极限底,187,0.0242,0.0053,4.541,0.7701,0.4244,0.3456,L3
震荡-全样本,量比>=1.3 + 深跌(距前高>40%) + 放量,285,0.0354,0.0092,3.867,0.7404,0.4244,0.3159,L3
震荡-全样本,量比>=1.3 + 深跌(距前高>40%) + KDJ低位金叉,279,0.0353,0.0085,4.127,0.7527,0.4244,0.3283,L3
震荡-全样本,量比>=1.3 + 深跌(距前高>40%) + 量比大于1_3,303,0.0376,0.0098,3.845,0.7393,0.4244,0.3148,L3
震荡-全样本,量比>=1.3 + 深跌(距前高>40%) + BOLL触下轨反弹,243,0.0314,0.0069,4.528,0.7695,0.4244,0.3451,L3
震荡-全样本,量比>=1.3 + 深跌(距前高>40%) + RSI6超卖,303,0.0376,0.0098,3.845,0.7393,0.4244,0.3148,L3
震荡-全样本,量比>=1.3 + 火箭信号 + 量能金叉,219,0.0245,0.009,2.712,0.6667,0.4244,0.2422,L3
震荡-全样本,量比>=1.3 + 火箭信号 + 量比>=2,110,0.0111,0.0054,2.034,0.6,0.4244,0.1756,L3
震荡-全样本,量比>=1.3 + 火箭信号 + 量比大于2,259,0.0272,0.012,2.265,0.6255,0.4244,0.201,L3
震荡-全样本,量比>=1.3 + 火箭信号 + 量能递增,358,0.0401,0.0147,2.724,0.6676,0.4244,0.2432,L3
震荡-全样本,量比>=1.3 + 火箭信号 + 价涨量增,375,0.0411,0.0161,2.556,0.6533,0.4244,0.2289,L3
震荡-全样本,量比>=1.3 + 火箭信号 + 中枢极限底,241,0.0279,0.0093,3.001,0.6888,0.4244,0.2644,L3
震荡-全样本,量比>=1.3 + 火箭信号 + 放量,383,0.0422,0.0163,2.579,0.6554,0.4244,0.2309,L3
震荡-全样本,量比>=1.3 + 火箭信号 + KDJ低位金叉,208,0.0244,0.0078,3.121,0.6971,0.4244,0.2727,L3
震荡-全样本,量比>=1.3 + 火箭信号 + 量比大于1_3,390,0.043,0.0166,2.591,0.6564,0.4244,0.232,L3
震荡-全样本,量比>=1.3 + 火箭信号 + 中枢进机会区,146,0.0158,0.0064,2.451,0.6438,0.4244,0.2194,L3
震荡-全样本,量比>=1.3 + 火箭信号 + BOLL触下轨反弹,310,0.0349,0.0126,2.765,0.671,0.4244,0.2465,L3
震荡-全样本,量比>=1.3 + 火箭信号 + RSI6超卖,360,0.0405,0.0147,2.746,0.6694,0.4244,0.245,L3
震荡-全样本,量比>=1.3 + 量能金叉 + 量比>=2,319,0.0291,0.0181,1.607,0.5423,0.4244,0.1179,L3
震荡-全样本,量比>=1.3 + 量能金叉 + 量比大于2,900,0.0942,0.042,2.244,0.6233,0.4244,0.1989,L3
震荡-全样本,量比>=1.3 + 量能金叉 + 量能递增,1210,0.127,0.0562,2.258,0.6248,0.4244,0.2004,L3
震荡-全样本,量比>=1.3 + 量能金叉 + 价涨量增,1229,0.1292,0.057,2.267,0.6257,0.4244,0.2013,L3
震荡-全样本,量比>=1.3 + 量能金叉 + 中枢极限底,764,0.089,0.029,3.071,0.6937,0.4244,0.2693,L3
震荡-全样本,量比>=1.3 + 量能金叉 + 放量,1291,0.1359,0.0597,2.276,0.6266,0.4244,0.2022,L3
震荡-全样本,量比>=1.3 + 量能金叉 + KDJ低位金叉,710,0.0846,0.0255,3.318,0.7099,0.4244,0.2854,L3
震荡-全样本,量比>=1.3 + 量能金叉 + 量比大于1_3,1312,0.1389,0.0601,2.312,0.6303,0.4244,0.2059,L3
震荡-全样本,量比>=1.3 + 量能金叉 + 中枢进机会区,648,0.0684,0.0298,2.29,0.6281,0.4244,0.2036,L3
震荡-全样本,量比>=1.3 + 量能金叉 + BOLL触下轨反弹,1038,0.109,0.0482,2.262,0.6252,0.4244,0.2008,L3
震荡-全样本,量比>=1.3 + 量能金叉 + RSI6超卖,1204,0.1312,0.0524,2.504,0.6487,0.4244,0.2242,L3
震荡-全样本,量比>=1.3 + 量比>=2 + 量比大于2,551,0.0492,0.032,1.54,0.5318,0.4244,0.1073,L3
震荡-全样本,量比>=1.3 + 量比>=2 + 量能递增,483,0.044,0.0274,1.608,0.5424,0.4244,0.118,L3
震荡-全样本,量比>=1.3 + 量比>=2 + 价涨量增,525,0.0475,0.03,1.586,0.539,0.4244,0.1146,L3
震荡-全样本,量比>=1.3 + 量比>=2 + 中枢极限底,284,0.0272,0.0151,1.801,0.5704,0.4244,0.146,L3
震荡-全样本,量比>=1.3 + 量比>=2 + 放量,546,0.0489,0.0316,1.548,0.533,0.4244,0.1085,L3
震荡-全样本,量比>=1.3 + 量比>=2 + KDJ低位金叉,262,0.0277,0.012,2.307,0.6298,0.4244,0.2053,L3
震荡-全样本,量比>=1.3 + 量比>=2 + 量比大于1_3,551,0.0492,0.032,1.54,0.5318,0.4244,0.1073,L3
震荡-全样本,量比>=1.3 + 量比>=2 + 中枢进机会区,232,0.0203,0.0137,1.478,0.5216,0.4244,0.0971,L3
震荡-全样本,量比>=1.3 + 量比>=2 + BOLL触下轨反弹,439,0.0398,0.025,1.591,0.5399,0.4244,0.1154,L3
震荡-全样本,量比>=1.3 + 量比>=2 + RSI6超卖,489,0.0448,0.0275,1.631,0.546,0.4244,0.1216,L3
震荡-全样本,量比>=1.3 + 量比大于2 + MA55上穿MA89,66,0.0072,0.0028,2.535,0.6515,0.4244,0.2271,L3
震荡-全样本,量比>=1.3 + 量比大于2 + 量能递增,1429,0.1508,0.0658,2.293,0.6284,0.4244,0.204,L3
震荡-全样本,量比>=1.3 + 量比大于2 + 突破前高,50,0.005,0.0025,2.034,0.6,0.4244,0.1756,L3
震荡-全样本,量比>=1.3 + 量比大于2 + 价涨量增,1516,0.1579,0.0713,2.213,0.6201,0.4244,0.1956,L3
震荡-全样本,量比>=1.3 + 量比大于2 + 中枢极限底,949,0.1077,0.0381,2.822,0.6754,0.4244,0.251,L3
震荡-全样本,量比>=1.3 + 量比大于2 + 放量,1593,0.1673,0.0739,2.262,0.6252,0.4244,0.2008,L3
震荡-全样本,量比>=1.3 + 量比大于2 + KDJ低位金叉,963,0.113,0.0359,3.147,0.6989,0.4244,0.2744,L3
震荡-全样本,量比>=1.3 + 量比大于2 + 量比大于1_3,1626,0.171,0.0753,2.271,0.6261,0.4244,0.2016,L3
震荡-全样本,量比>=1.3 + 量比大于2 + 中枢进机会区,690,0.0726,0.032,2.271,0.6261,0.4244,0.2017,L3
震荡-全样本,量比>=1.3 + 量比大于2 + BOLL触下轨反弹,1265,0.1329,0.0587,2.263,0.6253,0.4244,0.2009,L3
震荡-全样本,量比>=1.3 + 量比大于2 + RSI6超卖,1511,0.1631,0.0669,2.438,0.6426,0.4244,0.2182,L3
震荡-全样本,量比>=1.3 + MA55上穿MA89 + 量能递增,71,0.0074,0.0033,2.21,0.6197,0.4244,0.1953,L3
震荡-全样本,量比>=1.3 + MA55上穿MA89 + 价涨量增,79,0.0082,0.0037,2.215,0.6203,0.4244,0.1958,L3
震荡-全样本,量比>=1.3 + MA55上穿MA89 + 中枢极限底,57,0.0066,0.0022,2.938,0.6842,0.4244,0.2598,L3
震荡-全样本,量比>=1.3 + MA55上穿MA89 + 放量,87,0.0089,0.0042,2.114,0.6092,0.4244,0.1848,L3
震荡-全样本,量比>=1.3 + MA55上穿MA89 + KDJ低位金叉,59,0.0064,0.0026,2.454,0.6441,0.4244,0.2196,L3
震荡-全样本,量比>=1.3 + MA55上穿MA89 + 量比大于1_3,98,0.0101,0.0047,2.141,0.6122,0.4244,0.1878,L3
震荡-全样本,量比>=1.3 + MA55上穿MA89 + 中枢进机会区,51,0.006,0.0019,3.255,0.7059,0.4244,0.2814,L3
震荡-全样本,量比>=1.3 + MA55上穿MA89 + BOLL触下轨反弹,64,0.0066,0.0031,2.115,0.6094,0.4244,0.1849,L3
震荡-全样本,量比>=1.3 + MA55上穿MA89 + RSI6超卖,89,0.0097,0.0038,2.537,0.6517,0.4244,0.2272,L3
震荡-全样本,量比>=1.3 + 量能递增 + 突破前高,55,0.005,0.0031,1.627,0.5455,0.4244,0.121,L3
震荡-全样本,量比>=1.3 + 量能递增 + 价涨量增,2346,0.2437,0.1108,2.198,0.6185,0.4244,0.1941,L3
震荡-全样本,量比>=1.3 + 量能递增 + 中枢极限底,1407,0.1545,0.0603,2.562,0.6539,0.4244,0.2294,L3
震荡-全样本,量比>=1.3 + 量能递增 + 放量,2457,0.2521,0.1184,2.129,0.6109,0.4244,0.1865,L3
震荡-全样本,量比>=1.3 + 量能递增 + KDJ低位金叉,1386,0.1591,0.0544,2.925,0.6833,0.4244,0.2588,L3
震荡-全样本,量比>=1.3 + 量能递增 + 量比大于1_3,2460,0.2524,0.1185,2.13,0.611,0.4244,0.1865,L3
震荡-全样本,量比>=1.3 + 量能递增 + 中枢进机会区,1021,0.1033,0.0503,2.054,0.6024,0.4244,0.1779,L3
震荡-全样本,量比>=1.3 + 量能递增 + BOLL触下轨反弹,1997,0.2039,0.097,2.103,0.6079,0.4244,0.1835,L3
震荡-全样本,量比>=1.3 + 量能递增 + RSI6超卖,2266,0.2395,0.104,2.302,0.6293,0.4244,0.2049,L3
震荡-全样本,量比>=1.3 + 突破前高 + 价涨量增,58,0.0052,0.0033,1.557,0.5345,0.4244,0.11,L3
震荡-全样本,量比>=1.3 + 突破前高 + 放量,58,0.0052,0.0033,1.557,0.5345,0.4244,0.11,L3
震荡-全样本,量比>=1.3 + 突破前高 + 量比大于1_3,58,0.0052,0.0033,1.557,0.5345,0.4244,0.11,L3
震荡-全样本,量比>=1.3 + 价涨量增 + 中枢极限底,1562,0.1685,0.0692,2.433,0.6421,0.4244,0.2177,L3
震荡-全样本,量比>=1.3 + 价涨量增 + 放量,2746,0.2733,0.1386,1.972,0.5925,0.4244,0.1681,L3
震荡-全样本,量比>=1.3 + 价涨量增 + KDJ低位金叉,1597,0.1764,0.0677,2.603,0.6575,0.4244,0.233,L3
震荡-全样本,量比>=1.3 + 价涨量增 + 量比大于1_3,2746,0.2733,0.1386,1.972,0.5925,0.4244,0.1681,L3
震荡-全样本,量比>=1.3 + 价涨量增 + 中枢进机会区,1125,0.1127,0.0562,2.004,0.5964,0.4244,0.172,L3
震荡-全样本,量比>=1.3 + 价涨量增 + BOLL触下轨反弹,2175,0.22,0.1071,2.054,0.6023,0.4244,0.1779,L3
震荡-全样本,量比>=1.3 + 价涨量增 + RSI6超卖,2524,0.2597,0.1211,2.144,0.6125,0.4244,0.1881,L3
震荡-全样本,量比>=1.3 + 中枢极限底 + 放量,1691,0.1814,0.0757,2.397,0.6387,0.4244,0.2142,L3
震荡-全样本,量比>=1.3 + 中枢极限底 + KDJ低位金叉,1251,0.1448,0.0482,3.005,0.689,0.4244,0.2646,L3
震荡-全样本,量比>=1.3 + 中枢极限底 + 量比大于1_3,1841,0.1972,0.0826,2.387,0.6377,0.4244,0.2133,L3
震荡-全样本,量比>=1.3 + 中枢极限底 + 中枢进机会区,916,0.1018,0.0384,2.651,0.6616,0.4244,0.2371,L3
震荡-全样本,量比>=1.3 + 中枢极限底 + BOLL触下轨反弹,1425,0.1525,0.064,2.382,0.6372,0.4244,0.2128,L3
震荡-全样本,量比>=1.3 + 中枢极限底 + RSI6超卖,1798,0.1947,0.0791,2.46,0.6446,0.4244,0.2202,L3
震荡-全样本,量比>=1.3 + 放量 + KDJ低位金叉,1724,0.1891,0.0741,2.553,0.6531,0.4244,0.2287,L3
震荡-全样本,量比>=1.3 + 放量 + 量比大于1_3,2994,0.2941,0.154,1.91,0.5848,0.4244,0.1604,L3
震荡-全样本,量比>=1.3 + 放量 + 中枢进机会区,1246,0.1245,0.0625,1.99,0.5947,0.4244,0.1703,L3
震荡-全样本,量比>=1.3 + 放量 + BOLL触下轨反弹,2368,0.2345,0.1204,1.948,0.5895,0.4244,0.1651,L3
震荡-全样本,量比>=1.3 + 放量 + RSI6超卖,2741,0.2793,0.1335,2.092,0.6067,0.4244,0.1823,L3
震荡-全样本,量比>=1.3 + KDJ低位金叉 + 量比大于1_3,1939,0.2103,0.0851,2.471,0.6457,0.4244,0.2213,L3
震荡-全样本,量比>=1.3 + KDJ低位金叉 + 中枢进机会区,654,0.0726,0.0275,2.639,0.6606,0.4244,0.2361,L3
震荡-全样本,量比>=1.3 + KDJ低位金叉 + BOLL触下轨反弹,1492,0.1659,0.0624,2.658,0.6622,0.4244,0.2378,L3
震荡-全样本,量比>=1.3 + KDJ低位金叉 + RSI6超卖,1913,0.2093,0.0826,2.533,0.6513,0.4244,0.2269,L3
震荡-全样本,量比>=1.3 + 量比大于1_3 + 中枢进机会区,1357,0.1352,0.0684,1.978,0.5932,0.4244,0.1688,L3
震荡-全样本,量比>=1.3 + 量比大于1_3 + BOLL触下轨反弹,2549,0.2536,0.1287,1.971,0.5924,0.4244,0.168,L3
震荡-全样本,量比>=1.3 + 量比大于1_3 + RSI6超卖,2979,0.3028,0.1457,2.079,0.6052,0.4244,0.1808,L3
震荡-全样本,量比>=1.3 + 中枢进机会区 + BOLL触下轨反弹,1070,0.1051,0.055,1.912,0.585,0.4244,0.1606,L3
震荡-全样本,量比>=1.3 + 中枢进机会区 + RSI6超卖,1279,0.1312,0.0617,2.127,0.6106,0.4244,0.1862,L3
震荡-全样本,量比>=1.3 + BOLL触下轨反弹 + RSI6超卖,2374,0.2435,0.1144,2.128,0.6108,0.4244,0.1863,L3
震荡-全样本,深跌(距前高>40%) + 火箭信号 + 量比大于2,51,0.0047,0.0028,1.651,0.549,0.4244,0.1246,L3
震荡-全样本,深跌(距前高>40%) + 火箭信号 + 量能递增,106,0.0133,0.0033,3.968,0.7453,0.4244,0.3208,L3
震荡-全样本,深跌(距前高>40%) + 火箭信号 + 价涨量增,110,0.0124,0.0045,2.787,0.6727,0.4244,0.2483,L3
震荡-全样本,深跌(距前高>40%) + 火箭信号 + 中枢极限底,86,0.0106,0.0028,3.714,0.7326,0.4244,0.3081,L3
震荡-全样本,深跌(距前高>40%) + 火箭信号 + 放量,118,0.0133,0.0048,2.747,0.6695,0.4244,0.2451,L3
震荡-全样本,深跌(距前高>40%) + 火箭信号 + KDJ低位金叉,111,0.0129,0.0042,3.071,0.6937,0.4244,0.2693,L3
震荡-全样本,深跌(距前高>40%) + 火箭信号 + 量比大于1_3,119,0.0131,0.0051,2.58,0.6555,0.4244,0.231,L3
震荡-全样本,深跌(距前高>40%) + 火箭信号 + BOLL触下轨反弹,90,0.0107,0.0032,3.338,0.7111,0.4244,0.2867,L3
震荡-全样本,深跌(距前高>40%) + 火箭信号 + RSI6超卖,123,0.0138,0.0051,2.712,0.6667,0.4244,0.2422,L3
震荡-全样本,深跌(距前高>40%) + 量能金叉 + 量比大于2,84,0.0104,0.0027,3.822,0.7381,0.4244,0.3137,L3
震荡-全样本,深跌(距前高>40%) + 量能金叉 + 量能递增,169,0.0217,0.005,4.373,0.7633,0.4244,0.3389,L3
震荡-全样本,深跌(距前高>40%) + 量能金叉 + 价涨量增,176,0.0218,0.0057,3.832,0.7386,0.4244,0.3142,L3
震荡-全样本,深跌(距前高>40%) + 量能金叉 + 中枢极限底,124,0.0161,0.0035,4.649,0.7742,0.4244,0.3498,L3
震荡-全样本,深跌(距前高>40%) + 量能金叉 + 放量,181,0.0225,0.0058,3.866,0.7403,0.4244,0.3159,L3
震荡-全样本,深跌(距前高>40%) + 量能金叉 + KDJ低位金叉,164,0.0213,0.0046,4.655,0.7744,0.4244,0.35,L3
震荡-全样本,深跌(距前高>40%) + 量能金叉 + 量比大于1_3,183,0.0232,0.0056,4.159,0.7541,0.4244,0.3297,L3
震荡-全样本,深跌(距前高>40%) + 量能金叉 + BOLL触下轨反弹,145,0.0183,0.0045,4.106,0.7517,0.4244,0.3273,L3
震荡-全样本,深跌(距前高>40%) + 量能金叉 + RSI6超卖,189,0.0238,0.0058,4.097,0.7513,0.4244,0.3269,L3
震荡-全样本,深跌(距前高>40%) + 量比大于2 + 量能递增,169,0.0195,0.0066,2.968,0.6864,0.4244,0.262,L3
震荡-全样本,深跌(距前高>40%) + 量比大于2 + 价涨量增,180,0.0191,0.0082,2.342,0.6333,0.4244,0.2089,L3
震荡-全样本,深跌(距前高>40%) + 量比大于2 + 中枢极限底,113,0.0131,0.0043,3.022,0.6903,0.4244,0.2658,L3
震荡-全样本,深跌(距前高>40%) + 量比大于2 + 放量,191,0.0205,0.0085,2.398,0.6387,0.4244,0.2143,L3
震荡-全样本,深跌(距前高>40%) + 量比大于2 + KDJ低位金叉,166,0.019,0.0066,2.891,0.6807,0.4244,0.2563,L3
震荡-全样本,深跌(距前高>40%) + 量比大于2 + 量比大于1_3,193,0.0205,0.0088,2.33,0.6321,0.4244,0.2077,L3
震荡-全样本,深跌(距前高>40%) + 量比大于2 + BOLL触下轨反弹,140,0.0155,0.0059,2.599,0.6571,0.4244,0.2327,L3
震荡-全样本,深跌(距前高>40%) + 量比大于2 + RSI6超卖,192,0.0203,0.0088,2.311,0.6302,0.4244,0.2058,L3
震荡-全样本,深跌(距前高>40%) + 量能递增 + 价涨量增,437,0.0514,0.0162,3.168,0.7002,0.4244,0.2758,L3
震荡-全样本,深跌(距前高>40%) + 量能递增 + 中枢极限底,320,0.0385,0.0113,3.413,0.7156,0.4244,0.2912,L3
震荡-全样本,深跌(距前高>40%) + 量能递增 + 放量,469,0.0556,0.0171,3.253,0.7058,0.4244,0.2813,L3
震荡-全样本,深跌(距前高>40%) + 量能递增 + KDJ低位金叉,409,0.0509,0.0131,3.876,0.7408,0.4244,0.3164,L3
震荡-全样本,深跌(距前高>40%) + 量能递增 + 量比大于1_3,420,0.0511,0.0144,3.554,0.7238,0.4244,0.2994,L3
震荡-全样本,深跌(距前高>40%) + 量能递增 + 中枢进机会区,94,0.0086,0.0053,1.608,0.5426,0.4244,0.1181,L3
震荡-全样本,深跌(距前高>40%) + 量能递增 + BOLL触下轨反弹,380,0.0455,0.0135,3.371,0.7132,0.4244,0.2887,L3
震荡-全样本,深跌(距前高>40%) + 量能递增 + RSI6超卖,493,0.0576,0.0186,3.101,0.6957,0.4244,0.2713,L3
震荡-全样本,深跌(距前高>40%) + 价涨量增 + 中枢极限底,311,0.0359,0.012,2.992,0.6881,0.4244,0.2637,L3
震荡-全样本,深跌(距前高>40%) + 价涨量增 + 放量,508,0.0551,0.0223,2.471,0.6457,0.4244,0.2212,L3
震荡-全样本,深跌(距前高>40%) + 价涨量增 + KDJ低位金叉,428,0.0495,0.0165,3.008,0.6893,0.4244,0.2648,L3
震荡-全样本,深跌(距前高>40%) + 价涨量增 + 量比大于1_3,464,0.0516,0.0194,2.652,0.6616,0.4244,0.2372,L3
震荡-全样本,深跌(距前高>40%) + 价涨量增 + 中枢进机会区,88,0.0086,0.0046,1.869,0.5795,0.4244,0.1551,L3
震荡-全样本,深跌(距前高>40%) + 价涨量增 + BOLL触下轨反弹,372,0.043,0.0144,2.993,0.6882,0.4244,0.2637,L3
震荡-全样本,深跌(距前高>40%) + 价涨量增 + RSI6超卖,497,0.0546,0.0213,2.562,0.6539,0.4244,0.2295,L3
震荡-全样本,深跌(距前高>40%) + 中枢极限底 + 放量,346,0.0401,0.0133,3.029,0.6908,0.4244,0.2663,L3
震荡-全样本,深跌(距前高>40%) + 中枢极限底 + KDJ低位金叉,355,0.0422,0.0129,3.273,0.707,0.4244,0.2826,L3
震荡-全样本,深跌(距前高>40%) + 中枢极限底 + 量比大于1_3,333,0.0391,0.0124,3.16,0.6997,0.4244,0.2753,L3
震荡-全样本,深跌(距前高>40%) + 中枢极限底 + 中枢进机会区,103,0.0099,0.0054,1.818,0.5728,0.4244,0.1484,L3
震荡-全样本,深跌(距前高>40%) + 中枢极限底 + BOLL触下轨反弹,306,0.0369,0.0107,3.469,0.719,0.4244,0.2945,L3
震荡-全样本,深跌(距前高>40%) + 中枢极限底 + RSI6超卖,428,0.0469,0.0185,2.539,0.6519,0.4244,0.2274,L3
震荡-全样本,深跌(距前高>40%) + 放量 + KDJ低位金叉,468,0.0534,0.0186,2.875,0.6795,0.4244,0.2551,L3
震荡-全样本,深跌(距前高>40%) + 放量 + 量比大于1_3,499,0.0549,0.0213,2.578,0.6553,0.4244,0.2309,L3
震荡-全样本,深跌(距前高>40%) + 放量 + 中枢进机会区,105,0.0102,0.0054,1.88,0.581,0.4244,0.1565,L3
震荡-全样本,深跌(距前高>40%) + 放量 + BOLL触下轨反弹,408,0.0464,0.0163,2.835,0.6765,0.4244,0.252,L3
震荡-全样本,深跌(距前高>40%) + 放量 + RSI6超卖,550,0.0598,0.024,2.488,0.6473,0.4244,0.2228,L3
震荡-全样本,深跌(距前高>40%) + KDJ低位金叉 + 量比大于1_3,488,0.0546,0.0202,2.704,0.666,0.4244,0.2415,L3
震荡-全样本,深跌(距前高>40%) + KDJ低位金叉 + 中枢进机会区,101,0.0089,0.0059,1.497,0.5248,0.4244,0.1003,L3
震荡-全样本,深跌(距前高>40%) + KDJ低位金叉 + BOLL触下轨反弹,443,0.0499,0.0181,2.759,0.6704,0.4244,0.246,L3
震荡-全样本,深跌(距前高>40%) + KDJ低位金叉 + RSI6超卖,632,0.064,0.0311,2.058,0.6028,0.4244,0.1784,L3
震荡-全样本,深跌(距前高>40%) + 量比大于1_3 + 中枢进机会区,97,0.0096,0.005,1.932,0.5876,0.4244,0.1632,L3
震荡-全样本,深跌(距前高>40%) + 量比大于1_3 + BOLL触下轨反弹,404,0.0467,0.0156,2.992,0.6881,0.4244,0.2637,L3
震荡-全样本,深跌(距前高>40%) + 量比大于1_3 + RSI6超卖,553,0.0591,0.0249,2.375,0.6365,0.4244,0.2121,L3
震荡-全样本,深跌(距前高>40%) + 中枢进机会区 + BOLL触下轨反弹,102,0.0087,0.0062,1.41,0.5098,0.4244,0.0854,L3
震荡-全样本,深跌(距前高>40%) + 中枢进机会区 + RSI6超卖,149,0.0124,0.0093,1.338,0.4966,0.4244,0.0722,L3
震荡-全样本,深跌(距前高>40%) + BOLL触下轨反弹 + RSI6超卖,513,0.0544,0.0234,2.325,0.6316,0.4244,0.2071,L3
震荡-全样本,火箭信号 + 量能金叉 + 量比>=2,81,0.0084,0.0038,2.187,0.6173,0.4244,0.1928,L3
震荡-全样本,火箭信号 + 量能金叉 + 量比大于2,361,0.0328,0.0206,1.593,0.5402,0.4244,0.1157,L3
震荡-全样本,火箭信号 + 量能金叉 + 量能递增,402,0.0386,0.0213,1.813,0.5721,0.4244,0.1477,L3
震荡-全样本,火箭信号 + 量能金叉 + 突破前高,56,0.0055,0.0028,1.946,0.5893,0.4244,0.1648,L3
震荡-全样本,火箭信号 + 量能金叉 + 价涨量增,419,0.0393,0.0229,1.715,0.5585,0.4244,0.134,L3
震荡-全样本,火箭信号 + 量能金叉 + 中枢极限底,243,0.0238,0.0125,1.907,0.5844,0.4244,0.1599,L3
震荡-全样本,火箭信号 + 量能金叉 + 放量,430,0.0406,0.0233,1.746,0.5628,0.4244,0.1384,L3
震荡-全样本,火箭信号 + 量能金叉 + KDJ低位金叉,164,0.0181,0.0069,2.615,0.6585,0.4244,0.2341,L3
震荡-全样本,火箭信号 + 量能金叉 + 量比大于1_3,433,0.0411,0.0233,1.767,0.5658,0.4244,0.1414,L3
震荡-全样本,火箭信号 + 量能金叉 + 中枢进机会区,180,0.0178,0.0092,1.942,0.5889,0.4244,0.1645,L3
震荡-全样本,火箭信号 + 量能金叉 + BOLL触下轨反弹,308,0.0306,0.0156,1.959,0.5909,0.4244,0.1665,L3
震荡-全样本,火箭信号 + 量能金叉 + RSI6超卖,370,0.0366,0.0188,1.945,0.5892,0.4244,0.1648,L3
震荡-全样本,火箭信号 + 量比>=2 + 量比大于2,110,0.0111,0.0054,2.034,0.6,0.4244,0.1756,L3
震荡-全样本,火箭信号 + 量比>=2 + 量能递增,103,0.0107,0.0048,2.225,0.6214,0.4244,0.1969,L3
震荡-全样本,火箭信号 + 量比>=2 + 价涨量增,107,0.0107,0.0053,2.018,0.5981,0.4244,0.1737,L3
震荡-全样本,火箭信号 + 量比>=2 + 中枢极限底,66,0.0066,0.0033,1.959,0.5909,0.4244,0.1665,L3
震荡-全样本,火箭信号 + 量比>=2 + 放量,109,0.0111,0.0053,2.081,0.6055,0.4244,0.1811,L3
震荡-全样本,火箭信号 + 量比>=2 + 量比大于1_3,110,0.0111,0.0054,2.034,0.6,0.4244,0.1756,L3
震荡-全样本,火箭信号 + 量比>=2 + BOLL触下轨反弹,85,0.0086,0.0042,2.034,0.6,0.4244,0.1756,L3
震荡-全样本,火箭信号 + 量比>=2 + RSI6超卖,98,0.0096,0.0051,1.885,0.5816,0.4244,0.1572,L3
震荡-全样本,火箭信号 + 量比大于2 + 量能递增,538,0.047,0.032,1.472,0.5204,0.4244,0.096,L3
震荡-全样本,火箭信号 + 量比大于2 + 突破前高,83,0.0074,0.0048,1.53,0.5301,0.4244,0.1057,L3
震荡-全样本,火箭信号 + 量比大于2 + 价涨量增,591,0.0506,0.0359,1.408,0.5093,0.4244,0.0849,L3
震荡-全样本,火箭信号 + 量比大于2 + 中枢极限底,324,0.0302,0.0178,1.695,0.5556,0.4244,0.1311,L3
震荡-全样本,火箭信号 + 量比大于2 + 放量,602,0.0514,0.0367,1.402,0.5083,0.4244,0.0839,L3
震荡-全样本,火箭信号 + 量比大于2 + KDJ低位金叉,220,0.0208,0.0119,1.752,0.5636,0.4244,0.1392,L3
震荡-全样本,火箭信号 + 量比大于2 + 量比大于1_3,604,0.0516,0.0368,1.402,0.5083,0.4244,0.0838,L3
震荡-全样本,火箭信号 + 量比大于2 + 中枢进机会区,255,0.0232,0.0145,1.599,0.5412,0.4244,0.1167,L3
震荡-全样本,火箭信号 + 量比大于2 + BOLL触下轨反弹,422,0.0366,0.0253,1.449,0.5166,0.4244,0.0922,L3
震荡-全样本,火箭信号 + 量比大于2 + RSI6超卖,500,0.045,0.0287,1.566,0.536,0.4244,0.1116,L3
震荡-全样本,火箭信号 + 量能递增 + 突破前高,84,0.0074,0.005,1.492,0.5238,0.4244,0.0994,L3
震荡-全样本,火箭信号 + 量能递增 + 价涨量增,772,0.0732,0.0416,1.76,0.5648,0.4244,0.1403,L3
震荡-全样本,火箭信号 + 量能递增 + 中枢极限底,456,0.0464,0.0223,2.079,0.6053,0.4244,0.1808,L3
震荡-全样本,火箭信号 + 量能递增 + 放量,797,0.0764,0.0424,1.804,0.5709,0.4244,0.1465,L3
震荡-全样本,火箭信号 + 量能递增 + KDJ低位金叉,326,0.0361,0.0137,2.627,0.6595,0.4244,0.2351,L3
震荡-全样本,火箭信号 + 量能递增 + 量比大于1_3,774,0.0737,0.0415,1.777,0.5672,0.4244,0.1427,L3
震荡-全样本,火箭信号 + 量能递增 + 中枢进机会区,348,0.0326,0.0191,1.708,0.5575,0.4244,0.133,L3
震荡-全样本,火箭信号 + 量能递增 + BOLL触下轨反弹,604,0.0588,0.0315,1.869,0.5795,0.4244,0.155,L3
震荡-全样本,火箭信号 + 量能递增 + RSI6超卖,695,0.0697,0.0347,2.01,0.5971,0.4244,0.1727,L3
震荡-全样本,火箭信号 + 突破前高 + 价涨量增,95,0.0084,0.0056,1.507,0.5263,0.4244,0.1019,L3
震荡-全样本,火箭信号 + 突破前高 + 放量,95,0.0084,0.0056,1.507,0.5263,0.4244,0.1019,L3
震荡-全样本,火箭信号 + 突破前高 + 量比大于1_3,95,0.0084,0.0056,1.507,0.5263,0.4244,0.1019,L3
震荡-全样本,火箭信号 + 突破前高 + BOLL触下轨反弹,68,0.0057,0.0042,1.356,0.5,0.4244,0.0756,L3
震荡-全样本,火箭信号 + 突破前高 + RSI6超卖,55,0.0055,0.0027,2.034,0.6,0.4244,0.1756,L3
震荡-全样本,火箭信号 + 价涨量增 + 中枢极限底,472,0.047,0.0238,1.978,0.5932,0.4244,0.1688,L3
震荡-全样本,火箭信号 + 价涨量增 + 放量,892,0.0815,0.0504,1.616,0.5437,0.4244,0.1193,L3
震荡-全样本,火箭信号 + 价涨量增 + KDJ低位金叉,364,0.0373,0.0176,2.12,0.6099,0.4244,0.1855,L3
震荡-全样本,火箭信号 + 价涨量增 + 量比大于1_3,874,0.0794,0.0497,1.6,0.5412,0.4244,0.1168,L3
震荡-全样本,火箭信号 + 价涨量增 + 中枢进机会区,366,0.0339,0.0203,1.67,0.5519,0.4244,0.1275,L3
震荡-全样本,火箭信号 + 价涨量增 + BOLL触下轨反弹,631,0.061,0.0332,1.837,0.5753,0.4244,0.1508,L3
震荡-全样本,火箭信号 + 价涨量增 + RSI6超卖,748,0.0726,0.0391,1.854,0.5775,0.4244,0.1531,L3
震荡-全样本,火箭信号 + 中枢极限底 + 放量,494,0.0499,0.0244,2.044,0.6012,0.4244,0.1768,L3
震荡-全样本,火箭信号 + 中枢极限底 + KDJ低位金叉,261,0.0291,0.0109,2.666,0.6628,0.4244,0.2384,L3
震荡-全样本,火箭信号 + 中枢极限底 + 量比大于1_3,483,0.0489,0.0238,2.055,0.6025,0.4244,0.178,L3
震荡-全样本,火箭信号 + 中枢极限底 + 中枢进机会区,237,0.0238,0.0118,2.027,0.5992,0.4244,0.1747,L3
震荡-全样本,火箭信号 + 中枢极限底 + BOLL触下轨反弹,392,0.0415,0.018,2.31,0.6301,0.4244,0.2057,L3
震荡-全样本,火箭信号 + 中枢极限底 + RSI6超卖,485,0.0504,0.0229,2.199,0.6186,0.4244,0.1941,L3
震荡-全样本,火箭信号 + 放量 + KDJ低位金叉,386,0.0398,0.0185,2.157,0.614,0.4244,0.1896,L3
震荡-全样本,火箭信号 + 放量 + 量比大于1_3,903,0.0825,0.051,1.616,0.5437,0.4244,0.1193,L3
震荡-全样本,火箭信号 + 放量 + 中枢进机会区,381,0.0356,0.0209,1.701,0.5564,0.4244,0.132,L3
震荡-全样本,火箭信号 + 放量 + BOLL触下轨反弹,654,0.0637,0.0341,1.869,0.5795,0.4244,0.1551,L3
震荡-全样本,火箭信号 + 放量 + RSI6超卖,779,0.0763,0.0403,1.894,0.5828,0.4244,0.1584,L3
震荡-全样本,火箭信号 + KDJ低位金叉 + 量比大于1_3,389,0.04,0.0187,2.137,0.6118,0.4244,0.1874,L3
震荡-全样本,火箭信号 + KDJ低位金叉 + 中枢进机会区,113,0.0118,0.0053,2.208,0.6195,0.4244,0.195,L3
震荡-全样本,火箭信号 + KDJ低位金叉 + BOLL触下轨反弹,302,0.0329,0.0131,2.507,0.649,0.4244,0.2246,L3
震荡-全样本,火箭信号 + KDJ低位金叉 + RSI6超卖,392,0.0411,0.0182,2.26,0.625,0.4244,0.2006,L3
震荡-全样本,火箭信号 + 量比大于1_3 + 中枢进机会区,372,0.0348,0.0204,1.701,0.5565,0.4244,0.132,L3
震荡-全样本,火箭信号 + 量比大于1_3 + BOLL触下轨反弹,643,0.0623,0.0337,1.85,0.577,0.4244,0.1525,L3
震荡-全样本,火箭信号 + 量比大于1_3 + RSI6超卖,770,0.0752,0.0399,1.887,0.5818,0.4244,0.1574,L3
震荡-全样本,火箭信号 + 中枢进机会区 + BOLL触下轨反弹,293,0.0277,0.0159,1.748,0.5631,0.4244,0.1387,L3
震荡-全样本,火箭信号 + 中枢进机会区 + RSI6超卖,341,0.0338,0.0173,1.947,0.5894,0.4244,0.165,L3
震荡-全样本,火箭信号 + BOLL触下轨反弹 + RSI6超卖,611,0.061,0.0307,1.985,0.5941,0.4244,0.1697,L3
震荡-全样本,量能金叉 + 量比>=2 + 量比大于2,319,0.0291,0.0181,1.607,0.5423,0.4244,0.1179,L3
震荡-全样本,量能金叉 + 量比>=2 + 量能递增,303,0.0275,0.0172,1.6,0.5413,0.4244,0.1168,L3
震荡-全样本,量能金叉 + 量比>=2 + 价涨量增,306,0.028,0.0172,1.629,0.5458,0.4244,0.1213,L3
震荡-全样本,量能金叉 + 量比>=2 + 中枢极限底,164,0.0163,0.0083,1.963,0.5915,0.4244,0.167,L3
震荡-全样本,量能金叉 + 量比>=2 + 放量,319,0.0291,0.0181,1.607,0.5423,0.4244,0.1179,L3
震荡-全样本,量能金叉 + 量比>=2 + KDJ低位金叉,124,0.0129,0.0058,2.222,0.621,0.4244,0.1965,L3
震荡-全样本,量能金叉 + 量比>=2 + 量比大于1_3,319,0.0291,0.0181,1.607,0.5423,0.4244,0.1179,L3
震荡-全样本,量能金叉 + 量比>=2 + 中枢进机会区,153,0.0148,0.0081,1.836,0.5752,0.4244,0.1507,L3
震荡-全样本,量能金叉 + 量比>=2 + BOLL触下轨反弹,253,0.0228,0.0145,1.576,0.5375,0.4244,0.1131,L3
震荡-全样本,量能金叉 + 量比>=2 + RSI6超卖,274,0.0255,0.0151,1.69,0.5547,0.4244,0.1303,L3
震荡-全样本,量能金叉 + 量比大于2 + 量能递增,1614,0.1493,0.0898,1.663,0.5508,0.4244,0.1264,L3
震荡-全样本,量能金叉 + 量比大于2 + 突破前高,90,0.0076,0.0056,1.356,0.5,0.4244,0.0756,L3
震荡-全样本,量能金叉 + 量比大于2 + 价涨量增,1625,0.1507,0.0902,1.671,0.552,0.4244,0.1276,L3
震荡-全样本,量能金叉 + 量比大于2 + 中枢极限底,919,0.0941,0.0445,2.115,0.6094,0.4244,0.1849,L3
震荡-全样本,量能金叉 + 量比大于2 + 放量,1752,0.1619,0.0976,1.659,0.5502,0.4244,0.1258,L3
震荡-全样本,量能金叉 + 量比大于2 + KDJ低位金叉,732,0.0788,0.0326,2.418,0.6407,0.4244,0.2163,L3
震荡-全样本,量能金叉 + 量比大于2 + 量比大于1_3,1753,0.1621,0.0976,1.661,0.5505,0.4244,0.126,L3
震荡-全样本,量能金叉 + 量比大于2 + 中枢进机会区,892,0.0868,0.0464,1.87,0.5796,0.4244,0.1552,L3
震荡-全样本,量能金叉 + 量比大于2 + BOLL触下轨反弹,1268,0.1181,0.07,1.687,0.5544,0.4244,0.13,L3
震荡-全样本,量能金叉 + 量比大于2 + RSI6超卖,1498,0.1456,0.0782,1.863,0.5788,0.4244,0.1543,L3
震荡-全样本,量能金叉 + MA55上穿MA89 + 量能递增,73,0.0067,0.0041,1.644,0.5479,0.4244,0.1235,L3
震荡-全样本,量能金叉 + MA55上穿MA89 + 价涨量增,72,0.0064,0.0042,1.516,0.5278,0.4244,0.1033,L3
震荡-全样本,量能金叉 + MA55上穿MA89 + 中枢极限底,52,0.0059,0.0021,2.792,0.6731,0.4244,0.2486,L3
震荡-全样本,量能金叉 + MA55上穿MA89 + 放量,87,0.0082,0.0047,1.749,0.5632,0.4244,0.1388,L3
震荡-全样本,量能金叉 + MA55上穿MA89 + 量比大于1_3,87,0.0084,0.0046,1.833,0.5747,0.4244,0.1503,L3
震荡-全样本,量能金叉 + MA55上穿MA89 + 中枢进机会区,65,0.0066,0.0032,2.034,0.6,0.4244,0.1756,L3
震荡-全样本,量能金叉 + MA55上穿MA89 + BOLL触下轨反弹,58,0.0055,0.0031,1.79,0.569,0.4244,0.1445,L3
震荡-全样本,量能金叉 + MA55上穿MA89 + RSI6超卖,83,0.0082,0.0042,1.954,0.5904,0.4244,0.1659,L3
震荡-全样本,量能金叉 + 量能递增 + 突破前高,88,0.0072,0.0056,1.296,0.4886,0.4244,0.0642,L3
震荡-全样本,量能金叉 + 量能递增 + 价涨量增,2301,0.2118,0.1288,1.644,0.548,0.4244,0.1236,L3
震荡-全样本,量能金叉 + 量能递增 + 中枢极限底,1357,0.1344,0.069,1.948,0.5895,0.4244,0.1651,L3
震荡-全样本,量能金叉 + 量能递增 + 放量,2520,0.2288,0.1434,1.595,0.5405,0.4244,0.116,L3
震荡-全样本,量能金叉 + 量能递增 + KDJ低位金叉,1097,0.1149,0.0512,2.246,0.6235,0.4244,0.1991,L3
震荡-全样本,量能金叉 + 量能递增 + 量比大于1_3,2439,0.2232,0.1375,1.624,0.5449,0.4244,0.1205,L3
震荡-全样本,量能金叉 + 量能递增 + 中枢进机会区,1275,0.1166,0.072,1.62,0.5443,0.4244,0.1199,L3
震荡-全样本,量能金叉 + 量能递增 + BOLL触下轨反弹,1908,0.1738,0.1081,1.608,0.5425,0.4244,0.118,L3
震荡-全样本,量能金叉 + 量能递增 + RSI6超卖,2188,0.2089,0.1169,1.787,0.5686,0.4244,0.1441,L3
震荡-全样本,量能金叉 + 突破前高 + 价涨量增,92,0.0076,0.0058,1.298,0.4891,0.4244,0.0647,L3
震荡-全样本,量能金叉 + 突破前高 + 放量,92,0.0076,0.0058,1.298,0.4891,0.4244,0.0647,L3
震荡-全样本,量能金叉 + 突破前高 + 量比大于1_3,92,0.0076,0.0058,1.298,0.4891,0.4244,0.0647,L3
震荡-全样本,量能金叉 + 突破前高 + BOLL触下轨反弹,67,0.0052,0.0045,1.168,0.4627,0.4244,0.0382,L3
震荡-全样本,量能金叉 + 突破前高 + RSI6超卖,60,0.0047,0.004,1.187,0.4667,0.4244,0.0422,L3
震荡-全样本,量能金叉 + 价涨量增 + 中枢极限底,1325,0.1337,0.0655,2.041,0.6008,0.4244,0.1763,L3
震荡-全样本,量能金叉 + 价涨量增 + 放量,2525,0.2272,0.1452,1.565,0.5358,0.4244,0.1114,L3
震荡-全样本,量能金叉 + 价涨量增 + KDJ低位金叉,1126,0.1176,0.0528,2.228,0.6217,0.4244,0.1972,L3
震荡-全样本,量能金叉 + 价涨量增 + 量比大于1_3,2452,0.2222,0.1398,1.589,0.5396,0.4244,0.1151,L3
震荡-全样本,量能金叉 + 价涨量增 + 中枢进机会区,1234,0.1142,0.0686,1.664,0.5511,0.4244,0.1266,L3
震荡-全样本,量能金叉 + 价涨量增 + BOLL触下轨反弹,1863,0.172,0.1039,1.655,0.5497,0.4244,0.1252,L3
震荡-全样本,量能金叉 + 价涨量增 + RSI6超卖,2144,0.2049,0.1144,1.79,0.569,0.4244,0.1446,L3
震荡-全样本,量能金叉 + 中枢极限底 + 放量,1493,0.1496,0.0746,2.007,0.5968,0.4244,0.1723,L3
震荡-全样本,量能金叉 + 中枢极限底 + KDJ低位金叉,836,0.0937,0.0344,2.722,0.6675,0.4244,0.243,L3
震荡-全样本,量能金叉 + 中枢极限底 + 量比大于1_3,1470,0.1498,0.0716,2.093,0.6068,0.4244,0.1824,L3
震荡-全样本,量能金叉 + 中枢极限底 + 中枢进机会区,914,0.0951,0.0431,2.206,0.6193,0.4244,0.1948,L3
震荡-全样本,量能金叉 + 中枢极限底 + BOLL触下轨反弹,1128,0.1135,0.056,2.028,0.5993,0.4244,0.1749,L3
震荡-全样本,量能金叉 + 中枢极限底 + RSI6超卖,1443,0.15,0.0681,2.202,0.6188,0.4244,0.1944,L3
震荡-全样本,量能金叉 + 放量 + KDJ低位金叉,1246,0.1295,0.0588,2.201,0.6188,0.4244,0.1943,L3
震荡-全样本,量能金叉 + 放量 + 量比大于1_3,2723,0.2462,0.1557,1.582,0.5384,0.4244,0.1139,L3
震荡-全样本,量能金叉 + 放量 + 中枢进机会区,1419,0.1323,0.0782,1.693,0.5553,0.4244,0.1309,L3
震荡-全样本,量能金叉 + 放量 + BOLL触下轨反弹,2070,0.1881,0.1177,1.599,0.5411,0.4244,0.1166,L3
震荡-全样本,量能金叉 + 放量 + RSI6超卖,2416,0.2296,0.1299,1.767,0.5658,0.4244,0.1414,L3
震荡-全样本,量能金叉 + KDJ低位金叉 + 量比大于1_3,1236,0.1302,0.0571,2.28,0.627,0.4244,0.2026,L3
震荡-全样本,量能金叉 + KDJ低位金叉 + 中枢进机会区,542,0.059,0.0237,2.492,0.6476,0.4244,0.2232,L3
震荡-全样本,量能金叉 + KDJ低位金叉 + BOLL触下轨反弹,956,0.1011,0.0438,2.306,0.6297,0.4244,0.2053,L3
震荡-全样本,量能金叉 + KDJ低位金叉 + RSI6超卖,1233,0.1322,0.0552,2.393,0.6383,0.4244,0.2138,L3
震荡-全样本,量能金叉 + 量比大于1_3 + 中枢进机会区,1389,0.1313,0.0752,1.747,0.563,0.4244,0.1386,L3
震荡-全样本,量能金叉 + 量比大于1_3 + BOLL触下轨反弹,2031,0.1864,0.1141,1.634,0.5465,0.4244,0.1221,L3
震荡-全样本,量能金叉 + 量比大于1_3 + RSI6超卖,2375,0.2286,0.1256,1.82,0.5731,0.4244,0.1486,L3
震荡-全样本,量能金叉 + 中枢进机会区 + BOLL触下轨反弹,1107,0.1021,0.0618,1.652,0.5492,0.4244,0.1248,L3
震荡-全样本,量能金叉 + 中枢进机会区 + RSI6超卖,1297,0.1285,0.0659,1.95,0.5898,0.4244,0.1654,L3
震荡-全样本,量能金叉 + BOLL触下轨反弹 + RSI6超卖,1891,0.1797,0.1017,1.767,0.5658,0.4244,0.1414,L3
震荡-全样本,量比>=2 + 量比大于2 + 量能递增,483,0.044,0.0274,1.608,0.5424,0.4244,0.118,L3
震荡-全样本,量比>=2 + 量比大于2 + 价涨量增,525,0.0475,0.03,1.586,0.539,0.4244,0.1146,L3
震荡-全样本,量比>=2 + 量比大于2 + 中枢极限底,284,0.0272,0.0151,1.801,0.5704,0.4244,0.146,L3
震荡-全样本,量比>=2 + 量比大于2 + 放量,546,0.0489,0.0316,1.548,0.533,0.4244,0.1085,L3
震荡-全样本,量比>=2 + 量比大于2 + KDJ低位金叉,262,0.0277,0.012,2.307,0.6298,0.4244,0.2053,L3
震荡-全样本,量比>=2 + 量比大于2 + 量比大于1_3,551,0.0492,0.032,1.54,0.5318,0.4244,0.1073,L3
震荡-全样本,量比>=2 + 量比大于2 + 中枢进机会区,232,0.0203,0.0137,1.478,0.5216,0.4244,0.0971,L3
震荡-全样本,量比>=2 + 量比大于2 + BOLL触下轨反弹,439,0.0398,0.025,1.591,0.5399,0.4244,0.1154,L3
震荡-全样本,量比>=2 + 量比大于2 + RSI6超卖,489,0.0448,0.0275,1.631,0.546,0.4244,0.1216,L3
震荡-全样本,量比>=2 + 量能递增 + 价涨量增,469,0.043,0.0264,1.63,0.5458,0.4244,0.1214,L3
震荡-全样本,量比>=2 + 量能递增 + 中枢极限底,252,0.0245,0.0131,1.868,0.5794,0.4244,0.1549,L3
震荡-全样本,量比>=2 + 量能递增 + 放量,483,0.044,0.0274,1.608,0.5424,0.4244,0.118,L3
震荡-全样本,量比>=2 + 量能递增 + KDJ低位金叉,216,0.024,0.009,2.656,0.662,0.4244,0.2376,L3
震荡-全样本,量比>=2 + 量能递增 + 量比大于1_3,483,0.044,0.0274,1.608,0.5424,0.4244,0.118,L3
震荡-全样本,量比>=2 + 量能递增 + 中枢进机会区,201,0.018,0.0116,1.544,0.5323,0.4244,0.1079,L3
震荡-全样本,量比>=2 + 量能递增 + BOLL触下轨反弹,393,0.0356,0.0224,1.588,0.5394,0.4244,0.115,L3
震荡-全样本,量比>=2 + 量能递增 + RSI6超卖,424,0.0396,0.0233,1.702,0.5566,0.4244,0.1322,L3
震荡-全样本,量比>=2 + 价涨量增 + 中枢极限底,278,0.0265,0.0149,1.785,0.5683,0.4244,0.1439,L3
震荡-全样本,量比>=2 + 价涨量增 + 放量,525,0.0475,0.03,1.586,0.539,0.4244,0.1146,L3
震荡-全样本,量比>=2 + 价涨量增 + KDJ低位金叉,248,0.027,0.0108,2.509,0.6492,0.4244,0.2248,L3
震荡-全样本,量比>=2 + 价涨量增 + 量比大于1_3,525,0.0475,0.03,1.586,0.539,0.4244,0.1146,L3
震荡-全样本,量比>=2 + 价涨量增 + 中枢进机会区,223,0.0195,0.0133,1.47,0.5202,0.4244,0.0957,L3
震荡-全样本,量比>=2 + 价涨量增 + BOLL触下轨反弹,419,0.0388,0.0233,1.666,0.5513,0.4244,0.1269,L3
震荡-全样本,量比>=2 + 价涨量增 + RSI6超卖,467,0.0435,0.0258,1.689,0.5546,0.4244,0.1302,L3
震荡-全样本,量比>=2 + 中枢极限底 + 放量,283,0.027,0.0151,1.79,0.5689,0.4244,0.1445,L3
震荡-全样本,量比>=2 + 中枢极限底 + KDJ低位金叉,152,0.0171,0.0062,2.766,0.6711,0.4244,0.2466,L3
震荡-全样本,量比>=2 + 中枢极限底 + 量比大于1_3,284,0.0272,0.0151,1.801,0.5704,0.4244,0.146,L3
震荡-全样本,量比>=2 + 中枢极限底 + 中枢进机会区,157,0.0151,0.0083,1.822,0.5732,0.4244,0.1488,L3
震荡-全样本,量比>=2 + 中枢极限底 + BOLL触下轨反弹,233,0.022,0.0126,1.742,0.5622,0.4244,0.1378,L3
震荡-全样本,量比>=2 + 中枢极限底 + RSI6超卖,273,0.0264,0.0144,1.835,0.5751,0.4244,0.1507,L3
震荡-全样本,量比>=2 + 放量 + KDJ低位金叉,257,0.0274,0.0116,2.351,0.6342,0.4244,0.2098,L3
震荡-全样本,量比>=2 + 放量 + 量比大于1_3,546,0.0489,0.0316,1.548,0.533,0.4244,0.1085,L3
震荡-全样本,量比>=2 + 放量 + 中枢进机会区,231,0.0202,0.0137,1.466,0.5195,0.4244,0.095,L3
震荡-全样本,量比>=2 + 放量 + BOLL触下轨反弹,435,0.0395,0.0248,1.593,0.5402,0.4244,0.1158,L3
震荡-全样本,量比>=2 + 放量 + RSI6超卖,484,0.0445,0.0271,1.641,0.5475,0.4244,0.1231,L3
震荡-全样本,量比>=2 + KDJ低位金叉 + 量比大于1_3,262,0.0277,0.012,2.307,0.6298,0.4244,0.2053,L3
震荡-全样本,量比>=2 + KDJ低位金叉 + 中枢进机会区,84,0.0089,0.0038,2.318,0.631,0.4244,0.2065,L3
震荡-全样本,量比>=2 + KDJ低位金叉 + BOLL触下轨反弹,207,0.0222,0.0093,2.387,0.6377,0.4244,0.2132,L3
震荡-全样本,量比>=2 + KDJ低位金叉 + RSI6超卖,260,0.0274,0.012,2.279,0.6269,0.4244,0.2025,L3
震荡-全样本,量比>=2 + 量比大于1_3 + 中枢进机会区,232,0.0203,0.0137,1.478,0.5216,0.4244,0.0971,L3
震荡-全样本,量比>=2 + 量比大于1_3 + BOLL触下轨反弹,439,0.0398,0.025,1.591,0.5399,0.4244,0.1154,L3
震荡-全样本,量比>=2 + 量比大于1_3 + RSI6超卖,489,0.0448,0.0275,1.631,0.546,0.4244,0.1216,L3
震荡-全样本,量比>=2 + 中枢进机会区 + BOLL触下轨反弹,191,0.0166,0.0114,1.459,0.5183,0.4244,0.0939,L3
震荡-全样本,量比>=2 + 中枢进机会区 + RSI6超卖,212,0.0191,0.0121,1.577,0.5377,0.4244,0.1133,L3
震荡-全样本,量比>=2 + BOLL触下轨反弹 + RSI6超卖,398,0.0368,0.0222,1.659,0.5503,0.4244,0.1258,L3
震荡-全样本,量比大于2 + MA55上穿MA89 + 量能递增,83,0.0082,0.0042,1.954,0.5904,0.4244,0.1659,L3
震荡-全样本,量比大于2 + MA55上穿MA89 + 价涨量增,94,0.0092,0.0048,1.912,0.5851,0.4244,0.1607,L3
震荡-全样本,量比大于2 + MA55上穿MA89 + 中枢极限底,60,0.0066,0.0026,2.518,0.65,0.4244,0.2256,L3
震荡-全样本,量比大于2 + MA55上穿MA89 + 放量,105,0.0106,0.0052,2.034,0.6,0.4244,0.1756,L3
震荡-全样本,量比大于2 + MA55上穿MA89 + KDJ低位金叉,61,0.0066,0.0027,2.404,0.6393,0.4244,0.2149,L3
震荡-全样本,量比大于2 + MA55上穿MA89 + 量比大于1_3,108,0.0109,0.0053,2.05,0.6019,0.4244,0.1774,L3
震荡-全样本,量比大于2 + MA55上穿MA89 + 中枢进机会区,54,0.0059,0.0024,2.498,0.6481,0.4244,0.2237,L3
震荡-全样本,量比大于2 + MA55上穿MA89 + BOLL触下轨反弹,68,0.0064,0.0037,1.718,0.5588,0.4244,0.1344,L3
震荡-全样本,量比大于2 + MA55上穿MA89 + RSI6超卖,97,0.0102,0.0045,2.298,0.6289,0.4244,0.2044,L3
震荡-全样本,量比大于2 + 量能递增 + 突破前高,129,0.0106,0.0082,1.294,0.4884,0.4244,0.0639,L3
震荡-全样本,量比大于2 + 量能递增 + 价涨量增,2743,0.2482,0.1567,1.584,0.5388,0.4244,0.1144,L3
震荡-全样本,量比大于2 + 量能递增 + 中枢极限底,1610,0.156,0.0843,1.85,0.577,0.4244,0.1526,L3
震荡-全样本,量比大于2 + 量能递增 + 放量,2936,0.2637,0.1692,1.559,0.5347,0.4244,0.1103,L3
震荡-全样本,量比大于2 + 量能递增 + KDJ低位金叉,1315,0.1392,0.0602,2.313,0.6304,0.4244,0.206,L3
震荡-全样本,量比大于2 + 量能递增 + 量比大于1_3,2940,0.264,0.1694,1.558,0.5347,0.4244,0.1103,L3
震荡-全样本,量比大于2 + 量能递增 + 中枢进机会区,1325,0.1226,0.0737,1.664,0.5509,0.4244,0.1265,L3
震荡-全样本,量比大于2 + 量能递增 + BOLL触下轨反弹,2195,0.1965,0.127,1.548,0.533,0.4244,0.1086,L3
震荡-全样本,量比大于2 + 量能递增 + RSI6超卖,2548,0.24,0.1386,1.732,0.5608,0.4244,0.1364,L3
震荡-全样本,量比大于2 + 突破前高 + 价涨量增,134,0.0111,0.0084,1.316,0.4925,0.4244,0.0681,L3
震荡-全样本,量比大于2 + 突破前高 + 放量,134,0.0111,0.0084,1.316,0.4925,0.4244,0.0681,L3
震荡-全样本,量比大于2 + 突破前高 + 量比大于1_3,134,0.0111,0.0084,1.316,0.4925,0.4244,0.0681,L3
震荡-全样本,量比大于2 + 突破前高 + 中枢进机会区,53,0.0045,0.0032,1.408,0.5094,0.4244,0.085,L3
震荡-全样本,量比大于2 + 突破前高 + BOLL触下轨反弹,100,0.0081,0.0064,1.252,0.48,0.4244,0.0556,L3
震荡-全样本,量比大于2 + 突破前高 + RSI6超卖,80,0.0069,0.0048,1.426,0.5125,0.4244,0.0881,L3
震荡-全样本,量比大于2 + 价涨量增 + 中枢极限底,1736,0.1643,0.0939,1.75,0.5634,0.4244,0.1389,L3
震荡-全样本,量比大于2 + 价涨量增 + 放量,3268,0.2837,0.1956,1.451,0.5168,0.4244,0.0924,L3
震荡-全样本,量比大于2 + 价涨量增 + KDJ低位金叉,1524,0.1537,0.0754,2.037,0.6004,0.4244,0.176,L3
震荡-全样本,量比大于2 + 价涨量增 + 量比大于1_3,3268,0.2837,0.1956,1.451,0.5168,0.4244,0.0924,L3
震荡-全样本,量比大于2 + 价涨量增 + 中枢进机会区,1415,0.128,0.0809,1.582,0.5385,0.4244,0.1141,L3
震荡-全样本,量比大于2 + 价涨量增 + BOLL触下轨反弹,2317,0.2062,0.1349,1.529,0.53,0.4244,0.1056,L3
震荡-全样本,量比大于2 + 价涨量增 + RSI6超卖,2780,0.2545,0.1567,1.624,0.545,0.4244,0.1205,L3
震荡-全样本,量比大于2 + 中枢极限底 + 放量,1891,0.1804,0.1012,1.783,0.568,0.4244,0.1435,L3
震荡-全样本,量比大于2 + 中枢极限底 + KDJ低位金叉,1040,0.1129,0.0456,2.476,0.6462,0.4244,0.2217,L3
震荡-全样本,量比大于2 + 中枢极限底 + 量比大于1_3,1914,0.1832,0.1019,1.798,0.57,0.4244,0.1456,L3
震荡-全样本,量比大于2 + 中枢极限底 + 中枢进机会区,1000,0.0981,0.0515,1.904,0.584,0.4244,0.1596,L3
震荡-全样本,量比大于2 + 中枢极限底 + BOLL触下轨反弹,1344,0.1313,0.0696,1.887,0.5818,0.4244,0.1574,L3
震荡-全样本,量比大于2 + 中枢极限底 + RSI6超卖,1800,0.1764,0.0929,1.898,0.5833,0.4244,0.1589,L3
震荡-全样本,量比大于2 + 放量 + KDJ低位金叉,1666,0.1673,0.083,2.016,0.5978,0.4244,0.1734,L3
震荡-全样本,量比大于2 + 放量 + 量比大于1_3,3567,0.3097,0.2134,1.451,0.517,0.4244,0.0925,L3
震荡-全样本,量比大于2 + 放量 + 中枢进机会区,1588,0.1443,0.0903,1.598,0.5409,0.4244,0.1165,L3
震荡-全样本,量比大于2 + 放量 + BOLL触下轨反弹,2536,0.2246,0.1485,1.512,0.5272,0.4244,0.1028,L3
震荡-全样本,量比大于2 + 放量 + RSI6超卖,3061,0.2796,0.1729,1.617,0.5439,0.4244,0.1195,L3
震荡-全样本,量比大于2 + KDJ低位金叉 + 量比大于1_3,1705,0.1711,0.085,2.014,0.5977,0.4244,0.1732,L3
震荡-全样本,量比大于2 + KDJ低位金叉 + 中枢进机会区,599,0.0633,0.0275,2.303,0.6294,0.4244,0.2049,L3
震荡-全样本,量比大于2 + KDJ低位金叉 + BOLL触下轨反弹,1213,0.124,0.0588,2.107,0.6084,0.4244,0.184,L3
震荡-全样本,量比大于2 + KDJ低位金叉 + RSI6超卖,1632,0.1668,0.0791,2.107,0.6085,0.4244,0.184,L3
震荡-全样本,量比大于2 + 量比大于1_3 + 中枢进机会区,1601,0.1456,0.0909,1.602,0.5415,0.4244,0.1171,L3
震荡-全样本,量比大于2 + 量比大于1_3 + BOLL触下轨反弹,2572,0.2284,0.1501,1.522,0.5288,0.4244,0.1043,L3
震荡-全样本,量比大于2 + 量比大于1_3 + RSI6超卖,3102,0.284,0.1748,1.625,0.5451,0.4244,0.1207,L3
震荡-全样本,量比大于2 + 中枢进机会区 + BOLL触下轨反弹,1175,0.1067,0.0669,1.595,0.5404,0.4244,0.116,L3
震荡-全样本,量比大于2 + 中枢进机会区 + RSI6超卖,1397,0.1345,0.0738,1.822,0.5734,0.4244,0.1489,L3
震荡-全样本,量比大于2 + BOLL触下轨反弹 + RSI6超卖,2305,0.212,0.1292,1.641,0.5475,0.4244,0.1231,L3
震荡-全样本,MA55上穿MA89 + 量能递增 + 价涨量增,151,0.0139,0.0084,1.655,0.5497,0.4244,0.1252,L3
震荡-全样本,MA55上穿MA89 + 量能递增 + 中枢极限底,106,0.0116,0.0046,2.529,0.6509,0.4244,0.2265,L3
震荡-全样本,MA55上穿MA89 + 量能递增 + 放量,187,0.0176,0.0102,1.736,0.5615,0.4244,0.1371,L3
震荡-全样本,MA55上穿MA89 + 量能递增 + KDJ低位金叉,78,0.0077,0.004,1.949,0.5897,0.4244,0.1653,L3
震荡-全样本,MA55上穿MA89 + 量能递增 + 量比大于1_3,154,0.0143,0.0085,1.671,0.5519,0.4244,0.1275,L3
震荡-全样本,MA55上穿MA89 + 量能递增 + 中枢进机会区,118,0.0121,0.0057,2.123,0.6102,0.4244,0.1857,L3
震荡-全样本,MA55上穿MA89 + 量能递增 + BOLL触下轨反弹,137,0.0123,0.0079,1.547,0.5328,0.4244,0.1084,L3
震荡-全样本,MA55上穿MA89 + 量能递增 + RSI6超卖,173,0.0176,0.0084,2.094,0.6069,0.4244,0.1825,L3
震荡-全样本,MA55上穿MA89 + 价涨量增 + 中枢极限底,95,0.0092,0.005,1.865,0.5789,0.4244,0.1545,L3
震荡-全样本,MA55上穿MA89 + 价涨量增 + 放量,214,0.0176,0.0135,1.306,0.4907,0.4244,0.0662,L3
震荡-全样本,MA55上穿MA89 + 价涨量增 + KDJ低位金叉,94,0.0082,0.0056,1.477,0.5213,0.4244,0.0968,L3
震荡-全样本,MA55上穿MA89 + 价涨量增 + 量比大于1_3,187,0.0158,0.0115,1.371,0.5027,0.4244,0.0782,L3
震荡-全样本,MA55上穿MA89 + 价涨量增 + 中枢进机会区,100,0.0089,0.0058,1.529,0.53,0.4244,0.1056,L3
震荡-全样本,MA55上穿MA89 + 价涨量增 + BOLL触下轨反弹,144,0.0114,0.0094,1.213,0.4722,0.4244,0.0478,L3
震荡-全样本,MA55上穿MA89 + 价涨量增 + RSI6超卖,176,0.0151,0.0107,1.419,0.5114,0.4244,0.0869,L3
震荡-全样本,MA55上穿MA89 + 中枢极限底 + 放量,118,0.0124,0.0054,2.281,0.6271,0.4244,0.2027,L3
震荡-全样本,MA55上穿MA89 + 中枢极限底 + KDJ低位金叉,110,0.0104,0.0059,1.752,0.5636,0.4244,0.1392,L3
震荡-全样本,MA55上穿MA89 + 中枢极限底 + 量比大于1_3,116,0.0119,0.0056,2.14,0.6121,0.4244,0.1876,L3
震荡-全样本,MA55上穿MA89 + 中枢极限底 + 中枢进机会区,108,0.0119,0.0046,2.602,0.6574,0.4244,0.233,L3
震荡-全样本,MA55上穿MA89 + 中枢极限底 + BOLL触下轨反弹,112,0.0102,0.0063,1.622,0.5446,0.4244,0.1202,L3
震荡-全样本,MA55上穿MA89 + 中枢极限底 + RSI6超卖,163,0.0165,0.0081,2.045,0.6012,0.4244,0.1768,L3
震荡-全样本,MA55上穿MA89 + 放量 + KDJ低位金叉,115,0.0107,0.0063,1.702,0.5565,0.4244,0.1321,L3
震荡-全样本,MA55上穿MA89 + 放量 + 量比大于1_3,222,0.0191,0.0134,1.431,0.5135,0.4244,0.0891,L3
震荡-全样本,MA55上穿MA89 + 放量 + 中枢进机会区,135,0.0134,0.0068,1.972,0.5926,0.4244,0.1682,L3
震荡-全样本,MA55上穿MA89 + 放量 + BOLL触下轨反弹,174,0.0148,0.0107,1.388,0.5057,0.4244,0.0813,L3
震荡-全样本,MA55上穿MA89 + 放量 + RSI6超卖,221,0.0207,0.0121,1.702,0.5566,0.4244,0.1321,L3
震荡-全样本,MA55上穿MA89 + KDJ低位金叉 + 量比大于1_3,118,0.0107,0.0067,1.607,0.5424,0.4244,0.1179,L3
震荡-全样本,MA55上穿MA89 + KDJ低位金叉 + 中枢进机会区,75,0.0077,0.0036,2.151,0.6133,0.4244,0.1889,L3
震荡-全样本,MA55上穿MA89 + KDJ低位金叉 + BOLL触下轨反弹,127,0.0104,0.0081,1.293,0.4882,0.4244,0.0638,L3
震荡-全样本,MA55上穿MA89 + KDJ低位金叉 + RSI6超卖,167,0.0149,0.0097,1.547,0.5329,0.4244,0.1085,L3
震荡-全样本,MA55上穿MA89 + 量比大于1_3 + 中枢进机会区,122,0.0121,0.0062,1.953,0.5902,0.4244,0.1657,L3
震荡-全样本,MA55上穿MA89 + 量比大于1_3 + BOLL触下轨反弹,161,0.0136,0.0099,1.373,0.5031,0.4244,0.0787,L3
震荡-全样本,MA55上穿MA89 + 量比大于1_3 + RSI6超卖,213,0.0193,0.0121,1.591,0.5399,0.4244,0.1155,L3
震荡-全样本,MA55上穿MA89 + 中枢进机会区 + BOLL触下轨反弹,119,0.0102,0.0072,1.426,0.5126,0.4244,0.0882,L3
震荡-全样本,MA55上穿MA89 + 中枢进机会区 + RSI6超卖,164,0.017,0.0078,2.174,0.6159,0.4244,0.1914,L3
震荡-全样本,MA55上穿MA89 + BOLL触下轨反弹 + RSI6超卖,212,0.018,0.013,1.382,0.5047,0.4244,0.0803,L3
震荡-全样本,量能递增 + 突破前高 + 价涨量增,145,0.0114,0.0095,1.198,0.469,0.4244,0.0445,L3
震荡-全样本,量能递增 + 突破前高 + 放量,145,0.0114,0.0095,1.198,0.469,0.4244,0.0445,L3
震荡-全样本,量能递增 + 突破前高 + 量比大于1_3,144,0.0113,0.0095,1.18,0.4653,0.4244,0.0408,L3
震荡-全样本,量能递增 + 突破前高 + 中枢进机会区,61,0.0049,0.004,1.229,0.4754,0.4244,0.051,L3
震荡-全样本,量能递增 + 突破前高 + BOLL触下轨反弹,110,0.0082,0.0076,1.089,0.4455,0.4244,0.021,L3
震荡-全样本,量能递增 + 突破前高 + RSI6超卖,86,0.0069,0.0056,1.236,0.4767,0.4244,0.0523,L3
震荡-全样本,量能递增 + 价涨量增 + 中枢极限底,3104,0.2852,0.1741,1.638,0.547,0.4244,0.1226,L3
震荡-全样本,量能递增 + 价涨量增 + 放量,5873,0.5047,0.3552,1.421,0.5117,0.4244,0.0872,L3
震荡-全样本,量能递增 + 价涨量增 + KDJ低位金叉,2631,0.2618,0.1328,1.972,0.5926,0.4244,0.1681,L3
震荡-全样本,量能递增 + 价涨量增 + 量比大于1_3,5224,0.4575,0.3096,1.478,0.5214,0.4244,0.097,L3
震荡-全样本,量能递增 + 价涨量增 + 中枢进机会区,2580,0.2235,0.1547,1.445,0.5159,0.4244,0.0915,L3
震荡-全样本,量能递增 + 价涨量增 + BOLL触下轨反弹,4503,0.3937,0.2674,1.472,0.5205,0.4244,0.0961,L3
震荡-全样本,量能递增 + 价涨量增 + RSI6超卖,5011,0.453,0.2866,1.581,0.5382,0.4244,0.1138,L3
震荡-全样本,量能递增 + 中枢极限底 + 放量,3646,0.3304,0.208,1.589,0.5395,0.4244,0.1151,L3
震荡-全样本,量能递增 + 中枢极限底 + KDJ低位金叉,1953,0.1975,0.0962,2.052,0.6022,0.4244,0.1777,L3
震荡-全样本,量能递增 + 中枢极限底 + 量比大于1_3,3162,0.2931,0.1755,1.67,0.5519,0.4244,0.1274,L3
震荡-全样本,量能递增 + 中枢极限底 + 中枢进机会区,2155,0.1965,0.122,1.611,0.5429,0.4244,0.1185,L3
震荡-全样本,量能递增 + 中枢极限底 + BOLL触下轨反弹,2958,0.2625,0.1728,1.519,0.5284,0.4244,0.104,L3
震荡-全样本,量能递增 + 中枢极限底 + RSI6超卖,3756,0.3421,0.2129,1.607,0.5423,0.4244,0.1179,L3
震荡-全样本,量能递增 + 放量 + KDJ低位金叉,2945,0.287,0.1531,1.875,0.5803,0.4244,0.1559,L3
震荡-全样本,量能递增 + 放量 + 量比大于1_3,5908,0.5079,0.3572,1.422,0.5118,0.4244,0.0874,L3
震荡-全样本,量能递增 + 放量 + 中枢进机会区,3176,0.2746,0.1909,1.439,0.5148,0.4244,0.0904,L3
震荡-全样本,量能递增 + 放量 + BOLL触下轨反弹,5232,0.4452,0.3197,1.393,0.5067,0.4244,0.0823,L3
震荡-全样本,量能递增 + 放量 + RSI6超卖,5907,0.5235,0.3456,1.515,0.5277,0.4244,0.1032,L3
震荡-全样本,量能递增 + KDJ低位金叉 + 量比大于1_3,2631,0.2618,0.1328,1.972,0.5926,0.4244,0.1681,L3
震荡-全样本,量能递增 + KDJ低位金叉 + 中枢进机会区,1020,0.0994,0.053,1.876,0.5804,0.4244,0.156,L3
震荡-全样本,量能递增 + KDJ低位金叉 + BOLL触下轨反弹,2378,0.2298,0.1251,1.837,0.5753,0.4244,0.1508,L3
震荡-全样本,量能递增 + KDJ低位金叉 + RSI6超卖,3035,0.2927,0.16,1.829,0.5743,0.4244,0.1499,L3
震荡-全样本,量能递增 + 量比大于1_3 + 中枢进机会区,2690,0.2353,0.1596,1.474,0.5208,0.4244,0.0964,L3
震荡-全样本,量能递增 + 量比大于1_3 + BOLL触下轨反弹,4501,0.3912,0.269,1.454,0.5174,0.4244,0.093,L3
震荡-全样本,量能递增 + 量比大于1_3 + RSI6超卖,5114,0.4614,0.2932,1.574,0.5372,0.4244,0.1127,L3
震荡-全样本,量能递增 + 中枢进机会区 + BOLL触下轨反弹,2681,0.2232,0.1675,1.333,0.4957,0.4244,0.0713,L3
震荡-全样本,量能递增 + 中枢进机会区 + RSI6超卖,3053,0.2731,0.1767,1.545,0.5326,0.4244,0.1082,L3
震荡-全样本,量能递增 + BOLL触下轨反弹 + RSI6超卖,5009,0.434,0.3003,1.445,0.5159,0.4244,0.0914,L3
震荡-全样本,突破前高 + 价涨量增 + 放量,156,0.0124,0.0102,1.224,0.4744,0.4244,0.0499,L3
震荡-全样本,突破前高 + 价涨量增 + 量比大于1_3,155,0.0123,0.0102,1.207,0.471,0.4244,0.0465,L3
震荡-全样本,突破前高 + 价涨量增 + 中枢进机会区,62,0.005,0.004,1.271,0.4839,0.4244,0.0594,L3
震荡-全样本,突破前高 + 价涨量增 + BOLL触下轨反弹,112,0.0086,0.0076,1.134,0.4554,0.4244,0.0309,L3
震荡-全样本,突破前高 + 价涨量增 + RSI6超卖,89,0.0074,0.0056,1.326,0.4944,0.4244,0.0699,L3
震荡-全样本,突破前高 + 放量 + 量比大于1_3,155,0.0123,0.0102,1.207,0.471,0.4244,0.0465,L3
震荡-全样本,突破前高 + 放量 + 中枢进机会区,62,0.005,0.004,1.271,0.4839,0.4244,0.0594,L3
震荡-全样本,突破前高 + 放量 + BOLL触下轨反弹,112,0.0086,0.0076,1.134,0.4554,0.4244,0.0309,L3
震荡-全样本,突破前高 + 放量 + RSI6超卖,89,0.0074,0.0056,1.326,0.4944,0.4244,0.0699,L3
震荡-全样本,突破前高 + 量比大于1_3 + 中枢进机会区,62,0.005,0.004,1.271,0.4839,0.4244,0.0594,L3
震荡-全样本,突破前高 + 量比大于1_3 + BOLL触下轨反弹,111,0.0084,0.0076,1.112,0.4505,0.4244,0.026,L3
震荡-全样本,突破前高 + 量比大于1_3 + RSI6超卖,89,0.0074,0.0056,1.326,0.4944,0.4244,0.0699,L3
震荡-全样本,突破前高 + 中枢进机会区 + BOLL触下轨反弹,50,0.0037,0.0035,1.065,0.44,0.4244,0.0156,L3
震荡-全样本,突破前高 + BOLL触下轨反弹 + RSI6超卖,73,0.0057,0.0048,1.182,0.4658,0.4244,0.0413,L3
震荡-全样本,价涨量增 + 中枢极限底 + 放量,4026,0.3445,0.2446,1.408,0.5094,0.4244,0.085,L3
震荡-全样本,价涨量增 + 中枢极限底 + KDJ低位金叉,2206,0.2145,0.1151,1.864,0.5789,0.4244,0.1544,L3
震荡-全样本,价涨量增 + 中枢极限底 + 量比大于1_3,3628,0.3168,0.2158,1.468,0.5198,0.4244,0.0954,L3
震荡-全样本,价涨量增 + 中枢极限底 + 中枢进机会区,1990,0.176,0.1167,1.509,0.5266,0.4244,0.1022,L3
震荡-全样本,价涨量增 + 中枢极限底 + BOLL触下轨反弹,2883,0.2545,0.1694,1.502,0.5255,0.4244,0.1011,L3
震荡-全样本,价涨量增 + 中枢极限底 + RSI6超卖,3764,0.3315,0.2217,1.495,0.5244,0.4244,0.1,L3
震荡-全样本,价涨量增 + 放量 + KDJ低位金叉,3673,0.332,0.2101,1.581,0.5383,0.4244,0.1138,L3
震荡-全样本,价涨量增 + 放量 + 量比大于1_3,7010,0.5615,0.4542,1.236,0.4769,0.4244,0.0525,L3
震荡-全样本,价涨量增 + 放量 + 中枢进机会区,3302,0.2718,0.2086,1.303,0.49,0.4244,0.0656,L3
震荡-全样本,价涨量增 + 放量 + BOLL触下轨反弹,5683,0.4661,0.3602,1.294,0.4883,0.4244,0.0639,L3
震荡-全样本,价涨量增 + 放量 + RSI6超卖,6616,0.5524,0.4121,1.341,0.4971,0.4244,0.0727,L3
震荡-全样本,价涨量增 + KDJ低位金叉 + 量比大于1_3,3321,0.3055,0.186,1.642,0.5477,0.4244,0.1233,L3
震荡-全样本,价涨量增 + KDJ低位金叉 + 中枢进机会区,1141,0.1087,0.0612,1.776,0.567,0.4244,0.1426,L3
震荡-全样本,价涨量增 + KDJ低位金叉 + BOLL触下轨反弹,2635,0.2464,0.1447,1.703,0.5567,0.4244,0.1323,L3
震荡-全样本,价涨量增 + KDJ低位金叉 + RSI6超卖,3491,0.3215,0.1953,1.646,0.5483,0.4244,0.1238,L3
震荡-全样本,价涨量增 + 量比大于1_3 + 中枢进机会区,2939,0.245,0.1833,1.337,0.4964,0.4244,0.072,L3
震荡-全样本,价涨量增 + 量比大于1_3 + BOLL触下轨反弹,5028,0.4187,0.314,1.334,0.4958,0.4244,0.0714,L3
震荡-全样本,价涨量增 + 量比大于1_3 + RSI6超卖,5921,0.5013,0.3636,1.379,0.5041,0.4244,0.0797,L3
震荡-全样本,价涨量增 + 中枢进机会区 + BOLL触下轨反弹,2459,0.2054,0.1531,1.342,0.4974,0.4244,0.0729,L3
震荡-全样本,价涨量增 + 中枢进机会区 + RSI6超卖,2830,0.2477,0.1678,1.476,0.5212,0.4244,0.0968,L3
震荡-全样本,价涨量增 + BOLL触下轨反弹 + RSI6超卖,4989,0.4254,0.3042,1.399,0.5077,0.4244,0.0833,L3
震荡-全样本,中枢极限底 + 放量 + KDJ低位金叉,2649,0.2555,0.1397,1.829,0.5742,0.4244,0.1497,L3
震荡-全样本,中枢极限底 + 放量 + 量比大于1_3,4310,0.374,0.258,1.45,0.5167,0.4244,0.0923,L3
震荡-全样本,中枢极限底 + 放量 + 中枢进机会区,2621,0.2328,0.153,1.522,0.5288,0.4244,0.1044,L3
震荡-全样本,中枢极限底 + 放量 + BOLL触下轨反弹,3560,0.306,0.2153,1.422,0.5118,0.4244,0.0874,L3
震荡-全样本,中枢极限底 + 放量 + RSI6超卖,4707,0.4098,0.2808,1.46,0.5184,0.4244,0.0939,L3
震荡-全样本,中枢极限底 + KDJ低位金叉 + 量比大于1_3,2773,0.2645,0.1484,1.783,0.568,0.4244,0.1435,L3
震荡-全样本,中枢极限底 + KDJ低位金叉 + 中枢进机会区,1542,0.1439,0.0848,1.697,0.5558,0.4244,0.1313,L3
震荡-全样本,中枢极限底 + KDJ低位金叉 + BOLL触下轨反弹,2700,0.2499,0.1501,1.665,0.5511,0.4244,0.1267,L3
震荡-全样本,中枢极限底 + KDJ低位金叉 + RSI6超卖,3890,0.3401,0.231,1.472,0.5206,0.4244,0.0961,L3
震荡-全样本,中枢极限底 + 量比大于1_3 + 中枢进机会区,2464,0.2224,0.1412,1.575,0.5373,0.4244,0.1129,L3
震荡-全样本,中枢极限底 + 量比大于1_3 + BOLL触下轨反弹,3340,0.2968,0.1948,1.523,0.529,0.4244,0.1046,L3
震荡-全样本,中枢极限底 + 量比大于1_3 + RSI6超卖,4578,0.3992,0.2726,1.464,0.5192,0.4244,0.0948,L3
震荡-全样本,中枢极限底 + 中枢进机会区 + BOLL触下轨反弹,2481,0.2076,0.1542,1.346,0.4982,0.4244,0.0737,L3
震荡-全样本,中枢极限底 + 中枢进机会区 + RSI6超卖,3343,0.2885,0.2013,1.434,0.5139,0.4244,0.0895,L3
震荡-全样本,中枢极限底 + BOLL触下轨反弹 + RSI6超卖,4615,0.3848,0.2878,1.337,0.4964,0.4244,0.072,L3
震荡-全样本,放量 + KDJ低位金叉 + 量比大于1_3,3883,0.3502,0.2227,1.573,0.537,0.4244,0.1125,L3
震荡-全样本,放量 + KDJ低位金叉 + 中枢进机会区,1445,0.1377,0.0774,1.779,0.5675,0.4244,0.143,L3
震荡-全样本,放量 + KDJ低位金叉 + BOLL触下轨反弹,3157,0.287,0.1793,1.6,0.5413,0.4244,0.1169,L3
震荡-全样本,放量 + KDJ低位金叉 + RSI6超卖,4211,0.3794,0.2418,1.569,0.5365,0.4244,0.112,L3
震荡-全样本,放量 + 量比大于1_3 + 中枢进机会区,3634,0.304,0.2259,1.346,0.4981,0.4244,0.0736,L3
震荡-全样本,放量 + 量比大于1_3 + BOLL触下轨反弹,5941,0.4847,0.3784,1.281,0.4858,0.4244,0.0613,L3
震荡-全样本,放量 + 量比大于1_3 + RSI6超卖,7091,0.5905,0.4428,1.334,0.4958,0.4244,0.0714,L3
震荡-全样本,放量 + 中枢进机会区 + BOLL触下轨反弹,3183,0.261,0.2018,1.294,0.4882,0.4244,0.0638,L3
震荡-全样本,放量 + 中枢进机会区 + RSI6超卖,3740,0.3265,0.2224,1.468,0.5198,0.4244,0.0953,L3
震荡-全样本,放量 + BOLL触下轨反弹 + RSI6超卖,6168,0.5113,0.3869,1.321,0.4935,0.4244,0.0691,L3
震荡-全样本,KDJ低位金叉 + 量比大于1_3 + 中枢进机会区,1532,0.1444,0.0832,1.735,0.5614,0.4244,0.1369,L3
震荡-全样本,KDJ低位金叉 + 量比大于1_3 + BOLL触下轨反弹,3197,0.2921,0.1806,1.617,0.5439,0.4244,0.1195,L3
震荡-全样本,KDJ低位金叉 + 量比大于1_3 + RSI6超卖,4415,0.3912,0.2584,1.514,0.5275,0.4244,0.1031,L3
震荡-全样本,KDJ低位金叉 + 中枢进机会区 + BOLL触下轨反弹,1608,0.1337,0.1006,1.329,0.495,0.4244,0.0706,L3
震荡-全样本,KDJ低位金叉 + 中枢进机会区 + RSI6超卖,2171,0.1836,0.1335,1.375,0.5035,0.4244,0.079,L3
震荡-全样本,KDJ低位金叉 + BOLL触下轨反弹 + RSI6超卖,4538,0.3796,0.2821,1.345,0.498,0.4244,0.0736,L3
震荡-全样本,量比大于1_3 + 中枢进机会区 + BOLL触下轨反弹,2891,0.2424,0.1793,1.351,0.4991,0.4244,0.0747,L3
震荡-全样本,量比大于1_3 + 中枢进机会区 + RSI6超卖,3510,0.3072,0.2082,1.475,0.5211,0.4244,0.0966,L3
震荡-全样本,量比大于1_3 + BOLL触下轨反弹 + RSI6超卖,5799,0.4899,0.3569,1.373,0.503,0.4244,0.0786,L3
震荡-全样本,中枢进机会区 + BOLL触下轨反弹 + RSI6超卖,3871,0.3072,0.2529,1.215,0.4725,0.4244,0.0481,L3
震荡-全样本,量比>=1.0,6299,0.5626,0.3652,1.54,0.5318,0.4244,0.1074,L4
震荡-全样本,极限抄底 + 量比>=1.0,830,0.1088,0.0225,4.828,0.7807,0.4244,0.3563,L4
震荡-全样本,量能金叉 + 量比>=1.0,2020,0.2056,0.0986,2.085,0.6059,0.4244,0.1815,L4
震荡-全样本,大盘安全 + 量比>=1.0,3235,0.2414,0.2227,1.084,0.4442,0.4244,0.0198,L4
震荡-全样本,偏多共振 + 量比>=1.0,526,0.0437,0.0329,1.325,0.4943,0.4244,0.0699,L4
震荡-全样本,中枢进机会区 + 量比>=1.0,2770,0.2623,0.1496,1.753,0.5639,0.4244,0.1395,L4
震荡-全样本,量比>=1.3,3243,0.3178,0.1673,1.899,0.5834,0.4244,0.159,L4
震荡-全样本,极限抄底 + 量比>=1.3,573,0.0768,0.0144,5.342,0.7976,0.4244,0.3731,L4
震荡-全样本,量能金叉 + 量比>=1.3,1312,0.1389,0.0601,2.312,0.6303,0.4244,0.2059,L4
震荡-全样本,大盘安全 + 量比>=1.3,1466,0.1184,0.0943,1.256,0.4809,0.4244,0.0565,L4
震荡-全样本,偏多共振 + 量比>=1.3,223,0.0191,0.0135,1.418,0.5112,0.4244,0.0868,L4
震荡-全样本,中枢进机会区 + 量比>=1.3,1357,0.1352,0.0684,1.978,0.5932,0.4244,0.1688,L4
震荡-全样本,量比>=1.5,1955,0.1913,0.1011,1.893,0.5826,0.4244,0.1582,L4
震荡-全样本,极限抄底 + 量比>=1.5,362,0.0465,0.0105,4.419,0.7652,0.4244,0.3408,L4
震荡-全样本,量能金叉 + 量比>=1.5,878,0.0902,0.0422,2.136,0.6116,0.4244,0.1872,L4
震荡-全样本,大盘安全 + 量比>=1.5,861,0.0699,0.0551,1.268,0.4832,0.4244,0.0587,L4
震荡-全样本,偏多共振 + 量比>=1.5,139,0.0106,0.0094,1.124,0.4532,0.4244,0.0288,L4
震荡-全样本,中枢进机会区 + 量比>=1.5,771,0.0749,0.0403,1.861,0.5785,0.4244,0.154,L4
震荡-全样本,量比>=2.0,551,0.0492,0.032,1.54,0.5318,0.4244,0.1073,L4
震荡-全样本,极限抄底 + 量比>=2.0,101,0.0123,0.0035,3.535,0.7228,0.4244,0.2983,L4
震荡-全样本,量能金叉 + 量比>=2.0,319,0.0291,0.0181,1.607,0.5423,0.4244,0.1179,L4
震荡-全样本,大盘安全 + 量比>=2.0,246,0.0183,0.017,1.079,0.4431,0.4244,0.0187,L4
震荡-全样本,偏多共振 + 量比>=2.0,55,0.0042,0.0037,1.13,0.4545,0.4244,0.0301,L4
震荡-全样本,中枢进机会区 + 量比>=2.0,232,0.0203,0.0137,1.478,0.5216,0.4244,0.0971,L4
震荡-全样本,量比>=2.5,195,0.0171,0.0115,1.487,0.5231,0.4244,0.0986,L4
震荡-全样本,量能金叉 + 量比>=2.5,129,0.0118,0.0073,1.609,0.5426,0.4244,0.1182,L4
震荡-全样本,大盘安全 + 量比>=2.5,105,0.0079,0.0072,1.099,0.4476,0.4244,0.0232,L4
震荡-全样本,中枢进机会区 + 量比>=2.5,69,0.0067,0.0036,1.87,0.5797,0.4244,0.1553,L4
震荡-全样本,量比>=3.0,105,0.0081,0.0071,1.142,0.4571,0.4244,0.0327,L4
震荡-全样本,量能金叉 + 量比>=3.0,77,0.0064,0.0048,1.321,0.4935,0.4244,0.0691,L4
震荡-全样本,大盘安全 + 量比>=3.0,59,0.0037,0.0046,0.806,0.3729,0.4244,-0.0516,L4
震荡-全样本,距60日高点>=0.85,3691,0.2351,0.2838,0.829,0.3793,0.4244,-0.0451,L4
震荡-全样本,量能金叉 + 距60日高点>=0.85,935,0.0677,0.0659,1.027,0.431,0.4244,0.0066,L4
震荡-全样本,大盘安全 + 距60日高点>=0.85,2551,0.1423,0.211,0.674,0.332,0.4244,-0.0924,L4
震荡-全样本,偏多共振 + 距60日高点>=0.85,662,0.0386,0.0535,0.722,0.3474,0.4244,-0.077,L4
震荡-全样本,中枢进机会区 + 距60日高点>=0.85,1680,0.1156,0.1229,0.94,0.4095,0.4244,-0.0149,L4
震荡-全样本,距60日高点>=0.9,1195,0.0749,0.0928,0.807,0.3732,0.4244,-0.0512,L4
震荡-全样本,量能金叉 + 距60日高点>=0.9,308,0.0207,0.0229,0.902,0.3994,0.4244,-0.0251,L4
震荡-全样本,大盘安全 + 距60日高点>=0.9,887,0.0516,0.0718,0.718,0.3461,0.4244,-0.0783,L4
震荡-全样本,偏多共振 + 距60日高点>=0.9,254,0.0148,0.0206,0.719,0.3465,0.4244,-0.078,L4
震荡-全样本,中枢进机会区 + 距60日高点>=0.9,460,0.0306,0.0344,0.888,0.3957,0.4244,-0.0288,L4
震荡-全样本,距60日高点>=0.95,95,0.0057,0.0076,0.756,0.3579,0.4244,-0.0665,L4
震荡-全样本,大盘安全 + 距60日高点>=0.95,74,0.0042,0.0061,0.692,0.3378,0.4244,-0.0866,L4
震荡-全样本,距60日高点<=0.5,158,0.0175,0.0067,2.612,0.6582,0.4244,0.2338,L4
震荡-全样本,极限抄底 + 距60日高点<=0.5,95,0.0126,0.0025,5.085,0.7895,0.4244,0.365,L4
震荡-全样本,量能金叉 + 距60日高点<=0.5,50,0.0079,0.0004,21.245,0.94,0.4244,0.5156,L4
震荡-全样本,大盘安全 + 距60日高点<=0.5,122,0.0158,0.0035,4.552,0.7705,0.4244,0.3461,L4
震荡-全样本,距60日高点<=0.6,776,0.0727,0.0425,1.712,0.558,0.4244,0.1336,L4
震荡-全样本,极限抄底 + 距60日高点<=0.6,290,0.0356,0.0097,3.686,0.731,0.4244,0.3066,L4
震荡-全样本,量能金叉 + 距60日高点<=0.6,191,0.0238,0.0061,3.93,0.7435,0.4244,0.319,L4
震荡-全样本,大盘安全 + 距60日高点<=0.6,525,0.0554,0.0242,2.295,0.6286,0.4244,0.2041,L4
震荡-全样本,中枢进机会区 + 距60日高点<=0.6,158,0.0128,0.0102,1.257,0.481,0.4244,0.0566,L4
震荡-全样本,距60日高点<=0.7,2801,0.2316,0.1761,1.315,0.4923,0.4244,0.0679,L4
震荡-全样本,极限抄底 + 距60日高点<=0.7,641,0.0721,0.0263,2.744,0.6693,0.4244,0.2448,L4
震荡-全样本,量能金叉 + 距60日高点<=0.7,467,0.0529,0.0188,2.81,0.6745,0.4244,0.2501,L4
震荡-全样本,大盘安全 + 距60日高点<=0.7,1587,0.1297,0.1009,1.285,0.4865,0.4244,0.062,L4
震荡-全样本,偏多共振 + 距60日高点<=0.7,145,0.0118,0.0093,1.266,0.4828,0.4244,0.0583,L4
震荡-全样本,中枢进机会区 + 距60日高点<=0.7,781,0.0623,0.0508,1.227,0.475,0.4244,0.0506,L4
震荡-全样本,距60日高点<=0.8,7446,0.5673,0.5038,1.126,0.4537,0.4244,0.0292,L4
震荡-全样本,极限抄底 + 距60日高点<=0.8,1074,0.1204,0.0442,2.724,0.6676,0.4244,0.2432,L4
震荡-全样本,量能金叉 + 距60日高点<=0.8,1330,0.1365,0.064,2.132,0.6113,0.4244,0.1868,L4
震荡-全样本,大盘安全 + 距60日高点<=0.8,4038,0.2687,0.302,0.89,0.3962,0.4244,-0.0282,L4
震荡-全样本,偏多共振 + 距60日高点<=0.8,636,0.0492,0.0425,1.158,0.4607,0.4244,0.0363,L4
震荡-全样本,中枢进机会区 + 距60日高点<=0.8,2819,0.2249,0.1833,1.227,0.475,0.4244,0.0506,L4
震荡-全样本,距60日低点<=1.05,5997,0.3448,0.4885,0.706,0.3423,0.4244,-0.0821,L4
震荡-全样本,极限抄底 + 距60日低点<=1.05,355,0.028,0.0233,1.205,0.4704,0.4244,0.046,L4
震荡-全样本,量能金叉 + 距60日低点<=1.05,1133,0.0816,0.0801,1.019,0.4289,0.4244,0.0045,L4
震荡-全样本,大盘安全 + 距60日低点<=1.05,3940,0.216,0.3287,0.657,0.3264,0.4244,-0.098,L4
震荡-全样本,偏多共振 + 距60日低点<=1.05,201,0.0156,0.0134,1.168,0.4627,0.4244,0.0382,L4
震荡-全样本,中枢进机会区 + 距60日低点<=1.05,2528,0.1394,0.2103,0.663,0.3283,0.4244,-0.0961,L4
震荡-全样本,距60日低点<=1.1,8795,0.5882,0.6556,0.897,0.3982,0.4244,-0.0263,L4
震荡-全样本,极限抄底 + 距60日低点<=1.1,750,0.0794,0.0343,2.316,0.6307,0.4244,0.2062,L4
震荡-全样本,量能金叉 + 距60日低点<=1.1,1885,0.1609,0.1148,1.401,0.5082,0.4244,0.0838,L4
震荡-全样本,大盘安全 + 距60日低点<=1.1,5324,0.3136,0.4282,0.732,0.3507,0.4244,-0.0738,L4
震荡-全样本,偏多共振 + 距60日低点<=1.1,473,0.0405,0.0287,1.409,0.5095,0.4244,0.0851,L4
震荡-全样本,中枢进机会区 + 距60日低点<=1.1,3918,0.2719,0.2847,0.955,0.4132,0.4244,-0.0112,L4
震荡-全样本,距60日低点<=1.2,11820,0.8717,0.8212,1.062,0.4391,0.4244,0.0146,L4
震荡-全样本,极限抄底 + 距60日低点<=1.2,1106,0.1273,0.0431,2.954,0.6854,0.4244,0.2609,L4
震荡-全样本,量能金叉 + 距60日低点<=1.2,2569,0.2412,0.1403,1.719,0.559,0.4244,0.1345,L4
震荡-全样本,大盘安全 + 距60日低点<=1.2,6812,0.4187,0.5349,0.783,0.366,0.4244,-0.0585,L4
震荡-全样本,偏多共振 + 距60日低点<=1.2,938,0.0763,0.0599,1.272,0.484,0.4244,0.0596,L4
震荡-全样本,中枢进机会区 + 距60日低点<=1.2,5294,0.4071,0.3555,1.145,0.4579,0.4244,0.0334,L4
震荡-全样本,相对强弱>=-5.0,6288,0.3809,0.4979,0.765,0.3607,0.4244,-0.0637,L4
震荡-全样本,极限抄底 + 相对强弱>=-5.0,62,0.0069,0.0026,2.648,0.6613,0.4244,0.2369,L4
震荡-全样本,量能金叉 + 相对强弱>=-5.0,1318,0.0964,0.0921,1.046,0.4355,0.4244,0.0111,L4
震荡-全样本,大盘安全 + 相对强弱>=-5.0,3881,0.1985,0.3343,0.594,0.3046,0.4244,-0.1199,L4
震荡-全样本,偏多共振 + 相对强弱>=-5.0,774,0.0482,0.0603,0.799,0.3708,0.4244,-0.0536,L4
震荡-全样本,中枢进机会区 + 相对强弱>=-5.0,2852,0.1895,0.2135,0.887,0.3955,0.4244,-0.0289,L4
震荡-全样本,相对强弱>=0.0,1001,0.0648,0.0762,0.851,0.3856,0.4244,-0.0388,L4
震荡-全样本,量能金叉 + 相对强弱>=0.0,293,0.021,0.0208,1.009,0.4266,0.4244,0.0022,L4
震荡-全样本,大盘安全 + 相对强弱>=0.0,449,0.027,0.0357,0.758,0.3586,0.4244,-0.0659,L4
震荡-全样本,偏多共振 + 相对强弱>=0.0,170,0.0118,0.0124,0.949,0.4118,0.4244,-0.0127,L4
震荡-全样本,中枢进机会区 + 相对强弱>=0.0,479,0.0338,0.0344,0.98,0.4196,0.4244,-0.0048,L4
震荡-全样本,相对强弱>=5.0,99,0.0069,0.0072,0.959,0.4141,0.4244,-0.0103,L4
震荡-全样本,S-威科夫突破［威科夫B1突破 + SID小于等于2 + 放量］,87,0.0052,0.0069,0.751,0.3563,0.4244,-0.0681,L5
震荡-全样本,S-六脉震荡［六脉6红首发 + SID等于2 + 量能递增］,3472,0.2508,0.2451,1.023,0.43,0.4244,0.0056,L5
震荡-全样本,S-MACD金叉多头［MACD零轴上金叉 + 趋势多头 + 放量］,293,0.0207,0.0211,0.981,0.4198,0.4244,-0.0046,L5
震荡-全样本,S-超跌反弹［深跌(距前高>40%) + 大盘5日上涨 + MACD金叉态］,115,0.0064,0.0095,0.669,0.3304,0.4244,-0.094,L5
震荡-全样本,S-极限抄底反弹［极限抄底 + 大盘安全］,429,0.0459,0.0193,2.373,0.6364,0.4244,0.2119,L5
震荡-全样本,S-中枢机会区［中枢进机会区 + 量比>=1.3］,1357,0.1352,0.0684,1.978,0.5932,0.4244,0.1688,L5
震荡-1买,多头排列,121,0.0217,0.0163,1.335,0.6116,0.5412,0.0704,L1
震荡-1买,空头排列,5020,0.7528,0.8485,0.887,0.5114,0.5412,-0.0298,L1
震荡-1买,趋势多头,210,0.0355,0.0308,1.153,0.5762,0.5412,0.035,L1
震荡-1买,趋势空头,5186,0.7733,0.8817,0.877,0.5085,0.5412,-0.0327,L1
震荡-1买,上升中回调,218,0.0367,0.0322,1.14,0.5734,0.5412,0.0322,L1
震荡-1买,站上MA5,5851,0.9551,0.8973,1.064,0.5567,0.5412,0.0155,L1
震荡-1买,站上MA13,1983,0.2751,0.3615,0.761,0.473,0.5412,-0.0682,L1
震荡-1买,站上MA34,835,0.1155,0.1525,0.757,0.4719,0.5412,-0.0693,L1
震荡-1买,站上MA55,654,0.0997,0.1086,0.918,0.5199,0.5412,-0.0213,L1
震荡-1买,站上MA89,605,0.0848,0.1093,0.775,0.4777,0.5412,-0.0635,L1
震荡-1买,站上MA144,962,0.1199,0.1913,0.627,0.4252,0.5412,-0.116,L1
震荡-1买,站上MA233,1593,0.2106,0.3027,0.696,0.4507,0.5412,-0.0905,L1
震荡-1买,斐波短中多头,121,0.0232,0.0145,1.595,0.6529,0.5412,0.1117,L1
震荡-1买,斐波长多头,900,0.1337,0.1536,0.871,0.5067,0.5412,-0.0345,L1
震荡-1买,MA55上穿MA89,161,0.0311,0.019,1.634,0.6584,0.5412,0.1172,L1
震荡-1买,放量,4919,0.8173,0.7375,1.108,0.5666,0.5412,0.0254,L1
震荡-1买,缩量,5149,0.7716,0.871,0.886,0.511,0.5412,-0.0302,L1
震荡-1买,量比大于1,5840,0.9384,0.9132,1.028,0.5479,0.5412,0.0068,L1
震荡-1买,量比大于1_3,4616,0.7669,0.6921,1.108,0.5665,0.5412,0.0253,L1
震荡-1买,量比大于2,1921,0.3452,0.2574,1.341,0.6127,0.5412,0.0715,L1
震荡-1买,量能递增,4196,0.7176,0.605,1.186,0.5832,0.5412,0.042,L1
震荡-1买,价涨量增,3943,0.6716,0.5718,1.175,0.5808,0.5412,0.0396,L1
震荡-1买,价涨量缩,4713,0.7455,0.751,0.993,0.5394,0.5412,-0.0018,L1
震荡-1买,MACD_DIF大于0,589,0.1021,0.0834,1.224,0.5908,0.5412,0.0496,L1
震荡-1买,MACD金叉态,1678,0.2059,0.3376,0.61,0.4184,0.5412,-0.1228,L1
震荡-1买,MACD柱递增,5724,0.9249,0.889,1.04,0.551,0.5412,0.0098,L1
震荡-1买,MACD零轴上金叉,66,0.01,0.0111,0.901,0.5152,0.5412,-0.026,L1
震荡-1买,MACD底背离,2649,0.3188,0.5403,0.59,0.4103,0.5412,-0.1308,L1
震荡-1买,BOLL收上中轨,1280,0.1689,0.2435,0.694,0.45,0.5412,-0.0912,L1
震荡-1买,BOLL突破上轨,152,0.0191,0.0301,0.633,0.4276,0.5412,-0.1136,L1
震荡-1买,BOLL触下轨反弹,4619,0.7499,0.7132,1.051,0.5536,0.5412,0.0124,L1
震荡-1买,BOLL开口扩张,6061,0.9774,0.9436,1.036,0.5499,0.5412,0.0087,L1
震荡-1买,KDJ金叉态,5468,0.8862,0.8461,1.047,0.5527,0.5412,0.0115,L1
震荡-1买,KDJ_J超卖,5957,0.9419,0.9495,0.992,0.5392,0.5412,-0.002,L1
震荡-1买,KDJ低位金叉,3521,0.5891,0.523,1.126,0.5706,0.5412,0.0294,L1
震荡-1买,KDJ_D小于30,4984,0.7915,0.7904,1.001,0.5415,0.5412,0.0003,L1
震荡-1买,RSI6大于50,2437,0.3449,0.4362,0.791,0.4826,0.5412,-0.0586,L1
震荡-1买,RSI金叉,4797,0.7472,0.7779,0.961,0.5312,0.5412,-0.01,L1
震荡-1买,RSI6超卖,5864,0.9425,0.9166,1.028,0.5481,0.5412,0.0069,L1
震荡-1买,RSI底背离,2696,0.3622,0.5054,0.717,0.4581,0.5412,-0.0831,L1
震荡-1买,威科夫得分大于4,340,0.0513,0.0571,0.899,0.5147,0.5412,-0.0265,L1
震荡-1买,威科夫得分大于7,112,0.0185,0.0169,1.09,0.5625,0.5412,0.0213,L1
震荡-1买,积累阶段,1448,0.1587,0.3137,0.506,0.3736,0.5412,-0.1676,L1
震荡-1买,黄金柱,165,0.0205,0.0329,0.625,0.4242,0.5412,-0.1169,L1
震荡-1买,量能金叉,1710,0.3147,0.2203,1.428,0.6275,0.5412,0.0863,L1
震荡-1买,六脉红灯大于5,3657,0.5416,0.6261,0.865,0.5051,0.5412,-0.0361,L1
震荡-1买,六脉红灯大于6,2206,0.3141,0.3926,0.8,0.4855,0.5412,-0.0557,L1
震荡-1买,六脉6红首发,2206,0.3141,0.3926,0.8,0.4855,0.5412,-0.0557,L1
震荡-1买,六脉5红首发,3657,0.5416,0.6261,0.865,0.5051,0.5412,-0.0361,L1
震荡-1买,偏多共振,391,0.0754,0.0464,1.626,0.6573,0.5412,0.1161,L1
震荡-1买,多头共振,390,0.0751,0.0464,1.62,0.6564,0.5412,0.1152,L1
震荡-1买,火箭信号,499,0.0933,0.0626,1.49,0.6373,0.5412,0.0961,L1
震荡-1买,二连板,56,0.0117,0.0055,2.12,0.7143,0.5412,0.1731,L1
震荡-1买,极限抄底,803,0.1804,0.065,2.773,0.7659,0.5412,0.2247,L1
震荡-1买,中枢进机会区,2881,0.4824,0.4275,1.128,0.571,0.5412,0.0298,L1
震荡-1买,中枢极限底,3885,0.6402,0.5887,1.087,0.5619,0.5412,0.0207,L1
震荡-1买,中枢上穿中轴,975,0.1581,0.1508,1.048,0.5528,0.5412,0.0116,L1
震荡-1买,中枢底部蓄力,4917,0.7267,0.8437,0.861,0.504,0.5412,-0.0372,L1
震荡-1买,中枢底部回升,6039,0.9607,0.9557,1.005,0.5425,0.5412,0.0013,L1
震荡-1买,大盘多头,1063,0.1079,0.2404,0.449,0.3462,0.5412,-0.195,L1
震荡-1买,大盘空头,2543,0.3654,0.4486,0.814,0.49,0.5412,-0.0512,L1
震荡-1买,大盘安全,3300,0.4525,0.6077,0.745,0.4676,0.5412,-0.0736,L1
震荡-1买,SID等于1,1063,0.1079,0.2404,0.449,0.3462,0.5412,-0.195,L1
震荡-1买,SID等于2,6301,1.0,1.0,1.0,0.5412,0.5412,0.0,L1
震荡-1买,SID小于等于2,6301,1.0,1.0,1.0,0.5412,0.5412,0.0,L1
震荡-1买,大盘5日上涨,3774,0.5117,0.7018,0.729,0.4624,0.5412,-0.0788,L1
震荡-1买,相对强弱大于0,1792,0.2472,0.3283,0.753,0.4704,0.5412,-0.0708,L1
震荡-1买,相对强弱大于5,424,0.0642,0.0709,0.906,0.5165,0.5412,-0.0247,L1
震荡-1买,量比>=1.3,1959,0.3833,0.2255,1.7,0.6672,0.5412,0.126,L1
震荡-1买,量比>=2,289,0.051,0.0398,1.283,0.6021,0.5412,0.0609,L1
震荡-1买,距前高<=10%,284,0.0396,0.0515,0.768,0.4754,0.5412,-0.0658,L1
震荡-1买,深跌(距前高>40%),454,0.0953,0.0446,2.136,0.7159,0.5412,0.1747,L1
震荡-1买,距前低<=10%,4948,0.6956,0.891,0.781,0.4794,0.5412,-0.0618,L1
震荡-1买,相对强弱>=0,431,0.061,0.0771,0.791,0.4826,0.5412,-0.0586,L1
震荡-1买,多头排列 + 趋势多头,60,0.0094,0.0097,0.969,0.5333,0.5412,-0.0079,L2
震荡-1买,多头排列 + 站上MA5,92,0.0167,0.0121,1.381,0.6196,0.5412,0.0784,L2
震荡-1买,多头排列 + 站上MA13,55,0.0085,0.009,0.946,0.5273,0.5412,-0.0139,L2
震荡-1买,多头排列 + 站上MA34,68,0.0106,0.0111,0.954,0.5294,0.5412,-0.0118,L2
震荡-1买,多头排列 + 站上MA55,78,0.0126,0.0121,1.042,0.5513,0.5412,0.0101,L2
震荡-1买,多头排列 + 站上MA89,79,0.0132,0.0118,1.122,0.5696,0.5412,0.0284,L2
震荡-1买,多头排列 + 站上MA144,76,0.0126,0.0114,1.105,0.5658,0.5412,0.0246,L2
震荡-1买,多头排列 + 站上MA233,84,0.0147,0.0118,1.247,0.5952,0.5412,0.0541,L2
震荡-1买,多头排列 + 斐波短中多头,75,0.0129,0.0107,1.203,0.5867,0.5412,0.0455,L2
震荡-1买,多头排列 + 放量,98,0.0167,0.0142,1.179,0.5816,0.5412,0.0404,L2
震荡-1买,多头排列 + 缩量,99,0.0179,0.0131,1.361,0.6162,0.5412,0.075,L2
震荡-1买,多头排列 + 量比大于1,97,0.0167,0.0138,1.208,0.5876,0.5412,0.0464,L2
震荡-1买,多头排列 + 量比大于1_3,70,0.0111,0.0111,1.007,0.5429,0.5412,0.0017,L2
震荡-1买,多头排列 + 量能递增,114,0.0205,0.0152,1.349,0.614,0.5412,0.0729,L2
震荡-1买,多头排列 + 价涨量增,67,0.0114,0.0097,1.181,0.5821,0.5412,0.0409,L2
震荡-1买,多头排列 + 价涨量缩,95,0.0164,0.0135,1.217,0.5895,0.5412,0.0483,L2
震荡-1买,多头排列 + MACD_DIF大于0,118,0.0214,0.0156,1.375,0.6186,0.5412,0.0775,L2
震荡-1买,多头排列 + MACD金叉态,74,0.0126,0.0107,1.176,0.5811,0.5412,0.0399,L2
震荡-1买,多头排列 + MACD柱递增,59,0.0094,0.0093,1.005,0.5424,0.5412,0.0012,L2
震荡-1买,多头排列 + BOLL收上中轨,62,0.0097,0.01,0.965,0.5323,0.5412,-0.0089,L2
震荡-1买,多头排列 + BOLL触下轨反弹,97,0.0164,0.0142,1.158,0.5773,0.5412,0.0361,L2
震荡-1买,多头排列 + BOLL开口扩张,119,0.0211,0.0163,1.299,0.605,0.5412,0.0639,L2
震荡-1买,多头排列 + KDJ金叉态,53,0.0082,0.0086,0.95,0.5283,0.5412,-0.0129,L2
震荡-1买,多头排列 + KDJ_J超卖,104,0.0185,0.0142,1.303,0.6058,0.5412,0.0646,L2
震荡-1买,多头排列 + RSI6大于50,59,0.0091,0.0097,0.939,0.5254,0.5412,-0.0158,L2
震荡-1买,多头排列 + RSI金叉,58,0.0088,0.0097,0.908,0.5172,0.5412,-0.0239,L2
震荡-1买,多头排列 + RSI6超卖,86,0.0161,0.0107,1.504,0.6395,0.5412,0.0984,L2
震荡-1买,多头排列 + 威科夫得分大于4,86,0.0161,0.0107,1.504,0.6395,0.5412,0.0984,L2
震荡-1买,多头排列 + 威科夫得分大于7,50,0.0097,0.0059,1.646,0.66,0.5412,0.1188,L2
震荡-1买,多头排列 + 偏多共振,66,0.0111,0.0097,1.151,0.5758,0.5412,0.0346,L2
震荡-1买,多头排列 + 多头共振,66,0.0111,0.0097,1.151,0.5758,0.5412,0.0346,L2
震荡-1买,多头排列 + 中枢进机会区,87,0.0167,0.0104,1.611,0.6552,0.5412,0.114,L2
震荡-1买,多头排列 + 中枢极限底,51,0.0103,0.0055,1.855,0.6863,0.5412,0.1451,L2
震荡-1买,多头排列 + 中枢底部回升,90,0.017,0.0111,1.537,0.6444,0.5412,0.1033,L2
震荡-1买,多头排列 + SID等于2,121,0.0217,0.0163,1.335,0.6116,0.5412,0.0704,L2
震荡-1买,多头排列 + SID小于等于2,121,0.0217,0.0163,1.335,0.6116,0.5412,0.0704,L2
震荡-1买,多头排列 + 相对强弱大于0,107,0.0194,0.0142,1.365,0.6168,0.5412,0.0756,L2
震荡-1买,多头排列 + 相对强弱大于5,50,0.0088,0.0069,1.272,0.6,0.5412,0.0588,L2
震荡-1买,多头排列 + 距前低<=10%,70,0.0129,0.009,1.435,0.6286,0.5412,0.0874,L2
震荡-1买,空头排列 + 趋势空头,5019,0.7525,0.8485,0.887,0.5113,0.5412,-0.0299,L2
震荡-1买,空头排列 + 站上MA5,4684,0.724,0.7662,0.945,0.5271,0.5412,-0.0141,L2
震荡-1买,空头排列 + 站上MA13,1663,0.2264,0.3082,0.735,0.4642,0.5412,-0.077,L2
震荡-1买,空头排列 + 站上MA34,526,0.068,0.1017,0.669,0.4411,0.5412,-0.1001,L2
震荡-1买,空头排列 + 站上MA55,288,0.0384,0.0543,0.707,0.4549,0.5412,-0.0863,L2
震荡-1买,空头排列 + 站上MA89,249,0.0276,0.0536,0.514,0.3775,0.5412,-0.1637,L2
震荡-1买,空头排列 + 站上MA144,511,0.0484,0.1197,0.404,0.3229,0.5412,-0.2183,L2
震荡-1买,空头排列 + 站上MA233,972,0.1047,0.2127,0.492,0.3673,0.5412,-0.1739,L2
震荡-1买,空头排列 + 斐波长多头,558,0.0721,0.1079,0.668,0.4409,0.5412,-0.1003,L2
震荡-1买,空头排列 + MA55上穿MA89,75,0.0111,0.0128,0.871,0.5067,0.5412,-0.0345,L2
震荡-1买,空头排列 + 放量,3965,0.6284,0.6302,0.997,0.5405,0.5412,-0.0007,L2
震荡-1买,空头排列 + 缩量,4022,0.5525,0.7395,0.747,0.4684,0.5412,-0.0728,L2
震荡-1买,空头排列 + 量比大于1,4697,0.7152,0.781,0.916,0.5193,0.5412,-0.0219,L2
震荡-1买,空头排列 + 量比大于1_3,3709,0.5889,0.5884,1.001,0.5414,0.5412,0.0002,L2
震荡-1买,空头排列 + 量比大于2,1499,0.263,0.2082,1.263,0.5984,0.5412,0.0572,L2
震荡-1买,空头排列 + 量能递增,3336,0.551,0.504,1.093,0.5632,0.5412,0.0221,L2
震荡-1买,空头排列 + 价涨量增,3257,0.5387,0.4912,1.097,0.564,0.5412,0.0228,L2
震荡-1买,空头排列 + 价涨量缩,3673,0.5434,0.6295,0.863,0.5045,0.5412,-0.0367,L2
震荡-1买,空头排列 + MACD_DIF大于0,86,0.0111,0.0166,0.671,0.4419,0.5412,-0.0993,L2
震荡-1买,空头排列 + MACD金叉态,1412,0.1672,0.2912,0.574,0.4037,0.5412,-0.1375,L2
震荡-1买,空头排列 + MACD柱递增,4652,0.71,0.7717,0.92,0.5204,0.5412,-0.0208,L2
震荡-1买,空头排列 + MACD底背离,2442,0.2924,0.4998,0.585,0.4083,0.5412,-0.1329,L2
震荡-1买,空头排列 + BOLL收上中轨,979,0.1243,0.192,0.648,0.4331,0.5412,-0.1081,L2
震荡-1买,空头排列 + BOLL突破上轨,95,0.01,0.0211,0.473,0.3579,0.5412,-0.1833,L2
震荡-1买,空头排列 + BOLL触下轨反弹,3711,0.5774,0.6026,0.958,0.5306,0.5412,-0.0106,L2
震荡-1买,空头排列 + BOLL开口扩张,4788,0.7314,0.7935,0.922,0.5209,0.5412,-0.0203,L2
震荡-1买,空头排列 + KDJ金叉态,4486,0.6912,0.7364,0.939,0.5254,0.5412,-0.0158,L2
震荡-1买,空头排列 + KDJ_J超卖,4768,0.7114,0.8101,0.878,0.5088,0.5412,-0.0324,L2
震荡-1买,空头排列 + KDJ低位金叉,3035,0.488,0.4742,1.029,0.5483,0.5412,0.0071,L2
震荡-1买,空头排列 + KDJ_D小于30,4221,0.6413,0.7036,0.912,0.5181,0.5412,-0.0231,L2
震荡-1买,空头排列 + RSI6大于50,2033,0.2824,0.3701,0.763,0.4737,0.5412,-0.0675,L2
震荡-1买,空头排列 + RSI金叉,4157,0.6326,0.6918,0.914,0.5189,0.5412,-0.0223,L2
震荡-1买,空头排列 + RSI6超卖,4714,0.7144,0.788,0.907,0.5168,0.5412,-0.0244,L2
震荡-1买,空头排列 + RSI底背离,2478,0.329,0.469,0.701,0.4528,0.5412,-0.0884,L2
震荡-1买,空头排列 + 威科夫得分大于4,89,0.0103,0.0187,0.55,0.3933,0.5412,-0.1479,L2
震荡-1买,空头排列 + 积累阶段,1229,0.1293,0.2726,0.474,0.3588,0.5412,-0.1824,L2
震荡-1买,空头排列 + 黄金柱,142,0.017,0.0291,0.585,0.4085,0.5412,-0.1327,L2
震荡-1买,空头排列 + 量能金叉,1305,0.2326,0.1771,1.313,0.6077,0.5412,0.0665,L2
震荡-1买,空头排列 + 六脉红灯大于5,3247,0.4748,0.5631,0.843,0.4986,0.5412,-0.0426,L2
震荡-1买,空头排列 + 六脉红灯大于6,1905,0.2669,0.3442,0.775,0.4777,0.5412,-0.0635,L2
震荡-1买,空头排列 + 六脉6红首发,1905,0.2669,0.3442,0.775,0.4777,0.5412,-0.0635,L2
震荡-1买,空头排列 + 六脉5红首发,3247,0.4748,0.5631,0.843,0.4986,0.5412,-0.0426,L2
震荡-1买,空头排列 + 偏多共振,66,0.0094,0.0118,0.798,0.4848,0.5412,-0.0563,L2
震荡-1买,空头排列 + 多头共振,66,0.0094,0.0118,0.798,0.4848,0.5412,-0.0563,L2
震荡-1买,空头排列 + 火箭信号,395,0.0736,0.0498,1.478,0.6354,0.5412,0.0943,L2
震荡-1买,空头排列 + 极限抄底,666,0.1463,0.0578,2.533,0.7492,0.5412,0.2081,L2
震荡-1买,空头排列 + 中枢进机会区,1906,0.2845,0.3238,0.879,0.5089,0.5412,-0.0323,L2
震荡-1买,空头排列 + 中枢极限底,3100,0.4739,0.5133,0.923,0.5213,0.5412,-0.0199,L2
震荡-1买,空头排列 + 中枢上穿中轴,682,0.1082,0.1083,0.999,0.5411,0.5412,-0.0001,L2
震荡-1买,空头排列 + 中枢底部蓄力,4422,0.6437,0.7703,0.836,0.4964,0.5412,-0.0448,L2
震荡-1买,空头排列 + 中枢底部回升,4883,0.7331,0.8243,0.889,0.512,0.5412,-0.0292,L2
震荡-1买,空头排列 + 大盘多头,909,0.0891,0.2093,0.426,0.3344,0.5412,-0.2068,L2
震荡-1买,空头排列 + 大盘空头,2304,0.3367,0.3999,0.842,0.4983,0.5412,-0.0429,L2
震荡-1买,空头排列 + 大盘安全,2958,0.4088,0.541,0.756,0.4713,0.5412,-0.0699,L2
震荡-1买,空头排列 + SID等于1,909,0.0891,0.2093,0.426,0.3344,0.5412,-0.2068,L2
震荡-1买,空头排列 + SID等于2,5020,0.7528,0.8485,0.887,0.5114,0.5412,-0.0298,L2
震荡-1买,空头排列 + SID小于等于2,5020,0.7528,0.8485,0.887,0.5114,0.5412,-0.0298,L2
震荡-1买,空头排列 + 大盘5日上涨,3385,0.4619,0.6261,0.738,0.4653,0.5412,-0.0759,L2
震荡-1买,空头排列 + 相对强弱大于0,1306,0.1674,0.2542,0.659,0.4372,0.5412,-0.104,L2
震荡-1买,空头排列 + 相对强弱大于5,256,0.0358,0.0464,0.772,0.4766,0.5412,-0.0646,L2
震荡-1买,空头排列 + 量比>=1.3,1563,0.3,0.1868,1.606,0.6545,0.5412,0.1133,L2
震荡-1买,空头排列 + 量比>=2,224,0.039,0.0315,1.239,0.5938,0.5412,0.0526,L2
震荡-1买,空头排列 + 距前高<=10%,146,0.0179,0.0294,0.608,0.4178,0.5412,-0.1234,L2
震荡-1买,空头排列 + 深跌(距前高>40%),441,0.0933,0.0425,2.192,0.7211,0.5412,0.1799,L2
震荡-1买,空头排列 + 距前低<=10%,4137,0.5493,0.7831,0.701,0.4527,0.5412,-0.0884,L2
震荡-1买,空头排列 + 相对强弱>=0,279,0.0367,0.0533,0.688,0.448,0.5412,-0.0932,L2
震荡-1买,趋势多头 + 上升中回调,83,0.0126,0.0138,0.911,0.5181,0.5412,-0.0231,L2
震荡-1买,趋势多头 + 站上MA5,201,0.034,0.0294,1.157,0.5771,0.5412,0.0359,L2
震荡-1买,趋势多头 + 站上MA13,190,0.0317,0.0284,1.117,0.5684,0.5412,0.0272,L2
震荡-1买,趋势多头 + 站上MA34,199,0.034,0.0287,1.185,0.5829,0.5412,0.0417,L2
震荡-1买,趋势多头 + 站上MA55,208,0.0352,0.0304,1.156,0.5769,0.5412,0.0357,L2
震荡-1买,趋势多头 + 站上MA89,179,0.0308,0.0256,1.203,0.5866,0.5412,0.0454,L2
震荡-1买,趋势多头 + 站上MA144,165,0.0284,0.0235,1.209,0.5879,0.5412,0.0467,L2
震荡-1买,趋势多头 + 站上MA233,155,0.0261,0.0228,1.143,0.5742,0.5412,0.033,L2
震荡-1买,趋势多头 + 斐波短中多头,51,0.0076,0.0086,0.882,0.5098,0.5412,-0.0314,L2
震荡-1买,趋势多头 + 斐波长多头,55,0.0076,0.01,0.76,0.4727,0.5412,-0.0685,L2
震荡-1买,趋势多头 + 放量,201,0.0346,0.0287,1.205,0.5871,0.5412,0.0459,L2
震荡-1买,趋势多头 + 缩量,156,0.0258,0.0235,1.097,0.5641,0.5412,0.0229,L2
震荡-1买,趋势多头 + 量比大于1,205,0.0349,0.0297,1.173,0.5805,0.5412,0.0393,L2
震荡-1买,趋势多头 + 量比大于1_3,191,0.0326,0.0277,1.176,0.5812,0.5412,0.04,L2
震荡-1买,趋势多头 + 量比大于2,127,0.0226,0.0173,1.306,0.6063,0.5412,0.0651,L2
震荡-1买,趋势多头 + 量能递增,181,0.0308,0.0263,1.171,0.5801,0.5412,0.0389,L2
震荡-1买,趋势多头 + 价涨量增,190,0.0328,0.027,1.217,0.5895,0.5412,0.0483,L2
震荡-1买,趋势多头 + 价涨量缩,132,0.0202,0.0218,0.929,0.5227,0.5412,-0.0185,L2
震荡-1买,趋势多头 + MACD_DIF大于0,156,0.0246,0.0249,0.989,0.5385,0.5412,-0.0027,L2
震荡-1买,趋势多头 + MACD金叉态,123,0.0214,0.0173,1.238,0.5935,0.5412,0.0523,L2
震荡-1买,趋势多头 + MACD柱递增,181,0.0308,0.0263,1.171,0.5801,0.5412,0.0389,L2
震荡-1买,趋势多头 + BOLL收上中轨,210,0.0355,0.0308,1.153,0.5762,0.5412,0.035,L2
震荡-1买,趋势多头 + BOLL触下轨反弹,168,0.0287,0.0242,1.187,0.5833,0.5412,0.0421,L2
震荡-1买,趋势多头 + BOLL开口扩张,208,0.0349,0.0308,1.134,0.5721,0.5412,0.0309,L2
震荡-1买,趋势多头 + KDJ金叉态,186,0.0317,0.027,1.174,0.5806,0.5412,0.0395,L2
震荡-1买,趋势多头 + KDJ_J超卖,176,0.029,0.0266,1.09,0.5625,0.5412,0.0213,L2
震荡-1买,趋势多头 + KDJ_D小于30,72,0.0135,0.009,1.5,0.6389,0.5412,0.0977,L2
震荡-1买,趋势多头 + RSI6大于50,199,0.0337,0.0291,1.161,0.5779,0.5412,0.0367,L2
震荡-1买,趋势多头 + RSI金叉,185,0.0317,0.0266,1.189,0.5838,0.5412,0.0426,L2
震荡-1买,趋势多头 + RSI6超卖,158,0.0276,0.0221,1.245,0.5949,0.5412,0.0538,L2
震荡-1买,趋势多头 + 威科夫得分大于4,107,0.017,0.0169,1.004,0.5421,0.5412,0.0009,L2
震荡-1买,趋势多头 + 威科夫得分大于7,64,0.0106,0.0097,1.09,0.5625,0.5412,0.0213,L2
震荡-1买,趋势多头 + 量能金叉,91,0.0155,0.0131,1.182,0.5824,0.5412,0.0412,L2
震荡-1买,趋势多头 + 六脉红灯大于5,174,0.0302,0.0246,1.23,0.592,0.5412,0.0508,L2
震荡-1买,趋势多头 + 六脉红灯大于6,166,0.0284,0.0239,1.192,0.5843,0.5412,0.0432,L2
震荡-1买,趋势多头 + 六脉6红首发,166,0.0284,0.0239,1.192,0.5843,0.5412,0.0432,L2
震荡-1买,趋势多头 + 六脉5红首发,174,0.0302,0.0246,1.23,0.592,0.5412,0.0508,L2
震荡-1买,趋势多头 + 偏多共振,70,0.0097,0.0128,0.756,0.4714,0.5412,-0.0698,L2
震荡-1买,趋势多头 + 多头共振,70,0.0097,0.0128,0.756,0.4714,0.5412,-0.0698,L2
震荡-1买,趋势多头 + 火箭信号,67,0.0138,0.0069,1.992,0.7015,0.5412,0.1603,L2
震荡-1买,趋势多头 + 中枢进机会区,134,0.0232,0.019,1.218,0.5896,0.5412,0.0484,L2
震荡-1买,趋势多头 + 中枢极限底,86,0.0164,0.0104,1.583,0.6512,0.5412,0.11,L2
震荡-1买,趋势多头 + 中枢上穿中轴,164,0.0282,0.0235,1.197,0.5854,0.5412,0.0442,L2
震荡-1买,趋势多头 + 中枢底部蓄力,63,0.0111,0.0086,1.289,0.6032,0.5412,0.062,L2
震荡-1买,趋势多头 + 中枢底部回升,164,0.027,0.0249,1.083,0.561,0.5412,0.0198,L2
震荡-1买,趋势多头 + 大盘空头,58,0.0073,0.0114,0.642,0.431,0.5412,-0.1101,L2
震荡-1买,趋势多头 + 大盘安全,84,0.0114,0.0156,0.735,0.4643,0.5412,-0.0769,L2
震荡-1买,趋势多头 + SID等于2,210,0.0355,0.0308,1.153,0.5762,0.5412,0.035,L2
震荡-1买,趋势多头 + SID小于等于2,210,0.0355,0.0308,1.153,0.5762,0.5412,0.035,L2
震荡-1买,趋势多头 + 大盘5日上涨,97,0.0138,0.0173,0.797,0.4845,0.5412,-0.0566,L2
震荡-1买,趋势多头 + 相对强弱大于0,197,0.0334,0.0287,1.164,0.5787,0.5412,0.0375,L2
震荡-1买,趋势多头 + 相对强弱大于5,107,0.0194,0.0142,1.365,0.6168,0.5412,0.0756,L2
震荡-1买,趋势多头 + 量比>=1.3,82,0.0158,0.0097,1.635,0.6585,0.5412,0.1174,L2
震荡-1买,趋势多头 + 距前高<=10%,62,0.01,0.0097,1.029,0.5484,0.5412,0.0072,L2
震荡-1买,趋势多头 + 距前低<=10%,139,0.0267,0.0166,1.607,0.6547,0.5412,0.1135,L2
震荡-1买,趋势多头 + 相对强弱>=0,69,0.012,0.0097,1.241,0.5942,0.5412,0.053,L2
震荡-1买,趋势空头 + 站上MA5,4835,0.7431,0.7959,0.934,0.5241,0.5412,-0.0171,L2
震荡-1买,趋势空头 + 站上MA13,1768,0.239,0.3296,0.725,0.461,0.5412,-0.0802,L2
震荡-1买,趋势空头 + 站上MA34,619,0.0795,0.1204,0.66,0.4378,0.5412,-0.1034,L2
震荡-1买,趋势空头 + 站上MA55,357,0.0487,0.0661,0.737,0.465,0.5412,-0.0762,L2
震荡-1买,趋势空头 + 站上MA89,305,0.0346,0.0647,0.535,0.3869,0.5412,-0.1543,L2
震荡-1买,趋势空头 + 站上MA144,568,0.0548,0.1318,0.416,0.3292,0.5412,-0.212,L2
震荡-1买,趋势空头 + 站上MA233,1036,0.1111,0.2273,0.489,0.3658,0.5412,-0.1754,L2
震荡-1买,趋势空头 + 斐波长多头,585,0.0748,0.1141,0.655,0.4359,0.5412,-0.1053,L2
震荡-1买,趋势空头 + MA55上穿MA89,76,0.0111,0.0131,0.848,0.5,0.5412,-0.0412,L2
震荡-1买,趋势空头 + 放量,4101,0.6455,0.6572,0.982,0.5367,0.5412,-0.0045,L2
震荡-1买,趋势空头 + 缩量,4152,0.568,0.7662,0.741,0.4665,0.5412,-0.0747,L2
震荡-1买,趋势空头 + 量比大于1,4835,0.7323,0.8087,0.905,0.5164,0.5412,-0.0247,L2
震荡-1买,趋势空头 + 量比大于1_3,3816,0.6,0.6122,0.98,0.5362,0.5412,-0.005,L2
震荡-1买,趋势空头 + 量比大于2,1544,0.268,0.2179,1.23,0.592,0.5412,0.0508,L2
震荡-1买,趋势空头 + 量能递增,3486,0.5698,0.5337,1.068,0.5574,0.5412,0.0162,L2
震荡-1买,趋势空头 + 价涨量增,3358,0.5513,0.5112,1.078,0.5599,0.5412,0.0187,L2
震荡-1买,趋势空头 + 价涨量缩,3792,0.5587,0.6527,0.856,0.5024,0.5412,-0.0388,L2
震荡-1买,趋势空头 + MACD_DIF大于0,161,0.0199,0.0322,0.62,0.4224,0.5412,-0.1188,L2
震荡-1买,趋势空头 + MACD金叉态,1557,0.1848,0.3207,0.576,0.4046,0.5412,-0.1366,L2
震荡-1买,趋势空头 + MACD柱递增,4763,0.7238,0.7938,0.912,0.5182,0.5412,-0.023,L2
震荡-1买,趋势空头 + MACD底背离,2513,0.3,0.5154,0.582,0.4071,0.5412,-0.1341,L2
震荡-1买,趋势空头 + BOLL收上中轨,1097,0.1387,0.2158,0.643,0.4312,0.5412,-0.11,L2
震荡-1买,趋势空头 + BOLL突破上轨,122,0.0132,0.0266,0.495,0.3689,0.5412,-0.1723,L2
震荡-1买,趋势空头 + BOLL触下轨反弹,3817,0.5903,0.624,0.946,0.5274,0.5412,-0.0138,L2
震荡-1买,趋势空头 + BOLL开口扩张,4949,0.7513,0.8257,0.91,0.5177,0.5412,-0.0235,L2
震荡-1买,趋势空头 + KDJ金叉态,4584,0.7035,0.7558,0.931,0.5233,0.5412,-0.0178,L2
震荡-1买,趋势空头 + KDJ_J超卖,4912,0.729,0.8392,0.869,0.5061,0.5412,-0.0351,L2
震荡-1买,趋势空头 + KDJ低位金叉,3037,0.488,0.4749,1.027,0.5479,0.5412,0.0067,L2
震荡-1买,趋势空头 + KDJ_D小于30,4247,0.6446,0.7088,0.909,0.5175,0.5412,-0.0236,L2
震荡-1买,趋势空头 + RSI6大于50,2148,0.2968,0.3929,0.755,0.4711,0.5412,-0.07,L2
震荡-1买,趋势空头 + RSI金叉,4286,0.649,0.7171,0.905,0.5163,0.5412,-0.0249,L2
震荡-1买,趋势空头 + RSI6超卖,4825,0.7273,0.8111,0.897,0.514,0.5412,-0.0272,L2
震荡-1买,趋势空头 + RSI底背离,2542,0.3378,0.4808,0.703,0.4532,0.5412,-0.088,L2
震荡-1买,趋势空头 + 威科夫得分大于4,134,0.017,0.0263,0.647,0.4328,0.5412,-0.1083,L2
震荡-1买,趋势空头 + 积累阶段,1301,0.1364,0.2892,0.472,0.3574,0.5412,-0.1838,L2
震荡-1买,趋势空头 + 黄金柱,150,0.0182,0.0304,0.597,0.4133,0.5412,-0.1279,L2
震荡-1买,趋势空头 + 量能金叉,1345,0.237,0.1857,1.276,0.6007,0.5412,0.0596,L2
震荡-1买,趋势空头 + 六脉红灯大于5,3342,0.4874,0.5811,0.839,0.4973,0.5412,-0.0439,L2
震荡-1买,趋势空头 + 六脉红灯大于6,1991,0.278,0.3608,0.771,0.4761,0.5412,-0.065,L2
震荡-1买,趋势空头 + 六脉6红首发,1991,0.278,0.3608,0.771,0.4761,0.5412,-0.065,L2
震荡-1买,趋势空头 + 六脉5红首发,3342,0.4874,0.5811,0.839,0.4973,0.5412,-0.0439,L2
震荡-1买,趋势空头 + 偏多共振,97,0.0138,0.0173,0.797,0.4845,0.5412,-0.0566,L2
震荡-1买,趋势空头 + 多头共振,97,0.0138,0.0173,0.797,0.4845,0.5412,-0.0566,L2
震荡-1买,趋势空头 + 火箭信号,415,0.0762,0.0536,1.422,0.6265,0.5412,0.0853,L2
震荡-1买,趋势空头 + 极限抄底,666,0.1463,0.0578,2.533,0.7492,0.5412,0.2081,L2
震荡-1买,趋势空头 + 中枢进机会区,2022,0.2982,0.3476,0.858,0.503,0.5412,-0.0382,L2
震荡-1买,趋势空头 + 中枢极限底,3150,0.4792,0.5244,0.914,0.5187,0.5412,-0.0225,L2
震荡-1买,趋势空头 + 中枢上穿中轴,761,0.1182,0.1238,0.954,0.5296,0.5412,-0.0116,L2
震荡-1买,趋势空头 + 中枢底部蓄力,4470,0.6493,0.7804,0.832,0.4953,0.5412,-0.0459,L2
震荡-1买,趋势空头 + 中枢底部回升,5013,0.7493,0.8502,0.881,0.5097,0.5412,-0.0315,L2
震荡-1买,趋势空头 + 大盘多头,946,0.0927,0.2179,0.425,0.334,0.5412,-0.2071,L2
震荡-1买,趋势空头 + 大盘空头,2394,0.3484,0.4172,0.835,0.4962,0.5412,-0.0449,L2
震荡-1买,趋势空头 + 大盘安全,3083,0.4243,0.5659,0.75,0.4693,0.5412,-0.0718,L2
震荡-1买,趋势空头 + SID等于1,946,0.0927,0.2179,0.425,0.334,0.5412,-0.2071,L2
震荡-1买,趋势空头 + SID等于2,5186,0.7733,0.8817,0.877,0.5085,0.5412,-0.0327,L2
震荡-1买,趋势空头 + SID小于等于2,5186,0.7733,0.8817,0.877,0.5085,0.5412,-0.0327,L2
震荡-1买,趋势空头 + 大盘5日上涨,3512,0.4783,0.6506,0.735,0.4644,0.5412,-0.0768,L2
震荡-1买,趋势空头 + 相对强弱大于0,1446,0.1853,0.2816,0.658,0.4371,0.5412,-0.1041,L2
震荡-1买,趋势空头 + 相对强弱大于5,313,0.044,0.0564,0.78,0.4792,0.5412,-0.062,L2
震荡-1买,趋势空头 + 量比>=1.3,1597,0.3041,0.1937,1.57,0.6493,0.5412,0.1082,L2
震荡-1买,趋势空头 + 量比>=2,234,0.0402,0.0336,1.197,0.5855,0.5412,0.0443,L2
震荡-1买,趋势空头 + 距前高<=10%,169,0.0199,0.0349,0.571,0.4024,0.5412,-0.1388,L2
震荡-1买,趋势空头 + 深跌(距前高>40%),441,0.0933,0.0425,2.192,0.7211,0.5412,0.1799,L2
震荡-1买,趋势空头 + 距前低<=10%,4280,0.5663,0.8125,0.697,0.4512,0.5412,-0.09,L2
震荡-1买,趋势空头 + 相对强弱>=0,334,0.0446,0.063,0.708,0.4551,0.5412,-0.0861,L2
震荡-1买,上升中回调 + 站上MA5,201,0.0343,0.0291,1.181,0.5821,0.5412,0.0409,L2
震荡-1买,上升中回调 + 站上MA13,105,0.0167,0.0166,1.007,0.5429,0.5412,0.0017,L2
震荡-1买,上升中回调 + 站上MA34,121,0.0191,0.0194,0.984,0.5372,0.5412,-0.004,L2
震荡-1买,上升中回调 + 站上MA55,198,0.0334,0.0291,1.151,0.5758,0.5412,0.0346,L2
震荡-1买,上升中回调 + 站上MA89,156,0.0252,0.0242,1.042,0.5513,0.5412,0.0101,L2
震荡-1买,上升中回调 + 站上MA144,160,0.0258,0.0249,1.036,0.55,0.5412,0.0088,L2
震荡-1买,上升中回调 + 站上MA233,160,0.0264,0.0242,1.09,0.5625,0.5412,0.0213,L2
震荡-1买,上升中回调 + 斐波长多头,59,0.0085,0.0104,0.82,0.4915,0.5412,-0.0497,L2
震荡-1买,上升中回调 + 放量,185,0.0314,0.027,1.163,0.5784,0.5412,0.0372,L2
震荡-1买,上升中回调 + 缩量,183,0.0296,0.0284,1.044,0.5519,0.5412,0.0107,L2
震荡-1买,上升中回调 + 量比大于1,203,0.034,0.0301,1.13,0.5714,0.5412,0.0302,L2
震荡-1买,上升中回调 + 量比大于1_3,168,0.0276,0.0256,1.077,0.5595,0.5412,0.0183,L2
震荡-1买,上升中回调 + 量比大于2,92,0.0161,0.0128,1.26,0.5978,0.5412,0.0566,L2
震荡-1买,上升中回调 + 量能递增,159,0.0284,0.0214,1.326,0.6101,0.5412,0.0689,L2
震荡-1买,上升中回调 + 价涨量增,157,0.0264,0.0232,1.139,0.5732,0.5412,0.0321,L2
震荡-1买,上升中回调 + 价涨量缩,158,0.0246,0.0256,0.962,0.5316,0.5412,-0.0095,L2
震荡-1买,上升中回调 + MACD_DIF大于0,156,0.0261,0.0232,1.126,0.5705,0.5412,0.0293,L2
震荡-1买,上升中回调 + MACD金叉态,54,0.0094,0.0076,1.233,0.5926,0.5412,0.0514,L2
震荡-1买,上升中回调 + MACD柱递增,176,0.029,0.0266,1.09,0.5625,0.5412,0.0213,L2
震荡-1买,上升中回调 + BOLL收上中轨,83,0.0126,0.0138,0.911,0.5181,0.5412,-0.0231,L2
震荡-1买,上升中回调 + BOLL触下轨反弹,183,0.0323,0.0253,1.278,0.6011,0.5412,0.0599,L2
震荡-1买,上升中回调 + BOLL开口扩张,216,0.0364,0.0318,1.143,0.5741,0.5412,0.0329,L2
震荡-1买,上升中回调 + KDJ金叉态,182,0.0299,0.0277,1.081,0.5604,0.5412,0.0193,L2
震荡-1买,上升中回调 + KDJ_J超卖,189,0.0314,0.0284,1.106,0.5661,0.5412,0.025,L2
震荡-1买,上升中回调 + KDJ_D小于30,103,0.0167,0.0159,1.051,0.5534,0.5412,0.0122,L2
震荡-1买,上升中回调 + RSI6大于50,136,0.022,0.0211,1.042,0.5515,0.5412,0.0103,L2
震荡-1买,上升中回调 + RSI金叉,156,0.0258,0.0235,1.097,0.5641,0.5412,0.0229,L2
震荡-1买,上升中回调 + RSI6超卖,175,0.0302,0.0249,1.213,0.5886,0.5412,0.0474,L2
震荡-1买,上升中回调 + 威科夫得分大于4,81,0.0129,0.0128,1.008,0.5432,0.5412,0.002,L2
震荡-1买,上升中回调 + 量能金叉,69,0.0123,0.0093,1.319,0.6087,0.5412,0.0675,L2
震荡-1买,上升中回调 + 六脉红灯大于5,124,0.0202,0.019,1.064,0.5565,0.5412,0.0153,L2
震荡-1买,上升中回调 + 六脉红灯大于6,102,0.0164,0.0159,1.032,0.549,0.5412,0.0078,L2
震荡-1买,上升中回调 + 六脉6红首发,102,0.0164,0.0159,1.032,0.549,0.5412,0.0078,L2
震荡-1买,上升中回调 + 六脉5红首发,124,0.0202,0.019,1.064,0.5565,0.5412,0.0153,L2
震荡-1买,上升中回调 + 偏多共振,81,0.0132,0.0125,1.06,0.5556,0.5412,0.0144,L2
震荡-1买,上升中回调 + 多头共振,81,0.0132,0.0125,1.06,0.5556,0.5412,0.0144,L2
震荡-1买,上升中回调 + 中枢进机会区,152,0.0267,0.0211,1.265,0.5987,0.5412,0.0575,L2
震荡-1买,上升中回调 + 中枢极限底,78,0.0135,0.0111,1.219,0.5897,0.5412,0.0486,L2
震荡-1买,上升中回调 + 中枢上穿中轴,100,0.0176,0.0138,1.272,0.6,0.5412,0.0588,L2
震荡-1买,上升中回调 + 中枢底部回升,171,0.0279,0.0263,1.06,0.5556,0.5412,0.0144,L2
震荡-1买,上升中回调 + 大盘安全,66,0.0085,0.0128,0.664,0.4394,0.5412,-0.1018,L2
震荡-1买,上升中回调 + SID等于2,218,0.0367,0.0322,1.14,0.5734,0.5412,0.0322,L2
震荡-1买,上升中回调 + SID小于等于2,218,0.0367,0.0322,1.14,0.5734,0.5412,0.0322,L2
震荡-1买,上升中回调 + 大盘5日上涨,81,0.0103,0.0159,0.645,0.4321,0.5412,-0.1091,L2
震荡-1买,上升中回调 + 相对强弱大于0,148,0.024,0.0228,1.053,0.5541,0.5412,0.0129,L2
震荡-1买,上升中回调 + 量比>=1.3,81,0.015,0.0104,1.441,0.6296,0.5412,0.0884,L2
震荡-1买,上升中回调 + 距前低<=10%,122,0.0217,0.0166,1.307,0.6066,0.5412,0.0654,L2
震荡-1买,站上MA5 + 站上MA13,1969,0.273,0.359,0.76,0.4728,0.5412,-0.0684,L2
震荡-1买,站上MA5 + 站上MA34,814,0.1126,0.1487,0.757,0.4717,0.5412,-0.0694,L2
震荡-1买,站上MA5 + 站上MA55,630,0.0965,0.1041,0.927,0.5222,0.5412,-0.019,L2
震荡-1买,站上MA5 + 站上MA89,558,0.0789,0.1,0.789,0.4821,0.5412,-0.0591,L2
震荡-1买,站上MA5 + 站上MA144,846,0.107,0.1664,0.643,0.4314,0.5412,-0.1097,L2
震荡-1买,站上MA5 + 站上MA233,1437,0.1944,0.2677,0.726,0.4614,0.5412,-0.0798,L2
震荡-1买,站上MA5 + 斐波短中多头,92,0.0182,0.0104,1.752,0.6739,0.5412,0.1327,L2
震荡-1买,站上MA5 + 斐波长多头,791,0.1226,0.129,0.95,0.5284,0.5412,-0.0127,L2
震荡-1买,站上MA5 + MA55上穿MA89,147,0.0284,0.0173,1.645,0.6599,0.5412,0.1187,L2
震荡-1买,站上MA5 + 放量,4621,0.785,0.6724,1.167,0.5793,0.5412,0.0381,L2
震荡-1买,站上MA5 + 缩量,4725,0.7302,0.7731,0.945,0.527,0.5412,-0.0142,L2
震荡-1买,站上MA5 + 量比大于1,5460,0.9012,0.8257,1.091,0.5628,0.5412,0.0216,L2
震荡-1买,站上MA5 + 量比大于1_3,4348,0.7393,0.632,1.17,0.5798,0.5412,0.0386,L2
震荡-1买,站上MA5 + 量比大于2,1833,0.3346,0.2394,1.398,0.6225,0.5412,0.0813,L2
震荡-1买,站上MA5 + 量能递增,3948,0.688,0.5541,1.242,0.5942,0.5412,0.053,L2
震荡-1买,站上MA5 + 价涨量增,3844,0.6604,0.5507,1.199,0.5858,0.5412,0.0447,L2
震荡-1买,站上MA5 + 价涨量缩,4337,0.7085,0.6645,1.066,0.5571,0.5412,0.0159,L2
震荡-1买,站上MA5 + MACD_DIF大于0,499,0.088,0.0688,1.278,0.6012,0.5412,0.06,L2
震荡-1买,站上MA5 + MACD金叉态,1591,0.1956,0.3196,0.612,0.4192,0.5412,-0.122,L2
震荡-1买,站上MA5 + MACD柱递增,5507,0.9065,0.8357,1.085,0.5613,0.5412,0.0201,L2
震荡-1买,站上MA5 + MACD零轴上金叉,66,0.01,0.0111,0.901,0.5152,0.5412,-0.026,L2
震荡-1买,站上MA5 + MACD底背离,2435,0.3026,0.4853,0.624,0.4238,0.5412,-0.1174,L2
震荡-1买,站上MA5 + BOLL收上中轨,1260,0.1666,0.2394,0.696,0.4508,0.5412,-0.0904,L2
震荡-1买,站上MA5 + BOLL突破上轨,152,0.0191,0.0301,0.633,0.4276,0.5412,-0.1136,L2
震荡-1买,站上MA5 + BOLL触下轨反弹,4305,0.7208,0.6389,1.128,0.571,0.5412,0.0298,L2
震荡-1买,站上MA5 + BOLL开口扩张,5617,0.9331,0.8423,1.108,0.5665,0.5412,0.0253,L2
震荡-1买,站上MA5 + KDJ金叉态,5296,0.8707,0.8049,1.082,0.5606,0.5412,0.0194,L2
震荡-1买,站上MA5 + KDJ_J超卖,5519,0.8994,0.8481,1.06,0.5557,0.5412,0.0145,L2
震荡-1买,站上MA5 + KDJ低位金叉,3391,0.5786,0.4905,1.18,0.5818,0.5412,0.0407,L2
震荡-1买,站上MA5 + KDJ_D小于30,4642,0.7622,0.7067,1.079,0.5599,0.5412,0.0187,L2
震荡-1买,站上MA5 + RSI6大于50,2429,0.3434,0.4351,0.789,0.4821,0.5412,-0.0591,L2
震荡-1买,站上MA5 + RSI金叉,4753,0.744,0.7665,0.971,0.5338,0.5412,-0.0074,L2
震荡-1买,站上MA5 + RSI6超卖,5432,0.9,0.8174,1.101,0.565,0.5412,0.0238,L2
震荡-1买,站上MA5 + RSI底背离,2517,0.3463,0.4621,0.749,0.4692,0.5412,-0.072,L2
震荡-1买,站上MA5 + 威科夫得分大于4,294,0.046,0.0474,0.972,0.534,0.5412,-0.0072,L2
震荡-1买,站上MA5 + 威科夫得分大于7,98,0.0167,0.0142,1.179,0.5816,0.5412,0.0404,L2
震荡-1买,站上MA5 + 积累阶段,1343,0.1487,0.2892,0.514,0.3775,0.5412,-0.1637,L2
震荡-1买,站上MA5 + 黄金柱,165,0.0205,0.0329,0.625,0.4242,0.5412,-0.1169,L2
震荡-1买,站上MA5 + 量能金叉,1626,0.3041,0.2037,1.493,0.6378,0.5412,0.0966,L2
震荡-1买,站上MA5 + 六脉红灯大于5,3641,0.5408,0.6216,0.87,0.5065,0.5412,-0.0347,L2
震荡-1买,站上MA5 + 六脉红灯大于6,2206,0.3141,0.3926,0.8,0.4855,0.5412,-0.0557,L2
震荡-1买,站上MA5 + 六脉6红首发,2206,0.3141,0.3926,0.8,0.4855,0.5412,-0.0557,L2
震荡-1买,站上MA5 + 六脉5红首发,3641,0.5408,0.6216,0.87,0.5065,0.5412,-0.0347,L2
震荡-1买,站上MA5 + 偏多共振,331,0.0669,0.0356,1.877,0.6888,0.5412,0.1476,L2
震荡-1买,站上MA5 + 多头共振,330,0.0666,0.0356,1.868,0.6879,0.5412,0.1467,L2
震荡-1买,站上MA5 + 火箭信号,497,0.093,0.0623,1.493,0.6378,0.5412,0.0966,L2
震荡-1买,站上MA5 + 二连板,56,0.0117,0.0055,2.12,0.7143,0.5412,0.1731,L2
震荡-1买,站上MA5 + 极限抄底,740,0.1704,0.055,3.098,0.7851,0.5412,0.244,L2
震荡-1买,站上MA5 + 中枢进机会区,2595,0.4504,0.3663,1.23,0.5919,0.5412,0.0507,L2
震荡-1买,站上MA5 + 中枢极限底,3603,0.6097,0.5272,1.157,0.577,0.5412,0.0358,L2
震荡-1买,站上MA5 + 中枢上穿中轴,973,0.1575,0.1508,1.044,0.5519,0.5412,0.0107,L2
震荡-1买,站上MA5 + 中枢底部蓄力,4573,0.6979,0.7586,0.92,0.5204,0.5412,-0.0207,L2
震荡-1买,站上MA5 + 中枢底部回升,5645,0.9223,0.8648,1.067,0.5571,0.5412,0.0159,L2
震荡-1买,站上MA5 + 大盘多头,941,0.0982,0.2096,0.469,0.356,0.5412,-0.1852,L2
震荡-1买,站上MA5 + 大盘空头,2402,0.3566,0.4102,0.869,0.5062,0.5412,-0.0349,L2
震荡-1买,站上MA5 + 大盘安全,3099,0.4355,0.5583,0.78,0.4792,0.5412,-0.062,L2
震荡-1买,站上MA5 + SID等于1,941,0.0982,0.2096,0.469,0.356,0.5412,-0.1852,L2
震荡-1买,站上MA5 + SID等于2,5851,0.9551,0.8973,1.064,0.5567,0.5412,0.0155,L2
震荡-1买,站上MA5 + SID小于等于2,5851,0.9551,0.8973,1.064,0.5567,0.5412,0.0155,L2
震荡-1买,站上MA5 + 大盘5日上涨,3539,0.4935,0.642,0.769,0.4756,0.5412,-0.0656,L2
震荡-1买,站上MA5 + 相对强弱大于0,1685,0.234,0.3068,0.763,0.4736,0.5412,-0.0676,L2
震荡-1买,站上MA5 + 相对强弱大于5,412,0.0625,0.0688,0.907,0.517,0.5412,-0.0242,L2
震荡-1买,站上MA5 + 量比>=1.3,1871,0.371,0.2096,1.77,0.6761,0.5412,0.1349,L2
震荡-1买,站上MA5 + 量比>=2,265,0.0481,0.0349,1.377,0.6189,0.5412,0.0777,L2
震荡-1买,站上MA5 + 距前高<=10%,272,0.0384,0.0488,0.788,0.4816,0.5412,-0.0596,L2
震荡-1买,站上MA5 + 深跌(距前高>40%),429,0.0918,0.0401,2.288,0.7296,0.5412,0.1884,L2
震荡-1买,站上MA5 + 距前低<=10%,4535,0.6578,0.7928,0.83,0.4946,0.5412,-0.0466,L2
震荡-1买,站上MA5 + 相对强弱>=0,410,0.0589,0.0723,0.815,0.4902,0.5412,-0.0509,L2
震荡-1买,站上MA13 + 站上MA34,765,0.1056,0.1401,0.754,0.4706,0.5412,-0.0706,L2
震荡-1买,站上MA13 + 站上MA55,541,0.0786,0.0944,0.832,0.4954,0.5412,-0.0458,L2
震荡-1买,站上MA13 + 站上MA89,400,0.056,0.0723,0.775,0.4775,0.5412,-0.0637,L2
震荡-1买,站上MA13 + 站上MA144,439,0.0534,0.0889,0.6,0.4146,0.5412,-0.1266,L2
震荡-1买,站上MA13 + 站上MA233,570,0.0651,0.1204,0.541,0.3895,0.5412,-0.1517,L2
震荡-1买,站上MA13 + 斐波长多头,167,0.0173,0.0374,0.463,0.3533,0.5412,-0.1879,L2
震荡-1买,站上MA13 + 放量,1820,0.2589,0.3241,0.799,0.4852,0.5412,-0.056,L2
震荡-1买,站上MA13 + 缩量,1433,0.1739,0.2906,0.599,0.4138,0.5412,-0.1274,L2
震荡-1买,站上MA13 + 量比大于1,1947,0.2727,0.3518,0.775,0.4777,0.5412,-0.0635,L2
震荡-1买,站上MA13 + 量比大于1_3,1722,0.2422,0.3099,0.782,0.4797,0.5412,-0.0615,L2
震荡-1买,站上MA13 + 量比大于2,849,0.1202,0.1519,0.792,0.4829,0.5412,-0.0583,L2
震荡-1买,站上MA13 + 量能递增,1527,0.2229,0.2653,0.84,0.4977,0.5412,-0.0435,L2
震荡-1买,站上MA13 + 价涨量增,1742,0.2499,0.3079,0.812,0.4891,0.5412,-0.0521,L2
震荡-1买,站上MA13 + 价涨量缩,1128,0.1463,0.2176,0.673,0.4424,0.5412,-0.0988,L2
震荡-1买,站上MA13 + MACD_DIF大于0,211,0.0296,0.038,0.778,0.4787,0.5412,-0.0625,L2
震荡-1买,站上MA13 + MACD金叉态,1278,0.1587,0.2549,0.622,0.4233,0.5412,-0.1179,L2
震荡-1买,站上MA13 + MACD柱递增,1899,0.2642,0.3452,0.765,0.4745,0.5412,-0.0667,L2
震荡-1买,站上MA13 + MACD零轴上金叉,66,0.01,0.0111,0.901,0.5152,0.5412,-0.026,L2
震荡-1买,站上MA13 + MACD底背离,1132,0.1399,0.2266,0.617,0.4214,0.5412,-0.1198,L2
震荡-1买,站上MA13 + BOLL收上中轨,1232,0.1619,0.2352,0.688,0.4481,0.5412,-0.0931,L2
震荡-1买,站上MA13 + BOLL突破上轨,152,0.0191,0.0301,0.633,0.4276,0.5412,-0.1136,L2
震荡-1买,站上MA13 + BOLL触下轨反弹,1434,0.212,0.2459,0.862,0.5042,0.5412,-0.037,L2
震荡-1买,站上MA13 + BOLL开口扩张,1811,0.2587,0.3213,0.805,0.487,0.5412,-0.0542,L2
震荡-1买,站上MA13 + KDJ金叉态,1948,0.2713,0.3539,0.767,0.4748,0.5412,-0.0663,L2
震荡-1买,站上MA13 + KDJ_J超卖,1747,0.2387,0.3227,0.74,0.4659,0.5412,-0.0752,L2
震荡-1买,站上MA13 + KDJ低位金叉,764,0.115,0.1287,0.893,0.5131,0.5412,-0.0281,L2
震荡-1买,站上MA13 + KDJ_D小于30,1352,0.1944,0.2383,0.816,0.4904,0.5412,-0.0508,L2
震荡-1买,站上MA13 + RSI6大于50,1939,0.2713,0.3507,0.773,0.4771,0.5412,-0.0641,L2
震荡-1买,站上MA13 + RSI金叉,1944,0.2704,0.3535,0.765,0.4743,0.5412,-0.0669,L2
震荡-1买,站上MA13 + RSI6超卖,1658,0.2346,0.2968,0.79,0.4825,0.5412,-0.0587,L2
震荡-1买,站上MA13 + RSI底背离,1130,0.1513,0.2124,0.712,0.4566,0.5412,-0.0845,L2
震荡-1买,站上MA13 + 威科夫得分大于4,159,0.0194,0.0322,0.602,0.4151,0.5412,-0.1261,L2
震荡-1买,站上MA13 + 威科夫得分大于7,73,0.0106,0.0128,0.825,0.4932,0.5412,-0.048,L2
震荡-1买,站上MA13 + 积累阶段,708,0.0754,0.156,0.483,0.363,0.5412,-0.1782,L2
震荡-1买,站上MA13 + 黄金柱,162,0.0202,0.0322,0.629,0.4259,0.5412,-0.1153,L2
震荡-1买,站上MA13 + 量能金叉,699,0.1015,0.1221,0.831,0.495,0.5412,-0.0462,L2
震荡-1买,站上MA13 + 六脉红灯大于5,1938,0.2701,0.3518,0.768,0.4752,0.5412,-0.066,L2
震荡-1买,站上MA13 + 六脉红灯大于6,1851,0.2613,0.3321,0.787,0.4814,0.5412,-0.0598,L2
震荡-1买,站上MA13 + 六脉6红首发,1851,0.2613,0.3321,0.787,0.4814,0.5412,-0.0598,L2
震荡-1买,站上MA13 + 六脉5红首发,1938,0.2701,0.3518,0.768,0.4752,0.5412,-0.066,L2
震荡-1买,站上MA13 + 偏多共振,86,0.0106,0.0173,0.61,0.4186,0.5412,-0.1226,L2
震荡-1买,站上MA13 + 多头共振,86,0.0106,0.0173,0.61,0.4186,0.5412,-0.1226,L2
震荡-1买,站上MA13 + 火箭信号,353,0.0622,0.0488,1.275,0.6006,0.5412,0.0594,L2
震荡-1买,站上MA13 + 极限抄底,53,0.0094,0.0073,1.292,0.6038,0.5412,0.0626,L2
震荡-1买,站上MA13 + 中枢进机会区,852,0.117,0.1567,0.747,0.4683,0.5412,-0.0729,L2
震荡-1买,站上MA13 + 中枢极限底,1045,0.1399,0.1965,0.712,0.4565,0.5412,-0.0847,L2
震荡-1买,站上MA13 + 中枢上穿中轴,861,0.1337,0.1401,0.955,0.5296,0.5412,-0.0116,L2
震荡-1买,站上MA13 + 中枢底部蓄力,1533,0.2059,0.2874,0.716,0.4579,0.5412,-0.0833,L2
震荡-1买,站上MA13 + 中枢底部回升,1851,0.2551,0.3393,0.752,0.47,0.5412,-0.0712,L2
震荡-1买,站上MA13 + 大盘多头,414,0.0419,0.0937,0.447,0.3454,0.5412,-0.1958,L2
震荡-1买,站上MA13 + 大盘空头,1021,0.149,0.1774,0.84,0.4976,0.5412,-0.0436,L2
震荡-1买,站上MA13 + 大盘安全,1430,0.1897,0.2708,0.701,0.4524,0.5412,-0.0887,L2
震荡-1买,站上MA13 + SID等于1,414,0.0419,0.0937,0.447,0.3454,0.5412,-0.1958,L2
震荡-1买,站上MA13 + SID等于2,1983,0.2751,0.3615,0.761,0.473,0.5412,-0.0682,L2
震荡-1买,站上MA13 + SID小于等于2,1983,0.2751,0.3615,0.761,0.473,0.5412,-0.0682,L2
震荡-1买,站上MA13 + 大盘5日上涨,1590,0.2126,0.2992,0.711,0.456,0.5412,-0.0852,L2
震荡-1买,站上MA13 + 相对强弱大于0,1245,0.1677,0.2328,0.721,0.4594,0.5412,-0.0817,L2
震荡-1买,站上MA13 + 相对强弱大于5,385,0.0569,0.0661,0.861,0.5039,0.5412,-0.0373,L2
震荡-1买,站上MA13 + 量比>=1.3,666,0.1117,0.0986,1.133,0.5721,0.5412,0.0309,L2
震荡-1买,站上MA13 + 量比>=2,149,0.0243,0.0228,1.066,0.557,0.5412,0.0159,L2
震荡-1买,站上MA13 + 距前高<=10%,165,0.0232,0.0297,0.779,0.4788,0.5412,-0.0624,L2
震荡-1买,站上MA13 + 深跌(距前高>40%),63,0.0106,0.0093,1.13,0.5714,0.5412,0.0302,L2
震荡-1买,站上MA13 + 距前低<=10%,1694,0.2226,0.3234,0.688,0.4481,0.5412,-0.0931,L2
震荡-1买,站上MA13 + 相对强弱>=0,315,0.0446,0.0564,0.791,0.4825,0.5412,-0.0586,L2
震荡-1买,站上MA34 + 站上MA55,561,0.0827,0.0965,0.857,0.5027,0.5412,-0.0385,L2
震荡-1买,站上MA34 + 站上MA89,393,0.0566,0.0692,0.818,0.4911,0.5412,-0.0501,L2
震荡-1买,站上MA34 + 站上MA144,361,0.0478,0.0685,0.698,0.4515,0.5412,-0.0897,L2
震荡-1买,站上MA34 + 站上MA233,370,0.0469,0.0726,0.646,0.4324,0.5412,-0.1088,L2
震荡-1买,站上MA34 + 斐波短中多头,61,0.0094,0.01,0.936,0.5246,0.5412,-0.0166,L2
震荡-1买,站上MA34 + 斐波长多头,106,0.0103,0.0246,0.418,0.3302,0.5412,-0.211,L2
震荡-1买,站上MA34 + 放量,810,0.1129,0.147,0.768,0.4753,0.5412,-0.0659,L2
震荡-1买,站上MA34 + 缩量,597,0.076,0.1169,0.65,0.4338,0.5412,-0.1073,L2
震荡-1买,站上MA34 + 量比大于1,825,0.1144,0.1505,0.76,0.4727,0.5412,-0.0685,L2
震荡-1买,站上MA34 + 量比大于1_3,756,0.1032,0.1397,0.739,0.4656,0.5412,-0.0756,L2
震荡-1买,站上MA34 + 量比大于2,484,0.0645,0.0913,0.707,0.4545,0.5412,-0.0866,L2
震荡-1买,站上MA34 + 量能递增,749,0.1026,0.138,0.744,0.4673,0.5412,-0.0739,L2
震荡-1买,站上MA34 + 价涨量增,767,0.1073,0.1387,0.774,0.4772,0.5412,-0.064,L2
震荡-1买,站上MA34 + 价涨量缩,458,0.0589,0.0889,0.663,0.4389,0.5412,-0.1023,L2
震荡-1买,站上MA34 + MACD_DIF大于0,261,0.0375,0.046,0.816,0.4904,0.5412,-0.0508,L2
震荡-1买,站上MA34 + MACD金叉态,621,0.0839,0.1159,0.724,0.4605,0.5412,-0.0806,L2
震荡-1买,站上MA34 + MACD柱递增,761,0.1059,0.1384,0.765,0.4744,0.5412,-0.0668,L2
震荡-1买,站上MA34 + MACD零轴上金叉,66,0.01,0.0111,0.901,0.5152,0.5412,-0.026,L2
震荡-1买,站上MA34 + MACD底背离,335,0.0387,0.0702,0.551,0.394,0.5412,-0.1472,L2
震荡-1买,站上MA34 + BOLL收上中轨,774,0.1065,0.1422,0.749,0.469,0.5412,-0.0722,L2
震荡-1买,站上MA34 + BOLL突破上轨,152,0.0191,0.0301,0.633,0.4276,0.5412,-0.1136,L2
震荡-1买,站上MA34 + BOLL触下轨反弹,664,0.095,0.1176,0.808,0.488,0.5412,-0.0532,L2
震荡-1买,站上MA34 + BOLL开口扩张,823,0.1141,0.1501,0.76,0.4727,0.5412,-0.0685,L2
震荡-1买,站上MA34 + KDJ金叉态,784,0.1091,0.1425,0.765,0.4745,0.5412,-0.0667,L2
震荡-1买,站上MA34 + KDJ_J超卖,715,0.0962,0.1339,0.719,0.4587,0.5412,-0.0824,L2
震荡-1买,站上MA34 + KDJ低位金叉,153,0.0202,0.0291,0.696,0.451,0.5412,-0.0902,L2
震荡-1买,站上MA34 + KDJ_D小于30,395,0.0548,0.0719,0.762,0.4734,0.5412,-0.0678,L2
震荡-1买,站上MA34 + RSI6大于50,799,0.1111,0.1453,0.765,0.4743,0.5412,-0.0668,L2
震荡-1买,站上MA34 + RSI金叉,784,0.1076,0.1442,0.746,0.4681,0.5412,-0.0731,L2
震荡-1买,站上MA34 + RSI6超卖,643,0.0906,0.1155,0.784,0.4806,0.5412,-0.0606,L2
震荡-1买,站上MA34 + RSI底背离,336,0.044,0.0643,0.684,0.4464,0.5412,-0.0948,L2
震荡-1买,站上MA34 + 威科夫得分大于4,170,0.0223,0.0325,0.685,0.4471,0.5412,-0.0941,L2
震荡-1买,站上MA34 + 威科夫得分大于7,77,0.0117,0.0128,0.917,0.5195,0.5412,-0.0217,L2
震荡-1买,站上MA34 + 积累阶段,301,0.0331,0.065,0.51,0.3754,0.5412,-0.1658,L2
震荡-1买,站上MA34 + 黄金柱,75,0.0103,0.0138,0.742,0.4667,0.5412,-0.0745,L2
震荡-1买,站上MA34 + 量能金叉,363,0.0457,0.0716,0.639,0.4298,0.5412,-0.1114,L2
震荡-1买,站上MA34 + 六脉红灯大于5,753,0.1059,0.1356,0.781,0.4794,0.5412,-0.0618,L2
震荡-1买,站上MA34 + 六脉红灯大于6,727,0.1012,0.1321,0.766,0.4746,0.5412,-0.0666,L2
震荡-1买,站上MA34 + 六脉6红首发,727,0.1012,0.1321,0.766,0.4746,0.5412,-0.0666,L2
震荡-1买,站上MA34 + 六脉5红首发,753,0.1059,0.1356,0.781,0.4794,0.5412,-0.0618,L2
震荡-1买,站上MA34 + 偏多共振,108,0.0138,0.0211,0.653,0.4352,0.5412,-0.106,L2
震荡-1买,站上MA34 + 多头共振,108,0.0138,0.0211,0.653,0.4352,0.5412,-0.106,L2
震荡-1买,站上MA34 + 火箭信号,216,0.0328,0.036,0.913,0.5185,0.5412,-0.0227,L2
震荡-1买,站上MA34 + 中枢进机会区,482,0.0689,0.0854,0.807,0.4876,0.5412,-0.0536,L2
震荡-1买,站上MA34 + 中枢极限底,339,0.0469,0.0619,0.758,0.472,0.5412,-0.0692,L2
震荡-1买,站上MA34 + 中枢上穿中轴,663,0.0947,0.1176,0.805,0.4872,0.5412,-0.054,L2
震荡-1买,站上MA34 + 中枢底部蓄力,431,0.0545,0.0847,0.644,0.4316,0.5412,-0.1096,L2
震荡-1买,站上MA34 + 中枢底部回升,716,0.0974,0.1328,0.733,0.4637,0.5412,-0.0775,L2
震荡-1买,站上MA34 + 大盘多头,196,0.0199,0.0443,0.45,0.3469,0.5412,-0.1942,L2
震荡-1买,站上MA34 + 大盘空头,383,0.0528,0.0702,0.752,0.47,0.5412,-0.0712,L2
震荡-1买,站上MA34 + 大盘安全,563,0.0718,0.11,0.653,0.4352,0.5412,-0.106,L2
震荡-1买,站上MA34 + SID等于1,196,0.0199,0.0443,0.45,0.3469,0.5412,-0.1942,L2
震荡-1买,站上MA34 + SID等于2,835,0.1155,0.1525,0.757,0.4719,0.5412,-0.0693,L2
震荡-1买,站上MA34 + SID小于等于2,835,0.1155,0.1525,0.757,0.4719,0.5412,-0.0693,L2
震荡-1买,站上MA34 + 大盘5日上涨,590,0.0765,0.1138,0.673,0.4424,0.5412,-0.0988,L2
震荡-1买,站上MA34 + 相对强弱大于0,725,0.1006,0.1321,0.761,0.4731,0.5412,-0.0681,L2
震荡-1买,站上MA34 + 相对强弱大于5,328,0.0484,0.0564,0.858,0.503,0.5412,-0.0381,L2
震荡-1买,站上MA34 + 量比>=1.3,310,0.0484,0.0502,0.965,0.5323,0.5412,-0.0089,L2
震荡-1买,站上MA34 + 量比>=2,85,0.0129,0.0142,0.91,0.5176,0.5412,-0.0235,L2
震荡-1买,站上MA34 + 距前高<=10%,131,0.0188,0.0232,0.81,0.4885,0.5412,-0.0526,L2
震荡-1买,站上MA34 + 距前低<=10%,701,0.095,0.1304,0.729,0.4622,0.5412,-0.079,L2
震荡-1买,站上MA34 + 相对强弱>=0,222,0.0331,0.0377,0.879,0.509,0.5412,-0.0322,L2
震荡-1买,站上MA55 + 站上MA89,415,0.0636,0.0685,0.929,0.5229,0.5412,-0.0183,L2
震荡-1买,站上MA55 + 站上MA144,371,0.0545,0.064,0.852,0.5013,0.5412,-0.0398,L2
震荡-1买,站上MA55 + 站上MA233,357,0.0531,0.0609,0.872,0.507,0.5412,-0.0342,L2
震荡-1买,站上MA55 + 斐波短中多头,71,0.0114,0.0111,1.033,0.5493,0.5412,0.0081,L2
震荡-1买,站上MA55 + 斐波长多头,101,0.0138,0.0187,0.738,0.4653,0.5412,-0.0758,L2
震荡-1买,站上MA55 + 放量,615,0.0935,0.1024,0.914,0.5187,0.5412,-0.0225,L2
震荡-1买,站上MA55 + 缩量,481,0.0701,0.0837,0.837,0.4969,0.5412,-0.0443,L2
震荡-1买,站上MA55 + 量比大于1,635,0.0968,0.1055,0.917,0.5197,0.5412,-0.0215,L2
震荡-1买,站上MA55 + 量比大于1_3,581,0.0856,0.1,0.857,0.5026,0.5412,-0.0386,L2
震荡-1买,站上MA55 + 量比大于2,391,0.0569,0.0681,0.835,0.4962,0.5412,-0.045,L2
震荡-1买,站上MA55 + 量能递增,569,0.0859,0.0955,0.9,0.5149,0.5412,-0.0262,L2
震荡-1买,站上MA55 + 价涨量增,574,0.0871,0.0958,0.909,0.5174,0.5412,-0.0238,L2
震荡-1买,站上MA55 + 价涨量缩,372,0.056,0.0626,0.895,0.5134,0.5412,-0.0277,L2
震荡-1买,站上MA55 + MACD_DIF大于0,298,0.0463,0.0484,0.957,0.5302,0.5412,-0.011,L2
震荡-1买,站上MA55 + MACD金叉态,409,0.0587,0.0723,0.811,0.489,0.5412,-0.0522,L2
震荡-1买,站上MA55 + MACD柱递增,584,0.0886,0.0975,0.908,0.5171,0.5412,-0.0241,L2
震荡-1买,站上MA55 + MACD零轴上金叉,66,0.01,0.0111,0.901,0.5152,0.5412,-0.026,L2
震荡-1买,站上MA55 + MACD底背离,212,0.0267,0.0419,0.638,0.4292,0.5412,-0.1119,L2
震荡-1买,站上MA55 + BOLL收上中轨,535,0.078,0.093,0.838,0.4972,0.5412,-0.044,L2
震荡-1买,站上MA55 + BOLL突破上轨,141,0.0182,0.0273,0.665,0.4397,0.5412,-0.1015,L2
震荡-1买,站上MA55 + BOLL触下轨反弹,528,0.083,0.0847,0.979,0.536,0.5412,-0.0052,L2
震荡-1买,站上MA55 + BOLL开口扩张,649,0.0988,0.1079,0.916,0.5193,0.5412,-0.0219,L2
震荡-1买,站上MA55 + KDJ金叉态,599,0.0903,0.1007,0.897,0.5142,0.5412,-0.027,L2
震荡-1买,站上MA55 + KDJ_J超卖,560,0.0839,0.0948,0.885,0.5107,0.5412,-0.0305,L2
震荡-1买,站上MA55 + KDJ低位金叉,118,0.0176,0.0201,0.877,0.5085,0.5412,-0.0327,L2
震荡-1买,站上MA55 + KDJ_D小于30,307,0.0452,0.0529,0.853,0.5016,0.5412,-0.0396,L2
震荡-1买,站上MA55 + RSI6大于50,577,0.0859,0.0982,0.875,0.5078,0.5412,-0.0334,L2
震荡-1买,站上MA55 + RSI金叉,577,0.0862,0.0979,0.881,0.5095,0.5412,-0.0317,L2
震荡-1买,站上MA55 + RSI6超卖,519,0.0806,0.0844,0.956,0.5299,0.5412,-0.0113,L2
震荡-1买,站上MA55 + RSI底背离,217,0.0302,0.0394,0.766,0.4747,0.5412,-0.0665,L2
震荡-1买,站上MA55 + 威科夫得分大于4,177,0.0261,0.0304,0.857,0.5028,0.5412,-0.0384,L2
震荡-1买,站上MA55 + 威科夫得分大于7,83,0.0138,0.0125,1.107,0.5663,0.5412,0.0251,L2
震荡-1买,站上MA55 + 积累阶段,180,0.0214,0.037,0.578,0.4056,0.5412,-0.1356,L2
震荡-1买,站上MA55 + 黄金柱,56,0.0076,0.0104,0.735,0.4643,0.5412,-0.0769,L2
震荡-1买,站上MA55 + 量能金叉,296,0.0411,0.054,0.761,0.473,0.5412,-0.0682,L2
震荡-1买,站上MA55 + 六脉红灯大于5,546,0.0809,0.0934,0.867,0.5055,0.5412,-0.0357,L2
震荡-1买,站上MA55 + 六脉红灯大于6,515,0.0754,0.0892,0.845,0.499,0.5412,-0.0422,L2
震荡-1买,站上MA55 + 六脉6红首发,515,0.0754,0.0892,0.845,0.499,0.5412,-0.0422,L2
震荡-1买,站上MA55 + 六脉5红首发,546,0.0809,0.0934,0.867,0.5055,0.5412,-0.0357,L2
震荡-1买,站上MA55 + 偏多共振,120,0.0185,0.0197,0.937,0.525,0.5412,-0.0162,L2
震荡-1买,站上MA55 + 多头共振,120,0.0185,0.0197,0.937,0.525,0.5412,-0.0162,L2
震荡-1买,站上MA55 + 火箭信号,180,0.0282,0.0291,0.969,0.5333,0.5412,-0.0079,L2
震荡-1买,站上MA55 + 中枢进机会区,402,0.0645,0.063,1.025,0.5473,0.5412,0.0061,L2
震荡-1买,站上MA55 + 中枢极限底,263,0.0393,0.0446,0.881,0.5095,0.5412,-0.0317,L2
震荡-1买,站上MA55 + 中枢上穿中轴,496,0.0751,0.083,0.904,0.5161,0.5412,-0.0251,L2
震荡-1买,站上MA55 + 中枢底部蓄力,280,0.0375,0.0526,0.714,0.4571,0.5412,-0.084,L2
震荡-1买,站上MA55 + 中枢底部回升,549,0.0824,0.0927,0.889,0.5118,0.5412,-0.0293,L2
震荡-1买,站上MA55 + 大盘多头,138,0.017,0.0277,0.615,0.4203,0.5412,-0.1209,L2
震荡-1买,站上MA55 + 大盘空头,253,0.0337,0.0477,0.707,0.4545,0.5412,-0.0866,L2
震荡-1买,站上MA55 + 大盘安全,368,0.049,0.0695,0.704,0.4538,0.5412,-0.0874,L2
震荡-1买,站上MA55 + SID等于1,138,0.017,0.0277,0.615,0.4203,0.5412,-0.1209,L2
震荡-1买,站上MA55 + SID等于2,654,0.0997,0.1086,0.918,0.5199,0.5412,-0.0213,L2
震荡-1买,站上MA55 + SID小于等于2,654,0.0997,0.1086,0.918,0.5199,0.5412,-0.0213,L2
震荡-1买,站上MA55 + 大盘5日上涨,400,0.0537,0.0751,0.715,0.4575,0.5412,-0.0837,L2
震荡-1买,站上MA55 + 相对强弱大于0,561,0.0833,0.0958,0.869,0.5062,0.5412,-0.0349,L2
震荡-1买,站上MA55 + 相对强弱大于5,283,0.0431,0.047,0.916,0.5194,0.5412,-0.0217,L2
震荡-1买,站上MA55 + 量比>=1.3,260,0.0419,0.0405,1.036,0.55,0.5412,0.0088,L2
震荡-1买,站上MA55 + 量比>=2,73,0.012,0.0111,1.086,0.5616,0.5412,0.0205,L2
震荡-1买,站上MA55 + 距前高<=10%,134,0.0196,0.0232,0.848,0.5,0.5412,-0.0412,L2
震荡-1买,站上MA55 + 距前低<=10%,498,0.0751,0.0837,0.897,0.5141,0.5412,-0.0271,L2
震荡-1买,站上MA55 + 相对强弱>=0,174,0.0282,0.027,1.043,0.5517,0.5412,0.0105,L2
震荡-1买,站上MA89 + 站上MA144,496,0.068,0.0913,0.745,0.4677,0.5412,-0.0734,L2
震荡-1买,站上MA89 + 站上MA233,439,0.0604,0.0806,0.75,0.4692,0.5412,-0.0719,L2
震荡-1买,站上MA89 + 斐波短中多头,72,0.012,0.0107,1.121,0.5694,0.5412,0.0283,L2
震荡-1买,站上MA89 + 斐波长多头,221,0.0238,0.0484,0.491,0.3665,0.5412,-0.1747,L2
震荡-1买,站上MA89 + 放量,498,0.0713,0.0882,0.808,0.488,0.5412,-0.0532,L2
震荡-1买,站上MA89 + 缩量,481,0.0639,0.091,0.703,0.4532,0.5412,-0.088,L2
震荡-1买,站上MA89 + 量比大于1,560,0.0789,0.1007,0.784,0.4804,0.5412,-0.0608,L2
震荡-1买,站上MA89 + 量比大于1_3,463,0.0639,0.0847,0.754,0.4708,0.5412,-0.0703,L2
震荡-1买,站上MA89 + 量比大于2,282,0.0399,0.0505,0.79,0.4823,0.5412,-0.0589,L2
震荡-1买,站上MA89 + 量能递增,467,0.0666,0.083,0.802,0.4861,0.5412,-0.0551,L2
震荡-1买,站上MA89 + 价涨量增,449,0.0648,0.0789,0.822,0.4922,0.5412,-0.049,L2
震荡-1买,站上MA89 + 价涨量缩,387,0.0516,0.073,0.707,0.4548,0.5412,-0.0864,L2
震荡-1买,站上MA89 + MACD_DIF大于0,291,0.0449,0.0477,0.94,0.5258,0.5412,-0.0154,L2
震荡-1买,站上MA89 + MACD金叉态,294,0.0413,0.0529,0.781,0.4796,0.5412,-0.0616,L2
震荡-1买,站上MA89 + MACD柱递增,515,0.0724,0.0927,0.781,0.4796,0.5412,-0.0616,L2
震荡-1买,站上MA89 + MACD零轴上金叉,61,0.0091,0.0104,0.876,0.5082,0.5412,-0.033,L2
震荡-1买,站上MA89 + MACD底背离,224,0.0255,0.0474,0.538,0.3884,0.5412,-0.1528,L2
震荡-1买,站上MA89 + BOLL收上中轨,392,0.0548,0.0709,0.773,0.477,0.5412,-0.0641,L2
震荡-1买,站上MA89 + BOLL突破上轨,104,0.015,0.0183,0.816,0.4904,0.5412,-0.0508,L2
震荡-1买,站上MA89 + BOLL触下轨反弹,459,0.0683,0.0782,0.874,0.5076,0.5412,-0.0336,L2
震荡-1买,站上MA89 + BOLL开口扩张,596,0.0836,0.1076,0.777,0.4782,0.5412,-0.063,L2
震荡-1买,站上MA89 + KDJ金叉态,491,0.0677,0.0899,0.753,0.4705,0.5412,-0.0707,L2
震荡-1买,站上MA89 + KDJ_J超卖,543,0.0748,0.0996,0.751,0.4696,0.5412,-0.0716,L2
震荡-1买,站上MA89 + KDJ低位金叉,125,0.0152,0.0253,0.604,0.416,0.5412,-0.1252,L2
震荡-1买,站上MA89 + KDJ_D小于30,318,0.0419,0.0605,0.693,0.4497,0.5412,-0.0915,L2
震荡-1买,站上MA89 + RSI6大于50,446,0.0633,0.0796,0.796,0.4843,0.5412,-0.0569,L2
震荡-1买,站上MA89 + RSI金叉,477,0.0669,0.0861,0.776,0.478,0.5412,-0.0632,L2
震荡-1买,站上MA89 + RSI6超卖,489,0.071,0.0854,0.831,0.4949,0.5412,-0.0463,L2
震荡-1买,站上MA89 + RSI底背离,202,0.024,0.0415,0.579,0.4059,0.5412,-0.1352,L2
震荡-1买,站上MA89 + 威科夫得分大于4,214,0.0314,0.037,0.848,0.5,0.5412,-0.0412,L2
震荡-1买,站上MA89 + 威科夫得分大于7,96,0.0158,0.0145,1.09,0.5625,0.5412,0.0213,L2
震荡-1买,站上MA89 + 积累阶段,213,0.0232,0.0464,0.5,0.3709,0.5412,-0.1703,L2
震荡-1买,站上MA89 + 量能金叉,203,0.0284,0.0367,0.776,0.4778,0.5412,-0.0634,L2
震荡-1买,站上MA89 + 六脉红灯大于5,423,0.0589,0.0768,0.768,0.4752,0.5412,-0.066,L2
震荡-1买,站上MA89 + 六脉红灯大于6,394,0.0551,0.0713,0.774,0.4772,0.5412,-0.064,L2
震荡-1买,站上MA89 + 六脉6红首发,394,0.0551,0.0713,0.774,0.4772,0.5412,-0.064,L2
震荡-1买,站上MA89 + 六脉5红首发,423,0.0589,0.0768,0.768,0.4752,0.5412,-0.066,L2
震荡-1买,站上MA89 + 偏多共振,171,0.0249,0.0297,0.838,0.4971,0.5412,-0.0441,L2
震荡-1买,站上MA89 + 多头共振,171,0.0249,0.0297,0.838,0.4971,0.5412,-0.0441,L2
震荡-1买,站上MA89 + 火箭信号,148,0.0229,0.0242,0.945,0.527,0.5412,-0.0142,L2
震荡-1买,站上MA89 + 中枢进机会区,367,0.0543,0.063,0.862,0.5041,0.5412,-0.0371,L2
震荡-1买,站上MA89 + 中枢极限底,265,0.0378,0.047,0.804,0.4868,0.5412,-0.0544,L2
震荡-1买,站上MA89 + 中枢上穿中轴,341,0.0496,0.0595,0.833,0.4956,0.5412,-0.0456,L2
震荡-1买,站上MA89 + 中枢底部蓄力,300,0.0367,0.0605,0.606,0.4167,0.5412,-0.1245,L2
震荡-1买,站上MA89 + 中枢底部回升,517,0.0718,0.0941,0.764,0.4739,0.5412,-0.0673,L2
震荡-1买,站上MA89 + 大盘多头,169,0.0226,0.0318,0.71,0.4556,0.5412,-0.0856,L2
震荡-1买,站上MA89 + 大盘空头,193,0.0226,0.0401,0.563,0.399,0.5412,-0.1422,L2
震荡-1买,站上MA89 + 大盘安全,325,0.0422,0.0626,0.674,0.4431,0.5412,-0.0981,L2
震荡-1买,站上MA89 + SID等于1,169,0.0226,0.0318,0.71,0.4556,0.5412,-0.0856,L2
震荡-1买,站上MA89 + SID等于2,605,0.0848,0.1093,0.775,0.4777,0.5412,-0.0635,L2
震荡-1买,站上MA89 + SID小于等于2,605,0.0848,0.1093,0.775,0.4777,0.5412,-0.0635,L2
震荡-1买,站上MA89 + 大盘5日上涨,354,0.0457,0.0685,0.668,0.4407,0.5412,-0.1005,L2
震荡-1买,站上MA89 + 相对强弱大于0,446,0.0642,0.0785,0.818,0.491,0.5412,-0.0502,L2
震荡-1买,站上MA89 + 相对强弱大于5,220,0.034,0.036,0.946,0.5273,0.5412,-0.0139,L2
震荡-1买,站上MA89 + 量比>=1.3,180,0.0284,0.0287,0.991,0.5389,0.5412,-0.0023,L2
震荡-1买,站上MA89 + 距前高<=10%,97,0.0141,0.0169,0.83,0.4948,0.5412,-0.0463,L2
震荡-1买,站上MA89 + 距前低<=10%,438,0.0619,0.0785,0.788,0.4817,0.5412,-0.0594,L2
震荡-1买,站上MA89 + 相对强弱>=0,125,0.0188,0.0211,0.889,0.512,0.5412,-0.0292,L2
震荡-1买,站上MA144 + 站上MA233,830,0.1012,0.1678,0.603,0.4157,0.5412,-0.1255,L2
震荡-1买,站上MA144 + 斐波短中多头,76,0.0126,0.0114,1.105,0.5658,0.5412,0.0246,L2
震荡-1买,站上MA144 + 斐波长多头,466,0.0513,0.1007,0.51,0.3755,0.5412,-0.1656,L2
震荡-1买,站上MA144 + 放量,721,0.0938,0.1387,0.677,0.4438,0.5412,-0.0974,L2
震荡-1买,站上MA144 + 缩量,822,0.0977,0.1691,0.577,0.4051,0.5412,-0.1361,L2
震荡-1买,站上MA144 + 量比大于1,876,0.1094,0.174,0.629,0.4258,0.5412,-0.1154,L2
震荡-1买,站上MA144 + 量比大于1_3,703,0.0868,0.1408,0.617,0.4211,0.5412,-0.1201,L2
震荡-1买,站上MA144 + 量比大于2,361,0.0484,0.0678,0.714,0.4571,0.5412,-0.0841,L2
震荡-1买,站上MA144 + 量能递增,629,0.0848,0.1176,0.721,0.4595,0.5412,-0.0817,L2
震荡-1买,站上MA144 + 价涨量增,595,0.0765,0.1155,0.663,0.4387,0.5412,-0.1025,L2
震荡-1买,站上MA144 + 价涨量缩,709,0.0853,0.1446,0.59,0.4104,0.5412,-0.1307,L2
震荡-1买,站上MA144 + MACD_DIF大于0,332,0.0519,0.0536,0.968,0.5331,0.5412,-0.0081,L2
震荡-1买,站上MA144 + MACD金叉态,312,0.0387,0.0623,0.622,0.4231,0.5412,-0.1181,L2
震荡-1买,站上MA144 + MACD柱递增,808,0.1029,0.1581,0.651,0.4344,0.5412,-0.1068,L2
震荡-1买,站上MA144 + MACD零轴上金叉,53,0.0082,0.0086,0.95,0.5283,0.5412,-0.0129,L2
震荡-1买,站上MA144 + MACD底背离,377,0.0381,0.0854,0.446,0.3448,0.5412,-0.1964,L2
震荡-1买,站上MA144 + BOLL收上中轨,388,0.0496,0.0758,0.654,0.4356,0.5412,-0.1056,L2
震荡-1买,站上MA144 + BOLL突破上轨,91,0.0126,0.0166,0.759,0.4725,0.5412,-0.0687,L2
震荡-1买,站上MA144 + BOLL触下轨反弹,694,0.093,0.1304,0.713,0.4568,0.5412,-0.0844,L2
震荡-1买,站上MA144 + BOLL开口扩张,940,0.1185,0.1854,0.639,0.4298,0.5412,-0.1114,L2
震荡-1买,站上MA144 + KDJ金叉态,753,0.0935,0.1501,0.623,0.4236,0.5412,-0.1175,L2
震荡-1买,站上MA144 + KDJ_J超卖,886,0.1085,0.1785,0.608,0.4176,0.5412,-0.1236,L2
震荡-1买,站上MA144 + KDJ低位金叉,325,0.0352,0.0709,0.496,0.3692,0.5412,-0.172,L2
震荡-1买,站上MA144 + KDJ_D小于30,627,0.0733,0.1304,0.562,0.3987,0.5412,-0.1425,L2
震荡-1买,站上MA144 + RSI6大于50,515,0.0633,0.1034,0.612,0.4194,0.5412,-0.1218,L2
震荡-1买,站上MA144 + RSI金叉,665,0.0809,0.1346,0.602,0.415,0.5412,-0.1261,L2
震荡-1买,站上MA144 + RSI6超卖,836,0.1065,0.1636,0.651,0.4342,0.5412,-0.107,L2
震荡-1买,站上MA144 + RSI底背离,317,0.0331,0.0706,0.47,0.3565,0.5412,-0.1847,L2
震荡-1买,站上MA144 + 威科夫得分大于4,254,0.0346,0.047,0.736,0.4646,0.5412,-0.0766,L2
震荡-1买,站上MA144 + 威科夫得分大于7,101,0.0158,0.0163,0.974,0.5347,0.5412,-0.0065,L2
震荡-1买,站上MA144 + 积累阶段,422,0.0411,0.0975,0.421,0.3318,0.5412,-0.2094,L2
震荡-1买,站上MA144 + 量能金叉,257,0.0364,0.046,0.79,0.4825,0.5412,-0.0587,L2
震荡-1买,站上MA144 + 六脉红灯大于5,539,0.0636,0.1114,0.571,0.4026,0.5412,-0.1386,L2
震荡-1买,站上MA144 + 六脉红灯大于6,443,0.054,0.0896,0.602,0.4153,0.5412,-0.1258,L2
震荡-1买,站上MA144 + 六脉6红首发,443,0.054,0.0896,0.602,0.4153,0.5412,-0.1258,L2
震荡-1买,站上MA144 + 六脉5红首发,539,0.0636,0.1114,0.571,0.4026,0.5412,-0.1386,L2
震荡-1买,站上MA144 + 偏多共振,247,0.0372,0.0415,0.897,0.5142,0.5412,-0.027,L2
震荡-1买,站上MA144 + 多头共振,247,0.0372,0.0415,0.897,0.5142,0.5412,-0.027,L2
震荡-1买,站上MA144 + 火箭信号,164,0.0243,0.028,0.869,0.5061,0.5412,-0.0351,L2
震荡-1买,站上MA144 + 中枢进机会区,572,0.0798,0.1038,0.769,0.4755,0.5412,-0.0657,L2
震荡-1买,站上MA144 + 中枢极限底,521,0.0674,0.1007,0.67,0.4415,0.5412,-0.0997,L2
震荡-1买,站上MA144 + 中枢上穿中轴,331,0.0466,0.0595,0.784,0.4804,0.5412,-0.0608,L2
震荡-1买,站上MA144 + 中枢底部蓄力,577,0.0587,0.1304,0.45,0.3466,0.5412,-0.1946,L2
震荡-1买,站上MA144 + 中枢底部回升,862,0.1065,0.1726,0.617,0.4211,0.5412,-0.1201,L2
震荡-1买,站上MA144 + 大盘多头,265,0.0282,0.0585,0.482,0.3623,0.5412,-0.1789,L2
震荡-1买,站上MA144 + 大盘空头,210,0.0167,0.0529,0.316,0.2714,0.5412,-0.2698,L2
震荡-1买,站上MA144 + 大盘安全,423,0.0402,0.0989,0.406,0.3239,0.5412,-0.2173,L2
震荡-1买,站上MA144 + SID等于1,265,0.0282,0.0585,0.482,0.3623,0.5412,-0.1789,L2
震荡-1买,站上MA144 + SID等于2,962,0.1199,0.1913,0.627,0.4252,0.5412,-0.116,L2
震荡-1买,站上MA144 + SID小于等于2,962,0.1199,0.1913,0.627,0.4252,0.5412,-0.116,L2
震荡-1买,站上MA144 + 大盘5日上涨,470,0.0452,0.1093,0.413,0.3277,0.5412,-0.2135,L2
震荡-1买,站上MA144 + 相对强弱大于0,515,0.0672,0.0989,0.679,0.4447,0.5412,-0.0965,L2
震荡-1买,站上MA144 + 相对强弱大于5,217,0.0328,0.0363,0.904,0.5161,0.5412,-0.0251,L2
震荡-1买,站上MA144 + 量比>=1.3,256,0.0375,0.0443,0.848,0.5,0.5412,-0.0412,L2
震荡-1买,站上MA144 + 量比>=2,68,0.0114,0.01,1.14,0.5735,0.5412,0.0323,L2
震荡-1买,站上MA144 + 距前高<=10%,96,0.0135,0.0173,0.78,0.4792,0.5412,-0.062,L2
震荡-1买,站上MA144 + 距前低<=10%,712,0.0818,0.1498,0.546,0.3919,0.5412,-0.1493,L2
震荡-1买,站上MA144 + 相对强弱>=0,139,0.0211,0.0232,0.911,0.518,0.5412,-0.0232,L2
震荡-1买,站上MA233 + 斐波短中多头,85,0.0158,0.0107,1.477,0.6353,0.5412,0.0941,L2
震荡-1买,站上MA233 + 斐波长多头,673,0.0821,0.1359,0.604,0.416,0.5412,-0.1251,L2
震荡-1买,站上MA233 + MA55上穿MA89,70,0.0129,0.009,1.435,0.6286,0.5412,0.0874,L2
震荡-1买,站上MA233 + 放量,1197,0.1698,0.2138,0.794,0.4837,0.5412,-0.0575,L2
震荡-1买,站上MA233 + 缩量,1386,0.1774,0.2701,0.657,0.4365,0.5412,-0.1047,L2
震荡-1买,站上MA233 + 量比大于1,1461,0.1935,0.2771,0.699,0.4517,0.5412,-0.0894,L2
震荡-1买,站上MA233 + 量比大于1_3,1174,0.1584,0.2193,0.722,0.46,0.5412,-0.0812,L2
震荡-1买,站上MA233 + 量比大于2,584,0.0889,0.0972,0.914,0.5188,0.5412,-0.0223,L2
震荡-1买,站上MA233 + 量能递增,1002,0.1501,0.1695,0.886,0.511,0.5412,-0.0302,L2
震荡-1买,站上MA233 + 价涨量增,973,0.1346,0.1778,0.757,0.4717,0.5412,-0.0694,L2
震荡-1买,站上MA233 + 价涨量缩,1203,0.1545,0.2338,0.661,0.4381,0.5412,-0.1031,L2
震荡-1买,站上MA233 + MACD_DIF大于0,369,0.063,0.0533,1.184,0.5827,0.5412,0.0415,L2
震荡-1买,站上MA233 + MACD金叉态,417,0.0446,0.0917,0.486,0.3645,0.5412,-0.1767,L2
震荡-1买,站上MA233 + MACD柱递增,1391,0.185,0.2629,0.704,0.4536,0.5412,-0.0876,L2
震荡-1买,站上MA233 + MACD底背离,630,0.0598,0.1474,0.406,0.3238,0.5412,-0.2174,L2
震荡-1买,站上MA233 + BOLL收上中轨,449,0.054,0.0917,0.589,0.4098,0.5412,-0.1314,L2
震荡-1买,站上MA233 + BOLL突破上轨,83,0.0117,0.0149,0.789,0.4819,0.5412,-0.0593,L2
震荡-1买,站上MA233 + BOLL触下轨反弹,1150,0.1578,0.2117,0.745,0.4678,0.5412,-0.0734,L2
震荡-1买,站上MA233 + BOLL开口扩张,1549,0.2082,0.2902,0.717,0.4584,0.5412,-0.0828,L2
震荡-1买,站上MA233 + KDJ金叉态,1302,0.1742,0.2449,0.711,0.4562,0.5412,-0.085,L2
震荡-1买,站上MA233 + KDJ_J超卖,1500,0.1974,0.2861,0.69,0.4487,0.5412,-0.0925,L2
震荡-1买,站上MA233 + KDJ低位金叉,711,0.0903,0.1394,0.648,0.4332,0.5412,-0.108,L2
震荡-1买,站上MA233 + KDJ_D小于30,1153,0.146,0.2266,0.645,0.4319,0.5412,-0.1093,L2
震荡-1买,站上MA233 + RSI6大于50,693,0.0801,0.1453,0.551,0.3939,0.5412,-0.1472,L2
震荡-1买,站上MA233 + RSI金叉,1096,0.1378,0.2165,0.637,0.4288,0.5412,-0.1124,L2
震荡-1买,站上MA233 + RSI6超卖,1450,0.1971,0.2691,0.732,0.4634,0.5412,-0.0777,L2
震荡-1买,站上MA233 + RSI底背离,514,0.0481,0.1211,0.397,0.3191,0.5412,-0.2221,L2
震荡-1买,站上MA233 + 威科夫得分大于4,262,0.0378,0.046,0.822,0.4924,0.5412,-0.0488,L2
震荡-1买,站上MA233 + 威科夫得分大于7,97,0.0158,0.0149,1.065,0.5567,0.5412,0.0155,L2
震荡-1买,站上MA233 + 积累阶段,566,0.0554,0.1304,0.425,0.3339,0.5412,-0.2073,L2
震荡-1买,站上MA233 + 黄金柱,52,0.0056,0.0114,0.488,0.3654,0.5412,-0.1758,L2
震荡-1买,站上MA233 + 量能金叉,417,0.0683,0.0636,1.074,0.5588,0.5412,0.0176,L2
震荡-1买,站上MA233 + 六脉红灯大于5,822,0.0944,0.173,0.546,0.3917,0.5412,-0.1495,L2
震荡-1买,站上MA233 + 六脉红灯大于6,600,0.0698,0.1252,0.557,0.3967,0.5412,-0.1445,L2
震荡-1买,站上MA233 + 六脉6红首发,600,0.0698,0.1252,0.557,0.3967,0.5412,-0.1445,L2
震荡-1买,站上MA233 + 六脉5红首发,822,0.0944,0.173,0.546,0.3917,0.5412,-0.1495,L2
震荡-1买,站上MA233 + 偏多共振,294,0.051,0.0415,1.229,0.5918,0.5412,0.0507,L2
震荡-1买,站上MA233 + 多头共振,293,0.0507,0.0415,1.222,0.5904,0.5412,0.0493,L2
震荡-1买,站上MA233 + 火箭信号,190,0.0293,0.0311,0.942,0.5263,0.5412,-0.0149,L2
震荡-1买,站上MA233 + 极限抄底,145,0.0261,0.0194,1.347,0.6138,0.5412,0.0726,L2
震荡-1买,站上MA233 + 中枢进机会区,904,0.1384,0.1494,0.926,0.5221,0.5412,-0.0191,L2
震荡-1买,站上MA233 + 中枢极限底,978,0.1384,0.175,0.791,0.4826,0.5412,-0.0586,L2
震荡-1买,站上MA233 + 中枢上穿中轴,376,0.0551,0.065,0.848,0.5,0.5412,-0.0412,L2
震荡-1买,站上MA233 + 中枢底部蓄力,1053,0.1152,0.2283,0.505,0.3732,0.5412,-0.168,L2
震荡-1买,站上MA233 + 中枢底部回升,1496,0.1977,0.2843,0.695,0.4505,0.5412,-0.0906,L2
震荡-1买,站上MA233 + 大盘多头,334,0.0284,0.082,0.347,0.2904,0.5412,-0.2508,L2
震荡-1买,站上MA233 + 大盘空头,386,0.0279,0.1007,0.277,0.2461,0.5412,-0.2951,L2
震荡-1买,站上MA233 + 大盘安全,632,0.0501,0.1595,0.314,0.2706,0.5412,-0.2706,L2
震荡-1买,站上MA233 + SID等于1,334,0.0284,0.082,0.347,0.2904,0.5412,-0.2508,L2
震荡-1买,站上MA233 + SID等于2,1593,0.2106,0.3027,0.696,0.4507,0.5412,-0.0905,L2
震荡-1买,站上MA233 + SID小于等于2,1593,0.2106,0.3027,0.696,0.4507,0.5412,-0.0905,L2
震荡-1买,站上MA233 + 大盘5日上涨,646,0.0507,0.1636,0.31,0.2678,0.5412,-0.2734,L2
震荡-1买,站上MA233 + 相对强弱大于0,636,0.0833,0.1218,0.684,0.4465,0.5412,-0.0946,L2
震荡-1买,站上MA233 + 相对强弱大于5,229,0.0343,0.0387,0.886,0.5109,0.5412,-0.0303,L2
震荡-1买,站上MA233 + 量比>=1.3,526,0.0848,0.082,1.034,0.5494,0.5412,0.0082,L2
震荡-1买,站上MA233 + 量比>=2,115,0.0185,0.018,1.027,0.5478,0.5412,0.0066,L2
震荡-1买,站上MA233 + 距前高<=10%,88,0.0129,0.0152,0.848,0.5,0.5412,-0.0412,L2
震荡-1买,站上MA233 + 距前低<=10%,1121,0.1243,0.2411,0.516,0.3782,0.5412,-0.163,L2
震荡-1买,站上MA233 + 相对强弱>=0,155,0.0211,0.0287,0.735,0.4645,0.5412,-0.0767,L2
震荡-1买,斐波短中多头 + 放量,93,0.0164,0.0128,1.283,0.6022,0.5412,0.061,L2
震荡-1买,斐波短中多头 + 缩量,102,0.0194,0.0125,1.554,0.6471,0.5412,0.1059,L2
震荡-1买,斐波短中多头 + 量比大于1,91,0.0161,0.0125,1.295,0.6044,0.5412,0.0632,L2
震荡-1买,斐波短中多头 + 量比大于1_3,64,0.01,0.0104,0.961,0.5312,0.5412,-0.0099,L2
震荡-1买,斐波短中多头 + 量能递增,113,0.0217,0.0135,1.609,0.6549,0.5412,0.1137,L2
震荡-1买,斐波短中多头 + 价涨量增,66,0.0111,0.0097,1.151,0.5758,0.5412,0.0346,L2
震荡-1买,斐波短中多头 + 价涨量缩,101,0.0196,0.0118,1.671,0.6634,0.5412,0.1222,L2
震荡-1买,斐波短中多头 + MACD_DIF大于0,118,0.0226,0.0142,1.592,0.6525,0.5412,0.1114,L2
震荡-1买,斐波短中多头 + MACD金叉态,56,0.0091,0.0086,1.051,0.5536,0.5412,0.0124,L2
震荡-1买,斐波短中多头 + MACD柱递增,61,0.0111,0.008,1.401,0.623,0.5412,0.0818,L2
震荡-1买,斐波短中多头 + BOLL收上中轨,54,0.0082,0.009,0.913,0.5185,0.5412,-0.0227,L2
震荡-1买,斐波短中多头 + BOLL触下轨反弹,96,0.0176,0.0125,1.413,0.625,0.5412,0.0838,L2
震荡-1买,斐波短中多头 + BOLL开口扩张,120,0.0229,0.0145,1.574,0.65,0.5412,0.1088,L2
震荡-1买,斐波短中多头 + KDJ金叉态,50,0.0082,0.0076,1.079,0.56,0.5412,0.0188,L2
震荡-1买,斐波短中多头 + KDJ_J超卖,111,0.0211,0.0135,1.565,0.6486,0.5412,0.1075,L2
震荡-1买,斐波短中多头 + RSI6大于50,54,0.0085,0.0086,0.983,0.537,0.5412,-0.0041,L2
震荡-1买,斐波短中多头 + RSI金叉,57,0.0097,0.0083,1.166,0.5789,0.5412,0.0378,L2
震荡-1买,斐波短中多头 + RSI6超卖,95,0.0194,0.01,1.929,0.6947,0.5412,0.1536,L2
震荡-1买,斐波短中多头 + 威科夫得分大于4,75,0.0138,0.0097,1.423,0.6267,0.5412,0.0855,L2
震荡-1买,斐波短中多头 + 偏多共振,72,0.0129,0.0097,1.332,0.6111,0.5412,0.0699,L2
震荡-1买,斐波短中多头 + 多头共振,72,0.0129,0.0097,1.332,0.6111,0.5412,0.0699,L2
震荡-1买,斐波短中多头 + 中枢进机会区,92,0.0185,0.01,1.842,0.6848,0.5412,0.1436,L2
震荡-1买,斐波短中多头 + 中枢极限底,55,0.0123,0.0045,2.739,0.7636,0.5412,0.2225,L2
震荡-1买,斐波短中多头 + 中枢底部回升,95,0.0194,0.01,1.929,0.6947,0.5412,0.1536,L2
震荡-1买,斐波短中多头 + SID等于2,121,0.0232,0.0145,1.595,0.6529,0.5412,0.1117,L2
震荡-1买,斐波短中多头 + SID小于等于2,121,0.0232,0.0145,1.595,0.6529,0.5412,0.1117,L2
震荡-1买,斐波短中多头 + 相对强弱大于0,97,0.0179,0.0125,1.437,0.6289,0.5412,0.0877,L2
震荡-1买,斐波短中多头 + 距前低<=10%,70,0.0138,0.008,1.732,0.6714,0.5412,0.1302,L2
震荡-1买,斐波长多头 + MA55上穿MA89,102,0.0232,0.008,2.912,0.7745,0.5412,0.2333,L2
震荡-1买,斐波长多头 + 放量,613,0.0968,0.0979,0.989,0.5383,0.5412,-0.0028,L2
震荡-1买,斐波长多头 + 缩量,812,0.1214,0.1377,0.882,0.5099,0.5412,-0.0313,L2
震荡-1买,斐波长多头 + 量比大于1,801,0.1196,0.1359,0.88,0.5094,0.5412,-0.0318,L2
震荡-1买,斐波长多头 + 量比大于1_3,614,0.0941,0.1013,0.929,0.5228,0.5412,-0.0184,L2
震荡-1买,斐波长多头 + 量比大于2,277,0.0469,0.0405,1.159,0.5776,0.5412,0.0364,L2
震荡-1买,斐波长多头 + 量能递增,509,0.0824,0.0789,1.045,0.5521,0.5412,0.0109,L2
震荡-1买,斐波长多头 + 价涨量增,454,0.0689,0.0758,0.91,0.5176,0.5412,-0.0236,L2
震荡-1买,斐波长多头 + 价涨量缩,745,0.112,0.1256,0.892,0.5128,0.5412,-0.0284,L2
震荡-1买,斐波长多头 + MACD_DIF大于0,169,0.027,0.0266,1.013,0.5444,0.5412,0.0032,L2
震荡-1买,斐波长多头 + MACD金叉态,119,0.0111,0.028,0.398,0.3193,0.5412,-0.2219,L2
震荡-1买,斐波长多头 + MACD柱递增,779,0.1194,0.1287,0.928,0.5225,0.5412,-0.0187,L2
震荡-1买,斐波长多头 + MACD底背离,362,0.039,0.0792,0.492,0.3674,0.5412,-0.1738,L2
震荡-1买,斐波长多头 + BOLL收上中轨,126,0.0132,0.028,0.471,0.3571,0.5412,-0.184,L2
震荡-1买,斐波长多头 + BOLL触下轨反弹,583,0.0877,0.0982,0.893,0.5129,0.5412,-0.0283,L2
震荡-1买,斐波长多头 + BOLL开口扩张,884,0.1323,0.1498,0.883,0.5102,0.5412,-0.031,L2
震荡-1买,斐波长多头 + KDJ金叉态,692,0.1085,0.1114,0.974,0.5347,0.5412,-0.0065,L2
震荡-1买,斐波长多头 + KDJ_J超卖,872,0.1296,0.1487,0.871,0.5069,0.5412,-0.0343,L2
震荡-1买,斐波长多头 + KDJ低位金叉,473,0.0771,0.0726,1.062,0.556,0.5412,0.0148,L2
震荡-1买,斐波长多头 + KDJ_D小于30,707,0.1053,0.1204,0.875,0.5078,0.5412,-0.0334,L2
震荡-1买,斐波长多头 + RSI6大于50,223,0.0243,0.0484,0.503,0.3722,0.5412,-0.169,L2
震荡-1买,斐波长多头 + RSI金叉,512,0.0704,0.0941,0.748,0.4688,0.5412,-0.0724,L2
震荡-1买,斐波长多头 + RSI6超卖,845,0.1287,0.1404,0.917,0.5195,0.5412,-0.0217,L2
震荡-1买,斐波长多头 + RSI底背离,250,0.0243,0.0578,0.421,0.332,0.5412,-0.2092,L2
震荡-1买,斐波长多头 + 威科夫得分大于4,149,0.0211,0.0266,0.793,0.4832,0.5412,-0.058,L2
震荡-1买,斐波长多头 + 积累阶段,296,0.0287,0.0685,0.42,0.3311,0.5412,-0.2101,L2
震荡-1买,斐波长多头 + 量能金叉,179,0.0326,0.0235,1.384,0.6201,0.5412,0.0789,L2
震荡-1买,斐波长多头 + 六脉红灯大于5,316,0.0372,0.0654,0.57,0.4019,0.5412,-0.1393,L2
震荡-1买,斐波长多头 + 六脉红灯大于6,175,0.0191,0.038,0.501,0.3714,0.5412,-0.1698,L2
震荡-1买,斐波长多头 + 六脉6红首发,175,0.0191,0.038,0.501,0.3714,0.5412,-0.1698,L2
震荡-1买,斐波长多头 + 六脉5红首发,316,0.0372,0.0654,0.57,0.4019,0.5412,-0.1393,L2
震荡-1买,斐波长多头 + 偏多共振,199,0.0334,0.0294,1.137,0.5729,0.5412,0.0317,L2
震荡-1买,斐波长多头 + 多头共振,199,0.0334,0.0294,1.137,0.5729,0.5412,0.0317,L2
震荡-1买,斐波长多头 + 火箭信号,59,0.0073,0.0118,0.623,0.4237,0.5412,-0.1175,L2
震荡-1买,斐波长多头 + 极限抄底,155,0.0323,0.0156,2.072,0.7097,0.5412,0.1685,L2
震荡-1买,斐波长多头 + 中枢进机会区,491,0.0786,0.0771,1.019,0.5458,0.5412,0.0046,L2
震荡-1买,斐波长多头 + 中枢极限底,561,0.0915,0.0861,1.062,0.5561,0.5412,0.015,L2
震荡-1买,斐波长多头 + 中枢上穿中轴,94,0.0117,0.0187,0.628,0.4255,0.5412,-0.1157,L2
震荡-1买,斐波长多头 + 中枢底部蓄力,643,0.0865,0.1204,0.719,0.4588,0.5412,-0.0824,L2
震荡-1买,斐波长多头 + 中枢底部回升,857,0.1279,0.1456,0.878,0.5088,0.5412,-0.0324,L2
震荡-1买,斐波长多头 + 大盘多头,185,0.0164,0.0446,0.368,0.3027,0.5412,-0.2385,L2
震荡-1买,斐波长多头 + 大盘空头,194,0.0185,0.0453,0.408,0.3247,0.5412,-0.2164,L2
震荡-1买,斐波长多头 + 大盘安全,310,0.0284,0.0737,0.386,0.3129,0.5412,-0.2283,L2
震荡-1买,斐波长多头 + SID等于1,185,0.0164,0.0446,0.368,0.3027,0.5412,-0.2385,L2
震荡-1买,斐波长多头 + SID等于2,900,0.1337,0.1536,0.871,0.5067,0.5412,-0.0345,L2
震荡-1买,斐波长多头 + SID小于等于2,900,0.1337,0.1536,0.871,0.5067,0.5412,-0.0345,L2
震荡-1买,斐波长多头 + 大盘5日上涨,314,0.0287,0.0747,0.385,0.3121,0.5412,-0.2291,L2
震荡-1买,斐波长多头 + 相对强弱大于0,227,0.0264,0.0474,0.557,0.3965,0.5412,-0.1447,L2
震荡-1买,斐波长多头 + 相对强弱大于5,64,0.0076,0.0131,0.58,0.4062,0.5412,-0.1349,L2
震荡-1买,斐波长多头 + 量比>=1.3,259,0.0457,0.0356,1.284,0.6023,0.5412,0.0611,L2
震荡-1买,斐波长多头 + 深跌(距前高>40%),52,0.0076,0.009,0.848,0.5,0.5412,-0.0412,L2
震荡-1买,斐波长多头 + 距前低<=10%,593,0.0721,0.12,0.601,0.4148,0.5412,-0.1263,L2
震荡-1买,MA55上穿MA89 + 放量,127,0.0246,0.0149,1.656,0.6614,0.5412,0.1202,L2
震荡-1买,MA55上穿MA89 + 缩量,146,0.0287,0.0166,1.731,0.6712,0.5412,0.13,L2
震荡-1买,MA55上穿MA89 + 量比大于1,149,0.0284,0.018,1.581,0.651,0.5412,0.1098,L2
震荡-1买,MA55上穿MA89 + 量比大于1_3,117,0.0223,0.0142,1.572,0.6496,0.5412,0.1084,L2
震荡-1买,MA55上穿MA89 + 量比大于2,63,0.0126,0.0069,1.823,0.6825,0.5412,0.1414,L2
震荡-1买,MA55上穿MA89 + 量能递增,114,0.0232,0.0121,1.914,0.693,0.5412,0.1518,L2
震荡-1买,MA55上穿MA89 + 价涨量增,97,0.0173,0.0131,1.316,0.6082,0.5412,0.0671,L2
震荡-1买,MA55上穿MA89 + 价涨量缩,131,0.0264,0.0142,1.861,0.687,0.5412,0.1458,L2
震荡-1买,MA55上穿MA89 + MACD柱递增,146,0.0276,0.018,1.533,0.6438,0.5412,0.1027,L2
震荡-1买,MA55上穿MA89 + BOLL触下轨反弹,106,0.0191,0.0142,1.344,0.6132,0.5412,0.072,L2
震荡-1买,MA55上穿MA89 + BOLL开口扩张,159,0.0305,0.019,1.603,0.6541,0.5412,0.1129,L2
震荡-1买,MA55上穿MA89 + KDJ金叉态,140,0.0267,0.0169,1.574,0.65,0.5412,0.1088,L2
震荡-1买,MA55上穿MA89 + KDJ_J超卖,155,0.0296,0.0187,1.586,0.6516,0.5412,0.1104,L2
震荡-1买,MA55上穿MA89 + KDJ低位金叉,87,0.0158,0.0114,1.387,0.6207,0.5412,0.0795,L2
震荡-1买,MA55上穿MA89 + KDJ_D小于30,119,0.022,0.0152,1.445,0.6303,0.5412,0.0891,L2
震荡-1买,MA55上穿MA89 + RSI金叉,102,0.017,0.0152,1.118,0.5686,0.5412,0.0274,L2
震荡-1买,MA55上穿MA89 + RSI6超卖,153,0.0296,0.018,1.647,0.6601,0.5412,0.1189,L2
震荡-1买,MA55上穿MA89 + 量能金叉,53,0.0103,0.0062,1.649,0.6604,0.5412,0.1192,L2
震荡-1买,MA55上穿MA89 + 六脉红灯大于5,56,0.0082,0.0097,0.848,0.5,0.5412,-0.0412,L2
震荡-1买,MA55上穿MA89 + 六脉5红首发,56,0.0082,0.0097,0.848,0.5,0.5412,-0.0412,L2
震荡-1买,MA55上穿MA89 + 中枢进机会区,101,0.022,0.009,2.446,0.7426,0.5412,0.2014,L2
震荡-1买,MA55上穿MA89 + 中枢极限底,99,0.0217,0.0086,2.509,0.7475,0.5412,0.2063,L2
震荡-1买,MA55上穿MA89 + 中枢底部蓄力,91,0.0138,0.0152,0.906,0.5165,0.5412,-0.0247,L2
震荡-1买,MA55上穿MA89 + 中枢底部回升,152,0.029,0.0183,1.584,0.6513,0.5412,0.1101,L2
震荡-1买,MA55上穿MA89 + SID等于2,161,0.0311,0.019,1.634,0.6584,0.5412,0.1172,L2
震荡-1买,MA55上穿MA89 + SID小于等于2,161,0.0311,0.019,1.634,0.6584,0.5412,0.1172,L2
震荡-1买,MA55上穿MA89 + 量比>=1.3,61,0.012,0.0069,1.738,0.6721,0.5412,0.1309,L2
震荡-1买,MA55上穿MA89 + 距前低<=10%,81,0.0135,0.0121,1.114,0.5679,0.5412,0.0267,L2
震荡-1买,放量 + 缩量,3788,0.5927,0.6112,0.97,0.5335,0.5412,-0.0077,L2
震荡-1买,放量 + 量比大于1,4872,0.8103,0.7295,1.111,0.5671,0.5412,0.0259,L2
震荡-1买,放量 + 量比大于1_3,4250,0.7126,0.6295,1.132,0.5718,0.5412,0.0306,L2
震荡-1买,放量 + 量比大于2,1895,0.3408,0.2535,1.344,0.6132,0.5412,0.072,L2
震荡-1买,放量 + 量能递增,3858,0.6707,0.5434,1.234,0.5928,0.5412,0.0516,L2
震荡-1买,放量 + 价涨量增,3943,0.6716,0.5718,1.175,0.5808,0.5412,0.0396,L2
震荡-1买,放量 + 价涨量缩,3470,0.5821,0.5137,1.133,0.572,0.5412,0.0309,L2
震荡-1买,放量 + MACD_DIF大于0,467,0.0798,0.0675,1.183,0.5824,0.5412,0.0413,L2
震荡-1买,放量 + MACD金叉态,1489,0.185,0.2968,0.623,0.4238,0.5412,-0.1174,L2
震荡-1买,放量 + MACD柱递增,4485,0.7587,0.6565,1.156,0.5768,0.5412,0.0356,L2
震荡-1买,放量 + MACD零轴上金叉,66,0.01,0.0111,0.901,0.5152,0.5412,-0.026,L2
震荡-1买,放量 + MACD底背离,2052,0.2584,0.4051,0.638,0.4293,0.5412,-0.1118,L2
震荡-1买,放量 + BOLL收上中轨,1219,0.1625,0.23,0.706,0.4545,0.5412,-0.0867,L2
震荡-1买,放量 + BOLL突破上轨,152,0.0191,0.0301,0.633,0.4276,0.5412,-0.1136,L2
震荡-1买,放量 + BOLL触下轨反弹,3708,0.6199,0.5514,1.124,0.5701,0.5412,0.0289,L2
震荡-1买,放量 + BOLL开口扩张,4731,0.7991,0.6939,1.152,0.576,0.5412,0.0348,L2
震荡-1买,放量 + KDJ金叉态,4375,0.739,0.6416,1.152,0.576,0.5412,0.0348,L2
震荡-1买,放量 + KDJ_J超卖,4617,0.7654,0.6942,1.103,0.5653,0.5412,0.0241,L2
震荡-1买,放量 + KDJ低位金叉,2608,0.4642,0.3545,1.309,0.607,0.5412,0.0658,L2
震荡-1买,放量 + KDJ_D小于30,3748,0.6314,0.5517,1.144,0.5744,0.5412,0.0333,L2
震荡-1买,放量 + RSI6大于50,2212,0.3205,0.3871,0.828,0.4941,0.5412,-0.0471,L2
震荡-1买,放量 + RSI金叉,3974,0.6428,0.6164,1.043,0.5516,0.5412,0.0104,L2
震荡-1买,放量 + RSI6超卖,4584,0.7733,0.6735,1.148,0.5753,0.5412,0.0341,L2
震荡-1买,放量 + RSI底背离,2096,0.2959,0.376,0.787,0.4814,0.5412,-0.0598,L2
震荡-1买,放量 + 威科夫得分大于4,280,0.0399,0.0498,0.801,0.4857,0.5412,-0.0555,L2
震荡-1买,放量 + 威科夫得分大于7,101,0.0161,0.0159,1.014,0.5446,0.5412,0.0034,L2
震荡-1买,放量 + 积累阶段,1164,0.1299,0.2494,0.521,0.3806,0.5412,-0.1606,L2
震荡-1买,放量 + 黄金柱,161,0.0196,0.0325,0.604,0.4161,0.5412,-0.125,L2
震荡-1买,放量 + 量能金叉,1669,0.3053,0.2172,1.405,0.6237,0.5412,0.0825,L2
震荡-1买,放量 + 六脉红灯大于5,3025,0.4663,0.4964,0.939,0.5256,0.5412,-0.0156,L2
震荡-1买,放量 + 六脉红灯大于6,2019,0.2924,0.3535,0.827,0.4938,0.5412,-0.0474,L2
震荡-1买,放量 + 六脉6红首发,2019,0.2924,0.3535,0.827,0.4938,0.5412,-0.0474,L2
震荡-1买,放量 + 六脉5红首发,3025,0.4663,0.4964,0.939,0.5256,0.5412,-0.0156,L2
震荡-1买,放量 + 偏多共振,285,0.0557,0.0329,1.696,0.6667,0.5412,0.1255,L2
震荡-1买,放量 + 多头共振,284,0.0554,0.0329,1.687,0.6655,0.5412,0.1243,L2
震荡-1买,放量 + 火箭信号,477,0.0894,0.0595,1.503,0.6394,0.5412,0.0982,L2
震荡-1买,放量 + 二连板,55,0.0114,0.0055,2.067,0.7091,0.5412,0.1679,L2
震荡-1买,放量 + 极限抄底,687,0.1587,0.0505,3.142,0.7875,0.5412,0.2463,L2
震荡-1买,放量 + 中枢进机会区,2317,0.4038,0.3251,1.242,0.5943,0.5412,0.0531,L2
震荡-1买,放量 + 中枢极限底,3007,0.5205,0.4262,1.221,0.5903,0.5412,0.0491,L2
震荡-1买,放量 + 中枢上穿中轴,959,0.1551,0.1487,1.043,0.5516,0.5412,0.0104,L2
震荡-1买,放量 + 中枢底部蓄力,3723,0.5815,0.6019,0.966,0.5326,0.5412,-0.0085,L2
震荡-1买,放量 + 中枢底部回升,4707,0.785,0.7022,1.118,0.5687,0.5412,0.0275,L2
震荡-1买,放量 + 大盘多头,750,0.0774,0.1681,0.461,0.352,0.5412,-0.1892,L2
震荡-1买,放量 + 大盘空头,2046,0.3103,0.3418,0.908,0.5171,0.5412,-0.0241,L2
震荡-1买,放量 + 大盘安全,2569,0.3718,0.45,0.826,0.4936,0.5412,-0.0476,L2
震荡-1买,放量 + SID等于1,750,0.0774,0.1681,0.461,0.352,0.5412,-0.1892,L2
震荡-1买,放量 + SID等于2,4919,0.8173,0.7375,1.108,0.5666,0.5412,0.0254,L2
震荡-1买,放量 + SID小于等于2,4919,0.8173,0.7375,1.108,0.5666,0.5412,0.0254,L2
震荡-1买,放量 + 大盘5日上涨,2851,0.4076,0.5054,0.807,0.4875,0.5412,-0.0536,L2
震荡-1买,放量 + 相对强弱大于0,1596,0.2226,0.2895,0.769,0.4756,0.5412,-0.0656,L2
震荡-1买,放量 + 相对强弱大于5,401,0.0607,0.0671,0.905,0.5162,0.5412,-0.025,L2
震荡-1买,放量 + 量比>=1.3,1842,0.3613,0.211,1.712,0.6688,0.5412,0.1277,L2
震荡-1买,放量 + 量比>=2,287,0.0507,0.0394,1.287,0.6028,0.5412,0.0616,L2
震荡-1买,放量 + 距前高<=10%,253,0.0361,0.045,0.802,0.4862,0.5412,-0.055,L2
震荡-1买,放量 + 深跌(距前高>40%),380,0.0842,0.0322,2.616,0.7553,0.5412,0.2141,L2
震荡-1买,放量 + 距前低<=10%,3832,0.5692,0.6541,0.87,0.5065,0.5412,-0.0347,L2
震荡-1买,放量 + 相对强弱>=0,393,0.0575,0.0681,0.843,0.4987,0.5412,-0.0425,L2
震荡-1买,缩量 + 量比大于1,4703,0.7126,0.7862,0.906,0.5167,0.5412,-0.0245,L2
震荡-1买,缩量 + 量比大于1_3,3545,0.5534,0.5735,0.965,0.5323,0.5412,-0.0089,L2
震荡-1买,缩量 + 量比大于2,1428,0.2525,0.1961,1.287,0.6029,0.5412,0.0618,L2
震荡-1买,缩量 + 量能递增,3068,0.493,0.4798,1.028,0.5479,0.5412,0.0067,L2
震荡-1买,缩量 + 价涨量增,2870,0.4566,0.4542,1.005,0.5425,0.5412,0.0013,L2
震荡-1买,缩量 + 价涨量缩,4171,0.6381,0.6901,0.925,0.5217,0.5412,-0.0195,L2
震荡-1买,缩量 + MACD_DIF大于0,503,0.0886,0.0695,1.274,0.6004,0.5412,0.0592,L2
震荡-1买,缩量 + MACD金叉态,1331,0.1484,0.2854,0.52,0.3802,0.5412,-0.161,L2
震荡-1买,缩量 + MACD柱递增,4640,0.707,0.771,0.917,0.5196,0.5412,-0.0216,L2
震荡-1买,缩量 + MACD底背离,2214,0.2419,0.4805,0.504,0.3726,0.5412,-0.1686,L2
震荡-1买,缩量 + BOLL收上中轨,928,0.11,0.1913,0.575,0.4041,0.5412,-0.1371,L2
震荡-1买,缩量 + BOLL突破上轨,105,0.0117,0.0225,0.522,0.381,0.5412,-0.1602,L2
震荡-1买,缩量 + BOLL触下轨反弹,3619,0.5507,0.6022,0.915,0.5189,0.5412,-0.0223,L2
震荡-1买,缩量 + BOLL开口扩张,4929,0.7516,0.8184,0.918,0.52,0.5412,-0.0212,L2
震荡-1买,缩量 + KDJ金叉态,4371,0.6672,0.725,0.92,0.5205,0.5412,-0.0207,L2
震荡-1买,缩量 + KDJ_J超卖,4889,0.7296,0.8305,0.879,0.5089,0.5412,-0.0323,L2
震荡-1买,缩量 + KDJ低位金叉,2876,0.4525,0.4611,0.981,0.5365,0.5412,-0.0047,L2
震荡-1买,缩量 + KDJ_D小于30,4118,0.6109,0.7039,0.868,0.5058,0.5412,-0.0354,L2
震荡-1买,缩量 + RSI6大于50,1771,0.2185,0.3549,0.616,0.4207,0.5412,-0.1205,L2
震荡-1买,缩量 + RSI金叉,3706,0.5282,0.6589,0.802,0.486,0.5412,-0.0552,L2
震荡-1买,缩量 + RSI6超卖,4773,0.722,0.7994,0.903,0.5158,0.5412,-0.0254,L2
震荡-1买,缩量 + RSI底背离,2107,0.2469,0.4376,0.564,0.3996,0.5412,-0.1416,L2
震荡-1买,缩量 + 威科夫得分大于4,280,0.0428,0.0464,0.924,0.5214,0.5412,-0.0198,L2
震荡-1买,缩量 + 威科夫得分大于7,90,0.0144,0.0142,1.013,0.5444,0.5412,0.0033,L2
震荡-1买,缩量 + 积累阶段,1285,0.137,0.2829,0.484,0.3634,0.5412,-0.1778,L2
震荡-1买,缩量 + 黄金柱,140,0.017,0.0284,0.6,0.4143,0.5412,-0.1269,L2
震荡-1买,缩量 + 量能金叉,1186,0.2129,0.1591,1.338,0.6121,0.5412,0.071,L2
震荡-1买,缩量 + 六脉红灯大于5,2744,0.3569,0.5282,0.676,0.4435,0.5412,-0.0977,L2
震荡-1买,缩量 + 六脉红灯大于6,1583,0.1953,0.3172,0.616,0.4207,0.5412,-0.1205,L2
震荡-1买,缩量 + 六脉6红首发,1583,0.1953,0.3172,0.616,0.4207,0.5412,-0.1205,L2
震荡-1买,缩量 + 六脉5红首发,2744,0.3569,0.5282,0.676,0.4435,0.5412,-0.0977,L2
震荡-1买,缩量 + 偏多共振,353,0.0689,0.0408,1.688,0.6657,0.5412,0.1245,L2
震荡-1买,缩量 + 多头共振,352,0.0686,0.0408,1.681,0.6648,0.5412,0.1236,L2
震荡-1买,缩量 + 火箭信号,259,0.0405,0.0419,0.967,0.5328,0.5412,-0.0084,L2
震荡-1买,缩量 + 极限抄底,568,0.1255,0.0484,2.592,0.7535,0.5412,0.2123,L2
震荡-1买,缩量 + 中枢进机会区,2423,0.3965,0.3705,1.07,0.558,0.5412,0.0168,L2
震荡-1买,缩量 + 中枢极限底,3253,0.5114,0.522,0.98,0.5361,0.5412,-0.0051,L2
震荡-1买,缩量 + 中枢上穿中轴,601,0.0859,0.1065,0.807,0.4875,0.5412,-0.0537,L2
震荡-1买,缩量 + 中枢底部蓄力,4002,0.5431,0.7437,0.73,0.4628,0.5412,-0.0784,L2
震荡-1买,缩量 + 中枢底部回升,4933,0.7393,0.8343,0.886,0.511,0.5412,-0.0301,L2
震荡-1买,缩量 + 大盘多头,966,0.0985,0.2179,0.452,0.3478,0.5412,-0.1934,L2
震荡-1买,缩量 + 大盘空头,1831,0.2158,0.3788,0.57,0.402,0.5412,-0.1392,L2
震荡-1买,缩量 + 大盘安全,2500,0.293,0.5192,0.564,0.3996,0.5412,-0.1416,L2
震荡-1买,缩量 + SID等于1,966,0.0985,0.2179,0.452,0.3478,0.5412,-0.1934,L2
震荡-1买,缩量 + SID等于2,5149,0.7716,0.871,0.886,0.511,0.5412,-0.0302,L2
震荡-1买,缩量 + SID小于等于2,5149,0.7716,0.871,0.886,0.511,0.5412,-0.0302,L2
震荡-1买,缩量 + 大盘5日上涨,2952,0.3496,0.6088,0.574,0.4038,0.5412,-0.1374,L2
震荡-1买,缩量 + 相对强弱大于0,1391,0.1774,0.2719,0.653,0.4349,0.5412,-0.1062,L2
震荡-1买,缩量 + 相对强弱大于5,285,0.0413,0.0498,0.83,0.4947,0.5412,-0.0464,L2
震荡-1买,缩量 + 量比>=1.3,1270,0.2405,0.1557,1.545,0.6457,0.5412,0.1045,L2
震荡-1买,缩量 + 量比>=2,168,0.0279,0.0253,1.103,0.5655,0.5412,0.0243,L2
震荡-1买,缩量 + 距前高<=10%,235,0.0302,0.0457,0.662,0.4383,0.5412,-0.1029,L2
震荡-1买,缩量 + 深跌(距前高>40%),213,0.0361,0.0311,1.159,0.5775,0.5412,0.0363,L2
震荡-1买,缩量 + 距前低<=10%,4165,0.5496,0.7925,0.693,0.4499,0.5412,-0.0912,L2
震荡-1买,缩量 + 相对强弱>=0,298,0.0367,0.0598,0.613,0.4195,0.5412,-0.1217,L2
震荡-1买,量比大于1 + 量比大于1_3,4616,0.7669,0.6921,1.108,0.5665,0.5412,0.0253,L2
震荡-1买,量比大于1 + 量比大于2,1921,0.3452,0.2574,1.341,0.6127,0.5412,0.0715,L2
震荡-1买,量比大于1 + 量能递增,3904,0.6762,0.5527,1.223,0.5907,0.5412,0.0495,L2
震荡-1买,量比大于1 + 价涨量增,3919,0.6683,0.5673,1.178,0.5815,0.5412,0.0403,L2
震荡-1买,量比大于1 + 价涨量缩,4263,0.6853,0.6662,1.029,0.5482,0.5412,0.007,L2
震荡-1买,量比大于1 + MACD_DIF大于0,503,0.0856,0.073,1.173,0.5805,0.5412,0.0393,L2
震荡-1买,量比大于1 + MACD金叉态,1600,0.1977,0.3203,0.617,0.4213,0.5412,-0.1199,L2
震荡-1买,量比大于1 + MACD柱递增,5359,0.8765,0.8198,1.069,0.5578,0.5412,0.0166,L2
震荡-1买,量比大于1 + MACD零轴上金叉,66,0.01,0.0111,0.901,0.5152,0.5412,-0.026,L2
震荡-1买,量比大于1 + MACD底背离,2456,0.2991,0.4967,0.602,0.4153,0.5412,-0.1259,L2
震荡-1买,量比大于1 + BOLL收上中轨,1253,0.1663,0.2373,0.701,0.4525,0.5412,-0.0887,L2
震荡-1买,量比大于1 + BOLL突破上轨,152,0.0191,0.0301,0.633,0.4276,0.5412,-0.1136,L2
震荡-1买,量比大于1 + BOLL触下轨反弹,4304,0.707,0.6548,1.08,0.5602,0.5412,0.019,L2
震荡-1买,量比大于1 + BOLL开口扩张,5615,0.9173,0.8603,1.066,0.5571,0.5412,0.0159,L2
震荡-1买,量比大于1 + KDJ金叉态,5205,0.851,0.7966,1.068,0.5575,0.5412,0.0164,L2
震荡-1买,量比大于1 + KDJ_J超卖,5512,0.8821,0.8661,1.018,0.5457,0.5412,0.0045,L2
震荡-1买,量比大于1 + KDJ低位金叉,3323,0.5625,0.486,1.157,0.5772,0.5412,0.036,L2
震荡-1买,量比大于1 + KDJ_D小于30,4613,0.7457,0.716,1.042,0.5513,0.5412,0.0101,L2
震荡-1买,量比大于1 + RSI6大于50,2385,0.3405,0.4234,0.804,0.4868,0.5412,-0.0544,L2
震荡-1买,量比大于1 + RSI金叉,4569,0.7185,0.733,0.98,0.5362,0.5412,-0.005,L2
震荡-1买,量比大于1 + RSI6超卖,5456,0.8883,0.8395,1.058,0.5552,0.5412,0.014,L2
震荡-1买,量比大于1 + RSI底背离,2481,0.3378,0.4597,0.735,0.4643,0.5412,-0.0769,L2
震荡-1买,量比大于1 + 威科夫得分大于4,290,0.0422,0.0505,0.836,0.4966,0.5412,-0.0446,L2
震荡-1买,量比大于1 + 威科夫得分大于7,102,0.0164,0.0159,1.032,0.549,0.5412,0.0078,L2
震荡-1买,量比大于1 + 积累阶段,1347,0.1499,0.2892,0.518,0.3794,0.5412,-0.1618,L2
震荡-1买,量比大于1 + 黄金柱,165,0.0205,0.0329,0.625,0.4242,0.5412,-0.1169,L2
震荡-1买,量比大于1 + 量能金叉,1702,0.3144,0.2179,1.443,0.6298,0.5412,0.0887,L2
震荡-1买,量比大于1 + 六脉红灯大于5,3518,0.5258,0.5967,0.881,0.5097,0.5412,-0.0315,L2
震荡-1买,量比大于1 + 六脉红灯大于6,2171,0.3114,0.3836,0.812,0.4892,0.5412,-0.052,L2
震荡-1买,量比大于1 + 六脉6红首发,2171,0.3114,0.3836,0.812,0.4892,0.5412,-0.052,L2
震荡-1买,量比大于1 + 六脉5红首发,3518,0.5258,0.5967,0.881,0.5097,0.5412,-0.0315,L2
震荡-1买,量比大于1 + 偏多共振,326,0.0628,0.0387,1.62,0.6564,0.5412,0.1153,L2
震荡-1买,量比大于1 + 多头共振,325,0.0625,0.0387,1.612,0.6554,0.5412,0.1142,L2
震荡-1买,量比大于1 + 火箭信号,491,0.0924,0.0609,1.517,0.6415,0.5412,0.1004,L2
震荡-1买,量比大于1 + 二连板,56,0.0117,0.0055,2.12,0.7143,0.5412,0.1731,L2
震荡-1买,量比大于1 + 极限抄底,776,0.1751,0.0619,2.828,0.7693,0.5412,0.2281,L2
震荡-1买,量比大于1 + 中枢进机会区,2654,0.449,0.3884,1.156,0.5769,0.5412,0.0357,L2
震荡-1买,量比大于1 + 中枢极限底,3598,0.6009,0.5358,1.121,0.5695,0.5412,0.0283,L2
震荡-1买,量比大于1 + 中枢上穿中轴,968,0.1566,0.1501,1.043,0.5517,0.5412,0.0105,L2
震荡-1买,量比大于1 + 中枢底部蓄力,4552,0.6833,0.7686,0.889,0.5119,0.5412,-0.0293,L2
震荡-1买,量比大于1 + 中枢底部回升,5601,0.9021,0.8734,1.033,0.5492,0.5412,0.008,L2
震荡-1买,量比大于1 + 大盘多头,950,0.0965,0.2148,0.449,0.3463,0.5412,-0.1949,L2
震荡-1买,量比大于1 + 大盘空头,2353,0.344,0.4082,0.843,0.4985,0.5412,-0.0427,L2
震荡-1买,量比大于1 + 大盘安全,3021,0.4211,0.5483,0.768,0.4753,0.5412,-0.0658,L2
震荡-1买,量比大于1 + SID等于1,950,0.0965,0.2148,0.449,0.3463,0.5412,-0.1949,L2
震荡-1买,量比大于1 + SID等于2,5840,0.9384,0.9132,1.028,0.5479,0.5412,0.0068,L2
震荡-1买,量比大于1 + SID小于等于2,5840,0.9384,0.9132,1.028,0.5479,0.5412,0.0068,L2
震荡-1买,量比大于1 + 大盘5日上涨,3449,0.4748,0.633,0.75,0.4694,0.5412,-0.0718,L2
震荡-1买,量比大于1 + 相对强弱大于0,1706,0.2355,0.3123,0.754,0.4707,0.5412,-0.0705,L2
震荡-1买,量比大于1 + 相对强弱大于5,404,0.0613,0.0675,0.909,0.5173,0.5412,-0.0239,L2
震荡-1买,量比大于1 + 量比>=1.3,1959,0.3833,0.2255,1.7,0.6672,0.5412,0.126,L2
震荡-1买,量比大于1 + 量比>=2,289,0.051,0.0398,1.283,0.6021,0.5412,0.0609,L2
震荡-1买,量比大于1 + 距前高<=10%,274,0.0387,0.0491,0.788,0.4818,0.5412,-0.0594,L2
震荡-1买,量比大于1 + 深跌(距前高>40%),427,0.0912,0.0401,2.273,0.7283,0.5412,0.1872,L2
震荡-1买,量比大于1 + 距前低<=10%,4583,0.6537,0.8143,0.803,0.4864,0.5412,-0.0548,L2
震荡-1买,量比大于1 + 相对强弱>=0,417,0.0595,0.074,0.804,0.4868,0.5412,-0.0544,L2
震荡-1买,量比大于1_3 + 量比大于2,1921,0.3452,0.2574,1.341,0.6127,0.5412,0.0715,L2
震荡-1买,量比大于1_3 + 量能递增,3358,0.5903,0.4652,1.269,0.5995,0.5412,0.0583,L2
震荡-1买,量比大于1_3 + 价涨量增,3531,0.6076,0.5047,1.204,0.5868,0.5412,0.0456,L2
震荡-1买,量比大于1_3 + 价涨量缩,3192,0.5337,0.4746,1.125,0.5702,0.5412,0.029,L2
震荡-1买,量比大于1_3 + MACD_DIF大于0,393,0.0642,0.0602,1.067,0.5573,0.5412,0.0161,L2
震荡-1买,量比大于1_3 + MACD金叉态,1336,0.1663,0.266,0.625,0.4244,0.5412,-0.1168,L2
震荡-1买,量比大于1_3 + MACD柱递增,4282,0.7258,0.625,1.161,0.578,0.5412,0.0368,L2
震荡-1买,量比大于1_3 + MACD零轴上金叉,65,0.0097,0.0111,0.874,0.5077,0.5412,-0.0335,L2
震荡-1买,量比大于1_3 + MACD底背离,1890,0.2323,0.3798,0.612,0.419,0.5412,-0.1221,L2
震荡-1买,量比大于1_3 + BOLL收上中轨,1142,0.1513,0.2165,0.699,0.4518,0.5412,-0.0893,L2
震荡-1买,量比大于1_3 + BOLL突破上轨,152,0.0191,0.0301,0.633,0.4276,0.5412,-0.1136,L2
震荡-1买,量比大于1_3 + BOLL触下轨反弹,3420,0.5809,0.4978,1.167,0.5792,0.5412,0.0381,L2
震荡-1买,量比大于1_3 + BOLL开口扩张,4445,0.7507,0.652,1.151,0.5759,0.5412,0.0347,L2
震荡-1买,量比大于1_3 + KDJ金叉态,4218,0.7144,0.6164,1.159,0.5775,0.5412,0.0363,L2
震荡-1买,量比大于1_3 + KDJ_J超卖,4327,0.7161,0.652,1.098,0.5644,0.5412,0.0232,L2
震荡-1买,量比大于1_3 + KDJ低位金叉,2603,0.4628,0.3545,1.305,0.6062,0.5412,0.065,L2
震荡-1买,量比大于1_3 + KDJ_D小于30,3611,0.6094,0.5303,1.149,0.5755,0.5412,0.0343,L2
震荡-1买,量比大于1_3 + RSI6大于50,2056,0.295,0.3632,0.812,0.4893,0.5412,-0.0519,L2
震荡-1买,量比大于1_3 + RSI金叉,3717,0.6029,0.5745,1.049,0.5531,0.5412,0.012,L2
震荡-1买,量比大于1_3 + RSI6超卖,4318,0.7287,0.634,1.149,0.5755,0.5412,0.0343,L2
震荡-1买,量比大于1_3 + RSI底背离,1860,0.2592,0.3376,0.768,0.4753,0.5412,-0.0659,L2
震荡-1买,量比大于1_3 + 威科夫得分大于4,233,0.0305,0.0446,0.683,0.4464,0.5412,-0.0948,L2
震荡-1买,量比大于1_3 + 威科夫得分大于7,87,0.0132,0.0145,0.908,0.5172,0.5412,-0.0239,L2
震荡-1买,量比大于1_3 + 积累阶段,1023,0.1129,0.2207,0.512,0.3763,0.5412,-0.1648,L2
震荡-1买,量比大于1_3 + 黄金柱,163,0.0202,0.0325,0.622,0.4233,0.5412,-0.1179,L2
震荡-1买,量比大于1_3 + 量能金叉,1647,0.3053,0.2096,1.456,0.6321,0.5412,0.0909,L2
震荡-1买,量比大于1_3 + 六脉红灯大于5,2865,0.4425,0.469,0.943,0.5267,0.5412,-0.0145,L2
震荡-1买,量比大于1_3 + 六脉红灯大于6,1887,0.2724,0.3314,0.822,0.4923,0.5412,-0.0489,L2
震荡-1买,量比大于1_3 + 六脉6红首发,1887,0.2724,0.3314,0.822,0.4923,0.5412,-0.0489,L2
震荡-1买,量比大于1_3 + 六脉5红首发,2865,0.4425,0.469,0.943,0.5267,0.5412,-0.0145,L2
震荡-1买,量比大于1_3 + 偏多共振,235,0.0428,0.0308,1.391,0.6213,0.5412,0.0801,L2
震荡-1买,量比大于1_3 + 多头共振,234,0.0425,0.0308,1.381,0.6197,0.5412,0.0785,L2
震荡-1买,量比大于1_3 + 火箭信号,465,0.0871,0.0581,1.499,0.6387,0.5412,0.0975,L2
震荡-1买,量比大于1_3 + 二连板,53,0.0109,0.0055,1.961,0.6981,0.5412,0.1569,L2
震荡-1买,量比大于1_3 + 极限抄底,680,0.1592,0.0474,3.36,0.7985,0.5412,0.2573,L2
震荡-1买,量比大于1_3 + 中枢进机会区,2104,0.3663,0.2957,1.238,0.5936,0.5412,0.0524,L2
震荡-1买,量比大于1_3 + 中枢极限底,2837,0.4941,0.3985,1.24,0.5939,0.5412,0.0528,L2
震荡-1买,量比大于1_3 + 中枢上穿中轴,901,0.1437,0.1422,1.011,0.5438,0.5412,0.0027,L2
震荡-1买,量比大于1_3 + 中枢底部蓄力,3541,0.5551,0.57,0.974,0.5346,0.5412,-0.0066,L2
震荡-1买,量比大于1_3 + 中枢底部回升,4423,0.7384,0.6589,1.121,0.5693,0.5412,0.0281,L2
震荡-1买,量比大于1_3 + 大盘多头,660,0.0672,0.1491,0.45,0.347,0.5412,-0.1942,L2
震荡-1买,量比大于1_3 + 大盘空头,1842,0.2777,0.3096,0.897,0.5141,0.5412,-0.0271,L2
震荡-1买,量比大于1_3 + 大盘安全,2269,0.3305,0.395,0.837,0.4967,0.5412,-0.0445,L2
震荡-1买,量比大于1_3 + SID等于1,660,0.0672,0.1491,0.45,0.347,0.5412,-0.1942,L2
震荡-1买,量比大于1_3 + SID等于2,4616,0.7669,0.6921,1.108,0.5665,0.5412,0.0253,L2
震荡-1买,量比大于1_3 + SID小于等于2,4616,0.7669,0.6921,1.108,0.5665,0.5412,0.0253,L2
震荡-1买,量比大于1_3 + 大盘5日上涨,2562,0.3651,0.4556,0.801,0.4859,0.5412,-0.0552,L2
震荡-1买,量比大于1_3 + 相对强弱大于0,1479,0.2023,0.2729,0.741,0.4665,0.5412,-0.0747,L2
震荡-1买,量比大于1_3 + 相对强弱大于5,377,0.0563,0.064,0.88,0.5093,0.5412,-0.0319,L2
震荡-1买,量比大于1_3 + 量比>=1.3,1959,0.3833,0.2255,1.7,0.6672,0.5412,0.126,L2
震荡-1买,量比大于1_3 + 量比>=2,289,0.051,0.0398,1.283,0.6021,0.5412,0.0609,L2
震荡-1买,量比大于1_3 + 距前高<=10%,221,0.0299,0.0412,0.727,0.4615,0.5412,-0.0796,L2
震荡-1买,量比大于1_3 + 深跌(距前高>40%),359,0.0812,0.0284,2.864,0.7716,0.5412,0.2304,L2
震荡-1买,量比大于1_3 + 距前低<=10%,3549,0.5238,0.6098,0.859,0.5032,0.5412,-0.0379,L2
震荡-1买,量比大于1_3 + 相对强弱>=0,351,0.0513,0.0609,0.843,0.4986,0.5412,-0.0426,L2
震荡-1买,量比大于2 + 量能递增,1653,0.3003,0.2176,1.38,0.6195,0.5412,0.0783,L2
震荡-1买,量比大于2 + 价涨量增,1689,0.3059,0.2235,1.369,0.6175,0.5412,0.0763,L2
震荡-1买,量比大于2 + 价涨量缩,1271,0.2413,0.155,1.557,0.6475,0.5412,0.1063,L2
震荡-1买,量比大于2 + MACD_DIF大于0,194,0.0311,0.0304,1.021,0.5464,0.5412,0.0052,L2
震荡-1买,量比大于2 + MACD金叉态,641,0.0842,0.1224,0.687,0.4477,0.5412,-0.0934,L2
震荡-1买,量比大于2 + MACD柱递增,1791,0.3287,0.2318,1.418,0.6259,0.5412,0.0847,L2
震荡-1买,量比大于2 + MACD零轴上金叉,53,0.0079,0.009,0.88,0.5094,0.5412,-0.0317,L2
震荡-1买,量比大于2 + MACD底背离,690,0.0921,0.1301,0.708,0.4551,0.5412,-0.0861,L2
震荡-1买,量比大于2 + BOLL收上中轨,655,0.088,0.1228,0.716,0.458,0.5412,-0.0832,L2
震荡-1买,量比大于2 + BOLL突破上轨,136,0.017,0.027,0.63,0.4265,0.5412,-0.1147,L2
震荡-1买,量比大于2 + BOLL触下轨反弹,1420,0.2551,0.1902,1.341,0.6127,0.5412,0.0715,L2
震荡-1买,量比大于2 + BOLL开口扩张,1860,0.3378,0.2449,1.379,0.6194,0.5412,0.0782,L2
震荡-1买,量比大于2 + KDJ金叉态,1802,0.3261,0.2387,1.366,0.6171,0.5412,0.0759,L2
震荡-1买,量比大于2 + KDJ_J超卖,1767,0.3173,0.2369,1.339,0.6123,0.5412,0.0712,L2
震荡-1买,量比大于2 + KDJ低位金叉,1050,0.2076,0.1183,1.755,0.6743,0.5412,0.1331,L2
震荡-1买,量比大于2 + KDJ_D小于30,1512,0.2812,0.1913,1.47,0.6343,0.5412,0.0931,L2
震荡-1买,量比大于2 + RSI6大于50,944,0.1364,0.1657,0.823,0.4926,0.5412,-0.0486,L2
震荡-1买,量比大于2 + RSI金叉,1580,0.2777,0.219,1.268,0.5994,0.5412,0.0582,L2
震荡-1买,量比大于2 + RSI6超卖,1790,0.3282,0.2321,1.414,0.6251,0.5412,0.084,L2
震荡-1买,量比大于2 + RSI底背离,623,0.0883,0.1114,0.793,0.4831,0.5412,-0.058,L2
震荡-1买,量比大于2 + 威科夫得分大于4,129,0.0182,0.0232,0.785,0.4806,0.5412,-0.0606,L2
震荡-1买,量比大于2 + 威科夫得分大于7,53,0.0094,0.0073,1.292,0.6038,0.5412,0.0626,L2
震荡-1买,量比大于2 + 积累阶段,440,0.0543,0.0882,0.615,0.4205,0.5412,-0.1207,L2
震荡-1买,量比大于2 + 黄金柱,113,0.0144,0.0221,0.649,0.4336,0.5412,-0.1076,L2
震荡-1买,量比大于2 + 量能金叉,1025,0.1891,0.1314,1.439,0.6293,0.5412,0.0881,L2
震荡-1买,量比大于2 + 六脉红灯大于5,1196,0.1906,0.1889,1.009,0.5435,0.5412,0.0023,L2
震荡-1买,量比大于2 + 六脉红灯大于6,889,0.1276,0.157,0.812,0.4893,0.5412,-0.0519,L2
震荡-1买,量比大于2 + 六脉6红首发,889,0.1276,0.157,0.812,0.4893,0.5412,-0.0519,L2
震荡-1买,量比大于2 + 六脉5红首发,1196,0.1906,0.1889,1.009,0.5435,0.5412,0.0023,L2
震荡-1买,量比大于2 + 偏多共振,96,0.017,0.0131,1.294,0.6042,0.5412,0.063,L2
震荡-1买,量比大于2 + 多头共振,96,0.017,0.0131,1.294,0.6042,0.5412,0.063,L2
震荡-1买,量比大于2 + 火箭信号,284,0.0487,0.0408,1.193,0.5845,0.5412,0.0433,L2
震荡-1买,量比大于2 + 极限抄底,347,0.0821,0.0232,3.543,0.8069,0.5412,0.2657,L2
震荡-1买,量比大于2 + 中枢进机会区,906,0.1692,0.1138,1.487,0.6369,0.5412,0.0957,L2
震荡-1买,量比大于2 + 中枢极限底,1187,0.2267,0.1432,1.583,0.6512,0.5412,0.11,L2
震荡-1买,量比大于2 + 中枢上穿中轴,521,0.0783,0.0879,0.891,0.5125,0.5412,-0.0287,L2
震荡-1买,量比大于2 + 中枢底部蓄力,1447,0.2513,0.2041,1.231,0.5923,0.5412,0.0511,L2
震荡-1买,量比大于2 + 中枢底部回升,1836,0.3323,0.2432,1.366,0.6171,0.5412,0.0759,L2
震荡-1买,量比大于2 + 大盘多头,263,0.027,0.0591,0.456,0.3498,0.5412,-0.1914,L2
震荡-1买,量比大于2 + 大盘空头,579,0.0912,0.0927,0.984,0.5371,0.5412,-0.0041,L2
震荡-1买,量比大于2 + 大盘安全,788,0.115,0.137,0.839,0.4975,0.5412,-0.0437,L2
震荡-1买,量比大于2 + SID等于1,263,0.027,0.0591,0.456,0.3498,0.5412,-0.1914,L2
震荡-1买,量比大于2 + SID等于2,1921,0.3452,0.2574,1.341,0.6127,0.5412,0.0715,L2
震荡-1买,量比大于2 + SID小于等于2,1921,0.3452,0.2574,1.341,0.6127,0.5412,0.0715,L2
震荡-1买,量比大于2 + 大盘5日上涨,883,0.1276,0.155,0.823,0.4926,0.5412,-0.0485,L2
震荡-1买,量比大于2 + 相对强弱大于0,778,0.11,0.1394,0.789,0.482,0.5412,-0.0592,L2
震荡-1买,量比大于2 + 相对强弱大于5,293,0.0431,0.0505,0.854,0.5017,0.5412,-0.0395,L2
震荡-1买,量比大于2 + 量比>=1.3,1031,0.2082,0.111,1.875,0.6887,0.5412,0.1475,L2
震荡-1买,量比大于2 + 量比>=2,289,0.051,0.0398,1.283,0.6021,0.5412,0.0609,L2
震荡-1买,量比大于2 + 距前高<=10%,103,0.0164,0.0163,1.01,0.5437,0.5412,0.0025,L2
震荡-1买,量比大于2 + 深跌(距前高>40%),120,0.0279,0.0086,3.222,0.7917,0.5412,0.2505,L2
震荡-1买,量比大于2 + 距前低<=10%,1401,0.2267,0.2172,1.044,0.5517,0.5412,0.0106,L2
震荡-1买,量比大于2 + 相对强弱>=0,182,0.0276,0.0304,0.906,0.5165,0.5412,-0.0247,L2
震荡-1买,量能递增 + 价涨量增,3271,0.5812,0.4459,1.304,0.6059,0.5412,0.0647,L2
震荡-1买,量能递增 + 价涨量缩,2965,0.5109,0.423,1.208,0.5875,0.5412,0.0463,L2
震荡-1买,量能递增 + MACD_DIF大于0,467,0.0801,0.0671,1.193,0.5846,0.5412,0.0434,L2
震荡-1买,量能递增 + MACD金叉态,1285,0.1645,0.2504,0.657,0.4366,0.5412,-0.1046,L2
震荡-1买,量能递增 + MACD柱递增,3779,0.6589,0.5299,1.243,0.5946,0.5412,0.0534,L2
震荡-1买,量能递增 + MACD零轴上金叉,64,0.0094,0.0111,0.848,0.5,0.5412,-0.0412,L2
震荡-1买,量能递增 + MACD底背离,1677,0.2182,0.3227,0.676,0.4436,0.5412,-0.0975,L2
震荡-1买,量能递增 + BOLL收上中轨,1092,0.1469,0.2044,0.719,0.4588,0.5412,-0.0824,L2
震荡-1买,量能递增 + BOLL突破上轨,152,0.0191,0.0301,0.633,0.4276,0.5412,-0.1136,L2
震荡-1买,量能递增 + BOLL触下轨反弹,3234,0.5528,0.4666,1.185,0.5829,0.5412,0.0417,L2
震荡-1买,量能递增 + BOLL开口扩张,4076,0.7059,0.5773,1.223,0.5905,0.5412,0.0493,L2
震荡-1买,量能递增 + KDJ金叉态,3586,0.6246,0.5036,1.24,0.594,0.5412,0.0528,L2
震荡-1买,量能递增 + KDJ_J超卖,3923,0.6698,0.5669,1.181,0.5822,0.5412,0.041,L2
震荡-1买,量能递增 + KDJ低位金叉,2056,0.3795,0.2636,1.44,0.6294,0.5412,0.0882,L2
震荡-1买,量能递增 + KDJ_D小于30,3086,0.5346,0.4369,1.224,0.5907,0.5412,0.0495,L2
震荡-1买,量能递增 + RSI6大于50,1844,0.276,0.3123,0.883,0.5103,0.5412,-0.0309,L2
震荡-1买,量能递增 + RSI金叉,3362,0.566,0.4953,1.143,0.5741,0.5412,0.0329,L2
震荡-1买,量能递增 + RSI6超卖,3880,0.6748,0.5462,1.235,0.593,0.5412,0.0519,L2
震荡-1买,量能递增 + RSI底背离,1793,0.263,0.3099,0.849,0.5003,0.5412,-0.0409,L2
震荡-1买,量能递增 + 威科夫得分大于4,308,0.0463,0.0519,0.893,0.513,0.5412,-0.0282,L2
震荡-1买,量能递增 + 威科夫得分大于7,106,0.0176,0.0159,1.106,0.566,0.5412,0.0249,L2
震荡-1买,量能递增 + 积累阶段,987,0.115,0.2058,0.559,0.3972,0.5412,-0.144,L2
震荡-1买,量能递增 + 黄金柱,120,0.0152,0.0235,0.648,0.4333,0.5412,-0.1079,L2
震荡-1买,量能递增 + 量能金叉,1533,0.2774,0.203,1.366,0.6171,0.5412,0.0759,L2
震荡-1买,量能递增 + 六脉红灯大于5,2519,0.4088,0.3891,1.051,0.5534,0.5412,0.0122,L2
震荡-1买,量能递增 + 六脉红灯大于6,1671,0.2507,0.2823,0.888,0.5117,0.5412,-0.0295,L2
震荡-1买,量能递增 + 六脉6红首发,1671,0.2507,0.2823,0.888,0.5117,0.5412,-0.0295,L2
震荡-1买,量能递增 + 六脉5红首发,2519,0.4088,0.3891,1.051,0.5534,0.5412,0.0122,L2
震荡-1买,量能递增 + 偏多共振,274,0.054,0.0311,1.733,0.6715,0.5412,0.1303,L2
震荡-1买,量能递增 + 多头共振,273,0.0537,0.0311,1.724,0.6703,0.5412,0.1291,L2
震荡-1买,量能递增 + 火箭信号,457,0.0868,0.0557,1.559,0.6477,0.5412,0.1065,L2
震荡-1买,量能递增 + 二连板,54,0.0111,0.0055,2.014,0.7037,0.5412,0.1625,L2
震荡-1买,量能递增 + 极限抄底,598,0.1375,0.0446,3.082,0.7843,0.5412,0.2431,L2
震荡-1买,量能递增 + 中枢进机会区,1998,0.3543,0.2733,1.296,0.6046,0.5412,0.0634,L2
震荡-1买,量能递增 + 中枢极限底,2534,0.4499,0.3459,1.301,0.6054,0.5412,0.0642,L2
震荡-1买,量能递增 + 中枢上穿中轴,908,0.149,0.1384,1.077,0.5595,0.5412,0.0183,L2
震荡-1买,量能递增 + 中枢底部蓄力,3110,0.5003,0.4856,1.03,0.5486,0.5412,0.0074,L2
震荡-1买,量能递增 + 中枢底部回升,3992,0.6862,0.5714,1.201,0.5862,0.5412,0.045,L2
震荡-1买,量能递增 + 大盘多头,631,0.0683,0.1377,0.496,0.3693,0.5412,-0.1719,L2
震荡-1买,量能递增 + 大盘空头,1813,0.285,0.2909,0.98,0.5361,0.5412,-0.0051,L2
震荡-1买,量能递增 + 大盘安全,2287,0.3419,0.3878,0.882,0.5098,0.5412,-0.0313,L2
震荡-1买,量能递增 + SID等于1,631,0.0683,0.1377,0.496,0.3693,0.5412,-0.1719,L2
震荡-1买,量能递增 + SID等于2,4196,0.7176,0.605,1.186,0.5832,0.5412,0.042,L2
震荡-1买,量能递增 + SID小于等于2,4196,0.7176,0.605,1.186,0.5832,0.5412,0.042,L2
震荡-1买,量能递增 + 大盘5日上涨,2455,0.3645,0.4192,0.869,0.5063,0.5412,-0.0349,L2
震荡-1买,量能递增 + 相对强弱大于0,1431,0.2076,0.2501,0.83,0.4948,0.5412,-0.0464,L2
震荡-1买,量能递增 + 相对强弱大于5,400,0.0604,0.0671,0.9,0.515,0.5412,-0.0262,L2
震荡-1买,量能递增 + 量比>=1.3,1581,0.3185,0.1712,1.86,0.6869,0.5412,0.1457,L2
震荡-1买,量能递增 + 量比>=2,259,0.0469,0.0342,1.37,0.6178,0.5412,0.0766,L2
震荡-1买,量能递增 + 距前高<=10%,237,0.0343,0.0415,0.827,0.4937,0.5412,-0.0475,L2
震荡-1买,量能递增 + 深跌(距前高>40%),364,0.0821,0.0291,2.826,0.7692,0.5412,0.228,L2
震荡-1买,量能递增 + 距前低<=10%,3224,0.4933,0.5334,0.925,0.5217,0.5412,-0.0195,L2
震荡-1买,量能递增 + 相对强弱>=0,371,0.0557,0.0626,0.89,0.5121,0.5412,-0.0291,L2
震荡-1买,价涨量增 + 价涨量缩,2529,0.4408,0.3549,1.242,0.5943,0.5412,0.0531,L2
震荡-1买,价涨量增 + MACD_DIF大于0,321,0.0534,0.0481,1.11,0.567,0.5412,0.0258,L2
震荡-1买,价涨量增 + MACD金叉态,1318,0.1666,0.2594,0.642,0.431,0.5412,-0.1102,L2
震荡-1买,价涨量增 + MACD柱递增,3722,0.6416,0.5306,1.209,0.5879,0.5412,0.0467,L2
震荡-1买,价涨量增 + MACD零轴上金叉,64,0.01,0.0104,0.961,0.5312,0.5412,-0.0099,L2
震荡-1买,价涨量增 + MACD底背离,1648,0.2141,0.3175,0.674,0.443,0.5412,-0.0982,L2
震荡-1买,价涨量增 + BOLL收上中轨,1160,0.156,0.2172,0.718,0.4586,0.5412,-0.0826,L2
震荡-1买,价涨量增 + BOLL突破上轨,149,0.0185,0.0297,0.621,0.4228,0.5412,-0.1184,L2
震荡-1买,价涨量增 + BOLL触下轨反弹,3003,0.5243,0.4203,1.248,0.5954,0.5412,0.0542,L2
震荡-1买,价涨量增 + BOLL开口扩张,3787,0.6563,0.5358,1.225,0.591,0.5412,0.0498,L2
震荡-1买,价涨量增 + KDJ金叉态,3697,0.6346,0.5303,1.197,0.5853,0.5412,0.0442,L2
震荡-1买,价涨量增 + KDJ_J超卖,3680,0.6252,0.5355,1.168,0.5793,0.5412,0.0382,L2
震荡-1买,价涨量增 + KDJ低位金叉,2147,0.3933,0.2788,1.411,0.6246,0.5412,0.0834,L2
震荡-1买,价涨量增 + KDJ_D小于30,3035,0.5273,0.4279,1.232,0.5924,0.5412,0.0512,L2
震荡-1买,价涨量增 + RSI6大于50,2086,0.3056,0.3611,0.846,0.4995,0.5412,-0.0417,L2
震荡-1买,价涨量增 + RSI金叉,3466,0.5751,0.5206,1.105,0.5658,0.5412,0.0246,L2
震荡-1买,价涨量增 + RSI6超卖,3650,0.6334,0.5154,1.229,0.5918,0.5412,0.0506,L2
震荡-1买,价涨量增 + RSI底背离,1750,0.2548,0.3047,0.836,0.4966,0.5412,-0.0446,L2
震荡-1买,价涨量增 + 威科夫得分大于4,210,0.0296,0.0377,0.786,0.481,0.5412,-0.0602,L2
震荡-1买,价涨量增 + 威科夫得分大于7,81,0.0135,0.0121,1.114,0.5679,0.5412,0.0267,L2
震荡-1买,价涨量增 + 积累阶段,952,0.1091,0.2006,0.544,0.3908,0.5412,-0.1504,L2
震荡-1买,价涨量增 + 黄金柱,160,0.0194,0.0325,0.595,0.4125,0.5412,-0.1287,L2
震荡-1买,价涨量增 + 量能金叉,1480,0.2718,0.1913,1.421,0.6264,0.5412,0.0852,L2
震荡-1买,价涨量增 + 六脉红灯大于5,2749,0.4346,0.4383,0.992,0.5391,0.5412,-0.0021,L2
震荡-1买,价涨量增 + 六脉红灯大于6,1923,0.2815,0.3331,0.845,0.4992,0.5412,-0.042,L2
震荡-1买,价涨量增 + 六脉6红首发,1923,0.2815,0.3331,0.845,0.4992,0.5412,-0.042,L2
震荡-1买,价涨量增 + 六脉5红首发,2749,0.4346,0.4383,0.992,0.5391,0.5412,-0.0021,L2
震荡-1买,价涨量增 + 偏多共振,178,0.0317,0.0242,1.308,0.6067,0.5412,0.0656,L2
震荡-1买,价涨量增 + 多头共振,177,0.0314,0.0242,1.296,0.6045,0.5412,0.0633,L2
震荡-1买,价涨量增 + 火箭信号,457,0.085,0.0578,1.472,0.6346,0.5412,0.0934,L2
震荡-1买,价涨量增 + 二连板,51,0.0103,0.0055,1.855,0.6863,0.5412,0.1451,L2
震荡-1买,价涨量增 + 极限抄底,552,0.1299,0.0377,3.446,0.8025,0.5412,0.2614,L2
震荡-1买,价涨量增 + 中枢进机会区,1745,0.3094,0.2387,1.296,0.6046,0.5412,0.0634,L2
震荡-1买,价涨量增 + 中枢极限底,2391,0.4217,0.3296,1.279,0.6014,0.5412,0.0602,L2
震荡-1买,价涨量增 + 中枢上穿中轴,923,0.1501,0.1422,1.056,0.5547,0.5412,0.0135,L2
震荡-1买,价涨量增 + 中枢底部蓄力,3041,0.4947,0.4684,1.056,0.5548,0.5412,0.0136,L2
震荡-1买,价涨量增 + 中枢底部回升,3785,0.6463,0.5469,1.182,0.5823,0.5412,0.0411,L2
震荡-1买,价涨量增 + 大盘多头,580,0.0595,0.1304,0.457,0.35,0.5412,-0.1912,L2
震荡-1买,价涨量增 + 大盘空头,1720,0.2789,0.266,1.048,0.5529,0.5412,0.0117,L2
震荡-1买,价涨量增 + 大盘安全,2167,0.3276,0.3632,0.902,0.5155,0.5412,-0.0257,L2
震荡-1买,价涨量增 + SID等于1,580,0.0595,0.1304,0.457,0.35,0.5412,-0.1912,L2
震荡-1买,价涨量增 + SID等于2,3943,0.6716,0.5718,1.175,0.5808,0.5412,0.0396,L2
震荡-1买,价涨量增 + SID小于等于2,3943,0.6716,0.5718,1.175,0.5808,0.5412,0.0396,L2
震荡-1买,价涨量增 + 大盘5日上涨,2392,0.3563,0.4071,0.875,0.5079,0.5412,-0.0332,L2
震荡-1买,价涨量增 + 相对强弱大于0,1381,0.1947,0.248,0.785,0.4808,0.5412,-0.0604,L2
震荡-1买,价涨量增 + 相对强弱大于5,379,0.0569,0.064,0.889,0.5119,0.5412,-0.0293,L2
震荡-1买,价涨量增 + 量比>=1.3,1701,0.3375,0.1902,1.774,0.6767,0.5412,0.1355,L2
震荡-1买,价涨量增 + 量比>=2,272,0.0484,0.037,1.307,0.6066,0.5412,0.0654,L2
震荡-1买,价涨量增 + 距前高<=10%,212,0.0328,0.0346,0.95,0.5283,0.5412,-0.0129,L2
震荡-1买,价涨量增 + 深跌(距前高>40%),341,0.0768,0.0273,2.812,0.7683,0.5412,0.2271,L2
震荡-1买,价涨量增 + 距前低<=10%,3031,0.4648,0.5002,0.929,0.5229,0.5412,-0.0183,L2
震荡-1买,价涨量增 + 相对强弱>=0,337,0.0507,0.0567,0.894,0.5134,0.5412,-0.0278,L2
震荡-1买,价涨量缩 + MACD_DIF大于0,471,0.0809,0.0675,1.2,0.586,0.5412,0.0448,L2
震荡-1买,价涨量缩 + MACD金叉态,1033,0.1205,0.2152,0.56,0.3979,0.5412,-0.1433,L2
震荡-1买,价涨量缩 + MACD柱递增,4246,0.6845,0.6614,1.035,0.5497,0.5412,0.0085,L2
震荡-1买,价涨量缩 + MACD底背离,1860,0.2138,0.3912,0.546,0.3919,0.5412,-0.1492,L2
震荡-1买,价涨量缩 + BOLL收上中轨,708,0.0859,0.1435,0.599,0.4138,0.5412,-0.1273,L2
震荡-1买,价涨量缩 + BOLL突破上轨,73,0.0091,0.0145,0.626,0.4247,0.5412,-0.1165,L2
震荡-1买,价涨量缩 + BOLL触下轨反弹,3396,0.5428,0.5344,1.016,0.5451,0.5412,0.0039,L2
震荡-1买,价涨量缩 + BOLL开口扩张,4540,0.7293,0.7101,1.027,0.5478,0.5412,0.0066,L2
震荡-1买,价涨量缩 + KDJ金叉态,3977,0.6437,0.6164,1.044,0.5519,0.5412,0.0107,L2
震荡-1买,价涨量缩 + KDJ_J超卖,4479,0.707,0.7153,0.988,0.5383,0.5412,-0.0029,L2
震荡-1买,价涨量缩 + KDJ低位金叉,2700,0.4481,0.4054,1.105,0.5659,0.5412,0.0247,L2
震荡-1买,价涨量缩 + KDJ_D小于30,3766,0.5953,0.6005,0.991,0.539,0.5412,-0.0022,L2
震荡-1买,价涨量缩 + RSI6大于50,1444,0.1927,0.2722,0.708,0.455,0.5412,-0.0862,L2
震荡-1买,价涨量缩 + RSI金叉,3359,0.5152,0.5541,0.93,0.5231,0.5412,-0.0181,L2
震荡-1买,价涨量缩 + RSI6超卖,4386,0.7056,0.6849,1.03,0.5486,0.5412,0.0074,L2
震荡-1买,价涨量缩 + RSI底背离,1870,0.2393,0.3646,0.656,0.4364,0.5412,-0.1048,L2
震荡-1买,价涨量缩 + 威科夫得分大于4,253,0.0375,0.0432,0.868,0.5059,0.5412,-0.0353,L2
震荡-1买,价涨量缩 + 威科夫得分大于7,78,0.0114,0.0135,0.848,0.5,0.5412,-0.0412,L2
震荡-1买,价涨量缩 + 积累阶段,1024,0.1094,0.2252,0.486,0.3643,0.5412,-0.1769,L2
震荡-1买,价涨量缩 + 黄金柱,87,0.0114,0.0166,0.689,0.4483,0.5412,-0.0929,L2
震荡-1买,价涨量缩 + 量能金叉,1089,0.2073,0.1321,1.569,0.6492,0.5412,0.108,L2
震荡-1买,价涨量缩 + 六脉红灯大于5,2412,0.346,0.4262,0.812,0.4892,0.5412,-0.052,L2
震荡-1买,价涨量缩 + 六脉红灯大于6,1282,0.1713,0.2414,0.709,0.4555,0.5412,-0.0856,L2
震荡-1买,价涨量缩 + 六脉6红首发,1282,0.1713,0.2414,0.709,0.4555,0.5412,-0.0856,L2
震荡-1买,价涨量缩 + 六脉5红首发,2412,0.346,0.4262,0.812,0.4892,0.5412,-0.052,L2
震荡-1买,价涨量缩 + 偏多共振,328,0.0639,0.038,1.68,0.6646,0.5412,0.1235,L2
震荡-1买,价涨量缩 + 多头共振,327,0.0636,0.038,1.672,0.6636,0.5412,0.1224,L2
震荡-1买,价涨量缩 + 火箭信号,237,0.0449,0.0291,1.544,0.6456,0.5412,0.1044,L2
震荡-1买,价涨量缩 + 极限抄底,636,0.1437,0.0505,2.845,0.7704,0.5412,0.2293,L2
震荡-1买,价涨量缩 + 中枢进机会区,2203,0.3751,0.3196,1.174,0.5806,0.5412,0.0394,L2
震荡-1买,价涨量缩 + 中枢极限底,2940,0.4897,0.4393,1.115,0.568,0.5412,0.0268,L2
震荡-1买,价涨量缩 + 中枢上穿中轴,499,0.0742,0.0851,0.872,0.507,0.5412,-0.0342,L2
震荡-1买,价涨量缩 + 中枢底部蓄力,3648,0.5334,0.6327,0.843,0.4986,0.5412,-0.0426,L2
震荡-1买,价涨量缩 + 中枢底部回升,4532,0.7196,0.7188,1.001,0.5415,0.5412,0.0003,L2
震荡-1买,价涨量缩 + 大盘多头,860,0.0871,0.1947,0.447,0.3453,0.5412,-0.1958,L2
震荡-1买,价涨量缩 + 大盘空头,1748,0.2361,0.3262,0.724,0.4605,0.5412,-0.0807,L2
震荡-1买,价涨量缩 + 大盘安全,2335,0.3041,0.449,0.677,0.4441,0.5412,-0.0971,L2
震荡-1买,价涨量缩 + SID等于1,860,0.0871,0.1947,0.447,0.3453,0.5412,-0.1958,L2
震荡-1买,价涨量缩 + SID等于2,4713,0.7455,0.751,0.993,0.5394,0.5412,-0.0018,L2
震荡-1买,价涨量缩 + SID小于等于2,4713,0.7455,0.751,0.993,0.5394,0.5412,-0.0018,L2
震荡-1买,价涨量缩 + 大盘5日上涨,2670,0.3478,0.5133,0.678,0.4442,0.5412,-0.097,L2
震荡-1买,价涨量缩 + 相对强弱大于0,1102,0.1475,0.2072,0.712,0.4564,0.5412,-0.0847,L2
震荡-1买,价涨量缩 + 相对强弱大于5,201,0.0299,0.0342,0.873,0.5075,0.5412,-0.0337,L2
震荡-1买,价涨量缩 + 量比>=1.3,1147,0.2349,0.1197,1.963,0.6983,0.5412,0.1572,L2
震荡-1买,价涨量缩 + 量比>=2,118,0.0208,0.0163,1.281,0.6017,0.5412,0.0605,L2
震荡-1买,价涨量缩 + 距前高<=10%,203,0.0264,0.0391,0.675,0.4433,0.5412,-0.0978,L2
震荡-1买,价涨量缩 + 深跌(距前高>40%),300,0.0648,0.0273,2.372,0.7367,0.5412,0.1955,L2
震荡-1买,价涨量缩 + 距前低<=10%,3683,0.5103,0.6721,0.759,0.4724,0.5412,-0.0687,L2
震荡-1买,价涨量缩 + 相对强弱>=0,239,0.0311,0.046,0.676,0.4435,0.5412,-0.0977,L2
震荡-1买,MACD_DIF大于0 + MACD金叉态,212,0.0323,0.0353,0.914,0.5189,0.5412,-0.0223,L2
震荡-1买,MACD_DIF大于0 + MACD柱递增,403,0.0713,0.0553,1.288,0.603,0.5412,0.0618,L2
震荡-1买,MACD_DIF大于0 + MACD零轴上金叉,66,0.01,0.0111,0.901,0.5152,0.5412,-0.026,L2
震荡-1买,MACD_DIF大于0 + MACD底背离,113,0.0179,0.018,0.995,0.5398,0.5412,-0.0014,L2
震荡-1买,MACD_DIF大于0 + BOLL收上中轨,229,0.0326,0.0408,0.798,0.4847,0.5412,-0.0565,L2
震荡-1买,MACD_DIF大于0 + BOLL突破上轨,60,0.0088,0.0104,0.848,0.5,0.5412,-0.0412,L2
震荡-1买,MACD_DIF大于0 + BOLL触下轨反弹,436,0.073,0.0647,1.129,0.5711,0.5412,0.0299,L2
震荡-1买,MACD_DIF大于0 + BOLL开口扩张,586,0.1015,0.083,1.222,0.5904,0.5412,0.0493,L2
震荡-1买,MACD_DIF大于0 + KDJ金叉态,351,0.061,0.0495,1.233,0.5926,0.5412,0.0514,L2
震荡-1买,MACD_DIF大于0 + KDJ_J超卖,539,0.0941,0.0754,1.248,0.5955,0.5412,0.0544,L2
震荡-1买,MACD_DIF大于0 + KDJ低位金叉,61,0.012,0.0069,1.738,0.6721,0.5412,0.1309,L2
震荡-1买,MACD_DIF大于0 + KDJ_D小于30,224,0.039,0.0315,1.239,0.5938,0.5412,0.0526,L2
震荡-1买,MACD_DIF大于0 + RSI6大于50,255,0.0372,0.0443,0.841,0.498,0.5412,-0.0431,L2
震荡-1买,MACD_DIF大于0 + RSI金叉,277,0.0402,0.0484,0.83,0.4946,0.5412,-0.0466,L2
震荡-1买,MACD_DIF大于0 + RSI6超卖,499,0.0891,0.0675,1.322,0.6092,0.5412,0.068,L2
震荡-1买,MACD_DIF大于0 + RSI底背离,96,0.0155,0.0149,1.045,0.5521,0.5412,0.0109,L2
震荡-1买,MACD_DIF大于0 + 威科夫得分大于4,221,0.0358,0.0342,1.045,0.552,0.5412,0.0109,L2
震荡-1买,MACD_DIF大于0 + 威科夫得分大于7,98,0.017,0.0138,1.229,0.5918,0.5412,0.0507,L2
震荡-1买,MACD_DIF大于0 + 积累阶段,112,0.0155,0.0204,0.762,0.4732,0.5412,-0.068,L2
震荡-1买,MACD_DIF大于0 + 量能金叉,146,0.0246,0.0214,1.149,0.5753,0.5412,0.0342,L2
震荡-1买,MACD_DIF大于0 + 六脉红灯大于5,211,0.0314,0.036,0.872,0.5071,0.5412,-0.0341,L2
震荡-1买,MACD_DIF大于0 + 六脉红灯大于6,182,0.0264,0.0318,0.829,0.4945,0.5412,-0.0467,L2
震荡-1买,MACD_DIF大于0 + 六脉6红首发,182,0.0264,0.0318,0.829,0.4945,0.5412,-0.0467,L2
震荡-1买,MACD_DIF大于0 + 六脉5红首发,211,0.0314,0.036,0.872,0.5071,0.5412,-0.0341,L2
震荡-1买,MACD_DIF大于0 + 偏多共振,274,0.0522,0.0332,1.572,0.6496,0.5412,0.1085,L2
震荡-1买,MACD_DIF大于0 + 多头共振,274,0.0522,0.0332,1.572,0.6496,0.5412,0.1085,L2
震荡-1买,MACD_DIF大于0 + 火箭信号,79,0.0138,0.0111,1.245,0.5949,0.5412,0.0538,L2
震荡-1买,MACD_DIF大于0 + 中枢进机会区,470,0.085,0.0623,1.366,0.617,0.5412,0.0758,L2
震荡-1买,MACD_DIF大于0 + 中枢极限底,306,0.0581,0.0374,1.554,0.6471,0.5412,0.1059,L2
震荡-1买,MACD_DIF大于0 + 中枢上穿中轴,207,0.0317,0.0342,0.925,0.5217,0.5412,-0.0194,L2
震荡-1买,MACD_DIF大于0 + 中枢底部蓄力,142,0.0211,0.0242,0.872,0.507,0.5412,-0.0341,L2
震荡-1买,MACD_DIF大于0 + 中枢底部回升,485,0.0874,0.0647,1.351,0.6144,0.5412,0.0732,L2
震荡-1买,MACD_DIF大于0 + 大盘多头,107,0.0126,0.0221,0.57,0.4019,0.5412,-0.1393,L2
震荡-1买,MACD_DIF大于0 + 大盘空头,123,0.0117,0.0287,0.409,0.3252,0.5412,-0.216,L2
震荡-1买,MACD_DIF大于0 + 大盘安全,197,0.0214,0.0429,0.499,0.3706,0.5412,-0.1706,L2
震荡-1买,MACD_DIF大于0 + SID等于1,107,0.0126,0.0221,0.57,0.4019,0.5412,-0.1393,L2
震荡-1买,MACD_DIF大于0 + SID等于2,589,0.1021,0.0834,1.224,0.5908,0.5412,0.0496,L2
震荡-1买,MACD_DIF大于0 + SID小于等于2,589,0.1021,0.0834,1.224,0.5908,0.5412,0.0496,L2
震荡-1买,MACD_DIF大于0 + 大盘5日上涨,206,0.0226,0.0446,0.506,0.3738,0.5412,-0.1674,L2
震荡-1买,MACD_DIF大于0 + 相对强弱大于0,363,0.0604,0.0543,1.112,0.5675,0.5412,0.0263,L2
震荡-1买,MACD_DIF大于0 + 相对强弱大于5,138,0.0223,0.0214,1.039,0.5507,0.5412,0.0095,L2
震荡-1买,MACD_DIF大于0 + 量比>=1.3,147,0.0246,0.0218,1.13,0.5714,0.5412,0.0302,L2
震荡-1买,MACD_DIF大于0 + 距前高<=10%,102,0.0147,0.018,0.815,0.4902,0.5412,-0.051,L2
震荡-1买,MACD_DIF大于0 + 距前低<=10%,390,0.0633,0.0602,1.052,0.5538,0.5412,0.0127,L2
震荡-1买,MACD_DIF大于0 + 相对强弱>=0,110,0.0173,0.0176,0.981,0.5364,0.5412,-0.0048,L2
震荡-1买,MACD金叉态 + MACD柱递增,1464,0.1795,0.2947,0.609,0.418,0.5412,-0.1232,L2
震荡-1买,MACD金叉态 + MACD零轴上金叉,66,0.01,0.0111,0.901,0.5152,0.5412,-0.026,L2
震荡-1买,MACD金叉态 + MACD底背离,1095,0.1211,0.2359,0.513,0.3772,0.5412,-0.164,L2
震荡-1买,MACD金叉态 + BOLL收上中轨,1006,0.1258,0.1996,0.63,0.4264,0.5412,-0.1147,L2
震荡-1买,MACD金叉态 + BOLL突破上轨,152,0.0191,0.0301,0.633,0.4276,0.5412,-0.1136,L2
震荡-1买,MACD金叉态 + BOLL触下轨反弹,1160,0.1469,0.2279,0.645,0.4319,0.5412,-0.1093,L2
震荡-1买,MACD金叉态 + BOLL开口扩张,1494,0.188,0.2951,0.637,0.429,0.5412,-0.1121,L2
震荡-1买,MACD金叉态 + KDJ金叉态,1492,0.1839,0.2992,0.615,0.4202,0.5412,-0.1209,L2
震荡-1买,MACD金叉态 + KDJ_J超卖,1463,0.173,0.302,0.573,0.4033,0.5412,-0.1379,L2
震荡-1买,MACD金叉态 + KDJ低位金叉,508,0.0666,0.0972,0.685,0.4469,0.5412,-0.0943,L2
震荡-1买,MACD金叉态 + KDJ_D小于30,1007,0.1264,0.1992,0.634,0.428,0.5412,-0.1132,L2
震荡-1买,MACD金叉态 + RSI6大于50,1338,0.1663,0.2667,0.623,0.4238,0.5412,-0.1174,L2
震荡-1买,MACD金叉态 + RSI金叉,1538,0.1871,0.3113,0.601,0.4148,0.5412,-0.1264,L2
震荡-1买,MACD金叉态 + RSI6超卖,1342,0.1628,0.2722,0.598,0.4136,0.5412,-0.1276,L2
震荡-1买,MACD金叉态 + RSI底背离,1032,0.1211,0.2141,0.566,0.4002,0.5412,-0.141,L2
震荡-1买,MACD金叉态 + 威科夫得分大于4,172,0.024,0.0311,0.772,0.4767,0.5412,-0.0644,L2
震荡-1买,MACD金叉态 + 威科夫得分大于7,78,0.0123,0.0125,0.989,0.5385,0.5412,-0.0027,L2
震荡-1买,MACD金叉态 + 积累阶段,737,0.0739,0.1678,0.441,0.3419,0.5412,-0.1993,L2
震荡-1买,MACD金叉态 + 黄金柱,144,0.0176,0.0291,0.606,0.4167,0.5412,-0.1245,L2
震荡-1买,MACD金叉态 + 量能金叉,500,0.0648,0.0965,0.672,0.442,0.5412,-0.0992,L2
震荡-1买,MACD金叉态 + 六脉红灯大于5,1438,0.178,0.2874,0.619,0.4221,0.5412,-0.1191,L2
震荡-1买,MACD金叉态 + 六脉红灯大于6,1245,0.1563,0.2463,0.635,0.4281,0.5412,-0.1131,L2
震荡-1买,MACD金叉态 + 六脉6红首发,1245,0.1563,0.2463,0.635,0.4281,0.5412,-0.1131,L2
震荡-1买,MACD金叉态 + 六脉5红首发,1438,0.178,0.2874,0.619,0.4221,0.5412,-0.1191,L2
震荡-1买,MACD金叉态 + 偏多共振,85,0.0117,0.0156,0.754,0.4706,0.5412,-0.0706,L2
震荡-1买,MACD金叉态 + 多头共振,85,0.0117,0.0156,0.754,0.4706,0.5412,-0.0706,L2
震荡-1买,MACD金叉态 + 火箭信号,214,0.0326,0.0356,0.914,0.5187,0.5412,-0.0225,L2
震荡-1买,MACD金叉态 + 中枢进机会区,763,0.0944,0.1525,0.619,0.422,0.5412,-0.1192,L2
震荡-1买,MACD金叉态 + 中枢极限底,894,0.1032,0.1875,0.551,0.3937,0.5412,-0.1474,L2
震荡-1买,MACD金叉态 + 中枢上穿中轴,569,0.0809,0.1013,0.799,0.4851,0.5412,-0.0561,L2
震荡-1买,MACD金叉态 + 中枢底部蓄力,1275,0.1475,0.267,0.552,0.3945,0.5412,-0.1467,L2
震荡-1买,MACD金叉态 + 中枢底部回升,1547,0.1865,0.3151,0.592,0.4111,0.5412,-0.1301,L2
震荡-1买,MACD金叉态 + 大盘多头,388,0.0387,0.0886,0.437,0.3402,0.5412,-0.201,L2
震荡-1买,MACD金叉态 + 大盘空头,861,0.1088,0.1695,0.642,0.4309,0.5412,-0.1103,L2
震荡-1买,MACD金叉态 + 大盘安全,1262,0.149,0.2608,0.571,0.4025,0.5412,-0.1386,L2
震荡-1买,MACD金叉态 + SID等于1,388,0.0387,0.0886,0.437,0.3402,0.5412,-0.201,L2
震荡-1买,MACD金叉态 + SID等于2,1678,0.2059,0.3376,0.61,0.4184,0.5412,-0.1228,L2
震荡-1买,MACD金叉态 + SID小于等于2,1678,0.2059,0.3376,0.61,0.4184,0.5412,-0.1228,L2
震荡-1买,MACD金叉态 + 大盘5日上涨,1361,0.1613,0.2805,0.575,0.4041,0.5412,-0.1371,L2
震荡-1买,MACD金叉态 + 相对强弱大于0,1100,0.1381,0.2176,0.635,0.4282,0.5412,-0.113,L2
震荡-1买,MACD金叉态 + 相对强弱大于5,358,0.051,0.0636,0.802,0.486,0.5412,-0.0552,L2
震荡-1买,MACD金叉态 + 量比>=1.3,483,0.0692,0.0854,0.81,0.4886,0.5412,-0.0526,L2
震荡-1买,MACD金叉态 + 量比>=2,117,0.0167,0.0208,0.805,0.4872,0.5412,-0.054,L2
震荡-1买,MACD金叉态 + 距前高<=10%,126,0.0158,0.0249,0.636,0.4286,0.5412,-0.1126,L2
震荡-1买,MACD金叉态 + 深跌(距前高>40%),58,0.0085,0.01,0.848,0.5,0.5412,-0.0412,L2
震荡-1买,MACD金叉态 + 距前低<=10%,1516,0.1777,0.3148,0.565,0.3997,0.5412,-0.1414,L2
震荡-1买,MACD金叉态 + 相对强弱>=0,303,0.0408,0.0567,0.719,0.4587,0.5412,-0.0824,L2
震荡-1买,MACD柱递增 + MACD零轴上金叉,63,0.0097,0.0104,0.933,0.5238,0.5412,-0.0174,L2
震荡-1买,MACD柱递增 + MACD底背离,2379,0.29,0.4808,0.603,0.4157,0.5412,-0.1255,L2
震荡-1买,MACD柱递增 + BOLL收上中轨,1197,0.1592,0.2262,0.704,0.4536,0.5412,-0.0875,L2
震荡-1买,MACD柱递增 + BOLL突破上轨,147,0.0188,0.0287,0.654,0.4354,0.5412,-0.1058,L2
震荡-1买,MACD柱递增 + BOLL触下轨反弹,4194,0.6994,0.6257,1.118,0.5687,0.5412,0.0275,L2
震荡-1买,MACD柱递增 + BOLL开口扩张,5497,0.9041,0.835,1.083,0.5609,0.5412,0.0197,L2
震荡-1买,MACD柱递增 + KDJ金叉态,5261,0.8598,0.8056,1.067,0.5573,0.5412,0.0161,L2
震荡-1买,MACD柱递增 + KDJ_J超卖,5400,0.8704,0.8412,1.035,0.5496,0.5412,0.0084,L2
震荡-1买,MACD柱递增 + KDJ低位金叉,3432,0.5777,0.5057,1.142,0.574,0.5412,0.0328,L2
震荡-1买,MACD柱递增 + KDJ_D小于30,4649,0.7528,0.7202,1.045,0.5522,0.5412,0.011,L2
震荡-1买,MACD柱递增 + RSI6大于50,2337,0.3314,0.4175,0.794,0.4835,0.5412,-0.0577,L2
震荡-1买,MACD柱递增 + RSI金叉,4581,0.7211,0.734,0.982,0.5368,0.5412,-0.0044,L2
震荡-1买,MACD柱递增 + RSI6超卖,5343,0.8768,0.8139,1.077,0.5596,0.5412,0.0184,L2
震荡-1买,MACD柱递增 + RSI底背离,2448,0.3323,0.4549,0.73,0.4628,0.5412,-0.0784,L2
震荡-1买,MACD柱递增 + 威科夫得分大于4,233,0.0349,0.0394,0.885,0.5107,0.5412,-0.0305,L2
震荡-1买,MACD柱递增 + 威科夫得分大于7,80,0.0144,0.0107,1.34,0.6125,0.5412,0.0713,L2
震荡-1买,MACD柱递增 + 积累阶段,1266,0.1431,0.2691,0.532,0.3855,0.5412,-0.1557,L2
震荡-1买,MACD柱递增 + 黄金柱,164,0.0202,0.0329,0.616,0.4207,0.5412,-0.1205,L2
震荡-1买,MACD柱递增 + 量能金叉,1588,0.3009,0.1944,1.548,0.6461,0.5412,0.1049,L2
震荡-1买,MACD柱递增 + 六脉红灯大于5,3568,0.5308,0.6081,0.873,0.5073,0.5412,-0.0339,L2
震荡-1买,MACD柱递增 + 六脉红灯大于6,2157,0.3085,0.3822,0.807,0.4877,0.5412,-0.0535,L2
震荡-1买,MACD柱递增 + 六脉6红首发,2157,0.3085,0.3822,0.807,0.4877,0.5412,-0.0535,L2
震荡-1买,MACD柱递增 + 六脉5红首发,3568,0.5308,0.6081,0.873,0.5073,0.5412,-0.0339,L2
震荡-1买,MACD柱递增 + 偏多共振,279,0.0572,0.0291,1.968,0.6989,0.5412,0.1577,L2
震荡-1买,MACD柱递增 + 多头共振,278,0.0569,0.0291,1.958,0.6978,0.5412,0.1567,L2
震荡-1买,MACD柱递增 + 火箭信号,480,0.0909,0.0588,1.546,0.6458,0.5412,0.1046,L2
震荡-1买,MACD柱递增 + 二连板,56,0.0117,0.0055,2.12,0.7143,0.5412,0.1731,L2
震荡-1买,MACD柱递增 + 极限抄底,734,0.1672,0.0567,2.947,0.7766,0.5412,0.2354,L2
震荡-1买,MACD柱递增 + 中枢进机会区,2464,0.4273,0.3483,1.227,0.5913,0.5412,0.0501,L2
震荡-1买,MACD柱递增 + 中枢极限底,3546,0.5982,0.5209,1.148,0.5753,0.5412,0.0341,L2
震荡-1买,MACD柱递增 + 中枢上穿中轴,940,0.1528,0.1449,1.054,0.5543,0.5412,0.0131,L2
震荡-1买,MACD柱递增 + 中枢底部蓄力,4549,0.6853,0.7651,0.896,0.5137,0.5412,-0.0274,L2
震荡-1买,MACD柱递增 + 中枢底部回升,5541,0.8968,0.8589,1.044,0.5519,0.5412,0.0107,L2
震荡-1买,MACD柱递增 + 大盘多头,928,0.0947,0.2093,0.453,0.3481,0.5412,-0.1931,L2
震荡-1买,MACD柱递增 + 大盘空头,2336,0.3419,0.4047,0.845,0.4991,0.5412,-0.042,L2
震荡-1买,MACD柱递增 + 大盘安全,2987,0.4179,0.5403,0.773,0.4771,0.5412,-0.0641,L2
震荡-1买,MACD柱递增 + SID等于1,928,0.0947,0.2093,0.453,0.3481,0.5412,-0.1931,L2
震荡-1买,MACD柱递增 + SID等于2,5724,0.9249,0.889,1.04,0.551,0.5412,0.0098,L2
震荡-1买,MACD柱递增 + SID小于等于2,5724,0.9249,0.889,1.04,0.551,0.5412,0.0098,L2
震荡-1买,MACD柱递增 + 大盘5日上涨,3439,0.4768,0.6271,0.76,0.4728,0.5412,-0.0684,L2
震荡-1买,MACD柱递增 + 相对强弱大于0,1555,0.2117,0.2881,0.735,0.4643,0.5412,-0.0769,L2
震荡-1买,MACD柱递增 + 相对强弱大于5,383,0.0569,0.0654,0.87,0.5065,0.5412,-0.0347,L2
震荡-1买,MACD柱递增 + 量比>=1.3,1848,0.368,0.2051,1.794,0.6791,0.5412,0.1379,L2
震荡-1买,MACD柱递增 + 量比>=2,256,0.0478,0.0322,1.486,0.6367,0.5412,0.0955,L2
震荡-1买,MACD柱递增 + 距前高<=10%,249,0.0364,0.0432,0.841,0.498,0.5412,-0.0432,L2
震荡-1买,MACD柱递增 + 深跌(距前高>40%),421,0.0894,0.0401,2.229,0.7245,0.5412,0.1833,L2
震荡-1买,MACD柱递增 + 距前低<=10%,4467,0.639,0.7914,0.807,0.4878,0.5412,-0.0534,L2
震荡-1买,MACD柱递增 + 相对强弱>=0,375,0.0534,0.0668,0.799,0.4853,0.5412,-0.0559,L2
震荡-1买,MACD零轴上金叉 + BOLL收上中轨,66,0.01,0.0111,0.901,0.5152,0.5412,-0.026,L2
震荡-1买,MACD零轴上金叉 + BOLL触下轨反弹,52,0.0079,0.0086,0.916,0.5192,0.5412,-0.022,L2
震荡-1买,MACD零轴上金叉 + BOLL开口扩张,66,0.01,0.0111,0.901,0.5152,0.5412,-0.026,L2
震荡-1买,MACD零轴上金叉 + KDJ金叉态,66,0.01,0.0111,0.901,0.5152,0.5412,-0.026,L2
震荡-1买,MACD零轴上金叉 + KDJ_J超卖,53,0.0076,0.0093,0.816,0.4906,0.5412,-0.0506,L2
震荡-1买,MACD零轴上金叉 + RSI6大于50,66,0.01,0.0111,0.901,0.5152,0.5412,-0.026,L2
震荡-1买,MACD零轴上金叉 + RSI金叉,65,0.01,0.0107,0.93,0.5231,0.5412,-0.0181,L2
震荡-1买,MACD零轴上金叉 + 六脉红灯大于5,66,0.01,0.0111,0.901,0.5152,0.5412,-0.026,L2
震荡-1买,MACD零轴上金叉 + 六脉红灯大于6,66,0.01,0.0111,0.901,0.5152,0.5412,-0.026,L2
震荡-1买,MACD零轴上金叉 + 六脉6红首发,66,0.01,0.0111,0.901,0.5152,0.5412,-0.026,L2
震荡-1买,MACD零轴上金叉 + 六脉5红首发,66,0.01,0.0111,0.901,0.5152,0.5412,-0.026,L2
震荡-1买,MACD零轴上金叉 + 中枢上穿中轴,66,0.01,0.0111,0.901,0.5152,0.5412,-0.026,L2
震荡-1买,MACD零轴上金叉 + SID等于2,66,0.01,0.0111,0.901,0.5152,0.5412,-0.026,L2
震荡-1买,MACD零轴上金叉 + SID小于等于2,66,0.01,0.0111,0.901,0.5152,0.5412,-0.026,L2
震荡-1买,MACD零轴上金叉 + 相对强弱大于0,66,0.01,0.0111,0.901,0.5152,0.5412,-0.026,L2
震荡-1买,MACD底背离 + BOLL收上中轨,690,0.0786,0.146,0.538,0.3884,0.5412,-0.1528,L2
震荡-1买,MACD底背离 + BOLL突破上轨,80,0.0085,0.0176,0.482,0.3625,0.5412,-0.1787,L2
震荡-1买,MACD底背离 + BOLL触下轨反弹,1847,0.2352,0.3615,0.651,0.4342,0.5412,-0.107,L2
震荡-1买,MACD底背离 + BOLL开口扩张,2459,0.3012,0.4953,0.608,0.4176,0.5412,-0.1235,L2
震荡-1买,MACD底背离 + KDJ金叉态,2321,0.2842,0.4677,0.608,0.4175,0.5412,-0.1237,L2
震荡-1买,MACD底背离 + KDJ_J超卖,2518,0.2988,0.5185,0.576,0.4047,0.5412,-0.1365,L2
震荡-1买,MACD底背离 + KDJ低位金叉,1370,0.1716,0.2715,0.632,0.427,0.5412,-0.1142,L2
震荡-1买,MACD底背离 + KDJ_D小于30,2069,0.2501,0.4206,0.595,0.4123,0.5412,-0.1289,L2
震荡-1买,MACD底背离 + RSI6大于50,1298,0.1592,0.2612,0.61,0.4183,0.5412,-0.1228,L2
震荡-1买,MACD底背离 + RSI金叉,2256,0.278,0.4524,0.614,0.4202,0.5412,-0.121,L2
震荡-1买,MACD底背离 + RSI6超卖,2466,0.2985,0.5009,0.596,0.4128,0.5412,-0.1284,L2
震荡-1买,MACD底背离 + RSI底背离,1961,0.2343,0.4019,0.583,0.4074,0.5412,-0.1337,L2
震荡-1买,MACD底背离 + 威科夫得分大于4,131,0.0161,0.0263,0.614,0.4198,0.5412,-0.1213,L2
震荡-1买,MACD底背离 + 积累阶段,874,0.0848,0.2024,0.419,0.3307,0.5412,-0.2105,L2
震荡-1买,MACD底背离 + 黄金柱,112,0.0132,0.0232,0.569,0.4018,0.5412,-0.1394,L2
震荡-1买,MACD底背离 + 量能金叉,586,0.0821,0.1058,0.776,0.4778,0.5412,-0.0634,L2
震荡-1买,MACD底背离 + 六脉红灯大于5,1913,0.2349,0.3846,0.611,0.4187,0.5412,-0.1225,L2
震荡-1买,MACD底背离 + 六脉红灯大于6,1227,0.1531,0.2439,0.628,0.4254,0.5412,-0.1158,L2
震荡-1买,MACD底背离 + 六脉6红首发,1227,0.1531,0.2439,0.628,0.4254,0.5412,-0.1158,L2
震荡-1买,MACD底背离 + 六脉5红首发,1913,0.2349,0.3846,0.611,0.4187,0.5412,-0.1225,L2
震荡-1买,MACD底背离 + 偏多共振,77,0.0123,0.0121,1.017,0.5455,0.5412,0.0043,L2
震荡-1买,MACD底背离 + 多头共振,77,0.0123,0.0121,1.017,0.5455,0.5412,0.0043,L2
震荡-1买,MACD底背离 + 火箭信号,189,0.0293,0.0308,0.953,0.5291,0.5412,-0.0121,L2
震荡-1买,MACD底背离 + 极限抄底,168,0.0284,0.0246,1.158,0.5774,0.5412,0.0362,L2
震荡-1买,MACD底背离 + 中枢进机会区,1023,0.1214,0.2107,0.576,0.4047,0.5412,-0.1365,L2
震荡-1买,MACD底背离 + 中枢极限底,1662,0.1965,0.3431,0.573,0.4031,0.5412,-0.1381,L2
震荡-1买,MACD底背离 + 中枢上穿中轴,357,0.0484,0.0664,0.729,0.4622,0.5412,-0.079,L2
震荡-1买,MACD底背离 + 中枢底部蓄力,2375,0.278,0.4936,0.563,0.3992,0.5412,-0.142,L2
震荡-1买,MACD底背离 + 中枢底部回升,2594,0.3129,0.5282,0.592,0.4113,0.5412,-0.1299,L2
震荡-1买,MACD底背离 + 大盘多头,577,0.0484,0.1425,0.34,0.286,0.5412,-0.2552,L2
震荡-1买,MACD底背离 + 大盘空头,1279,0.1554,0.2591,0.6,0.4144,0.5412,-0.1268,L2
震荡-1买,MACD底背离 + 大盘安全,1715,0.195,0.3632,0.537,0.3878,0.5412,-0.1534,L2
震荡-1买,MACD底背离 + SID等于1,577,0.0484,0.1425,0.34,0.286,0.5412,-0.2552,L2
震荡-1买,MACD底背离 + SID等于2,2649,0.3188,0.5403,0.59,0.4103,0.5412,-0.1308,L2
震荡-1买,MACD底背离 + SID小于等于2,2649,0.3188,0.5403,0.59,0.4103,0.5412,-0.1308,L2
震荡-1买,MACD底背离 + 大盘5日上涨,1964,0.2293,0.4089,0.561,0.3982,0.5412,-0.143,L2
震荡-1买,MACD底背离 + 相对强弱大于0,967,0.1167,0.1968,0.593,0.4116,0.5412,-0.1296,L2
震荡-1买,MACD底背离 + 相对强弱大于5,212,0.0276,0.0408,0.675,0.4434,0.5412,-0.0978,L2
震荡-1买,MACD底背离 + 量比>=1.3,662,0.1021,0.1086,0.94,0.5257,0.5412,-0.0155,L2
震荡-1买,MACD底背离 + 量比>=2,121,0.0185,0.0201,0.921,0.5207,0.5412,-0.0205,L2
震荡-1买,MACD底背离 + 距前高<=10%,96,0.0094,0.0221,0.424,0.3333,0.5412,-0.2079,L2
震荡-1买,MACD底背离 + 深跌(距前高>40%),153,0.0255,0.0228,1.118,0.5686,0.5412,0.0274,L2
震荡-1买,MACD底背离 + 距前低<=10%,2324,0.2592,0.4981,0.52,0.3804,0.5412,-0.1608,L2
震荡-1买,MACD底背离 + 相对强弱>=0,190,0.0223,0.0394,0.565,0.4,0.5412,-0.1412,L2
震荡-1买,BOLL收上中轨 + BOLL突破上轨,152,0.0191,0.0301,0.633,0.4276,0.5412,-0.1136,L2
震荡-1买,BOLL收上中轨 + BOLL触下轨反弹,976,0.1328,0.1809,0.734,0.4641,0.5412,-0.077,L2
震荡-1买,BOLL收上中轨 + BOLL开口扩张,1172,0.1595,0.2172,0.734,0.4642,0.5412,-0.077,L2
震荡-1买,BOLL收上中轨 + KDJ金叉态,1223,0.1622,0.2318,0.7,0.4522,0.5412,-0.089,L2
震荡-1买,BOLL收上中轨 + KDJ_J超卖,1109,0.1425,0.2155,0.661,0.4382,0.5412,-0.103,L2
震荡-1买,BOLL收上中轨 + KDJ低位金叉,312,0.0455,0.0543,0.837,0.4968,0.5412,-0.0444,L2
震荡-1买,BOLL收上中轨 + KDJ_D小于30,704,0.0971,0.129,0.752,0.4702,0.5412,-0.071,L2
震荡-1买,BOLL收上中轨 + RSI6大于50,1255,0.1666,0.2376,0.701,0.4526,0.5412,-0.0886,L2
震荡-1买,BOLL收上中轨 + RSI金叉,1232,0.1625,0.2345,0.693,0.4497,0.5412,-0.0915,L2
震荡-1买,BOLL收上中轨 + RSI6超卖,1010,0.1352,0.1899,0.712,0.4564,0.5412,-0.0847,L2
震荡-1买,BOLL收上中轨 + RSI底背离,667,0.0836,0.1321,0.633,0.4273,0.5412,-0.1139,L2
震荡-1买,BOLL收上中轨 + 威科夫得分大于4,171,0.022,0.0332,0.662,0.4386,0.5412,-0.1026,L2
震荡-1买,BOLL收上中轨 + 威科夫得分大于7,79,0.0117,0.0135,0.87,0.5063,0.5412,-0.0349,L2
震荡-1买,BOLL收上中轨 + 积累阶段,539,0.0554,0.1211,0.458,0.3506,0.5412,-0.1905,L2
震荡-1买,BOLL收上中轨 + 黄金柱,127,0.0161,0.0249,0.648,0.4331,0.5412,-0.1081,L2
震荡-1买,BOLL收上中轨 + 量能金叉,496,0.066,0.0937,0.704,0.4536,0.5412,-0.0876,L2
震荡-1买,BOLL收上中轨 + 六脉红灯大于5,1210,0.1607,0.229,0.702,0.4529,0.5412,-0.0883,L2
震荡-1买,BOLL收上中轨 + 六脉红灯大于6,1179,0.1563,0.2235,0.7,0.4521,0.5412,-0.0891,L2
震荡-1买,BOLL收上中轨 + 六脉6红首发,1179,0.1563,0.2235,0.7,0.4521,0.5412,-0.0891,L2
震荡-1买,BOLL收上中轨 + 六脉5红首发,1210,0.1607,0.229,0.702,0.4529,0.5412,-0.0883,L2
震荡-1买,BOLL收上中轨 + 偏多共振,96,0.0114,0.0197,0.58,0.4062,0.5412,-0.1349,L2
震荡-1买,BOLL收上中轨 + 多头共振,96,0.0114,0.0197,0.58,0.4062,0.5412,-0.1349,L2
震荡-1买,BOLL收上中轨 + 火箭信号,268,0.0416,0.0436,0.955,0.5299,0.5412,-0.0113,L2
震荡-1买,BOLL收上中轨 + 中枢进机会区,630,0.0853,0.1173,0.728,0.4619,0.5412,-0.0793,L2
震荡-1买,BOLL收上中轨 + 中枢极限底,597,0.0777,0.1148,0.677,0.4439,0.5412,-0.0973,L2
震荡-1买,BOLL收上中轨 + 中枢上穿中轴,750,0.1091,0.1308,0.834,0.496,0.5412,-0.0452,L2
震荡-1买,BOLL收上中轨 + 中枢底部蓄力,867,0.1085,0.1719,0.631,0.4268,0.5412,-0.1144,L2
震荡-1买,BOLL收上中轨 + 中枢底部回升,1161,0.1516,0.2228,0.681,0.4453,0.5412,-0.0959,L2
震荡-1买,BOLL收上中轨 + 大盘多头,284,0.0264,0.0671,0.393,0.3169,0.5412,-0.2243,L2
震荡-1买,BOLL收上中轨 + 大盘空头,648,0.0897,0.1183,0.759,0.4722,0.5412,-0.069,L2
震荡-1买,BOLL收上中轨 + 大盘安全,932,0.1161,0.1854,0.626,0.4249,0.5412,-0.1163,L2
震荡-1买,BOLL收上中轨 + SID等于1,284,0.0264,0.0671,0.393,0.3169,0.5412,-0.2243,L2
震荡-1买,BOLL收上中轨 + SID等于2,1280,0.1689,0.2435,0.694,0.45,0.5412,-0.0912,L2
震荡-1买,BOLL收上中轨 + SID小于等于2,1280,0.1689,0.2435,0.694,0.45,0.5412,-0.0912,L2
震荡-1买,BOLL收上中轨 + 大盘5日上涨,1002,0.1258,0.1982,0.635,0.4281,0.5412,-0.113,L2
震荡-1买,BOLL收上中轨 + 相对强弱大于0,1020,0.1352,0.1934,0.699,0.452,0.5412,-0.0892,L2
震荡-1买,BOLL收上中轨 + 相对强弱大于5,373,0.0551,0.064,0.862,0.504,0.5412,-0.0372,L2
震荡-1买,BOLL收上中轨 + 量比>=1.3,425,0.0669,0.0681,0.981,0.5365,0.5412,-0.0047,L2
震荡-1买,BOLL收上中轨 + 量比>=2,112,0.0167,0.019,0.879,0.5089,0.5412,-0.0323,L2
震荡-1买,BOLL收上中轨 + 距前高<=10%,145,0.0199,0.0266,0.749,0.469,0.5412,-0.0722,L2
震荡-1买,BOLL收上中轨 + 距前低<=10%,1111,0.1446,0.2138,0.676,0.4437,0.5412,-0.0974,L2
震荡-1买,BOLL收上中轨 + 相对强弱>=0,267,0.0375,0.0481,0.781,0.4794,0.5412,-0.0618,L2
震荡-1买,BOLL突破上轨 + BOLL触下轨反弹,119,0.0152,0.0232,0.658,0.437,0.5412,-0.1042,L2
震荡-1买,BOLL突破上轨 + BOLL开口扩张,151,0.0191,0.0297,0.641,0.4305,0.5412,-0.1107,L2
震荡-1买,BOLL突破上轨 + KDJ金叉态,152,0.0191,0.0301,0.633,0.4276,0.5412,-0.1136,L2
震荡-1买,BOLL突破上轨 + KDJ_J超卖,118,0.0138,0.0246,0.561,0.3983,0.5412,-0.1429,L2
震荡-1买,BOLL突破上轨 + KDJ_D小于30,67,0.0094,0.0121,0.775,0.4776,0.5412,-0.0636,L2
震荡-1买,BOLL突破上轨 + RSI6大于50,152,0.0191,0.0301,0.633,0.4276,0.5412,-0.1136,L2
震荡-1买,BOLL突破上轨 + RSI金叉,151,0.0188,0.0301,0.624,0.4238,0.5412,-0.1173,L2
震荡-1买,BOLL突破上轨 + RSI6超卖,96,0.0114,0.0197,0.58,0.4062,0.5412,-0.1349,L2
震荡-1买,BOLL突破上轨 + RSI底背离,75,0.0076,0.0169,0.45,0.3467,0.5412,-0.1945,L2
震荡-1买,BOLL突破上轨 + 威科夫得分大于4,51,0.007,0.0093,0.754,0.4706,0.5412,-0.0706,L2
震荡-1买,BOLL突破上轨 + 积累阶段,66,0.0067,0.0149,0.453,0.3485,0.5412,-0.1927,L2
震荡-1买,BOLL突破上轨 + 量能金叉,100,0.0126,0.0197,0.64,0.43,0.5412,-0.1112,L2
震荡-1买,BOLL突破上轨 + 六脉红灯大于5,152,0.0191,0.0301,0.633,0.4276,0.5412,-0.1136,L2
震荡-1买,BOLL突破上轨 + 六脉红灯大于6,152,0.0191,0.0301,0.633,0.4276,0.5412,-0.1136,L2
震荡-1买,BOLL突破上轨 + 六脉6红首发,152,0.0191,0.0301,0.633,0.4276,0.5412,-0.1136,L2
震荡-1买,BOLL突破上轨 + 六脉5红首发,152,0.0191,0.0301,0.633,0.4276,0.5412,-0.1136,L2
震荡-1买,BOLL突破上轨 + 火箭信号,75,0.0114,0.0125,0.918,0.52,0.5412,-0.0212,L2
震荡-1买,BOLL突破上轨 + 中枢进机会区,76,0.0088,0.0159,0.553,0.3947,0.5412,-0.1464,L2
震荡-1买,BOLL突破上轨 + 中枢极限底,64,0.007,0.0138,0.509,0.375,0.5412,-0.1662,L2
震荡-1买,BOLL突破上轨 + 中枢上穿中轴,144,0.0185,0.028,0.659,0.4375,0.5412,-0.1037,L2
震荡-1买,BOLL突破上轨 + 中枢底部蓄力,85,0.0088,0.019,0.462,0.3529,0.5412,-0.1882,L2
震荡-1买,BOLL突破上轨 + 中枢底部回升,134,0.0161,0.0273,0.59,0.4104,0.5412,-0.1307,L2
震荡-1买,BOLL突破上轨 + 大盘空头,69,0.0079,0.0145,0.545,0.3913,0.5412,-0.1499,L2
震荡-1买,BOLL突破上轨 + 大盘安全,114,0.0123,0.0249,0.495,0.3684,0.5412,-0.1728,L2
震荡-1买,BOLL突破上轨 + SID等于2,152,0.0191,0.0301,0.633,0.4276,0.5412,-0.1136,L2
震荡-1买,BOLL突破上轨 + SID小于等于2,152,0.0191,0.0301,0.633,0.4276,0.5412,-0.1136,L2
震荡-1买,BOLL突破上轨 + 大盘5日上涨,120,0.0129,0.0263,0.491,0.3667,0.5412,-0.1745,L2
震荡-1买,BOLL突破上轨 + 相对强弱大于0,150,0.0188,0.0297,0.631,0.4267,0.5412,-0.1145,L2
震荡-1买,BOLL突破上轨 + 相对强弱大于5,121,0.0161,0.0228,0.707,0.4545,0.5412,-0.0866,L2
震荡-1买,BOLL突破上轨 + 量比>=1.3,66,0.0094,0.0118,0.798,0.4848,0.5412,-0.0563,L2
震荡-1买,BOLL突破上轨 + 距前低<=10%,130,0.0155,0.0266,0.584,0.4077,0.5412,-0.1335,L2
震荡-1买,BOLL突破上轨 + 相对强弱>=0,51,0.0079,0.0083,0.954,0.5294,0.5412,-0.0118,L2
震荡-1买,BOLL触下轨反弹 + BOLL开口扩张,4508,0.7396,0.687,1.077,0.5594,0.5412,0.0183,L2
震荡-1买,BOLL触下轨反弹 + KDJ金叉态,4054,0.678,0.6026,1.125,0.5703,0.5412,0.0291,L2
震荡-1买,BOLL触下轨反弹 + KDJ_J超卖,4370,0.7067,0.678,1.042,0.5515,0.5412,0.0103,L2
震荡-1买,BOLL触下轨反弹 + KDJ低位金叉,2550,0.4425,0.3601,1.229,0.5918,0.5412,0.0506,L2
震荡-1买,BOLL触下轨反弹 + KDJ_D小于30,3586,0.5906,0.5438,1.086,0.5616,0.5412,0.0204,L2
震荡-1买,BOLL触下轨反弹 + RSI6大于50,1832,0.2762,0.3079,0.897,0.5142,0.5412,-0.027,L2
震荡-1买,BOLL触下轨反弹 + RSI金叉,3654,0.5985,0.5579,1.073,0.5586,0.5412,0.0174,L2
震荡-1买,BOLL触下轨反弹 + RSI6超卖,4351,0.7135,0.6634,1.075,0.5592,0.5412,0.018,L2
震荡-1买,BOLL触下轨反弹 + RSI底背离,1938,0.2801,0.34,0.824,0.4928,0.5412,-0.0484,L2
震荡-1买,BOLL触下轨反弹 + 威科夫得分大于4,254,0.0372,0.0439,0.848,0.5,0.5412,-0.0412,L2
震荡-1买,BOLL触下轨反弹 + 威科夫得分大于7,91,0.015,0.0138,1.081,0.5604,0.5412,0.0193,L2
震荡-1买,BOLL触下轨反弹 + 积累阶段,1127,0.1258,0.2414,0.521,0.3807,0.5412,-0.1605,L2
震荡-1买,BOLL触下轨反弹 + 黄金柱,77,0.0109,0.0138,0.784,0.4805,0.5412,-0.0607,L2
震荡-1买,BOLL触下轨反弹 + 量能金叉,1310,0.2378,0.1726,1.378,0.6191,0.5412,0.0779,L2
震荡-1买,BOLL触下轨反弹 + 六脉红灯大于5,2733,0.4361,0.431,1.012,0.5441,0.5412,0.0029,L2
震荡-1买,BOLL触下轨反弹 + 六脉红灯大于6,1672,0.2519,0.2812,0.896,0.5138,0.5412,-0.0274,L2
震荡-1买,BOLL触下轨反弹 + 六脉6红首发,1672,0.2519,0.2812,0.896,0.5138,0.5412,-0.0274,L2
震荡-1买,BOLL触下轨反弹 + 六脉5红首发,2733,0.4361,0.431,1.012,0.5441,0.5412,0.0029,L2
震荡-1买,BOLL触下轨反弹 + 偏多共振,261,0.0481,0.0336,1.433,0.6284,0.5412,0.0872,L2
震荡-1买,BOLL触下轨反弹 + 多头共振,260,0.0478,0.0336,1.425,0.6269,0.5412,0.0857,L2
震荡-1买,BOLL触下轨反弹 + 火箭信号,392,0.0748,0.0474,1.578,0.6505,0.5412,0.1093,L2
震荡-1买,BOLL触下轨反弹 + 极限抄底,472,0.1026,0.0422,2.432,0.7415,0.5412,0.2003,L2
震荡-1买,BOLL触下轨反弹 + 中枢进机会区,2125,0.3566,0.3144,1.134,0.5722,0.5412,0.0311,L2
震荡-1买,BOLL触下轨反弹 + 中枢极限底,2756,0.4642,0.4057,1.144,0.5744,0.5412,0.0332,L2
震荡-1买,BOLL触下轨反弹 + 中枢上穿中轴,825,0.1381,0.1224,1.128,0.5709,0.5412,0.0297,L2
震荡-1买,BOLL触下轨反弹 + 中枢底部蓄力,3574,0.551,0.5863,0.94,0.5257,0.5412,-0.0154,L2
震荡-1买,BOLL触下轨反弹 + 中枢底部回升,4424,0.7194,0.6818,1.055,0.5545,0.5412,0.0133,L2
震荡-1买,BOLL触下轨反弹 + 大盘多头,717,0.073,0.1619,0.451,0.3473,0.5412,-0.1939,L2
震荡-1买,BOLL触下轨反弹 + 大盘空头,2009,0.3059,0.3341,0.915,0.5192,0.5412,-0.022,L2
震荡-1买,BOLL触下轨反弹 + 大盘安全,2459,0.3578,0.4286,0.835,0.4961,0.5412,-0.045,L2
震荡-1买,BOLL触下轨反弹 + SID等于1,717,0.073,0.1619,0.451,0.3473,0.5412,-0.1939,L2
震荡-1买,BOLL触下轨反弹 + SID等于2,4619,0.7499,0.7132,1.051,0.5536,0.5412,0.0124,L2
震荡-1买,BOLL触下轨反弹 + SID小于等于2,4619,0.7499,0.7132,1.051,0.5536,0.5412,0.0124,L2
震荡-1买,BOLL触下轨反弹 + 大盘5日上涨,2745,0.395,0.4836,0.817,0.4907,0.5412,-0.0505,L2
震荡-1买,BOLL触下轨反弹 + 相对强弱大于0,1337,0.1891,0.2394,0.79,0.4824,0.5412,-0.0588,L2
震荡-1买,BOLL触下轨反弹 + 相对强弱大于5,310,0.0487,0.0498,0.977,0.5355,0.5412,-0.0057,L2
震荡-1买,BOLL触下轨反弹 + 量比>=1.3,1562,0.3067,0.1785,1.719,0.6697,0.5412,0.1285,L2
震荡-1买,BOLL触下轨反弹 + 量比>=2,236,0.0416,0.0325,1.281,0.6017,0.5412,0.0605,L2
震荡-1买,BOLL触下轨反弹 + 距前高<=10%,241,0.0331,0.0443,0.748,0.4689,0.5412,-0.0723,L2
震荡-1买,BOLL触下轨反弹 + 深跌(距前高>40%),340,0.0751,0.0291,2.584,0.7529,0.5412,0.2118,L2
震荡-1买,BOLL触下轨反弹 + 距前低<=10%,3518,0.4997,0.6275,0.796,0.4844,0.5412,-0.0568,L2
震荡-1买,BOLL触下轨反弹 + 相对强弱>=0,354,0.0525,0.0605,0.867,0.5056,0.5412,-0.0355,L2
震荡-1买,BOLL开口扩张 + KDJ金叉态,5239,0.8657,0.7911,1.094,0.5635,0.5412,0.0223,L2
震荡-1买,BOLL开口扩张 + KDJ_J超卖,5766,0.9252,0.9031,1.024,0.5472,0.5412,0.006,L2
震荡-1买,BOLL开口扩张 + KDJ低位金叉,3425,0.5792,0.5016,1.155,0.5766,0.5412,0.0355,L2
震荡-1买,BOLL开口扩张 + KDJ_D小于30,4818,0.7751,0.7523,1.03,0.5486,0.5412,0.0074,L2
震荡-1买,BOLL开口扩张 + RSI6大于50,2269,0.3279,0.3981,0.823,0.4927,0.5412,-0.0485,L2
震荡-1买,BOLL开口扩张 + RSI金叉,4577,0.7261,0.7267,0.999,0.541,0.5412,-0.0002,L2
震荡-1买,BOLL开口扩张 + RSI6超卖,5682,0.9261,0.8731,1.061,0.5558,0.5412,0.0146,L2
震荡-1买,BOLL开口扩张 + RSI底背离,2517,0.3457,0.4628,0.747,0.4684,0.5412,-0.0728,L2
震荡-1买,BOLL开口扩张 + 威科夫得分大于4,336,0.0504,0.0567,0.889,0.5119,0.5412,-0.0293,L2
震荡-1买,BOLL开口扩张 + 威科夫得分大于7,112,0.0185,0.0169,1.09,0.5625,0.5412,0.0213,L2
震荡-1买,BOLL开口扩张 + 积累阶段,1336,0.149,0.2864,0.52,0.3802,0.5412,-0.1609,L2
震荡-1买,BOLL开口扩张 + 黄金柱,143,0.0185,0.0277,0.668,0.4406,0.5412,-0.1006,L2
震荡-1买,BOLL开口扩张 + 量能金叉,1671,0.31,0.2124,1.459,0.6326,0.5412,0.0914,L2
震荡-1买,BOLL开口扩张 + 六脉红灯大于5,3440,0.5217,0.5745,0.908,0.5172,0.5412,-0.024,L2
震荡-1买,BOLL开口扩张 + 六脉红灯大于6,2053,0.2988,0.3577,0.836,0.4963,0.5412,-0.0448,L2
震荡-1买,BOLL开口扩张 + 六脉6红首发,2053,0.2988,0.3577,0.836,0.4963,0.5412,-0.0448,L2
震荡-1买,BOLL开口扩张 + 六脉5红首发,3440,0.5217,0.5745,0.908,0.5172,0.5412,-0.024,L2
震荡-1买,BOLL开口扩张 + 偏多共振,390,0.0754,0.046,1.638,0.659,0.5412,0.1178,L2
震荡-1买,BOLL开口扩张 + 多头共振,389,0.0751,0.046,1.632,0.6581,0.5412,0.1169,L2
震荡-1买,BOLL开口扩张 + 火箭信号,496,0.0927,0.0623,1.488,0.6371,0.5412,0.0959,L2
震荡-1买,BOLL开口扩张 + 二连板,56,0.0117,0.0055,2.12,0.7143,0.5412,0.1731,L2
震荡-1买,BOLL开口扩张 + 极限抄底,798,0.1801,0.0636,2.829,0.7694,0.5412,0.2282,L2
震荡-1买,BOLL开口扩张 + 中枢进机会区,2813,0.4768,0.4106,1.161,0.578,0.5412,0.0368,L2
震荡-1买,BOLL开口扩张 + 中枢极限底,3742,0.6264,0.5555,1.128,0.5708,0.5412,0.0296,L2
震荡-1买,BOLL开口扩张 + 中枢上穿中轴,964,0.1572,0.148,1.062,0.556,0.5412,0.0148,L2
震荡-1买,BOLL开口扩张 + 中枢底部蓄力,4699,0.7067,0.7918,0.893,0.5129,0.5412,-0.0283,L2
震荡-1买,BOLL开口扩张 + 中枢底部回升,5811,0.9402,0.9011,1.043,0.5517,0.5412,0.0105,L2
震荡-1买,BOLL开口扩张 + 大盘多头,1008,0.1038,0.2262,0.459,0.3512,0.5412,-0.19,L2
震荡-1买,BOLL开口扩张 + 大盘空头,2428,0.3537,0.4227,0.837,0.4967,0.5412,-0.0445,L2
震荡-1买,BOLL开口扩张 + 大盘安全,3110,0.4346,0.5631,0.772,0.4765,0.5412,-0.0647,L2
震荡-1买,BOLL开口扩张 + SID等于1,1008,0.1038,0.2262,0.459,0.3512,0.5412,-0.19,L2
震荡-1买,BOLL开口扩张 + SID等于2,6061,0.9774,0.9436,1.036,0.5499,0.5412,0.0087,L2
震荡-1买,BOLL开口扩张 + SID小于等于2,6061,0.9774,0.9436,1.036,0.5499,0.5412,0.0087,L2
震荡-1买,BOLL开口扩张 + 大盘5日上涨,3570,0.4927,0.6538,0.754,0.4706,0.5412,-0.0706,L2
震荡-1买,BOLL开口扩张 + 相对强弱大于0,1662,0.2337,0.2992,0.781,0.4795,0.5412,-0.0616,L2
震荡-1买,BOLL开口扩张 + 相对强弱大于5,407,0.0625,0.0671,0.931,0.5233,0.5412,-0.0178,L2
震荡-1买,BOLL开口扩张 + 量比>=1.3,1914,0.3795,0.2145,1.769,0.6761,0.5412,0.1349,L2
震荡-1买,BOLL开口扩张 + 量比>=2,284,0.0501,0.0391,1.283,0.6021,0.5412,0.0609,L2
震荡-1买,BOLL开口扩张 + 距前高<=10%,270,0.039,0.0474,0.823,0.4926,0.5412,-0.0486,L2
震荡-1买,BOLL开口扩张 + 深跌(距前高>40%),445,0.095,0.0419,2.27,0.7281,0.5412,0.1869,L2
震荡-1买,BOLL开口扩张 + 距前低<=10%,4717,0.6739,0.8367,0.805,0.4872,0.5412,-0.054,L2
震荡-1买,BOLL开口扩张 + 相对强弱>=0,398,0.0575,0.0699,0.823,0.4925,0.5412,-0.0487,L2
震荡-1买,KDJ金叉态 + KDJ_J超卖,5133,0.8305,0.7959,1.043,0.5517,0.5412,0.0105,L2
震荡-1买,KDJ金叉态 + KDJ低位金叉,3521,0.5891,0.523,1.126,0.5706,0.5412,0.0294,L2
震荡-1买,KDJ金叉态 + KDJ_D小于30,4486,0.7352,0.6845,1.074,0.5588,0.5412,0.0177,L2
震荡-1买,KDJ金叉态 + RSI6大于50,2382,0.3378,0.4255,0.794,0.4836,0.5412,-0.0576,L2
震荡-1买,KDJ金叉态 + RSI金叉,4566,0.7182,0.7323,0.981,0.5364,0.5412,-0.0048,L2
震荡-1买,KDJ金叉态 + RSI6超卖,5081,0.8355,0.7721,1.082,0.5607,0.5412,0.0195,L2
震荡-1买,KDJ金叉态 + RSI底背离,2393,0.3273,0.4417,0.741,0.4664,0.5412,-0.0748,L2
震荡-1买,KDJ金叉态 + 威科夫得分大于4,203,0.0279,0.0374,0.746,0.468,0.5412,-0.0732,L2
震荡-1买,KDJ金叉态 + 威科夫得分大于7,72,0.0111,0.0118,0.948,0.5278,0.5412,-0.0134,L2
震荡-1买,KDJ金叉态 + 积累阶段,1230,0.1399,0.2605,0.537,0.3878,0.5412,-0.1534,L2
震荡-1买,KDJ金叉态 + 黄金柱,165,0.0205,0.0329,0.625,0.4242,0.5412,-0.1169,L2
震荡-1买,KDJ金叉态 + 量能金叉,1599,0.2977,0.202,1.473,0.6348,0.5412,0.0936,L2
震荡-1买,KDJ金叉态 + 六脉红灯大于5,3644,0.5405,0.623,0.868,0.5058,0.5412,-0.0354,L2
震荡-1买,KDJ金叉态 + 六脉红灯大于6,2205,0.3138,0.3926,0.799,0.4853,0.5412,-0.0559,L2
震荡-1买,KDJ金叉态 + 六脉6红首发,2205,0.3138,0.3926,0.799,0.4853,0.5412,-0.0559,L2
震荡-1买,KDJ金叉态 + 六脉5红首发,3644,0.5405,0.623,0.868,0.5058,0.5412,-0.0354,L2
震荡-1买,KDJ金叉态 + 偏多共振,229,0.0446,0.0266,1.674,0.6638,0.5412,0.1226,L2
震荡-1买,KDJ金叉态 + 多头共振,228,0.0443,0.0266,1.663,0.6623,0.5412,0.1211,L2
震荡-1买,KDJ金叉态 + 火箭信号,483,0.0912,0.0595,1.533,0.6439,0.5412,0.1027,L2
震荡-1买,KDJ金叉态 + 二连板,56,0.0117,0.0055,2.12,0.7143,0.5412,0.1731,L2
震荡-1买,KDJ金叉态 + 极限抄底,715,0.1633,0.0547,2.989,0.779,0.5412,0.2378,L2
震荡-1买,KDJ金叉态 + 中枢进机会区,2305,0.3974,0.3286,1.209,0.5879,0.5412,0.0467,L2
震荡-1买,KDJ金叉态 + 中枢极限底,3346,0.5674,0.4881,1.163,0.5783,0.5412,0.0371,L2
震荡-1买,KDJ金叉态 + 中枢上穿中轴,963,0.1566,0.1484,1.055,0.5545,0.5412,0.0133,L2
震荡-1买,KDJ金叉态 + 中枢底部蓄力,4365,0.6639,0.7267,0.914,0.5187,0.5412,-0.0225,L2
震荡-1买,KDJ金叉态 + 中枢底部回升,5283,0.8569,0.8167,1.049,0.5531,0.5412,0.0119,L2
震荡-1买,KDJ金叉态 + 大盘多头,858,0.0853,0.1961,0.435,0.3392,0.5412,-0.202,L2
震荡-1买,KDJ金叉态 + 大盘空头,2262,0.3381,0.3836,0.881,0.5097,0.5412,-0.0315,L2
震荡-1买,KDJ金叉态 + 大盘安全,2898,0.4076,0.5216,0.781,0.4796,0.5412,-0.0615,L2
震荡-1买,KDJ金叉态 + SID等于1,858,0.0853,0.1961,0.435,0.3392,0.5412,-0.202,L2
震荡-1买,KDJ金叉态 + SID等于2,5468,0.8862,0.8461,1.047,0.5527,0.5412,0.0115,L2
震荡-1买,KDJ金叉态 + SID小于等于2,5468,0.8862,0.8461,1.047,0.5527,0.5412,0.0115,L2
震荡-1买,KDJ金叉态 + 大盘5日上涨,3335,0.4642,0.606,0.766,0.4747,0.5412,-0.0665,L2
震荡-1买,KDJ金叉态 + 相对强弱大于0,1546,0.2103,0.2868,0.733,0.4638,0.5412,-0.0774,L2
震荡-1买,KDJ金叉态 + 相对强弱大于5,386,0.0575,0.0657,0.875,0.5078,0.5412,-0.0334,L2
震荡-1买,KDJ金叉态 + 量比>=1.3,1878,0.3701,0.2131,1.737,0.672,0.5412,0.1308,L2
震荡-1买,KDJ金叉态 + 量比>=2,271,0.049,0.036,1.361,0.6162,0.5412,0.0751,L2
震荡-1买,KDJ金叉态 + 距前高<=10%,240,0.0337,0.0432,0.78,0.4792,0.5412,-0.062,L2
震荡-1买,KDJ金叉态 + 深跌(距前高>40%),414,0.0894,0.0377,2.372,0.7367,0.5412,0.1955,L2
震荡-1买,KDJ金叉态 + 距前低<=10%,4232,0.6059,0.7492,0.809,0.4882,0.5412,-0.053,L2
震荡-1买,KDJ金叉态 + 相对强弱>=0,365,0.0513,0.0657,0.781,0.4795,0.5412,-0.0617,L2
震荡-1买,KDJ_J超卖 + KDJ低位金叉,3474,0.5806,0.5168,1.124,0.5699,0.5412,0.0288,L2
震荡-1买,KDJ_J超卖 + KDJ_D小于30,4850,0.7689,0.7707,0.998,0.5406,0.5412,-0.0006,L2
震荡-1买,KDJ_J超卖 + RSI6大于50,2197,0.3073,0.3974,0.773,0.477,0.5412,-0.0642,L2
震荡-1买,KDJ_J超卖 + RSI金叉,4497,0.6974,0.733,0.951,0.5288,0.5412,-0.0124,L2
震荡-1买,KDJ_J超卖 + RSI6超卖,5661,0.9056,0.89,1.017,0.5455,0.5412,0.0043,L2
震荡-1买,KDJ_J超卖 + RSI底背离,2568,0.3434,0.4832,0.711,0.456,0.5412,-0.0852,L2
震荡-1买,KDJ_J超卖 + 威科夫得分大于4,294,0.0434,0.0505,0.859,0.5034,0.5412,-0.0378,L2
震荡-1买,KDJ_J超卖 + 威科夫得分大于7,86,0.0135,0.0138,0.975,0.5349,0.5412,-0.0063,L2
震荡-1买,KDJ_J超卖 + 积累阶段,1342,0.1457,0.2923,0.499,0.3703,0.5412,-0.1708,L2
震荡-1买,KDJ_J超卖 + 黄金柱,138,0.0164,0.0284,0.579,0.4058,0.5412,-0.1354,L2
震荡-1买,KDJ_J超卖 + 量能金叉,1574,0.29,0.2024,1.433,0.6283,0.5412,0.0872,L2
震荡-1买,KDJ_J超卖 + 六脉红灯大于5,3366,0.4953,0.5801,0.854,0.5018,0.5412,-0.0394,L2
震荡-1买,KDJ_J超卖 + 六脉红灯大于6,1976,0.278,0.3556,0.782,0.4798,0.5412,-0.0614,L2
震荡-1买,KDJ_J超卖 + 六脉6红首发,1976,0.278,0.3556,0.782,0.4798,0.5412,-0.0614,L2
震荡-1买,KDJ_J超卖 + 六脉5红首发,3366,0.4953,0.5801,0.854,0.5018,0.5412,-0.0394,L2
震荡-1买,KDJ_J超卖 + 偏多共振,373,0.0724,0.0436,1.662,0.6622,0.5412,0.121,L2
震荡-1买,KDJ_J超卖 + 多头共振,372,0.0721,0.0436,1.655,0.6613,0.5412,0.1201,L2
震荡-1买,KDJ_J超卖 + 火箭信号,486,0.0909,0.0609,1.493,0.6379,0.5412,0.0967,L2
震荡-1买,KDJ_J超卖 + 二连板,55,0.0117,0.0052,2.261,0.7273,0.5412,0.1861,L2
震荡-1买,KDJ_J超卖 + 极限抄底,801,0.1798,0.065,2.764,0.7653,0.5412,0.2241,L2
震荡-1买,KDJ_J超卖 + 中枢进机会区,2710,0.4528,0.4033,1.123,0.5697,0.5412,0.0286,L2
震荡-1买,KDJ_J超卖 + 中枢极限底,3826,0.6305,0.5797,1.088,0.5619,0.5412,0.0208,L2
震荡-1买,KDJ_J超卖 + 中枢上穿中轴,855,0.1375,0.1335,1.03,0.5485,0.5412,0.0074,L2
震荡-1买,KDJ_J超卖 + 中枢底部蓄力,4743,0.6982,0.817,0.855,0.502,0.5412,-0.0392,L2
震荡-1买,KDJ_J超卖 + 中枢底部回升,5781,0.9179,0.917,1.001,0.5414,0.5412,0.0002,L2
震荡-1买,KDJ_J超卖 + 大盘多头,1008,0.1006,0.23,0.437,0.3403,0.5412,-0.2009,L2
震荡-1买,KDJ_J超卖 + 大盘空头,2397,0.3416,0.4262,0.802,0.486,0.5412,-0.0552,L2
震荡-1买,KDJ_J超卖 + 大盘安全,3111,0.424,0.5759,0.736,0.4648,0.5412,-0.0764,L2
震荡-1买,KDJ_J超卖 + SID等于1,1008,0.1006,0.23,0.437,0.3403,0.5412,-0.2009,L2
震荡-1买,KDJ_J超卖 + SID等于2,5957,0.9419,0.9495,0.992,0.5392,0.5412,-0.002,L2
震荡-1买,KDJ_J超卖 + SID小于等于2,5957,0.9419,0.9495,0.992,0.5392,0.5412,-0.002,L2
震荡-1买,KDJ_J超卖 + 大盘5日上涨,3560,0.4792,0.6662,0.719,0.459,0.5412,-0.0822,L2
震荡-1买,KDJ_J超卖 + 相对强弱大于0,1555,0.2094,0.2909,0.72,0.4592,0.5412,-0.082,L2
震荡-1买,KDJ_J超卖 + 相对强弱大于5,333,0.0481,0.0585,0.823,0.4925,0.5412,-0.0487,L2
震荡-1买,KDJ_J超卖 + 量比>=1.3,1853,0.3636,0.212,1.715,0.6692,0.5412,0.128,L2
震荡-1买,KDJ_J超卖 + 量比>=2,266,0.0457,0.038,1.202,0.5865,0.5412,0.0453,L2
震荡-1买,KDJ_J超卖 + 距前高<=10%,232,0.0308,0.0439,0.701,0.4526,0.5412,-0.0886,L2
震荡-1买,KDJ_J超卖 + 深跌(距前高>40%),451,0.0947,0.0443,2.139,0.7162,0.5412,0.175,L2
震荡-1买,KDJ_J超卖 + 距前低<=10%,4665,0.6501,0.8468,0.768,0.4752,0.5412,-0.0659,L2
震荡-1买,KDJ_J超卖 + 相对强弱>=0,309,0.0393,0.0605,0.649,0.4337,0.5412,-0.1075,L2
震荡-1买,KDJ低位金叉 + KDJ_D小于30,3521,0.5891,0.523,1.126,0.5706,0.5412,0.0294,L2
震荡-1买,KDJ低位金叉 + RSI6大于50,1023,0.1543,0.1719,0.897,0.5142,0.5412,-0.027,L2
震荡-1买,KDJ低位金叉 + RSI金叉,2826,0.4651,0.4289,1.084,0.5612,0.5412,0.02,L2
震荡-1买,KDJ低位金叉 + RSI6超卖,3449,0.5783,0.5109,1.132,0.5718,0.5412,0.0306,L2
震荡-1买,KDJ低位金叉 + RSI底背离,1447,0.2023,0.2618,0.773,0.4768,0.5412,-0.0643,L2
震荡-1买,KDJ低位金叉 + 积累阶段,546,0.0677,0.109,0.622,0.4231,0.5412,-0.1181,L2
震荡-1买,KDJ低位金叉 + 黄金柱,58,0.0085,0.01,0.848,0.5,0.5412,-0.0412,L2
震荡-1买,KDJ低位金叉 + 量能金叉,925,0.1856,0.101,1.838,0.6843,0.5412,0.1431,L2
震荡-1买,KDJ低位金叉 + 六脉红灯大于5,2130,0.334,0.3428,0.974,0.5347,0.5412,-0.0064,L2
震荡-1买,KDJ低位金叉 + 六脉红灯大于6,966,0.1484,0.1591,0.933,0.5238,0.5412,-0.0174,L2
震荡-1买,KDJ低位金叉 + 六脉6红首发,966,0.1484,0.1591,0.933,0.5238,0.5412,-0.0174,L2
震荡-1买,KDJ低位金叉 + 六脉5红首发,2130,0.334,0.3428,0.974,0.5347,0.5412,-0.0064,L2
震荡-1买,KDJ低位金叉 + 偏多共振,91,0.0179,0.0104,1.724,0.6703,0.5412,0.1291,L2
震荡-1买,KDJ低位金叉 + 多头共振,91,0.0179,0.0104,1.724,0.6703,0.5412,0.1291,L2
震荡-1买,KDJ低位金叉 + 火箭信号,254,0.051,0.0277,1.844,0.685,0.5412,0.1439,L2
震荡-1买,KDJ低位金叉 + 极限抄底,664,0.1537,0.0484,3.173,0.7892,0.5412,0.248,L2
震荡-1买,KDJ低位金叉 + 中枢进机会区,1120,0.2044,0.1463,1.397,0.6223,0.5412,0.0811,L2
震荡-1买,KDJ低位金叉 + 中枢极限底,2309,0.4085,0.3168,1.289,0.6033,0.5412,0.0621,L2
震荡-1买,KDJ低位金叉 + 中枢上穿中轴,216,0.0361,0.0322,1.121,0.5694,0.5412,0.0283,L2
震荡-1买,KDJ低位金叉 + 中枢底部蓄力,3239,0.5232,0.5033,1.04,0.5508,0.5412,0.0096,L2
震荡-1买,KDJ低位金叉 + 中枢底部回升,3503,0.5868,0.5195,1.129,0.5712,0.5412,0.03,L2
震荡-1买,KDJ低位金叉 + 大盘多头,523,0.0563,0.1145,0.492,0.3671,0.5412,-0.1741,L2
震荡-1买,KDJ低位金叉 + 大盘空头,1388,0.2152,0.2262,0.952,0.5288,0.5412,-0.0124,L2
震荡-1买,KDJ低位金叉 + 大盘安全,1729,0.261,0.2902,0.899,0.5147,0.5412,-0.0264,L2
震荡-1买,KDJ低位金叉 + SID等于1,523,0.0563,0.1145,0.492,0.3671,0.5412,-0.1741,L2
震荡-1买,KDJ低位金叉 + SID等于2,3521,0.5891,0.523,1.126,0.5706,0.5412,0.0294,L2
震荡-1买,KDJ低位金叉 + SID小于等于2,3521,0.5891,0.523,1.126,0.5706,0.5412,0.0294,L2
震荡-1买,KDJ低位金叉 + 大盘5日上涨,2080,0.307,0.3573,0.859,0.5034,0.5412,-0.0378,L2
震荡-1买,KDJ低位金叉 + 相对强弱大于0,483,0.0619,0.0941,0.658,0.4369,0.5412,-0.1043,L2
震荡-1买,KDJ低位金叉 + 相对强弱大于5,82,0.0109,0.0156,0.697,0.4512,0.5412,-0.09,L2
震荡-1买,KDJ低位金叉 + 量比>=1.3,1272,0.2625,0.1304,2.013,0.7036,0.5412,0.1624,L2
震荡-1买,KDJ低位金叉 + 量比>=2,153,0.0299,0.0176,1.696,0.6667,0.5412,0.1255,L2
震荡-1买,KDJ低位金叉 + 距前高<=10%,56,0.0076,0.0104,0.735,0.4643,0.5412,-0.0769,L2
震荡-1买,KDJ低位金叉 + 深跌(距前高>40%),387,0.0856,0.0329,2.606,0.7545,0.5412,0.2133,L2
震荡-1买,KDJ低位金叉 + 距前低<=10%,2667,0.3883,0.4645,0.836,0.4964,0.5412,-0.0447,L2
震荡-1买,KDJ_D小于30 + RSI6大于50,1719,0.2501,0.2996,0.835,0.4962,0.5412,-0.045,L2
震荡-1买,KDJ_D小于30 + RSI金叉,3827,0.6082,0.6064,1.003,0.5419,0.5412,0.0008,L2
震荡-1买,KDJ_D小于30 + RSI6超卖,4784,0.7645,0.753,1.015,0.5449,0.5412,0.0038,L2
震荡-1买,KDJ_D小于30 + RSI底背离,2166,0.2941,0.4023,0.731,0.4631,0.5412,-0.0781,L2
震荡-1买,KDJ_D小于30 + 威科夫得分大于4,117,0.0155,0.0221,0.702,0.453,0.5412,-0.0882,L2
震荡-1买,KDJ_D小于30 + 积累阶段,1010,0.115,0.2138,0.538,0.3881,0.5412,-0.1531,L2
震荡-1买,KDJ_D小于30 + 黄金柱,123,0.0155,0.0242,0.642,0.4309,0.5412,-0.1103,L2
震荡-1买,KDJ_D小于30 + 量能金叉,1340,0.2566,0.1608,1.595,0.653,0.5412,0.1118,L2
震荡-1买,KDJ_D小于30 + 六脉红灯大于5,2919,0.4425,0.4877,0.907,0.517,0.5412,-0.0242,L2
震荡-1买,KDJ_D小于30 + 六脉红灯大于6,1611,0.2349,0.2802,0.838,0.4972,0.5412,-0.044,L2
震荡-1买,KDJ_D小于30 + 六脉6红首发,1611,0.2349,0.2802,0.838,0.4972,0.5412,-0.044,L2
震荡-1买,KDJ_D小于30 + 六脉5红首发,2919,0.4425,0.4877,0.907,0.517,0.5412,-0.0242,L2
震荡-1买,KDJ_D小于30 + 偏多共振,202,0.0384,0.0246,1.564,0.6485,0.5412,0.1073,L2
震荡-1买,KDJ_D小于30 + 多头共振,202,0.0384,0.0246,1.564,0.6485,0.5412,0.1073,L2
震荡-1买,KDJ_D小于30 + 火箭信号,400,0.0774,0.047,1.646,0.66,0.5412,0.1188,L2
震荡-1买,KDJ_D小于30 + 极限抄底,757,0.1698,0.0616,2.758,0.7649,0.5412,0.2237,L2
震荡-1买,KDJ_D小于30 + 中枢进机会区,1926,0.3238,0.2843,1.139,0.5732,0.5412,0.032,L2
震荡-1买,KDJ_D小于30 + 中枢极限底,3278,0.5431,0.4933,1.101,0.565,0.5412,0.0238,L2
震荡-1买,KDJ_D小于30 + 中枢上穿中轴,514,0.0856,0.0768,1.115,0.5681,0.5412,0.0269,L2
震荡-1买,KDJ_D小于30 + 中枢底部蓄力,4438,0.6716,0.743,0.904,0.516,0.5412,-0.0252,L2
震荡-1买,KDJ_D小于30 + 中枢底部回升,4918,0.7824,0.7783,1.005,0.5425,0.5412,0.0013,L2
震荡-1买,KDJ_D小于30 + 大盘多头,842,0.0891,0.1861,0.479,0.361,0.5412,-0.1801,L2
震荡-1买,KDJ_D小于30 + 大盘空头,1999,0.2906,0.3487,0.834,0.4957,0.5412,-0.0454,L2
震荡-1买,KDJ_D小于30 + 大盘安全,2592,0.3663,0.4645,0.788,0.4819,0.5412,-0.0593,L2
震荡-1买,KDJ_D小于30 + SID等于1,842,0.0891,0.1861,0.479,0.361,0.5412,-0.1801,L2
震荡-1买,KDJ_D小于30 + SID等于2,4984,0.7915,0.7904,1.001,0.5415,0.5412,0.0003,L2
震荡-1买,KDJ_D小于30 + SID小于等于2,4984,0.7915,0.7904,1.001,0.5415,0.5412,0.0003,L2
震荡-1买,KDJ_D小于30 + 大盘5日上涨,3039,0.422,0.5534,0.762,0.4735,0.5412,-0.0677,L2
震荡-1买,KDJ_D小于30 + 相对强弱大于0,1002,0.1323,0.1906,0.694,0.4501,0.5412,-0.0911,L2
震荡-1买,KDJ_D小于30 + 相对强弱大于5,211,0.0314,0.036,0.872,0.5071,0.5412,-0.0341,L2
震荡-1买,KDJ_D小于30 + 量比>=1.3,1586,0.3191,0.1723,1.852,0.686,0.5412,0.1448,L2
震荡-1买,KDJ_D小于30 + 量比>=2,233,0.0422,0.0308,1.372,0.618,0.5412,0.0768,L2
震荡-1买,KDJ_D小于30 + 距前高<=10%,116,0.015,0.0225,0.665,0.4397,0.5412,-0.1015,L2
震荡-1买,KDJ_D小于30 + 深跌(距前高>40%),441,0.0935,0.0422,2.217,0.7234,0.5412,0.1822,L2
震荡-1买,KDJ_D小于30 + 距前低<=10%,3908,0.5431,0.7112,0.764,0.4739,0.5412,-0.0673,L2
震荡-1买,KDJ_D小于30 + 相对强弱>=0,159,0.0202,0.0311,0.65,0.434,0.5412,-0.1072,L2
震荡-1买,RSI6大于50 + RSI金叉,2401,0.3402,0.4293,0.792,0.4831,0.5412,-0.0581,L2
震荡-1买,RSI6大于50 + RSI6超卖,2097,0.3021,0.3691,0.818,0.4912,0.5412,-0.05,L2
震荡-1买,RSI6大于50 + RSI底背离,1339,0.1845,0.2456,0.751,0.4698,0.5412,-0.0714,L2
震荡-1买,RSI6大于50 + 威科夫得分大于4,180,0.0238,0.0342,0.694,0.45,0.5412,-0.0912,L2
震荡-1买,RSI6大于50 + 威科夫得分大于7,75,0.0111,0.0128,0.871,0.5067,0.5412,-0.0345,L2
震荡-1买,RSI6大于50 + 积累阶段,825,0.0856,0.1844,0.464,0.3539,0.5412,-0.1872,L2
震荡-1买,RSI6大于50 + 黄金柱,163,0.0205,0.0322,0.638,0.4294,0.5412,-0.1117,L2
震荡-1买,RSI6大于50 + 量能金叉,806,0.1217,0.1352,0.9,0.5149,0.5412,-0.0263,L2
震荡-1买,RSI6大于50 + 六脉红灯大于5,2352,0.334,0.4196,0.796,0.4843,0.5412,-0.0569,L2
震荡-1买,RSI6大于50 + 六脉红灯大于6,2177,0.3091,0.3884,0.796,0.4842,0.5412,-0.057,L2
震荡-1买,RSI6大于50 + 六脉6红首发,2177,0.3091,0.3884,0.796,0.4842,0.5412,-0.057,L2
震荡-1买,RSI6大于50 + 六脉5红首发,2352,0.334,0.4196,0.796,0.4843,0.5412,-0.0569,L2
震荡-1买,RSI6大于50 + 偏多共振,112,0.0152,0.0208,0.735,0.4643,0.5412,-0.0769,L2
震荡-1买,RSI6大于50 + 多头共振,112,0.0152,0.0208,0.735,0.4643,0.5412,-0.0769,L2
震荡-1买,RSI6大于50 + 火箭信号,396,0.0716,0.0526,1.361,0.6162,0.5412,0.075,L2
震荡-1买,RSI6大于50 + 二连板,52,0.0106,0.0055,1.908,0.6923,0.5412,0.1511,L2
震荡-1买,RSI6大于50 + 极限抄底,89,0.0179,0.0097,1.847,0.6854,0.5412,0.1442,L2
震荡-1买,RSI6大于50 + 中枢进机会区,1039,0.1472,0.1857,0.793,0.4832,0.5412,-0.058,L2
震荡-1买,RSI6大于50 + 中枢极限底,1322,0.1812,0.2435,0.744,0.4675,0.5412,-0.0737,L2
震荡-1买,RSI6大于50 + 中枢上穿中轴,930,0.1472,0.148,0.994,0.5398,0.5412,-0.0014,L2
震荡-1买,RSI6大于50 + 中枢底部蓄力,1885,0.2581,0.3476,0.742,0.4668,0.5412,-0.0743,L2
震荡-1买,RSI6大于50 + 中枢底部回升,2291,0.3223,0.4123,0.782,0.4797,0.5412,-0.0615,L2
震荡-1买,RSI6大于50 + 大盘多头,495,0.049,0.1135,0.432,0.3374,0.5412,-0.2038,L2
震荡-1买,RSI6大于50 + 大盘空头,1255,0.188,0.2124,0.885,0.5108,0.5412,-0.0304,L2
震荡-1买,RSI6大于50 + 大盘安全,1724,0.2343,0.32,0.732,0.4635,0.5412,-0.0777,L2
震荡-1买,RSI6大于50 + SID等于1,495,0.049,0.1135,0.432,0.3374,0.5412,-0.2038,L2
震荡-1买,RSI6大于50 + SID等于2,2437,0.3449,0.4362,0.791,0.4826,0.5412,-0.0586,L2
震荡-1买,RSI6大于50 + SID小于等于2,2437,0.3449,0.4362,0.791,0.4826,0.5412,-0.0586,L2
震荡-1买,RSI6大于50 + 大盘5日上涨,1917,0.2622,0.3539,0.741,0.4664,0.5412,-0.0748,L2
震荡-1买,RSI6大于50 + 相对强弱大于0,1350,0.1824,0.2518,0.724,0.4607,0.5412,-0.0804,L2
震荡-1买,RSI6大于50 + 相对强弱大于5,392,0.0581,0.0671,0.865,0.5051,0.5412,-0.0361,L2
震荡-1买,RSI6大于50 + 量比>=1.3,793,0.134,0.1162,1.153,0.5763,0.5412,0.0351,L2
震荡-1买,RSI6大于50 + 量比>=2,162,0.0267,0.0246,1.087,0.5617,0.5412,0.0205,L2
震荡-1买,RSI6大于50 + 距前高<=10%,194,0.0273,0.0349,0.781,0.4794,0.5412,-0.0618,L2
震荡-1买,RSI6大于50 + 深跌(距前高>40%),103,0.0194,0.0128,1.512,0.6408,0.5412,0.0996,L2
震荡-1买,RSI6大于50 + 距前低<=10%,2065,0.2765,0.3881,0.713,0.4567,0.5412,-0.0845,L2
震荡-1买,RSI6大于50 + 相对强弱>=0,339,0.0481,0.0605,0.795,0.4838,0.5412,-0.0574,L2
震荡-1买,RSI金叉 + RSI6超卖,4417,0.6977,0.7049,0.99,0.5386,0.5412,-0.0026,L2
震荡-1买,RSI金叉 + RSI底背离,2352,0.3255,0.4296,0.758,0.4719,0.5412,-0.0692,L2
震荡-1买,RSI金叉 + 威科夫得分大于4,205,0.0284,0.0374,0.761,0.4732,0.5412,-0.068,L2
震荡-1买,RSI金叉 + 威科夫得分大于7,74,0.0117,0.0118,0.997,0.5405,0.5412,-0.0006,L2
震荡-1买,RSI金叉 + 积累阶段,1187,0.1284,0.2591,0.496,0.369,0.5412,-0.1722,L2
震荡-1买,RSI金叉 + 黄金柱,164,0.0205,0.0325,0.631,0.4268,0.5412,-0.1144,L2
震荡-1买,RSI金叉 + 量能金叉,1394,0.251,0.1861,1.349,0.6141,0.5412,0.0729,L2
震荡-1买,RSI金叉 + 六脉红灯大于5,3592,0.5349,0.6116,0.875,0.5078,0.5412,-0.0334,L2
震荡-1买,RSI金叉 + 六脉红灯大于6,2186,0.3117,0.3884,0.803,0.4863,0.5412,-0.0549,L2
震荡-1买,RSI金叉 + 六脉6红首发,2186,0.3117,0.3884,0.803,0.4863,0.5412,-0.0549,L2
震荡-1买,RSI金叉 + 六脉5红首发,3592,0.5349,0.6116,0.875,0.5078,0.5412,-0.0334,L2
震荡-1买,RSI金叉 + 偏多共振,148,0.0226,0.0246,0.919,0.5203,0.5412,-0.0209,L2
震荡-1买,RSI金叉 + 多头共振,148,0.0226,0.0246,0.919,0.5203,0.5412,-0.0209,L2
震荡-1买,RSI金叉 + 火箭信号,492,0.0924,0.0612,1.509,0.6402,0.5412,0.0991,L2
震荡-1买,RSI金叉 + 二连板,56,0.0117,0.0055,2.12,0.7143,0.5412,0.1731,L2
震荡-1买,RSI金叉 + 极限抄底,512,0.1152,0.0412,2.8,0.7676,0.5412,0.2264,L2
震荡-1买,RSI金叉 + 中枢进机会区,1936,0.3062,0.3085,0.992,0.5393,0.5412,-0.0019,L2
震荡-1买,RSI金叉 + 中枢极限底,2864,0.456,0.4528,1.007,0.5429,0.5412,0.0018,L2
震荡-1买,RSI金叉 + 中枢上穿中轴,965,0.1566,0.1491,1.05,0.5534,0.5412,0.0122,L2
震荡-1买,RSI金叉 + 中枢底部蓄力,3937,0.5903,0.6655,0.887,0.5113,0.5412,-0.0299,L2
震荡-1买,RSI金叉 + 中枢底部回升,4635,0.7199,0.7541,0.955,0.5297,0.5412,-0.0115,L2
震荡-1买,RSI金叉 + 大盘多头,829,0.0848,0.1868,0.454,0.3486,0.5412,-0.1926,L2
震荡-1买,RSI金叉 + 大盘空头,2226,0.3381,0.3712,0.911,0.518,0.5412,-0.0232,L2
震荡-1买,RSI金叉 + 大盘安全,2865,0.4091,0.5085,0.805,0.4869,0.5412,-0.0543,L2
震荡-1买,RSI金叉 + SID等于1,829,0.0848,0.1868,0.454,0.3486,0.5412,-0.1926,L2
震荡-1买,RSI金叉 + SID等于2,4797,0.7472,0.7779,0.961,0.5312,0.5412,-0.01,L2
震荡-1买,RSI金叉 + SID小于等于2,4797,0.7472,0.7779,0.961,0.5312,0.5412,-0.01,L2
震荡-1买,RSI金叉 + 大盘5日上涨,3255,0.4619,0.5811,0.795,0.4839,0.5412,-0.0573,L2
震荡-1买,RSI金叉 + 相对强弱大于0,1546,0.2085,0.2888,0.722,0.4599,0.5412,-0.0813,L2
震荡-1买,RSI金叉 + 相对强弱大于5,389,0.0589,0.065,0.906,0.5167,0.5412,-0.0245,L2
震荡-1买,RSI金叉 + 量比>=1.3,1622,0.3129,0.192,1.63,0.6578,0.5412,0.1166,L2
震荡-1买,RSI金叉 + 量比>=2,249,0.0449,0.0332,1.351,0.6145,0.5412,0.0733,L2
震荡-1买,RSI金叉 + 距前高<=10%,232,0.0323,0.0422,0.764,0.4741,0.5412,-0.067,L2
震荡-1买,RSI金叉 + 深跌(距前高>40%),392,0.0853,0.0349,2.443,0.7423,0.5412,0.2012,L2
震荡-1买,RSI金叉 + 距前低<=10%,3794,0.5238,0.6946,0.754,0.4707,0.5412,-0.0704,L2
震荡-1买,RSI金叉 + 相对强弱>=0,380,0.0534,0.0685,0.779,0.4789,0.5412,-0.0622,L2
震荡-1买,RSI6超卖 + RSI底背离,2490,0.3381,0.4625,0.731,0.4631,0.5412,-0.0781,L2
震荡-1买,RSI6超卖 + 威科夫得分大于4,254,0.0399,0.0408,0.977,0.5354,0.5412,-0.0058,L2
震荡-1买,RSI6超卖 + 威科夫得分大于7,75,0.0126,0.0111,1.139,0.5733,0.5412,0.0321,L2
震荡-1买,RSI6超卖 + 积累阶段,1242,0.1355,0.2698,0.502,0.372,0.5412,-0.1692,L2
震荡-1买,RSI6超卖 + 黄金柱,127,0.0152,0.0259,0.588,0.4094,0.5412,-0.1317,L2
震荡-1买,RSI6超卖 + 量能金叉,1599,0.3003,0.1989,1.51,0.6404,0.5412,0.0992,L2
震荡-1买,RSI6超卖 + 六脉红灯大于5,3296,0.4956,0.5555,0.892,0.5127,0.5412,-0.0284,L2
震荡-1买,RSI6超卖 + 六脉红灯大于6,1901,0.276,0.3321,0.831,0.495,0.5412,-0.0462,L2
震荡-1买,RSI6超卖 + 六脉6红首发,1901,0.276,0.3321,0.831,0.495,0.5412,-0.0462,L2
震荡-1买,RSI6超卖 + 六脉5红首发,3296,0.4956,0.5555,0.892,0.5127,0.5412,-0.0284,L2
震荡-1买,RSI6超卖 + 偏多共振,351,0.0707,0.038,1.857,0.6866,0.5412,0.1454,L2
震荡-1买,RSI6超卖 + 多头共振,350,0.0704,0.038,1.85,0.6857,0.5412,0.1445,L2
震荡-1买,RSI6超卖 + 火箭信号,469,0.0894,0.0567,1.577,0.6503,0.5412,0.1091,L2
震荡-1买,RSI6超卖 + 二连板,53,0.0109,0.0055,1.961,0.6981,0.5412,0.1569,L2
震荡-1买,RSI6超卖 + 极限抄底,803,0.1804,0.065,2.773,0.7659,0.5412,0.2247,L2
震荡-1买,RSI6超卖 + 中枢进机会区,2671,0.4578,0.384,1.192,0.5844,0.5412,0.0432,L2
震荡-1买,RSI6超卖 + 中枢极限底,3752,0.6243,0.5614,1.112,0.5674,0.5412,0.0262,L2
震荡-1买,RSI6超卖 + 中枢上穿中轴,824,0.1367,0.1238,1.104,0.5655,0.5412,0.0244,L2
震荡-1买,RSI6超卖 + 中枢底部蓄力,4664,0.6968,0.7914,0.88,0.5094,0.5412,-0.0317,L2
震荡-1买,RSI6超卖 + 中枢底部回升,5689,0.9182,0.8848,1.038,0.5504,0.5412,0.0092,L2
震荡-1买,RSI6超卖 + 大盘多头,952,0.0968,0.2152,0.45,0.3466,0.5412,-0.1945,L2
震荡-1买,RSI6超卖 + 大盘空头,2317,0.3305,0.4116,0.803,0.4864,0.5412,-0.0548,L2
震荡-1买,RSI6超卖 + 大盘安全,2969,0.4085,0.5451,0.749,0.4692,0.5412,-0.072,L2
震荡-1买,RSI6超卖 + SID等于1,952,0.0968,0.2152,0.45,0.3466,0.5412,-0.1945,L2
震荡-1买,RSI6超卖 + SID等于2,5864,0.9425,0.9166,1.028,0.5481,0.5412,0.0069,L2
震荡-1买,RSI6超卖 + SID小于等于2,5864,0.9425,0.9166,1.028,0.5481,0.5412,0.0069,L2
震荡-1买,RSI6超卖 + 大盘5日上涨,3411,0.4636,0.633,0.732,0.4635,0.5412,-0.0777,L2
震荡-1买,RSI6超卖 + 相对强弱大于0,1493,0.21,0.2688,0.781,0.4796,0.5412,-0.0616,L2
震荡-1买,RSI6超卖 + 相对强弱大于5,318,0.0499,0.0512,0.974,0.5346,0.5412,-0.0066,L2
震荡-1买,RSI6超卖 + 量比>=1.3,1882,0.3713,0.2131,1.742,0.6727,0.5412,0.1315,L2
震荡-1买,RSI6超卖 + 量比>=2,268,0.0472,0.037,1.276,0.6007,0.5412,0.0596,L2
震荡-1买,RSI6超卖 + 距前高<=10%,233,0.032,0.0429,0.745,0.4678,0.5412,-0.0734,L2
震荡-1买,RSI6超卖 + 深跌(距前高>40%),449,0.0953,0.0429,2.222,0.7238,0.5412,0.1826,L2
震荡-1买,RSI6超卖 + 距前低<=10%,4587,0.6499,0.8201,0.792,0.4831,0.5412,-0.0581,L2
震荡-1买,RSI6超卖 + 相对强弱>=0,326,0.0463,0.0581,0.797,0.4847,0.5412,-0.0565,L2
震荡-1买,RSI底背离 + 威科夫得分大于4,90,0.0106,0.0187,0.565,0.4,0.5412,-0.1412,L2
震荡-1买,RSI底背离 + 积累阶段,749,0.0762,0.1691,0.451,0.3471,0.5412,-0.1941,L2
震荡-1买,RSI底背离 + 黄金柱,109,0.012,0.0235,0.511,0.3761,0.5412,-0.165,L2
震荡-1买,RSI底背离 + 量能金叉,594,0.0909,0.0982,0.925,0.5219,0.5412,-0.0193,L2
震荡-1买,RSI底背离 + 六脉红灯大于5,1973,0.273,0.3604,0.757,0.4719,0.5412,-0.0693,L2
震荡-1买,RSI底背离 + 六脉红灯大于6,1268,0.1777,0.229,0.776,0.4779,0.5412,-0.0633,L2
震荡-1买,RSI底背离 + 六脉6红首发,1268,0.1777,0.229,0.776,0.4779,0.5412,-0.0633,L2
震荡-1买,RSI底背离 + 六脉5红首发,1973,0.273,0.3604,0.757,0.4719,0.5412,-0.0693,L2
震荡-1买,RSI底背离 + 偏多共振,61,0.0106,0.0086,1.221,0.5902,0.5412,0.049,L2
震荡-1买,RSI底背离 + 多头共振,61,0.0106,0.0086,1.221,0.5902,0.5412,0.049,L2
震荡-1买,RSI底背离 + 火箭信号,257,0.046,0.0346,1.331,0.6109,0.5412,0.0697,L2
震荡-1买,RSI底背离 + 极限抄底,204,0.0405,0.0228,1.773,0.6765,0.5412,0.1353,L2
震荡-1买,RSI底背离 + 中枢进机会区,1091,0.1466,0.2044,0.717,0.4583,0.5412,-0.0829,L2
震荡-1买,RSI底背离 + 中枢极限底,1741,0.2284,0.3328,0.687,0.4474,0.5412,-0.0937,L2
震荡-1买,RSI底背离 + 中枢上穿中轴,407,0.0642,0.065,0.988,0.5381,0.5412,-0.0031,L2
震荡-1买,RSI底背离 + 中枢底部蓄力,2409,0.315,0.4618,0.682,0.4458,0.5412,-0.0954,L2
震荡-1买,RSI底背离 + 中枢底部回升,2634,0.354,0.4936,0.717,0.4582,0.5412,-0.0829,L2
震荡-1买,RSI底背离 + 大盘多头,537,0.0478,0.1294,0.369,0.3035,0.5412,-0.2376,L2
震荡-1买,RSI底背离 + 大盘空头,1479,0.2161,0.2567,0.842,0.4983,0.5412,-0.0429,L2
震荡-1买,RSI底背离 + 大盘安全,1887,0.256,0.3507,0.73,0.4626,0.5412,-0.0785,L2
震荡-1买,RSI底背离 + SID等于1,537,0.0478,0.1294,0.369,0.3035,0.5412,-0.2376,L2
震荡-1买,RSI底背离 + SID等于2,2696,0.3622,0.5054,0.717,0.4581,0.5412,-0.0831,L2
震荡-1买,RSI底背离 + SID小于等于2,2696,0.3622,0.5054,0.717,0.4581,0.5412,-0.0831,L2
震荡-1买,RSI底背离 + 大盘5日上涨,2182,0.2959,0.4057,0.729,0.4624,0.5412,-0.0788,L2
震荡-1买,RSI底背离 + 相对强弱大于0,907,0.1147,0.1785,0.642,0.4311,0.5412,-0.1101,L2
震荡-1买,RSI底背离 + 相对强弱大于5,196,0.0258,0.0374,0.691,0.449,0.5412,-0.0922,L2
震荡-1买,RSI底背离 + 量比>=1.3,687,0.115,0.102,1.127,0.5706,0.5412,0.0294,L2
震荡-1买,RSI底背离 + 量比>=2,97,0.0144,0.0166,0.865,0.5052,0.5412,-0.036,L2
震荡-1买,RSI底背离 + 距前高<=10%,96,0.0109,0.0204,0.532,0.3854,0.5412,-0.1558,L2
震荡-1买,RSI底背离 + 深跌(距前高>40%),229,0.046,0.0249,1.849,0.6856,0.5412,0.1444,L2
震荡-1买,RSI底背离 + 距前低<=10%,2341,0.2906,0.467,0.622,0.4233,0.5412,-0.1179,L2
震荡-1买,RSI底背离 + 相对强弱>=0,189,0.0223,0.0391,0.57,0.4021,0.5412,-0.1391,L2
震荡-1买,威科夫得分大于4 + 威科夫得分大于7,112,0.0185,0.0169,1.09,0.5625,0.5412,0.0213,L2
震荡-1买,威科夫得分大于4 + 积累阶段,106,0.0109,0.0239,0.455,0.3491,0.5412,-0.1921,L2
震荡-1买,威科夫得分大于4 + 量能金叉,101,0.0135,0.019,0.709,0.4554,0.5412,-0.0857,L2
震荡-1买,威科夫得分大于4 + 六脉红灯大于5,160,0.0205,0.0311,0.659,0.4375,0.5412,-0.1037,L2
震荡-1买,威科夫得分大于4 + 六脉红灯大于6,142,0.017,0.0291,0.585,0.4085,0.5412,-0.1327,L2
震荡-1买,威科夫得分大于4 + 六脉6红首发,142,0.017,0.0291,0.585,0.4085,0.5412,-0.1327,L2
震荡-1买,威科夫得分大于4 + 六脉5红首发,160,0.0205,0.0311,0.659,0.4375,0.5412,-0.1037,L2
震荡-1买,威科夫得分大于4 + 偏多共振,148,0.0246,0.0221,1.113,0.5676,0.5412,0.0264,L2
震荡-1买,威科夫得分大于4 + 多头共振,148,0.0246,0.0221,1.113,0.5676,0.5412,0.0264,L2
震荡-1买,威科夫得分大于4 + 火箭信号,52,0.0079,0.0086,0.916,0.5192,0.5412,-0.022,L2
震荡-1买,威科夫得分大于4 + 中枢进机会区,242,0.0375,0.0394,0.952,0.5289,0.5412,-0.0123,L2
震荡-1买,威科夫得分大于4 + 中枢极限底,163,0.0264,0.0253,1.045,0.5521,0.5412,0.011,L2
震荡-1买,威科夫得分大于4 + 中枢上穿中轴,135,0.0191,0.0242,0.787,0.4815,0.5412,-0.0597,L2
震荡-1买,威科夫得分大于4 + 中枢底部蓄力,132,0.0173,0.0253,0.685,0.447,0.5412,-0.0942,L2
震荡-1买,威科夫得分大于4 + 中枢底部回升,282,0.0413,0.0488,0.848,0.5,0.5412,-0.0412,L2
震荡-1买,威科夫得分大于4 + 大盘多头,91,0.01,0.0197,0.506,0.3736,0.5412,-0.1676,L2
震荡-1买,威科夫得分大于4 + 大盘空头,71,0.0067,0.0166,0.406,0.3239,0.5412,-0.2172,L2
震荡-1买,威科夫得分大于4 + 大盘安全,149,0.0155,0.0332,0.468,0.3557,0.5412,-0.1855,L2
震荡-1买,威科夫得分大于4 + SID等于1,91,0.01,0.0197,0.506,0.3736,0.5412,-0.1676,L2
震荡-1买,威科夫得分大于4 + SID等于2,340,0.0513,0.0571,0.899,0.5147,0.5412,-0.0265,L2
震荡-1买,威科夫得分大于4 + SID小于等于2,340,0.0513,0.0571,0.899,0.5147,0.5412,-0.0265,L2
震荡-1买,威科夫得分大于4 + 大盘5日上涨,157,0.0164,0.0349,0.47,0.3567,0.5412,-0.1845,L2
震荡-1买,威科夫得分大于4 + 相对强弱大于0,233,0.0355,0.0387,0.916,0.5193,0.5412,-0.0219,L2
震荡-1买,威科夫得分大于4 + 相对强弱大于5,99,0.0147,0.0169,0.865,0.5051,0.5412,-0.0361,L2
震荡-1买,威科夫得分大于4 + 量比>=1.3,88,0.0141,0.0138,1.017,0.5455,0.5412,0.0043,L2
震荡-1买,威科夫得分大于4 + 距前高<=10%,53,0.0079,0.009,0.88,0.5094,0.5412,-0.0317,L2
震荡-1买,威科夫得分大于4 + 距前低<=10%,220,0.0308,0.0398,0.774,0.4773,0.5412,-0.0639,L2
震荡-1买,威科夫得分大于4 + 相对强弱>=0,70,0.0123,0.0097,1.272,0.6,0.5412,0.0588,L2
震荡-1买,威科夫得分大于7 + 六脉红灯大于5,68,0.01,0.0118,0.848,0.5,0.5412,-0.0412,L2
震荡-1买,威科夫得分大于7 + 六脉红灯大于6,65,0.0097,0.0111,0.874,0.5077,0.5412,-0.0335,L2
震荡-1买,威科夫得分大于7 + 六脉6红首发,65,0.0097,0.0111,0.874,0.5077,0.5412,-0.0335,L2
震荡-1买,威科夫得分大于7 + 六脉5红首发,68,0.01,0.0118,0.848,0.5,0.5412,-0.0412,L2
震荡-1买,威科夫得分大于7 + 偏多共振,63,0.0094,0.0107,0.875,0.5079,0.5412,-0.0332,L2
震荡-1买,威科夫得分大于7 + 多头共振,63,0.0094,0.0107,0.875,0.5079,0.5412,-0.0332,L2
震荡-1买,威科夫得分大于7 + 中枢进机会区,68,0.0117,0.0097,1.211,0.5882,0.5412,0.0471,L2
震荡-1买,威科夫得分大于7 + 中枢上穿中轴,62,0.0094,0.0104,0.904,0.5161,0.5412,-0.0251,L2
震荡-1买,威科夫得分大于7 + 中枢底部回升,81,0.0129,0.0128,1.008,0.5432,0.5412,0.002,L2
震荡-1买,威科夫得分大于7 + 大盘安全,54,0.0065,0.0111,0.583,0.4074,0.5412,-0.1338,L2
震荡-1买,威科夫得分大于7 + SID等于2,112,0.0185,0.0169,1.09,0.5625,0.5412,0.0213,L2
震荡-1买,威科夫得分大于7 + SID小于等于2,112,0.0185,0.0169,1.09,0.5625,0.5412,0.0213,L2
震荡-1买,威科夫得分大于7 + 大盘5日上涨,54,0.0062,0.0114,0.54,0.3889,0.5412,-0.1523,L2
震荡-1买,威科夫得分大于7 + 相对强弱大于0,94,0.0147,0.0152,0.963,0.5319,0.5412,-0.0093,L2
震荡-1买,威科夫得分大于7 + 相对强弱大于5,53,0.0088,0.008,1.106,0.566,0.5412,0.0249,L2
震荡-1买,威科夫得分大于7 + 距前低<=10%,65,0.0106,0.01,1.052,0.5538,0.5412,0.0127,L2
震荡-1买,积累阶段 + 黄金柱,78,0.0088,0.0166,0.53,0.3846,0.5412,-0.1566,L2
震荡-1买,积累阶段 + 量能金叉,330,0.0402,0.0668,0.602,0.4152,0.5412,-0.126,L2
震荡-1买,积累阶段 + 六脉红灯大于5,993,0.1053,0.2193,0.48,0.3615,0.5412,-0.1797,L2
震荡-1买,积累阶段 + 六脉红灯大于6,761,0.0792,0.1698,0.466,0.3548,0.5412,-0.1864,L2
震荡-1买,积累阶段 + 六脉6红首发,761,0.0792,0.1698,0.466,0.3548,0.5412,-0.1864,L2
震荡-1买,积累阶段 + 六脉5红首发,993,0.1053,0.2193,0.48,0.3615,0.5412,-0.1797,L2
震荡-1买,积累阶段 + 偏多共振,76,0.0094,0.0152,0.617,0.4211,0.5412,-0.1201,L2
震荡-1买,积累阶段 + 多头共振,76,0.0094,0.0152,0.617,0.4211,0.5412,-0.1201,L2
震荡-1买,积累阶段 + 火箭信号,98,0.0129,0.0187,0.691,0.449,0.5412,-0.0922,L2
震荡-1买,积累阶段 + 极限抄底,51,0.0076,0.0086,0.882,0.5098,0.5412,-0.0314,L2
震荡-1买,积累阶段 + 中枢进机会区,718,0.083,0.1505,0.552,0.3942,0.5412,-0.147,L2
震荡-1买,积累阶段 + 中枢极限底,866,0.0985,0.1833,0.537,0.388,0.5412,-0.1532,L2
震荡-1买,积累阶段 + 中枢上穿中轴,281,0.0343,0.0567,0.605,0.4164,0.5412,-0.1248,L2
震荡-1买,积累阶段 + 中枢底部蓄力,1159,0.1214,0.2577,0.471,0.3572,0.5412,-0.184,L2
震荡-1买,积累阶段 + 中枢底部回升,1382,0.151,0.2999,0.504,0.3726,0.5412,-0.1685,L2
震荡-1买,积累阶段 + 大盘多头,400,0.0375,0.0941,0.399,0.32,0.5412,-0.2212,L2
震荡-1买,积累阶段 + 大盘空头,551,0.0581,0.1221,0.476,0.3593,0.5412,-0.1818,L2
震荡-1买,积累阶段 + 大盘安全,932,0.093,0.2127,0.437,0.3401,0.5412,-0.2011,L2
震荡-1买,积累阶段 + SID等于1,400,0.0375,0.0941,0.399,0.32,0.5412,-0.2212,L2
震荡-1买,积累阶段 + SID等于2,1448,0.1587,0.3137,0.506,0.3736,0.5412,-0.1676,L2
震荡-1买,积累阶段 + SID小于等于2,1448,0.1587,0.3137,0.506,0.3736,0.5412,-0.1676,L2
震荡-1买,积累阶段 + 大盘5日上涨,1024,0.1015,0.2345,0.433,0.3379,0.5412,-0.2033,L2
震荡-1买,积累阶段 + 相对强弱大于0,615,0.0622,0.1394,0.446,0.3447,0.5412,-0.1965,L2
震荡-1买,积累阶段 + 相对强弱大于5,140,0.0164,0.0291,0.565,0.4,0.5412,-0.1412,L2
震荡-1买,积累阶段 + 量比>=1.3,322,0.0434,0.0602,0.721,0.4596,0.5412,-0.0816,L2
震荡-1买,积累阶段 + 量比>=2,68,0.0097,0.0121,0.799,0.4853,0.5412,-0.0559,L2
震荡-1买,积累阶段 + 距前高<=10%,69,0.007,0.0156,0.452,0.3478,0.5412,-0.1934,L2
震荡-1买,积累阶段 + 距前低<=10%,1292,0.1343,0.2885,0.466,0.3545,0.5412,-0.1867,L2
震荡-1买,积累阶段 + 相对强弱>=0,136,0.0141,0.0304,0.462,0.3529,0.5412,-0.1882,L2
震荡-1买,黄金柱 + 量能金叉,63,0.0088,0.0114,0.771,0.4762,0.5412,-0.065,L2
震荡-1买,黄金柱 + 六脉红灯大于5,165,0.0205,0.0329,0.625,0.4242,0.5412,-0.1169,L2
震荡-1买,黄金柱 + 六脉红灯大于6,159,0.0202,0.0311,0.65,0.434,0.5412,-0.1072,L2
震荡-1买,黄金柱 + 六脉6红首发,159,0.0202,0.0311,0.65,0.434,0.5412,-0.1072,L2
震荡-1买,黄金柱 + 六脉5红首发,165,0.0205,0.0329,0.625,0.4242,0.5412,-0.1169,L2
震荡-1买,黄金柱 + 中枢进机会区,76,0.0082,0.0166,0.495,0.3684,0.5412,-0.1728,L2
震荡-1买,黄金柱 + 中枢极限底,99,0.0114,0.0208,0.551,0.3939,0.5412,-0.1472,L2
震荡-1买,黄金柱 + 中枢上穿中轴,59,0.0079,0.0111,0.715,0.4576,0.5412,-0.0836,L2
震荡-1买,黄金柱 + 中枢底部蓄力,138,0.0167,0.028,0.597,0.413,0.5412,-0.1281,L2
震荡-1买,黄金柱 + 中枢底部回升,156,0.0188,0.0318,0.59,0.4103,0.5412,-0.1309,L2
震荡-1买,黄金柱 + 大盘空头,72,0.0076,0.0159,0.479,0.3611,0.5412,-0.1801,L2
震荡-1买,黄金柱 + 大盘安全,115,0.0129,0.0246,0.525,0.3826,0.5412,-0.1586,L2
震荡-1买,黄金柱 + SID等于2,165,0.0205,0.0329,0.625,0.4242,0.5412,-0.1169,L2
震荡-1买,黄金柱 + SID小于等于2,165,0.0205,0.0329,0.625,0.4242,0.5412,-0.1169,L2
震荡-1买,黄金柱 + 大盘5日上涨,131,0.0158,0.0266,0.595,0.4122,0.5412,-0.129,L2
震荡-1买,黄金柱 + 相对强弱大于0,121,0.0152,0.0239,0.639,0.4298,0.5412,-0.1114,L2
震荡-1买,黄金柱 + 距前低<=10%,150,0.0182,0.0304,0.597,0.4133,0.5412,-0.1279,L2
震荡-1买,量能金叉 + 六脉红灯大于5,1050,0.1745,0.1574,1.109,0.5667,0.5412,0.0255,L2
震荡-1买,量能金叉 + 六脉红灯大于6,759,0.115,0.1269,0.906,0.5165,0.5412,-0.0247,L2
震荡-1买,量能金叉 + 六脉6红首发,759,0.115,0.1269,0.906,0.5165,0.5412,-0.0247,L2
震荡-1买,量能金叉 + 六脉5红首发,1050,0.1745,0.1574,1.109,0.5667,0.5412,0.0255,L2
震荡-1买,量能金叉 + 偏多共振,81,0.0167,0.0083,2.014,0.7037,0.5412,0.1625,L2
震荡-1买,量能金叉 + 多头共振,81,0.0167,0.0083,2.014,0.7037,0.5412,0.1625,L2
震荡-1买,量能金叉 + 火箭信号,230,0.0431,0.0287,1.502,0.6391,0.5412,0.0979,L2
震荡-1买,量能金叉 + 极限抄底,275,0.066,0.0173,3.815,0.8182,0.5412,0.277,L2
震荡-1买,量能金叉 + 中枢进机会区,891,0.1677,0.1103,1.52,0.642,0.5412,0.1008,L2
震荡-1买,量能金叉 + 中枢极限底,1076,0.2097,0.1249,1.679,0.6645,0.5412,0.1233,L2
震荡-1买,量能金叉 + 中枢上穿中轴,460,0.0695,0.0771,0.901,0.5152,0.5412,-0.026,L2
震荡-1买,量能金叉 + 中枢底部蓄力,1240,0.2167,0.1733,1.251,0.596,0.5412,0.0548,L2
震荡-1买,量能金叉 + 中枢底部回升,1639,0.3026,0.21,1.441,0.6297,0.5412,0.0885,L2
震荡-1买,量能金叉 + 大盘多头,230,0.0252,0.0498,0.506,0.3739,0.5412,-0.1673,L2
震荡-1买,量能金叉 + 大盘空头,612,0.1012,0.0924,1.095,0.5637,0.5412,0.0225,L2
震荡-1买,量能金叉 + 大盘安全,789,0.122,0.129,0.946,0.5272,0.5412,-0.0139,L2
震荡-1买,量能金叉 + SID等于1,230,0.0252,0.0498,0.506,0.3739,0.5412,-0.1673,L2
震荡-1买,量能金叉 + SID等于2,1710,0.3147,0.2203,1.428,0.6275,0.5412,0.0863,L2
震荡-1买,量能金叉 + SID小于等于2,1710,0.3147,0.2203,1.428,0.6275,0.5412,0.0863,L2
震荡-1买,量能金叉 + 大盘5日上涨,866,0.1287,0.1477,0.872,0.5069,0.5412,-0.0343,L2
震荡-1买,量能金叉 + 相对强弱大于0,618,0.088,0.11,0.8,0.4854,0.5412,-0.0557,L2
震荡-1买,量能金叉 + 相对强弱大于5,205,0.0311,0.0342,0.908,0.5171,0.5412,-0.0241,L2
震荡-1买,量能金叉 + 量比>=1.3,887,0.1804,0.0941,1.917,0.6933,0.5412,0.1522,L2
震荡-1买,量能金叉 + 量比>=2,182,0.0328,0.0242,1.356,0.6154,0.5412,0.0742,L2
震荡-1买,量能金叉 + 距前高<=10%,98,0.0126,0.019,0.663,0.4388,0.5412,-0.1024,L2
震荡-1买,量能金叉 + 深跌(距前高>40%),148,0.0361,0.0086,4.171,0.8311,0.5412,0.2899,L2
震荡-1买,量能金叉 + 距前低<=10%,1290,0.2135,0.1944,1.098,0.5643,0.5412,0.0232,L2
震荡-1买,量能金叉 + 相对强弱>=0,151,0.0223,0.0259,0.859,0.5033,0.5412,-0.0379,L2
震荡-1买,六脉红灯大于5 + 六脉红灯大于6,2206,0.3141,0.3926,0.8,0.4855,0.5412,-0.0557,L2
震荡-1买,六脉红灯大于5 + 六脉6红首发,2206,0.3141,0.3926,0.8,0.4855,0.5412,-0.0557,L2
震荡-1买,六脉红灯大于5 + 六脉5红首发,3657,0.5416,0.6261,0.865,0.5051,0.5412,-0.0361,L2
震荡-1买,六脉红灯大于5 + 偏多共振,94,0.0129,0.0173,0.746,0.4681,0.5412,-0.0731,L2
震荡-1买,六脉红灯大于5 + 多头共振,94,0.0129,0.0173,0.746,0.4681,0.5412,-0.0731,L2
震荡-1买,六脉红灯大于5 + 火箭信号,452,0.0848,0.0564,1.503,0.6394,0.5412,0.0982,L2
震荡-1买,六脉红灯大于5 + 二连板,55,0.0114,0.0055,2.067,0.7091,0.5412,0.1679,L2
震荡-1买,六脉红灯大于5 + 极限抄底,328,0.0718,0.0287,2.503,0.747,0.5412,0.2058,L2
震荡-1买,六脉红灯大于5 + 中枢进机会区,1313,0.1921,0.2276,0.844,0.4989,0.5412,-0.0423,L2
震荡-1买,六脉红灯大于5 + 中枢极限底,2128,0.3158,0.3635,0.869,0.5061,0.5412,-0.0351,L2
震荡-1买,六脉红灯大于5 + 中枢上穿中轴,923,0.149,0.1435,1.038,0.5504,0.5412,0.0092,L2
震荡-1买,六脉红灯大于5 + 中枢底部蓄力,3097,0.4475,0.5434,0.824,0.4927,0.5412,-0.0484,L2
震荡-1买,六脉红灯大于5 + 中枢底部回升,3521,0.5202,0.6043,0.861,0.5038,0.5412,-0.0373,L2
震荡-1买,六脉红灯大于5 + 大盘多头,682,0.0683,0.1553,0.44,0.3416,0.5412,-0.1995,L2
震荡-1买,六脉红灯大于5 + 大盘空头,1828,0.2848,0.2964,0.961,0.5312,0.5412,-0.01,L2
震荡-1买,六脉红灯大于5 + 大盘安全,2436,0.3484,0.4317,0.807,0.4877,0.5412,-0.0535,L2
震荡-1买,六脉红灯大于5 + SID等于1,682,0.0683,0.1553,0.44,0.3416,0.5412,-0.1995,L2
震荡-1买,六脉红灯大于5 + SID等于2,3657,0.5416,0.6261,0.865,0.5051,0.5412,-0.0361,L2
震荡-1买,六脉红灯大于5 + SID小于等于2,3657,0.5416,0.6261,0.865,0.5051,0.5412,-0.0361,L2
震荡-1买,六脉红灯大于5 + 大盘5日上涨,2787,0.3956,0.4974,0.795,0.484,0.5412,-0.0572,L2
震荡-1买,六脉红灯大于5 + 相对强弱大于0,1407,0.1862,0.267,0.697,0.4513,0.5412,-0.0899,L2
震荡-1买,六脉红灯大于5 + 相对强弱大于5,376,0.0572,0.0626,0.913,0.5186,0.5412,-0.0226,L2
震荡-1买,六脉红灯大于5 + 量比>=1.3,1182,0.217,0.1529,1.419,0.6261,0.5412,0.0849,L2
震荡-1买,六脉红灯大于5 + 量比>=2,203,0.0358,0.028,1.277,0.601,0.5412,0.0598,L2
震荡-1买,六脉红灯大于5 + 距前高<=10%,194,0.027,0.0353,0.765,0.4742,0.5412,-0.067,L2
震荡-1买,六脉红灯大于5 + 深跌(距前高>40%),319,0.0686,0.0294,2.334,0.7335,0.5412,0.1924,L2
震荡-1买,六脉红灯大于5 + 距前低<=10%,2975,0.3988,0.5586,0.714,0.4571,0.5412,-0.084,L2
震荡-1买,六脉红灯大于5 + 相对强弱>=0,340,0.0475,0.0616,0.772,0.4765,0.5412,-0.0647,L2
震荡-1买,六脉红灯大于6 + 六脉6红首发,2206,0.3141,0.3926,0.8,0.4855,0.5412,-0.0557,L2
震荡-1买,六脉红灯大于6 + 六脉5红首发,2206,0.3141,0.3926,0.8,0.4855,0.5412,-0.0557,L2
震荡-1买,六脉红灯大于6 + 偏多共振,82,0.0111,0.0152,0.732,0.4634,0.5412,-0.0778,L2
震荡-1买,六脉红灯大于6 + 多头共振,82,0.0111,0.0152,0.732,0.4634,0.5412,-0.0778,L2
震荡-1买,六脉红灯大于6 + 火箭信号,375,0.0677,0.0498,1.36,0.616,0.5412,0.0748,L2
震荡-1买,六脉红灯大于6 + 二连板,51,0.0103,0.0055,1.855,0.6863,0.5412,0.1451,L2
震荡-1买,六脉红灯大于6 + 极限抄底,74,0.0141,0.009,1.565,0.6486,0.5412,0.1075,L2
震荡-1买,六脉红灯大于6 + 中枢进机会区,887,0.1267,0.1574,0.805,0.487,0.5412,-0.0541,L2
震荡-1买,六脉红灯大于6 + 中枢极限底,1193,0.1648,0.2183,0.755,0.4711,0.5412,-0.0701,L2
震荡-1买,六脉红灯大于6 + 中枢上穿中轴,861,0.1364,0.137,0.996,0.5401,0.5412,-0.0011,L2
震荡-1买,六脉红灯大于6 + 中枢底部蓄力,1779,0.2457,0.3255,0.755,0.4711,0.5412,-0.0701,L2
震荡-1买,六脉红灯大于6 + 中枢底部回升,2096,0.2974,0.3743,0.795,0.4838,0.5412,-0.0574,L2
震荡-1买,六脉红灯大于6 + 大盘多头,439,0.0437,0.1003,0.436,0.3394,0.5412,-0.2018,L2
震荡-1买,六脉红灯大于6 + 大盘空头,1156,0.1762,0.192,0.918,0.5199,0.5412,-0.0213,L2
震荡-1买,六脉红灯大于6 + 大盘安全,1582,0.2182,0.2899,0.753,0.4703,0.5412,-0.0709,L2
震荡-1买,六脉红灯大于6 + SID等于1,439,0.0437,0.1003,0.436,0.3394,0.5412,-0.2018,L2
震荡-1买,六脉红灯大于6 + SID等于2,2206,0.3141,0.3926,0.8,0.4855,0.5412,-0.0557,L2
震荡-1买,六脉红灯大于6 + SID小于等于2,2206,0.3141,0.3926,0.8,0.4855,0.5412,-0.0557,L2
震荡-1买,六脉红灯大于6 + 大盘5日上涨,1763,0.2446,0.3213,0.761,0.4731,0.5412,-0.0681,L2
震荡-1买,六脉红灯大于6 + 相对强弱大于0,1227,0.1642,0.2307,0.712,0.4564,0.5412,-0.0848,L2
震荡-1买,六脉红灯大于6 + 相对强弱大于5,367,0.0551,0.0619,0.89,0.5123,0.5412,-0.0289,L2
震荡-1买,六脉红灯大于6 + 量比>=1.3,726,0.1232,0.1058,1.164,0.5785,0.5412,0.0373,L2
震荡-1买,六脉红灯大于6 + 量比>=2,159,0.0264,0.0239,1.106,0.566,0.5412,0.0249,L2
震荡-1买,六脉红灯大于6 + 距前高<=10%,165,0.0238,0.0291,0.818,0.4909,0.5412,-0.0503,L2
震荡-1买,六脉红灯大于6 + 深跌(距前高>40%),92,0.0176,0.0111,1.59,0.6522,0.5412,0.111,L2
震荡-1买,六脉红灯大于6 + 距前低<=10%,1875,0.2516,0.3518,0.715,0.4576,0.5412,-0.0836,L2
震荡-1买,六脉红灯大于6 + 相对强弱>=0,298,0.0419,0.0536,0.782,0.4799,0.5412,-0.0613,L2
震荡-1买,六脉6红首发 + 六脉5红首发,2206,0.3141,0.3926,0.8,0.4855,0.5412,-0.0557,L2
震荡-1买,六脉6红首发 + 偏多共振,82,0.0111,0.0152,0.732,0.4634,0.5412,-0.0778,L2
震荡-1买,六脉6红首发 + 多头共振,82,0.0111,0.0152,0.732,0.4634,0.5412,-0.0778,L2
震荡-1买,六脉6红首发 + 火箭信号,375,0.0677,0.0498,1.36,0.616,0.5412,0.0748,L2
震荡-1买,六脉6红首发 + 二连板,51,0.0103,0.0055,1.855,0.6863,0.5412,0.1451,L2
震荡-1买,六脉6红首发 + 极限抄底,74,0.0141,0.009,1.565,0.6486,0.5412,0.1075,L2
震荡-1买,六脉6红首发 + 中枢进机会区,887,0.1267,0.1574,0.805,0.487,0.5412,-0.0541,L2
震荡-1买,六脉6红首发 + 中枢极限底,1193,0.1648,0.2183,0.755,0.4711,0.5412,-0.0701,L2
震荡-1买,六脉6红首发 + 中枢上穿中轴,861,0.1364,0.137,0.996,0.5401,0.5412,-0.0011,L2
震荡-1买,六脉6红首发 + 中枢底部蓄力,1779,0.2457,0.3255,0.755,0.4711,0.5412,-0.0701,L2
震荡-1买,六脉6红首发 + 中枢底部回升,2096,0.2974,0.3743,0.795,0.4838,0.5412,-0.0574,L2
震荡-1买,六脉6红首发 + 大盘多头,439,0.0437,0.1003,0.436,0.3394,0.5412,-0.2018,L2
震荡-1买,六脉6红首发 + 大盘空头,1156,0.1762,0.192,0.918,0.5199,0.5412,-0.0213,L2
震荡-1买,六脉6红首发 + 大盘安全,1582,0.2182,0.2899,0.753,0.4703,0.5412,-0.0709,L2
震荡-1买,六脉6红首发 + SID等于1,439,0.0437,0.1003,0.436,0.3394,0.5412,-0.2018,L2
震荡-1买,六脉6红首发 + SID等于2,2206,0.3141,0.3926,0.8,0.4855,0.5412,-0.0557,L2
震荡-1买,六脉6红首发 + SID小于等于2,2206,0.3141,0.3926,0.8,0.4855,0.5412,-0.0557,L2
震荡-1买,六脉6红首发 + 大盘5日上涨,1763,0.2446,0.3213,0.761,0.4731,0.5412,-0.0681,L2
震荡-1买,六脉6红首发 + 相对强弱大于0,1227,0.1642,0.2307,0.712,0.4564,0.5412,-0.0848,L2
震荡-1买,六脉6红首发 + 相对强弱大于5,367,0.0551,0.0619,0.89,0.5123,0.5412,-0.0289,L2
震荡-1买,六脉6红首发 + 量比>=1.3,726,0.1232,0.1058,1.164,0.5785,0.5412,0.0373,L2
震荡-1买,六脉6红首发 + 量比>=2,159,0.0264,0.0239,1.106,0.566,0.5412,0.0249,L2
震荡-1买,六脉6红首发 + 距前高<=10%,165,0.0238,0.0291,0.818,0.4909,0.5412,-0.0503,L2
震荡-1买,六脉6红首发 + 深跌(距前高>40%),92,0.0176,0.0111,1.59,0.6522,0.5412,0.111,L2
震荡-1买,六脉6红首发 + 距前低<=10%,1875,0.2516,0.3518,0.715,0.4576,0.5412,-0.0836,L2
震荡-1买,六脉6红首发 + 相对强弱>=0,298,0.0419,0.0536,0.782,0.4799,0.5412,-0.0613,L2
震荡-1买,六脉5红首发 + 偏多共振,94,0.0129,0.0173,0.746,0.4681,0.5412,-0.0731,L2
震荡-1买,六脉5红首发 + 多头共振,94,0.0129,0.0173,0.746,0.4681,0.5412,-0.0731,L2
震荡-1买,六脉5红首发 + 火箭信号,452,0.0848,0.0564,1.503,0.6394,0.5412,0.0982,L2
震荡-1买,六脉5红首发 + 二连板,55,0.0114,0.0055,2.067,0.7091,0.5412,0.1679,L2
震荡-1买,六脉5红首发 + 极限抄底,328,0.0718,0.0287,2.503,0.747,0.5412,0.2058,L2
震荡-1买,六脉5红首发 + 中枢进机会区,1313,0.1921,0.2276,0.844,0.4989,0.5412,-0.0423,L2
震荡-1买,六脉5红首发 + 中枢极限底,2128,0.3158,0.3635,0.869,0.5061,0.5412,-0.0351,L2
震荡-1买,六脉5红首发 + 中枢上穿中轴,923,0.149,0.1435,1.038,0.5504,0.5412,0.0092,L2
震荡-1买,六脉5红首发 + 中枢底部蓄力,3097,0.4475,0.5434,0.824,0.4927,0.5412,-0.0484,L2
震荡-1买,六脉5红首发 + 中枢底部回升,3521,0.5202,0.6043,0.861,0.5038,0.5412,-0.0373,L2
震荡-1买,六脉5红首发 + 大盘多头,682,0.0683,0.1553,0.44,0.3416,0.5412,-0.1995,L2
震荡-1买,六脉5红首发 + 大盘空头,1828,0.2848,0.2964,0.961,0.5312,0.5412,-0.01,L2
震荡-1买,六脉5红首发 + 大盘安全,2436,0.3484,0.4317,0.807,0.4877,0.5412,-0.0535,L2
震荡-1买,六脉5红首发 + SID等于1,682,0.0683,0.1553,0.44,0.3416,0.5412,-0.1995,L2
震荡-1买,六脉5红首发 + SID等于2,3657,0.5416,0.6261,0.865,0.5051,0.5412,-0.0361,L2
震荡-1买,六脉5红首发 + SID小于等于2,3657,0.5416,0.6261,0.865,0.5051,0.5412,-0.0361,L2
震荡-1买,六脉5红首发 + 大盘5日上涨,2787,0.3956,0.4974,0.795,0.484,0.5412,-0.0572,L2
震荡-1买,六脉5红首发 + 相对强弱大于0,1407,0.1862,0.267,0.697,0.4513,0.5412,-0.0899,L2
震荡-1买,六脉5红首发 + 相对强弱大于5,376,0.0572,0.0626,0.913,0.5186,0.5412,-0.0226,L2
震荡-1买,六脉5红首发 + 量比>=1.3,1182,0.217,0.1529,1.419,0.6261,0.5412,0.0849,L2
震荡-1买,六脉5红首发 + 量比>=2,203,0.0358,0.028,1.277,0.601,0.5412,0.0598,L2
震荡-1买,六脉5红首发 + 距前高<=10%,194,0.027,0.0353,0.765,0.4742,0.5412,-0.067,L2
震荡-1买,六脉5红首发 + 深跌(距前高>40%),319,0.0686,0.0294,2.334,0.7335,0.5412,0.1924,L2
震荡-1买,六脉5红首发 + 距前低<=10%,2975,0.3988,0.5586,0.714,0.4571,0.5412,-0.084,L2
震荡-1买,六脉5红首发 + 相对强弱>=0,340,0.0475,0.0616,0.772,0.4765,0.5412,-0.0647,L2
震荡-1买,偏多共振 + 多头共振,390,0.0751,0.0464,1.62,0.6564,0.5412,0.1152,L2
震荡-1买,偏多共振 + 中枢进机会区,339,0.0689,0.036,1.916,0.6932,0.5412,0.152,L2
震荡-1买,偏多共振 + 中枢极限底,245,0.0525,0.0228,2.299,0.7306,0.5412,0.1894,L2
震荡-1买,偏多共振 + 中枢上穿中轴,84,0.0126,0.0142,0.889,0.5119,0.5412,-0.0293,L2
震荡-1买,偏多共振 + 中枢底部蓄力,131,0.0211,0.0204,1.035,0.5496,0.5412,0.0084,L2
震荡-1买,偏多共振 + 中枢底部回升,354,0.0704,0.0394,1.785,0.678,0.5412,0.1368,L2
震荡-1买,偏多共振 + 大盘多头,64,0.0059,0.0152,0.385,0.3125,0.5412,-0.2287,L2
震荡-1买,偏多共振 + 大盘空头,52,0.0047,0.0125,0.377,0.3077,0.5412,-0.2335,L2
震荡-1买,偏多共振 + 大盘安全,98,0.0082,0.0242,0.339,0.2857,0.5412,-0.2555,L2
震荡-1买,偏多共振 + SID等于1,64,0.0059,0.0152,0.385,0.3125,0.5412,-0.2287,L2
震荡-1买,偏多共振 + SID等于2,391,0.0754,0.0464,1.626,0.6573,0.5412,0.1161,L2
震荡-1买,偏多共振 + SID小于等于2,391,0.0754,0.0464,1.626,0.6573,0.5412,0.1161,L2
震荡-1买,偏多共振 + 大盘5日上涨,99,0.0085,0.0242,0.351,0.2929,0.5412,-0.2483,L2
震荡-1买,偏多共振 + 相对强弱大于0,162,0.0276,0.0235,1.172,0.5802,0.5412,0.0391,L2
震荡-1买,偏多共振 + 相对强弱大于5,61,0.01,0.0093,1.068,0.5574,0.5412,0.0162,L2
震荡-1买,偏多共振 + 量比>=1.3,81,0.0161,0.009,1.793,0.679,0.5412,0.1378,L2
震荡-1买,偏多共振 + 距前低<=10%,236,0.0419,0.0322,1.304,0.6059,0.5412,0.0647,L2
震荡-1买,多头共振 + 中枢进机会区,338,0.0686,0.036,1.908,0.6923,0.5412,0.1511,L2
震荡-1买,多头共振 + 中枢极限底,245,0.0525,0.0228,2.299,0.7306,0.5412,0.1894,L2
震荡-1买,多头共振 + 中枢上穿中轴,84,0.0126,0.0142,0.889,0.5119,0.5412,-0.0293,L2
震荡-1买,多头共振 + 中枢底部蓄力,131,0.0211,0.0204,1.035,0.5496,0.5412,0.0084,L2
震荡-1买,多头共振 + 中枢底部回升,353,0.0701,0.0394,1.777,0.6771,0.5412,0.1359,L2
震荡-1买,多头共振 + 大盘多头,64,0.0059,0.0152,0.385,0.3125,0.5412,-0.2287,L2
震荡-1买,多头共振 + 大盘空头,52,0.0047,0.0125,0.377,0.3077,0.5412,-0.2335,L2
震荡-1买,多头共振 + 大盘安全,98,0.0082,0.0242,0.339,0.2857,0.5412,-0.2555,L2
震荡-1买,多头共振 + SID等于1,64,0.0059,0.0152,0.385,0.3125,0.5412,-0.2287,L2
震荡-1买,多头共振 + SID等于2,390,0.0751,0.0464,1.62,0.6564,0.5412,0.1152,L2
震荡-1买,多头共振 + SID小于等于2,390,0.0751,0.0464,1.62,0.6564,0.5412,0.1152,L2
震荡-1买,多头共振 + 大盘5日上涨,99,0.0085,0.0242,0.351,0.2929,0.5412,-0.2483,L2
震荡-1买,多头共振 + 相对强弱大于0,162,0.0276,0.0235,1.172,0.5802,0.5412,0.0391,L2
震荡-1买,多头共振 + 相对强弱大于5,61,0.01,0.0093,1.068,0.5574,0.5412,0.0162,L2
震荡-1买,多头共振 + 量比>=1.3,81,0.0161,0.009,1.793,0.679,0.5412,0.1378,L2
震荡-1买,多头共振 + 距前低<=10%,236,0.0419,0.0322,1.304,0.6059,0.5412,0.0647,L2
震荡-1买,火箭信号 + 二连板,56,0.0117,0.0055,2.12,0.7143,0.5412,0.1731,L2
震荡-1买,火箭信号 + 极限抄底,86,0.0188,0.0076,2.466,0.7442,0.5412,0.203,L2
震荡-1买,火箭信号 + 中枢进机会区,200,0.0361,0.0266,1.354,0.615,0.5412,0.0738,L2
震荡-1买,火箭信号 + 中枢极限底,329,0.0633,0.0391,1.621,0.6565,0.5412,0.1154,L2
震荡-1买,火箭信号 + 中枢上穿中轴,264,0.0457,0.0374,1.225,0.5909,0.5412,0.0497,L2
震荡-1买,火箭信号 + 中枢底部蓄力,402,0.0748,0.0508,1.471,0.6343,0.5412,0.0931,L2
震荡-1买,火箭信号 + 中枢底部回升,489,0.0912,0.0616,1.481,0.636,0.5412,0.0948,L2
震荡-1买,火箭信号 + 大盘空头,284,0.056,0.0322,1.741,0.6725,0.5412,0.1314,L2
震荡-1买,火箭信号 + 大盘安全,318,0.0601,0.0391,1.538,0.6447,0.5412,0.1035,L2
震荡-1买,火箭信号 + SID等于2,499,0.0933,0.0626,1.49,0.6373,0.5412,0.0961,L2
震荡-1买,火箭信号 + SID小于等于2,499,0.0933,0.0626,1.49,0.6373,0.5412,0.0961,L2
震荡-1买,火箭信号 + 大盘5日上涨,337,0.0625,0.0429,1.456,0.632,0.5412,0.0909,L2
震荡-1买,火箭信号 + 相对强弱大于0,276,0.0449,0.0425,1.055,0.5543,0.5412,0.0132,L2
震荡-1买,火箭信号 + 相对强弱大于5,168,0.0276,0.0256,1.077,0.5595,0.5412,0.0183,L2
震荡-1买,火箭信号 + 量比>=1.3,250,0.0531,0.0239,2.224,0.724,0.5412,0.1828,L2
震荡-1买,火箭信号 + 量比>=2,57,0.0114,0.0062,1.837,0.6842,0.5412,0.143,L2
震荡-1买,火箭信号 + 深跌(距前高>40%),91,0.0208,0.0069,3.01,0.7802,0.5412,0.239,L2
震荡-1买,火箭信号 + 距前低<=10%,316,0.0551,0.0443,1.245,0.5949,0.5412,0.0538,L2
震荡-1买,火箭信号 + 相对强弱>=0,55,0.0097,0.0076,1.272,0.6,0.5412,0.0588,L2
震荡-1买,二连板 + 中枢底部回升,55,0.0114,0.0055,2.067,0.7091,0.5412,0.1679,L2
震荡-1买,二连板 + SID等于2,56,0.0117,0.0055,2.12,0.7143,0.5412,0.1731,L2
震荡-1买,二连板 + SID小于等于2,56,0.0117,0.0055,2.12,0.7143,0.5412,0.1731,L2
震荡-1买,极限抄底 + 中枢进机会区,261,0.0628,0.0163,3.86,0.8199,0.5412,0.2787,L2
震荡-1买,极限抄底 + 中枢极限底,569,0.1337,0.0391,3.421,0.8014,0.5412,0.2602,L2
震荡-1买,极限抄底 + 中枢底部蓄力,711,0.1563,0.0616,2.539,0.7496,0.5412,0.2085,L2
震荡-1买,极限抄底 + 中枢底部回升,799,0.1798,0.0643,2.794,0.7672,0.5412,0.226,L2
震荡-1买,极限抄底 + 大盘多头,76,0.0114,0.0128,0.894,0.5132,0.5412,-0.028,L2
震荡-1买,极限抄底 + 大盘空头,286,0.0619,0.0259,2.385,0.7378,0.5412,0.1966,L2
震荡-1买,极限抄底 + 大盘安全,355,0.0736,0.036,2.046,0.707,0.5412,0.1659,L2
震荡-1买,极限抄底 + SID等于1,76,0.0114,0.0128,0.894,0.5132,0.5412,-0.028,L2
震荡-1买,极限抄底 + SID等于2,803,0.1804,0.065,2.773,0.7659,0.5412,0.2247,L2
震荡-1买,极限抄底 + SID小于等于2,803,0.1804,0.065,2.773,0.7659,0.5412,0.2247,L2
震荡-1买,极限抄底 + 大盘5日上涨,365,0.0742,0.0387,1.915,0.6932,0.5412,0.152,L2
震荡-1买,极限抄底 + 量比>=1.3,426,0.1041,0.0246,4.239,0.8333,0.5412,0.2921,L2
震荡-1买,极限抄底 + 量比>=2,61,0.0135,0.0052,2.6,0.7541,0.5412,0.2129,L2
震荡-1买,极限抄底 + 深跌(距前高>40%),214,0.0531,0.0114,4.65,0.8458,0.5412,0.3046,L2
震荡-1买,极限抄底 + 距前低<=10%,544,0.1152,0.0522,2.207,0.7224,0.5412,0.1812,L2
震荡-1买,中枢进机会区 + 中枢极限底,1916,0.3396,0.2622,1.295,0.6044,0.5412,0.0632,L2
震荡-1买,中枢进机会区 + 中枢上穿中轴,554,0.0944,0.0802,1.177,0.5812,0.5412,0.04,L2
震荡-1买,中枢进机会区 + 中枢底部蓄力,1768,0.251,0.3155,0.796,0.4842,0.5412,-0.057,L2
震荡-1买,中枢进机会区 + 中枢底部回升,2796,0.4698,0.413,1.138,0.573,0.5412,0.0318,L2
震荡-1买,中枢进机会区 + 大盘多头,467,0.046,0.1072,0.429,0.3362,0.5412,-0.205,L2
震荡-1买,中枢进机会区 + 大盘空头,925,0.1161,0.183,0.635,0.4281,0.5412,-0.1131,L2
震荡-1买,中枢进机会区 + 大盘安全,1233,0.1478,0.2522,0.586,0.4088,0.5412,-0.1324,L2
震荡-1买,中枢进机会区 + SID等于1,467,0.046,0.1072,0.429,0.3362,0.5412,-0.205,L2
震荡-1买,中枢进机会区 + SID等于2,2881,0.4824,0.4275,1.128,0.571,0.5412,0.0298,L2
震荡-1买,中枢进机会区 + SID小于等于2,2881,0.4824,0.4275,1.128,0.571,0.5412,0.0298,L2
震荡-1买,中枢进机会区 + 大盘5日上涨,1379,0.1648,0.2826,0.583,0.4075,0.5412,-0.1336,L2
震荡-1买,中枢进机会区 + 相对强弱大于0,1004,0.1493,0.1712,0.872,0.507,0.5412,-0.0342,L2
震荡-1买,中枢进机会区 + 相对强弱大于5,228,0.0364,0.036,1.011,0.5439,0.5412,0.0027,L2
震荡-1买,中枢进机会区 + 量比>=1.3,822,0.1648,0.0899,1.833,0.6837,0.5412,0.1425,L2
震荡-1买,中枢进机会区 + 量比>=2,120,0.0223,0.0152,1.464,0.6333,0.5412,0.0921,L2
震荡-1买,中枢进机会区 + 距前高<=10%,174,0.0238,0.0322,0.738,0.4655,0.5412,-0.0757,L2
震荡-1买,中枢进机会区 + 深跌(距前高>40%),72,0.0144,0.008,1.806,0.6806,0.5412,0.1394,L2
震荡-1买,中枢进机会区 + 距前低<=10%,2215,0.3287,0.3784,0.869,0.5061,0.5412,-0.0351,L2
震荡-1买,中枢进机会区 + 相对强弱>=0,249,0.0375,0.0419,0.897,0.5141,0.5412,-0.0271,L2
震荡-1买,中枢极限底 + 中枢上穿中轴,416,0.0701,0.0612,1.145,0.5745,0.5412,0.0333,L2
震荡-1买,中枢极限底 + 中枢底部蓄力,3178,0.4786,0.5348,0.895,0.5135,0.5412,-0.0277,L2
震荡-1买,中枢极限底 + 中枢底部回升,3840,0.634,0.5804,1.092,0.563,0.5412,0.0218,L2
震荡-1买,中枢极限底 + 大盘多头,561,0.0499,0.1352,0.369,0.303,0.5412,-0.2382,L2
震荡-1买,中枢极限底 + 大盘空头,1413,0.2032,0.249,0.816,0.4904,0.5412,-0.0507,L2
震荡-1买,中枢极限底 + 大盘安全,1819,0.2405,0.3456,0.696,0.4508,0.5412,-0.0904,L2
震荡-1买,中枢极限底 + SID等于1,561,0.0499,0.1352,0.369,0.303,0.5412,-0.2382,L2
震荡-1买,中枢极限底 + SID等于2,3885,0.6402,0.5887,1.087,0.5619,0.5412,0.0207,L2
震荡-1买,中枢极限底 + SID小于等于2,3885,0.6402,0.5887,1.087,0.5619,0.5412,0.0207,L2
震荡-1买,中枢极限底 + 大盘5日上涨,2163,0.285,0.412,0.692,0.4494,0.5412,-0.0918,L2
震荡-1买,中枢极限底 + 相对强弱大于0,948,0.1305,0.174,0.75,0.4694,0.5412,-0.0718,L2
震荡-1买,中枢极限底 + 相对强弱大于5,211,0.0299,0.0377,0.793,0.4834,0.5412,-0.0578,L2
震荡-1买,中枢极限底 + 量比>=1.3,1220,0.2507,0.1263,1.986,0.7008,0.5412,0.1596,L2
震荡-1买,中枢极限底 + 量比>=2,164,0.0296,0.0218,1.359,0.6159,0.5412,0.0747,L2
震荡-1买,中枢极限底 + 距前高<=10%,118,0.0182,0.0194,0.939,0.5254,0.5412,-0.0158,L2
震荡-1买,中枢极限底 + 深跌(距前高>40%),299,0.068,0.0232,2.936,0.7759,0.5412,0.2347,L2
震荡-1买,中枢极限底 + 距前低<=10%,2956,0.4217,0.5251,0.803,0.4865,0.5412,-0.0547,L2
震荡-1买,中枢极限底 + 相对强弱>=0,184,0.0235,0.036,0.652,0.4348,0.5412,-0.1064,L2
震荡-1买,中枢上穿中轴 + 中枢底部蓄力,523,0.0809,0.0854,0.947,0.5277,0.5412,-0.0135,L2
震荡-1买,中枢上穿中轴 + 中枢底部回升,858,0.1393,0.1325,1.051,0.5536,0.5412,0.0124,L2
震荡-1买,中枢上穿中轴 + 大盘多头,160,0.0164,0.036,0.457,0.35,0.5412,-0.1912,L2
震荡-1买,中枢上穿中轴 + 大盘空头,491,0.078,0.0778,1.002,0.5418,0.5412,0.0006,L2
震荡-1买,中枢上穿中轴 + 大盘安全,620,0.0921,0.1058,0.87,0.5065,0.5412,-0.0347,L2
震荡-1买,中枢上穿中轴 + SID等于1,160,0.0164,0.036,0.457,0.35,0.5412,-0.1912,L2
震荡-1买,中枢上穿中轴 + SID等于2,975,0.1581,0.1508,1.048,0.5528,0.5412,0.0116,L2
震荡-1买,中枢上穿中轴 + SID小于等于2,975,0.1581,0.1508,1.048,0.5528,0.5412,0.0116,L2
震荡-1买,中枢上穿中轴 + 大盘5日上涨,648,0.0965,0.1103,0.874,0.5077,0.5412,-0.0335,L2
震荡-1买,中枢上穿中轴 + 相对强弱大于0,748,0.115,0.1231,0.934,0.5241,0.5412,-0.0171,L2
震荡-1买,中枢上穿中轴 + 相对强弱大于5,315,0.0484,0.0519,0.933,0.5238,0.5412,-0.0174,L2
震荡-1买,中枢上穿中轴 + 量比>=1.3,426,0.0786,0.0547,1.438,0.6291,0.5412,0.0879,L2
震荡-1买,中枢上穿中轴 + 量比>=2,107,0.0182,0.0156,1.168,0.5794,0.5412,0.0383,L2
震荡-1买,中枢上穿中轴 + 距前高<=10%,138,0.0214,0.0225,0.952,0.529,0.5412,-0.0122,L2
震荡-1买,中枢上穿中轴 + 距前低<=10%,770,0.1196,0.1252,0.956,0.5299,0.5412,-0.0113,L2
震荡-1买,中枢上穿中轴 + 相对强弱>=0,219,0.0358,0.0336,1.066,0.5571,0.5412,0.0159,L2
震荡-1买,中枢底部蓄力 + 中枢底部回升,4893,0.7252,0.8371,0.866,0.5054,0.5412,-0.0358,L2
震荡-1买,中枢底部蓄力 + 大盘多头,906,0.0906,0.2065,0.439,0.3411,0.5412,-0.2001,L2
震荡-1买,中枢底部蓄力 + 大盘空头,2174,0.31,0.3864,0.802,0.4862,0.5412,-0.055,L2
震荡-1买,中枢底部蓄力 + 大盘安全,2826,0.3859,0.5223,0.739,0.4657,0.5412,-0.0755,L2
震荡-1买,中枢底部蓄力 + SID等于1,906,0.0906,0.2065,0.439,0.3411,0.5412,-0.2001,L2
震荡-1买,中枢底部蓄力 + SID等于2,4917,0.7267,0.8437,0.861,0.504,0.5412,-0.0372,L2
震荡-1买,中枢底部蓄力 + SID小于等于2,4917,0.7267,0.8437,0.861,0.504,0.5412,-0.0372,L2
震荡-1买,中枢底部蓄力 + 大盘5日上涨,3275,0.4402,0.6136,0.717,0.4583,0.5412,-0.0829,L2
震荡-1买,中枢底部蓄力 + 相对强弱大于0,1148,0.1408,0.2311,0.609,0.4181,0.5412,-0.1231,L2
震荡-1买,中枢底部蓄力 + 相对强弱大于5,241,0.0334,0.0439,0.761,0.473,0.5412,-0.0682,L2
震荡-1买,中枢底部蓄力 + 量比>=1.3,1511,0.2909,0.1795,1.62,0.6565,0.5412,0.1153,L2
震荡-1买,中枢底部蓄力 + 量比>=2,220,0.0384,0.0308,1.248,0.5955,0.5412,0.0543,L2
震荡-1买,中枢底部蓄力 + 距前高<=10%,117,0.0135,0.0246,0.549,0.3932,0.5412,-0.148,L2
震荡-1买,中枢底部蓄力 + 深跌(距前高>40%),445,0.0935,0.0436,2.146,0.7169,0.5412,0.1757,L2
震荡-1买,中枢底部蓄力 + 距前低<=10%,4008,0.5252,0.7669,0.685,0.4469,0.5412,-0.0943,L2
震荡-1买,中枢底部蓄力 + 相对强弱>=0,197,0.0223,0.0419,0.533,0.3858,0.5412,-0.1554,L2
震荡-1买,中枢底部回升 + 大盘多头,1001,0.1003,0.2279,0.44,0.3417,0.5412,-0.1995,L2
震荡-1买,中枢底部回升 + 大盘空头,2431,0.3487,0.4296,0.812,0.4891,0.5412,-0.0521,L2
震荡-1买,中枢底部回升 + 大盘安全,3135,0.4293,0.578,0.743,0.467,0.5412,-0.0742,L2
震荡-1买,中枢底部回升 + SID等于1,1001,0.1003,0.2279,0.44,0.3417,0.5412,-0.1995,L2
震荡-1买,中枢底部回升 + SID等于2,6039,0.9607,0.9557,1.005,0.5425,0.5412,0.0013,L2
震荡-1买,中枢底部回升 + SID小于等于2,6039,0.9607,0.9557,1.005,0.5425,0.5412,0.0013,L2
震荡-1买,中枢底部回升 + 大盘5日上涨,3590,0.4856,0.669,0.726,0.4613,0.5412,-0.0799,L2
震荡-1买,中枢底部回升 + 相对强弱大于0,1625,0.2217,0.3006,0.738,0.4652,0.5412,-0.076,L2
震荡-1买,中枢底部回升 + 相对强弱大于5,370,0.0557,0.0623,0.895,0.5135,0.5412,-0.0277,L2
震荡-1买,中枢底部回升 + 量比>=1.3,1880,0.3713,0.2124,1.748,0.6734,0.5412,0.1322,L2
震荡-1买,中枢底部回升 + 量比>=2,266,0.0469,0.0367,1.28,0.6015,0.5412,0.0603,L2
震荡-1买,中枢底部回升 + 距前高<=10%,226,0.0293,0.0436,0.673,0.4425,0.5412,-0.0987,L2
震荡-1买,中枢底部回升 + 深跌(距前高>40%),451,0.0947,0.0443,2.139,0.7162,0.5412,0.175,L2
震荡-1买,中枢底部回升 + 距前低<=10%,4750,0.6672,0.8561,0.779,0.4789,0.5412,-0.0622,L2
震荡-1买,中枢底部回升 + 相对强弱>=0,345,0.0455,0.0657,0.692,0.4493,0.5412,-0.0919,L2
震荡-1买,大盘多头 + 大盘安全,1063,0.1079,0.2404,0.449,0.3462,0.5412,-0.195,L2
震荡-1买,大盘多头 + SID等于1,1063,0.1079,0.2404,0.449,0.3462,0.5412,-0.195,L2
震荡-1买,大盘多头 + SID等于2,1063,0.1079,0.2404,0.449,0.3462,0.5412,-0.195,L2
震荡-1买,大盘多头 + SID小于等于2,1063,0.1079,0.2404,0.449,0.3462,0.5412,-0.195,L2
震荡-1买,大盘多头 + 大盘5日上涨,1010,0.1015,0.2297,0.442,0.3426,0.5412,-0.1986,L2
震荡-1买,大盘多头 + 相对强弱大于0,266,0.0284,0.0585,0.487,0.3647,0.5412,-0.1765,L2
震荡-1买,大盘多头 + 相对强弱大于5,55,0.0067,0.0111,0.609,0.4182,0.5412,-0.123,L2
震荡-1买,大盘多头 + 量比>=1.3,152,0.017,0.0325,0.523,0.3816,0.5412,-0.1596,L2
震荡-1买,大盘多头 + 距前高<=10%,73,0.007,0.0169,0.415,0.3288,0.5412,-0.2124,L2
震荡-1买,大盘多头 + 距前低<=10%,988,0.0977,0.2266,0.431,0.337,0.5412,-0.2041,L2
震荡-1买,大盘空头 + 大盘安全,2101,0.332,0.3352,0.99,0.5388,0.5412,-0.0024,L2
震荡-1买,大盘空头 + SID等于2,2543,0.3654,0.4486,0.814,0.49,0.5412,-0.0512,L2
震荡-1买,大盘空头 + SID小于等于2,2543,0.3654,0.4486,0.814,0.49,0.5412,-0.0512,L2
震荡-1买,大盘空头 + 大盘5日上涨,2156,0.3372,0.348,0.969,0.5334,0.5412,-0.0078,L2
震荡-1买,大盘空头 + 相对强弱大于0,803,0.0965,0.164,0.588,0.4097,0.5412,-0.1315,L2
震荡-1买,大盘空头 + 相对强弱大于5,171,0.022,0.0332,0.662,0.4386,0.5412,-0.1026,L2
震荡-1买,大盘空头 + 量比>=1.3,738,0.132,0.0996,1.325,0.6098,0.5412,0.0686,L2
震荡-1买,大盘空头 + 量比>=2,91,0.0164,0.0121,1.356,0.6154,0.5412,0.0742,L2
震荡-1买,大盘空头 + 距前高<=10%,117,0.015,0.0228,0.655,0.4359,0.5412,-0.1053,L2
震荡-1买,大盘空头 + 深跌(距前高>40%),357,0.0801,0.0291,2.755,0.7647,0.5412,0.2235,L2
震荡-1买,大盘空头 + 距前低<=10%,2132,0.2789,0.4085,0.683,0.4461,0.5412,-0.0951,L2
震荡-1买,大盘空头 + 相对强弱>=0,201,0.0252,0.0398,0.634,0.4279,0.5412,-0.1133,L2
震荡-1买,大盘安全 + SID等于1,1063,0.1079,0.2404,0.449,0.3462,0.5412,-0.195,L2
震荡-1买,大盘安全 + SID等于2,3300,0.4525,0.6077,0.745,0.4676,0.5412,-0.0736,L2
震荡-1买,大盘安全 + SID小于等于2,3300,0.4525,0.6077,0.745,0.4676,0.5412,-0.0736,L2
震荡-1买,大盘安全 + 大盘5日上涨,3243,0.446,0.5956,0.749,0.469,0.5412,-0.0722,L2
震荡-1买,大盘安全 + 相对强弱大于0,910,0.1126,0.1819,0.619,0.422,0.5412,-0.1192,L2
震荡-1买,大盘安全 + 相对强弱大于5,191,0.0258,0.0356,0.724,0.4607,0.5412,-0.0805,L2
震荡-1买,大盘安全 + 量比>=1.3,828,0.1463,0.1138,1.286,0.6027,0.5412,0.0615,L2
震荡-1买,大盘安全 + 量比>=2,128,0.0205,0.0201,1.023,0.5469,0.5412,0.0057,L2
震荡-1买,大盘安全 + 距前高<=10%,166,0.0188,0.0353,0.532,0.3855,0.5412,-0.1556,L2
震荡-1买,大盘安全 + 深跌(距前高>40%),380,0.085,0.0311,2.732,0.7632,0.5412,0.222,L2
震荡-1买,大盘安全 + 距前低<=10%,2833,0.3569,0.559,0.638,0.4296,0.5412,-0.1116,L2
震荡-1买,大盘安全 + 相对强弱>=0,188,0.0255,0.0349,0.73,0.4628,0.5412,-0.0784,L2
震荡-1买,SID等于1 + SID等于2,1063,0.1079,0.2404,0.449,0.3462,0.5412,-0.195,L2
震荡-1买,SID等于1 + SID小于等于2,1063,0.1079,0.2404,0.449,0.3462,0.5412,-0.195,L2
震荡-1买,SID等于1 + 大盘5日上涨,1010,0.1015,0.2297,0.442,0.3426,0.5412,-0.1986,L2
震荡-1买,SID等于1 + 相对强弱大于0,266,0.0284,0.0585,0.487,0.3647,0.5412,-0.1765,L2
震荡-1买,SID等于1 + 相对强弱大于5,55,0.0067,0.0111,0.609,0.4182,0.5412,-0.123,L2
震荡-1买,SID等于1 + 量比>=1.3,152,0.017,0.0325,0.523,0.3816,0.5412,-0.1596,L2
震荡-1买,SID等于1 + 距前高<=10%,73,0.007,0.0169,0.415,0.3288,0.5412,-0.2124,L2
震荡-1买,SID等于1 + 距前低<=10%,988,0.0977,0.2266,0.431,0.337,0.5412,-0.2041,L2
震荡-1买,SID等于2 + SID小于等于2,6301,1.0,1.0,1.0,0.5412,0.5412,0.0,L2
震荡-1买,SID等于2 + 大盘5日上涨,3774,0.5117,0.7018,0.729,0.4624,0.5412,-0.0788,L2
震荡-1买,SID等于2 + 相对强弱大于0,1792,0.2472,0.3283,0.753,0.4704,0.5412,-0.0708,L2
震荡-1买,SID等于2 + 相对强弱大于5,424,0.0642,0.0709,0.906,0.5165,0.5412,-0.0247,L2
震荡-1买,SID等于2 + 量比>=1.3,1959,0.3833,0.2255,1.7,0.6672,0.5412,0.126,L2
震荡-1买,SID等于2 + 量比>=2,289,0.051,0.0398,1.283,0.6021,0.5412,0.0609,L2
震荡-1买,SID等于2 + 距前高<=10%,284,0.0396,0.0515,0.768,0.4754,0.5412,-0.0658,L2
震荡-1买,SID等于2 + 深跌(距前高>40%),454,0.0953,0.0446,2.136,0.7159,0.5412,0.1747,L2
震荡-1买,SID等于2 + 距前低<=10%,4948,0.6956,0.891,0.781,0.4794,0.5412,-0.0618,L2
震荡-1买,SID等于2 + 相对强弱>=0,431,0.061,0.0771,0.791,0.4826,0.5412,-0.0586,L2
震荡-1买,SID小于等于2 + 大盘5日上涨,3774,0.5117,0.7018,0.729,0.4624,0.5412,-0.0788,L2
震荡-1买,SID小于等于2 + 相对强弱大于0,1792,0.2472,0.3283,0.753,0.4704,0.5412,-0.0708,L2
震荡-1买,SID小于等于2 + 相对强弱大于5,424,0.0642,0.0709,0.906,0.5165,0.5412,-0.0247,L2
震荡-1买,SID小于等于2 + 量比>=1.3,1959,0.3833,0.2255,1.7,0.6672,0.5412,0.126,L2
震荡-1买,SID小于等于2 + 量比>=2,289,0.051,0.0398,1.283,0.6021,0.5412,0.0609,L2
震荡-1买,SID小于等于2 + 距前高<=10%,284,0.0396,0.0515,0.768,0.4754,0.5412,-0.0658,L2
震荡-1买,SID小于等于2 + 深跌(距前高>40%),454,0.0953,0.0446,2.136,0.7159,0.5412,0.1747,L2
震荡-1买,SID小于等于2 + 距前低<=10%,4948,0.6956,0.891,0.781,0.4794,0.5412,-0.0618,L2
震荡-1买,SID小于等于2 + 相对强弱>=0,431,0.061,0.0771,0.791,0.4826,0.5412,-0.0586,L2
震荡-1买,大盘5日上涨 + 相对强弱大于0,1064,0.1331,0.211,0.631,0.4267,0.5412,-0.1145,L2
震荡-1买,大盘5日上涨 + 相对强弱大于5,222,0.0308,0.0405,0.761,0.473,0.5412,-0.0682,L2
震荡-1买,大盘5日上涨 + 量比>=1.3,883,0.1525,0.1256,1.214,0.5889,0.5412,0.0477,L2
震荡-1买,大盘5日上涨 + 量比>=2,137,0.0214,0.0221,0.967,0.5328,0.5412,-0.0083,L2
震荡-1买,大盘5日上涨 + 距前高<=10%,188,0.024,0.0367,0.656,0.4362,0.5412,-0.105,L2
震荡-1买,大盘5日上涨 + 深跌(距前高>40%),388,0.085,0.0339,2.509,0.7474,0.5412,0.2062,L2
震荡-1买,大盘5日上涨 + 距前低<=10%,3274,0.4126,0.6458,0.639,0.4297,0.5412,-0.1114,L2
震荡-1买,大盘5日上涨 + 相对强弱>=0,212,0.0287,0.0394,0.729,0.4623,0.5412,-0.0789,L2
震荡-1买,相对强弱大于0 + 相对强弱大于5,424,0.0642,0.0709,0.906,0.5165,0.5412,-0.0247,L2
震荡-1买,相对强弱大于0 + 量比>=1.3,597,0.0947,0.0948,0.999,0.541,0.5412,-0.0001,L2
震荡-1买,相对强弱大于0 + 量比>=2,145,0.0246,0.0211,1.167,0.5793,0.5412,0.0381,L2
震荡-1买,相对强弱大于0 + 距前高<=10%,188,0.0267,0.0336,0.795,0.484,0.5412,-0.0571,L2
震荡-1买,相对强弱大于0 + 距前低<=10%,1527,0.2021,0.2899,0.697,0.4512,0.5412,-0.09,L2
震荡-1买,相对强弱大于0 + 相对强弱>=0,431,0.061,0.0771,0.791,0.4826,0.5412,-0.0586,L2
震荡-1买,相对强弱大于5 + 量比>=1.3,192,0.0317,0.0291,1.09,0.5625,0.5412,0.0213,L2
震荡-1买,相对强弱大于5 + 量比>=2,72,0.0123,0.0104,1.187,0.5833,0.5412,0.0421,L2
震荡-1买,相对强弱大于5 + 距前低<=10%,323,0.0472,0.056,0.843,0.4985,0.5412,-0.0427,L2
震荡-1买,相对强弱大于5 + 相对强弱>=0,158,0.024,0.0263,0.915,0.519,0.5412,-0.0222,L2
震荡-1买,量比>=1.3 + 量比>=2,289,0.051,0.0398,1.283,0.6021,0.5412,0.0609,L2
震荡-1买,量比>=1.3 + 距前高<=10%,85,0.0132,0.0138,0.954,0.5294,0.5412,-0.0118,L2
震荡-1买,量比>=1.3 + 深跌(距前高>40%),217,0.051,0.0149,3.431,0.8018,0.5412,0.2607,L2
震荡-1买,量比>=1.3 + 距前低<=10%,1268,0.2214,0.1774,1.248,0.5954,0.5412,0.0542,L2
震荡-1买,量比>=1.3 + 相对强弱>=0,203,0.0331,0.0311,1.064,0.5567,0.5412,0.0155,L2
震荡-1买,量比>=2 + 距前低<=10%,188,0.032,0.0273,1.17,0.5798,0.5412,0.0386,L2
震荡-1买,量比>=2 + 相对强弱>=0,78,0.0126,0.0121,1.042,0.5513,0.5412,0.0101,L2
震荡-1买,距前高<=10% + 距前低<=10%,256,0.0361,0.046,0.784,0.4805,0.5412,-0.0607,L2
震荡-1买,距前高<=10% + 相对强弱>=0,103,0.0155,0.0173,0.899,0.5146,0.5412,-0.0266,L2
震荡-1买,深跌(距前高>40%) + 距前低<=10%,267,0.0507,0.0325,1.56,0.6479,0.5412,0.1068,L2
震荡-1买,距前低<=10% + 相对强弱>=0,348,0.0475,0.0643,0.738,0.4655,0.5412,-0.0757,L2
震荡-1买,极限抄底 + 深跌(距前高>40%) + 量比>=1.3,117,0.0302,0.0048,6.237,0.8803,0.5412,0.3392,L3
震荡-1买,极限抄底 + 深跌(距前高>40%) + 量能金叉,84,0.0223,0.0028,8.054,0.9048,0.5412,0.3636,L3
震荡-1买,极限抄底 + 深跌(距前高>40%) + 量比大于2,78,0.0202,0.0031,6.5,0.8846,0.5412,0.3434,L3
震荡-1买,极限抄底 + 深跌(距前高>40%) + 量能递增,188,0.0469,0.0097,4.845,0.8511,0.5412,0.3099,L3
震荡-1买,极限抄底 + 深跌(距前高>40%) + 价涨量增,180,0.0455,0.0086,5.256,0.8611,0.5412,0.3199,L3
震荡-1买,极限抄底 + 量比>=1.3 + 量能金叉,174,0.0434,0.009,4.826,0.8506,0.5412,0.3094,L3
震荡-1买,极限抄底 + 量比>=1.3 + 量比大于2,260,0.0636,0.0149,4.278,0.8346,0.5412,0.2934,L3
震荡-1买,极限抄底 + 量比>=1.3 + 量比>=2,61,0.0135,0.0052,2.6,0.7541,0.5412,0.2129,L3
震荡-1买,极限抄底 + 量比>=1.3 + 量能递增,344,0.0845,0.0194,4.36,0.8372,0.5412,0.296,L3
震荡-1买,极限抄底 + 量比>=1.3 + 价涨量增,355,0.0871,0.0201,4.341,0.8366,0.5412,0.2954,L3
震荡-1买,极限抄底 + 量比>=1.3 + 中枢进机会区,129,0.0305,0.0086,3.527,0.8062,0.5412,0.265,L3
震荡-1买,极限抄底 + 火箭信号 + 量能递增,79,0.0173,0.0069,2.501,0.7468,0.5412,0.2057,L3
震荡-1买,极限抄底 + 火箭信号 + 价涨量增,74,0.0167,0.0059,2.843,0.7703,0.5412,0.2291,L3
震荡-1买,极限抄底 + 量能金叉 + 量比大于2,169,0.0402,0.0111,3.63,0.8107,0.5412,0.2695,L3
震荡-1买,极限抄底 + 量能金叉 + 量能递增,239,0.0563,0.0163,3.463,0.8033,0.5412,0.2622,L3
震荡-1买,极限抄底 + 量能金叉 + 价涨量增,224,0.054,0.0138,3.9,0.8214,0.5412,0.2802,L3
震荡-1买,极限抄底 + 量能金叉 + 中枢进机会区,100,0.0255,0.0045,5.674,0.87,0.5412,0.3288,L3
震荡-1买,极限抄底 + 量比大于2 + 量比>=2,61,0.0135,0.0052,2.6,0.7541,0.5412,0.2129,L3
震荡-1买,极限抄底 + 量比大于2 + 量能递增,295,0.0707,0.0187,3.784,0.8169,0.5412,0.2758,L3
震荡-1买,极限抄底 + 量比大于2 + 价涨量增,292,0.0704,0.018,3.913,0.8219,0.5412,0.2807,L3
震荡-1买,极限抄底 + 量比大于2 + 中枢进机会区,114,0.0276,0.0069,3.985,0.8246,0.5412,0.2834,L3
震荡-1买,极限抄底 + 量比>=2 + 量能递增,53,0.0126,0.0035,3.646,0.8113,0.5412,0.2701,L3
震荡-1买,极限抄底 + 量比>=2 + 价涨量增,56,0.0126,0.0045,2.804,0.7679,0.5412,0.2267,L3
震荡-1买,极限抄底 + 量能递增 + 价涨量增,493,0.1176,0.0318,3.695,0.8134,0.5412,0.2722,L3
震荡-1买,极限抄底 + 量能递增 + 中枢进机会区,186,0.0446,0.0118,3.79,0.8172,0.5412,0.276,L3
震荡-1买,极限抄底 + 价涨量增 + 中枢进机会区,165,0.0399,0.01,3.976,0.8242,0.5412,0.2831,L3
震荡-1买,深跌(距前高>40%) + 量比>=1.3 + 量能金叉,101,0.0243,0.0062,3.909,0.8218,0.5412,0.2806,L3
震荡-1买,深跌(距前高>40%) + 量比>=1.3 + 量比大于2,83,0.0208,0.0042,5.016,0.8554,0.5412,0.3142,L3
震荡-1买,深跌(距前高>40%) + 量比>=1.3 + 量能递增,202,0.0487,0.0125,3.909,0.8218,0.5412,0.2806,L3
震荡-1买,深跌(距前高>40%) + 量比>=1.3 + 价涨量增,204,0.0484,0.0135,3.587,0.8088,0.5412,0.2676,L3
震荡-1买,深跌(距前高>40%) + 火箭信号 + 量能递增,85,0.0202,0.0055,3.656,0.8118,0.5412,0.2706,L3
震荡-1买,深跌(距前高>40%) + 火箭信号 + 价涨量增,81,0.0185,0.0062,2.967,0.7778,0.5412,0.2366,L3
震荡-1买,深跌(距前高>40%) + 量能金叉 + 量比大于2,64,0.0161,0.0031,5.181,0.8594,0.5412,0.3182,L3
震荡-1买,深跌(距前高>40%) + 量能金叉 + 量能递增,136,0.0334,0.0076,4.393,0.8382,0.5412,0.2971,L3
震荡-1买,深跌(距前高>40%) + 量能金叉 + 价涨量增,137,0.0334,0.008,4.202,0.8321,0.5412,0.2909,L3
震荡-1买,深跌(距前高>40%) + 量比大于2 + 量能递增,114,0.027,0.0076,3.545,0.807,0.5412,0.2658,L3
震荡-1买,深跌(距前高>40%) + 量比大于2 + 价涨量增,112,0.0258,0.0083,3.109,0.7857,0.5412,0.2445,L3
震荡-1买,深跌(距前高>40%) + 量能递增 + 价涨量增,319,0.0736,0.0235,3.129,0.7868,0.5412,0.2456,L3
震荡-1买,深跌(距前高>40%) + 量能递增 + 中枢进机会区,53,0.0111,0.0052,2.148,0.717,0.5412,0.1758,L3
震荡-1买,量比>=1.3 + MA55上穿MA89 + 价涨量增,50,0.01,0.0055,1.802,0.68,0.5412,0.1388,L3
震荡-1买,量比>=1.3 + 偏多共振 + 多头共振,81,0.0161,0.009,1.793,0.679,0.5412,0.1378,L3
震荡-1买,量比>=1.3 + 偏多共振 + MACD_DIF大于0,51,0.0094,0.0066,1.428,0.6275,0.5412,0.0863,L3
震荡-1买,量比>=1.3 + 偏多共振 + 量能递增,57,0.0111,0.0066,1.696,0.6667,0.5412,0.1255,L3
震荡-1买,量比>=1.3 + 偏多共振 + 价涨量增,61,0.012,0.0069,1.738,0.6721,0.5412,0.1309,L3
震荡-1买,量比>=1.3 + 偏多共振 + 中枢进机会区,62,0.0129,0.0062,2.072,0.7097,0.5412,0.1685,L3
震荡-1买,量比>=1.3 + 多头共振 + MACD_DIF大于0,51,0.0094,0.0066,1.428,0.6275,0.5412,0.0863,L3
震荡-1买,量比>=1.3 + 多头共振 + 量能递增,57,0.0111,0.0066,1.696,0.6667,0.5412,0.1255,L3
震荡-1买,量比>=1.3 + 多头共振 + 价涨量增,61,0.012,0.0069,1.738,0.6721,0.5412,0.1309,L3
震荡-1买,量比>=1.3 + 多头共振 + 中枢进机会区,62,0.0129,0.0062,2.072,0.7097,0.5412,0.1685,L3
震荡-1买,量比>=1.3 + 火箭信号 + 量能金叉,140,0.0299,0.0131,2.276,0.7286,0.5412,0.1874,L3
震荡-1买,量比>=1.3 + 火箭信号 + 量比大于2,157,0.0326,0.0159,2.046,0.707,0.5412,0.1658,L3
震荡-1买,量比>=1.3 + 火箭信号 + 量比>=2,57,0.0114,0.0062,1.837,0.6842,0.5412,0.143,L3
震荡-1买,量比>=1.3 + 火箭信号 + 量能递增,239,0.0513,0.0221,2.318,0.7322,0.5412,0.191,L3
震荡-1买,量比>=1.3 + 火箭信号 + 价涨量增,242,0.0513,0.0232,2.214,0.7231,0.5412,0.182,L3
震荡-1买,量比>=1.3 + 火箭信号 + 中枢进机会区,85,0.0179,0.0083,2.155,0.7176,0.5412,0.1765,L3
震荡-1买,量比>=1.3 + 量能金叉 + 量比大于2,599,0.1202,0.0654,1.839,0.6845,0.5412,0.1433,L3
震荡-1买,量比>=1.3 + 量能金叉 + 量比>=2,182,0.0328,0.0242,1.356,0.6154,0.5412,0.0742,L3
震荡-1买,量比>=1.3 + 量能金叉 + MACD_DIF大于0,75,0.0126,0.0111,1.139,0.5733,0.5412,0.0321,L3
震荡-1买,量比>=1.3 + 量能金叉 + 量能递增,815,0.1636,0.0889,1.841,0.6847,0.5412,0.1435,L3
震荡-1买,量比>=1.3 + 量能金叉 + 价涨量增,824,0.1669,0.0882,1.892,0.6905,0.5412,0.1494,L3
震荡-1买,量比>=1.3 + 量能金叉 + 中枢进机会区,433,0.0891,0.0446,1.998,0.7021,0.5412,0.1609,L3
震荡-1买,量比>=1.3 + 量比大于2 + 量比>=2,289,0.051,0.0398,1.283,0.6021,0.5412,0.0609,L3
震荡-1买,量比>=1.3 + 量比大于2 + MACD_DIF大于0,91,0.0155,0.0131,1.182,0.5824,0.5412,0.0412,L3
震荡-1买,量比>=1.3 + 量比大于2 + 量能递增,906,0.1839,0.0965,1.905,0.6921,0.5412,0.1509,L3
震荡-1买,量比>=1.3 + 量比大于2 + 价涨量增,950,0.1909,0.1034,1.846,0.6853,0.5412,0.1441,L3
震荡-1买,量比>=1.3 + 量比大于2 + 趋势多头,61,0.0129,0.0059,2.194,0.7213,0.5412,0.1801,L3
震荡-1买,量比>=1.3 + 量比大于2 + 上升中回调,54,0.01,0.0069,1.441,0.6296,0.5412,0.0884,L3
震荡-1买,量比>=1.3 + 量比大于2 + 中枢进机会区,447,0.0921,0.046,2.002,0.7025,0.5412,0.1613,L3
震荡-1买,量比>=1.3 + 量比>=2 + 量能递增,259,0.0469,0.0342,1.37,0.6178,0.5412,0.0766,L3
震荡-1买,量比>=1.3 + 量比>=2 + 价涨量增,272,0.0484,0.037,1.307,0.6066,0.5412,0.0654,L3
震荡-1买,量比>=1.3 + 量比>=2 + 中枢进机会区,120,0.0223,0.0152,1.464,0.6333,0.5412,0.0921,L3
震荡-1买,量比>=1.3 + MACD_DIF大于0 + 量能递增,127,0.0211,0.019,1.11,0.5669,0.5412,0.0257,L3
震荡-1买,量比>=1.3 + MACD_DIF大于0 + 价涨量增,126,0.0214,0.0183,1.168,0.5794,0.5412,0.0382,L3
震荡-1买,量比>=1.3 + MACD_DIF大于0 + 趋势多头,60,0.0111,0.0076,1.464,0.6333,0.5412,0.0921,L3
震荡-1买,量比>=1.3 + MACD_DIF大于0 + 上升中回调,53,0.0085,0.0083,1.024,0.5472,0.5412,0.006,L3
震荡-1买,量比>=1.3 + MACD_DIF大于0 + 中枢进机会区,101,0.0176,0.0142,1.241,0.5941,0.5412,0.0529,L3
震荡-1买,量比>=1.3 + 量能递增 + 价涨量增,1513,0.3076,0.1605,1.917,0.6933,0.5412,0.1521,L3
震荡-1买,量比>=1.3 + 量能递增 + 趋势多头,73,0.0147,0.008,1.843,0.6849,0.5412,0.1437,L3
震荡-1买,量比>=1.3 + 量能递增 + 上升中回调,68,0.0129,0.0083,1.554,0.6471,0.5412,0.1059,L3
震荡-1买,量比>=1.3 + 量能递增 + 中枢进机会区,653,0.1314,0.0709,1.853,0.6861,0.5412,0.1449,L3
震荡-1买,量比>=1.3 + 价涨量增 + 趋势多头,78,0.0152,0.009,1.696,0.6667,0.5412,0.1255,L3
震荡-1买,量比>=1.3 + 价涨量增 + 上升中回调,74,0.0141,0.009,1.565,0.6486,0.5412,0.1075,L3
震荡-1买,量比>=1.3 + 价涨量增 + 中枢进机会区,699,0.1413,0.0751,1.883,0.6896,0.5412,0.1484,L3
震荡-1买,量比>=1.3 + 趋势多头 + 中枢进机会区,51,0.0094,0.0066,1.428,0.6275,0.5412,0.0863,L3
震荡-1买,量比>=1.3 + 上升中回调 + 中枢进机会区,59,0.0114,0.0069,1.653,0.661,0.5412,0.1198,L3
震荡-1买,MA55上穿MA89 + 量比大于2 + 量能递增,51,0.0106,0.0052,2.035,0.7059,0.5412,0.1647,L3
震荡-1买,MA55上穿MA89 + 量比大于2 + 价涨量增,54,0.0106,0.0062,1.696,0.6667,0.5412,0.1255,L3
震荡-1买,MA55上穿MA89 + 量能递增 + 价涨量增,83,0.0158,0.01,1.579,0.6506,0.5412,0.1094,L3
震荡-1买,MA55上穿MA89 + 量能递增 + 中枢进机会区,77,0.0167,0.0069,2.416,0.7403,0.5412,0.1991,L3
震荡-1买,MA55上穿MA89 + 价涨量增 + 中枢进机会区,54,0.0106,0.0062,1.696,0.6667,0.5412,0.1255,L3
震荡-1买,偏多共振 + 多头共振 + 斐波短中多头,72,0.0129,0.0097,1.332,0.6111,0.5412,0.0699,L3
震荡-1买,偏多共振 + 多头共振 + 量能金叉,81,0.0167,0.0083,2.014,0.7037,0.5412,0.1625,L3
震荡-1买,偏多共振 + 多头共振 + 量比大于2,96,0.017,0.0131,1.294,0.6042,0.5412,0.063,L3
震荡-1买,偏多共振 + 多头共振 + 多头排列,66,0.0111,0.0097,1.151,0.5758,0.5412,0.0346,L3
震荡-1买,偏多共振 + 多头共振 + MACD_DIF大于0,274,0.0522,0.0332,1.572,0.6496,0.5412,0.1085,L3
震荡-1买,偏多共振 + 多头共振 + 量能递增,273,0.0537,0.0311,1.724,0.6703,0.5412,0.1291,L3
震荡-1买,偏多共振 + 多头共振 + 价涨量增,177,0.0314,0.0242,1.296,0.6045,0.5412,0.0633,L3
震荡-1买,偏多共振 + 多头共振 + 趋势多头,70,0.0097,0.0128,0.756,0.4714,0.5412,-0.0698,L3
震荡-1买,偏多共振 + 多头共振 + 上升中回调,81,0.0132,0.0125,1.06,0.5556,0.5412,0.0144,L3
震荡-1买,偏多共振 + 多头共振 + 中枢进机会区,338,0.0686,0.036,1.908,0.6923,0.5412,0.1511,L3
震荡-1买,偏多共振 + 斐波短中多头 + MACD_DIF大于0,71,0.0126,0.0097,1.302,0.6056,0.5412,0.0644,L3
震荡-1买,偏多共振 + 斐波短中多头 + 量能递增,68,0.012,0.0093,1.287,0.6029,0.5412,0.0618,L3
震荡-1买,偏多共振 + 斐波短中多头 + 中枢进机会区,54,0.0103,0.0066,1.562,0.6481,0.5412,0.107,L3
震荡-1买,偏多共振 + 量能金叉 + 量比大于2,51,0.0103,0.0055,1.855,0.6863,0.5412,0.1451,L3
震荡-1买,偏多共振 + 量能金叉 + 量能递增,60,0.0114,0.0073,1.574,0.65,0.5412,0.1088,L3
震荡-1买,偏多共振 + 量能金叉 + 价涨量增,64,0.0126,0.0073,1.736,0.6719,0.5412,0.1307,L3
震荡-1买,偏多共振 + 量能金叉 + 中枢进机会区,68,0.0141,0.0069,2.035,0.7059,0.5412,0.1647,L3
震荡-1买,偏多共振 + 量比大于2 + MACD_DIF大于0,68,0.0109,0.0107,1.012,0.5441,0.5412,0.0029,L3
震荡-1买,偏多共振 + 量比大于2 + 量能递增,79,0.0141,0.0107,1.313,0.6076,0.5412,0.0664,L3
震荡-1买,偏多共振 + 量比大于2 + 价涨量增,78,0.0138,0.0107,1.285,0.6026,0.5412,0.0614,L3
震荡-1买,偏多共振 + 量比大于2 + 中枢进机会区,78,0.0147,0.0097,1.514,0.641,0.5412,0.0998,L3
震荡-1买,偏多共振 + 多头排列 + MACD_DIF大于0,66,0.0111,0.0097,1.151,0.5758,0.5412,0.0346,L3
震荡-1买,偏多共振 + 多头排列 + 量能递增,63,0.0106,0.0093,1.13,0.5714,0.5412,0.0302,L3
震荡-1买,偏多共振 + MACD_DIF大于0 + 量能递增,209,0.0399,0.0253,1.579,0.6507,0.5412,0.1095,L3
震荡-1买,偏多共振 + MACD_DIF大于0 + 价涨量增,125,0.0217,0.0176,1.23,0.592,0.5412,0.0508,L3
震荡-1买,偏多共振 + MACD_DIF大于0 + 趋势多头,64,0.0085,0.0121,0.702,0.4531,0.5412,-0.0881,L3
震荡-1买,偏多共振 + MACD_DIF大于0 + 上升中回调,77,0.0123,0.0121,1.017,0.5455,0.5412,0.0043,L3
震荡-1买,偏多共振 + MACD_DIF大于0 + 中枢进机会区,236,0.0475,0.0256,1.856,0.6864,0.5412,0.1453,L3
震荡-1买,偏多共振 + 量能递增 + 价涨量增,145,0.0261,0.0194,1.347,0.6138,0.5412,0.0726,L3
震荡-1买,偏多共振 + 量能递增 + 趋势多头,57,0.0079,0.0104,0.763,0.4737,0.5412,-0.0675,L3
震荡-1买,偏多共振 + 量能递增 + 上升中回调,60,0.0103,0.0086,1.187,0.5833,0.5412,0.0421,L3
震荡-1买,偏多共振 + 量能递增 + 中枢进机会区,234,0.0487,0.0235,2.07,0.7094,0.5412,0.1682,L3
震荡-1买,偏多共振 + 价涨量增 + 趋势多头,60,0.0085,0.0107,0.793,0.4833,0.5412,-0.0579,L3
震荡-1买,偏多共振 + 价涨量增 + 上升中回调,54,0.0088,0.0083,1.06,0.5556,0.5412,0.0144,L3
震荡-1买,偏多共振 + 价涨量增 + 中枢进机会区,145,0.0282,0.0169,1.661,0.6621,0.5412,0.1209,L3
震荡-1买,偏多共振 + 上升中回调 + 中枢进机会区,61,0.0111,0.008,1.401,0.623,0.5412,0.0818,L3
震荡-1买,多头共振 + 斐波短中多头 + MACD_DIF大于0,71,0.0126,0.0097,1.302,0.6056,0.5412,0.0644,L3
震荡-1买,多头共振 + 斐波短中多头 + 量能递增,68,0.012,0.0093,1.287,0.6029,0.5412,0.0618,L3
震荡-1买,多头共振 + 斐波短中多头 + 中枢进机会区,54,0.0103,0.0066,1.562,0.6481,0.5412,0.107,L3
震荡-1买,多头共振 + 量能金叉 + 量比大于2,51,0.0103,0.0055,1.855,0.6863,0.5412,0.1451,L3
震荡-1买,多头共振 + 量能金叉 + 量能递增,60,0.0114,0.0073,1.574,0.65,0.5412,0.1088,L3
震荡-1买,多头共振 + 量能金叉 + 价涨量增,64,0.0126,0.0073,1.736,0.6719,0.5412,0.1307,L3
震荡-1买,多头共振 + 量能金叉 + 中枢进机会区,68,0.0141,0.0069,2.035,0.7059,0.5412,0.1647,L3
震荡-1买,多头共振 + 量比大于2 + MACD_DIF大于0,68,0.0109,0.0107,1.012,0.5441,0.5412,0.0029,L3
震荡-1买,多头共振 + 量比大于2 + 量能递增,79,0.0141,0.0107,1.313,0.6076,0.5412,0.0664,L3
震荡-1买,多头共振 + 量比大于2 + 价涨量增,78,0.0138,0.0107,1.285,0.6026,0.5412,0.0614,L3
震荡-1买,多头共振 + 量比大于2 + 中枢进机会区,78,0.0147,0.0097,1.514,0.641,0.5412,0.0998,L3
震荡-1买,多头共振 + 多头排列 + MACD_DIF大于0,66,0.0111,0.0097,1.151,0.5758,0.5412,0.0346,L3
震荡-1买,多头共振 + 多头排列 + 量能递增,63,0.0106,0.0093,1.13,0.5714,0.5412,0.0302,L3
震荡-1买,多头共振 + MACD_DIF大于0 + 量能递增,209,0.0399,0.0253,1.579,0.6507,0.5412,0.1095,L3
震荡-1买,多头共振 + MACD_DIF大于0 + 价涨量增,125,0.0217,0.0176,1.23,0.592,0.5412,0.0508,L3
震荡-1买,多头共振 + MACD_DIF大于0 + 趋势多头,64,0.0085,0.0121,0.702,0.4531,0.5412,-0.0881,L3
震荡-1买,多头共振 + MACD_DIF大于0 + 上升中回调,77,0.0123,0.0121,1.017,0.5455,0.5412,0.0043,L3
震荡-1买,多头共振 + MACD_DIF大于0 + 中枢进机会区,236,0.0475,0.0256,1.856,0.6864,0.5412,0.1453,L3
震荡-1买,多头共振 + 量能递增 + 价涨量增,144,0.0258,0.0194,1.332,0.6111,0.5412,0.0699,L3
震荡-1买,多头共振 + 量能递增 + 趋势多头,57,0.0079,0.0104,0.763,0.4737,0.5412,-0.0675,L3
震荡-1买,多头共振 + 量能递增 + 上升中回调,60,0.0103,0.0086,1.187,0.5833,0.5412,0.0421,L3
震荡-1买,多头共振 + 量能递增 + 中枢进机会区,233,0.0484,0.0235,2.057,0.7082,0.5412,0.167,L3
震荡-1买,多头共振 + 价涨量增 + 趋势多头,60,0.0085,0.0107,0.793,0.4833,0.5412,-0.0579,L3
震荡-1买,多头共振 + 价涨量增 + 上升中回调,54,0.0088,0.0083,1.06,0.5556,0.5412,0.0144,L3
震荡-1买,多头共振 + 价涨量增 + 中枢进机会区,144,0.0279,0.0169,1.644,0.6597,0.5412,0.1185,L3
震荡-1买,多头共振 + 上升中回调 + 中枢进机会区,61,0.0111,0.008,1.401,0.623,0.5412,0.0818,L3
震荡-1买,斐波短中多头 + 多头排列 + MACD_DIF大于0,74,0.0126,0.0107,1.176,0.5811,0.5412,0.0399,L3
震荡-1买,斐波短中多头 + 多头排列 + 量能递增,71,0.0123,0.01,1.228,0.5915,0.5412,0.0504,L3
震荡-1买,斐波短中多头 + 多头排列 + 中枢进机会区,53,0.0097,0.0069,1.399,0.6226,0.5412,0.0815,L3
震荡-1买,斐波短中多头 + MACD_DIF大于0 + 量能递增,110,0.0211,0.0131,1.606,0.6545,0.5412,0.1134,L3
震荡-1买,斐波短中多头 + MACD_DIF大于0 + 价涨量增,63,0.0106,0.0093,1.13,0.5714,0.5412,0.0302,L3
震荡-1买,斐波短中多头 + MACD_DIF大于0 + 趋势多头,50,0.0073,0.0086,0.848,0.5,0.5412,-0.0412,L3
震荡-1买,斐波短中多头 + MACD_DIF大于0 + 中枢进机会区,89,0.0179,0.0097,1.847,0.6854,0.5412,0.1442,L3
震荡-1买,斐波短中多头 + 量能递增 + 价涨量增,63,0.0106,0.0093,1.13,0.5714,0.5412,0.0302,L3
震荡-1买,斐波短中多头 + 量能递增 + 中枢进机会区,88,0.0179,0.0093,1.915,0.6932,0.5412,0.152,L3
震荡-1买,火箭信号 + 量能金叉 + 量比大于2,181,0.032,0.0249,1.283,0.6022,0.5412,0.061,L3
震荡-1买,火箭信号 + 量能金叉 + 量能递增,220,0.0413,0.0273,1.513,0.6409,0.5412,0.0997,L3
震荡-1买,火箭信号 + 量能金叉 + 价涨量增,222,0.0413,0.028,1.476,0.6351,0.5412,0.094,L3
震荡-1买,火箭信号 + 量能金叉 + 中枢进机会区,87,0.0161,0.0111,1.457,0.6322,0.5412,0.091,L3
震荡-1买,火箭信号 + 量比大于2 + 量比>=2,57,0.0114,0.0062,1.837,0.6842,0.5412,0.143,L3
震荡-1买,火箭信号 + 量比大于2 + MACD_DIF大于0,54,0.01,0.0069,1.441,0.6296,0.5412,0.0884,L3
震荡-1买,火箭信号 + 量比大于2 + 量能递增,273,0.0475,0.0384,1.237,0.5934,0.5412,0.0522,L3
震荡-1买,火箭信号 + 量比大于2 + 价涨量增,278,0.0475,0.0401,1.184,0.5827,0.5412,0.0415,L3
震荡-1买,火箭信号 + 量比大于2 + 趋势多头,56,0.012,0.0052,2.317,0.7321,0.5412,0.191,L3
震荡-1买,火箭信号 + 量比大于2 + 中枢进机会区,123,0.0214,0.0173,1.238,0.5935,0.5412,0.0523,L3
震荡-1买,火箭信号 + 量比>=2 + 量能递增,55,0.0114,0.0055,2.067,0.7091,0.5412,0.1679,L3
震荡-1买,火箭信号 + 量比>=2 + 价涨量增,55,0.0109,0.0062,1.743,0.6727,0.5412,0.1315,L3
震荡-1买,火箭信号 + MACD_DIF大于0 + 量能递增,76,0.0132,0.0107,1.231,0.5921,0.5412,0.0509,L3
震荡-1买,火箭信号 + MACD_DIF大于0 + 价涨量增,71,0.0132,0.009,1.467,0.6338,0.5412,0.0926,L3
震荡-1买,火箭信号 + MACD_DIF大于0 + 中枢进机会区,68,0.012,0.0093,1.287,0.6029,0.5412,0.0618,L3
震荡-1买,火箭信号 + 量能递增 + 价涨量增,430,0.0815,0.0526,1.551,0.6465,0.5412,0.1053,L3
震荡-1买,火箭信号 + 量能递增 + 趋势多头,61,0.0129,0.0059,2.194,0.7213,0.5412,0.1801,L3
震荡-1买,火箭信号 + 量能递增 + 中枢进机会区,183,0.0337,0.0235,1.434,0.6284,0.5412,0.0872,L3
震荡-1买,火箭信号 + 价涨量增 + 趋势多头,65,0.0138,0.0062,2.214,0.7231,0.5412,0.1819,L3
震荡-1买,火箭信号 + 价涨量增 + 中枢进机会区,184,0.0334,0.0242,1.381,0.6196,0.5412,0.0784,L3
震荡-1买,火箭信号 + 趋势多头 + 中枢进机会区,52,0.0103,0.0059,1.745,0.6731,0.5412,0.1319,L3
震荡-1买,量能金叉 + 量比大于2 + 量比>=2,182,0.0328,0.0242,1.356,0.6154,0.5412,0.0742,L3
震荡-1买,量能金叉 + 量比大于2 + MACD_DIF大于0,107,0.0182,0.0156,1.168,0.5794,0.5412,0.0383,L3
震荡-1买,量能金叉 + 量比大于2 + 量能递增,955,0.1739,0.1252,1.389,0.6209,0.5412,0.0798,L3
震荡-1买,量能金叉 + 量比大于2 + 价涨量增,937,0.1736,0.1193,1.455,0.6318,0.5412,0.0906,L3
震荡-1买,量能金叉 + 量比大于2 + 趋势多头,75,0.0135,0.01,1.345,0.6133,0.5412,0.0721,L3
震荡-1买,量能金叉 + 量比大于2 + 上升中回调,53,0.01,0.0066,1.517,0.6415,0.5412,0.1003,L3
震荡-1买,量能金叉 + 量比大于2 + 中枢进机会区,541,0.1053,0.063,1.672,0.6636,0.5412,0.1224,L3
震荡-1买,量能金叉 + 量比>=2 + 量能递增,171,0.0308,0.0228,1.349,0.614,0.5412,0.0729,L3
震荡-1买,量能金叉 + 量比>=2 + 价涨量增,172,0.0311,0.0228,1.362,0.6163,0.5412,0.0751,L3
震荡-1买,量能金叉 + 量比>=2 + 中枢进机会区,89,0.0179,0.0097,1.847,0.6854,0.5412,0.1442,L3
震荡-1买,量能金叉 + MACD_DIF大于0 + 量能递增,129,0.0202,0.0208,0.975,0.5349,0.5412,-0.0063,L3
震荡-1买,量能金叉 + MACD_DIF大于0 + 价涨量增,128,0.0211,0.0194,1.09,0.5625,0.5412,0.0213,L3
震荡-1买,量能金叉 + MACD_DIF大于0 + 趋势多头,62,0.0097,0.01,0.965,0.5323,0.5412,-0.0089,L3
震荡-1买,量能金叉 + MACD_DIF大于0 + 中枢进机会区,106,0.0182,0.0152,1.195,0.5849,0.5412,0.0437,L3
震荡-1买,量能金叉 + 量能递增 + 价涨量增,1386,0.2551,0.1785,1.429,0.6277,0.5412,0.0865,L3
震荡-1买,量能金叉 + 量能递增 + 趋势多头,86,0.0147,0.0125,1.178,0.5814,0.5412,0.0402,L3
震荡-1买,量能金叉 + 量能递增 + 上升中回调,62,0.0109,0.0086,1.255,0.5968,0.5412,0.0556,L3
震荡-1买,量能金叉 + 量能递增 + 中枢进机会区,774,0.1416,0.1007,1.407,0.624,0.5412,0.0828,L3
震荡-1买,量能金叉 + 价涨量增 + 趋势多头,91,0.0155,0.0131,1.182,0.5824,0.5412,0.0412,L3
震荡-1买,量能金叉 + 价涨量增 + 上升中回调,65,0.0114,0.009,1.272,0.6,0.5412,0.0588,L3
震荡-1买,量能金叉 + 价涨量增 + 中枢进机会区,747,0.1396,0.0937,1.489,0.6372,0.5412,0.096,L3
震荡-1买,量能金叉 + 趋势多头 + 中枢进机会区,57,0.0094,0.0086,1.085,0.5614,0.5412,0.0202,L3
震荡-1买,量比大于2 + 量比>=2 + 量能递增,259,0.0469,0.0342,1.37,0.6178,0.5412,0.0766,L3
震荡-1买,量比大于2 + 量比>=2 + 价涨量增,272,0.0484,0.037,1.307,0.6066,0.5412,0.0654,L3
震荡-1买,量比大于2 + 量比>=2 + 中枢进机会区,120,0.0223,0.0152,1.464,0.6333,0.5412,0.0921,L3
震荡-1买,量比大于2 + MACD_DIF大于0 + 量能递增,172,0.027,0.0277,0.975,0.5349,0.5412,-0.0063,L3
震荡-1买,量比大于2 + MACD_DIF大于0 + 价涨量增,171,0.0276,0.0266,1.035,0.5497,0.5412,0.0085,L3
震荡-1买,量比大于2 + MACD_DIF大于0 + 趋势多头,93,0.0158,0.0135,1.174,0.5806,0.5412,0.0395,L3
震荡-1买,量比大于2 + MACD_DIF大于0 + 上升中回调,64,0.0106,0.0097,1.09,0.5625,0.5412,0.0213,L3
震荡-1买,量比大于2 + MACD_DIF大于0 + 中枢进机会区,143,0.024,0.0211,1.14,0.5734,0.5412,0.0322,L3
震荡-1买,量比大于2 + 量能递增 + 价涨量增,1516,0.2801,0.1941,1.443,0.6299,0.5412,0.0888,L3
震荡-1买,量比大于2 + 量能递增 + 趋势多头,117,0.0208,0.0159,1.309,0.6068,0.5412,0.0657,L3
震荡-1买,量比大于2 + 量能递增 + 上升中回调,77,0.0141,0.01,1.403,0.6234,0.5412,0.0822,L3
震荡-1买,量比大于2 + 量能递增 + 中枢进机会区,780,0.146,0.0975,1.497,0.6385,0.5412,0.0973,L3
震荡-1买,量比大于2 + 价涨量增 + 趋势多头,125,0.0223,0.0169,1.315,0.608,0.5412,0.0668,L3
震荡-1买,量比大于2 + 价涨量增 + 上升中回调,85,0.015,0.0118,1.272,0.6,0.5412,0.0588,L3
震荡-1买,量比大于2 + 价涨量增 + 中枢进机会区,779,0.1469,0.0962,1.528,0.6431,0.5412,0.1019,L3
震荡-1买,量比大于2 + 趋势多头 + 中枢进机会区,81,0.0147,0.0107,1.367,0.6173,0.5412,0.0761,L3
震荡-1买,量比大于2 + 上升中回调 + 中枢进机会区,62,0.0123,0.0069,1.78,0.6774,0.5412,0.1362,L3
震荡-1买,多头排列 + MACD_DIF大于0 + 量能递增,112,0.0202,0.0149,1.36,0.6161,0.5412,0.0749,L3
震荡-1买,多头排列 + MACD_DIF大于0 + 价涨量增,66,0.0111,0.0097,1.151,0.5758,0.5412,0.0346,L3
震荡-1买,多头排列 + MACD_DIF大于0 + 趋势多头,60,0.0094,0.0097,0.969,0.5333,0.5412,-0.0079,L3
震荡-1买,多头排列 + MACD_DIF大于0 + 中枢进机会区,85,0.0164,0.01,1.637,0.6588,0.5412,0.1176,L3
震荡-1买,多头排列 + 量能递增 + 价涨量增,64,0.0106,0.0097,1.09,0.5625,0.5412,0.0213,L3
震荡-1买,多头排列 + 量能递增 + 趋势多头,55,0.0082,0.0093,0.879,0.5091,0.5412,-0.0321,L3
震荡-1买,多头排列 + 量能递增 + 中枢进机会区,83,0.0161,0.0097,1.665,0.6627,0.5412,0.1215,L3
震荡-1买,多头排列 + 价涨量增 + 趋势多头,50,0.0079,0.008,0.995,0.54,0.5412,-0.0012,L3
震荡-1买,量比>=2 + 量能递增 + 价涨量增,248,0.0452,0.0325,1.389,0.621,0.5412,0.0798,L3
震荡-1买,量比>=2 + 量能递增 + 中枢进机会区,108,0.0202,0.0135,1.5,0.6389,0.5412,0.0977,L3
震荡-1买,量比>=2 + 价涨量增 + 中枢进机会区,112,0.0208,0.0142,1.468,0.6339,0.5412,0.0927,L3
震荡-1买,MACD_DIF大于0 + 量能递增 + 价涨量增,281,0.0457,0.0432,1.058,0.5552,0.5412,0.014,L3
震荡-1买,MACD_DIF大于0 + 量能递增 + 趋势多头,136,0.0208,0.0225,0.926,0.5221,0.5412,-0.0191,L3
震荡-1买,MACD_DIF大于0 + 量能递增 + 上升中回调,116,0.0199,0.0166,1.201,0.5862,0.5412,0.045,L3
震荡-1买,MACD_DIF大于0 + 量能递增 + 中枢进机会区,362,0.0651,0.0484,1.344,0.6133,0.5412,0.0721,L3
震荡-1买,MACD_DIF大于0 + 价涨量增 + 趋势多头,138,0.0223,0.0214,1.039,0.5507,0.5412,0.0095,L3
震荡-1买,MACD_DIF大于0 + 价涨量增 + 上升中回调,107,0.0176,0.0163,1.082,0.5607,0.5412,0.0196,L3
震荡-1买,MACD_DIF大于0 + 价涨量增 + 中枢进机会区,239,0.0416,0.0336,1.241,0.5941,0.5412,0.053,L3
震荡-1买,MACD_DIF大于0 + 趋势多头 + 上升中回调,67,0.01,0.0114,0.873,0.5075,0.5412,-0.0337,L3
震荡-1买,MACD_DIF大于0 + 趋势多头 + 中枢进机会区,100,0.0161,0.0156,1.036,0.55,0.5412,0.0088,L3
震荡-1买,MACD_DIF大于0 + 上升中回调 + 中枢进机会区,110,0.0191,0.0156,1.225,0.5909,0.5412,0.0497,L3
震荡-1买,量能递增 + 价涨量增 + 趋势多头,168,0.0293,0.0235,1.247,0.5952,0.5412,0.0541,L3
震荡-1买,量能递增 + 价涨量增 + 上升中回调,130,0.0232,0.0176,1.313,0.6077,0.5412,0.0665,L3
震荡-1买,量能递增 + 价涨量增 + 中枢进机会区,1478,0.268,0.1951,1.374,0.6184,0.5412,0.0772,L3
震荡-1买,量能递增 + 趋势多头 + 上升中回调,69,0.0109,0.0111,0.98,0.5362,0.5412,-0.005,L3
震荡-1买,量能递增 + 趋势多头 + 中枢进机会区,117,0.0202,0.0166,1.219,0.5897,0.5412,0.0486,L3
震荡-1买,量能递增 + 上升中回调 + 中枢进机会区,109,0.0208,0.0131,1.584,0.6514,0.5412,0.1102,L3
震荡-1买,价涨量增 + 趋势多头 + 上升中回调,74,0.0114,0.0121,0.945,0.527,0.5412,-0.0142,L3
震荡-1买,价涨量增 + 趋势多头 + 中枢进机会区,122,0.0217,0.0166,1.307,0.6066,0.5412,0.0654,L3
震荡-1买,价涨量增 + 上升中回调 + 中枢进机会区,110,0.0196,0.0149,1.321,0.6091,0.5412,0.0679,L3
震荡-1买,量比>=1.0,3518,0.6551,0.4441,1.475,0.635,0.5412,0.0938,L4
震荡-1买,极限抄底 + 量比>=1.0,627,0.1513,0.0384,3.941,0.823,0.5412,0.2818,L4
震荡-1买,量能金叉 + 量比>=1.0,1344,0.2689,0.1477,1.821,0.6823,0.5412,0.1411,L4
震荡-1买,大盘安全 + 量比>=1.0,1624,0.266,0.248,1.072,0.5585,0.5412,0.0173,L4
震荡-1买,偏多共振 + 量比>=1.0,172,0.0358,0.0173,2.069,0.7093,0.5412,0.1681,L4
震荡-1买,中枢进机会区 + 量比>=1.0,1598,0.3114,0.1854,1.68,0.6646,0.5412,0.1234,L4
震荡-1买,量比>=1.3,1959,0.3833,0.2255,1.7,0.6672,0.5412,0.126,L4
震荡-1买,极限抄底 + 量比>=1.3,426,0.1041,0.0246,4.239,0.8333,0.5412,0.2921,L4
震荡-1买,量能金叉 + 量比>=1.3,887,0.1804,0.0941,1.917,0.6933,0.5412,0.1522,L4
震荡-1买,大盘安全 + 量比>=1.3,828,0.1463,0.1138,1.286,0.6027,0.5412,0.0615,L4
震荡-1买,偏多共振 + 量比>=1.3,81,0.0161,0.009,1.793,0.679,0.5412,0.1378,L4
震荡-1买,中枢进机会区 + 量比>=1.3,822,0.1648,0.0899,1.833,0.6837,0.5412,0.1425,L4
震荡-1买,量比>=1.5,1157,0.2246,0.1352,1.661,0.6621,0.5412,0.1209,L4
震荡-1买,极限抄底 + 量比>=1.5,249,0.0572,0.0187,3.062,0.7831,0.5412,0.2419,L4
震荡-1买,量能金叉 + 量比>=1.5,577,0.1147,0.0643,1.782,0.6776,0.5412,0.1365,L4
震荡-1买,大盘安全 + 量比>=1.5,481,0.0868,0.064,1.356,0.6154,0.5412,0.0742,L4
震荡-1买,中枢进机会区 + 量比>=1.5,447,0.0874,0.0515,1.696,0.6667,0.5412,0.1255,L4
震荡-1买,量比>=2.0,289,0.051,0.0398,1.283,0.6021,0.5412,0.0609,L4
震荡-1买,极限抄底 + 量比>=2.0,61,0.0135,0.0052,2.6,0.7541,0.5412,0.2129,L4
震荡-1买,量能金叉 + 量比>=2.0,182,0.0328,0.0242,1.356,0.6154,0.5412,0.0742,L4
震荡-1买,大盘安全 + 量比>=2.0,128,0.0205,0.0201,1.023,0.5469,0.5412,0.0057,L4
震荡-1买,中枢进机会区 + 量比>=2.0,120,0.0223,0.0152,1.464,0.6333,0.5412,0.0921,L4
震荡-1买,量比>=2.5,99,0.0185,0.0125,1.484,0.6364,0.5412,0.0952,L4
震荡-1买,量能金叉 + 量比>=2.5,70,0.0141,0.0076,1.85,0.6857,0.5412,0.1445,L4
震荡-1买,大盘安全 + 量比>=2.5,51,0.0082,0.008,1.032,0.549,0.5412,0.0078,L4
震荡-1买,距60日高点>=0.85,1285,0.1677,0.2466,0.68,0.4451,0.5412,-0.096,L4
震荡-1买,量能金叉 + 距60日高点>=0.85,412,0.0587,0.0733,0.8,0.4854,0.5412,-0.0557,L4
震荡-1买,大盘安全 + 距60日高点>=0.85,723,0.0721,0.165,0.437,0.3402,0.5412,-0.2009,L4
震荡-1买,偏多共振 + 距60日高点>=0.85,96,0.0173,0.0128,1.352,0.6146,0.5412,0.0734,L4
震荡-1买,中枢进机会区 + 距60日高点>=0.85,743,0.1056,0.1325,0.797,0.4845,0.5412,-0.0567,L4
震荡-1买,距60日高点>=0.9,284,0.0396,0.0515,0.768,0.4754,0.5412,-0.0658,L4
震荡-1买,量能金叉 + 距60日高点>=0.9,98,0.0126,0.019,0.663,0.4388,0.5412,-0.1024,L4
震荡-1买,大盘安全 + 距60日高点>=0.9,166,0.0188,0.0353,0.532,0.3855,0.5412,-0.1556,L4
震荡-1买,中枢进机会区 + 距60日高点>=0.9,174,0.0238,0.0322,0.738,0.4655,0.5412,-0.0757,L4
震荡-1买,距60日高点<=0.5,116,0.0273,0.008,3.428,0.8017,0.5412,0.2605,L4
震荡-1买,极限抄底 + 距60日高点<=0.5,81,0.0205,0.0038,5.395,0.8642,0.5412,0.323,L4
震荡-1买,大盘安全 + 距60日高点<=0.5,109,0.0261,0.0069,3.773,0.8165,0.5412,0.2753,L4
震荡-1买,距60日高点<=0.6,454,0.0953,0.0446,2.136,0.7159,0.5412,0.1747,L4
震荡-1买,极限抄底 + 距60日高点<=0.6,214,0.0531,0.0114,4.65,0.8458,0.5412,0.3046,L4
震荡-1买,量能金叉 + 距60日高点<=0.6,148,0.0361,0.0086,4.171,0.8311,0.5412,0.2899,L4
震荡-1买,大盘安全 + 距60日高点<=0.6,380,0.085,0.0311,2.732,0.7632,0.5412,0.222,L4
震荡-1买,中枢进机会区 + 距60日高点<=0.6,72,0.0144,0.008,1.806,0.6806,0.5412,0.1394,L4
震荡-1买,距60日高点<=0.7,1456,0.2689,0.1864,1.442,0.6298,0.5412,0.0886,L4
震荡-1买,极限抄底 + 距60日高点<=0.7,429,0.0982,0.0325,3.021,0.7809,0.5412,0.2397,L4
震荡-1买,量能金叉 + 距60日高点<=0.7,341,0.0765,0.0277,2.766,0.7654,0.5412,0.2242,L4
震荡-1买,大盘安全 + 距60日高点<=0.7,926,0.1748,0.1141,1.531,0.6436,0.5412,0.1024,L4
震荡-1买,中枢进机会区 + 距60日高点<=0.7,362,0.0645,0.0491,1.313,0.6077,0.5412,0.0666,L4
震荡-1买,距60日高点<=0.8,3696,0.6284,0.5372,1.17,0.5798,0.5412,0.0386,L4
震荡-1买,极限抄底 + 距60日高点<=0.8,731,0.1625,0.0612,2.654,0.7579,0.5412,0.2167,L4
震荡-1买,量能金叉 + 距60日高点<=0.8,917,0.1862,0.0975,1.909,0.6925,0.5412,0.1513,L4
震荡-1买,大盘安全 + 距60日高点<=0.8,1931,0.3059,0.3072,0.996,0.5401,0.5412,-0.001,L4
震荡-1买,偏多共振 + 距60日高点<=0.8,201,0.0396,0.0228,1.734,0.6716,0.5412,0.1305,L4
震荡-1买,中枢进机会区 + 距60日高点<=0.8,1388,0.246,0.1899,1.296,0.6045,0.5412,0.0633,L4
震荡-1买,距60日低点<=1.05,3541,0.4114,0.7395,0.556,0.3962,0.5412,-0.145,L4
震荡-1买,极限抄底 + 距60日低点<=1.05,225,0.0375,0.0336,1.119,0.5689,0.5412,0.0277,L4
震荡-1买,量能金叉 + 距60日低点<=1.05,773,0.1047,0.1439,0.728,0.4618,0.5412,-0.0793,L4
震荡-1买,大盘安全 + 距60日低点<=1.05,2305,0.2622,0.4881,0.537,0.3879,0.5412,-0.1533,L4
震荡-1买,偏多共振 + 距60日低点<=1.05,114,0.0161,0.0204,0.79,0.4825,0.5412,-0.0587,L4
震荡-1买,中枢进机会区 + 距60日低点<=1.05,1455,0.1639,0.3099,0.529,0.3842,0.5412,-0.157,L4
震荡-1买,距60日低点<=1.1,4948,0.6956,0.891,0.781,0.4794,0.5412,-0.0618,L4
震荡-1买,极限抄底 + 距60日低点<=1.1,544,0.1152,0.0522,2.207,0.7224,0.5412,0.1812,L4
震荡-1买,量能金叉 + 距60日低点<=1.1,1290,0.2135,0.1944,1.098,0.5643,0.5412,0.0232,L4
震荡-1买,大盘安全 + 距60日低点<=1.1,2833,0.3569,0.559,0.638,0.4296,0.5412,-0.1116,L4
震荡-1买,偏多共振 + 距60日低点<=1.1,236,0.0419,0.0322,1.304,0.6059,0.5412,0.0647,L4
震荡-1买,中枢进机会区 + 距60日低点<=1.1,2215,0.3287,0.3784,0.869,0.5061,0.5412,-0.0351,L4
震荡-1买,距60日低点<=1.2,6186,0.9812,0.9824,0.999,0.5409,0.5412,-0.0003,L4
震荡-1买,极限抄底 + 距60日低点<=1.2,791,0.1774,0.0643,2.758,0.7649,0.5412,0.2237,L4
震荡-1买,量能金叉 + 距60日低点<=1.2,1688,0.3103,0.2179,1.424,0.6268,0.5412,0.0856,L4
震荡-1买,大盘安全 + 距60日低点<=1.2,3234,0.4411,0.5984,0.737,0.4651,0.5412,-0.0761,L4
震荡-1买,偏多共振 + 距60日低点<=1.2,364,0.0727,0.0401,1.813,0.6813,0.5412,0.1401,L4
震荡-1买,中枢进机会区 + 距60日低点<=1.2,2828,0.4721,0.4213,1.121,0.5693,0.5412,0.0281,L4
震荡-1买,相对强弱>=-5.0,2510,0.3311,0.4777,0.693,0.4498,0.5412,-0.0914,L4
震荡-1买,量能金叉 + 相对强弱>=-5.0,653,0.0962,0.1124,0.856,0.5023,0.5412,-0.0389,L4
震荡-1买,大盘安全 + 相对强弱>=-5.0,1304,0.1399,0.2861,0.489,0.3658,0.5412,-0.1754,L4
震荡-1买,偏多共振 + 相对强弱>=-5.0,136,0.0246,0.018,1.37,0.6176,0.5412,0.0765,L4
震荡-1买,中枢进机会区 + 相对强弱>=-5.0,1328,0.1944,0.23,0.845,0.4992,0.5412,-0.0419,L4
震荡-1买,相对强弱>=0.0,431,0.061,0.0771,0.791,0.4826,0.5412,-0.0586,L4
震荡-1买,量能金叉 + 相对强弱>=0.0,151,0.0223,0.0259,0.859,0.5033,0.5412,-0.0379,L4
震荡-1买,大盘安全 + 相对强弱>=0.0,188,0.0255,0.0349,0.73,0.4628,0.5412,-0.0784,L4
震荡-1买,中枢进机会区 + 相对强弱>=0.0,249,0.0375,0.0419,0.897,0.5141,0.5412,-0.0271,L4
震荡-1买,S-六脉震荡［六脉6红首发 + SID等于2 + 量能递增］,1671,0.2507,0.2823,0.888,0.5117,0.5412,-0.0295,L5
震荡-1买,S-超跌反弹［深跌(距前高>40%) + 大盘5日上涨 + MACD金叉态］,51,0.007,0.0093,0.754,0.4706,0.5412,-0.0706,L5
震荡-1买,S-极限抄底反弹［极限抄底 + 大盘安全］,355,0.0736,0.036,2.046,0.707,0.5412,0.1659,L5
震荡-1买,S-中枢机会区［中枢进机会区 + 量比>=1.3］,822,0.1648,0.0899,1.833,0.6837,0.5412,0.1425,L5
震荡-2买,多头排列,369,0.0801,0.0694,1.154,0.3252,0.2946,0.0306,L1
震荡-2买,空头排列,2243,0.4252,0.4477,0.95,0.284,0.2946,-0.0106,L1
震荡-2买,趋势多头,1113,0.2403,0.2099,1.145,0.3235,0.2946,0.0289,L1
震荡-2买,趋势空头,2349,0.4466,0.4684,0.954,0.2848,0.2946,-0.0098,L1
震荡-2买,上升中回调,1874,0.3505,0.3761,0.932,0.2801,0.2946,-0.0144,L1
震荡-2买,突破前高,82,0.0214,0.0139,1.532,0.3902,0.2946,0.0957,L1
震荡-2买,站上MA5,4694,0.9286,0.9208,1.008,0.2963,0.2946,0.0017,L1
震荡-2买,站上MA13,2257,0.4613,0.4366,1.057,0.3062,0.2946,0.0116,L1
震荡-2买,站上MA34,1688,0.3505,0.3242,1.081,0.311,0.2946,0.0164,L1
震荡-2买,站上MA55,2262,0.4619,0.4377,1.055,0.3059,0.2946,0.0113,L1
震荡-2买,站上MA89,2752,0.5073,0.5553,0.914,0.2762,0.2946,-0.0184,L1
震荡-2买,站上MA144,3109,0.5748,0.6267,0.917,0.2769,0.2946,-0.0177,L1
震荡-2买,站上MA233,3070,0.5781,0.6144,0.941,0.2821,0.2946,-0.0125,L1
震荡-2买,斐波短中多头,494,0.1028,0.0948,1.085,0.3117,0.2946,0.0171,L1
震荡-2买,斐波长多头,1668,0.2744,0.3504,0.783,0.2464,0.2946,-0.0482,L1
震荡-2买,斐波全多头,113,0.0174,0.0243,0.716,0.2301,0.2946,-0.0645,L1
震荡-2买,MA55上穿MA89,155,0.03,0.0307,0.98,0.2903,0.2946,-0.0043,L1
震荡-2买,放量,3066,0.6636,0.5776,1.149,0.3242,0.2946,0.0296,L1
震荡-2买,缩量,4804,0.9206,0.9548,0.964,0.2871,0.2946,-0.0075,L1
震荡-2买,量比大于1,4504,0.9065,0.8771,1.034,0.3015,0.2946,0.0069,L1
震荡-2买,量比大于1_3,3033,0.6549,0.5721,1.145,0.3234,0.2946,0.0289,L1
震荡-2买,量比大于2,1057,0.253,0.189,1.339,0.3586,0.2946,0.064,L1
震荡-2买,量能递增,2206,0.5093,0.4023,1.266,0.3459,0.2946,0.0513,L1
震荡-2买,价涨量增,2533,0.5481,0.4773,1.148,0.3241,0.2946,0.0295,L1
震荡-2买,价涨量缩,3964,0.7563,0.7892,0.958,0.2858,0.2946,-0.0088,L1
震荡-2买,MACD_DIF大于0,1806,0.3665,0.3504,1.046,0.304,0.2946,0.0094,L1
震荡-2买,MACD金叉态,1182,0.2223,0.2367,0.939,0.2817,0.2946,-0.0129,L1
震荡-2买,MACD柱递增,4531,0.8959,0.889,1.008,0.2962,0.2946,0.0016,L1
震荡-2买,MACD零轴上金叉,189,0.0461,0.0335,1.377,0.3651,0.2946,0.0705,L1
震荡-2买,MACD底背离,2352,0.3972,0.4898,0.811,0.253,0.2946,-0.0416,L1
震荡-2买,BOLL收上中轨,1763,0.3585,0.3418,1.049,0.3046,0.2946,0.01,L1
震荡-2买,BOLL突破上轨,237,0.0561,0.0427,1.315,0.3544,0.2946,0.0598,L1
震荡-2买,BOLL触下轨反弹,3263,0.6776,0.6267,1.081,0.3111,0.2946,0.0165,L1
震荡-2买,BOLL开口扩张,4633,0.9346,0.9013,1.037,0.3022,0.2946,0.0076,L1
震荡-2买,KDJ金叉态,4250,0.8565,0.8272,1.035,0.3019,0.2946,0.0073,L1
震荡-2买,KDJ_J超卖,4678,0.9326,0.9147,1.02,0.2986,0.2946,0.004,L1
震荡-2买,KDJ低位金叉,2189,0.4553,0.4201,1.084,0.3116,0.2946,0.017,L1
震荡-2买,KDJ_D小于30,3576,0.7116,0.6997,1.017,0.2981,0.2946,0.0035,L1
震荡-2买,RSI6大于50,2702,0.5467,0.525,1.041,0.3031,0.2946,0.0085,L1
震荡-2买,RSI金叉,3604,0.7323,0.6989,1.048,0.3044,0.2946,0.0098,L1
震荡-2买,RSI6超卖,3917,0.8117,0.753,1.078,0.3104,0.2946,0.0158,L1
震荡-2买,RSI底背离,1838,0.3084,0.3836,0.804,0.2514,0.2946,-0.0432,L1
震荡-2买,威科夫得分大于4,1075,0.2276,0.2046,1.112,0.3172,0.2946,0.0226,L1
震荡-2买,威科夫得分大于7,387,0.0814,0.0739,1.102,0.3152,0.2946,0.0207,L1
震荡-2买,积累阶段,2403,0.4579,0.4787,0.957,0.2855,0.2946,-0.0091,L1
震荡-2买,黄金柱,272,0.0547,0.053,1.033,0.3015,0.2946,0.0069,L1
震荡-2买,量能金叉,765,0.1856,0.1358,1.367,0.3634,0.2946,0.0688,L1
震荡-2买,六脉红灯大于5,3157,0.6328,0.6158,1.028,0.3003,0.2946,0.0057,L1
震荡-2买,六脉红灯大于6,2131,0.4332,0.4132,1.049,0.3046,0.2946,0.01,L1
震荡-2买,六脉6红首发,2131,0.4332,0.4132,1.049,0.3046,0.2946,0.01,L1
震荡-2买,六脉5红首发,3157,0.6328,0.6158,1.028,0.3003,0.2946,0.0057,L1
震荡-2买,偏多共振,790,0.1368,0.1631,0.839,0.2595,0.2946,-0.0351,L1
震荡-2买,多头共振,787,0.1368,0.1623,0.843,0.2605,0.2946,-0.0341,L1
震荡-2买,火箭信号,277,0.0728,0.0468,1.554,0.3935,0.2946,0.0989,L1
震荡-2买,极限抄底,212,0.0581,0.0348,1.667,0.4104,0.2946,0.1158,L1
震荡-2买,中枢进机会区,1990,0.4025,0.3867,1.041,0.303,0.2946,0.0084,L1
震荡-2买,中枢极限底,1989,0.4099,0.3833,1.069,0.3087,0.2946,0.0141,L1
震荡-2买,中枢上穿中轴,1124,0.2543,0.2071,1.228,0.339,0.2946,0.0444,L1
震荡-2买,中枢底部蓄力,2951,0.5421,0.5963,0.909,0.2752,0.2946,-0.0194,L1
震荡-2买,中枢底部回升,3584,0.7023,0.7059,0.995,0.2935,0.2946,-0.0011,L1
震荡-2买,大盘多头,2536,0.4947,0.5004,0.988,0.2922,0.2946,-0.0024,L1
震荡-2买,大盘空头,960,0.1462,0.2066,0.708,0.2281,0.2946,-0.0665,L1
震荡-2买,大盘安全,3392,0.6228,0.6855,0.909,0.2751,0.2946,-0.0195,L1
震荡-2买,SID等于1,2536,0.4947,0.5004,0.988,0.2922,0.2946,-0.0024,L1
震荡-2买,SID等于2,5085,1.0,1.0,1.0,0.2946,0.2946,0.0,L1
震荡-2买,SID小于等于2,5085,1.0,1.0,1.0,0.2946,0.2946,0.0,L1
震荡-2买,大盘5日上涨,3588,0.6615,0.724,0.914,0.2762,0.2946,-0.0184,L1
震荡-2买,相对强弱大于0,1926,0.3812,0.3778,1.009,0.2965,0.2946,0.0019,L1
震荡-2买,相对强弱大于5,437,0.0928,0.0831,1.117,0.3181,0.2946,0.0235,L1
震荡-2买,量比>=1.3,773,0.2063,0.1294,1.595,0.3997,0.2946,0.1051,L1
震荡-2买,量比>=2,145,0.0334,0.0265,1.26,0.3448,0.2946,0.0502,L1
震荡-2买,距前高<=10%,705,0.1575,0.1307,1.205,0.3348,0.2946,0.0402,L1
震荡-2买,深跌(距前高>40%),190,0.0394,0.0365,1.078,0.3105,0.2946,0.0159,L1
震荡-2买,距前低<=10%,2384,0.4112,0.4929,0.834,0.2584,0.2946,-0.0362,L1
震荡-2买,相对强弱>=0,363,0.0674,0.073,0.923,0.2782,0.2946,-0.0164,L1
震荡-2买,多头排列 + 趋势多头,279,0.0641,0.051,1.256,0.3441,0.2946,0.0495,L2
震荡-2买,多头排列 + 上升中回调,324,0.0641,0.0636,1.008,0.2963,0.2946,0.0017,L2
震荡-2买,多头排列 + 站上MA5,334,0.0728,0.0627,1.16,0.3263,0.2946,0.0318,L2
震荡-2买,多头排列 + 站上MA13,253,0.0594,0.0457,1.299,0.3518,0.2946,0.0572,L2
震荡-2买,多头排列 + 站上MA34,328,0.0721,0.0613,1.175,0.3293,0.2946,0.0347,L2
震荡-2买,多头排列 + 站上MA55,355,0.0754,0.0675,1.118,0.3183,0.2946,0.0237,L2
震荡-2买,多头排列 + 站上MA89,347,0.0721,0.0666,1.082,0.3112,0.2946,0.0166,L2
震荡-2买,多头排列 + 站上MA144,330,0.0681,0.0636,1.071,0.3091,0.2946,0.0145,L2
震荡-2买,多头排列 + 站上MA233,275,0.0514,0.0552,0.931,0.28,0.2946,-0.0146,L2
震荡-2买,多头排列 + 斐波短中多头,298,0.0694,0.0541,1.284,0.349,0.2946,0.0544,L2
震荡-2买,多头排列 + 斐波长多头,103,0.0167,0.0217,0.767,0.2427,0.2946,-0.0519,L2
震荡-2买,多头排列 + 斐波全多头,72,0.0127,0.0148,0.858,0.2639,0.2946,-0.0307,L2
震荡-2买,多头排列 + 放量,243,0.0567,0.044,1.288,0.3498,0.2946,0.0552,L2
震荡-2买,多头排列 + 缩量,346,0.0734,0.0658,1.116,0.3179,0.2946,0.0233,L2
震荡-2买,多头排列 + 量比大于1,304,0.0661,0.0572,1.156,0.3257,0.2946,0.0311,L2
震荡-2买,多头排列 + 量比大于1_3,209,0.0461,0.039,1.18,0.3301,0.2946,0.0356,L2
震荡-2买,多头排列 + 量比大于2,94,0.0227,0.0167,1.357,0.3617,0.2946,0.0671,L2
震荡-2买,多头排列 + 量能递增,225,0.0554,0.0396,1.4,0.3689,0.2946,0.0743,L2
震荡-2买,多头排列 + 价涨量增,201,0.0474,0.0362,1.308,0.3532,0.2946,0.0586,L2
震荡-2买,多头排列 + 价涨量缩,301,0.0634,0.0574,1.104,0.3156,0.2946,0.021,L2
震荡-2买,多头排列 + MACD_DIF大于0,363,0.0794,0.068,1.168,0.3278,0.2946,0.0332,L2
震荡-2买,多头排列 + MACD金叉态,130,0.034,0.022,1.546,0.3923,0.2946,0.0977,L2
震荡-2买,多头排列 + MACD柱递增,244,0.0527,0.046,1.146,0.3238,0.2946,0.0292,L2
震荡-2买,多头排列 + MACD零轴上金叉,76,0.0207,0.0125,1.65,0.4079,0.2946,0.1133,L2
震荡-2买,多头排列 + MACD底背离,51,0.0053,0.012,0.445,0.1569,0.2946,-0.1377,L2
震荡-2买,多头排列 + BOLL收上中轨,280,0.0641,0.0513,1.249,0.3429,0.2946,0.0483,L2
震荡-2买,多头排列 + BOLL突破上轨,74,0.02,0.0123,1.633,0.4054,0.2946,0.1108,L2
震荡-2买,多头排列 + BOLL触下轨反弹,194,0.0474,0.0343,1.382,0.366,0.2946,0.0714,L2
震荡-2买,多头排列 + BOLL开口扩张,290,0.0648,0.0538,1.203,0.3345,0.2946,0.0399,L2
震荡-2买,多头排列 + KDJ金叉态,223,0.0527,0.0401,1.314,0.3543,0.2946,0.0597,L2
震荡-2买,多头排列 + KDJ_J超卖,319,0.0708,0.0594,1.192,0.3323,0.2946,0.0377,L2
震荡-2买,多头排列 + RSI6大于50,282,0.0641,0.0519,1.236,0.3404,0.2946,0.0458,L2
震荡-2买,多头排列 + RSI金叉,224,0.0561,0.039,1.437,0.375,0.2946,0.0804,L2
震荡-2买,多头排列 + RSI6超卖,168,0.0367,0.0315,1.165,0.3274,0.2946,0.0328,L2
震荡-2买,多头排列 + 威科夫得分大于4,306,0.0708,0.0558,1.269,0.3464,0.2946,0.0518,L2
震荡-2买,多头排列 + 威科夫得分大于7,182,0.0407,0.0337,1.207,0.3352,0.2946,0.0406,L2
震荡-2买,多头排列 + 积累阶段,53,0.0147,0.0086,1.699,0.4151,0.2946,0.1205,L2
震荡-2买,多头排列 + 量能金叉,84,0.0174,0.0162,1.073,0.3095,0.2946,0.0149,L2
震荡-2买,多头排列 + 六脉红灯大于5,185,0.0487,0.0312,1.561,0.3946,0.2946,0.1,L2
震荡-2买,多头排列 + 六脉红灯大于6,131,0.0314,0.0234,1.34,0.3588,0.2946,0.0642,L2
震荡-2买,多头排列 + 六脉6红首发,131,0.0314,0.0234,1.34,0.3588,0.2946,0.0642,L2
震荡-2买,多头排列 + 六脉5红首发,185,0.0487,0.0312,1.561,0.3946,0.2946,0.1,L2
震荡-2买,多头排列 + 偏多共振,202,0.0354,0.0415,0.852,0.2624,0.2946,-0.0322,L2
震荡-2买,多头排列 + 多头共振,202,0.0354,0.0415,0.852,0.2624,0.2946,-0.0322,L2
震荡-2买,多头排列 + 火箭信号,51,0.0127,0.0089,1.422,0.3725,0.2946,0.078,L2
震荡-2买,多头排列 + 中枢进机会区,67,0.016,0.012,1.336,0.3582,0.2946,0.0636,L2
震荡-2买,多头排列 + 中枢上穿中轴,165,0.0374,0.0304,1.23,0.3394,0.2946,0.0448,L2
震荡-2买,多头排列 + 中枢底部回升,69,0.0154,0.0128,1.197,0.3333,0.2946,0.0387,L2
震荡-2买,多头排列 + 大盘多头,257,0.0521,0.0499,1.043,0.3035,0.2946,0.0089,L2
震荡-2买,多头排列 + 大盘安全,295,0.0601,0.0572,1.051,0.3051,0.2946,0.0105,L2
震荡-2买,多头排列 + SID等于1,257,0.0521,0.0499,1.043,0.3035,0.2946,0.0089,L2
震荡-2买,多头排列 + SID等于2,369,0.0801,0.0694,1.154,0.3252,0.2946,0.0306,L2
震荡-2买,多头排列 + SID小于等于2,369,0.0801,0.0694,1.154,0.3252,0.2946,0.0306,L2
震荡-2买,多头排列 + 大盘5日上涨,235,0.0474,0.0457,1.037,0.3021,0.2946,0.0075,L2
震荡-2买,多头排列 + 相对强弱大于0,305,0.0674,0.0569,1.186,0.3311,0.2946,0.0366,L2
震荡-2买,多头排列 + 相对强弱大于5,117,0.028,0.0209,1.341,0.359,0.2946,0.0644,L2
震荡-2买,多头排列 + 距前高<=10%,116,0.026,0.0215,1.213,0.3362,0.2946,0.0416,L2
震荡-2买,多头排列 + 距前低<=10%,51,0.008,0.0109,0.737,0.2353,0.2946,-0.0593,L2
震荡-2买,多头排列 + 相对强弱>=0,82,0.0194,0.0148,1.31,0.3537,0.2946,0.0591,L2
震荡-2买,空头排列 + 趋势空头,2224,0.4219,0.4438,0.951,0.2842,0.2946,-0.0104,L2
震荡-2买,空头排列 + 站上MA5,2043,0.3932,0.4054,0.97,0.2883,0.2946,-0.0063,L2
震荡-2买,空头排列 + 站上MA13,916,0.1762,0.1818,0.97,0.2882,0.2946,-0.0064,L2
震荡-2买,空头排列 + 站上MA34,302,0.0661,0.0566,1.168,0.3278,0.2946,0.0332,L2
震荡-2买,空头排列 + 站上MA55,210,0.0507,0.0374,1.358,0.3619,0.2946,0.0673,L2
震荡-2买,空头排列 + 站上MA89,477,0.0794,0.0998,0.796,0.2495,0.2946,-0.0451,L2
震荡-2买,空头排列 + 站上MA144,956,0.1589,0.2002,0.794,0.249,0.2946,-0.0456,L2
震荡-2买,空头排列 + 站上MA233,1138,0.2089,0.23,0.908,0.275,0.2946,-0.0195,L2
震荡-2买,空头排列 + 斐波长多头,772,0.1222,0.1642,0.744,0.237,0.2946,-0.0575,L2
震荡-2买,空头排列 + 放量,1493,0.3171,0.2838,1.117,0.3182,0.2946,0.0236,L2
震荡-2买,空头排列 + 缩量,2096,0.3798,0.4257,0.892,0.2715,0.2946,-0.0231,L2
震荡-2买,空头排列 + 量比大于1,2040,0.3992,0.402,0.993,0.2931,0.2946,-0.0015,L2
震荡-2买,空头排列 + 量比大于1_3,1439,0.3071,0.2729,1.125,0.3197,0.2946,0.0251,L2
震荡-2买,空头排列 + 量比大于2,509,0.1282,0.0884,1.45,0.3772,0.2946,0.0826,L2
震荡-2买,空头排列 + 量能递增,1074,0.2463,0.1965,1.253,0.3436,0.2946,0.049,L2
震荡-2买,空头排列 + 价涨量增,1220,0.2644,0.2297,1.151,0.3246,0.2946,0.03,L2
震荡-2买,空头排列 + 价涨量缩,1722,0.3138,0.349,0.899,0.2729,0.2946,-0.0217,L2
震荡-2买,空头排列 + MACD_DIF大于0,55,0.018,0.0078,2.309,0.4909,0.2946,0.1963,L2
震荡-2买,空头排列 + MACD金叉态,757,0.1255,0.1586,0.791,0.2483,0.2946,-0.0462,L2
震荡-2买,空头排列 + MACD柱递增,2072,0.3959,0.4123,0.96,0.2862,0.2946,-0.0084,L2
震荡-2买,空头排列 + MACD底背离,1529,0.2537,0.3203,0.792,0.2485,0.2946,-0.0461,L2
震荡-2买,空头排列 + BOLL收上中轨,580,0.1095,0.116,0.944,0.2828,0.2946,-0.0118,L2
震荡-2买,空头排列 + BOLL突破上轨,60,0.016,0.01,1.596,0.4,0.2946,0.1054,L2
震荡-2买,空头排列 + BOLL触下轨反弹,1505,0.3044,0.2924,1.041,0.303,0.2946,0.0084,L2
震荡-2买,空头排列 + BOLL开口扩张,2003,0.3972,0.3925,1.012,0.2971,0.2946,0.0025,L2
震荡-2买,空头排列 + KDJ金叉态,1950,0.3872,0.3819,1.014,0.2974,0.2946,0.0028,L2
震荡-2买,空头排列 + KDJ_J超卖,2054,0.3919,0.409,0.958,0.2858,0.2946,-0.0088,L2
震荡-2买,空头排列 + KDJ低位金叉,1145,0.2443,0.2172,1.125,0.3197,0.2946,0.0251,L2
震荡-2买,空头排列 + KDJ_D小于30,1757,0.3498,0.3437,1.018,0.2982,0.2946,0.0036,L2
震荡-2买,空头排列 + RSI6大于50,1067,0.2009,0.2135,0.941,0.2821,0.2946,-0.0125,L2
震荡-2买,空头排列 + RSI金叉,1783,0.3485,0.3515,0.991,0.2928,0.2946,-0.0018,L2
震荡-2买,空头排列 + RSI6超卖,1916,0.3738,0.378,0.989,0.2923,0.2946,-0.0023,L2
震荡-2买,空头排列 + RSI底背离,1215,0.1923,0.2584,0.744,0.237,0.2946,-0.0576,L2
震荡-2买,空头排列 + 威科夫得分大于4,128,0.0274,0.0243,1.128,0.3203,0.2946,0.0257,L2
震荡-2买,空头排列 + 积累阶段,1398,0.2263,0.2952,0.767,0.2425,0.2946,-0.0521,L2
震荡-2买,空头排列 + 黄金柱,127,0.0227,0.0259,0.875,0.2677,0.2946,-0.0269,L2
震荡-2买,空头排列 + 量能金叉,300,0.0768,0.0516,1.488,0.3833,0.2946,0.0887,L2
震荡-2买,空头排列 + 六脉红灯大于5,1524,0.2911,0.3033,0.96,0.2861,0.2946,-0.0085,L2
震荡-2买,空头排列 + 六脉红灯大于6,974,0.1856,0.194,0.956,0.2854,0.2946,-0.0092,L2
震荡-2买,空头排列 + 六脉6红首发,974,0.1856,0.194,0.956,0.2854,0.2946,-0.0092,L2
震荡-2买,空头排列 + 六脉5红首发,1524,0.2911,0.3033,0.96,0.2861,0.2946,-0.0085,L2
震荡-2买,空头排列 + 火箭信号,89,0.0254,0.0142,1.784,0.427,0.2946,0.1324,L2
震荡-2买,空头排列 + 极限抄底,170,0.0461,0.0282,1.636,0.4059,0.2946,0.1113,L2
震荡-2买,空头排列 + 中枢进机会区,898,0.1589,0.184,0.863,0.265,0.2946,-0.0296,L2
震荡-2买,空头排列 + 中枢极限底,1209,0.2303,0.2409,0.956,0.2854,0.2946,-0.0092,L2
震荡-2买,空头排列 + 中枢上穿中轴,276,0.0668,0.0491,1.361,0.3623,0.2946,0.0677,L2
震荡-2买,空头排列 + 中枢底部蓄力,1965,0.3565,0.3989,0.894,0.2718,0.2946,-0.0228,L2
震荡-2买,空头排列 + 中枢底部回升,2118,0.3939,0.426,0.925,0.2786,0.2946,-0.016,L2
震荡-2买,空头排列 + 大盘多头,911,0.1682,0.1837,0.916,0.2766,0.2946,-0.018,L2
震荡-2买,空头排列 + 大盘空头,591,0.0848,0.1294,0.655,0.2149,0.2946,-0.0797,L2
震荡-2买,空头排列 + 大盘安全,1430,0.2423,0.2975,0.815,0.2538,0.2946,-0.0407,L2
震荡-2买,空头排列 + SID等于1,911,0.1682,0.1837,0.916,0.2766,0.2946,-0.018,L2
震荡-2买,空头排列 + SID等于2,2243,0.4252,0.4477,0.95,0.284,0.2946,-0.0106,L2
震荡-2买,空头排列 + SID小于等于2,2243,0.4252,0.4477,0.95,0.284,0.2946,-0.0106,L2
震荡-2买,空头排列 + 大盘5日上涨,1511,0.2543,0.315,0.807,0.2522,0.2946,-0.0424,L2
震荡-2买,空头排列 + 相对强弱大于0,703,0.1315,0.1411,0.932,0.2802,0.2946,-0.0144,L2
震荡-2买,空头排列 + 相对强弱大于5,138,0.0287,0.0265,1.084,0.3116,0.2946,0.017,L2
震荡-2买,空头排列 + 量比>=1.3,431,0.1168,0.0714,1.637,0.406,0.2946,0.1114,L2
震荡-2买,空头排列 + 量比>=2,75,0.0174,0.0137,1.271,0.3467,0.2946,0.0521,L2
震荡-2买,空头排列 + 距前高<=10%,96,0.0194,0.0187,1.036,0.3021,0.2946,0.0075,L2
震荡-2买,空头排列 + 深跌(距前高>40%),148,0.0334,0.0273,1.222,0.3378,0.2946,0.0432,L2
震荡-2买,空头排列 + 距前低<=10%,1728,0.2897,0.3607,0.803,0.2512,0.2946,-0.0434,L2
震荡-2买,空头排列 + 相对强弱>=0,135,0.0214,0.0287,0.744,0.237,0.2946,-0.0576,L2
震荡-2买,趋势多头 + 上升中回调,866,0.1769,0.1675,1.056,0.306,0.2946,0.0114,L2
震荡-2买,趋势多头 + 突破前高,78,0.02,0.0134,1.497,0.3846,0.2946,0.09,L2
震荡-2买,趋势多头 + 站上MA5,1086,0.2343,0.2049,1.144,0.3232,0.2946,0.0286,L2
震荡-2买,趋势多头 + 站上MA13,1039,0.229,0.194,1.18,0.3301,0.2946,0.0355,L2
震荡-2买,趋势多头 + 站上MA34,1025,0.2256,0.1915,1.178,0.3298,0.2946,0.0352,L2
震荡-2买,趋势多头 + 站上MA55,1108,0.2397,0.2088,1.148,0.324,0.2946,0.0294,L2
震荡-2买,趋势多头 + 站上MA89,1043,0.223,0.1977,1.128,0.3202,0.2946,0.0256,L2
震荡-2买,趋势多头 + 站上MA144,931,0.2016,0.1754,1.15,0.3244,0.2946,0.0298,L2
震荡-2买,趋势多头 + 站上MA233,798,0.1702,0.1514,1.125,0.3195,0.2946,0.025,L2
震荡-2买,趋势多头 + 斐波短中多头,356,0.0748,0.068,1.099,0.3146,0.2946,0.02,L2
震荡-2买,趋势多头 + 斐波长多头,252,0.0434,0.0521,0.832,0.2579,0.2946,-0.0367,L2
震荡-2买,趋势多头 + 斐波全多头,79,0.0107,0.0176,0.608,0.2025,0.2946,-0.0921,L2
震荡-2买,趋势多头 + MA55上穿MA89,59,0.0154,0.01,1.53,0.3898,0.2946,0.0952,L2
震荡-2买,趋势多头 + 放量,911,0.1989,0.1709,1.164,0.3271,0.2946,0.0325,L2
震荡-2买,趋势多头 + 缩量,1038,0.2183,0.1982,1.101,0.315,0.2946,0.0204,L2
震荡-2买,趋势多头 + 量比大于1,1066,0.229,0.2016,1.136,0.3218,0.2946,0.0272,L2
震荡-2买,趋势多头 + 量比大于1_3,855,0.1842,0.1614,1.141,0.3228,0.2946,0.0282,L2
震荡-2买,趋势多头 + 量比大于2,405,0.0975,0.0722,1.35,0.3605,0.2946,0.0659,L2
震荡-2买,趋势多头 + 量能递增,630,0.1509,0.1126,1.34,0.3587,0.2946,0.0641,L2
震荡-2买,趋势多头 + 价涨量增,853,0.1896,0.1586,1.195,0.3329,0.2946,0.0384,L2
震荡-2买,趋势多头 + 价涨量缩,809,0.1696,0.1547,1.096,0.314,0.2946,0.0194,L2
震荡-2买,趋势多头 + MACD_DIF大于0,891,0.1936,0.1675,1.155,0.3255,0.2946,0.0309,L2
震荡-2买,趋势多头 + MACD金叉态,330,0.0814,0.058,1.404,0.3697,0.2946,0.0751,L2
震荡-2买,趋势多头 + MACD柱递增,991,0.2136,0.1871,1.142,0.3229,0.2946,0.0283,L2
震荡-2买,趋势多头 + MACD零轴上金叉,179,0.0441,0.0315,1.399,0.3687,0.2946,0.0741,L2
震荡-2买,趋势多头 + MACD底背离,271,0.0501,0.0546,0.916,0.2768,0.2946,-0.0178,L2
震荡-2买,趋势多头 + BOLL收上中轨,1113,0.2403,0.2099,1.145,0.3235,0.2946,0.0289,L2
震荡-2买,趋势多头 + BOLL突破上轨,161,0.0407,0.0279,1.461,0.3789,0.2946,0.0843,L2
震荡-2买,趋势多头 + BOLL触下轨反弹,681,0.1502,0.1271,1.182,0.3304,0.2946,0.0358,L2
震荡-2买,趋势多头 + BOLL开口扩张,983,0.2143,0.1846,1.161,0.3266,0.2946,0.032,L2
震荡-2买,趋势多头 + KDJ金叉态,1024,0.223,0.1924,1.159,0.3262,0.2946,0.0316,L2
震荡-2买,趋势多头 + KDJ_J超卖,975,0.2183,0.1807,1.208,0.3354,0.2946,0.0408,L2
震荡-2买,趋势多头 + KDJ低位金叉,149,0.0327,0.0279,1.173,0.3289,0.2946,0.0343,L2
震荡-2买,趋势多头 + KDJ_D小于30,484,0.1061,0.0906,1.171,0.3285,0.2946,0.0339,L2
震荡-2买,趋势多头 + RSI6大于50,1078,0.2356,0.2021,1.166,0.3275,0.2946,0.0329,L2
震荡-2买,趋势多头 + RSI金叉,1014,0.2243,0.189,1.187,0.3314,0.2946,0.0368,L2
震荡-2买,趋势多头 + RSI6超卖,624,0.1489,0.1118,1.332,0.3574,0.2946,0.0628,L2
震荡-2买,趋势多头 + RSI底背离,198,0.0427,0.0374,1.144,0.3232,0.2946,0.0286,L2
震荡-2买,趋势多头 + 威科夫得分大于4,637,0.1449,0.1171,1.237,0.3407,0.2946,0.0461,L2
震荡-2买,趋势多头 + 威科夫得分大于7,285,0.0634,0.053,1.197,0.3333,0.2946,0.0387,L2
震荡-2买,趋势多头 + 积累阶段,323,0.0861,0.0541,1.592,0.3994,0.2946,0.1048,L2
震荡-2买,趋势多头 + 黄金柱,126,0.0307,0.0223,1.377,0.3651,0.2946,0.0705,L2
震荡-2买,趋势多头 + 量能金叉,318,0.0714,0.0588,1.214,0.3365,0.2946,0.0419,L2
震荡-2买,趋势多头 + 六脉红灯大于5,958,0.2136,0.1779,1.201,0.334,0.2946,0.0394,L2
震荡-2买,趋势多头 + 六脉红灯大于6,839,0.1842,0.157,1.174,0.329,0.2946,0.0344,L2
震荡-2买,趋势多头 + 六脉6红首发,839,0.1842,0.157,1.174,0.329,0.2946,0.0344,L2
震荡-2买,趋势多头 + 六脉5红首发,958,0.2136,0.1779,1.201,0.334,0.2946,0.0394,L2
震荡-2买,趋势多头 + 偏多共振,373,0.0674,0.0758,0.889,0.2708,0.2946,-0.0238,L2
震荡-2买,趋势多头 + 多头共振,373,0.0674,0.0758,0.889,0.2708,0.2946,-0.0238,L2
震荡-2买,趋势多头 + 火箭信号,154,0.0394,0.0265,1.487,0.3831,0.2946,0.0885,L2
震荡-2买,趋势多头 + 中枢进机会区,308,0.0681,0.0574,1.186,0.3312,0.2946,0.0366,L2
震荡-2买,趋势多头 + 中枢极限底,169,0.036,0.0321,1.124,0.3195,0.2946,0.0249,L2
震荡-2买,趋势多头 + 中枢上穿中轴,668,0.1529,0.1224,1.249,0.3428,0.2946,0.0482,L2
震荡-2买,趋势多头 + 中枢底部蓄力,196,0.0414,0.0374,1.108,0.3163,0.2946,0.0217,L2
震荡-2买,趋势多头 + 中枢底部回升,413,0.0888,0.0781,1.137,0.322,0.2946,0.0274,L2
震荡-2买,趋势多头 + 大盘多头,744,0.1582,0.1413,1.119,0.3185,0.2946,0.024,L2
震荡-2买,趋势多头 + 大盘空头,153,0.0294,0.0304,0.967,0.2876,0.2946,-0.007,L2
震荡-2买,趋势多头 + 大盘安全,894,0.1876,0.1709,1.098,0.3143,0.2946,0.0197,L2
震荡-2买,趋势多头 + SID等于1,744,0.1582,0.1413,1.119,0.3185,0.2946,0.024,L2
震荡-2买,趋势多头 + SID等于2,1113,0.2403,0.2099,1.145,0.3235,0.2946,0.0289,L2
震荡-2买,趋势多头 + SID小于等于2,1113,0.2403,0.2099,1.145,0.3235,0.2946,0.0289,L2
震荡-2买,趋势多头 + 大盘5日上涨,873,0.1862,0.1656,1.125,0.3196,0.2946,0.025,L2
震荡-2买,趋势多头 + 相对强弱大于0,809,0.1689,0.155,1.09,0.3127,0.2946,0.0181,L2
震荡-2买,趋势多头 + 相对强弱大于5,259,0.0587,0.0477,1.232,0.3398,0.2946,0.0452,L2
震荡-2买,趋势多头 + 量比>=1.3,142,0.034,0.0254,1.342,0.3592,0.2946,0.0646,L2
震荡-2买,趋势多头 + 距前高<=10%,381,0.0915,0.068,1.344,0.3596,0.2946,0.065,L2
震荡-2买,趋势多头 + 距前低<=10%,198,0.0394,0.0388,1.016,0.298,0.2946,0.0034,L2
震荡-2买,趋势多头 + 相对强弱>=0,152,0.0314,0.0293,1.072,0.3092,0.2946,0.0146,L2
震荡-2买,趋势空头 + 站上MA5,2146,0.4132,0.4257,0.971,0.2884,0.2946,-0.0061,L2
震荡-2买,趋势空头 + 站上MA13,998,0.1923,0.1979,0.971,0.2886,0.2946,-0.006,L2
震荡-2买,趋势空头 + 站上MA34,367,0.0801,0.0689,1.163,0.327,0.2946,0.0324,L2
震荡-2买,趋势空头 + 站上MA55,253,0.0594,0.0457,1.299,0.3518,0.2946,0.0572,L2
震荡-2买,趋势空头 + 站上MA89,511,0.0841,0.1073,0.784,0.2466,0.2946,-0.048,L2
震荡-2买,趋势空头 + 站上MA144,996,0.1642,0.2091,0.785,0.247,0.2946,-0.0476,L2
震荡-2买,趋势空头 + 站上MA233,1189,0.2163,0.2411,0.897,0.2725,0.2946,-0.0221,L2
震荡-2买,趋势空头 + 斐波长多头,793,0.1228,0.1698,0.723,0.232,0.2946,-0.0626,L2
震荡-2买,趋势空头 + 放量,1579,0.3331,0.3011,1.106,0.316,0.2946,0.0214,L2
震荡-2买,趋势空头 + 缩量,2182,0.3972,0.4424,0.898,0.2727,0.2946,-0.0219,L2
震荡-2买,趋势空头 + 量比大于1,2133,0.4179,0.4201,0.995,0.2935,0.2946,-0.0011,L2
震荡-2买,趋势空头 + 量比大于1_3,1509,0.3204,0.2869,1.117,0.3181,0.2946,0.0235,L2
震荡-2买,趋势空头 + 量比大于2,531,0.1308,0.0934,1.401,0.3691,0.2946,0.0745,L2
震荡-2买,趋势空头 + 量能递增,1158,0.2644,0.2124,1.244,0.342,0.2946,0.0474,L2
震荡-2买,趋势空头 + 价涨量增,1292,0.2797,0.2434,1.149,0.3243,0.2946,0.0297,L2
震荡-2买,趋势空头 + 价涨量缩,1792,0.3278,0.3627,0.904,0.274,0.2946,-0.0206,L2
震荡-2买,趋势空头 + MACD_DIF大于0,103,0.0287,0.0167,1.716,0.4175,0.2946,0.1229,L2
震荡-2买,趋势空头 + MACD金叉态,858,0.1435,0.1793,0.801,0.2506,0.2946,-0.044,L2
震荡-2买,趋势空头 + MACD柱递增,2144,0.4105,0.4263,0.963,0.2868,0.2946,-0.0077,L2
震荡-2买,趋势空头 + MACD底背离,1547,0.2563,0.3242,0.791,0.2482,0.2946,-0.0464,L2
震荡-2买,趋势空头 + BOLL收上中轨,664,0.1262,0.1324,0.953,0.2846,0.2946,-0.01,L2
震荡-2买,趋势空头 + BOLL突破上轨,83,0.018,0.0156,1.155,0.3253,0.2946,0.0307,L2
震荡-2买,趋势空头 + BOLL触下轨反弹,1548,0.3151,0.3,1.05,0.3049,0.2946,0.0103,L2
震荡-2买,趋势空头 + BOLL开口扩张,2091,0.4126,0.4106,1.005,0.2956,0.2946,0.001,L2
震荡-2买,趋势空头 + KDJ金叉态,2024,0.4025,0.3962,1.016,0.2979,0.2946,0.0033,L2
震荡-2买,趋势空头 + KDJ_J超卖,2130,0.4092,0.4229,0.968,0.2878,0.2946,-0.0068,L2
震荡-2买,趋势空头 + KDJ低位金叉,1145,0.2443,0.2172,1.125,0.3197,0.2946,0.0251,L2
震荡-2买,趋势空头 + KDJ_D小于30,1766,0.3525,0.3451,1.021,0.299,0.2946,0.0044,L2
震荡-2买,趋势空头 + RSI6大于50,1156,0.2203,0.2303,0.957,0.2855,0.2946,-0.0091,L2
震荡-2买,趋势空头 + RSI金叉,1876,0.3678,0.3694,0.996,0.2937,0.2946,-0.0009,L2
震荡-2买,趋势空头 + RSI6超卖,1952,0.3838,0.3839,1.0,0.2946,0.2946,-0.0,L2
震荡-2买,趋势空头 + RSI底背离,1232,0.1943,0.2623,0.74,0.2362,0.2946,-0.0584,L2
震荡-2买,趋势空头 + 威科夫得分大于4,171,0.036,0.0326,1.105,0.3158,0.2946,0.0212,L2
震荡-2买,趋势空头 + 积累阶段,1485,0.2457,0.3114,0.789,0.2478,0.2946,-0.0468,L2
震荡-2买,趋势空头 + 黄金柱,131,0.0234,0.0268,0.873,0.2672,0.2946,-0.0274,L2
震荡-2买,趋势空头 + 量能金叉,332,0.0848,0.0572,1.483,0.3825,0.2946,0.0879,L2
震荡-2买,趋势空头 + 六脉红灯大于5,1594,0.3057,0.3167,0.965,0.2873,0.2946,-0.0073,L2
震荡-2买,趋势空头 + 六脉红灯大于6,1032,0.1963,0.2057,0.954,0.2849,0.2946,-0.0097,L2
震荡-2买,趋势空头 + 六脉6红首发,1032,0.1963,0.2057,0.954,0.2849,0.2946,-0.0097,L2
震荡-2买,趋势空头 + 六脉5红首发,1594,0.3057,0.3167,0.965,0.2873,0.2946,-0.0073,L2
震荡-2买,趋势空头 + 火箭信号,96,0.0247,0.0164,1.502,0.3854,0.2946,0.0908,L2
震荡-2买,趋势空头 + 极限抄底,170,0.0461,0.0282,1.636,0.4059,0.2946,0.1113,L2
震荡-2买,趋势空头 + 中枢进机会区,938,0.1662,0.1921,0.865,0.2655,0.2946,-0.0291,L2
震荡-2买,趋势空头 + 中枢极限底,1225,0.2303,0.2453,0.939,0.2816,0.2946,-0.013,L2
震荡-2买,趋势空头 + 中枢上穿中轴,319,0.0748,0.0577,1.296,0.3511,0.2946,0.0565,L2
震荡-2买,趋势空头 + 中枢底部蓄力,1989,0.3571,0.4054,0.881,0.269,0.2946,-0.0256,L2
震荡-2买,趋势空头 + 中枢底部回升,2158,0.3979,0.4355,0.914,0.2762,0.2946,-0.0184,L2
震荡-2买,趋势空头 + 大盘多头,976,0.1849,0.1949,0.949,0.2838,0.2946,-0.0108,L2
震荡-2买,趋势空头 + 大盘空头,605,0.0854,0.133,0.643,0.2116,0.2946,-0.083,L2
震荡-2买,趋势空头 + 大盘安全,1525,0.2623,0.3156,0.831,0.2577,0.2946,-0.0369,L2
震荡-2买,趋势空头 + SID等于1,976,0.1849,0.1949,0.949,0.2838,0.2946,-0.0108,L2
震荡-2买,趋势空头 + SID等于2,2349,0.4466,0.4684,0.954,0.2848,0.2946,-0.0098,L2
震荡-2买,趋势空头 + SID小于等于2,2349,0.4466,0.4684,0.954,0.2848,0.2946,-0.0098,L2
震荡-2买,趋势空头 + 大盘5日上涨,1592,0.271,0.3306,0.82,0.255,0.2946,-0.0396,L2
震荡-2买,趋势空头 + 相对强弱大于0,783,0.1462,0.1572,0.93,0.2797,0.2946,-0.0149,L2
震荡-2买,趋势空头 + 相对强弱大于5,155,0.0294,0.0309,0.949,0.2839,0.2946,-0.0107,L2
震荡-2买,趋势空头 + 量比>=1.3,461,0.1222,0.0775,1.576,0.397,0.2946,0.1024,L2
震荡-2买,趋势空头 + 量比>=2,80,0.018,0.0148,1.22,0.3375,0.2946,0.0429,L2
震荡-2买,趋势空头 + 距前高<=10%,117,0.0234,0.0229,1.022,0.2991,0.2946,0.0046,L2
震荡-2买,趋势空头 + 深跌(距前高>40%),150,0.0334,0.0279,1.197,0.3333,0.2946,0.0387,L2
震荡-2买,趋势空头 + 距前低<=10%,1791,0.3011,0.3736,0.806,0.2518,0.2946,-0.0428,L2
震荡-2买,趋势空头 + 相对强弱>=0,164,0.024,0.0357,0.673,0.2195,0.2946,-0.0751,L2
震荡-2买,上升中回调 + 突破前高,60,0.0134,0.0112,1.197,0.3333,0.2946,0.0387,L2
震荡-2买,上升中回调 + 站上MA5,1769,0.3344,0.3535,0.946,0.2832,0.2946,-0.0114,L2
震荡-2买,上升中回调 + 站上MA13,1007,0.2069,0.1943,1.065,0.3078,0.2946,0.0133,L2
震荡-2买,上升中回调 + 站上MA34,1136,0.2243,0.223,1.006,0.2958,0.2946,0.0012,L2
震荡-2买,上升中回调 + 站上MA55,1762,0.3411,0.3488,0.978,0.29,0.2946,-0.0046,L2
震荡-2买,上升中回调 + 站上MA89,1752,0.3224,0.3538,0.911,0.2757,0.2946,-0.0189,L2
震荡-2买,上升中回调 + 站上MA144,1593,0.2977,0.3198,0.931,0.28,0.2946,-0.0146,L2
震荡-2买,上升中回调 + 站上MA233,1379,0.2517,0.2793,0.901,0.2734,0.2946,-0.0212,L2
震荡-2买,上升中回调 + 斐波短中多头,446,0.0854,0.0887,0.964,0.287,0.2946,-0.0076,L2
震荡-2买,上升中回调 + 斐波长多头,607,0.0988,0.128,0.772,0.2438,0.2946,-0.0508,L2
震荡-2买,上升中回调 + 斐波全多头,104,0.016,0.0223,0.718,0.2308,0.2946,-0.0638,L2
震荡-2买,上升中回调 + MA55上穿MA89,94,0.0167,0.0192,0.868,0.266,0.2946,-0.0286,L2
震荡-2买,上升中回调 + 放量,1062,0.221,0.2038,1.084,0.3117,0.2946,0.0171,L2
震荡-2买,上升中回调 + 缩量,1797,0.3338,0.3616,0.923,0.2782,0.2946,-0.0164,L2
震荡-2买,上升中回调 + 量比大于1,1636,0.3111,0.3262,0.954,0.2848,0.2946,-0.0098,L2
震荡-2买,上升中回调 + 量比大于1_3,1051,0.2109,0.2049,1.029,0.3007,0.2946,0.0061,L2
震荡-2买,上升中回调 + 量比大于2,359,0.0741,0.0691,1.072,0.3092,0.2946,0.0146,L2
震荡-2买,上升中回调 + 量能递增,722,0.1575,0.1355,1.163,0.3269,0.2946,0.0323,L2
震荡-2买,上升中回调 + 价涨量增,893,0.1849,0.1717,1.077,0.3102,0.2946,0.0156,L2
震荡-2买,上升中回调 + 价涨量缩,1498,0.2764,0.3022,0.915,0.2764,0.2946,-0.0182,L2
震荡-2买,上升中回调 + MACD_DIF大于0,1510,0.2817,0.3033,0.929,0.2795,0.2946,-0.0151,L2
震荡-2买,上升中回调 + MACD金叉态,203,0.0441,0.0382,1.154,0.3251,0.2946,0.0305,L2
震荡-2买,上升中回调 + MACD柱递增,1583,0.2984,0.3167,0.942,0.2824,0.2946,-0.0122,L2
震荡-2买,上升中回调 + MACD零轴上金叉,124,0.0267,0.0234,1.14,0.3226,0.2946,0.028,L2
震荡-2买,上升中回调 + MACD底背离,460,0.0701,0.099,0.708,0.2283,0.2946,-0.0663,L2
震荡-2买,上升中回调 + BOLL收上中轨,872,0.1776,0.1689,1.051,0.305,0.2946,0.0105,L2
震荡-2买,上升中回调 + BOLL突破上轨,118,0.0254,0.0223,1.137,0.322,0.2946,0.0274,L2
震荡-2买,上升中回调 + BOLL触下轨反弹,1114,0.2183,0.2194,0.995,0.2935,0.2946,-0.0011,L2
震荡-2买,上升中回调 + BOLL开口扩张,1693,0.3204,0.3382,0.948,0.2835,0.2946,-0.0111,L2
震荡-2买,上升中回调 + KDJ金叉态,1516,0.2911,0.3011,0.967,0.2876,0.2946,-0.007,L2
震荡-2买,上升中回调 + KDJ_J超卖,1715,0.3258,0.3421,0.952,0.2845,0.2946,-0.01,L2
震荡-2买,上升中回调 + KDJ低位金叉,560,0.0988,0.1149,0.86,0.2643,0.2946,-0.0303,L2
震荡-2买,上升中回调 + KDJ_D小于30,1096,0.1983,0.2227,0.89,0.271,0.2946,-0.0236,L2
震荡-2买,上升中回调 + RSI6大于50,1255,0.2563,0.2428,1.056,0.306,0.2946,0.0114,L2
震荡-2买,上升中回调 + RSI金叉,1254,0.257,0.2423,1.061,0.307,0.2946,0.0124,L2
震荡-2买,上升中回调 + RSI6超卖,1198,0.2477,0.2306,1.074,0.3097,0.2946,0.0151,L2
震荡-2买,上升中回调 + RSI底背离,350,0.0587,0.073,0.804,0.2514,0.2946,-0.0432,L2
震荡-2买,上升中回调 + 威科夫得分大于4,740,0.1502,0.1436,1.046,0.3041,0.2946,0.0095,L2
震荡-2买,上升中回调 + 威科夫得分大于7,279,0.0587,0.0532,1.103,0.3154,0.2946,0.0208,L2
震荡-2买,上升中回调 + 积累阶段,477,0.1048,0.0892,1.175,0.3291,0.2946,0.0345,L2
震荡-2买,上升中回调 + 黄金柱,106,0.022,0.0204,1.082,0.3113,0.2946,0.0167,L2
震荡-2买,上升中回调 + 量能金叉,309,0.0594,0.0613,0.969,0.288,0.2946,-0.0066,L2
震荡-2买,上升中回调 + 六脉红灯大于5,1148,0.2383,0.2205,1.081,0.311,0.2946,0.0164,L2
震荡-2买,上升中回调 + 六脉红灯大于6,840,0.1769,0.1603,1.104,0.3155,0.2946,0.0209,L2
震荡-2买,上升中回调 + 六脉6红首发,840,0.1769,0.1603,1.104,0.3155,0.2946,0.0209,L2
震荡-2买,上升中回调 + 六脉5红首发,1148,0.2383,0.2205,1.081,0.311,0.2946,0.0164,L2
震荡-2买,上升中回调 + 偏多共振,697,0.1168,0.1455,0.803,0.2511,0.2946,-0.0435,L2
震荡-2买,上升中回调 + 多头共振,694,0.1168,0.1447,0.807,0.2522,0.2946,-0.0424,L2
震荡-2买,上升中回调 + 火箭信号,135,0.0334,0.0237,1.409,0.3704,0.2946,0.0758,L2
震荡-2买,上升中回调 + 中枢进机会区,592,0.1162,0.1165,0.997,0.2939,0.2946,-0.0007,L2
震荡-2买,上升中回调 + 中枢极限底,276,0.0654,0.0496,1.318,0.3551,0.2946,0.0605,L2
震荡-2买,上升中回调 + 中枢上穿中轴,659,0.1415,0.1246,1.136,0.3217,0.2946,0.0271,L2
震荡-2买,上升中回调 + 中枢底部蓄力,370,0.0654,0.0758,0.863,0.2649,0.2946,-0.0297,L2
震荡-2买,上升中回调 + 中枢底部回升,696,0.1355,0.1374,0.986,0.2917,0.2946,-0.0029,L2
震荡-2买,上升中回调 + 大盘多头,1155,0.213,0.2331,0.914,0.2762,0.2946,-0.0184,L2
震荡-2买,上升中回调 + 大盘空头,210,0.032,0.0452,0.709,0.2286,0.2946,-0.066,L2
震荡-2买,上升中回调 + 大盘安全,1354,0.2443,0.2754,0.887,0.2703,0.2946,-0.0243,L2
震荡-2买,上升中回调 + SID等于1,1155,0.213,0.2331,0.914,0.2762,0.2946,-0.0184,L2
震荡-2买,上升中回调 + SID等于2,1874,0.3505,0.3761,0.932,0.2801,0.2946,-0.0144,L2
震荡-2买,上升中回调 + SID小于等于2,1874,0.3505,0.3761,0.932,0.2801,0.2946,-0.0144,L2
震荡-2买,上升中回调 + 大盘5日上涨,1394,0.255,0.2821,0.904,0.274,0.2946,-0.0206,L2
震荡-2买,上升中回调 + 相对强弱大于0,907,0.1742,0.1801,0.967,0.2878,0.2946,-0.0068,L2
震荡-2买,上升中回调 + 相对强弱大于5,225,0.0467,0.0432,1.081,0.3111,0.2946,0.0165,L2
震荡-2买,上升中回调 + 量比>=1.3,201,0.0441,0.0376,1.171,0.3284,0.2946,0.0338,L2
震荡-2买,上升中回调 + 量比>=2,51,0.0093,0.0103,0.906,0.2745,0.2946,-0.0201,L2
震荡-2买,上升中回调 + 距前高<=10%,454,0.1028,0.0836,1.229,0.3392,0.2946,0.0446,L2
震荡-2买,上升中回调 + 距前低<=10%,201,0.034,0.0418,0.814,0.2537,0.2946,-0.0409,L2
震荡-2买,上升中回调 + 相对强弱>=0,167,0.0307,0.0337,0.91,0.2754,0.2946,-0.0191,L2
震荡-2买,突破前高 + 站上MA5,82,0.0214,0.0139,1.532,0.3902,0.2946,0.0957,L2
震荡-2买,突破前高 + 站上MA13,82,0.0214,0.0139,1.532,0.3902,0.2946,0.0957,L2
震荡-2买,突破前高 + 站上MA34,82,0.0214,0.0139,1.532,0.3902,0.2946,0.0957,L2
震荡-2买,突破前高 + 站上MA55,82,0.0214,0.0139,1.532,0.3902,0.2946,0.0957,L2
震荡-2买,突破前高 + 站上MA89,82,0.0214,0.0139,1.532,0.3902,0.2946,0.0957,L2
震荡-2买,突破前高 + 站上MA144,82,0.0214,0.0139,1.532,0.3902,0.2946,0.0957,L2
震荡-2买,突破前高 + 站上MA233,66,0.0167,0.0114,1.46,0.3788,0.2946,0.0842,L2
震荡-2买,突破前高 + 放量,82,0.0214,0.0139,1.532,0.3902,0.2946,0.0957,L2
震荡-2买,突破前高 + 缩量,69,0.0167,0.0123,1.361,0.3623,0.2946,0.0677,L2
震荡-2买,突破前高 + 量比大于1,82,0.0214,0.0139,1.532,0.3902,0.2946,0.0957,L2
震荡-2买,突破前高 + 量比大于1_3,81,0.0207,0.0139,1.485,0.3827,0.2946,0.0881,L2
震荡-2买,突破前高 + 量比大于2,69,0.0194,0.0112,1.736,0.4203,0.2946,0.1257,L2
震荡-2买,突破前高 + 量能递增,74,0.0194,0.0125,1.543,0.3919,0.2946,0.0973,L2
震荡-2买,突破前高 + 价涨量增,82,0.0214,0.0139,1.532,0.3902,0.2946,0.0957,L2
震荡-2买,突破前高 + MACD_DIF大于0,80,0.0207,0.0137,1.515,0.3875,0.2946,0.0929,L2
震荡-2买,突破前高 + MACD金叉态,65,0.0167,0.0112,1.497,0.3846,0.2946,0.09,L2
震荡-2买,突破前高 + MACD柱递增,79,0.02,0.0137,1.466,0.3797,0.2946,0.0852,L2
震荡-2买,突破前高 + MACD零轴上金叉,57,0.0147,0.0098,1.505,0.386,0.2946,0.0914,L2
震荡-2买,突破前高 + BOLL收上中轨,82,0.0214,0.0139,1.532,0.3902,0.2946,0.0957,L2
震荡-2买,突破前高 + BOLL突破上轨,74,0.018,0.0131,1.376,0.3649,0.2946,0.0703,L2
震荡-2买,突破前高 + BOLL触下轨反弹,57,0.014,0.01,1.397,0.3684,0.2946,0.0738,L2
震荡-2买,突破前高 + BOLL开口扩张,82,0.0214,0.0139,1.532,0.3902,0.2946,0.0957,L2
震荡-2买,突破前高 + KDJ金叉态,82,0.0214,0.0139,1.532,0.3902,0.2946,0.0957,L2
震荡-2买,突破前高 + KDJ_J超卖,67,0.0187,0.0109,1.719,0.4179,0.2946,0.1233,L2
震荡-2买,突破前高 + RSI6大于50,82,0.0214,0.0139,1.532,0.3902,0.2946,0.0957,L2
震荡-2买,突破前高 + RSI金叉,82,0.0214,0.0139,1.532,0.3902,0.2946,0.0957,L2
震荡-2买,突破前高 + 威科夫得分大于4,71,0.0187,0.012,1.559,0.3944,0.2946,0.0998,L2
震荡-2买,突破前高 + 六脉红灯大于5,82,0.0214,0.0139,1.532,0.3902,0.2946,0.0957,L2
震荡-2买,突破前高 + 六脉红灯大于6,81,0.0207,0.0139,1.485,0.3827,0.2946,0.0881,L2
震荡-2买,突破前高 + 六脉6红首发,81,0.0207,0.0139,1.485,0.3827,0.2946,0.0881,L2
震荡-2买,突破前高 + 六脉5红首发,82,0.0214,0.0139,1.532,0.3902,0.2946,0.0957,L2
震荡-2买,突破前高 + 中枢上穿中轴,59,0.016,0.0098,1.642,0.4068,0.2946,0.1122,L2
震荡-2买,突破前高 + 大盘安全,60,0.0147,0.0106,1.386,0.3667,0.2946,0.0721,L2
震荡-2买,突破前高 + SID等于2,82,0.0214,0.0139,1.532,0.3902,0.2946,0.0957,L2
震荡-2买,突破前高 + SID小于等于2,82,0.0214,0.0139,1.532,0.3902,0.2946,0.0957,L2
震荡-2买,突破前高 + 大盘5日上涨,55,0.014,0.0095,1.479,0.3818,0.2946,0.0872,L2
震荡-2买,突破前高 + 相对强弱大于0,82,0.0214,0.0139,1.532,0.3902,0.2946,0.0957,L2
震荡-2买,突破前高 + 相对强弱大于5,63,0.0167,0.0106,1.575,0.3968,0.2946,0.1022,L2
震荡-2买,站上MA5 + 站上MA13,2241,0.4566,0.4341,1.052,0.3052,0.2946,0.0106,L2
震荡-2买,站上MA5 + 站上MA34,1627,0.3391,0.312,1.087,0.3122,0.2946,0.0176,L2
震荡-2买,站上MA5 + 站上MA55,2157,0.4419,0.4168,1.06,0.3069,0.2946,0.0123,L2
震荡-2买,站上MA5 + 站上MA89,2580,0.482,0.518,0.93,0.2798,0.2946,-0.0147,L2
震荡-2买,站上MA5 + 站上MA144,2880,0.5394,0.5776,0.934,0.2806,0.2946,-0.014,L2
震荡-2买,站上MA5 + 站上MA233,2856,0.5481,0.5673,0.966,0.2875,0.2946,-0.0071,L2
震荡-2买,站上MA5 + 斐波短中多头,449,0.0915,0.087,1.051,0.3051,0.2946,0.0105,L2
震荡-2买,站上MA5 + 斐波长多头,1502,0.2557,0.312,0.82,0.255,0.2946,-0.0396,L2
震荡-2买,站上MA5 + 斐波全多头,94,0.0147,0.0201,0.732,0.234,0.2946,-0.0605,L2
震荡-2买,站上MA5 + MA55上穿MA89,146,0.0274,0.0293,0.935,0.2808,0.2946,-0.0138,L2
震荡-2买,站上MA5 + 放量,2900,0.6275,0.5464,1.148,0.3241,0.2946,0.0295,L2
震荡-2买,站上MA5 + 缩量,4420,0.8511,0.8768,0.971,0.2885,0.2946,-0.0061,L2
震荡-2买,站上MA5 + 量比大于1,4202,0.8485,0.8171,1.038,0.3025,0.2946,0.0079,L2
震荡-2买,站上MA5 + 量比大于1_3,2889,0.6188,0.547,1.131,0.3209,0.2946,0.0263,L2
震荡-2买,站上MA5 + 量比大于2,1029,0.2463,0.184,1.339,0.3586,0.2946,0.064,L2
震荡-2买,站上MA5 + 量能递增,2059,0.4786,0.3741,1.279,0.3482,0.2946,0.0536,L2
震荡-2买,站上MA5 + 价涨量增,2476,0.5401,0.4647,1.162,0.3267,0.2946,0.0321,L2
震荡-2买,站上MA5 + 价涨量缩,3643,0.7023,0.7223,0.972,0.2888,0.2946,-0.0058,L2
震荡-2买,站上MA5 + MACD_DIF大于0,1686,0.3425,0.327,1.047,0.3043,0.2946,0.0097,L2
震荡-2买,站上MA5 + MACD金叉态,1143,0.2103,0.2308,0.911,0.2756,0.2946,-0.019,L2
震荡-2买,站上MA5 + MACD柱递增,4310,0.8571,0.8436,1.016,0.2979,0.2946,0.0033,L2
震荡-2买,站上MA5 + MACD零轴上金叉,189,0.0461,0.0335,1.377,0.3651,0.2946,0.0705,L2
震荡-2买,站上MA5 + MACD底背离,2146,0.3645,0.4461,0.817,0.2544,0.2946,-0.0402,L2
震荡-2买,站上MA5 + BOLL收上中轨,1734,0.3525,0.3362,1.048,0.3045,0.2946,0.0099,L2
震荡-2买,站上MA5 + BOLL突破上轨,237,0.0561,0.0427,1.315,0.3544,0.2946,0.0598,L2
震荡-2买,站上MA5 + BOLL触下轨反弹,2967,0.6188,0.5687,1.088,0.3124,0.2946,0.0178,L2
震荡-2买,站上MA5 + BOLL开口扩张,4266,0.8658,0.8277,1.046,0.304,0.2946,0.0094,L2
震荡-2买,站上MA5 + KDJ金叉态,4102,0.8264,0.7984,1.035,0.3018,0.2946,0.0072,L2
震荡-2买,站上MA5 + KDJ_J超卖,4296,0.8632,0.8372,1.031,0.301,0.2946,0.0064,L2
震荡-2买,站上MA5 + KDJ低位金叉,2076,0.4326,0.3981,1.087,0.3121,0.2946,0.0175,L2
震荡-2买,站上MA5 + KDJ_D小于30,3279,0.6622,0.6376,1.039,0.3025,0.2946,0.0079,L2
震荡-2买,站上MA5 + RSI6大于50,2690,0.5441,0.5227,1.041,0.303,0.2946,0.0084,L2
震荡-2买,站上MA5 + RSI金叉,3592,0.7316,0.6958,1.051,0.3051,0.2946,0.0105,L2
震荡-2买,站上MA5 + RSI6超卖,3568,0.745,0.6836,1.09,0.3128,0.2946,0.0182,L2
震荡-2买,站上MA5 + RSI底背离,1667,0.2804,0.3476,0.806,0.2519,0.2946,-0.0426,L2
震荡-2买,站上MA5 + 威科夫得分大于4,1013,0.217,0.1918,1.131,0.3208,0.2946,0.0262,L2
震荡-2买,站上MA5 + 威科夫得分大于7,363,0.0761,0.0694,1.096,0.314,0.2946,0.0195,L2
震荡-2买,站上MA5 + 积累阶段,2230,0.4272,0.4433,0.964,0.287,0.2946,-0.0076,L2
震荡-2买,站上MA5 + 黄金柱,272,0.0547,0.053,1.033,0.3015,0.2946,0.0069,L2
震荡-2买,站上MA5 + 量能金叉,739,0.1789,0.1313,1.362,0.3627,0.2946,0.0681,L2
震荡-2买,站上MA5 + 六脉红灯大于5,3152,0.6315,0.615,1.027,0.3001,0.2946,0.0055,L2
震荡-2买,站上MA5 + 六脉红灯大于6,2131,0.4332,0.4132,1.049,0.3046,0.2946,0.01,L2
震荡-2买,站上MA5 + 六脉6红首发,2131,0.4332,0.4132,1.049,0.3046,0.2946,0.01,L2
震荡-2买,站上MA5 + 六脉5红首发,3152,0.6315,0.615,1.027,0.3001,0.2946,0.0055,L2
震荡-2买,站上MA5 + 偏多共振,724,0.1228,0.1505,0.816,0.2541,0.2946,-0.0404,L2
震荡-2买,站上MA5 + 多头共振,721,0.1228,0.1497,0.82,0.2552,0.2946,-0.0394,L2
震荡-2买,站上MA5 + 火箭信号,275,0.0721,0.0466,1.549,0.3927,0.2946,0.0981,L2
震荡-2买,站上MA5 + 极限抄底,185,0.0534,0.0293,1.824,0.4324,0.2946,0.1378,L2
震荡-2买,站上MA5 + 中枢进机会区,1792,0.3605,0.349,1.033,0.3013,0.2946,0.0067,L2
震荡-2买,站上MA5 + 中枢极限底,1809,0.3712,0.3493,1.063,0.3074,0.2946,0.0128,L2
震荡-2买,站上MA5 + 中枢上穿中轴,1111,0.2543,0.2035,1.25,0.3429,0.2946,0.0483,L2
震荡-2买,站上MA5 + 中枢底部蓄力,2701,0.506,0.5417,0.934,0.2806,0.2946,-0.014,L2
震荡-2买,站上MA5 + 中枢底部回升,3315,0.6555,0.6504,1.008,0.2962,0.2946,0.0016,L2
震荡-2买,站上MA5 + 大盘多头,2345,0.4606,0.4614,0.998,0.2942,0.2946,-0.0003,L2
震荡-2买,站上MA5 + 大盘空头,898,0.1402,0.1918,0.731,0.2339,0.2946,-0.0607,L2
震荡-2买,站上MA5 + 大盘安全,3162,0.5834,0.6379,0.915,0.2764,0.2946,-0.0182,L2
震荡-2买,站上MA5 + SID等于1,2345,0.4606,0.4614,0.998,0.2942,0.2946,-0.0003,L2
震荡-2买,站上MA5 + SID等于2,4694,0.9286,0.9208,1.008,0.2963,0.2946,0.0017,L2
震荡-2买,站上MA5 + SID小于等于2,4694,0.9286,0.9208,1.008,0.2963,0.2946,0.0017,L2
震荡-2买,站上MA5 + 大盘5日上涨,3358,0.6208,0.6769,0.917,0.277,0.2946,-0.0176,L2
震荡-2买,站上MA5 + 相对强弱大于0,1846,0.3625,0.3633,0.998,0.2941,0.2946,-0.0004,L2
震荡-2买,站上MA5 + 相对强弱大于5,421,0.0888,0.0803,1.106,0.3159,0.2946,0.0213,L2
震荡-2买,站上MA5 + 量比>=1.3,725,0.1929,0.1216,1.587,0.3986,0.2946,0.104,L2
震荡-2买,站上MA5 + 量比>=2,138,0.0314,0.0254,1.237,0.3406,0.2946,0.046,L2
震荡-2买,站上MA5 + 距前高<=10%,671,0.1522,0.1235,1.232,0.3398,0.2946,0.0452,L2
震荡-2买,站上MA5 + 深跌(距前高>40%),169,0.036,0.0321,1.124,0.3195,0.2946,0.0249,L2
震荡-2买,站上MA5 + 距前低<=10%,2169,0.3745,0.4483,0.835,0.2586,0.2946,-0.0359,L2
震荡-2买,站上MA5 + 相对强弱>=0,350,0.0654,0.0703,0.931,0.28,0.2946,-0.0146,L2
震荡-2买,站上MA13 + 站上MA34,1357,0.2911,0.2568,1.134,0.3213,0.2946,0.0267,L2
震荡-2买,站上MA13 + 站上MA55,1446,0.3138,0.2721,1.153,0.325,0.2946,0.0304,L2
震荡-2买,站上MA13 + 站上MA89,1484,0.3017,0.2877,1.049,0.3046,0.2946,0.01,L2
震荡-2买,站上MA13 + 站上MA144,1517,0.3064,0.295,1.039,0.3026,0.2946,0.008,L2
震荡-2买,站上MA13 + 站上MA233,1434,0.2917,0.2779,1.05,0.3047,0.2946,0.0102,L2
震荡-2买,站上MA13 + 斐波短中多头,323,0.0681,0.0616,1.105,0.3158,0.2946,0.0212,L2
震荡-2买,站上MA13 + 斐波长多头,592,0.0941,0.1257,0.749,0.2382,0.2946,-0.0564,L2
震荡-2买,站上MA13 + 斐波全多头,65,0.008,0.0148,0.542,0.1846,0.2946,-0.11,L2
震荡-2买,站上MA13 + MA55上穿MA89,79,0.0187,0.0142,1.315,0.3544,0.2946,0.0598,L2
震荡-2买,站上MA13 + 放量,1821,0.3825,0.3479,1.099,0.3147,0.2946,0.0201,L2
震荡-2买,站上MA13 + 缩量,2076,0.4139,0.4059,1.02,0.2987,0.2946,0.0041,L2
震荡-2买,站上MA13 + 量比大于1,2179,0.4459,0.4212,1.059,0.3066,0.2946,0.012,L2
震荡-2买,站上MA13 + 量比大于1_3,1772,0.3685,0.3401,1.083,0.3115,0.2946,0.0169,L2
震荡-2买,站上MA13 + 量比大于2,800,0.1776,0.1489,1.193,0.3325,0.2946,0.0379,L2
震荡-2买,站上MA13 + 量能递增,1259,0.2824,0.2331,1.212,0.336,0.2946,0.0414,L2
震荡-2买,站上MA13 + 价涨量增,1724,0.3652,0.3281,1.113,0.3173,0.2946,0.0227,L2
震荡-2买,站上MA13 + 价涨量缩,1597,0.3164,0.3131,1.011,0.2968,0.2946,0.0022,L2
震荡-2买,站上MA13 + MACD_DIF大于0,975,0.2103,0.184,1.143,0.3231,0.2946,0.0285,L2
震荡-2买,站上MA13 + MACD金叉态,980,0.1929,0.1926,1.001,0.2949,0.2946,0.0003,L2
震荡-2买,站上MA13 + MACD柱递增,2130,0.4299,0.4143,1.038,0.3023,0.2946,0.0078,L2
震荡-2买,站上MA13 + MACD零轴上金叉,189,0.0461,0.0335,1.377,0.3651,0.2946,0.0705,L2
震荡-2买,站上MA13 + MACD底背离,991,0.1856,0.1988,0.934,0.2805,0.2946,-0.0141,L2
震荡-2买,站上MA13 + BOLL收上中轨,1675,0.3451,0.3228,1.069,0.3087,0.2946,0.0141,L2
震荡-2买,站上MA13 + BOLL突破上轨,237,0.0561,0.0427,1.315,0.3544,0.2946,0.0598,L2
震荡-2买,站上MA13 + BOLL触下轨反弹,1390,0.2917,0.2657,1.098,0.3144,0.2946,0.0198,L2
震荡-2买,站上MA13 + BOLL开口扩张,1976,0.4146,0.3778,1.097,0.3143,0.2946,0.0197,L2
震荡-2买,站上MA13 + KDJ金叉态,2185,0.4466,0.4226,1.057,0.3062,0.2946,0.0116,L2
震荡-2买,站上MA13 + KDJ_J超卖,1914,0.4085,0.363,1.126,0.3197,0.2946,0.0252,L2
震荡-2买,站上MA13 + KDJ低位金叉,598,0.1402,0.1082,1.296,0.3512,0.2946,0.0566,L2
震荡-2买,站上MA13 + KDJ_D小于30,1263,0.2744,0.2375,1.155,0.3254,0.2946,0.0308,L2
震荡-2买,站上MA13 + RSI6大于50,2233,0.4559,0.4321,1.055,0.3059,0.2946,0.0113,L2
震荡-2买,站上MA13 + RSI金叉,2183,0.4486,0.4212,1.065,0.3078,0.2946,0.0132,L2
震荡-2买,站上MA13 + RSI6超卖,1426,0.3204,0.2637,1.215,0.3366,0.2946,0.042,L2
震荡-2买,站上MA13 + RSI底背离,805,0.1542,0.16,0.964,0.287,0.2946,-0.0076,L2
震荡-2买,站上MA13 + 威科夫得分大于4,756,0.1682,0.1405,1.197,0.3333,0.2946,0.0387,L2
震荡-2买,站上MA13 + 威科夫得分大于7,306,0.0628,0.0591,1.062,0.3072,0.2946,0.0126,L2
震荡-2买,站上MA13 + 积累阶段,1087,0.229,0.2074,1.104,0.3155,0.2946,0.021,L2
震荡-2买,站上MA13 + 黄金柱,264,0.0527,0.0516,1.023,0.2992,0.2946,0.0047,L2
震荡-2买,站上MA13 + 量能金叉,534,0.1228,0.0976,1.259,0.3446,0.2946,0.05,L2
震荡-2买,站上MA13 + 六脉红灯大于5,2123,0.4386,0.4087,1.073,0.3095,0.2946,0.0149,L2
震荡-2买,站上MA13 + 六脉红灯大于6,1916,0.3952,0.3691,1.071,0.309,0.2946,0.0144,L2
震荡-2买,站上MA13 + 六脉6红首发,1916,0.3952,0.3691,1.071,0.309,0.2946,0.0144,L2
震荡-2买,站上MA13 + 六脉5红首发,2123,0.4386,0.4087,1.073,0.3095,0.2946,0.0149,L2
震荡-2买,站上MA13 + 偏多共振,383,0.0654,0.0795,0.823,0.2559,0.2946,-0.0387,L2
震荡-2买,站上MA13 + 多头共振,380,0.0654,0.0786,0.832,0.2579,0.2946,-0.0367,L2
震荡-2买,站上MA13 + 火箭信号,236,0.0567,0.0421,1.348,0.3602,0.2946,0.0656,L2
震荡-2买,站上MA13 + 中枢进机会区,776,0.1535,0.1522,1.009,0.2964,0.2946,0.0018,L2
震荡-2买,站上MA13 + 中枢极限底,732,0.1429,0.1444,0.989,0.2923,0.2946,-0.0022,L2
震荡-2买,站上MA13 + 中枢上穿中轴,974,0.2223,0.1787,1.244,0.3419,0.2946,0.0473,L2
震荡-2买,站上MA13 + 中枢底部蓄力,1078,0.2076,0.2138,0.971,0.2885,0.2946,-0.0061,L2
震荡-2买,站上MA13 + 中枢底部回升,1404,0.2804,0.2743,1.022,0.2991,0.2946,0.0046,L2
震荡-2买,站上MA13 + 大盘多头,1289,0.2704,0.2464,1.097,0.3142,0.2946,0.0196,L2
震荡-2买,站上MA13 + 大盘空头,456,0.0781,0.0945,0.826,0.2566,0.2946,-0.038,L2
震荡-2买,站上MA13 + 大盘安全,1757,0.3485,0.3443,1.012,0.2971,0.2946,0.0025,L2
震荡-2买,站上MA13 + SID等于1,1289,0.2704,0.2464,1.097,0.3142,0.2946,0.0196,L2
震荡-2买,站上MA13 + SID等于2,2257,0.4613,0.4366,1.057,0.3062,0.2946,0.0116,L2
震荡-2买,站上MA13 + SID小于等于2,2257,0.4613,0.4366,1.057,0.3062,0.2946,0.0116,L2
震荡-2买,站上MA13 + 大盘5日上涨,1829,0.3618,0.3588,1.008,0.2963,0.2946,0.0017,L2
震荡-2买,站上MA13 + 相对强弱大于0,1468,0.2937,0.2866,1.025,0.2997,0.2946,0.0051,L2
震荡-2买,站上MA13 + 相对强弱大于5,411,0.0868,0.0783,1.108,0.3163,0.2946,0.0217,L2
震荡-2买,站上MA13 + 量比>=1.3,366,0.0801,0.0686,1.168,0.3279,0.2946,0.0333,L2
震荡-2买,站上MA13 + 量比>=2,92,0.0174,0.0184,0.943,0.2826,0.2946,-0.012,L2
震荡-2买,站上MA13 + 距前高<=10%,471,0.1155,0.0831,1.39,0.3673,0.2946,0.0727,L2
震荡-2买,站上MA13 + 距前低<=10%,978,0.1776,0.1985,0.895,0.272,0.2946,-0.0226,L2
震荡-2买,站上MA13 + 相对强弱>=0,289,0.0534,0.0583,0.917,0.2768,0.2946,-0.0178,L2
震荡-2买,站上MA34 + 站上MA55,1548,0.3211,0.2975,1.079,0.3107,0.2946,0.0161,L2
震荡-2买,站上MA34 + 站上MA89,1416,0.2884,0.2743,1.051,0.3051,0.2946,0.0105,L2
震荡-2买,站上MA34 + 站上MA144,1305,0.2677,0.252,1.062,0.3073,0.2946,0.0127,L2
震荡-2买,站上MA34 + 站上MA233,1149,0.2377,0.2211,1.075,0.3098,0.2946,0.0152,L2
震荡-2买,站上MA34 + 斐波短中多头,439,0.0888,0.0853,1.041,0.303,0.2946,0.0084,L2
震荡-2买,站上MA34 + 斐波长多头,377,0.0641,0.0783,0.818,0.2546,0.2946,-0.04,L2
震荡-2买,站上MA34 + 斐波全多头,95,0.0134,0.0209,0.639,0.2105,0.2946,-0.0841,L2
震荡-2买,站上MA34 + MA55上穿MA89,76,0.0174,0.0139,1.245,0.3421,0.2946,0.0475,L2
震荡-2买,站上MA34 + 放量,1277,0.273,0.242,1.128,0.3203,0.2946,0.0257,L2
震荡-2买,站上MA34 + 缩量,1561,0.3191,0.3019,1.057,0.3062,0.2946,0.0116,L2
震荡-2买,站上MA34 + 量比大于1,1566,0.3191,0.3033,1.052,0.3052,0.2946,0.0106,L2
震荡-2买,站上MA34 + 量比大于1_3,1226,0.2543,0.2356,1.08,0.3108,0.2946,0.0162,L2
震荡-2买,站上MA34 + 量比大于2,604,0.1348,0.1121,1.203,0.3344,0.2946,0.0398,L2
震荡-2买,站上MA34 + 量能递增,956,0.2176,0.1756,1.239,0.341,0.2946,0.0464,L2
震荡-2买,站上MA34 + 价涨量增,1171,0.255,0.22,1.159,0.3262,0.2946,0.0316,L2
震荡-2买,站上MA34 + 价涨量缩,1236,0.247,0.2414,1.023,0.2994,0.2946,0.0048,L2
震荡-2买,站上MA34 + MACD_DIF大于0,1243,0.257,0.2392,1.074,0.3097,0.2946,0.0151,L2
震荡-2买,站上MA34 + MACD金叉态,622,0.1409,0.1146,1.229,0.3392,0.2946,0.0446,L2
震荡-2买,站上MA34 + MACD柱递增,1450,0.3031,0.2777,1.091,0.3131,0.2946,0.0185,L2
震荡-2买,站上MA34 + MACD零轴上金叉,189,0.0461,0.0335,1.377,0.3651,0.2946,0.0705,L2
震荡-2买,站上MA34 + MACD底背离,393,0.0754,0.0781,0.966,0.2875,0.2946,-0.0071,L2
震荡-2买,站上MA34 + BOLL收上中轨,1350,0.2917,0.2545,1.146,0.3237,0.2946,0.0291,L2
震荡-2买,站上MA34 + BOLL突破上轨,235,0.0561,0.0421,1.332,0.3574,0.2946,0.0629,L2
震荡-2买,站上MA34 + BOLL触下轨反弹,1025,0.2236,0.1924,1.163,0.3268,0.2946,0.0322,L2
震荡-2买,站上MA34 + BOLL开口扩张,1502,0.3164,0.2866,1.104,0.3156,0.2946,0.021,L2
震荡-2买,站上MA34 + KDJ金叉态,1463,0.3091,0.2788,1.109,0.3165,0.2946,0.0219,L2
震荡-2买,站上MA34 + KDJ_J超卖,1487,0.3204,0.2807,1.141,0.3228,0.2946,0.0282,L2
震荡-2买,站上MA34 + KDJ低位金叉,261,0.0521,0.051,1.021,0.2989,0.2946,0.0043,L2
震荡-2买,站上MA34 + KDJ_D小于30,786,0.1722,0.1472,1.17,0.3282,0.2946,0.0337,L2
震荡-2买,站上MA34 + RSI6大于50,1493,0.3184,0.2832,1.124,0.3195,0.2946,0.0249,L2
震荡-2买,站上MA34 + RSI金叉,1375,0.2984,0.2587,1.153,0.3251,0.2946,0.0305,L2
震荡-2买,站上MA34 + RSI6超卖,968,0.2223,0.177,1.256,0.344,0.2946,0.0494,L2
震荡-2买,站上MA34 + RSI底背离,338,0.0661,0.0666,0.992,0.2929,0.2946,-0.0017,L2
震荡-2买,站上MA34 + 威科夫得分大于4,767,0.1749,0.1408,1.242,0.3416,0.2946,0.047,L2
震荡-2买,站上MA34 + 威科夫得分大于7,328,0.0701,0.0622,1.127,0.3201,0.2946,0.0255,L2
震荡-2买,站上MA34 + 积累阶段,576,0.1375,0.1032,1.333,0.3576,0.2946,0.063,L2
震荡-2买,站上MA34 + 黄金柱,186,0.0394,0.0354,1.112,0.3172,0.2946,0.0226,L2
震荡-2买,站上MA34 + 量能金叉,463,0.1028,0.0861,1.193,0.3326,0.2946,0.038,L2
震荡-2买,站上MA34 + 六脉红灯大于5,1302,0.2824,0.2451,1.152,0.3249,0.2946,0.0303,L2
震荡-2买,站上MA34 + 六脉红灯大于6,1122,0.2423,0.2116,1.145,0.3235,0.2946,0.0289,L2
震荡-2买,站上MA34 + 六脉6红首发,1122,0.2423,0.2116,1.145,0.3235,0.2946,0.0289,L2
震荡-2买,站上MA34 + 六脉5红首发,1302,0.2824,0.2451,1.152,0.3249,0.2946,0.0303,L2
震荡-2买,站上MA34 + 偏多共振,564,0.0921,0.1188,0.776,0.2447,0.2946,-0.0499,L2
震荡-2买,站上MA34 + 多头共振,561,0.0921,0.1179,0.781,0.246,0.2946,-0.0486,L2
震荡-2买,站上MA34 + 火箭信号,212,0.0541,0.0365,1.481,0.3821,0.2946,0.0875,L2
震荡-2买,站上MA34 + 中枢进机会区,443,0.1001,0.0817,1.226,0.3386,0.2946,0.044,L2
震荡-2买,站上MA34 + 中枢极限底,276,0.0594,0.0521,1.14,0.3225,0.2946,0.0279,L2
震荡-2买,站上MA34 + 中枢上穿中轴,994,0.217,0.1865,1.163,0.327,0.2946,0.0324,L2
震荡-2买,站上MA34 + 中枢底部蓄力,356,0.0768,0.0672,1.143,0.323,0.2946,0.0284,L2
震荡-2买,站上MA34 + 中枢底部回升,644,0.1415,0.1204,1.175,0.3292,0.2946,0.0346,L2
震荡-2买,站上MA34 + 大盘多头,1107,0.231,0.2122,1.089,0.3126,0.2946,0.018,L2
震荡-2买,站上MA34 + 大盘空头,241,0.0441,0.0488,0.903,0.2739,0.2946,-0.0207,L2
震荡-2买,站上MA34 + 大盘安全,1362,0.2764,0.2643,1.046,0.304,0.2946,0.0094,L2
震荡-2买,站上MA34 + SID等于1,1107,0.231,0.2122,1.089,0.3126,0.2946,0.018,L2
震荡-2买,站上MA34 + SID等于2,1688,0.3505,0.3242,1.081,0.311,0.2946,0.0164,L2
震荡-2买,站上MA34 + SID小于等于2,1688,0.3505,0.3242,1.081,0.311,0.2946,0.0164,L2
震荡-2买,站上MA34 + 大盘5日上涨,1298,0.2677,0.2501,1.07,0.3089,0.2946,0.0143,L2
震荡-2买,站上MA34 + 相对强弱大于0,1136,0.2303,0.2205,1.044,0.3037,0.2946,0.0091,L2
震荡-2买,站上MA34 + 相对强弱大于5,352,0.0761,0.0664,1.147,0.3239,0.2946,0.0293,L2
震荡-2买,站上MA34 + 量比>=1.3,236,0.0547,0.0429,1.275,0.3475,0.2946,0.0529,L2
震荡-2买,站上MA34 + 量比>=2,69,0.0134,0.0137,0.977,0.2899,0.2946,-0.0047,L2
震荡-2买,站上MA34 + 距前高<=10%,468,0.1121,0.0836,1.341,0.359,0.2946,0.0644,L2
震荡-2买,站上MA34 + 距前低<=10%,448,0.0874,0.0884,0.99,0.2924,0.2946,-0.0022,L2
震荡-2买,站上MA34 + 相对强弱>=0,209,0.0387,0.0421,0.92,0.2775,0.2946,-0.0171,L2
震荡-2买,站上MA55 + 站上MA89,1986,0.3925,0.3897,1.007,0.2961,0.2946,0.0015,L2
震荡-2买,站上MA55 + 站上MA144,1777,0.3558,0.3468,1.026,0.2999,0.2946,0.0054,L2
震荡-2买,站上MA55 + 站上MA233,1574,0.3171,0.3064,1.035,0.3018,0.2946,0.0072,L2
震荡-2买,站上MA55 + 斐波短中多头,476,0.0961,0.0926,1.039,0.3025,0.2946,0.0079,L2
震荡-2买,站上MA55 + 斐波长多头,612,0.1088,0.1252,0.869,0.2663,0.2946,-0.0283,L2
震荡-2买,站上MA55 + 斐波全多头,106,0.0154,0.0231,0.664,0.217,0.2946,-0.0776,L2
震荡-2买,站上MA55 + MA55上穿MA89,102,0.0207,0.0198,1.045,0.3039,0.2946,0.0093,L2
震荡-2买,站上MA55 + 放量,1455,0.3211,0.2715,1.183,0.3306,0.2946,0.036,L2
震荡-2买,站上MA55 + 缩量,2133,0.4286,0.4157,1.031,0.301,0.2946,0.0064,L2
震荡-2买,站上MA55 + 量比大于1,2028,0.4192,0.3903,1.074,0.3097,0.2946,0.0151,L2
震荡-2买,站上MA55 + 量比大于1_3,1423,0.3064,0.2687,1.14,0.3226,0.2946,0.028,L2
震荡-2买,站上MA55 + 量比大于2,609,0.1402,0.1112,1.26,0.3448,0.2946,0.0502,L2
震荡-2买,站上MA55 + 量能递增,1046,0.243,0.1901,1.278,0.348,0.2946,0.0534,L2
震荡-2买,站上MA55 + 价涨量增,1282,0.2817,0.2398,1.175,0.3292,0.2946,0.0346,L2
震荡-2买,站上MA55 + 价涨量缩,1740,0.3465,0.3404,1.018,0.2983,0.2946,0.0037,L2
震荡-2买,站上MA55 + MACD_DIF大于0,1660,0.3318,0.3242,1.023,0.2994,0.2946,0.0048,L2
震荡-2买,站上MA55 + MACD金叉态,531,0.1215,0.0973,1.249,0.3427,0.2946,0.0482,L2
震荡-2买,站上MA55 + MACD柱递增,1956,0.4032,0.3769,1.07,0.3088,0.2946,0.0142,L2
震荡-2买,站上MA55 + MACD零轴上金叉,189,0.0461,0.0335,1.377,0.3651,0.2946,0.0705,L2
震荡-2买,站上MA55 + MACD底背离,609,0.1108,0.1235,0.897,0.2726,0.2946,-0.022,L2
震荡-2买,站上MA55 + BOLL收上中轨,1332,0.2857,0.252,1.134,0.3213,0.2946,0.0267,L2
震荡-2买,站上MA55 + BOLL突破上轨,220,0.0534,0.039,1.368,0.3636,0.2946,0.069,L2
震荡-2买,站上MA55 + BOLL触下轨反弹,1402,0.2984,0.2662,1.121,0.3188,0.2946,0.0242,L2
震荡-2买,站上MA55 + BOLL开口扩张,2062,0.4252,0.3973,1.07,0.3089,0.2946,0.0143,L2
震荡-2买,站上MA55 + KDJ金叉态,1903,0.3992,0.3638,1.097,0.3142,0.2946,0.0196,L2
震荡-2买,站上MA55 + KDJ_J超卖,2042,0.4272,0.3909,1.093,0.3134,0.2946,0.0188,L2
震荡-2买,站上MA55 + KDJ低位金叉,589,0.1155,0.116,0.996,0.2937,0.2946,-0.0009,L2
震荡-2买,站上MA55 + KDJ_D小于30,1267,0.2597,0.2448,1.061,0.307,0.2946,0.0124,L2
震荡-2买,站上MA55 + RSI6大于50,1686,0.3658,0.3173,1.153,0.325,0.2946,0.0304,L2
震荡-2买,站上MA55 + RSI金叉,1651,0.3618,0.3092,1.17,0.3283,0.2946,0.0337,L2
震荡-2买,站上MA55 + RSI6超卖,1440,0.3198,0.2679,1.194,0.3326,0.2946,0.038,L2
震荡-2买,站上MA55 + RSI底背离,480,0.0928,0.0951,0.976,0.2896,0.2946,-0.005,L2
震荡-2买,站上MA55 + 威科夫得分大于4,897,0.1963,0.1681,1.167,0.3278,0.2946,0.0332,L2
震荡-2买,站上MA55 + 威科夫得分大于7,351,0.0768,0.0658,1.167,0.3276,0.2946,0.033,L2
震荡-2买,站上MA55 + 积累阶段,747,0.1836,0.1316,1.395,0.3681,0.2946,0.0735,L2
震荡-2买,站上MA55 + 黄金柱,183,0.0394,0.0346,1.139,0.3224,0.2946,0.0278,L2
震荡-2买,站上MA55 + 量能金叉,486,0.1068,0.0909,1.175,0.3292,0.2946,0.0346,L2
震荡-2买,站上MA55 + 六脉红灯大于5,1546,0.3405,0.2888,1.179,0.3299,0.2946,0.0353,L2
震荡-2买,站上MA55 + 六脉红灯大于6,1251,0.275,0.2339,1.176,0.3293,0.2946,0.0347,L2
震荡-2买,站上MA55 + 六脉6红首发,1251,0.275,0.2339,1.176,0.3293,0.2946,0.0347,L2
震荡-2买,站上MA55 + 六脉5红首发,1546,0.3405,0.2888,1.179,0.3299,0.2946,0.0353,L2
震荡-2买,站上MA55 + 偏多共振,706,0.1182,0.1475,0.801,0.2507,0.2946,-0.0439,L2
震荡-2买,站上MA55 + 多头共振,703,0.1182,0.1466,0.806,0.2518,0.2946,-0.0428,L2
震荡-2买,站上MA55 + 火箭信号,212,0.0534,0.0368,1.451,0.3774,0.2946,0.0828,L2
震荡-2买,站上MA55 + 中枢进机会区,770,0.1689,0.1441,1.172,0.3286,0.2946,0.034,L2
震荡-2买,站上MA55 + 中枢极限底,410,0.0981,0.0733,1.338,0.3585,0.2946,0.0639,L2
震荡-2买,站上MA55 + 中枢上穿中轴,970,0.2156,0.1804,1.195,0.333,0.2946,0.0384,L2
震荡-2买,站上MA55 + 中枢底部蓄力,524,0.1075,0.1012,1.062,0.3073,0.2946,0.0127,L2
震荡-2买,站上MA55 + 中枢底部回升,954,0.2103,0.1781,1.18,0.3302,0.2946,0.0356,L2
震荡-2买,站上MA55 + 大盘多头,1427,0.2957,0.2743,1.078,0.3104,0.2946,0.0158,L2
震荡-2买,站上MA55 + 大盘空头,283,0.0494,0.0583,0.848,0.2615,0.2946,-0.0331,L2
震荡-2买,站上MA55 + 大盘安全,1714,0.3451,0.3337,1.034,0.3016,0.2946,0.007,L2
震荡-2买,站上MA55 + SID等于1,1427,0.2957,0.2743,1.078,0.3104,0.2946,0.0158,L2
震荡-2买,站上MA55 + SID等于2,2262,0.4619,0.4377,1.055,0.3059,0.2946,0.0113,L2
震荡-2买,站上MA55 + SID小于等于2,2262,0.4619,0.4377,1.055,0.3059,0.2946,0.0113,L2
震荡-2买,站上MA55 + 大盘5日上涨,1738,0.3518,0.3376,1.042,0.3032,0.2946,0.0086,L2
震荡-2买,站上MA55 + 相对强弱大于0,1247,0.2523,0.2423,1.042,0.3031,0.2946,0.0085,L2
震荡-2买,站上MA55 + 相对强弱大于5,346,0.0768,0.0644,1.192,0.3324,0.2946,0.0378,L2
震荡-2买,站上MA55 + 量比>=1.3,261,0.0648,0.0457,1.416,0.3716,0.2946,0.0771,L2
震荡-2买,站上MA55 + 量比>=2,70,0.0154,0.0131,1.172,0.3286,0.2946,0.034,L2
震荡-2买,站上MA55 + 距前高<=10%,556,0.1335,0.0992,1.345,0.3597,0.2946,0.0651,L2
震荡-2买,站上MA55 + 距前低<=10%,439,0.0868,0.0861,1.007,0.2961,0.2946,0.0015,L2
震荡-2买,站上MA55 + 相对强弱>=0,226,0.0427,0.0452,0.946,0.2832,0.2946,-0.0114,L2
震荡-2买,站上MA89 + 站上MA144,2479,0.4599,0.499,0.922,0.2779,0.2946,-0.0167,L2
震荡-2买,站上MA89 + 站上MA233,2153,0.3919,0.4366,0.898,0.2726,0.2946,-0.0219,L2
震荡-2买,站上MA89 + 斐波短中多头,462,0.0895,0.0914,0.978,0.29,0.2946,-0.0045,L2
震荡-2买,站上MA89 + 斐波长多头,1073,0.1662,0.2297,0.724,0.2321,0.2946,-0.0625,L2
震荡-2买,站上MA89 + 斐波全多头,111,0.0174,0.0237,0.732,0.2342,0.2946,-0.0604,L2
震荡-2买,站上MA89 + MA55上穿MA89,105,0.0207,0.0206,1.003,0.2952,0.2946,0.0006,L2
震荡-2买,站上MA89 + 放量,1621,0.3271,0.3153,1.037,0.3023,0.2946,0.0077,L2
震荡-2买,站上MA89 + 缩量,2619,0.478,0.5305,0.901,0.2734,0.2946,-0.0212,L2
震荡-2买,站上MA89 + 量比大于1,2423,0.4539,0.4859,0.934,0.2806,0.2946,-0.0139,L2
震荡-2买,站上MA89 + 量比大于1_3,1644,0.3251,0.3226,1.008,0.2962,0.2946,0.0016,L2
震荡-2买,站上MA89 + 量比大于2,642,0.1415,0.1199,1.181,0.3302,0.2946,0.0356,L2
震荡-2买,站上MA89 + 量能递增,1147,0.2437,0.218,1.118,0.3182,0.2946,0.0236,L2
震荡-2买,站上MA89 + 价涨量增,1401,0.2844,0.2718,1.046,0.3041,0.2946,0.0095,L2
震荡-2买,站上MA89 + 价涨量缩,2150,0.3885,0.4371,0.889,0.2707,0.2946,-0.0239,L2
震荡-2买,站上MA89 + MACD_DIF大于0,1621,0.3178,0.3192,0.995,0.2936,0.2946,-0.0009,L2
震荡-2买,站上MA89 + MACD金叉态,524,0.1061,0.1018,1.043,0.3034,0.2946,0.0088,L2
震荡-2买,站上MA89 + MACD柱递增,2418,0.4499,0.4862,0.925,0.2787,0.2946,-0.0158,L2
震荡-2买,站上MA89 + MACD零轴上金叉,177,0.0441,0.0309,1.424,0.3729,0.2946,0.0783,L2
震荡-2买,站上MA89 + MACD底背离,1044,0.1682,0.2208,0.762,0.2414,0.2946,-0.0532,L2
震荡-2买,站上MA89 + BOLL收上中轨,1298,0.263,0.252,1.044,0.3035,0.2946,0.009,L2
震荡-2买,站上MA89 + BOLL突破上轨,206,0.0487,0.0371,1.314,0.3544,0.2946,0.0598,L2
震荡-2买,站上MA89 + BOLL触下轨反弹,1681,0.3264,0.3323,0.982,0.2909,0.2946,-0.0037,L2
震荡-2买,站上MA89 + BOLL开口扩张,2504,0.47,0.5018,0.937,0.2812,0.2946,-0.0134,L2
震荡-2买,站上MA89 + KDJ金叉态,2279,0.4299,0.4558,0.943,0.2826,0.2946,-0.012,L2
震荡-2买,站上MA89 + KDJ_J超卖,2508,0.4733,0.5015,0.944,0.2827,0.2946,-0.0119,L2
震荡-2买,站上MA89 + KDJ低位金叉,939,0.1669,0.1921,0.869,0.2662,0.2946,-0.0284,L2
震荡-2买,站上MA89 + KDJ_D小于30,1755,0.3251,0.3535,0.92,0.2775,0.2946,-0.0171,L2
震荡-2买,站上MA89 + RSI6大于50,1746,0.3525,0.3396,1.038,0.3024,0.2946,0.0078,L2
震荡-2买,站上MA89 + RSI金叉,1878,0.3732,0.3677,1.015,0.2977,0.2946,0.0031,L2
震荡-2买,站上MA89 + RSI6超卖,1904,0.3745,0.3744,1.0,0.2946,0.2946,0.0001,L2
震荡-2买,站上MA89 + RSI底背离,737,0.1235,0.1539,0.803,0.251,0.2946,-0.0436,L2
震荡-2买,站上MA89 + 威科夫得分大于4,971,0.2003,0.1871,1.071,0.309,0.2946,0.0144,L2
震荡-2买,站上MA89 + 威科夫得分大于7,367,0.0748,0.0711,1.052,0.3052,0.2946,0.0106,L2
震荡-2买,站上MA89 + 积累阶段,1055,0.2036,0.2091,0.974,0.2891,0.2946,-0.0055,L2
震荡-2买,站上MA89 + 黄金柱,187,0.0381,0.0362,1.05,0.3048,0.2946,0.0102,L2
震荡-2买,站上MA89 + 量能金叉,472,0.1028,0.0887,1.16,0.3263,0.2946,0.0317,L2
震荡-2买,站上MA89 + 六脉红灯大于5,1739,0.3471,0.3398,1.021,0.299,0.2946,0.0044,L2
震荡-2买,站上MA89 + 六脉红灯大于6,1316,0.2704,0.254,1.065,0.3078,0.2946,0.0132,L2
震荡-2买,站上MA89 + 六脉6红首发,1316,0.2704,0.254,1.065,0.3078,0.2946,0.0132,L2
震荡-2买,站上MA89 + 六脉5红首发,1739,0.3471,0.3398,1.021,0.299,0.2946,0.0044,L2
震荡-2买,站上MA89 + 偏多共振,763,0.1295,0.1586,0.816,0.2543,0.2946,-0.0403,L2
震荡-2买,站上MA89 + 多头共振,760,0.1295,0.1578,0.821,0.2553,0.2946,-0.0393,L2
震荡-2买,站上MA89 + 火箭信号,219,0.0534,0.0388,1.378,0.3653,0.2946,0.0707,L2
震荡-2买,站上MA89 + 极限抄底,56,0.01,0.0114,0.876,0.2679,0.2946,-0.0267,L2
震荡-2买,站上MA89 + 中枢进机会区,1009,0.1909,0.2016,0.947,0.2834,0.2946,-0.0111,L2
震荡-2买,站上MA89 + 中枢极限底,773,0.1502,0.1528,0.983,0.2911,0.2946,-0.0035,L2
震荡-2买,站上MA89 + 中枢上穿中轴,889,0.1923,0.1675,1.147,0.324,0.2946,0.0294,L2
震荡-2买,站上MA89 + 中枢底部蓄力,1100,0.1876,0.2283,0.822,0.2555,0.2946,-0.0391,L2
震荡-2买,站上MA89 + 中枢底部回升,1505,0.2777,0.3036,0.915,0.2764,0.2946,-0.0182,L2
震荡-2买,站上MA89 + 大盘多头,1501,0.269,0.3061,0.879,0.2685,0.2946,-0.0261,L2
震荡-2买,站上MA89 + 大盘空头,431,0.0681,0.0917,0.742,0.2367,0.2946,-0.0579,L2
震荡-2买,站上MA89 + 大盘安全,1871,0.3264,0.3853,0.847,0.2614,0.2946,-0.0332,L2
震荡-2买,站上MA89 + SID等于1,1501,0.269,0.3061,0.879,0.2685,0.2946,-0.0261,L2
震荡-2买,站上MA89 + SID等于2,2752,0.5073,0.5553,0.914,0.2762,0.2946,-0.0184,L2
震荡-2买,站上MA89 + SID小于等于2,2752,0.5073,0.5553,0.914,0.2762,0.2946,-0.0184,L2
震荡-2买,站上MA89 + 大盘5日上涨,1915,0.3358,0.3936,0.853,0.2627,0.2946,-0.0319,L2
震荡-2买,站上MA89 + 相对强弱大于0,1353,0.265,0.2665,0.994,0.2934,0.2946,-0.0012,L2
震荡-2买,站上MA89 + 相对强弱大于5,373,0.0808,0.0703,1.15,0.3244,0.2946,0.0298,L2
震荡-2买,站上MA89 + 量比>=1.3,339,0.0721,0.0644,1.12,0.3186,0.2946,0.024,L2
震荡-2买,站上MA89 + 量比>=2,80,0.0154,0.0159,0.966,0.2875,0.2946,-0.0071,L2
震荡-2买,站上MA89 + 距前高<=10%,535,0.1208,0.0987,1.224,0.3383,0.2946,0.0437,L2
震荡-2买,站上MA89 + 深跌(距前高>40%),54,0.0067,0.0123,0.544,0.1852,0.2946,-0.1094,L2
震荡-2买,站上MA89 + 距前低<=10%,666,0.1175,0.1366,0.86,0.2643,0.2946,-0.0303,L2
震荡-2买,站上MA89 + 相对强弱>=0,239,0.0441,0.0482,0.914,0.2762,0.2946,-0.0184,L2
震荡-2买,站上MA144 + 站上MA233,2628,0.4726,0.5353,0.883,0.2694,0.2946,-0.0252,L2
震荡-2买,站上MA144 + 斐波短中多头,424,0.0854,0.0825,1.035,0.3019,0.2946,0.0073,L2
震荡-2买,站上MA144 + 斐波长多头,1483,0.2363,0.3147,0.751,0.2387,0.2946,-0.0559,L2
震荡-2买,站上MA144 + 斐波全多头,113,0.0174,0.0243,0.716,0.2301,0.2946,-0.0645,L2
震荡-2买,站上MA144 + MA55上穿MA89,84,0.02,0.0151,1.33,0.3571,0.2946,0.0626,L2
震荡-2买,站上MA144 + 放量,1785,0.3698,0.3432,1.078,0.3104,0.2946,0.0158,L2
震荡-2买,站上MA144 + 缩量,2956,0.5394,0.5988,0.901,0.2733,0.2946,-0.0212,L2
震荡-2买,站上MA144 + 量比大于1,2723,0.5147,0.5442,0.946,0.2831,0.2946,-0.0114,L2
震荡-2买,站上MA144 + 量比大于1_3,1816,0.3685,0.3524,1.046,0.304,0.2946,0.0094,L2
震荡-2买,站上MA144 + 量比大于2,663,0.1582,0.1188,1.332,0.3575,0.2946,0.0629,L2
震荡-2买,站上MA144 + 量能递增,1282,0.2744,0.2428,1.13,0.3206,0.2946,0.026,L2
震荡-2买,站上MA144 + 价涨量增,1516,0.3164,0.2905,1.089,0.3127,0.2946,0.0181,L2
震荡-2买,站上MA144 + 价涨量缩,2448,0.4426,0.4976,0.889,0.2708,0.2946,-0.0238,L2
震荡-2买,站上MA144 + MACD_DIF大于0,1474,0.2937,0.2883,1.019,0.2985,0.2946,0.0039,L2
震荡-2买,站上MA144 + MACD金叉态,627,0.1162,0.1263,0.92,0.2775,0.2946,-0.0171,L2
震荡-2买,站上MA144 + MACD柱递增,2757,0.5113,0.5551,0.921,0.2778,0.2946,-0.0168,L2
震荡-2买,站上MA144 + MACD零轴上金叉,169,0.0421,0.0296,1.423,0.3728,0.2946,0.0782,L2
震荡-2买,站上MA144 + MACD底背离,1407,0.2263,0.2977,0.76,0.2409,0.2946,-0.0537,L2
震荡-2买,站上MA144 + BOLL收上中轨,1259,0.2557,0.2442,1.047,0.3042,0.2946,0.0096,L2
震荡-2买,站上MA144 + BOLL突破上轨,201,0.0454,0.0371,1.224,0.3383,0.2946,0.0437,L2
震荡-2买,站上MA144 + BOLL触下轨反弹,1938,0.3765,0.383,0.983,0.291,0.2946,-0.0036,L2
震荡-2买,站上MA144 + BOLL开口扩张,2823,0.5347,0.5637,0.949,0.2837,0.2946,-0.0109,L2
震荡-2买,站上MA144 + KDJ金叉态,2569,0.4887,0.5121,0.954,0.2849,0.2946,-0.0097,L2
震荡-2买,站上MA144 + KDJ_J超卖,2839,0.536,0.5676,0.944,0.2828,0.2946,-0.0117,L2
震荡-2买,站上MA144 + KDJ低位金叉,1221,0.2303,0.2442,0.943,0.2826,0.2946,-0.012,L2
震荡-2买,站上MA144 + KDJ_D小于30,2095,0.3945,0.4193,0.941,0.2821,0.2946,-0.0125,L2
震荡-2买,站上MA144 + RSI6大于50,1775,0.3545,0.3468,1.022,0.2992,0.2946,0.0046,L2
震荡-2买,站上MA144 + RSI金叉,2091,0.4132,0.4104,1.007,0.296,0.2946,0.0014,L2
震荡-2买,站上MA144 + RSI6超卖,2279,0.4493,0.4477,1.003,0.2953,0.2946,0.0007,L2
震荡-2买,站上MA144 + RSI底背离,987,0.1575,0.2094,0.752,0.2391,0.2946,-0.0555,L2
震荡-2买,站上MA144 + 威科夫得分大于4,983,0.2029,0.1893,1.072,0.3093,0.2946,0.0147,L2
震荡-2买,站上MA144 + 威科夫得分大于7,365,0.0748,0.0705,1.06,0.3068,0.2946,0.0123,L2
震荡-2买,站上MA144 + 积累阶段,1356,0.241,0.2774,0.869,0.2662,0.2946,-0.0284,L2
震荡-2买,站上MA144 + 黄金柱,196,0.0387,0.0385,1.006,0.2959,0.2946,0.0013,L2
震荡-2买,站上MA144 + 量能金叉,484,0.1068,0.0903,1.182,0.3306,0.2946,0.036,L2
震荡-2买,站上MA144 + 六脉红灯大于5,1911,0.3765,0.3755,1.003,0.2951,0.2946,0.0005,L2
震荡-2买,站上MA144 + 六脉红灯大于6,1358,0.2777,0.2626,1.057,0.3063,0.2946,0.0117,L2
震荡-2买,站上MA144 + 六脉6红首发,1358,0.2777,0.2626,1.057,0.3063,0.2946,0.0117,L2
震荡-2买,站上MA144 + 六脉5红首发,1911,0.3765,0.3755,1.003,0.2951,0.2946,0.0005,L2
震荡-2买,站上MA144 + 偏多共振,777,0.1335,0.1609,0.83,0.2574,0.2946,-0.0372,L2
震荡-2买,站上MA144 + 多头共振,774,0.1335,0.16,0.834,0.2584,0.2946,-0.0362,L2
震荡-2买,站上MA144 + 火箭信号,231,0.0574,0.0404,1.42,0.3723,0.2946,0.0777,L2
震荡-2买,站上MA144 + 极限抄底,125,0.0294,0.0226,1.301,0.352,0.2946,0.0574,L2
震荡-2买,站上MA144 + 中枢进机会区,1138,0.2123,0.2286,0.929,0.2794,0.2946,-0.0152,L2
震荡-2买,站上MA144 + 中枢极限底,1034,0.2009,0.2043,0.983,0.2911,0.2946,-0.0035,L2
震荡-2买,站上MA144 + 中枢上穿中轴,837,0.1836,0.1567,1.172,0.3286,0.2946,0.034,L2
震荡-2买,站上MA144 + 中枢底部蓄力,1569,0.2717,0.3239,0.839,0.2594,0.2946,-0.0352,L2
震荡-2买,站上MA144 + 中枢底部回升,1966,0.3618,0.397,0.911,0.2757,0.2946,-0.0189,L2
震荡-2买,站上MA144 + 大盘多头,1546,0.2724,0.3173,0.858,0.2639,0.2946,-0.0307,L2
震荡-2买,站上MA144 + 大盘空头,552,0.0808,0.1202,0.672,0.2192,0.2946,-0.0754,L2
震荡-2买,站上MA144 + 大盘安全,2006,0.3378,0.4182,0.808,0.2522,0.2946,-0.0423,L2
震荡-2买,站上MA144 + SID等于1,1546,0.2724,0.3173,0.858,0.2639,0.2946,-0.0307,L2
震荡-2买,站上MA144 + SID等于2,3109,0.5748,0.6267,0.917,0.2769,0.2946,-0.0177,L2
震荡-2买,站上MA144 + SID小于等于2,3109,0.5748,0.6267,0.917,0.2769,0.2946,-0.0177,L2
震荡-2买,站上MA144 + 大盘5日上涨,2047,0.3465,0.426,0.813,0.2535,0.2946,-0.0411,L2
震荡-2买,站上MA144 + 相对强弱大于0,1372,0.2737,0.2682,1.021,0.2988,0.2946,0.0042,L2
震荡-2买,站上MA144 + 相对强弱大于5,371,0.0801,0.07,1.145,0.3235,0.2946,0.0289,L2
震荡-2买,站上MA144 + 量比>=1.3,402,0.0955,0.0722,1.322,0.3557,0.2946,0.0611,L2
震荡-2买,站上MA144 + 量比>=2,83,0.0194,0.0151,1.286,0.3494,0.2946,0.0548,L2
震荡-2买,站上MA144 + 距前高<=10%,469,0.1101,0.0848,1.3,0.3518,0.2946,0.0572,L2
震荡-2买,站上MA144 + 深跌(距前高>40%),113,0.0174,0.0243,0.716,0.2301,0.2946,-0.0645,L2
震荡-2买,站上MA144 + 距前低<=10%,1098,0.1876,0.2278,0.824,0.2559,0.2946,-0.0387,L2
震荡-2买,站上MA144 + 相对强弱>=0,237,0.0461,0.0468,0.983,0.2911,0.2946,-0.0035,L2
震荡-2买,站上MA233 + 斐波短中多头,349,0.0661,0.0697,0.948,0.2837,0.2946,-0.0109,L2
震荡-2买,站上MA233 + 斐波长多头,1613,0.2644,0.3393,0.779,0.2455,0.2946,-0.0491,L2
震荡-2买,站上MA233 + 斐波全多头,113,0.0174,0.0243,0.716,0.2301,0.2946,-0.0645,L2
震荡-2买,站上MA233 + MA55上穿MA89,60,0.0127,0.0114,1.11,0.3167,0.2946,0.0221,L2
震荡-2买,站上MA233 + 放量,1777,0.3812,0.3362,1.134,0.3213,0.2946,0.0267,L2
震荡-2买,站上MA233 + 缩量,2910,0.5381,0.5866,0.917,0.277,0.2946,-0.0176,L2
震荡-2买,站上MA233 + 量比大于1,2686,0.5227,0.5305,0.985,0.2915,0.2946,-0.0031,L2
震荡-2买,站上MA233 + 量比大于1_3,1795,0.3838,0.3401,1.129,0.3203,0.2946,0.0257,L2
震荡-2买,站上MA233 + 量比大于2,648,0.1629,0.1126,1.446,0.3765,0.2946,0.082,L2
震荡-2买,站上MA233 + 量能递增,1270,0.285,0.235,1.213,0.3362,0.2946,0.0416,L2
震荡-2买,站上MA233 + 价涨量增,1494,0.3244,0.281,1.155,0.3253,0.2946,0.0307,L2
震荡-2买,站上MA233 + 价涨量缩,2430,0.4446,0.4918,0.904,0.2741,0.2946,-0.0205,L2
震荡-2买,站上MA233 + MACD_DIF大于0,1300,0.2597,0.254,1.022,0.2992,0.2946,0.0046,L2
震荡-2买,站上MA233 + MACD金叉态,660,0.1208,0.1335,0.905,0.2742,0.2946,-0.0203,L2
震荡-2买,站上MA233 + MACD柱递增,2733,0.5214,0.5442,0.958,0.2858,0.2946,-0.0088,L2
震荡-2买,站上MA233 + MACD零轴上金叉,143,0.034,0.0256,1.327,0.3566,0.2946,0.0621,L2
震荡-2买,站上MA233 + MACD底背离,1404,0.2236,0.298,0.75,0.2386,0.2946,-0.056,L2
震荡-2买,站上MA233 + BOLL收上中轨,1155,0.2363,0.2233,1.058,0.3065,0.2946,0.0119,L2
震荡-2买,站上MA233 + BOLL突破上轨,178,0.0434,0.0315,1.377,0.3652,0.2946,0.0706,L2
震荡-2买,站上MA233 + BOLL触下轨反弹,1944,0.3905,0.3789,1.031,0.3009,0.2946,0.0063,L2
震荡-2买,站上MA233 + BOLL开口扩张,2777,0.5374,0.5498,0.977,0.2899,0.2946,-0.0047,L2
震荡-2买,站上MA233 + KDJ金叉态,2568,0.5047,0.5052,0.999,0.2944,0.2946,-0.0002,L2
震荡-2买,站上MA233 + KDJ_J超卖,2814,0.5401,0.559,0.966,0.2875,0.2946,-0.0071,L2
震荡-2买,站上MA233 + KDJ低位金叉,1280,0.255,0.2503,1.019,0.2984,0.2946,0.0038,L2
震荡-2买,站上MA233 + KDJ_D小于30,2134,0.4159,0.4212,0.987,0.2919,0.2946,-0.0027,L2
震荡-2买,站上MA233 + RSI6大于50,1699,0.3418,0.3309,1.033,0.3014,0.2946,0.0068,L2
震荡-2买,站上MA233 + RSI金叉,2121,0.4272,0.4129,1.035,0.3017,0.2946,0.0072,L2
震荡-2买,站上MA233 + RSI6超卖,2316,0.4666,0.4508,1.035,0.3018,0.2946,0.0072,L2
震荡-2买,站上MA233 + RSI底背离,993,0.1569,0.2113,0.742,0.2367,0.2946,-0.0579,L2
震荡-2买,站上MA233 + 威科夫得分大于4,885,0.1842,0.1698,1.085,0.3119,0.2946,0.0173,L2
震荡-2买,站上MA233 + 威科夫得分大于7,326,0.0654,0.0636,1.029,0.3006,0.2946,0.006,L2
震荡-2买,站上MA233 + 积累阶段,1424,0.255,0.2905,0.878,0.2683,0.2946,-0.0263,L2
震荡-2买,站上MA233 + 黄金柱,172,0.0347,0.0335,1.038,0.3023,0.2946,0.0077,L2
震荡-2买,站上MA233 + 量能金叉,446,0.1061,0.08,1.327,0.3565,0.2946,0.0619,L2
震荡-2买,站上MA233 + 六脉红灯大于5,1895,0.3772,0.3708,1.017,0.2982,0.2946,0.0036,L2
震荡-2买,站上MA233 + 六脉红灯大于6,1337,0.2764,0.2573,1.074,0.3096,0.2946,0.0151,L2
震荡-2买,站上MA233 + 六脉6红首发,1337,0.2764,0.2573,1.074,0.3096,0.2946,0.0151,L2
震荡-2买,站上MA233 + 六脉5红首发,1895,0.3772,0.3708,1.017,0.2982,0.2946,0.0036,L2
震荡-2买,站上MA233 + 偏多共振,718,0.1242,0.1483,0.837,0.2591,0.2946,-0.0355,L2
震荡-2买,站上MA233 + 多头共振,715,0.1242,0.1475,0.842,0.2601,0.2946,-0.0345,L2
震荡-2买,站上MA233 + 火箭信号,211,0.0541,0.0362,1.492,0.3839,0.2946,0.0893,L2
震荡-2买,站上MA233 + 极限抄底,133,0.0354,0.0223,1.586,0.3985,0.2946,0.1039,L2
震荡-2买,站上MA233 + 中枢进机会区,1149,0.2183,0.2292,0.953,0.2846,0.2946,-0.01,L2
震荡-2买,站上MA233 + 中枢极限底,1089,0.2123,0.2149,0.988,0.292,0.2946,-0.0026,L2
震荡-2买,站上MA233 + 中枢上穿中轴,758,0.1742,0.1386,1.257,0.3443,0.2946,0.0497,L2
震荡-2买,站上MA233 + 中枢底部蓄力,1654,0.2931,0.3387,0.865,0.2654,0.2946,-0.0292,L2
震荡-2买,站上MA233 + 中枢底部回升,2065,0.3932,0.4115,0.956,0.2852,0.2946,-0.0094,L2
震荡-2买,站上MA233 + 大盘多头,1550,0.2804,0.315,0.89,0.271,0.2946,-0.0236,L2
震荡-2买,站上MA233 + 大盘空头,589,0.0828,0.1296,0.639,0.2105,0.2946,-0.0841,L2
震荡-2买,站上MA233 + 大盘安全,2057,0.3491,0.4277,0.816,0.2543,0.2946,-0.0403,L2
震荡-2买,站上MA233 + SID等于1,1550,0.2804,0.315,0.89,0.271,0.2946,-0.0236,L2
震荡-2买,站上MA233 + SID等于2,3070,0.5781,0.6144,0.941,0.2821,0.2946,-0.0125,L2
震荡-2买,站上MA233 + SID小于等于2,3070,0.5781,0.6144,0.941,0.2821,0.2946,-0.0125,L2
震荡-2买,站上MA233 + 大盘5日上涨,2017,0.3398,0.4204,0.808,0.2524,0.2946,-0.0422,L2
震荡-2买,站上MA233 + 相对强弱大于0,1251,0.2443,0.2467,0.99,0.2926,0.2946,-0.002,L2
震荡-2买,站上MA233 + 相对强弱大于5,335,0.0714,0.0636,1.124,0.3194,0.2946,0.0248,L2
震荡-2买,站上MA233 + 量比>=1.3,444,0.1202,0.0736,1.633,0.4054,0.2946,0.1108,L2
震荡-2买,站上MA233 + 量比>=2,86,0.0207,0.0153,1.35,0.3605,0.2946,0.0659,L2
震荡-2买,站上MA233 + 距前高<=10%,402,0.0961,0.0719,1.336,0.3582,0.2946,0.0636,L2
震荡-2买,站上MA233 + 深跌(距前高>40%),145,0.0287,0.0284,1.009,0.2966,0.2946,0.002,L2
震荡-2买,站上MA233 + 距前低<=10%,1173,0.2003,0.2434,0.823,0.2558,0.2946,-0.0388,L2
震荡-2买,站上MA233 + 相对强弱>=0,208,0.0394,0.0415,0.948,0.2837,0.2946,-0.0109,L2
震荡-2买,斐波短中多头 + 斐波长多头,122,0.02,0.0256,0.781,0.2459,0.2946,-0.0487,L2
震荡-2买,斐波短中多头 + 斐波全多头,113,0.0174,0.0243,0.716,0.2301,0.2946,-0.0645,L2
震荡-2买,斐波短中多头 + 放量,337,0.0728,0.0636,1.145,0.3234,0.2946,0.0289,L2
震荡-2买,斐波短中多头 + 缩量,463,0.0941,0.0898,1.049,0.3045,0.2946,0.0099,L2
震荡-2买,斐波短中多头 + 量比大于1,420,0.0848,0.0817,1.038,0.3024,0.2946,0.0078,L2
震荡-2买,斐波短中多头 + 量比大于1_3,287,0.0567,0.0563,1.008,0.2962,0.2946,0.0016,L2
震荡-2买,斐波短中多头 + 量比大于2,117,0.0307,0.0198,1.551,0.3932,0.2946,0.0986,L2
震荡-2买,斐波短中多头 + 量能递增,283,0.0714,0.0491,1.456,0.3781,0.2946,0.0835,L2
震荡-2买,斐波短中多头 + 价涨量增,270,0.0587,0.0507,1.158,0.3259,0.2946,0.0313,L2
震荡-2买,斐波短中多头 + 价涨量缩,407,0.0848,0.0781,1.086,0.312,0.2946,0.0174,L2
震荡-2买,斐波短中多头 + MACD_DIF大于0,494,0.1028,0.0948,1.085,0.3117,0.2946,0.0171,L2
震荡-2买,斐波短中多头 + MACD金叉态,123,0.0327,0.0206,1.586,0.3984,0.2946,0.1038,L2
震荡-2买,斐波短中多头 + MACD柱递增,333,0.0701,0.0636,1.103,0.3153,0.2946,0.0207,L2
震荡-2买,斐波短中多头 + MACD零轴上金叉,71,0.0194,0.0117,1.653,0.4085,0.2946,0.1139,L2
震荡-2买,斐波短中多头 + MACD底背离,61,0.0087,0.0134,0.649,0.2131,0.2946,-0.0815,L2
震荡-2买,斐波短中多头 + BOLL收上中轨,357,0.0748,0.0683,1.095,0.3137,0.2946,0.0191,L2
震荡-2买,斐波短中多头 + BOLL突破上轨,80,0.0207,0.0137,1.515,0.3875,0.2946,0.0929,L2
震荡-2买,斐波短中多头 + BOLL触下轨反弹,253,0.0621,0.0446,1.392,0.3676,0.2946,0.073,L2
震荡-2买,斐波短中多头 + BOLL开口扩张,413,0.0868,0.0789,1.1,0.3148,0.2946,0.0202,L2
震荡-2买,斐波短中多头 + KDJ金叉态,309,0.0654,0.0588,1.112,0.3172,0.2946,0.0226,L2
震荡-2买,斐波短中多头 + KDJ_J超卖,425,0.0928,0.0797,1.164,0.3271,0.2946,0.0325,L2
震荡-2买,斐波短中多头 + KDJ_D小于30,63,0.012,0.0125,0.958,0.2857,0.2946,-0.0089,L2
震荡-2买,斐波短中多头 + RSI6大于50,362,0.0761,0.0691,1.101,0.3149,0.2946,0.0203,L2
震荡-2买,斐波短中多头 + RSI金叉,298,0.0688,0.0544,1.265,0.3456,0.2946,0.051,L2
震荡-2买,斐波短中多头 + RSI6超卖,242,0.0541,0.0449,1.205,0.3347,0.2946,0.0401,L2
震荡-2买,斐波短中多头 + 威科夫得分大于4,341,0.0794,0.0619,1.284,0.349,0.2946,0.0544,L2
震荡-2买,斐波短中多头 + 威科夫得分大于7,180,0.0421,0.0326,1.289,0.35,0.2946,0.0554,L2
震荡-2买,斐波短中多头 + 积累阶段,62,0.0187,0.0095,1.972,0.4516,0.2946,0.157,L2
震荡-2买,斐波短中多头 + 量能金叉,112,0.0234,0.0215,1.088,0.3125,0.2946,0.0179,L2
震荡-2买,斐波短中多头 + 六脉红灯大于5,251,0.0574,0.046,1.248,0.3426,0.2946,0.048,L2
震荡-2买,斐波短中多头 + 六脉红灯大于6,172,0.0374,0.0323,1.156,0.3256,0.2946,0.031,L2
震荡-2买,斐波短中多头 + 六脉6红首发,172,0.0374,0.0323,1.156,0.3256,0.2946,0.031,L2
震荡-2买,斐波短中多头 + 六脉5红首发,251,0.0574,0.046,1.248,0.3426,0.2946,0.048,L2
震荡-2买,斐波短中多头 + 偏多共振,270,0.0467,0.0558,0.838,0.2593,0.2946,-0.0353,L2
震荡-2买,斐波短中多头 + 多头共振,270,0.0467,0.0558,0.838,0.2593,0.2946,-0.0353,L2
震荡-2买,斐波短中多头 + 火箭信号,57,0.0154,0.0095,1.62,0.4035,0.2946,0.1089,L2
震荡-2买,斐波短中多头 + 中枢进机会区,72,0.022,0.0109,2.026,0.4583,0.2946,0.1637,L2
震荡-2买,斐波短中多头 + 中枢上穿中轴,220,0.0494,0.0407,1.214,0.3364,0.2946,0.0418,L2
震荡-2买,斐波短中多头 + 中枢底部回升,68,0.02,0.0106,1.89,0.4412,0.2946,0.1466,L2
震荡-2买,斐波短中多头 + 大盘多头,370,0.0748,0.0719,1.039,0.3027,0.2946,0.0081,L2
震荡-2买,斐波短中多头 + 大盘安全,406,0.0801,0.0797,1.005,0.2956,0.2946,0.001,L2
震荡-2买,斐波短中多头 + SID等于1,370,0.0748,0.0719,1.039,0.3027,0.2946,0.0081,L2
震荡-2买,斐波短中多头 + SID等于2,494,0.1028,0.0948,1.085,0.3117,0.2946,0.0171,L2
震荡-2买,斐波短中多头 + SID小于等于2,494,0.1028,0.0948,1.085,0.3117,0.2946,0.0171,L2
震荡-2买,斐波短中多头 + 大盘5日上涨,326,0.0654,0.0636,1.029,0.3006,0.2946,0.006,L2
震荡-2买,斐波短中多头 + 相对强弱大于0,380,0.0828,0.0714,1.16,0.3263,0.2946,0.0317,L2
震荡-2买,斐波短中多头 + 相对强弱大于5,126,0.03,0.0226,1.33,0.3571,0.2946,0.0626,L2
震荡-2买,斐波短中多头 + 量比>=1.3,55,0.0113,0.0106,1.071,0.3091,0.2946,0.0145,L2
震荡-2买,斐波短中多头 + 距前高<=10%,154,0.03,0.0304,0.989,0.2922,0.2946,-0.0024,L2
震荡-2买,斐波短中多头 + 距前低<=10%,55,0.01,0.0112,0.898,0.2727,0.2946,-0.0219,L2
震荡-2买,斐波短中多头 + 相对强弱>=0,91,0.0214,0.0164,1.299,0.3516,0.2946,0.0571,L2
震荡-2买,斐波长多头 + 斐波全多头,113,0.0174,0.0243,0.716,0.2301,0.2946,-0.0645,L2
震荡-2买,斐波长多头 + 放量,901,0.1776,0.177,1.003,0.2952,0.2946,0.0006,L2
震荡-2买,斐波长多头 + 缩量,1587,0.2543,0.3362,0.756,0.2401,0.2946,-0.0545,L2
震荡-2买,斐波长多头 + 量比大于1,1430,0.245,0.2963,0.827,0.2566,0.2946,-0.0379,L2
震荡-2买,斐波长多头 + 量比大于1_3,934,0.1809,0.1848,0.979,0.2901,0.2946,-0.0044,L2
震荡-2买,斐波长多头 + 量比大于2,279,0.0688,0.0491,1.401,0.3692,0.2946,0.0746,L2
震荡-2买,斐波长多头 + 量能递增,622,0.1275,0.1202,1.061,0.3071,0.2946,0.0125,L2
震荡-2买,斐波长多头 + 价涨量增,695,0.1368,0.1366,1.002,0.295,0.2946,0.0004,L2
震荡-2买,斐波长多头 + 价涨量缩,1357,0.2203,0.2863,0.769,0.2432,0.2946,-0.0514,L2
震荡-2买,斐波长多头 + MACD_DIF大于0,526,0.0955,0.1068,0.894,0.2719,0.2946,-0.0227,L2
震荡-2买,斐波长多头 + MACD金叉态,298,0.0421,0.0655,0.642,0.2114,0.2946,-0.0832,L2
震荡-2买,斐波长多头 + MACD柱递增,1480,0.247,0.3095,0.798,0.25,0.2946,-0.0446,L2
震荡-2买,斐波长多头 + MACD零轴上金叉,50,0.0113,0.0092,1.234,0.34,0.2946,0.0454,L2
震荡-2买,斐波长多头 + MACD底背离,930,0.1315,0.2043,0.644,0.2118,0.2946,-0.0828,L2
震荡-2买,斐波长多头 + BOLL收上中轨,418,0.0654,0.0892,0.733,0.2344,0.2946,-0.0601,L2
震荡-2买,斐波长多头 + BOLL突破上轨,61,0.0147,0.0109,1.351,0.3607,0.2946,0.0661,L2
震荡-2买,斐波长多头 + BOLL触下轨反弹,1031,0.1849,0.2102,0.88,0.2687,0.2946,-0.0259,L2
震荡-2买,斐波长多头 + BOLL开口扩张,1502,0.2583,0.3108,0.831,0.2577,0.2946,-0.0369,L2
震荡-2买,斐波长多头 + KDJ金叉态,1356,0.231,0.2816,0.82,0.2552,0.2946,-0.0394,L2
震荡-2买,斐波长多头 + KDJ_J超卖,1535,0.259,0.3198,0.81,0.2528,0.2946,-0.0418,L2
震荡-2买,斐波长多头 + KDJ低位金叉,795,0.1495,0.1592,0.939,0.2818,0.2946,-0.0128,L2
震荡-2买,斐波长多头 + KDJ_D小于30,1253,0.2236,0.2559,0.874,0.2674,0.2946,-0.0272,L2
震荡-2买,斐波长多头 + RSI6大于50,719,0.1175,0.1514,0.776,0.2448,0.2946,-0.0498,L2
震荡-2买,斐波长多头 + RSI金叉,1074,0.1829,0.223,0.82,0.2551,0.2946,-0.0395,L2
震荡-2买,斐波长多头 + RSI6超卖,1332,0.2377,0.2721,0.873,0.2673,0.2946,-0.0273,L2
震荡-2买,斐波长多头 + RSI底背离,621,0.0848,0.1377,0.616,0.2045,0.2946,-0.0901,L2
震荡-2买,斐波长多头 + 威科夫得分大于4,404,0.0754,0.0811,0.93,0.2797,0.2946,-0.0149,L2
震荡-2买,斐波长多头 + 威科夫得分大于7,160,0.0267,0.0335,0.798,0.25,0.2946,-0.0446,L2
震荡-2买,斐波长多头 + 积累阶段,853,0.1195,0.1879,0.636,0.2098,0.2946,-0.0847,L2
震荡-2买,斐波长多头 + 黄金柱,60,0.0113,0.012,0.947,0.2833,0.2946,-0.0113,L2
震荡-2买,斐波长多头 + 量能金叉,172,0.0394,0.0315,1.25,0.343,0.2946,0.0484,L2
震荡-2买,斐波长多头 + 六脉红灯大于5,935,0.1555,0.1957,0.795,0.2492,0.2946,-0.0454,L2
震荡-2买,斐波长多头 + 六脉红灯大于6,578,0.0968,0.1207,0.802,0.2509,0.2946,-0.0437,L2
震荡-2买,斐波长多头 + 六脉6红首发,578,0.0968,0.1207,0.802,0.2509,0.2946,-0.0437,L2
震荡-2买,斐波长多头 + 六脉5红首发,935,0.1555,0.1957,0.795,0.2492,0.2946,-0.0454,L2
震荡-2买,斐波长多头 + 偏多共振,340,0.0567,0.0711,0.798,0.25,0.2946,-0.0446,L2
震荡-2买,斐波长多头 + 多头共振,340,0.0567,0.0711,0.798,0.25,0.2946,-0.0446,L2
震荡-2买,斐波长多头 + 火箭信号,108,0.022,0.0209,1.054,0.3056,0.2946,0.011,L2
震荡-2买,斐波长多头 + 极限抄底,109,0.032,0.017,1.884,0.4404,0.2946,0.1458,L2
震荡-2买,斐波长多头 + 中枢进机会区,653,0.1088,0.1366,0.797,0.2496,0.2946,-0.045,L2
震荡-2买,斐波长多头 + 中枢极限底,694,0.1148,0.1455,0.789,0.2478,0.2946,-0.0468,L2
震荡-2买,斐波长多头 + 中枢上穿中轴,236,0.0507,0.0446,1.137,0.322,0.2946,0.0274,L2
震荡-2买,斐波长多头 + 中枢底部蓄力,1106,0.1742,0.2356,0.74,0.236,0.2946,-0.0586,L2
震荡-2买,斐波长多头 + 中枢底部回升,1299,0.2156,0.2721,0.792,0.2487,0.2946,-0.0459,L2
震荡-2买,斐波长多头 + 大盘多头,736,0.1081,0.16,0.676,0.2201,0.2946,-0.0745,L2
震荡-2买,斐波长多头 + 大盘空头,382,0.0487,0.0861,0.566,0.1911,0.2946,-0.1035,L2
震荡-2买,斐波长多头 + 大盘安全,1046,0.1462,0.2306,0.634,0.2094,0.2946,-0.0852,L2
震荡-2买,斐波长多头 + SID等于1,736,0.1081,0.16,0.676,0.2201,0.2946,-0.0745,L2
震荡-2买,斐波长多头 + SID等于2,1668,0.2744,0.3504,0.783,0.2464,0.2946,-0.0482,L2
震荡-2买,斐波长多头 + SID小于等于2,1668,0.2744,0.3504,0.783,0.2464,0.2946,-0.0482,L2
震荡-2买,斐波长多头 + 大盘5日上涨,1065,0.1502,0.2342,0.641,0.2113,0.2946,-0.0833,L2
震荡-2买,斐波长多头 + 相对强弱大于0,534,0.0888,0.1118,0.794,0.2491,0.2946,-0.0455,L2
震荡-2买,斐波长多头 + 相对强弱大于5,149,0.0247,0.0312,0.791,0.2483,0.2946,-0.0463,L2
震荡-2买,斐波长多头 + 量比>=1.3,248,0.0641,0.0424,1.512,0.3871,0.2946,0.0925,L2
震荡-2买,斐波长多头 + 距前高<=10%,115,0.0254,0.0215,1.182,0.3304,0.2946,0.0358,L2
震荡-2买,斐波长多头 + 深跌(距前高>40%),120,0.0247,0.0231,1.067,0.3083,0.2946,0.0137,L2
震荡-2买,斐波长多头 + 距前低<=10%,715,0.1048,0.1556,0.674,0.2196,0.2946,-0.075,L2
震荡-2买,斐波长多头 + 相对强弱>=0,82,0.0127,0.0176,0.722,0.2317,0.2946,-0.0629,L2
震荡-2买,斐波全多头 + 放量,74,0.012,0.0156,0.77,0.2432,0.2946,-0.0513,L2
震荡-2买,斐波全多头 + 缩量,108,0.0167,0.0231,0.721,0.2315,0.2946,-0.0631,L2
震荡-2买,斐波全多头 + 量比大于1,92,0.0134,0.0201,0.665,0.2174,0.2946,-0.0772,L2
震荡-2买,斐波全多头 + 量比大于1_3,60,0.008,0.0134,0.599,0.2,0.2946,-0.0946,L2
震荡-2买,斐波全多头 + 量能递增,65,0.0134,0.0125,1.064,0.3077,0.2946,0.0131,L2
震荡-2买,斐波全多头 + 价涨量增,53,0.008,0.0114,0.701,0.2264,0.2946,-0.0682,L2
震荡-2买,斐波全多头 + 价涨量缩,90,0.014,0.0192,0.729,0.2333,0.2946,-0.0613,L2
震荡-2买,斐波全多头 + MACD_DIF大于0,113,0.0174,0.0243,0.716,0.2301,0.2946,-0.0645,L2
震荡-2买,斐波全多头 + MACD柱递增,65,0.0093,0.0142,0.657,0.2154,0.2946,-0.0792,L2
震荡-2买,斐波全多头 + BOLL收上中轨,79,0.0107,0.0176,0.608,0.2025,0.2946,-0.0921,L2
震荡-2买,斐波全多头 + BOLL触下轨反弹,60,0.012,0.0117,1.026,0.3,0.2946,0.0054,L2
震荡-2买,斐波全多头 + BOLL开口扩张,95,0.0154,0.0201,0.765,0.2421,0.2946,-0.0525,L2
震荡-2买,斐波全多头 + KDJ金叉态,64,0.0093,0.0139,0.67,0.2188,0.2946,-0.0758,L2
震荡-2买,斐波全多头 + KDJ_J超卖,89,0.0154,0.0184,0.834,0.2584,0.2946,-0.0362,L2
震荡-2买,斐波全多头 + RSI6大于50,72,0.0093,0.0162,0.578,0.1944,0.2946,-0.1001,L2
震荡-2买,斐波全多头 + RSI金叉,60,0.0093,0.0128,0.729,0.2333,0.2946,-0.0613,L2
震荡-2买,斐波全多头 + RSI6超卖,50,0.0087,0.0103,0.841,0.26,0.2946,-0.0346,L2
震荡-2买,斐波全多头 + 威科夫得分大于4,98,0.0167,0.0204,0.82,0.2551,0.2946,-0.0395,L2
震荡-2买,斐波全多头 + 威科夫得分大于7,62,0.01,0.0131,0.764,0.2419,0.2946,-0.0527,L2
震荡-2买,斐波全多头 + 六脉红灯大于5,54,0.008,0.0117,0.684,0.2222,0.2946,-0.0724,L2
震荡-2买,斐波全多头 + 六脉5红首发,54,0.008,0.0117,0.684,0.2222,0.2946,-0.0724,L2
震荡-2买,斐波全多头 + 偏多共振,97,0.0154,0.0206,0.744,0.2371,0.2946,-0.0575,L2
震荡-2买,斐波全多头 + 多头共振,97,0.0154,0.0206,0.744,0.2371,0.2946,-0.0575,L2
震荡-2买,斐波全多头 + 大盘多头,74,0.0107,0.0162,0.661,0.2162,0.2946,-0.0784,L2
震荡-2买,斐波全多头 + 大盘安全,84,0.0113,0.0187,0.608,0.2024,0.2946,-0.0922,L2
震荡-2买,斐波全多头 + SID等于1,74,0.0107,0.0162,0.661,0.2162,0.2946,-0.0784,L2
震荡-2买,斐波全多头 + SID等于2,113,0.0174,0.0243,0.716,0.2301,0.2946,-0.0645,L2
震荡-2买,斐波全多头 + SID小于等于2,113,0.0174,0.0243,0.716,0.2301,0.2946,-0.0645,L2
震荡-2买,斐波全多头 + 大盘5日上涨,78,0.0107,0.0173,0.618,0.2051,0.2946,-0.0895,L2
震荡-2买,斐波全多头 + 相对强弱大于0,97,0.0154,0.0206,0.744,0.2371,0.2946,-0.0575,L2
震荡-2买,MA55上穿MA89 + 放量,95,0.018,0.019,0.951,0.2842,0.2946,-0.0104,L2
震荡-2买,MA55上穿MA89 + 缩量,148,0.028,0.0296,0.949,0.2838,0.2946,-0.0108,L2
震荡-2买,MA55上穿MA89 + 量比大于1,137,0.0234,0.0284,0.822,0.2555,0.2946,-0.0391,L2
震荡-2买,MA55上穿MA89 + 量比大于1_3,95,0.016,0.0198,0.809,0.2526,0.2946,-0.042,L2
震荡-2买,MA55上穿MA89 + 量能递增,63,0.0127,0.0123,1.034,0.3016,0.2946,0.007,L2
震荡-2买,MA55上穿MA89 + 价涨量增,78,0.0147,0.0156,0.941,0.2821,0.2946,-0.0125,L2
震荡-2买,MA55上穿MA89 + 价涨量缩,131,0.0254,0.0259,0.978,0.2901,0.2946,-0.0045,L2
震荡-2买,MA55上穿MA89 + MACD_DIF大于0,86,0.0187,0.0162,1.156,0.3256,0.2946,0.031,L2
震荡-2买,MA55上穿MA89 + MACD柱递增,132,0.0254,0.0262,0.968,0.2879,0.2946,-0.0067,L2
震荡-2买,MA55上穿MA89 + MACD底背离,54,0.0113,0.0103,1.1,0.3148,0.2946,0.0202,L2
震荡-2买,MA55上穿MA89 + BOLL收上中轨,70,0.0167,0.0125,1.33,0.3571,0.2946,0.0626,L2
震荡-2买,MA55上穿MA89 + BOLL触下轨反弹,97,0.0207,0.0184,1.125,0.3196,0.2946,0.025,L2
震荡-2买,MA55上穿MA89 + BOLL开口扩张,144,0.03,0.0276,1.088,0.3125,0.2946,0.0179,L2
震荡-2买,MA55上穿MA89 + KDJ金叉态,133,0.0254,0.0265,0.958,0.2857,0.2946,-0.0089,L2
震荡-2买,MA55上穿MA89 + KDJ_J超卖,141,0.0267,0.0282,0.948,0.2837,0.2946,-0.0109,L2
震荡-2买,MA55上穿MA89 + KDJ低位金叉,56,0.0093,0.0117,0.798,0.25,0.2946,-0.0446,L2
震荡-2买,MA55上穿MA89 + KDJ_D小于30,102,0.0187,0.0206,0.906,0.2745,0.2946,-0.0201,L2
震荡-2买,MA55上穿MA89 + RSI6大于50,99,0.0207,0.019,1.092,0.3131,0.2946,0.0185,L2
震荡-2买,MA55上穿MA89 + RSI金叉,114,0.022,0.0226,0.976,0.2895,0.2946,-0.0051,L2
震荡-2买,MA55上穿MA89 + RSI6超卖,107,0.0214,0.0209,1.022,0.2991,0.2946,0.0045,L2
震荡-2买,MA55上穿MA89 + 六脉红灯大于5,107,0.0214,0.0209,1.022,0.2991,0.2946,0.0045,L2
震荡-2买,MA55上穿MA89 + 六脉红灯大于6,65,0.014,0.0123,1.143,0.3231,0.2946,0.0285,L2
震荡-2买,MA55上穿MA89 + 六脉6红首发,65,0.014,0.0123,1.143,0.3231,0.2946,0.0285,L2
震荡-2买,MA55上穿MA89 + 六脉5红首发,107,0.0214,0.0209,1.022,0.2991,0.2946,0.0045,L2
震荡-2买,MA55上穿MA89 + 中枢进机会区,53,0.0093,0.0109,0.86,0.2642,0.2946,-0.0304,L2
震荡-2买,MA55上穿MA89 + 中枢上穿中轴,50,0.0107,0.0095,1.127,0.32,0.2946,0.0254,L2
震荡-2买,MA55上穿MA89 + 中枢底部蓄力,68,0.0113,0.0142,0.798,0.25,0.2946,-0.0446,L2
震荡-2买,MA55上穿MA89 + 中枢底部回升,87,0.0147,0.0181,0.81,0.2529,0.2946,-0.0417,L2
震荡-2买,MA55上穿MA89 + 大盘多头,72,0.0134,0.0145,0.921,0.2778,0.2946,-0.0168,L2
震荡-2买,MA55上穿MA89 + 大盘安全,102,0.0187,0.0206,0.906,0.2745,0.2946,-0.0201,L2
震荡-2买,MA55上穿MA89 + SID等于1,72,0.0134,0.0145,0.921,0.2778,0.2946,-0.0168,L2
震荡-2买,MA55上穿MA89 + SID等于2,155,0.03,0.0307,0.98,0.2903,0.2946,-0.0043,L2
震荡-2买,MA55上穿MA89 + SID小于等于2,155,0.03,0.0307,0.98,0.2903,0.2946,-0.0043,L2
震荡-2买,MA55上穿MA89 + 大盘5日上涨,129,0.0227,0.0265,0.857,0.2636,0.2946,-0.031,L2
震荡-2买,MA55上穿MA89 + 相对强弱大于0,78,0.0187,0.0139,1.341,0.359,0.2946,0.0644,L2
震荡-2买,MA55上穿MA89 + 距前低<=10%,61,0.01,0.0128,0.781,0.2459,0.2946,-0.0487,L2
震荡-2买,放量 + 缩量,2787,0.5841,0.533,1.096,0.314,0.2946,0.0194,L2
震荡-2买,放量 + 量比大于1,3048,0.6589,0.5746,1.147,0.3238,0.2946,0.0292,L2
震荡-2买,放量 + 量比大于1_3,2618,0.5708,0.4915,1.161,0.3266,0.2946,0.032,L2
震荡-2买,放量 + 量比大于2,1049,0.2503,0.1879,1.332,0.3575,0.2946,0.0629,L2
震荡-2买,放量 + 量能递增,1938,0.4599,0.3482,1.321,0.3555,0.2946,0.0609,L2
震荡-2买,放量 + 价涨量增,2533,0.5481,0.4773,1.148,0.3241,0.2946,0.0295,L2
震荡-2买,放量 + 价涨量缩,2171,0.4586,0.4137,1.109,0.3164,0.2946,0.0219,L2
震荡-2买,放量 + MACD_DIF大于0,1085,0.2457,0.1999,1.229,0.3392,0.2946,0.0446,L2
震荡-2买,放量 + MACD金叉态,1026,0.1989,0.203,0.98,0.2904,0.2946,-0.0041,L2
震荡-2买,放量 + MACD柱递增,2751,0.5961,0.518,1.151,0.3246,0.2946,0.03,L2
震荡-2买,放量 + MACD零轴上金叉,186,0.0447,0.0332,1.348,0.3602,0.2946,0.0656,L2
震荡-2买,放量 + MACD底背离,1466,0.2737,0.2944,0.93,0.2797,0.2946,-0.0149,L2
震荡-2买,放量 + BOLL收上中轨,1501,0.3064,0.2905,1.055,0.3058,0.2946,0.0112,L2
震荡-2买,放量 + BOLL突破上轨,236,0.0554,0.0427,1.299,0.3517,0.2946,0.0571,L2
震荡-2买,放量 + BOLL触下轨反弹,2111,0.4693,0.3925,1.196,0.333,0.2946,0.0384,L2
震荡-2买,放量 + BOLL开口扩张,2815,0.6228,0.5247,1.187,0.3314,0.2946,0.0368,L2
震荡-2买,放量 + KDJ金叉态,2695,0.5888,0.5054,1.165,0.3273,0.2946,0.0327,L2
震荡-2买,放量 + KDJ_J超卖,2754,0.6088,0.5135,1.186,0.3312,0.2946,0.0366,L2
震荡-2买,放量 + KDJ低位金叉,1109,0.2697,0.1965,1.372,0.3643,0.2946,0.0697,L2
震荡-2买,放量 + KDJ_D小于30,1964,0.4359,0.3655,1.193,0.3325,0.2946,0.0379,L2
震荡-2买,放量 + RSI6大于50,2079,0.4306,0.3998,1.077,0.3102,0.2946,0.0157,L2
震荡-2买,放量 + RSI金叉,2579,0.5587,0.4856,1.151,0.3245,0.2946,0.03,L2
震荡-2买,放量 + RSI6超卖,2328,0.53,0.4277,1.239,0.3411,0.2946,0.0465,L2
震荡-2买,放量 + RSI底背离,1163,0.215,0.2345,0.917,0.2769,0.2946,-0.0177,L2
震荡-2买,放量 + 威科夫得分大于4,786,0.1716,0.1475,1.163,0.327,0.2946,0.0324,L2
震荡-2买,放量 + 威科夫得分大于7,320,0.0674,0.0611,1.104,0.3156,0.2946,0.021,L2
震荡-2买,放量 + 积累阶段,1549,0.3191,0.2986,1.069,0.3086,0.2946,0.014,L2
震荡-2买,放量 + 黄金柱,268,0.0541,0.0521,1.037,0.3022,0.2946,0.0076,L2
震荡-2买,放量 + 量能金叉,734,0.1816,0.1288,1.41,0.3706,0.2946,0.076,L2
震荡-2买,放量 + 六脉红灯大于5,2269,0.4786,0.4327,1.106,0.316,0.2946,0.0214,L2
震荡-2买,放量 + 六脉红灯大于6,1738,0.3611,0.3337,1.082,0.3113,0.2946,0.0167,L2
震荡-2买,放量 + 六脉6红首发,1738,0.3611,0.3337,1.082,0.3113,0.2946,0.0167,L2
震荡-2买,放量 + 六脉5红首发,2269,0.4786,0.4327,1.106,0.316,0.2946,0.0214,L2
震荡-2买,放量 + 偏多共振,424,0.0848,0.0828,1.024,0.2995,0.2946,0.0049,L2
震荡-2买,放量 + 多头共振,423,0.0848,0.0825,1.027,0.3002,0.2946,0.0056,L2
震荡-2买,放量 + 火箭信号,264,0.0688,0.0449,1.532,0.3902,0.2946,0.0956,L2
震荡-2买,放量 + 极限抄底,130,0.0414,0.019,2.183,0.4769,0.2946,0.1823,L2
震荡-2买,放量 + 中枢进机会区,1242,0.2744,0.2317,1.184,0.3309,0.2946,0.0363,L2
震荡-2买,放量 + 中枢极限底,1225,0.2724,0.2278,1.196,0.3331,0.2946,0.0385,L2
震荡-2买,放量 + 中枢上穿中轴,934,0.2076,0.1737,1.195,0.333,0.2946,0.0384,L2
震荡-2买,放量 + 中枢底部蓄力,1733,0.3511,0.3365,1.044,0.3035,0.2946,0.0089,L2
震荡-2买,放量 + 中枢底部回升,2183,0.4706,0.412,1.142,0.323,0.2946,0.0284,L2
震荡-2买,放量 + 大盘多头,1539,0.3304,0.2911,1.135,0.3216,0.2946,0.027,L2
震荡-2买,放量 + 大盘空头,652,0.1041,0.1383,0.753,0.2393,0.2946,-0.0553,L2
震荡-2买,放量 + 大盘安全,2147,0.4292,0.4193,1.024,0.2995,0.2946,0.0049,L2
震荡-2买,放量 + SID等于1,1539,0.3304,0.2911,1.135,0.3216,0.2946,0.027,L2
震荡-2买,放量 + SID等于2,3066,0.6636,0.5776,1.149,0.3242,0.2946,0.0296,L2
震荡-2买,放量 + SID小于等于2,3066,0.6636,0.5776,1.149,0.3242,0.2946,0.0296,L2
震荡-2买,放量 + 大盘5日上涨,2228,0.4446,0.4355,1.021,0.2989,0.2946,0.0043,L2
震荡-2买,放量 + 相对强弱大于0,1467,0.3097,0.2796,1.108,0.3163,0.2946,0.0217,L2
震荡-2买,放量 + 相对强弱大于5,399,0.0848,0.0758,1.118,0.3183,0.2946,0.0237,L2
震荡-2买,放量 + 量比>=1.3,696,0.1816,0.1182,1.536,0.3908,0.2946,0.0962,L2
震荡-2买,放量 + 量比>=2,144,0.0334,0.0262,1.274,0.3472,0.2946,0.0526,L2
震荡-2买,放量 + 距前高<=10%,505,0.1175,0.0917,1.281,0.3485,0.2946,0.0539,L2
震荡-2买,放量 + 深跌(距前高>40%),108,0.0274,0.0187,1.465,0.3796,0.2946,0.085,L2
震荡-2买,放量 + 距前低<=10%,1534,0.2891,0.3069,0.942,0.2823,0.2946,-0.0123,L2
震荡-2买,放量 + 相对强弱>=0,249,0.0501,0.0485,1.032,0.3012,0.2946,0.0066,L2
震荡-2买,缩量 + 量比大于1,4224,0.8271,0.8322,0.994,0.2933,0.2946,-0.0013,L2
震荡-2买,缩量 + 量比大于1_3,2763,0.5781,0.5289,1.093,0.3134,0.2946,0.0188,L2
震荡-2买,缩量 + 量比大于2,925,0.217,0.1673,1.297,0.3514,0.2946,0.0568,L2
震荡-2买,缩量 + 量能递增,1940,0.4326,0.3602,1.201,0.334,0.2946,0.0394,L2
震荡-2买,缩量 + 价涨量增,2276,0.4766,0.4355,1.095,0.3137,0.2946,0.0191,L2
震荡-2买,缩量 + 价涨量缩,3853,0.7243,0.7717,0.939,0.2816,0.2946,-0.013,L2
震荡-2买,缩量 + MACD_DIF大于0,1707,0.3398,0.334,1.017,0.2982,0.2946,0.0036,L2
震荡-2买,缩量 + MACD金叉态,1056,0.1929,0.2138,0.902,0.2737,0.2946,-0.0209,L2
震荡-2买,缩量 + MACD柱递增,4273,0.8204,0.8486,0.967,0.2876,0.2946,-0.007,L2
震荡-2买,缩量 + MACD零轴上金叉,159,0.0374,0.0287,1.302,0.3522,0.2946,0.0576,L2
震荡-2买,缩量 + MACD底背离,2224,0.3658,0.4672,0.783,0.2464,0.2946,-0.0482,L2
震荡-2买,缩量 + BOLL收上中轨,1615,0.3218,0.3159,1.019,0.2985,0.2946,0.0039,L2
震荡-2买,缩量 + BOLL突破上轨,190,0.0434,0.0348,1.245,0.3421,0.2946,0.0475,L2
震荡-2买,缩量 + BOLL触下轨反弹,3036,0.6135,0.5902,1.039,0.3027,0.2946,0.0081,L2
震荡-2买,缩量 + BOLL开口扩张,4367,0.8591,0.8587,1.001,0.2947,0.2946,0.0001,L2
震荡-2买,缩量 + KDJ金叉态,3982,0.781,0.7839,0.996,0.2938,0.2946,-0.0008,L2
震荡-2买,缩量 + KDJ_J超卖,4452,0.8652,0.8798,0.983,0.2911,0.2946,-0.0035,L2
震荡-2买,缩量 + KDJ低位金叉,2076,0.4212,0.4028,1.046,0.3039,0.2946,0.0094,L2
震荡-2买,缩量 + KDJ_D小于30,3403,0.6575,0.6741,0.975,0.2895,0.2946,-0.0051,L2
震荡-2买,缩量 + RSI6大于50,2497,0.49,0.4915,0.997,0.294,0.2946,-0.0006,L2
震荡-2买,缩量 + RSI金叉,3345,0.6589,0.6574,1.002,0.2951,0.2946,0.0005,L2
震荡-2买,缩量 + RSI6超卖,3700,0.7443,0.7207,1.033,0.3014,0.2946,0.0068,L2
震荡-2买,缩量 + RSI底背离,1733,0.2837,0.3647,0.778,0.2452,0.2946,-0.0494,L2
震荡-2买,缩量 + 威科夫得分大于4,994,0.2049,0.1915,1.07,0.3089,0.2946,0.0143,L2
震荡-2买,缩量 + 威科夫得分大于7,344,0.0714,0.0661,1.081,0.311,0.2946,0.0165,L2
震荡-2买,缩量 + 积累阶段,2262,0.4206,0.455,0.924,0.2785,0.2946,-0.0161,L2
震荡-2买,缩量 + 黄金柱,241,0.0481,0.0471,1.02,0.2988,0.2946,0.0042,L2
震荡-2买,缩量 + 量能金叉,635,0.1509,0.114,1.323,0.3559,0.2946,0.0613,L2
震荡-2买,缩量 + 六脉红灯大于5,2929,0.5674,0.5796,0.979,0.2902,0.2946,-0.0044,L2
震荡-2买,缩量 + 六脉红灯大于6,1951,0.3832,0.3839,0.998,0.2942,0.2946,-0.0004,L2
震荡-2买,缩量 + 六脉6红首发,1951,0.3832,0.3839,0.998,0.2942,0.2946,-0.0004,L2
震荡-2买,缩量 + 六脉5红首发,2929,0.5674,0.5796,0.979,0.2902,0.2946,-0.0044,L2
震荡-2买,缩量 + 偏多共振,768,0.1335,0.1583,0.843,0.2604,0.2946,-0.0342,L2
震荡-2买,缩量 + 多头共振,765,0.1335,0.1575,0.848,0.2614,0.2946,-0.0332,L2
震荡-2买,缩量 + 火箭信号,234,0.0607,0.0399,1.524,0.3889,0.2946,0.0943,L2
震荡-2买,缩量 + 极限抄底,189,0.0487,0.0323,1.507,0.3862,0.2946,0.0917,L2
震荡-2买,缩量 + 中枢进机会区,1872,0.3718,0.3666,1.014,0.2975,0.2946,0.003,L2
震荡-2买,缩量 + 中枢极限底,1876,0.3778,0.3652,1.035,0.3017,0.2946,0.0071,L2
震荡-2买,缩量 + 中枢上穿中轴,1003,0.223,0.1865,1.195,0.333,0.2946,0.0384,L2
震荡-2买,缩量 + 中枢底部蓄力,2796,0.496,0.5723,0.867,0.2657,0.2946,-0.0289,L2
震荡-2买,缩量 + 中枢底部回升,3369,0.6395,0.6721,0.951,0.2844,0.2946,-0.0102,L2
震荡-2买,缩量 + 大盘多头,2424,0.4606,0.4834,0.953,0.2847,0.2946,-0.0099,L2
震荡-2买,缩量 + 大盘空头,890,0.1328,0.1926,0.69,0.2236,0.2946,-0.071,L2
震荡-2买,缩量 + 大盘安全,3206,0.5748,0.6537,0.879,0.2686,0.2946,-0.026,L2
震荡-2买,缩量 + SID等于1,2424,0.4606,0.4834,0.953,0.2847,0.2946,-0.0099,L2
震荡-2买,缩量 + SID等于2,4804,0.9206,0.9548,0.964,0.2871,0.2946,-0.0075,L2
震荡-2买,缩量 + SID小于等于2,4804,0.9206,0.9548,0.964,0.2871,0.2946,-0.0075,L2
震荡-2买,缩量 + 大盘5日上涨,3394,0.6108,0.6911,0.884,0.2696,0.2946,-0.025,L2
震荡-2买,缩量 + 相对强弱大于0,1777,0.3438,0.3518,0.977,0.2898,0.2946,-0.0048,L2
震荡-2买,缩量 + 相对强弱大于5,377,0.0781,0.0725,1.078,0.3103,0.2946,0.0158,L2
震荡-2买,缩量 + 量比>=1.3,627,0.1629,0.1068,1.525,0.3892,0.2946,0.0946,L2
震荡-2买,缩量 + 量比>=2,119,0.026,0.0223,1.167,0.3277,0.2946,0.0331,L2
震荡-2买,缩量 + 距前高<=10%,660,0.1449,0.1235,1.173,0.3288,0.2946,0.0342,L2
震荡-2买,缩量 + 深跌(距前高>40%),178,0.0347,0.0351,0.988,0.2921,0.2946,-0.0025,L2
震荡-2买,缩量 + 距前低<=10%,2249,0.3772,0.4695,0.803,0.2512,0.2946,-0.0434,L2
震荡-2买,缩量 + 相对强弱>=0,324,0.0601,0.0652,0.921,0.2778,0.2946,-0.0168,L2
震荡-2买,量比大于1 + 量比大于1_3,3033,0.6549,0.5721,1.145,0.3234,0.2946,0.0289,L2
震荡-2买,量比大于1 + 量比大于2,1057,0.253,0.189,1.339,0.3586,0.2946,0.064,L2
震荡-2买,量比大于1 + 量能递增,2003,0.4706,0.3619,1.301,0.352,0.2946,0.0574,L2
震荡-2买,量比大于1 + 价涨量增,2528,0.5461,0.4767,1.145,0.3236,0.2946,0.029,L2
震荡-2买,量比大于1 + 价涨量缩,3397,0.6656,0.6691,0.995,0.2935,0.2946,-0.0011,L2
震荡-2买,量比大于1 + MACD_DIF大于0,1557,0.3198,0.3005,1.064,0.3076,0.2946,0.0131,L2
震荡-2买,量比大于1 + MACD金叉态,1122,0.2109,0.2247,0.939,0.2816,0.2946,-0.013,L2
震荡-2买,量比大于1 + MACD柱递增,4064,0.8231,0.7892,1.043,0.3034,0.2946,0.0088,L2
震荡-2买,量比大于1 + MACD零轴上金叉,188,0.0454,0.0335,1.357,0.3617,0.2946,0.0671,L2
震荡-2买,量比大于1 + MACD底背离,2116,0.3678,0.4363,0.843,0.2604,0.2946,-0.0342,L2
震荡-2买,量比大于1 + BOLL收上中轨,1694,0.3438,0.3287,1.046,0.304,0.2946,0.0094,L2
震荡-2买,量比大于1 + BOLL突破上轨,236,0.0554,0.0427,1.299,0.3517,0.2946,0.0571,L2
震荡-2买,量比大于1 + BOLL触下轨反弹,2907,0.6195,0.5517,1.123,0.3192,0.2946,0.0246,L2
震荡-2买,量比大于1 + BOLL开口扩张,4104,0.8485,0.7898,1.074,0.3097,0.2946,0.0151,L2
震荡-2买,量比大于1 + KDJ金叉态,3944,0.8084,0.7619,1.061,0.307,0.2946,0.0125,L2
震荡-2买,量比大于1 + KDJ_J超卖,4122,0.8425,0.7973,1.057,0.3062,0.2946,0.0116,L2
震荡-2买,量比大于1 + KDJ低位金叉,1984,0.4239,0.3761,1.127,0.3201,0.2946,0.0255,L2
震荡-2买,量比大于1 + KDJ_D小于30,3144,0.6455,0.6069,1.064,0.3076,0.2946,0.013,L2
震荡-2买,量比大于1 + RSI6大于50,2597,0.5214,0.5063,1.03,0.3007,0.2946,0.0061,L2
震荡-2买,量比大于1 + RSI金叉,3407,0.6996,0.6577,1.064,0.3076,0.2946,0.013,L2
震荡-2买,量比大于1 + RSI6超卖,3491,0.7403,0.6641,1.115,0.3177,0.2946,0.0231,L2
震荡-2买,量比大于1 + RSI底背离,1645,0.2804,0.3415,0.821,0.2553,0.2946,-0.0393,L2
震荡-2买,量比大于1 + 威科夫得分大于4,938,0.2023,0.177,1.143,0.323,0.2946,0.0284,L2
震荡-2买,量比大于1 + 威科夫得分大于7,346,0.0714,0.0666,1.072,0.3092,0.2946,0.0147,L2
震荡-2买,量比大于1 + 积累阶段,2157,0.4219,0.4251,0.992,0.293,0.2946,-0.0016,L2
震荡-2买,量比大于1 + 黄金柱,272,0.0547,0.053,1.033,0.3015,0.2946,0.0069,L2
震荡-2买,量比大于1 + 量能金叉,759,0.1849,0.1344,1.376,0.365,0.2946,0.0704,L2
震荡-2买,量比大于1 + 六脉红灯大于5,3024,0.6081,0.5891,1.032,0.3013,0.2946,0.0067,L2
震荡-2买,量比大于1 + 六脉红灯大于6,2079,0.4226,0.4031,1.048,0.3045,0.2946,0.0099,L2
震荡-2买,量比大于1 + 六脉6红首发,2079,0.4226,0.4031,1.048,0.3045,0.2946,0.0099,L2
震荡-2买,量比大于1 + 六脉5红首发,3024,0.6081,0.5891,1.032,0.3013,0.2946,0.0067,L2
震荡-2买,量比大于1 + 偏多共振,647,0.1142,0.1327,0.86,0.2643,0.2946,-0.0303,L2
震荡-2买,量比大于1 + 多头共振,644,0.1142,0.1319,0.866,0.2655,0.2946,-0.0291,L2
震荡-2买,量比大于1 + 火箭信号,273,0.0714,0.0463,1.543,0.3919,0.2946,0.0973,L2
震荡-2买,量比大于1 + 极限抄底,203,0.0561,0.0332,1.69,0.4138,0.2946,0.1192,L2
震荡-2买,量比大于1 + 中枢进机会区,1746,0.3678,0.3331,1.104,0.3156,0.2946,0.021,L2
震荡-2买,量比大于1 + 中枢极限底,1778,0.3732,0.3398,1.098,0.3144,0.2946,0.0198,L2
震荡-2买,量比大于1 + 中枢上穿中轴,1071,0.2377,0.1993,1.192,0.3324,0.2946,0.0378,L2
震荡-2买,量比大于1 + 中枢底部蓄力,2613,0.4953,0.5216,0.95,0.284,0.2946,-0.0106,L2
震荡-2买,量比大于1 + 中枢底部回升,3190,0.6422,0.6211,1.034,0.3016,0.2946,0.007,L2
震荡-2买,量比大于1 + 大盘多头,2214,0.4426,0.4324,1.024,0.2995,0.2946,0.0049,L2
震荡-2买,量比大于1 + 大盘空头,854,0.1328,0.1826,0.727,0.233,0.2946,-0.0616,L2
震荡-2买,量比大于1 + 大盘安全,2987,0.5634,0.5974,0.943,0.2826,0.2946,-0.012,L2
震荡-2买,量比大于1 + SID等于1,2214,0.4426,0.4324,1.024,0.2995,0.2946,0.0049,L2
震荡-2买,量比大于1 + SID等于2,4504,0.9065,0.8771,1.034,0.3015,0.2946,0.0069,L2
震荡-2买,量比大于1 + SID小于等于2,4504,0.9065,0.8771,1.034,0.3015,0.2946,0.0069,L2
震荡-2买,量比大于1 + 大盘5日上涨,3183,0.6035,0.6353,0.95,0.284,0.2946,-0.0106,L2
震荡-2买,量比大于1 + 相对强弱大于0,1779,0.3525,0.3488,1.011,0.2968,0.2946,0.0022,L2
震荡-2买,量比大于1 + 相对强弱大于5,425,0.0888,0.0814,1.091,0.3129,0.2946,0.0183,L2
震荡-2买,量比大于1 + 量比>=1.3,773,0.2063,0.1294,1.595,0.3997,0.2946,0.1051,L2
震荡-2买,量比大于1 + 量比>=2,145,0.0334,0.0265,1.26,0.3448,0.2946,0.0502,L2
震荡-2买,量比大于1 + 距前高<=10%,639,0.1455,0.1174,1.24,0.3412,0.2946,0.0466,L2
震荡-2买,量比大于1 + 深跌(距前高>40%),177,0.0381,0.0335,1.137,0.322,0.2946,0.0274,L2
震荡-2买,量比大于1 + 距前低<=10%,2131,0.3745,0.4377,0.856,0.2633,0.2946,-0.0313,L2
震荡-2买,量比大于1 + 相对强弱>=0,323,0.0614,0.0644,0.954,0.2848,0.2946,-0.0098,L2
震荡-2买,量比大于1_3 + 量比大于2,1057,0.253,0.189,1.339,0.3586,0.2946,0.064,L2
震荡-2买,量比大于1_3 + 量能递增,1647,0.3939,0.2947,1.337,0.3582,0.2946,0.0636,L2
震荡-2买,量比大于1_3 + 价涨量增,2253,0.4913,0.4229,1.162,0.3267,0.2946,0.0321,L2
震荡-2买,量比大于1_3 + 价涨量缩,2109,0.4406,0.404,1.091,0.3129,0.2946,0.0184,L2
震荡-2买,量比大于1_3 + MACD_DIF大于0,1029,0.2223,0.194,1.146,0.3236,0.2946,0.029,L2
震荡-2买,量比大于1_3 + MACD金叉态,939,0.1809,0.1862,0.971,0.2886,0.2946,-0.006,L2
震荡-2买,量比大于1_3 + MACD柱递增,2770,0.6015,0.521,1.154,0.3253,0.2946,0.0307,L2
震荡-2买,量比大于1_3 + MACD零轴上金叉,180,0.0441,0.0318,1.386,0.3667,0.2946,0.0721,L2
震荡-2买,量比大于1_3 + MACD底背离,1455,0.275,0.2908,0.946,0.2832,0.2946,-0.0114,L2
震荡-2买,量比大于1_3 + BOLL收上中轨,1420,0.2864,0.2763,1.037,0.3021,0.2946,0.0075,L2
震荡-2买,量比大于1_3 + BOLL突破上轨,232,0.0554,0.0415,1.334,0.3578,0.2946,0.0632,L2
震荡-2买,量比大于1_3 + BOLL触下轨反弹,1985,0.4499,0.3655,1.231,0.3395,0.2946,0.045,L2
震荡-2买,量比大于1_3 + BOLL开口扩张,2778,0.6155,0.5174,1.19,0.3319,0.2946,0.0373,L2
震荡-2买,量比大于1_3 + KDJ金叉态,2765,0.6021,0.5194,1.159,0.3262,0.2946,0.0316,L2
震荡-2买,量比大于1_3 + KDJ_J超卖,2738,0.6075,0.5096,1.192,0.3324,0.2946,0.0378,L2
震荡-2买,量比大于1_3 + KDJ低位金叉,1270,0.3024,0.2278,1.328,0.3567,0.2946,0.0621,L2
震荡-2买,量比大于1_3 + KDJ_D小于30,2059,0.464,0.3803,1.22,0.3375,0.2946,0.043,L2
震荡-2买,量比大于1_3 + RSI6大于50,2024,0.4166,0.3903,1.067,0.3083,0.2946,0.0137,L2
震荡-2买,量比大于1_3 + RSI金叉,2550,0.5494,0.4815,1.141,0.3227,0.2946,0.0282,L2
震荡-2买,量比大于1_3 + RSI6超卖,2341,0.5381,0.4279,1.257,0.3443,0.2946,0.0497,L2
震荡-2买,量比大于1_3 + RSI底背离,1130,0.2069,0.2286,0.905,0.2743,0.2946,-0.0203,L2
震荡-2买,量比大于1_3 + 威科夫得分大于4,701,0.1555,0.1305,1.192,0.3324,0.2946,0.0378,L2
震荡-2买,量比大于1_3 + 威科夫得分大于7,278,0.0561,0.0541,1.037,0.3022,0.2946,0.0076,L2
震荡-2买,量比大于1_3 + 积累阶段,1475,0.3044,0.2841,1.072,0.3092,0.2946,0.0146,L2
震荡-2买,量比大于1_3 + 黄金柱,269,0.0541,0.0524,1.032,0.3011,0.2946,0.0065,L2
震荡-2买,量比大于1_3 + 量能金叉,716,0.1776,0.1255,1.415,0.3715,0.2946,0.0769,L2
震荡-2买,量比大于1_3 + 六脉红灯大于5,2259,0.4746,0.4316,1.1,0.3147,0.2946,0.0201,L2
震荡-2买,量比大于1_3 + 六脉红灯大于6,1700,0.3531,0.3265,1.082,0.3112,0.2946,0.0166,L2
震荡-2买,量比大于1_3 + 六脉6红首发,1700,0.3531,0.3265,1.082,0.3112,0.2946,0.0166,L2
震荡-2买,量比大于1_3 + 六脉5红首发,2259,0.4746,0.4316,1.1,0.3147,0.2946,0.0201,L2
震荡-2买,量比大于1_3 + 偏多共振,417,0.0801,0.0828,0.967,0.2878,0.2946,-0.0068,L2
震荡-2买,量比大于1_3 + 多头共振,416,0.0801,0.0825,0.971,0.2885,0.2946,-0.0061,L2
震荡-2买,量比大于1_3 + 火箭信号,265,0.0694,0.0449,1.547,0.3925,0.2946,0.0979,L2
震荡-2买,量比大于1_3 + 极限抄底,148,0.0461,0.022,2.091,0.4662,0.2946,0.1716,L2
震荡-2买,量比大于1_3 + 中枢进机会区,1197,0.2737,0.2194,1.247,0.3425,0.2946,0.0479,L2
震荡-2买,量比大于1_3 + 中枢极限底,1235,0.281,0.2269,1.238,0.3409,0.2946,0.0463,L2
震荡-2买,量比大于1_3 + 中枢上穿中轴,881,0.1969,0.1634,1.205,0.3348,0.2946,0.0403,L2
震荡-2买,量比大于1_3 + 中枢底部蓄力,1764,0.3665,0.3387,1.082,0.3112,0.2946,0.0166,L2
震荡-2买,量比大于1_3 + 中枢底部回升,2188,0.4806,0.4093,1.174,0.3291,0.2946,0.0345,L2
震荡-2买,量比大于1_3 + 大盘多头,1478,0.3104,0.2824,1.099,0.3146,0.2946,0.02,L2
震荡-2买,量比大于1_3 + 大盘空头,604,0.0981,0.1274,0.77,0.2434,0.2946,-0.0512,L2
震荡-2买,量比大于1_3 + 大盘安全,2026,0.4012,0.3973,1.01,0.2966,0.2946,0.0021,L2
震荡-2买,量比大于1_3 + SID等于1,1478,0.3104,0.2824,1.099,0.3146,0.2946,0.02,L2
震荡-2买,量比大于1_3 + SID等于2,3033,0.6549,0.5721,1.145,0.3234,0.2946,0.0289,L2
震荡-2买,量比大于1_3 + SID小于等于2,3033,0.6549,0.5721,1.145,0.3234,0.2946,0.0289,L2
震荡-2买,量比大于1_3 + 大盘5日上涨,2160,0.4299,0.4226,1.017,0.2981,0.2946,0.0036,L2
震荡-2买,量比大于1_3 + 相对强弱大于0,1383,0.2804,0.2685,1.044,0.3037,0.2946,0.0091,L2
震荡-2买,量比大于1_3 + 相对强弱大于5,381,0.0808,0.0725,1.114,0.3176,0.2946,0.023,L2
震荡-2买,量比大于1_3 + 量比>=1.3,773,0.2063,0.1294,1.595,0.3997,0.2946,0.1051,L2
震荡-2买,量比大于1_3 + 量比>=2,145,0.0334,0.0265,1.26,0.3448,0.2946,0.0502,L2
震荡-2买,量比大于1_3 + 距前高<=10%,429,0.1015,0.0772,1.314,0.3543,0.2946,0.0597,L2
震荡-2买,量比大于1_3 + 深跌(距前高>40%),120,0.0287,0.0215,1.337,0.3583,0.2946,0.0637,L2
震荡-2买,量比大于1_3 + 距前低<=10%,1460,0.2724,0.2933,0.929,0.2795,0.2946,-0.0151,L2
震荡-2买,量比大于1_3 + 相对强弱>=0,228,0.0401,0.0468,0.855,0.2632,0.2946,-0.0314,L2
震荡-2买,量比大于2 + 量能递增,811,0.2036,0.1411,1.443,0.3761,0.2946,0.0815,L2
震荡-2买,量比大于2 + 价涨量增,990,0.2403,0.1756,1.368,0.3636,0.2946,0.069,L2
震荡-2买,量比大于2 + 价涨量缩,684,0.1582,0.1246,1.27,0.3465,0.2946,0.0519,L2
震荡-2买,量比大于2 + MACD_DIF大于0,387,0.0915,0.0697,1.312,0.354,0.2946,0.0594,L2
震荡-2买,量比大于2 + MACD金叉态,490,0.1041,0.0931,1.118,0.3184,0.2946,0.0238,L2
震荡-2买,量比大于2 + MACD柱递增,983,0.233,0.1767,1.318,0.355,0.2946,0.0604,L2
震荡-2买,量比大于2 + MACD零轴上金叉,133,0.0334,0.0231,1.442,0.3759,0.2946,0.0813,L2
震荡-2买,量比大于2 + MACD底背离,492,0.1068,0.0926,1.154,0.3252,0.2946,0.0306,L2
震荡-2买,量比大于2 + BOLL收上中轨,725,0.1595,0.1355,1.178,0.3297,0.2946,0.0351,L2
震荡-2买,量比大于2 + BOLL突破上轨,191,0.0454,0.0343,1.324,0.356,0.2946,0.0614,L2
震荡-2买,量比大于2 + BOLL触下轨反弹,721,0.1742,0.1282,1.359,0.362,0.2946,0.0674,L2
震荡-2买,量比大于2 + BOLL开口扩张,993,0.2423,0.1756,1.38,0.3656,0.2946,0.071,L2
震荡-2买,量比大于2 + KDJ金叉态,999,0.239,0.1787,1.337,0.3584,0.2946,0.0638,L2
震荡-2买,量比大于2 + KDJ_J超卖,941,0.2303,0.1662,1.386,0.3666,0.2946,0.072,L2
震荡-2买,量比大于2 + KDJ低位金叉,368,0.0968,0.0622,1.557,0.394,0.2946,0.0994,L2
震荡-2买,量比大于2 + KDJ_D小于30,682,0.1749,0.1171,1.494,0.3842,0.2946,0.0896,L2
震荡-2买,量比大于2 + RSI6大于50,850,0.1883,0.1583,1.189,0.3318,0.2946,0.0372,L2
震荡-2买,量比大于2 + RSI金叉,977,0.2323,0.1754,1.325,0.3562,0.2946,0.0616,L2
震荡-2买,量比大于2 + RSI6超卖,802,0.2043,0.1383,1.477,0.3815,0.2946,0.087,L2
震荡-2买,量比大于2 + RSI底背离,385,0.0801,0.0739,1.084,0.3117,0.2946,0.0171,L2
震荡-2买,量比大于2 + 威科夫得分大于4,351,0.0854,0.0622,1.374,0.3647,0.2946,0.0701,L2
震荡-2买,量比大于2 + 威科夫得分大于7,169,0.0347,0.0326,1.064,0.3077,0.2946,0.0131,L2
震荡-2买,量比大于2 + 积累阶段,500,0.1142,0.0917,1.245,0.342,0.2946,0.0474,L2
震荡-2买,量比大于2 + 黄金柱,192,0.0387,0.0374,1.036,0.3021,0.2946,0.0075,L2
震荡-2买,量比大于2 + 量能金叉,449,0.1175,0.0761,1.544,0.392,0.2946,0.0974,L2
震荡-2买,量比大于2 + 六脉红灯大于5,902,0.2049,0.1659,1.235,0.3404,0.2946,0.0458,L2
震荡-2买,量比大于2 + 六脉红灯大于6,777,0.1736,0.1441,1.204,0.3346,0.2946,0.04,L2
震荡-2买,量比大于2 + 六脉6红首发,777,0.1736,0.1441,1.204,0.3346,0.2946,0.04,L2
震荡-2买,量比大于2 + 六脉5红首发,902,0.2049,0.1659,1.235,0.3404,0.2946,0.0458,L2
震荡-2买,量比大于2 + 偏多共振,146,0.0314,0.0276,1.137,0.3219,0.2946,0.0273,L2
震荡-2买,量比大于2 + 多头共振,146,0.0314,0.0276,1.137,0.3219,0.2946,0.0273,L2
震荡-2买,量比大于2 + 火箭信号,189,0.0481,0.0326,1.474,0.381,0.2946,0.0864,L2
震荡-2买,量比大于2 + 极限抄底,53,0.0207,0.0061,3.374,0.5849,0.2946,0.2903,L2
震荡-2买,量比大于2 + 中枢进机会区,426,0.0981,0.0778,1.262,0.3451,0.2946,0.0505,L2
震荡-2买,量比大于2 + 中枢极限底,427,0.1028,0.0761,1.351,0.3607,0.2946,0.0661,L2
震荡-2买,量比大于2 + 中枢上穿中轴,465,0.1055,0.0856,1.232,0.3398,0.2946,0.0452,L2
震荡-2买,量比大于2 + 中枢底部蓄力,609,0.1475,0.1082,1.364,0.3629,0.2946,0.0683,L2
震荡-2买,量比大于2 + 中枢底部回升,764,0.1869,0.1349,1.385,0.3665,0.2946,0.0719,L2
震荡-2买,量比大于2 + 大盘多头,511,0.1135,0.0951,1.194,0.3327,0.2946,0.0381,L2
震荡-2买,量比大于2 + 大盘空头,201,0.0354,0.0413,0.857,0.2637,0.2946,-0.0309,L2
震荡-2买,量比大于2 + 大盘安全,694,0.1429,0.1338,1.068,0.3084,0.2946,0.0138,L2
震荡-2买,量比大于2 + SID等于1,511,0.1135,0.0951,1.194,0.3327,0.2946,0.0381,L2
震荡-2买,量比大于2 + SID等于2,1057,0.253,0.189,1.339,0.3586,0.2946,0.064,L2
震荡-2买,量比大于2 + SID小于等于2,1057,0.253,0.189,1.339,0.3586,0.2946,0.064,L2
震荡-2买,量比大于2 + 大盘5日上涨,724,0.1475,0.1402,1.052,0.3052,0.2946,0.0107,L2
震荡-2买,量比大于2 + 相对强弱大于0,681,0.1515,0.1266,1.197,0.3333,0.2946,0.0387,L2
震荡-2买,量比大于2 + 相对强弱大于5,282,0.0654,0.0513,1.275,0.3475,0.2946,0.0529,L2
震荡-2买,量比大于2 + 量比>=1.3,322,0.0935,0.0507,1.842,0.4348,0.2946,0.1402,L2
震荡-2买,量比大于2 + 量比>=2,145,0.0334,0.0265,1.26,0.3448,0.2946,0.0502,L2
震荡-2买,量比大于2 + 距前高<=10%,145,0.0374,0.0248,1.507,0.3862,0.2946,0.0916,L2
震荡-2买,量比大于2 + 距前低<=10%,489,0.1095,0.0906,1.208,0.3354,0.2946,0.0408,L2
震荡-2买,量比大于2 + 相对强弱>=0,112,0.0207,0.0226,0.916,0.2768,0.2946,-0.0178,L2
震荡-2买,量能递增 + 价涨量增,1667,0.3979,0.2986,1.333,0.3575,0.2946,0.0629,L2
震荡-2买,量能递增 + 价涨量缩,1579,0.3518,0.2933,1.2,0.3338,0.2946,0.0392,L2
震荡-2买,量能递增 + MACD_DIF大于0,808,0.1889,0.1464,1.291,0.3502,0.2946,0.0557,L2
震荡-2买,量能递增 + MACD金叉态,835,0.1736,0.1603,1.083,0.3114,0.2946,0.0168,L2
震荡-2买,量能递增 + MACD柱递增,1936,0.4499,0.3518,1.279,0.3481,0.2946,0.0535,L2
震荡-2买,量能递增 + MACD零轴上金叉,162,0.0401,0.0284,1.409,0.3704,0.2946,0.0758,L2
震荡-2买,量能递增 + MACD底背离,1015,0.2009,0.1991,1.009,0.2966,0.2946,0.002,L2
震荡-2买,量能递增 + BOLL收上中轨,1097,0.235,0.2077,1.131,0.3209,0.2946,0.0263,L2
震荡-2买,量能递增 + BOLL突破上轨,218,0.0527,0.0388,1.361,0.3624,0.2946,0.0678,L2
震荡-2买,量能递增 + BOLL触下轨反弹,1601,0.3765,0.2891,1.302,0.3523,0.2946,0.0577,L2
震荡-2买,量能递增 + BOLL开口扩张,2057,0.4826,0.3719,1.298,0.3515,0.2946,0.0569,L2
震荡-2买,量能递增 + KDJ金叉态,1806,0.4286,0.3245,1.321,0.3555,0.2946,0.0609,L2
震荡-2买,量能递增 + KDJ_J超卖,1957,0.4606,0.3532,1.304,0.3526,0.2946,0.058,L2
震荡-2买,量能递增 + KDJ低位金叉,668,0.1769,0.1124,1.575,0.3967,0.2946,0.1021,L2
震荡-2买,量能递增 + KDJ_D小于30,1297,0.3111,0.2317,1.343,0.3593,0.2946,0.0647,L2
震荡-2买,量能递增 + RSI6大于50,1428,0.3138,0.2671,1.175,0.3291,0.2946,0.0345,L2
震荡-2买,量能递增 + RSI金叉,1771,0.4192,0.3187,1.316,0.3546,0.2946,0.06,L2
震荡-2买,量能递增 + RSI6超卖,1632,0.3999,0.288,1.389,0.367,0.2946,0.0724,L2
震荡-2买,量能递增 + RSI底背离,849,0.1662,0.1673,0.994,0.2933,0.2946,-0.0013,L2
震荡-2买,量能递增 + 威科夫得分大于4,722,0.1615,0.1338,1.207,0.3352,0.2946,0.0406,L2
震荡-2买,量能递增 + 威科夫得分大于7,326,0.0688,0.0622,1.106,0.316,0.2946,0.0214,L2
震荡-2买,量能递增 + 积累阶段,1118,0.2423,0.2105,1.151,0.3247,0.2946,0.0301,L2
震荡-2买,量能递增 + 黄金柱,195,0.0394,0.0379,1.039,0.3026,0.2946,0.008,L2
震荡-2买,量能递增 + 量能金叉,640,0.1649,0.1096,1.505,0.3859,0.2946,0.0913,L2
震荡-2买,量能递增 + 六脉红灯大于5,1514,0.3478,0.2768,1.256,0.3441,0.2946,0.0495,L2
震荡-2买,量能递增 + 六脉红灯大于6,1184,0.2623,0.2205,1.19,0.3319,0.2946,0.0373,L2
震荡-2买,量能递增 + 六脉6红首发,1184,0.2623,0.2205,1.19,0.3319,0.2946,0.0373,L2
震荡-2买,量能递增 + 六脉5红首发,1514,0.3478,0.2768,1.256,0.3441,0.2946,0.0495,L2
震荡-2买,量能递增 + 偏多共振,299,0.0594,0.0585,1.015,0.2977,0.2946,0.0031,L2
震荡-2买,量能递增 + 多头共振,299,0.0594,0.0585,1.015,0.2977,0.2946,0.0031,L2
震荡-2买,量能递增 + 火箭信号,201,0.0527,0.034,1.551,0.393,0.2946,0.0984,L2
震荡-2买,量能递增 + 极限抄底,100,0.0327,0.0142,2.301,0.49,0.2946,0.1954,L2
震荡-2买,量能递增 + 中枢进机会区,966,0.217,0.1787,1.214,0.3364,0.2946,0.0418,L2
震荡-2买,量能递增 + 中枢极限底,887,0.2089,0.16,1.306,0.3529,0.2946,0.0583,L2
震荡-2买,量能递增 + 中枢上穿中轴,736,0.1676,0.1352,1.239,0.341,0.2946,0.0464,L2
震荡-2买,量能递增 + 中枢底部蓄力,1205,0.2623,0.2264,1.159,0.3261,0.2946,0.0315,L2
震荡-2买,量能递增 + 中枢底部回升,1591,0.3652,0.2911,1.255,0.3438,0.2946,0.0492,L2
震荡-2买,量能递增 + 大盘多头,1088,0.2543,0.1971,1.29,0.3502,0.2946,0.0556,L2
震荡-2买,量能递增 + 大盘空头,491,0.0828,0.1023,0.809,0.2525,0.2946,-0.042,L2
震荡-2买,量能递增 + 大盘安全,1537,0.3271,0.2919,1.121,0.3188,0.2946,0.0242,L2
震荡-2买,量能递增 + SID等于1,1088,0.2543,0.1971,1.29,0.3502,0.2946,0.0556,L2
震荡-2买,量能递增 + SID等于2,2206,0.5093,0.4023,1.266,0.3459,0.2946,0.0513,L2
震荡-2买,量能递增 + SID小于等于2,2206,0.5093,0.4023,1.266,0.3459,0.2946,0.0513,L2
震荡-2买,量能递增 + 大盘5日上涨,1570,0.3338,0.2983,1.119,0.3185,0.2946,0.0239,L2
震荡-2买,量能递增 + 相对强弱大于0,1132,0.2483,0.2119,1.172,0.3286,0.2946,0.034,L2
震荡-2买,量能递增 + 相对强弱大于5,337,0.0708,0.0644,1.099,0.3145,0.2946,0.0199,L2
震荡-2买,量能递增 + 量比>=1.3,522,0.1482,0.0836,1.772,0.4253,0.2946,0.1307,L2
震荡-2买,量能递增 + 量比>=2,122,0.0287,0.022,1.303,0.3525,0.2946,0.0579,L2
震荡-2买,量能递增 + 距前高<=10%,402,0.0975,0.0714,1.366,0.3632,0.2946,0.0686,L2
震荡-2买,量能递增 + 深跌(距前高>40%),83,0.0247,0.0128,1.926,0.4458,0.2946,0.1512,L2
震荡-2买,量能递增 + 距前低<=10%,1127,0.225,0.2202,1.021,0.299,0.2946,0.0044,L2
震荡-2买,量能递增 + 相对强弱>=0,217,0.0394,0.044,0.894,0.2719,0.2946,-0.0227,L2
震荡-2买,价涨量增 + 价涨量缩,1672,0.3505,0.3198,1.096,0.314,0.2946,0.0194,L2
震荡-2买,价涨量增 + MACD_DIF大于0,901,0.2009,0.1673,1.201,0.3341,0.2946,0.0395,L2
震荡-2买,价涨量增 + MACD金叉态,931,0.1822,0.1834,0.993,0.2932,0.2946,-0.0014,L2
震荡-2买,价涨量增 + MACD柱递增,2354,0.508,0.4441,1.144,0.3233,0.2946,0.0287,L2
震荡-2买,价涨量增 + MACD零轴上金叉,185,0.0447,0.0329,1.36,0.3622,0.2946,0.0676,L2
震荡-2买,价涨量增 + MACD底背离,1178,0.2236,0.235,0.952,0.2844,0.2946,-0.0102,L2
震荡-2买,价涨量增 + BOLL收上中轨,1423,0.2944,0.2738,1.075,0.3099,0.2946,0.0153,L2
震荡-2买,价涨量增 + BOLL突破上轨,235,0.0554,0.0424,1.308,0.3532,0.2946,0.0586,L2
震荡-2买,价涨量增 + BOLL触下轨反弹,1727,0.3765,0.3242,1.161,0.3266,0.2946,0.032,L2
震荡-2买,价涨量增 + BOLL开口扩张,2325,0.5134,0.4338,1.183,0.3308,0.2946,0.0362,L2
震荡-2买,价涨量增 + KDJ金叉态,2365,0.5134,0.4449,1.154,0.3252,0.2946,0.0306,L2
震荡-2买,价涨量增 + KDJ_J超卖,2253,0.4973,0.4204,1.183,0.3307,0.2946,0.0361,L2
震荡-2买,价涨量增 + KDJ低位金叉,933,0.227,0.1653,1.373,0.3644,0.2946,0.0698,L2
震荡-2买,价涨量增 + KDJ_D小于30,1639,0.3632,0.3053,1.19,0.3319,0.2946,0.0373,L2
震荡-2买,价涨量增 + RSI6大于50,1937,0.4045,0.3711,1.09,0.3129,0.2946,0.0183,L2
震荡-2买,价涨量增 + RSI金叉,2325,0.5053,0.4371,1.156,0.3256,0.2946,0.031,L2
震荡-2买,价涨量增 + RSI6超卖,1879,0.4259,0.346,1.231,0.3395,0.2946,0.045,L2
震荡-2买,价涨量增 + RSI底背离,945,0.1762,0.1899,0.928,0.2794,0.2946,-0.0152,L2
震荡-2买,价涨量增 + 威科夫得分大于4,689,0.1529,0.1282,1.192,0.3324,0.2946,0.0378,L2
震荡-2买,价涨量增 + 威科夫得分大于7,284,0.0594,0.0544,1.093,0.3134,0.2946,0.0188,L2
震荡-2买,价涨量增 + 积累阶段,1279,0.2623,0.247,1.062,0.3073,0.2946,0.0127,L2
震荡-2买,价涨量增 + 黄金柱,267,0.0541,0.0519,1.043,0.3034,0.2946,0.0088,L2
震荡-2买,价涨量增 + 量能金叉,661,0.1669,0.1146,1.457,0.3782,0.2946,0.0836,L2
震荡-2买,价涨量增 + 六脉红灯大于5,2091,0.4413,0.3987,1.107,0.3161,0.2946,0.0215,L2
震荡-2买,价涨量增 + 六脉红灯大于6,1666,0.3465,0.3198,1.083,0.3115,0.2946,0.0169,L2
震荡-2买,价涨量增 + 六脉6红首发,1666,0.3465,0.3198,1.083,0.3115,0.2946,0.0169,L2
震荡-2买,价涨量增 + 六脉5红首发,2091,0.4413,0.3987,1.107,0.3161,0.2946,0.0215,L2
震荡-2买,价涨量增 + 偏多共振,352,0.0694,0.0691,1.004,0.2955,0.2946,0.0009,L2
震荡-2买,价涨量增 + 多头共振,351,0.0694,0.0689,1.008,0.2963,0.2946,0.0017,L2
震荡-2买,价涨量增 + 火箭信号,254,0.0641,0.044,1.455,0.378,0.2946,0.0834,L2
震荡-2买,价涨量增 + 极限抄底,104,0.034,0.0148,2.304,0.4904,0.2946,0.1958,L2
震荡-2买,价涨量增 + 中枢进机会区,981,0.2076,0.1868,1.111,0.317,0.2946,0.0224,L2
震荡-2买,价涨量增 + 中枢极限底,987,0.2143,0.1857,1.154,0.3252,0.2946,0.0306,L2
震荡-2买,价涨量增 + 中枢上穿中轴,892,0.2003,0.165,1.213,0.3363,0.2946,0.0417,L2
震荡-2买,价涨量增 + 中枢底部蓄力,1414,0.2937,0.2715,1.082,0.3112,0.2946,0.0166,L2
震荡-2买,价涨量增 + 中枢底部回升,1789,0.3879,0.3368,1.152,0.3248,0.2946,0.0302,L2
震荡-2买,价涨量增 + 大盘多头,1275,0.275,0.2406,1.143,0.3231,0.2946,0.0285,L2
震荡-2买,价涨量增 + 大盘空头,538,0.0868,0.1137,0.763,0.2416,0.2946,-0.053,L2
震荡-2买,价涨量增 + 大盘安全,1786,0.3565,0.349,1.021,0.299,0.2946,0.0044,L2
震荡-2买,价涨量增 + SID等于1,1275,0.275,0.2406,1.143,0.3231,0.2946,0.0285,L2
震荡-2买,价涨量增 + SID等于2,2533,0.5481,0.4773,1.148,0.3241,0.2946,0.0295,L2
震荡-2买,价涨量增 + SID小于等于2,2533,0.5481,0.4773,1.148,0.3241,0.2946,0.0295,L2
震荡-2买,价涨量增 + 大盘5日上涨,1858,0.3692,0.3638,1.015,0.2976,0.2946,0.003,L2
震荡-2买,价涨量增 + 相对强弱大于0,1318,0.2784,0.2512,1.108,0.3164,0.2946,0.0218,L2
震荡-2买,价涨量增 + 相对强弱大于5,384,0.0808,0.0733,1.102,0.3151,0.2946,0.0205,L2
震荡-2买,价涨量增 + 量比>=1.3,625,0.1662,0.1048,1.586,0.3984,0.2946,0.1038,L2
震荡-2买,价涨量增 + 量比>=2,139,0.0334,0.0248,1.345,0.3597,0.2946,0.0651,L2
震荡-2买,价涨量增 + 距前高<=10%,427,0.1028,0.0761,1.351,0.3607,0.2946,0.0661,L2
震荡-2买,价涨量增 + 深跌(距前高>40%),100,0.024,0.0178,1.347,0.36,0.2946,0.0654,L2
震荡-2买,价涨量增 + 距前低<=10%,1222,0.237,0.2417,0.98,0.2905,0.2946,-0.0041,L2
震荡-2买,价涨量增 + 相对强弱>=0,220,0.0434,0.0432,1.004,0.2955,0.2946,0.0009,L2
震荡-2买,价涨量缩 + MACD_DIF大于0,1438,0.2864,0.2813,1.018,0.2983,0.2946,0.0037,L2
震荡-2买,价涨量缩 + MACD金叉态,822,0.1429,0.1695,0.843,0.2603,0.2946,-0.0343,L2
震荡-2买,价涨量缩 + MACD柱递增,3508,0.6729,0.697,0.965,0.2873,0.2946,-0.0072,L2
震荡-2买,价涨量缩 + MACD零轴上金叉,113,0.0254,0.0209,1.213,0.3363,0.2946,0.0417,L2
震荡-2买,价涨量缩 + MACD底背离,1790,0.2904,0.3778,0.769,0.243,0.2946,-0.0516,L2
震荡-2买,价涨量缩 + BOLL收上中轨,1241,0.2417,0.2451,0.986,0.2917,0.2946,-0.0029,L2
震荡-2买,价涨量缩 + BOLL突破上轨,142,0.03,0.027,1.111,0.3169,0.2946,0.0223,L2
震荡-2买,价涨量缩 + BOLL触下轨反弹,2532,0.51,0.4929,1.035,0.3017,0.2946,0.0071,L2
震荡-2买,价涨量缩 + BOLL开口扩张,3615,0.7049,0.7134,0.988,0.2921,0.2946,-0.0025,L2
震荡-2买,价涨量缩 + KDJ金叉态,3226,0.6322,0.6353,0.995,0.2936,0.2946,-0.001,L2
震荡-2买,价涨量缩 + KDJ_J超卖,3664,0.7089,0.7254,0.977,0.2898,0.2946,-0.0047,L2
震荡-2买,价涨量缩 + KDJ低位金叉,1696,0.3385,0.3315,1.021,0.2989,0.2946,0.0043,L2
震荡-2买,价涨量缩 + KDJ_D小于30,2778,0.5347,0.5512,0.97,0.2883,0.2946,-0.0063,L2
震荡-2买,价涨量缩 + RSI6大于50,1950,0.3812,0.3844,0.991,0.2928,0.2946,-0.0018,L2
震荡-2买,价涨量缩 + RSI金叉,2669,0.526,0.5244,1.003,0.2952,0.2946,0.0006,L2
震荡-2买,价涨量缩 + RSI6超卖,3007,0.6015,0.5871,1.024,0.2996,0.2946,0.005,L2
震荡-2买,价涨量缩 + RSI底背离,1397,0.2236,0.2961,0.755,0.2398,0.2946,-0.0548,L2
震荡-2买,价涨量缩 + 威科夫得分大于4,805,0.1689,0.1539,1.097,0.3143,0.2946,0.0197,L2
震荡-2买,价涨量缩 + 威科夫得分大于7,283,0.0587,0.0544,1.081,0.311,0.2946,0.0164,L2
震荡-2买,价涨量缩 + 积累阶段,1816,0.3331,0.3672,0.907,0.2748,0.2946,-0.0198,L2
震荡-2买,价涨量缩 + 黄金柱,160,0.028,0.0329,0.852,0.2625,0.2946,-0.0321,L2
震荡-2买,价涨量缩 + 量能金叉,478,0.1115,0.0867,1.286,0.3494,0.2946,0.0548,L2
震荡-2买,价涨量缩 + 六脉红灯大于5,2322,0.4479,0.4603,0.973,0.289,0.2946,-0.0056,L2
震荡-2买,价涨量缩 + 六脉红灯大于6,1496,0.2917,0.2952,0.988,0.2921,0.2946,-0.0025,L2
震荡-2买,价涨量缩 + 六脉6红首发,1496,0.2917,0.2952,0.988,0.2921,0.2946,-0.0025,L2
震荡-2买,价涨量缩 + 六脉5红首发,2322,0.4479,0.4603,0.973,0.289,0.2946,-0.0056,L2
震荡-2买,价涨量缩 + 偏多共振,645,0.1128,0.1327,0.85,0.262,0.2946,-0.0326,L2
震荡-2买,价涨量缩 + 多头共振,643,0.1128,0.1321,0.854,0.2628,0.2946,-0.0318,L2
震荡-2买,价涨量缩 + 火箭信号,153,0.0421,0.0251,1.676,0.4118,0.2946,0.1172,L2
震荡-2买,价涨量缩 + 极限抄底,175,0.0474,0.029,1.635,0.4057,0.2946,0.1111,L2
震荡-2买,价涨量缩 + 中枢进机会区,1541,0.2997,0.3044,0.985,0.2914,0.2946,-0.0032,L2
震荡-2买,价涨量缩 + 中枢极限底,1502,0.2991,0.2938,1.018,0.2983,0.2946,0.0037,L2
震荡-2买,价涨量缩 + 中枢上穿中轴,788,0.1722,0.1478,1.166,0.3274,0.2946,0.0328,L2
震荡-2买,价涨量缩 + 中枢底部蓄力,2290,0.3992,0.4717,0.846,0.2611,0.2946,-0.0335,L2
震荡-2买,价涨量缩 + 中枢底部回升,2767,0.5227,0.5531,0.945,0.283,0.2946,-0.0116,L2
震荡-2买,价涨量缩 + 大盘多头,1991,0.3725,0.3995,0.932,0.2803,0.2946,-0.0143,L2
震荡-2买,价涨量缩 + 大盘空头,725,0.1055,0.1581,0.667,0.2179,0.2946,-0.0767,L2
震荡-2买,价涨量缩 + 大盘安全,2632,0.464,0.54,0.859,0.2641,0.2946,-0.0305,L2
震荡-2买,价涨量缩 + SID等于1,1991,0.3725,0.3995,0.932,0.2803,0.2946,-0.0143,L2
震荡-2买,价涨量缩 + SID等于2,3964,0.7563,0.7892,0.958,0.2858,0.2946,-0.0088,L2
震荡-2买,价涨量缩 + SID小于等于2,3964,0.7563,0.7892,0.958,0.2858,0.2946,-0.0088,L2
震荡-2买,价涨量缩 + 大盘5日上涨,2785,0.492,0.571,0.862,0.2646,0.2946,-0.03,L2
震荡-2买,价涨量缩 + 相对强弱大于0,1382,0.269,0.2729,0.986,0.2916,0.2946,-0.003,L2
震荡-2买,价涨量缩 + 相对强弱大于5,263,0.0561,0.0499,1.124,0.3194,0.2946,0.0248,L2
震荡-2买,价涨量缩 + 量比>=1.3,409,0.1142,0.0664,1.72,0.4181,0.2946,0.1235,L2
震荡-2买,价涨量缩 + 量比>=2,67,0.0147,0.0125,1.171,0.3284,0.2946,0.0338,L2
震荡-2买,价涨量缩 + 距前高<=10%,524,0.1108,0.0998,1.11,0.3168,0.2946,0.0222,L2
震荡-2买,价涨量缩 + 深跌(距前高>40%),127,0.028,0.0237,1.183,0.3307,0.2946,0.0361,L2
震荡-2买,价涨量缩 + 距前低<=10%,1853,0.3111,0.3867,0.805,0.2515,0.2946,-0.0431,L2
震荡-2买,价涨量缩 + 相对强弱>=0,249,0.0501,0.0485,1.032,0.3012,0.2946,0.0066,L2
震荡-2买,MACD_DIF大于0 + MACD金叉态,322,0.0781,0.0572,1.367,0.3634,0.2946,0.0688,L2
震荡-2买,MACD_DIF大于0 + MACD柱递增,1457,0.2957,0.2827,1.046,0.304,0.2946,0.0095,L2
震荡-2买,MACD_DIF大于0 + MACD零轴上金叉,189,0.0461,0.0335,1.377,0.3651,0.2946,0.0705,L2
震荡-2买,MACD_DIF大于0 + MACD底背离,300,0.0461,0.0644,0.715,0.23,0.2946,-0.0646,L2
震荡-2买,MACD_DIF大于0 + BOLL收上中轨,947,0.2063,0.1779,1.16,0.3263,0.2946,0.0317,L2
震荡-2买,MACD_DIF大于0 + BOLL突破上轨,181,0.0441,0.0321,1.374,0.3646,0.2946,0.07,L2
震荡-2买,MACD_DIF大于0 + BOLL触下轨反弹,1092,0.237,0.2055,1.153,0.3251,0.2946,0.0305,L2
震荡-2买,MACD_DIF大于0 + BOLL开口扩张,1634,0.3364,0.315,1.068,0.3084,0.2946,0.0139,L2
震荡-2买,MACD_DIF大于0 + KDJ金叉态,1363,0.283,0.2618,1.081,0.3111,0.2946,0.0165,L2
震荡-2买,MACD_DIF大于0 + KDJ_J超卖,1655,0.3425,0.3184,1.076,0.31,0.2946,0.0154,L2
震荡-2买,MACD_DIF大于0 + KDJ低位金叉,395,0.0714,0.0803,0.89,0.2709,0.2946,-0.0237,L2
震荡-2买,MACD_DIF大于0 + KDJ_D小于30,928,0.1816,0.1829,0.993,0.2931,0.2946,-0.0015,L2
震荡-2买,MACD_DIF大于0 + RSI6大于50,1185,0.2523,0.225,1.122,0.319,0.2946,0.0244,L2
震荡-2买,MACD_DIF大于0 + RSI金叉,1134,0.2437,0.2144,1.137,0.3219,0.2946,0.0273,L2
震荡-2买,MACD_DIF大于0 + RSI6超卖,1103,0.2437,0.2057,1.184,0.3309,0.2946,0.0363,L2
震荡-2买,MACD_DIF大于0 + RSI底背离,226,0.0401,0.0463,0.865,0.2655,0.2946,-0.0291,L2
震荡-2买,MACD_DIF大于0 + 威科夫得分大于4,776,0.1716,0.1447,1.186,0.3312,0.2946,0.0366,L2
震荡-2买,MACD_DIF大于0 + 威科夫得分大于7,322,0.0728,0.0594,1.225,0.3385,0.2946,0.0439,L2
震荡-2买,MACD_DIF大于0 + 积累阶段,454,0.1128,0.0795,1.42,0.3722,0.2946,0.0777,L2
震荡-2买,MACD_DIF大于0 + 黄金柱,113,0.026,0.0206,1.262,0.3451,0.2946,0.0505,L2
震荡-2买,MACD_DIF大于0 + 量能金叉,379,0.0821,0.0714,1.15,0.3245,0.2946,0.0299,L2
震荡-2买,MACD_DIF大于0 + 六脉红灯大于5,994,0.2176,0.1862,1.169,0.328,0.2946,0.0334,L2
震荡-2买,MACD_DIF大于0 + 六脉红灯大于6,752,0.1642,0.1411,1.164,0.3271,0.2946,0.0325,L2
震荡-2买,MACD_DIF大于0 + 六脉6红首发,752,0.1642,0.1411,1.164,0.3271,0.2946,0.0325,L2
震荡-2买,MACD_DIF大于0 + 六脉5红首发,994,0.2176,0.1862,1.169,0.328,0.2946,0.0334,L2
震荡-2买,MACD_DIF大于0 + 偏多共振,739,0.1275,0.1528,0.835,0.2585,0.2946,-0.0361,L2
震荡-2买,MACD_DIF大于0 + 多头共振,736,0.1275,0.1519,0.839,0.2595,0.2946,-0.0351,L2
震荡-2买,MACD_DIF大于0 + 火箭信号,152,0.0381,0.0265,1.437,0.375,0.2946,0.0804,L2
震荡-2买,MACD_DIF大于0 + 中枢进机会区,526,0.1168,0.0979,1.194,0.3327,0.2946,0.0381,L2
震荡-2买,MACD_DIF大于0 + 中枢极限底,221,0.0527,0.0396,1.332,0.3575,0.2946,0.0629,L2
震荡-2买,MACD_DIF大于0 + 中枢上穿中轴,721,0.1602,0.1341,1.195,0.3329,0.2946,0.0383,L2
震荡-2买,MACD_DIF大于0 + 中枢底部蓄力,213,0.0414,0.0421,0.983,0.2911,0.2946,-0.0035,L2
震荡-2买,MACD_DIF大于0 + 中枢底部回升,564,0.1275,0.104,1.226,0.3387,0.2946,0.0441,L2
震荡-2买,MACD_DIF大于0 + 大盘多头,1166,0.2377,0.2258,1.052,0.3053,0.2946,0.0107,L2
震荡-2买,MACD_DIF大于0 + 大盘空头,188,0.0334,0.0385,0.868,0.266,0.2946,-0.0286,L2
震荡-2买,MACD_DIF大于0 + 大盘安全,1352,0.2724,0.2632,1.035,0.3018,0.2946,0.0072,L2
震荡-2买,MACD_DIF大于0 + SID等于1,1166,0.2377,0.2258,1.052,0.3053,0.2946,0.0107,L2
震荡-2买,MACD_DIF大于0 + SID等于2,1806,0.3665,0.3504,1.046,0.304,0.2946,0.0094,L2
震荡-2买,MACD_DIF大于0 + SID小于等于2,1806,0.3665,0.3504,1.046,0.304,0.2946,0.0094,L2
震荡-2买,MACD_DIF大于0 + 大盘5日上涨,1323,0.263,0.259,1.016,0.2978,0.2946,0.0032,L2
震荡-2买,MACD_DIF大于0 + 相对强弱大于0,942,0.1943,0.1815,1.07,0.3089,0.2946,0.0143,L2
震荡-2买,MACD_DIF大于0 + 相对强弱大于5,250,0.0541,0.0471,1.148,0.324,0.2946,0.0294,L2
震荡-2买,MACD_DIF大于0 + 量比>=1.3,199,0.0474,0.0357,1.328,0.3568,0.2946,0.0622,L2
震荡-2买,MACD_DIF大于0 + 距前高<=10%,467,0.1088,0.0848,1.284,0.349,0.2946,0.0544,L2
震荡-2买,MACD_DIF大于0 + 距前低<=10%,267,0.0567,0.0507,1.118,0.3184,0.2946,0.0238,L2
震荡-2买,MACD_DIF大于0 + 相对强弱>=0,184,0.0367,0.036,1.021,0.2989,0.2946,0.0043,L2
震荡-2买,MACD金叉态 + MACD柱递增,1051,0.1963,0.211,0.93,0.2797,0.2946,-0.0149,L2
震荡-2买,MACD金叉态 + MACD零轴上金叉,189,0.0461,0.0335,1.377,0.3651,0.2946,0.0705,L2
震荡-2买,MACD金叉态 + MACD底背离,674,0.1135,0.1405,0.808,0.2522,0.2946,-0.0424,L2
震荡-2买,MACD金叉态 + BOLL收上中轨,876,0.1776,0.1701,1.044,0.3037,0.2946,0.0091,L2
震荡-2买,MACD金叉态 + BOLL突破上轨,212,0.0501,0.0382,1.311,0.3538,0.2946,0.0592,L2
震荡-2买,MACD金叉态 + BOLL触下轨反弹,751,0.1482,0.1475,1.005,0.2956,0.2946,0.001,L2
震荡-2买,MACD金叉态 + BOLL开口扩张,1005,0.1929,0.1996,0.967,0.2876,0.2946,-0.007,L2
震荡-2买,MACD金叉态 + KDJ金叉态,1051,0.1989,0.2099,0.948,0.2835,0.2946,-0.0111,L2
震荡-2买,MACD金叉态 + KDJ_J超卖,966,0.1856,0.1918,0.968,0.2878,0.2946,-0.0068,L2
震荡-2买,MACD金叉态 + KDJ低位金叉,242,0.0434,0.0493,0.879,0.2686,0.2946,-0.026,L2
震荡-2买,MACD金叉态 + KDJ_D小于30,576,0.1121,0.1137,0.986,0.2917,0.2946,-0.0029,L2
震荡-2买,MACD金叉态 + RSI6大于50,1014,0.1983,0.1999,0.992,0.2929,0.2946,-0.0017,L2
震荡-2买,MACD金叉态 + RSI金叉,1099,0.2016,0.2222,0.907,0.2748,0.2946,-0.0198,L2
震荡-2买,MACD金叉态 + RSI6超卖,735,0.1409,0.1461,0.964,0.2871,0.2946,-0.0075,L2
震荡-2买,MACD金叉态 + RSI底背离,576,0.0915,0.1224,0.747,0.2378,0.2946,-0.0567,L2
震荡-2买,MACD金叉态 + 威科夫得分大于4,383,0.0874,0.0703,1.245,0.342,0.2946,0.0474,L2
震荡-2买,MACD金叉态 + 威科夫得分大于7,200,0.0401,0.039,1.026,0.3,0.2946,0.0054,L2
震荡-2买,MACD金叉态 + 积累阶段,787,0.1422,0.16,0.889,0.2706,0.2946,-0.0239,L2
震荡-2买,MACD金叉态 + 黄金柱,185,0.0374,0.036,1.039,0.3027,0.2946,0.0081,L2
震荡-2买,MACD金叉态 + 量能金叉,326,0.0721,0.0608,1.186,0.3313,0.2946,0.0367,L2
震荡-2买,MACD金叉态 + 六脉红灯大于5,1017,0.1916,0.2035,0.941,0.2822,0.2946,-0.0124,L2
震荡-2买,MACD金叉态 + 六脉红灯大于6,923,0.1789,0.1826,0.98,0.2904,0.2946,-0.0042,L2
震荡-2买,MACD金叉态 + 六脉6红首发,923,0.1789,0.1826,0.98,0.2904,0.2946,-0.0042,L2
震荡-2买,MACD金叉态 + 六脉5红首发,1017,0.1916,0.2035,0.941,0.2822,0.2946,-0.0124,L2
震荡-2买,MACD金叉态 + 偏多共振,94,0.016,0.0195,0.821,0.2553,0.2946,-0.0393,L2
震荡-2买,MACD金叉态 + 多头共振,94,0.016,0.0195,0.821,0.2553,0.2946,-0.0393,L2
震荡-2买,MACD金叉态 + 火箭信号,149,0.032,0.0282,1.138,0.3221,0.2946,0.0276,L2
震荡-2买,MACD金叉态 + 中枢进机会区,494,0.0928,0.099,0.938,0.2814,0.2946,-0.0132,L2
震荡-2买,MACD金叉态 + 中枢极限底,493,0.0774,0.1051,0.737,0.2353,0.2946,-0.0593,L2
震荡-2买,MACD金叉态 + 中枢上穿中轴,473,0.1055,0.0878,1.201,0.334,0.2946,0.0394,L2
震荡-2买,MACD金叉态 + 中枢底部蓄力,728,0.1162,0.1544,0.752,0.239,0.2946,-0.0556,L2
震荡-2买,MACD金叉态 + 中枢底部回升,900,0.1555,0.1859,0.836,0.2589,0.2946,-0.0357,L2
震荡-2买,MACD金叉态 + 大盘多头,608,0.1302,0.1151,1.131,0.3207,0.2946,0.0261,L2
震荡-2买,MACD金叉态 + 大盘空头,336,0.0501,0.0728,0.688,0.2232,0.2946,-0.0714,L2
震荡-2买,MACD金叉态 + 大盘安全,983,0.1856,0.1965,0.944,0.2828,0.2946,-0.0118,L2
震荡-2买,MACD金叉态 + SID等于1,608,0.1302,0.1151,1.131,0.3207,0.2946,0.0261,L2
震荡-2买,MACD金叉态 + SID等于2,1182,0.2223,0.2367,0.939,0.2817,0.2946,-0.0129,L2
震荡-2买,MACD金叉态 + SID小于等于2,1182,0.2223,0.2367,0.939,0.2817,0.2946,-0.0129,L2
震荡-2买,MACD金叉态 + 大盘5日上涨,978,0.1842,0.1957,0.941,0.2822,0.2946,-0.0124,L2
震荡-2买,MACD金叉态 + 相对强弱大于0,823,0.1662,0.16,1.039,0.3026,0.2946,0.008,L2
震荡-2买,MACD金叉态 + 相对强弱大于5,279,0.0594,0.053,1.122,0.319,0.2946,0.0244,L2
震荡-2买,MACD金叉态 + 量比>=1.3,237,0.0454,0.0471,0.963,0.2869,0.2946,-0.0077,L2
震荡-2买,MACD金叉态 + 量比>=2,70,0.0134,0.0139,0.958,0.2857,0.2946,-0.0089,L2
震荡-2买,MACD金叉态 + 距前高<=10%,171,0.0427,0.0298,1.432,0.3743,0.2946,0.0797,L2
震荡-2买,MACD金叉态 + 距前低<=10%,786,0.1222,0.1681,0.727,0.2328,0.2946,-0.0618,L2
震荡-2买,MACD金叉态 + 相对强弱>=0,190,0.032,0.0396,0.809,0.2526,0.2946,-0.042,L2
震荡-2买,MACD柱递增 + MACD零轴上金叉,183,0.0447,0.0323,1.383,0.3661,0.2946,0.0715,L2
震荡-2买,MACD柱递增 + MACD底背离,2165,0.3645,0.4514,0.808,0.2522,0.2946,-0.0424,L2
震荡-2买,MACD柱递增 + BOLL收上中轨,1606,0.3251,0.312,1.042,0.3032,0.2946,0.0086,L2
震荡-2买,MACD柱递增 + BOLL突破上轨,228,0.0541,0.041,1.319,0.3553,0.2946,0.0607,L2
震荡-2买,MACD柱递增 + BOLL触下轨反弹,2902,0.6075,0.5553,1.094,0.3136,0.2946,0.019,L2
震荡-2买,MACD柱递增 + BOLL开口扩张,4143,0.8431,0.8029,1.05,0.3049,0.2946,0.0103,L2
震荡-2买,MACD柱递增 + KDJ金叉态,4067,0.8184,0.792,1.033,0.3015,0.2946,0.0069,L2
震荡-2买,MACD柱递增 + KDJ_J超卖,4162,0.8364,0.811,1.031,0.3011,0.2946,0.0065,L2
震荡-2买,MACD柱递增 + KDJ低位金叉,2147,0.4466,0.412,1.084,0.3116,0.2946,0.017,L2
震荡-2买,MACD柱递增 + KDJ_D小于30,3323,0.6656,0.6485,1.026,0.3,0.2946,0.0054,L2
震荡-2买,MACD柱递增 + RSI6大于50,2525,0.508,0.4918,1.033,0.3014,0.2946,0.0068,L2
震荡-2买,MACD柱递增 + RSI金叉,3406,0.6943,0.6596,1.053,0.3053,0.2946,0.0108,L2
震荡-2买,MACD柱递增 + RSI6超卖,3537,0.7403,0.6769,1.094,0.3135,0.2946,0.019,L2
震荡-2买,MACD柱递增 + RSI底背离,1664,0.2817,0.3463,0.814,0.2536,0.2946,-0.041,L2
震荡-2买,MACD柱递增 + 威科夫得分大于4,868,0.1883,0.1634,1.152,0.3249,0.2946,0.0303,L2
震荡-2买,MACD柱递增 + 威科夫得分大于7,303,0.0634,0.058,1.094,0.3135,0.2946,0.0189,L2
震荡-2买,MACD柱递增 + 积累阶段,2184,0.4212,0.433,0.973,0.2889,0.2946,-0.0057,L2
震荡-2买,MACD柱递增 + 黄金柱,257,0.0494,0.051,0.968,0.2879,0.2946,-0.0067,L2
震荡-2买,MACD柱递增 + 量能金叉,697,0.1696,0.1235,1.373,0.3644,0.2946,0.0698,L2
震荡-2买,MACD柱递增 + 六脉红灯大于5,3076,0.6142,0.6011,1.022,0.2991,0.2946,0.0045,L2
震荡-2买,MACD柱递增 + 六脉红灯大于6,2092,0.4246,0.4059,1.046,0.304,0.2946,0.0094,L2
震荡-2买,MACD柱递增 + 六脉6红首发,2092,0.4246,0.4059,1.046,0.304,0.2946,0.0094,L2
震荡-2买,MACD柱递增 + 六脉5红首发,3076,0.6142,0.6011,1.022,0.2991,0.2946,0.0045,L2
震荡-2买,MACD柱递增 + 偏多共振,619,0.1028,0.1296,0.793,0.2488,0.2946,-0.0458,L2
震荡-2买,MACD柱递增 + 多头共振,616,0.1028,0.1288,0.798,0.25,0.2946,-0.0446,L2
震荡-2买,MACD柱递增 + 火箭信号,266,0.0688,0.0454,1.513,0.3872,0.2946,0.0926,L2
震荡-2买,MACD柱递增 + 极限抄底,205,0.0541,0.0346,1.564,0.3951,0.2946,0.1005,L2
震荡-2买,MACD柱递增 + 中枢进机会区,1740,0.3505,0.3387,1.035,0.3017,0.2946,0.0071,L2
震荡-2买,MACD柱递增 + 中枢极限底,1850,0.3825,0.356,1.074,0.3097,0.2946,0.0151,L2
震荡-2买,MACD柱递增 + 中枢上穿中轴,1040,0.2377,0.1907,1.246,0.3423,0.2946,0.0477,L2
震荡-2买,MACD柱递增 + 中枢底部蓄力,2760,0.514,0.5548,0.927,0.279,0.2946,-0.0156,L2
震荡-2买,MACD柱递增 + 中枢底部回升,3326,0.6569,0.6529,1.006,0.2959,0.2946,0.0013,L2
震荡-2买,MACD柱递增 + 大盘多头,2202,0.4352,0.4321,1.007,0.2961,0.2946,0.0015,L2
震荡-2买,MACD柱递增 + 大盘空头,872,0.1342,0.1871,0.717,0.2305,0.2946,-0.0641,L2
震荡-2买,MACD柱递增 + 大盘安全,2969,0.5514,0.5974,0.923,0.2782,0.2946,-0.0164,L2
震荡-2买,MACD柱递增 + SID等于1,2202,0.4352,0.4321,1.007,0.2961,0.2946,0.0015,L2
震荡-2买,MACD柱递增 + SID等于2,4531,0.8959,0.889,1.008,0.2962,0.2946,0.0016,L2
震荡-2买,MACD柱递增 + SID小于等于2,4531,0.8959,0.889,1.008,0.2962,0.2946,0.0016,L2
震荡-2买,MACD柱递增 + 大盘5日上涨,3193,0.5928,0.6426,0.922,0.2781,0.2946,-0.0165,L2
震荡-2买,MACD柱递增 + 相对强弱大于0,1685,0.3311,0.3315,0.999,0.2944,0.2946,-0.0002,L2
震荡-2买,MACD柱递增 + 相对强弱大于5,397,0.0821,0.0764,1.075,0.3098,0.2946,0.0152,L2
震荡-2买,MACD柱递增 + 量比>=1.3,701,0.1923,0.1151,1.67,0.4108,0.2946,0.1162,L2
震荡-2买,MACD柱递增 + 量比>=2,130,0.0294,0.024,1.225,0.3385,0.2946,0.0439,L2
震荡-2买,MACD柱递增 + 距前高<=10%,584,0.1342,0.1068,1.257,0.3442,0.2946,0.0496,L2
震荡-2买,MACD柱递增 + 深跌(距前高>40%),185,0.0381,0.0357,1.066,0.3081,0.2946,0.0135,L2
震荡-2买,MACD柱递增 + 距前低<=10%,2132,0.3692,0.4402,0.839,0.2594,0.2946,-0.0352,L2
震荡-2买,MACD柱递增 + 相对强弱>=0,322,0.0587,0.0652,0.901,0.2733,0.2946,-0.0213,L2
震荡-2买,MACD零轴上金叉 + BOLL收上中轨,189,0.0461,0.0335,1.377,0.3651,0.2946,0.0705,L2
震荡-2买,MACD零轴上金叉 + BOLL突破上轨,126,0.03,0.0226,1.33,0.3571,0.2946,0.0626,L2
震荡-2买,MACD零轴上金叉 + BOLL触下轨反弹,123,0.0314,0.0212,1.481,0.3821,0.2946,0.0875,L2
震荡-2买,MACD零轴上金叉 + BOLL开口扩张,182,0.0441,0.0323,1.362,0.3626,0.2946,0.068,L2
震荡-2买,MACD零轴上金叉 + KDJ金叉态,187,0.0461,0.0329,1.4,0.369,0.2946,0.0744,L2
震荡-2买,MACD零轴上金叉 + KDJ_J超卖,151,0.0381,0.0262,1.452,0.3775,0.2946,0.0829,L2
震荡-2买,MACD零轴上金叉 + KDJ_D小于30,63,0.014,0.0117,1.197,0.3333,0.2946,0.0387,L2
震荡-2买,MACD零轴上金叉 + RSI6大于50,189,0.0461,0.0335,1.377,0.3651,0.2946,0.0705,L2
震荡-2买,MACD零轴上金叉 + RSI金叉,187,0.0454,0.0332,1.368,0.3636,0.2946,0.069,L2
震荡-2买,MACD零轴上金叉 + RSI6超卖,83,0.0227,0.0137,1.662,0.4096,0.2946,0.115,L2
震荡-2买,MACD零轴上金叉 + 威科夫得分大于4,157,0.0401,0.027,1.481,0.3822,0.2946,0.0876,L2
震荡-2买,MACD零轴上金叉 + 威科夫得分大于7,105,0.0234,0.0195,1.197,0.3333,0.2946,0.0387,L2
震荡-2买,MACD零轴上金叉 + 积累阶段,67,0.018,0.0112,1.616,0.403,0.2946,0.1084,L2
震荡-2买,MACD零轴上金叉 + 黄金柱,57,0.0127,0.0106,1.197,0.3333,0.2946,0.0387,L2
震荡-2买,MACD零轴上金叉 + 量能金叉,110,0.0287,0.0187,1.537,0.3909,0.2946,0.0963,L2
震荡-2买,MACD零轴上金叉 + 六脉红灯大于5,186,0.0461,0.0326,1.412,0.371,0.2946,0.0764,L2
震荡-2买,MACD零轴上金叉 + 六脉红灯大于6,182,0.0441,0.0323,1.362,0.3626,0.2946,0.068,L2
震荡-2买,MACD零轴上金叉 + 六脉6红首发,182,0.0441,0.0323,1.362,0.3626,0.2946,0.068,L2
震荡-2买,MACD零轴上金叉 + 六脉5红首发,186,0.0461,0.0326,1.412,0.371,0.2946,0.0764,L2
震荡-2买,MACD零轴上金叉 + 偏多共振,59,0.0113,0.0117,0.969,0.2881,0.2946,-0.0065,L2
震荡-2买,MACD零轴上金叉 + 多头共振,59,0.0113,0.0117,0.969,0.2881,0.2946,-0.0065,L2
震荡-2买,MACD零轴上金叉 + 火箭信号,63,0.012,0.0125,0.958,0.2857,0.2946,-0.0089,L2
震荡-2买,MACD零轴上金叉 + 中枢进机会区,52,0.012,0.0095,1.268,0.3462,0.2946,0.0516,L2
震荡-2买,MACD零轴上金叉 + 中枢上穿中轴,145,0.0367,0.0251,1.463,0.3793,0.2946,0.0847,L2
震荡-2买,MACD零轴上金叉 + 中枢底部回升,67,0.0147,0.0125,1.171,0.3284,0.2946,0.0338,L2
震荡-2买,MACD零轴上金叉 + 大盘多头,119,0.0314,0.0201,1.563,0.395,0.2946,0.1004,L2
震荡-2买,MACD零轴上金叉 + 大盘安全,154,0.0381,0.027,1.407,0.3701,0.2946,0.0755,L2
震荡-2买,MACD零轴上金叉 + SID等于1,119,0.0314,0.0201,1.563,0.395,0.2946,0.1004,L2
震荡-2买,MACD零轴上金叉 + SID等于2,189,0.0461,0.0335,1.377,0.3651,0.2946,0.0705,L2
震荡-2买,MACD零轴上金叉 + SID小于等于2,189,0.0461,0.0335,1.377,0.3651,0.2946,0.0705,L2
震荡-2买,MACD零轴上金叉 + 大盘5日上涨,147,0.036,0.0259,1.39,0.3673,0.2946,0.0728,L2
震荡-2买,MACD零轴上金叉 + 相对强弱大于0,179,0.0427,0.0321,1.333,0.3575,0.2946,0.0629,L2
震荡-2买,MACD零轴上金叉 + 相对强弱大于5,105,0.022,0.0201,1.097,0.3143,0.2946,0.0197,L2
震荡-2买,MACD零轴上金叉 + 距前高<=10%,87,0.0247,0.0139,1.772,0.4253,0.2946,0.1307,L2
震荡-2买,MACD底背离 + BOLL收上中轨,670,0.1182,0.1374,0.86,0.2642,0.2946,-0.0304,L2
震荡-2买,MACD底背离 + BOLL突破上轨,81,0.018,0.0151,1.197,0.3333,0.2946,0.0387,L2
震荡-2买,MACD底背离 + BOLL触下轨反弹,1501,0.2644,0.3081,0.858,0.2638,0.2946,-0.0308,L2
震荡-2买,MACD底背离 + BOLL开口扩张,2124,0.3738,0.436,0.857,0.2637,0.2946,-0.0309,L2
震荡-2买,MACD底背离 + KDJ金叉态,2011,0.3485,0.4151,0.839,0.2596,0.2946,-0.035,L2
震荡-2买,MACD底背离 + KDJ_J超卖,2205,0.3745,0.4583,0.817,0.2544,0.2946,-0.0402,L2
震荡-2买,MACD底背离 + KDJ低位金叉,1139,0.2083,0.2306,0.903,0.2739,0.2946,-0.0207,L2
震荡-2买,MACD底背离 + KDJ_D小于30,1783,0.3124,0.3666,0.852,0.2625,0.2946,-0.0321,L2
震荡-2买,MACD底背离 + RSI6大于50,1147,0.2089,0.2325,0.899,0.2729,0.2946,-0.0217,L2
震荡-2买,MACD底背离 + RSI金叉,1790,0.3124,0.3686,0.848,0.2615,0.2946,-0.0331,L2
震荡-2买,MACD底背离 + RSI6超卖,2046,0.3551,0.4221,0.841,0.26,0.2946,-0.0346,L2
震荡-2买,MACD底背离 + RSI底背离,1567,0.257,0.3295,0.78,0.2457,0.2946,-0.0489,L2
震荡-2买,MACD底背离 + 威科夫得分大于4,342,0.0601,0.0703,0.855,0.2632,0.2946,-0.0314,L2
震荡-2买,MACD底背离 + 威科夫得分大于7,121,0.0167,0.0268,0.624,0.2066,0.2946,-0.088,L2
震荡-2买,MACD底背离 + 积累阶段,1409,0.2316,0.2961,0.782,0.2463,0.2946,-0.0483,L2
震荡-2买,MACD底背离 + 黄金柱,141,0.028,0.0276,1.016,0.2979,0.2946,0.0033,L2
震荡-2买,MACD底背离 + 量能金叉,305,0.0708,0.0555,1.275,0.3475,0.2946,0.0529,L2
震荡-2买,MACD底背离 + 六脉红灯大于5,1584,0.281,0.3242,0.867,0.2658,0.2946,-0.0288,L2
震荡-2买,MACD底背离 + 六脉红灯大于6,1017,0.1909,0.2038,0.937,0.2812,0.2946,-0.0134,L2
震荡-2买,MACD底背离 + 六脉6红首发,1017,0.1909,0.2038,0.937,0.2812,0.2946,-0.0134,L2
震荡-2买,MACD底背离 + 六脉5红首发,1584,0.281,0.3242,0.867,0.2658,0.2946,-0.0288,L2
震荡-2买,MACD底背离 + 偏多共振,109,0.0147,0.0243,0.606,0.2018,0.2946,-0.0928,L2
震荡-2买,MACD底背离 + 多头共振,109,0.0147,0.0243,0.606,0.2018,0.2946,-0.0928,L2
震荡-2买,MACD底背离 + 火箭信号,110,0.024,0.0206,1.165,0.3273,0.2946,0.0327,L2
震荡-2买,MACD底背离 + 极限抄底,112,0.0267,0.0201,1.33,0.3571,0.2946,0.0626,L2
震荡-2买,MACD底背离 + 中枢进机会区,1034,0.1782,0.2138,0.834,0.2582,0.2946,-0.0364,L2
震荡-2买,MACD底背离 + 中枢极限底,1277,0.225,0.2621,0.858,0.2639,0.2946,-0.0307,L2
震荡-2买,MACD底背离 + 中枢上穿中轴,312,0.0634,0.0605,1.048,0.3045,0.2946,0.0099,L2
震荡-2买,MACD底背离 + 中枢底部蓄力,1926,0.3178,0.4042,0.786,0.2471,0.2946,-0.0474,L2
震荡-2买,MACD底背离 + 中枢底部回升,2113,0.3598,0.4388,0.82,0.2551,0.2946,-0.0395,L2
震荡-2买,MACD底背离 + 大盘多头,979,0.1622,0.2052,0.791,0.2482,0.2946,-0.0464,L2
震荡-2买,MACD底背离 + 大盘空头,570,0.0781,0.1263,0.618,0.2053,0.2946,-0.0893,L2
震荡-2买,MACD底背离 + 大盘安全,1499,0.229,0.3223,0.71,0.2288,0.2946,-0.0658,L2
震荡-2买,MACD底背离 + SID等于1,979,0.1622,0.2052,0.791,0.2482,0.2946,-0.0464,L2
震荡-2买,MACD底背离 + SID等于2,2352,0.3972,0.4898,0.811,0.253,0.2946,-0.0416,L2
震荡-2买,MACD底背离 + SID小于等于2,2352,0.3972,0.4898,0.811,0.253,0.2946,-0.0416,L2
震荡-2买,MACD底背离 + 大盘5日上涨,1633,0.255,0.3488,0.731,0.2339,0.2946,-0.0607,L2
震荡-2买,MACD底背离 + 相对强弱大于0,856,0.1615,0.1712,0.944,0.2827,0.2946,-0.0119,L2
震荡-2买,MACD底背离 + 相对强弱大于5,194,0.0394,0.0376,1.046,0.3041,0.2946,0.0095,L2
震荡-2买,MACD底背离 + 量比>=1.3,370,0.0794,0.07,1.135,0.3216,0.2946,0.027,L2
震荡-2买,MACD底背离 + 量比>=2,71,0.0127,0.0145,0.875,0.2676,0.2946,-0.027,L2
震荡-2买,MACD底背离 + 距前高<=10%,164,0.0307,0.0329,0.933,0.2805,0.2946,-0.0141,L2
震荡-2买,MACD底背离 + 深跌(距前高>40%),125,0.024,0.0248,0.969,0.288,0.2946,-0.0066,L2
震荡-2买,MACD底背离 + 距前低<=10%,1473,0.235,0.3125,0.752,0.239,0.2946,-0.0556,L2
震荡-2买,MACD底背离 + 相对强弱>=0,138,0.0207,0.0298,0.694,0.2246,0.2946,-0.07,L2
震荡-2买,BOLL收上中轨 + BOLL突破上轨,237,0.0561,0.0427,1.315,0.3544,0.2946,0.0598,L2
震荡-2买,BOLL收上中轨 + BOLL触下轨反弹,1115,0.2323,0.2138,1.086,0.3121,0.2946,0.0175,L2
震荡-2买,BOLL收上中轨 + BOLL开口扩张,1538,0.3171,0.2963,1.07,0.3088,0.2946,0.0143,L2
震荡-2买,BOLL收上中轨 + KDJ金叉态,1648,0.3364,0.3189,1.055,0.3058,0.2946,0.0112,L2
震荡-2买,BOLL收上中轨 + KDJ_J超卖,1502,0.3198,0.2852,1.121,0.3189,0.2946,0.0243,L2
震荡-2买,BOLL收上中轨 + KDJ低位金叉,284,0.0601,0.0541,1.111,0.3169,0.2946,0.0223,L2
震荡-2买,BOLL收上中轨 + KDJ_D小于30,830,0.1802,0.1561,1.155,0.3253,0.2946,0.0307,L2
震荡-2买,BOLL收上中轨 + RSI6大于50,1723,0.3538,0.3326,1.064,0.3076,0.2946,0.013,L2
震荡-2买,BOLL收上中轨 + RSI金叉,1655,0.3418,0.3187,1.073,0.3094,0.2946,0.0148,L2
震荡-2买,BOLL收上中轨 + RSI6超卖,1058,0.2316,0.1982,1.169,0.328,0.2946,0.0334,L2
震荡-2买,BOLL收上中轨 + RSI底背离,532,0.0988,0.1071,0.923,0.2782,0.2946,-0.0164,L2
震荡-2买,BOLL收上中轨 + 威科夫得分大于4,752,0.1656,0.1405,1.178,0.3298,0.2946,0.0352,L2
震荡-2买,BOLL收上中轨 + 威科夫得分大于7,320,0.0668,0.0613,1.088,0.3125,0.2946,0.0179,L2
震荡-2买,BOLL收上中轨 + 积累阶段,827,0.1769,0.1567,1.129,0.3204,0.2946,0.0258,L2
震荡-2买,BOLL收上中轨 + 黄金柱,236,0.0494,0.0452,1.094,0.3136,0.2946,0.019,L2
震荡-2买,BOLL收上中轨 + 量能金叉,485,0.1048,0.0914,1.146,0.3237,0.2946,0.0291,L2
震荡-2买,BOLL收上中轨 + 六脉红灯大于5,1574,0.3258,0.3028,1.076,0.31,0.2946,0.0154,L2
震荡-2买,BOLL收上中轨 + 六脉红灯大于6,1445,0.2944,0.2799,1.052,0.3052,0.2946,0.0106,L2
震荡-2买,BOLL收上中轨 + 六脉6红首发,1445,0.2944,0.2799,1.052,0.3052,0.2946,0.0106,L2
震荡-2买,BOLL收上中轨 + 六脉5红首发,1574,0.3258,0.3028,1.076,0.31,0.2946,0.0154,L2
震荡-2买,BOLL收上中轨 + 偏多共振,380,0.0674,0.0778,0.867,0.2658,0.2946,-0.0288,L2
震荡-2买,BOLL收上中轨 + 多头共振,380,0.0674,0.0778,0.867,0.2658,0.2946,-0.0288,L2
震荡-2买,BOLL收上中轨 + 火箭信号,218,0.0527,0.0388,1.361,0.3624,0.2946,0.0678,L2
震荡-2买,BOLL收上中轨 + 中枢进机会区,587,0.1175,0.1146,1.025,0.2998,0.2946,0.0052,L2
震荡-2买,BOLL收上中轨 + 中枢极限底,479,0.0874,0.097,0.901,0.2735,0.2946,-0.0211,L2
震荡-2买,BOLL收上中轨 + 中枢上穿中轴,928,0.2056,0.1728,1.19,0.3319,0.2946,0.0373,L2
震荡-2买,BOLL收上中轨 + 中枢底部蓄力,680,0.1268,0.1366,0.928,0.2794,0.2946,-0.0152,L2
震荡-2买,BOLL收上中轨 + 中枢底部回升,963,0.1883,0.1899,0.992,0.2928,0.2946,-0.0018,L2
震荡-2买,BOLL收上中轨 + 大盘多头,1072,0.2283,0.2035,1.122,0.319,0.2946,0.0244,L2
震荡-2买,BOLL收上中轨 + 大盘空头,338,0.0554,0.0711,0.779,0.2456,0.2946,-0.049,L2
震荡-2买,BOLL收上中轨 + 大盘安全,1429,0.2864,0.2788,1.027,0.3002,0.2946,0.0056,L2
震荡-2买,BOLL收上中轨 + SID等于1,1072,0.2283,0.2035,1.122,0.319,0.2946,0.0244,L2
震荡-2买,BOLL收上中轨 + SID等于2,1763,0.3585,0.3418,1.049,0.3046,0.2946,0.01,L2
震荡-2买,BOLL收上中轨 + SID小于等于2,1763,0.3585,0.3418,1.049,0.3046,0.2946,0.01,L2
震荡-2买,BOLL收上中轨 + 大盘5日上涨,1412,0.2844,0.2749,1.035,0.3017,0.2946,0.0071,L2
震荡-2买,BOLL收上中轨 + 相对强弱大于0,1269,0.2483,0.2501,0.993,0.2931,0.2946,-0.0014,L2
震荡-2买,BOLL收上中轨 + 相对强弱大于5,388,0.0841,0.073,1.152,0.3247,0.2946,0.0302,L2
震荡-2买,BOLL收上中轨 + 量比>=1.3,273,0.0567,0.0524,1.083,0.3114,0.2946,0.0168,L2
震荡-2买,BOLL收上中轨 + 量比>=2,79,0.0154,0.0156,0.983,0.2911,0.2946,-0.0035,L2
震荡-2买,BOLL收上中轨 + 距前高<=10%,435,0.1041,0.0778,1.339,0.3586,0.2946,0.064,L2
震荡-2买,BOLL收上中轨 + 距前低<=10%,688,0.1228,0.1405,0.874,0.2674,0.2946,-0.0272,L2
震荡-2买,BOLL收上中轨 + 相对强弱>=0,256,0.0467,0.0519,0.901,0.2734,0.2946,-0.0212,L2
震荡-2买,BOLL突破上轨 + BOLL触下轨反弹,165,0.0407,0.029,1.404,0.3697,0.2946,0.0751,L2
震荡-2买,BOLL突破上轨 + BOLL开口扩张,234,0.0561,0.0418,1.341,0.359,0.2946,0.0644,L2
震荡-2买,BOLL突破上轨 + KDJ金叉态,235,0.0561,0.0421,1.332,0.3574,0.2946,0.0629,L2
震荡-2买,BOLL突破上轨 + KDJ_J超卖,178,0.0441,0.0312,1.411,0.3708,0.2946,0.0762,L2
震荡-2买,BOLL突破上轨 + KDJ_D小于30,71,0.018,0.0123,1.469,0.3803,0.2946,0.0857,L2
震荡-2买,BOLL突破上轨 + RSI6大于50,237,0.0561,0.0427,1.315,0.3544,0.2946,0.0598,L2
震荡-2买,BOLL突破上轨 + RSI金叉,236,0.0561,0.0424,1.323,0.3559,0.2946,0.0613,L2
震荡-2买,BOLL突破上轨 + RSI6超卖,109,0.0274,0.019,1.444,0.3761,0.2946,0.0816,L2
震荡-2买,BOLL突破上轨 + RSI底背离,72,0.0154,0.0137,1.124,0.3194,0.2946,0.0249,L2
震荡-2买,BOLL突破上轨 + 威科夫得分大于4,188,0.0474,0.0326,1.453,0.3777,0.2946,0.0831,L2
震荡-2买,BOLL突破上轨 + 威科夫得分大于7,125,0.0267,0.0237,1.127,0.32,0.2946,0.0254,L2
震荡-2买,BOLL突破上轨 + 积累阶段,92,0.024,0.0156,1.539,0.3913,0.2946,0.0967,L2
震荡-2买,BOLL突破上轨 + 黄金柱,72,0.0147,0.0139,1.054,0.3056,0.2946,0.011,L2
震荡-2买,BOLL突破上轨 + 量能金叉,144,0.0381,0.0243,1.569,0.3958,0.2946,0.1012,L2
震荡-2买,BOLL突破上轨 + 六脉红灯大于5,236,0.0561,0.0424,1.323,0.3559,0.2946,0.0613,L2
震荡-2买,BOLL突破上轨 + 六脉红灯大于6,234,0.0554,0.0421,1.316,0.3547,0.2946,0.0601,L2
震荡-2买,BOLL突破上轨 + 六脉6红首发,234,0.0554,0.0421,1.316,0.3547,0.2946,0.0601,L2
震荡-2买,BOLL突破上轨 + 六脉5红首发,236,0.0561,0.0424,1.323,0.3559,0.2946,0.0613,L2
震荡-2买,BOLL突破上轨 + 偏多共振,59,0.01,0.0123,0.816,0.2542,0.2946,-0.0404,L2
震荡-2买,BOLL突破上轨 + 多头共振,59,0.01,0.0123,0.816,0.2542,0.2946,-0.0404,L2
震荡-2买,BOLL突破上轨 + 火箭信号,89,0.02,0.0164,1.218,0.3371,0.2946,0.0425,L2
震荡-2买,BOLL突破上轨 + 中枢进机会区,76,0.016,0.0145,1.105,0.3158,0.2946,0.0212,L2
震荡-2买,BOLL突破上轨 + 中枢上穿中轴,180,0.0454,0.0312,1.454,0.3778,0.2946,0.0832,L2
震荡-2买,BOLL突破上轨 + 中枢底部蓄力,65,0.0147,0.012,1.225,0.3385,0.2946,0.0439,L2
震荡-2买,BOLL突破上轨 + 中枢底部回升,107,0.0247,0.0195,1.266,0.3458,0.2946,0.0512,L2
震荡-2买,BOLL突破上轨 + 大盘多头,140,0.0354,0.0243,1.459,0.3786,0.2946,0.084,L2
震荡-2买,BOLL突破上轨 + 大盘安全,193,0.0454,0.0348,1.303,0.3523,0.2946,0.0577,L2
震荡-2买,BOLL突破上轨 + SID等于1,140,0.0354,0.0243,1.459,0.3786,0.2946,0.084,L2
震荡-2买,BOLL突破上轨 + SID等于2,237,0.0561,0.0427,1.315,0.3544,0.2946,0.0598,L2
震荡-2买,BOLL突破上轨 + SID小于等于2,237,0.0561,0.0427,1.315,0.3544,0.2946,0.0598,L2
震荡-2买,BOLL突破上轨 + 大盘5日上涨,178,0.0427,0.0318,1.344,0.3596,0.2946,0.065,L2
震荡-2买,BOLL突破上轨 + 相对强弱大于0,234,0.0554,0.0421,1.316,0.3547,0.2946,0.0601,L2
震荡-2买,BOLL突破上轨 + 相对强弱大于5,147,0.0347,0.0265,1.311,0.3537,0.2946,0.0591,L2
震荡-2买,BOLL突破上轨 + 量比>=1.3,59,0.0127,0.0112,1.137,0.322,0.2946,0.0274,L2
震荡-2买,BOLL突破上轨 + 距前高<=10%,80,0.0207,0.0137,1.515,0.3875,0.2946,0.0929,L2
震荡-2买,BOLL突破上轨 + 距前低<=10%,81,0.02,0.0142,1.409,0.3704,0.2946,0.0758,L2
震荡-2买,BOLL突破上轨 + 相对强弱>=0,55,0.0093,0.0114,0.818,0.2545,0.2946,-0.04,L2
震荡-2买,BOLL触下轨反弹 + BOLL开口扩张,3121,0.6562,0.596,1.101,0.315,0.2946,0.0204,L2
震荡-2买,BOLL触下轨反弹 + KDJ金叉态,2729,0.5768,0.5199,1.109,0.3166,0.2946,0.022,L2
震荡-2买,BOLL触下轨反弹 + KDJ_J超卖,3033,0.6368,0.5796,1.099,0.3145,0.2946,0.0199,L2
震荡-2买,BOLL触下轨反弹 + KDJ低位金叉,1372,0.2984,0.2579,1.157,0.3258,0.2946,0.0312,L2
震荡-2买,BOLL触下轨反弹 + KDJ_D小于30,2285,0.4773,0.4377,1.091,0.3129,0.2946,0.0183,L2
震荡-2买,BOLL触下轨反弹 + RSI6大于50,1687,0.3525,0.3231,1.091,0.313,0.2946,0.0184,L2
震荡-2买,BOLL触下轨反弹 + RSI金叉,2314,0.496,0.438,1.132,0.3211,0.2946,0.0265,L2
震荡-2买,BOLL触下轨反弹 + RSI6超卖,2710,0.5868,0.5105,1.15,0.3244,0.2946,0.0298,L2
震荡-2买,BOLL触下轨反弹 + RSI底背离,1182,0.2023,0.2451,0.825,0.2563,0.2946,-0.0382,L2
震荡-2买,BOLL触下轨反弹 + 威科夫得分大于4,731,0.1629,0.1358,1.2,0.3338,0.2946,0.0392,L2
震荡-2买,BOLL触下轨反弹 + 威科夫得分大于7,251,0.0554,0.0468,1.183,0.3307,0.2946,0.0361,L2
震荡-2买,BOLL触下轨反弹 + 积累阶段,1704,0.3284,0.3379,0.972,0.2887,0.2946,-0.0059,L2
震荡-2买,BOLL触下轨反弹 + 黄金柱,167,0.0307,0.0337,0.91,0.2754,0.2946,-0.0191,L2
震荡-2买,BOLL触下轨反弹 + 量能金叉,525,0.1335,0.0906,1.474,0.381,0.2946,0.0864,L2
震荡-2买,BOLL触下轨反弹 + 六脉红灯大于5,1995,0.4266,0.378,1.128,0.3203,0.2946,0.0257,L2
震荡-2买,BOLL触下轨反弹 + 六脉红灯大于6,1423,0.2931,0.2743,1.068,0.3085,0.2946,0.0139,L2
震荡-2买,BOLL触下轨反弹 + 六脉6红首发,1423,0.2931,0.2743,1.068,0.3085,0.2946,0.0139,L2
震荡-2买,BOLL触下轨反弹 + 六脉5红首发,1995,0.4266,0.378,1.128,0.3203,0.2946,0.0257,L2
震荡-2买,BOLL触下轨反弹 + 偏多共振,431,0.0794,0.087,0.913,0.2761,0.2946,-0.0185,L2
震荡-2买,BOLL触下轨反弹 + 多头共振,428,0.0794,0.0861,0.922,0.278,0.2946,-0.0166,L2
震荡-2买,BOLL触下轨反弹 + 火箭信号,172,0.0487,0.0276,1.766,0.4244,0.2946,0.1298,L2
震荡-2买,BOLL触下轨反弹 + 极限抄底,156,0.0434,0.0254,1.71,0.4167,0.2946,0.1221,L2
震荡-2买,BOLL触下轨反弹 + 中枢进机会区,1400,0.285,0.2713,1.051,0.305,0.2946,0.0104,L2
震荡-2买,BOLL触下轨反弹 + 中枢极限底,1288,0.2797,0.2423,1.155,0.3253,0.2946,0.0307,L2
震荡-2买,BOLL触下轨反弹 + 中枢上穿中轴,786,0.1816,0.1433,1.267,0.3461,0.2946,0.0515,L2
震荡-2买,BOLL触下轨反弹 + 中枢底部蓄力,1907,0.3678,0.378,0.973,0.2889,0.2946,-0.0057,L2
震荡-2买,BOLL触下轨反弹 + 中枢底部回升,2416,0.4973,0.4658,1.068,0.3084,0.2946,0.0138,L2
震荡-2买,BOLL触下轨反弹 + 大盘多头,1614,0.3331,0.3108,1.072,0.3092,0.2946,0.0146,L2
震荡-2买,BOLL触下轨反弹 + 大盘空头,612,0.0955,0.1307,0.73,0.2337,0.2946,-0.0609,L2
震荡-2买,BOLL触下轨反弹 + 大盘安全,2124,0.4126,0.4198,0.983,0.291,0.2946,-0.0036,L2
震荡-2买,BOLL触下轨反弹 + SID等于1,1614,0.3331,0.3108,1.072,0.3092,0.2946,0.0146,L2
震荡-2买,BOLL触下轨反弹 + SID等于2,3263,0.6776,0.6267,1.081,0.3111,0.2946,0.0165,L2
震荡-2买,BOLL触下轨反弹 + SID小于等于2,3263,0.6776,0.6267,1.081,0.3111,0.2946,0.0165,L2
震荡-2买,BOLL触下轨反弹 + 大盘5日上涨,2263,0.4372,0.4483,0.975,0.2894,0.2946,-0.0052,L2
震荡-2买,BOLL触下轨反弹 + 相对强弱大于0,1190,0.241,0.2311,1.043,0.3034,0.2946,0.0088,L2
震荡-2买,BOLL触下轨反弹 + 相对强弱大于5,256,0.0581,0.0471,1.233,0.3398,0.2946,0.0453,L2
震荡-2买,BOLL触下轨反弹 + 量比>=1.3,598,0.1656,0.0976,1.697,0.4147,0.2946,0.1201,L2
震荡-2买,BOLL触下轨反弹 + 量比>=2,115,0.0274,0.0206,1.327,0.3565,0.2946,0.0619,L2
震荡-2买,BOLL触下轨反弹 + 距前高<=10%,516,0.1162,0.0953,1.218,0.3372,0.2946,0.0426,L2
震荡-2买,BOLL触下轨反弹 + 深跌(距前高>40%),108,0.0267,0.019,1.409,0.3704,0.2946,0.0758,L2
震荡-2买,BOLL触下轨反弹 + 距前低<=10%,1606,0.287,0.3279,0.876,0.2677,0.2946,-0.0268,L2
震荡-2买,BOLL触下轨反弹 + 相对强弱>=0,214,0.0387,0.0435,0.89,0.271,0.2946,-0.0236,L2
震荡-2买,BOLL开口扩张 + KDJ金叉态,3876,0.8011,0.746,1.074,0.3096,0.2946,0.015,L2
震荡-2买,BOLL开口扩张 + KDJ_J超卖,4320,0.8818,0.8361,1.055,0.3058,0.2946,0.0112,L2
震荡-2买,BOLL开口扩张 + KDJ低位金叉,2095,0.4419,0.3995,1.106,0.316,0.2946,0.0214,L2
震荡-2买,BOLL开口扩张 + KDJ_D小于30,3354,0.6796,0.6512,1.044,0.3035,0.2946,0.0089,L2
震荡-2买,BOLL开口扩张 + RSI6大于50,2388,0.494,0.4594,1.075,0.3099,0.2946,0.0153,L2
震荡-2买,BOLL开口扩张 + RSI金叉,3249,0.6809,0.6214,1.096,0.3139,0.2946,0.0194,L2
震荡-2买,BOLL开口扩张 + RSI6超卖,3678,0.7797,0.6997,1.114,0.3176,0.2946,0.023,L2
震荡-2买,BOLL开口扩张 + RSI底背离,1645,0.287,0.3387,0.847,0.2614,0.2946,-0.0332,L2
震荡-2买,BOLL开口扩张 + 威科夫得分大于4,966,0.2023,0.1848,1.094,0.3137,0.2946,0.0191,L2
震荡-2买,BOLL开口扩张 + 威科夫得分大于7,344,0.0701,0.0666,1.052,0.3052,0.2946,0.0106,L2
震荡-2买,BOLL开口扩张 + 积累阶段,2182,0.4286,0.4293,0.998,0.2942,0.2946,-0.0004,L2
震荡-2买,BOLL开口扩张 + 黄金柱,246,0.0501,0.0477,1.05,0.3049,0.2946,0.0103,L2
震荡-2买,BOLL开口扩张 + 量能金叉,722,0.1802,0.126,1.43,0.374,0.2946,0.0794,L2
震荡-2买,BOLL开口扩张 + 六脉红灯大于5,2841,0.5868,0.547,1.073,0.3094,0.2946,0.0148,L2
震荡-2买,BOLL开口扩张 + 六脉红灯大于6,1929,0.4012,0.3702,1.084,0.3116,0.2946,0.017,L2
震荡-2买,BOLL开口扩张 + 六脉6红首发,1929,0.4012,0.3702,1.084,0.3116,0.2946,0.017,L2
震荡-2买,BOLL开口扩张 + 六脉5红首发,2841,0.5868,0.547,1.073,0.3094,0.2946,0.0148,L2
震荡-2买,BOLL开口扩张 + 偏多共振,690,0.1202,0.1422,0.845,0.2609,0.2946,-0.0337,L2
震荡-2买,BOLL开口扩张 + 多头共振,687,0.1202,0.1413,0.85,0.262,0.2946,-0.0326,L2
震荡-2买,BOLL开口扩张 + 火箭信号,265,0.0701,0.0446,1.571,0.3962,0.2946,0.1016,L2
震荡-2买,BOLL开口扩张 + 极限抄底,207,0.0574,0.0337,1.702,0.4155,0.2946,0.1209,L2
震荡-2买,BOLL开口扩张 + 中枢进机会区,1887,0.3919,0.3624,1.081,0.3111,0.2946,0.0165,L2
震荡-2买,BOLL开口扩张 + 中枢极限底,1855,0.3972,0.3513,1.131,0.3208,0.2946,0.0262,L2
震荡-2买,BOLL开口扩张 + 中枢上穿中轴,1047,0.2377,0.1926,1.234,0.34,0.2946,0.0454,L2
震荡-2买,BOLL开口扩张 + 中枢底部蓄力,2701,0.514,0.5383,0.955,0.2851,0.2946,-0.0095,L2
震荡-2买,BOLL开口扩张 + 中枢底部回升,3322,0.6729,0.6451,1.043,0.3034,0.2946,0.0088,L2
震荡-2买,BOLL开口扩张 + 大盘多头,2261,0.4553,0.4402,1.034,0.3016,0.2946,0.007,L2
震荡-2买,BOLL开口扩张 + 大盘空头,854,0.1322,0.1829,0.723,0.2319,0.2946,-0.0627,L2
震荡-2买,BOLL开口扩张 + 大盘安全,2998,0.5668,0.5991,0.946,0.2832,0.2946,-0.0114,L2
震荡-2买,BOLL开口扩张 + SID等于1,2261,0.4553,0.4402,1.034,0.3016,0.2946,0.007,L2
震荡-2买,BOLL开口扩张 + SID等于2,4633,0.9346,0.9013,1.037,0.3022,0.2946,0.0076,L2
震荡-2买,BOLL开口扩张 + SID小于等于2,4633,0.9346,0.9013,1.037,0.3022,0.2946,0.0076,L2
震荡-2买,BOLL开口扩张 + 大盘5日上涨,3224,0.6115,0.6434,0.95,0.2841,0.2946,-0.0105,L2
震荡-2买,BOLL开口扩张 + 相对强弱大于0,1689,0.3398,0.329,1.033,0.3014,0.2946,0.0068,L2
震荡-2买,BOLL开口扩张 + 相对强弱大于5,398,0.0861,0.075,1.148,0.3241,0.2946,0.0295,L2
震荡-2买,BOLL开口扩张 + 量比>=1.3,708,0.1929,0.1168,1.652,0.4082,0.2946,0.1136,L2
震荡-2买,BOLL开口扩张 + 量比>=2,132,0.0307,0.024,1.281,0.3485,0.2946,0.0539,L2
震荡-2买,BOLL开口扩张 + 距前高<=10%,649,0.1502,0.1182,1.271,0.3467,0.2946,0.0521,L2
震荡-2买,BOLL开口扩张 + 深跌(距前高>40%),168,0.0367,0.0315,1.165,0.3274,0.2946,0.0328,L2
震荡-2买,BOLL开口扩张 + 距前低<=10%,2158,0.3879,0.4396,0.882,0.2692,0.2946,-0.0254,L2
震荡-2买,BOLL开口扩张 + 相对强弱>=0,300,0.0581,0.0594,0.978,0.29,0.2946,-0.0046,L2
震荡-2买,KDJ金叉态 + KDJ_J超卖,3855,0.7924,0.7438,1.065,0.3079,0.2946,0.0133,L2
震荡-2买,KDJ金叉态 + KDJ低位金叉,2189,0.4553,0.4201,1.084,0.3116,0.2946,0.017,L2
震荡-2买,KDJ金叉态 + KDJ_D小于30,3097,0.6342,0.5986,1.06,0.3067,0.2946,0.0122,L2
震荡-2买,KDJ金叉态 + RSI6大于50,2575,0.5214,0.5001,1.042,0.3033,0.2946,0.0087,L2
震荡-2买,KDJ金叉态 + RSI金叉,3386,0.6969,0.6529,1.067,0.3083,0.2946,0.0137,L2
震荡-2买,KDJ金叉态 + RSI6超卖,3255,0.6963,0.6167,1.129,0.3204,0.2946,0.0258,L2
震荡-2买,KDJ金叉态 + RSI底背离,1562,0.2704,0.3226,0.838,0.2593,0.2946,-0.0353,L2
震荡-2买,KDJ金叉态 + 威科夫得分大于4,836,0.1883,0.1544,1.219,0.3373,0.2946,0.0427,L2
震荡-2买,KDJ金叉态 + 威科夫得分大于7,293,0.0634,0.0552,1.149,0.3242,0.2946,0.0296,L2
震荡-2买,KDJ金叉态 + 积累阶段,2028,0.3952,0.4003,0.987,0.2919,0.2946,-0.0027,L2
震荡-2买,KDJ金叉态 + 黄金柱,269,0.0547,0.0521,1.05,0.3048,0.2946,0.0102,L2
震荡-2买,KDJ金叉态 + 量能金叉,698,0.1736,0.1221,1.421,0.3725,0.2946,0.0779,L2
震荡-2买,KDJ金叉态 + 六脉红灯大于5,3144,0.6315,0.6128,1.031,0.3009,0.2946,0.0063,L2
震荡-2买,KDJ金叉态 + 六脉红灯大于6,2130,0.4332,0.4129,1.049,0.3047,0.2946,0.0101,L2
震荡-2买,KDJ金叉态 + 六脉6红首发,2130,0.4332,0.4129,1.049,0.3047,0.2946,0.0101,L2
震荡-2买,KDJ金叉态 + 六脉5红首发,3144,0.6315,0.6128,1.031,0.3009,0.2946,0.0063,L2
震荡-2买,KDJ金叉态 + 偏多共振,564,0.0988,0.116,0.852,0.2624,0.2946,-0.0322,L2
震荡-2买,KDJ金叉态 + 多头共振,561,0.0988,0.1151,0.858,0.2638,0.2946,-0.0308,L2
震荡-2买,KDJ金叉态 + 火箭信号,266,0.0681,0.0457,1.489,0.3835,0.2946,0.0889,L2
震荡-2买,KDJ金叉态 + 极限抄底,199,0.0534,0.0332,1.61,0.402,0.2946,0.1074,L2
震荡-2买,KDJ金叉态 + 中枢进机会区,1574,0.3231,0.3039,1.063,0.3075,0.2946,0.0129,L2
震荡-2买,KDJ金叉态 + 中枢极限底,1675,0.3498,0.3209,1.09,0.3128,0.2946,0.0182,L2
震荡-2买,KDJ金叉态 + 中枢上穿中轴,1051,0.2417,0.1921,1.258,0.3444,0.2946,0.0498,L2
震荡-2买,KDJ金叉态 + 中枢底部蓄力,2558,0.4893,0.5088,0.962,0.2866,0.2946,-0.008,L2
震荡-2买,KDJ金叉态 + 中枢底部回升,3072,0.6155,0.5994,1.027,0.3001,0.2946,0.0055,L2
震荡-2买,KDJ金叉态 + 大盘多头,2041,0.4079,0.3987,1.023,0.2994,0.2946,0.0048,L2
震荡-2买,KDJ金叉态 + 大盘空头,817,0.1275,0.1745,0.731,0.2338,0.2946,-0.0608,L2
震荡-2买,KDJ金叉态 + 大盘安全,2785,0.5227,0.5581,0.937,0.2811,0.2946,-0.0134,L2
震荡-2买,KDJ金叉态 + SID等于1,2041,0.4079,0.3987,1.023,0.2994,0.2946,0.0048,L2
震荡-2买,KDJ金叉态 + SID等于2,4250,0.8565,0.8272,1.035,0.3019,0.2946,0.0073,L2
震荡-2买,KDJ金叉态 + SID小于等于2,4250,0.8565,0.8272,1.035,0.3019,0.2946,0.0073,L2
震荡-2买,KDJ金叉态 + 大盘5日上涨,3033,0.5688,0.608,0.935,0.2809,0.2946,-0.0137,L2
震荡-2买,KDJ金叉态 + 相对强弱大于0,1670,0.3358,0.3253,1.032,0.3012,0.2946,0.0066,L2
震荡-2买,KDJ金叉态 + 相对强弱大于5,409,0.0868,0.0778,1.116,0.3178,0.2946,0.0233,L2
震荡-2买,KDJ金叉态 + 量比>=1.3,722,0.1949,0.1199,1.626,0.4044,0.2946,0.1098,L2
震荡-2买,KDJ金叉态 + 量比>=2,138,0.03,0.0259,1.159,0.3261,0.2946,0.0315,L2
震荡-2买,KDJ金叉态 + 距前高<=10%,588,0.1362,0.1071,1.272,0.3469,0.2946,0.0523,L2
震荡-2买,KDJ金叉态 + 深跌(距前高>40%),169,0.036,0.0321,1.124,0.3195,0.2946,0.0249,L2
震荡-2买,KDJ金叉态 + 距前低<=10%,2001,0.3558,0.4093,0.869,0.2664,0.2946,-0.0282,L2
震荡-2买,KDJ金叉态 + 相对强弱>=0,321,0.0601,0.0644,0.933,0.2804,0.2946,-0.0142,L2
震荡-2买,KDJ_J超卖 + KDJ低位金叉,2156,0.4473,0.4143,1.08,0.3108,0.2946,0.0162,L2
震荡-2买,KDJ_J超卖 + KDJ_D小于30,3470,0.6909,0.6788,1.018,0.2983,0.2946,0.0037,L2
震荡-2买,KDJ_J超卖 + RSI6大于50,2353,0.492,0.4505,1.092,0.3132,0.2946,0.0186,L2
震荡-2买,KDJ_J超卖 + RSI金叉,3234,0.6729,0.6206,1.084,0.3117,0.2946,0.0171,L2
震荡-2买,KDJ_J超卖 + RSI6超卖,3805,0.787,0.7321,1.075,0.3099,0.2946,0.0153,L2
震荡-2买,KDJ_J超卖 + RSI底背离,1702,0.2924,0.3524,0.83,0.2573,0.2946,-0.0372,L2
震荡-2买,KDJ_J超卖 + 威科夫得分大于4,929,0.2049,0.1734,1.182,0.3305,0.2946,0.0359,L2
震荡-2买,KDJ_J超卖 + 威科夫得分大于7,309,0.0701,0.0569,1.232,0.3398,0.2946,0.0452,L2
震荡-2买,KDJ_J超卖 + 积累阶段,2221,0.4279,0.4405,0.971,0.2886,0.2946,-0.006,L2
震荡-2买,KDJ_J超卖 + 黄金柱,226,0.0461,0.0438,1.052,0.3053,0.2946,0.0107,L2
震荡-2买,KDJ_J超卖 + 量能金叉,658,0.1662,0.114,1.458,0.3784,0.2946,0.0838,L2
震荡-2买,KDJ_J超卖 + 六脉红灯大于5,2785,0.5728,0.5372,1.066,0.3081,0.2946,0.0135,L2
震荡-2买,KDJ_J超卖 + 六脉红灯大于6,1829,0.3858,0.3488,1.106,0.316,0.2946,0.0214,L2
震荡-2买,KDJ_J超卖 + 六脉6红首发,1829,0.3858,0.3488,1.106,0.316,0.2946,0.0214,L2
震荡-2买,KDJ_J超卖 + 六脉5红首发,2785,0.5728,0.5372,1.066,0.3081,0.2946,0.0135,L2
震荡-2买,KDJ_J超卖 + 偏多共振,718,0.1295,0.1461,0.887,0.2702,0.2946,-0.0244,L2
震荡-2买,KDJ_J超卖 + 多头共振,717,0.1295,0.1458,0.888,0.2706,0.2946,-0.024,L2
震荡-2买,KDJ_J超卖 + 火箭信号,249,0.0688,0.0407,1.689,0.4137,0.2946,0.1191,L2
震荡-2买,KDJ_J超卖 + 极限抄底,211,0.0581,0.0346,1.68,0.4123,0.2946,0.1177,L2
震荡-2买,KDJ_J超卖 + 中枢进机会区,1829,0.3778,0.3521,1.073,0.3095,0.2946,0.0149,L2
震荡-2买,KDJ_J超卖 + 中枢极限底,1932,0.4005,0.3713,1.079,0.3106,0.2946,0.016,L2
震荡-2买,KDJ_J超卖 + 中枢上穿中轴,1004,0.231,0.1834,1.259,0.3446,0.2946,0.05,L2
震荡-2买,KDJ_J超卖 + 中枢底部蓄力,2771,0.5127,0.5584,0.918,0.2772,0.2946,-0.0174,L2
震荡-2买,KDJ_J超卖 + 中枢底部回升,3342,0.6622,0.6551,1.011,0.2968,0.2946,0.0022,L2
震荡-2买,KDJ_J超卖 + 大盘多头,2337,0.4653,0.4572,1.018,0.2982,0.2946,0.0037,L2
震荡-2买,KDJ_J超卖 + 大盘空头,856,0.1288,0.1848,0.697,0.2255,0.2946,-0.0691,L2
震荡-2买,KDJ_J超卖 + 大盘安全,3091,0.5774,0.6206,0.93,0.2798,0.2946,-0.0147,L2
震荡-2买,KDJ_J超卖 + SID等于1,2337,0.4653,0.4572,1.018,0.2982,0.2946,0.0037,L2
震荡-2买,KDJ_J超卖 + SID等于2,4678,0.9326,0.9147,1.02,0.2986,0.2946,0.004,L2
震荡-2买,KDJ_J超卖 + SID小于等于2,4678,0.9326,0.9147,1.02,0.2986,0.2946,0.004,L2
震荡-2买,KDJ_J超卖 + 大盘5日上涨,3260,0.6101,0.654,0.933,0.2804,0.2946,-0.0142,L2
震荡-2买,KDJ_J超卖 + 相对强弱大于0,1617,0.3318,0.3122,1.063,0.3074,0.2946,0.0128,L2
震荡-2买,KDJ_J超卖 + 相对强弱大于5,336,0.0754,0.0622,1.213,0.3363,0.2946,0.0417,L2
震荡-2买,KDJ_J超卖 + 量比>=1.3,681,0.1923,0.1096,1.755,0.4229,0.2946,0.1283,L2
震荡-2买,KDJ_J超卖 + 量比>=2,124,0.03,0.022,1.364,0.3629,0.2946,0.0683,L2
震荡-2买,KDJ_J超卖 + 距前高<=10%,609,0.1389,0.1118,1.242,0.3415,0.2946,0.047,L2
震荡-2买,KDJ_J超卖 + 深跌(距前高>40%),182,0.0387,0.0346,1.12,0.3187,0.2946,0.0241,L2
震荡-2买,KDJ_J超卖 + 距前低<=10%,2167,0.3745,0.4477,0.836,0.2589,0.2946,-0.0357,L2
震荡-2买,KDJ_J超卖 + 相对强弱>=0,256,0.0507,0.0502,1.011,0.2969,0.2946,0.0023,L2
震荡-2买,KDJ低位金叉 + KDJ_D小于30,2189,0.4553,0.4201,1.084,0.3116,0.2946,0.017,L2
震荡-2买,KDJ低位金叉 + RSI6大于50,808,0.1822,0.1491,1.222,0.3379,0.2946,0.0433,L2
震荡-2买,KDJ低位金叉 + RSI金叉,1512,0.3331,0.2824,1.18,0.33,0.2946,0.0354,L2
震荡-2买,KDJ低位金叉 + RSI6超卖,1976,0.4312,0.3708,1.163,0.3269,0.2946,0.0323,L2
震荡-2买,KDJ低位金叉 + RSI底背离,845,0.1549,0.1709,0.906,0.2746,0.2946,-0.02,L2
震荡-2买,KDJ低位金叉 + 威科夫得分大于4,131,0.026,0.0256,1.015,0.2977,0.2946,0.0031,L2
震荡-2买,KDJ低位金叉 + 积累阶段,1033,0.1996,0.2046,0.975,0.2894,0.2946,-0.0051,L2
震荡-2买,KDJ低位金叉 + 黄金柱,65,0.012,0.0131,0.917,0.2769,0.2946,-0.0177,L2
震荡-2买,KDJ低位金叉 + 量能金叉,218,0.0601,0.0357,1.684,0.4128,0.2946,0.1183,L2
震荡-2买,KDJ低位金叉 + 六脉红灯大于5,1359,0.2897,0.2579,1.123,0.3194,0.2946,0.0248,L2
震荡-2买,KDJ低位金叉 + 六脉红灯大于6,689,0.1595,0.1255,1.272,0.3469,0.2946,0.0523,L2
震荡-2买,KDJ低位金叉 + 六脉6红首发,689,0.1595,0.1255,1.272,0.3469,0.2946,0.0523,L2
震荡-2买,KDJ低位金叉 + 六脉5红首发,1359,0.2897,0.2579,1.123,0.3194,0.2946,0.0248,L2
震荡-2买,KDJ低位金叉 + 偏多共振,165,0.0274,0.0346,0.792,0.2485,0.2946,-0.0461,L2
震荡-2买,KDJ低位金叉 + 多头共振,165,0.0274,0.0346,0.792,0.2485,0.2946,-0.0461,L2
震荡-2买,KDJ低位金叉 + 火箭信号,90,0.0254,0.0145,1.75,0.4222,0.2946,0.1276,L2
震荡-2买,KDJ低位金叉 + 极限抄底,188,0.0501,0.0315,1.589,0.3989,0.2946,0.1043,L2
震荡-2买,KDJ低位金叉 + 中枢进机会区,764,0.1689,0.1425,1.186,0.3312,0.2946,0.0366,L2
震荡-2买,KDJ低位金叉 + 中枢极限底,1067,0.2377,0.1982,1.199,0.3336,0.2946,0.0391,L2
震荡-2买,KDJ低位金叉 + 中枢上穿中轴,198,0.0454,0.0362,1.253,0.3434,0.2946,0.0488,L2
震荡-2买,KDJ低位金叉 + 中枢底部蓄力,1701,0.3545,0.3262,1.087,0.3122,0.2946,0.0176,L2
震荡-2买,KDJ低位金叉 + 中枢底部回升,1858,0.3939,0.3535,1.114,0.3175,0.2946,0.023,L2
震荡-2买,KDJ低位金叉 + 大盘多头,827,0.1722,0.1586,1.086,0.312,0.2946,0.0174,L2
震荡-2买,KDJ低位金叉 + 大盘空头,414,0.0607,0.09,0.675,0.2198,0.2946,-0.0748,L2
震荡-2买,KDJ低位金叉 + 大盘安全,1148,0.2196,0.2283,0.962,0.2866,0.2946,-0.008,L2
震荡-2买,KDJ低位金叉 + SID等于1,827,0.1722,0.1586,1.086,0.312,0.2946,0.0174,L2
震荡-2买,KDJ低位金叉 + SID等于2,2189,0.4553,0.4201,1.084,0.3116,0.2946,0.017,L2
震荡-2买,KDJ低位金叉 + SID小于等于2,2189,0.4553,0.4201,1.084,0.3116,0.2946,0.017,L2
震荡-2买,KDJ低位金叉 + 大盘5日上涨,1383,0.2617,0.2763,0.947,0.2834,0.2946,-0.0112,L2
震荡-2买,KDJ低位金叉 + 相对强弱大于0,435,0.0955,0.0814,1.173,0.3287,0.2946,0.0341,L2
震荡-2买,KDJ低位金叉 + 相对强弱大于5,82,0.0187,0.0151,1.242,0.3415,0.2946,0.0469,L2
震荡-2买,KDJ低位金叉 + 量比>=1.3,377,0.1168,0.0563,2.074,0.4642,0.2946,0.1696,L2
震荡-2买,KDJ低位金叉 + 量比>=2,54,0.016,0.0084,1.916,0.4444,0.2946,0.1499,L2
震荡-2买,KDJ低位金叉 + 距前高<=10%,134,0.0254,0.0268,0.948,0.2836,0.2946,-0.011,L2
震荡-2买,KDJ低位金叉 + 深跌(距前高>40%),147,0.0327,0.0273,1.197,0.3333,0.2946,0.0387,L2
震荡-2买,KDJ低位金叉 + 距前低<=10%,1114,0.2089,0.2233,0.936,0.281,0.2946,-0.0136,L2
震荡-2买,KDJ低位金叉 + 相对强弱>=0,65,0.014,0.0123,1.143,0.3231,0.2946,0.0285,L2
震荡-2买,KDJ_D小于30 + RSI6大于50,1601,0.3391,0.3047,1.113,0.3173,0.2946,0.0227,L2
震荡-2买,KDJ_D小于30 + RSI金叉,2444,0.5093,0.4686,1.087,0.3122,0.2946,0.0176,L2
震荡-2买,KDJ_D小于30 + RSI6超卖,3050,0.6368,0.5843,1.09,0.3128,0.2946,0.0182,L2
震荡-2买,KDJ_D小于30 + RSI底背离,1409,0.2417,0.2919,0.828,0.2569,0.2946,-0.0377,L2
震荡-2买,KDJ_D小于30 + 威科夫得分大于4,425,0.0908,0.0806,1.127,0.32,0.2946,0.0254,L2
震荡-2买,KDJ_D小于30 + 威科夫得分大于7,85,0.022,0.0145,1.52,0.3882,0.2946,0.0936,L2
震荡-2买,KDJ_D小于30 + 积累阶段,1727,0.3331,0.3423,0.973,0.2889,0.2946,-0.0057,L2
震荡-2买,KDJ_D小于30 + 黄金柱,163,0.0307,0.0326,0.941,0.2822,0.2946,-0.0124,L2
震荡-2买,KDJ_D小于30 + 量能金叉,424,0.1095,0.0725,1.51,0.3868,0.2946,0.0922,L2
震荡-2买,KDJ_D小于30 + 六脉红灯大于5,2176,0.4466,0.4201,1.063,0.3074,0.2946,0.0129,L2
震荡-2买,KDJ_D小于30 + 六脉红灯大于6,1360,0.2931,0.2568,1.141,0.3228,0.2946,0.0282,L2
震荡-2买,KDJ_D小于30 + 六脉6红首发,1360,0.2931,0.2568,1.141,0.3228,0.2946,0.0282,L2
震荡-2买,KDJ_D小于30 + 六脉5红首发,2176,0.4466,0.4201,1.063,0.3074,0.2946,0.0129,L2
震荡-2买,KDJ_D小于30 + 偏多共振,425,0.0741,0.0875,0.846,0.2612,0.2946,-0.0334,L2
震荡-2买,KDJ_D小于30 + 多头共振,424,0.0741,0.0873,0.849,0.2618,0.2946,-0.0328,L2
震荡-2买,KDJ_D小于30 + 火箭信号,175,0.0481,0.0287,1.674,0.4114,0.2946,0.1168,L2
震荡-2买,KDJ_D小于30 + 极限抄底,208,0.0567,0.0343,1.655,0.4087,0.2946,0.1141,L2
震荡-2买,KDJ_D小于30 + 中枢进机会区,1388,0.2891,0.2662,1.086,0.312,0.2946,0.0174,L2
震荡-2买,KDJ_D小于30 + 中枢极限底,1670,0.3438,0.322,1.068,0.3084,0.2946,0.0138,L2
震荡-2买,KDJ_D小于30 + 中枢上穿中轴,551,0.1322,0.0984,1.343,0.3593,0.2946,0.0648,L2
震荡-2买,KDJ_D小于30 + 中枢底部蓄力,2505,0.4846,0.496,0.977,0.2898,0.2946,-0.0048,L2
震荡-2买,KDJ_D小于30 + 中枢底部回升,2818,0.5688,0.5481,1.038,0.3023,0.2946,0.0078,L2
震荡-2买,KDJ_D小于30 + 大盘多头,1567,0.3191,0.3036,1.051,0.305,0.2946,0.0104,L2
震荡-2买,KDJ_D小于30 + 大盘空头,727,0.1055,0.1586,0.665,0.2173,0.2946,-0.0773,L2
震荡-2买,KDJ_D小于30 + 大盘安全,2175,0.4032,0.438,0.921,0.2777,0.2946,-0.0169,L2
震荡-2买,KDJ_D小于30 + SID等于1,1567,0.3191,0.3036,1.051,0.305,0.2946,0.0104,L2
震荡-2买,KDJ_D小于30 + SID等于2,3576,0.7116,0.6997,1.017,0.2981,0.2946,0.0035,L2
震荡-2买,KDJ_D小于30 + SID小于等于2,3576,0.7116,0.6997,1.017,0.2981,0.2946,0.0035,L2
震荡-2买,KDJ_D小于30 + 大盘5日上涨,2435,0.4533,0.4895,0.926,0.2789,0.2946,-0.0157,L2
震荡-2买,KDJ_D小于30 + 相对强弱大于0,950,0.1909,0.1851,1.031,0.3011,0.2946,0.0065,L2
震荡-2买,KDJ_D小于30 + 相对强弱大于5,189,0.0441,0.0343,1.285,0.3492,0.2946,0.0546,L2
震荡-2买,KDJ_D小于30 + 量比>=1.3,538,0.1569,0.0845,1.857,0.4368,0.2946,0.1422,L2
震荡-2买,KDJ_D小于30 + 量比>=2,89,0.024,0.0148,1.626,0.4045,0.2946,0.1099,L2
震荡-2买,KDJ_D小于30 + 距前高<=10%,330,0.0694,0.063,1.102,0.3152,0.2946,0.0206,L2
震荡-2买,KDJ_D小于30 + 深跌(距前高>40%),179,0.0374,0.0343,1.09,0.3128,0.2946,0.0183,L2
震荡-2买,KDJ_D小于30 + 距前低<=10%,1742,0.3091,0.3566,0.867,0.2658,0.2946,-0.0288,L2
震荡-2买,KDJ_D小于30 + 相对强弱>=0,133,0.0254,0.0265,0.958,0.2857,0.2946,-0.0089,L2
震荡-2买,RSI6大于50 + RSI金叉,2568,0.5254,0.4965,1.058,0.3065,0.2946,0.0119,L2
震荡-2买,RSI6大于50 + RSI6超卖,1788,0.3932,0.3343,1.176,0.3294,0.2946,0.0348,L2
震荡-2买,RSI6大于50 + RSI底背离,933,0.1736,0.1876,0.925,0.2787,0.2946,-0.0159,L2
震荡-2买,RSI6大于50 + 威科夫得分大于4,830,0.1836,0.1547,1.186,0.3313,0.2946,0.0367,L2
震荡-2买,RSI6大于50 + 威科夫得分大于7,317,0.0661,0.0608,1.087,0.3123,0.2946,0.0177,L2
震荡-2买,RSI6大于50 + 积累阶段,1296,0.2697,0.2487,1.085,0.3117,0.2946,0.0171,L2
震荡-2买,RSI6大于50 + 黄金柱,267,0.0534,0.0521,1.024,0.2996,0.2946,0.005,L2
震荡-2买,RSI6大于50 + 量能金叉,582,0.1348,0.1059,1.273,0.3471,0.2946,0.0525,L2
震荡-2买,RSI6大于50 + 六脉红灯大于5,2449,0.4993,0.4742,1.053,0.3054,0.2946,0.0108,L2
震荡-2买,RSI6大于50 + 六脉红灯大于6,2121,0.4319,0.4109,1.051,0.305,0.2946,0.0105,L2
震荡-2买,RSI6大于50 + 六脉6红首发,2121,0.4319,0.4109,1.051,0.305,0.2946,0.0105,L2
震荡-2买,RSI6大于50 + 六脉5红首发,2449,0.4993,0.4742,1.053,0.3054,0.2946,0.0108,L2
震荡-2买,RSI6大于50 + 偏多共振,471,0.0801,0.0979,0.819,0.2548,0.2946,-0.0398,L2
震荡-2买,RSI6大于50 + 多头共振,468,0.0801,0.097,0.826,0.2564,0.2946,-0.0382,L2
震荡-2买,RSI6大于50 + 火箭信号,254,0.0641,0.044,1.455,0.378,0.2946,0.0834,L2
震荡-2买,RSI6大于50 + 中枢进机会区,950,0.1896,0.1857,1.021,0.2989,0.2946,0.0044,L2
震荡-2买,RSI6大于50 + 中枢极限底,867,0.1729,0.1695,1.02,0.2987,0.2946,0.0041,L2
震荡-2买,RSI6大于50 + 中枢上穿中轴,1053,0.2397,0.1935,1.239,0.3409,0.2946,0.0463,L2
震荡-2买,RSI6大于50 + 中枢底部蓄力,1295,0.245,0.2587,0.947,0.2834,0.2946,-0.0112,L2
震荡-2买,RSI6大于50 + 中枢底部回升,1692,0.3351,0.3318,1.01,0.2967,0.2946,0.0021,L2
震荡-2买,RSI6大于50 + 大盘多头,1549,0.3238,0.2966,1.091,0.3131,0.2946,0.0185,L2
震荡-2买,RSI6大于50 + 大盘空头,535,0.0915,0.111,0.824,0.2561,0.2946,-0.0385,L2
震荡-2买,RSI6大于50 + 大盘安全,2095,0.4132,0.4115,1.004,0.2955,0.2946,0.0009,L2
震荡-2买,RSI6大于50 + SID等于1,1549,0.3238,0.2966,1.091,0.3131,0.2946,0.0185,L2
震荡-2买,RSI6大于50 + SID等于2,2702,0.5467,0.525,1.041,0.3031,0.2946,0.0085,L2
震荡-2买,RSI6大于50 + SID小于等于2,2702,0.5467,0.525,1.041,0.3031,0.2946,0.0085,L2
震荡-2买,RSI6大于50 + 大盘5日上涨,2173,0.4246,0.4285,0.991,0.2927,0.2946,-0.0019,L2
震荡-2买,RSI6大于50 + 相对强弱大于0,1569,0.3111,0.3075,1.012,0.297,0.2946,0.0024,L2
震荡-2买,RSI6大于50 + 相对强弱大于5,412,0.0868,0.0786,1.104,0.3155,0.2946,0.0209,L2
震荡-2买,RSI6大于50 + 量比>=1.3,429,0.0975,0.0789,1.235,0.3403,0.2946,0.0457,L2
震荡-2买,RSI6大于50 + 量比>=2,103,0.0187,0.0209,0.894,0.2718,0.2946,-0.0227,L2
震荡-2买,RSI6大于50 + 距前高<=10%,534,0.1268,0.0959,1.323,0.3558,0.2946,0.0612,L2
震荡-2买,RSI6大于50 + 距前低<=10%,1166,0.2043,0.2398,0.852,0.2624,0.2946,-0.0322,L2
震荡-2买,RSI6大于50 + 相对强弱>=0,299,0.0547,0.0605,0.905,0.2742,0.2946,-0.0203,L2
震荡-2买,RSI金叉 + RSI6超卖,2688,0.5808,0.5068,1.146,0.3237,0.2946,0.0291,L2
震荡-2买,RSI金叉 + RSI底背离,1434,0.247,0.2966,0.833,0.258,0.2946,-0.0366,L2
震荡-2买,RSI金叉 + 威科夫得分大于4,820,0.1849,0.1514,1.222,0.3378,0.2946,0.0432,L2
震荡-2买,RSI金叉 + 威科夫得分大于7,294,0.0621,0.056,1.108,0.3163,0.2946,0.0217,L2
震荡-2买,RSI金叉 + 积累阶段,1831,0.3558,0.3619,0.983,0.2911,0.2946,-0.0035,L2
震荡-2买,RSI金叉 + 黄金柱,271,0.0547,0.0527,1.039,0.3026,0.2946,0.008,L2
震荡-2买,RSI金叉 + 量能金叉,668,0.1642,0.1176,1.396,0.3683,0.2946,0.0737,L2
震荡-2买,RSI金叉 + 六脉红灯大于5,3031,0.6121,0.5894,1.039,0.3025,0.2946,0.0079,L2
震荡-2买,RSI金叉 + 六脉红灯大于6,2112,0.4306,0.409,1.053,0.3054,0.2946,0.0108,L2
震荡-2买,RSI金叉 + 六脉6红首发,2112,0.4306,0.409,1.053,0.3054,0.2946,0.0108,L2
震荡-2买,RSI金叉 + 六脉5红首发,3031,0.6121,0.5894,1.039,0.3025,0.2946,0.0079,L2
震荡-2买,RSI金叉 + 偏多共振,424,0.0781,0.0856,0.913,0.2759,0.2946,-0.0186,L2
震荡-2买,RSI金叉 + 多头共振,421,0.0781,0.0848,0.922,0.2779,0.2946,-0.0167,L2
震荡-2买,RSI金叉 + 火箭信号,264,0.0688,0.0449,1.532,0.3902,0.2946,0.0956,L2
震荡-2买,RSI金叉 + 极限抄底,110,0.0381,0.0148,2.575,0.5182,0.2946,0.2236,L2
震荡-2买,RSI金叉 + 中枢进机会区,1387,0.2757,0.2715,1.015,0.2978,0.2946,0.0032,L2
震荡-2买,RSI金叉 + 中枢极限底,1468,0.2984,0.2846,1.048,0.3045,0.2946,0.0099,L2
震荡-2买,RSI金叉 + 中枢上穿中轴,1028,0.237,0.1876,1.263,0.3453,0.2946,0.0507,L2
震荡-2买,RSI金叉 + 中枢底部蓄力,2161,0.4112,0.4307,0.955,0.2851,0.2946,-0.0095,L2
震荡-2买,RSI金叉 + 中枢底部回升,2646,0.5287,0.5169,1.023,0.2993,0.2946,0.0047,L2
震荡-2买,RSI金叉 + 大盘多头,1841,0.3778,0.3555,1.063,0.3074,0.2946,0.0128,L2
震荡-2买,RSI金叉 + 大盘空头,738,0.1148,0.1578,0.728,0.2331,0.2946,-0.0615,L2
震荡-2买,RSI金叉 + 大盘安全,2551,0.4813,0.5102,0.943,0.2826,0.2946,-0.012,L2
震荡-2买,RSI金叉 + SID等于1,1841,0.3778,0.3555,1.063,0.3074,0.2946,0.0128,L2
震荡-2买,RSI金叉 + SID等于2,3604,0.7323,0.6989,1.048,0.3044,0.2946,0.0098,L2
震荡-2买,RSI金叉 + SID小于等于2,3604,0.7323,0.6989,1.048,0.3044,0.2946,0.0098,L2
震荡-2买,RSI金叉 + 大盘5日上涨,2721,0.5134,0.5442,0.943,0.2826,0.2946,-0.012,L2
震荡-2买,RSI金叉 + 相对强弱大于0,1626,0.3231,0.3184,1.015,0.2977,0.2946,0.0031,L2
震荡-2买,RSI金叉 + 相对强弱大于5,400,0.0848,0.0761,1.114,0.3175,0.2946,0.0229,L2
震荡-2买,RSI金叉 + 量比>=1.3,639,0.1716,0.1065,1.611,0.4022,0.2946,0.1076,L2
震荡-2买,RSI金叉 + 量比>=2,127,0.0294,0.0231,1.269,0.3465,0.2946,0.0519,L2
震荡-2买,RSI金叉 + 距前高<=10%,555,0.1322,0.0995,1.328,0.3568,0.2946,0.0622,L2
震荡-2买,RSI金叉 + 深跌(距前高>40%),120,0.026,0.0226,1.153,0.325,0.2946,0.0304,L2
震荡-2买,RSI金叉 + 距前低<=10%,1800,0.3117,0.3716,0.839,0.2594,0.2946,-0.0351,L2
震荡-2买,RSI金叉 + 相对强弱>=0,305,0.0547,0.0622,0.88,0.2689,0.2946,-0.0257,L2
震荡-2买,RSI6超卖 + RSI底背离,1507,0.2617,0.3108,0.842,0.2601,0.2946,-0.0345,L2
震荡-2买,RSI6超卖 + 威科夫得分大于4,634,0.1442,0.1165,1.237,0.3407,0.2946,0.0461,L2
震荡-2买,RSI6超卖 + 威科夫得分大于7,177,0.0414,0.0321,1.291,0.3503,0.2946,0.0557,L2
震荡-2买,RSI6超卖 + 积累阶段,2007,0.3919,0.3959,0.99,0.2925,0.2946,-0.0021,L2
震荡-2买,RSI6超卖 + 黄金柱,164,0.036,0.0307,1.175,0.3293,0.2946,0.0347,L2
震荡-2买,RSI6超卖 + 量能金叉,545,0.1462,0.0909,1.609,0.4018,0.2946,0.1072,L2
震荡-2买,RSI6超卖 + 六脉红灯大于5,2297,0.4907,0.4355,1.127,0.32,0.2946,0.0254,L2
震荡-2买,RSI6超卖 + 六脉红灯大于6,1469,0.3238,0.2743,1.18,0.3302,0.2946,0.0356,L2
震荡-2买,RSI6超卖 + 六脉6红首发,1469,0.3238,0.2743,1.18,0.3302,0.2946,0.0356,L2
震荡-2买,RSI6超卖 + 六脉5红首发,2297,0.4907,0.4355,1.127,0.32,0.2946,0.0254,L2
震荡-2买,RSI6超卖 + 偏多共振,470,0.0874,0.0945,0.925,0.2787,0.2946,-0.0159,L2
震荡-2买,RSI6超卖 + 多头共振,470,0.0874,0.0945,0.925,0.2787,0.2946,-0.0159,L2
震荡-2买,RSI6超卖 + 火箭信号,201,0.0587,0.0315,1.865,0.4378,0.2946,0.1432,L2
震荡-2买,RSI6超卖 + 极限抄底,212,0.0581,0.0348,1.667,0.4104,0.2946,0.1158,L2
震荡-2买,RSI6超卖 + 中枢进机会区,1650,0.3531,0.3125,1.13,0.3206,0.2946,0.026,L2
震荡-2买,RSI6超卖 + 中枢极限底,1834,0.3912,0.3479,1.124,0.3195,0.2946,0.0249,L2
震荡-2买,RSI6超卖 + 中枢上穿中轴,743,0.1776,0.133,1.335,0.358,0.2946,0.0634,L2
震荡-2买,RSI6超卖 + 中枢底部蓄力,2599,0.4953,0.5177,0.957,0.2855,0.2946,-0.0091,L2
震荡-2买,RSI6超卖 + 中枢底部回升,3099,0.6275,0.6019,1.043,0.3033,0.2946,0.0087,L2
震荡-2买,RSI6超卖 + 大盘多头,1873,0.3845,0.3616,1.063,0.3075,0.2946,0.0129,L2
震荡-2买,RSI6超卖 + 大盘空头,754,0.1135,0.1628,0.697,0.2255,0.2946,-0.0691,L2
震荡-2买,RSI6超卖 + 大盘安全,2496,0.4766,0.4968,0.959,0.2861,0.2946,-0.0085,L2
震荡-2买,RSI6超卖 + SID等于1,1873,0.3845,0.3616,1.063,0.3075,0.2946,0.0129,L2
震荡-2买,RSI6超卖 + SID等于2,3917,0.8117,0.753,1.078,0.3104,0.2946,0.0158,L2
震荡-2买,RSI6超卖 + SID小于等于2,3917,0.8117,0.753,1.078,0.3104,0.2946,0.0158,L2
震荡-2买,RSI6超卖 + 大盘5日上涨,2629,0.508,0.5208,0.976,0.2895,0.2946,-0.0051,L2
震荡-2买,RSI6超卖 + 相对强弱大于0,1172,0.2517,0.2216,1.136,0.3217,0.2946,0.0271,L2
震荡-2买,RSI6超卖 + 相对强弱大于5,239,0.0574,0.0427,1.346,0.3598,0.2946,0.0652,L2
震荡-2买,RSI6超卖 + 量比>=1.3,646,0.1883,0.1015,1.855,0.4365,0.2946,0.1419,L2
震荡-2买,RSI6超卖 + 量比>=2,118,0.03,0.0204,1.476,0.3814,0.2946,0.0868,L2
震荡-2买,RSI6超卖 + 距前高<=10%,461,0.1075,0.0836,1.285,0.3492,0.2946,0.0546,L2
震荡-2买,RSI6超卖 + 深跌(距前高>40%),177,0.0381,0.0335,1.137,0.322,0.2946,0.0274,L2
震荡-2买,RSI6超卖 + 距前低<=10%,2007,0.3531,0.412,0.857,0.2636,0.2946,-0.031,L2
震荡-2买,RSI6超卖 + 相对强弱>=0,164,0.036,0.0307,1.175,0.3293,0.2946,0.0347,L2
震荡-2买,RSI底背离 + 威科夫得分大于4,238,0.0421,0.0488,0.862,0.2647,0.2946,-0.0299,L2
震荡-2买,RSI底背离 + 威科夫得分大于7,76,0.0093,0.0173,0.541,0.1842,0.2946,-0.1104,L2
震荡-2买,RSI底背离 + 积累阶段,1090,0.1802,0.2286,0.788,0.2477,0.2946,-0.0469,L2
震荡-2买,RSI底背离 + 黄金柱,118,0.0247,0.0226,1.094,0.3136,0.2946,0.019,L2
震荡-2买,RSI底背离 + 量能金叉,250,0.0607,0.0443,1.37,0.364,0.2946,0.0694,L2
震荡-2买,RSI底背离 + 六脉红灯大于5,1253,0.217,0.2587,0.839,0.2594,0.2946,-0.0352,L2
震荡-2买,RSI底背离 + 六脉红灯大于6,832,0.1602,0.165,0.971,0.2885,0.2946,-0.0061,L2
震荡-2买,RSI底背离 + 六脉6红首发,832,0.1602,0.165,0.971,0.2885,0.2946,-0.0061,L2
震荡-2买,RSI底背离 + 六脉5红首发,1253,0.217,0.2587,0.839,0.2594,0.2946,-0.0352,L2
震荡-2买,RSI底背离 + 偏多共振,61,0.0093,0.0131,0.713,0.2295,0.2946,-0.0651,L2
震荡-2买,RSI底背离 + 多头共振,61,0.0093,0.0131,0.713,0.2295,0.2946,-0.0651,L2
震荡-2买,RSI底背离 + 火箭信号,90,0.0187,0.0173,1.081,0.3111,0.2946,0.0165,L2
震荡-2买,RSI底背离 + 极限抄底,62,0.0134,0.0117,1.14,0.3226,0.2946,0.028,L2
震荡-2买,RSI底背离 + 中枢进机会区,853,0.1522,0.1742,0.874,0.2673,0.2946,-0.0273,L2
震荡-2买,RSI底背离 + 中枢极限底,1022,0.1756,0.2116,0.83,0.2573,0.2946,-0.0373,L2
震荡-2买,RSI底背离 + 中枢上穿中轴,278,0.0581,0.0532,1.091,0.3129,0.2946,0.0184,L2
震荡-2买,RSI底背离 + 中枢底部蓄力,1474,0.231,0.3145,0.734,0.2347,0.2946,-0.0599,L2
震荡-2买,RSI底背离 + 中枢底部回升,1629,0.2717,0.3407,0.798,0.2498,0.2946,-0.0447,L2
震荡-2买,RSI底背离 + 大盘多头,809,0.1348,0.1692,0.797,0.2497,0.2946,-0.0449,L2
震荡-2买,RSI底背离 + 大盘空头,473,0.0648,0.1048,0.618,0.2051,0.2946,-0.0895,L2
震荡-2买,RSI底背离 + 大盘安全,1249,0.1909,0.2685,0.711,0.229,0.2946,-0.0656,L2
震荡-2买,RSI底背离 + SID等于1,809,0.1348,0.1692,0.797,0.2497,0.2946,-0.0449,L2
震荡-2买,RSI底背离 + SID等于2,1838,0.3084,0.3836,0.804,0.2514,0.2946,-0.0432,L2
震荡-2买,RSI底背离 + SID小于等于2,1838,0.3084,0.3836,0.804,0.2514,0.2946,-0.0432,L2
震荡-2买,RSI底背离 + 大盘5日上涨,1375,0.2143,0.2938,0.729,0.2335,0.2946,-0.0611,L2
震荡-2买,RSI底背离 + 相对强弱大于0,684,0.1322,0.1355,0.976,0.2895,0.2946,-0.0051,L2
震荡-2买,RSI底背离 + 相对强弱大于5,151,0.032,0.0287,1.116,0.3179,0.2946,0.0233,L2
震荡-2买,RSI底背离 + 量比>=1.3,265,0.0567,0.0502,1.131,0.3208,0.2946,0.0262,L2
震荡-2买,RSI底背离 + 量比>=2,51,0.008,0.0109,0.737,0.2353,0.2946,-0.0593,L2
震荡-2买,RSI底背离 + 距前高<=10%,167,0.03,0.034,0.883,0.2695,0.2946,-0.0251,L2
震荡-2买,RSI底背离 + 深跌(距前高>40%),79,0.0134,0.0164,0.812,0.2532,0.2946,-0.0414,L2
震荡-2买,RSI底背离 + 距前低<=10%,1203,0.1829,0.259,0.706,0.2278,0.2946,-0.0668,L2
震荡-2买,RSI底背离 + 相对强弱>=0,109,0.014,0.0245,0.571,0.1927,0.2946,-0.1019,L2
震荡-2买,威科夫得分大于4 + 威科夫得分大于7,387,0.0814,0.0739,1.102,0.3152,0.2946,0.0207,L2
震荡-2买,威科夫得分大于4 + 积累阶段,333,0.0768,0.0608,1.263,0.3453,0.2946,0.0508,L2
震荡-2买,威科夫得分大于4 + 黄金柱,104,0.0247,0.0187,1.322,0.3558,0.2946,0.0612,L2
震荡-2买,威科夫得分大于4 + 量能金叉,278,0.0634,0.051,1.243,0.3417,0.2946,0.0471,L2
震荡-2买,威科夫得分大于4 + 六脉红灯大于5,731,0.1682,0.1335,1.26,0.3447,0.2946,0.0501,L2
震荡-2买,威科夫得分大于4 + 六脉红灯大于6,619,0.1429,0.1129,1.265,0.3457,0.2946,0.0511,L2
震荡-2买,威科夫得分大于4 + 六脉6红首发,619,0.1429,0.1129,1.265,0.3457,0.2946,0.0511,L2
震荡-2买,威科夫得分大于4 + 六脉5红首发,731,0.1682,0.1335,1.26,0.3447,0.2946,0.0501,L2
震荡-2买,威科夫得分大于4 + 偏多共振,380,0.0708,0.0764,0.926,0.2789,0.2946,-0.0156,L2
震荡-2买,威科夫得分大于4 + 多头共振,378,0.0708,0.0758,0.933,0.2804,0.2946,-0.0142,L2
震荡-2买,威科夫得分大于4 + 火箭信号,135,0.0307,0.0248,1.238,0.3407,0.2946,0.0461,L2
震荡-2买,威科夫得分大于4 + 中枢进机会区,363,0.0781,0.0686,1.139,0.3223,0.2946,0.0277,L2
震荡-2买,威科夫得分大于4 + 中枢极限底,214,0.0467,0.0401,1.164,0.3271,0.2946,0.0325,L2
震荡-2买,威科夫得分大于4 + 中枢上穿中轴,492,0.1162,0.0887,1.31,0.3537,0.2946,0.0591,L2
震荡-2买,威科夫得分大于4 + 中枢底部蓄力,275,0.0534,0.0544,0.982,0.2909,0.2946,-0.0037,L2
震荡-2买,威科夫得分大于4 + 中枢底部回升,491,0.1028,0.094,1.094,0.3136,0.2946,0.0191,L2
震荡-2买,威科夫得分大于4 + 大盘多头,659,0.1495,0.1213,1.233,0.3399,0.2946,0.0453,L2
震荡-2买,威科夫得分大于4 + 大盘空头,160,0.024,0.0346,0.695,0.225,0.2946,-0.0696,L2
震荡-2买,威科夫得分大于4 + 大盘安全,810,0.1716,0.1542,1.113,0.3173,0.2946,0.0227,L2
震荡-2买,威科夫得分大于4 + SID等于1,659,0.1495,0.1213,1.233,0.3399,0.2946,0.0453,L2
震荡-2买,威科夫得分大于4 + SID等于2,1075,0.2276,0.2046,1.112,0.3172,0.2946,0.0226,L2
震荡-2买,威科夫得分大于4 + SID小于等于2,1075,0.2276,0.2046,1.112,0.3172,0.2946,0.0226,L2
震荡-2买,威科夫得分大于4 + 大盘5日上涨,776,0.1602,0.1494,1.072,0.3093,0.2946,0.0147,L2
震荡-2买,威科夫得分大于4 + 相对强弱大于0,746,0.1575,0.1422,1.108,0.3164,0.2946,0.0218,L2
震荡-2买,威科夫得分大于4 + 相对强弱大于5,260,0.0554,0.0493,1.123,0.3192,0.2946,0.0246,L2
震荡-2买,威科夫得分大于4 + 量比>=1.3,159,0.0367,0.029,1.266,0.3459,0.2946,0.0513,L2
震荡-2买,威科夫得分大于4 + 距前高<=10%,275,0.0694,0.0477,1.456,0.3782,0.2946,0.0836,L2
震荡-2买,威科夫得分大于4 + 距前低<=10%,259,0.0454,0.0532,0.853,0.2625,0.2946,-0.032,L2
震荡-2买,威科夫得分大于4 + 相对强弱>=0,153,0.0267,0.0315,0.848,0.2614,0.2946,-0.0332,L2
震荡-2买,威科夫得分大于7 + 积累阶段,84,0.022,0.0142,1.549,0.3929,0.2946,0.0983,L2
震荡-2买,威科夫得分大于7 + 量能金叉,130,0.0287,0.0243,1.184,0.3308,0.2946,0.0362,L2
震荡-2买,威科夫得分大于7 + 六脉红灯大于5,271,0.0581,0.0513,1.132,0.321,0.2946,0.0264,L2
震荡-2买,威科夫得分大于7 + 六脉红灯大于6,236,0.0487,0.0454,1.072,0.3093,0.2946,0.0147,L2
震荡-2买,威科夫得分大于7 + 六脉6红首发,236,0.0487,0.0454,1.072,0.3093,0.2946,0.0147,L2
震荡-2买,威科夫得分大于7 + 六脉5红首发,271,0.0581,0.0513,1.132,0.321,0.2946,0.0264,L2
震荡-2买,威科夫得分大于7 + 偏多共振,173,0.0354,0.0335,1.058,0.3064,0.2946,0.0118,L2
震荡-2买,威科夫得分大于7 + 多头共振,173,0.0354,0.0335,1.058,0.3064,0.2946,0.0118,L2
震荡-2买,威科夫得分大于7 + 火箭信号,68,0.014,0.0131,1.07,0.3088,0.2946,0.0142,L2
震荡-2买,威科夫得分大于7 + 中枢进机会区,120,0.026,0.0226,1.153,0.325,0.2946,0.0304,L2
震荡-2买,威科夫得分大于7 + 中枢极限底,54,0.01,0.0109,0.921,0.2778,0.2946,-0.0168,L2
震荡-2买,威科夫得分大于7 + 中枢上穿中轴,214,0.0487,0.0393,1.24,0.3411,0.2946,0.0465,L2
震荡-2买,威科夫得分大于7 + 中枢底部蓄力,76,0.0107,0.0167,0.639,0.2105,0.2946,-0.0841,L2
震荡-2买,威科夫得分大于7 + 中枢底部回升,152,0.0287,0.0304,0.945,0.2829,0.2946,-0.0117,L2
震荡-2买,威科夫得分大于7 + 大盘多头,237,0.0541,0.0435,1.243,0.3418,0.2946,0.0472,L2
震荡-2买,威科夫得分大于7 + 大盘空头,56,0.0073,0.0125,0.585,0.1964,0.2946,-0.0982,L2
震荡-2买,威科夫得分大于7 + 大盘安全,303,0.0634,0.058,1.094,0.3135,0.2946,0.0189,L2
震荡-2买,威科夫得分大于7 + SID等于1,237,0.0541,0.0435,1.243,0.3418,0.2946,0.0472,L2
震荡-2买,威科夫得分大于7 + SID等于2,387,0.0814,0.0739,1.102,0.3152,0.2946,0.0207,L2
震荡-2买,威科夫得分大于7 + SID小于等于2,387,0.0814,0.0739,1.102,0.3152,0.2946,0.0207,L2
震荡-2买,威科夫得分大于7 + 大盘5日上涨,285,0.0547,0.0566,0.967,0.2877,0.2946,-0.0069,L2
震荡-2买,威科夫得分大于7 + 相对强弱大于0,316,0.0654,0.0608,1.076,0.3101,0.2946,0.0155,L2
震荡-2买,威科夫得分大于7 + 相对强弱大于5,147,0.03,0.0284,1.056,0.3061,0.2946,0.0115,L2
震荡-2买,威科夫得分大于7 + 量比>=1.3,61,0.0113,0.0123,0.925,0.2787,0.2946,-0.0159,L2
震荡-2买,威科夫得分大于7 + 距前高<=10%,111,0.026,0.0201,1.297,0.3514,0.2946,0.0568,L2
震荡-2买,威科夫得分大于7 + 距前低<=10%,88,0.0154,0.0181,0.847,0.2614,0.2946,-0.0332,L2
震荡-2买,威科夫得分大于7 + 相对强弱>=0,74,0.0154,0.0142,1.08,0.3108,0.2946,0.0162,L2
震荡-2买,积累阶段 + 黄金柱,144,0.0287,0.0282,1.019,0.2986,0.2946,0.004,L2
震荡-2买,积累阶段 + 量能金叉,315,0.0774,0.0555,1.396,0.3683,0.2946,0.0737,L2
震荡-2买,积累阶段 + 六脉红灯大于5,1585,0.3144,0.3106,1.012,0.2972,0.2946,0.0026,L2
震荡-2买,积累阶段 + 六脉红灯大于6,1133,0.233,0.2186,1.066,0.308,0.2946,0.0134,L2
震荡-2买,积累阶段 + 六脉6红首发,1133,0.233,0.2186,1.066,0.308,0.2946,0.0134,L2
震荡-2买,积累阶段 + 六脉5红首发,1585,0.3144,0.3106,1.012,0.2972,0.2946,0.0026,L2
震荡-2买,积累阶段 + 偏多共振,119,0.028,0.0215,1.306,0.3529,0.2946,0.0583,L2
震荡-2买,积累阶段 + 多头共振,119,0.028,0.0215,1.306,0.3529,0.2946,0.0583,L2
震荡-2买,积累阶段 + 火箭信号,102,0.0247,0.0181,1.363,0.3627,0.2946,0.0682,L2
震荡-2买,积累阶段 + 极限抄底,80,0.0134,0.0167,0.798,0.25,0.2946,-0.0446,L2
震荡-2买,积累阶段 + 中枢进机会区,1114,0.2236,0.2172,1.03,0.3007,0.2946,0.0061,L2
震荡-2买,积累阶段 + 中枢极限底,1143,0.2183,0.2275,0.96,0.2861,0.2946,-0.0085,L2
震荡-2买,积累阶段 + 中枢上穿中轴,453,0.1115,0.0797,1.398,0.3687,0.2946,0.0741,L2
震荡-2买,积累阶段 + 中枢底部蓄力,1697,0.2817,0.3555,0.793,0.2487,0.2946,-0.0459,L2
震荡-2买,积累阶段 + 中枢底部回升,2023,0.3652,0.4115,0.887,0.2704,0.2946,-0.0242,L2
震荡-2买,积累阶段 + 大盘多头,1212,0.2463,0.235,1.048,0.3045,0.2946,0.0099,L2
震荡-2买,积累阶段 + 大盘空头,526,0.0761,0.1149,0.663,0.2167,0.2946,-0.0779,L2
震荡-2买,积累阶段 + 大盘安全,1678,0.3124,0.3373,0.926,0.2789,0.2946,-0.0157,L2
震荡-2买,积累阶段 + SID等于1,1212,0.2463,0.235,1.048,0.3045,0.2946,0.0099,L2
震荡-2买,积累阶段 + SID等于2,2403,0.4579,0.4787,0.957,0.2855,0.2946,-0.0091,L2
震荡-2买,积累阶段 + SID小于等于2,2403,0.4579,0.4787,0.957,0.2855,0.2946,-0.0091,L2
震荡-2买,积累阶段 + 大盘5日上涨,1725,0.3264,0.3446,0.947,0.2835,0.2946,-0.0111,L2
震荡-2买,积累阶段 + 相对强弱大于0,869,0.1756,0.1689,1.039,0.3026,0.2946,0.0081,L2
震荡-2买,积累阶段 + 相对强弱大于5,172,0.0394,0.0315,1.25,0.343,0.2946,0.0484,L2
震荡-2买,积累阶段 + 量比>=1.3,368,0.0794,0.0694,1.144,0.3234,0.2946,0.0288,L2
震荡-2买,积累阶段 + 量比>=2,67,0.012,0.0137,0.88,0.2687,0.2946,-0.0259,L2
震荡-2买,积累阶段 + 距前高<=10%,257,0.0547,0.0488,1.122,0.3191,0.2946,0.0245,L2
震荡-2买,积累阶段 + 深跌(距前高>40%),105,0.014,0.0234,0.599,0.2,0.2946,-0.0946,L2
震荡-2买,积累阶段 + 距前低<=10%,1353,0.2096,0.2897,0.724,0.2321,0.2946,-0.0625,L2
震荡-2买,积累阶段 + 相对强弱>=0,154,0.024,0.0329,0.731,0.2338,0.2946,-0.0608,L2
震荡-2买,黄金柱 + 量能金叉,99,0.0227,0.0181,1.253,0.3434,0.2946,0.0488,L2
震荡-2买,黄金柱 + 六脉红灯大于5,269,0.0541,0.0524,1.032,0.3011,0.2946,0.0065,L2
震荡-2买,黄金柱 + 六脉红灯大于6,255,0.0501,0.0502,0.998,0.2941,0.2946,-0.0005,L2
震荡-2买,黄金柱 + 六脉6红首发,255,0.0501,0.0502,0.998,0.2941,0.2946,-0.0005,L2
震荡-2买,黄金柱 + 六脉5红首发,269,0.0541,0.0524,1.032,0.3011,0.2946,0.0065,L2
震荡-2买,黄金柱 + 中枢进机会区,96,0.0207,0.0181,1.142,0.3229,0.2946,0.0283,L2
震荡-2买,黄金柱 + 中枢极限底,107,0.018,0.0223,0.808,0.2523,0.2946,-0.0423,L2
震荡-2买,黄金柱 + 中枢上穿中轴,141,0.0287,0.0273,1.051,0.305,0.2946,0.0104,L2
震荡-2买,黄金柱 + 中枢底部蓄力,144,0.028,0.0284,0.986,0.2917,0.2946,-0.0029,L2
震荡-2买,黄金柱 + 中枢底部回升,187,0.0367,0.0368,0.998,0.2941,0.2946,-0.0005,L2
震荡-2买,黄金柱 + 大盘多头,140,0.0294,0.0268,1.097,0.3143,0.2946,0.0197,L2
震荡-2买,黄金柱 + 大盘空头,59,0.01,0.0123,0.816,0.2542,0.2946,-0.0404,L2
震荡-2买,黄金柱 + 大盘安全,207,0.0401,0.041,0.977,0.2899,0.2946,-0.0047,L2
震荡-2买,黄金柱 + SID等于1,140,0.0294,0.0268,1.097,0.3143,0.2946,0.0197,L2
震荡-2买,黄金柱 + SID等于2,272,0.0547,0.053,1.033,0.3015,0.2946,0.0069,L2
震荡-2买,黄金柱 + SID小于等于2,272,0.0547,0.053,1.033,0.3015,0.2946,0.0069,L2
震荡-2买,黄金柱 + 大盘5日上涨,224,0.0441,0.044,1.0,0.2946,0.2946,0.0001,L2
震荡-2买,黄金柱 + 相对强弱大于0,215,0.0434,0.0418,1.038,0.3023,0.2946,0.0077,L2
震荡-2买,黄金柱 + 相对强弱大于5,86,0.0194,0.0159,1.218,0.3372,0.2946,0.0426,L2
震荡-2买,黄金柱 + 量比>=1.3,51,0.0093,0.0103,0.906,0.2745,0.2946,-0.0201,L2
震荡-2买,黄金柱 + 距前高<=10%,61,0.0134,0.0114,1.168,0.3279,0.2946,0.0333,L2
震荡-2买,黄金柱 + 距前低<=10%,143,0.028,0.0282,0.996,0.2937,0.2946,-0.0009,L2
震荡-2买,量能金叉 + 六脉红灯大于5,597,0.1395,0.1082,1.29,0.3501,0.2946,0.0555,L2
震荡-2买,量能金叉 + 六脉红灯大于6,498,0.1162,0.0903,1.286,0.3494,0.2946,0.0548,L2
震荡-2买,量能金叉 + 六脉6红首发,498,0.1162,0.0903,1.286,0.3494,0.2946,0.0548,L2
震荡-2买,量能金叉 + 六脉5红首发,597,0.1395,0.1082,1.29,0.3501,0.2946,0.0555,L2
震荡-2买,量能金叉 + 偏多共振,144,0.026,0.0293,0.889,0.2708,0.2946,-0.0238,L2
震荡-2买,量能金叉 + 多头共振,144,0.026,0.0293,0.889,0.2708,0.2946,-0.0238,L2
震荡-2买,量能金叉 + 火箭信号,119,0.0347,0.0187,1.858,0.437,0.2946,0.1424,L2
震荡-2买,量能金叉 + 中枢进机会区,357,0.0895,0.0622,1.439,0.3754,0.2946,0.0808,L2
震荡-2买,量能金叉 + 中枢极限底,273,0.0748,0.0449,1.666,0.4103,0.2946,0.1157,L2
震荡-2买,量能金叉 + 中枢上穿中轴,362,0.0854,0.0652,1.31,0.3536,0.2946,0.059,L2
震荡-2买,量能金叉 + 中枢底部蓄力,334,0.0848,0.0577,1.469,0.3802,0.2946,0.0856,L2
震荡-2买,量能金叉 + 中枢底部回升,492,0.1282,0.0836,1.532,0.3902,0.2946,0.0957,L2
震荡-2买,量能金叉 + 大盘多头,394,0.0915,0.0716,1.276,0.3477,0.2946,0.0531,L2
震荡-2买,量能金叉 + 大盘空头,149,0.034,0.0273,1.246,0.3423,0.2946,0.0477,L2
震荡-2买,量能金叉 + 大盘安全,540,0.1215,0.0998,1.217,0.337,0.2946,0.0424,L2
震荡-2买,量能金叉 + SID等于1,394,0.0915,0.0716,1.276,0.3477,0.2946,0.0531,L2
震荡-2买,量能金叉 + SID等于2,765,0.1856,0.1358,1.367,0.3634,0.2946,0.0688,L2
震荡-2买,量能金叉 + SID小于等于2,765,0.1856,0.1358,1.367,0.3634,0.2946,0.0688,L2
震荡-2买,量能金叉 + 大盘5日上涨,549,0.1282,0.0995,1.288,0.3497,0.2946,0.0551,L2
震荡-2买,量能金叉 + 相对强弱大于0,483,0.1068,0.09,1.186,0.3313,0.2946,0.0367,L2
震荡-2买,量能金叉 + 相对强弱大于5,189,0.0447,0.034,1.315,0.3545,0.2946,0.0599,L2
震荡-2买,量能金叉 + 量比>=1.3,243,0.0728,0.0374,1.948,0.4486,0.2946,0.154,L2
震荡-2买,量能金叉 + 量比>=2,77,0.0167,0.0145,1.151,0.3247,0.2946,0.0301,L2
震荡-2买,量能金叉 + 距前高<=10%,154,0.0414,0.0256,1.614,0.4026,0.2946,0.108,L2
震荡-2买,量能金叉 + 距前低<=10%,358,0.0901,0.0622,1.45,0.3771,0.2946,0.0825,L2
震荡-2买,量能金叉 + 相对强弱>=0,89,0.0167,0.0178,0.935,0.2809,0.2946,-0.0137,L2
震荡-2买,六脉红灯大于5 + 六脉红灯大于6,2131,0.4332,0.4132,1.049,0.3046,0.2946,0.01,L2
震荡-2买,六脉红灯大于5 + 六脉6红首发,2131,0.4332,0.4132,1.049,0.3046,0.2946,0.01,L2
震荡-2买,六脉红灯大于5 + 六脉5红首发,3157,0.6328,0.6158,1.028,0.3003,0.2946,0.0057,L2
震荡-2买,六脉红灯大于5 + 偏多共振,382,0.0674,0.0783,0.861,0.2644,0.2946,-0.0302,L2
震荡-2买,六脉红灯大于5 + 多头共振,379,0.0674,0.0775,0.87,0.2665,0.2946,-0.0281,L2
震荡-2买,六脉红灯大于5 + 火箭信号,244,0.0621,0.0421,1.475,0.3811,0.2946,0.0866,L2
震荡-2买,六脉红灯大于5 + 极限抄底,86,0.0247,0.0137,1.808,0.4302,0.2946,0.1356,L2
震荡-2买,六脉红灯大于5 + 中枢进机会区,1120,0.2156,0.2222,0.97,0.2884,0.2946,-0.0062,L2
震荡-2买,六脉红灯大于5 + 中枢极限底,1210,0.233,0.24,0.971,0.2884,0.2946,-0.0062,L2
震荡-2买,六脉红灯大于5 + 中枢上穿中轴,970,0.2256,0.1762,1.281,0.3485,0.2946,0.0539,L2
震荡-2买,六脉红灯大于5 + 中枢底部蓄力,1894,0.3538,0.3803,0.93,0.2798,0.2946,-0.0148,L2
震荡-2买,六脉红灯大于5 + 中枢底部回升,2285,0.4413,0.4527,0.975,0.2893,0.2946,-0.0053,L2
震荡-2买,六脉红灯大于5 + 大盘多头,1597,0.3304,0.3072,1.076,0.31,0.2946,0.0154,L2
震荡-2买,六脉红灯大于5 + 大盘空头,660,0.1055,0.1399,0.754,0.2394,0.2946,-0.0552,L2
震荡-2买,六脉红灯大于5 + 大盘安全,2240,0.4272,0.4461,0.958,0.2857,0.2946,-0.0089,L2
震荡-2买,六脉红灯大于5 + SID等于1,1597,0.3304,0.3072,1.076,0.31,0.2946,0.0154,L2
震荡-2买,六脉红灯大于5 + SID等于2,3157,0.6328,0.6158,1.028,0.3003,0.2946,0.0057,L2
震荡-2买,六脉红灯大于5 + SID小于等于2,3157,0.6328,0.6158,1.028,0.3003,0.2946,0.0057,L2
震荡-2买,六脉红灯大于5 + 大盘5日上涨,2441,0.4646,0.4865,0.955,0.2851,0.2946,-0.0095,L2
震荡-2买,六脉红灯大于5 + 相对强弱大于0,1509,0.3044,0.2936,1.037,0.3022,0.2946,0.0076,L2
震荡-2买,六脉红灯大于5 + 相对强弱大于5,396,0.0848,0.075,1.131,0.3207,0.2946,0.0261,L2
震荡-2买,六脉红灯大于5 + 量比>=1.3,524,0.1328,0.0906,1.466,0.3798,0.2946,0.0852,L2
震荡-2买,六脉红灯大于5 + 量比>=2,113,0.0227,0.022,1.031,0.3009,0.2946,0.0063,L2
震荡-2买,六脉红灯大于5 + 距前高<=10%,497,0.1208,0.0881,1.372,0.3642,0.2946,0.0696,L2
震荡-2买,六脉红灯大于5 + 深跌(距前高>40%),114,0.0234,0.022,1.061,0.307,0.2946,0.0124,L2
震荡-2买,六脉红灯大于5 + 距前低<=10%,1532,0.2657,0.3161,0.84,0.2598,0.2946,-0.0348,L2
震荡-2买,六脉红灯大于5 + 相对强弱>=0,289,0.0534,0.0583,0.917,0.2768,0.2946,-0.0178,L2
震荡-2买,六脉红灯大于6 + 六脉6红首发,2131,0.4332,0.4132,1.049,0.3046,0.2946,0.01,L2
震荡-2买,六脉红灯大于6 + 六脉5红首发,2131,0.4332,0.4132,1.049,0.3046,0.2946,0.01,L2
震荡-2买,六脉红灯大于6 + 偏多共振,268,0.0441,0.0563,0.782,0.2463,0.2946,-0.0483,L2
震荡-2买,六脉红灯大于6 + 多头共振,265,0.0441,0.0555,0.794,0.2491,0.2946,-0.0455,L2
震荡-2买,六脉红灯大于6 + 火箭信号,227,0.0547,0.0404,1.354,0.3612,0.2946,0.0666,L2
震荡-2买,六脉红灯大于6 + 中枢进机会区,804,0.1595,0.1575,1.013,0.2973,0.2946,0.0027,L2
震荡-2买,六脉红灯大于6 + 中枢极限底,788,0.1575,0.1539,1.024,0.2995,0.2946,0.0049,L2
震荡-2买,六脉红灯大于6 + 中枢上穿中轴,863,0.2009,0.1567,1.282,0.3488,0.2946,0.0542,L2
震荡-2买,六脉红灯大于6 + 中枢底部蓄力,1179,0.2276,0.2336,0.974,0.2892,0.2946,-0.0054,L2
震荡-2买,六脉红灯大于6 + 中枢底部回升,1500,0.2991,0.2933,1.02,0.2987,0.2946,0.0041,L2
震荡-2买,六脉红灯大于6 + 大盘多头,1168,0.247,0.2225,1.11,0.3168,0.2946,0.0222,L2
震荡-2买,六脉红灯大于6 + 大盘空头,469,0.0821,0.0965,0.851,0.2623,0.2946,-0.0323,L2
震荡-2买,六脉红灯大于6 + 大盘安全,1641,0.3244,0.322,1.008,0.2962,0.2946,0.0016,L2
震荡-2买,六脉红灯大于6 + SID等于1,1168,0.247,0.2225,1.11,0.3168,0.2946,0.0222,L2
震荡-2买,六脉红灯大于6 + SID等于2,2131,0.4332,0.4132,1.049,0.3046,0.2946,0.01,L2
震荡-2买,六脉红灯大于6 + SID小于等于2,2131,0.4332,0.4132,1.049,0.3046,0.2946,0.01,L2
震荡-2买,六脉红灯大于6 + 大盘5日上涨,1754,0.3445,0.3451,0.998,0.2942,0.2946,-0.0004,L2
震荡-2买,六脉红灯大于6 + 相对强弱大于0,1277,0.255,0.2495,1.022,0.2991,0.2946,0.0045,L2
震荡-2买,六脉红灯大于6 + 相对强弱大于5,372,0.0794,0.0705,1.126,0.3199,0.2946,0.0253,L2
震荡-2买,六脉红灯大于6 + 量比>=1.3,360,0.0861,0.0644,1.337,0.3583,0.2946,0.0637,L2
震荡-2买,六脉红灯大于6 + 量比>=2,88,0.0174,0.0173,1.004,0.2955,0.2946,0.0009,L2
震荡-2买,六脉红灯大于6 + 距前高<=10%,412,0.1015,0.0725,1.4,0.3689,0.2946,0.0743,L2
震荡-2买,六脉红灯大于6 + 距前低<=10%,1007,0.1796,0.2057,0.873,0.2671,0.2946,-0.0275,L2
震荡-2买,六脉红灯大于6 + 相对强弱>=0,243,0.0441,0.0493,0.893,0.2716,0.2946,-0.023,L2
震荡-2买,六脉6红首发 + 六脉5红首发,2131,0.4332,0.4132,1.049,0.3046,0.2946,0.01,L2
震荡-2买,六脉6红首发 + 偏多共振,268,0.0441,0.0563,0.782,0.2463,0.2946,-0.0483,L2
震荡-2买,六脉6红首发 + 多头共振,265,0.0441,0.0555,0.794,0.2491,0.2946,-0.0455,L2
震荡-2买,六脉6红首发 + 火箭信号,227,0.0547,0.0404,1.354,0.3612,0.2946,0.0666,L2
震荡-2买,六脉6红首发 + 中枢进机会区,804,0.1595,0.1575,1.013,0.2973,0.2946,0.0027,L2
震荡-2买,六脉6红首发 + 中枢极限底,788,0.1575,0.1539,1.024,0.2995,0.2946,0.0049,L2
震荡-2买,六脉6红首发 + 中枢上穿中轴,863,0.2009,0.1567,1.282,0.3488,0.2946,0.0542,L2
震荡-2买,六脉6红首发 + 中枢底部蓄力,1179,0.2276,0.2336,0.974,0.2892,0.2946,-0.0054,L2
震荡-2买,六脉6红首发 + 中枢底部回升,1500,0.2991,0.2933,1.02,0.2987,0.2946,0.0041,L2
震荡-2买,六脉6红首发 + 大盘多头,1168,0.247,0.2225,1.11,0.3168,0.2946,0.0222,L2
震荡-2买,六脉6红首发 + 大盘空头,469,0.0821,0.0965,0.851,0.2623,0.2946,-0.0323,L2
震荡-2买,六脉6红首发 + 大盘安全,1641,0.3244,0.322,1.008,0.2962,0.2946,0.0016,L2
震荡-2买,六脉6红首发 + SID等于1,1168,0.247,0.2225,1.11,0.3168,0.2946,0.0222,L2
震荡-2买,六脉6红首发 + SID等于2,2131,0.4332,0.4132,1.049,0.3046,0.2946,0.01,L2
震荡-2买,六脉6红首发 + SID小于等于2,2131,0.4332,0.4132,1.049,0.3046,0.2946,0.01,L2
震荡-2买,六脉6红首发 + 大盘5日上涨,1754,0.3445,0.3451,0.998,0.2942,0.2946,-0.0004,L2
震荡-2买,六脉6红首发 + 相对强弱大于0,1277,0.255,0.2495,1.022,0.2991,0.2946,0.0045,L2
震荡-2买,六脉6红首发 + 相对强弱大于5,372,0.0794,0.0705,1.126,0.3199,0.2946,0.0253,L2
震荡-2买,六脉6红首发 + 量比>=1.3,360,0.0861,0.0644,1.337,0.3583,0.2946,0.0637,L2
震荡-2买,六脉6红首发 + 量比>=2,88,0.0174,0.0173,1.004,0.2955,0.2946,0.0009,L2
震荡-2买,六脉6红首发 + 距前高<=10%,412,0.1015,0.0725,1.4,0.3689,0.2946,0.0743,L2
震荡-2买,六脉6红首发 + 距前低<=10%,1007,0.1796,0.2057,0.873,0.2671,0.2946,-0.0275,L2
震荡-2买,六脉6红首发 + 相对强弱>=0,243,0.0441,0.0493,0.893,0.2716,0.2946,-0.023,L2
震荡-2买,六脉5红首发 + 偏多共振,382,0.0674,0.0783,0.861,0.2644,0.2946,-0.0302,L2
震荡-2买,六脉5红首发 + 多头共振,379,0.0674,0.0775,0.87,0.2665,0.2946,-0.0281,L2
震荡-2买,六脉5红首发 + 火箭信号,244,0.0621,0.0421,1.475,0.3811,0.2946,0.0866,L2
震荡-2买,六脉5红首发 + 极限抄底,86,0.0247,0.0137,1.808,0.4302,0.2946,0.1356,L2
震荡-2买,六脉5红首发 + 中枢进机会区,1120,0.2156,0.2222,0.97,0.2884,0.2946,-0.0062,L2
震荡-2买,六脉5红首发 + 中枢极限底,1210,0.233,0.24,0.971,0.2884,0.2946,-0.0062,L2
震荡-2买,六脉5红首发 + 中枢上穿中轴,970,0.2256,0.1762,1.281,0.3485,0.2946,0.0539,L2
震荡-2买,六脉5红首发 + 中枢底部蓄力,1894,0.3538,0.3803,0.93,0.2798,0.2946,-0.0148,L2
震荡-2买,六脉5红首发 + 中枢底部回升,2285,0.4413,0.4527,0.975,0.2893,0.2946,-0.0053,L2
震荡-2买,六脉5红首发 + 大盘多头,1597,0.3304,0.3072,1.076,0.31,0.2946,0.0154,L2
震荡-2买,六脉5红首发 + 大盘空头,660,0.1055,0.1399,0.754,0.2394,0.2946,-0.0552,L2
震荡-2买,六脉5红首发 + 大盘安全,2240,0.4272,0.4461,0.958,0.2857,0.2946,-0.0089,L2
震荡-2买,六脉5红首发 + SID等于1,1597,0.3304,0.3072,1.076,0.31,0.2946,0.0154,L2
震荡-2买,六脉5红首发 + SID等于2,3157,0.6328,0.6158,1.028,0.3003,0.2946,0.0057,L2
震荡-2买,六脉5红首发 + SID小于等于2,3157,0.6328,0.6158,1.028,0.3003,0.2946,0.0057,L2
震荡-2买,六脉5红首发 + 大盘5日上涨,2441,0.4646,0.4865,0.955,0.2851,0.2946,-0.0095,L2
震荡-2买,六脉5红首发 + 相对强弱大于0,1509,0.3044,0.2936,1.037,0.3022,0.2946,0.0076,L2
震荡-2买,六脉5红首发 + 相对强弱大于5,396,0.0848,0.075,1.131,0.3207,0.2946,0.0261,L2
震荡-2买,六脉5红首发 + 量比>=1.3,524,0.1328,0.0906,1.466,0.3798,0.2946,0.0852,L2
震荡-2买,六脉5红首发 + 量比>=2,113,0.0227,0.022,1.031,0.3009,0.2946,0.0063,L2
震荡-2买,六脉5红首发 + 距前高<=10%,497,0.1208,0.0881,1.372,0.3642,0.2946,0.0696,L2
震荡-2买,六脉5红首发 + 深跌(距前高>40%),114,0.0234,0.022,1.061,0.307,0.2946,0.0124,L2
震荡-2买,六脉5红首发 + 距前低<=10%,1532,0.2657,0.3161,0.84,0.2598,0.2946,-0.0348,L2
震荡-2买,六脉5红首发 + 相对强弱>=0,289,0.0534,0.0583,0.917,0.2768,0.2946,-0.0178,L2
震荡-2买,偏多共振 + 多头共振,787,0.1368,0.1623,0.843,0.2605,0.2946,-0.0341,L2
震荡-2买,偏多共振 + 火箭信号,68,0.0167,0.012,1.392,0.3676,0.2946,0.0731,L2
震荡-2买,偏多共振 + 中枢进机会区,198,0.0414,0.0379,1.092,0.3131,0.2946,0.0185,L2
震荡-2买,偏多共振 + 中枢极限底,90,0.0227,0.0156,1.454,0.3778,0.2946,0.0832,L2
震荡-2买,偏多共振 + 中枢上穿中轴,298,0.0521,0.0613,0.849,0.2617,0.2946,-0.0328,L2
震荡-2买,偏多共振 + 中枢底部蓄力,90,0.018,0.0176,1.026,0.3,0.2946,0.0054,L2
震荡-2买,偏多共振 + 中枢底部回升,231,0.0474,0.0446,1.063,0.3074,0.2946,0.0128,L2
震荡-2买,偏多共振 + 大盘多头,484,0.0708,0.1054,0.671,0.219,0.2946,-0.0756,L2
震荡-2买,偏多共振 + 大盘空头,84,0.012,0.0184,0.653,0.2143,0.2946,-0.0803,L2
震荡-2买,偏多共振 + 大盘安全,563,0.0801,0.1235,0.649,0.2131,0.2946,-0.0814,L2
震荡-2买,偏多共振 + SID等于1,484,0.0708,0.1054,0.671,0.219,0.2946,-0.0756,L2
震荡-2买,偏多共振 + SID等于2,790,0.1368,0.1631,0.839,0.2595,0.2946,-0.0351,L2
震荡-2买,偏多共振 + SID小于等于2,790,0.1368,0.1631,0.839,0.2595,0.2946,-0.0351,L2
震荡-2买,偏多共振 + 大盘5日上涨,494,0.0701,0.1084,0.646,0.2126,0.2946,-0.082,L2
震荡-2买,偏多共振 + 相对强弱大于0,417,0.0768,0.0842,0.912,0.2758,0.2946,-0.0188,L2
震荡-2买,偏多共振 + 相对强弱大于5,125,0.0234,0.0251,0.931,0.28,0.2946,-0.0146,L2
震荡-2买,偏多共振 + 量比>=1.3,74,0.0174,0.0134,1.297,0.3514,0.2946,0.0568,L2
震荡-2买,偏多共振 + 距前高<=10%,146,0.0314,0.0276,1.137,0.3219,0.2946,0.0273,L2
震荡-2买,偏多共振 + 距前低<=10%,100,0.0227,0.0184,1.234,0.34,0.2946,0.0454,L2
震荡-2买,偏多共振 + 相对强弱>=0,77,0.0154,0.0151,1.02,0.2987,0.2946,0.0041,L2
震荡-2买,多头共振 + 火箭信号,68,0.0167,0.012,1.392,0.3676,0.2946,0.0731,L2
震荡-2买,多头共振 + 中枢进机会区,198,0.0414,0.0379,1.092,0.3131,0.2946,0.0185,L2
震荡-2买,多头共振 + 中枢极限底,90,0.0227,0.0156,1.454,0.3778,0.2946,0.0832,L2
震荡-2买,多头共振 + 中枢上穿中轴,297,0.0521,0.0611,0.853,0.2626,0.2946,-0.032,L2
震荡-2买,多头共振 + 中枢底部蓄力,90,0.018,0.0176,1.026,0.3,0.2946,0.0054,L2
震荡-2买,多头共振 + 中枢底部回升,229,0.0474,0.044,1.076,0.31,0.2946,0.0155,L2
震荡-2买,多头共振 + 大盘多头,484,0.0708,0.1054,0.671,0.219,0.2946,-0.0756,L2
震荡-2买,多头共振 + 大盘空头,84,0.012,0.0184,0.653,0.2143,0.2946,-0.0803,L2
震荡-2买,多头共振 + 大盘安全,562,0.0801,0.1232,0.65,0.2135,0.2946,-0.0811,L2
震荡-2买,多头共振 + SID等于1,484,0.0708,0.1054,0.671,0.219,0.2946,-0.0756,L2
震荡-2买,多头共振 + SID等于2,787,0.1368,0.1623,0.843,0.2605,0.2946,-0.0341,L2
震荡-2买,多头共振 + SID小于等于2,787,0.1368,0.1623,0.843,0.2605,0.2946,-0.0341,L2
震荡-2买,多头共振 + 大盘5日上涨,491,0.0701,0.1076,0.651,0.2138,0.2946,-0.0807,L2
震荡-2买,多头共振 + 相对强弱大于0,414,0.0768,0.0834,0.921,0.2778,0.2946,-0.0168,L2
震荡-2买,多头共振 + 相对强弱大于5,125,0.0234,0.0251,0.931,0.28,0.2946,-0.0146,L2
震荡-2买,多头共振 + 量比>=1.3,74,0.0174,0.0134,1.297,0.3514,0.2946,0.0568,L2
震荡-2买,多头共振 + 距前高<=10%,146,0.0314,0.0276,1.137,0.3219,0.2946,0.0273,L2
震荡-2买,多头共振 + 距前低<=10%,100,0.0227,0.0184,1.234,0.34,0.2946,0.0454,L2
震荡-2买,多头共振 + 相对强弱>=0,77,0.0154,0.0151,1.02,0.2987,0.2946,0.0041,L2
震荡-2买,火箭信号 + 中枢进机会区,111,0.032,0.0176,1.824,0.4324,0.2946,0.1378,L2
震荡-2买,火箭信号 + 中枢极限底,113,0.0347,0.017,2.041,0.4602,0.2946,0.1656,L2
震荡-2买,火箭信号 + 中枢上穿中轴,167,0.0407,0.0296,1.378,0.3653,0.2946,0.0707,L2
震荡-2买,火箭信号 + 中枢底部蓄力,129,0.034,0.0217,1.566,0.3953,0.2946,0.1008,L2
震荡-2买,火箭信号 + 中枢底部回升,181,0.0507,0.0293,1.733,0.4199,0.2946,0.1253,L2
震荡-2买,火箭信号 + 大盘多头,132,0.0347,0.0223,1.556,0.3939,0.2946,0.0993,L2
震荡-2买,火箭信号 + 大盘空头,69,0.014,0.0134,1.048,0.3043,0.2946,0.0098,L2
震荡-2买,火箭信号 + 大盘安全,195,0.0461,0.0351,1.311,0.3538,0.2946,0.0593,L2
震荡-2买,火箭信号 + SID等于1,132,0.0347,0.0223,1.556,0.3939,0.2946,0.0993,L2
震荡-2买,火箭信号 + SID等于2,277,0.0728,0.0468,1.554,0.3935,0.2946,0.0989,L2
震荡-2买,火箭信号 + SID小于等于2,277,0.0728,0.0468,1.554,0.3935,0.2946,0.0989,L2
震荡-2买,火箭信号 + 大盘5日上涨,186,0.0461,0.0326,1.412,0.371,0.2946,0.0764,L2
震荡-2买,火箭信号 + 相对强弱大于0,220,0.0561,0.0379,1.479,0.3818,0.2946,0.0872,L2
震荡-2买,火箭信号 + 相对强弱大于5,157,0.0374,0.0282,1.328,0.3567,0.2946,0.0621,L2
震荡-2买,火箭信号 + 量比>=1.3,73,0.0187,0.0125,1.49,0.3836,0.2946,0.089,L2
震荡-2买,火箭信号 + 距前低<=10%,77,0.022,0.0123,1.796,0.4286,0.2946,0.134,L2
震荡-2买,极限抄底 + 中枢极限底,99,0.0274,0.0162,1.693,0.4141,0.2946,0.1195,L2
震荡-2买,极限抄底 + 中枢底部蓄力,203,0.0541,0.034,1.59,0.399,0.2946,0.1044,L2
震荡-2买,极限抄底 + 中枢底部回升,209,0.0567,0.0346,1.641,0.4067,0.2946,0.1121,L2
震荡-2买,极限抄底 + SID等于2,212,0.0581,0.0348,1.667,0.4104,0.2946,0.1158,L2
震荡-2买,极限抄底 + SID小于等于2,212,0.0581,0.0348,1.667,0.4104,0.2946,0.1158,L2
震荡-2买,极限抄底 + 量比>=1.3,75,0.03,0.0084,3.592,0.6,0.2946,0.3054,L2
震荡-2买,极限抄底 + 距前低<=10%,131,0.0307,0.0237,1.296,0.3511,0.2946,0.0566,L2
震荡-2买,中枢进机会区 + 中枢极限底,1063,0.233,0.1991,1.17,0.3283,0.2946,0.0337,L2
震荡-2买,中枢进机会区 + 中枢上穿中轴,349,0.0868,0.0611,1.421,0.3725,0.2946,0.0779,L2
震荡-2买,中枢进机会区 + 中枢底部蓄力,1346,0.235,0.2771,0.848,0.2615,0.2946,-0.0331,L2
震荡-2买,中枢进机会区 + 中枢底部回升,1831,0.3645,0.3582,1.017,0.2982,0.2946,0.0036,L2
震荡-2买,中枢进机会区 + 大盘多头,995,0.1996,0.194,1.029,0.3005,0.2946,0.0059,L2
震荡-2买,中枢进机会区 + 大盘空头,374,0.0587,0.0797,0.737,0.2353,0.2946,-0.0593,L2
震荡-2买,中枢进机会区 + 大盘安全,1322,0.2477,0.2651,0.934,0.2806,0.2946,-0.014,L2
震荡-2买,中枢进机会区 + SID等于1,995,0.1996,0.194,1.029,0.3005,0.2946,0.0059,L2
震荡-2买,中枢进机会区 + SID等于2,1990,0.4025,0.3867,1.041,0.303,0.2946,0.0084,L2
震荡-2买,中枢进机会区 + SID小于等于2,1990,0.4025,0.3867,1.041,0.303,0.2946,0.0084,L2
震荡-2买,中枢进机会区 + 大盘5日上涨,1438,0.279,0.2844,0.981,0.2907,0.2946,-0.0039,L2
震荡-2买,中枢进机会区 + 相对强弱大于0,737,0.1422,0.1461,0.973,0.289,0.2946,-0.0056,L2
震荡-2买,中枢进机会区 + 相对强弱大于5,155,0.0307,0.0304,1.011,0.2968,0.2946,0.0022,L2
震荡-2买,中枢进机会区 + 量比>=1.3,319,0.0828,0.0544,1.523,0.3887,0.2946,0.0941,L2
震荡-2买,中枢进机会区 + 量比>=2,62,0.012,0.0123,0.98,0.2903,0.2946,-0.0043,L2
震荡-2买,中枢进机会区 + 距前高<=10%,215,0.0501,0.039,1.283,0.3488,0.2946,0.0542,L2
震荡-2买,中枢进机会区 + 深跌(距前高>40%),54,0.0113,0.0103,1.1,0.3148,0.2946,0.0202,L2
震荡-2买,中枢进机会区 + 距前低<=10%,1048,0.1756,0.2188,0.802,0.251,0.2946,-0.0436,L2
震荡-2买,中枢进机会区 + 相对强弱>=0,131,0.0254,0.0259,0.978,0.2901,0.2946,-0.0045,L2
震荡-2买,中枢极限底 + 中枢上穿中轴,229,0.0514,0.0424,1.213,0.3362,0.2946,0.0417,L2
震荡-2买,中枢极限底 + 中枢底部蓄力,1758,0.3364,0.3496,0.962,0.2867,0.2946,-0.0079,L2
震荡-2买,中枢极限底 + 中枢底部回升,1931,0.3939,0.3739,1.054,0.3055,0.2946,0.0109,L2
震荡-2买,中枢极限底 + 大盘多头,808,0.1656,0.1561,1.06,0.3069,0.2946,0.0123,L2
震荡-2买,中枢极限底 + 大盘空头,430,0.0634,0.0934,0.679,0.2209,0.2946,-0.0737,L2
震荡-2买,中枢极限底 + 大盘安全,1207,0.2176,0.2456,0.886,0.2701,0.2946,-0.0245,L2
震荡-2买,中枢极限底 + SID等于1,808,0.1656,0.1561,1.06,0.3069,0.2946,0.0123,L2
震荡-2买,中枢极限底 + SID等于2,1989,0.4099,0.3833,1.069,0.3087,0.2946,0.0141,L2
震荡-2买,中枢极限底 + SID小于等于2,1989,0.4099,0.3833,1.069,0.3087,0.2946,0.0141,L2
震荡-2买,中枢极限底 + 大盘5日上涨,1385,0.2543,0.2799,0.909,0.2751,0.2946,-0.0195,L2
震荡-2买,中枢极限底 + 相对强弱大于0,608,0.1275,0.1163,1.097,0.3141,0.2946,0.0196,L2
震荡-2买,中枢极限底 + 相对强弱大于5,132,0.032,0.0234,1.368,0.3636,0.2946,0.069,L2
震荡-2买,中枢极限底 + 量比>=1.3,348,0.0995,0.0555,1.793,0.4282,0.2946,0.1336,L2
震荡-2买,中枢极限底 + 量比>=2,54,0.012,0.01,1.197,0.3333,0.2946,0.0387,L2
震荡-2买,中枢极限底 + 距前高<=10%,120,0.0234,0.0237,0.986,0.2917,0.2946,-0.0029,L2
震荡-2买,中枢极限底 + 深跌(距前高>40%),85,0.018,0.0162,1.115,0.3176,0.2946,0.0231,L2
震荡-2买,中枢极限底 + 距前低<=10%,1179,0.2089,0.2414,0.865,0.2655,0.2946,-0.0291,L2
震荡-2买,中枢极限底 + 相对强弱>=0,94,0.0214,0.0173,1.236,0.3404,0.2946,0.0458,L2
震荡-2买,中枢上穿中轴 + 中枢底部蓄力,279,0.0607,0.0524,1.159,0.3262,0.2946,0.0316,L2
震荡-2买,中枢上穿中轴 + 中枢底部回升,516,0.1195,0.094,1.272,0.3469,0.2946,0.0523,L2
震荡-2买,中枢上穿中轴 + 大盘多头,671,0.1555,0.1221,1.274,0.3472,0.2946,0.0527,L2
震荡-2买,中枢上穿中轴 + 大盘空头,195,0.036,0.0393,0.917,0.2769,0.2946,-0.0177,L2
震荡-2买,中枢上穿中轴 + 大盘安全,868,0.1903,0.1625,1.171,0.3283,0.2946,0.0337,L2
震荡-2买,中枢上穿中轴 + SID等于1,671,0.1555,0.1221,1.274,0.3472,0.2946,0.0527,L2
震荡-2买,中枢上穿中轴 + SID等于2,1124,0.2543,0.2071,1.228,0.339,0.2946,0.0444,L2
震荡-2买,中枢上穿中轴 + SID小于等于2,1124,0.2543,0.2071,1.228,0.339,0.2946,0.0444,L2
震荡-2买,中枢上穿中轴 + 大盘5日上涨,864,0.1916,0.1609,1.191,0.3322,0.2946,0.0376,L2
震荡-2买,中枢上穿中轴 + 相对强弱大于0,770,0.1702,0.1436,1.186,0.3312,0.2946,0.0366,L2
震荡-2买,中枢上穿中轴 + 相对强弱大于5,272,0.0587,0.0513,1.145,0.3235,0.2946,0.0289,L2
震荡-2买,中枢上穿中轴 + 量比>=1.3,184,0.0454,0.0323,1.404,0.3696,0.2946,0.075,L2
震荡-2买,中枢上穿中轴 + 距前高<=10%,314,0.0794,0.0544,1.461,0.379,0.2946,0.0844,L2
震荡-2买,中枢上穿中轴 + 距前低<=10%,376,0.0774,0.0725,1.068,0.3085,0.2946,0.0139,L2
震荡-2买,中枢上穿中轴 + 相对强弱>=0,131,0.0247,0.0262,0.943,0.2824,0.2946,-0.0121,L2
震荡-2买,中枢底部蓄力 + 中枢底部回升,2914,0.5381,0.5877,0.916,0.2766,0.2946,-0.018,L2
震荡-2买,中枢底部蓄力 + 大盘多头,1158,0.1996,0.2395,0.833,0.2582,0.2946,-0.0364,L2
震荡-2买,中枢底部蓄力 + 大盘空头,722,0.1041,0.1578,0.66,0.2161,0.2946,-0.0785,L2
震荡-2买,中枢底部蓄力 + 大盘安全,1765,0.2804,0.375,0.748,0.238,0.2946,-0.0566,L2
震荡-2买,中枢底部蓄力 + SID等于1,1158,0.1996,0.2395,0.833,0.2582,0.2946,-0.0364,L2
震荡-2买,中枢底部蓄力 + SID等于2,2951,0.5421,0.5963,0.909,0.2752,0.2946,-0.0194,L2
震荡-2买,中枢底部蓄力 + SID小于等于2,2951,0.5421,0.5963,0.909,0.2752,0.2946,-0.0194,L2
震荡-2买,中枢底部蓄力 + 大盘5日上涨,2002,0.3271,0.4215,0.776,0.2448,0.2946,-0.0498,L2
震荡-2买,中枢底部蓄力 + 相对强弱大于0,853,0.1609,0.1706,0.943,0.2825,0.2946,-0.0121,L2
震荡-2买,中枢底部蓄力 + 相对强弱大于5,179,0.0394,0.0335,1.177,0.3296,0.2946,0.035,L2
震荡-2买,中枢底部蓄力 + 量比>=1.3,472,0.1282,0.0781,1.642,0.4068,0.2946,0.1122,L2
震荡-2买,中枢底部蓄力 + 量比>=2,82,0.0214,0.0139,1.532,0.3902,0.2946,0.0957,L2
震荡-2买,中枢底部蓄力 + 距前高<=10%,163,0.0287,0.0335,0.858,0.2638,0.2946,-0.0308,L2
震荡-2买,中枢底部蓄力 + 深跌(距前高>40%),171,0.0347,0.0332,1.046,0.3041,0.2946,0.0095,L2
震荡-2买,中枢底部蓄力 + 距前低<=10%,1917,0.3138,0.4034,0.778,0.2452,0.2946,-0.0494,L2
震荡-2买,中枢底部蓄力 + 相对强弱>=0,135,0.0247,0.0273,0.904,0.2741,0.2946,-0.0205,L2
震荡-2买,中枢底部回升 + 大盘多头,1525,0.2931,0.3028,0.968,0.2879,0.2946,-0.0067,L2
震荡-2买,中枢底部回升 + 大盘空头,824,0.1222,0.1787,0.684,0.2221,0.2946,-0.0725,L2
震荡-2买,中枢底部回升 + 大盘安全,2218,0.3905,0.4553,0.858,0.2638,0.2946,-0.0308,L2
震荡-2买,中枢底部回升 + SID等于1,1525,0.2931,0.3028,0.968,0.2879,0.2946,-0.0067,L2
震荡-2买,中枢底部回升 + SID等于2,3584,0.7023,0.7059,0.995,0.2935,0.2946,-0.0011,L2
震荡-2买,中枢底部回升 + SID小于等于2,3584,0.7023,0.7059,0.995,0.2935,0.2946,-0.0011,L2
震荡-2买,中枢底部回升 + 大盘5日上涨,2465,0.4419,0.5026,0.879,0.2686,0.2946,-0.026,L2
震荡-2买,中枢底部回升 + 相对强弱大于0,1142,0.225,0.2244,1.002,0.2951,0.2946,0.0005,L2
震荡-2买,中枢底部回升 + 相对强弱大于5,250,0.0554,0.0466,1.19,0.332,0.2946,0.0374,L2
震荡-2买,中枢底部回升 + 量比>=1.3,596,0.1649,0.0973,1.695,0.4144,0.2946,0.1198,L2
震荡-2买,中枢底部回升 + 量比>=2,100,0.024,0.0178,1.347,0.36,0.2946,0.0654,L2
震荡-2买,中枢底部回升 + 距前高<=10%,289,0.0601,0.0555,1.083,0.3114,0.2946,0.0168,L2
震荡-2买,中枢底部回升 + 深跌(距前高>40%),183,0.0381,0.0351,1.083,0.3115,0.2946,0.0169,L2
震荡-2买,中枢底部回升 + 距前低<=10%,2138,0.3618,0.4449,0.813,0.2535,0.2946,-0.0411,L2
震荡-2买,中枢底部回升 + 相对强弱>=0,188,0.0327,0.0388,0.844,0.2606,0.2946,-0.034,L2
震荡-2买,大盘多头 + 大盘安全,2536,0.4947,0.5004,0.988,0.2922,0.2946,-0.0024,L2
震荡-2买,大盘多头 + SID等于1,2536,0.4947,0.5004,0.988,0.2922,0.2946,-0.0024,L2
震荡-2买,大盘多头 + SID等于2,2536,0.4947,0.5004,0.988,0.2922,0.2946,-0.0024,L2
震荡-2买,大盘多头 + SID小于等于2,2536,0.4947,0.5004,0.988,0.2922,0.2946,-0.0024,L2
震荡-2买,大盘多头 + 大盘5日上涨,2233,0.4433,0.4374,1.013,0.2974,0.2946,0.0028,L2
震荡-2买,大盘多头 + 相对强弱大于0,902,0.1756,0.1781,0.986,0.2916,0.2946,-0.003,L2
震荡-2买,大盘多头 + 相对强弱大于5,171,0.0387,0.0315,1.229,0.3392,0.2946,0.0446,L2
震荡-2买,大盘多头 + 量比>=1.3,309,0.0741,0.0552,1.342,0.3592,0.2946,0.0646,L2
震荡-2买,大盘多头 + 量比>=2,57,0.012,0.0109,1.105,0.3158,0.2946,0.0212,L2
震荡-2买,大盘多头 + 距前高<=10%,447,0.1041,0.0811,1.284,0.349,0.2946,0.0544,L2
震荡-2买,大盘多头 + 距前低<=10%,953,0.1489,0.2035,0.731,0.234,0.2946,-0.0606,L2
震荡-2买,大盘多头 + 相对强弱>=0,130,0.0267,0.0251,1.064,0.3077,0.2946,0.0131,L2
震荡-2买,大盘空头 + 大盘安全,709,0.1115,0.1511,0.738,0.2355,0.2946,-0.059,L2
震荡-2买,大盘空头 + SID等于2,960,0.1462,0.2066,0.708,0.2281,0.2946,-0.0665,L2
震荡-2买,大盘空头 + SID小于等于2,960,0.1462,0.2066,0.708,0.2281,0.2946,-0.0665,L2
震荡-2买,大盘空头 + 大盘5日上涨,734,0.1168,0.1558,0.75,0.2384,0.2946,-0.0562,L2
震荡-2买,大盘空头 + 相对强弱大于0,406,0.0674,0.085,0.793,0.2488,0.2946,-0.0458,L2
震荡-2买,大盘空头 + 相对强弱大于5,102,0.0167,0.0215,0.777,0.2451,0.2946,-0.0495,L2
震荡-2买,大盘空头 + 量比>=1.3,144,0.028,0.0284,0.986,0.2917,0.2946,-0.0029,L2
震荡-2买,大盘空头 + 距前高<=10%,128,0.026,0.0248,1.049,0.3047,0.2946,0.0101,L2
震荡-2买,大盘空头 + 深跌(距前高>40%),61,0.0087,0.0134,0.649,0.2131,0.2946,-0.0815,L2
震荡-2买,大盘空头 + 距前低<=10%,639,0.0961,0.138,0.697,0.2254,0.2946,-0.0692,L2
震荡-2买,大盘空头 + 相对强弱>=0,89,0.012,0.0198,0.607,0.2022,0.2946,-0.0923,L2
震荡-2买,大盘安全 + SID等于1,2536,0.4947,0.5004,0.988,0.2922,0.2946,-0.0024,L2
震荡-2买,大盘安全 + SID等于2,3392,0.6228,0.6855,0.909,0.2751,0.2946,-0.0195,L2
震荡-2买,大盘安全 + SID小于等于2,3392,0.6228,0.6855,0.909,0.2751,0.2946,-0.0195,L2
震荡-2买,大盘安全 + 大盘5日上涨,3089,0.5714,0.6225,0.918,0.2771,0.2946,-0.0175,L2
震荡-2买,大盘安全 + 相对强弱大于0,1223,0.229,0.2453,0.933,0.2805,0.2946,-0.0141,L2
震荡-2买,大盘安全 + 相对强弱大于5,226,0.0481,0.0429,1.12,0.3186,0.2946,0.024,L2
震荡-2买,大盘安全 + 量比>=1.3,453,0.1021,0.0836,1.221,0.3377,0.2946,0.0432,L2
震荡-2买,大盘安全 + 量比>=2,80,0.016,0.0156,1.026,0.3,0.2946,0.0054,L2
震荡-2买,大盘安全 + 距前高<=10%,573,0.1288,0.1059,1.216,0.3368,0.2946,0.0422,L2
震荡-2买,大盘安全 + 深跌(距前高>40%),97,0.0187,0.0192,0.972,0.2887,0.2946,-0.0059,L2
震荡-2买,大盘安全 + 距前低<=10%,1526,0.2343,0.3276,0.715,0.23,0.2946,-0.0646,L2
震荡-2买,大盘安全 + 相对强弱>=0,179,0.034,0.0357,0.954,0.2849,0.2946,-0.0097,L2
震荡-2买,SID等于1 + SID等于2,2536,0.4947,0.5004,0.988,0.2922,0.2946,-0.0024,L2
震荡-2买,SID等于1 + SID小于等于2,2536,0.4947,0.5004,0.988,0.2922,0.2946,-0.0024,L2
震荡-2买,SID等于1 + 大盘5日上涨,2233,0.4433,0.4374,1.013,0.2974,0.2946,0.0028,L2
震荡-2买,SID等于1 + 相对强弱大于0,902,0.1756,0.1781,0.986,0.2916,0.2946,-0.003,L2
震荡-2买,SID等于1 + 相对强弱大于5,171,0.0387,0.0315,1.229,0.3392,0.2946,0.0446,L2
震荡-2买,SID等于1 + 量比>=1.3,309,0.0741,0.0552,1.342,0.3592,0.2946,0.0646,L2
震荡-2买,SID等于1 + 量比>=2,57,0.012,0.0109,1.105,0.3158,0.2946,0.0212,L2
震荡-2买,SID等于1 + 距前高<=10%,447,0.1041,0.0811,1.284,0.349,0.2946,0.0544,L2
震荡-2买,SID等于1 + 距前低<=10%,953,0.1489,0.2035,0.731,0.234,0.2946,-0.0606,L2
震荡-2买,SID等于1 + 相对强弱>=0,130,0.0267,0.0251,1.064,0.3077,0.2946,0.0131,L2
震荡-2买,SID等于2 + SID小于等于2,5085,1.0,1.0,1.0,0.2946,0.2946,0.0,L2
震荡-2买,SID等于2 + 大盘5日上涨,3588,0.6615,0.724,0.914,0.2762,0.2946,-0.0184,L2
震荡-2买,SID等于2 + 相对强弱大于0,1926,0.3812,0.3778,1.009,0.2965,0.2946,0.0019,L2
震荡-2买,SID等于2 + 相对强弱大于5,437,0.0928,0.0831,1.117,0.3181,0.2946,0.0235,L2
震荡-2买,SID等于2 + 量比>=1.3,773,0.2063,0.1294,1.595,0.3997,0.2946,0.1051,L2
震荡-2买,SID等于2 + 量比>=2,145,0.0334,0.0265,1.26,0.3448,0.2946,0.0502,L2
震荡-2买,SID等于2 + 距前高<=10%,705,0.1575,0.1307,1.205,0.3348,0.2946,0.0402,L2
震荡-2买,SID等于2 + 深跌(距前高>40%),190,0.0394,0.0365,1.078,0.3105,0.2946,0.0159,L2
震荡-2买,SID等于2 + 距前低<=10%,2384,0.4112,0.4929,0.834,0.2584,0.2946,-0.0362,L2
震荡-2买,SID等于2 + 相对强弱>=0,363,0.0674,0.073,0.923,0.2782,0.2946,-0.0164,L2
震荡-2买,SID小于等于2 + 大盘5日上涨,3588,0.6615,0.724,0.914,0.2762,0.2946,-0.0184,L2
震荡-2买,SID小于等于2 + 相对强弱大于0,1926,0.3812,0.3778,1.009,0.2965,0.2946,0.0019,L2
震荡-2买,SID小于等于2 + 相对强弱大于5,437,0.0928,0.0831,1.117,0.3181,0.2946,0.0235,L2
震荡-2买,SID小于等于2 + 量比>=1.3,773,0.2063,0.1294,1.595,0.3997,0.2946,0.1051,L2
震荡-2买,SID小于等于2 + 量比>=2,145,0.0334,0.0265,1.26,0.3448,0.2946,0.0502,L2
震荡-2买,SID小于等于2 + 距前高<=10%,705,0.1575,0.1307,1.205,0.3348,0.2946,0.0402,L2
震荡-2买,SID小于等于2 + 深跌(距前高>40%),190,0.0394,0.0365,1.078,0.3105,0.2946,0.0159,L2
震荡-2买,SID小于等于2 + 距前低<=10%,2384,0.4112,0.4929,0.834,0.2584,0.2946,-0.0362,L2
震荡-2买,SID小于等于2 + 相对强弱>=0,363,0.0674,0.073,0.923,0.2782,0.2946,-0.0164,L2
震荡-2买,大盘5日上涨 + 相对强弱大于0,1251,0.2383,0.2492,0.956,0.2854,0.2946,-0.0092,L2
震荡-2买,大盘5日上涨 + 相对强弱大于5,225,0.0494,0.0421,1.173,0.3289,0.2946,0.0343,L2
震荡-2买,大盘5日上涨 + 量比>=1.3,479,0.1115,0.087,1.282,0.3486,0.2946,0.0541,L2
震荡-2买,大盘5日上涨 + 量比>=2,81,0.0154,0.0162,0.95,0.284,0.2946,-0.0106,L2
震荡-2买,大盘5日上涨 + 距前高<=10%,591,0.1308,0.1101,1.188,0.3316,0.2946,0.037,L2
震荡-2买,大盘5日上涨 + 深跌(距前高>40%),97,0.018,0.0195,0.924,0.2784,0.2946,-0.0162,L2
震荡-2买,大盘5日上涨 + 距前低<=10%,1659,0.257,0.3552,0.724,0.2321,0.2946,-0.0625,L2
震荡-2买,大盘5日上涨 + 相对强弱>=0,191,0.036,0.0382,0.944,0.2827,0.2946,-0.0119,L2
震荡-2买,相对强弱大于0 + 相对强弱大于5,437,0.0928,0.0831,1.117,0.3181,0.2946,0.0235,L2
震荡-2买,相对强弱大于0 + 量比>=1.3,327,0.0701,0.0619,1.133,0.3211,0.2946,0.0265,L2
震荡-2买,相对强弱大于0 + 量比>=2,89,0.016,0.0181,0.884,0.2697,0.2946,-0.0249,L2
震荡-2买,相对强弱大于0 + 距前高<=10%,379,0.0868,0.0694,1.25,0.343,0.2946,0.0484,L2
震荡-2买,相对强弱大于0 + 距前低<=10%,829,0.1562,0.1659,0.942,0.2823,0.2946,-0.0123,L2
震荡-2买,相对强弱大于0 + 相对强弱>=0,363,0.0674,0.073,0.923,0.2782,0.2946,-0.0164,L2
震荡-2买,相对强弱大于5 + 量比>=1.3,105,0.0214,0.0204,1.05,0.3048,0.2946,0.0102,L2
震荡-2买,相对强弱大于5 + 距前高<=10%,59,0.0147,0.0103,1.424,0.3729,0.2946,0.0783,L2
震荡-2买,相对强弱大于5 + 距前低<=10%,154,0.032,0.0296,1.084,0.3117,0.2946,0.0171,L2
震荡-2买,相对强弱大于5 + 相对强弱>=0,134,0.0234,0.0276,0.847,0.2612,0.2946,-0.0334,L2
震荡-2买,量比>=1.3 + 量比>=2,145,0.0334,0.0265,1.26,0.3448,0.2946,0.0502,L2
震荡-2买,量比>=1.3 + 距前高<=10%,102,0.0274,0.017,1.609,0.402,0.2946,0.1074,L2
震荡-2买,量比>=1.3 + 深跌(距前高>40%),53,0.02,0.0064,3.123,0.566,0.2946,0.2714,L2
震荡-2买,量比>=1.3 + 距前低<=10%,346,0.0701,0.0672,1.043,0.3035,0.2946,0.0089,L2
震荡-2买,量比>=1.3 + 相对强弱>=0,110,0.018,0.0231,0.779,0.2455,0.2946,-0.0491,L2
震荡-2买,距前高<=10% + 距前低<=10%,294,0.0581,0.0577,1.006,0.2959,0.2946,0.0013,L2
震荡-2买,距前高<=10% + 相对强弱>=0,112,0.0234,0.0215,1.088,0.3125,0.2946,0.0179,L2
震荡-2买,深跌(距前高>40%) + 距前低<=10%,77,0.012,0.0164,0.731,0.2338,0.2946,-0.0608,L2
震荡-2买,距前低<=10% + 相对强弱>=0,155,0.026,0.0323,0.805,0.2516,0.2946,-0.043,L2
震荡-2买,极限抄底 + 量比>=1.3 + 量能递增,59,0.0247,0.0061,4.027,0.6271,0.2946,0.3325,L3
震荡-2买,极限抄底 + 量比>=1.3 + 放量,72,0.028,0.0084,3.352,0.5833,0.2946,0.2887,L3
震荡-2买,极限抄底 + 量比>=1.3 + 价涨量增,62,0.0247,0.007,3.544,0.5968,0.2946,0.3022,L3
震荡-2买,极限抄底 + 量比>=1.3 + 量比大于1_3,75,0.03,0.0084,3.592,0.6,0.2946,0.3054,L3
震荡-2买,极限抄底 + 量比大于2 + 放量,53,0.0207,0.0061,3.374,0.5849,0.2946,0.2903,L3
震荡-2买,极限抄底 + 量比大于2 + 量比大于1_3,53,0.0207,0.0061,3.374,0.5849,0.2946,0.2903,L3
震荡-2买,极限抄底 + 量能递增 + 放量,95,0.032,0.0131,2.445,0.5053,0.2946,0.2107,L3
震荡-2买,极限抄底 + 量能递增 + 价涨量增,85,0.03,0.0112,2.694,0.5294,0.2946,0.2348,L3
震荡-2买,极限抄底 + 量能递增 + 量比大于1_3,91,0.0314,0.0123,2.558,0.5165,0.2946,0.2219,L3
震荡-2买,极限抄底 + 放量 + 价涨量增,104,0.034,0.0148,2.304,0.4904,0.2946,0.1958,L3
震荡-2买,极限抄底 + 放量 + 量比大于1_3,123,0.0401,0.0176,2.281,0.4878,0.2946,0.1932,L3
震荡-2买,极限抄底 + 价涨量增 + 量比大于1_3,101,0.0334,0.0142,2.348,0.495,0.2946,0.2005,L3
震荡-2买,量比>=1.3 + 火箭信号 + 量能递增,62,0.0167,0.0103,1.618,0.4032,0.2946,0.1086,L3
震荡-2买,量比>=1.3 + 火箭信号 + 放量,70,0.0174,0.0123,1.415,0.3714,0.2946,0.0768,L3
震荡-2买,量比>=1.3 + 火箭信号 + 价涨量增,69,0.0167,0.0123,1.361,0.3623,0.2946,0.0677,L3
震荡-2买,量比>=1.3 + 火箭信号 + 量比大于1_3,73,0.0187,0.0125,1.49,0.3836,0.2946,0.089,L3
震荡-2买,量比>=1.3 + 量能金叉 + 量比大于2,161,0.0441,0.0265,1.664,0.4099,0.2946,0.1153,L3
震荡-2买,量比>=1.3 + 量能金叉 + 量能递增,226,0.0674,0.0348,1.935,0.4469,0.2946,0.1523,L3
震荡-2买,量比>=1.3 + 量能金叉 + 量比>=2,77,0.0167,0.0145,1.151,0.3247,0.2946,0.0301,L3
震荡-2买,量比>=1.3 + 量能金叉 + 中枢上穿中轴,109,0.0274,0.019,1.444,0.3761,0.2946,0.0816,L3
震荡-2买,量比>=1.3 + 量能金叉 + 放量,241,0.0714,0.0374,1.912,0.444,0.2946,0.1494,L3
震荡-2买,量比>=1.3 + 量能金叉 + 价涨量增,231,0.0688,0.0357,1.927,0.4459,0.2946,0.1513,L3
震荡-2买,量比>=1.3 + 量能金叉 + 趋势多头,77,0.022,0.0123,1.796,0.4286,0.2946,0.134,L3
震荡-2买,量比>=1.3 + 量能金叉 + 量比大于1_3,243,0.0728,0.0374,1.948,0.4486,0.2946,0.154,L3
震荡-2买,量比>=1.3 + 量能金叉 + 相对强弱大于5,65,0.014,0.0123,1.143,0.3231,0.2946,0.0285,L3
震荡-2买,量比>=1.3 + 量能金叉 + 威科夫得分大于4,77,0.022,0.0123,1.796,0.4286,0.2946,0.134,L3
震荡-2买,量比>=1.3 + 量比大于2 + 量能递增,285,0.0854,0.0438,1.952,0.4491,0.2946,0.1545,L3
震荡-2买,量比>=1.3 + 量比大于2 + 量比>=2,145,0.0334,0.0265,1.26,0.3448,0.2946,0.0502,L3
震荡-2买,量比>=1.3 + 量比大于2 + 中枢上穿中轴,110,0.024,0.0206,1.165,0.3273,0.2946,0.0327,L3
震荡-2买,量比>=1.3 + 量比大于2 + 放量,320,0.0928,0.0505,1.839,0.4344,0.2946,0.1398,L3
震荡-2买,量比>=1.3 + 量比大于2 + 价涨量增,309,0.0895,0.0488,1.834,0.4337,0.2946,0.1391,L3
震荡-2买,量比>=1.3 + 量比大于2 + 趋势多头,83,0.0234,0.0134,1.746,0.4217,0.2946,0.1271,L3
震荡-2买,量比>=1.3 + 量比大于2 + 量比大于1_3,322,0.0935,0.0507,1.842,0.4348,0.2946,0.1402,L3
震荡-2买,量比>=1.3 + 量比大于2 + 相对强弱大于5,82,0.0174,0.0156,1.112,0.3171,0.2946,0.0225,L3
震荡-2买,量比>=1.3 + 量比大于2 + 威科夫得分大于4,95,0.0247,0.0162,1.528,0.3895,0.2946,0.0949,L3
震荡-2买,量比>=1.3 + BOLL突破上轨 + 量能递增,55,0.0127,0.01,1.264,0.3455,0.2946,0.0509,L3
震荡-2买,量比>=1.3 + BOLL突破上轨 + 放量,59,0.0127,0.0112,1.137,0.322,0.2946,0.0274,L3
震荡-2买,量比>=1.3 + BOLL突破上轨 + 价涨量增,59,0.0127,0.0112,1.137,0.322,0.2946,0.0274,L3
震荡-2买,量比>=1.3 + BOLL突破上轨 + 量比大于1_3,59,0.0127,0.0112,1.137,0.322,0.2946,0.0274,L3
震荡-2买,量比>=1.3 + 量能递增 + 量比>=2,122,0.0287,0.022,1.303,0.3525,0.2946,0.0579,L3
震荡-2买,量比>=1.3 + 量能递增 + 中枢上穿中轴,157,0.0381,0.0279,1.365,0.3631,0.2946,0.0685,L3
震荡-2买,量比>=1.3 + 量能递增 + 距前高<=10%,75,0.0214,0.012,1.782,0.4267,0.2946,0.1321,L3
震荡-2买,量比>=1.3 + 量能递增 + 放量,522,0.1482,0.0836,1.772,0.4253,0.2946,0.1307,L3
震荡-2买,量比>=1.3 + 量能递增 + 价涨量增,489,0.1422,0.0769,1.848,0.4356,0.2946,0.141,L3
震荡-2买,量比>=1.3 + 量能递增 + 趋势多头,109,0.0287,0.0184,1.56,0.3945,0.2946,0.0999,L3
震荡-2买,量比>=1.3 + 量能递增 + 量比大于1_3,522,0.1482,0.0836,1.772,0.4253,0.2946,0.1307,L3
震荡-2买,量比>=1.3 + 量能递增 + 相对强弱大于5,93,0.0187,0.0181,1.031,0.3011,0.2946,0.0065,L3
震荡-2买,量比>=1.3 + 量能递增 + 威科夫得分大于4,133,0.0327,0.0234,1.397,0.3684,0.2946,0.0738,L3
震荡-2买,量比>=1.3 + 量比>=2 + 放量,144,0.0334,0.0262,1.274,0.3472,0.2946,0.0526,L3
震荡-2买,量比>=1.3 + 量比>=2 + 价涨量增,139,0.0334,0.0248,1.345,0.3597,0.2946,0.0651,L3
震荡-2买,量比>=1.3 + 量比>=2 + 量比大于1_3,145,0.0334,0.0265,1.26,0.3448,0.2946,0.0502,L3
震荡-2买,量比>=1.3 + 中枢上穿中轴 + 放量,179,0.0434,0.0318,1.365,0.3631,0.2946,0.0685,L3
震荡-2买,量比>=1.3 + 中枢上穿中轴 + 价涨量增,175,0.0427,0.0309,1.381,0.3657,0.2946,0.0711,L3
震荡-2买,量比>=1.3 + 中枢上穿中轴 + 趋势多头,88,0.0227,0.0151,1.508,0.3864,0.2946,0.0918,L3
震荡-2买,量比>=1.3 + 中枢上穿中轴 + 量比大于1_3,184,0.0454,0.0323,1.404,0.3696,0.2946,0.075,L3
震荡-2买,量比>=1.3 + 中枢上穿中轴 + 相对强弱大于5,55,0.0134,0.0098,1.368,0.3636,0.2946,0.069,L3
震荡-2买,量比>=1.3 + 中枢上穿中轴 + 威科夫得分大于4,72,0.02,0.0117,1.71,0.4167,0.2946,0.1221,L3
震荡-2买,量比>=1.3 + 距前高<=10% + 放量,100,0.0267,0.0167,1.596,0.4,0.2946,0.1054,L3
震荡-2买,量比>=1.3 + 距前高<=10% + 价涨量增,93,0.0267,0.0148,1.807,0.4301,0.2946,0.1355,L3
震荡-2买,量比>=1.3 + 距前高<=10% + 趋势多头,58,0.0174,0.0089,1.946,0.4483,0.2946,0.1537,L3
震荡-2买,量比>=1.3 + 距前高<=10% + 量比大于1_3,102,0.0274,0.017,1.609,0.402,0.2946,0.1074,L3
震荡-2买,量比>=1.3 + 放量 + 价涨量增,625,0.1662,0.1048,1.586,0.3984,0.2946,0.1038,L3
震荡-2买,量比>=1.3 + 放量 + 趋势多头,140,0.034,0.0248,1.372,0.3643,0.2946,0.0697,L3
震荡-2买,量比>=1.3 + 放量 + 量比大于1_3,696,0.1816,0.1182,1.536,0.3908,0.2946,0.0962,L3
震荡-2买,量比>=1.3 + 放量 + 相对强弱大于5,103,0.0214,0.0198,1.079,0.3107,0.2946,0.0161,L3
震荡-2买,量比>=1.3 + 放量 + 威科夫得分大于4,157,0.036,0.0287,1.255,0.3439,0.2946,0.0494,L3
震荡-2买,量比>=1.3 + 价涨量增 + 趋势多头,133,0.0327,0.0234,1.397,0.3684,0.2946,0.0738,L3
震荡-2买,量比>=1.3 + 价涨量增 + 量比大于1_3,625,0.1662,0.1048,1.586,0.3984,0.2946,0.1038,L3
震荡-2买,量比>=1.3 + 价涨量增 + 相对强弱大于5,101,0.0207,0.0195,1.06,0.3069,0.2946,0.0123,L3
震荡-2买,量比>=1.3 + 价涨量增 + 威科夫得分大于4,147,0.0347,0.0265,1.311,0.3537,0.2946,0.0591,L3
震荡-2买,量比>=1.3 + 趋势多头 + 量比大于1_3,142,0.034,0.0254,1.342,0.3592,0.2946,0.0646,L3
震荡-2买,量比>=1.3 + 趋势多头 + 相对强弱大于5,51,0.014,0.0084,1.676,0.4118,0.2946,0.1172,L3
震荡-2买,量比>=1.3 + 趋势多头 + 威科夫得分大于4,94,0.0214,0.0173,1.236,0.3404,0.2946,0.0458,L3
震荡-2买,量比>=1.3 + 量比大于1_3 + 相对强弱大于5,105,0.0214,0.0204,1.05,0.3048,0.2946,0.0102,L3
震荡-2买,量比>=1.3 + 量比大于1_3 + 威科夫得分大于4,159,0.0367,0.029,1.266,0.3459,0.2946,0.0513,L3
震荡-2买,量比>=1.3 + 相对强弱大于5 + 威科夫得分大于4,58,0.0134,0.0106,1.26,0.3448,0.2946,0.0502,L3
震荡-2买,火箭信号 + MACD零轴上金叉 + 量比大于2,57,0.012,0.0109,1.105,0.3158,0.2946,0.0212,L3
震荡-2买,火箭信号 + MACD零轴上金叉 + BOLL突破上轨,53,0.01,0.0106,0.945,0.283,0.2946,-0.0116,L3
震荡-2买,火箭信号 + MACD零轴上金叉 + 量能递增,57,0.0113,0.0112,1.018,0.2982,0.2946,0.0037,L3
震荡-2买,火箭信号 + MACD零轴上金叉 + 放量,63,0.012,0.0125,0.958,0.2857,0.2946,-0.0089,L3
震荡-2买,火箭信号 + MACD零轴上金叉 + 价涨量增,62,0.012,0.0123,0.98,0.2903,0.2946,-0.0043,L3
震荡-2买,火箭信号 + MACD零轴上金叉 + 趋势多头,62,0.012,0.0123,0.98,0.2903,0.2946,-0.0043,L3
震荡-2买,火箭信号 + MACD零轴上金叉 + 量比大于1_3,62,0.012,0.0123,0.98,0.2903,0.2946,-0.0043,L3
震荡-2买,火箭信号 + MACD零轴上金叉 + 相对强弱大于5,57,0.0107,0.0114,0.934,0.2807,0.2946,-0.0139,L3
震荡-2买,火箭信号 + MACD零轴上金叉 + 威科夫得分大于4,56,0.0113,0.0109,1.044,0.3036,0.2946,0.009,L3
震荡-2买,火箭信号 + 量能金叉 + 量比大于2,102,0.028,0.0167,1.676,0.4118,0.2946,0.1172,L3
震荡-2买,火箭信号 + 量能金叉 + BOLL突破上轨,57,0.0147,0.0098,1.505,0.386,0.2946,0.0914,L3
震荡-2买,火箭信号 + 量能金叉 + 量能递增,105,0.03,0.0167,1.796,0.4286,0.2946,0.134,L3
震荡-2买,火箭信号 + 量能金叉 + 中枢上穿中轴,81,0.0207,0.0139,1.485,0.3827,0.2946,0.0881,L3
震荡-2买,火箭信号 + 量能金叉 + 放量,118,0.034,0.0187,1.823,0.4322,0.2946,0.1376,L3
震荡-2买,火箭信号 + 量能金叉 + 价涨量增,115,0.032,0.0187,1.715,0.4174,0.2946,0.1228,L3
震荡-2买,火箭信号 + 量能金叉 + 趋势多头,71,0.02,0.0114,1.752,0.4225,0.2946,0.1279,L3
震荡-2买,火箭信号 + 量能金叉 + 量比大于1_3,119,0.0347,0.0187,1.858,0.437,0.2946,0.1424,L3
震荡-2买,火箭信号 + 量能金叉 + 相对强弱大于5,81,0.0227,0.0131,1.732,0.4198,0.2946,0.1252,L3
震荡-2买,火箭信号 + 量能金叉 + 威科夫得分大于4,68,0.018,0.0114,1.577,0.3971,0.2946,0.1025,L3
震荡-2买,火箭信号 + 量比大于2 + BOLL突破上轨,82,0.0187,0.0151,1.242,0.3415,0.2946,0.0469,L3
震荡-2买,火箭信号 + 量比大于2 + 量能递增,153,0.0374,0.027,1.382,0.366,0.2946,0.0714,L3
震荡-2买,火箭信号 + 量比大于2 + 中枢上穿中轴,133,0.032,0.0237,1.352,0.3609,0.2946,0.0663,L3
震荡-2买,火箭信号 + 量比大于2 + 放量,188,0.0474,0.0326,1.453,0.3777,0.2946,0.0831,L3
震荡-2买,火箭信号 + 量比大于2 + 价涨量增,186,0.0474,0.0321,1.478,0.3817,0.2946,0.0871,L3
震荡-2买,火箭信号 + 量比大于2 + 趋势多头,117,0.0294,0.0204,1.443,0.3761,0.2946,0.0815,L3
震荡-2买,火箭信号 + 量比大于2 + 量比大于1_3,189,0.0481,0.0326,1.474,0.381,0.2946,0.0864,L3
震荡-2买,火箭信号 + 量比大于2 + 相对强弱大于5,128,0.0327,0.022,1.485,0.3828,0.2946,0.0882,L3
震荡-2买,火箭信号 + 量比大于2 + 威科夫得分大于4,105,0.024,0.0192,1.249,0.3429,0.2946,0.0483,L3
震荡-2买,火箭信号 + BOLL突破上轨 + 量能递增,80,0.018,0.0148,1.22,0.3375,0.2946,0.0429,L3
震荡-2买,火箭信号 + BOLL突破上轨 + 中枢上穿中轴,67,0.0154,0.0123,1.252,0.3433,0.2946,0.0487,L3
震荡-2买,火箭信号 + BOLL突破上轨 + 放量,89,0.02,0.0164,1.218,0.3371,0.2946,0.0425,L3
震荡-2买,火箭信号 + BOLL突破上轨 + 价涨量增,88,0.02,0.0162,1.239,0.3409,0.2946,0.0463,L3
震荡-2买,火箭信号 + BOLL突破上轨 + 趋势多头,67,0.0147,0.0125,1.171,0.3284,0.2946,0.0338,L3
震荡-2买,火箭信号 + BOLL突破上轨 + 量比大于1_3,89,0.02,0.0164,1.218,0.3371,0.2946,0.0425,L3
震荡-2买,火箭信号 + BOLL突破上轨 + 相对强弱大于5,83,0.018,0.0156,1.155,0.3253,0.2946,0.0307,L3
震荡-2买,火箭信号 + BOLL突破上轨 + 威科夫得分大于4,71,0.016,0.0131,1.223,0.338,0.2946,0.0434,L3
震荡-2买,火箭信号 + 量能递增 + 中枢上穿中轴,135,0.0334,0.0237,1.409,0.3704,0.2946,0.0758,L3
震荡-2买,火箭信号 + 量能递增 + 放量,200,0.0527,0.0337,1.563,0.395,0.2946,0.1004,L3
震荡-2买,火箭信号 + 量能递增 + 价涨量增,194,0.0494,0.0335,1.477,0.3814,0.2946,0.0869,L3
震荡-2买,火箭信号 + 量能递增 + 趋势多头,110,0.028,0.019,1.479,0.3818,0.2946,0.0872,L3
震荡-2买,火箭信号 + 量能递增 + 量比大于1_3,195,0.0514,0.0329,1.563,0.3949,0.2946,0.1003,L3
震荡-2买,火箭信号 + 量能递增 + 相对强弱大于5,125,0.03,0.0223,1.347,0.36,0.2946,0.0654,L3
震荡-2买,火箭信号 + 量能递增 + 威科夫得分大于4,111,0.0247,0.0206,1.197,0.3333,0.2946,0.0387,L3
震荡-2买,火箭信号 + 中枢上穿中轴 + 放量,161,0.0381,0.029,1.312,0.354,0.2946,0.0594,L3
震荡-2买,火箭信号 + 中枢上穿中轴 + 价涨量增,160,0.0381,0.0287,1.325,0.3563,0.2946,0.0617,L3
震荡-2买,火箭信号 + 中枢上穿中轴 + 趋势多头,115,0.0294,0.0198,1.484,0.3826,0.2946,0.088,L3
震荡-2买,火箭信号 + 中枢上穿中轴 + 量比大于1_3,159,0.0381,0.0284,1.338,0.3585,0.2946,0.0639,L3
震荡-2买,火箭信号 + 中枢上穿中轴 + 相对强弱大于5,118,0.0294,0.0206,1.424,0.3729,0.2946,0.0783,L3
震荡-2买,火箭信号 + 中枢上穿中轴 + 威科夫得分大于4,98,0.0234,0.0176,1.33,0.3571,0.2946,0.0626,L3
震荡-2买,火箭信号 + 多头排列 + 趋势多头,51,0.0127,0.0089,1.422,0.3725,0.2946,0.078,L3
震荡-2买,火箭信号 + 多头排列 + 威科夫得分大于4,50,0.0127,0.0086,1.468,0.38,0.2946,0.0854,L3
震荡-2买,火箭信号 + 放量 + 价涨量增,254,0.0641,0.044,1.455,0.378,0.2946,0.0834,L3
震荡-2买,火箭信号 + 放量 + 趋势多头,148,0.0367,0.0259,1.416,0.3716,0.2946,0.077,L3
震荡-2买,火箭信号 + 放量 + 量比大于1_3,259,0.0674,0.044,1.531,0.39,0.2946,0.0954,L3
震荡-2买,火箭信号 + 放量 + 相对强弱大于5,155,0.0367,0.0279,1.317,0.3548,0.2946,0.0602,L3
震荡-2买,火箭信号 + 放量 + 威科夫得分大于4,132,0.0294,0.0245,1.197,0.3333,0.2946,0.0387,L3
震荡-2买,火箭信号 + 价涨量增 + 趋势多头,145,0.036,0.0254,1.421,0.3724,0.2946,0.0778,L3
震荡-2买,火箭信号 + 价涨量增 + 量比大于1_3,249,0.0628,0.0432,1.452,0.3775,0.2946,0.0829,L3
震荡-2买,火箭信号 + 价涨量增 + 相对强弱大于5,153,0.0367,0.0273,1.344,0.3595,0.2946,0.0649,L3
震荡-2买,火箭信号 + 价涨量增 + 威科夫得分大于4,130,0.0294,0.024,1.225,0.3385,0.2946,0.0439,L3
震荡-2买,火箭信号 + 趋势多头 + 量比大于1_3,147,0.0367,0.0256,1.432,0.3741,0.2946,0.0796,L3
震荡-2买,火箭信号 + 趋势多头 + 相对强弱大于5,113,0.026,0.0206,1.262,0.3451,0.2946,0.0505,L3
震荡-2买,火箭信号 + 趋势多头 + 威科夫得分大于4,115,0.028,0.0204,1.378,0.3652,0.2946,0.0706,L3
震荡-2买,火箭信号 + 量比大于1_3 + 相对强弱大于5,154,0.0367,0.0276,1.33,0.3571,0.2946,0.0626,L3
震荡-2买,火箭信号 + 量比大于1_3 + 威科夫得分大于4,131,0.0294,0.0243,1.211,0.3359,0.2946,0.0413,L3
震荡-2买,火箭信号 + 相对强弱大于5 + 威科夫得分大于4,106,0.024,0.0195,1.231,0.3396,0.2946,0.045,L3
震荡-2买,MACD零轴上金叉 + 量能金叉 + 量比大于2,95,0.0254,0.0159,1.596,0.4,0.2946,0.1054,L3
震荡-2买,MACD零轴上金叉 + 量能金叉 + BOLL突破上轨,77,0.018,0.0139,1.293,0.3506,0.2946,0.0561,L3
震荡-2买,MACD零轴上金叉 + 量能金叉 + 量能递增,101,0.026,0.0173,1.506,0.3861,0.2946,0.0915,L3
震荡-2买,MACD零轴上金叉 + 量能金叉 + 中枢上穿中轴,87,0.0234,0.0145,1.612,0.4023,0.2946,0.1077,L3
震荡-2买,MACD零轴上金叉 + 量能金叉 + 放量,110,0.0287,0.0187,1.537,0.3909,0.2946,0.0963,L3
震荡-2买,MACD零轴上金叉 + 量能金叉 + 价涨量增,110,0.0287,0.0187,1.537,0.3909,0.2946,0.0963,L3
震荡-2买,MACD零轴上金叉 + 量能金叉 + 趋势多头,102,0.0267,0.0173,1.545,0.3922,0.2946,0.0976,L3
震荡-2买,MACD零轴上金叉 + 量能金叉 + 量比大于1_3,110,0.0287,0.0187,1.537,0.3909,0.2946,0.0963,L3
震荡-2买,MACD零轴上金叉 + 量能金叉 + 相对强弱大于5,66,0.0154,0.012,1.281,0.3485,0.2946,0.0539,L3
震荡-2买,MACD零轴上金叉 + 量能金叉 + 威科夫得分大于4,94,0.0247,0.0159,1.554,0.3936,0.2946,0.099,L3
震荡-2买,MACD零轴上金叉 + 量比大于2 + BOLL突破上轨,105,0.0254,0.0187,1.358,0.3619,0.2946,0.0673,L3
震荡-2买,MACD零轴上金叉 + 量比大于2 + 量能递增,121,0.0307,0.0209,1.469,0.3802,0.2946,0.0856,L3
震荡-2买,MACD零轴上金叉 + 量比大于2 + 中枢上穿中轴,106,0.026,0.0187,1.394,0.3679,0.2946,0.0733,L3
震荡-2买,MACD零轴上金叉 + 量比大于2 + 距前高<=10%,55,0.0167,0.0084,1.995,0.4545,0.2946,0.16,L3
震荡-2买,MACD零轴上金叉 + 量比大于2 + 多头排列,54,0.0154,0.0086,1.777,0.4259,0.2946,0.1313,L3
震荡-2买,MACD零轴上金叉 + 量比大于2 + 放量,133,0.0334,0.0231,1.442,0.3759,0.2946,0.0813,L3
震荡-2买,MACD零轴上金叉 + 量比大于2 + 价涨量增,132,0.0334,0.0229,1.46,0.3788,0.2946,0.0842,L3
震荡-2买,MACD零轴上金叉 + 量比大于2 + 趋势多头,127,0.032,0.022,1.455,0.378,0.2946,0.0834,L3
震荡-2买,MACD零轴上金叉 + 量比大于2 + 量比大于1_3,133,0.0334,0.0231,1.442,0.3759,0.2946,0.0813,L3
震荡-2买,MACD零轴上金叉 + 量比大于2 + 相对强弱大于5,88,0.02,0.0162,1.239,0.3409,0.2946,0.0463,L3
震荡-2买,MACD零轴上金叉 + 量比大于2 + 威科夫得分大于4,117,0.0307,0.0198,1.551,0.3932,0.2946,0.0986,L3
震荡-2买,MACD零轴上金叉 + BOLL突破上轨 + 量能递增,114,0.028,0.0201,1.397,0.3684,0.2946,0.0738,L3
震荡-2买,MACD零轴上金叉 + BOLL突破上轨 + 中枢上穿中轴,97,0.0247,0.0167,1.477,0.3814,0.2946,0.0869,L3
震荡-2买,MACD零轴上金叉 + BOLL突破上轨 + 距前高<=10%,60,0.0167,0.0098,1.71,0.4167,0.2946,0.1221,L3
震荡-2买,MACD零轴上金叉 + BOLL突破上轨 + 多头排列,61,0.016,0.0103,1.553,0.3934,0.2946,0.0989,L3
震荡-2买,MACD零轴上金叉 + BOLL突破上轨 + 放量,125,0.0294,0.0226,1.301,0.352,0.2946,0.0574,L3
震荡-2买,MACD零轴上金叉 + BOLL突破上轨 + 价涨量增,124,0.0294,0.0223,1.317,0.3548,0.2946,0.0602,L3
震荡-2买,MACD零轴上金叉 + BOLL突破上轨 + 趋势多头,121,0.0287,0.0217,1.32,0.3554,0.2946,0.0608,L3
震荡-2买,MACD零轴上金叉 + BOLL突破上轨 + 量比大于1_3,124,0.0294,0.0223,1.317,0.3548,0.2946,0.0602,L3
震荡-2买,MACD零轴上金叉 + BOLL突破上轨 + 相对强弱大于5,87,0.0187,0.0164,1.136,0.3218,0.2946,0.0272,L3
震荡-2买,MACD零轴上金叉 + BOLL突破上轨 + 威科夫得分大于4,115,0.03,0.0195,1.539,0.3913,0.2946,0.0967,L3
震荡-2买,MACD零轴上金叉 + 量能递增 + 中枢上穿中轴,131,0.0327,0.0229,1.431,0.374,0.2946,0.0795,L3
震荡-2买,MACD零轴上金叉 + 量能递增 + 距前高<=10%,74,0.0214,0.0117,1.824,0.4324,0.2946,0.1378,L3
震荡-2买,MACD零轴上金叉 + 量能递增 + 多头排列,65,0.018,0.0106,1.701,0.4154,0.2946,0.1208,L3
震荡-2买,MACD零轴上金叉 + 量能递增 + 放量,162,0.0401,0.0284,1.409,0.3704,0.2946,0.0758,L3
震荡-2买,MACD零轴上金叉 + 量能递增 + 价涨量增,161,0.0401,0.0282,1.422,0.3727,0.2946,0.0781,L3
震荡-2买,MACD零轴上金叉 + 量能递增 + 趋势多头,152,0.0381,0.0265,1.437,0.375,0.2946,0.0804,L3
震荡-2买,MACD零轴上金叉 + 量能递增 + 量比大于1_3,155,0.0394,0.0268,1.472,0.3806,0.2946,0.0861,L3
震荡-2买,MACD零轴上金叉 + 量能递增 + 相对强弱大于5,96,0.0207,0.0181,1.142,0.3229,0.2946,0.0283,L3
震荡-2买,MACD零轴上金叉 + 量能递增 + 威科夫得分大于4,140,0.036,0.024,1.504,0.3857,0.2946,0.0911,L3
震荡-2买,MACD零轴上金叉 + 中枢上穿中轴 + 距前高<=10%,65,0.02,0.0098,2.052,0.4615,0.2946,0.1669,L3
震荡-2买,MACD零轴上金叉 + 中枢上穿中轴 + 多头排列,53,0.0154,0.0084,1.836,0.434,0.2946,0.1394,L3
震荡-2买,MACD零轴上金叉 + 中枢上穿中轴 + 放量,143,0.036,0.0248,1.453,0.3776,0.2946,0.083,L3
震荡-2买,MACD零轴上金叉 + 中枢上穿中轴 + 价涨量增,142,0.036,0.0245,1.469,0.3803,0.2946,0.0857,L3
震荡-2买,MACD零轴上金叉 + 中枢上穿中轴 + 趋势多头,137,0.0347,0.0237,1.465,0.3796,0.2946,0.085,L3
震荡-2买,MACD零轴上金叉 + 中枢上穿中轴 + 量比大于1_3,137,0.0354,0.0234,1.511,0.3869,0.2946,0.0923,L3
震荡-2买,MACD零轴上金叉 + 中枢上穿中轴 + 相对强弱大于5,80,0.016,0.0156,1.026,0.3,0.2946,0.0054,L3
震荡-2买,MACD零轴上金叉 + 中枢上穿中轴 + 威科夫得分大于4,121,0.032,0.0204,1.574,0.3967,0.2946,0.1021,L3
震荡-2买,MACD零轴上金叉 + 距前高<=10% + 放量,85,0.024,0.0137,1.759,0.4235,0.2946,0.1289,L3
震荡-2买,MACD零轴上金叉 + 距前高<=10% + 价涨量增,85,0.024,0.0137,1.759,0.4235,0.2946,0.1289,L3
震荡-2买,MACD零轴上金叉 + 距前高<=10% + 趋势多头,84,0.024,0.0134,1.796,0.4286,0.2946,0.134,L3
震荡-2买,MACD零轴上金叉 + 距前高<=10% + 量比大于1_3,82,0.0234,0.0131,1.783,0.4268,0.2946,0.1322,L3
震荡-2买,MACD零轴上金叉 + 距前高<=10% + 威科夫得分大于4,72,0.022,0.0109,2.026,0.4583,0.2946,0.1637,L3
震荡-2买,MACD零轴上金叉 + 多头排列 + 放量,75,0.02,0.0125,1.596,0.4,0.2946,0.1054,L3
震荡-2买,MACD零轴上金叉 + 多头排列 + 价涨量增,74,0.02,0.0123,1.633,0.4054,0.2946,0.1108,L3
震荡-2买,MACD零轴上金叉 + 多头排列 + 趋势多头,76,0.0207,0.0125,1.65,0.4079,0.2946,0.1133,L3
震荡-2买,MACD零轴上金叉 + 多头排列 + 量比大于1_3,72,0.02,0.0117,1.71,0.4167,0.2946,0.1221,L3
震荡-2买,MACD零轴上金叉 + 多头排列 + 相对强弱大于5,58,0.0147,0.01,1.463,0.3793,0.2946,0.0847,L3
震荡-2买,MACD零轴上金叉 + 多头排列 + 威科夫得分大于4,73,0.0194,0.0123,1.578,0.3973,0.2946,0.1027,L3
震荡-2买,MACD零轴上金叉 + 放量 + 价涨量增,185,0.0447,0.0329,1.36,0.3622,0.2946,0.0676,L3
震荡-2买,MACD零轴上金叉 + 放量 + 趋势多头,176,0.0427,0.0312,1.368,0.3636,0.2946,0.069,L3
震荡-2买,MACD零轴上金叉 + 放量 + 量比大于1_3,179,0.0441,0.0315,1.399,0.3687,0.2946,0.0741,L3
震荡-2买,MACD零轴上金叉 + 放量 + 相对强弱大于5,104,0.0214,0.0201,1.064,0.3077,0.2946,0.0131,L3
震荡-2买,MACD零轴上金叉 + 放量 + 威科夫得分大于4,155,0.0387,0.027,1.432,0.3742,0.2946,0.0796,L3
震荡-2买,MACD零轴上金叉 + 价涨量增 + 趋势多头,175,0.0427,0.0309,1.381,0.3657,0.2946,0.0711,L3
震荡-2买,MACD零轴上金叉 + 价涨量增 + 量比大于1_3,178,0.0441,0.0312,1.411,0.3708,0.2946,0.0762,L3
震荡-2买,MACD零轴上金叉 + 价涨量增 + 相对强弱大于5,103,0.0214,0.0198,1.079,0.3107,0.2946,0.0161,L3
震荡-2买,MACD零轴上金叉 + 价涨量增 + 威科夫得分大于4,154,0.0387,0.0268,1.447,0.3766,0.2946,0.082,L3
震荡-2买,MACD零轴上金叉 + 趋势多头 + 量比大于1_3,171,0.0421,0.0301,1.397,0.3684,0.2946,0.0738,L3
震荡-2买,MACD零轴上金叉 + 趋势多头 + 相对强弱大于5,102,0.0214,0.0195,1.095,0.3137,0.2946,0.0191,L3
震荡-2买,MACD零轴上金叉 + 趋势多头 + 威科夫得分大于4,152,0.0381,0.0265,1.437,0.375,0.2946,0.0804,L3
震荡-2买,MACD零轴上金叉 + 量比大于1_3 + 相对强弱大于5,101,0.0214,0.0192,1.111,0.3168,0.2946,0.0222,L3
震荡-2买,MACD零轴上金叉 + 量比大于1_3 + 威科夫得分大于4,150,0.0387,0.0256,1.51,0.3867,0.2946,0.0921,L3
震荡-2买,MACD零轴上金叉 + 相对强弱大于5 + 威科夫得分大于4,99,0.0214,0.0187,1.144,0.3232,0.2946,0.0286,L3
震荡-2买,量能金叉 + 量比大于2 + BOLL突破上轨,132,0.0354,0.022,1.606,0.4015,0.2946,0.1069,L3
震荡-2买,量能金叉 + 量比大于2 + 量能递增,404,0.1081,0.0675,1.603,0.401,0.2946,0.1064,L3
震荡-2买,量能金叉 + 量比大于2 + 量比>=2,77,0.0167,0.0145,1.151,0.3247,0.2946,0.0301,L3
震荡-2买,量能金叉 + 量比大于2 + 中枢上穿中轴,258,0.0628,0.0457,1.372,0.3643,0.2946,0.0697,L3
震荡-2买,量能金叉 + 量比大于2 + 距前高<=10%,84,0.0254,0.0128,1.978,0.4524,0.2946,0.1578,L3
震荡-2买,量能金叉 + 量比大于2 + 多头排列,56,0.014,0.0098,1.437,0.375,0.2946,0.0804,L3
震荡-2买,量能金叉 + 量比大于2 + 放量,449,0.1175,0.0761,1.544,0.392,0.2946,0.0974,L3
震荡-2买,量能金叉 + 量比大于2 + 价涨量增,422,0.1135,0.0703,1.615,0.4028,0.2946,0.1083,L3
震荡-2买,量能金叉 + 量比大于2 + 趋势多头,208,0.0534,0.0357,1.497,0.3846,0.2946,0.09,L3
震荡-2买,量能金叉 + 量比大于2 + 量比大于1_3,449,0.1175,0.0761,1.544,0.392,0.2946,0.0974,L3
震荡-2买,量能金叉 + 量比大于2 + 相对强弱大于5,168,0.0407,0.0298,1.365,0.3631,0.2946,0.0685,L3
震荡-2买,量能金叉 + 量比大于2 + 威科夫得分大于4,193,0.0501,0.0329,1.522,0.3886,0.2946,0.094,L3
震荡-2买,量能金叉 + BOLL突破上轨 + 量能递增,139,0.0367,0.0234,1.568,0.3957,0.2946,0.1011,L3
震荡-2买,量能金叉 + BOLL突破上轨 + 中枢上穿中轴,118,0.032,0.0195,1.642,0.4068,0.2946,0.1122,L3
震荡-2买,量能金叉 + BOLL突破上轨 + 放量,144,0.0381,0.0243,1.569,0.3958,0.2946,0.1012,L3
震荡-2买,量能金叉 + BOLL突破上轨 + 价涨量增,144,0.0381,0.0243,1.569,0.3958,0.2946,0.1012,L3
震荡-2买,量能金叉 + BOLL突破上轨 + 趋势多头,90,0.024,0.0151,1.596,0.4,0.2946,0.1054,L3
震荡-2买,量能金叉 + BOLL突破上轨 + 量比大于1_3,144,0.0381,0.0243,1.569,0.3958,0.2946,0.1012,L3
震荡-2买,量能金叉 + BOLL突破上轨 + 相对强弱大于5,99,0.0267,0.0164,1.623,0.404,0.2946,0.1094,L3
震荡-2买,量能金叉 + BOLL突破上轨 + 威科夫得分大于4,115,0.03,0.0195,1.539,0.3913,0.2946,0.0967,L3
震荡-2买,量能金叉 + 量能递增 + 量比>=2,74,0.016,0.0139,1.149,0.3243,0.2946,0.0297,L3
震荡-2买,量能金叉 + 量能递增 + 中枢上穿中轴,322,0.0781,0.0572,1.367,0.3634,0.2946,0.0688,L3
震荡-2买,量能金叉 + 量能递增 + 距前高<=10%,131,0.0367,0.0212,1.733,0.4198,0.2946,0.1253,L3
震荡-2买,量能金叉 + 量能递增 + 多头排列,69,0.0147,0.0131,1.121,0.3188,0.2946,0.0242,L3
震荡-2买,量能金叉 + 量能递增 + 放量,632,0.1642,0.1076,1.526,0.3892,0.2946,0.0946,L3
震荡-2买,量能金叉 + 量能递增 + 价涨量增,574,0.1522,0.0965,1.578,0.3972,0.2946,0.1026,L3
震荡-2买,量能金叉 + 量能递增 + 趋势多头,241,0.0601,0.0421,1.427,0.3734,0.2946,0.0789,L3
震荡-2买,量能金叉 + 量能递增 + 量比大于1_3,604,0.1582,0.1023,1.546,0.3924,0.2946,0.0978,L3
震荡-2买,量能金叉 + 量能递增 + 相对强弱大于5,171,0.0401,0.0309,1.294,0.3509,0.2946,0.0563,L3
震荡-2买,量能金叉 + 量能递增 + 威科夫得分大于4,247,0.0587,0.0443,1.325,0.3563,0.2946,0.0617,L3
震荡-2买,量能金叉 + 量比>=2 + 放量,77,0.0167,0.0145,1.151,0.3247,0.2946,0.0301,L3
震荡-2买,量能金叉 + 量比>=2 + 价涨量增,74,0.0167,0.0137,1.222,0.3378,0.2946,0.0432,L3
震荡-2买,量能金叉 + 量比>=2 + 量比大于1_3,77,0.0167,0.0145,1.151,0.3247,0.2946,0.0301,L3
震荡-2买,量能金叉 + 中枢上穿中轴 + 距前高<=10%,94,0.026,0.0153,1.698,0.4149,0.2946,0.1203,L3
震荡-2买,量能金叉 + 中枢上穿中轴 + 多头排列,50,0.0134,0.0084,1.596,0.4,0.2946,0.1054,L3
震荡-2买,量能金叉 + 中枢上穿中轴 + 放量,358,0.0848,0.0644,1.316,0.3547,0.2946,0.0602,L3
震荡-2买,量能金叉 + 中枢上穿中轴 + 价涨量增,345,0.0834,0.0613,1.361,0.3623,0.2946,0.0677,L3
震荡-2买,量能金叉 + 中枢上穿中轴 + 趋势多头,209,0.0501,0.0374,1.34,0.3589,0.2946,0.0643,L3
震荡-2买,量能金叉 + 中枢上穿中轴 + 量比大于1_3,350,0.0834,0.0627,1.33,0.3571,0.2946,0.0626,L3
震荡-2买,量能金叉 + 中枢上穿中轴 + 相对强弱大于5,139,0.0354,0.024,1.476,0.3813,0.2946,0.0867,L3
震荡-2买,量能金叉 + 中枢上穿中轴 + 威科夫得分大于4,181,0.0461,0.0312,1.475,0.3812,0.2946,0.0866,L3
震荡-2买,量能金叉 + 距前高<=10% + 放量,151,0.0407,0.0251,1.623,0.404,0.2946,0.1094,L3
震荡-2买,量能金叉 + 距前高<=10% + 价涨量增,135,0.0374,0.022,1.697,0.4148,0.2946,0.1202,L3
震荡-2买,量能金叉 + 距前高<=10% + 趋势多头,110,0.0314,0.0176,1.786,0.4273,0.2946,0.1327,L3
震荡-2买,量能金叉 + 距前高<=10% + 量比大于1_3,144,0.0381,0.0243,1.569,0.3958,0.2946,0.1012,L3
震荡-2买,量能金叉 + 距前高<=10% + 威科夫得分大于4,86,0.0234,0.0142,1.643,0.407,0.2946,0.1124,L3
震荡-2买,量能金叉 + 多头排列 + 放量,84,0.0174,0.0162,1.073,0.3095,0.2946,0.0149,L3
震荡-2买,量能金叉 + 多头排列 + 价涨量增,76,0.0174,0.0139,1.245,0.3421,0.2946,0.0475,L3
震荡-2买,量能金叉 + 多头排列 + 趋势多头,80,0.0174,0.0151,1.153,0.325,0.2946,0.0304,L3
震荡-2买,量能金叉 + 多头排列 + 量比大于1_3,80,0.0167,0.0153,1.088,0.3125,0.2946,0.0179,L3
震荡-2买,量能金叉 + 多头排列 + 威科夫得分大于4,79,0.0167,0.0151,1.109,0.3165,0.2946,0.0219,L3
震荡-2买,量能金叉 + 放量 + 价涨量增,661,0.1669,0.1146,1.457,0.3782,0.2946,0.0836,L3
震荡-2买,量能金叉 + 放量 + 趋势多头,305,0.0694,0.056,1.239,0.341,0.2946,0.0464,L3
震荡-2买,量能金叉 + 放量 + 量比大于1_3,701,0.1749,0.1224,1.429,0.3738,0.2946,0.0792,L3
震荡-2买,量能金叉 + 放量 + 相对强弱大于5,189,0.0447,0.034,1.315,0.3545,0.2946,0.0599,L3
震荡-2买,量能金叉 + 放量 + 威科夫得分大于4,271,0.0628,0.0493,1.272,0.3469,0.2946,0.0523,L3
震荡-2买,量能金叉 + 价涨量增 + 趋势多头,294,0.0681,0.0535,1.272,0.3469,0.2946,0.0523,L3
震荡-2买,量能金叉 + 价涨量增 + 量比大于1_3,637,0.1622,0.1098,1.477,0.3815,0.2946,0.0869,L3
震荡-2买,量能金叉 + 价涨量增 + 相对强弱大于5,187,0.0441,0.0337,1.306,0.3529,0.2946,0.0583,L3
震荡-2买,量能金叉 + 价涨量增 + 威科夫得分大于4,256,0.0621,0.0454,1.366,0.3633,0.2946,0.0687,L3
震荡-2买,量能金叉 + 趋势多头 + 量比大于1_3,304,0.0694,0.0558,1.245,0.3421,0.2946,0.0475,L3
震荡-2买,量能金叉 + 趋势多头 + 相对强弱大于5,115,0.0287,0.0201,1.43,0.3739,0.2946,0.0793,L3
震荡-2买,量能金叉 + 趋势多头 + 威科夫得分大于4,204,0.0454,0.0379,1.197,0.3333,0.2946,0.0387,L3
震荡-2买,量能金叉 + 量比大于1_3 + 相对强弱大于5,187,0.0447,0.0335,1.337,0.3583,0.2946,0.0637,L3
震荡-2买,量能金叉 + 量比大于1_3 + 威科夫得分大于4,264,0.0621,0.0477,1.302,0.3523,0.2946,0.0577,L3
震荡-2买,量能金叉 + 相对强弱大于5 + 威科夫得分大于4,124,0.0307,0.0217,1.412,0.371,0.2946,0.0764,L3
震荡-2买,量比大于2 + BOLL突破上轨 + 量能递增,179,0.0434,0.0318,1.365,0.3631,0.2946,0.0685,L3
震荡-2买,量比大于2 + BOLL突破上轨 + 中枢上穿中轴,151,0.0367,0.0268,1.372,0.3642,0.2946,0.0696,L3
震荡-2买,量比大于2 + BOLL突破上轨 + 距前高<=10%,56,0.016,0.0089,1.796,0.4286,0.2946,0.134,L3
震荡-2买,量比大于2 + BOLL突破上轨 + 多头排列,59,0.0154,0.01,1.53,0.3898,0.2946,0.0952,L3
震荡-2买,量比大于2 + BOLL突破上轨 + 放量,191,0.0454,0.0343,1.324,0.356,0.2946,0.0614,L3
震荡-2买,量比大于2 + BOLL突破上轨 + 价涨量增,190,0.0454,0.034,1.335,0.3579,0.2946,0.0633,L3
震荡-2买,量比大于2 + BOLL突破上轨 + 趋势多头,127,0.0314,0.0223,1.407,0.3701,0.2946,0.0755,L3
震荡-2买,量比大于2 + BOLL突破上轨 + 量比大于1_3,191,0.0454,0.0343,1.324,0.356,0.2946,0.0614,L3
震荡-2买,量比大于2 + BOLL突破上轨 + 相对强弱大于5,129,0.0307,0.0231,1.327,0.3566,0.2946,0.062,L3
震荡-2买,量比大于2 + BOLL突破上轨 + 威科夫得分大于4,147,0.0374,0.0254,1.474,0.381,0.2946,0.0864,L3
震荡-2买,量比大于2 + 量能递增 + 量比>=2,122,0.0287,0.022,1.303,0.3525,0.2946,0.0579,L3
震荡-2买,量比大于2 + 量能递增 + 中枢上穿中轴,385,0.0874,0.0708,1.235,0.3403,0.2946,0.0457,L3
震荡-2买,量比大于2 + 量能递增 + 距前高<=10%,128,0.034,0.0215,1.586,0.3984,0.2946,0.1038,L3
震荡-2买,量比大于2 + 量能递增 + 多头排列,74,0.0187,0.0128,1.458,0.3784,0.2946,0.0838,L3
震荡-2买,量比大于2 + 量能递增 + 放量,811,0.2036,0.1411,1.443,0.3761,0.2946,0.0815,L3
震荡-2买,量比大于2 + 量能递增 + 价涨量增,769,0.1956,0.1327,1.474,0.381,0.2946,0.0864,L3
震荡-2买,量比大于2 + 量能递增 + 趋势多头,296,0.0748,0.0513,1.458,0.3784,0.2946,0.0838,L3
震荡-2买,量比大于2 + 量能递增 + 量比大于1_3,811,0.2036,0.1411,1.443,0.3761,0.2946,0.0815,L3
震荡-2买,量比大于2 + 量能递增 + 相对强弱大于5,243,0.0554,0.0446,1.242,0.3416,0.2946,0.047,L3
震荡-2买,量比大于2 + 量能递增 + 威科夫得分大于4,309,0.0768,0.0541,1.419,0.3722,0.2946,0.0776,L3
震荡-2买,量比大于2 + 量比>=2 + 放量,144,0.0334,0.0262,1.274,0.3472,0.2946,0.0526,L3
震荡-2买,量比大于2 + 量比>=2 + 价涨量增,139,0.0334,0.0248,1.345,0.3597,0.2946,0.0651,L3
震荡-2买,量比大于2 + 量比>=2 + 量比大于1_3,145,0.0334,0.0265,1.26,0.3448,0.2946,0.0502,L3
震荡-2买,量比大于2 + 中枢上穿中轴 + 距前高<=10%,90,0.0227,0.0156,1.454,0.3778,0.2946,0.0832,L3
震荡-2买,量比大于2 + 中枢上穿中轴 + 多头排列,57,0.0147,0.0098,1.505,0.386,0.2946,0.0914,L3
震荡-2买,量比大于2 + 中枢上穿中轴 + 放量,463,0.1048,0.0853,1.229,0.3391,0.2946,0.0445,L3
震荡-2买,量比大于2 + 中枢上穿中轴 + 价涨量增,457,0.1048,0.0836,1.253,0.3435,0.2946,0.049,L3
震荡-2买,量比大于2 + 中枢上穿中轴 + 趋势多头,276,0.0668,0.0491,1.361,0.3623,0.2946,0.0677,L3
震荡-2买,量比大于2 + 中枢上穿中轴 + 量比大于1_3,465,0.1055,0.0856,1.232,0.3398,0.2946,0.0452,L3
震荡-2买,量比大于2 + 中枢上穿中轴 + 相对强弱大于5,198,0.0454,0.0362,1.253,0.3434,0.2946,0.0488,L3
震荡-2买,量比大于2 + 中枢上穿中轴 + 威科夫得分大于4,221,0.0527,0.0396,1.332,0.3575,0.2946,0.0629,L3
震荡-2买,量比大于2 + 距前高<=10% + 放量,145,0.0374,0.0248,1.507,0.3862,0.2946,0.0916,L3
震荡-2买,量比大于2 + 距前高<=10% + 价涨量增,139,0.0374,0.0231,1.616,0.4029,0.2946,0.1083,L3
震荡-2买,量比大于2 + 距前高<=10% + 趋势多头,107,0.03,0.0173,1.738,0.4206,0.2946,0.126,L3
震荡-2买,量比大于2 + 距前高<=10% + 量比大于1_3,145,0.0374,0.0248,1.507,0.3862,0.2946,0.0916,L3
震荡-2买,量比大于2 + 距前高<=10% + 威科夫得分大于4,86,0.0267,0.0128,2.082,0.4651,0.2946,0.1705,L3
震荡-2买,量比大于2 + 多头排列 + 放量,94,0.0227,0.0167,1.357,0.3617,0.2946,0.0671,L3
震荡-2买,量比大于2 + 多头排列 + 价涨量增,91,0.0227,0.0159,1.428,0.3736,0.2946,0.079,L3
震荡-2买,量比大于2 + 多头排列 + 趋势多头,93,0.0227,0.0164,1.38,0.3656,0.2946,0.071,L3
震荡-2买,量比大于2 + 多头排列 + 量比大于1_3,94,0.0227,0.0167,1.357,0.3617,0.2946,0.0671,L3
震荡-2买,量比大于2 + 多头排列 + 相对强弱大于5,66,0.0174,0.0112,1.556,0.3939,0.2946,0.0993,L3
震荡-2买,量比大于2 + 多头排列 + 威科夫得分大于4,88,0.022,0.0153,1.437,0.375,0.2946,0.0804,L3
震荡-2买,量比大于2 + 放量 + 价涨量增,990,0.2403,0.1756,1.368,0.3636,0.2946,0.069,L3
震荡-2买,量比大于2 + 放量 + 趋势多头,402,0.0961,0.0719,1.336,0.3582,0.2946,0.0636,L3
震荡-2买,量比大于2 + 放量 + 量比大于1_3,1049,0.2503,0.1879,1.332,0.3575,0.2946,0.0629,L3
震荡-2买,量比大于2 + 放量 + 相对强弱大于5,282,0.0654,0.0513,1.275,0.3475,0.2946,0.0529,L3
震荡-2买,量比大于2 + 放量 + 威科夫得分大于4,351,0.0854,0.0622,1.374,0.3647,0.2946,0.0701,L3
震荡-2买,量比大于2 + 价涨量增 + 趋势多头,397,0.0961,0.0705,1.363,0.3627,0.2946,0.0681,L3
震荡-2买,量比大于2 + 价涨量增 + 量比大于1_3,990,0.2403,0.1756,1.368,0.3636,0.2946,0.069,L3
震荡-2买,量比大于2 + 价涨量增 + 相对强弱大于5,280,0.0654,0.0507,1.289,0.35,0.2946,0.0554,L3
震荡-2买,量比大于2 + 价涨量增 + 威科夫得分大于4,345,0.0848,0.0608,1.395,0.3681,0.2946,0.0735,L3
震荡-2买,量比大于2 + 趋势多头 + 量比大于1_3,405,0.0975,0.0722,1.35,0.3605,0.2946,0.0659,L3
震荡-2买,量比大于2 + 趋势多头 + 相对强弱大于5,171,0.0401,0.0309,1.294,0.3509,0.2946,0.0563,L3
震荡-2买,量比大于2 + 趋势多头 + 威科夫得分大于4,261,0.0641,0.046,1.393,0.3678,0.2946,0.0732,L3
震荡-2买,量比大于2 + 量比大于1_3 + 相对强弱大于5,282,0.0654,0.0513,1.275,0.3475,0.2946,0.0529,L3
震荡-2买,量比大于2 + 量比大于1_3 + 威科夫得分大于4,351,0.0854,0.0622,1.374,0.3647,0.2946,0.0701,L3
震荡-2买,量比大于2 + 相对强弱大于5 + 威科夫得分大于4,172,0.0387,0.0318,1.218,0.3372,0.2946,0.0426,L3
震荡-2买,BOLL突破上轨 + 量能递增 + 中枢上穿中轴,173,0.0441,0.0298,1.477,0.3815,0.2946,0.0869,L3
震荡-2买,BOLL突破上轨 + 量能递增 + 距前高<=10%,72,0.0194,0.012,1.615,0.4028,0.2946,0.1082,L3
震荡-2买,BOLL突破上轨 + 量能递增 + 多头排列,62,0.018,0.0098,1.847,0.4355,0.2946,0.1409,L3
震荡-2买,BOLL突破上轨 + 量能递增 + 放量,218,0.0527,0.0388,1.361,0.3624,0.2946,0.0678,L3
震荡-2买,BOLL突破上轨 + 量能递增 + 价涨量增,217,0.0527,0.0385,1.371,0.3641,0.2946,0.0695,L3
震荡-2买,BOLL突破上轨 + 量能递增 + 趋势多头,143,0.0374,0.0243,1.541,0.3916,0.2946,0.097,L3
震荡-2买,BOLL突破上轨 + 量能递增 + 量比大于1_3,214,0.0527,0.0376,1.401,0.3692,0.2946,0.0746,L3
震荡-2买,BOLL突破上轨 + 量能递增 + 相对强弱大于5,137,0.032,0.0248,1.291,0.3504,0.2946,0.0558,L3
震荡-2买,BOLL突破上轨 + 量能递增 + 威科夫得分大于4,176,0.0441,0.0307,1.437,0.375,0.2946,0.0804,L3
震荡-2买,BOLL突破上轨 + 中枢上穿中轴 + 距前高<=10%,53,0.0154,0.0084,1.836,0.434,0.2946,0.1394,L3
震荡-2买,BOLL突破上轨 + 中枢上穿中轴 + 放量,179,0.0447,0.0312,1.432,0.3743,0.2946,0.0797,L3
震荡-2买,BOLL突破上轨 + 中枢上穿中轴 + 价涨量增,178,0.0447,0.0309,1.445,0.3764,0.2946,0.0818,L3
震荡-2买,BOLL突破上轨 + 中枢上穿中轴 + 趋势多头,117,0.0314,0.0195,1.608,0.4017,0.2946,0.1071,L3
震荡-2买,BOLL突破上轨 + 中枢上穿中轴 + 量比大于1_3,178,0.0447,0.0309,1.445,0.3764,0.2946,0.0818,L3
震荡-2买,BOLL突破上轨 + 中枢上穿中轴 + 相对强弱大于5,115,0.028,0.0204,1.378,0.3652,0.2946,0.0706,L3
震荡-2买,BOLL突破上轨 + 中枢上穿中轴 + 威科夫得分大于4,144,0.0387,0.024,1.615,0.4028,0.2946,0.1082,L3
震荡-2买,BOLL突破上轨 + 距前高<=10% + 放量,80,0.0207,0.0137,1.515,0.3875,0.2946,0.0929,L3
震荡-2买,BOLL突破上轨 + 距前高<=10% + 价涨量增,80,0.0207,0.0137,1.515,0.3875,0.2946,0.0929,L3
震荡-2买,BOLL突破上轨 + 距前高<=10% + 趋势多头,74,0.02,0.0123,1.633,0.4054,0.2946,0.1108,L3
震荡-2买,BOLL突破上轨 + 距前高<=10% + 量比大于1_3,76,0.0207,0.0125,1.65,0.4079,0.2946,0.1133,L3
震荡-2买,BOLL突破上轨 + 距前高<=10% + 威科夫得分大于4,66,0.0194,0.0103,1.877,0.4394,0.2946,0.1448,L3
震荡-2买,BOLL突破上轨 + 多头排列 + 放量,74,0.02,0.0123,1.633,0.4054,0.2946,0.1108,L3
震荡-2买,BOLL突破上轨 + 多头排列 + 价涨量增,73,0.02,0.012,1.671,0.411,0.2946,0.1164,L3
震荡-2买,BOLL突破上轨 + 多头排列 + 趋势多头,74,0.02,0.0123,1.633,0.4054,0.2946,0.1108,L3
震荡-2买,BOLL突破上轨 + 多头排列 + 量比大于1_3,73,0.02,0.012,1.671,0.411,0.2946,0.1164,L3
震荡-2买,BOLL突破上轨 + 多头排列 + 相对强弱大于5,59,0.0154,0.01,1.53,0.3898,0.2946,0.0952,L3
震荡-2买,BOLL突破上轨 + 多头排列 + 威科夫得分大于4,70,0.02,0.0112,1.796,0.4286,0.2946,0.134,L3
震荡-2买,BOLL突破上轨 + 放量 + 价涨量增,235,0.0554,0.0424,1.308,0.3532,0.2946,0.0586,L3
震荡-2买,BOLL突破上轨 + 放量 + 趋势多头,160,0.0401,0.0279,1.437,0.375,0.2946,0.0804,L3
震荡-2买,BOLL突破上轨 + 放量 + 量比大于1_3,232,0.0554,0.0415,1.334,0.3578,0.2946,0.0632,L3
震荡-2买,BOLL突破上轨 + 放量 + 相对强弱大于5,146,0.034,0.0265,1.285,0.3493,0.2946,0.0547,L3
震荡-2买,BOLL突破上轨 + 放量 + 威科夫得分大于4,187,0.0467,0.0326,1.433,0.3743,0.2946,0.0797,L3
震荡-2买,BOLL突破上轨 + 价涨量增 + 趋势多头,159,0.0401,0.0276,1.451,0.3774,0.2946,0.0828,L3
震荡-2买,BOLL突破上轨 + 价涨量增 + 量比大于1_3,231,0.0554,0.0413,1.343,0.3593,0.2946,0.0647,L3
震荡-2买,BOLL突破上轨 + 价涨量增 + 相对强弱大于5,145,0.034,0.0262,1.299,0.3517,0.2946,0.0571,L3
震荡-2买,BOLL突破上轨 + 价涨量增 + 威科夫得分大于4,186,0.0467,0.0323,1.445,0.3763,0.2946,0.0818,L3
震荡-2买,BOLL突破上轨 + 趋势多头 + 量比大于1_3,156,0.0401,0.0268,1.497,0.3846,0.2946,0.09,L3
震荡-2买,BOLL突破上轨 + 趋势多头 + 相对强弱大于5,103,0.024,0.0187,1.287,0.3495,0.2946,0.0549,L3
震荡-2买,BOLL突破上轨 + 趋势多头 + 威科夫得分大于4,143,0.0387,0.0237,1.634,0.4056,0.2946,0.111,L3
震荡-2买,BOLL突破上轨 + 量比大于1_3 + 相对强弱大于5,145,0.034,0.0262,1.299,0.3517,0.2946,0.0571,L3
震荡-2买,BOLL突破上轨 + 量比大于1_3 + 威科夫得分大于4,183,0.0467,0.0315,1.483,0.3825,0.2946,0.0879,L3
震荡-2买,BOLL突破上轨 + 相对强弱大于5 + 威科夫得分大于4,123,0.0294,0.022,1.334,0.3577,0.2946,0.0631,L3
震荡-2买,量能递增 + 量比>=2 + 放量,122,0.0287,0.022,1.303,0.3525,0.2946,0.0579,L3
震荡-2买,量能递增 + 量比>=2 + 价涨量增,119,0.0287,0.0212,1.355,0.3613,0.2946,0.0668,L3
震荡-2买,量能递增 + 量比>=2 + 量比大于1_3,122,0.0287,0.022,1.303,0.3525,0.2946,0.0579,L3
震荡-2买,量能递增 + 中枢上穿中轴 + 距前高<=10%,221,0.0547,0.0388,1.413,0.371,0.2946,0.0764,L3
震荡-2买,量能递增 + 中枢上穿中轴 + 多头排列,119,0.0274,0.0217,1.259,0.3445,0.2946,0.0499,L3
震荡-2买,量能递增 + 中枢上穿中轴 + 放量,701,0.1595,0.1288,1.239,0.3409,0.2946,0.0463,L3
震荡-2买,量能递增 + 中枢上穿中轴 + 价涨量增,672,0.1542,0.1229,1.254,0.3438,0.2946,0.0492,L3
震荡-2买,量能递增 + 中枢上穿中轴 + 趋势多头,430,0.1021,0.0772,1.323,0.3558,0.2946,0.0612,L3
震荡-2买,量能递增 + 中枢上穿中轴 + 量比大于1_3,633,0.1442,0.1163,1.24,0.3412,0.2946,0.0466,L3
震荡-2买,量能递增 + 中枢上穿中轴 + 相对强弱大于5,234,0.0501,0.0443,1.129,0.3205,0.2946,0.0259,L3
震荡-2买,量能递增 + 中枢上穿中轴 + 威科夫得分大于4,386,0.0908,0.0697,1.303,0.3523,0.2946,0.0577,L3
震荡-2买,量能递增 + 距前高<=10% + 多头排列,74,0.018,0.0131,1.376,0.3649,0.2946,0.0703,L3
震荡-2买,量能递增 + 距前高<=10% + 放量,361,0.0888,0.0636,1.397,0.3684,0.2946,0.0738,L3
震荡-2买,量能递增 + 距前高<=10% + 价涨量增,315,0.0801,0.0544,1.474,0.381,0.2946,0.0864,L3
震荡-2买,量能递增 + 距前高<=10% + 趋势多头,245,0.0628,0.0421,1.491,0.3837,0.2946,0.0891,L3
震荡-2买,量能递增 + 距前高<=10% + 量比大于1_3,292,0.0721,0.0513,1.405,0.3699,0.2946,0.0753,L3
震荡-2买,量能递增 + 距前高<=10% + 相对强弱大于5,52,0.0134,0.0089,1.497,0.3846,0.2946,0.09,L3
震荡-2买,量能递增 + 距前高<=10% + 威科夫得分大于4,200,0.0507,0.0346,1.468,0.38,0.2946,0.0854,L3
震荡-2买,量能递增 + 多头排列 + 放量,178,0.0441,0.0312,1.411,0.3708,0.2946,0.0762,L3
震荡-2买,量能递增 + 多头排列 + 价涨量增,150,0.0374,0.0262,1.427,0.3733,0.2946,0.0787,L3
震荡-2买,量能递增 + 多头排列 + 趋势多头,178,0.0441,0.0312,1.411,0.3708,0.2946,0.0762,L3
震荡-2买,量能递增 + 多头排列 + 量比大于1_3,142,0.034,0.0254,1.342,0.3592,0.2946,0.0646,L3
震荡-2买,量能递增 + 多头排列 + 相对强弱大于5,90,0.0214,0.0162,1.321,0.3556,0.2946,0.061,L3
震荡-2买,量能递增 + 多头排列 + 威科夫得分大于4,204,0.0501,0.036,1.392,0.3676,0.2946,0.0731,L3
震荡-2买,量能递增 + 放量 + 价涨量增,1667,0.3979,0.2986,1.333,0.3575,0.2946,0.0629,L3
震荡-2买,量能递增 + 放量 + 趋势多头,592,0.1429,0.1054,1.356,0.3615,0.2946,0.0669,L3
震荡-2买,量能递增 + 放量 + 量比大于1_3,1644,0.3939,0.2938,1.34,0.3589,0.2946,0.0643,L3
震荡-2买,量能递增 + 放量 + 相对强弱大于5,324,0.0681,0.0619,1.1,0.3148,0.2946,0.0202,L3
震荡-2买,量能递增 + 放量 + 威科夫得分大于4,620,0.1429,0.1132,1.262,0.3452,0.2946,0.0506,L3
震荡-2买,量能递增 + 价涨量增 + 趋势多头,562,0.1375,0.0992,1.386,0.3665,0.2946,0.072,L3
震荡-2买,量能递增 + 价涨量增 + 量比大于1_3,1462,0.3545,0.2595,1.366,0.3632,0.2946,0.0686,L3
震荡-2买,量能递增 + 价涨量增 + 相对强弱大于5,315,0.0654,0.0605,1.081,0.3111,0.2946,0.0165,L3
震荡-2买,量能递增 + 价涨量增 + 威科夫得分大于4,556,0.1308,0.1004,1.304,0.3525,0.2946,0.0579,L3
震荡-2买,量能递增 + 趋势多头 + 量比大于1_3,519,0.1248,0.0926,1.349,0.3603,0.2946,0.0657,L3
震荡-2买,量能递增 + 趋势多头 + 相对强弱大于5,195,0.0447,0.0357,1.253,0.3436,0.2946,0.049,L3
震荡-2买,量能递增 + 趋势多头 + 威科夫得分大于4,439,0.1061,0.0781,1.36,0.3622,0.2946,0.0676,L3
震荡-2买,量能递增 + 量比大于1_3 + 相对强弱大于5,305,0.0641,0.0583,1.1,0.3148,0.2946,0.0202,L3
震荡-2买,量能递增 + 量比大于1_3 + 威科夫得分大于4,526,0.1228,0.0953,1.288,0.3498,0.2946,0.0552,L3
震荡-2买,量能递增 + 相对强弱大于5 + 威科夫得分大于4,221,0.0467,0.0421,1.11,0.3167,0.2946,0.0222,L3
震荡-2买,量比>=2 + 放量 + 价涨量增,139,0.0334,0.0248,1.345,0.3597,0.2946,0.0651,L3
震荡-2买,量比>=2 + 放量 + 量比大于1_3,144,0.0334,0.0262,1.274,0.3472,0.2946,0.0526,L3
震荡-2买,量比>=2 + 价涨量增 + 量比大于1_3,139,0.0334,0.0248,1.345,0.3597,0.2946,0.0651,L3
震荡-2买,中枢上穿中轴 + 距前高<=10% + 多头排列,55,0.014,0.0095,1.479,0.3818,0.2946,0.0872,L3
震荡-2买,中枢上穿中轴 + 距前高<=10% + 放量,259,0.0654,0.0449,1.458,0.3784,0.2946,0.0838,L3
震荡-2买,中枢上穿中轴 + 距前高<=10% + 价涨量增,239,0.0621,0.0407,1.525,0.3891,0.2946,0.0945,L3
震荡-2买,中枢上穿中轴 + 距前高<=10% + 趋势多头,232,0.0594,0.0399,1.49,0.3836,0.2946,0.089,L3
震荡-2买,中枢上穿中轴 + 距前高<=10% + 量比大于1_3,226,0.0574,0.039,1.471,0.3805,0.2946,0.0859,L3
震荡-2买,中枢上穿中轴 + 距前高<=10% + 威科夫得分大于4,155,0.0441,0.0248,1.776,0.4258,0.2946,0.1312,L3
震荡-2买,中枢上穿中轴 + 多头排列 + 放量,128,0.0294,0.0234,1.254,0.3438,0.2946,0.0492,L3
震荡-2买,中枢上穿中轴 + 多头排列 + 价涨量增,118,0.0287,0.0209,1.373,0.3644,0.2946,0.0698,L3
震荡-2买,中枢上穿中轴 + 多头排列 + 趋势多头,146,0.0347,0.0262,1.325,0.3562,0.2946,0.0616,L3
震荡-2买,中枢上穿中轴 + 多头排列 + 量比大于1_3,108,0.026,0.0192,1.353,0.3611,0.2946,0.0665,L3
震荡-2买,中枢上穿中轴 + 多头排列 + 相对强弱大于5,75,0.018,0.0134,1.347,0.36,0.2946,0.0654,L3
震荡-2买,中枢上穿中轴 + 多头排列 + 威科夫得分大于4,145,0.0347,0.0259,1.339,0.3586,0.2946,0.064,L3
震荡-2买,中枢上穿中轴 + 放量 + 价涨量增,892,0.2003,0.165,1.213,0.3363,0.2946,0.0417,L3
震荡-2买,中枢上穿中轴 + 放量 + 趋势多头,576,0.1308,0.1059,1.235,0.3403,0.2946,0.0457,L3
震荡-2买,中枢上穿中轴 + 放量 + 量比大于1_3,845,0.1883,0.157,1.199,0.3337,0.2946,0.0391,L3
震荡-2买,中枢上穿中轴 + 放量 + 相对强弱大于5,258,0.0561,0.0485,1.156,0.3256,0.2946,0.031,L3
震荡-2买,中枢上穿中轴 + 放量 + 威科夫得分大于4,419,0.0981,0.0758,1.294,0.3508,0.2946,0.0562,L3
震荡-2买,中枢上穿中轴 + 价涨量增 + 趋势多头,555,0.1275,0.1015,1.256,0.3441,0.2946,0.0496,L3
震荡-2买,中枢上穿中轴 + 价涨量增 + 量比大于1_3,817,0.1822,0.1517,1.202,0.3341,0.2946,0.0396,L3
震荡-2买,中枢上穿中轴 + 价涨量增 + 相对强弱大于5,256,0.0561,0.048,1.169,0.3281,0.2946,0.0335,L3
震荡-2买,中枢上穿中轴 + 价涨量增 + 威科夫得分大于4,401,0.0961,0.0716,1.342,0.3591,0.2946,0.0645,L3
震荡-2买,中枢上穿中轴 + 趋势多头 + 量比大于1_3,539,0.1235,0.0987,1.251,0.3432,0.2946,0.0486,L3
震荡-2买,中枢上穿中轴 + 趋势多头 + 相对强弱大于5,181,0.0401,0.0337,1.187,0.3315,0.2946,0.0369,L3
震荡-2买,中枢上穿中轴 + 趋势多头 + 威科夫得分大于4,393,0.0941,0.0703,1.34,0.3588,0.2946,0.0642,L3
震荡-2买,中枢上穿中轴 + 量比大于1_3 + 相对强弱大于5,245,0.0547,0.0454,1.205,0.3347,0.2946,0.0401,L3
震荡-2买,中枢上穿中轴 + 量比大于1_3 + 威科夫得分大于4,385,0.0915,0.0691,1.323,0.3558,0.2946,0.0613,L3
震荡-2买,中枢上穿中轴 + 相对强弱大于5 + 威科夫得分大于4,180,0.0381,0.0343,1.11,0.3167,0.2946,0.0221,L3
震荡-2买,距前高<=10% + 多头排列 + 放量,86,0.0194,0.0159,1.218,0.3372,0.2946,0.0426,L3
震荡-2买,距前高<=10% + 多头排列 + 价涨量增,73,0.0174,0.0131,1.325,0.3562,0.2946,0.0616,L3
震荡-2买,距前高<=10% + 多头排列 + 趋势多头,104,0.024,0.019,1.268,0.3462,0.2946,0.0516,L3
震荡-2买,距前高<=10% + 多头排列 + 量比大于1_3,74,0.0174,0.0134,1.297,0.3514,0.2946,0.0568,L3
震荡-2买,距前高<=10% + 多头排列 + 威科夫得分大于4,93,0.022,0.0167,1.317,0.3548,0.2946,0.0602,L3
震荡-2买,距前高<=10% + 放量 + 价涨量增,427,0.1028,0.0761,1.351,0.3607,0.2946,0.0661,L3
震荡-2买,距前高<=10% + 放量 + 趋势多头,308,0.0734,0.0552,1.33,0.3571,0.2946,0.0626,L3
震荡-2买,距前高<=10% + 放量 + 量比大于1_3,403,0.0935,0.0733,1.275,0.3474,0.2946,0.0528,L3
震荡-2买,距前高<=10% + 放量 + 相对强弱大于5,55,0.0134,0.0098,1.368,0.3636,0.2946,0.069,L3
震荡-2买,距前高<=10% + 放量 + 威科夫得分大于4,223,0.0581,0.0379,1.532,0.3901,0.2946,0.0955,L3
震荡-2买,距前高<=10% + 价涨量增 + 趋势多头,286,0.0714,0.0499,1.431,0.3741,0.2946,0.0795,L3
震荡-2买,距前高<=10% + 价涨量增 + 量比大于1_3,357,0.0861,0.0636,1.355,0.3613,0.2946,0.0668,L3
震荡-2买,距前高<=10% + 价涨量增 + 相对强弱大于5,53,0.0134,0.0092,1.451,0.3774,0.2946,0.0828,L3
震荡-2买,距前高<=10% + 价涨量增 + 威科夫得分大于4,202,0.0547,0.0335,1.636,0.4059,0.2946,0.1113,L3
震荡-2买,距前高<=10% + 趋势多头 + 量比大于1_3,273,0.0674,0.048,1.406,0.37,0.2946,0.0754,L3
震荡-2买,距前高<=10% + 趋势多头 + 相对强弱大于5,53,0.0134,0.0092,1.451,0.3774,0.2946,0.0828,L3
震荡-2买,距前高<=10% + 趋势多头 + 威科夫得分大于4,229,0.0601,0.0388,1.55,0.393,0.2946,0.0984,L3
震荡-2买,距前高<=10% + 量比大于1_3 + 威科夫得分大于4,187,0.0521,0.0304,1.714,0.4171,0.2946,0.1225,L3
震荡-2买,距前高<=10% + 相对强弱大于5 + 威科夫得分大于4,50,0.0134,0.0084,1.596,0.4,0.2946,0.1054,L3
震荡-2买,多头排列 + 放量 + 价涨量增,201,0.0474,0.0362,1.308,0.3532,0.2946,0.0586,L3
震荡-2买,多头排列 + 放量 + 趋势多头,215,0.0514,0.0385,1.336,0.3581,0.2946,0.0635,L3
震荡-2买,多头排列 + 放量 + 量比大于1_3,197,0.0441,0.0365,1.206,0.335,0.2946,0.0404,L3
震荡-2买,多头排列 + 放量 + 相对强弱大于5,104,0.0254,0.0184,1.379,0.3654,0.2946,0.0708,L3
震荡-2买,多头排列 + 放量 + 威科夫得分大于4,211,0.0501,0.0379,1.321,0.3555,0.2946,0.0609,L3
震荡-2买,多头排列 + 价涨量增 + 趋势多头,192,0.0461,0.0343,1.343,0.3594,0.2946,0.0648,L3
震荡-2买,多头排列 + 价涨量增 + 量比大于1_3,174,0.0414,0.0312,1.326,0.3563,0.2946,0.0617,L3
震荡-2买,多头排列 + 价涨量增 + 相对强弱大于5,94,0.0227,0.0167,1.357,0.3617,0.2946,0.0671,L3
震荡-2买,多头排列 + 价涨量增 + 威科夫得分大于4,179,0.0421,0.0323,1.3,0.352,0.2946,0.0574,L3
震荡-2买,多头排列 + 趋势多头 + 量比大于1_3,187,0.0434,0.034,1.276,0.3476,0.2946,0.053,L3
震荡-2买,多头排列 + 趋势多头 + 相对强弱大于5,112,0.028,0.0195,1.437,0.375,0.2946,0.0804,L3
震荡-2买,多头排列 + 趋势多头 + 威科夫得分大于4,237,0.0567,0.0424,1.339,0.3586,0.2946,0.0641,L3
震荡-2买,多头排列 + 量比大于1_3 + 相对强弱大于5,92,0.0234,0.0159,1.47,0.3804,0.2946,0.0858,L3
震荡-2买,多头排列 + 量比大于1_3 + 威科夫得分大于4,179,0.0407,0.0329,1.238,0.3408,0.2946,0.0462,L3
震荡-2买,多头排列 + 相对强弱大于5 + 威科夫得分大于4,111,0.026,0.0201,1.297,0.3514,0.2946,0.0568,L3
震荡-2买,放量 + 价涨量增 + 趋势多头,853,0.1896,0.1586,1.195,0.3329,0.2946,0.0384,L3
震荡-2买,放量 + 价涨量增 + 量比大于1_3,2253,0.4913,0.4229,1.162,0.3267,0.2946,0.0321,L3
震荡-2买,放量 + 价涨量增 + 相对强弱大于5,384,0.0808,0.0733,1.102,0.3151,0.2946,0.0205,L3
震荡-2买,放量 + 价涨量增 + 威科夫得分大于4,689,0.1529,0.1282,1.192,0.3324,0.2946,0.0378,L3
震荡-2买,放量 + 趋势多头 + 量比大于1_3,808,0.1756,0.1519,1.156,0.3255,0.2946,0.0309,L3
震荡-2买,放量 + 趋势多头 + 相对强弱大于5,240,0.0534,0.0446,1.197,0.3333,0.2946,0.0387,L3
震荡-2买,放量 + 趋势多头 + 威科夫得分大于4,540,0.1222,0.0995,1.227,0.3389,0.2946,0.0443,L3
震荡-2买,放量 + 量比大于1_3 + 相对强弱大于5,377,0.0801,0.0716,1.118,0.3183,0.2946,0.0237,L3
震荡-2买,放量 + 量比大于1_3 + 威科夫得分大于4,672,0.1475,0.1257,1.173,0.3289,0.2946,0.0343,L3
震荡-2买,放量 + 相对强弱大于5 + 威科夫得分大于4,239,0.0501,0.0457,1.095,0.3138,0.2946,0.0192,L3
震荡-2买,价涨量增 + 趋势多头 + 量比大于1_3,773,0.1709,0.1441,1.186,0.3312,0.2946,0.0366,L3
震荡-2买,价涨量增 + 趋势多头 + 相对强弱大于5,231,0.0507,0.0432,1.174,0.329,0.2946,0.0344,L3
震荡-2买,价涨量增 + 趋势多头 + 威科夫得分大于4,503,0.1168,0.0914,1.278,0.3479,0.2946,0.0533,L3
震荡-2买,价涨量增 + 量比大于1_3 + 相对强弱大于5,368,0.0781,0.07,1.116,0.3179,0.2946,0.0233,L3
震荡-2买,价涨量增 + 量比大于1_3 + 威科夫得分大于4,611,0.1382,0.1126,1.227,0.3388,0.2946,0.0442,L3
震荡-2买,价涨量增 + 相对强弱大于5 + 威科夫得分大于4,228,0.0467,0.044,1.061,0.307,0.2946,0.0124,L3
震荡-2买,趋势多头 + 量比大于1_3 + 相对强弱大于5,225,0.0507,0.0415,1.221,0.3378,0.2946,0.0432,L3
震荡-2买,趋势多头 + 量比大于1_3 + 威科夫得分大于4,483,0.1095,0.0889,1.231,0.3395,0.2946,0.045,L3
震荡-2买,趋势多头 + 相对强弱大于5 + 威科夫得分大于4,212,0.0461,0.0399,1.155,0.3255,0.2946,0.0309,L3
震荡-2买,量比大于1_3 + 相对强弱大于5 + 威科夫得分大于4,224,0.0474,0.0427,1.111,0.317,0.2946,0.0224,L3
震荡-2买,量比>=1.0,1736,0.4119,0.312,1.32,0.3554,0.2946,0.0608,L4
震荡-2买,极限抄底 + 量比>=1.0,109,0.0414,0.0131,3.159,0.5688,0.2946,0.2742,L4
震荡-2买,量能金叉 + 量比>=1.0,412,0.1148,0.0669,1.716,0.4175,0.2946,0.1229,L4
震荡-2买,大盘安全 + 量比>=1.0,1090,0.2383,0.2043,1.166,0.3275,0.2946,0.0329,L4
震荡-2买,偏多共振 + 量比>=1.0,192,0.0414,0.0362,1.142,0.3229,0.2946,0.0283,L4
震荡-2买,中枢进机会区 + 量比>=1.0,733,0.1862,0.1266,1.472,0.3806,0.2946,0.086,L4
震荡-2买,量比>=1.3,773,0.2063,0.1294,1.595,0.3997,0.2946,0.1051,L4
震荡-2买,极限抄底 + 量比>=1.3,75,0.03,0.0084,3.592,0.6,0.2946,0.3054,L4
震荡-2买,量能金叉 + 量比>=1.3,243,0.0728,0.0374,1.948,0.4486,0.2946,0.154,L4
震荡-2买,大盘安全 + 量比>=1.3,453,0.1021,0.0836,1.221,0.3377,0.2946,0.0432,L4
震荡-2买,偏多共振 + 量比>=1.3,74,0.0174,0.0134,1.297,0.3514,0.2946,0.0568,L4
震荡-2买,中枢进机会区 + 量比>=1.3,319,0.0828,0.0544,1.523,0.3887,0.2946,0.0941,L4
震荡-2买,量比>=1.5,474,0.1248,0.08,1.56,0.3945,0.2946,0.0999,L4
震荡-2买,极限抄底 + 量比>=1.5,54,0.0234,0.0053,4.411,0.6481,0.2946,0.3536,L4
震荡-2买,量能金叉 + 量比>=1.5,176,0.0501,0.0282,1.778,0.4261,0.2946,0.1315,L4
震荡-2买,大盘安全 + 量比>=1.5,277,0.0594,0.0524,1.134,0.3213,0.2946,0.0267,L4
震荡-2买,中枢进机会区 + 量比>=1.5,190,0.0494,0.0323,1.528,0.3895,0.2946,0.0949,L4
震荡-2买,量比>=2.0,145,0.0334,0.0265,1.26,0.3448,0.2946,0.0502,L4
震荡-2买,量能金叉 + 量比>=2.0,77,0.0167,0.0145,1.151,0.3247,0.2946,0.0301,L4
震荡-2买,大盘安全 + 量比>=2.0,80,0.016,0.0156,1.026,0.3,0.2946,0.0054,L4
震荡-2买,中枢进机会区 + 量比>=2.0,62,0.012,0.0123,0.98,0.2903,0.2946,-0.0043,L4
震荡-2买,量比>=2.5,53,0.0127,0.0095,1.338,0.3585,0.2946,0.0639,L4
震荡-2买,距60日高点>=0.85,1743,0.3692,0.3318,1.113,0.3173,0.2946,0.0227,L4
震荡-2买,量能金叉 + 距60日高点>=0.85,369,0.0941,0.0636,1.481,0.3821,0.2946,0.0875,L4
震荡-2买,大盘安全 + 距60日高点>=0.85,1329,0.273,0.2565,1.065,0.3078,0.2946,0.0132,L4
震荡-2买,偏多共振 + 距60日高点>=0.85,367,0.0668,0.0744,0.897,0.2725,0.2946,-0.0221,L4
震荡-2买,中枢进机会区 + 距60日高点>=0.85,657,0.1389,0.1252,1.109,0.3166,0.2946,0.022,L4
震荡-2买,距60日高点>=0.9,705,0.1575,0.1307,1.205,0.3348,0.2946,0.0402,L4
震荡-2买,量能金叉 + 距60日高点>=0.9,154,0.0414,0.0256,1.614,0.4026,0.2946,0.108,L4
震荡-2买,大盘安全 + 距60日高点>=0.9,573,0.1288,0.1059,1.216,0.3368,0.2946,0.0422,L4
震荡-2买,偏多共振 + 距60日高点>=0.9,146,0.0314,0.0276,1.137,0.3219,0.2946,0.0273,L4
震荡-2买,中枢进机会区 + 距60日高点>=0.9,215,0.0501,0.039,1.283,0.3488,0.2946,0.0542,L4
震荡-2买,距60日高点>=0.95,72,0.0174,0.0128,1.353,0.3611,0.2946,0.0665,L4
震荡-2买,大盘安全 + 距60日高点>=0.95,59,0.014,0.0106,1.323,0.3559,0.2946,0.0613,L4
震荡-2买,距60日高点<=0.6,190,0.0394,0.0365,1.078,0.3105,0.2946,0.0159,L4
震荡-2买,大盘安全 + 距60日高点<=0.6,97,0.0187,0.0192,0.972,0.2887,0.2946,-0.0059,L4
震荡-2买,中枢进机会区 + 距60日高点<=0.6,54,0.0113,0.0103,1.1,0.3148,0.2946,0.0202,L4
震荡-2买,距60日高点<=0.7,800,0.1656,0.1539,1.076,0.31,0.2946,0.0154,L4
震荡-2买,极限抄底 + 距60日高点<=0.7,127,0.0334,0.0215,1.555,0.3937,0.2946,0.0991,L4
震荡-2买,量能金叉 + 距60日高点<=0.7,70,0.0194,0.0114,1.694,0.4143,0.2946,0.1197,L4
震荡-2买,大盘安全 + 距60日高点<=0.7,424,0.0754,0.0867,0.87,0.2665,0.2946,-0.0281,L4
震荡-2买,中枢进机会区 + 距60日高点<=0.7,264,0.0567,0.0499,1.137,0.322,0.2946,0.0274,L4
震荡-2买,距60日高点<=0.8,2289,0.4393,0.4547,0.966,0.2875,0.2946,-0.0071,L4
震荡-2买,极限抄底 + 距60日高点<=0.8,205,0.0547,0.0343,1.596,0.4,0.2946,0.1054,L4
震荡-2买,量能金叉 + 距60日高点<=0.8,228,0.0574,0.0396,1.45,0.3772,0.2946,0.0826,L4
震荡-2买,大盘安全 + 距60日高点<=0.8,1324,0.2216,0.2766,0.801,0.2508,0.2946,-0.0438,L4
震荡-2买,偏多共振 + 距60日高点<=0.8,233,0.0421,0.0474,0.887,0.2704,0.2946,-0.0242,L4
震荡-2买,中枢进机会区 + 距60日高点<=0.8,857,0.1756,0.1656,1.06,0.3069,0.2946,0.0123,L4
震荡-2买,距60日低点<=1.05,1467,0.2216,0.3164,0.7,0.2263,0.2946,-0.0683,L4
震荡-2买,极限抄底 + 距60日低点<=1.05,86,0.0187,0.0162,1.156,0.3256,0.2946,0.031,L4
震荡-2买,量能金叉 + 距60日低点<=1.05,217,0.0521,0.0388,1.344,0.3594,0.2946,0.0649,L4
震荡-2买,大盘安全 + 距60日低点<=1.05,956,0.1282,0.213,0.602,0.2008,0.2946,-0.0938,L4
震荡-2买,中枢进机会区 + 距60日低点<=1.05,640,0.0881,0.1416,0.622,0.2062,0.2946,-0.0883,L4
震荡-2买,距60日低点<=1.1,2384,0.4112,0.4929,0.834,0.2584,0.2946,-0.0362,L4
震荡-2买,极限抄底 + 距60日低点<=1.1,131,0.0307,0.0237,1.296,0.3511,0.2946,0.0566,L4
震荡-2买,量能金叉 + 距60日低点<=1.1,358,0.0901,0.0622,1.45,0.3771,0.2946,0.0825,L4
震荡-2买,大盘安全 + 距60日低点<=1.1,1526,0.2343,0.3276,0.715,0.23,0.2946,-0.0646,L4
震荡-2买,偏多共振 + 距60日低点<=1.1,100,0.0227,0.0184,1.234,0.34,0.2946,0.0454,L4
震荡-2买,中枢进机会区 + 距60日低点<=1.1,1048,0.1756,0.2188,0.802,0.251,0.2946,-0.0436,L4
震荡-2买,距60日低点<=1.2,3578,0.6816,0.7129,0.956,0.2854,0.2946,-0.0092,L4
震荡-2买,极限抄底 + 距60日低点<=1.2,192,0.0527,0.0315,1.674,0.4115,0.2946,0.1169,L4
震荡-2买,量能金叉 + 距60日低点<=1.2,539,0.1422,0.0909,1.565,0.3952,0.2946,0.1006,L4
震荡-2买,大盘安全 + 距60日低点<=1.2,2296,0.3845,0.4795,0.802,0.2509,0.2946,-0.0437,L4
震荡-2买,偏多共振 + 距60日低点<=1.2,300,0.0541,0.0611,0.886,0.27,0.2946,-0.0246,L4
震荡-2买,中枢进机会区 + 距60日低点<=1.2,1539,0.2877,0.3089,0.931,0.2801,0.2946,-0.0145,L4
震荡-2买,相对强弱>=-5.0,2574,0.4733,0.5199,0.91,0.2754,0.2946,-0.0191,L4
震荡-2买,量能金叉 + 相对强弱>=-5.0,448,0.0981,0.0839,1.169,0.3281,0.2946,0.0335,L4
震荡-2买,大盘安全 + 相对强弱>=-5.0,1795,0.3151,0.3688,0.854,0.263,0.2946,-0.0316,L4
震荡-2买,偏多共振 + 相对强弱>=-5.0,416,0.0754,0.0845,0.893,0.2716,0.2946,-0.023,L4
震荡-2买,中枢进机会区 + 相对强弱>=-5.0,995,0.1836,0.2007,0.915,0.2764,0.2946,-0.0182,L4
震荡-2买,相对强弱>=0.0,363,0.0674,0.073,0.923,0.2782,0.2946,-0.0164,L4
震荡-2买,量能金叉 + 相对强弱>=0.0,89,0.0167,0.0178,0.935,0.2809,0.2946,-0.0137,L4
震荡-2买,大盘安全 + 相对强弱>=0.0,179,0.034,0.0357,0.954,0.2849,0.2946,-0.0097,L4
震荡-2买,偏多共振 + 相对强弱>=0.0,77,0.0154,0.0151,1.02,0.2987,0.2946,0.0041,L4
震荡-2买,中枢进机会区 + 相对强弱>=0.0,131,0.0254,0.0259,0.978,0.2901,0.2946,-0.0045,L4
震荡-2买,S-六脉震荡［六脉6红首发 + SID等于2 + 量能递增］,1184,0.2623,0.2205,1.19,0.3319,0.2946,0.0373,L5
震荡-2买,S-MACD金叉多头［MACD零轴上金叉 + 趋势多头 + 放量］,176,0.0427,0.0312,1.368,0.3636,0.2946,0.069,L5
震荡-2买,S-中枢机会区［中枢进机会区 + 量比>=1.3］,319,0.0828,0.0544,1.523,0.3887,0.2946,0.0941,L5
震荡-3买,多头排列,159,0.0621,0.0589,1.055,0.4088,0.3959,0.0129,L1
震荡-3买,空头排列,1394,0.4857,0.5551,0.875,0.3644,0.3959,-0.0315,L1
震荡-3买,趋势多头,405,0.1606,0.1485,1.082,0.4148,0.3959,0.0189,L1
震荡-3买,趋势空头,1465,0.5153,0.5802,0.888,0.3679,0.3959,-0.028,L1
震荡-3买,上升中回调,740,0.26,0.2932,0.887,0.3676,0.3959,-0.0283,L1
震荡-3买,站上MA5,2421,0.9216,0.9129,1.01,0.3982,0.3959,0.0023,L1
震荡-3买,站上MA13,1077,0.3834,0.4236,0.905,0.3723,0.3959,-0.0236,L1
震荡-3买,站上MA34,705,0.282,0.2569,1.098,0.4184,0.3959,0.0225,L1
震荡-3买,站上MA55,918,0.348,0.3471,1.003,0.3965,0.3959,0.0006,L1
震荡-3买,站上MA89,1245,0.4627,0.4768,0.97,0.3888,0.3959,-0.0072,L1
震荡-3买,站上MA144,1817,0.6912,0.6855,1.008,0.3979,0.3959,0.002,L1
震荡-3买,站上MA233,2240,0.8824,0.8252,1.069,0.4121,0.3959,0.0161,L1
震荡-3买,斐波短中多头,183,0.0669,0.0708,0.945,0.3825,0.3959,-0.0134,L1
震荡-3买,斐波长多头,1522,0.5641,0.584,0.966,0.3876,0.3959,-0.0083,L1
震荡-3买,斐波全多头,116,0.0421,0.0451,0.932,0.3793,0.3959,-0.0166,L1
震荡-3买,MA55上穿MA89,65,0.0354,0.0175,2.016,0.5692,0.3959,0.1733,L1
震荡-3买,放量,1676,0.6797,0.6046,1.124,0.4242,0.3959,0.0283,L1
震荡-3买,缩量,2431,0.8862,0.9424,0.94,0.3813,0.3959,-0.0146,L1
震荡-3买,量比大于1,2350,0.9054,0.8791,1.03,0.403,0.3959,0.0071,L1
震荡-3买,量比大于1_3,1645,0.6683,0.5927,1.127,0.4249,0.3959,0.029,L1
震荡-3买,量比大于2,633,0.3002,0.1999,1.502,0.4961,0.3959,0.1001,L1
震荡-3买,量能递增,1224,0.5268,0.4217,1.249,0.4502,0.3959,0.0543,L1
震荡-3买,价涨量增,1388,0.5679,0.4975,1.141,0.428,0.3959,0.032,L1
震荡-3买,价涨量缩,2079,0.7744,0.7951,0.974,0.3896,0.3959,-0.0063,L1
震荡-3买,MACD_DIF大于0,773,0.3126,0.2794,1.119,0.423,0.3959,0.0271,L1
震荡-3买,MACD金叉态,673,0.2208,0.2769,0.797,0.3432,0.3959,-0.0527,L1
震荡-3买,MACD柱递增,2345,0.8767,0.8947,0.98,0.391,0.3959,-0.0049,L1
震荡-3买,MACD零轴上金叉,80,0.0325,0.0288,1.128,0.425,0.3959,0.0291,L1
震荡-3买,MACD底背离,1314,0.4034,0.5589,0.722,0.3212,0.3959,-0.0748,L1
震荡-3买,BOLL收上中轨,815,0.3021,0.3127,0.966,0.3877,0.3959,-0.0082,L1
震荡-3买,BOLL突破上轨,117,0.0478,0.042,1.139,0.4274,0.3959,0.0314,L1
震荡-3买,BOLL触下轨反弹,1693,0.6625,0.6266,1.057,0.4093,0.3959,0.0134,L1
震荡-3买,BOLL开口扩张,2428,0.9417,0.9041,1.042,0.4057,0.3959,0.0098,L1
震荡-3买,KDJ金叉态,2196,0.8499,0.8189,1.038,0.4048,0.3959,0.0089,L1
震荡-3买,KDJ_J超卖,2442,0.9331,0.9185,1.016,0.3997,0.3959,0.0038,L1
震荡-3买,KDJ低位金叉,1215,0.4876,0.4417,1.104,0.4198,0.3959,0.0238,L1
震荡-3买,KDJ_D小于30,1931,0.7428,0.7231,1.027,0.4024,0.3959,0.0065,L1
震荡-3买,RSI6大于50,1306,0.479,0.5044,0.95,0.3836,0.3959,-0.0123,L1
震荡-3买,RSI金叉,1854,0.6979,0.7043,0.991,0.3937,0.3959,-0.0022,L1
震荡-3买,RSI6超卖,2121,0.8231,0.7895,1.043,0.4059,0.3959,0.01,L1
震荡-3买,RSI底背离,1011,0.3002,0.4367,0.687,0.3106,0.3959,-0.0853,L1
震荡-3买,威科夫得分大于4,535,0.2055,0.2005,1.025,0.4019,0.3959,0.006,L1
震荡-3买,威科夫得分大于7,198,0.0688,0.0789,0.872,0.3636,0.3959,-0.0323,L1
震荡-3买,积累阶段,1213,0.3977,0.4994,0.796,0.343,0.3959,-0.053,L1
震荡-3买,黄金柱,119,0.0363,0.0508,0.716,0.3193,0.3959,-0.0766,L1
震荡-3买,量能金叉,427,0.1864,0.1454,1.282,0.4567,0.3959,0.0608,L1
震荡-3买,六脉红灯大于5,1588,0.587,0.6103,0.962,0.3866,0.3959,-0.0093,L1
震荡-3买,六脉红灯大于6,1066,0.3853,0.4154,0.927,0.378,0.3959,-0.0179,L1
震荡-3买,六脉6红首发,1066,0.3853,0.4154,0.927,0.378,0.3959,-0.0179,L1
震荡-3买,六脉5红首发,1588,0.587,0.6103,0.962,0.3866,0.3959,-0.0093,L1
震荡-3买,偏多共振,505,0.2027,0.1836,1.104,0.4198,0.3959,0.0239,L1
震荡-3买,多头共振,503,0.2027,0.1823,1.112,0.4215,0.3959,0.0256,L1
震荡-3买,火箭信号,195,0.0985,0.0576,1.708,0.5282,0.3959,0.1323,L1
震荡-3买,极限抄底,144,0.0813,0.037,2.198,0.5903,0.3959,0.1944,L1
震荡-3买,中枢进机会区,1121,0.4417,0.4129,1.07,0.4121,0.3959,0.0162,L1
震荡-3买,中枢极限底,1169,0.4665,0.4267,1.093,0.4175,0.3959,0.0215,L1
震荡-3买,中枢上穿中轴,494,0.217,0.1673,1.297,0.4595,0.3959,0.0636,L1
震荡-3买,中枢底部蓄力,1710,0.6013,0.6773,0.888,0.3678,0.3959,-0.0281,L1
震荡-3买,中枢底部回升,2075,0.7925,0.7807,1.015,0.3995,0.3959,0.0036,L1
震荡-3买,大盘多头,1070,0.3413,0.4467,0.764,0.3336,0.3959,-0.0623,L1
震荡-3买,大盘空头,635,0.1797,0.2801,0.642,0.2961,0.3959,-0.0998,L1
震荡-3买,大盘安全,1663,0.5163,0.7036,0.734,0.3247,0.3959,-0.0712,L1
震荡-3买,SID等于1,1070,0.3413,0.4467,0.764,0.3336,0.3959,-0.0623,L1
震荡-3买,SID等于2,2642,1.0,1.0,1.0,0.3959,0.3959,0.0,L1
震荡-3买,SID小于等于2,2642,1.0,1.0,1.0,0.3959,0.3959,0.0,L1
震荡-3买,大盘5日上涨,1679,0.5115,0.7168,0.714,0.3186,0.3959,-0.0773,L1
震荡-3买,相对强弱大于0,982,0.3709,0.3722,0.997,0.3951,0.3959,-0.0008,L1
震荡-3买,相对强弱大于5,258,0.1147,0.0865,1.327,0.4651,0.3959,0.0692,L1
震荡-3买,量比>=1.3,511,0.2639,0.1472,1.792,0.5401,0.3959,0.1442,L1
震荡-3买,量比>=2,117,0.066,0.0301,2.193,0.5897,0.3959,0.1938,L1
震荡-3买,距前高<=10%,206,0.0717,0.0821,0.874,0.3641,0.3959,-0.0318,L1
震荡-3买,深跌(距前高>40%),132,0.0468,0.052,0.901,0.3712,0.3959,-0.0247,L1
震荡-3买,距前低<=10%,1463,0.4914,0.5946,0.826,0.3513,0.3959,-0.0446,L1
震荡-3买,相对强弱>=0,207,0.0736,0.0815,0.904,0.372,0.3959,-0.0239,L1
震荡-3买,多头排列 + 趋势多头,110,0.043,0.0407,1.056,0.4091,0.3959,0.0132,L2
震荡-3买,多头排列 + 上升中回调,129,0.0507,0.0476,1.064,0.4109,0.3959,0.0149,L2
震荡-3买,多头排列 + 站上MA5,143,0.0526,0.0551,0.954,0.3846,0.3959,-0.0113,L2
震荡-3买,多头排列 + 站上MA13,100,0.0363,0.0388,0.935,0.38,0.3959,-0.0159,L2
震荡-3买,多头排列 + 站上MA34,137,0.0535,0.0508,1.055,0.4088,0.3959,0.0128,L2
震荡-3买,多头排列 + 站上MA55,150,0.0574,0.0564,1.017,0.4,0.3959,0.0041,L2
震荡-3买,多头排列 + 站上MA89,154,0.0593,0.0576,1.028,0.4026,0.3959,0.0067,L2
震荡-3买,多头排列 + 站上MA144,154,0.0602,0.057,1.056,0.4091,0.3959,0.0132,L2
震荡-3买,多头排列 + 站上MA233,155,0.0621,0.0564,1.102,0.4194,0.3959,0.0234,L2
震荡-3买,多头排列 + 斐波短中多头,107,0.0488,0.0351,1.39,0.4766,0.3959,0.0807,L2
震荡-3买,多头排列 + 斐波长多头,93,0.0382,0.0332,1.152,0.4301,0.3959,0.0342,L2
震荡-3买,多头排列 + 斐波全多头,67,0.0315,0.0213,1.481,0.4925,0.3959,0.0966,L2
震荡-3买,多头排列 + 放量,109,0.0402,0.042,0.956,0.3853,0.3959,-0.0106,L2
震荡-3买,多头排列 + 缩量,142,0.0526,0.0545,0.965,0.3873,0.3959,-0.0086,L2
震荡-3买,多头排列 + 量比大于1,133,0.0478,0.052,0.919,0.3759,0.3959,-0.02,L2
震荡-3买,多头排列 + 量比大于1_3,86,0.0296,0.0345,0.86,0.3605,0.3959,-0.0354,L2
震荡-3买,多头排列 + 量能递增,109,0.043,0.0401,1.073,0.4128,0.3959,0.0169,L2
震荡-3买,多头排列 + 价涨量增,85,0.0287,0.0345,0.832,0.3529,0.3959,-0.043,L2
震荡-3买,多头排列 + 价涨量缩,130,0.0516,0.0476,1.084,0.4154,0.3959,0.0195,L2
震荡-3买,多头排列 + MACD_DIF大于0,155,0.0621,0.0564,1.102,0.4194,0.3959,0.0234,L2
震荡-3买,多头排列 + MACD金叉态,69,0.0315,0.0226,1.399,0.4783,0.3959,0.0823,L2
震荡-3买,多头排列 + MACD柱递增,104,0.0306,0.0451,0.678,0.3077,0.3959,-0.0882,L2
震荡-3买,多头排列 + BOLL收上中轨,111,0.043,0.0414,1.04,0.4054,0.3959,0.0095,L2
震荡-3买,多头排列 + BOLL触下轨反弹,88,0.0335,0.0332,1.008,0.3977,0.3959,0.0018,L2
震荡-3买,多头排列 + BOLL开口扩张,134,0.0526,0.0495,1.062,0.4104,0.3959,0.0145,L2
震荡-3买,多头排列 + KDJ金叉态,90,0.0315,0.0357,0.883,0.3667,0.3959,-0.0292,L2
震荡-3买,多头排列 + KDJ_J超卖,131,0.0507,0.0489,1.037,0.4046,0.3959,0.0087,L2
震荡-3买,多头排列 + RSI6大于50,111,0.0392,0.0439,0.894,0.3694,0.3959,-0.0265,L2
震荡-3买,多头排列 + RSI金叉,88,0.0306,0.0351,0.872,0.3636,0.3959,-0.0323,L2
震荡-3买,多头排列 + RSI6超卖,81,0.0315,0.0301,1.049,0.4074,0.3959,0.0115,L2
震荡-3买,多头排列 + 威科夫得分大于4,135,0.0535,0.0495,1.082,0.4148,0.3959,0.0189,L2
震荡-3买,多头排列 + 威科夫得分大于7,89,0.0306,0.0357,0.857,0.3596,0.3959,-0.0364,L2
震荡-3买,多头排列 + 六脉红灯大于5,72,0.0268,0.0276,0.971,0.3889,0.3959,-0.007,L2
震荡-3买,多头排列 + 六脉红灯大于6,55,0.0172,0.0232,0.742,0.3273,0.3959,-0.0686,L2
震荡-3买,多头排列 + 六脉6红首发,55,0.0172,0.0232,0.742,0.3273,0.3959,-0.0686,L2
震荡-3买,多头排列 + 六脉5红首发,72,0.0268,0.0276,0.971,0.3889,0.3959,-0.007,L2
震荡-3买,多头排列 + 偏多共振,119,0.0507,0.0414,1.225,0.4454,0.3959,0.0495,L2
震荡-3买,多头排列 + 多头共振,119,0.0507,0.0414,1.225,0.4454,0.3959,0.0495,L2
震荡-3买,多头排列 + 中枢上穿中轴,70,0.022,0.0294,0.747,0.3286,0.3959,-0.0673,L2
震荡-3买,多头排列 + 中枢底部回升,55,0.0191,0.0219,0.872,0.3636,0.3959,-0.0323,L2
震荡-3买,多头排列 + 大盘多头,84,0.0239,0.037,0.647,0.2976,0.3959,-0.0983,L2
震荡-3买,多头排列 + 大盘安全,109,0.0354,0.0451,0.784,0.3394,0.3959,-0.0565,L2
震荡-3买,多头排列 + SID等于1,84,0.0239,0.037,0.647,0.2976,0.3959,-0.0983,L2
震荡-3买,多头排列 + SID等于2,159,0.0621,0.0589,1.055,0.4088,0.3959,0.0129,L2
震荡-3买,多头排列 + SID小于等于2,159,0.0621,0.0589,1.055,0.4088,0.3959,0.0129,L2
震荡-3买,多头排列 + 大盘5日上涨,92,0.0306,0.0376,0.814,0.3478,0.3959,-0.0481,L2
震荡-3买,多头排列 + 相对强弱大于0,132,0.0545,0.047,1.16,0.4318,0.3959,0.0359,L2
震荡-3买,多头排列 + 相对强弱大于5,58,0.0268,0.0188,1.424,0.4828,0.3959,0.0868,L2
震荡-3买,空头排列 + 趋势空头,1388,0.4809,0.5545,0.867,0.3624,0.3959,-0.0335,L2
震荡-3买,空头排列 + 站上MA5,1284,0.4512,0.5088,0.887,0.3676,0.3959,-0.0283,L2
震荡-3买,空头排列 + 站上MA13,554,0.1778,0.2306,0.771,0.3357,0.3959,-0.0602,L2
震荡-3买,空头排列 + 站上MA34,166,0.0707,0.0576,1.227,0.4458,0.3959,0.0499,L2
震荡-3买,空头排列 + 站上MA55,110,0.0478,0.0376,1.272,0.4545,0.3959,0.0586,L2
震荡-3买,空头排列 + 站上MA89,265,0.0918,0.1059,0.867,0.3623,0.3959,-0.0336,L2
震荡-3买,空头排列 + 站上MA144,705,0.2486,0.2788,0.891,0.3688,0.3959,-0.0271,L2
震荡-3买,空头排列 + 站上MA233,1077,0.3948,0.416,0.949,0.3835,0.3959,-0.0124,L2
震荡-3买,空头排列 + 斐波长多头,713,0.2409,0.2888,0.834,0.3534,0.3959,-0.0425,L2
震荡-3买,空头排列 + 放量,933,0.3499,0.3553,0.985,0.3923,0.3959,-0.0036,L2
震荡-3买,空头排列 + 缩量,1270,0.4235,0.5182,0.817,0.3488,0.3959,-0.0471,L2
震荡-3买,空头排列 + 量比大于1,1266,0.4512,0.4975,0.907,0.3728,0.3959,-0.0231,L2
震荡-3买,空头排列 + 量比大于1_3,894,0.3384,0.3383,1.0,0.396,0.3959,0.0001,L2
震荡-3买,空头排列 + 量比大于2,352,0.1606,0.1153,1.393,0.4773,0.3959,0.0814,L2
震荡-3买,空头排列 + 量能递增,670,0.2667,0.245,1.089,0.4164,0.3959,0.0205,L2
震荡-3买,空头排列 + 价涨量增,785,0.3011,0.2945,1.023,0.4013,0.3959,0.0054,L2
震荡-3买,空头排列 + 价涨量缩,1100,0.369,0.4474,0.825,0.3509,0.3959,-0.045,L2
震荡-3买,空头排列 + MACD金叉态,476,0.131,0.2124,0.617,0.2878,0.3959,-0.1081,L2
震荡-3买,空头排列 + MACD柱递增,1269,0.4465,0.5025,0.888,0.368,0.3959,-0.0279,L2
震荡-3买,空头排列 + MACD底背离,924,0.2658,0.4048,0.657,0.3009,0.3959,-0.095,L2
震荡-3买,空头排列 + BOLL收上中轨,365,0.1214,0.1491,0.814,0.3479,0.3959,-0.048,L2
震荡-3买,空头排列 + BOLL触下轨反弹,893,0.3279,0.3446,0.952,0.3841,0.3959,-0.0118,L2
震荡-3买,空头排列 + BOLL开口扩张,1247,0.4532,0.4843,0.936,0.3801,0.3959,-0.0158,L2
震荡-3买,空头排列 + KDJ金叉态,1218,0.4379,0.4762,0.92,0.376,0.3959,-0.0199,L2
震荡-3买,空头排列 + KDJ_J超卖,1299,0.4579,0.5138,0.891,0.3687,0.3959,-0.0272,L2
震荡-3买,空头排列 + KDJ低位金叉,767,0.2964,0.2863,1.035,0.4042,0.3959,0.0083,L2
震荡-3买,空头排列 + KDJ_D小于30,1132,0.4092,0.4411,0.928,0.3781,0.3959,-0.0178,L2
震荡-3买,空头排列 + RSI6大于50,664,0.2151,0.2751,0.782,0.3389,0.3959,-0.0571,L2
震荡-3买,空头排列 + RSI金叉,1112,0.3853,0.4442,0.867,0.3624,0.3959,-0.0335,L2
震荡-3买,空头排列 + RSI6超卖,1194,0.4254,0.4693,0.907,0.3727,0.3959,-0.0232,L2
震荡-3买,空头排列 + RSI底背离,733,0.2094,0.3221,0.65,0.2988,0.3959,-0.0971,L2
震荡-3买,空头排列 + 威科夫得分大于4,87,0.0277,0.0363,0.763,0.3333,0.3959,-0.0626,L2
震荡-3买,空头排列 + 积累阶段,817,0.2361,0.3571,0.661,0.3023,0.3959,-0.0936,L2
震荡-3买,空头排列 + 黄金柱,66,0.0134,0.0326,0.411,0.2121,0.3959,-0.1838,L2
震荡-3买,空头排列 + 量能金叉,203,0.0822,0.0733,1.122,0.4236,0.3959,0.0277,L2
震荡-3买,空头排列 + 六脉红灯大于5,945,0.3222,0.381,0.846,0.3566,0.3959,-0.0393,L2
震荡-3买,空头排列 + 六脉红灯大于6,611,0.1969,0.2538,0.776,0.3372,0.3959,-0.0588,L2
震荡-3买,空头排列 + 六脉6红首发,611,0.1969,0.2538,0.776,0.3372,0.3959,-0.0588,L2
震荡-3买,空头排列 + 六脉5红首发,945,0.3222,0.381,0.846,0.3566,0.3959,-0.0393,L2
震荡-3买,空头排列 + 火箭信号,80,0.043,0.0219,1.962,0.5625,0.3959,0.1666,L2
震荡-3买,空头排列 + 极限抄底,103,0.0507,0.0313,1.617,0.5146,0.3959,0.1187,L2
震荡-3买,空头排列 + 中枢进机会区,518,0.1663,0.2155,0.772,0.3359,0.3959,-0.06,L2
震荡-3买,空头排列 + 中枢极限底,780,0.2715,0.3108,0.874,0.3641,0.3959,-0.0318,L2
震荡-3买,空头排列 + 中枢上穿中轴,144,0.0688,0.0451,1.526,0.5,0.3959,0.1041,L2
震荡-3买,空头排列 + 中枢底部蓄力,1242,0.4063,0.5119,0.794,0.3422,0.3959,-0.0537,L2
震荡-3买,空头排列 + 中枢底部回升,1326,0.4465,0.5382,0.83,0.3522,0.3959,-0.0437,L2
震荡-3买,空头排列 + 大盘多头,488,0.152,0.2061,0.737,0.3258,0.3959,-0.0701,L2
震荡-3买,空头排列 + 大盘空头,436,0.1157,0.1974,0.586,0.2775,0.3959,-0.1184,L2
震荡-3买,空头排列 + 大盘安全,890,0.2591,0.3878,0.668,0.3045,0.3959,-0.0914,L2
震荡-3买,空头排列 + SID等于1,488,0.152,0.2061,0.737,0.3258,0.3959,-0.0701,L2
震荡-3买,空头排列 + SID等于2,1394,0.4857,0.5551,0.875,0.3644,0.3959,-0.0315,L2
震荡-3买,空头排列 + SID小于等于2,1394,0.4857,0.5551,0.875,0.3644,0.3959,-0.0315,L2
震荡-3买,空头排列 + 大盘5日上涨,912,0.2562,0.4035,0.635,0.2939,0.3959,-0.1021,L2
震荡-3买,空头排列 + 相对强弱大于0,439,0.1491,0.1773,0.841,0.3554,0.3959,-0.0406,L2
震荡-3买,空头排列 + 相对强弱大于5,106,0.0411,0.0395,1.041,0.4057,0.3959,0.0097,L2
震荡-3买,空头排列 + 量比>=1.3,288,0.1424,0.0871,1.636,0.5174,0.3959,0.1214,L2
震荡-3买,空头排列 + 量比>=2,69,0.0392,0.0175,2.234,0.5942,0.3959,0.1983,L2
震荡-3买,空头排列 + 深跌(距前高>40%),101,0.0306,0.0432,0.708,0.3168,0.3959,-0.0791,L2
震荡-3买,空头排列 + 距前低<=10%,1108,0.3308,0.4774,0.693,0.3123,0.3959,-0.0836,L2
震荡-3买,空头排列 + 相对强弱>=0,92,0.022,0.0432,0.509,0.25,0.3959,-0.1459,L2
震荡-3买,趋势多头 + 上升中回调,296,0.1109,0.1128,0.983,0.3919,0.3959,-0.004,L2
震荡-3买,趋势多头 + 站上MA5,396,0.1549,0.1466,1.056,0.4091,0.3959,0.0132,L2
震荡-3买,趋势多头 + 站上MA13,374,0.1482,0.1372,1.08,0.4144,0.3959,0.0185,L2
震荡-3买,趋势多头 + 站上MA34,372,0.153,0.1328,1.152,0.4301,0.3959,0.0342,L2
震荡-3买,趋势多头 + 站上MA55,399,0.1606,0.1447,1.11,0.4211,0.3959,0.0251,L2
震荡-3买,趋势多头 + 站上MA89,389,0.153,0.1435,1.066,0.4113,0.3959,0.0154,L2
震荡-3买,趋势多头 + 站上MA144,381,0.1482,0.1416,1.046,0.4068,0.3959,0.0109,L2
震荡-3买,趋势多头 + 站上MA233,382,0.1558,0.1372,1.136,0.4267,0.3959,0.0308,L2
震荡-3买,趋势多头 + 斐波短中多头,116,0.0421,0.0451,0.932,0.3793,0.3959,-0.0166,L2
震荡-3买,趋势多头 + 斐波长多头,227,0.0889,0.084,1.059,0.4097,0.3959,0.0138,L2
震荡-3买,趋势多头 + 斐波全多头,69,0.0268,0.0257,1.042,0.4058,0.3959,0.0099,L2
震荡-3买,趋势多头 + 放量,342,0.13,0.1291,1.007,0.3977,0.3959,0.0017,L2
震荡-3买,趋势多头 + 缩量,349,0.1272,0.1353,0.94,0.3811,0.3959,-0.0148,L2
震荡-3买,趋势多头 + 量比大于1,390,0.1511,0.1454,1.039,0.4051,0.3959,0.0092,L2
震荡-3买,趋势多头 + 量比大于1_3,324,0.1224,0.1228,0.996,0.3951,0.3959,-0.0009,L2
震荡-3买,趋势多头 + 量比大于2,156,0.065,0.0551,1.179,0.4359,0.3959,0.04,L2
震荡-3买,趋势多头 + 量能递增,248,0.1052,0.0865,1.216,0.4435,0.3959,0.0476,L2
震荡-3买,趋势多头 + 价涨量增,317,0.1214,0.119,1.02,0.4006,0.3959,0.0047,L2
震荡-3买,趋势多头 + 价涨量缩,281,0.1109,0.1034,1.073,0.4128,0.3959,0.0169,L2
震荡-3买,趋势多头 + MACD_DIF大于0,321,0.1291,0.1165,1.107,0.4206,0.3959,0.0246,L2
震荡-3买,趋势多头 + MACD金叉态,137,0.0631,0.0445,1.418,0.4818,0.3959,0.0858,L2
震荡-3买,趋势多头 + MACD柱递增,353,0.1338,0.1335,1.003,0.3966,0.3959,0.0007,L2
震荡-3买,趋势多头 + MACD零轴上金叉,71,0.0287,0.0257,1.116,0.4225,0.3959,0.0266,L2
震荡-3买,趋势多头 + MACD底背离,119,0.0488,0.0426,1.144,0.4286,0.3959,0.0327,L2
震荡-3买,趋势多头 + BOLL收上中轨,405,0.1606,0.1485,1.082,0.4148,0.3959,0.0189,L2
震荡-3买,趋势多头 + BOLL突破上轨,59,0.0239,0.0213,1.122,0.4237,0.3959,0.0278,L2
震荡-3买,趋势多头 + BOLL触下轨反弹,260,0.1061,0.0934,1.137,0.4269,0.3959,0.031,L2
震荡-3买,趋势多头 + BOLL开口扩张,369,0.1463,0.1353,1.081,0.4146,0.3959,0.0187,L2
震荡-3买,趋势多头 + KDJ金叉态,365,0.1453,0.1335,1.089,0.4164,0.3959,0.0205,L2
震荡-3买,趋势多头 + KDJ_J超卖,346,0.1377,0.1266,1.088,0.4162,0.3959,0.0203,L2
震荡-3买,趋势多头 + KDJ_D小于30,147,0.0564,0.0551,1.023,0.4014,0.3959,0.0054,L2
震荡-3买,趋势多头 + RSI6大于50,393,0.152,0.1466,1.037,0.4046,0.3959,0.0087,L2
震荡-3买,趋势多头 + RSI金叉,366,0.1415,0.1366,1.036,0.4044,0.3959,0.0085,L2
震荡-3买,趋势多头 + RSI6超卖,233,0.0927,0.0852,1.088,0.4163,0.3959,0.0204,L2
震荡-3买,趋势多头 + RSI底背离,87,0.0315,0.0338,0.932,0.3793,0.3959,-0.0166,L2
震荡-3买,趋势多头 + 威科夫得分大于4,277,0.1061,0.104,1.02,0.4007,0.3959,0.0048,L2
震荡-3买,趋势多头 + 威科夫得分大于7,134,0.0488,0.052,0.938,0.3806,0.3959,-0.0153,L2
震荡-3买,趋势多头 + 积累阶段,105,0.0449,0.0363,1.236,0.4476,0.3959,0.0517,L2
震荡-3买,趋势多头 + 量能金叉,126,0.0497,0.0464,1.072,0.4127,0.3959,0.0168,L2
震荡-3买,趋势多头 + 六脉红灯大于5,338,0.1329,0.1247,1.066,0.4112,0.3959,0.0153,L2
震荡-3买,趋势多头 + 六脉红灯大于6,306,0.1166,0.1153,1.012,0.3987,0.3959,0.0028,L2
震荡-3买,趋势多头 + 六脉6红首发,306,0.1166,0.1153,1.012,0.3987,0.3959,0.0028,L2
震荡-3买,趋势多头 + 六脉5红首发,338,0.1329,0.1247,1.066,0.4112,0.3959,0.0153,L2
震荡-3买,趋势多头 + 偏多共振,197,0.0765,0.0733,1.043,0.4061,0.3959,0.0102,L2
震荡-3买,趋势多头 + 多头共振,197,0.0765,0.0733,1.043,0.4061,0.3959,0.0102,L2
震荡-3买,趋势多头 + 火箭信号,77,0.0335,0.0263,1.272,0.4545,0.3959,0.0586,L2
震荡-3买,趋势多头 + 中枢进机会区,152,0.0621,0.0545,1.14,0.4276,0.3959,0.0317,L2
震荡-3买,趋势多头 + 中枢极限底,82,0.0335,0.0294,1.136,0.4268,0.3959,0.0309,L2
震荡-3买,趋势多头 + 中枢上穿中轴,257,0.1023,0.094,1.088,0.4163,0.3959,0.0204,L2
震荡-3买,趋势多头 + 中枢底部蓄力,84,0.0249,0.0363,0.684,0.3095,0.3959,-0.0864,L2
震荡-3买,趋势多头 + 中枢底部回升,189,0.0784,0.067,1.169,0.4339,0.3959,0.038,L2
震荡-3买,趋势多头 + 大盘多头,232,0.0774,0.0946,0.818,0.3491,0.3959,-0.0468,L2
震荡-3买,趋势多头 + 大盘空头,65,0.0229,0.0257,0.893,0.3692,0.3959,-0.0267,L2
震荡-3买,趋势多头 + 大盘安全,300,0.1042,0.1197,0.871,0.3633,0.3959,-0.0326,L2
震荡-3买,趋势多头 + SID等于1,232,0.0774,0.0946,0.818,0.3491,0.3959,-0.0468,L2
震荡-3买,趋势多头 + SID等于2,405,0.1606,0.1485,1.082,0.4148,0.3959,0.0189,L2
震荡-3买,趋势多头 + SID小于等于2,405,0.1606,0.1485,1.082,0.4148,0.3959,0.0189,L2
震荡-3买,趋势多头 + 大盘5日上涨,284,0.1004,0.1122,0.895,0.3697,0.3959,-0.0262,L2
震荡-3买,趋势多头 + 相对强弱大于0,326,0.13,0.119,1.092,0.4172,0.3959,0.0213,L2
震荡-3买,趋势多头 + 相对强弱大于5,120,0.0554,0.0388,1.427,0.4833,0.3959,0.0874,L2
震荡-3买,趋势多头 + 量比>=1.3,79,0.0335,0.0276,1.214,0.443,0.3959,0.0471,L2
震荡-3买,趋势多头 + 距前高<=10%,105,0.0354,0.0426,0.83,0.3524,0.3959,-0.0435,L2
震荡-3买,趋势多头 + 距前低<=10%,80,0.0354,0.0269,1.313,0.4625,0.3959,0.0666,L2
震荡-3买,趋势多头 + 相对强弱>=0,71,0.0335,0.0226,1.483,0.493,0.3959,0.097,L2
震荡-3买,趋势空头 + 站上MA5,1350,0.4771,0.5332,0.895,0.3696,0.3959,-0.0263,L2
震荡-3买,趋势空头 + 站上MA13,608,0.1989,0.2506,0.793,0.3421,0.3959,-0.0538,L2
震荡-3买,趋势空头 + 站上MA34,206,0.0899,0.0702,1.281,0.4563,0.3959,0.0604,L2
震荡-3买,趋势空头 + 站上MA55,142,0.0631,0.0476,1.325,0.4648,0.3959,0.0689,L2
震荡-3买,趋势空头 + 站上MA89,305,0.1109,0.1184,0.936,0.3803,0.3959,-0.0156,L2
震荡-3买,趋势空头 + 站上MA144,759,0.2734,0.2964,0.923,0.3768,0.3959,-0.0191,L2
震荡-3买,趋势空头 + 站上MA233,1141,0.4216,0.4386,0.961,0.3865,0.3959,-0.0094,L2
震荡-3买,趋势空头 + 斐波长多头,748,0.2553,0.3014,0.847,0.357,0.3959,-0.039,L2
震荡-3买,趋势空头 + 放量,986,0.3681,0.3766,0.977,0.3905,0.3959,-0.0054,L2
震荡-3买,趋势空头 + 缩量,1332,0.4512,0.5388,0.837,0.3544,0.3959,-0.0416,L2
震荡-3买,趋势空头 + 量比大于1,1326,0.4723,0.5213,0.906,0.3725,0.3959,-0.0234,L2
震荡-3买,趋势空头 + 量比大于1_3,943,0.3556,0.3578,0.994,0.3945,0.3959,-0.0014,L2
震荡-3买,趋势空头 + 量比大于2,376,0.1702,0.1241,1.372,0.4734,0.3959,0.0775,L2
震荡-3买,趋势空头 + 量能递增,720,0.2868,0.2632,1.09,0.4167,0.3959,0.0208,L2
震荡-3买,趋势空头 + 价涨量增,828,0.3155,0.312,1.011,0.3986,0.3959,0.0026,L2
震荡-3买,趋势空头 + 价涨量缩,1148,0.391,0.463,0.844,0.3563,0.3959,-0.0396,L2
震荡-3买,趋势空头 + MACD_DIF大于0,68,0.0421,0.015,2.797,0.6471,0.3959,0.2511,L2
震荡-3买,趋势空头 + MACD金叉态,540,0.1587,0.2343,0.677,0.3074,0.3959,-0.0885,L2
震荡-3买,趋势空头 + MACD柱递增,1321,0.4694,0.5201,0.903,0.3717,0.3959,-0.0242,L2
震荡-3买,趋势空头 + MACD底背离,950,0.2715,0.4173,0.651,0.2989,0.3959,-0.097,L2
震荡-3买,趋势空头 + BOLL收上中轨,423,0.1453,0.1698,0.856,0.3593,0.3959,-0.0366,L2
震荡-3买,趋势空头 + BOLL突破上轨,63,0.0249,0.0232,1.072,0.4127,0.3959,0.0168,L2
震荡-3买,趋势空头 + BOLL触下轨反弹,919,0.3375,0.3546,0.952,0.3841,0.3959,-0.0118,L2
震荡-3买,趋势空头 + BOLL开口扩张,1308,0.4751,0.5081,0.935,0.38,0.3959,-0.0159,L2
震荡-3买,趋势空头 + KDJ金叉态,1265,0.457,0.4931,0.927,0.3779,0.3959,-0.018,L2
震荡-3买,趋势空头 + KDJ_J超卖,1353,0.4809,0.5326,0.903,0.3718,0.3959,-0.0241,L2
震荡-3买,趋势空头 + KDJ低位金叉,766,0.2945,0.287,1.026,0.4021,0.3959,0.0062,L2
震荡-3买,趋势空头 + KDJ_D小于30,1140,0.4101,0.4455,0.921,0.3763,0.3959,-0.0196,L2
震荡-3买,趋势空头 + RSI6大于50,722,0.2371,0.297,0.798,0.3435,0.3959,-0.0524,L2
震荡-3买,趋势空头 + RSI金叉,1169,0.4054,0.4668,0.868,0.3627,0.3959,-0.0332,L2
震荡-3买,趋势空头 + RSI6超卖,1221,0.4379,0.4781,0.916,0.3751,0.3959,-0.0208,L2
震荡-3买,趋势空头 + RSI底背离,755,0.2151,0.3321,0.648,0.298,0.3959,-0.0979,L2
震荡-3买,趋势空头 + 威科夫得分大于4,126,0.043,0.0508,0.848,0.3571,0.3959,-0.0388,L2
震荡-3买,趋势空头 + 积累阶段,863,0.2543,0.3741,0.68,0.3082,0.3959,-0.0877,L2
震荡-3买,趋势空头 + 黄金柱,76,0.0163,0.037,0.44,0.2237,0.3959,-0.1722,L2
震荡-3买,趋势空头 + 量能金叉,220,0.088,0.0802,1.097,0.4182,0.3959,0.0223,L2
震荡-3买,趋势空头 + 六脉红灯大于5,989,0.3384,0.3979,0.851,0.3579,0.3959,-0.038,L2
震荡-3买,趋势空头 + 六脉红灯大于6,645,0.2103,0.2663,0.79,0.3411,0.3959,-0.0548,L2
震荡-3买,趋势空头 + 六脉6红首发,645,0.2103,0.2663,0.79,0.3411,0.3959,-0.0548,L2
震荡-3买,趋势空头 + 六脉5红首发,989,0.3384,0.3979,0.851,0.3579,0.3959,-0.038,L2
震荡-3买,趋势空头 + 偏多共振,60,0.0268,0.0201,1.335,0.4667,0.3959,0.0708,L2
震荡-3买,趋势空头 + 多头共振,59,0.0268,0.0194,1.378,0.4746,0.3959,0.0787,L2
震荡-3买,趋势空头 + 火箭信号,92,0.0497,0.0251,1.984,0.5652,0.3959,0.1693,L2
震荡-3买,趋势空头 + 极限抄底,103,0.0507,0.0313,1.617,0.5146,0.3959,0.1187,L2
震荡-3买,趋势空头 + 中枢进机会区,563,0.1816,0.2337,0.777,0.3375,0.3959,-0.0584,L2
震荡-3买,趋势空头 + 中枢极限底,798,0.2763,0.3189,0.866,0.3622,0.3959,-0.0338,L2
震荡-3买,趋势空头 + 中枢上穿中轴,170,0.0803,0.0539,1.49,0.4941,0.3959,0.0982,L2
震荡-3买,趋势空头 + 中枢底部蓄力,1262,0.4092,0.5226,0.783,0.3391,0.3959,-0.0568,L2
震荡-3买,趋势空头 + 中枢底部回升,1366,0.457,0.5564,0.821,0.3499,0.3959,-0.046,L2
震荡-3买,趋势空头 + 大盘多头,520,0.1635,0.2187,0.748,0.3288,0.3959,-0.0671,L2
震荡-3买,趋势空头 + 大盘空头,453,0.1233,0.203,0.607,0.2848,0.3959,-0.1111,L2
震荡-3买,趋势空头 + 大盘安全,946,0.282,0.4079,0.691,0.3118,0.3959,-0.0841,L2
震荡-3买,趋势空头 + SID等于1,520,0.1635,0.2187,0.748,0.3288,0.3959,-0.0671,L2
震荡-3买,趋势空头 + SID等于2,1465,0.5153,0.5802,0.888,0.3679,0.3959,-0.028,L2
震荡-3买,趋势空头 + SID小于等于2,1465,0.5153,0.5802,0.888,0.3679,0.3959,-0.028,L2
震荡-3买,趋势空头 + 大盘5日上涨,965,0.2782,0.4223,0.659,0.3016,0.3959,-0.0944,L2
震荡-3买,趋势空头 + 相对强弱大于0,497,0.1759,0.1961,0.897,0.3702,0.3959,-0.0257,L2
震荡-3买,趋势空头 + 相对强弱大于5,129,0.0526,0.0464,1.134,0.4264,0.3959,0.0304,L2
震荡-3买,趋势空头 + 量比>=1.3,300,0.1463,0.0921,1.588,0.51,0.3959,0.1141,L2
震荡-3买,趋势空头 + 量比>=2,73,0.0402,0.0194,2.067,0.5753,0.3959,0.1794,L2
震荡-3买,趋势空头 + 深跌(距前高>40%),102,0.0315,0.0432,0.73,0.3235,0.3959,-0.0724,L2
震荡-3买,趋势空头 + 距前低<=10%,1153,0.347,0.495,0.701,0.3148,0.3959,-0.0811,L2
震荡-3买,趋势空头 + 相对强弱>=0,109,0.0296,0.0489,0.606,0.2844,0.3959,-0.1115,L2
震荡-3买,上升中回调 + 站上MA5,686,0.2419,0.2713,0.892,0.3688,0.3959,-0.0271,L2
震荡-3买,上升中回调 + 站上MA13,367,0.1329,0.1429,0.93,0.3787,0.3959,-0.0172,L2
震荡-3买,上升中回调 + 站上MA34,414,0.1491,0.1617,0.923,0.3768,0.3959,-0.0191,L2
震荡-3买,上升中回调 + 站上MA55,675,0.2361,0.2682,0.881,0.3659,0.3959,-0.03,L2
震荡-3买,上升中回调 + 站上MA89,710,0.2467,0.2832,0.871,0.3634,0.3959,-0.0325,L2
震荡-3买,上升中回调 + 站上MA144,715,0.2505,0.2838,0.882,0.3664,0.3959,-0.0295,L2
震荡-3买,上升中回调 + 站上MA233,704,0.2543,0.2744,0.927,0.3778,0.3959,-0.0181,L2
震荡-3买,上升中回调 + 斐波短中多头,158,0.0545,0.0633,0.861,0.3608,0.3959,-0.0352,L2
震荡-3买,上升中回调 + 斐波长多头,496,0.1721,0.198,0.869,0.3629,0.3959,-0.033,L2
震荡-3买,上升中回调 + 斐波全多头,101,0.0344,0.0407,0.845,0.3564,0.3959,-0.0395,L2
震荡-3买,上升中回调 + 放量,428,0.1616,0.1623,0.996,0.3949,0.3959,-0.0011,L2
震荡-3买,上升中回调 + 缩量,691,0.2294,0.2826,0.812,0.3473,0.3959,-0.0486,L2
震荡-3买,上升中回调 + 量比大于1,643,0.2266,0.2544,0.891,0.3686,0.3959,-0.0273,L2
震荡-3买,上升中回调 + 量比大于1_3,431,0.1616,0.1642,0.984,0.3921,0.3959,-0.0038,L2
震荡-3买,上升中回调 + 量比大于2,144,0.0602,0.0508,1.187,0.4375,0.3959,0.0416,L2
震荡-3买,上升中回调 + 量能递增,299,0.1224,0.1071,1.142,0.4281,0.3959,0.0322,L2
震荡-3买,上升中回调 + 价涨量增,355,0.1386,0.1316,1.054,0.4085,0.3959,0.0125,L2
震荡-3买,上升中回调 + 价涨量缩,582,0.2055,0.2299,0.894,0.3694,0.3959,-0.0265,L2
震荡-3买,上升中回调 + MACD_DIF大于0,586,0.2122,0.2281,0.931,0.3788,0.3959,-0.0171,L2
震荡-3买,上升中回调 + MACD金叉态,84,0.0411,0.0257,1.6,0.5119,0.3959,0.116,L2
震荡-3买,上升中回调 + MACD柱递增,632,0.2132,0.2563,0.832,0.3528,0.3959,-0.0431,L2
震荡-3买,上升中回调 + MACD底背离,213,0.0707,0.0871,0.812,0.3474,0.3959,-0.0485,L2
震荡-3买,上升中回调 + BOLL收上中轨,297,0.1109,0.1134,0.978,0.3906,0.3959,-0.0053,L2
震荡-3买,上升中回调 + BOLL触下轨反弹,471,0.1616,0.1892,0.854,0.3588,0.3959,-0.0371,L2
震荡-3买,上升中回调 + BOLL开口扩张,686,0.2428,0.2707,0.897,0.3703,0.3959,-0.0256,L2
震荡-3买,上升中回调 + KDJ金叉态,586,0.2075,0.2312,0.897,0.3703,0.3959,-0.0256,L2
震荡-3买,上升中回调 + KDJ_J超卖,671,0.2371,0.265,0.895,0.3696,0.3959,-0.0263,L2
震荡-3买,上升中回调 + KDJ低位金叉,212,0.0698,0.0871,0.801,0.3443,0.3959,-0.0516,L2
震荡-3买,上升中回调 + KDJ_D小于30,436,0.1511,0.1742,0.867,0.3624,0.3959,-0.0335,L2
震荡-3买,上升中回调 + RSI6大于50,457,0.1702,0.1748,0.973,0.3895,0.3959,-0.0064,L2
震荡-3买,上升中回调 + RSI金叉,471,0.1769,0.1792,0.987,0.3928,0.3959,-0.0031,L2
震荡-3买,上升中回调 + RSI6超卖,499,0.174,0.1986,0.876,0.3647,0.3959,-0.0312,L2
震荡-3买,上升中回调 + RSI底背离,144,0.0421,0.0627,0.671,0.3056,0.3959,-0.0904,L2
震荡-3买,上升中回调 + 威科夫得分大于4,313,0.1185,0.1184,1.001,0.3962,0.3959,0.0003,L2
震荡-3买,上升中回调 + 威科夫得分大于7,120,0.043,0.047,0.915,0.375,0.3959,-0.0209,L2
震荡-3买,上升中回调 + 积累阶段,183,0.0641,0.0727,0.881,0.3661,0.3959,-0.0298,L2
震荡-3买,上升中回调 + 量能金叉,122,0.0459,0.0464,0.99,0.3934,0.3959,-0.0025,L2
震荡-3买,上升中回调 + 六脉红灯大于5,419,0.1577,0.1591,0.991,0.3938,0.3959,-0.0021,L2
震荡-3买,上升中回调 + 六脉红灯大于6,317,0.1205,0.1197,1.007,0.3975,0.3959,0.0016,L2
震荡-3买,上升中回调 + 六脉6红首发,317,0.1205,0.1197,1.007,0.3975,0.3959,0.0016,L2
震荡-3买,上升中回调 + 六脉5红首发,419,0.1577,0.1591,0.991,0.3938,0.3959,-0.0021,L2
震荡-3买,上升中回调 + 偏多共振,363,0.1319,0.141,0.936,0.3802,0.3959,-0.0157,L2
震荡-3买,上升中回调 + 多头共振,362,0.1319,0.1404,0.94,0.3812,0.3959,-0.0147,L2
震荡-3买,上升中回调 + 火箭信号,67,0.0268,0.0244,1.095,0.4179,0.3959,0.022,L2
震荡-3买,上升中回调 + 中枢进机会区,279,0.1061,0.1053,1.008,0.3978,0.3959,0.0019,L2
震荡-3买,上升中回调 + 中枢极限底,133,0.0593,0.0445,1.332,0.4662,0.3959,0.0703,L2
震荡-3买,上升中回调 + 中枢上穿中轴,249,0.0975,0.0921,1.059,0.4096,0.3959,0.0137,L2
震荡-3买,上升中回调 + 中枢底部蓄力,166,0.0593,0.0652,0.91,0.3735,0.3959,-0.0224,L2
震荡-3买,上升中回调 + 中枢底部回升,323,0.131,0.1165,1.124,0.4241,0.3959,0.0282,L2
震荡-3买,上升中回调 + 大盘多头,399,0.1214,0.1704,0.712,0.3183,0.3959,-0.0776,L2
震荡-3买,上升中回调 + 大盘空头,107,0.0315,0.0464,0.68,0.3084,0.3959,-0.0875,L2
震荡-3买,上升中回调 + 大盘安全,508,0.1558,0.2162,0.721,0.3209,0.3959,-0.075,L2
震荡-3买,上升中回调 + SID等于1,399,0.1214,0.1704,0.712,0.3183,0.3959,-0.0776,L2
震荡-3买,上升中回调 + SID等于2,740,0.26,0.2932,0.887,0.3676,0.3959,-0.0283,L2
震荡-3买,上升中回调 + SID小于等于2,740,0.26,0.2932,0.887,0.3676,0.3959,-0.0283,L2
震荡-3买,上升中回调 + 大盘5日上涨,498,0.1539,0.2112,0.729,0.3233,0.3959,-0.0726,L2
震荡-3买,上升中回调 + 相对强弱大于0,370,0.1358,0.1429,0.95,0.3838,0.3959,-0.0121,L2
震荡-3买,上升中回调 + 相对强弱大于5,93,0.0421,0.0307,1.37,0.4731,0.3959,0.0772,L2
震荡-3买,上升中回调 + 量比>=1.3,108,0.0478,0.0363,1.315,0.463,0.3959,0.0671,L2
震荡-3买,上升中回调 + 距前高<=10%,125,0.0382,0.0533,0.718,0.32,0.3959,-0.0759,L2
震荡-3买,上升中回调 + 距前低<=10%,105,0.044,0.037,1.19,0.4381,0.3959,0.0422,L2
震荡-3买,上升中回调 + 相对强弱>=0,73,0.0315,0.0251,1.259,0.4521,0.3959,0.0561,L2
震荡-3买,站上MA5 + 站上MA13,1069,0.3786,0.4217,0.898,0.3704,0.3959,-0.0255,L2
震荡-3买,站上MA5 + 站上MA34,680,0.2706,0.2487,1.088,0.4162,0.3959,0.0203,L2
震荡-3买,站上MA5 + 站上MA55,867,0.3289,0.3277,1.004,0.3968,0.3959,0.0009,L2
震荡-3买,站上MA5 + 站上MA89,1145,0.4264,0.438,0.974,0.3895,0.3959,-0.0064,L2
震荡-3买,站上MA5 + 站上MA144,1652,0.6272,0.6241,1.005,0.3971,0.3959,0.0012,L2
震荡-3买,站上MA5 + 站上MA233,2055,0.8117,0.7556,1.074,0.4131,0.3959,0.0172,L2
震荡-3买,站上MA5 + 斐波短中多头,162,0.0554,0.0652,0.851,0.358,0.3959,-0.0379,L2
震荡-3买,站上MA5 + 斐波长多头,1368,0.5096,0.5232,0.974,0.3896,0.3959,-0.0063,L2
震荡-3买,站上MA5 + 斐波全多头,101,0.0354,0.0401,0.882,0.3663,0.3959,-0.0296,L2
震荡-3买,站上MA5 + MA55上穿MA89,61,0.0325,0.0169,1.921,0.5574,0.3959,0.1615,L2
震荡-3买,站上MA5 + 放量,1585,0.6434,0.5714,1.126,0.4246,0.3959,0.0287,L2
震荡-3买,站上MA5 + 缩量,2214,0.8107,0.8559,0.947,0.383,0.3959,-0.0129,L2
震荡-3买,站上MA5 + 量比大于1,2185,0.8489,0.8127,1.045,0.4064,0.3959,0.0105,L2
震荡-3买,站上MA5 + 量比大于1_3,1568,0.6396,0.5633,1.135,0.4267,0.3959,0.0307,L2
震荡-3买,站上MA5 + 量比大于2,619,0.2935,0.1955,1.501,0.496,0.3959,0.1,L2
震荡-3买,站上MA5 + 量能递增,1154,0.4914,0.401,1.225,0.4454,0.3959,0.0495,L2
震荡-3买,站上MA5 + 价涨量增,1354,0.5554,0.4843,1.147,0.4291,0.3959,0.0332,L2
震荡-3买,站上MA5 + 价涨量缩,1884,0.7055,0.718,0.983,0.3917,0.3959,-0.0042,L2
震荡-3买,站上MA5 + MACD_DIF大于0,697,0.2792,0.2538,1.1,0.4189,0.3959,0.023,L2
震荡-3买,站上MA5 + MACD金叉态,648,0.2122,0.2669,0.795,0.3426,0.3959,-0.0533,L2
震荡-3买,站上MA5 + MACD柱递增,2220,0.8451,0.8371,1.01,0.3982,0.3959,0.0023,L2
震荡-3买,站上MA5 + MACD零轴上金叉,80,0.0325,0.0288,1.128,0.425,0.3959,0.0291,L2
震荡-3买,站上MA5 + MACD底背离,1198,0.37,0.5081,0.728,0.323,0.3959,-0.0729,L2
震荡-3买,站上MA5 + BOLL收上中轨,802,0.2935,0.3102,0.946,0.3828,0.3959,-0.0131,L2
震荡-3买,站上MA5 + BOLL突破上轨,117,0.0478,0.042,1.139,0.4274,0.3959,0.0314,L2
震荡-3买,站上MA5 + BOLL触下轨反弹,1552,0.6176,0.5677,1.088,0.4162,0.3959,0.0203,L2
震荡-3买,站上MA5 + BOLL开口扩张,2217,0.8642,0.8227,1.051,0.4078,0.3959,0.0118,L2
震荡-3买,站上MA5 + KDJ金叉态,2111,0.826,0.7813,1.057,0.4093,0.3959,0.0134,L2
震荡-3买,站上MA5 + KDJ_J超卖,2228,0.8576,0.834,1.028,0.4026,0.3959,0.0067,L2
震荡-3买,站上MA5 + KDJ低位金叉,1147,0.4742,0.4079,1.163,0.4324,0.3959,0.0365,L2
震荡-3买,站上MA5 + KDJ_D小于30,1757,0.6874,0.6504,1.057,0.4092,0.3959,0.0133,L2
震荡-3买,站上MA5 + RSI6大于50,1299,0.4761,0.5019,0.949,0.3834,0.3959,-0.0125,L2
震荡-3买,站上MA5 + RSI金叉,1848,0.6979,0.7005,0.996,0.395,0.3959,-0.0009,L2
震荡-3买,站上MA5 + RSI6超卖,1927,0.7572,0.7112,1.065,0.411,0.3959,0.0151,L2
震荡-3买,站上MA5 + RSI底背离,921,0.2734,0.3979,0.687,0.3105,0.3959,-0.0854,L2
震荡-3买,站上MA5 + 威科夫得分大于4,495,0.1845,0.1892,0.975,0.3899,0.3959,-0.006,L2
震荡-3买,站上MA5 + 威科夫得分大于7,190,0.065,0.0764,0.85,0.3579,0.3959,-0.038,L2
震荡-3买,站上MA5 + 积累阶段,1113,0.3633,0.4593,0.791,0.3414,0.3959,-0.0545,L2
震荡-3买,站上MA5 + 黄金柱,119,0.0363,0.0508,0.716,0.3193,0.3959,-0.0766,L2
震荡-3买,站上MA5 + 量能金叉,415,0.1826,0.1404,1.301,0.4602,0.3959,0.0643,L2
震荡-3买,站上MA5 + 六脉红灯大于5,1584,0.586,0.6084,0.963,0.387,0.3959,-0.0089,L2
震荡-3买,站上MA5 + 六脉红灯大于6,1066,0.3853,0.4154,0.927,0.378,0.3959,-0.0179,L2
震荡-3买,站上MA5 + 六脉6红首发,1066,0.3853,0.4154,0.927,0.378,0.3959,-0.0179,L2
震荡-3买,站上MA5 + 六脉5红首发,1584,0.586,0.6084,0.963,0.387,0.3959,-0.0089,L2
震荡-3买,站上MA5 + 偏多共振,447,0.1778,0.1635,1.087,0.4161,0.3959,0.0202,L2
震荡-3买,站上MA5 + 多头共振,445,0.1778,0.1623,1.096,0.418,0.3959,0.0221,L2
震荡-3买,站上MA5 + 火箭信号,194,0.0985,0.057,1.727,0.5309,0.3959,0.135,L2
震荡-3买,站上MA5 + 极限抄底,131,0.0774,0.0313,2.472,0.6183,0.3959,0.2224,L2
震荡-3买,站上MA5 + 中枢进机会区,995,0.3843,0.3716,1.034,0.404,0.3959,0.0081,L2
震荡-3买,站上MA5 + 中枢极限底,1078,0.4312,0.3929,1.098,0.4184,0.3959,0.0225,L2
震荡-3买,站上MA5 + 中枢上穿中轴,490,0.2141,0.1667,1.285,0.4571,0.3959,0.0612,L2
震荡-3买,站上MA5 + 中枢底部蓄力,1550,0.5478,0.6122,0.895,0.3697,0.3959,-0.0262,L2
震荡-3买,站上MA5 + 中枢底部回升,1912,0.7352,0.7162,1.027,0.4022,0.3959,0.0063,L2
震荡-3买,站上MA5 + 大盘多头,982,0.3174,0.4073,0.779,0.3381,0.3959,-0.0578,L2
震荡-3买,站上MA5 + 大盘空头,588,0.1663,0.2594,0.641,0.2959,0.3959,-0.1,L2
震荡-3买,站上MA5 + 大盘安全,1542,0.4828,0.6497,0.743,0.3275,0.3959,-0.0684,L2
震荡-3买,站上MA5 + SID等于1,982,0.3174,0.4073,0.779,0.3381,0.3959,-0.0578,L2
震荡-3买,站上MA5 + SID等于2,2421,0.9216,0.9129,1.01,0.3982,0.3959,0.0023,L2
震荡-3买,站上MA5 + SID小于等于2,2421,0.9216,0.9129,1.01,0.3982,0.3959,0.0023,L2
震荡-3买,站上MA5 + 大盘5日上涨,1551,0.4761,0.6598,0.722,0.3211,0.3959,-0.0748,L2
震荡-3买,站上MA5 + 相对强弱大于0,934,0.3451,0.359,0.961,0.3865,0.3959,-0.0094,L2
震荡-3买,站上MA5 + 相对强弱大于5,250,0.108,0.0858,1.259,0.452,0.3959,0.0561,L2
震荡-3买,站上MA5 + 量比>=1.3,488,0.2543,0.1391,1.828,0.5451,0.3959,0.1492,L2
震荡-3买,站上MA5 + 量比>=2,111,0.0631,0.0282,2.238,0.5946,0.3959,0.1987,L2
震荡-3买,站上MA5 + 距前高<=10%,197,0.0688,0.0783,0.879,0.3655,0.3959,-0.0304,L2
震荡-3买,站上MA5 + 深跌(距前高>40%),120,0.0449,0.0457,0.982,0.3917,0.3959,-0.0042,L2
震荡-3买,站上MA5 + 距前低<=10%,1313,0.434,0.5382,0.806,0.3458,0.3959,-0.0501,L2
震荡-3买,站上MA5 + 相对强弱>=0,199,0.0698,0.0789,0.884,0.3668,0.3959,-0.0291,L2
震荡-3买,站上MA13 + 站上MA34,561,0.2256,0.2036,1.108,0.4207,0.3959,0.0248,L2
震荡-3买,站上MA13 + 站上MA55,588,0.238,0.2124,1.121,0.4235,0.3959,0.0276,L2
震荡-3买,站上MA13 + 站上MA89,642,0.2428,0.2431,0.999,0.3956,0.3959,-0.0003,L2
震荡-3买,站上MA13 + 站上MA144,811,0.2973,0.3133,0.949,0.3835,0.3959,-0.0124,L2
震荡-3买,站上MA13 + 站上MA233,956,0.3518,0.3684,0.955,0.3849,0.3959,-0.011,L2
震荡-3买,站上MA13 + 斐波短中多头,113,0.0373,0.0464,0.804,0.3451,0.3959,-0.0508,L2
震荡-3买,站上MA13 + 斐波长多头,551,0.1855,0.2237,0.829,0.3521,0.3959,-0.0438,L2
震荡-3买,站上MA13 + 斐波全多头,67,0.022,0.0276,0.798,0.3433,0.3959,-0.0526,L2
震荡-3买,站上MA13 + 放量,890,0.3164,0.3503,0.903,0.3719,0.3959,-0.024,L2
震荡-3买,站上MA13 + 缩量,937,0.3069,0.386,0.795,0.3426,0.3959,-0.0533,L2
震荡-3买,站上MA13 + 量比大于1,1033,0.3633,0.4091,0.888,0.3679,0.3959,-0.0281,L2
震荡-3买,站上MA13 + 量比大于1_3,876,0.3155,0.3421,0.922,0.3767,0.3959,-0.0192,L2
震荡-3买,站上MA13 + 量比大于2,412,0.1616,0.1523,1.061,0.4102,0.3959,0.0143,L2
震荡-3买,站上MA13 + 量能递增,625,0.2419,0.2331,1.038,0.4048,0.3959,0.0089,L2
震荡-3买,站上MA13 + 价涨量增,848,0.3002,0.3346,0.897,0.3703,0.3959,-0.0256,L2
震荡-3买,站上MA13 + 价涨量缩,745,0.2514,0.302,0.833,0.353,0.3959,-0.0429,L2
震荡-3买,站上MA13 + MACD_DIF大于0,376,0.153,0.1353,1.13,0.4255,0.3959,0.0296,L2
震荡-3买,站上MA13 + MACD金叉态,551,0.1883,0.2218,0.849,0.3575,0.3959,-0.0384,L2
震荡-3买,站上MA13 + MACD柱递增,1016,0.3585,0.4016,0.893,0.3691,0.3959,-0.0268,L2
震荡-3买,站上MA13 + MACD零轴上金叉,80,0.0325,0.0288,1.128,0.425,0.3959,0.0291,L2
震荡-3买,站上MA13 + MACD底背离,568,0.1845,0.235,0.785,0.3398,0.3959,-0.0561,L2
震荡-3买,站上MA13 + BOLL收上中轨,773,0.2849,0.2976,0.957,0.3855,0.3959,-0.0104,L2
震荡-3买,站上MA13 + BOLL突破上轨,117,0.0478,0.042,1.139,0.4274,0.3959,0.0314,L2
震荡-3买,站上MA13 + BOLL触下轨反弹,630,0.2371,0.2393,0.991,0.3937,0.3959,-0.0023,L2
震荡-3买,站上MA13 + BOLL开口扩张,928,0.3432,0.3565,0.963,0.3869,0.3959,-0.0091,L2
震荡-3买,站上MA13 + KDJ金叉态,1039,0.3719,0.4073,0.913,0.3744,0.3959,-0.0215,L2
震荡-3买,站上MA13 + KDJ_J超卖,916,0.3308,0.3571,0.926,0.3777,0.3959,-0.0182,L2
震荡-3买,站上MA13 + KDJ低位金叉,322,0.1243,0.1203,1.033,0.4037,0.3959,0.0078,L2
震荡-3买,站上MA13 + KDJ_D小于30,638,0.2333,0.2469,0.945,0.3824,0.3959,-0.0135,L2
震荡-3买,站上MA13 + RSI6大于50,1058,0.3748,0.4173,0.898,0.3705,0.3959,-0.0254,L2
震荡-3买,站上MA13 + RSI金叉,1037,0.3652,0.4104,0.89,0.3684,0.3959,-0.0275,L2
震荡-3买,站上MA13 + RSI6超卖,699,0.2543,0.2713,0.937,0.3805,0.3959,-0.0154,L2
震荡-3买,站上MA13 + RSI底背离,469,0.1424,0.2005,0.71,0.3177,0.3959,-0.0782,L2
震荡-3买,站上MA13 + 威科夫得分大于4,350,0.1291,0.1347,0.958,0.3857,0.3959,-0.0102,L2
震荡-3买,站上MA13 + 威科夫得分大于7,157,0.0545,0.0627,0.87,0.3631,0.3959,-0.0329,L2
震荡-3买,站上MA13 + 积累阶段,534,0.173,0.2212,0.782,0.339,0.3959,-0.057,L2
震荡-3买,站上MA13 + 黄金柱,116,0.0335,0.0508,0.659,0.3017,0.3959,-0.0942,L2
震荡-3买,站上MA13 + 量能金叉,259,0.1004,0.0965,1.04,0.4054,0.3959,0.0095,L2
震荡-3买,站上MA13 + 六脉红灯大于5,1017,0.3604,0.401,0.899,0.3707,0.3959,-0.0252,L2
震荡-3买,站上MA13 + 六脉红灯大于6,941,0.3308,0.3728,0.887,0.3677,0.3959,-0.0282,L2
震荡-3买,站上MA13 + 六脉6红首发,941,0.3308,0.3728,0.887,0.3677,0.3959,-0.0282,L2
震荡-3买,站上MA13 + 六脉5红首发,1017,0.3604,0.401,0.899,0.3707,0.3959,-0.0252,L2
震荡-3买,站上MA13 + 偏多共振,226,0.0851,0.0858,0.991,0.3938,0.3959,-0.0021,L2
震荡-3买,站上MA13 + 多头共振,226,0.0851,0.0858,0.991,0.3938,0.3959,-0.0021,L2
震荡-3买,站上MA13 + 火箭信号,170,0.0851,0.0508,1.677,0.5235,0.3959,0.1276,L2
震荡-3买,站上MA13 + 中枢进机会区,411,0.1444,0.1629,0.886,0.3674,0.3959,-0.0285,L2
震荡-3买,站上MA13 + 中枢极限底,432,0.1472,0.1742,0.845,0.3565,0.3959,-0.0394,L2
震荡-3买,站上MA13 + 中枢上穿中轴,420,0.1816,0.1441,1.26,0.4524,0.3959,0.0565,L2
震荡-3买,站上MA13 + 中枢底部蓄力,618,0.1902,0.2625,0.725,0.322,0.3959,-0.0739,L2
震荡-3买,站上MA13 + 中枢底部回升,784,0.2696,0.3145,0.857,0.3597,0.3959,-0.0362,L2
震荡-3买,站上MA13 + 大盘多头,509,0.1654,0.2105,0.786,0.3399,0.3959,-0.056,L2
震荡-3买,站上MA13 + 大盘空头,292,0.0889,0.1247,0.713,0.3185,0.3959,-0.0774,L2
震荡-3买,站上MA13 + 大盘安全,824,0.2639,0.3434,0.768,0.335,0.3959,-0.061,L2
震荡-3买,站上MA13 + SID等于1,509,0.1654,0.2105,0.786,0.3399,0.3959,-0.056,L2
震荡-3买,站上MA13 + SID等于2,1077,0.3834,0.4236,0.905,0.3723,0.3959,-0.0236,L2
震荡-3买,站上MA13 + SID小于等于2,1077,0.3834,0.4236,0.905,0.3723,0.3959,-0.0236,L2
震荡-3买,站上MA13 + 大盘5日上涨,821,0.2591,0.3446,0.752,0.3301,0.3959,-0.0658,L2
震荡-3买,站上MA13 + 相对强弱大于0,732,0.2667,0.2838,0.94,0.3811,0.3959,-0.0148,L2
震荡-3买,站上MA13 + 相对强弱大于5,241,0.1052,0.0821,1.281,0.4564,0.3959,0.0605,L2
震荡-3买,站上MA13 + 量比>=1.3,209,0.086,0.0746,1.154,0.4306,0.3959,0.0347,L2
震荡-3买,站上MA13 + 量比>=2,61,0.0277,0.0201,1.383,0.4754,0.3959,0.0795,L2
震荡-3买,站上MA13 + 距前高<=10%,130,0.0449,0.052,0.864,0.3615,0.3959,-0.0344,L2
震荡-3买,站上MA13 + 距前低<=10%,564,0.1797,0.2356,0.763,0.3333,0.3959,-0.0626,L2
震荡-3买,站上MA13 + 相对强弱>=0,149,0.0535,0.0583,0.919,0.3758,0.3959,-0.0201,L2
震荡-3买,站上MA34 + 站上MA55,626,0.2505,0.2281,1.098,0.4185,0.3959,0.0226,L2
震荡-3买,站上MA34 + 站上MA89,587,0.2256,0.2199,1.026,0.402,0.3959,0.0061,L2
震荡-3买,站上MA34 + 站上MA144,638,0.2543,0.2331,1.091,0.4169,0.3959,0.021,L2
震荡-3买,站上MA34 + 站上MA233,661,0.2706,0.2368,1.142,0.4281,0.3959,0.0322,L2
震荡-3买,站上MA34 + 斐波短中多头,157,0.0564,0.0614,0.919,0.3758,0.3959,-0.0201,L2
震荡-3买,站上MA34 + 斐波长多头,367,0.1415,0.1372,1.031,0.4033,0.3959,0.0074,L2
震荡-3买,站上MA34 + 斐波全多头,97,0.0363,0.037,0.983,0.3918,0.3959,-0.0042,L2
震荡-3买,站上MA34 + 放量,558,0.2247,0.2024,1.11,0.4211,0.3959,0.0252,L2
震荡-3买,站上MA34 + 缩量,625,0.2352,0.2375,0.99,0.3936,0.3959,-0.0023,L2
震荡-3买,站上MA34 + 量比大于1,661,0.26,0.2437,1.067,0.4115,0.3959,0.0156,L2
震荡-3买,站上MA34 + 量比大于1_3,530,0.2094,0.1949,1.074,0.4132,0.3959,0.0173,L2
震荡-3买,站上MA34 + 量比大于2,276,0.1166,0.0965,1.209,0.442,0.3959,0.0461,L2
震荡-3买,站上MA34 + 量能递增,420,0.1836,0.1429,1.285,0.4571,0.3959,0.0612,L2
震荡-3买,站上MA34 + 价涨量增,509,0.2036,0.1855,1.098,0.4185,0.3959,0.0226,L2
震荡-3买,站上MA34 + 价涨量缩,503,0.2008,0.1836,1.094,0.4175,0.3959,0.0216,L2
震荡-3买,站上MA34 + MACD_DIF大于0,487,0.196,0.1767,1.109,0.4209,0.3959,0.025,L2
震荡-3买,站上MA34 + MACD金叉态,301,0.1319,0.1021,1.292,0.4585,0.3959,0.0626,L2
震荡-3买,站上MA34 + MACD柱递增,596,0.2285,0.2237,1.021,0.401,0.3959,0.0051,L2
震荡-3买,站上MA34 + MACD零轴上金叉,80,0.0325,0.0288,1.128,0.425,0.3959,0.0291,L2
震荡-3买,站上MA34 + MACD底背离,205,0.0793,0.0764,1.038,0.4049,0.3959,0.009,L2
震荡-3买,站上MA34 + BOLL收上中轨,556,0.2314,0.1967,1.176,0.4353,0.3959,0.0393,L2
震荡-3买,站上MA34 + BOLL突破上轨,117,0.0478,0.042,1.139,0.4274,0.3959,0.0314,L2
震荡-3买,站上MA34 + BOLL触下轨反弹,442,0.1807,0.1585,1.14,0.4276,0.3959,0.0317,L2
震荡-3买,站上MA34 + BOLL开口扩张,657,0.2648,0.2381,1.112,0.4216,0.3959,0.0257,L2
震荡-3买,站上MA34 + KDJ金叉态,599,0.2419,0.2168,1.116,0.4224,0.3959,0.0265,L2
震荡-3买,站上MA34 + KDJ_J超卖,619,0.2486,0.2249,1.105,0.42,0.3959,0.0241,L2
震荡-3买,站上MA34 + KDJ低位金叉,113,0.0516,0.037,1.397,0.4779,0.3959,0.082,L2
震荡-3买,站上MA34 + KDJ_D小于30,318,0.1291,0.1147,1.126,0.4245,0.3959,0.0286,L2
震荡-3买,站上MA34 + RSI6大于50,616,0.2457,0.2249,1.092,0.4172,0.3959,0.0213,L2
震荡-3买,站上MA34 + RSI金叉,581,0.2361,0.2093,1.128,0.4251,0.3959,0.0292,L2
震荡-3买,站上MA34 + RSI6超卖,417,0.1702,0.1497,1.136,0.4269,0.3959,0.0309,L2
震荡-3买,站上MA34 + RSI底背离,177,0.066,0.0677,0.975,0.3898,0.3959,-0.0061,L2
震荡-3买,站上MA34 + 威科夫得分大于4,368,0.1463,0.1347,1.086,0.4158,0.3959,0.0198,L2
震荡-3买,站上MA34 + 威科夫得分大于7,166,0.0602,0.0645,0.933,0.3795,0.3959,-0.0164,L2
震荡-3买,站上MA34 + 积累阶段,249,0.1061,0.0865,1.227,0.4458,0.3959,0.0499,L2
震荡-3买,站上MA34 + 黄金柱,65,0.0277,0.0226,1.229,0.4462,0.3959,0.0502,L2
震荡-3买,站上MA34 + 量能金叉,210,0.0822,0.0777,1.058,0.4095,0.3959,0.0136,L2
震荡-3买,站上MA34 + 六脉红灯大于5,532,0.217,0.1911,1.136,0.4267,0.3959,0.0308,L2
震荡-3买,站上MA34 + 六脉红灯大于6,468,0.1902,0.1685,1.129,0.4252,0.3959,0.0293,L2
震荡-3买,站上MA34 + 六脉6红首发,468,0.1902,0.1685,1.129,0.4252,0.3959,0.0293,L2
震荡-3买,站上MA34 + 六脉5红首发,532,0.217,0.1911,1.136,0.4267,0.3959,0.0308,L2
震荡-3买,站上MA34 + 偏多共振,317,0.1157,0.1228,0.942,0.3817,0.3959,-0.0142,L2
震荡-3买,站上MA34 + 多头共振,316,0.1157,0.1222,0.947,0.3829,0.3959,-0.013,L2
震荡-3买,站上MA34 + 火箭信号,134,0.066,0.0407,1.62,0.5149,0.3959,0.119,L2
震荡-3买,站上MA34 + 中枢进机会区,227,0.0956,0.0796,1.201,0.4405,0.3959,0.0446,L2
震荡-3买,站上MA34 + 中枢极限底,155,0.0631,0.0558,1.132,0.4258,0.3959,0.0299,L2
震荡-3买,站上MA34 + 中枢上穿中轴,440,0.1778,0.1591,1.117,0.4227,0.3959,0.0268,L2
震荡-3买,站上MA34 + 中枢底部蓄力,185,0.0669,0.0721,0.929,0.3784,0.3959,-0.0175,L2
震荡-3买,站上MA34 + 中枢底部回升,339,0.1434,0.1184,1.211,0.4425,0.3959,0.0466,L2
震荡-3买,站上MA34 + 大盘多头,386,0.1367,0.1523,0.898,0.3705,0.3959,-0.0254,L2
震荡-3买,站上MA34 + 大盘空头,127,0.0411,0.0526,0.781,0.3386,0.3959,-0.0573,L2
震荡-3买,站上MA34 + 大盘安全,529,0.1893,0.2074,0.913,0.3743,0.3959,-0.0216,L2
震荡-3买,站上MA34 + SID等于1,386,0.1367,0.1523,0.898,0.3705,0.3959,-0.0254,L2
震荡-3买,站上MA34 + SID等于2,705,0.282,0.2569,1.098,0.4184,0.3959,0.0225,L2
震荡-3买,站上MA34 + SID小于等于2,705,0.282,0.2569,1.098,0.4184,0.3959,0.0225,L2
震荡-3买,站上MA34 + 大盘5日上涨,498,0.1759,0.1967,0.894,0.3695,0.3959,-0.0264,L2
震荡-3买,站上MA34 + 相对强弱大于0,518,0.2065,0.1892,1.091,0.417,0.3959,0.0211,L2
震荡-3买,站上MA34 + 相对强弱大于5,204,0.0937,0.0664,1.411,0.4804,0.3959,0.0845,L2
震荡-3买,站上MA34 + 量比>=1.3,135,0.0583,0.0464,1.258,0.4519,0.3959,0.0559,L2
震荡-3买,站上MA34 + 距前高<=10%,138,0.0459,0.0564,0.814,0.3478,0.3959,-0.0481,L2
震荡-3买,站上MA34 + 距前低<=10%,255,0.109,0.0883,1.234,0.4471,0.3959,0.0511,L2
震荡-3买,站上MA34 + 相对强弱>=0,106,0.0488,0.0345,1.415,0.4811,0.3959,0.0852,L2
震荡-3买,站上MA55 + 站上MA89,823,0.3031,0.317,0.956,0.3852,0.3959,-0.0107,L2
震荡-3买,站上MA55 + 站上MA144,856,0.3203,0.3264,0.981,0.3914,0.3959,-0.0046,L2
震荡-3买,站上MA55 + 站上MA233,867,0.3375,0.3221,1.048,0.4072,0.3959,0.0112,L2
震荡-3买,站上MA55 + 斐波短中多头,172,0.0621,0.067,0.927,0.3779,0.3959,-0.018,L2
震荡-3买,站上MA55 + 斐波长多头,543,0.195,0.2124,0.918,0.3757,0.3959,-0.0202,L2
震荡-3买,站上MA55 + 斐波全多头,107,0.0392,0.0414,0.948,0.3832,0.3959,-0.0127,L2
震荡-3买,站上MA55 + 放量,620,0.2476,0.2262,1.095,0.4177,0.3959,0.0218,L2
震荡-3买,站上MA55 + 缩量,833,0.2992,0.3258,0.918,0.3758,0.3959,-0.0202,L2
震荡-3买,站上MA55 + 量比大于1,827,0.3155,0.3114,1.013,0.399,0.3959,0.0031,L2
震荡-3买,站上MA55 + 量比大于1_3,617,0.2438,0.2268,1.075,0.4133,0.3959,0.0174,L2
震荡-3买,站上MA55 + 量比大于2,283,0.1214,0.0977,1.242,0.4488,0.3959,0.0529,L2
震荡-3买,站上MA55 + 量能递增,463,0.1969,0.161,1.223,0.4449,0.3959,0.049,L2
震荡-3买,站上MA55 + 价涨量增,546,0.2237,0.1955,1.144,0.4286,0.3959,0.0327,L2
震荡-3买,站上MA55 + 价涨量缩,685,0.2533,0.2632,0.963,0.3869,0.3959,-0.0091,L2
震荡-3买,站上MA55 + MACD_DIF大于0,662,0.2524,0.2494,1.012,0.3988,0.3959,0.0029,L2
震荡-3买,站上MA55 + MACD金叉态,253,0.1138,0.084,1.355,0.4704,0.3959,0.0744,L2
震荡-3买,站上MA55 + MACD柱递增,794,0.2925,0.3058,0.957,0.3854,0.3959,-0.0105,L2
震荡-3买,站上MA55 + MACD零轴上金叉,80,0.0325,0.0288,1.128,0.425,0.3959,0.0291,L2
震荡-3买,站上MA55 + MACD底背离,296,0.1042,0.1172,0.889,0.3682,0.3959,-0.0277,L2
震荡-3买,站上MA55 + BOLL收上中轨,528,0.2189,0.1873,1.169,0.4337,0.3959,0.0378,L2
震荡-3买,站上MA55 + BOLL突破上轨,110,0.0468,0.0382,1.226,0.4455,0.3959,0.0495,L2
震荡-3买,站上MA55 + BOLL触下轨反弹,577,0.2218,0.2162,1.026,0.4021,0.3959,0.0062,L2
震荡-3买,站上MA55 + BOLL开口扩张,860,0.3279,0.3239,1.012,0.3988,0.3959,0.0029,L2
震荡-3买,站上MA55 + KDJ金叉态,758,0.2925,0.2832,1.033,0.4037,0.3959,0.0078,L2
震荡-3买,站上MA55 + KDJ_J超卖,820,0.3117,0.3095,1.007,0.3976,0.3959,0.0016,L2
震荡-3买,站上MA55 + KDJ低位金叉,226,0.0832,0.0871,0.955,0.385,0.3959,-0.011,L2
震荡-3买,站上MA55 + KDJ_D小于30,510,0.1931,0.193,1.001,0.3961,0.3959,0.0002,L2
震荡-3买,站上MA55 + RSI6大于50,675,0.2706,0.2456,1.102,0.4193,0.3959,0.0233,L2
震荡-3买,站上MA55 + RSI金叉,668,0.2696,0.2419,1.115,0.4222,0.3959,0.0262,L2
震荡-3买,站上MA55 + RSI6超卖,597,0.2285,0.2243,1.019,0.4003,0.3959,0.0044,L2
震荡-3买,站上MA55 + RSI底背离,222,0.0736,0.0909,0.81,0.3468,0.3959,-0.0491,L2
震荡-3买,站上MA55 + 威科夫得分大于4,407,0.1577,0.1516,1.04,0.4054,0.3959,0.0095,L2
震荡-3买,站上MA55 + 威科夫得分大于7,170,0.0621,0.0658,0.945,0.3824,0.3959,-0.0136,L2
震荡-3买,站上MA55 + 积累阶段,289,0.1195,0.1028,1.163,0.4325,0.3959,0.0366,L2
震荡-3买,站上MA55 + 黄金柱,64,0.0277,0.0219,1.264,0.4531,0.3959,0.0572,L2
震荡-3买,站上MA55 + 量能金叉,221,0.088,0.0808,1.088,0.4163,0.3959,0.0204,L2
震荡-3买,站上MA55 + 六脉红灯大于5,610,0.2476,0.2199,1.126,0.4246,0.3959,0.0287,L2
震荡-3买,站上MA55 + 六脉红灯大于6,515,0.2075,0.1867,1.111,0.4214,0.3959,0.0254,L2
震荡-3买,站上MA55 + 六脉6红首发,515,0.2075,0.1867,1.111,0.4214,0.3959,0.0254,L2
震荡-3买,站上MA55 + 六脉5红首发,610,0.2476,0.2199,1.126,0.4246,0.3959,0.0287,L2
震荡-3买,站上MA55 + 偏多共振,389,0.1453,0.1485,0.979,0.3907,0.3959,-0.0052,L2
震荡-3买,站上MA55 + 多头共振,388,0.1453,0.1479,0.983,0.3918,0.3959,-0.0042,L2
震荡-3买,站上MA55 + 火箭信号,133,0.066,0.0401,1.645,0.5188,0.3959,0.1229,L2
震荡-3买,站上MA55 + 中枢进机会区,349,0.1405,0.1266,1.11,0.4212,0.3959,0.0253,L2
震荡-3买,站上MA55 + 中枢极限底,199,0.086,0.0683,1.26,0.4523,0.3959,0.0563,L2
震荡-3买,站上MA55 + 中枢上穿中轴,411,0.173,0.1441,1.201,0.4404,0.3959,0.0445,L2
震荡-3买,站上MA55 + 中枢底部蓄力,246,0.0918,0.094,0.977,0.3902,0.3959,-0.0057,L2
震荡-3买,站上MA55 + 中枢底部回升,451,0.1902,0.1579,1.205,0.4412,0.3959,0.0453,L2
震荡-3买,站上MA55 + 大盘多头,500,0.1683,0.203,0.829,0.352,0.3959,-0.0439,L2
震荡-3买,站上MA55 + 大盘空头,153,0.0468,0.0652,0.719,0.3203,0.3959,-0.0757,L2
震荡-3买,站上MA55 + 大盘安全,662,0.2237,0.2682,0.834,0.3535,0.3959,-0.0424,L2
震荡-3买,站上MA55 + SID等于1,500,0.1683,0.203,0.829,0.352,0.3959,-0.0439,L2
震荡-3买,站上MA55 + SID等于2,918,0.348,0.3471,1.003,0.3965,0.3959,0.0006,L2
震荡-3买,站上MA55 + SID小于等于2,918,0.348,0.3471,1.003,0.3965,0.3959,0.0006,L2
震荡-3买,站上MA55 + 大盘5日上涨,643,0.2151,0.2619,0.821,0.3499,0.3959,-0.046,L2
震荡-3买,站上MA55 + 相对强弱大于0,552,0.217,0.2036,1.066,0.4112,0.3959,0.0153,L2
震荡-3买,站上MA55 + 相对强弱大于5,191,0.0889,0.0614,1.448,0.4869,0.3959,0.091,L2
震荡-3买,站上MA55 + 量比>=1.3,156,0.0698,0.052,1.342,0.4679,0.3959,0.072,L2
震荡-3买,站上MA55 + 距前高<=10%,160,0.0535,0.0652,0.822,0.35,0.3959,-0.0459,L2
震荡-3买,站上MA55 + 距前低<=10%,232,0.1023,0.0783,1.306,0.4612,0.3959,0.0653,L2
震荡-3买,站上MA55 + 相对强弱>=0,114,0.0516,0.0376,1.373,0.4737,0.3959,0.0778,L2
震荡-3买,站上MA89 + 站上MA144,1215,0.4484,0.4674,0.959,0.386,0.3959,-0.0099,L2
震荡-3买,站上MA89 + 站上MA233,1190,0.4503,0.4505,1.0,0.3958,0.3959,-0.0001,L2
震荡-3买,站上MA89 + 斐波短中多头,174,0.0621,0.0683,0.91,0.3736,0.3959,-0.0223,L2
震荡-3买,站上MA89 + 斐波长多头,901,0.3308,0.3477,0.951,0.384,0.3959,-0.0119,L2
震荡-3买,站上MA89 + 斐波全多头,113,0.0411,0.0439,0.937,0.3805,0.3959,-0.0154,L2
震荡-3买,站上MA89 + 放量,773,0.3011,0.287,1.049,0.4075,0.3959,0.0116,L2
震荡-3买,站上MA89 + 缩量,1156,0.4101,0.4555,0.9,0.3711,0.3959,-0.0248,L2
震荡-3买,站上MA89 + 量比大于1,1093,0.412,0.4148,0.993,0.3943,0.3959,-0.0016,L2
震荡-3买,站上MA89 + 量比大于1_3,770,0.3031,0.2838,1.068,0.4117,0.3959,0.0158,L2
震荡-3买,站上MA89 + 量比大于2,308,0.1272,0.1096,1.16,0.4318,0.3959,0.0359,L2
震荡-3买,站上MA89 + 量能递增,556,0.2304,0.1974,1.167,0.4335,0.3959,0.0375,L2
震荡-3买,站上MA89 + 价涨量增,659,0.2591,0.2431,1.066,0.4112,0.3959,0.0153,L2
震荡-3买,站上MA89 + 价涨量缩,965,0.348,0.3766,0.924,0.3772,0.3959,-0.0187,L2
震荡-3买,站上MA89 + MACD_DIF大于0,693,0.2677,0.2588,1.034,0.404,0.3959,0.0081,L2
震荡-3买,站上MA89 + MACD金叉态,268,0.1099,0.0959,1.147,0.4291,0.3959,0.0332,L2
震荡-3买,站上MA89 + MACD柱递增,1089,0.3901,0.4267,0.914,0.3747,0.3959,-0.0213,L2
震荡-3买,站上MA89 + MACD零轴上金叉,76,0.0296,0.0282,1.051,0.4079,0.3959,0.012,L2
震荡-3买,站上MA89 + MACD底背离,521,0.1778,0.2099,0.847,0.357,0.3959,-0.0389,L2
震荡-3买,站上MA89 + BOLL收上中轨,549,0.2122,0.2049,1.036,0.4044,0.3959,0.0085,L2
震荡-3买,站上MA89 + BOLL突破上轨,100,0.0411,0.0357,1.151,0.43,0.3959,0.0341,L2
震荡-3买,站上MA89 + BOLL触下轨反弹,760,0.2811,0.292,0.963,0.3868,0.3959,-0.0091,L2
震荡-3买,站上MA89 + BOLL开口扩张,1151,0.4312,0.4386,0.983,0.3918,0.3959,-0.0041,L2
震荡-3买,站上MA89 + KDJ金叉态,1002,0.3728,0.3835,0.972,0.3892,0.3959,-0.0067,L2
震荡-3买,站上MA89 + KDJ_J超卖,1130,0.4245,0.4298,0.988,0.3929,0.3959,-0.003,L2
震荡-3买,站上MA89 + KDJ低位金叉,412,0.152,0.1585,0.959,0.3859,0.3959,-0.01,L2
震荡-3买,站上MA89 + KDJ_D小于30,783,0.2925,0.2989,0.979,0.3908,0.3959,-0.0051,L2
震荡-3买,站上MA89 + RSI6大于50,752,0.2887,0.282,1.024,0.4016,0.3959,0.0057,L2
震荡-3买,站上MA89 + RSI金叉,835,0.3212,0.3127,1.027,0.4024,0.3959,0.0065,L2
震荡-3买,站上MA89 + RSI6超卖,892,0.3423,0.3346,1.023,0.4013,0.3959,0.0054,L2
震荡-3买,站上MA89 + RSI底背离,360,0.1176,0.1485,0.792,0.3417,0.3959,-0.0542,L2
震荡-3买,站上MA89 + 威科夫得分大于4,466,0.1836,0.1717,1.069,0.412,0.3959,0.0161,L2
震荡-3买,站上MA89 + 威科夫得分大于7,186,0.0688,0.0714,0.964,0.3871,0.3959,-0.0088,L2
震荡-3买,站上MA89 + 积累阶段,517,0.196,0.1955,1.003,0.3965,0.3959,0.0006,L2
震荡-3买,站上MA89 + 黄金柱,67,0.022,0.0276,0.798,0.3433,0.3959,-0.0526,L2
震荡-3买,站上MA89 + 量能金叉,222,0.0889,0.0808,1.1,0.4189,0.3959,0.023,L2
震荡-3买,站上MA89 + 六脉红灯大于5,750,0.2878,0.2813,1.023,0.4013,0.3959,0.0054,L2
震荡-3买,站上MA89 + 六脉红灯大于6,582,0.2256,0.2168,1.041,0.4055,0.3959,0.0096,L2
震荡-3买,站上MA89 + 六脉6红首发,582,0.2256,0.2168,1.041,0.4055,0.3959,0.0096,L2
震荡-3买,站上MA89 + 六脉5红首发,750,0.2878,0.2813,1.023,0.4013,0.3959,0.0054,L2
震荡-3买,站上MA89 + 偏多共振,455,0.1797,0.1673,1.074,0.4132,0.3959,0.0173,L2
震荡-3买,站上MA89 + 多头共振,454,0.1797,0.1667,1.078,0.4141,0.3959,0.0182,L2
震荡-3买,站上MA89 + 火箭信号,147,0.0727,0.0445,1.633,0.517,0.3959,0.1211,L2
震荡-3买,站上MA89 + 中枢进机会区,551,0.2228,0.1992,1.118,0.4229,0.3959,0.027,L2
震荡-3买,站上MA89 + 中枢极限底,376,0.152,0.136,1.118,0.4229,0.3959,0.027,L2
震荡-3买,站上MA89 + 中枢上穿中轴,386,0.1606,0.1366,1.176,0.4352,0.3959,0.0393,L2
震荡-3买,站上MA89 + 中枢底部蓄力,533,0.1874,0.2112,0.887,0.3677,0.3959,-0.0282,L2
震荡-3买,站上MA89 + 中枢底部回升,765,0.3011,0.282,1.068,0.4118,0.3959,0.0159,L2
震荡-3买,站上MA89 + 大盘多头,601,0.1989,0.2462,0.808,0.3461,0.3959,-0.0498,L2
震荡-3买,站上MA89 + 大盘空头,227,0.0669,0.0984,0.68,0.3084,0.3959,-0.0875,L2
震荡-3买,站上MA89 + 大盘安全,826,0.2696,0.3409,0.791,0.3414,0.3959,-0.0545,L2
震荡-3买,站上MA89 + SID等于1,601,0.1989,0.2462,0.808,0.3461,0.3959,-0.0498,L2
震荡-3买,站上MA89 + SID等于2,1245,0.4627,0.4768,0.97,0.3888,0.3959,-0.0072,L2
震荡-3买,站上MA89 + SID小于等于2,1245,0.4627,0.4768,0.97,0.3888,0.3959,-0.0072,L2
震荡-3买,站上MA89 + 大盘5日上涨,818,0.262,0.3409,0.769,0.335,0.3959,-0.0609,L2
震荡-3买,站上MA89 + 相对强弱大于0,618,0.2428,0.2281,1.065,0.411,0.3959,0.0151,L2
震荡-3买,站上MA89 + 相对强弱大于5,191,0.086,0.0633,1.36,0.4712,0.3959,0.0753,L2
震荡-3买,站上MA89 + 量比>=1.3,188,0.0851,0.062,1.372,0.4734,0.3959,0.0775,L2
震荡-3买,站上MA89 + 距前高<=10%,168,0.0554,0.0689,0.805,0.3452,0.3959,-0.0507,L2
震荡-3买,站上MA89 + 距前低<=10%,366,0.152,0.1297,1.172,0.4344,0.3959,0.0385,L2
震荡-3买,站上MA89 + 相对强弱>=0,126,0.0526,0.0445,1.182,0.4365,0.3959,0.0406,L2
震荡-3买,站上MA144 + 站上MA233,1737,0.675,0.646,1.045,0.4064,0.3959,0.0105,L2
震荡-3买,站上MA144 + 斐波短中多头,181,0.065,0.0708,0.918,0.3757,0.3959,-0.0202,L2
震荡-3买,站上MA144 + 斐波长多头,1310,0.478,0.5075,0.942,0.3817,0.3959,-0.0142,L2
震荡-3买,站上MA144 + 斐波全多头,116,0.0421,0.0451,0.932,0.3793,0.3959,-0.0166,L2
震荡-3买,站上MA144 + 放量,1125,0.4598,0.4035,1.14,0.4276,0.3959,0.0316,L2
震荡-3买,站上MA144 + 缩量,1686,0.6176,0.6516,0.948,0.3832,0.3959,-0.0128,L2
震荡-3买,站上MA144 + 量比大于1,1610,0.6224,0.6009,1.036,0.4043,0.3959,0.0084,L2
震荡-3买,站上MA144 + 量比大于1_3,1130,0.4618,0.4054,1.139,0.4274,0.3959,0.0315,L2
震荡-3买,站上MA144 + 量比大于2,441,0.1998,0.1454,1.375,0.4739,0.3959,0.078,L2
震荡-3买,站上MA144 + 量能递增,806,0.348,0.2769,1.257,0.4516,0.3959,0.0557,L2
震荡-3买,站上MA144 + 价涨量增,926,0.3795,0.3315,1.145,0.4287,0.3959,0.0328,L2
震荡-3买,站上MA144 + 价涨量缩,1432,0.5296,0.5501,0.963,0.3869,0.3959,-0.009,L2
震荡-3买,站上MA144 + MACD_DIF大于0,728,0.2849,0.2694,1.057,0.4093,0.3959,0.0134,L2
震荡-3买,站上MA144 + MACD金叉态,405,0.1491,0.156,0.956,0.3852,0.3959,-0.0107,L2
震荡-3买,站上MA144 + MACD柱递增,1599,0.5908,0.6147,0.961,0.3865,0.3959,-0.0094,L2
震荡-3买,站上MA144 + MACD零轴上金叉,74,0.0287,0.0276,1.04,0.4054,0.3959,0.0095,L2
震荡-3买,站上MA144 + MACD底背离,853,0.2744,0.3546,0.774,0.3365,0.3959,-0.0595,L2
震荡-3买,站上MA144 + BOLL收上中轨,646,0.2486,0.2419,1.028,0.4025,0.3959,0.0066,L2
震荡-3买,站上MA144 + BOLL突破上轨,108,0.044,0.0388,1.132,0.4259,0.3959,0.03,L2
震荡-3买,站上MA144 + BOLL触下轨反弹,1136,0.4474,0.4185,1.069,0.412,0.3959,0.0161,L2
震荡-3买,站上MA144 + BOLL开口扩张,1680,0.6539,0.6241,1.048,0.4071,0.3959,0.0112,L2
震荡-3买,站上MA144 + KDJ金叉态,1476,0.5698,0.5514,1.033,0.4038,0.3959,0.0079,L2
震荡-3买,站上MA144 + KDJ_J超卖,1662,0.6367,0.6241,1.02,0.4007,0.3959,0.0048,L2
震荡-3买,站上MA144 + KDJ低位金叉,725,0.282,0.2694,1.047,0.4069,0.3959,0.011,L2
震荡-3买,站上MA144 + KDJ_D小于30,1246,0.4799,0.4662,1.03,0.4029,0.3959,0.007,L2
震荡-3买,站上MA144 + RSI6大于50,972,0.3681,0.3678,1.001,0.3961,0.3959,0.0002,L2
震荡-3买,站上MA144 + RSI金叉,1206,0.4646,0.4511,1.03,0.403,0.3959,0.0071,L2
震荡-3买,站上MA144 + RSI6超卖,1397,0.5507,0.5144,1.07,0.4123,0.3959,0.0164,L2
震荡-3买,站上MA144 + RSI底背离,601,0.1883,0.2531,0.744,0.3278,0.3959,-0.0681,L2
震荡-3买,站上MA144 + 威科夫得分大于4,514,0.196,0.1936,1.012,0.3988,0.3959,0.0029,L2
震荡-3买,站上MA144 + 威科夫得分大于7,196,0.0688,0.0777,0.886,0.3673,0.3959,-0.0286,L2
震荡-3买,站上MA144 + 积累阶段,854,0.3002,0.3383,0.887,0.3677,0.3959,-0.0282,L2
震荡-3买,站上MA144 + 黄金柱,87,0.0296,0.0351,0.845,0.3563,0.3959,-0.0396,L2
震荡-3买,站上MA144 + 量能金叉,299,0.1272,0.104,1.222,0.4448,0.3959,0.0489,L2
震荡-3买,站上MA144 + 六脉红灯大于5,1067,0.4054,0.4029,1.006,0.3974,0.3959,0.0015,L2
震荡-3买,站上MA144 + 六脉红灯大于6,767,0.2887,0.2914,0.991,0.3937,0.3959,-0.0022,L2
震荡-3买,站上MA144 + 六脉6红首发,767,0.2887,0.2914,0.991,0.3937,0.3959,-0.0022,L2
震荡-3买,站上MA144 + 六脉5红首发,1067,0.4054,0.4029,1.006,0.3974,0.3959,0.0015,L2
震荡-3买,站上MA144 + 偏多共振,498,0.1998,0.1811,1.103,0.4197,0.3959,0.0238,L2
震荡-3买,站上MA144 + 多头共振,496,0.1998,0.1798,1.111,0.4214,0.3959,0.0255,L2
震荡-3买,站上MA144 + 火箭信号,169,0.0832,0.0514,1.619,0.5148,0.3959,0.1189,L2
震荡-3买,站上MA144 + 极限抄底,68,0.0363,0.0188,1.933,0.5588,0.3959,0.1629,L2
震荡-3买,站上MA144 + 中枢进机会区,811,0.3327,0.2901,1.147,0.4291,0.3959,0.0332,L2
震荡-3买,站上MA144 + 中枢极限底,673,0.2706,0.2444,1.107,0.4205,0.3959,0.0246,L2
震荡-3买,站上MA144 + 中枢上穿中轴,429,0.1864,0.1466,1.272,0.4545,0.3959,0.0586,L2
震荡-3买,站上MA144 + 中枢底部蓄力,1010,0.3614,0.396,0.913,0.3743,0.3959,-0.0217,L2
震荡-3买,站上MA144 + 中枢底部回升,1301,0.5115,0.4799,1.066,0.4112,0.3959,0.0153,L2
震荡-3买,站上MA144 + 大盘多头,796,0.2591,0.3289,0.788,0.3405,0.3959,-0.0555,L2
震荡-3买,站上MA144 + 大盘空头,348,0.1013,0.1516,0.668,0.3046,0.3959,-0.0913,L2
震荡-3买,站上MA144 + 大盘安全,1122,0.3576,0.4687,0.763,0.3333,0.3959,-0.0626,L2
震荡-3买,站上MA144 + SID等于1,796,0.2591,0.3289,0.788,0.3405,0.3959,-0.0555,L2
震荡-3买,站上MA144 + SID等于2,1817,0.6912,0.6855,1.008,0.3979,0.3959,0.002,L2
震荡-3买,站上MA144 + SID小于等于2,1817,0.6912,0.6855,1.008,0.3979,0.3959,0.002,L2
震荡-3买,站上MA144 + 大盘5日上涨,1133,0.3556,0.4768,0.746,0.3283,0.3959,-0.0676,L2
震荡-3买,站上MA144 + 相对强弱大于0,772,0.2973,0.2888,1.029,0.4028,0.3959,0.0069,L2
震荡-3买,站上MA144 + 相对强弱大于5,221,0.0994,0.0733,1.356,0.4706,0.3959,0.0747,L2
震荡-3买,站上MA144 + 量比>=1.3,303,0.1511,0.0909,1.663,0.5215,0.3959,0.1255,L2
震荡-3买,站上MA144 + 量比>=2,69,0.0382,0.0182,2.105,0.5797,0.3959,0.1838,L2
震荡-3买,站上MA144 + 距前高<=10%,177,0.0593,0.0721,0.823,0.3503,0.3959,-0.0456,L2
震荡-3买,站上MA144 + 深跌(距前高>40%),89,0.0325,0.0345,0.943,0.382,0.3959,-0.0139,L2
震荡-3买,站上MA144 + 距前低<=10%,824,0.3098,0.3133,0.989,0.3932,0.3959,-0.0027,L2
震荡-3买,站上MA144 + 相对强弱>=0,157,0.0612,0.0583,1.05,0.4076,0.3959,0.0117,L2
震荡-3买,站上MA233 + 斐波短中多头,177,0.066,0.0677,0.975,0.3898,0.3959,-0.0061,L2
震荡-3买,站上MA233 + 斐波长多头,1485,0.5516,0.5689,0.97,0.3886,0.3959,-0.0074,L2
震荡-3买,站上MA233 + 斐波全多头,116,0.0421,0.0451,0.932,0.3793,0.3959,-0.0166,L2
震荡-3买,站上MA233 + MA55上穿MA89,57,0.0306,0.0157,1.953,0.5614,0.3959,0.1655,L2
震荡-3买,站上MA233 + 放量,1407,0.6004,0.4881,1.23,0.4463,0.3959,0.0504,L2
震荡-3买,站上MA233 + 缩量,2065,0.7839,0.7801,1.005,0.3971,0.3959,0.0012,L2
震荡-3买,站上MA233 + 量比大于1,2001,0.8002,0.7293,1.097,0.4183,0.3959,0.0224,L2
震荡-3买,站上MA233 + 量比大于1_3,1397,0.5956,0.485,1.228,0.446,0.3959,0.05,L2
震荡-3买,站上MA233 + 量比大于2,547,0.2658,0.1685,1.577,0.5082,0.3959,0.1123,L2
震荡-3买,站上MA233 + 量能递增,1018,0.4618,0.3352,1.378,0.4745,0.3959,0.0785,L2
震荡-3买,站上MA233 + 价涨量增,1176,0.5038,0.4066,1.239,0.4481,0.3959,0.0522,L2
震荡-3买,站上MA233 + 价涨量缩,1765,0.6826,0.6585,1.037,0.4045,0.3959,0.0086,L2
震荡-3买,站上MA233 + MACD_DIF大于0,727,0.3002,0.2588,1.16,0.4319,0.3959,0.036,L2
震荡-3买,站上MA233 + MACD金叉态,551,0.1902,0.2206,0.863,0.3612,0.3959,-0.0348,L2
震荡-3买,站上MA233 + MACD柱递增,1989,0.7725,0.74,1.044,0.4062,0.3959,0.0103,L2
震荡-3买,站上MA233 + MACD零轴上金叉,74,0.0306,0.0263,1.163,0.4324,0.3959,0.0365,L2
震荡-3买,站上MA233 + MACD底背离,1079,0.3509,0.4461,0.786,0.3401,0.3959,-0.0558,L2
震荡-3买,站上MA233 + BOLL收上中轨,745,0.2849,0.2801,1.017,0.4,0.3959,0.0041,L2
震荡-3买,站上MA233 + BOLL突破上轨,112,0.0449,0.0407,1.103,0.4196,0.3959,0.0237,L2
震荡-3买,站上MA233 + BOLL触下轨反弹,1420,0.5851,0.5063,1.156,0.431,0.3959,0.0351,L2
震荡-3买,站上MA233 + BOLL开口扩张,2062,0.8298,0.7481,1.109,0.421,0.3959,0.025,L2
震荡-3买,站上MA233 + KDJ金叉态,1863,0.7486,0.6767,1.106,0.4203,0.3959,0.0244,L2
震荡-3买,站上MA233 + KDJ_J超卖,2059,0.8203,0.7525,1.09,0.4167,0.3959,0.0208,L2
震荡-3买,站上MA233 + KDJ低位金叉,993,0.414,0.3509,1.18,0.4361,0.3959,0.0401,L2
震荡-3买,站上MA233 + KDJ_D小于30,1602,0.6444,0.5815,1.108,0.4207,0.3959,0.0248,L2
震荡-3买,站上MA233 + RSI6大于50,1142,0.4379,0.4286,1.022,0.4011,0.3959,0.0051,L2
震荡-3买,站上MA233 + RSI金叉,1549,0.6099,0.5708,1.069,0.4119,0.3959,0.016,L2
震荡-3买,站上MA233 + RSI6超卖,1774,0.7189,0.6404,1.123,0.4239,0.3959,0.028,L2
震荡-3买,站上MA233 + RSI底背离,791,0.2467,0.334,0.739,0.3262,0.3959,-0.0697,L2
震荡-3买,站上MA233 + 威科夫得分大于4,510,0.1998,0.1886,1.059,0.4098,0.3959,0.0139,L2
震荡-3买,站上MA233 + 威科夫得分大于7,190,0.0679,0.0746,0.91,0.3737,0.3959,-0.0222,L2
震荡-3买,站上MA233 + 积累阶段,1043,0.3547,0.4211,0.842,0.3557,0.3959,-0.0402,L2
震荡-3买,站上MA233 + 黄金柱,105,0.0325,0.0445,0.731,0.3238,0.3959,-0.0721,L2
震荡-3买,站上MA233 + 量能金叉,355,0.1616,0.1165,1.386,0.4761,0.3959,0.0801,L2
震荡-3买,站上MA233 + 六脉红灯大于5,1348,0.5239,0.5013,1.045,0.4065,0.3959,0.0106,L2
震荡-3买,站上MA233 + 六脉红灯大于6,930,0.3509,0.3528,0.995,0.3946,0.3959,-0.0013,L2
震荡-3买,站上MA233 + 六脉6红首发,930,0.3509,0.3528,0.995,0.3946,0.3959,-0.0013,L2
震荡-3买,站上MA233 + 六脉5红首发,1348,0.5239,0.5013,1.045,0.4065,0.3959,0.0106,L2
震荡-3买,站上MA233 + 偏多共振,488,0.1979,0.1761,1.124,0.4242,0.3959,0.0283,L2
震荡-3买,站上MA233 + 多头共振,486,0.1979,0.1748,1.132,0.4259,0.3959,0.03,L2
震荡-3买,站上MA233 + 火箭信号,191,0.0956,0.057,1.677,0.5236,0.3959,0.1276,L2
震荡-3买,站上MA233 + 极限抄底,118,0.0679,0.0294,2.305,0.6017,0.3959,0.2058,L2
震荡-3买,站上MA233 + 中枢进机会区,965,0.3996,0.3427,1.166,0.4332,0.3959,0.0372,L2
震荡-3买,站上MA233 + 中枢极限底,945,0.3939,0.334,1.179,0.436,0.3959,0.0401,L2
震荡-3买,站上MA233 + 中枢上穿中轴,464,0.2046,0.1566,1.306,0.4612,0.3959,0.0653,L2
震荡-3买,站上MA233 + 中枢底部蓄力,1373,0.5076,0.5276,0.962,0.3867,0.3959,-0.0092,L2
震荡-3买,站上MA233 + 中枢底部回升,1715,0.6864,0.6247,1.099,0.4187,0.3959,0.0227,L2
震荡-3买,站上MA233 + 大盘多头,919,0.3078,0.3741,0.823,0.3504,0.3959,-0.0455,L2
震荡-3买,站上MA233 + 大盘空头,499,0.1415,0.2199,0.643,0.2966,0.3959,-0.0993,L2
震荡-3买,站上MA233 + 大盘安全,1391,0.4512,0.5758,0.784,0.3393,0.3959,-0.0566,L2
震荡-3买,站上MA233 + SID等于1,919,0.3078,0.3741,0.823,0.3504,0.3959,-0.0455,L2
震荡-3买,站上MA233 + SID等于2,2240,0.8824,0.8252,1.069,0.4121,0.3959,0.0161,L2
震荡-3买,站上MA233 + SID小于等于2,2240,0.8824,0.8252,1.069,0.4121,0.3959,0.0161,L2
震荡-3买,站上MA233 + 大盘5日上涨,1378,0.4417,0.5739,0.77,0.3353,0.3959,-0.0606,L2
震荡-3买,站上MA233 + 相对强弱大于0,880,0.3461,0.3246,1.066,0.4114,0.3959,0.0155,L2
震荡-3买,站上MA233 + 相对强弱大于5,246,0.1099,0.0821,1.339,0.4675,0.3959,0.0716,L2
震荡-3买,站上MA233 + 量比>=1.3,424,0.2285,0.1159,1.971,0.5637,0.3959,0.1678,L2
震荡-3买,站上MA233 + 量比>=2,101,0.0593,0.0244,2.426,0.6139,0.3959,0.2179,L2
震荡-3买,站上MA233 + 距前高<=10%,181,0.066,0.0702,0.94,0.3812,0.3959,-0.0147,L2
震荡-3买,站上MA233 + 深跌(距前高>40%),110,0.0421,0.0414,1.017,0.4,0.3959,0.0041,L2
震荡-3买,站上MA233 + 距前低<=10%,1154,0.412,0.453,0.91,0.3735,0.3959,-0.0224,L2
震荡-3买,站上MA233 + 相对强弱>=0,186,0.0688,0.0714,0.964,0.3871,0.3959,-0.0088,L2
震荡-3买,斐波短中多头 + 斐波长多头,120,0.044,0.0464,0.948,0.3833,0.3959,-0.0126,L2
震荡-3买,斐波短中多头 + 斐波全多头,116,0.0421,0.0451,0.932,0.3793,0.3959,-0.0166,L2
震荡-3买,斐波短中多头 + 放量,123,0.043,0.0489,0.88,0.3659,0.3959,-0.0301,L2
震荡-3买,斐波短中多头 + 缩量,169,0.0574,0.0683,0.84,0.355,0.3959,-0.0409,L2
震荡-3买,斐波短中多头 + 量比大于1,152,0.0507,0.062,0.817,0.3487,0.3959,-0.0472,L2
震荡-3买,斐波短中多头 + 量比大于1_3,99,0.0315,0.0414,0.763,0.3333,0.3959,-0.0626,L2
震荡-3买,斐波短中多头 + 量能递增,114,0.0478,0.0401,1.192,0.4386,0.3959,0.0427,L2
震荡-3买,斐波短中多头 + 价涨量增,88,0.0306,0.0351,0.872,0.3636,0.3959,-0.0323,L2
震荡-3买,斐波短中多头 + 价涨量缩,153,0.0593,0.057,1.04,0.4052,0.3959,0.0093,L2
震荡-3买,斐波短中多头 + MACD_DIF大于0,183,0.0669,0.0708,0.945,0.3825,0.3959,-0.0134,L2
震荡-3买,斐波短中多头 + MACD金叉态,58,0.0287,0.0175,1.635,0.5172,0.3959,0.1213,L2
震荡-3买,斐波短中多头 + MACD柱递增,122,0.0325,0.0551,0.59,0.2787,0.3959,-0.1172,L2
震荡-3买,斐波短中多头 + BOLL收上中轨,118,0.043,0.0457,0.941,0.3814,0.3959,-0.0146,L2
震荡-3买,斐波短中多头 + BOLL触下轨反弹,101,0.0315,0.0426,0.74,0.3267,0.3959,-0.0692,L2
震荡-3买,斐波短中多头 + BOLL开口扩张,166,0.0602,0.0645,0.933,0.3795,0.3959,-0.0164,L2
震荡-3买,斐波短中多头 + KDJ金叉态,109,0.0335,0.0464,0.722,0.3211,0.3959,-0.0748,L2
震荡-3买,斐波短中多头 + KDJ_J超卖,154,0.0574,0.0589,0.974,0.3896,0.3959,-0.0063,L2
震荡-3买,斐波短中多头 + RSI6大于50,123,0.0411,0.0501,0.82,0.3496,0.3959,-0.0463,L2
震荡-3买,斐波短中多头 + RSI金叉,98,0.0306,0.0414,0.74,0.3265,0.3959,-0.0694,L2
震荡-3买,斐波短中多头 + RSI6超卖,98,0.0344,0.0388,0.886,0.3673,0.3959,-0.0286,L2
震荡-3买,斐波短中多头 + 威科夫得分大于4,142,0.0507,0.0558,0.909,0.3732,0.3959,-0.0227,L2
震荡-3买,斐波短中多头 + 威科夫得分大于7,80,0.0277,0.032,0.868,0.3625,0.3959,-0.0334,L2
震荡-3买,斐波短中多头 + 六脉红灯大于5,83,0.0268,0.0345,0.777,0.3373,0.3959,-0.0586,L2
震荡-3买,斐波短中多头 + 六脉红灯大于6,62,0.0172,0.0276,0.624,0.2903,0.3959,-0.1056,L2
震荡-3买,斐波短中多头 + 六脉6红首发,62,0.0172,0.0276,0.624,0.2903,0.3959,-0.1056,L2
震荡-3买,斐波短中多头 + 六脉5红首发,83,0.0268,0.0345,0.777,0.3373,0.3959,-0.0586,L2
震荡-3买,斐波短中多头 + 偏多共振,149,0.0564,0.0564,1.0,0.396,0.3959,0.0001,L2
震荡-3买,斐波短中多头 + 多头共振,149,0.0564,0.0564,1.0,0.396,0.3959,0.0001,L2
震荡-3买,斐波短中多头 + 中枢上穿中轴,82,0.0268,0.0338,0.791,0.3415,0.3959,-0.0544,L2
震荡-3买,斐波短中多头 + 大盘多头,92,0.0268,0.0401,0.668,0.3043,0.3959,-0.0916,L2
震荡-3买,斐波短中多头 + 大盘安全,120,0.0344,0.0526,0.654,0.3,0.3959,-0.0959,L2
震荡-3买,斐波短中多头 + SID等于1,92,0.0268,0.0401,0.668,0.3043,0.3959,-0.0916,L2
震荡-3买,斐波短中多头 + SID等于2,183,0.0669,0.0708,0.945,0.3825,0.3959,-0.0134,L2
震荡-3买,斐波短中多头 + SID小于等于2,183,0.0669,0.0708,0.945,0.3825,0.3959,-0.0134,L2
震荡-3买,斐波短中多头 + 大盘5日上涨,101,0.0296,0.0439,0.676,0.3069,0.3959,-0.089,L2
震荡-3买,斐波短中多头 + 相对强弱大于0,159,0.0574,0.062,0.925,0.3774,0.3959,-0.0186,L2
震荡-3买,斐波短中多头 + 相对强弱大于5,62,0.0296,0.0194,1.526,0.5,0.3959,0.1041,L2
震荡-3买,斐波短中多头 + 距前高<=10%,54,0.0153,0.0238,0.642,0.2963,0.3959,-0.0996,L2
震荡-3买,斐波长多头 + 斐波全多头,116,0.0421,0.0451,0.932,0.3793,0.3959,-0.0166,L2
震荡-3买,斐波长多头 + 放量,894,0.3585,0.3252,1.102,0.4195,0.3959,0.0236,L2
震荡-3买,斐波长多头 + 缩量,1417,0.5057,0.5564,0.909,0.3733,0.3959,-0.0226,L2
震荡-3买,斐波长多头 + 量比大于1,1342,0.5076,0.5081,0.999,0.3957,0.3959,-0.0002,L2
震荡-3买,斐波长多头 + 量比大于1_3,913,0.3709,0.3289,1.128,0.425,0.3959,0.0291,L2
震荡-3买,斐波长多头 + 量比大于2,322,0.1568,0.099,1.584,0.5093,0.3959,0.1134,L2
震荡-3买,斐波长多头 + 量能递增,623,0.2696,0.2137,1.262,0.4526,0.3959,0.0567,L2
震荡-3买,斐波长多头 + 价涨量增,724,0.2935,0.2613,1.123,0.424,0.3959,0.0281,L2
震荡-3买,斐波长多头 + 价涨量缩,1231,0.4474,0.4781,0.936,0.3802,0.3959,-0.0157,L2
震荡-3买,斐波长多头 + MACD_DIF大于0,489,0.1902,0.1817,1.047,0.407,0.3959,0.011,L2
震荡-3买,斐波长多头 + MACD金叉态,286,0.088,0.1216,0.724,0.3217,0.3959,-0.0742,L2
震荡-3买,斐波长多头 + MACD柱递增,1345,0.4866,0.5238,0.929,0.3784,0.3959,-0.0175,L2
震荡-3买,斐波长多头 + MACD底背离,791,0.2428,0.3365,0.722,0.3211,0.3959,-0.0748,L2
震荡-3买,斐波长多头 + BOLL收上中轨,398,0.1444,0.1548,0.933,0.3794,0.3959,-0.0165,L2
震荡-3买,斐波长多头 + BOLL突破上轨,54,0.021,0.0201,1.049,0.4074,0.3959,0.0115,L2
震荡-3买,斐波长多头 + BOLL触下轨反弹,938,0.3528,0.3565,0.989,0.3934,0.3959,-0.0025,L2
震荡-3买,斐波长多头 + BOLL开口扩张,1396,0.5306,0.5269,1.007,0.3976,0.3959,0.0017,L2
震荡-3买,斐波长多头 + KDJ金叉态,1237,0.4608,0.4731,0.974,0.3897,0.3959,-0.0063,L2
震荡-3买,斐波长多头 + KDJ_J超卖,1401,0.5268,0.5326,0.989,0.3933,0.3959,-0.0026,L2
震荡-3买,斐波长多头 + KDJ低位金叉,723,0.2725,0.2744,0.993,0.3942,0.3959,-0.0017,L2
震荡-3买,斐波长多头 + KDJ_D小于30,1126,0.4216,0.4292,0.982,0.3917,0.3959,-0.0043,L2
震荡-3买,斐波长多头 + RSI6大于50,674,0.2352,0.2682,0.877,0.365,0.3959,-0.0309,L2
震荡-3买,斐波长多头 + RSI金叉,976,0.3595,0.3759,0.956,0.3852,0.3959,-0.0107,L2
震荡-3买,斐波长多头 + RSI6超卖,1240,0.4761,0.4649,1.024,0.4016,0.3959,0.0057,L2
震荡-3买,斐波长多头 + RSI底背离,524,0.1434,0.2343,0.612,0.2863,0.3959,-0.1097,L2
震荡-3买,斐波长多头 + 威科夫得分大于4,348,0.1386,0.1272,1.09,0.4167,0.3959,0.0208,L2
震荡-3买,斐波长多头 + 威科夫得分大于7,122,0.0449,0.047,0.956,0.3852,0.3959,-0.0107,L2
震荡-3买,斐波长多头 + 积累阶段,715,0.2304,0.297,0.776,0.3371,0.3959,-0.0588,L2
震荡-3买,斐波长多头 + 黄金柱,50,0.0105,0.0244,0.43,0.22,0.3959,-0.1759,L2
震荡-3买,斐波长多头 + 量能金叉,202,0.0918,0.0664,1.382,0.4752,0.3959,0.0793,L2
震荡-3买,斐波长多头 + 六脉红灯大于5,838,0.2964,0.3308,0.896,0.3699,0.3959,-0.026,L2
震荡-3买,斐波长多头 + 六脉红灯大于6,540,0.1836,0.218,0.842,0.3556,0.3959,-0.0404,L2
震荡-3买,斐波长多头 + 六脉6红首发,540,0.1836,0.218,0.842,0.3556,0.3959,-0.0404,L2
震荡-3买,斐波长多头 + 六脉5红首发,838,0.2964,0.3308,0.896,0.3699,0.3959,-0.026,L2
震荡-3买,斐波长多头 + 偏多共振,383,0.1558,0.1378,1.13,0.4256,0.3959,0.0297,L2
震荡-3买,斐波长多头 + 多头共振,381,0.1558,0.1366,1.141,0.4278,0.3959,0.0319,L2
震荡-3买,斐波长多头 + 火箭信号,122,0.0535,0.0414,1.295,0.459,0.3959,0.0631,L2
震荡-3买,斐波长多头 + 极限抄底,99,0.0554,0.0257,2.158,0.5859,0.3959,0.1899,L2
震荡-3买,斐波长多头 + 中枢进机会区,635,0.2658,0.2237,1.188,0.4378,0.3959,0.0419,L2
震荡-3买,斐波长多头 + 中枢极限底,603,0.238,0.2218,1.073,0.4129,0.3959,0.017,L2
震荡-3买,斐波长多头 + 中枢上穿中轴,249,0.108,0.0852,1.268,0.4538,0.3959,0.0579,L2
震荡-3买,斐波长多头 + 中枢底部蓄力,953,0.3298,0.381,0.866,0.362,0.3959,-0.0339,L2
震荡-3买,斐波长多头 + 中枢底部回升,1168,0.4474,0.4386,1.02,0.4007,0.3959,0.0048,L2
震荡-3买,斐波长多头 + 大盘多头,599,0.1826,0.2556,0.714,0.3189,0.3959,-0.077,L2
震荡-3买,斐波长多头 + 大盘空头,336,0.0899,0.1516,0.593,0.2798,0.3959,-0.1162,L2
震荡-3买,斐波长多头 + 大盘安全,907,0.2744,0.3885,0.706,0.3164,0.3959,-0.0795,L2
震荡-3买,斐波长多头 + SID等于1,599,0.1826,0.2556,0.714,0.3189,0.3959,-0.077,L2
震荡-3买,斐波长多头 + SID等于2,1522,0.5641,0.584,0.966,0.3876,0.3959,-0.0083,L2
震荡-3买,斐波长多头 + SID小于等于2,1522,0.5641,0.584,0.966,0.3876,0.3959,-0.0083,L2
震荡-3买,斐波长多头 + 大盘5日上涨,920,0.2744,0.3966,0.692,0.312,0.3959,-0.084,L2
震荡-3买,斐波长多头 + 相对强弱大于0,519,0.1912,0.1999,0.957,0.3854,0.3959,-0.0106,L2
震荡-3买,斐波长多头 + 相对强弱大于5,139,0.0602,0.0476,1.265,0.4532,0.3959,0.0573,L2
震荡-3买,斐波长多头 + 量比>=1.3,270,0.1453,0.0739,1.965,0.563,0.3959,0.1671,L2
震荡-3买,斐波长多头 + 量比>=2,65,0.0402,0.0144,2.786,0.6462,0.3959,0.2502,L2
震荡-3买,斐波长多头 + 距前高<=10%,98,0.0344,0.0388,0.886,0.3673,0.3959,-0.0286,L2
震荡-3买,斐波长多头 + 深跌(距前高>40%),99,0.0382,0.037,1.034,0.404,0.3959,0.0081,L2
震荡-3买,斐波长多头 + 距前低<=10%,746,0.2533,0.3014,0.841,0.3552,0.3959,-0.0407,L2
震荡-3买,斐波长多头 + 相对强弱>=0,106,0.0411,0.0395,1.041,0.4057,0.3959,0.0097,L2
震荡-3买,斐波全多头 + 放量,81,0.0306,0.0307,0.996,0.3951,0.3959,-0.0009,L2
震荡-3买,斐波全多头 + 缩量,105,0.0325,0.0445,0.731,0.3238,0.3959,-0.0721,L2
震荡-3买,斐波全多头 + 量比大于1,97,0.0315,0.0401,0.787,0.3402,0.3959,-0.0557,L2
震荡-3买,斐波全多头 + 量比大于1_3,60,0.0191,0.0251,0.763,0.3333,0.3959,-0.0626,L2
震荡-3买,斐波全多头 + 量能递增,72,0.0335,0.0232,1.443,0.4861,0.3959,0.0902,L2
震荡-3买,斐波全多头 + 价涨量增,57,0.0229,0.0207,1.11,0.4211,0.3959,0.0251,L2
震荡-3买,斐波全多头 + 价涨量缩,96,0.0373,0.0357,1.044,0.4062,0.3959,0.0103,L2
震荡-3买,斐波全多头 + MACD_DIF大于0,116,0.0421,0.0451,0.932,0.3793,0.3959,-0.0166,L2
震荡-3买,斐波全多头 + MACD柱递增,78,0.021,0.0351,0.599,0.2821,0.3959,-0.1139,L2
震荡-3买,斐波全多头 + BOLL收上中轨,70,0.0268,0.0263,1.017,0.4,0.3959,0.0041,L2
震荡-3买,斐波全多头 + BOLL触下轨反弹,65,0.0191,0.0282,0.678,0.3077,0.3959,-0.0882,L2
震荡-3买,斐波全多头 + BOLL开口扩张,107,0.0382,0.042,0.911,0.3738,0.3959,-0.0221,L2
震荡-3买,斐波全多头 + KDJ金叉态,66,0.0191,0.0288,0.663,0.303,0.3959,-0.0929,L2
震荡-3买,斐波全多头 + KDJ_J超卖,96,0.0354,0.037,0.957,0.3854,0.3959,-0.0105,L2
震荡-3买,斐波全多头 + RSI6大于50,72,0.0229,0.0301,0.763,0.3333,0.3959,-0.0626,L2
震荡-3买,斐波全多头 + RSI金叉,64,0.021,0.0263,0.799,0.3438,0.3959,-0.0522,L2
震荡-3买,斐波全多头 + RSI6超卖,62,0.0201,0.0257,0.782,0.3387,0.3959,-0.0572,L2
震荡-3买,斐波全多头 + 威科夫得分大于4,99,0.0363,0.0382,0.951,0.3838,0.3959,-0.0121,L2
震荡-3买,斐波全多头 + 威科夫得分大于7,55,0.021,0.0207,1.017,0.4,0.3959,0.0041,L2
震荡-3买,斐波全多头 + 六脉红灯大于5,53,0.0163,0.0226,0.721,0.3208,0.3959,-0.0752,L2
震荡-3买,斐波全多头 + 六脉5红首发,53,0.0163,0.0226,0.721,0.3208,0.3959,-0.0752,L2
震荡-3买,斐波全多头 + 偏多共振,107,0.0392,0.0414,0.948,0.3832,0.3959,-0.0127,L2
震荡-3买,斐波全多头 + 多头共振,107,0.0392,0.0414,0.948,0.3832,0.3959,-0.0127,L2
震荡-3买,斐波全多头 + 中枢上穿中轴,54,0.021,0.0201,1.049,0.4074,0.3959,0.0115,L2
震荡-3买,斐波全多头 + 大盘多头,51,0.0134,0.0232,0.577,0.2745,0.3959,-0.1214,L2
震荡-3买,斐波全多头 + 大盘安全,71,0.0191,0.032,0.598,0.2817,0.3959,-0.1142,L2
震荡-3买,斐波全多头 + SID等于1,51,0.0134,0.0232,0.577,0.2745,0.3959,-0.1214,L2
震荡-3买,斐波全多头 + SID等于2,116,0.0421,0.0451,0.932,0.3793,0.3959,-0.0166,L2
震荡-3买,斐波全多头 + SID小于等于2,116,0.0421,0.0451,0.932,0.3793,0.3959,-0.0166,L2
震荡-3买,斐波全多头 + 大盘5日上涨,65,0.0182,0.0288,0.63,0.2923,0.3959,-0.1036,L2
震荡-3买,斐波全多头 + 相对强弱大于0,100,0.0363,0.0388,0.935,0.38,0.3959,-0.0159,L2
震荡-3买,MA55上穿MA89 + 缩量,57,0.0306,0.0157,1.953,0.5614,0.3959,0.1655,L2
震荡-3买,MA55上穿MA89 + 量比大于1,60,0.0325,0.0163,1.995,0.5667,0.3959,0.1708,L2
震荡-3买,MA55上穿MA89 + MACD柱递增,58,0.0325,0.015,2.162,0.5862,0.3959,0.1903,L2
震荡-3买,MA55上穿MA89 + BOLL开口扩张,62,0.0335,0.0169,1.978,0.5645,0.3959,0.1686,L2
震荡-3买,MA55上穿MA89 + KDJ金叉态,55,0.0315,0.0138,2.289,0.6,0.3959,0.2041,L2
震荡-3买,MA55上穿MA89 + KDJ_J超卖,57,0.0335,0.0138,2.427,0.614,0.3959,0.2181,L2
震荡-3买,MA55上穿MA89 + RSI6超卖,51,0.0315,0.0113,2.797,0.6471,0.3959,0.2511,L2
震荡-3买,MA55上穿MA89 + SID等于2,65,0.0354,0.0175,2.016,0.5692,0.3959,0.1733,L2
震荡-3买,MA55上穿MA89 + SID小于等于2,65,0.0354,0.0175,2.016,0.5692,0.3959,0.1733,L2
震荡-3买,放量 + 缩量,1468,0.566,0.5489,1.031,0.4033,0.3959,0.0074,L2
震荡-3买,放量 + 量比大于1,1662,0.6721,0.6009,1.119,0.423,0.3959,0.0271,L2
震荡-3买,放量 + 量比大于1_3,1424,0.5927,0.5038,1.177,0.4354,0.3959,0.0395,L2
震荡-3买,放量 + 量比大于2,623,0.2935,0.198,1.482,0.4928,0.3959,0.0969,L2
震荡-3买,放量 + 量能递增,1081,0.4675,0.3709,1.26,0.4524,0.3959,0.0564,L2
震荡-3买,放量 + 价涨量增,1388,0.5679,0.4975,1.141,0.428,0.3959,0.032,L2
震荡-3买,放量 + 价涨量缩,1210,0.4809,0.443,1.086,0.4157,0.3959,0.0198,L2
震荡-3买,放量 + MACD_DIF大于0,479,0.2036,0.1667,1.222,0.4447,0.3959,0.0488,L2
震荡-3买,放量 + MACD金叉态,564,0.1788,0.2362,0.757,0.3316,0.3959,-0.0644,L2
震荡-3买,放量 + MACD柱递增,1483,0.6052,0.5326,1.136,0.4268,0.3959,0.0309,L2
震荡-3买,放量 + MACD零轴上金叉,76,0.0315,0.0269,1.171,0.4342,0.3959,0.0383,L2
震荡-3买,放量 + MACD底背离,837,0.2725,0.3459,0.788,0.3405,0.3959,-0.0554,L2
震荡-3买,放量 + BOLL收上中轨,720,0.2553,0.2838,0.899,0.3708,0.3959,-0.0251,L2
震荡-3买,放量 + BOLL突破上轨,116,0.0478,0.0414,1.156,0.431,0.3959,0.0351,L2
震荡-3买,放量 + BOLL触下轨反弹,1155,0.4818,0.4079,1.181,0.4364,0.3959,0.0405,L2
震荡-3买,放量 + BOLL开口扩张,1542,0.6501,0.5401,1.204,0.441,0.3959,0.0451,L2
震荡-3买,放量 + KDJ金叉态,1455,0.6061,0.5144,1.178,0.4357,0.3959,0.0398,L2
震荡-3买,放量 + KDJ_J超卖,1527,0.631,0.5432,1.162,0.4322,0.3959,0.0363,L2
震荡-3买,放量 + KDJ低位金叉,690,0.3231,0.2206,1.465,0.4899,0.3959,0.0939,L2
震荡-3买,放量 + KDJ_D小于30,1141,0.4933,0.3916,1.26,0.4522,0.3959,0.0563,L2
震荡-3买,放量 + RSI6大于50,1038,0.3843,0.3985,0.964,0.3873,0.3959,-0.0086,L2
震荡-3买,放量 + RSI金叉,1358,0.5306,0.5031,1.055,0.4087,0.3959,0.0128,L2
震荡-3买,放量 + RSI6超卖,1332,0.5641,0.4649,1.213,0.4429,0.3959,0.047,L2
震荡-3买,放量 + RSI底背离,661,0.2094,0.2769,0.756,0.3313,0.3959,-0.0646,L2
震荡-3买,放量 + 威科夫得分大于4,417,0.1511,0.1623,0.931,0.3789,0.3959,-0.017,L2
震荡-3买,放量 + 威科夫得分大于7,171,0.0574,0.0695,0.825,0.3509,0.3959,-0.045,L2
震荡-3买,放量 + 积累阶段,787,0.261,0.3221,0.81,0.3469,0.3959,-0.049,L2
震荡-3买,放量 + 黄金柱,116,0.0354,0.0495,0.715,0.319,0.3959,-0.0769,L2
震荡-3买,放量 + 量能金叉,417,0.1836,0.141,1.302,0.4604,0.3959,0.0645,L2
震荡-3买,放量 + 六脉红灯大于5,1169,0.4446,0.4411,1.008,0.3978,0.3959,0.0019,L2
震荡-3买,放量 + 六脉红灯大于6,895,0.325,0.3477,0.935,0.3799,0.3959,-0.016,L2
震荡-3买,放量 + 六脉6红首发,895,0.325,0.3477,0.935,0.3799,0.3959,-0.016,L2
震荡-3买,放量 + 六脉5红首发,1169,0.4446,0.4411,1.008,0.3978,0.3959,0.0019,L2
震荡-3买,放量 + 偏多共振,300,0.13,0.1028,1.265,0.4533,0.3959,0.0574,L2
震荡-3买,放量 + 多头共振,300,0.13,0.1028,1.265,0.4533,0.3959,0.0574,L2
震荡-3买,放量 + 火箭信号,186,0.0956,0.0539,1.774,0.5376,0.3959,0.1417,L2
震荡-3买,放量 + 极限抄底,102,0.065,0.0213,3.052,0.6667,0.3959,0.2708,L2
震荡-3买,放量 + 中枢进机会区,730,0.3088,0.255,1.211,0.4425,0.3959,0.0466,L2
震荡-3买,放量 + 中枢极限底,763,0.327,0.2638,1.239,0.4482,0.3959,0.0523,L2
震荡-3买,放量 + 中枢上穿中轴,435,0.1941,0.1454,1.335,0.4667,0.3959,0.0708,L2
震荡-3买,放量 + 中枢底部蓄力,1061,0.4006,0.4023,0.996,0.3949,0.3959,-0.001,L2
震荡-3买,放量 + 中枢底部回升,1342,0.5545,0.4774,1.161,0.4322,0.3959,0.0363,L2
震荡-3买,放量 + 大盘多头,616,0.2027,0.2531,0.801,0.3442,0.3959,-0.0518,L2
震荡-3买,放量 + 大盘空头,425,0.1205,0.1873,0.643,0.2965,0.3959,-0.0994,L2
震荡-3买,放量 + 大盘安全,1024,0.3241,0.4292,0.755,0.3311,0.3959,-0.0649,L2
震荡-3买,放量 + SID等于1,616,0.2027,0.2531,0.801,0.3442,0.3959,-0.0518,L2
震荡-3买,放量 + SID等于2,1676,0.6797,0.6046,1.124,0.4242,0.3959,0.0283,L2
震荡-3买,放量 + SID小于等于2,1676,0.6797,0.6046,1.124,0.4242,0.3959,0.0283,L2
震荡-3买,放量 + 大盘5日上涨,1025,0.3203,0.4323,0.741,0.3268,0.3959,-0.0691,L2
震荡-3买,放量 + 相对强弱大于0,784,0.2945,0.2982,0.987,0.3929,0.3959,-0.0031,L2
震荡-3买,放量 + 相对强弱大于5,234,0.1004,0.0808,1.242,0.4487,0.3959,0.0528,L2
震荡-3买,放量 + 量比>=1.3,456,0.2361,0.131,1.803,0.5417,0.3959,0.1458,L2
震荡-3买,放量 + 量比>=2,115,0.065,0.0294,2.208,0.5913,0.3959,0.1954,L2
震荡-3买,放量 + 距前高<=10%,168,0.0583,0.067,0.87,0.3631,0.3959,-0.0328,L2
震荡-3买,放量 + 深跌(距前高>40%),73,0.0296,0.0263,1.126,0.4247,0.3959,0.0287,L2
震荡-3买,放量 + 距前低<=10%,965,0.3365,0.3841,0.876,0.3648,0.3959,-0.0311,L2
震荡-3买,放量 + 相对强弱>=0,152,0.0535,0.0602,0.89,0.3684,0.3959,-0.0275,L2
震荡-3买,缩量 + 量比大于1,2140,0.7925,0.8214,0.965,0.3874,0.3959,-0.0085,L2
震荡-3买,缩量 + 量比大于1_3,1443,0.5593,0.5376,1.04,0.4054,0.3959,0.0095,L2
震荡-3买,缩量 + 量比大于2,518,0.2342,0.1711,1.369,0.473,0.3959,0.0771,L2
震荡-3买,缩量 + 量能递增,1027,0.4187,0.369,1.135,0.4265,0.3959,0.0306,L2
震荡-3买,缩量 + 价涨量增,1186,0.4579,0.443,1.034,0.4039,0.3959,0.008,L2
震荡-3买,缩量 + 价涨量缩,1983,0.7228,0.7688,0.94,0.3812,0.3959,-0.0147,L2
震荡-3买,缩量 + MACD_DIF大于0,717,0.2792,0.2663,1.048,0.4073,0.3959,0.0113,L2
震荡-3买,缩量 + MACD金叉态,583,0.175,0.2506,0.698,0.3139,0.3959,-0.082,L2
震荡-3买,缩量 + MACD柱递增,2150,0.7734,0.8402,0.92,0.3763,0.3959,-0.0196,L2
震荡-3买,缩量 + MACD零轴上金叉,65,0.0239,0.0251,0.954,0.3846,0.3959,-0.0113,L2
震荡-3买,缩量 + MACD底背离,1213,0.3604,0.5238,0.688,0.3108,0.3959,-0.0851,L2
震荡-3买,缩量 + BOLL收上中轨,699,0.239,0.2813,0.85,0.3577,0.3959,-0.0383,L2
震荡-3买,缩量 + BOLL突破上轨,97,0.0354,0.0376,0.941,0.3814,0.3959,-0.0145,L2
震荡-3买,缩量 + BOLL触下轨反弹,1527,0.5717,0.5821,0.982,0.3916,0.3959,-0.0043,L2
震荡-3买,缩量 + BOLL开口扩张,2227,0.8308,0.8509,0.976,0.3902,0.3959,-0.0057,L2
震荡-3买,缩量 + KDJ金叉态,1996,0.7409,0.765,0.968,0.3883,0.3959,-0.0076,L2
震荡-3买,缩量 + KDJ_J超卖,2259,0.8346,0.8684,0.961,0.3865,0.3959,-0.0095,L2
震荡-3买,缩量 + KDJ低位金叉,1118,0.4321,0.4173,1.036,0.4043,0.3959,0.0084,L2
震荡-3买,缩量 + KDJ_D小于30,1802,0.6692,0.6905,0.969,0.3885,0.3959,-0.0075,L2
震荡-3买,缩量 + RSI6大于50,1144,0.3929,0.4593,0.856,0.3593,0.3959,-0.0366,L2
震荡-3买,缩量 + RSI金叉,1659,0.5908,0.6523,0.906,0.3725,0.3959,-0.0234,L2
震荡-3买,缩量 + RSI6超卖,1951,0.7314,0.7431,0.984,0.3921,0.3959,-0.0038,L2
震荡-3买,缩量 + RSI底背离,937,0.2667,0.4123,0.647,0.2978,0.3959,-0.0982,L2
震荡-3买,缩量 + 威科夫得分大于4,474,0.1759,0.1817,0.968,0.3882,0.3959,-0.0077,L2
震荡-3买,缩量 + 威科夫得分大于7,168,0.0554,0.0689,0.805,0.3452,0.3959,-0.0507,L2
震荡-3买,缩量 + 积累阶段,1137,0.3652,0.4731,0.772,0.336,0.3959,-0.0599,L2
震荡-3买,缩量 + 黄金柱,105,0.0287,0.047,0.61,0.2857,0.3959,-0.1102,L2
震荡-3买,缩量 + 量能金叉,318,0.1262,0.1165,1.083,0.4151,0.3959,0.0192,L2
震荡-3买,缩量 + 六脉红灯大于5,1417,0.4962,0.5627,0.882,0.3663,0.3959,-0.0296,L2
震荡-3买,缩量 + 六脉红灯大于6,922,0.3107,0.3741,0.831,0.3525,0.3959,-0.0434,L2
震荡-3买,缩量 + 六脉6红首发,922,0.3107,0.3741,0.831,0.3525,0.3959,-0.0434,L2
震荡-3买,缩量 + 六脉5红首发,1417,0.4962,0.5627,0.882,0.3663,0.3959,-0.0296,L2
震荡-3买,缩量 + 偏多共振,472,0.1826,0.1761,1.037,0.4047,0.3959,0.0087,L2
震荡-3买,缩量 + 多头共振,470,0.1826,0.1748,1.045,0.4064,0.3959,0.0105,L2
震荡-3买,缩量 + 火箭信号,151,0.0679,0.0501,1.354,0.4702,0.3959,0.0743,L2
震荡-3买,缩量 + 极限抄底,129,0.0688,0.0357,1.927,0.5581,0.3959,0.1622,L2
震荡-3买,缩量 + 中枢进机会区,1023,0.3948,0.3822,1.033,0.4037,0.3959,0.0078,L2
震荡-3买,缩量 + 中枢极限底,1062,0.4092,0.3972,1.03,0.403,0.3959,0.0071,L2
震荡-3买,缩量 + 中枢上穿中轴,406,0.1606,0.1491,1.077,0.4138,0.3959,0.0179,L2
震荡-3买,缩量 + 中枢底部蓄力,1572,0.5296,0.6378,0.83,0.3524,0.3959,-0.0435,L2
震荡-3买,缩量 + 中枢底部回升,1895,0.6989,0.7293,0.958,0.3858,0.3959,-0.0102,L2
震荡-3买,缩量 + 大盘多头,1026,0.3222,0.4317,0.746,0.3285,0.3959,-0.0675,L2
震荡-3买,缩量 + 大盘空头,585,0.1558,0.2644,0.589,0.2786,0.3959,-0.1173,L2
震荡-3买,缩量 + 大盘安全,1552,0.4656,0.6673,0.698,0.3138,0.3959,-0.0821,L2
震荡-3买,缩量 + SID等于1,1026,0.3222,0.4317,0.746,0.3285,0.3959,-0.0675,L2
震荡-3买,缩量 + SID等于2,2431,0.8862,0.9424,0.94,0.3813,0.3959,-0.0146,L2
震荡-3买,缩量 + SID小于等于2,2431,0.8862,0.9424,0.94,0.3813,0.3959,-0.0146,L2
震荡-3买,缩量 + 大盘5日上涨,1568,0.4618,0.6798,0.679,0.308,0.3959,-0.0879,L2
震荡-3买,缩量 + 相对强弱大于0,863,0.305,0.3409,0.895,0.3696,0.3959,-0.0263,L2
震荡-3买,缩量 + 相对强弱大于5,198,0.0813,0.0708,1.148,0.4293,0.3959,0.0334,L2
震荡-3买,缩量 + 量比>=1.3,398,0.195,0.1216,1.604,0.5126,0.3959,0.1167,L2
震荡-3买,缩量 + 量比>=2,86,0.043,0.0257,1.675,0.5233,0.3959,0.1273,L2
震荡-3买,缩量 + 距前高<=10%,192,0.065,0.0777,0.837,0.3542,0.3959,-0.0417,L2
震荡-3买,缩量 + 深跌(距前高>40%),123,0.0411,0.0501,0.82,0.3496,0.3959,-0.0463,L2
震荡-3买,缩量 + 距前低<=10%,1356,0.4436,0.5589,0.794,0.3422,0.3959,-0.0537,L2
震荡-3买,缩量 + 相对强弱>=0,173,0.0535,0.0733,0.73,0.3237,0.3959,-0.0722,L2
震荡-3买,量比大于1 + 量比大于1_3,1645,0.6683,0.5927,1.127,0.4249,0.3959,0.029,L2
震荡-3买,量比大于1 + 量比大于2,633,0.3002,0.1999,1.502,0.4961,0.3959,0.1001,L2
震荡-3买,量比大于1 + 量能递增,1118,0.4771,0.3878,1.23,0.4463,0.3959,0.0504,L2
震荡-3买,量比大于1 + 价涨量增,1381,0.5631,0.4962,1.135,0.4265,0.3959,0.0306,L2
震荡-3买,量比大于1 + 价涨量缩,1793,0.6816,0.6767,1.007,0.3977,0.3959,0.0017,L2
震荡-3买,量比大于1 + MACD_DIF大于0,668,0.2696,0.2419,1.115,0.4222,0.3959,0.0262,L2
震荡-3买,量比大于1 + MACD金叉态,628,0.1979,0.2638,0.75,0.3296,0.3959,-0.0663,L2
震荡-3买,量比大于1 + MACD柱递增,2101,0.8059,0.7882,1.022,0.4012,0.3959,0.0053,L2
震荡-3买,量比大于1 + MACD零轴上金叉,79,0.0315,0.0288,1.095,0.4177,0.3959,0.0218,L2
震荡-3买,量比大于1 + MACD底背离,1171,0.37,0.4912,0.753,0.3305,0.3959,-0.0654,L2
震荡-3买,量比大于1 + BOLL收上中轨,788,0.2859,0.3064,0.933,0.3794,0.3959,-0.0165,L2
震荡-3买,量比大于1 + BOLL突破上轨,116,0.0478,0.0414,1.156,0.431,0.3959,0.0351,L2
震荡-3买,量比大于1 + BOLL触下轨反弹,1533,0.6138,0.5583,1.099,0.4188,0.3959,0.0229,L2
震荡-3买,量比大于1 + BOLL开口扩张,2161,0.8576,0.792,1.083,0.4151,0.3959,0.0192,L2
震荡-3买,量比大于1 + KDJ金叉态,2028,0.8031,0.7444,1.079,0.4142,0.3959,0.0183,L2
震荡-3买,量比大于1 + KDJ_J超卖,2170,0.848,0.8039,1.055,0.4088,0.3959,0.0128,L2
震荡-3买,量比大于1 + KDJ低位金叉,1100,0.4637,0.3853,1.203,0.4409,0.3959,0.045,L2
震荡-3买,量比大于1 + KDJ_D小于30,1715,0.6864,0.6247,1.099,0.4187,0.3959,0.0227,L2
震荡-3买,量比大于1 + RSI6大于50,1252,0.4551,0.4862,0.936,0.3802,0.3959,-0.0157,L2
震荡-3买,量比大于1 + RSI金叉,1749,0.6606,0.6629,0.997,0.3951,0.3959,-0.0008,L2
震荡-3买,量比大于1 + RSI6超卖,1900,0.76,0.6924,1.098,0.4184,0.3959,0.0225,L2
震荡-3买,量比大于1 + RSI底背离,895,0.2696,0.3841,0.702,0.3151,0.3959,-0.0808,L2
震荡-3买,量比大于1 + 威科夫得分大于4,478,0.174,0.1855,0.938,0.3808,0.3959,-0.0152,L2
震荡-3买,量比大于1 + 威科夫得分大于7,182,0.0602,0.0746,0.808,0.3462,0.3959,-0.0498,L2
震荡-3买,量比大于1 + 积累阶段,1097,0.3566,0.4536,0.786,0.34,0.3959,-0.0559,L2
震荡-3买,量比大于1 + 黄金柱,119,0.0363,0.0508,0.716,0.3193,0.3959,-0.0766,L2
震荡-3买,量比大于1 + 量能金叉,424,0.1845,0.1447,1.275,0.4552,0.3959,0.0593,L2
震荡-3买,量比大于1 + 六脉红灯大于5,1510,0.5612,0.5783,0.97,0.3887,0.3959,-0.0072,L2
震荡-3买,量比大于1 + 六脉红灯大于6,1035,0.3748,0.4029,0.93,0.3787,0.3959,-0.0172,L2
震荡-3买,量比大于1 + 六脉6红首发,1035,0.3748,0.4029,0.93,0.3787,0.3959,-0.0172,L2
震荡-3买,量比大于1 + 六脉5红首发,1510,0.5612,0.5783,0.97,0.3887,0.3959,-0.0072,L2
震荡-3买,量比大于1 + 偏多共振,424,0.1683,0.1554,1.083,0.4151,0.3959,0.0192,L2
震荡-3买,量比大于1 + 多头共振,423,0.1683,0.1548,1.087,0.4161,0.3959,0.0202,L2
震荡-3买,量比大于1 + 火箭信号,192,0.0966,0.057,1.693,0.526,0.3959,0.1301,L2
震荡-3买,量比大于1 + 极限抄底,136,0.0793,0.0332,2.389,0.6103,0.3959,0.2144,L2
震荡-3买,量比大于1 + 中枢进机会区,981,0.3948,0.3559,1.109,0.421,0.3959,0.0251,L2
震荡-3买,量比大于1 + 中枢极限底,1056,0.434,0.3772,1.151,0.4299,0.3959,0.034,L2
震荡-3买,量比大于1 + 中枢上穿中轴,477,0.2075,0.1629,1.273,0.4549,0.3959,0.059,L2
震荡-3买,量比大于1 + 中枢底部蓄力,1522,0.5535,0.5909,0.937,0.3804,0.3959,-0.0155,L2
震荡-3买,量比大于1 + 中枢底部回升,1857,0.7304,0.6848,1.067,0.4114,0.3959,0.0155,L2
震荡-3买,量比大于1 + 大盘多头,927,0.2992,0.3847,0.778,0.3376,0.3959,-0.0583,L2
震荡-3买,量比大于1 + 大盘空头,549,0.1539,0.2431,0.633,0.2933,0.3959,-0.1027,L2
震荡-3买,量比大于1 + 大盘安全,1446,0.4522,0.6096,0.742,0.3271,0.3959,-0.0688,L2
震荡-3买,量比大于1 + SID等于1,927,0.2992,0.3847,0.778,0.3376,0.3959,-0.0583,L2
震荡-3买,量比大于1 + SID等于2,2350,0.9054,0.8791,1.03,0.403,0.3959,0.0071,L2
震荡-3买,量比大于1 + SID小于等于2,2350,0.9054,0.8791,1.03,0.403,0.3959,0.0071,L2
震荡-3买,量比大于1 + 大盘5日上涨,1461,0.4474,0.6222,0.719,0.3203,0.3959,-0.0756,L2
震荡-3买,量比大于1 + 相对强弱大于0,918,0.3365,0.3546,0.949,0.3834,0.3959,-0.0125,L2
震荡-3买,量比大于1 + 相对强弱大于5,241,0.1033,0.0833,1.239,0.4481,0.3959,0.0522,L2
震荡-3买,量比大于1 + 量比>=1.3,511,0.2639,0.1472,1.792,0.5401,0.3959,0.1442,L2
震荡-3买,量比大于1 + 量比>=2,117,0.066,0.0301,2.193,0.5897,0.3959,0.1938,L2
震荡-3买,量比大于1 + 距前高<=10%,196,0.066,0.0796,0.829,0.352,0.3959,-0.0439,L2
震荡-3买,量比大于1 + 深跌(距前高>40%),122,0.0459,0.0464,0.99,0.3934,0.3959,-0.0025,L2
震荡-3买,量比大于1 + 距前低<=10%,1313,0.4436,0.532,0.834,0.3534,0.3959,-0.0425,L2
震荡-3买,量比大于1 + 相对强弱>=0,187,0.0621,0.0764,0.813,0.3476,0.3959,-0.0483,L2
震荡-3买,量比大于1_3 + 量比大于2,633,0.3002,0.1999,1.502,0.4961,0.3959,0.1001,L2
震荡-3买,量比大于1_3 + 量能递增,916,0.4073,0.307,1.327,0.4651,0.3959,0.0692,L2
震荡-3买,量比大于1_3 + 价涨量增,1226,0.5115,0.433,1.181,0.4364,0.3959,0.0405,L2
震荡-3买,量比大于1_3 + 价涨量缩,1169,0.4665,0.4267,1.093,0.4175,0.3959,0.0215,L2
震荡-3买,量比大于1_3 + MACD_DIF大于0,452,0.1902,0.1585,1.2,0.4403,0.3959,0.0444,L2
震荡-3买,量比大于1_3 + MACD金叉态,510,0.1635,0.2124,0.77,0.3353,0.3959,-0.0606,L2
震荡-3买,量比大于1_3 + MACD柱递增,1499,0.6138,0.537,1.143,0.4283,0.3959,0.0324,L2
震荡-3买,量比大于1_3 + MACD零轴上金叉,70,0.0296,0.0244,1.213,0.4429,0.3959,0.0469,L2
震荡-3买,量比大于1_3 + MACD底背离,812,0.2706,0.3315,0.816,0.3485,0.3959,-0.0474,L2
震荡-3买,量比大于1_3 + BOLL收上中轨,682,0.2438,0.2675,0.911,0.3739,0.3959,-0.022,L2
震荡-3买,量比大于1_3 + BOLL突破上轨,114,0.0478,0.0401,1.192,0.4386,0.3959,0.0427,L2
震荡-3买,量比大于1_3 + BOLL触下轨反弹,1088,0.4694,0.3741,1.255,0.4513,0.3959,0.0554,L2
震荡-3买,量比大于1_3 + BOLL开口扩张,1518,0.6415,0.5307,1.209,0.442,0.3959,0.0461,L2
震荡-3买,量比大于1_3 + KDJ金叉态,1492,0.6214,0.5276,1.178,0.4357,0.3959,0.0397,L2
震荡-3买,量比大于1_3 + KDJ_J超卖,1507,0.6214,0.537,1.157,0.4313,0.3959,0.0354,L2
震荡-3买,量比大于1_3 + KDJ低位金叉,758,0.3451,0.2487,1.387,0.4763,0.3959,0.0803,L2
震荡-3买,量比大于1_3 + KDJ_D小于30,1181,0.5096,0.406,1.255,0.4513,0.3959,0.0554,L2
震荡-3买,量比大于1_3 + RSI6大于50,1004,0.3738,0.3841,0.973,0.3894,0.3959,-0.0065,L2
震荡-3买,量比大于1_3 + RSI金叉,1345,0.5296,0.4956,1.069,0.4119,0.3959,0.016,L2
震荡-3买,量比大于1_3 + RSI6超卖,1321,0.5641,0.458,1.232,0.4466,0.3959,0.0507,L2
震荡-3买,量比大于1_3 + RSI底背离,619,0.195,0.26,0.75,0.3296,0.3959,-0.0663,L2
震荡-3买,量比大于1_3 + 威科夫得分大于4,365,0.1358,0.1397,0.972,0.389,0.3959,-0.0069,L2
震荡-3买,量比大于1_3 + 威科夫得分大于7,146,0.0507,0.0583,0.87,0.363,0.3959,-0.0329,L2
震荡-3买,量比大于1_3 + 积累阶段,737,0.2447,0.3014,0.812,0.3474,0.3959,-0.0486,L2
震荡-3买,量比大于1_3 + 黄金柱,117,0.0344,0.0508,0.678,0.3077,0.3959,-0.0882,L2
震荡-3买,量比大于1_3 + 量能金叉,407,0.1797,0.1372,1.31,0.4619,0.3959,0.066,L2
震荡-3买,量比大于1_3 + 六脉红灯大于5,1173,0.4493,0.4405,1.02,0.4007,0.3959,0.0048,L2
震荡-3买,量比大于1_3 + 六脉红灯大于6,869,0.3222,0.3333,0.967,0.3878,0.3959,-0.0081,L2
震荡-3买,量比大于1_3 + 六脉6红首发,869,0.3222,0.3333,0.967,0.3878,0.3959,-0.0081,L2
震荡-3买,量比大于1_3 + 六脉5红首发,1173,0.4493,0.4405,1.02,0.4007,0.3959,0.0048,L2
震荡-3买,量比大于1_3 + 偏多共振,288,0.1205,0.1015,1.187,0.4375,0.3959,0.0416,L2
震荡-3买,量比大于1_3 + 多头共振,288,0.1205,0.1015,1.187,0.4375,0.3959,0.0416,L2
震荡-3买,量比大于1_3 + 火箭信号,188,0.0956,0.0551,1.734,0.5319,0.3959,0.136,L2
震荡-3买,量比大于1_3 + 极限抄底,115,0.0727,0.0244,2.973,0.6609,0.3959,0.265,L2
震荡-3买,量比大于1_3 + 中枢进机会区,687,0.2983,0.235,1.269,0.4541,0.3959,0.0582,L2
震荡-3买,量比大于1_3 + 中枢极限底,764,0.3337,0.26,1.283,0.4568,0.3959,0.0609,L2
震荡-3买,量比大于1_3 + 中枢上穿中轴,415,0.1845,0.1391,1.326,0.4651,0.3959,0.0691,L2
震荡-3买,量比大于1_3 + 中枢底部蓄力,1060,0.4111,0.3947,1.041,0.4057,0.3959,0.0097,L2
震荡-3买,量比大于1_3 + 中枢底部回升,1313,0.5468,0.4643,1.178,0.4356,0.3959,0.0397,L2
震荡-3买,量比大于1_3 + 大盘多头,609,0.1969,0.2525,0.78,0.3383,0.3959,-0.0577,L2
震荡-3买,量比大于1_3 + 大盘空头,385,0.108,0.1704,0.634,0.2935,0.3959,-0.1024,L2
震荡-3买,量比大于1_3 + 大盘安全,970,0.3059,0.4073,0.751,0.3299,0.3959,-0.066,L2
震荡-3买,量比大于1_3 + SID等于1,609,0.1969,0.2525,0.78,0.3383,0.3959,-0.0577,L2
震荡-3买,量比大于1_3 + SID等于2,1645,0.6683,0.5927,1.127,0.4249,0.3959,0.029,L2
震荡-3买,量比大于1_3 + SID小于等于2,1645,0.6683,0.5927,1.127,0.4249,0.3959,0.029,L2
震荡-3买,量比大于1_3 + 大盘5日上涨,976,0.304,0.4123,0.737,0.3258,0.3959,-0.0701,L2
震荡-3买,量比大于1_3 + 相对强弱大于0,732,0.2725,0.2801,0.973,0.3893,0.3959,-0.0066,L2
震荡-3买,量比大于1_3 + 相对强弱大于5,218,0.0946,0.0746,1.269,0.4541,0.3959,0.0582,L2
震荡-3买,量比大于1_3 + 量比>=1.3,511,0.2639,0.1472,1.792,0.5401,0.3959,0.1442,L2
震荡-3买,量比大于1_3 + 量比>=2,117,0.066,0.0301,2.193,0.5897,0.3959,0.1938,L2
震荡-3买,量比大于1_3 + 距前高<=10%,137,0.0507,0.0526,0.963,0.3869,0.3959,-0.0091,L2
震荡-3买,量比大于1_3 + 深跌(距前高>40%),83,0.0335,0.0301,1.113,0.4217,0.3959,0.0258,L2
震荡-3买,量比大于1_3 + 距前低<=10%,908,0.3193,0.3596,0.888,0.3678,0.3959,-0.0281,L2
震荡-3买,量比大于1_3 + 相对强弱>=0,135,0.0459,0.0545,0.842,0.3556,0.3959,-0.0404,L2
震荡-3买,量比大于2 + 量能递增,476,0.2323,0.146,1.591,0.5105,0.3959,0.1146,L2
震荡-3买,量比大于2 + 价涨量增,589,0.2734,0.1898,1.44,0.4856,0.3959,0.0897,L2
震荡-3买,量比大于2 + 价涨量缩,406,0.195,0.1266,1.541,0.5025,0.3959,0.1066,L2
震荡-3买,量比大于2 + MACD_DIF大于0,179,0.0813,0.0589,1.38,0.4749,0.3959,0.0789,L2
震荡-3买,量比大于2 + MACD金叉态,263,0.0927,0.104,0.892,0.3688,0.3959,-0.0271,L2
震荡-3买,量比大于2 + MACD柱递增,586,0.282,0.1823,1.547,0.5034,0.3959,0.1075,L2
震荡-3买,量比大于2 + MACD零轴上金叉,54,0.021,0.0201,1.049,0.4074,0.3959,0.0115,L2
震荡-3买,量比大于2 + MACD底背离,294,0.1138,0.1096,1.038,0.4048,0.3959,0.0088,L2
震荡-3买,量比大于2 + BOLL收上中轨,345,0.1338,0.1284,1.042,0.4058,0.3959,0.0099,L2
震荡-3买,量比大于2 + BOLL突破上轨,97,0.0382,0.0357,1.071,0.4124,0.3959,0.0165,L2
震荡-3买,量比大于2 + BOLL触下轨反弹,431,0.2189,0.1266,1.73,0.5313,0.3959,0.1354,L2
震荡-3买,量比大于2 + BOLL开口扩张,598,0.2916,0.1836,1.588,0.51,0.3959,0.1141,L2
震荡-3买,量比大于2 + KDJ金叉态,601,0.2916,0.1855,1.572,0.5075,0.3959,0.1116,L2
震荡-3买,量比大于2 + KDJ_J超卖,573,0.2734,0.1798,1.52,0.4991,0.3959,0.1032,L2
震荡-3买,量比大于2 + KDJ低位金叉,287,0.1587,0.0758,2.093,0.5784,0.3959,0.1825,L2
震荡-3买,量比大于2 + KDJ_D小于30,461,0.2371,0.1335,1.777,0.538,0.3959,0.142,L2
震荡-3买,量比大于2 + RSI6大于50,443,0.1797,0.1598,1.125,0.4244,0.3959,0.0285,L2
震荡-3买,量比大于2 + RSI金叉,558,0.2533,0.1836,1.38,0.4749,0.3959,0.079,L2
震荡-3买,量比大于2 + RSI6超卖,510,0.2543,0.1529,1.663,0.5216,0.3959,0.1257,L2
震荡-3买,量比大于2 + RSI底背离,225,0.0813,0.0877,0.926,0.3778,0.3959,-0.0181,L2
震荡-3买,量比大于2 + 威科夫得分大于4,174,0.0669,0.0652,1.027,0.4023,0.3959,0.0064,L2
震荡-3买,量比大于2 + 威科夫得分大于7,81,0.0277,0.0326,0.851,0.358,0.3959,-0.0379,L2
震荡-3买,量比大于2 + 积累阶段,268,0.0985,0.1034,0.952,0.3843,0.3959,-0.0116,L2
震荡-3买,量比大于2 + 黄金柱,82,0.0229,0.0363,0.631,0.2927,0.3959,-0.1032,L2
震荡-3买,量比大于2 + 量能金叉,279,0.1377,0.0846,1.628,0.5161,0.3959,0.1202,L2
震荡-3买,量比大于2 + 六脉红灯大于5,504,0.2199,0.1717,1.281,0.4563,0.3959,0.0604,L2
震荡-3买,量比大于2 + 六脉红灯大于6,413,0.1625,0.1523,1.067,0.4116,0.3959,0.0157,L2
震荡-3买,量比大于2 + 六脉6红首发,413,0.1625,0.1523,1.067,0.4116,0.3959,0.0157,L2
震荡-3买,量比大于2 + 六脉5红首发,504,0.2199,0.1717,1.281,0.4563,0.3959,0.0604,L2
震荡-3买,量比大于2 + 偏多共振,107,0.0411,0.0401,1.025,0.4019,0.3959,0.006,L2
震荡-3买,量比大于2 + 多头共振,107,0.0411,0.0401,1.025,0.4019,0.3959,0.006,L2
震荡-3买,量比大于2 + 火箭信号,131,0.066,0.0388,1.698,0.5267,0.3959,0.1308,L2
震荡-3买,量比大于2 + 极限抄底,69,0.044,0.0144,3.052,0.6667,0.3959,0.2708,L2
震荡-3买,量比大于2 + 中枢进机会区,269,0.1367,0.0789,1.732,0.5316,0.3959,0.1357,L2
震荡-3买,量比大于2 + 中枢极限底,300,0.1568,0.0852,1.84,0.5467,0.3959,0.1508,L2
震荡-3买,量比大于2 + 中枢上穿中轴,230,0.1033,0.0764,1.351,0.4696,0.3959,0.0737,L2
震荡-3买,量比大于2 + 中枢底部蓄力,414,0.1931,0.1328,1.454,0.4879,0.3959,0.092,L2
震荡-3买,量比大于2 + 中枢底部回升,517,0.2553,0.1566,1.63,0.5164,0.3959,0.1205,L2
震荡-3买,量比大于2 + 大盘多头,217,0.0736,0.0877,0.839,0.3548,0.3959,-0.0411,L2
震荡-3买,量比大于2 + 大盘空头,117,0.0382,0.0482,0.793,0.3419,0.3959,-0.054,L2
震荡-3买,量比大于2 + 大盘安全,345,0.1157,0.1404,0.824,0.3507,0.3959,-0.0452,L2
震荡-3买,量比大于2 + SID等于1,217,0.0736,0.0877,0.839,0.3548,0.3959,-0.0411,L2
震荡-3买,量比大于2 + SID等于2,633,0.3002,0.1999,1.502,0.4961,0.3959,0.1001,L2
震荡-3买,量比大于2 + SID小于等于2,633,0.3002,0.1999,1.502,0.4961,0.3959,0.1001,L2
震荡-3买,量比大于2 + 大盘5日上涨,332,0.108,0.1372,0.787,0.3404,0.3959,-0.0556,L2
震荡-3买,量比大于2 + 相对强弱大于0,347,0.1434,0.1234,1.162,0.4323,0.3959,0.0364,L2
震荡-3买,量比大于2 + 相对强弱大于5,164,0.0736,0.0545,1.35,0.4695,0.3959,0.0736,L2
震荡-3买,量比大于2 + 量比>=1.3,273,0.1606,0.0658,2.441,0.6154,0.3959,0.2195,L2
震荡-3买,量比大于2 + 量比>=2,117,0.066,0.0301,2.193,0.5897,0.3959,0.1938,L2
震荡-3买,量比大于2 + 距前高<=10%,56,0.022,0.0207,1.063,0.4107,0.3959,0.0148,L2
震荡-3买,量比大于2 + 距前低<=10%,338,0.1405,0.1197,1.174,0.4349,0.3959,0.039,L2
震荡-3买,量比大于2 + 相对强弱>=0,60,0.0287,0.0188,1.526,0.5,0.3959,0.1041,L2
震荡-3买,量能递增 + 价涨量增,935,0.4082,0.3183,1.283,0.4567,0.3959,0.0608,L2
震荡-3买,量能递增 + 价涨量缩,890,0.3767,0.3108,1.212,0.4427,0.3959,0.0468,L2
震荡-3买,量能递增 + MACD_DIF大于0,385,0.175,0.1266,1.382,0.4753,0.3959,0.0794,L2
震荡-3买,量能递增 + MACD金叉态,450,0.1597,0.1773,0.9,0.3711,0.3959,-0.0248,L2
震荡-3买,量能递增 + MACD柱递增,1063,0.4532,0.369,1.228,0.4459,0.3959,0.05,L2
震荡-3买,量能递增 + MACD零轴上金叉,73,0.0277,0.0276,1.006,0.3973,0.3959,0.0013,L2
震荡-3买,量能递增 + MACD底背离,608,0.2075,0.245,0.847,0.3569,0.3959,-0.039,L2
震荡-3买,量能递增 + BOLL收上中轨,546,0.2122,0.203,1.045,0.4066,0.3959,0.0107,L2
震荡-3买,量能递增 + BOLL突破上轨,105,0.044,0.037,1.19,0.4381,0.3959,0.0422,L2
震荡-3买,量能递增 + BOLL触下轨反弹,878,0.3776,0.3026,1.248,0.4499,0.3959,0.054,L2
震荡-3买,量能递增 + BOLL开口扩张,1149,0.5038,0.3897,1.293,0.4587,0.3959,0.0627,L2
震荡-3买,量能递增 + KDJ金叉态,998,0.4407,0.3365,1.31,0.4619,0.3959,0.066,L2
震荡-3买,量能递增 + KDJ_J超卖,1105,0.4799,0.3778,1.27,0.4543,0.3959,0.0584,L2
震荡-3买,量能递增 + KDJ低位金叉,435,0.218,0.1297,1.681,0.5241,0.3959,0.1282,L2
震荡-3买,量能递增 + KDJ_D小于30,771,0.3547,0.2506,1.415,0.4812,0.3959,0.0853,L2
震荡-3买,量能递增 + RSI6大于50,719,0.282,0.2657,1.062,0.4103,0.3959,0.0144,L2
震荡-3买,量能递增 + RSI金叉,951,0.3939,0.3377,1.166,0.4332,0.3959,0.0373,L2
震荡-3买,量能递增 + RSI6超卖,958,0.4293,0.3189,1.346,0.4687,0.3959,0.0728,L2
震荡-3买,量能递增 + RSI底背离,501,0.1683,0.2036,0.826,0.3513,0.3959,-0.0446,L2
震荡-3买,量能递增 + 威科夫得分大于4,368,0.1415,0.1378,1.026,0.4022,0.3959,0.0063,L2
震荡-3买,量能递增 + 威科夫得分大于7,169,0.0583,0.0677,0.862,0.3609,0.3959,-0.035,L2
震荡-3买,量能递增 + 积累阶段,532,0.1883,0.2099,0.897,0.3703,0.3959,-0.0256,L2
震荡-3买,量能递增 + 黄金柱,73,0.021,0.032,0.658,0.3014,0.3959,-0.0945,L2
震荡-3买,量能递增 + 量能金叉,368,0.1673,0.1209,1.384,0.4755,0.3959,0.0796,L2
震荡-3买,量能递增 + 六脉红灯大于5,795,0.327,0.2838,1.152,0.4302,0.3959,0.0343,L2
震荡-3买,量能递增 + 六脉红灯大于6,617,0.2342,0.2331,1.005,0.3971,0.3959,0.0012,L2
震荡-3买,量能递增 + 六脉6红首发,617,0.2342,0.2331,1.005,0.3971,0.3959,0.0012,L2
震荡-3买,量能递增 + 六脉5红首发,795,0.327,0.2838,1.152,0.4302,0.3959,0.0343,L2
震荡-3买,量能递增 + 偏多共振,231,0.1033,0.0771,1.34,0.4675,0.3959,0.0716,L2
震荡-3买,量能递增 + 多头共振,231,0.1033,0.0771,1.34,0.4675,0.3959,0.0716,L2
震荡-3买,量能递增 + 火箭信号,151,0.0813,0.0414,1.965,0.5629,0.3959,0.167,L2
震荡-3买,量能递增 + 极限抄底,84,0.0526,0.0182,2.894,0.6548,0.3959,0.2588,L2
震荡-3买,量能递增 + 中枢进机会区,571,0.2371,0.2024,1.172,0.4343,0.3959,0.0384,L2
震荡-3买,量能递增 + 中枢极限底,577,0.2553,0.1942,1.314,0.4627,0.3959,0.0668,L2
震荡-3买,量能递增 + 中枢上穿中轴,345,0.1625,0.1096,1.482,0.4928,0.3959,0.0968,L2
震荡-3买,量能递增 + 中枢底部蓄力,765,0.3078,0.2776,1.109,0.4209,0.3959,0.025,L2
震荡-3买,量能递增 + 中枢底部回升,997,0.4254,0.3459,1.23,0.4463,0.3959,0.0504,L2
震荡-3买,量能递增 + 大盘多头,419,0.1396,0.1711,0.816,0.3484,0.3959,-0.0475,L2
震荡-3买,量能递增 + 大盘空头,315,0.0994,0.1322,0.752,0.3302,0.3959,-0.0658,L2
震荡-3买,量能递增 + 大盘安全,725,0.2447,0.2939,0.833,0.3531,0.3959,-0.0428,L2
震荡-3买,量能递增 + SID等于1,419,0.1396,0.1711,0.816,0.3484,0.3959,-0.0475,L2
震荡-3买,量能递增 + SID等于2,1224,0.5268,0.4217,1.249,0.4502,0.3959,0.0543,L2
震荡-3买,量能递增 + SID小于等于2,1224,0.5268,0.4217,1.249,0.4502,0.3959,0.0543,L2
震荡-3买,量能递增 + 大盘5日上涨,729,0.2457,0.2957,0.831,0.3525,0.3959,-0.0434,L2
震荡-3买,量能递增 + 相对强弱大于0,603,0.2476,0.2155,1.149,0.4295,0.3959,0.0336,L2
震荡-3买,量能递增 + 相对强弱大于5,218,0.1004,0.0708,1.418,0.4817,0.3959,0.0857,L2
震荡-3买,量能递增 + 量比>=1.3,357,0.1864,0.1015,1.837,0.5462,0.3959,0.1503,L2
震荡-3买,量能递增 + 量比>=2,102,0.0564,0.0269,2.094,0.5784,0.3959,0.1825,L2
震荡-3买,量能递增 + 距前高<=10%,135,0.0516,0.0508,1.017,0.4,0.3959,0.0041,L2
震荡-3买,量能递增 + 深跌(距前高>40%),53,0.0249,0.0169,1.469,0.4906,0.3959,0.0947,L2
震荡-3买,量能递增 + 距前低<=10%,707,0.2686,0.2669,1.006,0.3975,0.3959,0.0015,L2
震荡-3买,量能递增 + 相对强弱>=0,140,0.0535,0.0526,1.017,0.4,0.3959,0.0041,L2
震荡-3买,价涨量增 + 价涨量缩,931,0.3719,0.3396,1.095,0.4178,0.3959,0.0219,L2
震荡-3买,价涨量增 + MACD_DIF大于0,386,0.1644,0.1341,1.226,0.4456,0.3959,0.0497,L2
震荡-3买,价涨量增 + MACD金叉态,518,0.1616,0.2187,0.739,0.3263,0.3959,-0.0697,L2
震荡-3买,价涨量增 + MACD柱递增,1276,0.5258,0.4549,1.156,0.431,0.3959,0.0351,L2
震荡-3买,价涨量增 + MACD零轴上金叉,74,0.0296,0.0269,1.1,0.4189,0.3959,0.023,L2
震荡-3买,价涨量增 + MACD底背离,696,0.2342,0.2826,0.829,0.352,0.3959,-0.0439,L2
震荡-3买,价涨量增 + BOLL收上中轨,682,0.24,0.2701,0.889,0.368,0.3959,-0.0279,L2
震荡-3买,价涨量增 + BOLL突破上轨,115,0.0468,0.0414,1.133,0.4261,0.3959,0.0302,L2
震荡-3买,价涨量增 + BOLL触下轨反弹,953,0.4044,0.3321,1.218,0.4439,0.3959,0.0479,L2
震荡-3买,价涨量增 + BOLL开口扩张,1271,0.5421,0.4411,1.229,0.4461,0.3959,0.0502,L2
震荡-3买,价涨量增 + KDJ金叉态,1288,0.5344,0.4568,1.17,0.434,0.3959,0.0381,L2
震荡-3买,价涨量增 + KDJ_J超卖,1256,0.5258,0.4424,1.189,0.4379,0.3959,0.042,L2
震荡-3买,价涨量增 + KDJ低位金叉,593,0.283,0.1861,1.521,0.4992,0.3959,0.1032,L2
震荡-3买,价涨量增 + KDJ_D小于30,962,0.4216,0.3264,1.292,0.4584,0.3959,0.0625,L2
震荡-3买,价涨量增 + RSI6大于50,965,0.3556,0.3716,0.957,0.3855,0.3959,-0.0104,L2
震荡-3买,价涨量增 + RSI金叉,1220,0.4828,0.448,1.078,0.4139,0.3959,0.018,L2
震荡-3买,价涨量增 + RSI6超卖,1087,0.4694,0.3734,1.257,0.4517,0.3959,0.0558,L2
震荡-3买,价涨量增 + RSI底背离,561,0.1836,0.2312,0.794,0.3422,0.3959,-0.0537,L2
震荡-3买,价涨量增 + 威科夫得分大于4,352,0.1281,0.1366,0.938,0.3807,0.3959,-0.0152,L2
震荡-3买,价涨量增 + 威科夫得分大于7,149,0.0507,0.0602,0.842,0.3557,0.3959,-0.0402,L2
震荡-3买,价涨量增 + 积累阶段,646,0.2141,0.2644,0.81,0.3467,0.3959,-0.0492,L2
震荡-3买,价涨量增 + 黄金柱,115,0.0344,0.0495,0.695,0.313,0.3959,-0.0829,L2
震荡-3买,价涨量增 + 量能金叉,384,0.1683,0.1303,1.291,0.4583,0.3959,0.0624,L2
震荡-3买,价涨量增 + 六脉红灯大于5,1077,0.414,0.4035,1.026,0.402,0.3959,0.0061,L2
震荡-3买,价涨量增 + 六脉红灯大于6,857,0.3098,0.334,0.928,0.3781,0.3959,-0.0178,L2
震荡-3买,价涨量增 + 六脉6红首发,857,0.3098,0.334,0.928,0.3781,0.3959,-0.0178,L2
震荡-3买,价涨量增 + 六脉5红首发,1077,0.414,0.4035,1.026,0.402,0.3959,0.0061,L2
震荡-3买,价涨量增 + 偏多共振,237,0.1023,0.0815,1.256,0.4515,0.3959,0.0556,L2
震荡-3买,价涨量增 + 多头共振,237,0.1023,0.0815,1.256,0.4515,0.3959,0.0556,L2
震荡-3买,价涨量增 + 火箭信号,181,0.0946,0.0514,1.842,0.547,0.3959,0.151,L2
震荡-3买,价涨量增 + 极限抄底,85,0.0545,0.0175,3.106,0.6706,0.3959,0.2747,L2
震荡-3买,价涨量增 + 中枢进机会区,576,0.2409,0.203,1.187,0.4375,0.3959,0.0416,L2
震荡-3买,价涨量增 + 中枢极限底,648,0.2792,0.2231,1.252,0.4506,0.3959,0.0547,L2
震荡-3买,价涨量增 + 中枢上穿中轴,415,0.1836,0.1397,1.314,0.4627,0.3959,0.0667,L2
震荡-3买,价涨量增 + 中枢底部蓄力,891,0.3442,0.3327,1.034,0.404,0.3959,0.0081,L2
震荡-3买,价涨量增 + 中枢底部回升,1127,0.4704,0.3979,1.182,0.4366,0.3959,0.0406,L2
震荡-3买,价涨量增 + 大盘多头,509,0.1702,0.2074,0.821,0.3497,0.3959,-0.0462,L2
震荡-3买,价涨量增 + 大盘空头,356,0.1004,0.1573,0.638,0.2949,0.3959,-0.101,L2
震荡-3买,价涨量增 + 大盘安全,858,0.2753,0.3571,0.771,0.3357,0.3959,-0.0602,L2
震荡-3买,价涨量增 + SID等于1,509,0.1702,0.2074,0.821,0.3497,0.3959,-0.0462,L2
震荡-3买,价涨量增 + SID等于2,1388,0.5679,0.4975,1.141,0.428,0.3959,0.032,L2
震荡-3买,价涨量增 + SID小于等于2,1388,0.5679,0.4975,1.141,0.428,0.3959,0.032,L2
震荡-3买,价涨量增 + 大盘5日上涨,856,0.2686,0.3603,0.746,0.3283,0.3959,-0.0676,L2
震荡-3买,价涨量增 + 相对强弱大于0,691,0.26,0.2625,0.991,0.3936,0.3959,-0.0023,L2
震荡-3买,价涨量增 + 相对强弱大于5,225,0.0956,0.0783,1.221,0.4444,0.3959,0.0485,L2
震荡-3买,价涨量增 + 量比>=1.3,420,0.217,0.1209,1.795,0.5405,0.3959,0.1446,L2
震荡-3买,价涨量增 + 量比>=2,114,0.065,0.0288,2.256,0.5965,0.3959,0.2006,L2
震荡-3买,价涨量增 + 距前高<=10%,132,0.0478,0.0514,0.93,0.3788,0.3959,-0.0171,L2
震荡-3买,价涨量增 + 深跌(距前高>40%),67,0.0287,0.0232,1.237,0.4478,0.3959,0.0518,L2
震荡-3买,价涨量增 + 距前低<=10%,771,0.2734,0.3039,0.9,0.3709,0.3959,-0.025,L2
震荡-3买,价涨量增 + 相对强弱>=0,139,0.0478,0.0558,0.857,0.3597,0.3959,-0.0362,L2
震荡-3买,价涨量缩 + MACD_DIF大于0,607,0.2447,0.2199,1.113,0.4217,0.3959,0.0258,L2
震荡-3买,价涨量缩 + MACD金叉态,474,0.1472,0.2005,0.734,0.3249,0.3959,-0.071,L2
震荡-3买,价涨量缩 + MACD柱递增,1830,0.6663,0.7099,0.939,0.3809,0.3959,-0.015,L2
震荡-3买,价涨量缩 + MACD底背离,1020,0.304,0.4398,0.691,0.3118,0.3959,-0.0841,L2
震荡-3买,价涨量缩 + BOLL收上中轨,556,0.2017,0.2162,0.933,0.3795,0.3959,-0.0164,L2
震荡-3买,价涨量缩 + BOLL突破上轨,75,0.0258,0.0301,0.858,0.36,0.3959,-0.0359,L2
震荡-3买,价涨量缩 + BOLL触下轨反弹,1319,0.5038,0.4962,1.015,0.3995,0.3959,0.0036,L2
震荡-3买,价涨量缩 + BOLL开口扩张,1905,0.7285,0.7162,1.017,0.4,0.3959,0.0041,L2
震荡-3买,价涨量缩 + KDJ金叉态,1676,0.6348,0.6341,1.001,0.3962,0.3959,0.0003,L2
震荡-3买,价涨量缩 + KDJ_J超卖,1933,0.7314,0.7318,0.999,0.3958,0.3959,-0.0002,L2
震荡-3买,价涨量缩 + KDJ低位金叉,971,0.3853,0.3559,1.083,0.415,0.3959,0.0191,L2
震荡-3买,价涨量缩 + KDJ_D小于30,1525,0.5784,0.5764,1.003,0.3967,0.3959,0.0008,L2
震荡-3买,价涨量缩 + RSI6大于50,932,0.3327,0.3659,0.909,0.3734,0.3959,-0.0225,L2
震荡-3买,价涨量缩 + RSI金叉,1380,0.5067,0.5326,0.951,0.3841,0.3959,-0.0119,L2
震荡-3买,价涨量缩 + RSI6超卖,1652,0.6291,0.6228,1.01,0.3983,0.3959,0.0024,L2
震荡-3买,价涨量缩 + RSI底背离,784,0.2275,0.3421,0.665,0.3036,0.3959,-0.0923,L2
震荡-3买,价涨量缩 + 威科夫得分大于4,413,0.1597,0.1541,1.036,0.4044,0.3959,0.0084,L2
震荡-3买,价涨量缩 + 威科夫得分大于7,149,0.0507,0.0602,0.842,0.3557,0.3959,-0.0402,L2
震荡-3买,价涨量缩 + 积累阶段,963,0.3098,0.4004,0.774,0.3364,0.3959,-0.0595,L2
震荡-3买,价涨量缩 + 黄金柱,75,0.0229,0.032,0.718,0.32,0.3959,-0.0759,L2
震荡-3买,价涨量缩 + 量能金叉,277,0.1185,0.0959,1.237,0.4477,0.3959,0.0517,L2
震荡-3买,价涨量缩 + 六脉红灯大于5,1160,0.4111,0.4574,0.899,0.3707,0.3959,-0.0252,L2
震荡-3买,价涨量缩 + 六脉红灯大于6,740,0.2581,0.2945,0.877,0.3649,0.3959,-0.031,L2
震荡-3买,价涨量缩 + 六脉6红首发,740,0.2581,0.2945,0.877,0.3649,0.3959,-0.031,L2
震荡-3买,价涨量缩 + 六脉5红首发,1160,0.4111,0.4574,0.899,0.3707,0.3959,-0.0252,L2
震荡-3买,价涨量缩 + 偏多共振,407,0.1635,0.1479,1.106,0.4201,0.3959,0.0242,L2
震荡-3买,价涨量缩 + 多头共振,405,0.1635,0.1466,1.115,0.4222,0.3959,0.0263,L2
震荡-3买,价涨量缩 + 火箭信号,100,0.0459,0.0326,1.408,0.48,0.3959,0.0841,L2
震荡-3买,价涨量缩 + 极限抄底,112,0.0621,0.0294,2.11,0.5804,0.3959,0.1844,L2
震荡-3买,价涨量缩 + 中枢进机会区,880,0.3394,0.3289,1.032,0.4034,0.3959,0.0075,L2
震荡-3买,价涨量缩 + 中枢极限底,917,0.3461,0.3477,0.995,0.3948,0.3959,-0.0011,L2
震荡-3买,价涨量缩 + 中枢上穿中轴,324,0.1358,0.114,1.19,0.4383,0.3959,0.0424,L2
震荡-3买,价涨量缩 + 中枢底部蓄力,1359,0.4579,0.5514,0.831,0.3525,0.3959,-0.0434,L2
震荡-3买,价涨量缩 + 中枢底部回升,1635,0.6071,0.6266,0.969,0.3884,0.3959,-0.0075,L2
震荡-3买,价涨量缩 + 大盘多头,876,0.2772,0.3672,0.755,0.3311,0.3959,-0.0649,L2
震荡-3买,价涨量缩 + 大盘空头,490,0.1396,0.2155,0.648,0.298,0.3959,-0.098,L2
震荡-3买,价涨量缩 + 大盘安全,1333,0.4101,0.5664,0.724,0.3218,0.3959,-0.0741,L2
震荡-3买,价涨量缩 + SID等于1,876,0.2772,0.3672,0.755,0.3311,0.3959,-0.0649,L2
震荡-3买,价涨量缩 + SID等于2,2079,0.7744,0.7951,0.974,0.3896,0.3959,-0.0063,L2
震荡-3买,价涨量缩 + SID小于等于2,2079,0.7744,0.7951,0.974,0.3896,0.3959,-0.0063,L2
震荡-3买,价涨量缩 + 大盘5日上涨,1352,0.4092,0.5789,0.707,0.3166,0.3959,-0.0793,L2
震荡-3买,价涨量缩 + 相对强弱大于0,694,0.2524,0.2694,0.937,0.3804,0.3959,-0.0155,L2
震荡-3买,价涨量缩 + 相对强弱大于5,154,0.0621,0.0558,1.114,0.4221,0.3959,0.0262,L2
震荡-3买,价涨量缩 + 量比>=1.3,285,0.1568,0.0758,2.068,0.5754,0.3959,0.1795,L2
震荡-3买,价涨量缩 + 量比>=2,53,0.0315,0.0125,2.518,0.6226,0.3959,0.2267,L2
震荡-3买,价涨量缩 + 距前高<=10%,162,0.0583,0.0633,0.922,0.3765,0.3959,-0.0194,L2
震荡-3买,价涨量缩 + 深跌(距前高>40%),94,0.0296,0.0395,0.751,0.3298,0.3959,-0.0661,L2
震荡-3买,价涨量缩 + 距前低<=10%,1175,0.3881,0.4818,0.806,0.3455,0.3959,-0.0504,L2
震荡-3买,价涨量缩 + 相对强弱>=0,154,0.0507,0.0633,0.801,0.3442,0.3959,-0.0518,L2
震荡-3买,MACD_DIF大于0 + MACD金叉态,158,0.0803,0.0464,1.732,0.5316,0.3959,0.1357,L2
震荡-3买,MACD_DIF大于0 + MACD柱递增,617,0.2314,0.235,0.985,0.3922,0.3959,-0.0037,L2
震荡-3买,MACD_DIF大于0 + MACD零轴上金叉,80,0.0325,0.0288,1.128,0.425,0.3959,0.0291,L2
震荡-3买,MACD_DIF大于0 + MACD底背离,169,0.0641,0.0639,1.002,0.3964,0.3959,0.0005,L2
震荡-3买,MACD_DIF大于0 + BOLL收上中轨,360,0.152,0.1259,1.207,0.4417,0.3959,0.0458,L2
震荡-3买,MACD_DIF大于0 + BOLL突破上轨,73,0.0325,0.0244,1.33,0.4658,0.3959,0.0698,L2
震荡-3买,MACD_DIF大于0 + BOLL触下轨反弹,499,0.195,0.1848,1.055,0.4088,0.3959,0.0129,L2
震荡-3买,MACD_DIF大于0 + BOLL开口扩张,727,0.2954,0.2619,1.128,0.425,0.3959,0.0291,L2
震荡-3买,MACD_DIF大于0 + KDJ金叉态,549,0.2218,0.1986,1.117,0.4226,0.3959,0.0267,L2
震荡-3买,MACD_DIF大于0 + KDJ_J超卖,704,0.2878,0.2525,1.14,0.4276,0.3959,0.0316,L2
震荡-3买,MACD_DIF大于0 + KDJ低位金叉,154,0.0583,0.0583,1.001,0.3961,0.3959,0.0002,L2
震荡-3买,MACD_DIF大于0 + KDJ_D小于30,393,0.1568,0.1435,1.093,0.4173,0.3959,0.0214,L2
震荡-3买,MACD_DIF大于0 + RSI6大于50,461,0.1845,0.1679,1.099,0.4187,0.3959,0.0227,L2
震荡-3买,MACD_DIF大于0 + RSI金叉,452,0.1912,0.1579,1.211,0.4425,0.3959,0.0466,L2
震荡-3买,MACD_DIF大于0 + RSI6超卖,520,0.2122,0.1867,1.137,0.4269,0.3959,0.031,L2
震荡-3买,MACD_DIF大于0 + RSI底背离,118,0.0449,0.0445,1.01,0.3983,0.3959,0.0024,L2
震荡-3买,MACD_DIF大于0 + 威科夫得分大于4,368,0.1511,0.1316,1.148,0.4293,0.3959,0.0334,L2
震荡-3买,MACD_DIF大于0 + 威科夫得分大于7,166,0.0612,0.0639,0.957,0.3855,0.3959,-0.0104,L2
震荡-3买,MACD_DIF大于0 + 积累阶段,192,0.0841,0.0652,1.291,0.4583,0.3959,0.0624,L2
震荡-3买,MACD_DIF大于0 + 量能金叉,156,0.0631,0.0564,1.119,0.4231,0.3959,0.0272,L2
震荡-3买,MACD_DIF大于0 + 六脉红灯大于5,376,0.1577,0.1322,1.193,0.4388,0.3959,0.0429,L2
震荡-3买,MACD_DIF大于0 + 六脉红灯大于6,293,0.1185,0.1059,1.12,0.4232,0.3959,0.0273,L2
震荡-3买,MACD_DIF大于0 + 六脉6红首发,293,0.1185,0.1059,1.12,0.4232,0.3959,0.0273,L2
震荡-3买,MACD_DIF大于0 + 六脉5红首发,376,0.1577,0.1322,1.193,0.4388,0.3959,0.0429,L2
震荡-3买,MACD_DIF大于0 + 偏多共振,435,0.1721,0.1598,1.077,0.4138,0.3959,0.0179,L2
震荡-3买,MACD_DIF大于0 + 多头共振,434,0.1721,0.1591,1.081,0.4147,0.3959,0.0188,L2
震荡-3买,MACD_DIF大于0 + 火箭信号,82,0.0392,0.0257,1.526,0.5,0.3959,0.1041,L2
震荡-3买,MACD_DIF大于0 + 中枢进机会区,297,0.1377,0.0959,1.436,0.4848,0.3959,0.0889,L2
震荡-3买,MACD_DIF大于0 + 中枢极限底,134,0.0707,0.0376,1.882,0.5522,0.3959,0.1563,L2
震荡-3买,MACD_DIF大于0 + 中枢上穿中轴,302,0.1243,0.1078,1.153,0.4305,0.3959,0.0346,L2
震荡-3买,MACD_DIF大于0 + 中枢底部蓄力,132,0.0583,0.0445,1.311,0.4621,0.3959,0.0662,L2
震荡-3买,MACD_DIF大于0 + 中枢底部回升,322,0.153,0.1015,1.507,0.4969,0.3959,0.101,L2
震荡-3买,MACD_DIF大于0 + 大盘多头,403,0.1348,0.1642,0.821,0.3499,0.3959,-0.046,L2
震荡-3买,MACD_DIF大于0 + 大盘空头,120,0.0411,0.0482,0.852,0.3583,0.3959,-0.0376,L2
震荡-3买,MACD_DIF大于0 + 大盘安全,522,0.1816,0.208,0.873,0.364,0.3959,-0.0319,L2
震荡-3买,MACD_DIF大于0 + SID等于1,403,0.1348,0.1642,0.821,0.3499,0.3959,-0.046,L2
震荡-3买,MACD_DIF大于0 + SID等于2,773,0.3126,0.2794,1.119,0.423,0.3959,0.0271,L2
震荡-3买,MACD_DIF大于0 + SID小于等于2,773,0.3126,0.2794,1.119,0.423,0.3959,0.0271,L2
震荡-3买,MACD_DIF大于0 + 大盘5日上涨,497,0.1721,0.1986,0.866,0.3622,0.3959,-0.0337,L2
震荡-3买,MACD_DIF大于0 + 相对强弱大于0,419,0.174,0.1485,1.172,0.4344,0.3959,0.0385,L2
震荡-3买,MACD_DIF大于0 + 相对强弱大于5,130,0.0631,0.0401,1.573,0.5077,0.3959,0.1118,L2
震荡-3买,MACD_DIF大于0 + 量比>=1.3,115,0.0516,0.0382,1.351,0.4696,0.3959,0.0737,L2
震荡-3买,MACD_DIF大于0 + 距前高<=10%,150,0.0545,0.0583,0.935,0.38,0.3959,-0.0159,L2
震荡-3买,MACD_DIF大于0 + 距前低<=10%,184,0.0966,0.052,1.857,0.5489,0.3959,0.153,L2
震荡-3买,MACD_DIF大于0 + 相对强弱>=0,90,0.0411,0.0294,1.396,0.4778,0.3959,0.0819,L2
震荡-3买,MACD金叉态 + MACD柱递增,588,0.1912,0.2431,0.787,0.3401,0.3959,-0.0558,L2
震荡-3买,MACD金叉态 + MACD零轴上金叉,80,0.0325,0.0288,1.128,0.425,0.3959,0.0291,L2
震荡-3买,MACD金叉态 + MACD底背离,430,0.1176,0.1924,0.611,0.286,0.3959,-0.1099,L2
震荡-3买,MACD金叉态 + BOLL收上中轨,479,0.1721,0.1873,0.919,0.3758,0.3959,-0.0201,L2
震荡-3买,MACD金叉态 + BOLL突破上轨,109,0.044,0.0395,1.114,0.422,0.3959,0.0261,L2
震荡-3买,MACD金叉态 + BOLL触下轨反弹,386,0.1243,0.1604,0.775,0.3368,0.3959,-0.0591,L2
震荡-3买,MACD金叉态 + BOLL开口扩张,564,0.1883,0.2299,0.819,0.3493,0.3959,-0.0466,L2
震荡-3买,MACD金叉态 + KDJ金叉态,588,0.196,0.24,0.817,0.3486,0.3959,-0.0473,L2
震荡-3买,MACD金叉态 + KDJ_J超卖,566,0.1807,0.2362,0.765,0.3339,0.3959,-0.062,L2
震荡-3买,MACD金叉态 + KDJ低位金叉,176,0.0641,0.0683,0.938,0.3807,0.3959,-0.0152,L2
震荡-3买,MACD金叉态 + KDJ_D小于30,359,0.1176,0.1479,0.795,0.3426,0.3959,-0.0533,L2
震荡-3买,MACD金叉态 + RSI6大于50,572,0.1922,0.2325,0.827,0.3514,0.3959,-0.0445,L2
震荡-3买,MACD金叉态 + RSI金叉,621,0.1931,0.2625,0.736,0.3253,0.3959,-0.0706,L2
震荡-3买,MACD金叉态 + RSI6超卖,426,0.1291,0.1823,0.708,0.3169,0.3959,-0.079,L2
震荡-3买,MACD金叉态 + RSI底背离,374,0.1004,0.1685,0.596,0.2807,0.3959,-0.1152,L2
震荡-3买,MACD金叉态 + 威科夫得分大于4,205,0.0803,0.0758,1.059,0.4098,0.3959,0.0138,L2
震荡-3买,MACD金叉态 + 威科夫得分大于7,111,0.0421,0.042,1.002,0.3964,0.3959,0.0005,L2
震荡-3买,MACD金叉态 + 积累阶段,412,0.1138,0.1836,0.62,0.2888,0.3959,-0.1071,L2
震荡-3买,MACD金叉态 + 黄金柱,84,0.021,0.0388,0.541,0.2619,0.3959,-0.134,L2
震荡-3买,MACD金叉态 + 量能金叉,163,0.0574,0.0645,0.889,0.3681,0.3959,-0.0278,L2
震荡-3买,MACD金叉态 + 六脉红灯大于5,579,0.1874,0.24,0.781,0.3385,0.3959,-0.0574,L2
震荡-3买,MACD金叉态 + 六脉红灯大于6,511,0.1644,0.2124,0.774,0.3366,0.3959,-0.0593,L2
震荡-3买,MACD金叉态 + 六脉6红首发,511,0.1644,0.2124,0.774,0.3366,0.3959,-0.0593,L2
震荡-3买,MACD金叉态 + 六脉5红首发,579,0.1874,0.24,0.781,0.3385,0.3959,-0.0574,L2
震荡-3买,MACD金叉态 + 偏多共振,94,0.0392,0.0332,1.18,0.4362,0.3959,0.0403,L2
震荡-3买,MACD金叉态 + 多头共振,93,0.0392,0.0326,1.203,0.4409,0.3959,0.0449,L2
震荡-3买,MACD金叉态 + 火箭信号,100,0.0468,0.032,1.466,0.49,0.3959,0.0941,L2
震荡-3买,MACD金叉态 + 中枢进机会区,270,0.0803,0.1165,0.689,0.3111,0.3959,-0.0848,L2
震荡-3买,MACD金叉态 + 中枢极限底,332,0.087,0.151,0.576,0.2741,0.3959,-0.1218,L2
震荡-3买,MACD金叉态 + 中枢上穿中轴,213,0.086,0.0771,1.116,0.4225,0.3959,0.0266,L2
震荡-3买,MACD金叉态 + 中枢底部蓄力,467,0.1205,0.2137,0.564,0.2698,0.3959,-0.1261,L2
震荡-3买,MACD金叉态 + 中枢底部回升,558,0.1616,0.2437,0.663,0.3029,0.3959,-0.093,L2
震荡-3买,MACD金叉态 + 大盘多头,277,0.0937,0.1122,0.835,0.3538,0.3959,-0.0421,L2
震荡-3买,MACD金叉态 + 大盘空头,217,0.0535,0.1009,0.531,0.2581,0.3959,-0.1378,L2
震荡-3买,MACD金叉态 + 大盘安全,529,0.1625,0.2249,0.723,0.3214,0.3959,-0.0746,L2
震荡-3买,MACD金叉态 + SID等于1,277,0.0937,0.1122,0.835,0.3538,0.3959,-0.0421,L2
震荡-3买,MACD金叉态 + SID等于2,673,0.2208,0.2769,0.797,0.3432,0.3959,-0.0527,L2
震荡-3买,MACD金叉态 + SID小于等于2,673,0.2208,0.2769,0.797,0.3432,0.3959,-0.0527,L2
震荡-3买,MACD金叉态 + 大盘5日上涨,526,0.1558,0.2274,0.685,0.3099,0.3959,-0.086,L2
震荡-3买,MACD金叉态 + 相对强弱大于0,470,0.1711,0.1823,0.939,0.3809,0.3959,-0.0151,L2
震荡-3买,MACD金叉态 + 相对强弱大于5,195,0.0841,0.067,1.255,0.4513,0.3959,0.0554,L2
震荡-3买,MACD金叉态 + 量比>=1.3,125,0.0449,0.0489,0.919,0.376,0.3959,-0.0199,L2
震荡-3买,MACD金叉态 + 距前高<=10%,56,0.0182,0.0232,0.784,0.3393,0.3959,-0.0566,L2
震荡-3买,MACD金叉态 + 距前低<=10%,485,0.13,0.2187,0.595,0.2804,0.3959,-0.1155,L2
震荡-3买,MACD金叉态 + 相对强弱>=0,120,0.0402,0.0489,0.822,0.35,0.3959,-0.0459,L2
震荡-3买,MACD柱递增 + MACD零轴上金叉,76,0.0315,0.0269,1.171,0.4342,0.3959,0.0383,L2
震荡-3买,MACD柱递增 + MACD底背离,1192,0.3681,0.5056,0.728,0.323,0.3959,-0.0729,L2
震荡-3买,MACD柱递增 + BOLL收上中轨,737,0.2667,0.287,0.929,0.3786,0.3959,-0.0174,L2
震荡-3买,MACD柱递增 + BOLL突破上轨,116,0.0468,0.042,1.116,0.4224,0.3959,0.0265,L2
震荡-3买,MACD柱递增 + BOLL触下轨反弹,1485,0.587,0.5457,1.076,0.4135,0.3959,0.0176,L2
震荡-3买,MACD柱递增 + BOLL开口扩张,2148,0.8241,0.8058,1.023,0.4013,0.3959,0.0054,L2
震荡-3买,MACD柱递增 + KDJ金叉态,2088,0.8069,0.7794,1.035,0.4042,0.3959,0.0083,L2
震荡-3买,MACD柱递增 + KDJ_J超卖,2158,0.8174,0.8164,1.001,0.3962,0.3959,0.0003,L2
震荡-3买,MACD柱递增 + KDJ低位金叉,1180,0.4771,0.4267,1.118,0.4229,0.3959,0.027,L2
震荡-3买,MACD柱递增 + KDJ_D小于30,1777,0.6807,0.6673,1.02,0.4007,0.3959,0.0048,L2
震荡-3买,MACD柱递增 + RSI6大于50,1218,0.4426,0.4731,0.936,0.3801,0.3959,-0.0158,L2
震荡-3买,MACD柱递增 + RSI金叉,1733,0.6568,0.6554,1.002,0.3964,0.3959,0.0005,L2
震荡-3买,MACD柱递增 + RSI6超卖,1905,0.738,0.7099,1.04,0.4052,0.3959,0.0093,L2
震荡-3买,MACD柱递增 + RSI底背离,903,0.2667,0.391,0.682,0.309,0.3959,-0.0869,L2
震荡-3买,MACD柱递增 + 威科夫得分大于4,428,0.1539,0.1673,0.92,0.3762,0.3959,-0.0197,L2
震荡-3买,MACD柱递增 + 威科夫得分大于7,164,0.0535,0.0677,0.791,0.3415,0.3959,-0.0544,L2
震荡-3买,MACD柱递增 + 积累阶段,1082,0.3556,0.4449,0.799,0.3438,0.3959,-0.0521,L2
震荡-3买,MACD柱递增 + 黄金柱,113,0.0335,0.0489,0.685,0.3097,0.3959,-0.0862,L2
震荡-3买,MACD柱递增 + 量能金叉,389,0.173,0.1303,1.328,0.4653,0.3959,0.0694,L2
震荡-3买,MACD柱递增 + 六脉红灯大于5,1528,0.565,0.5871,0.962,0.3868,0.3959,-0.0091,L2
震荡-3买,MACD柱递增 + 六脉红灯大于6,1044,0.3776,0.4066,0.929,0.3784,0.3959,-0.0176,L2
震荡-3买,MACD柱递增 + 六脉6红首发,1044,0.3776,0.4066,0.929,0.3784,0.3959,-0.0176,L2
震荡-3买,MACD柱递增 + 六脉5红首发,1528,0.565,0.5871,0.962,0.3868,0.3959,-0.0091,L2
震荡-3买,MACD柱递增 + 偏多共振,394,0.1472,0.1504,0.979,0.3909,0.3959,-0.005,L2
震荡-3买,MACD柱递增 + 多头共振,393,0.1472,0.1497,0.983,0.3919,0.3959,-0.0041,L2
震荡-3买,MACD柱递增 + 火箭信号,189,0.0937,0.057,1.643,0.5185,0.3959,0.1226,L2
震荡-3买,MACD柱递增 + 极限抄底,132,0.0746,0.0338,2.204,0.5909,0.3959,0.195,L2
震荡-3买,MACD柱递增 + 中枢进机会区,965,0.3719,0.3609,1.03,0.4031,0.3959,0.0072,L2
震荡-3买,MACD柱递增 + 中枢极限底,1071,0.4283,0.3904,1.097,0.4183,0.3959,0.0224,L2
震荡-3买,MACD柱递增 + 中枢上穿中轴,453,0.196,0.1554,1.261,0.4525,0.3959,0.0566,L2
震荡-3买,MACD柱递增 + 中枢底部蓄力,1567,0.5535,0.619,0.894,0.3695,0.3959,-0.0264,L2
震荡-3买,MACD柱递增 + 中枢底部回升,1893,0.7208,0.7137,1.01,0.3983,0.3959,0.0024,L2
震荡-3买,MACD柱递增 + 大盘多头,934,0.2954,0.3916,0.754,0.3308,0.3959,-0.0651,L2
震荡-3买,MACD柱递增 + 大盘空头,569,0.1644,0.2487,0.661,0.3023,0.3959,-0.0936,L2
震荡-3买,MACD柱递增 + 大盘安全,1457,0.4532,0.6159,0.736,0.3253,0.3959,-0.0706,L2
震荡-3买,MACD柱递增 + SID等于1,934,0.2954,0.3916,0.754,0.3308,0.3959,-0.0651,L2
震荡-3买,MACD柱递增 + SID等于2,2345,0.8767,0.8947,0.98,0.391,0.3959,-0.0049,L2
震荡-3买,MACD柱递增 + SID小于等于2,2345,0.8767,0.8947,0.98,0.391,0.3959,-0.0049,L2
震荡-3买,MACD柱递增 + 大盘5日上涨,1478,0.4465,0.6335,0.705,0.316,0.3959,-0.0799,L2
震荡-3买,MACD柱递增 + 相对强弱大于0,859,0.3126,0.3333,0.938,0.3807,0.3959,-0.0152,L2
震荡-3买,MACD柱递增 + 相对强弱大于5,234,0.0975,0.0827,1.179,0.4359,0.3959,0.04,L2
震荡-3买,MACD柱递增 + 量比>=1.3,466,0.2447,0.1316,1.86,0.5494,0.3959,0.1534,L2
震荡-3买,MACD柱递增 + 量比>=2,105,0.0602,0.0263,2.289,0.6,0.3959,0.2041,L2
震荡-3买,MACD柱递增 + 距前高<=10%,171,0.0554,0.0708,0.783,0.3392,0.3959,-0.0567,L2
震荡-3买,MACD柱递增 + 深跌(距前高>40%),126,0.0459,0.0489,0.939,0.381,0.3959,-0.015,L2
震荡-3买,MACD柱递增 + 距前低<=10%,1274,0.4159,0.5257,0.791,0.3414,0.3959,-0.0545,L2
震荡-3买,MACD柱递增 + 相对强弱>=0,179,0.0602,0.0727,0.829,0.352,0.3959,-0.044,L2
震荡-3买,MACD零轴上金叉 + BOLL收上中轨,80,0.0325,0.0288,1.128,0.425,0.3959,0.0291,L2
震荡-3买,MACD零轴上金叉 + BOLL触下轨反弹,51,0.0229,0.0169,1.356,0.4706,0.3959,0.0747,L2
震荡-3买,MACD零轴上金叉 + BOLL开口扩张,78,0.0306,0.0288,1.061,0.4103,0.3959,0.0143,L2
震荡-3买,MACD零轴上金叉 + KDJ金叉态,80,0.0325,0.0288,1.128,0.425,0.3959,0.0291,L2
震荡-3买,MACD零轴上金叉 + KDJ_J超卖,67,0.0268,0.0244,1.095,0.4179,0.3959,0.022,L2
震荡-3买,MACD零轴上金叉 + RSI6大于50,80,0.0325,0.0288,1.128,0.425,0.3959,0.0291,L2
震荡-3买,MACD零轴上金叉 + RSI金叉,79,0.0315,0.0288,1.095,0.4177,0.3959,0.0218,L2
震荡-3买,MACD零轴上金叉 + 威科夫得分大于4,70,0.0258,0.0269,0.958,0.3857,0.3959,-0.0102,L2
震荡-3买,MACD零轴上金叉 + 威科夫得分大于7,51,0.0182,0.0201,0.906,0.3725,0.3959,-0.0234,L2
震荡-3买,MACD零轴上金叉 + 六脉红灯大于5,80,0.0325,0.0288,1.128,0.425,0.3959,0.0291,L2
震荡-3买,MACD零轴上金叉 + 六脉红灯大于6,77,0.0315,0.0276,1.144,0.4286,0.3959,0.0327,L2
震荡-3买,MACD零轴上金叉 + 六脉6红首发,77,0.0315,0.0276,1.144,0.4286,0.3959,0.0327,L2
震荡-3买,MACD零轴上金叉 + 六脉5红首发,80,0.0325,0.0288,1.128,0.425,0.3959,0.0291,L2
震荡-3买,MACD零轴上金叉 + 中枢上穿中轴,62,0.022,0.0244,0.9,0.371,0.3959,-0.0249,L2
震荡-3买,MACD零轴上金叉 + 大盘安全,63,0.0249,0.0232,1.072,0.4127,0.3959,0.0168,L2
震荡-3买,MACD零轴上金叉 + SID等于2,80,0.0325,0.0288,1.128,0.425,0.3959,0.0291,L2
震荡-3买,MACD零轴上金叉 + SID小于等于2,80,0.0325,0.0288,1.128,0.425,0.3959,0.0291,L2
震荡-3买,MACD零轴上金叉 + 大盘5日上涨,59,0.0229,0.0219,1.046,0.4068,0.3959,0.0109,L2
震荡-3买,MACD零轴上金叉 + 相对强弱大于0,78,0.0315,0.0282,1.119,0.4231,0.3959,0.0272,L2
震荡-3买,MACD零轴上金叉 + 相对强弱大于5,52,0.0182,0.0207,0.878,0.3654,0.3959,-0.0305,L2
震荡-3买,MACD底背离 + BOLL收上中轨,389,0.1281,0.1598,0.802,0.3445,0.3959,-0.0514,L2
震荡-3买,MACD底背离 + BOLL突破上轨,50,0.0191,0.0188,1.017,0.4,0.3959,0.0041,L2
震荡-3买,MACD底背离 + BOLL触下轨反弹,791,0.2533,0.3296,0.769,0.335,0.3959,-0.0609,L2
震荡-3买,MACD底背离 + BOLL开口扩张,1180,0.3728,0.495,0.753,0.3305,0.3959,-0.0654,L2
震荡-3买,MACD底背离 + KDJ金叉态,1130,0.3595,0.4724,0.761,0.3327,0.3959,-0.0632,L2
震荡-3买,MACD底背离 + KDJ_J超卖,1223,0.3719,0.5226,0.712,0.3181,0.3959,-0.0778,L2
震荡-3买,MACD底背离 + KDJ低位金叉,636,0.2094,0.2613,0.801,0.3443,0.3959,-0.0516,L2
震荡-3买,MACD底背离 + KDJ_D小于30,995,0.3145,0.4173,0.754,0.3307,0.3959,-0.0653,L2
震荡-3买,MACD底背离 + RSI6大于50,662,0.2132,0.2751,0.775,0.3369,0.3959,-0.0591,L2
震荡-3买,MACD底背离 + RSI金叉,1004,0.3088,0.4267,0.724,0.3217,0.3959,-0.0742,L2
震荡-3买,MACD底背离 + RSI6超卖,1117,0.348,0.4718,0.738,0.3259,0.3959,-0.07,L2
震荡-3买,MACD底背离 + RSI底背离,874,0.238,0.3916,0.608,0.2849,0.3959,-0.111,L2
震荡-3买,MACD底背离 + 威科夫得分大于4,209,0.0688,0.0858,0.802,0.3445,0.3959,-0.0514,L2
震荡-3买,MACD底背离 + 威科夫得分大于7,70,0.0258,0.0269,0.958,0.3857,0.3959,-0.0102,L2
震荡-3买,MACD底背离 + 积累阶段,734,0.2122,0.3208,0.662,0.3025,0.3959,-0.0935,L2
震荡-3买,MACD底背离 + 黄金柱,70,0.0163,0.0332,0.489,0.2429,0.3959,-0.1531,L2
震荡-3买,MACD底背离 + 量能金叉,166,0.0621,0.0633,0.982,0.3916,0.3959,-0.0043,L2
震荡-3买,MACD底背离 + 六脉红灯大于5,902,0.2897,0.3753,0.772,0.3359,0.3959,-0.06,L2
震荡-3买,MACD底背离 + 六脉红灯大于6,605,0.1941,0.2519,0.77,0.3355,0.3959,-0.0604,L2
震荡-3买,MACD底背离 + 六脉6红首发,605,0.1941,0.2519,0.77,0.3355,0.3959,-0.0604,L2
震荡-3买,MACD底背离 + 六脉5红首发,902,0.2897,0.3753,0.772,0.3359,0.3959,-0.06,L2
震荡-3买,MACD底背离 + 偏多共振,94,0.0411,0.032,1.286,0.4574,0.3959,0.0615,L2
震荡-3买,MACD底背离 + 多头共振,93,0.0411,0.0313,1.312,0.4624,0.3959,0.0665,L2
震荡-3买,MACD底背离 + 火箭信号,98,0.0402,0.0351,1.144,0.4286,0.3959,0.0327,L2
震荡-3买,MACD底背离 + 极限抄底,66,0.0258,0.0244,1.056,0.4091,0.3959,0.0132,L2
震荡-3买,MACD底背离 + 中枢进机会区,572,0.1759,0.2431,0.724,0.3217,0.3959,-0.0742,L2
震荡-3买,MACD底背离 + 中枢极限底,740,0.2266,0.3152,0.719,0.3203,0.3959,-0.0756,L2
震荡-3买,MACD底背离 + 中枢上穿中轴,151,0.0631,0.0533,1.185,0.4371,0.3959,0.0412,L2
震荡-3买,MACD底背离 + 中枢底部蓄力,1086,0.3174,0.4724,0.672,0.3057,0.3959,-0.0902,L2
震荡-3买,MACD底背离 + 中枢底部回升,1193,0.3671,0.5069,0.724,0.3219,0.3959,-0.074,L2
震荡-3买,MACD底背离 + 大盘多头,518,0.1453,0.2293,0.634,0.2934,0.3959,-0.1025,L2
震荡-3买,MACD底背离 + 大盘空头,375,0.0899,0.1761,0.51,0.2507,0.3959,-0.1452,L2
震荡-3买,MACD底背离 + 大盘安全,879,0.2371,0.3954,0.6,0.2821,0.3959,-0.1138,L2
震荡-3买,MACD底背离 + SID等于1,518,0.1453,0.2293,0.634,0.2934,0.3959,-0.1025,L2
震荡-3买,MACD底背离 + SID等于2,1314,0.4034,0.5589,0.722,0.3212,0.3959,-0.0748,L2
震荡-3买,MACD底背离 + SID小于等于2,1314,0.4034,0.5589,0.722,0.3212,0.3959,-0.0748,L2
震荡-3买,MACD底背离 + 大盘5日上涨,905,0.239,0.4104,0.582,0.2762,0.3959,-0.1197,L2
震荡-3买,MACD底背离 + 相对强弱大于0,483,0.1644,0.1949,0.844,0.3561,0.3959,-0.0398,L2
震荡-3买,MACD底背离 + 相对强弱大于5,129,0.0497,0.0482,1.03,0.4031,0.3959,0.0072,L2
震荡-3买,MACD底背离 + 量比>=1.3,229,0.088,0.0858,1.025,0.4017,0.3959,0.0058,L2
震荡-3买,MACD底背离 + 量比>=2,54,0.0268,0.0163,1.643,0.5185,0.3959,0.1226,L2
震荡-3买,MACD底背离 + 距前高<=10%,55,0.0191,0.0219,0.872,0.3636,0.3959,-0.0323,L2
震荡-3买,MACD底背离 + 深跌(距前高>40%),84,0.0239,0.037,0.647,0.2976,0.3959,-0.0983,L2
震荡-3买,MACD底背离 + 距前低<=10%,860,0.2285,0.3891,0.587,0.2779,0.3959,-0.118,L2
震荡-3买,MACD底背离 + 相对强弱>=0,93,0.0287,0.0395,0.727,0.3226,0.3959,-0.0733,L2
震荡-3买,BOLL收上中轨 + BOLL突破上轨,117,0.0478,0.042,1.139,0.4274,0.3959,0.0314,L2
震荡-3买,BOLL收上中轨 + BOLL触下轨反弹,506,0.1931,0.1905,1.014,0.3992,0.3959,0.0033,L2
震荡-3买,BOLL收上中轨 + BOLL开口扩张,715,0.2715,0.2701,1.005,0.3972,0.3959,0.0013,L2
震荡-3买,BOLL收上中轨 + KDJ金叉态,755,0.2792,0.2901,0.962,0.3868,0.3959,-0.0092,L2
震荡-3买,BOLL收上中轨 + KDJ_J超卖,694,0.2591,0.265,0.978,0.3905,0.3959,-0.0054,L2
震荡-3买,BOLL收上中轨 + KDJ低位金叉,144,0.0612,0.0501,1.221,0.4444,0.3959,0.0485,L2
震荡-3买,BOLL收上中轨 + KDJ_D小于30,393,0.152,0.1466,1.037,0.4046,0.3959,0.0087,L2
震荡-3买,BOLL收上中轨 + RSI6大于50,799,0.2906,0.3102,0.937,0.3805,0.3959,-0.0154,L2
震荡-3买,BOLL收上中轨 + RSI金叉,766,0.2763,0.2989,0.924,0.3773,0.3959,-0.0186,L2
震荡-3买,BOLL收上中轨 + RSI6超卖,494,0.1855,0.188,0.987,0.3927,0.3959,-0.0032,L2
震荡-3买,BOLL收上中轨 + RSI底背离,320,0.1004,0.1347,0.745,0.3281,0.3959,-0.0678,L2
震荡-3买,BOLL收上中轨 + 威科夫得分大于4,351,0.131,0.1341,0.977,0.3903,0.3959,-0.0056,L2
震荡-3买,BOLL收上中轨 + 威科夫得分大于7,163,0.0574,0.0645,0.889,0.3681,0.3959,-0.0278,L2
震荡-3买,BOLL收上中轨 + 积累阶段,402,0.1377,0.1617,0.852,0.3582,0.3959,-0.0377,L2
震荡-3买,BOLL收上中轨 + 黄金柱,101,0.0287,0.0445,0.645,0.297,0.3959,-0.0989,L2
震荡-3买,BOLL收上中轨 + 量能金叉,230,0.0899,0.0852,1.055,0.4087,0.3959,0.0128,L2
震荡-3买,BOLL收上中轨 + 六脉红灯大于5,727,0.2648,0.282,0.939,0.381,0.3959,-0.0149,L2
震荡-3买,BOLL收上中轨 + 六脉红灯大于6,686,0.2467,0.2682,0.92,0.3761,0.3959,-0.0198,L2
震荡-3买,BOLL收上中轨 + 六脉6红首发,686,0.2467,0.2682,0.92,0.3761,0.3959,-0.0198,L2
震荡-3买,BOLL收上中轨 + 六脉5红首发,727,0.2648,0.282,0.939,0.381,0.3959,-0.0149,L2
震荡-3买,BOLL收上中轨 + 偏多共振,223,0.088,0.0821,1.072,0.4126,0.3959,0.0166,L2
震荡-3买,BOLL收上中轨 + 多头共振,223,0.088,0.0821,1.072,0.4126,0.3959,0.0166,L2
震荡-3买,BOLL收上中轨 + 火箭信号,146,0.0717,0.0445,1.612,0.5137,0.3959,0.1178,L2
震荡-3买,BOLL收上中轨 + 中枢进机会区,322,0.1147,0.1266,0.906,0.3727,0.3959,-0.0232,L2
震荡-3买,BOLL收上中轨 + 中枢极限底,296,0.0985,0.1209,0.814,0.348,0.3959,-0.0479,L2
震荡-3买,BOLL收上中轨 + 中枢上穿中轴,401,0.1683,0.141,1.194,0.4389,0.3959,0.043,L2
震荡-3买,BOLL收上中轨 + 中枢底部蓄力,404,0.1214,0.1736,0.7,0.3144,0.3959,-0.0816,L2
震荡-3买,BOLL收上中轨 + 中枢底部回升,552,0.1931,0.2193,0.881,0.3659,0.3959,-0.03,L2
震荡-3买,BOLL收上中轨 + 大盘多头,395,0.1358,0.1585,0.856,0.3595,0.3959,-0.0364,L2
震荡-3买,BOLL收上中轨 + 大盘空头,206,0.066,0.0858,0.768,0.335,0.3959,-0.061,L2
震荡-3买,BOLL收上中轨 + 大盘安全,633,0.2141,0.2563,0.836,0.3539,0.3959,-0.042,L2
震荡-3买,BOLL收上中轨 + SID等于1,395,0.1358,0.1585,0.856,0.3595,0.3959,-0.0364,L2
震荡-3买,BOLL收上中轨 + SID等于2,815,0.3021,0.3127,0.966,0.3877,0.3959,-0.0082,L2
震荡-3买,BOLL收上中轨 + SID小于等于2,815,0.3021,0.3127,0.966,0.3877,0.3959,-0.0082,L2
震荡-3买,BOLL收上中轨 + 大盘5日上涨,611,0.2036,0.2494,0.817,0.3486,0.3959,-0.0473,L2
震荡-3买,BOLL收上中轨 + 相对强弱大于0,623,0.2304,0.2393,0.963,0.3868,0.3959,-0.0091,L2
震荡-3买,BOLL收上中轨 + 相对强弱大于5,231,0.1023,0.0777,1.317,0.4632,0.3959,0.0673,L2
震荡-3买,BOLL收上中轨 + 量比>=1.3,161,0.0621,0.0602,1.033,0.4037,0.3959,0.0078,L2
震荡-3买,BOLL收上中轨 + 量比>=2,51,0.0249,0.0157,1.587,0.5098,0.3959,0.1139,L2
震荡-3买,BOLL收上中轨 + 距前高<=10%,122,0.0402,0.0501,0.801,0.3443,0.3959,-0.0516,L2
震荡-3买,BOLL收上中轨 + 距前低<=10%,391,0.1291,0.1604,0.805,0.3453,0.3959,-0.0506,L2
震荡-3买,BOLL收上中轨 + 相对强弱>=0,131,0.0507,0.0489,1.037,0.4046,0.3959,0.0087,L2
震荡-3买,BOLL突破上轨 + BOLL触下轨反弹,71,0.0335,0.0226,1.483,0.493,0.3959,0.097,L2
震荡-3买,BOLL突破上轨 + BOLL开口扩张,117,0.0478,0.042,1.139,0.4274,0.3959,0.0314,L2
震荡-3买,BOLL突破上轨 + KDJ金叉态,116,0.0478,0.0414,1.156,0.431,0.3959,0.0351,L2
震荡-3买,BOLL突破上轨 + KDJ_J超卖,95,0.0354,0.0363,0.973,0.3895,0.3959,-0.0064,L2
震荡-3买,BOLL突破上轨 + RSI6大于50,117,0.0478,0.042,1.139,0.4274,0.3959,0.0314,L2
震荡-3买,BOLL突破上轨 + RSI金叉,117,0.0478,0.042,1.139,0.4274,0.3959,0.0314,L2
震荡-3买,BOLL突破上轨 + RSI6超卖,53,0.0229,0.0182,1.263,0.4528,0.3959,0.0569,L2
震荡-3买,BOLL突破上轨 + 威科夫得分大于4,82,0.0325,0.0301,1.081,0.4146,0.3959,0.0187,L2
震荡-3买,BOLL突破上轨 + 威科夫得分大于7,58,0.022,0.0219,1.003,0.3966,0.3959,0.0006,L2
震荡-3买,BOLL突破上轨 + 积累阶段,52,0.0191,0.0201,0.954,0.3846,0.3959,-0.0113,L2
震荡-3买,BOLL突破上轨 + 量能金叉,65,0.0249,0.0244,1.017,0.4,0.3959,0.0041,L2
震荡-3买,BOLL突破上轨 + 六脉红灯大于5,117,0.0478,0.042,1.139,0.4274,0.3959,0.0314,L2
震荡-3买,BOLL突破上轨 + 六脉红灯大于6,116,0.0478,0.0414,1.156,0.431,0.3959,0.0351,L2
震荡-3买,BOLL突破上轨 + 六脉6红首发,116,0.0478,0.0414,1.156,0.431,0.3959,0.0351,L2
震荡-3买,BOLL突破上轨 + 六脉5红首发,117,0.0478,0.042,1.139,0.4274,0.3959,0.0314,L2
震荡-3买,BOLL突破上轨 + 中枢上穿中轴,93,0.0402,0.032,1.257,0.4516,0.3959,0.0557,L2
震荡-3买,BOLL突破上轨 + 中枢底部蓄力,52,0.0163,0.0219,0.741,0.3269,0.3959,-0.069,L2
震荡-3买,BOLL突破上轨 + 中枢底部回升,73,0.0249,0.0294,0.844,0.3562,0.3959,-0.0397,L2
震荡-3买,BOLL突破上轨 + 大盘多头,55,0.021,0.0207,1.017,0.4,0.3959,0.0041,L2
震荡-3买,BOLL突破上轨 + 大盘安全,91,0.0354,0.0338,1.045,0.4066,0.3959,0.0107,L2
震荡-3买,BOLL突破上轨 + SID等于1,55,0.021,0.0207,1.017,0.4,0.3959,0.0041,L2
震荡-3买,BOLL突破上轨 + SID等于2,117,0.0478,0.042,1.139,0.4274,0.3959,0.0314,L2
震荡-3买,BOLL突破上轨 + SID小于等于2,117,0.0478,0.042,1.139,0.4274,0.3959,0.0314,L2
震荡-3买,BOLL突破上轨 + 大盘5日上涨,84,0.0315,0.032,0.987,0.3929,0.3959,-0.0031,L2
震荡-3买,BOLL突破上轨 + 相对强弱大于0,113,0.0459,0.0407,1.127,0.4248,0.3959,0.0289,L2
震荡-3买,BOLL突破上轨 + 相对强弱大于5,83,0.0344,0.0294,1.169,0.4337,0.3959,0.0378,L2
震荡-3买,BOLL突破上轨 + 距前低<=10%,62,0.0258,0.0219,1.177,0.4355,0.3959,0.0396,L2
震荡-3买,BOLL触下轨反弹 + BOLL开口扩张,1625,0.6463,0.5946,1.087,0.416,0.3959,0.0201,L2
震荡-3买,BOLL触下轨反弹 + KDJ金叉态,1411,0.5822,0.5025,1.159,0.4316,0.3959,0.0357,L2
震荡-3买,BOLL触下轨反弹 + KDJ_J超卖,1588,0.6224,0.5871,1.06,0.4099,0.3959,0.014,L2
震荡-3买,BOLL触下轨反弹 + KDJ低位金叉,772,0.3317,0.2663,1.246,0.4495,0.3959,0.0536,L2
震荡-3买,BOLL触下轨反弹 + KDJ_D小于30,1223,0.5,0.4386,1.14,0.4276,0.3959,0.0317,L2
震荡-3买,BOLL触下轨反弹 + RSI6大于50,799,0.3059,0.3001,1.019,0.4005,0.3959,0.0046,L2
震荡-3买,BOLL触下轨反弹 + RSI金叉,1184,0.4732,0.4317,1.096,0.4181,0.3959,0.0222,L2
震荡-3买,BOLL触下轨反弹 + RSI6超卖,1459,0.5832,0.532,1.096,0.4181,0.3959,0.0222,L2
震荡-3买,BOLL触下轨反弹 + RSI底背离,606,0.1893,0.2556,0.74,0.3267,0.3959,-0.0692,L2
震荡-3买,BOLL触下轨反弹 + 威科夫得分大于4,360,0.13,0.1404,0.926,0.3778,0.3959,-0.0181,L2
震荡-3买,BOLL触下轨反弹 + 威科夫得分大于7,125,0.043,0.0501,0.858,0.36,0.3959,-0.0359,L2
震荡-3买,BOLL触下轨反弹 + 积累阶段,812,0.2763,0.3277,0.843,0.3559,0.3959,-0.04,L2
震荡-3买,BOLL触下轨反弹 + 黄金柱,58,0.0239,0.0207,1.156,0.431,0.3959,0.0351,L2
震荡-3买,BOLL触下轨反弹 + 量能金叉,290,0.1358,0.0927,1.464,0.4897,0.3959,0.0937,L2
震荡-3买,BOLL触下轨反弹 + 六脉红灯大于5,973,0.3891,0.3546,1.097,0.4183,0.3959,0.0224,L2
震荡-3买,BOLL触下轨反弹 + 六脉红灯大于6,676,0.2543,0.2569,0.99,0.3935,0.3959,-0.0024,L2
震荡-3买,BOLL触下轨反弹 + 六脉6红首发,676,0.2543,0.2569,0.99,0.3935,0.3959,-0.0024,L2
震荡-3买,BOLL触下轨反弹 + 六脉5红首发,973,0.3891,0.3546,1.097,0.4183,0.3959,0.0224,L2
震荡-3买,BOLL触下轨反弹 + 偏多共振,314,0.1214,0.1172,1.036,0.4045,0.3959,0.0085,L2
震荡-3买,BOLL触下轨反弹 + 多头共振,313,0.1214,0.1165,1.042,0.4058,0.3959,0.0098,L2
震荡-3买,BOLL触下轨反弹 + 火箭信号,118,0.0641,0.032,2.004,0.5678,0.3959,0.1719,L2
震荡-3买,BOLL触下轨反弹 + 极限抄底,92,0.0497,0.0251,1.984,0.5652,0.3959,0.1693,L2
震荡-3买,BOLL触下轨反弹 + 中枢进机会区,775,0.305,0.2857,1.067,0.4116,0.3959,0.0157,L2
震荡-3买,BOLL触下轨反弹 + 中枢极限底,761,0.3308,0.26,1.272,0.4547,0.3959,0.0588,L2
震荡-3买,BOLL触下轨反弹 + 中枢上穿中轴,349,0.1597,0.114,1.4,0.4785,0.3959,0.0826,L2
震荡-3买,BOLL触下轨反弹 + 中枢底部蓄力,1088,0.4054,0.416,0.974,0.3897,0.3959,-0.0062,L2
震荡-3买,BOLL触下轨反弹 + 中枢底部回升,1367,0.5488,0.4969,1.104,0.4199,0.3959,0.024,L2
震荡-3买,BOLL触下轨反弹 + 大盘多头,660,0.2132,0.2738,0.779,0.3379,0.3959,-0.058,L2
震荡-3买,BOLL触下轨反弹 + 大盘空头,434,0.1185,0.1942,0.61,0.2857,0.3959,-0.1102,L2
震荡-3买,BOLL触下轨反弹 + 大盘安全,1030,0.3193,0.4361,0.732,0.3243,0.3959,-0.0716,L2
震荡-3买,BOLL触下轨反弹 + SID等于1,660,0.2132,0.2738,0.779,0.3379,0.3959,-0.058,L2
震荡-3买,BOLL触下轨反弹 + SID等于2,1693,0.6625,0.6266,1.057,0.4093,0.3959,0.0134,L2
震荡-3买,BOLL触下轨反弹 + SID小于等于2,1693,0.6625,0.6266,1.057,0.4093,0.3959,0.0134,L2
震荡-3买,BOLL触下轨反弹 + 大盘5日上涨,1037,0.3155,0.443,0.712,0.3182,0.3959,-0.0777,L2
震荡-3买,BOLL触下轨反弹 + 相对强弱大于0,599,0.2275,0.2262,1.006,0.3973,0.3959,0.0014,L2
震荡-3买,BOLL触下轨反弹 + 相对强弱大于5,148,0.066,0.0495,1.333,0.4662,0.3959,0.0703,L2
震荡-3买,BOLL触下轨反弹 + 量比>=1.3,389,0.2065,0.1084,1.905,0.5553,0.3959,0.1594,L2
震荡-3买,BOLL触下轨反弹 + 量比>=2,88,0.0516,0.0213,2.423,0.6136,0.3959,0.2177,L2
震荡-3买,BOLL触下轨反弹 + 距前高<=10%,149,0.0526,0.0589,0.893,0.3691,0.3959,-0.0268,L2
震荡-3买,BOLL触下轨反弹 + 深跌(距前高>40%),71,0.0268,0.0269,0.994,0.3944,0.3959,-0.0015,L2
震荡-3买,BOLL触下轨反弹 + 距前低<=10%,938,0.3241,0.3753,0.864,0.3614,0.3959,-0.0345,L2
震荡-3买,BOLL触下轨反弹 + 相对强弱>=0,128,0.0449,0.0508,0.885,0.3672,0.3959,-0.0287,L2
震荡-3买,BOLL开口扩张 + KDJ金叉态,2007,0.7992,0.7337,1.089,0.4165,0.3959,0.0206,L2
震荡-3买,BOLL开口扩张 + KDJ_J超卖,2274,0.8891,0.8421,1.056,0.409,0.3959,0.0131,L2
震荡-3买,BOLL开口扩张 + KDJ低位金叉,1147,0.4713,0.4098,1.15,0.4298,0.3959,0.0339,L2
震荡-3买,BOLL开口扩张 + KDJ_D小于30,1815,0.7161,0.6679,1.072,0.4127,0.3959,0.0168,L2
震荡-3买,BOLL开口扩张 + RSI6大于50,1147,0.435,0.4336,1.003,0.3967,0.3959,0.0008,L2
震荡-3买,BOLL开口扩张 + RSI金叉,1677,0.652,0.6234,1.046,0.4067,0.3959,0.0108,L2
震荡-3买,BOLL开口扩张 + RSI6超卖,2000,0.7964,0.7312,1.089,0.4165,0.3959,0.0206,L2
震荡-3买,BOLL开口扩张 + RSI底背离,893,0.2734,0.3803,0.719,0.3203,0.3959,-0.0756,L2
震荡-3买,BOLL开口扩张 + 威科夫得分大于4,502,0.1912,0.1892,1.01,0.3984,0.3959,0.0025,L2
震荡-3买,BOLL开口扩张 + 威科夫得分大于7,180,0.0602,0.0733,0.822,0.35,0.3959,-0.0459,L2
震荡-3买,BOLL开口扩张 + 积累阶段,1095,0.3719,0.4424,0.841,0.3553,0.3959,-0.0407,L2
震荡-3买,BOLL开口扩张 + 黄金柱,103,0.0344,0.042,0.82,0.3495,0.3959,-0.0464,L2
震荡-3买,BOLL开口扩张 + 量能金叉,404,0.1807,0.1347,1.341,0.4678,0.3959,0.0719,L2
震荡-3买,BOLL开口扩张 + 六脉红灯大于5,1420,0.5421,0.5345,1.014,0.3993,0.3959,0.0034,L2
震荡-3买,BOLL开口扩张 + 六脉红灯大于6,953,0.3585,0.3622,0.99,0.3935,0.3959,-0.0024,L2
震荡-3买,BOLL开口扩张 + 六脉6红首发,953,0.3585,0.3622,0.99,0.3935,0.3959,-0.0024,L2
震荡-3买,BOLL开口扩张 + 六脉5红首发,1420,0.5421,0.5345,1.014,0.3993,0.3959,0.0034,L2
震荡-3买,BOLL开口扩张 + 偏多共振,475,0.1912,0.1723,1.11,0.4211,0.3959,0.0251,L2
震荡-3买,BOLL开口扩张 + 多头共振,473,0.1912,0.1711,1.118,0.4228,0.3959,0.0269,L2
震荡-3买,BOLL开口扩张 + 火箭信号,191,0.0975,0.0558,1.749,0.534,0.3959,0.1381,L2
震荡-3买,BOLL开口扩张 + 极限抄底,142,0.0813,0.0357,2.275,0.5986,0.3959,0.2027,L2
震荡-3买,BOLL开口扩张 + 中枢进机会区,1058,0.4293,0.3816,1.125,0.4244,0.3959,0.0285,L2
震荡-3买,BOLL开口扩张 + 中枢极限底,1087,0.4503,0.386,1.167,0.4333,0.3959,0.0374,L2
震荡-3买,BOLL开口扩张 + 中枢上穿中轴,477,0.2103,0.161,1.306,0.4612,0.3959,0.0653,L2
震荡-3买,BOLL开口扩张 + 中枢底部蓄力,1561,0.5707,0.604,0.945,0.3824,0.3959,-0.0135,L2
震荡-3买,BOLL开口扩张 + 中枢底部回升,1919,0.76,0.7043,1.079,0.4143,0.3959,0.0184,L2
震荡-3买,BOLL开口扩张 + 大盘多头,961,0.3107,0.3985,0.78,0.3382,0.3959,-0.0577,L2
震荡-3买,BOLL开口扩张 + 大盘空头,575,0.1635,0.2531,0.646,0.2974,0.3959,-0.0985,L2
震荡-3买,BOLL开口扩张 + 大盘安全,1481,0.4656,0.6228,0.748,0.3288,0.3959,-0.0671,L2
震荡-3买,BOLL开口扩张 + SID等于1,961,0.3107,0.3985,0.78,0.3382,0.3959,-0.0577,L2
震荡-3买,BOLL开口扩张 + SID等于2,2428,0.9417,0.9041,1.042,0.4057,0.3959,0.0098,L2
震荡-3买,BOLL开口扩张 + SID小于等于2,2428,0.9417,0.9041,1.042,0.4057,0.3959,0.0098,L2
震荡-3买,BOLL开口扩张 + 大盘5日上涨,1494,0.4618,0.6335,0.729,0.3233,0.3959,-0.0726,L2
震荡-3买,BOLL开口扩张 + 相对强弱大于0,870,0.3356,0.3252,1.032,0.4034,0.3959,0.0075,L2
震荡-3买,BOLL开口扩张 + 相对强弱大于5,236,0.1052,0.0789,1.332,0.4661,0.3959,0.0702,L2
震荡-3买,BOLL开口扩张 + 量比>=1.3,489,0.261,0.1353,1.928,0.5583,0.3959,0.1624,L2
震荡-3买,BOLL开口扩张 + 量比>=2,114,0.066,0.0282,2.34,0.6053,0.3959,0.2094,L2
震荡-3买,BOLL开口扩张 + 距前高<=10%,188,0.0669,0.0739,0.905,0.3723,0.3959,-0.0236,L2
震荡-3买,BOLL开口扩张 + 深跌(距前高>40%),121,0.0459,0.0457,1.003,0.3967,0.3959,0.0008,L2
震荡-3买,BOLL开口扩张 + 距前低<=10%,1326,0.4627,0.5276,0.877,0.365,0.3959,-0.0309,L2
震荡-3买,BOLL开口扩张 + 相对强弱>=0,176,0.066,0.067,0.984,0.392,0.3959,-0.0039,L2
震荡-3买,KDJ金叉态 + KDJ_J超卖,2001,0.7859,0.7387,1.064,0.4108,0.3959,0.0149,L2
震荡-3买,KDJ金叉态 + KDJ低位金叉,1215,0.4876,0.4417,1.104,0.4198,0.3959,0.0238,L2
震荡-3买,KDJ金叉态 + KDJ_D小于30,1671,0.6568,0.6165,1.065,0.4111,0.3959,0.0152,L2
震荡-3买,KDJ金叉态 + RSI6大于50,1242,0.4618,0.4756,0.971,0.3889,0.3959,-0.007,L2
震荡-3买,KDJ金叉态 + RSI金叉,1744,0.6711,0.6529,1.028,0.4025,0.3959,0.0066,L2
震荡-3买,KDJ金叉态 + RSI6超卖,1750,0.6998,0.6378,1.097,0.4183,0.3959,0.0224,L2
震荡-3买,KDJ金叉态 + RSI底背离,870,0.2667,0.3703,0.72,0.3207,0.3959,-0.0752,L2
震荡-3买,KDJ金叉态 + 威科夫得分大于4,399,0.1549,0.1485,1.043,0.406,0.3959,0.0101,L2
震荡-3买,KDJ金叉态 + 威科夫得分大于7,151,0.0535,0.0595,0.899,0.3709,0.3959,-0.0251,L2
震荡-3买,KDJ金叉态 + 积累阶段,1015,0.3375,0.4148,0.814,0.3478,0.3959,-0.0481,L2
震荡-3买,KDJ金叉态 + 黄金柱,116,0.0363,0.0489,0.743,0.3276,0.3959,-0.0683,L2
震荡-3买,KDJ金叉态 + 量能金叉,390,0.1797,0.1266,1.42,0.4821,0.3959,0.0861,L2
震荡-3买,KDJ金叉态 + 六脉红灯大于5,1575,0.5851,0.6034,0.97,0.3886,0.3959,-0.0073,L2
震荡-3买,KDJ金叉态 + 六脉红灯大于6,1064,0.3853,0.4142,0.93,0.3788,0.3959,-0.0172,L2
震荡-3买,KDJ金叉态 + 六脉6红首发,1064,0.3853,0.4142,0.93,0.3788,0.3959,-0.0172,L2
震荡-3买,KDJ金叉态 + 六脉5红首发,1575,0.5851,0.6034,0.97,0.3886,0.3959,-0.0073,L2
震荡-3买,KDJ金叉态 + 偏多共振,337,0.1348,0.1228,1.098,0.4184,0.3959,0.0225,L2
震荡-3买,KDJ金叉态 + 多头共振,336,0.1348,0.1222,1.103,0.4196,0.3959,0.0237,L2
震荡-3买,KDJ金叉态 + 火箭信号,189,0.0966,0.0551,1.751,0.5344,0.3959,0.1385,L2
震荡-3买,KDJ金叉态 + 极限抄底,133,0.0774,0.0326,2.377,0.609,0.3959,0.2131,L2
震荡-3买,KDJ金叉态 + 中枢进机会区,878,0.3537,0.3183,1.111,0.4214,0.3959,0.0255,L2
震荡-3买,KDJ金叉态 + 中枢极限底,998,0.413,0.3546,1.165,0.4329,0.3959,0.037,L2
震荡-3买,KDJ金叉态 + 中枢上穿中轴,454,0.2027,0.1516,1.337,0.467,0.3959,0.071,L2
震荡-3买,KDJ金叉态 + 中枢底部蓄力,1461,0.5268,0.5702,0.924,0.3771,0.3959,-0.0188,L2
震荡-3买,KDJ金叉态 + 中枢底部回升,1766,0.6912,0.6535,1.058,0.4094,0.3959,0.0135,L2
震荡-3买,KDJ金叉态 + 大盘多头,875,0.2878,0.3596,0.8,0.344,0.3959,-0.0519,L2
震荡-3买,KDJ金叉态 + 大盘空头,535,0.1558,0.2331,0.669,0.3047,0.3959,-0.0912,L2
震荡-3买,KDJ金叉态 + 大盘安全,1374,0.4407,0.5721,0.77,0.3355,0.3959,-0.0604,L2
震荡-3买,KDJ金叉态 + SID等于1,875,0.2878,0.3596,0.8,0.344,0.3959,-0.0519,L2
震荡-3买,KDJ金叉态 + SID等于2,2196,0.8499,0.8189,1.038,0.4048,0.3959,0.0089,L2
震荡-3买,KDJ金叉态 + SID小于等于2,2196,0.8499,0.8189,1.038,0.4048,0.3959,0.0089,L2
震荡-3买,KDJ金叉态 + 大盘5日上涨,1402,0.4369,0.5921,0.738,0.326,0.3959,-0.0699,L2
震荡-3买,KDJ金叉态 + 相对强弱大于0,847,0.3155,0.3239,0.974,0.3896,0.3959,-0.0063,L2
震荡-3买,KDJ金叉态 + 相对强弱大于5,238,0.1023,0.0821,1.246,0.4496,0.3959,0.0537,L2
震荡-3买,KDJ金叉态 + 量比>=1.3,476,0.2505,0.1341,1.868,0.5504,0.3959,0.1545,L2
震荡-3买,KDJ金叉态 + 量比>=2,109,0.0621,0.0276,2.254,0.5963,0.3959,0.2004,L2
震荡-3买,KDJ金叉态 + 距前高<=10%,158,0.0535,0.0639,0.838,0.3544,0.3959,-0.0415,L2
震荡-3买,KDJ金叉态 + 深跌(距前高>40%),120,0.044,0.0464,0.948,0.3833,0.3959,-0.0126,L2
震荡-3买,KDJ金叉态 + 距前低<=10%,1198,0.4025,0.4868,0.827,0.3514,0.3959,-0.0445,L2
震荡-3买,KDJ金叉态 + 相对强弱>=0,172,0.0574,0.0702,0.817,0.3488,0.3959,-0.0471,L2
震荡-3买,KDJ_J超卖 + KDJ低位金叉,1189,0.479,0.4311,1.111,0.4214,0.3959,0.0255,L2
震荡-3买,KDJ_J超卖 + KDJ_D小于30,1866,0.7208,0.6967,1.035,0.4041,0.3959,0.0082,L2
震荡-3买,KDJ_J超卖 + RSI6大于50,1145,0.4264,0.438,0.974,0.3895,0.3959,-0.0064,L2
震荡-3买,KDJ_J超卖 + RSI金叉,1685,0.6463,0.6322,1.022,0.4012,0.3959,0.0053,L2
震荡-3买,KDJ_J超卖 + RSI6超卖,2043,0.7973,0.7575,1.053,0.4082,0.3959,0.0123,L2
震荡-3买,KDJ_J超卖 + RSI底背离,936,0.2734,0.4073,0.671,0.3056,0.3959,-0.0904,L2
震荡-3买,KDJ_J超卖 + 威科夫得分大于4,458,0.1797,0.1692,1.062,0.4105,0.3959,0.0146,L2
震荡-3买,KDJ_J超卖 + 威科夫得分大于7,163,0.0545,0.0664,0.82,0.3497,0.3959,-0.0462,L2
震荡-3买,KDJ_J超卖 + 积累阶段,1131,0.3824,0.458,0.835,0.3537,0.3959,-0.0422,L2
震荡-3买,KDJ_J超卖 + 黄金柱,98,0.0296,0.042,0.706,0.3163,0.3959,-0.0796,L2
震荡-3买,KDJ_J超卖 + 量能金叉,380,0.1673,0.1284,1.303,0.4605,0.3959,0.0646,L2
震荡-3买,KDJ_J超卖 + 六脉红灯大于5,1411,0.5306,0.5363,0.989,0.3933,0.3959,-0.0026,L2
震荡-3买,KDJ_J超卖 + 六脉红灯大于6,930,0.3423,0.3584,0.955,0.3849,0.3959,-0.011,L2
震荡-3买,KDJ_J超卖 + 六脉6红首发,930,0.3423,0.3584,0.955,0.3849,0.3959,-0.011,L2
震荡-3买,KDJ_J超卖 + 六脉5红首发,1411,0.5306,0.5363,0.989,0.3933,0.3959,-0.0026,L2
震荡-3买,KDJ_J超卖 + 偏多共振,465,0.1883,0.1679,1.122,0.4237,0.3959,0.0277,L2
震荡-3买,KDJ_J超卖 + 多头共振,463,0.1883,0.1667,1.13,0.4255,0.3959,0.0296,L2
震荡-3买,KDJ_J超卖 + 火箭信号,180,0.0889,0.0545,1.631,0.5167,0.3959,0.1208,L2
震荡-3买,KDJ_J超卖 + 极限抄底,143,0.0803,0.037,2.172,0.5874,0.3959,0.1915,L2
震荡-3买,KDJ_J超卖 + 中枢进机会区,1034,0.414,0.3766,1.099,0.4188,0.3959,0.0228,L2
震荡-3买,KDJ_J超卖 + 中枢极限底,1129,0.456,0.4085,1.116,0.4225,0.3959,0.0266,L2
震荡-3买,KDJ_J超卖 + 中枢上穿中轴,436,0.1855,0.1516,1.223,0.445,0.3959,0.049,L2
震荡-3买,KDJ_J超卖 + 中枢底部蓄力,1610,0.5755,0.6316,0.911,0.3739,0.3959,-0.022,L2
震荡-3买,KDJ_J超卖 + 中枢底部回升,1939,0.7514,0.7224,1.04,0.4054,0.3959,0.0095,L2
震荡-3买,KDJ_J超卖 + 大盘多头,988,0.3212,0.4085,0.786,0.3401,0.3959,-0.0558,L2
震荡-3买,KDJ_J超卖 + 大盘空头,582,0.1606,0.2594,0.619,0.2887,0.3959,-0.1073,L2
震荡-3买,KDJ_J超卖 + 大盘安全,1525,0.4761,0.6435,0.74,0.3266,0.3959,-0.0694,L2
震荡-3买,KDJ_J超卖 + SID等于1,988,0.3212,0.4085,0.786,0.3401,0.3959,-0.0558,L2
震荡-3买,KDJ_J超卖 + SID等于2,2442,0.9331,0.9185,1.016,0.3997,0.3959,0.0038,L2
震荡-3买,KDJ_J超卖 + SID小于等于2,2442,0.9331,0.9185,1.016,0.3997,0.3959,0.0038,L2
震荡-3买,KDJ_J超卖 + 大盘5日上涨,1532,0.4685,0.6529,0.718,0.3198,0.3959,-0.0761,L2
震荡-3买,KDJ_J超卖 + 相对强弱大于0,831,0.3174,0.3127,1.015,0.3995,0.3959,0.0036,L2
震荡-3买,KDJ_J超卖 + 相对强弱大于5,202,0.087,0.0695,1.251,0.4505,0.3959,0.0546,L2
震荡-3买,KDJ_J超卖 + 量比>=1.3,467,0.2438,0.1328,1.835,0.546,0.3959,0.1501,L2
震荡-3买,KDJ_J超卖 + 量比>=2,104,0.0574,0.0276,2.081,0.5769,0.3959,0.181,L2
震荡-3买,KDJ_J超卖 + 距前高<=10%,175,0.0583,0.0714,0.816,0.3486,0.3959,-0.0473,L2
震荡-3买,KDJ_J超卖 + 深跌(距前高>40%),127,0.0459,0.0495,0.927,0.378,0.3959,-0.018,L2
震荡-3买,KDJ_J超卖 + 距前低<=10%,1352,0.4579,0.547,0.837,0.3543,0.3959,-0.0416,L2
震荡-3买,KDJ_J超卖 + 相对强弱>=0,148,0.0516,0.0589,0.877,0.3649,0.3959,-0.031,L2
震荡-3买,KDJ低位金叉 + KDJ_D小于30,1215,0.4876,0.4417,1.104,0.4198,0.3959,0.0238,L2
震荡-3买,KDJ低位金叉 + RSI6大于50,432,0.1769,0.1548,1.143,0.4282,0.3959,0.0323,L2
震荡-3买,KDJ低位金叉 + RSI金叉,863,0.3576,0.3064,1.167,0.4334,0.3959,0.0375,L2
震荡-3买,KDJ低位金叉 + RSI6超卖,1120,0.4598,0.4004,1.149,0.4295,0.3959,0.0336,L2
震荡-3买,KDJ低位金叉 + RSI底背离,462,0.1444,0.1949,0.741,0.3268,0.3959,-0.0691,L2
震荡-3买,KDJ低位金叉 + 威科夫得分大于4,58,0.022,0.0219,1.003,0.3966,0.3959,0.0006,L2
震荡-3买,KDJ低位金叉 + 积累阶段,551,0.1893,0.2212,0.856,0.3593,0.3959,-0.0366,L2
震荡-3买,KDJ低位金叉 + 量能金叉,147,0.0755,0.0426,1.773,0.5374,0.3959,0.1415,L2
震荡-3买,KDJ低位金叉 + 六脉红灯大于5,743,0.2925,0.2738,1.068,0.4118,0.3959,0.0159,L2
震荡-3买,KDJ低位金叉 + 六脉红灯大于6,386,0.1577,0.1385,1.139,0.4275,0.3959,0.0315,L2
震荡-3买,KDJ低位金叉 + 六脉6红首发,386,0.1577,0.1385,1.139,0.4275,0.3959,0.0315,L2
震荡-3买,KDJ低位金叉 + 六脉5红首发,743,0.2925,0.2738,1.068,0.4118,0.3959,0.0159,L2
震荡-3买,KDJ低位金叉 + 偏多共振,103,0.044,0.0357,1.231,0.4466,0.3959,0.0507,L2
震荡-3买,KDJ低位金叉 + 多头共振,102,0.044,0.0351,1.253,0.451,0.3959,0.0551,L2
震荡-3买,KDJ低位金叉 + 火箭信号,67,0.0363,0.0182,1.999,0.5672,0.3959,0.1713,L2
震荡-3买,KDJ低位金叉 + 极限抄底,120,0.0669,0.0313,2.136,0.5833,0.3959,0.1874,L2
震荡-3买,KDJ低位金叉 + 中枢进机会区,424,0.1778,0.1491,1.192,0.4387,0.3959,0.0428,L2
震荡-3买,KDJ低位金叉 + 中枢极限底,619,0.2887,0.1986,1.454,0.4879,0.3959,0.092,L2
震荡-3买,KDJ低位金叉 + 中枢上穿中轴,90,0.0459,0.0263,1.744,0.5333,0.3959,0.1374,L2
震荡-3买,KDJ低位金叉 + 中枢底部蓄力,997,0.3948,0.3659,1.079,0.4142,0.3959,0.0183,L2
震荡-3买,KDJ低位金叉 + 中枢底部回升,1092,0.4493,0.3897,1.153,0.4304,0.3959,0.0345,L2
震荡-3买,KDJ低位金叉 + 大盘多头,405,0.1348,0.1654,0.815,0.3481,0.3959,-0.0478,L2
震荡-3买,KDJ低位金叉 + 大盘空头,309,0.088,0.136,0.647,0.2977,0.3959,-0.0982,L2
震荡-3买,KDJ低位金叉 + 大盘安全,657,0.2132,0.2719,0.784,0.3394,0.3959,-0.0565,L2
震荡-3买,KDJ低位金叉 + SID等于1,405,0.1348,0.1654,0.815,0.3481,0.3959,-0.0478,L2
震荡-3买,KDJ低位金叉 + SID等于2,1215,0.4876,0.4417,1.104,0.4198,0.3959,0.0238,L2
震荡-3买,KDJ低位金叉 + SID小于等于2,1215,0.4876,0.4417,1.104,0.4198,0.3959,0.0238,L2
震荡-3买,KDJ低位金叉 + 大盘5日上涨,702,0.2189,0.2964,0.739,0.3262,0.3959,-0.0697,L2
震荡-3买,KDJ低位金叉 + 相对强弱大于0,240,0.0975,0.0865,1.128,0.425,0.3959,0.0291,L2
震荡-3买,KDJ低位金叉 + 量比>=1.3,290,0.174,0.0677,2.571,0.6276,0.3959,0.2317,L2
震荡-3买,KDJ低位金叉 + 量比>=2,55,0.0373,0.01,3.719,0.7091,0.3959,0.3132,L2
震荡-3买,KDJ低位金叉 + 深跌(距前高>40%),107,0.0411,0.0401,1.025,0.4019,0.3959,0.006,L2
震荡-3买,KDJ低位金叉 + 距前低<=10%,706,0.2409,0.2845,0.847,0.3569,0.3959,-0.039,L2
震荡-3买,KDJ_D小于30 + RSI6大于50,805,0.3088,0.302,1.022,0.4012,0.3959,0.0053,L2
震荡-3买,KDJ_D小于30 + RSI金叉,1320,0.522,0.485,1.076,0.4136,0.3959,0.0177,L2
震荡-3买,KDJ_D小于30 + RSI6超卖,1690,0.6673,0.6216,1.074,0.413,0.3959,0.0171,L2
震荡-3买,KDJ_D小于30 + RSI底背离,777,0.2323,0.3346,0.694,0.3127,0.3959,-0.0832,L2
震荡-3买,KDJ_D小于30 + 威科夫得分大于4,181,0.0784,0.062,1.264,0.453,0.3959,0.0571,L2
震荡-3买,KDJ_D小于30 + 积累阶段,907,0.3078,0.3665,0.84,0.355,0.3959,-0.0409,L2
震荡-3买,KDJ_D小于30 + 黄金柱,71,0.0201,0.0313,0.641,0.2958,0.3959,-0.1001,L2
震荡-3买,KDJ_D小于30 + 量能金叉,263,0.1281,0.0808,1.585,0.5095,0.3959,0.1136,L2
震荡-3买,KDJ_D小于30 + 六脉红灯大于5,1145,0.4359,0.4317,1.01,0.3983,0.3959,0.0023,L2
震荡-3买,KDJ_D小于30 + 六脉红灯大于6,711,0.2706,0.2682,1.009,0.398,0.3959,0.0021,L2
震荡-3买,KDJ_D小于30 + 六脉6红首发,711,0.2706,0.2682,1.009,0.398,0.3959,0.0021,L2
震荡-3买,KDJ_D小于30 + 六脉5红首发,1145,0.4359,0.4317,1.01,0.3983,0.3959,0.0023,L2
震荡-3买,KDJ_D小于30 + 偏多共振,262,0.1052,0.0952,1.104,0.4198,0.3959,0.0239,L2
震荡-3买,KDJ_D小于30 + 多头共振,260,0.1052,0.094,1.119,0.4231,0.3959,0.0272,L2
震荡-3买,KDJ_D小于30 + 火箭信号,129,0.0679,0.0363,1.868,0.5504,0.3959,0.1545,L2
震荡-3买,KDJ_D小于30 + 极限抄底,133,0.0746,0.0345,2.164,0.5865,0.3959,0.1906,L2
震荡-3买,KDJ_D小于30 + 中枢进机会区,786,0.3289,0.2769,1.188,0.4377,0.3959,0.0417,L2
震荡-3买,KDJ_D小于30 + 中枢极限底,977,0.4082,0.3446,1.185,0.4371,0.3959,0.0411,L2
震荡-3买,KDJ_D小于30 + 中枢上穿中轴,235,0.1071,0.0771,1.389,0.4766,0.3959,0.0807,L2
震荡-3买,KDJ_D小于30 + 中枢底部蓄力,1468,0.5516,0.5583,0.988,0.3931,0.3959,-0.0029,L2
震荡-3买,KDJ_D小于30 + 中枢底部回升,1642,0.6501,0.6028,1.079,0.4141,0.3959,0.0182,L2
震荡-3买,KDJ_D小于30 + 大盘多头,726,0.2409,0.297,0.811,0.3471,0.3959,-0.0488,L2
震荡-3买,KDJ_D小于30 + 大盘空头,482,0.1329,0.2149,0.618,0.2884,0.3959,-0.1075,L2
震荡-3买,KDJ_D小于30 + 大盘安全,1147,0.3595,0.4831,0.744,0.3278,0.3959,-0.0681,L2
震荡-3买,KDJ_D小于30 + SID等于1,726,0.2409,0.297,0.811,0.3471,0.3959,-0.0488,L2
震荡-3买,KDJ_D小于30 + SID等于2,1931,0.7428,0.7231,1.027,0.4024,0.3959,0.0065,L2
震荡-3买,KDJ_D小于30 + SID小于等于2,1931,0.7428,0.7231,1.027,0.4024,0.3959,0.0065,L2
震荡-3买,KDJ_D小于30 + 大盘5日上涨,1185,0.3604,0.5063,0.712,0.3181,0.3959,-0.0778,L2
震荡-3买,KDJ_D小于30 + 相对强弱大于0,504,0.2027,0.183,1.108,0.4206,0.3959,0.0247,L2
震荡-3买,KDJ_D小于30 + 相对强弱大于5,118,0.0554,0.0376,1.475,0.4915,0.3959,0.0956,L2
震荡-3买,KDJ_D小于30 + 量比>=1.3,394,0.2161,0.1053,2.053,0.5736,0.3959,0.1777,L2
震荡-3买,KDJ_D小于30 + 量比>=2,87,0.0535,0.0194,2.756,0.6437,0.3959,0.2478,L2
震荡-3买,KDJ_D小于30 + 距前高<=10%,75,0.0229,0.032,0.718,0.32,0.3959,-0.0759,L2
震荡-3买,KDJ_D小于30 + 深跌(距前高>40%),125,0.0459,0.0482,0.951,0.384,0.3959,-0.0119,L2
震荡-3买,KDJ_D小于30 + 距前低<=10%,1102,0.3728,0.4461,0.836,0.3539,0.3959,-0.042,L2
震荡-3买,KDJ_D小于30 + 相对强弱>=0,78,0.0277,0.0307,0.903,0.3718,0.3959,-0.0241,L2
震荡-3买,RSI6大于50 + RSI金叉,1254,0.4608,0.4837,0.953,0.3844,0.3959,-0.0115,L2
震荡-3买,RSI6大于50 + RSI6超卖,894,0.3375,0.339,0.996,0.3949,0.3959,-0.0011,L2
震荡-3买,RSI6大于50 + RSI底背离,545,0.1721,0.2287,0.752,0.3303,0.3959,-0.0656,L2
震荡-3买,RSI6大于50 + 威科夫得分大于4,391,0.1453,0.1497,0.97,0.3887,0.3959,-0.0072,L2
震荡-3买,RSI6大于50 + 威科夫得分大于7,164,0.0545,0.067,0.813,0.3476,0.3959,-0.0484,L2
震荡-3买,RSI6大于50 + 积累阶段,654,0.2218,0.2644,0.839,0.3547,0.3959,-0.0412,L2
震荡-3买,RSI6大于50 + 黄金柱,118,0.0363,0.0501,0.725,0.322,0.3959,-0.0739,L2
震荡-3买,RSI6大于50 + 量能金叉,299,0.1176,0.1103,1.066,0.4114,0.3959,0.0155,L2
震荡-3买,RSI6大于50 + 六脉红灯大于5,1192,0.4417,0.4574,0.966,0.3876,0.3959,-0.0083,L2
震荡-3买,RSI6大于50 + 六脉红灯大于6,1058,0.3853,0.4104,0.939,0.3809,0.3959,-0.015,L2
震荡-3买,RSI6大于50 + 六脉6红首发,1058,0.3853,0.4104,0.939,0.3809,0.3959,-0.015,L2
震荡-3买,RSI6大于50 + 六脉5红首发,1192,0.4417,0.4574,0.966,0.3876,0.3959,-0.0083,L2
震荡-3买,RSI6大于50 + 偏多共振,278,0.1042,0.1059,0.984,0.3921,0.3959,-0.0038,L2
震荡-3买,RSI6大于50 + 多头共振,277,0.1042,0.1053,0.99,0.3935,0.3959,-0.0024,L2
震荡-3买,RSI6大于50 + 火箭信号,179,0.0908,0.0526,1.726,0.5307,0.3959,0.1348,L2
震荡-3买,RSI6大于50 + 中枢进机会区,505,0.1807,0.198,0.913,0.3743,0.3959,-0.0217,L2
震荡-3买,RSI6大于50 + 中枢极限底,531,0.1912,0.2074,0.922,0.3766,0.3959,-0.0193,L2
震荡-3买,RSI6大于50 + 中枢上穿中轴,466,0.2027,0.1591,1.274,0.4549,0.3959,0.059,L2
震荡-3买,RSI6大于50 + 中枢底部蓄力,739,0.2371,0.3076,0.771,0.3356,0.3959,-0.0603,L2
震荡-3买,RSI6大于50 + 中枢底部回升,948,0.3413,0.3703,0.922,0.3766,0.3959,-0.0193,L2
震荡-3买,RSI6大于50 + 大盘多头,608,0.2084,0.2444,0.853,0.3586,0.3959,-0.0374,L2
震荡-3买,RSI6大于50 + 大盘空头,351,0.1061,0.1504,0.706,0.3162,0.3959,-0.0797,L2
震荡-3买,RSI6大于50 + 大盘安全,980,0.3241,0.4016,0.807,0.3459,0.3959,-0.05,L2
震荡-3买,RSI6大于50 + SID等于1,608,0.2084,0.2444,0.853,0.3586,0.3959,-0.0374,L2
震荡-3买,RSI6大于50 + SID等于2,1306,0.479,0.5044,0.95,0.3836,0.3959,-0.0123,L2
震荡-3买,RSI6大于50 + SID小于等于2,1306,0.479,0.5044,0.95,0.3836,0.3959,-0.0123,L2
震荡-3买,RSI6大于50 + 大盘5日上涨,976,0.3155,0.4048,0.779,0.3381,0.3959,-0.0578,L2
震荡-3买,RSI6大于50 + 相对强弱大于0,790,0.2916,0.3039,0.96,0.3861,0.3959,-0.0098,L2
震荡-3买,RSI6大于50 + 相对强弱大于5,242,0.1052,0.0827,1.272,0.4545,0.3959,0.0586,L2
震荡-3买,RSI6大于50 + 量比>=1.3,246,0.1013,0.0877,1.155,0.4309,0.3959,0.035,L2
震荡-3买,RSI6大于50 + 量比>=2,65,0.0315,0.0201,1.573,0.5077,0.3959,0.1118,L2
震荡-3买,RSI6大于50 + 距前高<=10%,154,0.0488,0.0645,0.755,0.3312,0.3959,-0.0647,L2
震荡-3买,RSI6大于50 + 距前低<=10%,690,0.2228,0.2863,0.778,0.3377,0.3959,-0.0582,L2
震荡-3买,RSI6大于50 + 相对强弱>=0,163,0.0583,0.0639,0.912,0.3742,0.3959,-0.0217,L2
震荡-3买,RSI金叉 + RSI6超卖,1433,0.5583,0.532,1.05,0.4075,0.3959,0.0116,L2
震荡-3买,RSI金叉 + RSI底背离,805,0.2419,0.3459,0.699,0.3143,0.3959,-0.0816,L2
震荡-3买,RSI金叉 + 威科夫得分大于4,393,0.1472,0.1497,0.983,0.3919,0.3959,-0.0041,L2
震荡-3买,RSI金叉 + 威科夫得分大于7,153,0.0516,0.062,0.832,0.3529,0.3959,-0.043,L2
震荡-3买,RSI金叉 + 积累阶段,917,0.2945,0.3816,0.772,0.3359,0.3959,-0.06,L2
震荡-3买,RSI金叉 + 黄金柱,119,0.0363,0.0508,0.716,0.3193,0.3959,-0.0766,L2
震荡-3买,RSI金叉 + 量能金叉,365,0.1577,0.1253,1.259,0.4521,0.3959,0.0561,L2
震荡-3买,RSI金叉 + 六脉红灯大于5,1532,0.5679,0.5877,0.966,0.3877,0.3959,-0.0082,L2
震荡-3买,RSI金叉 + 六脉红灯大于6,1054,0.3795,0.4117,0.922,0.3767,0.3959,-0.0193,L2
震荡-3买,RSI金叉 + 六脉6红首发,1054,0.3795,0.4117,0.922,0.3767,0.3959,-0.0193,L2
震荡-3买,RSI金叉 + 六脉5红首发,1532,0.5679,0.5877,0.966,0.3877,0.3959,-0.0082,L2
震荡-3买,RSI金叉 + 偏多共振,270,0.1109,0.0965,1.149,0.4296,0.3959,0.0337,L2
震荡-3买,RSI金叉 + 多头共振,269,0.1109,0.0959,1.157,0.4312,0.3959,0.0353,L2
震荡-3买,RSI金叉 + 火箭信号,190,0.0956,0.0564,1.695,0.5263,0.3959,0.1304,L2
震荡-3买,RSI金叉 + 极限抄底,92,0.0535,0.0226,2.373,0.6087,0.3959,0.2128,L2
震荡-3买,RSI金叉 + 中枢进机会区,746,0.2715,0.2895,0.938,0.3807,0.3959,-0.0152,L2
震荡-3买,RSI金叉 + 中枢极限底,873,0.3317,0.3296,1.007,0.3975,0.3959,0.0016,L2
震荡-3买,RSI金叉 + 中枢上穿中轴,457,0.2017,0.1541,1.309,0.4617,0.3959,0.0658,L2
震荡-3买,RSI金叉 + 中枢底部蓄力,1241,0.4293,0.4962,0.865,0.3618,0.3959,-0.0341,L2
震荡-3买,RSI金叉 + 中枢底部回升,1517,0.565,0.5802,0.974,0.3896,0.3959,-0.0063,L2
震荡-3买,RSI金叉 + 大盘多头,779,0.2639,0.3152,0.837,0.3543,0.3959,-0.0416,L2
震荡-3买,RSI金叉 + 大盘空头,485,0.1386,0.213,0.651,0.299,0.3959,-0.0969,L2
震荡-3买,RSI金叉 + 大盘安全,1256,0.4063,0.5207,0.78,0.3384,0.3959,-0.0575,L2
震荡-3买,RSI金叉 + SID等于1,779,0.2639,0.3152,0.837,0.3543,0.3959,-0.0416,L2
震荡-3买,RSI金叉 + SID等于2,1854,0.6979,0.7043,0.991,0.3937,0.3959,-0.0022,L2
震荡-3买,RSI金叉 + SID小于等于2,1854,0.6979,0.7043,0.991,0.3937,0.3959,-0.0022,L2
震荡-3买,RSI金叉 + 大盘5日上涨,1263,0.3996,0.5294,0.755,0.331,0.3959,-0.065,L2
震荡-3买,RSI金叉 + 相对强弱大于0,827,0.3002,0.3214,0.934,0.3797,0.3959,-0.0162,L2
震荡-3买,RSI金叉 + 相对强弱大于5,229,0.0946,0.0815,1.162,0.4323,0.3959,0.0364,L2
震荡-3买,RSI金叉 + 量比>=1.3,403,0.1998,0.1216,1.644,0.5186,0.3959,0.1227,L2
震荡-3买,RSI金叉 + 量比>=2,101,0.0554,0.0269,2.058,0.5743,0.3959,0.1783,L2
震荡-3买,RSI金叉 + 距前高<=10%,152,0.0526,0.0608,0.865,0.3618,0.3959,-0.0341,L2
震荡-3买,RSI金叉 + 深跌(距前高>40%),86,0.0306,0.0338,0.904,0.3721,0.3959,-0.0238,L2
震荡-3买,RSI金叉 + 距前低<=10%,1080,0.3432,0.4518,0.76,0.3324,0.3959,-0.0635,L2
震荡-3买,RSI金叉 + 相对强弱>=0,172,0.0593,0.0689,0.86,0.3605,0.3959,-0.0354,L2
震荡-3买,RSI6超卖 + RSI底背离,810,0.24,0.3503,0.685,0.3099,0.3959,-0.086,L2
震荡-3买,RSI6超卖 + 威科夫得分大于4,331,0.1291,0.1228,1.051,0.4079,0.3959,0.0119,L2
震荡-3买,RSI6超卖 + 威科夫得分大于7,95,0.0325,0.0382,0.85,0.3579,0.3959,-0.038,L2
震荡-3买,RSI6超卖 + 积累阶段,1004,0.3365,0.4085,0.824,0.3506,0.3959,-0.0453,L2
震荡-3买,RSI6超卖 + 黄金柱,69,0.022,0.0288,0.763,0.3333,0.3959,-0.0626,L2
震荡-3买,RSI6超卖 + 量能金叉,332,0.1558,0.1059,1.472,0.491,0.3959,0.0951,L2
震荡-3买,RSI6超卖 + 六脉红灯大于5,1193,0.456,0.4486,1.016,0.3998,0.3959,0.0039,L2
震荡-3买,RSI6超卖 + 六脉红灯大于6,749,0.2792,0.2863,0.975,0.3899,0.3959,-0.0061,L2
震荡-3买,RSI6超卖 + 六脉6红首发,749,0.2792,0.2863,0.975,0.3899,0.3959,-0.0061,L2
震荡-3买,RSI6超卖 + 六脉5红首发,1193,0.456,0.4486,1.016,0.3998,0.3959,0.0039,L2
震荡-3买,RSI6超卖 + 偏多共振,353,0.1491,0.1234,1.208,0.4419,0.3959,0.046,L2
震荡-3买,RSI6超卖 + 多头共振,351,0.1491,0.1222,1.221,0.4444,0.3959,0.0485,L2
震荡-3买,RSI6超卖 + 火箭信号,146,0.0774,0.0407,1.901,0.5548,0.3959,0.1589,L2
震荡-3买,RSI6超卖 + 极限抄底,144,0.0813,0.037,2.198,0.5903,0.3959,0.1944,L2
震荡-3买,RSI6超卖 + 中枢进机会区,927,0.3843,0.3289,1.168,0.4337,0.3959,0.0377,L2
震荡-3买,RSI6超卖 + 中枢极限底,1054,0.4417,0.3709,1.191,0.4383,0.3959,0.0424,L2
震荡-3买,RSI6超卖 + 中枢上穿中轴,335,0.1491,0.1122,1.33,0.4657,0.3959,0.0698,L2
震荡-3买,RSI6超卖 + 中枢底部蓄力,1500,0.5507,0.5789,0.951,0.384,0.3959,-0.0119,L2
震荡-3买,RSI6超卖 + 中枢底部回升,1798,0.7132,0.6591,1.082,0.4149,0.3959,0.019,L2
震荡-3买,RSI6超卖 + 大盘多头,804,0.2505,0.3396,0.738,0.3259,0.3959,-0.07,L2
震荡-3买,RSI6超卖 + 大盘空头,522,0.1415,0.2343,0.604,0.2835,0.3959,-0.1124,L2
震荡-3买,RSI6超卖 + 大盘安全,1258,0.3767,0.5414,0.696,0.3132,0.3959,-0.0827,L2
震荡-3买,RSI6超卖 + SID等于1,804,0.2505,0.3396,0.738,0.3259,0.3959,-0.07,L2
震荡-3买,RSI6超卖 + SID等于2,2121,0.8231,0.7895,1.043,0.4059,0.3959,0.01,L2
震荡-3买,RSI6超卖 + SID小于等于2,2121,0.8231,0.7895,1.043,0.4059,0.3959,0.01,L2
震荡-3买,RSI6超卖 + 大盘5日上涨,1267,0.3776,0.5464,0.691,0.3118,0.3959,-0.0842,L2
震荡-3买,RSI6超卖 + 相对强弱大于0,622,0.238,0.2337,1.019,0.4003,0.3959,0.0044,L2
震荡-3买,RSI6超卖 + 相对强弱大于5,142,0.066,0.0457,1.442,0.4859,0.3959,0.09,L2
震荡-3买,RSI6超卖 + 量比>=1.3,451,0.2438,0.1228,1.985,0.5654,0.3959,0.1695,L2
震荡-3买,RSI6超卖 + 量比>=2,103,0.0583,0.0263,2.216,0.5922,0.3959,0.1963,L2
震荡-3买,RSI6超卖 + 距前高<=10%,135,0.0459,0.0545,0.842,0.3556,0.3959,-0.0404,L2
震荡-3买,RSI6超卖 + 深跌(距前高>40%),125,0.0449,0.0489,0.919,0.376,0.3959,-0.0199,L2
震荡-3买,RSI6超卖 + 距前低<=10%,1249,0.4273,0.5025,0.85,0.3579,0.3959,-0.038,L2
震荡-3买,RSI6超卖 + 相对强弱>=0,107,0.0421,0.0395,1.066,0.4112,0.3959,0.0153,L2
震荡-3买,RSI底背离 + 威科夫得分大于4,139,0.044,0.0583,0.755,0.3309,0.3959,-0.065,L2
震荡-3买,RSI底背离 + 积累阶段,556,0.1491,0.2506,0.595,0.2806,0.3959,-0.1153,L2
震荡-3买,RSI底背离 + 黄金柱,61,0.0153,0.0282,0.543,0.2623,0.3959,-0.1336,L2
震荡-3买,RSI底背离 + 量能金叉,141,0.0564,0.0514,1.098,0.4184,0.3959,0.0225,L2
震荡-3买,RSI底背离 + 六脉红灯大于5,719,0.2237,0.3039,0.736,0.3255,0.3959,-0.0705,L2
震荡-3买,RSI底背离 + 六脉红灯大于6,494,0.1549,0.208,0.745,0.3279,0.3959,-0.068,L2
震荡-3买,RSI底背离 + 六脉6红首发,494,0.1549,0.208,0.745,0.3279,0.3959,-0.068,L2
震荡-3买,RSI底背离 + 六脉5红首发,719,0.2237,0.3039,0.736,0.3255,0.3959,-0.0705,L2
震荡-3买,RSI底背离 + 偏多共振,68,0.0277,0.0244,1.135,0.4265,0.3959,0.0306,L2
震荡-3买,RSI底背离 + 多头共振,67,0.0277,0.0238,1.164,0.4328,0.3959,0.0369,L2
震荡-3买,RSI底背离 + 火箭信号,80,0.0402,0.0238,1.686,0.525,0.3959,0.1291,L2
震荡-3买,RSI底背离 + 中枢进机会区,444,0.1281,0.1942,0.66,0.3018,0.3959,-0.0941,L2
震荡-3买,RSI底背离 + 中枢极限底,596,0.1683,0.2632,0.639,0.2953,0.3959,-0.1006,L2
震荡-3买,RSI底背离 + 中枢上穿中轴,140,0.0612,0.0476,1.285,0.4571,0.3959,0.0612,L2
震荡-3买,RSI底背离 + 中枢底部蓄力,822,0.2256,0.3672,0.614,0.2871,0.3959,-0.1088,L2
震荡-3买,RSI底背离 + 中枢底部回升,916,0.2686,0.3979,0.675,0.3068,0.3959,-0.0891,L2
震荡-3买,RSI底背离 + 大盘多头,439,0.1138,0.2005,0.567,0.2711,0.3959,-0.1248,L2
震荡-3买,RSI底背离 + 大盘空头,299,0.0784,0.136,0.577,0.2742,0.3959,-0.1217,L2
震荡-3买,RSI底背离 + 大盘安全,732,0.1893,0.3346,0.566,0.2705,0.3959,-0.1254,L2
震荡-3买,RSI底背离 + SID等于1,439,0.1138,0.2005,0.567,0.2711,0.3959,-0.1248,L2
震荡-3买,RSI底背离 + SID等于2,1011,0.3002,0.4367,0.687,0.3106,0.3959,-0.0853,L2
震荡-3买,RSI底背离 + SID小于等于2,1011,0.3002,0.4367,0.687,0.3106,0.3959,-0.0853,L2
震荡-3买,RSI底背离 + 大盘5日上涨,765,0.1979,0.3496,0.566,0.2706,0.3959,-0.1253,L2
震荡-3买,RSI底背离 + 相对强弱大于0,383,0.1262,0.1573,0.802,0.3446,0.3959,-0.0513,L2
震荡-3买,RSI底背离 + 相对强弱大于5,106,0.0402,0.0401,1.001,0.3962,0.3959,0.0003,L2
震荡-3买,RSI底背离 + 量比>=1.3,153,0.0526,0.0614,0.856,0.3595,0.3959,-0.0364,L2
震荡-3买,RSI底背离 + 距前高<=10%,55,0.0153,0.0244,0.626,0.2909,0.3959,-0.105,L2
震荡-3买,RSI底背离 + 距前低<=10%,717,0.2036,0.3158,0.645,0.2971,0.3959,-0.0988,L2
震荡-3买,RSI底背离 + 相对强弱>=0,77,0.0182,0.0363,0.5,0.2468,0.3959,-0.1492,L2
震荡-3买,威科夫得分大于4 + 威科夫得分大于7,198,0.0688,0.0789,0.872,0.3636,0.3959,-0.0323,L2
震荡-3买,威科夫得分大于4 + 积累阶段,181,0.065,0.0708,0.918,0.3757,0.3959,-0.0202,L2
震荡-3买,威科夫得分大于4 + 量能金叉,134,0.0507,0.0508,0.998,0.3955,0.3959,-0.0004,L2
震荡-3买,威科夫得分大于4 + 六脉红灯大于5,349,0.1329,0.1316,1.01,0.3983,0.3959,0.0024,L2
震荡-3买,威科夫得分大于4 + 六脉红灯大于6,295,0.109,0.1134,0.961,0.3864,0.3959,-0.0095,L2
震荡-3买,威科夫得分大于4 + 六脉6红首发,295,0.109,0.1134,0.961,0.3864,0.3959,-0.0095,L2
震荡-3买,威科夫得分大于4 + 六脉5红首发,349,0.1329,0.1316,1.01,0.3983,0.3959,0.0024,L2
震荡-3买,威科夫得分大于4 + 偏多共振,245,0.0966,0.0902,1.07,0.4122,0.3959,0.0163,L2
震荡-3买,威科夫得分大于4 + 多头共振,245,0.0966,0.0902,1.07,0.4122,0.3959,0.0163,L2
震荡-3买,威科夫得分大于4 + 火箭信号,83,0.0382,0.0269,1.419,0.4819,0.3959,0.086,L2
震荡-3买,威科夫得分大于4 + 中枢进机会区,230,0.088,0.0865,1.017,0.4,0.3959,0.0041,L2
震荡-3买,威科夫得分大于4 + 中枢极限底,142,0.0497,0.0564,0.882,0.3662,0.3959,-0.0297,L2
震荡-3买,威科夫得分大于4 + 中枢上穿中轴,247,0.0994,0.0896,1.11,0.4211,0.3959,0.0251,L2
震荡-3买,威科夫得分大于4 + 中枢底部蓄力,170,0.0545,0.0708,0.77,0.3353,0.3959,-0.0606,L2
震荡-3买,威科夫得分大于4 + 中枢底部回升,302,0.1147,0.114,1.006,0.3974,0.3959,0.0014,L2
震荡-3买,威科夫得分大于4 + 大盘多头,258,0.086,0.1053,0.817,0.3488,0.3959,-0.0471,L2
震荡-3买,威科夫得分大于4 + 大盘空头,108,0.0306,0.0476,0.642,0.2963,0.3959,-0.0996,L2
震荡-3买,威科夫得分大于4 + 大盘安全,374,0.1224,0.1541,0.794,0.3422,0.3959,-0.0537,L2
震荡-3买,威科夫得分大于4 + SID等于1,258,0.086,0.1053,0.817,0.3488,0.3959,-0.0471,L2
震荡-3买,威科夫得分大于4 + SID等于2,535,0.2055,0.2005,1.025,0.4019,0.3959,0.006,L2
震荡-3买,威科夫得分大于4 + SID小于等于2,535,0.2055,0.2005,1.025,0.4019,0.3959,0.006,L2
震荡-3买,威科夫得分大于4 + 大盘5日上涨,359,0.1166,0.1485,0.785,0.3398,0.3959,-0.0561,L2
震荡-3买,威科夫得分大于4 + 相对强弱大于0,378,0.1482,0.1397,1.061,0.4101,0.3959,0.0141,L2
震荡-3买,威科夫得分大于4 + 相对强弱大于5,145,0.0631,0.0495,1.275,0.4552,0.3959,0.0593,L2
震荡-3买,威科夫得分大于4 + 量比>=1.3,105,0.0392,0.0401,0.977,0.3905,0.3959,-0.0054,L2
震荡-3买,威科夫得分大于4 + 距前高<=10%,106,0.0363,0.0426,0.853,0.3585,0.3959,-0.0374,L2
震荡-3买,威科夫得分大于4 + 距前低<=10%,177,0.066,0.0677,0.975,0.3898,0.3959,-0.0061,L2
震荡-3买,威科夫得分大于4 + 相对强弱>=0,90,0.0363,0.0326,1.115,0.4222,0.3959,0.0263,L2
震荡-3买,威科夫得分大于7 + 量能金叉,64,0.022,0.0257,0.856,0.3594,0.3959,-0.0365,L2
震荡-3买,威科夫得分大于7 + 六脉红灯大于5,140,0.0507,0.0545,0.93,0.3786,0.3959,-0.0173,L2
震荡-3买,威科夫得分大于7 + 六脉红灯大于6,128,0.043,0.052,0.827,0.3516,0.3959,-0.0443,L2
震荡-3买,威科夫得分大于7 + 六脉6红首发,128,0.043,0.052,0.827,0.3516,0.3959,-0.0443,L2
震荡-3买,威科夫得分大于7 + 六脉5红首发,140,0.0507,0.0545,0.93,0.3786,0.3959,-0.0173,L2
震荡-3买,威科夫得分大于7 + 偏多共振,116,0.043,0.0445,0.967,0.3879,0.3959,-0.008,L2
震荡-3买,威科夫得分大于7 + 多头共振,116,0.043,0.0445,0.967,0.3879,0.3959,-0.008,L2
震荡-3买,威科夫得分大于7 + 中枢进机会区,74,0.0229,0.0313,0.732,0.3243,0.3959,-0.0716,L2
震荡-3买,威科夫得分大于7 + 中枢上穿中轴,111,0.043,0.0414,1.04,0.4054,0.3959,0.0095,L2
震荡-3买,威科夫得分大于7 + 中枢底部回升,97,0.0306,0.0407,0.751,0.3299,0.3959,-0.066,L2
震荡-3买,威科夫得分大于7 + 大盘多头,104,0.0344,0.0426,0.808,0.3462,0.3959,-0.0498,L2
震荡-3买,威科夫得分大于7 + 大盘安全,147,0.0488,0.0602,0.811,0.3469,0.3959,-0.049,L2
震荡-3买,威科夫得分大于7 + SID等于1,104,0.0344,0.0426,0.808,0.3462,0.3959,-0.0498,L2
震荡-3买,威科夫得分大于7 + SID等于2,198,0.0688,0.0789,0.872,0.3636,0.3959,-0.0323,L2
震荡-3买,威科夫得分大于7 + SID小于等于2,198,0.0688,0.0789,0.872,0.3636,0.3959,-0.0323,L2
震荡-3买,威科夫得分大于7 + 大盘5日上涨,133,0.0449,0.0539,0.834,0.3534,0.3959,-0.0425,L2
震荡-3买,威科夫得分大于7 + 相对强弱大于0,176,0.0631,0.0689,0.915,0.375,0.3959,-0.0209,L2
震荡-3买,威科夫得分大于7 + 相对强弱大于5,88,0.0335,0.0332,1.008,0.3977,0.3959,0.0018,L2
震荡-3买,威科夫得分大于7 + 距前高<=10%,52,0.0153,0.0226,0.678,0.3077,0.3959,-0.0882,L2
震荡-3买,威科夫得分大于7 + 距前低<=10%,58,0.0163,0.0257,0.633,0.2931,0.3959,-0.1028,L2
震荡-3买,积累阶段 + 黄金柱,67,0.0182,0.0301,0.604,0.2836,0.3959,-0.1123,L2
震荡-3买,积累阶段 + 量能金叉,147,0.0554,0.0558,0.994,0.3946,0.3959,-0.0014,L2
震荡-3买,积累阶段 + 六脉红灯大于5,791,0.2553,0.3283,0.777,0.3375,0.3959,-0.0584,L2
震荡-3买,积累阶段 + 六脉红灯大于6,574,0.1902,0.235,0.81,0.3467,0.3959,-0.0492,L2
震荡-3买,积累阶段 + 六脉6红首发,574,0.1902,0.235,0.81,0.3467,0.3959,-0.0492,L2
震荡-3买,积累阶段 + 六脉5红首发,791,0.2553,0.3283,0.777,0.3375,0.3959,-0.0584,L2
震荡-3买,积累阶段 + 偏多共振,114,0.0497,0.0388,1.28,0.4561,0.3959,0.0602,L2
震荡-3买,积累阶段 + 多头共振,112,0.0497,0.0376,1.322,0.4643,0.3959,0.0684,L2
震荡-3买,积累阶段 + 火箭信号,73,0.0373,0.0213,1.75,0.5342,0.3959,0.1383,L2
震荡-3买,积累阶段 + 中枢进机会区,567,0.1883,0.2318,0.812,0.3474,0.3959,-0.0485,L2
震荡-3买,积累阶段 + 中枢极限底,605,0.1912,0.2538,0.753,0.3306,0.3959,-0.0653,L2
震荡-3买,积累阶段 + 中枢上穿中轴,189,0.0822,0.0645,1.274,0.455,0.3959,0.0591,L2
震荡-3买,积累阶段 + 中枢底部蓄力,904,0.26,0.396,0.657,0.3009,0.3959,-0.095,L2
震荡-3买,积累阶段 + 中枢底部回升,1057,0.3327,0.4442,0.749,0.3292,0.3959,-0.0667,L2
震荡-3买,积累阶段 + 大盘多头,516,0.174,0.2093,0.831,0.3527,0.3959,-0.0432,L2
震荡-3买,积累阶段 + 大盘空头,310,0.0755,0.1447,0.522,0.2548,0.3959,-0.1411,L2
震荡-3买,积累阶段 + 大盘安全,818,0.2505,0.3484,0.719,0.3203,0.3959,-0.0756,L2
震荡-3买,积累阶段 + SID等于1,516,0.174,0.2093,0.831,0.3527,0.3959,-0.0432,L2
震荡-3买,积累阶段 + SID等于2,1213,0.3977,0.4994,0.796,0.343,0.3959,-0.053,L2
震荡-3买,积累阶段 + SID小于等于2,1213,0.3977,0.4994,0.796,0.343,0.3959,-0.053,L2
震荡-3买,积累阶段 + 大盘5日上涨,837,0.2428,0.3653,0.665,0.3035,0.3959,-0.0924,L2
震荡-3买,积累阶段 + 相对强弱大于0,444,0.1501,0.1798,0.835,0.3536,0.3959,-0.0423,L2
震荡-3买,积累阶段 + 相对强弱大于5,101,0.0402,0.037,1.086,0.4158,0.3959,0.0199,L2
震荡-3买,积累阶段 + 量比>=1.3,171,0.0612,0.067,0.913,0.3743,0.3959,-0.0216,L2
震荡-3买,积累阶段 + 距前高<=10%,69,0.022,0.0288,0.763,0.3333,0.3959,-0.0626,L2
震荡-3买,积累阶段 + 深跌(距前高>40%),68,0.0134,0.0338,0.396,0.2059,0.3959,-0.19,L2
震荡-3买,积累阶段 + 距前低<=10%,793,0.2294,0.3465,0.662,0.3026,0.3959,-0.0933,L2
震荡-3买,积累阶段 + 相对强弱>=0,103,0.0268,0.047,0.57,0.2718,0.3959,-0.1241,L2
震荡-3买,黄金柱 + 六脉红灯大于5,118,0.0354,0.0508,0.697,0.3136,0.3959,-0.0824,L2
震荡-3买,黄金柱 + 六脉红灯大于6,111,0.0335,0.0476,0.703,0.3153,0.3959,-0.0806,L2
震荡-3买,黄金柱 + 六脉6红首发,111,0.0335,0.0476,0.703,0.3153,0.3959,-0.0806,L2
震荡-3买,黄金柱 + 六脉5红首发,118,0.0354,0.0508,0.697,0.3136,0.3959,-0.0824,L2
震荡-3买,黄金柱 + 中枢进机会区,54,0.0153,0.0238,0.642,0.2963,0.3959,-0.0996,L2
震荡-3买,黄金柱 + 中枢极限底,55,0.0163,0.0238,0.683,0.3091,0.3959,-0.0868,L2
震荡-3买,黄金柱 + 中枢底部蓄力,77,0.0143,0.0388,0.369,0.1948,0.3959,-0.2011,L2
震荡-3买,黄金柱 + 中枢底部回升,92,0.0239,0.042,0.569,0.2717,0.3959,-0.1242,L2
震荡-3买,黄金柱 + 大盘多头,60,0.022,0.0232,0.948,0.3833,0.3959,-0.0126,L2
震荡-3买,黄金柱 + 大盘安全,98,0.0287,0.0426,0.673,0.3061,0.3959,-0.0898,L2
震荡-3买,黄金柱 + SID等于1,60,0.022,0.0232,0.948,0.3833,0.3959,-0.0126,L2
震荡-3买,黄金柱 + SID等于2,119,0.0363,0.0508,0.716,0.3193,0.3959,-0.0766,L2
震荡-3买,黄金柱 + SID小于等于2,119,0.0363,0.0508,0.716,0.3193,0.3959,-0.0766,L2
震荡-3买,黄金柱 + 大盘5日上涨,99,0.0277,0.0439,0.632,0.2929,0.3959,-0.103,L2
震荡-3买,黄金柱 + 相对强弱大于0,91,0.0277,0.0388,0.714,0.3187,0.3959,-0.0772,L2
震荡-3买,黄金柱 + 距前低<=10%,71,0.0163,0.0338,0.48,0.2394,0.3959,-0.1565,L2
震荡-3买,量能金叉 + 六脉红灯大于5,299,0.1224,0.1071,1.142,0.4281,0.3959,0.0322,L2
震荡-3买,量能金叉 + 六脉红灯大于6,251,0.0975,0.0934,1.045,0.4064,0.3959,0.0105,L2
震荡-3买,量能金叉 + 六脉6红首发,251,0.0975,0.0934,1.045,0.4064,0.3959,0.0105,L2
震荡-3买,量能金叉 + 六脉5红首发,299,0.1224,0.1071,1.142,0.4281,0.3959,0.0322,L2
震荡-3买,量能金叉 + 偏多共振,89,0.0325,0.0345,0.943,0.382,0.3959,-0.0139,L2
震荡-3买,量能金叉 + 多头共振,89,0.0325,0.0345,0.943,0.382,0.3959,-0.0139,L2
震荡-3买,量能金叉 + 火箭信号,84,0.044,0.0238,1.847,0.5476,0.3959,0.1517,L2
震荡-3买,量能金叉 + 中枢进机会区,211,0.0994,0.067,1.483,0.4929,0.3959,0.097,L2
震荡-3买,量能金叉 + 中枢极限底,185,0.0889,0.0576,1.542,0.5027,0.3959,0.1068,L2
震荡-3买,量能金叉 + 中枢上穿中轴,193,0.086,0.0645,1.333,0.4663,0.3959,0.0704,L2
震荡-3买,量能金叉 + 中枢底部蓄力,234,0.1023,0.0796,1.286,0.4573,0.3959,0.0614,L2
震荡-3买,量能金叉 + 中枢底部回升,333,0.1491,0.1109,1.345,0.4685,0.3959,0.0726,L2
震荡-3买,量能金叉 + 大盘多头,142,0.044,0.0602,0.731,0.3239,0.3959,-0.072,L2
震荡-3买,量能金叉 + 大盘空头,93,0.0277,0.0401,0.691,0.3118,0.3959,-0.0841,L2
震荡-3买,量能金叉 + 大盘安全,246,0.0755,0.1046,0.722,0.3211,0.3959,-0.0748,L2
震荡-3买,量能金叉 + SID等于1,142,0.044,0.0602,0.731,0.3239,0.3959,-0.072,L2
震荡-3买,量能金叉 + SID等于2,427,0.1864,0.1454,1.282,0.4567,0.3959,0.0608,L2
震荡-3买,量能金叉 + SID小于等于2,427,0.1864,0.1454,1.282,0.4567,0.3959,0.0608,L2
震荡-3买,量能金叉 + 大盘5日上涨,236,0.0717,0.1009,0.711,0.3178,0.3959,-0.0781,L2
震荡-3买,量能金叉 + 相对强弱大于0,251,0.1013,0.0909,1.115,0.4223,0.3959,0.0264,L2
震荡-3买,量能金叉 + 相对强弱大于5,119,0.0526,0.0401,1.311,0.4622,0.3959,0.0663,L2
震荡-3买,量能金叉 + 量比>=1.3,182,0.0985,0.0495,1.989,0.5659,0.3959,0.17,L2
震荡-3买,量能金叉 + 量比>=2,60,0.0344,0.015,2.289,0.6,0.3959,0.2041,L2
震荡-3买,量能金叉 + 距前高<=10%,56,0.0172,0.0238,0.723,0.3214,0.3959,-0.0745,L2
震荡-3买,量能金叉 + 距前低<=10%,237,0.0908,0.089,1.021,0.4008,0.3959,0.0049,L2
震荡-3买,量能金叉 + 相对强弱>=0,53,0.0229,0.0182,1.263,0.4528,0.3959,0.0569,L2
震荡-3买,六脉红灯大于5 + 六脉红灯大于6,1066,0.3853,0.4154,0.927,0.378,0.3959,-0.0179,L2
震荡-3买,六脉红灯大于5 + 六脉6红首发,1066,0.3853,0.4154,0.927,0.378,0.3959,-0.0179,L2
震荡-3买,六脉红灯大于5 + 六脉5红首发,1588,0.587,0.6103,0.962,0.3866,0.3959,-0.0093,L2
震荡-3买,六脉红灯大于5 + 偏多共振,222,0.087,0.0821,1.06,0.4099,0.3959,0.014,L2
震荡-3买,六脉红灯大于5 + 多头共振,221,0.087,0.0815,1.068,0.4118,0.3959,0.0159,L2
震荡-3买,六脉红灯大于5 + 火箭信号,181,0.0918,0.0533,1.723,0.5304,0.3959,0.1345,L2
震荡-3买,六脉红灯大于5 + 极限抄底,65,0.0344,0.0182,1.894,0.5538,0.3959,0.1579,L2
震荡-3买,六脉红灯大于5 + 中枢进机会区,592,0.218,0.2281,0.956,0.3851,0.3959,-0.0108,L2
震荡-3买,六脉红灯大于5 + 中枢极限底,740,0.2782,0.2813,0.989,0.3932,0.3959,-0.0027,L2
震荡-3买,六脉红灯大于5 + 中枢上穿中轴,425,0.1922,0.1404,1.369,0.4729,0.3959,0.077,L2
震荡-3买,六脉红灯大于5 + 中枢底部蓄力,1080,0.3662,0.4367,0.838,0.3546,0.3959,-0.0413,L2
震荡-3买,六脉红灯大于5 + 中枢底部回升,1292,0.4723,0.5,0.945,0.3824,0.3959,-0.0136,L2
震荡-3买,六脉红灯大于5 + 大盘多头,663,0.2247,0.2682,0.838,0.3544,0.3959,-0.0415,L2
震荡-3买,六脉红灯大于5 + 大盘空头,424,0.1281,0.1817,0.705,0.316,0.3959,-0.0799,L2
震荡-3买,六脉红灯大于5 + 大盘安全,1092,0.3566,0.4505,0.792,0.3416,0.3959,-0.0543,L2
震荡-3买,六脉红灯大于5 + SID等于1,663,0.2247,0.2682,0.838,0.3544,0.3959,-0.0415,L2
震荡-3买,六脉红灯大于5 + SID等于2,1588,0.587,0.6103,0.962,0.3866,0.3959,-0.0093,L2
震荡-3买,六脉红灯大于5 + SID小于等于2,1588,0.587,0.6103,0.962,0.3866,0.3959,-0.0093,L2
震荡-3买,六脉红灯大于5 + 大盘5日上涨,1114,0.3556,0.4649,0.765,0.3339,0.3959,-0.062,L2
震荡-3买,六脉红灯大于5 + 相对强弱大于0,780,0.2897,0.2989,0.969,0.3885,0.3959,-0.0075,L2
震荡-3买,六脉红灯大于5 + 相对强弱大于5,233,0.0994,0.0808,1.23,0.4464,0.3959,0.0504,L2
震荡-3买,六脉红灯大于5 + 量比>=1.3,340,0.1606,0.1078,1.49,0.4941,0.3959,0.0982,L2
震荡-3买,六脉红灯大于5 + 量比>=2,90,0.0478,0.0251,1.907,0.5556,0.3959,0.1596,L2
震荡-3买,六脉红灯大于5 + 距前高<=10%,130,0.0449,0.052,0.864,0.3615,0.3959,-0.0344,L2
震荡-3买,六脉红灯大于5 + 深跌(距前高>40%),78,0.0268,0.0313,0.854,0.359,0.3959,-0.0369,L2
震荡-3买,六脉红灯大于5 + 距前低<=10%,897,0.2801,0.3784,0.74,0.3266,0.3959,-0.0693,L2
震荡-3买,六脉红灯大于5 + 相对强弱>=0,161,0.0526,0.0664,0.792,0.3416,0.3959,-0.0543,L2
震荡-3买,六脉红灯大于6 + 六脉6红首发,1066,0.3853,0.4154,0.927,0.378,0.3959,-0.0179,L2
震荡-3买,六脉红灯大于6 + 六脉5红首发,1066,0.3853,0.4154,0.927,0.378,0.3959,-0.0179,L2
震荡-3买,六脉红灯大于6 + 偏多共振,166,0.0641,0.062,1.033,0.4036,0.3959,0.0077,L2
震荡-3买,六脉红灯大于6 + 多头共振,166,0.0641,0.062,1.033,0.4036,0.3959,0.0077,L2
震荡-3买,六脉红灯大于6 + 火箭信号,168,0.086,0.0489,1.761,0.5357,0.3959,0.1398,L2
震荡-3买,六脉红灯大于6 + 中枢进机会区,426,0.152,0.1673,0.909,0.3732,0.3959,-0.0227,L2
震荡-3买,六脉红灯大于6 + 中枢极限底,480,0.1711,0.1886,0.907,0.3729,0.3959,-0.023,L2
震荡-3买,六脉红灯大于6 + 中枢上穿中轴,381,0.1702,0.1272,1.338,0.4672,0.3959,0.0713,L2
震荡-3买,六脉红灯大于6 + 中枢底部蓄力,684,0.2199,0.2845,0.773,0.3363,0.3959,-0.0597,L2
震荡-3买,六脉红灯大于6 + 中枢底部回升,846,0.3002,0.3333,0.901,0.3712,0.3959,-0.0248,L2
震荡-3买,六脉红灯大于6 + 大盘多头,475,0.1702,0.1861,0.914,0.3747,0.3959,-0.0212,L2
震荡-3买,六脉红灯大于6 + 大盘空头,301,0.0889,0.1303,0.682,0.309,0.3959,-0.0869,L2
震荡-3买,六脉红灯大于6 + 大盘安全,795,0.2658,0.3239,0.82,0.3497,0.3959,-0.0462,L2
震荡-3买,六脉红灯大于6 + SID等于1,475,0.1702,0.1861,0.914,0.3747,0.3959,-0.0212,L2
震荡-3买,六脉红灯大于6 + SID等于2,1066,0.3853,0.4154,0.927,0.378,0.3959,-0.0179,L2
震荡-3买,六脉红灯大于6 + SID小于等于2,1066,0.3853,0.4154,0.927,0.378,0.3959,-0.0179,L2
震荡-3买,六脉红灯大于6 + 大盘5日上涨,804,0.2629,0.3315,0.793,0.342,0.3959,-0.0539,L2
震荡-3买,六脉红灯大于6 + 相对强弱大于0,658,0.238,0.2563,0.929,0.3784,0.3959,-0.0175,L2
震荡-3买,六脉红灯大于6 + 相对强弱大于5,223,0.0927,0.0789,1.175,0.435,0.3959,0.0391,L2
震荡-3买,六脉红灯大于6 + 量比>=1.3,214,0.088,0.0764,1.151,0.4299,0.3959,0.034,L2
震荡-3买,六脉红灯大于6 + 量比>=2,62,0.0296,0.0194,1.526,0.5,0.3959,0.1041,L2
震荡-3买,六脉红灯大于6 + 距前高<=10%,107,0.0363,0.0432,0.84,0.3551,0.3959,-0.0408,L2
震荡-3买,六脉红灯大于6 + 距前低<=10%,592,0.1874,0.2481,0.755,0.3311,0.3959,-0.0648,L2
震荡-3买,六脉红灯大于6 + 相对强弱>=0,127,0.0421,0.052,0.809,0.3465,0.3959,-0.0495,L2
震荡-3买,六脉6红首发 + 六脉5红首发,1066,0.3853,0.4154,0.927,0.378,0.3959,-0.0179,L2
震荡-3买,六脉6红首发 + 偏多共振,166,0.0641,0.062,1.033,0.4036,0.3959,0.0077,L2
震荡-3买,六脉6红首发 + 多头共振,166,0.0641,0.062,1.033,0.4036,0.3959,0.0077,L2
震荡-3买,六脉6红首发 + 火箭信号,168,0.086,0.0489,1.761,0.5357,0.3959,0.1398,L2
震荡-3买,六脉6红首发 + 中枢进机会区,426,0.152,0.1673,0.909,0.3732,0.3959,-0.0227,L2
震荡-3买,六脉6红首发 + 中枢极限底,480,0.1711,0.1886,0.907,0.3729,0.3959,-0.023,L2
震荡-3买,六脉6红首发 + 中枢上穿中轴,381,0.1702,0.1272,1.338,0.4672,0.3959,0.0713,L2
震荡-3买,六脉6红首发 + 中枢底部蓄力,684,0.2199,0.2845,0.773,0.3363,0.3959,-0.0597,L2
震荡-3买,六脉6红首发 + 中枢底部回升,846,0.3002,0.3333,0.901,0.3712,0.3959,-0.0248,L2
震荡-3买,六脉6红首发 + 大盘多头,475,0.1702,0.1861,0.914,0.3747,0.3959,-0.0212,L2
震荡-3买,六脉6红首发 + 大盘空头,301,0.0889,0.1303,0.682,0.309,0.3959,-0.0869,L2
震荡-3买,六脉6红首发 + 大盘安全,795,0.2658,0.3239,0.82,0.3497,0.3959,-0.0462,L2
震荡-3买,六脉6红首发 + SID等于1,475,0.1702,0.1861,0.914,0.3747,0.3959,-0.0212,L2
震荡-3买,六脉6红首发 + SID等于2,1066,0.3853,0.4154,0.927,0.378,0.3959,-0.0179,L2
震荡-3买,六脉6红首发 + SID小于等于2,1066,0.3853,0.4154,0.927,0.378,0.3959,-0.0179,L2
震荡-3买,六脉6红首发 + 大盘5日上涨,804,0.2629,0.3315,0.793,0.342,0.3959,-0.0539,L2
震荡-3买,六脉6红首发 + 相对强弱大于0,658,0.238,0.2563,0.929,0.3784,0.3959,-0.0175,L2
震荡-3买,六脉6红首发 + 相对强弱大于5,223,0.0927,0.0789,1.175,0.435,0.3959,0.0391,L2
震荡-3买,六脉6红首发 + 量比>=1.3,214,0.088,0.0764,1.151,0.4299,0.3959,0.034,L2
震荡-3买,六脉6红首发 + 量比>=2,62,0.0296,0.0194,1.526,0.5,0.3959,0.1041,L2
震荡-3买,六脉6红首发 + 距前高<=10%,107,0.0363,0.0432,0.84,0.3551,0.3959,-0.0408,L2
震荡-3买,六脉6红首发 + 距前低<=10%,592,0.1874,0.2481,0.755,0.3311,0.3959,-0.0648,L2
震荡-3买,六脉6红首发 + 相对强弱>=0,127,0.0421,0.052,0.809,0.3465,0.3959,-0.0495,L2
震荡-3买,六脉5红首发 + 偏多共振,222,0.087,0.0821,1.06,0.4099,0.3959,0.014,L2
震荡-3买,六脉5红首发 + 多头共振,221,0.087,0.0815,1.068,0.4118,0.3959,0.0159,L2
震荡-3买,六脉5红首发 + 火箭信号,181,0.0918,0.0533,1.723,0.5304,0.3959,0.1345,L2
震荡-3买,六脉5红首发 + 极限抄底,65,0.0344,0.0182,1.894,0.5538,0.3959,0.1579,L2
震荡-3买,六脉5红首发 + 中枢进机会区,592,0.218,0.2281,0.956,0.3851,0.3959,-0.0108,L2
震荡-3买,六脉5红首发 + 中枢极限底,740,0.2782,0.2813,0.989,0.3932,0.3959,-0.0027,L2
震荡-3买,六脉5红首发 + 中枢上穿中轴,425,0.1922,0.1404,1.369,0.4729,0.3959,0.077,L2
震荡-3买,六脉5红首发 + 中枢底部蓄力,1080,0.3662,0.4367,0.838,0.3546,0.3959,-0.0413,L2
震荡-3买,六脉5红首发 + 中枢底部回升,1292,0.4723,0.5,0.945,0.3824,0.3959,-0.0136,L2
震荡-3买,六脉5红首发 + 大盘多头,663,0.2247,0.2682,0.838,0.3544,0.3959,-0.0415,L2
震荡-3买,六脉5红首发 + 大盘空头,424,0.1281,0.1817,0.705,0.316,0.3959,-0.0799,L2
震荡-3买,六脉5红首发 + 大盘安全,1092,0.3566,0.4505,0.792,0.3416,0.3959,-0.0543,L2
震荡-3买,六脉5红首发 + SID等于1,663,0.2247,0.2682,0.838,0.3544,0.3959,-0.0415,L2
震荡-3买,六脉5红首发 + SID等于2,1588,0.587,0.6103,0.962,0.3866,0.3959,-0.0093,L2
震荡-3买,六脉5红首发 + SID小于等于2,1588,0.587,0.6103,0.962,0.3866,0.3959,-0.0093,L2
震荡-3买,六脉5红首发 + 大盘5日上涨,1114,0.3556,0.4649,0.765,0.3339,0.3959,-0.062,L2
震荡-3买,六脉5红首发 + 相对强弱大于0,780,0.2897,0.2989,0.969,0.3885,0.3959,-0.0075,L2
震荡-3买,六脉5红首发 + 相对强弱大于5,233,0.0994,0.0808,1.23,0.4464,0.3959,0.0504,L2
震荡-3买,六脉5红首发 + 量比>=1.3,340,0.1606,0.1078,1.49,0.4941,0.3959,0.0982,L2
震荡-3买,六脉5红首发 + 量比>=2,90,0.0478,0.0251,1.907,0.5556,0.3959,0.1596,L2
震荡-3买,六脉5红首发 + 距前高<=10%,130,0.0449,0.052,0.864,0.3615,0.3959,-0.0344,L2
震荡-3买,六脉5红首发 + 深跌(距前高>40%),78,0.0268,0.0313,0.854,0.359,0.3959,-0.0369,L2
震荡-3买,六脉5红首发 + 距前低<=10%,897,0.2801,0.3784,0.74,0.3266,0.3959,-0.0693,L2
震荡-3买,六脉5红首发 + 相对强弱>=0,161,0.0526,0.0664,0.792,0.3416,0.3959,-0.0543,L2
震荡-3买,偏多共振 + 多头共振,503,0.2027,0.1823,1.112,0.4215,0.3959,0.0256,L2
震荡-3买,偏多共振 + 火箭信号,53,0.0239,0.0175,1.362,0.4717,0.3959,0.0758,L2
震荡-3买,偏多共振 + 中枢进机会区,187,0.0937,0.0558,1.68,0.5241,0.3959,0.1282,L2
震荡-3买,偏多共振 + 中枢极限底,97,0.0516,0.0269,1.916,0.5567,0.3959,0.1608,L2
震荡-3买,偏多共振 + 中枢上穿中轴,194,0.0755,0.0721,1.048,0.4072,0.3959,0.0113,L2
震荡-3买,偏多共振 + 中枢底部蓄力,110,0.0516,0.0351,1.471,0.4909,0.3959,0.095,L2
震荡-3买,偏多共振 + 中枢底部回升,227,0.1099,0.0702,1.567,0.5066,0.3959,0.1107,L2
震荡-3买,偏多共振 + 大盘多头,238,0.0698,0.1034,0.675,0.3067,0.3959,-0.0892,L2
震荡-3买,偏多共振 + 大盘空头,81,0.0296,0.0313,0.946,0.3827,0.3959,-0.0132,L2
震荡-3买,偏多共振 + 大盘安全,321,0.0985,0.1366,0.721,0.3209,0.3959,-0.075,L2
震荡-3买,偏多共振 + SID等于1,238,0.0698,0.1034,0.675,0.3067,0.3959,-0.0892,L2
震荡-3买,偏多共振 + SID等于2,505,0.2027,0.1836,1.104,0.4198,0.3959,0.0239,L2
震荡-3买,偏多共振 + SID小于等于2,505,0.2027,0.1836,1.104,0.4198,0.3959,0.0239,L2
震荡-3买,偏多共振 + 大盘5日上涨,306,0.0994,0.1266,0.786,0.3399,0.3959,-0.056,L2
震荡-3买,偏多共振 + 相对强弱大于0,254,0.0975,0.0952,1.024,0.4016,0.3959,0.0057,L2
震荡-3买,偏多共振 + 相对强弱大于5,83,0.0402,0.0257,1.563,0.506,0.3959,0.1101,L2
震荡-3买,偏多共振 + 量比>=1.3,68,0.0315,0.0219,1.439,0.4853,0.3959,0.0894,L2
震荡-3买,偏多共振 + 距前高<=10%,78,0.0229,0.0338,0.678,0.3077,0.3959,-0.0882,L2
震荡-3买,偏多共振 + 距前低<=10%,137,0.0612,0.0457,1.338,0.4672,0.3959,0.0712,L2
震荡-3买,偏多共振 + 相对强弱>=0,55,0.0229,0.0194,1.181,0.4364,0.3959,0.0405,L2
震荡-3买,多头共振 + 火箭信号,53,0.0239,0.0175,1.362,0.4717,0.3959,0.0758,L2
震荡-3买,多头共振 + 中枢进机会区,187,0.0937,0.0558,1.68,0.5241,0.3959,0.1282,L2
震荡-3买,多头共振 + 中枢极限底,97,0.0516,0.0269,1.916,0.5567,0.3959,0.1608,L2
震荡-3买,多头共振 + 中枢上穿中轴,193,0.0755,0.0714,1.057,0.4093,0.3959,0.0134,L2
震荡-3买,多头共振 + 中枢底部蓄力,110,0.0516,0.0351,1.471,0.4909,0.3959,0.095,L2
震荡-3买,多头共振 + 中枢底部回升,227,0.1099,0.0702,1.567,0.5066,0.3959,0.1107,L2
震荡-3买,多头共振 + 大盘多头,237,0.0698,0.1028,0.679,0.308,0.3959,-0.0879,L2
震荡-3买,多头共振 + 大盘空头,81,0.0296,0.0313,0.946,0.3827,0.3959,-0.0132,L2
震荡-3买,多头共振 + 大盘安全,319,0.0985,0.1353,0.728,0.3229,0.3959,-0.073,L2
震荡-3买,多头共振 + SID等于1,237,0.0698,0.1028,0.679,0.308,0.3959,-0.0879,L2
震荡-3买,多头共振 + SID等于2,503,0.2027,0.1823,1.112,0.4215,0.3959,0.0256,L2
震荡-3买,多头共振 + SID小于等于2,503,0.2027,0.1823,1.112,0.4215,0.3959,0.0256,L2
震荡-3买,多头共振 + 大盘5日上涨,304,0.0994,0.1253,0.793,0.3421,0.3959,-0.0538,L2
震荡-3买,多头共振 + 相对强弱大于0,254,0.0975,0.0952,1.024,0.4016,0.3959,0.0057,L2
震荡-3买,多头共振 + 相对强弱大于5,83,0.0402,0.0257,1.563,0.506,0.3959,0.1101,L2
震荡-3买,多头共振 + 量比>=1.3,68,0.0315,0.0219,1.439,0.4853,0.3959,0.0894,L2
震荡-3买,多头共振 + 距前高<=10%,77,0.0229,0.0332,0.691,0.3117,0.3959,-0.0842,L2
震荡-3买,多头共振 + 距前低<=10%,135,0.0612,0.0445,1.375,0.4741,0.3959,0.0782,L2
震荡-3买,多头共振 + 相对强弱>=0,55,0.0229,0.0194,1.181,0.4364,0.3959,0.0405,L2
震荡-3买,火箭信号 + 中枢进机会区,89,0.0478,0.0244,1.956,0.5618,0.3959,0.1659,L2
震荡-3买,火箭信号 + 中枢极限底,76,0.043,0.0194,2.215,0.5921,0.3959,0.1962,L2
震荡-3买,火箭信号 + 中枢上穿中轴,126,0.066,0.0357,1.847,0.5476,0.3959,0.1517,L2
震荡-3买,火箭信号 + 中枢底部蓄力,108,0.0564,0.0307,1.837,0.5463,0.3959,0.1504,L2
震荡-3买,火箭信号 + 中枢底部回升,151,0.0832,0.0401,2.074,0.5762,0.3959,0.1802,L2
震荡-3买,火箭信号 + 大盘多头,55,0.021,0.0207,1.017,0.4,0.3959,0.0041,L2
震荡-3买,火箭信号 + 大盘安全,105,0.0402,0.0395,1.017,0.4,0.3959,0.0041,L2
震荡-3买,火箭信号 + SID等于1,55,0.021,0.0207,1.017,0.4,0.3959,0.0041,L2
震荡-3买,火箭信号 + SID等于2,195,0.0985,0.0576,1.708,0.5282,0.3959,0.1323,L2
震荡-3买,火箭信号 + SID小于等于2,195,0.0985,0.0576,1.708,0.5282,0.3959,0.1323,L2
震荡-3买,火箭信号 + 大盘5日上涨,98,0.0373,0.037,1.009,0.398,0.3959,0.002,L2
震荡-3买,火箭信号 + 相对强弱大于0,154,0.0755,0.047,1.607,0.513,0.3959,0.1171,L2
震荡-3买,火箭信号 + 相对强弱大于5,104,0.0507,0.032,1.586,0.5096,0.3959,0.1137,L2
震荡-3买,火箭信号 + 量比>=1.3,67,0.0449,0.0125,3.586,0.7015,0.3959,0.3056,L2
震荡-3买,火箭信号 + 距前低<=10%,72,0.0382,0.0201,1.907,0.5556,0.3959,0.1596,L2
震荡-3买,极限抄底 + 中枢极限底,74,0.0478,0.015,3.179,0.6757,0.3959,0.2798,L2
震荡-3买,极限抄底 + 中枢底部蓄力,131,0.0707,0.0357,1.981,0.5649,0.3959,0.169,L2
震荡-3买,极限抄底 + 中枢底部回升,143,0.0803,0.037,2.172,0.5874,0.3959,0.1915,L2
震荡-3买,极限抄底 + SID等于2,144,0.0813,0.037,2.198,0.5903,0.3959,0.1944,L2
震荡-3买,极限抄底 + SID小于等于2,144,0.0813,0.037,2.198,0.5903,0.3959,0.1944,L2
震荡-3买,极限抄底 + 量比>=1.3,72,0.0545,0.0094,5.798,0.7917,0.3959,0.3958,L2
震荡-3买,极限抄底 + 距前低<=10%,75,0.0325,0.0257,1.265,0.4533,0.3959,0.0574,L2
震荡-3买,中枢进机会区 + 中枢极限底,604,0.2562,0.2105,1.217,0.4437,0.3959,0.0478,L2
震荡-3买,中枢进机会区 + 中枢上穿中轴,179,0.087,0.0551,1.578,0.5084,0.3959,0.1125,L2
震荡-3买,中枢进机会区 + 中枢底部蓄力,758,0.26,0.3045,0.854,0.3588,0.3959,-0.0371,L2
震荡-3买,中枢进机会区 + 中枢底部回升,1059,0.4216,0.3872,1.089,0.4164,0.3959,0.0205,L2
震荡-3买,中枢进机会区 + 大盘多头,454,0.13,0.1992,0.653,0.2996,0.3959,-0.0964,L2
震荡-3买,中枢进机会区 + 大盘空头,242,0.0641,0.1096,0.584,0.2769,0.3959,-0.1191,L2
震荡-3买,中枢进机会区 + 大盘安全,688,0.1931,0.3045,0.634,0.2936,0.3959,-0.1023,L2
震荡-3买,中枢进机会区 + SID等于1,454,0.13,0.1992,0.653,0.2996,0.3959,-0.0964,L2
震荡-3买,中枢进机会区 + SID等于2,1121,0.4417,0.4129,1.07,0.4121,0.3959,0.0162,L2
震荡-3买,中枢进机会区 + SID小于等于2,1121,0.4417,0.4129,1.07,0.4121,0.3959,0.0162,L2
震荡-3买,中枢进机会区 + 大盘5日上涨,690,0.1941,0.3051,0.636,0.2942,0.3959,-0.1017,L2
震荡-3买,中枢进机会区 + 相对强弱大于0,423,0.1702,0.1535,1.109,0.4208,0.3959,0.0249,L2
震荡-3买,中枢进机会区 + 相对强弱大于5,103,0.0478,0.0332,1.439,0.4854,0.3959,0.0895,L2
震荡-3买,中枢进机会区 + 量比>=1.3,216,0.1138,0.0608,1.872,0.5509,0.3959,0.155,L2
震荡-3买,中枢进机会区 + 量比>=2,50,0.0258,0.0144,1.791,0.54,0.3959,0.1441,L2
震荡-3买,中枢进机会区 + 距前高<=10%,71,0.0249,0.0282,0.882,0.3662,0.3959,-0.0297,L2
震荡-3买,中枢进机会区 + 距前低<=10%,655,0.2247,0.2632,0.854,0.3588,0.3959,-0.0371,L2
震荡-3买,中枢进机会区 + 相对强弱>=0,99,0.0335,0.0401,0.834,0.3535,0.3959,-0.0424,L2
震荡-3买,中枢极限底 + 中枢上穿中轴,135,0.0641,0.0426,1.503,0.4963,0.3959,0.1004,L2
震荡-3买,中枢极限底 + 中枢底部蓄力,1022,0.3815,0.3904,0.977,0.3904,0.3959,-0.0055,L2
震荡-3买,中枢极限底 + 中枢底部回升,1155,0.4598,0.4223,1.089,0.4165,0.3959,0.0205,L2
震荡-3买,中枢极限底 + 大盘多头,398,0.1138,0.1748,0.651,0.299,0.3959,-0.0969,L2
震荡-3买,中枢极限底 + 大盘空头,307,0.0822,0.1385,0.594,0.2801,0.3959,-0.1158,L2
震荡-3买,中枢极限底 + 大盘安全,689,0.1874,0.3089,0.607,0.2845,0.3959,-0.1114,L2
震荡-3买,中枢极限底 + SID等于1,398,0.1138,0.1748,0.651,0.299,0.3959,-0.0969,L2
震荡-3买,中枢极限底 + SID等于2,1169,0.4665,0.4267,1.093,0.4175,0.3959,0.0215,L2
震荡-3买,中枢极限底 + SID小于等于2,1169,0.4665,0.4267,1.093,0.4175,0.3959,0.0215,L2
震荡-3买,中枢极限底 + 大盘5日上涨,715,0.1979,0.3183,0.622,0.2895,0.3959,-0.1064,L2
震荡-3买,中枢极限底 + 相对强弱大于0,377,0.1434,0.1422,1.008,0.3979,0.3959,0.002,L2
震荡-3买,中枢极限底 + 相对强弱大于5,101,0.0449,0.0338,1.328,0.4653,0.3959,0.0694,L2
震荡-3买,中枢极限底 + 量比>=1.3,273,0.1625,0.0645,2.518,0.6227,0.3959,0.2268,L2
震荡-3买,中枢极限底 + 量比>=2,66,0.0411,0.0144,2.853,0.6515,0.3959,0.2556,L2
震荡-3买,中枢极限底 + 深跌(距前高>40%),55,0.021,0.0207,1.017,0.4,0.3959,0.0041,L2
震荡-3买,中枢极限底 + 距前低<=10%,763,0.2495,0.3145,0.793,0.3421,0.3959,-0.0538,L2
震荡-3买,中枢极限底 + 相对强弱>=0,86,0.0258,0.037,0.698,0.314,0.3959,-0.082,L2
震荡-3买,中枢上穿中轴 + 中枢底部蓄力,147,0.0621,0.0514,1.209,0.4422,0.3959,0.0463,L2
震荡-3买,中枢上穿中轴 + 中枢底部回升,269,0.1281,0.0846,1.515,0.4981,0.3959,0.1022,L2
震荡-3买,中枢上穿中轴 + 大盘多头,230,0.0851,0.0883,0.963,0.387,0.3959,-0.009,L2
震荡-3买,中枢上穿中轴 + 大盘空头,111,0.0392,0.0439,0.894,0.3694,0.3959,-0.0265,L2
震荡-3买,中枢上穿中轴 + 大盘安全,343,0.13,0.1297,1.002,0.3965,0.3959,0.0006,L2
震荡-3买,中枢上穿中轴 + SID等于1,230,0.0851,0.0883,0.963,0.387,0.3959,-0.009,L2
震荡-3买,中枢上穿中轴 + SID等于2,494,0.217,0.1673,1.297,0.4595,0.3959,0.0636,L2
震荡-3买,中枢上穿中轴 + SID小于等于2,494,0.217,0.1673,1.297,0.4595,0.3959,0.0636,L2
震荡-3买,中枢上穿中轴 + 大盘5日上涨,330,0.1224,0.1266,0.967,0.3879,0.3959,-0.008,L2
震荡-3买,中枢上穿中轴 + 相对强弱大于0,376,0.1587,0.1316,1.206,0.4415,0.3959,0.0456,L2
震荡-3买,中枢上穿中轴 + 相对强弱大于5,161,0.0727,0.0533,1.364,0.472,0.3959,0.0761,L2
震荡-3买,中枢上穿中轴 + 量比>=1.3,121,0.0612,0.0357,1.713,0.5289,0.3959,0.133,L2
震荡-3买,中枢上穿中轴 + 距前高<=10%,101,0.0392,0.0376,1.043,0.4059,0.3959,0.01,L2
震荡-3买,中枢上穿中轴 + 距前低<=10%,190,0.0889,0.0608,1.463,0.4895,0.3959,0.0936,L2
震荡-3买,中枢上穿中轴 + 相对强弱>=0,77,0.0344,0.0257,1.34,0.4675,0.3959,0.0716,L2
震荡-3买,中枢底部蓄力 + 中枢底部回升,1685,0.5937,0.6667,0.891,0.3685,0.3959,-0.0274,L2
震荡-3买,中枢底部蓄力 + 大盘多头,600,0.1702,0.2644,0.644,0.2967,0.3959,-0.0992,L2
震荡-3买,中枢底部蓄力 + 大盘空头,501,0.1329,0.2268,0.586,0.2774,0.3959,-0.1185,L2
震荡-3买,中枢底部蓄力 + 大盘安全,1052,0.2887,0.4699,0.614,0.2871,0.3959,-0.1088,L2
震荡-3买,中枢底部蓄力 + SID等于1,600,0.1702,0.2644,0.644,0.2967,0.3959,-0.0992,L2
震荡-3买,中枢底部蓄力 + SID等于2,1710,0.6013,0.6773,0.888,0.3678,0.3959,-0.0281,L2
震荡-3买,中枢底部蓄力 + SID小于等于2,1710,0.6013,0.6773,0.888,0.3678,0.3959,-0.0281,L2
震荡-3买,中枢底部蓄力 + 大盘5日上涨,1096,0.3002,0.49,0.613,0.2865,0.3959,-0.1094,L2
震荡-3买,中枢底部蓄力 + 相对强弱大于0,494,0.1663,0.2005,0.83,0.3522,0.3959,-0.0437,L2
震荡-3买,中枢底部蓄力 + 相对强弱大于5,121,0.0478,0.0445,1.075,0.4132,0.3959,0.0173,L2
震荡-3买,中枢底部蓄力 + 量比>=1.3,351,0.1864,0.0977,1.907,0.5556,0.3959,0.1596,L2
震荡-3买,中枢底部蓄力 + 量比>=2,85,0.0478,0.0219,2.18,0.5882,0.3959,0.1923,L2
震荡-3买,中枢底部蓄力 + 深跌(距前高>40%),125,0.0449,0.0489,0.919,0.376,0.3959,-0.0199,L2
震荡-3买,中枢底部蓄力 + 距前低<=10%,1177,0.3489,0.5088,0.686,0.3101,0.3959,-0.0858,L2
震荡-3买,中枢底部蓄力 + 相对强弱>=0,93,0.021,0.0445,0.473,0.2366,0.3959,-0.1594,L2
震荡-3买,中枢底部回升 + 大盘多头,749,0.2294,0.3189,0.719,0.3204,0.3959,-0.0755,L2
震荡-3买,中枢底部回升 + 大盘空头,547,0.1511,0.2437,0.62,0.2888,0.3959,-0.1071,L2
震荡-3买,中枢底部回升 + 大盘安全,1237,0.3642,0.5363,0.679,0.308,0.3959,-0.0879,L2
震荡-3买,中枢底部回升 + SID等于1,749,0.2294,0.3189,0.719,0.3204,0.3959,-0.0755,L2
震荡-3买,中枢底部回升 + SID等于2,2075,0.7925,0.7807,1.015,0.3995,0.3959,0.0036,L2
震荡-3买,中枢底部回升 + SID小于等于2,2075,0.7925,0.7807,1.015,0.3995,0.3959,0.0036,L2
震荡-3买,中枢底部回升 + 大盘5日上涨,1281,0.3757,0.5564,0.675,0.3068,0.3959,-0.0891,L2
震荡-3买,中枢底部回升 + 相对强弱大于0,683,0.2562,0.26,0.985,0.3924,0.3959,-0.0035,L2
震荡-3买,中枢底部回升 + 相对强弱大于5,180,0.0774,0.062,1.248,0.45,0.3959,0.0541,L2
震荡-3买,中枢底部回升 + 量比>=1.3,432,0.2333,0.1178,1.98,0.5648,0.3959,0.1689,L2
震荡-3买,中枢底部回升 + 量比>=2,102,0.0583,0.0257,2.27,0.598,0.3959,0.2021,L2
震荡-3买,中枢底部回升 + 距前高<=10%,91,0.0306,0.037,0.828,0.3516,0.3959,-0.0443,L2
震荡-3买,中枢底部回升 + 深跌(距前高>40%),129,0.0468,0.0501,0.935,0.3798,0.3959,-0.0161,L2
震荡-3买,中枢底部回升 + 距前低<=10%,1335,0.4264,0.557,0.765,0.3341,0.3959,-0.0618,L2
震荡-3买,中枢底部回升 + 相对强弱>=0,141,0.0411,0.0614,0.669,0.305,0.3959,-0.0909,L2
震荡-3买,大盘多头 + 大盘安全,1070,0.3413,0.4467,0.764,0.3336,0.3959,-0.0623,L2
震荡-3买,大盘多头 + SID等于1,1070,0.3413,0.4467,0.764,0.3336,0.3959,-0.0623,L2
震荡-3买,大盘多头 + SID等于2,1070,0.3413,0.4467,0.764,0.3336,0.3959,-0.0623,L2
震荡-3买,大盘多头 + SID小于等于2,1070,0.3413,0.4467,0.764,0.3336,0.3959,-0.0623,L2
震荡-3买,大盘多头 + 大盘5日上涨,965,0.3002,0.4079,0.736,0.3254,0.3959,-0.0705,L2
震荡-3买,大盘多头 + 相对强弱大于0,365,0.1243,0.1472,0.844,0.3562,0.3959,-0.0397,L2
震荡-3买,大盘多头 + 相对强弱大于5,76,0.0315,0.0269,1.171,0.4342,0.3959,0.0383,L2
震荡-3买,大盘多头 + 量比>=1.3,100,0.0287,0.0439,0.654,0.3,0.3959,-0.0959,L2
震荡-3买,大盘多头 + 距前高<=10%,103,0.0306,0.0445,0.688,0.3107,0.3959,-0.0852,L2
震荡-3买,大盘多头 + 距前低<=10%,540,0.1625,0.2318,0.701,0.3148,0.3959,-0.0811,L2
震荡-3买,大盘多头 + 相对强弱>=0,58,0.0182,0.0244,0.743,0.3276,0.3959,-0.0683,L2
震荡-3买,大盘空头 + 大盘安全,473,0.1386,0.2055,0.675,0.3066,0.3959,-0.0894,L2
震荡-3买,大盘空头 + SID等于2,635,0.1797,0.2801,0.642,0.2961,0.3959,-0.0998,L2
震荡-3买,大盘空头 + SID小于等于2,635,0.1797,0.2801,0.642,0.2961,0.3959,-0.0998,L2
震荡-3买,大盘空头 + 大盘5日上涨,492,0.1491,0.2105,0.708,0.3171,0.3959,-0.0788,L2
震荡-3买,大盘空头 + 相对强弱大于0,248,0.0717,0.1084,0.661,0.3024,0.3959,-0.0935,L2
震荡-3买,大盘空头 + 相对强弱大于5,62,0.0191,0.0263,0.727,0.3226,0.3959,-0.0733,L2
震荡-3买,大盘空头 + 量比>=1.3,101,0.022,0.0489,0.45,0.2277,0.3959,-0.1682,L2
震荡-3买,大盘空头 + 距前低<=10%,461,0.1281,0.2049,0.625,0.2907,0.3959,-0.1052,L2
震荡-3买,大盘安全 + SID等于1,1070,0.3413,0.4467,0.764,0.3336,0.3959,-0.0623,L2
震荡-3买,大盘安全 + SID等于2,1663,0.5163,0.7036,0.734,0.3247,0.3959,-0.0712,L2
震荡-3买,大盘安全 + SID小于等于2,1663,0.5163,0.7036,0.734,0.3247,0.3959,-0.0712,L2
震荡-3买,大盘安全 + 大盘5日上涨,1558,0.4751,0.6648,0.715,0.319,0.3959,-0.0769,L2
震荡-3买,大盘安全 + 相对强弱大于0,577,0.1883,0.2381,0.791,0.3414,0.3959,-0.0545,L2
震荡-3买,大盘安全 + 相对强弱大于5,127,0.0507,0.0464,1.093,0.4173,0.3959,0.0214,L2
震荡-3买,大盘安全 + 量比>=1.3,185,0.0507,0.0827,0.613,0.2865,0.3959,-0.1094,L2
震荡-3买,大盘安全 + 距前高<=10%,148,0.0478,0.0614,0.778,0.3378,0.3959,-0.0581,L2
震荡-3买,大盘安全 + 距前低<=10%,965,0.2859,0.4173,0.685,0.3098,0.3959,-0.0861,L2
震荡-3买,大盘安全 + 相对强弱>=0,82,0.022,0.037,0.595,0.2805,0.3959,-0.1154,L2
震荡-3买,SID等于1 + SID等于2,1070,0.3413,0.4467,0.764,0.3336,0.3959,-0.0623,L2
震荡-3买,SID等于1 + SID小于等于2,1070,0.3413,0.4467,0.764,0.3336,0.3959,-0.0623,L2
震荡-3买,SID等于1 + 大盘5日上涨,965,0.3002,0.4079,0.736,0.3254,0.3959,-0.0705,L2
震荡-3买,SID等于1 + 相对强弱大于0,365,0.1243,0.1472,0.844,0.3562,0.3959,-0.0397,L2
震荡-3买,SID等于1 + 相对强弱大于5,76,0.0315,0.0269,1.171,0.4342,0.3959,0.0383,L2
震荡-3买,SID等于1 + 量比>=1.3,100,0.0287,0.0439,0.654,0.3,0.3959,-0.0959,L2
震荡-3买,SID等于1 + 距前高<=10%,103,0.0306,0.0445,0.688,0.3107,0.3959,-0.0852,L2
震荡-3买,SID等于1 + 距前低<=10%,540,0.1625,0.2318,0.701,0.3148,0.3959,-0.0811,L2
震荡-3买,SID等于1 + 相对强弱>=0,58,0.0182,0.0244,0.743,0.3276,0.3959,-0.0683,L2
震荡-3买,SID等于2 + SID小于等于2,2642,1.0,1.0,1.0,0.3959,0.3959,0.0,L2
震荡-3买,SID等于2 + 大盘5日上涨,1679,0.5115,0.7168,0.714,0.3186,0.3959,-0.0773,L2
震荡-3买,SID等于2 + 相对强弱大于0,982,0.3709,0.3722,0.997,0.3951,0.3959,-0.0008,L2
震荡-3买,SID等于2 + 相对强弱大于5,258,0.1147,0.0865,1.327,0.4651,0.3959,0.0692,L2
震荡-3买,SID等于2 + 量比>=1.3,511,0.2639,0.1472,1.792,0.5401,0.3959,0.1442,L2
震荡-3买,SID等于2 + 量比>=2,117,0.066,0.0301,2.193,0.5897,0.3959,0.1938,L2
震荡-3买,SID等于2 + 距前高<=10%,206,0.0717,0.0821,0.874,0.3641,0.3959,-0.0318,L2
震荡-3买,SID等于2 + 深跌(距前高>40%),132,0.0468,0.052,0.901,0.3712,0.3959,-0.0247,L2
震荡-3买,SID等于2 + 距前低<=10%,1463,0.4914,0.5946,0.826,0.3513,0.3959,-0.0446,L2
震荡-3买,SID等于2 + 相对强弱>=0,207,0.0736,0.0815,0.904,0.372,0.3959,-0.0239,L2
震荡-3买,SID小于等于2 + 大盘5日上涨,1679,0.5115,0.7168,0.714,0.3186,0.3959,-0.0773,L2
震荡-3买,SID小于等于2 + 相对强弱大于0,982,0.3709,0.3722,0.997,0.3951,0.3959,-0.0008,L2
震荡-3买,SID小于等于2 + 相对强弱大于5,258,0.1147,0.0865,1.327,0.4651,0.3959,0.0692,L2
震荡-3买,SID小于等于2 + 量比>=1.3,511,0.2639,0.1472,1.792,0.5401,0.3959,0.1442,L2
震荡-3买,SID小于等于2 + 量比>=2,117,0.066,0.0301,2.193,0.5897,0.3959,0.1938,L2
震荡-3买,SID小于等于2 + 距前高<=10%,206,0.0717,0.0821,0.874,0.3641,0.3959,-0.0318,L2
震荡-3买,SID小于等于2 + 深跌(距前高>40%),132,0.0468,0.052,0.901,0.3712,0.3959,-0.0247,L2
震荡-3买,SID小于等于2 + 距前低<=10%,1463,0.4914,0.5946,0.826,0.3513,0.3959,-0.0446,L2
震荡-3买,SID小于等于2 + 相对强弱>=0,207,0.0736,0.0815,0.904,0.372,0.3959,-0.0239,L2
震荡-3买,大盘5日上涨 + 相对强弱大于0,572,0.174,0.2444,0.712,0.3182,0.3959,-0.0777,L2
震荡-3买,大盘5日上涨 + 相对强弱大于5,122,0.0468,0.0457,1.024,0.4016,0.3959,0.0057,L2
震荡-3买,大盘5日上涨 + 量比>=1.3,182,0.0488,0.0821,0.594,0.2802,0.3959,-0.1157,L2
震荡-3买,大盘5日上涨 + 距前高<=10%,154,0.0497,0.0639,0.778,0.3377,0.3959,-0.0582,L2
震荡-3买,大盘5日上涨 + 深跌(距前高>40%),51,0.0124,0.0238,0.522,0.2549,0.3959,-0.141,L2
震荡-3买,大盘5日上涨 + 距前低<=10%,991,0.2906,0.4305,0.675,0.3068,0.3959,-0.0892,L2
震荡-3买,大盘5日上涨 + 相对强弱>=0,84,0.0163,0.042,0.387,0.2024,0.3959,-0.1935,L2
震荡-3买,相对强弱大于0 + 相对强弱大于5,258,0.1147,0.0865,1.327,0.4651,0.3959,0.0692,L2
震荡-3买,相对强弱大于0 + 量比>=1.3,210,0.0937,0.0702,1.335,0.4667,0.3959,0.0708,L2
震荡-3买,相对强弱大于0 + 量比>=2,55,0.0306,0.0144,2.123,0.5818,0.3959,0.1859,L2
震荡-3买,相对强弱大于0 + 距前高<=10%,138,0.0449,0.057,0.788,0.3406,0.3959,-0.0553,L2
震荡-3买,相对强弱大于0 + 距前低<=10%,505,0.1769,0.2005,0.882,0.3663,0.3959,-0.0296,L2
震荡-3买,相对强弱大于0 + 相对强弱>=0,207,0.0736,0.0815,0.904,0.372,0.3959,-0.0239,L2
震荡-3买,相对强弱大于5 + 量比>=1.3,87,0.0459,0.0244,1.878,0.5517,0.3959,0.1558,L2
震荡-3买,相对强弱大于5 + 距前低<=10%,113,0.044,0.042,1.048,0.4071,0.3959,0.0112,L2
震荡-3买,相对强弱大于5 + 相对强弱>=0,83,0.0363,0.0282,1.288,0.4578,0.3959,0.0619,L2
震荡-3买,量比>=1.3 + 量比>=2,117,0.066,0.0301,2.193,0.5897,0.3959,0.1938,L2
震荡-3买,量比>=1.3 + 距前低<=10%,227,0.0927,0.0815,1.138,0.4273,0.3959,0.0314,L2
震荡-3买,量比>=1.3 + 相对强弱>=0,68,0.0268,0.0251,1.068,0.4118,0.3959,0.0159,L2
震荡-3买,距前高<=10% + 距前低<=10%,105,0.0411,0.0388,1.058,0.4095,0.3959,0.0136,L2
震荡-3买,距前高<=10% + 相对强弱>=0,53,0.0201,0.0201,1.001,0.3962,0.3959,0.0003,L2
震荡-3买,深跌(距前高>40%) + 距前低<=10%,65,0.0134,0.032,0.419,0.2154,0.3959,-0.1805,L2
震荡-3买,距前低<=10% + 相对强弱>=0,112,0.0315,0.0495,0.637,0.2946,0.3959,-0.1013,L2
震荡-3买,极限抄底 + 量比>=1.3 + 量比大于2,50,0.0382,0.0063,6.103,0.8,0.3959,0.4041,L3
震荡-3买,极限抄底 + 量比>=1.3 + 量能递增,54,0.0411,0.0069,5.965,0.7963,0.3959,0.4004,L3
震荡-3买,极限抄底 + 量比>=1.3 + 价涨量增,58,0.044,0.0075,5.849,0.7931,0.3959,0.3972,L3
震荡-3买,极限抄底 + 量比>=1.3 + 量比大于1_3,72,0.0545,0.0094,5.798,0.7917,0.3959,0.3958,L3
震荡-3买,极限抄底 + 量比>=1.3 + 放量,62,0.0478,0.0075,6.358,0.8065,0.3959,0.4105,L3
震荡-3买,极限抄底 + 量比>=1.3 + KDJ低位金叉,63,0.0468,0.0088,5.34,0.7778,0.3959,0.3819,L3
震荡-3买,极限抄底 + 量比大于2 + 量能递增,54,0.0354,0.0107,3.321,0.6852,0.3959,0.2893,L3
震荡-3买,极限抄底 + 量比大于2 + 价涨量增,60,0.0382,0.0125,3.052,0.6667,0.3959,0.2708,L3
震荡-3买,极限抄底 + 量比大于2 + 量比大于1_3,69,0.044,0.0144,3.052,0.6667,0.3959,0.2708,L3
震荡-3买,极限抄底 + 量比大于2 + 放量,65,0.0411,0.0138,2.982,0.6615,0.3959,0.2656,L3
震荡-3买,极限抄底 + 量比大于2 + KDJ低位金叉,56,0.0354,0.0119,2.971,0.6607,0.3959,0.2648,L3
震荡-3买,极限抄底 + 量能递增 + 价涨量增,70,0.0449,0.0144,3.118,0.6714,0.3959,0.2755,L3
震荡-3买,极限抄底 + 量能递增 + 量比大于1_3,76,0.0488,0.0157,3.113,0.6711,0.3959,0.2751,L3
震荡-3买,极限抄底 + 量能递增 + 放量,81,0.0516,0.0169,3.052,0.6667,0.3959,0.2708,L3
震荡-3买,极限抄底 + 量能递增 + KDJ低位金叉,66,0.0411,0.0144,2.853,0.6515,0.3959,0.2556,L3
震荡-3买,极限抄底 + 价涨量增 + 量比大于1_3,82,0.0526,0.0169,3.108,0.6707,0.3959,0.2748,L3
震荡-3买,极限抄底 + 价涨量增 + 放量,85,0.0545,0.0175,3.106,0.6706,0.3959,0.2747,L3
震荡-3买,极限抄底 + 价涨量增 + KDJ低位金叉,69,0.044,0.0144,3.052,0.6667,0.3959,0.2708,L3
震荡-3买,极限抄底 + 量比大于1_3 + 放量,96,0.0612,0.0201,3.052,0.6667,0.3959,0.2708,L3
震荡-3买,极限抄底 + 量比大于1_3 + KDJ低位金叉,94,0.0602,0.0194,3.101,0.6702,0.3959,0.2743,L3
震荡-3买,极限抄底 + 放量 + KDJ低位金叉,80,0.0507,0.0169,2.995,0.6625,0.3959,0.2666,L3
震荡-3买,量比>=2 + 量比>=1.3 + 量比大于2,117,0.066,0.0301,2.193,0.5897,0.3959,0.1938,L3
震荡-3买,量比>=2 + 量比>=1.3 + 量能金叉,60,0.0344,0.015,2.289,0.6,0.3959,0.2041,L3
震荡-3买,量比>=2 + 量比>=1.3 + 量能递增,102,0.0564,0.0269,2.094,0.5784,0.3959,0.1825,L3
震荡-3买,量比>=2 + 量比>=1.3 + 价涨量增,114,0.065,0.0288,2.256,0.5965,0.3959,0.2006,L3
震荡-3买,量比>=2 + 量比>=1.3 + 量比大于1_3,117,0.066,0.0301,2.193,0.5897,0.3959,0.1938,L3
震荡-3买,量比>=2 + 量比>=1.3 + 放量,115,0.065,0.0294,2.208,0.5913,0.3959,0.1954,L3
震荡-3买,量比>=2 + 量比>=1.3 + KDJ低位金叉,55,0.0373,0.01,3.719,0.7091,0.3959,0.3132,L3
震荡-3买,量比>=2 + 量比大于2 + 量能金叉,60,0.0344,0.015,2.289,0.6,0.3959,0.2041,L3
震荡-3买,量比>=2 + 量比大于2 + 量能递增,102,0.0564,0.0269,2.094,0.5784,0.3959,0.1825,L3
震荡-3买,量比>=2 + 量比大于2 + 价涨量增,114,0.065,0.0288,2.256,0.5965,0.3959,0.2006,L3
震荡-3买,量比>=2 + 量比大于2 + 量比大于1_3,117,0.066,0.0301,2.193,0.5897,0.3959,0.1938,L3
震荡-3买,量比>=2 + 量比大于2 + 放量,115,0.065,0.0294,2.208,0.5913,0.3959,0.1954,L3
震荡-3买,量比>=2 + 量比大于2 + KDJ低位金叉,55,0.0373,0.01,3.719,0.7091,0.3959,0.3132,L3
震荡-3买,量比>=2 + 量能金叉 + 量能递增,58,0.0335,0.0144,2.322,0.6034,0.3959,0.2075,L3
震荡-3买,量比>=2 + 量能金叉 + 价涨量增,60,0.0344,0.015,2.289,0.6,0.3959,0.2041,L3
震荡-3买,量比>=2 + 量能金叉 + 量比大于1_3,60,0.0344,0.015,2.289,0.6,0.3959,0.2041,L3
震荡-3买,量比>=2 + 量能金叉 + 放量,60,0.0344,0.015,2.289,0.6,0.3959,0.2041,L3
震荡-3买,量比>=2 + 量能递增 + 价涨量增,102,0.0564,0.0269,2.094,0.5784,0.3959,0.1825,L3
震荡-3买,量比>=2 + 量能递增 + 量比大于1_3,102,0.0564,0.0269,2.094,0.5784,0.3959,0.1825,L3
震荡-3买,量比>=2 + 量能递增 + 放量,102,0.0564,0.0269,2.094,0.5784,0.3959,0.1825,L3
震荡-3买,量比>=2 + 价涨量增 + 量比大于1_3,114,0.065,0.0288,2.256,0.5965,0.3959,0.2006,L3
震荡-3买,量比>=2 + 价涨量增 + 放量,114,0.065,0.0288,2.256,0.5965,0.3959,0.2006,L3
震荡-3买,量比>=2 + 价涨量增 + KDJ低位金叉,52,0.0363,0.0088,4.141,0.7308,0.3959,0.3349,L3
震荡-3买,量比>=2 + 量比大于1_3 + 放量,115,0.065,0.0294,2.208,0.5913,0.3959,0.1954,L3
震荡-3买,量比>=2 + 量比大于1_3 + KDJ低位金叉,55,0.0373,0.01,3.719,0.7091,0.3959,0.3132,L3
震荡-3买,量比>=2 + 放量 + KDJ低位金叉,53,0.0363,0.0094,3.865,0.717,0.3959,0.3211,L3
震荡-3买,量比>=1.3 + 火箭信号 + 量比大于2,54,0.0325,0.0125,2.594,0.6296,0.3959,0.2337,L3
震荡-3买,量比>=1.3 + 火箭信号 + 量能递增,57,0.0373,0.0113,3.306,0.6842,0.3959,0.2883,L3
震荡-3买,量比>=1.3 + 火箭信号 + 价涨量增,64,0.043,0.0119,3.614,0.7031,0.3959,0.3072,L3
震荡-3买,量比>=1.3 + 火箭信号 + 量比大于1_3,67,0.0449,0.0125,3.586,0.7015,0.3959,0.3056,L3
震荡-3买,量比>=1.3 + 火箭信号 + 放量,65,0.044,0.0119,3.694,0.7077,0.3959,0.3118,L3
震荡-3买,量比>=1.3 + 量比大于2 + 相对强弱大于5,70,0.0382,0.0188,2.034,0.5714,0.3959,0.1755,L3
震荡-3买,量比>=1.3 + 量比大于2 + 中枢上穿中轴,86,0.0478,0.0226,2.119,0.5814,0.3959,0.1855,L3
震荡-3买,量比>=1.3 + 量比大于2 + 量能金叉,140,0.0813,0.0345,2.358,0.6071,0.3959,0.2112,L3
震荡-3买,量比>=1.3 + 量比大于2 + 量能递增,238,0.1367,0.0595,2.297,0.6008,0.3959,0.2049,L3
震荡-3买,量比>=1.3 + 量比大于2 + 价涨量增,257,0.1482,0.0639,2.319,0.6031,0.3959,0.2072,L3
震荡-3买,量比>=1.3 + 量比大于2 + 量比大于1_3,273,0.1606,0.0658,2.441,0.6154,0.3959,0.2195,L3
震荡-3买,量比>=1.3 + 量比大于2 + 放量,264,0.1539,0.0645,2.385,0.6098,0.3959,0.2139,L3
震荡-3买,量比>=1.3 + 量比大于2 + MACD_DIF大于0,62,0.0315,0.0182,1.736,0.5323,0.3959,0.1363,L3
震荡-3买,量比>=1.3 + 量比大于2 + KDJ低位金叉,154,0.1042,0.0282,3.696,0.7078,0.3959,0.3119,L3
震荡-3买,量比>=1.3 + 量比大于2 + 站上MA34,88,0.0411,0.0282,1.458,0.4886,0.3959,0.0927,L3
震荡-3买,量比>=1.3 + 相对强弱大于5 + 中枢上穿中轴,59,0.0325,0.0157,2.075,0.5763,0.3959,0.1804,L3
震荡-3买,量比>=1.3 + 相对强弱大于5 + 量能金叉,57,0.0315,0.015,2.098,0.5789,0.3959,0.183,L3
震荡-3买,量比>=1.3 + 相对强弱大于5 + 量能递增,84,0.043,0.0244,1.761,0.5357,0.3959,0.1398,L3
震荡-3买,量比>=1.3 + 相对强弱大于5 + 价涨量增,86,0.0449,0.0244,1.839,0.5465,0.3959,0.1506,L3
震荡-3买,量比>=1.3 + 相对强弱大于5 + 量比大于1_3,87,0.0459,0.0244,1.878,0.5517,0.3959,0.1558,L3
震荡-3买,量比>=1.3 + 相对强弱大于5 + 放量,86,0.0449,0.0244,1.839,0.5465,0.3959,0.1506,L3
震荡-3买,量比>=1.3 + 相对强弱大于5 + 站上MA34,67,0.0354,0.0188,1.882,0.5522,0.3959,0.1563,L3
震荡-3买,量比>=1.3 + 中枢上穿中轴 + 量能金叉,78,0.043,0.0207,2.081,0.5769,0.3959,0.181,L3
震荡-3买,量比>=1.3 + 中枢上穿中轴 + 量能递增,104,0.0545,0.0294,1.85,0.5481,0.3959,0.1522,L3
震荡-3买,量比>=1.3 + 中枢上穿中轴 + 价涨量增,117,0.0602,0.0338,1.78,0.5385,0.3959,0.1425,L3
震荡-3买,量比>=1.3 + 中枢上穿中轴 + 量比大于1_3,121,0.0612,0.0357,1.713,0.5289,0.3959,0.133,L3
震荡-3买,量比>=1.3 + 中枢上穿中轴 + 放量,118,0.0602,0.0345,1.748,0.5339,0.3959,0.138,L3
震荡-3买,量比>=1.3 + 中枢上穿中轴 + MACD_DIF大于0,61,0.0258,0.0213,1.212,0.4426,0.3959,0.0467,L3
震荡-3买,量比>=1.3 + 中枢上穿中轴 + 站上MA34,100,0.0449,0.0332,1.353,0.47,0.3959,0.0741,L3
震荡-3买,量比>=1.3 + 量能金叉 + 量能递增,169,0.0927,0.0451,2.056,0.574,0.3959,0.1781,L3
震荡-3买,量比>=1.3 + 量能金叉 + 价涨量增,174,0.0927,0.0482,1.922,0.5575,0.3959,0.1616,L3
震荡-3买,量比>=1.3 + 量能金叉 + 量比大于1_3,182,0.0985,0.0495,1.989,0.5659,0.3959,0.17,L3
震荡-3买,量比>=1.3 + 量能金叉 + 放量,180,0.0975,0.0489,1.995,0.5667,0.3959,0.1708,L3
震荡-3买,量比>=1.3 + 量能金叉 + MACD_DIF大于0,51,0.0249,0.0157,1.587,0.5098,0.3959,0.1139,L3
震荡-3买,量比>=1.3 + 量能金叉 + KDJ低位金叉,77,0.0488,0.0163,2.993,0.6623,0.3959,0.2664,L3
震荡-3买,量比>=1.3 + 量能金叉 + 站上MA34,74,0.0335,0.0244,1.369,0.473,0.3959,0.0771,L3
震荡-3买,量比>=1.3 + 量能递增 + 价涨量增,344,0.1807,0.0971,1.861,0.5494,0.3959,0.1535,L3
震荡-3买,量比>=1.3 + 量能递增 + 量比大于1_3,357,0.1864,0.1015,1.837,0.5462,0.3959,0.1503,L3
震荡-3买,量比>=1.3 + 量能递增 + 放量,356,0.1855,0.1015,1.827,0.5449,0.3959,0.149,L3
震荡-3买,量比>=1.3 + 量能递增 + MACD_DIF大于0,85,0.0382,0.0282,1.356,0.4706,0.3959,0.0747,L3
震荡-3买,量比>=1.3 + 量能递增 + KDJ低位金叉,186,0.1166,0.0401,2.909,0.6559,0.3959,0.26,L3
震荡-3买,量比>=1.3 + 量能递增 + 站上MA34,110,0.0478,0.0376,1.272,0.4545,0.3959,0.0586,L3
震荡-3买,量比>=1.3 + 价涨量增 + 量比大于1_3,420,0.217,0.1209,1.795,0.5405,0.3959,0.1446,L3
震荡-3买,量比>=1.3 + 价涨量增 + 放量,420,0.217,0.1209,1.795,0.5405,0.3959,0.1446,L3
震荡-3买,量比>=1.3 + 价涨量增 + MACD_DIF大于0,102,0.0459,0.0338,1.356,0.4706,0.3959,0.0747,L3
震荡-3买,量比>=1.3 + 价涨量增 + 多头共振,59,0.0277,0.0188,1.475,0.4915,0.3959,0.0956,L3
震荡-3买,量比>=1.3 + 价涨量增 + KDJ低位金叉,224,0.1367,0.0508,2.694,0.6384,0.3959,0.2425,L3
震荡-3买,量比>=1.3 + 价涨量增 + 偏多共振,59,0.0277,0.0188,1.475,0.4915,0.3959,0.0956,L3
震荡-3买,量比>=1.3 + 价涨量增 + 站上MA34,127,0.0564,0.0426,1.324,0.4646,0.3959,0.0687,L3
震荡-3买,量比>=1.3 + 量比大于1_3 + 放量,456,0.2361,0.131,1.803,0.5417,0.3959,0.1458,L3
震荡-3买,量比>=1.3 + 量比大于1_3 + MACD_DIF大于0,115,0.0516,0.0382,1.351,0.4696,0.3959,0.0737,L3
震荡-3买,量比>=1.3 + 量比大于1_3 + 多头共振,68,0.0315,0.0219,1.439,0.4853,0.3959,0.0894,L3
震荡-3买,量比>=1.3 + 量比大于1_3 + KDJ低位金叉,290,0.174,0.0677,2.571,0.6276,0.3959,0.2317,L3
震荡-3买,量比>=1.3 + 量比大于1_3 + 偏多共振,68,0.0315,0.0219,1.439,0.4853,0.3959,0.0894,L3
震荡-3买,量比>=1.3 + 量比大于1_3 + 站上MA34,135,0.0583,0.0464,1.258,0.4519,0.3959,0.0559,L3
震荡-3买,量比>=1.3 + 放量 + MACD_DIF大于0,108,0.0478,0.0363,1.315,0.463,0.3959,0.0671,L3
震荡-3买,量比>=1.3 + 放量 + 多头共振,61,0.0287,0.0194,1.477,0.4918,0.3959,0.0959,L3
震荡-3买,量比>=1.3 + 放量 + KDJ低位金叉,242,0.1482,0.0545,2.718,0.6405,0.3959,0.2446,L3
震荡-3买,量比>=1.3 + 放量 + 偏多共振,61,0.0287,0.0194,1.477,0.4918,0.3959,0.0959,L3
震荡-3买,量比>=1.3 + 放量 + 站上MA34,131,0.0574,0.0445,1.289,0.458,0.3959,0.0621,L3
震荡-3买,量比>=1.3 + MACD_DIF大于0 + 多头共振,62,0.0296,0.0194,1.526,0.5,0.3959,0.1041,L3
震荡-3买,量比>=1.3 + MACD_DIF大于0 + 偏多共振,62,0.0296,0.0194,1.526,0.5,0.3959,0.1041,L3
震荡-3买,量比>=1.3 + MACD_DIF大于0 + 站上MA34,82,0.0354,0.0282,1.255,0.4512,0.3959,0.0553,L3
震荡-3买,量比>=1.3 + 多头共振 + 偏多共振,68,0.0315,0.0219,1.439,0.4853,0.3959,0.0894,L3
震荡-3买,量比>=1.3 + 多头共振 + 站上MA34,50,0.021,0.0175,1.199,0.44,0.3959,0.0441,L3
震荡-3买,量比>=1.3 + 偏多共振 + 站上MA34,50,0.021,0.0175,1.199,0.44,0.3959,0.0441,L3
震荡-3买,火箭信号 + 量比大于2 + 相对强弱大于5,80,0.0402,0.0238,1.686,0.525,0.3959,0.1291,L3
震荡-3买,火箭信号 + 量比大于2 + 中枢上穿中轴,92,0.0449,0.0282,1.594,0.5109,0.3959,0.115,L3
震荡-3买,火箭信号 + 量比大于2 + 量能金叉,78,0.0421,0.0213,1.975,0.5641,0.3959,0.1682,L3
震荡-3买,火箭信号 + 量比大于2 + 量能递增,112,0.0593,0.0313,1.892,0.5536,0.3959,0.1577,L3
震荡-3买,火箭信号 + 量比大于2 + 价涨量增,127,0.065,0.037,1.759,0.5354,0.3959,0.1395,L3
震荡-3买,火箭信号 + 量比大于2 + 量比大于1_3,131,0.066,0.0388,1.698,0.5267,0.3959,0.1308,L3
震荡-3买,火箭信号 + 量比大于2 + 放量,130,0.066,0.0382,1.726,0.5308,0.3959,0.1349,L3
震荡-3买,火箭信号 + 量比大于2 + MACD_DIF大于0,51,0.0229,0.0169,1.356,0.4706,0.3959,0.0747,L3
震荡-3买,火箭信号 + 量比大于2 + 站上MA34,94,0.044,0.0301,1.462,0.4894,0.3959,0.0934,L3
震荡-3买,火箭信号 + 相对强弱大于5 + 中枢上穿中轴,81,0.0392,0.0251,1.564,0.5062,0.3959,0.1103,L3
震荡-3买,火箭信号 + 相对强弱大于5 + 量能金叉,58,0.0287,0.0175,1.635,0.5172,0.3959,0.1213,L3
震荡-3买,火箭信号 + 相对强弱大于5 + 量能递增,90,0.0459,0.0263,1.744,0.5333,0.3959,0.1374,L3
震荡-3买,火箭信号 + 相对强弱大于5 + 价涨量增,102,0.0507,0.0307,1.65,0.5196,0.3959,0.1237,L3
震荡-3买,火箭信号 + 相对强弱大于5 + 量比大于1_3,101,0.0488,0.0313,1.556,0.505,0.3959,0.109,L3
震荡-3买,火箭信号 + 相对强弱大于5 + 放量,103,0.0507,0.0313,1.617,0.5146,0.3959,0.1187,L3
震荡-3买,火箭信号 + 相对强弱大于5 + MACD_DIF大于0,50,0.0239,0.0157,1.526,0.5,0.3959,0.1041,L3
震荡-3买,火箭信号 + 相对强弱大于5 + 站上MA34,94,0.044,0.0301,1.462,0.4894,0.3959,0.0934,L3
震荡-3买,火箭信号 + 中枢上穿中轴 + 量能金叉,64,0.0335,0.0182,1.841,0.5469,0.3959,0.151,L3
震荡-3买,火箭信号 + 中枢上穿中轴 + 量能递增,107,0.0564,0.0301,1.875,0.5514,0.3959,0.1555,L3
震荡-3买,火箭信号 + 中枢上穿中轴 + 价涨量增,123,0.0641,0.0351,1.826,0.5447,0.3959,0.1488,L3
震荡-3买,火箭信号 + 中枢上穿中轴 + 量比大于1_3,124,0.065,0.0351,1.853,0.5484,0.3959,0.1525,L3
震荡-3买,火箭信号 + 中枢上穿中轴 + 放量,123,0.0641,0.0351,1.826,0.5447,0.3959,0.1488,L3
震荡-3买,火箭信号 + 中枢上穿中轴 + MACD_DIF大于0,68,0.0325,0.0213,1.526,0.5,0.3959,0.1041,L3
震荡-3买,火箭信号 + 中枢上穿中轴 + 站上MA34,112,0.0554,0.0338,1.639,0.5179,0.3959,0.1219,L3
震荡-3买,火箭信号 + 量能金叉 + 量能递增,77,0.0421,0.0207,2.034,0.5714,0.3959,0.1755,L3
震荡-3买,火箭信号 + 量能金叉 + 价涨量增,82,0.043,0.0232,1.856,0.5488,0.3959,0.1529,L3
震荡-3买,火箭信号 + 量能金叉 + 量比大于1_3,84,0.044,0.0238,1.847,0.5476,0.3959,0.1517,L3
震荡-3买,火箭信号 + 量能金叉 + 放量,84,0.044,0.0238,1.847,0.5476,0.3959,0.1517,L3
震荡-3买,火箭信号 + 量能金叉 + 站上MA34,68,0.0335,0.0207,1.618,0.5147,0.3959,0.1188,L3
震荡-3买,火箭信号 + 量能递增 + 价涨量增,148,0.0803,0.0401,2.003,0.5676,0.3959,0.1717,L3
震荡-3买,火箭信号 + 量能递增 + 量比大于1_3,147,0.0793,0.0401,1.979,0.5646,0.3959,0.1687,L3
震荡-3买,火箭信号 + 量能递增 + 放量,149,0.0813,0.0401,2.026,0.5705,0.3959,0.1746,L3
震荡-3买,火箭信号 + 量能递增 + MACD_DIF大于0,67,0.0315,0.0213,1.481,0.4925,0.3959,0.0966,L3
震荡-3买,火箭信号 + 量能递增 + 站上MA34,111,0.0545,0.0338,1.611,0.5135,0.3959,0.1176,L3
震荡-3买,火箭信号 + 价涨量增 + 量比大于1_3,179,0.0927,0.0514,1.805,0.5419,0.3959,0.146,L3
震荡-3买,火箭信号 + 价涨量增 + 放量,181,0.0946,0.0514,1.842,0.547,0.3959,0.151,L3
震荡-3买,火箭信号 + 价涨量增 + MACD_DIF大于0,74,0.0363,0.0226,1.611,0.5135,0.3959,0.1176,L3
震荡-3买,火箭信号 + 价涨量增 + KDJ低位金叉,59,0.0344,0.0144,2.388,0.6102,0.3959,0.2143,L3
震荡-3买,火箭信号 + 价涨量增 + 站上MA34,127,0.0631,0.0382,1.651,0.5197,0.3959,0.1238,L3
震荡-3买,火箭信号 + 量比大于1_3 + 放量,184,0.0937,0.0539,1.739,0.5326,0.3959,0.1367,L3
震荡-3买,火箭信号 + 量比大于1_3 + MACD_DIF大于0,76,0.0363,0.0238,1.526,0.5,0.3959,0.1041,L3
震荡-3买,火箭信号 + 量比大于1_3 + KDJ低位金叉,66,0.0363,0.0175,2.071,0.5758,0.3959,0.1798,L3
震荡-3买,火箭信号 + 量比大于1_3 + 站上MA34,128,0.0631,0.0388,1.624,0.5156,0.3959,0.1197,L3
震荡-3买,火箭信号 + 放量 + MACD_DIF大于0,75,0.0363,0.0232,1.567,0.5067,0.3959,0.1108,L3
震荡-3买,火箭信号 + 放量 + KDJ低位金叉,63,0.0354,0.0163,2.171,0.5873,0.3959,0.1914,L3
震荡-3买,火箭信号 + 放量 + 站上MA34,128,0.0631,0.0388,1.624,0.5156,0.3959,0.1197,L3
震荡-3买,火箭信号 + MACD_DIF大于0 + 站上MA34,76,0.0373,0.0232,1.608,0.5132,0.3959,0.1172,L3
震荡-3买,火箭信号 + 多头共振 + 偏多共振,53,0.0239,0.0175,1.362,0.4717,0.3959,0.0758,L3
震荡-3买,火箭信号 + 多头共振 + 站上MA34,52,0.0239,0.0169,1.413,0.4808,0.3959,0.0849,L3
震荡-3买,火箭信号 + 偏多共振 + 站上MA34,52,0.0239,0.0169,1.413,0.4808,0.3959,0.0849,L3
震荡-3买,量比大于2 + 相对强弱大于5 + 中枢上穿中轴,122,0.0554,0.0401,1.383,0.4754,0.3959,0.0795,L3
震荡-3买,量比大于2 + 相对强弱大于5 + 量能金叉,107,0.0497,0.0345,1.443,0.486,0.3959,0.0901,L3
震荡-3买,量比大于2 + 相对强弱大于5 + 量能递增,146,0.0688,0.0464,1.485,0.4932,0.3959,0.0972,L3
震荡-3买,量比大于2 + 相对强弱大于5 + 价涨量增,163,0.0727,0.0545,1.333,0.4663,0.3959,0.0703,L3
震荡-3买,量比大于2 + 相对强弱大于5 + BOLL突破上轨,73,0.0287,0.0269,1.065,0.411,0.3959,0.015,L3
震荡-3买,量比大于2 + 相对强弱大于5 + 量比大于1_3,164,0.0736,0.0545,1.35,0.4695,0.3959,0.0736,L3
震荡-3买,量比大于2 + 相对强弱大于5 + 放量,164,0.0736,0.0545,1.35,0.4695,0.3959,0.0736,L3
震荡-3买,量比大于2 + 相对强弱大于5 + MACD_DIF大于0,76,0.0335,0.0257,1.303,0.4605,0.3959,0.0646,L3
震荡-3买,量比大于2 + 相对强弱大于5 + 站上MA34,141,0.0631,0.047,1.343,0.4681,0.3959,0.0722,L3
震荡-3买,量比大于2 + 中枢上穿中轴 + 量能金叉,148,0.0698,0.047,1.485,0.4932,0.3959,0.0973,L3
震荡-3买,量比大于2 + 中枢上穿中轴 + 量能递增,194,0.0908,0.062,1.464,0.4897,0.3959,0.0938,L3
震荡-3买,量比大于2 + 中枢上穿中轴 + 价涨量增,228,0.1013,0.0764,1.326,0.4649,0.3959,0.069,L3
震荡-3买,量比大于2 + 中枢上穿中轴 + BOLL突破上轨,79,0.0325,0.0282,1.153,0.4304,0.3959,0.0345,L3
震荡-3买,量比大于2 + 中枢上穿中轴 + 量比大于1_3,230,0.1033,0.0764,1.351,0.4696,0.3959,0.0737,L3
震荡-3买,量比大于2 + 中枢上穿中轴 + 放量,230,0.1033,0.0764,1.351,0.4696,0.3959,0.0737,L3
震荡-3买,量比大于2 + 中枢上穿中轴 + MACD_DIF大于0,118,0.0507,0.0407,1.244,0.4492,0.3959,0.0532,L3
震荡-3买,量比大于2 + 中枢上穿中轴 + 多头共振,69,0.0239,0.0276,0.867,0.3623,0.3959,-0.0336,L3
震荡-3买,量比大于2 + 中枢上穿中轴 + KDJ低位金叉,58,0.0296,0.0169,1.752,0.5345,0.3959,0.1386,L3
震荡-3买,量比大于2 + 中枢上穿中轴 + 偏多共振,69,0.0239,0.0276,0.867,0.3623,0.3959,-0.0336,L3
震荡-3买,量比大于2 + 中枢上穿中轴 + 站上MA34,206,0.0851,0.0733,1.161,0.432,0.3959,0.0361,L3
震荡-3买,量比大于2 + 量能金叉 + 量能递增,255,0.1281,0.0758,1.69,0.5255,0.3959,0.1296,L3
震荡-3买,量比大于2 + 量能金叉 + 价涨量增,266,0.1291,0.0821,1.572,0.5075,0.3959,0.1116,L3
震荡-3买,量比大于2 + 量能金叉 + BOLL突破上轨,61,0.0229,0.0232,0.99,0.3934,0.3959,-0.0025,L3
震荡-3买,量比大于2 + 量能金叉 + 量比大于1_3,279,0.1377,0.0846,1.628,0.5161,0.3959,0.1202,L3
震荡-3买,量比大于2 + 量能金叉 + 放量,279,0.1377,0.0846,1.628,0.5161,0.3959,0.1202,L3
震荡-3买,量比大于2 + 量能金叉 + MACD_DIF大于0,100,0.0459,0.0326,1.408,0.48,0.3959,0.0841,L3
震荡-3买,量比大于2 + 量能金叉 + 多头共振,56,0.021,0.0213,0.987,0.3929,0.3959,-0.0031,L3
震荡-3买,量比大于2 + 量能金叉 + KDJ低位金叉,96,0.0564,0.0232,2.433,0.6146,0.3959,0.2187,L3
震荡-3买,量比大于2 + 量能金叉 + 偏多共振,56,0.021,0.0213,0.987,0.3929,0.3959,-0.0031,L3
震荡-3买,量比大于2 + 量能金叉 + 站上MA34,155,0.0679,0.0526,1.29,0.4581,0.3959,0.0622,L3
震荡-3买,量比大于2 + 量能递增 + 价涨量增,458,0.2199,0.1429,1.539,0.5022,0.3959,0.1063,L3
震荡-3买,量比大于2 + 量能递增 + BOLL突破上轨,91,0.0373,0.0326,1.144,0.4286,0.3959,0.0327,L3
震荡-3买,量比大于2 + 量能递增 + 量比大于1_3,476,0.2323,0.146,1.591,0.5105,0.3959,0.1146,L3
震荡-3买,量比大于2 + 量能递增 + 放量,475,0.2314,0.146,1.585,0.5095,0.3959,0.1136,L3
震荡-3买,量比大于2 + 量能递增 + MACD_DIF大于0,148,0.0688,0.0476,1.446,0.4865,0.3959,0.0906,L3
震荡-3买,量比大于2 + 量能递增 + 多头共振,82,0.0325,0.0301,1.081,0.4146,0.3959,0.0187,L3
震荡-3买,量比大于2 + 量能递增 + KDJ低位金叉,192,0.1166,0.0439,2.659,0.6354,0.3959,0.2395,L3
震荡-3买,量比大于2 + 量能递增 + 偏多共振,82,0.0325,0.0301,1.081,0.4146,0.3959,0.0187,L3
震荡-3买,量比大于2 + 量能递增 + 站上MA34,223,0.0985,0.0752,1.31,0.4619,0.3959,0.066,L3
震荡-3买,量比大于2 + 价涨量增 + BOLL突破上轨,97,0.0382,0.0357,1.071,0.4124,0.3959,0.0165,L3
震荡-3买,量比大于2 + 价涨量增 + 量比大于1_3,589,0.2734,0.1898,1.44,0.4856,0.3959,0.0897,L3
震荡-3买,量比大于2 + 价涨量增 + 放量,589,0.2734,0.1898,1.44,0.4856,0.3959,0.0897,L3
震荡-3买,量比大于2 + 价涨量增 + MACD_DIF大于0,171,0.0765,0.057,1.341,0.4678,0.3959,0.0719,L3
震荡-3买,量比大于2 + 价涨量增 + 多头共振,101,0.0373,0.0388,0.96,0.3861,0.3959,-0.0098,L3
震荡-3买,量比大于2 + 价涨量增 + KDJ低位金叉,261,0.1424,0.0702,2.03,0.5709,0.3959,0.175,L3
震荡-3买,量比大于2 + 价涨量增 + 偏多共振,101,0.0373,0.0388,0.96,0.3861,0.3959,-0.0098,L3
震荡-3买,量比大于2 + 价涨量增 + 站上MA34,273,0.1147,0.0959,1.197,0.4396,0.3959,0.0436,L3
震荡-3买,量比大于2 + BOLL突破上轨 + 量比大于1_3,97,0.0382,0.0357,1.071,0.4124,0.3959,0.0165,L3
震荡-3买,量比大于2 + BOLL突破上轨 + 放量,97,0.0382,0.0357,1.071,0.4124,0.3959,0.0165,L3
震荡-3买,量比大于2 + BOLL突破上轨 + MACD_DIF大于0,59,0.0249,0.0207,1.202,0.4407,0.3959,0.0448,L3
震荡-3买,量比大于2 + BOLL突破上轨 + 站上MA34,97,0.0382,0.0357,1.071,0.4124,0.3959,0.0165,L3
震荡-3买,量比大于2 + 量比大于1_3 + 放量,623,0.2935,0.198,1.482,0.4928,0.3959,0.0969,L3
震荡-3买,量比大于2 + 量比大于1_3 + MACD_DIF大于0,179,0.0813,0.0589,1.38,0.4749,0.3959,0.0789,L3
震荡-3买,量比大于2 + 量比大于1_3 + 多头共振,107,0.0411,0.0401,1.025,0.4019,0.3959,0.006,L3
震荡-3买,量比大于2 + 量比大于1_3 + KDJ低位金叉,287,0.1587,0.0758,2.093,0.5784,0.3959,0.1825,L3
震荡-3买,量比大于2 + 量比大于1_3 + 偏多共振,107,0.0411,0.0401,1.025,0.4019,0.3959,0.006,L3
震荡-3买,量比大于2 + 量比大于1_3 + 站上MA34,276,0.1166,0.0965,1.209,0.442,0.3959,0.0461,L3
震荡-3买,量比大于2 + 放量 + MACD_DIF大于0,179,0.0813,0.0589,1.38,0.4749,0.3959,0.0789,L3
震荡-3买,量比大于2 + 放量 + 多头共振,107,0.0411,0.0401,1.025,0.4019,0.3959,0.006,L3
震荡-3买,量比大于2 + 放量 + KDJ低位金叉,278,0.152,0.0746,2.039,0.5719,0.3959,0.176,L3
震荡-3买,量比大于2 + 放量 + 偏多共振,107,0.0411,0.0401,1.025,0.4019,0.3959,0.006,L3
震荡-3买,量比大于2 + 放量 + 站上MA34,276,0.1166,0.0965,1.209,0.442,0.3959,0.0461,L3
震荡-3买,量比大于2 + MACD_DIF大于0 + 多头共振,93,0.0363,0.0345,1.054,0.4086,0.3959,0.0127,L3
震荡-3买,量比大于2 + MACD_DIF大于0 + 偏多共振,93,0.0363,0.0345,1.054,0.4086,0.3959,0.0127,L3
震荡-3买,量比大于2 + MACD_DIF大于0 + 站上MA34,150,0.065,0.0514,1.265,0.4533,0.3959,0.0574,L3
震荡-3买,量比大于2 + 多头共振 + 偏多共振,107,0.0411,0.0401,1.025,0.4019,0.3959,0.006,L3
震荡-3买,量比大于2 + 多头共振 + 站上MA34,87,0.0296,0.0351,0.845,0.3563,0.3959,-0.0396,L3
震荡-3买,量比大于2 + KDJ低位金叉 + 站上MA34,59,0.0306,0.0169,1.808,0.5424,0.3959,0.1465,L3
震荡-3买,量比大于2 + 偏多共振 + 站上MA34,87,0.0296,0.0351,0.845,0.3563,0.3959,-0.0396,L3
震荡-3买,相对强弱大于5 + 中枢上穿中轴 + 量能金叉,97,0.0421,0.0332,1.267,0.4536,0.3959,0.0577,L3
震荡-3买,相对强弱大于5 + 中枢上穿中轴 + 量能递增,141,0.0679,0.0439,1.548,0.5035,0.3959,0.1076,L3
震荡-3买,相对强弱大于5 + 中枢上穿中轴 + 价涨量增,152,0.0669,0.0514,1.303,0.4605,0.3959,0.0646,L3
震荡-3买,相对强弱大于5 + 中枢上穿中轴 + BOLL突破上轨,70,0.0306,0.0238,1.285,0.4571,0.3959,0.0612,L3
震荡-3买,相对强弱大于5 + 中枢上穿中轴 + 量比大于1_3,148,0.066,0.0495,1.333,0.4662,0.3959,0.0703,L3
震荡-3买,相对强弱大于5 + 中枢上穿中轴 + 放量,154,0.0679,0.052,1.305,0.461,0.3959,0.0651,L3
震荡-3买,相对强弱大于5 + 中枢上穿中轴 + MACD_DIF大于0,94,0.0411,0.032,1.286,0.4574,0.3959,0.0615,L3
震荡-3买,相对强弱大于5 + 中枢上穿中轴 + 多头共振,57,0.0239,0.0201,1.192,0.4386,0.3959,0.0427,L3
震荡-3买,相对强弱大于5 + 中枢上穿中轴 + 偏多共振,57,0.0239,0.0201,1.192,0.4386,0.3959,0.0427,L3
震荡-3买,相对强弱大于5 + 中枢上穿中轴 + 站上MA34,153,0.0679,0.0514,1.321,0.4641,0.3959,0.0681,L3
震荡-3买,相对强弱大于5 + 量能金叉 + 量能递增,110,0.0516,0.0351,1.471,0.4909,0.3959,0.095,L3
震荡-3买,相对强弱大于5 + 量能金叉 + 价涨量增,118,0.0526,0.0395,1.332,0.4661,0.3959,0.0702,L3
震荡-3买,相对强弱大于5 + 量能金叉 + BOLL突破上轨,51,0.0201,0.0188,1.068,0.4118,0.3959,0.0159,L3
震荡-3买,相对强弱大于5 + 量能金叉 + 量比大于1_3,119,0.0526,0.0401,1.311,0.4622,0.3959,0.0663,L3
震荡-3买,相对强弱大于5 + 量能金叉 + 放量,119,0.0526,0.0401,1.311,0.4622,0.3959,0.0663,L3
震荡-3买,相对强弱大于5 + 量能金叉 + MACD_DIF大于0,65,0.0258,0.0238,1.084,0.4154,0.3959,0.0195,L3
震荡-3买,相对强弱大于5 + 量能金叉 + 站上MA34,106,0.0459,0.0363,1.263,0.4528,0.3959,0.0569,L3
震荡-3买,相对强弱大于5 + 量能递增 + 价涨量增,197,0.088,0.0658,1.337,0.467,0.3959,0.0711,L3
震荡-3买,相对强弱大于5 + 量能递增 + BOLL突破上轨,77,0.0315,0.0276,1.144,0.4286,0.3959,0.0327,L3
震荡-3买,相对强弱大于5 + 量能递增 + 量比大于1_3,188,0.086,0.0614,1.401,0.4787,0.3959,0.0828,L3
震荡-3买,相对强弱大于5 + 量能递增 + 放量,204,0.0927,0.067,1.383,0.4755,0.3959,0.0796,L3
震荡-3买,相对强弱大于5 + 量能递增 + MACD_DIF大于0,111,0.0554,0.0332,1.67,0.5225,0.3959,0.1266,L3
震荡-3买,相对强弱大于5 + 量能递增 + 多头共振,70,0.0354,0.0207,1.711,0.5286,0.3959,0.1327,L3
震荡-3买,相对强弱大于5 + 量能递增 + 偏多共振,70,0.0354,0.0207,1.711,0.5286,0.3959,0.1327,L3
震荡-3买,相对强弱大于5 + 量能递增 + 站上MA34,176,0.0841,0.0551,1.526,0.5,0.3959,0.1041,L3
震荡-3买,相对强弱大于5 + 价涨量增 + BOLL突破上轨,82,0.0344,0.0288,1.194,0.439,0.3959,0.0431,L3
震荡-3买,相对强弱大于5 + 价涨量增 + 量比大于1_3,212,0.0899,0.0739,1.215,0.4434,0.3959,0.0475,L3
震荡-3买,相对强弱大于5 + 价涨量增 + 放量,225,0.0956,0.0783,1.221,0.4444,0.3959,0.0485,L3
震荡-3买,相对强弱大于5 + 价涨量增 + MACD_DIF大于0,108,0.0488,0.0357,1.365,0.4722,0.3959,0.0763,L3
震荡-3买,相对强弱大于5 + 价涨量增 + 多头共振,67,0.0306,0.0219,1.395,0.4776,0.3959,0.0817,L3
震荡-3买,相对强弱大于5 + 价涨量增 + 偏多共振,67,0.0306,0.0219,1.395,0.4776,0.3959,0.0817,L3
震荡-3买,相对强弱大于5 + 价涨量增 + 站上MA34,183,0.0803,0.062,1.295,0.459,0.3959,0.0631,L3
震荡-3买,相对强弱大于5 + BOLL突破上轨 + 量比大于1_3,81,0.0344,0.0282,1.221,0.4444,0.3959,0.0485,L3
震荡-3买,相对强弱大于5 + BOLL突破上轨 + 放量,82,0.0344,0.0288,1.194,0.439,0.3959,0.0431,L3
震荡-3买,相对强弱大于5 + BOLL突破上轨 + MACD_DIF大于0,55,0.0249,0.0182,1.368,0.4727,0.3959,0.0768,L3
震荡-3买,相对强弱大于5 + BOLL突破上轨 + 站上MA34,83,0.0344,0.0294,1.169,0.4337,0.3959,0.0378,L3
震荡-3买,相对强弱大于5 + 量比大于1_3 + 放量,217,0.0937,0.0746,1.257,0.4516,0.3959,0.0557,L3
震荡-3买,相对强弱大于5 + 量比大于1_3 + MACD_DIF大于0,104,0.0478,0.0338,1.413,0.4808,0.3959,0.0849,L3
震荡-3买,相对强弱大于5 + 量比大于1_3 + 多头共振,62,0.0277,0.0207,1.341,0.4677,0.3959,0.0718,L3
震荡-3买,相对强弱大于5 + 量比大于1_3 + 偏多共振,62,0.0277,0.0207,1.341,0.4677,0.3959,0.0718,L3
震荡-3买,相对强弱大于5 + 量比大于1_3 + 站上MA34,179,0.0793,0.0602,1.319,0.4637,0.3959,0.0678,L3
震荡-3买,相对强弱大于5 + 放量 + MACD_DIF大于0,116,0.0535,0.0376,1.424,0.4828,0.3959,0.0868,L3
震荡-3买,相对强弱大于5 + 放量 + 多头共振,73,0.0344,0.0232,1.485,0.4932,0.3959,0.0972,L3
震荡-3买,相对强弱大于5 + 放量 + 偏多共振,73,0.0344,0.0232,1.485,0.4932,0.3959,0.0972,L3
震荡-3买,相对强弱大于5 + 放量 + 站上MA34,192,0.0851,0.0645,1.318,0.4635,0.3959,0.0676,L3
震荡-3买,相对强弱大于5 + MACD_DIF大于0 + 多头共振,81,0.0402,0.0244,1.643,0.5185,0.3959,0.1226,L3
震荡-3买,相对强弱大于5 + MACD_DIF大于0 + 偏多共振,81,0.0402,0.0244,1.643,0.5185,0.3959,0.1226,L3
震荡-3买,相对强弱大于5 + MACD_DIF大于0 + 站上MA34,124,0.0593,0.0388,1.526,0.5,0.3959,0.1041,L3
震荡-3买,相对强弱大于5 + 多头共振 + 偏多共振,83,0.0402,0.0257,1.563,0.506,0.3959,0.1101,L3
震荡-3买,相对强弱大于5 + 多头共振 + 站上MA34,80,0.0382,0.0251,1.526,0.5,0.3959,0.1041,L3
震荡-3买,相对强弱大于5 + 偏多共振 + 站上MA34,80,0.0382,0.0251,1.526,0.5,0.3959,0.1041,L3
震荡-3买,中枢上穿中轴 + 量能金叉 + 量能递增,168,0.0793,0.0533,1.49,0.494,0.3959,0.0981,L3
震荡-3买,中枢上穿中轴 + 量能金叉 + 价涨量增,187,0.0832,0.0627,1.327,0.4652,0.3959,0.0693,L3
震荡-3买,中枢上穿中轴 + 量能金叉 + BOLL突破上轨,58,0.022,0.0219,1.003,0.3966,0.3959,0.0006,L3
震荡-3买,中枢上穿中轴 + 量能金叉 + 量比大于1_3,189,0.0841,0.0633,1.329,0.4656,0.3959,0.0697,L3
震荡-3买,中枢上穿中轴 + 量能金叉 + 放量,191,0.086,0.0633,1.36,0.4712,0.3959,0.0753,L3
震荡-3买,中枢上穿中轴 + 量能金叉 + MACD_DIF大于0,112,0.0449,0.0407,1.103,0.4196,0.3959,0.0237,L3
震荡-3买,中枢上穿中轴 + 量能金叉 + 多头共振,64,0.022,0.0257,0.856,0.3594,0.3959,-0.0365,L3
震荡-3买,中枢上穿中轴 + 量能金叉 + 偏多共振,64,0.022,0.0257,0.856,0.3594,0.3959,-0.0365,L3
震荡-3买,中枢上穿中轴 + 量能金叉 + 站上MA34,169,0.066,0.0627,1.053,0.4083,0.3959,0.0124,L3
震荡-3买,中枢上穿中轴 + 量能递增 + 价涨量增,317,0.1482,0.1015,1.46,0.489,0.3959,0.093,L3
震荡-3买,中枢上穿中轴 + 量能递增 + BOLL突破上轨,87,0.0382,0.0294,1.299,0.4598,0.3959,0.0639,L3
震荡-3买,中枢上穿中轴 + 量能递增 + 量比大于1_3,305,0.1453,0.0959,1.516,0.4984,0.3959,0.1024,L3
震荡-3买,中枢上穿中轴 + 量能递增 + 放量,331,0.1558,0.1053,1.48,0.4924,0.3959,0.0965,L3
震荡-3买,中枢上穿中轴 + 量能递增 + MACD_DIF大于0,195,0.088,0.0645,1.363,0.4718,0.3959,0.0759,L3
震荡-3买,中枢上穿中轴 + 量能递增 + 多头共振,113,0.0497,0.0382,1.301,0.4602,0.3959,0.0643,L3
震荡-3买,中枢上穿中轴 + 量能递增 + KDJ低位金叉,53,0.0315,0.0125,2.518,0.6226,0.3959,0.2267,L3
震荡-3买,中枢上穿中轴 + 量能递增 + 偏多共振,113,0.0497,0.0382,1.301,0.4602,0.3959,0.0643,L3
震荡-3买,中枢上穿中轴 + 量能递增 + 站上MA34,301,0.13,0.1034,1.258,0.4518,0.3959,0.0559,L3
震荡-3买,中枢上穿中轴 + 价涨量增 + BOLL突破上轨,92,0.0392,0.032,1.227,0.4457,0.3959,0.0497,L3
震荡-3买,中枢上穿中轴 + 价涨量增 + 量比大于1_3,386,0.1702,0.1303,1.306,0.4611,0.3959,0.0652,L3
震荡-3买,中枢上穿中轴 + 价涨量增 + 放量,415,0.1836,0.1397,1.314,0.4627,0.3959,0.0667,L3
震荡-3买,中枢上穿中轴 + 价涨量增 + MACD_DIF大于0,232,0.0975,0.0815,1.197,0.4397,0.3959,0.0437,L3
震荡-3买,中枢上穿中轴 + 价涨量增 + 多头共振,141,0.0583,0.0501,1.163,0.4326,0.3959,0.0367,L3
震荡-3买,中枢上穿中轴 + 价涨量增 + KDJ低位金叉,82,0.043,0.0232,1.856,0.5488,0.3959,0.1529,L3
震荡-3买,中枢上穿中轴 + 价涨量增 + 偏多共振,141,0.0583,0.0501,1.163,0.4326,0.3959,0.0367,L3
震荡-3买,中枢上穿中轴 + 价涨量增 + 站上MA34,369,0.1511,0.1322,1.143,0.4282,0.3959,0.0323,L3
震荡-3买,中枢上穿中轴 + BOLL突破上轨 + 量比大于1_3,92,0.0402,0.0313,1.282,0.4565,0.3959,0.0606,L3
震荡-3买,中枢上穿中轴 + BOLL突破上轨 + 放量,93,0.0402,0.032,1.257,0.4516,0.3959,0.0557,L3
震荡-3买,中枢上穿中轴 + BOLL突破上轨 + MACD_DIF大于0,61,0.0268,0.0207,1.295,0.459,0.3959,0.0631,L3
震荡-3买,中枢上穿中轴 + BOLL突破上轨 + 站上MA34,93,0.0402,0.032,1.257,0.4516,0.3959,0.0557,L3
震荡-3买,中枢上穿中轴 + 量比大于1_3 + 放量,399,0.1788,0.1328,1.346,0.4687,0.3959,0.0728,L3
震荡-3买,中枢上穿中轴 + 量比大于1_3 + MACD_DIF大于0,238,0.0994,0.084,1.184,0.437,0.3959,0.0411,L3
震荡-3买,中枢上穿中轴 + 量比大于1_3 + 多头共振,152,0.0602,0.0558,1.08,0.4145,0.3959,0.0186,L3
震荡-3买,中枢上穿中轴 + 量比大于1_3 + KDJ低位金叉,85,0.044,0.0244,1.8,0.5412,0.3959,0.1453,L3
震荡-3买,中枢上穿中轴 + 量比大于1_3 + 偏多共振,152,0.0602,0.0558,1.08,0.4145,0.3959,0.0186,L3
震荡-3买,中枢上穿中轴 + 量比大于1_3 + 站上MA34,368,0.1501,0.1322,1.135,0.4266,0.3959,0.0307,L3
震荡-3买,中枢上穿中轴 + 放量 + MACD_DIF大于0,249,0.1052,0.0871,1.207,0.4418,0.3959,0.0459,L3
震荡-3买,中枢上穿中轴 + 放量 + 多头共振,152,0.0631,0.0539,1.171,0.4342,0.3959,0.0383,L3
震荡-3买,中枢上穿中轴 + 放量 + KDJ低位金叉,84,0.044,0.0238,1.847,0.5476,0.3959,0.1517,L3
震荡-3买,中枢上穿中轴 + 放量 + 偏多共振,152,0.0631,0.0539,1.171,0.4342,0.3959,0.0383,L3
震荡-3买,中枢上穿中轴 + 放量 + 站上MA34,386,0.1587,0.1378,1.151,0.4301,0.3959,0.0341,L3
震荡-3买,中枢上穿中轴 + MACD_DIF大于0 + 多头共振,176,0.0679,0.0658,1.032,0.4034,0.3959,0.0075,L3
震荡-3买,中枢上穿中轴 + MACD_DIF大于0 + 偏多共振,177,0.0679,0.0664,1.022,0.4011,0.3959,0.0052,L3
震荡-3买,中枢上穿中轴 + MACD_DIF大于0 + 站上MA34,291,0.1176,0.1053,1.117,0.4227,0.3959,0.0268,L3
震荡-3买,中枢上穿中轴 + 多头共振 + 偏多共振,193,0.0755,0.0714,1.057,0.4093,0.3959,0.0134,L3
震荡-3买,中枢上穿中轴 + 多头共振 + 站上MA34,190,0.0736,0.0708,1.04,0.4053,0.3959,0.0094,L3
震荡-3买,中枢上穿中轴 + KDJ低位金叉 + 站上MA34,71,0.0335,0.0226,1.483,0.493,0.3959,0.097,L3
震荡-3买,中枢上穿中轴 + 偏多共振 + 站上MA34,191,0.0736,0.0714,1.031,0.4031,0.3959,0.0072,L3
震荡-3买,量能金叉 + 量能递增 + 价涨量增,341,0.1558,0.1115,1.397,0.478,0.3959,0.0821,L3
震荡-3买,量能金叉 + 量能递增 + BOLL突破上轨,65,0.0249,0.0244,1.017,0.4,0.3959,0.0041,L3
震荡-3买,量能金叉 + 量能递增 + 量比大于1_3,353,0.1625,0.1147,1.417,0.4816,0.3959,0.0857,L3
震荡-3买,量能金叉 + 量能递增 + 放量,366,0.1663,0.1203,1.383,0.4754,0.3959,0.0795,L3
震荡-3买,量能金叉 + 量能递增 + MACD_DIF大于0,130,0.0574,0.0439,1.308,0.4615,0.3959,0.0656,L3
震荡-3买,量能金叉 + 量能递增 + 多头共振,70,0.0287,0.0251,1.144,0.4286,0.3959,0.0327,L3
震荡-3买,量能金叉 + 量能递增 + KDJ低位金叉,122,0.065,0.0338,1.921,0.5574,0.3959,0.1615,L3
震荡-3买,量能金叉 + 量能递增 + 偏多共振,70,0.0287,0.0251,1.144,0.4286,0.3959,0.0327,L3
震荡-3买,量能金叉 + 量能递增 + 站上MA34,178,0.0746,0.0627,1.19,0.4382,0.3959,0.0423,L3
震荡-3买,量能金叉 + 价涨量增 + BOLL突破上轨,65,0.0249,0.0244,1.017,0.4,0.3959,0.0041,L3
震荡-3买,量能金叉 + 价涨量增 + 量比大于1_3,369,0.1635,0.1241,1.318,0.4634,0.3959,0.0675,L3
震荡-3买,量能金叉 + 价涨量增 + 放量,384,0.1683,0.1303,1.291,0.4583,0.3959,0.0624,L3
震荡-3买,量能金叉 + 价涨量增 + MACD_DIF大于0,145,0.0574,0.0533,1.077,0.4138,0.3959,0.0179,L3
震荡-3买,量能金叉 + 价涨量增 + 多头共振,81,0.0277,0.0326,0.851,0.358,0.3959,-0.0379,L3
震荡-3买,量能金叉 + 价涨量增 + KDJ低位金叉,132,0.0679,0.0382,1.776,0.5379,0.3959,0.142,L3
震荡-3买,量能金叉 + 价涨量增 + 偏多共振,81,0.0277,0.0326,0.851,0.358,0.3959,-0.0379,L3
震荡-3买,量能金叉 + 价涨量增 + 站上MA34,203,0.0803,0.0746,1.077,0.4138,0.3959,0.0179,L3
震荡-3买,量能金叉 + BOLL突破上轨 + 量比大于1_3,65,0.0249,0.0244,1.017,0.4,0.3959,0.0041,L3
震荡-3买,量能金叉 + BOLL突破上轨 + 放量,65,0.0249,0.0244,1.017,0.4,0.3959,0.0041,L3
震荡-3买,量能金叉 + BOLL突破上轨 + 站上MA34,65,0.0249,0.0244,1.017,0.4,0.3959,0.0041,L3
震荡-3买,量能金叉 + 量比大于1_3 + 放量,401,0.1788,0.1341,1.333,0.4663,0.3959,0.0704,L3
震荡-3买,量能金叉 + 量比大于1_3 + MACD_DIF大于0,152,0.0621,0.0545,1.14,0.4276,0.3959,0.0317,L3
震荡-3买,量能金叉 + 量比大于1_3 + 多头共振,87,0.0325,0.0332,0.979,0.3908,0.3959,-0.0051,L3
震荡-3买,量能金叉 + 量比大于1_3 + KDJ低位金叉,139,0.0736,0.0388,1.895,0.554,0.3959,0.158,L3
震荡-3买,量能金叉 + 量比大于1_3 + 偏多共振,87,0.0325,0.0332,0.979,0.3908,0.3959,-0.0051,L3
震荡-3买,量能金叉 + 量比大于1_3 + 站上MA34,205,0.0813,0.0752,1.081,0.4146,0.3959,0.0187,L3
震荡-3买,量能金叉 + 放量 + MACD_DIF大于0,153,0.0631,0.0545,1.158,0.4314,0.3959,0.0355,L3
震荡-3买,量能金叉 + 放量 + 多头共振,87,0.0325,0.0332,0.979,0.3908,0.3959,-0.0051,L3
震荡-3买,量能金叉 + 放量 + KDJ低位金叉,143,0.0746,0.0407,1.831,0.5455,0.3959,0.1495,L3
震荡-3买,量能金叉 + 放量 + 偏多共振,87,0.0325,0.0332,0.979,0.3908,0.3959,-0.0051,L3
震荡-3买,量能金叉 + 放量 + 站上MA34,207,0.0822,0.0758,1.084,0.4155,0.3959,0.0195,L3
震荡-3买,量能金叉 + MACD_DIF大于0 + 多头共振,83,0.0306,0.032,0.957,0.3855,0.3959,-0.0104,L3
震荡-3买,量能金叉 + MACD_DIF大于0 + 偏多共振,83,0.0306,0.032,0.957,0.3855,0.3959,-0.0104,L3
震荡-3买,量能金叉 + MACD_DIF大于0 + 站上MA34,133,0.0507,0.0501,1.011,0.3985,0.3959,0.0026,L3
震荡-3买,量能金叉 + 多头共振 + 偏多共振,89,0.0325,0.0345,0.943,0.382,0.3959,-0.0139,L3
震荡-3买,量能金叉 + 多头共振 + 站上MA34,76,0.0258,0.0307,0.841,0.3553,0.3959,-0.0406,L3
震荡-3买,量能金叉 + 偏多共振 + 站上MA34,76,0.0258,0.0307,0.841,0.3553,0.3959,-0.0406,L3
震荡-3买,量能递增 + 价涨量增 + BOLL突破上轨,103,0.043,0.0363,1.184,0.4369,0.3959,0.041,L3
震荡-3买,量能递增 + 价涨量增 + 量比大于1_3,817,0.3642,0.2732,1.333,0.4663,0.3959,0.0704,L3
震荡-3买,量能递增 + 价涨量增 + 放量,935,0.4082,0.3183,1.283,0.4567,0.3959,0.0608,L3
震荡-3买,量能递增 + 价涨量增 + MACD_DIF大于0,270,0.1205,0.0902,1.335,0.4667,0.3959,0.0708,L3
震荡-3买,量能递增 + 价涨量增 + 多头共振,155,0.0679,0.0526,1.29,0.4581,0.3959,0.0622,L3
震荡-3买,量能递增 + 价涨量增 + KDJ低位金叉,370,0.195,0.104,1.875,0.5514,0.3959,0.1554,L3
震荡-3买,量能递增 + 价涨量增 + 偏多共振,155,0.0679,0.0526,1.29,0.4581,0.3959,0.0622,L3
震荡-3买,量能递增 + 价涨量增 + 站上MA34,362,0.153,0.1266,1.209,0.442,0.3959,0.0461,L3
震荡-3买,量能递增 + BOLL突破上轨 + 量比大于1_3,102,0.044,0.0351,1.253,0.451,0.3959,0.0551,L3
震荡-3买,量能递增 + BOLL突破上轨 + 放量,104,0.044,0.0363,1.21,0.4423,0.3959,0.0464,L3
震荡-3买,量能递增 + BOLL突破上轨 + MACD_DIF大于0,68,0.0306,0.0226,1.356,0.4706,0.3959,0.0747,L3
震荡-3买,量能递增 + BOLL突破上轨 + 站上MA34,105,0.044,0.037,1.19,0.4381,0.3959,0.0422,L3
震荡-3买,量能递增 + 量比大于1_3 + 放量,912,0.4034,0.307,1.314,0.4627,0.3959,0.0668,L3
震荡-3买,量能递增 + 量比大于1_3 + MACD_DIF大于0,274,0.1243,0.0902,1.377,0.4745,0.3959,0.0785,L3
震荡-3买,量能递增 + 量比大于1_3 + 多头共振,159,0.0698,0.0539,1.295,0.4591,0.3959,0.0632,L3
震荡-3买,量能递增 + 量比大于1_3 + KDJ低位金叉,353,0.1893,0.0971,1.949,0.5609,0.3959,0.165,L3
震荡-3买,量能递增 + 量比大于1_3 + 偏多共振,159,0.0698,0.0539,1.295,0.4591,0.3959,0.0632,L3
震荡-3买,量能递增 + 量比大于1_3 + 站上MA34,350,0.1511,0.1203,1.256,0.4514,0.3959,0.0555,L3
震荡-3买,量能递增 + 放量 + MACD_DIF大于0,325,0.1491,0.1059,1.408,0.48,0.3959,0.0841,L3
震荡-3买,量能递增 + 放量 + 多头共振,190,0.087,0.062,1.403,0.4789,0.3959,0.083,L3
震荡-3买,量能递增 + 放量 + KDJ低位金叉,400,0.2075,0.1147,1.809,0.5425,0.3959,0.1466,L3
震荡-3买,量能递增 + 放量 + 偏多共振,190,0.087,0.062,1.403,0.4789,0.3959,0.083,L3
震荡-3买,量能递增 + 放量 + 站上MA34,390,0.1683,0.1341,1.255,0.4513,0.3959,0.0554,L3
震荡-3买,量能递增 + MACD_DIF大于0 + 多头共振,206,0.0927,0.0683,1.358,0.4709,0.3959,0.075,L3
震荡-3买,量能递增 + MACD_DIF大于0 + 偏多共振,206,0.0927,0.0683,1.358,0.4709,0.3959,0.075,L3
震荡-3买,量能递增 + MACD_DIF大于0 + 站上MA34,264,0.1185,0.0877,1.351,0.4697,0.3959,0.0738,L3
震荡-3买,量能递增 + 多头共振 + 偏多共振,231,0.1033,0.0771,1.34,0.4675,0.3959,0.0716,L3
震荡-3买,量能递增 + 多头共振 + 站上MA34,155,0.0679,0.0526,1.29,0.4581,0.3959,0.0622,L3
震荡-3买,量能递增 + 偏多共振 + 站上MA34,155,0.0679,0.0526,1.29,0.4581,0.3959,0.0622,L3
震荡-3买,价涨量增 + BOLL突破上轨 + 量比大于1_3,113,0.0468,0.0401,1.168,0.4336,0.3959,0.0377,L3
震荡-3买,价涨量增 + BOLL突破上轨 + 放量,115,0.0468,0.0414,1.133,0.4261,0.3959,0.0302,L3
震荡-3买,价涨量增 + BOLL突破上轨 + MACD_DIF大于0,71,0.0315,0.0238,1.325,0.4648,0.3959,0.0689,L3
震荡-3买,价涨量增 + BOLL突破上轨 + 站上MA34,115,0.0468,0.0414,1.133,0.4261,0.3959,0.0302,L3
震荡-3买,价涨量增 + 量比大于1_3 + 放量,1226,0.5115,0.433,1.181,0.4364,0.3959,0.0405,L3
震荡-3买,价涨量增 + 量比大于1_3 + MACD_DIF大于0,342,0.1444,0.1197,1.206,0.4415,0.3959,0.0456,L3
震荡-3买,价涨量增 + 量比大于1_3 + 多头共振,214,0.0889,0.0758,1.173,0.4346,0.3959,0.0387,L3
震荡-3买,价涨量增 + 量比大于1_3 + KDJ低位金叉,527,0.2581,0.161,1.603,0.5123,0.3959,0.1164,L3
震荡-3买,价涨量增 + 量比大于1_3 + 偏多共振,214,0.0889,0.0758,1.173,0.4346,0.3959,0.0387,L3
震荡-3买,价涨量增 + 量比大于1_3 + 站上MA34,472,0.1874,0.1729,1.084,0.4153,0.3959,0.0193,L3
震荡-3买,价涨量增 + 放量 + MACD_DIF大于0,386,0.1644,0.1341,1.226,0.4456,0.3959,0.0497,L3
震荡-3买,价涨量增 + 放量 + 多头共振,237,0.1023,0.0815,1.256,0.4515,0.3959,0.0556,L3
震荡-3买,价涨量增 + 放量 + KDJ低位金叉,593,0.283,0.1861,1.521,0.4992,0.3959,0.1032,L3
震荡-3买,价涨量增 + 放量 + 偏多共振,237,0.1023,0.0815,1.256,0.4515,0.3959,0.0556,L3
震荡-3买,价涨量增 + 放量 + 站上MA34,509,0.2036,0.1855,1.098,0.4185,0.3959,0.0226,L3
震荡-3买,价涨量增 + MACD_DIF大于0 + 多头共振,203,0.087,0.0702,1.24,0.4483,0.3959,0.0524,L3
震荡-3买,价涨量增 + MACD_DIF大于0 + KDJ低位金叉,54,0.0268,0.0163,1.643,0.5185,0.3959,0.1226,L3
震荡-3买,价涨量增 + MACD_DIF大于0 + 偏多共振,203,0.087,0.0702,1.24,0.4483,0.3959,0.0524,L3
震荡-3买,价涨量增 + MACD_DIF大于0 + 站上MA34,305,0.1243,0.1096,1.133,0.4262,0.3959,0.0303,L3
震荡-3买,价涨量增 + 多头共振 + 偏多共振,237,0.1023,0.0815,1.256,0.4515,0.3959,0.0556,L3
震荡-3买,价涨量增 + 多头共振 + 站上MA34,184,0.0717,0.0683,1.05,0.4076,0.3959,0.0117,L3
震荡-3买,价涨量增 + KDJ低位金叉 + 站上MA34,81,0.0421,0.0232,1.814,0.5432,0.3959,0.1473,L3
震荡-3买,价涨量增 + 偏多共振 + 站上MA34,184,0.0717,0.0683,1.05,0.4076,0.3959,0.0117,L3
震荡-3买,BOLL突破上轨 + 量比大于1_3 + 放量,114,0.0478,0.0401,1.192,0.4386,0.3959,0.0427,L3
震荡-3买,BOLL突破上轨 + 量比大于1_3 + MACD_DIF大于0,71,0.0325,0.0232,1.402,0.4789,0.3959,0.083,L3
震荡-3买,BOLL突破上轨 + 量比大于1_3 + 站上MA34,114,0.0478,0.0401,1.192,0.4386,0.3959,0.0427,L3
震荡-3买,BOLL突破上轨 + 放量 + MACD_DIF大于0,72,0.0325,0.0238,1.365,0.4722,0.3959,0.0763,L3
震荡-3买,BOLL突破上轨 + 放量 + 站上MA34,116,0.0478,0.0414,1.156,0.431,0.3959,0.0351,L3
震荡-3买,BOLL突破上轨 + MACD_DIF大于0 + 站上MA34,73,0.0325,0.0244,1.33,0.4658,0.3959,0.0698,L3
震荡-3买,量比大于1_3 + 放量 + MACD_DIF大于0,405,0.174,0.1397,1.245,0.4494,0.3959,0.0535,L3
震荡-3买,量比大于1_3 + 放量 + 多头共振,254,0.109,0.0877,1.242,0.4488,0.3959,0.0529,L3
震荡-3买,量比大于1_3 + 放量 + KDJ低位金叉,604,0.2897,0.1886,1.536,0.5017,0.3959,0.1057,L3
震荡-3买,量比大于1_3 + 放量 + 偏多共振,254,0.109,0.0877,1.242,0.4488,0.3959,0.0529,L3
震荡-3买,量比大于1_3 + 放量 + 站上MA34,501,0.2017,0.1817,1.11,0.4212,0.3959,0.0252,L3
震荡-3买,量比大于1_3 + MACD_DIF大于0 + 多头共振,245,0.1013,0.0871,1.164,0.4327,0.3959,0.0367,L3
震荡-3买,量比大于1_3 + MACD_DIF大于0 + KDJ低位金叉,78,0.0354,0.0257,1.377,0.4744,0.3959,0.0784,L3
震荡-3买,量比大于1_3 + MACD_DIF大于0 + 偏多共振,245,0.1013,0.0871,1.164,0.4327,0.3959,0.0367,L3
震荡-3买,量比大于1_3 + MACD_DIF大于0 + 站上MA34,330,0.1329,0.1197,1.11,0.4212,0.3959,0.0253,L3
震荡-3买,量比大于1_3 + 多头共振 + KDJ低位金叉,52,0.0249,0.0163,1.526,0.5,0.3959,0.1041,L3
震荡-3买,量比大于1_3 + 多头共振 + 偏多共振,288,0.1205,0.1015,1.187,0.4375,0.3959,0.0416,L3
震荡-3买,量比大于1_3 + 多头共振 + 站上MA34,208,0.0765,0.0802,0.954,0.3846,0.3959,-0.0113,L3
震荡-3买,量比大于1_3 + KDJ低位金叉 + 偏多共振,52,0.0249,0.0163,1.526,0.5,0.3959,0.1041,L3
震荡-3买,量比大于1_3 + KDJ低位金叉 + 站上MA34,87,0.043,0.0263,1.635,0.5172,0.3959,0.1213,L3
震荡-3买,量比大于1_3 + 偏多共振 + 站上MA34,208,0.0765,0.0802,0.954,0.3846,0.3959,-0.0113,L3
震荡-3买,放量 + MACD_DIF大于0 + 多头共振,260,0.1119,0.0896,1.248,0.45,0.3959,0.0541,L3
震荡-3买,放量 + MACD_DIF大于0 + KDJ低位金叉,66,0.0306,0.0213,1.436,0.4848,0.3959,0.0889,L3
震荡-3买,放量 + MACD_DIF大于0 + 偏多共振,260,0.1119,0.0896,1.248,0.45,0.3959,0.0541,L3
震荡-3买,放量 + MACD_DIF大于0 + 站上MA34,349,0.1415,0.1259,1.123,0.4241,0.3959,0.0282,L3
震荡-3买,放量 + 多头共振 + 偏多共振,300,0.13,0.1028,1.265,0.4533,0.3959,0.0574,L3
震荡-3买,放量 + 多头共振 + 站上MA34,213,0.0813,0.0802,1.013,0.3991,0.3959,0.0031,L3
震荡-3买,放量 + KDJ低位金叉 + 站上MA34,83,0.043,0.0238,1.807,0.5422,0.3959,0.1463,L3
震荡-3买,放量 + 偏多共振 + 站上MA34,213,0.0813,0.0802,1.013,0.3991,0.3959,0.0031,L3
震荡-3买,MACD_DIF大于0 + 多头共振 + KDJ低位金叉,70,0.0306,0.0238,1.285,0.4571,0.3959,0.0612,L3
震荡-3买,MACD_DIF大于0 + 多头共振 + 偏多共振,434,0.1721,0.1591,1.081,0.4147,0.3959,0.0188,L3
震荡-3买,MACD_DIF大于0 + 多头共振 + 站上MA34,296,0.108,0.1147,0.942,0.3818,0.3959,-0.0142,L3
震荡-3买,MACD_DIF大于0 + KDJ低位金叉 + 偏多共振,71,0.0306,0.0244,1.252,0.4507,0.3959,0.0548,L3
震荡-3买,MACD_DIF大于0 + KDJ低位金叉 + 站上MA34,52,0.021,0.0188,1.119,0.4231,0.3959,0.0272,L3
震荡-3买,MACD_DIF大于0 + 偏多共振 + 站上MA34,297,0.108,0.1153,0.937,0.3805,0.3959,-0.0154,L3
震荡-3买,多头共振 + KDJ低位金叉 + 偏多共振,102,0.044,0.0351,1.253,0.451,0.3959,0.0551,L3
震荡-3买,多头共振 + 偏多共振 + 站上MA34,316,0.1157,0.1222,0.947,0.3829,0.3959,-0.013,L3
震荡-3买,量比>=1.0,1045,0.4771,0.3421,1.394,0.4775,0.3959,0.0816,L4
震荡-3买,极限抄底 + 量比>=1.0,94,0.0669,0.015,4.45,0.7447,0.3959,0.3488,L4
震荡-3买,量能金叉 + 量比>=1.0,264,0.1291,0.0808,1.597,0.5114,0.3959,0.1155,L4
震荡-3买,大盘安全 + 量比>=1.0,521,0.1654,0.218,0.759,0.3321,0.3959,-0.0639,L4
震荡-3买,偏多共振 + 量比>=1.0,162,0.0727,0.0539,1.348,0.4691,0.3959,0.0732,L4
震荡-3买,中枢进机会区 + 量比>=1.0,439,0.2113,0.1366,1.547,0.5034,0.3959,0.1075,L4
震荡-3买,量比>=1.3,511,0.2639,0.1472,1.792,0.5401,0.3959,0.1442,L4
震荡-3买,极限抄底 + 量比>=1.3,72,0.0545,0.0094,5.798,0.7917,0.3959,0.3958,L4
震荡-3买,量能金叉 + 量比>=1.3,182,0.0985,0.0495,1.989,0.5659,0.3959,0.17,L4
震荡-3买,大盘安全 + 量比>=1.3,185,0.0507,0.0827,0.613,0.2865,0.3959,-0.1094,L4
震荡-3买,偏多共振 + 量比>=1.3,68,0.0315,0.0219,1.439,0.4853,0.3959,0.0894,L4
震荡-3买,中枢进机会区 + 量比>=1.3,216,0.1138,0.0608,1.872,0.5509,0.3959,0.155,L4
震荡-3买,量比>=1.5,324,0.1778,0.0865,2.057,0.5741,0.3959,0.1782,L4
震荡-3买,极限抄底 + 量比>=1.5,59,0.0449,0.0075,5.976,0.7966,0.3959,0.4007,L4
震荡-3买,量能金叉 + 量比>=1.5,125,0.0679,0.0338,2.006,0.568,0.3959,0.1721,L4
震荡-3买,大盘安全 + 量比>=1.5,103,0.0296,0.0451,0.657,0.301,0.3959,-0.0949,L4
震荡-3买,中枢进机会区 + 量比>=1.5,134,0.0707,0.0376,1.882,0.5522,0.3959,0.1563,L4
震荡-3买,量比>=2.0,117,0.066,0.0301,2.193,0.5897,0.3959,0.1938,L4
震荡-3买,量能金叉 + 量比>=2.0,60,0.0344,0.015,2.289,0.6,0.3959,0.2041,L4
震荡-3买,中枢进机会区 + 量比>=2.0,50,0.0258,0.0144,1.791,0.54,0.3959,0.1441,L4
震荡-3买,距60日高点>=0.85,663,0.2629,0.2431,1.081,0.4148,0.3959,0.0189,L4
震荡-3买,量能金叉 + 距60日高点>=0.85,154,0.0593,0.0576,1.028,0.4026,0.3959,0.0067,L4
震荡-3买,大盘安全 + 距60日高点>=0.85,499,0.1836,0.1924,0.954,0.3848,0.3959,-0.0111,L4
震荡-3买,偏多共振 + 距60日高点>=0.85,199,0.0679,0.0802,0.846,0.3568,0.3959,-0.0391,L4
震荡-3买,中枢进机会区 + 距60日高点>=0.85,280,0.1147,0.1003,1.144,0.4286,0.3959,0.0327,L4
震荡-3买,距60日高点>=0.9,206,0.0717,0.0821,0.874,0.3641,0.3959,-0.0318,L4
震荡-3买,量能金叉 + 距60日高点>=0.9,56,0.0172,0.0238,0.723,0.3214,0.3959,-0.0745,L4
震荡-3买,大盘安全 + 距60日高点>=0.9,148,0.0478,0.0614,0.778,0.3378,0.3959,-0.0581,L4
震荡-3买,偏多共振 + 距60日高点>=0.9,78,0.0229,0.0338,0.678,0.3077,0.3959,-0.0882,L4
震荡-3买,中枢进机会区 + 距60日高点>=0.9,71,0.0249,0.0282,0.882,0.3662,0.3959,-0.0297,L4
震荡-3买,距60日高点<=0.6,132,0.0468,0.052,0.901,0.3712,0.3959,-0.0247,L4
震荡-3买,距60日高点<=0.7,545,0.2046,0.2074,0.986,0.3927,0.3959,-0.0033,L4
震荡-3买,极限抄底 + 距60日高点<=0.7,85,0.0421,0.0257,1.637,0.5176,0.3959,0.1217,L4
震荡-3买,量能金叉 + 距60日高点<=0.7,56,0.0239,0.0194,1.23,0.4464,0.3959,0.0505,L4
震荡-3买,大盘安全 + 距60日高点<=0.7,237,0.0602,0.109,0.552,0.2658,0.3959,-0.1301,L4
震荡-3买,偏多共振 + 距60日高点<=0.7,53,0.0258,0.0163,1.584,0.5094,0.3959,0.1135,L4
震荡-3买,中枢进机会区 + 距60日高点<=0.7,155,0.0631,0.0558,1.132,0.4258,0.3959,0.0299,L4
震荡-3买,距60日高点<=0.8,1461,0.5516,0.5539,0.996,0.3949,0.3959,-0.001,L4
震荡-3买,极限抄底 + 距60日高点<=0.8,138,0.0774,0.0357,2.168,0.587,0.3959,0.191,L4
震荡-3买,量能金叉 + 距60日高点<=0.8,185,0.088,0.0583,1.509,0.4973,0.3959,0.1014,L4
震荡-3买,大盘安全 + 距60日高点<=0.8,783,0.2151,0.3496,0.615,0.2874,0.3959,-0.1086,L4
震荡-3买,偏多共振 + 距60日高点<=0.8,202,0.0908,0.067,1.355,0.4703,0.3959,0.0744,L4
震荡-3买,中枢进机会区 + 距60日高点<=0.8,574,0.2266,0.2112,1.073,0.4129,0.3959,0.017,L4
震荡-3买,距60日低点<=1.05,989,0.304,0.4204,0.723,0.3215,0.3959,-0.0744,L4
震荡-3买,量能金叉 + 距60日低点<=1.05,143,0.0488,0.0576,0.846,0.3566,0.3959,-0.0393,L4
震荡-3买,大盘安全 + 距60日低点<=1.05,679,0.1912,0.3001,0.637,0.2946,0.3959,-0.1014,L4
震荡-3买,偏多共振 + 距60日低点<=1.05,59,0.0296,0.0175,1.689,0.5254,0.3959,0.1295,L4
震荡-3买,中枢进机会区 + 距60日低点<=1.05,433,0.1329,0.1842,0.721,0.321,0.3959,-0.0749,L4
震荡-3买,距60日低点<=1.1,1463,0.4914,0.5946,0.826,0.3513,0.3959,-0.0446,L4
震荡-3买,极限抄底 + 距60日低点<=1.1,75,0.0325,0.0257,1.265,0.4533,0.3959,0.0574,L4
震荡-3买,量能金叉 + 距60日低点<=1.1,237,0.0908,0.089,1.021,0.4008,0.3959,0.0049,L4
震荡-3买,大盘安全 + 距60日低点<=1.1,965,0.2859,0.4173,0.685,0.3098,0.3959,-0.0861,L4
震荡-3买,偏多共振 + 距60日低点<=1.1,137,0.0612,0.0457,1.338,0.4672,0.3959,0.0712,L4
震荡-3买,中枢进机会区 + 距60日低点<=1.1,655,0.2247,0.2632,0.854,0.3588,0.3959,-0.0371,L4
震荡-3买,距60日低点<=1.2,2056,0.7868,0.7726,1.018,0.4003,0.3959,0.0044,L4
震荡-3买,极限抄底 + 距60日低点<=1.2,123,0.0707,0.0307,2.304,0.6016,0.3959,0.2057,L4
震荡-3买,量能金叉 + 距60日低点<=1.2,342,0.1577,0.1109,1.422,0.4825,0.3959,0.0865,L4
震荡-3买,大盘安全 + 距60日低点<=1.2,1282,0.3948,0.5445,0.725,0.3222,0.3959,-0.0738,L4
震荡-3买,偏多共振 + 距60日低点<=1.2,274,0.1195,0.0934,1.28,0.4562,0.3959,0.0603,L4
震荡-3买,中枢进机会区 + 距60日低点<=1.2,927,0.3662,0.3409,1.074,0.4132,0.3959,0.0172,L4
震荡-3买,相对强弱>=-5.0,1204,0.4111,0.485,0.848,0.3571,0.3959,-0.0388,L4
震荡-3买,量能金叉 + 相对强弱>=-5.0,217,0.0946,0.0739,1.28,0.4562,0.3959,0.0603,L4
震荡-3买,大盘安全 + 相对强弱>=-5.0,782,0.2228,0.344,0.648,0.298,0.3959,-0.098,L4
震荡-3买,偏多共振 + 相对强弱>=-5.0,222,0.086,0.0827,1.04,0.4054,0.3959,0.0095,L4
震荡-3买,中枢进机会区 + 相对强弱>=-5.0,529,0.1816,0.2124,0.855,0.3592,0.3959,-0.0367,L4
震荡-3买,相对强弱>=0.0,207,0.0736,0.0815,0.904,0.372,0.3959,-0.0239,L4
震荡-3买,量能金叉 + 相对强弱>=0.0,53,0.0229,0.0182,1.263,0.4528,0.3959,0.0569,L4
震荡-3买,大盘安全 + 相对强弱>=0.0,82,0.022,0.037,0.595,0.2805,0.3959,-0.1154,L4
震荡-3买,偏多共振 + 相对强弱>=0.0,55,0.0229,0.0194,1.181,0.4364,0.3959,0.0405,L4
震荡-3买,中枢进机会区 + 相对强弱>=0.0,99,0.0335,0.0401,0.834,0.3535,0.3959,-0.0424,L4
震荡-3买,S-六脉震荡［六脉6红首发 + SID等于2 + 量能递增］,617,0.2342,0.2331,1.005,0.3971,0.3959,0.0012,L5
震荡-3买,S-MACD金叉多头［MACD零轴上金叉 + 趋势多头 + 放量］,68,0.0277,0.0244,1.135,0.4265,0.3959,0.0306,L5
震荡-3买,S-中枢机会区［中枢进机会区 + 量比>=1.3］,216,0.1138,0.0608,1.872,0.5509,0.3959,0.155,L5
